>> /opt/amip/envs/emsim/bin/mpirun -n 32 /opt/amip/palace/bin/palace-x86_64.bin e1b_B_load.json

_____________     _______
_____   __   \____ __   /____ ____________
____   /_/  /  __ ` /  /  __ ` /  ___/  _ \
___   _____/  /_/  /  /  /_/  /  /__/  ___/
  /__/     \___,__/__/\___,__/\_____\_____/


[38;2;255;255;000m--> Warning![0m
Output folder is not empty; program will overwrite content! (postpro/e1b_B_load)
Git changeset ID: v0.17.0-293-g3c83b9db0
Running with 32 MPI processes, 1 OpenMP thread
Device configuration: omp,cpu
Memory configuration: host-std
libCEED backend: /cpu/self/xsmm/blocked

Added 10089 boundary elements for material interfaces to the mesh

Characteristic length and time scales:
 Lc = 2.140e-01 m, tc = 7.138e-01 ns
Finished partitioning mesh into 32 subdomains

Mesh curvature order: 2
Mesh bounding box:
 (Xmin, Ymin, Zmin) = (-8.674e-02, -1.070e-01, -6.000e-02) m
 (Xmax, Ymax, Zmax) = (+8.674e-02, +1.070e-01, +6.000e-02) m

Parallel Mesh Stats:

                minimum     average     maximum       total
 vertices           156         264         381        8466
 edges             1393        1727        2016       55272
 faces             2662        2871        3028       91873
 elements          1367        1408        1450       45066
 neighbors            7          11          18

            minimum     maximum
 h       0.00268978    0.175471
 kappa      1.04188     1826.81

Estimated current per-rank memory usage is: Min. 32.4M, Max. 67.7M, Avg. 34.1M, Total 1.1G
Estimated current per-node memory usage is: Min. 1.1G, Max. 1.1G, Avg. 1.1G, Total 1.1G

Configuring Dirichlet PEC BC at attributes:
 90

Assembling system matrices, number of global unknowns:
 H1 (p = 2): 63738, ND (p = 2): 294290, RT (p = 2): 410817
 Operator assembly level: Partial
 Mesh geometries:
  Tetrahedron: P = 20, Q = 14 (quadrature order = 4)

Configuring SLEPc eigenvalue solver:
 Scaling γ = 2.833e+04, δ = 5.237e-06
 Configuring divergence-free projection
 Using random starting vector
 Shift-and-invert σ = 1.050e+00 GHz (4.709e+00)

Assembling multigrid hierarchy:
 Level 0 (p = 1): 55272 unknowns
 Level 1 (p = 2): 294290 unknowns
 Level 0 (auxiliary) (p = 1): 8466 unknowns
 Level 1 (auxiliary) (p = 2): 63738 unknowns

#PETSc Option Table entries:
-eps_monitor # (source: code)
#End of PETSc Option Table entries

  Residual norms for GMRES solve
  0 (restart 0) KSP residual norm 2.780625e-04
  1 (restart 0) KSP residual norm 1.307232e-05
  2 (restart 0) KSP residual norm 1.448314e-06
  3 (restart 0) KSP residual norm 3.535326e-07
  4 (restart 0) KSP residual norm 1.042013e-07
  5 (restart 0) KSP residual norm 3.991119e-08
  6 (restart 0) KSP residual norm 1.753762e-08
  7 (restart 0) KSP residual norm 9.837501e-09
  8 (restart 0) KSP residual norm 6.540164e-09
  9 (restart 0) KSP residual norm 5.018982e-09
 10 (restart 0) KSP residual norm 4.316364e-09
 11 (restart 0) KSP residual norm 3.939397e-09
 12 (restart 0) KSP residual norm 3.461653e-09
 13 (restart 0) KSP residual norm 2.558228e-09
 14 (restart 0) KSP residual norm 1.494613e-09
 15 (restart 0) KSP residual norm 7.422607e-10
 16 (restart 0) KSP residual norm 3.733240e-10
 17 (restart 0) KSP residual norm 2.165764e-10
 18 (restart 0) KSP residual norm 1.482080e-10
 19 (restart 0) KSP residual norm 1.001571e-10
 20 (restart 0) KSP residual norm 5.633901e-11
 21 (restart 0) KSP residual norm 3.111330e-11
 22 (restart 0) KSP residual norm 1.904576e-11
 23 (restart 0) KSP residual norm 1.184378e-11
 24 (restart 0) KSP residual norm 7.688557e-12
 25 (restart 0) KSP residual norm 4.912619e-12
 26 (restart 0) KSP residual norm 2.922836e-12
 27 (restart 0) KSP residual norm 1.669351e-12
GMRES solver converged in 27 iterations (avg. reduction factor: 4.960e-01)
  Residual norms for GMRES solve
  0 (restart 0) KSP residual norm 2.077127e-02
  1 (restart 0) KSP residual norm 4.255239e-04
  2 (restart 0) KSP residual norm 3.446914e-05
  3 (restart 0) KSP residual norm 5.088111e-06
  4 (restart 0) KSP residual norm 1.574480e-06
  5 (restart 0) KSP residual norm 5.083361e-07
  6 (restart 0) KSP residual norm 2.042378e-07
  7 (restart 0) KSP residual norm 7.482386e-08
  8 (restart 0) KSP residual norm 2.779760e-08
  9 (restart 0) KSP residual norm 1.190258e-08
 10 (restart 0) KSP residual norm 6.910773e-09
 11 (restart 0) KSP residual norm 4.031376e-09
 12 (restart 0) KSP residual norm 2.239733e-09
 13 (restart 0) KSP residual norm 1.652784e-09
 14 (restart 0) KSP residual norm 1.515092e-09
 15 (restart 0) KSP residual norm 1.386869e-09
 16 (restart 0) KSP residual norm 1.193220e-09
 17 (restart 0) KSP residual norm 8.611939e-10
 18 (restart 0) KSP residual norm 4.221855e-10
 19 (restart 0) KSP residual norm 2.185865e-10
 20 (restart 0) KSP residual norm 1.492210e-10
GMRES solver converged in 20 iterations (avg. reduction factor: 3.916e-01)
  Residual norms for GMRES solve
  0 (restart 0) KSP residual norm 1.446205e-02
  1 (restart 0) KSP residual norm 3.313654e-04
  2 (restart 0) KSP residual norm 2.444505e-05
  3 (restart 0) KSP residual norm 4.387988e-06
  4 (restart 0) KSP residual norm 1.565532e-06
  5 (restart 0) KSP residual norm 6.313747e-07
  6 (restart 0) KSP residual norm 2.020101e-07
  7 (restart 0) KSP residual norm 6.081412e-08
  8 (restart 0) KSP residual norm 2.077076e-08
  9 (restart 0) KSP residual norm 9.106483e-09
 10 (restart 0) KSP residual norm 5.500091e-09
 11 (restart 0) KSP residual norm 3.950352e-09
 12 (restart 0) KSP residual norm 3.361795e-09
 13 (restart 0) KSP residual norm 3.181297e-09
 14 (restart 0) KSP residual norm 2.919382e-09
 15 (restart 0) KSP residual norm 2.304941e-09
 16 (restart 0) KSP residual norm 1.631321e-09
 17 (restart 0) KSP residual norm 8.945858e-10
 18 (restart 0) KSP residual norm 4.289101e-10
 19 (restart 0) KSP residual norm 2.656107e-10
 20 (restart 0) KSP residual norm 1.771019e-10
 21 (restart 0) KSP residual norm 1.025185e-10
GMRES solver converged in 21 iterations (avg. reduction factor: 4.092e-01)
  Residual norms for GMRES solve
  0 (restart 0) KSP residual norm 3.279461e-03
  1 (restart 0) KSP residual norm 1.411123e-04
  2 (restart 0) KSP residual norm 1.457077e-05
  3 (restart 0) KSP residual norm 3.390608e-06
  4 (restart 0) KSP residual norm 9.481019e-07
  5 (restart 0) KSP residual norm 3.171546e-07
  6 (restart 0) KSP residual norm 1.249155e-07
  7 (restart 0) KSP residual norm 4.740269e-08
  8 (restart 0) KSP residual norm 2.115529e-08
  9 (restart 0) KSP residual norm 1.331760e-08
 10 (restart 0) KSP residual norm 1.044184e-08
 11 (restart 0) KSP residual norm 8.211492e-09
 12 (restart 0) KSP residual norm 6.976578e-09
 13 (restart 0) KSP residual norm 6.293207e-09
 14 (restart 0) KSP residual norm 4.926246e-09
 15 (restart 0) KSP residual norm 2.600950e-09
 16 (restart 0) KSP residual norm 1.342984e-09
 17 (restart 0) KSP residual norm 6.842343e-10
 18 (restart 0) KSP residual norm 3.473988e-10
 19 (restart 0) KSP residual norm 2.188536e-10
 20 (restart 0) KSP residual norm 1.628483e-10
 21 (restart 0) KSP residual norm 1.101781e-10
 22 (restart 0) KSP residual norm 6.192677e-11
 23 (restart 0) KSP residual norm 3.535320e-11
 24 (restart 0) KSP residual norm 1.969633e-11
GMRES solver converged in 24 iterations (avg. reduction factor: 4.544e-01)
  Residual norms for GMRES solve
  0 (restart 0) KSP residual norm 4.055957e-03
  1 (restart 0) KSP residual norm 1.891326e-04
  2 (restart 0) KSP residual norm 1.919795e-05
  3 (restart 0) KSP residual norm 3.449763e-06
  4 (restart 0) KSP residual norm 9.328666e-07
  5 (restart 0) KSP residual norm 3.030041e-07
  6 (restart 0) KSP residual norm 1.057339e-07
  7 (restart 0) KSP residual norm 3.533618e-08
  8 (restart 0) KSP residual norm 1.794577e-08
  9 (restart 0) KSP residual norm 1.327598e-08
 10 (restart 0) KSP residual norm 1.199947e-08
 11 (restart 0) KSP residual norm 1.078730e-08
 12 (restart 0) KSP residual norm 9.115558e-09
 13 (restart 0) KSP residual norm 7.056058e-09
 14 (restart 0) KSP residual norm 4.550045e-09
 15 (restart 0) KSP residual norm 2.513380e-09
 16 (restart 0) KSP residual norm 1.323365e-09
 17 (restart 0) KSP residual norm 6.743228e-10
 18 (restart 0) KSP residual norm 4.092766e-10
 19 (restart 0) KSP residual norm 3.072114e-10
 20 (restart 0) KSP residual norm 2.200102e-10
 21 (restart 0) KSP residual norm 1.200701e-10
 22 (restart 0) KSP residual norm 5.920165e-11
 23 (restart 0) KSP residual norm 2.899415e-11
GMRES solver converged in 23 iterations (avg. reduction factor: 4.424e-01)
  Residual norms for GMRES solve
  0 (restart 0) KSP residual norm 3.884202e-03
  1 (restart 0) KSP residual norm 1.476228e-04
  2 (restart 0) KSP residual norm 1.873965e-05
  3 (restart 0) KSP residual norm 3.268674e-06
  4 (restart 0) KSP residual norm 8.717413e-07
  5 (restart 0) KSP residual norm 2.862732e-07
  6 (restart 0) KSP residual norm 1.095831e-07
  7 (restart 0) KSP residual norm 3.737772e-08
  8 (restart 0) KSP residual norm 1.754659e-08
  9 (restart 0) KSP residual norm 1.224460e-08
 10 (restart 0) KSP residual norm 1.109470e-08
 11 (restart 0) KSP residual norm 1.032399e-08
 12 (restart 0) KSP residual norm 9.441440e-09
 13 (restart 0) KSP residual norm 7.935461e-09
 14 (restart 0) KSP residual norm 5.124501e-09
 15 (restart 0) KSP residual norm 2.554436e-09
 16 (restart 0) KSP residual norm 1.314876e-09
 17 (restart 0) KSP residual norm 6.704335e-10
 18 (restart 0) KSP residual norm 3.677252e-10
 19 (restart 0) KSP residual norm 2.542694e-10
 20 (restart 0) KSP residual norm 1.855517e-10
 21 (restart 0) KSP residual norm 1.143494e-10
 22 (restart 0) KSP residual norm 6.363626e-11
 23 (restart 0) KSP residual norm 3.415619e-11
GMRES solver converged in 23 iterations (avg. reduction factor: 4.464e-01)
  Residual norms for GMRES solve
  0 (restart 0) KSP residual norm 3.604642e-03
  1 (restart 0) KSP residual norm 1.894160e-04
  2 (restart 0) KSP residual norm 1.202950e-05
  3 (restart 0) KSP residual norm 2.509059e-06
  4 (restart 0) KSP residual norm 6.537280e-07
  5 (restart 0) KSP residual norm 2.106541e-07
  6 (restart 0) KSP residual norm 9.130935e-08
  7 (restart 0) KSP residual norm 3.526209e-08
  8 (restart 0) KSP residual norm 1.592783e-08
  9 (restart 0) KSP residual norm 1.107304e-08
 10 (restart 0) KSP residual norm 9.666243e-09
 11 (restart 0) KSP residual norm 8.630030e-09
 12 (restart 0) KSP residual norm 7.766618e-09
 13 (restart 0) KSP residual norm 6.697044e-09
 14 (restart 0) KSP residual norm 4.540512e-09
 15 (restart 0) KSP residual norm 2.363117e-09
 16 (restart 0) KSP residual norm 1.313357e-09
 17 (restart 0) KSP residual norm 6.623421e-10
 18 (restart 0) KSP residual norm 3.279918e-10
 19 (restart 0) KSP residual norm 2.093727e-10
 20 (restart 0) KSP residual norm 1.391067e-10
 21 (restart 0) KSP residual norm 8.008506e-11
 22 (restart 0) KSP residual norm 4.811589e-11
 23 (restart 0) KSP residual norm 2.930537e-11
GMRES solver converged in 23 iterations (avg. reduction factor: 4.449e-01)
  Residual norms for GMRES solve
  0 (restart 0) KSP residual norm 3.026951e-03
  1 (restart 0) KSP residual norm 1.505740e-04
  2 (restart 0) KSP residual norm 1.022108e-05
  3 (restart 0) KSP residual norm 2.179243e-06
  4 (restart 0) KSP residual norm 5.438899e-07
  5 (restart 0) KSP residual norm 1.777261e-07
  6 (restart 0) KSP residual norm 6.722628e-08
  7 (restart 0) KSP residual norm 2.758025e-08
  8 (restart 0) KSP residual norm 1.472871e-08
  9 (restart 0) KSP residual norm 1.058696e-08
 10 (restart 0) KSP residual norm 8.856746e-09
 11 (restart 0) KSP residual norm 7.724566e-09
 12 (restart 0) KSP residual norm 6.924301e-09
 13 (restart 0) KSP residual norm 5.999276e-09
 14 (restart 0) KSP residual norm 4.129237e-09
 15 (restart 0) KSP residual norm 2.248747e-09
 16 (restart 0) KSP residual norm 1.177220e-09
 17 (restart 0) KSP residual norm 5.653521e-10
 18 (restart 0) KSP residual norm 3.270007e-10
 19 (restart 0) KSP residual norm 2.418504e-10
 20 (restart 0) KSP residual norm 1.730207e-10
 21 (restart 0) KSP residual norm 9.573719e-11
 22 (restart 0) KSP residual norm 4.981658e-11
 23 (restart 0) KSP residual norm 2.702966e-11
GMRES solver converged in 23 iterations (avg. reduction factor: 4.467e-01)
  Residual norms for GMRES solve
  0 (restart 0) KSP residual norm 5.047782e-03
  1 (restart 0) KSP residual norm 1.760151e-04
  2 (restart 0) KSP residual norm 1.192320e-05
  3 (restart 0) KSP residual norm 2.555048e-06
  4 (restart 0) KSP residual norm 6.888972e-07
  5 (restart 0) KSP residual norm 2.480570e-07
  6 (restart 0) KSP residual norm 9.241307e-08
  7 (restart 0) KSP residual norm 3.112565e-08
  8 (restart 0) KSP residual norm 1.239177e-08
  9 (restart 0) KSP residual norm 6.692859e-09
 10 (restart 0) KSP residual norm 4.535195e-09
 11 (restart 0) KSP residual norm 3.161237e-09
 12 (restart 0) KSP residual norm 2.492073e-09
 13 (restart 0) KSP residual norm 2.250767e-09
 14 (restart 0) KSP residual norm 2.012974e-09
 15 (restart 0) KSP residual norm 1.580420e-09
 16 (restart 0) KSP residual norm 1.019802e-09
 17 (restart 0) KSP residual norm 5.149843e-10
 18 (restart 0) KSP residual norm 2.606129e-10
 19 (restart 0) KSP residual norm 1.744267e-10
 20 (restart 0) KSP residual norm 1.281064e-10
 21 (restart 0) KSP residual norm 8.210838e-11
 22 (restart 0) KSP residual norm 5.078890e-11
 23 (restart 0) KSP residual norm 2.951365e-11
GMRES solver converged in 23 iterations (avg. reduction factor: 4.386e-01)
  Residual norms for GMRES solve
  0 (restart 0) KSP residual norm 3.783272e-03
  1 (restart 0) KSP residual norm 2.157957e-04
  2 (restart 0) KSP residual norm 1.628703e-05
  3 (restart 0) KSP residual norm 3.192454e-06
  4 (restart 0) KSP residual norm 9.104252e-07
  5 (restart 0) KSP residual norm 3.236048e-07
  6 (restart 0) KSP residual norm 1.214818e-07
  7 (restart 0) KSP residual norm 3.898314e-08
  8 (restart 0) KSP residual norm 1.634850e-08
  9 (restart 0) KSP residual norm 9.227806e-09
 10 (restart 0) KSP residual norm 6.358293e-09
 11 (restart 0) KSP residual norm 4.897427e-09
 12 (restart 0) KSP residual norm 4.523538e-09
 13 (restart 0) KSP residual norm 4.308888e-09
 14 (restart 0) KSP residual norm 3.714058e-09
 15 (restart 0) KSP residual norm 2.307332e-09
 16 (restart 0) KSP residual norm 1.245756e-09
 17 (restart 0) KSP residual norm 6.289613e-10
 18 (restart 0) KSP residual norm 3.094363e-10
 19 (restart 0) KSP residual norm 1.915410e-10
 20 (restart 0) KSP residual norm 1.266166e-10
 21 (restart 0) KSP residual norm 7.509055e-11
 22 (restart 0) KSP residual norm 4.753490e-11
 23 (restart 0) KSP residual norm 3.025685e-11
GMRES solver converged in 23 iterations (avg. reduction factor: 4.446e-01)
  Residual norms for GMRES solve
  0 (restart 0) KSP residual norm 4.607259e-03
  1 (restart 0) KSP residual norm 1.859368e-04
  2 (restart 0) KSP residual norm 1.976154e-05
  3 (restart 0) KSP residual norm 4.263696e-06
  4 (restart 0) KSP residual norm 1.238526e-06
  5 (restart 0) KSP residual norm 4.565909e-07
  6 (restart 0) KSP residual norm 1.602566e-07
  7 (restart 0) KSP residual norm 4.552894e-08
  8 (restart 0) KSP residual norm 1.624367e-08
  9 (restart 0) KSP residual norm 7.699663e-09
 10 (restart 0) KSP residual norm 5.839001e-09
 11 (restart 0) KSP residual norm 4.858390e-09
 12 (restart 0) KSP residual norm 4.473387e-09
 13 (restart 0) KSP residual norm 4.248768e-09
 14 (restart 0) KSP residual norm 3.720079e-09
 15 (restart 0) KSP residual norm 2.489917e-09
 16 (restart 0) KSP residual norm 1.379084e-09
 17 (restart 0) KSP residual norm 6.918747e-10
 18 (restart 0) KSP residual norm 3.057590e-10
 19 (restart 0) KSP residual norm 1.822894e-10
 20 (restart 0) KSP residual norm 1.234358e-10
 21 (restart 0) KSP residual norm 7.752238e-11
 22 (restart 0) KSP residual norm 5.046527e-11
 23 (restart 0) KSP residual norm 3.168737e-11
GMRES solver converged in 23 iterations (avg. reduction factor: 4.417e-01)
  Residual norms for GMRES solve
  0 (restart 0) KSP residual norm 5.893165e-03
  1 (restart 0) KSP residual norm 2.109089e-04
  2 (restart 0) KSP residual norm 1.327323e-05
  3 (restart 0) KSP residual norm 2.758345e-06
  4 (restart 0) KSP residual norm 6.896627e-07
  5 (restart 0) KSP residual norm 2.257713e-07
  6 (restart 0) KSP residual norm 8.781177e-08
  7 (restart 0) KSP residual norm 3.376069e-08
  8 (restart 0) KSP residual norm 1.495937e-08
  9 (restart 0) KSP residual norm 1.039350e-08
 10 (restart 0) KSP residual norm 9.446051e-09
 11 (restart 0) KSP residual norm 8.679787e-09
 12 (restart 0) KSP residual norm 7.316243e-09
 13 (restart 0) KSP residual norm 5.833049e-09
 14 (restart 0) KSP residual norm 3.962635e-09
 15 (restart 0) KSP residual norm 2.072331e-09
 16 (restart 0) KSP residual norm 1.149727e-09
 17 (restart 0) KSP residual norm 6.095422e-10
 18 (restart 0) KSP residual norm 2.867214e-10
 19 (restart 0) KSP residual norm 1.584786e-10
 20 (restart 0) KSP residual norm 1.079633e-10
 21 (restart 0) KSP residual norm 7.061723e-11
 22 (restart 0) KSP residual norm 4.501317e-11
GMRES solver converged in 22 iterations (avg. reduction factor: 4.276e-01)
  Residual norms for GMRES solve
  0 (restart 0) KSP residual norm 1.860630e-03
  1 (restart 0) KSP residual norm 1.137480e-04
  2 (restart 0) KSP residual norm 1.148865e-05
  3 (restart 0) KSP residual norm 2.797129e-06
  4 (restart 0) KSP residual norm 7.056456e-07
  5 (restart 0) KSP residual norm 2.338629e-07
  6 (restart 0) KSP residual norm 9.455988e-08
  7 (restart 0) KSP residual norm 3.391614e-08
  8 (restart 0) KSP residual norm 1.433976e-08
  9 (restart 0) KSP residual norm 9.787154e-09
 10 (restart 0) KSP residual norm 8.974152e-09
 11 (restart 0) KSP residual norm 8.404859e-09
 12 (restart 0) KSP residual norm 7.520185e-09
 13 (restart 0) KSP residual norm 5.932777e-09
 14 (restart 0) KSP residual norm 3.537496e-09
 15 (restart 0) KSP residual norm 1.722619e-09
 16 (restart 0) KSP residual norm 8.924846e-10
 17 (restart 0) KSP residual norm 4.475111e-10
 18 (restart 0) KSP residual norm 2.029345e-10
 19 (restart 0) KSP residual norm 9.950943e-11
 20 (restart 0) KSP residual norm 6.146336e-11
 21 (restart 0) KSP residual norm 4.171312e-11
 22 (restart 0) KSP residual norm 2.795126e-11
 23 (restart 0) KSP residual norm 1.900517e-11
 24 (restart 0) KSP residual norm 1.104072e-11
GMRES solver converged in 24 iterations (avg. reduction factor: 4.542e-01)
  Residual norms for GMRES solve
  0 (restart 0) KSP residual norm 5.470951e-03
  1 (restart 0) KSP residual norm 1.830809e-04
  2 (restart 0) KSP residual norm 1.250652e-05
  3 (restart 0) KSP residual norm 2.352492e-06
  4 (restart 0) KSP residual norm 5.846743e-07
  5 (restart 0) KSP residual norm 1.789288e-07
  6 (restart 0) KSP residual norm 5.977480e-08
  7 (restart 0) KSP residual norm 2.955233e-08
  8 (restart 0) KSP residual norm 1.681068e-08
  9 (restart 0) KSP residual norm 9.400460e-09
 10 (restart 0) KSP residual norm 6.205390e-09
 11 (restart 0) KSP residual norm 5.364454e-09
 12 (restart 0) KSP residual norm 5.150305e-09
 13 (restart 0) KSP residual norm 4.960725e-09
 14 (restart 0) KSP residual norm 4.138924e-09
 15 (restart 0) KSP residual norm 2.192728e-09
 16 (restart 0) KSP residual norm 1.061969e-09
 17 (restart 0) KSP residual norm 5.613865e-10
 18 (restart 0) KSP residual norm 2.764973e-10
 19 (restart 0) KSP residual norm 1.452974e-10
 20 (restart 0) KSP residual norm 1.002853e-10
 21 (restart 0) KSP residual norm 7.058046e-11
 22 (restart 0) KSP residual norm 4.272904e-11
GMRES solver converged in 22 iterations (avg. reduction factor: 4.280e-01)
  Residual norms for GMRES solve
  0 (restart 0) KSP residual norm 3.342617e-03
  1 (restart 0) KSP residual norm 1.342879e-04
  2 (restart 0) KSP residual norm 1.057497e-05
  3 (restart 0) KSP residual norm 2.335340e-06
  4 (restart 0) KSP residual norm 6.111509e-07
  5 (restart 0) KSP residual norm 2.131989e-07
  6 (restart 0) KSP residual norm 8.229703e-08
  7 (restart 0) KSP residual norm 3.007393e-08
  8 (restart 0) KSP residual norm 1.320481e-08
  9 (restart 0) KSP residual norm 7.790380e-09
 10 (restart 0) KSP residual norm 5.575392e-09
 11 (restart 0) KSP residual norm 4.148846e-09
 12 (restart 0) KSP residual norm 3.579850e-09
 13 (restart 0) KSP residual norm 3.305194e-09
 14 (restart 0) KSP residual norm 2.842280e-09
 15 (restart 0) KSP residual norm 1.885362e-09
 16 (restart 0) KSP residual norm 1.123232e-09
 17 (restart 0) KSP residual norm 6.056119e-10
 18 (restart 0) KSP residual norm 3.311701e-10
 19 (restart 0) KSP residual norm 2.205087e-10
 20 (restart 0) KSP residual norm 1.545294e-10
 21 (restart 0) KSP residual norm 9.736358e-11
 22 (restart 0) KSP residual norm 6.051469e-11
 23 (restart 0) KSP residual norm 3.711700e-11
 24 (restart 0) KSP residual norm 2.052076e-11
GMRES solver converged in 24 iterations (avg. reduction factor: 4.548e-01)
  Residual norms for GMRES solve
  0 (restart 0) KSP residual norm 3.019765e-03
  1 (restart 0) KSP residual norm 1.194360e-04
  2 (restart 0) KSP residual norm 1.024333e-05
  3 (restart 0) KSP residual norm 2.575290e-06
  4 (restart 0) KSP residual norm 7.202929e-07
  5 (restart 0) KSP residual norm 2.775797e-07
  6 (restart 0) KSP residual norm 9.813723e-08
  7 (restart 0) KSP residual norm 3.024566e-08
  8 (restart 0) KSP residual norm 1.048844e-08
  9 (restart 0) KSP residual norm 5.450159e-09
 10 (restart 0) KSP residual norm 3.730696e-09
 11 (restart 0) KSP residual norm 2.478595e-09
 12 (restart 0) KSP residual norm 1.950544e-09
 13 (restart 0) KSP residual norm 1.769926e-09
 14 (restart 0) KSP residual norm 1.582270e-09
 15 (restart 0) KSP residual norm 1.264334e-09
 16 (restart 0) KSP residual norm 8.663503e-10
 17 (restart 0) KSP residual norm 4.812455e-10
 18 (restart 0) KSP residual norm 2.708580e-10
 19 (restart 0) KSP residual norm 1.818161e-10
 20 (restart 0) KSP residual norm 1.269550e-10
 21 (restart 0) KSP residual norm 8.169641e-11
 22 (restart 0) KSP residual norm 5.058857e-11
 23 (restart 0) KSP residual norm 2.875638e-11
GMRES solver converged in 23 iterations (avg. reduction factor: 4.480e-01)
  Residual norms for GMRES solve
  0 (restart 0) KSP residual norm 1.467235e-03
  1 (restart 0) KSP residual norm 9.461253e-05
  2 (restart 0) KSP residual norm 1.011526e-05
  3 (restart 0) KSP residual norm 2.261578e-06
  4 (restart 0) KSP residual norm 6.303357e-07
  5 (restart 0) KSP residual norm 2.338323e-07
  6 (restart 0) KSP residual norm 8.173792e-08
  7 (restart 0) KSP residual norm 2.811984e-08
  8 (restart 0) KSP residual norm 1.261932e-08
  9 (restart 0) KSP residual norm 9.034192e-09
 10 (restart 0) KSP residual norm 8.139991e-09
 11 (restart 0) KSP residual norm 7.525052e-09
 12 (restart 0) KSP residual norm 6.767513e-09
 13 (restart 0) KSP residual norm 5.682788e-09
 14 (restart 0) KSP residual norm 3.653155e-09
 15 (restart 0) KSP residual norm 1.820290e-09
 16 (restart 0) KSP residual norm 9.488758e-10
 17 (restart 0) KSP residual norm 4.811906e-10
 18 (restart 0) KSP residual norm 2.707894e-10
 19 (restart 0) KSP residual norm 1.907239e-10
 20 (restart 0) KSP residual norm 1.392759e-10
 21 (restart 0) KSP residual norm 8.275537e-11
 22 (restart 0) KSP residual norm 4.299943e-11
 23 (restart 0) KSP residual norm 2.288879e-11
 24 (restart 0) KSP residual norm 1.235315e-11
GMRES solver converged in 24 iterations (avg. reduction factor: 4.608e-01)
  Residual norms for GMRES solve
  0 (restart 0) KSP residual norm 2.043626e-03
  1 (restart 0) KSP residual norm 1.215954e-04
  2 (restart 0) KSP residual norm 9.966384e-06
  3 (restart 0) KSP residual norm 2.549049e-06
  4 (restart 0) KSP residual norm 6.391375e-07
  5 (restart 0) KSP residual norm 2.188538e-07
  6 (restart 0) KSP residual norm 8.297773e-08
  7 (restart 0) KSP residual norm 3.170633e-08
  8 (restart 0) KSP residual norm 1.743165e-08
  9 (restart 0) KSP residual norm 1.385192e-08
 10 (restart 0) KSP residual norm 1.258218e-08
 11 (restart 0) KSP residual norm 1.188803e-08
 12 (restart 0) KSP residual norm 1.119204e-08
 13 (restart 0) KSP residual norm 9.115964e-09
 14 (restart 0) KSP residual norm 4.964254e-09
 15 (restart 0) KSP residual norm 2.297715e-09
 16 (restart 0) KSP residual norm 1.051927e-09
 17 (restart 0) KSP residual norm 4.673249e-10
 18 (restart 0) KSP residual norm 2.382876e-10
 19 (restart 0) KSP residual norm 1.500681e-10
 20 (restart 0) KSP residual norm 1.082542e-10
 21 (restart 0) KSP residual norm 7.352203e-11
 22 (restart 0) KSP residual norm 4.534743e-11
 23 (restart 0) KSP residual norm 2.464141e-11
 24 (restart 0) KSP residual norm 1.287158e-11
GMRES solver converged in 24 iterations (avg. reduction factor: 4.553e-01)
  Residual norms for GMRES solve
  0 (restart 0) KSP residual norm 1.841544e-03
  1 (restart 0) KSP residual norm 6.649360e-05
  2 (restart 0) KSP residual norm 8.143291e-06
  3 (restart 0) KSP residual norm 2.060457e-06
  4 (restart 0) KSP residual norm 6.169059e-07
  5 (restart 0) KSP residual norm 2.172469e-07
  6 (restart 0) KSP residual norm 7.682679e-08
  7 (restart 0) KSP residual norm 3.117975e-08
  8 (restart 0) KSP residual norm 1.771144e-08
  9 (restart 0) KSP residual norm 1.236985e-08
 10 (restart 0) KSP residual norm 9.794102e-09
 11 (restart 0) KSP residual norm 8.728822e-09
 12 (restart 0) KSP residual norm 8.107842e-09
 13 (restart 0) KSP residual norm 6.979851e-09
 14 (restart 0) KSP residual norm 4.654590e-09
 15 (restart 0) KSP residual norm 2.394749e-09
 16 (restart 0) KSP residual norm 1.073929e-09
 17 (restart 0) KSP residual norm 4.655548e-10
 18 (restart 0) KSP residual norm 2.302057e-10
 19 (restart 0) KSP residual norm 1.404593e-10
 20 (restart 0) KSP residual norm 9.552445e-11
 21 (restart 0) KSP residual norm 6.643982e-11
 22 (restart 0) KSP residual norm 4.205458e-11
 23 (restart 0) KSP residual norm 2.288943e-11
 24 (restart 0) KSP residual norm 1.304964e-11
GMRES solver converged in 24 iterations (avg. reduction factor: 4.575e-01)
  Residual norms for GMRES solve
  0 (restart 0) KSP residual norm 1.876600e-03
  1 (restart 0) KSP residual norm 1.249344e-04
  2 (restart 0) KSP residual norm 1.069526e-05
  3 (restart 0) KSP residual norm 2.752824e-06
  4 (restart 0) KSP residual norm 6.374192e-07
  5 (restart 0) KSP residual norm 2.051972e-07
  6 (restart 0) KSP residual norm 7.153862e-08
  7 (restart 0) KSP residual norm 3.046112e-08
  8 (restart 0) KSP residual norm 1.668816e-08
  9 (restart 0) KSP residual norm 1.102955e-08
 10 (restart 0) KSP residual norm 8.086239e-09
 11 (restart 0) KSP residual norm 7.050755e-09
 12 (restart 0) KSP residual norm 6.753523e-09
 13 (restart 0) KSP residual norm 6.179588e-09
 14 (restart 0) KSP residual norm 4.264799e-09
 15 (restart 0) KSP residual norm 2.161807e-09
 16 (restart 0) KSP residual norm 1.007739e-09
 17 (restart 0) KSP residual norm 4.686441e-10
 18 (restart 0) KSP residual norm 2.400079e-10
 19 (restart 0) KSP residual norm 1.510487e-10
 20 (restart 0) KSP residual norm 1.050053e-10
 21 (restart 0) KSP residual norm 7.078340e-11
 22 (restart 0) KSP residual norm 4.381747e-11
 23 (restart 0) KSP residual norm 2.557153e-11
 24 (restart 0) KSP residual norm 1.465025e-11
GMRES solver converged in 24 iterations (avg. reduction factor: 4.594e-01)
  Residual norms for GMRES solve
  0 (restart 0) KSP residual norm 1.775913e-03
  1 (restart 0) KSP residual norm 1.106303e-04
  2 (restart 0) KSP residual norm 1.153073e-05
  3 (restart 0) KSP residual norm 2.700271e-06
  4 (restart 0) KSP residual norm 6.421792e-07
  5 (restart 0) KSP residual norm 1.886547e-07
  6 (restart 0) KSP residual norm 6.672944e-08
  7 (restart 0) KSP residual norm 2.697243e-08
  8 (restart 0) KSP residual norm 1.334075e-08
  9 (restart 0) KSP residual norm 7.227073e-09
 10 (restart 0) KSP residual norm 4.319882e-09
 11 (restart 0) KSP residual norm 3.097674e-09
 12 (restart 0) KSP residual norm 2.787928e-09
 13 (restart 0) KSP residual norm 2.682056e-09
 14 (restart 0) KSP residual norm 2.447232e-09
 15 (restart 0) KSP residual norm 1.776527e-09
 16 (restart 0) KSP residual norm 1.024431e-09
 17 (restart 0) KSP residual norm 5.835218e-10
 18 (restart 0) KSP residual norm 3.693175e-10
 19 (restart 0) KSP residual norm 2.642811e-10
 20 (restart 0) KSP residual norm 1.811153e-10
 21 (restart 0) KSP residual norm 1.045624e-10
 22 (restart 0) KSP residual norm 5.540560e-11
 23 (restart 0) KSP residual norm 3.275380e-11
 24 (restart 0) KSP residual norm 2.002942e-11
 25 (restart 0) KSP residual norm 1.237725e-11
GMRES solver converged in 25 iterations (avg. reduction factor: 4.718e-01)
  Residual norms for GMRES solve
  0 (restart 0) KSP residual norm 1.525083e-03
  1 (restart 0) KSP residual norm 9.771842e-05
  2 (restart 0) KSP residual norm 1.031834e-05
  3 (restart 0) KSP residual norm 2.502677e-06
  4 (restart 0) KSP residual norm 5.954019e-07
  5 (restart 0) KSP residual norm 1.714760e-07
  6 (restart 0) KSP residual norm 6.347016e-08
  7 (restart 0) KSP residual norm 2.881483e-08
  8 (restart 0) KSP residual norm 1.540637e-08
  9 (restart 0) KSP residual norm 8.612088e-09
 10 (restart 0) KSP residual norm 5.119120e-09
 11 (restart 0) KSP residual norm 3.294641e-09
 12 (restart 0) KSP residual norm 2.681548e-09
 13 (restart 0) KSP residual norm 2.419521e-09
 14 (restart 0) KSP residual norm 2.125043e-09
 15 (restart 0) KSP residual norm 1.545468e-09
 16 (restart 0) KSP residual norm 9.178851e-10
 17 (restart 0) KSP residual norm 5.536599e-10
 18 (restart 0) KSP residual norm 3.547882e-10
 19 (restart 0) KSP residual norm 2.504879e-10
 20 (restart 0) KSP residual norm 1.772709e-10
 21 (restart 0) KSP residual norm 9.832173e-11
 22 (restart 0) KSP residual norm 4.847651e-11
 23 (restart 0) KSP residual norm 2.695122e-11
 24 (restart 0) KSP residual norm 1.551814e-11
 25 (restart 0) KSP residual norm 8.718417e-12
GMRES solver converged in 25 iterations (avg. reduction factor: 4.680e-01)
  Residual norms for GMRES solve
  0 (restart 0) KSP residual norm 1.811679e-03
  1 (restart 0) KSP residual norm 7.525870e-05
  2 (restart 0) KSP residual norm 1.071153e-05
  3 (restart 0) KSP residual norm 2.820112e-06
  4 (restart 0) KSP residual norm 7.538693e-07
  5 (restart 0) KSP residual norm 2.707856e-07
  6 (restart 0) KSP residual norm 1.041014e-07
  7 (restart 0) KSP residual norm 3.645259e-08
  8 (restart 0) KSP residual norm 1.353382e-08
  9 (restart 0) KSP residual norm 7.183685e-09
 10 (restart 0) KSP residual norm 5.604156e-09
 11 (restart 0) KSP residual norm 4.937458e-09
 12 (restart 0) KSP residual norm 4.674292e-09
 13 (restart 0) KSP residual norm 4.406300e-09
 14 (restart 0) KSP residual norm 3.559139e-09
 15 (restart 0) KSP residual norm 2.126880e-09
 16 (restart 0) KSP residual norm 1.145663e-09
 17 (restart 0) KSP residual norm 6.183305e-10
 18 (restart 0) KSP residual norm 3.438194e-10
 19 (restart 0) KSP residual norm 2.417970e-10
 20 (restart 0) KSP residual norm 1.705682e-10
 21 (restart 0) KSP residual norm 9.357406e-11
 22 (restart 0) KSP residual norm 4.965687e-11
 23 (restart 0) KSP residual norm 3.037254e-11
 24 (restart 0) KSP residual norm 1.854268e-11
 25 (restart 0) KSP residual norm 1.124478e-11
GMRES solver converged in 25 iterations (avg. reduction factor: 4.696e-01)
  Residual norms for GMRES solve
  0 (restart 0) KSP residual norm 1.634115e-03
  1 (restart 0) KSP residual norm 1.084509e-04
  2 (restart 0) KSP residual norm 1.026128e-05
  3 (restart 0) KSP residual norm 2.624783e-06
  4 (restart 0) KSP residual norm 6.457561e-07
  5 (restart 0) KSP residual norm 2.089286e-07
  6 (restart 0) KSP residual norm 7.077199e-08
  7 (restart 0) KSP residual norm 2.629315e-08
  8 (restart 0) KSP residual norm 1.446207e-08
  9 (restart 0) KSP residual norm 1.122682e-08
 10 (restart 0) KSP residual norm 9.881512e-09
 11 (restart 0) KSP residual norm 8.785793e-09
 12 (restart 0) KSP residual norm 7.796065e-09
 13 (restart 0) KSP residual norm 6.338519e-09
 14 (restart 0) KSP residual norm 4.221960e-09
 15 (restart 0) KSP residual norm 2.264388e-09
 16 (restart 0) KSP residual norm 1.074581e-09
 17 (restart 0) KSP residual norm 5.222841e-10
 18 (restart 0) KSP residual norm 2.924371e-10
 19 (restart 0) KSP residual norm 2.034564e-10
 20 (restart 0) KSP residual norm 1.463423e-10
 21 (restart 0) KSP residual norm 9.187415e-11
 22 (restart 0) KSP residual norm 5.427728e-11
 23 (restart 0) KSP residual norm 2.978975e-11
 24 (restart 0) KSP residual norm 1.584343e-11
GMRES solver converged in 24 iterations (avg. reduction factor: 4.636e-01)
  Residual norms for GMRES solve
  0 (restart 0) KSP residual norm 1.014537e-03
  1 (restart 0) KSP residual norm 6.061841e-05
  2 (restart 0) KSP residual norm 8.391982e-06
  3 (restart 0) KSP residual norm 2.200508e-06
  4 (restart 0) KSP residual norm 4.889487e-07
  5 (restart 0) KSP residual norm 1.670012e-07
  6 (restart 0) KSP residual norm 6.190916e-08
  7 (restart 0) KSP residual norm 2.892656e-08
  8 (restart 0) KSP residual norm 1.828779e-08
  9 (restart 0) KSP residual norm 1.500956e-08
 10 (restart 0) KSP residual norm 1.381576e-08
 11 (restart 0) KSP residual norm 1.284521e-08
 12 (restart 0) KSP residual norm 1.126181e-08
 13 (restart 0) KSP residual norm 8.508086e-09
 14 (restart 0) KSP residual norm 4.732316e-09
 15 (restart 0) KSP residual norm 2.017490e-09
 16 (restart 0) KSP residual norm 9.172298e-10
 17 (restart 0) KSP residual norm 4.786375e-10
 18 (restart 0) KSP residual norm 2.338226e-10
 19 (restart 0) KSP residual norm 1.374931e-10
 20 (restart 0) KSP residual norm 9.875132e-11
 21 (restart 0) KSP residual norm 6.655624e-11
 22 (restart 0) KSP residual norm 4.045304e-11
 23 (restart 0) KSP residual norm 2.386807e-11
 24 (restart 0) KSP residual norm 1.296098e-11
 25 (restart 0) KSP residual norm 7.060881e-12
GMRES solver converged in 25 iterations (avg. reduction factor: 4.717e-01)
  Residual norms for GMRES solve
  0 (restart 0) KSP residual norm 9.860396e-04
  1 (restart 0) KSP residual norm 7.420315e-05
  2 (restart 0) KSP residual norm 9.048938e-06
  3 (restart 0) KSP residual norm 2.231262e-06
  4 (restart 0) KSP residual norm 5.453292e-07
  5 (restart 0) KSP residual norm 1.762925e-07
  6 (restart 0) KSP residual norm 7.160183e-08
  7 (restart 0) KSP residual norm 3.328803e-08
  8 (restart 0) KSP residual norm 1.750957e-08
  9 (restart 0) KSP residual norm 1.125282e-08
 10 (restart 0) KSP residual norm 9.037425e-09
 11 (restart 0) KSP residual norm 8.207588e-09
 12 (restart 0) KSP residual norm 7.812413e-09
 13 (restart 0) KSP residual norm 7.079055e-09
 14 (restart 0) KSP residual norm 4.718747e-09
 15 (restart 0) KSP residual norm 2.037030e-09
 16 (restart 0) KSP residual norm 9.804410e-10
 17 (restart 0) KSP residual norm 4.978331e-10
 18 (restart 0) KSP residual norm 2.380842e-10
 19 (restart 0) KSP residual norm 1.358452e-10
 20 (restart 0) KSP residual norm 8.987187e-11
 21 (restart 0) KSP residual norm 5.552589e-11
 22 (restart 0) KSP residual norm 3.462887e-11
 23 (restart 0) KSP residual norm 2.272959e-11
 24 (restart 0) KSP residual norm 1.346208e-11
 25 (restart 0) KSP residual norm 7.561981e-12
GMRES solver converged in 25 iterations (avg. reduction factor: 4.736e-01)
  Residual norms for GMRES solve
  0 (restart 0) KSP residual norm 1.222442e-03
  1 (restart 0) KSP residual norm 6.097674e-05
  2 (restart 0) KSP residual norm 9.581131e-06
  3 (restart 0) KSP residual norm 2.025833e-06
  4 (restart 0) KSP residual norm 5.807128e-07
  5 (restart 0) KSP residual norm 1.781504e-07
  6 (restart 0) KSP residual norm 6.305952e-08
  7 (restart 0) KSP residual norm 2.576394e-08
  8 (restart 0) KSP residual norm 1.045395e-08
  9 (restart 0) KSP residual norm 4.705697e-09
 10 (restart 0) KSP residual norm 2.674892e-09
 11 (restart 0) KSP residual norm 1.409876e-09
 12 (restart 0) KSP residual norm 6.363459e-10
 13 (restart 0) KSP residual norm 4.200353e-10
 14 (restart 0) KSP residual norm 3.505188e-10
 15 (restart 0) KSP residual norm 3.134097e-10
 16 (restart 0) KSP residual norm 2.793336e-10
 17 (restart 0) KSP residual norm 2.398510e-10
 18 (restart 0) KSP residual norm 1.817640e-10
 19 (restart 0) KSP residual norm 1.320974e-10
 20 (restart 0) KSP residual norm 9.364202e-11
 21 (restart 0) KSP residual norm 5.590429e-11
 22 (restart 0) KSP residual norm 3.207350e-11
 23 (restart 0) KSP residual norm 1.917643e-11
 24 (restart 0) KSP residual norm 1.004133e-11
GMRES solver converged in 24 iterations (avg. reduction factor: 4.604e-01)
  Residual norms for GMRES solve
  0 (restart 0) KSP residual norm 1.395920e-03
  1 (restart 0) KSP residual norm 6.602132e-05
  2 (restart 0) KSP residual norm 8.653524e-06
  3 (restart 0) KSP residual norm 2.175581e-06
  4 (restart 0) KSP residual norm 6.031906e-07
  5 (restart 0) KSP residual norm 1.954036e-07
  6 (restart 0) KSP residual norm 7.417178e-08
  7 (restart 0) KSP residual norm 3.406178e-08
  8 (restart 0) KSP residual norm 1.882726e-08
  9 (restart 0) KSP residual norm 1.094016e-08
 10 (restart 0) KSP residual norm 7.186950e-09
 11 (restart 0) KSP residual norm 5.399398e-09
 12 (restart 0) KSP residual norm 4.414530e-09
 13 (restart 0) KSP residual norm 3.925749e-09
 14 (restart 0) KSP residual norm 3.414362e-09
 15 (restart 0) KSP residual norm 2.111980e-09
 16 (restart 0) KSP residual norm 1.039161e-09
 17 (restart 0) KSP residual norm 5.293431e-10
 18 (restart 0) KSP residual norm 2.771898e-10
 19 (restart 0) KSP residual norm 1.689825e-10
 20 (restart 0) KSP residual norm 1.236875e-10
 21 (restart 0) KSP residual norm 8.176606e-11
 22 (restart 0) KSP residual norm 4.440855e-11
 23 (restart 0) KSP residual norm 2.592220e-11
 24 (restart 0) KSP residual norm 1.633177e-11
 25 (restart 0) KSP residual norm 9.344373e-12
GMRES solver converged in 25 iterations (avg. reduction factor: 4.710e-01)
  Residual norms for GMRES solve
  0 (restart 0) KSP residual norm 8.382282e-04
  1 (restart 0) KSP residual norm 4.601965e-05
  2 (restart 0) KSP residual norm 6.581798e-06
  3 (restart 0) KSP residual norm 1.561012e-06
  4 (restart 0) KSP residual norm 3.992974e-07
  5 (restart 0) KSP residual norm 1.373661e-07
  6 (restart 0) KSP residual norm 5.429405e-08
  7 (restart 0) KSP residual norm 2.674927e-08
  8 (restart 0) KSP residual norm 1.742973e-08
  9 (restart 0) KSP residual norm 1.456751e-08
 10 (restart 0) KSP residual norm 1.307083e-08
 11 (restart 0) KSP residual norm 1.177336e-08
 12 (restart 0) KSP residual norm 1.001015e-08
 13 (restart 0) KSP residual norm 7.589788e-09
 14 (restart 0) KSP residual norm 4.666644e-09
 15 (restart 0) KSP residual norm 2.129389e-09
 16 (restart 0) KSP residual norm 9.643519e-10
 17 (restart 0) KSP residual norm 4.878477e-10
 18 (restart 0) KSP residual norm 2.661768e-10
 19 (restart 0) KSP residual norm 1.726162e-10
 20 (restart 0) KSP residual norm 1.252000e-10
 21 (restart 0) KSP residual norm 7.888793e-11
 22 (restart 0) KSP residual norm 4.279259e-11
 23 (restart 0) KSP residual norm 2.527675e-11
 24 (restart 0) KSP residual norm 1.481891e-11
 25 (restart 0) KSP residual norm 8.425347e-12
 26 (restart 0) KSP residual norm 5.291279e-12
GMRES solver converged in 26 iterations (avg. reduction factor: 4.838e-01)
  Residual norms for GMRES solve
  0 (restart 0) KSP residual norm 1.073724e-03
  1 (restart 0) KSP residual norm 7.488684e-05
  2 (restart 0) KSP residual norm 9.425102e-06
  3 (restart 0) KSP residual norm 2.429031e-06
  4 (restart 0) KSP residual norm 5.688174e-07
  5 (restart 0) KSP residual norm 1.778954e-07
  6 (restart 0) KSP residual norm 6.138202e-08
  7 (restart 0) KSP residual norm 2.807275e-08
  8 (restart 0) KSP residual norm 1.821189e-08
  9 (restart 0) KSP residual norm 1.514932e-08
 10 (restart 0) KSP residual norm 1.389519e-08
 11 (restart 0) KSP residual norm 1.273483e-08
 12 (restart 0) KSP residual norm 1.088340e-08
 13 (restart 0) KSP residual norm 7.893478e-09
 14 (restart 0) KSP residual norm 4.578748e-09
 15 (restart 0) KSP residual norm 2.127848e-09
 16 (restart 0) KSP residual norm 1.003048e-09
 17 (restart 0) KSP residual norm 5.148482e-10
 18 (restart 0) KSP residual norm 2.668931e-10
 19 (restart 0) KSP residual norm 1.659158e-10
 20 (restart 0) KSP residual norm 1.168610e-10
 21 (restart 0) KSP residual norm 7.522996e-11
 22 (restart 0) KSP residual norm 4.467878e-11
 23 (restart 0) KSP residual norm 2.731218e-11
 24 (restart 0) KSP residual norm 1.622104e-11
 25 (restart 0) KSP residual norm 8.964775e-12
GMRES solver converged in 25 iterations (avg. reduction factor: 4.752e-01)
  Residual norms for GMRES solve
  0 (restart 0) KSP residual norm 9.499139e-04
  1 (restart 0) KSP residual norm 4.972388e-05
  2 (restart 0) KSP residual norm 6.751027e-06
  3 (restart 0) KSP residual norm 1.880344e-06
  4 (restart 0) KSP residual norm 4.713317e-07
  5 (restart 0) KSP residual norm 1.529824e-07
  6 (restart 0) KSP residual norm 5.706634e-08
  7 (restart 0) KSP residual norm 2.839748e-08
  8 (restart 0) KSP residual norm 1.571382e-08
  9 (restart 0) KSP residual norm 1.002907e-08
 10 (restart 0) KSP residual norm 7.644946e-09
 11 (restart 0) KSP residual norm 6.944945e-09
 12 (restart 0) KSP residual norm 6.661930e-09
 13 (restart 0) KSP residual norm 6.191317e-09
 14 (restart 0) KSP residual norm 4.604888e-09
 15 (restart 0) KSP residual norm 2.147794e-09
 16 (restart 0) KSP residual norm 9.839675e-10
 17 (restart 0) KSP residual norm 5.259733e-10
 18 (restart 0) KSP residual norm 2.799461e-10
 19 (restart 0) KSP residual norm 1.808297e-10
 20 (restart 0) KSP residual norm 1.351453e-10
 21 (restart 0) KSP residual norm 8.552346e-11
 22 (restart 0) KSP residual norm 4.410263e-11
 23 (restart 0) KSP residual norm 2.551555e-11
 24 (restart 0) KSP residual norm 1.543419e-11
 25 (restart 0) KSP residual norm 8.144564e-12
GMRES solver converged in 25 iterations (avg. reduction factor: 4.757e-01)
  Residual norms for GMRES solve
  0 (restart 0) KSP residual norm 9.721907e-04
  1 (restart 0) KSP residual norm 6.570948e-05
  2 (restart 0) KSP residual norm 8.773218e-06
  3 (restart 0) KSP residual norm 2.260709e-06
  4 (restart 0) KSP residual norm 5.318349e-07
  5 (restart 0) KSP residual norm 1.602679e-07
  6 (restart 0) KSP residual norm 5.496759e-08
  7 (restart 0) KSP residual norm 2.435589e-08
  8 (restart 0) KSP residual norm 1.257163e-08
  9 (restart 0) KSP residual norm 6.830666e-09
 10 (restart 0) KSP residual norm 3.401729e-09
 11 (restart 0) KSP residual norm 1.886306e-09
 12 (restart 0) KSP residual norm 1.292508e-09
 13 (restart 0) KSP residual norm 1.130224e-09
 14 (restart 0) KSP residual norm 1.067951e-09
 15 (restart 0) KSP residual norm 9.651284e-10
 16 (restart 0) KSP residual norm 7.073972e-10
 17 (restart 0) KSP residual norm 4.471111e-10
 18 (restart 0) KSP residual norm 2.501173e-10
 19 (restart 0) KSP residual norm 1.438277e-10
 20 (restart 0) KSP residual norm 9.708966e-11
 21 (restart 0) KSP residual norm 6.425546e-11
 22 (restart 0) KSP residual norm 4.216703e-11
 23 (restart 0) KSP residual norm 2.857172e-11
 24 (restart 0) KSP residual norm 1.679649e-11
 25 (restart 0) KSP residual norm 8.550220e-12
GMRES solver converged in 25 iterations (avg. reduction factor: 4.762e-01)
  Residual norms for GMRES solve
  0 (restart 0) KSP residual norm 9.349831e-04
  1 (restart 0) KSP residual norm 5.978117e-05
  2 (restart 0) KSP residual norm 9.277606e-06
  3 (restart 0) KSP residual norm 2.357157e-06
  4 (restart 0) KSP residual norm 5.857900e-07
  5 (restart 0) KSP residual norm 1.767279e-07
  6 (restart 0) KSP residual norm 6.232725e-08
  7 (restart 0) KSP residual norm 2.865285e-08
  8 (restart 0) KSP residual norm 1.774568e-08
  9 (restart 0) KSP residual norm 1.350608e-08
 10 (restart 0) KSP residual norm 1.121486e-08
 11 (restart 0) KSP residual norm 9.665953e-09
 12 (restart 0) KSP residual norm 8.526694e-09
 13 (restart 0) KSP residual norm 6.945575e-09
 14 (restart 0) KSP residual norm 4.276379e-09
 15 (restart 0) KSP residual norm 1.907370e-09
 16 (restart 0) KSP residual norm 8.390025e-10
 17 (restart 0) KSP residual norm 4.290306e-10
 18 (restart 0) KSP residual norm 2.320754e-10
 19 (restart 0) KSP residual norm 1.470006e-10
 20 (restart 0) KSP residual norm 1.045768e-10
 21 (restart 0) KSP residual norm 6.610873e-11
 22 (restart 0) KSP residual norm 4.013277e-11
 23 (restart 0) KSP residual norm 2.520315e-11
 24 (restart 0) KSP residual norm 1.493182e-11
 25 (restart 0) KSP residual norm 8.178749e-12
GMRES solver converged in 25 iterations (avg. reduction factor: 4.761e-01)
  Residual norms for GMRES solve
  0 (restart 0) KSP residual norm 7.724915e-04
  1 (restart 0) KSP residual norm 6.163447e-05
  2 (restart 0) KSP residual norm 7.852807e-06
  3 (restart 0) KSP residual norm 2.175953e-06
  4 (restart 0) KSP residual norm 5.158385e-07
  5 (restart 0) KSP residual norm 1.549767e-07
  6 (restart 0) KSP residual norm 5.760663e-08
  7 (restart 0) KSP residual norm 3.000099e-08
  8 (restart 0) KSP residual norm 2.074323e-08
  9 (restart 0) KSP residual norm 1.789721e-08
 10 (restart 0) KSP residual norm 1.622888e-08
 11 (restart 0) KSP residual norm 1.394725e-08
 12 (restart 0) KSP residual norm 1.116447e-08
 13 (restart 0) KSP residual norm 7.803259e-09
 14 (restart 0) KSP residual norm 4.610147e-09
 15 (restart 0) KSP residual norm 2.120620e-09
 16 (restart 0) KSP residual norm 8.677396e-10
 17 (restart 0) KSP residual norm 4.220476e-10
 18 (restart 0) KSP residual norm 2.198491e-10
 19 (restart 0) KSP residual norm 1.330311e-10
 20 (restart 0) KSP residual norm 9.159835e-11
 21 (restart 0) KSP residual norm 6.036299e-11
 22 (restart 0) KSP residual norm 3.935104e-11
 23 (restart 0) KSP residual norm 2.446967e-11
 24 (restart 0) KSP residual norm 1.335970e-11
 25 (restart 0) KSP residual norm 7.484102e-12
GMRES solver converged in 25 iterations (avg. reduction factor: 4.780e-01)
  Residual norms for GMRES solve
  0 (restart 0) KSP residual norm 1.240873e-03
  1 (restart 0) KSP residual norm 8.338428e-05
  2 (restart 0) KSP residual norm 8.843460e-06
  3 (restart 0) KSP residual norm 2.278392e-06
  4 (restart 0) KSP residual norm 5.485501e-07
  5 (restart 0) KSP residual norm 1.709863e-07
  6 (restart 0) KSP residual norm 6.369986e-08
  7 (restart 0) KSP residual norm 2.639634e-08
  8 (restart 0) KSP residual norm 1.461265e-08
  9 (restart 0) KSP residual norm 1.214050e-08
 10 (restart 0) KSP residual norm 1.120289e-08
 11 (restart 0) KSP residual norm 1.022266e-08
 12 (restart 0) KSP residual norm 9.172775e-09
 13 (restart 0) KSP residual norm 7.338380e-09
 14 (restart 0) KSP residual norm 4.486428e-09
 15 (restart 0) KSP residual norm 2.231348e-09
 16 (restart 0) KSP residual norm 9.770710e-10
 17 (restart 0) KSP residual norm 4.208387e-10
 18 (restart 0) KSP residual norm 1.859138e-10
 19 (restart 0) KSP residual norm 9.799557e-11
 20 (restart 0) KSP residual norm 5.539131e-11
 21 (restart 0) KSP residual norm 3.209867e-11
 22 (restart 0) KSP residual norm 2.136732e-11
 23 (restart 0) KSP residual norm 1.490466e-11
 24 (restart 0) KSP residual norm 9.726224e-12
GMRES solver converged in 24 iterations (avg. reduction factor: 4.595e-01)
  Residual norms for GMRES solve
  0 (restart 0) KSP residual norm 7.816908e-04
  1 (restart 0) KSP residual norm 4.627383e-05
  2 (restart 0) KSP residual norm 6.400812e-06
  3 (restart 0) KSP residual norm 1.949347e-06
  4 (restart 0) KSP residual norm 5.239286e-07
  5 (restart 0) KSP residual norm 1.740325e-07
  6 (restart 0) KSP residual norm 6.074763e-08
  7 (restart 0) KSP residual norm 2.410464e-08
  8 (restart 0) KSP residual norm 1.234845e-08
  9 (restart 0) KSP residual norm 7.824726e-09
 10 (restart 0) KSP residual norm 6.408417e-09
 11 (restart 0) KSP residual norm 5.904684e-09
 12 (restart 0) KSP residual norm 5.560996e-09
 13 (restart 0) KSP residual norm 4.987903e-09
 14 (restart 0) KSP residual norm 3.792128e-09
 15 (restart 0) KSP residual norm 2.097599e-09
 16 (restart 0) KSP residual norm 9.844768e-10
 17 (restart 0) KSP residual norm 4.463747e-10
 18 (restart 0) KSP residual norm 1.938146e-10
 19 (restart 0) KSP residual norm 9.883834e-11
 20 (restart 0) KSP residual norm 5.779189e-11
 21 (restart 0) KSP residual norm 3.376432e-11
 22 (restart 0) KSP residual norm 2.007661e-11
 23 (restart 0) KSP residual norm 1.215954e-11
 24 (restart 0) KSP residual norm 6.954007e-12
GMRES solver converged in 24 iterations (avg. reduction factor: 4.619e-01)
  Residual norms for GMRES solve
  0 (restart 0) KSP residual norm 7.503250e-04
  1 (restart 0) KSP residual norm 5.675021e-05
  2 (restart 0) KSP residual norm 7.725551e-06
  3 (restart 0) KSP residual norm 2.120958e-06
  4 (restart 0) KSP residual norm 5.157618e-07
  5 (restart 0) KSP residual norm 1.742580e-07
  6 (restart 0) KSP residual norm 6.326073e-08
  7 (restart 0) KSP residual norm 2.732078e-08
  8 (restart 0) KSP residual norm 1.374333e-08
  9 (restart 0) KSP residual norm 8.517622e-09
 10 (restart 0) KSP residual norm 6.385271e-09
 11 (restart 0) KSP residual norm 5.497068e-09
 12 (restart 0) KSP residual norm 5.139560e-09
 13 (restart 0) KSP residual norm 4.760073e-09
 14 (restart 0) KSP residual norm 3.722717e-09
 15 (restart 0) KSP residual norm 2.113319e-09
 16 (restart 0) KSP residual norm 1.074661e-09
 17 (restart 0) KSP residual norm 5.756262e-10
 18 (restart 0) KSP residual norm 3.194116e-10
 19 (restart 0) KSP residual norm 2.129418e-10
 20 (restart 0) KSP residual norm 1.379899e-10
 21 (restart 0) KSP residual norm 7.288811e-11
 22 (restart 0) KSP residual norm 4.007699e-11
 23 (restart 0) KSP residual norm 2.259454e-11
 24 (restart 0) KSP residual norm 1.261285e-11
 25 (restart 0) KSP residual norm 7.772946e-12
 26 (restart 0) KSP residual norm 5.789582e-12
GMRES solver converged in 26 iterations (avg. reduction factor: 4.875e-01)
  Residual norms for GMRES solve
  0 (restart 0) KSP residual norm 1.093699e-03
  1 (restart 0) KSP residual norm 7.915332e-05
  2 (restart 0) KSP residual norm 8.900906e-06
  3 (restart 0) KSP residual norm 2.357927e-06
  4 (restart 0) KSP residual norm 6.080192e-07
  5 (restart 0) KSP residual norm 2.130750e-07
  6 (restart 0) KSP residual norm 8.029913e-08
  7 (restart 0) KSP residual norm 2.930877e-08
  8 (restart 0) KSP residual norm 1.681268e-08
  9 (restart 0) KSP residual norm 1.404101e-08
 10 (restart 0) KSP residual norm 1.271301e-08
 11 (restart 0) KSP residual norm 1.128231e-08
 12 (restart 0) KSP residual norm 9.782406e-09
 13 (restart 0) KSP residual norm 7.522193e-09
 14 (restart 0) KSP residual norm 4.278459e-09
 15 (restart 0) KSP residual norm 1.917597e-09
 16 (restart 0) KSP residual norm 9.220419e-10
 17 (restart 0) KSP residual norm 4.363258e-10
 18 (restart 0) KSP residual norm 2.035251e-10
 19 (restart 0) KSP residual norm 1.156433e-10
 20 (restart 0) KSP residual norm 7.458170e-11
 21 (restart 0) KSP residual norm 4.986986e-11
 22 (restart 0) KSP residual norm 3.229029e-11
 23 (restart 0) KSP residual norm 2.058771e-11
 24 (restart 0) KSP residual norm 1.259773e-11
 25 (restart 0) KSP residual norm 7.550609e-12
GMRES solver converged in 25 iterations (avg. reduction factor: 4.716e-01)
  Residual norms for GMRES solve
  0 (restart 0) KSP residual norm 9.052004e-04
  1 (restart 0) KSP residual norm 6.971019e-05
  2 (restart 0) KSP residual norm 8.738549e-06
  3 (restart 0) KSP residual norm 2.252043e-06
  4 (restart 0) KSP residual norm 6.176200e-07
  5 (restart 0) KSP residual norm 2.290732e-07
  6 (restart 0) KSP residual norm 8.144683e-08
  7 (restart 0) KSP residual norm 3.187959e-08
  8 (restart 0) KSP residual norm 1.962012e-08
  9 (restart 0) KSP residual norm 1.599521e-08
 10 (restart 0) KSP residual norm 1.370442e-08
 11 (restart 0) KSP residual norm 1.207861e-08
 12 (restart 0) KSP residual norm 1.074762e-08
 13 (restart 0) KSP residual norm 8.201230e-09
 14 (restart 0) KSP residual norm 4.729845e-09
 15 (restart 0) KSP residual norm 2.328783e-09
 16 (restart 0) KSP residual norm 1.105969e-09
 17 (restart 0) KSP residual norm 5.096309e-10
 18 (restart 0) KSP residual norm 2.775610e-10
 19 (restart 0) KSP residual norm 1.752157e-10
 20 (restart 0) KSP residual norm 1.055909e-10
 21 (restart 0) KSP residual norm 6.096977e-11
 22 (restart 0) KSP residual norm 3.663726e-11
 23 (restart 0) KSP residual norm 2.030447e-11
 24 (restart 0) KSP residual norm 1.082523e-11
 25 (restart 0) KSP residual norm 6.219361e-12
GMRES solver converged in 25 iterations (avg. reduction factor: 4.715e-01)
  Residual norms for GMRES solve
  0 (restart 0) KSP residual norm 1.071151e-03
  1 (restart 0) KSP residual norm 8.121864e-05
  2 (restart 0) KSP residual norm 9.603649e-06
  3 (restart 0) KSP residual norm 2.784632e-06
  4 (restart 0) KSP residual norm 6.865128e-07
  5 (restart 0) KSP residual norm 1.811657e-07
  6 (restart 0) KSP residual norm 5.774079e-08
  7 (restart 0) KSP residual norm 2.377607e-08
  8 (restart 0) KSP residual norm 1.181181e-08
  9 (restart 0) KSP residual norm 7.792863e-09
 10 (restart 0) KSP residual norm 6.477155e-09
 11 (restart 0) KSP residual norm 5.693008e-09
 12 (restart 0) KSP residual norm 5.037738e-09
 13 (restart 0) KSP residual norm 4.393579e-09
 14 (restart 0) KSP residual norm 3.381372e-09
 15 (restart 0) KSP residual norm 1.951698e-09
 16 (restart 0) KSP residual norm 9.604606e-10
 17 (restart 0) KSP residual norm 4.822056e-10
 18 (restart 0) KSP residual norm 2.367557e-10
 19 (restart 0) KSP residual norm 1.312573e-10
 20 (restart 0) KSP residual norm 8.802033e-11
 21 (restart 0) KSP residual norm 5.619493e-11
 22 (restart 0) KSP residual norm 3.323256e-11
 23 (restart 0) KSP residual norm 2.083843e-11
 24 (restart 0) KSP residual norm 1.337037e-11
 25 (restart 0) KSP residual norm 7.628399e-12
GMRES solver converged in 25 iterations (avg. reduction factor: 4.722e-01)
  Residual norms for GMRES solve
  0 (restart 0) KSP residual norm 7.540927e-04
  1 (restart 0) KSP residual norm 4.350111e-05
  2 (restart 0) KSP residual norm 6.647479e-06
  3 (restart 0) KSP residual norm 1.968726e-06
  4 (restart 0) KSP residual norm 5.710166e-07
  5 (restart 0) KSP residual norm 2.090503e-07
  6 (restart 0) KSP residual norm 7.554408e-08
  7 (restart 0) KSP residual norm 2.625880e-08
  8 (restart 0) KSP residual norm 1.046541e-08
  9 (restart 0) KSP residual norm 5.615889e-09
 10 (restart 0) KSP residual norm 3.591341e-09
 11 (restart 0) KSP residual norm 2.577685e-09
 12 (restart 0) KSP residual norm 2.185572e-09
 13 (restart 0) KSP residual norm 2.038227e-09
 14 (restart 0) KSP residual norm 1.871740e-09
 15 (restart 0) KSP residual norm 1.499906e-09
 16 (restart 0) KSP residual norm 8.963734e-10
 17 (restart 0) KSP residual norm 4.237895e-10
 18 (restart 0) KSP residual norm 1.923183e-10
 19 (restart 0) KSP residual norm 1.133606e-10
 20 (restart 0) KSP residual norm 7.973698e-11
 21 (restart 0) KSP residual norm 5.251924e-11
 22 (restart 0) KSP residual norm 3.270606e-11
 23 (restart 0) KSP residual norm 2.078856e-11
 24 (restart 0) KSP residual norm 1.200223e-11
 25 (restart 0) KSP residual norm 6.617754e-12
GMRES solver converged in 25 iterations (avg. reduction factor: 4.761e-01)
  Residual norms for GMRES solve
  0 (restart 0) KSP residual norm 8.576122e-04
  1 (restart 0) KSP residual norm 6.947899e-05
  2 (restart 0) KSP residual norm 8.059188e-06
  3 (restart 0) KSP residual norm 2.185231e-06
  4 (restart 0) KSP residual norm 5.278854e-07
  5 (restart 0) KSP residual norm 1.662091e-07
  6 (restart 0) KSP residual norm 5.992821e-08
  7 (restart 0) KSP residual norm 2.623587e-08
  8 (restart 0) KSP residual norm 1.537990e-08
  9 (restart 0) KSP residual norm 1.167136e-08
 10 (restart 0) KSP residual norm 9.748550e-09
 11 (restart 0) KSP residual norm 8.476770e-09
 12 (restart 0) KSP residual norm 7.373771e-09
 13 (restart 0) KSP residual norm 6.028119e-09
 14 (restart 0) KSP residual norm 4.016980e-09
 15 (restart 0) KSP residual norm 2.039311e-09
 16 (restart 0) KSP residual norm 9.883043e-10
 17 (restart 0) KSP residual norm 4.734769e-10
 18 (restart 0) KSP residual norm 2.427799e-10
 19 (restart 0) KSP residual norm 1.454658e-10
 20 (restart 0) KSP residual norm 9.806273e-11
 21 (restart 0) KSP residual norm 6.109846e-11
 22 (restart 0) KSP residual norm 3.747334e-11
 23 (restart 0) KSP residual norm 2.409302e-11
 24 (restart 0) KSP residual norm 1.373325e-11
 25 (restart 0) KSP residual norm 7.948457e-12
GMRES solver converged in 25 iterations (avg. reduction factor: 4.772e-01)
  Residual norms for GMRES solve
  0 (restart 0) KSP residual norm 7.559334e-04
  1 (restart 0) KSP residual norm 5.395351e-05
  2 (restart 0) KSP residual norm 7.498836e-06
  3 (restart 0) KSP residual norm 1.961326e-06
  4 (restart 0) KSP residual norm 4.853555e-07
  5 (restart 0) KSP residual norm 1.521916e-07
  6 (restart 0) KSP residual norm 5.567941e-08
  7 (restart 0) KSP residual norm 2.539954e-08
  8 (restart 0) KSP residual norm 1.635194e-08
  9 (restart 0) KSP residual norm 1.366945e-08
 10 (restart 0) KSP residual norm 1.261350e-08
 11 (restart 0) KSP residual norm 1.151816e-08
 12 (restart 0) KSP residual norm 9.641659e-09
 13 (restart 0) KSP residual norm 6.894486e-09
 14 (restart 0) KSP residual norm 3.851628e-09
 15 (restart 0) KSP residual norm 1.708032e-09
 16 (restart 0) KSP residual norm 8.030844e-10
 17 (restart 0) KSP residual norm 4.181449e-10
 18 (restart 0) KSP residual norm 2.251074e-10
 19 (restart 0) KSP residual norm 1.423277e-10
 20 (restart 0) KSP residual norm 1.022217e-10
 21 (restart 0) KSP residual norm 6.543479e-11
 22 (restart 0) KSP residual norm 3.550498e-11
 23 (restart 0) KSP residual norm 2.053358e-11
 24 (restart 0) KSP residual norm 1.259285e-11
 25 (restart 0) KSP residual norm 7.345329e-12
GMRES solver converged in 25 iterations (avg. reduction factor: 4.781e-01)
  Residual norms for GMRES solve
  0 (restart 0) KSP residual norm 1.191034e-03
  1 (restart 0) KSP residual norm 7.533572e-05
  2 (restart 0) KSP residual norm 8.154305e-06
  3 (restart 0) KSP residual norm 2.041702e-06
  4 (restart 0) KSP residual norm 4.978645e-07
  5 (restart 0) KSP residual norm 1.730495e-07
  6 (restart 0) KSP residual norm 6.451487e-08
  7 (restart 0) KSP residual norm 2.621673e-08
  8 (restart 0) KSP residual norm 1.456188e-08
  9 (restart 0) KSP residual norm 1.115109e-08
 10 (restart 0) KSP residual norm 9.778530e-09
 11 (restart 0) KSP residual norm 9.107047e-09
 12 (restart 0) KSP residual norm 8.583295e-09
 13 (restart 0) KSP residual norm 7.156012e-09
 14 (restart 0) KSP residual norm 4.364911e-09
 15 (restart 0) KSP residual norm 2.090380e-09
 16 (restart 0) KSP residual norm 9.504949e-10
 17 (restart 0) KSP residual norm 4.187721e-10
 18 (restart 0) KSP residual norm 2.140014e-10
 19 (restart 0) KSP residual norm 1.298200e-10
 20 (restart 0) KSP residual norm 8.367625e-11
 21 (restart 0) KSP residual norm 5.025221e-11
 22 (restart 0) KSP residual norm 2.932844e-11
 23 (restart 0) KSP residual norm 1.707957e-11
 24 (restart 0) KSP residual norm 9.906502e-12
GMRES solver converged in 24 iterations (avg. reduction factor: 4.606e-01)
  1 EPS nconv=12 first unconverged value (error) 0.00489689+2.74035e-09i (1.68939441e-03)
  Residual norms for GMRES solve
  0 (restart 0) KSP residual norm 9.371620e-04
  1 (restart 0) KSP residual norm 6.385587e-05
  2 (restart 0) KSP residual norm 8.775518e-06
  3 (restart 0) KSP residual norm 2.226055e-06
  4 (restart 0) KSP residual norm 5.566053e-07
  5 (restart 0) KSP residual norm 2.022105e-07
  6 (restart 0) KSP residual norm 7.604324e-08
  7 (restart 0) KSP residual norm 2.787357e-08
  8 (restart 0) KSP residual norm 1.158551e-08
  9 (restart 0) KSP residual norm 6.096645e-09
 10 (restart 0) KSP residual norm 3.687904e-09
 11 (restart 0) KSP residual norm 2.520125e-09
 12 (restart 0) KSP residual norm 2.208519e-09
 13 (restart 0) KSP residual norm 2.109306e-09
 14 (restart 0) KSP residual norm 1.926591e-09
 15 (restart 0) KSP residual norm 1.455624e-09
 16 (restart 0) KSP residual norm 9.212831e-10
 17 (restart 0) KSP residual norm 4.868937e-10
 18 (restart 0) KSP residual norm 2.433087e-10
 19 (restart 0) KSP residual norm 1.506445e-10
 20 (restart 0) KSP residual norm 1.076697e-10
 21 (restart 0) KSP residual norm 6.808584e-11
 22 (restart 0) KSP residual norm 3.919597e-11
 23 (restart 0) KSP residual norm 2.448623e-11
 24 (restart 0) KSP residual norm 1.483783e-11
 25 (restart 0) KSP residual norm 8.878105e-12
GMRES solver converged in 25 iterations (avg. reduction factor: 4.776e-01)
  Residual norms for GMRES solve
  0 (restart 0) KSP residual norm 8.906776e-04
  1 (restart 0) KSP residual norm 4.683348e-05
  2 (restart 0) KSP residual norm 6.271334e-06
  3 (restart 0) KSP residual norm 1.934467e-06
  4 (restart 0) KSP residual norm 5.649368e-07
  5 (restart 0) KSP residual norm 2.068487e-07
  6 (restart 0) KSP residual norm 7.213949e-08
  7 (restart 0) KSP residual norm 2.252125e-08
  8 (restart 0) KSP residual norm 8.471159e-09
  9 (restart 0) KSP residual norm 4.410227e-09
 10 (restart 0) KSP residual norm 2.780050e-09
 11 (restart 0) KSP residual norm 1.924741e-09
 12 (restart 0) KSP residual norm 1.626512e-09
 13 (restart 0) KSP residual norm 1.519812e-09
 14 (restart 0) KSP residual norm 1.397642e-09
 15 (restart 0) KSP residual norm 1.163063e-09
 16 (restart 0) KSP residual norm 7.957796e-10
 17 (restart 0) KSP residual norm 4.192211e-10
 18 (restart 0) KSP residual norm 2.454473e-10
 19 (restart 0) KSP residual norm 1.705643e-10
 20 (restart 0) KSP residual norm 1.189589e-10
 21 (restart 0) KSP residual norm 7.439023e-11
 22 (restart 0) KSP residual norm 4.290298e-11
 23 (restart 0) KSP residual norm 2.409637e-11
 24 (restart 0) KSP residual norm 1.469707e-11
 25 (restart 0) KSP residual norm 9.528355e-12
 26 (restart 0) KSP residual norm 5.805469e-12
GMRES solver converged in 26 iterations (avg. reduction factor: 4.843e-01)
  Residual norms for GMRES solve
  0 (restart 0) KSP residual norm 1.158936e-03
  1 (restart 0) KSP residual norm 7.669943e-05
  2 (restart 0) KSP residual norm 8.937956e-06
  3 (restart 0) KSP residual norm 2.212227e-06
  4 (restart 0) KSP residual norm 5.207601e-07
  5 (restart 0) KSP residual norm 1.778764e-07
  6 (restart 0) KSP residual norm 6.485030e-08
  7 (restart 0) KSP residual norm 2.410791e-08
  8 (restart 0) KSP residual norm 9.479381e-09
  9 (restart 0) KSP residual norm 4.466844e-09
 10 (restart 0) KSP residual norm 2.492599e-09
 11 (restart 0) KSP residual norm 1.293441e-09
 12 (restart 0) KSP residual norm 6.456871e-10
 13 (restart 0) KSP residual norm 4.316317e-10
 14 (restart 0) KSP residual norm 3.655975e-10
 15 (restart 0) KSP residual norm 3.297011e-10
 16 (restart 0) KSP residual norm 2.983151e-10
 17 (restart 0) KSP residual norm 2.517606e-10
 18 (restart 0) KSP residual norm 1.874241e-10
 19 (restart 0) KSP residual norm 1.400467e-10
 20 (restart 0) KSP residual norm 9.956315e-11
 21 (restart 0) KSP residual norm 5.719511e-11
 22 (restart 0) KSP residual norm 3.002919e-11
 23 (restart 0) KSP residual norm 1.613146e-11
 24 (restart 0) KSP residual norm 8.699891e-12
GMRES solver converged in 24 iterations (avg. reduction factor: 4.586e-01)
  Residual norms for GMRES solve
  0 (restart 0) KSP residual norm 6.304919e-04
  1 (restart 0) KSP residual norm 3.960815e-05
  2 (restart 0) KSP residual norm 5.814232e-06
  3 (restart 0) KSP residual norm 1.781181e-06
  4 (restart 0) KSP residual norm 4.887918e-07
  5 (restart 0) KSP residual norm 1.687856e-07
  6 (restart 0) KSP residual norm 6.378022e-08
  7 (restart 0) KSP residual norm 2.415949e-08
  8 (restart 0) KSP residual norm 1.138837e-08
  9 (restart 0) KSP residual norm 6.750488e-09
 10 (restart 0) KSP residual norm 4.059564e-09
 11 (restart 0) KSP residual norm 2.872587e-09
 12 (restart 0) KSP residual norm 2.600580e-09
 13 (restart 0) KSP residual norm 2.480120e-09
 14 (restart 0) KSP residual norm 2.199615e-09
 15 (restart 0) KSP residual norm 1.552024e-09
 16 (restart 0) KSP residual norm 9.384413e-10
 17 (restart 0) KSP residual norm 5.261033e-10
 18 (restart 0) KSP residual norm 3.314308e-10
 19 (restart 0) KSP residual norm 2.231815e-10
 20 (restart 0) KSP residual norm 1.303318e-10
 21 (restart 0) KSP residual norm 6.559379e-11
 22 (restart 0) KSP residual norm 3.710421e-11
 23 (restart 0) KSP residual norm 2.205837e-11
 24 (restart 0) KSP residual norm 1.318855e-11
 25 (restart 0) KSP residual norm 8.114630e-12
 26 (restart 0) KSP residual norm 5.324655e-12
GMRES solver converged in 26 iterations (avg. reduction factor: 4.892e-01)
  Residual norms for GMRES solve
  0 (restart 0) KSP residual norm 8.950197e-04
  1 (restart 0) KSP residual norm 6.023962e-05
  2 (restart 0) KSP residual norm 7.684315e-06
  3 (restart 0) KSP residual norm 2.099183e-06
  4 (restart 0) KSP residual norm 5.040878e-07
  5 (restart 0) KSP residual norm 1.645584e-07
  6 (restart 0) KSP residual norm 5.837857e-08
  7 (restart 0) KSP residual norm 2.413678e-08
  8 (restart 0) KSP residual norm 1.236040e-08
  9 (restart 0) KSP residual norm 7.327584e-09
 10 (restart 0) KSP residual norm 4.750224e-09
 11 (restart 0) KSP residual norm 3.807272e-09
 12 (restart 0) KSP residual norm 3.545061e-09
 13 (restart 0) KSP residual norm 3.364859e-09
 14 (restart 0) KSP residual norm 2.924924e-09
 15 (restart 0) KSP residual norm 1.942214e-09
 16 (restart 0) KSP residual norm 9.773996e-10
 17 (restart 0) KSP residual norm 4.402733e-10
 18 (restart 0) KSP residual norm 2.253925e-10
 19 (restart 0) KSP residual norm 1.322603e-10
 20 (restart 0) KSP residual norm 8.665873e-11
 21 (restart 0) KSP residual norm 5.516422e-11
 22 (restart 0) KSP residual norm 3.576609e-11
 23 (restart 0) KSP residual norm 2.274710e-11
 24 (restart 0) KSP residual norm 1.342187e-11
 25 (restart 0) KSP residual norm 7.729024e-12
GMRES solver converged in 25 iterations (avg. reduction factor: 4.758e-01)
  Residual norms for GMRES solve
  0 (restart 0) KSP residual norm 9.458787e-04
  1 (restart 0) KSP residual norm 7.735051e-05
  2 (restart 0) KSP residual norm 8.245385e-06
  3 (restart 0) KSP residual norm 2.224065e-06
  4 (restart 0) KSP residual norm 5.168938e-07
  5 (restart 0) KSP residual norm 1.543974e-07
  6 (restart 0) KSP residual norm 5.218580e-08
  7 (restart 0) KSP residual norm 2.393011e-08
  8 (restart 0) KSP residual norm 1.245325e-08
  9 (restart 0) KSP residual norm 7.120413e-09
 10 (restart 0) KSP residual norm 4.814112e-09
 11 (restart 0) KSP residual norm 3.796938e-09
 12 (restart 0) KSP residual norm 3.344326e-09
 13 (restart 0) KSP residual norm 3.069680e-09
 14 (restart 0) KSP residual norm 2.676791e-09
 15 (restart 0) KSP residual norm 1.800157e-09
 16 (restart 0) KSP residual norm 9.310659e-10
 17 (restart 0) KSP residual norm 4.872080e-10
 18 (restart 0) KSP residual norm 2.271158e-10
 19 (restart 0) KSP residual norm 1.268316e-10
 20 (restart 0) KSP residual norm 9.181387e-11
 21 (restart 0) KSP residual norm 6.344222e-11
 22 (restart 0) KSP residual norm 3.869199e-11
 23 (restart 0) KSP residual norm 2.454439e-11
 24 (restart 0) KSP residual norm 1.408088e-11
 25 (restart 0) KSP residual norm 6.969288e-12
GMRES solver converged in 25 iterations (avg. reduction factor: 4.728e-01)
  Residual norms for GMRES solve
  0 (restart 0) KSP residual norm 7.590656e-04
  1 (restart 0) KSP residual norm 6.018627e-05
  2 (restart 0) KSP residual norm 7.700365e-06
  3 (restart 0) KSP residual norm 2.015405e-06
  4 (restart 0) KSP residual norm 4.924265e-07
  5 (restart 0) KSP residual norm 1.665587e-07
  6 (restart 0) KSP residual norm 6.210750e-08
  7 (restart 0) KSP residual norm 2.520979e-08
  8 (restart 0) KSP residual norm 1.147491e-08
  9 (restart 0) KSP residual norm 6.393354e-09
 10 (restart 0) KSP residual norm 3.846132e-09
 11 (restart 0) KSP residual norm 2.720587e-09
 12 (restart 0) KSP residual norm 2.376058e-09
 13 (restart 0) KSP residual norm 2.238208e-09
 14 (restart 0) KSP residual norm 2.048057e-09
 15 (restart 0) KSP residual norm 1.577183e-09
 16 (restart 0) KSP residual norm 9.526929e-10
 17 (restart 0) KSP residual norm 4.811467e-10
 18 (restart 0) KSP residual norm 2.166091e-10
 19 (restart 0) KSP residual norm 1.284093e-10
 20 (restart 0) KSP residual norm 9.115438e-11
 21 (restart 0) KSP residual norm 5.970629e-11
 22 (restart 0) KSP residual norm 3.707514e-11
 23 (restart 0) KSP residual norm 2.408888e-11
 24 (restart 0) KSP residual norm 1.445514e-11
 25 (restart 0) KSP residual norm 7.814238e-12
 26 (restart 0) KSP residual norm 4.490408e-12
GMRES solver converged in 26 iterations (avg. reduction factor: 4.825e-01)
  Residual norms for GMRES solve
  0 (restart 0) KSP residual norm 6.731100e-04
  1 (restart 0) KSP residual norm 5.701294e-05
  2 (restart 0) KSP residual norm 7.819982e-06
  3 (restart 0) KSP residual norm 2.166938e-06
  4 (restart 0) KSP residual norm 5.639652e-07
  5 (restart 0) KSP residual norm 1.915134e-07
  6 (restart 0) KSP residual norm 6.894933e-08
  7 (restart 0) KSP residual norm 2.558373e-08
  8 (restart 0) KSP residual norm 1.043536e-08
  9 (restart 0) KSP residual norm 5.521338e-09
 10 (restart 0) KSP residual norm 3.297173e-09
 11 (restart 0) KSP residual norm 2.021086e-09
 12 (restart 0) KSP residual norm 1.603281e-09
 13 (restart 0) KSP residual norm 1.482844e-09
 14 (restart 0) KSP residual norm 1.392463e-09
 15 (restart 0) KSP residual norm 1.196734e-09
 16 (restart 0) KSP residual norm 8.314009e-10
 17 (restart 0) KSP residual norm 4.445689e-10
 18 (restart 0) KSP residual norm 2.011082e-10
 19 (restart 0) KSP residual norm 1.036258e-10
 20 (restart 0) KSP residual norm 6.369485e-11
 21 (restart 0) KSP residual norm 3.805716e-11
 22 (restart 0) KSP residual norm 2.393714e-11
 23 (restart 0) KSP residual norm 1.658974e-11
 24 (restart 0) KSP residual norm 1.079536e-11
 25 (restart 0) KSP residual norm 6.368220e-12
GMRES solver converged in 25 iterations (avg. reduction factor: 4.776e-01)
  Residual norms for GMRES solve
  0 (restart 0) KSP residual norm 6.805126e-04
  1 (restart 0) KSP residual norm 5.054090e-05
  2 (restart 0) KSP residual norm 7.298682e-06
  3 (restart 0) KSP residual norm 2.044237e-06
  4 (restart 0) KSP residual norm 5.154829e-07
  5 (restart 0) KSP residual norm 1.798788e-07
  6 (restart 0) KSP residual norm 6.759904e-08
  7 (restart 0) KSP residual norm 3.097495e-08
  8 (restart 0) KSP residual norm 1.592948e-08
  9 (restart 0) KSP residual norm 8.872093e-09
 10 (restart 0) KSP residual norm 5.838235e-09
 11 (restart 0) KSP residual norm 4.907755e-09
 12 (restart 0) KSP residual norm 4.606949e-09
 13 (restart 0) KSP residual norm 4.319038e-09
 14 (restart 0) KSP residual norm 3.568005e-09
 15 (restart 0) KSP residual norm 2.120255e-09
 16 (restart 0) KSP residual norm 1.018878e-09
 17 (restart 0) KSP residual norm 4.813025e-10
 18 (restart 0) KSP residual norm 2.460108e-10
 19 (restart 0) KSP residual norm 1.464145e-10
 20 (restart 0) KSP residual norm 8.850737e-11
 21 (restart 0) KSP residual norm 5.141215e-11
 22 (restart 0) KSP residual norm 3.212402e-11
 23 (restart 0) KSP residual norm 2.001931e-11
 24 (restart 0) KSP residual norm 1.169325e-11
 25 (restart 0) KSP residual norm 6.932213e-12
 26 (restart 0) KSP residual norm 4.168070e-12
GMRES solver converged in 26 iterations (avg. reduction factor: 4.832e-01)
  Residual norms for GMRES solve
  0 (restart 0) KSP residual norm 6.916445e-04
  1 (restart 0) KSP residual norm 5.682691e-05
  2 (restart 0) KSP residual norm 7.470204e-06
  3 (restart 0) KSP residual norm 1.972026e-06
  4 (restart 0) KSP residual norm 4.662773e-07
  5 (restart 0) KSP residual norm 1.507135e-07
  6 (restart 0) KSP residual norm 5.548563e-08
  7 (restart 0) KSP residual norm 2.529977e-08
  8 (restart 0) KSP residual norm 1.473143e-08
  9 (restart 0) KSP residual norm 8.817896e-09
 10 (restart 0) KSP residual norm 5.978132e-09
 11 (restart 0) KSP residual norm 5.271553e-09
 12 (restart 0) KSP residual norm 5.057784e-09
 13 (restart 0) KSP residual norm 4.661539e-09
 14 (restart 0) KSP residual norm 3.516994e-09
 15 (restart 0) KSP residual norm 1.862136e-09
 16 (restart 0) KSP residual norm 8.233184e-10
 17 (restart 0) KSP residual norm 4.133967e-10
 18 (restart 0) KSP residual norm 2.395921e-10
 19 (restart 0) KSP residual norm 1.582617e-10
 20 (restart 0) KSP residual norm 1.109454e-10
 21 (restart 0) KSP residual norm 6.963791e-11
 22 (restart 0) KSP residual norm 3.754370e-11
 23 (restart 0) KSP residual norm 2.225363e-11
 24 (restart 0) KSP residual norm 1.391393e-11
 25 (restart 0) KSP residual norm 8.219882e-12
 26 (restart 0) KSP residual norm 5.155261e-12
GMRES solver converged in 26 iterations (avg. reduction factor: 4.869e-01)
  Residual norms for GMRES solve
  0 (restart 0) KSP residual norm 9.838651e-04
  1 (restart 0) KSP residual norm 6.956667e-05
  2 (restart 0) KSP residual norm 8.171382e-06
  3 (restart 0) KSP residual norm 2.158737e-06
  4 (restart 0) KSP residual norm 5.824420e-07
  5 (restart 0) KSP residual norm 2.100130e-07
  6 (restart 0) KSP residual norm 7.073599e-08
  7 (restart 0) KSP residual norm 2.463131e-08
  8 (restart 0) KSP residual norm 1.169962e-08
  9 (restart 0) KSP residual norm 7.288703e-09
 10 (restart 0) KSP residual norm 4.369755e-09
 11 (restart 0) KSP residual norm 3.044787e-09
 12 (restart 0) KSP residual norm 2.749480e-09
 13 (restart 0) KSP residual norm 2.612714e-09
 14 (restart 0) KSP residual norm 2.359038e-09
 15 (restart 0) KSP residual norm 1.733345e-09
 16 (restart 0) KSP residual norm 9.110616e-10
 17 (restart 0) KSP residual norm 4.624068e-10
 18 (restart 0) KSP residual norm 2.892208e-10
 19 (restart 0) KSP residual norm 2.006735e-10
 20 (restart 0) KSP residual norm 1.287371e-10
 21 (restart 0) KSP residual norm 7.861050e-11
 22 (restart 0) KSP residual norm 4.660511e-11
 23 (restart 0) KSP residual norm 2.590377e-11
 24 (restart 0) KSP residual norm 1.543676e-11
 25 (restart 0) KSP residual norm 9.995776e-12
 26 (restart 0) KSP residual norm 6.349671e-12
GMRES solver converged in 26 iterations (avg. reduction factor: 4.842e-01)
  Residual norms for GMRES solve
  0 (restart 0) KSP residual norm 8.539831e-04
  1 (restart 0) KSP residual norm 5.963181e-05
  2 (restart 0) KSP residual norm 7.726498e-06
  3 (restart 0) KSP residual norm 2.025857e-06
  4 (restart 0) KSP residual norm 5.101347e-07
  5 (restart 0) KSP residual norm 1.653209e-07
  6 (restart 0) KSP residual norm 5.794052e-08
  7 (restart 0) KSP residual norm 2.272093e-08
  8 (restart 0) KSP residual norm 1.051178e-08
  9 (restart 0) KSP residual norm 5.492602e-09
 10 (restart 0) KSP residual norm 2.892479e-09
 11 (restart 0) KSP residual norm 1.604827e-09
 12 (restart 0) KSP residual norm 1.077496e-09
 13 (restart 0) KSP residual norm 9.350906e-10
 14 (restart 0) KSP residual norm 8.800823e-10
 15 (restart 0) KSP residual norm 7.852832e-10
 16 (restart 0) KSP residual norm 6.106068e-10
 17 (restart 0) KSP residual norm 4.507839e-10
 18 (restart 0) KSP residual norm 3.172429e-10
 19 (restart 0) KSP residual norm 2.221608e-10
 20 (restart 0) KSP residual norm 1.471660e-10
 21 (restart 0) KSP residual norm 7.770335e-11
 22 (restart 0) KSP residual norm 3.761722e-11
 23 (restart 0) KSP residual norm 2.279171e-11
 24 (restart 0) KSP residual norm 1.465517e-11
 25 (restart 0) KSP residual norm 9.491117e-12
 26 (restart 0) KSP residual norm 6.400429e-12
GMRES solver converged in 26 iterations (avg. reduction factor: 4.870e-01)
  Residual norms for GMRES solve
  0 (restart 0) KSP residual norm 9.695192e-04
  1 (restart 0) KSP residual norm 6.247792e-05
  2 (restart 0) KSP residual norm 7.095469e-06
  3 (restart 0) KSP residual norm 1.907571e-06
  4 (restart 0) KSP residual norm 4.604380e-07
  5 (restart 0) KSP residual norm 1.539106e-07
  6 (restart 0) KSP residual norm 5.815194e-08
  7 (restart 0) KSP residual norm 2.825705e-08
  8 (restart 0) KSP residual norm 1.614798e-08
  9 (restart 0) KSP residual norm 8.444191e-09
 10 (restart 0) KSP residual norm 3.970714e-09
 11 (restart 0) KSP residual norm 2.268729e-09
 12 (restart 0) KSP residual norm 1.864276e-09
 13 (restart 0) KSP residual norm 1.745779e-09
 14 (restart 0) KSP residual norm 1.638401e-09
 15 (restart 0) KSP residual norm 1.347075e-09
 16 (restart 0) KSP residual norm 7.934381e-10
 17 (restart 0) KSP residual norm 3.940848e-10
 18 (restart 0) KSP residual norm 2.113493e-10
 19 (restart 0) KSP residual norm 1.262997e-10
 20 (restart 0) KSP residual norm 8.338710e-11
 21 (restart 0) KSP residual norm 5.476967e-11
 22 (restart 0) KSP residual norm 3.107670e-11
 23 (restart 0) KSP residual norm 1.734465e-11
 24 (restart 0) KSP residual norm 1.061832e-11
 25 (restart 0) KSP residual norm 6.563545e-12
GMRES solver converged in 25 iterations (avg. reduction factor: 4.712e-01)
  Residual norms for GMRES solve
  0 (restart 0) KSP residual norm 7.268835e-04
  1 (restart 0) KSP residual norm 5.560732e-05
  2 (restart 0) KSP residual norm 7.446284e-06
  3 (restart 0) KSP residual norm 1.974088e-06
  4 (restart 0) KSP residual norm 4.812507e-07
  5 (restart 0) KSP residual norm 1.770780e-07
  6 (restart 0) KSP residual norm 7.682258e-08
  7 (restart 0) KSP residual norm 3.644063e-08
  8 (restart 0) KSP residual norm 1.787423e-08
  9 (restart 0) KSP residual norm 9.522576e-09
 10 (restart 0) KSP residual norm 5.226933e-09
 11 (restart 0) KSP residual norm 3.744561e-09
 12 (restart 0) KSP residual norm 3.468551e-09
 13 (restart 0) KSP residual norm 3.325991e-09
 14 (restart 0) KSP residual norm 2.813074e-09
 15 (restart 0) KSP residual norm 1.611617e-09
 16 (restart 0) KSP residual norm 8.587292e-10
 17 (restart 0) KSP residual norm 4.829953e-10
 18 (restart 0) KSP residual norm 2.652850e-10
 19 (restart 0) KSP residual norm 1.749474e-10
 20 (restart 0) KSP residual norm 1.255683e-10
 21 (restart 0) KSP residual norm 7.642338e-11
 22 (restart 0) KSP residual norm 4.494360e-11
 23 (restart 0) KSP residual norm 2.838794e-11
 24 (restart 0) KSP residual norm 1.616594e-11
 25 (restart 0) KSP residual norm 8.658730e-12
 26 (restart 0) KSP residual norm 5.107391e-12
GMRES solver converged in 26 iterations (avg. reduction factor: 4.858e-01)
  Residual norms for GMRES solve
  0 (restart 0) KSP residual norm 6.734455e-04
  1 (restart 0) KSP residual norm 4.016517e-05
  2 (restart 0) KSP residual norm 6.081256e-06
  3 (restart 0) KSP residual norm 1.692002e-06
  4 (restart 0) KSP residual norm 4.798355e-07
  5 (restart 0) KSP residual norm 1.838341e-07
  6 (restart 0) KSP residual norm 6.597189e-08
  7 (restart 0) KSP residual norm 2.439517e-08
  8 (restart 0) KSP residual norm 1.155576e-08
  9 (restart 0) KSP residual norm 6.584885e-09
 10 (restart 0) KSP residual norm 4.030106e-09
 11 (restart 0) KSP residual norm 2.698319e-09
 12 (restart 0) KSP residual norm 2.303458e-09
 13 (restart 0) KSP residual norm 2.160116e-09
 14 (restart 0) KSP residual norm 1.978668e-09
 15 (restart 0) KSP residual norm 1.610522e-09
 16 (restart 0) KSP residual norm 9.928288e-10
 17 (restart 0) KSP residual norm 4.752061e-10
 18 (restart 0) KSP residual norm 2.501252e-10
 19 (restart 0) KSP residual norm 1.612400e-10
 20 (restart 0) KSP residual norm 1.138849e-10
 21 (restart 0) KSP residual norm 7.308228e-11
 22 (restart 0) KSP residual norm 4.419501e-11
 23 (restart 0) KSP residual norm 2.724187e-11
 24 (restart 0) KSP residual norm 1.647244e-11
 25 (restart 0) KSP residual norm 9.651825e-12
 26 (restart 0) KSP residual norm 5.865053e-12
GMRES solver converged in 26 iterations (avg. reduction factor: 4.898e-01)
  Residual norms for GMRES solve
  0 (restart 0) KSP residual norm 1.023654e-03
  1 (restart 0) KSP residual norm 7.721956e-05
  2 (restart 0) KSP residual norm 8.827676e-06
  3 (restart 0) KSP residual norm 2.385628e-06
  4 (restart 0) KSP residual norm 5.700384e-07
  5 (restart 0) KSP residual norm 1.778571e-07
  6 (restart 0) KSP residual norm 5.935748e-08
  7 (restart 0) KSP residual norm 2.333106e-08
  8 (restart 0) KSP residual norm 1.078948e-08
  9 (restart 0) KSP residual norm 5.335502e-09
 10 (restart 0) KSP residual norm 3.010901e-09
 11 (restart 0) KSP residual norm 1.920657e-09
 12 (restart 0) KSP residual norm 1.562641e-09
 13 (restart 0) KSP residual norm 1.459344e-09
 14 (restart 0) KSP residual norm 1.381922e-09
 15 (restart 0) KSP residual norm 1.192025e-09
 16 (restart 0) KSP residual norm 8.414694e-10
 17 (restart 0) KSP residual norm 4.826914e-10
 18 (restart 0) KSP residual norm 2.503857e-10
 19 (restart 0) KSP residual norm 1.473960e-10
 20 (restart 0) KSP residual norm 9.899539e-11
 21 (restart 0) KSP residual norm 6.217951e-11
 22 (restart 0) KSP residual norm 3.779897e-11
 23 (restart 0) KSP residual norm 2.305058e-11
 24 (restart 0) KSP residual norm 1.415881e-11
 25 (restart 0) KSP residual norm 8.518246e-12
GMRES solver converged in 25 iterations (avg. reduction factor: 4.751e-01)
  2 EPS nconv=12 first unconverged value (error) 0.00489632+5.77808e-13i (1.56189488e-08)
  Residual norms for GMRES solve
  0 (restart 0) KSP residual norm 1.070530e-03
  1 (restart 0) KSP residual norm 6.724085e-05
  2 (restart 0) KSP residual norm 7.967091e-06
  3 (restart 0) KSP residual norm 2.128303e-06
  4 (restart 0) KSP residual norm 5.075901e-07
  5 (restart 0) KSP residual norm 1.769553e-07
  6 (restart 0) KSP residual norm 6.778201e-08
  7 (restart 0) KSP residual norm 2.819418e-08
  8 (restart 0) KSP residual norm 1.286110e-08
  9 (restart 0) KSP residual norm 6.574409e-09
 10 (restart 0) KSP residual norm 3.512006e-09
 11 (restart 0) KSP residual norm 1.641623e-09
 12 (restart 0) KSP residual norm 9.661298e-10
 13 (restart 0) KSP residual norm 7.575281e-10
 14 (restart 0) KSP residual norm 6.820283e-10
 15 (restart 0) KSP residual norm 6.231341e-10
 16 (restart 0) KSP residual norm 5.465199e-10
 17 (restart 0) KSP residual norm 4.089734e-10
 18 (restart 0) KSP residual norm 2.792170e-10
 19 (restart 0) KSP residual norm 1.999241e-10
 20 (restart 0) KSP residual norm 1.364952e-10
 21 (restart 0) KSP residual norm 7.904955e-11
 22 (restart 0) KSP residual norm 4.539241e-11
 23 (restart 0) KSP residual norm 2.504371e-11
 24 (restart 0) KSP residual norm 1.461471e-11
 25 (restart 0) KSP residual norm 9.907058e-12
GMRES solver converged in 25 iterations (avg. reduction factor: 4.771e-01)
  Residual norms for GMRES solve
  0 (restart 0) KSP residual norm 8.945773e-04
  1 (restart 0) KSP residual norm 6.564346e-05
  2 (restart 0) KSP residual norm 7.627876e-06
  3 (restart 0) KSP residual norm 1.974234e-06
  4 (restart 0) KSP residual norm 4.777904e-07
  5 (restart 0) KSP residual norm 1.593905e-07
  6 (restart 0) KSP residual norm 5.664846e-08
  7 (restart 0) KSP residual norm 2.271326e-08
  8 (restart 0) KSP residual norm 1.088711e-08
  9 (restart 0) KSP residual norm 5.533178e-09
 10 (restart 0) KSP residual norm 2.865838e-09
 11 (restart 0) KSP residual norm 1.461388e-09
 12 (restart 0) KSP residual norm 8.790612e-10
 13 (restart 0) KSP residual norm 6.936236e-10
 14 (restart 0) KSP residual norm 6.332727e-10
 15 (restart 0) KSP residual norm 5.886232e-10
 16 (restart 0) KSP residual norm 5.055951e-10
 17 (restart 0) KSP residual norm 3.761396e-10
 18 (restart 0) KSP residual norm 2.555387e-10
 19 (restart 0) KSP residual norm 1.793113e-10
 20 (restart 0) KSP residual norm 1.194241e-10
 21 (restart 0) KSP residual norm 6.866917e-11
 22 (restart 0) KSP residual norm 3.643515e-11
 23 (restart 0) KSP residual norm 1.960604e-11
 24 (restart 0) KSP residual norm 1.163487e-11
 25 (restart 0) KSP residual norm 7.346769e-12
GMRES solver converged in 25 iterations (avg. reduction factor: 4.749e-01)
  Residual norms for GMRES solve
  0 (restart 0) KSP residual norm 7.619088e-04
  1 (restart 0) KSP residual norm 6.553250e-05
  2 (restart 0) KSP residual norm 8.134054e-06
  3 (restart 0) KSP residual norm 2.152007e-06
  4 (restart 0) KSP residual norm 5.209759e-07
  5 (restart 0) KSP residual norm 1.728930e-07
  6 (restart 0) KSP residual norm 6.420759e-08
  7 (restart 0) KSP residual norm 2.729498e-08
  8 (restart 0) KSP residual norm 1.284360e-08
  9 (restart 0) KSP residual norm 6.636189e-09
 10 (restart 0) KSP residual norm 3.515088e-09
 11 (restart 0) KSP residual norm 1.710659e-09
 12 (restart 0) KSP residual norm 9.109683e-10
 13 (restart 0) KSP residual norm 6.596072e-10
 14 (restart 0) KSP residual norm 5.878440e-10
 15 (restart 0) KSP residual norm 5.503723e-10
 16 (restart 0) KSP residual norm 4.891079e-10
 17 (restart 0) KSP residual norm 3.661626e-10
 18 (restart 0) KSP residual norm 2.232315e-10
 19 (restart 0) KSP residual norm 1.482745e-10
 20 (restart 0) KSP residual norm 9.749501e-11
 21 (restart 0) KSP residual norm 6.026582e-11
 22 (restart 0) KSP residual norm 3.913128e-11
 23 (restart 0) KSP residual norm 2.496895e-11
 24 (restart 0) KSP residual norm 1.458368e-11
 25 (restart 0) KSP residual norm 8.671995e-12
 26 (restart 0) KSP residual norm 5.701120e-12
GMRES solver converged in 26 iterations (avg. reduction factor: 4.869e-01)
  Residual norms for GMRES solve
  0 (restart 0) KSP residual norm 7.024587e-04
  1 (restart 0) KSP residual norm 5.619542e-05
  2 (restart 0) KSP residual norm 7.628514e-06
  3 (restart 0) KSP residual norm 2.161072e-06
  4 (restart 0) KSP residual norm 4.742943e-07
  5 (restart 0) KSP residual norm 1.450762e-07
  6 (restart 0) KSP residual norm 5.166424e-08
  7 (restart 0) KSP residual norm 2.192004e-08
  8 (restart 0) KSP residual norm 1.023565e-08
  9 (restart 0) KSP residual norm 5.228790e-09
 10 (restart 0) KSP residual norm 3.004634e-09
 11 (restart 0) KSP residual norm 1.977301e-09
 12 (restart 0) KSP residual norm 1.633908e-09
 13 (restart 0) KSP residual norm 1.534763e-09
 14 (restart 0) KSP residual norm 1.434828e-09
 15 (restart 0) KSP residual norm 1.178093e-09
 16 (restart 0) KSP residual norm 7.612338e-10
 17 (restart 0) KSP residual norm 4.207179e-10
 18 (restart 0) KSP residual norm 2.151243e-10
 19 (restart 0) KSP residual norm 1.279094e-10
 20 (restart 0) KSP residual norm 8.987284e-11
 21 (restart 0) KSP residual norm 6.041480e-11
 22 (restart 0) KSP residual norm 3.705432e-11
 23 (restart 0) KSP residual norm 2.304759e-11
 24 (restart 0) KSP residual norm 1.332958e-11
 25 (restart 0) KSP residual norm 7.339186e-12
 26 (restart 0) KSP residual norm 4.394087e-12
GMRES solver converged in 26 iterations (avg. reduction factor: 4.836e-01)
  Residual norms for GMRES solve
  0 (restart 0) KSP residual norm 8.838204e-04
  1 (restart 0) KSP residual norm 6.095640e-05
  2 (restart 0) KSP residual norm 7.446631e-06
  3 (restart 0) KSP residual norm 1.896663e-06
  4 (restart 0) KSP residual norm 4.520386e-07
  5 (restart 0) KSP residual norm 1.494377e-07
  6 (restart 0) KSP residual norm 6.053162e-08
  7 (restart 0) KSP residual norm 2.997288e-08
  8 (restart 0) KSP residual norm 1.772870e-08
  9 (restart 0) KSP residual norm 9.065129e-09
 10 (restart 0) KSP residual norm 4.048860e-09
 11 (restart 0) KSP residual norm 2.469444e-09
 12 (restart 0) KSP residual norm 2.080039e-09
 13 (restart 0) KSP residual norm 1.959256e-09
 14 (restart 0) KSP residual norm 1.834253e-09
 15 (restart 0) KSP residual norm 1.484627e-09
 16 (restart 0) KSP residual norm 8.434020e-10
 17 (restart 0) KSP residual norm 4.157339e-10
 18 (restart 0) KSP residual norm 2.363645e-10
 19 (restart 0) KSP residual norm 1.535529e-10
 20 (restart 0) KSP residual norm 1.036064e-10
 21 (restart 0) KSP residual norm 6.413341e-11
 22 (restart 0) KSP residual norm 3.300456e-11
 23 (restart 0) KSP residual norm 1.802579e-11
 24 (restart 0) KSP residual norm 1.126164e-11
 25 (restart 0) KSP residual norm 7.266142e-12
GMRES solver converged in 25 iterations (avg. reduction factor: 4.749e-01)
  Residual norms for GMRES solve
  0 (restart 0) KSP residual norm 1.413530e-03
  1 (restart 0) KSP residual norm 8.345522e-05
  2 (restart 0) KSP residual norm 1.016898e-05
  3 (restart 0) KSP residual norm 2.464947e-06
  4 (restart 0) KSP residual norm 5.991919e-07
  5 (restart 0) KSP residual norm 2.119444e-07
  6 (restart 0) KSP residual norm 8.459289e-08
  7 (restart 0) KSP residual norm 3.162416e-08
  8 (restart 0) KSP residual norm 1.448478e-08
  9 (restart 0) KSP residual norm 7.691382e-09
 10 (restart 0) KSP residual norm 3.966617e-09
 11 (restart 0) KSP residual norm 1.861246e-09
 12 (restart 0) KSP residual norm 1.281818e-09
 13 (restart 0) KSP residual norm 1.169871e-09
 14 (restart 0) KSP residual norm 1.102384e-09
 15 (restart 0) KSP residual norm 9.587010e-10
 16 (restart 0) KSP residual norm 6.998298e-10
 17 (restart 0) KSP residual norm 4.363588e-10
 18 (restart 0) KSP residual norm 2.645874e-10
 19 (restart 0) KSP residual norm 1.798873e-10
 20 (restart 0) KSP residual norm 1.226428e-10
 21 (restart 0) KSP residual norm 6.976858e-11
 22 (restart 0) KSP residual norm 3.803948e-11
 23 (restart 0) KSP residual norm 2.301799e-11
 24 (restart 0) KSP residual norm 1.403994e-11
GMRES solver converged in 24 iterations (avg. reduction factor: 4.640e-01)
  Residual norms for GMRES solve
  0 (restart 0) KSP residual norm 1.287006e-03
  1 (restart 0) KSP residual norm 6.618629e-05
  2 (restart 0) KSP residual norm 9.895566e-06
  3 (restart 0) KSP residual norm 2.585240e-06
  4 (restart 0) KSP residual norm 6.636265e-07
  5 (restart 0) KSP residual norm 2.078526e-07
  6 (restart 0) KSP residual norm 7.683075e-08
  7 (restart 0) KSP residual norm 2.932861e-08
  8 (restart 0) KSP residual norm 1.254898e-08
  9 (restart 0) KSP residual norm 6.653660e-09
 10 (restart 0) KSP residual norm 3.707874e-09
 11 (restart 0) KSP residual norm 1.772265e-09
 12 (restart 0) KSP residual norm 9.645782e-10
 13 (restart 0) KSP residual norm 7.724793e-10
 14 (restart 0) KSP residual norm 7.028603e-10
 15 (restart 0) KSP residual norm 6.555108e-10
 16 (restart 0) KSP residual norm 5.655692e-10
 17 (restart 0) KSP residual norm 4.007337e-10
 18 (restart 0) KSP residual norm 2.574316e-10
 19 (restart 0) KSP residual norm 1.861867e-10
 20 (restart 0) KSP residual norm 1.366133e-10
 21 (restart 0) KSP residual norm 8.795967e-11
 22 (restart 0) KSP residual norm 5.121598e-11
 23 (restart 0) KSP residual norm 2.884224e-11
 24 (restart 0) KSP residual norm 1.647161e-11
 25 (restart 0) KSP residual norm 9.775332e-12
GMRES solver converged in 25 iterations (avg. reduction factor: 4.734e-01)
  Residual norms for GMRES solve
  0 (restart 0) KSP residual norm 1.169999e-03
  1 (restart 0) KSP residual norm 7.234159e-05
  2 (restart 0) KSP residual norm 1.018183e-05
  3 (restart 0) KSP residual norm 2.509279e-06
  4 (restart 0) KSP residual norm 6.356411e-07
  5 (restart 0) KSP residual norm 1.915076e-07
  6 (restart 0) KSP residual norm 6.832300e-08
  7 (restart 0) KSP residual norm 2.533221e-08
  8 (restart 0) KSP residual norm 1.071351e-08
  9 (restart 0) KSP residual norm 6.101769e-09
 10 (restart 0) KSP residual norm 4.510659e-09
 11 (restart 0) KSP residual norm 3.904668e-09
 12 (restart 0) KSP residual norm 3.660239e-09
 13 (restart 0) KSP residual norm 3.457484e-09
 14 (restart 0) KSP residual norm 2.933341e-09
 15 (restart 0) KSP residual norm 1.790892e-09
 16 (restart 0) KSP residual norm 9.043711e-10
 17 (restart 0) KSP residual norm 4.783972e-10
 18 (restart 0) KSP residual norm 2.696241e-10
 19 (restart 0) KSP residual norm 1.762388e-10
 20 (restart 0) KSP residual norm 1.244986e-10
 21 (restart 0) KSP residual norm 7.509580e-11
 22 (restart 0) KSP residual norm 3.952666e-11
 23 (restart 0) KSP residual norm 2.410525e-11
 24 (restart 0) KSP residual norm 1.610461e-11
 25 (restart 0) KSP residual norm 1.036753e-11
GMRES solver converged in 25 iterations (avg. reduction factor: 4.763e-01)
  Residual norms for GMRES solve
  0 (restart 0) KSP residual norm 1.208804e-03
  1 (restart 0) KSP residual norm 7.403931e-05
  2 (restart 0) KSP residual norm 9.471232e-06
  3 (restart 0) KSP residual norm 2.233728e-06
  4 (restart 0) KSP residual norm 5.129322e-07
  5 (restart 0) KSP residual norm 1.595815e-07
  6 (restart 0) KSP residual norm 5.960591e-08
  7 (restart 0) KSP residual norm 2.564639e-08
  8 (restart 0) KSP residual norm 1.335114e-08
  9 (restart 0) KSP residual norm 7.796161e-09
 10 (restart 0) KSP residual norm 5.483134e-09
 11 (restart 0) KSP residual norm 4.682174e-09
 12 (restart 0) KSP residual norm 4.387249e-09
 13 (restart 0) KSP residual norm 4.129478e-09
 14 (restart 0) KSP residual norm 3.393321e-09
 15 (restart 0) KSP residual norm 1.923267e-09
 16 (restart 0) KSP residual norm 9.670154e-10
 17 (restart 0) KSP residual norm 5.053482e-10
 18 (restart 0) KSP residual norm 2.824101e-10
 19 (restart 0) KSP residual norm 1.773973e-10
 20 (restart 0) KSP residual norm 1.136073e-10
 21 (restart 0) KSP residual norm 6.690177e-11
 22 (restart 0) KSP residual norm 4.110811e-11
 23 (restart 0) KSP residual norm 2.586169e-11
 24 (restart 0) KSP residual norm 1.497413e-11
 25 (restart 0) KSP residual norm 9.118190e-12
GMRES solver converged in 25 iterations (avg. reduction factor: 4.733e-01)
  Residual norms for GMRES solve
  0 (restart 0) KSP residual norm 6.615965e-04
  1 (restart 0) KSP residual norm 5.168322e-05
  2 (restart 0) KSP residual norm 7.745630e-06
  3 (restart 0) KSP residual norm 2.203697e-06
  4 (restart 0) KSP residual norm 5.311097e-07
  5 (restart 0) KSP residual norm 1.661002e-07
  6 (restart 0) KSP residual norm 5.967833e-08
  7 (restart 0) KSP residual norm 2.548530e-08
  8 (restart 0) KSP residual norm 1.302055e-08
  9 (restart 0) KSP residual norm 7.222129e-09
 10 (restart 0) KSP residual norm 4.014998e-09
 11 (restart 0) KSP residual norm 2.596844e-09
 12 (restart 0) KSP residual norm 2.110996e-09
 13 (restart 0) KSP residual norm 1.947137e-09
 14 (restart 0) KSP residual norm 1.815167e-09
 15 (restart 0) KSP residual norm 1.499701e-09
 16 (restart 0) KSP residual norm 9.599851e-10
 17 (restart 0) KSP residual norm 5.146939e-10
 18 (restart 0) KSP residual norm 2.833205e-10
 19 (restart 0) KSP residual norm 1.690384e-10
 20 (restart 0) KSP residual norm 1.050908e-10
 21 (restart 0) KSP residual norm 6.558290e-11
 22 (restart 0) KSP residual norm 4.172251e-11
 23 (restart 0) KSP residual norm 2.616537e-11
 24 (restart 0) KSP residual norm 1.555843e-11
 25 (restart 0) KSP residual norm 9.482198e-12
 26 (restart 0) KSP residual norm 6.213405e-12
GMRES solver converged in 26 iterations (avg. reduction factor: 4.912e-01)
  Residual norms for GMRES solve
  0 (restart 0) KSP residual norm 1.080141e-03
  1 (restart 0) KSP residual norm 7.422009e-05
  2 (restart 0) KSP residual norm 9.009169e-06
  3 (restart 0) KSP residual norm 2.211277e-06
  4 (restart 0) KSP residual norm 5.247743e-07
  5 (restart 0) KSP residual norm 1.723697e-07
  6 (restart 0) KSP residual norm 6.679647e-08
  7 (restart 0) KSP residual norm 2.928269e-08
  8 (restart 0) KSP residual norm 1.446457e-08
  9 (restart 0) KSP residual norm 7.714004e-09
 10 (restart 0) KSP residual norm 4.026954e-09
 11 (restart 0) KSP residual norm 2.048792e-09
 12 (restart 0) KSP residual norm 1.232401e-09
 13 (restart 0) KSP residual norm 9.977530e-10
 14 (restart 0) KSP residual norm 9.141099e-10
 15 (restart 0) KSP residual norm 8.545040e-10
 16 (restart 0) KSP residual norm 7.215342e-10
 17 (restart 0) KSP residual norm 4.565270e-10
 18 (restart 0) KSP residual norm 2.503963e-10
 19 (restart 0) KSP residual norm 1.605793e-10
 20 (restart 0) KSP residual norm 1.096764e-10
 21 (restart 0) KSP residual norm 6.486527e-11
 22 (restart 0) KSP residual norm 3.587578e-11
 23 (restart 0) KSP residual norm 2.055705e-11
 24 (restart 0) KSP residual norm 1.186581e-11
 25 (restart 0) KSP residual norm 7.083866e-12
GMRES solver converged in 25 iterations (avg. reduction factor: 4.706e-01)
  Residual norms for GMRES solve
  0 (restart 0) KSP residual norm 1.027373e-03
  1 (restart 0) KSP residual norm 7.506093e-05
  2 (restart 0) KSP residual norm 8.980578e-06
  3 (restart 0) KSP residual norm 2.313942e-06
  4 (restart 0) KSP residual norm 5.689508e-07
  5 (restart 0) KSP residual norm 2.050383e-07
  6 (restart 0) KSP residual norm 7.451858e-08
  7 (restart 0) KSP residual norm 2.946258e-08
  8 (restart 0) KSP residual norm 1.345160e-08
  9 (restart 0) KSP residual norm 7.820075e-09
 10 (restart 0) KSP residual norm 5.288948e-09
 11 (restart 0) KSP residual norm 3.701743e-09
 12 (restart 0) KSP residual norm 3.037547e-09
 13 (restart 0) KSP residual norm 2.766411e-09
 14 (restart 0) KSP residual norm 2.416678e-09
 15 (restart 0) KSP residual norm 1.762833e-09
 16 (restart 0) KSP residual norm 1.052092e-09
 17 (restart 0) KSP residual norm 5.149816e-10
 18 (restart 0) KSP residual norm 2.453515e-10
 19 (restart 0) KSP residual norm 1.516407e-10
 20 (restart 0) KSP residual norm 1.054065e-10
 21 (restart 0) KSP residual norm 6.756974e-11
 22 (restart 0) KSP residual norm 4.234486e-11
 23 (restart 0) KSP residual norm 2.529206e-11
 24 (restart 0) KSP residual norm 1.417611e-11
 25 (restart 0) KSP residual norm 8.352742e-12
GMRES solver converged in 25 iterations (avg. reduction factor: 4.747e-01)
  Residual norms for GMRES solve
  0 (restart 0) KSP residual norm 7.332899e-04
  1 (restart 0) KSP residual norm 5.067804e-05
  2 (restart 0) KSP residual norm 7.546562e-06
  3 (restart 0) KSP residual norm 2.082025e-06
  4 (restart 0) KSP residual norm 5.293815e-07
  5 (restart 0) KSP residual norm 1.763056e-07
  6 (restart 0) KSP residual norm 6.777135e-08
  7 (restart 0) KSP residual norm 2.808960e-08
  8 (restart 0) KSP residual norm 1.247952e-08
  9 (restart 0) KSP residual norm 6.945109e-09
 10 (restart 0) KSP residual norm 4.888992e-09
 11 (restart 0) KSP residual norm 4.140740e-09
 12 (restart 0) KSP residual norm 3.919394e-09
 13 (restart 0) KSP residual norm 3.751489e-09
 14 (restart 0) KSP residual norm 3.161601e-09
 15 (restart 0) KSP residual norm 1.892738e-09
 16 (restart 0) KSP residual norm 1.069528e-09
 17 (restart 0) KSP residual norm 6.197212e-10
 18 (restart 0) KSP residual norm 3.454625e-10
 19 (restart 0) KSP residual norm 2.310459e-10
 20 (restart 0) KSP residual norm 1.590044e-10
 21 (restart 0) KSP residual norm 8.472571e-11
 22 (restart 0) KSP residual norm 4.417238e-11
 23 (restart 0) KSP residual norm 2.740245e-11
 24 (restart 0) KSP residual norm 1.793610e-11
 25 (restart 0) KSP residual norm 1.156808e-11
 26 (restart 0) KSP residual norm 7.627061e-12
 27 (restart 0) KSP residual norm 4.688604e-12
GMRES solver converged in 27 iterations (avg. reduction factor: 4.972e-01)
  Residual norms for GMRES solve
  0 (restart 0) KSP residual norm 1.025917e-03
  1 (restart 0) KSP residual norm 7.233156e-05
  2 (restart 0) KSP residual norm 8.131758e-06
  3 (restart 0) KSP residual norm 2.086372e-06
  4 (restart 0) KSP residual norm 5.175968e-07
  5 (restart 0) KSP residual norm 1.723086e-07
  6 (restart 0) KSP residual norm 6.102348e-08
  7 (restart 0) KSP residual norm 2.191791e-08
  8 (restart 0) KSP residual norm 9.386221e-09
  9 (restart 0) KSP residual norm 5.399208e-09
 10 (restart 0) KSP residual norm 4.015054e-09
 11 (restart 0) KSP residual norm 3.248108e-09
 12 (restart 0) KSP residual norm 2.857785e-09
 13 (restart 0) KSP residual norm 2.539241e-09
 14 (restart 0) KSP residual norm 2.155648e-09
 15 (restart 0) KSP residual norm 1.609856e-09
 16 (restart 0) KSP residual norm 9.930923e-10
 17 (restart 0) KSP residual norm 5.531194e-10
 18 (restart 0) KSP residual norm 3.283219e-10
 19 (restart 0) KSP residual norm 2.265934e-10
 20 (restart 0) KSP residual norm 1.473026e-10
 21 (restart 0) KSP residual norm 8.263054e-11
 22 (restart 0) KSP residual norm 4.866216e-11
 23 (restart 0) KSP residual norm 2.889241e-11
 24 (restart 0) KSP residual norm 1.853391e-11
 25 (restart 0) KSP residual norm 1.207585e-11
 26 (restart 0) KSP residual norm 7.605681e-12
GMRES solver converged in 26 iterations (avg. reduction factor: 4.868e-01)
  Residual norms for GMRES solve
  0 (restart 0) KSP residual norm 7.267671e-04
  1 (restart 0) KSP residual norm 5.769814e-05
  2 (restart 0) KSP residual norm 7.081753e-06
  3 (restart 0) KSP residual norm 1.930645e-06
  4 (restart 0) KSP residual norm 4.803473e-07
  5 (restart 0) KSP residual norm 1.705873e-07
  6 (restart 0) KSP residual norm 6.630784e-08
  7 (restart 0) KSP residual norm 2.375478e-08
  8 (restart 0) KSP residual norm 1.038909e-08
  9 (restart 0) KSP residual norm 5.431262e-09
 10 (restart 0) KSP residual norm 2.803469e-09
 11 (restart 0) KSP residual norm 1.328139e-09
 12 (restart 0) KSP residual norm 6.543999e-10
 13 (restart 0) KSP residual norm 3.570959e-10
 14 (restart 0) KSP residual norm 2.142420e-10
 15 (restart 0) KSP residual norm 1.554854e-10
 16 (restart 0) KSP residual norm 1.290711e-10
 17 (restart 0) KSP residual norm 1.038299e-10
 18 (restart 0) KSP residual norm 8.204781e-11
 19 (restart 0) KSP residual norm 7.337595e-11
 20 (restart 0) KSP residual norm 6.695881e-11
 21 (restart 0) KSP residual norm 5.539191e-11
 22 (restart 0) KSP residual norm 4.184681e-11
 23 (restart 0) KSP residual norm 2.920201e-11
 24 (restart 0) KSP residual norm 1.825486e-11
 25 (restart 0) KSP residual norm 1.126131e-11
 26 (restart 0) KSP residual norm 6.884451e-12
GMRES solver converged in 26 iterations (avg. reduction factor: 4.914e-01)
  Residual norms for GMRES solve
  0 (restart 0) KSP residual norm 7.183508e-04
  1 (restart 0) KSP residual norm 5.913977e-05
  2 (restart 0) KSP residual norm 7.805690e-06
  3 (restart 0) KSP residual norm 2.004126e-06
  4 (restart 0) KSP residual norm 4.852902e-07
  5 (restart 0) KSP residual norm 1.530033e-07
  6 (restart 0) KSP residual norm 5.690838e-08
  7 (restart 0) KSP residual norm 2.358194e-08
  8 (restart 0) KSP residual norm 1.143143e-08
  9 (restart 0) KSP residual norm 6.778046e-09
 10 (restart 0) KSP residual norm 4.610102e-09
 11 (restart 0) KSP residual norm 3.584079e-09
 12 (restart 0) KSP residual norm 3.153438e-09
 13 (restart 0) KSP residual norm 2.886115e-09
 14 (restart 0) KSP residual norm 2.471176e-09
 15 (restart 0) KSP residual norm 1.659093e-09
 16 (restart 0) KSP residual norm 8.979298e-10
 17 (restart 0) KSP residual norm 4.797120e-10
 18 (restart 0) KSP residual norm 2.990017e-10
 19 (restart 0) KSP residual norm 2.032768e-10
 20 (restart 0) KSP residual norm 1.288368e-10
 21 (restart 0) KSP residual norm 6.935547e-11
 22 (restart 0) KSP residual norm 3.956805e-11
 23 (restart 0) KSP residual norm 2.360819e-11
 24 (restart 0) KSP residual norm 1.405131e-11
 25 (restart 0) KSP residual norm 9.352410e-12
 26 (restart 0) KSP residual norm 6.532433e-12
GMRES solver converged in 26 iterations (avg. reduction factor: 4.906e-01)
  3 EPS nconv=20 first unconverged value (error) 0.00629919-2.58587e-11i (4.00305036e-07)
  Residual norms for GMRES solve
  0 (restart 0) KSP residual norm 4.247205e-04
  1 (restart 0) KSP residual norm 3.608259e-05
  2 (restart 0) KSP residual norm 6.513586e-06
  3 (restart 0) KSP residual norm 1.819091e-06
  4 (restart 0) KSP residual norm 4.445279e-07
  5 (restart 0) KSP residual norm 1.490273e-07
  6 (restart 0) KSP residual norm 6.016213e-08
  7 (restart 0) KSP residual norm 2.506973e-08
  8 (restart 0) KSP residual norm 1.279819e-08
  9 (restart 0) KSP residual norm 8.261704e-09
 10 (restart 0) KSP residual norm 6.431498e-09
 11 (restart 0) KSP residual norm 5.540775e-09
 12 (restart 0) KSP residual norm 4.990930e-09
 13 (restart 0) KSP residual norm 4.508789e-09
 14 (restart 0) KSP residual norm 3.552044e-09
 15 (restart 0) KSP residual norm 2.055663e-09
 16 (restart 0) KSP residual norm 1.039999e-09
 17 (restart 0) KSP residual norm 4.903738e-10
 18 (restart 0) KSP residual norm 2.367823e-10
 19 (restart 0) KSP residual norm 1.416092e-10
 20 (restart 0) KSP residual norm 9.010336e-11
 21 (restart 0) KSP residual norm 5.598048e-11
 22 (restart 0) KSP residual norm 3.616015e-11
 23 (restart 0) KSP residual norm 2.351367e-11
 24 (restart 0) KSP residual norm 1.383646e-11
 25 (restart 0) KSP residual norm 8.297988e-12
 26 (restart 0) KSP residual norm 5.338330e-12
 27 (restart 0) KSP residual norm 3.237529e-12
GMRES solver converged in 27 iterations (avg. reduction factor: 5.004e-01)
  Residual norms for GMRES solve
  0 (restart 0) KSP residual norm 8.899730e-04
  1 (restart 0) KSP residual norm 5.773408e-05
  2 (restart 0) KSP residual norm 6.892619e-06
  3 (restart 0) KSP residual norm 1.832342e-06
  4 (restart 0) KSP residual norm 4.754839e-07
  5 (restart 0) KSP residual norm 1.673927e-07
  6 (restart 0) KSP residual norm 6.652659e-08
  7 (restart 0) KSP residual norm 2.497716e-08
  8 (restart 0) KSP residual norm 1.136759e-08
  9 (restart 0) KSP residual norm 7.159760e-09
 10 (restart 0) KSP residual norm 5.520697e-09
 11 (restart 0) KSP residual norm 4.798426e-09
 12 (restart 0) KSP residual norm 4.435166e-09
 13 (restart 0) KSP residual norm 4.016869e-09
 14 (restart 0) KSP residual norm 3.105315e-09
 15 (restart 0) KSP residual norm 2.008188e-09
 16 (restart 0) KSP residual norm 1.150346e-09
 17 (restart 0) KSP residual norm 5.632669e-10
 18 (restart 0) KSP residual norm 3.144770e-10
 19 (restart 0) KSP residual norm 2.217417e-10
 20 (restart 0) KSP residual norm 1.432065e-10
 21 (restart 0) KSP residual norm 7.615512e-11
 22 (restart 0) KSP residual norm 4.492873e-11
 23 (restart 0) KSP residual norm 2.776650e-11
 24 (restart 0) KSP residual norm 1.730092e-11
 25 (restart 0) KSP residual norm 1.158342e-11
 26 (restart 0) KSP residual norm 7.681199e-12
GMRES solver converged in 26 iterations (avg. reduction factor: 4.896e-01)
  Residual norms for GMRES solve
  0 (restart 0) KSP residual norm 9.899428e-04
  1 (restart 0) KSP residual norm 6.380144e-05
  2 (restart 0) KSP residual norm 7.456402e-06
  3 (restart 0) KSP residual norm 1.911802e-06
  4 (restart 0) KSP residual norm 4.482523e-07
  5 (restart 0) KSP residual norm 1.417272e-07
  6 (restart 0) KSP residual norm 5.398576e-08
  7 (restart 0) KSP residual norm 2.108737e-08
  8 (restart 0) KSP residual norm 1.028506e-08
  9 (restart 0) KSP residual norm 5.492615e-09
 10 (restart 0) KSP residual norm 2.716370e-09
 11 (restart 0) KSP residual norm 1.298863e-09
 12 (restart 0) KSP residual norm 8.005360e-10
 13 (restart 0) KSP residual norm 6.487386e-10
 14 (restart 0) KSP residual norm 5.884040e-10
 15 (restart 0) KSP residual norm 5.395475e-10
 16 (restart 0) KSP residual norm 4.527316e-10
 17 (restart 0) KSP residual norm 3.202560e-10
 18 (restart 0) KSP residual norm 2.168479e-10
 19 (restart 0) KSP residual norm 1.484731e-10
 20 (restart 0) KSP residual norm 1.057306e-10
 21 (restart 0) KSP residual norm 7.041186e-11
 22 (restart 0) KSP residual norm 4.065838e-11
 23 (restart 0) KSP residual norm 2.427107e-11
 24 (restart 0) KSP residual norm 1.410087e-11
 25 (restart 0) KSP residual norm 8.050070e-12
GMRES solver converged in 25 iterations (avg. reduction factor: 4.747e-01)
  Residual norms for GMRES solve
  0 (restart 0) KSP residual norm 6.907481e-04
  1 (restart 0) KSP residual norm 6.669435e-05
  2 (restart 0) KSP residual norm 7.541588e-06
  3 (restart 0) KSP residual norm 2.096478e-06
  4 (restart 0) KSP residual norm 4.960026e-07
  5 (restart 0) KSP residual norm 1.612729e-07
  6 (restart 0) KSP residual norm 5.959783e-08
  7 (restart 0) KSP residual norm 2.508040e-08
  8 (restart 0) KSP residual norm 1.294676e-08
  9 (restart 0) KSP residual norm 8.171528e-09
 10 (restart 0) KSP residual norm 6.382891e-09
 11 (restart 0) KSP residual norm 5.796451e-09
 12 (restart 0) KSP residual norm 5.530426e-09
 13 (restart 0) KSP residual norm 5.155403e-09
 14 (restart 0) KSP residual norm 3.975709e-09
 15 (restart 0) KSP residual norm 2.058555e-09
 16 (restart 0) KSP residual norm 1.003206e-09
 17 (restart 0) KSP residual norm 4.999185e-10
 18 (restart 0) KSP residual norm 2.431835e-10
 19 (restart 0) KSP residual norm 1.417074e-10
 20 (restart 0) KSP residual norm 9.973831e-11
 21 (restart 0) KSP residual norm 6.419480e-11
 22 (restart 0) KSP residual norm 3.965085e-11
 23 (restart 0) KSP residual norm 2.552307e-11
 24 (restart 0) KSP residual norm 1.515304e-11
 25 (restart 0) KSP residual norm 8.711269e-12
 26 (restart 0) KSP residual norm 5.405612e-12
GMRES solver converged in 26 iterations (avg. reduction factor: 4.878e-01)
  Residual norms for GMRES solve
  0 (restart 0) KSP residual norm 5.798031e-04
  1 (restart 0) KSP residual norm 4.036337e-05
  2 (restart 0) KSP residual norm 6.396533e-06
  3 (restart 0) KSP residual norm 1.835357e-06
  4 (restart 0) KSP residual norm 4.274470e-07
  5 (restart 0) KSP residual norm 1.427052e-07
  6 (restart 0) KSP residual norm 5.781291e-08
  7 (restart 0) KSP residual norm 2.691850e-08
  8 (restart 0) KSP residual norm 1.411318e-08
  9 (restart 0) KSP residual norm 8.969229e-09
 10 (restart 0) KSP residual norm 7.198702e-09
 11 (restart 0) KSP residual norm 6.700626e-09
 12 (restart 0) KSP residual norm 6.476044e-09
 13 (restart 0) KSP residual norm 5.991530e-09
 14 (restart 0) KSP residual norm 4.326102e-09
 15 (restart 0) KSP residual norm 2.153672e-09
 16 (restart 0) KSP residual norm 1.151957e-09
 17 (restart 0) KSP residual norm 6.344507e-10
 18 (restart 0) KSP residual norm 3.739866e-10
 19 (restart 0) KSP residual norm 2.722185e-10
 20 (restart 0) KSP residual norm 1.842496e-10
 21 (restart 0) KSP residual norm 8.954841e-11
 22 (restart 0) KSP residual norm 4.702671e-11
 23 (restart 0) KSP residual norm 3.095502e-11
 24 (restart 0) KSP residual norm 2.062736e-11
 25 (restart 0) KSP residual norm 1.279939e-11
 26 (restart 0) KSP residual norm 8.193831e-12
 27 (restart 0) KSP residual norm 4.373892e-12
GMRES solver converged in 27 iterations (avg. reduction factor: 5.002e-01)
  Residual norms for GMRES solve
  0 (restart 0) KSP residual norm 1.517124e-03
  1 (restart 0) KSP residual norm 6.738654e-05
  2 (restart 0) KSP residual norm 7.402831e-06
  3 (restart 0) KSP residual norm 1.906514e-06
  4 (restart 0) KSP residual norm 4.548476e-07
  5 (restart 0) KSP residual norm 1.448269e-07
  6 (restart 0) KSP residual norm 5.227977e-08
  7 (restart 0) KSP residual norm 2.207303e-08
  8 (restart 0) KSP residual norm 1.016483e-08
  9 (restart 0) KSP residual norm 5.355614e-09
 10 (restart 0) KSP residual norm 3.366960e-09
 11 (restart 0) KSP residual norm 2.517334e-09
 12 (restart 0) KSP residual norm 2.207670e-09
 13 (restart 0) KSP residual norm 2.073180e-09
 14 (restart 0) KSP residual norm 1.873850e-09
 15 (restart 0) KSP residual norm 1.358821e-09
 16 (restart 0) KSP residual norm 8.274822e-10
 17 (restart 0) KSP residual norm 5.014399e-10
 18 (restart 0) KSP residual norm 3.194935e-10
 19 (restart 0) KSP residual norm 2.243367e-10
 20 (restart 0) KSP residual norm 1.541429e-10
 21 (restart 0) KSP residual norm 9.192053e-11
 22 (restart 0) KSP residual norm 5.608841e-11
 23 (restart 0) KSP residual norm 3.364255e-11
 24 (restart 0) KSP residual norm 1.799730e-11
 25 (restart 0) KSP residual norm 1.023344e-11
GMRES solver converged in 25 iterations (avg. reduction factor: 4.712e-01)
  Residual norms for GMRES solve
  0 (restart 0) KSP residual norm 1.276333e-03
  1 (restart 0) KSP residual norm 6.502619e-05
  2 (restart 0) KSP residual norm 7.533867e-06
  3 (restart 0) KSP residual norm 2.059824e-06
  4 (restart 0) KSP residual norm 4.709150e-07
  5 (restart 0) KSP residual norm 1.539991e-07
  6 (restart 0) KSP residual norm 5.906400e-08
  7 (restart 0) KSP residual norm 2.935106e-08
  8 (restart 0) KSP residual norm 1.660321e-08
  9 (restart 0) KSP residual norm 9.210268e-09
 10 (restart 0) KSP residual norm 5.670366e-09
 11 (restart 0) KSP residual norm 4.773579e-09
 12 (restart 0) KSP residual norm 4.516012e-09
 13 (restart 0) KSP residual norm 4.209427e-09
 14 (restart 0) KSP residual norm 3.318697e-09
 15 (restart 0) KSP residual norm 1.780802e-09
 16 (restart 0) KSP residual norm 8.002589e-10
 17 (restart 0) KSP residual norm 3.966517e-10
 18 (restart 0) KSP residual norm 1.919163e-10
 19 (restart 0) KSP residual norm 9.571639e-11
 20 (restart 0) KSP residual norm 5.309462e-11
 21 (restart 0) KSP residual norm 3.113792e-11
 22 (restart 0) KSP residual norm 1.835078e-11
 23 (restart 0) KSP residual norm 1.173036e-11
GMRES solver converged in 23 iterations (avg. reduction factor: 4.473e-01)
  Residual norms for GMRES solve
  0 (restart 0) KSP residual norm 8.879707e-04
  1 (restart 0) KSP residual norm 5.863916e-05
  2 (restart 0) KSP residual norm 7.576366e-06
  3 (restart 0) KSP residual norm 1.919863e-06
  4 (restart 0) KSP residual norm 4.509063e-07
  5 (restart 0) KSP residual norm 1.515986e-07
  6 (restart 0) KSP residual norm 6.331720e-08
  7 (restart 0) KSP residual norm 3.459371e-08
  8 (restart 0) KSP residual norm 1.866905e-08
  9 (restart 0) KSP residual norm 1.056422e-08
 10 (restart 0) KSP residual norm 8.077125e-09
 11 (restart 0) KSP residual norm 7.526883e-09
 12 (restart 0) KSP residual norm 7.303364e-09
 13 (restart 0) KSP residual norm 6.679861e-09
 14 (restart 0) KSP residual norm 4.421645e-09
 15 (restart 0) KSP residual norm 1.900442e-09
 16 (restart 0) KSP residual norm 8.500731e-10
 17 (restart 0) KSP residual norm 4.235865e-10
 18 (restart 0) KSP residual norm 1.967021e-10
 19 (restart 0) KSP residual norm 9.780016e-11
 20 (restart 0) KSP residual norm 5.993287e-11
 21 (restart 0) KSP residual norm 3.628374e-11
 22 (restart 0) KSP residual norm 2.255955e-11
 23 (restart 0) KSP residual norm 1.585742e-11
 24 (restart 0) KSP residual norm 1.061959e-11
 25 (restart 0) KSP residual norm 6.005495e-12
GMRES solver converged in 25 iterations (avg. reduction factor: 4.712e-01)
  Residual norms for GMRES solve
  0 (restart 0) KSP residual norm 1.015503e-03
  1 (restart 0) KSP residual norm 5.461026e-05
  2 (restart 0) KSP residual norm 6.909216e-06
  3 (restart 0) KSP residual norm 1.823265e-06
  4 (restart 0) KSP residual norm 4.859408e-07
  5 (restart 0) KSP residual norm 1.869223e-07
  6 (restart 0) KSP residual norm 7.439415e-08
  7 (restart 0) KSP residual norm 2.957731e-08
  8 (restart 0) KSP residual norm 1.506367e-08
  9 (restart 0) KSP residual norm 9.344272e-09
 10 (restart 0) KSP residual norm 6.832522e-09
 11 (restart 0) KSP residual norm 6.127183e-09
 12 (restart 0) KSP residual norm 5.900727e-09
 13 (restart 0) KSP residual norm 5.418840e-09
 14 (restart 0) KSP residual norm 3.754733e-09
 15 (restart 0) KSP residual norm 1.926681e-09
 16 (restart 0) KSP residual norm 9.561804e-10
 17 (restart 0) KSP residual norm 4.743263e-10
 18 (restart 0) KSP residual norm 2.553053e-10
 19 (restart 0) KSP residual norm 1.725855e-10
 20 (restart 0) KSP residual norm 1.178645e-10
 21 (restart 0) KSP residual norm 6.584161e-11
 22 (restart 0) KSP residual norm 3.737759e-11
 23 (restart 0) KSP residual norm 2.326992e-11
 24 (restart 0) KSP residual norm 1.462623e-11
 25 (restart 0) KSP residual norm 9.509661e-12
GMRES solver converged in 25 iterations (avg. reduction factor: 4.774e-01)
  Residual norms for GMRES solve
  0 (restart 0) KSP residual norm 8.059322e-04
  1 (restart 0) KSP residual norm 5.185493e-05
  2 (restart 0) KSP residual norm 6.934307e-06
  3 (restart 0) KSP residual norm 1.765552e-06
  4 (restart 0) KSP residual norm 4.468118e-07
  5 (restart 0) KSP residual norm 1.552635e-07
  6 (restart 0) KSP residual norm 5.475894e-08
  7 (restart 0) KSP residual norm 1.837509e-08
  8 (restart 0) KSP residual norm 7.986918e-09
  9 (restart 0) KSP residual norm 4.593877e-09
 10 (restart 0) KSP residual norm 2.964157e-09
 11 (restart 0) KSP residual norm 2.192204e-09
 12 (restart 0) KSP residual norm 1.911315e-09
 13 (restart 0) KSP residual norm 1.718595e-09
 14 (restart 0) KSP residual norm 1.483483e-09
 15 (restart 0) KSP residual norm 1.158323e-09
 16 (restart 0) KSP residual norm 7.441188e-10
 17 (restart 0) KSP residual norm 4.038870e-10
 18 (restart 0) KSP residual norm 2.311098e-10
 19 (restart 0) KSP residual norm 1.535175e-10
 20 (restart 0) KSP residual norm 1.049998e-10
 21 (restart 0) KSP residual norm 6.821984e-11
 22 (restart 0) KSP residual norm 4.003143e-11
 23 (restart 0) KSP residual norm 2.281275e-11
 24 (restart 0) KSP residual norm 1.355018e-11
 25 (restart 0) KSP residual norm 8.055556e-12
GMRES solver converged in 25 iterations (avg. reduction factor: 4.786e-01)
  Residual norms for GMRES solve
  0 (restart 0) KSP residual norm 6.553099e-04
  1 (restart 0) KSP residual norm 4.993893e-05
  2 (restart 0) KSP residual norm 7.045195e-06
  3 (restart 0) KSP residual norm 1.895535e-06
  4 (restart 0) KSP residual norm 4.448969e-07
  5 (restart 0) KSP residual norm 1.479964e-07
  6 (restart 0) KSP residual norm 5.690633e-08
  7 (restart 0) KSP residual norm 2.823026e-08
  8 (restart 0) KSP residual norm 1.690556e-08
  9 (restart 0) KSP residual norm 1.131485e-08
 10 (restart 0) KSP residual norm 9.040202e-09
 11 (restart 0) KSP residual norm 8.303277e-09
 12 (restart 0) KSP residual norm 7.839690e-09
 13 (restart 0) KSP residual norm 6.848725e-09
 14 (restart 0) KSP residual norm 4.542138e-09
 15 (restart 0) KSP residual norm 2.157612e-09
 16 (restart 0) KSP residual norm 9.810611e-10
 17 (restart 0) KSP residual norm 4.693305e-10
 18 (restart 0) KSP residual norm 2.642948e-10
 19 (restart 0) KSP residual norm 1.751745e-10
 20 (restart 0) KSP residual norm 1.154751e-10
 21 (restart 0) KSP residual norm 6.834324e-11
 22 (restart 0) KSP residual norm 3.800240e-11
 23 (restart 0) KSP residual norm 2.173738e-11
 24 (restart 0) KSP residual norm 1.355378e-11
 25 (restart 0) KSP residual norm 8.928749e-12
 26 (restart 0) KSP residual norm 5.885601e-12
GMRES solver converged in 26 iterations (avg. reduction factor: 4.904e-01)
  Residual norms for GMRES solve
  0 (restart 0) KSP residual norm 1.356459e-03
  1 (restart 0) KSP residual norm 6.607714e-05
  2 (restart 0) KSP residual norm 7.931054e-06
  3 (restart 0) KSP residual norm 2.084110e-06
  4 (restart 0) KSP residual norm 5.079464e-07
  5 (restart 0) KSP residual norm 1.731811e-07
  6 (restart 0) KSP residual norm 7.849338e-08
  7 (restart 0) KSP residual norm 4.347278e-08
  8 (restart 0) KSP residual norm 2.216538e-08
  9 (restart 0) KSP residual norm 1.140977e-08
 10 (restart 0) KSP residual norm 7.973993e-09
 11 (restart 0) KSP residual norm 7.081111e-09
 12 (restart 0) KSP residual norm 6.864442e-09
 13 (restart 0) KSP residual norm 6.505990e-09
 14 (restart 0) KSP residual norm 4.801442e-09
 15 (restart 0) KSP residual norm 2.158012e-09
 16 (restart 0) KSP residual norm 1.034251e-09
 17 (restart 0) KSP residual norm 5.602713e-10
 18 (restart 0) KSP residual norm 2.938752e-10
 19 (restart 0) KSP residual norm 1.845080e-10
 20 (restart 0) KSP residual norm 1.311222e-10
 21 (restart 0) KSP residual norm 8.136933e-11
 22 (restart 0) KSP residual norm 4.634629e-11
 23 (restart 0) KSP residual norm 2.890230e-11
 24 (restart 0) KSP residual norm 1.719759e-11
 25 (restart 0) KSP residual norm 1.017518e-11
GMRES solver converged in 25 iterations (avg. reduction factor: 4.732e-01)
  4 EPS nconv=25 first unconverged value (error) 0.00684127+6.00575e-13i (1.22561731e-08)

 Linear eigensolve converged (25 eigenpairs) due to CONVERGED_TOL; iterations 4
 Total number of linear systems solved: 88
 Total number of linear solver iterations: 2181
 Found 25 converged eigenvalues (first = 2.855e+01-2.974e-10i)

Computing solution error estimates and performing postprocessing

     m,        Re{f} (GHz),        Im{f} (GHz),                  Q,      Error (Bkwd.),       Error (Abs.)
     1,      +1.191386e+00,      -6.204884e-12,      +9.600386e+10,      +2.321013e-11,      +8.872370e-06
     2,      +1.583624e+00,      +6.904410e-11,      +1.146821e+10,      +1.009278e-11,      +3.861074e-06
     3,      +1.583766e+00,      +2.706823e-11,      +2.925506e+10,      +6.308063e-12,      +2.413200e-06
     4,      +1.705484e+00,      -1.021017e-10,      +8.351891e+09,      +7.373652e-11,      +2.821650e-05
     5,      +2.052173e+00,      +3.703578e-11,      +2.770528e+10,      +1.995197e-11,      +7.642000e-06
     6,      +2.052296e+00,      -1.117954e-10,      +9.178804e+09,      +1.967176e-11,      +7.534674e-06
     7,      +2.091742e+00,      +2.384320e-10,      +4.386453e+09,      +6.116966e-11,      +2.343190e-05
     8,      +2.092277e+00,      -5.594296e-11,      +1.870009e+10,      +1.090884e-11,      +4.178792e-06
     9,      +2.347205e+00,      -4.311885e-10,      +2.721785e+09,      +2.214382e-11,      +8.489311e-06
    10,      +2.347422e+00,      +1.382962e-10,      +8.486936e+09,      +1.331602e-11,      +5.104989e-06
    11,      +2.434407e+00,      +4.448472e-10,      +2.736228e+09,      +9.835985e-12,      +3.771949e-06
    12,      +2.519540e+00,      -1.946357e-10,      +6.472450e+09,      +2.098479e-10,      +8.049745e-05
    13,      +2.626166e+00,      -3.466690e-11,      +3.787714e+10,      +1.610887e-11,      +6.181743e-06
    14,      +2.626982e+00,      +6.409837e-11,      +2.049180e+10,      +1.240344e-11,      +4.759808e-06
    15,      +2.634736e+00,      +1.872348e-10,      +7.035916e+09,      +1.430413e-11,      +5.489354e-06
    16,      +2.634913e+00,      -1.661731e-10,      +7.928216e+09,      +2.619130e-11,      +1.005118e-05
    17,      +2.751631e+00,      +5.720190e-10,      +2.405192e+09,      +9.065629e-11,      +3.480573e-05
    18,      +2.761823e+00,      +1.289035e-11,      +1.071275e+11,      +2.208155e-11,      +8.478122e-06
    19,      +2.762206e+00,      -3.704314e-11,      +3.728363e+10,      +1.698706e-11,      +6.522121e-06
    20,      +2.795887e+00,      +4.126594e-11,      +3.387646e+10,      +1.718667e-10,      +6.599634e-05
    21,      +2.978717e+00,      +1.153448e-10,      +1.291223e+10,      +7.531573e-12,      +2.894259e-06
    22,      +2.979035e+00,      -8.069130e-12,      +1.845946e+11,      +8.230317e-12,      +3.162779e-06
    23,      +3.007028e+00,      -3.707862e-10,      +4.054936e+09,      +2.406343e-11,      +9.248283e-06
    24,      +3.007384e+00,      -1.120269e-10,      +1.342260e+10,      +1.530982e-11,      +5.884022e-06
    25,      +3.104015e+00,      -2.269139e-10,      +6.839632e+09,      +2.517941e-11,      +9.681235e-06

Completed 0 iterations of adaptive mesh refinement (AMR):
 Indicator norm = 3.517e-02, global unknowns = 294290
 Max. iterations = 0, tol. = 1.000e-02

Estimated peak per-rank memory usage is: Min. 155.4M, Max. 168.0M, Avg. 159.7M, Total 5.0G
Estimated peak per-node memory usage is: Min. 5.0G, Max. 5.0G, Avg. 5.0G, Total 5.0G

Elapsed Time Report (s)           Min.        Max.        Avg.
==============================================================
Initialization                   0.124       0.329       0.323
  Mesh Preprocessing             0.242       0.447       0.249
Operator Construction            0.105       0.111       0.110
Linear Solve                    11.601      11.795      11.689
  Setup                          0.626       0.626       0.626
  Preconditioner               212.846     213.228     213.120
  Coarse Solve                  16.466      16.754      16.497
Eigenvalue Solve                 0.424       0.432       0.429
Div.-Free Projection            12.630      12.656      12.649
Estimation                       0.110       0.120       0.116
  Construction                   0.296       0.296       0.296
  Solve                         20.506      20.517      20.514
Postprocessing                   0.795       0.805       0.797
Disk IO                          0.521       0.522       0.521
--------------------------------------------------------------
Total                          279.068     279.087     279.078

Peak Memory                   Per-Node       Total   Total HWM
==============================================================
Initialization                   66.9M       66.9M       66.9M
  Mesh Preprocessing            107.2M      107.2M      174.1M
Operator Construction           558.6M      558.6M      732.7M
Linear Solve                      1.4M        1.4M      734.1M
  Setup                         515.2M      515.2M        1.2G
  Preconditioner                  2.0M        2.0M        1.2G
  Coarse Solve                    2.1G        2.1G        3.3G
Eigenvalue Solve                206.8M      206.8M        3.5G
Div.-Free Projection            312.4M      312.4M        3.8G
Estimation                       10.5M       10.5M        3.8G
  Construction                  231.0M      231.0M        4.1G
  Solve                           6.7M        6.7M        4.1G
Postprocessing                    4.3M        4.3M        4.1G
Disk IO                          50.9M       50.9M        4.1G
--------------------------------------------------------------
Total                             4.6G        4.6G        4.6G

