        f (GHz),               I_inc[1] (A),               Re{I[1]} (A),               Im{I[1]} (A)
 2.30000000e+00,        +1.414213562373e-01,        +2.825481861093e-01,        +7.550414156886e-03
 2.30020000e+00,        +1.414213562373e-01,        +2.825487770172e-01,        +7.538129797774e-03
 2.30040000e+00,        +1.414213562373e-01,        +2.825493664402e-01,        +7.525843406327e-03
 2.30060000e+00,        +1.414213562373e-01,        +2.825499543767e-01,        +7.513554963774e-03
 2.30080000e+00,        +1.414213562373e-01,        +2.825505408250e-01,        +7.501264451266e-03
 2.30100000e+00,        +1.414213562373e-01,        +2.825511257833e-01,        +7.488971849879e-03
 2.30120000e+00,        +1.414213562373e-01,        +2.825517092500e-01,        +7.476677140612e-03
 2.30140000e+00,        +1.414213562373e-01,        +2.825522912232e-01,        +7.464380304388e-03
 2.30160000e+00,        +1.414213562373e-01,        +2.825528717013e-01,        +7.452081322048e-03
 2.30180000e+00,        +1.414213562373e-01,        +2.825534506824e-01,        +7.439780174359e-03
 2.30200000e+00,        +1.414213562373e-01,        +2.825540281647e-01,        +7.427476842004e-03
 2.30220000e+00,        +1.414213562373e-01,        +2.825546041463e-01,        +7.415171305588e-03
 2.30240000e+00,        +1.414213562373e-01,        +2.825551786253e-01,        +7.402863545635e-03
 2.30260000e+00,        +1.414213562373e-01,        +2.825557516000e-01,        +7.390553542587e-03
 2.30280000e+00,        +1.414213562373e-01,        +2.825563230683e-01,        +7.378241276802e-03
 2.30300000e+00,        +1.414213562373e-01,        +2.825568930283e-01,        +7.365926728557e-03
 2.30320000e+00,        +1.414213562373e-01,        +2.825574614781e-01,        +7.353609878043e-03
 2.30340000e+00,        +1.414213562373e-01,        +2.825580284157e-01,        +7.341290705368e-03
 2.30360000e+00,        +1.414213562373e-01,        +2.825585938390e-01,        +7.328969190553e-03
 2.30380000e+00,        +1.414213562373e-01,        +2.825591577460e-01,        +7.316645313533e-03
 2.30400000e+00,        +1.414213562373e-01,        +2.825597201346e-01,        +7.304319054158e-03
 2.30420000e+00,        +1.414213562373e-01,        +2.825602810029e-01,        +7.291990392188e-03
 2.30440000e+00,        +1.414213562373e-01,        +2.825608403485e-01,        +7.279659307294e-03
 2.30460000e+00,        +1.414213562373e-01,        +2.825613981695e-01,        +7.267325779059e-03
 2.30480000e+00,        +1.414213562373e-01,        +2.825619544637e-01,        +7.254989786977e-03
 2.30500000e+00,        +1.414213562373e-01,        +2.825625092288e-01,        +7.242651310447e-03
 2.30520000e+00,        +1.414213562373e-01,        +2.825630624626e-01,        +7.230310328781e-03
 2.30540000e+00,        +1.414213562373e-01,        +2.825636141630e-01,        +7.217966821195e-03
 2.30560000e+00,        +1.414213562373e-01,        +2.825641643276e-01,        +7.205620766813e-03
 2.30580000e+00,        +1.414213562373e-01,        +2.825647129541e-01,        +7.193272144665e-03
 2.30600000e+00,        +1.414213562373e-01,        +2.825652600403e-01,        +7.180920933685e-03
 2.30620000e+00,        +1.414213562373e-01,        +2.825658055837e-01,        +7.168567112712e-03
 2.30640000e+00,        +1.414213562373e-01,        +2.825663495821e-01,        +7.156210660488e-03
 2.30660000e+00,        +1.414213562373e-01,        +2.825668920330e-01,        +7.143851555657e-03
 2.30680000e+00,        +1.414213562373e-01,        +2.825674329339e-01,        +7.131489776766e-03
 2.30700000e+00,        +1.414213562373e-01,        +2.825679722825e-01,        +7.119125302262e-03
 2.30720000e+00,        +1.414213562373e-01,        +2.825685100762e-01,        +7.106758110490e-03
 2.30740000e+00,        +1.414213562373e-01,        +2.825690463126e-01,        +7.094388179697e-03
 2.30760000e+00,        +1.414213562373e-01,        +2.825695809890e-01,        +7.082015488025e-03
 2.30780000e+00,        +1.414213562373e-01,        +2.825701141030e-01,        +7.069640013517e-03
 2.30800000e+00,        +1.414213562373e-01,        +2.825706456519e-01,        +7.057261734108e-03
 2.30820000e+00,        +1.414213562373e-01,        +2.825711756331e-01,        +7.044880627633e-03
 2.30840000e+00,        +1.414213562373e-01,        +2.825717040439e-01,        +7.032496671816e-03
 2.30860000e+00,        +1.414213562373e-01,        +2.825722308817e-01,        +7.020109844280e-03
 2.30880000e+00,        +1.414213562373e-01,        +2.825727561437e-01,        +7.007720122538e-03
 2.30900000e+00,        +1.414213562373e-01,        +2.825732798273e-01,        +6.995327483993e-03
 2.30920000e+00,        +1.414213562373e-01,        +2.825738019296e-01,        +6.982931905943e-03
 2.30940000e+00,        +1.414213562373e-01,        +2.825743224478e-01,        +6.970533365572e-03
 2.30960000e+00,        +1.414213562373e-01,        +2.825748413791e-01,        +6.958131839954e-03
 2.30980000e+00,        +1.414213562373e-01,        +2.825753587206e-01,        +6.945727306052e-03
 2.31000000e+00,        +1.414213562373e-01,        +2.825758744694e-01,        +6.933319740715e-03
 2.31020000e+00,        +1.414213562373e-01,        +2.825763886227e-01,        +6.920909120677e-03
 2.31040000e+00,        +1.414213562373e-01,        +2.825769011774e-01,        +6.908495422558e-03
 2.31060000e+00,        +1.414213562373e-01,        +2.825774121306e-01,        +6.896078622862e-03
 2.31080000e+00,        +1.414213562373e-01,        +2.825779214792e-01,        +6.883658697975e-03
 2.31100000e+00,        +1.414213562373e-01,        +2.825784292201e-01,        +6.871235624167e-03
 2.31120000e+00,        +1.414213562373e-01,        +2.825789353504e-01,        +6.858809377585e-03
 2.31140000e+00,        +1.414213562373e-01,        +2.825794398668e-01,        +6.846379934260e-03
 2.31160000e+00,        +1.414213562373e-01,        +2.825799427662e-01,        +6.833947270099e-03
 2.31180000e+00,        +1.414213562373e-01,        +2.825804440455e-01,        +6.821511360887e-03
 2.31200000e+00,        +1.414213562373e-01,        +2.825809437013e-01,        +6.809072182286e-03
 2.31220000e+00,        +1.414213562373e-01,        +2.825814417305e-01,        +6.796629709835e-03
 2.31240000e+00,        +1.414213562373e-01,        +2.825819381298e-01,        +6.784183918945e-03
 2.31260000e+00,        +1.414213562373e-01,        +2.825824328958e-01,        +6.771734784902e-03
 2.31280000e+00,        +1.414213562373e-01,        +2.825829260252e-01,        +6.759282282864e-03
 2.31300000e+00,        +1.414213562373e-01,        +2.825834175145e-01,        +6.746826387859e-03
 2.31320000e+00,        +1.414213562373e-01,        +2.825839073604e-01,        +6.734367074787e-03
 2.31340000e+00,        +1.414213562373e-01,        +2.825843955594e-01,        +6.721904318416e-03
 2.31360000e+00,        +1.414213562373e-01,        +2.825848821080e-01,        +6.709438093381e-03
 2.31380000e+00,        +1.414213562373e-01,        +2.825853670026e-01,        +6.696968374184e-03
 2.31400000e+00,        +1.414213562373e-01,        +2.825858502397e-01,        +6.684495135193e-03
 2.31420000e+00,        +1.414213562373e-01,        +2.825863318156e-01,        +6.672018350640e-03
 2.31440000e+00,        +1.414213562373e-01,        +2.825868117268e-01,        +6.659537994621e-03
 2.31460000e+00,        +1.414213562373e-01,        +2.825872899694e-01,        +6.647054041091e-03
 2.31480000e+00,        +1.414213562373e-01,        +2.825877665399e-01,        +6.634566463870e-03
 2.31500000e+00,        +1.414213562373e-01,        +2.825882414344e-01,        +6.622075236633e-03
 2.31520000e+00,        +1.414213562373e-01,        +2.825887146491e-01,        +6.609580332916e-03
 2.31540000e+00,        +1.414213562373e-01,        +2.825891861803e-01,        +6.597081726112e-03
 2.31560000e+00,        +1.414213562373e-01,        +2.825896560239e-01,        +6.584579389468e-03
 2.31580000e+00,        +1.414213562373e-01,        +2.825901241761e-01,        +6.572073296087e-03
 2.31600000e+00,        +1.414213562373e-01,        +2.825905906330e-01,        +6.559563418925e-03
 2.31620000e+00,        +1.414213562373e-01,        +2.825910553905e-01,        +6.547049730789e-03
 2.31640000e+00,        +1.414213562373e-01,        +2.825915184445e-01,        +6.534532204339e-03
 2.31660000e+00,        +1.414213562373e-01,        +2.825919797911e-01,        +6.522010812080e-03
 2.31680000e+00,        +1.414213562373e-01,        +2.825924394260e-01,        +6.509485526370e-03
 2.31700000e+00,        +1.414213562373e-01,        +2.825928973452e-01,        +6.496956319410e-03
 2.31720000e+00,        +1.414213562373e-01,        +2.825933535444e-01,        +6.484423163248e-03
 2.31740000e+00,        +1.414213562373e-01,        +2.825938080193e-01,        +6.471886029775e-03
 2.31760000e+00,        +1.414213562373e-01,        +2.825942607656e-01,        +6.459344890725e-03
 2.31780000e+00,        +1.414213562373e-01,        +2.825947117791e-01,        +6.446799717675e-03
 2.31800000e+00,        +1.414213562373e-01,        +2.825951610553e-01,        +6.434250482038e-03
 2.31820000e+00,        +1.414213562373e-01,        +2.825956085899e-01,        +6.421697155069e-03
 2.31840000e+00,        +1.414213562373e-01,        +2.825960543782e-01,        +6.409139707857e-03
 2.31860000e+00,        +1.414213562373e-01,        +2.825964984159e-01,        +6.396578111330e-03
 2.31880000e+00,        +1.414213562373e-01,        +2.825969406983e-01,        +6.384012336246e-03
 2.31900000e+00,        +1.414213562373e-01,        +2.825973812209e-01,        +6.371442353199e-03
 2.31920000e+00,        +1.414213562373e-01,        +2.825978199790e-01,        +6.358868132612e-03
 2.31940000e+00,        +1.414213562373e-01,        +2.825982569678e-01,        +6.346289644739e-03
 2.31960000e+00,        +1.414213562373e-01,        +2.825986921828e-01,        +6.333706859662e-03
 2.31980000e+00,        +1.414213562373e-01,        +2.825991256189e-01,        +6.321119747288e-03
 2.32000000e+00,        +1.414213562373e-01,        +2.825995572715e-01,        +6.308528277350e-03
 2.32020000e+00,        +1.414213562373e-01,        +2.825999871355e-01,        +6.295932419407e-03
 2.32040000e+00,        +1.414213562373e-01,        +2.826004152061e-01,        +6.283332142835e-03
 2.32060000e+00,        +1.414213562373e-01,        +2.826008414783e-01,        +6.270727416835e-03
 2.32080000e+00,        +1.414213562373e-01,        +2.826012659470e-01,        +6.258118210423e-03
 2.32100000e+00,        +1.414213562373e-01,        +2.826016886072e-01,        +6.245504492436e-03
 2.32120000e+00,        +1.414213562373e-01,        +2.826021094536e-01,        +6.232886231523e-03
 2.32140000e+00,        +1.414213562373e-01,        +2.826025284811e-01,        +6.220263396150e-03
 2.32160000e+00,        +1.414213562373e-01,        +2.826029456845e-01,        +6.207635954591e-03
 2.32180000e+00,        +1.414213562373e-01,        +2.826033610584e-01,        +6.195003874936e-03
 2.32200000e+00,        +1.414213562373e-01,        +2.826037745975e-01,        +6.182367125079e-03
 2.32220000e+00,        +1.414213562373e-01,        +2.826041862964e-01,        +6.169725672724e-03
 2.32240000e+00,        +1.414213562373e-01,        +2.826045961496e-01,        +6.157079485379e-03
 2.32260000e+00,        +1.414213562373e-01,        +2.826050041516e-01,        +6.144428530357e-03
 2.32280000e+00,        +1.414213562373e-01,        +2.826054102968e-01,        +6.131772774771e-03
 2.32300000e+00,        +1.414213562373e-01,        +2.826058145796e-01,        +6.119112185537e-03
 2.32320000e+00,        +1.414213562373e-01,        +2.826062169943e-01,        +6.106446729366e-03
 2.32340000e+00,        +1.414213562373e-01,        +2.826066175352e-01,        +6.093776372768e-03
 2.32360000e+00,        +1.414213562373e-01,        +2.826070161965e-01,        +6.081101082045e-03
 2.32380000e+00,        +1.414213562373e-01,        +2.826074129723e-01,        +6.068420823296e-03
 2.32400000e+00,        +1.414213562373e-01,        +2.826078078567e-01,        +6.055735562408e-03
 2.32420000e+00,        +1.414213562373e-01,        +2.826082008438e-01,        +6.043045265057e-03
 2.32440000e+00,        +1.414213562373e-01,        +2.826085919274e-01,        +6.030349896706e-03
 2.32460000e+00,        +1.414213562373e-01,        +2.826089811015e-01,        +6.017649422605e-03
 2.32480000e+00,        +1.414213562373e-01,        +2.826093683600e-01,        +6.004943807787e-03
 2.32500000e+00,        +1.414213562373e-01,        +2.826097536966e-01,        +5.992233017064e-03
 2.32520000e+00,        +1.414213562373e-01,        +2.826101371050e-01,        +5.979517015031e-03
 2.32540000e+00,        +1.414213562373e-01,        +2.826105185790e-01,        +5.966795766056e-03
 2.32560000e+00,        +1.414213562373e-01,        +2.826108981120e-01,        +5.954069234285e-03
 2.32580000e+00,        +1.414213562373e-01,        +2.826112756977e-01,        +5.941337383638e-03
 2.32600000e+00,        +1.414213562373e-01,        +2.826116513294e-01,        +5.928600177805e-03
 2.32620000e+00,        +1.414213562373e-01,        +2.826120250006e-01,        +5.915857580243e-03
 2.32640000e+00,        +1.414213562373e-01,        +2.826123967047e-01,        +5.903109554180e-03
 2.32660000e+00,        +1.414213562373e-01,        +2.826127664348e-01,        +5.890356062606e-03
 2.32680000e+00,        +1.414213562373e-01,        +2.826131341842e-01,        +5.877597068275e-03
 2.32700000e+00,        +1.414213562373e-01,        +2.826134999461e-01,        +5.864832533700e-03
 2.32720000e+00,        +1.414213562373e-01,        +2.826138637134e-01,        +5.852062421154e-03
 2.32740000e+00,        +1.414213562373e-01,        +2.826142254791e-01,        +5.839286692666e-03
 2.32760000e+00,        +1.414213562373e-01,        +2.826145852363e-01,        +5.826505310018e-03
 2.32780000e+00,        +1.414213562373e-01,        +2.826149429776e-01,        +5.813718234742e-03
 2.32800000e+00,        +1.414213562373e-01,        +2.826152986960e-01,        +5.800925428123e-03
 2.32820000e+00,        +1.414213562373e-01,        +2.826156523841e-01,        +5.788126851191e-03
 2.32840000e+00,        +1.414213562373e-01,        +2.826160040345e-01,        +5.775322464719e-03
 2.32860000e+00,        +1.414213562373e-01,        +2.826163536398e-01,        +5.762512229224e-03
 2.32880000e+00,        +1.414213562373e-01,        +2.826167011925e-01,        +5.749696104964e-03
 2.32900000e+00,        +1.414213562373e-01,        +2.826170466850e-01,        +5.736874051932e-03
 2.32920000e+00,        +1.414213562373e-01,        +2.826173901095e-01,        +5.724046029857e-03
 2.32940000e+00,        +1.414213562373e-01,        +2.826177314585e-01,        +5.711211998200e-03
 2.32960000e+00,        +1.414213562373e-01,        +2.826180707240e-01,        +5.698371916152e-03
 2.32980000e+00,        +1.414213562373e-01,        +2.826184078981e-01,        +5.685525742634e-03
 2.33000000e+00,        +1.414213562373e-01,        +2.826187429728e-01,        +5.672673436287e-03
 2.33020000e+00,        +1.414213562373e-01,        +2.826190759401e-01,        +5.659814955480e-03
 2.33040000e+00,        +1.414213562373e-01,        +2.826194067918e-01,        +5.646950258296e-03
 2.33060000e+00,        +1.414213562373e-01,        +2.826197355197e-01,        +5.634079302539e-03
 2.33080000e+00,        +1.414213562373e-01,        +2.826200621155e-01,        +5.621202045727e-03
 2.33100000e+00,        +1.414213562373e-01,        +2.826203865707e-01,        +5.608318445089e-03
 2.33120000e+00,        +1.414213562373e-01,        +2.826207088770e-01,        +5.595428457562e-03
 2.33140000e+00,        +1.414213562373e-01,        +2.826210290256e-01,        +5.582532039791e-03
 2.33160000e+00,        +1.414213562373e-01,        +2.826213470080e-01,        +5.569629148123e-03
 2.33180000e+00,        +1.414213562373e-01,        +2.826216628154e-01,        +5.556719738608e-03
 2.33200000e+00,        +1.414213562373e-01,        +2.826219764389e-01,        +5.543803766991e-03
 2.33220000e+00,        +1.414213562373e-01,        +2.826222878697e-01,        +5.530881188713e-03
 2.33240000e+00,        +1.414213562373e-01,        +2.826225970987e-01,        +5.517951958908e-03
 2.33260000e+00,        +1.414213562373e-01,        +2.826229041168e-01,        +5.505016032399e-03
 2.33280000e+00,        +1.414213562373e-01,        +2.826232089147e-01,        +5.492073363693e-03
 2.33300000e+00,        +1.414213562373e-01,        +2.826235114833e-01,        +5.479123906982e-03
 2.33320000e+00,        +1.414213562373e-01,        +2.826238118131e-01,        +5.466167616138e-03
 2.33340000e+00,        +1.414213562373e-01,        +2.826241098946e-01,        +5.453204444710e-03
 2.33360000e+00,        +1.414213562373e-01,        +2.826244057182e-01,        +5.440234345919e-03
 2.33380000e+00,        +1.414213562373e-01,        +2.826246992742e-01,        +5.427257272661e-03
 2.33400000e+00,        +1.414213562373e-01,        +2.826249905529e-01,        +5.414273177494e-03
 2.33420000e+00,        +1.414213562373e-01,        +2.826252795443e-01,        +5.401282012646e-03
 2.33440000e+00,        +1.414213562373e-01,        +2.826255662385e-01,        +5.388283730002e-03
 2.33460000e+00,        +1.414213562373e-01,        +2.826258506254e-01,        +5.375278281107e-03
 2.33480000e+00,        +1.414213562373e-01,        +2.826261326947e-01,        +5.362265617160e-03
 2.33500000e+00,        +1.414213562373e-01,        +2.826264124362e-01,        +5.349245689010e-03
 2.33520000e+00,        +1.414213562373e-01,        +2.826266898394e-01,        +5.336218447156e-03
 2.33540000e+00,        +1.414213562373e-01,        +2.826269648939e-01,        +5.323183841740e-03
 2.33560000e+00,        +1.414213562373e-01,        +2.826272375889e-01,        +5.310141822545e-03
 2.33580000e+00,        +1.414213562373e-01,        +2.826275079139e-01,        +5.297092338992e-03
 2.33600000e+00,        +1.414213562373e-01,        +2.826277758578e-01,        +5.284035340134e-03
 2.33620000e+00,        +1.414213562373e-01,        +2.826280414098e-01,        +5.270970774657e-03
 2.33640000e+00,        +1.414213562373e-01,        +2.826283045587e-01,        +5.257898590871e-03
 2.33660000e+00,        +1.414213562373e-01,        +2.826285652934e-01,        +5.244818736711e-03
 2.33680000e+00,        +1.414213562373e-01,        +2.826288236026e-01,        +5.231731159729e-03
 2.33700000e+00,        +1.414213562373e-01,        +2.826290794748e-01,        +5.218635807095e-03
 2.33720000e+00,        +1.414213562373e-01,        +2.826293328985e-01,        +5.205532625588e-03
 2.33740000e+00,        +1.414213562373e-01,        +2.826295838619e-01,        +5.192421561597e-03
 2.33760000e+00,        +1.414213562373e-01,        +2.826298323534e-01,        +5.179302561114e-03
 2.33780000e+00,        +1.414213562373e-01,        +2.826300783609e-01,        +5.166175569730e-03
 2.33800000e+00,        +1.414213562373e-01,        +2.826303218725e-01,        +5.153040532633e-03
 2.33820000e+00,        +1.414213562373e-01,        +2.826305628760e-01,        +5.139897394604e-03
 2.33840000e+00,        +1.414213562373e-01,        +2.826308013590e-01,        +5.126746100009e-03
 2.33860000e+00,        +1.414213562373e-01,        +2.826310373092e-01,        +5.113586592800e-03
 2.33880000e+00,        +1.414213562373e-01,        +2.826312707139e-01,        +5.100418816508e-03
 2.33900000e+00,        +1.414213562373e-01,        +2.826315015605e-01,        +5.087242714239e-03
 2.33920000e+00,        +1.414213562373e-01,        +2.826317298361e-01,        +5.074058228671e-03
 2.33940000e+00,        +1.414213562373e-01,        +2.826319555278e-01,        +5.060865302047e-03
 2.33960000e+00,        +1.414213562373e-01,        +2.826321786224e-01,        +5.047663876173e-03
 2.33980000e+00,        +1.414213562373e-01,        +2.826323991068e-01,        +5.034453892415e-03
 2.34000000e+00,        +1.414213562373e-01,        +2.826326169674e-01,        +5.021235291689e-03
 2.34020000e+00,        +1.414213562373e-01,        +2.826328321909e-01,        +5.008008014463e-03
 2.34040000e+00,        +1.414213562373e-01,        +2.826330447635e-01,        +4.994772000746e-03
 2.34060000e+00,        +1.414213562373e-01,        +2.826332546713e-01,        +4.981527190090e-03
 2.34080000e+00,        +1.414213562373e-01,        +2.826334619005e-01,        +4.968273521580e-03
 2.34100000e+00,        +1.414213562373e-01,        +2.826336664368e-01,        +4.955010933832e-03
 2.34120000e+00,        +1.414213562373e-01,        +2.826338682661e-01,        +4.941739364987e-03
 2.34140000e+00,        +1.414213562373e-01,        +2.826340673738e-01,        +4.928458752707e-03
 2.34160000e+00,        +1.414213562373e-01,        +2.826342637454e-01,        +4.915169034169e-03
 2.34180000e+00,        +1.414213562373e-01,        +2.826344573662e-01,        +4.901870146061e-03
 2.34200000e+00,        +1.414213562373e-01,        +2.826346482212e-01,        +4.888562024576e-03
 2.34220000e+00,        +1.414213562373e-01,        +2.826348362953e-01,        +4.875244605409e-03
 2.34240000e+00,        +1.414213562373e-01,        +2.826350215734e-01,        +4.861917823748e-03
 2.34260000e+00,        +1.414213562373e-01,        +2.826352040401e-01,        +4.848581614272e-03
 2.34280000e+00,        +1.414213562373e-01,        +2.826353836797e-01,        +4.835235911147e-03
 2.34300000e+00,        +1.414213562373e-01,        +2.826355604765e-01,        +4.821880648013e-03
 2.34320000e+00,        +1.414213562373e-01,        +2.826357344146e-01,        +4.808515757990e-03
 2.34340000e+00,        +1.414213562373e-01,        +2.826359054780e-01,        +4.795141173663e-03
 2.34360000e+00,        +1.414213562373e-01,        +2.826360736504e-01,        +4.781756827080e-03
 2.34380000e+00,        +1.414213562373e-01,        +2.826362389153e-01,        +4.768362649746e-03
 2.34400000e+00,        +1.414213562373e-01,        +2.826364012560e-01,        +4.754958572620e-03
 2.34420000e+00,        +1.414213562373e-01,        +2.826365606559e-01,        +4.741544526104e-03
 2.34440000e+00,        +1.414213562373e-01,        +2.826367170979e-01,        +4.728120440040e-03
 2.34460000e+00,        +1.414213562373e-01,        +2.826368705649e-01,        +4.714686243706e-03
 2.34480000e+00,        +1.414213562373e-01,        +2.826370210394e-01,        +4.701241865807e-03
 2.34500000e+00,        +1.414213562373e-01,        +2.826371685038e-01,        +4.687787234468e-03
 2.34520000e+00,        +1.414213562373e-01,        +2.826373129406e-01,        +4.674322277233e-03
 2.34540000e+00,        +1.414213562373e-01,        +2.826374543315e-01,        +4.660846921053e-03
 2.34560000e+00,        +1.414213562373e-01,        +2.826375926586e-01,        +4.647361092283e-03
 2.34580000e+00,        +1.414213562373e-01,        +2.826377279035e-01,        +4.633864716675e-03
 2.34600000e+00,        +1.414213562373e-01,        +2.826378600475e-01,        +4.620357719371e-03
 2.34620000e+00,        +1.414213562373e-01,        +2.826379890719e-01,        +4.606840024898e-03
 2.34640000e+00,        +1.414213562373e-01,        +2.826381149577e-01,        +4.593311557157e-03
 2.34660000e+00,        +1.414213562373e-01,        +2.826382376856e-01,        +4.579772239424e-03
 2.34680000e+00,        +1.414213562373e-01,        +2.826383572364e-01,        +4.566221994334e-03
 2.34700000e+00,        +1.414213562373e-01,        +2.826384735903e-01,        +4.552660743883e-03
 2.34720000e+00,        +1.414213562373e-01,        +2.826385867275e-01,        +4.539088409413e-03
 2.34740000e+00,        +1.414213562373e-01,        +2.826386966278e-01,        +4.525504911611e-03
 2.34760000e+00,        +1.414213562373e-01,        +2.826388032710e-01,        +4.511910170499e-03
 2.34780000e+00,        +1.414213562373e-01,        +2.826389066365e-01,        +4.498304105427e-03
 2.34800000e+00,        +1.414213562373e-01,        +2.826390067034e-01,        +4.484686635066e-03
 2.34820000e+00,        +1.414213562373e-01,        +2.826391034509e-01,        +4.471057677401e-03
 2.34840000e+00,        +1.414213562373e-01,        +2.826391968576e-01,        +4.457417149722e-03
 2.34860000e+00,        +1.414213562373e-01,        +2.826392869020e-01,        +4.443764968618e-03
 2.34880000e+00,        +1.414213562373e-01,        +2.826393735623e-01,        +4.430101049968e-03
 2.34900000e+00,        +1.414213562373e-01,        +2.826394568165e-01,        +4.416425308935e-03
 2.34920000e+00,        +1.414213562373e-01,        +2.826395366424e-01,        +4.402737659955e-03
 2.34940000e+00,        +1.414213562373e-01,        +2.826396130175e-01,        +4.389038016732e-03
 2.34960000e+00,        +1.414213562373e-01,        +2.826396859189e-01,        +4.375326292227e-03
 2.34980000e+00,        +1.414213562373e-01,        +2.826397553236e-01,        +4.361602398655e-03
 2.35000000e+00,        +1.414213562373e-01,        +2.826398212082e-01,        +4.347866247467e-03
 2.35020000e+00,        +1.414213562373e-01,        +2.826398835493e-01,        +4.334117749353e-03
 2.35040000e+00,        +1.414213562373e-01,        +2.826399423228e-01,        +4.320356814226e-03
 2.35060000e+00,        +1.414213562373e-01,        +2.826399975048e-01,        +4.306583351213e-03
 2.35080000e+00,        +1.414213562373e-01,        +2.826400490706e-01,        +4.292797268651e-03
 2.35100000e+00,        +1.414213562373e-01,        +2.826400969957e-01,        +4.278998474074e-03
 2.35120000e+00,        +1.414213562373e-01,        +2.826401412550e-01,        +4.265186874206e-03
 2.35140000e+00,        +1.414213562373e-01,        +2.826401818231e-01,        +4.251362374952e-03
 2.35160000e+00,        +1.414213562373e-01,        +2.826402186746e-01,        +4.237524881384e-03
 2.35180000e+00,        +1.414213562373e-01,        +2.826402517834e-01,        +4.223674297740e-03
 2.35200000e+00,        +1.414213562373e-01,        +2.826402811233e-01,        +4.209810527407e-03
 2.35220000e+00,        +1.414213562373e-01,        +2.826403066679e-01,        +4.195933472915e-03
 2.35240000e+00,        +1.414213562373e-01,        +2.826403283902e-01,        +4.182043035926e-03
 2.35260000e+00,        +1.414213562373e-01,        +2.826403462631e-01,        +4.168139117224e-03
 2.35280000e+00,        +1.414213562373e-01,        +2.826403602591e-01,        +4.154221616706e-03
 2.35300000e+00,        +1.414213562373e-01,        +2.826403703503e-01,        +4.140290433370e-03
 2.35320000e+00,        +1.414213562373e-01,        +2.826403765087e-01,        +4.126345465306e-03
 2.35340000e+00,        +1.414213562373e-01,        +2.826403787056e-01,        +4.112386609686e-03
 2.35360000e+00,        +1.414213562373e-01,        +2.826403769123e-01,        +4.098413762750e-03
 2.35380000e+00,        +1.414213562373e-01,        +2.826403710995e-01,        +4.084426819800e-03
 2.35400000e+00,        +1.414213562373e-01,        +2.826403612376e-01,        +4.070425675185e-03
 2.35420000e+00,        +1.414213562373e-01,        +2.826403472969e-01,        +4.056410222291e-03
 2.35440000e+00,        +1.414213562373e-01,        +2.826403292469e-01,        +4.042380353534e-03
 2.35460000e+00,        +1.414213562373e-01,        +2.826403070571e-01,        +4.028335960339e-03
 2.35480000e+00,        +1.414213562373e-01,        +2.826402806964e-01,        +4.014276933139e-03
 2.35500000e+00,        +1.414213562373e-01,        +2.826402501334e-01,        +4.000203161356e-03
 2.35520000e+00,        +1.414213562373e-01,        +2.826402153362e-01,        +3.986114533393e-03
 2.35540000e+00,        +1.414213562373e-01,        +2.826401762729e-01,        +3.972010936617e-03
 2.35560000e+00,        +1.414213562373e-01,        +2.826401329106e-01,        +3.957892257355e-03
 2.35580000e+00,        +1.414213562373e-01,        +2.826400852165e-01,        +3.943758380873e-03
 2.35600000e+00,        +1.414213562373e-01,        +2.826400331571e-01,        +3.929609191369e-03
 2.35620000e+00,        +1.414213562373e-01,        +2.826399766986e-01,        +3.915444571957e-03
 2.35640000e+00,        +1.414213562373e-01,        +2.826399158068e-01,        +3.901264404657e-03
 2.35660000e+00,        +1.414213562373e-01,        +2.826398504471e-01,        +3.887068570378e-03
 2.35680000e+00,        +1.414213562373e-01,        +2.826397805842e-01,        +3.872856948910e-03
 2.35700000e+00,        +1.414213562373e-01,        +2.826397061828e-01,        +3.858629418904e-03
 2.35720000e+00,        +1.414213562373e-01,        +2.826396272067e-01,        +3.844385857863e-03
 2.35740000e+00,        +1.414213562373e-01,        +2.826395436196e-01,        +3.830126142127e-03
 2.35760000e+00,        +1.414213562373e-01,        +2.826394553844e-01,        +3.815850146857e-03
 2.35780000e+00,        +1.414213562373e-01,        +2.826393624640e-01,        +3.801557746025e-03
 2.35800000e+00,        +1.414213562373e-01,        +2.826392648204e-01,        +3.787248812394e-03
 2.35820000e+00,        +1.414213562373e-01,        +2.826391624152e-01,        +3.772923217507e-03
 2.35840000e+00,        +1.414213562373e-01,        +2.826390552097e-01,        +3.758580831671e-03
 2.35860000e+00,        +1.414213562373e-01,        +2.826389431645e-01,        +3.744221523941e-03
 2.35880000e+00,        +1.414213562373e-01,        +2.826388262398e-01,        +3.729845162105e-03
 2.35900000e+00,        +1.414213562373e-01,        +2.826387043953e-01,        +3.715451612670e-03
 2.35920000e+00,        +1.414213562373e-01,        +2.826385775901e-01,        +3.701040740844e-03
 2.35940000e+00,        +1.414213562373e-01,        +2.826384457828e-01,        +3.686612410521e-03
 2.35960000e+00,        +1.414213562373e-01,        +2.826383089316e-01,        +3.672166484264e-03
 2.35980000e+00,        +1.414213562373e-01,        +2.826381669938e-01,        +3.657702823288e-03
 2.36000000e+00,        +1.414213562373e-01,        +2.826380199266e-01,        +3.643221287446e-03
 2.36020000e+00,        +1.414213562373e-01,        +2.826378676863e-01,        +3.628721735207e-03
 2.36040000e+00,        +1.414213562373e-01,        +2.826377102289e-01,        +3.614204023645e-03
 2.36060000e+00,        +1.414213562373e-01,        +2.826375475094e-01,        +3.599668008414e-03
 2.36080000e+00,        +1.414213562373e-01,        +2.826373794827e-01,        +3.585113543736e-03
 2.36100000e+00,        +1.414213562373e-01,        +2.826372061028e-01,        +3.570540482381e-03
 2.36120000e+00,        +1.414213562373e-01,        +2.826370273232e-01,        +3.555948675649e-03
 2.36140000e+00,        +1.414213562373e-01,        +2.826368430967e-01,        +3.541337973348e-03
 2.36160000e+00,        +1.414213562373e-01,        +2.826366533756e-01,        +3.526708223782e-03
 2.36180000e+00,        +1.414213562373e-01,        +2.826364581115e-01,        +3.512059273723e-03
 2.36200000e+00,        +1.414213562373e-01,        +2.826362572553e-01,        +3.497390968399e-03
 2.36220000e+00,        +1.414213562373e-01,        +2.826360507573e-01,        +3.482703151471e-03
 2.36240000e+00,        +1.414213562373e-01,        +2.826358385672e-01,        +3.467995665011e-03
 2.36260000e+00,        +1.414213562373e-01,        +2.826356206338e-01,        +3.453268349485e-03
 2.36280000e+00,        +1.414213562373e-01,        +2.826353969055e-01,        +3.438521043730e-03
 2.36300000e+00,        +1.414213562373e-01,        +2.826351673298e-01,        +3.423753584935e-03
 2.36320000e+00,        +1.414213562373e-01,        +2.826349318536e-01,        +3.408965808617e-03
 2.36340000e+00,        +1.414213562373e-01,        +2.826346904229e-01,        +3.394157548599e-03
 2.36360000e+00,        +1.414213562373e-01,        +2.826344429832e-01,        +3.379328636992e-03
 2.36380000e+00,        +1.414213562373e-01,        +2.826341894791e-01,        +3.364478904169e-03
 2.36400000e+00,        +1.414213562373e-01,        +2.826339298546e-01,        +3.349608178742e-03
 2.36420000e+00,        +1.414213562373e-01,        +2.826336640526e-01,        +3.334716287540e-03
 2.36440000e+00,        +1.414213562373e-01,        +2.826333920157e-01,        +3.319803055586e-03
 2.36460000e+00,        +1.414213562373e-01,        +2.826331136852e-01,        +3.304868306073e-03
 2.36480000e+00,        +1.414213562373e-01,        +2.826328290019e-01,        +3.289911860339e-03
 2.36500000e+00,        +1.414213562373e-01,        +2.826325379057e-01,        +3.274933537840e-03
 2.36520000e+00,        +1.414213562373e-01,        +2.826322403358e-01,        +3.259933156132e-03
 2.36540000e+00,        +1.414213562373e-01,        +2.826319362302e-01,        +3.244910530836e-03
 2.36560000e+00,        +1.414213562373e-01,        +2.826316255264e-01,        +3.229865475622e-03
 2.36580000e+00,        +1.414213562373e-01,        +2.826313081608e-01,        +3.214797802175e-03
 2.36600000e+00,        +1.414213562373e-01,        +2.826309840691e-01,        +3.199707320172e-03
 2.36620000e+00,        +1.414213562373e-01,        +2.826306531858e-01,        +3.184593837254e-03
 2.36640000e+00,        +1.414213562373e-01,        +2.826303154448e-01,        +3.169457158999e-03
 2.36660000e+00,        +1.414213562373e-01,        +2.826299707788e-01,        +3.154297088893e-03
 2.36680000e+00,        +1.414213562373e-01,        +2.826296191197e-01,        +3.139113428302e-03
 2.36700000e+00,        +1.414213562373e-01,        +2.826292603983e-01,        +3.123905976444e-03
 2.36720000e+00,        +1.414213562373e-01,        +2.826288945446e-01,        +3.108674530359e-03
 2.36740000e+00,        +1.414213562373e-01,        +2.826285214875e-01,        +3.093418884879e-03
 2.36760000e+00,        +1.414213562373e-01,        +2.826281411548e-01,        +3.078138832596e-03
 2.36780000e+00,        +1.414213562373e-01,        +2.826277534732e-01,        +3.062834163834e-03
 2.36800000e+00,        +1.414213562373e-01,        +2.826273583687e-01,        +3.047504666616e-03
 2.36820000e+00,        +1.414213562373e-01,        +2.826269557659e-01,        +3.032150126635e-03
 2.36840000e+00,        +1.414213562373e-01,        +2.826265455883e-01,        +3.016770327215e-03
 2.36860000e+00,        +1.414213562373e-01,        +2.826261277585e-01,        +3.001365049285e-03
 2.36880000e+00,        +1.414213562373e-01,        +2.826257021978e-01,        +2.985934071342e-03
 2.36900000e+00,        +1.414213562373e-01,        +2.826252688263e-01,        +2.970477169418e-03
 2.36920000e+00,        +1.414213562373e-01,        +2.826248275631e-01,        +2.954994117044e-03
 2.36940000e+00,        +1.414213562373e-01,        +2.826243783261e-01,        +2.939484685217e-03
 2.36960000e+00,        +1.414213562373e-01,        +2.826239210318e-01,        +2.923948642364e-03
 2.36980000e+00,        +1.414213562373e-01,        +2.826234555956e-01,        +2.908385754302e-03
 2.37000000e+00,        +1.414213562373e-01,        +2.826229819315e-01,        +2.892795784206e-03
 2.37020000e+00,        +1.414213562373e-01,        +2.826224999525e-01,        +2.877178492568e-03
 2.37040000e+00,        +1.414213562373e-01,        +2.826220095701e-01,        +2.861533637160e-03
 2.37060000e+00,        +1.414213562373e-01,        +2.826215106943e-01,        +2.845860972996e-03
 2.37080000e+00,        +1.414213562373e-01,        +2.826210032342e-01,        +2.830160252289e-03
 2.37100000e+00,        +1.414213562373e-01,        +2.826204870971e-01,        +2.814431224415e-03
 2.37120000e+00,        +1.414213562373e-01,        +2.826199621892e-01,        +2.798673635870e-03
 2.37140000e+00,        +1.414213562373e-01,        +2.826194284150e-01,        +2.782887230228e-03
 2.37160000e+00,        +1.414213562373e-01,        +2.826188856777e-01,        +2.767071748099e-03
 2.37180000e+00,        +1.414213562373e-01,        +2.826183338791e-01,        +2.751226927086e-03
 2.37200000e+00,        +1.414213562373e-01,        +2.826177729193e-01,        +2.735352501742e-03
 2.37220000e+00,        +1.414213562373e-01,        +2.826172026970e-01,        +2.719448203523e-03
 2.37240000e+00,        +1.414213562373e-01,        +2.826166231094e-01,        +2.703513760745e-03
 2.37260000e+00,        +1.414213562373e-01,        +2.826160340519e-01,        +2.687548898537e-03
 2.37280000e+00,        +1.414213562373e-01,        +2.826154354184e-01,        +2.671553338794e-03
 2.37300000e+00,        +1.414213562373e-01,        +2.826148271012e-01,        +2.655526800129e-03
 2.37320000e+00,        +1.414213562373e-01,        +2.826142089908e-01,        +2.639468997825e-03
 2.37340000e+00,        +1.414213562373e-01,        +2.826135809761e-01,        +2.623379643784e-03
 2.37360000e+00,        +1.414213562373e-01,        +2.826129429442e-01,        +2.607258446479e-03
 2.37380000e+00,        +1.414213562373e-01,        +2.826122947803e-01,        +2.591105110899e-03
 2.37400000e+00,        +1.414213562373e-01,        +2.826116363681e-01,        +2.574919338500e-03
 2.37420000e+00,        +1.414213562373e-01,        +2.826109675892e-01,        +2.558700827153e-03
 2.37440000e+00,        +1.414213562373e-01,        +2.826102883234e-01,        +2.542449271086e-03
 2.37460000e+00,        +1.414213562373e-01,        +2.826095984485e-01,        +2.526164360830e-03
 2.37480000e+00,        +1.414213562373e-01,        +2.826088978404e-01,        +2.509845783165e-03
 2.37500000e+00,        +1.414213562373e-01,        +2.826081863732e-01,        +2.493493221061e-03
 2.37520000e+00,        +1.414213562373e-01,        +2.826074639186e-01,        +2.477106353621e-03
 2.37540000e+00,        +1.414213562373e-01,        +2.826067303466e-01,        +2.460684856022e-03
 2.37560000e+00,        +1.414213562373e-01,        +2.826059855248e-01,        +2.444228399453e-03
 2.37580000e+00,        +1.414213562373e-01,        +2.826052293188e-01,        +2.427736651055e-03
 2.37600000e+00,        +1.414213562373e-01,        +2.826044615920e-01,        +2.411209273859e-03
 2.37620000e+00,        +1.414213562373e-01,        +2.826036822055e-01,        +2.394645926721e-03
 2.37640000e+00,        +1.414213562373e-01,        +2.826028910182e-01,        +2.378046264259e-03
 2.37660000e+00,        +1.414213562373e-01,        +2.826020878867e-01,        +2.361409936786e-03
 2.37680000e+00,        +1.414213562373e-01,        +2.826012726651e-01,        +2.344736590243e-03
 2.37700000e+00,        +1.414213562373e-01,        +2.826004452052e-01,        +2.328025866128e-03
 2.37720000e+00,        +1.414213562373e-01,        +2.825996053563e-01,        +2.311277401432e-03
 2.37740000e+00,        +1.414213562373e-01,        +2.825987529651e-01,        +2.294490828564e-03
 2.37760000e+00,        +1.414213562373e-01,        +2.825978878760e-01,        +2.277665775278e-03
 2.37780000e+00,        +1.414213562373e-01,        +2.825970099304e-01,        +2.260801864602e-03
 2.37800000e+00,        +1.414213562373e-01,        +2.825961189674e-01,        +2.243898714762e-03
 2.37820000e+00,        +1.414213562373e-01,        +2.825952148231e-01,        +2.226955939103e-03
 2.37840000e+00,        +1.414213562373e-01,        +2.825942973310e-01,        +2.209973146017e-03
 2.37860000e+00,        +1.414213562373e-01,        +2.825933663218e-01,        +2.192949938856e-03
 2.37880000e+00,        +1.414213562373e-01,        +2.825924216231e-01,        +2.175885915857e-03
 2.37900000e+00,        +1.414213562373e-01,        +2.825914630597e-01,        +2.158780670057e-03
 2.37920000e+00,        +1.414213562373e-01,        +2.825904904533e-01,        +2.141633789210e-03
 2.37940000e+00,        +1.414213562373e-01,        +2.825895036227e-01,        +2.124444855699e-03
 2.37960000e+00,        +1.414213562373e-01,        +2.825885023834e-01,        +2.107213446453e-03
 2.37980000e+00,        +1.414213562373e-01,        +2.825874865478e-01,        +2.089939132853e-03
 2.38000000e+00,        +1.414213562373e-01,        +2.825864559249e-01,        +2.072621480645e-03
 2.38020000e+00,        +1.414213562373e-01,        +2.825854103205e-01,        +2.055260049847e-03
 2.38040000e+00,        +1.414213562373e-01,        +2.825843495370e-01,        +2.037854394652e-03
 2.38060000e+00,        +1.414213562373e-01,        +2.825832733731e-01,        +2.020404063336e-03
 2.38080000e+00,        +1.414213562373e-01,        +2.825821816243e-01,        +2.002908598156e-03
 2.38100000e+00,        +1.414213562373e-01,        +2.825810740821e-01,        +1.985367535253e-03
 2.38120000e+00,        +1.414213562373e-01,        +2.825799505346e-01,        +1.967780404550e-03
 2.38140000e+00,        +1.414213562373e-01,        +2.825788107660e-01,        +1.950146729646e-03
 2.38160000e+00,        +1.414213562373e-01,        +2.825776545566e-01,        +1.932466027711e-03
 2.38180000e+00,        +1.414213562373e-01,        +2.825764816828e-01,        +1.914737809380e-03
 2.38200000e+00,        +1.414213562373e-01,        +2.825752919170e-01,        +1.896961578640e-03
 2.38220000e+00,        +1.414213562373e-01,        +2.825740850274e-01,        +1.879136832718e-03
 2.38240000e+00,        +1.414213562373e-01,        +2.825728607781e-01,        +1.861263061970e-03
 2.38260000e+00,        +1.414213562373e-01,        +2.825716189287e-01,        +1.843339749756e-03
 2.38280000e+00,        +1.414213562373e-01,        +2.825703592346e-01,        +1.825366372332e-03
 2.38300000e+00,        +1.414213562373e-01,        +2.825690814467e-01,        +1.807342398719e-03
 2.38320000e+00,        +1.414213562373e-01,        +2.825677853112e-01,        +1.789267290580e-03
 2.38340000e+00,        +1.414213562373e-01,        +2.825664705697e-01,        +1.771140502101e-03
 2.38360000e+00,        +1.414213562373e-01,        +2.825651369589e-01,        +1.752961479850e-03
 2.38380000e+00,        +1.414213562373e-01,        +2.825637842108e-01,        +1.734729662657e-03
 2.38400000e+00,        +1.414213562373e-01,        +2.825624120522e-01,        +1.716444481469e-03
 2.38420000e+00,        +1.414213562373e-01,        +2.825610202047e-01,        +1.698105359220e-03
 2.38440000e+00,        +1.414213562373e-01,        +2.825596083850e-01,        +1.679711710688e-03
 2.38460000e+00,        +1.414213562373e-01,        +2.825581763042e-01,        +1.661262942352e-03
 2.38480000e+00,        +1.414213562373e-01,        +2.825567236678e-01,        +1.642758452246e-03
 2.38500000e+00,        +1.414213562373e-01,        +2.825552501761e-01,        +1.624197629810e-03
 2.38520000e+00,        +1.414213562373e-01,        +2.825537555232e-01,        +1.605579855738e-03
 2.38540000e+00,        +1.414213562373e-01,        +2.825522393977e-01,        +1.586904501824e-03
 2.38560000e+00,        +1.414213562373e-01,        +2.825507014820e-01,        +1.568170930801e-03
 2.38580000e+00,        +1.414213562373e-01,        +2.825491414524e-01,        +1.549378496180e-03
 2.38600000e+00,        +1.414213562373e-01,        +2.825475589790e-01,        +1.530526542086e-03
 2.38620000e+00,        +1.414213562373e-01,        +2.825459537254e-01,        +1.511614403088e-03
 2.38640000e+00,        +1.414213562373e-01,        +2.825443253486e-01,        +1.492641404028e-03
 2.38660000e+00,        +1.414213562373e-01,        +2.825426734990e-01,        +1.473606859842e-03
 2.38680000e+00,        +1.414213562373e-01,        +2.825409978200e-01,        +1.454510075383e-03
 2.38700000e+00,        +1.414213562373e-01,        +2.825392979479e-01,        +1.435350345238e-03
 2.38720000e+00,        +1.414213562373e-01,        +2.825375735119e-01,        +1.416126953538e-03
 2.38740000e+00,        +1.414213562373e-01,        +2.825358241338e-01,        +1.396839173767e-03
 2.38760000e+00,        +1.414213562373e-01,        +2.825340494277e-01,        +1.377486268570e-03
 2.38780000e+00,        +1.414213562373e-01,        +2.825322490002e-01,        +1.358067489548e-03
 2.38800000e+00,        +1.414213562373e-01,        +2.825304224496e-01,        +1.338582077058e-03
 2.38820000e+00,        +1.414213562373e-01,        +2.825285693665e-01,        +1.319029260000e-03
 2.38840000e+00,        +1.414213562373e-01,        +2.825266893328e-01,        +1.299408255609e-03
 2.38860000e+00,        +1.414213562373e-01,        +2.825247819221e-01,        +1.279718269235e-03
 2.38880000e+00,        +1.414213562373e-01,        +2.825228466992e-01,        +1.259958494119e-03
 2.38900000e+00,        +1.414213562373e-01,        +2.825208832198e-01,        +1.240128111169e-03
 2.38920000e+00,        +1.414213562373e-01,        +2.825188910308e-01,        +1.220226288724e-03
 2.38940000e+00,        +1.414213562373e-01,        +2.825168696692e-01,        +1.200252182319e-03
 2.38960000e+00,        +1.414213562373e-01,        +2.825148186629e-01,        +1.180204934443e-03
 2.38980000e+00,        +1.414213562373e-01,        +2.825127375294e-01,        +1.160083674287e-03
 2.39000000e+00,        +1.414213562373e-01,        +2.825106257765e-01,        +1.139887517497e-03
 2.39020000e+00,        +1.414213562373e-01,        +2.825084829014e-01,        +1.119615565907e-03
 2.39040000e+00,        +1.414213562373e-01,        +2.825063083907e-01,        +1.099266907281e-03
 2.39060000e+00,        +1.414213562373e-01,        +2.825041017202e-01,        +1.078840615038e-03
 2.39080000e+00,        +1.414213562373e-01,        +2.825018623542e-01,        +1.058335747977e-03
 2.39100000e+00,        +1.414213562373e-01,        +2.824995897460e-01,        +1.037751349993e-03
 2.39120000e+00,        +1.414213562373e-01,        +2.824972833366e-01,        +1.017086449788e-03
 2.39140000e+00,        +1.414213562373e-01,        +2.824949425554e-01,        +9.963400605751e-04
 2.39160000e+00,        +1.414213562373e-01,        +2.824925668192e-01,        +9.755111797742e-04
 2.39180000e+00,        +1.414213562373e-01,        +2.824901555320e-01,        +9.545987887050e-04
 2.39200000e+00,        +1.414213562373e-01,        +2.824877080850e-01,        +9.336018522693e-04
 2.39220000e+00,        +1.414213562373e-01,        +2.824852238557e-01,        +9.125193186266e-04
 2.39240000e+00,        +1.414213562373e-01,        +2.824827022081e-01,        +8.913501188638e-04
 2.39260000e+00,        +1.414213562373e-01,        +2.824801424921e-01,        +8.700931666567e-04
 2.39280000e+00,        +1.414213562373e-01,        +2.824775440431e-01,        +8.487473579225e-04
 2.39300000e+00,        +1.414213562373e-01,        +2.824749061815e-01,        +8.273115704667e-04
 2.39320000e+00,        +1.414213562373e-01,        +2.824722282126e-01,        +8.057846636194e-04
 2.39340000e+00,        +1.414213562373e-01,        +2.824695094260e-01,        +7.841654778656e-04
 2.39360000e+00,        +1.414213562373e-01,        +2.824667490951e-01,        +7.624528344646e-04
 2.39380000e+00,        +1.414213562373e-01,        +2.824639464770e-01,        +7.406455350632e-04
 2.39400000e+00,        +1.414213562373e-01,        +2.824611008115e-01,        +7.187423612967e-04
 2.39420000e+00,        +1.414213562373e-01,        +2.824582113213e-01,        +6.967420743849e-04
 2.39440000e+00,        +1.414213562373e-01,        +2.824552772108e-01,        +6.746434147145e-04
 2.39460000e+00,        +1.414213562373e-01,        +2.824522976663e-01,        +6.524451014139e-04
 2.39480000e+00,        +1.414213562373e-01,        +2.824492718551e-01,        +6.301458319188e-04
 2.39500000e+00,        +1.414213562373e-01,        +2.824461989248e-01,        +6.077442815259e-04
 2.39520000e+00,        +1.414213562373e-01,        +2.824430780033e-01,        +5.852391029374e-04
 2.39540000e+00,        +1.414213562373e-01,        +2.824399081978e-01,        +5.626289257942e-04
 2.39560000e+00,        +1.414213562373e-01,        +2.824366885943e-01,        +5.399123561985e-04
 2.39580000e+00,        +1.414213562373e-01,        +2.824334182571e-01,        +5.170879762259e-04
 2.39600000e+00,        +1.414213562373e-01,        +2.824300962282e-01,        +4.941543434243e-04
 2.39620000e+00,        +1.414213562373e-01,        +2.824267215264e-01,        +4.711099903031e-04
 2.39640000e+00,        +1.414213562373e-01,        +2.824232931470e-01,        +4.479534238088e-04
 2.39660000e+00,        +1.414213562373e-01,        +2.824198100608e-01,        +4.246831247894e-04
 2.39680000e+00,        +1.414213562373e-01,        +2.824162712137e-01,        +4.012975474458e-04
 2.39700000e+00,        +1.414213562373e-01,        +2.824126755257e-01,        +3.777951187702e-04
 2.39720000e+00,        +1.414213562373e-01,        +2.824090218903e-01,        +3.541742379719e-04
 2.39740000e+00,        +1.414213562373e-01,        +2.824053091734e-01,        +3.304332758888e-04
 2.39760000e+00,        +1.414213562373e-01,        +2.824015362132e-01,        +3.065705743859e-04
 2.39780000e+00,        +1.414213562373e-01,        +2.823977018186e-01,        +2.825844457395e-04
 2.39800000e+00,        +1.414213562373e-01,        +2.823938047687e-01,        +2.584731720072e-04
 2.39820000e+00,        +1.414213562373e-01,        +2.823898438119e-01,        +2.342350043822e-04
 2.39840000e+00,        +1.414213562373e-01,        +2.823858176650e-01,        +2.098681625342e-04
 2.39860000e+00,        +1.414213562373e-01,        +2.823817250121e-01,        +1.853708339340e-04
 2.39880000e+00,        +1.414213562373e-01,        +2.823775645036e-01,        +1.607411731625e-04
 2.39900000e+00,        +1.414213562373e-01,        +2.823733347553e-01,        +1.359773012038e-04
 2.39920000e+00,        +1.414213562373e-01,        +2.823690343473e-01,        +1.110773047231e-04
 2.39940000e+00,        +1.414213562373e-01,        +2.823646618230e-01,        +8.603923532545e-05
 2.39960000e+00,        +1.414213562373e-01,        +2.823602156876e-01,        +6.086110880082e-05
 2.39980000e+00,        +1.414213562373e-01,        +2.823556944074e-01,        +3.554090435001e-05
 2.40000000e+00,        +1.414213562373e-01,        +2.823510964082e-01,        +1.007656379285e-05
 2.40020000e+00,        +1.414213562373e-01,        +2.823464200741e-01,        -1.553400923932e-05
 2.40040000e+00,        +1.414213562373e-01,        +2.823416637464e-01,        -4.129295013147e-05
 2.40060000e+00,        +1.414213562373e-01,        +2.823368257221e-01,        -6.720243412955e-05
 2.40080000e+00,        +1.414213562373e-01,        +2.823319042523e-01,        -9.326467720432e-05
 2.40100000e+00,        +1.414213562373e-01,        +2.823268975410e-01,        -1.194819369333e-04
 2.40120000e+00,        +1.414213562373e-01,        +2.823218037435e-01,        -1.458565134030e-04
 2.40140000e+00,        +1.414213562373e-01,        +2.823166209649e-01,        -1.723907501282e-04
 2.40160000e+00,        +1.414213562373e-01,        +2.823113472583e-01,        -1.990870349928e-04
 2.40180000e+00,        +1.414213562373e-01,        +2.823059806231e-01,        -2.259478012089e-04
 2.40200000e+00,        +1.414213562373e-01,        +2.823005190035e-01,        -2.529755282956e-04
 2.40220000e+00,        +1.414213562373e-01,        +2.822949602865e-01,        -2.801727430778e-04
 2.40240000e+00,        +1.414213562373e-01,        +2.822893022999e-01,        -3.075420207049e-04
 2.40260000e+00,        +1.414213562373e-01,        +2.822835428106e-01,        -3.350859856891e-04
 2.40280000e+00,        +1.414213562373e-01,        +2.822776795225e-01,        -3.628073129637e-04
 2.40300000e+00,        +1.414213562373e-01,        +2.822717100740e-01,        -3.907087289616e-04
 2.40320000e+00,        +1.414213562373e-01,        +2.822656320367e-01,        -4.187930127134e-04
 2.40340000e+00,        +1.414213562373e-01,        +2.822594429122e-01,        -4.470629969662e-04
 2.40360000e+00,        +1.414213562373e-01,        +2.822531401303e-01,        -4.755215693212e-04
 2.40380000e+00,        +1.414213562373e-01,        +2.822467210463e-01,        -5.041716733931e-04
 2.40400000e+00,        +1.414213562373e-01,        +2.822401829389e-01,        -5.330163099883e-04
 2.40420000e+00,        +1.414213562373e-01,        +2.822335230069e-01,        -5.620585383053e-04
 2.40440000e+00,        +1.414213562373e-01,        +2.822267383673e-01,        -5.913014771543e-04
 2.40460000e+00,        +1.414213562373e-01,        +2.822198260518e-01,        -6.207483062000e-04
 2.40480000e+00,        +1.414213562373e-01,        +2.822127830044e-01,        -6.504022672257e-04
 2.40500000e+00,        +1.414213562373e-01,        +2.822056060781e-01,        -6.802666654224e-04
 2.40520000e+00,        +1.414213562373e-01,        +2.821982920321e-01,        -7.103448707023e-04
 2.40540000e+00,        +1.414213562373e-01,        +2.821908375282e-01,        -7.406403190404e-04
 2.40560000e+00,        +1.414213562373e-01,        +2.821832391279e-01,        -7.711565138477e-04
 2.40580000e+00,        +1.414213562373e-01,        +2.821754932888e-01,        -8.018970273776e-04
 2.40600000e+00,        +1.414213562373e-01,        +2.821675963610e-01,        -8.328655021735e-04
 2.40620000e+00,        +1.414213562373e-01,        +2.821595445836e-01,        -8.640656525617e-04
 2.40640000e+00,        +1.414213562373e-01,        +2.821513340808e-01,        -8.955012661977e-04
 2.40660000e+00,        +1.414213562373e-01,        +2.821429608582e-01,        -9.271762056774e-04
 2.40680000e+00,        +1.414213562373e-01,        +2.821344207988e-01,        -9.590944102203e-04
 2.40700000e+00,        +1.414213562373e-01,        +2.821257096586e-01,        -9.912598974424e-04
 2.40720000e+00,        +1.414213562373e-01,        +2.821168230625e-01,        -1.023676765231e-03
 2.40740000e+00,        +1.414213562373e-01,        +2.821077564998e-01,        -1.056349193740e-03
 2.40760000e+00,        +1.414213562373e-01,        +2.820985053197e-01,        -1.089281447524e-03
 2.40780000e+00,        +1.414213562373e-01,        +2.820890647263e-01,        -1.122477877831e-03
 2.40800000e+00,        +1.414213562373e-01,        +2.820794297735e-01,        -1.155942925069e-03
 2.40820000e+00,        +1.414213562373e-01,        +2.820695953596e-01,        -1.189681121477e-03
 2.40840000e+00,        +1.414213562373e-01,        +2.820595562221e-01,        -1.223697093998e-03
 2.40860000e+00,        +1.414213562373e-01,        +2.820493069309e-01,        -1.257995567379e-03
 2.40880000e+00,        +1.414213562373e-01,        +2.820388418824e-01,        -1.292581367485e-03
 2.40900000e+00,        +1.414213562373e-01,        +2.820281552923e-01,        -1.327459424831e-03
 2.40920000e+00,        +1.414213562373e-01,        +2.820172411879e-01,        -1.362634778288e-03
 2.40940000e+00,        +1.414213562373e-01,        +2.820060933999e-01,        -1.398112578938e-03
 2.40960000e+00,        +1.414213562373e-01,        +2.819947055535e-01,        -1.433898093993e-03
 2.40980000e+00,        +1.414213562373e-01,        +2.819830710584e-01,        -1.469996710703e-03
 2.41000000e+00,        +1.414213562373e-01,        +2.819711830981e-01,        -1.506413940144e-03
 2.41020000e+00,        +1.414213562373e-01,        +2.819590346183e-01,        -1.543155420749e-03
 2.41040000e+00,        +1.414213562373e-01,        +2.819466183147e-01,        -1.580226921454e-03
 2.41060000e+00,        +1.414213562373e-01,        +2.819339266193e-01,        -1.617634344328e-03
 2.41080000e+00,        +1.414213562373e-01,        +2.819209516867e-01,        -1.655383726538e-03
 2.41100000e+00,        +1.414213562373e-01,        +2.819076853789e-01,        -1.693481241571e-03
 2.41120000e+00,        +1.414213562373e-01,        +2.818941192507e-01,        -1.731933199646e-03
 2.41140000e+00,        +1.414213562373e-01,        +2.818802445340e-01,        -1.770746047298e-03
 2.41160000e+00,        +1.414213562373e-01,        +2.818660521221e-01,        -1.809926366202e-03
 2.41180000e+00,        +1.414213562373e-01,        +2.818515325544e-01,        -1.849480871328e-03
 2.41200000e+00,        +1.414213562373e-01,        +2.818366760008e-01,        -1.889416408611e-03
 2.41220000e+00,        +1.414213562373e-01,        +2.818214722465e-01,        -1.929739952308e-03
 2.41240000e+00,        +1.414213562373e-01,        +2.818059106770e-01,        -1.970458602298e-03
 2.41260000e+00,        +1.414213562373e-01,        +2.817899802632e-01,        -2.011579581508e-03
 2.41280000e+00,        +1.414213562373e-01,        +2.817736695465e-01,        -2.053110233668e-03
 2.41300000e+00,        +1.414213562373e-01,        +2.817569666233e-01,        -2.095058021540e-03
 2.41320000e+00,        +1.414213562373e-01,        +2.817398591297e-01,        -2.137430525693e-03
 2.41340000e+00,        +1.414213562373e-01,        +2.817223342248e-01,        -2.180235443858e-03
 2.41360000e+00,        +1.414213562373e-01,        +2.817043785732e-01,        -2.223480590799e-03
 2.41380000e+00,        +1.414213562373e-01,        +2.816859783264e-01,        -2.267173898629e-03
 2.41400000e+00,        +1.414213562373e-01,        +2.816671191027e-01,        -2.311323417401e-03
 2.41420000e+00,        +1.414213562373e-01,        +2.816477859654e-01,        -2.355937315836e-03
 2.41440000e+00,        +1.414213562373e-01,        +2.816279633996e-01,        -2.401023881992e-03
 2.41460000e+00,        +1.414213562373e-01,        +2.816076352865e-01,        -2.446591523698e-03
 2.41480000e+00,        +1.414213562373e-01,        +2.815867848769e-01,        -2.492648768586e-03
 2.41500000e+00,        +1.414213562373e-01,        +2.815653947619e-01,        -2.539204263563e-03
 2.41520000e+00,        +1.414213562373e-01,        +2.815434468419e-01,        -2.586266773576e-03
 2.41540000e+00,        +1.414213562373e-01,        +2.815209222941e-01,        -2.633845179558e-03
 2.41560000e+00,        +1.414213562373e-01,        +2.814978015376e-01,        -2.681948475443e-03
 2.41580000e+00,        +1.414213562373e-01,        +2.814740641967e-01,        -2.730585764145e-03
 2.41600000e+00,        +1.414213562373e-01,        +2.814496890619e-01,        -2.779766252422e-03
 2.41620000e+00,        +1.414213562373e-01,        +2.814246540495e-01,        -2.829499244527e-03
 2.41640000e+00,        +1.414213562373e-01,        +2.813989361581e-01,        -2.879794134566e-03
 2.41660000e+00,        +1.414213562373e-01,        +2.813725114239e-01,        -2.930660397448e-03
 2.41680000e+00,        +1.414213562373e-01,        +2.813453548729e-01,        -2.982107578351e-03
 2.41700000e+00,        +1.414213562373e-01,        +2.813174404709e-01,        -3.034145280556e-03
 2.41720000e+00,        +1.414213562373e-01,        +2.812887410712e-01,        -3.086783151540e-03
 2.41740000e+00,        +1.414213562373e-01,        +2.812592283596e-01,        -3.140030867169e-03
 2.41760000e+00,        +1.414213562373e-01,        +2.812288727958e-01,        -3.193898113826e-03
 2.41780000e+00,        +1.414213562373e-01,        +2.811976435531e-01,        -3.248394568278e-03
 2.41800000e+00,        +1.414213562373e-01,        +2.811655084540e-01,        -3.303529875094e-03
 2.41820000e+00,        +1.414213562373e-01,        +2.811324339030e-01,        -3.359313621345e-03
 2.41840000e+00,        +1.414213562373e-01,        +2.810983848154e-01,        -3.415755308352e-03
 2.41860000e+00,        +1.414213562373e-01,        +2.810633245433e-01,        -3.472864320178e-03
 2.41880000e+00,        +1.414213562373e-01,        +2.810272147967e-01,        -3.530649888541e-03
 2.41900000e+00,        +1.414213562373e-01,        +2.809900155617e-01,        -3.589121053802e-03
 2.41920000e+00,        +1.414213562373e-01,        +2.809516850134e-01,        -3.648286621609e-03
 2.41940000e+00,        +1.414213562373e-01,        +2.809121794251e-01,        -3.708155114805e-03
 2.41960000e+00,        +1.414213562373e-01,        +2.808714530725e-01,        -3.768734720070e-03
 2.41980000e+00,        +1.414213562373e-01,        +2.808294581332e-01,        -3.830033228821e-03
 2.42000000e+00,        +1.414213562373e-01,        +2.807861445813e-01,        -3.892057971743e-03
 2.42020000e+00,        +1.414213562373e-01,        +2.807414600763e-01,        -3.954815746353e-03
 2.42040000e+00,        +1.414213562373e-01,        +2.806953498469e-01,        -4.018312736867e-03
 2.42060000e+00,        +1.414213562373e-01,        +2.806477565694e-01,        -4.082554425610e-03
 2.42080000e+00,        +1.414213562373e-01,        +2.805986202395e-01,        -4.147545495129e-03
 2.42100000e+00,        +1.414213562373e-01,        +2.805478780392e-01,        -4.213289720051e-03
 2.42120000e+00,        +1.414213562373e-01,        +2.804954641965e-01,        -4.279789847696e-03
 2.42140000e+00,        +1.414213562373e-01,        +2.804413098399e-01,        -4.347047466294e-03
 2.42160000e+00,        +1.414213562373e-01,        +2.803853428455e-01,        -4.415062859589e-03
 2.42180000e+00,        +1.414213562373e-01,        +2.803274876790e-01,        -4.483834846470e-03
 2.42200000e+00,        +1.414213562373e-01,        +2.802676652305e-01,        -4.553360604142e-03
 2.42220000e+00,        +1.414213562373e-01,        +2.802057926433e-01,        -4.623635473228e-03
 2.42240000e+00,        +1.414213562373e-01,        +2.801417831367e-01,        -4.694652742998e-03
 2.42260000e+00,        +1.414213562373e-01,        +2.800755458233e-01,        -4.766403414797e-03
 2.42280000e+00,        +1.414213562373e-01,        +2.800069855200e-01,        -4.838875941543e-03
 2.42300000e+00,        +1.414213562373e-01,        +2.799360025552e-01,        -4.912055940956e-03
 2.42320000e+00,        +1.414213562373e-01,        +2.798624925710e-01,        -4.985925880003e-03
 2.42340000e+00,        +1.414213562373e-01,        +2.797863463224e-01,        -5.060464727796e-03
 2.42360000e+00,        +1.414213562373e-01,        +2.797074494742e-01,        -5.135647573944e-03
 2.42380000e+00,        +1.414213562373e-01,        +2.796256823969e-01,        -5.211445209101e-03
 2.42400000e+00,        +1.414213562373e-01,        +2.795409199639e-01,        -5.287823664219e-03
 2.42420000e+00,        +1.414213562373e-01,        +2.794530313509e-01,        -5.364743704668e-03
 2.42440000e+00,        +1.414213562373e-01,        +2.793618798414e-01,        -5.442160275179e-03
 2.42460000e+00,        +1.414213562373e-01,        +2.792673226408e-01,        -5.520021891196e-03
 2.42480000e+00,        +1.414213562373e-01,        +2.791692107015e-01,        -5.598269971974e-03
 2.42500000e+00,        +1.414213562373e-01,        +2.790673885657e-01,        -5.676838110449e-03
 2.42520000e+00,        +1.414213562373e-01,        +2.789616942290e-01,        -5.755651274621e-03
 2.42540000e+00,        +1.414213562373e-01,        +2.788519590319e-01,        -5.834624934949e-03
 2.42560000e+00,        +1.414213562373e-01,        +2.787380075852e-01,        -5.913664112011e-03
 2.42580000e+00,        +1.414213562373e-01,        +2.786196577394e-01,        -5.992662338543e-03
 2.42600000e+00,        +1.414213562373e-01,        +2.784967206056e-01,        -6.071500529846e-03
 2.42620000e+00,        +1.414213562373e-01,        +2.783690006404e-01,        -6.150045756578e-03
 2.42640000e+00,        +1.414213562373e-01,        +2.782362958083e-01,        -6.228149914071e-03
 2.42660000e+00,        +1.414213562373e-01,        +2.780983978345e-01,        -6.305648282649e-03
 2.42680000e+00,        +1.414213562373e-01,        +2.779550925679e-01,        -6.382357973911e-03
 2.42700000e+00,        +1.414213562373e-01,        +2.778061604717e-01,        -6.458076258811e-03
 2.42720000e+00,        +1.414213562373e-01,        +2.776513772658e-01,        -6.532578774480e-03
 2.42740000e+00,        +1.414213562373e-01,        +2.774905147452e-01,        -6.605617608349e-03
 2.42760000e+00,        +1.414213562373e-01,        +2.773233418045e-01,        -6.676919260243e-03
 2.42780000e+00,        +1.414213562373e-01,        +2.771496256987e-01,        -6.746182485877e-03
 2.42800000e+00,        +1.414213562373e-01,        +2.769691335790e-01,        -6.813076028689e-03
 2.42820000e+00,        +1.414213562373e-01,        +2.767816343405e-01,        -6.877236251414e-03
 2.42840000e+00,        +1.414213562373e-01,        +2.765869008280e-01,        -6.938264684263e-03
 2.42860000e+00,        +1.414213562373e-01,        +2.763847124458e-01,        -6.995725513378e-03
 2.42880000e+00,        +1.414213562373e-01,        +2.761748582229e-01,        -7.049143041374e-03
 2.42900000e+00,        +1.414213562373e-01,        +2.759571403877e-01,        -7.097999161652e-03
 2.42920000e+00,        +1.414213562373e-01,        +2.757313785078e-01,        -7.141730899735e-03
 2.42940000e+00,        +1.414213562373e-01,        +2.754974142528e-01,        -7.179728088536e-03
 2.42960000e+00,        +1.414213562373e-01,        +2.752551168347e-01,        -7.211331260139e-03
 2.42980000e+00,        +1.414213562373e-01,        +2.750043891797e-01,        -7.235829854551e-03
 2.43000000e+00,        +1.414213562373e-01,        +2.747451748768e-01,        -7.252460865850e-03
 2.43020000e+00,        +1.414213562373e-01,        +2.744774659400e-01,        -7.260408068055e-03
 2.43040000e+00,        +1.414213562373e-01,        +2.742013114034e-01,        -7.258801986454e-03
 2.43060000e+00,        +1.414213562373e-01,        +2.739168267482e-01,        -7.246720804405e-03
 2.43080000e+00,        +1.414213562373e-01,        +2.736242041333e-01,        -7.223192419760e-03
 2.43100000e+00,        +1.414213562373e-01,        +2.733237233597e-01,        -7.187197887639e-03
 2.43120000e+00,        +1.414213562373e-01,        +2.730157634581e-01,        -7.137676505376e-03
 2.43140000e+00,        +1.414213562373e-01,        +2.727008147292e-01,        -7.073532808628e-03
 2.43160000e+00,        +1.414213562373e-01,        +2.723794909999e-01,        -6.993645751830e-03
 2.43180000e+00,        +1.414213562373e-01,        +2.720525417832e-01,        -6.896880337715e-03
 2.43200000e+00,        +1.414213562373e-01,        +2.717208639433e-01,        -6.782101935488e-03
 2.43220000e+00,        +1.414213562373e-01,        +2.713855123771e-01,        -6.648193480857e-03
 2.43240000e+00,        +1.414213562373e-01,        +2.710477091303e-01,        -6.494075679268e-03
 2.43260000e+00,        +1.414213562373e-01,        +2.707088502782e-01,        -6.318730232239e-03
 2.43280000e+00,        +1.414213562373e-01,        +2.703705098249e-01,        -6.121225972967e-03
 2.43300000e+00,        +1.414213562373e-01,        +2.700344398234e-01,        -5.900747630412e-03
 2.43320000e+00,        +1.414213562373e-01,        +2.697025658981e-01,        -5.656626742768e-03
 2.43340000e+00,        +1.414213562373e-01,        +2.693769773799e-01,        -5.388374017372e-03
 2.43360000e+00,        +1.414213562373e-01,        +2.690599113517e-01,        -5.095712194719e-03
 2.43380000e+00,        +1.414213562373e-01,        +2.687537300578e-01,        -4.778608234913e-03
 2.43400000e+00,        +1.414213562373e-01,        +2.684608913647e-01,        -4.437303425681e-03
 2.43420000e+00,        +1.414213562373e-01,        +2.681839122720e-01,        -4.072339836682e-03
 2.43440000e+00,        +1.414213562373e-01,        +2.679253258510e-01,        -3.684581442335e-03
 2.43460000e+00,        +1.414213562373e-01,        +2.676876324247e-01,        -3.275228231218e-03
 2.43480000e+00,        +1.414213562373e-01,        +2.674732462618e-01,        -2.845821737382e-03
 2.43500000e+00,        +1.414213562373e-01,        +2.672844395051e-01,        -2.398240682032e-03
 2.43520000e+00,        +1.414213562373e-01,        +2.671232854507e-01,        -1.934685805507e-03
 2.43540000e+00,        +1.414213562373e-01,        +2.669916035858e-01,        -1.457653486796e-03
 2.43560000e+00,        +1.414213562373e-01,        +2.668909089448e-01,        -9.698983609848e-04
 2.43580000e+00,        +1.414213562373e-01,        +2.668223683134e-01,        -4.743858093643e-04
 2.43600000e+00,        +1.414213562373e-01,        +2.667867655920e-01,        +2.576414517434e-05
 2.43620000e+00,        +1.414213562373e-01,        +2.667844782178e-01,        +5.273394155849e-04
 2.43640000e+00,        +1.414213562373e-01,        +2.668154659679e-01,        +1.027102319081e-03
 2.43660000e+00,        +1.414213562373e-01,        +2.668792727753e-01,        +1.521857072858e-03
 2.43680000e+00,        +1.414213562373e-01,        +2.669750414333e-01,        +2.008515380968e-03
 2.43700000e+00,        +1.414213562373e-01,        +2.671015403308e-01,        +2.484157320752e-03
 2.43720000e+00,        +1.414213562373e-01,        +2.672572006965e-01,        +2.946085082660e-03
 2.43740000e+00,        +1.414213562373e-01,        +2.674401623111e-01,        +3.391867625088e-03
 2.43760000e+00,        +1.414213562373e-01,        +2.676483252938e-01,        +3.819374922671e-03
 2.43780000e+00,        +1.414213562373e-01,        +2.678794054189e-01,        +4.226801149917e-03
 2.43800000e+00,        +1.414213562373e-01,        +2.681309904497e-01,        +4.612676791332e-03
 2.43820000e+00,        +1.414213562373e-01,        +2.684005951779e-01,        +4.975870250809e-03
 2.43840000e+00,        +1.414213562373e-01,        +2.686857131834e-01,        +5.315580007531e-03
 2.43860000e+00,        +1.414213562373e-01,        +2.689838637465e-01,        +5.631318709368e-03
 2.43880000e+00,        +1.414213562373e-01,        +2.692926327917e-01,        +5.922890800743e-03
 2.43900000e+00,        +1.414213562373e-01,        +2.696097071967e-01,        +6.190365357215e-03
 2.43920000e+00,        +1.414213562373e-01,        +2.699329022109e-01,        +6.434045761196e-03
 2.43940000e+00,        +1.414213562373e-01,        +2.702601820845e-01,        +6.654437726809e-03
 2.43960000e+00,        +1.414213562373e-01,        +2.705896742920e-01,        +6.852216993406e-03
 2.43980000e+00,        +1.414213562373e-01,        +2.709196779395e-01,        +7.028197782976e-03
 2.44000000e+00,        +1.414213562373e-01,        +2.712486670757e-01,        +7.183302879449e-03
 2.44020000e+00,        +1.414213562373e-01,        +2.715752896980e-01,        +7.318535956014e-03
 2.44040000e+00,        +1.414213562373e-01,        +2.718983632507e-01,        +7.434956563665e-03
 2.44060000e+00,        +1.414213562373e-01,        +2.722168673898e-01,        +7.533658008373e-03
 2.44080000e+00,        +1.414213562373e-01,        +2.725299347227e-01,        +7.615748190307e-03
 2.44100000e+00,        +1.414213562373e-01,        +2.728368401588e-01,        +7.682333356815e-03
 2.44120000e+00,        +1.414213562373e-01,        +2.731369894132e-01,        +7.734504630281e-03
 2.44140000e+00,        +1.414213562373e-01,        +2.734299071210e-01,        +7.773327108989e-03
 2.44160000e+00,        +1.414213562373e-01,        +2.737152249268e-01,        +7.799831300005e-03
 2.44180000e+00,        +1.414213562373e-01,        +2.739926698360e-01,        +7.815006623187e-03
 2.44200000e+00,        +1.414213562373e-01,        +2.742620530436e-01,        +7.819796720815e-03
 2.44220000e+00,        +1.414213562373e-01,        +2.745232593899e-01,        +7.815096313829e-03
 2.44240000e+00,        +1.414213562373e-01,        +2.747762375434e-01,        +7.801749360156e-03
 2.44260000e+00,        +1.414213562373e-01,        +2.750209909681e-01,        +7.780548290051e-03
 2.44280000e+00,        +1.414213562373e-01,        +2.752575696975e-01,        +7.752234115785e-03
 2.44300000e+00,        +1.414213562373e-01,        +2.754860629114e-01,        +7.717497236470e-03
 2.44320000e+00,        +1.414213562373e-01,        +2.757065922945e-01,        +7.676978782142e-03
 2.44340000e+00,        +1.414213562373e-01,        +2.759193061376e-01,        +7.631272363598e-03
 2.44360000e+00,        +1.414213562373e-01,        +2.761243741381e-01,        +7.580926115212e-03
 2.44380000e+00,        +1.414213562373e-01,        +2.763219828474e-01,        +7.526444936830e-03
 2.44400000e+00,        +1.414213562373e-01,        +2.765123317101e-01,        +7.468292857639e-03
 2.44420000e+00,        +1.414213562373e-01,        +2.766956296429e-01,        +7.406895459661e-03
 2.44440000e+00,        +1.414213562373e-01,        +2.768720920967e-01,        +7.342642311203e-03
 2.44460000e+00,        +1.414213562373e-01,        +2.770419385528e-01,        +7.275889371548e-03
 2.44480000e+00,        +1.414213562373e-01,        +2.772053904031e-01,        +7.206961337248e-03
 2.44500000e+00,        +1.414213562373e-01,        +2.773626691711e-01,        +7.136153908076e-03
 2.44520000e+00,        +1.414213562373e-01,        +2.775139950299e-01,        +7.063735956973e-03
 2.44540000e+00,        +1.414213562373e-01,        +2.776595855818e-01,        +6.989951593442e-03
 2.44560000e+00,        +1.414213562373e-01,        +2.777996548632e-01,        +6.915022113995e-03
 2.44580000e+00,        +1.414213562373e-01,        +2.779344125470e-01,        +6.839147836507e-03
 2.44600000e+00,        +1.414213562373e-01,        +2.780640633118e-01,        +6.762509817943e-03
 2.44620000e+00,        +1.414213562373e-01,        +2.781888063573e-01,        +6.685271456835e-03
 2.44640000e+00,        +1.414213562373e-01,        +2.783088350421e-01,        +6.607579983425e-03
 2.44660000e+00,        +1.414213562373e-01,        +2.784243366257e-01,        +6.529567841435e-03
 2.44680000e+00,        +1.414213562373e-01,        +2.785354920999e-01,        +6.451353966201e-03
 2.44700000e+00,        +1.414213562373e-01,        +2.786424760931e-01,        +6.373044964393e-03
 2.44720000e+00,        +1.414213562373e-01,        +2.787454568367e-01,        +6.294736200850e-03
 2.44740000e+00,        +1.414213562373e-01,        +2.788445961823e-01,        +6.216512798164e-03
 2.44760000e+00,        +1.414213562373e-01,        +2.789400496608e-01,        +6.138450554694e-03
 2.44780000e+00,        +1.414213562373e-01,        +2.790319665752e-01,        +6.060616786561e-03
 2.44800000e+00,        +1.414213562373e-01,        +2.791204901203e-01,        +5.983071099041e-03
 2.44820000e+00,        +1.414213562373e-01,        +2.792057575240e-01,        +5.905866092570e-03
 2.44840000e+00,        +1.414213562373e-01,        +2.792879002051e-01,        +5.829048008323e-03
 2.44860000e+00,        +1.414213562373e-01,        +2.793670439426e-01,        +5.752657318056e-03
 2.44880000e+00,        +1.414213562373e-01,        +2.794433090548e-01,        +5.676729262673e-03
 2.44900000e+00,        +1.414213562373e-01,        +2.795168105833e-01,        +5.601294343633e-03
 2.44920000e+00,        +1.414213562373e-01,        +2.795876584809e-01,        +5.526378771098e-03
 2.44940000e+00,        +1.414213562373e-01,        +2.796559578007e-01,        +5.452004872415e-03
 2.44960000e+00,        +1.414213562373e-01,        +2.797218088850e-01,        +5.378191464266e-03
 2.44980000e+00,        +1.414213562373e-01,        +2.797853075522e-01,        +5.304954191601e-03
 2.45000000e+00,        +1.414213562373e-01,        +2.798465452813e-01,        +5.232305836171e-03
 2.45020000e+00,        +1.414213562373e-01,        +2.799056093924e-01,        +5.160256597319e-03
 2.45040000e+00,        +1.414213562373e-01,        +2.799625832235e-01,        +5.088814347424e-03
 2.45060000e+00,        +1.414213562373e-01,        +2.800175463013e-01,        +5.017984864225e-03
 2.45080000e+00,        +1.414213562373e-01,        +2.800705745080e-01,        +4.947772042050e-03
 2.45100000e+00,        +1.414213562373e-01,        +2.801217402418e-01,        +4.878178083815e-03
 2.45120000e+00,        +1.414213562373e-01,        +2.801711125717e-01,        +4.809203675505e-03
 2.45140000e+00,        +1.414213562373e-01,        +2.802187573866e-01,        +4.740848144675e-03
 2.45160000e+00,        +1.414213562373e-01,        +2.802647375388e-01,        +4.673109604415e-03
 2.45180000e+00,        +1.414213562373e-01,        +2.803091129811e-01,        +4.605985084064e-03
 2.45200000e+00,        +1.414213562373e-01,        +2.803519408985e-01,        +4.539470647865e-03
 2.45220000e+00,        +1.414213562373e-01,        +2.803932758335e-01,        +4.473561502639e-03
 2.45240000e+00,        +1.414213562373e-01,        +2.804331698069e-01,        +4.408252095473e-03
 2.45260000e+00,        +1.414213562373e-01,        +2.804716724319e-01,        +4.343536202306e-03
 2.45280000e+00,        +1.414213562373e-01,        +2.805088310238e-01,        +4.279407008252e-03
 2.45300000e+00,        +1.414213562373e-01,        +2.805446907038e-01,        +4.215857180383e-03
 2.45320000e+00,        +1.414213562373e-01,        +2.805792944982e-01,        +4.152878933681e-03
 2.45340000e+00,        +1.414213562373e-01,        +2.806126834328e-01,        +4.090464090753e-03
 2.45360000e+00,        +1.414213562373e-01,        +2.806448966223e-01,        +4.028604135890e-03
 2.45380000e+00,        +1.414213562373e-01,        +2.806759713556e-01,        +3.967290263976e-03
 2.45400000e+00,        +1.414213562373e-01,        +2.807059431763e-01,        +3.906513424728e-03
 2.45420000e+00,        +1.414213562373e-01,        +2.807348459599e-01,        +3.846264362676e-03
 2.45440000e+00,        +1.414213562373e-01,        +2.807627119863e-01,        +3.786533653290e-03
 2.45460000e+00,        +1.414213562373e-01,        +2.807895720085e-01,        +3.727311735596e-03
 2.45480000e+00,        +1.414213562373e-01,        +2.808154553186e-01,        +3.668588941622e-03
 2.45500000e+00,        +1.414213562373e-01,        +2.808403898092e-01,        +3.610355522942e-03
 2.45520000e+00,        +1.414213562373e-01,        +2.808644020320e-01,        +3.552601674618e-03
 2.45540000e+00,        +1.414213562373e-01,        +2.808875172538e-01,        +3.495317556765e-03
 2.45560000e+00,        +1.414213562373e-01,        +2.809097595084e-01,        +3.438493313972e-03
 2.45580000e+00,        +1.414213562373e-01,        +2.809311516465e-01,        +3.382119092782e-03
 2.45600000e+00,        +1.414213562373e-01,        +2.809517153826e-01,        +3.326185057421e-03
 2.45620000e+00,        +1.414213562373e-01,        +2.809714713390e-01,        +3.270681403947e-03
 2.45640000e+00,        +1.414213562373e-01,        +2.809904390878e-01,        +3.215598372974e-03
 2.45660000e+00,        +1.414213562373e-01,        +2.810086371903e-01,        +3.160926261119e-03
 2.45680000e+00,        +1.414213562373e-01,        +2.810260832339e-01,        +3.106655431302e-03
 2.45700000e+00,        +1.414213562373e-01,        +2.810427938673e-01,        +3.052776322025e-03
 2.45720000e+00,        +1.414213562373e-01,        +2.810587848333e-01,        +2.999279455732e-03
 2.45740000e+00,        +1.414213562373e-01,        +2.810740709997e-01,        +2.946155446365e-03
 2.45760000e+00,        +1.414213562373e-01,        +2.810886663883e-01,        +2.893395006207e-03
 2.45780000e+00,        +1.414213562373e-01,        +2.811025842021e-01,        +2.840988952101e-03
 2.45800000e+00,        +1.414213562373e-01,        +2.811158368507e-01,        +2.788928211122e-03
 2.45820000e+00,        +1.414213562373e-01,        +2.811284359745e-01,        +2.737203825789e-03
 2.45840000e+00,        +1.414213562373e-01,        +2.811403924663e-01,        +2.685806958878e-03
 2.45860000e+00,        +1.414213562373e-01,        +2.811517164924e-01,        +2.634728897912e-03
 2.45880000e+00,        +1.414213562373e-01,        +2.811624175119e-01,        +2.583961059387e-03
 2.45900000e+00,        +1.414213562373e-01,        +2.811725042941e-01,        +2.533494992787e-03
 2.45920000e+00,        +1.414213562373e-01,        +2.811819849352e-01,        +2.483322384465e-03
 2.45940000e+00,        +1.414213562373e-01,        +2.811908668736e-01,        +2.433435061423e-03
 2.45960000e+00,        +1.414213562373e-01,        +2.811991569034e-01,        +2.383824995052e-03
 2.45980000e+00,        +1.414213562373e-01,        +2.812068611872e-01,        +2.334484304884e-03
 2.46000000e+00,        +1.414213562373e-01,        +2.812139852678e-01,        +2.285405262408e-03
 2.46020000e+00,        +1.414213562373e-01,        +2.812205340782e-01,        +2.236580294990e-03
 2.46040000e+00,        +1.414213562373e-01,        +2.812265119509e-01,        +2.188001989951e-03
 2.46060000e+00,        +1.414213562373e-01,        +2.812319226262e-01,        +2.139663098848e-03
 2.46080000e+00,        +1.414213562373e-01,        +2.812367692591e-01,        +2.091556542008e-03
 2.46100000e+00,        +1.414213562373e-01,        +2.812410544256e-01,        +2.043675413361e-03
 2.46120000e+00,        +1.414213562373e-01,        +2.812447801276e-01,        +1.996012985619e-03
 2.46140000e+00,        +1.414213562373e-01,        +2.812479477971e-01,        +1.948562715855e-03
 2.46160000e+00,        +1.414213562373e-01,        +2.812505582995e-01,        +1.901318251525e-03
 2.46180000e+00,        +1.414213562373e-01,        +2.812526119356e-01,        +1.854273436998e-03
 2.46200000e+00,        +1.414213562373e-01,        +2.812541084435e-01,        +1.807422320634e-03
 2.46220000e+00,        +1.414213562373e-01,        +2.812550469987e-01,        +1.760759162473e-03
 2.46240000e+00,        +1.414213562373e-01,        +2.812554262137e-01,        +1.714278442595e-03
 2.46260000e+00,        +1.414213562373e-01,        +2.812552441372e-01,        +1.667974870212e-03
 2.46280000e+00,        +1.414213562373e-01,        +2.812544982521e-01,        +1.621843393553e-03
 2.46300000e+00,        +1.414213562373e-01,        +2.812531854724e-01,        +1.575879210614e-03
 2.46320000e+00,        +1.414213562373e-01,        +2.812513021399e-01,        +1.530077780842e-03
 2.46340000e+00,        +1.414213562373e-01,        +2.812488440201e-01,        +1.484434837836e-03
 2.46360000e+00,        +1.414213562373e-01,        +2.812458062968e-01,        +1.438946403132e-03
 2.46380000e+00,        +1.414213562373e-01,        +2.812421835670e-01,        +1.393608801178e-03
 2.46400000e+00,        +1.414213562373e-01,        +2.812379698341e-01,        +1.348418675564e-03
 2.46420000e+00,        +1.414213562373e-01,        +2.812331585011e-01,        +1.303373006630e-03
 2.46440000e+00,        +1.414213562373e-01,        +2.812277423631e-01,        +1.258469130536e-03
 2.46460000e+00,        +1.414213562373e-01,        +2.812217135991e-01,        +1.213704759909e-03
 2.46480000e+00,        +1.414213562373e-01,        +2.812150637635e-01,        +1.169078006188e-03
 2.46500000e+00,        +1.414213562373e-01,        +2.812077837771e-01,        +1.124587403783e-03
 2.46520000e+00,        +1.414213562373e-01,        +2.811998639173e-01,        +1.080231936177e-03
 2.46540000e+00,        +1.414213562373e-01,        +2.811912938088e-01,        +1.036011064128e-03
 2.46560000e+00,        +1.414213562373e-01,        +2.811820624130e-01,        +9.919247560893e-04
 2.46580000e+00,        +1.414213562373e-01,        +2.811721580184e-01,        +9.479735210357e-04
 2.46600000e+00,        +1.414213562373e-01,        +2.811615682297e-01,        +9.041584438353e-04
 2.46620000e+00,        +1.414213562373e-01,        +2.811502799582e-01,        +8.604812233599e-04
 2.46640000e+00,        +1.414213562373e-01,        +2.811382794111e-01,        +8.169442135095e-04
 2.46660000e+00,        +1.414213562373e-01,        +2.811255520822e-01,        +7.735504673479e-04
 2.46680000e+00,        +1.414213562373e-01,        +2.811120827424e-01,        +7.303037845556e-04
 2.46700000e+00,        +1.414213562373e-01,        +2.810978554311e-01,        +6.872087624114e-04
 2.46720000e+00,        +1.414213562373e-01,        +2.810828534484e-01,        +6.442708505289e-04
 2.46740000e+00,        +1.414213562373e-01,        +2.810670593486e-01,        +6.014964095814e-04
 2.46760000e+00,        +1.414213562373e-01,        +2.810504549349e-01,        +5.588927742545e-04
 2.46780000e+00,        +1.414213562373e-01,        +2.810330212555e-01,        +5.164683206799e-04
 2.46800000e+00,        +1.414213562373e-01,        +2.810147386023e-01,        +4.742325386044e-04
 2.46820000e+00,        +1.414213562373e-01,        +2.809955865118e-01,        +4.321961085555e-04
 2.46840000e+00,        +1.414213562373e-01,        +2.809755437683e-01,        +3.903709842714e-04
 2.46860000e+00,        +1.414213562373e-01,        +2.809545884111e-01,        +3.487704806562e-04
 2.46880000e+00,        +1.414213562373e-01,        +2.809326977453e-01,        +3.074093675284e-04
 2.46900000e+00,        +1.414213562373e-01,        +2.809098483566e-01,        +2.663039694160e-04
 2.46920000e+00,        +1.414213562373e-01,        +2.808860161319e-01,        +2.254722716459e-04
 2.46940000e+00,        +1.414213562373e-01,        +2.808611762855e-01,        +1.849340329574e-04
 2.46960000e+00,        +1.414213562373e-01,        +2.808353033910e-01,        +1.447109048464e-04
 2.46980000e+00,        +1.414213562373e-01,        +2.808083714227e-01,        +1.048265578157e-04
 2.47000000e+00,        +1.414213562373e-01,        +2.807803538035e-01,        +6.530681466848e-05
 2.47020000e+00,        +1.414213562373e-01,        +2.807512234637e-01,        +2.617979092757e-05
 2.47040000e+00,        +1.414213562373e-01,        +2.807209529102e-01,        -1.252395759900e-05
 2.47060000e+00,        +1.414213562373e-01,        +2.806895143081e-01,        -5.077128016479e-05
 2.47080000e+00,        +1.414213562373e-01,        +2.806568795755e-01,        -8.852626949866e-05
 2.47100000e+00,        +1.414213562373e-01,        +2.806230204939e-01,        -1.257500935597e-04
 2.47120000e+00,        +1.414213562373e-01,        +2.805879088355e-01,        -1.624008210403e-04
 2.47140000e+00,        +1.414213562373e-01,        +2.805515165084e-01,        -1.984332411951e-04
 2.47160000e+00,        +1.414213562373e-01,        +2.805138157236e-01,        -2.337986787646e-04
 2.47180000e+00,        +1.414213562373e-01,        +2.804747791841e-01,        -2.684448049862e-04
 2.47200000e+00,        +1.414213562373e-01,        +2.804343802988e-01,        -3.023154459545e-04
 2.47220000e+00,        +1.414213562373e-01,        +2.803925934240e-01,        -3.353503898878e-04
 2.47240000e+00,        +1.414213562373e-01,        +2.803493941349e-01,        -3.674851952125e-04
 2.47260000e+00,        +1.414213562373e-01,        +2.803047595283e-01,        -3.986510017648e-04
 2.47280000e+00,        +1.414213562373e-01,        +2.802586685612e-01,        -4.287743478584e-04
 2.47300000e+00,        +1.414213562373e-01,        +2.802111024259e-01,        -4.577769964671e-04
 2.47320000e+00,        +1.414213562373e-01,        +2.801620449650e-01,        -4.855757743227e-04
 2.47340000e+00,        +1.414213562373e-01,        +2.801114831288e-01,        -5.120824283435e-04
 2.47360000e+00,        +1.414213562373e-01,        +2.800594074770e-01,        -5.372035044766e-04
 2.47380000e+00,        +1.414213562373e-01,        +2.800058127263e-01,        -5.608402547560e-04
 2.47400000e+00,        +1.414213562373e-01,        +2.799506983459e-01,        -5.828885791489e-04
 2.47420000e+00,        +1.414213562373e-01,        +2.798940692023e-01,        -6.032390095669e-04
 2.47440000e+00,        +1.414213562373e-01,        +2.798359362518e-01,        -6.217767442516e-04
 2.47460000e+00,        +1.414213562373e-01,        +2.797763172824e-01,        -6.383817415808e-04
 2.47480000e+00,        +1.414213562373e-01,        +2.797152377023e-01,        -6.529288831613e-04
 2.47500000e+00,        +1.414213562373e-01,        +2.796527313711e-01,        -6.652882168427e-04
 2.47520000e+00,        +1.414213562373e-01,        +2.795888414715e-01,        -6.753252909730e-04
 2.47540000e+00,        +1.414213562373e-01,        +2.795236214125e-01,        -6.829015917545e-04
 2.47560000e+00,        +1.414213562373e-01,        +2.794571357583e-01,        -6.878750959160e-04
 2.47580000e+00,        +1.414213562373e-01,        +2.793894611693e-01,        -6.901009510113e-04
 2.47600000e+00,        +1.414213562373e-01,        +2.793206873445e-01,        -6.894322954077e-04
 2.47620000e+00,        +1.414213562373e-01,        +2.792509179474e-01,        -6.857212293755e-04
 2.47640000e+00,        +1.414213562373e-01,        +2.791802714966e-01,        -6.788199475296e-04
 2.47660000e+00,        +1.414213562373e-01,        +2.791088821985e-01,        -6.685820411113e-04
 2.47680000e+00,        +1.414213562373e-01,        +2.790369006971e-01,        -6.548639761630e-04
 2.47700000e+00,        +1.414213562373e-01,        +2.789644947106e-01,        -6.375267504369e-04
 2.47720000e+00,        +1.414213562373e-01,        +2.788918495251e-01,        -6.164377278377e-04
 2.47740000e+00,        +1.414213562373e-01,        +2.788191683098e-01,        -5.914726442855e-04
 2.47760000e+00,        +1.414213562373e-01,        +2.787466722176e-01,        -5.625177730808e-04
 2.47780000e+00,        +1.414213562373e-01,        +2.786746002356e-01,        -5.294722312132e-04
 2.47800000e+00,        +1.414213562373e-01,        +2.786032087467e-01,        -4.922504006458e-04
 2.47820000e+00,        +1.414213562373e-01,        +2.785327707690e-01,        -4.507844306265e-04
 2.47840000e+00,        +1.414213562373e-01,        +2.784635748390e-01,        -4.050267787191e-04
 2.47860000e+00,        +1.414213562373e-01,        +2.783959235125e-01,        -3.549527398667e-04
 2.47880000e+00,        +1.414213562373e-01,        +2.783301314635e-01,        -3.005629047702e-04
 2.47900000e+00,        +1.414213562373e-01,        +2.782665231687e-01,        -2.418854816597e-04
 2.47920000e+00,        +1.414213562373e-01,        +2.782054301786e-01,        -1.789784096908e-04
 2.47940000e+00,        +1.414213562373e-01,        +2.781471879886e-01,        -1.119311882674e-04
 2.47960000e+00,        +1.414213562373e-01,        +2.780921325375e-01,        -4.086634511459e-05
 2.47980000e+00,        +1.414213562373e-01,        +2.780405963756e-01,        +3.405953255452e-05
 2.48000000e+00,        +1.414213562373e-01,        +2.779929045650e-01,        +1.126552745293e-04
 2.48020000e+00,        +1.414213562373e-01,        +2.779493703836e-01,        +1.946951739373e-04
 2.48040000e+00,        +1.414213562373e-01,        +2.779102909260e-01,        +2.799196532927e-04
 2.48060000e+00,        +1.414213562373e-01,        +2.778759427011e-01,        +3.680365842381e-04
 2.48080000e+00,        +1.414213562373e-01,        +2.778465773396e-01,        +4.587232759088e-04
 2.48100000e+00,        +1.414213562373e-01,        +2.778224175262e-01,        +5.516291253101e-04
 2.48120000e+00,        +1.414213562373e-01,        +2.778036532755e-01,        +6.463789000326e-04
 2.48140000e+00,        +1.414213562373e-01,        +2.777904386636e-01,        +7.425766001429e-04
 2.48160000e+00,        +1.414213562373e-01,        +2.777828891171e-01,        +8.398098234529e-04
 2.48180000e+00,        +1.414213562373e-01,        +2.777810793494e-01,        +9.376545379073e-04
 2.48200000e+00,        +1.414213562373e-01,        +2.777850420115e-01,        +1.035680147746e-03
 2.48220000e+00,        +1.414213562373e-01,        +2.777947671025e-01,        +1.133454727530e-03
 2.48240000e+00,        +1.414213562373e-01,        +2.778102021615e-01,        +1.230550290790e-03
 2.48260000e+00,        +1.414213562373e-01,        +2.778312532328e-01,        +1.326547958592e-03
 2.48280000e+00,        +1.414213562373e-01,        +2.778577865724e-01,        +1.421042897600e-03
 2.48300000e+00,        +1.414213562373e-01,        +2.778896310388e-01,        +1.513648907249e-03
 2.48320000e+00,        +1.414213562373e-01,        +2.779265810896e-01,        +1.604002550442e-03
 2.48340000e+00,        +1.414213562373e-01,        +2.779684002875e-01,        +1.691766741131e-03
 2.48360000e+00,        +1.414213562373e-01,        +2.780148252086e-01,        +1.776633723771e-03
 2.48380000e+00,        +1.414213562373e-01,        +2.780655696362e-01,        +1.858327402881e-03
 2.48400000e+00,        +1.414213562373e-01,        +2.781203289235e-01,        +1.936605004377e-03
 2.48420000e+00,        +1.414213562373e-01,        +2.781787844102e-01,        +2.011258072807e-03
 2.48440000e+00,        +1.414213562373e-01,        +2.782406077850e-01,        +2.082112829046e-03
 2.48460000e+00,        +1.414213562373e-01,        +2.783054652984e-01,        +2.149029930623e-03
 2.48480000e+00,        +1.414213562373e-01,        +2.783730217424e-01,        +2.211903691014e-03
 2.48500000e+00,        +1.414213562373e-01,        +2.784429441291e-01,        +2.270660824771e-03
 2.48520000e+00,        +1.414213562373e-01,        +2.785149050164e-01,        +2.325258792094e-03
 2.48540000e+00,        +1.414213562373e-01,        +2.785885854460e-01,        +2.375683819709e-03
 2.48560000e+00,        +1.414213562373e-01,        +2.786636774721e-01,        +2.421948674860e-03
 2.48580000e+00,        +1.414213562373e-01,        +2.787398862753e-01,        +2.464090266545e-03
 2.48600000e+00,        +1.414213562373e-01,        +2.788169318658e-01,        +2.502167143154e-03
 2.48620000e+00,        +1.414213562373e-01,        +2.788945503937e-01,        +2.536256949082e-03
 2.48640000e+00,        +1.414213562373e-01,        +2.789724950884e-01,        +2.566453895248e-03
 2.48660000e+00,        +1.414213562373e-01,        +2.790505368574e-01,        +2.592866290158e-03
 2.48680000e+00,        +1.414213562373e-01,        +2.791284645795e-01,        +2.615614169743e-03
 2.48700000e+00,        +1.414213562373e-01,        +2.792060851272e-01,        +2.634827055986e-03
 2.48720000e+00,        +1.414213562373e-01,        +2.792832231560e-01,        +2.650641866625e-03
 2.48740000e+00,        +1.414213562373e-01,        +2.793597206977e-01,        +2.663200991148e-03
 2.48760000e+00,        +1.414213562373e-01,        +2.794354365922e-01,        +2.672650542056e-03
 2.48780000e+00,        +1.414213562373e-01,        +2.795102457913e-01,        +2.679138785013e-03
 2.48800000e+00,        +1.414213562373e-01,        +2.795840385644e-01,        +2.682814746972e-03
 2.48820000e+00,        +1.414213562373e-01,        +2.796567196344e-01,        +2.683826997771e-03
 2.48840000e+00,        +1.414213562373e-01,        +2.797282072664e-01,        +2.682322597864e-03
 2.48860000e+00,        +1.414213562373e-01,        +2.797984323317e-01,        +2.678446202714e-03
 2.48880000e+00,        +1.414213562373e-01,        +2.798673373637e-01,        +2.672339312977e-03
 2.48900000e+00,        +1.414213562373e-01,        +2.799348756212e-01,        +2.664139658659e-03
 2.48920000e+00,        +1.414213562373e-01,        +2.800010101708e-01,        +2.653980704997e-03
 2.48940000e+00,        +1.414213562373e-01,        +2.800657129981e-01,        +2.641991267763e-03
 2.48960000e+00,        +1.414213562373e-01,        +2.801289641557e-01,        +2.628295225884e-03
 2.48980000e+00,        +1.414213562373e-01,        +2.801907509522e-01,        +2.613011319775e-03
 2.49000000e+00,        +1.414213562373e-01,        +2.802510671868e-01,        +2.596253024353e-03
 2.49020000e+00,        +1.414213562373e-01,        +2.803099124319e-01,        +2.578128486463e-03
 2.49040000e+00,        +1.414213562373e-01,        +2.803672913643e-01,        +2.558740517232e-03
 2.49060000e+00,        +1.414213562373e-01,        +2.804232131454e-01,        +2.538186630714e-03
 2.49080000e+00,        +1.414213562373e-01,        +2.804776908503e-01,        +2.516559121005e-03
 2.49100000e+00,        +1.414213562373e-01,        +2.805307409433e-01,        +2.493945170854e-03
 2.49120000e+00,        +1.414213562373e-01,        +2.805823827993e-01,        +2.470426985572e-03
 2.49140000e+00,        +1.414213562373e-01,        +2.806326382688e-01,        +2.446081946778e-03
 2.49160000e+00,        +1.414213562373e-01,        +2.806815312833e-01,        +2.420982781254e-03
 2.49180000e+00,        +1.414213562373e-01,        +2.807290875001e-01,        +2.395197740777e-03
 2.49200000e+00,        +1.414213562373e-01,        +2.807753339827e-01,        +2.368790789413e-03
 2.49220000e+00,        +1.414213562373e-01,        +2.808202989149e-01,        +2.341821795269e-03
 2.49240000e+00,        +1.414213562373e-01,        +2.808640113462e-01,        +2.314346724187e-03
 2.49260000e+00,        +1.414213562373e-01,        +2.809065009654e-01,        +2.286417833276e-03
 2.49280000e+00,        +1.414213562373e-01,        +2.809477979006e-01,        +2.258083862537e-03
 2.49300000e+00,        +1.414213562373e-01,        +2.809879325433e-01,        +2.229390223192e-03
 2.49320000e+00,        +1.414213562373e-01,        +2.810269353937e-01,        +2.200379181582e-03
 2.49340000e+00,        +1.414213562373e-01,        +2.810648369264e-01,        +2.171090037755e-03
 2.49360000e+00,        +1.414213562373e-01,        +2.811016674740e-01,        +2.141559298083e-03
 2.49380000e+00,        +1.414213562373e-01,        +2.811374571257e-01,        +2.111820841408e-03
 2.49400000e+00,        +1.414213562373e-01,        +2.811722356418e-01,        +2.081906078384e-03
 2.49420000e+00,        +1.414213562373e-01,        +2.812060323804e-01,        +2.051844103804e-03
 2.49440000e+00,        +1.414213562373e-01,        +2.812388762358e-01,        +2.021661841811e-03
 2.49460000e+00,        +1.414213562373e-01,        +2.812707955870e-01,        +1.991384183964e-03
 2.49480000e+00,        +1.414213562373e-01,        +2.813018182558e-01,        +1.961034120229e-03
 2.49500000e+00,        +1.414213562373e-01,        +2.813319714730e-01,        +1.930632862999e-03
 2.49520000e+00,        +1.414213562373e-01,        +2.813612818512e-01,        +1.900199964294e-03
 2.49540000e+00,        +1.414213562373e-01,        +2.813897753648e-01,        +1.869753426355e-03
 2.49560000e+00,        +1.414213562373e-01,        +2.814174773345e-01,        +1.839309805829e-03
 2.49580000e+00,        +1.414213562373e-01,        +2.814444124179e-01,        +1.808884311798e-03
 2.49600000e+00,        +1.414213562373e-01,        +2.814706046030e-01,        +1.778490897904e-03
 2.49620000e+00,        +1.414213562373e-01,        +2.814960772067e-01,        +1.748142348824e-03
 2.49640000e+00,        +1.414213562373e-01,        +2.815208528750e-01,        +1.717850361373e-03
 2.49660000e+00,        +1.414213562373e-01,        +2.815449535875e-01,        +1.687625620492e-03
 2.49680000e+00,        +1.414213562373e-01,        +2.815684006630e-01,        +1.657477870380e-03
 2.49700000e+00,        +1.414213562373e-01,        +2.815912147676e-01,        +1.627415981049e-03
 2.49720000e+00,        +1.414213562373e-01,        +2.816134159243e-01,        +1.597448010536e-03
 2.49740000e+00,        +1.414213562373e-01,        +2.816350235241e-01,        +1.567581263029e-03
 2.49760000e+00,        +1.414213562373e-01,        +2.816560563384e-01,        +1.537822343145e-03
 2.49780000e+00,        +1.414213562373e-01,        +2.816765325317e-01,        +1.508177206581e-03
 2.49800000e+00,        +1.414213562373e-01,        +2.816964696757e-01,        +1.478651207367e-03
 2.49820000e+00,        +1.414213562373e-01,        +2.817158847636e-01,        +1.449249141927e-03
 2.49840000e+00,        +1.414213562373e-01,        +2.817347942249e-01,        +1.419975290143e-03
 2.49860000e+00,        +1.414213562373e-01,        +2.817532139407e-01,        +1.390833453619e-03
 2.49880000e+00,        +1.414213562373e-01,        +2.817711592586e-01,        +1.361826991318e-03
 2.49900000e+00,        +1.414213562373e-01,        +2.817886450084e-01,        +1.332958852743e-03
 2.49920000e+00,        +1.414213562373e-01,        +2.818056855175e-01,        +1.304231608829e-03
 2.49940000e+00,        +1.414213562373e-01,        +2.818222946259e-01,        +1.275647480683e-03
 2.49960000e+00,        +1.414213562373e-01,        +2.818384857018e-01,        +1.247208366330e-03
 2.49980000e+00,        +1.414213562373e-01,        +2.818542716563e-01,        +1.218915865587e-03
 2.50000000e+00,        +1.414213562373e-01,        +2.818696649583e-01,        +1.190771303193e-03
 2.50020000e+00,        +1.414213562373e-01,        +2.818846776494e-01,        +1.162775750315e-03
 2.50040000e+00,        +1.414213562373e-01,        +2.818993213573e-01,        +1.134930044540e-03
 2.50060000e+00,        +1.414213562373e-01,        +2.819136073108e-01,        +1.107234808454e-03
 2.50080000e+00,        +1.414213562373e-01,        +2.819275463529e-01,        +1.079690466901e-03
 2.50100000e+00,        +1.414213562373e-01,        +2.819411489539e-01,        +1.052297263026e-03
 2.50120000e+00,        +1.414213562373e-01,        +2.819544252250e-01,        +1.025055273163e-03
 2.50140000e+00,        +1.414213562373e-01,        +2.819673849304e-01,        +9.979644206763e-04
 2.50160000e+00,        +1.414213562373e-01,        +2.819800374997e-01,        +9.710244887957e-04
 2.50180000e+00,        +1.414213562373e-01,        +2.819923920398e-01,        +9.442351325444e-04
 2.50200000e+00,        +1.414213562373e-01,        +2.820044573464e-01,        +9.175958898021e-04
 2.50220000e+00,        +1.414213562373e-01,        +2.820162419152e-01,        +8.911061915730e-04
 2.50240000e+00,        +1.414213562373e-01,        +2.820277539527e-01,        +8.647653715121e-04
 2.50260000e+00,        +1.414213562373e-01,        +2.820390013866e-01,        +8.385726747595e-04
 2.50280000e+00,        +1.414213562373e-01,        +2.820499918758e-01,        +8.125272661347e-04
 2.50300000e+00,        +1.414213562373e-01,        +2.820607328204e-01,        +7.866282377310e-04
 2.50320000e+00,        +1.414213562373e-01,        +2.820712313709e-01,        +7.608746159567e-04
 2.50340000e+00,        +1.414213562373e-01,        +2.820814944375e-01,        +7.352653680576e-04
 2.50360000e+00,        +1.414213562373e-01,        +2.820915286985e-01,        +7.097994081595e-04
 2.50380000e+00,        +1.414213562373e-01,        +2.821013406091e-01,        +6.844756028645e-04
 2.50400000e+00,        +1.414213562373e-01,        +2.821109364095e-01,        +6.592927764308e-04
 2.50420000e+00,        +1.414213562373e-01,        +2.821203221326e-01,        +6.342497155661e-04
 2.50440000e+00,        +1.414213562373e-01,        +2.821295036116e-01,        +6.093451738616e-04
 2.50460000e+00,        +1.414213562373e-01,        +2.821384864873e-01,        +5.845778758933e-04
 2.50480000e+00,        +1.414213562373e-01,        +2.821472762152e-01,        +5.599465210102e-04
 2.50500000e+00,        +1.414213562373e-01,        +2.821558780721e-01,        +5.354497868358e-04
 2.50520000e+00,        +1.414213562373e-01,        +2.821642971627e-01,        +5.110863325009e-04
 2.50540000e+00,        +1.414213562373e-01,        +2.821725384258e-01,        +4.868548016254e-04
 2.50560000e+00,        +1.414213562373e-01,        +2.821806066402e-01,        +4.627538250702e-04
 2.50580000e+00,        +1.414213562373e-01,        +2.821885064309e-01,        +4.387820234722e-04
 2.50600000e+00,        +1.414213562373e-01,        +2.821962422742e-01,        +4.149380095789e-04
 2.50620000e+00,        +1.414213562373e-01,        +2.822038185031e-01,        +3.912203903981e-04
 2.50640000e+00,        +1.414213562373e-01,        +2.822112393127e-01,        +3.676277691734e-04
 2.50660000e+00,        +1.414213562373e-01,        +2.822185087652e-01,        +3.441587471987e-04
 2.50680000e+00,        +1.414213562373e-01,        +2.822256307942e-01,        +3.208119254852e-04
 2.50700000e+00,        +1.414213562373e-01,        +2.822326092097e-01,        +2.975859062875e-04
 2.50720000e+00,        +1.414213562373e-01,        +2.822394477026e-01,        +2.744792945016e-04
 2.50740000e+00,        +1.414213562373e-01,        +2.822461498482e-01,        +2.514906989450e-04
 2.50760000e+00,        +1.414213562373e-01,        +2.822527191114e-01,        +2.286187335222e-04
 2.50780000e+00,        +1.414213562373e-01,        +2.822591588496e-01,        +2.058620182907e-04
 2.50800000e+00,        +1.414213562373e-01,        +2.822654723169e-01,        +1.832191804284e-04
 2.50820000e+00,        +1.414213562373e-01,        +2.822716626681e-01,        +1.606888551133e-04
 2.50840000e+00,        +1.414213562373e-01,        +2.822777329613e-01,        +1.382696863219e-04
 2.50860000e+00,        +1.414213562373e-01,        +2.822836861620e-01,        +1.159603275484e-04
 2.50880000e+00,        +1.414213562373e-01,        +2.822895251461e-01,        +9.375944245570e-05
 2.50900000e+00,        +1.414213562373e-01,        +2.822952527029e-01,        +7.166570545892e-05
 2.50920000e+00,        +1.414213562373e-01,        +2.823008715382e-01,        +4.967780224839e-05
 2.50940000e+00,        +1.414213562373e-01,        +2.823063842772e-01,        +2.779443025636e-05
 2.50960000e+00,        +1.414213562373e-01,        +2.823117934672e-01,        +6.014299071477e-06
 2.50980000e+00,        +1.414213562373e-01,        +2.823171015801e-01,        -1.566386919577e-05
 2.51000000e+00,        +1.414213562373e-01,        +2.823223110153e-01,        -3.724133959156e-05
 2.51020000e+00,        +1.414213562373e-01,        +2.823274241020e-01,        -5.871936403993e-05
 2.51040000e+00,        +1.414213562373e-01,        +2.823324431014e-01,        -8.009918110089e-05
 2.51060000e+00,        +1.414213562373e-01,        +2.823373702094e-01,        -1.013820157655e-04
 2.51080000e+00,        +1.414213562373e-01,        +2.823422075582e-01,        -1.225690792817e-04
 2.51100000e+00,        +1.414213562373e-01,        +2.823469572192e-01,        -1.436615690134e-04
 2.51120000e+00,        +1.414213562373e-01,        +2.823516212042e-01,        -1.646606683236e-04
 2.51140000e+00,        +1.414213562373e-01,        +2.823562014680e-01,        -1.855675464867e-04
 2.51160000e+00,        +1.414213562373e-01,        +2.823606999098e-01,        -2.063833586223e-04
 2.51180000e+00,        +1.414213562373e-01,        +2.823651183757e-01,        -2.271092456519e-04
 2.51200000e+00,        +1.414213562373e-01,        +2.823694586596e-01,        -2.477463342748e-04
 2.51220000e+00,        +1.414213562373e-01,        +2.823737225055e-01,        -2.682957369631e-04
 2.51240000e+00,        +1.414213562373e-01,        +2.823779116089e-01,        -2.887585519732e-04
 2.51260000e+00,        +1.414213562373e-01,        +2.823820276184e-01,        -3.091358633729e-04
 2.51280000e+00,        +1.414213562373e-01,        +2.823860721374e-01,        -3.294287410828e-04
 2.51300000e+00,        +1.414213562373e-01,        +2.823900467250e-01,        -3.496382409295e-04
 2.51320000e+00,        +1.414213562373e-01,        +2.823939528980e-01,        -3.697654047133e-04
 2.51340000e+00,        +1.414213562373e-01,        +2.823977921322e-01,        -3.898112602830e-04
 2.51360000e+00,        +1.414213562373e-01,        +2.824015658633e-01,        -4.097768216232e-04
 2.51380000e+00,        +1.414213562373e-01,        +2.824052754884e-01,        -4.296630889498e-04
 2.51400000e+00,        +1.414213562373e-01,        +2.824089223673e-01,        -4.494710488129e-04
 2.51420000e+00,        +1.414213562373e-01,        +2.824125078236e-01,        -4.692016742071e-04
 2.51440000e+00,        +1.414213562373e-01,        +2.824160331458e-01,        -4.888559246892e-04
 2.51460000e+00,        +1.414213562373e-01,        +2.824194995882e-01,        -5.084347465003e-04
 2.51480000e+00,        +1.414213562373e-01,        +2.824229083726e-01,        -5.279390726940e-04
 2.51500000e+00,        +1.414213562373e-01,        +2.824262606884e-01,        -5.473698232691e-04
 2.51520000e+00,        +1.414213562373e-01,        +2.824295576943e-01,        -5.667279053062e-04
 2.51540000e+00,        +1.414213562373e-01,        +2.824328005190e-01,        -5.860142131078e-04
 2.51560000e+00,        +1.414213562373e-01,        +2.824359902620e-01,        -6.052296283421e-04
 2.51580000e+00,        +1.414213562373e-01,        +2.824391279946e-01,        -6.243750201883e-04
 2.51600000e+00,        +1.414213562373e-01,        +2.824422147609e-01,        -6.434512454852e-04
 2.51620000e+00,        +1.414213562373e-01,        +2.824452515783e-01,        -6.624591488816e-04
 2.51640000e+00,        +1.414213562373e-01,        +2.824482394384e-01,        -6.813995629879e-04
 2.51660000e+00,        +1.414213562373e-01,        +2.824511793080e-01,        -7.002733085293e-04
 2.51680000e+00,        +1.414213562373e-01,        +2.824540721296e-01,        -7.190811944994e-04
 2.51700000e+00,        +1.414213562373e-01,        +2.824569188222e-01,        -7.378240183152e-04
 2.51720000e+00,        +1.414213562373e-01,        +2.824597202819e-01,        -7.565025659726e-04
 2.51740000e+00,        +1.414213562373e-01,        +2.824624773827e-01,        -7.751176122014e-04
 2.51760000e+00,        +1.414213562373e-01,        +2.824651909770e-01,        -7.936699206207e-04
 2.51780000e+00,        +1.414213562373e-01,        +2.824678618964e-01,        -8.121602438949e-04
 2.51800000e+00,        +1.414213562373e-01,        +2.824704909523e-01,        -8.305893238882e-04
 2.51820000e+00,        +1.414213562373e-01,        +2.824730789363e-01,        -8.489578918186e-04
 2.51840000e+00,        +1.414213562373e-01,        +2.824756266207e-01,        -8.672666684133e-04
 2.51860000e+00,        +1.414213562373e-01,        +2.824781347596e-01,        -8.855163640598e-04
 2.51880000e+00,        +1.414213562373e-01,        +2.824806040887e-01,        -9.037076789601e-04
 2.51900000e+00,        +1.414213562373e-01,        +2.824830353263e-01,        -9.218413032807e-04
 2.51920000e+00,        +1.414213562373e-01,        +2.824854291736e-01,        -9.399179173030e-04
 2.51940000e+00,        +1.414213562373e-01,        +2.824877863153e-01,        -9.579381915725e-04
 2.51960000e+00,        +1.414213562373e-01,        +2.824901074200e-01,        -9.759027870463e-04
 2.51980000e+00,        +1.414213562373e-01,        +2.824923931405e-01,        -9.938123552393e-04
 2.52000000e+00,        +1.414213562373e-01,        +2.824946441146e-01,        -1.011667538370e-03
 2.52020000e+00,        +1.414213562373e-01,        +2.824968609651e-01,        -1.029468969502e-03
 2.52040000e+00,        +1.414213562373e-01,        +2.824990443004e-01,        -1.047217272689e-03
 2.52060000e+00,        +1.414213562373e-01,        +2.825011947151e-01,        -1.064913063112e-03
 2.52080000e+00,        +1.414213562373e-01,        +2.825033127899e-01,        -1.082556947221e-03
 2.52100000e+00,        +1.414213562373e-01,        +2.825053990926e-01,        -1.100149522869e-03
 2.52120000e+00,        +1.414213562373e-01,        +2.825074541778e-01,        -1.117691379453e-03
 2.52140000e+00,        +1.414213562373e-01,        +2.825094785877e-01,        -1.135183098039e-03
 2.52160000e+00,        +1.414213562373e-01,        +2.825114728522e-01,        -1.152625251503e-03
 2.52180000e+00,        +1.414213562373e-01,        +2.825134374895e-01,        -1.170018404658e-03
 2.52200000e+00,        +1.414213562373e-01,        +2.825153730061e-01,        -1.187363114379e-03
 2.52220000e+00,        +1.414213562373e-01,        +2.825172798973e-01,        -1.204659929737e-03
 2.52240000e+00,        +1.414213562373e-01,        +2.825191586474e-01,        -1.221909392118e-03
 2.52260000e+00,        +1.414213562373e-01,        +2.825210097300e-01,        -1.239112035350e-03
 2.52280000e+00,        +1.414213562373e-01,        +2.825228336084e-01,        -1.256268385823e-03
 2.52300000e+00,        +1.414213562373e-01,        +2.825246307358e-01,        -1.273378962609e-03
 2.52320000e+00,        +1.414213562373e-01,        +2.825264015553e-01,        -1.290444277581e-03
 2.52340000e+00,        +1.414213562373e-01,        +2.825281465008e-01,        -1.307464835529e-03
 2.52360000e+00,        +1.414213562373e-01,        +2.825298659965e-01,        -1.324441134273e-03
 2.52380000e+00,        +1.414213562373e-01,        +2.825315604577e-01,        -1.341373664778e-03
 2.52400000e+00,        +1.414213562373e-01,        +2.825332302907e-01,        -1.358262911264e-03
 2.52420000e+00,        +1.414213562373e-01,        +2.825348758932e-01,        -1.375109351317e-03
 2.52440000e+00,        +1.414213562373e-01,        +2.825364976544e-01,        -1.391913455993e-03
 2.52460000e+00,        +1.414213562373e-01,        +2.825380959554e-01,        -1.408675689927e-03
 2.52480000e+00,        +1.414213562373e-01,        +2.825396711693e-01,        -1.425396511439e-03
 2.52500000e+00,        +1.414213562373e-01,        +2.825412236611e-01,        -1.442076372632e-03
 2.52520000e+00,        +1.414213562373e-01,        +2.825427537885e-01,        -1.458715719495e-03
 2.52540000e+00,        +1.414213562373e-01,        +2.825442619017e-01,        -1.475314992003e-03
 2.52560000e+00,        +1.414213562373e-01,        +2.825457483436e-01,        -1.491874624215e-03
 2.52580000e+00,        +1.414213562373e-01,        +2.825472134501e-01,        -1.508395044369e-03
 2.52600000e+00,        +1.414213562373e-01,        +2.825486575501e-01,        -1.524876674976e-03
 2.52620000e+00,        +1.414213562373e-01,        +2.825500809658e-01,        -1.541319932917e-03
 2.52640000e+00,        +1.414213562373e-01,        +2.825514840130e-01,        -1.557725229528e-03
 2.52660000e+00,        +1.414213562373e-01,        +2.825528670009e-01,        -1.574092970695e-03
 2.52680000e+00,        +1.414213562373e-01,        +2.825542302325e-01,        -1.590423556941e-03
 2.52700000e+00,        +1.414213562373e-01,        +2.825555740049e-01,        -1.606717383512e-03
 2.52720000e+00,        +1.414213562373e-01,        +2.825568986091e-01,        -1.622974840462e-03
 2.52740000e+00,        +1.414213562373e-01,        +2.825582043301e-01,        -1.639196312742e-03
 2.52760000e+00,        +1.414213562373e-01,        +2.825594914477e-01,        -1.655382180276e-03
 2.52780000e+00,        +1.414213562373e-01,        +2.825607602356e-01,        -1.671532818045e-03
 2.52800000e+00,        +1.414213562373e-01,        +2.825620109627e-01,        -1.687648596167e-03
 2.52820000e+00,        +1.414213562373e-01,        +2.825632438921e-01,        -1.703729879977e-03
 2.52840000e+00,        +1.414213562373e-01,        +2.825644592821e-01,        -1.719777030102e-03
 2.52860000e+00,        +1.414213562373e-01,        +2.825656573858e-01,        -1.735790402535e-03
 2.52880000e+00,        +1.414213562373e-01,        +2.825668384514e-01,        -1.751770348715e-03
 2.52900000e+00,        +1.414213562373e-01,        +2.825680027224e-01,        -1.767717215596e-03
 2.52920000e+00,        +1.414213562373e-01,        +2.825691504376e-01,        -1.783631345720e-03
 2.52940000e+00,        +1.414213562373e-01,        +2.825702818310e-01,        -1.799513077287e-03
 2.52960000e+00,        +1.414213562373e-01,        +2.825713971324e-01,        -1.815362744228e-03
 2.52980000e+00,        +1.414213562373e-01,        +2.825724965671e-01,        -1.831180676269e-03
 2.53000000e+00,        +1.414213562373e-01,        +2.825735803562e-01,        -1.846967199000e-03
 2.53020000e+00,        +1.414213562373e-01,        +2.825746487166e-01,        -1.862722633942e-03
 2.53040000e+00,        +1.414213562373e-01,        +2.825757018609e-01,        -1.878447298610e-03
 2.53060000e+00,        +1.414213562373e-01,        +2.825767399981e-01,        -1.894141506579e-03
 2.53080000e+00,        +1.414213562373e-01,        +2.825777633330e-01,        -1.909805567543e-03
 2.53100000e+00,        +1.414213562373e-01,        +2.825787720667e-01,        -1.925439787383e-03
 2.53120000e+00,        +1.414213562373e-01,        +2.825797663967e-01,        -1.941044468221e-03
 2.53140000e+00,        +1.414213562373e-01,        +2.825807465165e-01,        -1.956619908482e-03
 2.53160000e+00,        +1.414213562373e-01,        +2.825817126164e-01,        -1.972166402953e-03
 2.53180000e+00,        +1.414213562373e-01,        +2.825826648830e-01,        -1.987684242842e-03
 2.53200000e+00,        +1.414213562373e-01,        +2.825836034996e-01,        -2.003173715830e-03
 2.53220000e+00,        +1.414213562373e-01,        +2.825845286461e-01,        -2.018635106130e-03
 2.53240000e+00,        +1.414213562373e-01,        +2.825854404991e-01,        -2.034068694542e-03
 2.53260000e+00,        +1.414213562373e-01,        +2.825863392322e-01,        -2.049474758504e-03
 2.53280000e+00,        +1.414213562373e-01,        +2.825872250157e-01,        -2.064853572147e-03
 2.53300000e+00,        +1.414213562373e-01,        +2.825880980168e-01,        -2.080205406347e-03
 2.53320000e+00,        +1.414213562373e-01,        +2.825889583998e-01,        -2.095530528772e-03
 2.53340000e+00,        +1.414213562373e-01,        +2.825898063262e-01,        -2.110829203937e-03
 2.53360000e+00,        +1.414213562373e-01,        +2.825906419544e-01,        -2.126101693253e-03
 2.53380000e+00,        +1.414213562373e-01,        +2.825914654402e-01,        -2.141348255071e-03
 2.53400000e+00,        +1.414213562373e-01,        +2.825922769365e-01,        -2.156569144734e-03
 2.53420000e+00,        +1.414213562373e-01,        +2.825930765935e-01,        -2.171764614621e-03
 2.53440000e+00,        +1.414213562373e-01,        +2.825938645590e-01,        -2.186934914195e-03
 2.53460000e+00,        +1.414213562373e-01,        +2.825946409780e-01,        -2.202080290047e-03
 2.53480000e+00,        +1.414213562373e-01,        +2.825954059930e-01,        -2.217200985941e-03
 2.53500000e+00,        +1.414213562373e-01,        +2.825961597442e-01,        -2.232297242857e-03
 2.53520000e+00,        +1.414213562373e-01,        +2.825969023691e-01,        -2.247369299036e-03
 2.53540000e+00,        +1.414213562373e-01,        +2.825976340032e-01,        -2.262417390019e-03
 2.53560000e+00,        +1.414213562373e-01,        +2.825983547793e-01,        -2.277441748690e-03
 2.53580000e+00,        +1.414213562373e-01,        +2.825990648282e-01,        -2.292442605320e-03
 2.53600000e+00,        +1.414213562373e-01,        +2.825997642784e-01,        -2.307420187602e-03
 2.53620000e+00,        +1.414213562373e-01,        +2.826004532561e-01,        -2.322374720693e-03
 2.53640000e+00,        +1.414213562373e-01,        +2.826011318856e-01,        -2.337306427253e-03
 2.53660000e+00,        +1.414213562373e-01,        +2.826018002889e-01,        -2.352215527484e-03
 2.53680000e+00,        +1.414213562373e-01,        +2.826024585860e-01,        -2.367102239165e-03
 2.53700000e+00,        +1.414213562373e-01,        +2.826031068949e-01,        -2.381966777692e-03
 2.53720000e+00,        +1.414213562373e-01,        +2.826037453317e-01,        -2.396809356112e-03
 2.53740000e+00,        +1.414213562373e-01,        +2.826043740106e-01,        -2.411630185160e-03
 2.53760000e+00,        +1.414213562373e-01,        +2.826049930436e-01,        -2.426429473293e-03
 2.53780000e+00,        +1.414213562373e-01,        +2.826056025413e-01,        -2.441207426727e-03
 2.53800000e+00,        +1.414213562373e-01,        +2.826062026121e-01,        -2.455964249469e-03
 2.53820000e+00,        +1.414213562373e-01,        +2.826067933628e-01,        -2.470700143351e-03
 2.53840000e+00,        +1.414213562373e-01,        +2.826073748985e-01,        -2.485415308062e-03
 2.53860000e+00,        +1.414213562373e-01,        +2.826079473224e-01,        -2.500109941183e-03
 2.53880000e+00,        +1.414213562373e-01,        +2.826085107362e-01,        -2.514784238218e-03
 2.53900000e+00,        +1.414213562373e-01,        +2.826090652398e-01,        -2.529438392622e-03
 2.53920000e+00,        +1.414213562373e-01,        +2.826096109317e-01,        -2.544072595838e-03
 2.53940000e+00,        +1.414213562373e-01,        +2.826101479085e-01,        -2.558687037321e-03
 2.53960000e+00,        +1.414213562373e-01,        +2.826106762656e-01,        -2.573281904573e-03
 2.53980000e+00,        +1.414213562373e-01,        +2.826111960966e-01,        -2.587857383171e-03
 2.54000000e+00,        +1.414213562373e-01,        +2.826117074937e-01,        -2.602413656794e-03
 2.54020000e+00,        +1.414213562373e-01,        +2.826122105478e-01,        -2.616950907255e-03
 2.54040000e+00,        +1.414213562373e-01,        +2.826127053479e-01,        -2.631469314525e-03
 2.54060000e+00,        +1.414213562373e-01,        +2.826131919822e-01,        -2.645969056764e-03
 2.54080000e+00,        +1.414213562373e-01,        +2.826136705370e-01,        -2.660450310347e-03
 2.54100000e+00,        +1.414213562373e-01,        +2.826141410975e-01,        -2.674913249892e-03
 2.54120000e+00,        +1.414213562373e-01,        +2.826146037475e-01,        -2.689358048284e-03
 2.54140000e+00,        +1.414213562373e-01,        +2.826150585695e-01,        -2.703784876703e-03
 2.54160000e+00,        +1.414213562373e-01,        +2.826155056447e-01,        -2.718193904649e-03
 2.54180000e+00,        +1.414213562373e-01,        +2.826159450531e-01,        -2.732585299966e-03
 2.54200000e+00,        +1.414213562373e-01,        +2.826163768733e-01,        -2.746959228870e-03
 2.54220000e+00,        +1.414213562373e-01,        +2.826168011829e-01,        -2.761315855971e-03
 2.54240000e+00,        +1.414213562373e-01,        +2.826172180582e-01,        -2.775655344296e-03
 2.54260000e+00,        +1.414213562373e-01,        +2.826176275742e-01,        -2.789977855316e-03
 2.54280000e+00,        +1.414213562373e-01,        +2.826180298050e-01,        -2.804283548969e-03
 2.54300000e+00,        +1.414213562373e-01,        +2.826184248234e-01,        -2.818572583678e-03
 2.54320000e+00,        +1.414213562373e-01,        +2.826188127012e-01,        -2.832845116381e-03
 2.54340000e+00,        +1.414213562373e-01,        +2.826191935089e-01,        -2.847101302548e-03
 2.54360000e+00,        +1.414213562373e-01,        +2.826195673162e-01,        -2.861341296206e-03
 2.54380000e+00,        +1.414213562373e-01,        +2.826199341916e-01,        -2.875565249959e-03
 2.54400000e+00,        +1.414213562373e-01,        +2.826202942026e-01,        -2.889773315011e-03
 2.54420000e+00,        +1.414213562373e-01,        +2.826206474156e-01,        -2.903965641185e-03
 2.54440000e+00,        +1.414213562373e-01,        +2.826209938962e-01,        -2.918142376946e-03
 2.54460000e+00,        +1.414213562373e-01,        +2.826213337088e-01,        -2.932303669421e-03
 2.54480000e+00,        +1.414213562373e-01,        +2.826216669169e-01,        -2.946449664416e-03
 2.54500000e+00,        +1.414213562373e-01,        +2.826219935833e-01,        -2.960580506443e-03
 2.54520000e+00,        +1.414213562373e-01,        +2.826223137694e-01,        -2.974696338731e-03
 2.54540000e+00,        +1.414213562373e-01,        +2.826226275362e-01,        -2.988797303254e-03
 2.54560000e+00,        +1.414213562373e-01,        +2.826229349434e-01,        -3.002883540743e-03
 2.54580000e+00,        +1.414213562373e-01,        +2.826232360500e-01,        -3.016955190709e-03
 2.54600000e+00,        +1.414213562373e-01,        +2.826235309141e-01,        -3.031012391461e-03
 2.54620000e+00,        +1.414213562373e-01,        +2.826238195930e-01,        -3.045055280121e-03
 2.54640000e+00,        +1.414213562373e-01,        +2.826241021431e-01,        -3.059083992650e-03
 2.54660000e+00,        +1.414213562373e-01,        +2.826243786200e-01,        -3.073098663855e-03
 2.54680000e+00,        +1.414213562373e-01,        +2.826246490785e-01,        -3.087099427417e-03
 2.54700000e+00,        +1.414213562373e-01,        +2.826249135725e-01,        -3.101086415902e-03
 2.54720000e+00,        +1.414213562373e-01,        +2.826251721554e-01,        -3.115059760780e-03
 2.54740000e+00,        +1.414213562373e-01,        +2.826254248794e-01,        -3.129019592442e-03
 2.54760000e+00,        +1.414213562373e-01,        +2.826256717964e-01,        -3.142966040218e-03
 2.54780000e+00,        +1.414213562373e-01,        +2.826259129572e-01,        -3.156899232392e-03
 2.54800000e+00,        +1.414213562373e-01,        +2.826261484120e-01,        -3.170819296218e-03
 2.54820000e+00,        +1.414213562373e-01,        +2.826263782104e-01,        -3.184726357936e-03
 2.54840000e+00,        +1.414213562373e-01,        +2.826266024011e-01,        -3.198620542791e-03
 2.54860000e+00,        +1.414213562373e-01,        +2.826268210323e-01,        -3.212501975045e-03
 2.54880000e+00,        +1.414213562373e-01,        +2.826270341513e-01,        -3.226370777994e-03
 2.54900000e+00,        +1.414213562373e-01,        +2.826272418048e-01,        -3.240227073986e-03
 2.54920000e+00,        +1.414213562373e-01,        +2.826274440389e-01,        -3.254070984430e-03
 2.54940000e+00,        +1.414213562373e-01,        +2.826276408991e-01,        -3.267902629816e-03
 2.54960000e+00,        +1.414213562373e-01,        +2.826278324301e-01,        -3.281722129729e-03
 2.54980000e+00,        +1.414213562373e-01,        +2.826280186761e-01,        -3.295529602864e-03
 2.55000000e+00,        +1.414213562373e-01,        +2.826281996805e-01,        -3.309325167037e-03
 2.55020000e+00,        +1.414213562373e-01,        +2.826283754863e-01,        -3.323108939204e-03
 2.55040000e+00,        +1.414213562373e-01,        +2.826285461358e-01,        -3.336881035473e-03
 2.55060000e+00,        +1.414213562373e-01,        +2.826287116707e-01,        -3.350641571117e-03
 2.55080000e+00,        +1.414213562373e-01,        +2.826288721322e-01,        -3.364390660591e-03
 2.55100000e+00,        +1.414213562373e-01,        +2.826290275608e-01,        -3.378128417542e-03
 2.55120000e+00,        +1.414213562373e-01,        +2.826291779965e-01,        -3.391854954826e-03
 2.55140000e+00,        +1.414213562373e-01,        +2.826293234788e-01,        -3.405570384517e-03
 2.55160000e+00,        +1.414213562373e-01,        +2.826294640465e-01,        -3.419274817927e-03
 2.55180000e+00,        +1.414213562373e-01,        +2.826295997381e-01,        -3.432968365612e-03
 2.55200000e+00,        +1.414213562373e-01,        +2.826297305912e-01,        -3.446651137390e-03
 2.55220000e+00,        +1.414213562373e-01,        +2.826298566434e-01,        -3.460323242352e-03
 2.55240000e+00,        +1.414213562373e-01,        +2.826299779312e-01,        -3.473984788875e-03
 2.55260000e+00,        +1.414213562373e-01,        +2.826300944911e-01,        -3.487635884636e-03
 2.55280000e+00,        +1.414213562373e-01,        +2.826302063587e-01,        -3.501276636620e-03
 2.55300000e+00,        +1.414213562373e-01,        +2.826303135694e-01,        -3.514907151139e-03
 2.55320000e+00,        +1.414213562373e-01,        +2.826304161581e-01,        -3.528527533839e-03
 2.55340000e+00,        +1.414213562373e-01,        +2.826305141589e-01,        -3.542137889716e-03
 2.55360000e+00,        +1.414213562373e-01,        +2.826306076059e-01,        -3.555738323126e-03
 2.55380000e+00,        +1.414213562373e-01,        +2.826306965324e-01,        -3.569328937796e-03
 2.55400000e+00,        +1.414213562373e-01,        +2.826307809713e-01,        -3.582909836840e-03
 2.55420000e+00,        +1.414213562373e-01,        +2.826308609551e-01,        -3.596481122766e-03
 2.55440000e+00,        +1.414213562373e-01,        +2.826309365159e-01,        -3.610042897490e-03
 2.55460000e+00,        +1.414213562373e-01,        +2.826310076853e-01,        -3.623595262349e-03
 2.55480000e+00,        +1.414213562373e-01,        +2.826310744945e-01,        -3.637138318111e-03
 2.55500000e+00,        +1.414213562373e-01,        +2.826311369742e-01,        -3.650672164986e-03
 2.55520000e+00,        +1.414213562373e-01,        +2.826311951549e-01,        -3.664196902638e-03
 2.55540000e+00,        +1.414213562373e-01,        +2.826312490663e-01,        -3.677712630198e-03
 2.55560000e+00,        +1.414213562373e-01,        +2.826312987381e-01,        -3.691219446272e-03
 2.55580000e+00,        +1.414213562373e-01,        +2.826313441994e-01,        -3.704717448953e-03
 2.55600000e+00,        +1.414213562373e-01,        +2.826313854789e-01,        -3.718206735837e-03
 2.55620000e+00,        +1.414213562373e-01,        +2.826314226050e-01,        -3.731687404026e-03
 2.55640000e+00,        +1.414213562373e-01,        +2.826314556055e-01,        -3.745159550144e-03
 2.55660000e+00,        +1.414213562373e-01,        +2.826314845082e-01,        -3.758623270350e-03
 2.55680000e+00,        +1.414213562373e-01,        +2.826315093402e-01,        -3.772078660341e-03
 2.55700000e+00,        +1.414213562373e-01,        +2.826315301283e-01,        -3.785525815371e-03
 2.55720000e+00,        +1.414213562373e-01,        +2.826315468990e-01,        -3.798964830258e-03
 2.55740000e+00,        +1.414213562373e-01,        +2.826315596786e-01,        -3.812395799396e-03
 2.55760000e+00,        +1.414213562373e-01,        +2.826315684926e-01,        -3.825818816762e-03
 2.55780000e+00,        +1.414213562373e-01,        +2.826315733665e-01,        -3.839233975932e-03
 2.55800000e+00,        +1.414213562373e-01,        +2.826315743255e-01,        -3.852641370089e-03
 2.55820000e+00,        +1.414213562373e-01,        +2.826315713942e-01,        -3.866041092033e-03
 2.55840000e+00,        +1.414213562373e-01,        +2.826315645971e-01,        -3.879433234193e-03
 2.55860000e+00,        +1.414213562373e-01,        +2.826315539582e-01,        -3.892817888636e-03
 2.55880000e+00,        +1.414213562373e-01,        +2.826315395013e-01,        -3.906195147079e-03
 2.55900000e+00,        +1.414213562373e-01,        +2.826315212498e-01,        -3.919565100899e-03
 2.55920000e+00,        +1.414213562373e-01,        +2.826314992267e-01,        -3.932927841141e-03
 2.55940000e+00,        +1.414213562373e-01,        +2.826314734550e-01,        -3.946283458533e-03
 2.55960000e+00,        +1.414213562373e-01,        +2.826314439571e-01,        -3.959632043494e-03
 2.55980000e+00,        +1.414213562373e-01,        +2.826314107551e-01,        -3.972973686143e-03
 2.56000000e+00,        +1.414213562373e-01,        +2.826313738710e-01,        -3.986308476310e-03
 2.56020000e+00,        +1.414213562373e-01,        +2.826313333263e-01,        -3.999636503551e-03
 2.56040000e+00,        +1.414213562373e-01,        +2.826312891424e-01,        -4.012957857150e-03
 2.56060000e+00,        +1.414213562373e-01,        +2.826312413401e-01,        -4.026272626137e-03
 2.56080000e+00,        +1.414213562373e-01,        +2.826311899403e-01,        -4.039580899293e-03
 2.56100000e+00,        +1.414213562373e-01,        +2.826311349633e-01,        -4.052882765165e-03
 2.56120000e+00,        +1.414213562373e-01,        +2.826310764293e-01,        -4.066178312071e-03
 2.56140000e+00,        +1.414213562373e-01,        +2.826310143582e-01,        -4.079467628118e-03
 2.56160000e+00,        +1.414213562373e-01,        +2.826309487695e-01,        -4.092750801203e-03
 2.56180000e+00,        +1.414213562373e-01,        +2.826308796826e-01,        -4.106027919030e-03
 2.56200000e+00,        +1.414213562373e-01,        +2.826308071166e-01,        -4.119299069121e-03
 2.56220000e+00,        +1.414213562373e-01,        +2.826307310902e-01,        -4.132564338821e-03
 2.56240000e+00,        +1.414213562373e-01,        +2.826306516220e-01,        -4.145823815313e-03
 2.56260000e+00,        +1.414213562373e-01,        +2.826305687303e-01,        -4.159077585627e-03
 2.56280000e+00,        +1.414213562373e-01,        +2.826304824330e-01,        -4.172325736653e-03
 2.56300000e+00,        +1.414213562373e-01,        +2.826303927480e-01,        -4.185568355145e-03
 2.56320000e+00,        +1.414213562373e-01,        +2.826302996928e-01,        -4.198805527740e-03
 2.56340000e+00,        +1.414213562373e-01,        +2.826302032846e-01,        -4.212037340964e-03
 2.56360000e+00,        +1.414213562373e-01,        +2.826301035404e-01,        -4.225263881242e-03
 2.56380000e+00,        +1.414213562373e-01,        +2.826300004772e-01,        -4.238485234912e-03
 2.56400000e+00,        +1.414213562373e-01,        +2.826298941114e-01,        -4.251701488234e-03
 2.56420000e+00,        +1.414213562373e-01,        +2.826297844593e-01,        -4.264912727400e-03
 2.56440000e+00,        +1.414213562373e-01,        +2.826296715370e-01,        -4.278119038546e-03
 2.56460000e+00,        +1.414213562373e-01,        +2.826295553605e-01,        -4.291320507766e-03
 2.56480000e+00,        +1.414213562373e-01,        +2.826294359452e-01,        -4.304517221118e-03
 2.56500000e+00,        +1.414213562373e-01,        +2.826293133066e-01,        -4.317709264636e-03
 2.56520000e+00,        +1.414213562373e-01,        +2.826291874599e-01,        -4.330896724347e-03
 2.56540000e+00,        +1.414213562373e-01,        +2.826290584200e-01,        -4.344079686274e-03
 2.56560000e+00,        +1.414213562373e-01,        +2.826289262016e-01,        -4.357258236454e-03
 2.56580000e+00,        +1.414213562373e-01,        +2.826287908193e-01,        -4.370432460945e-03
 2.56600000e+00,        +1.414213562373e-01,        +2.826286522874e-01,        -4.383602445843e-03
 2.56620000e+00,        +1.414213562373e-01,        +2.826285106199e-01,        -4.396768277288e-03
 2.56640000e+00,        +1.414213562373e-01,        +2.826283658307e-01,        -4.409930041478e-03
 2.56660000e+00,        +1.414213562373e-01,        +2.826282179335e-01,        -4.423087824682e-03
 2.56680000e+00,        +1.414213562373e-01,        +2.826280669417e-01,        -4.436241713253e-03
 2.56700000e+00,        +1.414213562373e-01,        +2.826279128687e-01,        -4.449391793636e-03
 2.56720000e+00,        +1.414213562373e-01,        +2.826277557273e-01,        -4.462538152384e-03
 2.56740000e+00,        +1.414213562373e-01,        +2.826275955306e-01,        -4.475680876169e-03
 2.56760000e+00,        +1.414213562373e-01,        +2.826274322910e-01,        -4.488820051794e-03
 2.56780000e+00,        +1.414213562373e-01,        +2.826272660211e-01,        -4.501955766210e-03
 2.56800000e+00,        +1.414213562373e-01,        +2.826270967331e-01,        -4.515088106521e-03
 2.56820000e+00,        +1.414213562373e-01,        +2.826269244391e-01,        -4.528217160003e-03
 2.56840000e+00,        +1.414213562373e-01,        +2.826267491508e-01,        -4.541343014118e-03
 2.56860000e+00,        +1.414213562373e-01,        +2.826265708800e-01,        -4.554465756522e-03
 2.56880000e+00,        +1.414213562373e-01,        +2.826263896382e-01,        -4.567585475082e-03
 2.56900000e+00,        +1.414213562373e-01,        +2.826262054366e-01,        -4.580702257890e-03
 2.56920000e+00,        +1.414213562373e-01,        +2.826260182863e-01,        -4.593816193276e-03
 2.56940000e+00,        +1.414213562373e-01,        +2.826258281983e-01,        -4.606927369821e-03
 2.56960000e+00,        +1.414213562373e-01,        +2.826256351831e-01,        -4.620035876374e-03
 2.56980000e+00,        +1.414213562373e-01,        +2.826254392514e-01,        -4.633141802063e-03
 2.57000000e+00,        +1.414213562373e-01,        +2.826252404136e-01,        -4.646245236312e-03
 2.57020000e+00,        +1.414213562373e-01,        +2.826250386797e-01,        -4.659346268856e-03
 2.57040000e+00,        +1.414213562373e-01,        +2.826248340598e-01,        -4.672444989754e-03
 2.57060000e+00,        +1.414213562373e-01,        +2.826246265637e-01,        -4.685541489407e-03
 2.57080000e+00,        +1.414213562373e-01,        +2.826244162010e-01,        -4.698635858571e-03
 2.57100000e+00,        +1.414213562373e-01,        +2.826242029811e-01,        -4.711728188375e-03
 2.57120000e+00,        +1.414213562373e-01,        +2.826239869133e-01,        -4.724818570336e-03
 2.57140000e+00,        +1.414213562373e-01,        +2.826237680067e-01,        -4.737907096375e-03
 2.57160000e+00,        +1.414213562373e-01,        +2.826235462703e-01,        -4.750993858834e-03
 2.57180000e+00,        +1.414213562373e-01,        +2.826233217127e-01,        -4.764078950493e-03
 2.57200000e+00,        +1.414213562373e-01,        +2.826230943425e-01,        -4.777162464587e-03
 2.57220000e+00,        +1.414213562373e-01,        +2.826228641681e-01,        -4.790244494823e-03
 2.57240000e+00,        +1.414213562373e-01,        +2.826226311978e-01,        -4.803325135401e-03
 2.57260000e+00,        +1.414213562373e-01,        +2.826223954395e-01,        -4.816404481024e-03
 2.57280000e+00,        +1.414213562373e-01,        +2.826221569012e-01,        -4.829482626927e-03
 2.57300000e+00,        +1.414213562373e-01,        +2.826219155905e-01,        -4.842559668887e-03
 2.57320000e+00,        +1.414213562373e-01,        +2.826216715151e-01,        -4.855635703247e-03
 2.57340000e+00,        +1.414213562373e-01,        +2.826214246821e-01,        -4.868710826935e-03
 2.57360000e+00,        +1.414213562373e-01,        +2.826211750989e-01,        -4.881785137481e-03
 2.57380000e+00,        +1.414213562373e-01,        +2.826209227725e-01,        -4.894858733039e-03
 2.57400000e+00,        +1.414213562373e-01,        +2.826206677097e-01,        -4.907931712410e-03
 2.57420000e+00,        +1.414213562373e-01,        +2.826204099171e-01,        -4.921004175058e-03
 2.57440000e+00,        +1.414213562373e-01,        +2.826201494014e-01,        -4.934076221136e-03
 2.57460000e+00,        +1.414213562373e-01,        +2.826198861688e-01,        -4.947147951505e-03
 2.57480000e+00,        +1.414213562373e-01,        +2.826196202255e-01,        -4.960219467758e-03
 2.57500000e+00,        +1.414213562373e-01,        +2.826193515775e-01,        -4.973290872242e-03
 2.57520000e+00,        +1.414213562373e-01,        +2.826190802307e-01,        -4.986362268080e-03
 2.57540000e+00,        +1.414213562373e-01,        +2.826188061908e-01,        -4.999433759198e-03
 2.57560000e+00,        +1.414213562373e-01,        +2.826185294631e-01,        -5.012505450347e-03
 2.57580000e+00,        +1.414213562373e-01,        +2.826182500531e-01,        -5.025577447128e-03
 2.57600000e+00,        +1.414213562373e-01,        +2.826179679660e-01,        -5.038649856016e-03
 2.57620000e+00,        +1.414213562373e-01,        +2.826176832066e-01,        -5.051722784390e-03
 2.57640000e+00,        +1.414213562373e-01,        +2.826173957799e-01,        -5.064796340556e-03
 2.57660000e+00,        +1.414213562373e-01,        +2.826171056905e-01,        -5.077870633773e-03
 2.57680000e+00,        +1.414213562373e-01,        +2.826168129429e-01,        -5.090945774286e-03
 2.57700000e+00,        +1.414213562373e-01,        +2.826165175413e-01,        -5.104021873348e-03
 2.57720000e+00,        +1.414213562373e-01,        +2.826162194900e-01,        -5.117099043253e-03
 2.57740000e+00,        +1.414213562373e-01,        +2.826159187928e-01,        -5.130177397365e-03
 2.57760000e+00,        +1.414213562373e-01,        +2.826156154536e-01,        -5.143257050148e-03
 2.57780000e+00,        +1.414213562373e-01,        +2.826153094761e-01,        -5.156338117194e-03
 2.57800000e+00,        +1.414213562373e-01,        +2.826150008636e-01,        -5.169420715262e-03
 2.57820000e+00,        +1.414213562373e-01,        +2.826146896194e-01,        -5.182504962304e-03
 2.57840000e+00,        +1.414213562373e-01,        +2.826143757467e-01,        -5.195590977500e-03
 2.57860000e+00,        +1.414213562373e-01,        +2.826140592483e-01,        -5.208678881294e-03
 2.57880000e+00,        +1.414213562373e-01,        +2.826137401270e-01,        -5.221768795428e-03
 2.57900000e+00,        +1.414213562373e-01,        +2.826134183853e-01,        -5.234860842977e-03
 2.57920000e+00,        +1.414213562373e-01,        +2.826130940257e-01,        -5.247955148386e-03
 2.57940000e+00,        +1.414213562373e-01,        +2.826127670504e-01,        -5.261051837510e-03
 2.57960000e+00,        +1.414213562373e-01,        +2.826124374613e-01,        -5.274151037649e-03
 2.57980000e+00,        +1.414213562373e-01,        +2.826121052603e-01,        -5.287252877591e-03
 2.58000000e+00,        +1.414213562373e-01,        +2.826117704491e-01,        -5.300357487651e-03
 2.58020000e+00,        +1.414213562373e-01,        +2.826114330291e-01,        -5.313464999713e-03
 2.58040000e+00,        +1.414213562373e-01,        +2.826110930016e-01,        -5.326575547272e-03
 2.58060000e+00,        +1.414213562373e-01,        +2.826107503677e-01,        -5.339689265481e-03
 2.58080000e+00,        +1.414213562373e-01,        +2.826104051283e-01,        -5.352806291193e-03
 2.58100000e+00,        +1.414213562373e-01,        +2.826100572841e-01,        -5.365926763007e-03
 2.58120000e+00,        +1.414213562373e-01,        +2.826097068356e-01,        -5.379050821321e-03
 2.58140000e+00,        +1.414213562373e-01,        +2.826093537831e-01,        -5.392178608372e-03
 2.58160000e+00,        +1.414213562373e-01,        +2.826089981267e-01,        -5.405310268297e-03
 2.58180000e+00,        +1.414213562373e-01,        +2.826086398664e-01,        -5.418445947175e-03
 2.58200000e+00,        +1.414213562373e-01,        +2.826082790018e-01,        -5.431585793085e-03
 2.58220000e+00,        +1.414213562373e-01,        +2.826079155324e-01,        -5.444729956161e-03
 2.58240000e+00,        +1.414213562373e-01,        +2.826075494575e-01,        -5.457878588647e-03
 2.58260000e+00,        +1.414213562373e-01,        +2.826071807763e-01,        -5.471031844952e-03
 2.58280000e+00,        +1.414213562373e-01,        +2.826068094875e-01,        -5.484189881714e-03
 2.58300000e+00,        +1.414213562373e-01,        +2.826064355899e-01,        -5.497352857859e-03
 2.58320000e+00,        +1.414213562373e-01,        +2.826060590818e-01,        -5.510520934665e-03
 2.58340000e+00,        +1.414213562373e-01,        +2.826056799614e-01,        -5.523694275822e-03
 2.58360000e+00,        +1.414213562373e-01,        +2.826052982268e-01,        -5.536873047506e-03
 2.58380000e+00,        +1.414213562373e-01,        +2.826049138756e-01,        -5.550057418441e-03
 2.58400000e+00,        +1.414213562373e-01,        +2.826045269054e-01,        -5.563247559974e-03
 2.58420000e+00,        +1.414213562373e-01,        +2.826041373134e-01,        -5.576443646145e-03
 2.58440000e+00,        +1.414213562373e-01,        +2.826037450968e-01,        -5.589645853762e-03
 2.58460000e+00,        +1.414213562373e-01,        +2.826033502522e-01,        -5.602854362481e-03
 2.58480000e+00,        +1.414213562373e-01,        +2.826029527762e-01,        -5.616069354880e-03
 2.58500000e+00,        +1.414213562373e-01,        +2.826025526652e-01,        -5.629291016548e-03
 2.58520000e+00,        +1.414213562373e-01,        +2.826021499151e-01,        -5.642519536164e-03
 2.58540000e+00,        +1.414213562373e-01,        +2.826017445217e-01,        -5.655755105584e-03
 2.58560000e+00,        +1.414213562373e-01,        +2.826013364805e-01,        -5.668997919935e-03
 2.58580000e+00,        +1.414213562373e-01,        +2.826009257868e-01,        -5.682248177703e-03
 2.58600000e+00,        +1.414213562373e-01,        +2.826005124354e-01,        -5.695506080833e-03
 2.58620000e+00,        +1.414213562373e-01,        +2.826000964211e-01,        -5.708771834824e-03
 2.58640000e+00,        +1.414213562373e-01,        +2.825996777382e-01,        -5.722045648830e-03
 2.58660000e+00,        +1.414213562373e-01,        +2.825992563809e-01,        -5.735327735768e-03
 2.58680000e+00,        +1.414213562373e-01,        +2.825988323429e-01,        -5.748618312428e-03
 2.58700000e+00,        +1.414213562373e-01,        +2.825984056177e-01,        -5.761917599577e-03
 2.58720000e+00,        +1.414213562373e-01,        +2.825979761984e-01,        -5.775225822084e-03
 2.58740000e+00,        +1.414213562373e-01,        +2.825975440779e-01,        -5.788543209033e-03
 2.58760000e+00,        +1.414213562373e-01,        +2.825971092488e-01,        -5.801869993849e-03
 2.58780000e+00,        +1.414213562373e-01,        +2.825966717032e-01,        -5.815206414425e-03
 2.58800000e+00,        +1.414213562373e-01,        +2.825962314330e-01,        -5.828552713255e-03
 2.58820000e+00,        +1.414213562373e-01,        +2.825957884297e-01,        -5.841909137568e-03
 2.58840000e+00,        +1.414213562373e-01,        +2.825953426843e-01,        -5.855275939470e-03
 2.58860000e+00,        +1.414213562373e-01,        +2.825948941878e-01,        -5.868653376091e-03
 2.58880000e+00,        +1.414213562373e-01,        +2.825944429304e-01,        -5.882041709733e-03
 2.58900000e+00,        +1.414213562373e-01,        +2.825939889023e-01,        -5.895441208029e-03
 2.58920000e+00,        +1.414213562373e-01,        +2.825935320930e-01,        -5.908852144104e-03
 2.58940000e+00,        +1.414213562373e-01,        +2.825930724917e-01,        -5.922274796739e-03
 2.58960000e+00,        +1.414213562373e-01,        +2.825926100874e-01,        -5.935709450550e-03
 2.58980000e+00,        +1.414213562373e-01,        +2.825921448682e-01,        -5.949156396160e-03
 2.59000000e+00,        +1.414213562373e-01,        +2.825916768223e-01,        -5.962615930391e-03
 2.59020000e+00,        +1.414213562373e-01,        +2.825912059371e-01,        -5.976088356455e-03
 2.59040000e+00,        +1.414213562373e-01,        +2.825907321996e-01,        -5.989573984149e-03
 2.59060000e+00,        +1.414213562373e-01,        +2.825902555965e-01,        -6.003073130067e-03
 2.59080000e+00,        +1.414213562373e-01,        +2.825897761138e-01,        -6.016586117814e-03
 2.59100000e+00,        +1.414213562373e-01,        +2.825892937371e-01,        -6.030113278225e-03
 2.59120000e+00,        +1.414213562373e-01,        +2.825888084515e-01,        -6.043654949597e-03
 2.59140000e+00,        +1.414213562373e-01,        +2.825883202415e-01,        -6.057211477929e-03
 2.59160000e+00,        +1.414213562373e-01,        +2.825878290912e-01,        -6.070783217170e-03
 2.59180000e+00,        +1.414213562373e-01,        +2.825873349841e-01,        -6.084370529477e-03
 2.59200000e+00,        +1.414213562373e-01,        +2.825868379029e-01,        -6.097973785482e-03
 2.59220000e+00,        +1.414213562373e-01,        +2.825863378301e-01,        -6.111593364569e-03
 2.59240000e+00,        +1.414213562373e-01,        +2.825858347473e-01,        -6.125229655165e-03
 2.59260000e+00,        +1.414213562373e-01,        +2.825853286355e-01,        -6.138883055038e-03
 2.59280000e+00,        +1.414213562373e-01,        +2.825848194752e-01,        -6.152553971610e-03
 2.59300000e+00,        +1.414213562373e-01,        +2.825843072461e-01,        -6.166242822281e-03
 2.59320000e+00,        +1.414213562373e-01,        +2.825837919273e-01,        -6.179950034765e-03
 2.59340000e+00,        +1.414213562373e-01,        +2.825832734971e-01,        -6.193676047443e-03
 2.59360000e+00,        +1.414213562373e-01,        +2.825827519331e-01,        -6.207421309725e-03
 2.59380000e+00,        +1.414213562373e-01,        +2.825822272123e-01,        -6.221186282432e-03
 2.59400000e+00,        +1.414213562373e-01,        +2.825816993106e-01,        -6.234971438190e-03
 2.59420000e+00,        +1.414213562373e-01,        +2.825811682033e-01,        -6.248777261841e-03
 2.59440000e+00,        +1.414213562373e-01,        +2.825806338650e-01,        -6.262604250875e-03
 2.59460000e+00,        +1.414213562373e-01,        +2.825800962691e-01,        -6.276452915872e-03
 2.59480000e+00,        +1.414213562373e-01,        +2.825795553883e-01,        -6.290323780972e-03
 2.59500000e+00,        +1.414213562373e-01,        +2.825790111943e-01,        -6.304217384356e-03
 2.59520000e+00,        +1.414213562373e-01,        +2.825784636581e-01,        -6.318134278759e-03
 2.59540000e+00,        +1.414213562373e-01,        +2.825779127493e-01,        -6.332075031988e-03
 2.59560000e+00,        +1.414213562373e-01,        +2.825773584368e-01,        -6.346040227483e-03
 2.59580000e+00,        +1.414213562373e-01,        +2.825768006883e-01,        -6.360030464885e-03
 2.59600000e+00,        +1.414213562373e-01,        +2.825762394703e-01,        -6.374046360641e-03
 2.59620000e+00,        +1.414213562373e-01,        +2.825756747484e-01,        -6.388088548627e-03
 2.59640000e+00,        +1.414213562373e-01,        +2.825751064868e-01,        -6.402157680808e-03
 2.59660000e+00,        +1.414213562373e-01,        +2.825745346486e-01,        -6.416254427919e-03
 2.59680000e+00,        +1.414213562373e-01,        +2.825739591956e-01,        -6.430379480181e-03
 2.59700000e+00,        +1.414213562373e-01,        +2.825733800882e-01,        -6.444533548054e-03
 2.59720000e+00,        +1.414213562373e-01,        +2.825727972854e-01,        -6.458717363014e-03
 2.59740000e+00,        +1.414213562373e-01,        +2.825722107450e-01,        -6.472931678378e-03
 2.59760000e+00,        +1.414213562373e-01,        +2.825716204230e-01,        -6.487177270161e-03
 2.59780000e+00,        +1.414213562373e-01,        +2.825710262741e-01,        -6.501454937971e-03
 2.59800000e+00,        +1.414213562373e-01,        +2.825704282512e-01,        -6.515765505959e-03
 2.59820000e+00,        +1.414213562373e-01,        +2.825698263057e-01,        -6.530109823795e-03
 2.59840000e+00,        +1.414213562373e-01,        +2.825692203871e-01,        -6.544488767713e-03
 2.59860000e+00,        +1.414213562373e-01,        +2.825686104432e-01,        -6.558903241590e-03
 2.59880000e+00,        +1.414213562373e-01,        +2.825679964199e-01,        -6.573354178086e-03
 2.59900000e+00,        +1.414213562373e-01,        +2.825673782609e-01,        -6.587842539841e-03
 2.59920000e+00,        +1.414213562373e-01,        +2.825667559081e-01,        -6.602369320729e-03
 2.59940000e+00,        +1.414213562373e-01,        +2.825661293012e-01,        -6.616935547175e-03
 2.59960000e+00,        +1.414213562373e-01,        +2.825654983777e-01,        -6.631542279544e-03
 2.59980000e+00,        +1.414213562373e-01,        +2.825648630725e-01,        -6.646190613594e-03
 2.60000000e+00,        +1.414213562373e-01,        +2.825642233183e-01,        -6.660881682013e-03
 2.60020000e+00,        +1.414213562373e-01,        +2.825635790453e-01,        -6.675616656026e-03
 2.60040000e+00,        +1.414213562373e-01,        +2.825629301808e-01,        -6.690396747095e-03
 2.60060000e+00,        +1.414213562373e-01,        +2.825622766493e-01,        -6.705223208710e-03
 2.60080000e+00,        +1.414213562373e-01,        +2.825616183727e-01,        -6.720097338267e-03
 2.60100000e+00,        +1.414213562373e-01,        +2.825609552695e-01,        -6.735020479056e-03
 2.60120000e+00,        +1.414213562373e-01,        +2.825602872552e-01,        -6.749994022357e-03
 2.60140000e+00,        +1.414213562373e-01,        +2.825596142417e-01,        -6.765019409648e-03
 2.60160000e+00,        +1.414213562373e-01,        +2.825589361377e-01,        -6.780098134937e-03
 2.60180000e+00,        +1.414213562373e-01,        +2.825582528479e-01,        -6.795231747230e-03
 2.60200000e+00,        +1.414213562373e-01,        +2.825575642733e-01,        -6.810421853128e-03
 2.60220000e+00,        +1.414213562373e-01,        +2.825568703108e-01,        -6.825670119587e-03
 2.60240000e+00,        +1.414213562373e-01,        +2.825561708530e-01,        -6.840978276824e-03
 2.60260000e+00,        +1.414213562373e-01,        +2.825554657880e-01,        -6.856348121406e-03
 2.60280000e+00,        +1.414213562373e-01,        +2.825547549991e-01,        -6.871781519504e-03
 2.60300000e+00,        +1.414213562373e-01,        +2.825540383648e-01,        -6.887280410362e-03
 2.60320000e+00,        +1.414213562373e-01,        +2.825533157583e-01,        -6.902846809957e-03
 2.60340000e+00,        +1.414213562373e-01,        +2.825525870471e-01,        -6.918482814888e-03
 2.60360000e+00,        +1.414213562373e-01,        +2.825518520932e-01,        -6.934190606506e-03
 2.60380000e+00,        +1.414213562373e-01,        +2.825511107522e-01,        -6.949972455297e-03
 2.60400000e+00,        +1.414213562373e-01,        +2.825503628735e-01,        -6.965830725541e-03
 2.60420000e+00,        +1.414213562373e-01,        +2.825496082993e-01,        -6.981767880266e-03
 2.60440000e+00,        +1.414213562373e-01,        +2.825488468650e-01,        -6.997786486516e-03
 2.60460000e+00,        +1.414213562373e-01,        +2.825480783981e-01,        -7.013889220966e-03
 2.60480000e+00,        +1.414213562373e-01,        +2.825473027182e-01,        -7.030078875900e-03
 2.60500000e+00,        +1.414213562373e-01,        +2.825465196362e-01,        -7.046358365584e-03
 2.60520000e+00,        +1.414213562373e-01,        +2.825457289541e-01,        -7.062730733067e-03
 2.60540000e+00,        +1.414213562373e-01,        +2.825449304644e-01,        -7.079199157443e-03
 2.60560000e+00,        +1.414213562373e-01,        +2.825441239492e-01,        -7.095766961607e-03
 2.60580000e+00,        +1.414213562373e-01,        +2.825433091800e-01,        -7.112437620545e-03
 2.60600000e+00,        +1.414213562373e-01,        +2.825424859169e-01,        -7.129214770214e-03
 2.60620000e+00,        +1.414213562373e-01,        +2.825416539077e-01,        -7.146102217042e-03
 2.60640000e+00,        +1.414213562373e-01,        +2.825408128874e-01,        -7.163103948109e-03
 2.60660000e+00,        +1.414213562373e-01,        +2.825399625770e-01,        -7.180224142074e-03
 2.60680000e+00,        +1.414213562373e-01,        +2.825391026832e-01,        -7.197467180893e-03
 2.60700000e+00,        +1.414213562373e-01,        +2.825382328968e-01,        -7.214837662422e-03
 2.60720000e+00,        +1.414213562373e-01,        +2.825373528919e-01,        -7.232340413953e-03
 2.60740000e+00,        +1.414213562373e-01,        +2.825364623251e-01,        -7.249980506795e-03
 2.60760000e+00,        +1.414213562373e-01,        +2.825355608335e-01,        -7.267763271973e-03
 2.60780000e+00,        +1.414213562373e-01,        +2.825346480344e-01,        -7.285694317156e-03
 2.60800000e+00,        +1.414213562373e-01,        +2.825337235227e-01,        -7.303779544930e-03
 2.60820000e+00,        +1.414213562373e-01,        +2.825327868704e-01,        -7.322025172533e-03
 2.60840000e+00,        +1.414213562373e-01,        +2.825318376242e-01,        -7.340437753199e-03
 2.60860000e+00,        +1.414213562373e-01,        +2.825308753041e-01,        -7.359024199267e-03
 2.60880000e+00,        +1.414213562373e-01,        +2.825298994009e-01,        -7.377791807214e-03
 2.60900000e+00,        +1.414213562373e-01,        +2.825289093745e-01,        -7.396748284819e-03
 2.60920000e+00,        +1.414213562373e-01,        +2.825279046511e-01,        -7.415901780665e-03
 2.60940000e+00,        +1.414213562373e-01,        +2.825268846210e-01,        -7.435260916212e-03
 2.60960000e+00,        +1.414213562373e-01,        +2.825258486353e-01,        -7.454834820719e-03
 2.60980000e+00,        +1.414213562373e-01,        +2.825247960029e-01,        -7.474633169296e-03
 2.61000000e+00,        +1.414213562373e-01,        +2.825237259873e-01,        -7.494666224441e-03
 2.61020000e+00,        +1.414213562373e-01,        +2.825226378022e-01,        -7.514944881423e-03
 2.61040000e+00,        +1.414213562373e-01,        +2.825215306080e-01,        -7.535480717937e-03
 2.61060000e+00,        +1.414213562373e-01,        +2.825204035068e-01,        -7.556286048513e-03
 2.61080000e+00,        +1.414213562373e-01,        +2.825192555372e-01,        -7.577373984212e-03
 2.61100000e+00,        +1.414213562373e-01,        +2.825180856688e-01,        -7.598758498223e-03
 2.61120000e+00,        +1.414213562373e-01,        +2.825168927962e-01,        -7.620454498046e-03
 2.61140000e+00,        +1.414213562373e-01,        +2.825156757314e-01,        -7.642477905061e-03
 2.61160000e+00,        +1.414213562373e-01,        +2.825144331966e-01,        -7.664845742355e-03
 2.61180000e+00,        +1.414213562373e-01,        +2.825131638157e-01,        -7.687576231853e-03
 2.61200000e+00,        +1.414213562373e-01,        +2.825118661039e-01,        -7.710688901901e-03
 2.61220000e+00,        +1.414213562373e-01,        +2.825105384578e-01,        -7.734204706644e-03
 2.61240000e+00,        +1.414213562373e-01,        +2.825091791429e-01,        -7.758146158750e-03
 2.61260000e+00,        +1.414213562373e-01,        +2.825077862800e-01,        -7.782537477222e-03
 2.61280000e+00,        +1.414213562373e-01,        +2.825063578300e-01,        -7.807404752377e-03
 2.61300000e+00,        +1.414213562373e-01,        +2.825048915771e-01,        -7.832776130326e-03
 2.61320000e+00,        +1.414213562373e-01,        +2.825033851083e-01,        -7.858682019727e-03
 2.61340000e+00,        +1.414213562373e-01,        +2.825018357926e-01,        -7.885155324000e-03
 2.61360000e+00,        +1.414213562373e-01,        +2.825002407547e-01,        -7.912231702737e-03
 2.61380000e+00,        +1.414213562373e-01,        +2.824985968470e-01,        -7.939949866685e-03
 2.61400000e+00,        +1.414213562373e-01,        +2.824969006168e-01,        -7.968351911445e-03
 2.61420000e+00,        +1.414213562373e-01,        +2.824951482687e-01,        -7.997483695943e-03
 2.61440000e+00,        +1.414213562373e-01,        +2.824933356211e-01,        -8.027395272839e-03
 2.61460000e+00,        +1.414213562373e-01,        +2.824914580569e-01,        -8.058141379394e-03
 2.61480000e+00,        +1.414213562373e-01,        +2.824895104655e-01,        -8.089781998926e-03
 2.61500000e+00,        +1.414213562373e-01,        +2.824874871758e-01,        -8.122383005001e-03
 2.61520000e+00,        +1.414213562373e-01,        +2.824853818784e-01,        -8.156016902932e-03
 2.61540000e+00,        +1.414213562373e-01,        +2.824831875335e-01,        -8.190763686187e-03
 2.61560000e+00,        +1.414213562373e-01,        +2.824808962644e-01,        -8.226711829006e-03
 2.61580000e+00,        +1.414213562373e-01,        +2.824784992299e-01,        -8.263959441230e-03
 2.61600000e+00,        +1.414213562373e-01,        +2.824759864742e-01,        -8.302615617087e-03
 2.61620000e+00,        +1.414213562373e-01,        +2.824733467484e-01,        -8.342802017076e-03
 2.61640000e+00,        +1.414213562373e-01,        +2.824705672953e-01,        -8.384654731294e-03
 2.61660000e+00,        +1.414213562373e-01,        +2.824676335927e-01,        -8.428326484453e-03
 2.61680000e+00,        +1.414213562373e-01,        +2.824645290404e-01,        -8.473989257955e-03
 2.61700000e+00,        +1.414213562373e-01,        +2.824612345815e-01,        -8.521837424053e-03
 2.61720000e+00,        +1.414213562373e-01,        +2.824577282368e-01,        -8.572091512708e-03
 2.61740000e+00,        +1.414213562373e-01,        +2.824539845316e-01,        -8.625002765312e-03
 2.61760000e+00,        +1.414213562373e-01,        +2.824499737840e-01,        -8.680858673952e-03
 2.61780000e+00,        +1.414213562373e-01,        +2.824456612139e-01,        -8.739989764370e-03
 2.61800000e+00,        +1.414213562373e-01,        +2.824410058193e-01,        -8.802777961011e-03
 2.61820000e+00,        +1.414213562373e-01,        +2.824359589460e-01,        -8.869666982073e-03
 2.61840000e+00,        +1.414213562373e-01,        +2.824304624502e-01,        -8.941175363476e-03
 2.61860000e+00,        +1.414213562373e-01,        +2.824244463139e-01,        -9.017912921468e-03
 2.61880000e+00,        +1.414213562373e-01,        +2.824178255150e-01,        -9.100601761731e-03
 2.61900000e+00,        +1.414213562373e-01,        +2.824104958714e-01,        -9.190103370391e-03
 2.61920000e+00,        +1.414213562373e-01,        +2.824023284467e-01,        -9.287453944943e-03
 2.61940000e+00,        +1.414213562373e-01,        +2.823931619152e-01,        -9.393911044822e-03
 2.61960000e+00,        +1.414213562373e-01,        +2.823827919716e-01,        -9.511016030949e-03
 2.61980000e+00,        +1.414213562373e-01,        +2.823709563861e-01,        -9.640678900636e-03
 2.62000000e+00,        +1.414213562373e-01,        +2.823573134987e-01,        -9.785295483869e-03
 2.62020000e+00,        +1.414213562373e-01,        +2.823414105959e-01,        -9.947912378995e-03
 2.62040000e+00,        +1.414213562373e-01,        +2.823226362588e-01,        -1.013246396492e-02
 2.62060000e+00,        +1.414213562373e-01,        +2.823001465407e-01,        -1.034412111876e-02
 2.62080000e+00,        +1.414213562373e-01,        +2.822727469156e-01,        -1.058981829056e-02
 2.62100000e+00,        +1.414213562373e-01,        +2.822386964442e-01,        -1.087907527308e-02
 2.62120000e+00,        +1.414213562373e-01,        +2.821953686464e-01,        -1.122532564923e-02
 2.62140000e+00,        +1.414213562373e-01,        +2.821386334709e-01,        -1.164815817452e-02
 2.62160000e+00,        +1.414213562373e-01,        +2.820616592038e-01,        -1.217729799637e-02
 2.62180000e+00,        +1.414213562373e-01,        +2.819524051242e-01,        -1.286013879675e-02
 2.62200000e+00,        +1.414213562373e-01,        +2.817878347208e-01,        -1.377717296392e-02
 2.62220000e+00,        +1.414213562373e-01,        +2.815186923682e-01,        -1.507706852412e-02
 2.62240000e+00,        +1.414213562373e-01,        +2.810211500377e-01,        -1.706873314102e-02
 2.62260000e+00,        +1.414213562373e-01,        +2.798866152708e-01,        -2.052107443942e-02
 2.62280000e+00,        +1.414213562373e-01,        +2.754711093693e-01,        -2.789390702736e-02
 2.62300000e+00,        +1.414213562373e-01,        +2.626557242549e-01,        -3.823464439800e-02
 2.62320000e+00,        +1.414213562373e-01,        +2.231173850038e-01,        +3.292329409554e-02
 2.62340000e+00,        +1.414213562373e-01,        +2.758330011901e-01,        +1.736891432180e-02
 2.62360000e+00,        +1.414213562373e-01,        +2.806103530177e-01,        +7.097862093908e-03
 2.62380000e+00,        +1.414213562373e-01,        +2.817316305979e-01,        +2.675755751790e-03
 2.62400000e+00,        +1.414213562373e-01,        +2.821384212729e-01,        +2.538969567671e-04
 2.62420000e+00,        +1.414213562373e-01,        +2.823222611355e-01,        -1.270875646930e-03
 2.62440000e+00,        +1.414213562373e-01,        +2.824168198058e-01,        -2.319436804372e-03
 2.62460000e+00,        +1.414213562373e-01,        +2.824696256441e-01,        -3.085625205251e-03
 2.62480000e+00,        +1.414213562373e-01,        +2.825007298563e-01,        -3.670830780616e-03
 2.62500000e+00,        +1.414213562373e-01,        +2.825196609482e-01,        -4.133156169774e-03
 2.62520000e+00,        +1.414213562373e-01,        +2.825313620724e-01,        -4.508263461900e-03
 2.62540000e+00,        +1.414213562373e-01,        +2.825385760371e-01,        -4.819244090519e-03
 2.62560000e+00,        +1.414213562373e-01,        +2.825429077452e-01,        -5.081704947237e-03
 2.62580000e+00,        +1.414213562373e-01,        +2.825453373840e-01,        -5.306571606543e-03
 2.62600000e+00,        +1.414213562373e-01,        +2.825464850083e-01,        -5.501720174675e-03
 2.62620000e+00,        +1.414213562373e-01,        +2.825467544677e-01,        -5.672971345688e-03
 2.62640000e+00,        +1.414213562373e-01,        +2.825464152954e-01,        -5.824719571658e-03
 2.62660000e+00,        +1.414213562373e-01,        +2.825456511130e-01,        -5.960344539223e-03
 2.62680000e+00,        +1.414213562373e-01,        +2.825445891948e-01,        -6.082488007692e-03
 2.62700000e+00,        +1.414213562373e-01,        +2.825433190466e-01,        -6.193244732727e-03
 2.62720000e+00,        +1.414213562373e-01,        +2.825419043744e-01,        -6.294297044230e-03
 2.62740000e+00,        +1.414213562373e-01,        +2.825403909668e-01,        -6.387011564701e-03
 2.62760000e+00,        +1.414213562373e-01,        +2.825388119866e-01,        -6.472509934707e-03
 2.62780000e+00,        +1.414213562373e-01,        +2.825371915861e-01,        -6.551721344290e-03
 2.62800000e+00,        +1.414213562373e-01,        +2.825355474157e-01,        -6.625422105358e-03
 2.62820000e+00,        +1.414213562373e-01,        +2.825338923875e-01,        -6.694265846844e-03
 2.62840000e+00,        +1.414213562373e-01,        +2.825322359325e-01,        -6.758806826173e-03
 2.62860000e+00,        +1.414213562373e-01,        +2.825305849056e-01,        -6.819518120631e-03
 2.62880000e+00,        +1.414213562373e-01,        +2.825289442439e-01,        -6.876805964125e-03
 2.62900000e+00,        +1.414213562373e-01,        +2.825273174504e-01,        -6.931021149627e-03
 2.62920000e+00,        +1.414213562373e-01,        +2.825257069517e-01,        -6.982468174765e-03
 2.62940000e+00,        +1.414213562373e-01,        +2.825241143647e-01,        -7.031412635015e-03
 2.62960000e+00,        +1.414213562373e-01,        +2.825225406966e-01,        -7.078087244078e-03
 2.62980000e+00,        +1.414213562373e-01,        +2.825209864963e-01,        -7.122696769880e-03
 2.63000000e+00,        +1.414213562373e-01,        +2.825194519684e-01,        -7.165422107418e-03
 2.63020000e+00,        +1.414213562373e-01,        +2.825179370606e-01,        -7.206423659528e-03
 2.63040000e+00,        +1.414213562373e-01,        +2.825164415304e-01,        -7.245844159007e-03
 2.63060000e+00,        +1.414213562373e-01,        +2.825149649958e-01,        -7.283811036877e-03
 2.63080000e+00,        +1.414213562373e-01,        +2.825135069746e-01,        -7.320438419731e-03
 2.63100000e+00,        +1.414213562373e-01,        +2.825120669142e-01,        -7.355828822197e-03
 2.63120000e+00,        +1.414213562373e-01,        +2.825106442149e-01,        -7.390074587473e-03
 2.63140000e+00,        +1.414213562373e-01,        +2.825092382477e-01,        -7.423259118618e-03
 2.63160000e+00,        +1.414213562373e-01,        +2.825078483671e-01,        -7.455457935216e-03
 2.63180000e+00,        +1.414213562373e-01,        +2.825064739222e-01,        -7.486739583649e-03
 2.63200000e+00,        +1.414213562373e-01,        +2.825051142641e-01,        -7.517166424087e-03
 2.63220000e+00,        +1.414213562373e-01,        +2.825037687515e-01,        -7.546795313265e-03
 2.63240000e+00,        +1.414213562373e-01,        +2.825024367555e-01,        -7.575678198784e-03
 2.63260000e+00,        +1.414213562373e-01,        +2.825011176621e-01,        -7.603862638029e-03
 2.63280000e+00,        +1.414213562373e-01,        +2.824998108751e-01,        -7.631392252638e-03
 2.63300000e+00,        +1.414213562373e-01,        +2.824985158170e-01,        -7.658307127659e-03
 2.63320000e+00,        +1.414213562373e-01,        +2.824972319300e-01,        -7.684644163106e-03
 2.63340000e+00,        +1.414213562373e-01,        +2.824959586768e-01,        -7.710437384387e-03
 2.63360000e+00,        +1.414213562373e-01,        +2.824946955405e-01,        -7.735718217136e-03
 2.63380000e+00,        +1.414213562373e-01,        +2.824934420246e-01,        -7.760515731098e-03
 2.63400000e+00,        +1.414213562373e-01,        +2.824921976525e-01,        -7.784856857072e-03
 2.63420000e+00,        +1.414213562373e-01,        +2.824909619675e-01,        -7.808766580316e-03
 2.63440000e+00,        +1.414213562373e-01,        +2.824897345319e-01,        -7.832268113340e-03
 2.63460000e+00,        +1.414213562373e-01,        +2.824885149266e-01,        -7.855383050612e-03
 2.63480000e+00,        +1.414213562373e-01,        +2.824873027505e-01,        -7.878131507332e-03
 2.63500000e+00,        +1.414213562373e-01,        +2.824860976194e-01,        -7.900532244178e-03
 2.63520000e+00,        +1.414213562373e-01,        +2.824848991661e-01,        -7.922602779632e-03
 2.63540000e+00,        +1.414213562373e-01,        +2.824837070388e-01,        -7.944359491310e-03
 2.63560000e+00,        +1.414213562373e-01,        +2.824825209012e-01,        -7.965817707544e-03
 2.63580000e+00,        +1.414213562373e-01,        +2.824813404313e-01,        -7.986991790272e-03
 2.63600000e+00,        +1.414213562373e-01,        +2.824801653209e-01,        -8.007895210199e-03
 2.63620000e+00,        +1.414213562373e-01,        +2.824789952751e-01,        -8.028540615054e-03
 2.63640000e+00,        +1.414213562373e-01,        +2.824778300114e-01,        -8.048939891664e-03
 2.63660000e+00,        +1.414213562373e-01,        +2.824766692593e-01,        -8.069104222502e-03
 2.63680000e+00,        +1.414213562373e-01,        +2.824755127597e-01,        -8.089044137257e-03
 2.63700000e+00,        +1.414213562373e-01,        +2.824743602642e-01,        -8.108769559953e-03
 2.63720000e+00,        +1.414213562373e-01,        +2.824732115348e-01,        -8.128289852033e-03
 2.63740000e+00,        +1.414213562373e-01,        +2.824720663431e-01,        -8.147613851825e-03
 2.63760000e+00,        +1.414213562373e-01,        +2.824709244703e-01,        -8.166749910733e-03
 2.63780000e+00,        +1.414213562373e-01,        +2.824697857060e-01,        -8.185705926465e-03
 2.63800000e+00,        +1.414213562373e-01,        +2.824686498484e-01,        -8.204489373573e-03
 2.63820000e+00,        +1.414213562373e-01,        +2.824675167039e-01,        -8.223107331566e-03
 2.63840000e+00,        +1.414213562373e-01,        +2.824663860861e-01,        -8.241566510812e-03
 2.63860000e+00,        +1.414213562373e-01,        +2.824652578160e-01,        -8.259873276424e-03
 2.63880000e+00,        +1.414213562373e-01,        +2.824641317215e-01,        -8.278033670322e-03
 2.63900000e+00,        +1.414213562373e-01,        +2.824630076369e-01,        -8.296053431623e-03
 2.63920000e+00,        +1.414213562373e-01,        +2.824618854027e-01,        -8.313938015505e-03
 2.63940000e+00,        +1.414213562373e-01,        +2.824607648654e-01,        -8.331692610686e-03
 2.63960000e+00,        +1.414213562373e-01,        +2.824596458771e-01,        -8.349322155623e-03
 2.63980000e+00,        +1.414213562373e-01,        +2.824585282950e-01,        -8.366831353545e-03
 2.64000000e+00,        +1.414213562373e-01,        +2.824574119817e-01,        -8.384224686418e-03
 2.64020000e+00,        +1.414213562373e-01,        +2.824562968045e-01,        -8.401506427926e-03
 2.64040000e+00,        +1.414213562373e-01,        +2.824551826353e-01,        -8.418680655553e-03
 2.64060000e+00,        +1.414213562373e-01,        +2.824540693503e-01,        -8.435751261828e-03
 2.64080000e+00,        +1.414213562373e-01,        +2.824529568301e-01,        -8.452721964815e-03
 2.64100000e+00,        +1.414213562373e-01,        +2.824518449590e-01,        -8.469596317890e-03
 2.64120000e+00,        +1.414213562373e-01,        +2.824507336253e-01,        -8.486377718875e-03
 2.64140000e+00,        +1.414213562373e-01,        +2.824496227209e-01,        -8.503069418565e-03
 2.64160000e+00,        +1.414213562373e-01,        +2.824485121411e-01,        -8.519674528710e-03
 2.64180000e+00,        +1.414213562373e-01,        +2.824474017843e-01,        -8.536196029473e-03
 2.64200000e+00,        +1.414213562373e-01,        +2.824462915525e-01,        -8.552636776424e-03
 2.64220000e+00,        +1.414213562373e-01,        +2.824451813501e-01,        -8.568999507086e-03
 2.64240000e+00,        +1.414213562373e-01,        +2.824440710848e-01,        -8.585286847076e-03
 2.64260000e+00,        +1.414213562373e-01,        +2.824429606670e-01,        -8.601501315870e-03
 2.64280000e+00,        +1.414213562373e-01,        +2.824418500093e-01,        -8.617645332213e-03
 2.64300000e+00,        +1.414213562373e-01,        +2.824407390272e-01,        -8.633721219202e-03
 2.64320000e+00,        +1.414213562373e-01,        +2.824396276385e-01,        -8.649731209066e-03
 2.64340000e+00,        +1.414213562373e-01,        +2.824385157630e-01,        -8.665677447666e-03
 2.64360000e+00,        +1.414213562373e-01,        +2.824374033229e-01,        -8.681561998726e-03
 2.64380000e+00,        +1.414213562373e-01,        +2.824362902425e-01,        -8.697386847820e-03
 2.64400000e+00,        +1.414213562373e-01,        +2.824351764478e-01,        -8.713153906134e-03
 2.64420000e+00,        +1.414213562373e-01,        +2.824340618670e-01,        -8.728865014006e-03
 2.64440000e+00,        +1.414213562373e-01,        +2.824329464299e-01,        -8.744521944275e-03
 2.64460000e+00,        +1.414213562373e-01,        +2.824318300680e-01,        -8.760126405435e-03
 2.64480000e+00,        +1.414213562373e-01,        +2.824307127146e-01,        -8.775680044620e-03
 2.64500000e+00,        +1.414213562373e-01,        +2.824295943045e-01,        -8.791184450423e-03
 2.64520000e+00,        +1.414213562373e-01,        +2.824284747739e-01,        -8.806641155559e-03
 2.64540000e+00,        +1.414213562373e-01,        +2.824273540606e-01,        -8.822051639393e-03
 2.64560000e+00,        +1.414213562373e-01,        +2.824262321036e-01,        -8.837417330323e-03
 2.64580000e+00,        +1.414213562373e-01,        +2.824251088434e-01,        -8.852739608043e-03
 2.64600000e+00,        +1.414213562373e-01,        +2.824239842216e-01,        -8.868019805686e-03
 2.64620000e+00,        +1.414213562373e-01,        +2.824228581810e-01,        -8.883259211857e-03
 2.64640000e+00,        +1.414213562373e-01,        +2.824217306656e-01,        -8.898459072556e-03
 2.64660000e+00,        +1.414213562373e-01,        +2.824206016206e-01,        -8.913620593011e-03
 2.64680000e+00,        +1.414213562373e-01,        +2.824194709921e-01,        -8.928744939409e-03
 2.64700000e+00,        +1.414213562373e-01,        +2.824183387271e-01,        -8.943833240550e-03
 2.64720000e+00,        +1.414213562373e-01,        +2.824172047738e-01,        -8.958886589409e-03
 2.64740000e+00,        +1.414213562373e-01,        +2.824160690812e-01,        -8.973906044626e-03
 2.64760000e+00,        +1.414213562373e-01,        +2.824149315991e-01,        -8.988892631927e-03
 2.64780000e+00,        +1.414213562373e-01,        +2.824137922783e-01,        -9.003847345464e-03
 2.64800000e+00,        +1.414213562373e-01,        +2.824126510702e-01,        -9.018771149103e-03
 2.64820000e+00,        +1.414213562373e-01,        +2.824115079270e-01,        -9.033664977644e-03
 2.64840000e+00,        +1.414213562373e-01,        +2.824103628019e-01,        -9.048529737983e-03
 2.64860000e+00,        +1.414213562373e-01,        +2.824092156483e-01,        -9.063366310222e-03
 2.64880000e+00,        +1.414213562373e-01,        +2.824080664206e-01,        -9.078175548729e-03
 2.64900000e+00,        +1.414213562373e-01,        +2.824069150739e-01,        -9.092958283139e-03
 2.64920000e+00,        +1.414213562373e-01,        +2.824057615635e-01,        -9.107715319322e-03
 2.64940000e+00,        +1.414213562373e-01,        +2.824046058457e-01,        -9.122447440299e-03
 2.64960000e+00,        +1.414213562373e-01,        +2.824034478770e-01,        -9.137155407119e-03
 2.64980000e+00,        +1.414213562373e-01,        +2.824022876146e-01,        -9.151839959695e-03
 2.65000000e+00,        +1.414213562373e-01,        +2.824011250162e-01,        -9.166501817605e-03
