        f (GHz),               V_inc[1] (V),               Re{V[1]} (V),               Im{V[1]} (V)
 2.30000000e+00,        +7.071067811865e+00,        +1.412253134889e+01,        +3.430322995172e-01
 2.30020000e+00,        +7.071067811865e+00,        +1.412252126562e+01,        +3.422793696761e-01
 2.30040000e+00,        +7.071067811865e+00,        +1.412251075127e+01,        +3.415253870443e-01
 2.30060000e+00,        +7.071067811865e+00,        +1.412249980151e+01,        +3.407703429261e-01
 2.30080000e+00,        +7.071067811865e+00,        +1.412248841196e+01,        +3.400142285378e-01
 2.30100000e+00,        +7.071067811865e+00,        +1.412247657817e+01,        +3.392570350069e-01
 2.30120000e+00,        +7.071067811865e+00,        +1.412246429564e+01,        +3.384987533704e-01
 2.30140000e+00,        +7.071067811865e+00,        +1.412245155977e+01,        +3.377393745744e-01
 2.30160000e+00,        +7.071067811865e+00,        +1.412243836594e+01,        +3.369788894723e-01
 2.30180000e+00,        +7.071067811865e+00,        +1.412242470944e+01,        +3.362172888241e-01
 2.30200000e+00,        +7.071067811865e+00,        +1.412241058550e+01,        +3.354545632947e-01
 2.30220000e+00,        +7.071067811865e+00,        +1.412239598927e+01,        +3.346907034533e-01
 2.30240000e+00,        +7.071067811865e+00,        +1.412238091584e+01,        +3.339256997717e-01
 2.30260000e+00,        +7.071067811865e+00,        +1.412236536024e+01,        +3.331595426231e-01
 2.30280000e+00,        +7.071067811865e+00,        +1.412234931742e+01,        +3.323922222812e-01
 2.30300000e+00,        +7.071067811865e+00,        +1.412233278223e+01,        +3.316237289186e-01
 2.30320000e+00,        +7.071067811865e+00,        +1.412231574949e+01,        +3.308540526053e-01
 2.30340000e+00,        +7.071067811865e+00,        +1.412229821392e+01,        +3.300831833080e-01
 2.30360000e+00,        +7.071067811865e+00,        +1.412228017017e+01,        +3.293111108882e-01
 2.30380000e+00,        +7.071067811865e+00,        +1.412226161280e+01,        +3.285378251011e-01
 2.30400000e+00,        +7.071067811865e+00,        +1.412224253631e+01,        +3.277633155942e-01
 2.30420000e+00,        +7.071067811865e+00,        +1.412222293510e+01,        +3.269875719056e-01
 2.30440000e+00,        +7.071067811865e+00,        +1.412220280351e+01,        +3.262105834632e-01
 2.30460000e+00,        +7.071067811865e+00,        +1.412218213576e+01,        +3.254323395826e-01
 2.30480000e+00,        +7.071067811865e+00,        +1.412216092603e+01,        +3.246528294662e-01
 2.30500000e+00,        +7.071067811865e+00,        +1.412213916839e+01,        +3.238720422010e-01
 2.30520000e+00,        +7.071067811865e+00,        +1.412211685681e+01,        +3.230899667580e-01
 2.30540000e+00,        +7.071067811865e+00,        +1.412209398518e+01,        +3.223065919899e-01
 2.30560000e+00,        +7.071067811865e+00,        +1.412207054732e+01,        +3.215219066299e-01
 2.30580000e+00,        +7.071067811865e+00,        +1.412204653693e+01,        +3.207358992899e-01
 2.30600000e+00,        +7.071067811865e+00,        +1.412202194762e+01,        +3.199485584594e-01
 2.30620000e+00,        +7.071067811865e+00,        +1.412199677292e+01,        +3.191598725032e-01
 2.30640000e+00,        +7.071067811865e+00,        +1.412197100624e+01,        +3.183698296601e-01
 2.30660000e+00,        +7.071067811865e+00,        +1.412194464090e+01,        +3.175784180413e-01
 2.30680000e+00,        +7.071067811865e+00,        +1.412191767012e+01,        +3.167856256284e-01
 2.30700000e+00,        +7.071067811865e+00,        +1.412189008703e+01,        +3.159914402721e-01
 2.30720000e+00,        +7.071067811865e+00,        +1.412186188462e+01,        +3.151958496899e-01
 2.30740000e+00,        +7.071067811865e+00,        +1.412183305580e+01,        +3.143988414648e-01
 2.30760000e+00,        +7.071067811865e+00,        +1.412180359337e+01,        +3.136004030431e-01
 2.30780000e+00,        +7.071067811865e+00,        +1.412177349001e+01,        +3.128005217329e-01
 2.30800000e+00,        +7.071067811865e+00,        +1.412174273829e+01,        +3.119991847021e-01
 2.30820000e+00,        +7.071067811865e+00,        +1.412171133067e+01,        +3.111963789763e-01
 2.30840000e+00,        +7.071067811865e+00,        +1.412167925948e+01,        +3.103920914373e-01
 2.30860000e+00,        +7.071067811865e+00,        +1.412164651694e+01,        +3.095863088206e-01
 2.30880000e+00,        +7.071067811865e+00,        +1.412161309515e+01,        +3.087790177138e-01
 2.30900000e+00,        +7.071067811865e+00,        +1.412157898609e+01,        +3.079702045548e-01
 2.30920000e+00,        +7.071067811865e+00,        +1.412154418160e+01,        +3.071598556289e-01
 2.30940000e+00,        +7.071067811865e+00,        +1.412150867339e+01,        +3.063479570677e-01
 2.30960000e+00,        +7.071067811865e+00,        +1.412147245307e+01,        +3.055344948464e-01
 2.30980000e+00,        +7.071067811865e+00,        +1.412143551208e+01,        +3.047194547817e-01
 2.31000000e+00,        +7.071067811865e+00,        +1.412139784174e+01,        +3.039028225298e-01
 2.31020000e+00,        +7.071067811865e+00,        +1.412135943323e+01,        +3.030845835841e-01
 2.31040000e+00,        +7.071067811865e+00,        +1.412132027760e+01,        +3.022647232730e-01
 2.31060000e+00,        +7.071067811865e+00,        +1.412128036573e+01,        +3.014432267574e-01
 2.31080000e+00,        +7.071067811865e+00,        +1.412123968838e+01,        +3.006200790288e-01
 2.31100000e+00,        +7.071067811865e+00,        +1.412119823616e+01,        +2.997952649064e-01
 2.31120000e+00,        +7.071067811865e+00,        +1.412115599950e+01,        +2.989687690353e-01
 2.31140000e+00,        +7.071067811865e+00,        +1.412111296870e+01,        +2.981405758835e-01
 2.31160000e+00,        +7.071067811865e+00,        +1.412106913391e+01,        +2.973106697399e-01
 2.31180000e+00,        +7.071067811865e+00,        +1.412102448509e+01,        +2.964790347114e-01
 2.31200000e+00,        +7.071067811865e+00,        +1.412097901205e+01,        +2.956456547206e-01
 2.31220000e+00,        +7.071067811865e+00,        +1.412093270444e+01,        +2.948105135034e-01
 2.31240000e+00,        +7.071067811865e+00,        +1.412088555174e+01,        +2.939735946057e-01
 2.31260000e+00,        +7.071067811865e+00,        +1.412083754325e+01,        +2.931348813814e-01
 2.31280000e+00,        +7.071067811865e+00,        +1.412078866808e+01,        +2.922943569895e-01
 2.31300000e+00,        +7.071067811865e+00,        +1.412073891518e+01,        +2.914520043910e-01
 2.31320000e+00,        +7.071067811865e+00,        +1.412068827331e+01,        +2.906078063467e-01
 2.31340000e+00,        +7.071067811865e+00,        +1.412063673103e+01,        +2.897617454139e-01
 2.31360000e+00,        +7.071067811865e+00,        +1.412058427674e+01,        +2.889138039436e-01
 2.31380000e+00,        +7.071067811865e+00,        +1.412053089861e+01,        +2.880639640776e-01
 2.31400000e+00,        +7.071067811865e+00,        +1.412047658463e+01,        +2.872122077456e-01
 2.31420000e+00,        +7.071067811865e+00,        +1.412042132258e+01,        +2.863585166623e-01
 2.31440000e+00,        +7.071067811865e+00,        +1.412036510003e+01,        +2.855028723237e-01
 2.31460000e+00,        +7.071067811865e+00,        +1.412030790435e+01,        +2.846452560046e-01
 2.31480000e+00,        +7.071067811865e+00,        +1.412024972268e+01,        +2.837856487555e-01
 2.31500000e+00,        +7.071067811865e+00,        +1.412019054196e+01,        +2.829240313986e-01
 2.31520000e+00,        +7.071067811865e+00,        +1.412013034888e+01,        +2.820603845255e-01
 2.31540000e+00,        +7.071067811865e+00,        +1.412006912993e+01,        +2.811946884929e-01
 2.31560000e+00,        +7.071067811865e+00,        +1.412000687133e+01,        +2.803269234203e-01
 2.31580000e+00,        +7.071067811865e+00,        +1.411994355910e+01,        +2.794570691854e-01
 2.31600000e+00,        +7.071067811865e+00,        +1.411987917900e+01,        +2.785851054216e-01
 2.31620000e+00,        +7.071067811865e+00,        +1.411981371653e+01,        +2.777110115139e-01
 2.31640000e+00,        +7.071067811865e+00,        +1.411974715695e+01,        +2.768347665953e-01
 2.31660000e+00,        +7.071067811865e+00,        +1.411967948527e+01,        +2.759563495436e-01
 2.31680000e+00,        +7.071067811865e+00,        +1.411961068621e+01,        +2.750757389771e-01
 2.31700000e+00,        +7.071067811865e+00,        +1.411954074424e+01,        +2.741929132512e-01
 2.31720000e+00,        +7.071067811865e+00,        +1.411946964355e+01,        +2.733078504544e-01
 2.31740000e+00,        +7.071067811865e+00,        +1.411939736806e+01,        +2.724205284045e-01
 2.31760000e+00,        +7.071067811865e+00,        +1.411932390138e+01,        +2.715309246447e-01
 2.31780000e+00,        +7.071067811865e+00,        +1.411924922684e+01,        +2.706390164393e-01
 2.31800000e+00,        +7.071067811865e+00,        +1.411917332747e+01,        +2.697447807698e-01
 2.31820000e+00,        +7.071067811865e+00,        +1.411909618601e+01,        +2.688481943310e-01
 2.31840000e+00,        +7.071067811865e+00,        +1.411901778485e+01,        +2.679492335264e-01
 2.31860000e+00,        +7.071067811865e+00,        +1.411893810611e+01,        +2.670478744639e-01
 2.31880000e+00,        +7.071067811865e+00,        +1.411885713154e+01,        +2.661440929518e-01
 2.31900000e+00,        +7.071067811865e+00,        +1.411877484258e+01,        +2.652378644943e-01
 2.31920000e+00,        +7.071067811865e+00,        +1.411869122033e+01,        +2.643291642867e-01
 2.31940000e+00,        +7.071067811865e+00,        +1.411860624555e+01,        +2.634179672111e-01
 2.31960000e+00,        +7.071067811865e+00,        +1.411851989862e+01,        +2.625042478320e-01
 2.31980000e+00,        +7.071067811865e+00,        +1.411843215957e+01,        +2.615879803910e-01
 2.32000000e+00,        +7.071067811865e+00,        +1.411834300808e+01,        +2.606691388027e-01
 2.32020000e+00,        +7.071067811865e+00,        +1.411825242343e+01,        +2.597476966494e-01
 2.32040000e+00,        +7.071067811865e+00,        +1.411816038452e+01,        +2.588236271763e-01
 2.32060000e+00,        +7.071067811865e+00,        +1.411806686985e+01,        +2.578969032867e-01
 2.32080000e+00,        +7.071067811865e+00,        +1.411797185752e+01,        +2.569674975366e-01
 2.32100000e+00,        +7.071067811865e+00,        +1.411787532521e+01,        +2.560353821299e-01
 2.32120000e+00,        +7.071067811865e+00,        +1.411777725020e+01,        +2.551005289129e-01
 2.32140000e+00,        +7.071067811865e+00,        +1.411767760931e+01,        +2.541629093692e-01
 2.32160000e+00,        +7.071067811865e+00,        +1.411757637894e+01,        +2.532224946142e-01
 2.32180000e+00,        +7.071067811865e+00,        +1.411747353504e+01,        +2.522792553898e-01
 2.32200000e+00,        +7.071067811865e+00,        +1.411736905307e+01,        +2.513331620585e-01
 2.32220000e+00,        +7.071067811865e+00,        +1.411726290805e+01,        +2.503841845984e-01
 2.32240000e+00,        +7.071067811865e+00,        +1.411715507450e+01,        +2.494322925968e-01
 2.32260000e+00,        +7.071067811865e+00,        +1.411704552647e+01,        +2.484774552448e-01
 2.32280000e+00,        +7.071067811865e+00,        +1.411693423747e+01,        +2.475196413315e-01
 2.32300000e+00,        +7.071067811865e+00,        +1.411682118051e+01,        +2.465588192378e-01
 2.32320000e+00,        +7.071067811865e+00,        +1.411670632809e+01,        +2.455949569306e-01
 2.32340000e+00,        +7.071067811865e+00,        +1.411658965214e+01,        +2.446280219563e-01
 2.32360000e+00,        +7.071067811865e+00,        +1.411647112406e+01,        +2.436579814351e-01
 2.32380000e+00,        +7.071067811865e+00,        +1.411635071466e+01,        +2.426848020542e-01
 2.32400000e+00,        +7.071067811865e+00,        +1.411622839420e+01,        +2.417084500620e-01
 2.32420000e+00,        +7.071067811865e+00,        +1.411610413233e+01,        +2.407288912609e-01
 2.32440000e+00,        +7.071067811865e+00,        +1.411597789809e+01,        +2.397460910013e-01
 2.32460000e+00,        +7.071067811865e+00,        +1.411584965992e+01,        +2.387600141748e-01
 2.32480000e+00,        +7.071067811865e+00,        +1.411571938559e+01,        +2.377706252074e-01
 2.32500000e+00,        +7.071067811865e+00,        +1.411558704225e+01,        +2.367778880527e-01
 2.32520000e+00,        +7.071067811865e+00,        +1.411545259637e+01,        +2.357817661851e-01
 2.32540000e+00,        +7.071067811865e+00,        +1.411531601375e+01,        +2.347822225925e-01
 2.32560000e+00,        +7.071067811865e+00,        +1.411517725948e+01,        +2.337792197697e-01
 2.32580000e+00,        +7.071067811865e+00,        +1.411503629793e+01,        +2.327727197108e-01
 2.32600000e+00,        +7.071067811865e+00,        +1.411489309276e+01,        +2.317626839021e-01
 2.32620000e+00,        +7.071067811865e+00,        +1.411474760685e+01,        +2.307490733148e-01
 2.32640000e+00,        +7.071067811865e+00,        +1.411459980234e+01,        +2.297318483974e-01
 2.32660000e+00,        +7.071067811865e+00,        +1.411444964056e+01,        +2.287109690686e-01
 2.32680000e+00,        +7.071067811865e+00,        +1.411429708204e+01,        +2.276863947093e-01
 2.32700000e+00,        +7.071067811865e+00,        +1.411414208650e+01,        +2.266580841548e-01
 2.32720000e+00,        +7.071067811865e+00,        +1.411398461279e+01,        +2.256259956877e-01
 2.32740000e+00,        +7.071067811865e+00,        +1.411382461891e+01,        +2.245900870295e-01
 2.32760000e+00,        +7.071067811865e+00,        +1.411366206196e+01,        +2.235503153329e-01
 2.32780000e+00,        +7.071067811865e+00,        +1.411349689813e+01,        +2.225066371736e-01
 2.32800000e+00,        +7.071067811865e+00,        +1.411332908268e+01,        +2.214590085428e-01
 2.32820000e+00,        +7.071067811865e+00,        +1.411315856992e+01,        +2.204073848385e-01
 2.32840000e+00,        +7.071067811865e+00,        +1.411298531315e+01,        +2.193517208575e-01
 2.32860000e+00,        +7.071067811865e+00,        +1.411280926470e+01,        +2.182919707873e-01
 2.32880000e+00,        +7.071067811865e+00,        +1.411263037585e+01,        +2.172280881978e-01
 2.32900000e+00,        +7.071067811865e+00,        +1.411244859682e+01,        +2.161600260325e-01
 2.32920000e+00,        +7.071067811865e+00,        +1.411226387674e+01,        +2.150877366008e-01
 2.32940000e+00,        +7.071067811865e+00,        +1.411207616365e+01,        +2.140111715690e-01
 2.32960000e+00,        +7.071067811865e+00,        +1.411188540442e+01,        +2.129302819519e-01
 2.32980000e+00,        +7.071067811865e+00,        +1.411169154478e+01,        +2.118450181047e-01
 2.33000000e+00,        +7.071067811865e+00,        +1.411149452923e+01,        +2.107553297138e-01
 2.33020000e+00,        +7.071067811865e+00,        +1.411129430106e+01,        +2.096611657886e-01
 2.33040000e+00,        +7.071067811865e+00,        +1.411109080229e+01,        +2.085624746529e-01
 2.33060000e+00,        +7.071067811865e+00,        +1.411088397363e+01,        +2.074592039364e-01
 2.33080000e+00,        +7.071067811865e+00,        +1.411067375448e+01,        +2.063513005657e-01
 2.33100000e+00,        +7.071067811865e+00,        +1.411046008285e+01,        +2.052387107562e-01
 2.33120000e+00,        +7.071067811865e+00,        +1.411024289538e+01,        +2.041213800032e-01
 2.33140000e+00,        +7.071067811865e+00,        +1.411002212725e+01,        +2.029992530735e-01
 2.33160000e+00,        +7.071067811865e+00,        +1.410979771216e+01,        +2.018722739969e-01
 2.33180000e+00,        +7.071067811865e+00,        +1.410956958230e+01,        +2.007403860580e-01
 2.33200000e+00,        +7.071067811865e+00,        +1.410933766831e+01,        +1.996035317873e-01
 2.33220000e+00,        +7.071067811865e+00,        +1.410910189923e+01,        +1.984616529532e-01
 2.33240000e+00,        +7.071067811865e+00,        +1.410886220245e+01,        +1.973146905541e-01
 2.33260000e+00,        +7.071067811865e+00,        +1.410861850369e+01,        +1.961625848097e-01
 2.33280000e+00,        +7.071067811865e+00,        +1.410837072692e+01,        +1.950052751536e-01
 2.33300000e+00,        +7.071067811865e+00,        +1.410811879436e+01,        +1.938427002251e-01
 2.33320000e+00,        +7.071067811865e+00,        +1.410786262638e+01,        +1.926747978616e-01
 2.33340000e+00,        +7.071067811865e+00,        +1.410760214149e+01,        +1.915015050914e-01
 2.33360000e+00,        +7.071067811865e+00,        +1.410733725626e+01,        +1.903227581259e-01
 2.33380000e+00,        +7.071067811865e+00,        +1.410706788531e+01,        +1.891384923530e-01
 2.33400000e+00,        +7.071067811865e+00,        +1.410679394119e+01,        +1.879486423302e-01
 2.33420000e+00,        +7.071067811865e+00,        +1.410651533440e+01,        +1.867531417776e-01
 2.33440000e+00,        +7.071067811865e+00,        +1.410623197326e+01,        +1.855519235723e-01
 2.33460000e+00,        +7.071067811865e+00,        +1.410594376392e+01,        +1.843449197419e-01
 2.33480000e+00,        +7.071067811865e+00,        +1.410565061023e+01,        +1.831320614593e-01
 2.33500000e+00,        +7.071067811865e+00,        +1.410535241375e+01,        +1.819132790371e-01
 2.33520000e+00,        +7.071067811865e+00,        +1.410504907361e+01,        +1.806885019229e-01
 2.33540000e+00,        +7.071067811865e+00,        +1.410474048650e+01,        +1.794576586951e-01
 2.33560000e+00,        +7.071067811865e+00,        +1.410442654659e+01,        +1.782206770588e-01
 2.33580000e+00,        +7.071067811865e+00,        +1.410410714545e+01,        +1.769774838420e-01
 2.33600000e+00,        +7.071067811865e+00,        +1.410378217197e+01,        +1.757280049934e-01
 2.33620000e+00,        +7.071067811865e+00,        +1.410345151229e+01,        +1.744721655795e-01
 2.33640000e+00,        +7.071067811865e+00,        +1.410311504976e+01,        +1.732098897830e-01
 2.33660000e+00,        +7.071067811865e+00,        +1.410277266480e+01,        +1.719411009015e-01
 2.33680000e+00,        +7.071067811865e+00,        +1.410242423487e+01,        +1.706657213476e-01
 2.33700000e+00,        +7.071067811865e+00,        +1.410206963434e+01,        +1.693836726483e-01
 2.33720000e+00,        +7.071067811865e+00,        +1.410170873446e+01,        +1.680948754466e-01
 2.33740000e+00,        +7.071067811865e+00,        +1.410134140322e+01,        +1.667992495033e-01
 2.33760000e+00,        +7.071067811865e+00,        +1.410096750529e+01,        +1.654967136989e-01
 2.33780000e+00,        +7.071067811865e+00,        +1.410058690191e+01,        +1.641871860376e-01
 2.33800000e+00,        +7.071067811865e+00,        +1.410019945081e+01,        +1.628705836514e-01
 2.33820000e+00,        +7.071067811865e+00,        +1.409980500609e+01,        +1.615468228053e-01
 2.33840000e+00,        +7.071067811865e+00,        +1.409940341813e+01,        +1.602158189031e-01
 2.33860000e+00,        +7.071067811865e+00,        +1.409899453349e+01,        +1.588774864949e-01
 2.33880000e+00,        +7.071067811865e+00,        +1.409857819481e+01,        +1.575317392848e-01
 2.33900000e+00,        +7.071067811865e+00,        +1.409815424066e+01,        +1.561784901398e-01
 2.33920000e+00,        +7.071067811865e+00,        +1.409772250547e+01,        +1.548176511002e-01
 2.33940000e+00,        +7.071067811865e+00,        +1.409728281938e+01,        +1.534491333903e-01
 2.33960000e+00,        +7.071067811865e+00,        +1.409683500815e+01,        +1.520728474305e-01
 2.33980000e+00,        +7.071067811865e+00,        +1.409637889301e+01,        +1.506887028503e-01
 2.34000000e+00,        +7.071067811865e+00,        +1.409591429054e+01,        +1.492966085025e-01
 2.34020000e+00,        +7.071067811865e+00,        +1.409544101256e+01,        +1.478964724778e-01
 2.34040000e+00,        +7.071067811865e+00,        +1.409495886594e+01,        +1.464882021215e-01
 2.34060000e+00,        +7.071067811865e+00,        +1.409446765253e+01,        +1.450717040498e-01
 2.34080000e+00,        +7.071067811865e+00,        +1.409396716895e+01,        +1.436468841681e-01
 2.34100000e+00,        +7.071067811865e+00,        +1.409345720649e+01,        +1.422136476896e-01
 2.34120000e+00,        +7.071067811865e+00,        +1.409293755093e+01,        +1.407718991551e-01
 2.34140000e+00,        +7.071067811865e+00,        +1.409240798237e+01,        +1.393215424534e-01
 2.34160000e+00,        +7.071067811865e+00,        +1.409186827512e+01,        +1.378624808429e-01
 2.34180000e+00,        +7.071067811865e+00,        +1.409131819746e+01,        +1.363946169737e-01
 2.34200000e+00,        +7.071067811865e+00,        +1.409075751150e+01,        +1.349178529107e-01
 2.34220000e+00,        +7.071067811865e+00,        +1.409018597299e+01,        +1.334320901579e-01
 2.34240000e+00,        +7.071067811865e+00,        +1.408960333111e+01,        +1.319372296828e-01
 2.34260000e+00,        +7.071067811865e+00,        +1.408900932832e+01,        +1.304331719431e-01
 2.34280000e+00,        +7.071067811865e+00,        +1.408840370007e+01,        +1.289198169134e-01
 2.34300000e+00,        +7.071067811865e+00,        +1.408778617466e+01,        +1.273970641147e-01
 2.34320000e+00,        +7.071067811865e+00,        +1.408715647296e+01,        +1.258648126440e-01
 2.34340000e+00,        +7.071067811865e+00,        +1.408651430818e+01,        +1.243229612080e-01
 2.34360000e+00,        +7.071067811865e+00,        +1.408585938563e+01,        +1.227714081573e-01
 2.34380000e+00,        +7.071067811865e+00,        +1.408519140245e+01,        +1.212100515257e-01
 2.34400000e+00,        +7.071067811865e+00,        +1.408451004730e+01,        +1.196387890723e-01
 2.34420000e+00,        +7.071067811865e+00,        +1.408381500012e+01,        +1.180575183285e-01
 2.34440000e+00,        +7.071067811865e+00,        +1.408310593176e+01,        +1.164661366515e-01
 2.34460000e+00,        +7.071067811865e+00,        +1.408238250368e+01,        +1.148645412836e-01
 2.34480000e+00,        +7.071067811865e+00,        +1.408164436762e+01,        +1.132526294213e-01
 2.34500000e+00,        +7.071067811865e+00,        +1.408089116519e+01,        +1.116302982927e-01
 2.34520000e+00,        +7.071067811865e+00,        +1.408012252754e+01,        +1.099974452477e-01
 2.34540000e+00,        +7.071067811865e+00,        +1.407933807490e+01,        +1.083539678605e-01
 2.34560000e+00,        +7.071067811865e+00,        +1.407853741619e+01,        +1.066997640486e-01
 2.34580000e+00,        +7.071067811865e+00,        +1.407772014855e+01,        +1.050347322080e-01
 2.34600000e+00,        +7.071067811865e+00,        +1.407688585691e+01,        +1.033587713690e-01
 2.34620000e+00,        +7.071067811865e+00,        +1.407603411347e+01,        +1.016717813731e-01
 2.34640000e+00,        +7.071067811865e+00,        +1.407516447718e+01,        +9.997366307492e-02
 2.34660000e+00,        +7.071067811865e+00,        +1.407427649326e+01,        +9.826431857002e-02
 2.34680000e+00,        +7.071067811865e+00,        +1.407336969261e+01,        +9.654365145117e-02
 2.34700000e+00,        +7.071067811865e+00,        +1.407244359127e+01,        +9.481156709577e-02
 2.34720000e+00,        +7.071067811865e+00,        +1.407149768985e+01,        +9.306797298539e-02
 2.34740000e+00,        +7.071067811865e+00,        +1.407053147289e+01,        +9.131277905977e-02
 2.34760000e+00,        +7.071067811865e+00,        +1.406954440831e+01,        +8.954589810625e-02
 2.34780000e+00,        +7.071067811865e+00,        +1.406853594678e+01,        +8.776724618619e-02
 2.34800000e+00,        +7.071067811865e+00,        +1.406750552105e+01,        +8.597674309882e-02
 2.34820000e+00,        +7.071067811865e+00,        +1.406645254537e+01,        +8.417431288355e-02
 2.34840000e+00,        +7.071067811865e+00,        +1.406537641485e+01,        +8.235988436074e-02
 2.34860000e+00,        +7.071067811865e+00,        +1.406427650477e+01,        +8.053339171120e-02
 2.34880000e+00,        +7.071067811865e+00,        +1.406315216998e+01,        +7.869477509444e-02
 2.34900000e+00,        +7.071067811865e+00,        +1.406200274423e+01,        +7.684398130543e-02
 2.34920000e+00,        +7.071067811865e+00,        +1.406082753951e+01,        +7.498096446965e-02
 2.34940000e+00,        +7.071067811865e+00,        +1.405962584542e+01,        +7.310568677661e-02
 2.34960000e+00,        +7.071067811865e+00,        +1.405839692850e+01,        +7.121811925161e-02
 2.34980000e+00,        +7.071067811865e+00,        +1.405714003157e+01,        +6.931824256624e-02
 2.35000000e+00,        +7.071067811865e+00,        +1.405585437304e+01,        +6.740604788827e-02
 2.35020000e+00,        +7.071067811865e+00,        +1.405453914631e+01,        +6.548153777201e-02
 2.35040000e+00,        +7.071067811865e+00,        +1.405319351899e+01,        +6.354472709062e-02
 2.35060000e+00,        +7.071067811865e+00,        +1.405181663231e+01,        +6.159564401256e-02
 2.35080000e+00,        +7.071067811865e+00,        +1.405040760036e+01,        +5.963433102492e-02
 2.35100000e+00,        +7.071067811865e+00,        +1.404896550942e+01,        +5.766084600661e-02
 2.35120000e+00,        +7.071067811865e+00,        +1.404748941720e+01,        +5.567526335564e-02
 2.35140000e+00,        +7.071067811865e+00,        +1.404597835213e+01,        +5.367767517465e-02
 2.35160000e+00,        +7.071067811865e+00,        +1.404443131259e+01,        +5.166819251983e-02
 2.35180000e+00,        +7.071067811865e+00,        +1.404284726616e+01,        +4.964694671878e-02
 2.35200000e+00,        +7.071067811865e+00,        +1.404122514881e+01,        +4.761409076323e-02
 2.35220000e+00,        +7.071067811865e+00,        +1.403956386413e+01,        +4.556980078339e-02
 2.35240000e+00,        +7.071067811865e+00,        +1.403786228249e+01,        +4.351427761050e-02
 2.35260000e+00,        +7.071067811865e+00,        +1.403611924022e+01,        +4.144774843522e-02
 2.35280000e+00,        +7.071067811865e+00,        +1.403433353879e+01,        +3.937046856924e-02
 2.35300000e+00,        +7.071067811865e+00,        +1.403250394394e+01,        +3.728272331823e-02
 2.35320000e+00,        +7.071067811865e+00,        +1.403062918485e+01,        +3.518482997427e-02
 2.35340000e+00,        +7.071067811865e+00,        +1.402870795327e+01,        +3.307713993626e-02
 2.35360000e+00,        +7.071067811865e+00,        +1.402673890270e+01,        +3.096004096712e-02
 2.35380000e+00,        +7.071067811865e+00,        +1.402472064756e+01,        +2.883395959661e-02
 2.35400000e+00,        +7.071067811865e+00,        +1.402265176235e+01,        +2.669936367911e-02
 2.35420000e+00,        +7.071067811865e+00,        +1.402053078090e+01,        +2.455676511570e-02
 2.35440000e+00,        +7.071067811865e+00,        +1.401835619557e+01,        +2.240672275017e-02
 2.35460000e+00,        +7.071067811865e+00,        +1.401612645656e+01,        +2.024984544894e-02
 2.35480000e+00,        +7.071067811865e+00,        +1.401383997125e+01,        +1.808679537476e-02
 2.35500000e+00,        +7.071067811865e+00,        +1.401149510361e+01,        +1.591829146471e-02
 2.35520000e+00,        +7.071067811865e+00,        +1.400909017365e+01,        +1.374511312273e-02
 2.35540000e+00,        +7.071067811865e+00,        +1.400662345700e+01,        +1.156810413757e-02
 2.35560000e+00,        +7.071067811865e+00,        +1.400409318461e+01,        +9.388176836715e-03
 2.35580000e+00,        +7.071067811865e+00,        +1.400149754248e+01,        +7.206316487366e-03
 2.35600000e+00,        +7.071067811865e+00,        +1.399883467164e+01,        +5.023585955231e-03
 2.35620000e+00,        +7.071067811865e+00,        +1.399610266824e+01,        +2.841130632189e-03
 2.35640000e+00,        +7.071067811865e+00,        +1.399329958379e+01,        +6.601836435458e-04
 2.35660000e+00,        +7.071067811865e+00,        +1.399042342565e+01,        -1.517928654507e-03
 2.35680000e+00,        +7.071067811865e+00,        +1.398747215772e+01,        -3.691780877000e-03
 2.35700000e+00,        +7.071067811865e+00,        +1.398444370146e+01,        -5.859842502067e-03
 2.35720000e+00,        +7.071067811865e+00,        +1.398133593705e+01,        -8.020471443607e-03
 2.35740000e+00,        +7.071067811865e+00,        +1.397814670505e+01,        -1.017190729638e-02
 2.35760000e+00,        +7.071067811865e+00,        +1.397487380832e+01,        -1.231226424666e-02
 2.35780000e+00,        +7.071067811865e+00,        +1.397151501433e+01,        -1.443952364261e-02
 2.35800000e+00,        +7.071067811865e+00,        +1.396806805799e+01,        -1.655152622075e-02
 2.35820000e+00,        +7.071067811865e+00,        +1.396453064492e+01,        -1.864596398643e-02
 2.35840000e+00,        +7.071067811865e+00,        +1.396090045530e+01,        -2.072037174938e-02
 2.35860000e+00,        +7.071067811865e+00,        +1.395717514824e+01,        -2.277211831793e-02
 2.35880000e+00,        +7.071067811865e+00,        +1.395335236697e+01,        -2.479839735954e-02
 2.35900000e+00,        +7.071067811865e+00,        +1.394942974457e+01,        -2.679621793916e-02
 2.35920000e+00,        +7.071067811865e+00,        +1.394540491065e+01,        -2.876239475190e-02
 2.35940000e+00,        +7.071067811865e+00,        +1.394127549879e+01,        -3.069353807234e-02
 2.35960000e+00,        +7.071067811865e+00,        +1.393703915500e+01,        -3.258604344921e-02
 2.35980000e+00,        +7.071067811865e+00,        +1.393269354714e+01,        -3.443608118153e-02
 2.36000000e+00,        +7.071067811865e+00,        +1.392823637556e+01,        -3.623958562109e-02
 2.36020000e+00,        +7.071067811865e+00,        +1.392366538480e+01,        -3.799224435567e-02
 2.36040000e+00,        +7.071067811865e+00,        +1.391897837674e+01,        -3.968948733803e-02
 2.36060000e+00,        +7.071067811865e+00,        +1.391417322504e+01,        -4.132647603833e-02
 2.36080000e+00,        +7.071067811865e+00,        +1.390924789114e+01,        -4.289809271098e-02
 2.36100000e+00,        +7.071067811865e+00,        +1.390420044185e+01,        -4.439892988194e-02
 2.36120000e+00,        +7.071067811865e+00,        +1.389902906861e+01,        -4.582328017937e-02
 2.36140000e+00,        +7.071067811865e+00,        +1.389373210864e+01,        -4.716512664877e-02
 2.36160000e+00,        +7.071067811865e+00,        +1.388830806787e+01,        -4.841813371331e-02
 2.36180000e+00,        +7.071067811865e+00,        +1.388275564601e+01,        -4.957563896234e-02
 2.36200000e+00,        +7.071067811865e+00,        +1.387707376360e+01,        -5.063064597340e-02
 2.36220000e+00,        +7.071067811865e+00,        +1.387126159128e+01,        -5.157581839839e-02
 2.36240000e+00,        +7.071067811865e+00,        +1.386531858127e+01,        -5.240347557030e-02
 2.36260000e+00,        +7.071067811865e+00,        +1.385924450113e+01,        -5.310558991420e-02
 2.36280000e+00,        +7.071067811865e+00,        +1.385303946981e+01,        -5.367378647397e-02
 2.36300000e+00,        +7.071067811865e+00,        +1.384670399604e+01,        -5.409934489522e-02
 2.36320000e+00,        +7.071067811865e+00,        +1.384023901891e+01,        -5.437320423233e-02
 2.36340000e+00,        +7.071067811865e+00,        +1.383364595072e+01,        -5.448597097587e-02
 2.36360000e+00,        +7.071067811865e+00,        +1.382692672185e+01,        -5.442793072186e-02
 2.36380000e+00,        +7.071067811865e+00,        +1.382008382761e+01,        -5.418906392809e-02
 2.36400000e+00,        +7.071067811865e+00,        +1.381312037667e+01,        -5.375906622176e-02
 2.36420000e+00,        +7.071067811865e+00,        +1.380604014098e+01,        -5.312737373729e-02
 2.36440000e+00,        +7.071067811865e+00,        +1.379884760665e+01,        -5.228319397090e-02
 2.36460000e+00,        +7.071067811865e+00,        +1.379154802539e+01,        -5.121554263742e-02
 2.36480000e+00,        +7.071067811865e+00,        +1.378414746604e+01,        -4.991328700400e-02
 2.36500000e+00,        +7.071067811865e+00,        +1.377665286544e+01,        -4.836519615188e-02
 2.36520000e+00,        +7.071067811865e+00,        +1.376907207794e+01,        -4.655999857923e-02
 2.36540000e+00,        +7.071067811865e+00,        +1.376141392276e+01,        -4.448644750339e-02
 2.36560000e+00,        +7.071067811865e+00,        +1.375368822816e+01,        -4.213339414737e-02
 2.36580000e+00,        +7.071067811865e+00,        +1.374590587144e+01,        -3.948986920032e-02
 2.36600000e+00,        +7.071067811865e+00,        +1.373807881356e+01,        -3.654517252520e-02
 2.36620000e+00,        +7.071067811865e+00,        +1.373022012712e+01,        -3.328897104436e-02
 2.36640000e+00,        +7.071067811865e+00,        +1.372234401646e+01,        -2.971140456847e-02
 2.36660000e+00,        +7.071067811865e+00,        +1.371446582828e+01,        -2.580319914185e-02
 2.36680000e+00,        +7.071067811865e+00,        +1.370660205160e+01,        -2.155578726282e-02
 2.36700000e+00,        +7.071067811865e+00,        +1.369877030542e+01,        -1.696143409943e-02
 2.36720000e+00,        +7.071067811865e+00,        +1.369098931278e+01,        -1.201336856555e-02
 2.36740000e+00,        +7.071067811865e+00,        +1.368327885972e+01,        -6.705917851765e-03
 2.36760000e+00,        +7.071067811865e+00,        +1.367565973819e+01,        -1.034643729279e-03
 2.36780000e+00,        +7.071067811865e+00,        +1.366815367150e+01,        +5.003521332261e-03
 2.36800000e+00,        +7.071067811865e+00,        +1.366078322178e+01,        +1.141014045698e-02
 2.36820000e+00,        +7.071067811865e+00,        +1.365357167872e+01,        +1.818514353347e-02
 2.36840000e+00,        +7.071067811865e+00,        +1.364654292947e+01,        +2.532670594232e-02
 2.36860000e+00,        +7.071067811865e+00,        +1.363972130989e+01,        +3.283113768094e-02
 2.36880000e+00,        +7.071067811865e+00,        +1.363313143776e+01,        +4.069278582906e-02
 2.36900000e+00,        +7.071067811865e+00,        +1.362679802906e+01,        +4.890395332582e-02
 2.36920000e+00,        +7.071067811865e+00,        +1.362074569908e+01,        +5.745483697393e-02
 2.36940000e+00,        +7.071067811865e+00,        +1.361499875045e+01,        +6.633348743379e-02
 2.36960000e+00,        +7.071067811865e+00,        +1.360958095066e+01,        +7.552579371962e-02
 2.36980000e+00,        +7.071067811865e+00,        +1.360451530260e+01,        +8.501549435218e-02
 2.37000000e+00,        +7.071067811865e+00,        +1.359982381131e+01,        +9.478421686508e-02
 2.37020000e+00,        +7.071067811865e+00,        +1.359552725131e+01,        +1.048115468082e-01
 2.37040000e+00,        +7.071067811865e+00,        +1.359164493858e+01,        +1.150751267558e-01
 2.37060000e+00,        +7.071067811865e+00,        +1.358819451169e+01,        +1.255507851256e-01
 2.37080000e+00,        +7.071067811865e+00,        +1.358519172655e+01,        +1.362126938709e-01
 2.37100000e+00,        +7.071067811865e+00,        +1.358265026916e+01,        +1.470335533468e-01
 2.37120000e+00,        +7.071067811865e+00,        +1.358058159045e+01,        +1.579848019053e-01
 2.37140000e+00,        +7.071067811865e+00,        +1.357899476704e+01,        +1.690368470651e-01
 2.37160000e+00,        +7.071067811865e+00,        +1.357789639096e+01,        +1.801593144761e-01
 2.37180000e+00,        +7.071067811865e+00,        +1.357729049106e+01,        +1.913213103614e-01
 2.37200000e+00,        +7.071067811865e+00,        +1.357717848779e+01,        +2.024916927201e-01
 2.37220000e+00,        +7.071067811865e+00,        +1.357755918246e+01,        +2.136393463101e-01
 2.37240000e+00,        +7.071067811865e+00,        +1.357842878113e+01,        +2.247334563243e-01
 2.37260000e+00,        +7.071067811865e+00,        +1.357978095238e+01,        +2.357437757315e-01
 2.37280000e+00,        +7.071067811865e+00,        +1.358160691752e+01,        +2.466408814646e-01
 2.37300000e+00,        +7.071067811865e+00,        +1.358389557098e+01,        +2.573964149978e-01
 2.37320000e+00,        +7.071067811865e+00,        +1.358663362786e+01,        +2.679833033480e-01
 2.37340000e+00,        +7.071067811865e+00,        +1.358980579524e+01,        +2.783759571262e-01
 2.37360000e+00,        +7.071067811865e+00,        +1.359339496329e+01,        +2.885504429464e-01
 2.37380000e+00,        +7.071067811865e+00,        +1.359738241189e+01,        +2.984846282214e-01
 2.37400000e+00,        +7.071067811865e+00,        +1.360174802853e+01,        +3.081582971226e-01
 2.37420000e+00,        +7.071067811865e+00,        +1.360647053300e+01,        +3.175532372203e-01
 2.37440000e+00,        +7.071067811865e+00,        +1.361152770467e+01,        +3.266532970193e-01
 2.37460000e+00,        +7.071067811865e+00,        +1.361689660830e+01,        +3.354444152511e-01
 2.37480000e+00,        +7.071067811865e+00,        +1.362255381477e+01,        +3.439146233511e-01
 2.37500000e+00,        +7.071067811865e+00,        +1.362847561333e+01,        +3.520540230259e-01
 2.37520000e+00,        +7.071067811865e+00,        +1.363463821263e+01,        +3.598547411981e-01
 2.37540000e+00,        +7.071067811865e+00,        +1.364101792826e+01,        +3.673108648950e-01
 2.37560000e+00,        +7.071067811865e+00,        +1.364759135478e+01,        +3.744183588297e-01
 2.37580000e+00,        +7.071067811865e+00,        +1.365433552121e+01,        +3.811749685104e-01
 2.37600000e+00,        +7.071067811865e+00,        +1.366122802886e+01,        +3.875801117193e-01
 2.37620000e+00,        +7.071067811865e+00,        +1.366824717132e+01,        +3.936347611279e-01
 2.37640000e+00,        +7.071067811865e+00,        +1.367537203649e+01,        +3.993413206872e-01
 2.37660000e+00,        +7.071067811865e+00,        +1.368258259110e+01,        +4.047034982448e-01
 2.37680000e+00,        +7.071067811865e+00,        +1.368985974821e+01,        +4.097261766244e-01
 2.37700000e+00,        +7.071067811865e+00,        +1.369718541887e+01,        +4.144152851598e-01
 2.37720000e+00,        +7.071067811865e+00,        +1.370454254863e+01,        +4.187776734143e-01
 2.37740000e+00,        +7.071067811865e+00,        +1.371191514049e+01,        +4.228209885607e-01
 2.37760000e+00,        +7.071067811865e+00,        +1.371928826532e+01,        +4.265535576324e-01
 2.37780000e+00,        +7.071067811865e+00,        +1.372664806116e+01,        +4.299842756149e-01
 2.37800000e+00,        +7.071067811865e+00,        +1.373398172289e+01,        +4.331225001120e-01
 2.37820000e+00,        +7.071067811865e+00,        +1.374127748335e+01,        +4.359779531102e-01
 2.37840000e+00,        +7.071067811865e+00,        +1.374852458737e+01,        +4.385606301736e-01
 2.37860000e+00,        +7.071067811865e+00,        +1.375571325992e+01,        +4.408807172364e-01
 2.37880000e+00,        +7.071067811865e+00,        +1.376283466943e+01,        +4.429485150118e-01
 2.37900000e+00,        +7.071067811865e+00,        +1.376988088732e+01,        +4.447743709197e-01
 2.37920000e+00,        +7.071067811865e+00,        +1.377684484484e+01,        +4.463686183307e-01
 2.37940000e+00,        +7.071067811865e+00,        +1.378372028787e+01,        +4.477415228484e-01
 2.37960000e+00,        +7.071067811865e+00,        +1.379050173060e+01,        +4.489032352885e-01
 2.37980000e+00,        +7.071067811865e+00,        +1.379718440858e+01,        +4.498637509687e-01
 2.38000000e+00,        +7.071067811865e+00,        +1.380376423191e+01,        +4.506328748946e-01
 2.38020000e+00,        +7.071067811865e+00,        +1.381023773884e+01,        +4.512201924059e-01
 2.38040000e+00,        +7.071067811865e+00,        +1.381660205036e+01,        +4.516350448443e-01
 2.38060000e+00,        +7.071067811865e+00,        +1.382285482592e+01,        +4.518865098005e-01
 2.38080000e+00,        +7.071067811865e+00,        +1.382899422074e+01,        +4.519833855108e-01
 2.38100000e+00,        +7.071067811865e+00,        +1.383501884476e+01,        +4.519341789861e-01
 2.38120000e+00,        +7.071067811865e+00,        +1.384092772348e+01,        +4.517470974722e-01
 2.38140000e+00,        +7.071067811865e+00,        +1.384672026062e+01,        +4.514300428661e-01
 2.38160000e+00,        +7.071067811865e+00,        +1.385239620300e+01,        +4.509906087314e-01
 2.38180000e+00,        +7.071067811865e+00,        +1.385795560727e+01,        +4.504360795853e-01
 2.38200000e+00,        +7.071067811865e+00,        +1.386339880879e+01,        +4.497734321508e-01
 2.38220000e+00,        +7.071067811865e+00,        +1.386872639249e+01,        +4.490093382956e-01
 2.38240000e+00,        +7.071067811865e+00,        +1.387393916577e+01,        +4.481501694033e-01
 2.38260000e+00,        +7.071067811865e+00,        +1.387903813329e+01,        +4.472020019463e-01
 2.38280000e+00,        +7.071067811865e+00,        +1.388402447363e+01,        +4.461706240524e-01
 2.38300000e+00,        +7.071067811865e+00,        +1.388889951773e+01,        +4.450615428799e-01
 2.38320000e+00,        +7.071067811865e+00,        +1.389366472913e+01,        +4.438799926365e-01
 2.38340000e+00,        +7.071067811865e+00,        +1.389832168569e+01,        +4.426309430942e-01
 2.38360000e+00,        +7.071067811865e+00,        +1.390287206298e+01,        +4.413191084733e-01
 2.38380000e+00,        +7.071067811865e+00,        +1.390731761904e+01,        +4.399489565817e-01
 2.38400000e+00,        +7.071067811865e+00,        +1.391166018052e+01,        +4.385247181129e-01
 2.38420000e+00,        +7.071067811865e+00,        +1.391590163010e+01,        +4.370503960170e-01
 2.38440000e+00,        +7.071067811865e+00,        +1.392004389510e+01,        +4.355297748746e-01
 2.38460000e+00,        +7.071067811865e+00,        +1.392408893715e+01,        +4.339664302094e-01
 2.38480000e+00,        +7.071067811865e+00,        +1.392803874294e+01,        +4.323637376909e-01
 2.38500000e+00,        +7.071067811865e+00,        +1.393189531587e+01,        +4.307248821817e-01
 2.38520000e+00,        +7.071067811865e+00,        +1.393566066860e+01,        +4.290528665956e-01
 2.38540000e+00,        +7.071067811865e+00,        +1.393933681638e+01,        +4.273505205378e-01
 2.38560000e+00,        +7.071067811865e+00,        +1.394292577115e+01,        +4.256205087034e-01
 2.38580000e+00,        +7.071067811865e+00,        +1.394642953627e+01,        +4.238653390187e-01
 2.38600000e+00,        +7.071067811865e+00,        +1.394985010193e+01,        +4.220873705106e-01
 2.38620000e+00,        +7.071067811865e+00,        +1.395318944106e+01,        +4.202888208962e-01
 2.38640000e+00,        +7.071067811865e+00,        +1.395644950578e+01,        +4.184717738865e-01
 2.38660000e+00,        +7.071067811865e+00,        +1.395963222438e+01,        +4.166381862011e-01
 2.38680000e+00,        +7.071067811865e+00,        +1.396273949858e+01,        +4.147898942943e-01
 2.38700000e+00,        +7.071067811865e+00,        +1.396577320136e+01,        +4.129286207940e-01
 2.38720000e+00,        +7.071067811865e+00,        +1.396873517498e+01,        +4.110559806557e-01
 2.38740000e+00,        +7.071067811865e+00,        +1.397162722940e+01,        +4.091734870379e-01
 2.38760000e+00,        +7.071067811865e+00,        +1.397445114095e+01,        +4.072825569045e-01
 2.38780000e+00,        +7.071067811865e+00,        +1.397720865131e+01,        +4.053845163599e-01
 2.38800000e+00,        +7.071067811865e+00,        +1.397990146662e+01,        +4.034806057259e-01
 2.38820000e+00,        +7.071067811865e+00,        +1.398253125688e+01,        +4.015719843671e-01
 2.38840000e+00,        +7.071067811865e+00,        +1.398509965550e+01,        +3.996597352748e-01
 2.38860000e+00,        +7.071067811865e+00,        +1.398760825903e+01,        +3.977448694166e-01
 2.38880000e+00,        +7.071067811865e+00,        +1.399005862700e+01,        +3.958283298620e-01
 2.38900000e+00,        +7.071067811865e+00,        +1.399245228191e+01,        +3.939109956920e-01
 2.38920000e+00,        +7.071067811865e+00,        +1.399479070935e+01,        +3.919936857028e-01
 2.38940000e+00,        +7.071067811865e+00,        +1.399707535817e+01,        +3.900771619109e-01
 2.38960000e+00,        +7.071067811865e+00,        +1.399930764081e+01,        +3.881621328707e-01
 2.38980000e+00,        +7.071067811865e+00,        +1.400148893362e+01,        +3.862492568110e-01
 2.39000000e+00,        +7.071067811865e+00,        +1.400362057731e+01,        +3.843391446007e-01
 2.39020000e+00,        +7.071067811865e+00,        +1.400570387745e+01,        +3.824323625509e-01
 2.39040000e+00,        +7.071067811865e+00,        +1.400774010494e+01,        +3.805294350613e-01
 2.39060000e+00,        +7.071067811865e+00,        +1.400973049666e+01,        +3.786308471198e-01
 2.39080000e+00,        +7.071067811865e+00,        +1.401167625602e+01,        +3.767370466618e-01
 2.39100000e+00,        +7.071067811865e+00,        +1.401357855362e+01,        +3.748484467964e-01
 2.39120000e+00,        +7.071067811865e+00,        +1.401543852789e+01,        +3.729654279065e-01
 2.39140000e+00,        +7.071067811865e+00,        +1.401725728577e+01,        +3.710883396306e-01
 2.39160000e+00,        +7.071067811865e+00,        +1.401903590342e+01,        +3.692175027305e-01
 2.39180000e+00,        +7.071067811865e+00,        +1.402077542685e+01,        +3.673532108525e-01
 2.39200000e+00,        +7.071067811865e+00,        +1.402247687270e+01,        +3.654957321881e-01
 2.39220000e+00,        +7.071067811865e+00,        +1.402414122890e+01,        +3.636453110378e-01
 2.39240000e+00,        +7.071067811865e+00,        +1.402576945539e+01,        +3.618021692862e-01
 2.39260000e+00,        +7.071067811865e+00,        +1.402736248480e+01,        +3.599665077901e-01
 2.39280000e+00,        +7.071067811865e+00,        +1.402892122319e+01,        +3.581385076873e-01
 2.39300000e+00,        +7.071067811865e+00,        +1.403044655073e+01,        +3.563183316289e-01
 2.39320000e+00,        +7.071067811865e+00,        +1.403193932236e+01,        +3.545061249391e-01
 2.39340000e+00,        +7.071067811865e+00,        +1.403340036851e+01,        +3.527020167087e-01
 2.39360000e+00,        +7.071067811865e+00,        +1.403483049574e+01,        +3.509061208230e-01
 2.39380000e+00,        +7.071067811865e+00,        +1.403623048744e+01,        +3.491185369305e-01
 2.39400000e+00,        +7.071067811865e+00,        +1.403760110440e+01,        +3.473393513546e-01
 2.39420000e+00,        +7.071067811865e+00,        +1.403894308553e+01,        +3.455686379514e-01
 2.39440000e+00,        +7.071067811865e+00,        +1.404025714845e+01,        +3.438064589170e-01
 2.39460000e+00,        +7.071067811865e+00,        +1.404154399009e+01,        +3.420528655473e-01
 2.39480000e+00,        +7.071067811865e+00,        +1.404280428729e+01,        +3.403078989527e-01
 2.39500000e+00,        +7.071067811865e+00,        +1.404403869740e+01,        +3.385715907309e-01
 2.39520000e+00,        +7.071067811865e+00,        +1.404524785884e+01,        +3.368439635995e-01
 2.39540000e+00,        +7.071067811865e+00,        +1.404643239166e+01,        +3.351250319907e-01
 2.39560000e+00,        +7.071067811865e+00,        +1.404759289807e+01,        +3.334148026117e-01
 2.39580000e+00,        +7.071067811865e+00,        +1.404872996299e+01,        +3.317132749704e-01
 2.39600000e+00,        +7.071067811865e+00,        +1.404984415455e+01,        +3.300204418708e-01
 2.39620000e+00,        +7.071067811865e+00,        +1.405093602457e+01,        +3.283362898783e-01
 2.39640000e+00,        +7.071067811865e+00,        +1.405200610912e+01,        +3.266607997572e-01
 2.39660000e+00,        +7.071067811865e+00,        +1.405305492889e+01,        +3.249939468820e-01
 2.39680000e+00,        +7.071067811865e+00,        +1.405408298974e+01,        +3.233357016239e-01
 2.39700000e+00,        +7.071067811865e+00,        +1.405509078310e+01,        +3.216860297143e-01
 2.39720000e+00,        +7.071067811865e+00,        +1.405607878642e+01,        +3.200448925863e-01
 2.39740000e+00,        +7.071067811865e+00,        +1.405704746359e+01,        +3.184122476949e-01
 2.39760000e+00,        +7.071067811865e+00,        +1.405799726533e+01,        +3.167880488192e-01
 2.39780000e+00,        +7.071067811865e+00,        +1.405892862962e+01,        +3.151722463445e-01
 2.39800000e+00,        +7.071067811865e+00,        +1.405984198206e+01,        +3.135647875287e-01
 2.39820000e+00,        +7.071067811865e+00,        +1.406073773627e+01,        +3.119656167517e-01
 2.39840000e+00,        +7.071067811865e+00,        +1.406161629420e+01,        +3.103746757497e-01
 2.39860000e+00,        +7.071067811865e+00,        +1.406247804655e+01,        +3.087919038350e-01
 2.39880000e+00,        +7.071067811865e+00,        +1.406332337306e+01,        +3.072172381022e-01
 2.39900000e+00,        +7.071067811865e+00,        +1.406415264284e+01,        +3.056506136222e-01
 2.39920000e+00,        +7.071067811865e+00,        +1.406496621472e+01,        +3.040919636232e-01
 2.39940000e+00,        +7.071067811865e+00,        +1.406576443754e+01,        +3.025412196615e-01
 2.39960000e+00,        +7.071067811865e+00,        +1.406654765046e+01,        +3.009983117806e-01
 2.39980000e+00,        +7.071067811865e+00,        +1.406731618321e+01,        +2.994631686609e-01
 2.40000000e+00,        +7.071067811865e+00,        +1.406807035644e+01,        +2.979357177600e-01
 2.40020000e+00,        +7.071067811865e+00,        +1.406881048193e+01,        +2.964158854437e-01
 2.40040000e+00,        +7.071067811865e+00,        +1.406953686288e+01,        +2.949035971086e-01
 2.40060000e+00,        +7.071067811865e+00,        +1.407024979417e+01,        +2.933987772978e-01
 2.40080000e+00,        +7.071067811865e+00,        +1.407094956259e+01,        +2.919013498074e-01
 2.40100000e+00,        +7.071067811865e+00,        +1.407163644709e+01,        +2.904112377879e-01
 2.40120000e+00,        +7.071067811865e+00,        +1.407231071901e+01,        +2.889283638375e-01
 2.40140000e+00,        +7.071067811865e+00,        +1.407297264228e+01,        +2.874526500904e-01
 2.40160000e+00,        +7.071067811865e+00,        +1.407362247370e+01,        +2.859840182981e-01
 2.40180000e+00,        +7.071067811865e+00,        +1.407426046307e+01,        +2.845223899064e-01
 2.40200000e+00,        +7.071067811865e+00,        +1.407488685344e+01,        +2.830676861263e-01
 2.40220000e+00,        +7.071067811865e+00,        +1.407550188129e+01,        +2.816198280004e-01
 2.40240000e+00,        +7.071067811865e+00,        +1.407610577674e+01,        +2.801787364646e-01
 2.40260000e+00,        +7.071067811865e+00,        +1.407669876371e+01,        +2.787443324061e-01
 2.40280000e+00,        +7.071067811865e+00,        +1.407728106009e+01,        +2.773165367160e-01
 2.40300000e+00,        +7.071067811865e+00,        +1.407785287796e+01,        +2.758952703396e-01
 2.40320000e+00,        +7.071067811865e+00,        +1.407841442370e+01,        +2.744804543220e-01
 2.40340000e+00,        +7.071067811865e+00,        +1.407896589817e+01,        +2.730720098509e-01
 2.40360000e+00,        +7.071067811865e+00,        +1.407950749689e+01,        +2.716698582960e-01
 2.40380000e+00,        +7.071067811865e+00,        +1.408003941016e+01,        +2.702739212454e-01
 2.40400000e+00,        +7.071067811865e+00,        +1.408056182322e+01,        +2.688841205391e-01
 2.40420000e+00,        +7.071067811865e+00,        +1.408107491638e+01,        +2.675003783004e-01
 2.40440000e+00,        +7.071067811865e+00,        +1.408157886518e+01,        +2.661226169639e-01
 2.40460000e+00,        +7.071067811865e+00,        +1.408207384049e+01,        +2.647507593019e-01
 2.40480000e+00,        +7.071067811865e+00,        +1.408256000865e+01,        +2.633847284483e-01
 2.40500000e+00,        +7.071067811865e+00,        +1.408303753162e+01,        +2.620244479203e-01
 2.40520000e+00,        +7.071067811865e+00,        +1.408350656706e+01,        +2.606698416385e-01
 2.40540000e+00,        +7.071067811865e+00,        +1.408396726846e+01,        +2.593208339452e-01
 2.40560000e+00,        +7.071067811865e+00,        +1.408441978526e+01,        +2.579773496201e-01
 2.40580000e+00,        +7.071067811865e+00,        +1.408486426295e+01,        +2.566393138958e-01
 2.40600000e+00,        +7.071067811865e+00,        +1.408530084319e+01,        +2.553066524704e-01
 2.40620000e+00,        +7.071067811865e+00,        +1.408572966388e+01,        +2.539792915200e-01
 2.40640000e+00,        +7.071067811865e+00,        +1.408615085928e+01,        +2.526571577083e-01
 2.40660000e+00,        +7.071067811865e+00,        +1.408656456010e+01,        +2.513401781968e-01
 2.40680000e+00,        +7.071067811865e+00,        +1.408697089362e+01,        +2.500282806522e-01
 2.40700000e+00,        +7.071067811865e+00,        +1.408736998371e+01,        +2.487213932533e-01
 2.40720000e+00,        +7.071067811865e+00,        +1.408776195099e+01,        +2.474194446975e-01
 2.40740000e+00,        +7.071067811865e+00,        +1.408814691287e+01,        +2.461223642052e-01
 2.40760000e+00,        +7.071067811865e+00,        +1.408852498363e+01,        +2.448300815240e-01
 2.40780000e+00,        +7.071067811865e+00,        +1.408889627453e+01,        +2.435425269320e-01
 2.40800000e+00,        +7.071067811865e+00,        +1.408926089385e+01,        +2.422596312400e-01
 2.40820000e+00,        +7.071067811865e+00,        +1.408961894699e+01,        +2.409813257934e-01
 2.40840000e+00,        +7.071067811865e+00,        +1.408997053650e+01,        +2.397075424730e-01
 2.40860000e+00,        +7.071067811865e+00,        +1.409031576221e+01,        +2.384382136953e-01
 2.40880000e+00,        +7.071067811865e+00,        +1.409065472123e+01,        +2.371732724123e-01
 2.40900000e+00,        +7.071067811865e+00,        +1.409098750807e+01,        +2.359126521104e-01
 2.40920000e+00,        +7.071067811865e+00,        +1.409131421467e+01,        +2.346562868096e-01
 2.40940000e+00,        +7.071067811865e+00,        +1.409163493046e+01,        +2.334041110607e-01
 2.40960000e+00,        +7.071067811865e+00,        +1.409194974241e+01,        +2.321560599441e-01
 2.40980000e+00,        +7.071067811865e+00,        +1.409225873513e+01,        +2.309120690659e-01
 2.41000000e+00,        +7.071067811865e+00,        +1.409256199086e+01,        +2.296720745558e-01
 2.41020000e+00,        +7.071067811865e+00,        +1.409285958958e+01,        +2.284360130628e-01
 2.41040000e+00,        +7.071067811865e+00,        +1.409315160902e+01,        +2.272038217518e-01
 2.41060000e+00,        +7.071067811865e+00,        +1.409343812473e+01,        +2.259754382992e-01
 2.41080000e+00,        +7.071067811865e+00,        +1.409371921011e+01,        +2.247508008887e-01
 2.41100000e+00,        +7.071067811865e+00,        +1.409399493647e+01,        +2.235298482064e-01
 2.41120000e+00,        +7.071067811865e+00,        +1.409426537306e+01,        +2.223125194359e-01
 2.41140000e+00,        +7.071067811865e+00,        +1.409453058714e+01,        +2.210987542533e-01
 2.41160000e+00,        +7.071067811865e+00,        +1.409479064397e+01,        +2.198884928215e-01
 2.41180000e+00,        +7.071067811865e+00,        +1.409504560691e+01,        +2.186816757849e-01
 2.41200000e+00,        +7.071067811865e+00,        +1.409529553739e+01,        +2.174782442636e-01
 2.41220000e+00,        +7.071067811865e+00,        +1.409554049503e+01,        +2.162781398477e-01
 2.41240000e+00,        +7.071067811865e+00,        +1.409578053758e+01,        +2.150813045908e-01
 2.41260000e+00,        +7.071067811865e+00,        +1.409601572104e+01,        +2.138876810045e-01
 2.41280000e+00,        +7.071067811865e+00,        +1.409624609963e+01,        +2.126972120518e-01
 2.41300000e+00,        +7.071067811865e+00,        +1.409647172584e+01,        +2.115098411408e-01
 2.41320000e+00,        +7.071067811865e+00,        +1.409669265049e+01,        +2.103255121183e-01
 2.41340000e+00,        +7.071067811865e+00,        +1.409690892270e+01,        +2.091441692635e-01
 2.41360000e+00,        +7.071067811865e+00,        +1.409712058999e+01,        +2.079657572811e-01
 2.41380000e+00,        +7.071067811865e+00,        +1.409732769824e+01,        +2.067902212953e-01
 2.41400000e+00,        +7.071067811865e+00,        +1.409753029173e+01,        +2.056175068425e-01
 2.41420000e+00,        +7.071067811865e+00,        +1.409772841321e+01,        +2.044475598652e-01
 2.41440000e+00,        +7.071067811865e+00,        +1.409792210387e+01,        +2.032803267051e-01
 2.41460000e+00,        +7.071067811865e+00,        +1.409811140338e+01,        +2.021157540964e-01
 2.41480000e+00,        +7.071067811865e+00,        +1.409829634991e+01,        +2.009537891594e-01
 2.41500000e+00,        +7.071067811865e+00,        +1.409847698017e+01,        +1.997943793935e-01
 2.41520000e+00,        +7.071067811865e+00,        +1.409865332940e+01,        +1.986374726707e-01
 2.41540000e+00,        +7.071067811865e+00,        +1.409882543138e+01,        +1.974830172292e-01
 2.41560000e+00,        +7.071067811865e+00,        +1.409899331851e+01,        +1.963309616666e-01
 2.41580000e+00,        +7.071067811865e+00,        +1.409915702174e+01,        +1.951812549332e-01
 2.41600000e+00,        +7.071067811865e+00,        +1.409931657066e+01,        +1.940338463260e-01
 2.41620000e+00,        +7.071067811865e+00,        +1.409947199346e+01,        +1.928886854820e-01
 2.41640000e+00,        +7.071067811865e+00,        +1.409962331697e+01,        +1.917457223717e-01
 2.41660000e+00,        +7.071067811865e+00,        +1.409977056668e+01,        +1.906049072930e-01
 2.41680000e+00,        +7.071067811865e+00,        +1.409991376674e+01,        +1.894661908650e-01
 2.41700000e+00,        +7.071067811865e+00,        +1.410005293995e+01,        +1.883295240218e-01
 2.41720000e+00,        +7.071067811865e+00,        +1.410018810780e+01,        +1.871948580063e-01
 2.41740000e+00,        +7.071067811865e+00,        +1.410031929049e+01,        +1.860621443647e-01
 2.41760000e+00,        +7.071067811865e+00,        +1.410044650690e+01,        +1.849313349402e-01
 2.41780000e+00,        +7.071067811865e+00,        +1.410056977460e+01,        +1.838023818676e-01
 2.41800000e+00,        +7.071067811865e+00,        +1.410068910992e+01,        +1.826752375673e-01
 2.41820000e+00,        +7.071067811865e+00,        +1.410080452786e+01,        +1.815498547405e-01
 2.41840000e+00,        +7.071067811865e+00,        +1.410091604216e+01,        +1.804261863632e-01
 2.41860000e+00,        +7.071067811865e+00,        +1.410102366531e+01,        +1.793041856811e-01
 2.41880000e+00,        +7.071067811865e+00,        +1.410112740849e+01,        +1.781838062050e-01
 2.41900000e+00,        +7.071067811865e+00,        +1.410122728164e+01,        +1.770650017055e-01
 2.41920000e+00,        +7.071067811865e+00,        +1.410132329344e+01,        +1.759477262082e-01
 2.41940000e+00,        +7.071067811865e+00,        +1.410141545128e+01,        +1.748319339896e-01
 2.41960000e+00,        +7.071067811865e+00,        +1.410150376131e+01,        +1.737175795722e-01
 2.41980000e+00,        +7.071067811865e+00,        +1.410158822841e+01,        +1.726046177207e-01
 2.42000000e+00,        +7.071067811865e+00,        +1.410166885618e+01,        +1.714930034379e-01
 2.42020000e+00,        +7.071067811865e+00,        +1.410174564698e+01,        +1.703826919610e-01
 2.42040000e+00,        +7.071067811865e+00,        +1.410181860188e+01,        +1.692736387578e-01
 2.42060000e+00,        +7.071067811865e+00,        +1.410188772067e+01,        +1.681657995237e-01
 2.42080000e+00,        +7.071067811865e+00,        +1.410195300187e+01,        +1.670591301786e-01
 2.42100000e+00,        +7.071067811865e+00,        +1.410201444271e+01,        +1.659535868639e-01
 2.42120000e+00,        +7.071067811865e+00,        +1.410207203914e+01,        +1.648491259401e-01
 2.42140000e+00,        +7.071067811865e+00,        +1.410212578579e+01,        +1.637457039845e-01
 2.42160000e+00,        +7.071067811865e+00,        +1.410217567601e+01,        +1.626432777894e-01
 2.42180000e+00,        +7.071067811865e+00,        +1.410222170180e+01,        +1.615418043600e-01
 2.42200000e+00,        +7.071067811865e+00,        +1.410226385387e+01,        +1.604412409137e-01
 2.42220000e+00,        +7.071067811865e+00,        +1.410230212157e+01,        +1.593415448785e-01
 2.42240000e+00,        +7.071067811865e+00,        +1.410233649291e+01,        +1.582426738928e-01
 2.42260000e+00,        +7.071067811865e+00,        +1.410236695454e+01,        +1.571445858049e-01
 2.42280000e+00,        +7.071067811865e+00,        +1.410239349173e+01,        +1.560472386734e-01
 2.42300000e+00,        +7.071067811865e+00,        +1.410241608836e+01,        +1.549505907674e-01
 2.42320000e+00,        +7.071067811865e+00,        +1.410243472692e+01,        +1.538546005675e-01
 2.42340000e+00,        +7.071067811865e+00,        +1.410244938848e+01,        +1.527592267676e-01
 2.42360000e+00,        +7.071067811865e+00,        +1.410246005265e+01,        +1.516644282765e-01
 2.42380000e+00,        +7.071067811865e+00,        +1.410246669762e+01,        +1.505701642204e-01
 2.42400000e+00,        +7.071067811865e+00,        +1.410246930007e+01,        +1.494763939456e-01
 2.42420000e+00,        +7.071067811865e+00,        +1.410246783520e+01,        +1.483830770223e-01
 2.42440000e+00,        +7.071067811865e+00,        +1.410246227671e+01,        +1.472901732488e-01
 2.42460000e+00,        +7.071067811865e+00,        +1.410245259675e+01,        +1.461976426554e-01
 2.42480000e+00,        +7.071067811865e+00,        +1.410243876589e+01,        +1.451054455106e-01
 2.42500000e+00,        +7.071067811865e+00,        +1.410242075315e+01,        +1.440135423264e-01
 2.42520000e+00,        +7.071067811865e+00,        +1.410239852591e+01,        +1.429218938656e-01
 2.42540000e+00,        +7.071067811865e+00,        +1.410237204993e+01,        +1.418304611487e-01
 2.42560000e+00,        +7.071067811865e+00,        +1.410234128929e+01,        +1.407392054622e-01
 2.42580000e+00,        +7.071067811865e+00,        +1.410230620638e+01,        +1.396480883679e-01
 2.42600000e+00,        +7.071067811865e+00,        +1.410226676187e+01,        +1.385570717127e-01
 2.42620000e+00,        +7.071067811865e+00,        +1.410222291467e+01,        +1.374661176392e-01
 2.42640000e+00,        +7.071067811865e+00,        +1.410217462191e+01,        +1.363751885976e-01
 2.42660000e+00,        +7.071067811865e+00,        +1.410212183886e+01,        +1.352842473585e-01
 2.42680000e+00,        +7.071067811865e+00,        +1.410206451898e+01,        +1.341932570268e-01
 2.42700000e+00,        +7.071067811865e+00,        +1.410200261380e+01,        +1.331021810565e-01
 2.42720000e+00,        +7.071067811865e+00,        +1.410193607294e+01,        +1.320109832667e-01
 2.42740000e+00,        +7.071067811865e+00,        +1.410186484401e+01,        +1.309196278593e-01
 2.42760000e+00,        +7.071067811865e+00,        +1.410178887265e+01,        +1.298280794376e-01
 2.42780000e+00,        +7.071067811865e+00,        +1.410170810241e+01,        +1.287363030260e-01
 2.42800000e+00,        +7.071067811865e+00,        +1.410162247475e+01,        +1.276442640918e-01
 2.42820000e+00,        +7.071067811865e+00,        +1.410153192899e+01,        +1.265519285681e-01
 2.42840000e+00,        +7.071067811865e+00,        +1.410143640224e+01,        +1.254592628783e-01
 2.42860000e+00,        +7.071067811865e+00,        +1.410133582938e+01,        +1.243662339627e-01
 2.42880000e+00,        +7.071067811865e+00,        +1.410123014299e+01,        +1.232728093063e-01
 2.42900000e+00,        +7.071067811865e+00,        +1.410111927332e+01,        +1.221789569687e-01
 2.42920000e+00,        +7.071067811865e+00,        +1.410100314820e+01,        +1.210846456163e-01
 2.42940000e+00,        +7.071067811865e+00,        +1.410088169302e+01,        +1.199898445560e-01
 2.42960000e+00,        +7.071067811865e+00,        +1.410075483065e+01,        +1.188945237717e-01
 2.42980000e+00,        +7.071067811865e+00,        +1.410062248140e+01,        +1.177986539624e-01
 2.43000000e+00,        +7.071067811865e+00,        +1.410048456293e+01,        +1.167022065837e-01
 2.43020000e+00,        +7.071067811865e+00,        +1.410034099023e+01,        +1.156051538908e-01
 2.43040000e+00,        +7.071067811865e+00,        +1.410019167550e+01,        +1.145074689850e-01
 2.43060000e+00,        +7.071067811865e+00,        +1.410003652816e+01,        +1.134091258626e-01
 2.43080000e+00,        +7.071067811865e+00,        +1.409987545469e+01,        +1.123100994673e-01
 2.43100000e+00,        +7.071067811865e+00,        +1.409970835863e+01,        +1.112103657451e-01
 2.43120000e+00,        +7.071067811865e+00,        +1.409953514048e+01,        +1.101099017028e-01
 2.43140000e+00,        +7.071067811865e+00,        +1.409935569762e+01,        +1.090086854706e-01
 2.43160000e+00,        +7.071067811865e+00,        +1.409916992425e+01,        +1.079066963677e-01
 2.43180000e+00,        +7.071067811865e+00,        +1.409897771130e+01,        +1.068039149716e-01
 2.43200000e+00,        +7.071067811865e+00,        +1.409877894635e+01,        +1.057003231926e-01
 2.43220000e+00,        +7.071067811865e+00,        +1.409857351355e+01,        +1.045959043517e-01
 2.43240000e+00,        +7.071067811865e+00,        +1.409836129353e+01,        +1.034906432632e-01
 2.43260000e+00,        +7.071067811865e+00,        +1.409814216332e+01,        +1.023845263228e-01
 2.43280000e+00,        +7.071067811865e+00,        +1.409791599626e+01,        +1.012775415999e-01
 2.43300000e+00,        +7.071067811865e+00,        +1.409768266191e+01,        +1.001696789355e-01
 2.43320000e+00,        +7.071067811865e+00,        +1.409744202594e+01,        +9.906093004639e-02
 2.43340000e+00,        +7.071067811865e+00,        +1.409719395004e+01,        +9.795128863463e-02
 2.43360000e+00,        +7.071067811865e+00,        +1.409693829185e+01,        +9.684075050331e-02
 2.43380000e+00,        +7.071067811865e+00,        +1.409667490483e+01,        +9.572931367922e-02
 2.43400000e+00,        +7.071067811865e+00,        +1.409640363816e+01,        +9.461697854235e-02
 2.43420000e+00,        +7.071067811865e+00,        +1.409612433665e+01,        +9.350374796275e-02
 2.43440000e+00,        +7.071067811865e+00,        +1.409583684064e+01,        +9.238962744504e-02
 2.43460000e+00,        +7.071067811865e+00,        +1.409554098585e+01,        +9.127462528112e-02
 2.43480000e+00,        +7.071067811865e+00,        +1.409523660333e+01,        +9.015875271148e-02
 2.43500000e+00,        +7.071067811865e+00,        +1.409492351931e+01,        +8.904202409539e-02
 2.43520000e+00,        +7.071067811865e+00,        +1.409460155512e+01,        +8.792445709077e-02
 2.43540000e+00,        +7.071067811865e+00,        +1.409427052701e+01,        +8.680607284390e-02
 2.43560000e+00,        +7.071067811865e+00,        +1.409393024614e+01,        +8.568689618968e-02
 2.43580000e+00,        +7.071067811865e+00,        +1.409358051837e+01,        +8.456695586299e-02
 2.43600000e+00,        +7.071067811865e+00,        +1.409322114420e+01,        +8.344628472167e-02
 2.43620000e+00,        +7.071067811865e+00,        +1.409285191862e+01,        +8.232491998164e-02
 2.43640000e+00,        +7.071067811865e+00,        +1.409247263104e+01,        +8.120290346504e-02
 2.43660000e+00,        +7.071067811865e+00,        +1.409208306511e+01,        +8.008028186170e-02
 2.43680000e+00,        +7.071067811865e+00,        +1.409168299868e+01,        +7.895710700492e-02
 2.43700000e+00,        +7.071067811865e+00,        +1.409127220361e+01,        +7.783343616214e-02
 2.43720000e+00,        +7.071067811865e+00,        +1.409085044572e+01,        +7.670933234119e-02
 2.43740000e+00,        +7.071067811865e+00,        +1.409041748463e+01,        +7.558486461298e-02
 2.43760000e+00,        +7.071067811865e+00,        +1.408997307371e+01,        +7.446010845151e-02
 2.43780000e+00,        +7.071067811865e+00,        +1.408951695990e+01,        +7.333514609176e-02
 2.43800000e+00,        +7.071067811865e+00,        +1.408904888367e+01,        +7.221006690657e-02
 2.43820000e+00,        +7.071067811865e+00,        +1.408856857892e+01,        +7.108496780340e-02
 2.43840000e+00,        +7.071067811865e+00,        +1.408807577284e+01,        +6.995995364168e-02
 2.43860000e+00,        +7.071067811865e+00,        +1.408757018588e+01,        +6.883513767194e-02
 2.43880000e+00,        +7.071067811865e+00,        +1.408705153165e+01,        +6.771064199754e-02
 2.43900000e+00,        +7.071067811865e+00,        +1.408651951685e+01,        +6.658659806012e-02
 2.43920000e+00,        +7.071067811865e+00,        +1.408597384120e+01,        +6.546314714967e-02
 2.43940000e+00,        +7.071067811865e+00,        +1.408541419742e+01,        +6.434044094041e-02
 2.43960000e+00,        +7.071067811865e+00,        +1.408484027118e+01,        +6.321864205338e-02
 2.43980000e+00,        +7.071067811865e+00,        +1.408425174106e+01,        +6.209792464711e-02
 2.44000000e+00,        +7.071067811865e+00,        +1.408364827858e+01,        +6.097847503704e-02
 2.44020000e+00,        +7.071067811865e+00,        +1.408302954818e+01,        +5.986049234521e-02
 2.44040000e+00,        +7.071067811865e+00,        +1.408239520728e+01,        +5.874418918101e-02
 2.44060000e+00,        +7.071067811865e+00,        +1.408174490628e+01,        +5.762979235432e-02
 2.44080000e+00,        +7.071067811865e+00,        +1.408107828871e+01,        +5.651754362184e-02
 2.44100000e+00,        +7.071067811865e+00,        +1.408039499128e+01,        +5.540770046793e-02
 2.44120000e+00,        +7.071067811865e+00,        +1.407969464400e+01,        +5.430053692076e-02
 2.44140000e+00,        +7.071067811865e+00,        +1.407897687042e+01,        +5.319634440485e-02
 2.44160000e+00,        +7.071067811865e+00,        +1.407824128775e+01,        +5.209543263076e-02
 2.44180000e+00,        +7.071067811865e+00,        +1.407748750714e+01,        +5.099813052289e-02
 2.44200000e+00,        +7.071067811865e+00,        +1.407671513395e+01,        +4.990478718594e-02
 2.44220000e+00,        +7.071067811865e+00,        +1.407592376809e+01,        +4.881577291075e-02
 2.44240000e+00,        +7.071067811865e+00,        +1.407511300440e+01,        +4.773148021974e-02
 2.44260000e+00,        +7.071067811865e+00,        +1.407428243307e+01,        +4.665232495250e-02
 2.44280000e+00,        +7.071067811865e+00,        +1.407343164017e+01,        +4.557874739125e-02
 2.44300000e+00,        +7.071067811865e+00,        +1.407256020817e+01,        +4.451121342629e-02
 2.44320000e+00,        +7.071067811865e+00,        +1.407166771664e+01,        +4.345021576064e-02
 2.44340000e+00,        +7.071067811865e+00,        +1.407075374289e+01,        +4.239627515346e-02
 2.44360000e+00,        +7.071067811865e+00,        +1.406981786283e+01,        +4.134994170069e-02
 2.44380000e+00,        +7.071067811865e+00,        +1.406885965184e+01,        +4.031179615167e-02
 2.44400000e+00,        +7.071067811865e+00,        +1.406787868575e+01,        +3.928245125949e-02
 2.44420000e+00,        +7.071067811865e+00,        +1.406687454196e+01,        +3.826255316264e-02
 2.44440000e+00,        +7.071067811865e+00,        +1.406584680065e+01,        +3.725278279458e-02
 2.44460000e+00,        +7.071067811865e+00,        +1.406479504607e+01,        +3.625385731759e-02
 2.44480000e+00,        +7.071067811865e+00,        +1.406371886808e+01,        +3.526653157621e-02
 2.44500000e+00,        +7.071067811865e+00,        +1.406261786369e+01,        +3.429159956469e-02
 2.44520000e+00,        +7.071067811865e+00,        +1.406149163887e+01,        +3.332989590234e-02
 2.44540000e+00,        +7.071067811865e+00,        +1.406033981044e+01,        +3.238229730918e-02
 2.44560000e+00,        +7.071067811865e+00,        +1.405916200817e+01,        +3.144972407337e-02
 2.44580000e+00,        +7.071067811865e+00,        +1.405795787703e+01,        +3.053314150084e-02
 2.44600000e+00,        +7.071067811865e+00,        +1.405672707970e+01,        +2.963356133571e-02
 2.44620000e+00,        +7.071067811865e+00,        +1.405546929918e+01,        +2.875204313917e-02
 2.44640000e+00,        +7.071067811865e+00,        +1.405418424169e+01,        +2.788969561247e-02
 2.44660000e+00,        +7.071067811865e+00,        +1.405287163979e+01,        +2.704767784822e-02
 2.44680000e+00,        +7.071067811865e+00,        +1.405153125564e+01,        +2.622720049214e-02
 2.44700000e+00,        +7.071067811865e+00,        +1.405016288467e+01,        +2.542952679567e-02
 2.44720000e+00,        +7.071067811865e+00,        +1.404876635931e+01,        +2.465597353752e-02
 2.44740000e+00,        +7.071067811865e+00,        +1.404734155313e+01,        +2.390791179026e-02
 2.44760000e+00,        +7.071067811865e+00,        +1.404588838514e+01,        +2.318676750549e-02
 2.44780000e+00,        +7.071067811865e+00,        +1.404440682446e+01,        +2.249402188905e-02
 2.44800000e+00,        +7.071067811865e+00,        +1.404289689514e+01,        +2.183121153499e-02
 2.44820000e+00,        +7.071067811865e+00,        +1.404135868136e+01,        +2.119992828462e-02
 2.44840000e+00,        +7.071067811865e+00,        +1.403979233284e+01,        +2.060181877453e-02
 2.44860000e+00,        +7.071067811865e+00,        +1.403819807057e+01,        +2.003858363474e-02
 2.44880000e+00,        +7.071067811865e+00,        +1.403657619271e+01,        +1.951197629601e-02
 2.44900000e+00,        +7.071067811865e+00,        +1.403492708086e+01,        +1.902380136277e-02
 2.44920000e+00,        +7.071067811865e+00,        +1.403325120647e+01,        +1.857591250624e-02
 2.44940000e+00,        +7.071067811865e+00,        +1.403154913745e+01,        +1.817020983035e-02
 2.44960000e+00,        +7.071067811865e+00,        +1.402982154505e+01,        +1.780863666159e-02
 2.44980000e+00,        +7.071067811865e+00,        +1.402806921083e+01,        +1.749317571298e-02
 2.45000000e+00,        +7.071067811865e+00,        +1.402629303370e+01,        +1.722584457180e-02
 2.45020000e+00,        +7.071067811865e+00,        +1.402449403711e+01,        +1.700869046087e-02
 2.45040000e+00,        +7.071067811865e+00,        +1.402267337618e+01,        +1.684378422437e-02
 2.45060000e+00,        +7.071067811865e+00,        +1.402083234478e+01,        +1.673321349082e-02
 2.45080000e+00,        +7.071067811865e+00,        +1.401897238252e+01,        +1.667907496924e-02
 2.45100000e+00,        +7.071067811865e+00,        +1.401709508143e+01,        +1.668346583844e-02
 2.45120000e+00,        +7.071067811865e+00,        +1.401520219245e+01,        +1.674847419516e-02
 2.45140000e+00,        +7.071067811865e+00,        +1.401329563140e+01,        +1.687616853407e-02
 2.45160000e+00,        +7.071067811865e+00,        +1.401137748451e+01,        +1.706858624113e-02
 2.45180000e+00,        +7.071067811865e+00,        +1.400945001325e+01,        +1.732772109269e-02
 2.45200000e+00,        +7.071067811865e+00,        +1.400751565843e+01,        +1.765550976499e-02
 2.45220000e+00,        +7.071067811865e+00,        +1.400557704334e+01,        +1.805381737317e-02
 2.45240000e+00,        +7.071067811865e+00,        +1.400363697591e+01,        +1.852442207515e-02
 2.45260000e+00,        +7.071067811865e+00,        +1.400169844958e+01,        +1.906899879414e-02
 2.45280000e+00,        +7.071067811865e+00,        +1.399976464291e+01,        +1.968910213338e-02
 2.45300000e+00,        +7.071067811865e+00,        +1.399783891762e+01,        +2.038614857884e-02
 2.45320000e+00,        +7.071067811865e+00,        +1.399592481501e+01,        +2.116139810832e-02
 2.45340000e+00,        +7.071067811865e+00,        +1.399402605056e+01,        +2.201593535021e-02
 2.45360000e+00,        +7.071067811865e+00,        +1.399214650668e+01,        +2.295065045990e-02
 2.45380000e+00,        +7.071067811865e+00,        +1.399029022327e+01,        +2.396621990694e-02
 2.45400000e+00,        +7.071067811865e+00,        +1.398846138631e+01,        +2.506308739122e-02
 2.45420000e+00,        +7.071067811865e+00,        +1.398666431407e+01,        +2.624144512947e-02
 2.45440000e+00,        +7.071067811865e+00,        +1.398490344111e+01,        +2.750121577581e-02
 2.45460000e+00,        +7.071067811865e+00,        +1.398318330002e+01,        +2.884203525838e-02
 2.45480000e+00,        +7.071067811865e+00,        +1.398150850075e+01,        +3.026323682986e-02
 2.45500000e+00,        +7.071067811865e+00,        +1.397988370787e+01,        +3.176383664022e-02
 2.45520000e+00,        +7.071067811865e+00,        +1.397831361551e+01,        +3.334252114533e-02
 2.45540000e+00,        +7.071067811865e+00,        +1.397680292052e+01,        +3.499763666419e-02
 2.45560000e+00,        +7.071067811865e+00,        +1.397535629362e+01,        +3.672718138931e-02
 2.45580000e+00,        +7.071067811865e+00,        +1.397397834917e+01,        +3.852880013923e-02
 2.45600000e+00,        +7.071067811865e+00,        +1.397267361354e+01,        +4.039978211842e-02
 2.45620000e+00,        +7.071067811865e+00,        +1.397144649260e+01,        +4.233706191783e-02
 2.45640000e+00,        +7.071067811865e+00,        +1.397030123863e+01,        +4.433722394926e-02
 2.45660000e+00,        +7.071067811865e+00,        +1.396924191710e+01,        +4.639651045890e-02
 2.45680000e+00,        +7.071067811865e+00,        +1.396827237368e+01,        +4.851083321070e-02
 2.45700000e+00,        +7.071067811865e+00,        +1.396739620202e+01,        +5.067578886865e-02
 2.45720000e+00,        +7.071067811865e+00,        +1.396661671280e+01,        +5.288667804230e-02
 2.45740000e+00,        +7.071067811865e+00,        +1.396593690443e+01,        +5.513852789016e-02
 2.45760000e+00,        +7.071067811865e+00,        +1.396535943590e+01,        +5.742611810607e-02
 2.45780000e+00,        +7.071067811865e+00,        +1.396488660228e+01,        +5.974401004395e-02
 2.45800000e+00,        +7.071067811865e+00,        +1.396452031329e+01,        +6.208657866969e-02
 2.45820000e+00,        +7.071067811865e+00,        +1.396426207515e+01,        +6.444804696733e-02
 2.45840000e+00,        +7.071067811865e+00,        +1.396411297628e+01,        +6.682252237155e-02
 2.45860000e+00,        +7.071067811865e+00,        +1.396407367689e+01,        +6.920403475280e-02
 2.45880000e+00,        +7.071067811865e+00,        +1.396414440278e+01,        +7.158657544504e-02
 2.45900000e+00,        +7.071067811865e+00,        +1.396432494339e+01,        +7.396413678265e-02
 2.45920000e+00,        +7.071067811865e+00,        +1.396461465417e+01,        +7.633075160066e-02
 2.45940000e+00,        +7.071067811865e+00,        +1.396501246318e+01,        +7.868053215403e-02
 2.45960000e+00,        +7.071067811865e+00,        +1.396551688192e+01,        +8.100770792578e-02
 2.45980000e+00,        +7.071067811865e+00,        +1.396612601995e+01,        +8.330666181959e-02
 2.46000000e+00,        +7.071067811865e+00,        +1.396683760334e+01,        +8.557196427065e-02
 2.46020000e+00,        +7.071067811865e+00,        +1.396764899638e+01,        +8.779840485600e-02
 2.46040000e+00,        +7.071067811865e+00,        +1.396855722623e+01,        +8.998102104182e-02
 2.46060000e+00,        +7.071067811865e+00,        +1.396955901024e+01,        +9.211512376745e-02
 2.46080000e+00,        +7.071067811865e+00,        +1.397065078522e+01,        +9.419631963363e-02
 2.46100000e+00,        +7.071067811865e+00,        +1.397182873847e+01,        +9.622052953092e-02
 2.46120000e+00,        +7.071067811865e+00,        +1.397308883990e+01,        +9.818400361506e-02
 2.46140000e+00,        +7.071067811865e+00,        +1.397442687482e+01,        +1.000833326031e-01
 2.46160000e+00,        +7.071067811865e+00,        +1.397583847700e+01,        +1.019154554296e-01
 2.46180000e+00,        +7.071067811865e+00,        +1.397731916154e+01,        +1.036776633609e-01
 2.46200000e+00,        +7.071067811865e+00,        +1.397886435705e+01,        +1.053676007202e-01
 2.46220000e+00,        +7.071067811865e+00,        +1.398046943692e+01,        +1.069832624207e-01
 2.46240000e+00,        +7.071067811865e+00,        +1.398212974932e+01,        +1.085229885442e-01
 2.46260000e+00,        +7.071067811865e+00,        +1.398384064552e+01,        +1.099854562314e-01
 2.46280000e+00,        +7.071067811865e+00,        +1.398559750648e+01,        +1.113696691742e-01
 2.46300000e+00,        +7.071067811865e+00,        +1.398739576747e+01,        +1.126749450118e-01
 2.46320000e+00,        +7.071067811865e+00,        +1.398923094049e+01,        +1.139009009424e-01
 2.46340000e+00,        +7.071067811865e+00,        +1.399109863453e+01,        +1.150474378594e-01
 2.46360000e+00,        +7.071067811865e+00,        +1.399299457354e+01,        +1.161147233174e-01
 2.46380000e+00,        +7.071067811865e+00,        +1.399491461215e+01,        +1.171031736193e-01
 2.46400000e+00,        +7.071067811865e+00,        +1.399685474911e+01,        +1.180134353023e-01
 2.46420000e+00,        +7.071067811865e+00,        +1.399881113855e+01,        +1.188463662808e-01
 2.46440000e+00,        +7.071067811865e+00,        +1.400078009913e+01,        +1.196030168808e-01
 2.46460000e+00,        +7.071067811865e+00,        +1.400275812120e+01,        +1.202846109794e-01
 2.46480000e+00,        +7.071067811865e+00,        +1.400474187198e+01,        +1.208925274369e-01
 2.46500000e+00,        +7.071067811865e+00,        +1.400672819916e+01,        +1.214282819841e-01
 2.46520000e+00,        +7.071067811865e+00,        +1.400871413266e+01,        +1.218935097038e-01
 2.46540000e+00,        +7.071067811865e+00,        +1.401069688510e+01,        +1.222899482201e-01
 2.46560000e+00,        +7.071067811865e+00,        +1.401267385087e+01,        +1.226194216888e-01
 2.46580000e+00,        +7.071067811865e+00,        +1.401464260404e+01,        +1.228838256580e-01
 2.46600000e+00,        +7.071067811865e+00,        +1.401660089521e+01,        +1.230851128509e-01
 2.46620000e+00,        +7.071067811865e+00,        +1.401854664757e+01,        +1.232252799035e-01
 2.46640000e+00,        +7.071067811865e+00,        +1.402047795207e+01,        +1.233063550762e-01
 2.46660000e+00,        +7.071067811865e+00,        +1.402239306208e+01,        +1.233303869401e-01
 2.46680000e+00,        +7.071067811865e+00,        +1.402429038748e+01,        +1.232994340327e-01
 2.46700000e+00,        +7.071067811865e+00,        +1.402616848837e+01,        +1.232155554623e-01
 2.46720000e+00,        +7.071067811865e+00,        +1.402802606846e+01,        +1.230808024345e-01
 2.46740000e+00,        +7.071067811865e+00,        +1.402986196829e+01,        +1.228972106670e-01
 2.46760000e+00,        +7.071067811865e+00,        +1.403167515827e+01,        +1.226667936538e-01
 2.46780000e+00,        +7.071067811865e+00,        +1.403346473169e+01,        +1.223915367339e-01
 2.46800000e+00,        +7.071067811865e+00,        +1.403522989772e+01,        +1.220733919196e-01
 2.46820000e+00,        +7.071067811865e+00,        +1.403696997449e+01,        +1.217142734359e-01
 2.46840000e+00,        +7.071067811865e+00,        +1.403868438228e+01,        +1.213160539216e-01
 2.46860000e+00,        +7.071067811865e+00,        +1.404037263679e+01,        +1.208805612427e-01
 2.46880000e+00,        +7.071067811865e+00,        +1.404203434267e+01,        +1.204095758708e-01
 2.46900000e+00,        +7.071067811865e+00,        +1.404366918721e+01,        +1.199048287767e-01
 2.46920000e+00,        +7.071067811865e+00,        +1.404527693423e+01,        +1.193679997948e-01
 2.46940000e+00,        +7.071067811865e+00,        +1.404685741830e+01,        +1.188007164131e-01
 2.46960000e+00,        +7.071067811865e+00,        +1.404841053912e+01,        +1.182045529463e-01
 2.46980000e+00,        +7.071067811865e+00,        +1.404993625618e+01,        +1.175810300524e-01
 2.47000000e+00,        +7.071067811865e+00,        +1.405143458374e+01,        +1.169316145551e-01
 2.47020000e+00,        +7.071067811865e+00,        +1.405290558600e+01,        +1.162577195357e-01
 2.47040000e+00,        +7.071067811865e+00,        +1.405434937260e+01,        +1.155607046632e-01
 2.47060000e+00,        +7.071067811865e+00,        +1.405576609432e+01,        +1.148418767309e-01
 2.47080000e+00,        +7.071067811865e+00,        +1.405715593911e+01,        +1.141024903721e-01
 2.47100000e+00,        +7.071067811865e+00,        +1.405851912830e+01,        +1.133437489291e-01
 2.47120000e+00,        +7.071067811865e+00,        +1.405985591311e+01,        +1.125668054524e-01
 2.47140000e+00,        +7.071067811865e+00,        +1.406116657134e+01,        +1.117727638076e-01
 2.47160000e+00,        +7.071067811865e+00,        +1.406245140435e+01,        +1.109626798725e-01
 2.47180000e+00,        +7.071067811865e+00,        +1.406371073422e+01,        +1.101375628058e-01
 2.47200000e+00,        +7.071067811865e+00,        +1.406494490109e+01,        +1.092983763716e-01
 2.47220000e+00,        +7.071067811865e+00,        +1.406615426079e+01,        +1.084460403073e-01
 2.47240000e+00,        +7.071067811865e+00,        +1.406733918252e+01,        +1.075814317213e-01
 2.47260000e+00,        +7.071067811865e+00,        +1.406850004684e+01,        +1.067053865090e-01
 2.47280000e+00,        +7.071067811865e+00,        +1.406963724376e+01,        +1.058187007801e-01
 2.47300000e+00,        +7.071067811865e+00,        +1.407075117095e+01,        +1.049221322857e-01
 2.47320000e+00,        +7.071067811865e+00,        +1.407184223224e+01,        +1.040164018396e-01
 2.47340000e+00,        +7.071067811865e+00,        +1.407291083604e+01,        +1.031021947279e-01
 2.47360000e+00,        +7.071067811865e+00,        +1.407395739412e+01,        +1.021801621000e-01
 2.47380000e+00,        +7.071067811865e+00,        +1.407498232035e+01,        +1.012509223376e-01
 2.47400000e+00,        +7.071067811865e+00,        +1.407598602959e+01,        +1.003150623981e-01
 2.47420000e+00,        +7.071067811865e+00,        +1.407696893676e+01,        +9.937313912706e-02
 2.47440000e+00,        +7.071067811865e+00,        +1.407793145587e+01,        +9.842568054080e-02
 2.47460000e+00,        +7.071067811865e+00,        +1.407887399929e+01,        +9.747318707331e-02
 2.47480000e+00,        +7.071067811865e+00,        +1.407979697699e+01,        +9.651613278840e-02
 2.47500000e+00,        +7.071067811865e+00,        +1.408070079588e+01,        +9.555496655486e-02
 2.47520000e+00,        +7.071067811865e+00,        +1.408158585930e+01,        +9.459011318386e-02
 2.47540000e+00,        +7.071067811865e+00,        +1.408245256646e+01,        +9.362197452838e-02
 2.47560000e+00,        +7.071067811865e+00,        +1.408330131202e+01,        +9.265093054409e-02
 2.47580000e+00,        +7.071067811865e+00,        +1.408413248570e+01,        +9.167734031189e-02
 2.47600000e+00,        +7.071067811865e+00,        +1.408494647193e+01,        +9.070154302218e-02
 2.47620000e+00,        +7.071067811865e+00,        +1.408574364957e+01,        +8.972385892131e-02
 2.47640000e+00,        +7.071067811865e+00,        +1.408652439164e+01,        +8.874459022065e-02
 2.47660000e+00,        +7.071067811865e+00,        +1.408728906516e+01,        +8.776402196900e-02
 2.47680000e+00,        +7.071067811865e+00,        +1.408803803091e+01,        +8.678242288897e-02
 2.47700000e+00,        +7.071067811865e+00,        +1.408877164334e+01,        +8.580004617835e-02
 2.47720000e+00,        +7.071067811865e+00,        +1.408949025043e+01,        +8.481713027705e-02
 2.47740000e+00,        +7.071067811865e+00,        +1.409019419360e+01,        +8.383389960090e-02
 2.47760000e+00,        +7.071067811865e+00,        +1.409088380768e+01,        +8.285056524309e-02
 2.47780000e+00,        +7.071067811865e+00,        +1.409155942083e+01,        +8.186732564426e-02
 2.47800000e+00,        +7.071067811865e+00,        +1.409222135455e+01,        +8.088436723239e-02
 2.47820000e+00,        +7.071067811865e+00,        +1.409286992366e+01,        +7.990186503343e-02
 2.47840000e+00,        +7.071067811865e+00,        +1.409350543633e+01,        +7.891998325381e-02
 2.47860000e+00,        +7.071067811865e+00,        +1.409412819407e+01,        +7.793887583575e-02
 2.47880000e+00,        +7.071067811865e+00,        +1.409473849182e+01,        +7.695868698653e-02
 2.47900000e+00,        +7.071067811865e+00,        +1.409533661795e+01,        +7.597955168271e-02
 2.47920000e+00,        +7.071067811865e+00,        +1.409592285438e+01,        +7.500159615024e-02
 2.47940000e+00,        +7.071067811865e+00,        +1.409649747659e+01,        +7.402493832157e-02
 2.47960000e+00,        +7.071067811865e+00,        +1.409706075373e+01,        +7.304968827062e-02
 2.47980000e+00,        +7.071067811865e+00,        +1.409761294869e+01,        +7.207594862659e-02
 2.48000000e+00,        +7.071067811865e+00,        +1.409815431820e+01,        +7.110381496757e-02
 2.48020000e+00,        +7.071067811865e+00,        +1.409868511294e+01,        +7.013337619478e-02
 2.48040000e+00,        +7.071067811865e+00,        +1.409920557757e+01,        +6.916471488832e-02
 2.48060000e+00,        +7.071067811865e+00,        +1.409971595094e+01,        +6.819790764530e-02
 2.48080000e+00,        +7.071067811865e+00,        +1.410021646608e+01,        +6.723302540111e-02
 2.48100000e+00,        +7.071067811865e+00,        +1.410070735039e+01,        +6.627013373457e-02
 2.48120000e+00,        +7.071067811865e+00,        +1.410118882573e+01,        +6.530929315790e-02
 2.48140000e+00,        +7.071067811865e+00,        +1.410166110849e+01,        +6.435055939196e-02
 2.48160000e+00,        +7.071067811865e+00,        +1.410212440975e+01,        +6.339398362762e-02
 2.48180000e+00,        +7.071067811865e+00,        +1.410257893538e+01,        +6.243961277392e-02
 2.48200000e+00,        +7.071067811865e+00,        +1.410302488612e+01,        +6.148748969357e-02
 2.48220000e+00,        +7.071067811865e+00,        +1.410346245774e+01,        +6.053765342651e-02
 2.48240000e+00,        +7.071067811865e+00,        +1.410389184113e+01,        +5.959013940200e-02
 2.48260000e+00,        +7.071067811865e+00,        +1.410431322238e+01,        +5.864497963984e-02
 2.48280000e+00,        +7.071067811865e+00,        +1.410472678293e+01,        +5.770220294137e-02
 2.48300000e+00,        +7.071067811865e+00,        +1.410513269970e+01,        +5.676183507045e-02
 2.48320000e+00,        +7.071067811865e+00,        +1.410553114511e+01,        +5.582389892538e-02
 2.48340000e+00,        +7.071067811865e+00,        +1.410592228729e+01,        +5.488841470167e-02
 2.48360000e+00,        +7.071067811865e+00,        +1.410630629010e+01,        +5.395540004658e-02
 2.48380000e+00,        +7.071067811865e+00,        +1.410668331330e+01,        +5.302487020560e-02
 2.48400000e+00,        +7.071067811865e+00,        +1.410705351260e+01,        +5.209683816125e-02
 2.48420000e+00,        +7.071067811865e+00,        +1.410741703980e+01,        +5.117131476479e-02
 2.48440000e+00,        +7.071067811865e+00,        +1.410777404286e+01,        +5.024830886097e-02
 2.48460000e+00,        +7.071067811865e+00,        +1.410812466601e+01,        +4.932782740628e-02
 2.48480000e+00,        +7.071067811865e+00,        +1.410846904986e+01,        +4.840987558108e-02
 2.48500000e+00,        +7.071067811865e+00,        +1.410880733144e+01,        +4.749445689582e-02
 2.48520000e+00,        +7.071067811865e+00,        +1.410913964436e+01,        +4.658157329163e-02
 2.48540000e+00,        +7.071067811865e+00,        +1.410946611887e+01,        +4.567122523576e-02
 2.48560000e+00,        +7.071067811865e+00,        +1.410978688191e+01,        +4.476341181186e-02
 2.48580000e+00,        +7.071067811865e+00,        +1.411010205727e+01,        +4.385813080561e-02
 2.48600000e+00,        +7.071067811865e+00,        +1.411041176561e+01,        +4.295537878574e-02
 2.48620000e+00,        +7.071067811865e+00,        +1.411071612456e+01,        +4.205515118085e-02
 2.48640000e+00,        +7.071067811865e+00,        +1.411101524884e+01,        +4.115744235209e-02
 2.48660000e+00,        +7.071067811865e+00,        +1.411130925026e+01,        +4.026224566201e-02
 2.48680000e+00,        +7.071067811865e+00,        +1.411159823787e+01,        +3.936955353975e-02
 2.48700000e+00,        +7.071067811865e+00,        +1.411188231799e+01,        +3.847935754279e-02
 2.48720000e+00,        +7.071067811865e+00,        +1.411216159429e+01,        +3.759164841529e-02
 2.48740000e+00,        +7.071067811865e+00,        +1.411243616787e+01,        +3.670641614347e-02
 2.48760000e+00,        +7.071067811865e+00,        +1.411270613735e+01,        +3.582365000787e-02
 2.48780000e+00,        +7.071067811865e+00,        +1.411297159886e+01,        +3.494333863292e-02
 2.48800000e+00,        +7.071067811865e+00,        +1.411323264620e+01,        +3.406547003373e-02
 2.48820000e+00,        +7.071067811865e+00,        +1.411348937085e+01,        +3.319003166047e-02
 2.48840000e+00,        +7.071067811865e+00,        +1.411374186203e+01,        +3.231701044026e-02
 2.48860000e+00,        +7.071067811865e+00,        +1.411399020677e+01,        +3.144639281679e-02
 2.48880000e+00,        +7.071067811865e+00,        +1.411423449000e+01,        +3.057816478783e-02
 2.48900000e+00,        +7.071067811865e+00,        +1.411447479455e+01,        +2.971231194068e-02
 2.48920000e+00,        +7.071067811865e+00,        +1.411471120123e+01,        +2.884881948562e-02
 2.48940000e+00,        +7.071067811865e+00,        +1.411494378892e+01,        +2.798767228763e-02
 2.48960000e+00,        +7.071067811865e+00,        +1.411517263455e+01,        +2.712885489622e-02
 2.48980000e+00,        +7.071067811865e+00,        +1.411539781321e+01,        +2.627235157374e-02
 2.49000000e+00,        +7.071067811865e+00,        +1.411561939818e+01,        +2.541814632203e-02
 2.49020000e+00,        +7.071067811865e+00,        +1.411583746099e+01,        +2.456622290763e-02
 2.49040000e+00,        +7.071067811865e+00,        +1.411605207143e+01,        +2.371656488556e-02
 2.49060000e+00,        +7.071067811865e+00,        +1.411626329764e+01,        +2.286915562174e-02
 2.49080000e+00,        +7.071067811865e+00,        +1.411647120614e+01,        +2.202397831417e-02
 2.49100000e+00,        +7.071067811865e+00,        +1.411667586184e+01,        +2.118101601292e-02
 2.49120000e+00,        +7.071067811865e+00,        +1.411687732815e+01,        +2.034025163894e-02
 2.49140000e+00,        +7.071067811865e+00,        +1.411707566695e+01,        +1.950166800178e-02
 2.49160000e+00,        +7.071067811865e+00,        +1.411727093868e+01,        +1.866524781636e-02
 2.49180000e+00,        +7.071067811865e+00,        +1.411746320236e+01,        +1.783097371866e-02
 2.49200000e+00,        +7.071067811865e+00,        +1.411765251561e+01,        +1.699882828059e-02
 2.49220000e+00,        +7.071067811865e+00,        +1.411783893473e+01,        +1.616879402389e-02
 2.49240000e+00,        +7.071067811865e+00,        +1.411802251469e+01,        +1.534085343330e-02
 2.49260000e+00,        +7.071067811865e+00,        +1.411820330919e+01,        +1.451498896886e-02
 2.49280000e+00,        +7.071067811865e+00,        +1.411838137069e+01,        +1.369118307750e-02
 2.49300000e+00,        +7.071067811865e+00,        +1.411855675043e+01,        +1.286941820396e-02
 2.49320000e+00,        +7.071067811865e+00,        +1.411872949848e+01,        +1.204967680095e-02
 2.49340000e+00,        +7.071067811865e+00,        +1.411889966377e+01,        +1.123194133878e-02
 2.49360000e+00,        +7.071067811865e+00,        +1.411906729409e+01,        +1.041619431430e-02
 2.49380000e+00,        +7.071067811865e+00,        +1.411923243617e+01,        +9.602418259352e-03
 2.49400000e+00,        +7.071067811865e+00,        +1.411939513565e+01,        +8.790595748596e-03
 2.49420000e+00,        +7.071067811865e+00,        +1.411955543715e+01,        +7.980709406918e-03
 2.49440000e+00,        +7.071067811865e+00,        +1.411971338429e+01,        +7.172741916272e-03
 2.49460000e+00,        +7.071067811865e+00,        +1.411986901969e+01,        +6.366676022117e-03
 2.49480000e+00,        +7.071067811865e+00,        +1.412002238504e+01,        +5.562494539388e-03
 2.49500000e+00,        +7.071067811865e+00,        +1.412017352109e+01,        +4.760180358077e-03
 2.49520000e+00,        +7.071067811865e+00,        +1.412032246766e+01,        +3.959716448421e-03
 2.49540000e+00,        +7.071067811865e+00,        +1.412046926372e+01,        +3.161085865709e-03
 2.49560000e+00,        +7.071067811865e+00,        +1.412061394735e+01,        +2.364271754754e-03
 2.49580000e+00,        +7.071067811865e+00,        +1.412075655581e+01,        +1.569257354022e-03
 2.49600000e+00,        +7.071067811865e+00,        +1.412089712553e+01,        +7.760259994564e-04
 2.49620000e+00,        +7.071067811865e+00,        +1.412103569215e+01,        -1.543887198206e-05
 2.49640000e+00,        +7.071067811865e+00,        +1.412117229052e+01,        -8.051537190858e-04
 2.49660000e+00,        +7.071067811865e+00,        +1.412130695475e+01,        -1.593134893407e-03
 2.49680000e+00,        +7.071067811865e+00,        +1.412143971818e+01,        -2.379398636525e-03
 2.49700000e+00,        +7.071067811865e+00,        +1.412157061348e+01,        -3.163961077557e-03
 2.49720000e+00,        +7.071067811865e+00,        +1.412169967255e+01,        -3.946838230877e-03
 2.49740000e+00,        +7.071067811865e+00,        +1.412182692667e+01,        -4.728045994069e-03
 2.49760000e+00,        +7.071067811865e+00,        +1.412195240641e+01,        -5.507600146041e-03
 2.49780000e+00,        +7.071067811865e+00,        +1.412207614169e+01,        -6.285516345382e-03
 2.49800000e+00,        +7.071067811865e+00,        +1.412219816182e+01,        -7.061810128856e-03
 2.49820000e+00,        +7.071067811865e+00,        +1.412231849546e+01,        -7.836496910073e-03
 2.49840000e+00,        +7.071067811865e+00,        +1.412243717068e+01,        -8.609591978311e-03
 2.49860000e+00,        +7.071067811865e+00,        +1.412255421496e+01,        -9.381110497539e-03
 2.49880000e+00,        +7.071067811865e+00,        +1.412266965520e+01,        -1.015106750549e-02
 2.49900000e+00,        +7.071067811865e+00,        +1.412278351774e+01,        -1.091947791296e-02
 2.49920000e+00,        +7.071067811865e+00,        +1.412289582837e+01,        -1.168635650318e-02
 2.49940000e+00,        +7.071067811865e+00,        +1.412300661235e+01,        -1.245171793130e-02
 2.49960000e+00,        +7.071067811865e+00,        +1.412311589440e+01,        -1.321557672401e-02
 2.49980000e+00,        +7.071067811865e+00,        +1.412322369875e+01,        -1.397794727927e-02
 2.50000000e+00,        +7.071067811865e+00,        +1.412333004913e+01,        -1.473884386614e-02
 2.50020000e+00,        +7.071067811865e+00,        +1.412343496878e+01,        -1.549828062464e-02
 2.50040000e+00,        +7.071067811865e+00,        +1.412353848045e+01,        -1.625627156577e-02
 2.50060000e+00,        +7.071067811865e+00,        +1.412364060646e+01,        -1.701283057163e-02
 2.50080000e+00,        +7.071067811865e+00,        +1.412374136865e+01,        -1.776797139549e-02
 2.50100000e+00,        +7.071067811865e+00,        +1.412384078843e+01,        -1.852170766210e-02
 2.50120000e+00,        +7.071067811865e+00,        +1.412393888678e+01,        -1.927405286794e-02
 2.50140000e+00,        +7.071067811865e+00,        +1.412403568426e+01,        -2.002502038158e-02
 2.50160000e+00,        +7.071067811865e+00,        +1.412413120102e+01,        -2.077462344410e-02
 2.50180000e+00,        +7.071067811865e+00,        +1.412422545679e+01,        -2.152287516957e-02
 2.50200000e+00,        +7.071067811865e+00,        +1.412431847094e+01,        -2.226978854558e-02
 2.50220000e+00,        +7.071067811865e+00,        +1.412441026242e+01,        -2.301537643378e-02
 2.50240000e+00,        +7.071067811865e+00,        +1.412450084984e+01,        -2.375965157053e-02
 2.50260000e+00,        +7.071067811865e+00,        +1.412459025143e+01,        -2.450262656754e-02
 2.50280000e+00,        +7.071067811865e+00,        +1.412467848506e+01,        -2.524431391257e-02
 2.50300000e+00,        +7.071067811865e+00,        +1.412476556825e+01,        -2.598472597017e-02
 2.50320000e+00,        +7.071067811865e+00,        +1.412485151818e+01,        -2.672387498244e-02
 2.50340000e+00,        +7.071067811865e+00,        +1.412493635171e+01,        -2.746177306982e-02
 2.50360000e+00,        +7.071067811865e+00,        +1.412502008536e+01,        -2.819843223195e-02
 2.50380000e+00,        +7.071067811865e+00,        +1.412510273533e+01,        -2.893386434846e-02
 2.50400000e+00,        +7.071067811865e+00,        +1.412518431751e+01,        -2.966808117991e-02
 2.50420000e+00,        +7.071067811865e+00,        +1.412526484750e+01,        -3.040109436863e-02
 2.50440000e+00,        +7.071067811865e+00,        +1.412534434060e+01,        -3.113291543972e-02
 2.50460000e+00,        +7.071067811865e+00,        +1.412542281179e+01,        -3.186355580187e-02
 2.50480000e+00,        +7.071067811865e+00,        +1.412550027580e+01,        -3.259302674843e-02
 2.50500000e+00,        +7.071067811865e+00,        +1.412557674707e+01,        -3.332133945829e-02
 2.50520000e+00,        +7.071067811865e+00,        +1.412565223977e+01,        -3.404850499691e-02
 2.50540000e+00,        +7.071067811865e+00,        +1.412572676779e+01,        -3.477453431731e-02
 2.50560000e+00,        +7.071067811865e+00,        +1.412580034478e+01,        -3.549943826105e-02
 2.50580000e+00,        +7.071067811865e+00,        +1.412587298413e+01,        -3.622322755927e-02
 2.50600000e+00,        +7.071067811865e+00,        +1.412594469897e+01,        -3.694591283368e-02
 2.50620000e+00,        +7.071067811865e+00,        +1.412601550221e+01,        -3.766750459765e-02
 2.50640000e+00,        +7.071067811865e+00,        +1.412608540649e+01,        -3.838801325716e-02
 2.50660000e+00,        +7.071067811865e+00,        +1.412615442425e+01,        -3.910744911191e-02
 2.50680000e+00,        +7.071067811865e+00,        +1.412622256768e+01,        -3.982582235633e-02
 2.50700000e+00,        +7.071067811865e+00,        +1.412628984876e+01,        -4.054314308063e-02
 2.50720000e+00,        +7.071067811865e+00,        +1.412635627924e+01,        -4.125942127187e-02
 2.50740000e+00,        +7.071067811865e+00,        +1.412642187066e+01,        -4.197466681499e-02
 2.50760000e+00,        +7.071067811865e+00,        +1.412648663436e+01,        -4.268888949387e-02
 2.50780000e+00,        +7.071067811865e+00,        +1.412655058147e+01,        -4.340209899235e-02
 2.50800000e+00,        +7.071067811865e+00,        +1.412661372291e+01,        -4.411430489535e-02
 2.50820000e+00,        +7.071067811865e+00,        +1.412667606942e+01,        -4.482551668986e-02
 2.50840000e+00,        +7.071067811865e+00,        +1.412673763155e+01,        -4.553574376600e-02
 2.50860000e+00,        +7.071067811865e+00,        +1.412679841964e+01,        -4.624499541809e-02
 2.50880000e+00,        +7.071067811865e+00,        +1.412685844386e+01,        -4.695328084566e-02
 2.50900000e+00,        +7.071067811865e+00,        +1.412691771421e+01,        -4.766060915449e-02
 2.50920000e+00,        +7.071067811865e+00,        +1.412697624049e+01,        -4.836698935769e-02
 2.50940000e+00,        +7.071067811865e+00,        +1.412703403236e+01,        -4.907243037667e-02
 2.50960000e+00,        +7.071067811865e+00,        +1.412709109928e+01,        -4.977694104221e-02
 2.50980000e+00,        +7.071067811865e+00,        +1.412714745056e+01,        -5.048053009547e-02
 2.51000000e+00,        +7.071067811865e+00,        +1.412720309534e+01,        -5.118320618898e-02
 2.51020000e+00,        +7.071067811865e+00,        +1.412725804261e+01,        -5.188497788769e-02
 2.51040000e+00,        +7.071067811865e+00,        +1.412731230120e+01,        -5.258585366995e-02
 2.51060000e+00,        +7.071067811865e+00,        +1.412736587979e+01,        -5.328584192850e-02
 2.51080000e+00,        +7.071067811865e+00,        +1.412741878691e+01,        -5.398495097150e-02
 2.51100000e+00,        +7.071067811865e+00,        +1.412747103093e+01,        -5.468318902347e-02
 2.51120000e+00,        +7.071067811865e+00,        +1.412752262011e+01,        -5.538056422628e-02
 2.51140000e+00,        +7.071067811865e+00,        +1.412757356253e+01,        -5.607708464016e-02
 2.51160000e+00,        +7.071067811865e+00,        +1.412762386616e+01,        -5.677275824458e-02
 2.51180000e+00,        +7.071067811865e+00,        +1.412767353882e+01,        -5.746759293931e-02
 2.51200000e+00,        +7.071067811865e+00,        +1.412772258822e+01,        -5.816159654527e-02
 2.51220000e+00,        +7.071067811865e+00,        +1.412777102190e+01,        -5.885477680553e-02
 2.51240000e+00,        +7.071067811865e+00,        +1.412781884732e+01,        -5.954714138625e-02
 2.51260000e+00,        +7.071067811865e+00,        +1.412786607179e+01,        -6.023869787754e-02
 2.51280000e+00,        +7.071067811865e+00,        +1.412791270249e+01,        -6.092945379446e-02
 2.51300000e+00,        +7.071067811865e+00,        +1.412795874650e+01,        -6.161941657785e-02
 2.51320000e+00,        +7.071067811865e+00,        +1.412800421078e+01,        -6.230859359531e-02
 2.51340000e+00,        +7.071067811865e+00,        +1.412804910215e+01,        -6.299699214200e-02
 2.51360000e+00,        +7.071067811865e+00,        +1.412809342736e+01,        -6.368461944161e-02
 2.51380000e+00,        +7.071067811865e+00,        +1.412813719301e+01,        -6.437148264718e-02
 2.51400000e+00,        +7.071067811865e+00,        +1.412818040562e+01,        -6.505758884202e-02
 2.51420000e+00,        +7.071067811865e+00,        +1.412822307158e+01,        -6.574294504047e-02
 2.51440000e+00,        +7.071067811865e+00,        +1.412826519720e+01,        -6.642755818889e-02
 2.51460000e+00,        +7.071067811865e+00,        +1.412830678866e+01,        -6.711143516637e-02
 2.51480000e+00,        +7.071067811865e+00,        +1.412834785207e+01,        -6.779458278565e-02
 2.51500000e+00,        +7.071067811865e+00,        +1.412838839342e+01,        -6.847700779390e-02
 2.51520000e+00,        +7.071067811865e+00,        +1.412842841861e+01,        -6.915871687356e-02
 2.51540000e+00,        +7.071067811865e+00,        +1.412846793344e+01,        -6.983971664313e-02
 2.51560000e+00,        +7.071067811865e+00,        +1.412850694363e+01,        -7.052001365801e-02
 2.51580000e+00,        +7.071067811865e+00,        +1.412854545480e+01,        -7.119961441123e-02
 2.51600000e+00,        +7.071067811865e+00,        +1.412858347248e+01,        -7.187852533426e-02
 2.51620000e+00,        +7.071067811865e+00,        +1.412862100211e+01,        -7.255675279781e-02
 2.51640000e+00,        +7.071067811865e+00,        +1.412865804906e+01,        -7.323430311257e-02
 2.51660000e+00,        +7.071067811865e+00,        +1.412869461859e+01,        -7.391118252995e-02
 2.51680000e+00,        +7.071067811865e+00,        +1.412873071590e+01,        -7.458739724290e-02
 2.51700000e+00,        +7.071067811865e+00,        +1.412876634610e+01,        -7.526295338657e-02
 2.51720000e+00,        +7.071067811865e+00,        +1.412880151421e+01,        -7.593785703906e-02
 2.51740000e+00,        +7.071067811865e+00,        +1.412883622518e+01,        -7.661211422223e-02
 2.51760000e+00,        +7.071067811865e+00,        +1.412887048389e+01,        -7.728573090229e-02
 2.51780000e+00,        +7.071067811865e+00,        +1.412890429514e+01,        -7.795871299059e-02
 2.51800000e+00,        +7.071067811865e+00,        +1.412893766366e+01,        -7.863106634433e-02
 2.51820000e+00,        +7.071067811865e+00,        +1.412897059408e+01,        -7.930279676718e-02
 2.51840000e+00,        +7.071067811865e+00,        +1.412900309099e+01,        -7.997391001007e-02
 2.51860000e+00,        +7.071067811865e+00,        +1.412903515891e+01,        -8.064441177176e-02
 2.51880000e+00,        +7.071067811865e+00,        +1.412906680226e+01,        -8.131430769958e-02
 2.51900000e+00,        +7.071067811865e+00,        +1.412909802543e+01,        -8.198360339011e-02
 2.51920000e+00,        +7.071067811865e+00,        +1.412912883272e+01,        -8.265230438978e-02
 2.51940000e+00,        +7.071067811865e+00,        +1.412915922836e+01,        -8.332041619551e-02
 2.51960000e+00,        +7.071067811865e+00,        +1.412918921654e+01,        -8.398794425544e-02
 2.51980000e+00,        +7.071067811865e+00,        +1.412921880137e+01,        -8.465489396948e-02
 2.52000000e+00,        +7.071067811865e+00,        +1.412924798690e+01,        -8.532127068995e-02
 2.52020000e+00,        +7.071067811865e+00,        +1.412927677712e+01,        -8.598707972225e-02
 2.52040000e+00,        +7.071067811865e+00,        +1.412930517596e+01,        -8.665232632540e-02
 2.52060000e+00,        +7.071067811865e+00,        +1.412933318730e+01,        -8.731701571272e-02
 2.52080000e+00,        +7.071067811865e+00,        +1.412936081494e+01,        -8.798115305235e-02
 2.52100000e+00,        +7.071067811865e+00,        +1.412938806264e+01,        -8.864474346793e-02
 2.52120000e+00,        +7.071067811865e+00,        +1.412941493412e+01,        -8.930779203909e-02
 2.52140000e+00,        +7.071067811865e+00,        +1.412944143300e+01,        -8.997030380214e-02
 2.52160000e+00,        +7.071067811865e+00,        +1.412946756290e+01,        -9.063228375051e-02
 2.52180000e+00,        +7.071067811865e+00,        +1.412949332734e+01,        -9.129373683545e-02
 2.52200000e+00,        +7.071067811865e+00,        +1.412951872981e+01,        -9.195466796648e-02
 2.52220000e+00,        +7.071067811865e+00,        +1.412954377376e+01,        -9.261508201202e-02
 2.52240000e+00,        +7.071067811865e+00,        +1.412956846257e+01,        -9.327498379989e-02
 2.52260000e+00,        +7.071067811865e+00,        +1.412959279958e+01,        -9.393437811786e-02
 2.52280000e+00,        +7.071067811865e+00,        +1.412961678807e+01,        -9.459326971423e-02
 2.52300000e+00,        +7.071067811865e+00,        +1.412964043130e+01,        -9.525166329826e-02
 2.52320000e+00,        +7.071067811865e+00,        +1.412966373245e+01,        -9.590956354081e-02
 2.52340000e+00,        +7.071067811865e+00,        +1.412968669466e+01,        -9.656697507476e-02
 2.52360000e+00,        +7.071067811865e+00,        +1.412970932106e+01,        -9.722390249559e-02
 2.52380000e+00,        +7.071067811865e+00,        +1.412973161469e+01,        -9.788035036184e-02
 2.52400000e+00,        +7.071067811865e+00,        +1.412975357856e+01,        -9.853632319564e-02
 2.52420000e+00,        +7.071067811865e+00,        +1.412977521566e+01,        -9.919182548316e-02
 2.52440000e+00,        +7.071067811865e+00,        +1.412979652891e+01,        -9.984686167517e-02
 2.52460000e+00,        +7.071067811865e+00,        +1.412981752120e+01,        -1.005014361875e-01
 2.52480000e+00,        +7.071067811865e+00,        +1.412983819537e+01,        -1.011555534014e-01
 2.52500000e+00,        +7.071067811865e+00,        +1.412985855423e+01,        -1.018092176642e-01
 2.52520000e+00,        +7.071067811865e+00,        +1.412987860055e+01,        -1.024624332897e-01
 2.52540000e+00,        +7.071067811865e+00,        +1.412989833705e+01,        -1.031152045586e-01
 2.52560000e+00,        +7.071067811865e+00,        +1.412991776643e+01,        -1.037675357191e-01
 2.52580000e+00,        +7.071067811865e+00,        +1.412993689133e+01,        -1.044194309869e-01
 2.52600000e+00,        +7.071067811865e+00,        +1.412995571438e+01,        -1.050708945464e-01
 2.52620000e+00,        +7.071067811865e+00,        +1.412997423814e+01,        -1.057219305506e-01
 2.52640000e+00,        +7.071067811865e+00,        +1.412999246516e+01,        -1.063725431214e-01
 2.52660000e+00,        +7.071067811865e+00,        +1.413001039795e+01,        -1.070227363506e-01
 2.52680000e+00,        +7.071067811865e+00,        +1.413002803898e+01,        -1.076725143001e-01
 2.52700000e+00,        +7.071067811865e+00,        +1.413004539068e+01,        -1.083218810019e-01
 2.52720000e+00,        +7.071067811865e+00,        +1.413006245546e+01,        -1.089708404593e-01
 2.52740000e+00,        +7.071067811865e+00,        +1.413007923569e+01,        -1.096193966466e-01
 2.52760000e+00,        +7.071067811865e+00,        +1.413009573371e+01,        -1.102675535098e-01
 2.52780000e+00,        +7.071067811865e+00,        +1.413011195182e+01,        -1.109153149673e-01
 2.52800000e+00,        +7.071067811865e+00,        +1.413012789230e+01,        -1.115626849098e-01
 2.52820000e+00,        +7.071067811865e+00,        +1.413014355739e+01,        -1.122096672009e-01
 2.52840000e+00,        +7.071067811865e+00,        +1.413015894930e+01,        -1.128562656777e-01
 2.52860000e+00,        +7.071067811865e+00,        +1.413017407021e+01,        -1.135024841508e-01
 2.52880000e+00,        +7.071067811865e+00,        +1.413018892228e+01,        -1.141483264051e-01
 2.52900000e+00,        +7.071067811865e+00,        +1.413020350763e+01,        -1.147937961998e-01
 2.52920000e+00,        +7.071067811865e+00,        +1.413021782835e+01,        -1.154388972692e-01
 2.52940000e+00,        +7.071067811865e+00,        +1.413023188651e+01,        -1.160836333226e-01
 2.52960000e+00,        +7.071067811865e+00,        +1.413024568415e+01,        -1.167280080451e-01
 2.52980000e+00,        +7.071067811865e+00,        +1.413025922327e+01,        -1.173720250977e-01
 2.53000000e+00,        +7.071067811865e+00,        +1.413027250586e+01,        -1.180156881178e-01
 2.53020000e+00,        +7.071067811865e+00,        +1.413028553389e+01,        -1.186590007195e-01
 2.53040000e+00,        +7.071067811865e+00,        +1.413029830926e+01,        -1.193019664940e-01
 2.53060000e+00,        +7.071067811865e+00,        +1.413031083390e+01,        -1.199445890101e-01
 2.53080000e+00,        +7.071067811865e+00,        +1.413032310968e+01,        -1.205868718140e-01
 2.53100000e+00,        +7.071067811865e+00,        +1.413033513846e+01,        -1.212288184304e-01
 2.53120000e+00,        +7.071067811865e+00,        +1.413034692205e+01,        -1.218704323625e-01
 2.53140000e+00,        +7.071067811865e+00,        +1.413035846228e+01,        -1.225117170921e-01
 2.53160000e+00,        +7.071067811865e+00,        +1.413036976091e+01,        -1.231526760805e-01
 2.53180000e+00,        +7.071067811865e+00,        +1.413038081970e+01,        -1.237933127682e-01
 2.53200000e+00,        +7.071067811865e+00,        +1.413039164040e+01,        -1.244336305758e-01
 2.53220000e+00,        +7.071067811865e+00,        +1.413040222471e+01,        -1.250736329042e-01
 2.53240000e+00,        +7.071067811865e+00,        +1.413041257431e+01,        -1.257133231344e-01
 2.53260000e+00,        +7.071067811865e+00,        +1.413042269087e+01,        -1.263527046288e-01
 2.53280000e+00,        +7.071067811865e+00,        +1.413043257604e+01,        -1.269917807306e-01
 2.53300000e+00,        +7.071067811865e+00,        +1.413044223145e+01,        -1.276305547648e-01
 2.53320000e+00,        +7.071067811865e+00,        +1.413045165868e+01,        -1.282690300379e-01
 2.53340000e+00,        +7.071067811865e+00,        +1.413046085932e+01,        -1.289072098390e-01
 2.53360000e+00,        +7.071067811865e+00,        +1.413046983492e+01,        -1.295450974392e-01
 2.53380000e+00,        +7.071067811865e+00,        +1.413047858704e+01,        -1.301826960929e-01
 2.53400000e+00,        +7.071067811865e+00,        +1.413048711717e+01,        -1.308200090372e-01
 2.53420000e+00,        +7.071067811865e+00,        +1.413049542684e+01,        -1.314570394929e-01
 2.53440000e+00,        +7.071067811865e+00,        +1.413050351750e+01,        -1.320937906644e-01
 2.53460000e+00,        +7.071067811865e+00,        +1.413051139063e+01,        -1.327302657401e-01
 2.53480000e+00,        +7.071067811865e+00,        +1.413051904765e+01,        -1.333664678929e-01
 2.53500000e+00,        +7.071067811865e+00,        +1.413052649000e+01,        -1.340024002803e-01
 2.53520000e+00,        +7.071067811865e+00,        +1.413053371908e+01,        -1.346380660447e-01
 2.53540000e+00,        +7.071067811865e+00,        +1.413054073627e+01,        -1.352734683138e-01
 2.53560000e+00,        +7.071067811865e+00,        +1.413054754294e+01,        -1.359086102008e-01
 2.53580000e+00,        +7.071067811865e+00,        +1.413055414043e+01,        -1.365434948050e-01
 2.53600000e+00,        +7.071067811865e+00,        +1.413056053009e+01,        -1.371781252116e-01
 2.53620000e+00,        +7.071067811865e+00,        +1.413056671322e+01,        -1.378125044923e-01
 2.53640000e+00,        +7.071067811865e+00,        +1.413057269112e+01,        -1.384466357057e-01
 2.53660000e+00,        +7.071067811865e+00,        +1.413057846507e+01,        -1.390805218972e-01
 2.53680000e+00,        +7.071067811865e+00,        +1.413058403634e+01,        -1.397141660997e-01
 2.53700000e+00,        +7.071067811865e+00,        +1.413058940616e+01,        -1.403475713337e-01
 2.53720000e+00,        +7.071067811865e+00,        +1.413059457579e+01,        -1.409807406077e-01
 2.53740000e+00,        +7.071067811865e+00,        +1.413059954642e+01,        -1.416136769182e-01
 2.53760000e+00,        +7.071067811865e+00,        +1.413060431926e+01,        -1.422463832503e-01
 2.53780000e+00,        +7.071067811865e+00,        +1.413060889550e+01,        -1.428788625779e-01
 2.53800000e+00,        +7.071067811865e+00,        +1.413061327629e+01,        -1.435111178640e-01
 2.53820000e+00,        +7.071067811865e+00,        +1.413061746281e+01,        -1.441431520609e-01
 2.53840000e+00,        +7.071067811865e+00,        +1.413062145618e+01,        -1.447749681104e-01
 2.53860000e+00,        +7.071067811865e+00,        +1.413062525752e+01,        -1.454065689445e-01
 2.53880000e+00,        +7.071067811865e+00,        +1.413062886796e+01,        -1.460379574852e-01
 2.53900000e+00,        +7.071067811865e+00,        +1.413063228858e+01,        -1.466691366451e-01
 2.53920000e+00,        +7.071067811865e+00,        +1.413063552046e+01,        -1.473001093274e-01
 2.53940000e+00,        +7.071067811865e+00,        +1.413063856468e+01,        -1.479308784265e-01
 2.53960000e+00,        +7.071067811865e+00,        +1.413064142228e+01,        -1.485614468282e-01
 2.53980000e+00,        +7.071067811865e+00,        +1.413064409431e+01,        -1.491918174098e-01
 2.54000000e+00,        +7.071067811865e+00,        +1.413064658179e+01,        -1.498219930405e-01
 2.54020000e+00,        +7.071067811865e+00,        +1.413064888573e+01,        -1.504519765816e-01
 2.54040000e+00,        +7.071067811865e+00,        +1.413065100713e+01,        -1.510817708871e-01
 2.54060000e+00,        +7.071067811865e+00,        +1.413065294699e+01,        -1.517113788036e-01
 2.54080000e+00,        +7.071067811865e+00,        +1.413065470627e+01,        -1.523408031707e-01
 2.54100000e+00,        +7.071067811865e+00,        +1.413065628594e+01,        -1.529700468213e-01
 2.54120000e+00,        +7.071067811865e+00,        +1.413065768695e+01,        -1.535991125821e-01
 2.54140000e+00,        +7.071067811865e+00,        +1.413065891023e+01,        -1.542280032733e-01
 2.54160000e+00,        +7.071067811865e+00,        +1.413065995670e+01,        -1.548567217096e-01
 2.54180000e+00,        +7.071067811865e+00,        +1.413066082728e+01,        -1.554852707000e-01
 2.54200000e+00,        +7.071067811865e+00,        +1.413066152288e+01,        -1.561136530482e-01
 2.54220000e+00,        +7.071067811865e+00,        +1.413066204437e+01,        -1.567418715529e-01
 2.54240000e+00,        +7.071067811865e+00,        +1.413066239263e+01,        -1.573699290082e-01
 2.54260000e+00,        +7.071067811865e+00,        +1.413066256854e+01,        -1.579978282038e-01
 2.54280000e+00,        +7.071067811865e+00,        +1.413066257294e+01,        -1.586255719251e-01
 2.54300000e+00,        +7.071067811865e+00,        +1.413066240668e+01,        -1.592531629537e-01
 2.54320000e+00,        +7.071067811865e+00,        +1.413066207060e+01,        -1.598806040678e-01
 2.54340000e+00,        +7.071067811865e+00,        +1.413066156550e+01,        -1.605078980422e-01
 2.54360000e+00,        +7.071067811865e+00,        +1.413066089220e+01,        -1.611350476487e-01
 2.54380000e+00,        +7.071067811865e+00,        +1.413066005151e+01,        -1.617620556566e-01
 2.54400000e+00,        +7.071067811865e+00,        +1.413065904421e+01,        -1.623889248326e-01
 2.54420000e+00,        +7.071067811865e+00,        +1.413065787108e+01,        -1.630156579415e-01
 2.54440000e+00,        +7.071067811865e+00,        +1.413065653288e+01,        -1.636422577462e-01
 2.54460000e+00,        +7.071067811865e+00,        +1.413065503038e+01,        -1.642687270081e-01
 2.54480000e+00,        +7.071067811865e+00,        +1.413065336432e+01,        -1.648950684875e-01
 2.54500000e+00,        +7.071067811865e+00,        +1.413065153544e+01,        -1.655212849437e-01
 2.54520000e+00,        +7.071067811865e+00,        +1.413064954447e+01,        -1.661473791354e-01
 2.54540000e+00,        +7.071067811865e+00,        +1.413064739212e+01,        -1.667733538213e-01
 2.54560000e+00,        +7.071067811865e+00,        +1.413064507911e+01,        -1.673992117597e-01
 2.54580000e+00,        +7.071067811865e+00,        +1.413064260613e+01,        -1.680249557096e-01
 2.54600000e+00,        +7.071067811865e+00,        +1.413063997388e+01,        -1.686505884304e-01
 2.54620000e+00,        +7.071067811865e+00,        +1.413063718302e+01,        -1.692761126827e-01
 2.54640000e+00,        +7.071067811865e+00,        +1.413063423424e+01,        -1.699015312283e-01
 2.54660000e+00,        +7.071067811865e+00,        +1.413063112820e+01,        -1.705268468305e-01
 2.54680000e+00,        +7.071067811865e+00,        +1.413062786554e+01,        -1.711520622546e-01
 2.54700000e+00,        +7.071067811865e+00,        +1.413062444691e+01,        -1.717771802682e-01
 2.54720000e+00,        +7.071067811865e+00,        +1.413062087294e+01,        -1.724022036415e-01
 2.54740000e+00,        +7.071067811865e+00,        +1.413061714426e+01,        -1.730271351476e-01
 2.54760000e+00,        +7.071067811865e+00,        +1.413061326149e+01,        -1.736519775627e-01
 2.54780000e+00,        +7.071067811865e+00,        +1.413060922523e+01,        -1.742767336669e-01
 2.54800000e+00,        +7.071067811865e+00,        +1.413060503608e+01,        -1.749014062439e-01
 2.54820000e+00,        +7.071067811865e+00,        +1.413060069464e+01,        -1.755259980820e-01
 2.54840000e+00,        +7.071067811865e+00,        +1.413059620148e+01,        -1.761505119739e-01
 2.54860000e+00,        +7.071067811865e+00,        +1.413059155719e+01,        -1.767749507174e-01
 2.54880000e+00,        +7.071067811865e+00,        +1.413058676231e+01,        -1.773993171156e-01
 2.54900000e+00,        +7.071067811865e+00,        +1.413058181743e+01,        -1.780236139772e-01
 2.54920000e+00,        +7.071067811865e+00,        +1.413057672307e+01,        -1.786478441172e-01
 2.54940000e+00,        +7.071067811865e+00,        +1.413057147979e+01,        -1.792720103569e-01
 2.54960000e+00,        +7.071067811865e+00,        +1.413056608812e+01,        -1.798961155245e-01
 2.54980000e+00,        +7.071067811865e+00,        +1.413056054858e+01,        -1.805201624552e-01
 2.55000000e+00,        +7.071067811865e+00,        +1.413055486169e+01,        -1.811441539919e-01
 2.55020000e+00,        +7.071067811865e+00,        +1.413054902796e+01,        -1.817680929856e-01
 2.55040000e+00,        +7.071067811865e+00,        +1.413054304789e+01,        -1.823919822954e-01
 2.55060000e+00,        +7.071067811865e+00,        +1.413053692198e+01,        -1.830158247894e-01
 2.55080000e+00,        +7.071067811865e+00,        +1.413053065071e+01,        -1.836396233447e-01
 2.55100000e+00,        +7.071067811865e+00,        +1.413052423456e+01,        -1.842633808481e-01
 2.55120000e+00,        +7.071067811865e+00,        +1.413051767401e+01,        -1.848871001963e-01
 2.55140000e+00,        +7.071067811865e+00,        +1.413051096952e+01,        -1.855107842964e-01
 2.55160000e+00,        +7.071067811865e+00,        +1.413050412154e+01,        -1.861344360665e-01
 2.55180000e+00,        +7.071067811865e+00,        +1.413049713053e+01,        -1.867580584358e-01
 2.55200000e+00,        +7.071067811865e+00,        +1.413048999692e+01,        -1.873816543454e-01
 2.55220000e+00,        +7.071067811865e+00,        +1.413048272116e+01,        -1.880052267485e-01
 2.55240000e+00,        +7.071067811865e+00,        +1.413047530367e+01,        -1.886287786108e-01
 2.55260000e+00,        +7.071067811865e+00,        +1.413046774487e+01,        -1.892523129113e-01
 2.55280000e+00,        +7.071067811865e+00,        +1.413046004517e+01,        -1.898758326425e-01
 2.55300000e+00,        +7.071067811865e+00,        +1.413045220499e+01,        -1.904993408110e-01
 2.55320000e+00,        +7.071067811865e+00,        +1.413044422472e+01,        -1.911228404377e-01
 2.55340000e+00,        +7.071067811865e+00,        +1.413043610475e+01,        -1.917463345588e-01
 2.55360000e+00,        +7.071067811865e+00,        +1.413042784547e+01,        -1.923698262260e-01
 2.55380000e+00,        +7.071067811865e+00,        +1.413041944726e+01,        -1.929933185068e-01
 2.55400000e+00,        +7.071067811865e+00,        +1.413041091049e+01,        -1.936168144856e-01
 2.55420000e+00,        +7.071067811865e+00,        +1.413040223552e+01,        -1.942403172637e-01
 2.55440000e+00,        +7.071067811865e+00,        +1.413039342272e+01,        -1.948638299602e-01
 2.55460000e+00,        +7.071067811865e+00,        +1.413038447244e+01,        -1.954873557121e-01
 2.55480000e+00,        +7.071067811865e+00,        +1.413037538502e+01,        -1.961108976754e-01
 2.55500000e+00,        +7.071067811865e+00,        +1.413036616080e+01,        -1.967344590254e-01
 2.55520000e+00,        +7.071067811865e+00,        +1.413035680011e+01,        -1.973580429572e-01
 2.55540000e+00,        +7.071067811865e+00,        +1.413034730328e+01,        -1.979816526866e-01
 2.55560000e+00,        +7.071067811865e+00,        +1.413033767062e+01,        -1.986052914503e-01
 2.55580000e+00,        +7.071067811865e+00,        +1.413032790246e+01,        -1.992289625067e-01
 2.55600000e+00,        +7.071067811865e+00,        +1.413031799909e+01,        -1.998526691368e-01
 2.55620000e+00,        +7.071067811865e+00,        +1.413030796081e+01,        -2.004764146443e-01
 2.55640000e+00,        +7.071067811865e+00,        +1.413029778791e+01,        -2.011002023567e-01
 2.55660000e+00,        +7.071067811865e+00,        +1.413028748069e+01,        -2.017240356259e-01
 2.55680000e+00,        +7.071067811865e+00,        +1.413027703942e+01,        -2.023479178286e-01
 2.55700000e+00,        +7.071067811865e+00,        +1.413026646438e+01,        -2.029718523673e-01
 2.55720000e+00,        +7.071067811865e+00,        +1.413025575582e+01,        -2.035958426708e-01
 2.55740000e+00,        +7.071067811865e+00,        +1.413024491402e+01,        -2.042198921953e-01
 2.55760000e+00,        +7.071067811865e+00,        +1.413023393923e+01,        -2.048440044245e-01
 2.55780000e+00,        +7.071067811865e+00,        +1.413022283169e+01,        -2.054681828710e-01
 2.55800000e+00,        +7.071067811865e+00,        +1.413021159164e+01,        -2.060924310766e-01
 2.55820000e+00,        +7.071067811865e+00,        +1.413020021933e+01,        -2.067167526134e-01
 2.55840000e+00,        +7.071067811865e+00,        +1.413018871497e+01,        -2.073411510846e-01
 2.55860000e+00,        +7.071067811865e+00,        +1.413017707880e+01,        -2.079656301250e-01
 2.55880000e+00,        +7.071067811865e+00,        +1.413016531103e+01,        -2.085901934021e-01
 2.55900000e+00,        +7.071067811865e+00,        +1.413015341186e+01,        -2.092148446171e-01
 2.55920000e+00,        +7.071067811865e+00,        +1.413014138150e+01,        -2.098395875054e-01
 2.55940000e+00,        +7.071067811865e+00,        +1.413012922015e+01,        -2.104644258379e-01
 2.55960000e+00,        +7.071067811865e+00,        +1.413011692800e+01,        -2.110893634216e-01
 2.55980000e+00,        +7.071067811865e+00,        +1.413010450524e+01,        -2.117144041007e-01
 2.56000000e+00,        +7.071067811865e+00,        +1.413009195203e+01,        -2.123395517577e-01
 2.56020000e+00,        +7.071067811865e+00,        +1.413007926856e+01,        -2.129648103140e-01
 2.56040000e+00,        +7.071067811865e+00,        +1.413006645498e+01,        -2.135901837314e-01
 2.56060000e+00,        +7.071067811865e+00,        +1.413005351146e+01,        -2.142156760127e-01
 2.56080000e+00,        +7.071067811865e+00,        +1.413004043815e+01,        -2.148412912031e-01
 2.56100000e+00,        +7.071067811865e+00,        +1.413002723520e+01,        -2.154670333911e-01
 2.56120000e+00,        +7.071067811865e+00,        +1.413001390274e+01,        -2.160929067097e-01
 2.56140000e+00,        +7.071067811865e+00,        +1.413000044091e+01,        -2.167189153375e-01
 2.56160000e+00,        +7.071067811865e+00,        +1.412998684983e+01,        -2.173450634998e-01
 2.56180000e+00,        +7.071067811865e+00,        +1.412997312963e+01,        -2.179713554700e-01
 2.56200000e+00,        +7.071067811865e+00,        +1.412995928042e+01,        -2.185977955707e-01
 2.56220000e+00,        +7.071067811865e+00,        +1.412994530230e+01,        -2.192243881751e-01
 2.56240000e+00,        +7.071067811865e+00,        +1.412993119538e+01,        -2.198511377081e-01
 2.56260000e+00,        +7.071067811865e+00,        +1.412991695975e+01,        -2.204780486476e-01
 2.56280000e+00,        +7.071067811865e+00,        +1.412990259550e+01,        -2.211051255262e-01
 2.56300000e+00,        +7.071067811865e+00,        +1.412988810271e+01,        -2.217323729323e-01
 2.56320000e+00,        +7.071067811865e+00,        +1.412987348145e+01,        -2.223597955116e-01
 2.56340000e+00,        +7.071067811865e+00,        +1.412985873179e+01,        -2.229873979687e-01
 2.56360000e+00,        +7.071067811865e+00,        +1.412984385379e+01,        -2.236151850685e-01
 2.56380000e+00,        +7.071067811865e+00,        +1.412982884750e+01,        -2.242431616378e-01
 2.56400000e+00,        +7.071067811865e+00,        +1.412981371298e+01,        -2.248713325668e-01
 2.56420000e+00,        +7.071067811865e+00,        +1.412979845025e+01,        -2.254997028109e-01
 2.56440000e+00,        +7.071067811865e+00,        +1.412978305936e+01,        -2.261282773923e-01
 2.56460000e+00,        +7.071067811865e+00,        +1.412976754032e+01,        -2.267570614018e-01
 2.56480000e+00,        +7.071067811865e+00,        +1.412975189316e+01,        -2.273860600005e-01
 2.56500000e+00,        +7.071067811865e+00,        +1.412973611789e+01,        -2.280152784217e-01
 2.56520000e+00,        +7.071067811865e+00,        +1.412972021451e+01,        -2.286447219727e-01
 2.56540000e+00,        +7.071067811865e+00,        +1.412970418302e+01,        -2.292743960369e-01
 2.56560000e+00,        +7.071067811865e+00,        +1.412968802341e+01,        -2.299043060756e-01
 2.56580000e+00,        +7.071067811865e+00,        +1.412967173566e+01,        -2.305344576301e-01
 2.56600000e+00,        +7.071067811865e+00,        +1.412965531974e+01,        -2.311648563241e-01
 2.56620000e+00,        +7.071067811865e+00,        +1.412963877563e+01,        -2.317955078654e-01
 2.56640000e+00,        +7.071067811865e+00,        +1.412962210327e+01,        -2.324264180484e-01
 2.56660000e+00,        +7.071067811865e+00,        +1.412960530263e+01,        -2.330575927563e-01
 2.56680000e+00,        +7.071067811865e+00,        +1.412958837364e+01,        -2.336890379638e-01
 2.56700000e+00,        +7.071067811865e+00,        +1.412957131624e+01,        -2.343207597389e-01
 2.56720000e+00,        +7.071067811865e+00,        +1.412955413035e+01,        -2.349527642461e-01
 2.56740000e+00,        +7.071067811865e+00,        +1.412953681590e+01,        -2.355850577486e-01
 2.56760000e+00,        +7.071067811865e+00,        +1.412951937280e+01,        -2.362176466107e-01
 2.56780000e+00,        +7.071067811865e+00,        +1.412950180095e+01,        -2.368505373015e-01
 2.56800000e+00,        +7.071067811865e+00,        +1.412948410024e+01,        -2.374837363965e-01
 2.56820000e+00,        +7.071067811865e+00,        +1.412946627055e+01,        -2.381172505816e-01
 2.56840000e+00,        +7.071067811865e+00,        +1.412944831177e+01,        -2.387510866553e-01
 2.56860000e+00,        +7.071067811865e+00,        +1.412943022376e+01,        -2.393852515325e-01
 2.56880000e+00,        +7.071067811865e+00,        +1.412941200637e+01,        -2.400197522470e-01
 2.56900000e+00,        +7.071067811865e+00,        +1.412939365946e+01,        -2.406545959554e-01
 2.56920000e+00,        +7.071067811865e+00,        +1.412937518287e+01,        -2.412897899402e-01
 2.56940000e+00,        +7.071067811865e+00,        +1.412935657642e+01,        -2.419253416133e-01
 2.56960000e+00,        +7.071067811865e+00,        +1.412933783994e+01,        -2.425612585197e-01
 2.56980000e+00,        +7.071067811865e+00,        +1.412931897323e+01,        -2.431975483414e-01
 2.57000000e+00,        +7.071067811865e+00,        +1.412929997610e+01,        -2.438342189010e-01
 2.57020000e+00,        +7.071067811865e+00,        +1.412928084833e+01,        -2.444712781659e-01
 2.57040000e+00,        +7.071067811865e+00,        +1.412926158970e+01,        -2.451087342522e-01
 2.57060000e+00,        +7.071067811865e+00,        +1.412924219999e+01,        -2.457465954293e-01
 2.57080000e+00,        +7.071067811865e+00,        +1.412922267895e+01,        -2.463848701240e-01
 2.57100000e+00,        +7.071067811865e+00,        +1.412920302633e+01,        -2.470235669252e-01
 2.57120000e+00,        +7.071067811865e+00,        +1.412918324186e+01,        -2.476626945886e-01
 2.57140000e+00,        +7.071067811865e+00,        +1.412916332526e+01,        -2.483022620415e-01
 2.57160000e+00,        +7.071067811865e+00,        +1.412914327625e+01,        -2.489422783879e-01
 2.57180000e+00,        +7.071067811865e+00,        +1.412912309453e+01,        -2.495827529137e-01
 2.57200000e+00,        +7.071067811865e+00,        +1.412910277979e+01,        -2.502236950922e-01
 2.57220000e+00,        +7.071067811865e+00,        +1.412908233169e+01,        -2.508651145893e-01
 2.57240000e+00,        +7.071067811865e+00,        +1.412906174991e+01,        -2.515070212698e-01
 2.57260000e+00,        +7.071067811865e+00,        +1.412904103408e+01,        -2.521494252030e-01
 2.57280000e+00,        +7.071067811865e+00,        +1.412902018385e+01,        -2.527923366689e-01
 2.57300000e+00,        +7.071067811865e+00,        +1.412899919884e+01,        -2.534357661649e-01
 2.57320000e+00,        +7.071067811865e+00,        +1.412897807865e+01,        -2.540797244122e-01
 2.57340000e+00,        +7.071067811865e+00,        +1.412895682288e+01,        -2.547242223625e-01
 2.57360000e+00,        +7.071067811865e+00,        +1.412893543110e+01,        -2.553692712057e-01
 2.57380000e+00,        +7.071067811865e+00,        +1.412891390288e+01,        -2.560148823768e-01
 2.57400000e+00,        +7.071067811865e+00,        +1.412889223776e+01,        -2.566610675636e-01
 2.57420000e+00,        +7.071067811865e+00,        +1.412887043528e+01,        -2.573078387150e-01
 2.57440000e+00,        +7.071067811865e+00,        +1.412884849495e+01,        -2.579552080489e-01
 2.57460000e+00,        +7.071067811865e+00,        +1.412882641626e+01,        -2.586031880608e-01
 2.57480000e+00,        +7.071067811865e+00,        +1.412880419870e+01,        -2.592517915329e-01
 2.57500000e+00,        +7.071067811865e+00,        +1.412878184173e+01,        -2.599010315432e-01
 2.57520000e+00,        +7.071067811865e+00,        +1.412875934480e+01,        -2.605509214748e-01
 2.57540000e+00,        +7.071067811865e+00,        +1.412873670732e+01,        -2.612014750264e-01
 2.57560000e+00,        +7.071067811865e+00,        +1.412871392870e+01,        -2.618527062222e-01
 2.57580000e+00,        +7.071067811865e+00,        +1.412869100834e+01,        -2.625046294227e-01
 2.57600000e+00,        +7.071067811865e+00,        +1.412866794558e+01,        -2.631572593361e-01
 2.57620000e+00,        +7.071067811865e+00,        +1.412864473979e+01,        -2.638106110295e-01
 2.57640000e+00,        +7.071067811865e+00,        +1.412862139027e+01,        -2.644646999415e-01
 2.57660000e+00,        +7.071067811865e+00,        +1.412859789633e+01,        -2.651195418940e-01
 2.57680000e+00,        +7.071067811865e+00,        +1.412857425725e+01,        -2.657751531062e-01
 2.57700000e+00,        +7.071067811865e+00,        +1.412855047227e+01,        -2.664315502074e-01
 2.57720000e+00,        +7.071067811865e+00,        +1.412852654063e+01,        -2.670887502515e-01
 2.57740000e+00,        +7.071067811865e+00,        +1.412850246152e+01,        -2.677467707317e-01
 2.57760000e+00,        +7.071067811865e+00,        +1.412847823412e+01,        -2.684056295959e-01
 2.57780000e+00,        +7.071067811865e+00,        +1.412845385759e+01,        -2.690653452625e-01
 2.57800000e+00,        +7.071067811865e+00,        +1.412842933103e+01,        -2.697259366374e-01
 2.57820000e+00,        +7.071067811865e+00,        +1.412840465354e+01,        -2.703874231309e-01
 2.57840000e+00,        +7.071067811865e+00,        +1.412837982418e+01,        -2.710498246765e-01
 2.57860000e+00,        +7.071067811865e+00,        +1.412835484199e+01,        -2.717131617491e-01
 2.57880000e+00,        +7.071067811865e+00,        +1.412832970595e+01,        -2.723774553851e-01
 2.57900000e+00,        +7.071067811865e+00,        +1.412830441504e+01,        -2.730427272032e-01
 2.57920000e+00,        +7.071067811865e+00,        +1.412827896818e+01,        -2.737089994254e-01
 2.57940000e+00,        +7.071067811865e+00,        +1.412825336426e+01,        -2.743762948999e-01
 2.57960000e+00,        +7.071067811865e+00,        +1.412822760215e+01,        -2.750446371242e-01
 2.57980000e+00,        +7.071067811865e+00,        +1.412820168066e+01,        -2.757140502701e-01
 2.58000000e+00,        +7.071067811865e+00,        +1.412817559857e+01,        -2.763845592089e-01
 2.58020000e+00,        +7.071067811865e+00,        +1.412814935461e+01,        -2.770561895385e-01
 2.58040000e+00,        +7.071067811865e+00,        +1.412812294749e+01,        -2.777289676113e-01
 2.58060000e+00,        +7.071067811865e+00,        +1.412809637585e+01,        -2.784029205638e-01
 2.58080000e+00,        +7.071067811865e+00,        +1.412806963828e+01,        -2.790780763471e-01
 2.58100000e+00,        +7.071067811865e+00,        +1.412804273336e+01,        -2.797544637592e-01
 2.58120000e+00,        +7.071067811865e+00,        +1.412801565957e+01,        -2.804321124789e-01
 2.58140000e+00,        +7.071067811865e+00,        +1.412798841538e+01,        -2.811110531009e-01
 2.58160000e+00,        +7.071067811865e+00,        +1.412796099918e+01,        -2.817913171733e-01
 2.58180000e+00,        +7.071067811865e+00,        +1.412793340931e+01,        -2.824729372359e-01
 2.58200000e+00,        +7.071067811865e+00,        +1.412790564406e+01,        -2.831559468616e-01
 2.58220000e+00,        +7.071067811865e+00,        +1.412787770164e+01,        -2.838403806989e-01
 2.58240000e+00,        +7.071067811865e+00,        +1.412784958021e+01,        -2.845262745170e-01
 2.58260000e+00,        +7.071067811865e+00,        +1.412782127787e+01,        -2.852136652533e-01
 2.58280000e+00,        +7.071067811865e+00,        +1.412779279262e+01,        -2.859025910626e-01
 2.58300000e+00,        +7.071067811865e+00,        +1.412776412243e+01,        -2.865930913697e-01
 2.58320000e+00,        +7.071067811865e+00,        +1.412773526516e+01,        -2.872852069243e-01
 2.58340000e+00,        +7.071067811865e+00,        +1.412770621860e+01,        -2.879789798587e-01
 2.58360000e+00,        +7.071067811865e+00,        +1.412767698046e+01,        -2.886744537490e-01
 2.58380000e+00,        +7.071067811865e+00,        +1.412764754837e+01,        -2.893716736786e-01
 2.58400000e+00,        +7.071067811865e+00,        +1.412761791985e+01,        -2.900706863065e-01
 2.58420000e+00,        +7.071067811865e+00,        +1.412758809235e+01,        -2.907715399380e-01
 2.58440000e+00,        +7.071067811865e+00,        +1.412755806320e+01,        -2.914742846001e-01
 2.58460000e+00,        +7.071067811865e+00,        +1.412752782962e+01,        -2.921789721207e-01
 2.58480000e+00,        +7.071067811865e+00,        +1.412749738876e+01,        -2.928856562123e-01
 2.58500000e+00,        +7.071067811865e+00,        +1.412746673760e+01,        -2.935943925604e-01
 2.58520000e+00,        +7.071067811865e+00,        +1.412743587305e+01,        -2.943052389171e-01
 2.58540000e+00,        +7.071067811865e+00,        +1.412740479186e+01,        -2.950182551996e-01
 2.58560000e+00,        +7.071067811865e+00,        +1.412737349066e+01,        -2.957335035948e-01
 2.58580000e+00,        +7.071067811865e+00,        +1.412734196594e+01,        -2.964510486702e-01
 2.58600000e+00,        +7.071067811865e+00,        +1.412731021404e+01,        -2.971709574908e-01
 2.58620000e+00,        +7.071067811865e+00,        +1.412727823115e+01,        -2.978932997434e-01
 2.58640000e+00,        +7.071067811865e+00,        +1.412724601330e+01,        -2.986181478679e-01
 2.58660000e+00,        +7.071067811865e+00,        +1.412721355633e+01,        -2.993455771974e-01
 2.58680000e+00,        +7.071067811865e+00,        +1.412718085591e+01,        -3.000756661063e-01
 2.58700000e+00,        +7.071067811865e+00,        +1.412714790754e+01,        -3.008084961674e-01
 2.58720000e+00,        +7.071067811865e+00,        +1.412711470649e+01,        -3.015441523197e-01
 2.58740000e+00,        +7.071067811865e+00,        +1.412708124782e+01,        -3.022827230459e-01
 2.58760000e+00,        +7.071067811865e+00,        +1.412704752639e+01,        -3.030243005621e-01
 2.58780000e+00,        +7.071067811865e+00,        +1.412701353679e+01,        -3.037689810191e-01
 2.58800000e+00,        +7.071067811865e+00,        +1.412697927338e+01,        -3.045168647176e-01
 2.58820000e+00,        +7.071067811865e+00,        +1.412694473026e+01,        -3.052680563368e-01
 2.58840000e+00,        +7.071067811865e+00,        +1.412690990122e+01,        -3.060226651791e-01
 2.58860000e+00,        +7.071067811865e+00,        +1.412687477977e+01,        -3.067808054308e-01
 2.58880000e+00,        +7.071067811865e+00,        +1.412683935910e+01,        -3.075425964412e-01
 2.58900000e+00,        +7.071067811865e+00,        +1.412680363208e+01,        -3.083081630206e-01
 2.58920000e+00,        +7.071067811865e+00,        +1.412676759118e+01,        -3.090776357592e-01
 2.58940000e+00,        +7.071067811865e+00,        +1.412673122854e+01,        -3.098511513692e-01
 2.58960000e+00,        +7.071067811865e+00,        +1.412669453585e+01,        -3.106288530504e-01
 2.58980000e+00,        +7.071067811865e+00,        +1.412665750440e+01,        -3.114108908835e-01
 2.59000000e+00,        +7.071067811865e+00,        +1.412662012501e+01,        -3.121974222518e-01
 2.59020000e+00,        +7.071067811865e+00,        +1.412658238801e+01,        -3.129886122939e-01
 2.59040000e+00,        +7.071067811865e+00,        +1.412654428320e+01,        -3.137846343914e-01
 2.59060000e+00,        +7.071067811865e+00,        +1.412650579983e+01,        -3.145856706932e-01
 2.59080000e+00,        +7.071067811865e+00,        +1.412646692655e+01,        -3.153919126808e-01
 2.59100000e+00,        +7.071067811865e+00,        +1.412642765136e+01,        -3.162035617770e-01
 2.59120000e+00,        +7.071067811865e+00,        +1.412638796159e+01,        -3.170208300044e-01
 2.59140000e+00,        +7.071067811865e+00,        +1.412634784382e+01,        -3.178439406956e-01
 2.59160000e+00,        +7.071067811865e+00,        +1.412630728384e+01,        -3.186731292618e-01
 2.59180000e+00,        +7.071067811865e+00,        +1.412626626660e+01,        -3.195086440250e-01
 2.59200000e+00,        +7.071067811865e+00,        +1.412622477614e+01,        -3.203507471200e-01
 2.59220000e+00,        +7.071067811865e+00,        +1.412618279549e+01,        -3.211997154726e-01
 2.59240000e+00,        +7.071067811865e+00,        +1.412614030664e+01,        -3.220558418631e-01
 2.59260000e+00,        +7.071067811865e+00,        +1.412609729044e+01,        -3.229194360817e-01
 2.59280000e+00,        +7.071067811865e+00,        +1.412605372649e+01,        -3.237908261877e-01
 2.59300000e+00,        +7.071067811865e+00,        +1.412600959305e+01,        -3.246703598810e-01
 2.59320000e+00,        +7.071067811865e+00,        +1.412596486694e+01,        -3.255584060001e-01
 2.59340000e+00,        +7.071067811865e+00,        +1.412591952340e+01,        -3.264553561589e-01
 2.59360000e+00,        +7.071067811865e+00,        +1.412587353596e+01,        -3.273616265375e-01
 2.59380000e+00,        +7.071067811865e+00,        +1.412582687630e+01,        -3.282776598457e-01
 2.59400000e+00,        +7.071067811865e+00,        +1.412577951408e+01,        -3.292039274771e-01
 2.59420000e+00,        +7.071067811865e+00,        +1.412573141673e+01,        -3.301409318767e-01
 2.59440000e+00,        +7.071067811865e+00,        +1.412568254931e+01,        -3.310892091474e-01
 2.59460000e+00,        +7.071067811865e+00,        +1.412563287422e+01,        -3.320493319229e-01
 2.59480000e+00,        +7.071067811865e+00,        +1.412558235098e+01,        -3.330219125403e-01
 2.59500000e+00,        +7.071067811865e+00,        +1.412553093594e+01,        -3.340076065492e-01
 2.59520000e+00,        +7.071067811865e+00,        +1.412547858198e+01,        -3.350071165998e-01
 2.59540000e+00,        +7.071067811865e+00,        +1.412542523814e+01,        -3.360211967580e-01
 2.59560000e+00,        +7.071067811865e+00,        +1.412537084924e+01,        -3.370506573046e-01
 2.59580000e+00,        +7.071067811865e+00,        +1.412531535543e+01,        -3.380963700811e-01
 2.59600000e+00,        +7.071067811865e+00,        +1.412525869168e+01,        -3.391592744583e-01
 2.59620000e+00,        +7.071067811865e+00,        +1.412520078723e+01,        -3.402403840130e-01
 2.59640000e+00,        +7.071067811865e+00,        +1.412514156495e+01,        -3.413407940122e-01
 2.59660000e+00,        +7.071067811865e+00,        +1.412508094059e+01,        -3.424616898222e-01
 2.59680000e+00,        +7.071067811865e+00,        +1.412501882198e+01,        -3.436043563782e-01
 2.59700000e+00,        +7.071067811865e+00,        +1.412495510805e+01,        -3.447701888738e-01
 2.59720000e+00,        +7.071067811865e+00,        +1.412488968777e+01,        -3.459607048573e-01
 2.59740000e+00,        +7.071067811865e+00,        +1.412482243890e+01,        -3.471775579574e-01
 2.59760000e+00,        +7.071067811865e+00,        +1.412475322655e+01,        -3.484225534970e-01
 2.59780000e+00,        +7.071067811865e+00,        +1.412468190153e+01,        -3.496976663092e-01
 2.59800000e+00,        +7.071067811865e+00,        +1.412460829840e+01,        -3.510050611228e-01
 2.59820000e+00,        +7.071067811865e+00,        +1.412453223325e+01,        -3.523471159628e-01
 2.59840000e+00,        +7.071067811865e+00,        +1.412445350108e+01,        -3.537264490984e-01
 2.59860000e+00,        +7.071067811865e+00,        +1.412437187275e+01,        -3.551459501816e-01
 2.59880000e+00,        +7.071067811865e+00,        +1.412428709130e+01,        -3.566088163580e-01
 2.59900000e+00,        +7.071067811865e+00,        +1.412419886775e+01,        -3.581185942998e-01
 2.59920000e+00,        +7.071067811865e+00,        +1.412410687597e+01,        -3.596792293277e-01
 2.59940000e+00,        +7.071067811865e+00,        +1.412401074665e+01,        -3.612951230544e-01
 2.59960000e+00,        +7.071067811865e+00,        +1.412391005997e+01,        -3.629712013278e-01
 2.59980000e+00,        +7.071067811865e+00,        +1.412380433688e+01,        -3.647129946848e-01
 2.60000000e+00,        +7.071067811865e+00,        +1.412369302841e+01,        -3.665267340890e-01
 2.60020000e+00,        +7.071067811865e+00,        +1.412357550270e+01,        -3.684194654489e-01
 2.60040000e+00,        +7.071067811865e+00,        +1.412345102902e+01,        -3.703991873606e-01
 2.60060000e+00,        +7.071067811865e+00,        +1.412331875803e+01,        -3.724750177592e-01
 2.60080000e+00,        +7.071067811865e+00,        +1.412317769724e+01,        -3.746573968149e-01
 2.60100000e+00,        +7.071067811865e+00,        +1.412302668010e+01,        -3.769583356109e-01
 2.60120000e+00,        +7.071067811865e+00,        +1.412286432699e+01,        -3.793917231269e-01
 2.60140000e+00,        +7.071067811865e+00,        +1.412268899535e+01,        -3.819737081170e-01
 2.60160000e+00,        +7.071067811865e+00,        +1.412249871544e+01,        -3.847231781013e-01
 2.60180000e+00,        +7.071067811865e+00,        +1.412229110657e+01,        -3.876623655449e-01
 2.60200000e+00,        +7.071067811865e+00,        +1.412206326685e+01,        -3.908176224403e-01
 2.60220000e+00,        +7.071067811865e+00,        +1.412181162614e+01,        -3.942204204993e-01
 2.60240000e+00,        +7.071067811865e+00,        +1.412153174737e+01,        -3.979086575009e-01
 2.60260000e+00,        +7.071067811865e+00,        +1.412121805413e+01,        -4.019283849495e-01
 2.60280000e+00,        +7.071067811865e+00,        +1.412086345110e+01,        -4.063361244867e-01
 2.60300000e+00,        +7.071067811865e+00,        +1.412045878594e+01,        -4.112020210810e-01
 2.60320000e+00,        +7.071067811865e+00,        +1.411999207093e+01,        -4.166142080002e-01
 2.60340000e+00,        +7.071067811865e+00,        +1.411944733226e+01,        -4.226849636110e-01
 2.60360000e+00,        +7.071067811865e+00,        +1.411880286631e+01,        -4.295595803646e-01
 2.60380000e+00,        +7.071067811865e+00,        +1.411802852182e+01,        -4.374294487627e-01
 2.60400000e+00,        +7.071067811865e+00,        +1.411708132569e+01,        -4.465518912758e-01
 2.60420000e+00,        +7.071067811865e+00,        +1.411589817704e+01,        -4.572811844721e-01
 2.60440000e+00,        +7.071067811865e+00,        +1.411438310299e+01,        -4.701188817583e-01
 2.60460000e+00,        +7.071067811865e+00,        +1.411238385589e+01,        -4.857990309280e-01
 2.60480000e+00,        +7.071067811865e+00,        +1.410964618804e+01,        -5.054401095585e-01
 2.60500000e+00,        +7.071067811865e+00,        +1.410571742772e+01,        -5.308334794928e-01
 2.60520000e+00,        +7.071067811865e+00,        +1.409972255269e+01,        -5.650357032542e-01
 2.60540000e+00,        +7.071067811865e+00,        +1.408977419160e+01,        -6.137136319235e-01
 2.60560000e+00,        +7.071067811865e+00,        +1.407112372633e+01,        -6.886362659266e-01
 2.60580000e+00,        +7.071067811865e+00,        +1.402867616821e+01,        -8.185783309819e-01
 2.60600000e+00,        +7.071067811865e+00,        +1.389060510775e+01,        -1.093003981343e+00
 2.60620000e+00,        +7.071067811865e+00,        +1.288637665972e+01,        -1.728019527712e+00
 2.60640000e+00,        +7.071067811865e+00,        +1.275908176356e+01,        +1.136894061175e+00
 2.60660000e+00,        +7.071067811865e+00,        +1.392818956455e+01,        +4.497577448877e-01
 2.60680000e+00,        +7.071067811865e+00,        +1.406025815133e+01,        +1.453593243158e-01
 2.60700000e+00,        +7.071067811865e+00,        +1.409549242339e+01,        +5.953998007465e-03
 2.60720000e+00,        +7.071067811865e+00,        +1.410922542034e+01,        -7.302261902826e-02
 2.60740000e+00,        +7.071067811865e+00,        +1.411576176397e+01,        -1.237896222472e-01
 2.60760000e+00,        +7.071067811865e+00,        +1.411927556963e+01,        -1.592056012785e-01
 2.60780000e+00,        +7.071067811865e+00,        +1.412132232719e+01,        -1.853659108553e-01
 2.60800000e+00,        +7.071067811865e+00,        +1.412258181721e+01,        -2.055226705184e-01
 2.60820000e+00,        +7.071067811865e+00,        +1.412338651900e+01,        -2.215666359614e-01
 2.60840000e+00,        +7.071067811865e+00,        +1.412391328814e+01,        -2.346710932452e-01
 2.60860000e+00,        +7.071067811865e+00,        +1.412426252175e+01,        -2.456023065315e-01
 2.60880000e+00,        +7.071067811865e+00,        +1.412449424704e+01,        -2.548817651822e-01
 2.60900000e+00,        +7.071067811865e+00,        +1.412464590421e+01,        -2.628766154425e-01
 2.60920000e+00,        +7.071067811865e+00,        +1.412474167926e+01,        -2.698527873212e-01
 2.60940000e+00,        +7.071067811865e+00,        +1.412479766431e+01,        -2.760076041122e-01
 2.60960000e+00,        +7.071067811865e+00,        +1.412482483865e+01,        -2.814905547238e-01
 2.60980000e+00,        +7.071067811865e+00,        +1.412483085670e+01,        -2.864169533969e-01
 2.61000000e+00,        +7.071067811865e+00,        +1.412482115552e+01,        -2.908771734917e-01
 2.61020000e+00,        +7.071067811865e+00,        +1.412479966045e+01,        -2.949430420358e-01
 2.61040000e+00,        +7.071067811865e+00,        +1.412476924598e+01,        -2.986723635436e-01
 2.61060000e+00,        +7.071067811865e+00,        +1.412473204344e+01,        -3.021121817125e-01
 2.61080000e+00,        +7.071067811865e+00,        +1.412468965047e+01,        -3.053011714350e-01
 2.61100000e+00,        +7.071067811865e+00,        +1.412464327617e+01,        -3.082714200807e-01
 2.61120000e+00,        +7.071067811865e+00,        +1.412459384322e+01,        -3.110497724967e-01
 2.61140000e+00,        +7.071067811865e+00,        +1.412454206087e+01,        -3.136588594757e-01
 2.61160000e+00,        +7.071067811865e+00,        +1.412448847764e+01,        -3.161178933014e-01
 2.61180000e+00,        +7.071067811865e+00,        +1.412443352001e+01,        -3.184432896625e-01
 2.61200000e+00,        +7.071067811865e+00,        +1.412437752094e+01,        -3.206491585889e-01
 2.61220000e+00,        +7.071067811865e+00,        +1.412432074123e+01,        -3.227476954935e-01
 2.61240000e+00,        +7.071067811865e+00,        +1.412426338566e+01,        -3.247494952534e-01
 2.61260000e+00,        +7.071067811865e+00,        +1.412420561520e+01,        -3.266638064365e-01
 2.61280000e+00,        +7.071067811865e+00,        +1.412414755641e+01,        -3.284987385705e-01
 2.61300000e+00,        +7.071067811865e+00,        +1.412408930867e+01,        -3.302614322686e-01
 2.61320000e+00,        +7.071067811865e+00,        +1.412403094981e+01,        -3.319581997528e-01
 2.61340000e+00,        +7.071067811865e+00,        +1.412397254055e+01,        -3.335946416125e-01
 2.61360000e+00,        +7.071067811865e+00,        +1.412391412787e+01,        -3.351757443594e-01
 2.61380000e+00,        +7.071067811865e+00,        +1.412385574781e+01,        -3.367059623643e-01
 2.61400000e+00,        +7.071067811865e+00,        +1.412379742763e+01,        -3.381892870171e-01
 2.61420000e+00,        +7.071067811865e+00,        +1.412373918751e+01,        -3.396293053747e-01
 2.61440000e+00,        +7.071067811865e+00,        +1.412368104195e+01,        -3.410292501162e-01
 2.61460000e+00,        +7.071067811865e+00,        +1.412362300086e+01,        -3.423920422696e-01
 2.61480000e+00,        +7.071067811865e+00,        +1.412356507050e+01,        -3.437203279045e-01
 2.61500000e+00,        +7.071067811865e+00,        +1.412350725416e+01,        -3.450165097595e-01
 2.61520000e+00,        +7.071067811865e+00,        +1.412344955276e+01,        -3.462827746034e-01
 2.61540000e+00,        +7.071067811865e+00,        +1.412339196534e+01,        -3.475211169853e-01
 2.61560000e+00,        +7.071067811865e+00,        +1.412333448941e+01,        -3.487333599190e-01
 2.61580000e+00,        +7.071067811865e+00,        +1.412327712130e+01,        -3.499211729531e-01
 2.61600000e+00,        +7.071067811865e+00,        +1.412321985642e+01,        -3.510860880035e-01
 2.61620000e+00,        +7.071067811865e+00,        +1.412316268944e+01,        -3.522295132664e-01
 2.61640000e+00,        +7.071067811865e+00,        +1.412310561447e+01,        -3.533527454771e-01
 2.61660000e+00,        +7.071067811865e+00,        +1.412304862523e+01,        -3.544569807394e-01
 2.61680000e+00,        +7.071067811865e+00,        +1.412299171513e+01,        -3.555433241170e-01
 2.61700000e+00,        +7.071067811865e+00,        +1.412293487737e+01,        -3.566127981489e-01
 2.61720000e+00,        +7.071067811865e+00,        +1.412287810502e+01,        -3.576663504255e-01
 2.61740000e+00,        +7.071067811865e+00,        +1.412282139110e+01,        -3.587048603467e-01
 2.61760000e+00,        +7.071067811865e+00,        +1.412276472858e+01,        -3.597291451613e-01
 2.61780000e+00,        +7.071067811865e+00,        +1.412270811048e+01,        -3.607399653752e-01
 2.61800000e+00,        +7.071067811865e+00,        +1.412265152986e+01,        -3.617380296060e-01
 2.61820000e+00,        +7.071067811865e+00,        +1.412259497985e+01,        -3.627239989464e-01
 2.61840000e+00,        +7.071067811865e+00,        +1.412253845370e+01,        -3.636984908954e-01
 2.61860000e+00,        +7.071067811865e+00,        +1.412248194475e+01,        -3.646620829057e-01
 2.61880000e+00,        +7.071067811865e+00,        +1.412242544648e+01,        -3.656153155900e-01
 2.61900000e+00,        +7.071067811865e+00,        +1.412236895250e+01,        -3.665586956250e-01
 2.61920000e+00,        +7.071067811865e+00,        +1.412231245655e+01,        -3.674926983837e-01
 2.61940000e+00,        +7.071067811865e+00,        +1.412225595253e+01,        -3.684177703280e-01
 2.61960000e+00,        +7.071067811865e+00,        +1.412219943447e+01,        -3.693343311843e-01
 2.61980000e+00,        +7.071067811865e+00,        +1.412214289654e+01,        -3.702427759262e-01
 2.62000000e+00,        +7.071067811865e+00,        +1.412208633308e+01,        -3.711434765826e-01
 2.62020000e+00,        +7.071067811865e+00,        +1.412202973855e+01,        -3.720367838911e-01
 2.62040000e+00,        +7.071067811865e+00,        +1.412197310757e+01,        -3.729230288090e-01
 2.62060000e+00,        +7.071067811865e+00,        +1.412191643489e+01,        -3.738025238984e-01
 2.62080000e+00,        +7.071067811865e+00,        +1.412185971539e+01,        -3.746755645967e-01
 2.62100000e+00,        +7.071067811865e+00,        +1.412180294410e+01,        -3.755424303824e-01
 2.62120000e+00,        +7.071067811865e+00,        +1.412174611617e+01,        -3.764033858484e-01
 2.62140000e+00,        +7.071067811865e+00,        +1.412168922688e+01,        -3.772586816885e-01
 2.62160000e+00,        +7.071067811865e+00,        +1.412163227162e+01,        -3.781085556075e-01
 2.62180000e+00,        +7.071067811865e+00,        +1.412157524591e+01,        -3.789532331606e-01
 2.62200000e+00,        +7.071067811865e+00,        +1.412151814539e+01,        -3.797929285281e-01
 2.62220000e+00,        +7.071067811865e+00,        +1.412146096578e+01,        -3.806278452327e-01
 2.62240000e+00,        +7.071067811865e+00,        +1.412140370294e+01,        -3.814581768016e-01
 2.62260000e+00,        +7.071067811865e+00,        +1.412134635282e+01,        -3.822841073822e-01
 2.62280000e+00,        +7.071067811865e+00,        +1.412128891145e+01,        -3.831058123104e-01
 2.62300000e+00,        +7.071067811865e+00,        +1.412123137499e+01,        -3.839234586403e-01
 2.62320000e+00,        +7.071067811865e+00,        +1.412117373965e+01,        -3.847372056347e-01
 2.62340000e+00,        +7.071067811865e+00,        +1.412111600176e+01,        -3.855472052224e-01
 2.62360000e+00,        +7.071067811865e+00,        +1.412105815771e+01,        -3.863536024224e-01
 2.62380000e+00,        +7.071067811865e+00,        +1.412100020398e+01,        -3.871565357404e-01
 2.62400000e+00,        +7.071067811865e+00,        +1.412094213714e+01,        -3.879561375377e-01
 2.62420000e+00,        +7.071067811865e+00,        +1.412088395379e+01,        -3.887525343749e-01
 2.62440000e+00,        +7.071067811865e+00,        +1.412082565064e+01,        -3.895458473343e-01
 2.62460000e+00,        +7.071067811865e+00,        +1.412076722446e+01,        -3.903361923193e-01
 2.62480000e+00,        +7.071067811865e+00,        +1.412070867207e+01,        -3.911236803358e-01
 2.62500000e+00,        +7.071067811865e+00,        +1.412064999036e+01,        -3.919084177550e-01
 2.62520000e+00,        +7.071067811865e+00,        +1.412059117627e+01,        -3.926905065596e-01
 2.62540000e+00,        +7.071067811865e+00,        +1.412053222680e+01,        -3.934700445741e-01
 2.62560000e+00,        +7.071067811865e+00,        +1.412047313901e+01,        -3.942471256817e-01
 2.62580000e+00,        +7.071067811865e+00,        +1.412041391001e+01,        -3.950218400269e-01
 2.62600000e+00,        +7.071067811865e+00,        +1.412035453693e+01,        -3.957942742066e-01
 2.62620000e+00,        +7.071067811865e+00,        +1.412029501699e+01,        -3.965645114487e-01
 2.62640000e+00,        +7.071067811865e+00,        +1.412023534742e+01,        -3.973326317813e-01
 2.62660000e+00,        +7.071067811865e+00,        +1.412017552550e+01,        -3.980987121906e-01
 2.62680000e+00,        +7.071067811865e+00,        +1.412011554855e+01,        -3.988628267704e-01
 2.62700000e+00,        +7.071067811865e+00,        +1.412005541394e+01,        -3.996250468630e-01
 2.62720000e+00,        +7.071067811865e+00,        +1.411999511905e+01,        -4.003854411912e-01
 2.62740000e+00,        +7.071067811865e+00,        +1.411993466132e+01,        -4.011440759835e-01
 2.62760000e+00,        +7.071067811865e+00,        +1.411987403820e+01,        -4.019010150925e-01
 2.62780000e+00,        +7.071067811865e+00,        +1.411981324718e+01,        -4.026563201054e-01
 2.62800000e+00,        +7.071067811865e+00,        +1.411975228578e+01,        -4.034100504503e-01
 2.62820000e+00,        +7.071067811865e+00,        +1.411969115155e+01,        -4.041622634946e-01
 2.62840000e+00,        +7.071067811865e+00,        +1.411962984204e+01,        -4.049130146401e-01
 2.62860000e+00,        +7.071067811865e+00,        +1.411956835487e+01,        -4.056623574111e-01
 2.62880000e+00,        +7.071067811865e+00,        +1.411950668763e+01,        -4.064103435393e-01
 2.62900000e+00,        +7.071067811865e+00,        +1.411944483798e+01,        -4.071570230435e-01
 2.62920000e+00,        +7.071067811865e+00,        +1.411938280357e+01,        -4.079024443050e-01
 2.62940000e+00,        +7.071067811865e+00,        +1.411932058207e+01,        -4.086466541397e-01
 2.62960000e+00,        +7.071067811865e+00,        +1.411925817117e+01,        -4.093896978657e-01
 2.62980000e+00,        +7.071067811865e+00,        +1.411919556859e+01,        -4.101316193685e-01
 2.63000000e+00,        +7.071067811865e+00,        +1.411913277206e+01,        -4.108724611616e-01
 2.63020000e+00,        +7.071067811865e+00,        +1.411906977930e+01,        -4.116122644453e-01
 2.63040000e+00,        +7.071067811865e+00,        +1.411900658807e+01,        -4.123510691616e-01
 2.63060000e+00,        +7.071067811865e+00,        +1.411894319613e+01,        -4.130889140473e-01
 2.63080000e+00,        +7.071067811865e+00,        +1.411887960126e+01,        -4.138258366836e-01
 2.63100000e+00,        +7.071067811865e+00,        +1.411881580124e+01,        -4.145618735440e-01
 2.63120000e+00,        +7.071067811865e+00,        +1.411875179386e+01,        -4.152970600396e-01
 2.63140000e+00,        +7.071067811865e+00,        +1.411868757693e+01,        -4.160314305620e-01
 2.63160000e+00,        +7.071067811865e+00,        +1.411862314825e+01,        -4.167650185250e-01
 2.63180000e+00,        +7.071067811865e+00,        +1.411855850563e+01,        -4.174978564031e-01
 2.63200000e+00,        +7.071067811865e+00,        +1.411849364689e+01,        -4.182299757697e-01
 2.63220000e+00,        +7.071067811865e+00,        +1.411842856987e+01,        -4.189614073318e-01
 2.63240000e+00,        +7.071067811865e+00,        +1.411836327238e+01,        -4.196921809650e-01
 2.63260000e+00,        +7.071067811865e+00,        +1.411829775226e+01,        -4.204223257452e-01
 2.63280000e+00,        +7.071067811865e+00,        +1.411823200734e+01,        -4.211518699801e-01
 2.63300000e+00,        +7.071067811865e+00,        +1.411816603546e+01,        -4.218808412386e-01
 2.63320000e+00,        +7.071067811865e+00,        +1.411809983445e+01,        -4.226092663792e-01
 2.63340000e+00,        +7.071067811865e+00,        +1.411803340215e+01,        -4.233371715770e-01
 2.63360000e+00,        +7.071067811865e+00,        +1.411796673640e+01,        -4.240645823498e-01
 2.63380000e+00,        +7.071067811865e+00,        +1.411789983503e+01,        -4.247915235826e-01
 2.63400000e+00,        +7.071067811865e+00,        +1.411783269587e+01,        -4.255180195513e-01
 2.63420000e+00,        +7.071067811865e+00,        +1.411776531675e+01,        -4.262440939457e-01
 2.63440000e+00,        +7.071067811865e+00,        +1.411769769551e+01,        -4.269697698909e-01
 2.63460000e+00,        +7.071067811865e+00,        +1.411762982996e+01,        -4.276950699682e-01
 2.63480000e+00,        +7.071067811865e+00,        +1.411756171793e+01,        -4.284200162353e-01
 2.63500000e+00,        +7.071067811865e+00,        +1.411749335723e+01,        -4.291446302450e-01
 2.63520000e+00,        +7.071067811865e+00,        +1.411742474567e+01,        -4.298689330638e-01
 2.63540000e+00,        +7.071067811865e+00,        +1.411735588106e+01,        -4.305929452893e-01
 2.63560000e+00,        +7.071067811865e+00,        +1.411728676120e+01,        -4.313166870675e-01
 2.63580000e+00,        +7.071067811865e+00,        +1.411721738387e+01,        -4.320401781083e-01
 2.63600000e+00,        +7.071067811865e+00,        +1.411714774687e+01,        -4.327634377017e-01
 2.63620000e+00,        +7.071067811865e+00,        +1.411707784796e+01,        -4.334864847324e-01
 2.63640000e+00,        +7.071067811865e+00,        +1.411700768491e+01,        -4.342093376941e-01
 2.63660000e+00,        +7.071067811865e+00,        +1.411693725549e+01,        -4.349320147037e-01
 2.63680000e+00,        +7.071067811865e+00,        +1.411686655743e+01,        -4.356545335138e-01
 2.63700000e+00,        +7.071067811865e+00,        +1.411679558849e+01,        -4.363769115263e-01
 2.63720000e+00,        +7.071067811865e+00,        +1.411672434639e+01,        -4.370991658039e-01
 2.63740000e+00,        +7.071067811865e+00,        +1.411665282885e+01,        -4.378213130824e-01
 2.63760000e+00,        +7.071067811865e+00,        +1.411658103357e+01,        -4.385433697819e-01
 2.63780000e+00,        +7.071067811865e+00,        +1.411650895825e+01,        -4.392653520176e-01
 2.63800000e+00,        +7.071067811865e+00,        +1.411643660058e+01,        -4.399872756104e-01
 2.63820000e+00,        +7.071067811865e+00,        +1.411636395821e+01,        -4.407091560971e-01
 2.63840000e+00,        +7.071067811865e+00,        +1.411629102882e+01,        -4.414310087400e-01
 2.63860000e+00,        +7.071067811865e+00,        +1.411621781003e+01,        -4.421528485364e-01
 2.63880000e+00,        +7.071067811865e+00,        +1.411614429949e+01,        -4.428746902277e-01
 2.63900000e+00,        +7.071067811865e+00,        +1.411607049480e+01,        -4.435965483081e-01
 2.63920000e+00,        +7.071067811865e+00,        +1.411599639357e+01,        -4.443184370329e-01
 2.63940000e+00,        +7.071067811865e+00,        +1.411592199337e+01,        -4.450403704269e-01
 2.63960000e+00,        +7.071067811865e+00,        +1.411584729179e+01,        -4.457623622921e-01
 2.63980000e+00,        +7.071067811865e+00,        +1.411577228636e+01,        -4.464844262151e-01
 2.64000000e+00,        +7.071067811865e+00,        +1.411569697463e+01,        -4.472065755746e-01
 2.64020000e+00,        +7.071067811865e+00,        +1.411562135411e+01,        -4.479288235487e-01
 2.64040000e+00,        +7.071067811865e+00,        +1.411554542231e+01,        -4.486511831212e-01
 2.64060000e+00,        +7.071067811865e+00,        +1.411546917670e+01,        -4.493736670886e-01
 2.64080000e+00,        +7.071067811865e+00,        +1.411539261476e+01,        -4.500962880661e-01
 2.64100000e+00,        +7.071067811865e+00,        +1.411531573392e+01,        -4.508190584943e-01
 2.64120000e+00,        +7.071067811865e+00,        +1.411523853162e+01,        -4.515419906445e-01
 2.64140000e+00,        +7.071067811865e+00,        +1.411516100526e+01,        -4.522650966252e-01
 2.64160000e+00,        +7.071067811865e+00,        +1.411508315222e+01,        -4.529883883869e-01
 2.64180000e+00,        +7.071067811865e+00,        +1.411500496988e+01,        -4.537118777279e-01
 2.64200000e+00,        +7.071067811865e+00,        +1.411492645557e+01,        -4.544355762998e-01
 2.64220000e+00,        +7.071067811865e+00,        +1.411484760663e+01,        -4.551594956118e-01
 2.64240000e+00,        +7.071067811865e+00,        +1.411476842035e+01,        -4.558836470362e-01
 2.64260000e+00,        +7.071067811865e+00,        +1.411468889402e+01,        -4.566080418132e-01
 2.64280000e+00,        +7.071067811865e+00,        +1.411460902489e+01,        -4.573326910547e-01
 2.64300000e+00,        +7.071067811865e+00,        +1.411452881019e+01,        -4.580576057499e-01
 2.64320000e+00,        +7.071067811865e+00,        +1.411444824713e+01,        -4.587827967686e-01
 2.64340000e+00,        +7.071067811865e+00,        +1.411436733291e+01,        -4.595082748660e-01
 2.64360000e+00,        +7.071067811865e+00,        +1.411428606467e+01,        -4.602340506865e-01
 2.64380000e+00,        +7.071067811865e+00,        +1.411420443957e+01,        -4.609601347676e-01
 2.64400000e+00,        +7.071067811865e+00,        +1.411412245471e+01,        -4.616865375440e-01
 2.64420000e+00,        +7.071067811865e+00,        +1.411404010718e+01,        -4.624132693510e-01
 2.64440000e+00,        +7.071067811865e+00,        +1.411395739403e+01,        -4.631403404281e-01
 2.64460000e+00,        +7.071067811865e+00,        +1.411387431231e+01,        -4.638677609228e-01
 2.64480000e+00,        +7.071067811865e+00,        +1.411379085901e+01,        -4.645955408937e-01
 2.64500000e+00,        +7.071067811865e+00,        +1.411370703111e+01,        -4.653236903139e-01
 2.64520000e+00,        +7.071067811865e+00,        +1.411362282557e+01,        -4.660522190742e-01
 2.64540000e+00,        +7.071067811865e+00,        +1.411353823930e+01,        -4.667811369862e-01
 2.64560000e+00,        +7.071067811865e+00,        +1.411345326921e+01,        -4.675104537853e-01
 2.64580000e+00,        +7.071067811865e+00,        +1.411336791214e+01,        -4.682401791338e-01
 2.64600000e+00,        +7.071067811865e+00,        +1.411328216494e+01,        -4.689703226235e-01
 2.64620000e+00,        +7.071067811865e+00,        +1.411319602441e+01,        -4.697008937786e-01
 2.64640000e+00,        +7.071067811865e+00,        +1.411310948732e+01,        -4.704319020586e-01
 2.64660000e+00,        +7.071067811865e+00,        +1.411302255041e+01,        -4.711633568604e-01
 2.64680000e+00,        +7.071067811865e+00,        +1.411293521038e+01,        -4.718952675217e-01
 2.64700000e+00,        +7.071067811865e+00,        +1.411284746393e+01,        -4.726276433227e-01
 2.64720000e+00,        +7.071067811865e+00,        +1.411275930768e+01,        -4.733604934890e-01
 2.64740000e+00,        +7.071067811865e+00,        +1.411267073825e+01,        -4.740938271937e-01
 2.64760000e+00,        +7.071067811865e+00,        +1.411258175221e+01,        -4.748276535600e-01
 2.64780000e+00,        +7.071067811865e+00,        +1.411249234611e+01,        -4.755619816631e-01
 2.64800000e+00,        +7.071067811865e+00,        +1.411240251645e+01,        -4.762968205328e-01
 2.64820000e+00,        +7.071067811865e+00,        +1.411231225971e+01,        -4.770321791552e-01
 2.64840000e+00,        +7.071067811865e+00,        +1.411222157231e+01,        -4.777680664753e-01
 2.64860000e+00,        +7.071067811865e+00,        +1.411213045066e+01,        -4.785044913984e-01
 2.64880000e+00,        +7.071067811865e+00,        +1.411203889111e+01,        -4.792414627926e-01
 2.64900000e+00,        +7.071067811865e+00,        +1.411194689000e+01,        -4.799789894908e-01
 2.64920000e+00,        +7.071067811865e+00,        +1.411185444360e+01,        -4.807170802918e-01
 2.64940000e+00,        +7.071067811865e+00,        +1.411176154816e+01,        -4.814557439633e-01
 2.64960000e+00,        +7.071067811865e+00,        +1.411166819989e+01,        -4.821949892428e-01
 2.64980000e+00,        +7.071067811865e+00,        +1.411157439496e+01,        -4.829348248396e-01
 2.65000000e+00,        +7.071067811865e+00,        +1.411148012948e+01,        -4.836752594367e-01
