        f (GHz),               V_inc[1] (V),               Re{V[1]} (V),               Im{V[1]} (V)
 2.40000000e+00,        +7.071067811865e+00,        +1.118561845309e+01,        -2.566521794741e+00
 2.40002500e+00,        +7.071067811865e+00,        +1.118549677016e+01,        -2.566526194594e+00
 2.40005000e+00,        +7.071067811865e+00,        +1.118537506073e+01,        -2.566530586186e+00
 2.40007500e+00,        +7.071067811865e+00,        +1.118525332475e+01,        -2.566534969506e+00
 2.40010000e+00,        +7.071067811865e+00,        +1.118513156217e+01,        -2.566539344547e+00
 2.40012500e+00,        +7.071067811865e+00,        +1.118500977295e+01,        -2.566543711297e+00
 2.40015000e+00,        +7.071067811865e+00,        +1.118488795706e+01,        -2.566548069748e+00
 2.40017500e+00,        +7.071067811865e+00,        +1.118476611446e+01,        -2.566552419890e+00
 2.40020000e+00,        +7.071067811865e+00,        +1.118464424509e+01,        -2.566556761713e+00
 2.40022500e+00,        +7.071067811865e+00,        +1.118452234893e+01,        -2.566561095208e+00
 2.40025000e+00,        +7.071067811865e+00,        +1.118440042592e+01,        -2.566565420364e+00
 2.40027500e+00,        +7.071067811865e+00,        +1.118427847603e+01,        -2.566569737174e+00
 2.40030000e+00,        +7.071067811865e+00,        +1.118415649921e+01,        -2.566574045625e+00
 2.40032500e+00,        +7.071067811865e+00,        +1.118403449542e+01,        -2.566578345710e+00
 2.40035000e+00,        +7.071067811865e+00,        +1.118391246462e+01,        -2.566582637418e+00
 2.40037500e+00,        +7.071067811865e+00,        +1.118379040677e+01,        -2.566586920739e+00
 2.40040000e+00,        +7.071067811865e+00,        +1.118366832183e+01,        -2.566591195664e+00
 2.40042500e+00,        +7.071067811865e+00,        +1.118354620974e+01,        -2.566595462183e+00
 2.40045000e+00,        +7.071067811865e+00,        +1.118342407048e+01,        -2.566599720286e+00
 2.40047500e+00,        +7.071067811865e+00,        +1.118330190399e+01,        -2.566603969962e+00
 2.40050000e+00,        +7.071067811865e+00,        +1.118317971024e+01,        -2.566608211203e+00
 2.40052500e+00,        +7.071067811865e+00,        +1.118305748917e+01,        -2.566612443998e+00
 2.40055000e+00,        +7.071067811865e+00,        +1.118293524076e+01,        -2.566616668337e+00
 2.40057500e+00,        +7.071067811865e+00,        +1.118281296495e+01,        -2.566620884211e+00
 2.40060000e+00,        +7.071067811865e+00,        +1.118269066169e+01,        -2.566625091609e+00
 2.40062500e+00,        +7.071067811865e+00,        +1.118256833096e+01,        -2.566629290521e+00
 2.40065000e+00,        +7.071067811865e+00,        +1.118244597270e+01,        -2.566633480937e+00
 2.40067500e+00,        +7.071067811865e+00,        +1.118232358688e+01,        -2.566637662847e+00
 2.40070000e+00,        +7.071067811865e+00,        +1.118220117343e+01,        -2.566641836242e+00
 2.40072500e+00,        +7.071067811865e+00,        +1.118207873233e+01,        -2.566646001110e+00
 2.40075000e+00,        +7.071067811865e+00,        +1.118195626353e+01,        -2.566650157443e+00
 2.40077500e+00,        +7.071067811865e+00,        +1.118183376699e+01,        -2.566654305228e+00
 2.40080000e+00,        +7.071067811865e+00,        +1.118171124265e+01,        -2.566658444457e+00
 2.40082500e+00,        +7.071067811865e+00,        +1.118158869049e+01,        -2.566662575120e+00
 2.40085000e+00,        +7.071067811865e+00,        +1.118146611044e+01,        -2.566666697205e+00
 2.40087500e+00,        +7.071067811865e+00,        +1.118134350247e+01,        -2.566670810703e+00
 2.40090000e+00,        +7.071067811865e+00,        +1.118122086653e+01,        -2.566674915603e+00
 2.40092500e+00,        +7.071067811865e+00,        +1.118109820258e+01,        -2.566679011895e+00
 2.40095000e+00,        +7.071067811865e+00,        +1.118097551057e+01,        -2.566683099568e+00
 2.40097500e+00,        +7.071067811865e+00,        +1.118085279046e+01,        -2.566687178613e+00
 2.40100000e+00,        +7.071067811865e+00,        +1.118073004220e+01,        -2.566691249019e+00
 2.40102500e+00,        +7.071067811865e+00,        +1.118060726575e+01,        -2.566695310774e+00
 2.40105000e+00,        +7.071067811865e+00,        +1.118048446106e+01,        -2.566699363870e+00
 2.40107500e+00,        +7.071067811865e+00,        +1.118036162809e+01,        -2.566703408295e+00
 2.40110000e+00,        +7.071067811865e+00,        +1.118023876679e+01,        -2.566707444039e+00
 2.40112500e+00,        +7.071067811865e+00,        +1.118011587711e+01,        -2.566711471092e+00
 2.40115000e+00,        +7.071067811865e+00,        +1.117999295901e+01,        -2.566715489442e+00
 2.40117500e+00,        +7.071067811865e+00,        +1.117987001244e+01,        -2.566719499079e+00
 2.40120000e+00,        +7.071067811865e+00,        +1.117974703737e+01,        -2.566723499993e+00
 2.40122500e+00,        +7.071067811865e+00,        +1.117962403373e+01,        -2.566727492172e+00
 2.40125000e+00,        +7.071067811865e+00,        +1.117950100148e+01,        -2.566731475607e+00
 2.40127500e+00,        +7.071067811865e+00,        +1.117937794059e+01,        -2.566735450286e+00
 2.40130000e+00,        +7.071067811865e+00,        +1.117925485099e+01,        -2.566739416199e+00
 2.40132500e+00,        +7.071067811865e+00,        +1.117913173265e+01,        -2.566743373335e+00
 2.40135000e+00,        +7.071067811865e+00,        +1.117900858552e+01,        -2.566747321682e+00
 2.40137500e+00,        +7.071067811865e+00,        +1.117888540954e+01,        -2.566751261232e+00
 2.40140000e+00,        +7.071067811865e+00,        +1.117876220468e+01,        -2.566755191971e+00
 2.40142500e+00,        +7.071067811865e+00,        +1.117863897089e+01,        -2.566759113890e+00
 2.40145000e+00,        +7.071067811865e+00,        +1.117851570812e+01,        -2.566763026978e+00
 2.40147500e+00,        +7.071067811865e+00,        +1.117839241631e+01,        -2.566766931224e+00
 2.40150000e+00,        +7.071067811865e+00,        +1.117826909543e+01,        -2.566770826616e+00
 2.40152500e+00,        +7.071067811865e+00,        +1.117814574543e+01,        -2.566774713144e+00
 2.40155000e+00,        +7.071067811865e+00,        +1.117802236626e+01,        -2.566778590796e+00
 2.40157500e+00,        +7.071067811865e+00,        +1.117789895786e+01,        -2.566782459563e+00
 2.40160000e+00,        +7.071067811865e+00,        +1.117777552020e+01,        -2.566786319432e+00
 2.40162500e+00,        +7.071067811865e+00,        +1.117765205322e+01,        -2.566790170392e+00
 2.40165000e+00,        +7.071067811865e+00,        +1.117752855688e+01,        -2.566794012433e+00
 2.40167500e+00,        +7.071067811865e+00,        +1.117740503112e+01,        -2.566797845543e+00
 2.40170000e+00,        +7.071067811865e+00,        +1.117728147591e+01,        -2.566801669711e+00
 2.40172500e+00,        +7.071067811865e+00,        +1.117715789118e+01,        -2.566805484925e+00
 2.40175000e+00,        +7.071067811865e+00,        +1.117703427689e+01,        -2.566809291176e+00
 2.40177500e+00,        +7.071067811865e+00,        +1.117691063300e+01,        -2.566813088450e+00
 2.40180000e+00,        +7.071067811865e+00,        +1.117678695945e+01,        -2.566816876737e+00
 2.40182500e+00,        +7.071067811865e+00,        +1.117666325619e+01,        -2.566820656026e+00
 2.40185000e+00,        +7.071067811865e+00,        +1.117653952317e+01,        -2.566824426305e+00
 2.40187500e+00,        +7.071067811865e+00,        +1.117641576035e+01,        -2.566828187562e+00
 2.40190000e+00,        +7.071067811865e+00,        +1.117629196768e+01,        -2.566831939787e+00
 2.40192500e+00,        +7.071067811865e+00,        +1.117616814510e+01,        -2.566835682968e+00
 2.40195000e+00,        +7.071067811865e+00,        +1.117604429256e+01,        -2.566839417093e+00
 2.40197500e+00,        +7.071067811865e+00,        +1.117592041002e+01,        -2.566843142151e+00
 2.40200000e+00,        +7.071067811865e+00,        +1.117579649742e+01,        -2.566846858130e+00
 2.40202500e+00,        +7.071067811865e+00,        +1.117567255472e+01,        -2.566850565018e+00
 2.40205000e+00,        +7.071067811865e+00,        +1.117554858187e+01,        -2.566854262805e+00
 2.40207500e+00,        +7.071067811865e+00,        +1.117542457880e+01,        -2.566857951479e+00
 2.40210000e+00,        +7.071067811865e+00,        +1.117530054548e+01,        -2.566861631026e+00
 2.40212500e+00,        +7.071067811865e+00,        +1.117517648185e+01,        -2.566865301437e+00
 2.40215000e+00,        +7.071067811865e+00,        +1.117505238786e+01,        -2.566868962699e+00
 2.40217500e+00,        +7.071067811865e+00,        +1.117492826346e+01,        -2.566872614801e+00
 2.40220000e+00,        +7.071067811865e+00,        +1.117480410860e+01,        -2.566876257730e+00
 2.40222500e+00,        +7.071067811865e+00,        +1.117467992323e+01,        -2.566879891476e+00
 2.40225000e+00,        +7.071067811865e+00,        +1.117455570729e+01,        -2.566883516025e+00
 2.40227500e+00,        +7.071067811865e+00,        +1.117443146073e+01,        -2.566887131366e+00
 2.40230000e+00,        +7.071067811865e+00,        +1.117430718351e+01,        -2.566890737487e+00
 2.40232500e+00,        +7.071067811865e+00,        +1.117418287557e+01,        -2.566894334376e+00
 2.40235000e+00,        +7.071067811865e+00,        +1.117405853685e+01,        -2.566897922022e+00
 2.40237500e+00,        +7.071067811865e+00,        +1.117393416731e+01,        -2.566901500412e+00
 2.40240000e+00,        +7.071067811865e+00,        +1.117380976689e+01,        -2.566905069534e+00
 2.40242500e+00,        +7.071067811865e+00,        +1.117368533554e+01,        -2.566908629375e+00
 2.40245000e+00,        +7.071067811865e+00,        +1.117356087321e+01,        -2.566912179925e+00
 2.40247500e+00,        +7.071067811865e+00,        +1.117343637985e+01,        -2.566915721170e+00
 2.40250000e+00,        +7.071067811865e+00,        +1.117331185539e+01,        -2.566919253099e+00
 2.40252500e+00,        +7.071067811865e+00,        +1.117318729980e+01,        -2.566922775699e+00
 2.40255000e+00,        +7.071067811865e+00,        +1.117306271301e+01,        -2.566926288958e+00
 2.40257500e+00,        +7.071067811865e+00,        +1.117293809497e+01,        -2.566929792864e+00
 2.40260000e+00,        +7.071067811865e+00,        +1.117281344563e+01,        -2.566933287404e+00
 2.40262500e+00,        +7.071067811865e+00,        +1.117268876493e+01,        -2.566936772566e+00
 2.40265000e+00,        +7.071067811865e+00,        +1.117256405283e+01,        -2.566940248338e+00
 2.40267500e+00,        +7.071067811865e+00,        +1.117243930926e+01,        -2.566943714707e+00
 2.40270000e+00,        +7.071067811865e+00,        +1.117231453418e+01,        -2.566947171661e+00
 2.40272500e+00,        +7.071067811865e+00,        +1.117218972752e+01,        -2.566950619187e+00
 2.40275000e+00,        +7.071067811865e+00,        +1.117206488924e+01,        -2.566954057273e+00
 2.40277500e+00,        +7.071067811865e+00,        +1.117194001927e+01,        -2.566957485906e+00
 2.40280000e+00,        +7.071067811865e+00,        +1.117181511757e+01,        -2.566960905074e+00
 2.40282500e+00,        +7.071067811865e+00,        +1.117169018408e+01,        -2.566964314763e+00
 2.40285000e+00,        +7.071067811865e+00,        +1.117156521875e+01,        -2.566967714962e+00
 2.40287500e+00,        +7.071067811865e+00,        +1.117144022151e+01,        -2.566971105657e+00
 2.40290000e+00,        +7.071067811865e+00,        +1.117131519232e+01,        -2.566974486837e+00
 2.40292500e+00,        +7.071067811865e+00,        +1.117119013111e+01,        -2.566977858487e+00
 2.40295000e+00,        +7.071067811865e+00,        +1.117106503784e+01,        -2.566981220596e+00
 2.40297500e+00,        +7.071067811865e+00,        +1.117093991245e+01,        -2.566984573150e+00
 2.40300000e+00,        +7.071067811865e+00,        +1.117081475487e+01,        -2.566987916137e+00
 2.40302500e+00,        +7.071067811865e+00,        +1.117068956506e+01,        -2.566991249543e+00
 2.40305000e+00,        +7.071067811865e+00,        +1.117056434296e+01,        -2.566994573356e+00
 2.40307500e+00,        +7.071067811865e+00,        +1.117043908851e+01,        -2.566997887563e+00
 2.40310000e+00,        +7.071067811865e+00,        +1.117031380166e+01,        -2.567001192150e+00
 2.40312500e+00,        +7.071067811865e+00,        +1.117018848234e+01,        -2.567004487106e+00
 2.40315000e+00,        +7.071067811865e+00,        +1.117006313051e+01,        -2.567007772416e+00
 2.40317500e+00,        +7.071067811865e+00,        +1.116993774610e+01,        -2.567011048067e+00
 2.40320000e+00,        +7.071067811865e+00,        +1.116981232906e+01,        -2.567014314046e+00
 2.40322500e+00,        +7.071067811865e+00,        +1.116968687933e+01,        -2.567017570341e+00
 2.40325000e+00,        +7.071067811865e+00,        +1.116956139685e+01,        -2.567020816938e+00
 2.40327500e+00,        +7.071067811865e+00,        +1.116943588156e+01,        -2.567024053823e+00
 2.40330000e+00,        +7.071067811865e+00,        +1.116931033342e+01,        -2.567027280984e+00
 2.40332500e+00,        +7.071067811865e+00,        +1.116918475235e+01,        -2.567030498406e+00
 2.40335000e+00,        +7.071067811865e+00,        +1.116905913830e+01,        -2.567033706077e+00
 2.40337500e+00,        +7.071067811865e+00,        +1.116893349121e+01,        -2.567036903984e+00
 2.40340000e+00,        +7.071067811865e+00,        +1.116880781103e+01,        -2.567040092112e+00
 2.40342500e+00,        +7.071067811865e+00,        +1.116868209769e+01,        -2.567043270448e+00
 2.40345000e+00,        +7.071067811865e+00,        +1.116855635114e+01,        -2.567046438979e+00
 2.40347500e+00,        +7.071067811865e+00,        +1.116843057132e+01,        -2.567049597691e+00
 2.40350000e+00,        +7.071067811865e+00,        +1.116830475816e+01,        -2.567052746571e+00
 2.40352500e+00,        +7.071067811865e+00,        +1.116817891161e+01,        -2.567055885604e+00
 2.40355000e+00,        +7.071067811865e+00,        +1.116805303161e+01,        -2.567059014778e+00
 2.40357500e+00,        +7.071067811865e+00,        +1.116792711810e+01,        -2.567062134078e+00
 2.40360000e+00,        +7.071067811865e+00,        +1.116780117102e+01,        -2.567065243491e+00
 2.40362500e+00,        +7.071067811865e+00,        +1.116767519031e+01,        -2.567068343003e+00
 2.40365000e+00,        +7.071067811865e+00,        +1.116754917591e+01,        -2.567071432600e+00
 2.40367500e+00,        +7.071067811865e+00,        +1.116742312776e+01,        -2.567074512268e+00
 2.40370000e+00,        +7.071067811865e+00,        +1.116729704579e+01,        -2.567077581994e+00
 2.40372500e+00,        +7.071067811865e+00,        +1.116717092996e+01,        -2.567080641763e+00
 2.40375000e+00,        +7.071067811865e+00,        +1.116704478019e+01,        -2.567083691561e+00
 2.40377500e+00,        +7.071067811865e+00,        +1.116691859642e+01,        -2.567086731375e+00
 2.40380000e+00,        +7.071067811865e+00,        +1.116679237860e+01,        -2.567089761190e+00
 2.40382500e+00,        +7.071067811865e+00,        +1.116666612667e+01,        -2.567092780992e+00
 2.40385000e+00,        +7.071067811865e+00,        +1.116653984055e+01,        -2.567095790767e+00
 2.40387500e+00,        +7.071067811865e+00,        +1.116641352020e+01,        -2.567098790501e+00
 2.40390000e+00,        +7.071067811865e+00,        +1.116628716554e+01,        -2.567101780180e+00
 2.40392500e+00,        +7.071067811865e+00,        +1.116616077652e+01,        -2.567104759789e+00
 2.40395000e+00,        +7.071067811865e+00,        +1.116603435307e+01,        -2.567107729314e+00
 2.40397500e+00,        +7.071067811865e+00,        +1.116590789513e+01,        -2.567110688740e+00
 2.40400000e+00,        +7.071067811865e+00,        +1.116578140264e+01,        -2.567113638054e+00
 2.40402500e+00,        +7.071067811865e+00,        +1.116565487554e+01,        -2.567116577241e+00
 2.40405000e+00,        +7.071067811865e+00,        +1.116552831376e+01,        -2.567119506287e+00
 2.40407500e+00,        +7.071067811865e+00,        +1.116540171724e+01,        -2.567122425176e+00
 2.40410000e+00,        +7.071067811865e+00,        +1.116527508591e+01,        -2.567125333894e+00
 2.40412500e+00,        +7.071067811865e+00,        +1.116514841972e+01,        -2.567128232427e+00
 2.40415000e+00,        +7.071067811865e+00,        +1.116502171860e+01,        -2.567131120761e+00
 2.40417500e+00,        +7.071067811865e+00,        +1.116489498248e+01,        -2.567133998880e+00
 2.40420000e+00,        +7.071067811865e+00,        +1.116476821130e+01,        -2.567136866769e+00
 2.40422500e+00,        +7.071067811865e+00,        +1.116464140500e+01,        -2.567139724414e+00
 2.40425000e+00,        +7.071067811865e+00,        +1.116451456351e+01,        -2.567142571801e+00
 2.40427500e+00,        +7.071067811865e+00,        +1.116438768677e+01,        -2.567145408914e+00
 2.40430000e+00,        +7.071067811865e+00,        +1.116426077471e+01,        -2.567148235738e+00
 2.40432500e+00,        +7.071067811865e+00,        +1.116413382727e+01,        -2.567151052259e+00
 2.40435000e+00,        +7.071067811865e+00,        +1.116400684438e+01,        -2.567153858461e+00
 2.40437500e+00,        +7.071067811865e+00,        +1.116387982598e+01,        -2.567156654329e+00
 2.40440000e+00,        +7.071067811865e+00,        +1.116375277200e+01,        -2.567159439849e+00
 2.40442500e+00,        +7.071067811865e+00,        +1.116362568237e+01,        -2.567162215006e+00
 2.40445000e+00,        +7.071067811865e+00,        +1.116349855704e+01,        -2.567164979783e+00
 2.40447500e+00,        +7.071067811865e+00,        +1.116337139593e+01,        -2.567167734167e+00
 2.40450000e+00,        +7.071067811865e+00,        +1.116324419898e+01,        -2.567170478141e+00
 2.40452500e+00,        +7.071067811865e+00,        +1.116311696611e+01,        -2.567173211690e+00
 2.40455000e+00,        +7.071067811865e+00,        +1.116298969728e+01,        -2.567175934800e+00
 2.40457500e+00,        +7.071067811865e+00,        +1.116286239240e+01,        -2.567178647455e+00
 2.40460000e+00,        +7.071067811865e+00,        +1.116273505141e+01,        -2.567181349639e+00
 2.40462500e+00,        +7.071067811865e+00,        +1.116260767424e+01,        -2.567184041336e+00
 2.40465000e+00,        +7.071067811865e+00,        +1.116248026083e+01,        -2.567186722532e+00
 2.40467500e+00,        +7.071067811865e+00,        +1.116235281110e+01,        -2.567189393211e+00
 2.40470000e+00,        +7.071067811865e+00,        +1.116222532500e+01,        -2.567192053357e+00
 2.40472500e+00,        +7.071067811865e+00,        +1.116209780244e+01,        -2.567194702955e+00
 2.40475000e+00,        +7.071067811865e+00,        +1.116197024337e+01,        -2.567197341989e+00
 2.40477500e+00,        +7.071067811865e+00,        +1.116184264772e+01,        -2.567199970443e+00
 2.40480000e+00,        +7.071067811865e+00,        +1.116171501541e+01,        -2.567202588301e+00
 2.40482500e+00,        +7.071067811865e+00,        +1.116158734638e+01,        -2.567205195548e+00
 2.40485000e+00,        +7.071067811865e+00,        +1.116145964056e+01,        -2.567207792167e+00
 2.40487500e+00,        +7.071067811865e+00,        +1.116133189787e+01,        -2.567210378144e+00
 2.40490000e+00,        +7.071067811865e+00,        +1.116120411826e+01,        -2.567212953461e+00
 2.40492500e+00,        +7.071067811865e+00,        +1.116107630164e+01,        -2.567215518103e+00
 2.40495000e+00,        +7.071067811865e+00,        +1.116094844796e+01,        -2.567218072054e+00
 2.40497500e+00,        +7.071067811865e+00,        +1.116082055713e+01,        -2.567220615298e+00
 2.40500000e+00,        +7.071067811865e+00,        +1.116069262910e+01,        -2.567223147818e+00
 2.40502500e+00,        +7.071067811865e+00,        +1.116056466378e+01,        -2.567225669598e+00
 2.40505000e+00,        +7.071067811865e+00,        +1.116043666111e+01,        -2.567228180623e+00
 2.40507500e+00,        +7.071067811865e+00,        +1.116030862102e+01,        -2.567230680875e+00
 2.40510000e+00,        +7.071067811865e+00,        +1.116018054344e+01,        -2.567233170339e+00
 2.40512500e+00,        +7.071067811865e+00,        +1.116005242829e+01,        -2.567235648998e+00
 2.40515000e+00,        +7.071067811865e+00,        +1.115992427550e+01,        -2.567238116836e+00
 2.40517500e+00,        +7.071067811865e+00,        +1.115979608501e+01,        -2.567240573836e+00
 2.40520000e+00,        +7.071067811865e+00,        +1.115966785673e+01,        -2.567243019981e+00
 2.40522500e+00,        +7.071067811865e+00,        +1.115953959061e+01,        -2.567245455256e+00
 2.40525000e+00,        +7.071067811865e+00,        +1.115941128655e+01,        -2.567247879642e+00
 2.40527500e+00,        +7.071067811865e+00,        +1.115928294450e+01,        -2.567250293125e+00
 2.40530000e+00,        +7.071067811865e+00,        +1.115915456438e+01,        -2.567252695687e+00
 2.40532500e+00,        +7.071067811865e+00,        +1.115902614612e+01,        -2.567255087311e+00
 2.40535000e+00,        +7.071067811865e+00,        +1.115889768964e+01,        -2.567257467980e+00
 2.40537500e+00,        +7.071067811865e+00,        +1.115876919486e+01,        -2.567259837678e+00
 2.40540000e+00,        +7.071067811865e+00,        +1.115864066173e+01,        -2.567262196387e+00
 2.40542500e+00,        +7.071067811865e+00,        +1.115851209016e+01,        -2.567264544091e+00
 2.40545000e+00,        +7.071067811865e+00,        +1.115838348007e+01,        -2.567266880773e+00
 2.40547500e+00,        +7.071067811865e+00,        +1.115825483140e+01,        -2.567269206415e+00
 2.40550000e+00,        +7.071067811865e+00,        +1.115812614406e+01,        -2.567271521001e+00
 2.40552500e+00,        +7.071067811865e+00,        +1.115799741799e+01,        -2.567273824512e+00
 2.40555000e+00,        +7.071067811865e+00,        +1.115786865311e+01,        -2.567276116933e+00
 2.40557500e+00,        +7.071067811865e+00,        +1.115773984935e+01,        -2.567278398245e+00
 2.40560000e+00,        +7.071067811865e+00,        +1.115761100662e+01,        -2.567280668432e+00
 2.40562500e+00,        +7.071067811865e+00,        +1.115748212485e+01,        -2.567282927476e+00
 2.40565000e+00,        +7.071067811865e+00,        +1.115735320397e+01,        -2.567285175359e+00
 2.40567500e+00,        +7.071067811865e+00,        +1.115722424390e+01,        -2.567287412064e+00
 2.40570000e+00,        +7.071067811865e+00,        +1.115709524457e+01,        -2.567289637574e+00
 2.40572500e+00,        +7.071067811865e+00,        +1.115696620589e+01,        -2.567291851870e+00
 2.40575000e+00,        +7.071067811865e+00,        +1.115683712780e+01,        -2.567294054936e+00
 2.40577500e+00,        +7.071067811865e+00,        +1.115670801020e+01,        -2.567296246753e+00
 2.40580000e+00,        +7.071067811865e+00,        +1.115657885303e+01,        -2.567298427304e+00
 2.40582500e+00,        +7.071067811865e+00,        +1.115644965622e+01,        -2.567300596570e+00
 2.40585000e+00,        +7.071067811865e+00,        +1.115632041967e+01,        -2.567302754535e+00
 2.40587500e+00,        +7.071067811865e+00,        +1.115619114331e+01,        -2.567304901180e+00
 2.40590000e+00,        +7.071067811865e+00,        +1.115606182707e+01,        -2.567307036487e+00
 2.40592500e+00,        +7.071067811865e+00,        +1.115593247087e+01,        -2.567309160439e+00
 2.40595000e+00,        +7.071067811865e+00,        +1.115580307462e+01,        -2.567311273016e+00
 2.40597500e+00,        +7.071067811865e+00,        +1.115567363825e+01,        -2.567313374201e+00
 2.40600000e+00,        +7.071067811865e+00,        +1.115554416168e+01,        -2.567315463976e+00
 2.40602500e+00,        +7.071067811865e+00,        +1.115541464483e+01,        -2.567317542322e+00
 2.40605000e+00,        +7.071067811865e+00,        +1.115528508762e+01,        -2.567319609222e+00
 2.40607500e+00,        +7.071067811865e+00,        +1.115515548997e+01,        -2.567321664656e+00
 2.40610000e+00,        +7.071067811865e+00,        +1.115502585180e+01,        -2.567323708607e+00
 2.40612500e+00,        +7.071067811865e+00,        +1.115489617303e+01,        -2.567325741056e+00
 2.40615000e+00,        +7.071067811865e+00,        +1.115476645358e+01,        -2.567327761983e+00
 2.40617500e+00,        +7.071067811865e+00,        +1.115463669336e+01,        -2.567329771372e+00
 2.40620000e+00,        +7.071067811865e+00,        +1.115450689230e+01,        -2.567331769203e+00
 2.40622500e+00,        +7.071067811865e+00,        +1.115437705032e+01,        -2.567333755457e+00
 2.40625000e+00,        +7.071067811865e+00,        +1.115424716733e+01,        -2.567335730116e+00
 2.40627500e+00,        +7.071067811865e+00,        +1.115411724325e+01,        -2.567337693161e+00
 2.40630000e+00,        +7.071067811865e+00,        +1.115398727801e+01,        -2.567339644573e+00
 2.40632500e+00,        +7.071067811865e+00,        +1.115385727151e+01,        -2.567341584333e+00
 2.40635000e+00,        +7.071067811865e+00,        +1.115372722367e+01,        -2.567343512421e+00
 2.40637500e+00,        +7.071067811865e+00,        +1.115359713441e+01,        -2.567345428820e+00
 2.40640000e+00,        +7.071067811865e+00,        +1.115346700366e+01,        -2.567347333510e+00
 2.40642500e+00,        +7.071067811865e+00,        +1.115333683132e+01,        -2.567349226472e+00
 2.40645000e+00,        +7.071067811865e+00,        +1.115320661730e+01,        -2.567351107686e+00
 2.40647500e+00,        +7.071067811865e+00,        +1.115307636154e+01,        -2.567352977133e+00
 2.40650000e+00,        +7.071067811865e+00,        +1.115294606394e+01,        -2.567354834794e+00
 2.40652500e+00,        +7.071067811865e+00,        +1.115281572442e+01,        -2.567356680649e+00
 2.40655000e+00,        +7.071067811865e+00,        +1.115268534289e+01,        -2.567358514680e+00
 2.40657500e+00,        +7.071067811865e+00,        +1.115255491927e+01,        -2.567360336866e+00
 2.40660000e+00,        +7.071067811865e+00,        +1.115242445348e+01,        -2.567362147188e+00
 2.40662500e+00,        +7.071067811865e+00,        +1.115229394542e+01,        -2.567363945626e+00
 2.40665000e+00,        +7.071067811865e+00,        +1.115216339501e+01,        -2.567365732161e+00
 2.40667500e+00,        +7.071067811865e+00,        +1.115203280218e+01,        -2.567367506772e+00
 2.40670000e+00,        +7.071067811865e+00,        +1.115190216682e+01,        -2.567369269441e+00
 2.40672500e+00,        +7.071067811865e+00,        +1.115177148885e+01,        -2.567371020146e+00
 2.40675000e+00,        +7.071067811865e+00,        +1.115164076819e+01,        -2.567372758869e+00
 2.40677500e+00,        +7.071067811865e+00,        +1.115151000476e+01,        -2.567374485588e+00
 2.40680000e+00,        +7.071067811865e+00,        +1.115137919845e+01,        -2.567376200285e+00
 2.40682500e+00,        +7.071067811865e+00,        +1.115124834919e+01,        -2.567377902938e+00
 2.40685000e+00,        +7.071067811865e+00,        +1.115111745688e+01,        -2.567379593528e+00
 2.40687500e+00,        +7.071067811865e+00,        +1.115098652144e+01,        -2.567381272035e+00
 2.40690000e+00,        +7.071067811865e+00,        +1.115085554278e+01,        -2.567382938437e+00
 2.40692500e+00,        +7.071067811865e+00,        +1.115072452082e+01,        -2.567384592715e+00
 2.40695000e+00,        +7.071067811865e+00,        +1.115059345545e+01,        -2.567386234848e+00
 2.40697500e+00,        +7.071067811865e+00,        +1.115046234660e+01,        -2.567387864816e+00
 2.40700000e+00,        +7.071067811865e+00,        +1.115033119417e+01,        -2.567389482598e+00
 2.40702500e+00,        +7.071067811865e+00,        +1.115019999808e+01,        -2.567391088173e+00
 2.40705000e+00,        +7.071067811865e+00,        +1.115006875822e+01,        -2.567392681521e+00
 2.40707500e+00,        +7.071067811865e+00,        +1.114993747452e+01,        -2.567394262621e+00
 2.40710000e+00,        +7.071067811865e+00,        +1.114980614689e+01,        -2.567395831452e+00
 2.40712500e+00,        +7.071067811865e+00,        +1.114967477522e+01,        -2.567397387993e+00
 2.40715000e+00,        +7.071067811865e+00,        +1.114954335943e+01,        -2.567398932223e+00
 2.40717500e+00,        +7.071067811865e+00,        +1.114941189943e+01,        -2.567400464122e+00
 2.40720000e+00,        +7.071067811865e+00,        +1.114928039513e+01,        -2.567401983667e+00
 2.40722500e+00,        +7.071067811865e+00,        +1.114914884643e+01,        -2.567403490838e+00
 2.40725000e+00,        +7.071067811865e+00,        +1.114901725324e+01,        -2.567404985613e+00
 2.40727500e+00,        +7.071067811865e+00,        +1.114888561548e+01,        -2.567406467972e+00
 2.40730000e+00,        +7.071067811865e+00,        +1.114875393303e+01,        -2.567407937892e+00
 2.40732500e+00,        +7.071067811865e+00,        +1.114862220582e+01,        -2.567409395353e+00
 2.40735000e+00,        +7.071067811865e+00,        +1.114849043375e+01,        -2.567410840333e+00
 2.40737500e+00,        +7.071067811865e+00,        +1.114835861673e+01,        -2.567412272810e+00
 2.40740000e+00,        +7.071067811865e+00,        +1.114822675465e+01,        -2.567413692763e+00
 2.40742500e+00,        +7.071067811865e+00,        +1.114809484743e+01,        -2.567415100169e+00
 2.40745000e+00,        +7.071067811865e+00,        +1.114796289497e+01,        -2.567416495007e+00
 2.40747500e+00,        +7.071067811865e+00,        +1.114783089718e+01,        -2.567417877256e+00
 2.40750000e+00,        +7.071067811865e+00,        +1.114769885396e+01,        -2.567419246893e+00
 2.40752500e+00,        +7.071067811865e+00,        +1.114756676521e+01,        -2.567420603896e+00
 2.40755000e+00,        +7.071067811865e+00,        +1.114743463085e+01,        -2.567421948243e+00
 2.40757500e+00,        +7.071067811865e+00,        +1.114730245076e+01,        -2.567423279912e+00
 2.40760000e+00,        +7.071067811865e+00,        +1.114717022487e+01,        -2.567424598881e+00
 2.40762500e+00,        +7.071067811865e+00,        +1.114703795306e+01,        -2.567425905128e+00
 2.40765000e+00,        +7.071067811865e+00,        +1.114690563524e+01,        -2.567427198629e+00
 2.40767500e+00,        +7.071067811865e+00,        +1.114677327132e+01,        -2.567428479363e+00
 2.40770000e+00,        +7.071067811865e+00,        +1.114664086119e+01,        -2.567429747307e+00
 2.40772500e+00,        +7.071067811865e+00,        +1.114650840476e+01,        -2.567431002439e+00
 2.40775000e+00,        +7.071067811865e+00,        +1.114637590193e+01,        -2.567432244736e+00
 2.40777500e+00,        +7.071067811865e+00,        +1.114624335261e+01,        -2.567433474175e+00
 2.40780000e+00,        +7.071067811865e+00,        +1.114611075668e+01,        -2.567434690733e+00
 2.40782500e+00,        +7.071067811865e+00,        +1.114597811406e+01,        -2.567435894388e+00
 2.40785000e+00,        +7.071067811865e+00,        +1.114584542464e+01,        -2.567437085116e+00
 2.40787500e+00,        +7.071067811865e+00,        +1.114571268832e+01,        -2.567438262895e+00
 2.40790000e+00,        +7.071067811865e+00,        +1.114557990500e+01,        -2.567439427701e+00
 2.40792500e+00,        +7.071067811865e+00,        +1.114544707459e+01,        -2.567440579511e+00
 2.40795000e+00,        +7.071067811865e+00,        +1.114531419697e+01,        -2.567441718302e+00
 2.40797500e+00,        +7.071067811865e+00,        +1.114518127205e+01,        -2.567442844051e+00
 2.40800000e+00,        +7.071067811865e+00,        +1.114504829973e+01,        -2.567443956734e+00
 2.40802500e+00,        +7.071067811865e+00,        +1.114491527991e+01,        -2.567445056328e+00
 2.40805000e+00,        +7.071067811865e+00,        +1.114478221248e+01,        -2.567446142808e+00
 2.40807500e+00,        +7.071067811865e+00,        +1.114464909733e+01,        -2.567447216153e+00
 2.40810000e+00,        +7.071067811865e+00,        +1.114451593438e+01,        -2.567448276337e+00
 2.40812500e+00,        +7.071067811865e+00,        +1.114438272350e+01,        -2.567449323337e+00
 2.40815000e+00,        +7.071067811865e+00,        +1.114424946461e+01,        -2.567450357129e+00
 2.40817500e+00,        +7.071067811865e+00,        +1.114411615759e+01,        -2.567451377690e+00
 2.40820000e+00,        +7.071067811865e+00,        +1.114398280234e+01,        -2.567452384995e+00
 2.40822500e+00,        +7.071067811865e+00,        +1.114384939876e+01,        -2.567453379019e+00
 2.40825000e+00,        +7.071067811865e+00,        +1.114371594674e+01,        -2.567454359740e+00
 2.40827500e+00,        +7.071067811865e+00,        +1.114358244618e+01,        -2.567455327132e+00
 2.40830000e+00,        +7.071067811865e+00,        +1.114344889697e+01,        -2.567456281171e+00
 2.40832500e+00,        +7.071067811865e+00,        +1.114331529900e+01,        -2.567457221833e+00
 2.40835000e+00,        +7.071067811865e+00,        +1.114318165216e+01,        -2.567458149094e+00
 2.40837500e+00,        +7.071067811865e+00,        +1.114304795636e+01,        -2.567459062928e+00
 2.40840000e+00,        +7.071067811865e+00,        +1.114291421148e+01,        -2.567459963311e+00
 2.40842500e+00,        +7.071067811865e+00,        +1.114278041742e+01,        -2.567460850218e+00
 2.40845000e+00,        +7.071067811865e+00,        +1.114264657406e+01,        -2.567461723625e+00
 2.40847500e+00,        +7.071067811865e+00,        +1.114251268130e+01,        -2.567462583506e+00
 2.40850000e+00,        +7.071067811865e+00,        +1.114237873904e+01,        -2.567463429837e+00
 2.40852500e+00,        +7.071067811865e+00,        +1.114224474716e+01,        -2.567464262593e+00
 2.40855000e+00,        +7.071067811865e+00,        +1.114211070555e+01,        -2.567465081747e+00
 2.40857500e+00,        +7.071067811865e+00,        +1.114197661410e+01,        -2.567465887276e+00
 2.40860000e+00,        +7.071067811865e+00,        +1.114184247271e+01,        -2.567466679153e+00
 2.40862500e+00,        +7.071067811865e+00,        +1.114170828126e+01,        -2.567467457353e+00
 2.40865000e+00,        +7.071067811865e+00,        +1.114157403964e+01,        -2.567468221851e+00
 2.40867500e+00,        +7.071067811865e+00,        +1.114143974774e+01,        -2.567468972621e+00
 2.40870000e+00,        +7.071067811865e+00,        +1.114130540545e+01,        -2.567469709638e+00
 2.40872500e+00,        +7.071067811865e+00,        +1.114117101266e+01,        -2.567470432875e+00
 2.40875000e+00,        +7.071067811865e+00,        +1.114103656925e+01,        -2.567471142308e+00
 2.40877500e+00,        +7.071067811865e+00,        +1.114090207512e+01,        -2.567471837909e+00
 2.40880000e+00,        +7.071067811865e+00,        +1.114076753014e+01,        -2.567472519653e+00
 2.40882500e+00,        +7.071067811865e+00,        +1.114063293422e+01,        -2.567473187513e+00
 2.40885000e+00,        +7.071067811865e+00,        +1.114049828722e+01,        -2.567473841465e+00
 2.40887500e+00,        +7.071067811865e+00,        +1.114036358904e+01,        -2.567474481480e+00
 2.40890000e+00,        +7.071067811865e+00,        +1.114022883957e+01,        -2.567475107533e+00
 2.40892500e+00,        +7.071067811865e+00,        +1.114009403869e+01,        -2.567475719598e+00
 2.40895000e+00,        +7.071067811865e+00,        +1.113995918628e+01,        -2.567476317648e+00
 2.40897500e+00,        +7.071067811865e+00,        +1.113982428223e+01,        -2.567476901656e+00
 2.40900000e+00,        +7.071067811865e+00,        +1.113968932642e+01,        -2.567477471595e+00
 2.40902500e+00,        +7.071067811865e+00,        +1.113955431873e+01,        -2.567478027439e+00
 2.40905000e+00,        +7.071067811865e+00,        +1.113941925906e+01,        -2.567478569160e+00
 2.40907500e+00,        +7.071067811865e+00,        +1.113928414727e+01,        -2.567479096732e+00
 2.40910000e+00,        +7.071067811865e+00,        +1.113914898326e+01,        -2.567479610128e+00
 2.40912500e+00,        +7.071067811865e+00,        +1.113901376691e+01,        -2.567480109320e+00
 2.40915000e+00,        +7.071067811865e+00,        +1.113887849809e+01,        -2.567480594282e+00
 2.40917500e+00,        +7.071067811865e+00,        +1.113874317670e+01,        -2.567481064985e+00
 2.40920000e+00,        +7.071067811865e+00,        +1.113860780260e+01,        -2.567481521402e+00
 2.40922500e+00,        +7.071067811865e+00,        +1.113847237568e+01,        -2.567481963506e+00
 2.40925000e+00,        +7.071067811865e+00,        +1.113833689582e+01,        -2.567482391268e+00
 2.40927500e+00,        +7.071067811865e+00,        +1.113820136291e+01,        -2.567482804662e+00
 2.40930000e+00,        +7.071067811865e+00,        +1.113806577681e+01,        -2.567483203660e+00
 2.40932500e+00,        +7.071067811865e+00,        +1.113793013741e+01,        -2.567483588233e+00
 2.40935000e+00,        +7.071067811865e+00,        +1.113779444458e+01,        -2.567483958353e+00
 2.40937500e+00,        +7.071067811865e+00,        +1.113765869821e+01,        -2.567484313992e+00
 2.40940000e+00,        +7.071067811865e+00,        +1.113752289817e+01,        -2.567484655123e+00
 2.40942500e+00,        +7.071067811865e+00,        +1.113738704434e+01,        -2.567484981716e+00
 2.40945000e+00,        +7.071067811865e+00,        +1.113725113659e+01,        -2.567485293743e+00
 2.40947500e+00,        +7.071067811865e+00,        +1.113711517481e+01,        -2.567485591176e+00
 2.40950000e+00,        +7.071067811865e+00,        +1.113697915886e+01,        -2.567485873986e+00
 2.40952500e+00,        +7.071067811865e+00,        +1.113684308863e+01,        -2.567486142144e+00
 2.40955000e+00,        +7.071067811865e+00,        +1.113670696398e+01,        -2.567486395622e+00
 2.40957500e+00,        +7.071067811865e+00,        +1.113657078480e+01,        -2.567486634390e+00
 2.40960000e+00,        +7.071067811865e+00,        +1.113643455095e+01,        -2.567486858420e+00
 2.40962500e+00,        +7.071067811865e+00,        +1.113629826231e+01,        -2.567487067682e+00
 2.40965000e+00,        +7.071067811865e+00,        +1.113616191876e+01,        -2.567487262147e+00
 2.40967500e+00,        +7.071067811865e+00,        +1.113602552016e+01,        -2.567487441786e+00
 2.40970000e+00,        +7.071067811865e+00,        +1.113588906640e+01,        -2.567487606569e+00
 2.40972500e+00,        +7.071067811865e+00,        +1.113575255733e+01,        -2.567487756467e+00
 2.40975000e+00,        +7.071067811865e+00,        +1.113561599284e+01,        -2.567487891451e+00
 2.40977500e+00,        +7.071067811865e+00,        +1.113547937279e+01,        -2.567488011489e+00
 2.40980000e+00,        +7.071067811865e+00,        +1.113534269705e+01,        -2.567488116554e+00
 2.40982500e+00,        +7.071067811865e+00,        +1.113520596550e+01,        -2.567488206613e+00
 2.40985000e+00,        +7.071067811865e+00,        +1.113506917800e+01,        -2.567488281639e+00
 2.40987500e+00,        +7.071067811865e+00,        +1.113493233443e+01,        -2.567488341600e+00
 2.40990000e+00,        +7.071067811865e+00,        +1.113479543465e+01,        -2.567488386465e+00
 2.40992500e+00,        +7.071067811865e+00,        +1.113465847853e+01,        -2.567488416206e+00
 2.40995000e+00,        +7.071067811865e+00,        +1.113452146594e+01,        -2.567488430791e+00
 2.40997500e+00,        +7.071067811865e+00,        +1.113438439674e+01,        -2.567488430189e+00
 2.41000000e+00,        +7.071067811865e+00,        +1.113424727081e+01,        -2.567488414371e+00
 2.41002500e+00,        +7.071067811865e+00,        +1.113411008801e+01,        -2.567488383304e+00
 2.41005000e+00,        +7.071067811865e+00,        +1.113397284821e+01,        -2.567488336959e+00
 2.41007500e+00,        +7.071067811865e+00,        +1.113383555127e+01,        -2.567488275304e+00
 2.41010000e+00,        +7.071067811865e+00,        +1.113369819705e+01,        -2.567488198307e+00
 2.41012500e+00,        +7.071067811865e+00,        +1.113356078543e+01,        -2.567488105939e+00
 2.41015000e+00,        +7.071067811865e+00,        +1.113342331626e+01,        -2.567487998167e+00
 2.41017500e+00,        +7.071067811865e+00,        +1.113328578941e+01,        -2.567487874960e+00
 2.41020000e+00,        +7.071067811865e+00,        +1.113314820474e+01,        -2.567487736286e+00
 2.41022500e+00,        +7.071067811865e+00,        +1.113301056212e+01,        -2.567487582114e+00
 2.41025000e+00,        +7.071067811865e+00,        +1.113287286141e+01,        -2.567487412412e+00
 2.41027500e+00,        +7.071067811865e+00,        +1.113273510247e+01,        -2.567487227148e+00
 2.41030000e+00,        +7.071067811865e+00,        +1.113259728516e+01,        -2.567487026289e+00
 2.41032500e+00,        +7.071067811865e+00,        +1.113245940934e+01,        -2.567486809805e+00
 2.41035000e+00,        +7.071067811865e+00,        +1.113232147488e+01,        -2.567486577662e+00
 2.41037500e+00,        +7.071067811865e+00,        +1.113218348163e+01,        -2.567486329828e+00
 2.41040000e+00,        +7.071067811865e+00,        +1.113204542945e+01,        -2.567486066270e+00
 2.41042500e+00,        +7.071067811865e+00,        +1.113190731820e+01,        -2.567485786957e+00
 2.41045000e+00,        +7.071067811865e+00,        +1.113176914774e+01,        -2.567485491854e+00
 2.41047500e+00,        +7.071067811865e+00,        +1.113163091793e+01,        -2.567485180931e+00
 2.41050000e+00,        +7.071067811865e+00,        +1.113149262862e+01,        -2.567484854152e+00
 2.41052500e+00,        +7.071067811865e+00,        +1.113135427968e+01,        -2.567484511486e+00
 2.41055000e+00,        +7.071067811865e+00,        +1.113121587095e+01,        -2.567484152899e+00
 2.41057500e+00,        +7.071067811865e+00,        +1.113107740229e+01,        -2.567483778358e+00
 2.41060000e+00,        +7.071067811865e+00,        +1.113093887357e+01,        -2.567483387830e+00
 2.41062500e+00,        +7.071067811865e+00,        +1.113080028463e+01,        -2.567482981280e+00
 2.41065000e+00,        +7.071067811865e+00,        +1.113066163533e+01,        -2.567482558675e+00
 2.41067500e+00,        +7.071067811865e+00,        +1.113052292552e+01,        -2.567482119981e+00
 2.41070000e+00,        +7.071067811865e+00,        +1.113038415506e+01,        -2.567481665165e+00
 2.41072500e+00,        +7.071067811865e+00,        +1.113024532380e+01,        -2.567481194193e+00
 2.41075000e+00,        +7.071067811865e+00,        +1.113010643158e+01,        -2.567480707029e+00
 2.41077500e+00,        +7.071067811865e+00,        +1.112996747827e+01,        -2.567480203640e+00
 2.41080000e+00,        +7.071067811865e+00,        +1.112982846372e+01,        -2.567479683992e+00
 2.41082500e+00,        +7.071067811865e+00,        +1.112968938776e+01,        -2.567479148049e+00
 2.41085000e+00,        +7.071067811865e+00,        +1.112955025027e+01,        -2.567478595778e+00
 2.41087500e+00,        +7.071067811865e+00,        +1.112941105108e+01,        -2.567478027143e+00
 2.41090000e+00,        +7.071067811865e+00,        +1.112927179004e+01,        -2.567477442110e+00
 2.41092500e+00,        +7.071067811865e+00,        +1.112913246700e+01,        -2.567476840643e+00
 2.41095000e+00,        +7.071067811865e+00,        +1.112899308181e+01,        -2.567476222707e+00
 2.41097500e+00,        +7.071067811865e+00,        +1.112885363432e+01,        -2.567475588267e+00
 2.41100000e+00,        +7.071067811865e+00,        +1.112871412438e+01,        -2.567474937287e+00
 2.41102500e+00,        +7.071067811865e+00,        +1.112857455183e+01,        -2.567474269733e+00
 2.41105000e+00,        +7.071067811865e+00,        +1.112843491651e+01,        -2.567473585567e+00
 2.41107500e+00,        +7.071067811865e+00,        +1.112829521827e+01,        -2.567472884755e+00
 2.41110000e+00,        +7.071067811865e+00,        +1.112815545697e+01,        -2.567472167260e+00
 2.41112500e+00,        +7.071067811865e+00,        +1.112801563243e+01,        -2.567471433047e+00
 2.41115000e+00,        +7.071067811865e+00,        +1.112787574451e+01,        -2.567470682078e+00
 2.41117500e+00,        +7.071067811865e+00,        +1.112773579304e+01,        -2.567469914318e+00
 2.41120000e+00,        +7.071067811865e+00,        +1.112759577787e+01,        -2.567469129730e+00
 2.41122500e+00,        +7.071067811865e+00,        +1.112745569885e+01,        -2.567468328278e+00
 2.41125000e+00,        +7.071067811865e+00,        +1.112731555581e+01,        -2.567467509924e+00
 2.41127500e+00,        +7.071067811865e+00,        +1.112717534859e+01,        -2.567466674632e+00
 2.41130000e+00,        +7.071067811865e+00,        +1.112703507703e+01,        -2.567465822365e+00
 2.41132500e+00,        +7.071067811865e+00,        +1.112689474098e+01,        -2.567464953086e+00
 2.41135000e+00,        +7.071067811865e+00,        +1.112675434027e+01,        -2.567464066757e+00
 2.41137500e+00,        +7.071067811865e+00,        +1.112661387475e+01,        -2.567463163340e+00
 2.41140000e+00,        +7.071067811865e+00,        +1.112647334424e+01,        -2.567462242799e+00
 2.41142500e+00,        +7.071067811865e+00,        +1.112633274858e+01,        -2.567461305095e+00
 2.41145000e+00,        +7.071067811865e+00,        +1.112619208762e+01,        -2.567460350190e+00
 2.41147500e+00,        +7.071067811865e+00,        +1.112605136119e+01,        -2.567459378047e+00
 2.41150000e+00,        +7.071067811865e+00,        +1.112591056912e+01,        -2.567458388628e+00
 2.41152500e+00,        +7.071067811865e+00,        +1.112576971125e+01,        -2.567457381893e+00
 2.41155000e+00,        +7.071067811865e+00,        +1.112562878741e+01,        -2.567456357805e+00
 2.41157500e+00,        +7.071067811865e+00,        +1.112548779744e+01,        -2.567455316326e+00
 2.41160000e+00,        +7.071067811865e+00,        +1.112534674117e+01,        -2.567454257415e+00
 2.41162500e+00,        +7.071067811865e+00,        +1.112520561843e+01,        -2.567453181034e+00
 2.41165000e+00,        +7.071067811865e+00,        +1.112506442905e+01,        -2.567452087145e+00
 2.41167500e+00,        +7.071067811865e+00,        +1.112492317287e+01,        -2.567450975708e+00
 2.41170000e+00,        +7.071067811865e+00,        +1.112478184971e+01,        -2.567449846684e+00
 2.41172500e+00,        +7.071067811865e+00,        +1.112464045941e+01,        -2.567448700033e+00
 2.41175000e+00,        +7.071067811865e+00,        +1.112449900179e+01,        -2.567447535716e+00
 2.41177500e+00,        +7.071067811865e+00,        +1.112435747668e+01,        -2.567446353693e+00
 2.41180000e+00,        +7.071067811865e+00,        +1.112421588392e+01,        -2.567445153923e+00
 2.41182500e+00,        +7.071067811865e+00,        +1.112407422332e+01,        -2.567443936368e+00
 2.41185000e+00,        +7.071067811865e+00,        +1.112393249472e+01,        -2.567442700986e+00
 2.41187500e+00,        +7.071067811865e+00,        +1.112379069794e+01,        -2.567441447738e+00
 2.41190000e+00,        +7.071067811865e+00,        +1.112364883280e+01,        -2.567440176582e+00
 2.41192500e+00,        +7.071067811865e+00,        +1.112350689914e+01,        -2.567438887478e+00
 2.41195000e+00,        +7.071067811865e+00,        +1.112336489677e+01,        -2.567437580385e+00
 2.41197500e+00,        +7.071067811865e+00,        +1.112322282552e+01,        -2.567436255263e+00
 2.41200000e+00,        +7.071067811865e+00,        +1.112308068521e+01,        -2.567434912069e+00
 2.41202500e+00,        +7.071067811865e+00,        +1.112293847567e+01,        -2.567433550763e+00
 2.41205000e+00,        +7.071067811865e+00,        +1.112279619671e+01,        -2.567432171304e+00
 2.41207500e+00,        +7.071067811865e+00,        +1.112265384815e+01,        -2.567430773649e+00
 2.41210000e+00,        +7.071067811865e+00,        +1.112251142983e+01,        -2.567429357757e+00
 2.41212500e+00,        +7.071067811865e+00,        +1.112236894155e+01,        -2.567427923585e+00
 2.41215000e+00,        +7.071067811865e+00,        +1.112222638313e+01,        -2.567426471092e+00
 2.41217500e+00,        +7.071067811865e+00,        +1.112208375439e+01,        -2.567425000236e+00
 2.41220000e+00,        +7.071067811865e+00,        +1.112194105516e+01,        -2.567423510974e+00
 2.41222500e+00,        +7.071067811865e+00,        +1.112179828524e+01,        -2.567422003263e+00
 2.41225000e+00,        +7.071067811865e+00,        +1.112165544445e+01,        -2.567420477060e+00
 2.41227500e+00,        +7.071067811865e+00,        +1.112151253261e+01,        -2.567418932323e+00
 2.41230000e+00,        +7.071067811865e+00,        +1.112136954954e+01,        -2.567417369009e+00
 2.41232500e+00,        +7.071067811865e+00,        +1.112122649504e+01,        -2.567415787074e+00
 2.41235000e+00,        +7.071067811865e+00,        +1.112108336893e+01,        -2.567414186475e+00
 2.41237500e+00,        +7.071067811865e+00,        +1.112094017102e+01,        -2.567412567168e+00
 2.41240000e+00,        +7.071067811865e+00,        +1.112079690113e+01,        -2.567410929110e+00
 2.41242500e+00,        +7.071067811865e+00,        +1.112065355906e+01,        -2.567409272256e+00
 2.41245000e+00,        +7.071067811865e+00,        +1.112051014463e+01,        -2.567407596563e+00
 2.41247500e+00,        +7.071067811865e+00,        +1.112036665764e+01,        -2.567405901985e+00
 2.41250000e+00,        +7.071067811865e+00,        +1.112022309791e+01,        -2.567404188480e+00
 2.41252500e+00,        +7.071067811865e+00,        +1.112007946524e+01,        -2.567402456001e+00
 2.41255000e+00,        +7.071067811865e+00,        +1.111993575944e+01,        -2.567400704505e+00
 2.41257500e+00,        +7.071067811865e+00,        +1.111979198032e+01,        -2.567398933945e+00
 2.41260000e+00,        +7.071067811865e+00,        +1.111964812768e+01,        -2.567397144278e+00
 2.41262500e+00,        +7.071067811865e+00,        +1.111950420133e+01,        -2.567395335458e+00
 2.41265000e+00,        +7.071067811865e+00,        +1.111936020107e+01,        -2.567393507439e+00
 2.41267500e+00,        +7.071067811865e+00,        +1.111921612670e+01,        -2.567391660175e+00
 2.41270000e+00,        +7.071067811865e+00,        +1.111907197804e+01,        -2.567389793621e+00
 2.41272500e+00,        +7.071067811865e+00,        +1.111892775488e+01,        -2.567387907731e+00
 2.41275000e+00,        +7.071067811865e+00,        +1.111878345702e+01,        -2.567386002457e+00
 2.41277500e+00,        +7.071067811865e+00,        +1.111863908427e+01,        -2.567384077755e+00
 2.41280000e+00,        +7.071067811865e+00,        +1.111849463642e+01,        -2.567382133578e+00
 2.41282500e+00,        +7.071067811865e+00,        +1.111835011327e+01,        -2.567380169877e+00
 2.41285000e+00,        +7.071067811865e+00,        +1.111820551462e+01,        -2.567378186608e+00
 2.41287500e+00,        +7.071067811865e+00,        +1.111806084028e+01,        -2.567376183722e+00
 2.41290000e+00,        +7.071067811865e+00,        +1.111791609003e+01,        -2.567374161171e+00
 2.41292500e+00,        +7.071067811865e+00,        +1.111777126367e+01,        -2.567372118910e+00
 2.41295000e+00,        +7.071067811865e+00,        +1.111762636100e+01,        -2.567370056889e+00
 2.41297500e+00,        +7.071067811865e+00,        +1.111748138182e+01,        -2.567367975061e+00
 2.41300000e+00,        +7.071067811865e+00,        +1.111733632591e+01,        -2.567365873379e+00
 2.41302500e+00,        +7.071067811865e+00,        +1.111719119306e+01,        -2.567363751792e+00
 2.41305000e+00,        +7.071067811865e+00,        +1.111704598308e+01,        -2.567361610254e+00
 2.41307500e+00,        +7.071067811865e+00,        +1.111690069575e+01,        -2.567359448715e+00
 2.41310000e+00,        +7.071067811865e+00,        +1.111675533087e+01,        -2.567357267126e+00
 2.41312500e+00,        +7.071067811865e+00,        +1.111660988821e+01,        -2.567355065439e+00
 2.41315000e+00,        +7.071067811865e+00,        +1.111646436758e+01,        -2.567352843604e+00
 2.41317500e+00,        +7.071067811865e+00,        +1.111631876876e+01,        -2.567350601572e+00
 2.41320000e+00,        +7.071067811865e+00,        +1.111617309153e+01,        -2.567348339293e+00
 2.41322500e+00,        +7.071067811865e+00,        +1.111602733569e+01,        -2.567346056717e+00
 2.41325000e+00,        +7.071067811865e+00,        +1.111588150102e+01,        -2.567343753794e+00
 2.41327500e+00,        +7.071067811865e+00,        +1.111573558730e+01,        -2.567341430474e+00
 2.41330000e+00,        +7.071067811865e+00,        +1.111558959431e+01,        -2.567339086707e+00
 2.41332500e+00,        +7.071067811865e+00,        +1.111544352185e+01,        -2.567336722441e+00
 2.41335000e+00,        +7.071067811865e+00,        +1.111529736969e+01,        -2.567334337626e+00
 2.41337500e+00,        +7.071067811865e+00,        +1.111515113761e+01,        -2.567331932211e+00
 2.41340000e+00,        +7.071067811865e+00,        +1.111500482539e+01,        -2.567329506144e+00
 2.41342500e+00,        +7.071067811865e+00,        +1.111485843282e+01,        -2.567327059374e+00
 2.41345000e+00,        +7.071067811865e+00,        +1.111471195968e+01,        -2.567324591849e+00
 2.41347500e+00,        +7.071067811865e+00,        +1.111456540573e+01,        -2.567322103518e+00
 2.41350000e+00,        +7.071067811865e+00,        +1.111441877076e+01,        -2.567319594328e+00
 2.41352500e+00,        +7.071067811865e+00,        +1.111427205454e+01,        -2.567317064227e+00
 2.41355000e+00,        +7.071067811865e+00,        +1.111412525685e+01,        -2.567314513163e+00
 2.41357500e+00,        +7.071067811865e+00,        +1.111397837746e+01,        -2.567311941081e+00
 2.41360000e+00,        +7.071067811865e+00,        +1.111383141615e+01,        -2.567309347931e+00
 2.41362500e+00,        +7.071067811865e+00,        +1.111368437269e+01,        -2.567306733658e+00
 2.41365000e+00,        +7.071067811865e+00,        +1.111353724685e+01,        -2.567304098209e+00
 2.41367500e+00,        +7.071067811865e+00,        +1.111339003839e+01,        -2.567301441530e+00
 2.41370000e+00,        +7.071067811865e+00,        +1.111324274710e+01,        -2.567298763568e+00
 2.41372500e+00,        +7.071067811865e+00,        +1.111309537274e+01,        -2.567296064268e+00
 2.41375000e+00,        +7.071067811865e+00,        +1.111294791507e+01,        -2.567293343576e+00
 2.41377500e+00,        +7.071067811865e+00,        +1.111280037387e+01,        -2.567290601438e+00
 2.41380000e+00,        +7.071067811865e+00,        +1.111265274890e+01,        -2.567287837798e+00
 2.41382500e+00,        +7.071067811865e+00,        +1.111250503993e+01,        -2.567285052603e+00
 2.41385000e+00,        +7.071067811865e+00,        +1.111235724671e+01,        -2.567282245796e+00
 2.41387500e+00,        +7.071067811865e+00,        +1.111220936902e+01,        -2.567279417323e+00
 2.41390000e+00,        +7.071067811865e+00,        +1.111206140661e+01,        -2.567276567127e+00
 2.41392500e+00,        +7.071067811865e+00,        +1.111191335925e+01,        -2.567273695153e+00
 2.41395000e+00,        +7.071067811865e+00,        +1.111176522669e+01,        -2.567270801344e+00
 2.41397500e+00,        +7.071067811865e+00,        +1.111161700870e+01,        -2.567267885645e+00
 2.41400000e+00,        +7.071067811865e+00,        +1.111146870503e+01,        -2.567264947998e+00
 2.41402500e+00,        +7.071067811865e+00,        +1.111132031545e+01,        -2.567261988347e+00
 2.41405000e+00,        +7.071067811865e+00,        +1.111117183971e+01,        -2.567259006635e+00
 2.41407500e+00,        +7.071067811865e+00,        +1.111102327756e+01,        -2.567256002804e+00
 2.41410000e+00,        +7.071067811865e+00,        +1.111087462875e+01,        -2.567252976797e+00
 2.41412500e+00,        +7.071067811865e+00,        +1.111072589305e+01,        -2.567249928557e+00
 2.41415000e+00,        +7.071067811865e+00,        +1.111057707020e+01,        -2.567246858024e+00
 2.41417500e+00,        +7.071067811865e+00,        +1.111042815996e+01,        -2.567243765142e+00
 2.41420000e+00,        +7.071067811865e+00,        +1.111027916208e+01,        -2.567240649850e+00
 2.41422500e+00,        +7.071067811865e+00,        +1.111013007630e+01,        -2.567237512092e+00
 2.41425000e+00,        +7.071067811865e+00,        +1.110998090237e+01,        -2.567234351807e+00
 2.41427500e+00,        +7.071067811865e+00,        +1.110983164005e+01,        -2.567231168936e+00
 2.41430000e+00,        +7.071067811865e+00,        +1.110968228907e+01,        -2.567227963420e+00
 2.41432500e+00,        +7.071067811865e+00,        +1.110953284919e+01,        -2.567224735200e+00
 2.41435000e+00,        +7.071067811865e+00,        +1.110938332014e+01,        -2.567221484214e+00
 2.41437500e+00,        +7.071067811865e+00,        +1.110923370168e+01,        -2.567218210404e+00
 2.41440000e+00,        +7.071067811865e+00,        +1.110908399354e+01,        -2.567214913707e+00
 2.41442500e+00,        +7.071067811865e+00,        +1.110893419546e+01,        -2.567211594065e+00
 2.41445000e+00,        +7.071067811865e+00,        +1.110878430718e+01,        -2.567208251415e+00
 2.41447500e+00,        +7.071067811865e+00,        +1.110863432845e+01,        -2.567204885696e+00
 2.41450000e+00,        +7.071067811865e+00,        +1.110848425900e+01,        -2.567201496847e+00
 2.41452500e+00,        +7.071067811865e+00,        +1.110833409857e+01,        -2.567198084806e+00
 2.41455000e+00,        +7.071067811865e+00,        +1.110818384689e+01,        -2.567194649511e+00
 2.41457500e+00,        +7.071067811865e+00,        +1.110803350370e+01,        -2.567191190899e+00
 2.41460000e+00,        +7.071067811865e+00,        +1.110788306873e+01,        -2.567187708909e+00
 2.41462500e+00,        +7.071067811865e+00,        +1.110773254171e+01,        -2.567184203476e+00
 2.41465000e+00,        +7.071067811865e+00,        +1.110758192238e+01,        -2.567180674539e+00
 2.41467500e+00,        +7.071067811865e+00,        +1.110743121047e+01,        -2.567177122033e+00
 2.41470000e+00,        +7.071067811865e+00,        +1.110728040570e+01,        -2.567173545895e+00
 2.41472500e+00,        +7.071067811865e+00,        +1.110712950780e+01,        -2.567169946061e+00
 2.41475000e+00,        +7.071067811865e+00,        +1.110697851651e+01,        -2.567166322466e+00
 2.41477500e+00,        +7.071067811865e+00,        +1.110682743154e+01,        -2.567162675047e+00
 2.41480000e+00,        +7.071067811865e+00,        +1.110667625261e+01,        -2.567159003738e+00
 2.41482500e+00,        +7.071067811865e+00,        +1.110652497947e+01,        -2.567155308475e+00
 2.41485000e+00,        +7.071067811865e+00,        +1.110637361181e+01,        -2.567151589192e+00
 2.41487500e+00,        +7.071067811865e+00,        +1.110622214938e+01,        -2.567147845823e+00
 2.41490000e+00,        +7.071067811865e+00,        +1.110607059188e+01,        -2.567144078302e+00
 2.41492500e+00,        +7.071067811865e+00,        +1.110591893903e+01,        -2.567140286564e+00
 2.41495000e+00,        +7.071067811865e+00,        +1.110576719056e+01,        -2.567136470542e+00
 2.41497500e+00,        +7.071067811865e+00,        +1.110561534618e+01,        -2.567132630169e+00
 2.41500000e+00,        +7.071067811865e+00,        +1.110546340560e+01,        -2.567128765378e+00
 2.41502500e+00,        +7.071067811865e+00,        +1.110531136854e+01,        -2.567124876101e+00
 2.41505000e+00,        +7.071067811865e+00,        +1.110515923471e+01,        -2.567120962272e+00
 2.41507500e+00,        +7.071067811865e+00,        +1.110500700383e+01,        -2.567117023822e+00
 2.41510000e+00,        +7.071067811865e+00,        +1.110485467560e+01,        -2.567113060682e+00
 2.41512500e+00,        +7.071067811865e+00,        +1.110470224973e+01,        -2.567109072785e+00
 2.41515000e+00,        +7.071067811865e+00,        +1.110454972593e+01,        -2.567105060062e+00
 2.41517500e+00,        +7.071067811865e+00,        +1.110439710390e+01,        -2.567101022442e+00
 2.41520000e+00,        +7.071067811865e+00,        +1.110424438336e+01,        -2.567096959858e+00
 2.41522500e+00,        +7.071067811865e+00,        +1.110409156401e+01,        -2.567092872239e+00
 2.41525000e+00,        +7.071067811865e+00,        +1.110393864554e+01,        -2.567088759515e+00
 2.41527500e+00,        +7.071067811865e+00,        +1.110378562766e+01,        -2.567084621616e+00
 2.41530000e+00,        +7.071067811865e+00,        +1.110363251008e+01,        -2.567080458471e+00
 2.41532500e+00,        +7.071067811865e+00,        +1.110347929249e+01,        -2.567076270009e+00
 2.41535000e+00,        +7.071067811865e+00,        +1.110332597458e+01,        -2.567072056159e+00
 2.41537500e+00,        +7.071067811865e+00,        +1.110317255606e+01,        -2.567067816850e+00
 2.41540000e+00,        +7.071067811865e+00,        +1.110301903662e+01,        -2.567063552008e+00
 2.41542500e+00,        +7.071067811865e+00,        +1.110286541595e+01,        -2.567059261563e+00
 2.41545000e+00,        +7.071067811865e+00,        +1.110271169375e+01,        -2.567054945442e+00
 2.41547500e+00,        +7.071067811865e+00,        +1.110255786971e+01,        -2.567050603571e+00
 2.41550000e+00,        +7.071067811865e+00,        +1.110240394351e+01,        -2.567046235877e+00
 2.41552500e+00,        +7.071067811865e+00,        +1.110224991485e+01,        -2.567041842287e+00
 2.41555000e+00,        +7.071067811865e+00,        +1.110209578341e+01,        -2.567037422728e+00
 2.41557500e+00,        +7.071067811865e+00,        +1.110194154888e+01,        -2.567032977124e+00
 2.41560000e+00,        +7.071067811865e+00,        +1.110178721095e+01,        -2.567028505402e+00
 2.41562500e+00,        +7.071067811865e+00,        +1.110163276929e+01,        -2.567024007486e+00
 2.41565000e+00,        +7.071067811865e+00,        +1.110147822359e+01,        -2.567019483301e+00
 2.41567500e+00,        +7.071067811865e+00,        +1.110132357353e+01,        -2.567014932772e+00
 2.41570000e+00,        +7.071067811865e+00,        +1.110116881879e+01,        -2.567010355823e+00
 2.41572500e+00,        +7.071067811865e+00,        +1.110101395904e+01,        -2.567005752378e+00
 2.41575000e+00,        +7.071067811865e+00,        +1.110085899397e+01,        -2.567001122359e+00
 2.41577500e+00,        +7.071067811865e+00,        +1.110070392324e+01,        -2.566996465692e+00
 2.41580000e+00,        +7.071067811865e+00,        +1.110054874653e+01,        -2.566991782297e+00
 2.41582500e+00,        +7.071067811865e+00,        +1.110039346352e+01,        -2.566987072097e+00
 2.41585000e+00,        +7.071067811865e+00,        +1.110023807387e+01,        -2.566982335015e+00
 2.41587500e+00,        +7.071067811865e+00,        +1.110008257725e+01,        -2.566977570972e+00
 2.41590000e+00,        +7.071067811865e+00,        +1.109992697333e+01,        -2.566972779889e+00
 2.41592500e+00,        +7.071067811865e+00,        +1.109977126177e+01,        -2.566967961689e+00
 2.41595000e+00,        +7.071067811865e+00,        +1.109961544225e+01,        -2.566963116290e+00
 2.41597500e+00,        +7.071067811865e+00,        +1.109945951442e+01,        -2.566958243613e+00
 2.41600000e+00,        +7.071067811865e+00,        +1.109930347794e+01,        -2.566953343579e+00
 2.41602500e+00,        +7.071067811865e+00,        +1.109914733249e+01,        -2.566948416107e+00
 2.41605000e+00,        +7.071067811865e+00,        +1.109899107770e+01,        -2.566943461116e+00
 2.41607500e+00,        +7.071067811865e+00,        +1.109883471325e+01,        -2.566938478525e+00
 2.41610000e+00,        +7.071067811865e+00,        +1.109867823879e+01,        -2.566933468252e+00
 2.41612500e+00,        +7.071067811865e+00,        +1.109852165397e+01,        -2.566928430215e+00
 2.41615000e+00,        +7.071067811865e+00,        +1.109836495844e+01,        -2.566923364333e+00
 2.41617500e+00,        +7.071067811865e+00,        +1.109820815186e+01,        -2.566918270521e+00
 2.41620000e+00,        +7.071067811865e+00,        +1.109805123388e+01,        -2.566913148698e+00
 2.41622500e+00,        +7.071067811865e+00,        +1.109789420414e+01,        -2.566907998780e+00
 2.41625000e+00,        +7.071067811865e+00,        +1.109773706229e+01,        -2.566902820683e+00
 2.41627500e+00,        +7.071067811865e+00,        +1.109757980798e+01,        -2.566897614323e+00
 2.41630000e+00,        +7.071067811865e+00,        +1.109742244084e+01,        -2.566892379615e+00
 2.41632500e+00,        +7.071067811865e+00,        +1.109726496053e+01,        -2.566887116474e+00
 2.41635000e+00,        +7.071067811865e+00,        +1.109710736668e+01,        -2.566881824815e+00
 2.41637500e+00,        +7.071067811865e+00,        +1.109694965892e+01,        -2.566876504552e+00
 2.41640000e+00,        +7.071067811865e+00,        +1.109679183691e+01,        -2.566871155598e+00
 2.41642500e+00,        +7.071067811865e+00,        +1.109663390026e+01,        -2.566865777868e+00
 2.41645000e+00,        +7.071067811865e+00,        +1.109647584862e+01,        -2.566860371274e+00
 2.41647500e+00,        +7.071067811865e+00,        +1.109631768162e+01,        -2.566854935729e+00
 2.41650000e+00,        +7.071067811865e+00,        +1.109615939889e+01,        -2.566849471145e+00
 2.41652500e+00,        +7.071067811865e+00,        +1.109600100005e+01,        -2.566843977434e+00
 2.41655000e+00,        +7.071067811865e+00,        +1.109584248474e+01,        -2.566838454507e+00
 2.41657500e+00,        +7.071067811865e+00,        +1.109568385257e+01,        -2.566832902275e+00
 2.41660000e+00,        +7.071067811865e+00,        +1.109552510318e+01,        -2.566827320648e+00
 2.41662500e+00,        +7.071067811865e+00,        +1.109536623618e+01,        -2.566821709538e+00
 2.41665000e+00,        +7.071067811865e+00,        +1.109520725120e+01,        -2.566816068853e+00
 2.41667500e+00,        +7.071067811865e+00,        +1.109504814786e+01,        -2.566810398502e+00
 2.41670000e+00,        +7.071067811865e+00,        +1.109488892576e+01,        -2.566804698396e+00
 2.41672500e+00,        +7.071067811865e+00,        +1.109472958453e+01,        -2.566798968441e+00
 2.41675000e+00,        +7.071067811865e+00,        +1.109457012378e+01,        -2.566793208547e+00
 2.41677500e+00,        +7.071067811865e+00,        +1.109441054312e+01,        -2.566787418620e+00
 2.41680000e+00,        +7.071067811865e+00,        +1.109425084216e+01,        -2.566781598567e+00
 2.41682500e+00,        +7.071067811865e+00,        +1.109409102051e+01,        -2.566775748296e+00
 2.41685000e+00,        +7.071067811865e+00,        +1.109393107777e+01,        -2.566769867713e+00
 2.41687500e+00,        +7.071067811865e+00,        +1.109377101355e+01,        -2.566763956723e+00
 2.41690000e+00,        +7.071067811865e+00,        +1.109361082746e+01,        -2.566758015232e+00
 2.41692500e+00,        +7.071067811865e+00,        +1.109345051908e+01,        -2.566752043144e+00
 2.41695000e+00,        +7.071067811865e+00,        +1.109329008803e+01,        -2.566746040365e+00
 2.41697500e+00,        +7.071067811865e+00,        +1.109312953390e+01,        -2.566740006797e+00
 2.41700000e+00,        +7.071067811865e+00,        +1.109296885628e+01,        -2.566733942345e+00
 2.41702500e+00,        +7.071067811865e+00,        +1.109280805477e+01,        -2.566727846912e+00
 2.41705000e+00,        +7.071067811865e+00,        +1.109264712896e+01,        -2.566721720400e+00
 2.41707500e+00,        +7.071067811865e+00,        +1.109248607844e+01,        -2.566715562711e+00
 2.41710000e+00,        +7.071067811865e+00,        +1.109232490279e+01,        -2.566709373747e+00
 2.41712500e+00,        +7.071067811865e+00,        +1.109216360161e+01,        -2.566703153410e+00
 2.41715000e+00,        +7.071067811865e+00,        +1.109200217447e+01,        -2.566696901599e+00
 2.41717500e+00,        +7.071067811865e+00,        +1.109184062096e+01,        -2.566690618216e+00
 2.41720000e+00,        +7.071067811865e+00,        +1.109167894066e+01,        -2.566684303159e+00
 2.41722500e+00,        +7.071067811865e+00,        +1.109151713315e+01,        -2.566677956328e+00
 2.41725000e+00,        +7.071067811865e+00,        +1.109135519800e+01,        -2.566671577623e+00
 2.41727500e+00,        +7.071067811865e+00,        +1.109119313478e+01,        -2.566665166940e+00
 2.41730000e+00,        +7.071067811865e+00,        +1.109103094308e+01,        -2.566658724179e+00
 2.41732500e+00,        +7.071067811865e+00,        +1.109086862245e+01,        -2.566652249236e+00
 2.41735000e+00,        +7.071067811865e+00,        +1.109070617247e+01,        -2.566645742008e+00
 2.41737500e+00,        +7.071067811865e+00,        +1.109054359271e+01,        -2.566639202392e+00
 2.41740000e+00,        +7.071067811865e+00,        +1.109038088272e+01,        -2.566632630282e+00
 2.41742500e+00,        +7.071067811865e+00,        +1.109021804207e+01,        -2.566626025575e+00
 2.41745000e+00,        +7.071067811865e+00,        +1.109005507032e+01,        -2.566619388166e+00
 2.41747500e+00,        +7.071067811865e+00,        +1.108989196703e+01,        -2.566612717948e+00
 2.41750000e+00,        +7.071067811865e+00,        +1.108972873176e+01,        -2.566606014815e+00
 2.41752500e+00,        +7.071067811865e+00,        +1.108956536405e+01,        -2.566599278661e+00
 2.41755000e+00,        +7.071067811865e+00,        +1.108940186346e+01,        -2.566592509378e+00
 2.41757500e+00,        +7.071067811865e+00,        +1.108923822954e+01,        -2.566585706858e+00
 2.41760000e+00,        +7.071067811865e+00,        +1.108907446183e+01,        -2.566578870994e+00
 2.41762500e+00,        +7.071067811865e+00,        +1.108891055989e+01,        -2.566572001675e+00
 2.41765000e+00,        +7.071067811865e+00,        +1.108874652325e+01,        -2.566565098793e+00
 2.41767500e+00,        +7.071067811865e+00,        +1.108858235146e+01,        -2.566558162238e+00
 2.41770000e+00,        +7.071067811865e+00,        +1.108841804405e+01,        -2.566551191899e+00
 2.41772500e+00,        +7.071067811865e+00,        +1.108825360056e+01,        -2.566544187666e+00
 2.41775000e+00,        +7.071067811865e+00,        +1.108808902053e+01,        -2.566537149425e+00
 2.41777500e+00,        +7.071067811865e+00,        +1.108792430349e+01,        -2.566530077066e+00
 2.41780000e+00,        +7.071067811865e+00,        +1.108775944896e+01,        -2.566522970476e+00
 2.41782500e+00,        +7.071067811865e+00,        +1.108759445647e+01,        -2.566515829541e+00
 2.41785000e+00,        +7.071067811865e+00,        +1.108742932556e+01,        -2.566508654148e+00
 2.41787500e+00,        +7.071067811865e+00,        +1.108726405574e+01,        -2.566501444181e+00
 2.41790000e+00,        +7.071067811865e+00,        +1.108709864654e+01,        -2.566494199527e+00
 2.41792500e+00,        +7.071067811865e+00,        +1.108693309747e+01,        -2.566486920069e+00
 2.41795000e+00,        +7.071067811865e+00,        +1.108676740804e+01,        -2.566479605692e+00
 2.41797500e+00,        +7.071067811865e+00,        +1.108660157778e+01,        -2.566472256278e+00
 2.41800000e+00,        +7.071067811865e+00,        +1.108643560620e+01,        -2.566464871710e+00
 2.41802500e+00,        +7.071067811865e+00,        +1.108626949280e+01,        -2.566457451871e+00
 2.41805000e+00,        +7.071067811865e+00,        +1.108610323709e+01,        -2.566449996642e+00
 2.41807500e+00,        +7.071067811865e+00,        +1.108593683857e+01,        -2.566442505904e+00
 2.41810000e+00,        +7.071067811865e+00,        +1.108577029675e+01,        -2.566434979536e+00
 2.41812500e+00,        +7.071067811865e+00,        +1.108560361113e+01,        -2.566427417420e+00
 2.41815000e+00,        +7.071067811865e+00,        +1.108543678120e+01,        -2.566419819433e+00
 2.41817500e+00,        +7.071067811865e+00,        +1.108526980646e+01,        -2.566412185455e+00
 2.41820000e+00,        +7.071067811865e+00,        +1.108510268640e+01,        -2.566404515363e+00
 2.41822500e+00,        +7.071067811865e+00,        +1.108493542051e+01,        -2.566396809035e+00
 2.41825000e+00,        +7.071067811865e+00,        +1.108476800828e+01,        -2.566389066347e+00
 2.41827500e+00,        +7.071067811865e+00,        +1.108460044919e+01,        -2.566381287174e+00
 2.41830000e+00,        +7.071067811865e+00,        +1.108443274273e+01,        -2.566373471394e+00
 2.41832500e+00,        +7.071067811865e+00,        +1.108426488837e+01,        -2.566365618879e+00
 2.41835000e+00,        +7.071067811865e+00,        +1.108409688560e+01,        -2.566357729505e+00
 2.41837500e+00,        +7.071067811865e+00,        +1.108392873388e+01,        -2.566349803144e+00
 2.41840000e+00,        +7.071067811865e+00,        +1.108376043268e+01,        -2.566341839670e+00
 2.41842500e+00,        +7.071067811865e+00,        +1.108359198149e+01,        -2.566333838954e+00
 2.41845000e+00,        +7.071067811865e+00,        +1.108342337976e+01,        -2.566325800869e+00
 2.41847500e+00,        +7.071067811865e+00,        +1.108325462696e+01,        -2.566317725284e+00
 2.41850000e+00,        +7.071067811865e+00,        +1.108308572255e+01,        -2.566309612070e+00
 2.41852500e+00,        +7.071067811865e+00,        +1.108291666599e+01,        -2.566301461097e+00
 2.41855000e+00,        +7.071067811865e+00,        +1.108274745674e+01,        -2.566293272233e+00
 2.41857500e+00,        +7.071067811865e+00,        +1.108257809424e+01,        -2.566285045346e+00
 2.41860000e+00,        +7.071067811865e+00,        +1.108240857796e+01,        -2.566276780305e+00
 2.41862500e+00,        +7.071067811865e+00,        +1.108223890733e+01,        -2.566268476975e+00
 2.41865000e+00,        +7.071067811865e+00,        +1.108206908180e+01,        -2.566260135222e+00
 2.41867500e+00,        +7.071067811865e+00,        +1.108189910082e+01,        -2.566251754913e+00
 2.41870000e+00,        +7.071067811865e+00,        +1.108172896383e+01,        -2.566243335911e+00
 2.41872500e+00,        +7.071067811865e+00,        +1.108155867026e+01,        -2.566234878081e+00
 2.41875000e+00,        +7.071067811865e+00,        +1.108138821954e+01,        -2.566226381286e+00
 2.41877500e+00,        +7.071067811865e+00,        +1.108121761112e+01,        -2.566217845388e+00
 2.41880000e+00,        +7.071067811865e+00,        +1.108104684440e+01,        -2.566209270250e+00
 2.41882500e+00,        +7.071067811865e+00,        +1.108087591883e+01,        -2.566200655731e+00
 2.41885000e+00,        +7.071067811865e+00,        +1.108070483383e+01,        -2.566192001694e+00
 2.41887500e+00,        +7.071067811865e+00,        +1.108053358881e+01,        -2.566183307996e+00
 2.41890000e+00,        +7.071067811865e+00,        +1.108036218319e+01,        -2.566174574498e+00
 2.41892500e+00,        +7.071067811865e+00,        +1.108019061638e+01,        -2.566165801057e+00
 2.41895000e+00,        +7.071067811865e+00,        +1.108001888780e+01,        -2.566156987531e+00
 2.41897500e+00,        +7.071067811865e+00,        +1.107984699686e+01,        -2.566148133776e+00
 2.41900000e+00,        +7.071067811865e+00,        +1.107967494295e+01,        -2.566139239648e+00
 2.41902500e+00,        +7.071067811865e+00,        +1.107950272549e+01,        -2.566130305003e+00
 2.41905000e+00,        +7.071067811865e+00,        +1.107933034386e+01,        -2.566121329694e+00
 2.41907500e+00,        +7.071067811865e+00,        +1.107915779747e+01,        -2.566112313576e+00
 2.41910000e+00,        +7.071067811865e+00,        +1.107898508570e+01,        -2.566103256500e+00
 2.41912500e+00,        +7.071067811865e+00,        +1.107881220796e+01,        -2.566094158320e+00
 2.41915000e+00,        +7.071067811865e+00,        +1.107863916362e+01,        -2.566085018885e+00
 2.41917500e+00,        +7.071067811865e+00,        +1.107846595206e+01,        -2.566075838048e+00
 2.41920000e+00,        +7.071067811865e+00,        +1.107829257268e+01,        -2.566066615656e+00
 2.41922500e+00,        +7.071067811865e+00,        +1.107811902483e+01,        -2.566057351560e+00
 2.41925000e+00,        +7.071067811865e+00,        +1.107794530791e+01,        -2.566048045607e+00
 2.41927500e+00,        +7.071067811865e+00,        +1.107777142128e+01,        -2.566038697644e+00
 2.41930000e+00,        +7.071067811865e+00,        +1.107759736430e+01,        -2.566029307518e+00
 2.41932500e+00,        +7.071067811865e+00,        +1.107742313635e+01,        -2.566019875074e+00
 2.41935000e+00,        +7.071067811865e+00,        +1.107724873677e+01,        -2.566010400157e+00
 2.41937500e+00,        +7.071067811865e+00,        +1.107707416494e+01,        -2.566000882611e+00
 2.41940000e+00,        +7.071067811865e+00,        +1.107689942020e+01,        -2.565991322278e+00
 2.41942500e+00,        +7.071067811865e+00,        +1.107672450190e+01,        -2.565981719001e+00
 2.41945000e+00,        +7.071067811865e+00,        +1.107654940940e+01,        -2.565972072622e+00
 2.41947500e+00,        +7.071067811865e+00,        +1.107637414203e+01,        -2.565962382980e+00
 2.41950000e+00,        +7.071067811865e+00,        +1.107619869914e+01,        -2.565952649916e+00
 2.41952500e+00,        +7.071067811865e+00,        +1.107602308006e+01,        -2.565942873268e+00
 2.41955000e+00,        +7.071067811865e+00,        +1.107584728413e+01,        -2.565933052873e+00
 2.41957500e+00,        +7.071067811865e+00,        +1.107567131068e+01,        -2.565923188570e+00
 2.41960000e+00,        +7.071067811865e+00,        +1.107549515904e+01,        -2.565913280193e+00
 2.41962500e+00,        +7.071067811865e+00,        +1.107531882852e+01,        -2.565903327578e+00
 2.41965000e+00,        +7.071067811865e+00,        +1.107514231845e+01,        -2.565893330559e+00
 2.41967500e+00,        +7.071067811865e+00,        +1.107496562814e+01,        -2.565883288970e+00
 2.41970000e+00,        +7.071067811865e+00,        +1.107478875692e+01,        -2.565873202644e+00
 2.41972500e+00,        +7.071067811865e+00,        +1.107461170407e+01,        -2.565863071410e+00
 2.41975000e+00,        +7.071067811865e+00,        +1.107443446892e+01,        -2.565852895101e+00
 2.41977500e+00,        +7.071067811865e+00,        +1.107425705076e+01,        -2.565842673545e+00
 2.41980000e+00,        +7.071067811865e+00,        +1.107407944890e+01,        -2.565832406572e+00
 2.41982500e+00,        +7.071067811865e+00,        +1.107390166261e+01,        -2.565822094009e+00
 2.41985000e+00,        +7.071067811865e+00,        +1.107372369121e+01,        -2.565811735684e+00
 2.41987500e+00,        +7.071067811865e+00,        +1.107354553396e+01,        -2.565801331421e+00
 2.41990000e+00,        +7.071067811865e+00,        +1.107336719016e+01,        -2.565790881045e+00
 2.41992500e+00,        +7.071067811865e+00,        +1.107318865909e+01,        -2.565780384381e+00
 2.41995000e+00,        +7.071067811865e+00,        +1.107300994002e+01,        -2.565769841252e+00
 2.41997500e+00,        +7.071067811865e+00,        +1.107283103221e+01,        -2.565759251479e+00
 2.42000000e+00,        +7.071067811865e+00,        +1.107265193495e+01,        -2.565748614884e+00
 2.42002500e+00,        +7.071067811865e+00,        +1.107247264749e+01,        -2.565737931285e+00
 2.42005000e+00,        +7.071067811865e+00,        +1.107229316909e+01,        -2.565727200503e+00
 2.42007500e+00,        +7.071067811865e+00,        +1.107211349901e+01,        -2.565716422355e+00
 2.42010000e+00,        +7.071067811865e+00,        +1.107193363650e+01,        -2.565705596657e+00
 2.42012500e+00,        +7.071067811865e+00,        +1.107175358080e+01,        -2.565694723227e+00
 2.42015000e+00,        +7.071067811865e+00,        +1.107157333117e+01,        -2.565683801878e+00
 2.42017500e+00,        +7.071067811865e+00,        +1.107139288684e+01,        -2.565672832424e+00
 2.42020000e+00,        +7.071067811865e+00,        +1.107121224704e+01,        -2.565661814678e+00
 2.42022500e+00,        +7.071067811865e+00,        +1.107103141101e+01,        -2.565650748452e+00
 2.42025000e+00,        +7.071067811865e+00,        +1.107085037798e+01,        -2.565639633556e+00
 2.42027500e+00,        +7.071067811865e+00,        +1.107066914716e+01,        -2.565628469799e+00
 2.42030000e+00,        +7.071067811865e+00,        +1.107048771778e+01,        -2.565617256991e+00
 2.42032500e+00,        +7.071067811865e+00,        +1.107030608906e+01,        -2.565605994938e+00
 2.42035000e+00,        +7.071067811865e+00,        +1.107012426019e+01,        -2.565594683446e+00
 2.42037500e+00,        +7.071067811865e+00,        +1.106994223039e+01,        -2.565583322322e+00
 2.42040000e+00,        +7.071067811865e+00,        +1.106975999886e+01,        -2.565571911368e+00
 2.42042500e+00,        +7.071067811865e+00,        +1.106957756479e+01,        -2.565560450388e+00
 2.42045000e+00,        +7.071067811865e+00,        +1.106939492738e+01,        -2.565548939182e+00
 2.42047500e+00,        +7.071067811865e+00,        +1.106921208583e+01,        -2.565537377553e+00
 2.42050000e+00,        +7.071067811865e+00,        +1.106902903930e+01,        -2.565525765300e+00
 2.42052500e+00,        +7.071067811865e+00,        +1.106884578698e+01,        -2.565514102219e+00
 2.42055000e+00,        +7.071067811865e+00,        +1.106866232805e+01,        -2.565502388110e+00
 2.42057500e+00,        +7.071067811865e+00,        +1.106847866167e+01,        -2.565490622768e+00
 2.42060000e+00,        +7.071067811865e+00,        +1.106829478702e+01,        -2.565478805987e+00
 2.42062500e+00,        +7.071067811865e+00,        +1.106811070325e+01,        -2.565466937561e+00
 2.42065000e+00,        +7.071067811865e+00,        +1.106792640952e+01,        -2.565455017282e+00
 2.42067500e+00,        +7.071067811865e+00,        +1.106774190498e+01,        -2.565443044943e+00
 2.42070000e+00,        +7.071067811865e+00,        +1.106755718878e+01,        -2.565431020332e+00
 2.42072500e+00,        +7.071067811865e+00,        +1.106737226006e+01,        -2.565418943238e+00
 2.42075000e+00,        +7.071067811865e+00,        +1.106718711796e+01,        -2.565406813449e+00
 2.42077500e+00,        +7.071067811865e+00,        +1.106700176162e+01,        -2.565394630752e+00
 2.42080000e+00,        +7.071067811865e+00,        +1.106681619015e+01,        -2.565382394931e+00
 2.42082500e+00,        +7.071067811865e+00,        +1.106663040268e+01,        -2.565370105769e+00
 2.42085000e+00,        +7.071067811865e+00,        +1.106644439834e+01,        -2.565357763050e+00
 2.42087500e+00,        +7.071067811865e+00,        +1.106625817623e+01,        -2.565345366555e+00
 2.42090000e+00,        +7.071067811865e+00,        +1.106607173547e+01,        -2.565332916064e+00
 2.42092500e+00,        +7.071067811865e+00,        +1.106588507515e+01,        -2.565320411354e+00
 2.42095000e+00,        +7.071067811865e+00,        +1.106569819438e+01,        -2.565307852204e+00
 2.42097500e+00,        +7.071067811865e+00,        +1.106551109225e+01,        -2.565295238390e+00
 2.42100000e+00,        +7.071067811865e+00,        +1.106532376784e+01,        -2.565282569686e+00
 2.42102500e+00,        +7.071067811865e+00,        +1.106513622024e+01,        -2.565269845865e+00
 2.42105000e+00,        +7.071067811865e+00,        +1.106494844853e+01,        -2.565257066700e+00
 2.42107500e+00,        +7.071067811865e+00,        +1.106476045177e+01,        -2.565244231960e+00
 2.42110000e+00,        +7.071067811865e+00,        +1.106457222905e+01,        -2.565231341417e+00
 2.42112500e+00,        +7.071067811865e+00,        +1.106438377941e+01,        -2.565218394836e+00
 2.42115000e+00,        +7.071067811865e+00,        +1.106419510192e+01,        -2.565205391985e+00
 2.42117500e+00,        +7.071067811865e+00,        +1.106400619562e+01,        -2.565192332629e+00
 2.42120000e+00,        +7.071067811865e+00,        +1.106381705957e+01,        -2.565179216531e+00
 2.42122500e+00,        +7.071067811865e+00,        +1.106362769280e+01,        -2.565166043454e+00
 2.42125000e+00,        +7.071067811865e+00,        +1.106343809434e+01,        -2.565152813159e+00
 2.42127500e+00,        +7.071067811865e+00,        +1.106324826324e+01,        -2.565139525405e+00
 2.42130000e+00,        +7.071067811865e+00,        +1.106305819850e+01,        -2.565126179949e+00
 2.42132500e+00,        +7.071067811865e+00,        +1.106286789915e+01,        -2.565112776549e+00
 2.42135000e+00,        +7.071067811865e+00,        +1.106267736421e+01,        -2.565099314959e+00
 2.42137500e+00,        +7.071067811865e+00,        +1.106248659267e+01,        -2.565085794934e+00
 2.42140000e+00,        +7.071067811865e+00,        +1.106229558354e+01,        -2.565072216224e+00
 2.42142500e+00,        +7.071067811865e+00,        +1.106210433582e+01,        -2.565058578580e+00
 2.42145000e+00,        +7.071067811865e+00,        +1.106191284849e+01,        -2.565044881752e+00
 2.42147500e+00,        +7.071067811865e+00,        +1.106172112054e+01,        -2.565031125487e+00
 2.42150000e+00,        +7.071067811865e+00,        +1.106152915094e+01,        -2.565017309531e+00
 2.42152500e+00,        +7.071067811865e+00,        +1.106133693868e+01,        -2.565003433628e+00
 2.42155000e+00,        +7.071067811865e+00,        +1.106114448270e+01,        -2.564989497521e+00
 2.42157500e+00,        +7.071067811865e+00,        +1.106095178198e+01,        -2.564975500951e+00
 2.42160000e+00,        +7.071067811865e+00,        +1.106075883546e+01,        -2.564961443658e+00
 2.42162500e+00,        +7.071067811865e+00,        +1.106056564210e+01,        -2.564947325380e+00
 2.42165000e+00,        +7.071067811865e+00,        +1.106037220083e+01,        -2.564933145853e+00
 2.42167500e+00,        +7.071067811865e+00,        +1.106017851059e+01,        -2.564918904813e+00
 2.42170000e+00,        +7.071067811865e+00,        +1.105998457031e+01,        -2.564904601991e+00
 2.42172500e+00,        +7.071067811865e+00,        +1.105979037892e+01,        -2.564890237120e+00
 2.42175000e+00,        +7.071067811865e+00,        +1.105959593532e+01,        -2.564875809930e+00
 2.42177500e+00,        +7.071067811865e+00,        +1.105940123843e+01,        -2.564861320148e+00
 2.42180000e+00,        +7.071067811865e+00,        +1.105920628715e+01,        -2.564846767502e+00
 2.42182500e+00,        +7.071067811865e+00,        +1.105901108038e+01,        -2.564832151716e+00
 2.42185000e+00,        +7.071067811865e+00,        +1.105881561701e+01,        -2.564817472512e+00
 2.42187500e+00,        +7.071067811865e+00,        +1.105861989592e+01,        -2.564802729613e+00
 2.42190000e+00,        +7.071067811865e+00,        +1.105842391599e+01,        -2.564787922737e+00
 2.42192500e+00,        +7.071067811865e+00,        +1.105822767609e+01,        -2.564773051603e+00
 2.42195000e+00,        +7.071067811865e+00,        +1.105803117509e+01,        -2.564758115927e+00
 2.42197500e+00,        +7.071067811865e+00,        +1.105783441184e+01,        -2.564743115423e+00
 2.42200000e+00,        +7.071067811865e+00,        +1.105763738518e+01,        -2.564728049803e+00
 2.42202500e+00,        +7.071067811865e+00,        +1.105744009397e+01,        -2.564712918778e+00
 2.42205000e+00,        +7.071067811865e+00,        +1.105724253705e+01,        -2.564697722057e+00
 2.42207500e+00,        +7.071067811865e+00,        +1.105704471323e+01,        -2.564682459346e+00
 2.42210000e+00,        +7.071067811865e+00,        +1.105684662134e+01,        -2.564667130351e+00
 2.42212500e+00,        +7.071067811865e+00,        +1.105664826020e+01,        -2.564651734776e+00
 2.42215000e+00,        +7.071067811865e+00,        +1.105644962862e+01,        -2.564636272320e+00
 2.42217500e+00,        +7.071067811865e+00,        +1.105625072539e+01,        -2.564620742685e+00
 2.42220000e+00,        +7.071067811865e+00,        +1.105605154931e+01,        -2.564605145566e+00
 2.42222500e+00,        +7.071067811865e+00,        +1.105585209916e+01,        -2.564589480661e+00
 2.42225000e+00,        +7.071067811865e+00,        +1.105565237374e+01,        -2.564573747662e+00
 2.42227500e+00,        +7.071067811865e+00,        +1.105545237179e+01,        -2.564557946262e+00
 2.42230000e+00,        +7.071067811865e+00,        +1.105525209210e+01,        -2.564542076149e+00
 2.42232500e+00,        +7.071067811865e+00,        +1.105505153341e+01,        -2.564526137012e+00
 2.42235000e+00,        +7.071067811865e+00,        +1.105485069448e+01,        -2.564510128536e+00
 2.42237500e+00,        +7.071067811865e+00,        +1.105464957404e+01,        -2.564494050405e+00
 2.42240000e+00,        +7.071067811865e+00,        +1.105444817083e+01,        -2.564477902301e+00
 2.42242500e+00,        +7.071067811865e+00,        +1.105424648358e+01,        -2.564461683903e+00
 2.42245000e+00,        +7.071067811865e+00,        +1.105404451100e+01,        -2.564445394888e+00
 2.42247500e+00,        +7.071067811865e+00,        +1.105384225180e+01,        -2.564429034932e+00
 2.42250000e+00,        +7.071067811865e+00,        +1.105363970468e+01,        -2.564412603708e+00
 2.42252500e+00,        +7.071067811865e+00,        +1.105343686835e+01,        -2.564396100888e+00
 2.42255000e+00,        +7.071067811865e+00,        +1.105323374148e+01,        -2.564379526140e+00
 2.42257500e+00,        +7.071067811865e+00,        +1.105303032275e+01,        -2.564362879131e+00
 2.42260000e+00,        +7.071067811865e+00,        +1.105282661083e+01,        -2.564346159526e+00
 2.42262500e+00,        +7.071067811865e+00,        +1.105262260438e+01,        -2.564329366987e+00
 2.42265000e+00,        +7.071067811865e+00,        +1.105241830207e+01,        -2.564312501175e+00
 2.42267500e+00,        +7.071067811865e+00,        +1.105221370252e+01,        -2.564295561747e+00
 2.42270000e+00,        +7.071067811865e+00,        +1.105200880437e+01,        -2.564278548359e+00
 2.42272500e+00,        +7.071067811865e+00,        +1.105180360626e+01,        -2.564261460665e+00
 2.42275000e+00,        +7.071067811865e+00,        +1.105159810680e+01,        -2.564244298315e+00
 2.42277500e+00,        +7.071067811865e+00,        +1.105139230461e+01,        -2.564227060959e+00
 2.42280000e+00,        +7.071067811865e+00,        +1.105118619827e+01,        -2.564209748244e+00
 2.42282500e+00,        +7.071067811865e+00,        +1.105097978640e+01,        -2.564192359812e+00
 2.42285000e+00,        +7.071067811865e+00,        +1.105077306756e+01,        -2.564174895307e+00
 2.42287500e+00,        +7.071067811865e+00,        +1.105056604034e+01,        -2.564157354368e+00
 2.42290000e+00,        +7.071067811865e+00,        +1.105035870331e+01,        -2.564139736631e+00
 2.42292500e+00,        +7.071067811865e+00,        +1.105015105501e+01,        -2.564122041731e+00
 2.42295000e+00,        +7.071067811865e+00,        +1.104994309399e+01,        -2.564104269301e+00
 2.42297500e+00,        +7.071067811865e+00,        +1.104973481880e+01,        -2.564086418970e+00
 2.42300000e+00,        +7.071067811865e+00,        +1.104952622796e+01,        -2.564068490364e+00
 2.42302500e+00,        +7.071067811865e+00,        +1.104931732000e+01,        -2.564050483110e+00
 2.42305000e+00,        +7.071067811865e+00,        +1.104910809341e+01,        -2.564032396829e+00
 2.42307500e+00,        +7.071067811865e+00,        +1.104889854672e+01,        -2.564014231140e+00
 2.42310000e+00,        +7.071067811865e+00,        +1.104868867839e+01,        -2.563995985661e+00
 2.42312500e+00,        +7.071067811865e+00,        +1.104847848693e+01,        -2.563977660006e+00
 2.42315000e+00,        +7.071067811865e+00,        +1.104826797079e+01,        -2.563959253787e+00
 2.42317500e+00,        +7.071067811865e+00,        +1.104805712844e+01,        -2.563940766612e+00
 2.42320000e+00,        +7.071067811865e+00,        +1.104784595833e+01,        -2.563922198089e+00
 2.42322500e+00,        +7.071067811865e+00,        +1.104763445891e+01,        -2.563903547821e+00
 2.42325000e+00,        +7.071067811865e+00,        +1.104742262860e+01,        -2.563884815410e+00
 2.42327500e+00,        +7.071067811865e+00,        +1.104721046583e+01,        -2.563866000453e+00
 2.42330000e+00,        +7.071067811865e+00,        +1.104699796900e+01,        -2.563847102547e+00
 2.42332500e+00,        +7.071067811865e+00,        +1.104678513653e+01,        -2.563828121284e+00
 2.42335000e+00,        +7.071067811865e+00,        +1.104657196680e+01,        -2.563809056253e+00
 2.42337500e+00,        +7.071067811865e+00,        +1.104635845819e+01,        -2.563789907044e+00
 2.42340000e+00,        +7.071067811865e+00,        +1.104614460907e+01,        -2.563770673238e+00
 2.42342500e+00,        +7.071067811865e+00,        +1.104593041780e+01,        -2.563751354419e+00
 2.42345000e+00,        +7.071067811865e+00,        +1.104571588273e+01,        -2.563731950165e+00
 2.42347500e+00,        +7.071067811865e+00,        +1.104550100219e+01,        -2.563712460051e+00
 2.42350000e+00,        +7.071067811865e+00,        +1.104528577451e+01,        -2.563692883650e+00
 2.42352500e+00,        +7.071067811865e+00,        +1.104507019801e+01,        -2.563673220532e+00
 2.42355000e+00,        +7.071067811865e+00,        +1.104485427100e+01,        -2.563653470263e+00
 2.42357500e+00,        +7.071067811865e+00,        +1.104463799176e+01,        -2.563633632408e+00
 2.42360000e+00,        +7.071067811865e+00,        +1.104442135857e+01,        -2.563613706526e+00
 2.42362500e+00,        +7.071067811865e+00,        +1.104420436971e+01,        -2.563593692175e+00
 2.42365000e+00,        +7.071067811865e+00,        +1.104398702344e+01,        -2.563573588910e+00
 2.42367500e+00,        +7.071067811865e+00,        +1.104376931800e+01,        -2.563553396282e+00
 2.42370000e+00,        +7.071067811865e+00,        +1.104355125163e+01,        -2.563533113839e+00
 2.42372500e+00,        +7.071067811865e+00,        +1.104333282255e+01,        -2.563512741126e+00
 2.42375000e+00,        +7.071067811865e+00,        +1.104311402898e+01,        -2.563492277685e+00
 2.42377500e+00,        +7.071067811865e+00,        +1.104289486911e+01,        -2.563471723054e+00
 2.42380000e+00,        +7.071067811865e+00,        +1.104267534114e+01,        -2.563451076769e+00
 2.42382500e+00,        +7.071067811865e+00,        +1.104245544324e+01,        -2.563430338361e+00
 2.42385000e+00,        +7.071067811865e+00,        +1.104223517357e+01,        -2.563409507358e+00
 2.42387500e+00,        +7.071067811865e+00,        +1.104201453028e+01,        -2.563388583287e+00
 2.42390000e+00,        +7.071067811865e+00,        +1.104179351152e+01,        -2.563367565668e+00
 2.42392500e+00,        +7.071067811865e+00,        +1.104157211540e+01,        -2.563346454020e+00
 2.42395000e+00,        +7.071067811865e+00,        +1.104135034005e+01,        -2.563325247858e+00
 2.42397500e+00,        +7.071067811865e+00,        +1.104112818356e+01,        -2.563303946694e+00
 2.42400000e+00,        +7.071067811865e+00,        +1.104090564402e+01,        -2.563282550035e+00
 2.42402500e+00,        +7.071067811865e+00,        +1.104068271951e+01,        -2.563261057385e+00
 2.42405000e+00,        +7.071067811865e+00,        +1.104045940808e+01,        -2.563239468246e+00
 2.42407500e+00,        +7.071067811865e+00,        +1.104023570779e+01,        -2.563217782114e+00
 2.42410000e+00,        +7.071067811865e+00,        +1.104001161667e+01,        -2.563195998483e+00
 2.42412500e+00,        +7.071067811865e+00,        +1.103978713275e+01,        -2.563174116843e+00
 2.42415000e+00,        +7.071067811865e+00,        +1.103956225402e+01,        -2.563152136679e+00
 2.42417500e+00,        +7.071067811865e+00,        +1.103933697849e+01,        -2.563130057475e+00
 2.42420000e+00,        +7.071067811865e+00,        +1.103911130413e+01,        -2.563107878708e+00
 2.42422500e+00,        +7.071067811865e+00,        +1.103888522891e+01,        -2.563085599853e+00
 2.42425000e+00,        +7.071067811865e+00,        +1.103865875079e+01,        -2.563063220382e+00
 2.42427500e+00,        +7.071067811865e+00,        +1.103843186770e+01,        -2.563040739761e+00
 2.42430000e+00,        +7.071067811865e+00,        +1.103820457756e+01,        -2.563018157453e+00
 2.42432500e+00,        +7.071067811865e+00,        +1.103797687829e+01,        -2.562995472917e+00
 2.42435000e+00,        +7.071067811865e+00,        +1.103774876778e+01,        -2.562972685609e+00
 2.42437500e+00,        +7.071067811865e+00,        +1.103752024391e+01,        -2.562949794980e+00
 2.42440000e+00,        +7.071067811865e+00,        +1.103729130455e+01,        -2.562926800476e+00
 2.42442500e+00,        +7.071067811865e+00,        +1.103706194754e+01,        -2.562903701540e+00
 2.42445000e+00,        +7.071067811865e+00,        +1.103683217073e+01,        -2.562880497611e+00
 2.42447500e+00,        +7.071067811865e+00,        +1.103660197192e+01,        -2.562857188124e+00
 2.42450000e+00,        +7.071067811865e+00,        +1.103637134894e+01,        -2.562833772509e+00
 2.42452500e+00,        +7.071067811865e+00,        +1.103614029956e+01,        -2.562810250193e+00
 2.42455000e+00,        +7.071067811865e+00,        +1.103590882156e+01,        -2.562786620595e+00
 2.42457500e+00,        +7.071067811865e+00,        +1.103567691270e+01,        -2.562762883135e+00
 2.42460000e+00,        +7.071067811865e+00,        +1.103544457072e+01,        -2.562739037226e+00
 2.42462500e+00,        +7.071067811865e+00,        +1.103521179335e+01,        -2.562715082275e+00
 2.42465000e+00,        +7.071067811865e+00,        +1.103497857829e+01,        -2.562691017687e+00
 2.42467500e+00,        +7.071067811865e+00,        +1.103474492324e+01,        -2.562666842862e+00
 2.42470000e+00,        +7.071067811865e+00,        +1.103451082588e+01,        -2.562642557194e+00
 2.42472500e+00,        +7.071067811865e+00,        +1.103427628387e+01,        -2.562618160074e+00
 2.42475000e+00,        +7.071067811865e+00,        +1.103404129485e+01,        -2.562593650889e+00
 2.42477500e+00,        +7.071067811865e+00,        +1.103380585645e+01,        -2.562569029018e+00
 2.42480000e+00,        +7.071067811865e+00,        +1.103356996628e+01,        -2.562544293839e+00
 2.42482500e+00,        +7.071067811865e+00,        +1.103333362193e+01,        -2.562519444723e+00
 2.42485000e+00,        +7.071067811865e+00,        +1.103309682098e+01,        -2.562494481037e+00
 2.42487500e+00,        +7.071067811865e+00,        +1.103285956098e+01,        -2.562469402142e+00
 2.42490000e+00,        +7.071067811865e+00,        +1.103262183948e+01,        -2.562444207397e+00
 2.42492500e+00,        +7.071067811865e+00,        +1.103238365399e+01,        -2.562418896153e+00
 2.42495000e+00,        +7.071067811865e+00,        +1.103214500202e+01,        -2.562393467757e+00
 2.42497500e+00,        +7.071067811865e+00,        +1.103190588106e+01,        -2.562367921551e+00
 2.42500000e+00,        +7.071067811865e+00,        +1.103166628858e+01,        -2.562342256872e+00
 2.42502500e+00,        +7.071067811865e+00,        +1.103142622202e+01,        -2.562316473051e+00
 2.42505000e+00,        +7.071067811865e+00,        +1.103118567881e+01,        -2.562290569416e+00
 2.42507500e+00,        +7.071067811865e+00,        +1.103094465637e+01,        -2.562264545288e+00
 2.42510000e+00,        +7.071067811865e+00,        +1.103070315209e+01,        -2.562238399982e+00
 2.42512500e+00,        +7.071067811865e+00,        +1.103046116334e+01,        -2.562212132810e+00
 2.42515000e+00,        +7.071067811865e+00,        +1.103021868748e+01,        -2.562185743075e+00
 2.42517500e+00,        +7.071067811865e+00,        +1.102997572184e+01,        -2.562159230079e+00
 2.42520000e+00,        +7.071067811865e+00,        +1.102973226374e+01,        -2.562132593116e+00
 2.42522500e+00,        +7.071067811865e+00,        +1.102948831047e+01,        -2.562105831474e+00
 2.42525000e+00,        +7.071067811865e+00,        +1.102924385930e+01,        -2.562078944435e+00
 2.42527500e+00,        +7.071067811865e+00,        +1.102899890749e+01,        -2.562051931279e+00
 2.42530000e+00,        +7.071067811865e+00,        +1.102875345228e+01,        -2.562024791275e+00
 2.42532500e+00,        +7.071067811865e+00,        +1.102850749088e+01,        -2.561997523690e+00
 2.42535000e+00,        +7.071067811865e+00,        +1.102826102048e+01,        -2.561970127784e+00
 2.42537500e+00,        +7.071067811865e+00,        +1.102801403825e+01,        -2.561942602811e+00
 2.42540000e+00,        +7.071067811865e+00,        +1.102776654134e+01,        -2.561914948019e+00
 2.42542500e+00,        +7.071067811865e+00,        +1.102751852688e+01,        -2.561887162651e+00
 2.42545000e+00,        +7.071067811865e+00,        +1.102726999199e+01,        -2.561859245941e+00
 2.42547500e+00,        +7.071067811865e+00,        +1.102702093373e+01,        -2.561831197120e+00
 2.42550000e+00,        +7.071067811865e+00,        +1.102677134919e+01,        -2.561803015411e+00
 2.42552500e+00,        +7.071067811865e+00,        +1.102652123539e+01,        -2.561774700033e+00
 2.42555000e+00,        +7.071067811865e+00,        +1.102627058936e+01,        -2.561746250195e+00
 2.42557500e+00,        +7.071067811865e+00,        +1.102601940809e+01,        -2.561717665102e+00
 2.42560000e+00,        +7.071067811865e+00,        +1.102576768856e+01,        -2.561688943953e+00
 2.42562500e+00,        +7.071067811865e+00,        +1.102551542771e+01,        -2.561660085938e+00
 2.42565000e+00,        +7.071067811865e+00,        +1.102526262247e+01,        -2.561631090244e+00
 2.42567500e+00,        +7.071067811865e+00,        +1.102500926975e+01,        -2.561601956048e+00
 2.42570000e+00,        +7.071067811865e+00,        +1.102475536642e+01,        -2.561572682522e+00
 2.42572500e+00,        +7.071067811865e+00,        +1.102450090935e+01,        -2.561543268830e+00
 2.42575000e+00,        +7.071067811865e+00,        +1.102424589535e+01,        -2.561513714131e+00
 2.42577500e+00,        +7.071067811865e+00,        +1.102399032123e+01,        -2.561484017575e+00
 2.42580000e+00,        +7.071067811865e+00,        +1.102373418379e+01,        -2.561454178307e+00
 2.42582500e+00,        +7.071067811865e+00,        +1.102347747976e+01,        -2.561424195462e+00
 2.42585000e+00,        +7.071067811865e+00,        +1.102322020590e+01,        -2.561394068172e+00
 2.42587500e+00,        +7.071067811865e+00,        +1.102296235889e+01,        -2.561363795557e+00
 2.42590000e+00,        +7.071067811865e+00,        +1.102270393543e+01,        -2.561333376734e+00
 2.42592500e+00,        +7.071067811865e+00,        +1.102244493216e+01,        -2.561302810810e+00
 2.42595000e+00,        +7.071067811865e+00,        +1.102218534571e+01,        -2.561272096885e+00
 2.42597500e+00,        +7.071067811865e+00,        +1.102192517269e+01,        -2.561241234053e+00
 2.42600000e+00,        +7.071067811865e+00,        +1.102166440967e+01,        -2.561210221397e+00
 2.42602500e+00,        +7.071067811865e+00,        +1.102140305319e+01,        -2.561179057996e+00
 2.42605000e+00,        +7.071067811865e+00,        +1.102114109979e+01,        -2.561147742919e+00
 2.42607500e+00,        +7.071067811865e+00,        +1.102087854594e+01,        -2.561116275228e+00
 2.42610000e+00,        +7.071067811865e+00,        +1.102061538812e+01,        -2.561084653976e+00
 2.42612500e+00,        +7.071067811865e+00,        +1.102035162276e+01,        -2.561052878210e+00
 2.42615000e+00,        +7.071067811865e+00,        +1.102008724628e+01,        -2.561020946967e+00
 2.42617500e+00,        +7.071067811865e+00,        +1.101982225504e+01,        -2.560988859276e+00
 2.42620000e+00,        +7.071067811865e+00,        +1.101955664541e+01,        -2.560956614159e+00
 2.42622500e+00,        +7.071067811865e+00,        +1.101929041371e+01,        -2.560924210628e+00
 2.42625000e+00,        +7.071067811865e+00,        +1.101902355622e+01,        -2.560891647687e+00
 2.42627500e+00,        +7.071067811865e+00,        +1.101875606921e+01,        -2.560858924333e+00
 2.42630000e+00,        +7.071067811865e+00,        +1.101848794891e+01,        -2.560826039552e+00
 2.42632500e+00,        +7.071067811865e+00,        +1.101821919153e+01,        -2.560792992323e+00
 2.42635000e+00,        +7.071067811865e+00,        +1.101794979323e+01,        -2.560759781615e+00
 2.42637500e+00,        +7.071067811865e+00,        +1.101767975016e+01,        -2.560726406389e+00
 2.42640000e+00,        +7.071067811865e+00,        +1.101740905843e+01,        -2.560692865596e+00
 2.42642500e+00,        +7.071067811865e+00,        +1.101713771410e+01,        -2.560659158178e+00
 2.42645000e+00,        +7.071067811865e+00,        +1.101686571324e+01,        -2.560625283070e+00
 2.42647500e+00,        +7.071067811865e+00,        +1.101659305184e+01,        -2.560591239194e+00
 2.42650000e+00,        +7.071067811865e+00,        +1.101631972589e+01,        -2.560557025464e+00
 2.42652500e+00,        +7.071067811865e+00,        +1.101604573135e+01,        -2.560522640787e+00
 2.42655000e+00,        +7.071067811865e+00,        +1.101577106411e+01,        -2.560488084057e+00
 2.42657500e+00,        +7.071067811865e+00,        +1.101549572007e+01,        -2.560453354159e+00
 2.42660000e+00,        +7.071067811865e+00,        +1.101521969506e+01,        -2.560418449969e+00
 2.42662500e+00,        +7.071067811865e+00,        +1.101494298491e+01,        -2.560383370353e+00
 2.42665000e+00,        +7.071067811865e+00,        +1.101466558538e+01,        -2.560348114166e+00
 2.42667500e+00,        +7.071067811865e+00,        +1.101438749222e+01,        -2.560312680254e+00
 2.42670000e+00,        +7.071067811865e+00,        +1.101410870114e+01,        -2.560277067452e+00
 2.42672500e+00,        +7.071067811865e+00,        +1.101382920781e+01,        -2.560241274584e+00
 2.42675000e+00,        +7.071067811865e+00,        +1.101354900786e+01,        -2.560205300465e+00
 2.42677500e+00,        +7.071067811865e+00,        +1.101326809689e+01,        -2.560169143898e+00
 2.42680000e+00,        +7.071067811865e+00,        +1.101298647046e+01,        -2.560132803676e+00
 2.42682500e+00,        +7.071067811865e+00,        +1.101270412410e+01,        -2.560096278581e+00
 2.42685000e+00,        +7.071067811865e+00,        +1.101242105328e+01,        -2.560059567383e+00
 2.42687500e+00,        +7.071067811865e+00,        +1.101213725347e+01,        -2.560022668842e+00
 2.42690000e+00,        +7.071067811865e+00,        +1.101185272007e+01,        -2.559985581707e+00
 2.42692500e+00,        +7.071067811865e+00,        +1.101156744844e+01,        -2.559948304715e+00
 2.42695000e+00,        +7.071067811865e+00,        +1.101128143393e+01,        -2.559910836592e+00
 2.42697500e+00,        +7.071067811865e+00,        +1.101099467182e+01,        -2.559873176050e+00
 2.42700000e+00,        +7.071067811865e+00,        +1.101070715736e+01,        -2.559835321793e+00
 2.42702500e+00,        +7.071067811865e+00,        +1.101041888576e+01,        -2.559797272511e+00
 2.42705000e+00,        +7.071067811865e+00,        +1.101012985220e+01,        -2.559759026881e+00
 2.42707500e+00,        +7.071067811865e+00,        +1.100984005180e+01,        -2.559720583570e+00
 2.42710000e+00,        +7.071067811865e+00,        +1.100954947965e+01,        -2.559681941231e+00
 2.42712500e+00,        +7.071067811865e+00,        +1.100925813078e+01,        -2.559643098506e+00
 2.42715000e+00,        +7.071067811865e+00,        +1.100896600021e+01,        -2.559604054023e+00
 2.42717500e+00,        +7.071067811865e+00,        +1.100867308288e+01,        -2.559564806398e+00
 2.42720000e+00,        +7.071067811865e+00,        +1.100837937372e+01,        -2.559525354233e+00
 2.42722500e+00,        +7.071067811865e+00,        +1.100808486759e+01,        -2.559485696119e+00
 2.42725000e+00,        +7.071067811865e+00,        +1.100778955931e+01,        -2.559445830633e+00
 2.42727500e+00,        +7.071067811865e+00,        +1.100749344367e+01,        -2.559405756336e+00
 2.42730000e+00,        +7.071067811865e+00,        +1.100719651540e+01,        -2.559365471780e+00
 2.42732500e+00,        +7.071067811865e+00,        +1.100689876918e+01,        -2.559324975500e+00
 2.42735000e+00,        +7.071067811865e+00,        +1.100660019966e+01,        -2.559284266018e+00
 2.42737500e+00,        +7.071067811865e+00,        +1.100630080143e+01,        -2.559243341843e+00
 2.42740000e+00,        +7.071067811865e+00,        +1.100600056904e+01,        -2.559202201468e+00
 2.42742500e+00,        +7.071067811865e+00,        +1.100569949697e+01,        -2.559160843374e+00
 2.42745000e+00,        +7.071067811865e+00,        +1.100539757969e+01,        -2.559119266024e+00
 2.42747500e+00,        +7.071067811865e+00,        +1.100509481159e+01,        -2.559077467871e+00
 2.42750000e+00,        +7.071067811865e+00,        +1.100479118701e+01,        -2.559035447349e+00
 2.42752500e+00,        +7.071067811865e+00,        +1.100448670026e+01,        -2.558993202879e+00
 2.42755000e+00,        +7.071067811865e+00,        +1.100418134559e+01,        -2.558950732866e+00
 2.42757500e+00,        +7.071067811865e+00,        +1.100387511719e+01,        -2.558908035700e+00
 2.42760000e+00,        +7.071067811865e+00,        +1.100356800919e+01,        -2.558865109756e+00
 2.42762500e+00,        +7.071067811865e+00,        +1.100326001571e+01,        -2.558821953392e+00
 2.42765000e+00,        +7.071067811865e+00,        +1.100295113076e+01,        -2.558778564951e+00
 2.42767500e+00,        +7.071067811865e+00,        +1.100264134834e+01,        -2.558734942759e+00
 2.42770000e+00,        +7.071067811865e+00,        +1.100233066237e+01,        -2.558691085127e+00
 2.42772500e+00,        +7.071067811865e+00,        +1.100201906673e+01,        -2.558646990347e+00
 2.42775000e+00,        +7.071067811865e+00,        +1.100170655523e+01,        -2.558602656697e+00
 2.42777500e+00,        +7.071067811865e+00,        +1.100139312163e+01,        -2.558558082437e+00
 2.42780000e+00,        +7.071067811865e+00,        +1.100107875965e+01,        -2.558513265809e+00
 2.42782500e+00,        +7.071067811865e+00,        +1.100076346291e+01,        -2.558468205038e+00
 2.42785000e+00,        +7.071067811865e+00,        +1.100044722502e+01,        -2.558422898333e+00
 2.42787500e+00,        +7.071067811865e+00,        +1.100013003950e+01,        -2.558377343882e+00
 2.42790000e+00,        +7.071067811865e+00,        +1.099981189982e+01,        -2.558331539858e+00
 2.42792500e+00,        +7.071067811865e+00,        +1.099949279938e+01,        -2.558285484414e+00
 2.42795000e+00,        +7.071067811865e+00,        +1.099917273154e+01,        -2.558239175686e+00
 2.42797500e+00,        +7.071067811865e+00,        +1.099885168957e+01,        -2.558192611790e+00
 2.42800000e+00,        +7.071067811865e+00,        +1.099852966670e+01,        -2.558145790822e+00
 2.42802500e+00,        +7.071067811865e+00,        +1.099820665609e+01,        -2.558098710862e+00
 2.42805000e+00,        +7.071067811865e+00,        +1.099788265083e+01,        -2.558051369969e+00
 2.42807500e+00,        +7.071067811865e+00,        +1.099755764395e+01,        -2.558003766180e+00
 2.42810000e+00,        +7.071067811865e+00,        +1.099723162842e+01,        -2.557955897515e+00
 2.42812500e+00,        +7.071067811865e+00,        +1.099690459713e+01,        -2.557907761974e+00
 2.42815000e+00,        +7.071067811865e+00,        +1.099657654292e+01,        -2.557859357535e+00
 2.42817500e+00,        +7.071067811865e+00,        +1.099624745854e+01,        -2.557810682155e+00
 2.42820000e+00,        +7.071067811865e+00,        +1.099591733668e+01,        -2.557761733772e+00
 2.42822500e+00,        +7.071067811865e+00,        +1.099558616998e+01,        -2.557712510302e+00
 2.42825000e+00,        +7.071067811865e+00,        +1.099525395099e+01,        -2.557663009637e+00
 2.42827500e+00,        +7.071067811865e+00,        +1.099492067218e+01,        -2.557613229652e+00
 2.42830000e+00,        +7.071067811865e+00,        +1.099458632597e+01,        -2.557563168195e+00
 2.42832500e+00,        +7.071067811865e+00,        +1.099425090469e+01,        -2.557512823096e+00
 2.42835000e+00,        +7.071067811865e+00,        +1.099391440060e+01,        -2.557462192159e+00
 2.42837500e+00,        +7.071067811865e+00,        +1.099357680590e+01,        -2.557411273167e+00
 2.42840000e+00,        +7.071067811865e+00,        +1.099323811269e+01,        -2.557360063878e+00
 2.42842500e+00,        +7.071067811865e+00,        +1.099289831302e+01,        -2.557308562030e+00
 2.42845000e+00,        +7.071067811865e+00,        +1.099255739883e+01,        -2.557256765332e+00
 2.42847500e+00,        +7.071067811865e+00,        +1.099221536201e+01,        -2.557204671474e+00
 2.42850000e+00,        +7.071067811865e+00,        +1.099187219435e+01,        -2.557152278118e+00
 2.42852500e+00,        +7.071067811865e+00,        +1.099152788758e+01,        -2.557099582903e+00
 2.42855000e+00,        +7.071067811865e+00,        +1.099118243334e+01,        -2.557046583442e+00
 2.42857500e+00,        +7.071067811865e+00,        +1.099083582317e+01,        -2.556993277322e+00
 2.42860000e+00,        +7.071067811865e+00,        +1.099048804856e+01,        -2.556939662106e+00
 2.42862500e+00,        +7.071067811865e+00,        +1.099013910088e+01,        -2.556885735330e+00
 2.42865000e+00,        +7.071067811865e+00,        +1.098978897144e+01,        -2.556831494502e+00
 2.42867500e+00,        +7.071067811865e+00,        +1.098943765146e+01,        -2.556776937107e+00
 2.42870000e+00,        +7.071067811865e+00,        +1.098908513206e+01,        -2.556722060598e+00
 2.42872500e+00,        +7.071067811865e+00,        +1.098873140428e+01,        -2.556666862404e+00
 2.42875000e+00,        +7.071067811865e+00,        +1.098837645907e+01,        -2.556611339924e+00
 2.42877500e+00,        +7.071067811865e+00,        +1.098802028728e+01,        -2.556555490530e+00
 2.42880000e+00,        +7.071067811865e+00,        +1.098766287969e+01,        -2.556499311566e+00
 2.42882500e+00,        +7.071067811865e+00,        +1.098730422696e+01,        -2.556442800344e+00
 2.42885000e+00,        +7.071067811865e+00,        +1.098694431967e+01,        -2.556385954148e+00
 2.42887500e+00,        +7.071067811865e+00,        +1.098658314830e+01,        -2.556328770234e+00
 2.42890000e+00,        +7.071067811865e+00,        +1.098622070325e+01,        -2.556271245825e+00
 2.42892500e+00,        +7.071067811865e+00,        +1.098585697478e+01,        -2.556213378115e+00
 2.42895000e+00,        +7.071067811865e+00,        +1.098549195310e+01,        -2.556155164265e+00
 2.42897500e+00,        +7.071067811865e+00,        +1.098512562828e+01,        -2.556096601406e+00
 2.42900000e+00,        +7.071067811865e+00,        +1.098475799031e+01,        -2.556037686637e+00
 2.42902500e+00,        +7.071067811865e+00,        +1.098438902907e+01,        -2.555978417024e+00
 2.42905000e+00,        +7.071067811865e+00,        +1.098401873435e+01,        -2.555918789600e+00
 2.42907500e+00,        +7.071067811865e+00,        +1.098364709580e+01,        -2.555858801364e+00
 2.42910000e+00,        +7.071067811865e+00,        +1.098327410299e+01,        -2.555798449283e+00
 2.42912500e+00,        +7.071067811865e+00,        +1.098289974537e+01,        -2.555737730289e+00
 2.42915000e+00,        +7.071067811865e+00,        +1.098252401229e+01,        -2.555676641278e+00
 2.42917500e+00,        +7.071067811865e+00,        +1.098214689298e+01,        -2.555615179111e+00
 2.42920000e+00,        +7.071067811865e+00,        +1.098176837656e+01,        -2.555553340615e+00
 2.42922500e+00,        +7.071067811865e+00,        +1.098138845204e+01,        -2.555491122579e+00
 2.42925000e+00,        +7.071067811865e+00,        +1.098100710829e+01,        -2.555428521756e+00
 2.42927500e+00,        +7.071067811865e+00,        +1.098062433409e+01,        -2.555365534860e+00
 2.42930000e+00,        +7.071067811865e+00,        +1.098024011809e+01,        -2.555302158569e+00
 2.42932500e+00,        +7.071067811865e+00,        +1.097985444883e+01,        -2.555238389522e+00
 2.42935000e+00,        +7.071067811865e+00,        +1.097946731470e+01,        -2.555174224319e+00
 2.42937500e+00,        +7.071067811865e+00,        +1.097907870399e+01,        -2.555109659520e+00
 2.42940000e+00,        +7.071067811865e+00,        +1.097868860487e+01,        -2.555044691647e+00
 2.42942500e+00,        +7.071067811865e+00,        +1.097829700535e+01,        -2.554979317177e+00
 2.42945000e+00,        +7.071067811865e+00,        +1.097790389335e+01,        -2.554913532550e+00
 2.42947500e+00,        +7.071067811865e+00,        +1.097750925663e+01,        -2.554847334162e+00
 2.42950000e+00,        +7.071067811865e+00,        +1.097711308283e+01,        -2.554780718366e+00
 2.42952500e+00,        +7.071067811865e+00,        +1.097671535945e+01,        -2.554713681474e+00
 2.42955000e+00,        +7.071067811865e+00,        +1.097631607386e+01,        -2.554646219752e+00
 2.42957500e+00,        +7.071067811865e+00,        +1.097591521328e+01,        -2.554578329423e+00
 2.42960000e+00,        +7.071067811865e+00,        +1.097551276481e+01,        -2.554510006665e+00
 2.42962500e+00,        +7.071067811865e+00,        +1.097510871539e+01,        -2.554441247608e+00
 2.42965000e+00,        +7.071067811865e+00,        +1.097470305183e+01,        -2.554372048339e+00
 2.42967500e+00,        +7.071067811865e+00,        +1.097429576078e+01,        -2.554302404895e+00
 2.42970000e+00,        +7.071067811865e+00,        +1.097388682875e+01,        -2.554232313266e+00
 2.42972500e+00,        +7.071067811865e+00,        +1.097347624209e+01,        -2.554161769395e+00
 2.42975000e+00,        +7.071067811865e+00,        +1.097306398702e+01,        -2.554090769173e+00
 2.42977500e+00,        +7.071067811865e+00,        +1.097265004959e+01,        -2.554019308443e+00
 2.42980000e+00,        +7.071067811865e+00,        +1.097223441569e+01,        -2.553947382997e+00
 2.42982500e+00,        +7.071067811865e+00,        +1.097181707105e+01,        -2.553874988574e+00
 2.42985000e+00,        +7.071067811865e+00,        +1.097139800126e+01,        -2.553802120863e+00
 2.42987500e+00,        +7.071067811865e+00,        +1.097097719173e+01,        -2.553728775497e+00
 2.42990000e+00,        +7.071067811865e+00,        +1.097055462771e+01,        -2.553654948057e+00
 2.42992500e+00,        +7.071067811865e+00,        +1.097013029427e+01,        -2.553580634069e+00
 2.42995000e+00,        +7.071067811865e+00,        +1.096970417633e+01,        -2.553505829002e+00
 2.42997500e+00,        +7.071067811865e+00,        +1.096927625862e+01,        -2.553430528271e+00
 2.43000000e+00,        +7.071067811865e+00,        +1.096884652570e+01,        -2.553354727231e+00
 2.43002500e+00,        +7.071067811865e+00,        +1.096841496197e+01,        -2.553278421181e+00
 2.43005000e+00,        +7.071067811865e+00,        +1.096798155161e+01,        -2.553201605358e+00
 2.43007500e+00,        +7.071067811865e+00,        +1.096754627867e+01,        -2.553124274941e+00
 2.43010000e+00,        +7.071067811865e+00,        +1.096710912696e+01,        -2.553046425047e+00
 2.43012500e+00,        +7.071067811865e+00,        +1.096667008014e+01,        -2.552968050733e+00
 2.43015000e+00,        +7.071067811865e+00,        +1.096622912167e+01,        -2.552889146990e+00
 2.43017500e+00,        +7.071067811865e+00,        +1.096578623481e+01,        -2.552809708746e+00
 2.43020000e+00,        +7.071067811865e+00,        +1.096534140263e+01,        -2.552729730864e+00
 2.43022500e+00,        +7.071067811865e+00,        +1.096489460799e+01,        -2.552649208143e+00
 2.43025000e+00,        +7.071067811865e+00,        +1.096444583356e+01,        -2.552568135311e+00
 2.43027500e+00,        +7.071067811865e+00,        +1.096399506181e+01,        -2.552486507031e+00
 2.43030000e+00,        +7.071067811865e+00,        +1.096354227497e+01,        -2.552404317894e+00
 2.43032500e+00,        +7.071067811865e+00,        +1.096308745510e+01,        -2.552321562423e+00
 2.43035000e+00,        +7.071067811865e+00,        +1.096263058402e+01,        -2.552238235069e+00
 2.43037500e+00,        +7.071067811865e+00,        +1.096217164334e+01,        -2.552154330208e+00
 2.43040000e+00,        +7.071067811865e+00,        +1.096171061444e+01,        -2.552069842145e+00
 2.43042500e+00,        +7.071067811865e+00,        +1.096124747848e+01,        -2.551984765108e+00
 2.43045000e+00,        +7.071067811865e+00,        +1.096078221641e+01,        -2.551899093249e+00
 2.43047500e+00,        +7.071067811865e+00,        +1.096031480892e+01,        -2.551812820642e+00
 2.43050000e+00,        +7.071067811865e+00,        +1.095984523649e+01,        -2.551725941284e+00
 2.43052500e+00,        +7.071067811865e+00,        +1.095937347934e+01,        -2.551638449089e+00
 2.43055000e+00,        +7.071067811865e+00,        +1.095889951747e+01,        -2.551550337891e+00
 2.43057500e+00,        +7.071067811865e+00,        +1.095842333061e+01,        -2.551461601440e+00
 2.43060000e+00,        +7.071067811865e+00,        +1.095794489826e+01,        -2.551372233404e+00
 2.43062500e+00,        +7.071067811865e+00,        +1.095746419965e+01,        -2.551282227363e+00
 2.43065000e+00,        +7.071067811865e+00,        +1.095698121378e+01,        -2.551191576809e+00
 2.43067500e+00,        +7.071067811865e+00,        +1.095649591937e+01,        -2.551100275149e+00
 2.43070000e+00,        +7.071067811865e+00,        +1.095600829486e+01,        -2.551008315696e+00
 2.43072500e+00,        +7.071067811865e+00,        +1.095551831845e+01,        -2.550915691674e+00
 2.43075000e+00,        +7.071067811865e+00,        +1.095502596805e+01,        -2.550822396211e+00
 2.43077500e+00,        +7.071067811865e+00,        +1.095453122129e+01,        -2.550728422344e+00
 2.43080000e+00,        +7.071067811865e+00,        +1.095403405553e+01,        -2.550633763009e+00
 2.43082500e+00,        +7.071067811865e+00,        +1.095353444784e+01,        -2.550538411047e+00
 2.43085000e+00,        +7.071067811865e+00,        +1.095303237498e+01,        -2.550442359197e+00
 2.43087500e+00,        +7.071067811865e+00,        +1.095252781344e+01,        -2.550345600100e+00
 2.43090000e+00,        +7.071067811865e+00,        +1.095202073939e+01,        -2.550248126288e+00
 2.43092500e+00,        +7.071067811865e+00,        +1.095151112871e+01,        -2.550149930193e+00
 2.43095000e+00,        +7.071067811865e+00,        +1.095099895696e+01,        -2.550051004138e+00
 2.43097500e+00,        +7.071067811865e+00,        +1.095048419939e+01,        -2.549951340335e+00
 2.43100000e+00,        +7.071067811865e+00,        +1.094996683091e+01,        -2.549850930889e+00
 2.43102500e+00,        +7.071067811865e+00,        +1.094944682614e+01,        -2.549749767789e+00
 2.43105000e+00,        +7.071067811865e+00,        +1.094892415934e+01,        -2.549647842911e+00
 2.43107500e+00,        +7.071067811865e+00,        +1.094839880444e+01,        -2.549545148014e+00
 2.43110000e+00,        +7.071067811865e+00,        +1.094787073503e+01,        -2.549441674737e+00
 2.43112500e+00,        +7.071067811865e+00,        +1.094733992436e+01,        -2.549337414599e+00
 2.43115000e+00,        +7.071067811865e+00,        +1.094680634532e+01,        -2.549232358994e+00
 2.43117500e+00,        +7.071067811865e+00,        +1.094626997043e+01,        -2.549126499193e+00
 2.43120000e+00,        +7.071067811865e+00,        +1.094573077186e+01,        -2.549019826337e+00
 2.43122500e+00,        +7.071067811865e+00,        +1.094518872141e+01,        -2.548912331439e+00
 2.43125000e+00,        +7.071067811865e+00,        +1.094464379048e+01,        -2.548804005376e+00
 2.43127500e+00,        +7.071067811865e+00,        +1.094409595013e+01,        -2.548694838895e+00
 2.43130000e+00,        +7.071067811865e+00,        +1.094354517098e+01,        -2.548584822600e+00
 2.43132500e+00,        +7.071067811865e+00,        +1.094299142328e+01,        -2.548473946961e+00
 2.43135000e+00,        +7.071067811865e+00,        +1.094243467688e+01,        -2.548362202300e+00
 2.43137500e+00,        +7.071067811865e+00,        +1.094187490120e+01,        -2.548249578796e+00
 2.43140000e+00,        +7.071067811865e+00,        +1.094131206526e+01,        -2.548136066482e+00
 2.43142500e+00,        +7.071067811865e+00,        +1.094074613766e+01,        -2.548021655237e+00
 2.43145000e+00,        +7.071067811865e+00,        +1.094017708654e+01,        -2.547906334789e+00
 2.43147500e+00,        +7.071067811865e+00,        +1.093960487963e+01,        -2.547790094708e+00
 2.43150000e+00,        +7.071067811865e+00,        +1.093902948420e+01,        -2.547672924404e+00
 2.43152500e+00,        +7.071067811865e+00,        +1.093845086707e+01,        -2.547554813128e+00
 2.43155000e+00,        +7.071067811865e+00,        +1.093786899458e+01,        -2.547435749961e+00
 2.43157500e+00,        +7.071067811865e+00,        +1.093728383263e+01,        -2.547315723818e+00
 2.43160000e+00,        +7.071067811865e+00,        +1.093669534663e+01,        -2.547194723441e+00
 2.43162500e+00,        +7.071067811865e+00,        +1.093610350148e+01,        -2.547072737399e+00
 2.43165000e+00,        +7.071067811865e+00,        +1.093550826161e+01,        -2.546949754078e+00
 2.43167500e+00,        +7.071067811865e+00,        +1.093490959093e+01,        -2.546825761686e+00
 2.43170000e+00,        +7.071067811865e+00,        +1.093430745286e+01,        -2.546700748243e+00
 2.43172500e+00,        +7.071067811865e+00,        +1.093370181028e+01,        -2.546574701581e+00
 2.43175000e+00,        +7.071067811865e+00,        +1.093309262552e+01,        -2.546447609337e+00
 2.43177500e+00,        +7.071067811865e+00,        +1.093247986040e+01,        -2.546319458953e+00
 2.43180000e+00,        +7.071067811865e+00,        +1.093186347618e+01,        -2.546190237670e+00
 2.43182500e+00,        +7.071067811865e+00,        +1.093124343354e+01,        -2.546059932522e+00
 2.43185000e+00,        +7.071067811865e+00,        +1.093061969262e+01,        -2.545928530338e+00
 2.43187500e+00,        +7.071067811865e+00,        +1.092999221295e+01,        -2.545796017730e+00
 2.43190000e+00,        +7.071067811865e+00,        +1.092936095348e+01,        -2.545662381096e+00
 2.43192500e+00,        +7.071067811865e+00,        +1.092872587255e+01,        -2.545527606610e+00
 2.43195000e+00,        +7.071067811865e+00,        +1.092808692789e+01,        -2.545391680221e+00
 2.43197500e+00,        +7.071067811865e+00,        +1.092744407662e+01,        -2.545254587646e+00
 2.43200000e+00,        +7.071067811865e+00,        +1.092679727518e+01,        -2.545116314367e+00
 2.43202500e+00,        +7.071067811865e+00,        +1.092614647940e+01,        -2.544976845626e+00
 2.43205000e+00,        +7.071067811865e+00,        +1.092549164444e+01,        -2.544836166420e+00
 2.43207500e+00,        +7.071067811865e+00,        +1.092483272477e+01,        -2.544694261495e+00
 2.43210000e+00,        +7.071067811865e+00,        +1.092416967418e+01,        -2.544551115340e+00
 2.43212500e+00,        +7.071067811865e+00,        +1.092350244578e+01,        -2.544406712185e+00
 2.43215000e+00,        +7.071067811865e+00,        +1.092283099193e+01,        -2.544261035994e+00
 2.43217500e+00,        +7.071067811865e+00,        +1.092215526430e+01,        -2.544114070457e+00
 2.43220000e+00,        +7.071067811865e+00,        +1.092147521380e+01,        -2.543965798987e+00
 2.43222500e+00,        +7.071067811865e+00,        +1.092079079058e+01,        -2.543816204715e+00
 2.43225000e+00,        +7.071067811865e+00,        +1.092010194404e+01,        -2.543665270479e+00
 2.43227500e+00,        +7.071067811865e+00,        +1.091940862278e+01,        -2.543512978825e+00
 2.43230000e+00,        +7.071067811865e+00,        +1.091871077460e+01,        -2.543359311994e+00
 2.43232500e+00,        +7.071067811865e+00,        +1.091800834649e+01,        -2.543204251919e+00
 2.43235000e+00,        +7.071067811865e+00,        +1.091730128462e+01,        -2.543047780218e+00
 2.43237500e+00,        +7.071067811865e+00,        +1.091658953429e+01,        -2.542889878187e+00
 2.43240000e+00,        +7.071067811865e+00,        +1.091587303995e+01,        -2.542730526792e+00
 2.43242500e+00,        +7.071067811865e+00,        +1.091515174518e+01,        -2.542569706663e+00
 2.43245000e+00,        +7.071067811865e+00,        +1.091442559263e+01,        -2.542407398086e+00
 2.43247500e+00,        +7.071067811865e+00,        +1.091369452406e+01,        -2.542243580996e+00
 2.43250000e+00,        +7.071067811865e+00,        +1.091295848028e+01,        -2.542078234969e+00
 2.43252500e+00,        +7.071067811865e+00,        +1.091221740116e+01,        -2.541911339211e+00
 2.43255000e+00,        +7.071067811865e+00,        +1.091147122558e+01,        -2.541742872557e+00
 2.43257500e+00,        +7.071067811865e+00,        +1.091071989144e+01,        -2.541572813454e+00
 2.43260000e+00,        +7.071067811865e+00,        +1.090996333564e+01,        -2.541401139960e+00
 2.43262500e+00,        +7.071067811865e+00,        +1.090920149400e+01,        -2.541227829729e+00
 2.43265000e+00,        +7.071067811865e+00,        +1.090843430134e+01,        -2.541052860005e+00
 2.43267500e+00,        +7.071067811865e+00,        +1.090766169136e+01,        -2.540876207614e+00
 2.43270000e+00,        +7.071067811865e+00,        +1.090688359669e+01,        -2.540697848949e+00
 2.43272500e+00,        +7.071067811865e+00,        +1.090609994882e+01,        -2.540517759967e+00
 2.43275000e+00,        +7.071067811865e+00,        +1.090531067811e+01,        -2.540335916173e+00
 2.43277500e+00,        +7.071067811865e+00,        +1.090451571374e+01,        -2.540152292612e+00
 2.43280000e+00,        +7.071067811865e+00,        +1.090371498370e+01,        -2.539966863860e+00
 2.43282500e+00,        +7.071067811865e+00,        +1.090290841476e+01,        -2.539779604010e+00
 2.43285000e+00,        +7.071067811865e+00,        +1.090209593244e+01,        -2.539590486661e+00
 2.43287500e+00,        +7.071067811865e+00,        +1.090127746099e+01,        -2.539399484908e+00
 2.43290000e+00,        +7.071067811865e+00,        +1.090045292338e+01,        -2.539206571330e+00
 2.43292500e+00,        +7.071067811865e+00,        +1.089962224123e+01,        -2.539011717974e+00
 2.43295000e+00,        +7.071067811865e+00,        +1.089878533481e+01,        -2.538814896348e+00
 2.43297500e+00,        +7.071067811865e+00,        +1.089794212301e+01,        -2.538616077404e+00
 2.43300000e+00,        +7.071067811865e+00,        +1.089709252332e+01,        -2.538415231524e+00
 2.43302500e+00,        +7.071067811865e+00,        +1.089623645174e+01,        -2.538212328510e+00
 2.43305000e+00,        +7.071067811865e+00,        +1.089537382285e+01,        -2.538007337567e+00
 2.43307500e+00,        +7.071067811865e+00,        +1.089450454967e+01,        -2.537800227287e+00
 2.43310000e+00,        +7.071067811865e+00,        +1.089362854371e+01,        -2.537590965639e+00
 2.43312500e+00,        +7.071067811865e+00,        +1.089274571488e+01,        -2.537379519946e+00
 2.43315000e+00,        +7.071067811865e+00,        +1.089185597150e+01,        -2.537165856879e+00
 2.43317500e+00,        +7.071067811865e+00,        +1.089095922022e+01,        -2.536949942429e+00
 2.43320000e+00,        +7.071067811865e+00,        +1.089005536602e+01,        -2.536731741899e+00
 2.43322500e+00,        +7.071067811865e+00,        +1.088914431214e+01,        -2.536511219884e+00
 2.43325000e+00,        +7.071067811865e+00,        +1.088822596007e+01,        -2.536288340250e+00
 2.43327500e+00,        +7.071067811865e+00,        +1.088730020948e+01,        -2.536063066121e+00
 2.43330000e+00,        +7.071067811865e+00,        +1.088636695821e+01,        -2.535835359854e+00
 2.43332500e+00,        +7.071067811865e+00,        +1.088542610221e+01,        -2.535605183025e+00
 2.43335000e+00,        +7.071067811865e+00,        +1.088447753549e+01,        -2.535372496402e+00
 2.43337500e+00,        +7.071067811865e+00,        +1.088352115009e+01,        -2.535137259931e+00
 2.43340000e+00,        +7.071067811865e+00,        +1.088255683603e+01,        -2.534899432712e+00
 2.43342500e+00,        +7.071067811865e+00,        +1.088158448125e+01,        -2.534658972974e+00
 2.43345000e+00,        +7.071067811865e+00,        +1.088060397157e+01,        -2.534415838056e+00
 2.43347500e+00,        +7.071067811865e+00,        +1.087961519067e+01,        -2.534169984380e+00
 2.43350000e+00,        +7.071067811865e+00,        +1.087861801996e+01,        -2.533921367429e+00
 2.43352500e+00,        +7.071067811865e+00,        +1.087761233861e+01,        -2.533669941722e+00
 2.43355000e+00,        +7.071067811865e+00,        +1.087659802345e+01,        -2.533415660787e+00
 2.43357500e+00,        +7.071067811865e+00,        +1.087557494893e+01,        -2.533158477132e+00
 2.43360000e+00,        +7.071067811865e+00,        +1.087454298706e+01,        -2.532898342222e+00
 2.43362500e+00,        +7.071067811865e+00,        +1.087350200734e+01,        -2.532635206448e+00
 2.43365000e+00,        +7.071067811865e+00,        +1.087245187670e+01,        -2.532369019095e+00
 2.43367500e+00,        +7.071067811865e+00,        +1.087139245946e+01,        -2.532099728318e+00
 2.43370000e+00,        +7.071067811865e+00,        +1.087032361723e+01,        -2.531827281102e+00
 2.43372500e+00,        +7.071067811865e+00,        +1.086924520887e+01,        -2.531551623238e+00
 2.43375000e+00,        +7.071067811865e+00,        +1.086815709042e+01,        -2.531272699283e+00
 2.43377500e+00,        +7.071067811865e+00,        +1.086705911500e+01,        -2.530990452529e+00
 2.43380000e+00,        +7.071067811865e+00,        +1.086595113279e+01,        -2.530704824964e+00
 2.43382500e+00,        +7.071067811865e+00,        +1.086483299088e+01,        -2.530415757238e+00
 2.43385000e+00,        +7.071067811865e+00,        +1.086370453327e+01,        -2.530123188623e+00
 2.43387500e+00,        +7.071067811865e+00,        +1.086256560075e+01,        -2.529827056974e+00
 2.43390000e+00,        +7.071067811865e+00,        +1.086141603079e+01,        -2.529527298686e+00
 2.43392500e+00,        +7.071067811865e+00,        +1.086025565754e+01,        -2.529223848654e+00
 2.43395000e+00,        +7.071067811865e+00,        +1.085908431164e+01,        -2.528916640226e+00
 2.43397500e+00,        +7.071067811865e+00,        +1.085790182021e+01,        -2.528605605164e+00
 2.43400000e+00,        +7.071067811865e+00,        +1.085670800671e+01,        -2.528290673586e+00
 2.43402500e+00,        +7.071067811865e+00,        +1.085550269086e+01,        -2.527971773929e+00
 2.43405000e+00,        +7.071067811865e+00,        +1.085428568856e+01,        -2.527648832890e+00
 2.43407500e+00,        +7.071067811865e+00,        +1.085305681173e+01,        -2.527321775377e+00
 2.43410000e+00,        +7.071067811865e+00,        +1.085181586829e+01,        -2.526990524456e+00
 2.43412500e+00,        +7.071067811865e+00,        +1.085056266195e+01,        -2.526655001290e+00
 2.43415000e+00,        +7.071067811865e+00,        +1.084929699218e+01,        -2.526315125088e+00
 2.43417500e+00,        +7.071067811865e+00,        +1.084801865407e+01,        -2.525970813037e+00
 2.43420000e+00,        +7.071067811865e+00,        +1.084672743818e+01,        -2.525621980247e+00
 2.43422500e+00,        +7.071067811865e+00,        +1.084542313045e+01,        -2.525268539678e+00
 2.43425000e+00,        +7.071067811865e+00,        +1.084410551206e+01,        -2.524910402081e+00
 2.43427500e+00,        +7.071067811865e+00,        +1.084277435929e+01,        -2.524547475921e+00
 2.43430000e+00,        +7.071067811865e+00,        +1.084142944341e+01,        -2.524179667308e+00
 2.43432500e+00,        +7.071067811865e+00,        +1.084007053050e+01,        -2.523806879925e+00
 2.43435000e+00,        +7.071067811865e+00,        +1.083869738132e+01,        -2.523429014941e+00
 2.43437500e+00,        +7.071067811865e+00,        +1.083730975117e+01,        -2.523045970939e+00
 2.43440000e+00,        +7.071067811865e+00,        +1.083590738974e+01,        -2.522657643828e+00
 2.43442500e+00,        +7.071067811865e+00,        +1.083449004089e+01,        -2.522263926754e+00
 2.43445000e+00,        +7.071067811865e+00,        +1.083305744256e+01,        -2.521864710012e+00
 2.43447500e+00,        +7.071067811865e+00,        +1.083160932654e+01,        -2.521459880950e+00
 2.43450000e+00,        +7.071067811865e+00,        +1.083014541833e+01,        -2.521049323871e+00
 2.43452500e+00,        +7.071067811865e+00,        +1.082866543692e+01,        -2.520632919933e+00
 2.43455000e+00,        +7.071067811865e+00,        +1.082716909461e+01,        -2.520210547039e+00
 2.43457500e+00,        +7.071067811865e+00,        +1.082565609683e+01,        -2.519782079729e+00
 2.43460000e+00,        +7.071067811865e+00,        +1.082412614191e+01,        -2.519347389065e+00
 2.43462500e+00,        +7.071067811865e+00,        +1.082257892084e+01,        -2.518906342512e+00
 2.43465000e+00,        +7.071067811865e+00,        +1.082101411714e+01,        -2.518458803810e+00
 2.43467500e+00,        +7.071067811865e+00,        +1.081943140652e+01,        -2.518004632849e+00
 2.43470000e+00,        +7.071067811865e+00,        +1.081783045671e+01,        -2.517543685532e+00
 2.43472500e+00,        +7.071067811865e+00,        +1.081621092720e+01,        -2.517075813634e+00
 2.43475000e+00,        +7.071067811865e+00,        +1.081457246898e+01,        -2.516600864656e+00
 2.43477500e+00,        +7.071067811865e+00,        +1.081291472425e+01,        -2.516118681670e+00
 2.43480000e+00,        +7.071067811865e+00,        +1.081123732620e+01,        -2.515629103164e+00
 2.43482500e+00,        +7.071067811865e+00,        +1.080953989866e+01,        -2.515131962871e+00
 2.43485000e+00,        +7.071067811865e+00,        +1.080782205586e+01,        -2.514627089601e+00
 2.43487500e+00,        +7.071067811865e+00,        +1.080608340206e+01,        -2.514114307054e+00
 2.43490000e+00,        +7.071067811865e+00,        +1.080432353130e+01,        -2.513593433637e+00
 2.43492500e+00,        +7.071067811865e+00,        +1.080254202701e+01,        -2.513064282262e+00
 2.43495000e+00,        +7.071067811865e+00,        +1.080073846168e+01,        -2.512526660142e+00
 2.43497500e+00,        +7.071067811865e+00,        +1.079891239653e+01,        -2.511980368578e+00
 2.43500000e+00,        +7.071067811865e+00,        +1.079706338108e+01,        -2.511425202732e+00
 2.43502500e+00,        +7.071067811865e+00,        +1.079519095281e+01,        -2.510860951390e+00
 2.43505000e+00,        +7.071067811865e+00,        +1.079329463674e+01,        -2.510287396720e+00
 2.43507500e+00,        +7.071067811865e+00,        +1.079137394500e+01,        -2.509704314014e+00
 2.43510000e+00,        +7.071067811865e+00,        +1.078942837640e+01,        -2.509111471417e+00
 2.43512500e+00,        +7.071067811865e+00,        +1.078745741597e+01,        -2.508508629648e+00
 2.43515000e+00,        +7.071067811865e+00,        +1.078546053451e+01,        -2.507895541704e+00
 2.43517500e+00,        +7.071067811865e+00,        +1.078343718806e+01,        -2.507271952551e+00
 2.43520000e+00,        +7.071067811865e+00,        +1.078138681739e+01,        -2.506637598801e+00
 2.43522500e+00,        +7.071067811865e+00,        +1.077930884750e+01,        -2.505992208374e+00
 2.43525000e+00,        +7.071067811865e+00,        +1.077720268702e+01,        -2.505335500141e+00
 2.43527500e+00,        +7.071067811865e+00,        +1.077506772767e+01,        -2.504667183551e+00
 2.43530000e+00,        +7.071067811865e+00,        +1.077290334358e+01,        -2.503986958242e+00
 2.43532500e+00,        +7.071067811865e+00,        +1.077070889076e+01,        -2.503294513632e+00
 2.43535000e+00,        +7.071067811865e+00,        +1.076848370633e+01,        -2.502589528481e+00
 2.43537500e+00,        +7.071067811865e+00,        +1.076622710793e+01,        -2.501871670448e+00
 2.43540000e+00,        +7.071067811865e+00,        +1.076393839291e+01,        -2.501140595607e+00
 2.43542500e+00,        +7.071067811865e+00,        +1.076161683766e+01,        -2.500395947954e+00
 2.43545000e+00,        +7.071067811865e+00,        +1.075926169676e+01,        -2.499637358878e+00
 2.43547500e+00,        +7.071067811865e+00,        +1.075687220219e+01,        -2.498864446609e+00
 2.43550000e+00,        +7.071067811865e+00,        +1.075444756247e+01,        -2.498076815637e+00
 2.43552500e+00,        +7.071067811865e+00,        +1.075198696175e+01,        -2.497274056099e+00
 2.43555000e+00,        +7.071067811865e+00,        +1.074948955890e+01,        -2.496455743137e+00
 2.43557500e+00,        +7.071067811865e+00,        +1.074695448648e+01,        -2.495621436213e+00
 2.43560000e+00,        +7.071067811865e+00,        +1.074438084977e+01,        -2.494770678401e+00
 2.43562500e+00,        +7.071067811865e+00,        +1.074176772564e+01,        -2.493902995624e+00
 2.43565000e+00,        +7.071067811865e+00,        +1.073911416148e+01,        -2.493017895864e+00
 2.43567500e+00,        +7.071067811865e+00,        +1.073641917395e+01,        -2.492114868320e+00
 2.43570000e+00,        +7.071067811865e+00,        +1.073368174782e+01,        -2.491193382516e+00
 2.43572500e+00,        +7.071067811865e+00,        +1.073090083460e+01,        -2.490252887373e+00
 2.43575000e+00,        +7.071067811865e+00,        +1.072807535125e+01,        -2.489292810208e+00
 2.43577500e+00,        +7.071067811865e+00,        +1.072520417868e+01,        -2.488312555695e+00
 2.43580000e+00,        +7.071067811865e+00,        +1.072228616033e+01,        -2.487311504753e+00
 2.43582500e+00,        +7.071067811865e+00,        +1.071932010054e+01,        -2.486289013376e+00
 2.43585000e+00,        +7.071067811865e+00,        +1.071630476291e+01,        -2.485244411387e+00
 2.43587500e+00,        +7.071067811865e+00,        +1.071323886858e+01,        -2.484177001129e+00
 2.43590000e+00,        +7.071067811865e+00,        +1.071012109442e+01,        -2.483086056067e+00
 2.43592500e+00,        +7.071067811865e+00,        +1.070695007108e+01,        -2.481970819313e+00
 2.43595000e+00,        +7.071067811865e+00,        +1.070372438097e+01,        -2.480830502054e+00
 2.43597500e+00,        +7.071067811865e+00,        +1.070044255619e+01,        -2.479664281890e+00
 2.43600000e+00,        +7.071067811865e+00,        +1.069710307624e+01,        -2.478471301066e+00
 2.43602500e+00,        +7.071067811865e+00,        +1.069370436569e+01,        -2.477250664591e+00
 2.43605000e+00,        +7.071067811865e+00,        +1.069024479173e+01,        -2.476001438241e+00
 2.43607500e+00,        +7.071067811865e+00,        +1.068672266149e+01,        -2.474722646432e+00
 2.43610000e+00,        +7.071067811865e+00,        +1.068313621937e+01,        -2.473413269960e+00
 2.43612500e+00,        +7.071067811865e+00,        +1.067948364405e+01,        -2.472072243584e+00
 2.43615000e+00,        +7.071067811865e+00,        +1.067576304550e+01,        -2.470698453465e+00
 2.43617500e+00,        +7.071067811865e+00,        +1.067197246170e+01,        -2.469290734417e+00
 2.43620000e+00,        +7.071067811865e+00,        +1.066810985521e+01,        -2.467847866990e+00
 2.43622500e+00,        +7.071067811865e+00,        +1.066417310960e+01,        -2.466368574342e+00
 2.43625000e+00,        +7.071067811865e+00,        +1.066016002560e+01,        -2.464851518904e+00
 2.43627500e+00,        +7.071067811865e+00,        +1.065606831706e+01,        -2.463295298815e+00
 2.43630000e+00,        +7.071067811865e+00,        +1.065189560667e+01,        -2.461698444098e+00
 2.43632500e+00,        +7.071067811865e+00,        +1.064763942146e+01,        -2.460059412579e+00
 2.43635000e+00,        +7.071067811865e+00,        +1.064329718798e+01,        -2.458376585502e+00
 2.43637500e+00,        +7.071067811865e+00,        +1.063886622720e+01,        -2.456648262838e+00
 2.43640000e+00,        +7.071067811865e+00,        +1.063434374918e+01,        -2.454872658241e+00
 2.43642500e+00,        +7.071067811865e+00,        +1.062972684729e+01,        -2.453047893640e+00
 2.43645000e+00,        +7.071067811865e+00,        +1.062501249219e+01,        -2.451171993424e+00
 2.43647500e+00,        +7.071067811865e+00,        +1.062019752535e+01,        -2.449242878187e+00
 2.43650000e+00,        +7.071067811865e+00,        +1.061527865225e+01,        -2.447258357999e+00
 2.43652500e+00,        +7.071067811865e+00,        +1.061025243505e+01,        -2.445216125151e+00
 2.43655000e+00,        +7.071067811865e+00,        +1.060511528489e+01,        -2.443113746343e+00
 2.43657500e+00,        +7.071067811865e+00,        +1.059986345366e+01,        -2.440948654245e+00
 2.43660000e+00,        +7.071067811865e+00,        +1.059449302521e+01,        -2.438718138393e+00
 2.43662500e+00,        +7.071067811865e+00,        +1.058899990602e+01,        -2.436419335337e+00
 2.43665000e+00,        +7.071067811865e+00,        +1.058337981527e+01,        -2.434049217995e+00
 2.43667500e+00,        +7.071067811865e+00,        +1.057762827417e+01,        -2.431604584117e+00
 2.43670000e+00,        +7.071067811865e+00,        +1.057174059473e+01,        -2.429082043782e+00
 2.43672500e+00,        +7.071067811865e+00,        +1.056571186756e+01,        -2.426478005837e+00
 2.43675000e+00,        +7.071067811865e+00,        +1.055953694907e+01,        -2.423788663167e+00
 2.43677500e+00,        +7.071067811865e+00,        +1.055321044758e+01,        -2.421009976683e+00
 2.43680000e+00,        +7.071067811865e+00,        +1.054672670863e+01,        -2.418137657898e+00
 2.43682500e+00,        +7.071067811865e+00,        +1.054007979916e+01,        -2.415167149947e+00
 2.43685000e+00,        +7.071067811865e+00,        +1.053326349064e+01,        -2.412093606891e+00
 2.43687500e+00,        +7.071067811865e+00,        +1.052627124094e+01,        -2.408911871115e+00
 2.43690000e+00,        +7.071067811865e+00,        +1.051909617499e+01,        -2.405616448635e+00
 2.43692500e+00,        +7.071067811865e+00,        +1.051173106395e+01,        -2.402201482076e+00
 2.43695000e+00,        +7.071067811865e+00,        +1.050416830296e+01,        -2.398660721064e+00
 2.43697500e+00,        +7.071067811865e+00,        +1.049639988714e+01,        -2.394987489761e+00
 2.43700000e+00,        +7.071067811865e+00,        +1.048841738601e+01,        -2.391174651198e+00
 2.43702500e+00,        +7.071067811865e+00,        +1.048021191578e+01,        -2.387214568076e+00
 2.43705000e+00,        +7.071067811865e+00,        +1.047177410980e+01,        -2.383099059586e+00
 2.43707500e+00,        +7.071067811865e+00,        +1.046309408664e+01,        -2.378819353819e+00
 2.43710000e+00,        +7.071067811865e+00,        +1.045416141583e+01,        -2.374366035218e+00
 2.43712500e+00,        +7.071067811865e+00,        +1.044496508100e+01,        -2.369728986487e+00
 2.43715000e+00,        +7.071067811865e+00,        +1.043549344023e+01,        -2.364897324276e+00
 2.43717500e+00,        +7.071067811865e+00,        +1.042573418337e+01,        -2.359859327865e+00
 2.43720000e+00,        +7.071067811865e+00,        +1.041567428611e+01,        -2.354602359977e+00
 2.43722500e+00,        +7.071067811865e+00,        +1.040529996058e+01,        -2.349112778701e+00
 2.43725000e+00,        +7.071067811865e+00,        +1.039459660213e+01,        -2.343375839377e+00
 2.43727500e+00,        +7.071067811865e+00,        +1.038354873219e+01,        -2.337375585124e+00
 2.43730000e+00,        +7.071067811865e+00,        +1.037213993670e+01,        -2.331094724485e+00
 2.43732500e+00,        +7.071067811865e+00,        +1.036035280005e+01,        -2.324514494432e+00
 2.43735000e+00,        +7.071067811865e+00,        +1.034816883407e+01,        -2.317614506723e+00
 2.43737500e+00,        +7.071067811865e+00,        +1.033556840191e+01,        -2.310372575260e+00
 2.43740000e+00,        +7.071067811865e+00,        +1.032253063653e+01,        -2.302764521750e+00
 2.43742500e+00,        +7.071067811865e+00,        +1.030903335350e+01,        -2.294763956503e+00
 2.43745000e+00,        +7.071067811865e+00,        +1.029505295812e+01,        -2.286342030729e+00
 2.43747500e+00,        +7.071067811865e+00,        +1.028056434659e+01,        -2.277467156043e+00
 2.43750000e+00,        +7.071067811865e+00,        +1.026554080142e+01,        -2.268104686192e+00
 2.43752500e+00,        +7.071067811865e+00,        +1.024995388119e+01,        -2.258216555148e+00
 2.43755000e+00,        +7.071067811865e+00,        +1.023377330523e+01,        -2.247760864702e+00
 2.43757500e+00,        +7.071067811865e+00,        +1.021696683392e+01,        -2.236691413468e+00
 2.43760000e+00,        +7.071067811865e+00,        +1.019950014589e+01,        -2.224957157757e+00
 2.43762500e+00,        +7.071067811865e+00,        +1.018133671393e+01,        -2.212501593053e+00
 2.43765000e+00,        +7.071067811865e+00,        +1.016243768233e+01,        -2.199262042708e+00
 2.43767500e+00,        +7.071067811865e+00,        +1.014276174941e+01,        -2.185168838023e+00
 2.43770000e+00,        +7.071067811865e+00,        +1.012226506047e+01,        -2.170144370804e+00
 2.43772500e+00,        +7.071067811865e+00,        +1.010090111845e+01,        -2.154101995898e+00
 2.43775000e+00,        +7.071067811865e+00,        +1.007862072217e+01,        -2.136944756825e+00
 2.43777500e+00,        +7.071067811865e+00,        +1.005537194570e+01,        -2.118563902330e+00
 2.43780000e+00,        +7.071067811865e+00,        +1.003110017719e+01,        -2.098837155322e+00
 2.43782500e+00,        +7.071067811865e+00,        +1.000574824181e+01,        -2.077626687974e+00
 2.43785000e+00,        +7.071067811865e+00,        +9.979256642529e+00,        -2.054776747536e+00
 2.43787500e+00,        +7.071067811865e+00,        +9.951563963794e+00,        -2.030110866315e+00
 2.43790000e+00,        +7.071067811865e+00,        +9.922607499500e+00,        -2.003428576075e+00
 2.43792500e+00,        +7.071067811865e+00,        +9.892324188025e+00,        -1.974501531496e+00
 2.43795000e+00,        +7.071067811865e+00,        +9.860651966665e+00,        -1.943068929025e+00
 2.43797500e+00,        +7.071067811865e+00,        +9.827531697911e+00,        -1.908832086571e+00
 2.43800000e+00,        +7.071067811865e+00,        +9.792909874915e+00,        -1.871448026160e+00
 2.43802500e+00,        +7.071067811865e+00,        +9.756742388750e+00,        -1.830521877010e+00
 2.43805000e+00,        +7.071067811865e+00,        +9.718999743373e+00,        -1.785597892667e+00
 2.43807500e+00,        +7.071067811865e+00,        +9.679674246168e+00,        -1.736148857203e+00
 2.43810000e+00,        +7.071067811865e+00,        +9.638789897125e+00,        -1.681563650231e+00
 2.43812500e+00,        +7.071067811865e+00,        +9.596415967496e+00,        -1.621132762897e+00
 2.43815000e+00,        +7.071067811865e+00,        +9.552685624922e+00,        -1.554031632364e+00
 2.43817500e+00,        +7.071067811865e+00,        +9.507821458974e+00,        -1.479301833342e+00
 2.43820000e+00,        +7.071067811865e+00,        +9.462170427243e+00,        -1.395830504089e+00
 2.43822500e+00,        +7.071067811865e+00,        +9.416251616613e+00,        -1.302329010404e+00
 2.43825000e+00,        +7.071067811865e+00,        +9.370821322737e+00,        -1.197312959441e+00
 2.43827500e+00,        +7.071067811865e+00,        +9.326961269701e+00,        -1.079087576049e+00
 2.43830000e+00,        +7.071067811865e+00,        +9.286197174850e+00,        -9.457456282568e-01
 2.43832500e+00,        +7.071067811865e+00,        +9.250655887663e+00,        -7.951902403880e-01
 2.43835000e+00,        +7.071067811865e+00,        +9.223269006448e+00,        -6.252030084717e-01
 2.43837500e+00,        +7.071067811865e+00,        +9.208027131805e+00,        -4.335898793182e-01
 2.43840000e+00,        +7.071067811865e+00,        +9.210277795479e+00,        -2.184538353534e-01
 2.43842500e+00,        +7.071067811865e+00,        +9.237034781877e+00,        +2.133698483857e-02
 2.43845000e+00,        +7.071067811865e+00,        +9.297216941950e+00,        +2.854017508769e-01
 2.43847500e+00,        +7.071067811865e+00,        +9.401649967881e+00,        +5.707445150124e-01
 2.43850000e+00,        +7.071067811865e+00,        +9.562544966447e+00,        +8.702943678371e-01
 2.43852500e+00,        +7.071067811865e+00,        +9.792052281714e+00,        +1.171285758675e+00
 2.43855000e+00,        +7.071067811865e+00,        +1.009950235261e+01,        +1.454054818841e+00
 2.43857500e+00,        +7.071067811865e+00,        +1.048731799450e+01,        +1.692311554345e+00
 2.43860000e+00,        +7.071067811865e+00,        +1.094651778748e+01,        +1.856165431704e+00
 2.43862500e+00,        +7.071067811865e+00,        +1.145398811308e+01,        +1.918456756358e+00
 2.43865000e+00,        +7.071067811865e+00,        +1.197418406754e+01,        +1.862920482723e+00
 2.43867500e+00,        +7.071067811865e+00,        +1.246626015430e+01,        +1.690459255636e+00
 2.43870000e+00,        +7.071067811865e+00,        +1.289416190655e+01,        +1.419729159028e+00
 2.43872500e+00,        +7.071067811865e+00,        +1.323483091141e+01,        +1.081391974263e+00
 2.43875000e+00,        +7.071067811865e+00,        +1.348093684707e+01,        +7.092788731796e-01
 2.43877500e+00,        +7.071067811865e+00,        +1.363823374797e+01,        +3.328474491134e-01
 2.43880000e+00,        +7.071067811865e+00,        +1.372029645080e+01,        -2.666340273498e-02
 2.43882500e+00,        +7.071067811865e+00,        +1.374346420980e+01,        -3.565898799265e-01
 2.43885000e+00,        +7.071067811865e+00,        +1.372340765795e+01,        -6.512124746606e-01
 2.43887500e+00,        +7.071067811865e+00,        +1.367342270984e+01,        -9.095643799934e-01
 2.43890000e+00,        +7.071067811865e+00,        +1.360395122042e+01,        -1.133493076966e+00
 2.43892500e+00,        +7.071067811865e+00,        +1.352276932392e+01,        -1.326249444385e+00
 2.43895000e+00,        +7.071067811865e+00,        +1.343544372164e+01,        -1.491584328567e+00
 2.43897500e+00,        +7.071067811865e+00,        +1.334583191086e+01,        -1.633229209146e+00
 2.43900000e+00,        +7.071067811865e+00,        +1.325652581832e+01,        -1.754632035913e+00
 2.43902500e+00,        +7.071067811865e+00,        +1.316920776899e+01,        -1.858847869214e+00
 2.43905000e+00,        +7.071067811865e+00,        +1.308492041821e+01,        -1.948516252831e+00
 2.43907500e+00,        +7.071067811865e+00,        +1.300426444681e+01,        -2.025882913763e+00
 2.43910000e+00,        +7.071067811865e+00,        +1.292754011812e+01,        -2.092841005535e+00
 2.43912500e+00,        +7.071067811865e+00,        +1.285484708681e+01,        -2.150978249222e+00
 2.43915000e+00,        +7.071067811865e+00,        +1.278615398239e+01,        -2.201622980185e+00
 2.43917500e+00,        +7.071067811865e+00,        +1.272134647745e+01,        -2.245885905183e+00
 2.43920000e+00,        +7.071067811865e+00,        +1.266026020837e+01,        -2.284696443533e+00
 2.43922500e+00,        +7.071067811865e+00,        +1.260270311016e+01,        -2.318833589492e+00
 2.43925000e+00,        +7.071067811865e+00,        +1.254847039258e+01,        -2.348951731210e+00
 2.43927500e+00,        +7.071067811865e+00,        +1.249735442325e+01,        -2.375602053296e+00
 2.43930000e+00,        +7.071067811865e+00,        +1.244915110028e+01,        -2.399250183497e+00
 2.43932500e+00,        +7.071067811865e+00,        +1.240366381729e+01,        -2.420290701969e+00
 2.43935000e+00,        +7.071067811865e+00,        +1.236070578737e+01,        -2.439059058778e+00
 2.43937500e+00,        +7.071067811865e+00,        +1.232010125818e+01,        -2.455841364836e+00
 2.43940000e+00,        +7.071067811865e+00,        +1.228168598723e+01,        -2.470882444742e+00
 2.43942500e+00,        +7.071067811865e+00,        +1.224530723243e+01,        -2.484392471666e+00
 2.43945000e+00,        +7.071067811865e+00,        +1.221082343375e+01,        -2.496552446009e+00
 2.43947500e+00,        +7.071067811865e+00,        +1.217810370687e+01,        -2.507518730699e+00
 2.43950000e+00,        +7.071067811865e+00,        +1.214702723095e+01,        -2.517426815853e+00
 2.43952500e+00,        +7.071067811865e+00,        +1.211748258605e+01,        -2.526394452745e+00
 2.43955000e+00,        +7.071067811865e+00,        +1.208936707703e+01,        -2.534524270480e+00
 2.43957500e+00,        +7.071067811865e+00,        +1.206258606785e+01,        -2.541905967367e+00
 2.43960000e+00,        +7.071067811865e+00,        +1.203705234129e+01,        -2.548618151662e+00
 2.43962500e+00,        +7.071067811865e+00,        +1.201268549292e+01,        -2.554729892478e+00
 2.43965000e+00,        +7.071067811865e+00,        +1.198941136402e+01,        -2.560302030404e+00
 2.43967500e+00,        +7.071067811865e+00,        +1.196716151533e+01,        -2.565388288355e+00
 2.43970000e+00,        +7.071067811865e+00,        +1.194587274159e+01,        -2.570036215826e+00
 2.43972500e+00,        +7.071067811865e+00,        +1.192548662581e+01,        -2.574287993848e+00
 2.43975000e+00,        +7.071067811865e+00,        +1.190594913124e+01,        -2.578181123093e+00
 2.43977500e+00,        +7.071067811865e+00,        +1.188721022881e+01,        -2.581749013712e+00
 2.43980000e+00,        +7.071067811865e+00,        +1.186922355758e+01,        -2.585021492283e+00
 2.43982500e+00,        +7.071067811865e+00,        +1.185194611550e+01,        -2.588025238644e+00
 2.43985000e+00,        +7.071067811865e+00,        +1.183533797811e+01,        -2.590784163267e+00
 2.43987500e+00,        +7.071067811865e+00,        +1.181936204275e+01,        -2.593319734061e+00
 2.43990000e+00,        +7.071067811865e+00,        +1.180398379585e+01,        -2.595651260071e+00
 2.43992500e+00,        +7.071067811865e+00,        +1.178917110146e+01,        -2.597796138315e+00
 2.43995000e+00,        +7.071067811865e+00,        +1.177489400876e+01,        -2.599770069047e+00
 2.43997500e+00,        +7.071067811865e+00,        +1.176112457700e+01,        -2.601587243898e+00
 2.44000000e+00,        +7.071067811865e+00,        +1.174783671606e+01,        -2.603260510647e+00
 2.44002500e+00,        +7.071067811865e+00,        +1.173500604126e+01,        -2.604801517854e+00
 2.44005000e+00,        +7.071067811865e+00,        +1.172260974093e+01,        -2.606220842037e+00
 2.44007500e+00,        +7.071067811865e+00,        +1.171062645574e+01,        -2.607528099753e+00
 2.44010000e+00,        +7.071067811865e+00,        +1.169903616838e+01,        -2.608732046534e+00
 2.44012500e+00,        +7.071067811865e+00,        +1.168782010290e+01,        -2.609840664407e+00
 2.44015000e+00,        +7.071067811865e+00,        +1.167696063255e+01,        -2.610861239433e+00
 2.44017500e+00,        +7.071067811865e+00,        +1.166644119557e+01,        -2.611800430534e+00
 2.44020000e+00,        +7.071067811865e+00,        +1.165624621791e+01,        -2.612664330696e+00
 2.44022500e+00,        +7.071067811865e+00,        +1.164636104246e+01,        -2.613458521469e+00
 2.44025000e+00,        +7.071067811865e+00,        +1.163677186414e+01,        -2.614188121584e+00
 2.44027500e+00,        +7.071067811865e+00,        +1.162746567018e+01,        -2.614857830395e+00
 2.44030000e+00,        +7.071067811865e+00,        +1.161843018532e+01,        -2.615471966741e+00
 2.44032500e+00,        +7.071067811865e+00,        +1.160965382136e+01,        -2.616034503781e+00
 2.44035000e+00,        +7.071067811865e+00,        +1.160112563065e+01,        -2.616549100247e+00
 2.44037500e+00,        +7.071067811865e+00,        +1.159283526331e+01,        -2.617019128536e+00
 2.44040000e+00,        +7.071067811865e+00,        +1.158477292768e+01,        -2.617447699985e+00
 2.44042500e+00,        +7.071067811865e+00,        +1.157692935390e+01,        -2.617837687654e+00
 2.44045000e+00,        +7.071067811865e+00,        +1.156929576011e+01,        -2.618191746871e+00
 2.44047500e+00,        +7.071067811865e+00,        +1.156186382134e+01,        -2.618512333805e+00
 2.44050000e+00,        +7.071067811865e+00,        +1.155462564065e+01,        -2.618801722256e+00
 2.44052500e+00,        +7.071067811865e+00,        +1.154757372233e+01,        -2.619062018865e+00
 2.44055000e+00,        +7.071067811865e+00,        +1.154070094716e+01,        -2.619295176905e+00
 2.44057500e+00,        +7.071067811865e+00,        +1.153400054940e+01,        -2.619503008796e+00
 2.44060000e+00,        +7.071067811865e+00,        +1.152746609540e+01,        -2.619687197482e+00
 2.44062500e+00,        +7.071067811865e+00,        +1.152109146376e+01,        -2.619849306774e+00
 2.44065000e+00,        +7.071067811865e+00,        +1.151487082685e+01,        -2.619990790777e+00
 2.44067500e+00,        +7.071067811865e+00,        +1.150879863363e+01,        -2.620113002480e+00
 2.44070000e+00,        +7.071067811865e+00,        +1.150286959363e+01,        -2.620217201593e+00
 2.44072500e+00,        +7.071067811865e+00,        +1.149707866202e+01,        -2.620304561711e+00
 2.44075000e+00,        +7.071067811865e+00,        +1.149142102567e+01,        -2.620376176855e+00
 2.44077500e+00,        +7.071067811865e+00,        +1.148589209016e+01,        -2.620433067470e+00
 2.44080000e+00,        +7.071067811865e+00,        +1.148048746764e+01,        -2.620476185913e+00
 2.44082500e+00,        +7.071067811865e+00,        +1.147520296546e+01,        -2.620506421480e+00
 2.44085000e+00,        +7.071067811865e+00,        +1.147003457553e+01,        -2.620524605029e+00
 2.44087500e+00,        +7.071067811865e+00,        +1.146497846444e+01,        -2.620531513222e+00
 2.44090000e+00,        +7.071067811865e+00,        +1.146003096407e+01,        -2.620527872418e+00
 2.44092500e+00,        +7.071067811865e+00,        +1.145518856290e+01,        -2.620514362265e+00
 2.44095000e+00,        +7.071067811865e+00,        +1.145044789780e+01,        -2.620491619002e+00
 2.44097500e+00,        +7.071067811865e+00,        +1.144580574637e+01,        -2.620460238499e+00
 2.44100000e+00,        +7.071067811865e+00,        +1.144125901971e+01,        -2.620420779065e+00
 2.44102500e+00,        +7.071067811865e+00,        +1.143680475562e+01,        -2.620373764037e+00
 2.44105000e+00,        +7.071067811865e+00,        +1.143244011224e+01,        -2.620319684173e+00
 2.44107500e+00,        +7.071067811865e+00,        +1.142816236207e+01,        -2.620258999858e+00
 2.44110000e+00,        +7.071067811865e+00,        +1.142396888628e+01,        -2.620192143155e+00
 2.44112500e+00,        +7.071067811865e+00,        +1.141985716943e+01,        -2.620119519690e+00
 2.44115000e+00,        +7.071067811865e+00,        +1.141582479444e+01,        -2.620041510408e+00
 2.44117500e+00,        +7.071067811865e+00,        +1.141186943787e+01,        -2.619958473193e+00
 2.44120000e+00,        +7.071067811865e+00,        +1.140798886547e+01,        -2.619870744379e+00
 2.44122500e+00,        +7.071067811865e+00,        +1.140418092794e+01,        -2.619778640142e+00
 2.44125000e+00,        +7.071067811865e+00,        +1.140044355701e+01,        -2.619682457800e+00
 2.44127500e+00,        +7.071067811865e+00,        +1.139677476165e+01,        -2.619582477014e+00
 2.44130000e+00,        +7.071067811865e+00,        +1.139317262453e+01,        -2.619478960917e+00
 2.44132500e+00,        +7.071067811865e+00,        +1.138963529865e+01,        -2.619372157145e+00
 2.44135000e+00,        +7.071067811865e+00,        +1.138616100421e+01,        -2.619262298816e+00
 2.44137500e+00,        +7.071067811865e+00,        +1.138274802553e+01,        -2.619149605426e+00
 2.44140000e+00,        +7.071067811865e+00,        +1.137939470829e+01,        -2.619034283697e+00
 2.44142500e+00,        +7.071067811865e+00,        +1.137609945676e+01,        -2.618916528356e+00
 2.44145000e+00,        +7.071067811865e+00,        +1.137286073126e+01,        -2.618796522870e+00
 2.44147500e+00,        +7.071067811865e+00,        +1.136967704579e+01,        -2.618674440126e+00
 2.44150000e+00,        +7.071067811865e+00,        +1.136654696562e+01,        -2.618550443072e+00
 2.44152500e+00,        +7.071067811865e+00,        +1.136346910522e+01,        -2.618424685309e+00
 2.44155000e+00,        +7.071067811865e+00,        +1.136044212611e+01,        -2.618297311649e+00
 2.44157500e+00,        +7.071067811865e+00,        +1.135746473492e+01,        -2.618168458636e+00
 2.44160000e+00,        +7.071067811865e+00,        +1.135453568148e+01,        -2.618038255034e+00
 2.44162500e+00,        +7.071067811865e+00,        +1.135165375711e+01,        -2.617906822279e+00
 2.44165000e+00,        +7.071067811865e+00,        +1.134881779286e+01,        -2.617774274907e+00
 2.44167500e+00,        +7.071067811865e+00,        +1.134602665791e+01,        -2.617640720956e+00
 2.44170000e+00,        +7.071067811865e+00,        +1.134327925807e+01,        -2.617506262339e+00
 2.44172500e+00,        +7.071067811865e+00,        +1.134057453428e+01,        -2.617370995194e+00
 2.44175000e+00,        +7.071067811865e+00,        +1.133791146121e+01,        -2.617235010215e+00
 2.44177500e+00,        +7.071067811865e+00,        +1.133528904599e+01,        -2.617098392961e+00
 2.44180000e+00,        +7.071067811865e+00,        +1.133270632689e+01,        -2.616961224146e+00
 2.44182500e+00,        +7.071067811865e+00,        +1.133016237212e+01,        -2.616823579910e+00
 2.44185000e+00,        +7.071067811865e+00,        +1.132765627870e+01,        -2.616685532077e+00
 2.44187500e+00,        +7.071067811865e+00,        +1.132518717136e+01,        -2.616547148395e+00
 2.44190000e+00,        +7.071067811865e+00,        +1.132275420146e+01,        -2.616408492762e+00
 2.44192500e+00,        +7.071067811865e+00,        +1.132035654603e+01,        -2.616269625439e+00
 2.44195000e+00,        +7.071067811865e+00,        +1.131799340675e+01,        -2.616130603250e+00
 2.44197500e+00,        +7.071067811865e+00,        +1.131566400914e+01,        -2.615991479770e+00
 2.44200000e+00,        +7.071067811865e+00,        +1.131336760155e+01,        -2.615852305504e+00
 2.44202500e+00,        +7.071067811865e+00,        +1.131110345446e+01,        -2.615713128051e+00
 2.44205000e+00,        +7.071067811865e+00,        +1.130887085955e+01,        -2.615573992265e+00
 2.44207500e+00,        +7.071067811865e+00,        +1.130666912906e+01,        -2.615434940401e+00
 2.44210000e+00,        +7.071067811865e+00,        +1.130449759494e+01,        -2.615296012256e+00
 2.44212500e+00,        +7.071067811865e+00,        +1.130235560824e+01,        -2.615157245299e+00
 2.44215000e+00,        +7.071067811865e+00,        +1.130024253838e+01,        -2.615018674799e+00
 2.44217500e+00,        +7.071067811865e+00,        +1.129815777253e+01,        -2.614880333938e+00
 2.44220000e+00,        +7.071067811865e+00,        +1.129610071499e+01,        -2.614742253927e+00
 2.44222500e+00,        +7.071067811865e+00,        +1.129407078659e+01,        -2.614604464105e+00
 2.44225000e+00,        +7.071067811865e+00,        +1.129206742413e+01,        -2.614466992042e+00
 2.44227500e+00,        +7.071067811865e+00,        +1.129009007985e+01,        -2.614329863631e+00
 2.44230000e+00,        +7.071067811865e+00,        +1.128813822086e+01,        -2.614193103176e+00
 2.44232500e+00,        +7.071067811865e+00,        +1.128621132870e+01,        -2.614056733475e+00
 2.44235000e+00,        +7.071067811865e+00,        +1.128430889879e+01,        -2.613920775901e+00
 2.44237500e+00,        +7.071067811865e+00,        +1.128243044005e+01,        -2.613785250474e+00
 2.44240000e+00,        +7.071067811865e+00,        +1.128057547439e+01,        -2.613650175932e+00
 2.44242500e+00,        +7.071067811865e+00,        +1.127874353629e+01,        -2.613515569801e+00
 2.44245000e+00,        +7.071067811865e+00,        +1.127693417243e+01,        -2.613381448452e+00
 2.44247500e+00,        +7.071067811865e+00,        +1.127514694125e+01,        -2.613247827168e+00
 2.44250000e+00,        +7.071067811865e+00,        +1.127338141261e+01,        -2.613114720193e+00
 2.44252500e+00,        +7.071067811865e+00,        +1.127163716740e+01,        -2.612982140795e+00
 2.44255000e+00,        +7.071067811865e+00,        +1.126991379719e+01,        -2.612850101305e+00
 2.44257500e+00,        +7.071067811865e+00,        +1.126821090391e+01,        -2.612718613178e+00
 2.44260000e+00,        +7.071067811865e+00,        +1.126652809950e+01,        -2.612587687028e+00
 2.44262500e+00,        +7.071067811865e+00,        +1.126486500563e+01,        -2.612457332676e+00
 2.44265000e+00,        +7.071067811865e+00,        +1.126322125335e+01,        -2.612327559192e+00
 2.44267500e+00,        +7.071067811865e+00,        +1.126159648288e+01,        -2.612198374932e+00
 2.44270000e+00,        +7.071067811865e+00,        +1.125999034322e+01,        -2.612069787574e+00
 2.44272500e+00,        +7.071067811865e+00,        +1.125840249200e+01,        -2.611941804155e+00
 2.44275000e+00,        +7.071067811865e+00,        +1.125683259512e+01,        -2.611814431104e+00
 2.44277500e+00,        +7.071067811865e+00,        +1.125528032657e+01,        -2.611687674272e+00
 2.44280000e+00,        +7.071067811865e+00,        +1.125374536815e+01,        -2.611561538963e+00
 2.44282500e+00,        +7.071067811865e+00,        +1.125222740925e+01,        -2.611436029963e+00
 2.44285000e+00,        +7.071067811865e+00,        +1.125072614661e+01,        -2.611311151565e+00
 2.44287500e+00,        +7.071067811865e+00,        +1.124924128415e+01,        -2.611186907595e+00
 2.44290000e+00,        +7.071067811865e+00,        +1.124777253271e+01,        -2.611063301440e+00
 2.44292500e+00,        +7.071067811865e+00,        +1.124631960987e+01,        -2.610940336066e+00
 2.44295000e+00,        +7.071067811865e+00,        +1.124488223974e+01,        -2.610818014041e+00
 2.44297500e+00,        +7.071067811865e+00,        +1.124346015282e+01,        -2.610696337559e+00
 2.44300000e+00,        +7.071067811865e+00,        +1.124205308574e+01,        -2.610575308457e+00
 2.44302500e+00,        +7.071067811865e+00,        +1.124066078117e+01,        -2.610454928233e+00
 2.44305000e+00,        +7.071067811865e+00,        +1.123928298758e+01,        -2.610335198067e+00
 2.44307500e+00,        +7.071067811865e+00,        +1.123791945912e+01,        -2.610216118836e+00
 2.44310000e+00,        +7.071067811865e+00,        +1.123656995543e+01,        -2.610097691131e+00
 2.44312500e+00,        +7.071067811865e+00,        +1.123523424153e+01,        -2.609979915270e+00
 2.44315000e+00,        +7.071067811865e+00,        +1.123391208763e+01,        -2.609862791316e+00
 2.44317500e+00,        +7.071067811865e+00,        +1.123260326900e+01,        -2.609746319089e+00
 2.44320000e+00,        +7.071067811865e+00,        +1.123130756584e+01,        -2.609630498181e+00
 2.44322500e+00,        +7.071067811865e+00,        +1.123002476315e+01,        -2.609515327964e+00
 2.44325000e+00,        +7.071067811865e+00,        +1.122875465057e+01,        -2.609400807607e+00
 2.44327500e+00,        +7.071067811865e+00,        +1.122749702229e+01,        -2.609286936087e+00
 2.44330000e+00,        +7.071067811865e+00,        +1.122625167693e+01,        -2.609173712195e+00
 2.44332500e+00,        +7.071067811865e+00,        +1.122501841736e+01,        -2.609061134552e+00
 2.44335000e+00,        +7.071067811865e+00,        +1.122379705069e+01,        -2.608949201617e+00
 2.44337500e+00,        +7.071067811865e+00,        +1.122258738806e+01,        -2.608837911692e+00
 2.44340000e+00,        +7.071067811865e+00,        +1.122138924460e+01,        -2.608727262940e+00
 2.44342500e+00,        +7.071067811865e+00,        +1.122020243930e+01,        -2.608617253383e+00
 2.44345000e+00,        +7.071067811865e+00,        +1.121902679490e+01,        -2.608507880918e+00
 2.44347500e+00,        +7.071067811865e+00,        +1.121786213781e+01,        -2.608399143322e+00
 2.44350000e+00,        +7.071067811865e+00,        +1.121670829803e+01,        -2.608291038256e+00
 2.44352500e+00,        +7.071067811865e+00,        +1.121556510902e+01,        -2.608183563279e+00
 2.44355000e+00,        +7.071067811865e+00,        +1.121443240764e+01,        -2.608076715849e+00
 2.44357500e+00,        +7.071067811865e+00,        +1.121331003405e+01,        -2.607970493328e+00
 2.44360000e+00,        +7.071067811865e+00,        +1.121219783165e+01,        -2.607864892995e+00
 2.44362500e+00,        +7.071067811865e+00,        +1.121109564696e+01,        -2.607759912046e+00
 2.44365000e+00,        +7.071067811865e+00,        +1.121000332958e+01,        -2.607655547600e+00
 2.44367500e+00,        +7.071067811865e+00,        +1.120892073209e+01,        -2.607551796705e+00
 2.44370000e+00,        +7.071067811865e+00,        +1.120784770999e+01,        -2.607448656345e+00
 2.44372500e+00,        +7.071067811865e+00,        +1.120678412162e+01,        -2.607346123441e+00
 2.44375000e+00,        +7.071067811865e+00,        +1.120572982809e+01,        -2.607244194857e+00
 2.44377500e+00,        +7.071067811865e+00,        +1.120468469323e+01,        -2.607142867404e+00
 2.44380000e+00,        +7.071067811865e+00,        +1.120364858349e+01,        -2.607042137846e+00
 2.44382500e+00,        +7.071067811865e+00,        +1.120262136791e+01,        -2.606942002901e+00
 2.44385000e+00,        +7.071067811865e+00,        +1.120160291805e+01,        -2.606842459246e+00
 2.44387500e+00,        +7.071067811865e+00,        +1.120059310791e+01,        -2.606743503518e+00
 2.44390000e+00,        +7.071067811865e+00,        +1.119959181390e+01,        -2.606645132324e+00
 2.44392500e+00,        +7.071067811865e+00,        +1.119859891476e+01,        -2.606547342237e+00
 2.44395000e+00,        +7.071067811865e+00,        +1.119761429153e+01,        -2.606450129800e+00
 2.44397500e+00,        +7.071067811865e+00,        +1.119663782746e+01,        -2.606353491535e+00
 2.44400000e+00,        +7.071067811865e+00,        +1.119566940801e+01,        -2.606257423936e+00
 2.44402500e+00,        +7.071067811865e+00,        +1.119470892073e+01,        -2.606161923480e+00
 2.44405000e+00,        +7.071067811865e+00,        +1.119375625529e+01,        -2.606066986626e+00
 2.44407500e+00,        +7.071067811865e+00,        +1.119281130337e+01,        -2.605972609817e+00
 2.44410000e+00,        +7.071067811865e+00,        +1.119187395863e+01,        -2.605878789481e+00
 2.44412500e+00,        +7.071067811865e+00,        +1.119094411669e+01,        -2.605785522037e+00
 2.44415000e+00,        +7.071067811865e+00,        +1.119002167506e+01,        -2.605692803894e+00
 2.44417500e+00,        +7.071067811865e+00,        +1.118910653308e+01,        -2.605600631453e+00
 2.44420000e+00,        +7.071067811865e+00,        +1.118819859195e+01,        -2.605509001111e+00
 2.44422500e+00,        +7.071067811865e+00,        +1.118729775459e+01,        -2.605417909259e+00
 2.44425000e+00,        +7.071067811865e+00,        +1.118640392570e+01,        -2.605327352287e+00
 2.44427500e+00,        +7.071067811865e+00,        +1.118551701163e+01,        -2.605237326584e+00
 2.44430000e+00,        +7.071067811865e+00,        +1.118463692041e+01,        -2.605147828539e+00
 2.44432500e+00,        +7.071067811865e+00,        +1.118376356169e+01,        -2.605058854544e+00
 2.44435000e+00,        +7.071067811865e+00,        +1.118289684670e+01,        -2.604970400993e+00
 2.44437500e+00,        +7.071067811865e+00,        +1.118203668822e+01,        -2.604882464287e+00
 2.44440000e+00,        +7.071067811865e+00,        +1.118118300054e+01,        -2.604795040829e+00
 2.44442500e+00,        +7.071067811865e+00,        +1.118033569945e+01,        -2.604708127033e+00
 2.44445000e+00,        +7.071067811865e+00,        +1.117949470218e+01,        -2.604621719318e+00
 2.44447500e+00,        +7.071067811865e+00,        +1.117865992737e+01,        -2.604535814112e+00
 2.44450000e+00,        +7.071067811865e+00,        +1.117783129508e+01,        -2.604450407855e+00
 2.44452500e+00,        +7.071067811865e+00,        +1.117700872670e+01,        -2.604365496994e+00
 2.44455000e+00,        +7.071067811865e+00,        +1.117619214496e+01,        -2.604281077990e+00
 2.44457500e+00,        +7.071067811865e+00,        +1.117538147391e+01,        -2.604197147317e+00
 2.44460000e+00,        +7.071067811865e+00,        +1.117457663887e+01,        -2.604113701459e+00
 2.44462500e+00,        +7.071067811865e+00,        +1.117377756638e+01,        -2.604030736916e+00
 2.44465000e+00,        +7.071067811865e+00,        +1.117298418425e+01,        -2.603948250202e+00
 2.44467500e+00,        +7.071067811865e+00,        +1.117219642147e+01,        -2.603866237845e+00
 2.44470000e+00,        +7.071067811865e+00,        +1.117141420818e+01,        -2.603784696390e+00
 2.44472500e+00,        +7.071067811865e+00,        +1.117063747570e+01,        -2.603703622396e+00
 2.44475000e+00,        +7.071067811865e+00,        +1.116986615647e+01,        -2.603623012440e+00
 2.44477500e+00,        +7.071067811865e+00,        +1.116910018403e+01,        -2.603542863117e+00
 2.44480000e+00,        +7.071067811865e+00,        +1.116833949299e+01,        -2.603463171036e+00
 2.44482500e+00,        +7.071067811865e+00,        +1.116758401903e+01,        -2.603383932827e+00
 2.44485000e+00,        +7.071067811865e+00,        +1.116683369888e+01,        -2.603305145138e+00
 2.44487500e+00,        +7.071067811865e+00,        +1.116608847026e+01,        -2.603226804633e+00
 2.44490000e+00,        +7.071067811865e+00,        +1.116534827190e+01,        -2.603148907998e+00
 2.44492500e+00,        +7.071067811865e+00,        +1.116461304352e+01,        -2.603071451937e+00
 2.44495000e+00,        +7.071067811865e+00,        +1.116388272576e+01,        -2.602994433174e+00
 2.44497500e+00,        +7.071067811865e+00,        +1.116315726024e+01,        -2.602917848451e+00
 2.44500000e+00,        +7.071067811865e+00,        +1.116243658947e+01,        -2.602841694532e+00
 2.44502500e+00,        +7.071067811865e+00,        +1.116172065688e+01,        -2.602765968200e+00
 2.44505000e+00,        +7.071067811865e+00,        +1.116100940678e+01,        -2.602690666259e+00
 2.44507500e+00,        +7.071067811865e+00,        +1.116030278434e+01,        -2.602615785534e+00
 2.44510000e+00,        +7.071067811865e+00,        +1.115960073558e+01,        -2.602541322870e+00
 2.44512500e+00,        +7.071067811865e+00,        +1.115890320737e+01,        -2.602467275134e+00
 2.44515000e+00,        +7.071067811865e+00,        +1.115821014737e+01,        -2.602393639212e+00
 2.44517500e+00,        +7.071067811865e+00,        +1.115752150408e+01,        -2.602320412013e+00
 2.44520000e+00,        +7.071067811865e+00,        +1.115683722675e+01,        -2.602247590466e+00
 2.44522500e+00,        +7.071067811865e+00,        +1.115615726542e+01,        -2.602175171524e+00
 2.44525000e+00,        +7.071067811865e+00,        +1.115548157088e+01,        -2.602103152157e+00
 2.44527500e+00,        +7.071067811865e+00,        +1.115481009469e+01,        -2.602031529360e+00
 2.44530000e+00,        +7.071067811865e+00,        +1.115414278909e+01,        -2.601960300148e+00
 2.44532500e+00,        +7.071067811865e+00,        +1.115347960708e+01,        -2.601889461559e+00
 2.44535000e+00,        +7.071067811865e+00,        +1.115282050234e+01,        -2.601819010650e+00
 2.44537500e+00,        +7.071067811865e+00,        +1.115216542923e+01,        -2.601748944502e+00
 2.44540000e+00,        +7.071067811865e+00,        +1.115151434283e+01,        -2.601679260218e+00
 2.44542500e+00,        +7.071067811865e+00,        +1.115086719882e+01,        -2.601609954919e+00
 2.44545000e+00,        +7.071067811865e+00,        +1.115022395359e+01,        -2.601541025752e+00
 2.44547500e+00,        +7.071067811865e+00,        +1.114958456413e+01,        -2.601472469882e+00
 2.44550000e+00,        +7.071067811865e+00,        +1.114894898809e+01,        -2.601404284498e+00
 2.44552500e+00,        +7.071067811865e+00,        +1.114831718370e+01,        -2.601336466810e+00
 2.44555000e+00,        +7.071067811865e+00,        +1.114768910983e+01,        -2.601269014049e+00
 2.44557500e+00,        +7.071067811865e+00,        +1.114706472592e+01,        -2.601201923467e+00
 2.44560000e+00,        +7.071067811865e+00,        +1.114644399200e+01,        -2.601135192339e+00
 2.44562500e+00,        +7.071067811865e+00,        +1.114582686869e+01,        -2.601068817959e+00
 2.44565000e+00,        +7.071067811865e+00,        +1.114521331716e+01,        -2.601002797644e+00
 2.44567500e+00,        +7.071067811865e+00,        +1.114460329913e+01,        -2.600937128732e+00
 2.44570000e+00,        +7.071067811865e+00,        +1.114399677685e+01,        -2.600871808582e+00
 2.44572500e+00,        +7.071067811865e+00,        +1.114339371315e+01,        -2.600806834573e+00
 2.44575000e+00,        +7.071067811865e+00,        +1.114279407133e+01,        -2.600742204107e+00
 2.44577500e+00,        +7.071067811865e+00,        +1.114219781524e+01,        -2.600677914605e+00
 2.44580000e+00,        +7.071067811865e+00,        +1.114160490922e+01,        -2.600613963510e+00
 2.44582500e+00,        +7.071067811865e+00,        +1.114101531812e+01,        -2.600550348284e+00
 2.44585000e+00,        +7.071067811865e+00,        +1.114042900728e+01,        -2.600487066412e+00
 2.44587500e+00,        +7.071067811865e+00,        +1.113984594249e+01,        -2.600424115397e+00
 2.44590000e+00,        +7.071067811865e+00,        +1.113926609005e+01,        -2.600361492764e+00
 2.44592500e+00,        +7.071067811865e+00,        +1.113868941670e+01,        -2.600299196058e+00
 2.44595000e+00,        +7.071067811865e+00,        +1.113811588965e+01,        -2.600237222844e+00
 2.44597500e+00,        +7.071067811865e+00,        +1.113754547654e+01,        -2.600175570706e+00
 2.44600000e+00,        +7.071067811865e+00,        +1.113697814548e+01,        -2.600114237250e+00
 2.44602500e+00,        +7.071067811865e+00,        +1.113641386499e+01,        -2.600053220100e+00
 2.44605000e+00,        +7.071067811865e+00,        +1.113585260401e+01,        -2.599992516900e+00
 2.44607500e+00,        +7.071067811865e+00,        +1.113529433192e+01,        -2.599932125314e+00
 2.44610000e+00,        +7.071067811865e+00,        +1.113473901849e+01,        -2.599872043025e+00
 2.44612500e+00,        +7.071067811865e+00,        +1.113418663392e+01,        -2.599812267737e+00
 2.44615000e+00,        +7.071067811865e+00,        +1.113363714879e+01,        -2.599752797169e+00
 2.44617500e+00,        +7.071067811865e+00,        +1.113309053407e+01,        -2.599693629064e+00
 2.44620000e+00,        +7.071067811865e+00,        +1.113254676112e+01,        -2.599634761181e+00
 2.44622500e+00,        +7.071067811865e+00,        +1.113200580168e+01,        -2.599576191298e+00
 2.44625000e+00,        +7.071067811865e+00,        +1.113146762787e+01,        -2.599517917212e+00
 2.44627500e+00,        +7.071067811865e+00,        +1.113093221215e+01,        -2.599459936739e+00
 2.44630000e+00,        +7.071067811865e+00,        +1.113039952736e+01,        -2.599402247713e+00
 2.44632500e+00,        +7.071067811865e+00,        +1.112986954670e+01,        -2.599344847986e+00
 2.44635000e+00,        +7.071067811865e+00,        +1.112934224370e+01,        -2.599287735428e+00
 2.44637500e+00,        +7.071067811865e+00,        +1.112881759224e+01,        -2.599230907928e+00
 2.44640000e+00,        +7.071067811865e+00,        +1.112829556656e+01,        -2.599174363391e+00
 2.44642500e+00,        +7.071067811865e+00,        +1.112777614119e+01,        -2.599118099741e+00
 2.44645000e+00,        +7.071067811865e+00,        +1.112725929102e+01,        -2.599062114920e+00
 2.44647500e+00,        +7.071067811865e+00,        +1.112674499124e+01,        -2.599006406887e+00
 2.44650000e+00,        +7.071067811865e+00,        +1.112623321737e+01,        -2.598950973617e+00
 2.44652500e+00,        +7.071067811865e+00,        +1.112572394524e+01,        -2.598895813104e+00
 2.44655000e+00,        +7.071067811865e+00,        +1.112521715099e+01,        -2.598840923358e+00
 2.44657500e+00,        +7.071067811865e+00,        +1.112471281103e+01,        -2.598786302406e+00
 2.44660000e+00,        +7.071067811865e+00,        +1.112421090212e+01,        -2.598731948291e+00
 2.44662500e+00,        +7.071067811865e+00,        +1.112371140127e+01,        -2.598677859075e+00
 2.44665000e+00,        +7.071067811865e+00,        +1.112321428579e+01,        -2.598624032835e+00
 2.44667500e+00,        +7.071067811865e+00,        +1.112271953328e+01,        -2.598570467663e+00
 2.44670000e+00,        +7.071067811865e+00,        +1.112222712161e+01,        -2.598517161669e+00
 2.44672500e+00,        +7.071067811865e+00,        +1.112173702892e+01,        -2.598464112979e+00
 2.44675000e+00,        +7.071067811865e+00,        +1.112124923364e+01,        -2.598411319733e+00
 2.44677500e+00,        +7.071067811865e+00,        +1.112076371445e+01,        -2.598358780090e+00
 2.44680000e+00,        +7.071067811865e+00,        +1.112028045029e+01,        -2.598306492222e+00
 2.44682500e+00,        +7.071067811865e+00,        +1.111979942036e+01,        -2.598254454318e+00
 2.44685000e+00,        +7.071067811865e+00,        +1.111932060413e+01,        -2.598202664581e+00
 2.44687500e+00,        +7.071067811865e+00,        +1.111884398130e+01,        -2.598151121230e+00
 2.44690000e+00,        +7.071067811865e+00,        +1.111836953182e+01,        -2.598099822500e+00
 2.44692500e+00,        +7.071067811865e+00,        +1.111789723589e+01,        -2.598048766640e+00
 2.44695000e+00,        +7.071067811865e+00,        +1.111742707394e+01,        -2.597997951914e+00
 2.44697500e+00,        +7.071067811865e+00,        +1.111695902664e+01,        -2.597947376601e+00
 2.44700000e+00,        +7.071067811865e+00,        +1.111649307490e+01,        -2.597897038994e+00
 2.44702500e+00,        +7.071067811865e+00,        +1.111602919984e+01,        -2.597846937401e+00
 2.44705000e+00,        +7.071067811865e+00,        +1.111556738282e+01,        -2.597797070144e+00
 2.44707500e+00,        +7.071067811865e+00,        +1.111510760542e+01,        -2.597747435560e+00
 2.44710000e+00,        +7.071067811865e+00,        +1.111464984942e+01,        -2.597698031999e+00
 2.44712500e+00,        +7.071067811865e+00,        +1.111419409685e+01,        -2.597648857826e+00
 2.44715000e+00,        +7.071067811865e+00,        +1.111374032992e+01,        -2.597599911419e+00
 2.44717500e+00,        +7.071067811865e+00,        +1.111328853106e+01,        -2.597551191171e+00
 2.44720000e+00,        +7.071067811865e+00,        +1.111283868291e+01,        -2.597502695486e+00
 2.44722500e+00,        +7.071067811865e+00,        +1.111239076831e+01,        -2.597454422784e+00
 2.44725000e+00,        +7.071067811865e+00,        +1.111194477029e+01,        -2.597406371498e+00
 2.44727500e+00,        +7.071067811865e+00,        +1.111150067210e+01,        -2.597358540073e+00
 2.44730000e+00,        +7.071067811865e+00,        +1.111105845716e+01,        -2.597310926969e+00
 2.44732500e+00,        +7.071067811865e+00,        +1.111061810909e+01,        -2.597263530656e+00
 2.44735000e+00,        +7.071067811865e+00,        +1.111017961171e+01,        -2.597216349620e+00
 2.44737500e+00,        +7.071067811865e+00,        +1.110974294900e+01,        -2.597169382358e+00
 2.44740000e+00,        +7.071067811865e+00,        +1.110930810515e+01,        -2.597122627380e+00
 2.44742500e+00,        +7.071067811865e+00,        +1.110887506451e+01,        -2.597076083209e+00
 2.44745000e+00,        +7.071067811865e+00,        +1.110844381162e+01,        -2.597029748380e+00
 2.44747500e+00,        +7.071067811865e+00,        +1.110801433120e+01,        -2.596983621440e+00
 2.44750000e+00,        +7.071067811865e+00,        +1.110758660813e+01,        -2.596937700949e+00
 2.44752500e+00,        +7.071067811865e+00,        +1.110716062747e+01,        -2.596891985478e+00
 2.44755000e+00,        +7.071067811865e+00,        +1.110673637443e+01,        -2.596846473610e+00
 2.44757500e+00,        +7.071067811865e+00,        +1.110631383442e+01,        -2.596801163942e+00
 2.44760000e+00,        +7.071067811865e+00,        +1.110589299298e+01,        -2.596756055081e+00
 2.44762500e+00,        +7.071067811865e+00,        +1.110547383582e+01,        -2.596711145644e+00
 2.44765000e+00,        +7.071067811865e+00,        +1.110505634883e+01,        -2.596666434262e+00
 2.44767500e+00,        +7.071067811865e+00,        +1.110464051802e+01,        -2.596621919578e+00
 2.44770000e+00,        +7.071067811865e+00,        +1.110422632959e+01,        -2.596577600243e+00
 2.44772500e+00,        +7.071067811865e+00,        +1.110381376987e+01,        -2.596533474922e+00
 2.44775000e+00,        +7.071067811865e+00,        +1.110340282536e+01,        -2.596489542291e+00
 2.44777500e+00,        +7.071067811865e+00,        +1.110299348267e+01,        -2.596445801036e+00
 2.44780000e+00,        +7.071067811865e+00,        +1.110258572861e+01,        -2.596402249853e+00
 2.44782500e+00,        +7.071067811865e+00,        +1.110217955008e+01,        -2.596358887451e+00
 2.44785000e+00,        +7.071067811865e+00,        +1.110177493417e+01,        -2.596315712548e+00
 2.44787500e+00,        +7.071067811865e+00,        +1.110137186808e+01,        -2.596272723875e+00
 2.44790000e+00,        +7.071067811865e+00,        +1.110097033916e+01,        -2.596229920169e+00
 2.44792500e+00,        +7.071067811865e+00,        +1.110057033489e+01,        -2.596187300182e+00
 2.44795000e+00,        +7.071067811865e+00,        +1.110017184289e+01,        -2.596144862674e+00
 2.44797500e+00,        +7.071067811865e+00,        +1.109977485091e+01,        -2.596102606416e+00
 2.44800000e+00,        +7.071067811865e+00,        +1.109937934684e+01,        -2.596060530188e+00
 2.44802500e+00,        +7.071067811865e+00,        +1.109898531868e+01,        -2.596018632781e+00
 2.44805000e+00,        +7.071067811865e+00,        +1.109859275458e+01,        -2.595976912995e+00
 2.44807500e+00,        +7.071067811865e+00,        +1.109820164281e+01,        -2.595935369642e+00
 2.44810000e+00,        +7.071067811865e+00,        +1.109781197175e+01,        -2.595894001541e+00
 2.44812500e+00,        +7.071067811865e+00,        +1.109742372991e+01,        -2.595852807523e+00
 2.44815000e+00,        +7.071067811865e+00,        +1.109703690593e+01,        -2.595811786426e+00
 2.44817500e+00,        +7.071067811865e+00,        +1.109665148857e+01,        -2.595770937099e+00
 2.44820000e+00,        +7.071067811865e+00,        +1.109626746669e+01,        -2.595730258402e+00
 2.44822500e+00,        +7.071067811865e+00,        +1.109588482929e+01,        -2.595689749201e+00
 2.44825000e+00,        +7.071067811865e+00,        +1.109550356546e+01,        -2.595649408372e+00
 2.44827500e+00,        +7.071067811865e+00,        +1.109512366442e+01,        -2.595609234803e+00
 2.44830000e+00,        +7.071067811865e+00,        +1.109474511550e+01,        -2.595569227388e+00
 2.44832500e+00,        +7.071067811865e+00,        +1.109436790815e+01,        -2.595529385030e+00
 2.44835000e+00,        +7.071067811865e+00,        +1.109399203189e+01,        -2.595489706642e+00
 2.44837500e+00,        +7.071067811865e+00,        +1.109361747640e+01,        -2.595450191146e+00
 2.44840000e+00,        +7.071067811865e+00,        +1.109324423143e+01,        -2.595410837472e+00
 2.44842500e+00,        +7.071067811865e+00,        +1.109287228684e+01,        -2.595371644559e+00
 2.44845000e+00,        +7.071067811865e+00,        +1.109250163262e+01,        -2.595332611353e+00
 2.44847500e+00,        +7.071067811865e+00,        +1.109213225882e+01,        -2.595293736812e+00
 2.44850000e+00,        +7.071067811865e+00,        +1.109176415563e+01,        -2.595255019898e+00
 2.44852500e+00,        +7.071067811865e+00,        +1.109139731331e+01,        -2.595216459584e+00
 2.44855000e+00,        +7.071067811865e+00,        +1.109103172224e+01,        -2.595178054852e+00
 2.44857500e+00,        +7.071067811865e+00,        +1.109066737289e+01,        -2.595139804689e+00
 2.44860000e+00,        +7.071067811865e+00,        +1.109030425581e+01,        -2.595101708092e+00
 2.44862500e+00,        +7.071067811865e+00,        +1.108994236167e+01,        -2.595063764067e+00
 2.44865000e+00,        +7.071067811865e+00,        +1.108958168122e+01,        -2.595025971627e+00
 2.44867500e+00,        +7.071067811865e+00,        +1.108922220530e+01,        -2.594988329791e+00
 2.44870000e+00,        +7.071067811865e+00,        +1.108886392486e+01,        -2.594950837588e+00
 2.44872500e+00,        +7.071067811865e+00,        +1.108850683091e+01,        -2.594913494055e+00
 2.44875000e+00,        +7.071067811865e+00,        +1.108815091457e+01,        -2.594876298235e+00
 2.44877500e+00,        +7.071067811865e+00,        +1.108779616704e+01,        -2.594839249179e+00
 2.44880000e+00,        +7.071067811865e+00,        +1.108744257962e+01,        -2.594802345946e+00
 2.44882500e+00,        +7.071067811865e+00,        +1.108709014368e+01,        -2.594765587603e+00
 2.44885000e+00,        +7.071067811865e+00,        +1.108673885067e+01,        -2.594728973222e+00
 2.44887500e+00,        +7.071067811865e+00,        +1.108638869215e+01,        -2.594692501885e+00
 2.44890000e+00,        +7.071067811865e+00,        +1.108603965974e+01,        -2.594656172679e+00
 2.44892500e+00,        +7.071067811865e+00,        +1.108569174514e+01,        -2.594619984701e+00
 2.44895000e+00,        +7.071067811865e+00,        +1.108534494015e+01,        -2.594583937051e+00
 2.44897500e+00,        +7.071067811865e+00,        +1.108499923663e+01,        -2.594548028840e+00
 2.44900000e+00,        +7.071067811865e+00,        +1.108465462654e+01,        -2.594512259184e+00
 2.44902500e+00,        +7.071067811865e+00,        +1.108431110188e+01,        -2.594476627205e+00
 2.44905000e+00,        +7.071067811865e+00,        +1.108396865478e+01,        -2.594441132034e+00
 2.44907500e+00,        +7.071067811865e+00,        +1.108362727740e+01,        -2.594405772808e+00
 2.44910000e+00,        +7.071067811865e+00,        +1.108328696199e+01,        -2.594370548669e+00
 2.44912500e+00,        +7.071067811865e+00,        +1.108294770088e+01,        -2.594335458768e+00
 2.44915000e+00,        +7.071067811865e+00,        +1.108260948648e+01,        -2.594300502261e+00
 2.44917500e+00,        +7.071067811865e+00,        +1.108227231124e+01,        -2.594265678313e+00
 2.44920000e+00,        +7.071067811865e+00,        +1.108193616773e+01,        -2.594230986091e+00
 2.44922500e+00,        +7.071067811865e+00,        +1.108160104854e+01,        -2.594196424772e+00
 2.44925000e+00,        +7.071067811865e+00,        +1.108126694637e+01,        -2.594161993539e+00
 2.44927500e+00,        +7.071067811865e+00,        +1.108093385396e+01,        -2.594127691581e+00
 2.44930000e+00,        +7.071067811865e+00,        +1.108060176414e+01,        -2.594093518091e+00
 2.44932500e+00,        +7.071067811865e+00,        +1.108027066979e+01,        -2.594059472271e+00
 2.44935000e+00,        +7.071067811865e+00,        +1.107994056387e+01,        -2.594025553328e+00
 2.44937500e+00,        +7.071067811865e+00,        +1.107961143940e+01,        -2.593991760476e+00
 2.44940000e+00,        +7.071067811865e+00,        +1.107928328947e+01,        -2.593958092933e+00
 2.44942500e+00,        +7.071067811865e+00,        +1.107895610722e+01,        -2.593924549925e+00
 2.44945000e+00,        +7.071067811865e+00,        +1.107862988587e+01,        -2.593891130682e+00
 2.44947500e+00,        +7.071067811865e+00,        +1.107830461869e+01,        -2.593857834442e+00
 2.44950000e+00,        +7.071067811865e+00,        +1.107798029902e+01,        -2.593824660447e+00
 2.44952500e+00,        +7.071067811865e+00,        +1.107765692027e+01,        -2.593791607946e+00
 2.44955000e+00,        +7.071067811865e+00,        +1.107733447588e+01,        -2.593758676192e+00
 2.44957500e+00,        +7.071067811865e+00,        +1.107701295939e+01,        -2.593725864445e+00
 2.44960000e+00,        +7.071067811865e+00,        +1.107669236436e+01,        -2.593693171971e+00
 2.44962500e+00,        +7.071067811865e+00,        +1.107637268445e+01,        -2.593660598041e+00
 2.44965000e+00,        +7.071067811865e+00,        +1.107605391333e+01,        -2.593628141929e+00
 2.44967500e+00,        +7.071067811865e+00,        +1.107573604478e+01,        -2.593595802920e+00
 2.44970000e+00,        +7.071067811865e+00,        +1.107541907258e+01,        -2.593563580298e+00
 2.44972500e+00,        +7.071067811865e+00,        +1.107510299062e+01,        -2.593531473358e+00
 2.44975000e+00,        +7.071067811865e+00,        +1.107478779281e+01,        -2.593499481396e+00
 2.44977500e+00,        +7.071067811865e+00,        +1.107447347313e+01,        -2.593467603716e+00
 2.44980000e+00,        +7.071067811865e+00,        +1.107416002561e+01,        -2.593435839625e+00
 2.44982500e+00,        +7.071067811865e+00,        +1.107384744433e+01,        -2.593404188438e+00
 2.44985000e+00,        +7.071067811865e+00,        +1.107353572342e+01,        -2.593372649472e+00
 2.44987500e+00,        +7.071067811865e+00,        +1.107322485708e+01,        -2.593341222050e+00
 2.44990000e+00,        +7.071067811865e+00,        +1.107291483954e+01,        -2.593309905502e+00
 2.44992500e+00,        +7.071067811865e+00,        +1.107260566510e+01,        -2.593278699161e+00
 2.44995000e+00,        +7.071067811865e+00,        +1.107229732810e+01,        -2.593247602365e+00
 2.44997500e+00,        +7.071067811865e+00,        +1.107198982293e+01,        -2.593216614457e+00
 2.45000000e+00,        +7.071067811865e+00,        +1.107168314403e+01,        -2.593185734785e+00
 2.45002500e+00,        +7.071067811865e+00,        +1.107137728589e+01,        -2.593154962702e+00
 2.45005000e+00,        +7.071067811865e+00,        +1.107107224305e+01,        -2.593124297567e+00
 2.45007500e+00,        +7.071067811865e+00,        +1.107076801010e+01,        -2.593093738740e+00
 2.45010000e+00,        +7.071067811865e+00,        +1.107046458166e+01,        -2.593063285589e+00
 2.45012500e+00,        +7.071067811865e+00,        +1.107016195243e+01,        -2.593032937486e+00
 2.45015000e+00,        +7.071067811865e+00,        +1.106986011713e+01,        -2.593002693807e+00
 2.45017500e+00,        +7.071067811865e+00,        +1.106955907053e+01,        -2.592972553933e+00
 2.45020000e+00,        +7.071067811865e+00,        +1.106925880745e+01,        -2.592942517248e+00
 2.45022500e+00,        +7.071067811865e+00,        +1.106895932276e+01,        -2.592912583142e+00
 2.45025000e+00,        +7.071067811865e+00,        +1.106866061135e+01,        -2.592882751010e+00
 2.45027500e+00,        +7.071067811865e+00,        +1.106836266818e+01,        -2.592853020250e+00
 2.45030000e+00,        +7.071067811865e+00,        +1.106806548825e+01,        -2.592823390265e+00
 2.45032500e+00,        +7.071067811865e+00,        +1.106776906659e+01,        -2.592793860462e+00
 2.45035000e+00,        +7.071067811865e+00,        +1.106747339829e+01,        -2.592764430252e+00
 2.45037500e+00,        +7.071067811865e+00,        +1.106717847846e+01,        -2.592735099052e+00
 2.45040000e+00,        +7.071067811865e+00,        +1.106688430227e+01,        -2.592705866280e+00
 2.45042500e+00,        +7.071067811865e+00,        +1.106659086492e+01,        -2.592676731361e+00
 2.45045000e+00,        +7.071067811865e+00,        +1.106629816166e+01,        -2.592647693724e+00
 2.45047500e+00,        +7.071067811865e+00,        +1.106600618777e+01,        -2.592618752799e+00
 2.45050000e+00,        +7.071067811865e+00,        +1.106571493859e+01,        -2.592589908025e+00
 2.45052500e+00,        +7.071067811865e+00,        +1.106542440947e+01,        -2.592561158840e+00
 2.45055000e+00,        +7.071067811865e+00,        +1.106513459582e+01,        -2.592532504690e+00
 2.45057500e+00,        +7.071067811865e+00,        +1.106484549308e+01,        -2.592503945022e+00
 2.45060000e+00,        +7.071067811865e+00,        +1.106455709673e+01,        -2.592475479288e+00
 2.45062500e+00,        +7.071067811865e+00,        +1.106426940229e+01,        -2.592447106945e+00
 2.45065000e+00,        +7.071067811865e+00,        +1.106398240532e+01,        -2.592418827453e+00
 2.45067500e+00,        +7.071067811865e+00,        +1.106369610140e+01,        -2.592390640275e+00
 2.45070000e+00,        +7.071067811865e+00,        +1.106341048618e+01,        -2.592362544879e+00
 2.45072500e+00,        +7.071067811865e+00,        +1.106312555531e+01,        -2.592334540736e+00
 2.45075000e+00,        +7.071067811865e+00,        +1.106284130449e+01,        -2.592306627321e+00
 2.45077500e+00,        +7.071067811865e+00,        +1.106255772947e+01,        -2.592278804112e+00
 2.45080000e+00,        +7.071067811865e+00,        +1.106227482602e+01,        -2.592251070592e+00
 2.45082500e+00,        +7.071067811865e+00,        +1.106199258993e+01,        -2.592223426247e+00
 2.45085000e+00,        +7.071067811865e+00,        +1.106171101706e+01,        -2.592195870567e+00
 2.45087500e+00,        +7.071067811865e+00,        +1.106143010328e+01,        -2.592168403043e+00
 2.45090000e+00,        +7.071067811865e+00,        +1.106114984449e+01,        -2.592141023174e+00
 2.45092500e+00,        +7.071067811865e+00,        +1.106087023665e+01,        -2.592113730459e+00
 2.45095000e+00,        +7.071067811865e+00,        +1.106059127572e+01,        -2.592086524402e+00
 2.45097500e+00,        +7.071067811865e+00,        +1.106031295772e+01,        -2.592059404509e+00
 2.45100000e+00,        +7.071067811865e+00,        +1.106003527868e+01,        -2.592032370292e+00
 2.45102500e+00,        +7.071067811865e+00,        +1.105975823468e+01,        -2.592005421264e+00
 2.45105000e+00,        +7.071067811865e+00,        +1.105948182182e+01,        -2.591978556942e+00
 2.45107500e+00,        +7.071067811865e+00,        +1.105920603624e+01,        -2.591951776847e+00
 2.45110000e+00,        +7.071067811865e+00,        +1.105893087411e+01,        -2.591925080502e+00
 2.45112500e+00,        +7.071067811865e+00,        +1.105865633161e+01,        -2.591898467436e+00
 2.45115000e+00,        +7.071067811865e+00,        +1.105838240499e+01,        -2.591871937177e+00
 2.45117500e+00,        +7.071067811865e+00,        +1.105810909049e+01,        -2.591845489260e+00
 2.45120000e+00,        +7.071067811865e+00,        +1.105783638442e+01,        -2.591819123221e+00
 2.45122500e+00,        +7.071067811865e+00,        +1.105756428307e+01,        -2.591792838601e+00
 2.45125000e+00,        +7.071067811865e+00,        +1.105729278281e+01,        -2.591766634942e+00
 2.45127500e+00,        +7.071067811865e+00,        +1.105702188000e+01,        -2.591740511790e+00
 2.45130000e+00,        +7.071067811865e+00,        +1.105675157106e+01,        -2.591714468696e+00
 2.45132500e+00,        +7.071067811865e+00,        +1.105648185241e+01,        -2.591688505210e+00
 2.45135000e+00,        +7.071067811865e+00,        +1.105621272051e+01,        -2.591662620890e+00
 2.45137500e+00,        +7.071067811865e+00,        +1.105594417186e+01,        -2.591636815292e+00
 2.45140000e+00,        +7.071067811865e+00,        +1.105567620297e+01,        -2.591611087978e+00
 2.45142500e+00,        +7.071067811865e+00,        +1.105540881038e+01,        -2.591585438513e+00
 2.45145000e+00,        +7.071067811865e+00,        +1.105514199067e+01,        -2.591559866463e+00
 2.45147500e+00,        +7.071067811865e+00,        +1.105487574043e+01,        -2.591534371400e+00
 2.45150000e+00,        +7.071067811865e+00,        +1.105461005629e+01,        -2.591508952896e+00
 2.45152500e+00,        +7.071067811865e+00,        +1.105434493489e+01,        -2.591483610527e+00
 2.45155000e+00,        +7.071067811865e+00,        +1.105408037292e+01,        -2.591458343871e+00
 2.45157500e+00,        +7.071067811865e+00,        +1.105381636708e+01,        -2.591433152511e+00
 2.45160000e+00,        +7.071067811865e+00,        +1.105355291408e+01,        -2.591408036031e+00
 2.45162500e+00,        +7.071067811865e+00,        +1.105329001070e+01,        -2.591382994017e+00
 2.45165000e+00,        +7.071067811865e+00,        +1.105302765369e+01,        -2.591358026061e+00
 2.45167500e+00,        +7.071067811865e+00,        +1.105276583987e+01,        -2.591333131754e+00
 2.45170000e+00,        +7.071067811865e+00,        +1.105250456607e+01,        -2.591308310691e+00
 2.45172500e+00,        +7.071067811865e+00,        +1.105224382913e+01,        -2.591283562472e+00
 2.45175000e+00,        +7.071067811865e+00,        +1.105198362593e+01,        -2.591258886696e+00
 2.45177500e+00,        +7.071067811865e+00,        +1.105172395337e+01,        -2.591234282967e+00
 2.45180000e+00,        +7.071067811865e+00,        +1.105146480837e+01,        -2.591209750890e+00
 2.45182500e+00,        +7.071067811865e+00,        +1.105120618788e+01,        -2.591185290075e+00
 2.45185000e+00,        +7.071067811865e+00,        +1.105094808887e+01,        -2.591160900132e+00
 2.45187500e+00,        +7.071067811865e+00,        +1.105069050833e+01,        -2.591136580676e+00
 2.45190000e+00,        +7.071067811865e+00,        +1.105043344328e+01,        -2.591112331321e+00
 2.45192500e+00,        +7.071067811865e+00,        +1.105017689075e+01,        -2.591088151688e+00
 2.45195000e+00,        +7.071067811865e+00,        +1.104992084780e+01,        -2.591064041397e+00
 2.45197500e+00,        +7.071067811865e+00,        +1.104966531151e+01,        -2.591040000072e+00
 2.45200000e+00,        +7.071067811865e+00,        +1.104941027900e+01,        -2.591016027339e+00
 2.45202500e+00,        +7.071067811865e+00,        +1.104915574738e+01,        -2.590992122827e+00
 2.45205000e+00,        +7.071067811865e+00,        +1.104890171380e+01,        -2.590968286166e+00
 2.45207500e+00,        +7.071067811865e+00,        +1.104864817543e+01,        -2.590944516991e+00
 2.45210000e+00,        +7.071067811865e+00,        +1.104839512946e+01,        -2.590920814936e+00
 2.45212500e+00,        +7.071067811865e+00,        +1.104814257310e+01,        -2.590897179640e+00
 2.45215000e+00,        +7.071067811865e+00,        +1.104789050358e+01,        -2.590873610744e+00
 2.45217500e+00,        +7.071067811865e+00,        +1.104763891815e+01,        -2.590850107890e+00
 2.45220000e+00,        +7.071067811865e+00,        +1.104738781409e+01,        -2.590826670723e+00
 2.45222500e+00,        +7.071067811865e+00,        +1.104713718868e+01,        -2.590803298892e+00
 2.45225000e+00,        +7.071067811865e+00,        +1.104688703924e+01,        -2.590779992044e+00
 2.45227500e+00,        +7.071067811865e+00,        +1.104663736309e+01,        -2.590756749833e+00
 2.45230000e+00,        +7.071067811865e+00,        +1.104638815760e+01,        -2.590733571912e+00
 2.45232500e+00,        +7.071067811865e+00,        +1.104613942013e+01,        -2.590710457938e+00
 2.45235000e+00,        +7.071067811865e+00,        +1.104589114806e+01,        -2.590687407569e+00
 2.45237500e+00,        +7.071067811865e+00,        +1.104564333882e+01,        -2.590664420466e+00
 2.45240000e+00,        +7.071067811865e+00,        +1.104539598982e+01,        -2.590641496292e+00
 2.45242500e+00,        +7.071067811865e+00,        +1.104514909852e+01,        -2.590618634712e+00
 2.45245000e+00,        +7.071067811865e+00,        +1.104490266237e+01,        -2.590595835392e+00
 2.45247500e+00,        +7.071067811865e+00,        +1.104465667887e+01,        -2.590573098003e+00
 2.45250000e+00,        +7.071067811865e+00,        +1.104441114550e+01,        -2.590550422216e+00
 2.45252500e+00,        +7.071067811865e+00,        +1.104416605980e+01,        -2.590527807704e+00
 2.45255000e+00,        +7.071067811865e+00,        +1.104392141930e+01,        -2.590505254142e+00
 2.45257500e+00,        +7.071067811865e+00,        +1.104367722155e+01,        -2.590482761209e+00
 2.45260000e+00,        +7.071067811865e+00,        +1.104343346412e+01,        -2.590460328583e+00
 2.45262500e+00,        +7.071067811865e+00,        +1.104319014462e+01,        -2.590437955946e+00
 2.45265000e+00,        +7.071067811865e+00,        +1.104294726063e+01,        -2.590415642982e+00
 2.45267500e+00,        +7.071067811865e+00,        +1.104270480980e+01,        -2.590393389377e+00
 2.45270000e+00,        +7.071067811865e+00,        +1.104246278975e+01,        -2.590371194817e+00
 2.45272500e+00,        +7.071067811865e+00,        +1.104222119815e+01,        -2.590349058993e+00
 2.45275000e+00,        +7.071067811865e+00,        +1.104198003267e+01,        -2.590326981596e+00
 2.45277500e+00,        +7.071067811865e+00,        +1.104173929100e+01,        -2.590304962319e+00
 2.45280000e+00,        +7.071067811865e+00,        +1.104149897086e+01,        -2.590283000857e+00
 2.45282500e+00,        +7.071067811865e+00,        +1.104125906995e+01,        -2.590261096908e+00
 2.45285000e+00,        +7.071067811865e+00,        +1.104101958603e+01,        -2.590239250171e+00
 2.45287500e+00,        +7.071067811865e+00,        +1.104078051685e+01,        -2.590217460346e+00
 2.45290000e+00,        +7.071067811865e+00,        +1.104054186017e+01,        -2.590195727137e+00
 2.45292500e+00,        +7.071067811865e+00,        +1.104030361380e+01,        -2.590174050247e+00
 2.45295000e+00,        +7.071067811865e+00,        +1.104006577552e+01,        -2.590152429384e+00
 2.45297500e+00,        +7.071067811865e+00,        +1.103982834316e+01,        -2.590130864255e+00
 2.45300000e+00,        +7.071067811865e+00,        +1.103959131454e+01,        -2.590109354570e+00
 2.45302500e+00,        +7.071067811865e+00,        +1.103935468753e+01,        -2.590087900042e+00
 2.45305000e+00,        +7.071067811865e+00,        +1.103911845997e+01,        -2.590066500384e+00
 2.45307500e+00,        +7.071067811865e+00,        +1.103888262975e+01,        -2.590045155311e+00
 2.45310000e+00,        +7.071067811865e+00,        +1.103864719477e+01,        -2.590023864540e+00
 2.45312500e+00,        +7.071067811865e+00,        +1.103841215292e+01,        -2.590002627790e+00
 2.45315000e+00,        +7.071067811865e+00,        +1.103817750213e+01,        -2.589981444781e+00
 2.45317500e+00,        +7.071067811865e+00,        +1.103794324033e+01,        -2.589960315237e+00
 2.45320000e+00,        +7.071067811865e+00,        +1.103770936548e+01,        -2.589939238879e+00
 2.45322500e+00,        +7.071067811865e+00,        +1.103747587554e+01,        -2.589918215435e+00
 2.45325000e+00,        +7.071067811865e+00,        +1.103724276849e+01,        -2.589897244632e+00
 2.45327500e+00,        +7.071067811865e+00,        +1.103701004232e+01,        -2.589876326197e+00
 2.45330000e+00,        +7.071067811865e+00,        +1.103677769503e+01,        -2.589855459862e+00
 2.45332500e+00,        +7.071067811865e+00,        +1.103654572464e+01,        -2.589834645359e+00
 2.45335000e+00,        +7.071067811865e+00,        +1.103631412920e+01,        -2.589813882422e+00
 2.45337500e+00,        +7.071067811865e+00,        +1.103608290673e+01,        -2.589793170786e+00
 2.45340000e+00,        +7.071067811865e+00,        +1.103585205531e+01,        -2.589772510188e+00
 2.45342500e+00,        +7.071067811865e+00,        +1.103562157300e+01,        -2.589751900366e+00
 2.45345000e+00,        +7.071067811865e+00,        +1.103539145789e+01,        -2.589731341061e+00
 2.45347500e+00,        +7.071067811865e+00,        +1.103516170809e+01,        -2.589710832014e+00
 2.45350000e+00,        +7.071067811865e+00,        +1.103493232169e+01,        -2.589690372969e+00
 2.45352500e+00,        +7.071067811865e+00,        +1.103470329682e+01,        -2.589669963670e+00
 2.45355000e+00,        +7.071067811865e+00,        +1.103447463163e+01,        -2.589649603863e+00
 2.45357500e+00,        +7.071067811865e+00,        +1.103424632426e+01,        -2.589629293296e+00
 2.45360000e+00,        +7.071067811865e+00,        +1.103401837286e+01,        -2.589609031719e+00
 2.45362500e+00,        +7.071067811865e+00,        +1.103379077562e+01,        -2.589588818882e+00
 2.45365000e+00,        +7.071067811865e+00,        +1.103356353073e+01,        -2.589568654538e+00
 2.45367500e+00,        +7.071067811865e+00,        +1.103333663637e+01,        -2.589548538440e+00
 2.45370000e+00,        +7.071067811865e+00,        +1.103311009076e+01,        -2.589528470343e+00
 2.45372500e+00,        +7.071067811865e+00,        +1.103288389212e+01,        -2.589508450004e+00
 2.45375000e+00,        +7.071067811865e+00,        +1.103265803868e+01,        -2.589488477181e+00
 2.45377500e+00,        +7.071067811865e+00,        +1.103243252870e+01,        -2.589468551633e+00
 2.45380000e+00,        +7.071067811865e+00,        +1.103220736042e+01,        -2.589448673122e+00
 2.45382500e+00,        +7.071067811865e+00,        +1.103198253211e+01,        -2.589428841409e+00
 2.45385000e+00,        +7.071067811865e+00,        +1.103175804206e+01,        -2.589409056258e+00
 2.45387500e+00,        +7.071067811865e+00,        +1.103153388856e+01,        -2.589389317434e+00
 2.45390000e+00,        +7.071067811865e+00,        +1.103131006991e+01,        -2.589369624704e+00
 2.45392500e+00,        +7.071067811865e+00,        +1.103108658441e+01,        -2.589349977836e+00
 2.45395000e+00,        +7.071067811865e+00,        +1.103086343040e+01,        -2.589330376598e+00
 2.45397500e+00,        +7.071067811865e+00,        +1.103064060622e+01,        -2.589310820761e+00
 2.45400000e+00,        +7.071067811865e+00,        +1.103041811020e+01,        -2.589291310097e+00
 2.45402500e+00,        +7.071067811865e+00,        +1.103019594071e+01,        -2.589271844379e+00
 2.45405000e+00,        +7.071067811865e+00,        +1.102997409611e+01,        -2.589252423381e+00
 2.45407500e+00,        +7.071067811865e+00,        +1.102975257478e+01,        -2.589233046879e+00
 2.45410000e+00,        +7.071067811865e+00,        +1.102953137511e+01,        -2.589213714651e+00
 2.45412500e+00,        +7.071067811865e+00,        +1.102931049550e+01,        -2.589194426474e+00
 2.45415000e+00,        +7.071067811865e+00,        +1.102908993435e+01,        -2.589175182129e+00
 2.45417500e+00,        +7.071067811865e+00,        +1.102886969010e+01,        -2.589155981395e+00
 2.45420000e+00,        +7.071067811865e+00,        +1.102864976116e+01,        -2.589136824056e+00
 2.45422500e+00,        +7.071067811865e+00,        +1.102843014598e+01,        -2.589117709895e+00
 2.45425000e+00,        +7.071067811865e+00,        +1.102821084301e+01,        -2.589098638695e+00
 2.45427500e+00,        +7.071067811865e+00,        +1.102799185071e+01,        -2.589079610244e+00
 2.45430000e+00,        +7.071067811865e+00,        +1.102777316755e+01,        -2.589060624328e+00
 2.45432500e+00,        +7.071067811865e+00,        +1.102755479201e+01,        -2.589041680735e+00
 2.45435000e+00,        +7.071067811865e+00,        +1.102733672257e+01,        -2.589022779256e+00
 2.45437500e+00,        +7.071067811865e+00,        +1.102711895773e+01,        -2.589003919680e+00
 2.45440000e+00,        +7.071067811865e+00,        +1.102690149602e+01,        -2.588985101799e+00
 2.45442500e+00,        +7.071067811865e+00,        +1.102668433593e+01,        -2.588966325408e+00
 2.45445000e+00,        +7.071067811865e+00,        +1.102646747601e+01,        -2.588947590299e+00
 2.45447500e+00,        +7.071067811865e+00,        +1.102625091478e+01,        -2.588928896269e+00
 2.45450000e+00,        +7.071067811865e+00,        +1.102603465079e+01,        -2.588910243113e+00
 2.45452500e+00,        +7.071067811865e+00,        +1.102581868260e+01,        -2.588891630631e+00
 2.45455000e+00,        +7.071067811865e+00,        +1.102560300877e+01,        -2.588873058619e+00
 2.45457500e+00,        +7.071067811865e+00,        +1.102538762787e+01,        -2.588854526880e+00
 2.45460000e+00,        +7.071067811865e+00,        +1.102517253849e+01,        -2.588836035212e+00
 2.45462500e+00,        +7.071067811865e+00,        +1.102495773922e+01,        -2.588817583420e+00
 2.45465000e+00,        +7.071067811865e+00,        +1.102474322865e+01,        -2.588799171306e+00
 2.45467500e+00,        +7.071067811865e+00,        +1.102452900540e+01,        -2.588780798674e+00
 2.45470000e+00,        +7.071067811865e+00,        +1.102431506808e+01,        -2.588762465331e+00
 2.45472500e+00,        +7.071067811865e+00,        +1.102410141533e+01,        -2.588744171082e+00
 2.45475000e+00,        +7.071067811865e+00,        +1.102388804576e+01,        -2.588725915736e+00
 2.45477500e+00,        +7.071067811865e+00,        +1.102367495803e+01,        -2.588707699101e+00
 2.45480000e+00,        +7.071067811865e+00,        +1.102346215078e+01,        -2.588689520987e+00
 2.45482500e+00,        +7.071067811865e+00,        +1.102324962268e+01,        -2.588671381205e+00
 2.45485000e+00,        +7.071067811865e+00,        +1.102303737240e+01,        -2.588653279567e+00
 2.45487500e+00,        +7.071067811865e+00,        +1.102282539860e+01,        -2.588635215886e+00
 2.45490000e+00,        +7.071067811865e+00,        +1.102261369998e+01,        -2.588617189976e+00
 2.45492500e+00,        +7.071067811865e+00,        +1.102240227522e+01,        -2.588599201651e+00
 2.45495000e+00,        +7.071067811865e+00,        +1.102219112303e+01,        -2.588581250729e+00
 2.45497500e+00,        +7.071067811865e+00,        +1.102198024212e+01,        -2.588563337026e+00
 2.45500000e+00,        +7.071067811865e+00,        +1.102176963119e+01,        -2.588545460359e+00
 2.45502500e+00,        +7.071067811865e+00,        +1.102155928899e+01,        -2.588527620549e+00
 2.45505000e+00,        +7.071067811865e+00,        +1.102134921422e+01,        -2.588509817415e+00
 2.45507500e+00,        +7.071067811865e+00,        +1.102113940565e+01,        -2.588492050778e+00
 2.45510000e+00,        +7.071067811865e+00,        +1.102092986200e+01,        -2.588474320461e+00
 2.45512500e+00,        +7.071067811865e+00,        +1.102072058205e+01,        -2.588456626286e+00
 2.45515000e+00,        +7.071067811865e+00,        +1.102051156454e+01,        -2.588438968077e+00
 2.45517500e+00,        +7.071067811865e+00,        +1.102030280826e+01,        -2.588421345660e+00
 2.45520000e+00,        +7.071067811865e+00,        +1.102009431197e+01,        -2.588403758860e+00
 2.45522500e+00,        +7.071067811865e+00,        +1.101988607446e+01,        -2.588386207503e+00
 2.45525000e+00,        +7.071067811865e+00,        +1.101967809453e+01,        -2.588368691418e+00
 2.45527500e+00,        +7.071067811865e+00,        +1.101947037097e+01,        -2.588351210434e+00
 2.45530000e+00,        +7.071067811865e+00,        +1.101926290259e+01,        -2.588333764380e+00
 2.45532500e+00,        +7.071067811865e+00,        +1.101905568821e+01,        -2.588316353086e+00
 2.45535000e+00,        +7.071067811865e+00,        +1.101884872663e+01,        -2.588298976384e+00
 2.45537500e+00,        +7.071067811865e+00,        +1.101864201670e+01,        -2.588281634106e+00
 2.45540000e+00,        +7.071067811865e+00,        +1.101843555724e+01,        -2.588264326087e+00
 2.45542500e+00,        +7.071067811865e+00,        +1.101822934711e+01,        -2.588247052159e+00
 2.45545000e+00,        +7.071067811865e+00,        +1.101802338513e+01,        -2.588229812157e+00
 2.45547500e+00,        +7.071067811865e+00,        +1.101781767018e+01,        -2.588212605919e+00
 2.45550000e+00,        +7.071067811865e+00,        +1.101761220112e+01,        -2.588195433280e+00
 2.45552500e+00,        +7.071067811865e+00,        +1.101740697680e+01,        -2.588178294079e+00
 2.45555000e+00,        +7.071067811865e+00,        +1.101720199612e+01,        -2.588161188153e+00
 2.45557500e+00,        +7.071067811865e+00,        +1.101699725794e+01,        -2.588144115343e+00
 2.45560000e+00,        +7.071067811865e+00,        +1.101679276117e+01,        -2.588127075488e+00
 2.45562500e+00,        +7.071067811865e+00,        +1.101658850469e+01,        -2.588110068430e+00
 2.45565000e+00,        +7.071067811865e+00,        +1.101638448741e+01,        -2.588093094011e+00
 2.45567500e+00,        +7.071067811865e+00,        +1.101618070823e+01,        -2.588076152073e+00
 2.45570000e+00,        +7.071067811865e+00,        +1.101597716607e+01,        -2.588059242460e+00
 2.45572500e+00,        +7.071067811865e+00,        +1.101577385986e+01,        -2.588042365017e+00
 2.45575000e+00,        +7.071067811865e+00,        +1.101557078851e+01,        -2.588025519588e+00
 2.45577500e+00,        +7.071067811865e+00,        +1.101536795097e+01,        -2.588008706021e+00
 2.45580000e+00,        +7.071067811865e+00,        +1.101516534616e+01,        -2.587991924161e+00
 2.45582500e+00,        +7.071067811865e+00,        +1.101496297305e+01,        -2.587975173857e+00
 2.45585000e+00,        +7.071067811865e+00,        +1.101476083058e+01,        -2.587958454957e+00
 2.45587500e+00,        +7.071067811865e+00,        +1.101455891770e+01,        -2.587941767310e+00
 2.45590000e+00,        +7.071067811865e+00,        +1.101435723339e+01,        -2.587925110767e+00
 2.45592500e+00,        +7.071067811865e+00,        +1.101415577661e+01,        -2.587908485178e+00
 2.45595000e+00,        +7.071067811865e+00,        +1.101395454634e+01,        -2.587891890395e+00
 2.45597500e+00,        +7.071067811865e+00,        +1.101375354157e+01,        -2.587875326271e+00
 2.45600000e+00,        +7.071067811865e+00,        +1.101355276127e+01,        -2.587858792658e+00
 2.45602500e+00,        +7.071067811865e+00,        +1.101335220445e+01,        -2.587842289411e+00
 2.45605000e+00,        +7.071067811865e+00,        +1.101315187010e+01,        -2.587825816384e+00
 2.45607500e+00,        +7.071067811865e+00,        +1.101295175723e+01,        -2.587809373434e+00
 2.45610000e+00,        +7.071067811865e+00,        +1.101275186485e+01,        -2.587792960415e+00
 2.45612500e+00,        +7.071067811865e+00,        +1.101255219198e+01,        -2.587776577185e+00
 2.45615000e+00,        +7.071067811865e+00,        +1.101235273763e+01,        -2.587760223603e+00
 2.45617500e+00,        +7.071067811865e+00,        +1.101215350084e+01,        -2.587743899525e+00
 2.45620000e+00,        +7.071067811865e+00,        +1.101195448065e+01,        -2.587727604812e+00
 2.45622500e+00,        +7.071067811865e+00,        +1.101175567608e+01,        -2.587711339324e+00
 2.45625000e+00,        +7.071067811865e+00,        +1.101155708619e+01,        -2.587695102920e+00
 2.45627500e+00,        +7.071067811865e+00,        +1.101135871002e+01,        -2.587678895463e+00
 2.45630000e+00,        +7.071067811865e+00,        +1.101116054663e+01,        -2.587662716814e+00
 2.45632500e+00,        +7.071067811865e+00,        +1.101096259508e+01,        -2.587646566836e+00
 2.45635000e+00,        +7.071067811865e+00,        +1.101076485443e+01,        -2.587630445393e+00
 2.45637500e+00,        +7.071067811865e+00,        +1.101056732377e+01,        -2.587614352349e+00
 2.45640000e+00,        +7.071067811865e+00,        +1.101037000215e+01,        -2.587598287568e+00
 2.45642500e+00,        +7.071067811865e+00,        +1.101017288867e+01,        -2.587582250917e+00
 2.45645000e+00,        +7.071067811865e+00,        +1.100997598241e+01,        -2.587566242261e+00
 2.45647500e+00,        +7.071067811865e+00,        +1.100977928247e+01,        -2.587550261467e+00
 2.45650000e+00,        +7.071067811865e+00,        +1.100958278793e+01,        -2.587534308403e+00
 2.45652500e+00,        +7.071067811865e+00,        +1.100938649791e+01,        -2.587518382938e+00
 2.45655000e+00,        +7.071067811865e+00,        +1.100919041151e+01,        -2.587502484940e+00
 2.45657500e+00,        +7.071067811865e+00,        +1.100899452783e+01,        -2.587486614278e+00
 2.45660000e+00,        +7.071067811865e+00,        +1.100879884601e+01,        -2.587470770824e+00
 2.45662500e+00,        +7.071067811865e+00,        +1.100860336515e+01,        -2.587454954447e+00
 2.45665000e+00,        +7.071067811865e+00,        +1.100840808440e+01,        -2.587439165020e+00
 2.45667500e+00,        +7.071067811865e+00,        +1.100821300287e+01,        -2.587423402414e+00
 2.45670000e+00,        +7.071067811865e+00,        +1.100801811970e+01,        -2.587407666503e+00
 2.45672500e+00,        +7.071067811865e+00,        +1.100782343404e+01,        -2.587391957160e+00
 2.45675000e+00,        +7.071067811865e+00,        +1.100762894504e+01,        -2.587376274259e+00
 2.45677500e+00,        +7.071067811865e+00,        +1.100743465183e+01,        -2.587360617675e+00
 2.45680000e+00,        +7.071067811865e+00,        +1.100724055358e+01,        -2.587344987284e+00
 2.45682500e+00,        +7.071067811865e+00,        +1.100704664945e+01,        -2.587329382960e+00
 2.45685000e+00,        +7.071067811865e+00,        +1.100685293861e+01,        -2.587313804581e+00
 2.45687500e+00,        +7.071067811865e+00,        +1.100665942021e+01,        -2.587298252024e+00
 2.45690000e+00,        +7.071067811865e+00,        +1.100646609344e+01,        -2.587282725168e+00
 2.45692500e+00,        +7.071067811865e+00,        +1.100627295747e+01,        -2.587267223889e+00
 2.45695000e+00,        +7.071067811865e+00,        +1.100608001148e+01,        -2.587251748068e+00
 2.45697500e+00,        +7.071067811865e+00,        +1.100588725467e+01,        -2.587236297584e+00
 2.45700000e+00,        +7.071067811865e+00,        +1.100569468623e+01,        -2.587220872318e+00
 2.45702500e+00,        +7.071067811865e+00,        +1.100550230534e+01,        -2.587205472149e+00
 2.45705000e+00,        +7.071067811865e+00,        +1.100531011121e+01,        -2.587190096961e+00
 2.45707500e+00,        +7.071067811865e+00,        +1.100511810305e+01,        -2.587174746633e+00
 2.45710000e+00,        +7.071067811865e+00,        +1.100492628007e+01,        -2.587159421050e+00
 2.45712500e+00,        +7.071067811865e+00,        +1.100473464147e+01,        -2.587144120095e+00
 2.45715000e+00,        +7.071067811865e+00,        +1.100454318648e+01,        -2.587128843650e+00
 2.45717500e+00,        +7.071067811865e+00,        +1.100435191431e+01,        -2.587113591601e+00
 2.45720000e+00,        +7.071067811865e+00,        +1.100416082419e+01,        -2.587098363832e+00
 2.45722500e+00,        +7.071067811865e+00,        +1.100396991536e+01,        -2.587083160229e+00
 2.45725000e+00,        +7.071067811865e+00,        +1.100377918705e+01,        -2.587067980678e+00
 2.45727500e+00,        +7.071067811865e+00,        +1.100358863849e+01,        -2.587052825065e+00
 2.45730000e+00,        +7.071067811865e+00,        +1.100339826893e+01,        -2.587037693277e+00
 2.45732500e+00,        +7.071067811865e+00,        +1.100320807761e+01,        -2.587022585203e+00
 2.45735000e+00,        +7.071067811865e+00,        +1.100301806378e+01,        -2.587007500730e+00
 2.45737500e+00,        +7.071067811865e+00,        +1.100282822671e+01,        -2.586992439747e+00
 2.45740000e+00,        +7.071067811865e+00,        +1.100263856564e+01,        -2.586977402143e+00
 2.45742500e+00,        +7.071067811865e+00,        +1.100244907984e+01,        -2.586962387809e+00
 2.45745000e+00,        +7.071067811865e+00,        +1.100225976858e+01,        -2.586947396634e+00
 2.45747500e+00,        +7.071067811865e+00,        +1.100207063112e+01,        -2.586932428509e+00
 2.45750000e+00,        +7.071067811865e+00,        +1.100188166675e+01,        -2.586917483327e+00
 2.45752500e+00,        +7.071067811865e+00,        +1.100169287473e+01,        -2.586902560978e+00
 2.45755000e+00,        +7.071067811865e+00,        +1.100150425436e+01,        -2.586887661356e+00
 2.45757500e+00,        +7.071067811865e+00,        +1.100131580490e+01,        -2.586872784353e+00
 2.45760000e+00,        +7.071067811865e+00,        +1.100112752567e+01,        -2.586857929862e+00
 2.45762500e+00,        +7.071067811865e+00,        +1.100093941594e+01,        -2.586843097779e+00
 2.45765000e+00,        +7.071067811865e+00,        +1.100075147501e+01,        -2.586828287997e+00
 2.45767500e+00,        +7.071067811865e+00,        +1.100056370219e+01,        -2.586813500411e+00
 2.45770000e+00,        +7.071067811865e+00,        +1.100037609678e+01,        -2.586798734917e+00
 2.45772500e+00,        +7.071067811865e+00,        +1.100018865809e+01,        -2.586783991410e+00
 2.45775000e+00,        +7.071067811865e+00,        +1.100000138542e+01,        -2.586769269788e+00
 2.45777500e+00,        +7.071067811865e+00,        +1.099981427810e+01,        -2.586754569948e+00
 2.45780000e+00,        +7.071067811865e+00,        +1.099962733544e+01,        -2.586739891786e+00
 2.45782500e+00,        +7.071067811865e+00,        +1.099944055677e+01,        -2.586725235202e+00
 2.45785000e+00,        +7.071067811865e+00,        +1.099925394140e+01,        -2.586710600092e+00
 2.45787500e+00,        +7.071067811865e+00,        +1.099906748867e+01,        -2.586695986357e+00
 2.45790000e+00,        +7.071067811865e+00,        +1.099888119791e+01,        -2.586681393896e+00
 2.45792500e+00,        +7.071067811865e+00,        +1.099869506846e+01,        -2.586666822608e+00
 2.45795000e+00,        +7.071067811865e+00,        +1.099850909966e+01,        -2.586652272394e+00
 2.45797500e+00,        +7.071067811865e+00,        +1.099832329084e+01,        -2.586637743155e+00
 2.45800000e+00,        +7.071067811865e+00,        +1.099813764137e+01,        -2.586623234792e+00
 2.45802500e+00,        +7.071067811865e+00,        +1.099795215057e+01,        -2.586608747207e+00
 2.45805000e+00,        +7.071067811865e+00,        +1.099776681782e+01,        -2.586594280302e+00
 2.45807500e+00,        +7.071067811865e+00,        +1.099758164246e+01,        -2.586579833980e+00
 2.45810000e+00,        +7.071067811865e+00,        +1.099739662386e+01,        -2.586565408145e+00
 2.45812500e+00,        +7.071067811865e+00,        +1.099721176137e+01,        -2.586551002698e+00
 2.45815000e+00,        +7.071067811865e+00,        +1.099702705437e+01,        -2.586536617546e+00
 2.45817500e+00,        +7.071067811865e+00,        +1.099684250222e+01,        -2.586522252591e+00
 2.45820000e+00,        +7.071067811865e+00,        +1.099665810429e+01,        -2.586507907740e+00
 2.45822500e+00,        +7.071067811865e+00,        +1.099647385997e+01,        -2.586493582897e+00
 2.45825000e+00,        +7.071067811865e+00,        +1.099628976863e+01,        -2.586479277969e+00
 2.45827500e+00,        +7.071067811865e+00,        +1.099610582965e+01,        -2.586464992861e+00
 2.45830000e+00,        +7.071067811865e+00,        +1.099592204242e+01,        -2.586450727480e+00
 2.45832500e+00,        +7.071067811865e+00,        +1.099573840632e+01,        -2.586436481734e+00
 2.45835000e+00,        +7.071067811865e+00,        +1.099555492076e+01,        -2.586422255530e+00
 2.45837500e+00,        +7.071067811865e+00,        +1.099537158511e+01,        -2.586408048777e+00
 2.45840000e+00,        +7.071067811865e+00,        +1.099518839879e+01,        -2.586393861381e+00
 2.45842500e+00,        +7.071067811865e+00,        +1.099500536119e+01,        -2.586379693253e+00
 2.45845000e+00,        +7.071067811865e+00,        +1.099482247171e+01,        -2.586365544301e+00
 2.45847500e+00,        +7.071067811865e+00,        +1.099463972977e+01,        -2.586351414435e+00
 2.45850000e+00,        +7.071067811865e+00,        +1.099445713477e+01,        -2.586337303566e+00
 2.45852500e+00,        +7.071067811865e+00,        +1.099427468612e+01,        -2.586323211604e+00
 2.45855000e+00,        +7.071067811865e+00,        +1.099409238324e+01,        -2.586309138459e+00
 2.45857500e+00,        +7.071067811865e+00,        +1.099391022555e+01,        -2.586295084044e+00
 2.45860000e+00,        +7.071067811865e+00,        +1.099372821247e+01,        -2.586281048269e+00
 2.45862500e+00,        +7.071067811865e+00,        +1.099354634342e+01,        -2.586267031047e+00
 2.45865000e+00,        +7.071067811865e+00,        +1.099336461784e+01,        -2.586253032291e+00
 2.45867500e+00,        +7.071067811865e+00,        +1.099318303514e+01,        -2.586239051913e+00
 2.45870000e+00,        +7.071067811865e+00,        +1.099300159477e+01,        -2.586225089826e+00
 2.45872500e+00,        +7.071067811865e+00,        +1.099282029617e+01,        -2.586211145945e+00
 2.45875000e+00,        +7.071067811865e+00,        +1.099263913876e+01,        -2.586197220184e+00
 2.45877500e+00,        +7.071067811865e+00,        +1.099245812199e+01,        -2.586183312457e+00
 2.45880000e+00,        +7.071067811865e+00,        +1.099227724530e+01,        -2.586169422678e+00
 2.45882500e+00,        +7.071067811865e+00,        +1.099209650815e+01,        -2.586155550764e+00
 2.45885000e+00,        +7.071067811865e+00,        +1.099191590998e+01,        -2.586141696630e+00
 2.45887500e+00,        +7.071067811865e+00,        +1.099173545024e+01,        -2.586127860191e+00
 2.45890000e+00,        +7.071067811865e+00,        +1.099155512839e+01,        -2.586114041365e+00
 2.45892500e+00,        +7.071067811865e+00,        +1.099137494388e+01,        -2.586100240068e+00
 2.45895000e+00,        +7.071067811865e+00,        +1.099119489618e+01,        -2.586086456218e+00
 2.45897500e+00,        +7.071067811865e+00,        +1.099101498475e+01,        -2.586072689731e+00
 2.45900000e+00,        +7.071067811865e+00,        +1.099083520906e+01,        -2.586058940526e+00
 2.45902500e+00,        +7.071067811865e+00,        +1.099065556857e+01,        -2.586045208520e+00
 2.45905000e+00,        +7.071067811865e+00,        +1.099047606275e+01,        -2.586031493634e+00
 2.45907500e+00,        +7.071067811865e+00,        +1.099029669108e+01,        -2.586017795785e+00
 2.45910000e+00,        +7.071067811865e+00,        +1.099011745304e+01,        -2.586004114893e+00
 2.45912500e+00,        +7.071067811865e+00,        +1.098993834809e+01,        -2.585990450878e+00
 2.45915000e+00,        +7.071067811865e+00,        +1.098975937573e+01,        -2.585976803660e+00
 2.45917500e+00,        +7.071067811865e+00,        +1.098958053544e+01,        -2.585963173158e+00
 2.45920000e+00,        +7.071067811865e+00,        +1.098940182670e+01,        -2.585949559295e+00
 2.45922500e+00,        +7.071067811865e+00,        +1.098922324900e+01,        -2.585935961992e+00
 2.45925000e+00,        +7.071067811865e+00,        +1.098904480183e+01,        -2.585922381168e+00
 2.45927500e+00,        +7.071067811865e+00,        +1.098886648469e+01,        -2.585908816748e+00
 2.45930000e+00,        +7.071067811865e+00,        +1.098868829707e+01,        -2.585895268652e+00
 2.45932500e+00,        +7.071067811865e+00,        +1.098851023848e+01,        -2.585881736803e+00
 2.45935000e+00,        +7.071067811865e+00,        +1.098833230840e+01,        -2.585868221125e+00
 2.45937500e+00,        +7.071067811865e+00,        +1.098815450635e+01,        -2.585854721539e+00
 2.45940000e+00,        +7.071067811865e+00,        +1.098797683183e+01,        -2.585841237971e+00
 2.45942500e+00,        +7.071067811865e+00,        +1.098779928435e+01,        -2.585827770343e+00
 2.45945000e+00,        +7.071067811865e+00,        +1.098762186342e+01,        -2.585814318581e+00
 2.45947500e+00,        +7.071067811865e+00,        +1.098744456855e+01,        -2.585800882607e+00
 2.45950000e+00,        +7.071067811865e+00,        +1.098726739925e+01,        -2.585787462349e+00
 2.45952500e+00,        +7.071067811865e+00,        +1.098709035506e+01,        -2.585774057729e+00
 2.45955000e+00,        +7.071067811865e+00,        +1.098691343547e+01,        -2.585760668675e+00
 2.45957500e+00,        +7.071067811865e+00,        +1.098673664002e+01,        -2.585747295112e+00
 2.45960000e+00,        +7.071067811865e+00,        +1.098655996823e+01,        -2.585733936966e+00
 2.45962500e+00,        +7.071067811865e+00,        +1.098638341963e+01,        -2.585720594164e+00
 2.45965000e+00,        +7.071067811865e+00,        +1.098620699374e+01,        -2.585707266633e+00
 2.45967500e+00,        +7.071067811865e+00,        +1.098603069010e+01,        -2.585693954299e+00
 2.45970000e+00,        +7.071067811865e+00,        +1.098585450824e+01,        -2.585680657090e+00
 2.45972500e+00,        +7.071067811865e+00,        +1.098567844769e+01,        -2.585667374934e+00
 2.45975000e+00,        +7.071067811865e+00,        +1.098550250800e+01,        -2.585654107759e+00
 2.45977500e+00,        +7.071067811865e+00,        +1.098532668870e+01,        -2.585640855493e+00
 2.45980000e+00,        +7.071067811865e+00,        +1.098515098933e+01,        -2.585627618066e+00
 2.45982500e+00,        +7.071067811865e+00,        +1.098497540944e+01,        -2.585614395405e+00
 2.45985000e+00,        +7.071067811865e+00,        +1.098479994858e+01,        -2.585601187441e+00
 2.45987500e+00,        +7.071067811865e+00,        +1.098462460629e+01,        -2.585587994103e+00
 2.45990000e+00,        +7.071067811865e+00,        +1.098444938213e+01,        -2.585574815321e+00
 2.45992500e+00,        +7.071067811865e+00,        +1.098427427564e+01,        -2.585561651025e+00
 2.45995000e+00,        +7.071067811865e+00,        +1.098409928638e+01,        -2.585548501146e+00
 2.45997500e+00,        +7.071067811865e+00,        +1.098392441391e+01,        -2.585535365614e+00
 2.46000000e+00,        +7.071067811865e+00,        +1.098374965779e+01,        -2.585522244361e+00
 2.46002500e+00,        +7.071067811865e+00,        +1.098357501757e+01,        -2.585509137318e+00
 2.46005000e+00,        +7.071067811865e+00,        +1.098340049283e+01,        -2.585496044417e+00
 2.46007500e+00,        +7.071067811865e+00,        +1.098322608312e+01,        -2.585482965589e+00
 2.46010000e+00,        +7.071067811865e+00,        +1.098305178802e+01,        -2.585469900768e+00
 2.46012500e+00,        +7.071067811865e+00,        +1.098287760708e+01,        -2.585456849885e+00
 2.46015000e+00,        +7.071067811865e+00,        +1.098270353989e+01,        -2.585443812873e+00
 2.46017500e+00,        +7.071067811865e+00,        +1.098252958602e+01,        -2.585430789666e+00
 2.46020000e+00,        +7.071067811865e+00,        +1.098235574504e+01,        -2.585417780198e+00
 2.46022500e+00,        +7.071067811865e+00,        +1.098218201652e+01,        -2.585404784400e+00
 2.46025000e+00,        +7.071067811865e+00,        +1.098200840005e+01,        -2.585391802209e+00
 2.46027500e+00,        +7.071067811865e+00,        +1.098183489521e+01,        -2.585378833558e+00
 2.46030000e+00,        +7.071067811865e+00,        +1.098166150158e+01,        -2.585365878381e+00
 2.46032500e+00,        +7.071067811865e+00,        +1.098148821875e+01,        -2.585352936613e+00
 2.46035000e+00,        +7.071067811865e+00,        +1.098131504630e+01,        -2.585340008190e+00
 2.46037500e+00,        +7.071067811865e+00,        +1.098114198382e+01,        -2.585327093047e+00
 2.46040000e+00,        +7.071067811865e+00,        +1.098096903090e+01,        -2.585314191119e+00
 2.46042500e+00,        +7.071067811865e+00,        +1.098079618713e+01,        -2.585301302343e+00
 2.46045000e+00,        +7.071067811865e+00,        +1.098062345211e+01,        -2.585288426654e+00
 2.46047500e+00,        +7.071067811865e+00,        +1.098045082543e+01,        -2.585275563989e+00
 2.46050000e+00,        +7.071067811865e+00,        +1.098027830670e+01,        -2.585262714285e+00
 2.46052500e+00,        +7.071067811865e+00,        +1.098010589550e+01,        -2.585249877479e+00
 2.46055000e+00,        +7.071067811865e+00,        +1.097993359145e+01,        -2.585237053507e+00
 2.46057500e+00,        +7.071067811865e+00,        +1.097976139414e+01,        -2.585224242308e+00
 2.46060000e+00,        +7.071067811865e+00,        +1.097958930319e+01,        -2.585211443819e+00
 2.46062500e+00,        +7.071067811865e+00,        +1.097941731819e+01,        -2.585198657978e+00
 2.46065000e+00,        +7.071067811865e+00,        +1.097924543876e+01,        -2.585185884723e+00
 2.46067500e+00,        +7.071067811865e+00,        +1.097907366451e+01,        -2.585173123994e+00
 2.46070000e+00,        +7.071067811865e+00,        +1.097890199504e+01,        -2.585160375728e+00
 2.46072500e+00,        +7.071067811865e+00,        +1.097873042998e+01,        -2.585147639865e+00
 2.46075000e+00,        +7.071067811865e+00,        +1.097855896893e+01,        -2.585134916344e+00
 2.46077500e+00,        +7.071067811865e+00,        +1.097838761153e+01,        -2.585122205104e+00
 2.46080000e+00,        +7.071067811865e+00,        +1.097821635737e+01,        -2.585109506086e+00
 2.46082500e+00,        +7.071067811865e+00,        +1.097804520610e+01,        -2.585096819230e+00
 2.46085000e+00,        +7.071067811865e+00,        +1.097787415732e+01,        -2.585084144475e+00
 2.46087500e+00,        +7.071067811865e+00,        +1.097770321067e+01,        -2.585071481762e+00
 2.46090000e+00,        +7.071067811865e+00,        +1.097753236576e+01,        -2.585058831032e+00
 2.46092500e+00,        +7.071067811865e+00,        +1.097736162223e+01,        -2.585046192227e+00
 2.46095000e+00,        +7.071067811865e+00,        +1.097719097971e+01,        -2.585033565286e+00
 2.46097500e+00,        +7.071067811865e+00,        +1.097702043782e+01,        -2.585020950153e+00
 2.46100000e+00,        +7.071067811865e+00,        +1.097684999621e+01,        -2.585008346767e+00
 2.46102500e+00,        +7.071067811865e+00,        +1.097667965449e+01,        -2.584995755073e+00
 2.46105000e+00,        +7.071067811865e+00,        +1.097650941232e+01,        -2.584983175011e+00
 2.46107500e+00,        +7.071067811865e+00,        +1.097633926932e+01,        -2.584970606524e+00
 2.46110000e+00,        +7.071067811865e+00,        +1.097616922514e+01,        -2.584958049554e+00
 2.46112500e+00,        +7.071067811865e+00,        +1.097599927941e+01,        -2.584945504046e+00
 2.46115000e+00,        +7.071067811865e+00,        +1.097582943179e+01,        -2.584932969941e+00
 2.46117500e+00,        +7.071067811865e+00,        +1.097565968190e+01,        -2.584920447183e+00
 2.46120000e+00,        +7.071067811865e+00,        +1.097549002941e+01,        -2.584907935716e+00
 2.46122500e+00,        +7.071067811865e+00,        +1.097532047395e+01,        -2.584895435484e+00
 2.46125000e+00,        +7.071067811865e+00,        +1.097515101517e+01,        -2.584882946431e+00
 2.46127500e+00,        +7.071067811865e+00,        +1.097498165273e+01,        -2.584870468500e+00
 2.46130000e+00,        +7.071067811865e+00,        +1.097481238627e+01,        -2.584858001637e+00
 2.46132500e+00,        +7.071067811865e+00,        +1.097464321545e+01,        -2.584845545786e+00
 2.46135000e+00,        +7.071067811865e+00,        +1.097447413992e+01,        -2.584833100892e+00
 2.46137500e+00,        +7.071067811865e+00,        +1.097430515934e+01,        -2.584820666900e+00
 2.46140000e+00,        +7.071067811865e+00,        +1.097413627337e+01,        -2.584808243756e+00
 2.46142500e+00,        +7.071067811865e+00,        +1.097396748167e+01,        -2.584795831405e+00
 2.46145000e+00,        +7.071067811865e+00,        +1.097379878389e+01,        -2.584783429793e+00
 2.46147500e+00,        +7.071067811865e+00,        +1.097363017970e+01,        -2.584771038867e+00
 2.46150000e+00,        +7.071067811865e+00,        +1.097346166876e+01,        -2.584758658572e+00
 2.46152500e+00,        +7.071067811865e+00,        +1.097329325074e+01,        -2.584746288854e+00
 2.46155000e+00,        +7.071067811865e+00,        +1.097312492530e+01,        -2.584733929661e+00
 2.46157500e+00,        +7.071067811865e+00,        +1.097295669212e+01,        -2.584721580940e+00
 2.46160000e+00,        +7.071067811865e+00,        +1.097278855086e+01,        -2.584709242637e+00
 2.46162500e+00,        +7.071067811865e+00,        +1.097262050119e+01,        -2.584696914700e+00
 2.46165000e+00,        +7.071067811865e+00,        +1.097245254278e+01,        -2.584684597076e+00
 2.46167500e+00,        +7.071067811865e+00,        +1.097228467532e+01,        -2.584672289714e+00
 2.46170000e+00,        +7.071067811865e+00,        +1.097211689846e+01,        -2.584659992560e+00
 2.46172500e+00,        +7.071067811865e+00,        +1.097194921190e+01,        -2.584647705564e+00
 2.46175000e+00,        +7.071067811865e+00,        +1.097178161530e+01,        -2.584635428673e+00
 2.46177500e+00,        +7.071067811865e+00,        +1.097161410835e+01,        -2.584623161836e+00
 2.46180000e+00,        +7.071067811865e+00,        +1.097144669073e+01,        -2.584610905002e+00
 2.46182500e+00,        +7.071067811865e+00,        +1.097127936212e+01,        -2.584598658120e+00
 2.46185000e+00,        +7.071067811865e+00,        +1.097111212220e+01,        -2.584586421138e+00
 2.46187500e+00,        +7.071067811865e+00,        +1.097094497066e+01,        -2.584574194007e+00
 2.46190000e+00,        +7.071067811865e+00,        +1.097077790718e+01,        -2.584561976676e+00
 2.46192500e+00,        +7.071067811865e+00,        +1.097061093146e+01,        -2.584549769094e+00
 2.46195000e+00,        +7.071067811865e+00,        +1.097044404317e+01,        -2.584537571212e+00
 2.46197500e+00,        +7.071067811865e+00,        +1.097027724202e+01,        -2.584525382980e+00
 2.46200000e+00,        +7.071067811865e+00,        +1.097011052768e+01,        -2.584513204347e+00
 2.46202500e+00,        +7.071067811865e+00,        +1.096994389987e+01,        -2.584501035265e+00
 2.46205000e+00,        +7.071067811865e+00,        +1.096977735826e+01,        -2.584488875685e+00
 2.46207500e+00,        +7.071067811865e+00,        +1.096961090255e+01,        -2.584476725556e+00
 2.46210000e+00,        +7.071067811865e+00,        +1.096944453244e+01,        -2.584464584831e+00
 2.46212500e+00,        +7.071067811865e+00,        +1.096927824764e+01,        -2.584452453460e+00
 2.46215000e+00,        +7.071067811865e+00,        +1.096911204783e+01,        -2.584440331396e+00
 2.46217500e+00,        +7.071067811865e+00,        +1.096894593272e+01,        -2.584428218589e+00
 2.46220000e+00,        +7.071067811865e+00,        +1.096877990201e+01,        -2.584416114991e+00
 2.46222500e+00,        +7.071067811865e+00,        +1.096861395540e+01,        -2.584404020556e+00
 2.46225000e+00,        +7.071067811865e+00,        +1.096844809260e+01,        -2.584391935234e+00
 2.46227500e+00,        +7.071067811865e+00,        +1.096828231331e+01,        -2.584379858978e+00
 2.46230000e+00,        +7.071067811865e+00,        +1.096811661724e+01,        -2.584367791741e+00
 2.46232500e+00,        +7.071067811865e+00,        +1.096795100409e+01,        -2.584355733476e+00
 2.46235000e+00,        +7.071067811865e+00,        +1.096778547359e+01,        -2.584343684135e+00
 2.46237500e+00,        +7.071067811865e+00,        +1.096762002543e+01,        -2.584331643672e+00
 2.46240000e+00,        +7.071067811865e+00,        +1.096745465933e+01,        -2.584319612040e+00
 2.46242500e+00,        +7.071067811865e+00,        +1.096728937500e+01,        -2.584307589192e+00
 2.46245000e+00,        +7.071067811865e+00,        +1.096712417216e+01,        -2.584295575083e+00
 2.46247500e+00,        +7.071067811865e+00,        +1.096695905051e+01,        -2.584283569666e+00
 2.46250000e+00,        +7.071067811865e+00,        +1.096679400979e+01,        -2.584271572895e+00
 2.46252500e+00,        +7.071067811865e+00,        +1.096662904970e+01,        -2.584259584723e+00
 2.46255000e+00,        +7.071067811865e+00,        +1.096646416996e+01,        -2.584247605107e+00
 2.46257500e+00,        +7.071067811865e+00,        +1.096629937029e+01,        -2.584235634000e+00
 2.46260000e+00,        +7.071067811865e+00,        +1.096613465042e+01,        -2.584223671357e+00
 2.46262500e+00,        +7.071067811865e+00,        +1.096597001007e+01,        -2.584211717132e+00
 2.46265000e+00,        +7.071067811865e+00,        +1.096580544895e+01,        -2.584199771281e+00
 2.46267500e+00,        +7.071067811865e+00,        +1.096564096680e+01,        -2.584187833760e+00
 2.46270000e+00,        +7.071067811865e+00,        +1.096547656334e+01,        -2.584175904522e+00
 2.46272500e+00,        +7.071067811865e+00,        +1.096531223830e+01,        -2.584163983525e+00
 2.46275000e+00,        +7.071067811865e+00,        +1.096514799140e+01,        -2.584152070724e+00
 2.46277500e+00,        +7.071067811865e+00,        +1.096498382238e+01,        -2.584140166074e+00
 2.46280000e+00,        +7.071067811865e+00,        +1.096481973096e+01,        -2.584128269532e+00
 2.46282500e+00,        +7.071067811865e+00,        +1.096465571688e+01,        -2.584116381054e+00
 2.46285000e+00,        +7.071067811865e+00,        +1.096449177986e+01,        -2.584104500597e+00
 2.46287500e+00,        +7.071067811865e+00,        +1.096432791965e+01,        -2.584092628116e+00
 2.46290000e+00,        +7.071067811865e+00,        +1.096416413597e+01,        -2.584080763569e+00
 2.46292500e+00,        +7.071067811865e+00,        +1.096400042856e+01,        -2.584068906912e+00
 2.46295000e+00,        +7.071067811865e+00,        +1.096383679716e+01,        -2.584057058104e+00
 2.46297500e+00,        +7.071067811865e+00,        +1.096367324151e+01,        -2.584045217099e+00
 2.46300000e+00,        +7.071067811865e+00,        +1.096350976134e+01,        -2.584033383858e+00
 2.46302500e+00,        +7.071067811865e+00,        +1.096334635640e+01,        -2.584021558335e+00
 2.46305000e+00,        +7.071067811865e+00,        +1.096318302642e+01,        -2.584009740490e+00
 2.46307500e+00,        +7.071067811865e+00,        +1.096301977115e+01,        -2.583997930281e+00
 2.46310000e+00,        +7.071067811865e+00,        +1.096285659033e+01,        -2.583986127664e+00
 2.46312500e+00,        +7.071067811865e+00,        +1.096269348371e+01,        -2.583974332599e+00
 2.46315000e+00,        +7.071067811865e+00,        +1.096253045103e+01,        -2.583962545044e+00
 2.46317500e+00,        +7.071067811865e+00,        +1.096236749203e+01,        -2.583950764956e+00
 2.46320000e+00,        +7.071067811865e+00,        +1.096220460647e+01,        -2.583938992296e+00
 2.46322500e+00,        +7.071067811865e+00,        +1.096204179409e+01,        -2.583927227020e+00
 2.46325000e+00,        +7.071067811865e+00,        +1.096187905465e+01,        -2.583915469090e+00
 2.46327500e+00,        +7.071067811865e+00,        +1.096171638788e+01,        -2.583903718462e+00
 2.46330000e+00,        +7.071067811865e+00,        +1.096155379355e+01,        -2.583891975098e+00
 2.46332500e+00,        +7.071067811865e+00,        +1.096139127140e+01,        -2.583880238955e+00
 2.46335000e+00,        +7.071067811865e+00,        +1.096122882119e+01,        -2.583868509994e+00
 2.46337500e+00,        +7.071067811865e+00,        +1.096106644268e+01,        -2.583856788175e+00
 2.46340000e+00,        +7.071067811865e+00,        +1.096090413561e+01,        -2.583845073456e+00
 2.46342500e+00,        +7.071067811865e+00,        +1.096074189975e+01,        -2.583833365799e+00
 2.46345000e+00,        +7.071067811865e+00,        +1.096057973485e+01,        -2.583821665162e+00
 2.46347500e+00,        +7.071067811865e+00,        +1.096041764067e+01,        -2.583809971507e+00
 2.46350000e+00,        +7.071067811865e+00,        +1.096025561697e+01,        -2.583798284794e+00
 2.46352500e+00,        +7.071067811865e+00,        +1.096009366350e+01,        -2.583786604983e+00
 2.46355000e+00,        +7.071067811865e+00,        +1.095993178004e+01,        -2.583774932035e+00
 2.46357500e+00,        +7.071067811865e+00,        +1.095976996634e+01,        -2.583763265911e+00
 2.46360000e+00,        +7.071067811865e+00,        +1.095960822217e+01,        -2.583751606572e+00
 2.46362500e+00,        +7.071067811865e+00,        +1.095944654728e+01,        -2.583739953978e+00
 2.46365000e+00,        +7.071067811865e+00,        +1.095928494145e+01,        -2.583728308092e+00
 2.46367500e+00,        +7.071067811865e+00,        +1.095912340444e+01,        -2.583716668874e+00
 2.46370000e+00,        +7.071067811865e+00,        +1.095896193602e+01,        -2.583705036287e+00
 2.46372500e+00,        +7.071067811865e+00,        +1.095880053595e+01,        -2.583693410291e+00
 2.46375000e+00,        +7.071067811865e+00,        +1.095863920400e+01,        -2.583681790849e+00
 2.46377500e+00,        +7.071067811865e+00,        +1.095847793994e+01,        -2.583670177922e+00
 2.46380000e+00,        +7.071067811865e+00,        +1.095831674355e+01,        -2.583658571473e+00
 2.46382500e+00,        +7.071067811865e+00,        +1.095815561460e+01,        -2.583646971464e+00
 2.46385000e+00,        +7.071067811865e+00,        +1.095799455284e+01,        -2.583635377856e+00
 2.46387500e+00,        +7.071067811865e+00,        +1.095783355807e+01,        -2.583623790614e+00
 2.46390000e+00,        +7.071067811865e+00,        +1.095767263005e+01,        -2.583612209699e+00
 2.46392500e+00,        +7.071067811865e+00,        +1.095751176856e+01,        -2.583600635073e+00
 2.46395000e+00,        +7.071067811865e+00,        +1.095735097337e+01,        -2.583589066701e+00
 2.46397500e+00,        +7.071067811865e+00,        +1.095719024427e+01,        -2.583577504545e+00
 2.46400000e+00,        +7.071067811865e+00,        +1.095702958102e+01,        -2.583565948567e+00
 2.46402500e+00,        +7.071067811865e+00,        +1.095686898341e+01,        -2.583554398732e+00
 2.46405000e+00,        +7.071067811865e+00,        +1.095670845121e+01,        -2.583542855003e+00
 2.46407500e+00,        +7.071067811865e+00,        +1.095654798421e+01,        -2.583531317344e+00
 2.46410000e+00,        +7.071067811865e+00,        +1.095638758219e+01,        -2.583519785717e+00
 2.46412500e+00,        +7.071067811865e+00,        +1.095622724492e+01,        -2.583508260087e+00
 2.46415000e+00,        +7.071067811865e+00,        +1.095606697220e+01,        -2.583496740418e+00
 2.46417500e+00,        +7.071067811865e+00,        +1.095590676380e+01,        -2.583485226673e+00
 2.46420000e+00,        +7.071067811865e+00,        +1.095574661951e+01,        -2.583473718818e+00
 2.46422500e+00,        +7.071067811865e+00,        +1.095558653911e+01,        -2.583462216815e+00
 2.46425000e+00,        +7.071067811865e+00,        +1.095542652239e+01,        -2.583450720631e+00
 2.46427500e+00,        +7.071067811865e+00,        +1.095526656914e+01,        -2.583439230229e+00
 2.46430000e+00,        +7.071067811865e+00,        +1.095510667915e+01,        -2.583427745574e+00
 2.46432500e+00,        +7.071067811865e+00,        +1.095494685220e+01,        -2.583416266630e+00
 2.46435000e+00,        +7.071067811865e+00,        +1.095478708808e+01,        -2.583404793363e+00
 2.46437500e+00,        +7.071067811865e+00,        +1.095462738658e+01,        -2.583393325738e+00
 2.46440000e+00,        +7.071067811865e+00,        +1.095446774750e+01,        -2.583381863720e+00
 2.46442500e+00,        +7.071067811865e+00,        +1.095430817062e+01,        -2.583370407275e+00
 2.46445000e+00,        +7.071067811865e+00,        +1.095414865574e+01,        -2.583358956367e+00
 2.46447500e+00,        +7.071067811865e+00,        +1.095398920265e+01,        -2.583347510962e+00
 2.46450000e+00,        +7.071067811865e+00,        +1.095382981114e+01,        -2.583336071026e+00
 2.46452500e+00,        +7.071067811865e+00,        +1.095367048102e+01,        -2.583324636524e+00
 2.46455000e+00,        +7.071067811865e+00,        +1.095351121207e+01,        -2.583313207424e+00
 2.46457500e+00,        +7.071067811865e+00,        +1.095335200409e+01,        -2.583301783689e+00
 2.46460000e+00,        +7.071067811865e+00,        +1.095319285688e+01,        -2.583290365288e+00
 2.46462500e+00,        +7.071067811865e+00,        +1.095303377024e+01,        -2.583278952185e+00
 2.46465000e+00,        +7.071067811865e+00,        +1.095287474397e+01,        -2.583267544348e+00
 2.46467500e+00,        +7.071067811865e+00,        +1.095271577786e+01,        -2.583256141743e+00
 2.46470000e+00,        +7.071067811865e+00,        +1.095255687171e+01,        -2.583244744336e+00
 2.46472500e+00,        +7.071067811865e+00,        +1.095239802534e+01,        -2.583233352094e+00
 2.46475000e+00,        +7.071067811865e+00,        +1.095223923853e+01,        -2.583221964984e+00
 2.46477500e+00,        +7.071067811865e+00,        +1.095208051110e+01,        -2.583210582973e+00
 2.46480000e+00,        +7.071067811865e+00,        +1.095192184283e+01,        -2.583199206028e+00
 2.46482500e+00,        +7.071067811865e+00,        +1.095176323355e+01,        -2.583187834116e+00
 2.46485000e+00,        +7.071067811865e+00,        +1.095160468305e+01,        -2.583176467205e+00
 2.46487500e+00,        +7.071067811865e+00,        +1.095144619114e+01,        -2.583165105261e+00
 2.46490000e+00,        +7.071067811865e+00,        +1.095128775763e+01,        -2.583153748253e+00
 2.46492500e+00,        +7.071067811865e+00,        +1.095112938232e+01,        -2.583142396147e+00
 2.46495000e+00,        +7.071067811865e+00,        +1.095097106501e+01,        -2.583131048913e+00
 2.46497500e+00,        +7.071067811865e+00,        +1.095081280553e+01,        -2.583119706517e+00
 2.46500000e+00,        +7.071067811865e+00,        +1.095065460367e+01,        -2.583108368927e+00
 2.46502500e+00,        +7.071067811865e+00,        +1.095049645926e+01,        -2.583097036112e+00
 2.46505000e+00,        +7.071067811865e+00,        +1.095033837208e+01,        -2.583085708039e+00
 2.46507500e+00,        +7.071067811865e+00,        +1.095018034197e+01,        -2.583074384678e+00
 2.46510000e+00,        +7.071067811865e+00,        +1.095002236873e+01,        -2.583063065996e+00
 2.46512500e+00,        +7.071067811865e+00,        +1.094986445218e+01,        -2.583051751962e+00
 2.46515000e+00,        +7.071067811865e+00,        +1.094970659212e+01,        -2.583040442544e+00
 2.46517500e+00,        +7.071067811865e+00,        +1.094954878838e+01,        -2.583029137711e+00
 2.46520000e+00,        +7.071067811865e+00,        +1.094939104076e+01,        -2.583017837433e+00
 2.46522500e+00,        +7.071067811865e+00,        +1.094923334908e+01,        -2.583006541677e+00
 2.46525000e+00,        +7.071067811865e+00,        +1.094907571316e+01,        -2.582995250413e+00
 2.46527500e+00,        +7.071067811865e+00,        +1.094891813282e+01,        -2.582983963610e+00
 2.46530000e+00,        +7.071067811865e+00,        +1.094876060786e+01,        -2.582972681237e+00
 2.46532500e+00,        +7.071067811865e+00,        +1.094860313812e+01,        -2.582961403264e+00
 2.46535000e+00,        +7.071067811865e+00,        +1.094844572341e+01,        -2.582950129660e+00
 2.46537500e+00,        +7.071067811865e+00,        +1.094828836355e+01,        -2.582938860394e+00
 2.46540000e+00,        +7.071067811865e+00,        +1.094813105836e+01,        -2.582927595437e+00
 2.46542500e+00,        +7.071067811865e+00,        +1.094797380766e+01,        -2.582916334757e+00
 2.46545000e+00,        +7.071067811865e+00,        +1.094781661127e+01,        -2.582905078325e+00
 2.46547500e+00,        +7.071067811865e+00,        +1.094765946901e+01,        -2.582893826111e+00
 2.46550000e+00,        +7.071067811865e+00,        +1.094750238071e+01,        -2.582882578084e+00
 2.46552500e+00,        +7.071067811865e+00,        +1.094734534619e+01,        -2.582871334216e+00
 2.46555000e+00,        +7.071067811865e+00,        +1.094718836528e+01,        -2.582860094475e+00
 2.46557500e+00,        +7.071067811865e+00,        +1.094703143780e+01,        -2.582848858833e+00
 2.46560000e+00,        +7.071067811865e+00,        +1.094687456357e+01,        -2.582837627260e+00
 2.46562500e+00,        +7.071067811865e+00,        +1.094671774242e+01,        -2.582826399726e+00
 2.46565000e+00,        +7.071067811865e+00,        +1.094656097418e+01,        -2.582815176202e+00
 2.46567500e+00,        +7.071067811865e+00,        +1.094640425867e+01,        -2.582803956659e+00
 2.46570000e+00,        +7.071067811865e+00,        +1.094624759573e+01,        -2.582792741068e+00
 2.46572500e+00,        +7.071067811865e+00,        +1.094609098518e+01,        -2.582781529399e+00
 2.46575000e+00,        +7.071067811865e+00,        +1.094593442685e+01,        -2.582770321624e+00
 2.46577500e+00,        +7.071067811865e+00,        +1.094577792057e+01,        -2.582759117713e+00
 2.46580000e+00,        +7.071067811865e+00,        +1.094562146617e+01,        -2.582747917638e+00
 2.46582500e+00,        +7.071067811865e+00,        +1.094546506349e+01,        -2.582736721370e+00
 2.46585000e+00,        +7.071067811865e+00,        +1.094530871235e+01,        -2.582725528881e+00
 2.46587500e+00,        +7.071067811865e+00,        +1.094515241258e+01,        -2.582714340141e+00
 2.46590000e+00,        +7.071067811865e+00,        +1.094499616403e+01,        -2.582703155124e+00
 2.46592500e+00,        +7.071067811865e+00,        +1.094483996652e+01,        -2.582691973799e+00
 2.46595000e+00,        +7.071067811865e+00,        +1.094468381988e+01,        -2.582680796140e+00
 2.46597500e+00,        +7.071067811865e+00,        +1.094452772396e+01,        -2.582669622117e+00
 2.46600000e+00,        +7.071067811865e+00,        +1.094437167858e+01,        -2.582658451704e+00
 2.46602500e+00,        +7.071067811865e+00,        +1.094421568359e+01,        -2.582647284871e+00
 2.46605000e+00,        +7.071067811865e+00,        +1.094405973881e+01,        -2.582636121591e+00
 2.46607500e+00,        +7.071067811865e+00,        +1.094390384410e+01,        -2.582624961837e+00
 2.46610000e+00,        +7.071067811865e+00,        +1.094374799928e+01,        -2.582613805580e+00
 2.46612500e+00,        +7.071067811865e+00,        +1.094359220419e+01,        -2.582602652793e+00
 2.46615000e+00,        +7.071067811865e+00,        +1.094343645867e+01,        -2.582591503448e+00
 2.46617500e+00,        +7.071067811865e+00,        +1.094328076256e+01,        -2.582580357519e+00
 2.46620000e+00,        +7.071067811865e+00,        +1.094312511571e+01,        -2.582569214977e+00
 2.46622500e+00,        +7.071067811865e+00,        +1.094296951794e+01,        -2.582558075796e+00
 2.46625000e+00,        +7.071067811865e+00,        +1.094281396911e+01,        -2.582546939948e+00
 2.46627500e+00,        +7.071067811865e+00,        +1.094265846905e+01,        -2.582535807406e+00
 2.46630000e+00,        +7.071067811865e+00,        +1.094250301761e+01,        -2.582524678143e+00
 2.46632500e+00,        +7.071067811865e+00,        +1.094234761463e+01,        -2.582513552133e+00
 2.46635000e+00,        +7.071067811865e+00,        +1.094219225995e+01,        -2.582502429349e+00
 2.46637500e+00,        +7.071067811865e+00,        +1.094203695342e+01,        -2.582491309763e+00
 2.46640000e+00,        +7.071067811865e+00,        +1.094188169488e+01,        -2.582480193349e+00
 2.46642500e+00,        +7.071067811865e+00,        +1.094172648418e+01,        -2.582469080081e+00
 2.46645000e+00,        +7.071067811865e+00,        +1.094157132116e+01,        -2.582457969933e+00
 2.46647500e+00,        +7.071067811865e+00,        +1.094141620567e+01,        -2.582446862877e+00
 2.46650000e+00,        +7.071067811865e+00,        +1.094126113755e+01,        -2.582435758887e+00
 2.46652500e+00,        +7.071067811865e+00,        +1.094110611666e+01,        -2.582424657938e+00
 2.46655000e+00,        +7.071067811865e+00,        +1.094095114283e+01,        -2.582413560003e+00
 2.46657500e+00,        +7.071067811865e+00,        +1.094079621592e+01,        -2.582402465056e+00
 2.46660000e+00,        +7.071067811865e+00,        +1.094064133579e+01,        -2.582391373072e+00
 2.46662500e+00,        +7.071067811865e+00,        +1.094048650226e+01,        -2.582380284023e+00
 2.46665000e+00,        +7.071067811865e+00,        +1.094033171521e+01,        -2.582369197885e+00
 2.46667500e+00,        +7.071067811865e+00,        +1.094017697447e+01,        -2.582358114632e+00
 2.46670000e+00,        +7.071067811865e+00,        +1.094002227990e+01,        -2.582347034238e+00
 2.46672500e+00,        +7.071067811865e+00,        +1.093986763135e+01,        -2.582335956677e+00
 2.46675000e+00,        +7.071067811865e+00,        +1.093971302867e+01,        -2.582324881924e+00
 2.46677500e+00,        +7.071067811865e+00,        +1.093955847171e+01,        -2.582313809954e+00
 2.46680000e+00,        +7.071067811865e+00,        +1.093940396034e+01,        -2.582302740742e+00
 2.46682500e+00,        +7.071067811865e+00,        +1.093924949439e+01,        -2.582291674261e+00
 2.46685000e+00,        +7.071067811865e+00,        +1.093909507373e+01,        -2.582280610488e+00
 2.46687500e+00,        +7.071067811865e+00,        +1.093894069821e+01,        -2.582269549396e+00
 2.46690000e+00,        +7.071067811865e+00,        +1.093878636768e+01,        -2.582258490961e+00
 2.46692500e+00,        +7.071067811865e+00,        +1.093863208200e+01,        -2.582247435158e+00
 2.46695000e+00,        +7.071067811865e+00,        +1.093847784103e+01,        -2.582236381962e+00
 2.46697500e+00,        +7.071067811865e+00,        +1.093832364462e+01,        -2.582225331349e+00
 2.46700000e+00,        +7.071067811865e+00,        +1.093816949263e+01,        -2.582214283293e+00
 2.46702500e+00,        +7.071067811865e+00,        +1.093801538492e+01,        -2.582203237770e+00
 2.46705000e+00,        +7.071067811865e+00,        +1.093786132135e+01,        -2.582192194756e+00
 2.46707500e+00,        +7.071067811865e+00,        +1.093770730177e+01,        -2.582181154225e+00
 2.46710000e+00,        +7.071067811865e+00,        +1.093755332604e+01,        -2.582170116154e+00
 2.46712500e+00,        +7.071067811865e+00,        +1.093739939403e+01,        -2.582159080519e+00
 2.46715000e+00,        +7.071067811865e+00,        +1.093724550559e+01,        -2.582148047294e+00
 2.46717500e+00,        +7.071067811865e+00,        +1.093709166058e+01,        -2.582137016457e+00
 2.46720000e+00,        +7.071067811865e+00,        +1.093693785887e+01,        -2.582125987982e+00
 2.46722500e+00,        +7.071067811865e+00,        +1.093678410031e+01,        -2.582114961846e+00
 2.46725000e+00,        +7.071067811865e+00,        +1.093663038478e+01,        -2.582103938025e+00
 2.46727500e+00,        +7.071067811865e+00,        +1.093647671212e+01,        -2.582092916495e+00
 2.46730000e+00,        +7.071067811865e+00,        +1.093632308220e+01,        -2.582081897232e+00
 2.46732500e+00,        +7.071067811865e+00,        +1.093616949490e+01,        -2.582070880213e+00
 2.46735000e+00,        +7.071067811865e+00,        +1.093601595006e+01,        -2.582059865414e+00
 2.46737500e+00,        +7.071067811865e+00,        +1.093586244756e+01,        -2.582048852810e+00
 2.46740000e+00,        +7.071067811865e+00,        +1.093570898726e+01,        -2.582037842380e+00
 2.46742500e+00,        +7.071067811865e+00,        +1.093555556902e+01,        -2.582026834099e+00
 2.46745000e+00,        +7.071067811865e+00,        +1.093540219271e+01,        -2.582015827944e+00
 2.46747500e+00,        +7.071067811865e+00,        +1.093524885821e+01,        -2.582004823891e+00
 2.46750000e+00,        +7.071067811865e+00,        +1.093509556536e+01,        -2.581993821918e+00
 2.46752500e+00,        +7.071067811865e+00,        +1.093494231405e+01,        -2.581982822002e+00
 2.46755000e+00,        +7.071067811865e+00,        +1.093478910413e+01,        -2.581971824118e+00
 2.46757500e+00,        +7.071067811865e+00,        +1.093463593548e+01,        -2.581960828245e+00
 2.46760000e+00,        +7.071067811865e+00,        +1.093448280796e+01,        -2.581949834360e+00
 2.46762500e+00,        +7.071067811865e+00,        +1.093432972145e+01,        -2.581938842438e+00
 2.46765000e+00,        +7.071067811865e+00,        +1.093417667581e+01,        -2.581927852458e+00
 2.46767500e+00,        +7.071067811865e+00,        +1.093402367091e+01,        -2.581916864398e+00
 2.46770000e+00,        +7.071067811865e+00,        +1.093387070663e+01,        -2.581905878233e+00
 2.46772500e+00,        +7.071067811865e+00,        +1.093371778283e+01,        -2.581894893942e+00
 2.46775000e+00,        +7.071067811865e+00,        +1.093356489938e+01,        -2.581883911502e+00
 2.46777500e+00,        +7.071067811865e+00,        +1.093341205616e+01,        -2.581872930891e+00
 2.46780000e+00,        +7.071067811865e+00,        +1.093325925304e+01,        -2.581861952086e+00
 2.46782500e+00,        +7.071067811865e+00,        +1.093310648989e+01,        -2.581850975066e+00
 2.46785000e+00,        +7.071067811865e+00,        +1.093295376658e+01,        -2.581839999806e+00
 2.46787500e+00,        +7.071067811865e+00,        +1.093280108299e+01,        -2.581829026287e+00
 2.46790000e+00,        +7.071067811865e+00,        +1.093264843898e+01,        -2.581818054485e+00
 2.46792500e+00,        +7.071067811865e+00,        +1.093249583445e+01,        -2.581807084378e+00
 2.46795000e+00,        +7.071067811865e+00,        +1.093234326925e+01,        -2.581796115944e+00
 2.46797500e+00,        +7.071067811865e+00,        +1.093219074326e+01,        -2.581785149162e+00
 2.46800000e+00,        +7.071067811865e+00,        +1.093203825636e+01,        -2.581774184010e+00
 2.46802500e+00,        +7.071067811865e+00,        +1.093188580843e+01,        -2.581763220465e+00
 2.46805000e+00,        +7.071067811865e+00,        +1.093173339934e+01,        -2.581752258506e+00
 2.46807500e+00,        +7.071067811865e+00,        +1.093158102896e+01,        -2.581741298112e+00
 2.46810000e+00,        +7.071067811865e+00,        +1.093142869718e+01,        -2.581730339260e+00
 2.46812500e+00,        +7.071067811865e+00,        +1.093127640387e+01,        -2.581719381930e+00
 2.46815000e+00,        +7.071067811865e+00,        +1.093112414892e+01,        -2.581708426099e+00
 2.46817500e+00,        +7.071067811865e+00,        +1.093097193218e+01,        -2.581697471747e+00
 2.46820000e+00,        +7.071067811865e+00,        +1.093081975356e+01,        -2.581686518852e+00
 2.46822500e+00,        +7.071067811865e+00,        +1.093066761292e+01,        -2.581675567392e+00
 2.46825000e+00,        +7.071067811865e+00,        +1.093051551015e+01,        -2.581664617347e+00
 2.46827500e+00,        +7.071067811865e+00,        +1.093036344512e+01,        -2.581653668695e+00
 2.46830000e+00,        +7.071067811865e+00,        +1.093021141771e+01,        -2.581642721416e+00
 2.46832500e+00,        +7.071067811865e+00,        +1.093005942781e+01,        -2.581631775487e+00
 2.46835000e+00,        +7.071067811865e+00,        +1.092990747530e+01,        -2.581620830889e+00
 2.46837500e+00,        +7.071067811865e+00,        +1.092975556006e+01,        -2.581609887600e+00
 2.46840000e+00,        +7.071067811865e+00,        +1.092960368196e+01,        -2.581598945600e+00
 2.46842500e+00,        +7.071067811865e+00,        +1.092945184090e+01,        -2.581588004867e+00
 2.46845000e+00,        +7.071067811865e+00,        +1.092930003676e+01,        -2.581577065382e+00
 2.46847500e+00,        +7.071067811865e+00,        +1.092914826941e+01,        -2.581566127122e+00
 2.46850000e+00,        +7.071067811865e+00,        +1.092899653874e+01,        -2.581555190068e+00
 2.46852500e+00,        +7.071067811865e+00,        +1.092884484463e+01,        -2.581544254199e+00
 2.46855000e+00,        +7.071067811865e+00,        +1.092869318698e+01,        -2.581533319495e+00
 2.46857500e+00,        +7.071067811865e+00,        +1.092854156565e+01,        -2.581522385935e+00
 2.46860000e+00,        +7.071067811865e+00,        +1.092838998055e+01,        -2.581511453499e+00
 2.46862500e+00,        +7.071067811865e+00,        +1.092823843155e+01,        -2.581500522166e+00
 2.46865000e+00,        +7.071067811865e+00,        +1.092808691854e+01,        -2.581489591917e+00
 2.46867500e+00,        +7.071067811865e+00,        +1.092793544140e+01,        -2.581478662730e+00
 2.46870000e+00,        +7.071067811865e+00,        +1.092778400003e+01,        -2.581467734586e+00
 2.46872500e+00,        +7.071067811865e+00,        +1.092763259430e+01,        -2.581456807466e+00
 2.46875000e+00,        +7.071067811865e+00,        +1.092748122411e+01,        -2.581445881348e+00
 2.46877500e+00,        +7.071067811865e+00,        +1.092732988934e+01,        -2.581434956212e+00
 2.46880000e+00,        +7.071067811865e+00,        +1.092717858988e+01,        -2.581424032040e+00
 2.46882500e+00,        +7.071067811865e+00,        +1.092702732562e+01,        -2.581413108811e+00
 2.46885000e+00,        +7.071067811865e+00,        +1.092687609644e+01,        -2.581402186505e+00
 2.46887500e+00,        +7.071067811865e+00,        +1.092672490225e+01,        -2.581391265102e+00
 2.46890000e+00,        +7.071067811865e+00,        +1.092657374292e+01,        -2.581380344584e+00
 2.46892500e+00,        +7.071067811865e+00,        +1.092642261834e+01,        -2.581369424929e+00
 2.46895000e+00,        +7.071067811865e+00,        +1.092627152841e+01,        -2.581358506119e+00
 2.46897500e+00,        +7.071067811865e+00,        +1.092612047301e+01,        -2.581347588135e+00
 2.46900000e+00,        +7.071067811865e+00,        +1.092596945204e+01,        -2.581336670956e+00
 2.46902500e+00,        +7.071067811865e+00,        +1.092581846539e+01,        -2.581325754563e+00
 2.46905000e+00,        +7.071067811865e+00,        +1.092566751295e+01,        -2.581314838937e+00
 2.46907500e+00,        +7.071067811865e+00,        +1.092551659460e+01,        -2.581303924059e+00
 2.46910000e+00,        +7.071067811865e+00,        +1.092536571025e+01,        -2.581293009909e+00
 2.46912500e+00,        +7.071067811865e+00,        +1.092521485979e+01,        -2.581282096469e+00
 2.46915000e+00,        +7.071067811865e+00,        +1.092506404310e+01,        -2.581271183718e+00
 2.46917500e+00,        +7.071067811865e+00,        +1.092491326008e+01,        -2.581260271638e+00
 2.46920000e+00,        +7.071067811865e+00,        +1.092476251063e+01,        -2.581249360211e+00
 2.46922500e+00,        +7.071067811865e+00,        +1.092461179463e+01,        -2.581238449416e+00
 2.46925000e+00,        +7.071067811865e+00,        +1.092446111199e+01,        -2.581227539235e+00
 2.46927500e+00,        +7.071067811865e+00,        +1.092431046259e+01,        -2.581216629650e+00
 2.46930000e+00,        +7.071067811865e+00,        +1.092415984634e+01,        -2.581205720641e+00
 2.46932500e+00,        +7.071067811865e+00,        +1.092400926312e+01,        -2.581194812190e+00
 2.46935000e+00,        +7.071067811865e+00,        +1.092385871284e+01,        -2.581183904277e+00
 2.46937500e+00,        +7.071067811865e+00,        +1.092370819538e+01,        -2.581172996885e+00
 2.46940000e+00,        +7.071067811865e+00,        +1.092355771065e+01,        -2.581162089995e+00
 2.46942500e+00,        +7.071067811865e+00,        +1.092340725853e+01,        -2.581151183587e+00
 2.46945000e+00,        +7.071067811865e+00,        +1.092325683894e+01,        -2.581140277644e+00
 2.46947500e+00,        +7.071067811865e+00,        +1.092310645176e+01,        -2.581129372148e+00
 2.46950000e+00,        +7.071067811865e+00,        +1.092295609689e+01,        -2.581118467079e+00
 2.46952500e+00,        +7.071067811865e+00,        +1.092280577424e+01,        -2.581107562420e+00
 2.46955000e+00,        +7.071067811865e+00,        +1.092265548369e+01,        -2.581096658151e+00
 2.46957500e+00,        +7.071067811865e+00,        +1.092250522514e+01,        -2.581085754256e+00
 2.46960000e+00,        +7.071067811865e+00,        +1.092235499851e+01,        -2.581074850715e+00
 2.46962500e+00,        +7.071067811865e+00,        +1.092220480367e+01,        -2.581063947511e+00
 2.46965000e+00,        +7.071067811865e+00,        +1.092205464055e+01,        -2.581053044626e+00
 2.46967500e+00,        +7.071067811865e+00,        +1.092190450902e+01,        -2.581042142040e+00
 2.46970000e+00,        +7.071067811865e+00,        +1.092175440900e+01,        -2.581031239738e+00
 2.46972500e+00,        +7.071067811865e+00,        +1.092160434038e+01,        -2.581020337699e+00
 2.46975000e+00,        +7.071067811865e+00,        +1.092145430307e+01,        -2.581009435907e+00
 2.46977500e+00,        +7.071067811865e+00,        +1.092130429696e+01,        -2.580998534344e+00
 2.46980000e+00,        +7.071067811865e+00,        +1.092115432196e+01,        -2.580987632992e+00
 2.46982500e+00,        +7.071067811865e+00,        +1.092100437797e+01,        -2.580976731833e+00
 2.46985000e+00,        +7.071067811865e+00,        +1.092085446488e+01,        -2.580965830850e+00
 2.46987500e+00,        +7.071067811865e+00,        +1.092070458262e+01,        -2.580954930024e+00
 2.46990000e+00,        +7.071067811865e+00,        +1.092055473106e+01,        -2.580944029339e+00
 2.46992500e+00,        +7.071067811865e+00,        +1.092040491012e+01,        -2.580933128776e+00
 2.46995000e+00,        +7.071067811865e+00,        +1.092025511971e+01,        -2.580922228319e+00
 2.46997500e+00,        +7.071067811865e+00,        +1.092010535972e+01,        -2.580911327949e+00
 2.47000000e+00,        +7.071067811865e+00,        +1.091995563005e+01,        -2.580900427649e+00
 2.47002500e+00,        +7.071067811865e+00,        +1.091980593062e+01,        -2.580889527402e+00
 2.47005000e+00,        +7.071067811865e+00,        +1.091965626133e+01,        -2.580878627191e+00
 2.47007500e+00,        +7.071067811865e+00,        +1.091950662208e+01,        -2.580867726999e+00
 2.47010000e+00,        +7.071067811865e+00,        +1.091935701277e+01,        -2.580856826807e+00
 2.47012500e+00,        +7.071067811865e+00,        +1.091920743331e+01,        -2.580845926599e+00
 2.47015000e+00,        +7.071067811865e+00,        +1.091905788361e+01,        -2.580835026358e+00
 2.47017500e+00,        +7.071067811865e+00,        +1.091890836357e+01,        -2.580824126067e+00
 2.47020000e+00,        +7.071067811865e+00,        +1.091875887310e+01,        -2.580813225708e+00
 2.47022500e+00,        +7.071067811865e+00,        +1.091860941211e+01,        -2.580802325265e+00
 2.47025000e+00,        +7.071067811865e+00,        +1.091845998050e+01,        -2.580791424721e+00
 2.47027500e+00,        +7.071067811865e+00,        +1.091831057817e+01,        -2.580780524058e+00
 2.47030000e+00,        +7.071067811865e+00,        +1.091816120505e+01,        -2.580769623261e+00
 2.47032500e+00,        +7.071067811865e+00,        +1.091801186102e+01,        -2.580758722311e+00
 2.47035000e+00,        +7.071067811865e+00,        +1.091786254601e+01,        -2.580747821193e+00
 2.47037500e+00,        +7.071067811865e+00,        +1.091771325991e+01,        -2.580736919889e+00
 2.47040000e+00,        +7.071067811865e+00,        +1.091756400264e+01,        -2.580726018384e+00
 2.47042500e+00,        +7.071067811865e+00,        +1.091741477411e+01,        -2.580715116659e+00
 2.47045000e+00,        +7.071067811865e+00,        +1.091726557422e+01,        -2.580704214700e+00
 2.47047500e+00,        +7.071067811865e+00,        +1.091711640289e+01,        -2.580693312488e+00
 2.47050000e+00,        +7.071067811865e+00,        +1.091696726002e+01,        -2.580682410008e+00
 2.47052500e+00,        +7.071067811865e+00,        +1.091681814552e+01,        -2.580671507243e+00
 2.47055000e+00,        +7.071067811865e+00,        +1.091666905931e+01,        -2.580660604177e+00
 2.47057500e+00,        +7.071067811865e+00,        +1.091652000129e+01,        -2.580649700794e+00
 2.47060000e+00,        +7.071067811865e+00,        +1.091637097138e+01,        -2.580638797076e+00
 2.47062500e+00,        +7.071067811865e+00,        +1.091622196948e+01,        -2.580627893009e+00
 2.47065000e+00,        +7.071067811865e+00,        +1.091607299550e+01,        -2.580616988574e+00
 2.47067500e+00,        +7.071067811865e+00,        +1.091592404937e+01,        -2.580606083757e+00
 2.47070000e+00,        +7.071067811865e+00,        +1.091577513098e+01,        -2.580595178541e+00
 2.47072500e+00,        +7.071067811865e+00,        +1.091562624026e+01,        -2.580584272911e+00
 2.47075000e+00,        +7.071067811865e+00,        +1.091547737710e+01,        -2.580573366849e+00
 2.47077500e+00,        +7.071067811865e+00,        +1.091532854144e+01,        -2.580562460340e+00
 2.47080000e+00,        +7.071067811865e+00,        +1.091517973317e+01,        -2.580551553368e+00
 2.47082500e+00,        +7.071067811865e+00,        +1.091503095221e+01,        -2.580540645917e+00
 2.47085000e+00,        +7.071067811865e+00,        +1.091488219848e+01,        -2.580529737971e+00
 2.47087500e+00,        +7.071067811865e+00,        +1.091473347189e+01,        -2.580518829514e+00
 2.47090000e+00,        +7.071067811865e+00,        +1.091458477235e+01,        -2.580507920530e+00
 2.47092500e+00,        +7.071067811865e+00,        +1.091443609977e+01,        -2.580497011004e+00
 2.47095000e+00,        +7.071067811865e+00,        +1.091428745407e+01,        -2.580486100920e+00
 2.47097500e+00,        +7.071067811865e+00,        +1.091413883517e+01,        -2.580475190262e+00
 2.47100000e+00,        +7.071067811865e+00,        +1.091399024298e+01,        -2.580464279014e+00
 2.47102500e+00,        +7.071067811865e+00,        +1.091384167742e+01,        -2.580453367162e+00
 2.47105000e+00,        +7.071067811865e+00,        +1.091369313839e+01,        -2.580442454688e+00
 2.47107500e+00,        +7.071067811865e+00,        +1.091354462582e+01,        -2.580431541578e+00
 2.47110000e+00,        +7.071067811865e+00,        +1.091339613962e+01,        -2.580420627816e+00
 2.47112500e+00,        +7.071067811865e+00,        +1.091324767971e+01,        -2.580409713387e+00
 2.47115000e+00,        +7.071067811865e+00,        +1.091309924600e+01,        -2.580398798276e+00
 2.47117500e+00,        +7.071067811865e+00,        +1.091295083841e+01,        -2.580387882466e+00
 2.47120000e+00,        +7.071067811865e+00,        +1.091280245686e+01,        -2.580376965943e+00
 2.47122500e+00,        +7.071067811865e+00,        +1.091265410126e+01,        -2.580366048691e+00
 2.47125000e+00,        +7.071067811865e+00,        +1.091250577154e+01,        -2.580355130694e+00
 2.47127500e+00,        +7.071067811865e+00,        +1.091235746760e+01,        -2.580344211939e+00
 2.47130000e+00,        +7.071067811865e+00,        +1.091220918937e+01,        -2.580333292409e+00
 2.47132500e+00,        +7.071067811865e+00,        +1.091206093677e+01,        -2.580322372090e+00
 2.47135000e+00,        +7.071067811865e+00,        +1.091191270970e+01,        -2.580311450966e+00
 2.47137500e+00,        +7.071067811865e+00,        +1.091176450810e+01,        -2.580300529022e+00
 2.47140000e+00,        +7.071067811865e+00,        +1.091161633188e+01,        -2.580289606244e+00
 2.47142500e+00,        +7.071067811865e+00,        +1.091146818096e+01,        -2.580278682615e+00
 2.47145000e+00,        +7.071067811865e+00,        +1.091132005526e+01,        -2.580267758122e+00
 2.47147500e+00,        +7.071067811865e+00,        +1.091117195469e+01,        -2.580256832749e+00
 2.47150000e+00,        +7.071067811865e+00,        +1.091102387919e+01,        -2.580245906481e+00
 2.47152500e+00,        +7.071067811865e+00,        +1.091087582866e+01,        -2.580234979304e+00
 2.47155000e+00,        +7.071067811865e+00,        +1.091072780303e+01,        -2.580224051203e+00
 2.47157500e+00,        +7.071067811865e+00,        +1.091057980221e+01,        -2.580213122163e+00
 2.47160000e+00,        +7.071067811865e+00,        +1.091043182614e+01,        -2.580202192168e+00
 2.47162500e+00,        +7.071067811865e+00,        +1.091028387472e+01,        -2.580191261206e+00
 2.47165000e+00,        +7.071067811865e+00,        +1.091013594789e+01,        -2.580180329260e+00
 2.47167500e+00,        +7.071067811865e+00,        +1.090998804556e+01,        -2.580169396317e+00
 2.47170000e+00,        +7.071067811865e+00,        +1.090984016765e+01,        -2.580158462361e+00
 2.47172500e+00,        +7.071067811865e+00,        +1.090969231409e+01,        -2.580147527378e+00
 2.47175000e+00,        +7.071067811865e+00,        +1.090954448480e+01,        -2.580136591354e+00
 2.47177500e+00,        +7.071067811865e+00,        +1.090939667969e+01,        -2.580125654274e+00
 2.47180000e+00,        +7.071067811865e+00,        +1.090924889870e+01,        -2.580114716123e+00
 2.47182500e+00,        +7.071067811865e+00,        +1.090910114174e+01,        -2.580103776888e+00
 2.47185000e+00,        +7.071067811865e+00,        +1.090895340875e+01,        -2.580092836554e+00
 2.47187500e+00,        +7.071067811865e+00,        +1.090880569963e+01,        -2.580081895106e+00
 2.47190000e+00,        +7.071067811865e+00,        +1.090865801432e+01,        -2.580070952530e+00
 2.47192500e+00,        +7.071067811865e+00,        +1.090851035273e+01,        -2.580060008812e+00
 2.47195000e+00,        +7.071067811865e+00,        +1.090836271480e+01,        -2.580049063938e+00
 2.47197500e+00,        +7.071067811865e+00,        +1.090821510044e+01,        -2.580038117894e+00
 2.47200000e+00,        +7.071067811865e+00,        +1.090806750959e+01,        -2.580027170665e+00
 2.47202500e+00,        +7.071067811865e+00,        +1.090791994216e+01,        -2.580016222237e+00
 2.47205000e+00,        +7.071067811865e+00,        +1.090777239808e+01,        -2.580005272596e+00
 2.47207500e+00,        +7.071067811865e+00,        +1.090762487727e+01,        -2.579994321728e+00
 2.47210000e+00,        +7.071067811865e+00,        +1.090747737966e+01,        -2.579983369619e+00
 2.47212500e+00,        +7.071067811865e+00,        +1.090732990518e+01,        -2.579972416256e+00
 2.47215000e+00,        +7.071067811865e+00,        +1.090718245375e+01,        -2.579961461623e+00
 2.47217500e+00,        +7.071067811865e+00,        +1.090703502529e+01,        -2.579950505708e+00
 2.47220000e+00,        +7.071067811865e+00,        +1.090688761974e+01,        -2.579939548495e+00
 2.47222500e+00,        +7.071067811865e+00,        +1.090674023702e+01,        -2.579928589973e+00
 2.47225000e+00,        +7.071067811865e+00,        +1.090659287705e+01,        -2.579917630125e+00
 2.47227500e+00,        +7.071067811865e+00,        +1.090644553976e+01,        -2.579906668940e+00
 2.47230000e+00,        +7.071067811865e+00,        +1.090629822508e+01,        -2.579895706403e+00
 2.47232500e+00,        +7.071067811865e+00,        +1.090615093294e+01,        -2.579884742499e+00
 2.47235000e+00,        +7.071067811865e+00,        +1.090600366326e+01,        -2.579873777217e+00
 2.47237500e+00,        +7.071067811865e+00,        +1.090585641597e+01,        -2.579862810542e+00
 2.47240000e+00,        +7.071067811865e+00,        +1.090570919099e+01,        -2.579851842459e+00
 2.47242500e+00,        +7.071067811865e+00,        +1.090556198827e+01,        -2.579840872957e+00
 2.47245000e+00,        +7.071067811865e+00,        +1.090541480771e+01,        -2.579829902021e+00
 2.47247500e+00,        +7.071067811865e+00,        +1.090526764926e+01,        -2.579818929638e+00
 2.47250000e+00,        +7.071067811865e+00,        +1.090512051284e+01,        -2.579807955793e+00
 2.47252500e+00,        +7.071067811865e+00,        +1.090497339838e+01,        -2.579796980475e+00
 2.47255000e+00,        +7.071067811865e+00,        +1.090482630581e+01,        -2.579786003668e+00
 2.47257500e+00,        +7.071067811865e+00,        +1.090467923505e+01,        -2.579775025361e+00
 2.47260000e+00,        +7.071067811865e+00,        +1.090453218604e+01,        -2.579764045539e+00
 2.47262500e+00,        +7.071067811865e+00,        +1.090438515871e+01,        -2.579753064190e+00
 2.47265000e+00,        +7.071067811865e+00,        +1.090423815298e+01,        -2.579742081299e+00
 2.47267500e+00,        +7.071067811865e+00,        +1.090409116879e+01,        -2.579731096854e+00
 2.47270000e+00,        +7.071067811865e+00,        +1.090394420606e+01,        -2.579720110841e+00
 2.47272500e+00,        +7.071067811865e+00,        +1.090379726473e+01,        -2.579709123247e+00
 2.47275000e+00,        +7.071067811865e+00,        +1.090365034473e+01,        -2.579698134060e+00
 2.47277500e+00,        +7.071067811865e+00,        +1.090350344599e+01,        -2.579687143265e+00
 2.47280000e+00,        +7.071067811865e+00,        +1.090335656843e+01,        -2.579676150850e+00
 2.47282500e+00,        +7.071067811865e+00,        +1.090320971199e+01,        -2.579665156802e+00
 2.47285000e+00,        +7.071067811865e+00,        +1.090306287660e+01,        -2.579654161107e+00
 2.47287500e+00,        +7.071067811865e+00,        +1.090291606220e+01,        -2.579643163753e+00
 2.47290000e+00,        +7.071067811865e+00,        +1.090276926870e+01,        -2.579632164726e+00
 2.47292500e+00,        +7.071067811865e+00,        +1.090262249606e+01,        -2.579621164014e+00
 2.47295000e+00,        +7.071067811865e+00,        +1.090247574419e+01,        -2.579610161604e+00
 2.47297500e+00,        +7.071067811865e+00,        +1.090232901303e+01,        -2.579599157483e+00
 2.47300000e+00,        +7.071067811865e+00,        +1.090218230251e+01,        -2.579588151637e+00
 2.47302500e+00,        +7.071067811865e+00,        +1.090203561257e+01,        -2.579577144055e+00
 2.47305000e+00,        +7.071067811865e+00,        +1.090188894313e+01,        -2.579566134723e+00
 2.47307500e+00,        +7.071067811865e+00,        +1.090174229414e+01,        -2.579555123628e+00
 2.47310000e+00,        +7.071067811865e+00,        +1.090159566552e+01,        -2.579544110758e+00
 2.47312500e+00,        +7.071067811865e+00,        +1.090144905720e+01,        -2.579533096100e+00
 2.47315000e+00,        +7.071067811865e+00,        +1.090130246913e+01,        -2.579522079642e+00
 2.47317500e+00,        +7.071067811865e+00,        +1.090115590123e+01,        -2.579511061370e+00
 2.47320000e+00,        +7.071067811865e+00,        +1.090100935344e+01,        -2.579500041272e+00
 2.47322500e+00,        +7.071067811865e+00,        +1.090086282569e+01,        -2.579489019336e+00
 2.47325000e+00,        +7.071067811865e+00,        +1.090071631791e+01,        -2.579477995548e+00
 2.47327500e+00,        +7.071067811865e+00,        +1.090056983005e+01,        -2.579466969897e+00
 2.47330000e+00,        +7.071067811865e+00,        +1.090042336204e+01,        -2.579455942369e+00
 2.47332500e+00,        +7.071067811865e+00,        +1.090027691380e+01,        -2.579444912953e+00
 2.47335000e+00,        +7.071067811865e+00,        +1.090013048528e+01,        -2.579433881636e+00
 2.47337500e+00,        +7.071067811865e+00,        +1.089998407641e+01,        -2.579422848405e+00
 2.47340000e+00,        +7.071067811865e+00,        +1.089983768713e+01,        -2.579411813248e+00
 2.47342500e+00,        +7.071067811865e+00,        +1.089969131736e+01,        -2.579400776153e+00
 2.47345000e+00,        +7.071067811865e+00,        +1.089954496706e+01,        -2.579389737107e+00
 2.47347500e+00,        +7.071067811865e+00,        +1.089939863614e+01,        -2.579378696098e+00
 2.47350000e+00,        +7.071067811865e+00,        +1.089925232456e+01,        -2.579367653113e+00
 2.47352500e+00,        +7.071067811865e+00,        +1.089910603224e+01,        -2.579356608141e+00
 2.47355000e+00,        +7.071067811865e+00,        +1.089895975912e+01,        -2.579345561170e+00
 2.47357500e+00,        +7.071067811865e+00,        +1.089881350515e+01,        -2.579334512186e+00
 2.47360000e+00,        +7.071067811865e+00,        +1.089866727024e+01,        -2.579323461178e+00
 2.47362500e+00,        +7.071067811865e+00,        +1.089852105435e+01,        -2.579312408133e+00
 2.47365000e+00,        +7.071067811865e+00,        +1.089837485741e+01,        -2.579301353041e+00
 2.47367500e+00,        +7.071067811865e+00,        +1.089822867935e+01,        -2.579290295887e+00
 2.47370000e+00,        +7.071067811865e+00,        +1.089808252012e+01,        -2.579279236661e+00
 2.47372500e+00,        +7.071067811865e+00,        +1.089793637965e+01,        -2.579268175350e+00
 2.47375000e+00,        +7.071067811865e+00,        +1.089779025787e+01,        -2.579257111943e+00
 2.47377500e+00,        +7.071067811865e+00,        +1.089764415474e+01,        -2.579246046426e+00
 2.47380000e+00,        +7.071067811865e+00,        +1.089749807018e+01,        -2.579234978789e+00
 2.47382500e+00,        +7.071067811865e+00,        +1.089735200413e+01,        -2.579223909020e+00
 2.47385000e+00,        +7.071067811865e+00,        +1.089720595653e+01,        -2.579212837106e+00
 2.47387500e+00,        +7.071067811865e+00,        +1.089705992733e+01,        -2.579201763035e+00
 2.47390000e+00,        +7.071067811865e+00,        +1.089691391645e+01,        -2.579190686796e+00
 2.47392500e+00,        +7.071067811865e+00,        +1.089676792385e+01,        -2.579179608378e+00
 2.47395000e+00,        +7.071067811865e+00,        +1.089662194945e+01,        -2.579168527767e+00
 2.47397500e+00,        +7.071067811865e+00,        +1.089647599319e+01,        -2.579157444952e+00
 2.47400000e+00,        +7.071067811865e+00,        +1.089633005503e+01,        -2.579146359922e+00
 2.47402500e+00,        +7.071067811865e+00,        +1.089618413488e+01,        -2.579135272665e+00
 2.47405000e+00,        +7.071067811865e+00,        +1.089603823271e+01,        -2.579124183170e+00
 2.47407500e+00,        +7.071067811865e+00,        +1.089589234844e+01,        -2.579113091423e+00
 2.47410000e+00,        +7.071067811865e+00,        +1.089574648201e+01,        -2.579101997415e+00
 2.47412500e+00,        +7.071067811865e+00,        +1.089560063337e+01,        -2.579090901132e+00
 2.47415000e+00,        +7.071067811865e+00,        +1.089545480246e+01,        -2.579079802564e+00
 2.47417500e+00,        +7.071067811865e+00,        +1.089530898921e+01,        -2.579068701700e+00
 2.47420000e+00,        +7.071067811865e+00,        +1.089516319357e+01,        -2.579057598526e+00
 2.47422500e+00,        +7.071067811865e+00,        +1.089501741548e+01,        -2.579046493033e+00
 2.47425000e+00,        +7.071067811865e+00,        +1.089487165487e+01,        -2.579035385208e+00
 2.47427500e+00,        +7.071067811865e+00,        +1.089472591170e+01,        -2.579024275040e+00
 2.47430000e+00,        +7.071067811865e+00,        +1.089458018590e+01,        -2.579013162518e+00
 2.47432500e+00,        +7.071067811865e+00,        +1.089443447741e+01,        -2.579002047630e+00
 2.47435000e+00,        +7.071067811865e+00,        +1.089428878618e+01,        -2.578990930364e+00
 2.47437500e+00,        +7.071067811865e+00,        +1.089414311215e+01,        -2.578979810710e+00
 2.47440000e+00,        +7.071067811865e+00,        +1.089399745525e+01,        -2.578968688656e+00
 2.47442500e+00,        +7.071067811865e+00,        +1.089385181543e+01,        -2.578957564191e+00
 2.47445000e+00,        +7.071067811865e+00,        +1.089370619264e+01,        -2.578946437303e+00
 2.47447500e+00,        +7.071067811865e+00,        +1.089356058682e+01,        -2.578935307981e+00
 2.47450000e+00,        +7.071067811865e+00,        +1.089341499790e+01,        -2.578924176214e+00
 2.47452500e+00,        +7.071067811865e+00,        +1.089326942583e+01,        -2.578913041990e+00
 2.47455000e+00,        +7.071067811865e+00,        +1.089312387056e+01,        -2.578901905299e+00
 2.47457500e+00,        +7.071067811865e+00,        +1.089297833202e+01,        -2.578890766129e+00
 2.47460000e+00,        +7.071067811865e+00,        +1.089283281016e+01,        -2.578879624470e+00
 2.47462500e+00,        +7.071067811865e+00,        +1.089268730493e+01,        -2.578868480309e+00
 2.47465000e+00,        +7.071067811865e+00,        +1.089254181626e+01,        -2.578857333636e+00
 2.47467500e+00,        +7.071067811865e+00,        +1.089239634411e+01,        -2.578846184440e+00
 2.47470000e+00,        +7.071067811865e+00,        +1.089225088841e+01,        -2.578835032709e+00
 2.47472500e+00,        +7.071067811865e+00,        +1.089210544911e+01,        -2.578823878434e+00
 2.47475000e+00,        +7.071067811865e+00,        +1.089196002614e+01,        -2.578812721602e+00
 2.47477500e+00,        +7.071067811865e+00,        +1.089181461947e+01,        -2.578801562202e+00
 2.47480000e+00,        +7.071067811865e+00,        +1.089166922903e+01,        -2.578790400225e+00
 2.47482500e+00,        +7.071067811865e+00,        +1.089152385476e+01,        -2.578779235658e+00
 2.47485000e+00,        +7.071067811865e+00,        +1.089137849661e+01,        -2.578768068491e+00
 2.47487500e+00,        +7.071067811865e+00,        +1.089123315453e+01,        -2.578756898713e+00
 2.47490000e+00,        +7.071067811865e+00,        +1.089108782846e+01,        -2.578745726313e+00
 2.47492500e+00,        +7.071067811865e+00,        +1.089094251834e+01,        -2.578734551280e+00
 2.47495000e+00,        +7.071067811865e+00,        +1.089079722413e+01,        -2.578723373603e+00
 2.47497500e+00,        +7.071067811865e+00,        +1.089065194576e+01,        -2.578712193273e+00
 2.47500000e+00,        +7.071067811865e+00,        +1.089050668318e+01,        -2.578701010277e+00
 2.47502500e+00,        +7.071067811865e+00,        +1.089036143633e+01,        -2.578689824605e+00
 2.47505000e+00,        +7.071067811865e+00,        +1.089021620517e+01,        -2.578678636246e+00
 2.47507500e+00,        +7.071067811865e+00,        +1.089007098964e+01,        -2.578667445190e+00
 2.47510000e+00,        +7.071067811865e+00,        +1.088992578968e+01,        -2.578656251426e+00
 2.47512500e+00,        +7.071067811865e+00,        +1.088978060525e+01,        -2.578645054943e+00
 2.47515000e+00,        +7.071067811865e+00,        +1.088963543628e+01,        -2.578633855731e+00
 2.47517500e+00,        +7.071067811865e+00,        +1.088949028272e+01,        -2.578622653778e+00
 2.47520000e+00,        +7.071067811865e+00,        +1.088934514453e+01,        -2.578611449075e+00
 2.47522500e+00,        +7.071067811865e+00,        +1.088920002164e+01,        -2.578600241611e+00
 2.47525000e+00,        +7.071067811865e+00,        +1.088905491401e+01,        -2.578589031375e+00
 2.47527500e+00,        +7.071067811865e+00,        +1.088890982158e+01,        -2.578577818357e+00
 2.47530000e+00,        +7.071067811865e+00,        +1.088876474429e+01,        -2.578566602546e+00
 2.47532500e+00,        +7.071067811865e+00,        +1.088861968211e+01,        -2.578555383931e+00
 2.47535000e+00,        +7.071067811865e+00,        +1.088847463496e+01,        -2.578544162503e+00
 2.47537500e+00,        +7.071067811865e+00,        +1.088832960281e+01,        -2.578532938250e+00
 2.47540000e+00,        +7.071067811865e+00,        +1.088818458559e+01,        -2.578521711163e+00
 2.47542500e+00,        +7.071067811865e+00,        +1.088803958326e+01,        -2.578510481230e+00
 2.47545000e+00,        +7.071067811865e+00,        +1.088789459577e+01,        -2.578499248442e+00
 2.47547500e+00,        +7.071067811865e+00,        +1.088774962306e+01,        -2.578488012788e+00
 2.47550000e+00,        +7.071067811865e+00,        +1.088760466507e+01,        -2.578476774258e+00
 2.47552500e+00,        +7.071067811865e+00,        +1.088745972177e+01,        -2.578465532842e+00
 2.47555000e+00,        +7.071067811865e+00,        +1.088731479310e+01,        -2.578454288528e+00
 2.47557500e+00,        +7.071067811865e+00,        +1.088716987900e+01,        -2.578443041308e+00
 2.47560000e+00,        +7.071067811865e+00,        +1.088702497943e+01,        -2.578431791170e+00
 2.47562500e+00,        +7.071067811865e+00,        +1.088688009433e+01,        -2.578420538104e+00
 2.47565000e+00,        +7.071067811865e+00,        +1.088673522365e+01,        -2.578409282100e+00
 2.47567500e+00,        +7.071067811865e+00,        +1.088659036735e+01,        -2.578398023149e+00
 2.47570000e+00,        +7.071067811865e+00,        +1.088644552537e+01,        -2.578386761239e+00
 2.47572500e+00,        +7.071067811865e+00,        +1.088630069765e+01,        -2.578375496361e+00
 2.47575000e+00,        +7.071067811865e+00,        +1.088615588416e+01,        -2.578364228504e+00
 2.47577500e+00,        +7.071067811865e+00,        +1.088601108484e+01,        -2.578352957658e+00
 2.47580000e+00,        +7.071067811865e+00,        +1.088586629964e+01,        -2.578341683814e+00
 2.47582500e+00,        +7.071067811865e+00,        +1.088572152851e+01,        -2.578330406961e+00
 2.47585000e+00,        +7.071067811865e+00,        +1.088557677140e+01,        -2.578319127089e+00
 2.47587500e+00,        +7.071067811865e+00,        +1.088543202826e+01,        -2.578307844188e+00
 2.47590000e+00,        +7.071067811865e+00,        +1.088528729904e+01,        -2.578296558248e+00
 2.47592500e+00,        +7.071067811865e+00,        +1.088514258370e+01,        -2.578285269259e+00
 2.47595000e+00,        +7.071067811865e+00,        +1.088499788217e+01,        -2.578273977211e+00
 2.47597500e+00,        +7.071067811865e+00,        +1.088485319442e+01,        -2.578262682095e+00
 2.47600000e+00,        +7.071067811865e+00,        +1.088470852038e+01,        -2.578251383899e+00
 2.47602500e+00,        +7.071067811865e+00,        +1.088456386003e+01,        -2.578240082615e+00
 2.47605000e+00,        +7.071067811865e+00,        +1.088441921329e+01,        -2.578228778231e+00
 2.47607500e+00,        +7.071067811865e+00,        +1.088427458014e+01,        -2.578217470740e+00
 2.47610000e+00,        +7.071067811865e+00,        +1.088412996051e+01,        -2.578206160130e+00
 2.47612500e+00,        +7.071067811865e+00,        +1.088398535436e+01,        -2.578194846391e+00
 2.47615000e+00,        +7.071067811865e+00,        +1.088384076164e+01,        -2.578183529515e+00
 2.47617500e+00,        +7.071067811865e+00,        +1.088369618231e+01,        -2.578172209491e+00
 2.47620000e+00,        +7.071067811865e+00,        +1.088355161631e+01,        -2.578160886309e+00
 2.47622500e+00,        +7.071067811865e+00,        +1.088340706359e+01,        -2.578149559959e+00
 2.47625000e+00,        +7.071067811865e+00,        +1.088326252411e+01,        -2.578138230433e+00
 2.47627500e+00,        +7.071067811865e+00,        +1.088311799782e+01,        -2.578126897719e+00
 2.47630000e+00,        +7.071067811865e+00,        +1.088297348468e+01,        -2.578115561809e+00
 2.47632500e+00,        +7.071067811865e+00,        +1.088282898463e+01,        -2.578104222693e+00
 2.47635000e+00,        +7.071067811865e+00,        +1.088268449762e+01,        -2.578092880360e+00
 2.47637500e+00,        +7.071067811865e+00,        +1.088254002362e+01,        -2.578081534802e+00
 2.47640000e+00,        +7.071067811865e+00,        +1.088239556257e+01,        -2.578070186008e+00
 2.47642500e+00,        +7.071067811865e+00,        +1.088225111442e+01,        -2.578058833970e+00
 2.47645000e+00,        +7.071067811865e+00,        +1.088210667914e+01,        -2.578047478677e+00
 2.47647500e+00,        +7.071067811865e+00,        +1.088196225666e+01,        -2.578036120120e+00
 2.47650000e+00,        +7.071067811865e+00,        +1.088181784695e+01,        -2.578024758290e+00
 2.47652500e+00,        +7.071067811865e+00,        +1.088167344996e+01,        -2.578013393176e+00
 2.47655000e+00,        +7.071067811865e+00,        +1.088152906564e+01,        -2.578002024770e+00
 2.47657500e+00,        +7.071067811865e+00,        +1.088138469394e+01,        -2.577990653061e+00
 2.47660000e+00,        +7.071067811865e+00,        +1.088124033482e+01,        -2.577979278041e+00
 2.47662500e+00,        +7.071067811865e+00,        +1.088109598824e+01,        -2.577967899699e+00
 2.47665000e+00,        +7.071067811865e+00,        +1.088095165414e+01,        -2.577956518027e+00
 2.47667500e+00,        +7.071067811865e+00,        +1.088080733248e+01,        -2.577945133015e+00
 2.47670000e+00,        +7.071067811865e+00,        +1.088066302322e+01,        -2.577933744653e+00
 2.47672500e+00,        +7.071067811865e+00,        +1.088051872630e+01,        -2.577922352932e+00
 2.47675000e+00,        +7.071067811865e+00,        +1.088037444169e+01,        -2.577910957843e+00
 2.47677500e+00,        +7.071067811865e+00,        +1.088023016934e+01,        -2.577899559377e+00
 2.47680000e+00,        +7.071067811865e+00,        +1.088008590920e+01,        -2.577888157523e+00
 2.47682500e+00,        +7.071067811865e+00,        +1.087994166122e+01,        -2.577876752274e+00
 2.47685000e+00,        +7.071067811865e+00,        +1.087979742537e+01,        -2.577865343618e+00
 2.47687500e+00,        +7.071067811865e+00,        +1.087965320159e+01,        -2.577853931548e+00
 2.47690000e+00,        +7.071067811865e+00,        +1.087950898984e+01,        -2.577842516053e+00
 2.47692500e+00,        +7.071067811865e+00,        +1.087936479008e+01,        -2.577831097126e+00
 2.47695000e+00,        +7.071067811865e+00,        +1.087922060227e+01,        -2.577819674755e+00
 2.47697500e+00,        +7.071067811865e+00,        +1.087907642635e+01,        -2.577808248932e+00
 2.47700000e+00,        +7.071067811865e+00,        +1.087893226228e+01,        -2.577796819649e+00
 2.47702500e+00,        +7.071067811865e+00,        +1.087878811002e+01,        -2.577785386895e+00
 2.47705000e+00,        +7.071067811865e+00,        +1.087864396952e+01,        -2.577773950661e+00
 2.47707500e+00,        +7.071067811865e+00,        +1.087849984074e+01,        -2.577762510939e+00
 2.47710000e+00,        +7.071067811865e+00,        +1.087835572364e+01,        -2.577751067720e+00
 2.47712500e+00,        +7.071067811865e+00,        +1.087821161817e+01,        -2.577739620993e+00
 2.47715000e+00,        +7.071067811865e+00,        +1.087806752429e+01,        -2.577728170750e+00
 2.47717500e+00,        +7.071067811865e+00,        +1.087792344195e+01,        -2.577716716982e+00
 2.47720000e+00,        +7.071067811865e+00,        +1.087777937111e+01,        -2.577705259680e+00
 2.47722500e+00,        +7.071067811865e+00,        +1.087763531172e+01,        -2.577693798835e+00
 2.47725000e+00,        +7.071067811865e+00,        +1.087749126375e+01,        -2.577682334438e+00
 2.47727500e+00,        +7.071067811865e+00,        +1.087734722715e+01,        -2.577670866479e+00
 2.47730000e+00,        +7.071067811865e+00,        +1.087720320187e+01,        -2.577659394950e+00
 2.47732500e+00,        +7.071067811865e+00,        +1.087705918788e+01,        -2.577647919841e+00
 2.47735000e+00,        +7.071067811865e+00,        +1.087691518513e+01,        -2.577636441145e+00
 2.47737500e+00,        +7.071067811865e+00,        +1.087677119357e+01,        -2.577624958851e+00
 2.47740000e+00,        +7.071067811865e+00,        +1.087662721317e+01,        -2.577613472951e+00
 2.47742500e+00,        +7.071067811865e+00,        +1.087648324388e+01,        -2.577601983436e+00
 2.47745000e+00,        +7.071067811865e+00,        +1.087633928565e+01,        -2.577590490297e+00
 2.47747500e+00,        +7.071067811865e+00,        +1.087619533845e+01,        -2.577578993525e+00
 2.47750000e+00,        +7.071067811865e+00,        +1.087605140224e+01,        -2.577567493111e+00
 2.47752500e+00,        +7.071067811865e+00,        +1.087590747697e+01,        -2.577555989047e+00
 2.47755000e+00,        +7.071067811865e+00,        +1.087576356259e+01,        -2.577544481323e+00
 2.47757500e+00,        +7.071067811865e+00,        +1.087561965907e+01,        -2.577532969931e+00
 2.47760000e+00,        +7.071067811865e+00,        +1.087547576637e+01,        -2.577521454862e+00
 2.47762500e+00,        +7.071067811865e+00,        +1.087533188444e+01,        -2.577509936107e+00
 2.47765000e+00,        +7.071067811865e+00,        +1.087518801323e+01,        -2.577498413657e+00
 2.47767500e+00,        +7.071067811865e+00,        +1.087504415272e+01,        -2.577486887504e+00
 2.47770000e+00,        +7.071067811865e+00,        +1.087490030285e+01,        -2.577475357639e+00
 2.47772500e+00,        +7.071067811865e+00,        +1.087475646359e+01,        -2.577463824052e+00
 2.47775000e+00,        +7.071067811865e+00,        +1.087461263490e+01,        -2.577452286736e+00
 2.47777500e+00,        +7.071067811865e+00,        +1.087446881672e+01,        -2.577440745682e+00
 2.47780000e+00,        +7.071067811865e+00,        +1.087432500903e+01,        -2.577429200880e+00
 2.47782500e+00,        +7.071067811865e+00,        +1.087418121178e+01,        -2.577417652323e+00
 2.47785000e+00,        +7.071067811865e+00,        +1.087403742492e+01,        -2.577406100002e+00
 2.47787500e+00,        +7.071067811865e+00,        +1.087389364843e+01,        -2.577394543907e+00
 2.47790000e+00,        +7.071067811865e+00,        +1.087374988225e+01,        -2.577382984031e+00
 2.47792500e+00,        +7.071067811865e+00,        +1.087360612635e+01,        -2.577371420364e+00
 2.47795000e+00,        +7.071067811865e+00,        +1.087346238068e+01,        -2.577359852899e+00
 2.47797500e+00,        +7.071067811865e+00,        +1.087331864521e+01,        -2.577348281626e+00
 2.47800000e+00,        +7.071067811865e+00,        +1.087317491989e+01,        -2.577336706537e+00
 2.47802500e+00,        +7.071067811865e+00,        +1.087303120468e+01,        -2.577325127624e+00
 2.47805000e+00,        +7.071067811865e+00,        +1.087288749955e+01,        -2.577313544878e+00
 2.47807500e+00,        +7.071067811865e+00,        +1.087274380446e+01,        -2.577301958289e+00
 2.47810000e+00,        +7.071067811865e+00,        +1.087260011935e+01,        -2.577290367851e+00
 2.47812500e+00,        +7.071067811865e+00,        +1.087245644420e+01,        -2.577278773554e+00
 2.47815000e+00,        +7.071067811865e+00,        +1.087231277896e+01,        -2.577267175390e+00
 2.47817500e+00,        +7.071067811865e+00,        +1.087216912360e+01,        -2.577255573350e+00
 2.47820000e+00,        +7.071067811865e+00,        +1.087202547807e+01,        -2.577243967427e+00
 2.47822500e+00,        +7.071067811865e+00,        +1.087188184233e+01,        -2.577232357611e+00
 2.47825000e+00,        +7.071067811865e+00,        +1.087173821635e+01,        -2.577220743894e+00
 2.47827500e+00,        +7.071067811865e+00,        +1.087159460008e+01,        -2.577209126267e+00
 2.47830000e+00,        +7.071067811865e+00,        +1.087145099349e+01,        -2.577197504723e+00
 2.47832500e+00,        +7.071067811865e+00,        +1.087130739653e+01,        -2.577185879253e+00
 2.47835000e+00,        +7.071067811865e+00,        +1.087116380917e+01,        -2.577174249849e+00
 2.47837500e+00,        +7.071067811865e+00,        +1.087102023137e+01,        -2.577162616502e+00
 2.47840000e+00,        +7.071067811865e+00,        +1.087087666308e+01,        -2.577150979203e+00
 2.47842500e+00,        +7.071067811865e+00,        +1.087073310428e+01,        -2.577139337945e+00
 2.47845000e+00,        +7.071067811865e+00,        +1.087058955491e+01,        -2.577127692720e+00
 2.47847500e+00,        +7.071067811865e+00,        +1.087044601495e+01,        -2.577116043518e+00
 2.47850000e+00,        +7.071067811865e+00,        +1.087030248435e+01,        -2.577104390332e+00
 2.47852500e+00,        +7.071067811865e+00,        +1.087015896308e+01,        -2.577092733154e+00
 2.47855000e+00,        +7.071067811865e+00,        +1.087001545109e+01,        -2.577081071974e+00
 2.47857500e+00,        +7.071067811865e+00,        +1.086987194835e+01,        -2.577069406786e+00
 2.47860000e+00,        +7.071067811865e+00,        +1.086972845481e+01,        -2.577057737580e+00
 2.47862500e+00,        +7.071067811865e+00,        +1.086958497045e+01,        -2.577046064349e+00
 2.47865000e+00,        +7.071067811865e+00,        +1.086944149522e+01,        -2.577034387084e+00
 2.47867500e+00,        +7.071067811865e+00,        +1.086929802909e+01,        -2.577022705777e+00
 2.47870000e+00,        +7.071067811865e+00,        +1.086915457201e+01,        -2.577011020421e+00
 2.47872500e+00,        +7.071067811865e+00,        +1.086901112396e+01,        -2.576999331006e+00
 2.47875000e+00,        +7.071067811865e+00,        +1.086886768488e+01,        -2.576987637524e+00
 2.47877500e+00,        +7.071067811865e+00,        +1.086872425475e+01,        -2.576975939968e+00
 2.47880000e+00,        +7.071067811865e+00,        +1.086858083352e+01,        -2.576964238330e+00
 2.47882500e+00,        +7.071067811865e+00,        +1.086843742116e+01,        -2.576952532601e+00
 2.47885000e+00,        +7.071067811865e+00,        +1.086829401763e+01,        -2.576940822773e+00
 2.47887500e+00,        +7.071067811865e+00,        +1.086815062289e+01,        -2.576929108838e+00
 2.47890000e+00,        +7.071067811865e+00,        +1.086800723691e+01,        -2.576917390788e+00
 2.47892500e+00,        +7.071067811865e+00,        +1.086786385965e+01,        -2.576905668615e+00
 2.47895000e+00,        +7.071067811865e+00,        +1.086772049107e+01,        -2.576893942311e+00
 2.47897500e+00,        +7.071067811865e+00,        +1.086757713113e+01,        -2.576882211869e+00
 2.47900000e+00,        +7.071067811865e+00,        +1.086743377980e+01,        -2.576870477279e+00
 2.47902500e+00,        +7.071067811865e+00,        +1.086729043704e+01,        -2.576858738534e+00
 2.47905000e+00,        +7.071067811865e+00,        +1.086714710282e+01,        -2.576846995626e+00
 2.47907500e+00,        +7.071067811865e+00,        +1.086700377709e+01,        -2.576835248547e+00
 2.47910000e+00,        +7.071067811865e+00,        +1.086686045982e+01,        -2.576823497289e+00
 2.47912500e+00,        +7.071067811865e+00,        +1.086671715098e+01,        -2.576811741845e+00
 2.47915000e+00,        +7.071067811865e+00,        +1.086657385052e+01,        -2.576799982205e+00
 2.47917500e+00,        +7.071067811865e+00,        +1.086643055841e+01,        -2.576788218363e+00
 2.47920000e+00,        +7.071067811865e+00,        +1.086628727462e+01,        -2.576776450310e+00
 2.47922500e+00,        +7.071067811865e+00,        +1.086614399911e+01,        -2.576764678038e+00
 2.47925000e+00,        +7.071067811865e+00,        +1.086600073184e+01,        -2.576752901540e+00
 2.47927500e+00,        +7.071067811865e+00,        +1.086585747277e+01,        -2.576741120808e+00
 2.47930000e+00,        +7.071067811865e+00,        +1.086571422187e+01,        -2.576729335834e+00
 2.47932500e+00,        +7.071067811865e+00,        +1.086557097911e+01,        -2.576717546609e+00
 2.47935000e+00,        +7.071067811865e+00,        +1.086542774445e+01,        -2.576705753127e+00
 2.47937500e+00,        +7.071067811865e+00,        +1.086528451785e+01,        -2.576693955379e+00
 2.47940000e+00,        +7.071067811865e+00,        +1.086514129927e+01,        -2.576682153358e+00
 2.47942500e+00,        +7.071067811865e+00,        +1.086499808869e+01,        -2.576670347055e+00
 2.47945000e+00,        +7.071067811865e+00,        +1.086485488606e+01,        -2.576658536464e+00
 2.47947500e+00,        +7.071067811865e+00,        +1.086471169135e+01,        -2.576646721575e+00
 2.47950000e+00,        +7.071067811865e+00,        +1.086456850453e+01,        -2.576634902382e+00
 2.47952500e+00,        +7.071067811865e+00,        +1.086442532555e+01,        -2.576623078877e+00
 2.47955000e+00,        +7.071067811865e+00,        +1.086428215439e+01,        -2.576611251052e+00
 2.47957500e+00,        +7.071067811865e+00,        +1.086413899101e+01,        -2.576599418899e+00
 2.47960000e+00,        +7.071067811865e+00,        +1.086399583537e+01,        -2.576587582410e+00
 2.47962500e+00,        +7.071067811865e+00,        +1.086385268744e+01,        -2.576575741578e+00
 2.47965000e+00,        +7.071067811865e+00,        +1.086370954719e+01,        -2.576563896396e+00
 2.47967500e+00,        +7.071067811865e+00,        +1.086356641458e+01,        -2.576552046855e+00
 2.47970000e+00,        +7.071067811865e+00,        +1.086342328956e+01,        -2.576540192948e+00
 2.47972500e+00,        +7.071067811865e+00,        +1.086328017212e+01,        -2.576528334667e+00
 2.47975000e+00,        +7.071067811865e+00,        +1.086313706222e+01,        -2.576516472004e+00
 2.47977500e+00,        +7.071067811865e+00,        +1.086299395981e+01,        -2.576504604952e+00
 2.47980000e+00,        +7.071067811865e+00,        +1.086285086487e+01,        -2.576492733504e+00
 2.47982500e+00,        +7.071067811865e+00,        +1.086270777737e+01,        -2.576480857651e+00
 2.47985000e+00,        +7.071067811865e+00,        +1.086256469726e+01,        -2.576468977387e+00
 2.47987500e+00,        +7.071067811865e+00,        +1.086242162451e+01,        -2.576457092703e+00
 2.47990000e+00,        +7.071067811865e+00,        +1.086227855909e+01,        -2.576445203592e+00
 2.47992500e+00,        +7.071067811865e+00,        +1.086213550097e+01,        -2.576433310046e+00
 2.47995000e+00,        +7.071067811865e+00,        +1.086199245011e+01,        -2.576421412058e+00
 2.47997500e+00,        +7.071067811865e+00,        +1.086184940647e+01,        -2.576409509620e+00
 2.48000000e+00,        +7.071067811865e+00,        +1.086170637003e+01,        -2.576397602726e+00
 2.48002500e+00,        +7.071067811865e+00,        +1.086156334075e+01,        -2.576385691366e+00
 2.48005000e+00,        +7.071067811865e+00,        +1.086142031859e+01,        -2.576373775535e+00
 2.48007500e+00,        +7.071067811865e+00,        +1.086127730353e+01,        -2.576361855223e+00
 2.48010000e+00,        +7.071067811865e+00,        +1.086113429552e+01,        -2.576349930425e+00
 2.48012500e+00,        +7.071067811865e+00,        +1.086099129454e+01,        -2.576338001132e+00
 2.48015000e+00,        +7.071067811865e+00,        +1.086084830055e+01,        -2.576326067336e+00
 2.48017500e+00,        +7.071067811865e+00,        +1.086070531352e+01,        -2.576314129031e+00
 2.48020000e+00,        +7.071067811865e+00,        +1.086056233341e+01,        -2.576302186210e+00
 2.48022500e+00,        +7.071067811865e+00,        +1.086041936020e+01,        -2.576290238863e+00
 2.48025000e+00,        +7.071067811865e+00,        +1.086027639384e+01,        -2.576278286985e+00
 2.48027500e+00,        +7.071067811865e+00,        +1.086013343431e+01,        -2.576266330568e+00
 2.48030000e+00,        +7.071067811865e+00,        +1.085999048157e+01,        -2.576254369605e+00
 2.48032500e+00,        +7.071067811865e+00,        +1.085984753559e+01,        -2.576242404087e+00
 2.48035000e+00,        +7.071067811865e+00,        +1.085970459634e+01,        -2.576230434008e+00
 2.48037500e+00,        +7.071067811865e+00,        +1.085956166378e+01,        -2.576218459360e+00
 2.48040000e+00,        +7.071067811865e+00,        +1.085941873788e+01,        -2.576206480136e+00
 2.48042500e+00,        +7.071067811865e+00,        +1.085927581861e+01,        -2.576194496329e+00
 2.48045000e+00,        +7.071067811865e+00,        +1.085913290593e+01,        -2.576182507931e+00
 2.48047500e+00,        +7.071067811865e+00,        +1.085898999982e+01,        -2.576170514935e+00
 2.48050000e+00,        +7.071067811865e+00,        +1.085884710024e+01,        -2.576158517334e+00
 2.48052500e+00,        +7.071067811865e+00,        +1.085870420716e+01,        -2.576146515121e+00
 2.48055000e+00,        +7.071067811865e+00,        +1.085856132054e+01,        -2.576134508287e+00
 2.48057500e+00,        +7.071067811865e+00,        +1.085841844036e+01,        -2.576122496826e+00
 2.48060000e+00,        +7.071067811865e+00,        +1.085827556658e+01,        -2.576110480731e+00
 2.48062500e+00,        +7.071067811865e+00,        +1.085813269917e+01,        -2.576098459995e+00
 2.48065000e+00,        +7.071067811865e+00,        +1.085798983810e+01,        -2.576086434609e+00
 2.48067500e+00,        +7.071067811865e+00,        +1.085784698333e+01,        -2.576074404567e+00
 2.48070000e+00,        +7.071067811865e+00,        +1.085770413483e+01,        -2.576062369862e+00
 2.48072500e+00,        +7.071067811865e+00,        +1.085756129258e+01,        -2.576050330487e+00
 2.48075000e+00,        +7.071067811865e+00,        +1.085741845654e+01,        -2.576038286433e+00
 2.48077500e+00,        +7.071067811865e+00,        +1.085727562668e+01,        -2.576026237695e+00
 2.48080000e+00,        +7.071067811865e+00,        +1.085713280296e+01,        -2.576014184265e+00
 2.48082500e+00,        +7.071067811865e+00,        +1.085698998536e+01,        -2.576002126135e+00
 2.48085000e+00,        +7.071067811865e+00,        +1.085684717384e+01,        -2.575990063299e+00
 2.48087500e+00,        +7.071067811865e+00,        +1.085670436837e+01,        -2.575977995750e+00
 2.48090000e+00,        +7.071067811865e+00,        +1.085656156893e+01,        -2.575965923480e+00
 2.48092500e+00,        +7.071067811865e+00,        +1.085641877547e+01,        -2.575953846482e+00
 2.48095000e+00,        +7.071067811865e+00,        +1.085627598797e+01,        -2.575941764749e+00
 2.48097500e+00,        +7.071067811865e+00,        +1.085613320640e+01,        -2.575929678274e+00
 2.48100000e+00,        +7.071067811865e+00,        +1.085599043072e+01,        -2.575917587050e+00
 2.48102500e+00,        +7.071067811865e+00,        +1.085584766091e+01,        -2.575905491069e+00
 2.48105000e+00,        +7.071067811865e+00,        +1.085570489694e+01,        -2.575893390326e+00
 2.48107500e+00,        +7.071067811865e+00,        +1.085556213876e+01,        -2.575881284812e+00
 2.48110000e+00,        +7.071067811865e+00,        +1.085541938636e+01,        -2.575869174520e+00
 2.48112500e+00,        +7.071067811865e+00,        +1.085527663970e+01,        -2.575857059444e+00
 2.48115000e+00,        +7.071067811865e+00,        +1.085513389875e+01,        -2.575844939577e+00
 2.48117500e+00,        +7.071067811865e+00,        +1.085499116348e+01,        -2.575832814911e+00
 2.48120000e+00,        +7.071067811865e+00,        +1.085484843386e+01,        -2.575820685440e+00
 2.48122500e+00,        +7.071067811865e+00,        +1.085470570986e+01,        -2.575808551156e+00
 2.48125000e+00,        +7.071067811865e+00,        +1.085456299145e+01,        -2.575796412052e+00
 2.48127500e+00,        +7.071067811865e+00,        +1.085442027859e+01,        -2.575784268122e+00
 2.48130000e+00,        +7.071067811865e+00,        +1.085427757126e+01,        -2.575772119359e+00
 2.48132500e+00,        +7.071067811865e+00,        +1.085413486943e+01,        -2.575759965755e+00
 2.48135000e+00,        +7.071067811865e+00,        +1.085399217306e+01,        -2.575747807304e+00
 2.48137500e+00,        +7.071067811865e+00,        +1.085384948214e+01,        -2.575735643998e+00
 2.48140000e+00,        +7.071067811865e+00,        +1.085370679662e+01,        -2.575723475831e+00
 2.48142500e+00,        +7.071067811865e+00,        +1.085356411647e+01,        -2.575711302795e+00
 2.48145000e+00,        +7.071067811865e+00,        +1.085342144167e+01,        -2.575699124885e+00
 2.48147500e+00,        +7.071067811865e+00,        +1.085327877219e+01,        -2.575686942092e+00
 2.48150000e+00,        +7.071067811865e+00,        +1.085313610800e+01,        -2.575674754411e+00
 2.48152500e+00,        +7.071067811865e+00,        +1.085299344906e+01,        -2.575662561833e+00
 2.48155000e+00,        +7.071067811865e+00,        +1.085285079535e+01,        -2.575650364353e+00
 2.48157500e+00,        +7.071067811865e+00,        +1.085270814683e+01,        -2.575638161963e+00
 2.48160000e+00,        +7.071067811865e+00,        +1.085256550349e+01,        -2.575625954657e+00
 2.48162500e+00,        +7.071067811865e+00,        +1.085242286528e+01,        -2.575613742427e+00
 2.48165000e+00,        +7.071067811865e+00,        +1.085228023218e+01,        -2.575601525267e+00
 2.48167500e+00,        +7.071067811865e+00,        +1.085213760417e+01,        -2.575589303170e+00
 2.48170000e+00,        +7.071067811865e+00,        +1.085199498120e+01,        -2.575577076129e+00
 2.48172500e+00,        +7.071067811865e+00,        +1.085185236325e+01,        -2.575564844138e+00
 2.48175000e+00,        +7.071067811865e+00,        +1.085170975029e+01,        -2.575552607189e+00
 2.48177500e+00,        +7.071067811865e+00,        +1.085156714230e+01,        -2.575540365276e+00
 2.48180000e+00,        +7.071067811865e+00,        +1.085142453924e+01,        -2.575528118391e+00
 2.48182500e+00,        +7.071067811865e+00,        +1.085128194108e+01,        -2.575515866529e+00
 2.48185000e+00,        +7.071067811865e+00,        +1.085113934780e+01,        -2.575503609682e+00
 2.48187500e+00,        +7.071067811865e+00,        +1.085099675936e+01,        -2.575491347844e+00
 2.48190000e+00,        +7.071067811865e+00,        +1.085085417574e+01,        -2.575479081007e+00
 2.48192500e+00,        +7.071067811865e+00,        +1.085071159691e+01,        -2.575466809166e+00
 2.48195000e+00,        +7.071067811865e+00,        +1.085056902284e+01,        -2.575454532313e+00
 2.48197500e+00,        +7.071067811865e+00,        +1.085042645350e+01,        -2.575442250441e+00
 2.48200000e+00,        +7.071067811865e+00,        +1.085028388886e+01,        -2.575429963545e+00
 2.48202500e+00,        +7.071067811865e+00,        +1.085014132889e+01,        -2.575417671616e+00
 2.48205000e+00,        +7.071067811865e+00,        +1.084999877357e+01,        -2.575405374649e+00
 2.48207500e+00,        +7.071067811865e+00,        +1.084985622286e+01,        -2.575393072637e+00
 2.48210000e+00,        +7.071067811865e+00,        +1.084971367675e+01,        -2.575380765573e+00
 2.48212500e+00,        +7.071067811865e+00,        +1.084957113519e+01,        -2.575368453450e+00
 2.48215000e+00,        +7.071067811865e+00,        +1.084942859816e+01,        -2.575356136262e+00
 2.48217500e+00,        +7.071067811865e+00,        +1.084928606564e+01,        -2.575343814002e+00
 2.48220000e+00,        +7.071067811865e+00,        +1.084914353759e+01,        -2.575331486664e+00
 2.48222500e+00,        +7.071067811865e+00,        +1.084900101398e+01,        -2.575319154240e+00
 2.48225000e+00,        +7.071067811865e+00,        +1.084885849480e+01,        -2.575306816725e+00
 2.48227500e+00,        +7.071067811865e+00,        +1.084871598000e+01,        -2.575294474111e+00
 2.48230000e+00,        +7.071067811865e+00,        +1.084857346957e+01,        -2.575282126391e+00
 2.48232500e+00,        +7.071067811865e+00,        +1.084843096347e+01,        -2.575269773561e+00
 2.48235000e+00,        +7.071067811865e+00,        +1.084828846167e+01,        -2.575257415611e+00
 2.48237500e+00,        +7.071067811865e+00,        +1.084814596416e+01,        -2.575245052537e+00
 2.48240000e+00,        +7.071067811865e+00,        +1.084800347089e+01,        -2.575232684332e+00
 2.48242500e+00,        +7.071067811865e+00,        +1.084786098185e+01,        -2.575220310988e+00
 2.48245000e+00,        +7.071067811865e+00,        +1.084771849700e+01,        -2.575207932500e+00
 2.48247500e+00,        +7.071067811865e+00,        +1.084757601632e+01,        -2.575195548860e+00
 2.48250000e+00,        +7.071067811865e+00,        +1.084743353978e+01,        -2.575183160063e+00
 2.48252500e+00,        +7.071067811865e+00,        +1.084729106736e+01,        -2.575170766101e+00
 2.48255000e+00,        +7.071067811865e+00,        +1.084714859901e+01,        -2.575158366968e+00
 2.48257500e+00,        +7.071067811865e+00,        +1.084700613473e+01,        -2.575145962658e+00
 2.48260000e+00,        +7.071067811865e+00,        +1.084686367447e+01,        -2.575133553165e+00
 2.48262500e+00,        +7.071067811865e+00,        +1.084672121822e+01,        -2.575121138480e+00
 2.48265000e+00,        +7.071067811865e+00,        +1.084657876594e+01,        -2.575108718599e+00
 2.48267500e+00,        +7.071067811865e+00,        +1.084643631761e+01,        -2.575096293515e+00
 2.48270000e+00,        +7.071067811865e+00,        +1.084629387321e+01,        -2.575083863220e+00
 2.48272500e+00,        +7.071067811865e+00,        +1.084615143269e+01,        -2.575071427709e+00
 2.48275000e+00,        +7.071067811865e+00,        +1.084600899605e+01,        -2.575058986976e+00
 2.48277500e+00,        +7.071067811865e+00,        +1.084586656324e+01,        -2.575046541013e+00
 2.48280000e+00,        +7.071067811865e+00,        +1.084572413425e+01,        -2.575034089814e+00
 2.48282500e+00,        +7.071067811865e+00,        +1.084558170904e+01,        -2.575021633373e+00
 2.48285000e+00,        +7.071067811865e+00,        +1.084543928759e+01,        -2.575009171683e+00
 2.48287500e+00,        +7.071067811865e+00,        +1.084529686987e+01,        -2.574996704738e+00
 2.48290000e+00,        +7.071067811865e+00,        +1.084515445586e+01,        -2.574984232532e+00
 2.48292500e+00,        +7.071067811865e+00,        +1.084501204553e+01,        -2.574971755057e+00
 2.48295000e+00,        +7.071067811865e+00,        +1.084486963885e+01,        -2.574959272308e+00
 2.48297500e+00,        +7.071067811865e+00,        +1.084472723580e+01,        -2.574946784279e+00
 2.48300000e+00,        +7.071067811865e+00,        +1.084458483635e+01,        -2.574934290962e+00
 2.48302500e+00,        +7.071067811865e+00,        +1.084444244047e+01,        -2.574921792352e+00
 2.48305000e+00,        +7.071067811865e+00,        +1.084430004813e+01,        -2.574909288442e+00
 2.48307500e+00,        +7.071067811865e+00,        +1.084415765932e+01,        -2.574896779225e+00
 2.48310000e+00,        +7.071067811865e+00,        +1.084401527399e+01,        -2.574884264696e+00
 2.48312500e+00,        +7.071067811865e+00,        +1.084387289214e+01,        -2.574871744848e+00
 2.48315000e+00,        +7.071067811865e+00,        +1.084373051373e+01,        -2.574859219674e+00
 2.48317500e+00,        +7.071067811865e+00,        +1.084358813873e+01,        -2.574846689169e+00
 2.48320000e+00,        +7.071067811865e+00,        +1.084344576712e+01,        -2.574834153325e+00
 2.48322500e+00,        +7.071067811865e+00,        +1.084330339887e+01,        -2.574821612137e+00
 2.48325000e+00,        +7.071067811865e+00,        +1.084316103396e+01,        -2.574809065599e+00
 2.48327500e+00,        +7.071067811865e+00,        +1.084301867236e+01,        -2.574796513703e+00
 2.48330000e+00,        +7.071067811865e+00,        +1.084287631405e+01,        -2.574783956444e+00
 2.48332500e+00,        +7.071067811865e+00,        +1.084273395899e+01,        -2.574771393816e+00
 2.48335000e+00,        +7.071067811865e+00,        +1.084259160717e+01,        -2.574758825811e+00
 2.48337500e+00,        +7.071067811865e+00,        +1.084244925855e+01,        -2.574746252424e+00
 2.48340000e+00,        +7.071067811865e+00,        +1.084230691312e+01,        -2.574733673649e+00
 2.48342500e+00,        +7.071067811865e+00,        +1.084216457084e+01,        -2.574721089479e+00
 2.48345000e+00,        +7.071067811865e+00,        +1.084202223169e+01,        -2.574708499908e+00
 2.48347500e+00,        +7.071067811865e+00,        +1.084187989565e+01,        -2.574695904929e+00
 2.48350000e+00,        +7.071067811865e+00,        +1.084173756268e+01,        -2.574683304537e+00
 2.48352500e+00,        +7.071067811865e+00,        +1.084159523277e+01,        -2.574670698726e+00
 2.48355000e+00,        +7.071067811865e+00,        +1.084145290589e+01,        -2.574658087488e+00
 2.48357500e+00,        +7.071067811865e+00,        +1.084131058200e+01,        -2.574645470818e+00
 2.48360000e+00,        +7.071067811865e+00,        +1.084116826110e+01,        -2.574632848709e+00
 2.48362500e+00,        +7.071067811865e+00,        +1.084102594315e+01,        -2.574620221156e+00
 2.48365000e+00,        +7.071067811865e+00,        +1.084088362812e+01,        -2.574607588152e+00
 2.48367500e+00,        +7.071067811865e+00,        +1.084074131600e+01,        -2.574594949691e+00
 2.48370000e+00,        +7.071067811865e+00,        +1.084059900675e+01,        -2.574582305767e+00
 2.48372500e+00,        +7.071067811865e+00,        +1.084045670035e+01,        -2.574569656373e+00
 2.48375000e+00,        +7.071067811865e+00,        +1.084031439678e+01,        -2.574557001503e+00
 2.48377500e+00,        +7.071067811865e+00,        +1.084017209601e+01,        -2.574544341152e+00
 2.48380000e+00,        +7.071067811865e+00,        +1.084002979801e+01,        -2.574531675312e+00
 2.48382500e+00,        +7.071067811865e+00,        +1.083988750277e+01,        -2.574519003979e+00
 2.48385000e+00,        +7.071067811865e+00,        +1.083974521025e+01,        -2.574506327145e+00
 2.48387500e+00,        +7.071067811865e+00,        +1.083960292043e+01,        -2.574493644805e+00
 2.48390000e+00,        +7.071067811865e+00,        +1.083946063329e+01,        -2.574480956952e+00
 2.48392500e+00,        +7.071067811865e+00,        +1.083931834880e+01,        -2.574468263580e+00
 2.48395000e+00,        +7.071067811865e+00,        +1.083917606694e+01,        -2.574455564684e+00
 2.48397500e+00,        +7.071067811865e+00,        +1.083903378768e+01,        -2.574442860256e+00
 2.48400000e+00,        +7.071067811865e+00,        +1.083889151099e+01,        -2.574430150292e+00
 2.48402500e+00,        +7.071067811865e+00,        +1.083874923686e+01,        -2.574417434784e+00
 2.48405000e+00,        +7.071067811865e+00,        +1.083860696526e+01,        -2.574404713727e+00
 2.48407500e+00,        +7.071067811865e+00,        +1.083846469616e+01,        -2.574391987115e+00
 2.48410000e+00,        +7.071067811865e+00,        +1.083832242955e+01,        -2.574379254941e+00
 2.48412500e+00,        +7.071067811865e+00,        +1.083818016538e+01,        -2.574366517200e+00
 2.48415000e+00,        +7.071067811865e+00,        +1.083803790365e+01,        -2.574353773885e+00
 2.48417500e+00,        +7.071067811865e+00,        +1.083789564432e+01,        -2.574341024990e+00
 2.48420000e+00,        +7.071067811865e+00,        +1.083775338738e+01,        -2.574328270509e+00
 2.48422500e+00,        +7.071067811865e+00,        +1.083761113279e+01,        -2.574315510437e+00
 2.48425000e+00,        +7.071067811865e+00,        +1.083746888054e+01,        -2.574302744767e+00
 2.48427500e+00,        +7.071067811865e+00,        +1.083732663060e+01,        -2.574289973493e+00
 2.48430000e+00,        +7.071067811865e+00,        +1.083718438294e+01,        -2.574277196609e+00
 2.48432500e+00,        +7.071067811865e+00,        +1.083704213754e+01,        -2.574264414109e+00
 2.48435000e+00,        +7.071067811865e+00,        +1.083689989438e+01,        -2.574251625988e+00
 2.48437500e+00,        +7.071067811865e+00,        +1.083675765344e+01,        -2.574238832238e+00
 2.48440000e+00,        +7.071067811865e+00,        +1.083661541468e+01,        -2.574226032854e+00
 2.48442500e+00,        +7.071067811865e+00,        +1.083647317809e+01,        -2.574213227830e+00
 2.48445000e+00,        +7.071067811865e+00,        +1.083633094364e+01,        -2.574200417160e+00
 2.48447500e+00,        +7.071067811865e+00,        +1.083618871131e+01,        -2.574187600838e+00
 2.48450000e+00,        +7.071067811865e+00,        +1.083604648107e+01,        -2.574174778859e+00
 2.48452500e+00,        +7.071067811865e+00,        +1.083590425291e+01,        -2.574161951215e+00
 2.48455000e+00,        +7.071067811865e+00,        +1.083576202679e+01,        -2.574149117901e+00
 2.48457500e+00,        +7.071067811865e+00,        +1.083561980269e+01,        -2.574136278912e+00
 2.48460000e+00,        +7.071067811865e+00,        +1.083547758059e+01,        -2.574123434240e+00
 2.48462500e+00,        +7.071067811865e+00,        +1.083533536047e+01,        -2.574110583881e+00
 2.48465000e+00,        +7.071067811865e+00,        +1.083519314230e+01,        -2.574097727828e+00
 2.48467500e+00,        +7.071067811865e+00,        +1.083505092606e+01,        -2.574084866075e+00
 2.48470000e+00,        +7.071067811865e+00,        +1.083490871173e+01,        -2.574071998617e+00
 2.48472500e+00,        +7.071067811865e+00,        +1.083476649927e+01,        -2.574059125447e+00
 2.48475000e+00,        +7.071067811865e+00,        +1.083462428868e+01,        -2.574046246560e+00
 2.48477500e+00,        +7.071067811865e+00,        +1.083448207992e+01,        -2.574033361949e+00
 2.48480000e+00,        +7.071067811865e+00,        +1.083433987298e+01,        -2.574020471609e+00
 2.48482500e+00,        +7.071067811865e+00,        +1.083419766782e+01,        -2.574007575533e+00
 2.48485000e+00,        +7.071067811865e+00,        +1.083405546443e+01,        -2.573994673717e+00
 2.48487500e+00,        +7.071067811865e+00,        +1.083391326278e+01,        -2.573981766153e+00
 2.48490000e+00,        +7.071067811865e+00,        +1.083377106285e+01,        -2.573968852837e+00
 2.48492500e+00,        +7.071067811865e+00,        +1.083362886462e+01,        -2.573955933762e+00
 2.48495000e+00,        +7.071067811865e+00,        +1.083348666806e+01,        -2.573943008922e+00
 2.48497500e+00,        +7.071067811865e+00,        +1.083334447315e+01,        -2.573930078312e+00
 2.48500000e+00,        +7.071067811865e+00,        +1.083320227987e+01,        -2.573917141925e+00
 2.48502500e+00,        +7.071067811865e+00,        +1.083306008820e+01,        -2.573904199756e+00
 2.48505000e+00,        +7.071067811865e+00,        +1.083291789810e+01,        -2.573891251798e+00
 2.48507500e+00,        +7.071067811865e+00,        +1.083277570957e+01,        -2.573878298047e+00
 2.48510000e+00,        +7.071067811865e+00,        +1.083263352257e+01,        -2.573865338496e+00
 2.48512500e+00,        +7.071067811865e+00,        +1.083249133708e+01,        -2.573852373139e+00
 2.48515000e+00,        +7.071067811865e+00,        +1.083234915309e+01,        -2.573839401971e+00
 2.48517500e+00,        +7.071067811865e+00,        +1.083220697056e+01,        -2.573826424986e+00
 2.48520000e+00,        +7.071067811865e+00,        +1.083206478948e+01,        -2.573813442177e+00
 2.48522500e+00,        +7.071067811865e+00,        +1.083192260983e+01,        -2.573800453540e+00
 2.48525000e+00,        +7.071067811865e+00,        +1.083178043157e+01,        -2.573787459067e+00
 2.48527500e+00,        +7.071067811865e+00,        +1.083163825469e+01,        -2.573774458754e+00
 2.48530000e+00,        +7.071067811865e+00,        +1.083149607917e+01,        -2.573761452595e+00
 2.48532500e+00,        +7.071067811865e+00,        +1.083135390498e+01,        -2.573748440584e+00
 2.48535000e+00,        +7.071067811865e+00,        +1.083121173210e+01,        -2.573735422714e+00
 2.48537500e+00,        +7.071067811865e+00,        +1.083106956050e+01,        -2.573722398981e+00
 2.48540000e+00,        +7.071067811865e+00,        +1.083092739018e+01,        -2.573709369379e+00
 2.48542500e+00,        +7.071067811865e+00,        +1.083078522109e+01,        -2.573696333901e+00
 2.48545000e+00,        +7.071067811865e+00,        +1.083064305323e+01,        -2.573683292542e+00
 2.48547500e+00,        +7.071067811865e+00,        +1.083050088657e+01,        -2.573670245296e+00
 2.48550000e+00,        +7.071067811865e+00,        +1.083035872109e+01,        -2.573657192158e+00
 2.48552500e+00,        +7.071067811865e+00,        +1.083021655676e+01,        -2.573644133122e+00
 2.48555000e+00,        +7.071067811865e+00,        +1.083007439356e+01,        -2.573631068181e+00
 2.48557500e+00,        +7.071067811865e+00,        +1.082993223147e+01,        -2.573617997331e+00
 2.48560000e+00,        +7.071067811865e+00,        +1.082979007048e+01,        -2.573604920565e+00
 2.48562500e+00,        +7.071067811865e+00,        +1.082964791055e+01,        -2.573591837878e+00
 2.48565000e+00,        +7.071067811865e+00,        +1.082950575166e+01,        -2.573578749264e+00
 2.48567500e+00,        +7.071067811865e+00,        +1.082936359380e+01,        -2.573565654717e+00
 2.48570000e+00,        +7.071067811865e+00,        +1.082922143694e+01,        -2.573552554232e+00
 2.48572500e+00,        +7.071067811865e+00,        +1.082907928105e+01,        -2.573539447803e+00
 2.48575000e+00,        +7.071067811865e+00,        +1.082893712613e+01,        -2.573526335423e+00
 2.48577500e+00,        +7.071067811865e+00,        +1.082879497214e+01,        -2.573513217089e+00
 2.48580000e+00,        +7.071067811865e+00,        +1.082865281907e+01,        -2.573500092793e+00
 2.48582500e+00,        +7.071067811865e+00,        +1.082851066688e+01,        -2.573486962530e+00
 2.48585000e+00,        +7.071067811865e+00,        +1.082836851557e+01,        -2.573473826295e+00
 2.48587500e+00,        +7.071067811865e+00,        +1.082822636511e+01,        -2.573460684082e+00
 2.48590000e+00,        +7.071067811865e+00,        +1.082808421547e+01,        -2.573447535884e+00
 2.48592500e+00,        +7.071067811865e+00,        +1.082794206664e+01,        -2.573434381697e+00
 2.48595000e+00,        +7.071067811865e+00,        +1.082779991860e+01,        -2.573421221515e+00
 2.48597500e+00,        +7.071067811865e+00,        +1.082765777131e+01,        -2.573408055332e+00
 2.48600000e+00,        +7.071067811865e+00,        +1.082751562477e+01,        -2.573394883142e+00
 2.48602500e+00,        +7.071067811865e+00,        +1.082737347895e+01,        -2.573381704940e+00
 2.48605000e+00,        +7.071067811865e+00,        +1.082723133383e+01,        -2.573368520720e+00
 2.48607500e+00,        +7.071067811865e+00,        +1.082708918939e+01,        -2.573355330477e+00
 2.48610000e+00,        +7.071067811865e+00,        +1.082694704560e+01,        -2.573342134205e+00
 2.48612500e+00,        +7.071067811865e+00,        +1.082680490244e+01,        -2.573328931897e+00
 2.48615000e+00,        +7.071067811865e+00,        +1.082666275990e+01,        -2.573315723550e+00
 2.48617500e+00,        +7.071067811865e+00,        +1.082652061796e+01,        -2.573302509156e+00
 2.48620000e+00,        +7.071067811865e+00,        +1.082637847658e+01,        -2.573289288711e+00
 2.48622500e+00,        +7.071067811865e+00,        +1.082623633576e+01,        -2.573276062209e+00
 2.48625000e+00,        +7.071067811865e+00,        +1.082609419546e+01,        -2.573262829644e+00
 2.48627500e+00,        +7.071067811865e+00,        +1.082595205567e+01,        -2.573249591010e+00
 2.48630000e+00,        +7.071067811865e+00,        +1.082580991637e+01,        -2.573236346303e+00
 2.48632500e+00,        +7.071067811865e+00,        +1.082566777753e+01,        -2.573223095516e+00
 2.48635000e+00,        +7.071067811865e+00,        +1.082552563914e+01,        -2.573209838643e+00
 2.48637500e+00,        +7.071067811865e+00,        +1.082538350118e+01,        -2.573196575680e+00
 2.48640000e+00,        +7.071067811865e+00,        +1.082524136361e+01,        -2.573183306621e+00
 2.48642500e+00,        +7.071067811865e+00,        +1.082509922643e+01,        -2.573170031460e+00
 2.48645000e+00,        +7.071067811865e+00,        +1.082495708961e+01,        -2.573156750191e+00
 2.48647500e+00,        +7.071067811865e+00,        +1.082481495314e+01,        -2.573143462809e+00
 2.48650000e+00,        +7.071067811865e+00,        +1.082467281698e+01,        -2.573130169309e+00
 2.48652500e+00,        +7.071067811865e+00,        +1.082453068112e+01,        -2.573116869684e+00
 2.48655000e+00,        +7.071067811865e+00,        +1.082438854554e+01,        -2.573103563930e+00
 2.48657500e+00,        +7.071067811865e+00,        +1.082424641022e+01,        -2.573090252041e+00
 2.48660000e+00,        +7.071067811865e+00,        +1.082410427514e+01,        -2.573076934010e+00
 2.48662500e+00,        +7.071067811865e+00,        +1.082396214027e+01,        -2.573063609834e+00
 2.48665000e+00,        +7.071067811865e+00,        +1.082382000560e+01,        -2.573050279506e+00
 2.48667500e+00,        +7.071067811865e+00,        +1.082367787111e+01,        -2.573036943020e+00
 2.48670000e+00,        +7.071067811865e+00,        +1.082353573677e+01,        -2.573023600371e+00
 2.48672500e+00,        +7.071067811865e+00,        +1.082339360256e+01,        -2.573010251554e+00
 2.48675000e+00,        +7.071067811865e+00,        +1.082325146847e+01,        -2.572996896564e+00
 2.48677500e+00,        +7.071067811865e+00,        +1.082310933448e+01,        -2.572983535393e+00
 2.48680000e+00,        +7.071067811865e+00,        +1.082296720056e+01,        -2.572970168038e+00
 2.48682500e+00,        +7.071067811865e+00,        +1.082282506669e+01,        -2.572956794493e+00
 2.48685000e+00,        +7.071067811865e+00,        +1.082268293285e+01,        -2.572943414751e+00
 2.48687500e+00,        +7.071067811865e+00,        +1.082254079903e+01,        -2.572930028808e+00
 2.48690000e+00,        +7.071067811865e+00,        +1.082239866520e+01,        -2.572916636658e+00
 2.48692500e+00,        +7.071067811865e+00,        +1.082225653135e+01,        -2.572903238296e+00
 2.48695000e+00,        +7.071067811865e+00,        +1.082211439744e+01,        -2.572889833716e+00
 2.48697500e+00,        +7.071067811865e+00,        +1.082197226347e+01,        -2.572876422913e+00
 2.48700000e+00,        +7.071067811865e+00,        +1.082183012941e+01,        -2.572863005881e+00
 2.48702500e+00,        +7.071067811865e+00,        +1.082168799524e+01,        -2.572849582615e+00
 2.48705000e+00,        +7.071067811865e+00,        +1.082154586095e+01,        -2.572836153109e+00
 2.48707500e+00,        +7.071067811865e+00,        +1.082140372651e+01,        -2.572822717358e+00
 2.48710000e+00,        +7.071067811865e+00,        +1.082126159189e+01,        -2.572809275356e+00
 2.48712500e+00,        +7.071067811865e+00,        +1.082111945710e+01,        -2.572795827098e+00
 2.48715000e+00,        +7.071067811865e+00,        +1.082097732209e+01,        -2.572782372579e+00
 2.48717500e+00,        +7.071067811865e+00,        +1.082083518685e+01,        -2.572768911793e+00
 2.48720000e+00,        +7.071067811865e+00,        +1.082069305137e+01,        -2.572755444734e+00
 2.48722500e+00,        +7.071067811865e+00,        +1.082055091562e+01,        -2.572741971398e+00
 2.48725000e+00,        +7.071067811865e+00,        +1.082040877959e+01,        -2.572728491778e+00
 2.48727500e+00,        +7.071067811865e+00,        +1.082026664324e+01,        -2.572715005870e+00
 2.48730000e+00,        +7.071067811865e+00,        +1.082012450658e+01,        -2.572701513667e+00
 2.48732500e+00,        +7.071067811865e+00,        +1.081998236956e+01,        -2.572688015166e+00
 2.48735000e+00,        +7.071067811865e+00,        +1.081984023218e+01,        -2.572674510359e+00
 2.48737500e+00,        +7.071067811865e+00,        +1.081969809441e+01,        -2.572660999242e+00
 2.48740000e+00,        +7.071067811865e+00,        +1.081955595624e+01,        -2.572647481809e+00
 2.48742500e+00,        +7.071067811865e+00,        +1.081941381764e+01,        -2.572633958056e+00
 2.48745000e+00,        +7.071067811865e+00,        +1.081927167860e+01,        -2.572620427975e+00
 2.48747500e+00,        +7.071067811865e+00,        +1.081912953910e+01,        -2.572606891563e+00
 2.48750000e+00,        +7.071067811865e+00,        +1.081898739911e+01,        -2.572593348814e+00
 2.48752500e+00,        +7.071067811865e+00,        +1.081884525862e+01,        -2.572579799722e+00
 2.48755000e+00,        +7.071067811865e+00,        +1.081870311761e+01,        -2.572566244282e+00
 2.48757500e+00,        +7.071067811865e+00,        +1.081856097605e+01,        -2.572552682488e+00
 2.48760000e+00,        +7.071067811865e+00,        +1.081841883394e+01,        -2.572539114336e+00
 2.48762500e+00,        +7.071067811865e+00,        +1.081827669124e+01,        -2.572525539819e+00
 2.48765000e+00,        +7.071067811865e+00,        +1.081813454795e+01,        -2.572511958934e+00
 2.48767500e+00,        +7.071067811865e+00,        +1.081799240404e+01,        -2.572498371673e+00
 2.48770000e+00,        +7.071067811865e+00,        +1.081785025948e+01,        -2.572484778032e+00
 2.48772500e+00,        +7.071067811865e+00,        +1.081770811428e+01,        -2.572471178005e+00
 2.48775000e+00,        +7.071067811865e+00,        +1.081756596839e+01,        -2.572457571588e+00
 2.48777500e+00,        +7.071067811865e+00,        +1.081742382181e+01,        -2.572443958774e+00
 2.48780000e+00,        +7.071067811865e+00,        +1.081728167452e+01,        -2.572430339559e+00
 2.48782500e+00,        +7.071067811865e+00,        +1.081713952649e+01,        -2.572416713937e+00
 2.48785000e+00,        +7.071067811865e+00,        +1.081699737771e+01,        -2.572403081902e+00
 2.48787500e+00,        +7.071067811865e+00,        +1.081685522815e+01,        -2.572389443450e+00
 2.48790000e+00,        +7.071067811865e+00,        +1.081671307781e+01,        -2.572375798575e+00
 2.48792500e+00,        +7.071067811865e+00,        +1.081657092666e+01,        -2.572362147272e+00
 2.48795000e+00,        +7.071067811865e+00,        +1.081642877467e+01,        -2.572348489535e+00
 2.48797500e+00,        +7.071067811865e+00,        +1.081628662184e+01,        -2.572334825359e+00
 2.48800000e+00,        +7.071067811865e+00,        +1.081614446814e+01,        -2.572321154740e+00
 2.48802500e+00,        +7.071067811865e+00,        +1.081600231356e+01,        -2.572307477670e+00
 2.48805000e+00,        +7.071067811865e+00,        +1.081586015807e+01,        -2.572293794146e+00
 2.48807500e+00,        +7.071067811865e+00,        +1.081571800166e+01,        -2.572280104162e+00
 2.48810000e+00,        +7.071067811865e+00,        +1.081557584431e+01,        -2.572266407712e+00
 2.48812500e+00,        +7.071067811865e+00,        +1.081543368600e+01,        -2.572252704792e+00
 2.48815000e+00,        +7.071067811865e+00,        +1.081529152671e+01,        -2.572238995396e+00
 2.48817500e+00,        +7.071067811865e+00,        +1.081514936641e+01,        -2.572225279518e+00
 2.48820000e+00,        +7.071067811865e+00,        +1.081500720511e+01,        -2.572211557154e+00
 2.48822500e+00,        +7.071067811865e+00,        +1.081486504276e+01,        -2.572197828298e+00
 2.48825000e+00,        +7.071067811865e+00,        +1.081472287937e+01,        -2.572184092945e+00
 2.48827500e+00,        +7.071067811865e+00,        +1.081458071490e+01,        -2.572170351090e+00
 2.48830000e+00,        +7.071067811865e+00,        +1.081443854934e+01,        -2.572156602727e+00
 2.48832500e+00,        +7.071067811865e+00,        +1.081429638266e+01,        -2.572142847851e+00
 2.48835000e+00,        +7.071067811865e+00,        +1.081415421486e+01,        -2.572129086457e+00
 2.48837500e+00,        +7.071067811865e+00,        +1.081401204592e+01,        -2.572115318540e+00
 2.48840000e+00,        +7.071067811865e+00,        +1.081386987581e+01,        -2.572101544094e+00
 2.48842500e+00,        +7.071067811865e+00,        +1.081372770451e+01,        -2.572087763114e+00
 2.48845000e+00,        +7.071067811865e+00,        +1.081358553201e+01,        -2.572073975595e+00
 2.48847500e+00,        +7.071067811865e+00,        +1.081344335829e+01,        -2.572060181531e+00
 2.48850000e+00,        +7.071067811865e+00,        +1.081330118334e+01,        -2.572046380918e+00
 2.48852500e+00,        +7.071067811865e+00,        +1.081315900712e+01,        -2.572032573750e+00
 2.48855000e+00,        +7.071067811865e+00,        +1.081301682963e+01,        -2.572018760021e+00
 2.48857500e+00,        +7.071067811865e+00,        +1.081287465085e+01,        -2.572004939728e+00
 2.48860000e+00,        +7.071067811865e+00,        +1.081273247075e+01,        -2.571991112864e+00
 2.48862500e+00,        +7.071067811865e+00,        +1.081259028933e+01,        -2.571977279424e+00
 2.48865000e+00,        +7.071067811865e+00,        +1.081244810655e+01,        -2.571963439403e+00
 2.48867500e+00,        +7.071067811865e+00,        +1.081230592241e+01,        -2.571949592795e+00
 2.48870000e+00,        +7.071067811865e+00,        +1.081216373688e+01,        -2.571935739597e+00
 2.48872500e+00,        +7.071067811865e+00,        +1.081202154996e+01,        -2.571921879801e+00
 2.48875000e+00,        +7.071067811865e+00,        +1.081187936161e+01,        -2.571908013404e+00
 2.48877500e+00,        +7.071067811865e+00,        +1.081173717182e+01,        -2.571894140400e+00
 2.48880000e+00,        +7.071067811865e+00,        +1.081159498057e+01,        -2.571880260783e+00
 2.48882500e+00,        +7.071067811865e+00,        +1.081145278785e+01,        -2.571866374549e+00
 2.48885000e+00,        +7.071067811865e+00,        +1.081131059363e+01,        -2.571852481692e+00
 2.48887500e+00,        +7.071067811865e+00,        +1.081116839791e+01,        -2.571838582207e+00
 2.48890000e+00,        +7.071067811865e+00,        +1.081102620065e+01,        -2.571824676090e+00
 2.48892500e+00,        +7.071067811865e+00,        +1.081088400185e+01,        -2.571810763334e+00
 2.48895000e+00,        +7.071067811865e+00,        +1.081074180148e+01,        -2.571796843934e+00
 2.48897500e+00,        +7.071067811865e+00,        +1.081059959954e+01,        -2.571782917886e+00
 2.48900000e+00,        +7.071067811865e+00,        +1.081045739599e+01,        -2.571768985184e+00
 2.48902500e+00,        +7.071067811865e+00,        +1.081031519082e+01,        -2.571755045824e+00
 2.48905000e+00,        +7.071067811865e+00,        +1.081017298401e+01,        -2.571741099799e+00
 2.48907500e+00,        +7.071067811865e+00,        +1.081003077555e+01,        -2.571727147105e+00
 2.48910000e+00,        +7.071067811865e+00,        +1.080988856542e+01,        -2.571713187736e+00
 2.48912500e+00,        +7.071067811865e+00,        +1.080974635361e+01,        -2.571699221688e+00
 2.48915000e+00,        +7.071067811865e+00,        +1.080960414008e+01,        -2.571685248954e+00
 2.48917500e+00,        +7.071067811865e+00,        +1.080946192483e+01,        -2.571671269531e+00
 2.48920000e+00,        +7.071067811865e+00,        +1.080931970783e+01,        -2.571657283413e+00
 2.48922500e+00,        +7.071067811865e+00,        +1.080917748908e+01,        -2.571643290595e+00
 2.48925000e+00,        +7.071067811865e+00,        +1.080903526855e+01,        -2.571629291071e+00
 2.48927500e+00,        +7.071067811865e+00,        +1.080889304622e+01,        -2.571615284837e+00
 2.48930000e+00,        +7.071067811865e+00,        +1.080875082208e+01,        -2.571601271887e+00
 2.48932500e+00,        +7.071067811865e+00,        +1.080860859611e+01,        -2.571587252216e+00
 2.48935000e+00,        +7.071067811865e+00,        +1.080846636830e+01,        -2.571573225819e+00
 2.48937500e+00,        +7.071067811865e+00,        +1.080832413862e+01,        -2.571559192691e+00
 2.48940000e+00,        +7.071067811865e+00,        +1.080818190705e+01,        -2.571545152827e+00
 2.48942500e+00,        +7.071067811865e+00,        +1.080803967359e+01,        -2.571531106222e+00
 2.48945000e+00,        +7.071067811865e+00,        +1.080789743820e+01,        -2.571517052870e+00
 2.48947500e+00,        +7.071067811865e+00,        +1.080775520089e+01,        -2.571502992767e+00
 2.48950000e+00,        +7.071067811865e+00,        +1.080761296162e+01,        -2.571488925906e+00
 2.48952500e+00,        +7.071067811865e+00,        +1.080747072038e+01,        -2.571474852284e+00
 2.48955000e+00,        +7.071067811865e+00,        +1.080732847715e+01,        -2.571460771895e+00
 2.48957500e+00,        +7.071067811865e+00,        +1.080718623192e+01,        -2.571446684734e+00
 2.48960000e+00,        +7.071067811865e+00,        +1.080704398467e+01,        -2.571432590796e+00
 2.48962500e+00,        +7.071067811865e+00,        +1.080690173538e+01,        -2.571418490076e+00
 2.48965000e+00,        +7.071067811865e+00,        +1.080675948403e+01,        -2.571404382568e+00
 2.48967500e+00,        +7.071067811865e+00,        +1.080661723061e+01,        -2.571390268268e+00
 2.48970000e+00,        +7.071067811865e+00,        +1.080647497511e+01,        -2.571376147170e+00
 2.48972500e+00,        +7.071067811865e+00,        +1.080633271749e+01,        -2.571362019270e+00
 2.48975000e+00,        +7.071067811865e+00,        +1.080619045775e+01,        -2.571347884562e+00
 2.48977500e+00,        +7.071067811865e+00,        +1.080604819586e+01,        -2.571333743041e+00
 2.48980000e+00,        +7.071067811865e+00,        +1.080590593182e+01,        -2.571319594702e+00
 2.48982500e+00,        +7.071067811865e+00,        +1.080576366561e+01,        -2.571305439540e+00
 2.48985000e+00,        +7.071067811865e+00,        +1.080562139720e+01,        -2.571291277550e+00
 2.48987500e+00,        +7.071067811865e+00,        +1.080547912658e+01,        -2.571277108727e+00
 2.48990000e+00,        +7.071067811865e+00,        +1.080533685373e+01,        -2.571262933065e+00
 2.48992500e+00,        +7.071067811865e+00,        +1.080519457864e+01,        -2.571248750560e+00
 2.48995000e+00,        +7.071067811865e+00,        +1.080505230129e+01,        -2.571234561207e+00
 2.48997500e+00,        +7.071067811865e+00,        +1.080491002166e+01,        -2.571220365001e+00
 2.49000000e+00,        +7.071067811865e+00,        +1.080476773974e+01,        -2.571206161936e+00
 2.49002500e+00,        +7.071067811865e+00,        +1.080462545551e+01,        -2.571191952007e+00
 2.49005000e+00,        +7.071067811865e+00,        +1.080448316894e+01,        -2.571177735210e+00
 2.49007500e+00,        +7.071067811865e+00,        +1.080434088004e+01,        -2.571163511539e+00
 2.49010000e+00,        +7.071067811865e+00,        +1.080419858877e+01,        -2.571149280989e+00
 2.49012500e+00,        +7.071067811865e+00,        +1.080405629512e+01,        -2.571135043556e+00
 2.49015000e+00,        +7.071067811865e+00,        +1.080391399908e+01,        -2.571120799233e+00
 2.49017500e+00,        +7.071067811865e+00,        +1.080377170062e+01,        -2.571106548017e+00
 2.49020000e+00,        +7.071067811865e+00,        +1.080362939974e+01,        -2.571092289902e+00
 2.49022500e+00,        +7.071067811865e+00,        +1.080348709641e+01,        -2.571078024883e+00
 2.49025000e+00,        +7.071067811865e+00,        +1.080334479062e+01,        -2.571063752954e+00
 2.49027500e+00,        +7.071067811865e+00,        +1.080320248235e+01,        -2.571049474112e+00
 2.49030000e+00,        +7.071067811865e+00,        +1.080306017158e+01,        -2.571035188351e+00
 2.49032500e+00,        +7.071067811865e+00,        +1.080291785830e+01,        -2.571020895665e+00
 2.49035000e+00,        +7.071067811865e+00,        +1.080277554250e+01,        -2.571006596050e+00
 2.49037500e+00,        +7.071067811865e+00,        +1.080263322414e+01,        -2.570992289502e+00
 2.49040000e+00,        +7.071067811865e+00,        +1.080249090323e+01,        -2.570977976013e+00
 2.49042500e+00,        +7.071067811865e+00,        +1.080234857974e+01,        -2.570963655581e+00
 2.49045000e+00,        +7.071067811865e+00,        +1.080220625365e+01,        -2.570949328199e+00
 2.49047500e+00,        +7.071067811865e+00,        +1.080206392495e+01,        -2.570934993863e+00
 2.49050000e+00,        +7.071067811865e+00,        +1.080192159363e+01,        -2.570920652568e+00
 2.49052500e+00,        +7.071067811865e+00,        +1.080177925966e+01,        -2.570906304309e+00
 2.49055000e+00,        +7.071067811865e+00,        +1.080163692303e+01,        -2.570891949080e+00
 2.49057500e+00,        +7.071067811865e+00,        +1.080149458372e+01,        -2.570877586876e+00
 2.49060000e+00,        +7.071067811865e+00,        +1.080135224172e+01,        -2.570863217694e+00
 2.49062500e+00,        +7.071067811865e+00,        +1.080120989701e+01,        -2.570848841527e+00
 2.49065000e+00,        +7.071067811865e+00,        +1.080106754957e+01,        -2.570834458370e+00
 2.49067500e+00,        +7.071067811865e+00,        +1.080092519939e+01,        -2.570820068220e+00
 2.49070000e+00,        +7.071067811865e+00,        +1.080078284645e+01,        -2.570805671070e+00
 2.49072500e+00,        +7.071067811865e+00,        +1.080064049074e+01,        -2.570791266915e+00
 2.49075000e+00,        +7.071067811865e+00,        +1.080049813223e+01,        -2.570776855751e+00
 2.49077500e+00,        +7.071067811865e+00,        +1.080035577092e+01,        -2.570762437573e+00
 2.49080000e+00,        +7.071067811865e+00,        +1.080021340678e+01,        -2.570748012376e+00
 2.49082500e+00,        +7.071067811865e+00,        +1.080007103981e+01,        -2.570733580154e+00
 2.49085000e+00,        +7.071067811865e+00,        +1.079992866997e+01,        -2.570719140903e+00
 2.49087500e+00,        +7.071067811865e+00,        +1.079978629727e+01,        -2.570704694617e+00
 2.49090000e+00,        +7.071067811865e+00,        +1.079964392168e+01,        -2.570690241293e+00
 2.49092500e+00,        +7.071067811865e+00,        +1.079950154318e+01,        -2.570675780924e+00
 2.49095000e+00,        +7.071067811865e+00,        +1.079935916176e+01,        -2.570661313506e+00
 2.49097500e+00,        +7.071067811865e+00,        +1.079921677740e+01,        -2.570646839033e+00
 2.49100000e+00,        +7.071067811865e+00,        +1.079907439010e+01,        -2.570632357502e+00
 2.49102500e+00,        +7.071067811865e+00,        +1.079893199982e+01,        -2.570617868906e+00
 2.49105000e+00,        +7.071067811865e+00,        +1.079878960656e+01,        -2.570603373241e+00
 2.49107500e+00,        +7.071067811865e+00,        +1.079864721030e+01,        -2.570588870502e+00
 2.49110000e+00,        +7.071067811865e+00,        +1.079850481102e+01,        -2.570574360684e+00
 2.49112500e+00,        +7.071067811865e+00,        +1.079836240871e+01,        -2.570559843782e+00
 2.49115000e+00,        +7.071067811865e+00,        +1.079822000335e+01,        -2.570545319791e+00
 2.49117500e+00,        +7.071067811865e+00,        +1.079807759492e+01,        -2.570530788706e+00
 2.49120000e+00,        +7.071067811865e+00,        +1.079793518341e+01,        -2.570516250522e+00
 2.49122500e+00,        +7.071067811865e+00,        +1.079779276881e+01,        -2.570501705234e+00
 2.49125000e+00,        +7.071067811865e+00,        +1.079765035110e+01,        -2.570487152837e+00
 2.49127500e+00,        +7.071067811865e+00,        +1.079750793026e+01,        -2.570472593327e+00
 2.49130000e+00,        +7.071067811865e+00,        +1.079736550627e+01,        -2.570458026698e+00
 2.49132500e+00,        +7.071067811865e+00,        +1.079722307912e+01,        -2.570443452945e+00
 2.49135000e+00,        +7.071067811865e+00,        +1.079708064880e+01,        -2.570428872063e+00
 2.49137500e+00,        +7.071067811865e+00,        +1.079693821529e+01,        -2.570414284048e+00
 2.49140000e+00,        +7.071067811865e+00,        +1.079679577857e+01,        -2.570399688895e+00
 2.49142500e+00,        +7.071067811865e+00,        +1.079665333863e+01,        -2.570385086598e+00
 2.49145000e+00,        +7.071067811865e+00,        +1.079651089545e+01,        -2.570370477153e+00
 2.49147500e+00,        +7.071067811865e+00,        +1.079636844901e+01,        -2.570355860554e+00
 2.49150000e+00,        +7.071067811865e+00,        +1.079622599931e+01,        -2.570341236797e+00
 2.49152500e+00,        +7.071067811865e+00,        +1.079608354632e+01,        -2.570326605877e+00
 2.49155000e+00,        +7.071067811865e+00,        +1.079594109002e+01,        -2.570311967789e+00
 2.49157500e+00,        +7.071067811865e+00,        +1.079579863042e+01,        -2.570297322528e+00
 2.49160000e+00,        +7.071067811865e+00,        +1.079565616747e+01,        -2.570282670089e+00
 2.49162500e+00,        +7.071067811865e+00,        +1.079551370119e+01,        -2.570268010467e+00
 2.49165000e+00,        +7.071067811865e+00,        +1.079537123153e+01,        -2.570253343657e+00
 2.49167500e+00,        +7.071067811865e+00,        +1.079522875850e+01,        -2.570238669654e+00
 2.49170000e+00,        +7.071067811865e+00,        +1.079508628208e+01,        -2.570223988454e+00
 2.49172500e+00,        +7.071067811865e+00,        +1.079494380224e+01,        -2.570209300051e+00
 2.49175000e+00,        +7.071067811865e+00,        +1.079480131898e+01,        -2.570194604440e+00
 2.49177500e+00,        +7.071067811865e+00,        +1.079465883228e+01,        -2.570179901618e+00
 2.49180000e+00,        +7.071067811865e+00,        +1.079451634212e+01,        -2.570165191577e+00
 2.49182500e+00,        +7.071067811865e+00,        +1.079437384849e+01,        -2.570150474315e+00
 2.49185000e+00,        +7.071067811865e+00,        +1.079423135137e+01,        -2.570135749825e+00
 2.49187500e+00,        +7.071067811865e+00,        +1.079408885075e+01,        -2.570121018104e+00
 2.49190000e+00,        +7.071067811865e+00,        +1.079394634661e+01,        -2.570106279145e+00
 2.49192500e+00,        +7.071067811865e+00,        +1.079380383894e+01,        -2.570091532945e+00
 2.49195000e+00,        +7.071067811865e+00,        +1.079366132772e+01,        -2.570076779497e+00
 2.49197500e+00,        +7.071067811865e+00,        +1.079351881293e+01,        -2.570062018798e+00
 2.49200000e+00,        +7.071067811865e+00,        +1.079337629457e+01,        -2.570047250843e+00
 2.49202500e+00,        +7.071067811865e+00,        +1.079323377261e+01,        -2.570032475626e+00
 2.49205000e+00,        +7.071067811865e+00,        +1.079309124704e+01,        -2.570017693142e+00
 2.49207500e+00,        +7.071067811865e+00,        +1.079294871784e+01,        -2.570002903388e+00
 2.49210000e+00,        +7.071067811865e+00,        +1.079280618501e+01,        -2.569988106357e+00
 2.49212500e+00,        +7.071067811865e+00,        +1.079266364851e+01,        -2.569973302045e+00
 2.49215000e+00,        +7.071067811865e+00,        +1.079252110835e+01,        -2.569958490447e+00
 2.49217500e+00,        +7.071067811865e+00,        +1.079237856450e+01,        -2.569943671558e+00
 2.49220000e+00,        +7.071067811865e+00,        +1.079223601695e+01,        -2.569928845374e+00
 2.49222500e+00,        +7.071067811865e+00,        +1.079209346569e+01,        -2.569914011889e+00
 2.49225000e+00,        +7.071067811865e+00,        +1.079195091069e+01,        -2.569899171098e+00
 2.49227500e+00,        +7.071067811865e+00,        +1.079180835194e+01,        -2.569884322997e+00
 2.49230000e+00,        +7.071067811865e+00,        +1.079166578944e+01,        -2.569869467581e+00
 2.49232500e+00,        +7.071067811865e+00,        +1.079152322315e+01,        -2.569854604845e+00
 2.49235000e+00,        +7.071067811865e+00,        +1.079138065308e+01,        -2.569839734783e+00
 2.49237500e+00,        +7.071067811865e+00,        +1.079123807920e+01,        -2.569824857392e+00
 2.49240000e+00,        +7.071067811865e+00,        +1.079109550149e+01,        -2.569809972666e+00
 2.49242500e+00,        +7.071067811865e+00,        +1.079095291995e+01,        -2.569795080600e+00
 2.49245000e+00,        +7.071067811865e+00,        +1.079081033455e+01,        -2.569780181190e+00
 2.49247500e+00,        +7.071067811865e+00,        +1.079066774529e+01,        -2.569765274430e+00
 2.49250000e+00,        +7.071067811865e+00,        +1.079052515215e+01,        -2.569750360316e+00
 2.49252500e+00,        +7.071067811865e+00,        +1.079038255511e+01,        -2.569735438843e+00
 2.49255000e+00,        +7.071067811865e+00,        +1.079023995416e+01,        -2.569720510005e+00
 2.49257500e+00,        +7.071067811865e+00,        +1.079009734928e+01,        -2.569705573799e+00
 2.49260000e+00,        +7.071067811865e+00,        +1.078995474046e+01,        -2.569690630220e+00
 2.49262500e+00,        +7.071067811865e+00,        +1.078981212768e+01,        -2.569675679261e+00
 2.49265000e+00,        +7.071067811865e+00,        +1.078966951093e+01,        -2.569660720919e+00
 2.49267500e+00,        +7.071067811865e+00,        +1.078952689019e+01,        -2.569645755189e+00
 2.49270000e+00,        +7.071067811865e+00,        +1.078938426546e+01,        -2.569630782066e+00
 2.49272500e+00,        +7.071067811865e+00,        +1.078924163670e+01,        -2.569615801544e+00
 2.49275000e+00,        +7.071067811865e+00,        +1.078909900392e+01,        -2.569600813620e+00
 2.49277500e+00,        +7.071067811865e+00,        +1.078895636709e+01,        -2.569585818288e+00
 2.49280000e+00,        +7.071067811865e+00,        +1.078881372620e+01,        -2.569570815543e+00
 2.49282500e+00,        +7.071067811865e+00,        +1.078867108123e+01,        -2.569555805381e+00
 2.49285000e+00,        +7.071067811865e+00,        +1.078852843218e+01,        -2.569540787797e+00
 2.49287500e+00,        +7.071067811865e+00,        +1.078838577902e+01,        -2.569525762785e+00
 2.49290000e+00,        +7.071067811865e+00,        +1.078824312174e+01,        -2.569510730341e+00
 2.49292500e+00,        +7.071067811865e+00,        +1.078810046032e+01,        -2.569495690461e+00
 2.49295000e+00,        +7.071067811865e+00,        +1.078795779476e+01,        -2.569480643139e+00
 2.49297500e+00,        +7.071067811865e+00,        +1.078781512503e+01,        -2.569465588370e+00
 2.49300000e+00,        +7.071067811865e+00,        +1.078767245113e+01,        -2.569450526149e+00
 2.49302500e+00,        +7.071067811865e+00,        +1.078752977303e+01,        -2.569435456473e+00
 2.49305000e+00,        +7.071067811865e+00,        +1.078738709073e+01,        -2.569420379335e+00
 2.49307500e+00,        +7.071067811865e+00,        +1.078724440420e+01,        -2.569405294732e+00
 2.49310000e+00,        +7.071067811865e+00,        +1.078710171344e+01,        -2.569390202658e+00
 2.49312500e+00,        +7.071067811865e+00,        +1.078695901842e+01,        -2.569375103108e+00
 2.49315000e+00,        +7.071067811865e+00,        +1.078681631914e+01,        -2.569359996077e+00
 2.49317500e+00,        +7.071067811865e+00,        +1.078667361558e+01,        -2.569344881562e+00
 2.49320000e+00,        +7.071067811865e+00,        +1.078653090773e+01,        -2.569329759556e+00
 2.49322500e+00,        +7.071067811865e+00,        +1.078638819556e+01,        -2.569314630055e+00
 2.49325000e+00,        +7.071067811865e+00,        +1.078624547907e+01,        -2.569299493055e+00
 2.49327500e+00,        +7.071067811865e+00,        +1.078610275825e+01,        -2.569284348550e+00
 2.49330000e+00,        +7.071067811865e+00,        +1.078596003307e+01,        -2.569269196535e+00
 2.49332500e+00,        +7.071067811865e+00,        +1.078581730352e+01,        -2.569254037007e+00
 2.49335000e+00,        +7.071067811865e+00,        +1.078567456959e+01,        -2.569238869959e+00
 2.49337500e+00,        +7.071067811865e+00,        +1.078553183127e+01,        -2.569223695387e+00
 2.49340000e+00,        +7.071067811865e+00,        +1.078538908853e+01,        -2.569208513286e+00
 2.49342500e+00,        +7.071067811865e+00,        +1.078524634137e+01,        -2.569193323652e+00
 2.49345000e+00,        +7.071067811865e+00,        +1.078510358977e+01,        -2.569178126479e+00
 2.49347500e+00,        +7.071067811865e+00,        +1.078496083372e+01,        -2.569162921763e+00
 2.49350000e+00,        +7.071067811865e+00,        +1.078481807320e+01,        -2.569147709500e+00
 2.49352500e+00,        +7.071067811865e+00,        +1.078467530820e+01,        -2.569132489683e+00
 2.49355000e+00,        +7.071067811865e+00,        +1.078453253870e+01,        -2.569117262308e+00
 2.49357500e+00,        +7.071067811865e+00,        +1.078438976469e+01,        -2.569102027371e+00
 2.49360000e+00,        +7.071067811865e+00,        +1.078424698615e+01,        -2.569086784867e+00
 2.49362500e+00,        +7.071067811865e+00,        +1.078410420307e+01,        -2.569071534791e+00
 2.49365000e+00,        +7.071067811865e+00,        +1.078396141544e+01,        -2.569056277137e+00
 2.49367500e+00,        +7.071067811865e+00,        +1.078381862325e+01,        -2.569041011902e+00
 2.49370000e+00,        +7.071067811865e+00,        +1.078367582647e+01,        -2.569025739080e+00
 2.49372500e+00,        +7.071067811865e+00,        +1.078353302509e+01,        -2.569010458667e+00
 2.49375000e+00,        +7.071067811865e+00,        +1.078339021910e+01,        -2.568995170657e+00
 2.49377500e+00,        +7.071067811865e+00,        +1.078324740849e+01,        -2.568979875047e+00
 2.49380000e+00,        +7.071067811865e+00,        +1.078310459324e+01,        -2.568964571830e+00
 2.49382500e+00,        +7.071067811865e+00,        +1.078296177334e+01,        -2.568949261003e+00
 2.49385000e+00,        +7.071067811865e+00,        +1.078281894877e+01,        -2.568933942561e+00
 2.49387500e+00,        +7.071067811865e+00,        +1.078267611951e+01,        -2.568918616498e+00
 2.49390000e+00,        +7.071067811865e+00,        +1.078253328556e+01,        -2.568903282810e+00
 2.49392500e+00,        +7.071067811865e+00,        +1.078239044690e+01,        -2.568887941493e+00
 2.49395000e+00,        +7.071067811865e+00,        +1.078224760352e+01,        -2.568872592540e+00
 2.49397500e+00,        +7.071067811865e+00,        +1.078210475540e+01,        -2.568857235948e+00
 2.49400000e+00,        +7.071067811865e+00,        +1.078196190253e+01,        -2.568841871712e+00
 2.49402500e+00,        +7.071067811865e+00,        +1.078181904489e+01,        -2.568826499827e+00
 2.49405000e+00,        +7.071067811865e+00,        +1.078167618247e+01,        -2.568811120288e+00
 2.49407500e+00,        +7.071067811865e+00,        +1.078153331526e+01,        -2.568795733090e+00
 2.49410000e+00,        +7.071067811865e+00,        +1.078139044324e+01,        -2.568780338228e+00
 2.49412500e+00,        +7.071067811865e+00,        +1.078124756640e+01,        -2.568764935698e+00
 2.49415000e+00,        +7.071067811865e+00,        +1.078110468472e+01,        -2.568749525496e+00
 2.49417500e+00,        +7.071067811865e+00,        +1.078096179819e+01,        -2.568734107615e+00
 2.49420000e+00,        +7.071067811865e+00,        +1.078081890679e+01,        -2.568718682051e+00
 2.49422500e+00,        +7.071067811865e+00,        +1.078067601052e+01,        -2.568703248800e+00
 2.49425000e+00,        +7.071067811865e+00,        +1.078053310936e+01,        -2.568687807857e+00
 2.49427500e+00,        +7.071067811865e+00,        +1.078039020329e+01,        -2.568672359217e+00
 2.49430000e+00,        +7.071067811865e+00,        +1.078024729230e+01,        -2.568656902874e+00
 2.49432500e+00,        +7.071067811865e+00,        +1.078010437638e+01,        -2.568641438825e+00
 2.49435000e+00,        +7.071067811865e+00,        +1.077996145551e+01,        -2.568625967065e+00
 2.49437500e+00,        +7.071067811865e+00,        +1.077981852967e+01,        -2.568610487588e+00
 2.49440000e+00,        +7.071067811865e+00,        +1.077967559887e+01,        -2.568595000390e+00
 2.49442500e+00,        +7.071067811865e+00,        +1.077953266307e+01,        -2.568579505467e+00
 2.49445000e+00,        +7.071067811865e+00,        +1.077938972227e+01,        -2.568564002812e+00
 2.49447500e+00,        +7.071067811865e+00,        +1.077924677645e+01,        -2.568548492423e+00
 2.49450000e+00,        +7.071067811865e+00,        +1.077910382561e+01,        -2.568532974293e+00
 2.49452500e+00,        +7.071067811865e+00,        +1.077896086972e+01,        -2.568517448418e+00
 2.49455000e+00,        +7.071067811865e+00,        +1.077881790877e+01,        -2.568501914793e+00
 2.49457500e+00,        +7.071067811865e+00,        +1.077867494275e+01,        -2.568486373414e+00
 2.49460000e+00,        +7.071067811865e+00,        +1.077853197164e+01,        -2.568470824275e+00
 2.49462500e+00,        +7.071067811865e+00,        +1.077838899543e+01,        -2.568455267372e+00
 2.49465000e+00,        +7.071067811865e+00,        +1.077824601411e+01,        -2.568439702700e+00
 2.49467500e+00,        +7.071067811865e+00,        +1.077810302767e+01,        -2.568424130254e+00
 2.49470000e+00,        +7.071067811865e+00,        +1.077796003608e+01,        -2.568408550030e+00
 2.49472500e+00,        +7.071067811865e+00,        +1.077781703934e+01,        -2.568392962023e+00
 2.49475000e+00,        +7.071067811865e+00,        +1.077767403743e+01,        -2.568377366227e+00
 2.49477500e+00,        +7.071067811865e+00,        +1.077753103034e+01,        -2.568361762639e+00
 2.49480000e+00,        +7.071067811865e+00,        +1.077738801805e+01,        -2.568346151253e+00
 2.49482500e+00,        +7.071067811865e+00,        +1.077724500056e+01,        -2.568330532065e+00
 2.49485000e+00,        +7.071067811865e+00,        +1.077710197784e+01,        -2.568314905069e+00
 2.49487500e+00,        +7.071067811865e+00,        +1.077695894989e+01,        -2.568299270261e+00
 2.49490000e+00,        +7.071067811865e+00,        +1.077681591668e+01,        -2.568283627637e+00
 2.49492500e+00,        +7.071067811865e+00,        +1.077667287822e+01,        -2.568267977191e+00
 2.49495000e+00,        +7.071067811865e+00,        +1.077652983447e+01,        -2.568252318919e+00
 2.49497500e+00,        +7.071067811865e+00,        +1.077638678544e+01,        -2.568236652815e+00
 2.49500000e+00,        +7.071067811865e+00,        +1.077624373110e+01,        -2.568220978876e+00
 2.49502500e+00,        +7.071067811865e+00,        +1.077610067144e+01,        -2.568205297096e+00
 2.49505000e+00,        +7.071067811865e+00,        +1.077595760646e+01,        -2.568189607470e+00
 2.49507500e+00,        +7.071067811865e+00,        +1.077581453613e+01,        -2.568173909995e+00
 2.49510000e+00,        +7.071067811865e+00,        +1.077567146044e+01,        -2.568158204664e+00
 2.49512500e+00,        +7.071067811865e+00,        +1.077552837937e+01,        -2.568142491474e+00
 2.49515000e+00,        +7.071067811865e+00,        +1.077538529293e+01,        -2.568126770419e+00
 2.49517500e+00,        +7.071067811865e+00,        +1.077524220108e+01,        -2.568111041494e+00
 2.49520000e+00,        +7.071067811865e+00,        +1.077509910383e+01,        -2.568095304696e+00
 2.49522500e+00,        +7.071067811865e+00,        +1.077495600114e+01,        -2.568079560018e+00
 2.49525000e+00,        +7.071067811865e+00,        +1.077481289302e+01,        -2.568063807457e+00
 2.49527500e+00,        +7.071067811865e+00,        +1.077466977945e+01,        -2.568048047008e+00
 2.49530000e+00,        +7.071067811865e+00,        +1.077452666041e+01,        -2.568032278666e+00
 2.49532500e+00,        +7.071067811865e+00,        +1.077438353589e+01,        -2.568016502425e+00
 2.49535000e+00,        +7.071067811865e+00,        +1.077424040588e+01,        -2.568000718282e+00
 2.49537500e+00,        +7.071067811865e+00,        +1.077409727036e+01,        -2.567984926231e+00
 2.49540000e+00,        +7.071067811865e+00,        +1.077395412932e+01,        -2.567969126268e+00
 2.49542500e+00,        +7.071067811865e+00,        +1.077381098275e+01,        -2.567953318387e+00
 2.49545000e+00,        +7.071067811865e+00,        +1.077366783064e+01,        -2.567937502585e+00
 2.49547500e+00,        +7.071067811865e+00,        +1.077352467296e+01,        -2.567921678857e+00
 2.49550000e+00,        +7.071067811865e+00,        +1.077338150972e+01,        -2.567905847197e+00
 2.49552500e+00,        +7.071067811865e+00,        +1.077323834088e+01,        -2.567890007601e+00
 2.49555000e+00,        +7.071067811865e+00,        +1.077309516645e+01,        -2.567874160064e+00
 2.49557500e+00,        +7.071067811865e+00,        +1.077295198640e+01,        -2.567858304581e+00
 2.49560000e+00,        +7.071067811865e+00,        +1.077280880073e+01,        -2.567842441148e+00
 2.49562500e+00,        +7.071067811865e+00,        +1.077266560942e+01,        -2.567826569759e+00
 2.49565000e+00,        +7.071067811865e+00,        +1.077252241246e+01,        -2.567810690411e+00
 2.49567500e+00,        +7.071067811865e+00,        +1.077237920983e+01,        -2.567794803098e+00
 2.49570000e+00,        +7.071067811865e+00,        +1.077223600152e+01,        -2.567778907815e+00
 2.49572500e+00,        +7.071067811865e+00,        +1.077209278752e+01,        -2.567763004558e+00
 2.49575000e+00,        +7.071067811865e+00,        +1.077194956782e+01,        -2.567747093322e+00
 2.49577500e+00,        +7.071067811865e+00,        +1.077180634239e+01,        -2.567731174102e+00
 2.49580000e+00,        +7.071067811865e+00,        +1.077166311124e+01,        -2.567715246893e+00
 2.49582500e+00,        +7.071067811865e+00,        +1.077151987434e+01,        -2.567699311691e+00
 2.49585000e+00,        +7.071067811865e+00,        +1.077137663168e+01,        -2.567683368491e+00
 2.49587500e+00,        +7.071067811865e+00,        +1.077123338325e+01,        -2.567667417288e+00
 2.49590000e+00,        +7.071067811865e+00,        +1.077109012904e+01,        -2.567651458078e+00
 2.49592500e+00,        +7.071067811865e+00,        +1.077094686902e+01,        -2.567635490855e+00
 2.49595000e+00,        +7.071067811865e+00,        +1.077080360320e+01,        -2.567619515614e+00
 2.49597500e+00,        +7.071067811865e+00,        +1.077066033156e+01,        -2.567603532352e+00
 2.49600000e+00,        +7.071067811865e+00,        +1.077051705407e+01,        -2.567587541063e+00
 2.49602500e+00,        +7.071067811865e+00,        +1.077037377074e+01,        -2.567571541743e+00
 2.49605000e+00,        +7.071067811865e+00,        +1.077023048154e+01,        -2.567555534386e+00
 2.49607500e+00,        +7.071067811865e+00,        +1.077008718647e+01,        -2.567539518988e+00
 2.49610000e+00,        +7.071067811865e+00,        +1.076994388551e+01,        -2.567523495544e+00
 2.49612500e+00,        +7.071067811865e+00,        +1.076980057865e+01,        -2.567507464050e+00
 2.49615000e+00,        +7.071067811865e+00,        +1.076965726587e+01,        -2.567491424500e+00
 2.49617500e+00,        +7.071067811865e+00,        +1.076951394716e+01,        -2.567475376891e+00
 2.49620000e+00,        +7.071067811865e+00,        +1.076937062251e+01,        -2.567459321216e+00
 2.49622500e+00,        +7.071067811865e+00,        +1.076922729191e+01,        -2.567443257472e+00
 2.49625000e+00,        +7.071067811865e+00,        +1.076908395534e+01,        -2.567427185653e+00
 2.49627500e+00,        +7.071067811865e+00,        +1.076894061279e+01,        -2.567411105756e+00
 2.49630000e+00,        +7.071067811865e+00,        +1.076879726425e+01,        -2.567395017774e+00
 2.49632500e+00,        +7.071067811865e+00,        +1.076865390969e+01,        -2.567378921704e+00
 2.49635000e+00,        +7.071067811865e+00,        +1.076851054913e+01,        -2.567362817540e+00
 2.49637500e+00,        +7.071067811865e+00,        +1.076836718252e+01,        -2.567346705277e+00
 2.49640000e+00,        +7.071067811865e+00,        +1.076822380988e+01,        -2.567330584912e+00
 2.49642500e+00,        +7.071067811865e+00,        +1.076808043117e+01,        -2.567314456439e+00
 2.49645000e+00,        +7.071067811865e+00,        +1.076793704639e+01,        -2.567298319854e+00
 2.49647500e+00,        +7.071067811865e+00,        +1.076779365553e+01,        -2.567282175151e+00
 2.49650000e+00,        +7.071067811865e+00,        +1.076765025858e+01,        -2.567266022327e+00
 2.49652500e+00,        +7.071067811865e+00,        +1.076750685551e+01,        -2.567249861375e+00
 2.49655000e+00,        +7.071067811865e+00,        +1.076736344632e+01,        -2.567233692292e+00
 2.49657500e+00,        +7.071067811865e+00,        +1.076722003100e+01,        -2.567217515072e+00
 2.49660000e+00,        +7.071067811865e+00,        +1.076707660952e+01,        -2.567201329711e+00
 2.49662500e+00,        +7.071067811865e+00,        +1.076693318189e+01,        -2.567185136205e+00
 2.49665000e+00,        +7.071067811865e+00,        +1.076678974808e+01,        -2.567168934548e+00
 2.49667500e+00,        +7.071067811865e+00,        +1.076664630808e+01,        -2.567152724735e+00
 2.49670000e+00,        +7.071067811865e+00,        +1.076650286189e+01,        -2.567136506762e+00
 2.49672500e+00,        +7.071067811865e+00,        +1.076635940948e+01,        -2.567120280624e+00
 2.49675000e+00,        +7.071067811865e+00,        +1.076621595085e+01,        -2.567104046317e+00
 2.49677500e+00,        +7.071067811865e+00,        +1.076607248597e+01,        -2.567087803835e+00
 2.49680000e+00,        +7.071067811865e+00,        +1.076592901485e+01,        -2.567071553173e+00
 2.49682500e+00,        +7.071067811865e+00,        +1.076578553746e+01,        -2.567055294328e+00
 2.49685000e+00,        +7.071067811865e+00,        +1.076564205380e+01,        -2.567039027294e+00
 2.49687500e+00,        +7.071067811865e+00,        +1.076549856385e+01,        -2.567022752066e+00
 2.49690000e+00,        +7.071067811865e+00,        +1.076535506759e+01,        -2.567006468640e+00
 2.49692500e+00,        +7.071067811865e+00,        +1.076521156503e+01,        -2.566990177011e+00
 2.49695000e+00,        +7.071067811865e+00,        +1.076506805613e+01,        -2.566973877174e+00
 2.49697500e+00,        +7.071067811865e+00,        +1.076492454089e+01,        -2.566957569124e+00
 2.49700000e+00,        +7.071067811865e+00,        +1.076478101930e+01,        -2.566941252857e+00
 2.49702500e+00,        +7.071067811865e+00,        +1.076463749135e+01,        -2.566924928368e+00
 2.49705000e+00,        +7.071067811865e+00,        +1.076449395701e+01,        -2.566908595652e+00
 2.49707500e+00,        +7.071067811865e+00,        +1.076435041629e+01,        -2.566892254704e+00
 2.49710000e+00,        +7.071067811865e+00,        +1.076420686916e+01,        -2.566875905520e+00
 2.49712500e+00,        +7.071067811865e+00,        +1.076406331561e+01,        -2.566859548094e+00
 2.49715000e+00,        +7.071067811865e+00,        +1.076391975564e+01,        -2.566843182422e+00
 2.49717500e+00,        +7.071067811865e+00,        +1.076377618922e+01,        -2.566826808500e+00
 2.49720000e+00,        +7.071067811865e+00,        +1.076363261635e+01,        -2.566810426322e+00
 2.49722500e+00,        +7.071067811865e+00,        +1.076348903701e+01,        -2.566794035884e+00
 2.49725000e+00,        +7.071067811865e+00,        +1.076334545120e+01,        -2.566777637181e+00
 2.49727500e+00,        +7.071067811865e+00,        +1.076320185889e+01,        -2.566761230207e+00
 2.49730000e+00,        +7.071067811865e+00,        +1.076305826007e+01,        -2.566744814959e+00
 2.49732500e+00,        +7.071067811865e+00,        +1.076291465474e+01,        -2.566728391432e+00
 2.49735000e+00,        +7.071067811865e+00,        +1.076277104288e+01,        -2.566711959621e+00
 2.49737500e+00,        +7.071067811865e+00,        +1.076262742447e+01,        -2.566695519520e+00
 2.49740000e+00,        +7.071067811865e+00,        +1.076248379951e+01,        -2.566679071126e+00
 2.49742500e+00,        +7.071067811865e+00,        +1.076234016799e+01,        -2.566662614434e+00
 2.49745000e+00,        +7.071067811865e+00,        +1.076219652988e+01,        -2.566646149438e+00
 2.49747500e+00,        +7.071067811865e+00,        +1.076205288518e+01,        -2.566629676134e+00
 2.49750000e+00,        +7.071067811865e+00,        +1.076190923387e+01,        -2.566613194517e+00
 2.49752500e+00,        +7.071067811865e+00,        +1.076176557595e+01,        -2.566596704583e+00
 2.49755000e+00,        +7.071067811865e+00,        +1.076162191139e+01,        -2.566580206326e+00
 2.49757500e+00,        +7.071067811865e+00,        +1.076147824019e+01,        -2.566563699742e+00
 2.49760000e+00,        +7.071067811865e+00,        +1.076133456234e+01,        -2.566547184826e+00
 2.49762500e+00,        +7.071067811865e+00,        +1.076119087782e+01,        -2.566530661574e+00
 2.49765000e+00,        +7.071067811865e+00,        +1.076104718661e+01,        -2.566514129980e+00
 2.49767500e+00,        +7.071067811865e+00,        +1.076090348872e+01,        -2.566497590039e+00
 2.49770000e+00,        +7.071067811865e+00,        +1.076075978412e+01,        -2.566481041748e+00
 2.49772500e+00,        +7.071067811865e+00,        +1.076061607280e+01,        -2.566464485101e+00
 2.49775000e+00,        +7.071067811865e+00,        +1.076047235475e+01,        -2.566447920093e+00
 2.49777500e+00,        +7.071067811865e+00,        +1.076032862996e+01,        -2.566431346720e+00
 2.49780000e+00,        +7.071067811865e+00,        +1.076018489841e+01,        -2.566414764977e+00
 2.49782500e+00,        +7.071067811865e+00,        +1.076004116010e+01,        -2.566398174859e+00
 2.49785000e+00,        +7.071067811865e+00,        +1.075989741500e+01,        -2.566381576362e+00
 2.49787500e+00,        +7.071067811865e+00,        +1.075975366311e+01,        -2.566364969479e+00
 2.49790000e+00,        +7.071067811865e+00,        +1.075960990442e+01,        -2.566348354208e+00
 2.49792500e+00,        +7.071067811865e+00,        +1.075946613891e+01,        -2.566331730542e+00
 2.49795000e+00,        +7.071067811865e+00,        +1.075932236657e+01,        -2.566315098478e+00
 2.49797500e+00,        +7.071067811865e+00,        +1.075917858739e+01,        -2.566298458010e+00
 2.49800000e+00,        +7.071067811865e+00,        +1.075903480135e+01,        -2.566281809134e+00
 2.49802500e+00,        +7.071067811865e+00,        +1.075889100844e+01,        -2.566265151844e+00
 2.49805000e+00,        +7.071067811865e+00,        +1.075874720866e+01,        -2.566248486137e+00
 2.49807500e+00,        +7.071067811865e+00,        +1.075860340199e+01,        -2.566231812007e+00
 2.49810000e+00,        +7.071067811865e+00,        +1.075845958841e+01,        -2.566215129449e+00
 2.49812500e+00,        +7.071067811865e+00,        +1.075831576791e+01,        -2.566198438459e+00
 2.49815000e+00,        +7.071067811865e+00,        +1.075817194049e+01,        -2.566181739032e+00
 2.49817500e+00,        +7.071067811865e+00,        +1.075802810612e+01,        -2.566165031163e+00
 2.49820000e+00,        +7.071067811865e+00,        +1.075788426480e+01,        -2.566148314848e+00
 2.49822500e+00,        +7.071067811865e+00,        +1.075774041652e+01,        -2.566131590081e+00
 2.49825000e+00,        +7.071067811865e+00,        +1.075759656126e+01,        -2.566114856857e+00
 2.49827500e+00,        +7.071067811865e+00,        +1.075745269900e+01,        -2.566098115173e+00
 2.49830000e+00,        +7.071067811865e+00,        +1.075730882975e+01,        -2.566081365023e+00
 2.49832500e+00,        +7.071067811865e+00,        +1.075716495348e+01,        -2.566064606402e+00
 2.49835000e+00,        +7.071067811865e+00,        +1.075702107018e+01,        -2.566047839306e+00
 2.49837500e+00,        +7.071067811865e+00,        +1.075687717984e+01,        -2.566031063730e+00
 2.49840000e+00,        +7.071067811865e+00,        +1.075673328246e+01,        -2.566014279669e+00
 2.49842500e+00,        +7.071067811865e+00,        +1.075658937800e+01,        -2.565997487118e+00
 2.49845000e+00,        +7.071067811865e+00,        +1.075644546647e+01,        -2.565980686072e+00
 2.49847500e+00,        +7.071067811865e+00,        +1.075630154786e+01,        -2.565963876527e+00
 2.49850000e+00,        +7.071067811865e+00,        +1.075615762214e+01,        -2.565947058478e+00
 2.49852500e+00,        +7.071067811865e+00,        +1.075601368931e+01,        -2.565930231920e+00
 2.49855000e+00,        +7.071067811865e+00,        +1.075586974935e+01,        -2.565913396848e+00
 2.49857500e+00,        +7.071067811865e+00,        +1.075572580226e+01,        -2.565896553258e+00
 2.49860000e+00,        +7.071067811865e+00,        +1.075558184802e+01,        -2.565879701144e+00
 2.49862500e+00,        +7.071067811865e+00,        +1.075543788662e+01,        -2.565862840502e+00
 2.49865000e+00,        +7.071067811865e+00,        +1.075529391804e+01,        -2.565845971328e+00
 2.49867500e+00,        +7.071067811865e+00,        +1.075514994227e+01,        -2.565829093615e+00
 2.49870000e+00,        +7.071067811865e+00,        +1.075500595931e+01,        -2.565812207360e+00
 2.49872500e+00,        +7.071067811865e+00,        +1.075486196914e+01,        -2.565795312558e+00
 2.49875000e+00,        +7.071067811865e+00,        +1.075471797174e+01,        -2.565778409204e+00
 2.49877500e+00,        +7.071067811865e+00,        +1.075457396712e+01,        -2.565761497292e+00
 2.49880000e+00,        +7.071067811865e+00,        +1.075442995524e+01,        -2.565744576819e+00
 2.49882500e+00,        +7.071067811865e+00,        +1.075428593610e+01,        -2.565727647780e+00
 2.49885000e+00,        +7.071067811865e+00,        +1.075414190970e+01,        -2.565710710169e+00
 2.49887500e+00,        +7.071067811865e+00,        +1.075399787601e+01,        -2.565693763982e+00
 2.49890000e+00,        +7.071067811865e+00,        +1.075385383502e+01,        -2.565676809214e+00
 2.49892500e+00,        +7.071067811865e+00,        +1.075370978673e+01,        -2.565659845860e+00
 2.49895000e+00,        +7.071067811865e+00,        +1.075356573112e+01,        -2.565642873915e+00
 2.49897500e+00,        +7.071067811865e+00,        +1.075342166817e+01,        -2.565625893376e+00
 2.49900000e+00,        +7.071067811865e+00,        +1.075327759788e+01,        -2.565608904236e+00
 2.49902500e+00,        +7.071067811865e+00,        +1.075313352024e+01,        -2.565591906491e+00
 2.49905000e+00,        +7.071067811865e+00,        +1.075298943523e+01,        -2.565574900136e+00
 2.49907500e+00,        +7.071067811865e+00,        +1.075284534283e+01,        -2.565557885167e+00
 2.49910000e+00,        +7.071067811865e+00,        +1.075270124305e+01,        -2.565540861578e+00
 2.49912500e+00,        +7.071067811865e+00,        +1.075255713586e+01,        -2.565523829365e+00
 2.49915000e+00,        +7.071067811865e+00,        +1.075241302126e+01,        -2.565506788523e+00
 2.49917500e+00,        +7.071067811865e+00,        +1.075226889922e+01,        -2.565489739047e+00
 2.49920000e+00,        +7.071067811865e+00,        +1.075212476975e+01,        -2.565472680933e+00
 2.49922500e+00,        +7.071067811865e+00,        +1.075198063283e+01,        -2.565455614175e+00
 2.49925000e+00,        +7.071067811865e+00,        +1.075183648844e+01,        -2.565438538768e+00
 2.49927500e+00,        +7.071067811865e+00,        +1.075169233657e+01,        -2.565421454709e+00
 2.49930000e+00,        +7.071067811865e+00,        +1.075154817721e+01,        -2.565404361991e+00
 2.49932500e+00,        +7.071067811865e+00,        +1.075140401036e+01,        -2.565387260611e+00
 2.49935000e+00,        +7.071067811865e+00,        +1.075125983599e+01,        -2.565370150563e+00
 2.49937500e+00,        +7.071067811865e+00,        +1.075111565410e+01,        -2.565353031843e+00
 2.49940000e+00,        +7.071067811865e+00,        +1.075097146467e+01,        -2.565335904446e+00
 2.49942500e+00,        +7.071067811865e+00,        +1.075082726769e+01,        -2.565318768366e+00
 2.49945000e+00,        +7.071067811865e+00,        +1.075068306315e+01,        -2.565301623600e+00
 2.49947500e+00,        +7.071067811865e+00,        +1.075053885104e+01,        -2.565284470141e+00
 2.49950000e+00,        +7.071067811865e+00,        +1.075039463135e+01,        -2.565267307987e+00
 2.49952500e+00,        +7.071067811865e+00,        +1.075025040406e+01,        -2.565250137131e+00
 2.49955000e+00,        +7.071067811865e+00,        +1.075010616916e+01,        -2.565232957569e+00
 2.49957500e+00,        +7.071067811865e+00,        +1.074996192664e+01,        -2.565215769295e+00
 2.49960000e+00,        +7.071067811865e+00,        +1.074981767649e+01,        -2.565198572306e+00
 2.49962500e+00,        +7.071067811865e+00,        +1.074967341869e+01,        -2.565181366596e+00
 2.49965000e+00,        +7.071067811865e+00,        +1.074952915324e+01,        -2.565164152161e+00
 2.49967500e+00,        +7.071067811865e+00,        +1.074938488012e+01,        -2.565146928996e+00
 2.49970000e+00,        +7.071067811865e+00,        +1.074924059932e+01,        -2.565129697095e+00
 2.49972500e+00,        +7.071067811865e+00,        +1.074909631083e+01,        -2.565112456454e+00
 2.49975000e+00,        +7.071067811865e+00,        +1.074895201463e+01,        -2.565095207068e+00
 2.49977500e+00,        +7.071067811865e+00,        +1.074880771072e+01,        -2.565077948933e+00
 2.49980000e+00,        +7.071067811865e+00,        +1.074866339908e+01,        -2.565060682043e+00
 2.49982500e+00,        +7.071067811865e+00,        +1.074851907970e+01,        -2.565043406394e+00
 2.49985000e+00,        +7.071067811865e+00,        +1.074837475257e+01,        -2.565026121980e+00
 2.49987500e+00,        +7.071067811865e+00,        +1.074823041768e+01,        -2.565008828798e+00
 2.49990000e+00,        +7.071067811865e+00,        +1.074808607501e+01,        -2.564991526841e+00
 2.49992500e+00,        +7.071067811865e+00,        +1.074794172456e+01,        -2.564974216106e+00
 2.49995000e+00,        +7.071067811865e+00,        +1.074779736631e+01,        -2.564956896587e+00
 2.49997500e+00,        +7.071067811865e+00,        +1.074765300024e+01,        -2.564939568280e+00
 2.50000000e+00,        +7.071067811865e+00,        +1.074750862635e+01,        -2.564922231180e+00
 2.50002500e+00,        +7.071067811865e+00,        +1.074736424463e+01,        -2.564904885281e+00
 2.50005000e+00,        +7.071067811865e+00,        +1.074721985507e+01,        -2.564887530580e+00
 2.50007500e+00,        +7.071067811865e+00,        +1.074707545764e+01,        -2.564870167070e+00
 2.50010000e+00,        +7.071067811865e+00,        +1.074693105234e+01,        -2.564852794748e+00
 2.50012500e+00,        +7.071067811865e+00,        +1.074678663917e+01,        -2.564835413609e+00
 2.50015000e+00,        +7.071067811865e+00,        +1.074664221810e+01,        -2.564818023647e+00
 2.50017500e+00,        +7.071067811865e+00,        +1.074649778912e+01,        -2.564800624857e+00
 2.50020000e+00,        +7.071067811865e+00,        +1.074635335223e+01,        -2.564783217236e+00
 2.50022500e+00,        +7.071067811865e+00,        +1.074620890740e+01,        -2.564765800778e+00
 2.50025000e+00,        +7.071067811865e+00,        +1.074606445464e+01,        -2.564748375478e+00
 2.50027500e+00,        +7.071067811865e+00,        +1.074591999392e+01,        -2.564730941331e+00
 2.50030000e+00,        +7.071067811865e+00,        +1.074577552524e+01,        -2.564713498333e+00
 2.50032500e+00,        +7.071067811865e+00,        +1.074563104859e+01,        -2.564696046478e+00
 2.50035000e+00,        +7.071067811865e+00,        +1.074548656394e+01,        -2.564678585763e+00
 2.50037500e+00,        +7.071067811865e+00,        +1.074534207130e+01,        -2.564661116181e+00
 2.50040000e+00,        +7.071067811865e+00,        +1.074519757064e+01,        -2.564643637728e+00
 2.50042500e+00,        +7.071067811865e+00,        +1.074505306196e+01,        -2.564626150399e+00
 2.50045000e+00,        +7.071067811865e+00,        +1.074490854525e+01,        -2.564608654189e+00
 2.50047500e+00,        +7.071067811865e+00,        +1.074476402048e+01,        -2.564591149094e+00
 2.50050000e+00,        +7.071067811865e+00,        +1.074461948766e+01,        -2.564573635109e+00
 2.50052500e+00,        +7.071067811865e+00,        +1.074447494677e+01,        -2.564556112228e+00
 2.50055000e+00,        +7.071067811865e+00,        +1.074433039780e+01,        -2.564538580447e+00
 2.50057500e+00,        +7.071067811865e+00,        +1.074418584074e+01,        -2.564521039761e+00
 2.50060000e+00,        +7.071067811865e+00,        +1.074404127556e+01,        -2.564503490165e+00
 2.50062500e+00,        +7.071067811865e+00,        +1.074389670228e+01,        -2.564485931654e+00
 2.50065000e+00,        +7.071067811865e+00,        +1.074375212086e+01,        -2.564468364223e+00
 2.50067500e+00,        +7.071067811865e+00,        +1.074360753130e+01,        -2.564450787868e+00
 2.50070000e+00,        +7.071067811865e+00,        +1.074346293359e+01,        -2.564433202583e+00
 2.50072500e+00,        +7.071067811865e+00,        +1.074331832771e+01,        -2.564415608364e+00
 2.50075000e+00,        +7.071067811865e+00,        +1.074317371366e+01,        -2.564398005206e+00
 2.50077500e+00,        +7.071067811865e+00,        +1.074302909142e+01,        -2.564380393104e+00
 2.50080000e+00,        +7.071067811865e+00,        +1.074288446099e+01,        -2.564362772052e+00
 2.50082500e+00,        +7.071067811865e+00,        +1.074273982234e+01,        -2.564345142047e+00
 2.50085000e+00,        +7.071067811865e+00,        +1.074259517547e+01,        -2.564327503083e+00
 2.50087500e+00,        +7.071067811865e+00,        +1.074245052036e+01,        -2.564309855156e+00
 2.50090000e+00,        +7.071067811865e+00,        +1.074230585701e+01,        -2.564292198259e+00
 2.50092500e+00,        +7.071067811865e+00,        +1.074216118540e+01,        -2.564274532390e+00
 2.50095000e+00,        +7.071067811865e+00,        +1.074201650552e+01,        -2.564256857542e+00
 2.50097500e+00,        +7.071067811865e+00,        +1.074187181736e+01,        -2.564239173711e+00
 2.50100000e+00,        +7.071067811865e+00,        +1.074172712091e+01,        -2.564221480891e+00
 2.50102500e+00,        +7.071067811865e+00,        +1.074158241615e+01,        -2.564203779079e+00
 2.50105000e+00,        +7.071067811865e+00,        +1.074143770308e+01,        -2.564186068269e+00
 2.50107500e+00,        +7.071067811865e+00,        +1.074129298168e+01,        -2.564168348456e+00
 2.50110000e+00,        +7.071067811865e+00,        +1.074114825194e+01,        -2.564150619635e+00
 2.50112500e+00,        +7.071067811865e+00,        +1.074100351385e+01,        -2.564132881801e+00
 2.50115000e+00,        +7.071067811865e+00,        +1.074085876740e+01,        -2.564115134950e+00
 2.50117500e+00,        +7.071067811865e+00,        +1.074071401257e+01,        -2.564097379077e+00
 2.50120000e+00,        +7.071067811865e+00,        +1.074056924936e+01,        -2.564079614176e+00
 2.50122500e+00,        +7.071067811865e+00,        +1.074042447775e+01,        -2.564061840243e+00
 2.50125000e+00,        +7.071067811865e+00,        +1.074027969773e+01,        -2.564044057273e+00
 2.50127500e+00,        +7.071067811865e+00,        +1.074013490929e+01,        -2.564026265260e+00
 2.50130000e+00,        +7.071067811865e+00,        +1.073999011242e+01,        -2.564008464201e+00
 2.50132500e+00,        +7.071067811865e+00,        +1.073984530710e+01,        -2.563990654090e+00
 2.50135000e+00,        +7.071067811865e+00,        +1.073970049333e+01,        -2.563972834922e+00
 2.50137500e+00,        +7.071067811865e+00,        +1.073955567109e+01,        -2.563955006692e+00
 2.50140000e+00,        +7.071067811865e+00,        +1.073941084038e+01,        -2.563937169395e+00
 2.50142500e+00,        +7.071067811865e+00,        +1.073926600117e+01,        -2.563919323027e+00
 2.50145000e+00,        +7.071067811865e+00,        +1.073912115346e+01,        -2.563901467583e+00
 2.50147500e+00,        +7.071067811865e+00,        +1.073897629724e+01,        -2.563883603057e+00
 2.50150000e+00,        +7.071067811865e+00,        +1.073883143249e+01,        -2.563865729444e+00
 2.50152500e+00,        +7.071067811865e+00,        +1.073868655921e+01,        -2.563847846741e+00
 2.50155000e+00,        +7.071067811865e+00,        +1.073854167737e+01,        -2.563829954941e+00
 2.50157500e+00,        +7.071067811865e+00,        +1.073839678698e+01,        -2.563812054040e+00
 2.50160000e+00,        +7.071067811865e+00,        +1.073825188802e+01,        -2.563794144032e+00
 2.50162500e+00,        +7.071067811865e+00,        +1.073810698047e+01,        -2.563776224914e+00
 2.50165000e+00,        +7.071067811865e+00,        +1.073796206433e+01,        -2.563758296680e+00
 2.50167500e+00,        +7.071067811865e+00,        +1.073781713959e+01,        -2.563740359325e+00
 2.50170000e+00,        +7.071067811865e+00,        +1.073767220622e+01,        -2.563722412845e+00
 2.50172500e+00,        +7.071067811865e+00,        +1.073752726423e+01,        -2.563704457233e+00
 2.50175000e+00,        +7.071067811865e+00,        +1.073738231360e+01,        -2.563686492486e+00
 2.50177500e+00,        +7.071067811865e+00,        +1.073723735431e+01,        -2.563668518598e+00
 2.50180000e+00,        +7.071067811865e+00,        +1.073709238637e+01,        -2.563650535564e+00
 2.50182500e+00,        +7.071067811865e+00,        +1.073694740974e+01,        -2.563632543380e+00
 2.50185000e+00,        +7.071067811865e+00,        +1.073680242443e+01,        -2.563614542041e+00
 2.50187500e+00,        +7.071067811865e+00,        +1.073665743042e+01,        -2.563596531541e+00
 2.50190000e+00,        +7.071067811865e+00,        +1.073651242771e+01,        -2.563578511876e+00
 2.50192500e+00,        +7.071067811865e+00,        +1.073636741627e+01,        -2.563560483040e+00
 2.50195000e+00,        +7.071067811865e+00,        +1.073622239609e+01,        -2.563542445029e+00
 2.50197500e+00,        +7.071067811865e+00,        +1.073607736718e+01,        -2.563524397838e+00
 2.50200000e+00,        +7.071067811865e+00,        +1.073593232951e+01,        -2.563506341461e+00
 2.50202500e+00,        +7.071067811865e+00,        +1.073578728307e+01,        -2.563488275895e+00
 2.50205000e+00,        +7.071067811865e+00,        +1.073564222785e+01,        -2.563470201133e+00
 2.50207500e+00,        +7.071067811865e+00,        +1.073549716384e+01,        -2.563452117171e+00
 2.50210000e+00,        +7.071067811865e+00,        +1.073535209103e+01,        -2.563434024005e+00
 2.50212500e+00,        +7.071067811865e+00,        +1.073520700941e+01,        -2.563415921628e+00
 2.50215000e+00,        +7.071067811865e+00,        +1.073506191896e+01,        -2.563397810036e+00
 2.50217500e+00,        +7.071067811865e+00,        +1.073491681967e+01,        -2.563379689224e+00
 2.50220000e+00,        +7.071067811865e+00,        +1.073477171154e+01,        -2.563361559188e+00
 2.50222500e+00,        +7.071067811865e+00,        +1.073462659455e+01,        -2.563343419921e+00
 2.50225000e+00,        +7.071067811865e+00,        +1.073448146869e+01,        -2.563325271420e+00
 2.50227500e+00,        +7.071067811865e+00,        +1.073433633395e+01,        -2.563307113678e+00
 2.50230000e+00,        +7.071067811865e+00,        +1.073419119031e+01,        -2.563288946692e+00
 2.50232500e+00,        +7.071067811865e+00,        +1.073404603777e+01,        -2.563270770456e+00
 2.50235000e+00,        +7.071067811865e+00,        +1.073390087631e+01,        -2.563252584966e+00
 2.50237500e+00,        +7.071067811865e+00,        +1.073375570592e+01,        -2.563234390215e+00
 2.50240000e+00,        +7.071067811865e+00,        +1.073361052659e+01,        -2.563216186200e+00
 2.50242500e+00,        +7.071067811865e+00,        +1.073346533832e+01,        -2.563197972915e+00
 2.50245000e+00,        +7.071067811865e+00,        +1.073332014108e+01,        -2.563179750355e+00
 2.50247500e+00,        +7.071067811865e+00,        +1.073317493486e+01,        -2.563161518516e+00
 2.50250000e+00,        +7.071067811865e+00,        +1.073302971967e+01,        -2.563143277392e+00
 2.50252500e+00,        +7.071067811865e+00,        +1.073288449547e+01,        -2.563125026978e+00
 2.50255000e+00,        +7.071067811865e+00,        +1.073273926227e+01,        -2.563106767270e+00
 2.50257500e+00,        +7.071067811865e+00,        +1.073259402005e+01,        -2.563088498261e+00
 2.50260000e+00,        +7.071067811865e+00,        +1.073244876879e+01,        -2.563070219948e+00
 2.50262500e+00,        +7.071067811865e+00,        +1.073230350850e+01,        -2.563051932326e+00
 2.50265000e+00,        +7.071067811865e+00,        +1.073215823915e+01,        -2.563033635388e+00
 2.50267500e+00,        +7.071067811865e+00,        +1.073201296073e+01,        -2.563015329131e+00
 2.50270000e+00,        +7.071067811865e+00,        +1.073186767324e+01,        -2.562997013550e+00
 2.50272500e+00,        +7.071067811865e+00,        +1.073172237666e+01,        -2.562978688638e+00
 2.50275000e+00,        +7.071067811865e+00,        +1.073157707098e+01,        -2.562960354392e+00
 2.50277500e+00,        +7.071067811865e+00,        +1.073143175619e+01,        -2.562942010806e+00
 2.50280000e+00,        +7.071067811865e+00,        +1.073128643228e+01,        -2.562923657875e+00
 2.50282500e+00,        +7.071067811865e+00,        +1.073114109924e+01,        -2.562905295595e+00
 2.50285000e+00,        +7.071067811865e+00,        +1.073099575705e+01,        -2.562886923960e+00
 2.50287500e+00,        +7.071067811865e+00,        +1.073085040570e+01,        -2.562868542965e+00
 2.50290000e+00,        +7.071067811865e+00,        +1.073070504518e+01,        -2.562850152605e+00
 2.50292500e+00,        +7.071067811865e+00,        +1.073055967549e+01,        -2.562831752875e+00
 2.50295000e+00,        +7.071067811865e+00,        +1.073041429660e+01,        -2.562813343770e+00
 2.50297500e+00,        +7.071067811865e+00,        +1.073026890852e+01,        -2.562794925286e+00
 2.50300000e+00,        +7.071067811865e+00,        +1.073012351122e+01,        -2.562776497416e+00
 2.50302500e+00,        +7.071067811865e+00,        +1.072997810469e+01,        -2.562758060157e+00
 2.50305000e+00,        +7.071067811865e+00,        +1.072983268893e+01,        -2.562739613502e+00
 2.50307500e+00,        +7.071067811865e+00,        +1.072968726392e+01,        -2.562721157448e+00
 2.50310000e+00,        +7.071067811865e+00,        +1.072954182965e+01,        -2.562702691988e+00
 2.50312500e+00,        +7.071067811865e+00,        +1.072939638611e+01,        -2.562684217119e+00
 2.50315000e+00,        +7.071067811865e+00,        +1.072925093329e+01,        -2.562665732834e+00
 2.50317500e+00,        +7.071067811865e+00,        +1.072910547118e+01,        -2.562647239129e+00
 2.50320000e+00,        +7.071067811865e+00,        +1.072895999976e+01,        -2.562628735998e+00
 2.50322500e+00,        +7.071067811865e+00,        +1.072881451903e+01,        -2.562610223438e+00
 2.50325000e+00,        +7.071067811865e+00,        +1.072866902897e+01,        -2.562591701442e+00
 2.50327500e+00,        +7.071067811865e+00,        +1.072852352957e+01,        -2.562573170005e+00
 2.50330000e+00,        +7.071067811865e+00,        +1.072837802082e+01,        -2.562554629124e+00
 2.50332500e+00,        +7.071067811865e+00,        +1.072823250270e+01,        -2.562536078791e+00
 2.50335000e+00,        +7.071067811865e+00,        +1.072808697522e+01,        -2.562517519003e+00
 2.50337500e+00,        +7.071067811865e+00,        +1.072794143835e+01,        -2.562498949755e+00
 2.50340000e+00,        +7.071067811865e+00,        +1.072779589209e+01,        -2.562480371041e+00
 2.50342500e+00,        +7.071067811865e+00,        +1.072765033642e+01,        -2.562461782856e+00
 2.50345000e+00,        +7.071067811865e+00,        +1.072750477133e+01,        -2.562443185195e+00
 2.50347500e+00,        +7.071067811865e+00,        +1.072735919682e+01,        -2.562424578053e+00
 2.50350000e+00,        +7.071067811865e+00,        +1.072721361286e+01,        -2.562405961426e+00
 2.50352500e+00,        +7.071067811865e+00,        +1.072706801945e+01,        -2.562387335307e+00
 2.50355000e+00,        +7.071067811865e+00,        +1.072692241657e+01,        -2.562368699692e+00
 2.50357500e+00,        +7.071067811865e+00,        +1.072677680422e+01,        -2.562350054577e+00
 2.50360000e+00,        +7.071067811865e+00,        +1.072663118239e+01,        -2.562331399954e+00
 2.50362500e+00,        +7.071067811865e+00,        +1.072648555106e+01,        -2.562312735821e+00
 2.50365000e+00,        +7.071067811865e+00,        +1.072633991022e+01,        -2.562294062171e+00
 2.50367500e+00,        +7.071067811865e+00,        +1.072619425986e+01,        -2.562275379000e+00
 2.50370000e+00,        +7.071067811865e+00,        +1.072604859996e+01,        -2.562256686302e+00
 2.50372500e+00,        +7.071067811865e+00,        +1.072590293053e+01,        -2.562237984072e+00
 2.50375000e+00,        +7.071067811865e+00,        +1.072575725154e+01,        -2.562219272306e+00
 2.50377500e+00,        +7.071067811865e+00,        +1.072561156298e+01,        -2.562200550998e+00
 2.50380000e+00,        +7.071067811865e+00,        +1.072546586485e+01,        -2.562181820142e+00
 2.50382500e+00,        +7.071067811865e+00,        +1.072532015713e+01,        -2.562163079735e+00
 2.50385000e+00,        +7.071067811865e+00,        +1.072517443981e+01,        -2.562144329771e+00
 2.50387500e+00,        +7.071067811865e+00,        +1.072502871288e+01,        -2.562125570244e+00
 2.50390000e+00,        +7.071067811865e+00,        +1.072488297633e+01,        -2.562106801150e+00
 2.50392500e+00,        +7.071067811865e+00,        +1.072473723014e+01,        -2.562088022484e+00
 2.50395000e+00,        +7.071067811865e+00,        +1.072459147431e+01,        -2.562069234240e+00
 2.50397500e+00,        +7.071067811865e+00,        +1.072444570883e+01,        -2.562050436413e+00
 2.50400000e+00,        +7.071067811865e+00,        +1.072429993367e+01,        -2.562031628999e+00
 2.50402500e+00,        +7.071067811865e+00,        +1.072415414884e+01,        -2.562012811991e+00
 2.50405000e+00,        +7.071067811865e+00,        +1.072400835432e+01,        -2.561993985386e+00
 2.50407500e+00,        +7.071067811865e+00,        +1.072386255010e+01,        -2.561975149177e+00
 2.50410000e+00,        +7.071067811865e+00,        +1.072371673616e+01,        -2.561956303360e+00
 2.50412500e+00,        +7.071067811865e+00,        +1.072357091250e+01,        -2.561937447930e+00
 2.50415000e+00,        +7.071067811865e+00,        +1.072342507911e+01,        -2.561918582881e+00
 2.50417500e+00,        +7.071067811865e+00,        +1.072327923597e+01,        -2.561899708209e+00
 2.50420000e+00,        +7.071067811865e+00,        +1.072313338307e+01,        -2.561880823908e+00
 2.50422500e+00,        +7.071067811865e+00,        +1.072298752040e+01,        -2.561861929973e+00
 2.50425000e+00,        +7.071067811865e+00,        +1.072284164795e+01,        -2.561843026399e+00
 2.50427500e+00,        +7.071067811865e+00,        +1.072269576571e+01,        -2.561824113180e+00
 2.50430000e+00,        +7.071067811865e+00,        +1.072254987367e+01,        -2.561805190313e+00
 2.50432500e+00,        +7.071067811865e+00,        +1.072240397181e+01,        -2.561786257791e+00
 2.50435000e+00,        +7.071067811865e+00,        +1.072225806013e+01,        -2.561767315609e+00
 2.50437500e+00,        +7.071067811865e+00,        +1.072211213861e+01,        -2.561748363763e+00
 2.50440000e+00,        +7.071067811865e+00,        +1.072196620724e+01,        -2.561729402246e+00
 2.50442500e+00,        +7.071067811865e+00,        +1.072182026601e+01,        -2.561710431055e+00
 2.50445000e+00,        +7.071067811865e+00,        +1.072167431492e+01,        -2.561691450183e+00
 2.50447500e+00,        +7.071067811865e+00,        +1.072152835394e+01,        -2.561672459626e+00
 2.50450000e+00,        +7.071067811865e+00,        +1.072138238306e+01,        -2.561653459379e+00
 2.50452500e+00,        +7.071067811865e+00,        +1.072123640229e+01,        -2.561634449436e+00
 2.50455000e+00,        +7.071067811865e+00,        +1.072109041159e+01,        -2.561615429792e+00
 2.50457500e+00,        +7.071067811865e+00,        +1.072094441097e+01,        -2.561596400441e+00
 2.50460000e+00,        +7.071067811865e+00,        +1.072079840041e+01,        -2.561577361380e+00
 2.50462500e+00,        +7.071067811865e+00,        +1.072065237991e+01,        -2.561558312603e+00
 2.50465000e+00,        +7.071067811865e+00,        +1.072050634944e+01,        -2.561539254104e+00
 2.50467500e+00,        +7.071067811865e+00,        +1.072036030900e+01,        -2.561520185878e+00
 2.50470000e+00,        +7.071067811865e+00,        +1.072021425857e+01,        -2.561501107920e+00
 2.50472500e+00,        +7.071067811865e+00,        +1.072006819815e+01,        -2.561482020225e+00
 2.50475000e+00,        +7.071067811865e+00,        +1.071992212773e+01,        -2.561462922788e+00
 2.50477500e+00,        +7.071067811865e+00,        +1.071977604728e+01,        -2.561443815604e+00
 2.50480000e+00,        +7.071067811865e+00,        +1.071962995681e+01,        -2.561424698667e+00
 2.50482500e+00,        +7.071067811865e+00,        +1.071948385630e+01,        -2.561405571972e+00
 2.50485000e+00,        +7.071067811865e+00,        +1.071933774574e+01,        -2.561386435514e+00
 2.50487500e+00,        +7.071067811865e+00,        +1.071919162511e+01,        -2.561367289288e+00
 2.50490000e+00,        +7.071067811865e+00,        +1.071904549441e+01,        -2.561348133289e+00
 2.50492500e+00,        +7.071067811865e+00,        +1.071889935363e+01,        -2.561328967511e+00
 2.50495000e+00,        +7.071067811865e+00,        +1.071875320275e+01,        -2.561309791949e+00
 2.50497500e+00,        +7.071067811865e+00,        +1.071860704176e+01,        -2.561290606598e+00
 2.50500000e+00,        +7.071067811865e+00,        +1.071846087066e+01,        -2.561271411453e+00
 2.50502500e+00,        +7.071067811865e+00,        +1.071831468942e+01,        -2.561252206509e+00
 2.50505000e+00,        +7.071067811865e+00,        +1.071816849804e+01,        -2.561232991760e+00
 2.50507500e+00,        +7.071067811865e+00,        +1.071802229652e+01,        -2.561213767201e+00
 2.50510000e+00,        +7.071067811865e+00,        +1.071787608482e+01,        -2.561194532827e+00
 2.50512500e+00,        +7.071067811865e+00,        +1.071772986295e+01,        -2.561175288633e+00
 2.50515000e+00,        +7.071067811865e+00,        +1.071758363090e+01,        -2.561156034613e+00
 2.50517500e+00,        +7.071067811865e+00,        +1.071743738865e+01,        -2.561136770762e+00
 2.50520000e+00,        +7.071067811865e+00,        +1.071729113619e+01,        -2.561117497076e+00
 2.50522500e+00,        +7.071067811865e+00,        +1.071714487350e+01,        -2.561098213548e+00
 2.50525000e+00,        +7.071067811865e+00,        +1.071699860059e+01,        -2.561078920174e+00
 2.50527500e+00,        +7.071067811865e+00,        +1.071685231744e+01,        -2.561059616949e+00
 2.50530000e+00,        +7.071067811865e+00,        +1.071670602403e+01,        -2.561040303866e+00
 2.50532500e+00,        +7.071067811865e+00,        +1.071655972035e+01,        -2.561020980922e+00
 2.50535000e+00,        +7.071067811865e+00,        +1.071641340640e+01,        -2.561001648110e+00
 2.50537500e+00,        +7.071067811865e+00,        +1.071626708216e+01,        -2.560982305425e+00
 2.50540000e+00,        +7.071067811865e+00,        +1.071612074763e+01,        -2.560962952863e+00
 2.50542500e+00,        +7.071067811865e+00,        +1.071597440278e+01,        -2.560943590417e+00
 2.50545000e+00,        +7.071067811865e+00,        +1.071582804761e+01,        -2.560924218083e+00
 2.50547500e+00,        +7.071067811865e+00,        +1.071568168211e+01,        -2.560904835855e+00
 2.50550000e+00,        +7.071067811865e+00,        +1.071553530626e+01,        -2.560885443729e+00
 2.50552500e+00,        +7.071067811865e+00,        +1.071538892006e+01,        -2.560866041698e+00
 2.50555000e+00,        +7.071067811865e+00,        +1.071524252349e+01,        -2.560846629758e+00
 2.50557500e+00,        +7.071067811865e+00,        +1.071509611655e+01,        -2.560827207904e+00
 2.50560000e+00,        +7.071067811865e+00,        +1.071494969921e+01,        -2.560807776129e+00
 2.50562500e+00,        +7.071067811865e+00,        +1.071480327148e+01,        -2.560788334429e+00
 2.50565000e+00,        +7.071067811865e+00,        +1.071465683333e+01,        -2.560768882799e+00
 2.50567500e+00,        +7.071067811865e+00,        +1.071451038477e+01,        -2.560749421233e+00
 2.50570000e+00,        +7.071067811865e+00,        +1.071436392576e+01,        -2.560729949725e+00
 2.50572500e+00,        +7.071067811865e+00,        +1.071421745632e+01,        -2.560710468272e+00
 2.50575000e+00,        +7.071067811865e+00,        +1.071407097641e+01,        -2.560690976867e+00
 2.50577500e+00,        +7.071067811865e+00,        +1.071392448604e+01,        -2.560671475505e+00
 2.50580000e+00,        +7.071067811865e+00,        +1.071377798519e+01,        -2.560651964181e+00
 2.50582500e+00,        +7.071067811865e+00,        +1.071363147385e+01,        -2.560632442889e+00
 2.50585000e+00,        +7.071067811865e+00,        +1.071348495200e+01,        -2.560612911624e+00
 2.50587500e+00,        +7.071067811865e+00,        +1.071333841965e+01,        -2.560593370382e+00
 2.50590000e+00,        +7.071067811865e+00,        +1.071319187677e+01,        -2.560573819156e+00
 2.50592500e+00,        +7.071067811865e+00,        +1.071304532335e+01,        -2.560554257941e+00
 2.50595000e+00,        +7.071067811865e+00,        +1.071289875939e+01,        -2.560534686733e+00
 2.50597500e+00,        +7.071067811865e+00,        +1.071275218487e+01,        -2.560515105525e+00
 2.50600000e+00,        +7.071067811865e+00,        +1.071260559978e+01,        -2.560495514312e+00
 2.50602500e+00,        +7.071067811865e+00,        +1.071245900411e+01,        -2.560475913090e+00
 2.50605000e+00,        +7.071067811865e+00,        +1.071231239785e+01,        -2.560456301852e+00
 2.50607500e+00,        +7.071067811865e+00,        +1.071216578099e+01,        -2.560436680594e+00
 2.50610000e+00,        +7.071067811865e+00,        +1.071201915351e+01,        -2.560417049309e+00
 2.50612500e+00,        +7.071067811865e+00,        +1.071187251540e+01,        -2.560397407994e+00
 2.50615000e+00,        +7.071067811865e+00,        +1.071172586666e+01,        -2.560377756642e+00
 2.50617500e+00,        +7.071067811865e+00,        +1.071157920728e+01,        -2.560358095248e+00
 2.50620000e+00,        +7.071067811865e+00,        +1.071143253723e+01,        -2.560338423807e+00
 2.50622500e+00,        +7.071067811865e+00,        +1.071128585651e+01,        -2.560318742313e+00
 2.50625000e+00,        +7.071067811865e+00,        +1.071113916511e+01,        -2.560299050762e+00
 2.50627500e+00,        +7.071067811865e+00,        +1.071099246302e+01,        -2.560279349147e+00
 2.50630000e+00,        +7.071067811865e+00,        +1.071084575022e+01,        -2.560259637463e+00
 2.50632500e+00,        +7.071067811865e+00,        +1.071069902671e+01,        -2.560239915706e+00
 2.50635000e+00,        +7.071067811865e+00,        +1.071055229247e+01,        -2.560220183869e+00
 2.50637500e+00,        +7.071067811865e+00,        +1.071040554750e+01,        -2.560200441948e+00
 2.50640000e+00,        +7.071067811865e+00,        +1.071025879177e+01,        -2.560180689937e+00
 2.50642500e+00,        +7.071067811865e+00,        +1.071011202528e+01,        -2.560160927830e+00
 2.50645000e+00,        +7.071067811865e+00,        +1.070996524802e+01,        -2.560141155623e+00
 2.50647500e+00,        +7.071067811865e+00,        +1.070981845998e+01,        -2.560121373309e+00
 2.50650000e+00,        +7.071067811865e+00,        +1.070967166115e+01,        -2.560101580884e+00
 2.50652500e+00,        +7.071067811865e+00,        +1.070952485151e+01,        -2.560081778342e+00
 2.50655000e+00,        +7.071067811865e+00,        +1.070937803105e+01,        -2.560061965678e+00
 2.50657500e+00,        +7.071067811865e+00,        +1.070923119976e+01,        -2.560042142886e+00
 2.50660000e+00,        +7.071067811865e+00,        +1.070908435764e+01,        -2.560022309962e+00
 2.50662500e+00,        +7.071067811865e+00,        +1.070893750466e+01,        -2.560002466899e+00
 2.50665000e+00,        +7.071067811865e+00,        +1.070879064082e+01,        -2.559982613692e+00
 2.50667500e+00,        +7.071067811865e+00,        +1.070864376611e+01,        -2.559962750336e+00
 2.50670000e+00,        +7.071067811865e+00,        +1.070849688051e+01,        -2.559942876826e+00
 2.50672500e+00,        +7.071067811865e+00,        +1.070834998402e+01,        -2.559922993155e+00
 2.50675000e+00,        +7.071067811865e+00,        +1.070820307662e+01,        -2.559903099319e+00
 2.50677500e+00,        +7.071067811865e+00,        +1.070805615831e+01,        -2.559883195313e+00
 2.50680000e+00,        +7.071067811865e+00,        +1.070790922906e+01,        -2.559863281130e+00
 2.50682500e+00,        +7.071067811865e+00,        +1.070776228887e+01,        -2.559843356766e+00
 2.50685000e+00,        +7.071067811865e+00,        +1.070761533773e+01,        -2.559823422215e+00
 2.50687500e+00,        +7.071067811865e+00,        +1.070746837563e+01,        -2.559803477471e+00
 2.50690000e+00,        +7.071067811865e+00,        +1.070732140255e+01,        -2.559783522530e+00
 2.50692500e+00,        +7.071067811865e+00,        +1.070717441849e+01,        -2.559763557386e+00
 2.50695000e+00,        +7.071067811865e+00,        +1.070702742343e+01,        -2.559743582032e+00
 2.50697500e+00,        +7.071067811865e+00,        +1.070688041736e+01,        -2.559723596465e+00
 2.50700000e+00,        +7.071067811865e+00,        +1.070673340027e+01,        -2.559703600678e+00
 2.50702500e+00,        +7.071067811865e+00,        +1.070658637215e+01,        -2.559683594667e+00
 2.50705000e+00,        +7.071067811865e+00,        +1.070643933299e+01,        -2.559663578425e+00
 2.50707500e+00,        +7.071067811865e+00,        +1.070629228277e+01,        -2.559643551947e+00
 2.50710000e+00,        +7.071067811865e+00,        +1.070614522149e+01,        -2.559623515228e+00
 2.50712500e+00,        +7.071067811865e+00,        +1.070599814913e+01,        -2.559603468262e+00
 2.50715000e+00,        +7.071067811865e+00,        +1.070585106569e+01,        -2.559583411044e+00
 2.50717500e+00,        +7.071067811865e+00,        +1.070570397114e+01,        -2.559563343568e+00
 2.50720000e+00,        +7.071067811865e+00,        +1.070555686549e+01,        -2.559543265830e+00
 2.50722500e+00,        +7.071067811865e+00,        +1.070540974872e+01,        -2.559523177823e+00
 2.50725000e+00,        +7.071067811865e+00,        +1.070526262081e+01,        -2.559503079542e+00
 2.50727500e+00,        +7.071067811865e+00,        +1.070511548176e+01,        -2.559482970981e+00
 2.50730000e+00,        +7.071067811865e+00,        +1.070496833155e+01,        -2.559462852136e+00
 2.50732500e+00,        +7.071067811865e+00,        +1.070482117018e+01,        -2.559442723000e+00
 2.50735000e+00,        +7.071067811865e+00,        +1.070467399763e+01,        -2.559422583568e+00
 2.50737500e+00,        +7.071067811865e+00,        +1.070452681389e+01,        -2.559402433835e+00
 2.50740000e+00,        +7.071067811865e+00,        +1.070437961894e+01,        -2.559382273796e+00
 2.50742500e+00,        +7.071067811865e+00,        +1.070423241279e+01,        -2.559362103444e+00
 2.50745000e+00,        +7.071067811865e+00,        +1.070408519542e+01,        -2.559341922774e+00
 2.50747500e+00,        +7.071067811865e+00,        +1.070393796681e+01,        -2.559321731781e+00
 2.50750000e+00,        +7.071067811865e+00,        +1.070379072695e+01,        -2.559301530459e+00
 2.50752500e+00,        +7.071067811865e+00,        +1.070364347584e+01,        -2.559281318803e+00
 2.50755000e+00,        +7.071067811865e+00,        +1.070349621346e+01,        -2.559261096807e+00
 2.50757500e+00,        +7.071067811865e+00,        +1.070334893980e+01,        -2.559240864466e+00
 2.50760000e+00,        +7.071067811865e+00,        +1.070320165485e+01,        -2.559220621774e+00
 2.50762500e+00,        +7.071067811865e+00,        +1.070305435859e+01,        -2.559200368726e+00
 2.50765000e+00,        +7.071067811865e+00,        +1.070290705103e+01,        -2.559180105316e+00
 2.50767500e+00,        +7.071067811865e+00,        +1.070275973213e+01,        -2.559159831539e+00
 2.50770000e+00,        +7.071067811865e+00,        +1.070261240191e+01,        -2.559139547389e+00
 2.50772500e+00,        +7.071067811865e+00,        +1.070246506033e+01,        -2.559119252861e+00
 2.50775000e+00,        +7.071067811865e+00,        +1.070231770740e+01,        -2.559098947948e+00
 2.50777500e+00,        +7.071067811865e+00,        +1.070217034309e+01,        -2.559078632647e+00
 2.50780000e+00,        +7.071067811865e+00,        +1.070202296741e+01,        -2.559058306950e+00
 2.50782500e+00,        +7.071067811865e+00,        +1.070187558033e+01,        -2.559037970853e+00
 2.50785000e+00,        +7.071067811865e+00,        +1.070172818185e+01,        -2.559017624350e+00
 2.50787500e+00,        +7.071067811865e+00,        +1.070158077195e+01,        -2.558997267436e+00
 2.50790000e+00,        +7.071067811865e+00,        +1.070143335062e+01,        -2.558976900104e+00
 2.50792500e+00,        +7.071067811865e+00,        +1.070128591786e+01,        -2.558956522350e+00
 2.50795000e+00,        +7.071067811865e+00,        +1.070113847365e+01,        -2.558936134168e+00
 2.50797500e+00,        +7.071067811865e+00,        +1.070099101798e+01,        -2.558915735551e+00
 2.50800000e+00,        +7.071067811865e+00,        +1.070084355083e+01,        -2.558895326496e+00
 2.50802500e+00,        +7.071067811865e+00,        +1.070069607220e+01,        -2.558874906996e+00
 2.50805000e+00,        +7.071067811865e+00,        +1.070054858208e+01,        -2.558854477045e+00
 2.50807500e+00,        +7.071067811865e+00,        +1.070040108045e+01,        -2.558834036638e+00
 2.50810000e+00,        +7.071067811865e+00,        +1.070025356731e+01,        -2.558813585770e+00
 2.50812500e+00,        +7.071067811865e+00,        +1.070010604263e+01,        -2.558793124434e+00
 2.50815000e+00,        +7.071067811865e+00,        +1.069995850642e+01,        -2.558772652626e+00
 2.50817500e+00,        +7.071067811865e+00,        +1.069981095865e+01,        -2.558752170340e+00
 2.50820000e+00,        +7.071067811865e+00,        +1.069966339932e+01,        -2.558731677569e+00
 2.50822500e+00,        +7.071067811865e+00,        +1.069951582842e+01,        -2.558711174309e+00
 2.50825000e+00,        +7.071067811865e+00,        +1.069936824593e+01,        -2.558690660554e+00
 2.50827500e+00,        +7.071067811865e+00,        +1.069922065184e+01,        -2.558670136299e+00
 2.50830000e+00,        +7.071067811865e+00,        +1.069907304614e+01,        -2.558649601537e+00
 2.50832500e+00,        +7.071067811865e+00,        +1.069892542883e+01,        -2.558629056263e+00
 2.50835000e+00,        +7.071067811865e+00,        +1.069877779989e+01,        -2.558608500472e+00
 2.50837500e+00,        +7.071067811865e+00,        +1.069863015930e+01,        -2.558587934158e+00
 2.50840000e+00,        +7.071067811865e+00,        +1.069848250706e+01,        -2.558567357314e+00
 2.50842500e+00,        +7.071067811865e+00,        +1.069833484315e+01,        -2.558546769937e+00
 2.50845000e+00,        +7.071067811865e+00,        +1.069818716757e+01,        -2.558526172020e+00
 2.50847500e+00,        +7.071067811865e+00,        +1.069803948030e+01,        -2.558505563557e+00
 2.50850000e+00,        +7.071067811865e+00,        +1.069789178133e+01,        -2.558484944543e+00
 2.50852500e+00,        +7.071067811865e+00,        +1.069774407065e+01,        -2.558464314972e+00
 2.50855000e+00,        +7.071067811865e+00,        +1.069759634825e+01,        -2.558443674839e+00
 2.50857500e+00,        +7.071067811865e+00,        +1.069744861411e+01,        -2.558423024137e+00
 2.50860000e+00,        +7.071067811865e+00,        +1.069730086823e+01,        -2.558402362862e+00
 2.50862500e+00,        +7.071067811865e+00,        +1.069715311059e+01,        -2.558381691007e+00
 2.50865000e+00,        +7.071067811865e+00,        +1.069700534119e+01,        -2.558361008568e+00
 2.50867500e+00,        +7.071067811865e+00,        +1.069685756001e+01,        -2.558340315537e+00
 2.50870000e+00,        +7.071067811865e+00,        +1.069670976703e+01,        -2.558319611911e+00
 2.50872500e+00,        +7.071067811865e+00,        +1.069656196226e+01,        -2.558298897682e+00
 2.50875000e+00,        +7.071067811865e+00,        +1.069641414567e+01,        -2.558278172846e+00
 2.50877500e+00,        +7.071067811865e+00,        +1.069626631726e+01,        -2.558257437396e+00
 2.50880000e+00,        +7.071067811865e+00,        +1.069611847701e+01,        -2.558236691327e+00
 2.50882500e+00,        +7.071067811865e+00,        +1.069597062491e+01,        -2.558215934634e+00
 2.50885000e+00,        +7.071067811865e+00,        +1.069582276096e+01,        -2.558195167310e+00
 2.50887500e+00,        +7.071067811865e+00,        +1.069567488513e+01,        -2.558174389350e+00
 2.50890000e+00,        +7.071067811865e+00,        +1.069552699743e+01,        -2.558153600749e+00
 2.50892500e+00,        +7.071067811865e+00,        +1.069537909783e+01,        -2.558132801500e+00
 2.50895000e+00,        +7.071067811865e+00,        +1.069523118633e+01,        -2.558111991598e+00
 2.50897500e+00,        +7.071067811865e+00,        +1.069508326291e+01,        -2.558091171037e+00
 2.50900000e+00,        +7.071067811865e+00,        +1.069493532756e+01,        -2.558070339812e+00
 2.50902500e+00,        +7.071067811865e+00,        +1.069478738027e+01,        -2.558049497916e+00
 2.50905000e+00,        +7.071067811865e+00,        +1.069463942104e+01,        -2.558028645345e+00
 2.50907500e+00,        +7.071067811865e+00,        +1.069449144984e+01,        -2.558007782092e+00
 2.50910000e+00,        +7.071067811865e+00,        +1.069434346667e+01,        -2.557986908151e+00
 2.50912500e+00,        +7.071067811865e+00,        +1.069419547152e+01,        -2.557966023518e+00
 2.50915000e+00,        +7.071067811865e+00,        +1.069404746437e+01,        -2.557945128186e+00
 2.50917500e+00,        +7.071067811865e+00,        +1.069389944521e+01,        -2.557924222149e+00
 2.50920000e+00,        +7.071067811865e+00,        +1.069375141404e+01,        -2.557903305402e+00
 2.50922500e+00,        +7.071067811865e+00,        +1.069360337083e+01,        -2.557882377939e+00
 2.50925000e+00,        +7.071067811865e+00,        +1.069345531558e+01,        -2.557861439755e+00
 2.50927500e+00,        +7.071067811865e+00,        +1.069330724828e+01,        -2.557840490843e+00
 2.50930000e+00,        +7.071067811865e+00,        +1.069315916892e+01,        -2.557819531197e+00
 2.50932500e+00,        +7.071067811865e+00,        +1.069301107748e+01,        -2.557798560813e+00
 2.50935000e+00,        +7.071067811865e+00,        +1.069286297395e+01,        -2.557777579685e+00
 2.50937500e+00,        +7.071067811865e+00,        +1.069271485832e+01,        -2.557756587805e+00
 2.50940000e+00,        +7.071067811865e+00,        +1.069256673058e+01,        -2.557735585170e+00
 2.50942500e+00,        +7.071067811865e+00,        +1.069241859072e+01,        -2.557714571772e+00
 2.50945000e+00,        +7.071067811865e+00,        +1.069227043873e+01,        -2.557693547607e+00
 2.50947500e+00,        +7.071067811865e+00,        +1.069212227459e+01,        -2.557672512669e+00
 2.50950000e+00,        +7.071067811865e+00,        +1.069197409830e+01,        -2.557651466951e+00
 2.50952500e+00,        +7.071067811865e+00,        +1.069182590983e+01,        -2.557630410448e+00
 2.50955000e+00,        +7.071067811865e+00,        +1.069167770919e+01,        -2.557609343154e+00
 2.50957500e+00,        +7.071067811865e+00,        +1.069152949636e+01,        -2.557588265063e+00
 2.50960000e+00,        +7.071067811865e+00,        +1.069138127133e+01,        -2.557567176170e+00
 2.50962500e+00,        +7.071067811865e+00,        +1.069123303408e+01,        -2.557546076469e+00
 2.50965000e+00,        +7.071067811865e+00,        +1.069108478461e+01,        -2.557524965954e+00
 2.50967500e+00,        +7.071067811865e+00,        +1.069093652290e+01,        -2.557503844619e+00
 2.50970000e+00,        +7.071067811865e+00,        +1.069078824894e+01,        -2.557482712459e+00
 2.50972500e+00,        +7.071067811865e+00,        +1.069063996272e+01,        -2.557461569467e+00
 2.50975000e+00,        +7.071067811865e+00,        +1.069049166423e+01,        -2.557440415638e+00
 2.50977500e+00,        +7.071067811865e+00,        +1.069034335346e+01,        -2.557419250966e+00
 2.50980000e+00,        +7.071067811865e+00,        +1.069019503039e+01,        -2.557398075445e+00
 2.50982500e+00,        +7.071067811865e+00,        +1.069004669502e+01,        -2.557376889069e+00
 2.50985000e+00,        +7.071067811865e+00,        +1.068989834733e+01,        -2.557355691833e+00
 2.50987500e+00,        +7.071067811865e+00,        +1.068974998732e+01,        -2.557334483730e+00
 2.50990000e+00,        +7.071067811865e+00,        +1.068960161496e+01,        -2.557313264755e+00
 2.50992500e+00,        +7.071067811865e+00,        +1.068945323025e+01,        -2.557292034902e+00
 2.50995000e+00,        +7.071067811865e+00,        +1.068930483317e+01,        -2.557270794166e+00
 2.50997500e+00,        +7.071067811865e+00,        +1.068915642372e+01,        -2.557249542539e+00
 2.51000000e+00,        +7.071067811865e+00,        +1.068900800189e+01,        -2.557228280017e+00
 2.51002500e+00,        +7.071067811865e+00,        +1.068885956766e+01,        -2.557207006594e+00
 2.51005000e+00,        +7.071067811865e+00,        +1.068871112101e+01,        -2.557185722263e+00
 2.51007500e+00,        +7.071067811865e+00,        +1.068856266195e+01,        -2.557164427019e+00
 2.51010000e+00,        +7.071067811865e+00,        +1.068841419045e+01,        -2.557143120856e+00
 2.51012500e+00,        +7.071067811865e+00,        +1.068826570651e+01,        -2.557121803768e+00
 2.51015000e+00,        +7.071067811865e+00,        +1.068811721012e+01,        -2.557100475750e+00
 2.51017500e+00,        +7.071067811865e+00,        +1.068796870125e+01,        -2.557079136794e+00
 2.51020000e+00,        +7.071067811865e+00,        +1.068782017991e+01,        -2.557057786896e+00
 2.51022500e+00,        +7.071067811865e+00,        +1.068767164607e+01,        -2.557036426050e+00
 2.51025000e+00,        +7.071067811865e+00,        +1.068752309974e+01,        -2.557015054249e+00
 2.51027500e+00,        +7.071067811865e+00,        +1.068737454089e+01,        -2.556993671489e+00
 2.51030000e+00,        +7.071067811865e+00,        +1.068722596951e+01,        -2.556972277762e+00
 2.51032500e+00,        +7.071067811865e+00,        +1.068707738560e+01,        -2.556950873063e+00
 2.51035000e+00,        +7.071067811865e+00,        +1.068692878914e+01,        -2.556929457386e+00
 2.51037500e+00,        +7.071067811865e+00,        +1.068678018012e+01,        -2.556908030725e+00
 2.51040000e+00,        +7.071067811865e+00,        +1.068663155853e+01,        -2.556886593074e+00
 2.51042500e+00,        +7.071067811865e+00,        +1.068648292435e+01,        -2.556865144428e+00
 2.51045000e+00,        +7.071067811865e+00,        +1.068633427758e+01,        -2.556843684780e+00
 2.51047500e+00,        +7.071067811865e+00,        +1.068618561821e+01,        -2.556822214125e+00
 2.51050000e+00,        +7.071067811865e+00,        +1.068603694621e+01,        -2.556800732456e+00
 2.51052500e+00,        +7.071067811865e+00,        +1.068588826159e+01,        -2.556779239767e+00
 2.51055000e+00,        +7.071067811865e+00,        +1.068573956432e+01,        -2.556757736053e+00
 2.51057500e+00,        +7.071067811865e+00,        +1.068559085440e+01,        -2.556736221308e+00
 2.51060000e+00,        +7.071067811865e+00,        +1.068544213182e+01,        -2.556714695526e+00
 2.51062500e+00,        +7.071067811865e+00,        +1.068529339656e+01,        -2.556693158701e+00
 2.51065000e+00,        +7.071067811865e+00,        +1.068514464861e+01,        -2.556671610826e+00
 2.51067500e+00,        +7.071067811865e+00,        +1.068499588797e+01,        -2.556650051896e+00
 2.51070000e+00,        +7.071067811865e+00,        +1.068484711461e+01,        -2.556628481905e+00
 2.51072500e+00,        +7.071067811865e+00,        +1.068469832853e+01,        -2.556606900847e+00
 2.51075000e+00,        +7.071067811865e+00,        +1.068454952971e+01,        -2.556585308716e+00
 2.51077500e+00,        +7.071067811865e+00,        +1.068440071815e+01,        -2.556563705506e+00
 2.51080000e+00,        +7.071067811865e+00,        +1.068425189383e+01,        -2.556542091211e+00
 2.51082500e+00,        +7.071067811865e+00,        +1.068410305674e+01,        -2.556520465825e+00
 2.51085000e+00,        +7.071067811865e+00,        +1.068395420687e+01,        -2.556498829342e+00
 2.51087500e+00,        +7.071067811865e+00,        +1.068380534421e+01,        -2.556477181755e+00
 2.51090000e+00,        +7.071067811865e+00,        +1.068365646874e+01,        -2.556455523060e+00
 2.51092500e+00,        +7.071067811865e+00,        +1.068350758046e+01,        -2.556433853250e+00
 2.51095000e+00,        +7.071067811865e+00,        +1.068335867935e+01,        -2.556412172319e+00
 2.51097500e+00,        +7.071067811865e+00,        +1.068320976540e+01,        -2.556390480261e+00
 2.51100000e+00,        +7.071067811865e+00,        +1.068306083860e+01,        -2.556368777070e+00
 2.51102500e+00,        +7.071067811865e+00,        +1.068291189893e+01,        -2.556347062739e+00
 2.51105000e+00,        +7.071067811865e+00,        +1.068276294639e+01,        -2.556325337264e+00
 2.51107500e+00,        +7.071067811865e+00,        +1.068261398097e+01,        -2.556303600637e+00
 2.51110000e+00,        +7.071067811865e+00,        +1.068246500264e+01,        -2.556281852854e+00
 2.51112500e+00,        +7.071067811865e+00,        +1.068231601141e+01,        -2.556260093907e+00
 2.51115000e+00,        +7.071067811865e+00,        +1.068216700726e+01,        -2.556238323791e+00
 2.51117500e+00,        +7.071067811865e+00,        +1.068201799017e+01,        -2.556216542499e+00
 2.51120000e+00,        +7.071067811865e+00,        +1.068186896014e+01,        -2.556194750026e+00
 2.51122500e+00,        +7.071067811865e+00,        +1.068171991715e+01,        -2.556172946366e+00
 2.51125000e+00,        +7.071067811865e+00,        +1.068157086119e+01,        -2.556151131512e+00
 2.51127500e+00,        +7.071067811865e+00,        +1.068142179225e+01,        -2.556129305459e+00
 2.51130000e+00,        +7.071067811865e+00,        +1.068127271032e+01,        -2.556107468200e+00
 2.51132500e+00,        +7.071067811865e+00,        +1.068112361539e+01,        -2.556085619730e+00
 2.51135000e+00,        +7.071067811865e+00,        +1.068097450744e+01,        -2.556063760042e+00
 2.51137500e+00,        +7.071067811865e+00,        +1.068082538647e+01,        -2.556041889129e+00
 2.51140000e+00,        +7.071067811865e+00,        +1.068067625245e+01,        -2.556020006987e+00
 2.51142500e+00,        +7.071067811865e+00,        +1.068052710539e+01,        -2.555998113609e+00
 2.51145000e+00,        +7.071067811865e+00,        +1.068037794526e+01,        -2.555976208989e+00
 2.51147500e+00,        +7.071067811865e+00,        +1.068022877206e+01,        -2.555954293121e+00
 2.51150000e+00,        +7.071067811865e+00,        +1.068007958577e+01,        -2.555932365998e+00
 2.51152500e+00,        +7.071067811865e+00,        +1.067993038638e+01,        -2.555910427615e+00
 2.51155000e+00,        +7.071067811865e+00,        +1.067978117389e+01,        -2.555888477965e+00
 2.51157500e+00,        +7.071067811865e+00,        +1.067963194827e+01,        -2.555866517042e+00
 2.51160000e+00,        +7.071067811865e+00,        +1.067948270952e+01,        -2.555844544841e+00
 2.51162500e+00,        +7.071067811865e+00,        +1.067933345763e+01,        -2.555822561355e+00
 2.51165000e+00,        +7.071067811865e+00,        +1.067918419258e+01,        -2.555800566577e+00
 2.51167500e+00,        +7.071067811865e+00,        +1.067903491436e+01,        -2.555778560503e+00
 2.51170000e+00,        +7.071067811865e+00,        +1.067888562296e+01,        -2.555756543125e+00
 2.51172500e+00,        +7.071067811865e+00,        +1.067873631837e+01,        -2.555734514438e+00
 2.51175000e+00,        +7.071067811865e+00,        +1.067858700057e+01,        -2.555712474435e+00
 2.51177500e+00,        +7.071067811865e+00,        +1.067843766956e+01,        -2.555690423110e+00
 2.51180000e+00,        +7.071067811865e+00,        +1.067828832532e+01,        -2.555668360457e+00
 2.51182500e+00,        +7.071067811865e+00,        +1.067813896784e+01,        -2.555646286470e+00
 2.51185000e+00,        +7.071067811865e+00,        +1.067798959712e+01,        -2.555624201143e+00
 2.51187500e+00,        +7.071067811865e+00,        +1.067784021312e+01,        -2.555602104469e+00
 2.51190000e+00,        +7.071067811865e+00,        +1.067769081585e+01,        -2.555579996443e+00
 2.51192500e+00,        +7.071067811865e+00,        +1.067754140530e+01,        -2.555557877057e+00
 2.51195000e+00,        +7.071067811865e+00,        +1.067739198145e+01,        -2.555535746307e+00
 2.51197500e+00,        +7.071067811865e+00,        +1.067724254428e+01,        -2.555513604186e+00
 2.51200000e+00,        +7.071067811865e+00,        +1.067709309379e+01,        -2.555491450687e+00
 2.51202500e+00,        +7.071067811865e+00,        +1.067694362997e+01,        -2.555469285804e+00
 2.51205000e+00,        +7.071067811865e+00,        +1.067679415280e+01,        -2.555447109532e+00
 2.51207500e+00,        +7.071067811865e+00,        +1.067664466228e+01,        -2.555424921864e+00
 2.51210000e+00,        +7.071067811865e+00,        +1.067649515838e+01,        -2.555402722793e+00
 2.51212500e+00,        +7.071067811865e+00,        +1.067634564111e+01,        -2.555380512314e+00
 2.51215000e+00,        +7.071067811865e+00,        +1.067619611043e+01,        -2.555358290420e+00
 2.51217500e+00,        +7.071067811865e+00,        +1.067604656636e+01,        -2.555336057105e+00
 2.51220000e+00,        +7.071067811865e+00,        +1.067589700886e+01,        -2.555313812363e+00
 2.51222500e+00,        +7.071067811865e+00,        +1.067574743794e+01,        -2.555291556188e+00
 2.51225000e+00,        +7.071067811865e+00,        +1.067559785357e+01,        -2.555269288573e+00
 2.51227500e+00,        +7.071067811865e+00,        +1.067544825575e+01,        -2.555247009512e+00
 2.51230000e+00,        +7.071067811865e+00,        +1.067529864447e+01,        -2.555224718999e+00
 2.51232500e+00,        +7.071067811865e+00,        +1.067514901971e+01,        -2.555202417028e+00
 2.51235000e+00,        +7.071067811865e+00,        +1.067499938145e+01,        -2.555180103591e+00
 2.51237500e+00,        +7.071067811865e+00,        +1.067484972970e+01,        -2.555157778684e+00
 2.51240000e+00,        +7.071067811865e+00,        +1.067470006444e+01,        -2.555135442300e+00
 2.51242500e+00,        +7.071067811865e+00,        +1.067455038565e+01,        -2.555113094432e+00
 2.51245000e+00,        +7.071067811865e+00,        +1.067440069332e+01,        -2.555090735075e+00
 2.51247500e+00,        +7.071067811865e+00,        +1.067425098744e+01,        -2.555068364221e+00
 2.51250000e+00,        +7.071067811865e+00,        +1.067410126800e+01,        -2.555045981865e+00
 2.51252500e+00,        +7.071067811865e+00,        +1.067395153499e+01,        -2.555023588000e+00
 2.51255000e+00,        +7.071067811865e+00,        +1.067380178840e+01,        -2.555001182620e+00
 2.51257500e+00,        +7.071067811865e+00,        +1.067365202820e+01,        -2.554978765719e+00
 2.51260000e+00,        +7.071067811865e+00,        +1.067350225440e+01,        -2.554956337291e+00
 2.51262500e+00,        +7.071067811865e+00,        +1.067335246698e+01,        -2.554933897328e+00
 2.51265000e+00,        +7.071067811865e+00,        +1.067320266592e+01,        -2.554911445826e+00
 2.51267500e+00,        +7.071067811865e+00,        +1.067305285122e+01,        -2.554888982776e+00
 2.51270000e+00,        +7.071067811865e+00,        +1.067290302286e+01,        -2.554866508174e+00
 2.51272500e+00,        +7.071067811865e+00,        +1.067275318084e+01,        -2.554844022013e+00
 2.51275000e+00,        +7.071067811865e+00,        +1.067260332513e+01,        -2.554821524286e+00
 2.51277500e+00,        +7.071067811865e+00,        +1.067245345573e+01,        -2.554799014987e+00
 2.51280000e+00,        +7.071067811865e+00,        +1.067230357262e+01,        -2.554776494110e+00
 2.51282500e+00,        +7.071067811865e+00,        +1.067215367580e+01,        -2.554753961649e+00
 2.51285000e+00,        +7.071067811865e+00,        +1.067200376525e+01,        -2.554731417596e+00
 2.51287500e+00,        +7.071067811865e+00,        +1.067185384095e+01,        -2.554708861946e+00
 2.51290000e+00,        +7.071067811865e+00,        +1.067170390291e+01,        -2.554686294692e+00
 2.51292500e+00,        +7.071067811865e+00,        +1.067155395109e+01,        -2.554663715829e+00
 2.51295000e+00,        +7.071067811865e+00,        +1.067140398550e+01,        -2.554641125348e+00
 2.51297500e+00,        +7.071067811865e+00,        +1.067125400612e+01,        -2.554618523245e+00
 2.51300000e+00,        +7.071067811865e+00,        +1.067110401294e+01,        -2.554595909513e+00
 2.51302500e+00,        +7.071067811865e+00,        +1.067095400595e+01,        -2.554573284145e+00
 2.51305000e+00,        +7.071067811865e+00,        +1.067080398513e+01,        -2.554550647135e+00
 2.51307500e+00,        +7.071067811865e+00,        +1.067065395047e+01,        -2.554527998477e+00
 2.51310000e+00,        +7.071067811865e+00,        +1.067050390196e+01,        -2.554505338163e+00
 2.51312500e+00,        +7.071067811865e+00,        +1.067035383959e+01,        -2.554482666189e+00
 2.51315000e+00,        +7.071067811865e+00,        +1.067020376334e+01,        -2.554459982547e+00
 2.51317500e+00,        +7.071067811865e+00,        +1.067005367321e+01,        -2.554437287230e+00
 2.51320000e+00,        +7.071067811865e+00,        +1.066990356918e+01,        -2.554414580233e+00
 2.51322500e+00,        +7.071067811865e+00,        +1.066975345124e+01,        -2.554391861549e+00
 2.51325000e+00,        +7.071067811865e+00,        +1.066960331937e+01,        -2.554369131172e+00
 2.51327500e+00,        +7.071067811865e+00,        +1.066945317357e+01,        -2.554346389095e+00
 2.51330000e+00,        +7.071067811865e+00,        +1.066930301383e+01,        -2.554323635311e+00
 2.51332500e+00,        +7.071067811865e+00,        +1.066915284012e+01,        -2.554300869815e+00
 2.51335000e+00,        +7.071067811865e+00,        +1.066900265244e+01,        -2.554278092599e+00
 2.51337500e+00,        +7.071067811865e+00,        +1.066885245078e+01,        -2.554255303658e+00
 2.51340000e+00,        +7.071067811865e+00,        +1.066870223513e+01,        -2.554232502984e+00
 2.51342500e+00,        +7.071067811865e+00,        +1.066855200546e+01,        -2.554209690572e+00
 2.51345000e+00,        +7.071067811865e+00,        +1.066840176178e+01,        -2.554186866415e+00
 2.51347500e+00,        +7.071067811865e+00,        +1.066825150406e+01,        -2.554164030506e+00
 2.51350000e+00,        +7.071067811865e+00,        +1.066810123230e+01,        -2.554141182839e+00
 2.51352500e+00,        +7.071067811865e+00,        +1.066795094648e+01,        -2.554118323407e+00
 2.51355000e+00,        +7.071067811865e+00,        +1.066780064659e+01,        -2.554095452205e+00
 2.51357500e+00,        +7.071067811865e+00,        +1.066765033262e+01,        -2.554072569224e+00
 2.51360000e+00,        +7.071067811865e+00,        +1.066750000456e+01,        -2.554049674460e+00
 2.51362500e+00,        +7.071067811865e+00,        +1.066734966239e+01,        -2.554026767904e+00
 2.51365000e+00,        +7.071067811865e+00,        +1.066719930611e+01,        -2.554003849552e+00
 2.51367500e+00,        +7.071067811865e+00,        +1.066704893569e+01,        -2.553980919396e+00
 2.51370000e+00,        +7.071067811865e+00,        +1.066689855113e+01,        -2.553957977429e+00
 2.51372500e+00,        +7.071067811865e+00,        +1.066674815242e+01,        -2.553935023646e+00
 2.51375000e+00,        +7.071067811865e+00,        +1.066659773954e+01,        -2.553912058040e+00
 2.51377500e+00,        +7.071067811865e+00,        +1.066644731248e+01,        -2.553889080603e+00
 2.51380000e+00,        +7.071067811865e+00,        +1.066629687123e+01,        -2.553866091331e+00
 2.51382500e+00,        +7.071067811865e+00,        +1.066614641577e+01,        -2.553843090215e+00
 2.51385000e+00,        +7.071067811865e+00,        +1.066599594610e+01,        -2.553820077249e+00
 2.51387500e+00,        +7.071067811865e+00,        +1.066584546220e+01,        -2.553797052428e+00
 2.51390000e+00,        +7.071067811865e+00,        +1.066569496406e+01,        -2.553774015743e+00
 2.51392500e+00,        +7.071067811865e+00,        +1.066554445167e+01,        -2.553750967190e+00
 2.51395000e+00,        +7.071067811865e+00,        +1.066539392501e+01,        -2.553727906760e+00
 2.51397500e+00,        +7.071067811865e+00,        +1.066524338408e+01,        -2.553704834448e+00
 2.51400000e+00,        +7.071067811865e+00,        +1.066509282885e+01,        -2.553681750247e+00
 2.51402500e+00,        +7.071067811865e+00,        +1.066494225932e+01,        -2.553658654150e+00
 2.51405000e+00,        +7.071067811865e+00,        +1.066479167548e+01,        -2.553635546151e+00
 2.51407500e+00,        +7.071067811865e+00,        +1.066464107731e+01,        -2.553612426243e+00
 2.51410000e+00,        +7.071067811865e+00,        +1.066449046480e+01,        -2.553589294420e+00
 2.51412500e+00,        +7.071067811865e+00,        +1.066433983794e+01,        -2.553566150674e+00
 2.51415000e+00,        +7.071067811865e+00,        +1.066418919671e+01,        -2.553542995000e+00
 2.51417500e+00,        +7.071067811865e+00,        +1.066403854111e+01,        -2.553519827390e+00
 2.51420000e+00,        +7.071067811865e+00,        +1.066388787112e+01,        -2.553496647838e+00
 2.51422500e+00,        +7.071067811865e+00,        +1.066373718673e+01,        -2.553473456338e+00
 2.51425000e+00,        +7.071067811865e+00,        +1.066358648792e+01,        -2.553450252882e+00
 2.51427500e+00,        +7.071067811865e+00,        +1.066343577469e+01,        -2.553427037464e+00
 2.51430000e+00,        +7.071067811865e+00,        +1.066328504702e+01,        -2.553403810077e+00
 2.51432500e+00,        +7.071067811865e+00,        +1.066313430490e+01,        -2.553380570715e+00
 2.51435000e+00,        +7.071067811865e+00,        +1.066298354832e+01,        -2.553357319371e+00
 2.51437500e+00,        +7.071067811865e+00,        +1.066283277726e+01,        -2.553334056038e+00
 2.51440000e+00,        +7.071067811865e+00,        +1.066268199171e+01,        -2.553310780710e+00
 2.51442500e+00,        +7.071067811865e+00,        +1.066253119166e+01,        -2.553287493380e+00
 2.51445000e+00,        +7.071067811865e+00,        +1.066238037710e+01,        -2.553264194040e+00
 2.51447500e+00,        +7.071067811865e+00,        +1.066222954801e+01,        -2.553240882686e+00
 2.51450000e+00,        +7.071067811865e+00,        +1.066207870438e+01,        -2.553217559309e+00
 2.51452500e+00,        +7.071067811865e+00,        +1.066192784621e+01,        -2.553194223904e+00
 2.51455000e+00,        +7.071067811865e+00,        +1.066177697347e+01,        -2.553170876462e+00
 2.51457500e+00,        +7.071067811865e+00,        +1.066162608616e+01,        -2.553147516979e+00
 2.51460000e+00,        +7.071067811865e+00,        +1.066147518426e+01,        -2.553124145446e+00
 2.51462500e+00,        +7.071067811865e+00,        +1.066132426775e+01,        -2.553100761858e+00
 2.51465000e+00,        +7.071067811865e+00,        +1.066117333664e+01,        -2.553077366206e+00
 2.51467500e+00,        +7.071067811865e+00,        +1.066102239090e+01,        -2.553053958486e+00
 2.51470000e+00,        +7.071067811865e+00,        +1.066087143052e+01,        -2.553030538690e+00
 2.51472500e+00,        +7.071067811865e+00,        +1.066072045549e+01,        -2.553007106810e+00
 2.51475000e+00,        +7.071067811865e+00,        +1.066056946580e+01,        -2.552983662842e+00
 2.51477500e+00,        +7.071067811865e+00,        +1.066041846143e+01,        -2.552960206776e+00
 2.51480000e+00,        +7.071067811865e+00,        +1.066026744238e+01,        -2.552936738608e+00
 2.51482500e+00,        +7.071067811865e+00,        +1.066011640862e+01,        -2.552913258330e+00
 2.51485000e+00,        +7.071067811865e+00,        +1.065996536015e+01,        -2.552889765935e+00
 2.51487500e+00,        +7.071067811865e+00,        +1.065981429696e+01,        -2.552866261417e+00
 2.51490000e+00,        +7.071067811865e+00,        +1.065966321902e+01,        -2.552842744768e+00
 2.51492500e+00,        +7.071067811865e+00,        +1.065951212634e+01,        -2.552819215982e+00
 2.51495000e+00,        +7.071067811865e+00,        +1.065936101889e+01,        -2.552795675053e+00
 2.51497500e+00,        +7.071067811865e+00,        +1.065920989667e+01,        -2.552772121972e+00
 2.51500000e+00,        +7.071067811865e+00,        +1.065905875965e+01,        -2.552748556734e+00
 2.51502500e+00,        +7.071067811865e+00,        +1.065890760784e+01,        -2.552724979332e+00
 2.51505000e+00,        +7.071067811865e+00,        +1.065875644121e+01,        -2.552701389759e+00
 2.51507500e+00,        +7.071067811865e+00,        +1.065860525976e+01,        -2.552677788007e+00
 2.51510000e+00,        +7.071067811865e+00,        +1.065845406346e+01,        -2.552654174071e+00
 2.51512500e+00,        +7.071067811865e+00,        +1.065830285232e+01,        -2.552630547943e+00
 2.51515000e+00,        +7.071067811865e+00,        +1.065815162631e+01,        -2.552606909616e+00
 2.51517500e+00,        +7.071067811865e+00,        +1.065800038542e+01,        -2.552583259084e+00
 2.51520000e+00,        +7.071067811865e+00,        +1.065784912965e+01,        -2.552559596339e+00
 2.51522500e+00,        +7.071067811865e+00,        +1.065769785897e+01,        -2.552535921376e+00
 2.51525000e+00,        +7.071067811865e+00,        +1.065754657337e+01,        -2.552512234186e+00
 2.51527500e+00,        +7.071067811865e+00,        +1.065739527285e+01,        -2.552488534763e+00
 2.51530000e+00,        +7.071067811865e+00,        +1.065724395739e+01,        -2.552464823101e+00
 2.51532500e+00,        +7.071067811865e+00,        +1.065709262697e+01,        -2.552441099192e+00
 2.51535000e+00,        +7.071067811865e+00,        +1.065694128159e+01,        -2.552417363029e+00
 2.51537500e+00,        +7.071067811865e+00,        +1.065678992123e+01,        -2.552393614605e+00
 2.51540000e+00,        +7.071067811865e+00,        +1.065663854587e+01,        -2.552369853915e+00
 2.51542500e+00,        +7.071067811865e+00,        +1.065648715552e+01,        -2.552346080949e+00
 2.51545000e+00,        +7.071067811865e+00,        +1.065633575014e+01,        -2.552322295703e+00
 2.51547500e+00,        +7.071067811865e+00,        +1.065618432974e+01,        -2.552298498168e+00
 2.51550000e+00,        +7.071067811865e+00,        +1.065603289430e+01,        -2.552274688338e+00
 2.51552500e+00,        +7.071067811865e+00,        +1.065588144380e+01,        -2.552250866206e+00
 2.51555000e+00,        +7.071067811865e+00,        +1.065572997823e+01,        -2.552227031764e+00
 2.51557500e+00,        +7.071067811865e+00,        +1.065557849758e+01,        -2.552203185007e+00
 2.51560000e+00,        +7.071067811865e+00,        +1.065542700183e+01,        -2.552179325927e+00
 2.51562500e+00,        +7.071067811865e+00,        +1.065527549099e+01,        -2.552155454517e+00
 2.51565000e+00,        +7.071067811865e+00,        +1.065512396502e+01,        -2.552131570770e+00
 2.51567500e+00,        +7.071067811865e+00,        +1.065497242392e+01,        -2.552107674678e+00
 2.51570000e+00,        +7.071067811865e+00,        +1.065482086767e+01,        -2.552083766236e+00
 2.51572500e+00,        +7.071067811865e+00,        +1.065466929627e+01,        -2.552059845437e+00
 2.51575000e+00,        +7.071067811865e+00,        +1.065451770970e+01,        -2.552035912272e+00
 2.51577500e+00,        +7.071067811865e+00,        +1.065436610794e+01,        -2.552011966735e+00
 2.51580000e+00,        +7.071067811865e+00,        +1.065421449099e+01,        -2.551988008819e+00
 2.51582500e+00,        +7.071067811865e+00,        +1.065406285883e+01,        -2.551964038518e+00
 2.51585000e+00,        +7.071067811865e+00,        +1.065391121145e+01,        -2.551940055823e+00
 2.51587500e+00,        +7.071067811865e+00,        +1.065375954883e+01,        -2.551916060729e+00
 2.51590000e+00,        +7.071067811865e+00,        +1.065360787096e+01,        -2.551892053227e+00
 2.51592500e+00,        +7.071067811865e+00,        +1.065345617784e+01,        -2.551868033312e+00
 2.51595000e+00,        +7.071067811865e+00,        +1.065330446944e+01,        -2.551844000975e+00
 2.51597500e+00,        +7.071067811865e+00,        +1.065315274576e+01,        -2.551819956210e+00
 2.51600000e+00,        +7.071067811865e+00,        +1.065300100677e+01,        -2.551795899010e+00
 2.51602500e+00,        +7.071067811865e+00,        +1.065284925247e+01,        -2.551771829368e+00
 2.51605000e+00,        +7.071067811865e+00,        +1.065269748285e+01,        -2.551747747276e+00
 2.51607500e+00,        +7.071067811865e+00,        +1.065254569789e+01,        -2.551723652728e+00
 2.51610000e+00,        +7.071067811865e+00,        +1.065239389758e+01,        -2.551699545716e+00
 2.51612500e+00,        +7.071067811865e+00,        +1.065224208191e+01,        -2.551675426234e+00
 2.51615000e+00,        +7.071067811865e+00,        +1.065209025086e+01,        -2.551651294273e+00
 2.51617500e+00,        +7.071067811865e+00,        +1.065193840442e+01,        -2.551627149829e+00
 2.51620000e+00,        +7.071067811865e+00,        +1.065178654258e+01,        -2.551602992892e+00
 2.51622500e+00,        +7.071067811865e+00,        +1.065163466532e+01,        -2.551578823456e+00
 2.51625000e+00,        +7.071067811865e+00,        +1.065148277263e+01,        -2.551554641514e+00
 2.51627500e+00,        +7.071067811865e+00,        +1.065133086450e+01,        -2.551530447059e+00
 2.51630000e+00,        +7.071067811865e+00,        +1.065117894091e+01,        -2.551506240083e+00
 2.51632500e+00,        +7.071067811865e+00,        +1.065102700186e+01,        -2.551482020579e+00
 2.51635000e+00,        +7.071067811865e+00,        +1.065087504733e+01,        -2.551457788541e+00
 2.51637500e+00,        +7.071067811865e+00,        +1.065072307730e+01,        -2.551433543961e+00
 2.51640000e+00,        +7.071067811865e+00,        +1.065057109177e+01,        -2.551409286832e+00
 2.51642500e+00,        +7.071067811865e+00,        +1.065041909071e+01,        -2.551385017147e+00
 2.51645000e+00,        +7.071067811865e+00,        +1.065026707413e+01,        -2.551360734899e+00
 2.51647500e+00,        +7.071067811865e+00,        +1.065011504199e+01,        -2.551336440080e+00
 2.51650000e+00,        +7.071067811865e+00,        +1.064996299430e+01,        -2.551312132683e+00
 2.51652500e+00,        +7.071067811865e+00,        +1.064981093104e+01,        -2.551287812701e+00
 2.51655000e+00,        +7.071067811865e+00,        +1.064965885219e+01,        -2.551263480127e+00
 2.51657500e+00,        +7.071067811865e+00,        +1.064950675774e+01,        -2.551239134954e+00
 2.51660000e+00,        +7.071067811865e+00,        +1.064935464768e+01,        -2.551214777174e+00
 2.51662500e+00,        +7.071067811865e+00,        +1.064920252199e+01,        -2.551190406780e+00
 2.51665000e+00,        +7.071067811865e+00,        +1.064905038067e+01,        -2.551166023766e+00
 2.51667500e+00,        +7.071067811865e+00,        +1.064889822370e+01,        -2.551141628123e+00
 2.51670000e+00,        +7.071067811865e+00,        +1.064874605106e+01,        -2.551117219845e+00
 2.51672500e+00,        +7.071067811865e+00,        +1.064859386274e+01,        -2.551092798924e+00
 2.51675000e+00,        +7.071067811865e+00,        +1.064844165874e+01,        -2.551068365353e+00
 2.51677500e+00,        +7.071067811865e+00,        +1.064828943903e+01,        -2.551043919125e+00
 2.51680000e+00,        +7.071067811865e+00,        +1.064813720360e+01,        -2.551019460232e+00
 2.51682500e+00,        +7.071067811865e+00,        +1.064798495244e+01,        -2.550994988668e+00
 2.51685000e+00,        +7.071067811865e+00,        +1.064783268554e+01,        -2.550970504424e+00
 2.51687500e+00,        +7.071067811865e+00,        +1.064768040289e+01,        -2.550946007495e+00
 2.51690000e+00,        +7.071067811865e+00,        +1.064752810446e+01,        -2.550921497871e+00
 2.51692500e+00,        +7.071067811865e+00,        +1.064737579025e+01,        -2.550896975547e+00
 2.51695000e+00,        +7.071067811865e+00,        +1.064722346025e+01,        -2.550872440515e+00
 2.51697500e+00,        +7.071067811865e+00,        +1.064707111443e+01,        -2.550847892767e+00
 2.51700000e+00,        +7.071067811865e+00,        +1.064691875279e+01,        -2.550823332296e+00
 2.51702500e+00,        +7.071067811865e+00,        +1.064676637532e+01,        -2.550798759096e+00
 2.51705000e+00,        +7.071067811865e+00,        +1.064661398200e+01,        -2.550774173157e+00
 2.51707500e+00,        +7.071067811865e+00,        +1.064646157281e+01,        -2.550749574474e+00
 2.51710000e+00,        +7.071067811865e+00,        +1.064630914775e+01,        -2.550724963039e+00
 2.51712500e+00,        +7.071067811865e+00,        +1.064615670680e+01,        -2.550700338844e+00
 2.51715000e+00,        +7.071067811865e+00,        +1.064600424995e+01,        -2.550675701883e+00
 2.51717500e+00,        +7.071067811865e+00,        +1.064585177718e+01,        -2.550651052147e+00
 2.51720000e+00,        +7.071067811865e+00,        +1.064569928848e+01,        -2.550626389629e+00
 2.51722500e+00,        +7.071067811865e+00,        +1.064554678384e+01,        -2.550601714323e+00
 2.51725000e+00,        +7.071067811865e+00,        +1.064539426325e+01,        -2.550577026220e+00
 2.51727500e+00,        +7.071067811865e+00,        +1.064524172668e+01,        -2.550552325314e+00
 2.51730000e+00,        +7.071067811865e+00,        +1.064508917414e+01,        -2.550527611596e+00
 2.51732500e+00,        +7.071067811865e+00,        +1.064493660559e+01,        -2.550502885060e+00
 2.51735000e+00,        +7.071067811865e+00,        +1.064478402104e+01,        -2.550478145698e+00
 2.51737500e+00,        +7.071067811865e+00,        +1.064463142047e+01,        -2.550453393503e+00
 2.51740000e+00,        +7.071067811865e+00,        +1.064447880386e+01,        -2.550428628467e+00
 2.51742500e+00,        +7.071067811865e+00,        +1.064432617120e+01,        -2.550403850582e+00
 2.51745000e+00,        +7.071067811865e+00,        +1.064417352247e+01,        -2.550379059842e+00
 2.51747500e+00,        +7.071067811865e+00,        +1.064402085767e+01,        -2.550354256239e+00
 2.51750000e+00,        +7.071067811865e+00,        +1.064386817678e+01,        -2.550329439765e+00
 2.51752500e+00,        +7.071067811865e+00,        +1.064371547979e+01,        -2.550304610414e+00
 2.51755000e+00,        +7.071067811865e+00,        +1.064356276668e+01,        -2.550279768176e+00
 2.51757500e+00,        +7.071067811865e+00,        +1.064341003744e+01,        -2.550254913046e+00
 2.51760000e+00,        +7.071067811865e+00,        +1.064325729206e+01,        -2.550230045016e+00
 2.51762500e+00,        +7.071067811865e+00,        +1.064310453052e+01,        -2.550205164077e+00
 2.51765000e+00,        +7.071067811865e+00,        +1.064295175281e+01,        -2.550180270224e+00
 2.51767500e+00,        +7.071067811865e+00,        +1.064279895891e+01,        -2.550155363447e+00
 2.51770000e+00,        +7.071067811865e+00,        +1.064264614882e+01,        -2.550130443740e+00
 2.51772500e+00,        +7.071067811865e+00,        +1.064249332251e+01,        -2.550105511095e+00
 2.51775000e+00,        +7.071067811865e+00,        +1.064234047998e+01,        -2.550080565504e+00
 2.51777500e+00,        +7.071067811865e+00,        +1.064218762122e+01,        -2.550055606961e+00
 2.51780000e+00,        +7.071067811865e+00,        +1.064203474620e+01,        -2.550030635457e+00
 2.51782500e+00,        +7.071067811865e+00,        +1.064188185491e+01,        -2.550005650985e+00
 2.51785000e+00,        +7.071067811865e+00,        +1.064172894735e+01,        -2.549980653537e+00
 2.51787500e+00,        +7.071067811865e+00,        +1.064157602349e+01,        -2.549955643107e+00
 2.51790000e+00,        +7.071067811865e+00,        +1.064142308333e+01,        -2.549930619685e+00
 2.51792500e+00,        +7.071067811865e+00,        +1.064127012685e+01,        -2.549905583266e+00
 2.51795000e+00,        +7.071067811865e+00,        +1.064111715403e+01,        -2.549880533840e+00
 2.51797500e+00,        +7.071067811865e+00,        +1.064096416487e+01,        -2.549855471402e+00
 2.51800000e+00,        +7.071067811865e+00,        +1.064081115935e+01,        -2.549830395942e+00
 2.51802500e+00,        +7.071067811865e+00,        +1.064065813745e+01,        -2.549805307453e+00
 2.51805000e+00,        +7.071067811865e+00,        +1.064050509916e+01,        -2.549780205928e+00
 2.51807500e+00,        +7.071067811865e+00,        +1.064035204448e+01,        -2.549755091360e+00
 2.51810000e+00,        +7.071067811865e+00,        +1.064019897337e+01,        -2.549729963740e+00
 2.51812500e+00,        +7.071067811865e+00,        +1.064004588584e+01,        -2.549704823061e+00
 2.51815000e+00,        +7.071067811865e+00,        +1.063989278187e+01,        -2.549679669315e+00
 2.51817500e+00,        +7.071067811865e+00,        +1.063973966144e+01,        -2.549654502495e+00
 2.51820000e+00,        +7.071067811865e+00,        +1.063958652454e+01,        -2.549629322593e+00
 2.51822500e+00,        +7.071067811865e+00,        +1.063943337115e+01,        -2.549604129601e+00
 2.51825000e+00,        +7.071067811865e+00,        +1.063928020127e+01,        -2.549578923512e+00
 2.51827500e+00,        +7.071067811865e+00,        +1.063912701488e+01,        -2.549553704318e+00
 2.51830000e+00,        +7.071067811865e+00,        +1.063897381196e+01,        -2.549528472012e+00
 2.51832500e+00,        +7.071067811865e+00,        +1.063882059250e+01,        -2.549503226585e+00
 2.51835000e+00,        +7.071067811865e+00,        +1.063866735649e+01,        -2.549477968030e+00
 2.51837500e+00,        +7.071067811865e+00,        +1.063851410391e+01,        -2.549452696339e+00
 2.51840000e+00,        +7.071067811865e+00,        +1.063836083476e+01,        -2.549427411505e+00
 2.51842500e+00,        +7.071067811865e+00,        +1.063820754901e+01,        -2.549402113520e+00
 2.51845000e+00,        +7.071067811865e+00,        +1.063805424665e+01,        -2.549376802375e+00
 2.51847500e+00,        +7.071067811865e+00,        +1.063790092767e+01,        -2.549351478065e+00
 2.51850000e+00,        +7.071067811865e+00,        +1.063774759205e+01,        -2.549326140580e+00
 2.51852500e+00,        +7.071067811865e+00,        +1.063759423979e+01,        -2.549300789913e+00
 2.51855000e+00,        +7.071067811865e+00,        +1.063744087086e+01,        -2.549275426056e+00
 2.51857500e+00,        +7.071067811865e+00,        +1.063728748525e+01,        -2.549250049001e+00
 2.51860000e+00,        +7.071067811865e+00,        +1.063713408295e+01,        -2.549224658742e+00
 2.51862500e+00,        +7.071067811865e+00,        +1.063698066395e+01,        -2.549199255269e+00
 2.51865000e+00,        +7.071067811865e+00,        +1.063682722823e+01,        -2.549173838575e+00
 2.51867500e+00,        +7.071067811865e+00,        +1.063667377578e+01,        -2.549148408653e+00
 2.51870000e+00,        +7.071067811865e+00,        +1.063652030658e+01,        -2.549122965494e+00
 2.51872500e+00,        +7.071067811865e+00,        +1.063636682062e+01,        -2.549097509091e+00
 2.51875000e+00,        +7.071067811865e+00,        +1.063621331788e+01,        -2.549072039435e+00
 2.51877500e+00,        +7.071067811865e+00,        +1.063605979836e+01,        -2.549046556520e+00
 2.51880000e+00,        +7.071067811865e+00,        +1.063590626204e+01,        -2.549021060338e+00
 2.51882500e+00,        +7.071067811865e+00,        +1.063575270889e+01,        -2.548995550879e+00
 2.51885000e+00,        +7.071067811865e+00,        +1.063559913892e+01,        -2.548970028138e+00
 2.51887500e+00,        +7.071067811865e+00,        +1.063544555210e+01,        -2.548944492105e+00
 2.51890000e+00,        +7.071067811865e+00,        +1.063529194843e+01,        -2.548918942773e+00
 2.51892500e+00,        +7.071067811865e+00,        +1.063513832788e+01,        -2.548893380134e+00
 2.51895000e+00,        +7.071067811865e+00,        +1.063498469045e+01,        -2.548867804181e+00
 2.51897500e+00,        +7.071067811865e+00,        +1.063483103611e+01,        -2.548842214904e+00
 2.51900000e+00,        +7.071067811865e+00,        +1.063467736486e+01,        -2.548816612297e+00
 2.51902500e+00,        +7.071067811865e+00,        +1.063452367668e+01,        -2.548790996352e+00
 2.51905000e+00,        +7.071067811865e+00,        +1.063436997156e+01,        -2.548765367061e+00
 2.51907500e+00,        +7.071067811865e+00,        +1.063421624949e+01,        -2.548739724415e+00
 2.51910000e+00,        +7.071067811865e+00,        +1.063406251044e+01,        -2.548714068407e+00
 2.51912500e+00,        +7.071067811865e+00,        +1.063390875441e+01,        -2.548688399029e+00
 2.51915000e+00,        +7.071067811865e+00,        +1.063375498137e+01,        -2.548662716272e+00
 2.51917500e+00,        +7.071067811865e+00,        +1.063360119133e+01,        -2.548637020130e+00
 2.51920000e+00,        +7.071067811865e+00,        +1.063344738425e+01,        -2.548611310594e+00
 2.51922500e+00,        +7.071067811865e+00,        +1.063329356014e+01,        -2.548585587657e+00
 2.51925000e+00,        +7.071067811865e+00,        +1.063313971897e+01,        -2.548559851309e+00
 2.51927500e+00,        +7.071067811865e+00,        +1.063298586073e+01,        -2.548534101544e+00
 2.51930000e+00,        +7.071067811865e+00,        +1.063283198541e+01,        -2.548508338353e+00
 2.51932500e+00,        +7.071067811865e+00,        +1.063267809298e+01,        -2.548482561728e+00
 2.51935000e+00,        +7.071067811865e+00,        +1.063252418345e+01,        -2.548456771661e+00
 2.51937500e+00,        +7.071067811865e+00,        +1.063237025679e+01,        -2.548430968145e+00
 2.51940000e+00,        +7.071067811865e+00,        +1.063221631299e+01,        -2.548405151171e+00
 2.51942500e+00,        +7.071067811865e+00,        +1.063206235203e+01,        -2.548379320732e+00
 2.51945000e+00,        +7.071067811865e+00,        +1.063190837390e+01,        -2.548353476818e+00
 2.51947500e+00,        +7.071067811865e+00,        +1.063175437859e+01,        -2.548327619423e+00
 2.51950000e+00,        +7.071067811865e+00,        +1.063160036608e+01,        -2.548301748538e+00
 2.51952500e+00,        +7.071067811865e+00,        +1.063144633636e+01,        -2.548275864155e+00
 2.51955000e+00,        +7.071067811865e+00,        +1.063129228942e+01,        -2.548249966266e+00
 2.51957500e+00,        +7.071067811865e+00,        +1.063113822523e+01,        -2.548224054863e+00
 2.51960000e+00,        +7.071067811865e+00,        +1.063098414379e+01,        -2.548198129939e+00
 2.51962500e+00,        +7.071067811865e+00,        +1.063083004508e+01,        -2.548172191484e+00
 2.51965000e+00,        +7.071067811865e+00,        +1.063067592908e+01,        -2.548146239491e+00
 2.51967500e+00,        +7.071067811865e+00,        +1.063052179579e+01,        -2.548120273951e+00
 2.51970000e+00,        +7.071067811865e+00,        +1.063036764518e+01,        -2.548094294857e+00
 2.51972500e+00,        +7.071067811865e+00,        +1.063021347725e+01,        -2.548068302201e+00
 2.51975000e+00,        +7.071067811865e+00,        +1.063005929197e+01,        -2.548042295974e+00
 2.51977500e+00,        +7.071067811865e+00,        +1.062990508934e+01,        -2.548016276168e+00
 2.51980000e+00,        +7.071067811865e+00,        +1.062975086934e+01,        -2.547990242776e+00
 2.51982500e+00,        +7.071067811865e+00,        +1.062959663195e+01,        -2.547964195788e+00
 2.51985000e+00,        +7.071067811865e+00,        +1.062944237717e+01,        -2.547938135197e+00
 2.51987500e+00,        +7.071067811865e+00,        +1.062928810497e+01,        -2.547912060995e+00
 2.51990000e+00,        +7.071067811865e+00,        +1.062913381535e+01,        -2.547885973174e+00
 2.51992500e+00,        +7.071067811865e+00,        +1.062897950828e+01,        -2.547859871724e+00
 2.51995000e+00,        +7.071067811865e+00,        +1.062882518376e+01,        -2.547833756639e+00
 2.51997500e+00,        +7.071067811865e+00,        +1.062867084176e+01,        -2.547807627910e+00
 2.52000000e+00,        +7.071067811865e+00,        +1.062851648228e+01,        -2.547781485529e+00
