        f (GHz),             |S[1][1]| (dB),        arg(S[1][1]) (deg.)
 2.40000000e+00,        -4.700439492144e-02,        +1.379423472882e+02
 2.40002500e+00,        -4.699080686024e-02,        +1.378970568472e+02
 2.40005000e+00,        -4.697722980032e-02,        +1.378517764733e+02
 2.40007500e+00,        -4.696366371650e-02,        +1.378065061196e+02
 2.40010000e+00,        -4.695010858366e-02,        +1.377612457396e+02
 2.40012500e+00,        -4.693656437672e-02,        +1.377159952865e+02
 2.40015000e+00,        -4.692303107073e-02,        +1.376707547137e+02
 2.40017500e+00,        -4.690950864080e-02,        +1.376255239745e+02
 2.40020000e+00,        -4.689599706206e-02,        +1.375803030223e+02
 2.40022500e+00,        -4.688249630976e-02,        +1.375350918105e+02
 2.40025000e+00,        -4.686900635920e-02,        +1.374898902925e+02
 2.40027500e+00,        -4.685552718577e-02,        +1.374446984217e+02
 2.40030000e+00,        -4.684205876491e-02,        +1.373995161517e+02
 2.40032500e+00,        -4.682860107212e-02,        +1.373543434358e+02
 2.40035000e+00,        -4.681515408300e-02,        +1.373091802275e+02
 2.40037500e+00,        -4.680171777320e-02,        +1.372640264805e+02
 2.40040000e+00,        -4.678829211847e-02,        +1.372188821481e+02
 2.40042500e+00,        -4.677487709456e-02,        +1.371737471840e+02
 2.40045000e+00,        -4.676147267737e-02,        +1.371286215416e+02
 2.40047500e+00,        -4.674807884283e-02,        +1.370835051746e+02
 2.40050000e+00,        -4.673469556692e-02,        +1.370383980365e+02
 2.40052500e+00,        -4.672132282573e-02,        +1.369933000810e+02
 2.40055000e+00,        -4.670796059540e-02,        +1.369482112617e+02
 2.40057500e+00,        -4.669460885213e-02,        +1.369031315322e+02
 2.40060000e+00,        -4.668126757220e-02,        +1.368580608461e+02
 2.40062500e+00,        -4.666793673195e-02,        +1.368129991572e+02
 2.40065000e+00,        -4.665461630780e-02,        +1.367679464190e+02
 2.40067500e+00,        -4.664130627623e-02,        +1.367229025854e+02
 2.40070000e+00,        -4.662800661378e-02,        +1.366778676100e+02
 2.40072500e+00,        -4.661471729707e-02,        +1.366328414465e+02
 2.40075000e+00,        -4.660143830279e-02,        +1.365878240487e+02
 2.40077500e+00,        -4.658816960768e-02,        +1.365428153703e+02
 2.40080000e+00,        -4.657491118857e-02,        +1.364978153651e+02
 2.40082500e+00,        -4.656166302234e-02,        +1.364528239868e+02
 2.40085000e+00,        -4.654842508594e-02,        +1.364078411893e+02
 2.40087500e+00,        -4.653519735639e-02,        +1.363628669264e+02
 2.40090000e+00,        -4.652197981077e-02,        +1.363179011517e+02
 2.40092500e+00,        -4.650877242624e-02,        +1.362729438193e+02
 2.40095000e+00,        -4.649557518001e-02,        +1.362279948829e+02
 2.40097500e+00,        -4.648238804938e-02,        +1.361830542963e+02
 2.40100000e+00,        -4.646921101169e-02,        +1.361381220134e+02
 2.40102500e+00,        -4.645604404435e-02,        +1.360931979881e+02
 2.40105000e+00,        -4.644288712485e-02,        +1.360482821742e+02
 2.40107500e+00,        -4.642974023072e-02,        +1.360033745257e+02
 2.40110000e+00,        -4.641660333961e-02,        +1.359584749964e+02
 2.40112500e+00,        -4.640347642916e-02,        +1.359135835402e+02
 2.40115000e+00,        -4.639035947713e-02,        +1.358687001111e+02
 2.40117500e+00,        -4.637725246134e-02,        +1.358238246629e+02
 2.40120000e+00,        -4.636415535964e-02,        +1.357789571497e+02
 2.40122500e+00,        -4.635106814998e-02,        +1.357340975252e+02
 2.40125000e+00,        -4.633799081038e-02,        +1.356892457436e+02
 2.40127500e+00,        -4.632492331888e-02,        +1.356444017586e+02
 2.40130000e+00,        -4.631186565362e-02,        +1.355995655244e+02
 2.40132500e+00,        -4.629881779281e-02,        +1.355547369948e+02
 2.40135000e+00,        -4.628577971468e-02,        +1.355099161239e+02
 2.40137500e+00,        -4.627275139759e-02,        +1.354651028655e+02
 2.40140000e+00,        -4.625973281991e-02,        +1.354202971738e+02
 2.40142500e+00,        -4.624672396011e-02,        +1.353754990027e+02
 2.40145000e+00,        -4.623372479667e-02,        +1.353307083062e+02
 2.40147500e+00,        -4.622073530820e-02,        +1.352859250382e+02
 2.40150000e+00,        -4.620775547333e-02,        +1.352411491529e+02
 2.40152500e+00,        -4.619478527077e-02,        +1.351963806042e+02
 2.40155000e+00,        -4.618182467929e-02,        +1.351516193461e+02
 2.40157500e+00,        -4.616887367771e-02,        +1.351068653328e+02
 2.40160000e+00,        -4.615593224495e-02,        +1.350621185180e+02
 2.40162500e+00,        -4.614300035996e-02,        +1.350173788561e+02
 2.40165000e+00,        -4.613007800173e-02,        +1.349726463008e+02
 2.40167500e+00,        -4.611716514938e-02,        +1.349279208064e+02
 2.40170000e+00,        -4.610426178203e-02,        +1.348832023268e+02
 2.40172500e+00,        -4.609136787891e-02,        +1.348384908160e+02
 2.40175000e+00,        -4.607848341927e-02,        +1.347937862282e+02
 2.40177500e+00,        -4.606560838248e-02,        +1.347490885173e+02
 2.40180000e+00,        -4.605274274788e-02,        +1.347043976375e+02
 2.40182500e+00,        -4.603988649497e-02,        +1.346597135427e+02
 2.40185000e+00,        -4.602703960323e-02,        +1.346150361870e+02
 2.40187500e+00,        -4.601420205227e-02,        +1.345703655245e+02
 2.40190000e+00,        -4.600137382170e-02,        +1.345257015092e+02
 2.40192500e+00,        -4.598855489125e-02,        +1.344810440952e+02
 2.40195000e+00,        -4.597574524068e-02,        +1.344363932365e+02
 2.40197500e+00,        -4.596294484980e-02,        +1.343917488871e+02
 2.40200000e+00,        -4.595015369851e-02,        +1.343471110012e+02
 2.40202500e+00,        -4.593737176673e-02,        +1.343024795328e+02
 2.40205000e+00,        -4.592459903449e-02,        +1.342578544358e+02
 2.40207500e+00,        -4.591183548186e-02,        +1.342132356645e+02
 2.40210000e+00,        -4.589908108897e-02,        +1.341686231728e+02
 2.40212500e+00,        -4.588633583599e-02,        +1.341240169147e+02
 2.40215000e+00,        -4.587359970317e-02,        +1.340794168444e+02
 2.40217500e+00,        -4.586087267082e-02,        +1.340348229158e+02
 2.40220000e+00,        -4.584815471932e-02,        +1.339902350829e+02
 2.40222500e+00,        -4.583544582910e-02,        +1.339456532999e+02
 2.40225000e+00,        -4.582274598064e-02,        +1.339010775208e+02
 2.40227500e+00,        -4.581005515449e-02,        +1.338565076995e+02
 2.40230000e+00,        -4.579737333128e-02,        +1.338119437901e+02
 2.40232500e+00,        -4.578470049165e-02,        +1.337673857466e+02
 2.40235000e+00,        -4.577203661634e-02,        +1.337228335230e+02
 2.40237500e+00,        -4.575938168612e-02,        +1.336782870734e+02
 2.40240000e+00,        -4.574673568188e-02,        +1.336337463518e+02
 2.40242500e+00,        -4.573409858447e-02,        +1.335892113120e+02
 2.40245000e+00,        -4.572147037489e-02,        +1.335446819082e+02
 2.40247500e+00,        -4.570885103416e-02,        +1.335001580943e+02
 2.40250000e+00,        -4.569624054336e-02,        +1.334556398244e+02
 2.40252500e+00,        -4.568363888362e-02,        +1.334111270523e+02
 2.40255000e+00,        -4.567104603616e-02,        +1.333666197320e+02
 2.40257500e+00,        -4.565846198222e-02,        +1.333221178175e+02
 2.40260000e+00,        -4.564588670313e-02,        +1.332776212628e+02
 2.40262500e+00,        -4.563332018027e-02,        +1.332331300218e+02
 2.40265000e+00,        -4.562076239506e-02,        +1.331886440485e+02
 2.40267500e+00,        -4.560821332899e-02,        +1.331441632967e+02
 2.40270000e+00,        -4.559567296364e-02,        +1.330996877203e+02
 2.40272500e+00,        -4.558314128057e-02,        +1.330552172734e+02
 2.40275000e+00,        -4.557061826149e-02,        +1.330107519098e+02
 2.40277500e+00,        -4.555810388811e-02,        +1.329662915834e+02
 2.40280000e+00,        -4.554559814219e-02,        +1.329218362480e+02
 2.40282500e+00,        -4.553310100561e-02,        +1.328773858576e+02
 2.40285000e+00,        -4.552061246023e-02,        +1.328329403660e+02
 2.40287500e+00,        -4.550813248802e-02,        +1.327884997270e+02
 2.40290000e+00,        -4.549566107101e-02,        +1.327440638946e+02
 2.40292500e+00,        -4.548319819124e-02,        +1.326996328225e+02
 2.40295000e+00,        -4.547074383085e-02,        +1.326552064645e+02
 2.40297500e+00,        -4.545829797202e-02,        +1.326107847745e+02
 2.40300000e+00,        -4.544586059701e-02,        +1.325663677062e+02
 2.40302500e+00,        -4.543343168807e-02,        +1.325219552135e+02
 2.40305000e+00,        -4.542101122761e-02,        +1.324775472501e+02
 2.40307500e+00,        -4.540859919800e-02,        +1.324331437697e+02
 2.40310000e+00,        -4.539619558174e-02,        +1.323887447261e+02
 2.40312500e+00,        -4.538380036132e-02,        +1.323443500731e+02
 2.40315000e+00,        -4.537141351935e-02,        +1.322999597643e+02
 2.40317500e+00,        -4.535903503848e-02,        +1.322555737534e+02
 2.40320000e+00,        -4.534666490135e-02,        +1.322111919941e+02
 2.40322500e+00,        -4.533430309075e-02,        +1.321668144402e+02
 2.40325000e+00,        -4.532194958947e-02,        +1.321224410452e+02
 2.40327500e+00,        -4.530960438041e-02,        +1.320780717629e+02
 2.40330000e+00,        -4.529726744643e-02,        +1.320337065467e+02
 2.40332500e+00,        -4.528493877057e-02,        +1.319893453504e+02
 2.40335000e+00,        -4.527261833578e-02,        +1.319449881275e+02
 2.40337500e+00,        -4.526030612523e-02,        +1.319006348316e+02
 2.40340000e+00,        -4.524800212199e-02,        +1.318562854163e+02
 2.40342500e+00,        -4.523570630931e-02,        +1.318119398351e+02
 2.40345000e+00,        -4.522341867043e-02,        +1.317675980416e+02
 2.40347500e+00,        -4.521113918865e-02,        +1.317232599891e+02
 2.40350000e+00,        -4.519886784735e-02,        +1.316789256313e+02
 2.40352500e+00,        -4.518660462992e-02,        +1.316345949216e+02
 2.40355000e+00,        -4.517434951986e-02,        +1.315902678135e+02
 2.40357500e+00,        -4.516210250068e-02,        +1.315459442603e+02
 2.40360000e+00,        -4.514986355601e-02,        +1.315016242156e+02
 2.40362500e+00,        -4.513763266944e-02,        +1.314573076326e+02
 2.40365000e+00,        -4.512540982468e-02,        +1.314129944649e+02
 2.40367500e+00,        -4.511319500550e-02,        +1.313686846656e+02
 2.40370000e+00,        -4.510098819569e-02,        +1.313243781882e+02
 2.40372500e+00,        -4.508878937910e-02,        +1.312800749860e+02
 2.40375000e+00,        -4.507659853965e-02,        +1.312357750122e+02
 2.40377500e+00,        -4.506441566134e-02,        +1.311914782202e+02
 2.40380000e+00,        -4.505224072816e-02,        +1.311471845631e+02
 2.40382500e+00,        -4.504007372423e-02,        +1.311028939943e+02
 2.40385000e+00,        -4.502791463360e-02,        +1.310586064668e+02
 2.40387500e+00,        -4.501576344053e-02,        +1.310143219340e+02
 2.40390000e+00,        -4.500362012925e-02,        +1.309700403489e+02
 2.40392500e+00,        -4.499148468404e-02,        +1.309257616647e+02
 2.40395000e+00,        -4.497935708926e-02,        +1.308814858345e+02
 2.40397500e+00,        -4.496723732933e-02,        +1.308372128114e+02
 2.40400000e+00,        -4.495512538866e-02,        +1.307929425484e+02
 2.40402500e+00,        -4.494302125183e-02,        +1.307486749986e+02
 2.40405000e+00,        -4.493092490335e-02,        +1.307044101150e+02
 2.40407500e+00,        -4.491883632790e-02,        +1.306601478507e+02
 2.40410000e+00,        -4.490675551009e-02,        +1.306158881584e+02
 2.40412500e+00,        -4.489468243469e-02,        +1.305716309913e+02
 2.40415000e+00,        -4.488261708645e-02,        +1.305273763021e+02
 2.40417500e+00,        -4.487055945023e-02,        +1.304831240439e+02
 2.40420000e+00,        -4.485850951094e-02,        +1.304388741693e+02
 2.40422500e+00,        -4.484646725349e-02,        +1.303946266314e+02
 2.40425000e+00,        -4.483443266289e-02,        +1.303503813828e+02
 2.40427500e+00,        -4.482240572416e-02,        +1.303061383764e+02
 2.40430000e+00,        -4.481038642244e-02,        +1.302618975649e+02
 2.40432500e+00,        -4.479837474289e-02,        +1.302176589010e+02
 2.40435000e+00,        -4.478637067073e-02,        +1.301734223374e+02
 2.40437500e+00,        -4.477437419114e-02,        +1.301291878268e+02
 2.40440000e+00,        -4.476238528959e-02,        +1.300849553218e+02
 2.40442500e+00,        -4.475040395130e-02,        +1.300407247750e+02
 2.40445000e+00,        -4.473843016174e-02,        +1.299964961390e+02
 2.40447500e+00,        -4.472646390646e-02,        +1.299522693663e+02
 2.40450000e+00,        -4.471450517087e-02,        +1.299080444094e+02
 2.40452500e+00,        -4.470255394064e-02,        +1.298638212208e+02
 2.40455000e+00,        -4.469061020138e-02,        +1.298195997530e+02
 2.40457500e+00,        -4.467867393876e-02,        +1.297753799584e+02
 2.40460000e+00,        -4.466674513858e-02,        +1.297311617893e+02
 2.40462500e+00,        -4.465482378655e-02,        +1.296869451982e+02
 2.40465000e+00,        -4.464290986857e-02,        +1.296427301373e+02
 2.40467500e+00,        -4.463100337052e-02,        +1.295985165589e+02
 2.40470000e+00,        -4.461910427836e-02,        +1.295543044153e+02
 2.40472500e+00,        -4.460721257810e-02,        +1.295100936587e+02
 2.40475000e+00,        -4.459532825580e-02,        +1.294658842413e+02
 2.40477500e+00,        -4.458345129756e-02,        +1.294216761152e+02
 2.40480000e+00,        -4.457158168951e-02,        +1.293774692326e+02
 2.40482500e+00,        -4.455971941799e-02,        +1.293332635455e+02
 2.40485000e+00,        -4.454786446911e-02,        +1.292890590061e+02
 2.40487500e+00,        -4.453601682928e-02,        +1.292448555662e+02
 2.40490000e+00,        -4.452417648487e-02,        +1.292006531779e+02
 2.40492500e+00,        -4.451234342226e-02,        +1.291564517931e+02
 2.40495000e+00,        -4.450051762795e-02,        +1.291122513638e+02
 2.40497500e+00,        -4.448869908848e-02,        +1.290680518417e+02
 2.40500000e+00,        -4.447688779043e-02,        +1.290238531787e+02
 2.40502500e+00,        -4.446508372043e-02,        +1.289796553267e+02
 2.40505000e+00,        -4.445328686518e-02,        +1.289354582373e+02
 2.40507500e+00,        -4.444149721141e-02,        +1.288912618623e+02
 2.40510000e+00,        -4.442971474589e-02,        +1.288470661534e+02
 2.40512500e+00,        -4.441793945544e-02,        +1.288028710622e+02
 2.40515000e+00,        -4.440617132701e-02,        +1.287586765402e+02
 2.40517500e+00,        -4.439441034755e-02,        +1.287144825391e+02
 2.40520000e+00,        -4.438265650403e-02,        +1.286702890104e+02
 2.40522500e+00,        -4.437090978350e-02,        +1.286260959055e+02
 2.40525000e+00,        -4.435917017303e-02,        +1.285819031759e+02
 2.40527500e+00,        -4.434743765987e-02,        +1.285377107730e+02
 2.40530000e+00,        -4.433571223115e-02,        +1.284935186481e+02
 2.40532500e+00,        -4.432399387413e-02,        +1.284493267526e+02
 2.40535000e+00,        -4.431228257615e-02,        +1.284051350377e+02
 2.40537500e+00,        -4.430057832453e-02,        +1.283609434547e+02
 2.40540000e+00,        -4.428888110673e-02,        +1.283167519547e+02
 2.40542500e+00,        -4.427719091024e-02,        +1.282725604889e+02
 2.40545000e+00,        -4.426550772250e-02,        +1.282283690084e+02
 2.40547500e+00,        -4.425383153112e-02,        +1.281841774642e+02
 2.40550000e+00,        -4.424216232372e-02,        +1.281399858073e+02
 2.40552500e+00,        -4.423050008795e-02,        +1.280957939888e+02
 2.40555000e+00,        -4.421884481161e-02,        +1.280516019595e+02
 2.40557500e+00,        -4.420719648237e-02,        +1.280074096703e+02
 2.40560000e+00,        -4.419555508812e-02,        +1.279632170721e+02
 2.40562500e+00,        -4.418392061667e-02,        +1.279190241156e+02
 2.40565000e+00,        -4.417229305608e-02,        +1.278748307516e+02
 2.40567500e+00,        -4.416067239421e-02,        +1.278306369307e+02
 2.40570000e+00,        -4.414905861912e-02,        +1.277864426037e+02
 2.40572500e+00,        -4.413745171894e-02,        +1.277422477210e+02
 2.40575000e+00,        -4.412585168181e-02,        +1.276980522333e+02
 2.40577500e+00,        -4.411425849586e-02,        +1.276538560911e+02
 2.40580000e+00,        -4.410267214939e-02,        +1.276096592447e+02
 2.40582500e+00,        -4.409109263062e-02,        +1.275654616447e+02
 2.40585000e+00,        -4.407951992796e-02,        +1.275212632414e+02
 2.40587500e+00,        -4.406795402977e-02,        +1.274770639850e+02
 2.40590000e+00,        -4.405639492453e-02,        +1.274328638259e+02
 2.40592500e+00,        -4.404484260072e-02,        +1.273886627142e+02
 2.40595000e+00,        -4.403329704683e-02,        +1.273444606000e+02
 2.40597500e+00,        -4.402175825155e-02,        +1.273002574336e+02
 2.40600000e+00,        -4.401022620344e-02,        +1.272560531649e+02
 2.40602500e+00,        -4.399870089136e-02,        +1.272118477440e+02
 2.40605000e+00,        -4.398718230392e-02,        +1.271676411207e+02
 2.40607500e+00,        -4.397567042993e-02,        +1.271234332451e+02
 2.40610000e+00,        -4.396416525827e-02,        +1.270792240668e+02
 2.40612500e+00,        -4.395266677797e-02,        +1.270350135358e+02
 2.40615000e+00,        -4.394117497783e-02,        +1.269908016017e+02
 2.40617500e+00,        -4.392968984697e-02,        +1.269465882143e+02
 2.40620000e+00,        -4.391821137433e-02,        +1.269023733231e+02
 2.40622500e+00,        -4.390673954913e-02,        +1.268581568777e+02
 2.40625000e+00,        -4.389527436058e-02,        +1.268139388277e+02
 2.40627500e+00,        -4.388381579772e-02,        +1.267697191225e+02
 2.40630000e+00,        -4.387236384998e-02,        +1.267254977115e+02
 2.40632500e+00,        -4.386091850662e-02,        +1.266812745441e+02
 2.40635000e+00,        -4.384947975696e-02,        +1.266370495695e+02
 2.40637500e+00,        -4.383804759064e-02,        +1.265928227370e+02
 2.40640000e+00,        -4.382662199680e-02,        +1.265485939958e+02
 2.40642500e+00,        -4.381520296527e-02,        +1.265043632949e+02
 2.40645000e+00,        -4.380379048542e-02,        +1.264601305835e+02
 2.40647500e+00,        -4.379238454708e-02,        +1.264158958105e+02
 2.40650000e+00,        -4.378098513977e-02,        +1.263716589249e+02
 2.40652500e+00,        -4.376959225320e-02,        +1.263274198755e+02
 2.40655000e+00,        -4.375820587734e-02,        +1.262831786113e+02
 2.40657500e+00,        -4.374682600177e-02,        +1.262389350809e+02
 2.40660000e+00,        -4.373545261662e-02,        +1.261946892330e+02
 2.40662500e+00,        -4.372408571175e-02,        +1.261504410164e+02
 2.40665000e+00,        -4.371272527721e-02,        +1.261061903795e+02
 2.40667500e+00,        -4.370137130278e-02,        +1.260619372709e+02
 2.40670000e+00,        -4.369002377879e-02,        +1.260176816391e+02
 2.40672500e+00,        -4.367868269551e-02,        +1.259734234324e+02
 2.40675000e+00,        -4.366734804270e-02,        +1.259291625991e+02
 2.40677500e+00,        -4.365601981108e-02,        +1.258848990876e+02
 2.40680000e+00,        -4.364469799070e-02,        +1.258406328460e+02
 2.40682500e+00,        -4.363338257195e-02,        +1.257963638225e+02
 2.40685000e+00,        -4.362207354520e-02,        +1.257520919652e+02
 2.40687500e+00,        -4.361077090103e-02,        +1.257078172220e+02
 2.40690000e+00,        -4.359947462990e-02,        +1.256635395408e+02
 2.40692500e+00,        -4.358818472228e-02,        +1.256192588697e+02
 2.40695000e+00,        -4.357690116889e-02,        +1.255749751563e+02
 2.40697500e+00,        -4.356562396023e-02,        +1.255306883485e+02
 2.40700000e+00,        -4.355435308728e-02,        +1.254863983938e+02
 2.40702500e+00,        -4.354308854066e-02,        +1.254421052400e+02
 2.40705000e+00,        -4.353183031110e-02,        +1.253978088344e+02
 2.40707500e+00,        -4.352057838960e-02,        +1.253535091248e+02
 2.40710000e+00,        -4.350933276702e-02,        +1.253092060583e+02
 2.40712500e+00,        -4.349809343460e-02,        +1.252648995823e+02
 2.40715000e+00,        -4.348686038285e-02,        +1.252205896442e+02
 2.40717500e+00,        -4.347563360333e-02,        +1.251762761911e+02
 2.40720000e+00,        -4.346441308686e-02,        +1.251319591701e+02
 2.40722500e+00,        -4.345319882488e-02,        +1.250876385283e+02
 2.40725000e+00,        -4.344199080837e-02,        +1.250433142127e+02
 2.40727500e+00,        -4.343078902879e-02,        +1.249989861701e+02
 2.40730000e+00,        -4.341959347750e-02,        +1.249546543475e+02
 2.40732500e+00,        -4.340840414573e-02,        +1.249103186915e+02
 2.40735000e+00,        -4.339722102512e-02,        +1.248659791488e+02
 2.40737500e+00,        -4.338604410707e-02,        +1.248216356662e+02
 2.40740000e+00,        -4.337487338313e-02,        +1.247772881900e+02
 2.40742500e+00,        -4.336370884494e-02,        +1.247329366668e+02
 2.40745000e+00,        -4.335255048403e-02,        +1.246885810430e+02
 2.40747500e+00,        -4.334139829227e-02,        +1.246442212649e+02
 2.40750000e+00,        -4.333025226141e-02,        +1.245998572788e+02
 2.40752500e+00,        -4.331911238313e-02,        +1.245554890307e+02
 2.40755000e+00,        -4.330797864944e-02,        +1.245111164668e+02
 2.40757500e+00,        -4.329685105230e-02,        +1.244667395332e+02
 2.40760000e+00,        -4.328572958347e-02,        +1.244223581756e+02
 2.40762500e+00,        -4.327461423510e-02,        +1.243779723401e+02
 2.40765000e+00,        -4.326350499941e-02,        +1.243335819723e+02
 2.40767500e+00,        -4.325240186825e-02,        +1.242891870180e+02
 2.40770000e+00,        -4.324130483403e-02,        +1.242447874227e+02
 2.40772500e+00,        -4.323021388874e-02,        +1.242003831321e+02
 2.40775000e+00,        -4.321912902497e-02,        +1.241559740916e+02
 2.40777500e+00,        -4.320805023499e-02,        +1.241115602465e+02
 2.40780000e+00,        -4.319697751090e-02,        +1.240671415422e+02
 2.40782500e+00,        -4.318591084560e-02,        +1.240227179239e+02
 2.40785000e+00,        -4.317485023141e-02,        +1.239782893367e+02
 2.40787500e+00,        -4.316379566079e-02,        +1.239338557256e+02
 2.40790000e+00,        -4.315274712637e-02,        +1.238894170356e+02
 2.40792500e+00,        -4.314170462098e-02,        +1.238449732117e+02
 2.40795000e+00,        -4.313066813711e-02,        +1.238005241986e+02
 2.40797500e+00,        -4.311963766769e-02,        +1.237560699410e+02
 2.40800000e+00,        -4.310861320543e-02,        +1.237116103835e+02
 2.40802500e+00,        -4.309759474340e-02,        +1.236671454707e+02
 2.40805000e+00,        -4.308658227446e-02,        +1.236226751471e+02
 2.40807500e+00,        -4.307557579141e-02,        +1.235781993571e+02
 2.40810000e+00,        -4.306457528752e-02,        +1.235337180448e+02
 2.40812500e+00,        -4.305358075577e-02,        +1.234892311546e+02
 2.40815000e+00,        -4.304259218940e-02,        +1.234447386305e+02
 2.40817500e+00,        -4.303160958162e-02,        +1.234002404165e+02
 2.40820000e+00,        -4.302063292566e-02,        +1.233557364566e+02
 2.40822500e+00,        -4.300966221456e-02,        +1.233112266946e+02
 2.40825000e+00,        -4.299869744214e-02,        +1.232667110743e+02
 2.40827500e+00,        -4.298773860155e-02,        +1.232221895394e+02
 2.40830000e+00,        -4.297678568628e-02,        +1.231776620334e+02
 2.40832500e+00,        -4.296583868991e-02,        +1.231331284997e+02
 2.40835000e+00,        -4.295489760603e-02,        +1.230885888819e+02
 2.40837500e+00,        -4.294396242841e-02,        +1.230440431231e+02
 2.40840000e+00,        -4.293303315049e-02,        +1.229994911667e+02
 2.40842500e+00,        -4.292210976613e-02,        +1.229549329556e+02
 2.40845000e+00,        -4.291119226918e-02,        +1.229103684330e+02
 2.40847500e+00,        -4.290028065354e-02,        +1.228657975417e+02
 2.40850000e+00,        -4.288937491291e-02,        +1.228212202246e+02
 2.40852500e+00,        -4.287847504154e-02,        +1.227766364244e+02
 2.40855000e+00,        -4.286758103336e-02,        +1.227320460838e+02
 2.40857500e+00,        -4.285669288227e-02,        +1.226874491453e+02
 2.40860000e+00,        -4.284581058255e-02,        +1.226428455513e+02
 2.40862500e+00,        -4.283493412864e-02,        +1.225982352441e+02
 2.40865000e+00,        -4.282406351431e-02,        +1.225536181662e+02
 2.40867500e+00,        -4.281319873422e-02,        +1.225089942595e+02
 2.40870000e+00,        -4.280233978249e-02,        +1.224643634662e+02
 2.40872500e+00,        -4.279148665382e-02,        +1.224197257281e+02
 2.40875000e+00,        -4.278063934234e-02,        +1.223750809873e+02
 2.40877500e+00,        -4.276979784297e-02,        +1.223304291853e+02
 2.40880000e+00,        -4.275896215002e-02,        +1.222857702639e+02
 2.40882500e+00,        -4.274813225815e-02,        +1.222411041646e+02
 2.40885000e+00,        -4.273730816222e-02,        +1.221964308289e+02
 2.40887500e+00,        -4.272648985670e-02,        +1.221517501981e+02
 2.40890000e+00,        -4.271567733679e-02,        +1.221070622134e+02
 2.40892500e+00,        -4.270487059700e-02,        +1.220623668161e+02
 2.40895000e+00,        -4.269406963255e-02,        +1.220176639471e+02
 2.40897500e+00,        -4.268327443822e-02,        +1.219729535473e+02
 2.40900000e+00,        -4.267248500907e-02,        +1.219282355576e+02
 2.40902500e+00,        -4.266170134027e-02,        +1.218835099188e+02
 2.40905000e+00,        -4.265092342685e-02,        +1.218387765713e+02
 2.40907500e+00,        -4.264015126434e-02,        +1.217940354558e+02
 2.40910000e+00,        -4.262938484738e-02,        +1.217492865127e+02
 2.40912500e+00,        -4.261862417215e-02,        +1.217045296822e+02
 2.40915000e+00,        -4.260786923338e-02,        +1.216597649044e+02
 2.40917500e+00,        -4.259712002674e-02,        +1.216149921196e+02
 2.40920000e+00,        -4.258637654778e-02,        +1.215702112676e+02
 2.40922500e+00,        -4.257563879205e-02,        +1.215254222884e+02
 2.40925000e+00,        -4.256490675490e-02,        +1.214806251215e+02
 2.40927500e+00,        -4.255418043219e-02,        +1.214358197068e+02
 2.40930000e+00,        -4.254345982000e-02,        +1.213910059837e+02
 2.40932500e+00,        -4.253274491361e-02,        +1.213461838916e+02
 2.40935000e+00,        -4.252203570911e-02,        +1.213013533698e+02
 2.40937500e+00,        -4.251133220232e-02,        +1.212565143575e+02
 2.40940000e+00,        -4.250063438925e-02,        +1.212116667938e+02
 2.40942500e+00,        -4.248994226600e-02,        +1.211668106176e+02
 2.40945000e+00,        -4.247925582866e-02,        +1.211219457677e+02
 2.40947500e+00,        -4.246857507339e-02,        +1.210770721829e+02
 2.40950000e+00,        -4.245789999596e-02,        +1.210321898019e+02
 2.40952500e+00,        -4.244723059336e-02,        +1.209872985629e+02
 2.40955000e+00,        -4.243656686146e-02,        +1.209423984046e+02
 2.40957500e+00,        -4.242590879657e-02,        +1.208974892650e+02
 2.40960000e+00,        -4.241525639553e-02,        +1.208525710824e+02
 2.40962500e+00,        -4.240460965476e-02,        +1.208076437947e+02
 2.40965000e+00,        -4.239396857034e-02,        +1.207627073399e+02
 2.40967500e+00,        -4.238333313943e-02,        +1.207177616557e+02
 2.40970000e+00,        -4.237270335874e-02,        +1.206728066797e+02
 2.40972500e+00,        -4.236207922456e-02,        +1.206278423496e+02
 2.40975000e+00,        -4.235146073413e-02,        +1.205828686027e+02
 2.40977500e+00,        -4.234084788419e-02,        +1.205378853763e+02
 2.40980000e+00,        -4.233024067142e-02,        +1.204928926075e+02
 2.40982500e+00,        -4.231963909328e-02,        +1.204478902335e+02
 2.40985000e+00,        -4.230904314647e-02,        +1.204028781910e+02
 2.40987500e+00,        -4.229845282823e-02,        +1.203578564170e+02
 2.40990000e+00,        -4.228786813590e-02,        +1.203128248480e+02
 2.40992500e+00,        -4.227728906636e-02,        +1.202677834207e+02
 2.40995000e+00,        -4.226671561725e-02,        +1.202227320713e+02
 2.40997500e+00,        -4.225614778564e-02,        +1.201776707363e+02
 2.41000000e+00,        -4.224558556921e-02,        +1.201325993517e+02
 2.41002500e+00,        -4.223502896540e-02,        +1.200875178535e+02
 2.41005000e+00,        -4.222447797153e-02,        +1.200424261777e+02
 2.41007500e+00,        -4.221393258553e-02,        +1.199973242600e+02
 2.41010000e+00,        -4.220339280504e-02,        +1.199522120361e+02
 2.41012500e+00,        -4.219285862782e-02,        +1.199070894415e+02
 2.41015000e+00,        -4.218233005135e-02,        +1.198619564114e+02
 2.41017500e+00,        -4.217180707380e-02,        +1.198168128812e+02
 2.41020000e+00,        -4.216128969298e-02,        +1.197716587860e+02
 2.41022500e+00,        -4.215077790702e-02,        +1.197264940606e+02
 2.41025000e+00,        -4.214027171394e-02,        +1.196813186401e+02
 2.41027500e+00,        -4.212977111161e-02,        +1.196361324589e+02
 2.41030000e+00,        -4.211927609888e-02,        +1.195909354518e+02
 2.41032500e+00,        -4.210878667311e-02,        +1.195457275531e+02
 2.41035000e+00,        -4.209830283337e-02,        +1.195005086971e+02
 2.41037500e+00,        -4.208782457750e-02,        +1.194552788180e+02
 2.41040000e+00,        -4.207735190445e-02,        +1.194100378497e+02
 2.41042500e+00,        -4.206688481255e-02,        +1.193647857261e+02
 2.41045000e+00,        -4.205642330009e-02,        +1.193195223810e+02
 2.41047500e+00,        -4.204596736620e-02,        +1.192742477480e+02
 2.41050000e+00,        -4.203551700907e-02,        +1.192289617604e+02
 2.41052500e+00,        -4.202507222791e-02,        +1.191836643517e+02
 2.41055000e+00,        -4.201463302149e-02,        +1.191383554549e+02
 2.41057500e+00,        -4.200419938875e-02,        +1.190930350030e+02
 2.41060000e+00,        -4.199377132807e-02,        +1.190477029290e+02
 2.41062500e+00,        -4.198334883945e-02,        +1.190023591655e+02
 2.41065000e+00,        -4.197293192134e-02,        +1.189570036452e+02
 2.41067500e+00,        -4.196252057325e-02,        +1.189116363005e+02
 2.41070000e+00,        -4.195211479431e-02,        +1.188662570636e+02
 2.41072500e+00,        -4.194171458377e-02,        +1.188208658667e+02
 2.41075000e+00,        -4.193131994107e-02,        +1.187754626418e+02
 2.41077500e+00,        -4.192093086559e-02,        +1.187300473208e+02
 2.41080000e+00,        -4.191054735723e-02,        +1.186846198352e+02
 2.41082500e+00,        -4.190016941501e-02,        +1.186391801168e+02
 2.41085000e+00,        -4.188979703873e-02,        +1.185937280967e+02
 2.41087500e+00,        -4.187943022862e-02,        +1.185482637064e+02
 2.41090000e+00,        -4.186906898397e-02,        +1.185027868768e+02
 2.41092500e+00,        -4.185871330484e-02,        +1.184572975389e+02
 2.41095000e+00,        -4.184836319087e-02,        +1.184117956235e+02
 2.41097500e+00,        -4.183801864259e-02,        +1.183662810612e+02
 2.41100000e+00,        -4.182767965948e-02,        +1.183207537824e+02
 2.41102500e+00,        -4.181734624221e-02,        +1.182752137175e+02
 2.41105000e+00,        -4.180701839116e-02,        +1.182296607965e+02
 2.41107500e+00,        -4.179669610569e-02,        +1.181840949496e+02
 2.41110000e+00,        -4.178637938687e-02,        +1.181385161066e+02
 2.41112500e+00,        -4.177606823473e-02,        +1.180929241970e+02
 2.41115000e+00,        -4.176576265030e-02,        +1.180473191504e+02
 2.41117500e+00,        -4.175546263386e-02,        +1.180017008963e+02
 2.41120000e+00,        -4.174516818618e-02,        +1.179560693637e+02
 2.41122500e+00,        -4.173487930741e-02,        +1.179104244816e+02
 2.41125000e+00,        -4.172459599937e-02,        +1.178647661790e+02
 2.41127500e+00,        -4.171431826203e-02,        +1.178190943846e+02
 2.41130000e+00,        -4.170404609674e-02,        +1.177734090269e+02
 2.41132500e+00,        -4.169377950416e-02,        +1.177277100342e+02
 2.41135000e+00,        -4.168351848576e-02,        +1.176819973347e+02
 2.41137500e+00,        -4.167326304259e-02,        +1.176362708566e+02
 2.41140000e+00,        -4.166301317598e-02,        +1.175905305276e+02
 2.41142500e+00,        -4.165276888695e-02,        +1.175447762755e+02
 2.41145000e+00,        -4.164253017694e-02,        +1.174990080277e+02
 2.41147500e+00,        -4.163229704760e-02,        +1.174532257117e+02
 2.41150000e+00,        -4.162206950064e-02,        +1.174074292546e+02
 2.41152500e+00,        -4.161184753703e-02,        +1.173616185834e+02
 2.41155000e+00,        -4.160163115850e-02,        +1.173157936250e+02
 2.41157500e+00,        -4.159142036744e-02,        +1.172699543061e+02
 2.41160000e+00,        -4.158121516558e-02,        +1.172241005531e+02
 2.41162500e+00,        -4.157101555448e-02,        +1.171782322923e+02
 2.41165000e+00,        -4.156082153574e-02,        +1.171323494500e+02
 2.41167500e+00,        -4.155063311273e-02,        +1.170864519520e+02
 2.41170000e+00,        -4.154045028620e-02,        +1.170405397241e+02
 2.41172500e+00,        -4.153027305935e-02,        +1.169946126921e+02
 2.41175000e+00,        -4.152010143363e-02,        +1.169486707811e+02
 2.41177500e+00,        -4.150993541188e-02,        +1.169027139166e+02
 2.41180000e+00,        -4.149977499700e-02,        +1.168567420237e+02
 2.41182500e+00,        -4.148962019046e-02,        +1.168107550270e+02
 2.41185000e+00,        -4.147947099570e-02,        +1.167647528515e+02
 2.41187500e+00,        -4.146932741515e-02,        +1.167187354215e+02
 2.41190000e+00,        -4.145918945147e-02,        +1.166727026615e+02
 2.41192500e+00,        -4.144905710782e-02,        +1.166266544956e+02
 2.41195000e+00,        -4.143893038667e-02,        +1.165805908477e+02
 2.41197500e+00,        -4.142880929153e-02,        +1.165345116416e+02
 2.41200000e+00,        -4.141869382523e-02,        +1.164884168008e+02
 2.41202500e+00,        -4.140858399108e-02,        +1.164423062489e+02
 2.41205000e+00,        -4.139847979203e-02,        +1.163961799090e+02
 2.41207500e+00,        -4.138838123153e-02,        +1.163500377041e+02
 2.41210000e+00,        -4.137828831281e-02,        +1.163038795570e+02
 2.41212500e+00,        -4.136820104009e-02,        +1.162577053904e+02
 2.41215000e+00,        -4.135811941611e-02,        +1.162115151266e+02
 2.41217500e+00,        -4.134804344498e-02,        +1.161653086881e+02
 2.41220000e+00,        -4.133797313025e-02,        +1.161190859967e+02
 2.41222500e+00,        -4.132790847607e-02,        +1.160728469743e+02
 2.41225000e+00,        -4.131784948591e-02,        +1.160265915427e+02
 2.41227500e+00,        -4.130779616419e-02,        +1.159803196232e+02
 2.41230000e+00,        -4.129774851454e-02,        +1.159340311371e+02
 2.41232500e+00,        -4.128770654187e-02,        +1.158877260055e+02
 2.41235000e+00,        -4.127767024948e-02,        +1.158414041492e+02
 2.41237500e+00,        -4.126763964227e-02,        +1.157950654889e+02
 2.41240000e+00,        -4.125761472433e-02,        +1.157487099451e+02
 2.41242500e+00,        -4.124759550073e-02,        +1.157023374379e+02
 2.41245000e+00,        -4.123758197554e-02,        +1.156559478874e+02
 2.41247500e+00,        -4.122757415391e-02,        +1.156095412135e+02
 2.41250000e+00,        -4.121757204011e-02,        +1.155631173358e+02
 2.41252500e+00,        -4.120757563929e-02,        +1.155166761737e+02
 2.41255000e+00,        -4.119758495608e-02,        +1.154702176464e+02
 2.41257500e+00,        -4.118759999626e-02,        +1.154237416730e+02
 2.41260000e+00,        -4.117762076396e-02,        +1.153772481723e+02
 2.41262500e+00,        -4.116764726540e-02,        +1.153307370627e+02
 2.41265000e+00,        -4.115767950505e-02,        +1.152842082627e+02
 2.41267500e+00,        -4.114771748853e-02,        +1.152376616905e+02
 2.41270000e+00,        -4.113776122169e-02,        +1.151910972640e+02
 2.41272500e+00,        -4.112781070990e-02,        +1.151445149009e+02
 2.41275000e+00,        -4.111786595849e-02,        +1.150979145188e+02
 2.41277500e+00,        -4.110792697373e-02,        +1.150512960349e+02
 2.41280000e+00,        -4.109799376103e-02,        +1.150046593663e+02
 2.41282500e+00,        -4.108806632684e-02,        +1.149580044298e+02
 2.41285000e+00,        -4.107814467635e-02,        +1.149113311422e+02
 2.41287500e+00,        -4.106822881667e-02,        +1.148646394198e+02
 2.41290000e+00,        -4.105831875311e-02,        +1.148179291788e+02
 2.41292500e+00,        -4.104841449319e-02,        +1.147712003352e+02
 2.41295000e+00,        -4.103851604200e-02,        +1.147244528047e+02
 2.41297500e+00,        -4.102862340653e-02,        +1.146776865029e+02
 2.41300000e+00,        -4.101873659395e-02,        +1.146309013450e+02
 2.41302500e+00,        -4.100885561009e-02,        +1.145840972461e+02
 2.41305000e+00,        -4.099898046234e-02,        +1.145372741211e+02
 2.41307500e+00,        -4.098911115715e-02,        +1.144904318845e+02
 2.41310000e+00,        -4.097924770207e-02,        +1.144435704508e+02
 2.41312500e+00,        -4.096939010355e-02,        +1.143966897340e+02
 2.41315000e+00,        -4.095953836909e-02,        +1.143497896481e+02
 2.41317500e+00,        -4.094969250600e-02,        +1.143028701068e+02
 2.41320000e+00,        -4.093985252128e-02,        +1.142559310235e+02
 2.41322500e+00,        -4.093001842309e-02,        +1.142089723114e+02
 2.41325000e+00,        -4.092019021799e-02,        +1.141619938834e+02
 2.41327500e+00,        -4.091036791484e-02,        +1.141149956524e+02
 2.41330000e+00,        -4.090055152080e-02,        +1.140679775307e+02
 2.41332500e+00,        -4.089074104378e-02,        +1.140209394308e+02
 2.41335000e+00,        -4.088093649157e-02,        +1.139738812644e+02
 2.41337500e+00,        -4.087113787261e-02,        +1.139268029435e+02
 2.41340000e+00,        -4.086134519468e-02,        +1.138797043795e+02
 2.41342500e+00,        -4.085155846633e-02,        +1.138325854837e+02
 2.41345000e+00,        -4.084177769625e-02,        +1.137854461672e+02
 2.41347500e+00,        -4.083200289216e-02,        +1.137382863407e+02
 2.41350000e+00,        -4.082223406323e-02,        +1.136911059147e+02
 2.41352500e+00,        -4.081247121823e-02,        +1.136439047996e+02
 2.41355000e+00,        -4.080271436539e-02,        +1.135966829053e+02
 2.41357500e+00,        -4.079296351430e-02,        +1.135494401417e+02
 2.41360000e+00,        -4.078321867306e-02,        +1.135021764183e+02
 2.41362500e+00,        -4.077347985191e-02,        +1.134548916443e+02
 2.41365000e+00,        -4.076374705926e-02,        +1.134075857288e+02
 2.41367500e+00,        -4.075402030468e-02,        +1.133602585805e+02
 2.41370000e+00,        -4.074429959775e-02,        +1.133129101079e+02
 2.41372500e+00,        -4.073458494782e-02,        +1.132655402193e+02
 2.41375000e+00,        -4.072487636511e-02,        +1.132181488226e+02
 2.41377500e+00,        -4.071517385808e-02,        +1.131707358256e+02
 2.41380000e+00,        -4.070547743831e-02,        +1.131233011357e+02
 2.41382500e+00,        -4.069578711408e-02,        +1.130758446601e+02
 2.41385000e+00,        -4.068610289676e-02,        +1.130283663058e+02
 2.41387500e+00,        -4.067642479611e-02,        +1.129808659794e+02
 2.41390000e+00,        -4.066675282228e-02,        +1.129333435872e+02
 2.41392500e+00,        -4.065708698633e-02,        +1.128857990355e+02
 2.41395000e+00,        -4.064742729780e-02,        +1.128382322300e+02
 2.41397500e+00,        -4.063777376908e-02,        +1.127906430764e+02
 2.41400000e+00,        -4.062812640843e-02,        +1.127430314800e+02
 2.41402500e+00,        -4.061848522887e-02,        +1.126953973457e+02
 2.41405000e+00,        -4.060885024055e-02,        +1.126477405784e+02
 2.41407500e+00,        -4.059922145491e-02,        +1.126000610825e+02
 2.41410000e+00,        -4.058959888274e-02,        +1.125523587623e+02
 2.41412500e+00,        -4.057998253521e-02,        +1.125046335216e+02
 2.41415000e+00,        -4.057037242468e-02,        +1.124568852641e+02
 2.41417500e+00,        -4.056076856273e-02,        +1.124091138932e+02
 2.41420000e+00,        -4.055117096014e-02,        +1.123613193120e+02
 2.41422500e+00,        -4.054157962956e-02,        +1.123135014231e+02
 2.41425000e+00,        -4.053199458182e-02,        +1.122656601293e+02
 2.41427500e+00,        -4.052241583056e-02,        +1.122177953326e+02
 2.41430000e+00,        -4.051284338681e-02,        +1.121699069349e+02
 2.41432500e+00,        -4.050327726350e-02,        +1.121219948381e+02
 2.41435000e+00,        -4.049371747250e-02,        +1.120740589433e+02
 2.41437500e+00,        -4.048416402724e-02,        +1.120260991517e+02
 2.41440000e+00,        -4.047461694024e-02,        +1.119781153640e+02
 2.41442500e+00,        -4.046507622308e-02,        +1.119301074807e+02
 2.41445000e+00,        -4.045554189003e-02,        +1.118820754019e+02
 2.41447500e+00,        -4.044601395373e-02,        +1.118340190276e+02
 2.41450000e+00,        -4.043649242739e-02,        +1.117859382572e+02
 2.41452500e+00,        -4.042697732412e-02,        +1.117378329902e+02
 2.41455000e+00,        -4.041746865749e-02,        +1.116897031254e+02
 2.41457500e+00,        -4.040796644087e-02,        +1.116415485615e+02
 2.41460000e+00,        -4.039847068837e-02,        +1.115933691969e+02
 2.41462500e+00,        -4.038898141418e-02,        +1.115451649296e+02
 2.41465000e+00,        -4.037949863121e-02,        +1.114969356574e+02
 2.41467500e+00,        -4.037002235389e-02,        +1.114486812777e+02
 2.41470000e+00,        -4.036055259652e-02,        +1.114004016877e+02
 2.41472500e+00,        -4.035108937398e-02,        +1.113520967841e+02
 2.41475000e+00,        -4.034163270004e-02,        +1.113037664634e+02
 2.41477500e+00,        -4.033218259014e-02,        +1.112554106219e+02
 2.41480000e+00,        -4.032273905743e-02,        +1.112070291554e+02
 2.41482500e+00,        -4.031330211868e-02,        +1.111586219595e+02
 2.41485000e+00,        -4.030387178786e-02,        +1.111101889293e+02
 2.41487500e+00,        -4.029444808048e-02,        +1.110617299599e+02
 2.41490000e+00,        -4.028503101168e-02,        +1.110132449457e+02
 2.41492500e+00,        -4.027562059662e-02,        +1.109647337810e+02
 2.41495000e+00,        -4.026621685145e-02,        +1.109161963598e+02
 2.41497500e+00,        -4.025681979142e-02,        +1.108676325757e+02
 2.41500000e+00,        -4.024742943300e-02,        +1.108190423219e+02
 2.41502500e+00,        -4.023804579148e-02,        +1.107704254914e+02
 2.41505000e+00,        -4.022866888300e-02,        +1.107217819769e+02
 2.41507500e+00,        -4.021929872476e-02,        +1.106731116705e+02
 2.41510000e+00,        -4.020993533153e-02,        +1.106244144643e+02
 2.41512500e+00,        -4.020057872184e-02,        +1.105756902498e+02
 2.41515000e+00,        -4.019122891088e-02,        +1.105269389184e+02
 2.41517500e+00,        -4.018188591668e-02,        +1.104781603609e+02
 2.41520000e+00,        -4.017254975514e-02,        +1.104293544679e+02
 2.41522500e+00,        -4.016322044364e-02,        +1.103805211297e+02
 2.41525000e+00,        -4.015389800069e-02,        +1.103316602362e+02
 2.41527500e+00,        -4.014458244191e-02,        +1.102827716769e+02
 2.41530000e+00,        -4.013527378616e-02,        +1.102338553411e+02
 2.41532500e+00,        -4.012597205001e-02,        +1.101849111175e+02
 2.41535000e+00,        -4.011667725341e-02,        +1.101359388948e+02
 2.41537500e+00,        -4.010738941173e-02,        +1.100869385610e+02
 2.41540000e+00,        -4.009810854550e-02,        +1.100379100039e+02
 2.41542500e+00,        -4.008883467171e-02,        +1.099888531110e+02
 2.41545000e+00,        -4.007956780932e-02,        +1.099397677694e+02
 2.41547500e+00,        -4.007030797720e-02,        +1.098906538658e+02
 2.41550000e+00,        -4.006105519337e-02,        +1.098415112865e+02
 2.41552500e+00,        -4.005180947782e-02,        +1.097923399176e+02
 2.41555000e+00,        -4.004257084918e-02,        +1.097431396446e+02
 2.41557500e+00,        -4.003333932640e-02,        +1.096939103529e+02
 2.41560000e+00,        -4.002411492946e-02,        +1.096446519272e+02
 2.41562500e+00,        -4.001489767744e-02,        +1.095953642523e+02
 2.41565000e+00,        -4.000568759104e-02,        +1.095460472121e+02
 2.41567500e+00,        -3.999648468920e-02,        +1.094967006905e+02
 2.41570000e+00,        -3.998728899268e-02,        +1.094473245710e+02
 2.41572500e+00,        -3.997810052096e-02,        +1.093979187364e+02
 2.41575000e+00,        -3.996891929570e-02,        +1.093484830695e+02
 2.41577500e+00,        -3.995974533656e-02,        +1.092990174525e+02
 2.41580000e+00,        -3.995057866383e-02,        +1.092495217673e+02
 2.41582500e+00,        -3.994141929995e-02,        +1.091999958954e+02
 2.41585000e+00,        -3.993226726444e-02,        +1.091504397179e+02
 2.41587500e+00,        -3.992312258007e-02,        +1.091008531156e+02
 2.41590000e+00,        -3.991398526696e-02,        +1.090512359687e+02
 2.41592500e+00,        -3.990485534746e-02,        +1.090015881573e+02
 2.41595000e+00,        -3.989573284230e-02,        +1.089519095608e+02
 2.41597500e+00,        -3.988661777460e-02,        +1.089022000584e+02
 2.41600000e+00,        -3.987751016652e-02,        +1.088524595289e+02
 2.41602500e+00,        -3.986841003949e-02,        +1.088026878505e+02
 2.41605000e+00,        -3.985931741738e-02,        +1.087528849014e+02
 2.41607500e+00,        -3.985023232107e-02,        +1.087030505589e+02
 2.41610000e+00,        -3.984115477411e-02,        +1.086531847003e+02
 2.41612500e+00,        -3.983208479948e-02,        +1.086032872023e+02
 2.41615000e+00,        -3.982302242045e-02,        +1.085533579412e+02
 2.41617500e+00,        -3.981396766098e-02,        +1.085033967930e+02
 2.41620000e+00,        -3.980492054385e-02,        +1.084534036330e+02
 2.41622500e+00,        -3.979588109283e-02,        +1.084033783365e+02
 2.41625000e+00,        -3.978684933184e-02,        +1.083533207780e+02
 2.41627500e+00,        -3.977782528548e-02,        +1.083032308319e+02
 2.41630000e+00,        -3.976880897693e-02,        +1.082531083719e+02
 2.41632500e+00,        -3.975980043220e-02,        +1.082029532715e+02
 2.41635000e+00,        -3.975079967529e-02,        +1.081527654036e+02
 2.41637500e+00,        -3.974180673013e-02,        +1.081025446408e+02
 2.41640000e+00,        -3.973282162372e-02,        +1.080522908553e+02
 2.41642500e+00,        -3.972384437915e-02,        +1.080020039186e+02
 2.41645000e+00,        -3.971487502274e-02,        +1.079516837020e+02
 2.41647500e+00,        -3.970591358051e-02,        +1.079013300765e+02
 2.41650000e+00,        -3.969696007852e-02,        +1.078509429123e+02
 2.41652500e+00,        -3.968801454185e-02,        +1.078005220794e+02
 2.41655000e+00,        -3.967907699703e-02,        +1.077500674473e+02
 2.41657500e+00,        -3.967014747028e-02,        +1.076995788850e+02
 2.41660000e+00,        -3.966122598835e-02,        +1.076490562613e+02
 2.41662500e+00,        -3.965231257964e-02,        +1.075984994441e+02
 2.41665000e+00,        -3.964340726840e-02,        +1.075479083013e+02
 2.41667500e+00,        -3.963451008283e-02,        +1.074972827000e+02
 2.41670000e+00,        -3.962562105104e-02,        +1.074466225072e+02
 2.41672500e+00,        -3.961674020030e-02,        +1.073959275891e+02
 2.41675000e+00,        -3.960786755883e-02,        +1.073451978116e+02
 2.41677500e+00,        -3.959900315391e-02,        +1.072944330401e+02
 2.41680000e+00,        -3.959014701414e-02,        +1.072436331397e+02
 2.41682500e+00,        -3.958129916748e-02,        +1.071927979747e+02
 2.41685000e+00,        -3.957245964315e-02,        +1.071419274093e+02
 2.41687500e+00,        -3.956362847127e-02,        +1.070910213069e+02
 2.41690000e+00,        -3.955480567844e-02,        +1.070400795307e+02
 2.41692500e+00,        -3.954599129556e-02,        +1.069891019432e+02
 2.41695000e+00,        -3.953718535155e-02,        +1.069380884066e+02
 2.41697500e+00,        -3.952838787709e-02,        +1.068870387825e+02
 2.41700000e+00,        -3.951959890084e-02,        +1.068359529321e+02
 2.41702500e+00,        -3.951081845346e-02,        +1.067848307161e+02
 2.41705000e+00,        -3.950204656568e-02,        +1.067336719946e+02
 2.41707500e+00,        -3.949328326797e-02,        +1.066824766274e+02
 2.41710000e+00,        -3.948452859136e-02,        +1.066312444736e+02
 2.41712500e+00,        -3.947578256629e-02,        +1.065799753920e+02
 2.41715000e+00,        -3.946704522592e-02,        +1.065286692408e+02
 2.41717500e+00,        -3.945831659930e-02,        +1.064773258777e+02
 2.41720000e+00,        -3.944959671960e-02,        +1.064259451599e+02
 2.41722500e+00,        -3.944088561788e-02,        +1.063745269442e+02
 2.41725000e+00,        -3.943218332841e-02,        +1.063230710867e+02
 2.41727500e+00,        -3.942348988055e-02,        +1.062715774431e+02
 2.41730000e+00,        -3.941480531083e-02,        +1.062200458687e+02
 2.41732500e+00,        -3.940612964916e-02,        +1.061684762180e+02
 2.41735000e+00,        -3.939746292878e-02,        +1.061168683453e+02
 2.41737500e+00,        -3.938880518578e-02,        +1.060652221042e+02
 2.41740000e+00,        -3.938015645073e-02,        +1.060135373477e+02
 2.41742500e+00,        -3.937151675998e-02,        +1.059618139286e+02
 2.41745000e+00,        -3.936288614647e-02,        +1.059100516987e+02
 2.41747500e+00,        -3.935426464422e-02,        +1.058582505097e+02
 2.41750000e+00,        -3.934565228845e-02,        +1.058064102126e+02
 2.41752500e+00,        -3.933704911450e-02,        +1.057545306578e+02
 2.41755000e+00,        -3.932845515639e-02,        +1.057026116952e+02
 2.41757500e+00,        -3.931987045028e-02,        +1.056506531743e+02
 2.41760000e+00,        -3.931129503226e-02,        +1.055986549438e+02
 2.41762500e+00,        -3.930272893761e-02,        +1.055466168521e+02
 2.41765000e+00,        -3.929417220278e-02,        +1.054945387469e+02
 2.41767500e+00,        -3.928562486322e-02,        +1.054424204755e+02
 2.41770000e+00,        -3.927708695715e-02,        +1.053902618843e+02
 2.41772500e+00,        -3.926855852048e-02,        +1.053380628196e+02
 2.41775000e+00,        -3.926003959057e-02,        +1.052858231269e+02
 2.41777500e+00,        -3.925153020616e-02,        +1.052335426511e+02
 2.41780000e+00,        -3.924303040299e-02,        +1.051812212365e+02
 2.41782500e+00,        -3.923454022046e-02,        +1.051288587272e+02
 2.41785000e+00,        -3.922605969588e-02,        +1.050764549663e+02
 2.41787500e+00,        -3.921758886890e-02,        +1.050240097964e+02
 2.41790000e+00,        -3.920912777759e-02,        +1.049715230598e+02
 2.41792500e+00,        -3.920067646069e-02,        +1.049189945979e+02
 2.41795000e+00,        -3.919223495941e-02,        +1.048664242517e+02
 2.41797500e+00,        -3.918380331038e-02,        +1.048138118615e+02
 2.41800000e+00,        -3.917538155715e-02,        +1.047611572672e+02
 2.41802500e+00,        -3.916696973658e-02,        +1.047084603079e+02
 2.41805000e+00,        -3.915856789105e-02,        +1.046557208222e+02
 2.41807500e+00,        -3.915017606217e-02,        +1.046029386480e+02
 2.41810000e+00,        -3.914179428841e-02,        +1.045501136229e+02
 2.41812500e+00,        -3.913342261320e-02,        +1.044972455835e+02
 2.41815000e+00,        -3.912506107825e-02,        +1.044443343661e+02
 2.41817500e+00,        -3.911670972430e-02,        +1.043913798063e+02
 2.41820000e+00,        -3.910836859338e-02,        +1.043383817389e+02
 2.41822500e+00,        -3.910003772996e-02,        +1.042853399984e+02
 2.41825000e+00,        -3.909171717504e-02,        +1.042322544184e+02
 2.41827500e+00,        -3.908340697271e-02,        +1.041791248322e+02
 2.41830000e+00,        -3.907510716689e-02,        +1.041259510721e+02
 2.41832500e+00,        -3.906681779952e-02,        +1.040727329700e+02
 2.41835000e+00,        -3.905853891643e-02,        +1.040194703572e+02
 2.41837500e+00,        -3.905027056061e-02,        +1.039661630642e+02
 2.41840000e+00,        -3.904201277828e-02,        +1.039128109211e+02
 2.41842500e+00,        -3.903376561383e-02,        +1.038594137570e+02
 2.41845000e+00,        -3.902552911171e-02,        +1.038059714007e+02
 2.41847500e+00,        -3.901730331920e-02,        +1.037524836802e+02
 2.41850000e+00,        -3.900908827941e-02,        +1.036989504229e+02
 2.41852500e+00,        -3.900088404235e-02,        +1.036453714555e+02
 2.41855000e+00,        -3.899269065150e-02,        +1.035917466040e+02
 2.41857500e+00,        -3.898450815484e-02,        +1.035380756939e+02
 2.41860000e+00,        -3.897633660110e-02,        +1.034843585498e+02
 2.41862500e+00,        -3.896817603515e-02,        +1.034305949960e+02
 2.41865000e+00,        -3.896002650678e-02,        +1.033767848556e+02
 2.41867500e+00,        -3.895188806350e-02,        +1.033229279516e+02
 2.41870000e+00,        -3.894376075306e-02,        +1.032690241059e+02
 2.41872500e+00,        -3.893564462742e-02,        +1.032150731399e+02
 2.41875000e+00,        -3.892753973188e-02,        +1.031610748742e+02
 2.41877500e+00,        -3.891944611889e-02,        +1.031070291290e+02
 2.41880000e+00,        -3.891136383669e-02,        +1.030529357234e+02
 2.41882500e+00,        -3.890329293743e-02,        +1.029987944761e+02
 2.41885000e+00,        -3.889523347029e-02,        +1.029446052050e+02
 2.41887500e+00,        -3.888718548542e-02,        +1.028903677274e+02
 2.41890000e+00,        -3.887914903590e-02,        +1.028360818596e+02
 2.41892500e+00,        -3.887112417262e-02,        +1.027817474175e+02
 2.41895000e+00,        -3.886311094812e-02,        +1.027273642163e+02
 2.41897500e+00,        -3.885510941408e-02,        +1.026729320701e+02
 2.41900000e+00,        -3.884711962406e-02,        +1.026184507928e+02
 2.41902500e+00,        -3.883914163047e-02,        +1.025639201972e+02
 2.41905000e+00,        -3.883117548706e-02,        +1.025093400954e+02
 2.41907500e+00,        -3.882322124733e-02,        +1.024547102991e+02
 2.41910000e+00,        -3.881527896668e-02,        +1.024000306188e+02
 2.41912500e+00,        -3.880734869812e-02,        +1.023453008646e+02
 2.41915000e+00,        -3.879943049707e-02,        +1.022905208457e+02
 2.41917500e+00,        -3.879152442059e-02,        +1.022356903707e+02
 2.41920000e+00,        -3.878363052195e-02,        +1.021808092472e+02
 2.41922500e+00,        -3.877574886025e-02,        +1.021258772822e+02
 2.41925000e+00,        -3.876787948874e-02,        +1.020708942821e+02
 2.41927500e+00,        -3.876002246692e-02,        +1.020158600521e+02
 2.41930000e+00,        -3.875217784991e-02,        +1.019607743972e+02
 2.41932500e+00,        -3.874434569585e-02,        +1.019056371211e+02
 2.41935000e+00,        -3.873652606584e-02,        +1.018504480271e+02
 2.41937500e+00,        -3.872871901417e-02,        +1.017952069175e+02
 2.41940000e+00,        -3.872092460196e-02,        +1.017399135939e+02
 2.41942500e+00,        -3.871314288842e-02,        +1.016845678572e+02
 2.41945000e+00,        -3.870537393399e-02,        +1.016291695073e+02
 2.41947500e+00,        -3.869761779662e-02,        +1.015737183435e+02
 2.41950000e+00,        -3.868987453842e-02,        +1.015182141643e+02
 2.41952500e+00,        -3.868214421994e-02,        +1.014626567671e+02
 2.41955000e+00,        -3.867442690338e-02,        +1.014070459490e+02
 2.41957500e+00,        -3.866672264874e-02,        +1.013513815057e+02
 2.41960000e+00,        -3.865903152006e-02,        +1.012956632327e+02
 2.41962500e+00,        -3.865135357849e-02,        +1.012398909241e+02
 2.41965000e+00,        -3.864368888785e-02,        +1.011840643736e+02
 2.41967500e+00,        -3.863603751285e-02,        +1.011281833739e+02
 2.41970000e+00,        -3.862839951481e-02,        +1.010722477169e+02
 2.41972500e+00,        -3.862077496178e-02,        +1.010162571936e+02
 2.41975000e+00,        -3.861316391399e-02,        +1.009602115941e+02
 2.41977500e+00,        -3.860556644045e-02,        +1.009041107080e+02
 2.41980000e+00,        -3.859798260523e-02,        +1.008479543236e+02
 2.41982500e+00,        -3.859041247517e-02,        +1.007917422286e+02
 2.41985000e+00,        -3.858285611487e-02,        +1.007354742099e+02
 2.41987500e+00,        -3.857531359516e-02,        +1.006791500533e+02
 2.41990000e+00,        -3.856778498082e-02,        +1.006227695439e+02
 2.41992500e+00,        -3.856027034093e-02,        +1.005663324659e+02
 2.41995000e+00,        -3.855276974323e-02,        +1.005098386026e+02
 2.41997500e+00,        -3.854528325827e-02,        +1.004532877364e+02
 2.42000000e+00,        -3.853781095406e-02,        +1.003966796488e+02
 2.42002500e+00,        -3.853035290038e-02,        +1.003400141205e+02
 2.42005000e+00,        -3.852290916844e-02,        +1.002832909313e+02
 2.42007500e+00,        -3.851547982772e-02,        +1.002265098600e+02
 2.42010000e+00,        -3.850806495173e-02,        +1.001696706845e+02
 2.42012500e+00,        -3.850066461189e-02,        +1.001127731818e+02
 2.42015000e+00,        -3.849327887981e-02,        +1.000558171281e+02
 2.42017500e+00,        -3.848590782631e-02,        +9.999880229850e+01
 2.42020000e+00,        -3.847855152968e-02,        +9.994172846734e+01
 2.42022500e+00,        -3.847121005817e-02,        +9.988459540792e+01
 2.42025000e+00,        -3.846388349149e-02,        +9.982740289264e+01
 2.42027500e+00,        -3.845657189908e-02,        +9.977015069294e+01
 2.42030000e+00,        -3.844927536146e-02,        +9.971283857935e+01
 2.42032500e+00,        -3.844199395201e-02,        +9.965546632142e+01
 2.42035000e+00,        -3.843472774661e-02,        +9.959803368773e+01
 2.42037500e+00,        -3.842747682406e-02,        +9.954054044594e+01
 2.42040000e+00,        -3.842024125967e-02,        +9.948298636273e+01
 2.42042500e+00,        -3.841302113371e-02,        +9.942537120378e+01
 2.42045000e+00,        -3.840581652201e-02,        +9.936769473383e+01
 2.42047500e+00,        -3.839862750708e-02,        +9.930995671660e+01
 2.42050000e+00,        -3.839145416505e-02,        +9.925215691488e+01
 2.42052500e+00,        -3.838429657765e-02,        +9.919429509039e+01
 2.42055000e+00,        -3.837715482719e-02,        +9.913637100391e+01
 2.42057500e+00,        -3.837002899229e-02,        +9.907838441521e+01
 2.42060000e+00,        -3.836291915813e-02,        +9.902033508303e+01
 2.42062500e+00,        -3.835582540334e-02,        +9.896222276510e+01
 2.42065000e+00,        -3.834874781252e-02,        +9.890404721813e+01
 2.42067500e+00,        -3.834168646933e-02,        +9.884580819783e+01
 2.42070000e+00,        -3.833464145817e-02,        +9.878750545884e+01
 2.42072500e+00,        -3.832761286389e-02,        +9.872913875479e+01
 2.42075000e+00,        -3.832060076990e-02,        +9.867070783825e+01
 2.42077500e+00,        -3.831360526396e-02,        +9.861221246076e+01
 2.42080000e+00,        -3.830662643305e-02,        +9.855365237278e+01
 2.42082500e+00,        -3.829966436121e-02,        +9.849502732374e+01
 2.42085000e+00,        -3.829271913915e-02,        +9.843633706198e+01
 2.42087500e+00,        -3.828579085473e-02,        +9.837758133481e+01
 2.42090000e+00,        -3.827887959698e-02,        +9.831875988840e+01
 2.42092500e+00,        -3.827198545291e-02,        +9.825987246788e+01
 2.42095000e+00,        -3.826510851502e-02,        +9.820091881728e+01
 2.42097500e+00,        -3.825824887165e-02,        +9.814189867953e+01
 2.42100000e+00,        -3.825140661863e-02,        +9.808281179649e+01
 2.42102500e+00,        -3.824458184430e-02,        +9.802365790886e+01
 2.42105000e+00,        -3.823777464217e-02,        +9.796443675627e+01
 2.42107500e+00,        -3.823098510459e-02,        +9.790514807720e+01
 2.42110000e+00,        -3.822421332817e-02,        +9.784579160903e+01
 2.42112500e+00,        -3.821745940373e-02,        +9.778636708801e+01
 2.42115000e+00,        -3.821072342952e-02,        +9.772687424923e+01
 2.42117500e+00,        -3.820400549927e-02,        +9.766731282665e+01
 2.42120000e+00,        -3.819730571249e-02,        +9.760768255308e+01
 2.42122500e+00,        -3.819062416466e-02,        +9.754798316015e+01
 2.42125000e+00,        -3.818396095014e-02,        +9.748821437838e+01
 2.42127500e+00,        -3.817731617319e-02,        +9.742837593705e+01
 2.42130000e+00,        -3.817068993000e-02,        +9.736846756434e+01
 2.42132500e+00,        -3.816408232174e-02,        +9.730848898719e+01
 2.42135000e+00,        -3.815749344797e-02,        +9.724843993135e+01
 2.42137500e+00,        -3.815092341035e-02,        +9.718832012144e+01
 2.42140000e+00,        -3.814437231070e-02,        +9.712812928079e+01
 2.42142500e+00,        -3.813784025321e-02,        +9.706786713159e+01
 2.42145000e+00,        -3.813132733702e-02,        +9.700753339476e+01
 2.42147500e+00,        -3.812483367234e-02,        +9.694712779005e+01
 2.42150000e+00,        -3.811835935932e-02,        +9.688665003595e+01
 2.42152500e+00,        -3.811190450576e-02,        +9.682609984970e+01
 2.42155000e+00,        -3.810546921729e-02,        +9.676547694733e+01
 2.42157500e+00,        -3.809905360337e-02,        +9.670478104361e+01
 2.42160000e+00,        -3.809265776641e-02,        +9.664401185205e+01
 2.42162500e+00,        -3.808628181982e-02,        +9.658316908487e+01
 2.42165000e+00,        -3.807992587046e-02,        +9.652225245307e+01
 2.42167500e+00,        -3.807359002957e-02,        +9.646126166633e+01
 2.42170000e+00,        -3.806727440852e-02,        +9.640019643308e+01
 2.42172500e+00,        -3.806097911750e-02,        +9.633905646040e+01
 2.42175000e+00,        -3.805470426905e-02,        +9.627784145413e+01
 2.42177500e+00,        -3.804844997767e-02,        +9.621655111877e+01
 2.42180000e+00,        -3.804221635461e-02,        +9.615518515753e+01
 2.42182500e+00,        -3.803600351711e-02,        +9.609374327227e+01
 2.42185000e+00,        -3.802981158030e-02,        +9.603222516353e+01
 2.42187500e+00,        -3.802364065996e-02,        +9.597063053051e+01
 2.42190000e+00,        -3.801749087481e-02,        +9.590895907109e+01
 2.42192500e+00,        -3.801136234008e-02,        +9.584721048176e+01
 2.42195000e+00,        -3.800525517714e-02,        +9.578538445768e+01
 2.42197500e+00,        -3.799916950368e-02,        +9.572348069264e+01
 2.42200000e+00,        -3.799310544110e-02,        +9.566149887901e+01
 2.42202500e+00,        -3.798706311095e-02,        +9.559943870784e+01
 2.42205000e+00,        -3.798104263570e-02,        +9.553729986875e+01
 2.42207500e+00,        -3.797504413728e-02,        +9.547508205000e+01
 2.42210000e+00,        -3.796906773930e-02,        +9.541278493837e+01
 2.42212500e+00,        -3.796311356933e-02,        +9.535040821930e+01
 2.42215000e+00,        -3.795718174832e-02,        +9.528795157677e+01
 2.42217500e+00,        -3.795127240768e-02,        +9.522541469333e+01
 2.42220000e+00,        -3.794538567322e-02,        +9.516279725011e+01
 2.42222500e+00,        -3.793952167027e-02,        +9.510009892676e+01
 2.42225000e+00,        -3.793368053159e-02,        +9.503731940151e+01
 2.42227500e+00,        -3.792786238708e-02,        +9.497445835112e+01
 2.42230000e+00,        -3.792206736388e-02,        +9.491151545082e+01
 2.42232500e+00,        -3.791629559822e-02,        +9.484849037444e+01
 2.42235000e+00,        -3.791054722137e-02,        +9.478538279429e+01
 2.42237500e+00,        -3.790482236921e-02,        +9.472219238116e+01
 2.42240000e+00,        -3.789912117225e-02,        +9.465891880435e+01
 2.42242500e+00,        -3.789344376846e-02,        +9.459556173167e+01
 2.42245000e+00,        -3.788779029360e-02,        +9.453212082936e+01
 2.42247500e+00,        -3.788216088697e-02,        +9.446859576214e+01
 2.42250000e+00,        -3.787655568760e-02,        +9.440498619323e+01
 2.42252500e+00,        -3.787097483211e-02,        +9.434129178423e+01
 2.42255000e+00,        -3.786541846341e-02,        +9.427751219524e+01
 2.42257500e+00,        -3.785988672177e-02,        +9.421364708475e+01
 2.42260000e+00,        -3.785437975281e-02,        +9.414969610971e+01
 2.42262500e+00,        -3.784889769362e-02,        +9.408565892545e+01
 2.42265000e+00,        -3.784344069315e-02,        +9.402153518570e+01
 2.42267500e+00,        -3.783800889881e-02,        +9.395732454264e+01
 2.42270000e+00,        -3.783260245287e-02,        +9.389302664677e+01
 2.42272500e+00,        -3.782722150638e-02,        +9.382864114701e+01
 2.42275000e+00,        -3.782186620515e-02,        +9.376416769060e+01
 2.42277500e+00,        -3.781653670179e-02,        +9.369960592321e+01
 2.42280000e+00,        -3.781123314375e-02,        +9.363495548874e+01
 2.42282500e+00,        -3.780595568585e-02,        +9.357021602959e+01
 2.42285000e+00,        -3.780070447900e-02,        +9.350538718635e+01
 2.42287500e+00,        -3.779547967730e-02,        +9.344046859797e+01
 2.42290000e+00,        -3.779028143941e-02,        +9.337545990173e+01
 2.42292500e+00,        -3.778510991696e-02,        +9.331036073320e+01
 2.42295000e+00,        -3.777996527102e-02,        +9.324517072622e+01
 2.42297500e+00,        -3.777484765781e-02,        +9.317988951293e+01
 2.42300000e+00,        -3.776975723498e-02,        +9.311451672372e+01
 2.42302500e+00,        -3.776469416800e-02,        +9.304905198724e+01
 2.42305000e+00,        -3.775965861562e-02,        +9.298349493042e+01
 2.42307500e+00,        -3.775465074384e-02,        +9.291784517838e+01
 2.42310000e+00,        -3.774967071228e-02,        +9.285210235450e+01
 2.42312500e+00,        -3.774471868680e-02,        +9.278626608036e+01
 2.42315000e+00,        -3.773979483854e-02,        +9.272033597575e+01
 2.42317500e+00,        -3.773489933235e-02,        +9.265431165867e+01
 2.42320000e+00,        -3.773003233775e-02,        +9.258819274528e+01
 2.42322500e+00,        -3.772519402225e-02,        +9.252197884992e+01
 2.42325000e+00,        -3.772038456123e-02,        +9.245566958512e+01
 2.42327500e+00,        -3.771560412606e-02,        +9.238926456155e+01
 2.42330000e+00,        -3.771085288816e-02,        +9.232276338797e+01
 2.42332500e+00,        -3.770613102640e-02,        +9.225616567136e+01
 2.42335000e+00,        -3.770143871276e-02,        +9.218947101674e+01
 2.42337500e+00,        -3.769677613016e-02,        +9.212267902729e+01
 2.42340000e+00,        -3.769214345160e-02,        +9.205578930426e+01
 2.42342500e+00,        -3.768754085934e-02,        +9.198880144700e+01
 2.42345000e+00,        -3.768296853964e-02,        +9.192171505292e+01
 2.42347500e+00,        -3.767842666694e-02,        +9.185452971752e+01
 2.42350000e+00,        -3.767391543240e-02,        +9.178724503429e+01
 2.42352500e+00,        -3.766943501772e-02,        +9.171986059485e+01
 2.42355000e+00,        -3.766498560995e-02,        +9.165237598876e+01
 2.42357500e+00,        -3.766056739822e-02,        +9.158479080365e+01
 2.42360000e+00,        -3.765618057202e-02,        +9.151710462513e+01
 2.42362500e+00,        -3.765182532052e-02,        +9.144931703680e+01
 2.42365000e+00,        -3.764750183836e-02,        +9.138142762028e+01
 2.42367500e+00,        -3.764321031632e-02,        +9.131343595510e+01
 2.42370000e+00,        -3.763895095245e-02,        +9.124534161878e+01
 2.42372500e+00,        -3.763472394076e-02,        +9.117714418677e+01
 2.42375000e+00,        -3.763052947990e-02,        +9.110884323246e+01
 2.42377500e+00,        -3.762636776889e-02,        +9.104043832716e+01
 2.42380000e+00,        -3.762223900920e-02,        +9.097192904003e+01
 2.42382500e+00,        -3.761814340127e-02,        +9.090331493825e+01
 2.42385000e+00,        -3.761408114870e-02,        +9.083459558674e+01
 2.42387500e+00,        -3.761005245874e-02,        +9.076577054839e+01
 2.42390000e+00,        -3.760605753825e-02,        +9.069683938388e+01
 2.42392500e+00,        -3.760209659223e-02,        +9.062780165176e+01
 2.42395000e+00,        -3.759816983209e-02,        +9.055865690839e+01
 2.42397500e+00,        -3.759427747129e-02,        +9.048940470796e+01
 2.42400000e+00,        -3.759041971770e-02,        +9.042004460247e+01
 2.42402500e+00,        -3.758659678616e-02,        +9.035057614170e+01
 2.42405000e+00,        -3.758280889650e-02,        +9.028099887319e+01
 2.42407500e+00,        -3.757905626323e-02,        +9.021131234227e+01
 2.42410000e+00,        -3.757533910676e-02,        +9.014151609197e+01
 2.42412500e+00,        -3.757165764440e-02,        +9.007160966309e+01
 2.42415000e+00,        -3.756801210422e-02,        +9.000159259420e+01
 2.42417500e+00,        -3.756440270399e-02,        +8.993146442146e+01
 2.42420000e+00,        -3.756082967227e-02,        +8.986122467878e+01
 2.42422500e+00,        -3.755729323236e-02,        +8.979087289778e+01
 2.42425000e+00,        -3.755379361976e-02,        +8.972040860770e+01
 2.42427500e+00,        -3.755033106163e-02,        +8.964983133544e+01
 2.42430000e+00,        -3.754690578648e-02,        +8.957914060555e+01
 2.42432500e+00,        -3.754351803374e-02,        +8.950833594015e+01
 2.42435000e+00,        -3.754016803579e-02,        +8.943741685904e+01
 2.42437500e+00,        -3.753685602851e-02,        +8.936638287957e+01
 2.42440000e+00,        -3.753358225457e-02,        +8.929523351664e+01
 2.42442500e+00,        -3.753034695226e-02,        +8.922396828276e+01
 2.42445000e+00,        -3.752715036800e-02,        +8.915258668797e+01
 2.42447500e+00,        -3.752399274070e-02,        +8.908108823984e+01
 2.42450000e+00,        -3.752087432206e-02,        +8.900947244340e+01
 2.42452500e+00,        -3.751779535193e-02,        +8.893773880128e+01
 2.42455000e+00,        -3.751475608947e-02,        +8.886588681353e+01
 2.42457500e+00,        -3.751175678060e-02,        +8.879391597768e+01
 2.42460000e+00,        -3.750879767834e-02,        +8.872182578871e+01
 2.42462500e+00,        -3.750587903884e-02,        +8.864961573905e+01
 2.42465000e+00,        -3.750300112478e-02,        +8.857728531856e+01
 2.42467500e+00,        -3.750016418926e-02,        +8.850483401446e+01
 2.42470000e+00,        -3.749736849588e-02,        +8.843226131138e+01
 2.42472500e+00,        -3.749461430517e-02,        +8.835956669136e+01
 2.42475000e+00,        -3.749190188947e-02,        +8.828674963376e+01
 2.42477500e+00,        -3.748923150569e-02,        +8.821380961526e+01
 2.42480000e+00,        -3.748660342768e-02,        +8.814074610992e+01
 2.42482500e+00,        -3.748401792613e-02,        +8.806755858904e+01
 2.42485000e+00,        -3.748147527471e-02,        +8.799424652128e+01
 2.42487500e+00,        -3.747897574621e-02,        +8.792080937248e+01
 2.42490000e+00,        -3.747651962075e-02,        +8.784724660585e+01
 2.42492500e+00,        -3.747410717712e-02,        +8.777355768175e+01
 2.42495000e+00,        -3.747173869330e-02,        +8.769974205779e+01
 2.42497500e+00,        -3.746941445716e-02,        +8.762579918878e+01
 2.42500000e+00,        -3.746713474747e-02,        +8.755172852671e+01
 2.42502500e+00,        -3.746489986138e-02,        +8.747752952074e+01
 2.42505000e+00,        -3.746271008234e-02,        +8.740320161721e+01
 2.42507500e+00,        -3.746056570184e-02,        +8.732874425954e+01
 2.42510000e+00,        -3.745846701721e-02,        +8.725415688827e+01
 2.42512500e+00,        -3.745641432292e-02,        +8.717943894111e+01
 2.42515000e+00,        -3.745440791606e-02,        +8.710458985272e+01
 2.42517500e+00,        -3.745244809713e-02,        +8.702960905493e+01
 2.42520000e+00,        -3.745053517786e-02,        +8.695449597656e+01
 2.42522500e+00,        -3.744866945098e-02,        +8.687925004346e+01
 2.42525000e+00,        -3.744685122978e-02,        +8.680387067845e+01
 2.42527500e+00,        -3.744508082992e-02,        +8.672835730141e+01
 2.42530000e+00,        -3.744335855583e-02,        +8.665270932909e+01
 2.42532500e+00,        -3.744168472344e-02,        +8.657692617524e+01
 2.42535000e+00,        -3.744005964960e-02,        +8.650100725052e+01
 2.42537500e+00,        -3.743848365945e-02,        +8.642495196252e+01
 2.42540000e+00,        -3.743695707098e-02,        +8.634875971568e+01
 2.42542500e+00,        -3.743548020573e-02,        +8.627242991129e+01
 2.42545000e+00,        -3.743405339250e-02,        +8.619596194753e+01
 2.42547500e+00,        -3.743267696233e-02,        +8.611935521941e+01
 2.42550000e+00,        -3.743135124583e-02,        +8.604260911870e+01
 2.42552500e+00,        -3.743007657298e-02,        +8.596572303396e+01
 2.42555000e+00,        -3.742885329074e-02,        +8.588869635056e+01
 2.42557500e+00,        -3.742768172687e-02,        +8.581152845055e+01
 2.42560000e+00,        -3.742656223165e-02,        +8.573421871273e+01
 2.42562500e+00,        -3.742549514765e-02,        +8.565676651266e+01
 2.42565000e+00,        -3.742448081880e-02,        +8.557917122245e+01
 2.42567500e+00,        -3.742351960130e-02,        +8.550143221096e+01
 2.42570000e+00,        -3.742261184122e-02,        +8.542354884367e+01
 2.42572500e+00,        -3.742175789543e-02,        +8.534552048266e+01
 2.42575000e+00,        -3.742095812380e-02,        +8.526734648661e+01
 2.42577500e+00,        -3.742021288534e-02,        +8.518902621076e+01
 2.42580000e+00,        -3.741952254568e-02,        +8.511055900696e+01
 2.42582500e+00,        -3.741888747145e-02,        +8.503194422347e+01
 2.42585000e+00,        -3.741830802282e-02,        +8.495318120513e+01
 2.42587500e+00,        -3.741778458415e-02,        +8.487426929328e+01
 2.42590000e+00,        -3.741731752263e-02,        +8.479520782562e+01
 2.42592500e+00,        -3.741690721587e-02,        +8.471599613642e+01
 2.42595000e+00,        -3.741655405093e-02,        +8.463663355623e+01
 2.42597500e+00,        -3.741625840278e-02,        +8.455711941207e+01
 2.42600000e+00,        -3.741602066185e-02,        +8.447745302729e+01
 2.42602500e+00,        -3.741584121773e-02,        +8.439763372161e+01
 2.42605000e+00,        -3.741572045991e-02,        +8.431766081103e+01
 2.42607500e+00,        -3.741565878956e-02,        +8.423753360784e+01
 2.42610000e+00,        -3.741565660374e-02,        +8.415725142065e+01
 2.42612500e+00,        -3.741571429610e-02,        +8.407681355426e+01
 2.42615000e+00,        -3.741583227964e-02,        +8.399621930971e+01
 2.42617500e+00,        -3.741601095903e-02,        +8.391546798422e+01
 2.42620000e+00,        -3.741625074513e-02,        +8.383455887122e+01
 2.42622500e+00,        -3.741655205585e-02,        +8.375349126022e+01
 2.42625000e+00,        -3.741691530440e-02,        +8.367226443690e+01
 2.42627500e+00,        -3.741734091104e-02,        +8.359087768303e+01
 2.42630000e+00,        -3.741782929909e-02,        +8.350933027636e+01
 2.42632500e+00,        -3.741838090327e-02,        +8.342762149085e+01
 2.42635000e+00,        -3.741899614290e-02,        +8.334575059631e+01
 2.42637500e+00,        -3.741967545884e-02,        +8.326371685864e+01
 2.42640000e+00,        -3.742041928689e-02,        +8.318151953964e+01
 2.42642500e+00,        -3.742122806559e-02,        +8.309915789710e+01
 2.42645000e+00,        -3.742210224386e-02,        +8.301663118466e+01
 2.42647500e+00,        -3.742304226845e-02,        +8.293393865191e+01
 2.42650000e+00,        -3.742404858126e-02,        +8.285107954421e+01
 2.42652500e+00,        -3.742512164667e-02,        +8.276805310283e+01
 2.42655000e+00,        -3.742626192179e-02,        +8.268485856478e+01
 2.42657500e+00,        -3.742746986200e-02,        +8.260149516284e+01
 2.42660000e+00,        -3.742874593910e-02,        +8.251796212562e+01
 2.42662500e+00,        -3.743009062057e-02,        +8.243425867730e+01
 2.42665000e+00,        -3.743150437900e-02,        +8.235038403787e+01
 2.42667500e+00,        -3.743298768993e-02,        +8.226633742291e+01
 2.42670000e+00,        -3.743454103184e-02,        +8.218211804365e+01
 2.42672500e+00,        -3.743616489080e-02,        +8.209772510689e+01
 2.42675000e+00,        -3.743785975953e-02,        +8.201315781507e+01
 2.42677500e+00,        -3.743962611978e-02,        +8.192841536610e+01
 2.42680000e+00,        -3.744146447376e-02,        +8.184349695340e+01
 2.42682500e+00,        -3.744337531746e-02,        +8.175840176590e+01
 2.42685000e+00,        -3.744535915352e-02,        +8.167312898799e+01
 2.42687500e+00,        -3.744741649260e-02,        +8.158767779945e+01
 2.42690000e+00,        -3.744954784409e-02,        +8.150204737544e+01
 2.42692500e+00,        -3.745175372689e-02,        +8.141623688650e+01
 2.42695000e+00,        -3.745403465364e-02,        +8.133024549845e+01
 2.42697500e+00,        -3.745639115234e-02,        +8.124407237251e+01
 2.42700000e+00,        -3.745882375306e-02,        +8.115771666502e+01
 2.42702500e+00,        -3.746133298042e-02,        +8.107117752767e+01
 2.42705000e+00,        -3.746391937437e-02,        +8.098445410727e+01
 2.42707500e+00,        -3.746658347810e-02,        +8.089754554586e+01
 2.42710000e+00,        -3.746932583528e-02,        +8.081045098051e+01
 2.42712500e+00,        -3.747214699026e-02,        +8.072316954353e+01
 2.42715000e+00,        -3.747504749935e-02,        +8.063570036217e+01
 2.42717500e+00,        -3.747802792410e-02,        +8.054804255876e+01
 2.42720000e+00,        -3.748108882199e-02,        +8.046019525066e+01
 2.42722500e+00,        -3.748423076238e-02,        +8.037215755017e+01
 2.42725000e+00,        -3.748745431072e-02,        +8.028392856449e+01
 2.42727500e+00,        -3.749076005605e-02,        +8.019550739577e+01
 2.42730000e+00,        -3.749414856066e-02,        +8.010689314098e+01
 2.42732500e+00,        -3.749762042371e-02,        +8.001808489195e+01
 2.42735000e+00,        -3.750117623078e-02,        +7.992908173529e+01
 2.42737500e+00,        -3.750481657726e-02,        +7.983988275231e+01
 2.42740000e+00,        -3.750854206608e-02,        +7.975048701915e+01
 2.42742500e+00,        -3.751235329101e-02,        +7.966089360657e+01
 2.42745000e+00,        -3.751625086821e-02,        +7.957110157992e+01
 2.42747500e+00,        -3.752023541037e-02,        +7.948110999931e+01
 2.42750000e+00,        -3.752430753937e-02,        +7.939091791928e+01
 2.42752500e+00,        -3.752846787416e-02,        +7.930052438895e+01
 2.42755000e+00,        -3.753271704361e-02,        +7.920992845199e+01
 2.42757500e+00,        -3.753705569061e-02,        +7.911912914650e+01
 2.42760000e+00,        -3.754148444195e-02,        +7.902812550498e+01
 2.42762500e+00,        -3.754600394873e-02,        +7.893691655434e+01
 2.42765000e+00,        -3.755061486106e-02,        +7.884550131583e+01
 2.42767500e+00,        -3.755531782767e-02,        +7.875387880498e+01
 2.42770000e+00,        -3.756011351804e-02,        +7.866204803168e+01
 2.42772500e+00,        -3.756500259006e-02,        +7.857000799994e+01
 2.42775000e+00,        -3.756998571778e-02,        +7.847775770804e+01
 2.42777500e+00,        -3.757506357387e-02,        +7.838529614833e+01
 2.42780000e+00,        -3.758023684685e-02,        +7.829262230734e+01
 2.42782500e+00,        -3.758550621844e-02,        +7.819973516564e+01
 2.42785000e+00,        -3.759087238356e-02,        +7.810663369785e+01
 2.42787500e+00,        -3.759633603662e-02,        +7.801331687249e+01
 2.42790000e+00,        -3.760189788697e-02,        +7.791978365217e+01
 2.42792500e+00,        -3.760755865162e-02,        +7.782603299327e+01
 2.42795000e+00,        -3.761331902761e-02,        +7.773206384609e+01
 2.42797500e+00,        -3.761917974669e-02,        +7.763787515476e+01
 2.42800000e+00,        -3.762514154416e-02,        +7.754346585717e+01
 2.42802500e+00,        -3.763120514221e-02,        +7.744883488488e+01
 2.42805000e+00,        -3.763737127986e-02,        +7.735398116326e+01
 2.42807500e+00,        -3.764364071478e-02,        +7.725890361123e+01
 2.42810000e+00,        -3.765001418850e-02,        +7.716360114131e+01
 2.42812500e+00,        -3.765649245689e-02,        +7.706807265963e+01
 2.42815000e+00,        -3.766307628737e-02,        +7.697231706578e+01
 2.42817500e+00,        -3.766976645777e-02,        +7.687633325288e+01
 2.42820000e+00,        -3.767656373526e-02,        +7.678012010738e+01
 2.42822500e+00,        -3.768346890915e-02,        +7.668367650917e+01
 2.42825000e+00,        -3.769048275859e-02,        +7.658700133144e+01
 2.42827500e+00,        -3.769760608998e-02,        +7.649009344064e+01
 2.42830000e+00,        -3.770483969994e-02,        +7.639295169651e+01
 2.42832500e+00,        -3.771218440158e-02,        +7.629557495196e+01
 2.42835000e+00,        -3.771964100787e-02,        +7.619796205300e+01
 2.42837500e+00,        -3.772721034438e-02,        +7.610011183875e+01
 2.42840000e+00,        -3.773489324134e-02,        +7.600202314140e+01
 2.42842500e+00,        -3.774269052994e-02,        +7.590369478613e+01
 2.42845000e+00,        -3.775060305589e-02,        +7.580512559091e+01
 2.42847500e+00,        -3.775863166923e-02,        +7.570631436688e+01
 2.42850000e+00,        -3.776677722752e-02,        +7.560725991784e+01
 2.42852500e+00,        -3.777504059799e-02,        +7.550796104045e+01
 2.42855000e+00,        -3.778342264532e-02,        +7.540841652405e+01
 2.42857500e+00,        -3.779192425328e-02,        +7.530862515068e+01
 2.42860000e+00,        -3.780054630684e-02,        +7.520858569513e+01
 2.42862500e+00,        -3.780928970406e-02,        +7.510829692469e+01
 2.42865000e+00,        -3.781815533195e-02,        +7.500775759917e+01
 2.42867500e+00,        -3.782714411307e-02,        +7.490696647089e+01
 2.42870000e+00,        -3.783625695925e-02,        +7.480592228459e+01
 2.42872500e+00,        -3.784549479272e-02,        +7.470462377749e+01
 2.42875000e+00,        -3.785485854134e-02,        +7.460306967894e+01
 2.42877500e+00,        -3.786434915301e-02,        +7.450125871075e+01
 2.42880000e+00,        -3.787396756563e-02,        +7.439918958680e+01
 2.42882500e+00,        -3.788371474310e-02,        +7.429686101323e+01
 2.42885000e+00,        -3.789359163871e-02,        +7.419427168822e+01
 2.42887500e+00,        -3.790359922846e-02,        +7.409142030205e+01
 2.42890000e+00,        -3.791373848930e-02,        +7.398830553697e+01
 2.42892500e+00,        -3.792401041414e-02,        +7.388492606714e+01
 2.42895000e+00,        -3.793441599043e-02,        +7.378128055862e+01
 2.42897500e+00,        -3.794495622999e-02,        +7.367736766935e+01
 2.42900000e+00,        -3.795563213493e-02,        +7.357318604892e+01
 2.42902500e+00,        -3.796644473590e-02,        +7.346873433868e+01
 2.42905000e+00,        -3.797739505861e-02,        +7.336401117168e+01
 2.42907500e+00,        -3.798848414069e-02,        +7.325901517244e+01
 2.42910000e+00,        -3.799971302297e-02,        +7.315374495710e+01
 2.42912500e+00,        -3.801108277265e-02,        +7.304819913325e+01
 2.42915000e+00,        -3.802259445201e-02,        +7.294237629987e+01
 2.42917500e+00,        -3.803424912289e-02,        +7.283627504726e+01
 2.42920000e+00,        -3.804604788344e-02,        +7.272989395706e+01
 2.42922500e+00,        -3.805799181415e-02,        +7.262323160209e+01
 2.42925000e+00,        -3.807008202572e-02,        +7.251628654633e+01
 2.42927500e+00,        -3.808231961441e-02,        +7.240905734489e+01
 2.42930000e+00,        -3.809470570991e-02,        +7.230154254386e+01
 2.42932500e+00,        -3.810724143768e-02,        +7.219374068034e+01
 2.42935000e+00,        -3.811992793847e-02,        +7.208565028235e+01
 2.42937500e+00,        -3.813276635645e-02,        +7.197726986867e+01
 2.42940000e+00,        -3.814575786073e-02,        +7.186859794892e+01
 2.42942500e+00,        -3.815890360566e-02,        +7.175963302341e+01
 2.42945000e+00,        -3.817220477981e-02,        +7.165037358311e+01
 2.42947500e+00,        -3.818566256435e-02,        +7.154081810954e+01
 2.42950000e+00,        -3.819927815545e-02,        +7.143096507471e+01
 2.42952500e+00,        -3.821305276846e-02,        +7.132081294108e+01
 2.42955000e+00,        -3.822698761594e-02,        +7.121036016159e+01
 2.42957500e+00,        -3.824108392451e-02,        +7.109960517928e+01
 2.42960000e+00,        -3.825534293697e-02,        +7.098854642757e+01
 2.42962500e+00,        -3.826976590985e-02,        +7.087718233007e+01
 2.42965000e+00,        -3.828435409238e-02,        +7.076551130029e+01
 2.42967500e+00,        -3.829910876251e-02,        +7.065353174202e+01
 2.42970000e+00,        -3.831403119320e-02,        +7.054124204877e+01
 2.42972500e+00,        -3.832912269025e-02,        +7.042864060410e+01
 2.42975000e+00,        -3.834438453746e-02,        +7.031572578122e+01
 2.42977500e+00,        -3.835981807588e-02,        +7.020249594330e+01
 2.42980000e+00,        -3.837542462205e-02,        +7.008894944289e+01
 2.42982500e+00,        -3.839120551043e-02,        +6.997508462236e+01
 2.42985000e+00,        -3.840716208392e-02,        +6.986089981348e+01
 2.42987500e+00,        -3.842329570541e-02,        +6.974639333742e+01
 2.42990000e+00,        -3.843960775559e-02,        +6.963156350482e+01
 2.42992500e+00,        -3.845609962376e-02,        +6.951640861557e+01
 2.42995000e+00,        -3.847277268452e-02,        +6.940092695868e+01
 2.42997500e+00,        -3.848962836341e-02,        +6.928511681246e+01
 2.43000000e+00,        -3.850666807579e-02,        +6.916897644410e+01
 2.43002500e+00,        -3.852389324920e-02,        +6.905250410984e+01
 2.43005000e+00,        -3.854130533459e-02,        +6.893569805488e+01
 2.43007500e+00,        -3.855890577781e-02,        +6.881855651310e+01
 2.43010000e+00,        -3.857669606952e-02,        +6.870107770725e+01
 2.43012500e+00,        -3.859467766739e-02,        +6.858325984859e+01
 2.43015000e+00,        -3.861285208408e-02,        +6.846510113717e+01
 2.43017500e+00,        -3.863122081788e-02,        +6.834659976126e+01
 2.43020000e+00,        -3.864978539382e-02,        +6.822775389779e+01
 2.43022500e+00,        -3.866854734396e-02,        +6.810856171186e+01
 2.43025000e+00,        -3.868750821243e-02,        +6.798902135687e+01
 2.43027500e+00,        -3.870666955518e-02,        +6.786913097439e+01
 2.43030000e+00,        -3.872603296971e-02,        +6.774888869406e+01
 2.43032500e+00,        -3.874560001313e-02,        +6.762829263345e+01
 2.43035000e+00,        -3.876537229814e-02,        +6.750734089818e+01
 2.43037500e+00,        -3.878535144412e-02,        +6.738603158151e+01
 2.43040000e+00,        -3.880553907737e-02,        +6.726436276451e+01
 2.43042500e+00,        -3.882593684652e-02,        +6.714233251598e+01
 2.43045000e+00,        -3.884654639068e-02,        +6.701993889208e+01
 2.43047500e+00,        -3.886736939377e-02,        +6.689717993666e+01
 2.43050000e+00,        -3.888840754465e-02,        +6.677405368081e+01
 2.43052500e+00,        -3.890966253733e-02,        +6.665055814284e+01
 2.43055000e+00,        -3.893113608999e-02,        +6.652669132845e+01
 2.43057500e+00,        -3.895282993408e-02,        +6.640245123037e+01
 2.43060000e+00,        -3.897474580085e-02,        +6.627783582815e+01
 2.43062500e+00,        -3.899688547100e-02,        +6.615284308863e+01
 2.43065000e+00,        -3.901925069877e-02,        +6.602747096507e+01
 2.43067500e+00,        -3.904184329336e-02,        +6.590171739789e+01
 2.43070000e+00,        -3.906466504516e-02,        +6.577558031378e+01
 2.43072500e+00,        -3.908771778242e-02,        +6.564905762616e+01
 2.43075000e+00,        -3.911100334287e-02,        +6.552214723481e+01
 2.43077500e+00,        -3.913452358405e-02,        +6.539484702598e+01
 2.43080000e+00,        -3.915828036896e-02,        +6.526715487210e+01
 2.43082500e+00,        -3.918227558408e-02,        +6.513906863170e+01
 2.43085000e+00,        -3.920651113811e-02,        +6.501058614953e+01
 2.43087500e+00,        -3.923098893835e-02,        +6.488170525614e+01
 2.43090000e+00,        -3.925571092958e-02,        +6.475242376800e+01
 2.43092500e+00,        -3.928067904945e-02,        +6.462273948739e+01
 2.43095000e+00,        -3.930589528663e-02,        +6.449265020224e+01
 2.43097500e+00,        -3.933136161332e-02,        +6.436215368587e+01
 2.43100000e+00,        -3.935708003747e-02,        +6.423124769734e+01
 2.43102500e+00,        -3.938305257357e-02,        +6.409992998084e+01
 2.43105000e+00,        -3.940928126908e-02,        +6.396819826592e+01
 2.43107500e+00,        -3.943576816742e-02,        +6.383605026730e+01
 2.43110000e+00,        -3.946251535509e-02,        +6.370348368454e+01
 2.43112500e+00,        -3.948952491433e-02,        +6.357049620243e+01
 2.43115000e+00,        -3.951679895881e-02,        +6.343708549047e+01
 2.43117500e+00,        -3.954433960801e-02,        +6.330324920272e+01
 2.43120000e+00,        -3.957214902212e-02,        +6.316898497817e+01
 2.43122500e+00,        -3.960022935962e-02,        +6.303429044006e+01
 2.43125000e+00,        -3.962858280293e-02,        +6.289916319614e+01
 2.43127500e+00,        -3.965721154183e-02,        +6.276360083849e+01
 2.43130000e+00,        -3.968611782555e-02,        +6.262760094332e+01
 2.43132500e+00,        -3.971530387349e-02,        +6.249116107087e+01
 2.43135000e+00,        -3.974477195706e-02,        +6.235427876542e+01
 2.43137500e+00,        -3.977452435690e-02,        +6.221695155511e+01
 2.43140000e+00,        -3.980456335682e-02,        +6.207917695180e+01
 2.43142500e+00,        -3.983489129457e-02,        +6.194095245085e+01
 2.43145000e+00,        -3.986551050758e-02,        +6.180227553136e+01
 2.43147500e+00,        -3.989642334565e-02,        +6.166314365561e+01
 2.43150000e+00,        -3.992763219421e-02,        +6.152355426940e+01
 2.43152500e+00,        -3.995913945528e-02,        +6.138350480142e+01
 2.43155000e+00,        -3.999094755029e-02,        +6.124299266367e+01
 2.43157500e+00,        -4.002305892144e-02,        +6.110201525089e+01
 2.43160000e+00,        -4.005547603263e-02,        +6.096056994080e+01
 2.43162500e+00,        -4.008820136989e-02,        +6.081865409364e+01
 2.43165000e+00,        -4.012123744028e-02,        +6.067626505238e+01
 2.43167500e+00,        -4.015458676641e-02,        +6.053340014244e+01
 2.43170000e+00,        -4.018825190973e-02,        +6.039005667153e+01
 2.43172500e+00,        -4.022223543014e-02,        +6.024623192956e+01
 2.43175000e+00,        -4.025653992122e-02,        +6.010192318871e+01
 2.43177500e+00,        -4.029116802579e-02,        +5.995712770290e+01
 2.43180000e+00,        -4.032612234387e-02,        +5.981184270804e+01
 2.43182500e+00,        -4.036140556831e-02,        +5.966606542173e+01
 2.43185000e+00,        -4.039702035936e-02,        +5.951979304332e+01
 2.43187500e+00,        -4.043296946300e-02,        +5.937302275348e+01
 2.43190000e+00,        -4.046925556328e-02,        +5.922575171434e+01
 2.43192500e+00,        -4.050588144878e-02,        +5.907797706920e+01
 2.43195000e+00,        -4.054284988816e-02,        +5.892969594249e+01
 2.43197500e+00,        -4.058016368048e-02,        +5.878090543968e+01
 2.43200000e+00,        -4.061782565301e-02,        +5.863160264712e+01
 2.43202500e+00,        -4.065583866939e-02,        +5.848178463183e+01
 2.43205000e+00,        -4.069420557440e-02,        +5.833144844145e+01
 2.43207500e+00,        -4.073292929894e-02,        +5.818059110399e+01
 2.43210000e+00,        -4.077201274957e-02,        +5.802920962814e+01
 2.43212500e+00,        -4.081145889043e-02,        +5.787730100236e+01
 2.43215000e+00,        -4.085127069087e-02,        +5.772486219570e+01
 2.43217500e+00,        -4.089145113697e-02,        +5.757189015667e+01
 2.43220000e+00,        -4.093200326484e-02,        +5.741838181396e+01
 2.43222500e+00,        -4.097293013754e-02,        +5.726433407589e+01
 2.43225000e+00,        -4.101423482250e-02,        +5.710974383017e+01
 2.43227500e+00,        -4.105592042193e-02,        +5.695460794427e+01
 2.43230000e+00,        -4.109799006279e-02,        +5.679892326459e+01
 2.43232500e+00,        -4.114044690883e-02,        +5.664268661715e+01
 2.43235000e+00,        -4.118329414759e-02,        +5.648589480639e+01
 2.43237500e+00,        -4.122653498140e-02,        +5.632854461630e+01
 2.43240000e+00,        -4.127017264767e-02,        +5.617063280920e+01
 2.43242500e+00,        -4.131421042410e-02,        +5.601215612624e+01
 2.43245000e+00,        -4.135865158576e-02,        +5.585311128711e+01
 2.43247500e+00,        -4.140349945673e-02,        +5.569349498968e+01
 2.43250000e+00,        -4.144875739886e-02,        +5.553330391023e+01
 2.43252500e+00,        -4.149442878342e-02,        +5.537253470297e+01
 2.43255000e+00,        -4.154051700787e-02,        +5.521118400030e+01
 2.43257500e+00,        -4.158702550388e-02,        +5.504924841214e+01
 2.43260000e+00,        -4.163395775047e-02,        +5.488672452640e+01
 2.43262500e+00,        -4.168131723090e-02,        +5.472360890838e+01
 2.43265000e+00,        -4.172910745491e-02,        +5.455989810074e+01
 2.43267500e+00,        -4.177733199608e-02,        +5.439558862357e+01
 2.43270000e+00,        -4.182599441431e-02,        +5.423067697401e+01
 2.43272500e+00,        -4.187509832338e-02,        +5.406515962619e+01
 2.43275000e+00,        -4.192464736265e-02,        +5.389903303113e+01
 2.43277500e+00,        -4.197464520160e-02,        +5.373229361652e+01
 2.43280000e+00,        -4.202509554648e-02,        +5.356493778688e+01
 2.43282500e+00,        -4.207600212431e-02,        +5.339696192279e+01
 2.43285000e+00,        -4.212736869468e-02,        +5.322836238142e+01
 2.43287500e+00,        -4.217919904197e-02,        +5.305913549602e+01
 2.43290000e+00,        -4.223149700516e-02,        +5.288927757600e+01
 2.43292500e+00,        -4.228426643449e-02,        +5.271878490636e+01
 2.43295000e+00,        -4.233751121342e-02,        +5.254765374829e+01
 2.43297500e+00,        -4.239123525979e-02,        +5.237588033835e+01
 2.43300000e+00,        -4.244544253848e-02,        +5.220346088853e+01
 2.43302500e+00,        -4.250013701075e-02,        +5.203039158632e+01
 2.43305000e+00,        -4.255532269423e-02,        +5.185666859425e+01
 2.43307500e+00,        -4.261100363119e-02,        +5.168228805027e+01
 2.43310000e+00,        -4.266718393694e-02,        +5.150724606676e+01
 2.43312500e+00,        -4.272386766864e-02,        +5.133153873148e+01
 2.43315000e+00,        -4.278105902350e-02,        +5.115516210633e+01
 2.43317500e+00,        -4.283876215129e-02,        +5.097811222800e+01
 2.43320000e+00,        -4.289698127962e-02,        +5.080038510772e+01
 2.43322500e+00,        -4.295572064362e-02,        +5.062197673052e+01
 2.43325000e+00,        -4.301498451440e-02,        +5.044288305612e+01
 2.43327500e+00,        -4.307477722626e-02,        +5.026310001770e+01
 2.43330000e+00,        -4.313510312802e-02,        +5.008262352279e+01
 2.43332500e+00,        -4.319596657615e-02,        +4.990144945218e+01
 2.43335000e+00,        -4.325737202185e-02,        +4.971957366073e+01
 2.43337500e+00,        -4.331932389563e-02,        +4.953699197635e+01
 2.43340000e+00,        -4.338182666994e-02,        +4.935370020041e+01
 2.43342500e+00,        -4.344488490726e-02,        +4.916969410765e+01
 2.43345000e+00,        -4.350850313118e-02,        +4.898496944578e+01
 2.43347500e+00,        -4.357268593612e-02,        +4.879952193530e+01
 2.43350000e+00,        -4.363743794668e-02,        +4.861334726964e+01
 2.43352500e+00,        -4.370276384634e-02,        +4.842644111509e+01
 2.43355000e+00,        -4.376866831837e-02,        +4.823879911033e+01
 2.43357500e+00,        -4.383515610422e-02,        +4.805041686646e+01
 2.43360000e+00,        -4.390223195041e-02,        +4.786128996692e+01
 2.43362500e+00,        -4.396990069186e-02,        +4.767141396741e+01
 2.43365000e+00,        -4.403816716136e-02,        +4.748078439577e+01
 2.43367500e+00,        -4.410703623981e-02,        +4.728939675150e+01
 2.43370000e+00,        -4.417651282476e-02,        +4.709724650634e+01
 2.43372500e+00,        -4.424660189523e-02,        +4.690432910348e+01
 2.43375000e+00,        -4.431730840987e-02,        +4.671063995781e+01
 2.43377500e+00,        -4.438863742340e-02,        +4.651617445575e+01
 2.43380000e+00,        -4.446059397826e-02,        +4.632092795500e+01
 2.43382500e+00,        -4.453318317081e-02,        +4.612489578471e+01
 2.43385000e+00,        -4.460641017002e-02,        +4.592807324492e+01
 2.43387500e+00,        -4.468028009996e-02,        +4.573045560698e+01
 2.43390000e+00,        -4.475479820358e-02,        +4.553203811327e+01
 2.43392500e+00,        -4.482996970082e-02,        +4.533281597656e+01
 2.43395000e+00,        -4.490579993651e-02,        +4.513278438101e+01
 2.43397500e+00,        -4.498229415490e-02,        +4.493193848100e+01
 2.43400000e+00,        -4.505945777281e-02,        +4.473027340152e+01
 2.43402500e+00,        -4.513729616313e-02,        +4.452778423826e+01
 2.43405000e+00,        -4.521581474930e-02,        +4.432446605681e+01
 2.43407500e+00,        -4.529501903713e-02,        +4.412031389381e+01
 2.43410000e+00,        -4.537491451068e-02,        +4.391532275537e+01
 2.43412500e+00,        -4.545550671396e-02,        +4.370948761814e+01
 2.43415000e+00,        -4.553680122998e-02,        +4.350280342867e+01
 2.43417500e+00,        -4.561880371926e-02,        +4.329526510357e+01
 2.43420000e+00,        -4.570151980623e-02,        +4.308686752930e+01
 2.43422500e+00,        -4.578495517285e-02,        +4.287760556190e+01
 2.43425000e+00,        -4.586911561234e-02,        +4.266747402773e+01
 2.43427500e+00,        -4.595400681964e-02,        +4.245646772219e+01
 2.43430000e+00,        -4.603963466929e-02,        +4.224458141089e+01
 2.43432500e+00,        -4.612600495698e-02,        +4.203180982854e+01
 2.43435000e+00,        -4.621312360308e-02,        +4.181814767968e+01
 2.43437500e+00,        -4.630099649667e-02,        +4.160358963826e+01
 2.43440000e+00,        -4.638962962628e-02,        +4.138813034758e+01
 2.43442500e+00,        -4.647902897490e-02,        +4.117176442036e+01
 2.43445000e+00,        -4.656920054672e-02,        +4.095448643879e+01
 2.43447500e+00,        -4.666015043185e-02,        +4.073629095408e+01
 2.43450000e+00,        -4.675188472362e-02,        +4.051717248709e+01
 2.43452500e+00,        -4.684440958238e-02,        +4.029712552772e+01
 2.43455000e+00,        -4.693773114909e-02,        +4.007614453506e+01
 2.43457500e+00,        -4.703185565165e-02,        +3.985422393760e+01
 2.43460000e+00,        -4.712678933850e-02,        +3.963135813305e+01
 2.43462500e+00,        -4.722253849103e-02,        +3.940754148842e+01
 2.43465000e+00,        -4.731910942745e-02,        +3.918276833954e+01
 2.43467500e+00,        -4.741650846241e-02,        +3.895703299185e+01
 2.43470000e+00,        -4.751474204356e-02,        +3.873032971993e+01
 2.43472500e+00,        -4.761381652571e-02,        +3.850265276749e+01
 2.43475000e+00,        -4.771373841210e-02,        +3.827399634785e+01
 2.43477500e+00,        -4.781451415551e-02,        +3.804435464331e+01
 2.43480000e+00,        -4.791615028026e-02,        +3.781372180558e+01
 2.43482500e+00,        -4.801865335732e-02,        +3.758209195606e+01
 2.43485000e+00,        -4.812202993278e-02,        +3.734945918520e+01
 2.43487500e+00,        -4.822628667990e-02,        +3.711581755322e+01
 2.43490000e+00,        -4.833143019349e-02,        +3.688116108979e+01
 2.43492500e+00,        -4.843746717824e-02,        +3.664548379413e+01
 2.43495000e+00,        -4.854440434743e-02,        +3.640877963560e+01
 2.43497500e+00,        -4.865224838937e-02,        +3.617104255284e+01
 2.43500000e+00,        -4.876100613033e-02,        +3.593226645450e+01
 2.43502500e+00,        -4.887068433314e-02,        +3.569244521965e+01
 2.43505000e+00,        -4.898128983104e-02,        +3.545157269698e+01
 2.43507500e+00,        -4.909282948414e-02,        +3.520964270563e+01
 2.43510000e+00,        -4.920531015421e-02,        +3.496664903506e+01
 2.43512500e+00,        -4.931873876857e-02,        +3.472258544538e+01
 2.43515000e+00,        -4.943312222077e-02,        +3.447744566713e+01
 2.43517500e+00,        -4.954846747922e-02,        +3.423122340161e+01
 2.43520000e+00,        -4.966478155311e-02,        +3.398391232118e+01
 2.43522500e+00,        -4.978207141711e-02,        +3.373550606952e+01
 2.43525000e+00,        -4.990034410256e-02,        +3.348599826140e+01
 2.43527500e+00,        -5.001960664170e-02,        +3.323538248301e+01
 2.43530000e+00,        -5.013986612973e-02,        +3.298365229267e+01
 2.43532500e+00,        -5.026112962132e-02,        +3.273080122021e+01
 2.43535000e+00,        -5.038340424159e-02,        +3.247682276785e+01
 2.43537500e+00,        -5.050669710313e-02,        +3.222171041010e+01
 2.43540000e+00,        -5.063101537895e-02,        +3.196545759434e+01
 2.43542500e+00,        -5.075636615359e-02,        +3.170805774052e+01
 2.43545000e+00,        -5.088275666473e-02,        +3.144950424210e+01
 2.43547500e+00,        -5.101019407686e-02,        +3.118979046594e+01
 2.43550000e+00,        -5.113868556800e-02,        +3.092890975234e+01
 2.43552500e+00,        -5.126823836721e-02,        +3.066685541622e+01
 2.43555000e+00,        -5.139885970214e-02,        +3.040362074662e+01
 2.43557500e+00,        -5.153055677081e-02,        +3.013919900739e+01
 2.43560000e+00,        -5.166333681409e-02,        +2.987358343731e+01
 2.43562500e+00,        -5.179720707484e-02,        +2.960676725102e+01
 2.43565000e+00,        -5.193217479207e-02,        +2.933874363864e+01
 2.43567500e+00,        -5.206824725082e-02,        +2.906950576668e+01
 2.43570000e+00,        -5.220543163837e-02,        +2.879904677839e+01
 2.43572500e+00,        -5.234373524707e-02,        +2.852735979382e+01
 2.43575000e+00,        -5.248316532594e-02,        +2.825443791106e+01
 2.43577500e+00,        -5.262372910129e-02,        +2.798027420569e+01
 2.43580000e+00,        -5.276543380388e-02,        +2.770486173184e+01
 2.43582500e+00,        -5.290828668053e-02,        +2.742819352312e+01
 2.43585000e+00,        -5.305229496778e-02,        +2.715026259183e+01
 2.43587500e+00,        -5.319746585031e-02,        +2.687106193086e+01
 2.43590000e+00,        -5.334380658889e-02,        +2.659058451333e+01
 2.43592500e+00,        -5.349132430233e-02,        +2.630882329336e+01
 2.43595000e+00,        -5.364002621392e-02,        +2.602577120706e+01
 2.43597500e+00,        -5.378991947004e-02,        +2.574142117265e+01
 2.43600000e+00,        -5.394101115772e-02,        +2.545576609127e+01
 2.43602500e+00,        -5.409330847206e-02,        +2.516879884784e+01
 2.43605000e+00,        -5.424681842841e-02,        +2.488051231079e+01
 2.43607500e+00,        -5.440154815573e-02,        +2.459089933446e+01
 2.43610000e+00,        -5.455750461417e-02,        +2.429995275749e+01
 2.43612500e+00,        -5.471469482636e-02,        +2.400766540598e+01
 2.43615000e+00,        -5.487312579094e-02,        +2.371403009264e+01
 2.43617500e+00,        -5.503280441323e-02,        +2.341903961774e+01
 2.43620000e+00,        -5.519373759511e-02,        +2.312268677035e+01
 2.43622500e+00,        -5.535593216833e-02,        +2.282496432899e+01
 2.43625000e+00,        -5.551939496209e-02,        +2.252586506244e+01
 2.43627500e+00,        -5.568413271105e-02,        +2.222538173047e+01
 2.43630000e+00,        -5.585015212237e-02,        +2.192350708471e+01
 2.43632500e+00,        -5.601745987026e-02,        +2.162023387001e+01
 2.43635000e+00,        -5.618606253751e-02,        +2.131555482467e+01
 2.43637500e+00,        -5.635596666944e-02,        +2.100946268191e+01
 2.43640000e+00,        -5.652717874076e-02,        +2.070195017077e+01
 2.43642500e+00,        -5.669970516337e-02,        +2.039301001677e+01
 2.43645000e+00,        -5.687355227718e-02,        +2.008263494347e+01
 2.43647500e+00,        -5.704872634029e-02,        +1.977081767332e+01
 2.43650000e+00,        -5.722523359390e-02,        +1.945755092848e+01
 2.43652500e+00,        -5.740308009519e-02,        +1.914282743217e+01
 2.43655000e+00,        -5.758227191169e-02,        +1.882663991009e+01
 2.43657500e+00,        -5.776281495212e-02,        +1.850898109068e+01
 2.43660000e+00,        -5.794471513162e-02,        +1.818984370733e+01
 2.43662500e+00,        -5.812797818195e-02,        +1.786922049965e+01
 2.43665000e+00,        -5.831260976117e-02,        +1.754710421353e+01
 2.43667500e+00,        -5.849861542796e-02,        +1.722348760340e+01
 2.43670000e+00,        -5.868600063762e-02,        +1.689836343380e+01
 2.43672500e+00,        -5.887477077691e-02,        +1.657172447978e+01
 2.43675000e+00,        -5.906493104071e-02,        +1.624356352868e+01
 2.43677500e+00,        -5.925648655491e-02,        +1.591387338196e+01
 2.43680000e+00,        -5.944944230784e-02,        +1.558264685662e+01
 2.43682500e+00,        -5.964380315841e-02,        +1.524987678570e+01
 2.43685000e+00,        -5.983957387860e-02,        +1.491555602082e+01
 2.43687500e+00,        -6.003675897256e-02,        +1.457967743338e+01
 2.43690000e+00,        -6.023536295266e-02,        +1.424223391613e+01
 2.43692500e+00,        -6.043539016112e-02,        +1.390321838478e+01
 2.43695000e+00,        -6.063684469067e-02,        +1.356262377948e+01
 2.43697500e+00,        -6.083973059389e-02,        +1.322044306754e+01
 2.43700000e+00,        -6.104405166926e-02,        +1.287666924279e+01
 2.43702500e+00,        -6.124981162019e-02,        +1.253129533002e+01
 2.43705000e+00,        -6.145701389398e-02,        +1.218431438541e+01
 2.43707500e+00,        -6.166566187690e-02,        +1.183571949808e+01
 2.43710000e+00,        -6.187575864624e-02,        +1.148550379294e+01
 2.43712500e+00,        -6.208730724094e-02,        +1.113366043168e+01
 2.43715000e+00,        -6.230031033306e-02,        +1.078018261490e+01
 2.43717500e+00,        -6.251477055759e-02,        +1.042506358529e+01
 2.43720000e+00,        -6.273069020814e-02,        +1.006829662729e+01
 2.43722500e+00,        -6.294807147707e-02,        +9.709875071200e+00
 2.43725000e+00,        -6.316691628050e-02,        +9.349792294176e+00
 2.43727500e+00,        -6.338722628764e-02,        +8.988041723212e+00
 2.43730000e+00,        -6.360900300821e-02,        +8.624616836544e+00
 2.43732500e+00,        -6.383224770933e-02,        +8.259511165887e+00
 2.43735000e+00,        -6.405696132546e-02,        +7.892718299092e+00
 2.43737500e+00,        -6.428314470321e-02,        +7.524231882157e+00
 2.43740000e+00,        -6.451079824531e-02,        +7.154045621776e+00
 2.43742500e+00,        -6.473992226037e-02,        +6.782153287476e+00
 2.43745000e+00,        -6.497051667223e-02,        +6.408548714208e+00
 2.43747500e+00,        -6.520258117615e-02,        +6.033225804136e+00
 2.43750000e+00,        -6.543611525303e-02,        +5.656178530436e+00
 2.43752500e+00,        -6.567111797776e-02,        +5.277400938101e+00
 2.43755000e+00,        -6.590758818063e-02,        +4.896887148236e+00
 2.43757500e+00,        -6.614552442631e-02,        +4.514631359677e+00
 2.43760000e+00,        -6.638492492476e-02,        +4.130627851356e+00
 2.43762500e+00,        -6.662578759711e-02,        +3.744870985482e+00
 2.43765000e+00,        -6.686811004328e-02,        +3.357355211166e+00
 2.43767500e+00,        -6.711188949038e-02,        +2.968075064556e+00
 2.43770000e+00,        -6.735712292901e-02,        +2.577025174329e+00
 2.43772500e+00,        -6.760380682499e-02,        +2.184200263470e+00
 2.43775000e+00,        -6.785193753740e-02,        +1.789595151706e+00
 2.43777500e+00,        -6.810151084975e-02,        +1.393204759033e+00
 2.43780000e+00,        -6.835252236453e-02,        +9.950241087001e-01
 2.43782500e+00,        -6.860496708824e-02,        +5.950483290983e-01
 2.43785000e+00,        -6.885883988694e-02,        +1.932726587227e-01
 2.43787500e+00,        -6.911413506236e-02,        -2.103075523813e-01
 2.43790000e+00,        -6.937084662098e-02,        -6.156968389407e-01
 2.43792500e+00,        -6.962896807445e-02,        -1.022899617595e+00
 2.43795000e+00,        -6.988849264214e-02,        -1.431920182888e+00
 2.43797500e+00,        -7.014941307478e-02,        -1.842762705397e+00
 2.43800000e+00,        -7.041172165232e-02,        -2.255431227416e+00
 2.43802500e+00,        -7.067541026382e-02,        -2.669929660211e+00
 2.43805000e+00,        -7.094047034148e-02,        -3.086261780130e+00
 2.43807500e+00,        -7.120689288538e-02,        -3.504431226751e+00
 2.43810000e+00,        -7.147466847475e-02,        -3.924441497299e+00
 2.43812500e+00,        -7.174378711818e-02,        -4.346295945441e+00
 2.43815000e+00,        -7.201423850843e-02,        -4.769997775781e+00
 2.43817500e+00,        -7.228601169269e-02,        -5.195550042665e+00
 2.43820000e+00,        -7.255909537742e-02,        -5.622955644891e+00
 2.43822500e+00,        -7.283347772966e-02,        -6.052217322641e+00
 2.43825000e+00,        -7.310914630656e-02,        -6.483337655107e+00
 2.43827500e+00,        -7.338608833704e-02,        -6.916319054865e+00
 2.43830000e+00,        -7.366429045785e-02,        -7.351163765805e+00
 2.43832500e+00,        -7.394373875335e-02,        -7.787873859688e+00
 2.43835000e+00,        -7.422441883124e-02,        -8.226451231218e+00
 2.43837500e+00,        -7.450631579792e-02,        -8.666897596160e+00
 2.43840000e+00,        -7.478941409969e-02,        -9.109214485955e+00
 2.43842500e+00,        -7.507369769344e-02,        -9.553403244565e+00
 2.43845000e+00,        -7.535915006145e-02,        -9.999465026076e+00
 2.43847500e+00,        -7.564575403023e-02,        -1.044740078940e+01
 2.43850000e+00,        -7.593349189589e-02,        -1.089721129498e+01
 2.43852500e+00,        -7.622234536066e-02,        -1.134889710177e+01
 2.43855000e+00,        -7.651229557341e-02,        -1.180245856243e+01
 2.43857500e+00,        -7.680332313533e-02,        -1.225789582128e+01
 2.43860000e+00,        -7.709540794409e-02,        -1.271520880839e+01
 2.43862500e+00,        -7.738852941197e-02,        -1.317439723678e+01
 2.43865000e+00,        -7.768266633715e-02,        -1.363546060023e+01
 2.43867500e+00,        -7.797779690274e-02,        -1.409839816726e+01
 2.43870000e+00,        -7.827389865180e-02,        -1.456320897851e+01
 2.43872500e+00,        -7.857094849988e-02,        -1.502989184294e+01
 2.43875000e+00,        -7.886892288373e-02,        -1.549844533403e+01
 2.43877500e+00,        -7.916779744409e-02,        -1.596886778709e+01
 2.43880000e+00,        -7.946754733566e-02,        -1.644115729307e+01
 2.43882500e+00,        -7.976814695735e-02,        -1.691531169763e+01
 2.43885000e+00,        -8.006957017598e-02,        -1.739132859632e+01
 2.43887500e+00,        -8.037179018140e-02,        -1.786920533112e+01
 2.43890000e+00,        -8.067477957294e-02,        -1.834893898676e+01
 2.43892500e+00,        -8.097851034509e-02,        -1.883052638690e+01
 2.43895000e+00,        -8.128295362312e-02,        -1.931396409117e+01
 2.43897500e+00,        -8.158808018638e-02,        -1.979924839244e+01
 2.43900000e+00,        -8.189385995822e-02,        -2.028637531127e+01
 2.43902500e+00,        -8.220026243459e-02,        -2.077534059406e+01
 2.43905000e+00,        -8.250725625577e-02,        -2.126613970954e+01
 2.43907500e+00,        -8.281480943353e-02,        -2.175876784505e+01
 2.43910000e+00,        -8.312288955202e-02,        -2.225321990392e+01
 2.43912500e+00,        -8.343146336702e-02,        -2.274949050125e+01
 2.43915000e+00,        -8.374049698342e-02,        -2.324757396206e+01
 2.43917500e+00,        -8.404995595418e-02,        -2.374746431697e+01
 2.43920000e+00,        -8.435980520526e-02,        -2.424915530025e+01
 2.43922500e+00,        -8.467000891689e-02,        -2.475264034575e+01
 2.43925000e+00,        -8.498053072729e-02,        -2.525791258587e+01
 2.43927500e+00,        -8.529133368829e-02,        -2.576496484603e+01
 2.43930000e+00,        -8.560238015141e-02,        -2.627378964407e+01
 2.43932500e+00,        -8.591363189551e-02,        -2.678437918725e+01
 2.43935000e+00,        -8.622504999319e-02,        -2.729672536981e+01
 2.43937500e+00,        -8.653659503297e-02,        -2.781081976884e+01
 2.43940000e+00,        -8.684822695445e-02,        -2.832665364410e+01
 2.43942500e+00,        -8.715990511402e-02,        -2.884421793459e+01
 2.43945000e+00,        -8.747158822345e-02,        -2.936350325703e+01
 2.43947500e+00,        -8.778323451329e-02,        -2.988449990264e+01
 2.43950000e+00,        -8.809480156178e-02,        -3.040719783626e+01
 2.43952500e+00,        -8.840624640074e-02,        -3.093158669398e+01
 2.43955000e+00,        -8.871752554529e-02,        -3.145765578151e+01
 2.43957500e+00,        -8.902859490082e-02,        -3.198539407270e+01
 2.43960000e+00,        -8.933940992243e-02,        -3.251479020750e+01
 2.43962500e+00,        -8.964992556635e-02,        -3.304583249091e+01
 2.43965000e+00,        -8.996009607724e-02,        -3.357850889215e+01
 2.43967500e+00,        -9.026987544350e-02,        -3.411280704315e+01
 2.43970000e+00,        -9.057921709819e-02,        -3.464871423650e+01
 2.43972500e+00,        -9.088807385605e-02,        -3.518621742665e+01
 2.43975000e+00,        -9.119639825924e-02,        -3.572530322744e+01
 2.43977500e+00,        -9.150414234377e-02,        -3.626595791255e+01
 2.43980000e+00,        -9.181125769487e-02,        -3.680816741464e+01
 2.43982500e+00,        -9.211769550479e-02,        -3.735191732496e+01
 2.43985000e+00,        -9.242340661500e-02,        -3.789719289301e+01
 2.43987500e+00,        -9.272834134717e-02,        -3.844397902741e+01
 2.43990000e+00,        -9.303244987796e-02,        -3.899226029534e+01
 2.43992500e+00,        -9.333568182257e-02,        -3.954202092361e+01
 2.43995000e+00,        -9.363798650934e-02,        -4.009324479847e+01
 2.43997500e+00,        -9.393931322960e-02,        -4.064591546519e+01
 2.44000000e+00,        -9.423961055211e-02,        -4.120001613160e+01
 2.44002500e+00,        -9.453882716489e-02,        -4.175552966771e+01
 2.44005000e+00,        -9.483691117347e-02,        -4.231243860597e+01
 2.44007500e+00,        -9.513381077851e-02,        -4.287072514331e+01
 2.44010000e+00,        -9.542947376256e-02,        -4.343037114408e+01
 2.44012500e+00,        -9.572384780239e-02,        -4.399135813990e+01
 2.44015000e+00,        -9.601688046806e-02,        -4.455366733105e+01
 2.44017500e+00,        -9.630851899544e-02,        -4.511727959089e+01
 2.44020000e+00,        -9.659871071527e-02,        -4.568217546702e+01
 2.44022500e+00,        -9.688740284764e-02,        -4.624833518233e+01
 2.44025000e+00,        -9.717454239610e-02,        -4.681573863951e+01
 2.44027500e+00,        -9.746007645696e-02,        -4.738436542333e+01
 2.44030000e+00,        -9.774395210694e-02,        -4.795419480250e+01
 2.44032500e+00,        -9.802611635538e-02,        -4.852520573475e+01
 2.44035000e+00,        -9.830651632411e-02,        -4.909737686871e+01
 2.44037500e+00,        -9.858509918058e-02,        -4.967068654733e+01
 2.44040000e+00,        -9.886181215010e-02,        -5.024511281374e+01
 2.44042500e+00,        -9.913660260499e-02,        -5.082063341174e+01
 2.44045000e+00,        -9.940941797754e-02,        -5.139722579286e+01
 2.44047500e+00,        -9.968020604725e-02,        -5.197486711897e+01
 2.44050000e+00,        -9.994891457150e-02,        -5.255353426839e+01
 2.44052500e+00,        -1.002154916275e-01,        -5.313320383755e+01
 2.44055000e+00,        -1.004798855914e-01,        -5.371385214906e+01
 2.44057500e+00,        -1.007420451363e-01,        -5.429545525474e+01
 2.44060000e+00,        -1.010019190694e-01,        -5.487798894123e+01
 2.44062500e+00,        -1.012594567013e-01,        -5.546142873644e+01
 2.44065000e+00,        -1.015146076550e-01,        -5.604574991286e+01
 2.44067500e+00,        -1.017673218532e-01,        -5.663092749494e+01
 2.44070000e+00,        -1.020175497679e-01,        -5.721693626508e+01
 2.44072500e+00,        -1.022652422468e-01,        -5.780375076829e+01
 2.44075000e+00,        -1.025103506367e-01,        -5.839134531940e+01
 2.44077500e+00,        -1.027528267603e-01,        -5.897969400924e+01
 2.44080000e+00,        -1.029926229711e-01,        -5.956877071122e+01
 2.44082500e+00,        -1.032296922011e-01,        -6.015854908746e+01
 2.44085000e+00,        -1.034639878778e-01,        -6.074900259588e+01
 2.44087500e+00,        -1.036954642396e-01,        -6.134010449769e+01
 2.44090000e+00,        -1.039240758265e-01,        -6.193182786431e+01
 2.44092500e+00,        -1.041497781930e-01,        -6.252414558372e+01
 2.44095000e+00,        -1.043725273125e-01,        -6.311703036756e+01
 2.44097500e+00,        -1.045922800820e-01,        -6.371045476116e+01
 2.44100000e+00,        -1.048089939902e-01,        -6.430439114865e+01
 2.44102500e+00,        -1.050226273138e-01,        -6.489881176092e+01
 2.44105000e+00,        -1.052331391237e-01,        -6.549368868501e+01
 2.44107500e+00,        -1.054404894078e-01,        -6.608899387039e+01
 2.44110000e+00,        -1.056446387606e-01,        -6.668469913716e+01
 2.44112500e+00,        -1.058455487378e-01,        -6.728077618616e+01
 2.44115000e+00,        -1.060431819500e-01,        -6.787719660398e+01
 2.44117500e+00,        -1.062375016025e-01,        -6.847393187409e+01
 2.44120000e+00,        -1.064284721135e-01,        -6.907095338329e+01
 2.44122500e+00,        -1.066160585701e-01,        -6.966823243203e+01
 2.44125000e+00,        -1.068002272420e-01,        -7.026574024090e+01
 2.44127500e+00,        -1.069809452611e-01,        -7.086344796060e+01
 2.44130000e+00,        -1.071581807593e-01,        -7.146132668022e+01
 2.44132500e+00,        -1.073319029819e-01,        -7.205934743555e+01
 2.44135000e+00,        -1.075020820281e-01,        -7.265748121841e+01
 2.44137500e+00,        -1.076686893007e-01,        -7.325569898502e+01
 2.44140000e+00,        -1.078316970966e-01,        -7.385397166520e+01
 2.44142500e+00,        -1.079910786980e-01,        -7.445227016952e+01
 2.44145000e+00,        -1.081468087601e-01,        -7.505056540159e+01
 2.44147500e+00,        -1.082988627915e-01,        -7.564882826297e+01
 2.44150000e+00,        -1.084472175179e-01,        -7.624702966398e+01
 2.44152500e+00,        -1.085918509208e-01,        -7.684514053347e+01
 2.44155000e+00,        -1.087327418286e-01,        -7.744313182444e+01
 2.44157500e+00,        -1.088698704701e-01,        -7.804097452717e+01
 2.44160000e+00,        -1.090032182448e-01,        -7.863863967332e+01
 2.44162500e+00,        -1.091327674620e-01,        -7.923609834846e+01
 2.44165000e+00,        -1.092585018583e-01,        -7.983332169837e+01
 2.44167500e+00,        -1.093804063305e-01,        -8.043028093988e+01
 2.44170000e+00,        -1.094984667115e-01,        -8.102694736648e+01
 2.44172500e+00,        -1.096126703812e-01,        -8.162329235946e+01
 2.44175000e+00,        -1.097230056215e-01,        -8.221928739558e+01
 2.44177500e+00,        -1.098294621194e-01,        -8.281490405380e+01
 2.44180000e+00,        -1.099320306495e-01,        -8.341011402696e+01
 2.44182500e+00,        -1.100307031045e-01,        -8.400488912708e+01
 2.44185000e+00,        -1.101254726887e-01,        -8.459920129510e+01
 2.44187500e+00,        -1.102163339498e-01,        -8.519302260697e+01
 2.44190000e+00,        -1.103032822434e-01,        -8.578632528538e+01
 2.44192500e+00,        -1.103863144584e-01,        -8.637908170321e+01
 2.44195000e+00,        -1.104654285861e-01,        -8.697126439386e+01
 2.44197500e+00,        -1.105406235960e-01,        -8.756284605794e+01
 2.44200000e+00,        -1.106118998964e-01,        -8.815379957265e+01
 2.44202500e+00,        -1.106792589825e-01,        -8.874409799536e+01
 2.44205000e+00,        -1.107427034340e-01,        -8.933371457425e+01
 2.44207500e+00,        -1.108022371412e-01,        -8.992262275392e+01
 2.44210000e+00,        -1.108578649755e-01,        -9.051079618287e+01
 2.44212500e+00,        -1.109095929757e-01,        -9.109820872013e+01
 2.44215000e+00,        -1.109574284156e-01,        -9.168483444117e+01
 2.44217500e+00,        -1.110013796539e-01,        -9.227064764598e+01
 2.44220000e+00,        -1.110414560022e-01,        -9.285562286414e+01
 2.44222500e+00,        -1.110776680078e-01,        -9.343973486158e+01
 2.44225000e+00,        -1.111100272874e-01,        -9.402295864588e+01
 2.44227500e+00,        -1.111385464532e-01,        -9.460526947392e+01
 2.44230000e+00,        -1.111632392392e-01,        -9.518664285489e+01
 2.44232500e+00,        -1.111841202651e-01,        -9.576705455864e+01
 2.44235000e+00,        -1.112012055327e-01,        -9.634648061922e+01
 2.44237500e+00,        -1.112145114217e-01,        -9.692489734070e+01
 2.44240000e+00,        -1.112240560099e-01,        -9.750228130128e+01
 2.44242500e+00,        -1.112298577958e-01,        -9.807860935992e+01
 2.44245000e+00,        -1.112319364797e-01,        -9.865385866035e+01
 2.44247500e+00,        -1.112303125719e-01,        -9.922800663341e+01
 2.44250000e+00,        -1.112250075580e-01,        -9.980103100404e+01
 2.44252500e+00,        -1.112160439152e-01,        -1.003729097952e+02
 2.44255000e+00,        -1.112034448059e-01,        -1.009436213297e+02
 2.44257500e+00,        -1.111872343333e-01,        -1.015131442361e+02
 2.44260000e+00,        -1.111674374467e-01,        -1.020814574507e+02
 2.44262500e+00,        -1.111440798491e-01,        -1.026485402223e+02
 2.44265000e+00,        -1.111171879759e-01,        -1.032143721146e+02
 2.44267500e+00,        -1.110867893387e-01,        -1.037789330082e+02
 2.44270000e+00,        -1.110529117674e-01,        -1.043422031064e+02
 2.44272500e+00,        -1.110155840225e-01,        -1.049041629337e+02
 2.44275000e+00,        -1.109748356001e-01,        -1.054647933423e+02
 2.44277500e+00,        -1.109306967495e-01,        -1.060240755109e+02
 2.44280000e+00,        -1.108831980530e-01,        -1.065819909502e+02
 2.44282500e+00,        -1.108323711037e-01,        -1.071385215013e+02
 2.44285000e+00,        -1.107782477771e-01,        -1.076936493398e+02
 2.44287500e+00,        -1.107208608089e-01,        -1.082473569761e+02
 2.44290000e+00,        -1.106602432432e-01,        -1.087996272581e+02
 2.44292500e+00,        -1.105964289663e-01,        -1.093504433703e+02
 2.44295000e+00,        -1.105294521528e-01,        -1.098997888377e+02
 2.44297500e+00,        -1.104593474963e-01,        -1.104476475233e+02
 2.44300000e+00,        -1.103861503000e-01,        -1.109940036317e+02
 2.44302500e+00,        -1.103098961192e-01,        -1.115388417080e+02
 2.44305000e+00,        -1.102306210688e-01,        -1.120821466382e+02
 2.44307500e+00,        -1.101483617186e-01,        -1.126239036492e+02
 2.44310000e+00,        -1.100631548014e-01,        -1.131640983124e+02
 2.44312500e+00,        -1.099750377549e-01,        -1.137027165356e+02
 2.44315000e+00,        -1.098840479741e-01,        -1.142397445717e+02
 2.44317500e+00,        -1.097902234504e-01,        -1.147751690124e+02
 2.44320000e+00,        -1.096936022977e-01,        -1.153089767897e+02
 2.44322500e+00,        -1.095942230496e-01,        -1.158411551749e+02
 2.44325000e+00,        -1.094921243268e-01,        -1.163716917778e+02
 2.44327500e+00,        -1.093873450678e-01,        -1.169005745461e+02
 2.44330000e+00,        -1.092799245364e-01,        -1.174277917628e+02
 2.44332500e+00,        -1.091699019435e-01,        -1.179533320474e+02
 2.44335000e+00,        -1.090573168466e-01,        -1.184771843509e+02
 2.44337500e+00,        -1.089422088922e-01,        -1.189993379589e+02
 2.44340000e+00,        -1.088246178696e-01,        -1.195197824864e+02
 2.44342500e+00,        -1.087045836101e-01,        -1.200385078766e+02
 2.44345000e+00,        -1.085821461616e-01,        -1.205555044006e+02
 2.44347500e+00,        -1.084573454537e-01,        -1.210707626541e+02
 2.44350000e+00,        -1.083302217534e-01,        -1.215842735551e+02
 2.44352500e+00,        -1.082008151140e-01,        -1.220960283444e+02
 2.44355000e+00,        -1.080691656335e-01,        -1.226060185780e+02
 2.44357500e+00,        -1.079353135602e-01,        -1.231142361307e+02
 2.44360000e+00,        -1.077992989147e-01,        -1.236206731893e+02
 2.44362500e+00,        -1.076611618985e-01,        -1.241253222524e+02
 2.44365000e+00,        -1.075209424489e-01,        -1.246281761268e+02
 2.44367500e+00,        -1.073786806519e-01,        -1.251292279249e+02
 2.44370000e+00,        -1.072344163472e-01,        -1.256284710619e+02
 2.44372500e+00,        -1.070881893095e-01,        -1.261258992532e+02
 2.44375000e+00,        -1.069400393281e-01,        -1.266215065110e+02
 2.44377500e+00,        -1.067900058041e-01,        -1.271152871419e+02
 2.44380000e+00,        -1.066381282668e-01,        -1.276072357430e+02
 2.44382500e+00,        -1.064844459795e-01,        -1.280973471995e+02
 2.44385000e+00,        -1.063289980141e-01,        -1.285856166818e+02
 2.44387500e+00,        -1.061718233054e-01,        -1.290720396406e+02
 2.44390000e+00,        -1.060129605988e-01,        -1.295566118052e+02
 2.44392500e+00,        -1.058524483676e-01,        -1.300393291796e+02
 2.44395000e+00,        -1.056903249564e-01,        -1.305201880395e+02
 2.44397500e+00,        -1.055266284625e-01,        -1.309991849282e+02
 2.44400000e+00,        -1.053613966740e-01,        -1.314763166534e+02
 2.44402500e+00,        -1.051946672620e-01,        -1.319515802836e+02
 2.44405000e+00,        -1.050264775350e-01,        -1.324249731452e+02
 2.44407500e+00,        -1.048568645774e-01,        -1.328964928182e+02
 2.44410000e+00,        -1.046858651593e-01,        -1.333661371327e+02
 2.44412500e+00,        -1.045135159137e-01,        -1.338339041655e+02
 2.44415000e+00,        -1.043398529374e-01,        -1.342997922363e+02
 2.44417500e+00,        -1.041649121941e-01,        -1.347637999048e+02
 2.44420000e+00,        -1.039887293097e-01,        -1.352259259650e+02
 2.44422500e+00,        -1.038113396025e-01,        -1.356861694440e+02
 2.44425000e+00,        -1.036327780195e-01,        -1.361445295968e+02
 2.44427500e+00,        -1.034530792779e-01,        -1.366010059024e+02
 2.44430000e+00,        -1.032722775957e-01,        -1.370555980620e+02
 2.44432500e+00,        -1.030904070175e-01,        -1.375083059925e+02
 2.44435000e+00,        -1.029075011839e-01,        -1.379591298249e+02
 2.44437500e+00,        -1.027235933867e-01,        -1.384080698993e+02
 2.44440000e+00,        -1.025387164387e-01,        -1.388551267628e+02
 2.44442500e+00,        -1.023529029960e-01,        -1.393003011636e+02
 2.44445000e+00,        -1.021661852669e-01,        -1.397435940489e+02
 2.44447500e+00,        -1.019785950743e-01,        -1.401850065607e+02
 2.44450000e+00,        -1.017901638839e-01,        -1.406245400325e+02
 2.44452500e+00,        -1.016009227767e-01,        -1.410621959844e+02
 2.44455000e+00,        -1.014109024210e-01,        -1.414979761208e+02
 2.44457500e+00,        -1.012201332242e-01,        -1.419318823264e+02
 2.44460000e+00,        -1.010286451026e-01,        -1.423639166620e+02
 2.44462500e+00,        -1.008364675104e-01,        -1.427940813619e+02
 2.44465000e+00,        -1.006436298039e-01,        -1.432223788289e+02
 2.44467500e+00,        -1.004501606313e-01,        -1.436488116318e+02
 2.44470000e+00,        -1.002560884734e-01,        -1.440733825018e+02
 2.44472500e+00,        -1.000614412586e-01,        -1.444960943285e+02
 2.44475000e+00,        -9.986624667683e-02,        -1.449169501563e+02
 2.44477500e+00,        -9.967053188714e-02,        -1.453359531821e+02
 2.44480000e+00,        -9.947432371507e-02,        -1.457531067510e+02
 2.44482500e+00,        -9.927764868516e-02,        -1.461684143512e+02
 2.44485000e+00,        -9.908053272531e-02,        -1.465818796140e+02
 2.44487500e+00,        -9.888300155265e-02,        -1.469935063086e+02
 2.44490000e+00,        -9.868508040193e-02,        -1.474032983375e+02
 2.44492500e+00,        -9.848679415002e-02,        -1.478112597365e+02
 2.44495000e+00,        -9.828816726007e-02,        -1.482173946678e+02
 2.44497500e+00,        -9.808922377688e-02,        -1.486217074194e+02
 2.44500000e+00,        -9.788998757457e-02,        -1.490242024007e+02
 2.44502500e+00,        -9.769048164980e-02,        -1.494248841397e+02
 2.44505000e+00,        -9.749072917789e-02,        -1.498237572799e+02
 2.44507500e+00,        -9.729075261153e-02,        -1.502208265766e+02
 2.44510000e+00,        -9.709057406885e-02,        -1.506160968947e+02
 2.44512500e+00,        -9.689021537563e-02,        -1.510095732051e+02
 2.44515000e+00,        -9.668969790116e-02,        -1.514012605818e+02
 2.44517500e+00,        -9.648904266264e-02,        -1.517911641995e+02
 2.44520000e+00,        -9.628827028997e-02,        -1.521792893300e+02
 2.44522500e+00,        -9.608740104931e-02,        -1.525656413392e+02
 2.44525000e+00,        -9.588645486073e-02,        -1.529502256851e+02
 2.44527500e+00,        -9.568545125843e-02,        -1.533330479142e+02
 2.44530000e+00,        -9.548440937144e-02,        -1.537141136594e+02
 2.44532500e+00,        -9.528334802535e-02,        -1.540934286367e+02
 2.44535000e+00,        -9.508228566117e-02,        -1.544709986432e+02
 2.44537500e+00,        -9.488124039402e-02,        -1.548468295532e+02
 2.44540000e+00,        -9.468022988358e-02,        -1.552209273171e+02
 2.44542500e+00,        -9.447927154155e-02,        -1.555932979587e+02
 2.44545000e+00,        -9.427838247911e-02,        -1.559639475707e+02
 2.44547500e+00,        -9.407757930449e-02,        -1.563328823146e+02
 2.44550000e+00,        -9.387687841946e-02,        -1.567001084176e+02
 2.44552500e+00,        -9.367629581373e-02,        -1.570656321690e+02
 2.44555000e+00,        -9.347584716413e-02,        -1.574294599198e+02
 2.44557500e+00,        -9.327554784757e-02,        -1.577915980786e+02
 2.44560000e+00,        -9.307541290626e-02,        -1.581520531107e+02
 2.44562500e+00,        -9.287545697007e-02,        -1.585108315346e+02
 2.44565000e+00,        -9.267569450153e-02,        -1.588679399210e+02
 2.44567500e+00,        -9.247613944796e-02,        -1.592233848893e+02
 2.44570000e+00,        -9.227680576532e-02,        -1.595771731069e+02
 2.44572500e+00,        -9.207770670288e-02,        -1.599293112864e+02
 2.44575000e+00,        -9.187885546356e-02,        -1.602798061831e+02
 2.44577500e+00,        -9.168026493338e-02,        -1.606286645941e+02
 2.44580000e+00,        -9.148194760986e-02,        -1.609758933549e+02
 2.44582500e+00,        -9.128391575357e-02,        -1.613214993392e+02
 2.44585000e+00,        -9.108618130961e-02,        -1.616654894554e+02
 2.44587500e+00,        -9.088875599267e-02,        -1.620078706453e+02
 2.44590000e+00,        -9.069165111403e-02,        -1.623486498832e+02
 2.44592500e+00,        -9.049487782539e-02,        -1.626878341721e+02
 2.44595000e+00,        -9.029844704861e-02,        -1.630254305440e+02
 2.44597500e+00,        -9.010236917049e-02,        -1.633614460571e+02
 2.44600000e+00,        -8.990665463765e-02,        -1.636958877940e+02
 2.44602500e+00,        -8.971131340127e-02,        -1.640287628610e+02
 2.44605000e+00,        -8.951635529349e-02,        -1.643600783849e+02
 2.44607500e+00,        -8.932178976886e-02,        -1.646898415131e+02
 2.44610000e+00,        -8.912762617694e-02,        -1.650180594113e+02
 2.44612500e+00,        -8.893387345506e-02,        -1.653447392616e+02
 2.44615000e+00,        -8.874054040400e-02,        -1.656698882615e+02
 2.44617500e+00,        -8.854763560918e-02,        -1.659935136229e+02
 2.44620000e+00,        -8.835516726134e-02,        -1.663156225696e+02
 2.44622500e+00,        -8.816314349562e-02,        -1.666362223365e+02
 2.44625000e+00,        -8.797157218217e-02,        -1.669553201686e+02
 2.44627500e+00,        -8.778046080515e-02,        -1.672729233189e+02
 2.44630000e+00,        -8.758981688676e-02,        -1.675890390474e+02
 2.44632500e+00,        -8.739964751252e-02,        -1.679036746207e+02
 2.44635000e+00,        -8.720995965016e-02,        -1.682168373094e+02
 2.44637500e+00,        -8.702076002064e-02,        -1.685285343873e+02
 2.44640000e+00,        -8.683205519036e-02,        -1.688387731312e+02
 2.44642500e+00,        -8.664385147176e-02,        -1.691475608182e+02
 2.44645000e+00,        -8.645615496468e-02,        -1.694549047261e+02
 2.44647500e+00,        -8.626897163030e-02,        -1.697608121312e+02
 2.44650000e+00,        -8.608230720906e-02,        -1.700652903071e+02
 2.44652500e+00,        -8.589616721099e-02,        -1.703683465255e+02
 2.44655000e+00,        -8.571055700003e-02,        -1.706699880526e+02
 2.44657500e+00,        -8.552548176927e-02,        -1.709702221502e+02
 2.44660000e+00,        -8.534094650136e-02,        -1.712690560737e+02
 2.44662500e+00,        -8.515695601562e-02,        -1.715664970715e+02
 2.44665000e+00,        -8.497351492247e-02,        -1.718625523837e+02
 2.44667500e+00,        -8.479062769969e-02,        -1.721572292417e+02
 2.44670000e+00,        -8.460829869768e-02,        -1.724505348678e+02
 2.44672500e+00,        -8.442653197260e-02,        -1.727424764725e+02
 2.44675000e+00,        -8.424533157094e-02,        -1.730330612557e+02
 2.44677500e+00,        -8.406470128856e-02,        -1.733222964053e+02
 2.44680000e+00,        -8.388464474840e-02,        -1.736101890959e+02
 2.44682500e+00,        -8.370516551408e-02,        -1.738967464882e+02
 2.44685000e+00,        -8.352626688665e-02,        -1.741819757292e+02
 2.44687500e+00,        -8.334795213097e-02,        -1.744658839505e+02
 2.44690000e+00,        -8.317022431819e-02,        -1.747484782675e+02
 2.44692500e+00,        -8.299308635757e-02,        -1.750297657796e+02
 2.44695000e+00,        -8.281654099110e-02,        -1.753097535693e+02
 2.44697500e+00,        -8.264059096134e-02,        -1.755884487008e+02
 2.44700000e+00,        -8.246523872575e-02,        -1.758658582207e+02
 2.44702500e+00,        -8.229048673287e-02,        -1.761419891559e+02
 2.44705000e+00,        -8.211633715102e-02,        -1.764168485147e+02
 2.44707500e+00,        -8.194279222621e-02,        -1.766904432848e+02
 2.44710000e+00,        -8.176985393355e-02,        -1.769627804340e+02
 2.44712500e+00,        -8.159752419640e-02,        -1.772338669081e+02
 2.44715000e+00,        -8.142580477579e-02,        -1.775037096322e+02
 2.44717500e+00,        -8.125469731647e-02,        -1.777723155095e+02
 2.44720000e+00,        -8.108420343150e-02,        -1.780396914199e+02
 2.44722500e+00,        -8.091432453637e-02,        -1.783058442213e+02
 2.44725000e+00,        -8.074506200312e-02,        -1.785707807474e+02
 2.44727500e+00,        -8.057641699541e-02,        -1.788345078092e+02
 2.44730000e+00,        -8.040839071392e-02,        -1.790970321927e+02
 2.44732500e+00,        -8.024098419413e-02,        -1.793583606596e+02
 2.44735000e+00,        -8.007419832129e-02,        -1.796184999473e+02
 2.44737500e+00,        -7.990803396497e-02,        -1.798774567669e+02
 2.44740000e+00,        -7.974249186742e-02,        +1.798647621953e+02
 2.44742500e+00,        -7.957757272576e-02,        +1.796081502791e+02
 2.44745000e+00,        -7.941327701814e-02,        +1.793527008507e+02
 2.44747500e+00,        -7.924960531639e-02,        +1.790984073024e+02
 2.44750000e+00,        -7.908655795581e-02,        +1.788452630538e+02
 2.44752500e+00,        -7.892413526070e-02,        +1.785932615511e+02
 2.44755000e+00,        -7.876233743038e-02,        +1.783423962685e+02
 2.44757500e+00,        -7.860116468360e-02,        +1.780926607069e+02
 2.44760000e+00,        -7.844061703838e-02,        +1.778440483961e+02
 2.44762500e+00,        -7.828069451993e-02,        +1.775965528927e+02
 2.44765000e+00,        -7.812139704643e-02,        +1.773501677828e+02
 2.44767500e+00,        -7.796272445126e-02,        +1.771048866802e+02
 2.44770000e+00,        -7.780467651524e-02,        +1.768607032277e+02
 2.44772500e+00,        -7.764725299061e-02,        +1.766176110969e+02
 2.44775000e+00,        -7.749045347649e-02,        +1.763756039882e+02
 2.44777500e+00,        -7.733427757042e-02,        +1.761346756318e+02
 2.44780000e+00,        -7.717872481235e-02,        +1.758948197867e+02
 2.44782500e+00,        -7.702379461877e-02,        +1.756560302416e+02
 2.44785000e+00,        -7.686948638384e-02,        +1.754183008147e+02
 2.44787500e+00,        -7.671579948271e-02,        +1.751816253546e+02
 2.44790000e+00,        -7.656273320161e-02,        +1.749459977387e+02
 2.44792500e+00,        -7.641028674456e-02,        +1.747114118754e+02
 2.44795000e+00,        -7.625845928146e-02,        +1.744778617026e+02
 2.44797500e+00,        -7.610724990545e-02,        +1.742453411888e+02
 2.44800000e+00,        -7.595665774869e-02,        +1.740138443326e+02
 2.44802500e+00,        -7.580668174356e-02,        +1.737833651626e+02
 2.44805000e+00,        -7.565732090450e-02,        +1.735538977387e+02
 2.44807500e+00,        -7.550857419074e-02,        +1.733254361505e+02
 2.44810000e+00,        -7.536044038878e-02,        +1.730979745186e+02
 2.44812500e+00,        -7.521291839417e-02,        +1.728715069937e+02
 2.44815000e+00,        -7.506600699381e-02,        +1.726460277583e+02
 2.44817500e+00,        -7.491970489298e-02,        +1.724215310240e+02
 2.44820000e+00,        -7.477401087896e-02,        +1.721980110345e+02
 2.44822500e+00,        -7.462892350127e-02,        +1.719754620635e+02
 2.44825000e+00,        -7.448444147834e-02,        +1.717538784156e+02
 2.44827500e+00,        -7.434056335996e-02,        +1.715332544262e+02
 2.44830000e+00,        -7.419728771202e-02,        +1.713135844618e+02
 2.44832500e+00,        -7.405461305085e-02,        +1.710948629192e+02
 2.44835000e+00,        -7.391253789079e-02,        +1.708770842263e+02
 2.44837500e+00,        -7.377106064504e-02,        +1.706602428416e+02
 2.44840000e+00,        -7.363017972026e-02,        +1.704443332544e+02
 2.44842500e+00,        -7.348989355171e-02,        +1.702293499849e+02
 2.44845000e+00,        -7.335020049520e-02,        +1.700152875838e+02
 2.44847500e+00,        -7.321109882318e-02,        +1.698021406329e+02
 2.44850000e+00,        -7.307258690381e-02,        +1.695899037440e+02
 2.44852500e+00,        -7.293466300577e-02,        +1.693785715601e+02
 2.44855000e+00,        -7.279732533996e-02,        +1.691681387546e+02
 2.44857500e+00,        -7.266057215792e-02,        +1.689586000314e+02
 2.44860000e+00,        -7.252440165604e-02,        +1.687499501247e+02
 2.44862500e+00,        -7.238881202821e-02,        +1.685421837995e+02
 2.44865000e+00,        -7.225380141186e-02,        +1.683352958510e+02
 2.44867500e+00,        -7.211936792285e-02,        +1.681292811050e+02
 2.44870000e+00,        -7.198550971512e-02,        +1.679241344169e+02
 2.44872500e+00,        -7.185222484922e-02,        +1.677198506730e+02
 2.44875000e+00,        -7.171951141334e-02,        +1.675164247891e+02
 2.44877500e+00,        -7.158736745383e-02,        +1.673138517117e+02
 2.44880000e+00,        -7.145579101524e-02,        +1.671121264167e+02
 2.44882500e+00,        -7.132478007913e-02,        +1.669112439100e+02
 2.44885000e+00,        -7.119433271677e-02,        +1.667111992280e+02
 2.44887500e+00,        -7.106444684001e-02,        +1.665119874355e+02
 2.44890000e+00,        -7.093512049368e-02,        +1.663136036282e+02
 2.44892500e+00,        -7.080635159007e-02,        +1.661160429306e+02
 2.44895000e+00,        -7.067813806704e-02,        +1.659193004967e+02
 2.44897500e+00,        -7.055047786572e-02,        +1.657233715106e+02
 2.44900000e+00,        -7.042336890415e-02,        +1.655282511844e+02
 2.44902500e+00,        -7.029680910790e-02,        +1.653339347604e+02
 2.44905000e+00,        -7.017079637155e-02,        +1.651404175097e+02
 2.44907500e+00,        -7.004532852112e-02,        +1.649476947320e+02
 2.44910000e+00,        -6.992040348317e-02,        +1.647557617562e+02
 2.44912500e+00,        -6.979601911526e-02,        +1.645646139399e+02
 2.44915000e+00,        -6.967217325964e-02,        +1.643742466691e+02
 2.44917500e+00,        -6.954886377427e-02,        +1.641846553586e+02
 2.44920000e+00,        -6.942608849863e-02,        +1.639958354516e+02
 2.44922500e+00,        -6.930384523817e-02,        +1.638077824192e+02
 2.44925000e+00,        -6.918213183464e-02,        +1.636204917610e+02
 2.44927500e+00,        -6.906094611567e-02,        +1.634339590048e+02
 2.44930000e+00,        -6.894028588582e-02,        +1.632481797060e+02
 2.44932500e+00,        -6.882014892498e-02,        +1.630631494480e+02
 2.44935000e+00,        -6.870053305599e-02,        +1.628788638418e+02
 2.44937500e+00,        -6.858143607598e-02,        +1.626953185260e+02
 2.44940000e+00,        -6.846285576117e-02,        +1.625125091669e+02
 2.44942500e+00,        -6.834478990995e-02,        +1.623304314575e+02
 2.44945000e+00,        -6.822723630064e-02,        +1.621490811189e+02
 2.44947500e+00,        -6.811019269417e-02,        +1.619684538983e+02
 2.44950000e+00,        -6.799365689335e-02,        +1.617885455704e+02
 2.44952500e+00,        -6.787762667257e-02,        +1.616093519368e+02
 2.44955000e+00,        -6.776209980053e-02,        +1.614308688255e+02
 2.44957500e+00,        -6.764707402470e-02,        +1.612530920911e+02
 2.44960000e+00,        -6.753254713363e-02,        +1.610760176146e+02
 2.44962500e+00,        -6.741851688549e-02,        +1.608996413036e+02
 2.44965000e+00,        -6.730498103708e-02,        +1.607239590915e+02
 2.44967500e+00,        -6.719193741002e-02,        +1.605489669377e+02
 2.44970000e+00,        -6.707938371500e-02,        +1.603746608279e+02
 2.44972500e+00,        -6.696731773287e-02,        +1.602010367729e+02
 2.44975000e+00,        -6.685573724073e-02,        +1.600280908098e+02
 2.44977500e+00,        -6.674463999320e-02,        +1.598558190008e+02
 2.44980000e+00,        -6.663402376409e-02,        +1.596842174336e+02
 2.44982500e+00,        -6.652388632530e-02,        +1.595132822208e+02
 2.44985000e+00,        -6.641422544576e-02,        +1.593430095006e+02
 2.44987500e+00,        -6.630503889683e-02,        +1.591733954357e+02
 2.44990000e+00,        -6.619632447220e-02,        +1.590044362138e+02
 2.44992500e+00,        -6.608807992768e-02,        +1.588361280473e+02
 2.44995000e+00,        -6.598030303388e-02,        +1.586684671729e+02
 2.44997500e+00,        -6.587299160746e-02,        +1.585014498520e+02
 2.45000000e+00,        -6.576614342123e-02,        +1.583350723701e+02
 2.45002500e+00,        -6.565975624243e-02,        +1.581693310365e+02
 2.45005000e+00,        -6.555382790464e-02,        +1.580042221852e+02
 2.45007500e+00,        -6.544835616580e-02,        +1.578397421734e+02
 2.45010000e+00,        -6.534333884467e-02,        +1.576758873824e+02
 2.45012500e+00,        -6.523877375176e-02,        +1.575126542167e+02
 2.45015000e+00,        -6.513465868962e-02,        +1.573500391046e+02
 2.45017500e+00,        -6.503099145561e-02,        +1.571880384972e+02
 2.45020000e+00,        -6.492776988820e-02,        +1.570266488695e+02
 2.45022500e+00,        -6.482499179928e-02,        +1.568658667187e+02
 2.45025000e+00,        -6.472265502006e-02,        +1.567056885655e+02
 2.45027500e+00,        -6.462075738432e-02,        +1.565461109530e+02
 2.45030000e+00,        -6.451929669922e-02,        +1.563871304469e+02
 2.45032500e+00,        -6.441827086590e-02,        +1.562287436355e+02
 2.45035000e+00,        -6.431767768452e-02,        +1.560709471296e+02
 2.45037500e+00,        -6.421751502161e-02,        +1.559137375617e+02
 2.45040000e+00,        -6.411778073098e-02,        +1.557571115865e+02
 2.45042500e+00,        -6.401847272474e-02,        +1.556010658814e+02
 2.45045000e+00,        -6.391958879431e-02,        +1.554455971440e+02
 2.45047500e+00,        -6.382112686377e-02,        +1.552907020952e+02
 2.45050000e+00,        -6.372308483704e-02,        +1.551363774765e+02
 2.45052500e+00,        -6.362546056151e-02,        +1.549826200508e+02
 2.45055000e+00,        -6.352825193887e-02,        +1.548294266026e+02
 2.45057500e+00,        -6.343145691556e-02,        +1.546767939371e+02
 2.45060000e+00,        -6.333507336365e-02,        +1.545247188810e+02
 2.45062500e+00,        -6.323909917748e-02,        +1.543731982814e+02
 2.45065000e+00,        -6.314353233647e-02,        +1.542222290062e+02
 2.45067500e+00,        -6.304837074161e-02,        +1.540718079439e+02
 2.45070000e+00,        -6.295361232705e-02,        +1.539219320036e+02
 2.45072500e+00,        -6.285925505866e-02,        +1.537725981145e+02
 2.45075000e+00,        -6.276529686697e-02,        +1.536238032261e+02
 2.45077500e+00,        -6.267173572031e-02,        +1.534755443080e+02
 2.45080000e+00,        -6.257856957753e-02,        +1.533278183495e+02
 2.45082500e+00,        -6.248579642612e-02,        +1.531806223598e+02
 2.45085000e+00,        -6.239341425096e-02,        +1.530339533682e+02
 2.45087500e+00,        -6.230142101884e-02,        +1.528878084226e+02
 2.45090000e+00,        -6.220981473700e-02,        +1.527421845911e+02
 2.45092500e+00,        -6.211859343468e-02,        +1.525970789609e+02
 2.45095000e+00,        -6.202775508220e-02,        +1.524524886382e+02
 2.45097500e+00,        -6.193729773030e-02,        +1.523084107481e+02
 2.45100000e+00,        -6.184721939969e-02,        +1.521648424351e+02
 2.45102500e+00,        -6.175751812416e-02,        +1.520217808620e+02
 2.45105000e+00,        -6.166819194604e-02,        +1.518792232106e+02
 2.45107500e+00,        -6.157923893193e-02,        +1.517371666807e+02
 2.45110000e+00,        -6.149065712546e-02,        +1.515956084912e+02
 2.45112500e+00,        -6.140244459995e-02,        +1.514545458788e+02
 2.45115000e+00,        -6.131459944178e-02,        +1.513139760984e+02
 2.45117500e+00,        -6.122711971305e-02,        +1.511738964230e+02
 2.45120000e+00,        -6.114000353250e-02,        +1.510343041437e+02
 2.45122500e+00,        -6.105324898569e-02,        +1.508951965690e+02
 2.45125000e+00,        -6.096685418847e-02,        +1.507565710255e+02
 2.45127500e+00,        -6.088081725898e-02,        +1.506184248568e+02
 2.45130000e+00,        -6.079513631974e-02,        +1.504807554246e+02
 2.45132500e+00,        -6.070980950705e-02,        +1.503435601074e+02
 2.45135000e+00,        -6.062483496670e-02,        +1.502068363011e+02
 2.45137500e+00,        -6.054021085060e-02,        +1.500705814185e+02
 2.45140000e+00,        -6.045593530980e-02,        +1.499347928897e+02
 2.45142500e+00,        -6.037200653007e-02,        +1.497994681615e+02
 2.45145000e+00,        -6.028842266857e-02,        +1.496646046971e+02
 2.45147500e+00,        -6.020518192650e-02,        +1.495301999769e+02
 2.45150000e+00,        -6.012228248032e-02,        +1.493962514973e+02
 2.45152500e+00,        -6.003972256621e-02,        +1.492627567712e+02
 2.45155000e+00,        -5.995750035229e-02,        +1.491297133281e+02
 2.45157500e+00,        -5.987561406791e-02,        +1.489971187133e+02
 2.45160000e+00,        -5.979406194933e-02,        +1.488649704881e+02
 2.45162500e+00,        -5.971284225766e-02,        +1.487332662303e+02
 2.45165000e+00,        -5.963195320509e-02,        +1.486020035327e+02
 2.45167500e+00,        -5.955139304185e-02,        +1.484711800044e+02
 2.45170000e+00,        -5.947116004075e-02,        +1.483407932701e+02
 2.45172500e+00,        -5.939125247969e-02,        +1.482108409697e+02
 2.45175000e+00,        -5.931166865284e-02,        +1.480813207588e+02
 2.45177500e+00,        -5.923240678981e-02,        +1.479522303080e+02
 2.45180000e+00,        -5.915346523413e-02,        +1.478235673032e+02
 2.45182500e+00,        -5.907484227094e-02,        +1.476953294455e+02
 2.45185000e+00,        -5.899653623899e-02,        +1.475675144508e+02
 2.45187500e+00,        -5.891854542395e-02,        +1.474401200499e+02
 2.45190000e+00,        -5.884086818470e-02,        +1.473131439886e+02
 2.45192500e+00,        -5.876350284333e-02,        +1.471865840270e+02
 2.45195000e+00,        -5.868644774594e-02,        +1.470604379398e+02
 2.45197500e+00,        -5.860970125380e-02,        +1.469347035163e+02
 2.45200000e+00,        -5.853326173340e-02,        +1.468093785602e+02
 2.45202500e+00,        -5.845712755539e-02,        +1.466844608893e+02
 2.45205000e+00,        -5.838129708384e-02,        +1.465599483355e+02
 2.45207500e+00,        -5.830576872452e-02,        +1.464358387451e+02
 2.45210000e+00,        -5.823054089527e-02,        +1.463121299779e+02
 2.45212500e+00,        -5.815561196262e-02,        +1.461888199079e+02
 2.45215000e+00,        -5.808098036101e-02,        +1.460659064226e+02
 2.45217500e+00,        -5.800664450518e-02,        +1.459433874234e+02
 2.45220000e+00,        -5.793260283132e-02,        +1.458212608250e+02
 2.45222500e+00,        -5.785885378506e-02,        +1.456995245558e+02
 2.45225000e+00,        -5.778539579924e-02,        +1.455781765574e+02
 2.45227500e+00,        -5.771222733875e-02,        +1.454572147849e+02
 2.45230000e+00,        -5.763934685463e-02,        +1.453366372064e+02
 2.45232500e+00,        -5.756675283958e-02,        +1.452164418030e+02
 2.45235000e+00,        -5.749444374626e-02,        +1.450966265690e+02
 2.45237500e+00,        -5.742241809379e-02,        +1.449771895116e+02
 2.45240000e+00,        -5.735067437726e-02,        +1.448581286508e+02
 2.45242500e+00,        -5.727921106574e-02,        +1.447394420191e+02
 2.45245000e+00,        -5.720802670943e-02,        +1.446211276620e+02
 2.45247500e+00,        -5.713711981439e-02,        +1.445031836371e+02
 2.45250000e+00,        -5.706648888645e-02,        +1.443856080150e+02
 2.45252500e+00,        -5.699613250996e-02,        +1.442683988783e+02
 2.45255000e+00,        -5.692604920238e-02,        +1.441515543220e+02
 2.45257500e+00,        -5.685623752529e-02,        +1.440350724530e+02
 2.45260000e+00,        -5.678669602186e-02,        +1.439189513909e+02
 2.45262500e+00,        -5.671742328655e-02,        +1.438031892668e+02
 2.45265000e+00,        -5.664841787074e-02,        +1.436877842239e+02
 2.45267500e+00,        -5.657967837998e-02,        +1.435727344175e+02
 2.45270000e+00,        -5.651120338727e-02,        +1.434580380141e+02
 2.45272500e+00,        -5.644299150567e-02,        +1.433436931924e+02
 2.45275000e+00,        -5.637504134345e-02,        +1.432296981425e+02
 2.45277500e+00,        -5.630735151003e-02,        +1.431160510660e+02
 2.45280000e+00,        -5.623992064284e-02,        +1.430027501761e+02
 2.45282500e+00,        -5.617274734941e-02,        +1.428897936970e+02
 2.45285000e+00,        -5.610583027752e-02,        +1.427771798648e+02
 2.45287500e+00,        -5.603916808425e-02,        +1.426649069259e+02
 2.45290000e+00,        -5.597275941912e-02,        +1.425529731386e+02
 2.45292500e+00,        -5.590660293439e-02,        +1.424413767720e+02
 2.45295000e+00,        -5.584069730542e-02,        +1.423301161059e+02
 2.45297500e+00,        -5.577504121615e-02,        +1.422191894314e+02
 2.45300000e+00,        -5.570963333754e-02,        +1.421085950500e+02
 2.45302500e+00,        -5.564447235154e-02,        +1.419983312742e+02
 2.45305000e+00,        -5.557955698839e-02,        +1.418883964271e+02
 2.45307500e+00,        -5.551488592317e-02,        +1.417787888423e+02
 2.45310000e+00,        -5.545045790062e-02,        +1.416695068639e+02
 2.45312500e+00,        -5.538627162188e-02,        +1.415605488465e+02
 2.45315000e+00,        -5.532232580437e-02,        +1.414519131549e+02
 2.45317500e+00,        -5.525861920444e-02,        +1.413435981645e+02
 2.45320000e+00,        -5.519515054740e-02,        +1.412356022605e+02
 2.45322500e+00,        -5.513191860096e-02,        +1.411279238385e+02
 2.45325000e+00,        -5.506892211840e-02,        +1.410205613041e+02
 2.45327500e+00,        -5.500615984665e-02,        +1.409135130727e+02
 2.45330000e+00,        -5.494363057566e-02,        +1.408067775701e+02
 2.45332500e+00,        -5.488133306433e-02,        +1.407003532313e+02
 2.45335000e+00,        -5.481926611770e-02,        +1.405942385016e+02
 2.45337500e+00,        -5.475742852218e-02,        +1.404884318358e+02
 2.45340000e+00,        -5.469581906236e-02,        +1.403829316984e+02
 2.45342500e+00,        -5.463443656050e-02,        +1.402777365632e+02
 2.45345000e+00,        -5.457327983313e-02,        +1.401728449140e+02
 2.45347500e+00,        -5.451234768484e-02,        +1.400682552436e+02
 2.45350000e+00,        -5.445163895458e-02,        +1.399639660544e+02
 2.45352500e+00,        -5.439115244114e-02,        +1.398599758579e+02
 2.45355000e+00,        -5.433088704788e-02,        +1.397562831753e+02
 2.45357500e+00,        -5.427084155252e-02,        +1.396528865363e+02
 2.45360000e+00,        -5.421101486864e-02,        +1.395497844802e+02
 2.45362500e+00,        -5.415140581485e-02,        +1.394469755551e+02
 2.45365000e+00,        -5.409201328075e-02,        +1.393444583183e+02
 2.45367500e+00,        -5.403283612220e-02,        +1.392422313358e+02
 2.45370000e+00,        -5.397387322168e-02,        +1.391402931825e+02
 2.45372500e+00,        -5.391512347186e-02,        +1.390386424422e+02
 2.45375000e+00,        -5.385658577349e-02,        +1.389372777073e+02
 2.45377500e+00,        -5.379825900352e-02,        +1.388361975790e+02
 2.45380000e+00,        -5.374014209473e-02,        +1.387354006669e+02
 2.45382500e+00,        -5.368223392285e-02,        +1.386348855893e+02
 2.45385000e+00,        -5.362453344390e-02,        +1.385346509730e+02
 2.45387500e+00,        -5.356703954885e-02,        +1.384346954531e+02
 2.45390000e+00,        -5.350975119942e-02,        +1.383350176731e+02
 2.45392500e+00,        -5.345266730428e-02,        +1.382356162850e+02
 2.45395000e+00,        -5.339578682122e-02,        +1.381364899487e+02
 2.45397500e+00,        -5.333910869422e-02,        +1.380376373325e+02
 2.45400000e+00,        -5.328263189422e-02,        +1.379390571130e+02
 2.45402500e+00,        -5.322635536466e-02,        +1.378407479744e+02
 2.45405000e+00,        -5.317027807313e-02,        +1.377427086094e+02
 2.45407500e+00,        -5.311439899070e-02,        +1.376449377184e+02
 2.45410000e+00,        -5.305871712824e-02,        +1.375474340097e+02
 2.45412500e+00,        -5.300323142758e-02,        +1.374501961996e+02
 2.45415000e+00,        -5.294794090325e-02,        +1.373532230119e+02
 2.45417500e+00,        -5.289284454106e-02,        +1.372565131786e+02
 2.45420000e+00,        -5.283794137136e-02,        +1.371600654391e+02
 2.45422500e+00,        -5.278323036910e-02,        +1.370638785403e+02
 2.45425000e+00,        -5.272871057093e-02,        +1.369679512370e+02
 2.45427500e+00,        -5.267438098188e-02,        +1.368722822912e+02
 2.45430000e+00,        -5.262024064196e-02,        +1.367768704726e+02
 2.45432500e+00,        -5.256628857585e-02,        +1.366817145584e+02
 2.45435000e+00,        -5.251252381376e-02,        +1.365868133329e+02
 2.45437500e+00,        -5.245894541983e-02,        +1.364921655878e+02
 2.45440000e+00,        -5.240555242184e-02,        +1.363977701222e+02
 2.45442500e+00,        -5.235234388467e-02,        +1.363036257422e+02
 2.45445000e+00,        -5.229931886541e-02,        +1.362097312614e+02
 2.45447500e+00,        -5.224647643701e-02,        +1.361160855001e+02
 2.45450000e+00,        -5.219381565715e-02,        +1.360226872861e+02
 2.45452500e+00,        -5.214133561064e-02,        +1.359295354537e+02
 2.45455000e+00,        -5.208903537602e-02,        +1.358366288446e+02
 2.45457500e+00,        -5.203691403738e-02,        +1.357439663072e+02
 2.45460000e+00,        -5.198497068948e-02,        +1.356515466969e+02
 2.45462500e+00,        -5.193320444745e-02,        +1.355593688760e+02
 2.45465000e+00,        -5.188161438022e-02,        +1.354674317133e+02
 2.45467500e+00,        -5.183019961950e-02,        +1.353757340844e+02
 2.45470000e+00,        -5.177895928694e-02,        +1.352842748718e+02
 2.45472500e+00,        -5.172789247214e-02,        +1.351930529644e+02
 2.45475000e+00,        -5.167699832585e-02,        +1.351020672579e+02
 2.45477500e+00,        -5.162627595573e-02,        +1.350113166543e+02
 2.45480000e+00,        -5.157572450849e-02,        +1.349208000622e+02
 2.45482500e+00,        -5.152534313344e-02,        +1.348305163968e+02
 2.45485000e+00,        -5.147513094044e-02,        +1.347404645794e+02
 2.45487500e+00,        -5.142508712133e-02,        +1.346506435381e+02
 2.45490000e+00,        -5.137521079742e-02,        +1.345610522068e+02
 2.45492500e+00,        -5.132550113961e-02,        +1.344716895263e+02
 2.45495000e+00,        -5.127595731489e-02,        +1.343825544429e+02
 2.45497500e+00,        -5.122657849920e-02,        +1.342936459098e+02
 2.45500000e+00,        -5.117736384396e-02,        +1.342049628859e+02
 2.45502500e+00,        -5.112831254412e-02,        +1.341165043363e+02
 2.45505000e+00,        -5.107942378133e-02,        +1.340282692322e+02
 2.45507500e+00,        -5.103069674233e-02,        +1.339402565509e+02
 2.45510000e+00,        -5.098213060908e-02,        +1.338524652755e+02
 2.45512500e+00,        -5.093372460103e-02,        +1.337648943952e+02
 2.45515000e+00,        -5.088547791298e-02,        +1.336775429051e+02
 2.45517500e+00,        -5.083738972979e-02,        +1.335904098060e+02
 2.45520000e+00,        -5.078945930446e-02,        +1.335034941047e+02
 2.45522500e+00,        -5.074168581974e-02,        +1.334167948138e+02
 2.45525000e+00,        -5.069406851158e-02,        +1.333303109513e+02
 2.45527500e+00,        -5.064660659181e-02,        +1.332440415413e+02
 2.45530000e+00,        -5.059929930559e-02,        +1.331579856134e+02
 2.45532500e+00,        -5.055214588109e-02,        +1.330721422028e+02
 2.45535000e+00,        -5.050514555712e-02,        +1.329865103504e+02
 2.45537500e+00,        -5.045829758250e-02,        +1.329010891025e+02
 2.45540000e+00,        -5.041160119208e-02,        +1.328158775109e+02
 2.45542500e+00,        -5.036505563813e-02,        +1.327308746331e+02
 2.45545000e+00,        -5.031866019817e-02,        +1.326460795319e+02
 2.45547500e+00,        -5.027241411040e-02,        +1.325614912752e+02
 2.45550000e+00,        -5.022631665771e-02,        +1.324771089369e+02
 2.45552500e+00,        -5.018036709860e-02,        +1.323929315957e+02
 2.45555000e+00,        -5.013456470314e-02,        +1.323089583356e+02
 2.45557500e+00,        -5.008890875405e-02,        +1.322251882464e+02
 2.45560000e+00,        -5.004339853884e-02,        +1.321416204223e+02
 2.45562500e+00,        -4.999803333418e-02,        +1.320582539634e+02
 2.45565000e+00,        -4.995281244886e-02,        +1.319750879746e+02
 2.45567500e+00,        -4.990773514861e-02,        +1.318921215658e+02
 2.45570000e+00,        -4.986280074313e-02,        +1.318093538524e+02
 2.45572500e+00,        -4.981800853931e-02,        +1.317267839545e+02
 2.45575000e+00,        -4.977335785885e-02,        +1.316444109971e+02
 2.45577500e+00,        -4.972884798897e-02,        +1.315622341107e+02
 2.45580000e+00,        -4.968447824456e-02,        +1.314802524302e+02
 2.45582500e+00,        -4.964024796133e-02,        +1.313984650957e+02
 2.45585000e+00,        -4.959615643651e-02,        +1.313168712522e+02
 2.45587500e+00,        -4.955220303246e-02,        +1.312354700493e+02
 2.45590000e+00,        -4.950838705568e-02,        +1.311542606416e+02
 2.45592500e+00,        -4.946470784226e-02,        +1.310732421885e+02
 2.45595000e+00,        -4.942116472981e-02,        +1.309924138540e+02
 2.45597500e+00,        -4.937775706750e-02,        +1.309117748070e+02
 2.45600000e+00,        -4.933448418856e-02,        +1.308313242210e+02
 2.45602500e+00,        -4.929134545506e-02,        +1.307510612740e+02
 2.45605000e+00,        -4.924834021638e-02,        +1.306709851489e+02
 2.45607500e+00,        -4.920546782841e-02,        +1.305910950329e+02
 2.45610000e+00,        -4.916272766053e-02,        +1.305113901181e+02
 2.45612500e+00,        -4.912011905392e-02,        +1.304318696008e+02
 2.45615000e+00,        -4.907764139354e-02,        +1.303525326820e+02
 2.45617500e+00,        -4.903529405703e-02,        +1.302733785671e+02
 2.45620000e+00,        -4.899307641286e-02,        +1.301944064660e+02
 2.45622500e+00,        -4.895098783889e-02,        +1.301156155929e+02
 2.45625000e+00,        -4.890902771427e-02,        +1.300370051665e+02
 2.45627500e+00,        -4.886719542479e-02,        +1.299585744097e+02
 2.45630000e+00,        -4.882549037998e-02,        +1.298803225499e+02
 2.45632500e+00,        -4.878391193433e-02,        +1.298022488187e+02
 2.45635000e+00,        -4.874245952140e-02,        +1.297243524520e+02
 2.45637500e+00,        -4.870113252080e-02,        +1.296466326899e+02
 2.45640000e+00,        -4.865993034779e-02,        +1.295690887767e+02
 2.45642500e+00,        -4.861885239399e-02,        +1.294917199610e+02
 2.45645000e+00,        -4.857789808585e-02,        +1.294145254954e+02
 2.45647500e+00,        -4.853706682964e-02,        +1.293375046367e+02
 2.45650000e+00,        -4.849635803801e-02,        +1.292606566458e+02
 2.45652500e+00,        -4.845577113860e-02,        +1.291839807877e+02
 2.45655000e+00,        -4.841530555735e-02,        +1.291074763314e+02
 2.45657500e+00,        -4.837496071544e-02,        +1.290311425500e+02
 2.45660000e+00,        -4.833473603849e-02,        +1.289549787204e+02
 2.45662500e+00,        -4.829463097023e-02,        +1.288789841236e+02
 2.45665000e+00,        -4.825464493531e-02,        +1.288031580447e+02
 2.45667500e+00,        -4.821477738878e-02,        +1.287274997725e+02
 2.45670000e+00,        -4.817502776397e-02,        +1.286520085997e+02
 2.45672500e+00,        -4.813539549952e-02,        +1.285766838230e+02
 2.45675000e+00,        -4.809588006035e-02,        +1.285015247427e+02
 2.45677500e+00,        -4.805648089024e-02,        +1.284265306632e+02
 2.45680000e+00,        -4.801719745099e-02,        +1.283517008926e+02
 2.45682500e+00,        -4.797802919340e-02,        +1.282770347426e+02
 2.45685000e+00,        -4.793897558375e-02,        +1.282025315288e+02
 2.45687500e+00,        -4.790003610028e-02,        +1.281281905705e+02
 2.45690000e+00,        -4.786121017390e-02,        +1.280540111907e+02
 2.45692500e+00,        -4.782249731748e-02,        +1.279799927160e+02
 2.45695000e+00,        -4.778389697305e-02,        +1.279061344768e+02
 2.45697500e+00,        -4.774540863712e-02,        +1.278324358068e+02
 2.45700000e+00,        -4.770703177895e-02,        +1.277588960437e+02
 2.45702500e+00,        -4.766876589149e-02,        +1.276855145286e+02
 2.45705000e+00,        -4.763061044666e-02,        +1.276122906060e+02
 2.45707500e+00,        -4.759256494344e-02,        +1.275392236241e+02
 2.45710000e+00,        -4.755462887073e-02,        +1.274663129346e+02
 2.45712500e+00,        -4.751680172393e-02,        +1.273935578927e+02
 2.45715000e+00,        -4.747908298471e-02,        +1.273209578570e+02
 2.45717500e+00,        -4.744147217760e-02,        +1.272485121895e+02
 2.45720000e+00,        -4.740396879505e-02,        +1.271762202556e+02
 2.45722500e+00,        -4.736657233933e-02,        +1.271040814244e+02
 2.45725000e+00,        -4.732928232144e-02,        +1.270320950680e+02
 2.45727500e+00,        -4.729209825756e-02,        +1.269602605619e+02
 2.45730000e+00,        -4.725501964841e-02,        +1.268885772851e+02
 2.45732500e+00,        -4.721804601674e-02,        +1.268170446199e+02
 2.45735000e+00,        -4.718117689466e-02,        +1.267456619518e+02
 2.45737500e+00,        -4.714441179040e-02,        +1.266744286695e+02
 2.45740000e+00,        -4.710775022010e-02,        +1.266033441651e+02
 2.45742500e+00,        -4.707119173170e-02,        +1.265324078338e+02
 2.45745000e+00,        -4.703473583656e-02,        +1.264616190741e+02
 2.45747500e+00,        -4.699838208667e-02,        +1.263909772877e+02
 2.45750000e+00,        -4.696212999856e-02,        +1.263204818793e+02
 2.45752500e+00,        -4.692597912189e-02,        +1.262501322569e+02
 2.45755000e+00,        -4.688992899227e-02,        +1.261799278315e+02
 2.45757500e+00,        -4.685397915760e-02,        +1.261098680175e+02
 2.45760000e+00,        -4.681812915582e-02,        +1.260399522319e+02
 2.45762500e+00,        -4.678237853468e-02,        +1.259701798952e+02
 2.45765000e+00,        -4.674672685714e-02,        +1.259005504308e+02
 2.45767500e+00,        -4.671117365461e-02,        +1.258310632649e+02
 2.45770000e+00,        -4.667571850376e-02,        +1.257617178272e+02
 2.45772500e+00,        -4.664036094962e-02,        +1.256925135498e+02
 2.45775000e+00,        -4.660510056704e-02,        +1.256234498683e+02
 2.45777500e+00,        -4.656993689035e-02,        +1.255545262208e+02
 2.45780000e+00,        -4.653486951391e-02,        +1.254857420489e+02
 2.45782500e+00,        -4.649989798488e-02,        +1.254170967963e+02
 2.45785000e+00,        -4.646502189461e-02,        +1.253485899105e+02
 2.45787500e+00,        -4.643024080321e-02,        +1.252802208411e+02
 2.45790000e+00,        -4.639555427239e-02,        +1.252119890411e+02
 2.45792500e+00,        -4.636096190577e-02,        +1.251438939661e+02
 2.45795000e+00,        -4.632646325821e-02,        +1.250759350745e+02
 2.45797500e+00,        -4.629205792827e-02,        +1.250081118276e+02
 2.45800000e+00,        -4.625774548803e-02,        +1.249404236896e+02
 2.45802500e+00,        -4.622352553994e-02,        +1.248728701271e+02
 2.45805000e+00,        -4.618939765711e-02,        +1.248054506098e+02
 2.45807500e+00,        -4.615536143341e-02,        +1.247381646100e+02
 2.45810000e+00,        -4.612141646291e-02,        +1.246710116027e+02
 2.45812500e+00,        -4.608756234595e-02,        +1.246039910659e+02
 2.45815000e+00,        -4.605379867561e-02,        +1.245371024796e+02
 2.45817500e+00,        -4.602012505016e-02,        +1.244703453272e+02
 2.45820000e+00,        -4.598654106584e-02,        +1.244037190945e+02
 2.45822500e+00,        -4.595304634288e-02,        +1.243372232696e+02
 2.45825000e+00,        -4.591964047583e-02,        +1.242708573438e+02
 2.45827500e+00,        -4.588632307900e-02,        +1.242046208105e+02
 2.45830000e+00,        -4.585309376216e-02,        +1.241385131661e+02
 2.45832500e+00,        -4.581995212404e-02,        +1.240725339092e+02
 2.45835000e+00,        -4.578689779599e-02,        +1.240066825412e+02
 2.45837500e+00,        -4.575393039013e-02,        +1.239409585660e+02
 2.45840000e+00,        -4.572104952299e-02,        +1.238753614900e+02
 2.45842500e+00,        -4.568825482290e-02,        +1.238098908220e+02
 2.45845000e+00,        -4.565554589616e-02,        +1.237445460735e+02
 2.45847500e+00,        -4.562292238923e-02,        +1.236793267583e+02
 2.45850000e+00,        -4.559038390917e-02,        +1.236142323929e+02
 2.45852500e+00,        -4.555793010440e-02,        +1.235492624960e+02
 2.45855000e+00,        -4.552556058978e-02,        +1.234844165888e+02
 2.45857500e+00,        -4.549327500404e-02,        +1.234196941949e+02
 2.45860000e+00,        -4.546107298365e-02,        +1.233550948404e+02
 2.45862500e+00,        -4.542895416499e-02,        +1.232906180538e+02
 2.45865000e+00,        -4.539691819053e-02,        +1.232262633658e+02
 2.45867500e+00,        -4.536496469413e-02,        +1.231620303096e+02
 2.45870000e+00,        -4.533309332105e-02,        +1.230979184207e+02
 2.45872500e+00,        -4.530130371455e-02,        +1.230339272371e+02
 2.45875000e+00,        -4.526959553156e-02,        +1.229700562987e+02
 2.45877500e+00,        -4.523796840839e-02,        +1.229063051483e+02
 2.45880000e+00,        -4.520642200060e-02,        +1.228426733303e+02
 2.45882500e+00,        -4.517495595920e-02,        +1.227791603920e+02
 2.45885000e+00,        -4.514356994118e-02,        +1.227157658826e+02
 2.45887500e+00,        -4.511226359291e-02,        +1.226524893537e+02
 2.45890000e+00,        -4.508103658585e-02,        +1.225893303590e+02
 2.45892500e+00,        -4.504988857351e-02,        +1.225262884545e+02
 2.45895000e+00,        -4.501881921872e-02,        +1.224633631984e+02
 2.45897500e+00,        -4.498782817963e-02,        +1.224005541511e+02
 2.45900000e+00,        -4.495691513271e-02,        +1.223378608753e+02
 2.45902500e+00,        -4.492607973368e-02,        +1.222752829357e+02
 2.45905000e+00,        -4.489532165808e-02,        +1.222128198991e+02
 2.45907500e+00,        -4.486464056278e-02,        +1.221504713346e+02
 2.45910000e+00,        -4.483403613614e-02,        +1.220882368135e+02
 2.45912500e+00,        -4.480350804862e-02,        +1.220261159089e+02
 2.45915000e+00,        -4.477305597593e-02,        +1.219641081963e+02
 2.45917500e+00,        -4.474267958599e-02,        +1.219022132532e+02
 2.45920000e+00,        -4.471237856526e-02,        +1.218404306591e+02
 2.45922500e+00,        -4.468215260288e-02,        +1.217787599957e+02
 2.45925000e+00,        -4.465200136255e-02,        +1.217172008467e+02
 2.45927500e+00,        -4.462192454515e-02,        +1.216557527977e+02
 2.45930000e+00,        -4.459192183054e-02,        +1.215944154367e+02
 2.45932500e+00,        -4.456199290425e-02,        +1.215331883532e+02
 2.45935000e+00,        -4.453213745130e-02,        +1.214720711392e+02
 2.45937500e+00,        -4.450235517950e-02,        +1.214110633884e+02
 2.45940000e+00,        -4.447264575902e-02,        +1.213501646964e+02
 2.45942500e+00,        -4.444300889593e-02,        +1.212893746613e+02
 2.45945000e+00,        -4.441344428263e-02,        +1.212286928824e+02
 2.45947500e+00,        -4.438395162206e-02,        +1.211681189616e+02
 2.45950000e+00,        -4.435453061065e-02,        +1.211076525023e+02
 2.45952500e+00,        -4.432518094635e-02,        +1.210472931101e+02
 2.45955000e+00,        -4.429590232529e-02,        +1.209870403924e+02
 2.45957500e+00,        -4.426669446518e-02,        +1.209268939584e+02
 2.45960000e+00,        -4.423755705391e-02,        +1.208668534195e+02
 2.45962500e+00,        -4.420848981211e-02,        +1.208069183885e+02
 2.45965000e+00,        -4.417949244932e-02,        +1.207470884807e+02
 2.45967500e+00,        -4.415056466236e-02,        +1.206873633125e+02
 2.45970000e+00,        -4.412170617319e-02,        +1.206277425029e+02
 2.45972500e+00,        -4.409291668412e-02,        +1.205682256722e+02
 2.45975000e+00,        -4.406419591313e-02,        +1.205088124427e+02
 2.45977500e+00,        -4.403554359389e-02,        +1.204495024386e+02
 2.45980000e+00,        -4.400695940857e-02,        +1.203902952859e+02
 2.45982500e+00,        -4.397844310585e-02,        +1.203311906121e+02
 2.45985000e+00,        -4.394999438958e-02,        +1.202721880469e+02
 2.45987500e+00,        -4.392161299498e-02,        +1.202132872214e+02
 2.45990000e+00,        -4.389329862238e-02,        +1.201544877688e+02
 2.45992500e+00,        -4.386505101758e-02,        +1.200957893238e+02
 2.45995000e+00,        -4.383686989604e-02,        +1.200371915230e+02
 2.45997500e+00,        -4.380875499324e-02,        +1.199786940046e+02
 2.46000000e+00,        -4.378070602798e-02,        +1.199202964086e+02
 2.46002500e+00,        -4.375272273579e-02,        +1.198619983767e+02
 2.46005000e+00,        -4.372480484836e-02,        +1.198037995523e+02
 2.46007500e+00,        -4.369695209415e-02,        +1.197456995804e+02
 2.46010000e+00,        -4.366916421164e-02,        +1.196876981079e+02
 2.46012500e+00,        -4.364144093216e-02,        +1.196297947831e+02
 2.46015000e+00,        -4.361378199287e-02,        +1.195719892563e+02
 2.46017500e+00,        -4.358618713585e-02,        +1.195142811790e+02
 2.46020000e+00,        -4.355865610835e-02,        +1.194566702049e+02
 2.46022500e+00,        -4.353118862593e-02,        +1.193991559888e+02
 2.46025000e+00,        -4.350378445722e-02,        +1.193417381874e+02
 2.46027500e+00,        -4.347644332572e-02,        +1.192844164590e+02
 2.46030000e+00,        -4.344916499223e-02,        +1.192271904635e+02
 2.46032500e+00,        -4.342194920024e-02,        +1.191700598624e+02
 2.46035000e+00,        -4.339479568939e-02,        +1.191130243187e+02
 2.46037500e+00,        -4.336770420488e-02,        +1.190560834970e+02
 2.46040000e+00,        -4.334067450938e-02,        +1.189992370637e+02
 2.46042500e+00,        -4.331370634730e-02,        +1.189424846863e+02
 2.46045000e+00,        -4.328679947868e-02,        +1.188858260344e+02
 2.46047500e+00,        -4.325995364222e-02,        +1.188292607787e+02
 2.46050000e+00,        -4.323316860568e-02,        +1.187727885916e+02
 2.46052500e+00,        -4.320644412283e-02,        +1.187164091471e+02
 2.46055000e+00,        -4.317977994699e-02,        +1.186601221206e+02
 2.46057500e+00,        -4.315317583676e-02,        +1.186039271890e+02
 2.46060000e+00,        -4.312663155628e-02,        +1.185478240309e+02
 2.46062500e+00,        -4.310014686910e-02,        +1.184918123261e+02
 2.46065000e+00,        -4.307372153577e-02,        +1.184358917561e+02
 2.46067500e+00,        -4.304735531198e-02,        +1.183800620037e+02
 2.46070000e+00,        -4.302104797312e-02,        +1.183243227534e+02
 2.46072500e+00,        -4.299479927257e-02,        +1.182686736909e+02
 2.46075000e+00,        -4.296860898734e-02,        +1.182131145036e+02
 2.46077500e+00,        -4.294247688640e-02,        +1.181576448801e+02
 2.46080000e+00,        -4.291640273547e-02,        +1.181022645106e+02
 2.46082500e+00,        -4.289038630427e-02,        +1.180469730867e+02
 2.46085000e+00,        -4.286442737011e-02,        +1.179917703013e+02
 2.46087500e+00,        -4.283852569469e-02,        +1.179366558489e+02
 2.46090000e+00,        -4.281268106558e-02,        +1.178816294252e+02
 2.46092500e+00,        -4.278689324316e-02,        +1.178266907274e+02
 2.46095000e+00,        -4.276116202010e-02,        +1.177718394542e+02
 2.46097500e+00,        -4.273548716059e-02,        +1.177170753054e+02
 2.46100000e+00,        -4.270986844981e-02,        +1.176623979824e+02
 2.46102500e+00,        -4.268430565974e-02,        +1.176078071879e+02
 2.46105000e+00,        -4.265879858820e-02,        +1.175533026259e+02
 2.46107500e+00,        -4.263334700182e-02,        +1.174988840018e+02
 2.46110000e+00,        -4.260795068576e-02,        +1.174445510224e+02
 2.46112500e+00,        -4.258260942554e-02,        +1.173903033956e+02
 2.46115000e+00,        -4.255732300418e-02,        +1.173361408310e+02
 2.46117500e+00,        -4.253209120987e-02,        +1.172820630391e+02
 2.46120000e+00,        -4.250691383096e-02,        +1.172280697321e+02
 2.46122500e+00,        -4.248179065059e-02,        +1.171741606232e+02
 2.46125000e+00,        -4.245672146309e-02,        +1.171203354270e+02
 2.46127500e+00,        -4.243170605892e-02,        +1.170665938596e+02
 2.46130000e+00,        -4.240674422744e-02,        +1.170129356378e+02
 2.46132500e+00,        -4.238183576579e-02,        +1.169593604805e+02
 2.46135000e+00,        -4.235698045571e-02,        +1.169058681071e+02
 2.46137500e+00,        -4.233217810269e-02,        +1.168524582387e+02
 2.46140000e+00,        -4.230742849281e-02,        +1.167991305977e+02
 2.46142500e+00,        -4.228273142835e-02,        +1.167458849073e+02
 2.46145000e+00,        -4.225808670824e-02,        +1.166927208923e+02
 2.46147500e+00,        -4.223349412700e-02,        +1.166396382788e+02
 2.46150000e+00,        -4.220895348830e-02,        +1.165866367940e+02
 2.46152500e+00,        -4.218446458380e-02,        +1.165337161661e+02
 2.46155000e+00,        -4.216002722330e-02,        +1.164808761248e+02
 2.46157500e+00,        -4.213564121214e-02,        +1.164281164011e+02
 2.46160000e+00,        -4.211130633778e-02,        +1.163754367268e+02
 2.46162500e+00,        -4.208702241768e-02,        +1.163228368352e+02
 2.46165000e+00,        -4.206278926080e-02,        +1.162703164607e+02
 2.46167500e+00,        -4.203860665910e-02,        +1.162178753390e+02
 2.46170000e+00,        -4.201447442607e-02,        +1.161655132066e+02
 2.46172500e+00,        -4.199039237348e-02,        +1.161132298017e+02
 2.46175000e+00,        -4.196636030499e-02,        +1.160610248632e+02
 2.46177500e+00,        -4.194237803086e-02,        +1.160088981314e+02
 2.46180000e+00,        -4.191844536444e-02,        +1.159568493477e+02
 2.46182500e+00,        -4.189456212199e-02,        +1.159048782546e+02
 2.46185000e+00,        -4.187072810304e-02,        +1.158529845959e+02
 2.46187500e+00,        -4.184694313451e-02,        +1.158011681162e+02
 2.46190000e+00,        -4.182320702229e-02,        +1.157494285615e+02
 2.46192500e+00,        -4.179951958234e-02,        +1.156977656789e+02
 2.46195000e+00,        -4.177588063627e-02,        +1.156461792165e+02
 2.46197500e+00,        -4.175228999266e-02,        +1.155946689236e+02
 2.46200000e+00,        -4.172874748261e-02,        +1.155432345505e+02
 2.46202500e+00,        -4.170525291360e-02,        +1.154918758487e+02
 2.46205000e+00,        -4.168180610003e-02,        +1.154405925706e+02
 2.46207500e+00,        -4.165840687900e-02,        +1.153893844701e+02
 2.46210000e+00,        -4.163505505970e-02,        +1.153382513016e+02
 2.46212500e+00,        -4.161175047789e-02,        +1.152871928210e+02
 2.46215000e+00,        -4.158849293930e-02,        +1.152362087852e+02
 2.46217500e+00,        -4.156528227331e-02,        +1.151852989520e+02
 2.46220000e+00,        -4.154211831677e-02,        +1.151344630803e+02
 2.46222500e+00,        -4.151900088088e-02,        +1.150837009302e+02
 2.46225000e+00,        -4.149592979888e-02,        +1.150330122627e+02
 2.46227500e+00,        -4.147290488965e-02,        +1.149823968399e+02
 2.46230000e+00,        -4.144992599110e-02,        +1.149318544248e+02
 2.46232500e+00,        -4.142699293160e-02,        +1.148813847816e+02
 2.46235000e+00,        -4.140410553713e-02,        +1.148309876754e+02
 2.46237500e+00,        -4.138126363985e-02,        +1.147806628725e+02
 2.46240000e+00,        -4.135846707096e-02,        +1.147304101400e+02
 2.46242500e+00,        -4.133571566449e-02,        +1.146802292460e+02
 2.46245000e+00,        -4.131300924685e-02,        +1.146301199597e+02
 2.46247500e+00,        -4.129034766348e-02,        +1.145800820513e+02
 2.46250000e+00,        -4.126773073591e-02,        +1.145301152920e+02
 2.46252500e+00,        -4.124515830436e-02,        +1.144802194539e+02
 2.46255000e+00,        -4.122263020941e-02,        +1.144303943101e+02
 2.46257500e+00,        -4.120014628362e-02,        +1.143806396347e+02
 2.46260000e+00,        -4.117770636908e-02,        +1.143309552028e+02
 2.46262500e+00,        -4.115531029509e-02,        +1.142813407903e+02
 2.46265000e+00,        -4.113295790698e-02,        +1.142317961743e+02
 2.46267500e+00,        -4.111064904496e-02,        +1.141823211327e+02
 2.46270000e+00,        -4.108838354535e-02,        +1.141329154444e+02
 2.46272500e+00,        -4.106616125973e-02,        +1.140835788892e+02
 2.46275000e+00,        -4.104398202111e-02,        +1.140343112478e+02
 2.46277500e+00,        -4.102184567430e-02,        +1.139851123020e+02
 2.46280000e+00,        -4.099975206335e-02,        +1.139359818343e+02
 2.46282500e+00,        -4.097770103333e-02,        +1.138869196283e+02
 2.46285000e+00,        -4.095569243135e-02,        +1.138379254685e+02
 2.46287500e+00,        -4.093372609263e-02,        +1.137889991402e+02
 2.46290000e+00,        -4.091180187899e-02,        +1.137401404297e+02
 2.46292500e+00,        -4.088991963331e-02,        +1.136913491241e+02
 2.46295000e+00,        -4.086807919283e-02,        +1.136426250117e+02
 2.46297500e+00,        -4.084628041736e-02,        +1.135939678813e+02
 2.46300000e+00,        -4.082452315068e-02,        +1.135453775229e+02
 2.46302500e+00,        -4.080280725337e-02,        +1.134968537270e+02
 2.46305000e+00,        -4.078113255571e-02,        +1.134483962855e+02
 2.46307500e+00,        -4.075949892972e-02,        +1.134000049909e+02
 2.46310000e+00,        -4.073790621868e-02,        +1.133516796364e+02
 2.46312500e+00,        -4.071635427295e-02,        +1.133034200163e+02
 2.46315000e+00,        -4.069484295376e-02,        +1.132552259258e+02
 2.46317500e+00,        -4.067337210603e-02,        +1.132070971608e+02
 2.46320000e+00,        -4.065194159202e-02,        +1.131590335181e+02
 2.46322500e+00,        -4.063055126444e-02,        +1.131110347954e+02
 2.46325000e+00,        -4.060920098556e-02,        +1.130631007913e+02
 2.46327500e+00,        -4.058789059935e-02,        +1.130152313050e+02
 2.46330000e+00,        -4.056661997045e-02,        +1.129674261367e+02
 2.46332500e+00,        -4.054538895332e-02,        +1.129196850876e+02
 2.46335000e+00,        -4.052419741705e-02,        +1.128720079594e+02
 2.46337500e+00,        -4.050304521587e-02,        +1.128243945548e+02
 2.46340000e+00,        -4.048193220372e-02,        +1.127768446773e+02
 2.46342500e+00,        -4.046085825295e-02,        +1.127293581313e+02
 2.46345000e+00,        -4.043982321033e-02,        +1.126819347217e+02
 2.46347500e+00,        -4.041882694775e-02,        +1.126345742546e+02
 2.46350000e+00,        -4.039786933104e-02,        +1.125872765367e+02
 2.46352500e+00,        -4.037695021364e-02,        +1.125400413755e+02
 2.46355000e+00,        -4.035606946231e-02,        +1.124928685793e+02
 2.46357500e+00,        -4.033522694563e-02,        +1.124457579573e+02
 2.46360000e+00,        -4.031442252969e-02,        +1.123987093193e+02
 2.46362500e+00,        -4.029365607427e-02,        +1.123517224760e+02
 2.46365000e+00,        -4.027292744426e-02,        +1.123047972390e+02
 2.46367500e+00,        -4.025223651655e-02,        +1.122579334202e+02
 2.46370000e+00,        -4.023158315511e-02,        +1.122111308329e+02
 2.46372500e+00,        -4.021096722452e-02,        +1.121643892908e+02
 2.46375000e+00,        -4.019038859109e-02,        +1.121177086084e+02
 2.46377500e+00,        -4.016984713563e-02,        +1.120710886011e+02
 2.46380000e+00,        -4.014934271419e-02,        +1.120245290847e+02
 2.46382500e+00,        -4.012887520555e-02,        +1.119780298762e+02
 2.46385000e+00,        -4.010844447941e-02,        +1.119315907931e+02
 2.46387500e+00,        -4.008805041086e-02,        +1.118852116537e+02
 2.46390000e+00,        -4.006769286707e-02,        +1.118388922769e+02
 2.46392500e+00,        -4.004737172166e-02,        +1.117926324827e+02
 2.46395000e+00,        -4.002708685258e-02,        +1.117464320914e+02
 2.46397500e+00,        -4.000683812538e-02,        +1.117002909243e+02
 2.46400000e+00,        -3.998662542274e-02,        +1.116542088034e+02
 2.46402500e+00,        -3.996644861422e-02,        +1.116081855512e+02
 2.46405000e+00,        -3.994630758039e-02,        +1.115622209913e+02
 2.46407500e+00,        -3.992620219475e-02,        +1.115163149476e+02
 2.46410000e+00,        -3.990613233309e-02,        +1.114704672452e+02
 2.46412500e+00,        -3.988609786939e-02,        +1.114246777093e+02
 2.46415000e+00,        -3.986609869977e-02,        +1.113789461663e+02
 2.46417500e+00,        -3.984613467370e-02,        +1.113332724432e+02
 2.46420000e+00,        -3.982620569715e-02,        +1.112876563674e+02
 2.46422500e+00,        -3.980631163314e-02,        +1.112420977675e+02
 2.46425000e+00,        -3.978645236780e-02,        +1.111965964722e+02
 2.46427500e+00,        -3.976662778243e-02,        +1.111511523114e+02
 2.46430000e+00,        -3.974683775763e-02,        +1.111057651154e+02
 2.46432500e+00,        -3.972708216806e-02,        +1.110604347153e+02
 2.46435000e+00,        -3.970736090270e-02,        +1.110151609428e+02
 2.46437500e+00,        -3.968767384524e-02,        +1.109699436303e+02
 2.46440000e+00,        -3.966802087614e-02,        +1.109247826109e+02
 2.46442500e+00,        -3.964840188290e-02,        +1.108796777183e+02
 2.46445000e+00,        -3.962881674308e-02,        +1.108346287869e+02
 2.46447500e+00,        -3.960926534898e-02,        +1.107896356519e+02
 2.46450000e+00,        -3.958974758191e-02,        +1.107446981488e+02
 2.46452500e+00,        -3.957026332999e-02,        +1.106998161142e+02
 2.46455000e+00,        -3.955081247634e-02,        +1.106549893849e+02
 2.46457500e+00,        -3.953139490465e-02,        +1.106102177987e+02
 2.46460000e+00,        -3.951201050845e-02,        +1.105655011940e+02
 2.46462500e+00,        -3.949265917575e-02,        +1.105208394095e+02
 2.46465000e+00,        -3.947334079234e-02,        +1.104762322851e+02
 2.46467500e+00,        -3.945405524553e-02,        +1.104316796607e+02
 2.46470000e+00,        -3.943480242387e-02,        +1.103871813774e+02
 2.46472500e+00,        -3.941558222379e-02,        +1.103427372767e+02
 2.46475000e+00,        -3.939639453112e-02,        +1.102983472005e+02
 2.46477500e+00,        -3.937723923890e-02,        +1.102540109917e+02
 2.46480000e+00,        -3.935811623279e-02,        +1.102097284936e+02
 2.46482500e+00,        -3.933902540738e-02,        +1.101654995501e+02
 2.46485000e+00,        -3.931996665761e-02,        +1.101213240059e+02
 2.46487500e+00,        -3.930093987240e-02,        +1.100772017062e+02
 2.46490000e+00,        -3.928194494814e-02,        +1.100331324967e+02
 2.46492500e+00,        -3.926298177414e-02,        +1.099891162238e+02
 2.46495000e+00,        -3.924405024573e-02,        +1.099451527345e+02
 2.46497500e+00,        -3.922515026427e-02,        +1.099012418765e+02
 2.46500000e+00,        -3.920628171132e-02,        +1.098573834980e+02
 2.46502500e+00,        -3.918744449736e-02,        +1.098135774477e+02
 2.46505000e+00,        -3.916863850254e-02,        +1.097698235749e+02
 2.46507500e+00,        -3.914986363843e-02,        +1.097261217298e+02
 2.46510000e+00,        -3.913111979141e-02,        +1.096824717627e+02
 2.46512500e+00,        -3.911240685949e-02,        +1.096388735249e+02
 2.46515000e+00,        -3.909372474621e-02,        +1.095953268681e+02
 2.46517500e+00,        -3.907507334254e-02,        +1.095518316444e+02
 2.46520000e+00,        -3.905645255333e-02,        +1.095083877069e+02
 2.46522500e+00,        -3.903786227680e-02,        +1.094649949089e+02
 2.46525000e+00,        -3.901930240616e-02,        +1.094216531044e+02
 2.46527500e+00,        -3.900077284692e-02,        +1.093783621480e+02
 2.46530000e+00,        -3.898227349300e-02,        +1.093351218948e+02
 2.46532500e+00,        -3.896380425738e-02,        +1.092919322004e+02
 2.46535000e+00,        -3.894536502901e-02,        +1.092487929212e+02
 2.46537500e+00,        -3.892695571705e-02,        +1.092057039138e+02
 2.46540000e+00,        -3.890857621543e-02,        +1.091626650357e+02
 2.46542500e+00,        -3.889022643197e-02,        +1.091196761447e+02
 2.46545000e+00,        -3.887190627111e-02,        +1.090767370992e+02
 2.46547500e+00,        -3.885361563505e-02,        +1.090338477583e+02
 2.46550000e+00,        -3.883535442553e-02,        +1.089910079815e+02
 2.46552500e+00,        -3.881712254136e-02,        +1.089482176287e+02
 2.46555000e+00,        -3.879891989785e-02,        +1.089054765607e+02
 2.46557500e+00,        -3.878074639071e-02,        +1.088627846385e+02
 2.46560000e+00,        -3.876260193208e-02,        +1.088201417237e+02
 2.46562500e+00,        -3.874448642973e-02,        +1.087775476787e+02
 2.46565000e+00,        -3.872639977343e-02,        +1.087350023660e+02
 2.46567500e+00,        -3.870834189066e-02,        +1.086925056490e+02
 2.46570000e+00,        -3.869031267533e-02,        +1.086500573913e+02
 2.46572500e+00,        -3.867231203727e-02,        +1.086076574573e+02
 2.46575000e+00,        -3.865433988336e-02,        +1.085653057116e+02
 2.46577500e+00,        -3.863639611982e-02,        +1.085230020198e+02
 2.46580000e+00,        -3.861848066823e-02,        +1.084807462474e+02
 2.46582500e+00,        -3.860059342170e-02,        +1.084385382610e+02
 2.46585000e+00,        -3.858273429374e-02,        +1.083963779272e+02
 2.46587500e+00,        -3.856490319369e-02,        +1.083542651134e+02
 2.46590000e+00,        -3.854710003802e-02,        +1.083121996875e+02
 2.46592500e+00,        -3.852932472414e-02,        +1.082701815177e+02
 2.46595000e+00,        -3.851157717604e-02,        +1.082282104730e+02
 2.46597500e+00,        -3.849385730237e-02,        +1.081862864226e+02
 2.46600000e+00,        -3.847616500725e-02,        +1.081444092363e+02
 2.46602500e+00,        -3.845850020509e-02,        +1.081025787845e+02
 2.46605000e+00,        -3.844086281154e-02,        +1.080607949379e+02
 2.46607500e+00,        -3.842325273579e-02,        +1.080190575678e+02
 2.46610000e+00,        -3.840566989374e-02,        +1.079773665460e+02
 2.46612500e+00,        -3.838811419546e-02,        +1.079357217447e+02
 2.46615000e+00,        -3.837058555712e-02,        +1.078941230366e+02
 2.46617500e+00,        -3.835308389109e-02,        +1.078525702949e+02
 2.46620000e+00,        -3.833560911932e-02,        +1.078110633933e+02
 2.46622500e+00,        -3.831816114056e-02,        +1.077696022060e+02
 2.46625000e+00,        -3.830073988466e-02,        +1.077281866075e+02
 2.46627500e+00,        -3.828334525975e-02,        +1.076868164728e+02
 2.46630000e+00,        -3.826597718220e-02,        +1.076454916777e+02
 2.46632500e+00,        -3.824863557000e-02,        +1.076042120980e+02
 2.46635000e+00,        -3.823132034048e-02,        +1.075629776102e+02
 2.46637500e+00,        -3.821403140593e-02,        +1.075217880912e+02
 2.46640000e+00,        -3.819676868859e-02,        +1.074806434185e+02
 2.46642500e+00,        -3.817953210321e-02,        +1.074395434698e+02
 2.46645000e+00,        -3.816232156718e-02,        +1.073984881235e+02
 2.46647500e+00,        -3.814513699985e-02,        +1.073574772583e+02
 2.46650000e+00,        -3.812797832274e-02,        +1.073165107533e+02
 2.46652500e+00,        -3.811084544867e-02,        +1.072755884883e+02
 2.46655000e+00,        -3.809373830155e-02,        +1.072347103432e+02
 2.46657500e+00,        -3.807665679476e-02,        +1.071938761987e+02
 2.46660000e+00,        -3.805960085639e-02,        +1.071530859356e+02
 2.46662500e+00,        -3.804257039922e-02,        +1.071123394354e+02
 2.46665000e+00,        -3.802556535400e-02,        +1.070716365798e+02
 2.46667500e+00,        -3.800858563197e-02,        +1.070309772513e+02
 2.46670000e+00,        -3.799163115598e-02,        +1.069903613324e+02
 2.46672500e+00,        -3.797470184763e-02,        +1.069497887063e+02
 2.46675000e+00,        -3.795779763136e-02,        +1.069092592565e+02
 2.46677500e+00,        -3.794091842832e-02,        +1.068687728671e+02
 2.46680000e+00,        -3.792406416379e-02,        +1.068283294225e+02
 2.46682500e+00,        -3.790723474766e-02,        +1.067879288074e+02
 2.46685000e+00,        -3.789043012065e-02,        +1.067475709071e+02
 2.46687500e+00,        -3.787365019356e-02,        +1.067072556074e+02
 2.46690000e+00,        -3.785689489762e-02,        +1.066669827942e+02
 2.46692500e+00,        -3.784016415261e-02,        +1.066267523542e+02
 2.46695000e+00,        -3.782345788296e-02,        +1.065865641742e+02
 2.46697500e+00,        -3.780677601871e-02,        +1.065464181414e+02
 2.46700000e+00,        -3.779011847746e-02,        +1.065063141438e+02
 2.46702500e+00,        -3.777348518603e-02,        +1.064662520694e+02
 2.46705000e+00,        -3.775687607192e-02,        +1.064262318067e+02
 2.46707500e+00,        -3.774029105899e-02,        +1.063862532448e+02
 2.46710000e+00,        -3.772373008116e-02,        +1.063463162729e+02
 2.46712500e+00,        -3.770719305407e-02,        +1.063064207808e+02
 2.46715000e+00,        -3.769067991087e-02,        +1.062665666588e+02
 2.46717500e+00,        -3.767419057710e-02,        +1.062267537972e+02
 2.46720000e+00,        -3.765772497448e-02,        +1.061869820871e+02
 2.46722500e+00,        -3.764128303985e-02,        +1.061472514199e+02
 2.46725000e+00,        -3.762486469658e-02,        +1.061075616871e+02
 2.46727500e+00,        -3.760846987430e-02,        +1.060679127810e+02
 2.46730000e+00,        -3.759209849805e-02,        +1.060283045941e+02
 2.46732500e+00,        -3.757575050323e-02,        +1.059887370192e+02
 2.46735000e+00,        -3.755942581425e-02,        +1.059492099496e+02
 2.46737500e+00,        -3.754312435821e-02,        +1.059097232790e+02
 2.46740000e+00,        -3.752684606929e-02,        +1.058702769014e+02
 2.46742500e+00,        -3.751059087443e-02,        +1.058308707113e+02
 2.46745000e+00,        -3.749435870657e-02,        +1.057915046033e+02
 2.46747500e+00,        -3.747814949721e-02,        +1.057521784728e+02
 2.46750000e+00,        -3.746196317107e-02,        +1.057128922152e+02
 2.46752500e+00,        -3.744579966699e-02,        +1.056736457264e+02
 2.46755000e+00,        -3.742965890792e-02,        +1.056344389028e+02
 2.46757500e+00,        -3.741354083123e-02,        +1.055952716411e+02
 2.46760000e+00,        -3.739744536659e-02,        +1.055561438381e+02
 2.46762500e+00,        -3.738137244860e-02,        +1.055170553913e+02
 2.46765000e+00,        -3.736532200678e-02,        +1.054780061985e+02
 2.46767500e+00,        -3.734929397412e-02,        +1.054389961578e+02
 2.46770000e+00,        -3.733328828340e-02,        +1.054000251676e+02
 2.46772500e+00,        -3.731730487101e-02,        +1.053610931269e+02
 2.46775000e+00,        -3.730134366507e-02,        +1.053221999347e+02
 2.46777500e+00,        -3.728540460320e-02,        +1.052833454907e+02
 2.46780000e+00,        -3.726948762549e-02,        +1.052445296947e+02
 2.46782500e+00,        -3.725359264918e-02,        +1.052057524470e+02
 2.46785000e+00,        -3.723771962365e-02,        +1.051670136482e+02
 2.46787500e+00,        -3.722186847754e-02,        +1.051283131993e+02
 2.46790000e+00,        -3.720603914682e-02,        +1.050896510016e+02
 2.46792500e+00,        -3.719023157137e-02,        +1.050510269567e+02
 2.46795000e+00,        -3.717444567766e-02,        +1.050124409667e+02
 2.46797500e+00,        -3.715868140809e-02,        +1.049738929338e+02
 2.46800000e+00,        -3.714293869682e-02,        +1.049353827608e+02
 2.46802500e+00,        -3.712721747990e-02,        +1.048969103507e+02
 2.46805000e+00,        -3.711151769365e-02,        +1.048584756069e+02
 2.46807500e+00,        -3.709583927625e-02,        +1.048200784330e+02
 2.46810000e+00,        -3.708018216682e-02,        +1.047817187332e+02
 2.46812500e+00,        -3.706454629539e-02,        +1.047433964117e+02
 2.46815000e+00,        -3.704893160447e-02,        +1.047051113733e+02
 2.46817500e+00,        -3.703333803312e-02,        +1.046668635231e+02
 2.46820000e+00,        -3.701776551628e-02,        +1.046286527663e+02
 2.46822500e+00,        -3.700221398931e-02,        +1.045904790088e+02
 2.46825000e+00,        -3.698668340353e-02,        +1.045523421565e+02
 2.46827500e+00,        -3.697117368389e-02,        +1.045142421158e+02
 2.46830000e+00,        -3.695568477400e-02,        +1.044761787934e+02
 2.46832500e+00,        -3.694021661472e-02,        +1.044381520963e+02
 2.46835000e+00,        -3.692476914235e-02,        +1.044001619318e+02
 2.46837500e+00,        -3.690934230616e-02,        +1.043622082075e+02
 2.46840000e+00,        -3.689393602965e-02,        +1.043242908314e+02
 2.46842500e+00,        -3.687855026480e-02,        +1.042864097119e+02
 2.46845000e+00,        -3.686318495006e-02,        +1.042485647574e+02
 2.46847500e+00,        -3.684784002043e-02,        +1.042107558770e+02
 2.46850000e+00,        -3.683251542741e-02,        +1.041729829798e+02
 2.46852500e+00,        -3.681721110047e-02,        +1.041352459755e+02
 2.46855000e+00,        -3.680192699029e-02,        +1.040975447737e+02
 2.46857500e+00,        -3.678666303593e-02,        +1.040598792848e+02
 2.46860000e+00,        -3.677141917473e-02,        +1.040222494191e+02
 2.46862500e+00,        -3.675619534919e-02,        +1.039846550875e+02
 2.46865000e+00,        -3.674099150893e-02,        +1.039470962011e+02
 2.46867500e+00,        -3.672580759288e-02,        +1.039095726712e+02
 2.46870000e+00,        -3.671064353786e-02,        +1.038720844095e+02
 2.46872500e+00,        -3.669549928928e-02,        +1.038346313280e+02
 2.46875000e+00,        -3.668037479685e-02,        +1.037972133391e+02
 2.46877500e+00,        -3.666526999679e-02,        +1.037598303552e+02
 2.46880000e+00,        -3.665018483407e-02,        +1.037224822894e+02
 2.46882500e+00,        -3.663511925517e-02,        +1.036851690548e+02
 2.46885000e+00,        -3.662007320087e-02,        +1.036478905648e+02
 2.46887500e+00,        -3.660504661887e-02,        +1.036106467332e+02
 2.46890000e+00,        -3.659003945133e-02,        +1.035734374742e+02
 2.46892500e+00,        -3.657505164059e-02,        +1.035362627021e+02
 2.46895000e+00,        -3.656008313529e-02,        +1.034991223316e+02
 2.46897500e+00,        -3.654513388058e-02,        +1.034620162775e+02
 2.46900000e+00,        -3.653020381661e-02,        +1.034249444552e+02
 2.46902500e+00,        -3.651529289120e-02,        +1.033879067801e+02
 2.46905000e+00,        -3.650040105603e-02,        +1.033509031680e+02
 2.46907500e+00,        -3.648552824749e-02,        +1.033139335351e+02
 2.46910000e+00,        -3.647067441859e-02,        +1.032769977976e+02
 2.46912500e+00,        -3.645583951251e-02,        +1.032400958724e+02
 2.46915000e+00,        -3.644102347950e-02,        +1.032032276762e+02
 2.46917500e+00,        -3.642622625660e-02,        +1.031663931264e+02
 2.46920000e+00,        -3.641144780094e-02,        +1.031295921403e+02
 2.46922500e+00,        -3.639668805271e-02,        +1.030928246358e+02
 2.46925000e+00,        -3.638194696394e-02,        +1.030560905309e+02
 2.46927500e+00,        -3.636722448447e-02,        +1.030193897440e+02
 2.46930000e+00,        -3.635252055331e-02,        +1.029827221936e+02
 2.46932500e+00,        -3.633783512309e-02,        +1.029460877986e+02
 2.46935000e+00,        -3.632316814227e-02,        +1.029094864782e+02
 2.46937500e+00,        -3.630851955652e-02,        +1.028729181517e+02
 2.46940000e+00,        -3.629388932042e-02,        +1.028363827388e+02
 2.46942500e+00,        -3.627927737702e-02,        +1.027998801595e+02
 2.46945000e+00,        -3.626468367790e-02,        +1.027634103341e+02
 2.46947500e+00,        -3.625010816510e-02,        +1.027269731828e+02
 2.46950000e+00,        -3.623555079754e-02,        +1.026905686267e+02
 2.46952500e+00,        -3.622101152230e-02,        +1.026541965865e+02
 2.46955000e+00,        -3.620649028394e-02,        +1.026178569837e+02
 2.46957500e+00,        -3.619198703612e-02,        +1.025815497396e+02
 2.46960000e+00,        -3.617750172950e-02,        +1.025452747762e+02
 2.46962500e+00,        -3.616303431492e-02,        +1.025090320155e+02
 2.46965000e+00,        -3.614858473945e-02,        +1.024728213798e+02
 2.46967500e+00,        -3.613415295047e-02,        +1.024366427916e+02
 2.46970000e+00,        -3.611973890945e-02,        +1.024004961739e+02
 2.46972500e+00,        -3.610534255681e-02,        +1.023643814495e+02
 2.46975000e+00,        -3.609096385176e-02,        +1.023282985420e+02
 2.46977500e+00,        -3.607660273958e-02,        +1.022922473749e+02
 2.46980000e+00,        -3.606225917411e-02,        +1.022562278720e+02
 2.46982500e+00,        -3.604793310960e-02,        +1.022202399574e+02
 2.46985000e+00,        -3.603362449122e-02,        +1.021842835554e+02
 2.46987500e+00,        -3.601933327408e-02,        +1.021483585907e+02
 2.46990000e+00,        -3.600505941240e-02,        +1.021124649880e+02
 2.46992500e+00,        -3.599080285902e-02,        +1.020766026725e+02
 2.46995000e+00,        -3.597656356155e-02,        +1.020407715695e+02
 2.46997500e+00,        -3.596234147744e-02,        +1.020049716046e+02
 2.47000000e+00,        -3.594813655749e-02,        +1.019692027035e+02
 2.47002500e+00,        -3.593394875563e-02,        +1.019334647923e+02
 2.47005000e+00,        -3.591977802454e-02,        +1.018977577974e+02
 2.47007500e+00,        -3.590562431754e-02,        +1.018620816453e+02
 2.47010000e+00,        -3.589148758923e-02,        +1.018264362627e+02
 2.47012500e+00,        -3.587736778743e-02,        +1.017908215766e+02
 2.47015000e+00,        -3.586326487614e-02,        +1.017552375144e+02
 2.47017500e+00,        -3.584917880073e-02,        +1.017196840036e+02
 2.47020000e+00,        -3.583510952006e-02,        +1.016841609717e+02
 2.47022500e+00,        -3.582105698831e-02,        +1.016486683469e+02
 2.47025000e+00,        -3.580702115958e-02,        +1.016132060574e+02
 2.47027500e+00,        -3.579300198520e-02,        +1.015777740315e+02
 2.47030000e+00,        -3.577899942587e-02,        +1.015423721978e+02
 2.47032500e+00,        -3.576501343402e-02,        +1.015070004855e+02
 2.47035000e+00,        -3.575104396311e-02,        +1.014716588234e+02
 2.47037500e+00,        -3.573709097106e-02,        +1.014363471410e+02
 2.47040000e+00,        -3.572315441224e-02,        +1.014010653680e+02
 2.47042500e+00,        -3.570923424410e-02,        +1.013658134340e+02
 2.47045000e+00,        -3.569533041902e-02,        +1.013305912691e+02
 2.47047500e+00,        -3.568144289243e-02,        +1.012953988036e+02
 2.47050000e+00,        -3.566757162811e-02,        +1.012602359679e+02
 2.47052500e+00,        -3.565371657747e-02,        +1.012251026929e+02
 2.47055000e+00,        -3.563987769567e-02,        +1.011899989093e+02
 2.47057500e+00,        -3.562605493983e-02,        +1.011549245485e+02
 2.47060000e+00,        -3.561224826796e-02,        +1.011198795417e+02
 2.47062500e+00,        -3.559845763568e-02,        +1.010848638204e+02
 2.47065000e+00,        -3.558468300416e-02,        +1.010498773167e+02
 2.47067500e+00,        -3.557092432759e-02,        +1.010149199625e+02
 2.47070000e+00,        -3.555718156359e-02,        +1.009799916900e+02
 2.47072500e+00,        -3.554345466791e-02,        +1.009450924317e+02
 2.47075000e+00,        -3.552974359849e-02,        +1.009102221203e+02
 2.47077500e+00,        -3.551604832190e-02,        +1.008753806887e+02
 2.47080000e+00,        -3.550236878180e-02,        +1.008405680699e+02
 2.47082500e+00,        -3.548870494902e-02,        +1.008057841974e+02
 2.47085000e+00,        -3.547505677307e-02,        +1.007710290047e+02
 2.47087500e+00,        -3.546142421671e-02,        +1.007363024255e+02
 2.47090000e+00,        -3.544780724272e-02,        +1.007016043937e+02
 2.47092500e+00,        -3.543420580106e-02,        +1.006669348436e+02
 2.47095000e+00,        -3.542061985497e-02,        +1.006322937095e+02
 2.47097500e+00,        -3.540704936283e-02,        +1.005976809260e+02
 2.47100000e+00,        -3.539349428715e-02,        +1.005630964279e+02
 2.47102500e+00,        -3.537995458449e-02,        +1.005285401502e+02
 2.47105000e+00,        -3.536643021451e-02,        +1.004940120281e+02
 2.47107500e+00,        -3.535292113501e-02,        +1.004595119970e+02
 2.47110000e+00,        -3.533942730926e-02,        +1.004250399925e+02
 2.47112500e+00,        -3.532594869536e-02,        +1.003905959505e+02
 2.47115000e+00,        -3.531248525464e-02,        +1.003561798069e+02
 2.47117500e+00,        -3.529903694750e-02,        +1.003217914980e+02
 2.47120000e+00,        -3.528560373294e-02,        +1.002874309602e+02
 2.47122500e+00,        -3.527218556898e-02,        +1.002530981302e+02
 2.47125000e+00,        -3.525878242275e-02,        +1.002187929447e+02
 2.47127500e+00,        -3.524539425385e-02,        +1.001845153407e+02
 2.47130000e+00,        -3.523202101554e-02,        +1.001502652555e+02
 2.47132500e+00,        -3.521866267801e-02,        +1.001160426265e+02
 2.47135000e+00,        -3.520531919962e-02,        +1.000818473913e+02
 2.47137500e+00,        -3.519199053894e-02,        +1.000476794877e+02
 2.47140000e+00,        -3.517867665962e-02,        +1.000135388537e+02
 2.47142500e+00,        -3.516537752369e-02,        +9.997942542756e+01
 2.47145000e+00,        -3.515209309352e-02,        +9.994533914755e+01
 2.47147500e+00,        -3.513882333031e-02,        +9.991127995232e+01
 2.47150000e+00,        -3.512556819234e-02,        +9.987724778058e+01
 2.47152500e+00,        -3.511232765081e-02,        +9.984324257135e+01
 2.47155000e+00,        -3.509910165950e-02,        +9.980926426376e+01
 2.47157500e+00,        -3.508589018472e-02,        +9.977531279714e+01
 2.47160000e+00,        -3.507269318769e-02,        +9.974138811101e+01
 2.47162500e+00,        -3.505951063027e-02,        +9.970749014513e+01
 2.47165000e+00,        -3.504634248234e-02,        +9.967361883933e+01
 2.47167500e+00,        -3.503318869571e-02,        +9.963977413377e+01
 2.47170000e+00,        -3.502004924132e-02,        +9.960595596867e+01
 2.47172500e+00,        -3.500692407932e-02,        +9.957216428451e+01
 2.47175000e+00,        -3.499381317477e-02,        +9.953839902194e+01
 2.47177500e+00,        -3.498071648957e-02,        +9.950466012178e+01
 2.47180000e+00,        -3.496763398750e-02,        +9.947094752502e+01
 2.47182500e+00,        -3.495456563944e-02,        +9.943726117288e+01
 2.47185000e+00,        -3.494151139661e-02,        +9.940360100671e+01
 2.47187500e+00,        -3.492847122866e-02,        +9.936996696806e+01
 2.47190000e+00,        -3.491544510063e-02,        +9.933635899867e+01
 2.47192500e+00,        -3.490243297955e-02,        +9.930277704046e+01
 2.47195000e+00,        -3.488943482221e-02,        +9.926922103551e+01
 2.47197500e+00,        -3.487645060028e-02,        +9.923569092608e+01
 2.47200000e+00,        -3.486348027562e-02,        +9.920218665464e+01
 2.47202500e+00,        -3.485052381299e-02,        +9.916870816376e+01
 2.47205000e+00,        -3.483758117640e-02,        +9.913525539629e+01
 2.47207500e+00,        -3.482465233060e-02,        +9.910182829517e+01
 2.47210000e+00,        -3.481173724255e-02,        +9.906842680356e+01
 2.47212500e+00,        -3.479883587800e-02,        +9.903505086475e+01
 2.47215000e+00,        -3.478594820158e-02,        +9.900170042227e+01
 2.47217500e+00,        -3.477307417755e-02,        +9.896837541977e+01
 2.47220000e+00,        -3.476021377322e-02,        +9.893507580107e+01
 2.47222500e+00,        -3.474736695281e-02,        +9.890180151020e+01
 2.47225000e+00,        -3.473453367994e-02,        +9.886855249131e+01
 2.47227500e+00,        -3.472171392453e-02,        +9.883532868878e+01
 2.47230000e+00,        -3.470890765132e-02,        +9.880213004710e+01
 2.47232500e+00,        -3.469611482934e-02,        +9.876895651097e+01
 2.47235000e+00,        -3.468333541922e-02,        +9.873580802522e+01
 2.47237500e+00,        -3.467056939004e-02,        +9.870268453489e+01
 2.47240000e+00,        -3.465781671076e-02,        +9.866958598515e+01
 2.47242500e+00,        -3.464507734273e-02,        +9.863651232137e+01
 2.47245000e+00,        -3.463235125737e-02,        +9.860346348905e+01
 2.47247500e+00,        -3.461963842155e-02,        +9.857043943388e+01
 2.47250000e+00,        -3.460693879842e-02,        +9.853744010170e+01
 2.47252500e+00,        -3.459425235902e-02,        +9.850446543852e+01
 2.47255000e+00,        -3.458157906820e-02,        +9.847151539050e+01
 2.47257500e+00,        -3.456891889405e-02,        +9.843858990397e+01
 2.47260000e+00,        -3.455627180203e-02,        +9.840568892546e+01
 2.47262500e+00,        -3.454363776359e-02,        +9.837281240158e+01
 2.47265000e+00,        -3.453101674420e-02,        +9.833996027918e+01
 2.47267500e+00,        -3.451840871199e-02,        +9.830713250519e+01
 2.47270000e+00,        -3.450581363374e-02,        +9.827432902680e+01
 2.47272500e+00,        -3.449323147942e-02,        +9.824154979127e+01
 2.47275000e+00,        -3.448066221750e-02,        +9.820879474605e+01
 2.47277500e+00,        -3.446810581077e-02,        +9.817606383874e+01
 2.47280000e+00,        -3.445556223569e-02,        +9.814335701713e+01
 2.47282500e+00,        -3.444303145430e-02,        +9.811067422912e+01
 2.47285000e+00,        -3.443051343680e-02,        +9.807801542279e+01
 2.47287500e+00,        -3.441800815420e-02,        +9.804538054636e+01
 2.47290000e+00,        -3.440551557063e-02,        +9.801276954822e+01
 2.47292500e+00,        -3.439303566237e-02,        +9.798018237692e+01
 2.47295000e+00,        -3.438056838946e-02,        +9.794761898111e+01
 2.47297500e+00,        -3.436811372533e-02,        +9.791507930969e+01
 2.47300000e+00,        -3.435567164009e-02,        +9.788256331161e+01
 2.47302500e+00,        -3.434324210319e-02,        +9.785007093606e+01
 2.47305000e+00,        -3.433082508181e-02,        +9.781760213229e+01
 2.47307500e+00,        -3.431842054476e-02,        +9.778515684977e+01
 2.47310000e+00,        -3.430602846577e-02,        +9.775273503809e+01
 2.47312500e+00,        -3.429364881349e-02,        +9.772033664701e+01
 2.47315000e+00,        -3.428128155425e-02,        +9.768796162642e+01
 2.47317500e+00,        -3.426892666018e-02,        +9.765560992633e+01
 2.47320000e+00,        -3.425658409834e-02,        +9.762328149697e+01
 2.47322500e+00,        -3.424425384482e-02,        +9.759097628868e+01
 2.47325000e+00,        -3.423193586333e-02,        +9.755869425191e+01
 2.47327500e+00,        -3.421963013036e-02,        +9.752643533733e+01
 2.47330000e+00,        -3.420733661202e-02,        +9.749419949566e+01
 2.47332500e+00,        -3.419505528065e-02,        +9.746198667786e+01
 2.47335000e+00,        -3.418278610412e-02,        +9.742979683498e+01
 2.47337500e+00,        -3.417052905692e-02,        +9.739762991824e+01
 2.47340000e+00,        -3.415828410695e-02,        +9.736548587896e+01
 2.47342500e+00,        -3.414605122930e-02,        +9.733336466866e+01
 2.47345000e+00,        -3.413383038479e-02,        +9.730126623896e+01
 2.47347500e+00,        -3.412162155783e-02,        +9.726919054166e+01
 2.47350000e+00,        -3.410942471117e-02,        +9.723713752862e+01
 2.47352500e+00,        -3.409723982077e-02,        +9.720510715196e+01
 2.47355000e+00,        -3.408506685142e-02,        +9.717309936386e+01
 2.47357500e+00,        -3.407290578131e-02,        +9.714111411663e+01
 2.47360000e+00,        -3.406075657537e-02,        +9.710915136274e+01
 2.47362500e+00,        -3.404861921112e-02,        +9.707721105485e+01
 2.47365000e+00,        -3.403649366091e-02,        +9.704529314569e+01
 2.47367500e+00,        -3.402437989388e-02,        +9.701339758814e+01
 2.47370000e+00,        -3.401227787787e-02,        +9.698152433523e+01
 2.47372500e+00,        -3.400018759160e-02,        +9.694967334013e+01
 2.47375000e+00,        -3.398810900372e-02,        +9.691784455611e+01
 2.47377500e+00,        -3.397604209021e-02,        +9.688603793666e+01
 2.47380000e+00,        -3.396398681598e-02,        +9.685425343529e+01
 2.47382500e+00,        -3.395194316184e-02,        +9.682249100573e+01
 2.47385000e+00,        -3.393991109434e-02,        +9.679075060181e+01
 2.47387500e+00,        -3.392789058650e-02,        +9.675903217750e+01
 2.47390000e+00,        -3.391588161615e-02,        +9.672733568691e+01
 2.47392500e+00,        -3.390388414811e-02,        +9.669566108426e+01
 2.47395000e+00,        -3.389189816394e-02,        +9.666400832392e+01
 2.47397500e+00,        -3.387992362926e-02,        +9.663237736042e+01
 2.47400000e+00,        -3.386796052178e-02,        +9.660076814834e+01
 2.47402500e+00,        -3.385600881125e-02,        +9.656918064247e+01
 2.47405000e+00,        -3.384406847497e-02,        +9.653761479766e+01
 2.47407500e+00,        -3.383213947873e-02,        +9.650607056899e+01
 2.47410000e+00,        -3.382022180392e-02,        +9.647454791158e+01
 2.47412500e+00,        -3.380831542098e-02,        +9.644304678069e+01
 2.47415000e+00,        -3.379642030296e-02,        +9.641156713175e+01
 2.47417500e+00,        -3.378453642397e-02,        +9.638010892027e+01
 2.47420000e+00,        -3.377266375636e-02,        +9.634867210195e+01
 2.47422500e+00,        -3.376080227741e-02,        +9.631725663253e+01
 2.47425000e+00,        -3.374895195674e-02,        +9.628586246792e+01
 2.47427500e+00,        -3.373711277172e-02,        +9.625448956420e+01
 2.47430000e+00,        -3.372528469469e-02,        +9.622313787749e+01
 2.47432500e+00,        -3.371346769893e-02,        +9.619180736412e+01
 2.47435000e+00,        -3.370166176239e-02,        +9.616049798048e+01
 2.47437500e+00,        -3.368986685491e-02,        +9.612920968310e+01
 2.47440000e+00,        -3.367808295225e-02,        +9.609794242865e+01
 2.47442500e+00,        -3.366631003144e-02,        +9.606669617392e+01
 2.47445000e+00,        -3.365454806248e-02,        +9.603547087580e+01
 2.47447500e+00,        -3.364279702637e-02,        +9.600426649134e+01
 2.47450000e+00,        -3.363105688794e-02,        +9.597308297766e+01
 2.47452500e+00,        -3.361932763322e-02,        +9.594192029207e+01
 2.47455000e+00,        -3.360760923023e-02,        +9.591077839191e+01
 2.47457500e+00,        -3.359590165678e-02,        +9.587965723475e+01
 2.47460000e+00,        -3.358420488462e-02,        +9.584855677817e+01
 2.47462500e+00,        -3.357251889497e-02,        +9.581747697998e+01
 2.47465000e+00,        -3.356084365519e-02,        +9.578641779799e+01
 2.47467500e+00,        -3.354917914663e-02,        +9.575537919023e+01
 2.47470000e+00,        -3.353752534147e-02,        +9.572436111478e+01
 2.47472500e+00,        -3.352588221478e-02,        +9.569336352989e+01
 2.47475000e+00,        -3.351424974659e-02,        +9.566238639390e+01
 2.47477500e+00,        -3.350262790689e-02,        +9.563142966525e+01
 2.47480000e+00,        -3.349101667521e-02,        +9.560049330254e+01
 2.47482500e+00,        -3.347941602338e-02,        +9.556957726445e+01
 2.47485000e+00,        -3.346782593200e-02,        +9.553868150981e+01
 2.47487500e+00,        -3.345624637456e-02,        +9.550780599753e+01
 2.47490000e+00,        -3.344467732700e-02,        +9.547695068665e+01
 2.47492500e+00,        -3.343311876757e-02,        +9.544611553631e+01
 2.47495000e+00,        -3.342157066767e-02,        +9.541530050579e+01
 2.47497500e+00,        -3.341003300679e-02,        +9.538450555447e+01
 2.47500000e+00,        -3.339850576408e-02,        +9.535373064184e+01
 2.47502500e+00,        -3.338698890769e-02,        +9.532297572754e+01
 2.47505000e+00,        -3.337548242041e-02,        +9.529224077123e+01
 2.47507500e+00,        -3.336398628094e-02,        +9.526152573280e+01
 2.47510000e+00,        -3.335250045827e-02,        +9.523083057217e+01
 2.47512500e+00,        -3.334102493427e-02,        +9.520015524939e+01
 2.47515000e+00,        -3.332955968596e-02,        +9.516949972464e+01
 2.47517500e+00,        -3.331810468729e-02,        +9.513886395818e+01
 2.47520000e+00,        -3.330665991600e-02,        +9.510824791040e+01
 2.47522500e+00,        -3.329522534904e-02,        +9.507765154181e+01
 2.47525000e+00,        -3.328380096522e-02,        +9.504707481301e+01
 2.47527500e+00,        -3.327238674128e-02,        +9.501651768473e+01
 2.47530000e+00,        -3.326098265246e-02,        +9.498598011776e+01
 2.47532500e+00,        -3.324958867676e-02,        +9.495546207303e+01
 2.47535000e+00,        -3.323820479282e-02,        +9.492496351162e+01
 2.47537500e+00,        -3.322683097492e-02,        +9.489448439466e+01
 2.47540000e+00,        -3.321546720577e-02,        +9.486402468338e+01
 2.47542500e+00,        -3.320411345648e-02,        +9.483358433919e+01
 2.47545000e+00,        -3.319276971208e-02,        +9.480316332351e+01
 2.47547500e+00,        -3.318143594279e-02,        +9.477276159793e+01
 2.47550000e+00,        -3.317011213200e-02,        +9.474237912413e+01
 2.47552500e+00,        -3.315879825491e-02,        +9.471201586390e+01
 2.47555000e+00,        -3.314749428828e-02,        +9.468167177911e+01
 2.47557500e+00,        -3.313620021373e-02,        +9.465134683177e+01
 2.47560000e+00,        -3.312491600659e-02,        +9.462104098397e+01
 2.47562500e+00,        -3.311364164488e-02,        +9.459075419791e+01
 2.47565000e+00,        -3.310237710641e-02,        +9.456048643589e+01
 2.47567500e+00,        -3.309112236953e-02,        +9.453023766034e+01
 2.47570000e+00,        -3.307987741599e-02,        +9.450000783375e+01
 2.47572500e+00,        -3.306864222141e-02,        +9.446979691872e+01
 2.47575000e+00,        -3.305741676394e-02,        +9.443960487799e+01
 2.47577500e+00,        -3.304620102282e-02,        +9.440943167435e+01
 2.47580000e+00,        -3.303499497676e-02,        +9.437927727075e+01
 2.47582500e+00,        -3.302379860353e-02,        +9.434914163018e+01
 2.47585000e+00,        -3.301261187935e-02,        +9.431902471576e+01
 2.47587500e+00,        -3.300143479086e-02,        +9.428892649073e+01
 2.47590000e+00,        -3.299026731065e-02,        +9.425884691838e+01
 2.47592500e+00,        -3.297910941710e-02,        +9.422878596215e+01
 2.47595000e+00,        -3.296796109230e-02,        +9.419874358553e+01
 2.47597500e+00,        -3.295682231541e-02,        +9.416871975218e+01
 2.47600000e+00,        -3.294569306154e-02,        +9.413871442576e+01
 2.47602500e+00,        -3.293457331435e-02,        +9.410872757012e+01
 2.47605000e+00,        -3.292346305035e-02,        +9.407875914916e+01
 2.47607500e+00,        -3.291236225124e-02,        +9.404880912689e+01
 2.47610000e+00,        -3.290127089305e-02,        +9.401887746738e+01
 2.47612500e+00,        -3.289018895698e-02,        +9.398896413489e+01
 2.47615000e+00,        -3.287911642136e-02,        +9.395906909367e+01
 2.47617500e+00,        -3.286805326898e-02,        +9.392919230814e+01
 2.47620000e+00,        -3.285699947909e-02,        +9.389933374278e+01
 2.47622500e+00,        -3.284595502647e-02,        +9.386949336216e+01
 2.47625000e+00,        -3.283491989779e-02,        +9.383967113099e+01
 2.47627500e+00,        -3.282389406578e-02,        +9.380986701403e+01
 2.47630000e+00,        -3.281287751514e-02,        +9.378008097612e+01
 2.47632500e+00,        -3.280187022508e-02,        +9.375031298226e+01
 2.47635000e+00,        -3.279087217192e-02,        +9.372056299749e+01
 2.47637500e+00,        -3.277988334005e-02,        +9.369083098699e+01
 2.47640000e+00,        -3.276890370921e-02,        +9.366111691597e+01
 2.47642500e+00,        -3.275793325785e-02,        +9.363142074977e+01
 2.47645000e+00,        -3.274697196687e-02,        +9.360174245381e+01
 2.47647500e+00,        -3.273601981862e-02,        +9.357208199364e+01
 2.47650000e+00,        -3.272507678795e-02,        +9.354243933485e+01
 2.47652500e+00,        -3.271414285945e-02,        +9.351281444316e+01
 2.47655000e+00,        -3.270321801556e-02,        +9.348320728435e+01
 2.47657500e+00,        -3.269230223246e-02,        +9.345361782430e+01
 2.47660000e+00,        -3.268139549251e-02,        +9.342404602901e+01
 2.47662500e+00,        -3.267049777617e-02,        +9.339449186454e+01
 2.47665000e+00,        -3.265960906328e-02,        +9.336495529704e+01
 2.47667500e+00,        -3.264872933636e-02,        +9.333543629276e+01
 2.47670000e+00,        -3.263785857593e-02,        +9.330593481804e+01
 2.47672500e+00,        -3.262699676209e-02,        +9.327645083930e+01
 2.47675000e+00,        -3.261614387546e-02,        +9.324698432304e+01
 2.47677500e+00,        -3.260529990124e-02,        +9.321753523591e+01
 2.47680000e+00,        -3.259446481255e-02,        +9.318810354456e+01
 2.47682500e+00,        -3.258363859597e-02,        +9.315868921576e+01
 2.47685000e+00,        -3.257282123318e-02,        +9.312929221642e+01
 2.47687500e+00,        -3.256201270266e-02,        +9.309991251346e+01
 2.47690000e+00,        -3.255121298679e-02,        +9.307055007390e+01
 2.47692500e+00,        -3.254042206796e-02,        +9.304120486492e+01
 2.47695000e+00,        -3.252963992743e-02,        +9.301187685371e+01
 2.47697500e+00,        -3.251886654243e-02,        +9.298256600757e+01
 2.47700000e+00,        -3.250810190120e-02,        +9.295327229388e+01
 2.47702500e+00,        -3.249734598260e-02,        +9.292399568012e+01
 2.47705000e+00,        -3.248659876454e-02,        +9.289473613384e+01
 2.47707500e+00,        -3.247586023473e-02,        +9.286549362269e+01
 2.47710000e+00,        -3.246513037083e-02,        +9.283626811438e+01
 2.47712500e+00,        -3.245440915704e-02,        +9.280705957673e+01
 2.47715000e+00,        -3.244369657531e-02,        +9.277786797763e+01
 2.47717500e+00,        -3.243299260141e-02,        +9.274869328506e+01
 2.47720000e+00,        -3.242229722521e-02,        +9.271953546711e+01
 2.47722500e+00,        -3.241161042608e-02,        +9.269039449186e+01
 2.47725000e+00,        -3.240093218433e-02,        +9.266127032760e+01
 2.47727500e+00,        -3.239026248359e-02,        +9.263216294261e+01
 2.47730000e+00,        -3.237960130714e-02,        +9.260307230531e+01
 2.47732500e+00,        -3.236894863606e-02,        +9.257399838413e+01
 2.47735000e+00,        -3.235830445124e-02,        +9.254494114767e+01
 2.47737500e+00,        -3.234766873739e-02,        +9.251590056453e+01
 2.47740000e+00,        -3.233704147403e-02,        +9.248687660347e+01
 2.47742500e+00,        -3.232642264822e-02,        +9.245786923328e+01
 2.47745000e+00,        -3.231581223726e-02,        +9.242887842281e+01
 2.47747500e+00,        -3.230521022707e-02,        +9.239990414107e+01
 2.47750000e+00,        -3.229461659929e-02,        +9.237094635706e+01
 2.47752500e+00,        -3.228403133654e-02,        +9.234200503993e+01
 2.47755000e+00,        -3.227345442322e-02,        +9.231308015889e+01
 2.47757500e+00,        -3.226288583646e-02,        +9.228417168318e+01
 2.47760000e+00,        -3.225232556504e-02,        +9.225527958219e+01
 2.47762500e+00,        -3.224177358945e-02,        +9.222640382537e+01
 2.47765000e+00,        -3.223122989401e-02,        +9.219754438222e+01
 2.47767500e+00,        -3.222069446023e-02,        +9.216870122232e+01
 2.47770000e+00,        -3.221016727083e-02,        +9.213987431539e+01
 2.47772500e+00,        -3.219964830954e-02,        +9.211106363116e+01
 2.47775000e+00,        -3.218913756033e-02,        +9.208226913945e+01
 2.47777500e+00,        -3.217863500509e-02,        +9.205349081018e+01
 2.47780000e+00,        -3.216814062675e-02,        +9.202472861334e+01
 2.47782500e+00,        -3.215765440900e-02,        +9.199598251897e+01
 2.47785000e+00,        -3.214717633578e-02,        +9.196725249721e+01
 2.47787500e+00,        -3.213670639127e-02,        +9.193853851831e+01
 2.47790000e+00,        -3.212624455633e-02,        +9.190984055253e+01
 2.47792500e+00,        -3.211579081608e-02,        +9.188115857026e+01
 2.47795000e+00,        -3.210534515522e-02,        +9.185249254190e+01
 2.47797500e+00,        -3.209490755420e-02,        +9.182384243800e+01
 2.47800000e+00,        -3.208447799682e-02,        +9.179520822914e+01
 2.47802500e+00,        -3.207405646910e-02,        +9.176658988600e+01
 2.47805000e+00,        -3.206364295398e-02,        +9.173798737931e+01
 2.47807500e+00,        -3.205323743462e-02,        +9.170940067990e+01
 2.47810000e+00,        -3.204283989710e-02,        +9.168082975865e+01
 2.47812500e+00,        -3.203245032069e-02,        +9.165227458651e+01
 2.47815000e+00,        -3.202206869306e-02,        +9.162373513455e+01
 2.47817500e+00,        -3.201169499690e-02,        +9.159521137387e+01
 2.47820000e+00,        -3.200132921844e-02,        +9.156670327563e+01
 2.47822500e+00,        -3.199097133632e-02,        +9.153821081112e+01
 2.47825000e+00,        -3.198062133965e-02,        +9.150973395165e+01
 2.47827500e+00,        -3.197027920898e-02,        +9.148127266862e+01
 2.47830000e+00,        -3.195994493186e-02,        +9.145282693353e+01
 2.47832500e+00,        -3.194961849089e-02,        +9.142439671790e+01
 2.47835000e+00,        -3.193929986730e-02,        +9.139598199335e+01
 2.47837500e+00,        -3.192898905364e-02,        +9.136758273158e+01
 2.47840000e+00,        -3.191868602750e-02,        +9.133919890435e+01
 2.47842500e+00,        -3.190839077263e-02,        +9.131083048349e+01
 2.47845000e+00,        -3.189810327736e-02,        +9.128247744090e+01
 2.47847500e+00,        -3.188782352348e-02,        +9.125413974855e+01
 2.47850000e+00,        -3.187755149789e-02,        +9.122581737850e+01
 2.47852500e+00,        -3.186728718328e-02,        +9.119751030285e+01
 2.47855000e+00,        -3.185703056530e-02,        +9.116921849378e+01
 2.47857500e+00,        -3.184678162779e-02,        +9.114094192354e+01
 2.47860000e+00,        -3.183654035602e-02,        +9.111268056448e+01
 2.47862500e+00,        -3.182630673355e-02,        +9.108443438897e+01
 2.47865000e+00,        -3.181608074749e-02,        +9.105620336946e+01
 2.47867500e+00,        -3.180586238013e-02,        +9.102798747850e+01
 2.47870000e+00,        -3.179565161941e-02,        +9.099978668868e+01
 2.47872500e+00,        -3.178544844904e-02,        +9.097160097267e+01
 2.47875000e+00,        -3.177525285106e-02,        +9.094343030319e+01
 2.47877500e+00,        -3.176506481340e-02,        +9.091527465307e+01
 2.47880000e+00,        -3.175488432067e-02,        +9.088713399514e+01
 2.47882500e+00,        -3.174471135844e-02,        +9.085900830238e+01
 2.47885000e+00,        -3.173454591217e-02,        +9.083089754776e+01
 2.47887500e+00,        -3.172438796408e-02,        +9.080280170438e+01
 2.47890000e+00,        -3.171423750323e-02,        +9.077472074535e+01
 2.47892500e+00,        -3.170409451187e-02,        +9.074665464389e+01
 2.47895000e+00,        -3.169395897965e-02,        +9.071860337327e+01
 2.47897500e+00,        -3.168383088599e-02,        +9.069056690682e+01
 2.47900000e+00,        -3.167371021856e-02,        +9.066254521795e+01
 2.47902500e+00,        -3.166359696613e-02,        +9.063453828014e+01
 2.47905000e+00,        -3.165349111110e-02,        +9.060654606689e+01
 2.47907500e+00,        -3.164339264171e-02,        +9.057856855184e+01
 2.47910000e+00,        -3.163330153748e-02,        +9.055060570862e+01
 2.47912500e+00,        -3.162321778843e-02,        +9.052265751099e+01
 2.47915000e+00,        -3.161314138148e-02,        +9.049472393271e+01
 2.47917500e+00,        -3.160307229862e-02,        +9.046680494767e+01
 2.47920000e+00,        -3.159301052771e-02,        +9.043890052977e+01
 2.47922500e+00,        -3.158295605536e-02,        +9.041101065302e+01
 2.47925000e+00,        -3.157290886604e-02,        +9.038313529143e+01
 2.47927500e+00,        -3.156286894724e-02,        +9.035527441917e+01
 2.47930000e+00,        -3.155283628079e-02,        +9.032742801038e+01
 2.47932500e+00,        -3.154281085701e-02,        +9.029959603930e+01
 2.47935000e+00,        -3.153279265879e-02,        +9.027177848024e+01
 2.47937500e+00,        -3.152278167609e-02,        +9.024397530759e+01
 2.47940000e+00,        -3.151277789084e-02,        +9.021618649575e+01
 2.47942500e+00,        -3.150278128896e-02,        +9.018841201920e+01
 2.47945000e+00,        -3.149279185938e-02,        +9.016065185254e+01
 2.47947500e+00,        -3.148280959044e-02,        +9.013290597034e+01
 2.47950000e+00,        -3.147283446300e-02,        +9.010517434730e+01
 2.47952500e+00,        -3.146286646334e-02,        +9.007745695815e+01
 2.47955000e+00,        -3.145290558368e-02,        +9.004975377772e+01
 2.47957500e+00,        -3.144295180439e-02,        +9.002206478083e+01
 2.47960000e+00,        -3.143300511517e-02,        +8.999438994243e+01
 2.47962500e+00,        -3.142306550240e-02,        +8.996672923749e+01
 2.47965000e+00,        -3.141313294899e-02,        +8.993908264107e+01
 2.47967500e+00,        -3.140320744570e-02,        +8.991145012825e+01
 2.47970000e+00,        -3.139328897608e-02,        +8.988383167423e+01
 2.47972500e+00,        -3.138337752945e-02,        +8.985622725420e+01
 2.47975000e+00,        -3.137347308710e-02,        +8.982863684345e+01
 2.47977500e+00,        -3.136357564299e-02,        +8.980106041735e+01
 2.47980000e+00,        -3.135368517849e-02,        +8.977349795129e+01
 2.47982500e+00,        -3.134380168496e-02,        +8.974594942075e+01
 2.47985000e+00,        -3.133392514341e-02,        +8.971841480121e+01
 2.47987500e+00,        -3.132405554318e-02,        +8.969089406829e+01
 2.47990000e+00,        -3.131419287314e-02,        +8.966338719762e+01
 2.47992500e+00,        -3.130433711820e-02,        +8.963589416490e+01
 2.47995000e+00,        -3.129448826478e-02,        +8.960841494588e+01
 2.47997500e+00,        -3.128464630117e-02,        +8.958094951638e+01
 2.48000000e+00,        -3.127481121259e-02,        +8.955349785227e+01
 2.48002500e+00,        -3.126498298787e-02,        +8.952605992950e+01
 2.48005000e+00,        -3.125516161255e-02,        +8.949863572404e+01
 2.48007500e+00,        -3.124534707546e-02,        +8.947122521194e+01
 2.48010000e+00,        -3.123553936315e-02,        +8.944382836931e+01
 2.48012500e+00,        -3.122573846108e-02,        +8.941644517231e+01
 2.48015000e+00,        -3.121594435731e-02,        +8.938907559717e+01
 2.48017500e+00,        -3.120615704079e-02,        +8.936171962013e+01
 2.48020000e+00,        -3.119637649815e-02,        +8.933437721756e+01
 2.48022500e+00,        -3.118660271471e-02,        +8.930704836582e+01
 2.48025000e+00,        -3.117683568003e-02,        +8.927973304137e+01
 2.48027500e+00,        -3.116707537866e-02,        +8.925243122070e+01
 2.48030000e+00,        -3.115732180348e-02,        +8.922514288037e+01
 2.48032500e+00,        -3.114757493692e-02,        +8.919786799701e+01
 2.48035000e+00,        -3.113783476601e-02,        +8.917060654726e+01
 2.48037500e+00,        -3.112810128169e-02,        +8.914335850786e+01
 2.48040000e+00,        -3.111837447052e-02,        +8.911612385557e+01
 2.48042500e+00,        -3.110865431872e-02,        +8.908890256724e+01
 2.48045000e+00,        -3.109894081552e-02,        +8.906169461976e+01
 2.48047500e+00,        -3.108923394727e-02,        +8.903449999006e+01
 2.48050000e+00,        -3.107953370000e-02,        +8.900731865515e+01
 2.48052500e+00,        -3.106984006726e-02,        +8.898015059207e+01
 2.48055000e+00,        -3.106015303289e-02,        +8.895299577792e+01
 2.48057500e+00,        -3.105047258140e-02,        +8.892585418988e+01
 2.48060000e+00,        -3.104079870733e-02,        +8.889872580516e+01
 2.48062500e+00,        -3.103113139385e-02,        +8.887161060102e+01
 2.48065000e+00,        -3.102147062947e-02,        +8.884450855476e+01
 2.48067500e+00,        -3.101181640545e-02,        +8.881741964379e+01
 2.48070000e+00,        -3.100216870614e-02,        +8.879034384553e+01
 2.48072500e+00,        -3.099252751985e-02,        +8.876328113744e+01
 2.48075000e+00,        -3.098289283656e-02,        +8.873623149707e+01
 2.48077500e+00,        -3.097326464217e-02,        +8.870919490200e+01
 2.48080000e+00,        -3.096364292772e-02,        +8.868217132988e+01
 2.48082500e+00,        -3.095402767733e-02,        +8.865516075838e+01
 2.48085000e+00,        -3.094441888085e-02,        +8.862816316526e+01
 2.48087500e+00,        -3.093481652680e-02,        +8.860117852830e+01
 2.48090000e+00,        -3.092522060700e-02,        +8.857420682537e+01
 2.48092500e+00,        -3.091563110251e-02,        +8.854724803433e+01
 2.48095000e+00,        -3.090604800598e-02,        +8.852030213318e+01
 2.48097500e+00,        -3.089647130499e-02,        +8.849336909988e+01
 2.48100000e+00,        -3.088690098816e-02,        +8.846644891250e+01
 2.48102500e+00,        -3.087733704441e-02,        +8.843954154915e+01
 2.48105000e+00,        -3.086777945708e-02,        +8.841264698797e+01
 2.48107500e+00,        -3.085822822272e-02,        +8.838576520718e+01
 2.48110000e+00,        -3.084868332642e-02,        +8.835889618502e+01
 2.48112500e+00,        -3.083914475260e-02,        +8.833203989981e+01
 2.48115000e+00,        -3.082961249544e-02,        +8.830519632990e+01
 2.48117500e+00,        -3.082008654128e-02,        +8.827836545370e+01
 2.48120000e+00,        -3.081056688070e-02,        +8.825154724968e+01
 2.48122500e+00,        -3.080105349738e-02,        +8.822474169632e+01
 2.48125000e+00,        -3.079154638449e-02,        +8.819794877219e+01
 2.48127500e+00,        -3.078204552799e-02,        +8.817116845590e+01
 2.48130000e+00,        -3.077255091912e-02,        +8.814440072611e+01
 2.48132500e+00,        -3.076306254533e-02,        +8.811764556152e+01
 2.48135000e+00,        -3.075358039598e-02,        +8.809090294087e+01
 2.48137500e+00,        -3.074410446022e-02,        +8.806417284298e+01
 2.48140000e+00,        -3.073463472209e-02,        +8.803745524669e+01
 2.48142500e+00,        -3.072517117672e-02,        +8.801075013093e+01
 2.48145000e+00,        -3.071571381048e-02,        +8.798405747461e+01
 2.48147500e+00,        -3.070626261417e-02,        +8.795737725674e+01
 2.48150000e+00,        -3.069681757249e-02,        +8.793070945638e+01
 2.48152500e+00,        -3.068737867928e-02,        +8.790405405262e+01
 2.48155000e+00,        -3.067794592162e-02,        +8.787741102457e+01
 2.48157500e+00,        -3.066851928690e-02,        +8.785078035147e+01
 2.48160000e+00,        -3.065909876443e-02,        +8.782416201251e+01
 2.48162500e+00,        -3.064968434665e-02,        +8.779755598701e+01
 2.48165000e+00,        -3.064027601915e-02,        +8.777096225428e+01
 2.48167500e+00,        -3.063087377356e-02,        +8.774438079371e+01
 2.48170000e+00,        -3.062147759633e-02,        +8.771781158472e+01
 2.48172500e+00,        -3.061208748045e-02,        +8.769125460680e+01
 2.48175000e+00,        -3.060270341172e-02,        +8.766470983944e+01
 2.48177500e+00,        -3.059332538155e-02,        +8.763817726223e+01
 2.48180000e+00,        -3.058395337874e-02,        +8.761165685476e+01
 2.48182500e+00,        -3.057458739090e-02,        +8.758514859673e+01
 2.48185000e+00,        -3.056522741036e-02,        +8.755865246780e+01
 2.48187500e+00,        -3.055587342298e-02,        +8.753216844775e+01
 2.48190000e+00,        -3.054652542272e-02,        +8.750569651637e+01
 2.48192500e+00,        -3.053718339543e-02,        +8.747923665349e+01
 2.48195000e+00,        -3.052784733247e-02,        +8.745278883903e+01
 2.48197500e+00,        -3.051851722119e-02,        +8.742635305290e+01
 2.48200000e+00,        -3.050919305252e-02,        +8.739992927508e+01
 2.48202500e+00,        -3.049987481775e-02,        +8.737351748560e+01
 2.48205000e+00,        -3.049056250285e-02,        +8.734711766454e+01
 2.48207500e+00,        -3.048125609945e-02,        +8.732072979200e+01
 2.48210000e+00,        -3.047195559834e-02,        +8.729435384816e+01
 2.48212500e+00,        -3.046266098789e-02,        +8.726798981320e+01
 2.48215000e+00,        -3.045337225762e-02,        +8.724163766738e+01
 2.48217500e+00,        -3.044408939770e-02,        +8.721529739100e+01
 2.48220000e+00,        -3.043481239744e-02,        +8.718896896438e+01
 2.48222500e+00,        -3.042554124742e-02,        +8.716265236794e+01
 2.48225000e+00,        -3.041627593666e-02,        +8.713634758206e+01
 2.48227500e+00,        -3.040701645471e-02,        +8.711005458726e+01
 2.48230000e+00,        -3.039776279346e-02,        +8.708377336400e+01
 2.48232500e+00,        -3.038851493908e-02,        +8.705750389287e+01
 2.48235000e+00,        -3.037927288480e-02,        +8.703124615448e+01
 2.48237500e+00,        -3.037003662017e-02,        +8.700500012944e+01
 2.48240000e+00,        -3.036080613548e-02,        +8.697876579847e+01
 2.48242500e+00,        -3.035158141816e-02,        +8.695254314230e+01
 2.48245000e+00,        -3.034236245989e-02,        +8.692633214168e+01
 2.48247500e+00,        -3.033314925208e-02,        +8.690013277745e+01
 2.48250000e+00,        -3.032394178226e-02,        +8.687394503046e+01
 2.48252500e+00,        -3.031474004207e-02,        +8.684776888160e+01
 2.48255000e+00,        -3.030554402046e-02,        +8.682160431185e+01
 2.48257500e+00,        -3.029635370831e-02,        +8.679545130216e+01
 2.48260000e+00,        -3.028716909884e-02,        +8.676930983358e+01
 2.48262500e+00,        -3.027799017739e-02,        +8.674317988719e+01
 2.48265000e+00,        -3.026881693563e-02,        +8.671706144407e+01
 2.48267500e+00,        -3.025964936510e-02,        +8.669095448541e+01
 2.48270000e+00,        -3.025048745643e-02,        +8.666485899239e+01
 2.48272500e+00,        -3.024133119849e-02,        +8.663877494626e+01
 2.48275000e+00,        -3.023218058002e-02,        +8.661270232829e+01
 2.48277500e+00,        -3.022303559491e-02,        +8.658664111981e+01
 2.48280000e+00,        -3.021389623070e-02,        +8.656059130216e+01
 2.48282500e+00,        -3.020476248020e-02,        +8.653455285678e+01
 2.48285000e+00,        -3.019563433347e-02,        +8.650852576511e+01
 2.48287500e+00,        -3.018651177987e-02,        +8.648251000861e+01
 2.48290000e+00,        -3.017739480943e-02,        +8.645650556882e+01
 2.48292500e+00,        -3.016828341363e-02,        +8.643051242731e+01
 2.48295000e+00,        -3.015917758315e-02,        +8.640453056570e+01
 2.48297500e+00,        -3.015007730954e-02,        +8.637855996562e+01
 2.48300000e+00,        -3.014098257997e-02,        +8.635260060877e+01
 2.48302500e+00,        -3.013189338831e-02,        +8.632665247687e+01
 2.48305000e+00,        -3.012280972478e-02,        +8.630071555170e+01
 2.48307500e+00,        -3.011373157902e-02,        +8.627478981506e+01
 2.48310000e+00,        -3.010465894185e-02,        +8.624887524880e+01
 2.48312500e+00,        -3.009559180367e-02,        +8.622297183482e+01
 2.48315000e+00,        -3.008653015790e-02,        +8.619707955504e+01
 2.48317500e+00,        -3.007747399110e-02,        +8.617119839142e+01
 2.48320000e+00,        -3.006842329537e-02,        +8.614532832597e+01
 2.48322500e+00,        -3.005937806460e-02,        +8.611946934076e+01
 2.48325000e+00,        -3.005033828780e-02,        +8.609362141786e+01
 2.48327500e+00,        -3.004130395318e-02,        +8.606778453937e+01
 2.48330000e+00,        -3.003227505457e-02,        +8.604195868750e+01
 2.48332500e+00,        -3.002325158247e-02,        +8.601614384442e+01
 2.48335000e+00,        -3.001423352638e-02,        +8.599033999238e+01
 2.48337500e+00,        -3.000522087942e-02,        +8.596454711366e+01
 2.48340000e+00,        -2.999621363110e-02,        +8.593876519058e+01
 2.48342500e+00,        -2.998721177293e-02,        +8.591299420548e+01
 2.48345000e+00,        -2.997821529487e-02,        +8.588723414078e+01
 2.48347500e+00,        -2.996922418978e-02,        +8.586148497890e+01
 2.48350000e+00,        -2.996023844886e-02,        +8.583574670233e+01
 2.48352500e+00,        -2.995125805917e-02,        +8.581001929354e+01
 2.48355000e+00,        -2.994228301915e-02,        +8.578430273511e+01
 2.48357500e+00,        -2.993331331252e-02,        +8.575859700961e+01
 2.48360000e+00,        -2.992434893158e-02,        +8.573290209966e+01
 2.48362500e+00,        -2.991538987381e-02,        +8.570721798794e+01
 2.48365000e+00,        -2.990643612353e-02,        +8.568154465712e+01
 2.48367500e+00,        -2.989748767646e-02,        +8.565588208995e+01
 2.48370000e+00,        -2.988854451894e-02,        +8.563023026919e+01
 2.48372500e+00,        -2.987960664688e-02,        +8.560458917766e+01
 2.48375000e+00,        -2.987067404919e-02,        +8.557895879819e+01
 2.48377500e+00,        -2.986174671839e-02,        +8.555333911370e+01
 2.48380000e+00,        -2.985282464705e-02,        +8.552773010706e+01
 2.48382500e+00,        -2.984390782099e-02,        +8.550213176124e+01
 2.48385000e+00,        -2.983499623839e-02,        +8.547654405924e+01
 2.48387500e+00,        -2.982608988762e-02,        +8.545096698409e+01
 2.48390000e+00,        -2.981718875810e-02,        +8.542540051886e+01
 2.48392500e+00,        -2.980829284389e-02,        +8.539984464663e+01
 2.48395000e+00,        -2.979940213685e-02,        +8.537429935056e+01
 2.48397500e+00,        -2.979051662853e-02,        +8.534876461380e+01
 2.48400000e+00,        -2.978163630724e-02,        +8.532324041959e+01
 2.48402500e+00,        -2.977276116831e-02,        +8.529772675112e+01
 2.48405000e+00,        -2.976389120185e-02,        +8.527222359174e+01
 2.48407500e+00,        -2.975502639732e-02,        +8.524673092472e+01
 2.48410000e+00,        -2.974616675088e-02,        +8.522124873341e+01
 2.48412500e+00,        -2.973731224890e-02,        +8.519577700122e+01
 2.48415000e+00,        -2.972846288739e-02,        +8.517031571157e+01
 2.48417500e+00,        -2.971961865609e-02,        +8.514486484789e+01
 2.48420000e+00,        -2.971077954693e-02,        +8.511942439369e+01
 2.48422500e+00,        -2.970194555183e-02,        +8.509399433250e+01
 2.48425000e+00,        -2.969311666062e-02,        +8.506857464788e+01
 2.48427500e+00,        -2.968429286852e-02,        +8.504316532344e+01
 2.48430000e+00,        -2.967547416522e-02,        +8.501776634279e+01
 2.48432500e+00,        -2.966666054392e-02,        +8.499237768960e+01
 2.48435000e+00,        -2.965785199235e-02,        +8.496699934757e+01
 2.48437500e+00,        -2.964904850723e-02,        +8.494163130044e+01
 2.48440000e+00,        -2.964025007937e-02,        +8.491627353199e+01
 2.48442500e+00,        -2.963145669859e-02,        +8.489092602600e+01
 2.48445000e+00,        -2.962266835713e-02,        +8.486558876632e+01
 2.48447500e+00,        -2.961388505035e-02,        +8.484026173681e+01
 2.48450000e+00,        -2.960510676499e-02,        +8.481494492141e+01
 2.48452500e+00,        -2.959633349668e-02,        +8.478963830402e+01
 2.48455000e+00,        -2.958756523550e-02,        +8.476434186864e+01
 2.48457500e+00,        -2.957880197579e-02,        +8.473905559926e+01
 2.48460000e+00,        -2.957004370743e-02,        +8.471377947991e+01
 2.48462500e+00,        -2.956129042209e-02,        +8.468851349469e+01
 2.48465000e+00,        -2.955254211454e-02,        +8.466325762770e+01
 2.48467500e+00,        -2.954379877386e-02,        +8.463801186306e+01
 2.48470000e+00,        -2.953506039441e-02,        +8.461277618497e+01
 2.48472500e+00,        -2.952632696536e-02,        +8.458755057761e+01
 2.48475000e+00,        -2.951759848204e-02,        +8.456233502523e+01
 2.48477500e+00,        -2.950887493564e-02,        +8.453712951212e+01
 2.48480000e+00,        -2.950015631880e-02,        +8.451193402256e+01
 2.48482500e+00,        -2.949144262229e-02,        +8.448674854090e+01
 2.48485000e+00,        -2.948273383692e-02,        +8.446157305150e+01
 2.48487500e+00,        -2.947402995854e-02,        +8.443640753878e+01
 2.48490000e+00,        -2.946533097943e-02,        +8.441125198716e+01
 2.48492500e+00,        -2.945663688918e-02,        +8.438610638110e+01
 2.48495000e+00,        -2.944794768047e-02,        +8.436097070511e+01
 2.48497500e+00,        -2.943926334762e-02,        +8.433584494373e+01
 2.48500000e+00,        -2.943058388167e-02,        +8.431072908153e+01
 2.48502500e+00,        -2.942190927327e-02,        +8.428562310306e+01
 2.48505000e+00,        -2.941323951637e-02,        +8.426052699298e+01
 2.48507500e+00,        -2.940457460729e-02,        +8.423544073596e+01
 2.48510000e+00,        -2.939591453176e-02,        +8.421036431668e+01
 2.48512500e+00,        -2.938725928521e-02,        +8.418529771984e+01
 2.48515000e+00,        -2.937860886084e-02,        +8.416024093023e+01
 2.48517500e+00,        -2.936996325115e-02,        +8.413519393261e+01
 2.48520000e+00,        -2.936132244519e-02,        +8.411015671180e+01
 2.48522500e+00,        -2.935268643951e-02,        +8.408512925267e+01
 2.48525000e+00,        -2.934405522410e-02,        +8.406011154005e+01
 2.48527500e+00,        -2.933542879472e-02,        +8.403510355891e+01
 2.48530000e+00,        -2.932680714003e-02,        +8.401010529415e+01
 2.48532500e+00,        -2.931819025395e-02,        +8.398511673075e+01
 2.48535000e+00,        -2.930957813062e-02,        +8.396013785372e+01
 2.48537500e+00,        -2.930097076089e-02,        +8.393516864807e+01
 2.48540000e+00,        -2.929236813894e-02,        +8.391020909891e+01
 2.48542500e+00,        -2.928377025538e-02,        +8.388525919130e+01
 2.48545000e+00,        -2.927517710407e-02,        +8.386031891036e+01
 2.48547500e+00,        -2.926658867787e-02,        +8.383538824127e+01
 2.48550000e+00,        -2.925800496877e-02,        +8.381046716919e+01
 2.48552500e+00,        -2.924942597082e-02,        +8.378555567937e+01
 2.48555000e+00,        -2.924085167510e-02,        +8.376065375701e+01
 2.48557500e+00,        -2.923228207596e-02,        +8.373576138742e+01
 2.48560000e+00,        -2.922371716451e-02,        +8.371087855588e+01
 2.48562500e+00,        -2.921515693384e-02,        +8.368600524776e+01
 2.48565000e+00,        -2.920660137928e-02,        +8.366114144840e+01
 2.48567500e+00,        -2.919805049024e-02,        +8.363628714320e+01
 2.48570000e+00,        -2.918950426093e-02,        +8.361144231759e+01
 2.48572500e+00,        -2.918096268504e-02,        +8.358660695703e+01
 2.48575000e+00,        -2.917242575375e-02,        +8.356178104698e+01
 2.48577500e+00,        -2.916389346286e-02,        +8.353696457296e+01
 2.48580000e+00,        -2.915536580093e-02,        +8.351215752054e+01
 2.48582500e+00,        -2.914684276474e-02,        +8.348735987526e+01
 2.48585000e+00,        -2.913832434571e-02,        +8.346257162273e+01
 2.48587500e+00,        -2.912981053665e-02,        +8.343779274859e+01
 2.48590000e+00,        -2.912130133013e-02,        +8.341302323848e+01
 2.48592500e+00,        -2.911279672142e-02,        +8.338826307810e+01
 2.48595000e+00,        -2.910429670066e-02,        +8.336351225317e+01
 2.48597500e+00,        -2.909580126136e-02,        +8.333877074944e+01
 2.48600000e+00,        -2.908731039985e-02,        +8.331403855266e+01
 2.48602500e+00,        -2.907882410557e-02,        +8.328931564864e+01
 2.48605000e+00,        -2.907034237279e-02,        +8.326460202323e+01
 2.48607500e+00,        -2.906186519472e-02,        +8.323989766227e+01
 2.48610000e+00,        -2.905339256332e-02,        +8.321520255165e+01
 2.48612500e+00,        -2.904492447541e-02,        +8.319051667730e+01
 2.48615000e+00,        -2.903646091939e-02,        +8.316584002515e+01
 2.48617500e+00,        -2.902800188989e-02,        +8.314117258117e+01
 2.48620000e+00,        -2.901954738390e-02,        +8.311651433138e+01
 2.48622500e+00,        -2.901109738916e-02,        +8.309186526178e+01
 2.48625000e+00,        -2.900265190043e-02,        +8.306722535844e+01
 2.48627500e+00,        -2.899421091295e-02,        +8.304259460745e+01
 2.48630000e+00,        -2.898577442043e-02,        +8.301797299491e+01
 2.48632500e+00,        -2.897734241156e-02,        +8.299336050697e+01
 2.48635000e+00,        -2.896891488468e-02,        +8.296875712980e+01
 2.48637500e+00,        -2.896049182844e-02,        +8.294416284957e+01
 2.48640000e+00,        -2.895207324107e-02,        +8.291957765252e+01
 2.48642500e+00,        -2.894365911423e-02,        +8.289500152491e+01
 2.48645000e+00,        -2.893524943995e-02,        +8.287043445299e+01
 2.48647500e+00,        -2.892684421001e-02,        +8.284587642307e+01
 2.48650000e+00,        -2.891844342220e-02,        +8.282132742150e+01
 2.48652500e+00,        -2.891004706703e-02,        +8.279678743461e+01
 2.48655000e+00,        -2.890165513965e-02,        +8.277225644881e+01
 2.48657500e+00,        -2.889326763090e-02,        +8.274773445050e+01
 2.48660000e+00,        -2.888488453571e-02,        +8.272322142612e+01
 2.48662500e+00,        -2.887650584808e-02,        +8.269871736212e+01
 2.48665000e+00,        -2.886813156188e-02,        +8.267422224502e+01
 2.48667500e+00,        -2.885976166881e-02,        +8.264973606131e+01
 2.48670000e+00,        -2.885139616351e-02,        +8.262525879756e+01
 2.48672500e+00,        -2.884303504106e-02,        +8.260079044033e+01
 2.48675000e+00,        -2.883467829006e-02,        +8.257633097622e+01
 2.48677500e+00,        -2.882632590920e-02,        +8.255188039185e+01
 2.48680000e+00,        -2.881797789015e-02,        +8.252743867386e+01
 2.48682500e+00,        -2.880963422607e-02,        +8.250300580894e+01
 2.48685000e+00,        -2.880129491114e-02,        +8.247858178381e+01
 2.48687500e+00,        -2.879295993933e-02,        +8.245416658516e+01
 2.48690000e+00,        -2.878462930265e-02,        +8.242976019977e+01
 2.48692500e+00,        -2.877630299597e-02,        +8.240536261442e+01
 2.48695000e+00,        -2.876798101474e-02,        +8.238097381590e+01
 2.48697500e+00,        -2.875966334878e-02,        +8.235659379107e+01
 2.48700000e+00,        -2.875134999523e-02,        +8.233222252675e+01
 2.48702500e+00,        -2.874304094492e-02,        +8.230786000986e+01
 2.48705000e+00,        -2.873473619272e-02,        +8.228350622728e+01
 2.48707500e+00,        -2.872643573466e-02,        +8.225916116596e+01
 2.48710000e+00,        -2.871813956004e-02,        +8.223482481286e+01
 2.48712500e+00,        -2.870984766689e-02,        +8.221049715497e+01
 2.48715000e+00,        -2.870156004594e-02,        +8.218617817927e+01
 2.48717500e+00,        -2.869327669352e-02,        +8.216186787284e+01
 2.48720000e+00,        -2.868499760268e-02,        +8.213756622271e+01
 2.48722500e+00,        -2.867672276514e-02,        +8.211327321597e+01
 2.48725000e+00,        -2.866845217634e-02,        +8.208898883975e+01
 2.48727500e+00,        -2.866018583153e-02,        +8.206471308116e+01
 2.48730000e+00,        -2.865192372257e-02,        +8.204044592737e+01
 2.48732500e+00,        -2.864366584385e-02,        +8.201618736557e+01
 2.48735000e+00,        -2.863541218868e-02,        +8.199193738297e+01
 2.48737500e+00,        -2.862716275093e-02,        +8.196769596679e+01
 2.48740000e+00,        -2.861891752859e-02,        +8.194346310431e+01
 2.48742500e+00,        -2.861067651029e-02,        +8.191923878280e+01
 2.48745000e+00,        -2.860243969113e-02,        +8.189502298958e+01
 2.48747500e+00,        -2.859420706680e-02,        +8.187081571197e+01
 2.48750000e+00,        -2.858597863170e-02,        +8.184661693734e+01
 2.48752500e+00,        -2.857775437646e-02,        +8.182242665306e+01
 2.48755000e+00,        -2.856953429853e-02,        +8.179824484654e+01
 2.48757500e+00,        -2.856131839030e-02,        +8.177407150521e+01
 2.48760000e+00,        -2.855310664789e-02,        +8.174990661653e+01
 2.48762500e+00,        -2.854489906094e-02,        +8.172575016796e+01
 2.48765000e+00,        -2.853669562776e-02,        +8.170160214702e+01
 2.48767500e+00,        -2.852849634013e-02,        +8.167746254123e+01
 2.48770000e+00,        -2.852030119304e-02,        +8.165333133814e+01
 2.48772500e+00,        -2.851211018082e-02,        +8.162920852531e+01
 2.48775000e+00,        -2.850392329696e-02,        +8.160509409035e+01
 2.48777500e+00,        -2.849574053666e-02,        +8.158098802089e+01
 2.48780000e+00,        -2.848756189189e-02,        +8.155689030456e+01
 2.48782500e+00,        -2.847938735995e-02,        +8.153280092902e+01
 2.48785000e+00,        -2.847121693202e-02,        +8.150871988198e+01
 2.48787500e+00,        -2.846305060482e-02,        +8.148464715115e+01
 2.48790000e+00,        -2.845488836953e-02,        +8.146058272426e+01
 2.48792500e+00,        -2.844673022317e-02,        +8.143652658908e+01
 2.48795000e+00,        -2.843857616025e-02,        +8.141247873338e+01
 2.48797500e+00,        -2.843042617166e-02,        +8.138843914497e+01
 2.48800000e+00,        -2.842228025526e-02,        +8.136440781170e+01
 2.48802500e+00,        -2.841413840342e-02,        +8.134038472141e+01
 2.48805000e+00,        -2.840600061075e-02,        +8.131636986198e+01
 2.48807500e+00,        -2.839786687352e-02,        +8.129236322130e+01
 2.48810000e+00,        -2.838973718100e-02,        +8.126836478729e+01
 2.48812500e+00,        -2.838161153376e-02,        +8.124437454792e+01
 2.48815000e+00,        -2.837348992203e-02,        +8.122039249114e+01
 2.48817500e+00,        -2.836537233926e-02,        +8.119641860492e+01
 2.48820000e+00,        -2.835725878440e-02,        +8.117245287731e+01
 2.48822500e+00,        -2.834914924865e-02,        +8.114849529632e+01
 2.48825000e+00,        -2.834104372628e-02,        +8.112454585003e+01
 2.48827500e+00,        -2.833294221329e-02,        +8.110060452649e+01
 2.48830000e+00,        -2.832484470255e-02,        +8.107667131382e+01
 2.48832500e+00,        -2.831675119113e-02,        +8.105274620016e+01
 2.48835000e+00,        -2.830866167014e-02,        +8.102882917363e+01
 2.48837500e+00,        -2.830057613574e-02,        +8.100492022241e+01
 2.48840000e+00,        -2.829249458248e-02,        +8.098101933470e+01
 2.48842500e+00,        -2.828441700328e-02,        +8.095712649870e+01
 2.48845000e+00,        -2.827634339549e-02,        +8.093324170265e+01
 2.48847500e+00,        -2.826827375061e-02,        +8.090936493481e+01
 2.48850000e+00,        -2.826020806491e-02,        +8.088549618346e+01
 2.48852500e+00,        -2.825214633294e-02,        +8.086163543690e+01
 2.48855000e+00,        -2.824408854951e-02,        +8.083778268345e+01
 2.48857500e+00,        -2.823603470769e-02,        +8.081393791145e+01
 2.48860000e+00,        -2.822798480362e-02,        +8.079010110927e+01
 2.48862500e+00,        -2.821993882938e-02,        +8.076627226531e+01
 2.48865000e+00,        -2.821189678343e-02,        +8.074245136796e+01
 2.48867500e+00,        -2.820385865817e-02,        +8.071863840567e+01
 2.48870000e+00,        -2.819582444947e-02,        +8.069483336686e+01
 2.48872500e+00,        -2.818779414846e-02,        +8.067103624005e+01
 2.48875000e+00,        -2.817976775435e-02,        +8.064724701371e+01
 2.48877500e+00,        -2.817174525901e-02,        +8.062346567635e+01
 2.48880000e+00,        -2.816372665646e-02,        +8.059969221651e+01
 2.48882500e+00,        -2.815571194496e-02,        +8.057592662276e+01
 2.48885000e+00,        -2.814770111543e-02,        +8.055216888367e+01
 2.48887500e+00,        -2.813969416411e-02,        +8.052841898784e+01
 2.48890000e+00,        -2.813169108782e-02,        +8.050467692391e+01
 2.48892500e+00,        -2.812369187869e-02,        +8.048094268050e+01
 2.48895000e+00,        -2.811569653117e-02,        +8.045721624627e+01
 2.48897500e+00,        -2.810770504168e-02,        +8.043349760993e+01
 2.48900000e+00,        -2.809971740350e-02,        +8.040978676017e+01
 2.48902500e+00,        -2.809173361286e-02,        +8.038608368571e+01
 2.48905000e+00,        -2.808375366217e-02,        +8.036238837529e+01
 2.48907500e+00,        -2.807577754984e-02,        +8.033870081771e+01
 2.48910000e+00,        -2.806780526853e-02,        +8.031502100173e+01
 2.48912500e+00,        -2.805983681264e-02,        +8.029134891617e+01
 2.48915000e+00,        -2.805187217805e-02,        +8.026768454986e+01
 2.48917500e+00,        -2.804391136168e-02,        +8.024402789163e+01
 2.48920000e+00,        -2.803595435295e-02,        +8.022037893037e+01
 2.48922500e+00,        -2.802800115061e-02,        +8.019673765495e+01
 2.48925000e+00,        -2.802005174907e-02,        +8.017310405430e+01
 2.48927500e+00,        -2.801210614191e-02,        +8.014947811734e+01
 2.48930000e+00,        -2.800416432580e-02,        +8.012585983303e+01
 2.48932500e+00,        -2.799622629719e-02,        +8.010224919033e+01
 2.48935000e+00,        -2.798829204489e-02,        +8.007864617823e+01
 2.48937500e+00,        -2.798036156948e-02,        +8.005505078573e+01
 2.48940000e+00,        -2.797243486465e-02,        +8.003146300189e+01
 2.48942500e+00,        -2.796451192443e-02,        +8.000788281573e+01
 2.48945000e+00,        -2.795659274453e-02,        +7.998431021633e+01
 2.48947500e+00,        -2.794867731903e-02,        +7.996074519279e+01
 2.48950000e+00,        -2.794076564376e-02,        +7.993718773420e+01
 2.48952500e+00,        -2.793285771416e-02,        +7.991363782973e+01
 2.48955000e+00,        -2.792495352439e-02,        +7.989009546847e+01
 2.48957500e+00,        -2.791705306863e-02,        +7.986656063962e+01
 2.48960000e+00,        -2.790915634541e-02,        +7.984303333237e+01
 2.48962500e+00,        -2.790126334647e-02,        +7.981951353592e+01
 2.48965000e+00,        -2.789337406790e-02,        +7.979600123949e+01
 2.48967500e+00,        -2.788548850327e-02,        +7.977249643234e+01
 2.48970000e+00,        -2.787760665189e-02,        +7.974899910374e+01
 2.48972500e+00,        -2.786972850451e-02,        +7.972550924295e+01
 2.48975000e+00,        -2.786185405822e-02,        +7.970202683928e+01
 2.48977500e+00,        -2.785398330878e-02,        +7.967855188207e+01
 2.48980000e+00,        -2.784611625046e-02,        +7.965508436065e+01
 2.48982500e+00,        -2.783825287584e-02,        +7.963162426437e+01
 2.48985000e+00,        -2.783039318411e-02,        +7.960817158264e+01
 2.48987500e+00,        -2.782253717038e-02,        +7.958472630484e+01
 2.48990000e+00,        -2.781468482808e-02,        +7.956128842038e+01
 2.48992500e+00,        -2.780683615104e-02,        +7.953785791871e+01
 2.48995000e+00,        -2.779899113802e-02,        +7.951443478928e+01
 2.48997500e+00,        -2.779114978139e-02,        +7.949101902156e+01
 2.49000000e+00,        -2.778331207706e-02,        +7.946761060506e+01
 2.49002500e+00,        -2.777547802131e-02,        +7.944420952927e+01
 2.49005000e+00,        -2.776764760804e-02,        +7.942081578374e+01
 2.49007500e+00,        -2.775982083504e-02,        +7.939742935800e+01
 2.49010000e+00,        -2.775199769400e-02,        +7.937405024164e+01
 2.49012500e+00,        -2.774417818300e-02,        +7.935067842422e+01
 2.49015000e+00,        -2.773636229403e-02,        +7.932731389537e+01
 2.49017500e+00,        -2.772855002690e-02,        +7.930395664469e+01
 2.49020000e+00,        -2.772074137384e-02,        +7.928060666183e+01
 2.49022500e+00,        -2.771293633117e-02,        +7.925726393646e+01
 2.49025000e+00,        -2.770513489446e-02,        +7.923392845825e+01
 2.49027500e+00,        -2.769733705793e-02,        +7.921060021689e+01
 2.49030000e+00,        -2.768954281843e-02,        +7.918727920209e+01
 2.49032500e+00,        -2.768175216846e-02,        +7.916396540360e+01
 2.49035000e+00,        -2.767396510707e-02,        +7.914065881116e+01
 2.49037500e+00,        -2.766618162865e-02,        +7.911735941454e+01
 2.49040000e+00,        -2.765840172801e-02,        +7.909406720353e+01
 2.49042500e+00,        -2.765062540039e-02,        +7.907078216793e+01
 2.49045000e+00,        -2.764285264026e-02,        +7.904750429755e+01
 2.49047500e+00,        -2.763508344585e-02,        +7.902423358226e+01
 2.49050000e+00,        -2.762731780973e-02,        +7.900097001188e+01
 2.49052500e+00,        -2.761955572920e-02,        +7.897771357631e+01
 2.49055000e+00,        -2.761179719898e-02,        +7.895446426544e+01
 2.49057500e+00,        -2.760404221460e-02,        +7.893122206918e+01
 2.49060000e+00,        -2.759629077128e-02,        +7.890798697746e+01
 2.49062500e+00,        -2.758854286575e-02,        +7.888475898023e+01
 2.49065000e+00,        -2.758079849138e-02,        +7.886153806743e+01
 2.49067500e+00,        -2.757305764457e-02,        +7.883832422907e+01
 2.49070000e+00,        -2.756532032329e-02,        +7.881511745513e+01
 2.49072500e+00,        -2.755758651949e-02,        +7.879191773563e+01
 2.49075000e+00,        -2.754985623108e-02,        +7.876872506062e+01
 2.49077500e+00,        -2.754212945088e-02,        +7.874553942011e+01
 2.49080000e+00,        -2.753440617818e-02,        +7.872236080421e+01
 2.49082500e+00,        -2.752668640417e-02,        +7.869918920298e+01
 2.49085000e+00,        -2.751897013037e-02,        +7.867602460654e+01
 2.49087500e+00,        -2.751125734636e-02,        +7.865286700499e+01
 2.49090000e+00,        -2.750354805217e-02,        +7.862971638848e+01
 2.49092500e+00,        -2.749584223950e-02,        +7.860657274716e+01
 2.49095000e+00,        -2.748813990815e-02,        +7.858343607120e+01
 2.49097500e+00,        -2.748044105011e-02,        +7.856030635079e+01
 2.49100000e+00,        -2.747274566278e-02,        +7.853718357612e+01
 2.49102500e+00,        -2.746505374181e-02,        +7.851406773743e+01
 2.49105000e+00,        -2.745736528301e-02,        +7.849095882495e+01
 2.49107500e+00,        -2.744968028037e-02,        +7.846785682894e+01
 2.49110000e+00,        -2.744199873229e-02,        +7.844476173966e+01
 2.49112500e+00,        -2.743432063298e-02,        +7.842167354740e+01
 2.49115000e+00,        -2.742664597796e-02,        +7.839859224248e+01
 2.49117500e+00,        -2.741897476090e-02,        +7.837551781520e+01
 2.49120000e+00,        -2.741130698165e-02,        +7.835245025591e+01
 2.49122500e+00,        -2.740364263491e-02,        +7.832938955497e+01
 2.49125000e+00,        -2.739598171511e-02,        +7.830633570275e+01
 2.49127500e+00,        -2.738832421736e-02,        +7.828328868961e+01
 2.49130000e+00,        -2.738067013933e-02,        +7.826024850600e+01
 2.49132500e+00,        -2.737301947711e-02,        +7.823721514230e+01
 2.49135000e+00,        -2.736537222212e-02,        +7.821418858897e+01
 2.49137500e+00,        -2.735772837615e-02,        +7.819116883646e+01
 2.49140000e+00,        -2.735008793065e-02,        +7.816815587522e+01
 2.49142500e+00,        -2.734245088472e-02,        +7.814514969577e+01
 2.49145000e+00,        -2.733481723063e-02,        +7.812215028857e+01
 2.49147500e+00,        -2.732718696582e-02,        +7.809915764417e+01
 2.49150000e+00,        -2.731956008759e-02,        +7.807617175309e+01
 2.49152500e+00,        -2.731193659024e-02,        +7.805319260590e+01
 2.49155000e+00,        -2.730431646931e-02,        +7.803022019313e+01
 2.49157500e+00,        -2.729669972078e-02,        +7.800725450539e+01
 2.49160000e+00,        -2.728908634148e-02,        +7.798429553326e+01
 2.49162500e+00,        -2.728147632556e-02,        +7.796134326736e+01
 2.49165000e+00,        -2.727386967350e-02,        +7.793839769834e+01
 2.49167500e+00,        -2.726626637441e-02,        +7.791545881680e+01
 2.49170000e+00,        -2.725866642877e-02,        +7.789252661343e+01
 2.49172500e+00,        -2.725106983114e-02,        +7.786960107892e+01
 2.49175000e+00,        -2.724347657752e-02,        +7.784668220394e+01
 2.49177500e+00,        -2.723588666477e-02,        +7.782376997921e+01
 2.49180000e+00,        -2.722830008785e-02,        +7.780086439544e+01
 2.49182500e+00,        -2.722071684031e-02,        +7.777796544338e+01
 2.49185000e+00,        -2.721313692189e-02,        +7.775507311378e+01
 2.49187500e+00,        -2.720556032876e-02,        +7.773218739742e+01
 2.49190000e+00,        -2.719798705447e-02,        +7.770930828507e+01
 2.49192500e+00,        -2.719041709619e-02,        +7.768643576755e+01
 2.49195000e+00,        -2.718285044828e-02,        +7.766356983565e+01
 2.49197500e+00,        -2.717528710858e-02,        +7.764071048022e+01
 2.49200000e+00,        -2.716772707418e-02,        +7.761785769212e+01
 2.49202500e+00,        -2.716017033851e-02,        +7.759501146219e+01
 2.49205000e+00,        -2.715261689761e-02,        +7.757217178132e+01
 2.49207500e+00,        -2.714506675011e-02,        +7.754933864038e+01
 2.49210000e+00,        -2.713751989054e-02,        +7.752651203031e+01
 2.49212500e+00,        -2.712997631339e-02,        +7.750369194201e+01
 2.49215000e+00,        -2.712243601651e-02,        +7.748087836644e+01
 2.49217500e+00,        -2.711489899565e-02,        +7.745807129452e+01
 2.49220000e+00,        -2.710736524801e-02,        +7.743527071726e+01
 2.49222500e+00,        -2.709983476614e-02,        +7.741247662561e+01
 2.49225000e+00,        -2.709230755149e-02,        +7.738968901058e+01
 2.49227500e+00,        -2.708478359600e-02,        +7.736690786319e+01
 2.49230000e+00,        -2.707726289617e-02,        +7.734413317445e+01
 2.49232500e+00,        -2.706974545122e-02,        +7.732136493542e+01
 2.49235000e+00,        -2.706223125224e-02,        +7.729860313716e+01
 2.49237500e+00,        -2.705472030026e-02,        +7.727584777072e+01
 2.49240000e+00,        -2.704721258793e-02,        +7.725309882720e+01
 2.49242500e+00,        -2.703970811282e-02,        +7.723035629770e+01
 2.49245000e+00,        -2.703220687292e-02,        +7.720762017335e+01
 2.49247500e+00,        -2.702470886065e-02,        +7.718489044527e+01
 2.49250000e+00,        -2.701721407519e-02,        +7.716216710459e+01
 2.49252500e+00,        -2.700972250890e-02,        +7.713945014249e+01
 2.49255000e+00,        -2.700223416289e-02,        +7.711673955014e+01
 2.49257500e+00,        -2.699474903168e-02,        +7.709403531873e+01
 2.49260000e+00,        -2.698726710945e-02,        +7.707133743945e+01
 2.49262500e+00,        -2.697978839521e-02,        +7.704864590353e+01
 2.49265000e+00,        -2.697231288320e-02,        +7.702596070221e+01
 2.49267500e+00,        -2.696484057114e-02,        +7.700328182672e+01
 2.49270000e+00,        -2.695737145326e-02,        +7.698060926833e+01
 2.49272500e+00,        -2.694990552744e-02,        +7.695794301831e+01
 2.49275000e+00,        -2.694244278866e-02,        +7.693528306796e+01
 2.49277500e+00,        -2.693498323610e-02,        +7.691262940857e+01
 2.49280000e+00,        -2.692752686223e-02,        +7.688998203146e+01
 2.49282500e+00,        -2.692007366506e-02,        +7.686734092796e+01
 2.49285000e+00,        -2.691262364217e-02,        +7.684470608943e+01
 2.49287500e+00,        -2.690517678870e-02,        +7.682207750721e+01
 2.49290000e+00,        -2.689773309954e-02,        +7.679945517268e+01
 2.49292500e+00,        -2.689029257258e-02,        +7.677683907724e+01
 2.49295000e+00,        -2.688285520422e-02,        +7.675422921227e+01
 2.49297500e+00,        -2.687542099081e-02,        +7.673162556921e+01
 2.49300000e+00,        -2.686798992675e-02,        +7.670902813947e+01
 2.49302500e+00,        -2.686056201211e-02,        +7.668643691450e+01
 2.49305000e+00,        -2.685313723907e-02,        +7.666385188576e+01
 2.49307500e+00,        -2.684571560820e-02,        +7.664127304471e+01
 2.49310000e+00,        -2.683829711224e-02,        +7.661870038285e+01
 2.49312500e+00,        -2.683088174803e-02,        +7.659613389166e+01
 2.49315000e+00,        -2.682346951474e-02,        +7.657357356267e+01
 2.49317500e+00,        -2.681606040650e-02,        +7.655101938739e+01
 2.49320000e+00,        -2.680865442035e-02,        +7.652847135737e+01
 2.49322500e+00,        -2.680125155137e-02,        +7.650592946416e+01
 2.49325000e+00,        -2.679385179799e-02,        +7.648339369932e+01
 2.49327500e+00,        -2.678645515448e-02,        +7.646086405444e+01
 2.49330000e+00,        -2.677906162154e-02,        +7.643834052110e+01
 2.49332500e+00,        -2.677167118872e-02,        +7.641582309092e+01
 2.49335000e+00,        -2.676428385945e-02,        +7.639331175552e+01
 2.49337500e+00,        -2.675689962503e-02,        +7.637080650651e+01
 2.49340000e+00,        -2.674951848483e-02,        +7.634830733557e+01
 2.49342500e+00,        -2.674214043594e-02,        +7.632581423433e+01
 2.49345000e+00,        -2.673476547276e-02,        +7.630332719449e+01
 2.49347500e+00,        -2.672739359101e-02,        +7.628084620772e+01
 2.49350000e+00,        -2.672002478872e-02,        +7.625837126572e+01
 2.49352500e+00,        -2.671265906327e-02,        +7.623590236020e+01
 2.49355000e+00,        -2.670529640786e-02,        +7.621343948289e+01
 2.49357500e+00,        -2.669793682327e-02,        +7.619098262555e+01
 2.49360000e+00,        -2.669058030310e-02,        +7.616853177990e+01
 2.49362500e+00,        -2.668322684629e-02,        +7.614608693772e+01
 2.49365000e+00,        -2.667587644694e-02,        +7.612364809079e+01
 2.49367500e+00,        -2.666852910313e-02,        +7.610121523090e+01
 2.49370000e+00,        -2.666118480973e-02,        +7.607878834985e+01
 2.49372500e+00,        -2.665384356481e-02,        +7.605636743945e+01
 2.49375000e+00,        -2.664650536323e-02,        +7.603395249154e+01
 2.49377500e+00,        -2.663917020538e-02,        +7.601154349797e+01
 2.49380000e+00,        -2.663183808299e-02,        +7.598914045059e+01
 2.49382500e+00,        -2.662450899596e-02,        +7.596674334126e+01
 2.49385000e+00,        -2.661718294031e-02,        +7.594435216187e+01
 2.49387500e+00,        -2.660985991077e-02,        +7.592196690431e+01
 2.49390000e+00,        -2.660253990627e-02,        +7.589958756049e+01
 2.49392500e+00,        -2.659522292347e-02,        +7.587721412232e+01
 2.49395000e+00,        -2.658790895603e-02,        +7.585484658174e+01
 2.49397500e+00,        -2.658059800319e-02,        +7.583248493070e+01
 2.49400000e+00,        -2.657329006254e-02,        +7.581012916115e+01
 2.49402500e+00,        -2.656598512848e-02,        +7.578777926506e+01
 2.49405000e+00,        -2.655868319691e-02,        +7.576543523441e+01
 2.49407500e+00,        -2.655138426806e-02,        +7.574309706120e+01
 2.49410000e+00,        -2.654408833510e-02,        +7.572076473743e+01
 2.49412500e+00,        -2.653679539569e-02,        +7.569843825514e+01
 2.49415000e+00,        -2.652950544776e-02,        +7.567611760633e+01
 2.49417500e+00,        -2.652221848679e-02,        +7.565380278307e+01
 2.49420000e+00,        -2.651493450908e-02,        +7.563149377740e+01
 2.49422500e+00,        -2.650765351351e-02,        +7.560919058140e+01
 2.49425000e+00,        -2.650037549370e-02,        +7.558689318716e+01
 2.49427500e+00,        -2.649310045018e-02,        +7.556460158675e+01
 2.49430000e+00,        -2.648582837564e-02,        +7.554231577228e+01
 2.49432500e+00,        -2.647855926949e-02,        +7.552003573589e+01
 2.49435000e+00,        -2.647129312677e-02,        +7.549776146969e+01
 2.49437500e+00,        -2.646402994652e-02,        +7.547549296583e+01
 2.49440000e+00,        -2.645676972277e-02,        +7.545323021646e+01
 2.49442500e+00,        -2.644951245309e-02,        +7.543097321375e+01
 2.49445000e+00,        -2.644225813612e-02,        +7.540872194988e+01
 2.49447500e+00,        -2.643500676662e-02,        +7.538647641705e+01
 2.49450000e+00,        -2.642775834260e-02,        +7.536423660743e+01
 2.49452500e+00,        -2.642051285806e-02,        +7.534200251326e+01
 2.49455000e+00,        -2.641327031334e-02,        +7.531977412676e+01
 2.49457500e+00,        -2.640603070301e-02,        +7.529755144018e+01
 2.49460000e+00,        -2.639879402651e-02,        +7.527533444576e+01
 2.49462500e+00,        -2.639156027668e-02,        +7.525312313576e+01
 2.49465000e+00,        -2.638432945328e-02,        +7.523091750245e+01
 2.49467500e+00,        -2.637710155409e-02,        +7.520871753814e+01
 2.49470000e+00,        -2.636987657199e-02,        +7.518652323509e+01
 2.49472500e+00,        -2.636265450676e-02,        +7.516433458565e+01
 2.49475000e+00,        -2.635543535350e-02,        +7.514215158210e+01
 2.49477500e+00,        -2.634821911080e-02,        +7.511997421680e+01
 2.49480000e+00,        -2.634100577484e-02,        +7.509780248209e+01
 2.49482500e+00,        -2.633379534123e-02,        +7.507563637031e+01
 2.49485000e+00,        -2.632658781012e-02,        +7.505347587386e+01
 2.49487500e+00,        -2.631938317478e-02,        +7.503132098510e+01
 2.49490000e+00,        -2.631218143353e-02,        +7.500917169641e+01
 2.49492500e+00,        -2.630498258300e-02,        +7.498702800019e+01
 2.49495000e+00,        -2.629778662098e-02,        +7.496488988889e+01
 2.49497500e+00,        -2.629059354374e-02,        +7.494275735489e+01
 2.49500000e+00,        -2.628340334808e-02,        +7.492063039066e+01
 2.49502500e+00,        -2.627621603105e-02,        +7.489850898863e+01
 2.49505000e+00,        -2.626903158959e-02,        +7.487639314127e+01
 2.49507500e+00,        -2.626185001930e-02,        +7.485428284104e+01
 2.49510000e+00,        -2.625467132002e-02,        +7.483217808044e+01
 2.49512500e+00,        -2.624749548731e-02,        +7.481007885193e+01
 2.49515000e+00,        -2.624032251585e-02,        +7.478798514804e+01
 2.49517500e+00,        -2.623315240619e-02,        +7.476589696130e+01
 2.49520000e+00,        -2.622598515336e-02,        +7.474381428419e+01
 2.49522500e+00,        -2.621882075368e-02,        +7.472173710929e+01
 2.49525000e+00,        -2.621165920695e-02,        +7.469966542914e+01
 2.49527500e+00,        -2.620450050665e-02,        +7.467759923628e+01
 2.49530000e+00,        -2.619734465155e-02,        +7.465553852331e+01
 2.49532500e+00,        -2.619019164001e-02,        +7.463348328280e+01
 2.49535000e+00,        -2.618304146600e-02,        +7.461143350734e+01
 2.49537500e+00,        -2.617589412972e-02,        +7.458938918954e+01
 2.49540000e+00,        -2.616874962453e-02,        +7.456735032202e+01
 2.49542500e+00,        -2.616160795002e-02,        +7.454531689739e+01
 2.49545000e+00,        -2.615446910375e-02,        +7.452328890831e+01
 2.49547500e+00,        -2.614733307891e-02,        +7.450126634740e+01
 2.49550000e+00,        -2.614019987745e-02,        +7.447924920735e+01
 2.49552500e+00,        -2.613306949283e-02,        +7.445723748081e+01
 2.49555000e+00,        -2.612594192432e-02,        +7.443523116048e+01
 2.49557500e+00,        -2.611881716676e-02,        +7.441323023902e+01
 2.49560000e+00,        -2.611169521994e-02,        +7.439123470918e+01
 2.49562500e+00,        -2.610457607901e-02,        +7.436924456363e+01
 2.49565000e+00,        -2.609745974191e-02,        +7.434725979512e+01
 2.49567500e+00,        -2.609034620378e-02,        +7.432528039637e+01
 2.49570000e+00,        -2.608323546531e-02,        +7.430330636014e+01
 2.49572500e+00,        -2.607612752003e-02,        +7.428133767917e+01
 2.49575000e+00,        -2.606902236779e-02,        +7.425937434624e+01
 2.49577500e+00,        -2.606192000294e-02,        +7.423741635412e+01
 2.49580000e+00,        -2.605482042465e-02,        +7.421546369562e+01
 2.49582500e+00,        -2.604772362987e-02,        +7.419351636350e+01
 2.49585000e+00,        -2.604062961430e-02,        +7.417157435060e+01
 2.49587500e+00,        -2.603353837764e-02,        +7.414963764973e+01
 2.49590000e+00,        -2.602644991340e-02,        +7.412770625373e+01
 2.49592500e+00,        -2.601936422193e-02,        +7.410578015542e+01
 2.49595000e+00,        -2.601228129886e-02,        +7.408385934767e+01
 2.49597500e+00,        -2.600520114207e-02,        +7.406194382333e+01
 2.49600000e+00,        -2.599812374682e-02,        +7.404003357528e+01
 2.49602500e+00,        -2.599104911320e-02,        +7.401812859641e+01
 2.49605000e+00,        -2.598397723718e-02,        +7.399622887960e+01
 2.49607500e+00,        -2.597690811424e-02,        +7.397433441774e+01
 2.49610000e+00,        -2.596984174292e-02,        +7.395244520379e+01
 2.49612500e+00,        -2.596277812162e-02,        +7.393056123062e+01
 2.49615000e+00,        -2.595571724586e-02,        +7.390868249120e+01
 2.49617500e+00,        -2.594865911332e-02,        +7.388680897846e+01
 2.49620000e+00,        -2.594160372095e-02,        +7.386494068536e+01
 2.49622500e+00,        -2.593455106652e-02,        +7.384307760486e+01
 2.49625000e+00,        -2.592750114690e-02,        +7.382121972994e+01
 2.49627500e+00,        -2.592045395813e-02,        +7.379936705358e+01
 2.49630000e+00,        -2.591340949976e-02,        +7.377751956877e+01
 2.49632500e+00,        -2.590636776821e-02,        +7.375567726853e+01
 2.49635000e+00,        -2.589932875872e-02,        +7.373384014587e+01
 2.49637500e+00,        -2.589229247180e-02,        +7.371200819381e+01
 2.49640000e+00,        -2.588525890277e-02,        +7.369018140539e+01
 2.49642500e+00,        -2.587822804756e-02,        +7.366835977366e+01
 2.49645000e+00,        -2.587119990637e-02,        +7.364654329166e+01
 2.49647500e+00,        -2.586417447582e-02,        +7.362473195248e+01
 2.49650000e+00,        -2.585715175092e-02,        +7.360292574916e+01
 2.49652500e+00,        -2.585013173221e-02,        +7.358112467483e+01
 2.49655000e+00,        -2.584311441256e-02,        +7.355932872254e+01
 2.49657500e+00,        -2.583609979445e-02,        +7.353753788542e+01
 2.49660000e+00,        -2.582908787078e-02,        +7.351575215658e+01
 2.49662500e+00,        -2.582207864136e-02,        +7.349397152914e+01
 2.49665000e+00,        -2.581507210343e-02,        +7.347219599624e+01
 2.49667500e+00,        -2.580806825324e-02,        +7.345042555102e+01
 2.49670000e+00,        -2.580106708907e-02,        +7.342866018665e+01
 2.49672500e+00,        -2.579406860739e-02,        +7.340689989628e+01
 2.49675000e+00,        -2.578707280461e-02,        +7.338514467307e+01
 2.49677500e+00,        -2.578007968064e-02,        +7.336339451022e+01
 2.49680000e+00,        -2.577308923170e-02,        +7.334164940092e+01
 2.49682500e+00,        -2.576610145378e-02,        +7.331990933837e+01
 2.49685000e+00,        -2.575911634527e-02,        +7.329817431578e+01
 2.49687500e+00,        -2.575213390385e-02,        +7.327644432637e+01
 2.49690000e+00,        -2.574515412684e-02,        +7.325471936338e+01
 2.49692500e+00,        -2.573817701187e-02,        +7.323299942005e+01
 2.49695000e+00,        -2.573120255446e-02,        +7.321128448962e+01
 2.49697500e+00,        -2.572423075358e-02,        +7.318957456535e+01
 2.49700000e+00,        -2.571726160652e-02,        +7.316786964052e+01
 2.49702500e+00,        -2.571029511084e-02,        +7.314616970839e+01
 2.49705000e+00,        -2.570333126278e-02,        +7.312447476227e+01
 2.49707500e+00,        -2.569637006106e-02,        +7.310278479544e+01
 2.49710000e+00,        -2.568941150267e-02,        +7.308109980122e+01
 2.49712500e+00,        -2.568245558424e-02,        +7.305941977292e+01
 2.49715000e+00,        -2.567550230534e-02,        +7.303774470385e+01
 2.49717500e+00,        -2.566855165926e-02,        +7.301607458737e+01
 2.49720000e+00,        -2.566160364730e-02,        +7.299440941681e+01
 2.49722500e+00,        -2.565465826494e-02,        +7.297274918552e+01
 2.49725000e+00,        -2.564771550964e-02,        +7.295109388688e+01
 2.49727500e+00,        -2.564077538045e-02,        +7.292944351424e+01
 2.49730000e+00,        -2.563383787223e-02,        +7.290779806099e+01
 2.49732500e+00,        -2.562690298547e-02,        +7.288615752052e+01
 2.49735000e+00,        -2.561997071568e-02,        +7.286452188624e+01
 2.49737500e+00,        -2.561304106140e-02,        +7.284289115154e+01
 2.49740000e+00,        -2.560611401769e-02,        +7.282126530984e+01
 2.49742500e+00,        -2.559918958399e-02,        +7.279964435458e+01
 2.49745000e+00,        -2.559226775862e-02,        +7.277802827919e+01
 2.49747500e+00,        -2.558534853858e-02,        +7.275641707710e+01
 2.49750000e+00,        -2.557843191841e-02,        +7.273481074178e+01
 2.49752500e+00,        -2.557151789954e-02,        +7.271320926670e+01
 2.49755000e+00,        -2.556460647608e-02,        +7.269161264532e+01
 2.49757500e+00,        -2.555769764878e-02,        +7.267002087111e+01
 2.49760000e+00,        -2.555079141313e-02,        +7.264843393758e+01
 2.49762500e+00,        -2.554388776554e-02,        +7.262685183821e+01
 2.49765000e+00,        -2.553698670761e-02,        +7.260527456652e+01
 2.49767500e+00,        -2.553008823311e-02,        +7.258370211603e+01
 2.49770000e+00,        -2.552319233992e-02,        +7.256213448026e+01
 2.49772500e+00,        -2.551629902665e-02,        +7.254057165273e+01
 2.49775000e+00,        -2.550940829128e-02,        +7.251901362701e+01
 2.49777500e+00,        -2.550252012826e-02,        +7.249746039663e+01
 2.49780000e+00,        -2.549563454111e-02,        +7.247591195516e+01
 2.49782500e+00,        -2.548875152089e-02,        +7.245436829616e+01
 2.49785000e+00,        -2.548187106895e-02,        +7.243282941323e+01
 2.49787500e+00,        -2.547499318182e-02,        +7.241129529994e+01
 2.49790000e+00,        -2.546811785781e-02,        +7.238976594989e+01
 2.49792500e+00,        -2.546124509262e-02,        +7.236824135669e+01
 2.49795000e+00,        -2.545437488502e-02,        +7.234672151393e+01
 2.49797500e+00,        -2.544750723344e-02,        +7.232520641525e+01
 2.49800000e+00,        -2.544064213318e-02,        +7.230369605428e+01
 2.49802500e+00,        -2.543377958413e-02,        +7.228219042466e+01
 2.49805000e+00,        -2.542691958187e-02,        +7.226068952002e+01
 2.49807500e+00,        -2.542006212646e-02,        +7.223919333405e+01
 2.49810000e+00,        -2.541320721203e-02,        +7.221770186038e+01
 2.49812500e+00,        -2.540635484029e-02,        +7.219621509272e+01
 2.49815000e+00,        -2.539950500602e-02,        +7.217473302470e+01
 2.49817500e+00,        -2.539265770706e-02,        +7.215325565005e+01
 2.49820000e+00,        -2.538581294270e-02,        +7.213178296247e+01
 2.49822500e+00,        -2.537897070772e-02,        +7.211031495564e+01
 2.49825000e+00,        -2.537213100179e-02,        +7.208885162329e+01
 2.49827500e+00,        -2.536529382253e-02,        +7.206739295916e+01
 2.49830000e+00,        -2.535845916758e-02,        +7.204593895696e+01
 2.49832500e+00,        -2.535162703302e-02,        +7.202448961043e+01
 2.49835000e+00,        -2.534479741849e-02,        +7.200304491333e+01
 2.49837500e+00,        -2.533797032074e-02,        +7.198160485942e+01
 2.49840000e+00,        -2.533114573745e-02,        +7.196016944245e+01
 2.49842500e+00,        -2.532432366548e-02,        +7.193873865621e+01
 2.49845000e+00,        -2.531750410511e-02,        +7.191731249447e+01
 2.49847500e+00,        -2.531068705023e-02,        +7.189589095103e+01
 2.49850000e+00,        -2.530387250167e-02,        +7.187447401968e+01
 2.49852500e+00,        -2.529706045561e-02,        +7.185306169425e+01
 2.49855000e+00,        -2.529025090942e-02,        +7.183165396852e+01
 2.49857500e+00,        -2.528344386186e-02,        +7.181025083634e+01
 2.49860000e+00,        -2.527663930940e-02,        +7.178885229152e+01
 2.49862500e+00,        -2.526983725243e-02,        +7.176745832793e+01
 2.49865000e+00,        -2.526303768407e-02,        +7.174606893938e+01
 2.49867500e+00,        -2.525624060590e-02,        +7.172468411975e+01
 2.49870000e+00,        -2.524944601469e-02,        +7.170330386291e+01
 2.49872500e+00,        -2.524265390720e-02,        +7.168192816271e+01
 2.49875000e+00,        -2.523586428296e-02,        +7.166055701306e+01
 2.49877500e+00,        -2.522907713586e-02,        +7.163919040782e+01
 2.49880000e+00,        -2.522229246939e-02,        +7.161782834090e+01
 2.49882500e+00,        -2.521551027631e-02,        +7.159647080619e+01
 2.49885000e+00,        -2.520873055611e-02,        +7.157511779762e+01
 2.49887500e+00,        -2.520195330733e-02,        +7.155376930910e+01
 2.49890000e+00,        -2.519517852609e-02,        +7.153242533457e+01
 2.49892500e+00,        -2.518840621169e-02,        +7.151108586795e+01
 2.49895000e+00,        -2.518163636188e-02,        +7.148975090320e+01
 2.49897500e+00,        -2.517486897181e-02,        +7.146842043426e+01
 2.49900000e+00,        -2.516810404266e-02,        +7.144709445508e+01
 2.49902500e+00,        -2.516134156990e-02,        +7.142577295966e+01
 2.49905000e+00,        -2.515458155248e-02,        +7.140445594195e+01
 2.49907500e+00,        -2.514782398746e-02,        +7.138314339593e+01
 2.49910000e+00,        -2.514106887262e-02,        +7.136183531562e+01
 2.49912500e+00,        -2.513431620741e-02,        +7.134053169498e+01
 2.49915000e+00,        -2.512756598686e-02,        +7.131923252804e+01
 2.49917500e+00,        -2.512081821117e-02,        +7.129793780882e+01
 2.49920000e+00,        -2.511407287564e-02,        +7.127664753133e+01
 2.49922500e+00,        -2.510732998049e-02,        +7.125536168960e+01
 2.49925000e+00,        -2.510058952273e-02,        +7.123408027767e+01
 2.49927500e+00,        -2.509385149983e-02,        +7.121280328958e+01
 2.49930000e+00,        -2.508711591022e-02,        +7.119153071940e+01
 2.49932500e+00,        -2.508038275011e-02,        +7.117026256117e+01
 2.49935000e+00,        -2.507365201983e-02,        +7.114899880897e+01
 2.49937500e+00,        -2.506692371494e-02,        +7.112773945687e+01
 2.49940000e+00,        -2.506019783437e-02,        +7.110648449895e+01
 2.49942500e+00,        -2.505347437558e-02,        +7.108523392932e+01
 2.49945000e+00,        -2.504675333513e-02,        +7.106398774206e+01
 2.49947500e+00,        -2.504003471700e-02,        +7.104274593128e+01
 2.49950000e+00,        -2.503331850972e-02,        +7.102150849109e+01
 2.49952500e+00,        -2.502660471793e-02,        +7.100027541563e+01
 2.49955000e+00,        -2.501989333627e-02,        +7.097904669900e+01
 2.49957500e+00,        -2.501318436445e-02,        +7.095782233535e+01
 2.49960000e+00,        -2.500647779891e-02,        +7.093660231884e+01
 2.49962500e+00,        -2.499977363811e-02,        +7.091538664359e+01
 2.49965000e+00,        -2.499307187969e-02,        +7.089417530378e+01
 2.49967500e+00,        -2.498637252188e-02,        +7.087296829356e+01
 2.49970000e+00,        -2.497967556264e-02,        +7.085176560712e+01
 2.49972500e+00,        -2.497298099975e-02,        +7.083056723864e+01
 2.49975000e+00,        -2.496628883144e-02,        +7.080937318228e+01
 2.49977500e+00,        -2.495959905475e-02,        +7.078818343228e+01
 2.49980000e+00,        -2.495291166738e-02,        +7.076699798280e+01
 2.49982500e+00,        -2.494622666830e-02,        +7.074581682807e+01
 2.49985000e+00,        -2.493954405472e-02,        +7.072463996231e+01
 2.49987500e+00,        -2.493286382491e-02,        +7.070346737973e+01
 2.49990000e+00,        -2.492618597695e-02,        +7.068229907459e+01
 2.49992500e+00,        -2.491951050918e-02,        +7.066113504109e+01
 2.49995000e+00,        -2.491283741748e-02,        +7.063997527350e+01
 2.49997500e+00,        -2.490616670024e-02,        +7.061881976607e+01
 2.50000000e+00,        -2.489949835767e-02,        +7.059766851307e+01
 2.50002500e+00,        -2.489283238659e-02,        +7.057652150874e+01
 2.50005000e+00,        -2.488616878418e-02,        +7.055537874739e+01
 2.50007500e+00,        -2.487950754739e-02,        +7.053424022328e+01
 2.50010000e+00,        -2.487284867657e-02,        +7.051310593070e+01
 2.50012500e+00,        -2.486619216798e-02,        +7.049197586394e+01
 2.50015000e+00,        -2.485953802217e-02,        +7.047085001732e+01
 2.50017500e+00,        -2.485288623280e-02,        +7.044972838514e+01
 2.50020000e+00,        -2.484623680137e-02,        +7.042861096173e+01
 2.50022500e+00,        -2.483958972412e-02,        +7.040749774139e+01
 2.50025000e+00,        -2.483294500157e-02,        +7.038638871848e+01
 2.50027500e+00,        -2.482630262783e-02,        +7.036528388732e+01
 2.50030000e+00,        -2.481966260180e-02,        +7.034418324226e+01
 2.50032500e+00,        -2.481302492321e-02,        +7.032308677764e+01
 2.50035000e+00,        -2.480638959132e-02,        +7.030199448784e+01
 2.50037500e+00,        -2.479975659948e-02,        +7.028090636724e+01
 2.50040000e+00,        -2.479312594859e-02,        +7.025982241017e+01
 2.50042500e+00,        -2.478649763591e-02,        +7.023874261103e+01
 2.50045000e+00,        -2.477987166015e-02,        +7.021766696422e+01
 2.50047500e+00,        -2.477324802039e-02,        +7.019659546412e+01
 2.50050000e+00,        -2.476662671164e-02,        +7.017552810513e+01
 2.50052500e+00,        -2.476000773292e-02,        +7.015446488166e+01
 2.50055000e+00,        -2.475339108506e-02,        +7.013340578813e+01
 2.50057500e+00,        -2.474677676167e-02,        +7.011235081896e+01
 2.50060000e+00,        -2.474016476216e-02,        +7.009129996857e+01
 2.50062500e+00,        -2.473355508766e-02,        +7.007025323141e+01
 2.50065000e+00,        -2.472694773292e-02,        +7.004921060191e+01
 2.50067500e+00,        -2.472034269740e-02,        +7.002817207452e+01
 2.50070000e+00,        -2.471373997744e-02,        +7.000713764370e+01
 2.50072500e+00,        -2.470713957259e-02,        +6.998610730390e+01
 2.50075000e+00,        -2.470054148002e-02,        +6.996508104960e+01
 2.50077500e+00,        -2.469394569840e-02,        +6.994405887528e+01
 2.50080000e+00,        -2.468735222727e-02,        +6.992304077541e+01
 2.50082500e+00,        -2.468076106228e-02,        +6.990202674448e+01
 2.50085000e+00,        -2.467417220159e-02,        +6.988101677699e+01
 2.50087500e+00,        -2.466758564406e-02,        +6.986001086745e+01
 2.50090000e+00,        -2.466100138886e-02,        +6.983900901035e+01
 2.50092500e+00,        -2.465441943199e-02,        +6.981801120023e+01
 2.50095000e+00,        -2.464783977201e-02,        +6.979701743157e+01
 2.50097500e+00,        -2.464126240813e-02,        +6.977602769895e+01
 2.50100000e+00,        -2.463468733661e-02,        +6.975504199688e+01
 2.50102500e+00,        -2.462811455699e-02,        +6.973406031990e+01
 2.50105000e+00,        -2.462154406812e-02,        +6.971308266255e+01
 2.50107500e+00,        -2.461497586601e-02,        +6.969210901941e+01
 2.50110000e+00,        -2.460840994982e-02,        +6.967113938501e+01
 2.50112500e+00,        -2.460184631708e-02,        +6.965017375394e+01
 2.50115000e+00,        -2.459528496653e-02,        +6.962921212078e+01
 2.50117500e+00,        -2.458872589662e-02,        +6.960825448009e+01
 2.50120000e+00,        -2.458216910490e-02,        +6.958730082647e+01
 2.50122500e+00,        -2.457561458864e-02,        +6.956635115450e+01
 2.50125000e+00,        -2.456906234737e-02,        +6.954540545881e+01
 2.50127500e+00,        -2.456251237803e-02,        +6.952446373396e+01
 2.50130000e+00,        -2.455596468058e-02,        +6.950352597461e+01
 2.50132500e+00,        -2.454941925127e-02,        +6.948259217534e+01
 2.50135000e+00,        -2.454287608787e-02,        +6.946166233081e+01
 2.50137500e+00,        -2.453633519063e-02,        +6.944073643563e+01
 2.50140000e+00,        -2.452979655684e-02,        +6.941981448444e+01
 2.50142500e+00,        -2.452326018333e-02,        +6.939889647189e+01
 2.50145000e+00,        -2.451672606937e-02,        +6.937798239263e+01
 2.50147500e+00,        -2.451019421424e-02,        +6.935707224132e+01
 2.50150000e+00,        -2.450366461484e-02,        +6.933616601261e+01
 2.50152500e+00,        -2.449713726837e-02,        +6.931526370118e+01
 2.50155000e+00,        -2.449061217499e-02,        +6.929436530171e+01
 2.50157500e+00,        -2.448408933058e-02,        +6.927347080887e+01
 2.50160000e+00,        -2.447756873553e-02,        +6.925258021736e+01
 2.50162500e+00,        -2.447105038642e-02,        +6.923169352186e+01
 2.50165000e+00,        -2.446453428424e-02,        +6.921081071709e+01
 2.50167500e+00,        -2.445802042023e-02,        +6.918993179774e+01
 2.50170000e+00,        -2.445150880254e-02,        +6.916905675854e+01
 2.50172500e+00,        -2.444499942125e-02,        +6.914818559420e+01
 2.50175000e+00,        -2.443849227716e-02,        +6.912731829943e+01
 2.50177500e+00,        -2.443198737080e-02,        +6.910645486899e+01
 2.50180000e+00,        -2.442548469704e-02,        +6.908559529760e+01
 2.50182500e+00,        -2.441898425529e-02,        +6.906473958000e+01
 2.50185000e+00,        -2.441248604392e-02,        +6.904388771096e+01
 2.50187500e+00,        -2.440599006226e-02,        +6.902303968521e+01
 2.50190000e+00,        -2.439949630474e-02,        +6.900219549753e+01
 2.50192500e+00,        -2.439300477398e-02,        +6.898135514269e+01
 2.50195000e+00,        -2.438651546690e-02,        +6.896051861545e+01
 2.50197500e+00,        -2.438002837891e-02,        +6.893968591060e+01
 2.50200000e+00,        -2.437354351288e-02,        +6.891885702292e+01
 2.50202500e+00,        -2.436706086261e-02,        +6.889803194721e+01
 2.50205000e+00,        -2.436058042988e-02,        +6.887721067826e+01
 2.50207500e+00,        -2.435410220961e-02,        +6.885639321087e+01
 2.50210000e+00,        -2.434762620283e-02,        +6.883557953986e+01
 2.50212500e+00,        -2.434115240707e-02,        +6.881476966005e+01
 2.50215000e+00,        -2.433468081991e-02,        +6.879396356624e+01
 2.50217500e+00,        -2.432821144047e-02,        +6.877316125328e+01
 2.50220000e+00,        -2.432174426503e-02,        +6.875236271599e+01
 2.50222500e+00,        -2.431527929436e-02,        +6.873156794922e+01
 2.50225000e+00,        -2.430881652516e-02,        +6.871077694781e+01
 2.50227500e+00,        -2.430235595899e-02,        +6.868998970661e+01
 2.50230000e+00,        -2.429589758760e-02,        +6.866920622047e+01
 2.50232500e+00,        -2.428944141358e-02,        +6.864842648427e+01
 2.50235000e+00,        -2.428298743580e-02,        +6.862765049287e+01
 2.50237500e+00,        -2.427653564946e-02,        +6.860687824113e+01
 2.50240000e+00,        -2.427008605628e-02,        +6.858610972395e+01
 2.50242500e+00,        -2.426363865183e-02,        +6.856534493621e+01
 2.50245000e+00,        -2.425719343596e-02,        +6.854458387280e+01
 2.50247500e+00,        -2.425075040666e-02,        +6.852382652862e+01
 2.50250000e+00,        -2.424430956144e-02,        +6.850307289857e+01
 2.50252500e+00,        -2.423787090028e-02,        +6.848232297757e+01
 2.50255000e+00,        -2.423143441915e-02,        +6.846157676051e+01
 2.50257500e+00,        -2.422500011790e-02,        +6.844083424233e+01
 2.50260000e+00,        -2.421856799677e-02,        +6.842009541797e+01
 2.50262500e+00,        -2.421213804863e-02,        +6.839936028232e+01
 2.50265000e+00,        -2.420571027516e-02,        +6.837862883035e+01
 2.50267500e+00,        -2.419928467599e-02,        +6.835790105699e+01
 2.50270000e+00,        -2.419286124724e-02,        +6.833717695719e+01
 2.50272500e+00,        -2.418643998757e-02,        +6.831645652591e+01
 2.50275000e+00,        -2.418002089580e-02,        +6.829573975810e+01
 2.50277500e+00,        -2.417360397027e-02,        +6.827502664875e+01
 2.50280000e+00,        -2.416718920903e-02,        +6.825431719280e+01
 2.50282500e+00,        -2.416077661037e-02,        +6.823361138523e+01
 2.50285000e+00,        -2.415436617279e-02,        +6.821290922105e+01
 2.50287500e+00,        -2.414795789487e-02,        +6.819221069522e+01
 2.50290000e+00,        -2.414155177299e-02,        +6.817151580274e+01
 2.50292500e+00,        -2.413514780947e-02,        +6.815082453861e+01
 2.50295000e+00,        -2.412874599907e-02,        +6.813013689784e+01
 2.50297500e+00,        -2.412234634158e-02,        +6.810945287544e+01
 2.50300000e+00,        -2.411594883583e-02,        +6.808877246641e+01
 2.50302500e+00,        -2.410955347870e-02,        +6.806809566579e+01
 2.50305000e+00,        -2.410316027030e-02,        +6.804742246860e+01
 2.50307500e+00,        -2.409676920629e-02,        +6.802675286985e+01
 2.50310000e+00,        -2.409038028827e-02,        +6.800608686461e+01
 2.50312500e+00,        -2.408399351251e-02,        +6.798542444791e+01
 2.50315000e+00,        -2.407760887853e-02,        +6.796476561480e+01
 2.50317500e+00,        -2.407122638373e-02,        +6.794411036032e+01
 2.50320000e+00,        -2.406484602686e-02,        +6.792345867954e+01
 2.50322500e+00,        -2.405846780697e-02,        +6.790281056752e+01
 2.50325000e+00,        -2.405209172142e-02,        +6.788216601934e+01
 2.50327500e+00,        -2.404571776820e-02,        +6.786152503006e+01
 2.50330000e+00,        -2.403934594770e-02,        +6.784088759478e+01
 2.50332500e+00,        -2.403297625675e-02,        +6.782025370856e+01
 2.50335000e+00,        -2.402660869496e-02,        +6.779962336650e+01
 2.50337500e+00,        -2.402024325702e-02,        +6.777899656370e+01
 2.50340000e+00,        -2.401387994655e-02,        +6.775837329528e+01
 2.50342500e+00,        -2.400751875909e-02,        +6.773775355630e+01
 2.50345000e+00,        -2.400115969474e-02,        +6.771713734192e+01
 2.50347500e+00,        -2.399480274898e-02,        +6.769652464722e+01
 2.50350000e+00,        -2.398844792232e-02,        +6.767591546734e+01
 2.50352500e+00,        -2.398209521292e-02,        +6.765530979742e+01
 2.50355000e+00,        -2.397574462075e-02,        +6.763470763257e+01
 2.50357500e+00,        -2.396939614021e-02,        +6.761410896793e+01
 2.50360000e+00,        -2.396304977336e-02,        +6.759351379866e+01
 2.50362500e+00,        -2.395670551622e-02,        +6.757292211990e+01
 2.50365000e+00,        -2.395036336971e-02,        +6.755233392680e+01
 2.50367500e+00,        -2.394402332976e-02,        +6.753174921451e+01
 2.50370000e+00,        -2.393768539644e-02,        +6.751116797823e+01
 2.50372500e+00,        -2.393134956768e-02,        +6.749059021308e+01
 2.50375000e+00,        -2.392501584202e-02,        +6.747001591428e+01
 2.50377500e+00,        -2.391868421791e-02,        +6.744944507696e+01
 2.50380000e+00,        -2.391235469459e-02,        +6.742887769636e+01
 2.50382500e+00,        -2.390602726782e-02,        +6.740831376763e+01
 2.50385000e+00,        -2.389970193759e-02,        +6.738775328596e+01
 2.50387500e+00,        -2.389337870409e-02,        +6.736719624659e+01
 2.50390000e+00,        -2.388705756478e-02,        +6.734664264470e+01
 2.50392500e+00,        -2.388073851610e-02,        +6.732609247548e+01
 2.50395000e+00,        -2.387442155925e-02,        +6.730554573418e+01
 2.50397500e+00,        -2.386810669055e-02,        +6.728500241600e+01
 2.50400000e+00,        -2.386179391036e-02,        +6.726446251617e+01
 2.50402500e+00,        -2.385548321549e-02,        +6.724392602992e+01
 2.50405000e+00,        -2.384917460535e-02,        +6.722339295248e+01
 2.50407500e+00,        -2.384286807825e-02,        +6.720286327911e+01
 2.50410000e+00,        -2.383656363377e-02,        +6.718233700502e+01
 2.50412500e+00,        -2.383026126810e-02,        +6.716181412549e+01
 2.50415000e+00,        -2.382396098030e-02,        +6.714129463576e+01
 2.50417500e+00,        -2.381766277039e-02,        +6.712077853109e+01
 2.50420000e+00,        -2.381136663608e-02,        +6.710026580674e+01
 2.50422500e+00,        -2.380507257539e-02,        +6.707975645800e+01
 2.50425000e+00,        -2.379878058730e-02,        +6.705925048014e+01
 2.50427500e+00,        -2.379249067038e-02,        +6.703874786841e+01
 2.50430000e+00,        -2.378620282267e-02,        +6.701824861813e+01
 2.50432500e+00,        -2.377991704257e-02,        +6.699775272456e+01
 2.50435000e+00,        -2.377363332919e-02,        +6.697726018302e+01
 2.50437500e+00,        -2.376735168020e-02,        +6.695677098878e+01
 2.50440000e+00,        -2.376107209596e-02,        +6.693628513718e+01
 2.50442500e+00,        -2.375479457391e-02,        +6.691580262350e+01
 2.50445000e+00,        -2.374851911106e-02,        +6.689532344306e+01
 2.50447500e+00,        -2.374224570777e-02,        +6.687484759118e+01
 2.50450000e+00,        -2.373597436321e-02,        +6.685437506317e+01
 2.50452500e+00,        -2.372970507212e-02,        +6.683390585438e+01
 2.50455000e+00,        -2.372343783791e-02,        +6.681343996014e+01
 2.50457500e+00,        -2.371717265595e-02,        +6.679297737577e+01
 2.50460000e+00,        -2.371090952634e-02,        +6.677251809662e+01
 2.50462500e+00,        -2.370464844711e-02,        +6.675206211804e+01
 2.50465000e+00,        -2.369838941693e-02,        +6.673160943538e+01
 2.50467500e+00,        -2.369213243306e-02,        +6.671116004399e+01
 2.50470000e+00,        -2.368587749575e-02,        +6.669071393924e+01
 2.50472500e+00,        -2.367962460280e-02,        +6.667027111649e+01
 2.50475000e+00,        -2.367337375196e-02,        +6.664983157111e+01
 2.50477500e+00,        -2.366712494371e-02,        +6.662939529847e+01
 2.50480000e+00,        -2.366087817575e-02,        +6.660896229397e+01
 2.50482500e+00,        -2.365463344556e-02,        +6.658853255297e+01
 2.50485000e+00,        -2.364839075428e-02,        +6.656810607086e+01
 2.50487500e+00,        -2.364215009733e-02,        +6.654768284305e+01
 2.50490000e+00,        -2.363591147560e-02,        +6.652726286493e+01
 2.50492500e+00,        -2.362967488625e-02,        +6.650684613190e+01
 2.50495000e+00,        -2.362344032853e-02,        +6.648643263937e+01
 2.50497500e+00,        -2.361720780126e-02,        +6.646602238275e+01
 2.50500000e+00,        -2.361097730247e-02,        +6.644561535746e+01
 2.50502500e+00,        -2.360474883001e-02,        +6.642521155891e+01
 2.50505000e+00,        -2.359852238487e-02,        +6.640481098255e+01
 2.50507500e+00,        -2.359229796459e-02,        +6.638441362378e+01
 2.50510000e+00,        -2.358607556551e-02,        +6.636401947805e+01
 2.50512500e+00,        -2.357985518948e-02,        +6.634362854081e+01
 2.50515000e+00,        -2.357363683351e-02,        +6.632324080748e+01
 2.50517500e+00,        -2.356742049607e-02,        +6.630285627352e+01
 2.50520000e+00,        -2.356120617539e-02,        +6.628247493438e+01
 2.50522500e+00,        -2.355499387205e-02,        +6.626209678553e+01
 2.50525000e+00,        -2.354878358351e-02,        +6.624172182242e+01
 2.50527500e+00,        -2.354257530692e-02,        +6.622135004051e+01
 2.50530000e+00,        -2.353636904319e-02,        +6.620098143528e+01
 2.50532500e+00,        -2.353016478944e-02,        +6.618061600220e+01
 2.50535000e+00,        -2.352396254508e-02,        +6.616025373676e+01
 2.50537500e+00,        -2.351776230795e-02,        +6.613989463443e+01
 2.50540000e+00,        -2.351156407774e-02,        +6.611953869071e+01
 2.50542500e+00,        -2.350536785246e-02,        +6.609918590108e+01
 2.50545000e+00,        -2.349917363216e-02,        +6.607883626105e+01
 2.50547500e+00,        -2.349298141180e-02,        +6.605848976612e+01
 2.50550000e+00,        -2.348679119380e-02,        +6.603814641178e+01
 2.50552500e+00,        -2.348060297428e-02,        +6.601780619356e+01
 2.50555000e+00,        -2.347441675295e-02,        +6.599746910697e+01
 2.50557500e+00,        -2.346823252930e-02,        +6.597713514751e+01
 2.50560000e+00,        -2.346205030070e-02,        +6.595680431073e+01
 2.50562500e+00,        -2.345587006647e-02,        +6.593647659215e+01
 2.50565000e+00,        -2.344969182413e-02,        +6.591615198730e+01
 2.50567500e+00,        -2.344351557376e-02,        +6.589583049171e+01
 2.50570000e+00,        -2.343734131305e-02,        +6.587551210092e+01
 2.50572500e+00,        -2.343116904198e-02,        +6.585519681050e+01
 2.50575000e+00,        -2.342499875705e-02,        +6.583488461595e+01
 2.50577500e+00,        -2.341883045864e-02,        +6.581457551288e+01
 2.50580000e+00,        -2.341266414477e-02,        +6.579426949681e+01
 2.50582500e+00,        -2.340649981530e-02,        +6.577396656332e+01
 2.50585000e+00,        -2.340033746651e-02,        +6.575366670795e+01
 2.50587500e+00,        -2.339417709861e-02,        +6.573336992630e+01
 2.50590000e+00,        -2.338801871031e-02,        +6.571307621393e+01
 2.50592500e+00,        -2.338186230015e-02,        +6.569278556643e+01
 2.50595000e+00,        -2.337570786708e-02,        +6.567249797938e+01
 2.50597500e+00,        -2.336955540801e-02,        +6.565221344836e+01
 2.50600000e+00,        -2.336340492473e-02,        +6.563193196896e+01
 2.50602500e+00,        -2.335725641254e-02,        +6.561165353678e+01
 2.50605000e+00,        -2.335110987230e-02,        +6.559137814742e+01
 2.50607500e+00,        -2.334496530238e-02,        +6.557110579649e+01
 2.50610000e+00,        -2.333882270218e-02,        +6.555083647958e+01
 2.50612500e+00,        -2.333268206848e-02,        +6.553057019233e+01
 2.50615000e+00,        -2.332654340141e-02,        +6.551030693032e+01
 2.50617500e+00,        -2.332040669850e-02,        +6.549004668921e+01
 2.50620000e+00,        -2.331427196004e-02,        +6.546978946460e+01
 2.50622500e+00,        -2.330813918376e-02,        +6.544953525213e+01
 2.50625000e+00,        -2.330200836895e-02,        +6.542928404742e+01
 2.50627500e+00,        -2.329587951322e-02,        +6.540903584611e+01
 2.50630000e+00,        -2.328975261595e-02,        +6.538879064385e+01
 2.50632500e+00,        -2.328362767599e-02,        +6.536854843628e+01
 2.50635000e+00,        -2.327750469153e-02,        +6.534830921905e+01
 2.50637500e+00,        -2.327138366241e-02,        +6.532807298782e+01
 2.50640000e+00,        -2.326526458676e-02,        +6.530783973823e+01
 2.50642500e+00,        -2.325914746358e-02,        +6.528760946596e+01
 2.50645000e+00,        -2.325303228883e-02,        +6.526738216665e+01
 2.50647500e+00,        -2.324691906519e-02,        +6.524715783599e+01
 2.50650000e+00,        -2.324080779014e-02,        +6.522693646966e+01
 2.50652500e+00,        -2.323469846161e-02,        +6.520671806332e+01
 2.50655000e+00,        -2.322859107868e-02,        +6.518650261265e+01
 2.50657500e+00,        -2.322248564113e-02,        +6.516629011335e+01
 2.50660000e+00,        -2.321638214586e-02,        +6.514608056110e+01
 2.50662500e+00,        -2.321028059266e-02,        +6.512587395159e+01
 2.50665000e+00,        -2.320418097883e-02,        +6.510567028052e+01
 2.50667500e+00,        -2.319808330712e-02,        +6.508546954360e+01
 2.50670000e+00,        -2.319198757097e-02,        +6.506527173652e+01
 2.50672500e+00,        -2.318589377426e-02,        +6.504507685500e+01
 2.50675000e+00,        -2.317980191204e-02,        +6.502488489474e+01
 2.50677500e+00,        -2.317371198383e-02,        +6.500469585148e+01
 2.50680000e+00,        -2.316762398945e-02,        +6.498450972091e+01
 2.50682500e+00,        -2.316153792715e-02,        +6.496432649879e+01
 2.50685000e+00,        -2.315545379459e-02,        +6.494414618081e+01
 2.50687500e+00,        -2.314937159248e-02,        +6.492396876273e+01
 2.50690000e+00,        -2.314329131915e-02,        +6.490379424026e+01
 2.50692500e+00,        -2.313721297193e-02,        +6.488362260918e+01
 2.50695000e+00,        -2.313113654957e-02,        +6.486345386520e+01
 2.50697500e+00,        -2.312506205349e-02,        +6.484328800407e+01
 2.50700000e+00,        -2.311898948102e-02,        +6.482312502156e+01
 2.50702500e+00,        -2.311291882945e-02,        +6.480296491341e+01
 2.50705000e+00,        -2.310685009875e-02,        +6.478280767538e+01
 2.50707500e+00,        -2.310078328850e-02,        +6.476265330324e+01
 2.50710000e+00,        -2.309471839671e-02,        +6.474250179276e+01
 2.50712500e+00,        -2.308865542162e-02,        +6.472235313969e+01
 2.50715000e+00,        -2.308259436345e-02,        +6.470220733982e+01
 2.50717500e+00,        -2.307653522005e-02,        +6.468206438893e+01
 2.50720000e+00,        -2.307047799047e-02,        +6.466192428279e+01
 2.50722500e+00,        -2.306442267323e-02,        +6.464178701719e+01
 2.50725000e+00,        -2.305836926630e-02,        +6.462165258793e+01
 2.50727500e+00,        -2.305231777079e-02,        +6.460152099079e+01
 2.50730000e+00,        -2.304626818380e-02,        +6.458139222157e+01
 2.50732500e+00,        -2.304022050403e-02,        +6.456126627607e+01
 2.50735000e+00,        -2.303417473082e-02,        +6.454114315009e+01
 2.50737500e+00,        -2.302813086313e-02,        +6.452102283945e+01
 2.50740000e+00,        -2.302208889957e-02,        +6.450090533995e+01
 2.50742500e+00,        -2.301604883901e-02,        +6.448079064741e+01
 2.50745000e+00,        -2.301001067965e-02,        +6.446067875764e+01
 2.50747500e+00,        -2.300397442135e-02,        +6.444056966647e+01
 2.50750000e+00,        -2.299794006187e-02,        +6.442046336973e+01
 2.50752500e+00,        -2.299190760269e-02,        +6.440035986325e+01
 2.50755000e+00,        -2.298587703855e-02,        +6.438025914285e+01
 2.50757500e+00,        -2.297984837081e-02,        +6.436016120438e+01
 2.50760000e+00,        -2.297382159749e-02,        +6.434006604367e+01
 2.50762500e+00,        -2.296779671865e-02,        +6.431997365658e+01
 2.50765000e+00,        -2.296177373245e-02,        +6.429988403894e+01
 2.50767500e+00,        -2.295575263615e-02,        +6.427979718661e+01
 2.50770000e+00,        -2.294973343100e-02,        +6.425971309545e+01
 2.50772500e+00,        -2.294371611462e-02,        +6.423963176130e+01
 2.50775000e+00,        -2.293770068473e-02,        +6.421955318004e+01
 2.50777500e+00,        -2.293168714221e-02,        +6.419947734754e+01
 2.50780000e+00,        -2.292567548553e-02,        +6.417940425964e+01
 2.50782500e+00,        -2.291966571298e-02,        +6.415933391225e+01
 2.50785000e+00,        -2.291365782401e-02,        +6.413926630122e+01
 2.50787500e+00,        -2.290765181585e-02,        +6.411920142244e+01
 2.50790000e+00,        -2.290164768970e-02,        +6.409913927179e+01
 2.50792500e+00,        -2.289564544334e-02,        +6.407907984516e+01
 2.50795000e+00,        -2.288964507468e-02,        +6.405902313843e+01
 2.50797500e+00,        -2.288364658423e-02,        +6.403896914751e+01
 2.50800000e+00,        -2.287764996909e-02,        +6.401891786829e+01
 2.50802500e+00,        -2.287165523165e-02,        +6.399886929667e+01
 2.50805000e+00,        -2.286566236477e-02,        +6.397882342855e+01
 2.50807500e+00,        -2.285967137400e-02,        +6.395878025985e+01
 2.50810000e+00,        -2.285368225252e-02,        +6.393873978647e+01
 2.50812500e+00,        -2.284769500342e-02,        +6.391870200432e+01
 2.50815000e+00,        -2.284170962328e-02,        +6.389866690933e+01
 2.50817500e+00,        -2.283572611246e-02,        +6.387863449742e+01
 2.50820000e+00,        -2.282974446723e-02,        +6.385860476451e+01
 2.50822500e+00,        -2.282376468967e-02,        +6.383857770654e+01
 2.50825000e+00,        -2.281778677677e-02,        +6.381855331942e+01
 2.50827500e+00,        -2.281181072756e-02,        +6.379853159910e+01
 2.50830000e+00,        -2.280583654234e-02,        +6.377851254152e+01
 2.50832500e+00,        -2.279986421813e-02,        +6.375849614262e+01
 2.50835000e+00,        -2.279389375415e-02,        +6.373848239834e+01
 2.50837500e+00,        -2.278792515070e-02,        +6.371847130463e+01
 2.50840000e+00,        -2.278195840489e-02,        +6.369846285745e+01
 2.50842500e+00,        -2.277599351612e-02,        +6.367845705274e+01
 2.50845000e+00,        -2.277003048590e-02,        +6.365845388648e+01
 2.50847500e+00,        -2.276406930824e-02,        +6.363845335461e+01
 2.50850000e+00,        -2.275810998723e-02,        +6.361845545312e+01
 2.50852500e+00,        -2.275215251673e-02,        +6.359846017795e+01
 2.50855000e+00,        -2.274619689929e-02,        +6.357846752509e+01
 2.50857500e+00,        -2.274024313233e-02,        +6.355847749050e+01
 2.50860000e+00,        -2.273429121478e-02,        +6.353849007019e+01
 2.50862500e+00,        -2.272834114672e-02,        +6.351850526011e+01
 2.50865000e+00,        -2.272239292550e-02,        +6.349852305626e+01
 2.50867500e+00,        -2.271644655254e-02,        +6.347854345463e+01
 2.50870000e+00,        -2.271050202380e-02,        +6.345856645121e+01
 2.50872500e+00,        -2.270455933937e-02,        +6.343859204198e+01
 2.50875000e+00,        -2.269861849909e-02,        +6.341862022296e+01
 2.50877500e+00,        -2.269267949858e-02,        +6.339865099014e+01
 2.50880000e+00,        -2.268674234309e-02,        +6.337868433952e+01
 2.50882500e+00,        -2.268080702547e-02,        +6.335872026713e+01
 2.50885000e+00,        -2.267487354568e-02,        +6.333875876895e+01
 2.50887500e+00,        -2.266894190488e-02,        +6.331879984102e+01
 2.50890000e+00,        -2.266301210178e-02,        +6.329884347935e+01
 2.50892500e+00,        -2.265708413495e-02,        +6.327888967995e+01
 2.50895000e+00,        -2.265115800064e-02,        +6.325893843886e+01
 2.50897500e+00,        -2.264523370347e-02,        +6.323898975210e+01
 2.50900000e+00,        -2.263931123606e-02,        +6.321904361570e+01
 2.50902500e+00,        -2.263339060174e-02,        +6.319910002569e+01
 2.50905000e+00,        -2.262747179637e-02,        +6.317915897811e+01
 2.50907500e+00,        -2.262155482279e-02,        +6.315922046901e+01
 2.50910000e+00,        -2.261563967645e-02,        +6.313928449442e+01
 2.50912500e+00,        -2.260972635745e-02,        +6.311935105038e+01
 2.50915000e+00,        -2.260381486587e-02,        +6.309942013297e+01
 2.50917500e+00,        -2.259790519837e-02,        +6.307949173820e+01
 2.50920000e+00,        -2.259199735643e-02,        +6.305956586216e+01
 2.50922500e+00,        -2.258609133772e-02,        +6.303964250089e+01
 2.50925000e+00,        -2.258018714023e-02,        +6.301972165046e+01
 2.50927500e+00,        -2.257428476468e-02,        +6.299980330693e+01
 2.50930000e+00,        -2.256838420967e-02,        +6.297988746637e+01
 2.50932500e+00,        -2.256248547324e-02,        +6.295997412486e+01
 2.50935000e+00,        -2.255658855489e-02,        +6.294006327845e+01
 2.50937500e+00,        -2.255069345436e-02,        +6.292015492324e+01
 2.50940000e+00,        -2.254480016959e-02,        +6.290024905530e+01
 2.50942500e+00,        -2.253890870053e-02,        +6.288034567073e+01
 2.50945000e+00,        -2.253301904637e-02,        +6.286044476559e+01
 2.50947500e+00,        -2.252713120338e-02,        +6.284054633598e+01
 2.50950000e+00,        -2.252124517303e-02,        +6.282065037800e+01
 2.50952500e+00,        -2.251536095418e-02,        +6.280075688774e+01
 2.50955000e+00,        -2.250947854504e-02,        +6.278086586129e+01
 2.50957500e+00,        -2.250359794527e-02,        +6.276097729477e+01
 2.50960000e+00,        -2.249771915302e-02,        +6.274109118427e+01
 2.50962500e+00,        -2.249184216867e-02,        +6.272120752589e+01
 2.50965000e+00,        -2.248596698910e-02,        +6.270132631576e+01
 2.50967500e+00,        -2.248009361673e-02,        +6.268144754999e+01
 2.50970000e+00,        -2.247422204543e-02,        +6.266157122469e+01
 2.50972500e+00,        -2.246835227941e-02,        +6.264169733598e+01
 2.50975000e+00,        -2.246248431465e-02,        +6.262182587998e+01
 2.50977500e+00,        -2.245661815244e-02,        +6.260195685283e+01
 2.50980000e+00,        -2.245075378777e-02,        +6.258209025063e+01
 2.50982500e+00,        -2.244489122409e-02,        +6.256222606953e+01
 2.50985000e+00,        -2.243903045761e-02,        +6.254236430567e+01
 2.50987500e+00,        -2.243317148879e-02,        +6.252250495518e+01
 2.50990000e+00,        -2.242731431618e-02,        +6.250264801419e+01
 2.50992500e+00,        -2.242145893803e-02,        +6.248279347886e+01
 2.50995000e+00,        -2.241560535458e-02,        +6.246294134532e+01
 2.50997500e+00,        -2.240975356519e-02,        +6.244309160974e+01
 2.51000000e+00,        -2.240390356766e-02,        +6.242324426825e+01
 2.51002500e+00,        -2.239805536007e-02,        +6.240339931701e+01
 2.51005000e+00,        -2.239220894446e-02,        +6.238355675218e+01
 2.51007500e+00,        -2.238636431660e-02,        +6.236371656992e+01
 2.51010000e+00,        -2.238052147857e-02,        +6.234387876640e+01
 2.51012500e+00,        -2.237468042699e-02,        +6.232404333777e+01
 2.51015000e+00,        -2.236884116181e-02,        +6.230421028021e+01
 2.51017500e+00,        -2.236300368240e-02,        +6.228437958989e+01
 2.51020000e+00,        -2.235716798776e-02,        +6.226455126298e+01
 2.51022500e+00,        -2.235133407656e-02,        +6.224472529566e+01
 2.51025000e+00,        -2.234550194777e-02,        +6.222490168412e+01
 2.51027500e+00,        -2.233967160025e-02,        +6.220508042453e+01
 2.51030000e+00,        -2.233384303417e-02,        +6.218526151308e+01
 2.51032500e+00,        -2.232801624805e-02,        +6.216544494596e+01
 2.51035000e+00,        -2.232219123888e-02,        +6.214563071934e+01
 2.51037500e+00,        -2.231636801043e-02,        +6.212581882946e+01
 2.51040000e+00,        -2.231054655701e-02,        +6.210600927247e+01
 2.51042500e+00,        -2.230472688045e-02,        +6.208620204460e+01
 2.51045000e+00,        -2.229890897740e-02,        +6.206639714204e+01
 2.51047500e+00,        -2.229309284961e-02,        +6.204659456100e+01
 2.51050000e+00,        -2.228727849466e-02,        +6.202679429769e+01
 2.51052500e+00,        -2.228146591291e-02,        +6.200699634831e+01
 2.51055000e+00,        -2.227565510115e-02,        +6.198720070908e+01
 2.51057500e+00,        -2.226984605991e-02,        +6.196740737622e+01
 2.51060000e+00,        -2.226403878791e-02,        +6.194761634594e+01
 2.51062500e+00,        -2.225823328629e-02,        +6.192782761447e+01
 2.51065000e+00,        -2.225242954976e-02,        +6.190804117804e+01
 2.51067500e+00,        -2.224662758160e-02,        +6.188825703285e+01
 2.51070000e+00,        -2.224082737881e-02,        +6.186847517516e+01
 2.51072500e+00,        -2.223502893961e-02,        +6.184869560118e+01
 2.51075000e+00,        -2.222923226476e-02,        +6.182891830716e+01
 2.51077500e+00,        -2.222343735359e-02,        +6.180914328934e+01
 2.51080000e+00,        -2.221764420419e-02,        +6.178937054395e+01
 2.51082500e+00,        -2.221185281628e-02,        +6.176960006724e+01
 2.51085000e+00,        -2.220606318705e-02,        +6.174983185544e+01
 2.51087500e+00,        -2.220027531893e-02,        +6.173006590483e+01
 2.51090000e+00,        -2.219448920861e-02,        +6.171030221163e+01
 2.51092500e+00,        -2.218870485520e-02,        +6.169054077210e+01
 2.51095000e+00,        -2.218292225827e-02,        +6.167078158252e+01
 2.51097500e+00,        -2.217714141816e-02,        +6.165102463912e+01
 2.51100000e+00,        -2.217136233179e-02,        +6.163126993818e+01
 2.51102500e+00,        -2.216558499955e-02,        +6.161151747595e+01
 2.51105000e+00,        -2.215980942021e-02,        +6.159176724871e+01
 2.51107500e+00,        -2.215403559334e-02,        +6.157201925273e+01
 2.51110000e+00,        -2.214826351831e-02,        +6.155227348427e+01
 2.51112500e+00,        -2.214249319159e-02,        +6.153252993962e+01
 2.51115000e+00,        -2.213672461492e-02,        +6.151278861503e+01
 2.51117500e+00,        -2.213095778822e-02,        +6.149304950681e+01
 2.51120000e+00,        -2.212519270748e-02,        +6.147331261123e+01
 2.51122500e+00,        -2.211942937402e-02,        +6.145357792458e+01
 2.51125000e+00,        -2.211366778633e-02,        +6.143384544314e+01
 2.51127500e+00,        -2.210790794391e-02,        +6.141411516320e+01
 2.51130000e+00,        -2.210214984494e-02,        +6.139438708106e+01
 2.51132500e+00,        -2.209639349017e-02,        +6.137466119302e+01
 2.51135000e+00,        -2.209063887631e-02,        +6.135493749536e+01
 2.51137500e+00,        -2.208488600508e-02,        +6.133521598440e+01
 2.51140000e+00,        -2.207913487456e-02,        +6.131549665642e+01
 2.51142500e+00,        -2.207338548302e-02,        +6.129577950775e+01
 2.51145000e+00,        -2.206763782959e-02,        +6.127606453468e+01
 2.51147500e+00,        -2.206189191648e-02,        +6.125635173352e+01
 2.51150000e+00,        -2.205614773853e-02,        +6.123664110060e+01
 2.51152500e+00,        -2.205040529622e-02,        +6.121693263222e+01
 2.51155000e+00,        -2.204466459139e-02,        +6.119722632471e+01
 2.51157500e+00,        -2.203892561998e-02,        +6.117752217437e+01
 2.51160000e+00,        -2.203318838296e-02,        +6.115782017754e+01
 2.51162500e+00,        -2.202745287709e-02,        +6.113812033055e+01
 2.51165000e+00,        -2.202171910392e-02,        +6.111842262972e+01
 2.51167500e+00,        -2.201598706206e-02,        +6.109872707137e+01
 2.51170000e+00,        -2.201025674967e-02,        +6.107903365184e+01
 2.51172500e+00,        -2.200452816690e-02,        +6.105934236747e+01
 2.51175000e+00,        -2.199880131335e-02,        +6.103965321460e+01
 2.51177500e+00,        -2.199307618725e-02,        +6.101996618956e+01
 2.51180000e+00,        -2.198735278795e-02,        +6.100028128870e+01
 2.51182500e+00,        -2.198163111415e-02,        +6.098059850836e+01
 2.51185000e+00,        -2.197591116586e-02,        +6.096091784489e+01
 2.51187500e+00,        -2.197019294221e-02,        +6.094123929464e+01
 2.51190000e+00,        -2.196447644087e-02,        +6.092156285396e+01
 2.51192500e+00,        -2.195876166226e-02,        +6.090188851921e+01
 2.51195000e+00,        -2.195304860604e-02,        +6.088221628673e+01
 2.51197500e+00,        -2.194733727114e-02,        +6.086254615290e+01
 2.51200000e+00,        -2.194162765489e-02,        +6.084287811407e+01
 2.51202500e+00,        -2.193591975922e-02,        +6.082321216662e+01
 2.51205000e+00,        -2.193021358159e-02,        +6.080354830688e+01
 2.51207500e+00,        -2.192450912103e-02,        +6.078388653126e+01
 2.51210000e+00,        -2.191880637835e-02,        +6.076422683611e+01
 2.51212500e+00,        -2.191310535097e-02,        +6.074456921781e+01
 2.51215000e+00,        -2.190740603845e-02,        +6.072491367272e+01
 2.51217500e+00,        -2.190170844085e-02,        +6.070526019724e+01
 2.51220000e+00,        -2.189601255632e-02,        +6.068560878774e+01
 2.51222500e+00,        -2.189031838381e-02,        +6.066595944061e+01
 2.51225000e+00,        -2.188462592289e-02,        +6.064631215222e+01
 2.51227500e+00,        -2.187893517506e-02,        +6.062666691896e+01
 2.51230000e+00,        -2.187324613552e-02,        +6.060702373724e+01
 2.51232500e+00,        -2.186755880544e-02,        +6.058738260343e+01
 2.51235000e+00,        -2.186187318568e-02,        +6.056774351393e+01
 2.51237500e+00,        -2.185618927149e-02,        +6.054810646514e+01
 2.51240000e+00,        -2.185050706528e-02,        +6.052847145347e+01
 2.51242500e+00,        -2.184482656587e-02,        +6.050883847530e+01
 2.51245000e+00,        -2.183914777153e-02,        +6.048920752704e+01
 2.51247500e+00,        -2.183347068080e-02,        +6.046957860510e+01
 2.51250000e+00,        -2.182779529389e-02,        +6.044995170589e+01
 2.51252500e+00,        -2.182212160984e-02,        +6.043032682582e+01
 2.51255000e+00,        -2.181644962957e-02,        +6.041070396129e+01
 2.51257500e+00,        -2.181077934938e-02,        +6.039108310873e+01
 2.51260000e+00,        -2.180511076918e-02,        +6.037146426454e+01
 2.51262500e+00,        -2.179944389023e-02,        +6.035184742516e+01
 2.51265000e+00,        -2.179377870979e-02,        +6.033223258699e+01
 2.51267500e+00,        -2.178811522693e-02,        +6.031261974648e+01
 2.51270000e+00,        -2.178245344106e-02,        +6.029300890003e+01
 2.51272500e+00,        -2.177679335239e-02,        +6.027340004408e+01
 2.51275000e+00,        -2.177113495943e-02,        +6.025379317506e+01
 2.51277500e+00,        -2.176547826117e-02,        +6.023418828940e+01
 2.51280000e+00,        -2.175982325774e-02,        +6.021458538354e+01
 2.51282500e+00,        -2.175416994758e-02,        +6.019498445390e+01
 2.51285000e+00,        -2.174851832941e-02,        +6.017538549694e+01
 2.51287500e+00,        -2.174286840502e-02,        +6.015578850910e+01
 2.51290000e+00,        -2.173722016976e-02,        +6.013619348681e+01
 2.51292500e+00,        -2.173157362578e-02,        +6.011660042653e+01
 2.51295000e+00,        -2.172592877111e-02,        +6.009700932469e+01
 2.51297500e+00,        -2.172028560449e-02,        +6.007742017775e+01
 2.51300000e+00,        -2.171464412815e-02,        +6.005783298217e+01
 2.51302500e+00,        -2.170900433703e-02,        +6.003824773438e+01
 2.51305000e+00,        -2.170336623246e-02,        +6.001866443086e+01
 2.51307500e+00,        -2.169772981464e-02,        +5.999908306806e+01
 2.51310000e+00,        -2.169209508135e-02,        +5.997950364245e+01
 2.51312500e+00,        -2.168646203239e-02,        +5.995992615047e+01
 2.51315000e+00,        -2.168083066651e-02,        +5.994035058861e+01
 2.51317500e+00,        -2.167520098277e-02,        +5.992077695331e+01
 2.51320000e+00,        -2.166957298187e-02,        +5.990120524107e+01
 2.51322500e+00,        -2.166394666253e-02,        +5.988163544834e+01
 2.51325000e+00,        -2.165832202235e-02,        +5.986206757159e+01
 2.51327500e+00,        -2.165269906216e-02,        +5.984250160731e+01
 2.51330000e+00,        -2.164707778215e-02,        +5.982293755197e+01
 2.51332500e+00,        -2.164145817873e-02,        +5.980337540205e+01
 2.51335000e+00,        -2.163584025340e-02,        +5.978381515403e+01
 2.51337500e+00,        -2.163022400385e-02,        +5.976425680441e+01
 2.51340000e+00,        -2.162460943155e-02,        +5.974470034965e+01
 2.51342500e+00,        -2.161899653423e-02,        +5.972514578625e+01
 2.51345000e+00,        -2.161338530942e-02,        +5.970559311069e+01
 2.51347500e+00,        -2.160777576004e-02,        +5.968604231948e+01
 2.51350000e+00,        -2.160216788378e-02,        +5.966649340910e+01
 2.51352500e+00,        -2.159656167996e-02,        +5.964694637606e+01
 2.51355000e+00,        -2.159095714566e-02,        +5.962740121683e+01
 2.51357500e+00,        -2.158535428389e-02,        +5.960785792794e+01
 2.51360000e+00,        -2.157975309115e-02,        +5.958831650587e+01
 2.51362500e+00,        -2.157415356833e-02,        +5.956877694715e+01
 2.51365000e+00,        -2.156855571344e-02,        +5.954923924826e+01
 2.51367500e+00,        -2.156295952582e-02,        +5.952970340571e+01
 2.51370000e+00,        -2.155736500665e-02,        +5.951016941602e+01
 2.51372500e+00,        -2.155177215408e-02,        +5.949063727571e+01
 2.51375000e+00,        -2.154618096543e-02,        +5.947110698127e+01
 2.51377500e+00,        -2.154059144215e-02,        +5.945157852924e+01
 2.51380000e+00,        -2.153500358465e-02,        +5.943205191612e+01
 2.51382500e+00,        -2.152941738866e-02,        +5.941252713844e+01
 2.51385000e+00,        -2.152383285676e-02,        +5.939300419272e+01
 2.51387500e+00,        -2.151824998476e-02,        +5.937348307547e+01
 2.51390000e+00,        -2.151266877670e-02,        +5.935396378324e+01
 2.51392500e+00,        -2.150708922826e-02,        +5.933444631255e+01
 2.51395000e+00,        -2.150151133973e-02,        +5.931493065992e+01
 2.51397500e+00,        -2.149593510955e-02,        +5.929541682187e+01
 2.51400000e+00,        -2.149036053817e-02,        +5.927590479497e+01
 2.51402500e+00,        -2.148478762509e-02,        +5.925639457573e+01
 2.51405000e+00,        -2.147921636817e-02,        +5.923688616069e+01
 2.51407500e+00,        -2.147364676814e-02,        +5.921737954640e+01
 2.51410000e+00,        -2.146807882458e-02,        +5.919787472938e+01
 2.51412500e+00,        -2.146251253416e-02,        +5.917837170620e+01
 2.51415000e+00,        -2.145694789965e-02,        +5.915887047338e+01
 2.51417500e+00,        -2.145138491763e-02,        +5.913937102749e+01
 2.51420000e+00,        -2.144582358837e-02,        +5.911987336506e+01
 2.51422500e+00,        -2.144026391130e-02,        +5.910037748264e+01
 2.51425000e+00,        -2.143470588638e-02,        +5.908088337680e+01
 2.51427500e+00,        -2.142914951201e-02,        +5.906139104409e+01
 2.51430000e+00,        -2.142359478661e-02,        +5.904190048104e+01
 2.51432500e+00,        -2.141804171119e-02,        +5.902241168424e+01
 2.51435000e+00,        -2.141249028553e-02,        +5.900292465025e+01
 2.51437500e+00,        -2.140694050611e-02,        +5.898343937560e+01
 2.51440000e+00,        -2.140139237507e-02,        +5.896395585689e+01
 2.51442500e+00,        -2.139584588976e-02,        +5.894447409066e+01
 2.51445000e+00,        -2.139030105157e-02,        +5.892499407349e+01
 2.51447500e+00,        -2.138475785777e-02,        +5.890551580194e+01
 2.51450000e+00,        -2.137921630853e-02,        +5.888603927260e+01
 2.51452500e+00,        -2.137367640269e-02,        +5.886656448202e+01
 2.51455000e+00,        -2.136813814100e-02,        +5.884709142679e+01
 2.51457500e+00,        -2.136260152200e-02,        +5.882762010348e+01
 2.51460000e+00,        -2.135706654396e-02,        +5.880815050867e+01
 2.51462500e+00,        -2.135153320714e-02,        +5.878868263894e+01
 2.51465000e+00,        -2.134600151128e-02,        +5.876921649086e+01
 2.51467500e+00,        -2.134047145552e-02,        +5.874975206104e+01
 2.51470000e+00,        -2.133494303839e-02,        +5.873028934605e+01
 2.51472500e+00,        -2.132941625974e-02,        +5.871082834248e+01
 2.51475000e+00,        -2.132389111927e-02,        +5.869136904691e+01
 2.51477500e+00,        -2.131836761548e-02,        +5.867191145594e+01
 2.51480000e+00,        -2.131284574838e-02,        +5.865245556616e+01
 2.51482500e+00,        -2.130732551676e-02,        +5.863300137416e+01
 2.51485000e+00,        -2.130180692058e-02,        +5.861354887654e+01
 2.51487500e+00,        -2.129628995904e-02,        +5.859409806991e+01
 2.51490000e+00,        -2.129077463081e-02,        +5.857464895085e+01
 2.51492500e+00,        -2.128526093725e-02,        +5.855520151598e+01
 2.51495000e+00,        -2.127974887495e-02,        +5.853575576189e+01
 2.51497500e+00,        -2.127423844430e-02,        +5.851631168518e+01
 2.51500000e+00,        -2.126872964533e-02,        +5.849686928247e+01
 2.51502500e+00,        -2.126322247777e-02,        +5.847742855036e+01
 2.51505000e+00,        -2.125771693839e-02,        +5.845798948547e+01
 2.51507500e+00,        -2.125221302970e-02,        +5.843855208440e+01
 2.51510000e+00,        -2.124671074804e-02,        +5.841911634376e+01
 2.51512500e+00,        -2.124121009640e-02,        +5.839968226018e+01
 2.51515000e+00,        -2.123571107120e-02,        +5.838024983027e+01
 2.51517500e+00,        -2.123021367171e-02,        +5.836081905065e+01
 2.51520000e+00,        -2.122471789935e-02,        +5.834138991794e+01
 2.51522500e+00,        -2.121922375317e-02,        +5.832196242876e+01
 2.51525000e+00,        -2.121373122996e-02,        +5.830253657973e+01
 2.51527500e+00,        -2.120824033111e-02,        +5.828311236748e+01
 2.51530000e+00,        -2.120275105738e-02,        +5.826368978864e+01
 2.51532500e+00,        -2.119726340495e-02,        +5.824426883984e+01
 2.51535000e+00,        -2.119177737611e-02,        +5.822484951770e+01
 2.51537500e+00,        -2.118629296815e-02,        +5.820543181886e+01
 2.51540000e+00,        -2.118081018031e-02,        +5.818601573995e+01
 2.51542500e+00,        -2.117532901483e-02,        +5.816660127761e+01
 2.51545000e+00,        -2.116984946715e-02,        +5.814718842847e+01
 2.51547500e+00,        -2.116437153913e-02,        +5.812777718917e+01
 2.51550000e+00,        -2.115889522933e-02,        +5.810836755636e+01
 2.51552500e+00,        -2.115342053790e-02,        +5.808895952666e+01
 2.51555000e+00,        -2.114794746297e-02,        +5.806955309673e+01
 2.51557500e+00,        -2.114247600471e-02,        +5.805014826322e+01
 2.51560000e+00,        -2.113700616286e-02,        +5.803074502277e+01
 2.51562500e+00,        -2.113153793646e-02,        +5.801134337203e+01
 2.51565000e+00,        -2.112607132569e-02,        +5.799194330764e+01
 2.51567500e+00,        -2.112060632698e-02,        +5.797254482626e+01
 2.51570000e+00,        -2.111514294267e-02,        +5.795314792454e+01
 2.51572500e+00,        -2.110968117117e-02,        +5.793375259914e+01
 2.51575000e+00,        -2.110422101196e-02,        +5.791435884671e+01
 2.51577500e+00,        -2.109876246479e-02,        +5.789496666391e+01
 2.51580000e+00,        -2.109330552907e-02,        +5.787557604741e+01
 2.51582500e+00,        -2.108785020211e-02,        +5.785618699385e+01
 2.51585000e+00,        -2.108239648626e-02,        +5.783679949991e+01
 2.51587500e+00,        -2.107694438010e-02,        +5.781741356224e+01
 2.51590000e+00,        -2.107149388163e-02,        +5.779802917752e+01
 2.51592500e+00,        -2.106604499066e-02,        +5.777864634241e+01
 2.51595000e+00,        -2.106059770903e-02,        +5.775926505358e+01
 2.51597500e+00,        -2.105515203332e-02,        +5.773988530769e+01
 2.51600000e+00,        -2.104970796331e-02,        +5.772050710143e+01
 2.51602500e+00,        -2.104426549872e-02,        +5.770113043147e+01
 2.51605000e+00,        -2.103882463966e-02,        +5.768175529447e+01
 2.51607500e+00,        -2.103338538557e-02,        +5.766238168712e+01
 2.51610000e+00,        -2.102794773558e-02,        +5.764300960610e+01
 2.51612500e+00,        -2.102251168711e-02,        +5.762363904808e+01
 2.51615000e+00,        -2.101707724318e-02,        +5.760427000975e+01
 2.51617500e+00,        -2.101164439982e-02,        +5.758490248778e+01
 2.51620000e+00,        -2.100621315783e-02,        +5.756553647886e+01
 2.51622500e+00,        -2.100078351853e-02,        +5.754617197969e+01
 2.51625000e+00,        -2.099535547845e-02,        +5.752680898693e+01
 2.51627500e+00,        -2.098992903806e-02,        +5.750744749729e+01
 2.51630000e+00,        -2.098450419658e-02,        +5.748808750745e+01
 2.51632500e+00,        -2.097908095297e-02,        +5.746872901410e+01
 2.51635000e+00,        -2.097365930924e-02,        +5.744937201394e+01
 2.51637500e+00,        -2.096823926211e-02,        +5.743001650367e+01
 2.51640000e+00,        -2.096282081193e-02,        +5.741066247997e+01
 2.51642500e+00,        -2.095740395761e-02,        +5.739130993954e+01
 2.51645000e+00,        -2.095198869894e-02,        +5.737195887909e+01
 2.51647500e+00,        -2.094657503552e-02,        +5.735260929531e+01
 2.51650000e+00,        -2.094116296711e-02,        +5.733326118491e+01
 2.51652500e+00,        -2.093575249283e-02,        +5.731391454460e+01
 2.51655000e+00,        -2.093034361164e-02,        +5.729456937105e+01
 2.51657500e+00,        -2.092493632225e-02,        +5.727522566100e+01
 2.51660000e+00,        -2.091953062651e-02,        +5.725588341115e+01
 2.51662500e+00,        -2.091412652163e-02,        +5.723654261820e+01
 2.51665000e+00,        -2.090872400804e-02,        +5.721720327887e+01
 2.51667500e+00,        -2.090332308513e-02,        +5.719786538987e+01
 2.51670000e+00,        -2.089792375310e-02,        +5.717852894791e+01
 2.51672500e+00,        -2.089252600766e-02,        +5.715919394970e+01
 2.51675000e+00,        -2.088712985415e-02,        +5.713986039197e+01
 2.51677500e+00,        -2.088173528757e-02,        +5.712052827142e+01
 2.51680000e+00,        -2.087634230911e-02,        +5.710119758478e+01
 2.51682500e+00,        -2.087095091827e-02,        +5.708186832878e+01
 2.51685000e+00,        -2.086556111407e-02,        +5.706254050011e+01
 2.51687500e+00,        -2.086017289481e-02,        +5.704321409553e+01
 2.51690000e+00,        -2.085478626258e-02,        +5.702388911174e+01
 2.51692500e+00,        -2.084940121531e-02,        +5.700456554547e+01
 2.51695000e+00,        -2.084401775179e-02,        +5.698524339345e+01
 2.51697500e+00,        -2.083863587134e-02,        +5.696592265241e+01
 2.51700000e+00,        -2.083325557472e-02,        +5.694660331908e+01
 2.51702500e+00,        -2.082787686170e-02,        +5.692728539019e+01
 2.51705000e+00,        -2.082249973125e-02,        +5.690796886247e+01
 2.51707500e+00,        -2.081712418054e-02,        +5.688865373265e+01
 2.51710000e+00,        -2.081175021245e-02,        +5.686933999747e+01
 2.51712500e+00,        -2.080637782583e-02,        +5.685002765367e+01
 2.51715000e+00,        -2.080100701785e-02,        +5.683071669799e+01
 2.51717500e+00,        -2.079563778991e-02,        +5.681140712716e+01
 2.51720000e+00,        -2.079027014144e-02,        +5.679209893792e+01
 2.51722500e+00,        -2.078490407130e-02,        +5.677279212702e+01
 2.51725000e+00,        -2.077953957952e-02,        +5.675348669120e+01
 2.51727500e+00,        -2.077417666398e-02,        +5.673418262720e+01
 2.51730000e+00,        -2.076881532549e-02,        +5.671487993177e+01
 2.51732500e+00,        -2.076345556390e-02,        +5.669557860167e+01
 2.51735000e+00,        -2.075809737859e-02,        +5.667627863363e+01
 2.51737500e+00,        -2.075274076858e-02,        +5.665698002440e+01
 2.51740000e+00,        -2.074738573170e-02,        +5.663768277073e+01
 2.51742500e+00,        -2.074203227071e-02,        +5.661838686938e+01
 2.51745000e+00,        -2.073668038423e-02,        +5.659909231711e+01
 2.51747500e+00,        -2.073133006934e-02,        +5.657979911067e+01
 2.51750000e+00,        -2.072598132648e-02,        +5.656050724680e+01
 2.51752500e+00,        -2.072063415766e-02,        +5.654121672228e+01
 2.51755000e+00,        -2.071528856030e-02,        +5.652192753386e+01
 2.51757500e+00,        -2.070994453329e-02,        +5.650263967829e+01
 2.51760000e+00,        -2.070460207680e-02,        +5.648335315234e+01
 2.51762500e+00,        -2.069926119192e-02,        +5.646406795278e+01
 2.51765000e+00,        -2.069392187417e-02,        +5.644478407636e+01
 2.51767500e+00,        -2.068858412766e-02,        +5.642550151985e+01
 2.51770000e+00,        -2.068324794964e-02,        +5.640622028002e+01
 2.51772500e+00,        -2.067791333794e-02,        +5.638694035363e+01
 2.51775000e+00,        -2.067258029475e-02,        +5.636766173746e+01
 2.51777500e+00,        -2.066724881849e-02,        +5.634838442827e+01
 2.51780000e+00,        -2.066191890938e-02,        +5.632910842284e+01
 2.51782500e+00,        -2.065659056629e-02,        +5.630983371793e+01
 2.51785000e+00,        -2.065126378773e-02,        +5.629056031032e+01
 2.51787500e+00,        -2.064593857487e-02,        +5.627128819678e+01
 2.51790000e+00,        -2.064061492685e-02,        +5.625201737410e+01
 2.51792500e+00,        -2.063529284191e-02,        +5.623274783904e+01
 2.51795000e+00,        -2.062997232079e-02,        +5.621347958839e+01
 2.51797500e+00,        -2.062465336326e-02,        +5.619421261893e+01
 2.51800000e+00,        -2.061933596903e-02,        +5.617494692743e+01
 2.51802500e+00,        -2.061402013479e-02,        +5.615568251068e+01
 2.51805000e+00,        -2.060870586288e-02,        +5.613641936546e+01
 2.51807500e+00,        -2.060339315303e-02,        +5.611715748855e+01
 2.51810000e+00,        -2.059808200330e-02,        +5.609789687675e+01
 2.51812500e+00,        -2.059277241302e-02,        +5.607863752683e+01
 2.51815000e+00,        -2.058746438243e-02,        +5.605937943559e+01
 2.51817500e+00,        -2.058215791100e-02,        +5.604012259982e+01
 2.51820000e+00,        -2.057685299906e-02,        +5.602086701630e+01
 2.51822500e+00,        -2.057154964423e-02,        +5.600161268182e+01
 2.51825000e+00,        -2.056624784666e-02,        +5.598235959319e+01
 2.51827500e+00,        -2.056094760748e-02,        +5.596310774718e+01
 2.51830000e+00,        -2.055564892403e-02,        +5.594385714061e+01
 2.51832500e+00,        -2.055035179778e-02,        +5.592460777024e+01
 2.51835000e+00,        -2.054505622525e-02,        +5.590535963291e+01
 2.51837500e+00,        -2.053976220942e-02,        +5.588611272540e+01
 2.51840000e+00,        -2.053446974864e-02,        +5.586686704449e+01
 2.51842500e+00,        -2.052917884212e-02,        +5.584762258700e+01
 2.51845000e+00,        -2.052388948843e-02,        +5.582837934974e+01
 2.51847500e+00,        -2.051860168897e-02,        +5.580913732949e+01
 2.51850000e+00,        -2.051331544221e-02,        +5.578989652307e+01
 2.51852500e+00,        -2.050803074702e-02,        +5.577065692728e+01
 2.51855000e+00,        -2.050274760489e-02,        +5.575141853892e+01
 2.51857500e+00,        -2.049746601352e-02,        +5.573218135481e+01
 2.51860000e+00,        -2.049218597325e-02,        +5.571294537175e+01
 2.51862500e+00,        -2.048690748363e-02,        +5.569371058655e+01
 2.51865000e+00,        -2.048163054419e-02,        +5.567447699602e+01
 2.51867500e+00,        -2.047635515402e-02,        +5.565524459697e+01
 2.51870000e+00,        -2.047108131202e-02,        +5.563601338621e+01
 2.51872500e+00,        -2.046580902076e-02,        +5.561678336057e+01
 2.51875000e+00,        -2.046053827612e-02,        +5.559755451683e+01
 2.51877500e+00,        -2.045526908119e-02,        +5.557832685185e+01
 2.51880000e+00,        -2.045000143015e-02,        +5.555910036241e+01
 2.51882500e+00,        -2.044473532896e-02,        +5.553987504535e+01
 2.51885000e+00,        -2.043947077352e-02,        +5.552065089748e+01
 2.51887500e+00,        -2.043420776337e-02,        +5.550142791562e+01
 2.51890000e+00,        -2.042894629853e-02,        +5.548220609659e+01
 2.51892500e+00,        -2.042368637878e-02,        +5.546298543722e+01
 2.51895000e+00,        -2.041842800431e-02,        +5.544376593432e+01
 2.51897500e+00,        -2.041317117313e-02,        +5.542454758472e+01
 2.51900000e+00,        -2.040791588541e-02,        +5.540533038526e+01
 2.51902500e+00,        -2.040266214264e-02,        +5.538611433273e+01
 2.51905000e+00,        -2.039740994152e-02,        +5.536689942400e+01
 2.51907500e+00,        -2.039215928297e-02,        +5.534768565587e+01
 2.51910000e+00,        -2.038691016549e-02,        +5.532847302518e+01
 2.51912500e+00,        -2.038166259022e-02,        +5.530926152874e+01
 2.51915000e+00,        -2.037641655575e-02,        +5.529005116342e+01
 2.51917500e+00,        -2.037117206191e-02,        +5.527084192602e+01
 2.51920000e+00,        -2.036592910846e-02,        +5.525163381338e+01
 2.51922500e+00,        -2.036068769318e-02,        +5.523242682234e+01
 2.51925000e+00,        -2.035544781922e-02,        +5.521322094974e+01
 2.51927500e+00,        -2.035020948229e-02,        +5.519401619239e+01
 2.51930000e+00,        -2.034497268526e-02,        +5.517481254717e+01
 2.51932500e+00,        -2.033973742521e-02,        +5.515561001088e+01
 2.51935000e+00,        -2.033450370326e-02,        +5.513640858038e+01
 2.51937500e+00,        -2.032927151727e-02,        +5.511720825249e+01
 2.51940000e+00,        -2.032404086843e-02,        +5.509800902408e+01
 2.51942500e+00,        -2.031881175686e-02,        +5.507881089197e+01
 2.51945000e+00,        -2.031358418062e-02,        +5.505961385301e+01
 2.51947500e+00,        -2.030835813912e-02,        +5.504041790404e+01
 2.51950000e+00,        -2.030313363237e-02,        +5.502122304191e+01
 2.51952500e+00,        -2.029791066120e-02,        +5.500202926346e+01
 2.51955000e+00,        -2.029268922341e-02,        +5.498283656555e+01
 2.51957500e+00,        -2.028746931941e-02,        +5.496364494501e+01
 2.51960000e+00,        -2.028225094845e-02,        +5.494445439870e+01
 2.51962500e+00,        -2.027703411133e-02,        +5.492526492347e+01
 2.51965000e+00,        -2.027181880527e-02,        +5.490607651615e+01
 2.51967500e+00,        -2.026660503198e-02,        +5.488688917363e+01
 2.51970000e+00,        -2.026139279011e-02,        +5.486770289273e+01
 2.51972500e+00,        -2.025618207899e-02,        +5.484851767032e+01
 2.51975000e+00,        -2.025097289869e-02,        +5.482933350325e+01
 2.51977500e+00,        -2.024576524899e-02,        +5.481015038837e+01
 2.51980000e+00,        -2.024055912890e-02,        +5.479096832253e+01
 2.51982500e+00,        -2.023535454040e-02,        +5.477178730260e+01
 2.51985000e+00,        -2.023015147782e-02,        +5.475260732544e+01
 2.51987500e+00,        -2.022494994611e-02,        +5.473342838790e+01
 2.51990000e+00,        -2.021974994114e-02,        +5.471425048685e+01
 2.51992500e+00,        -2.021455146500e-02,        +5.469507361913e+01
 2.51995000e+00,        -2.020935451671e-02,        +5.467589778163e+01
 2.51997500e+00,        -2.020415909459e-02,        +5.465672297119e+01
 2.52000000e+00,        -2.019896519852e-02,        +5.463754918467e+01
