        f (GHz),               I_inc[1] (A),               Re{I[1]} (A),               Im{I[1]} (A)
 2.40000000e+00,        +1.414213562373e-01,        +2.825987739879e-01,        +4.051223674117e-03
 2.40002500e+00,        +1.414213562373e-01,        +2.825986464349e-01,        +4.049288751149e-03
 2.40005000e+00,        +1.414213562373e-01,        +2.825985185626e-01,        +4.047353325571e-03
 2.40007500e+00,        +1.414213562373e-01,        +2.825983903705e-01,        +4.045417396617e-03
 2.40010000e+00,        +1.414213562373e-01,        +2.825982618579e-01,        +4.043480963521e-03
 2.40012500e+00,        +1.414213562373e-01,        +2.825981330240e-01,        +4.041544025515e-03
 2.40015000e+00,        +1.414213562373e-01,        +2.825980038684e-01,        +4.039606581830e-03
 2.40017500e+00,        +1.414213562373e-01,        +2.825978743902e-01,        +4.037668631695e-03
 2.40020000e+00,        +1.414213562373e-01,        +2.825977445888e-01,        +4.035730174340e-03
 2.40022500e+00,        +1.414213562373e-01,        +2.825976144636e-01,        +4.033791208989e-03
 2.40025000e+00,        +1.414213562373e-01,        +2.825974840138e-01,        +4.031851734870e-03
 2.40027500e+00,        +1.414213562373e-01,        +2.825973532389e-01,        +4.029911751205e-03
 2.40030000e+00,        +1.414213562373e-01,        +2.825972221382e-01,        +4.027971257218e-03
 2.40032500e+00,        +1.414213562373e-01,        +2.825970907109e-01,        +4.026030252130e-03
 2.40035000e+00,        +1.414213562373e-01,        +2.825969589564e-01,        +4.024088735160e-03
 2.40037500e+00,        +1.414213562373e-01,        +2.825968268740e-01,        +4.022146705528e-03
 2.40040000e+00,        +1.414213562373e-01,        +2.825966944631e-01,        +4.020204162450e-03
 2.40042500e+00,        +1.414213562373e-01,        +2.825965617229e-01,        +4.018261105142e-03
 2.40045000e+00,        +1.414213562373e-01,        +2.825964286528e-01,        +4.016317532819e-03
 2.40047500e+00,        +1.414213562373e-01,        +2.825962952521e-01,        +4.014373444693e-03
 2.40050000e+00,        +1.414213562373e-01,        +2.825961615201e-01,        +4.012428839977e-03
 2.40052500e+00,        +1.414213562373e-01,        +2.825960274561e-01,        +4.010483717880e-03
 2.40055000e+00,        +1.414213562373e-01,        +2.825958930594e-01,        +4.008538077611e-03
 2.40057500e+00,        +1.414213562373e-01,        +2.825957583294e-01,        +4.006591918377e-03
 2.40060000e+00,        +1.414213562373e-01,        +2.825956232653e-01,        +4.004645239385e-03
 2.40062500e+00,        +1.414213562373e-01,        +2.825954878664e-01,        +4.002698039839e-03
 2.40065000e+00,        +1.414213562373e-01,        +2.825953521321e-01,        +4.000750318943e-03
 2.40067500e+00,        +1.414213562373e-01,        +2.825952160616e-01,        +3.998802075897e-03
 2.40070000e+00,        +1.414213562373e-01,        +2.825950796542e-01,        +3.996853309903e-03
 2.40072500e+00,        +1.414213562373e-01,        +2.825949429093e-01,        +3.994904020159e-03
 2.40075000e+00,        +1.414213562373e-01,        +2.825948058261e-01,        +3.992954205862e-03
 2.40077500e+00,        +1.414213562373e-01,        +2.825946684039e-01,        +3.991003866210e-03
 2.40080000e+00,        +1.414213562373e-01,        +2.825945306420e-01,        +3.989053000396e-03
 2.40082500e+00,        +1.414213562373e-01,        +2.825943925397e-01,        +3.987101607614e-03
 2.40085000e+00,        +1.414213562373e-01,        +2.825942540963e-01,        +3.985149687055e-03
 2.40087500e+00,        +1.414213562373e-01,        +2.825941153111e-01,        +3.983197237910e-03
 2.40090000e+00,        +1.414213562373e-01,        +2.825939761833e-01,        +3.981244259367e-03
 2.40092500e+00,        +1.414213562373e-01,        +2.825938367122e-01,        +3.979290750615e-03
 2.40095000e+00,        +1.414213562373e-01,        +2.825936968971e-01,        +3.977336710839e-03
 2.40097500e+00,        +1.414213562373e-01,        +2.825935567373e-01,        +3.975382139223e-03
 2.40100000e+00,        +1.414213562373e-01,        +2.825934162320e-01,        +3.973427034951e-03
 2.40102500e+00,        +1.414213562373e-01,        +2.825932753805e-01,        +3.971471397205e-03
 2.40105000e+00,        +1.414213562373e-01,        +2.825931341822e-01,        +3.969515225164e-03
 2.40107500e+00,        +1.414213562373e-01,        +2.825929926362e-01,        +3.967558518007e-03
 2.40110000e+00,        +1.414213562373e-01,        +2.825928507418e-01,        +3.965601274911e-03
 2.40112500e+00,        +1.414213562373e-01,        +2.825927084983e-01,        +3.963643495053e-03
 2.40115000e+00,        +1.414213562373e-01,        +2.825925659049e-01,        +3.961685177607e-03
 2.40117500e+00,        +1.414213562373e-01,        +2.825924229609e-01,        +3.959726321745e-03
 2.40120000e+00,        +1.414213562373e-01,        +2.825922796656e-01,        +3.957766926638e-03
 2.40122500e+00,        +1.414213562373e-01,        +2.825921360182e-01,        +3.955806991457e-03
 2.40125000e+00,        +1.414213562373e-01,        +2.825919920180e-01,        +3.953846515371e-03
 2.40127500e+00,        +1.414213562373e-01,        +2.825918476641e-01,        +3.951885497544e-03
 2.40130000e+00,        +1.414213562373e-01,        +2.825917029560e-01,        +3.949923937145e-03
 2.40132500e+00,        +1.414213562373e-01,        +2.825915578927e-01,        +3.947961833335e-03
 2.40135000e+00,        +1.414213562373e-01,        +2.825914124736e-01,        +3.945999185278e-03
 2.40137500e+00,        +1.414213562373e-01,        +2.825912666979e-01,        +3.944035992134e-03
 2.40140000e+00,        +1.414213562373e-01,        +2.825911205648e-01,        +3.942072253064e-03
 2.40142500e+00,        +1.414213562373e-01,        +2.825909740736e-01,        +3.940107967224e-03
 2.40145000e+00,        +1.414213562373e-01,        +2.825908272235e-01,        +3.938143133771e-03
 2.40147500e+00,        +1.414213562373e-01,        +2.825906800137e-01,        +3.936177751860e-03
 2.40150000e+00,        +1.414213562373e-01,        +2.825905324435e-01,        +3.934211820645e-03
 2.40152500e+00,        +1.414213562373e-01,        +2.825903845121e-01,        +3.932245339276e-03
 2.40155000e+00,        +1.414213562373e-01,        +2.825902362188e-01,        +3.930278306906e-03
 2.40157500e+00,        +1.414213562373e-01,        +2.825900875626e-01,        +3.928310722681e-03
 2.40160000e+00,        +1.414213562373e-01,        +2.825899385430e-01,        +3.926342585750e-03
 2.40162500e+00,        +1.414213562373e-01,        +2.825897891590e-01,        +3.924373895259e-03
 2.40165000e+00,        +1.414213562373e-01,        +2.825896394099e-01,        +3.922404650351e-03
 2.40167500e+00,        +1.414213562373e-01,        +2.825894892950e-01,        +3.920434850169e-03
 2.40170000e+00,        +1.414213562373e-01,        +2.825893388134e-01,        +3.918464493854e-03
 2.40172500e+00,        +1.414213562373e-01,        +2.825891879643e-01,        +3.916493580546e-03
 2.40175000e+00,        +1.414213562373e-01,        +2.825890367470e-01,        +3.914522109383e-03
 2.40177500e+00,        +1.414213562373e-01,        +2.825888851607e-01,        +3.912550079502e-03
 2.40180000e+00,        +1.414213562373e-01,        +2.825887332045e-01,        +3.910577490036e-03
 2.40182500e+00,        +1.414213562373e-01,        +2.825885808777e-01,        +3.908604340120e-03
 2.40185000e+00,        +1.414213562373e-01,        +2.825884281794e-01,        +3.906630628885e-03
 2.40187500e+00,        +1.414213562373e-01,        +2.825882751089e-01,        +3.904656355462e-03
 2.40190000e+00,        +1.414213562373e-01,        +2.825881216654e-01,        +3.902681518979e-03
 2.40192500e+00,        +1.414213562373e-01,        +2.825879678480e-01,        +3.900706118563e-03
 2.40195000e+00,        +1.414213562373e-01,        +2.825878136560e-01,        +3.898730153340e-03
 2.40197500e+00,        +1.414213562373e-01,        +2.825876590885e-01,        +3.896753622434e-03
 2.40200000e+00,        +1.414213562373e-01,        +2.825875041447e-01,        +3.894776524966e-03
 2.40202500e+00,        +1.414213562373e-01,        +2.825873488238e-01,        +3.892798860059e-03
 2.40205000e+00,        +1.414213562373e-01,        +2.825871931250e-01,        +3.890820626830e-03
 2.40207500e+00,        +1.414213562373e-01,        +2.825870370474e-01,        +3.888841824398e-03
 2.40210000e+00,        +1.414213562373e-01,        +2.825868805903e-01,        +3.886862451879e-03
 2.40212500e+00,        +1.414213562373e-01,        +2.825867237527e-01,        +3.884882508386e-03
 2.40215000e+00,        +1.414213562373e-01,        +2.825865665340e-01,        +3.882901993033e-03
 2.40217500e+00,        +1.414213562373e-01,        +2.825864089332e-01,        +3.880920904931e-03
 2.40220000e+00,        +1.414213562373e-01,        +2.825862509495e-01,        +3.878939243190e-03
 2.40222500e+00,        +1.414213562373e-01,        +2.825860925821e-01,        +3.876957006917e-03
 2.40225000e+00,        +1.414213562373e-01,        +2.825859338302e-01,        +3.874974195218e-03
 2.40227500e+00,        +1.414213562373e-01,        +2.825857746928e-01,        +3.872990807199e-03
 2.40230000e+00,        +1.414213562373e-01,        +2.825856151692e-01,        +3.871006841963e-03
 2.40232500e+00,        +1.414213562373e-01,        +2.825854552585e-01,        +3.869022298611e-03
 2.40235000e+00,        +1.414213562373e-01,        +2.825852949599e-01,        +3.867037176243e-03
 2.40237500e+00,        +1.414213562373e-01,        +2.825851342724e-01,        +3.865051473957e-03
 2.40240000e+00,        +1.414213562373e-01,        +2.825849731954e-01,        +3.863065190849e-03
 2.40242500e+00,        +1.414213562373e-01,        +2.825848117278e-01,        +3.861078326015e-03
 2.40245000e+00,        +1.414213562373e-01,        +2.825846498689e-01,        +3.859090878549e-03
 2.40247500e+00,        +1.414213562373e-01,        +2.825844876178e-01,        +3.857102847540e-03
 2.40250000e+00,        +1.414213562373e-01,        +2.825843249736e-01,        +3.855114232081e-03
 2.40252500e+00,        +1.414213562373e-01,        +2.825841619355e-01,        +3.853125031259e-03
 2.40255000e+00,        +1.414213562373e-01,        +2.825839985025e-01,        +3.851135244160e-03
 2.40257500e+00,        +1.414213562373e-01,        +2.825838346739e-01,        +3.849144869870e-03
 2.40260000e+00,        +1.414213562373e-01,        +2.825836704488e-01,        +3.847153907472e-03
 2.40262500e+00,        +1.414213562373e-01,        +2.825835058262e-01,        +3.845162356048e-03
 2.40265000e+00,        +1.414213562373e-01,        +2.825833408053e-01,        +3.843170214678e-03
 2.40267500e+00,        +1.414213562373e-01,        +2.825831753852e-01,        +3.841177482440e-03
 2.40270000e+00,        +1.414213562373e-01,        +2.825830095650e-01,        +3.839184158411e-03
 2.40272500e+00,        +1.414213562373e-01,        +2.825828433439e-01,        +3.837190241666e-03
 2.40275000e+00,        +1.414213562373e-01,        +2.825826767210e-01,        +3.835195731278e-03
 2.40277500e+00,        +1.414213562373e-01,        +2.825825096953e-01,        +3.833200626319e-03
 2.40280000e+00,        +1.414213562373e-01,        +2.825823422660e-01,        +3.831204925859e-03
 2.40282500e+00,        +1.414213562373e-01,        +2.825821744322e-01,        +3.829208628966e-03
 2.40285000e+00,        +1.414213562373e-01,        +2.825820061930e-01,        +3.827211734707e-03
 2.40287500e+00,        +1.414213562373e-01,        +2.825818375474e-01,        +3.825214242147e-03
 2.40290000e+00,        +1.414213562373e-01,        +2.825816684947e-01,        +3.823216150348e-03
 2.40292500e+00,        +1.414213562373e-01,        +2.825814990338e-01,        +3.821217458372e-03
 2.40295000e+00,        +1.414213562373e-01,        +2.825813291638e-01,        +3.819218165279e-03
 2.40297500e+00,        +1.414213562373e-01,        +2.825811588839e-01,        +3.817218270127e-03
 2.40300000e+00,        +1.414213562373e-01,        +2.825809881932e-01,        +3.815217771972e-03
 2.40302500e+00,        +1.414213562373e-01,        +2.825808170907e-01,        +3.813216669869e-03
 2.40305000e+00,        +1.414213562373e-01,        +2.825806455754e-01,        +3.811214962871e-03
 2.40307500e+00,        +1.414213562373e-01,        +2.825804736466e-01,        +3.809212650028e-03
 2.40310000e+00,        +1.414213562373e-01,        +2.825803013032e-01,        +3.807209730391e-03
 2.40312500e+00,        +1.414213562373e-01,        +2.825801285443e-01,        +3.805206203006e-03
 2.40315000e+00,        +1.414213562373e-01,        +2.825799553690e-01,        +3.803202066920e-03
 2.40317500e+00,        +1.414213562373e-01,        +2.825797817764e-01,        +3.801197321177e-03
 2.40320000e+00,        +1.414213562373e-01,        +2.825796077655e-01,        +3.799191964819e-03
 2.40322500e+00,        +1.414213562373e-01,        +2.825794333355e-01,        +3.797185996887e-03
 2.40325000e+00,        +1.414213562373e-01,        +2.825792584852e-01,        +3.795179416420e-03
 2.40327500e+00,        +1.414213562373e-01,        +2.825790832139e-01,        +3.793172222455e-03
 2.40330000e+00,        +1.414213562373e-01,        +2.825789075205e-01,        +3.791164414027e-03
 2.40332500e+00,        +1.414213562373e-01,        +2.825787314041e-01,        +3.789155990171e-03
 2.40335000e+00,        +1.414213562373e-01,        +2.825785548638e-01,        +3.787146949917e-03
 2.40337500e+00,        +1.414213562373e-01,        +2.825783778985e-01,        +3.785137292296e-03
 2.40340000e+00,        +1.414213562373e-01,        +2.825782005075e-01,        +3.783127016337e-03
 2.40342500e+00,        +1.414213562373e-01,        +2.825780226896e-01,        +3.781116121065e-03
 2.40345000e+00,        +1.414213562373e-01,        +2.825778444439e-01,        +3.779104605506e-03
 2.40347500e+00,        +1.414213562373e-01,        +2.825776657694e-01,        +3.777092468682e-03
 2.40350000e+00,        +1.414213562373e-01,        +2.825774866653e-01,        +3.775079709616e-03
 2.40352500e+00,        +1.414213562373e-01,        +2.825773071304e-01,        +3.773066327325e-03
 2.40355000e+00,        +1.414213562373e-01,        +2.825771271639e-01,        +3.771052320828e-03
 2.40357500e+00,        +1.414213562373e-01,        +2.825769467648e-01,        +3.769037689140e-03
 2.40360000e+00,        +1.414213562373e-01,        +2.825767659320e-01,        +3.767022431276e-03
 2.40362500e+00,        +1.414213562373e-01,        +2.825765846646e-01,        +3.765006546247e-03
 2.40365000e+00,        +1.414213562373e-01,        +2.825764029617e-01,        +3.762990033064e-03
 2.40367500e+00,        +1.414213562373e-01,        +2.825762208221e-01,        +3.760972890735e-03
 2.40370000e+00,        +1.414213562373e-01,        +2.825760382450e-01,        +3.758955118268e-03
 2.40372500e+00,        +1.414213562373e-01,        +2.825758552293e-01,        +3.756936714666e-03
 2.40375000e+00,        +1.414213562373e-01,        +2.825756717740e-01,        +3.754917678934e-03
 2.40377500e+00,        +1.414213562373e-01,        +2.825754878782e-01,        +3.752898010072e-03
 2.40380000e+00,        +1.414213562373e-01,        +2.825753035407e-01,        +3.750877707079e-03
 2.40382500e+00,        +1.414213562373e-01,        +2.825751187608e-01,        +3.748856768954e-03
 2.40385000e+00,        +1.414213562373e-01,        +2.825749335372e-01,        +3.746835194691e-03
 2.40387500e+00,        +1.414213562373e-01,        +2.825747478690e-01,        +3.744812983286e-03
 2.40390000e+00,        +1.414213562373e-01,        +2.825745617552e-01,        +3.742790133729e-03
 2.40392500e+00,        +1.414213562373e-01,        +2.825743751947e-01,        +3.740766645010e-03
 2.40395000e+00,        +1.414213562373e-01,        +2.825741881866e-01,        +3.738742516120e-03
 2.40397500e+00,        +1.414213562373e-01,        +2.825740007298e-01,        +3.736717746042e-03
 2.40400000e+00,        +1.414213562373e-01,        +2.825738128233e-01,        +3.734692333763e-03
 2.40402500e+00,        +1.414213562373e-01,        +2.825736244660e-01,        +3.732666278265e-03
 2.40405000e+00,        +1.414213562373e-01,        +2.825734356570e-01,        +3.730639578528e-03
 2.40407500e+00,        +1.414213562373e-01,        +2.825732463951e-01,        +3.728612233533e-03
 2.40410000e+00,        +1.414213562373e-01,        +2.825730566794e-01,        +3.726584242254e-03
 2.40412500e+00,        +1.414213562373e-01,        +2.825728665088e-01,        +3.724555603669e-03
 2.40415000e+00,        +1.414213562373e-01,        +2.825726758823e-01,        +3.722526316750e-03
 2.40417500e+00,        +1.414213562373e-01,        +2.825724847987e-01,        +3.720496380468e-03
 2.40420000e+00,        +1.414213562373e-01,        +2.825722932571e-01,        +3.718465793794e-03
 2.40422500e+00,        +1.414213562373e-01,        +2.825721012564e-01,        +3.716434555694e-03
 2.40425000e+00,        +1.414213562373e-01,        +2.825719087955e-01,        +3.714402665134e-03
 2.40427500e+00,        +1.414213562373e-01,        +2.825717158734e-01,        +3.712370121079e-03
 2.40430000e+00,        +1.414213562373e-01,        +2.825715224890e-01,        +3.710336922490e-03
 2.40432500e+00,        +1.414213562373e-01,        +2.825713286412e-01,        +3.708303068327e-03
 2.40435000e+00,        +1.414213562373e-01,        +2.825711343290e-01,        +3.706268557547e-03
 2.40437500e+00,        +1.414213562373e-01,        +2.825709395513e-01,        +3.704233389108e-03
 2.40440000e+00,        +1.414213562373e-01,        +2.825707443070e-01,        +3.702197561963e-03
 2.40442500e+00,        +1.414213562373e-01,        +2.825705485951e-01,        +3.700161075065e-03
 2.40445000e+00,        +1.414213562373e-01,        +2.825703524144e-01,        +3.698123927364e-03
 2.40447500e+00,        +1.414213562373e-01,        +2.825701557638e-01,        +3.696086117808e-03
 2.40450000e+00,        +1.414213562373e-01,        +2.825699586423e-01,        +3.694047645344e-03
 2.40452500e+00,        +1.414213562373e-01,        +2.825697610488e-01,        +3.692008508916e-03
 2.40455000e+00,        +1.414213562373e-01,        +2.825695629822e-01,        +3.689968707467e-03
 2.40457500e+00,        +1.414213562373e-01,        +2.825693644413e-01,        +3.687928239937e-03
 2.40460000e+00,        +1.414213562373e-01,        +2.825691654251e-01,        +3.685887105266e-03
 2.40462500e+00,        +1.414213562373e-01,        +2.825689659325e-01,        +3.683845302389e-03
 2.40465000e+00,        +1.414213562373e-01,        +2.825687659623e-01,        +3.681802830241e-03
 2.40467500e+00,        +1.414213562373e-01,        +2.825685655134e-01,        +3.679759687756e-03
 2.40470000e+00,        +1.414213562373e-01,        +2.825683645848e-01,        +3.677715873864e-03
 2.40472500e+00,        +1.414213562373e-01,        +2.825681631753e-01,        +3.675671387493e-03
 2.40475000e+00,        +1.414213562373e-01,        +2.825679612837e-01,        +3.673626227571e-03
 2.40477500e+00,        +1.414213562373e-01,        +2.825677589090e-01,        +3.671580393022e-03
 2.40480000e+00,        +1.414213562373e-01,        +2.825675560500e-01,        +3.669533882769e-03
 2.40482500e+00,        +1.414213562373e-01,        +2.825673527056e-01,        +3.667486695733e-03
 2.40485000e+00,        +1.414213562373e-01,        +2.825671488746e-01,        +3.665438830833e-03
 2.40487500e+00,        +1.414213562373e-01,        +2.825669445559e-01,        +3.663390286986e-03
 2.40490000e+00,        +1.414213562373e-01,        +2.825667397484e-01,        +3.661341063106e-03
 2.40492500e+00,        +1.414213562373e-01,        +2.825665344509e-01,        +3.659291158106e-03
 2.40495000e+00,        +1.414213562373e-01,        +2.825663286622e-01,        +3.657240570898e-03
 2.40497500e+00,        +1.414213562373e-01,        +2.825661223813e-01,        +3.655189300389e-03
 2.40500000e+00,        +1.414213562373e-01,        +2.825659156068e-01,        +3.653137345487e-03
 2.40502500e+00,        +1.414213562373e-01,        +2.825657083378e-01,        +3.651084705097e-03
 2.40505000e+00,        +1.414213562373e-01,        +2.825655005730e-01,        +3.649031378120e-03
 2.40507500e+00,        +1.414213562373e-01,        +2.825652923112e-01,        +3.646977363458e-03
 2.40510000e+00,        +1.414213562373e-01,        +2.825650835513e-01,        +3.644922660010e-03
 2.40512500e+00,        +1.414213562373e-01,        +2.825648742921e-01,        +3.642867266672e-03
 2.40515000e+00,        +1.414213562373e-01,        +2.825646645323e-01,        +3.640811182338e-03
 2.40517500e+00,        +1.414213562373e-01,        +2.825644542710e-01,        +3.638754405901e-03
 2.40520000e+00,        +1.414213562373e-01,        +2.825642435067e-01,        +3.636696936252e-03
 2.40522500e+00,        +1.414213562373e-01,        +2.825640322384e-01,        +3.634638772278e-03
 2.40525000e+00,        +1.414213562373e-01,        +2.825638204649e-01,        +3.632579912867e-03
 2.40527500e+00,        +1.414213562373e-01,        +2.825636081850e-01,        +3.630520356902e-03
 2.40530000e+00,        +1.414213562373e-01,        +2.825633953973e-01,        +3.628460103266e-03
 2.40532500e+00,        +1.414213562373e-01,        +2.825631821009e-01,        +3.626399150838e-03
 2.40535000e+00,        +1.414213562373e-01,        +2.825629682944e-01,        +3.624337498498e-03
 2.40537500e+00,        +1.414213562373e-01,        +2.825627539766e-01,        +3.622275145120e-03
 2.40540000e+00,        +1.414213562373e-01,        +2.825625391463e-01,        +3.620212089578e-03
 2.40542500e+00,        +1.414213562373e-01,        +2.825623238024e-01,        +3.618148330746e-03
 2.40545000e+00,        +1.414213562373e-01,        +2.825621079434e-01,        +3.616083867491e-03
 2.40547500e+00,        +1.414213562373e-01,        +2.825618915684e-01,        +3.614018698682e-03
 2.40550000e+00,        +1.414213562373e-01,        +2.825616746759e-01,        +3.611952823183e-03
 2.40552500e+00,        +1.414213562373e-01,        +2.825614572649e-01,        +3.609886239860e-03
 2.40555000e+00,        +1.414213562373e-01,        +2.825612393339e-01,        +3.607818947572e-03
 2.40557500e+00,        +1.414213562373e-01,        +2.825610208819e-01,        +3.605750945179e-03
 2.40560000e+00,        +1.414213562373e-01,        +2.825608019075e-01,        +3.603682231538e-03
 2.40562500e+00,        +1.414213562373e-01,        +2.825605824095e-01,        +3.601612805504e-03
 2.40565000e+00,        +1.414213562373e-01,        +2.825603623866e-01,        +3.599542665930e-03
 2.40567500e+00,        +1.414213562373e-01,        +2.825601418377e-01,        +3.597471811666e-03
 2.40570000e+00,        +1.414213562373e-01,        +2.825599207613e-01,        +3.595400241560e-03
 2.40572500e+00,        +1.414213562373e-01,        +2.825596991564e-01,        +3.593327954460e-03
 2.40575000e+00,        +1.414213562373e-01,        +2.825594770215e-01,        +3.591254949209e-03
 2.40577500e+00,        +1.414213562373e-01,        +2.825592543554e-01,        +3.589181224650e-03
 2.40580000e+00,        +1.414213562373e-01,        +2.825590311568e-01,        +3.587106779622e-03
 2.40582500e+00,        +1.414213562373e-01,        +2.825588074246e-01,        +3.585031612963e-03
 2.40585000e+00,        +1.414213562373e-01,        +2.825585831573e-01,        +3.582955723508e-03
 2.40587500e+00,        +1.414213562373e-01,        +2.825583583536e-01,        +3.580879110092e-03
 2.40590000e+00,        +1.414213562373e-01,        +2.825581330124e-01,        +3.578801771546e-03
 2.40592500e+00,        +1.414213562373e-01,        +2.825579071322e-01,        +3.576723706698e-03
 2.40595000e+00,        +1.414213562373e-01,        +2.825576807119e-01,        +3.574644914376e-03
 2.40597500e+00,        +1.414213562373e-01,        +2.825574537500e-01,        +3.572565393403e-03
 2.40600000e+00,        +1.414213562373e-01,        +2.825572262453e-01,        +3.570485142604e-03
 2.40602500e+00,        +1.414213562373e-01,        +2.825569981965e-01,        +3.568404160798e-03
 2.40605000e+00,        +1.414213562373e-01,        +2.825567696022e-01,        +3.566322446803e-03
 2.40607500e+00,        +1.414213562373e-01,        +2.825565404612e-01,        +3.564239999435e-03
 2.40610000e+00,        +1.414213562373e-01,        +2.825563107720e-01,        +3.562156817509e-03
 2.40612500e+00,        +1.414213562373e-01,        +2.825560805334e-01,        +3.560072899835e-03
 2.40615000e+00,        +1.414213562373e-01,        +2.825558497441e-01,        +3.557988245223e-03
 2.40617500e+00,        +1.414213562373e-01,        +2.825556184026e-01,        +3.555902852480e-03
 2.40620000e+00,        +1.414213562373e-01,        +2.825553865077e-01,        +3.553816720412e-03
 2.40622500e+00,        +1.414213562373e-01,        +2.825551540581e-01,        +3.551729847820e-03
 2.40625000e+00,        +1.414213562373e-01,        +2.825549210523e-01,        +3.549642233505e-03
 2.40627500e+00,        +1.414213562373e-01,        +2.825546874889e-01,        +3.547553876266e-03
 2.40630000e+00,        +1.414213562373e-01,        +2.825544533668e-01,        +3.545464774898e-03
 2.40632500e+00,        +1.414213562373e-01,        +2.825542186844e-01,        +3.543374928195e-03
 2.40635000e+00,        +1.414213562373e-01,        +2.825539834405e-01,        +3.541284334950e-03
 2.40637500e+00,        +1.414213562373e-01,        +2.825537476336e-01,        +3.539192993950e-03
 2.40640000e+00,        +1.414213562373e-01,        +2.825535112623e-01,        +3.537100903983e-03
 2.40642500e+00,        +1.414213562373e-01,        +2.825532743254e-01,        +3.535008063834e-03
 2.40645000e+00,        +1.414213562373e-01,        +2.825530368213e-01,        +3.532914472285e-03
 2.40647500e+00,        +1.414213562373e-01,        +2.825527987488e-01,        +3.530820128117e-03
 2.40650000e+00,        +1.414213562373e-01,        +2.825525601064e-01,        +3.528725030107e-03
 2.40652500e+00,        +1.414213562373e-01,        +2.825523208928e-01,        +3.526629177032e-03
 2.40655000e+00,        +1.414213562373e-01,        +2.825520811065e-01,        +3.524532567664e-03
 2.40657500e+00,        +1.414213562373e-01,        +2.825518407461e-01,        +3.522435200774e-03
 2.40660000e+00,        +1.414213562373e-01,        +2.825515998102e-01,        +3.520337075133e-03
 2.40662500e+00,        +1.414213562373e-01,        +2.825513582974e-01,        +3.518238189505e-03
 2.40665000e+00,        +1.414213562373e-01,        +2.825511162063e-01,        +3.516138542655e-03
 2.40667500e+00,        +1.414213562373e-01,        +2.825508735354e-01,        +3.514038133346e-03
 2.40670000e+00,        +1.414213562373e-01,        +2.825506302834e-01,        +3.511936960337e-03
 2.40672500e+00,        +1.414213562373e-01,        +2.825503864488e-01,        +3.509835022385e-03
 2.40675000e+00,        +1.414213562373e-01,        +2.825501420301e-01,        +3.507732318246e-03
 2.40677500e+00,        +1.414213562373e-01,        +2.825498970260e-01,        +3.505628846671e-03
 2.40680000e+00,        +1.414213562373e-01,        +2.825496514349e-01,        +3.503524606412e-03
 2.40682500e+00,        +1.414213562373e-01,        +2.825494052555e-01,        +3.501419596216e-03
 2.40685000e+00,        +1.414213562373e-01,        +2.825491584862e-01,        +3.499313814829e-03
 2.40687500e+00,        +1.414213562373e-01,        +2.825489111256e-01,        +3.497207260995e-03
 2.40690000e+00,        +1.414213562373e-01,        +2.825486631723e-01,        +3.495099933455e-03
 2.40692500e+00,        +1.414213562373e-01,        +2.825484146247e-01,        +3.492991830947e-03
 2.40695000e+00,        +1.414213562373e-01,        +2.825481654815e-01,        +3.490882952207e-03
 2.40697500e+00,        +1.414213562373e-01,        +2.825479157411e-01,        +3.488773295971e-03
 2.40700000e+00,        +1.414213562373e-01,        +2.825476654020e-01,        +3.486662860969e-03
 2.40702500e+00,        +1.414213562373e-01,        +2.825474144628e-01,        +3.484551645930e-03
 2.40705000e+00,        +1.414213562373e-01,        +2.825471629219e-01,        +3.482439649583e-03
 2.40707500e+00,        +1.414213562373e-01,        +2.825469107779e-01,        +3.480326870650e-03
 2.40710000e+00,        +1.414213562373e-01,        +2.825466580293e-01,        +3.478213307855e-03
 2.40712500e+00,        +1.414213562373e-01,        +2.825464046745e-01,        +3.476098959918e-03
 2.40715000e+00,        +1.414213562373e-01,        +2.825461507121e-01,        +3.473983825555e-03
 2.40717500e+00,        +1.414213562373e-01,        +2.825458961405e-01,        +3.471867903481e-03
 2.40720000e+00,        +1.414213562373e-01,        +2.825456409582e-01,        +3.469751192411e-03
 2.40722500e+00,        +1.414213562373e-01,        +2.825453851638e-01,        +3.467633691053e-03
 2.40725000e+00,        +1.414213562373e-01,        +2.825451287555e-01,        +3.465515398115e-03
 2.40727500e+00,        +1.414213562373e-01,        +2.825448717320e-01,        +3.463396312304e-03
 2.40730000e+00,        +1.414213562373e-01,        +2.825446140917e-01,        +3.461276432322e-03
 2.40732500e+00,        +1.414213562373e-01,        +2.825443558331e-01,        +3.459155756869e-03
 2.40735000e+00,        +1.414213562373e-01,        +2.825440969545e-01,        +3.457034284645e-03
 2.40737500e+00,        +1.414213562373e-01,        +2.825438374544e-01,        +3.454912014345e-03
 2.40740000e+00,        +1.414213562373e-01,        +2.825435773314e-01,        +3.452788944661e-03
 2.40742500e+00,        +1.414213562373e-01,        +2.825433165837e-01,        +3.450665074287e-03
 2.40745000e+00,        +1.414213562373e-01,        +2.825430552099e-01,        +3.448540401908e-03
 2.40747500e+00,        +1.414213562373e-01,        +2.825427932084e-01,        +3.446414926213e-03
 2.40750000e+00,        +1.414213562373e-01,        +2.825425305776e-01,        +3.444288645884e-03
 2.40752500e+00,        +1.414213562373e-01,        +2.825422673158e-01,        +3.442161559603e-03
 2.40755000e+00,        +1.414213562373e-01,        +2.825420034216e-01,        +3.440033666048e-03
 2.40757500e+00,        +1.414213562373e-01,        +2.825417388933e-01,        +3.437904963897e-03
 2.40760000e+00,        +1.414213562373e-01,        +2.825414737293e-01,        +3.435775451821e-03
 2.40762500e+00,        +1.414213562373e-01,        +2.825412079281e-01,        +3.433645128494e-03
 2.40765000e+00,        +1.414213562373e-01,        +2.825409414880e-01,        +3.431513992584e-03
 2.40767500e+00,        +1.414213562373e-01,        +2.825406744073e-01,        +3.429382042758e-03
 2.40770000e+00,        +1.414213562373e-01,        +2.825404066846e-01,        +3.427249277678e-03
 2.40772500e+00,        +1.414213562373e-01,        +2.825401383181e-01,        +3.425115696008e-03
 2.40775000e+00,        +1.414213562373e-01,        +2.825398693062e-01,        +3.422981296405e-03
 2.40777500e+00,        +1.414213562373e-01,        +2.825395996473e-01,        +3.420846077527e-03
 2.40780000e+00,        +1.414213562373e-01,        +2.825393293398e-01,        +3.418710038027e-03
 2.40782500e+00,        +1.414213562373e-01,        +2.825390583819e-01,        +3.416573176557e-03
 2.40785000e+00,        +1.414213562373e-01,        +2.825387867721e-01,        +3.414435491766e-03
 2.40787500e+00,        +1.414213562373e-01,        +2.825385145087e-01,        +3.412296982301e-03
 2.40790000e+00,        +1.414213562373e-01,        +2.825382415901e-01,        +3.410157646805e-03
 2.40792500e+00,        +1.414213562373e-01,        +2.825379680145e-01,        +3.408017483920e-03
 2.40795000e+00,        +1.414213562373e-01,        +2.825376937803e-01,        +3.405876492285e-03
 2.40797500e+00,        +1.414213562373e-01,        +2.825374188858e-01,        +3.403734670537e-03
 2.40800000e+00,        +1.414213562373e-01,        +2.825371433293e-01,        +3.401592017309e-03
 2.40802500e+00,        +1.414213562373e-01,        +2.825368671092e-01,        +3.399448531232e-03
 2.40805000e+00,        +1.414213562373e-01,        +2.825365902237e-01,        +3.397304210937e-03
 2.40807500e+00,        +1.414213562373e-01,        +2.825363126712e-01,        +3.395159055048e-03
 2.40810000e+00,        +1.414213562373e-01,        +2.825360344500e-01,        +3.393013062190e-03
 2.40812500e+00,        +1.414213562373e-01,        +2.825357555583e-01,        +3.390866230984e-03
 2.40815000e+00,        +1.414213562373e-01,        +2.825354759944e-01,        +3.388718560048e-03
 2.40817500e+00,        +1.414213562373e-01,        +2.825351957566e-01,        +3.386570048000e-03
 2.40820000e+00,        +1.414213562373e-01,        +2.825349148431e-01,        +3.384420693451e-03
 2.40822500e+00,        +1.414213562373e-01,        +2.825346332523e-01,        +3.382270495014e-03
 2.40825000e+00,        +1.414213562373e-01,        +2.825343509825e-01,        +3.380119451297e-03
 2.40827500e+00,        +1.414213562373e-01,        +2.825340680317e-01,        +3.377967560905e-03
 2.40830000e+00,        +1.414213562373e-01,        +2.825337843984e-01,        +3.375814822442e-03
 2.40832500e+00,        +1.414213562373e-01,        +2.825335000808e-01,        +3.373661234508e-03
 2.40835000e+00,        +1.414213562373e-01,        +2.825332150770e-01,        +3.371506795702e-03
 2.40837500e+00,        +1.414213562373e-01,        +2.825329293854e-01,        +3.369351504619e-03
 2.40840000e+00,        +1.414213562373e-01,        +2.825326430041e-01,        +3.367195359852e-03
 2.40842500e+00,        +1.414213562373e-01,        +2.825323559314e-01,        +3.365038359991e-03
 2.40845000e+00,        +1.414213562373e-01,        +2.825320681655e-01,        +3.362880503625e-03
 2.40847500e+00,        +1.414213562373e-01,        +2.825317797046e-01,        +3.360721789337e-03
 2.40850000e+00,        +1.414213562373e-01,        +2.825314905470e-01,        +3.358562215711e-03
 2.40852500e+00,        +1.414213562373e-01,        +2.825312006907e-01,        +3.356401781327e-03
 2.40855000e+00,        +1.414213562373e-01,        +2.825309101340e-01,        +3.354240484761e-03
 2.40857500e+00,        +1.414213562373e-01,        +2.825306188752e-01,        +3.352078324589e-03
 2.40860000e+00,        +1.414213562373e-01,        +2.825303269123e-01,        +3.349915299382e-03
 2.40862500e+00,        +1.414213562373e-01,        +2.825300342435e-01,        +3.347751407710e-03
 2.40865000e+00,        +1.414213562373e-01,        +2.825297408671e-01,        +3.345586648139e-03
 2.40867500e+00,        +1.414213562373e-01,        +2.825294467812e-01,        +3.343421019233e-03
 2.40870000e+00,        +1.414213562373e-01,        +2.825291519839e-01,        +3.341254519555e-03
 2.40872500e+00,        +1.414213562373e-01,        +2.825288564734e-01,        +3.339087147662e-03
 2.40875000e+00,        +1.414213562373e-01,        +2.825285602478e-01,        +3.336918902111e-03
 2.40877500e+00,        +1.414213562373e-01,        +2.825282633054e-01,        +3.334749781455e-03
 2.40880000e+00,        +1.414213562373e-01,        +2.825279656441e-01,        +3.332579784245e-03
 2.40882500e+00,        +1.414213562373e-01,        +2.825276672622e-01,        +3.330408909030e-03
 2.40885000e+00,        +1.414213562373e-01,        +2.825273681577e-01,        +3.328237154354e-03
 2.40887500e+00,        +1.414213562373e-01,        +2.825270683288e-01,        +3.326064518761e-03
 2.40890000e+00,        +1.414213562373e-01,        +2.825267677736e-01,        +3.323891000790e-03
 2.40892500e+00,        +1.414213562373e-01,        +2.825264664902e-01,        +3.321716598980e-03
 2.40895000e+00,        +1.414213562373e-01,        +2.825261644767e-01,        +3.319541311864e-03
 2.40897500e+00,        +1.414213562373e-01,        +2.825258617312e-01,        +3.317365137975e-03
 2.40900000e+00,        +1.414213562373e-01,        +2.825255582517e-01,        +3.315188075842e-03
 2.40902500e+00,        +1.414213562373e-01,        +2.825252540363e-01,        +3.313010123992e-03
 2.40905000e+00,        +1.414213562373e-01,        +2.825249490832e-01,        +3.310831280949e-03
 2.40907500e+00,        +1.414213562373e-01,        +2.825246433904e-01,        +3.308651545233e-03
 2.40910000e+00,        +1.414213562373e-01,        +2.825243369559e-01,        +3.306470915364e-03
 2.40912500e+00,        +1.414213562373e-01,        +2.825240297777e-01,        +3.304289389858e-03
 2.40915000e+00,        +1.414213562373e-01,        +2.825237218541e-01,        +3.302106967227e-03
 2.40917500e+00,        +1.414213562373e-01,        +2.825234131828e-01,        +3.299923645982e-03
 2.40920000e+00,        +1.414213562373e-01,        +2.825231037621e-01,        +3.297739424630e-03
 2.40922500e+00,        +1.414213562373e-01,        +2.825227935900e-01,        +3.295554301676e-03
 2.40925000e+00,        +1.414213562373e-01,        +2.825224826644e-01,        +3.293368275623e-03
 2.40927500e+00,        +1.414213562373e-01,        +2.825221709833e-01,        +3.291181344970e-03
 2.40930000e+00,        +1.414213562373e-01,        +2.825218585449e-01,        +3.288993508214e-03
 2.40932500e+00,        +1.414213562373e-01,        +2.825215453470e-01,        +3.286804763848e-03
 2.40935000e+00,        +1.414213562373e-01,        +2.825212313877e-01,        +3.284615110363e-03
 2.40937500e+00,        +1.414213562373e-01,        +2.825209166649e-01,        +3.282424546249e-03
 2.40940000e+00,        +1.414213562373e-01,        +2.825206011767e-01,        +3.280233069991e-03
 2.40942500e+00,        +1.414213562373e-01,        +2.825202849210e-01,        +3.278040680071e-03
 2.40945000e+00,        +1.414213562373e-01,        +2.825199678958e-01,        +3.275847374970e-03
 2.40947500e+00,        +1.414213562373e-01,        +2.825196500991e-01,        +3.273653153165e-03
 2.40950000e+00,        +1.414213562373e-01,        +2.825193315287e-01,        +3.271458013131e-03
 2.40952500e+00,        +1.414213562373e-01,        +2.825190121827e-01,        +3.269261953339e-03
 2.40955000e+00,        +1.414213562373e-01,        +2.825186920590e-01,        +3.267064972259e-03
 2.40957500e+00,        +1.414213562373e-01,        +2.825183711555e-01,        +3.264867068356e-03
 2.40960000e+00,        +1.414213562373e-01,        +2.825180494701e-01,        +3.262668240095e-03
 2.40962500e+00,        +1.414213562373e-01,        +2.825177270008e-01,        +3.260468485935e-03
 2.40965000e+00,        +1.414213562373e-01,        +2.825174037455e-01,        +3.258267804335e-03
 2.40967500e+00,        +1.414213562373e-01,        +2.825170797021e-01,        +3.256066193750e-03
 2.40970000e+00,        +1.414213562373e-01,        +2.825167548684e-01,        +3.253863652631e-03
 2.40972500e+00,        +1.414213562373e-01,        +2.825164292425e-01,        +3.251660179429e-03
 2.40975000e+00,        +1.414213562373e-01,        +2.825161028221e-01,        +3.249455772589e-03
 2.40977500e+00,        +1.414213562373e-01,        +2.825157756051e-01,        +3.247250430557e-03
 2.40980000e+00,        +1.414213562373e-01,        +2.825154475895e-01,        +3.245044151771e-03
 2.40982500e+00,        +1.414213562373e-01,        +2.825151187730e-01,        +3.242836934671e-03
 2.40985000e+00,        +1.414213562373e-01,        +2.825147891536e-01,        +3.240628777692e-03
 2.40987500e+00,        +1.414213562373e-01,        +2.825144587290e-01,        +3.238419679267e-03
 2.40990000e+00,        +1.414213562373e-01,        +2.825141274972e-01,        +3.236209637824e-03
 2.40992500e+00,        +1.414213562373e-01,        +2.825137954560e-01,        +3.233998651792e-03
 2.40995000e+00,        +1.414213562373e-01,        +2.825134626031e-01,        +3.231786719592e-03
 2.40997500e+00,        +1.414213562373e-01,        +2.825131289364e-01,        +3.229573839648e-03
 2.41000000e+00,        +1.414213562373e-01,        +2.825127944538e-01,        +3.227360010377e-03
 2.41002500e+00,        +1.414213562373e-01,        +2.825124591530e-01,        +3.225145230193e-03
 2.41005000e+00,        +1.414213562373e-01,        +2.825121230318e-01,        +3.222929497511e-03
 2.41007500e+00,        +1.414213562373e-01,        +2.825117860880e-01,        +3.220712810739e-03
 2.41010000e+00,        +1.414213562373e-01,        +2.825114483195e-01,        +3.218495168285e-03
 2.41012500e+00,        +1.414213562373e-01,        +2.825111097239e-01,        +3.216276568551e-03
 2.41015000e+00,        +1.414213562373e-01,        +2.825107702990e-01,        +3.214057009940e-03
 2.41017500e+00,        +1.414213562373e-01,        +2.825104300427e-01,        +3.211836490848e-03
 2.41020000e+00,        +1.414213562373e-01,        +2.825100889527e-01,        +3.209615009673e-03
 2.41022500e+00,        +1.414213562373e-01,        +2.825097470266e-01,        +3.207392564805e-03
 2.41025000e+00,        +1.414213562373e-01,        +2.825094042623e-01,        +3.205169154634e-03
 2.41027500e+00,        +1.414213562373e-01,        +2.825090606575e-01,        +3.202944777548e-03
 2.41030000e+00,        +1.414213562373e-01,        +2.825087162099e-01,        +3.200719431929e-03
 2.41032500e+00,        +1.414213562373e-01,        +2.825083709173e-01,        +3.198493116158e-03
 2.41035000e+00,        +1.414213562373e-01,        +2.825080247772e-01,        +3.196265828614e-03
 2.41037500e+00,        +1.414213562373e-01,        +2.825076777875e-01,        +3.194037567671e-03
 2.41040000e+00,        +1.414213562373e-01,        +2.825073299458e-01,        +3.191808331701e-03
 2.41042500e+00,        +1.414213562373e-01,        +2.825069812498e-01,        +3.189578119073e-03
 2.41045000e+00,        +1.414213562373e-01,        +2.825066316972e-01,        +3.187346928155e-03
 2.41047500e+00,        +1.414213562373e-01,        +2.825062812857e-01,        +3.185114757308e-03
 2.41050000e+00,        +1.414213562373e-01,        +2.825059300129e-01,        +3.182881604894e-03
 2.41052500e+00,        +1.414213562373e-01,        +2.825055778764e-01,        +3.180647469270e-03
 2.41055000e+00,        +1.414213562373e-01,        +2.825052248740e-01,        +3.178412348789e-03
 2.41057500e+00,        +1.414213562373e-01,        +2.825048710032e-01,        +3.176176241805e-03
 2.41060000e+00,        +1.414213562373e-01,        +2.825045162617e-01,        +3.173939146665e-03
 2.41062500e+00,        +1.414213562373e-01,        +2.825041606471e-01,        +3.171701061716e-03
 2.41065000e+00,        +1.414213562373e-01,        +2.825038041571e-01,        +3.169461985300e-03
 2.41067500e+00,        +1.414213562373e-01,        +2.825034467891e-01,        +3.167221915756e-03
 2.41070000e+00,        +1.414213562373e-01,        +2.825030885409e-01,        +3.164980851423e-03
 2.41072500e+00,        +1.414213562373e-01,        +2.825027294100e-01,        +3.162738790633e-03
 2.41075000e+00,        +1.414213562373e-01,        +2.825023693940e-01,        +3.160495731717e-03
 2.41077500e+00,        +1.414213562373e-01,        +2.825020084905e-01,        +3.158251673004e-03
 2.41080000e+00,        +1.414213562373e-01,        +2.825016466969e-01,        +3.156006612819e-03
 2.41082500e+00,        +1.414213562373e-01,        +2.825012840110e-01,        +3.153760549483e-03
 2.41085000e+00,        +1.414213562373e-01,        +2.825009204302e-01,        +3.151513481316e-03
 2.41087500e+00,        +1.414213562373e-01,        +2.825005559521e-01,        +3.149265406634e-03
 2.41090000e+00,        +1.414213562373e-01,        +2.825001905742e-01,        +3.147016323750e-03
 2.41092500e+00,        +1.414213562373e-01,        +2.824998242940e-01,        +3.144766230974e-03
 2.41095000e+00,        +1.414213562373e-01,        +2.824994571091e-01,        +3.142515126613e-03
 2.41097500e+00,        +1.414213562373e-01,        +2.824990890169e-01,        +3.140263008972e-03
 2.41100000e+00,        +1.414213562373e-01,        +2.824987200149e-01,        +3.138009876351e-03
 2.41102500e+00,        +1.414213562373e-01,        +2.824983501007e-01,        +3.135755727050e-03
 2.41105000e+00,        +1.414213562373e-01,        +2.824979792717e-01,        +3.133500559362e-03
 2.41107500e+00,        +1.414213562373e-01,        +2.824976075254e-01,        +3.131244371581e-03
 2.41110000e+00,        +1.414213562373e-01,        +2.824972348592e-01,        +3.128987161996e-03
 2.41112500e+00,        +1.414213562373e-01,        +2.824968612706e-01,        +3.126728928892e-03
 2.41115000e+00,        +1.414213562373e-01,        +2.824964867571e-01,        +3.124469670554e-03
 2.41117500e+00,        +1.414213562373e-01,        +2.824961113161e-01,        +3.122209385260e-03
 2.41120000e+00,        +1.414213562373e-01,        +2.824957349449e-01,        +3.119948071289e-03
 2.41122500e+00,        +1.414213562373e-01,        +2.824953576411e-01,        +3.117685726915e-03
 2.41125000e+00,        +1.414213562373e-01,        +2.824949794021e-01,        +3.115422350408e-03
 2.41127500e+00,        +1.414213562373e-01,        +2.824946002252e-01,        +3.113157940037e-03
 2.41130000e+00,        +1.414213562373e-01,        +2.824942201078e-01,        +3.110892494067e-03
 2.41132500e+00,        +1.414213562373e-01,        +2.824938390473e-01,        +3.108626010761e-03
 2.41135000e+00,        +1.414213562373e-01,        +2.824934570412e-01,        +3.106358488376e-03
 2.41137500e+00,        +1.414213562373e-01,        +2.824930740867e-01,        +3.104089925170e-03
 2.41140000e+00,        +1.414213562373e-01,        +2.824926901812e-01,        +3.101820319395e-03
 2.41142500e+00,        +1.414213562373e-01,        +2.824923053220e-01,        +3.099549669301e-03
 2.41145000e+00,        +1.414213562373e-01,        +2.824919195066e-01,        +3.097277973136e-03
 2.41147500e+00,        +1.414213562373e-01,        +2.824915327322e-01,        +3.095005229142e-03
 2.41150000e+00,        +1.414213562373e-01,        +2.824911449961e-01,        +3.092731435561e-03
 2.41152500e+00,        +1.414213562373e-01,        +2.824907562957e-01,        +3.090456590631e-03
 2.41155000e+00,        +1.414213562373e-01,        +2.824903666282e-01,        +3.088180692587e-03
 2.41157500e+00,        +1.414213562373e-01,        +2.824899759910e-01,        +3.085903739659e-03
 2.41160000e+00,        +1.414213562373e-01,        +2.824895843813e-01,        +3.083625730078e-03
 2.41162500e+00,        +1.414213562373e-01,        +2.824891917964e-01,        +3.081346662068e-03
 2.41165000e+00,        +1.414213562373e-01,        +2.824887982336e-01,        +3.079066533852e-03
 2.41167500e+00,        +1.414213562373e-01,        +2.824884036901e-01,        +3.076785343650e-03
 2.41170000e+00,        +1.414213562373e-01,        +2.824880081632e-01,        +3.074503089677e-03
 2.41172500e+00,        +1.414213562373e-01,        +2.824876116501e-01,        +3.072219770148e-03
 2.41175000e+00,        +1.414213562373e-01,        +2.824872141480e-01,        +3.069935383273e-03
 2.41177500e+00,        +1.414213562373e-01,        +2.824868156541e-01,        +3.067649927258e-03
 2.41180000e+00,        +1.414213562373e-01,        +2.824864161657e-01,        +3.065363400309e-03
 2.41182500e+00,        +1.414213562373e-01,        +2.824860156799e-01,        +3.063075800626e-03
 2.41185000e+00,        +1.414213562373e-01,        +2.824856141939e-01,        +3.060787126407e-03
 2.41187500e+00,        +1.414213562373e-01,        +2.824852117049e-01,        +3.058497375848e-03
 2.41190000e+00,        +1.414213562373e-01,        +2.824848082102e-01,        +3.056206547140e-03
 2.41192500e+00,        +1.414213562373e-01,        +2.824844037067e-01,        +3.053914638471e-03
 2.41195000e+00,        +1.414213562373e-01,        +2.824839981917e-01,        +3.051621648028e-03
 2.41197500e+00,        +1.414213562373e-01,        +2.824835916623e-01,        +3.049327573994e-03
 2.41200000e+00,        +1.414213562373e-01,        +2.824831841157e-01,        +3.047032414548e-03
 2.41202500e+00,        +1.414213562373e-01,        +2.824827755489e-01,        +3.044736167866e-03
 2.41205000e+00,        +1.414213562373e-01,        +2.824823659590e-01,        +3.042438832121e-03
 2.41207500e+00,        +1.414213562373e-01,        +2.824819553432e-01,        +3.040140405485e-03
 2.41210000e+00,        +1.414213562373e-01,        +2.824815436986e-01,        +3.037840886125e-03
 2.41212500e+00,        +1.414213562373e-01,        +2.824811310222e-01,        +3.035540272204e-03
 2.41215000e+00,        +1.414213562373e-01,        +2.824807173110e-01,        +3.033238561883e-03
 2.41217500e+00,        +1.414213562373e-01,        +2.824803025622e-01,        +3.030935753321e-03
 2.41220000e+00,        +1.414213562373e-01,        +2.824798867728e-01,        +3.028631844673e-03
 2.41222500e+00,        +1.414213562373e-01,        +2.824794699398e-01,        +3.026326834089e-03
 2.41225000e+00,        +1.414213562373e-01,        +2.824790520602e-01,        +3.024020719720e-03
 2.41227500e+00,        +1.414213562373e-01,        +2.824786331311e-01,        +3.021713499710e-03
 2.41230000e+00,        +1.414213562373e-01,        +2.824782131494e-01,        +3.019405172201e-03
 2.41232500e+00,        +1.414213562373e-01,        +2.824777921123e-01,        +3.017095735334e-03
 2.41235000e+00,        +1.414213562373e-01,        +2.824773700165e-01,        +3.014785187245e-03
 2.41237500e+00,        +1.414213562373e-01,        +2.824769468591e-01,        +3.012473526066e-03
 2.41240000e+00,        +1.414213562373e-01,        +2.824765226372e-01,        +3.010160749929e-03
 2.41242500e+00,        +1.414213562373e-01,        +2.824760973475e-01,        +3.007846856959e-03
 2.41245000e+00,        +1.414213562373e-01,        +2.824756709871e-01,        +3.005531845280e-03
 2.41247500e+00,        +1.414213562373e-01,        +2.824752435528e-01,        +3.003215713014e-03
 2.41250000e+00,        +1.414213562373e-01,        +2.824748150417e-01,        +3.000898458278e-03
 2.41252500e+00,        +1.414213562373e-01,        +2.824743854506e-01,        +2.998580079187e-03
 2.41255000e+00,        +1.414213562373e-01,        +2.824739547764e-01,        +2.996260573852e-03
 2.41257500e+00,        +1.414213562373e-01,        +2.824735230160e-01,        +2.993939940381e-03
 2.41260000e+00,        +1.414213562373e-01,        +2.824730901663e-01,        +2.991618176880e-03
 2.41262500e+00,        +1.414213562373e-01,        +2.824726562240e-01,        +2.989295281450e-03
 2.41265000e+00,        +1.414213562373e-01,        +2.824722211862e-01,        +2.986971252191e-03
 2.41267500e+00,        +1.414213562373e-01,        +2.824717850496e-01,        +2.984646087199e-03
 2.41270000e+00,        +1.414213562373e-01,        +2.824713478110e-01,        +2.982319784566e-03
 2.41272500e+00,        +1.414213562373e-01,        +2.824709094673e-01,        +2.979992342382e-03
 2.41275000e+00,        +1.414213562373e-01,        +2.824704700153e-01,        +2.977663758734e-03
 2.41277500e+00,        +1.414213562373e-01,        +2.824700294517e-01,        +2.975334031705e-03
 2.41280000e+00,        +1.414213562373e-01,        +2.824695877734e-01,        +2.973003159375e-03
 2.41282500e+00,        +1.414213562373e-01,        +2.824691449772e-01,        +2.970671139822e-03
 2.41285000e+00,        +1.414213562373e-01,        +2.824687010597e-01,        +2.968337971120e-03
 2.41287500e+00,        +1.414213562373e-01,        +2.824682560177e-01,        +2.966003651340e-03
 2.41290000e+00,        +1.414213562373e-01,        +2.824678098481e-01,        +2.963668178549e-03
 2.41292500e+00,        +1.414213562373e-01,        +2.824673625474e-01,        +2.961331550812e-03
 2.41295000e+00,        +1.414213562373e-01,        +2.824669141124e-01,        +2.958993766192e-03
 2.41297500e+00,        +1.414213562373e-01,        +2.824664645399e-01,        +2.956654822747e-03
 2.41300000e+00,        +1.414213562373e-01,        +2.824660138265e-01,        +2.954314718532e-03
 2.41302500e+00,        +1.414213562373e-01,        +2.824655619689e-01,        +2.951973451599e-03
 2.41305000e+00,        +1.414213562373e-01,        +2.824651089637e-01,        +2.949631019998e-03
 2.41307500e+00,        +1.414213562373e-01,        +2.824646548076e-01,        +2.947287421774e-03
 2.41310000e+00,        +1.414213562373e-01,        +2.824641994973e-01,        +2.944942654972e-03
 2.41312500e+00,        +1.414213562373e-01,        +2.824637430294e-01,        +2.942596717631e-03
 2.41315000e+00,        +1.414213562373e-01,        +2.824632854005e-01,        +2.940249607787e-03
 2.41317500e+00,        +1.414213562373e-01,        +2.824628266072e-01,        +2.937901323474e-03
 2.41320000e+00,        +1.414213562373e-01,        +2.824623666462e-01,        +2.935551862724e-03
 2.41322500e+00,        +1.414213562373e-01,        +2.824619055139e-01,        +2.933201223563e-03
 2.41325000e+00,        +1.414213562373e-01,        +2.824614432070e-01,        +2.930849404015e-03
 2.41327500e+00,        +1.414213562373e-01,        +2.824609797220e-01,        +2.928496402103e-03
 2.41330000e+00,        +1.414213562373e-01,        +2.824605150554e-01,        +2.926142215844e-03
 2.41332500e+00,        +1.414213562373e-01,        +2.824600492039e-01,        +2.923786843253e-03
 2.41335000e+00,        +1.414213562373e-01,        +2.824595821639e-01,        +2.921430282343e-03
 2.41337500e+00,        +1.414213562373e-01,        +2.824591139320e-01,        +2.919072531122e-03
 2.41340000e+00,        +1.414213562373e-01,        +2.824586445045e-01,        +2.916713587597e-03
 2.41342500e+00,        +1.414213562373e-01,        +2.824581738781e-01,        +2.914353449769e-03
 2.41345000e+00,        +1.414213562373e-01,        +2.824577020491e-01,        +2.911992115638e-03
 2.41347500e+00,        +1.414213562373e-01,        +2.824572290141e-01,        +2.909629583202e-03
 2.41350000e+00,        +1.414213562373e-01,        +2.824567547695e-01,        +2.907265850453e-03
 2.41352500e+00,        +1.414213562373e-01,        +2.824562793117e-01,        +2.904900915381e-03
 2.41355000e+00,        +1.414213562373e-01,        +2.824558026371e-01,        +2.902534775975e-03
 2.41357500e+00,        +1.414213562373e-01,        +2.824553247422e-01,        +2.900167430218e-03
 2.41360000e+00,        +1.414213562373e-01,        +2.824548456233e-01,        +2.897798876092e-03
 2.41362500e+00,        +1.414213562373e-01,        +2.824543652769e-01,        +2.895429111573e-03
 2.41365000e+00,        +1.414213562373e-01,        +2.824538836992e-01,        +2.893058134638e-03
 2.41367500e+00,        +1.414213562373e-01,        +2.824534008866e-01,        +2.890685943259e-03
 2.41370000e+00,        +1.414213562373e-01,        +2.824529168356e-01,        +2.888312535403e-03
 2.41372500e+00,        +1.414213562373e-01,        +2.824524315423e-01,        +2.885937909037e-03
 2.41375000e+00,        +1.414213562373e-01,        +2.824519450031e-01,        +2.883562062124e-03
 2.41377500e+00,        +1.414213562373e-01,        +2.824514572144e-01,        +2.881184992622e-03
 2.41380000e+00,        +1.414213562373e-01,        +2.824509681724e-01,        +2.878806698490e-03
 2.41382500e+00,        +1.414213562373e-01,        +2.824504778734e-01,        +2.876427177679e-03
 2.41385000e+00,        +1.414213562373e-01,        +2.824499863136e-01,        +2.874046428141e-03
 2.41387500e+00,        +1.414213562373e-01,        +2.824494934893e-01,        +2.871664447823e-03
 2.41390000e+00,        +1.414213562373e-01,        +2.824489993967e-01,        +2.869281234670e-03
 2.41392500e+00,        +1.414213562373e-01,        +2.824485040321e-01,        +2.866896786621e-03
 2.41395000e+00,        +1.414213562373e-01,        +2.824480073916e-01,        +2.864511101617e-03
 2.41397500e+00,        +1.414213562373e-01,        +2.824475094715e-01,        +2.862124177592e-03
 2.41400000e+00,        +1.414213562373e-01,        +2.824470102679e-01,        +2.859736012478e-03
 2.41402500e+00,        +1.414213562373e-01,        +2.824465097769e-01,        +2.857346604205e-03
 2.41405000e+00,        +1.414213562373e-01,        +2.824460079948e-01,        +2.854955950698e-03
 2.41407500e+00,        +1.414213562373e-01,        +2.824455049177e-01,        +2.852564049881e-03
 2.41410000e+00,        +1.414213562373e-01,        +2.824450005416e-01,        +2.850170899674e-03
 2.41412500e+00,        +1.414213562373e-01,        +2.824444948627e-01,        +2.847776497993e-03
 2.41415000e+00,        +1.414213562373e-01,        +2.824439878771e-01,        +2.845380842753e-03
 2.41417500e+00,        +1.414213562373e-01,        +2.824434795809e-01,        +2.842983931865e-03
 2.41420000e+00,        +1.414213562373e-01,        +2.824429699702e-01,        +2.840585763237e-03
 2.41422500e+00,        +1.414213562373e-01,        +2.824424590409e-01,        +2.838186334774e-03
 2.41425000e+00,        +1.414213562373e-01,        +2.824419467891e-01,        +2.835785644378e-03
 2.41427500e+00,        +1.414213562373e-01,        +2.824414332108e-01,        +2.833383689949e-03
 2.41430000e+00,        +1.414213562373e-01,        +2.824409183021e-01,        +2.830980469381e-03
 2.41432500e+00,        +1.414213562373e-01,        +2.824404020590e-01,        +2.828575980569e-03
 2.41435000e+00,        +1.414213562373e-01,        +2.824398844773e-01,        +2.826170221401e-03
 2.41437500e+00,        +1.414213562373e-01,        +2.824393655531e-01,        +2.823763189767e-03
 2.41440000e+00,        +1.414213562373e-01,        +2.824388452824e-01,        +2.821354883549e-03
 2.41442500e+00,        +1.414213562373e-01,        +2.824383236610e-01,        +2.818945300629e-03
 2.41445000e+00,        +1.414213562373e-01,        +2.824378006848e-01,        +2.816534438885e-03
 2.41447500e+00,        +1.414213562373e-01,        +2.824372763499e-01,        +2.814122296193e-03
 2.41450000e+00,        +1.414213562373e-01,        +2.824367506520e-01,        +2.811708870424e-03
 2.41452500e+00,        +1.414213562373e-01,        +2.824362235870e-01,        +2.809294159449e-03
 2.41455000e+00,        +1.414213562373e-01,        +2.824356951508e-01,        +2.806878161133e-03
 2.41457500e+00,        +1.414213562373e-01,        +2.824351653392e-01,        +2.804460873341e-03
 2.41460000e+00,        +1.414213562373e-01,        +2.824346341481e-01,        +2.802042293933e-03
 2.41462500e+00,        +1.414213562373e-01,        +2.824341015733e-01,        +2.799622420767e-03
 2.41465000e+00,        +1.414213562373e-01,        +2.824335676105e-01,        +2.797201251697e-03
 2.41467500e+00,        +1.414213562373e-01,        +2.824330322556e-01,        +2.794778784575e-03
 2.41470000e+00,        +1.414213562373e-01,        +2.824324955042e-01,        +2.792355017252e-03
 2.41472500e+00,        +1.414213562373e-01,        +2.824319573522e-01,        +2.789929947571e-03
 2.41475000e+00,        +1.414213562373e-01,        +2.824314177953e-01,        +2.787503573378e-03
 2.41477500e+00,        +1.414213562373e-01,        +2.824308768292e-01,        +2.785075892512e-03
 2.41480000e+00,        +1.414213562373e-01,        +2.824303344496e-01,        +2.782646902811e-03
 2.41482500e+00,        +1.414213562373e-01,        +2.824297906522e-01,        +2.780216602110e-03
 2.41485000e+00,        +1.414213562373e-01,        +2.824292454326e-01,        +2.777784988240e-03
 2.41487500e+00,        +1.414213562373e-01,        +2.824286987865e-01,        +2.775352059030e-03
 2.41490000e+00,        +1.414213562373e-01,        +2.824281507096e-01,        +2.772917812307e-03
 2.41492500e+00,        +1.414213562373e-01,        +2.824276011974e-01,        +2.770482245893e-03
 2.41495000e+00,        +1.414213562373e-01,        +2.824270502456e-01,        +2.768045357609e-03
 2.41497500e+00,        +1.414213562373e-01,        +2.824264978497e-01,        +2.765607145274e-03
 2.41500000e+00,        +1.414213562373e-01,        +2.824259440053e-01,        +2.763167606701e-03
 2.41502500e+00,        +1.414213562373e-01,        +2.824253887081e-01,        +2.760726739702e-03
 2.41505000e+00,        +1.414213562373e-01,        +2.824248319534e-01,        +2.758284542088e-03
 2.41507500e+00,        +1.414213562373e-01,        +2.824242737368e-01,        +2.755841011665e-03
 2.41510000e+00,        +1.414213562373e-01,        +2.824237140539e-01,        +2.753396146235e-03
 2.41512500e+00,        +1.414213562373e-01,        +2.824231529002e-01,        +2.750949943601e-03
 2.41515000e+00,        +1.414213562373e-01,        +2.824225902710e-01,        +2.748502401560e-03
 2.41517500e+00,        +1.414213562373e-01,        +2.824220261618e-01,        +2.746053517908e-03
 2.41520000e+00,        +1.414213562373e-01,        +2.824214605682e-01,        +2.743603290437e-03
 2.41522500e+00,        +1.414213562373e-01,        +2.824208934854e-01,        +2.741151716938e-03
 2.41525000e+00,        +1.414213562373e-01,        +2.824203249089e-01,        +2.738698795198e-03
 2.41527500e+00,        +1.414213562373e-01,        +2.824197548341e-01,        +2.736244523001e-03
 2.41530000e+00,        +1.414213562373e-01,        +2.824191832564e-01,        +2.733788898129e-03
 2.41532500e+00,        +1.414213562373e-01,        +2.824186101711e-01,        +2.731331918361e-03
 2.41535000e+00,        +1.414213562373e-01,        +2.824180355735e-01,        +2.728873581475e-03
 2.41537500e+00,        +1.414213562373e-01,        +2.824174594590e-01,        +2.726413885243e-03
 2.41540000e+00,        +1.414213562373e-01,        +2.824168818228e-01,        +2.723952827437e-03
 2.41542500e+00,        +1.414213562373e-01,        +2.824163026602e-01,        +2.721490405826e-03
 2.41545000e+00,        +1.414213562373e-01,        +2.824157219665e-01,        +2.719026618175e-03
 2.41547500e+00,        +1.414213562373e-01,        +2.824151397370e-01,        +2.716561462247e-03
 2.41550000e+00,        +1.414213562373e-01,        +2.824145559668e-01,        +2.714094935804e-03
 2.41552500e+00,        +1.414213562373e-01,        +2.824139706511e-01,        +2.711627036603e-03
 2.41555000e+00,        +1.414213562373e-01,        +2.824133837853e-01,        +2.709157762400e-03
 2.41557500e+00,        +1.414213562373e-01,        +2.824127953643e-01,        +2.706687110948e-03
 2.41560000e+00,        +1.414213562373e-01,        +2.824122053834e-01,        +2.704215079997e-03
 2.41562500e+00,        +1.414213562373e-01,        +2.824116138378e-01,        +2.701741667295e-03
 2.41565000e+00,        +1.414213562373e-01,        +2.824110207225e-01,        +2.699266870587e-03
 2.41567500e+00,        +1.414213562373e-01,        +2.824104260325e-01,        +2.696790687615e-03
 2.41570000e+00,        +1.414213562373e-01,        +2.824098297632e-01,        +2.694313116121e-03
 2.41572500e+00,        +1.414213562373e-01,        +2.824092319093e-01,        +2.691834153841e-03
 2.41575000e+00,        +1.414213562373e-01,        +2.824086324661e-01,        +2.689353798511e-03
 2.41577500e+00,        +1.414213562373e-01,        +2.824080314285e-01,        +2.686872047864e-03
 2.41580000e+00,        +1.414213562373e-01,        +2.824074287916e-01,        +2.684388899629e-03
 2.41582500e+00,        +1.414213562373e-01,        +2.824068245502e-01,        +2.681904351536e-03
 2.41585000e+00,        +1.414213562373e-01,        +2.824062186995e-01,        +2.679418401308e-03
 2.41587500e+00,        +1.414213562373e-01,        +2.824056112343e-01,        +2.676931046670e-03
 2.41590000e+00,        +1.414213562373e-01,        +2.824050021495e-01,        +2.674442285341e-03
 2.41592500e+00,        +1.414213562373e-01,        +2.824043914401e-01,        +2.671952115039e-03
 2.41595000e+00,        +1.414213562373e-01,        +2.824037791010e-01,        +2.669460533482e-03
 2.41597500e+00,        +1.414213562373e-01,        +2.824031651270e-01,        +2.666967538381e-03
 2.41600000e+00,        +1.414213562373e-01,        +2.824025495130e-01,        +2.664473127448e-03
 2.41602500e+00,        +1.414213562373e-01,        +2.824019322538e-01,        +2.661977298392e-03
 2.41605000e+00,        +1.414213562373e-01,        +2.824013133442e-01,        +2.659480048919e-03
 2.41607500e+00,        +1.414213562373e-01,        +2.824006927790e-01,        +2.656981376733e-03
 2.41610000e+00,        +1.414213562373e-01,        +2.824000705530e-01,        +2.654481279536e-03
 2.41612500e+00,        +1.414213562373e-01,        +2.823994466610e-01,        +2.651979755028e-03
 2.41615000e+00,        +1.414213562373e-01,        +2.823988210976e-01,        +2.649476800906e-03
 2.41617500e+00,        +1.414213562373e-01,        +2.823981938575e-01,        +2.646972414864e-03
 2.41620000e+00,        +1.414213562373e-01,        +2.823975649355e-01,        +2.644466594597e-03
 2.41622500e+00,        +1.414213562373e-01,        +2.823969343263e-01,        +2.641959337793e-03
 2.41625000e+00,        +1.414213562373e-01,        +2.823963020244e-01,        +2.639450642143e-03
 2.41627500e+00,        +1.414213562373e-01,        +2.823956680246e-01,        +2.636940505332e-03
 2.41630000e+00,        +1.414213562373e-01,        +2.823950323214e-01,        +2.634428925044e-03
 2.41632500e+00,        +1.414213562373e-01,        +2.823943949093e-01,        +2.631915898961e-03
 2.41635000e+00,        +1.414213562373e-01,        +2.823937557831e-01,        +2.629401424763e-03
 2.41637500e+00,        +1.414213562373e-01,        +2.823931149371e-01,        +2.626885500128e-03
 2.41640000e+00,        +1.414213562373e-01,        +2.823924723660e-01,        +2.624368122732e-03
 2.41642500e+00,        +1.414213562373e-01,        +2.823918280643e-01,        +2.621849290247e-03
 2.41645000e+00,        +1.414213562373e-01,        +2.823911820264e-01,        +2.619329000347e-03
 2.41647500e+00,        +1.414213562373e-01,        +2.823905342468e-01,        +2.616807250700e-03
 2.41650000e+00,        +1.414213562373e-01,        +2.823898847199e-01,        +2.614284038973e-03
 2.41652500e+00,        +1.414213562373e-01,        +2.823892334401e-01,        +2.611759362833e-03
 2.41655000e+00,        +1.414213562373e-01,        +2.823885804019e-01,        +2.609233219943e-03
 2.41657500e+00,        +1.414213562373e-01,        +2.823879255996e-01,        +2.606705607965e-03
 2.41660000e+00,        +1.414213562373e-01,        +2.823872690276e-01,        +2.604176524558e-03
 2.41662500e+00,        +1.414213562373e-01,        +2.823866106802e-01,        +2.601645967381e-03
 2.41665000e+00,        +1.414213562373e-01,        +2.823859505518e-01,        +2.599113934088e-03
 2.41667500e+00,        +1.414213562373e-01,        +2.823852886365e-01,        +2.596580422335e-03
 2.41670000e+00,        +1.414213562373e-01,        +2.823846249287e-01,        +2.594045429774e-03
 2.41672500e+00,        +1.414213562373e-01,        +2.823839594226e-01,        +2.591508954055e-03
 2.41675000e+00,        +1.414213562373e-01,        +2.823832921124e-01,        +2.588970992826e-03
 2.41677500e+00,        +1.414213562373e-01,        +2.823826229924e-01,        +2.586431543735e-03
 2.41680000e+00,        +1.414213562373e-01,        +2.823819520567e-01,        +2.583890604426e-03
 2.41682500e+00,        +1.414213562373e-01,        +2.823812792994e-01,        +2.581348172544e-03
 2.41685000e+00,        +1.414213562373e-01,        +2.823806047147e-01,        +2.578804245729e-03
 2.41687500e+00,        +1.414213562373e-01,        +2.823799282968e-01,        +2.576258821622e-03
 2.41690000e+00,        +1.414213562373e-01,        +2.823792500396e-01,        +2.573711897861e-03
 2.41692500e+00,        +1.414213562373e-01,        +2.823785699373e-01,        +2.571163472083e-03
 2.41695000e+00,        +1.414213562373e-01,        +2.823778879838e-01,        +2.568613541923e-03
 2.41697500e+00,        +1.414213562373e-01,        +2.823772041733e-01,        +2.566062105015e-03
 2.41700000e+00,        +1.414213562373e-01,        +2.823765184997e-01,        +2.563509158990e-03
 2.41702500e+00,        +1.414213562373e-01,        +2.823758309569e-01,        +2.560954701479e-03
 2.41705000e+00,        +1.414213562373e-01,        +2.823751415389e-01,        +2.558398730110e-03
 2.41707500e+00,        +1.414213562373e-01,        +2.823744502397e-01,        +2.555841242512e-03
 2.41710000e+00,        +1.414213562373e-01,        +2.823737570531e-01,        +2.553282236311e-03
 2.41712500e+00,        +1.414213562373e-01,        +2.823730619730e-01,        +2.550721709130e-03
 2.41715000e+00,        +1.414213562373e-01,        +2.823723649932e-01,        +2.548159658593e-03
 2.41717500e+00,        +1.414213562373e-01,        +2.823716661077e-01,        +2.545596082322e-03
 2.41720000e+00,        +1.414213562373e-01,        +2.823709653101e-01,        +2.543030977938e-03
 2.41722500e+00,        +1.414213562373e-01,        +2.823702625942e-01,        +2.540464343058e-03
 2.41725000e+00,        +1.414213562373e-01,        +2.823695579539e-01,        +2.537896175302e-03
 2.41727500e+00,        +1.414213562373e-01,        +2.823688513829e-01,        +2.535326472286e-03
 2.41730000e+00,        +1.414213562373e-01,        +2.823681428748e-01,        +2.532755231624e-03
 2.41732500e+00,        +1.414213562373e-01,        +2.823674324233e-01,        +2.530182450932e-03
 2.41735000e+00,        +1.414213562373e-01,        +2.823667200221e-01,        +2.527608127822e-03
 2.41737500e+00,        +1.414213562373e-01,        +2.823660056648e-01,        +2.525032259906e-03
 2.41740000e+00,        +1.414213562373e-01,        +2.823652893450e-01,        +2.522454844795e-03
 2.41742500e+00,        +1.414213562373e-01,        +2.823645710563e-01,        +2.519875880098e-03
 2.41745000e+00,        +1.414213562373e-01,        +2.823638507923e-01,        +2.517295363424e-03
 2.41747500e+00,        +1.414213562373e-01,        +2.823631285464e-01,        +2.514713292380e-03
 2.41750000e+00,        +1.414213562373e-01,        +2.823624043122e-01,        +2.512129664572e-03
 2.41752500e+00,        +1.414213562373e-01,        +2.823616780832e-01,        +2.509544477607e-03
 2.41755000e+00,        +1.414213562373e-01,        +2.823609498528e-01,        +2.506957729089e-03
 2.41757500e+00,        +1.414213562373e-01,        +2.823602196144e-01,        +2.504369416622e-03
 2.41760000e+00,        +1.414213562373e-01,        +2.823594873615e-01,        +2.501779537808e-03
 2.41762500e+00,        +1.414213562373e-01,        +2.823587530874e-01,        +2.499188090250e-03
 2.41765000e+00,        +1.414213562373e-01,        +2.823580167855e-01,        +2.496595071549e-03
 2.41767500e+00,        +1.414213562373e-01,        +2.823572784490e-01,        +2.494000479305e-03
 2.41770000e+00,        +1.414213562373e-01,        +2.823565380713e-01,        +2.491404311118e-03
 2.41772500e+00,        +1.414213562373e-01,        +2.823557956457e-01,        +2.488806564587e-03
 2.41775000e+00,        +1.414213562373e-01,        +2.823550511654e-01,        +2.486207237311e-03
 2.41777500e+00,        +1.414213562373e-01,        +2.823543046236e-01,        +2.483606326887e-03
 2.41780000e+00,        +1.414213562373e-01,        +2.823535560134e-01,        +2.481003830913e-03
 2.41782500e+00,        +1.414213562373e-01,        +2.823528053281e-01,        +2.478399746984e-03
 2.41785000e+00,        +1.414213562373e-01,        +2.823520525609e-01,        +2.475794072698e-03
 2.41787500e+00,        +1.414213562373e-01,        +2.823512977047e-01,        +2.473186805650e-03
 2.41790000e+00,        +1.414213562373e-01,        +2.823505407527e-01,        +2.470577943435e-03
 2.41792500e+00,        +1.414213562373e-01,        +2.823497816979e-01,        +2.467967483647e-03
 2.41795000e+00,        +1.414213562373e-01,        +2.823490205334e-01,        +2.465355423882e-03
 2.41797500e+00,        +1.414213562373e-01,        +2.823482572521e-01,        +2.462741761734e-03
 2.41800000e+00,        +1.414213562373e-01,        +2.823474918471e-01,        +2.460126494795e-03
 2.41802500e+00,        +1.414213562373e-01,        +2.823467243112e-01,        +2.457509620661e-03
 2.41805000e+00,        +1.414213562373e-01,        +2.823459546374e-01,        +2.454891136924e-03
 2.41807500e+00,        +1.414213562373e-01,        +2.823451828186e-01,        +2.452271041177e-03
 2.41810000e+00,        +1.414213562373e-01,        +2.823444088476e-01,        +2.449649331014e-03
 2.41812500e+00,        +1.414213562373e-01,        +2.823436327172e-01,        +2.447026004027e-03
 2.41815000e+00,        +1.414213562373e-01,        +2.823428544203e-01,        +2.444401057810e-03
 2.41817500e+00,        +1.414213562373e-01,        +2.823420739496e-01,        +2.441774489956e-03
 2.41820000e+00,        +1.414213562373e-01,        +2.823412912978e-01,        +2.439146298057e-03
 2.41822500e+00,        +1.414213562373e-01,        +2.823405064577e-01,        +2.436516479706e-03
 2.41825000e+00,        +1.414213562373e-01,        +2.823397194220e-01,        +2.433885032498e-03
 2.41827500e+00,        +1.414213562373e-01,        +2.823389301833e-01,        +2.431251954025e-03
 2.41830000e+00,        +1.414213562373e-01,        +2.823381387342e-01,        +2.428617241881e-03
 2.41832500e+00,        +1.414213562373e-01,        +2.823373450673e-01,        +2.425980893660e-03
 2.41835000e+00,        +1.414213562373e-01,        +2.823365491753e-01,        +2.423342906956e-03
 2.41837500e+00,        +1.414213562373e-01,        +2.823357510506e-01,        +2.420703279364e-03
 2.41840000e+00,        +1.414213562373e-01,        +2.823349506857e-01,        +2.418062008478e-03
 2.41842500e+00,        +1.414213562373e-01,        +2.823341480731e-01,        +2.415419091895e-03
 2.41845000e+00,        +1.414213562373e-01,        +2.823333432053e-01,        +2.412774527210e-03
 2.41847500e+00,        +1.414213562373e-01,        +2.823325360746e-01,        +2.410128312019e-03
 2.41850000e+00,        +1.414213562373e-01,        +2.823317266735e-01,        +2.407480443920e-03
 2.41852500e+00,        +1.414213562373e-01,        +2.823309149943e-01,        +2.404830920511e-03
 2.41855000e+00,        +1.414213562373e-01,        +2.823301010294e-01,        +2.402179739389e-03
 2.41857500e+00,        +1.414213562373e-01,        +2.823292847710e-01,        +2.399526898155e-03
 2.41860000e+00,        +1.414213562373e-01,        +2.823284662113e-01,        +2.396872394407e-03
 2.41862500e+00,        +1.414213562373e-01,        +2.823276453427e-01,        +2.394216225748e-03
 2.41865000e+00,        +1.414213562373e-01,        +2.823268221573e-01,        +2.391558389778e-03
 2.41867500e+00,        +1.414213562373e-01,        +2.823259966473e-01,        +2.388898884101e-03
 2.41870000e+00,        +1.414213562373e-01,        +2.823251688049e-01,        +2.386237706319e-03
 2.41872500e+00,        +1.414213562373e-01,        +2.823243386220e-01,        +2.383574854039e-03
 2.41875000e+00,        +1.414213562373e-01,        +2.823235060908e-01,        +2.380910324864e-03
 2.41877500e+00,        +1.414213562373e-01,        +2.823226712034e-01,        +2.378244116404e-03
 2.41880000e+00,        +1.414213562373e-01,        +2.823218339517e-01,        +2.375576226266e-03
 2.41882500e+00,        +1.414213562373e-01,        +2.823209943278e-01,        +2.372906652059e-03
 2.41885000e+00,        +1.414213562373e-01,        +2.823201523235e-01,        +2.370235391394e-03
 2.41887500e+00,        +1.414213562373e-01,        +2.823193079308e-01,        +2.367562441885e-03
 2.41890000e+00,        +1.414213562373e-01,        +2.823184611415e-01,        +2.364887801143e-03
 2.41892500e+00,        +1.414213562373e-01,        +2.823176119475e-01,        +2.362211466785e-03
 2.41895000e+00,        +1.414213562373e-01,        +2.823167603407e-01,        +2.359533436428e-03
 2.41897500e+00,        +1.414213562373e-01,        +2.823159063127e-01,        +2.356853707689e-03
 2.41900000e+00,        +1.414213562373e-01,        +2.823150498554e-01,        +2.354172278189e-03
 2.41902500e+00,        +1.414213562373e-01,        +2.823141909604e-01,        +2.351489145551e-03
 2.41905000e+00,        +1.414213562373e-01,        +2.823133296194e-01,        +2.348804307396e-03
 2.41907500e+00,        +1.414213562373e-01,        +2.823124658241e-01,        +2.346117761352e-03
 2.41910000e+00,        +1.414213562373e-01,        +2.823115995661e-01,        +2.343429505045e-03
 2.41912500e+00,        +1.414213562373e-01,        +2.823107308369e-01,        +2.340739536105e-03
 2.41915000e+00,        +1.414213562373e-01,        +2.823098596282e-01,        +2.338047852164e-03
 2.41917500e+00,        +1.414213562373e-01,        +2.823089859313e-01,        +2.335354450855e-03
 2.41920000e+00,        +1.414213562373e-01,        +2.823081097378e-01,        +2.332659329814e-03
 2.41922500e+00,        +1.414213562373e-01,        +2.823072310391e-01,        +2.329962486679e-03
 2.41925000e+00,        +1.414213562373e-01,        +2.823063498266e-01,        +2.327263919091e-03
 2.41927500e+00,        +1.414213562373e-01,        +2.823054660917e-01,        +2.324563624692e-03
 2.41930000e+00,        +1.414213562373e-01,        +2.823045798258e-01,        +2.321861601127e-03
 2.41932500e+00,        +1.414213562373e-01,        +2.823036910200e-01,        +2.319157846046e-03
 2.41935000e+00,        +1.414213562373e-01,        +2.823027996657e-01,        +2.316452357097e-03
 2.41937500e+00,        +1.414213562373e-01,        +2.823019057541e-01,        +2.313745131934e-03
 2.41940000e+00,        +1.414213562373e-01,        +2.823010092765e-01,        +2.311036168213e-03
 2.41942500e+00,        +1.414213562373e-01,        +2.823001102238e-01,        +2.308325463592e-03
 2.41945000e+00,        +1.414213562373e-01,        +2.822992085873e-01,        +2.305613015733e-03
 2.41947500e+00,        +1.414213562373e-01,        +2.822983043581e-01,        +2.302898822300e-03
 2.41950000e+00,        +1.414213562373e-01,        +2.822973975271e-01,        +2.300182880961e-03
 2.41952500e+00,        +1.414213562373e-01,        +2.822964880855e-01,        +2.297465189386e-03
 2.41955000e+00,        +1.414213562373e-01,        +2.822955760241e-01,        +2.294745745249e-03
 2.41957500e+00,        +1.414213562373e-01,        +2.822946613339e-01,        +2.292024546228e-03
 2.41960000e+00,        +1.414213562373e-01,        +2.822937440059e-01,        +2.289301590002e-03
 2.41962500e+00,        +1.414213562373e-01,        +2.822928240307e-01,        +2.286576874254e-03
 2.41965000e+00,        +1.414213562373e-01,        +2.822919013994e-01,        +2.283850396673e-03
 2.41967500e+00,        +1.414213562373e-01,        +2.822909761026e-01,        +2.281122154949e-03
 2.41970000e+00,        +1.414213562373e-01,        +2.822900481312e-01,        +2.278392146777e-03
 2.41972500e+00,        +1.414213562373e-01,        +2.822891174757e-01,        +2.275660369854e-03
 2.41975000e+00,        +1.414213562373e-01,        +2.822881841270e-01,        +2.272926821883e-03
 2.41977500e+00,        +1.414213562373e-01,        +2.822872480756e-01,        +2.270191500568e-03
 2.41980000e+00,        +1.414213562373e-01,        +2.822863093121e-01,        +2.267454403621e-03
 2.41982500e+00,        +1.414213562373e-01,        +2.822853678270e-01,        +2.264715528755e-03
 2.41985000e+00,        +1.414213562373e-01,        +2.822844236110e-01,        +2.261974873688e-03
 2.41987500e+00,        +1.414213562373e-01,        +2.822834766544e-01,        +2.259232436142e-03
 2.41990000e+00,        +1.414213562373e-01,        +2.822825269477e-01,        +2.256488213843e-03
 2.41992500e+00,        +1.414213562373e-01,        +2.822815744813e-01,        +2.253742204523e-03
 2.41995000e+00,        +1.414213562373e-01,        +2.822806192456e-01,        +2.250994405917e-03
 2.41997500e+00,        +1.414213562373e-01,        +2.822796612308e-01,        +2.248244815765e-03
 2.42000000e+00,        +1.414213562373e-01,        +2.822787004273e-01,        +2.245493431811e-03
 2.42002500e+00,        +1.414213562373e-01,        +2.822777368252e-01,        +2.242740251805e-03
 2.42005000e+00,        +1.414213562373e-01,        +2.822767704149e-01,        +2.239985273500e-03
 2.42007500e+00,        +1.414213562373e-01,        +2.822758011864e-01,        +2.237228494657e-03
 2.42010000e+00,        +1.414213562373e-01,        +2.822748291298e-01,        +2.234469913039e-03
 2.42012500e+00,        +1.414213562373e-01,        +2.822738542353e-01,        +2.231709526416e-03
 2.42015000e+00,        +1.414213562373e-01,        +2.822728764929e-01,        +2.228947332562e-03
 2.42017500e+00,        +1.414213562373e-01,        +2.822718958925e-01,        +2.226183329257e-03
 2.42020000e+00,        +1.414213562373e-01,        +2.822709124241e-01,        +2.223417514286e-03
 2.42022500e+00,        +1.414213562373e-01,        +2.822699260776e-01,        +2.220649885440e-03
 2.42025000e+00,        +1.414213562373e-01,        +2.822689368429e-01,        +2.217880440515e-03
 2.42027500e+00,        +1.414213562373e-01,        +2.822679447099e-01,        +2.215109177313e-03
 2.42030000e+00,        +1.414213562373e-01,        +2.822669496682e-01,        +2.212336093643e-03
 2.42032500e+00,        +1.414213562373e-01,        +2.822659517077e-01,        +2.209561187317e-03
 2.42035000e+00,        +1.414213562373e-01,        +2.822649508179e-01,        +2.206784456157e-03
 2.42037500e+00,        +1.414213562373e-01,        +2.822639469887e-01,        +2.204005897987e-03
 2.42040000e+00,        +1.414213562373e-01,        +2.822629402096e-01,        +2.201225510640e-03
 2.42042500e+00,        +1.414213562373e-01,        +2.822619304701e-01,        +2.198443291954e-03
 2.42045000e+00,        +1.414213562373e-01,        +2.822609177599e-01,        +2.195659239774e-03
 2.42047500e+00,        +1.414213562373e-01,        +2.822599020683e-01,        +2.192873351953e-03
 2.42050000e+00,        +1.414213562373e-01,        +2.822588833848e-01,        +2.190085626347e-03
 2.42052500e+00,        +1.414213562373e-01,        +2.822578616988e-01,        +2.187296060821e-03
 2.42055000e+00,        +1.414213562373e-01,        +2.822568369997e-01,        +2.184504653248e-03
 2.42057500e+00,        +1.414213562373e-01,        +2.822558092767e-01,        +2.181711401506e-03
 2.42060000e+00,        +1.414213562373e-01,        +2.822547785191e-01,        +2.178916303481e-03
 2.42062500e+00,        +1.414213562373e-01,        +2.822537447162e-01,        +2.176119357066e-03
 2.42065000e+00,        +1.414213562373e-01,        +2.822527078571e-01,        +2.173320560162e-03
 2.42067500e+00,        +1.414213562373e-01,        +2.822516679309e-01,        +2.170519910675e-03
 2.42070000e+00,        +1.414213562373e-01,        +2.822506249267e-01,        +2.167717406523e-03
 2.42072500e+00,        +1.414213562373e-01,        +2.822495788336e-01,        +2.164913045627e-03
 2.42075000e+00,        +1.414213562373e-01,        +2.822485296404e-01,        +2.162106825918e-03
 2.42077500e+00,        +1.414213562373e-01,        +2.822474773363e-01,        +2.159298745336e-03
 2.42080000e+00,        +1.414213562373e-01,        +2.822464219100e-01,        +2.156488801827e-03
 2.42082500e+00,        +1.414213562373e-01,        +2.822453633504e-01,        +2.153676993346e-03
 2.42085000e+00,        +1.414213562373e-01,        +2.822443016464e-01,        +2.150863317856e-03
 2.42087500e+00,        +1.414213562373e-01,        +2.822432367866e-01,        +2.148047773330e-03
 2.42090000e+00,        +1.414213562373e-01,        +2.822421687598e-01,        +2.145230357748e-03
 2.42092500e+00,        +1.414213562373e-01,        +2.822410975546e-01,        +2.142411069098e-03
 2.42095000e+00,        +1.414213562373e-01,        +2.822400231596e-01,        +2.139589905378e-03
 2.42097500e+00,        +1.414213562373e-01,        +2.822389455635e-01,        +2.136766864596e-03
 2.42100000e+00,        +1.414213562373e-01,        +2.822378647547e-01,        +2.133941944766e-03
 2.42102500e+00,        +1.414213562373e-01,        +2.822367807217e-01,        +2.131115143914e-03
 2.42105000e+00,        +1.414213562373e-01,        +2.822356934529e-01,        +2.128286460074e-03
 2.42107500e+00,        +1.414213562373e-01,        +2.822346029367e-01,        +2.125455891290e-03
 2.42110000e+00,        +1.414213562373e-01,        +2.822335091615e-01,        +2.122623435616e-03
 2.42112500e+00,        +1.414213562373e-01,        +2.822324121153e-01,        +2.119789091114e-03
 2.42115000e+00,        +1.414213562373e-01,        +2.822313117866e-01,        +2.116952855858e-03
 2.42117500e+00,        +1.414213562373e-01,        +2.822302081635e-01,        +2.114114727930e-03
 2.42120000e+00,        +1.414213562373e-01,        +2.822291012341e-01,        +2.111274705425e-03
 2.42122500e+00,        +1.414213562373e-01,        +2.822279909865e-01,        +2.108432786445e-03
 2.42125000e+00,        +1.414213562373e-01,        +2.822268774086e-01,        +2.105588969105e-03
 2.42127500e+00,        +1.414213562373e-01,        +2.822257604886e-01,        +2.102743251529e-03
 2.42130000e+00,        +1.414213562373e-01,        +2.822246402142e-01,        +2.099895631853e-03
 2.42132500e+00,        +1.414213562373e-01,        +2.822235165734e-01,        +2.097046108224e-03
 2.42135000e+00,        +1.414213562373e-01,        +2.822223895540e-01,        +2.094194678797e-03
 2.42137500e+00,        +1.414213562373e-01,        +2.822212591437e-01,        +2.091341341743e-03
 2.42140000e+00,        +1.414213562373e-01,        +2.822201253303e-01,        +2.088486095242e-03
 2.42142500e+00,        +1.414213562373e-01,        +2.822189881014e-01,        +2.085628937484e-03
 2.42145000e+00,        +1.414213562373e-01,        +2.822178474447e-01,        +2.082769866673e-03
 2.42147500e+00,        +1.414213562373e-01,        +2.822167033477e-01,        +2.079908881024e-03
 2.42150000e+00,        +1.414213562373e-01,        +2.822155557979e-01,        +2.077045978764e-03
 2.42152500e+00,        +1.414213562373e-01,        +2.822144047827e-01,        +2.074181158132e-03
 2.42155000e+00,        +1.414213562373e-01,        +2.822132502897e-01,        +2.071314417380e-03
 2.42157500e+00,        +1.414213562373e-01,        +2.822120923060e-01,        +2.068445754772e-03
 2.42160000e+00,        +1.414213562373e-01,        +2.822109308191e-01,        +2.065575168584e-03
 2.42162500e+00,        +1.414213562373e-01,        +2.822097658161e-01,        +2.062702657106e-03
 2.42165000e+00,        +1.414213562373e-01,        +2.822085972842e-01,        +2.059828218641e-03
 2.42167500e+00,        +1.414213562373e-01,        +2.822074252106e-01,        +2.056951851503e-03
 2.42170000e+00,        +1.414213562373e-01,        +2.822062495824e-01,        +2.054073554023e-03
 2.42172500e+00,        +1.414213562373e-01,        +2.822050703865e-01,        +2.051193324543e-03
 2.42175000e+00,        +1.414213562373e-01,        +2.822038876099e-01,        +2.048311161418e-03
 2.42177500e+00,        +1.414213562373e-01,        +2.822027012396e-01,        +2.045427063019e-03
 2.42180000e+00,        +1.414213562373e-01,        +2.822015112624e-01,        +2.042541027730e-03
 2.42182500e+00,        +1.414213562373e-01,        +2.822003176650e-01,        +2.039653053950e-03
 2.42185000e+00,        +1.414213562373e-01,        +2.821991204344e-01,        +2.036763140090e-03
 2.42187500e+00,        +1.414213562373e-01,        +2.821979195570e-01,        +2.033871284578e-03
 2.42190000e+00,        +1.414213562373e-01,        +2.821967150196e-01,        +2.030977485857e-03
 2.42192500e+00,        +1.414213562373e-01,        +2.821955068087e-01,        +2.028081742384e-03
 2.42195000e+00,        +1.414213562373e-01,        +2.821942949109e-01,        +2.025184052630e-03
 2.42197500e+00,        +1.414213562373e-01,        +2.821930793126e-01,        +2.022284415083e-03
 2.42200000e+00,        +1.414213562373e-01,        +2.821918600002e-01,        +2.019382828246e-03
 2.42202500e+00,        +1.414213562373e-01,        +2.821906369600e-01,        +2.016479290638e-03
 2.42205000e+00,        +1.414213562373e-01,        +2.821894101784e-01,        +2.013573800794e-03
 2.42207500e+00,        +1.414213562373e-01,        +2.821881796415e-01,        +2.010666357265e-03
 2.42210000e+00,        +1.414213562373e-01,        +2.821869453356e-01,        +2.007756958618e-03
 2.42212500e+00,        +1.414213562373e-01,        +2.821857072467e-01,        +2.004845603436e-03
 2.42215000e+00,        +1.414213562373e-01,        +2.821844653609e-01,        +2.001932290321e-03
 2.42217500e+00,        +1.414213562373e-01,        +2.821832196641e-01,        +1.999017017889e-03
 2.42220000e+00,        +1.414213562373e-01,        +2.821819701424e-01,        +1.996099784775e-03
 2.42222500e+00,        +1.414213562373e-01,        +2.821807167815e-01,        +1.993180589631e-03
 2.42225000e+00,        +1.414213562373e-01,        +2.821794595673e-01,        +1.990259431126e-03
 2.42227500e+00,        +1.414213562373e-01,        +2.821781984855e-01,        +1.987336307949e-03
 2.42230000e+00,        +1.414213562373e-01,        +2.821769335218e-01,        +1.984411218803e-03
 2.42232500e+00,        +1.414213562373e-01,        +2.821756646619e-01,        +1.981484162413e-03
 2.42235000e+00,        +1.414213562373e-01,        +2.821743918913e-01,        +1.978555137520e-03
 2.42237500e+00,        +1.414213562373e-01,        +2.821731151955e-01,        +1.975624142886e-03
 2.42240000e+00,        +1.414213562373e-01,        +2.821718345599e-01,        +1.972691177289e-03
 2.42242500e+00,        +1.414213562373e-01,        +2.821705499700e-01,        +1.969756239528e-03
 2.42245000e+00,        +1.414213562373e-01,        +2.821692614110e-01,        +1.966819328421e-03
 2.42247500e+00,        +1.414213562373e-01,        +2.821679688682e-01,        +1.963880442806e-03
 2.42250000e+00,        +1.414213562373e-01,        +2.821666723268e-01,        +1.960939581540e-03
 2.42252500e+00,        +1.414213562373e-01,        +2.821653717719e-01,        +1.957996743500e-03
 2.42255000e+00,        +1.414213562373e-01,        +2.821640671885e-01,        +1.955051927585e-03
 2.42257500e+00,        +1.414213562373e-01,        +2.821627585617e-01,        +1.952105132711e-03
 2.42260000e+00,        +1.414213562373e-01,        +2.821614458764e-01,        +1.949156357818e-03
 2.42262500e+00,        +1.414213562373e-01,        +2.821601291175e-01,        +1.946205601867e-03
 2.42265000e+00,        +1.414213562373e-01,        +2.821588082697e-01,        +1.943252863837e-03
 2.42267500e+00,        +1.414213562373e-01,        +2.821574833179e-01,        +1.940298142732e-03
 2.42270000e+00,        +1.414213562373e-01,        +2.821561542466e-01,        +1.937341437576e-03
 2.42272500e+00,        +1.414213562373e-01,        +2.821548210405e-01,        +1.934382747416e-03
 2.42275000e+00,        +1.414213562373e-01,        +2.821534836842e-01,        +1.931422071320e-03
 2.42277500e+00,        +1.414213562373e-01,        +2.821521421620e-01,        +1.928459408379e-03
 2.42280000e+00,        +1.414213562373e-01,        +2.821507964584e-01,        +1.925494757707e-03
 2.42282500e+00,        +1.414213562373e-01,        +2.821494465578e-01,        +1.922528118442e-03
 2.42285000e+00,        +1.414213562373e-01,        +2.821480924444e-01,        +1.919559489743e-03
 2.42287500e+00,        +1.414213562373e-01,        +2.821467341025e-01,        +1.916588870795e-03
 2.42290000e+00,        +1.414213562373e-01,        +2.821453715161e-01,        +1.913616260804e-03
 2.42292500e+00,        +1.414213562373e-01,        +2.821440046693e-01,        +1.910641659003e-03
 2.42295000e+00,        +1.414213562373e-01,        +2.821426335462e-01,        +1.907665064649e-03
 2.42297500e+00,        +1.414213562373e-01,        +2.821412581306e-01,        +1.904686477021e-03
 2.42300000e+00,        +1.414213562373e-01,        +2.821398784064e-01,        +1.901705895425e-03
 2.42302500e+00,        +1.414213562373e-01,        +2.821384943574e-01,        +1.898723319193e-03
 2.42305000e+00,        +1.414213562373e-01,        +2.821371059674e-01,        +1.895738747682e-03
 2.42307500e+00,        +1.414213562373e-01,        +2.821357132200e-01,        +1.892752180272e-03
 2.42310000e+00,        +1.414213562373e-01,        +2.821343160987e-01,        +1.889763616373e-03
 2.42312500e+00,        +1.414213562373e-01,        +2.821329145872e-01,        +1.886773055420e-03
 2.42315000e+00,        +1.414213562373e-01,        +2.821315086687e-01,        +1.883780496874e-03
 2.42317500e+00,        +1.414213562373e-01,        +2.821300983267e-01,        +1.880785940222e-03
 2.42320000e+00,        +1.414213562373e-01,        +2.821286835445e-01,        +1.877789384982e-03
 2.42322500e+00,        +1.414213562373e-01,        +2.821272643054e-01,        +1.874790830697e-03
 2.42325000e+00,        +1.414213562373e-01,        +2.821258405923e-01,        +1.871790276937e-03
 2.42327500e+00,        +1.414213562373e-01,        +2.821244123886e-01,        +1.868787723301e-03
 2.42330000e+00,        +1.414213562373e-01,        +2.821229796770e-01,        +1.865783169419e-03
 2.42332500e+00,        +1.414213562373e-01,        +2.821215424407e-01,        +1.862776614945e-03
 2.42335000e+00,        +1.414213562373e-01,        +2.821201006623e-01,        +1.859768059567e-03
 2.42337500e+00,        +1.414213562373e-01,        +2.821186543248e-01,        +1.856757503000e-03
 2.42340000e+00,        +1.414213562373e-01,        +2.821172034109e-01,        +1.853744944988e-03
 2.42342500e+00,        +1.414213562373e-01,        +2.821157479031e-01,        +1.850730385308e-03
 2.42345000e+00,        +1.414213562373e-01,        +2.821142877840e-01,        +1.847713823763e-03
 2.42347500e+00,        +1.414213562373e-01,        +2.821128230362e-01,        +1.844695260192e-03
 2.42350000e+00,        +1.414213562373e-01,        +2.821113536419e-01,        +1.841674694461e-03
 2.42352500e+00,        +1.414213562373e-01,        +2.821098795836e-01,        +1.838652126470e-03
 2.42355000e+00,        +1.414213562373e-01,        +2.821084008436e-01,        +1.835627556150e-03
 2.42357500e+00,        +1.414213562373e-01,        +2.821069174039e-01,        +1.832600983462e-03
 2.42360000e+00,        +1.414213562373e-01,        +2.821054292467e-01,        +1.829572408404e-03
 2.42362500e+00,        +1.414213562373e-01,        +2.821039363541e-01,        +1.826541831003e-03
 2.42365000e+00,        +1.414213562373e-01,        +2.821024387079e-01,        +1.823509251320e-03
 2.42367500e+00,        +1.414213562373e-01,        +2.821009362900e-01,        +1.820474669451e-03
 2.42370000e+00,        +1.414213562373e-01,        +2.820994290823e-01,        +1.817438085525e-03
 2.42372500e+00,        +1.414213562373e-01,        +2.820979170664e-01,        +1.814399499705e-03
 2.42375000e+00,        +1.414213562373e-01,        +2.820964002241e-01,        +1.811358912189e-03
 2.42377500e+00,        +1.414213562373e-01,        +2.820948785367e-01,        +1.808316323210e-03
 2.42380000e+00,        +1.414213562373e-01,        +2.820933519858e-01,        +1.805271733036e-03
 2.42382500e+00,        +1.414213562373e-01,        +2.820918205529e-01,        +1.802225141972e-03
 2.42385000e+00,        +1.414213562373e-01,        +2.820902842191e-01,        +1.799176550358e-03
 2.42387500e+00,        +1.414213562373e-01,        +2.820887429658e-01,        +1.796125958570e-03
 2.42390000e+00,        +1.414213562373e-01,        +2.820871967741e-01,        +1.793073367023e-03
 2.42392500e+00,        +1.414213562373e-01,        +2.820856456250e-01,        +1.790018776167e-03
 2.42395000e+00,        +1.414213562373e-01,        +2.820840894996e-01,        +1.786962186493e-03
 2.42397500e+00,        +1.414213562373e-01,        +2.820825283788e-01,        +1.783903598525e-03
 2.42400000e+00,        +1.414213562373e-01,        +2.820809622433e-01,        +1.780843012831e-03
 2.42402500e+00,        +1.414213562373e-01,        +2.820793910740e-01,        +1.777780430015e-03
 2.42405000e+00,        +1.414213562373e-01,        +2.820778148514e-01,        +1.774715850720e-03
 2.42407500e+00,        +1.414213562373e-01,        +2.820762335562e-01,        +1.771649275630e-03
 2.42410000e+00,        +1.414213562373e-01,        +2.820746471688e-01,        +1.768580705470e-03
 2.42412500e+00,        +1.414213562373e-01,        +2.820730556696e-01,        +1.765510141002e-03
 2.42415000e+00,        +1.414213562373e-01,        +2.820714590390e-01,        +1.762437583033e-03
 2.42417500e+00,        +1.414213562373e-01,        +2.820698572572e-01,        +1.759363032410e-03
 2.42420000e+00,        +1.414213562373e-01,        +2.820682503043e-01,        +1.756286490022e-03
 2.42422500e+00,        +1.414213562373e-01,        +2.820666381604e-01,        +1.753207956799e-03
 2.42425000e+00,        +1.414213562373e-01,        +2.820650208054e-01,        +1.750127433716e-03
 2.42427500e+00,        +1.414213562373e-01,        +2.820633982194e-01,        +1.747044921790e-03
 2.42430000e+00,        +1.414213562373e-01,        +2.820617703819e-01,        +1.743960422081e-03
 2.42432500e+00,        +1.414213562373e-01,        +2.820601372729e-01,        +1.740873935695e-03
 2.42435000e+00,        +1.414213562373e-01,        +2.820584988718e-01,        +1.737785463781e-03
 2.42437500e+00,        +1.414213562373e-01,        +2.820568551583e-01,        +1.734695007534e-03
 2.42440000e+00,        +1.414213562373e-01,        +2.820552061118e-01,        +1.731602568194e-03
 2.42442500e+00,        +1.414213562373e-01,        +2.820535517116e-01,        +1.728508147047e-03
 2.42445000e+00,        +1.414213562373e-01,        +2.820518919370e-01,        +1.725411745426e-03
 2.42447500e+00,        +1.414213562373e-01,        +2.820502267672e-01,        +1.722313364710e-03
 2.42450000e+00,        +1.414213562373e-01,        +2.820485561812e-01,        +1.719213006326e-03
 2.42452500e+00,        +1.414213562373e-01,        +2.820468801582e-01,        +1.716110671749e-03
 2.42455000e+00,        +1.414213562373e-01,        +2.820451986769e-01,        +1.713006362503e-03
 2.42457500e+00,        +1.414213562373e-01,        +2.820435117163e-01,        +1.709900080159e-03
 2.42460000e+00,        +1.414213562373e-01,        +2.820418192549e-01,        +1.706791826339e-03
 2.42462500e+00,        +1.414213562373e-01,        +2.820401212716e-01,        +1.703681602715e-03
 2.42465000e+00,        +1.414213562373e-01,        +2.820384177447e-01,        +1.700569411009e-03
 2.42467500e+00,        +1.414213562373e-01,        +2.820367086528e-01,        +1.697455252994e-03
 2.42470000e+00,        +1.414213562373e-01,        +2.820349939742e-01,        +1.694339130493e-03
 2.42472500e+00,        +1.414213562373e-01,        +2.820332736871e-01,        +1.691221045384e-03
 2.42475000e+00,        +1.414213562373e-01,        +2.820315477698e-01,        +1.688100999596e-03
 2.42477500e+00,        +1.414213562373e-01,        +2.820298162003e-01,        +1.684978995109e-03
 2.42480000e+00,        +1.414213562373e-01,        +2.820280789565e-01,        +1.681855033960e-03
 2.42482500e+00,        +1.414213562373e-01,        +2.820263360165e-01,        +1.678729118239e-03
 2.42485000e+00,        +1.414213562373e-01,        +2.820245873578e-01,        +1.675601250089e-03
 2.42487500e+00,        +1.414213562373e-01,        +2.820228329583e-01,        +1.672471431711e-03
 2.42490000e+00,        +1.414213562373e-01,        +2.820210727955e-01,        +1.669339665360e-03
 2.42492500e+00,        +1.414213562373e-01,        +2.820193068470e-01,        +1.666205953347e-03
 2.42495000e+00,        +1.414213562373e-01,        +2.820175350900e-01,        +1.663070298041e-03
 2.42497500e+00,        +1.414213562373e-01,        +2.820157575020e-01,        +1.659932701868e-03
 2.42500000e+00,        +1.414213562373e-01,        +2.820139740601e-01,        +1.656793167314e-03
 2.42502500e+00,        +1.414213562373e-01,        +2.820121847415e-01,        +1.653651696920e-03
 2.42505000e+00,        +1.414213562373e-01,        +2.820103895231e-01,        +1.650508293288e-03
 2.42507500e+00,        +1.414213562373e-01,        +2.820085883818e-01,        +1.647362959082e-03
 2.42510000e+00,        +1.414213562373e-01,        +2.820067812944e-01,        +1.644215697023e-03
 2.42512500e+00,        +1.414213562373e-01,        +2.820049682378e-01,        +1.641066509895e-03
 2.42515000e+00,        +1.414213562373e-01,        +2.820031491883e-01,        +1.637915400544e-03
 2.42517500e+00,        +1.414213562373e-01,        +2.820013241227e-01,        +1.634762371876e-03
 2.42520000e+00,        +1.414213562373e-01,        +2.819994930172e-01,        +1.631607426863e-03
 2.42522500e+00,        +1.414213562373e-01,        +2.819976558481e-01,        +1.628450568538e-03
 2.42525000e+00,        +1.414213562373e-01,        +2.819958125918e-01,        +1.625291799999e-03
 2.42527500e+00,        +1.414213562373e-01,        +2.819939632242e-01,        +1.622131124411e-03
 2.42530000e+00,        +1.414213562373e-01,        +2.819921077213e-01,        +1.618968545000e-03
 2.42532500e+00,        +1.414213562373e-01,        +2.819902460591e-01,        +1.615804065061e-03
 2.42535000e+00,        +1.414213562373e-01,        +2.819883782133e-01,        +1.612637687957e-03
 2.42537500e+00,        +1.414213562373e-01,        +2.819865041596e-01,        +1.609469417115e-03
 2.42540000e+00,        +1.414213562373e-01,        +2.819846238736e-01,        +1.606299256034e-03
 2.42542500e+00,        +1.414213562373e-01,        +2.819827373308e-01,        +1.603127208277e-03
 2.42545000e+00,        +1.414213562373e-01,        +2.819808445065e-01,        +1.599953277481e-03
 2.42547500e+00,        +1.414213562373e-01,        +2.819789453760e-01,        +1.596777467350e-03
 2.42550000e+00,        +1.414213562373e-01,        +2.819770399144e-01,        +1.593599781661e-03
 2.42552500e+00,        +1.414213562373e-01,        +2.819751280967e-01,        +1.590420224262e-03
 2.42555000e+00,        +1.414213562373e-01,        +2.819732098980e-01,        +1.587238799072e-03
 2.42557500e+00,        +1.414213562373e-01,        +2.819712852931e-01,        +1.584055510084e-03
 2.42560000e+00,        +1.414213562373e-01,        +2.819693542566e-01,        +1.580870361364e-03
 2.42562500e+00,        +1.414213562373e-01,        +2.819674167632e-01,        +1.577683357054e-03
 2.42565000e+00,        +1.414213562373e-01,        +2.819654727874e-01,        +1.574494501370e-03
 2.42567500e+00,        +1.414213562373e-01,        +2.819635223036e-01,        +1.571303798603e-03
 2.42570000e+00,        +1.414213562373e-01,        +2.819615652860e-01,        +1.568111253122e-03
 2.42572500e+00,        +1.414213562373e-01,        +2.819596017089e-01,        +1.564916869372e-03
 2.42575000e+00,        +1.414213562373e-01,        +2.819576315463e-01,        +1.561720651879e-03
 2.42577500e+00,        +1.414213562373e-01,        +2.819556547722e-01,        +1.558522605243e-03
 2.42580000e+00,        +1.414213562373e-01,        +2.819536713603e-01,        +1.555322734149e-03
 2.42582500e+00,        +1.414213562373e-01,        +2.819516812846e-01,        +1.552121043359e-03
 2.42585000e+00,        +1.414213562373e-01,        +2.819496845184e-01,        +1.548917537717e-03
 2.42587500e+00,        +1.414213562373e-01,        +2.819476810354e-01,        +1.545712222149e-03
 2.42590000e+00,        +1.414213562373e-01,        +2.819456708090e-01,        +1.542505101665e-03
 2.42592500e+00,        +1.414213562373e-01,        +2.819436538124e-01,        +1.539296181356e-03
 2.42595000e+00,        +1.414213562373e-01,        +2.819416300188e-01,        +1.536085466400e-03
 2.42597500e+00,        +1.414213562373e-01,        +2.819395994012e-01,        +1.532872962059e-03
 2.42600000e+00,        +1.414213562373e-01,        +2.819375619326e-01,        +1.529658673681e-03
 2.42602500e+00,        +1.414213562373e-01,        +2.819355175858e-01,        +1.526442606702e-03
 2.42605000e+00,        +1.414213562373e-01,        +2.819334663334e-01,        +1.523224766644e-03
 2.42607500e+00,        +1.414213562373e-01,        +2.819314081482e-01,        +1.520005159119e-03
 2.42610000e+00,        +1.414213562373e-01,        +2.819293430024e-01,        +1.516783789828e-03
 2.42612500e+00,        +1.414213562373e-01,        +2.819272708686e-01,        +1.513560664562e-03
 2.42615000e+00,        +1.414213562373e-01,        +2.819251917189e-01,        +1.510335789204e-03
 2.42617500e+00,        +1.414213562373e-01,        +2.819231055254e-01,        +1.507109169728e-03
 2.42620000e+00,        +1.414213562373e-01,        +2.819210122602e-01,        +1.503880812203e-03
 2.42622500e+00,        +1.414213562373e-01,        +2.819189118951e-01,        +1.500650722788e-03
 2.42625000e+00,        +1.414213562373e-01,        +2.819168044019e-01,        +1.497418907742e-03
 2.42627500e+00,        +1.414213562373e-01,        +2.819146897522e-01,        +1.494185373414e-03
 2.42630000e+00,        +1.414213562373e-01,        +2.819125679175e-01,        +1.490950126254e-03
 2.42632500e+00,        +1.414213562373e-01,        +2.819104388693e-01,        +1.487713172808e-03
 2.42635000e+00,        +1.414213562373e-01,        +2.819083025787e-01,        +1.484474519720e-03
 2.42637500e+00,        +1.414213562373e-01,        +2.819061590170e-01,        +1.481234173734e-03
 2.42640000e+00,        +1.414213562373e-01,        +2.819040081552e-01,        +1.477992141694e-03
 2.42642500e+00,        +1.414213562373e-01,        +2.819018499643e-01,        +1.474748430546e-03
 2.42645000e+00,        +1.414213562373e-01,        +2.818996844149e-01,        +1.471503047336e-03
 2.42647500e+00,        +1.414213562373e-01,        +2.818975114777e-01,        +1.468255999217e-03
 2.42650000e+00,        +1.414213562373e-01,        +2.818953311234e-01,        +1.465007293443e-03
 2.42652500e+00,        +1.414213562373e-01,        +2.818931433223e-01,        +1.461756937376e-03
 2.42655000e+00,        +1.414213562373e-01,        +2.818909480446e-01,        +1.458504938481e-03
 2.42657500e+00,        +1.414213562373e-01,        +2.818887452607e-01,        +1.455251304332e-03
 2.42660000e+00,        +1.414213562373e-01,        +2.818865349404e-01,        +1.451996042613e-03
 2.42662500e+00,        +1.414213562373e-01,        +2.818843170538e-01,        +1.448739161114e-03
 2.42665000e+00,        +1.414213562373e-01,        +2.818820915706e-01,        +1.445480667738e-03
 2.42667500e+00,        +1.414213562373e-01,        +2.818798584605e-01,        +1.442220570497e-03
 2.42670000e+00,        +1.414213562373e-01,        +2.818776176930e-01,        +1.438958877518e-03
 2.42672500e+00,        +1.414213562373e-01,        +2.818753692375e-01,        +1.435695597040e-03
 2.42675000e+00,        +1.414213562373e-01,        +2.818731130633e-01,        +1.432430737417e-03
 2.42677500e+00,        +1.414213562373e-01,        +2.818708491395e-01,        +1.429164307118e-03
 2.42680000e+00,        +1.414213562373e-01,        +2.818685774352e-01,        +1.425896314730e-03
 2.42682500e+00,        +1.414213562373e-01,        +2.818662979193e-01,        +1.422626768957e-03
 2.42685000e+00,        +1.414213562373e-01,        +2.818640105604e-01,        +1.419355678623e-03
 2.42687500e+00,        +1.414213562373e-01,        +2.818617153274e-01,        +1.416083052670e-03
 2.42690000e+00,        +1.414213562373e-01,        +2.818594121886e-01,        +1.412808900163e-03
 2.42692500e+00,        +1.414213562373e-01,        +2.818571011124e-01,        +1.409533230290e-03
 2.42695000e+00,        +1.414213562373e-01,        +2.818547820671e-01,        +1.406256052361e-03
 2.42697500e+00,        +1.414213562373e-01,        +2.818524550207e-01,        +1.402977375811e-03
 2.42700000e+00,        +1.414213562373e-01,        +2.818501199413e-01,        +1.399697210201e-03
 2.42702500e+00,        +1.414213562373e-01,        +2.818477767967e-01,        +1.396415565221e-03
 2.42705000e+00,        +1.414213562373e-01,        +2.818454255546e-01,        +1.393132450685e-03
 2.42707500e+00,        +1.414213562373e-01,        +2.818430661825e-01,        +1.389847876542e-03
 2.42710000e+00,        +1.414213562373e-01,        +2.818406986480e-01,        +1.386561852866e-03
 2.42712500e+00,        +1.414213562373e-01,        +2.818383229183e-01,        +1.383274389867e-03
 2.42715000e+00,        +1.414213562373e-01,        +2.818359389606e-01,        +1.379985497886e-03
 2.42717500e+00,        +1.414213562373e-01,        +2.818335467419e-01,        +1.376695187401e-03
 2.42720000e+00,        +1.414213562373e-01,        +2.818311462291e-01,        +1.373403469021e-03
 2.42722500e+00,        +1.414213562373e-01,        +2.818287373890e-01,        +1.370110353498e-03
 2.42725000e+00,        +1.414213562373e-01,        +2.818263201883e-01,        +1.366815851716e-03
 2.42727500e+00,        +1.414213562373e-01,        +2.818238945934e-01,        +1.363519974703e-03
 2.42730000e+00,        +1.414213562373e-01,        +2.818214605706e-01,        +1.360222733627e-03
 2.42732500e+00,        +1.414213562373e-01,        +2.818190180863e-01,        +1.356924139796e-03
 2.42735000e+00,        +1.414213562373e-01,        +2.818165671064e-01,        +1.353624204663e-03
 2.42737500e+00,        +1.414213562373e-01,        +2.818141075969e-01,        +1.350322939826e-03
 2.42740000e+00,        +1.414213562373e-01,        +2.818116395236e-01,        +1.347020357028e-03
 2.42742500e+00,        +1.414213562373e-01,        +2.818091628522e-01,        +1.343716468162e-03
 2.42745000e+00,        +1.414213562373e-01,        +2.818066775483e-01,        +1.340411285265e-03
 2.42747500e+00,        +1.414213562373e-01,        +2.818041835771e-01,        +1.337104820530e-03
 2.42750000e+00,        +1.414213562373e-01,        +2.818016809039e-01,        +1.333797086298e-03
 2.42752500e+00,        +1.414213562373e-01,        +2.817991694939e-01,        +1.330488095063e-03
 2.42755000e+00,        +1.414213562373e-01,        +2.817966493119e-01,        +1.327177859476e-03
 2.42757500e+00,        +1.414213562373e-01,        +2.817941203229e-01,        +1.323866392340e-03
 2.42760000e+00,        +1.414213562373e-01,        +2.817915824915e-01,        +1.320553706619e-03
 2.42762500e+00,        +1.414213562373e-01,        +2.817890357822e-01,        +1.317239815434e-03
 2.42765000e+00,        +1.414213562373e-01,        +2.817864801594e-01,        +1.313924732066e-03
 2.42767500e+00,        +1.414213562373e-01,        +2.817839155874e-01,        +1.310608469960e-03
 2.42770000e+00,        +1.414213562373e-01,        +2.817813420303e-01,        +1.307291042720e-03
 2.42772500e+00,        +1.414213562373e-01,        +2.817787594521e-01,        +1.303972464118e-03
 2.42775000e+00,        +1.414213562373e-01,        +2.817761678165e-01,        +1.300652748091e-03
 2.42777500e+00,        +1.414213562373e-01,        +2.817735670873e-01,        +1.297331908745e-03
 2.42780000e+00,        +1.414213562373e-01,        +2.817709572279e-01,        +1.294009960354e-03
 2.42782500e+00,        +1.414213562373e-01,        +2.817683382019e-01,        +1.290686917364e-03
 2.42785000e+00,        +1.414213562373e-01,        +2.817657099723e-01,        +1.287362794391e-03
 2.42787500e+00,        +1.414213562373e-01,        +2.817630725023e-01,        +1.284037606227e-03
 2.42790000e+00,        +1.414213562373e-01,        +2.817604257549e-01,        +1.280711367840e-03
 2.42792500e+00,        +1.414213562373e-01,        +2.817577696929e-01,        +1.277384094375e-03
 2.42795000e+00,        +1.414213562373e-01,        +2.817551042789e-01,        +1.274055801153e-03
 2.42797500e+00,        +1.414213562373e-01,        +2.817524294754e-01,        +1.270726503680e-03
 2.42800000e+00,        +1.414213562373e-01,        +2.817497452448e-01,        +1.267396217641e-03
 2.42802500e+00,        +1.414213562373e-01,        +2.817470515493e-01,        +1.264064958905e-03
 2.42805000e+00,        +1.414213562373e-01,        +2.817443483511e-01,        +1.260732743528e-03
 2.42807500e+00,        +1.414213562373e-01,        +2.817416356119e-01,        +1.257399587752e-03
 2.42810000e+00,        +1.414213562373e-01,        +2.817389132935e-01,        +1.254065508008e-03
 2.42812500e+00,        +1.414213562373e-01,        +2.817361813577e-01,        +1.250730520918e-03
 2.42815000e+00,        +1.414213562373e-01,        +2.817334397659e-01,        +1.247394643295e-03
 2.42817500e+00,        +1.414213562373e-01,        +2.817306884793e-01,        +1.244057892147e-03
 2.42820000e+00,        +1.414213562373e-01,        +2.817279274593e-01,        +1.240720284679e-03
 2.42822500e+00,        +1.414213562373e-01,        +2.817251566667e-01,        +1.237381838291e-03
 2.42825000e+00,        +1.414213562373e-01,        +2.817223760625e-01,        +1.234042570585e-03
 2.42827500e+00,        +1.414213562373e-01,        +2.817195856074e-01,        +1.230702499363e-03
 2.42830000e+00,        +1.414213562373e-01,        +2.817167852620e-01,        +1.227361642628e-03
 2.42832500e+00,        +1.414213562373e-01,        +2.817139749868e-01,        +1.224020018592e-03
 2.42835000e+00,        +1.414213562373e-01,        +2.817111547418e-01,        +1.220677645671e-03
 2.42837500e+00,        +1.414213562373e-01,        +2.817083244874e-01,        +1.217334542489e-03
 2.42840000e+00,        +1.414213562373e-01,        +2.817054841835e-01,        +1.213990727883e-03
 2.42842500e+00,        +1.414213562373e-01,        +2.817026337899e-01,        +1.210646220900e-03
 2.42845000e+00,        +1.414213562373e-01,        +2.816997732662e-01,        +1.207301040803e-03
 2.42847500e+00,        +1.414213562373e-01,        +2.816969025720e-01,        +1.203955207069e-03
 2.42850000e+00,        +1.414213562373e-01,        +2.816940216667e-01,        +1.200608739396e-03
 2.42852500e+00,        +1.414213562373e-01,        +2.816911305094e-01,        +1.197261657700e-03
 2.42855000e+00,        +1.414213562373e-01,        +2.816882290592e-01,        +1.193913982119e-03
 2.42857500e+00,        +1.414213562373e-01,        +2.816853172750e-01,        +1.190565733017e-03
 2.42860000e+00,        +1.414213562373e-01,        +2.816823951157e-01,        +1.187216930982e-03
 2.42862500e+00,        +1.414213562373e-01,        +2.816794625397e-01,        +1.183867596831e-03
 2.42865000e+00,        +1.414213562373e-01,        +2.816765195055e-01,        +1.180517751611e-03
 2.42867500e+00,        +1.414213562373e-01,        +2.816735659714e-01,        +1.177167416602e-03
 2.42870000e+00,        +1.414213562373e-01,        +2.816706018956e-01,        +1.173816613317e-03
 2.42872500e+00,        +1.414213562373e-01,        +2.816676272361e-01,        +1.170465363506e-03
 2.42875000e+00,        +1.414213562373e-01,        +2.816646419506e-01,        +1.167113689158e-03
 2.42877500e+00,        +1.414213562373e-01,        +2.816616459969e-01,        +1.163761612502e-03
 2.42880000e+00,        +1.414213562373e-01,        +2.816586393325e-01,        +1.160409156009e-03
 2.42882500e+00,        +1.414213562373e-01,        +2.816556219147e-01,        +1.157056342397e-03
 2.42885000e+00,        +1.414213562373e-01,        +2.816525937008e-01,        +1.153703194630e-03
 2.42887500e+00,        +1.414213562373e-01,        +2.816495546478e-01,        +1.150349735919e-03
 2.42890000e+00,        +1.414213562373e-01,        +2.816465047127e-01,        +1.146995989731e-03
 2.42892500e+00,        +1.414213562373e-01,        +2.816434438521e-01,        +1.143641979784e-03
 2.42895000e+00,        +1.414213562373e-01,        +2.816403720228e-01,        +1.140287730052e-03
 2.42897500e+00,        +1.414213562373e-01,        +2.816372891811e-01,        +1.136933264767e-03
 2.42900000e+00,        +1.414213562373e-01,        +2.816341952833e-01,        +1.133578608424e-03
 2.42902500e+00,        +1.414213562373e-01,        +2.816310902856e-01,        +1.130223785778e-03
 2.42905000e+00,        +1.414213562373e-01,        +2.816279741440e-01,        +1.126868821850e-03
 2.42907500e+00,        +1.414213562373e-01,        +2.816248468142e-01,        +1.123513741929e-03
 2.42910000e+00,        +1.414213562373e-01,        +2.816217082520e-01,        +1.120158571574e-03
 2.42912500e+00,        +1.414213562373e-01,        +2.816185584128e-01,        +1.116803336616e-03
 2.42915000e+00,        +1.414213562373e-01,        +2.816153972521e-01,        +1.113448063160e-03
 2.42917500e+00,        +1.414213562373e-01,        +2.816122247250e-01,        +1.110092777588e-03
 2.42920000e+00,        +1.414213562373e-01,        +2.816090407866e-01,        +1.106737506564e-03
 2.42922500e+00,        +1.414213562373e-01,        +2.816058453919e-01,        +1.103382277030e-03
 2.42925000e+00,        +1.414213562373e-01,        +2.816026384954e-01,        +1.100027116215e-03
 2.42927500e+00,        +1.414213562373e-01,        +2.815994200519e-01,        +1.096672051634e-03
 2.42930000e+00,        +1.414213562373e-01,        +2.815961900158e-01,        +1.093317111093e-03
 2.42932500e+00,        +1.414213562373e-01,        +2.815929483414e-01,        +1.089962322687e-03
 2.42935000e+00,        +1.414213562373e-01,        +2.815896949828e-01,        +1.086607714809e-03
 2.42937500e+00,        +1.414213562373e-01,        +2.815864298939e-01,        +1.083253316145e-03
 2.42940000e+00,        +1.414213562373e-01,        +2.815831530287e-01,        +1.079899155684e-03
 2.42942500e+00,        +1.414213562373e-01,        +2.815798643407e-01,        +1.076545262716e-03
 2.42945000e+00,        +1.414213562373e-01,        +2.815765637835e-01,        +1.073191666836e-03
 2.42947500e+00,        +1.414213562373e-01,        +2.815732513105e-01,        +1.069838397947e-03
 2.42950000e+00,        +1.414213562373e-01,        +2.815699268748e-01,        +1.066485486260e-03
 2.42952500e+00,        +1.414213562373e-01,        +2.815665904296e-01,        +1.063132962303e-03
 2.42955000e+00,        +1.414213562373e-01,        +2.815632419277e-01,        +1.059780856915e-03
 2.42957500e+00,        +1.414213562373e-01,        +2.815598813220e-01,        +1.056429201256e-03
 2.42960000e+00,        +1.414213562373e-01,        +2.815565085649e-01,        +1.053078026807e-03
 2.42962500e+00,        +1.414213562373e-01,        +2.815531236090e-01,        +1.049727365373e-03
 2.42965000e+00,        +1.414213562373e-01,        +2.815497264066e-01,        +1.046377249084e-03
 2.42967500e+00,        +1.414213562373e-01,        +2.815463169098e-01,        +1.043027710400e-03
 2.42970000e+00,        +1.414213562373e-01,        +2.815428950706e-01,        +1.039678782116e-03
 2.42972500e+00,        +1.414213562373e-01,        +2.815394608409e-01,        +1.036330497358e-03
 2.42975000e+00,        +1.414213562373e-01,        +2.815360141724e-01,        +1.032982889592e-03
 2.42977500e+00,        +1.414213562373e-01,        +2.815325550167e-01,        +1.029635992626e-03
 2.42980000e+00,        +1.414213562373e-01,        +2.815290833250e-01,        +1.026289840610e-03
 2.42982500e+00,        +1.414213562373e-01,        +2.815255990488e-01,        +1.022944468041e-03
 2.42985000e+00,        +1.414213562373e-01,        +2.815221021391e-01,        +1.019599909767e-03
 2.42987500e+00,        +1.414213562373e-01,        +2.815185925469e-01,        +1.016256200988e-03
 2.42990000e+00,        +1.414213562373e-01,        +2.815150702229e-01,        +1.012913377259e-03
 2.42992500e+00,        +1.414213562373e-01,        +2.815115351180e-01,        +1.009571474495e-03
 2.42995000e+00,        +1.414213562373e-01,        +2.815079871825e-01,        +1.006230528972e-03
 2.42997500e+00,        +1.414213562373e-01,        +2.815044263669e-01,        +1.002890577331e-03
 2.43000000e+00,        +1.414213562373e-01,        +2.815008526213e-01,        +9.995516565819e-04
 2.43002500e+00,        +1.414213562373e-01,        +2.814972658960e-01,        +9.962138041036e-04
 2.43005000e+00,        +1.414213562373e-01,        +2.814936661408e-01,        +9.928770576514e-04
 2.43007500e+00,        +1.414213562373e-01,        +2.814900533056e-01,        +9.895414553568e-04
 2.43010000e+00,        +1.414213562373e-01,        +2.814864273399e-01,        +9.862070357321e-04
 2.43012500e+00,        +1.414213562373e-01,        +2.814827881934e-01,        +9.828738376737e-04
 2.43015000e+00,        +1.414213562373e-01,        +2.814791358153e-01,        +9.795419004647e-04
 2.43017500e+00,        +1.414213562373e-01,        +2.814754701551e-01,        +9.762112637786e-04
 2.43020000e+00,        +1.414213562373e-01,        +2.814717911616e-01,        +9.728819676823e-04
 2.43022500e+00,        +1.414213562373e-01,        +2.814680987839e-01,        +9.695540526397e-04
 2.43025000e+00,        +1.414213562373e-01,        +2.814643929709e-01,        +9.662275595147e-04
 2.43027500e+00,        +1.414213562373e-01,        +2.814606736712e-01,        +9.629025295751e-04
 2.43030000e+00,        +1.414213562373e-01,        +2.814569408333e-01,        +9.595790044950e-04
 2.43032500e+00,        +1.414213562373e-01,        +2.814531944058e-01,        +9.562570263592e-04
 2.43035000e+00,        +1.414213562373e-01,        +2.814494343367e-01,        +9.529366376661e-04
 2.43037500e+00,        +1.414213562373e-01,        +2.814456605744e-01,        +9.496178813311e-04
 2.43040000e+00,        +1.414213562373e-01,        +2.814418730668e-01,        +9.463008006900e-04
 2.43042500e+00,        +1.414213562373e-01,        +2.814380717618e-01,        +9.429854395035e-04
 2.43045000e+00,        +1.414213562373e-01,        +2.814342566071e-01,        +9.396718419588e-04
 2.43047500e+00,        +1.414213562373e-01,        +2.814304275504e-01,        +9.363600526751e-04
 2.43050000e+00,        +1.414213562373e-01,        +2.814265845391e-01,        +9.330501167056e-04
 2.43052500e+00,        +1.414213562373e-01,        +2.814227275207e-01,        +9.297420795422e-04
 2.43055000e+00,        +1.414213562373e-01,        +2.814188564424e-01,        +9.264359871184e-04
 2.43057500e+00,        +1.414213562373e-01,        +2.814149712512e-01,        +9.231318858134e-04
 2.43060000e+00,        +1.414213562373e-01,        +2.814110718942e-01,        +9.198298224551e-04
 2.43062500e+00,        +1.414213562373e-01,        +2.814071583183e-01,        +9.165298443249e-04
 2.43065000e+00,        +1.414213562373e-01,        +2.814032304701e-01,        +9.132319991604e-04
 2.43067500e+00,        +1.414213562373e-01,        +2.813992882964e-01,        +9.099363351590e-04
 2.43070000e+00,        +1.414213562373e-01,        +2.813953317435e-01,        +9.066429009827e-04
 2.43072500e+00,        +1.414213562373e-01,        +2.813913607580e-01,        +9.033517457609e-04
 2.43075000e+00,        +1.414213562373e-01,        +2.813873752860e-01,        +9.000629190948e-04
 2.43077500e+00,        +1.414213562373e-01,        +2.813833752738e-01,        +8.967764710606e-04
 2.43080000e+00,        +1.414213562373e-01,        +2.813793606674e-01,        +8.934924522143e-04
 2.43082500e+00,        +1.414213562373e-01,        +2.813753314126e-01,        +8.902109135945e-04
 2.43085000e+00,        +1.414213562373e-01,        +2.813712874554e-01,        +8.869319067270e-04
 2.43087500e+00,        +1.414213562373e-01,        +2.813672287414e-01,        +8.836554836284e-04
 2.43090000e+00,        +1.414213562373e-01,        +2.813631552162e-01,        +8.803816968101e-04
 2.43092500e+00,        +1.414213562373e-01,        +2.813590668253e-01,        +8.771105992827e-04
 2.43095000e+00,        +1.414213562373e-01,        +2.813549635142e-01,        +8.738422445591e-04
 2.43097500e+00,        +1.414213562373e-01,        +2.813508452281e-01,        +8.705766866594e-04
 2.43100000e+00,        +1.414213562373e-01,        +2.813467119121e-01,        +8.673139801145e-04
 2.43102500e+00,        +1.414213562373e-01,        +2.813425635115e-01,        +8.640541799699e-04
 2.43105000e+00,        +1.414213562373e-01,        +2.813383999711e-01,        +8.607973417904e-04
 2.43107500e+00,        +1.414213562373e-01,        +2.813342212358e-01,        +8.575435216642e-04
 2.43110000e+00,        +1.414213562373e-01,        +2.813300272506e-01,        +8.542927762061e-04
 2.43112500e+00,        +1.414213562373e-01,        +2.813258179599e-01,        +8.510451625630e-04
 2.43115000e+00,        +1.414213562373e-01,        +2.813215933086e-01,        +8.478007384168e-04
 2.43117500e+00,        +1.414213562373e-01,        +2.813173532411e-01,        +8.445595619898e-04
 2.43120000e+00,        +1.414213562373e-01,        +2.813130977018e-01,        +8.413216920481e-04
 2.43122500e+00,        +1.414213562373e-01,        +2.813088266352e-01,        +8.380871879061e-04
 2.43125000e+00,        +1.414213562373e-01,        +2.813045399854e-01,        +8.348561094309e-04
 2.43127500e+00,        +1.414213562373e-01,        +2.813002376967e-01,        +8.316285170462e-04
 2.43130000e+00,        +1.414213562373e-01,        +2.812959197132e-01,        +8.284044717377e-04
 2.43132500e+00,        +1.414213562373e-01,        +2.812915859789e-01,        +8.251840350557e-04
 2.43135000e+00,        +1.414213562373e-01,        +2.812872364378e-01,        +8.219672691212e-04
 2.43137500e+00,        +1.414213562373e-01,        +2.812828710338e-01,        +8.187542366294e-04
 2.43140000e+00,        +1.414213562373e-01,        +2.812784897107e-01,        +8.155450008543e-04
 2.43142500e+00,        +1.414213562373e-01,        +2.812740924123e-01,        +8.123396256530e-04
 2.43145000e+00,        +1.414213562373e-01,        +2.812696790823e-01,        +8.091381754706e-04
 2.43147500e+00,        +1.414213562373e-01,        +2.812652496643e-01,        +8.059407153443e-04
 2.43150000e+00,        +1.414213562373e-01,        +2.812608041019e-01,        +8.027473109079e-04
 2.43152500e+00,        +1.414213562373e-01,        +2.812563423386e-01,        +7.995580283968e-04
 2.43155000e+00,        +1.414213562373e-01,        +2.812518643179e-01,        +7.963729346519e-04
 2.43157500e+00,        +1.414213562373e-01,        +2.812473699832e-01,        +7.931920971250e-04
 2.43160000e+00,        +1.414213562373e-01,        +2.812428592778e-01,        +7.900155838826e-04
 2.43162500e+00,        +1.414213562373e-01,        +2.812383321451e-01,        +7.868434636111e-04
 2.43165000e+00,        +1.414213562373e-01,        +2.812337885283e-01,        +7.836758056210e-04
 2.43167500e+00,        +1.414213562373e-01,        +2.812292283707e-01,        +7.805126798524e-04
 2.43170000e+00,        +1.414213562373e-01,        +2.812246516155e-01,        +7.773541568784e-04
 2.43172500e+00,        +1.414213562373e-01,        +2.812200582059e-01,        +7.742003079109e-04
 2.43175000e+00,        +1.414213562373e-01,        +2.812154480850e-01,        +7.710512048053e-04
 2.43177500e+00,        +1.414213562373e-01,        +2.812108211959e-01,        +7.679069200645e-04
 2.43180000e+00,        +1.414213562373e-01,        +2.812061774816e-01,        +7.647675268447e-04
 2.43182500e+00,        +1.414213562373e-01,        +2.812015168853e-01,        +7.616330989591e-04
 2.43185000e+00,        +1.414213562373e-01,        +2.811968393500e-01,        +7.585037108837e-04
 2.43187500e+00,        +1.414213562373e-01,        +2.811921448187e-01,        +7.553794377616e-04
 2.43190000e+00,        +1.414213562373e-01,        +2.811874332345e-01,        +7.522603554083e-04
 2.43192500e+00,        +1.414213562373e-01,        +2.811827045403e-01,        +7.491465403160e-04
 2.43195000e+00,        +1.414213562373e-01,        +2.811779586791e-01,        +7.460380696592e-04
 2.43197500e+00,        +1.414213562373e-01,        +2.811731955941e-01,        +7.429350212988e-04
 2.43200000e+00,        +1.414213562373e-01,        +2.811684152281e-01,        +7.398374737883e-04
 2.43202500e+00,        +1.414213562373e-01,        +2.811636175242e-01,        +7.367455063773e-04
 2.43205000e+00,        +1.414213562373e-01,        +2.811588024254e-01,        +7.336591990176e-04
 2.43207500e+00,        +1.414213562373e-01,        +2.811539698747e-01,        +7.305786323676e-04
 2.43210000e+00,        +1.414213562373e-01,        +2.811491198153e-01,        +7.275038877979e-04
 2.43212500e+00,        +1.414213562373e-01,        +2.811442521901e-01,        +7.244350473957e-04
 2.43215000e+00,        +1.414213562373e-01,        +2.811393669424e-01,        +7.213721939704e-04
 2.43217500e+00,        +1.414213562373e-01,        +2.811344640152e-01,        +7.183154110583e-04
 2.43220000e+00,        +1.414213562373e-01,        +2.811295433517e-01,        +7.152647829278e-04
 2.43222500e+00,        +1.414213562373e-01,        +2.811246048951e-01,        +7.122203945850e-04
 2.43225000e+00,        +1.414213562373e-01,        +2.811196485887e-01,        +7.091823317780e-04
 2.43227500e+00,        +1.414213562373e-01,        +2.811146743758e-01,        +7.061506810026e-04
 2.43230000e+00,        +1.414213562373e-01,        +2.811096821997e-01,        +7.031255295073e-04
 2.43232500e+00,        +1.414213562373e-01,        +2.811046720038e-01,        +7.001069652989e-04
 2.43235000e+00,        +1.414213562373e-01,        +2.810996437316e-01,        +6.970950771468e-04
 2.43237500e+00,        +1.414213562373e-01,        +2.810945973267e-01,        +6.940899545892e-04
 2.43240000e+00,        +1.414213562373e-01,        +2.810895327326e-01,        +6.910916879375e-04
 2.43242500e+00,        +1.414213562373e-01,        +2.810844498931e-01,        +6.881003682821e-04
 2.43245000e+00,        +1.414213562373e-01,        +2.810793487518e-01,        +6.851160874974e-04
 2.43247500e+00,        +1.414213562373e-01,        +2.810742292527e-01,        +6.821389382474e-04
 2.43250000e+00,        +1.414213562373e-01,        +2.810690913397e-01,        +6.791690139903e-04
 2.43252500e+00,        +1.414213562373e-01,        +2.810639349567e-01,        +6.762064089847e-04
 2.43255000e+00,        +1.414213562373e-01,        +2.810587600480e-01,        +6.732512182939e-04
 2.43257500e+00,        +1.414213562373e-01,        +2.810535665578e-01,        +6.703035377921e-04
 2.43260000e+00,        +1.414213562373e-01,        +2.810483544305e-01,        +6.673634641692e-04
 2.43262500e+00,        +1.414213562373e-01,        +2.810431236104e-01,        +6.644310949363e-04
 2.43265000e+00,        +1.414213562373e-01,        +2.810378740423e-01,        +6.615065284311e-04
 2.43267500e+00,        +1.414213562373e-01,        +2.810326056707e-01,        +6.585898638233e-04
 2.43270000e+00,        +1.414213562373e-01,        +2.810273184406e-01,        +6.556812011195e-04
 2.43272500e+00,        +1.414213562373e-01,        +2.810220122970e-01,        +6.527806411692e-04
 2.43275000e+00,        +1.414213562373e-01,        +2.810166871850e-01,        +6.498882856698e-04
 2.43277500e+00,        +1.414213562373e-01,        +2.810113430499e-01,        +6.470042371720e-04
 2.43280000e+00,        +1.414213562373e-01,        +2.810059798371e-01,        +6.441285990853e-04
 2.43282500e+00,        +1.414213562373e-01,        +2.810005974923e-01,        +6.412614756835e-04
 2.43285000e+00,        +1.414213562373e-01,        +2.809951959612e-01,        +6.384029721097e-04
 2.43287500e+00,        +1.414213562373e-01,        +2.809897751897e-01,        +6.355531943821e-04
 2.43290000e+00,        +1.414213562373e-01,        +2.809843351242e-01,        +6.327122493991e-04
 2.43292500e+00,        +1.414213562373e-01,        +2.809788757108e-01,        +6.298802449450e-04
 2.43295000e+00,        +1.414213562373e-01,        +2.809733968961e-01,        +6.270572896949e-04
 2.43297500e+00,        +1.414213562373e-01,        +2.809678986268e-01,        +6.242434932210e-04
 2.43300000e+00,        +1.414213562373e-01,        +2.809623808499e-01,        +6.214389659968e-04
 2.43302500e+00,        +1.414213562373e-01,        +2.809568435125e-01,        +6.186438194036e-04
 2.43305000e+00,        +1.414213562373e-01,        +2.809512865620e-01,        +6.158581657352e-04
 2.43307500e+00,        +1.414213562373e-01,        +2.809457099460e-01,        +6.130821182038e-04
 2.43310000e+00,        +1.414213562373e-01,        +2.809401136125e-01,        +6.103157909447e-04
 2.43312500e+00,        +1.414213562373e-01,        +2.809344975093e-01,        +6.075592990225e-04
 2.43315000e+00,        +1.414213562373e-01,        +2.809288615850e-01,        +6.048127584357e-04
 2.43317500e+00,        +1.414213562373e-01,        +2.809232057882e-01,        +6.020762861230e-04
 2.43320000e+00,        +1.414213562373e-01,        +2.809175300676e-01,        +5.993499999676e-04
 2.43322500e+00,        +1.414213562373e-01,        +2.809118343726e-01,        +5.966340188032e-04
 2.43325000e+00,        +1.414213562373e-01,        +2.809061186524e-01,        +5.939284624193e-04
 2.43327500e+00,        +1.414213562373e-01,        +2.809003828569e-01,        +5.912334515665e-04
 2.43330000e+00,        +1.414213562373e-01,        +2.808946269360e-01,        +5.885491079619e-04
 2.43332500e+00,        +1.414213562373e-01,        +2.808888508402e-01,        +5.858755542938e-04
 2.43335000e+00,        +1.414213562373e-01,        +2.808830545200e-01,        +5.832129142280e-04
 2.43337500e+00,        +1.414213562373e-01,        +2.808772379265e-01,        +5.805613124121e-04
 2.43340000e+00,        +1.414213562373e-01,        +2.808714010110e-01,        +5.779208744818e-04
 2.43342500e+00,        +1.414213562373e-01,        +2.808655437251e-01,        +5.752917270649e-04
 2.43345000e+00,        +1.414213562373e-01,        +2.808596660209e-01,        +5.726739977875e-04
 2.43347500e+00,        +1.414213562373e-01,        +2.808537678507e-01,        +5.700678152792e-04
 2.43350000e+00,        +1.414213562373e-01,        +2.808478491673e-01,        +5.674733091775e-04
 2.43352500e+00,        +1.414213562373e-01,        +2.808419099238e-01,        +5.648906101335e-04
 2.43355000e+00,        +1.414213562373e-01,        +2.808359500736e-01,        +5.623198498173e-04
 2.43357500e+00,        +1.414213562373e-01,        +2.808299695708e-01,        +5.597611609227e-04
 2.43360000e+00,        +1.414213562373e-01,        +2.808239683696e-01,        +5.572146771718e-04
 2.43362500e+00,        +1.414213562373e-01,        +2.808179464247e-01,        +5.546805333216e-04
 2.43365000e+00,        +1.414213562373e-01,        +2.808119036914e-01,        +5.521588651672e-04
 2.43367500e+00,        +1.414213562373e-01,        +2.808058401251e-01,        +5.496498095482e-04
 2.43370000e+00,        +1.414213562373e-01,        +2.807997556820e-01,        +5.471535043527e-04
 2.43372500e+00,        +1.414213562373e-01,        +2.807936503185e-01,        +5.446700885231e-04
 2.43375000e+00,        +1.414213562373e-01,        +2.807875239916e-01,        +5.421997020601e-04
 2.43377500e+00,        +1.414213562373e-01,        +2.807813766588e-01,        +5.397424860283e-04
 2.43380000e+00,        +1.414213562373e-01,        +2.807752082779e-01,        +5.372985825605e-04
 2.43382500e+00,        +1.414213562373e-01,        +2.807690188074e-01,        +5.348681348629e-04
 2.43385000e+00,        +1.414213562373e-01,        +2.807628082062e-01,        +5.324512872194e-04
 2.43387500e+00,        +1.414213562373e-01,        +2.807565764338e-01,        +5.300481849967e-04
 2.43390000e+00,        +1.414213562373e-01,        +2.807503234501e-01,        +5.276589746487e-04
 2.43392500e+00,        +1.414213562373e-01,        +2.807440492158e-01,        +5.252838037209e-04
 2.43395000e+00,        +1.414213562373e-01,        +2.807377536918e-01,        +5.229228208559e-04
 2.43397500e+00,        +1.414213562373e-01,        +2.807314368399e-01,        +5.205761757962e-04
 2.43400000e+00,        +1.414213562373e-01,        +2.807250986222e-01,        +5.182440193907e-04
 2.43402500e+00,        +1.414213562373e-01,        +2.807187390016e-01,        +5.159265035971e-04
 2.43405000e+00,        +1.414213562373e-01,        +2.807123579414e-01,        +5.136237814880e-04
 2.43407500e+00,        +1.414213562373e-01,        +2.807059554058e-01,        +5.113360072538e-04
 2.43410000e+00,        +1.414213562373e-01,        +2.806995313594e-01,        +5.090633362077e-04
 2.43412500e+00,        +1.414213562373e-01,        +2.806930857674e-01,        +5.068059247895e-04
 2.43415000e+00,        +1.414213562373e-01,        +2.806866185958e-01,        +5.045639305701e-04
 2.43417500e+00,        +1.414213562373e-01,        +2.806801298113e-01,        +5.023375122547e-04
 2.43420000e+00,        +1.414213562373e-01,        +2.806736193810e-01,        +5.001268296879e-04
 2.43422500e+00,        +1.414213562373e-01,        +2.806670872730e-01,        +4.979320438567e-04
 2.43425000e+00,        +1.414213562373e-01,        +2.806605334560e-01,        +4.957533168943e-04
 2.43427500e+00,        +1.414213562373e-01,        +2.806539578992e-01,        +4.935908120848e-04
 2.43430000e+00,        +1.414213562373e-01,        +2.806473605729e-01,        +4.914446938654e-04
 2.43432500e+00,        +1.414213562373e-01,        +2.806407414479e-01,        +4.893151278315e-04
 2.43435000e+00,        +1.414213562373e-01,        +2.806341004958e-01,        +4.872022807389e-04
 2.43437500e+00,        +1.414213562373e-01,        +2.806274376890e-01,        +4.851063205080e-04
 2.43440000e+00,        +1.414213562373e-01,        +2.806207530006e-01,        +4.830274162269e-04
 2.43442500e+00,        +1.414213562373e-01,        +2.806140464047e-01,        +4.809657381546e-04
 2.43445000e+00,        +1.414213562373e-01,        +2.806073178759e-01,        +4.789214577241e-04
 2.43447500e+00,        +1.414213562373e-01,        +2.806005673900e-01,        +4.768947475456e-04
 2.43450000e+00,        +1.414213562373e-01,        +2.805937949233e-01,        +4.748857814093e-04
 2.43452500e+00,        +1.414213562373e-01,        +2.805870004531e-01,        +4.728947342885e-04
 2.43455000e+00,        +1.414213562373e-01,        +2.805801839576e-01,        +4.709217823420e-04
 2.43457500e+00,        +1.414213562373e-01,        +2.805733454159e-01,        +4.689671029169e-04
 2.43460000e+00,        +1.414213562373e-01,        +2.805664848080e-01,        +4.670308745512e-04
 2.43462500e+00,        +1.414213562373e-01,        +2.805596021146e-01,        +4.651132769764e-04
 2.43465000e+00,        +1.414213562373e-01,        +2.805526973177e-01,        +4.632144911195e-04
 2.43467500e+00,        +1.414213562373e-01,        +2.805457703999e-01,        +4.613346991049e-04
 2.43470000e+00,        +1.414213562373e-01,        +2.805388213450e-01,        +4.594740842575e-04
 2.43472500e+00,        +1.414213562373e-01,        +2.805318501377e-01,        +4.576328311036e-04
 2.43475000e+00,        +1.414213562373e-01,        +2.805248567636e-01,        +4.558111253735e-04
 2.43477500e+00,        +1.414213562373e-01,        +2.805178412096e-01,        +4.540091540025e-04
 2.43480000e+00,        +1.414213562373e-01,        +2.805108034633e-01,        +4.522271051333e-04
 2.43482500e+00,        +1.414213562373e-01,        +2.805037435135e-01,        +4.504651681167e-04
 2.43485000e+00,        +1.414213562373e-01,        +2.804966613501e-01,        +4.487235335133e-04
 2.43487500e+00,        +1.414213562373e-01,        +2.804895569640e-01,        +4.470023930945e-04
 2.43490000e+00,        +1.414213562373e-01,        +2.804824303472e-01,        +4.453019398438e-04
 2.43492500e+00,        +1.414213562373e-01,        +2.804752814928e-01,        +4.436223679571e-04
 2.43495000e+00,        +1.414213562373e-01,        +2.804681103952e-01,        +4.419638728441e-04
 2.43497500e+00,        +1.414213562373e-01,        +2.804609170498e-01,        +4.403266511287e-04
 2.43500000e+00,        +1.414213562373e-01,        +2.804537014531e-01,        +4.387109006488e-04
 2.43502500e+00,        +1.414213562373e-01,        +2.804464636030e-01,        +4.371168204573e-04
 2.43505000e+00,        +1.414213562373e-01,        +2.804392034984e-01,        +4.355446108221e-04
 2.43507500e+00,        +1.414213562373e-01,        +2.804319211395e-01,        +4.339944732254e-04
 2.43510000e+00,        +1.414213562373e-01,        +2.804246165278e-01,        +4.324666103644e-04
 2.43512500e+00,        +1.414213562373e-01,        +2.804172896659e-01,        +4.309612261501e-04
 2.43515000e+00,        +1.414213562373e-01,        +2.804099405580e-01,        +4.294785257070e-04
 2.43517500e+00,        +1.414213562373e-01,        +2.804025692091e-01,        +4.280187153722e-04
 2.43520000e+00,        +1.414213562373e-01,        +2.803951756261e-01,        +4.265820026950e-04
 2.43522500e+00,        +1.414213562373e-01,        +2.803877598167e-01,        +4.251685964349e-04
 2.43525000e+00,        +1.414213562373e-01,        +2.803803217903e-01,        +4.237787065605e-04
 2.43527500e+00,        +1.414213562373e-01,        +2.803728615576e-01,        +4.224125442485e-04
 2.43530000e+00,        +1.414213562373e-01,        +2.803653791306e-01,        +4.210703218812e-04
 2.43532500e+00,        +1.414213562373e-01,        +2.803578745228e-01,        +4.197522530454e-04
 2.43535000e+00,        +1.414213562373e-01,        +2.803503477492e-01,        +4.184585525291e-04
 2.43537500e+00,        +1.414213562373e-01,        +2.803427988260e-01,        +4.171894363203e-04
 2.43540000e+00,        +1.414213562373e-01,        +2.803352277713e-01,        +4.159451216037e-04
 2.43542500e+00,        +1.414213562373e-01,        +2.803276346042e-01,        +4.147258267581e-04
 2.43545000e+00,        +1.414213562373e-01,        +2.803200193457e-01,        +4.135317713534e-04
 2.43547500e+00,        +1.414213562373e-01,        +2.803123820182e-01,        +4.123631761471e-04
 2.43550000e+00,        +1.414213562373e-01,        +2.803047226456e-01,        +4.112202630815e-04
 2.43552500e+00,        +1.414213562373e-01,        +2.802970412536e-01,        +4.101032552790e-04
 2.43555000e+00,        +1.414213562373e-01,        +2.802893378692e-01,        +4.090123770388e-04
 2.43557500e+00,        +1.414213562373e-01,        +2.802816125213e-01,        +4.079478538325e-04
 2.43560000e+00,        +1.414213562373e-01,        +2.802738652402e-01,        +4.069099122996e-04
 2.43562500e+00,        +1.414213562373e-01,        +2.802660960581e-01,        +4.058987802429e-04
 2.43565000e+00,        +1.414213562373e-01,        +2.802583050088e-01,        +4.049146866233e-04
 2.43567500e+00,        +1.414213562373e-01,        +2.802504921278e-01,        +4.039578615547e-04
 2.43570000e+00,        +1.414213562373e-01,        +2.802426574522e-01,        +4.030285362985e-04
 2.43572500e+00,        +1.414213562373e-01,        +2.802348010211e-01,        +4.021269432580e-04
 2.43575000e+00,        +1.414213562373e-01,        +2.802269228753e-01,        +4.012533159718e-04
 2.43577500e+00,        +1.414213562373e-01,        +2.802190230574e-01,        +4.004078891078e-04
 2.43580000e+00,        +1.414213562373e-01,        +2.802111016117e-01,        +3.995908984568e-04
 2.43582500e+00,        +1.414213562373e-01,        +2.802031585845e-01,        +3.988025809252e-04
 2.43585000e+00,        +1.414213562373e-01,        +2.801951940240e-01,        +3.980431745278e-04
 2.43587500e+00,        +1.414213562373e-01,        +2.801872079801e-01,        +3.973129183807e-04
 2.43590000e+00,        +1.414213562373e-01,        +2.801792005049e-01,        +3.966120526927e-04
 2.43592500e+00,        +1.414213562373e-01,        +2.801711716522e-01,        +3.959408187582e-04
 2.43595000e+00,        +1.414213562373e-01,        +2.801631214778e-01,        +3.952994589476e-04
 2.43597500e+00,        +1.414213562373e-01,        +2.801550500397e-01,        +3.946882166999e-04
 2.43600000e+00,        +1.414213562373e-01,        +2.801469573976e-01,        +3.941073365120e-04
 2.43602500e+00,        +1.414213562373e-01,        +2.801388436136e-01,        +3.935570639306e-04
 2.43605000e+00,        +1.414213562373e-01,        +2.801307087515e-01,        +3.930376455418e-04
 2.43607500e+00,        +1.414213562373e-01,        +2.801225528774e-01,        +3.925493289614e-04
 2.43610000e+00,        +1.414213562373e-01,        +2.801143760595e-01,        +3.920923628240e-04
 2.43612500e+00,        +1.414213562373e-01,        +2.801061783681e-01,        +3.916669967723e-04
 2.43615000e+00,        +1.414213562373e-01,        +2.800979598757e-01,        +3.912734814465e-04
 2.43617500e+00,        +1.414213562373e-01,        +2.800897206569e-01,        +3.909120684720e-04
 2.43620000e+00,        +1.414213562373e-01,        +2.800814607886e-01,        +3.905830104482e-04
 2.43622500e+00,        +1.414213562373e-01,        +2.800731803498e-01,        +3.902865609358e-04
 2.43625000e+00,        +1.414213562373e-01,        +2.800648794221e-01,        +3.900229744445e-04
 2.43627500e+00,        +1.414213562373e-01,        +2.800565580889e-01,        +3.897925064199e-04
 2.43630000e+00,        +1.414213562373e-01,        +2.800482164364e-01,        +3.895954132299e-04
 2.43632500e+00,        +1.414213562373e-01,        +2.800398545527e-01,        +3.894319521516e-04
 2.43635000e+00,        +1.414213562373e-01,        +2.800314725286e-01,        +3.893023813561e-04
 2.43637500e+00,        +1.414213562373e-01,        +2.800230704571e-01,        +3.892069598951e-04
 2.43640000e+00,        +1.414213562373e-01,        +2.800146484337e-01,        +3.891459476851e-04
 2.43642500e+00,        +1.414213562373e-01,        +2.800062065563e-01,        +3.891196054923e-04
 2.43645000e+00,        +1.414213562373e-01,        +2.799977449253e-01,        +3.891281949169e-04
 2.43647500e+00,        +1.414213562373e-01,        +2.799892636436e-01,        +3.891719783766e-04
 2.43650000e+00,        +1.414213562373e-01,        +2.799807628164e-01,        +3.892512190907e-04
 2.43652500e+00,        +1.414213562373e-01,        +2.799722425519e-01,        +3.893661810619e-04
 2.43655000e+00,        +1.414213562373e-01,        +2.799637029604e-01,        +3.895171290598e-04
 2.43657500e+00,        +1.414213562373e-01,        +2.799551441551e-01,        +3.897043286025e-04
 2.43660000e+00,        +1.414213562373e-01,        +2.799465662516e-01,        +3.899280459382e-04
 2.43662500e+00,        +1.414213562373e-01,        +2.799379693684e-01,        +3.901885480267e-04
 2.43665000e+00,        +1.414213562373e-01,        +2.799293536265e-01,        +3.904861025197e-04
 2.43667500e+00,        +1.414213562373e-01,        +2.799207191496e-01,        +3.908209777413e-04
 2.43670000e+00,        +1.414213562373e-01,        +2.799120660642e-01,        +3.911934426676e-04
 2.43672500e+00,        +1.414213562373e-01,        +2.799033944995e-01,        +3.916037669063e-04
 2.43675000e+00,        +1.414213562373e-01,        +2.798947045874e-01,        +3.920522206755e-04
 2.43677500e+00,        +1.414213562373e-01,        +2.798859964629e-01,        +3.925390747816e-04
 2.43680000e+00,        +1.414213562373e-01,        +2.798772702634e-01,        +3.930646005980e-04
 2.43682500e+00,        +1.414213562373e-01,        +2.798685261295e-01,        +3.936290700414e-04
 2.43685000e+00,        +1.414213562373e-01,        +2.798597642046e-01,        +3.942327555500e-04
 2.43687500e+00,        +1.414213562373e-01,        +2.798509846349e-01,        +3.948759300590e-04
 2.43690000e+00,        +1.414213562373e-01,        +2.798421875696e-01,        +3.955588669762e-04
 2.43692500e+00,        +1.414213562373e-01,        +2.798333731609e-01,        +3.962818401587e-04
 2.43695000e+00,        +1.414213562373e-01,        +2.798245415638e-01,        +3.970451238866e-04
 2.43697500e+00,        +1.414213562373e-01,        +2.798156929367e-01,        +3.978489928377e-04
 2.43700000e+00,        +1.414213562373e-01,        +2.798068274407e-01,        +3.986937220616e-04
 2.43702500e+00,        +1.414213562373e-01,        +2.797979452399e-01,        +3.995795869525e-04
 2.43705000e+00,        +1.414213562373e-01,        +2.797890465019e-01,        +4.005068632227e-04
 2.43707500e+00,        +1.414213562373e-01,        +2.797801313969e-01,        +4.014758268741e-04
 2.43710000e+00,        +1.414213562373e-01,        +2.797712000987e-01,        +4.024867541705e-04
 2.43712500e+00,        +1.414213562373e-01,        +2.797622527839e-01,        +4.035399216083e-04
 2.43715000e+00,        +1.414213562373e-01,        +2.797532896326e-01,        +4.046356058878e-04
 2.43717500e+00,        +1.414213562373e-01,        +2.797443108278e-01,        +4.057740838822e-04
 2.43720000e+00,        +1.414213562373e-01,        +2.797353165561e-01,        +4.069556326084e-04
 2.43722500e+00,        +1.414213562373e-01,        +2.797263070069e-01,        +4.081805291949e-04
 2.43725000e+00,        +1.414213562373e-01,        +2.797172823733e-01,        +4.094490508512e-04
 2.43727500e+00,        +1.414213562373e-01,        +2.797082428516e-01,        +4.107614748344e-04
 2.43730000e+00,        +1.414213562373e-01,        +2.796991886413e-01,        +4.121180784179e-04
 2.43732500e+00,        +1.414213562373e-01,        +2.796901199454e-01,        +4.135191388570e-04
 2.43735000e+00,        +1.414213562373e-01,        +2.796810369701e-01,        +4.149649333555e-04
 2.43737500e+00,        +1.414213562373e-01,        +2.796719399254e-01,        +4.164557390314e-04
 2.43740000e+00,        +1.414213562373e-01,        +2.796628290242e-01,        +4.179918328814e-04
 2.43742500e+00,        +1.414213562373e-01,        +2.796537044833e-01,        +4.195734917459e-04
 2.43745000e+00,        +1.414213562373e-01,        +2.796445665228e-01,        +4.212009922725e-04
 2.43747500e+00,        +1.414213562373e-01,        +2.796354153662e-01,        +4.228746108791e-04
 2.43750000e+00,        +1.414213562373e-01,        +2.796262512407e-01,        +4.245946237169e-04
 2.43752500e+00,        +1.414213562373e-01,        +2.796170743769e-01,        +4.263613066322e-04
 2.43755000e+00,        +1.414213562373e-01,        +2.796078850091e-01,        +4.281749351279e-04
 2.43757500e+00,        +1.414213562373e-01,        +2.795986833750e-01,        +4.300357843245e-04
 2.43760000e+00,        +1.414213562373e-01,        +2.795894697161e-01,        +4.319441289204e-04
 2.43762500e+00,        +1.414213562373e-01,        +2.795802442775e-01,        +4.339002431511e-04
 2.43765000e+00,        +1.414213562373e-01,        +2.795710073078e-01,        +4.359044007492e-04
 2.43767500e+00,        +1.414213562373e-01,        +2.795617590594e-01,        +4.379568749017e-04
 2.43770000e+00,        +1.414213562373e-01,        +2.795524997884e-01,        +4.400579382091e-04
 2.43772500e+00,        +1.414213562373e-01,        +2.795432297545e-01,        +4.422078626417e-04
 2.43775000e+00,        +1.414213562373e-01,        +2.795339492211e-01,        +4.444069194971e-04
 2.43777500e+00,        +1.414213562373e-01,        +2.795246584557e-01,        +4.466553793553e-04
 2.43780000e+00,        +1.414213562373e-01,        +2.795153577291e-01,        +4.489535120352e-04
 2.43782500e+00,        +1.414213562373e-01,        +2.795060473161e-01,        +4.513015865488e-04
 2.43785000e+00,        +1.414213562373e-01,        +2.794967274954e-01,        +4.536998710559e-04
 2.43787500e+00,        +1.414213562373e-01,        +2.794873985492e-01,        +4.561486328171e-04
 2.43790000e+00,        +1.414213562373e-01,        +2.794780607639e-01,        +4.586481381479e-04
 2.43792500e+00,        +1.414213562373e-01,        +2.794687144296e-01,        +4.611986523703e-04
 2.43795000e+00,        +1.414213562373e-01,        +2.794593598401e-01,        +4.638004397650e-04
 2.43797500e+00,        +1.414213562373e-01,        +2.794499972933e-01,        +4.664537635227e-04
 2.43800000e+00,        +1.414213562373e-01,        +2.794406270910e-01,        +4.691588856948e-04
 2.43802500e+00,        +1.414213562373e-01,        +2.794312495387e-01,        +4.719160671435e-04
 2.43805000e+00,        +1.414213562373e-01,        +2.794218649461e-01,        +4.747255674910e-04
 2.43807500e+00,        +1.414213562373e-01,        +2.794124736265e-01,        +4.775876450690e-04
 2.43810000e+00,        +1.414213562373e-01,        +2.794030758976e-01,        +4.805025568664e-04
 2.43812500e+00,        +1.414213562373e-01,        +2.793936720805e-01,        +4.834705584779e-04
 2.43815000e+00,        +1.414213562373e-01,        +2.793842625008e-01,        +4.864919040499e-04
 2.43817500e+00,        +1.414213562373e-01,        +2.793748474878e-01,        +4.895668462285e-04
 2.43820000e+00,        +1.414213562373e-01,        +2.793654273748e-01,        +4.926956361045e-04
 2.43822500e+00,        +1.414213562373e-01,        +2.793560024991e-01,        +4.958785231593e-04
 2.43825000e+00,        +1.414213562373e-01,        +2.793465732022e-01,        +4.991157552100e-04
 2.43827500e+00,        +1.414213562373e-01,        +2.793371398294e-01,        +5.024075783530e-04
 2.43830000e+00,        +1.414213562373e-01,        +2.793277027300e-01,        +5.057542369088e-04
 2.43832500e+00,        +1.414213562373e-01,        +2.793182622577e-01,        +5.091559733645e-04
 2.43835000e+00,        +1.414213562373e-01,        +2.793088187697e-01,        +5.126130283166e-04
 2.43837500e+00,        +1.414213562373e-01,        +2.792993726276e-01,        +5.161256404137e-04
 2.43840000e+00,        +1.414213562373e-01,        +2.792899241970e-01,        +5.196940462979e-04
 2.43842500e+00,        +1.414213562373e-01,        +2.792804738476e-01,        +5.233184805447e-04
 2.43845000e+00,        +1.414213562373e-01,        +2.792710219529e-01,        +5.269991756062e-04
 2.43847500e+00,        +1.414213562373e-01,        +2.792615688907e-01,        +5.307363617490e-04
 2.43850000e+00,        +1.414213562373e-01,        +2.792521150429e-01,        +5.345302669945e-04
 2.43852500e+00,        +1.414213562373e-01,        +2.792426607951e-01,        +5.383811170583e-04
 2.43855000e+00,        +1.414213562373e-01,        +2.792332065375e-01,        +5.422891352887e-04
 2.43857500e+00,        +1.414213562373e-01,        +2.792237526639e-01,        +5.462545426046e-04
 2.43860000e+00,        +1.414213562373e-01,        +2.792142995723e-01,        +5.502775574336e-04
 2.43862500e+00,        +1.414213562373e-01,        +2.792048476648e-01,        +5.543583956488e-04
 2.43865000e+00,        +1.414213562373e-01,        +2.791953973477e-01,        +5.584972705066e-04
 2.43867500e+00,        +1.414213562373e-01,        +2.791859490309e-01,        +5.626943925815e-04
 2.43870000e+00,        +1.414213562373e-01,        +2.791765031288e-01,        +5.669499697036e-04
 2.43872500e+00,        +1.414213562373e-01,        +2.791670600596e-01,        +5.712642068933e-04
 2.43875000e+00,        +1.414213562373e-01,        +2.791576202456e-01,        +5.756373062966e-04
 2.43877500e+00,        +1.414213562373e-01,        +2.791481841131e-01,        +5.800694671202e-04
 2.43880000e+00,        +1.414213562373e-01,        +2.791387520923e-01,        +5.845608855653e-04
 2.43882500e+00,        +1.414213562373e-01,        +2.791293246176e-01,        +5.891117547625e-04
 2.43885000e+00,        +1.414213562373e-01,        +2.791199021272e-01,        +5.937222647044e-04
 2.43887500e+00,        +1.414213562373e-01,        +2.791104850635e-01,        +5.983926021802e-04
 2.43890000e+00,        +1.414213562373e-01,        +2.791010738726e-01,        +6.031229507075e-04
 2.43892500e+00,        +1.414213562373e-01,        +2.790916690048e-01,        +6.079134904661e-04
 2.43895000e+00,        +1.414213562373e-01,        +2.790822709140e-01,        +6.127643982297e-04
 2.43897500e+00,        +1.414213562373e-01,        +2.790728800584e-01,        +6.176758472986e-04
 2.43900000e+00,        +1.414213562373e-01,        +2.790634968998e-01,        +6.226480074313e-04
 2.43902500e+00,        +1.414213562373e-01,        +2.790541219040e-01,        +6.276810447760e-04
 2.43905000e+00,        +1.414213562373e-01,        +2.790447555408e-01,        +6.327751218029e-04
 2.43907500e+00,        +1.414213562373e-01,        +2.790353982835e-01,        +6.379303972342e-04
 2.43910000e+00,        +1.414213562373e-01,        +2.790260506095e-01,        +6.431470259764e-04
 2.43912500e+00,        +1.414213562373e-01,        +2.790167129998e-01,        +6.484251590504e-04
 2.43915000e+00,        +1.414213562373e-01,        +2.790073859394e-01,        +6.537649435221e-04
 2.43917500e+00,        +1.414213562373e-01,        +2.789980699168e-01,        +6.591665224339e-04
 2.43920000e+00,        +1.414213562373e-01,        +2.789887654243e-01,        +6.646300347338e-04
 2.43922500e+00,        +1.414213562373e-01,        +2.789794729580e-01,        +6.701556152074e-04
 2.43925000e+00,        +1.414213562373e-01,        +2.789701930174e-01,        +6.757433944067e-04
 2.43927500e+00,        +1.414213562373e-01,        +2.789609261060e-01,        +6.813934985817e-04
 2.43930000e+00,        +1.414213562373e-01,        +2.789516727305e-01,        +6.871060496092e-04
 2.43932500e+00,        +1.414213562373e-01,        +2.789424334014e-01,        +6.928811649241e-04
 2.43935000e+00,        +1.414213562373e-01,        +2.789332086327e-01,        +6.987189574491e-04
 2.43937500e+00,        +1.414213562373e-01,        +2.789239989418e-01,        +7.046195355252e-04
 2.43940000e+00,        +1.414213562373e-01,        +2.789148048497e-01,        +7.105830028415e-04
 2.43942500e+00,        +1.414213562373e-01,        +2.789056268806e-01,        +7.166094583661e-04
 2.43945000e+00,        +1.414213562373e-01,        +2.788964655623e-01,        +7.226989962763e-04
 2.43947500e+00,        +1.414213562373e-01,        +2.788873214257e-01,        +7.288517058894e-04
 2.43950000e+00,        +1.414213562373e-01,        +2.788781950054e-01,        +7.350676715930e-04
 2.43952500e+00,        +1.414213562373e-01,        +2.788690868387e-01,        +7.413469727761e-04
 2.43955000e+00,        +1.414213562373e-01,        +2.788599974665e-01,        +7.476896837606e-04
 2.43957500e+00,        +1.414213562373e-01,        +2.788509274328e-01,        +7.540958737316e-04
 2.43960000e+00,        +1.414213562373e-01,        +2.788418772846e-01,        +7.605656066700e-04
 2.43962500e+00,        +1.414213562373e-01,        +2.788328475721e-01,        +7.670989412841e-04
 2.43965000e+00,        +1.414213562373e-01,        +2.788238388482e-01,        +7.736959309411e-04
 2.43967500e+00,        +1.414213562373e-01,        +2.788148516692e-01,        +7.803566236001e-04
 2.43970000e+00,        +1.414213562373e-01,        +2.788058865941e-01,        +7.870810617449e-04
 2.43972500e+00,        +1.414213562373e-01,        +2.787969441847e-01,        +7.938692823172e-04
 2.43975000e+00,        +1.414213562373e-01,        +2.787880250055e-01,        +8.007213166499e-04
 2.43977500e+00,        +1.414213562373e-01,        +2.787791296241e-01,        +8.076371904008e-04
 2.43980000e+00,        +1.414213562373e-01,        +2.787702586105e-01,        +8.146169234885e-04
 2.43982500e+00,        +1.414213562373e-01,        +2.787614125374e-01,        +8.216605300255e-04
 2.43985000e+00,        +1.414213562373e-01,        +2.787525919800e-01,        +8.287680182553e-04
 2.43987500e+00,        +1.414213562373e-01,        +2.787437975161e-01,        +8.359393904873e-04
 2.43990000e+00,        +1.414213562373e-01,        +2.787350297259e-01,        +8.431746430345e-04
 2.43992500e+00,        +1.414213562373e-01,        +2.787262891918e-01,        +8.504737661494e-04
 2.43995000e+00,        +1.414213562373e-01,        +2.787175764988e-01,        +8.578367439628e-04
 2.43997500e+00,        +1.414213562373e-01,        +2.787088922340e-01,        +8.652635544220e-04
 2.44000000e+00,        +1.414213562373e-01,        +2.787002369865e-01,        +8.727541692306e-04
 2.44002500e+00,        +1.414213562373e-01,        +2.786916113478e-01,        +8.803085537877e-04
 2.44005000e+00,        +1.414213562373e-01,        +2.786830159111e-01,        +8.879266671283e-04
 2.44007500e+00,        +1.414213562373e-01,        +2.786744512718e-01,        +8.956084618670e-04
 2.44010000e+00,        +1.414213562373e-01,        +2.786659180270e-01,        +9.033538841365e-04
 2.44012500e+00,        +1.414213562373e-01,        +2.786574167757e-01,        +9.111628735355e-04
 2.44015000e+00,        +1.414213562373e-01,        +2.786489481187e-01,        +9.190353630677e-04
 2.44017500e+00,        +1.414213562373e-01,        +2.786405126581e-01,        +9.269712790914e-04
 2.44020000e+00,        +1.414213562373e-01,        +2.786321109980e-01,        +9.349705412623e-04
 2.44022500e+00,        +1.414213562373e-01,        +2.786237437436e-01,        +9.430330624820e-04
 2.44025000e+00,        +1.414213562373e-01,        +2.786154115017e-01,        +9.511587488447e-04
 2.44027500e+00,        +1.414213562373e-01,        +2.786071148803e-01,        +9.593474995869e-04
 2.44030000e+00,        +1.414213562373e-01,        +2.785988544887e-01,        +9.675992070384e-04
 2.44032500e+00,        +1.414213562373e-01,        +2.785906309373e-01,        +9.759137565705e-04
 2.44035000e+00,        +1.414213562373e-01,        +2.785824448376e-01,        +9.842910265513e-04
 2.44037500e+00,        +1.414213562373e-01,        +2.785742968019e-01,        +9.927308882975e-04
 2.44040000e+00,        +1.414213562373e-01,        +2.785661874436e-01,        +1.001233206030e-03
 2.44042500e+00,        +1.414213562373e-01,        +2.785581173766e-01,        +1.009797836827e-03
 2.44045000e+00,        +1.414213562373e-01,        +2.785500872157e-01,        +1.018424630586e-03
 2.44047500e+00,        +1.414213562373e-01,        +2.785420975763e-01,        +1.027113429977e-03
 2.44050000e+00,        +1.414213562373e-01,        +2.785341490740e-01,        +1.035864070408e-03
 2.44052500e+00,        +1.414213562373e-01,        +2.785262423251e-01,        +1.044676379977e-03
 2.44055000e+00,        +1.414213562373e-01,        +2.785183779462e-01,        +1.053550179446e-03
 2.44057500e+00,        +1.414213562373e-01,        +2.785105565537e-01,        +1.062485282195e-03
 2.44060000e+00,        +1.414213562373e-01,        +2.785027787646e-01,        +1.071481494193e-03
 2.44062500e+00,        +1.414213562373e-01,        +2.784950451955e-01,        +1.080538613964e-03
 2.44065000e+00,        +1.414213562373e-01,        +2.784873564633e-01,        +1.089656432551e-03
 2.44067500e+00,        +1.414213562373e-01,        +2.784797131841e-01,        +1.098834733492e-03
 2.44070000e+00,        +1.414213562373e-01,        +2.784721159744e-01,        +1.108073292788e-03
 2.44072500e+00,        +1.414213562373e-01,        +2.784645654496e-01,        +1.117371878876e-03
 2.44075000e+00,        +1.414213562373e-01,        +2.784570622250e-01,        +1.126730252603e-03
 2.44077500e+00,        +1.414213562373e-01,        +2.784496069151e-01,        +1.136148167207e-03
 2.44080000e+00,        +1.414213562373e-01,        +2.784422001338e-01,        +1.145625368287e-03
 2.44082500e+00,        +1.414213562373e-01,        +2.784348424939e-01,        +1.155161593788e-03
 2.44085000e+00,        +1.414213562373e-01,        +2.784275346075e-01,        +1.164756573984e-03
 2.44087500e+00,        +1.414213562373e-01,        +2.784202770853e-01,        +1.174410031455e-03
 2.44090000e+00,        +1.414213562373e-01,        +2.784130705372e-01,        +1.184121681076e-03
 2.44092500e+00,        +1.414213562373e-01,        +2.784059155715e-01,        +1.193891230004e-03
 2.44095000e+00,        +1.414213562373e-01,        +2.783988127953e-01,        +1.203718377663e-03
 2.44097500e+00,        +1.414213562373e-01,        +2.783917628140e-01,        +1.213602815740e-03
 2.44100000e+00,        +1.414213562373e-01,        +2.783847662314e-01,        +1.223544228173e-03
 2.44102500e+00,        +1.414213562373e-01,        +2.783778236496e-01,        +1.233542291144e-03
 2.44105000e+00,        +1.414213562373e-01,        +2.783709356688e-01,        +1.243596673081e-03
 2.44107500e+00,        +1.414213562373e-01,        +2.783641028872e-01,        +1.253707034649e-03
 2.44110000e+00,        +1.414213562373e-01,        +2.783573259009e-01,        +1.263873028757e-03
 2.44112500e+00,        +1.414213562373e-01,        +2.783506053037e-01,        +1.274094300552e-03
 2.44115000e+00,        +1.414213562373e-01,        +2.783439416873e-01,        +1.284370487433e-03
 2.44117500e+00,        +1.414213562373e-01,        +2.783373356406e-01,        +1.294701219046e-03
 2.44120000e+00,        +1.414213562373e-01,        +2.783307877502e-01,        +1.305086117301e-03
 2.44122500e+00,        +1.414213562373e-01,        +2.783242985998e-01,        +1.315524796380e-03
 2.44125000e+00,        +1.414213562373e-01,        +2.783178687704e-01,        +1.326016862744e-03
 2.44127500e+00,        +1.414213562373e-01,        +2.783114988401e-01,        +1.336561915156e-03
 2.44130000e+00,        +1.414213562373e-01,        +2.783051893839e-01,        +1.347159544688e-03
 2.44132500e+00,        +1.414213562373e-01,        +2.782989409734e-01,        +1.357809334750e-03
 2.44135000e+00,        +1.414213562373e-01,        +2.782927541773e-01,        +1.368510861101e-03
 2.44137500e+00,        +1.414213562373e-01,        +2.782866295606e-01,        +1.379263691878e-03
 2.44140000e+00,        +1.414213562373e-01,        +2.782805676848e-01,        +1.390067387619e-03
 2.44142500e+00,        +1.414213562373e-01,        +2.782745691079e-01,        +1.400921501291e-03
 2.44145000e+00,        +1.414213562373e-01,        +2.782686343838e-01,        +1.411825578320e-03
 2.44147500e+00,        +1.414213562373e-01,        +2.782627640629e-01,        +1.422779156618e-03
 2.44150000e+00,        +1.414213562373e-01,        +2.782569586912e-01,        +1.433781766623e-03
 2.44152500e+00,        +1.414213562373e-01,        +2.782512188109e-01,        +1.444832931334e-03
 2.44155000e+00,        +1.414213562373e-01,        +2.782455449596e-01,        +1.455932166344e-03
 2.44157500e+00,        +1.414213562373e-01,        +2.782399376708e-01,        +1.467078979887e-03
 2.44160000e+00,        +1.414213562373e-01,        +2.782343974734e-01,        +1.478272872878e-03
 2.44162500e+00,        +1.414213562373e-01,        +2.782289248915e-01,        +1.489513338955e-03
 2.44165000e+00,        +1.414213562373e-01,        +2.782235204449e-01,        +1.500799864534e-03
 2.44167500e+00,        +1.414213562373e-01,        +2.782181846480e-01,        +1.512131928849e-03
 2.44170000e+00,        +1.414213562373e-01,        +2.782129180106e-01,        +1.523509004009e-03
 2.44172500e+00,        +1.414213562373e-01,        +2.782077210373e-01,        +1.534930555053e-03
 2.44175000e+00,        +1.414213562373e-01,        +2.782025942275e-01,        +1.546396040004e-03
 2.44177500e+00,        +1.414213562373e-01,        +2.781975380753e-01,        +1.557904909924e-03
 2.44180000e+00,        +1.414213562373e-01,        +2.781925530693e-01,        +1.569456608980e-03
 2.44182500e+00,        +1.414213562373e-01,        +2.781876396926e-01,        +1.581050574507e-03
 2.44185000e+00,        +1.414213562373e-01,        +2.781827984225e-01,        +1.592686237067e-03
 2.44187500e+00,        +1.414213562373e-01,        +2.781780297307e-01,        +1.604363020521e-03
 2.44190000e+00,        +1.414213562373e-01,        +2.781733340829e-01,        +1.616080342097e-03
 2.44192500e+00,        +1.414213562373e-01,        +2.781687119389e-01,        +1.627837612462e-03
 2.44195000e+00,        +1.414213562373e-01,        +2.781641637522e-01,        +1.639634235794e-03
 2.44197500e+00,        +1.414213562373e-01,        +2.781596899703e-01,        +1.651469609860e-03
 2.44200000e+00,        +1.414213562373e-01,        +2.781552910341e-01,        +1.663343126094e-03
 2.44202500e+00,        +1.414213562373e-01,        +2.781509673783e-01,        +1.675254169672e-03
 2.44205000e+00,        +1.414213562373e-01,        +2.781467194310e-01,        +1.687202119602e-03
 2.44207500e+00,        +1.414213562373e-01,        +2.781425476135e-01,        +1.699186348804e-03
 2.44210000e+00,        +1.414213562373e-01,        +2.781384523406e-01,        +1.711206224194e-03
 2.44212500e+00,        +1.414213562373e-01,        +2.781344340199e-01,        +1.723261106777e-03
 2.44215000e+00,        +1.414213562373e-01,        +2.781304930525e-01,        +1.735350351736e-03
 2.44217500e+00,        +1.414213562373e-01,        +2.781266298319e-01,        +1.747473308522e-03
 2.44220000e+00,        +1.414213562373e-01,        +2.781228447450e-01,        +1.759629320952e-03
 2.44222500e+00,        +1.414213562373e-01,        +2.781191381710e-01,        +1.771817727301e-03
 2.44225000e+00,        +1.414213562373e-01,        +2.781155104820e-01,        +1.784037860406e-03
 2.44227500e+00,        +1.414213562373e-01,        +2.781119620425e-01,        +1.796289047760e-03
 2.44230000e+00,        +1.414213562373e-01,        +2.781084932097e-01,        +1.808570611617e-03
 2.44232500e+00,        +1.414213562373e-01,        +2.781051043330e-01,        +1.820881869097e-03
 2.44235000e+00,        +1.414213562373e-01,        +2.781017957540e-01,        +1.833222132291e-03
 2.44237500e+00,        +1.414213562373e-01,        +2.780985678068e-01,        +1.845590708365e-03
 2.44240000e+00,        +1.414213562373e-01,        +2.780954208173e-01,        +1.857986899675e-03
 2.44242500e+00,        +1.414213562373e-01,        +2.780923551037e-01,        +1.870410003873e-03
 2.44245000e+00,        +1.414213562373e-01,        +2.780893709759e-01,        +1.882859314021e-03
 2.44247500e+00,        +1.414213562373e-01,        +2.780864687359e-01,        +1.895334118708e-03
 2.44250000e+00,        +1.414213562373e-01,        +2.780836486773e-01,        +1.907833702162e-03
 2.44252500e+00,        +1.414213562373e-01,        +2.780809110856e-01,        +1.920357344370e-03
 2.44255000e+00,        +1.414213562373e-01,        +2.780782562379e-01,        +1.932904321194e-03
 2.44257500e+00,        +1.414213562373e-01,        +2.780756844026e-01,        +1.945473904495e-03
 2.44260000e+00,        +1.414213562373e-01,        +2.780731958401e-01,        +1.958065362254e-03
 2.44262500e+00,        +1.414213562373e-01,        +2.780707908019e-01,        +1.970677958691e-03
 2.44265000e+00,        +1.414213562373e-01,        +2.780684695308e-01,        +1.983310954398e-03
 2.44267500e+00,        +1.414213562373e-01,        +2.780662322613e-01,        +1.995963606457e-03
 2.44270000e+00,        +1.414213562373e-01,        +2.780640792187e-01,        +2.008635168572e-03
 2.44272500e+00,        +1.414213562373e-01,        +2.780620106197e-01,        +2.021324891195e-03
 2.44275000e+00,        +1.414213562373e-01,        +2.780600266723e-01,        +2.034032021657e-03
 2.44277500e+00,        +1.414213562373e-01,        +2.780581275752e-01,        +2.046755804299e-03
 2.44280000e+00,        +1.414213562373e-01,        +2.780563135184e-01,        +2.059495480604e-03
 2.44282500e+00,        +1.414213562373e-01,        +2.780545846828e-01,        +2.072250289329e-03
 2.44285000e+00,        +1.414213562373e-01,        +2.780529412403e-01,        +2.085019466638e-03
 2.44287500e+00,        +1.414213562373e-01,        +2.780513833535e-01,        +2.097802246241e-03
 2.44290000e+00,        +1.414213562373e-01,        +2.780499111761e-01,        +2.110597859526e-03
 2.44292500e+00,        +1.414213562373e-01,        +2.780485248523e-01,        +2.123405535698e-03
 2.44295000e+00,        +1.414213562373e-01,        +2.780472245173e-01,        +2.136224501915e-03
 2.44297500e+00,        +1.414213562373e-01,        +2.780460102970e-01,        +2.149053983427e-03
 2.44300000e+00,        +1.414213562373e-01,        +2.780448823080e-01,        +2.161893203713e-03
 2.44302500e+00,        +1.414213562373e-01,        +2.780438406573e-01,        +2.174741384626e-03
 2.44305000e+00,        +1.414213562373e-01,        +2.780428854430e-01,        +2.187597746528e-03
 2.44307500e+00,        +1.414213562373e-01,        +2.780420167535e-01,        +2.200461508432e-03
 2.44310000e+00,        +1.414213562373e-01,        +2.780412346678e-01,        +2.213331888144e-03
 2.44312500e+00,        +1.414213562373e-01,        +2.780405392556e-01,        +2.226208102404e-03
 2.44315000e+00,        +1.414213562373e-01,        +2.780399305771e-01,        +2.239089367030e-03
 2.44317500e+00,        +1.414213562373e-01,        +2.780394086831e-01,        +2.251974897058e-03
 2.44320000e+00,        +1.414213562373e-01,        +2.780389736147e-01,        +2.264863906883e-03
 2.44322500e+00,        +1.414213562373e-01,        +2.780386254039e-01,        +2.277755610410e-03
 2.44325000e+00,        +1.414213562373e-01,        +2.780383640728e-01,        +2.290649221185e-03
 2.44327500e+00,        +1.414213562373e-01,        +2.780381896344e-01,        +2.303543952550e-03
 2.44330000e+00,        +1.414213562373e-01,        +2.780381020918e-01,        +2.316439017778e-03
 2.44332500e+00,        +1.414213562373e-01,        +2.780381014390e-01,        +2.329333630220e-03
 2.44335000e+00,        +1.414213562373e-01,        +2.780381876602e-01,        +2.342227003448e-03
 2.44337500e+00,        +1.414213562373e-01,        +2.780383607304e-01,        +2.355118351394e-03
 2.44340000e+00,        +1.414213562373e-01,        +2.780386206148e-01,        +2.368006888501e-03
 2.44342500e+00,        +1.414213562373e-01,        +2.780389672694e-01,        +2.380891829857e-03
 2.44345000e+00,        +1.414213562373e-01,        +2.780394006406e-01,        +2.393772391342e-03
 2.44347500e+00,        +1.414213562373e-01,        +2.780399206654e-01,        +2.406647789773e-03
 2.44350000e+00,        +1.414213562373e-01,        +2.780405272715e-01,        +2.419517243038e-03
 2.44352500e+00,        +1.414213562373e-01,        +2.780412203771e-01,        +2.432379970242e-03
 2.44355000e+00,        +1.414213562373e-01,        +2.780419998909e-01,        +2.445235191848e-03
 2.44357500e+00,        +1.414213562373e-01,        +2.780428657125e-01,        +2.458082129816e-03
 2.44360000e+00,        +1.414213562373e-01,        +2.780438177321e-01,        +2.470920007745e-03
 2.44362500e+00,        +1.414213562373e-01,        +2.780448558305e-01,        +2.483748051006e-03
 2.44365000e+00,        +1.414213562373e-01,        +2.780459798795e-01,        +2.496565486888e-03
 2.44367500e+00,        +1.414213562373e-01,        +2.780471897413e-01,        +2.509371544730e-03
 2.44370000e+00,        +1.414213562373e-01,        +2.780484852694e-01,        +2.522165456060e-03
 2.44372500e+00,        +1.414213562373e-01,        +2.780498663078e-01,        +2.534946454732e-03
 2.44375000e+00,        +1.414213562373e-01,        +2.780513326915e-01,        +2.547713777058e-03
 2.44377500e+00,        +1.414213562373e-01,        +2.780528842465e-01,        +2.560466661942e-03
 2.44380000e+00,        +1.414213562373e-01,        +2.780545207899e-01,        +2.573204351019e-03
 2.44382500e+00,        +1.414213562373e-01,        +2.780562421296e-01,        +2.585926088779e-03
 2.44385000e+00,        +1.414213562373e-01,        +2.780580480649e-01,        +2.598631122705e-03
 2.44387500e+00,        +1.414213562373e-01,        +2.780599383860e-01,        +2.611318703395e-03
 2.44390000e+00,        +1.414213562373e-01,        +2.780619128746e-01,        +2.623988084700e-03
 2.44392500e+00,        +1.414213562373e-01,        +2.780639713033e-01,        +2.636638523842e-03
 2.44395000e+00,        +1.414213562373e-01,        +2.780661134365e-01,        +2.649269281547e-03
 2.44397500e+00,        +1.414213562373e-01,        +2.780683390296e-01,        +2.661879622167e-03
 2.44400000e+00,        +1.414213562373e-01,        +2.780706478298e-01,        +2.674468813804e-03
 2.44402500e+00,        +1.414213562373e-01,        +2.780730395756e-01,        +2.687036128430e-03
 2.44405000e+00,        +1.414213562373e-01,        +2.780755139972e-01,        +2.699580842010e-03
 2.44407500e+00,        +1.414213562373e-01,        +2.780780708164e-01,        +2.712102234621e-03
 2.44410000e+00,        +1.414213562373e-01,        +2.780807097471e-01,        +2.724599590569e-03
 2.44412500e+00,        +1.414213562373e-01,        +2.780834304946e-01,        +2.737072198504e-03
 2.44415000e+00,        +1.414213562373e-01,        +2.780862327563e-01,        +2.749519351536e-03
 2.44417500e+00,        +1.414213562373e-01,        +2.780891162217e-01,        +2.761940347347e-03
 2.44420000e+00,        +1.414213562373e-01,        +2.780920805721e-01,        +2.774334488301e-03
 2.44422500e+00,        +1.414213562373e-01,        +2.780951254813e-01,        +2.786701081556e-03
 2.44425000e+00,        +1.414213562373e-01,        +2.780982506151e-01,        +2.799039439169e-03
 2.44427500e+00,        +1.414213562373e-01,        +2.781014556316e-01,        +2.811348878204e-03
 2.44430000e+00,        +1.414213562373e-01,        +2.781047401817e-01,        +2.823628720835e-03
 2.44432500e+00,        +1.414213562373e-01,        +2.781081039083e-01,        +2.835878294449e-03
 2.44435000e+00,        +1.414213562373e-01,        +2.781115464473e-01,        +2.848096931743e-03
 2.44437500e+00,        +1.414213562373e-01,        +2.781150674270e-01,        +2.860283970829e-03
 2.44440000e+00,        +1.414213562373e-01,        +2.781186664688e-01,        +2.872438755324e-03
 2.44442500e+00,        +1.414213562373e-01,        +2.781223431868e-01,        +2.884560634450e-03
 2.44445000e+00,        +1.414213562373e-01,        +2.781260971880e-01,        +2.896648963121e-03
 2.44447500e+00,        +1.414213562373e-01,        +2.781299280728e-01,        +2.908703102041e-03
 2.44450000e+00,        +1.414213562373e-01,        +2.781338354345e-01,        +2.920722417786e-03
 2.44452500e+00,        +1.414213562373e-01,        +2.781378188597e-01,        +2.932706282893e-03
 2.44455000e+00,        +1.414213562373e-01,        +2.781418779287e-01,        +2.944654075946e-03
 2.44457500e+00,        +1.414213562373e-01,        +2.781460122150e-01,        +2.956565181657e-03
 2.44460000e+00,        +1.414213562373e-01,        +2.781502212858e-01,        +2.968438990948e-03
 2.44462500e+00,        +1.414213562373e-01,        +2.781545047020e-01,        +2.980274901026e-03
 2.44465000e+00,        +1.414213562373e-01,        +2.781588620184e-01,        +2.992072315464e-03
 2.44467500e+00,        +1.414213562373e-01,        +2.781632927835e-01,        +3.003830644270e-03
 2.44470000e+00,        +1.414213562373e-01,        +2.781677965402e-01,        +3.015549303964e-03
 2.44472500e+00,        +1.414213562373e-01,        +2.781723728253e-01,        +3.027227717644e-03
 2.44475000e+00,        +1.414213562373e-01,        +2.781770211699e-01,        +3.038865315056e-03
 2.44477500e+00,        +1.414213562373e-01,        +2.781817410995e-01,        +3.050461532657e-03
 2.44480000e+00,        +1.414213562373e-01,        +2.781865321341e-01,        +3.062015813681e-03
 2.44482500e+00,        +1.414213562373e-01,        +2.781913937882e-01,        +3.073527608199e-03
 2.44485000e+00,        +1.414213562373e-01,        +2.781963255712e-01,        +3.084996373176e-03
 2.44487500e+00,        +1.414213562373e-01,        +2.782013269873e-01,        +3.096421572532e-03
 2.44490000e+00,        +1.414213562373e-01,        +2.782063975354e-01,        +3.107802677192e-03
 2.44492500e+00,        +1.414213562373e-01,        +2.782115367099e-01,        +3.119139165141e-03
 2.44495000e+00,        +1.414213562373e-01,        +2.782167439999e-01,        +3.130430521473e-03
 2.44497500e+00,        +1.414213562373e-01,        +2.782220188901e-01,        +3.141676238440e-03
 2.44500000e+00,        +1.414213562373e-01,        +2.782273608606e-01,        +3.152875815496e-03
 2.44502500e+00,        +1.414213562373e-01,        +2.782327693870e-01,        +3.164028759340e-03
 2.44505000e+00,        +1.414213562373e-01,        +2.782382439405e-01,        +3.175134583961e-03
 2.44507500e+00,        +1.414213562373e-01,        +2.782437839882e-01,        +3.186192810673e-03
 2.44510000e+00,        +1.414213562373e-01,        +2.782493889928e-01,        +3.197202968155e-03
 2.44512500e+00,        +1.414213562373e-01,        +2.782550584135e-01,        +3.208164592480e-03
 2.44515000e+00,        +1.414213562373e-01,        +2.782607917051e-01,        +3.219077227157e-03
 2.44517500e+00,        +1.414213562373e-01,        +2.782665883190e-01,        +3.229940423152e-03
 2.44520000e+00,        +1.414213562373e-01,        +2.782724477028e-01,        +3.240753738920e-03
 2.44522500e+00,        +1.414213562373e-01,        +2.782783693008e-01,        +3.251516740433e-03
 2.44525000e+00,        +1.414213562373e-01,        +2.782843525536e-01,        +3.262229001201e-03
 2.44527500e+00,        +1.414213562373e-01,        +2.782903968987e-01,        +3.272890102293e-03
 2.44530000e+00,        +1.414213562373e-01,        +2.782965017706e-01,        +3.283499632359e-03
 2.44532500e+00,        +1.414213562373e-01,        +2.783026666003e-01,        +3.294057187646e-03
 2.44535000e+00,        +1.414213562373e-01,        +2.783088908165e-01,        +3.304562372015e-03
 2.44537500e+00,        +1.414213562373e-01,        +2.783151738445e-01,        +3.315014796953e-03
 2.44540000e+00,        +1.414213562373e-01,        +2.783215151073e-01,        +3.325414081582e-03
 2.44542500e+00,        +1.414213562373e-01,        +2.783279140253e-01,        +3.335759852674e-03
 2.44545000e+00,        +1.414213562373e-01,        +2.783343700162e-01,        +3.346051744651e-03
 2.44547500e+00,        +1.414213562373e-01,        +2.783408824957e-01,        +3.356289399597e-03
 2.44550000e+00,        +1.414213562373e-01,        +2.783474508771e-01,        +3.366472467256e-03
 2.44552500e+00,        +1.414213562373e-01,        +2.783540745717e-01,        +3.376600605037e-03
 2.44555000e+00,        +1.414213562373e-01,        +2.783607529886e-01,        +3.386673478009e-03
 2.44557500e+00,        +1.414213562373e-01,        +2.783674855353e-01,        +3.396690758903e-03
 2.44560000e+00,        +1.414213562373e-01,        +2.783742716174e-01,        +3.406652128103e-03
 2.44562500e+00,        +1.414213562373e-01,        +2.783811106389e-01,        +3.416557273644e-03
 2.44565000e+00,        +1.414213562373e-01,        +2.783880020024e-01,        +3.426405891199e-03
 2.44567500e+00,        +1.414213562373e-01,        +2.783949451087e-01,        +3.436197684072e-03
 2.44570000e+00,        +1.414213562373e-01,        +2.784019393578e-01,        +3.445932363186e-03
 2.44572500e+00,        +1.414213562373e-01,        +2.784089841481e-01,        +3.455609647067e-03
 2.44575000e+00,        +1.414213562373e-01,        +2.784160788772e-01,        +3.465229261830e-03
 2.44577500e+00,        +1.414213562373e-01,        +2.784232229415e-01,        +3.474790941161e-03
 2.44580000e+00,        +1.414213562373e-01,        +2.784304157367e-01,        +3.484294426300e-03
 2.44582500e+00,        +1.414213562373e-01,        +2.784376566577e-01,        +3.493739466017e-03
 2.44585000e+00,        +1.414213562373e-01,        +2.784449450987e-01,        +3.503125816592e-03
 2.44587500e+00,        +1.414213562373e-01,        +2.784522804534e-01,        +3.512453241791e-03
 2.44590000e+00,        +1.414213562373e-01,        +2.784596621150e-01,        +3.521721512838e-03
 2.44592500e+00,        +1.414213562373e-01,        +2.784670894765e-01,        +3.530930408391e-03
 2.44595000e+00,        +1.414213562373e-01,        +2.784745619306e-01,        +3.540079714512e-03
 2.44597500e+00,        +1.414213562373e-01,        +2.784820788697e-01,        +3.549169224636e-03
 2.44600000e+00,        +1.414213562373e-01,        +2.784896396865e-01,        +3.558198739540e-03
 2.44602500e+00,        +1.414213562373e-01,        +2.784972437734e-01,        +3.567168067311e-03
 2.44605000e+00,        +1.414213562373e-01,        +2.785048905233e-01,        +3.576077023307e-03
 2.44607500e+00,        +1.414213562373e-01,        +2.785125793291e-01,        +3.584925430128e-03
 2.44610000e+00,        +1.414213562373e-01,        +2.785203095842e-01,        +3.593713117571e-03
 2.44612500e+00,        +1.414213562373e-01,        +2.785280806825e-01,        +3.602439922598e-03
 2.44615000e+00,        +1.414213562373e-01,        +2.785358920183e-01,        +3.611105689292e-03
 2.44617500e+00,        +1.414213562373e-01,        +2.785437429866e-01,        +3.619710268815e-03
 2.44620000e+00,        +1.414213562373e-01,        +2.785516329833e-01,        +3.628253519370e-03
 2.44622500e+00,        +1.414213562373e-01,        +2.785595614048e-01,        +3.636735306151e-03
 2.44625000e+00,        +1.414213562373e-01,        +2.785675276486e-01,        +3.645155501305e-03
 2.44627500e+00,        +1.414213562373e-01,        +2.785755311133e-01,        +3.653513983878e-03
 2.44630000e+00,        +1.414213562373e-01,        +2.785835711984e-01,        +3.661810639776e-03
 2.44632500e+00,        +1.414213562373e-01,        +2.785916473047e-01,        +3.670045361711e-03
 2.44635000e+00,        +1.414213562373e-01,        +2.785997588341e-01,        +3.678218049151e-03
 2.44637500e+00,        +1.414213562373e-01,        +2.786079051900e-01,        +3.686328608275e-03
 2.44640000e+00,        +1.414213562373e-01,        +2.786160857772e-01,        +3.694376951917e-03
 2.44642500e+00,        +1.414213562373e-01,        +2.786243000020e-01,        +3.702362999515e-03
 2.44645000e+00,        +1.414213562373e-01,        +2.786325472721e-01,        +3.710286677057e-03
 2.44647500e+00,        +1.414213562373e-01,        +2.786408269970e-01,        +3.718147917027e-03
 2.44650000e+00,        +1.414213562373e-01,        +2.786491385881e-01,        +3.725946658353e-03
 2.44652500e+00,        +1.414213562373e-01,        +2.786574814583e-01,        +3.733682846344e-03
 2.44655000e+00,        +1.414213562373e-01,        +2.786658550226e-01,        +3.741356432640e-03
 2.44657500e+00,        +1.414213562373e-01,        +2.786742586978e-01,        +3.748967375152e-03
 2.44660000e+00,        +1.414213562373e-01,        +2.786826919028e-01,        +3.756515638003e-03
 2.44662500e+00,        +1.414213562373e-01,        +2.786911540587e-01,        +3.764001191467e-03
 2.44665000e+00,        +1.414213562373e-01,        +2.786996445886e-01,        +3.771424011914e-03
 2.44667500e+00,        +1.414213562373e-01,        +2.787081629178e-01,        +3.778784081749e-03
 2.44670000e+00,        +1.414213562373e-01,        +2.787167084741e-01,        +3.786081389344e-03
 2.44672500e+00,        +1.414213562373e-01,        +2.787252806875e-01,        +3.793315928987e-03
 2.44675000e+00,        +1.414213562373e-01,        +2.787338789905e-01,        +3.800487700809e-03
 2.44677500e+00,        +1.414213562373e-01,        +2.787425028179e-01,        +3.807596710731e-03
 2.44680000e+00,        +1.414213562373e-01,        +2.787511516074e-01,        +3.814642970393e-03
 2.44682500e+00,        +1.414213562373e-01,        +2.787598247989e-01,        +3.821626497095e-03
 2.44685000e+00,        +1.414213562373e-01,        +2.787685218352e-01,        +3.828547313728e-03
 2.44687500e+00,        +1.414213562373e-01,        +2.787772421617e-01,        +3.835405448716e-03
 2.44690000e+00,        +1.414213562373e-01,        +2.787859852268e-01,        +3.842200935945e-03
 2.44692500e+00,        +1.414213562373e-01,        +2.787947504814e-01,        +3.848933814700e-03
 2.44695000e+00,        +1.414213562373e-01,        +2.788035373795e-01,        +3.855604129598e-03
 2.44697500e+00,        +1.414213562373e-01,        +2.788123453778e-01,        +3.862211930525e-03
 2.44700000e+00,        +1.414213562373e-01,        +2.788211739363e-01,        +3.868757272563e-03
 2.44702500e+00,        +1.414213562373e-01,        +2.788300225177e-01,        +3.875240215930e-03
 2.44705000e+00,        +1.414213562373e-01,        +2.788388905880e-01,        +3.881660825910e-03
 2.44707500e+00,        +1.414213562373e-01,        +2.788477776162e-01,        +3.888019172785e-03
 2.44710000e+00,        +1.414213562373e-01,        +2.788566830745e-01,        +3.894315331769e-03
 2.44712500e+00,        +1.414213562373e-01,        +2.788656064381e-01,        +3.900549382939e-03
 2.44715000e+00,        +1.414213562373e-01,        +2.788745471858e-01,        +3.906721411168e-03
 2.44717500e+00,        +1.414213562373e-01,        +2.788835047995e-01,        +3.912831506059e-03
 2.44720000e+00,        +1.414213562373e-01,        +2.788924787643e-01,        +3.918879761872e-03
 2.44722500e+00,        +1.414213562373e-01,        +2.789014685688e-01,        +3.924866277462e-03
 2.44725000e+00,        +1.414213562373e-01,        +2.789104737050e-01,        +3.930791156204e-03
 2.44727500e+00,        +1.414213562373e-01,        +2.789194936682e-01,        +3.936654505933e-03
 2.44730000e+00,        +1.414213562373e-01,        +2.789285279574e-01,        +3.942456438866e-03
 2.44732500e+00,        +1.414213562373e-01,        +2.789375760748e-01,        +3.948197071543e-03
 2.44735000e+00,        +1.414213562373e-01,        +2.789466375263e-01,        +3.953876524753e-03
 2.44737500e+00,        +1.414213562373e-01,        +2.789557118213e-01,        +3.959494923467e-03
 2.44740000e+00,        +1.414213562373e-01,        +2.789647984729e-01,        +3.965052396772e-03
 2.44742500e+00,        +1.414213562373e-01,        +2.789738969977e-01,        +3.970549077801e-03
 2.44745000e+00,        +1.414213562373e-01,        +2.789830069158e-01,        +3.975985103664e-03
 2.44747500e+00,        +1.414213562373e-01,        +2.789921277513e-01,        +3.981360615384e-03
 2.44750000e+00,        +1.414213562373e-01,        +2.790012590316e-01,        +3.986675757824e-03
 2.44752500e+00,        +1.414213562373e-01,        +2.790104002882e-01,        +3.991930679625e-03
 2.44755000e+00,        +1.414213562373e-01,        +2.790195510560e-01,        +3.997125533134e-03
 2.44757500e+00,        +1.414213562373e-01,        +2.790287108739e-01,        +4.002260474342e-03
 2.44760000e+00,        +1.414213562373e-01,        +2.790378792844e-01,        +4.007335662810e-03
 2.44762500e+00,        +1.414213562373e-01,        +2.790470558339e-01,        +4.012351261611e-03
 2.44765000e+00,        +1.414213562373e-01,        +2.790562400725e-01,        +4.017307437254e-03
 2.44767500e+00,        +1.414213562373e-01,        +2.790654315542e-01,        +4.022204359625e-03
 2.44770000e+00,        +1.414213562373e-01,        +2.790746298368e-01,        +4.027042201921e-03
 2.44772500e+00,        +1.414213562373e-01,        +2.790838344820e-01,        +4.031821140577e-03
 2.44775000e+00,        +1.414213562373e-01,        +2.790930450553e-01,        +4.036541355210e-03
 2.44777500e+00,        +1.414213562373e-01,        +2.791022611262e-01,        +4.041203028548e-03
 2.44780000e+00,        +1.414213562373e-01,        +2.791114822679e-01,        +4.045806346367e-03
 2.44782500e+00,        +1.414213562373e-01,        +2.791207080577e-01,        +4.050351497426e-03
 2.44785000e+00,        +1.414213562373e-01,        +2.791299380767e-01,        +4.054838673404e-03
 2.44787500e+00,        +1.414213562373e-01,        +2.791391719099e-01,        +4.059268068838e-03
 2.44790000e+00,        +1.414213562373e-01,        +2.791484091462e-01,        +4.063639881054e-03
 2.44792500e+00,        +1.414213562373e-01,        +2.791576493787e-01,        +4.067954310111e-03
 2.44795000e+00,        +1.414213562373e-01,        +2.791668922040e-01,        +4.072211558733e-03
 2.44797500e+00,        +1.414213562373e-01,        +2.791761372230e-01,        +4.076411832252e-03
 2.44800000e+00,        +1.414213562373e-01,        +2.791853840403e-01,        +4.080555338540e-03
 2.44802500e+00,        +1.414213562373e-01,        +2.791946322647e-01,        +4.084642287954e-03
 2.44805000e+00,        +1.414213562373e-01,        +2.792038815087e-01,        +4.088672893274e-03
 2.44807500e+00,        +1.414213562373e-01,        +2.792131313889e-01,        +4.092647369638e-03
 2.44810000e+00,        +1.414213562373e-01,        +2.792223815258e-01,        +4.096565934487e-03
 2.44812500e+00,        +1.414213562373e-01,        +2.792316315440e-01,        +4.100428807505e-03
 2.44815000e+00,        +1.414213562373e-01,        +2.792408810717e-01,        +4.104236210558e-03
 2.44817500e+00,        +1.414213562373e-01,        +2.792501297413e-01,        +4.107988367638e-03
 2.44820000e+00,        +1.414213562373e-01,        +2.792593771893e-01,        +4.111685504803e-03
 2.44822500e+00,        +1.414213562373e-01,        +2.792686230557e-01,        +4.115327850122e-03
 2.44825000e+00,        +1.414213562373e-01,        +2.792778669849e-01,        +4.118915633614e-03
 2.44827500e+00,        +1.414213562373e-01,        +2.792871086249e-01,        +4.122449087197e-03
 2.44830000e+00,        +1.414213562373e-01,        +2.792963476278e-01,        +4.125928444627e-03
 2.44832500e+00,        +1.414213562373e-01,        +2.793055836495e-01,        +4.129353941448e-03
 2.44835000e+00,        +1.414213562373e-01,        +2.793148163500e-01,        +4.132725814930e-03
 2.44837500e+00,        +1.414213562373e-01,        +2.793240453930e-01,        +4.136044304022e-03
 2.44840000e+00,        +1.414213562373e-01,        +2.793332704462e-01,        +4.139309649295e-03
 2.44842500e+00,        +1.414213562373e-01,        +2.793424911812e-01,        +4.142522092888e-03
 2.44845000e+00,        +1.414213562373e-01,        +2.793517072734e-01,        +4.145681878455e-03
 2.44847500e+00,        +1.414213562373e-01,        +2.793609184022e-01,        +4.148789251117e-03
 2.44850000e+00,        +1.414213562373e-01,        +2.793701242508e-01,        +4.151844457407e-03
 2.44852500e+00,        +1.414213562373e-01,        +2.793793245061e-01,        +4.154847745217e-03
 2.44855000e+00,        +1.414213562373e-01,        +2.793885188591e-01,        +4.157799363754e-03
 2.44857500e+00,        +1.414213562373e-01,        +2.793977070045e-01,        +4.160699563484e-03
 2.44860000e+00,        +1.414213562373e-01,        +2.794068886406e-01,        +4.163548596086e-03
 2.44862500e+00,        +1.414213562373e-01,        +2.794160634699e-01,        +4.166346714402e-03
 2.44865000e+00,        +1.414213562373e-01,        +2.794252311985e-01,        +4.169094172390e-03
 2.44867500e+00,        +1.414213562373e-01,        +2.794343915360e-01,        +4.171791225075e-03
 2.44870000e+00,        +1.414213562373e-01,        +2.794435441963e-01,        +4.174438128503e-03
 2.44872500e+00,        +1.414213562373e-01,        +2.794526888965e-01,        +4.177035139696e-03
 2.44875000e+00,        +1.414213562373e-01,        +2.794618253578e-01,        +4.179582516603e-03
 2.44877500e+00,        +1.414213562373e-01,        +2.794709533049e-01,        +4.182080518055e-03
 2.44880000e+00,        +1.414213562373e-01,        +2.794800724663e-01,        +4.184529403725e-03
 2.44882500e+00,        +1.414213562373e-01,        +2.794891825741e-01,        +4.186929434078e-03
 2.44885000e+00,        +1.414213562373e-01,        +2.794982833640e-01,        +4.189280870332e-03
 2.44887500e+00,        +1.414213562373e-01,        +2.795073745756e-01,        +4.191583974412e-03
 2.44890000e+00,        +1.414213562373e-01,        +2.795164559518e-01,        +4.193839008910e-03
 2.44892500e+00,        +1.414213562373e-01,        +2.795255272393e-01,        +4.196046237041e-03
 2.44895000e+00,        +1.414213562373e-01,        +2.795345881882e-01,        +4.198205922605e-03
 2.44897500e+00,        +1.414213562373e-01,        +2.795436385524e-01,        +4.200318329942e-03
 2.44900000e+00,        +1.414213562373e-01,        +2.795526780892e-01,        +4.202383723897e-03
 2.44902500e+00,        +1.414213562373e-01,        +2.795617065594e-01,        +4.204402369777e-03
 2.44905000e+00,        +1.414213562373e-01,        +2.795707237273e-01,        +4.206374533313e-03
 2.44907500e+00,        +1.414213562373e-01,        +2.795797293608e-01,        +4.208300480622e-03
 2.44910000e+00,        +1.414213562373e-01,        +2.795887232311e-01,        +4.210180478171e-03
 2.44912500e+00,        +1.414213562373e-01,        +2.795977051130e-01,        +4.212014792736e-03
 2.44915000e+00,        +1.414213562373e-01,        +2.796066747845e-01,        +4.213803691369e-03
 2.44917500e+00,        +1.414213562373e-01,        +2.796156320273e-01,        +4.215547441361e-03
 2.44920000e+00,        +1.414213562373e-01,        +2.796245766262e-01,        +4.217246310205e-03
 2.44922500e+00,        +1.414213562373e-01,        +2.796335083695e-01,        +4.218900565564e-03
 2.44925000e+00,        +1.414213562373e-01,        +2.796424270487e-01,        +4.220510475236e-03
 2.44927500e+00,        +1.414213562373e-01,        +2.796513324588e-01,        +4.222076307116e-03
 2.44930000e+00,        +1.414213562373e-01,        +2.796602243978e-01,        +4.223598329171e-03
 2.44932500e+00,        +1.414213562373e-01,        +2.796691026673e-01,        +4.225076809399e-03
 2.44935000e+00,        +1.414213562373e-01,        +2.796779670719e-01,        +4.226512015802e-03
 2.44937500e+00,        +1.414213562373e-01,        +2.796868174195e-01,        +4.227904216355e-03
 2.44940000e+00,        +1.414213562373e-01,        +2.796956535211e-01,        +4.229253678972e-03
 2.44942500e+00,        +1.414213562373e-01,        +2.797044751910e-01,        +4.230560671475e-03
 2.44945000e+00,        +1.414213562373e-01,        +2.797132822466e-01,        +4.231825461568e-03
 2.44947500e+00,        +1.414213562373e-01,        +2.797220745084e-01,        +4.233048316807e-03
 2.44950000e+00,        +1.414213562373e-01,        +2.797308517999e-01,        +4.234229504568e-03
 2.44952500e+00,        +1.414213562373e-01,        +2.797396139478e-01,        +4.235369292020e-03
 2.44955000e+00,        +1.414213562373e-01,        +2.797483607819e-01,        +4.236467946099e-03
 2.44957500e+00,        +1.414213562373e-01,        +2.797570921348e-01,        +4.237525733480e-03
 2.44960000e+00,        +1.414213562373e-01,        +2.797658078423e-01,        +4.238542920549e-03
 2.44962500e+00,        +1.414213562373e-01,        +2.797745077431e-01,        +4.239519773377e-03
 2.44965000e+00,        +1.414213562373e-01,        +2.797831916789e-01,        +4.240456557697e-03
 2.44967500e+00,        +1.414213562373e-01,        +2.797918594942e-01,        +4.241353538875e-03
 2.44970000e+00,        +1.414213562373e-01,        +2.798005110364e-01,        +4.242210981889e-03
 2.44972500e+00,        +1.414213562373e-01,        +2.798091461560e-01,        +4.243029151299e-03
 2.44975000e+00,        +1.414213562373e-01,        +2.798177647061e-01,        +4.243808311232e-03
 2.44977500e+00,        +1.414213562373e-01,        +2.798263665428e-01,        +4.244548725351e-03
 2.44980000e+00,        +1.414213562373e-01,        +2.798349515248e-01,        +4.245250656835e-03
 2.44982500e+00,        +1.414213562373e-01,        +2.798435195137e-01,        +4.245914368359e-03
 2.44985000e+00,        +1.414213562373e-01,        +2.798520703739e-01,        +4.246540122067e-03
 2.44987500e+00,        +1.414213562373e-01,        +2.798606039725e-01,        +4.247128179558e-03
 2.44990000e+00,        +1.414213562373e-01,        +2.798691201792e-01,        +4.247678801856e-03
 2.44992500e+00,        +1.414213562373e-01,        +2.798776188664e-01,        +4.248192249399e-03
 2.44995000e+00,        +1.414213562373e-01,        +2.798860999092e-01,        +4.248668782012e-03
 2.44997500e+00,        +1.414213562373e-01,        +2.798945631853e-01,        +4.249108658890e-03
 2.45000000e+00,        +1.414213562373e-01,        +2.799030085750e-01,        +4.249512138581e-03
 2.45002500e+00,        +1.414213562373e-01,        +2.799114359612e-01,        +4.249879478964e-03
 2.45005000e+00,        +1.414213562373e-01,        +2.799198452294e-01,        +4.250210937232e-03
 2.45007500e+00,        +1.414213562373e-01,        +2.799282362673e-01,        +4.250506769874e-03
 2.45010000e+00,        +1.414213562373e-01,        +2.799366089656e-01,        +4.250767232661e-03
 2.45012500e+00,        +1.414213562373e-01,        +2.799449632171e-01,        +4.250992580623e-03
 2.45015000e+00,        +1.414213562373e-01,        +2.799532989172e-01,        +4.251183068037e-03
 2.45017500e+00,        +1.414213562373e-01,        +2.799616159636e-01,        +4.251338948411e-03
 2.45020000e+00,        +1.414213562373e-01,        +2.799699142566e-01,        +4.251460474465e-03
 2.45022500e+00,        +1.414213562373e-01,        +2.799781936986e-01,        +4.251547898120e-03
 2.45025000e+00,        +1.414213562373e-01,        +2.799864541947e-01,        +4.251601470478e-03
 2.45027500e+00,        +1.414213562373e-01,        +2.799946956520e-01,        +4.251621441814e-03
 2.45030000e+00,        +1.414213562373e-01,        +2.800029179801e-01,        +4.251608061555e-03
 2.45032500e+00,        +1.414213562373e-01,        +2.800111210907e-01,        +4.251561578272e-03
 2.45035000e+00,        +1.414213562373e-01,        +2.800193048980e-01,        +4.251482239663e-03
 2.45037500e+00,        +1.414213562373e-01,        +2.800274693182e-01,        +4.251370292543e-03
 2.45040000e+00,        +1.414213562373e-01,        +2.800356142698e-01,        +4.251225982828e-03
 2.45042500e+00,        +1.414213562373e-01,        +2.800437396735e-01,        +4.251049555525e-03
 2.45045000e+00,        +1.414213562373e-01,        +2.800518454520e-01,        +4.250841254721e-03
 2.45047500e+00,        +1.414213562373e-01,        +2.800599315304e-01,        +4.250601323569e-03
 2.45050000e+00,        +1.414213562373e-01,        +2.800679978356e-01,        +4.250330004279e-03
 2.45052500e+00,        +1.414213562373e-01,        +2.800760442969e-01,        +4.250027538105e-03
 2.45055000e+00,        +1.414213562373e-01,        +2.800840708453e-01,        +4.249694165336e-03
 2.45057500e+00,        +1.414213562373e-01,        +2.800920774142e-01,        +4.249330125287e-03
 2.45060000e+00,        +1.414213562373e-01,        +2.801000639388e-01,        +4.248935656285e-03
 2.45062500e+00,        +1.414213562373e-01,        +2.801080303562e-01,        +4.248510995666e-03
 2.45065000e+00,        +1.414213562373e-01,        +2.801159766058e-01,        +4.248056379760e-03
 2.45067500e+00,        +1.414213562373e-01,        +2.801239026286e-01,        +4.247572043883e-03
 2.45070000e+00,        +1.414213562373e-01,        +2.801318083676e-01,        +4.247058222332e-03
 2.45072500e+00,        +1.414213562373e-01,        +2.801396937679e-01,        +4.246515148375e-03
 2.45075000e+00,        +1.414213562373e-01,        +2.801475587763e-01,        +4.245943054239e-03
 2.45077500e+00,        +1.414213562373e-01,        +2.801554033414e-01,        +4.245342171108e-03
 2.45080000e+00,        +1.414213562373e-01,        +2.801632274137e-01,        +4.244712729116e-03
 2.45082500e+00,        +1.414213562373e-01,        +2.801710309456e-01,        +4.244054957333e-03
 2.45085000e+00,        +1.414213562373e-01,        +2.801788138911e-01,        +4.243369083765e-03
 2.45087500e+00,        +1.414213562373e-01,        +2.801865762061e-01,        +4.242655335346e-03
 2.45090000e+00,        +1.414213562373e-01,        +2.801943178482e-01,        +4.241913937929e-03
 2.45092500e+00,        +1.414213562373e-01,        +2.802020387767e-01,        +4.241145116283e-03
 2.45095000e+00,        +1.414213562373e-01,        +2.802097389526e-01,        +4.240349094087e-03
 2.45097500e+00,        +1.414213562373e-01,        +2.802174183386e-01,        +4.239526093921e-03
 2.45100000e+00,        +1.414213562373e-01,        +2.802250768990e-01,        +4.238676337268e-03
 2.45102500e+00,        +1.414213562373e-01,        +2.802327145997e-01,        +4.237800044501e-03
 2.45105000e+00,        +1.414213562373e-01,        +2.802403314085e-01,        +4.236897434884e-03
 2.45107500e+00,        +1.414213562373e-01,        +2.802479272943e-01,        +4.235968726566e-03
 2.45110000e+00,        +1.414213562373e-01,        +2.802555022281e-01,        +4.235014136574e-03
 2.45112500e+00,        +1.414213562373e-01,        +2.802630561819e-01,        +4.234033880815e-03
 2.45115000e+00,        +1.414213562373e-01,        +2.802705891298e-01,        +4.233028174066e-03
 2.45117500e+00,        +1.414213562373e-01,        +2.802781010469e-01,        +4.231997229973e-03
 2.45120000e+00,        +1.414213562373e-01,        +2.802855919101e-01,        +4.230941261051e-03
 2.45122500e+00,        +1.414213562373e-01,        +2.802930616976e-01,        +4.229860478676e-03
 2.45125000e+00,        +1.414213562373e-01,        +2.803005103893e-01,        +4.228755093082e-03
 2.45127500e+00,        +1.414213562373e-01,        +2.803079379662e-01,        +4.227625313365e-03
 2.45130000e+00,        +1.414213562373e-01,        +2.803153444108e-01,        +4.226471347472e-03
 2.45132500e+00,        +1.414213562373e-01,        +2.803227297072e-01,        +4.225293402205e-03
 2.45135000e+00,        +1.414213562373e-01,        +2.803300938407e-01,        +4.224091683217e-03
 2.45137500e+00,        +1.414213562373e-01,        +2.803374367978e-01,        +4.222866395007e-03
 2.45140000e+00,        +1.414213562373e-01,        +2.803447585667e-01,        +4.221617740924e-03
 2.45142500e+00,        +1.414213562373e-01,        +2.803520591366e-01,        +4.220345923163e-03
 2.45145000e+00,        +1.414213562373e-01,        +2.803593384981e-01,        +4.219051142763e-03
 2.45147500e+00,        +1.414213562373e-01,        +2.803665966431e-01,        +4.217733599605e-03
 2.45150000e+00,        +1.414213562373e-01,        +2.803738335647e-01,        +4.216393492415e-03
 2.45152500e+00,        +1.414213562373e-01,        +2.803810492573e-01,        +4.215031018759e-03
 2.45155000e+00,        +1.414213562373e-01,        +2.803882437165e-01,        +4.213646375046e-03
 2.45157500e+00,        +1.414213562373e-01,        +2.803954169391e-01,        +4.212239756524e-03
 2.45160000e+00,        +1.414213562373e-01,        +2.804025689230e-01,        +4.210811357284e-03
 2.45162500e+00,        +1.414213562373e-01,        +2.804096996675e-01,        +4.209361370255e-03
 2.45165000e+00,        +1.414213562373e-01,        +2.804168091727e-01,        +4.207889987208e-03
 2.45167500e+00,        +1.414213562373e-01,        +2.804238974402e-01,        +4.206397398756e-03
 2.45170000e+00,        +1.414213562373e-01,        +2.804309644725e-01,        +4.204883794352e-03
 2.45172500e+00,        +1.414213562373e-01,        +2.804380102732e-01,        +4.203349362291e-03
 2.45175000e+00,        +1.414213562373e-01,        +2.804450348470e-01,        +4.201794289710e-03
 2.45177500e+00,        +1.414213562373e-01,        +2.804520381998e-01,        +4.200218762592e-03
 2.45180000e+00,        +1.414213562373e-01,        +2.804590203383e-01,        +4.198622965761e-03
 2.45182500e+00,        +1.414213562373e-01,        +2.804659812705e-01,        +4.197007082888e-03
 2.45185000e+00,        +1.414213562373e-01,        +2.804729210053e-01,        +4.195371296492e-03
 2.45187500e+00,        +1.414213562373e-01,        +2.804798395524e-01,        +4.193715787937e-03
 2.45190000e+00,        +1.414213562373e-01,        +2.804867369229e-01,        +4.192040737438e-03
 2.45192500e+00,        +1.414213562373e-01,        +2.804936131285e-01,        +4.190346324063e-03
 2.45195000e+00,        +1.414213562373e-01,        +2.805004681820e-01,        +4.188632725730e-03
 2.45197500e+00,        +1.414213562373e-01,        +2.805073020972e-01,        +4.186900119213e-03
 2.45200000e+00,        +1.414213562373e-01,        +2.805141148888e-01,        +4.185148680143e-03
 2.45202500e+00,        +1.414213562373e-01,        +2.805209065722e-01,        +4.183378583007e-03
 2.45205000e+00,        +1.414213562373e-01,        +2.805276771640e-01,        +4.181590001158e-03
 2.45207500e+00,        +1.414213562373e-01,        +2.805344266815e-01,        +4.179783106807e-03
 2.45210000e+00,        +1.414213562373e-01,        +2.805411551428e-01,        +4.177958071033e-03
 2.45212500e+00,        +1.414213562373e-01,        +2.805478625671e-01,        +4.176115063784e-03
 2.45215000e+00,        +1.414213562373e-01,        +2.805545489742e-01,        +4.174254253876e-03
 2.45217500e+00,        +1.414213562373e-01,        +2.805612143848e-01,        +4.172375809000e-03
 2.45220000e+00,        +1.414213562373e-01,        +2.805678588205e-01,        +4.170479895724e-03
 2.45222500e+00,        +1.414213562373e-01,        +2.805744823034e-01,        +4.168566679492e-03
 2.45225000e+00,        +1.414213562373e-01,        +2.805810848568e-01,        +4.166636324633e-03
 2.45227500e+00,        +1.414213562373e-01,        +2.805876665044e-01,        +4.164688994359e-03
 2.45230000e+00,        +1.414213562373e-01,        +2.805942272710e-01,        +4.162724850770e-03
 2.45232500e+00,        +1.414213562373e-01,        +2.806007671817e-01,        +4.160744054859e-03
 2.45235000e+00,        +1.414213562373e-01,        +2.806072862626e-01,        +4.158746766513e-03
 2.45237500e+00,        +1.414213562373e-01,        +2.806137845406e-01,        +4.156733144514e-03
 2.45240000e+00,        +1.414213562373e-01,        +2.806202620432e-01,        +4.154703346551e-03
 2.45242500e+00,        +1.414213562373e-01,        +2.806267187984e-01,        +4.152657529213e-03
 2.45245000e+00,        +1.414213562373e-01,        +2.806331548351e-01,        +4.150595847999e-03
 2.45247500e+00,        +1.414213562373e-01,        +2.806395701829e-01,        +4.148518457321e-03
 2.45250000e+00,        +1.414213562373e-01,        +2.806459648718e-01,        +4.146425510505e-03
 2.45252500e+00,        +1.414213562373e-01,        +2.806523389327e-01,        +4.144317159800e-03
 2.45255000e+00,        +1.414213562373e-01,        +2.806586923970e-01,        +4.142193556374e-03
 2.45257500e+00,        +1.414213562373e-01,        +2.806650252967e-01,        +4.140054850326e-03
 2.45260000e+00,        +1.414213562373e-01,        +2.806713376645e-01,        +4.137901190685e-03
 2.45262500e+00,        +1.414213562373e-01,        +2.806776295335e-01,        +4.135732725415e-03
 2.45265000e+00,        +1.414213562373e-01,        +2.806839009377e-01,        +4.133549601419e-03
 2.45267500e+00,        +1.414213562373e-01,        +2.806901519112e-01,        +4.131351964546e-03
 2.45270000e+00,        +1.414213562373e-01,        +2.806963824892e-01,        +4.129139959590e-03
 2.45272500e+00,        +1.414213562373e-01,        +2.807025927070e-01,        +4.126913730298e-03
 2.45275000e+00,        +1.414213562373e-01,        +2.807087826007e-01,        +4.124673419374e-03
 2.45277500e+00,        +1.414213562373e-01,        +2.807149522069e-01,        +4.122419168482e-03
 2.45280000e+00,        +1.414213562373e-01,        +2.807211015624e-01,        +4.120151118251e-03
 2.45282500e+00,        +1.414213562373e-01,        +2.807272307050e-01,        +4.117869408279e-03
 2.45285000e+00,        +1.414213562373e-01,        +2.807333396727e-01,        +4.115574177138e-03
 2.45287500e+00,        +1.414213562373e-01,        +2.807394285039e-01,        +4.113265562379e-03
 2.45290000e+00,        +1.414213562373e-01,        +2.807454972377e-01,        +4.110943700535e-03
 2.45292500e+00,        +1.414213562373e-01,        +2.807515459136e-01,        +4.108608727128e-03
 2.45295000e+00,        +1.414213562373e-01,        +2.807575745715e-01,        +4.106260776669e-03
 2.45297500e+00,        +1.414213562373e-01,        +2.807635832517e-01,        +4.103899982668e-03
 2.45300000e+00,        +1.414213562373e-01,        +2.807695719950e-01,        +4.101526477637e-03
 2.45302500e+00,        +1.414213562373e-01,        +2.807755408427e-01,        +4.099140393092e-03
 2.45305000e+00,        +1.414213562373e-01,        +2.807814898364e-01,        +4.096741859561e-03
 2.45307500e+00,        +1.414213562373e-01,        +2.807874190181e-01,        +4.094331006588e-03
 2.45310000e+00,        +1.414213562373e-01,        +2.807933284302e-01,        +4.091907962735e-03
 2.45312500e+00,        +1.414213562373e-01,        +2.807992181157e-01,        +4.089472855592e-03
 2.45315000e+00,        +1.414213562373e-01,        +2.808050881175e-01,        +4.087025811777e-03
 2.45317500e+00,        +1.414213562373e-01,        +2.808109384795e-01,        +4.084566956944e-03
 2.45320000e+00,        +1.414213562373e-01,        +2.808167692454e-01,        +4.082096415786e-03
 2.45322500e+00,        +1.414213562373e-01,        +2.808225804596e-01,        +4.079614312042e-03
 2.45325000e+00,        +1.414213562373e-01,        +2.808283721666e-01,        +4.077120768498e-03
 2.45327500e+00,        +1.414213562373e-01,        +2.808341444115e-01,        +4.074615906996e-03
 2.45330000e+00,        +1.414213562373e-01,        +2.808398972396e-01,        +4.072099848439e-03
 2.45332500e+00,        +1.414213562373e-01,        +2.808456306964e-01,        +4.069572712791e-03
 2.45335000e+00,        +1.414213562373e-01,        +2.808513448278e-01,        +4.067034619089e-03
 2.45337500e+00,        +1.414213562373e-01,        +2.808570396801e-01,        +4.064485685441e-03
 2.45340000e+00,        +1.414213562373e-01,        +2.808627152998e-01,        +4.061926029036e-03
 2.45342500e+00,        +1.414213562373e-01,        +2.808683717337e-01,        +4.059355766149e-03
 2.45345000e+00,        +1.414213562373e-01,        +2.808740090289e-01,        +4.056775012141e-03
 2.45347500e+00,        +1.414213562373e-01,        +2.808796272328e-01,        +4.054183881471e-03
 2.45350000e+00,        +1.414213562373e-01,        +2.808852263929e-01,        +4.051582487696e-03
 2.45352500e+00,        +1.414213562373e-01,        +2.808908065571e-01,        +4.048970943477e-03
 2.45355000e+00,        +1.414213562373e-01,        +2.808963677737e-01,        +4.046349360585e-03
 2.45357500e+00,        +1.414213562373e-01,        +2.809019100909e-01,        +4.043717849908e-03
 2.45360000e+00,        +1.414213562373e-01,        +2.809074335573e-01,        +4.041076521450e-03
 2.45362500e+00,        +1.414213562373e-01,        +2.809129382218e-01,        +4.038425484343e-03
 2.45365000e+00,        +1.414213562373e-01,        +2.809184241335e-01,        +4.035764846849e-03
 2.45367500e+00,        +1.414213562373e-01,        +2.809238913417e-01,        +4.033094716362e-03
 2.45370000e+00,        +1.414213562373e-01,        +2.809293398957e-01,        +4.030415199420e-03
 2.45372500e+00,        +1.414213562373e-01,        +2.809347698454e-01,        +4.027726401705e-03
 2.45375000e+00,        +1.414213562373e-01,        +2.809401812406e-01,        +4.025028428048e-03
 2.45377500e+00,        +1.414213562373e-01,        +2.809455741314e-01,        +4.022321382437e-03
 2.45380000e+00,        +1.414213562373e-01,        +2.809509485681e-01,        +4.019605368021e-03
 2.45382500e+00,        +1.414213562373e-01,        +2.809563046010e-01,        +4.016880487114e-03
 2.45385000e+00,        +1.414213562373e-01,        +2.809616422809e-01,        +4.014146841199e-03
 2.45387500e+00,        +1.414213562373e-01,        +2.809669616584e-01,        +4.011404530939e-03
 2.45390000e+00,        +1.414213562373e-01,        +2.809722627845e-01,        +4.008653656174e-03
 2.45392500e+00,        +1.414213562373e-01,        +2.809775457104e-01,        +4.005894315932e-03
 2.45395000e+00,        +1.414213562373e-01,        +2.809828104872e-01,        +4.003126608432e-03
 2.45397500e+00,        +1.414213562373e-01,        +2.809880571664e-01,        +4.000350631088e-03
 2.45400000e+00,        +1.414213562373e-01,        +2.809932857994e-01,        +3.997566480517e-03
 2.45402500e+00,        +1.414213562373e-01,        +2.809984964379e-01,        +3.994774252541e-03
 2.45405000e+00,        +1.414213562373e-01,        +2.810036891338e-01,        +3.991974042194e-03
 2.45407500e+00,        +1.414213562373e-01,        +2.810088639388e-01,        +3.989165943726e-03
 2.45410000e+00,        +1.414213562373e-01,        +2.810140209050e-01,        +3.986350050607e-03
 2.45412500e+00,        +1.414213562373e-01,        +2.810191600846e-01,        +3.983526455537e-03
 2.45415000e+00,        +1.414213562373e-01,        +2.810242815297e-01,        +3.980695250444e-03
 2.45417500e+00,        +1.414213562373e-01,        +2.810293852927e-01,        +3.977856526494e-03
 2.45420000e+00,        +1.414213562373e-01,        +2.810344714261e-01,        +3.975010374093e-03
 2.45422500e+00,        +1.414213562373e-01,        +2.810395399823e-01,        +3.972156882896e-03
 2.45425000e+00,        +1.414213562373e-01,        +2.810445910140e-01,        +3.969296141807e-03
 2.45427500e+00,        +1.414213562373e-01,        +2.810496245738e-01,        +3.966428238986e-03
 2.45430000e+00,        +1.414213562373e-01,        +2.810546407146e-01,        +3.963553261857e-03
 2.45432500e+00,        +1.414213562373e-01,        +2.810596394891e-01,        +3.960671297107e-03
 2.45435000e+00,        +1.414213562373e-01,        +2.810646209503e-01,        +3.957782430696e-03
 2.45437500e+00,        +1.414213562373e-01,        +2.810695851510e-01,        +3.954886747860e-03
 2.45440000e+00,        +1.414213562373e-01,        +2.810745321445e-01,        +3.951984333114e-03
 2.45442500e+00,        +1.414213562373e-01,        +2.810794619836e-01,        +3.949075270261e-03
 2.45445000e+00,        +1.414213562373e-01,        +2.810843747217e-01,        +3.946159642394e-03
 2.45447500e+00,        +1.414213562373e-01,        +2.810892704118e-01,        +3.943237531899e-03
 2.45450000e+00,        +1.414213562373e-01,        +2.810941491072e-01,        +3.940309020466e-03
 2.45452500e+00,        +1.414213562373e-01,        +2.810990108611e-01,        +3.937374189088e-03
 2.45455000e+00,        +1.414213562373e-01,        +2.811038557268e-01,        +3.934433118068e-03
 2.45457500e+00,        +1.414213562373e-01,        +2.811086837577e-01,        +3.931485887023e-03
 2.45460000e+00,        +1.414213562373e-01,        +2.811134950071e-01,        +3.928532574892e-03
 2.45462500e+00,        +1.414213562373e-01,        +2.811182895284e-01,        +3.925573259934e-03
 2.45465000e+00,        +1.414213562373e-01,        +2.811230673750e-01,        +3.922608019741e-03
 2.45467500e+00,        +1.414213562373e-01,        +2.811278286003e-01,        +3.919636931236e-03
 2.45470000e+00,        +1.414213562373e-01,        +2.811325732577e-01,        +3.916660070681e-03
 2.45472500e+00,        +1.414213562373e-01,        +2.811373014006e-01,        +3.913677513681e-03
 2.45475000e+00,        +1.414213562373e-01,        +2.811420130826e-01,        +3.910689335188e-03
 2.45477500e+00,        +1.414213562373e-01,        +2.811467083569e-01,        +3.907695609506e-03
 2.45480000e+00,        +1.414213562373e-01,        +2.811513872772e-01,        +3.904696410299e-03
 2.45482500e+00,        +1.414213562373e-01,        +2.811560498968e-01,        +3.901691810587e-03
 2.45485000e+00,        +1.414213562373e-01,        +2.811606962691e-01,        +3.898681882760e-03
 2.45487500e+00,        +1.414213562373e-01,        +2.811653264475e-01,        +3.895666698578e-03
 2.45490000e+00,        +1.414213562373e-01,        +2.811699404855e-01,        +3.892646329175e-03
 2.45492500e+00,        +1.414213562373e-01,        +2.811745384365e-01,        +3.889620845065e-03
 2.45495000e+00,        +1.414213562373e-01,        +2.811791203537e-01,        +3.886590316147e-03
 2.45497500e+00,        +1.414213562373e-01,        +2.811836862906e-01,        +3.883554811706e-03
 2.45500000e+00,        +1.414213562373e-01,        +2.811882363005e-01,        +3.880514400423e-03
 2.45502500e+00,        +1.414213562373e-01,        +2.811927704366e-01,        +3.877469150376e-03
 2.45505000e+00,        +1.414213562373e-01,        +2.811972887522e-01,        +3.874419129043e-03
 2.45507500e+00,        +1.414213562373e-01,        +2.812017913005e-01,        +3.871364403309e-03
 2.45510000e+00,        +1.414213562373e-01,        +2.812062781348e-01,        +3.868305039471e-03
 2.45512500e+00,        +1.414213562373e-01,        +2.812107493081e-01,        +3.865241103241e-03
 2.45515000e+00,        +1.414213562373e-01,        +2.812152048735e-01,        +3.862172659747e-03
 2.45517500e+00,        +1.414213562373e-01,        +2.812196448842e-01,        +3.859099773545e-03
 2.45520000e+00,        +1.414213562373e-01,        +2.812240693931e-01,        +3.856022508616e-03
 2.45522500e+00,        +1.414213562373e-01,        +2.812284784532e-01,        +3.852940928374e-03
 2.45525000e+00,        +1.414213562373e-01,        +2.812328721173e-01,        +3.849855095670e-03
 2.45527500e+00,        +1.414213562373e-01,        +2.812372504385e-01,        +3.846765072796e-03
 2.45530000e+00,        +1.414213562373e-01,        +2.812416134693e-01,        +3.843670921486e-03
 2.45532500e+00,        +1.414213562373e-01,        +2.812459612627e-01,        +3.840572702927e-03
 2.45535000e+00,        +1.414213562373e-01,        +2.812502938712e-01,        +3.837470477756e-03
 2.45537500e+00,        +1.414213562373e-01,        +2.812546113474e-01,        +3.834364306070e-03
 2.45540000e+00,        +1.414213562373e-01,        +2.812589137440e-01,        +3.831254247425e-03
 2.45542500e+00,        +1.414213562373e-01,        +2.812632011134e-01,        +3.828140360843e-03
 2.45545000e+00,        +1.414213562373e-01,        +2.812674735081e-01,        +3.825022704817e-03
 2.45547500e+00,        +1.414213562373e-01,        +2.812717309802e-01,        +3.821901337313e-03
 2.45550000e+00,        +1.414213562373e-01,        +2.812759735822e-01,        +3.818776315774e-03
 2.45552500e+00,        +1.414213562373e-01,        +2.812802013662e-01,        +3.815647697124e-03
 2.45555000e+00,        +1.414213562373e-01,        +2.812844143842e-01,        +3.812515537775e-03
 2.45557500e+00,        +1.414213562373e-01,        +2.812886126885e-01,        +3.809379893627e-03
 2.45560000e+00,        +1.414213562373e-01,        +2.812927963308e-01,        +3.806240820074e-03
 2.45562500e+00,        +1.414213562373e-01,        +2.812969653631e-01,        +3.803098372006e-03
 2.45565000e+00,        +1.414213562373e-01,        +2.813011198371e-01,        +3.799952603816e-03
 2.45567500e+00,        +1.414213562373e-01,        +2.813052598046e-01,        +3.796803569401e-03
 2.45570000e+00,        +1.414213562373e-01,        +2.813093853171e-01,        +3.793651322169e-03
 2.45572500e+00,        +1.414213562373e-01,        +2.813134964262e-01,        +3.790495915038e-03
 2.45575000e+00,        +1.414213562373e-01,        +2.813175931833e-01,        +3.787337400445e-03
 2.45577500e+00,        +1.414213562373e-01,        +2.813216756397e-01,        +3.784175830346e-03
 2.45580000e+00,        +1.414213562373e-01,        +2.813257438467e-01,        +3.781011256222e-03
 2.45582500e+00,        +1.414213562373e-01,        +2.813297978554e-01,        +3.777843729080e-03
 2.45585000e+00,        +1.414213562373e-01,        +2.813338377168e-01,        +3.774673299461e-03
 2.45587500e+00,        +1.414213562373e-01,        +2.813378634819e-01,        +3.771500017441e-03
 2.45590000e+00,        +1.414213562373e-01,        +2.813418752015e-01,        +3.768323932632e-03
 2.45592500e+00,        +1.414213562373e-01,        +2.813458729264e-01,        +3.765145094192e-03
 2.45595000e+00,        +1.414213562373e-01,        +2.813498567073e-01,        +3.761963550823e-03
 2.45597500e+00,        +1.414213562373e-01,        +2.813538265946e-01,        +3.758779350779e-03
 2.45600000e+00,        +1.414213562373e-01,        +2.813577826388e-01,        +3.755592541864e-03
 2.45602500e+00,        +1.414213562373e-01,        +2.813617248902e-01,        +3.752403171442e-03
 2.45605000e+00,        +1.414213562373e-01,        +2.813656533990e-01,        +3.749211286436e-03
 2.45607500e+00,        +1.414213562373e-01,        +2.813695682153e-01,        +3.746016933332e-03
 2.45610000e+00,        +1.414213562373e-01,        +2.813734693891e-01,        +3.742820158185e-03
 2.45612500e+00,        +1.414213562373e-01,        +2.813773569703e-01,        +3.739621006619e-03
 2.45615000e+00,        +1.414213562373e-01,        +2.813812310087e-01,        +3.736419523835e-03
 2.45617500e+00,        +1.414213562373e-01,        +2.813850915539e-01,        +3.733215754609e-03
 2.45620000e+00,        +1.414213562373e-01,        +2.813889386555e-01,        +3.730009743300e-03
 2.45622500e+00,        +1.414213562373e-01,        +2.813927723629e-01,        +3.726801533849e-03
 2.45625000e+00,        +1.414213562373e-01,        +2.813965927253e-01,        +3.723591169787e-03
 2.45627500e+00,        +1.414213562373e-01,        +2.814003997920e-01,        +3.720378694235e-03
 2.45630000e+00,        +1.414213562373e-01,        +2.814041936120e-01,        +3.717164149908e-03
 2.45632500e+00,        +1.414213562373e-01,        +2.814079742344e-01,        +3.713947579121e-03
 2.45635000e+00,        +1.414213562373e-01,        +2.814117417078e-01,        +3.710729023787e-03
 2.45637500e+00,        +1.414213562373e-01,        +2.814154960811e-01,        +3.707508525424e-03
 2.45640000e+00,        +1.414213562373e-01,        +2.814192374028e-01,        +3.704286125159e-03
 2.45642500e+00,        +1.414213562373e-01,        +2.814229657213e-01,        +3.701061863727e-03
 2.45645000e+00,        +1.414213562373e-01,        +2.814266810850e-01,        +3.697835781478e-03
 2.45647500e+00,        +1.414213562373e-01,        +2.814303835422e-01,        +3.694607918380e-03
 2.45650000e+00,        +1.414213562373e-01,        +2.814340731408e-01,        +3.691378314018e-03
 2.45652500e+00,        +1.414213562373e-01,        +2.814377499289e-01,        +3.688147007603e-03
 2.45655000e+00,        +1.414213562373e-01,        +2.814414139542e-01,        +3.684914037971e-03
 2.45657500e+00,        +1.414213562373e-01,        +2.814450652645e-01,        +3.681679443587e-03
 2.45660000e+00,        +1.414213562373e-01,        +2.814487039074e-01,        +3.678443262548e-03
 2.45662500e+00,        +1.414213562373e-01,        +2.814523299302e-01,        +3.675205532588e-03
 2.45665000e+00,        +1.414213562373e-01,        +2.814559433804e-01,        +3.671966291077e-03
 2.45667500e+00,        +1.414213562373e-01,        +2.814595443050e-01,        +3.668725575028e-03
 2.45670000e+00,        +1.414213562373e-01,        +2.814631327512e-01,        +3.665483421097e-03
 2.45672500e+00,        +1.414213562373e-01,        +2.814667087658e-01,        +3.662239865588e-03
 2.45675000e+00,        +1.414213562373e-01,        +2.814702723957e-01,        +3.658994944456e-03
 2.45677500e+00,        +1.414213562373e-01,        +2.814738236874e-01,        +3.655748693306e-03
 2.45680000e+00,        +1.414213562373e-01,        +2.814773626876e-01,        +3.652501147401e-03
 2.45682500e+00,        +1.414213562373e-01,        +2.814808894425e-01,        +3.649252341662e-03
 2.45685000e+00,        +1.414213562373e-01,        +2.814844039985e-01,        +3.646002310673e-03
 2.45687500e+00,        +1.414213562373e-01,        +2.814879064017e-01,        +3.642751088680e-03
 2.45690000e+00,        +1.414213562373e-01,        +2.814913966980e-01,        +3.639498709598e-03
 2.45692500e+00,        +1.414213562373e-01,        +2.814948749333e-01,        +3.636245207011e-03
 2.45695000e+00,        +1.414213562373e-01,        +2.814983411532e-01,        +3.632990614175e-03
 2.45697500e+00,        +1.414213562373e-01,        +2.815017954034e-01,        +3.629734964022e-03
 2.45700000e+00,        +1.414213562373e-01,        +2.815052377294e-01,        +3.626478289164e-03
 2.45702500e+00,        +1.414213562373e-01,        +2.815086681763e-01,        +3.623220621890e-03
 2.45705000e+00,        +1.414213562373e-01,        +2.815120867893e-01,        +3.619961994176e-03
 2.45707500e+00,        +1.414213562373e-01,        +2.815154936135e-01,        +3.616702437681e-03
 2.45710000e+00,        +1.414213562373e-01,        +2.815188886938e-01,        +3.613441983755e-03
 2.45712500e+00,        +1.414213562373e-01,        +2.815222720749e-01,        +3.610180663439e-03
 2.45715000e+00,        +1.414213562373e-01,        +2.815256438013e-01,        +3.606918507468e-03
 2.45717500e+00,        +1.414213562373e-01,        +2.815290039176e-01,        +3.603655546271e-03
 2.45720000e+00,        +1.414213562373e-01,        +2.815323524681e-01,        +3.600391809980e-03
 2.45722500e+00,        +1.414213562373e-01,        +2.815356894969e-01,        +3.597127328425e-03
 2.45725000e+00,        +1.414213562373e-01,        +2.815390150482e-01,        +3.593862131144e-03
 2.45727500e+00,        +1.414213562373e-01,        +2.815423291657e-01,        +3.590596247378e-03
 2.45730000e+00,        +1.414213562373e-01,        +2.815456318934e-01,        +3.587329706078e-03
 2.45732500e+00,        +1.414213562373e-01,        +2.815489232747e-01,        +3.584062535909e-03
 2.45735000e+00,        +1.414213562373e-01,        +2.815522033532e-01,        +3.580794765247e-03
 2.45737500e+00,        +1.414213562373e-01,        +2.815554721722e-01,        +3.577526422185e-03
 2.45740000e+00,        +1.414213562373e-01,        +2.815587297749e-01,        +3.574257534537e-03
 2.45742500e+00,        +1.414213562373e-01,        +2.815619762043e-01,        +3.570988129835e-03
 2.45745000e+00,        +1.414213562373e-01,        +2.815652115035e-01,        +3.567718235337e-03
 2.45747500e+00,        +1.414213562373e-01,        +2.815684357151e-01,        +3.564447878025e-03
 2.45750000e+00,        +1.414213562373e-01,        +2.815716488818e-01,        +3.561177084612e-03
 2.45752500e+00,        +1.414213562373e-01,        +2.815748510460e-01,        +3.557905881539e-03
 2.45755000e+00,        +1.414213562373e-01,        +2.815780422502e-01,        +3.554634294981e-03
 2.45757500e+00,        +1.414213562373e-01,        +2.815812225365e-01,        +3.551362350849e-03
 2.45760000e+00,        +1.414213562373e-01,        +2.815843919470e-01,        +3.548090074789e-03
 2.45762500e+00,        +1.414213562373e-01,        +2.815875505236e-01,        +3.544817492188e-03
 2.45765000e+00,        +1.414213562373e-01,        +2.815906983080e-01,        +3.541544628177e-03
 2.45767500e+00,        +1.414213562373e-01,        +2.815938353420e-01,        +3.538271507628e-03
 2.45770000e+00,        +1.414213562373e-01,        +2.815969616670e-01,        +3.534998155160e-03
 2.45772500e+00,        +1.414213562373e-01,        +2.816000773243e-01,        +3.531724595141e-03
 2.45775000e+00,        +1.414213562373e-01,        +2.816031823552e-01,        +3.528450851691e-03
 2.45777500e+00,        +1.414213562373e-01,        +2.816062768007e-01,        +3.525176948680e-03
 2.45780000e+00,        +1.414213562373e-01,        +2.816093607018e-01,        +3.521902909735e-03
 2.45782500e+00,        +1.414213562373e-01,        +2.816124340992e-01,        +3.518628758240e-03
 2.45785000e+00,        +1.414213562373e-01,        +2.816154970336e-01,        +3.515354517336e-03
 2.45787500e+00,        +1.414213562373e-01,        +2.816185495455e-01,        +3.512080209927e-03
 2.45790000e+00,        +1.414213562373e-01,        +2.816215916751e-01,        +3.508805858681e-03
 2.45792500e+00,        +1.414213562373e-01,        +2.816246234628e-01,        +3.505531486029e-03
 2.45795000e+00,        +1.414213562373e-01,        +2.816276449486e-01,        +3.502257114172e-03
 2.45797500e+00,        +1.414213562373e-01,        +2.816306561725e-01,        +3.498982765078e-03
 2.45800000e+00,        +1.414213562373e-01,        +2.816336571741e-01,        +3.495708460487e-03
 2.45802500e+00,        +1.414213562373e-01,        +2.816366479932e-01,        +3.492434221913e-03
 2.45805000e+00,        +1.414213562373e-01,        +2.816396286693e-01,        +3.489160070645e-03
 2.45807500e+00,        +1.414213562373e-01,        +2.816425992416e-01,        +3.485886027750e-03
 2.45810000e+00,        +1.414213562373e-01,        +2.816455597495e-01,        +3.482612114071e-03
 2.45812500e+00,        +1.414213562373e-01,        +2.816485102320e-01,        +3.479338350237e-03
 2.45815000e+00,        +1.414213562373e-01,        +2.816514507281e-01,        +3.476064756655e-03
 2.45817500e+00,        +1.414213562373e-01,        +2.816543812764e-01,        +3.472791353522e-03
 2.45820000e+00,        +1.414213562373e-01,        +2.816573019158e-01,        +3.469518160817e-03
 2.45822500e+00,        +1.414213562373e-01,        +2.816602126847e-01,        +3.466245198310e-03
 2.45825000e+00,        +1.414213562373e-01,        +2.816631136214e-01,        +3.462972485561e-03
 2.45827500e+00,        +1.414213562373e-01,        +2.816660047643e-01,        +3.459700041924e-03
 2.45830000e+00,        +1.414213562373e-01,        +2.816688861513e-01,        +3.456427886543e-03
 2.45832500e+00,        +1.414213562373e-01,        +2.816717578205e-01,        +3.453156038363e-03
 2.45835000e+00,        +1.414213562373e-01,        +2.816746198096e-01,        +3.449884516123e-03
 2.45837500e+00,        +1.414213562373e-01,        +2.816774721563e-01,        +3.446613338362e-03
 2.45840000e+00,        +1.414213562373e-01,        +2.816803148982e-01,        +3.443342523422e-03
 2.45842500e+00,        +1.414213562373e-01,        +2.816831480726e-01,        +3.440072089446e-03
 2.45845000e+00,        +1.414213562373e-01,        +2.816859717169e-01,        +3.436802054383e-03
 2.45847500e+00,        +1.414213562373e-01,        +2.816887858680e-01,        +3.433532435987e-03
 2.45850000e+00,        +1.414213562373e-01,        +2.816915905630e-01,        +3.430263251822e-03
 2.45852500e+00,        +1.414213562373e-01,        +2.816943858387e-01,        +3.426994519260e-03
 2.45855000e+00,        +1.414213562373e-01,        +2.816971717318e-01,        +3.423726255486e-03
 2.45857500e+00,        +1.414213562373e-01,        +2.816999482789e-01,        +3.420458477497e-03
 2.45860000e+00,        +1.414213562373e-01,        +2.817027155163e-01,        +3.417191202105e-03
 2.45862500e+00,        +1.414213562373e-01,        +2.817054734804e-01,        +3.413924445939e-03
 2.45865000e+00,        +1.414213562373e-01,        +2.817082222074e-01,        +3.410658225445e-03
 2.45867500e+00,        +1.414213562373e-01,        +2.817109617331e-01,        +3.407392556890e-03
 2.45870000e+00,        +1.414213562373e-01,        +2.817136920936e-01,        +3.404127456361e-03
 2.45872500e+00,        +1.414213562373e-01,        +2.817164133244e-01,        +3.400862939768e-03
 2.45875000e+00,        +1.414213562373e-01,        +2.817191254613e-01,        +3.397599022846e-03
 2.45877500e+00,        +1.414213562373e-01,        +2.817218285396e-01,        +3.394335721155e-03
 2.45880000e+00,        +1.414213562373e-01,        +2.817245225948e-01,        +3.391073050084e-03
 2.45882500e+00,        +1.414213562373e-01,        +2.817272076619e-01,        +3.387811024850e-03
 2.45885000e+00,        +1.414213562373e-01,        +2.817298837761e-01,        +3.384549660499e-03
 2.45887500e+00,        +1.414213562373e-01,        +2.817325509723e-01,        +3.381288971912e-03
 2.45890000e+00,        +1.414213562373e-01,        +2.817352092852e-01,        +3.378028973801e-03
 2.45892500e+00,        +1.414213562373e-01,        +2.817378587495e-01,        +3.374769680715e-03
 2.45895000e+00,        +1.414213562373e-01,        +2.817404993997e-01,        +3.371511107038e-03
 2.45897500e+00,        +1.414213562373e-01,        +2.817431312702e-01,        +3.368253266993e-03
 2.45900000e+00,        +1.414213562373e-01,        +2.817457543953e-01,        +3.364996174640e-03
 2.45902500e+00,        +1.414213562373e-01,        +2.817483688090e-01,        +3.361739843884e-03
 2.45905000e+00,        +1.414213562373e-01,        +2.817509745454e-01,        +3.358484288469e-03
 2.45907500e+00,        +1.414213562373e-01,        +2.817535716383e-01,        +3.355229521982e-03
 2.45910000e+00,        +1.414213562373e-01,        +2.817561601213e-01,        +3.351975557857e-03
 2.45912500e+00,        +1.414213562373e-01,        +2.817587400282e-01,        +3.348722409375e-03
 2.45915000e+00,        +1.414213562373e-01,        +2.817613113923e-01,        +3.345470089662e-03
 2.45917500e+00,        +1.414213562373e-01,        +2.817638742470e-01,        +3.342218611696e-03
 2.45920000e+00,        +1.414213562373e-01,        +2.817664286254e-01,        +3.338967988302e-03
 2.45922500e+00,        +1.414213562373e-01,        +2.817689745607e-01,        +3.335718232162e-03
 2.45925000e+00,        +1.414213562373e-01,        +2.817715120857e-01,        +3.332469355805e-03
 2.45927500e+00,        +1.414213562373e-01,        +2.817740412332e-01,        +3.329221371620e-03
 2.45930000e+00,        +1.414213562373e-01,        +2.817765620360e-01,        +3.325974291848e-03
 2.45932500e+00,        +1.414213562373e-01,        +2.817790745265e-01,        +3.322728128588e-03
 2.45935000e+00,        +1.414213562373e-01,        +2.817815787372e-01,        +3.319482893799e-03
 2.45937500e+00,        +1.414213562373e-01,        +2.817840747003e-01,        +3.316238599297e-03
 2.45940000e+00,        +1.414213562373e-01,        +2.817865624481e-01,        +3.312995256761e-03
 2.45942500e+00,        +1.414213562373e-01,        +2.817890420125e-01,        +3.309752877732e-03
 2.45945000e+00,        +1.414213562373e-01,        +2.817915134254e-01,        +3.306511473612e-03
 2.45947500e+00,        +1.414213562373e-01,        +2.817939767186e-01,        +3.303271055671e-03
 2.45950000e+00,        +1.414213562373e-01,        +2.817964319238e-01,        +3.300031635041e-03
 2.45952500e+00,        +1.414213562373e-01,        +2.817988790724e-01,        +3.296793222726e-03
 2.45955000e+00,        +1.414213562373e-01,        +2.818013181959e-01,        +3.293555829593e-03
 2.45957500e+00,        +1.414213562373e-01,        +2.818037493255e-01,        +3.290319466382e-03
 2.45960000e+00,        +1.414213562373e-01,        +2.818061724924e-01,        +3.287084143703e-03
 2.45962500e+00,        +1.414213562373e-01,        +2.818085877276e-01,        +3.283849872036e-03
 2.45965000e+00,        +1.414213562373e-01,        +2.818109950619e-01,        +3.280616661735e-03
 2.45967500e+00,        +1.414213562373e-01,        +2.818133945262e-01,        +3.277384523029e-03
 2.45970000e+00,        +1.414213562373e-01,        +2.818157861511e-01,        +3.274153466021e-03
 2.45972500e+00,        +1.414213562373e-01,        +2.818181699670e-01,        +3.270923500692e-03
 2.45975000e+00,        +1.414213562373e-01,        +2.818205460045e-01,        +3.267694636898e-03
 2.45977500e+00,        +1.414213562373e-01,        +2.818229142937e-01,        +3.264466884375e-03
 2.45980000e+00,        +1.414213562373e-01,        +2.818252748648e-01,        +3.261240252739e-03
 2.45982500e+00,        +1.414213562373e-01,        +2.818276277479e-01,        +3.258014751486e-03
 2.45985000e+00,        +1.414213562373e-01,        +2.818299729728e-01,        +3.254790389995e-03
 2.45987500e+00,        +1.414213562373e-01,        +2.818323105694e-01,        +3.251567177526e-03
 2.45990000e+00,        +1.414213562373e-01,        +2.818346405672e-01,        +3.248345123225e-03
 2.45992500e+00,        +1.414213562373e-01,        +2.818369629959e-01,        +3.245124236123e-03
 2.45995000e+00,        +1.414213562373e-01,        +2.818392778849e-01,        +3.241904525135e-03
 2.45997500e+00,        +1.414213562373e-01,        +2.818415852634e-01,        +3.238685999065e-03
 2.46000000e+00,        +1.414213562373e-01,        +2.818438851607e-01,        +3.235468666605e-03
 2.46002500e+00,        +1.414213562373e-01,        +2.818461776058e-01,        +3.232252536336e-03
 2.46005000e+00,        +1.414213562373e-01,        +2.818484626276e-01,        +3.229037616730e-03
 2.46007500e+00,        +1.414213562373e-01,        +2.818507402551e-01,        +3.225823916147e-03
 2.46010000e+00,        +1.414213562373e-01,        +2.818530105168e-01,        +3.222611442844e-03
 2.46012500e+00,        +1.414213562373e-01,        +2.818552734415e-01,        +3.219400204967e-03
 2.46015000e+00,        +1.414213562373e-01,        +2.818575290575e-01,        +3.216190210560e-03
 2.46017500e+00,        +1.414213562373e-01,        +2.818597773932e-01,        +3.212981467559e-03
 2.46020000e+00,        +1.414213562373e-01,        +2.818620184769e-01,        +3.209773983797e-03
 2.46022500e+00,        +1.414213562373e-01,        +2.818642523367e-01,        +3.206567767005e-03
 2.46025000e+00,        +1.414213562373e-01,        +2.818664790006e-01,        +3.203362824812e-03
 2.46027500e+00,        +1.414213562373e-01,        +2.818686984964e-01,        +3.200159164744e-03
 2.46030000e+00,        +1.414213562373e-01,        +2.818709108521e-01,        +3.196956794229e-03
 2.46032500e+00,        +1.414213562373e-01,        +2.818731160952e-01,        +3.193755720595e-03
 2.46035000e+00,        +1.414213562373e-01,        +2.818753142533e-01,        +3.190555951071e-03
 2.46037500e+00,        +1.414213562373e-01,        +2.818775053538e-01,        +3.187357492791e-03
 2.46040000e+00,        +1.414213562373e-01,        +2.818796894241e-01,        +3.184160352790e-03
 2.46042500e+00,        +1.414213562373e-01,        +2.818818664913e-01,        +3.180964538008e-03
 2.46045000e+00,        +1.414213562373e-01,        +2.818840365826e-01,        +3.177770055292e-03
 2.46047500e+00,        +1.414213562373e-01,        +2.818861997250e-01,        +3.174576911392e-03
 2.46050000e+00,        +1.414213562373e-01,        +2.818883559453e-01,        +3.171385112968e-03
 2.46052500e+00,        +1.414213562373e-01,        +2.818905052703e-01,        +3.168194666587e-03
 2.46055000e+00,        +1.414213562373e-01,        +2.818926477267e-01,        +3.165005578724e-03
 2.46057500e+00,        +1.414213562373e-01,        +2.818947833409e-01,        +3.161817855764e-03
 2.46060000e+00,        +1.414213562373e-01,        +2.818969121395e-01,        +3.158631504003e-03
 2.46062500e+00,        +1.414213562373e-01,        +2.818990341487e-01,        +3.155446529647e-03
 2.46065000e+00,        +1.414213562373e-01,        +2.819011493948e-01,        +3.152262938816e-03
 2.46067500e+00,        +1.414213562373e-01,        +2.819032579038e-01,        +3.149080737542e-03
 2.46070000e+00,        +1.414213562373e-01,        +2.819053597018e-01,        +3.145899931770e-03
 2.46072500e+00,        +1.414213562373e-01,        +2.819074548147e-01,        +3.142720527360e-03
 2.46075000e+00,        +1.414213562373e-01,        +2.819095432682e-01,        +3.139542530087e-03
 2.46077500e+00,        +1.414213562373e-01,        +2.819116250880e-01,        +3.136365945644e-03
 2.46080000e+00,        +1.414213562373e-01,        +2.819137002997e-01,        +3.133190779638e-03
 2.46082500e+00,        +1.414213562373e-01,        +2.819157689287e-01,        +3.130017037595e-03
 2.46085000e+00,        +1.414213562373e-01,        +2.819178310005e-01,        +3.126844724961e-03
 2.46087500e+00,        +1.414213562373e-01,        +2.819198865401e-01,        +3.123673847099e-03
 2.46090000e+00,        +1.414213562373e-01,        +2.819219355729e-01,        +3.120504409292e-03
 2.46092500e+00,        +1.414213562373e-01,        +2.819239781237e-01,        +3.117336416746e-03
 2.46095000e+00,        +1.414213562373e-01,        +2.819260142177e-01,        +3.114169874585e-03
 2.46097500e+00,        +1.414213562373e-01,        +2.819280438795e-01,        +3.111004787857e-03
 2.46100000e+00,        +1.414213562373e-01,        +2.819300671339e-01,        +3.107841161535e-03
 2.46102500e+00,        +1.414213562373e-01,        +2.819320840055e-01,        +3.104679000512e-03
 2.46105000e+00,        +1.414213562373e-01,        +2.819340945189e-01,        +3.101518309607e-03
 2.46107500e+00,        +1.414213562373e-01,        +2.819360986985e-01,        +3.098359093564e-03
 2.46110000e+00,        +1.414213562373e-01,        +2.819380965685e-01,        +3.095201357053e-03
 2.46112500e+00,        +1.414213562373e-01,        +2.819400881532e-01,        +3.092045104670e-03
 2.46115000e+00,        +1.414213562373e-01,        +2.819420734768e-01,        +3.088890340939e-03
 2.46117500e+00,        +1.414213562373e-01,        +2.819440525632e-01,        +3.085737070310e-03
 2.46120000e+00,        +1.414213562373e-01,        +2.819460254362e-01,        +3.082585297164e-03
 2.46122500e+00,        +1.414213562373e-01,        +2.819479921199e-01,        +3.079435025809e-03
 2.46125000e+00,        +1.414213562373e-01,        +2.819499526377e-01,        +3.076286260485e-03
 2.46127500e+00,        +1.414213562373e-01,        +2.819519070135e-01,        +3.073139005359e-03
 2.46130000e+00,        +1.414213562373e-01,        +2.819538552705e-01,        +3.069993264534e-03
 2.46132500e+00,        +1.414213562373e-01,        +2.819557974324e-01,        +3.066849042042e-03
 2.46135000e+00,        +1.414213562373e-01,        +2.819577335224e-01,        +3.063706341846e-03
 2.46137500e+00,        +1.414213562373e-01,        +2.819596635636e-01,        +3.060565167846e-03
 2.46140000e+00,        +1.414213562373e-01,        +2.819615875793e-01,        +3.057425523873e-03
 2.46142500e+00,        +1.414213562373e-01,        +2.819635055925e-01,        +3.054287413693e-03
 2.46145000e+00,        +1.414213562373e-01,        +2.819654176260e-01,        +3.051150841007e-03
 2.46147500e+00,        +1.414213562373e-01,        +2.819673237027e-01,        +3.048015809453e-03
 2.46150000e+00,        +1.414213562373e-01,        +2.819692238453e-01,        +3.044882322602e-03
 2.46152500e+00,        +1.414213562373e-01,        +2.819711180765e-01,        +3.041750383966e-03
 2.46155000e+00,        +1.414213562373e-01,        +2.819730064188e-01,        +3.038619996991e-03
 2.46157500e+00,        +1.414213562373e-01,        +2.819748888947e-01,        +3.035491165063e-03
 2.46160000e+00,        +1.414213562373e-01,        +2.819767655265e-01,        +3.032363891506e-03
 2.46162500e+00,        +1.414213562373e-01,        +2.819786363364e-01,        +3.029238179583e-03
 2.46165000e+00,        +1.414213562373e-01,        +2.819805013467e-01,        +3.026114032497e-03
 2.46167500e+00,        +1.414213562373e-01,        +2.819823605793e-01,        +3.022991453392e-03
 2.46170000e+00,        +1.414213562373e-01,        +2.819842140564e-01,        +3.019870445352e-03
 2.46172500e+00,        +1.414213562373e-01,        +2.819860617997e-01,        +3.016751011403e-03
 2.46175000e+00,        +1.414213562373e-01,        +2.819879038310e-01,        +3.013633154514e-03
 2.46177500e+00,        +1.414213562373e-01,        +2.819897401721e-01,        +3.010516877594e-03
 2.46180000e+00,        +1.414213562373e-01,        +2.819915708446e-01,        +3.007402183499e-03
 2.46182500e+00,        +1.414213562373e-01,        +2.819933958700e-01,        +3.004289075025e-03
 2.46185000e+00,        +1.414213562373e-01,        +2.819952152696e-01,        +3.001177554914e-03
 2.46187500e+00,        +1.414213562373e-01,        +2.819970290649e-01,        +2.998067625854e-03
 2.46190000e+00,        +1.414213562373e-01,        +2.819988372771e-01,        +2.994959290475e-03
 2.46192500e+00,        +1.414213562373e-01,        +2.820006399273e-01,        +2.991852551358e-03
 2.46195000e+00,        +1.414213562373e-01,        +2.820024370367e-01,        +2.988747411025e-03
 2.46197500e+00,        +1.414213562373e-01,        +2.820042286261e-01,        +2.985643871948e-03
 2.46200000e+00,        +1.414213562373e-01,        +2.820060147165e-01,        +2.982541936546e-03
 2.46202500e+00,        +1.414213562373e-01,        +2.820077953288e-01,        +2.979441607185e-03
 2.46205000e+00,        +1.414213562373e-01,        +2.820095704835e-01,        +2.976342886181e-03
 2.46207500e+00,        +1.414213562373e-01,        +2.820113402013e-01,        +2.973245775799e-03
 2.46210000e+00,        +1.414213562373e-01,        +2.820131045028e-01,        +2.970150278250e-03
 2.46212500e+00,        +1.414213562373e-01,        +2.820148634085e-01,        +2.967056395700e-03
 2.46215000e+00,        +1.414213562373e-01,        +2.820166169386e-01,        +2.963964130262e-03
 2.46217500e+00,        +1.414213562373e-01,        +2.820183651135e-01,        +2.960873484000e-03
 2.46220000e+00,        +1.414213562373e-01,        +2.820201079533e-01,        +2.957784458932e-03
 2.46222500e+00,        +1.414213562373e-01,        +2.820218454783e-01,        +2.954697057025e-03
 2.46225000e+00,        +1.414213562373e-01,        +2.820235777083e-01,        +2.951611280200e-03
 2.46227500e+00,        +1.414213562373e-01,        +2.820253046633e-01,        +2.948527130330e-03
 2.46230000e+00,        +1.414213562373e-01,        +2.820270263633e-01,        +2.945444609241e-03
 2.46232500e+00,        +1.414213562373e-01,        +2.820287428279e-01,        +2.942363718715e-03
 2.46235000e+00,        +1.414213562373e-01,        +2.820304540769e-01,        +2.939284460485e-03
 2.46237500e+00,        +1.414213562373e-01,        +2.820321601298e-01,        +2.936206836240e-03
 2.46240000e+00,        +1.414213562373e-01,        +2.820338610062e-01,        +2.933130847625e-03
 2.46242500e+00,        +1.414213562373e-01,        +2.820355567255e-01,        +2.930056496239e-03
 2.46245000e+00,        +1.414213562373e-01,        +2.820372473071e-01,        +2.926983783639e-03
 2.46247500e+00,        +1.414213562373e-01,        +2.820389327703e-01,        +2.923912711335e-03
 2.46250000e+00,        +1.414213562373e-01,        +2.820406131342e-01,        +2.920843280798e-03
 2.46252500e+00,        +1.414213562373e-01,        +2.820422884179e-01,        +2.917775493453e-03
 2.46255000e+00,        +1.414213562373e-01,        +2.820439586406e-01,        +2.914709350683e-03
 2.46257500e+00,        +1.414213562373e-01,        +2.820456238211e-01,        +2.911644853832e-03
 2.46260000e+00,        +1.414213562373e-01,        +2.820472839783e-01,        +2.908582004198e-03
 2.46262500e+00,        +1.414213562373e-01,        +2.820489391310e-01,        +2.905520803043e-03
 2.46265000e+00,        +1.414213562373e-01,        +2.820505892979e-01,        +2.902461251583e-03
 2.46267500e+00,        +1.414213562373e-01,        +2.820522344977e-01,        +2.899403350999e-03
 2.46270000e+00,        +1.414213562373e-01,        +2.820538747489e-01,        +2.896347102427e-03
 2.46272500e+00,        +1.414213562373e-01,        +2.820555100700e-01,        +2.893292506968e-03
 2.46275000e+00,        +1.414213562373e-01,        +2.820571404794e-01,        +2.890239565681e-03
 2.46277500e+00,        +1.414213562373e-01,        +2.820587659953e-01,        +2.887188279588e-03
 2.46280000e+00,        +1.414213562373e-01,        +2.820603866362e-01,        +2.884138649671e-03
 2.46282500e+00,        +1.414213562373e-01,        +2.820620024200e-01,        +2.881090676877e-03
 2.46285000e+00,        +1.414213562373e-01,        +2.820636133650e-01,        +2.878044362112e-03
 2.46287500e+00,        +1.414213562373e-01,        +2.820652194890e-01,        +2.874999706246e-03
 2.46290000e+00,        +1.414213562373e-01,        +2.820668208101e-01,        +2.871956710115e-03
 2.46292500e+00,        +1.414213562373e-01,        +2.820684173461e-01,        +2.868915374514e-03
 2.46295000e+00,        +1.414213562373e-01,        +2.820700091149e-01,        +2.865875700206e-03
 2.46297500e+00,        +1.414213562373e-01,        +2.820715961340e-01,        +2.862837687915e-03
 2.46300000e+00,        +1.414213562373e-01,        +2.820731784212e-01,        +2.859801338332e-03
 2.46302500e+00,        +1.414213562373e-01,        +2.820747559940e-01,        +2.856766652113e-03
 2.46305000e+00,        +1.414213562373e-01,        +2.820763288699e-01,        +2.853733629877e-03
 2.46307500e+00,        +1.414213562373e-01,        +2.820778970663e-01,        +2.850702272213e-03
 2.46310000e+00,        +1.414213562373e-01,        +2.820794606005e-01,        +2.847672579671e-03
 2.46312500e+00,        +1.414213562373e-01,        +2.820810194899e-01,        +2.844644552771e-03
 2.46315000e+00,        +1.414213562373e-01,        +2.820825737515e-01,        +2.841618191998e-03
 2.46317500e+00,        +1.414213562373e-01,        +2.820841234026e-01,        +2.838593497807e-03
 2.46320000e+00,        +1.414213562373e-01,        +2.820856684602e-01,        +2.835570470617e-03
 2.46322500e+00,        +1.414213562373e-01,        +2.820872089412e-01,        +2.832549110815e-03
 2.46325000e+00,        +1.414213562373e-01,        +2.820887448626e-01,        +2.829529418760e-03
 2.46327500e+00,        +1.414213562373e-01,        +2.820902762412e-01,        +2.826511394774e-03
 2.46330000e+00,        +1.414213562373e-01,        +2.820918030938e-01,        +2.823495039153e-03
 2.46332500e+00,        +1.414213562373e-01,        +2.820933254370e-01,        +2.820480352157e-03
 2.46335000e+00,        +1.414213562373e-01,        +2.820948432874e-01,        +2.817467334020e-03
 2.46337500e+00,        +1.414213562373e-01,        +2.820963566617e-01,        +2.814455984943e-03
 2.46340000e+00,        +1.414213562373e-01,        +2.820978655763e-01,        +2.811446305098e-03
 2.46342500e+00,        +1.414213562373e-01,        +2.820993700477e-01,        +2.808438294628e-03
 2.46345000e+00,        +1.414213562373e-01,        +2.821008700921e-01,        +2.805431953643e-03
 2.46347500e+00,        +1.414213562373e-01,        +2.821023657258e-01,        +2.802427282230e-03
 2.46350000e+00,        +1.414213562373e-01,        +2.821038569651e-01,        +2.799424280442e-03
 2.46352500e+00,        +1.414213562373e-01,        +2.821053438260e-01,        +2.796422948307e-03
 2.46355000e+00,        +1.414213562373e-01,        +2.821068263248e-01,        +2.793423285822e-03
 2.46357500e+00,        +1.414213562373e-01,        +2.821083044772e-01,        +2.790425292959e-03
 2.46360000e+00,        +1.414213562373e-01,        +2.821097782994e-01,        +2.787428969659e-03
 2.46362500e+00,        +1.414213562373e-01,        +2.821112478071e-01,        +2.784434315841e-03
 2.46365000e+00,        +1.414213562373e-01,        +2.821127130162e-01,        +2.781441331391e-03
 2.46367500e+00,        +1.414213562373e-01,        +2.821141739424e-01,        +2.778450016172e-03
 2.46370000e+00,        +1.414213562373e-01,        +2.821156306014e-01,        +2.775460370020e-03
 2.46372500e+00,        +1.414213562373e-01,        +2.821170830087e-01,        +2.772472392745e-03
 2.46375000e+00,        +1.414213562373e-01,        +2.821185311799e-01,        +2.769486084130e-03
 2.46377500e+00,        +1.414213562373e-01,        +2.821199751305e-01,        +2.766501443933e-03
 2.46380000e+00,        +1.414213562373e-01,        +2.821214148759e-01,        +2.763518471887e-03
 2.46382500e+00,        +1.414213562373e-01,        +2.821228504314e-01,        +2.760537167700e-03
 2.46385000e+00,        +1.414213562373e-01,        +2.821242818123e-01,        +2.757557531054e-03
 2.46387500e+00,        +1.414213562373e-01,        +2.821257090338e-01,        +2.754579561609e-03
 2.46390000e+00,        +1.414213562373e-01,        +2.821271321111e-01,        +2.751603258999e-03
 2.46392500e+00,        +1.414213562373e-01,        +2.821285510593e-01,        +2.748628622833e-03
 2.46395000e+00,        +1.414213562373e-01,        +2.821299658933e-01,        +2.745655652698e-03
 2.46397500e+00,        +1.414213562373e-01,        +2.821313766282e-01,        +2.742684348158e-03
 2.46400000e+00,        +1.414213562373e-01,        +2.821327832787e-01,        +2.739714708752e-03
 2.46402500e+00,        +1.414213562373e-01,        +2.821341858599e-01,        +2.736746733996e-03
 2.46405000e+00,        +1.414213562373e-01,        +2.821355843864e-01,        +2.733780423385e-03
 2.46407500e+00,        +1.414213562373e-01,        +2.821369788729e-01,        +2.730815776390e-03
 2.46410000e+00,        +1.414213562373e-01,        +2.821383693342e-01,        +2.727852792461e-03
 2.46412500e+00,        +1.414213562373e-01,        +2.821397557847e-01,        +2.724891471024e-03
 2.46415000e+00,        +1.414213562373e-01,        +2.821411382390e-01,        +2.721931811486e-03
 2.46417500e+00,        +1.414213562373e-01,        +2.821425167116e-01,        +2.718973813231e-03
 2.46420000e+00,        +1.414213562373e-01,        +2.821438912169e-01,        +2.716017475620e-03
 2.46422500e+00,        +1.414213562373e-01,        +2.821452617692e-01,        +2.713062797996e-03
 2.46425000e+00,        +1.414213562373e-01,        +2.821466283828e-01,        +2.710109779680e-03
 2.46427500e+00,        +1.414213562373e-01,        +2.821479910719e-01,        +2.707158419971e-03
 2.46430000e+00,        +1.414213562373e-01,        +2.821493498508e-01,        +2.704208718150e-03
 2.46432500e+00,        +1.414213562373e-01,        +2.821507047334e-01,        +2.701260673476e-03
 2.46435000e+00,        +1.414213562373e-01,        +2.821520557339e-01,        +2.698314285190e-03
 2.46437500e+00,        +1.414213562373e-01,        +2.821534028662e-01,        +2.695369552509e-03
 2.46440000e+00,        +1.414213562373e-01,        +2.821547461443e-01,        +2.692426474637e-03
 2.46442500e+00,        +1.414213562373e-01,        +2.821560855821e-01,        +2.689485050753e-03
 2.46445000e+00,        +1.414213562373e-01,        +2.821574211932e-01,        +2.686545280021e-03
 2.46447500e+00,        +1.414213562373e-01,        +2.821587529916e-01,        +2.683607161582e-03
 2.46450000e+00,        +1.414213562373e-01,        +2.821600809909e-01,        +2.680670694563e-03
 2.46452500e+00,        +1.414213562373e-01,        +2.821614052048e-01,        +2.677735878068e-03
 2.46455000e+00,        +1.414213562373e-01,        +2.821627256468e-01,        +2.674802711187e-03
 2.46457500e+00,        +1.414213562373e-01,        +2.821640423304e-01,        +2.671871192990e-03
 2.46460000e+00,        +1.414213562373e-01,        +2.821653552692e-01,        +2.668941322528e-03
 2.46462500e+00,        +1.414213562373e-01,        +2.821666644765e-01,        +2.666013098836e-03
 2.46465000e+00,        +1.414213562373e-01,        +2.821679699657e-01,        +2.663086520931e-03
 2.46467500e+00,        +1.414213562373e-01,        +2.821692717502e-01,        +2.660161587814e-03
 2.46470000e+00,        +1.414213562373e-01,        +2.821705698430e-01,        +2.657238298467e-03
 2.46472500e+00,        +1.414213562373e-01,        +2.821718642576e-01,        +2.654316651856e-03
 2.46475000e+00,        +1.414213562373e-01,        +2.821731550069e-01,        +2.651396646931e-03
 2.46477500e+00,        +1.414213562373e-01,        +2.821744421041e-01,        +2.648478282625e-03
 2.46480000e+00,        +1.414213562373e-01,        +2.821757255622e-01,        +2.645561557855e-03
 2.46482500e+00,        +1.414213562373e-01,        +2.821770053942e-01,        +2.642646471521e-03
 2.46485000e+00,        +1.414213562373e-01,        +2.821782816129e-01,        +2.639733022508e-03
 2.46487500e+00,        +1.414213562373e-01,        +2.821795542314e-01,        +2.636821209686e-03
 2.46490000e+00,        +1.414213562373e-01,        +2.821808232623e-01,        +2.633911031907e-03
 2.46492500e+00,        +1.414213562373e-01,        +2.821820887184e-01,        +2.631002488011e-03
 2.46495000e+00,        +1.414213562373e-01,        +2.821833506125e-01,        +2.628095576819e-03
 2.46497500e+00,        +1.414213562373e-01,        +2.821846089572e-01,        +2.625190297142e-03
 2.46500000e+00,        +1.414213562373e-01,        +2.821858637651e-01,        +2.622286647771e-03
 2.46502500e+00,        +1.414213562373e-01,        +2.821871150487e-01,        +2.619384627485e-03
 2.46505000e+00,        +1.414213562373e-01,        +2.821883628206e-01,        +2.616484235049e-03
 2.46507500e+00,        +1.414213562373e-01,        +2.821896070932e-01,        +2.613585469212e-03
 2.46510000e+00,        +1.414213562373e-01,        +2.821908478789e-01,        +2.610688328711e-03
 2.46512500e+00,        +1.414213562373e-01,        +2.821920851900e-01,        +2.607792812268e-03
 2.46515000e+00,        +1.414213562373e-01,        +2.821933190388e-01,        +2.604898918589e-03
 2.46517500e+00,        +1.414213562373e-01,        +2.821945494376e-01,        +2.602006646371e-03
 2.46520000e+00,        +1.414213562373e-01,        +2.821957763986e-01,        +2.599115994293e-03
 2.46522500e+00,        +1.414213562373e-01,        +2.821969999338e-01,        +2.596226961023e-03
 2.46525000e+00,        +1.414213562373e-01,        +2.821982200555e-01,        +2.593339545217e-03
 2.46527500e+00,        +1.414213562373e-01,        +2.821994367755e-01,        +2.590453745515e-03
 2.46530000e+00,        +1.414213562373e-01,        +2.822006501060e-01,        +2.587569560547e-03
 2.46532500e+00,        +1.414213562373e-01,        +2.822018600589e-01,        +2.584686988928e-03
 2.46535000e+00,        +1.414213562373e-01,        +2.822030666460e-01,        +2.581806029262e-03
 2.46537500e+00,        +1.414213562373e-01,        +2.822042698792e-01,        +2.578926680140e-03
 2.46540000e+00,        +1.414213562373e-01,        +2.822054697702e-01,        +2.576048940142e-03
 2.46542500e+00,        +1.414213562373e-01,        +2.822066663310e-01,        +2.573172807834e-03
 2.46545000e+00,        +1.414213562373e-01,        +2.822078595730e-01,        +2.570298281771e-03
 2.46547500e+00,        +1.414213562373e-01,        +2.822090495080e-01,        +2.567425360497e-03
 2.46550000e+00,        +1.414213562373e-01,        +2.822102361476e-01,        +2.564554042544e-03
 2.46552500e+00,        +1.414213562373e-01,        +2.822114195033e-01,        +2.561684326430e-03
 2.46555000e+00,        +1.414213562373e-01,        +2.822125995866e-01,        +2.558816210667e-03
 2.46557500e+00,        +1.414213562373e-01,        +2.822137764091e-01,        +2.555949693750e-03
 2.46560000e+00,        +1.414213562373e-01,        +2.822149499820e-01,        +2.553084774167e-03
 2.46562500e+00,        +1.414213562373e-01,        +2.822161203168e-01,        +2.550221450394e-03
 2.46565000e+00,        +1.414213562373e-01,        +2.822172874248e-01,        +2.547359720896e-03
 2.46567500e+00,        +1.414213562373e-01,        +2.822184513172e-01,        +2.544499584126e-03
 2.46570000e+00,        +1.414213562373e-01,        +2.822196120053e-01,        +2.541641038529e-03
 2.46572500e+00,        +1.414213562373e-01,        +2.822207695002e-01,        +2.538784082539e-03
 2.46575000e+00,        +1.414213562373e-01,        +2.822219238132e-01,        +2.535928714578e-03
 2.46577500e+00,        +1.414213562373e-01,        +2.822230749552e-01,        +2.533074933061e-03
 2.46580000e+00,        +1.414213562373e-01,        +2.822242229373e-01,        +2.530222736389e-03
 2.46582500e+00,        +1.414213562373e-01,        +2.822253677705e-01,        +2.527372122957e-03
 2.46585000e+00,        +1.414213562373e-01,        +2.822265094658e-01,        +2.524523091148e-03
 2.46587500e+00,        +1.414213562373e-01,        +2.822276480340e-01,        +2.521675639336e-03
 2.46590000e+00,        +1.414213562373e-01,        +2.822287834861e-01,        +2.518829765887e-03
 2.46592500e+00,        +1.414213562373e-01,        +2.822299158328e-01,        +2.515985469155e-03
 2.46595000e+00,        +1.414213562373e-01,        +2.822310450849e-01,        +2.513142747487e-03
 2.46597500e+00,        +1.414213562373e-01,        +2.822321712531e-01,        +2.510301599219e-03
 2.46600000e+00,        +1.414213562373e-01,        +2.822332943482e-01,        +2.507462022680e-03
 2.46602500e+00,        +1.414213562373e-01,        +2.822344143807e-01,        +2.504624016190e-03
 2.46605000e+00,        +1.414213562373e-01,        +2.822355313613e-01,        +2.501787578058e-03
 2.46607500e+00,        +1.414213562373e-01,        +2.822366453005e-01,        +2.498952706587e-03
 2.46610000e+00,        +1.414213562373e-01,        +2.822377562089e-01,        +2.496119400070e-03
 2.46612500e+00,        +1.414213562373e-01,        +2.822388640968e-01,        +2.493287656792e-03
 2.46615000e+00,        +1.414213562373e-01,        +2.822399689748e-01,        +2.490457475030e-03
 2.46617500e+00,        +1.414213562373e-01,        +2.822410708531e-01,        +2.487628853054e-03
 2.46620000e+00,        +1.414213562373e-01,        +2.822421697422e-01,        +2.484801789123e-03
 2.46622500e+00,        +1.414213562373e-01,        +2.822432656523e-01,        +2.481976281490e-03
 2.46625000e+00,        +1.414213562373e-01,        +2.822443585937e-01,        +2.479152328401e-03
 2.46627500e+00,        +1.414213562373e-01,        +2.822454485767e-01,        +2.476329928092e-03
 2.46630000e+00,        +1.414213562373e-01,        +2.822465356113e-01,        +2.473509078795e-03
 2.46632500e+00,        +1.414213562373e-01,        +2.822476197077e-01,        +2.470689778729e-03
 2.46635000e+00,        +1.414213562373e-01,        +2.822487008760e-01,        +2.467872026112e-03
 2.46637500e+00,        +1.414213562373e-01,        +2.822497791263e-01,        +2.465055819149e-03
 2.46640000e+00,        +1.414213562373e-01,        +2.822508544685e-01,        +2.462241156042e-03
 2.46642500e+00,        +1.414213562373e-01,        +2.822519269127e-01,        +2.459428034984e-03
 2.46645000e+00,        +1.414213562373e-01,        +2.822529964687e-01,        +2.456616454162e-03
 2.46647500e+00,        +1.414213562373e-01,        +2.822540631465e-01,        +2.453806411755e-03
 2.46650000e+00,        +1.414213562373e-01,        +2.822551269559e-01,        +2.450997905936e-03
 2.46652500e+00,        +1.414213562373e-01,        +2.822561879066e-01,        +2.448190934871e-03
 2.46655000e+00,        +1.414213562373e-01,        +2.822572460085e-01,        +2.445385496719e-03
 2.46657500e+00,        +1.414213562373e-01,        +2.822583012714e-01,        +2.442581589635e-03
 2.46660000e+00,        +1.414213562373e-01,        +2.822593537047e-01,        +2.439779211764e-03
 2.46662500e+00,        +1.414213562373e-01,        +2.822604033184e-01,        +2.436978361247e-03
 2.46665000e+00,        +1.414213562373e-01,        +2.822614501218e-01,        +2.434179036219e-03
 2.46667500e+00,        +1.414213562373e-01,        +2.822624941247e-01,        +2.431381234809e-03
 2.46670000e+00,        +1.414213562373e-01,        +2.822635353365e-01,        +2.428584955137e-03
 2.46672500e+00,        +1.414213562373e-01,        +2.822645737668e-01,        +2.425790195322e-03
 2.46675000e+00,        +1.414213562373e-01,        +2.822656094249e-01,        +2.422996953473e-03
 2.46677500e+00,        +1.414213562373e-01,        +2.822666423204e-01,        +2.420205227695e-03
 2.46680000e+00,        +1.414213562373e-01,        +2.822676724625e-01,        +2.417415016089e-03
 2.46682500e+00,        +1.414213562373e-01,        +2.822686998607e-01,        +2.414626316747e-03
 2.46685000e+00,        +1.414213562373e-01,        +2.822697245242e-01,        +2.411839127758e-03
 2.46687500e+00,        +1.414213562373e-01,        +2.822707464623e-01,        +2.409053447205e-03
 2.46690000e+00,        +1.414213562373e-01,        +2.822717656842e-01,        +2.406269273166e-03
 2.46692500e+00,        +1.414213562373e-01,        +2.822727821992e-01,        +2.403486603714e-03
 2.46695000e+00,        +1.414213562373e-01,        +2.822737960163e-01,        +2.400705436915e-03
 2.46697500e+00,        +1.414213562373e-01,        +2.822748071448e-01,        +2.397925770833e-03
 2.46700000e+00,        +1.414213562373e-01,        +2.822758155936e-01,        +2.395147603526e-03
 2.46702500e+00,        +1.414213562373e-01,        +2.822768213718e-01,        +2.392370933045e-03
 2.46705000e+00,        +1.414213562373e-01,        +2.822778244885e-01,        +2.389595757439e-03
 2.46707500e+00,        +1.414213562373e-01,        +2.822788249526e-01,        +2.386822074751e-03
 2.46710000e+00,        +1.414213562373e-01,        +2.822798227730e-01,        +2.384049883020e-03
 2.46712500e+00,        +1.414213562373e-01,        +2.822808179586e-01,        +2.381279180281e-03
 2.46715000e+00,        +1.414213562373e-01,        +2.822818105184e-01,        +2.378509964562e-03
 2.46717500e+00,        +1.414213562373e-01,        +2.822828004611e-01,        +2.375742233889e-03
 2.46720000e+00,        +1.414213562373e-01,        +2.822837877955e-01,        +2.372975986284e-03
 2.46722500e+00,        +1.414213562373e-01,        +2.822847725304e-01,        +2.370211219763e-03
 2.46725000e+00,        +1.414213562373e-01,        +2.822857546746e-01,        +2.367447932340e-03
 2.46727500e+00,        +1.414213562373e-01,        +2.822867342366e-01,        +2.364686122022e-03
 2.46730000e+00,        +1.414213562373e-01,        +2.822877112252e-01,        +2.361925786814e-03
 2.46732500e+00,        +1.414213562373e-01,        +2.822886856489e-01,        +2.359166924718e-03
 2.46735000e+00,        +1.414213562373e-01,        +2.822896575164e-01,        +2.356409533730e-03
 2.46737500e+00,        +1.414213562373e-01,        +2.822906268363e-01,        +2.353653611844e-03
 2.46740000e+00,        +1.414213562373e-01,        +2.822915936169e-01,        +2.350899157049e-03
 2.46742500e+00,        +1.414213562373e-01,        +2.822925578669e-01,        +2.348146167331e-03
 2.46745000e+00,        +1.414213562373e-01,        +2.822935195946e-01,        +2.345394640673e-03
 2.46747500e+00,        +1.414213562373e-01,        +2.822944788085e-01,        +2.342644575053e-03
 2.46750000e+00,        +1.414213562373e-01,        +2.822954355169e-01,        +2.339895968447e-03
 2.46752500e+00,        +1.414213562373e-01,        +2.822963897283e-01,        +2.337148818826e-03
 2.46755000e+00,        +1.414213562373e-01,        +2.822973414508e-01,        +2.334403124161e-03
 2.46757500e+00,        +1.414213562373e-01,        +2.822982906929e-01,        +2.331658882416e-03
 2.46760000e+00,        +1.414213562373e-01,        +2.822992374627e-01,        +2.328916091554e-03
 2.46762500e+00,        +1.414213562373e-01,        +2.823001817685e-01,        +2.326174749534e-03
 2.46765000e+00,        +1.414213562373e-01,        +2.823011236185e-01,        +2.323434854313e-03
 2.46767500e+00,        +1.414213562373e-01,        +2.823020630207e-01,        +2.320696403844e-03
 2.46770000e+00,        +1.414213562373e-01,        +2.823029999834e-01,        +2.317959396079e-03
 2.46772500e+00,        +1.414213562373e-01,        +2.823039345145e-01,        +2.315223828963e-03
 2.46775000e+00,        +1.414213562373e-01,        +2.823048666223e-01,        +2.312489700444e-03
 2.46777500e+00,        +1.414213562373e-01,        +2.823057963146e-01,        +2.309757008462e-03
 2.46780000e+00,        +1.414213562373e-01,        +2.823067235995e-01,        +2.307025750958e-03
 2.46782500e+00,        +1.414213562373e-01,        +2.823076484849e-01,        +2.304295925869e-03
 2.46785000e+00,        +1.414213562373e-01,        +2.823085709788e-01,        +2.301567531128e-03
 2.46787500e+00,        +1.414213562373e-01,        +2.823094910890e-01,        +2.298840564670e-03
 2.46790000e+00,        +1.414213562373e-01,        +2.823104088235e-01,        +2.296115024422e-03
 2.46792500e+00,        +1.414213562373e-01,        +2.823113241900e-01,        +2.293390908313e-03
 2.46795000e+00,        +1.414213562373e-01,        +2.823122371964e-01,        +2.290668214267e-03
 2.46797500e+00,        +1.414213562373e-01,        +2.823131478504e-01,        +2.287946940208e-03
 2.46800000e+00,        +1.414213562373e-01,        +2.823140561597e-01,        +2.285227084056e-03
 2.46802500e+00,        +1.414213562373e-01,        +2.823149621322e-01,        +2.282508643729e-03
 2.46805000e+00,        +1.414213562373e-01,        +2.823158657754e-01,        +2.279791617146e-03
 2.46807500e+00,        +1.414213562373e-01,        +2.823167670971e-01,        +2.277076002218e-03
 2.46810000e+00,        +1.414213562373e-01,        +2.823176661048e-01,        +2.274361796861e-03
 2.46812500e+00,        +1.414213562373e-01,        +2.823185628061e-01,        +2.271648998983e-03
 2.46815000e+00,        +1.414213562373e-01,        +2.823194572086e-01,        +2.268937606495e-03
 2.46817500e+00,        +1.414213562373e-01,        +2.823203493198e-01,        +2.266227617302e-03
 2.46820000e+00,        +1.414213562373e-01,        +2.823212391472e-01,        +2.263519029311e-03
 2.46822500e+00,        +1.414213562373e-01,        +2.823221266983e-01,        +2.260811840425e-03
 2.46825000e+00,        +1.414213562373e-01,        +2.823230119806e-01,        +2.258106048547e-03
 2.46827500e+00,        +1.414213562373e-01,        +2.823238950014e-01,        +2.255401651576e-03
 2.46830000e+00,        +1.414213562373e-01,        +2.823247757681e-01,        +2.252698647411e-03
 2.46832500e+00,        +1.414213562373e-01,        +2.823256542881e-01,        +2.249997033950e-03
 2.46835000e+00,        +1.414213562373e-01,        +2.823265305687e-01,        +2.247296809090e-03
 2.46837500e+00,        +1.414213562373e-01,        +2.823274046172e-01,        +2.244597970724e-03
 2.46840000e+00,        +1.414213562373e-01,        +2.823282764409e-01,        +2.241900516745e-03
 2.46842500e+00,        +1.414213562373e-01,        +2.823291460470e-01,        +2.239204445047e-03
 2.46845000e+00,        +1.414213562373e-01,        +2.823300134428e-01,        +2.236509753519e-03
 2.46847500e+00,        +1.414213562373e-01,        +2.823308786353e-01,        +2.233816440052e-03
 2.46850000e+00,        +1.414213562373e-01,        +2.823317416318e-01,        +2.231124502533e-03
 2.46852500e+00,        +1.414213562373e-01,        +2.823326024395e-01,        +2.228433938850e-03
 2.46855000e+00,        +1.414213562373e-01,        +2.823334610653e-01,        +2.225744746890e-03
 2.46857500e+00,        +1.414213562373e-01,        +2.823343175164e-01,        +2.223056924537e-03
 2.46860000e+00,        +1.414213562373e-01,        +2.823351717998e-01,        +2.220370469676e-03
 2.46862500e+00,        +1.414213562373e-01,        +2.823360239225e-01,        +2.217685380190e-03
 2.46865000e+00,        +1.414213562373e-01,        +2.823368738915e-01,        +2.215001653962e-03
 2.46867500e+00,        +1.414213562373e-01,        +2.823377217139e-01,        +2.212319288873e-03
 2.46870000e+00,        +1.414213562373e-01,        +2.823385673964e-01,        +2.209638282805e-03
 2.46872500e+00,        +1.414213562373e-01,        +2.823394109461e-01,        +2.206958633637e-03
 2.46875000e+00,        +1.414213562373e-01,        +2.823402523698e-01,        +2.204280339248e-03
 2.46877500e+00,        +1.414213562373e-01,        +2.823410916743e-01,        +2.201603397519e-03
 2.46880000e+00,        +1.414213562373e-01,        +2.823419288665e-01,        +2.198927806326e-03
 2.46882500e+00,        +1.414213562373e-01,        +2.823427639533e-01,        +2.196253563547e-03
 2.46885000e+00,        +1.414213562373e-01,        +2.823435969413e-01,        +2.193580667060e-03
 2.46887500e+00,        +1.414213562373e-01,        +2.823444278373e-01,        +2.190909114741e-03
 2.46890000e+00,        +1.414213562373e-01,        +2.823452566481e-01,        +2.188238904465e-03
 2.46892500e+00,        +1.414213562373e-01,        +2.823460833803e-01,        +2.185570034109e-03
 2.46895000e+00,        +1.414213562373e-01,        +2.823469080406e-01,        +2.182902501547e-03
 2.46897500e+00,        +1.414213562373e-01,        +2.823477306356e-01,        +2.180236304655e-03
 2.46900000e+00,        +1.414213562373e-01,        +2.823485511721e-01,        +2.177571441307e-03
 2.46902500e+00,        +1.414213562373e-01,        +2.823493696565e-01,        +2.174907909378e-03
 2.46905000e+00,        +1.414213562373e-01,        +2.823501860954e-01,        +2.172245706741e-03
 2.46907500e+00,        +1.414213562373e-01,        +2.823510004955e-01,        +2.169584831270e-03
 2.46910000e+00,        +1.414213562373e-01,        +2.823518128631e-01,        +2.166925280839e-03
 2.46912500e+00,        +1.414213562373e-01,        +2.823526232048e-01,        +2.164267053322e-03
 2.46915000e+00,        +1.414213562373e-01,        +2.823534315271e-01,        +2.161610146592e-03
 2.46917500e+00,        +1.414213562373e-01,        +2.823542378364e-01,        +2.158954558522e-03
 2.46920000e+00,        +1.414213562373e-01,        +2.823550421391e-01,        +2.156300286987e-03
 2.46922500e+00,        +1.414213562373e-01,        +2.823558444416e-01,        +2.153647329858e-03
 2.46925000e+00,        +1.414213562373e-01,        +2.823566447503e-01,        +2.150995685010e-03
 2.46927500e+00,        +1.414213562373e-01,        +2.823574430715e-01,        +2.148345350317e-03
 2.46930000e+00,        +1.414213562373e-01,        +2.823582394115e-01,        +2.145696323651e-03
 2.46932500e+00,        +1.414213562373e-01,        +2.823590337767e-01,        +2.143048602887e-03
 2.46935000e+00,        +1.414213562373e-01,        +2.823598261733e-01,        +2.140402185899e-03
 2.46937500e+00,        +1.414213562373e-01,        +2.823606166076e-01,        +2.137757070560e-03
 2.46940000e+00,        +1.414213562373e-01,        +2.823614050858e-01,        +2.135113254746e-03
 2.46942500e+00,        +1.414213562373e-01,        +2.823621916140e-01,        +2.132470736331e-03
 2.46945000e+00,        +1.414213562373e-01,        +2.823629761985e-01,        +2.129829513189e-03
 2.46947500e+00,        +1.414213562373e-01,        +2.823637588454e-01,        +2.127189583197e-03
 2.46950000e+00,        +1.414213562373e-01,        +2.823645395608e-01,        +2.124550944230e-03
 2.46952500e+00,        +1.414213562373e-01,        +2.823653183509e-01,        +2.121913594164e-03
 2.46955000e+00,        +1.414213562373e-01,        +2.823660952217e-01,        +2.119277530875e-03
 2.46957500e+00,        +1.414213562373e-01,        +2.823668701793e-01,        +2.116642752241e-03
 2.46960000e+00,        +1.414213562373e-01,        +2.823676432297e-01,        +2.114009256139e-03
 2.46962500e+00,        +1.414213562373e-01,        +2.823684143789e-01,        +2.111377040447e-03
 2.46965000e+00,        +1.414213562373e-01,        +2.823691836329e-01,        +2.108746103044e-03
 2.46967500e+00,        +1.414213562373e-01,        +2.823699509977e-01,        +2.106116441808e-03
 2.46970000e+00,        +1.414213562373e-01,        +2.823707164793e-01,        +2.103488054620e-03
 2.46972500e+00,        +1.414213562373e-01,        +2.823714800835e-01,        +2.100860939360e-03
 2.46975000e+00,        +1.414213562373e-01,        +2.823722418162e-01,        +2.098235093908e-03
 2.46977500e+00,        +1.414213562373e-01,        +2.823730016834e-01,        +2.095610516146e-03
 2.46980000e+00,        +1.414213562373e-01,        +2.823737596908e-01,        +2.092987203957e-03
 2.46982500e+00,        +1.414213562373e-01,        +2.823745158444e-01,        +2.090365155224e-03
 2.46985000e+00,        +1.414213562373e-01,        +2.823752701498e-01,        +2.087744367831e-03
 2.46987500e+00,        +1.414213562373e-01,        +2.823760226130e-01,        +2.085124839662e-03
 2.46990000e+00,        +1.414213562373e-01,        +2.823767732397e-01,        +2.082506568603e-03
 2.46992500e+00,        +1.414213562373e-01,        +2.823775220355e-01,        +2.079889552541e-03
 2.46995000e+00,        +1.414213562373e-01,        +2.823782690063e-01,        +2.077273789361e-03
 2.46997500e+00,        +1.414213562373e-01,        +2.823790141577e-01,        +2.074659276953e-03
 2.47000000e+00,        +1.414213562373e-01,        +2.823797574954e-01,        +2.072046013206e-03
 2.47002500e+00,        +1.414213562373e-01,        +2.823804990251e-01,        +2.069433996009e-03
 2.47005000e+00,        +1.414213562373e-01,        +2.823812387524e-01,        +2.066823223253e-03
 2.47007500e+00,        +1.414213562373e-01,        +2.823819766829e-01,        +2.064213692830e-03
 2.47010000e+00,        +1.414213562373e-01,        +2.823827128222e-01,        +2.061605402633e-03
 2.47012500e+00,        +1.414213562373e-01,        +2.823834471759e-01,        +2.058998350556e-03
 2.47015000e+00,        +1.414213562373e-01,        +2.823841797495e-01,        +2.056392534494e-03
 2.47017500e+00,        +1.414213562373e-01,        +2.823849105486e-01,        +2.053787952343e-03
 2.47020000e+00,        +1.414213562373e-01,        +2.823856395787e-01,        +2.051184602000e-03
 2.47022500e+00,        +1.414213562373e-01,        +2.823863668452e-01,        +2.048582481363e-03
 2.47025000e+00,        +1.414213562373e-01,        +2.823870923536e-01,        +2.045981588332e-03
 2.47027500e+00,        +1.414213562373e-01,        +2.823878161094e-01,        +2.043381920807e-03
 2.47030000e+00,        +1.414213562373e-01,        +2.823885381180e-01,        +2.040783476691e-03
 2.47032500e+00,        +1.414213562373e-01,        +2.823892583848e-01,        +2.038186253885e-03
 2.47035000e+00,        +1.414213562373e-01,        +2.823899769152e-01,        +2.035590250295e-03
 2.47037500e+00,        +1.414213562373e-01,        +2.823906937145e-01,        +2.032995463826e-03
 2.47040000e+00,        +1.414213562373e-01,        +2.823914087882e-01,        +2.030401892384e-03
 2.47042500e+00,        +1.414213562373e-01,        +2.823921221414e-01,        +2.027809533877e-03
 2.47045000e+00,        +1.414213562373e-01,        +2.823928337796e-01,        +2.025218386216e-03
 2.47047500e+00,        +1.414213562373e-01,        +2.823935437080e-01,        +2.022628447310e-03
 2.47050000e+00,        +1.414213562373e-01,        +2.823942519319e-01,        +2.020039715071e-03
 2.47052500e+00,        +1.414213562373e-01,        +2.823949584565e-01,        +2.017452187414e-03
 2.47055000e+00,        +1.414213562373e-01,        +2.823956632870e-01,        +2.014865862252e-03
 2.47057500e+00,        +1.414213562373e-01,        +2.823963664287e-01,        +2.012280737502e-03
 2.47060000e+00,        +1.414213562373e-01,        +2.823970678867e-01,        +2.009696811081e-03
 2.47062500e+00,        +1.414213562373e-01,        +2.823977676663e-01,        +2.007114080909e-03
 2.47065000e+00,        +1.414213562373e-01,        +2.823984657725e-01,        +2.004532544906e-03
 2.47067500e+00,        +1.414213562373e-01,        +2.823991622105e-01,        +2.001952200995e-03
 2.47070000e+00,        +1.414213562373e-01,        +2.823998569853e-01,        +1.999373047098e-03
 2.47072500e+00,        +1.414213562373e-01,        +2.824005501022e-01,        +1.996795081140e-03
 2.47075000e+00,        +1.414213562373e-01,        +2.824012415661e-01,        +1.994218301049e-03
 2.47077500e+00,        +1.414213562373e-01,        +2.824019313822e-01,        +1.991642704752e-03
 2.47080000e+00,        +1.414213562373e-01,        +2.824026195553e-01,        +1.989068290178e-03
 2.47082500e+00,        +1.414213562373e-01,        +2.824033060907e-01,        +1.986495055260e-03
 2.47085000e+00,        +1.414213562373e-01,        +2.824039909931e-01,        +1.983922997931e-03
 2.47087500e+00,        +1.414213562373e-01,        +2.824046742678e-01,        +1.981352116123e-03
 2.47090000e+00,        +1.414213562373e-01,        +2.824053559195e-01,        +1.978782407775e-03
 2.47092500e+00,        +1.414213562373e-01,        +2.824060359532e-01,        +1.976213870822e-03
 2.47095000e+00,        +1.414213562373e-01,        +2.824067143739e-01,        +1.973646503206e-03
 2.47097500e+00,        +1.414213562373e-01,        +2.824073911865e-01,        +1.971080302866e-03
 2.47100000e+00,        +1.414213562373e-01,        +2.824080663958e-01,        +1.968515267747e-03
 2.47102500e+00,        +1.414213562373e-01,        +2.824087400067e-01,        +1.965951395791e-03
 2.47105000e+00,        +1.414213562373e-01,        +2.824094120241e-01,        +1.963388684946e-03
 2.47107500e+00,        +1.414213562373e-01,        +2.824100824528e-01,        +1.960827133160e-03
 2.47110000e+00,        +1.414213562373e-01,        +2.824107512976e-01,        +1.958266738382e-03
 2.47112500e+00,        +1.414213562373e-01,        +2.824114185632e-01,        +1.955707498563e-03
 2.47115000e+00,        +1.414213562373e-01,        +2.824120842546e-01,        +1.953149411658e-03
 2.47117500e+00,        +1.414213562373e-01,        +2.824127483765e-01,        +1.950592475620e-03
 2.47120000e+00,        +1.414213562373e-01,        +2.824134109335e-01,        +1.948036688408e-03
 2.47122500e+00,        +1.414213562373e-01,        +2.824140719304e-01,        +1.945482047980e-03
 2.47125000e+00,        +1.414213562373e-01,        +2.824147313720e-01,        +1.942928552295e-03
 2.47127500e+00,        +1.414213562373e-01,        +2.824153892628e-01,        +1.940376199318e-03
 2.47130000e+00,        +1.414213562373e-01,        +2.824160456077e-01,        +1.937824987012e-03
 2.47132500e+00,        +1.414213562373e-01,        +2.824167004112e-01,        +1.935274913342e-03
 2.47135000e+00,        +1.414213562373e-01,        +2.824173536780e-01,        +1.932725976279e-03
 2.47137500e+00,        +1.414213562373e-01,        +2.824180054127e-01,        +1.930178173790e-03
 2.47140000e+00,        +1.414213562373e-01,        +2.824186556199e-01,        +1.927631503848e-03
 2.47142500e+00,        +1.414213562373e-01,        +2.824193043042e-01,        +1.925085964428e-03
 2.47145000e+00,        +1.414213562373e-01,        +2.824199514702e-01,        +1.922541553504e-03
 2.47147500e+00,        +1.414213562373e-01,        +2.824205971224e-01,        +1.919998269054e-03
 2.47150000e+00,        +1.414213562373e-01,        +2.824212412654e-01,        +1.917456109059e-03
 2.47152500e+00,        +1.414213562373e-01,        +2.824218839036e-01,        +1.914915071499e-03
 2.47155000e+00,        +1.414213562373e-01,        +2.824225250417e-01,        +1.912375154359e-03
 2.47157500e+00,        +1.414213562373e-01,        +2.824231646840e-01,        +1.909836355623e-03
 2.47160000e+00,        +1.414213562373e-01,        +2.824238028351e-01,        +1.907298673280e-03
 2.47162500e+00,        +1.414213562373e-01,        +2.824244394994e-01,        +1.904762105320e-03
 2.47165000e+00,        +1.414213562373e-01,        +2.824250746813e-01,        +1.902226649733e-03
 2.47167500e+00,        +1.414213562373e-01,        +2.824257083853e-01,        +1.899692304515e-03
 2.47170000e+00,        +1.414213562373e-01,        +2.824263406158e-01,        +1.897159067659e-03
 2.47172500e+00,        +1.414213562373e-01,        +2.824269713771e-01,        +1.894626937166e-03
 2.47175000e+00,        +1.414213562373e-01,        +2.824276006737e-01,        +1.892095911033e-03
 2.47177500e+00,        +1.414213562373e-01,        +2.824282285099e-01,        +1.889565987264e-03
 2.47180000e+00,        +1.414213562373e-01,        +2.824288548901e-01,        +1.887037163862e-03
 2.47182500e+00,        +1.414213562373e-01,        +2.824294798185e-01,        +1.884509438835e-03
 2.47185000e+00,        +1.414213562373e-01,        +2.824301032995e-01,        +1.881982810189e-03
 2.47187500e+00,        +1.414213562373e-01,        +2.824307253373e-01,        +1.879457275935e-03
 2.47190000e+00,        +1.414213562373e-01,        +2.824313459364e-01,        +1.876932834087e-03
 2.47192500e+00,        +1.414213562373e-01,        +2.824319651008e-01,        +1.874409482659e-03
 2.47195000e+00,        +1.414213562373e-01,        +2.824325828349e-01,        +1.871887219667e-03
 2.47197500e+00,        +1.414213562373e-01,        +2.824331991430e-01,        +1.869366043132e-03
 2.47200000e+00,        +1.414213562373e-01,        +2.824338140291e-01,        +1.866845951073e-03
 2.47202500e+00,        +1.414213562373e-01,        +2.824344274976e-01,        +1.864326941515e-03
 2.47205000e+00,        +1.414213562373e-01,        +2.824350395526e-01,        +1.861809012483e-03
 2.47207500e+00,        +1.414213562373e-01,        +2.824356501982e-01,        +1.859292162004e-03
 2.47210000e+00,        +1.414213562373e-01,        +2.824362594388e-01,        +1.856776388110e-03
 2.47212500e+00,        +1.414213562373e-01,        +2.824368672783e-01,        +1.854261688831e-03
 2.47215000e+00,        +1.414213562373e-01,        +2.824374737209e-01,        +1.851748062203e-03
 2.47217500e+00,        +1.414213562373e-01,        +2.824380787707e-01,        +1.849235506262e-03
 2.47220000e+00,        +1.414213562373e-01,        +2.824386824319e-01,        +1.846724019047e-03
 2.47222500e+00,        +1.414213562373e-01,        +2.824392847084e-01,        +1.844213598599e-03
 2.47225000e+00,        +1.414213562373e-01,        +2.824398856045e-01,        +1.841704242962e-03
 2.47227500e+00,        +1.414213562373e-01,        +2.824404851241e-01,        +1.839195950180e-03
 2.47230000e+00,        +1.414213562373e-01,        +2.824410832712e-01,        +1.836688718303e-03
 2.47232500e+00,        +1.414213562373e-01,        +2.824416800499e-01,        +1.834182545381e-03
 2.47235000e+00,        +1.414213562373e-01,        +2.824422754643e-01,        +1.831677429465e-03
 2.47237500e+00,        +1.414213562373e-01,        +2.824428695182e-01,        +1.829173368610e-03
 2.47240000e+00,        +1.414213562373e-01,        +2.824434622157e-01,        +1.826670360874e-03
 2.47242500e+00,        +1.414213562373e-01,        +2.824440535607e-01,        +1.824168404316e-03
 2.47245000e+00,        +1.414213562373e-01,        +2.824446435573e-01,        +1.821667496998e-03
 2.47247500e+00,        +1.414213562373e-01,        +2.824452322092e-01,        +1.819167636983e-03
 2.47250000e+00,        +1.414213562373e-01,        +2.824458195205e-01,        +1.816668822338e-03
 2.47252500e+00,        +1.414213562373e-01,        +2.824464054951e-01,        +1.814171051132e-03
 2.47255000e+00,        +1.414213562373e-01,        +2.824469901369e-01,        +1.811674321435e-03
 2.47257500e+00,        +1.414213562373e-01,        +2.824475734497e-01,        +1.809178631321e-03
 2.47260000e+00,        +1.414213562373e-01,        +2.824481554374e-01,        +1.806683978866e-03
 2.47262500e+00,        +1.414213562373e-01,        +2.824487361039e-01,        +1.804190362147e-03
 2.47265000e+00,        +1.414213562373e-01,        +2.824493154530e-01,        +1.801697779245e-03
 2.47267500e+00,        +1.414213562373e-01,        +2.824498934885e-01,        +1.799206228243e-03
 2.47270000e+00,        +1.414213562373e-01,        +2.824504702142e-01,        +1.796715707225e-03
 2.47272500e+00,        +1.414213562373e-01,        +2.824510456341e-01,        +1.794226214279e-03
 2.47275000e+00,        +1.414213562373e-01,        +2.824516197517e-01,        +1.791737747496e-03
 2.47277500e+00,        +1.414213562373e-01,        +2.824521925709e-01,        +1.789250304967e-03
 2.47280000e+00,        +1.414213562373e-01,        +2.824527640955e-01,        +1.786763884787e-03
 2.47282500e+00,        +1.414213562373e-01,        +2.824533343293e-01,        +1.784278485053e-03
 2.47285000e+00,        +1.414213562373e-01,        +2.824539032758e-01,        +1.781794103864e-03
 2.47287500e+00,        +1.414213562373e-01,        +2.824544709389e-01,        +1.779310739323e-03
 2.47290000e+00,        +1.414213562373e-01,        +2.824550373223e-01,        +1.776828389533e-03
 2.47292500e+00,        +1.414213562373e-01,        +2.824556024296e-01,        +1.774347052602e-03
 2.47295000e+00,        +1.414213562373e-01,        +2.824561662646e-01,        +1.771866726637e-03
 2.47297500e+00,        +1.414213562373e-01,        +2.824567288309e-01,        +1.769387409752e-03
 2.47300000e+00,        +1.414213562373e-01,        +2.824572901321e-01,        +1.766909100060e-03
 2.47302500e+00,        +1.414213562373e-01,        +2.824578501719e-01,        +1.764431795676e-03
 2.47305000e+00,        +1.414213562373e-01,        +2.824584089540e-01,        +1.761955494721e-03
 2.47307500e+00,        +1.414213562373e-01,        +2.824589664819e-01,        +1.759480195315e-03
 2.47310000e+00,        +1.414213562373e-01,        +2.824595227592e-01,        +1.757005895582e-03
 2.47312500e+00,        +1.414213562373e-01,        +2.824600777895e-01,        +1.754532593649e-03
 2.47315000e+00,        +1.414213562373e-01,        +2.824606315765e-01,        +1.752060287643e-03
 2.47317500e+00,        +1.414213562373e-01,        +2.824611841236e-01,        +1.749588975696e-03
 2.47320000e+00,        +1.414213562373e-01,        +2.824617354344e-01,        +1.747118655942e-03
 2.47322500e+00,        +1.414213562373e-01,        +2.824622855125e-01,        +1.744649326516e-03
 2.47325000e+00,        +1.414213562373e-01,        +2.824628343614e-01,        +1.742180985557e-03
 2.47327500e+00,        +1.414213562373e-01,        +2.824633819846e-01,        +1.739713631206e-03
 2.47330000e+00,        +1.414213562373e-01,        +2.824639283855e-01,        +1.737247261606e-03
 2.47332500e+00,        +1.414213562373e-01,        +2.824644735678e-01,        +1.734781874904e-03
 2.47335000e+00,        +1.414213562373e-01,        +2.824650175348e-01,        +1.732317469247e-03
 2.47337500e+00,        +1.414213562373e-01,        +2.824655602901e-01,        +1.729854042787e-03
 2.47340000e+00,        +1.414213562373e-01,        +2.824661018370e-01,        +1.727391593677e-03
 2.47342500e+00,        +1.414213562373e-01,        +2.824666421790e-01,        +1.724930120073e-03
 2.47345000e+00,        +1.414213562373e-01,        +2.824671813196e-01,        +1.722469620133e-03
 2.47347500e+00,        +1.414213562373e-01,        +2.824677192621e-01,        +1.720010092018e-03
 2.47350000e+00,        +1.414213562373e-01,        +2.824682560100e-01,        +1.717551533892e-03
 2.47352500e+00,        +1.414213562373e-01,        +2.824687915667e-01,        +1.715093943920e-03
 2.47355000e+00,        +1.414213562373e-01,        +2.824693259355e-01,        +1.712637320270e-03
 2.47357500e+00,        +1.414213562373e-01,        +2.824698591198e-01,        +1.710181661114e-03
 2.47360000e+00,        +1.414213562373e-01,        +2.824703911230e-01,        +1.707726964625e-03
 2.47362500e+00,        +1.414213562373e-01,        +2.824709219483e-01,        +1.705273228980e-03
 2.47365000e+00,        +1.414213562373e-01,        +2.824714515992e-01,        +1.702820452355e-03
 2.47367500e+00,        +1.414213562373e-01,        +2.824719800790e-01,        +1.700368632933e-03
 2.47370000e+00,        +1.414213562373e-01,        +2.824725073909e-01,        +1.697917768896e-03
 2.47372500e+00,        +1.414213562373e-01,        +2.824730335383e-01,        +1.695467858431e-03
 2.47375000e+00,        +1.414213562373e-01,        +2.824735585245e-01,        +1.693018899727e-03
 2.47377500e+00,        +1.414213562373e-01,        +2.824740823527e-01,        +1.690570890974e-03
 2.47380000e+00,        +1.414213562373e-01,        +2.824746050262e-01,        +1.688123830366e-03
 2.47382500e+00,        +1.414213562373e-01,        +2.824751265482e-01,        +1.685677716099e-03
 2.47385000e+00,        +1.414213562373e-01,        +2.824756469220e-01,        +1.683232546372e-03
 2.47387500e+00,        +1.414213562373e-01,        +2.824761661508e-01,        +1.680788319385e-03
 2.47390000e+00,        +1.414213562373e-01,        +2.824766842378e-01,        +1.678345033344e-03
 2.47392500e+00,        +1.414213562373e-01,        +2.824772011863e-01,        +1.675902686453e-03
 2.47395000e+00,        +1.414213562373e-01,        +2.824777169994e-01,        +1.673461276922e-03
 2.47397500e+00,        +1.414213562373e-01,        +2.824782316803e-01,        +1.671020802962e-03
 2.47400000e+00,        +1.414213562373e-01,        +2.824787452323e-01,        +1.668581262787e-03
 2.47402500e+00,        +1.414213562373e-01,        +2.824792576583e-01,        +1.666142654613e-03
 2.47405000e+00,        +1.414213562373e-01,        +2.824797689617e-01,        +1.663704976660e-03
 2.47407500e+00,        +1.414213562373e-01,        +2.824802791456e-01,        +1.661268227148e-03
 2.47410000e+00,        +1.414213562373e-01,        +2.824807882130e-01,        +1.658832404303e-03
 2.47412500e+00,        +1.414213562373e-01,        +2.824812961671e-01,        +1.656397506350e-03
 2.47415000e+00,        +1.414213562373e-01,        +2.824818030110e-01,        +1.653963531519e-03
 2.47417500e+00,        +1.414213562373e-01,        +2.824823087478e-01,        +1.651530478042e-03
 2.47420000e+00,        +1.414213562373e-01,        +2.824828133806e-01,        +1.649098344152e-03
 2.47422500e+00,        +1.414213562373e-01,        +2.824833169125e-01,        +1.646667128087e-03
 2.47425000e+00,        +1.414213562373e-01,        +2.824838193465e-01,        +1.644236828086e-03
 2.47427500e+00,        +1.414213562373e-01,        +2.824843206857e-01,        +1.641807442390e-03
 2.47430000e+00,        +1.414213562373e-01,        +2.824848209331e-01,        +1.639378969246e-03
 2.47432500e+00,        +1.414213562373e-01,        +2.824853200918e-01,        +1.636951406899e-03
 2.47435000e+00,        +1.414213562373e-01,        +2.824858181648e-01,        +1.634524753599e-03
 2.47437500e+00,        +1.414213562373e-01,        +2.824863151550e-01,        +1.632099007598e-03
 2.47440000e+00,        +1.414213562373e-01,        +2.824868110656e-01,        +1.629674167152e-03
 2.47442500e+00,        +1.414213562373e-01,        +2.824873058995e-01,        +1.627250230516e-03
 2.47445000e+00,        +1.414213562373e-01,        +2.824877996596e-01,        +1.624827195952e-03
 2.47447500e+00,        +1.414213562373e-01,        +2.824882923490e-01,        +1.622405061722e-03
 2.47450000e+00,        +1.414213562373e-01,        +2.824887839707e-01,        +1.619983826090e-03
 2.47452500e+00,        +1.414213562373e-01,        +2.824892745274e-01,        +1.617563487325e-03
 2.47455000e+00,        +1.414213562373e-01,        +2.824897640223e-01,        +1.615144043695e-03
 2.47457500e+00,        +1.414213562373e-01,        +2.824902524582e-01,        +1.612725493475e-03
 2.47460000e+00,        +1.414213562373e-01,        +2.824907398381e-01,        +1.610307834938e-03
 2.47462500e+00,        +1.414213562373e-01,        +2.824912261648e-01,        +1.607891066364e-03
 2.47465000e+00,        +1.414213562373e-01,        +2.824917114413e-01,        +1.605475186032e-03
 2.47467500e+00,        +1.414213562373e-01,        +2.824921956705e-01,        +1.603060192224e-03
 2.47470000e+00,        +1.414213562373e-01,        +2.824926788552e-01,        +1.600646083228e-03
 2.47472500e+00,        +1.414213562373e-01,        +2.824931609983e-01,        +1.598232857330e-03
 2.47475000e+00,        +1.414213562373e-01,        +2.824936421027e-01,        +1.595820512821e-03
 2.47477500e+00,        +1.414213562373e-01,        +2.824941221712e-01,        +1.593409047995e-03
 2.47480000e+00,        +1.414213562373e-01,        +2.824946012067e-01,        +1.590998461147e-03
 2.47482500e+00,        +1.414213562373e-01,        +2.824950792120e-01,        +1.588588750575e-03
 2.47485000e+00,        +1.414213562373e-01,        +2.824955561899e-01,        +1.586179914580e-03
 2.47487500e+00,        +1.414213562373e-01,        +2.824960321432e-01,        +1.583771951466e-03
 2.47490000e+00,        +1.414213562373e-01,        +2.824965070748e-01,        +1.581364859538e-03
 2.47492500e+00,        +1.414213562373e-01,        +2.824969809874e-01,        +1.578958637106e-03
 2.47495000e+00,        +1.414213562373e-01,        +2.824974538838e-01,        +1.576553282479e-03
 2.47497500e+00,        +1.414213562373e-01,        +2.824979257669e-01,        +1.574148793972e-03
 2.47500000e+00,        +1.414213562373e-01,        +2.824983966393e-01,        +1.571745169901e-03
 2.47502500e+00,        +1.414213562373e-01,        +2.824988665038e-01,        +1.569342408585e-03
 2.47505000e+00,        +1.414213562373e-01,        +2.824993353631e-01,        +1.566940508344e-03
 2.47507500e+00,        +1.414213562373e-01,        +2.824998032201e-01,        +1.564539467503e-03
 2.47510000e+00,        +1.414213562373e-01,        +2.825002700774e-01,        +1.562139284389e-03
 2.47512500e+00,        +1.414213562373e-01,        +2.825007359377e-01,        +1.559739957329e-03
 2.47515000e+00,        +1.414213562373e-01,        +2.825012008038e-01,        +1.557341484656e-03
 2.47517500e+00,        +1.414213562373e-01,        +2.825016646784e-01,        +1.554943864704e-03
 2.47520000e+00,        +1.414213562373e-01,        +2.825021275641e-01,        +1.552547095809e-03
 2.47522500e+00,        +1.414213562373e-01,        +2.825025894637e-01,        +1.550151176311e-03
 2.47525000e+00,        +1.414213562373e-01,        +2.825030503797e-01,        +1.547756104550e-03
 2.47527500e+00,        +1.414213562373e-01,        +2.825035103149e-01,        +1.545361878872e-03
 2.47530000e+00,        +1.414213562373e-01,        +2.825039692720e-01,        +1.542968497624e-03
 2.47532500e+00,        +1.414213562373e-01,        +2.825044272535e-01,        +1.540575959154e-03
 2.47535000e+00,        +1.414213562373e-01,        +2.825048842621e-01,        +1.538184261814e-03
 2.47537500e+00,        +1.414213562373e-01,        +2.825053403005e-01,        +1.535793403959e-03
 2.47540000e+00,        +1.414213562373e-01,        +2.825057953712e-01,        +1.533403383946e-03
 2.47542500e+00,        +1.414213562373e-01,        +2.825062494769e-01,        +1.531014200135e-03
 2.47545000e+00,        +1.414213562373e-01,        +2.825067026201e-01,        +1.528625850887e-03
 2.47547500e+00,        +1.414213562373e-01,        +2.825071548035e-01,        +1.526238334567e-03
 2.47550000e+00,        +1.414213562373e-01,        +2.825076060297e-01,        +1.523851649543e-03
 2.47552500e+00,        +1.414213562373e-01,        +2.825080563012e-01,        +1.521465794183e-03
 2.47555000e+00,        +1.414213562373e-01,        +2.825085056206e-01,        +1.519080766860e-03
 2.47557500e+00,        +1.414213562373e-01,        +2.825089539904e-01,        +1.516696565950e-03
 2.47560000e+00,        +1.414213562373e-01,        +2.825094014133e-01,        +1.514313189828e-03
 2.47562500e+00,        +1.414213562373e-01,        +2.825098478917e-01,        +1.511930636875e-03
 2.47565000e+00,        +1.414213562373e-01,        +2.825102934281e-01,        +1.509548905474e-03
 2.47567500e+00,        +1.414213562373e-01,        +2.825107380252e-01,        +1.507167994009e-03
 2.47570000e+00,        +1.414213562373e-01,        +2.825111816854e-01,        +1.504787900868e-03
 2.47572500e+00,        +1.414213562373e-01,        +2.825116244112e-01,        +1.502408624440e-03
 2.47575000e+00,        +1.414213562373e-01,        +2.825120662051e-01,        +1.500030163117e-03
 2.47577500e+00,        +1.414213562373e-01,        +2.825125070696e-01,        +1.497652515296e-03
 2.47580000e+00,        +1.414213562373e-01,        +2.825129470073e-01,        +1.495275679373e-03
 2.47582500e+00,        +1.414213562373e-01,        +2.825133860205e-01,        +1.492899653749e-03
 2.47585000e+00,        +1.414213562373e-01,        +2.825138241117e-01,        +1.490524436825e-03
 2.47587500e+00,        +1.414213562373e-01,        +2.825142612835e-01,        +1.488150027007e-03
 2.47590000e+00,        +1.414213562373e-01,        +2.825146975382e-01,        +1.485776422703e-03
 2.47592500e+00,        +1.414213562373e-01,        +2.825151328782e-01,        +1.483403622322e-03
 2.47595000e+00,        +1.414213562373e-01,        +2.825155673061e-01,        +1.481031624277e-03
 2.47597500e+00,        +1.414213562373e-01,        +2.825160008243e-01,        +1.478660426983e-03
 2.47600000e+00,        +1.414213562373e-01,        +2.825164334351e-01,        +1.476290028858e-03
 2.47602500e+00,        +1.414213562373e-01,        +2.825168651410e-01,        +1.473920428322e-03
 2.47605000e+00,        +1.414213562373e-01,        +2.825172959443e-01,        +1.471551623797e-03
 2.47607500e+00,        +1.414213562373e-01,        +2.825177258475e-01,        +1.469183613708e-03
 2.47610000e+00,        +1.414213562373e-01,        +2.825181548530e-01,        +1.466816396484e-03
 2.47612500e+00,        +1.414213562373e-01,        +2.825185829631e-01,        +1.464449970553e-03
 2.47615000e+00,        +1.414213562373e-01,        +2.825190101802e-01,        +1.462084334349e-03
 2.47617500e+00,        +1.414213562373e-01,        +2.825194365067e-01,        +1.459719486307e-03
 2.47620000e+00,        +1.414213562373e-01,        +2.825198619449e-01,        +1.457355424863e-03
 2.47622500e+00,        +1.414213562373e-01,        +2.825202864971e-01,        +1.454992148459e-03
 2.47625000e+00,        +1.414213562373e-01,        +2.825207101657e-01,        +1.452629655537e-03
 2.47627500e+00,        +1.414213562373e-01,        +2.825211329531e-01,        +1.450267944542e-03
 2.47630000e+00,        +1.414213562373e-01,        +2.825215548615e-01,        +1.447907013920e-03
 2.47632500e+00,        +1.414213562373e-01,        +2.825219758933e-01,        +1.445546862123e-03
 2.47635000e+00,        +1.414213562373e-01,        +2.825223960508e-01,        +1.443187487602e-03
 2.47637500e+00,        +1.414213562373e-01,        +2.825228153363e-01,        +1.440828888813e-03
 2.47640000e+00,        +1.414213562373e-01,        +2.825232337520e-01,        +1.438471064213e-03
 2.47642500e+00,        +1.414213562373e-01,        +2.825236513002e-01,        +1.436114012261e-03
 2.47645000e+00,        +1.414213562373e-01,        +2.825240679833e-01,        +1.433757731420e-03
 2.47647500e+00,        +1.414213562373e-01,        +2.825244838036e-01,        +1.431402220155e-03
 2.47650000e+00,        +1.414213562373e-01,        +2.825248987631e-01,        +1.429047476933e-03
 2.47652500e+00,        +1.414213562373e-01,        +2.825253128643e-01,        +1.426693500224e-03
 2.47655000e+00,        +1.414213562373e-01,        +2.825257261094e-01,        +1.424340288499e-03
 2.47657500e+00,        +1.414213562373e-01,        +2.825261385005e-01,        +1.421987840234e-03
 2.47660000e+00,        +1.414213562373e-01,        +2.825265500400e-01,        +1.419636153905e-03
 2.47662500e+00,        +1.414213562373e-01,        +2.825269607301e-01,        +1.417285227992e-03
 2.47665000e+00,        +1.414213562373e-01,        +2.825273705729e-01,        +1.414935060977e-03
 2.47667500e+00,        +1.414213562373e-01,        +2.825277795708e-01,        +1.412585651345e-03
 2.47670000e+00,        +1.414213562373e-01,        +2.825281877258e-01,        +1.410236997581e-03
 2.47672500e+00,        +1.414213562373e-01,        +2.825285950402e-01,        +1.407889098176e-03
 2.47675000e+00,        +1.414213562373e-01,        +2.825290015162e-01,        +1.405541951622e-03
 2.47677500e+00,        +1.414213562373e-01,        +2.825294071560e-01,        +1.403195556411e-03
 2.47680000e+00,        +1.414213562373e-01,        +2.825298119618e-01,        +1.400849911041e-03
 2.47682500e+00,        +1.414213562373e-01,        +2.825302159356e-01,        +1.398505014012e-03
 2.47685000e+00,        +1.414213562373e-01,        +2.825306190797e-01,        +1.396160863823e-03
 2.47687500e+00,        +1.414213562373e-01,        +2.825310213962e-01,        +1.393817458980e-03
 2.47690000e+00,        +1.414213562373e-01,        +2.825314228873e-01,        +1.391474797988e-03
 2.47692500e+00,        +1.414213562373e-01,        +2.825318235551e-01,        +1.389132879356e-03
 2.47695000e+00,        +1.414213562373e-01,        +2.825322234018e-01,        +1.386791701596e-03
 2.47697500e+00,        +1.414213562373e-01,        +2.825326224294e-01,        +1.384451263220e-03
 2.47700000e+00,        +1.414213562373e-01,        +2.825330206401e-01,        +1.382111562745e-03
 2.47702500e+00,        +1.414213562373e-01,        +2.825334180360e-01,        +1.379772598689e-03
 2.47705000e+00,        +1.414213562373e-01,        +2.825338146192e-01,        +1.377434369573e-03
 2.47707500e+00,        +1.414213562373e-01,        +2.825342103918e-01,        +1.375096873920e-03
 2.47710000e+00,        +1.414213562373e-01,        +2.825346053559e-01,        +1.372760110255e-03
 2.47712500e+00,        +1.414213562373e-01,        +2.825349995136e-01,        +1.370424077107e-03
 2.47715000e+00,        +1.414213562373e-01,        +2.825353928670e-01,        +1.368088773005e-03
 2.47717500e+00,        +1.414213562373e-01,        +2.825357854180e-01,        +1.365754196484e-03
 2.47720000e+00,        +1.414213562373e-01,        +2.825361771689e-01,        +1.363420346077e-03
 2.47722500e+00,        +1.414213562373e-01,        +2.825365681216e-01,        +1.361087220322e-03
 2.47725000e+00,        +1.414213562373e-01,        +2.825369582782e-01,        +1.358754817759e-03
 2.47727500e+00,        +1.414213562373e-01,        +2.825373476408e-01,        +1.356423136930e-03
 2.47730000e+00,        +1.414213562373e-01,        +2.825377362114e-01,        +1.354092176380e-03
 2.47732500e+00,        +1.414213562373e-01,        +2.825381239920e-01,        +1.351761934657e-03
 2.47735000e+00,        +1.414213562373e-01,        +2.825385109846e-01,        +1.349432410308e-03
 2.47737500e+00,        +1.414213562373e-01,        +2.825388971913e-01,        +1.347103601887e-03
 2.47740000e+00,        +1.414213562373e-01,        +2.825392826140e-01,        +1.344775507947e-03
 2.47742500e+00,        +1.414213562373e-01,        +2.825396672548e-01,        +1.342448127045e-03
 2.47745000e+00,        +1.414213562373e-01,        +2.825400511157e-01,        +1.340121457739e-03
 2.47747500e+00,        +1.414213562373e-01,        +2.825404341987e-01,        +1.337795498591e-03
 2.47750000e+00,        +1.414213562373e-01,        +2.825408165057e-01,        +1.335470248165e-03
 2.47752500e+00,        +1.414213562373e-01,        +2.825411980388e-01,        +1.333145705025e-03
 2.47755000e+00,        +1.414213562373e-01,        +2.825415787999e-01,        +1.330821867741e-03
 2.47757500e+00,        +1.414213562373e-01,        +2.825419587909e-01,        +1.328498734883e-03
 2.47760000e+00,        +1.414213562373e-01,        +2.825423380139e-01,        +1.326176305024e-03
 2.47762500e+00,        +1.414213562373e-01,        +2.825427164708e-01,        +1.323854576739e-03
 2.47765000e+00,        +1.414213562373e-01,        +2.825430941635e-01,        +1.321533548606e-03
 2.47767500e+00,        +1.414213562373e-01,        +2.825434710940e-01,        +1.319213219205e-03
 2.47770000e+00,        +1.414213562373e-01,        +2.825438472642e-01,        +1.316893587118e-03
 2.47772500e+00,        +1.414213562373e-01,        +2.825442226760e-01,        +1.314574650929e-03
 2.47775000e+00,        +1.414213562373e-01,        +2.825445973314e-01,        +1.312256409225e-03
 2.47777500e+00,        +1.414213562373e-01,        +2.825449712323e-01,        +1.309938860597e-03
 2.47780000e+00,        +1.414213562373e-01,        +2.825453443806e-01,        +1.307622003634e-03
 2.47782500e+00,        +1.414213562373e-01,        +2.825457167782e-01,        +1.305305836932e-03
 2.47785000e+00,        +1.414213562373e-01,        +2.825460884270e-01,        +1.302990359086e-03
 2.47787500e+00,        +1.414213562373e-01,        +2.825464593289e-01,        +1.300675568694e-03
 2.47790000e+00,        +1.414213562373e-01,        +2.825468294858e-01,        +1.298361464358e-03
 2.47792500e+00,        +1.414213562373e-01,        +2.825471988995e-01,        +1.296048044681e-03
 2.47795000e+00,        +1.414213562373e-01,        +2.825475675720e-01,        +1.293735308267e-03
 2.47797500e+00,        +1.414213562373e-01,        +2.825479355051e-01,        +1.291423253725e-03
 2.47800000e+00,        +1.414213562373e-01,        +2.825483027006e-01,        +1.289111879665e-03
 2.47802500e+00,        +1.414213562373e-01,        +2.825486691605e-01,        +1.286801184698e-03
 2.47805000e+00,        +1.414213562373e-01,        +2.825490348865e-01,        +1.284491167439e-03
 2.47807500e+00,        +1.414213562373e-01,        +2.825493998805e-01,        +1.282181826506e-03
 2.47810000e+00,        +1.414213562373e-01,        +2.825497641444e-01,        +1.279873160516e-03
 2.47812500e+00,        +1.414213562373e-01,        +2.825501276800e-01,        +1.277565168093e-03
 2.47815000e+00,        +1.414213562373e-01,        +2.825504904891e-01,        +1.275257847858e-03
 2.47817500e+00,        +1.414213562373e-01,        +2.825508525736e-01,        +1.272951198438e-03
 2.47820000e+00,        +1.414213562373e-01,        +2.825512139352e-01,        +1.270645218461e-03
 2.47822500e+00,        +1.414213562373e-01,        +2.825515745758e-01,        +1.268339906558e-03
 2.47825000e+00,        +1.414213562373e-01,        +2.825519344971e-01,        +1.266035261360e-03
 2.47827500e+00,        +1.414213562373e-01,        +2.825522937010e-01,        +1.263731281504e-03
 2.47830000e+00,        +1.414213562373e-01,        +2.825526521893e-01,        +1.261427965627e-03
 2.47832500e+00,        +1.414213562373e-01,        +2.825530099637e-01,        +1.259125312367e-03
 2.47835000e+00,        +1.414213562373e-01,        +2.825533670261e-01,        +1.256823320366e-03
 2.47837500e+00,        +1.414213562373e-01,        +2.825537233781e-01,        +1.254521988269e-03
 2.47840000e+00,        +1.414213562373e-01,        +2.825540790217e-01,        +1.252221314720e-03
 2.47842500e+00,        +1.414213562373e-01,        +2.825544339585e-01,        +1.249921298370e-03
 2.47845000e+00,        +1.414213562373e-01,        +2.825547881902e-01,        +1.247621937868e-03
 2.47847500e+00,        +1.414213562373e-01,        +2.825551417188e-01,        +1.245323231867e-03
 2.47850000e+00,        +1.414213562373e-01,        +2.825554945458e-01,        +1.243025179023e-03
 2.47852500e+00,        +1.414213562373e-01,        +2.825558466731e-01,        +1.240727777992e-03
 2.47855000e+00,        +1.414213562373e-01,        +2.825561981024e-01,        +1.238431027434e-03
 2.47857500e+00,        +1.414213562373e-01,        +2.825565488354e-01,        +1.236134926011e-03
 2.47860000e+00,        +1.414213562373e-01,        +2.825568988738e-01,        +1.233839472386e-03
 2.47862500e+00,        +1.414213562373e-01,        +2.825572482194e-01,        +1.231544665226e-03
 2.47865000e+00,        +1.414213562373e-01,        +2.825575968739e-01,        +1.229250503200e-03
 2.47867500e+00,        +1.414213562373e-01,        +2.825579448389e-01,        +1.226956984977e-03
 2.47870000e+00,        +1.414213562373e-01,        +2.825582921163e-01,        +1.224664109230e-03
 2.47872500e+00,        +1.414213562373e-01,        +2.825586387076e-01,        +1.222371874634e-03
 2.47875000e+00,        +1.414213562373e-01,        +2.825589846147e-01,        +1.220080279867e-03
 2.47877500e+00,        +1.414213562373e-01,        +2.825593298391e-01,        +1.217789323608e-03
 2.47880000e+00,        +1.414213562373e-01,        +2.825596743826e-01,        +1.215499004538e-03
 2.47882500e+00,        +1.414213562373e-01,        +2.825600182468e-01,        +1.213209321340e-03
 2.47885000e+00,        +1.414213562373e-01,        +2.825603614334e-01,        +1.210920272701e-03
 2.47887500e+00,        +1.414213562373e-01,        +2.825607039441e-01,        +1.208631857309e-03
 2.47890000e+00,        +1.414213562373e-01,        +2.825610457805e-01,        +1.206344073853e-03
 2.47892500e+00,        +1.414213562373e-01,        +2.825613869444e-01,        +1.204056921027e-03
 2.47895000e+00,        +1.414213562373e-01,        +2.825617274373e-01,        +1.201770397524e-03
 2.47897500e+00,        +1.414213562373e-01,        +2.825620672608e-01,        +1.199484502042e-03
 2.47900000e+00,        +1.414213562373e-01,        +2.825624064168e-01,        +1.197199233279e-03
 2.47902500e+00,        +1.414213562373e-01,        +2.825627449067e-01,        +1.194914589936e-03
 2.47905000e+00,        +1.414213562373e-01,        +2.825630827322e-01,        +1.192630570715e-03
 2.47907500e+00,        +1.414213562373e-01,        +2.825634198949e-01,        +1.190347174324e-03
 2.47910000e+00,        +1.414213562373e-01,        +2.825637563965e-01,        +1.188064399468e-03
 2.47912500e+00,        +1.414213562373e-01,        +2.825640922386e-01,        +1.185782244858e-03
 2.47915000e+00,        +1.414213562373e-01,        +2.825644274227e-01,        +1.183500709205e-03
 2.47917500e+00,        +1.414213562373e-01,        +2.825647619506e-01,        +1.181219791222e-03
 2.47920000e+00,        +1.414213562373e-01,        +2.825650958237e-01,        +1.178939489627e-03
 2.47922500e+00,        +1.414213562373e-01,        +2.825654290437e-01,        +1.176659803136e-03
 2.47925000e+00,        +1.414213562373e-01,        +2.825657616123e-01,        +1.174380730470e-03
 2.47927500e+00,        +1.414213562373e-01,        +2.825660935308e-01,        +1.172102270352e-03
 2.47930000e+00,        +1.414213562373e-01,        +2.825664248010e-01,        +1.169824421506e-03
 2.47932500e+00,        +1.414213562373e-01,        +2.825667554245e-01,        +1.167547182657e-03
 2.47935000e+00,        +1.414213562373e-01,        +2.825670854027e-01,        +1.165270552536e-03
 2.47937500e+00,        +1.414213562373e-01,        +2.825674147374e-01,        +1.162994529872e-03
 2.47940000e+00,        +1.414213562373e-01,        +2.825677434299e-01,        +1.160719113399e-03
 2.47942500e+00,        +1.414213562373e-01,        +2.825680714819e-01,        +1.158444301850e-03
 2.47945000e+00,        +1.414213562373e-01,        +2.825683988950e-01,        +1.156170093965e-03
 2.47947500e+00,        +1.414213562373e-01,        +2.825687256706e-01,        +1.153896488481e-03
 2.47950000e+00,        +1.414213562373e-01,        +2.825690518104e-01,        +1.151623484139e-03
 2.47952500e+00,        +1.414213562373e-01,        +2.825693773158e-01,        +1.149351079683e-03
 2.47955000e+00,        +1.414213562373e-01,        +2.825697021885e-01,        +1.147079273859e-03
 2.47957500e+00,        +1.414213562373e-01,        +2.825700264298e-01,        +1.144808065413e-03
 2.47960000e+00,        +1.414213562373e-01,        +2.825703500414e-01,        +1.142537453096e-03
 2.47962500e+00,        +1.414213562373e-01,        +2.825706730248e-01,        +1.140267435658e-03
 2.47965000e+00,        +1.414213562373e-01,        +2.825709953815e-01,        +1.137998011853e-03
 2.47967500e+00,        +1.414213562373e-01,        +2.825713171130e-01,        +1.135729180438e-03
 2.47970000e+00,        +1.414213562373e-01,        +2.825716382208e-01,        +1.133460940170e-03
 2.47972500e+00,        +1.414213562373e-01,        +2.825719587063e-01,        +1.131193289808e-03
 2.47975000e+00,        +1.414213562373e-01,        +2.825722785712e-01,        +1.128926228114e-03
 2.47977500e+00,        +1.414213562373e-01,        +2.825725978169e-01,        +1.126659753853e-03
 2.47980000e+00,        +1.414213562373e-01,        +2.825729164448e-01,        +1.124393865790e-03
 2.47982500e+00,        +1.414213562373e-01,        +2.825732344565e-01,        +1.122128562693e-03
 2.47985000e+00,        +1.414213562373e-01,        +2.825735518535e-01,        +1.119863843333e-03
 2.47987500e+00,        +1.414213562373e-01,        +2.825738686372e-01,        +1.117599706481e-03
 2.47990000e+00,        +1.414213562373e-01,        +2.825741848090e-01,        +1.115336150911e-03
 2.47992500e+00,        +1.414213562373e-01,        +2.825745003705e-01,        +1.113073175400e-03
 2.47995000e+00,        +1.414213562373e-01,        +2.825748153231e-01,        +1.110810778725e-03
 2.47997500e+00,        +1.414213562373e-01,        +2.825751296682e-01,        +1.108548959667e-03
 2.48000000e+00,        +1.414213562373e-01,        +2.825754434074e-01,        +1.106287717007e-03
 2.48002500e+00,        +1.414213562373e-01,        +2.825757565420e-01,        +1.104027049531e-03
 2.48005000e+00,        +1.414213562373e-01,        +2.825760690736e-01,        +1.101766956024e-03
 2.48007500e+00,        +1.414213562373e-01,        +2.825763810034e-01,        +1.099507435274e-03
 2.48010000e+00,        +1.414213562373e-01,        +2.825766923331e-01,        +1.097248486072e-03
 2.48012500e+00,        +1.414213562373e-01,        +2.825770030639e-01,        +1.094990107210e-03
 2.48015000e+00,        +1.414213562373e-01,        +2.825773131974e-01,        +1.092732297481e-03
 2.48017500e+00,        +1.414213562373e-01,        +2.825776227349e-01,        +1.090475055683e-03
 2.48020000e+00,        +1.414213562373e-01,        +2.825779316779e-01,        +1.088218380612e-03
 2.48022500e+00,        +1.414213562373e-01,        +2.825782400277e-01,        +1.085962271070e-03
 2.48025000e+00,        +1.414213562373e-01,        +2.825785477859e-01,        +1.083706725858e-03
 2.48027500e+00,        +1.414213562373e-01,        +2.825788549537e-01,        +1.081451743781e-03
 2.48030000e+00,        +1.414213562373e-01,        +2.825791615326e-01,        +1.079197323644e-03
 2.48032500e+00,        +1.414213562373e-01,        +2.825794675240e-01,        +1.076943464255e-03
 2.48035000e+00,        +1.414213562373e-01,        +2.825797729293e-01,        +1.074690164425e-03
 2.48037500e+00,        +1.414213562373e-01,        +2.825800777498e-01,        +1.072437422966e-03
 2.48040000e+00,        +1.414213562373e-01,        +2.825803819869e-01,        +1.070185238691e-03
 2.48042500e+00,        +1.414213562373e-01,        +2.825806856421e-01,        +1.067933610416e-03
 2.48045000e+00,        +1.414213562373e-01,        +2.825809887166e-01,        +1.065682536958e-03
 2.48047500e+00,        +1.414213562373e-01,        +2.825812912120e-01,        +1.063432017139e-03
 2.48050000e+00,        +1.414213562373e-01,        +2.825815931294e-01,        +1.061182049779e-03
 2.48052500e+00,        +1.414213562373e-01,        +2.825818944703e-01,        +1.058932633702e-03
 2.48055000e+00,        +1.414213562373e-01,        +2.825821952361e-01,        +1.056683767734e-03
 2.48057500e+00,        +1.414213562373e-01,        +2.825824954281e-01,        +1.054435450701e-03
 2.48060000e+00,        +1.414213562373e-01,        +2.825827950476e-01,        +1.052187681434e-03
 2.48062500e+00,        +1.414213562373e-01,        +2.825830940960e-01,        +1.049940458764e-03
 2.48065000e+00,        +1.414213562373e-01,        +2.825833925747e-01,        +1.047693781525e-03
 2.48067500e+00,        +1.414213562373e-01,        +2.825836904849e-01,        +1.045447648550e-03
 2.48070000e+00,        +1.414213562373e-01,        +2.825839878280e-01,        +1.043202058678e-03
 2.48072500e+00,        +1.414213562373e-01,        +2.825842846053e-01,        +1.040957010748e-03
 2.48075000e+00,        +1.414213562373e-01,        +2.825845808182e-01,        +1.038712503600e-03
 2.48077500e+00,        +1.414213562373e-01,        +2.825848764680e-01,        +1.036468536077e-03
 2.48080000e+00,        +1.414213562373e-01,        +2.825851715560e-01,        +1.034225107024e-03
 2.48082500e+00,        +1.414213562373e-01,        +2.825854660835e-01,        +1.031982215288e-03
 2.48085000e+00,        +1.414213562373e-01,        +2.825857600517e-01,        +1.029739859717e-03
 2.48087500e+00,        +1.414213562373e-01,        +2.825860534622e-01,        +1.027498039162e-03
 2.48090000e+00,        +1.414213562373e-01,        +2.825863463160e-01,        +1.025256752474e-03
 2.48092500e+00,        +1.414213562373e-01,        +2.825866386146e-01,        +1.023015998508e-03
 2.48095000e+00,        +1.414213562373e-01,        +2.825869303591e-01,        +1.020775776121e-03
 2.48097500e+00,        +1.414213562373e-01,        +2.825872215510e-01,        +1.018536084170e-03
 2.48100000e+00,        +1.414213562373e-01,        +2.825875121914e-01,        +1.016296921514e-03
 2.48102500e+00,        +1.414213562373e-01,        +2.825878022818e-01,        +1.014058287016e-03
 2.48105000e+00,        +1.414213562373e-01,        +2.825880918233e-01,        +1.011820179539e-03
 2.48107500e+00,        +1.414213562373e-01,        +2.825883808172e-01,        +1.009582597949e-03
 2.48110000e+00,        +1.414213562373e-01,        +2.825886692647e-01,        +1.007345541113e-03
 2.48112500e+00,        +1.414213562373e-01,        +2.825889571673e-01,        +1.005109007899e-03
 2.48115000e+00,        +1.414213562373e-01,        +2.825892445261e-01,        +1.002872997179e-03
 2.48117500e+00,        +1.414213562373e-01,        +2.825895313423e-01,        +1.000637507826e-03
 2.48120000e+00,        +1.414213562373e-01,        +2.825898176173e-01,        +9.984025387150e-04
 2.48122500e+00,        +1.414213562373e-01,        +2.825901033523e-01,        +9.961680887214e-04
 2.48125000e+00,        +1.414213562373e-01,        +2.825903885485e-01,        +9.939341567241e-04
 2.48127500e+00,        +1.414213562373e-01,        +2.825906732072e-01,        +9.917007416032e-04
 2.48130000e+00,        +1.414213562373e-01,        +2.825909573296e-01,        +9.894678422407e-04
 2.48132500e+00,        +1.414213562373e-01,        +2.825912409170e-01,        +9.872354575206e-04
 2.48135000e+00,        +1.414213562373e-01,        +2.825915239706e-01,        +9.850035863285e-04
 2.48137500e+00,        +1.414213562373e-01,        +2.825918064916e-01,        +9.827722275517e-04
 2.48140000e+00,        +1.414213562373e-01,        +2.825920884812e-01,        +9.805413800797e-04
 2.48142500e+00,        +1.414213562373e-01,        +2.825923699407e-01,        +9.783110428037e-04
 2.48145000e+00,        +1.414213562373e-01,        +2.825926508713e-01,        +9.760812146162e-04
 2.48147500e+00,        +1.414213562373e-01,        +2.825929312742e-01,        +9.738518944125e-04
 2.48150000e+00,        +1.414213562373e-01,        +2.825932111506e-01,        +9.716230810887e-04
 2.48152500e+00,        +1.414213562373e-01,        +2.825934905017e-01,        +9.693947735433e-04
 2.48155000e+00,        +1.414213562373e-01,        +2.825937693287e-01,        +9.671669706764e-04
 2.48157500e+00,        +1.414213562373e-01,        +2.825940476329e-01,        +9.649396713900e-04
 2.48160000e+00,        +1.414213562373e-01,        +2.825943254154e-01,        +9.627128745876e-04
 2.48162500e+00,        +1.414213562373e-01,        +2.825946026774e-01,        +9.604865791750e-04
 2.48165000e+00,        +1.414213562373e-01,        +2.825948794201e-01,        +9.582607840591e-04
 2.48167500e+00,        +1.414213562373e-01,        +2.825951556448e-01,        +9.560354881493e-04
 2.48170000e+00,        +1.414213562373e-01,        +2.825954313524e-01,        +9.538106903563e-04
 2.48172500e+00,        +1.414213562373e-01,        +2.825957065444e-01,        +9.515863895926e-04
 2.48175000e+00,        +1.414213562373e-01,        +2.825959812218e-01,        +9.493625847727e-04
 2.48177500e+00,        +1.414213562373e-01,        +2.825962553857e-01,        +9.471392748127e-04
 2.48180000e+00,        +1.414213562373e-01,        +2.825965290375e-01,        +9.449164586305e-04
 2.48182500e+00,        +1.414213562373e-01,        +2.825968021782e-01,        +9.426941351456e-04
 2.48185000e+00,        +1.414213562373e-01,        +2.825970748090e-01,        +9.404723032796e-04
 2.48187500e+00,        +1.414213562373e-01,        +2.825973469310e-01,        +9.382509619556e-04
 2.48190000e+00,        +1.414213562373e-01,        +2.825976185455e-01,        +9.360301100985e-04
 2.48192500e+00,        +1.414213562373e-01,        +2.825978896535e-01,        +9.338097466350e-04
 2.48195000e+00,        +1.414213562373e-01,        +2.825981602563e-01,        +9.315898704934e-04
 2.48197500e+00,        +1.414213562373e-01,        +2.825984303549e-01,        +9.293704806038e-04
 2.48200000e+00,        +1.414213562373e-01,        +2.825986999505e-01,        +9.271515758982e-04
 2.48202500e+00,        +1.414213562373e-01,        +2.825989690443e-01,        +9.249331553100e-04
 2.48205000e+00,        +1.414213562373e-01,        +2.825992376373e-01,        +9.227152177747e-04
 2.48207500e+00,        +1.414213562373e-01,        +2.825995057308e-01,        +9.204977622292e-04
 2.48210000e+00,        +1.414213562373e-01,        +2.825997733257e-01,        +9.182807876123e-04
 2.48212500e+00,        +1.414213562373e-01,        +2.826000404234e-01,        +9.160642928646e-04
 2.48215000e+00,        +1.414213562373e-01,        +2.826003070248e-01,        +9.138482769281e-04
 2.48217500e+00,        +1.414213562373e-01,        +2.826005731312e-01,        +9.116327387469e-04
 2.48220000e+00,        +1.414213562373e-01,        +2.826008387435e-01,        +9.094176772663e-04
 2.48222500e+00,        +1.414213562373e-01,        +2.826011038630e-01,        +9.072030914339e-04
 2.48225000e+00,        +1.414213562373e-01,        +2.826013684908e-01,        +9.049889801986e-04
 2.48227500e+00,        +1.414213562373e-01,        +2.826016326278e-01,        +9.027753425111e-04
 2.48230000e+00,        +1.414213562373e-01,        +2.826018962754e-01,        +9.005621773239e-04
 2.48232500e+00,        +1.414213562373e-01,        +2.826021594344e-01,        +8.983494835908e-04
 2.48235000e+00,        +1.414213562373e-01,        +2.826024221062e-01,        +8.961372602679e-04
 2.48237500e+00,        +1.414213562373e-01,        +2.826026842916e-01,        +8.939255063124e-04
 2.48240000e+00,        +1.414213562373e-01,        +2.826029459919e-01,        +8.917142206836e-04
 2.48242500e+00,        +1.414213562373e-01,        +2.826032072081e-01,        +8.895034023423e-04
 2.48245000e+00,        +1.414213562373e-01,        +2.826034679413e-01,        +8.872930502511e-04
 2.48247500e+00,        +1.414213562373e-01,        +2.826037281926e-01,        +8.850831633737e-04
 2.48250000e+00,        +1.414213562373e-01,        +2.826039879630e-01,        +8.828737406764e-04
 2.48252500e+00,        +1.414213562373e-01,        +2.826042472537e-01,        +8.806647811265e-04
 2.48255000e+00,        +1.414213562373e-01,        +2.826045060657e-01,        +8.784562836930e-04
 2.48257500e+00,        +1.414213562373e-01,        +2.826047644000e-01,        +8.762482473469e-04
 2.48260000e+00,        +1.414213562373e-01,        +2.826050222578e-01,        +8.740406710607e-04
 2.48262500e+00,        +1.414213562373e-01,        +2.826052796401e-01,        +8.718335538082e-04
 2.48265000e+00,        +1.414213562373e-01,        +2.826055365479e-01,        +8.696268945654e-04
 2.48267500e+00,        +1.414213562373e-01,        +2.826057929823e-01,        +8.674206923097e-04
 2.48270000e+00,        +1.414213562373e-01,        +2.826060489444e-01,        +8.652149460198e-04
 2.48272500e+00,        +1.414213562373e-01,        +2.826063044352e-01,        +8.630096546768e-04
 2.48275000e+00,        +1.414213562373e-01,        +2.826065594557e-01,        +8.608048172627e-04
 2.48277500e+00,        +1.414213562373e-01,        +2.826068140071e-01,        +8.586004327617e-04
 2.48280000e+00,        +1.414213562373e-01,        +2.826070680903e-01,        +8.563965001589e-04
 2.48282500e+00,        +1.414213562373e-01,        +2.826073217064e-01,        +8.541930184418e-04
 2.48285000e+00,        +1.414213562373e-01,        +2.826075748564e-01,        +8.519899865993e-04
 2.48287500e+00,        +1.414213562373e-01,        +2.826078275413e-01,        +8.497874036215e-04
 2.48290000e+00,        +1.414213562373e-01,        +2.826080797622e-01,        +8.475852685005e-04
 2.48292500e+00,        +1.414213562373e-01,        +2.826083315201e-01,        +8.453835802301e-04
 2.48295000e+00,        +1.414213562373e-01,        +2.826085828161e-01,        +8.431823378053e-04
 2.48297500e+00,        +1.414213562373e-01,        +2.826088336510e-01,        +8.409815402232e-04
 2.48300000e+00,        +1.414213562373e-01,        +2.826090840261e-01,        +8.387811864820e-04
 2.48302500e+00,        +1.414213562373e-01,        +2.826093339422e-01,        +8.365812755819e-04
 2.48305000e+00,        +1.414213562373e-01,        +2.826095834003e-01,        +8.343818065244e-04
 2.48307500e+00,        +1.414213562373e-01,        +2.826098324016e-01,        +8.321827783128e-04
 2.48310000e+00,        +1.414213562373e-01,        +2.826100809470e-01,        +8.299841899519e-04
 2.48312500e+00,        +1.414213562373e-01,        +2.826103290374e-01,        +8.277860404479e-04
 2.48315000e+00,        +1.414213562373e-01,        +2.826105766740e-01,        +8.255883288091e-04
 2.48317500e+00,        +1.414213562373e-01,        +2.826108238577e-01,        +8.233910540450e-04
 2.48320000e+00,        +1.414213562373e-01,        +2.826110705894e-01,        +8.211942151664e-04
 2.48322500e+00,        +1.414213562373e-01,        +2.826113168702e-01,        +8.189978111863e-04
 2.48325000e+00,        +1.414213562373e-01,        +2.826115627011e-01,        +8.168018411188e-04
 2.48327500e+00,        +1.414213562373e-01,        +2.826118080830e-01,        +8.146063039798e-04
 2.48330000e+00,        +1.414213562373e-01,        +2.826120530170e-01,        +8.124111987866e-04
 2.48332500e+00,        +1.414213562373e-01,        +2.826122975040e-01,        +8.102165245583e-04
 2.48335000e+00,        +1.414213562373e-01,        +2.826125415449e-01,        +8.080222803151e-04
 2.48337500e+00,        +1.414213562373e-01,        +2.826127851409e-01,        +8.058284650793e-04
 2.48340000e+00,        +1.414213562373e-01,        +2.826130282927e-01,        +8.036350778744e-04
 2.48342500e+00,        +1.414213562373e-01,        +2.826132710015e-01,        +8.014421177256e-04
 2.48345000e+00,        +1.414213562373e-01,        +2.826135132681e-01,        +7.992495836595e-04
 2.48347500e+00,        +1.414213562373e-01,        +2.826137550936e-01,        +7.970574747043e-04
 2.48350000e+00,        +1.414213562373e-01,        +2.826139964788e-01,        +7.948657898898e-04
 2.48352500e+00,        +1.414213562373e-01,        +2.826142374248e-01,        +7.926745282474e-04
 2.48355000e+00,        +1.414213562373e-01,        +2.826144779325e-01,        +7.904836888096e-04
 2.48357500e+00,        +1.414213562373e-01,        +2.826147180029e-01,        +7.882932706111e-04
 2.48360000e+00,        +1.414213562373e-01,        +2.826149576369e-01,        +7.861032726875e-04
 2.48362500e+00,        +1.414213562373e-01,        +2.826151968354e-01,        +7.839136940762e-04
 2.48365000e+00,        +1.414213562373e-01,        +2.826154355994e-01,        +7.817245338162e-04
 2.48367500e+00,        +1.414213562373e-01,        +2.826156739298e-01,        +7.795357909479e-04
 2.48370000e+00,        +1.414213562373e-01,        +2.826159118277e-01,        +7.773474645131e-04
 2.48372500e+00,        +1.414213562373e-01,        +2.826161492938e-01,        +7.751595535554e-04
 2.48375000e+00,        +1.414213562373e-01,        +2.826163863292e-01,        +7.729720571195e-04
 2.48377500e+00,        +1.414213562373e-01,        +2.826166229347e-01,        +7.707849742520e-04
 2.48380000e+00,        +1.414213562373e-01,        +2.826168591114e-01,        +7.685983040008e-04
 2.48382500e+00,        +1.414213562373e-01,        +2.826170948600e-01,        +7.664120454153e-04
 2.48385000e+00,        +1.414213562373e-01,        +2.826173301816e-01,        +7.642261975463e-04
 2.48387500e+00,        +1.414213562373e-01,        +2.826175650771e-01,        +7.620407594464e-04
 2.48390000e+00,        +1.414213562373e-01,        +2.826177995474e-01,        +7.598557301694e-04
 2.48392500e+00,        +1.414213562373e-01,        +2.826180335934e-01,        +7.576711087706e-04
 2.48395000e+00,        +1.414213562373e-01,        +2.826182672160e-01,        +7.554868943069e-04
 2.48397500e+00,        +1.414213562373e-01,        +2.826185004161e-01,        +7.533030858366e-04
 2.48400000e+00,        +1.414213562373e-01,        +2.826187331947e-01,        +7.511196824194e-04
 2.48402500e+00,        +1.414213562373e-01,        +2.826189655526e-01,        +7.489366831167e-04
 2.48405000e+00,        +1.414213562373e-01,        +2.826191974907e-01,        +7.467540869911e-04
 2.48407500e+00,        +1.414213562373e-01,        +2.826194290100e-01,        +7.445718931070e-04
 2.48410000e+00,        +1.414213562373e-01,        +2.826196601112e-01,        +7.423901005297e-04
 2.48412500e+00,        +1.414213562373e-01,        +2.826198907955e-01,        +7.402087083267e-04
 2.48415000e+00,        +1.414213562373e-01,        +2.826201210635e-01,        +7.380277155663e-04
 2.48417500e+00,        +1.414213562373e-01,        +2.826203509163e-01,        +7.358471213184e-04
 2.48420000e+00,        +1.414213562373e-01,        +2.826205803546e-01,        +7.336669246548e-04
 2.48422500e+00,        +1.414213562373e-01,        +2.826208093795e-01,        +7.314871246481e-04
 2.48425000e+00,        +1.414213562373e-01,        +2.826210379917e-01,        +7.293077203728e-04
 2.48427500e+00,        +1.414213562373e-01,        +2.826212661921e-01,        +7.271287109047e-04
 2.48430000e+00,        +1.414213562373e-01,        +2.826214939817e-01,        +7.249500953208e-04
 2.48432500e+00,        +1.414213562373e-01,        +2.826217213613e-01,        +7.227718726999e-04
 2.48435000e+00,        +1.414213562373e-01,        +2.826219483317e-01,        +7.205940421221e-04
 2.48437500e+00,        +1.414213562373e-01,        +2.826221748939e-01,        +7.184166026689e-04
 2.48440000e+00,        +1.414213562373e-01,        +2.826224010486e-01,        +7.162395534231e-04
 2.48442500e+00,        +1.414213562373e-01,        +2.826226267969e-01,        +7.140628934693e-04
 2.48445000e+00,        +1.414213562373e-01,        +2.826228521394e-01,        +7.118866218930e-04
 2.48447500e+00,        +1.414213562373e-01,        +2.826230770772e-01,        +7.097107377813e-04
 2.48450000e+00,        +1.414213562373e-01,        +2.826233016110e-01,        +7.075352402232e-04
 2.48452500e+00,        +1.414213562373e-01,        +2.826235257417e-01,        +7.053601283082e-04
 2.48455000e+00,        +1.414213562373e-01,        +2.826237494702e-01,        +7.031854011281e-04
 2.48457500e+00,        +1.414213562373e-01,        +2.826239727973e-01,        +7.010110577755e-04
 2.48460000e+00,        +1.414213562373e-01,        +2.826241957238e-01,        +6.988370973447e-04
 2.48462500e+00,        +1.414213562373e-01,        +2.826244182507e-01,        +6.966635189312e-04
 2.48465000e+00,        +1.414213562373e-01,        +2.826246403787e-01,        +6.944903216320e-04
 2.48467500e+00,        +1.414213562373e-01,        +2.826248621086e-01,        +6.923175045456e-04
 2.48470000e+00,        +1.414213562373e-01,        +2.826250834414e-01,        +6.901450667716e-04
 2.48472500e+00,        +1.414213562373e-01,        +2.826253043779e-01,        +6.879730074112e-04
 2.48475000e+00,        +1.414213562373e-01,        +2.826255249188e-01,        +6.858013255670e-04
 2.48477500e+00,        +1.414213562373e-01,        +2.826257450651e-01,        +6.836300203429e-04
 2.48480000e+00,        +1.414213562373e-01,        +2.826259648176e-01,        +6.814590908442e-04
 2.48482500e+00,        +1.414213562373e-01,        +2.826261841770e-01,        +6.792885361774e-04
 2.48485000e+00,        +1.414213562373e-01,        +2.826264031442e-01,        +6.771183554506e-04
 2.48487500e+00,        +1.414213562373e-01,        +2.826266217201e-01,        +6.749485477734e-04
 2.48490000e+00,        +1.414213562373e-01,        +2.826268399054e-01,        +6.727791122561e-04
 2.48492500e+00,        +1.414213562373e-01,        +2.826270577010e-01,        +6.706100480114e-04
 2.48495000e+00,        +1.414213562373e-01,        +2.826272751076e-01,        +6.684413541523e-04
 2.48497500e+00,        +1.414213562373e-01,        +2.826274921262e-01,        +6.662730297940e-04
 2.48500000e+00,        +1.414213562373e-01,        +2.826277087575e-01,        +6.641050740523e-04
 2.48502500e+00,        +1.414213562373e-01,        +2.826279250023e-01,        +6.619374860450e-04
 2.48505000e+00,        +1.414213562373e-01,        +2.826281408614e-01,        +6.597702648909e-04
 2.48507500e+00,        +1.414213562373e-01,        +2.826283563356e-01,        +6.576034097102e-04
 2.48510000e+00,        +1.414213562373e-01,        +2.826285714258e-01,        +6.554369196244e-04
 2.48512500e+00,        +1.414213562373e-01,        +2.826287861327e-01,        +6.532707937566e-04
 2.48515000e+00,        +1.414213562373e-01,        +2.826290004572e-01,        +6.511050312308e-04
 2.48517500e+00,        +1.414213562373e-01,        +2.826292144000e-01,        +6.489396311727e-04
 2.48520000e+00,        +1.414213562373e-01,        +2.826294279619e-01,        +6.467745927093e-04
 2.48522500e+00,        +1.414213562373e-01,        +2.826296411437e-01,        +6.446099149685e-04
 2.48525000e+00,        +1.414213562373e-01,        +2.826298539462e-01,        +6.424455970801e-04
 2.48527500e+00,        +1.414213562373e-01,        +2.826300663701e-01,        +6.402816381748e-04
 2.48530000e+00,        +1.414213562373e-01,        +2.826302784164e-01,        +6.381180373849e-04
 2.48532500e+00,        +1.414213562373e-01,        +2.826304900857e-01,        +6.359547938438e-04
 2.48535000e+00,        +1.414213562373e-01,        +2.826307013789e-01,        +6.337919066865e-04
 2.48537500e+00,        +1.414213562373e-01,        +2.826309122966e-01,        +6.316293750488e-04
 2.48540000e+00,        +1.414213562373e-01,        +2.826311228398e-01,        +6.294671980684e-04
 2.48542500e+00,        +1.414213562373e-01,        +2.826313330091e-01,        +6.273053748838e-04
 2.48545000e+00,        +1.414213562373e-01,        +2.826315428053e-01,        +6.251439046351e-04
 2.48547500e+00,        +1.414213562373e-01,        +2.826317522293e-01,        +6.229827864637e-04
 2.48550000e+00,        +1.414213562373e-01,        +2.826319612817e-01,        +6.208220195121e-04
 2.48552500e+00,        +1.414213562373e-01,        +2.826321699634e-01,        +6.186616029242e-04
 2.48555000e+00,        +1.414213562373e-01,        +2.826323782751e-01,        +6.165015358454e-04
 2.48557500e+00,        +1.414213562373e-01,        +2.826325862175e-01,        +6.143418174219e-04
 2.48560000e+00,        +1.414213562373e-01,        +2.826327937914e-01,        +6.121824468016e-04
 2.48562500e+00,        +1.414213562373e-01,        +2.826330009977e-01,        +6.100234231336e-04
 2.48565000e+00,        +1.414213562373e-01,        +2.826332078370e-01,        +6.078647455681e-04
 2.48567500e+00,        +1.414213562373e-01,        +2.826334143100e-01,        +6.057064132567e-04
 2.48570000e+00,        +1.414213562373e-01,        +2.826336204176e-01,        +6.035484253523e-04
 2.48572500e+00,        +1.414213562373e-01,        +2.826338261605e-01,        +6.013907810091e-04
 2.48575000e+00,        +1.414213562373e-01,        +2.826340315394e-01,        +5.992334793824e-04
 2.48577500e+00,        +1.414213562373e-01,        +2.826342365551e-01,        +5.970765196290e-04
 2.48580000e+00,        +1.414213562373e-01,        +2.826344412084e-01,        +5.949199009066e-04
 2.48582500e+00,        +1.414213562373e-01,        +2.826346454998e-01,        +5.927636223745e-04
 2.48585000e+00,        +1.414213562373e-01,        +2.826348494303e-01,        +5.906076831934e-04
 2.48587500e+00,        +1.414213562373e-01,        +2.826350530006e-01,        +5.884520825245e-04
 2.48590000e+00,        +1.414213562373e-01,        +2.826352562113e-01,        +5.862968195311e-04
 2.48592500e+00,        +1.414213562373e-01,        +2.826354590632e-01,        +5.841418933773e-04
 2.48595000e+00,        +1.414213562373e-01,        +2.826356615571e-01,        +5.819873032286e-04
 2.48597500e+00,        +1.414213562373e-01,        +2.826358636936e-01,        +5.798330482515e-04
 2.48600000e+00,        +1.414213562373e-01,        +2.826360654735e-01,        +5.776791276140e-04
 2.48602500e+00,        +1.414213562373e-01,        +2.826362668975e-01,        +5.755255404852e-04
 2.48605000e+00,        +1.414213562373e-01,        +2.826364679664e-01,        +5.733722860357e-04
 2.48607500e+00,        +1.414213562373e-01,        +2.826366686809e-01,        +5.712193634369e-04
 2.48610000e+00,        +1.414213562373e-01,        +2.826368690416e-01,        +5.690667718617e-04
 2.48612500e+00,        +1.414213562373e-01,        +2.826370690493e-01,        +5.669145104843e-04
 2.48615000e+00,        +1.414213562373e-01,        +2.826372687048e-01,        +5.647625784797e-04
 2.48617500e+00,        +1.414213562373e-01,        +2.826374680086e-01,        +5.626109750247e-04
 2.48620000e+00,        +1.414213562373e-01,        +2.826376669616e-01,        +5.604596992968e-04
 2.48622500e+00,        +1.414213562373e-01,        +2.826378655645e-01,        +5.583087504752e-04
 2.48625000e+00,        +1.414213562373e-01,        +2.826380638179e-01,        +5.561581277398e-04
 2.48627500e+00,        +1.414213562373e-01,        +2.826382617226e-01,        +5.540078302722e-04
 2.48630000e+00,        +1.414213562373e-01,        +2.826384592792e-01,        +5.518578572547e-04
 2.48632500e+00,        +1.414213562373e-01,        +2.826386564885e-01,        +5.497082078714e-04
 2.48635000e+00,        +1.414213562373e-01,        +2.826388533512e-01,        +5.475588813070e-04
 2.48637500e+00,        +1.414213562373e-01,        +2.826390498680e-01,        +5.454098767478e-04
 2.48640000e+00,        +1.414213562373e-01,        +2.826392460395e-01,        +5.432611933812e-04
 2.48642500e+00,        +1.414213562373e-01,        +2.826394418664e-01,        +5.411128303956e-04
 2.48645000e+00,        +1.414213562373e-01,        +2.826396373495e-01,        +5.389647869810e-04
 2.48647500e+00,        +1.414213562373e-01,        +2.826398324895e-01,        +5.368170623281e-04
 2.48650000e+00,        +1.414213562373e-01,        +2.826400272869e-01,        +5.346696556293e-04
 2.48652500e+00,        +1.414213562373e-01,        +2.826402217426e-01,        +5.325225660777e-04
 2.48655000e+00,        +1.414213562373e-01,        +2.826404158572e-01,        +5.303757928678e-04
 2.48657500e+00,        +1.414213562373e-01,        +2.826406096314e-01,        +5.282293351953e-04
 2.48660000e+00,        +1.414213562373e-01,        +2.826408030658e-01,        +5.260831922572e-04
 2.48662500e+00,        +1.414213562373e-01,        +2.826409961612e-01,        +5.239373632513e-04
 2.48665000e+00,        +1.414213562373e-01,        +2.826411889182e-01,        +5.217918473769e-04
 2.48667500e+00,        +1.414213562373e-01,        +2.826413813374e-01,        +5.196466438343e-04
 2.48670000e+00,        +1.414213562373e-01,        +2.826415734197e-01,        +5.175017518251e-04
 2.48672500e+00,        +1.414213562373e-01,        +2.826417651656e-01,        +5.153571705518e-04
 2.48675000e+00,        +1.414213562373e-01,        +2.826419565758e-01,        +5.132128992185e-04
 2.48677500e+00,        +1.414213562373e-01,        +2.826421476510e-01,        +5.110689370299e-04
 2.48680000e+00,        +1.414213562373e-01,        +2.826423383918e-01,        +5.089252831925e-04
 2.48682500e+00,        +1.414213562373e-01,        +2.826425287990e-01,        +5.067819369132e-04
 2.48685000e+00,        +1.414213562373e-01,        +2.826427188731e-01,        +5.046388974009e-04
 2.48687500e+00,        +1.414213562373e-01,        +2.826429086149e-01,        +5.024961638648e-04
 2.48690000e+00,        +1.414213562373e-01,        +2.826430980250e-01,        +5.003537355158e-04
 2.48692500e+00,        +1.414213562373e-01,        +2.826432871040e-01,        +4.982116115659e-04
 2.48695000e+00,        +1.414213562373e-01,        +2.826434758526e-01,        +4.960697912280e-04
 2.48697500e+00,        +1.414213562373e-01,        +2.826436642715e-01,        +4.939282737162e-04
 2.48700000e+00,        +1.414213562373e-01,        +2.826438523613e-01,        +4.917870582458e-04
 2.48702500e+00,        +1.414213562373e-01,        +2.826440401227e-01,        +4.896461440334e-04
 2.48705000e+00,        +1.414213562373e-01,        +2.826442275563e-01,        +4.875055302964e-04
 2.48707500e+00,        +1.414213562373e-01,        +2.826444146628e-01,        +4.853652162535e-04
 2.48710000e+00,        +1.414213562373e-01,        +2.826446014427e-01,        +4.832252011245e-04
 2.48712500e+00,        +1.414213562373e-01,        +2.826447878969e-01,        +4.810854841303e-04
 2.48715000e+00,        +1.414213562373e-01,        +2.826449740258e-01,        +4.789460644930e-04
 2.48717500e+00,        +1.414213562373e-01,        +2.826451598302e-01,        +4.768069414356e-04
 2.48720000e+00,        +1.414213562373e-01,        +2.826453453106e-01,        +4.746681141827e-04
 2.48722500e+00,        +1.414213562373e-01,        +2.826455304678e-01,        +4.725295819594e-04
 2.48725000e+00,        +1.414213562373e-01,        +2.826457153023e-01,        +4.703913439924e-04
 2.48727500e+00,        +1.414213562373e-01,        +2.826458998148e-01,        +4.682533995089e-04
 2.48730000e+00,        +1.414213562373e-01,        +2.826460840059e-01,        +4.661157477381e-04
 2.48732500e+00,        +1.414213562373e-01,        +2.826462678763e-01,        +4.639783879095e-04
 2.48735000e+00,        +1.414213562373e-01,        +2.826464514265e-01,        +4.618413192541e-04
 2.48737500e+00,        +1.414213562373e-01,        +2.826466346572e-01,        +4.597045410038e-04
 2.48740000e+00,        +1.414213562373e-01,        +2.826468175691e-01,        +4.575680523917e-04
 2.48742500e+00,        +1.414213562373e-01,        +2.826470001627e-01,        +4.554318526522e-04
 2.48745000e+00,        +1.414213562373e-01,        +2.826471824387e-01,        +4.532959410202e-04
 2.48747500e+00,        +1.414213562373e-01,        +2.826473643977e-01,        +4.511603167324e-04
 2.48750000e+00,        +1.414213562373e-01,        +2.826475460403e-01,        +4.490249790261e-04
 2.48752500e+00,        +1.414213562373e-01,        +2.826477273671e-01,        +4.468899271398e-04
 2.48755000e+00,        +1.414213562373e-01,        +2.826479083788e-01,        +4.447551603130e-04
 2.48757500e+00,        +1.414213562373e-01,        +2.826480890759e-01,        +4.426206777866e-04
 2.48760000e+00,        +1.414213562373e-01,        +2.826482694591e-01,        +4.404864788023e-04
 2.48762500e+00,        +1.414213562373e-01,        +2.826484495290e-01,        +4.383525626028e-04
 2.48765000e+00,        +1.414213562373e-01,        +2.826486292862e-01,        +4.362189284321e-04
 2.48767500e+00,        +1.414213562373e-01,        +2.826488087313e-01,        +4.340855755350e-04
 2.48770000e+00,        +1.414213562373e-01,        +2.826489878649e-01,        +4.319525031577e-04
 2.48772500e+00,        +1.414213562373e-01,        +2.826491666875e-01,        +4.298197105473e-04
 2.48775000e+00,        +1.414213562373e-01,        +2.826493452000e-01,        +4.276871969517e-04
 2.48777500e+00,        +1.414213562373e-01,        +2.826495234027e-01,        +4.255549616204e-04
 2.48780000e+00,        +1.414213562373e-01,        +2.826497012963e-01,        +4.234230038034e-04
 2.48782500e+00,        +1.414213562373e-01,        +2.826498788815e-01,        +4.212913227522e-04
 2.48785000e+00,        +1.414213562373e-01,        +2.826500561587e-01,        +4.191599177191e-04
 2.48787500e+00,        +1.414213562373e-01,        +2.826502331287e-01,        +4.170287879575e-04
 2.48790000e+00,        +1.414213562373e-01,        +2.826504097919e-01,        +4.148979327218e-04
 2.48792500e+00,        +1.414213562373e-01,        +2.826505861491e-01,        +4.127673512677e-04
 2.48795000e+00,        +1.414213562373e-01,        +2.826507622007e-01,        +4.106370428514e-04
 2.48797500e+00,        +1.414213562373e-01,        +2.826509379474e-01,        +4.085070067307e-04
 2.48800000e+00,        +1.414213562373e-01,        +2.826511133897e-01,        +4.063772421641e-04
 2.48802500e+00,        +1.414213562373e-01,        +2.826512885283e-01,        +4.042477484114e-04
 2.48805000e+00,        +1.414213562373e-01,        +2.826514633637e-01,        +4.021185247332e-04
 2.48807500e+00,        +1.414213562373e-01,        +2.826516378965e-01,        +3.999895703911e-04
 2.48810000e+00,        +1.414213562373e-01,        +2.826518121273e-01,        +3.978608846479e-04
 2.48812500e+00,        +1.414213562373e-01,        +2.826519860567e-01,        +3.957324667673e-04
 2.48815000e+00,        +1.414213562373e-01,        +2.826521596852e-01,        +3.936043160143e-04
 2.48817500e+00,        +1.414213562373e-01,        +2.826523330135e-01,        +3.914764316544e-04
 2.48820000e+00,        +1.414213562373e-01,        +2.826525060420e-01,        +3.893488129545e-04
 2.48822500e+00,        +1.414213562373e-01,        +2.826526787714e-01,        +3.872214591826e-04
 2.48825000e+00,        +1.414213562373e-01,        +2.826528512022e-01,        +3.850943696073e-04
 2.48827500e+00,        +1.414213562373e-01,        +2.826530233351e-01,        +3.829675434987e-04
 2.48830000e+00,        +1.414213562373e-01,        +2.826531951705e-01,        +3.808409801273e-04
 2.48832500e+00,        +1.414213562373e-01,        +2.826533667091e-01,        +3.787146787652e-04
 2.48835000e+00,        +1.414213562373e-01,        +2.826535379514e-01,        +3.765886386852e-04
 2.48837500e+00,        +1.414213562373e-01,        +2.826537088979e-01,        +3.744628591614e-04
 2.48840000e+00,        +1.414213562373e-01,        +2.826538795493e-01,        +3.723373394683e-04
 2.48842500e+00,        +1.414213562373e-01,        +2.826540499062e-01,        +3.702120788820e-04
 2.48845000e+00,        +1.414213562373e-01,        +2.826542199689e-01,        +3.680870766792e-04
 2.48847500e+00,        +1.414213562373e-01,        +2.826543897382e-01,        +3.659623321378e-04
 2.48850000e+00,        +1.414213562373e-01,        +2.826545592146e-01,        +3.638378445368e-04
 2.48852500e+00,        +1.414213562373e-01,        +2.826547283986e-01,        +3.617136131558e-04
 2.48855000e+00,        +1.414213562373e-01,        +2.826548972908e-01,        +3.595896372756e-04
 2.48857500e+00,        +1.414213562373e-01,        +2.826550658918e-01,        +3.574659161782e-04
 2.48860000e+00,        +1.414213562373e-01,        +2.826552342020e-01,        +3.553424491462e-04
 2.48862500e+00,        +1.414213562373e-01,        +2.826554022221e-01,        +3.532192354635e-04
 2.48865000e+00,        +1.414213562373e-01,        +2.826555699526e-01,        +3.510962744146e-04
 2.48867500e+00,        +1.414213562373e-01,        +2.826557373940e-01,        +3.489735652854e-04
 2.48870000e+00,        +1.414213562373e-01,        +2.826559045469e-01,        +3.468511073625e-04
 2.48872500e+00,        +1.414213562373e-01,        +2.826560714118e-01,        +3.447288999334e-04
 2.48875000e+00,        +1.414213562373e-01,        +2.826562379893e-01,        +3.426069422870e-04
 2.48877500e+00,        +1.414213562373e-01,        +2.826564042799e-01,        +3.404852337126e-04
 2.48880000e+00,        +1.414213562373e-01,        +2.826565702842e-01,        +3.383637735010e-04
 2.48882500e+00,        +1.414213562373e-01,        +2.826567360026e-01,        +3.362425609434e-04
 2.48885000e+00,        +1.414213562373e-01,        +2.826569014358e-01,        +3.341215953325e-04
 2.48887500e+00,        +1.414213562373e-01,        +2.826570665843e-01,        +3.320008759616e-04
 2.48890000e+00,        +1.414213562373e-01,        +2.826572314485e-01,        +3.298804021250e-04
 2.48892500e+00,        +1.414213562373e-01,        +2.826573960291e-01,        +3.277601731181e-04
 2.48895000e+00,        +1.414213562373e-01,        +2.826575603266e-01,        +3.256401882372e-04
 2.48897500e+00,        +1.414213562373e-01,        +2.826577243414e-01,        +3.235204467795e-04
 2.48900000e+00,        +1.414213562373e-01,        +2.826578880742e-01,        +3.214009480430e-04
 2.48902500e+00,        +1.414213562373e-01,        +2.826580515254e-01,        +3.192816913270e-04
 2.48905000e+00,        +1.414213562373e-01,        +2.826582146956e-01,        +3.171626759314e-04
 2.48907500e+00,        +1.414213562373e-01,        +2.826583775854e-01,        +3.150439011572e-04
 2.48910000e+00,        +1.414213562373e-01,        +2.826585401951e-01,        +3.129253663063e-04
 2.48912500e+00,        +1.414213562373e-01,        +2.826587025254e-01,        +3.108070706818e-04
 2.48915000e+00,        +1.414213562373e-01,        +2.826588645767e-01,        +3.086890135871e-04
 2.48917500e+00,        +1.414213562373e-01,        +2.826590263497e-01,        +3.065711943272e-04
 2.48920000e+00,        +1.414213562373e-01,        +2.826591878448e-01,        +3.044536122075e-04
 2.48922500e+00,        +1.414213562373e-01,        +2.826593490624e-01,        +3.023362665347e-04
 2.48925000e+00,        +1.414213562373e-01,        +2.826595100033e-01,        +3.002191566163e-04
 2.48927500e+00,        +1.414213562373e-01,        +2.826596706678e-01,        +2.981022817607e-04
 2.48930000e+00,        +1.414213562373e-01,        +2.826598310564e-01,        +2.959856412771e-04
 2.48932500e+00,        +1.414213562373e-01,        +2.826599911697e-01,        +2.938692344759e-04
 2.48935000e+00,        +1.414213562373e-01,        +2.826601510083e-01,        +2.917530606683e-04
 2.48937500e+00,        +1.414213562373e-01,        +2.826603105725e-01,        +2.896371191661e-04
 2.48940000e+00,        +1.414213562373e-01,        +2.826604698629e-01,        +2.875214092826e-04
 2.48942500e+00,        +1.414213562373e-01,        +2.826606288801e-01,        +2.854059303314e-04
 2.48945000e+00,        +1.414213562373e-01,        +2.826607876244e-01,        +2.832906816275e-04
 2.48947500e+00,        +1.414213562373e-01,        +2.826609460965e-01,        +2.811756624865e-04
 2.48950000e+00,        +1.414213562373e-01,        +2.826611042968e-01,        +2.790608722250e-04
 2.48952500e+00,        +1.414213562373e-01,        +2.826612622259e-01,        +2.769463101606e-04
 2.48955000e+00,        +1.414213562373e-01,        +2.826614198841e-01,        +2.748319756117e-04
 2.48957500e+00,        +1.414213562373e-01,        +2.826615772721e-01,        +2.727178678975e-04
 2.48960000e+00,        +1.414213562373e-01,        +2.826617343903e-01,        +2.706039863380e-04
 2.48962500e+00,        +1.414213562373e-01,        +2.826618912393e-01,        +2.684903302548e-04
 2.48965000e+00,        +1.414213562373e-01,        +2.826620478194e-01,        +2.663768989695e-04
 2.48967500e+00,        +1.414213562373e-01,        +2.826622041313e-01,        +2.642636918049e-04
 2.48970000e+00,        +1.414213562373e-01,        +2.826623601753e-01,        +2.621507080849e-04
 2.48972500e+00,        +1.414213562373e-01,        +2.826625159521e-01,        +2.600379471343e-04
 2.48975000e+00,        +1.414213562373e-01,        +2.826626714620e-01,        +2.579254082782e-04
 2.48977500e+00,        +1.414213562373e-01,        +2.826628267056e-01,        +2.558130908432e-04
 2.48980000e+00,        +1.414213562373e-01,        +2.826629816833e-01,        +2.537009941566e-04
 2.48982500e+00,        +1.414213562373e-01,        +2.826631363957e-01,        +2.515891175465e-04
 2.48985000e+00,        +1.414213562373e-01,        +2.826632908433e-01,        +2.494774603418e-04
 2.48987500e+00,        +1.414213562373e-01,        +2.826634450264e-01,        +2.473660218726e-04
 2.48990000e+00,        +1.414213562373e-01,        +2.826635989456e-01,        +2.452548014696e-04
 2.48992500e+00,        +1.414213562373e-01,        +2.826637526014e-01,        +2.431437984641e-04
 2.48995000e+00,        +1.414213562373e-01,        +2.826639059943e-01,        +2.410330121891e-04
 2.48997500e+00,        +1.414213562373e-01,        +2.826640591247e-01,        +2.389224419775e-04
 2.49000000e+00,        +1.414213562373e-01,        +2.826642119931e-01,        +2.368120871639e-04
 2.49002500e+00,        +1.414213562373e-01,        +2.826643646000e-01,        +2.347019470830e-04
 2.49005000e+00,        +1.414213562373e-01,        +2.826645169459e-01,        +2.325920210708e-04
 2.49007500e+00,        +1.414213562373e-01,        +2.826646690312e-01,        +2.304823084643e-04
 2.49010000e+00,        +1.414213562373e-01,        +2.826648208564e-01,        +2.283728086009e-04
 2.49012500e+00,        +1.414213562373e-01,        +2.826649724220e-01,        +2.262635208192e-04
 2.49015000e+00,        +1.414213562373e-01,        +2.826651237284e-01,        +2.241544444585e-04
 2.49017500e+00,        +1.414213562373e-01,        +2.826652747762e-01,        +2.220455788590e-04
 2.49020000e+00,        +1.414213562373e-01,        +2.826654255657e-01,        +2.199369233616e-04
 2.49022500e+00,        +1.414213562373e-01,        +2.826655760976e-01,        +2.178284773083e-04
 2.49025000e+00,        +1.414213562373e-01,        +2.826657263721e-01,        +2.157202400418e-04
 2.49027500e+00,        +1.414213562373e-01,        +2.826658763898e-01,        +2.136122109055e-04
 2.49030000e+00,        +1.414213562373e-01,        +2.826660261512e-01,        +2.115043892439e-04
 2.49032500e+00,        +1.414213562373e-01,        +2.826661756567e-01,        +2.093967744023e-04
 2.49035000e+00,        +1.414213562373e-01,        +2.826663249067e-01,        +2.072893657265e-04
 2.49037500e+00,        +1.414213562373e-01,        +2.826664739018e-01,        +2.051821625636e-04
 2.49040000e+00,        +1.414213562373e-01,        +2.826666226424e-01,        +2.030751642612e-04
 2.49042500e+00,        +1.414213562373e-01,        +2.826667711289e-01,        +2.009683701679e-04
 2.49045000e+00,        +1.414213562373e-01,        +2.826669193619e-01,        +1.988617796329e-04
 2.49047500e+00,        +1.414213562373e-01,        +2.826670673416e-01,        +1.967553920065e-04
 2.49050000e+00,        +1.414213562373e-01,        +2.826672150688e-01,        +1.946492066398e-04
 2.49052500e+00,        +1.414213562373e-01,        +2.826673625436e-01,        +1.925432228845e-04
 2.49055000e+00,        +1.414213562373e-01,        +2.826675097667e-01,        +1.904374400932e-04
 2.49057500e+00,        +1.414213562373e-01,        +2.826676567385e-01,        +1.883318576194e-04
 2.49060000e+00,        +1.414213562373e-01,        +2.826678034594e-01,        +1.862264748175e-04
 2.49062500e+00,        +1.414213562373e-01,        +2.826679499298e-01,        +1.841212910423e-04
 2.49065000e+00,        +1.414213562373e-01,        +2.826680961503e-01,        +1.820163056499e-04
 2.49067500e+00,        +1.414213562373e-01,        +2.826682421212e-01,        +1.799115179970e-04
 2.49070000e+00,        +1.414213562373e-01,        +2.826683878430e-01,        +1.778069274410e-04
 2.49072500e+00,        +1.414213562373e-01,        +2.826685333162e-01,        +1.757025333402e-04
 2.49075000e+00,        +1.414213562373e-01,        +2.826686785412e-01,        +1.735983350538e-04
 2.49077500e+00,        +1.414213562373e-01,        +2.826688235184e-01,        +1.714943319417e-04
 2.49080000e+00,        +1.414213562373e-01,        +2.826689682483e-01,        +1.693905233645e-04
 2.49082500e+00,        +1.414213562373e-01,        +2.826691127313e-01,        +1.672869086837e-04
 2.49085000e+00,        +1.414213562373e-01,        +2.826692569678e-01,        +1.651834872618e-04
 2.49087500e+00,        +1.414213562373e-01,        +2.826694009584e-01,        +1.630802584617e-04
 2.49090000e+00,        +1.414213562373e-01,        +2.826695447033e-01,        +1.609772216473e-04
 2.49092500e+00,        +1.414213562373e-01,        +2.826696882031e-01,        +1.588743761833e-04
 2.49095000e+00,        +1.414213562373e-01,        +2.826698314583e-01,        +1.567717214351e-04
 2.49097500e+00,        +1.414213562373e-01,        +2.826699744691e-01,        +1.546692567690e-04
 2.49100000e+00,        +1.414213562373e-01,        +2.826701172361e-01,        +1.525669815520e-04
 2.49102500e+00,        +1.414213562373e-01,        +2.826702597597e-01,        +1.504648951519e-04
 2.49105000e+00,        +1.414213562373e-01,        +2.826704020403e-01,        +1.483629969372e-04
 2.49107500e+00,        +1.414213562373e-01,        +2.826705440784e-01,        +1.462612862774e-04
 2.49110000e+00,        +1.414213562373e-01,        +2.826706858743e-01,        +1.441597625426e-04
 2.49112500e+00,        +1.414213562373e-01,        +2.826708274286e-01,        +1.420584251036e-04
 2.49115000e+00,        +1.414213562373e-01,        +2.826709687415e-01,        +1.399572733322e-04
 2.49117500e+00,        +1.414213562373e-01,        +2.826711098137e-01,        +1.378563066008e-04
 2.49120000e+00,        +1.414213562373e-01,        +2.826712506454e-01,        +1.357555242825e-04
 2.49122500e+00,        +1.414213562373e-01,        +2.826713912371e-01,        +1.336549257515e-04
 2.49125000e+00,        +1.414213562373e-01,        +2.826715315892e-01,        +1.315545103824e-04
 2.49127500e+00,        +1.414213562373e-01,        +2.826716717021e-01,        +1.294542775508e-04
 2.49130000e+00,        +1.414213562373e-01,        +2.826718115763e-01,        +1.273542266329e-04
 2.49132500e+00,        +1.414213562373e-01,        +2.826719512122e-01,        +1.252543570058e-04
 2.49135000e+00,        +1.414213562373e-01,        +2.826720906102e-01,        +1.231546680472e-04
 2.49137500e+00,        +1.414213562373e-01,        +2.826722297707e-01,        +1.210551591354e-04
 2.49140000e+00,        +1.414213562373e-01,        +2.826723686941e-01,        +1.189558296503e-04
 2.49142500e+00,        +1.414213562373e-01,        +2.826725073808e-01,        +1.168566789715e-04
 2.49145000e+00,        +1.414213562373e-01,        +2.826726458313e-01,        +1.147577064798e-04
 2.49147500e+00,        +1.414213562373e-01,        +2.826727840460e-01,        +1.126589115570e-04
 2.49150000e+00,        +1.414213562373e-01,        +2.826729220252e-01,        +1.105602935851e-04
 2.49152500e+00,        +1.414213562373e-01,        +2.826730597695e-01,        +1.084618519473e-04
 2.49155000e+00,        +1.414213562373e-01,        +2.826731972791e-01,        +1.063635860273e-04
 2.49157500e+00,        +1.414213562373e-01,        +2.826733345545e-01,        +1.042654952096e-04
 2.49160000e+00,        +1.414213562373e-01,        +2.826734715961e-01,        +1.021675788796e-04
 2.49162500e+00,        +1.414213562373e-01,        +2.826736084043e-01,        +1.000698364232e-04
 2.49165000e+00,        +1.414213562373e-01,        +2.826737449796e-01,        +9.797226722713e-05
 2.49167500e+00,        +1.414213562373e-01,        +2.826738813222e-01,        +9.587487067883e-05
 2.49170000e+00,        +1.414213562373e-01,        +2.826740174327e-01,        +9.377764616643e-05
 2.49172500e+00,        +1.414213562373e-01,        +2.826741533114e-01,        +9.168059307897e-05
 2.49175000e+00,        +1.414213562373e-01,        +2.826742889588e-01,        +8.958371080611e-05
 2.49177500e+00,        +1.414213562373e-01,        +2.826744243751e-01,        +8.748699873807e-05
 2.49180000e+00,        +1.414213562373e-01,        +2.826745595609e-01,        +8.539045626607e-05
 2.49182500e+00,        +1.414213562373e-01,        +2.826746945165e-01,        +8.329408278199e-05
 2.49185000e+00,        +1.414213562373e-01,        +2.826748292424e-01,        +8.119787767831e-05
 2.49187500e+00,        +1.414213562373e-01,        +2.826749637388e-01,        +7.910184034815e-05
 2.49190000e+00,        +1.414213562373e-01,        +2.826750980063e-01,        +7.700597018577e-05
 2.49192500e+00,        +1.414213562373e-01,        +2.826752320451e-01,        +7.491026658560e-05
 2.49195000e+00,        +1.414213562373e-01,        +2.826753658558e-01,        +7.281472894330e-05
 2.49197500e+00,        +1.414213562373e-01,        +2.826754994387e-01,        +7.071935665478e-05
 2.49200000e+00,        +1.414213562373e-01,        +2.826756327941e-01,        +6.862414911704e-05
 2.49202500e+00,        +1.414213562373e-01,        +2.826757659225e-01,        +6.652910572749e-05
 2.49205000e+00,        +1.414213562373e-01,        +2.826758988242e-01,        +6.443422588452e-05
 2.49207500e+00,        +1.414213562373e-01,        +2.826760314997e-01,        +6.233950898697e-05
 2.49210000e+00,        +1.414213562373e-01,        +2.826761639494e-01,        +6.024495443454e-05
 2.49212500e+00,        +1.414213562373e-01,        +2.826762961735e-01,        +5.815056162757e-05
 2.49215000e+00,        +1.414213562373e-01,        +2.826764281726e-01,        +5.605632996718e-05
 2.49217500e+00,        +1.414213562373e-01,        +2.826765599469e-01,        +5.396225885511e-05
 2.49220000e+00,        +1.414213562373e-01,        +2.826766914970e-01,        +5.186834769372e-05
 2.49222500e+00,        +1.414213562373e-01,        +2.826768228231e-01,        +4.977459588633e-05
 2.49225000e+00,        +1.414213562373e-01,        +2.826769539256e-01,        +4.768100283673e-05
 2.49227500e+00,        +1.414213562373e-01,        +2.826770848049e-01,        +4.558756794937e-05
 2.49230000e+00,        +1.414213562373e-01,        +2.826772154615e-01,        +4.349429062965e-05
 2.49232500e+00,        +1.414213562373e-01,        +2.826773458956e-01,        +4.140117028334e-05
 2.49235000e+00,        +1.414213562373e-01,        +2.826774761076e-01,        +3.930820631705e-05
 2.49237500e+00,        +1.414213562373e-01,        +2.826776060980e-01,        +3.721539813812e-05
 2.49240000e+00,        +1.414213562373e-01,        +2.826777358671e-01,        +3.512274515462e-05
 2.49242500e+00,        +1.414213562373e-01,        +2.826778654153e-01,        +3.303024677507e-05
 2.49245000e+00,        +1.414213562373e-01,        +2.826779947430e-01,        +3.093790240877e-05
 2.49247500e+00,        +1.414213562373e-01,        +2.826781238504e-01,        +2.884571146577e-05
 2.49250000e+00,        +1.414213562373e-01,        +2.826782527381e-01,        +2.675367335687e-05
 2.49252500e+00,        +1.414213562373e-01,        +2.826783814063e-01,        +2.466178749324e-05
 2.49255000e+00,        +1.414213562373e-01,        +2.826785098555e-01,        +2.257005328710e-05
 2.49257500e+00,        +1.414213562373e-01,        +2.826786380860e-01,        +2.047847015111e-05
 2.49260000e+00,        +1.414213562373e-01,        +2.826787660982e-01,        +1.838703749857e-05
 2.49262500e+00,        +1.414213562373e-01,        +2.826788938925e-01,        +1.629575474365e-05
 2.49265000e+00,        +1.414213562373e-01,        +2.826790214691e-01,        +1.420462130093e-05
 2.49267500e+00,        +1.414213562373e-01,        +2.826791488285e-01,        +1.211363658591e-05
 2.49270000e+00,        +1.414213562373e-01,        +2.826792759711e-01,        +1.002280001457e-05
 2.49272500e+00,        +1.414213562373e-01,        +2.826794028972e-01,        +7.932111003626e-06
 2.49275000e+00,        +1.414213562373e-01,        +2.826795296072e-01,        +5.841568970396e-06
 2.49277500e+00,        +1.414213562373e-01,        +2.826796561014e-01,        +3.751173333044e-06
 2.49280000e+00,        +1.414213562373e-01,        +2.826797823802e-01,        +1.660923510066e-06
 2.49282500e+00,        +1.414213562373e-01,        +2.826799084439e-01,        -4.291810790697e-07
 2.49285000e+00,        +1.414213562373e-01,        +2.826800342930e-01,        -2.519141014358e-06
 2.49287500e+00,        +1.414213562373e-01,        +2.826801599278e-01,        -4.608956875346e-06
 2.49290000e+00,        +1.414213562373e-01,        +2.826802853485e-01,        -6.698629240591e-06
 2.49292500e+00,        +1.414213562373e-01,        +2.826804105557e-01,        -8.788158688015e-06
 2.49295000e+00,        +1.414213562373e-01,        +2.826805355497e-01,        -1.087754579540e-05
 2.49297500e+00,        +1.414213562373e-01,        +2.826806603307e-01,        -1.296679113923e-05
 2.49300000e+00,        +1.414213562373e-01,        +2.826807848992e-01,        -1.505589529565e-05
 2.49302500e+00,        +1.414213562373e-01,        +2.826809092555e-01,        -1.714485884026e-05
 2.49305000e+00,        +1.414213562373e-01,        +2.826810334000e-01,        -1.923368234779e-05
 2.49307500e+00,        +1.414213562373e-01,        +2.826811573330e-01,        -2.132236639257e-05
 2.49310000e+00,        +1.414213562373e-01,        +2.826812810548e-01,        -2.341091154803e-05
 2.49312500e+00,        +1.414213562373e-01,        +2.826814045659e-01,        -2.549931838713e-05
 2.49315000e+00,        +1.414213562373e-01,        +2.826815278666e-01,        -2.758758748221e-05
 2.49317500e+00,        +1.414213562373e-01,        +2.826816509572e-01,        -2.967571940488e-05
 2.49320000e+00,        +1.414213562373e-01,        +2.826817738380e-01,        -3.176371472624e-05
 2.49322500e+00,        +1.414213562373e-01,        +2.826818965094e-01,        -3.385157401663e-05
 2.49325000e+00,        +1.414213562373e-01,        +2.826820189718e-01,        -3.593929784584e-05
 2.49327500e+00,        +1.414213562373e-01,        +2.826821412255e-01,        -3.802688678305e-05
 2.49330000e+00,        +1.414213562373e-01,        +2.826822632709e-01,        -4.011434139671e-05
 2.49332500e+00,        +1.414213562373e-01,        +2.826823851083e-01,        -4.220166225473e-05
 2.49335000e+00,        +1.414213562373e-01,        +2.826825067379e-01,        -4.428884992444e-05
 2.49337500e+00,        +1.414213562373e-01,        +2.826826281603e-01,        -4.637590497251e-05
 2.49340000e+00,        +1.414213562373e-01,        +2.826827493757e-01,        -4.846282796485e-05
 2.49342500e+00,        +1.414213562373e-01,        +2.826828703844e-01,        -5.054961946692e-05
 2.49345000e+00,        +1.414213562373e-01,        +2.826829911868e-01,        -5.263628004374e-05
 2.49347500e+00,        +1.414213562373e-01,        +2.826831117833e-01,        -5.472281025921e-05
 2.49350000e+00,        +1.414213562373e-01,        +2.826832321741e-01,        -5.680921067714e-05
 2.49352500e+00,        +1.414213562373e-01,        +2.826833523597e-01,        -5.889548186034e-05
 2.49355000e+00,        +1.414213562373e-01,        +2.826834723403e-01,        -6.098162437119e-05
 2.49357500e+00,        +1.414213562373e-01,        +2.826835921162e-01,        -6.306763877150e-05
 2.49360000e+00,        +1.414213562373e-01,        +2.826837116879e-01,        -6.515352562246e-05
 2.49362500e+00,        +1.414213562373e-01,        +2.826838310557e-01,        -6.723928548434e-05
 2.49365000e+00,        +1.414213562373e-01,        +2.826839502198e-01,        -6.932491891749e-05
 2.49367500e+00,        +1.414213562373e-01,        +2.826840691806e-01,        -7.141042648091e-05
 2.49370000e+00,        +1.414213562373e-01,        +2.826841879385e-01,        -7.349580873358e-05
 2.49372500e+00,        +1.414213562373e-01,        +2.826843064938e-01,        -7.558106623340e-05
 2.49375000e+00,        +1.414213562373e-01,        +2.826844248467e-01,        -7.766619953803e-05
 2.49377500e+00,        +1.414213562373e-01,        +2.826845429978e-01,        -7.975120920445e-05
 2.49380000e+00,        +1.414213562373e-01,        +2.826846609471e-01,        -8.183609578902e-05
 2.49382500e+00,        +1.414213562373e-01,        +2.826847786952e-01,        -8.392085984738e-05
 2.49385000e+00,        +1.414213562373e-01,        +2.826848962423e-01,        -8.600550193480e-05
 2.49387500e+00,        +1.414213562373e-01,        +2.826850135887e-01,        -8.809002260575e-05
 2.49390000e+00,        +1.414213562373e-01,        +2.826851307348e-01,        -9.017442241437e-05
 2.49392500e+00,        +1.414213562373e-01,        +2.826852476809e-01,        -9.225870191402e-05
 2.49395000e+00,        +1.414213562373e-01,        +2.826853644273e-01,        -9.434286165746e-05
 2.49397500e+00,        +1.414213562373e-01,        +2.826854809743e-01,        -9.642690219690e-05
 2.49400000e+00,        +1.414213562373e-01,        +2.826855973223e-01,        -9.851082408409e-05
 2.49402500e+00,        +1.414213562373e-01,        +2.826857134716e-01,        -1.005946278700e-04
 2.49405000e+00,        +1.414213562373e-01,        +2.826858294225e-01,        -1.026783141053e-04
 2.49407500e+00,        +1.414213562373e-01,        +2.826859451753e-01,        -1.047618833397e-04
 2.49410000e+00,        +1.414213562373e-01,        +2.826860607303e-01,        -1.068453361227e-04
 2.49412500e+00,        +1.414213562373e-01,        +2.826861760879e-01,        -1.089286730029e-04
 2.49415000e+00,        +1.414213562373e-01,        +2.826862912484e-01,        -1.110118945287e-04
 2.49417500e+00,        +1.414213562373e-01,        +2.826864062121e-01,        -1.130950012475e-04
 2.49420000e+00,        +1.414213562373e-01,        +2.826865209793e-01,        -1.151779937066e-04
 2.49422500e+00,        +1.414213562373e-01,        +2.826866355503e-01,        -1.172608724523e-04
 2.49425000e+00,        +1.414213562373e-01,        +2.826867499254e-01,        -1.193436380304e-04
 2.49427500e+00,        +1.414213562373e-01,        +2.826868641050e-01,        -1.214262909865e-04
 2.49430000e+00,        +1.414213562373e-01,        +2.826869780894e-01,        -1.235088318653e-04
 2.49432500e+00,        +1.414213562373e-01,        +2.826870918789e-01,        -1.255912612110e-04
 2.49435000e+00,        +1.414213562373e-01,        +2.826872054737e-01,        -1.276735795673e-04
 2.49437500e+00,        +1.414213562373e-01,        +2.826873188742e-01,        -1.297557874772e-04
 2.49440000e+00,        +1.414213562373e-01,        +2.826874320808e-01,        -1.318378854834e-04
 2.49442500e+00,        +1.414213562373e-01,        +2.826875450936e-01,        -1.339198741278e-04
 2.49445000e+00,        +1.414213562373e-01,        +2.826876579131e-01,        -1.360017539518e-04
 2.49447500e+00,        +1.414213562373e-01,        +2.826877705395e-01,        -1.380835254962e-04
 2.49450000e+00,        +1.414213562373e-01,        +2.826878829732e-01,        -1.401651893015e-04
 2.49452500e+00,        +1.414213562373e-01,        +2.826879952144e-01,        -1.422467459075e-04
 2.49455000e+00,        +1.414213562373e-01,        +2.826881072635e-01,        -1.443281958532e-04
 2.49457500e+00,        +1.414213562373e-01,        +2.826882191207e-01,        -1.464095396774e-04
 2.49460000e+00,        +1.414213562373e-01,        +2.826883307863e-01,        -1.484907779182e-04
 2.49462500e+00,        +1.414213562373e-01,        +2.826884422608e-01,        -1.505719111133e-04
 2.49465000e+00,        +1.414213562373e-01,        +2.826885535443e-01,        -1.526529397995e-04
 2.49467500e+00,        +1.414213562373e-01,        +2.826886646372e-01,        -1.547338645136e-04
 2.49470000e+00,        +1.414213562373e-01,        +2.826887755397e-01,        -1.568146857913e-04
 2.49472500e+00,        +1.414213562373e-01,        +2.826888862522e-01,        -1.588954041680e-04
 2.49475000e+00,        +1.414213562373e-01,        +2.826889967750e-01,        -1.609760201787e-04
 2.49477500e+00,        +1.414213562373e-01,        +2.826891071084e-01,        -1.630565343578e-04
 2.49480000e+00,        +1.414213562373e-01,        +2.826892172526e-01,        -1.651369472390e-04
 2.49482500e+00,        +1.414213562373e-01,        +2.826893272080e-01,        -1.672172593555e-04
 2.49485000e+00,        +1.414213562373e-01,        +2.826894369749e-01,        -1.692974712400e-04
 2.49487500e+00,        +1.414213562373e-01,        +2.826895465535e-01,        -1.713775834249e-04
 2.49490000e+00,        +1.414213562373e-01,        +2.826896559441e-01,        -1.734575964418e-04
 2.49492500e+00,        +1.414213562373e-01,        +2.826897651472e-01,        -1.755375108218e-04
 2.49495000e+00,        +1.414213562373e-01,        +2.826898741628e-01,        -1.776173270956e-04
 2.49497500e+00,        +1.414213562373e-01,        +2.826899829914e-01,        -1.796970457931e-04
 2.49500000e+00,        +1.414213562373e-01,        +2.826900916332e-01,        -1.817766674441e-04
 2.49502500e+00,        +1.414213562373e-01,        +2.826902000886e-01,        -1.838561925775e-04
 2.49505000e+00,        +1.414213562373e-01,        +2.826903083577e-01,        -1.859356217219e-04
 2.49507500e+00,        +1.414213562373e-01,        +2.826904164410e-01,        -1.880149554051e-04
 2.49510000e+00,        +1.414213562373e-01,        +2.826905243386e-01,        -1.900941941549e-04
 2.49512500e+00,        +1.414213562373e-01,        +2.826906320509e-01,        -1.921733384980e-04
 2.49515000e+00,        +1.414213562373e-01,        +2.826907395782e-01,        -1.942523889610e-04
 2.49517500e+00,        +1.414213562373e-01,        +2.826908469208e-01,        -1.963313460697e-04
 2.49520000e+00,        +1.414213562373e-01,        +2.826909540789e-01,        -1.984102103497e-04
 2.49522500e+00,        +1.414213562373e-01,        +2.826910610528e-01,        -2.004889823257e-04
 2.49525000e+00,        +1.414213562373e-01,        +2.826911678429e-01,        -2.025676625223e-04
 2.49527500e+00,        +1.414213562373e-01,        +2.826912744493e-01,        -2.046462514632e-04
 2.49530000e+00,        +1.414213562373e-01,        +2.826913808725e-01,        -2.067247496718e-04
 2.49532500e+00,        +1.414213562373e-01,        +2.826914871126e-01,        -2.088031576711e-04
 2.49535000e+00,        +1.414213562373e-01,        +2.826915931699e-01,        -2.108814759835e-04
 2.49537500e+00,        +1.414213562373e-01,        +2.826916990448e-01,        -2.129597051307e-04
 2.49540000e+00,        +1.414213562373e-01,        +2.826918047375e-01,        -2.150378456340e-04
 2.49542500e+00,        +1.414213562373e-01,        +2.826919102484e-01,        -2.171158980146e-04
 2.49545000e+00,        +1.414213562373e-01,        +2.826920155776e-01,        -2.191938627924e-04
 2.49547500e+00,        +1.414213562373e-01,        +2.826921207254e-01,        -2.212717404875e-04
 2.49550000e+00,        +1.414213562373e-01,        +2.826922256922e-01,        -2.233495316195e-04
 2.49552500e+00,        +1.414213562373e-01,        +2.826923304782e-01,        -2.254272367068e-04
 2.49555000e+00,        +1.414213562373e-01,        +2.826924350837e-01,        -2.275048562680e-04
 2.49557500e+00,        +1.414213562373e-01,        +2.826925395090e-01,        -2.295823908211e-04
 2.49560000e+00,        +1.414213562373e-01,        +2.826926437543e-01,        -2.316598408832e-04
 2.49562500e+00,        +1.414213562373e-01,        +2.826927478200e-01,        -2.337372069714e-04
 2.49565000e+00,        +1.414213562373e-01,        +2.826928517062e-01,        -2.358144896021e-04
 2.49567500e+00,        +1.414213562373e-01,        +2.826929554134e-01,        -2.378916892910e-04
 2.49570000e+00,        +1.414213562373e-01,        +2.826930589417e-01,        -2.399688065539e-04
 2.49572500e+00,        +1.414213562373e-01,        +2.826931622914e-01,        -2.420458419055e-04
 2.49575000e+00,        +1.414213562373e-01,        +2.826932654628e-01,        -2.441227958602e-04
 2.49577500e+00,        +1.414213562373e-01,        +2.826933684561e-01,        -2.461996689321e-04
 2.49580000e+00,        +1.414213562373e-01,        +2.826934712717e-01,        -2.482764616348e-04
 2.49582500e+00,        +1.414213562373e-01,        +2.826935739098e-01,        -2.503531744810e-04
 2.49585000e+00,        +1.414213562373e-01,        +2.826936763707e-01,        -2.524298079836e-04
 2.49587500e+00,        +1.414213562373e-01,        +2.826937786547e-01,        -2.545063626543e-04
 2.49590000e+00,        +1.414213562373e-01,        +2.826938807619e-01,        -2.565828390050e-04
 2.49592500e+00,        +1.414213562373e-01,        +2.826939826928e-01,        -2.586592375466e-04
 2.49595000e+00,        +1.414213562373e-01,        +2.826940844474e-01,        -2.607355587899e-04
 2.49597500e+00,        +1.414213562373e-01,        +2.826941860263e-01,        -2.628118032448e-04
 2.49600000e+00,        +1.414213562373e-01,        +2.826942874295e-01,        -2.648879714213e-04
 2.49602500e+00,        +1.414213562373e-01,        +2.826943886573e-01,        -2.669640638285e-04
 2.49605000e+00,        +1.414213562373e-01,        +2.826944897101e-01,        -2.690400809750e-04
 2.49607500e+00,        +1.414213562373e-01,        +2.826945905880e-01,        -2.711160233693e-04
 2.49610000e+00,        +1.414213562373e-01,        +2.826946912914e-01,        -2.731918915190e-04
 2.49612500e+00,        +1.414213562373e-01,        +2.826947918206e-01,        -2.752676859317e-04
 2.49615000e+00,        +1.414213562373e-01,        +2.826948921756e-01,        -2.773434071143e-04
 2.49617500e+00,        +1.414213562373e-01,        +2.826949923570e-01,        -2.794190555728e-04
 2.49620000e+00,        +1.414213562373e-01,        +2.826950923648e-01,        -2.814946318136e-04
 2.49622500e+00,        +1.414213562373e-01,        +2.826951921993e-01,        -2.835701363422e-04
 2.49625000e+00,        +1.414213562373e-01,        +2.826952918609e-01,        -2.856455696634e-04
 2.49627500e+00,        +1.414213562373e-01,        +2.826953913498e-01,        -2.877209322818e-04
 2.49630000e+00,        +1.414213562373e-01,        +2.826954906662e-01,        -2.897962247018e-04
 2.49632500e+00,        +1.414213562373e-01,        +2.826955898104e-01,        -2.918714474269e-04
 2.49635000e+00,        +1.414213562373e-01,        +2.826956887826e-01,        -2.939466009603e-04
 2.49637500e+00,        +1.414213562373e-01,        +2.826957875832e-01,        -2.960216858049e-04
 2.49640000e+00,        +1.414213562373e-01,        +2.826958862123e-01,        -2.980967024629e-04
 2.49642500e+00,        +1.414213562373e-01,        +2.826959846702e-01,        -3.001716514362e-04
 2.49645000e+00,        +1.414213562373e-01,        +2.826960829572e-01,        -3.022465332263e-04
 2.49647500e+00,        +1.414213562373e-01,        +2.826961810736e-01,        -3.043213483341e-04
 2.49650000e+00,        +1.414213562373e-01,        +2.826962790195e-01,        -3.063960972601e-04
 2.49652500e+00,        +1.414213562373e-01,        +2.826963767952e-01,        -3.084707805045e-04
 2.49655000e+00,        +1.414213562373e-01,        +2.826964744011e-01,        -3.105453985670e-04
 2.49657500e+00,        +1.414213562373e-01,        +2.826965718373e-01,        -3.126199519466e-04
 2.49660000e+00,        +1.414213562373e-01,        +2.826966691041e-01,        -3.146944411422e-04
 2.49662500e+00,        +1.414213562373e-01,        +2.826967662018e-01,        -3.167688666520e-04
 2.49665000e+00,        +1.414213562373e-01,        +2.826968631305e-01,        -3.188432289739e-04
 2.49667500e+00,        +1.414213562373e-01,        +2.826969598906e-01,        -3.209175286055e-04
 2.49670000e+00,        +1.414213562373e-01,        +2.826970564823e-01,        -3.229917660437e-04
 2.49672500e+00,        +1.414213562373e-01,        +2.826971529058e-01,        -3.250659417851e-04
 2.49675000e+00,        +1.414213562373e-01,        +2.826972491615e-01,        -3.271400563258e-04
 2.49677500e+00,        +1.414213562373e-01,        +2.826973452494e-01,        -3.292141101615e-04
 2.49680000e+00,        +1.414213562373e-01,        +2.826974411700e-01,        -3.312881037875e-04
 2.49682500e+00,        +1.414213562373e-01,        +2.826975369234e-01,        -3.333620376989e-04
 2.49685000e+00,        +1.414213562373e-01,        +2.826976325099e-01,        -3.354359123896e-04
 2.49687500e+00,        +1.414213562373e-01,        +2.826977279297e-01,        -3.375097283540e-04
 2.49690000e+00,        +1.414213562373e-01,        +2.826978231831e-01,        -3.395834860855e-04
 2.49692500e+00,        +1.414213562373e-01,        +2.826979182703e-01,        -3.416571860773e-04
 2.49695000e+00,        +1.414213562373e-01,        +2.826980131916e-01,        -3.437308288221e-04
 2.49697500e+00,        +1.414213562373e-01,        +2.826981079472e-01,        -3.458044148121e-04
 2.49700000e+00,        +1.414213562373e-01,        +2.826982025373e-01,        -3.478779445393e-04
 2.49702500e+00,        +1.414213562373e-01,        +2.826982969622e-01,        -3.499514184951e-04
 2.49705000e+00,        +1.414213562373e-01,        +2.826983912221e-01,        -3.520248371705e-04
 2.49707500e+00,        +1.414213562373e-01,        +2.826984853173e-01,        -3.540982010562e-04
 2.49710000e+00,        +1.414213562373e-01,        +2.826985792481e-01,        -3.561715106423e-04
 2.49712500e+00,        +1.414213562373e-01,        +2.826986730145e-01,        -3.582447664187e-04
 2.49715000e+00,        +1.414213562373e-01,        +2.826987666170e-01,        -3.603179688746e-04
 2.49717500e+00,        +1.414213562373e-01,        +2.826988600557e-01,        -3.623911184991e-04
 2.49720000e+00,        +1.414213562373e-01,        +2.826989533309e-01,        -3.644642157806e-04
 2.49722500e+00,        +1.414213562373e-01,        +2.826990464428e-01,        -3.665372612075e-04
 2.49725000e+00,        +1.414213562373e-01,        +2.826991393916e-01,        -3.686102552671e-04
 2.49727500e+00,        +1.414213562373e-01,        +2.826992321776e-01,        -3.706831984471e-04
 2.49730000e+00,        +1.414213562373e-01,        +2.826993248010e-01,        -3.727560912343e-04
 2.49732500e+00,        +1.414213562373e-01,        +2.826994172621e-01,        -3.748289341150e-04
 2.49735000e+00,        +1.414213562373e-01,        +2.826995095610e-01,        -3.769017275755e-04
 2.49737500e+00,        +1.414213562373e-01,        +2.826996016981e-01,        -3.789744721015e-04
 2.49740000e+00,        +1.414213562373e-01,        +2.826996936735e-01,        -3.810471681781e-04
 2.49742500e+00,        +1.414213562373e-01,        +2.826997854875e-01,        -3.831198162904e-04
 2.49745000e+00,        +1.414213562373e-01,        +2.826998771404e-01,        -3.851924169228e-04
 2.49747500e+00,        +1.414213562373e-01,        +2.826999686322e-01,        -3.872649705594e-04
 2.49750000e+00,        +1.414213562373e-01,        +2.827000599634e-01,        -3.893374776838e-04
 2.49752500e+00,        +1.414213562373e-01,        +2.827001511341e-01,        -3.914099387794e-04
 2.49755000e+00,        +1.414213562373e-01,        +2.827002421445e-01,        -3.934823543290e-04
 2.49757500e+00,        +1.414213562373e-01,        +2.827003329950e-01,        -3.955547248152e-04
 2.49760000e+00,        +1.414213562373e-01,        +2.827004236856e-01,        -3.976270507201e-04
 2.49762500e+00,        +1.414213562373e-01,        +2.827005142166e-01,        -3.996993325253e-04
 2.49765000e+00,        +1.414213562373e-01,        +2.827006045883e-01,        -4.017715707123e-04
 2.49767500e+00,        +1.414213562373e-01,        +2.827006948010e-01,        -4.038437657619e-04
 2.49770000e+00,        +1.414213562373e-01,        +2.827007848547e-01,        -4.059159181547e-04
 2.49772500e+00,        +1.414213562373e-01,        +2.827008747498e-01,        -4.079880283708e-04
 2.49775000e+00,        +1.414213562373e-01,        +2.827009644864e-01,        -4.100600968901e-04
 2.49777500e+00,        +1.414213562373e-01,        +2.827010540648e-01,        -4.121321241917e-04
 2.49780000e+00,        +1.414213562373e-01,        +2.827011434853e-01,        -4.142041107550e-04
 2.49782500e+00,        +1.414213562373e-01,        +2.827012327480e-01,        -4.162760570584e-04
 2.49785000e+00,        +1.414213562373e-01,        +2.827013218532e-01,        -4.183479635801e-04
 2.49787500e+00,        +1.414213562373e-01,        +2.827014108011e-01,        -4.204198307981e-04
 2.49790000e+00,        +1.414213562373e-01,        +2.827014995919e-01,        -4.224916591897e-04
 2.49792500e+00,        +1.414213562373e-01,        +2.827015882259e-01,        -4.245634492321e-04
 2.49795000e+00,        +1.414213562373e-01,        +2.827016767032e-01,        -4.266352014019e-04
 2.49797500e+00,        +1.414213562373e-01,        +2.827017650241e-01,        -4.287069161757e-04
 2.49800000e+00,        +1.414213562373e-01,        +2.827018531888e-01,        -4.307785940293e-04
 2.49802500e+00,        +1.414213562373e-01,        +2.827019411975e-01,        -4.328502354382e-04
 2.49805000e+00,        +1.414213562373e-01,        +2.827020290505e-01,        -4.349218408779e-04
 2.49807500e+00,        +1.414213562373e-01,        +2.827021167480e-01,        -4.369934108231e-04
 2.49810000e+00,        +1.414213562373e-01,        +2.827022042901e-01,        -4.390649457481e-04
 2.49812500e+00,        +1.414213562373e-01,        +2.827022916772e-01,        -4.411364461272e-04
 2.49815000e+00,        +1.414213562373e-01,        +2.827023789093e-01,        -4.432079124341e-04
 2.49817500e+00,        +1.414213562373e-01,        +2.827024659869e-01,        -4.452793451422e-04
 2.49820000e+00,        +1.414213562373e-01,        +2.827025529099e-01,        -4.473507447246e-04
 2.49822500e+00,        +1.414213562373e-01,        +2.827026396788e-01,        -4.494221116537e-04
 2.49825000e+00,        +1.414213562373e-01,        +2.827027262937e-01,        -4.514934464019e-04
 2.49827500e+00,        +1.414213562373e-01,        +2.827028127547e-01,        -4.535647494412e-04
 2.49830000e+00,        +1.414213562373e-01,        +2.827028990622e-01,        -4.556360212431e-04
 2.49832500e+00,        +1.414213562373e-01,        +2.827029852163e-01,        -4.577072622786e-04
 2.49835000e+00,        +1.414213562373e-01,        +2.827030712173e-01,        -4.597784730188e-04
 2.49837500e+00,        +1.414213562373e-01,        +2.827031570653e-01,        -4.618496539341e-04
 2.49840000e+00,        +1.414213562373e-01,        +2.827032427607e-01,        -4.639208054944e-04
 2.49842500e+00,        +1.414213562373e-01,        +2.827033283035e-01,        -4.659919281698e-04
 2.49845000e+00,        +1.414213562373e-01,        +2.827034136940e-01,        -4.680630224295e-04
 2.49847500e+00,        +1.414213562373e-01,        +2.827034989324e-01,        -4.701340887426e-04
 2.49850000e+00,        +1.414213562373e-01,        +2.827035840190e-01,        -4.722051275778e-04
 2.49852500e+00,        +1.414213562373e-01,        +2.827036689539e-01,        -4.742761394034e-04
 2.49855000e+00,        +1.414213562373e-01,        +2.827037537374e-01,        -4.763471246874e-04
 2.49857500e+00,        +1.414213562373e-01,        +2.827038383696e-01,        -4.784180838975e-04
 2.49860000e+00,        +1.414213562373e-01,        +2.827039228508e-01,        -4.804890175009e-04
 2.49862500e+00,        +1.414213562373e-01,        +2.827040071811e-01,        -4.825599259647e-04
 2.49865000e+00,        +1.414213562373e-01,        +2.827040913609e-01,        -4.846308097553e-04
 2.49867500e+00,        +1.414213562373e-01,        +2.827041753902e-01,        -4.867016693390e-04
 2.49870000e+00,        +1.414213562373e-01,        +2.827042592694e-01,        -4.887725051819e-04
 2.49872500e+00,        +1.414213562373e-01,        +2.827043429985e-01,        -4.908433177493e-04
 2.49875000e+00,        +1.414213562373e-01,        +2.827044265779e-01,        -4.929141075066e-04
 2.49877500e+00,        +1.414213562373e-01,        +2.827045100077e-01,        -4.949848749187e-04
 2.49880000e+00,        +1.414213562373e-01,        +2.827045932881e-01,        -4.970556204499e-04
 2.49882500e+00,        +1.414213562373e-01,        +2.827046764194e-01,        -4.991263445648e-04
 2.49885000e+00,        +1.414213562373e-01,        +2.827047594016e-01,        -5.011970477268e-04
 2.49887500e+00,        +1.414213562373e-01,        +2.827048422352e-01,        -5.032677303997e-04
 2.49890000e+00,        +1.414213562373e-01,        +2.827049249201e-01,        -5.053383930468e-04
 2.49892500e+00,        +1.414213562373e-01,        +2.827050074568e-01,        -5.074090361305e-04
 2.49895000e+00,        +1.414213562373e-01,        +2.827050898453e-01,        -5.094796601139e-04
 2.49897500e+00,        +1.414213562373e-01,        +2.827051720858e-01,        -5.115502654587e-04
 2.49900000e+00,        +1.414213562373e-01,        +2.827052541786e-01,        -5.136208526270e-04
 2.49902500e+00,        +1.414213562373e-01,        +2.827053361238e-01,        -5.156914220804e-04
 2.49905000e+00,        +1.414213562373e-01,        +2.827054179217e-01,        -5.177619742799e-04
 2.49907500e+00,        +1.414213562373e-01,        +2.827054995725e-01,        -5.198325096864e-04
 2.49910000e+00,        +1.414213562373e-01,        +2.827055810763e-01,        -5.219030287605e-04
 2.49912500e+00,        +1.414213562373e-01,        +2.827056624334e-01,        -5.239735319624e-04
 2.49915000e+00,        +1.414213562373e-01,        +2.827057436439e-01,        -5.260440197520e-04
 2.49917500e+00,        +1.414213562373e-01,        +2.827058247081e-01,        -5.281144925887e-04
 2.49920000e+00,        +1.414213562373e-01,        +2.827059056261e-01,        -5.301849509320e-04
 2.49922500e+00,        +1.414213562373e-01,        +2.827059863982e-01,        -5.322553952406e-04
 2.49925000e+00,        +1.414213562373e-01,        +2.827060670246e-01,        -5.343258259733e-04
 2.49927500e+00,        +1.414213562373e-01,        +2.827061475054e-01,        -5.363962435881e-04
 2.49930000e+00,        +1.414213562373e-01,        +2.827062278408e-01,        -5.384666485432e-04
 2.49932500e+00,        +1.414213562373e-01,        +2.827063080311e-01,        -5.405370412960e-04
 2.49935000e+00,        +1.414213562373e-01,        +2.827063880764e-01,        -5.426074223040e-04
 2.49937500e+00,        +1.414213562373e-01,        +2.827064679769e-01,        -5.446777920242e-04
 2.49940000e+00,        +1.414213562373e-01,        +2.827065477329e-01,        -5.467481509132e-04
 2.49942500e+00,        +1.414213562373e-01,        +2.827066273445e-01,        -5.488184994274e-04
 2.49945000e+00,        +1.414213562373e-01,        +2.827067068119e-01,        -5.508888380230e-04
 2.49947500e+00,        +1.414213562373e-01,        +2.827067861353e-01,        -5.529591671554e-04
 2.49950000e+00,        +1.414213562373e-01,        +2.827068653149e-01,        -5.550294872803e-04
 2.49952500e+00,        +1.414213562373e-01,        +2.827069443509e-01,        -5.570997988527e-04
 2.49955000e+00,        +1.414213562373e-01,        +2.827070232435e-01,        -5.591701023275e-04
 2.49957500e+00,        +1.414213562373e-01,        +2.827071019928e-01,        -5.612403981593e-04
 2.49960000e+00,        +1.414213562373e-01,        +2.827071805991e-01,        -5.633106868020e-04
 2.49962500e+00,        +1.414213562373e-01,        +2.827072590626e-01,        -5.653809687098e-04
 2.49965000e+00,        +1.414213562373e-01,        +2.827073373834e-01,        -5.674512443360e-04
 2.49967500e+00,        +1.414213562373e-01,        +2.827074155618e-01,        -5.695215141342e-04
 2.49970000e+00,        +1.414213562373e-01,        +2.827074935979e-01,        -5.715917785571e-04
 2.49972500e+00,        +1.414213562373e-01,        +2.827075714919e-01,        -5.736620380575e-04
 2.49975000e+00,        +1.414213562373e-01,        +2.827076492440e-01,        -5.757322930877e-04
 2.49977500e+00,        +1.414213562373e-01,        +2.827077268544e-01,        -5.778025441000e-04
 2.49980000e+00,        +1.414213562373e-01,        +2.827078043232e-01,        -5.798727915459e-04
 2.49982500e+00,        +1.414213562373e-01,        +2.827078816508e-01,        -5.819430358770e-04
 2.49985000e+00,        +1.414213562373e-01,        +2.827079588372e-01,        -5.840132775445e-04
 2.49987500e+00,        +1.414213562373e-01,        +2.827080358826e-01,        -5.860835169991e-04
 2.49990000e+00,        +1.414213562373e-01,        +2.827081127873e-01,        -5.881537546917e-04
 2.49992500e+00,        +1.414213562373e-01,        +2.827081895514e-01,        -5.902239910724e-04
 2.49995000e+00,        +1.414213562373e-01,        +2.827082661750e-01,        -5.922942265912e-04
 2.49997500e+00,        +1.414213562373e-01,        +2.827083426585e-01,        -5.943644616978e-04
 2.50000000e+00,        +1.414213562373e-01,        +2.827084190019e-01,        -5.964346968416e-04
 2.50002500e+00,        +1.414213562373e-01,        +2.827084952055e-01,        -5.985049324719e-04
 2.50005000e+00,        +1.414213562373e-01,        +2.827085712694e-01,        -6.005751690374e-04
 2.50007500e+00,        +1.414213562373e-01,        +2.827086471938e-01,        -6.026454069868e-04
 2.50010000e+00,        +1.414213562373e-01,        +2.827087229790e-01,        -6.047156467679e-04
 2.50012500e+00,        +1.414213562373e-01,        +2.827087986250e-01,        -6.067858888291e-04
 2.50015000e+00,        +1.414213562373e-01,        +2.827088741321e-01,        -6.088561336181e-04
 2.50017500e+00,        +1.414213562373e-01,        +2.827089495004e-01,        -6.109263815822e-04
 2.50020000e+00,        +1.414213562373e-01,        +2.827090247301e-01,        -6.129966331684e-04
 2.50022500e+00,        +1.414213562373e-01,        +2.827090998215e-01,        -6.150668888237e-04
 2.50025000e+00,        +1.414213562373e-01,        +2.827091747746e-01,        -6.171371489946e-04
 2.50027500e+00,        +1.414213562373e-01,        +2.827092495897e-01,        -6.192074141274e-04
 2.50030000e+00,        +1.414213562373e-01,        +2.827093242670e-01,        -6.212776846680e-04
 2.50032500e+00,        +1.414213562373e-01,        +2.827093988066e-01,        -6.233479610623e-04
 2.50035000e+00,        +1.414213562373e-01,        +2.827094732086e-01,        -6.254182437555e-04
 2.50037500e+00,        +1.414213562373e-01,        +2.827095474734e-01,        -6.274885331931e-04
 2.50040000e+00,        +1.414213562373e-01,        +2.827096216010e-01,        -6.295588298196e-04
 2.50042500e+00,        +1.414213562373e-01,        +2.827096955917e-01,        -6.316291340798e-04
 2.50045000e+00,        +1.414213562373e-01,        +2.827097694456e-01,        -6.336994464181e-04
 2.50047500e+00,        +1.414213562373e-01,        +2.827098431629e-01,        -6.357697672785e-04
 2.50050000e+00,        +1.414213562373e-01,        +2.827099167437e-01,        -6.378400971048e-04
 2.50052500e+00,        +1.414213562373e-01,        +2.827099901883e-01,        -6.399104363404e-04
 2.50055000e+00,        +1.414213562373e-01,        +2.827100634968e-01,        -6.419807854287e-04
 2.50057500e+00,        +1.414213562373e-01,        +2.827101366694e-01,        -6.440511448127e-04
 2.50060000e+00,        +1.414213562373e-01,        +2.827102097063e-01,        -6.461215149350e-04
 2.50062500e+00,        +1.414213562373e-01,        +2.827102826076e-01,        -6.481918962382e-04
 2.50065000e+00,        +1.414213562373e-01,        +2.827103553735e-01,        -6.502622891643e-04
 2.50067500e+00,        +1.414213562373e-01,        +2.827104280042e-01,        -6.523326941553e-04
 2.50070000e+00,        +1.414213562373e-01,        +2.827105004999e-01,        -6.544031116529e-04
 2.50072500e+00,        +1.414213562373e-01,        +2.827105728607e-01,        -6.564735420983e-04
 2.50075000e+00,        +1.414213562373e-01,        +2.827106450868e-01,        -6.585439859329e-04
 2.50077500e+00,        +1.414213562373e-01,        +2.827107171784e-01,        -6.606144435974e-04
 2.50080000e+00,        +1.414213562373e-01,        +2.827107891357e-01,        -6.626849155324e-04
 2.50082500e+00,        +1.414213562373e-01,        +2.827108609587e-01,        -6.647554021783e-04
 2.50085000e+00,        +1.414213562373e-01,        +2.827109326478e-01,        -6.668259039751e-04
 2.50087500e+00,        +1.414213562373e-01,        +2.827110042030e-01,        -6.688964213628e-04
 2.50090000e+00,        +1.414213562373e-01,        +2.827110756246e-01,        -6.709669547807e-04
 2.50092500e+00,        +1.414213562373e-01,        +2.827111469127e-01,        -6.730375046683e-04
 2.50095000e+00,        +1.414213562373e-01,        +2.827112180674e-01,        -6.751080714646e-04
 2.50097500e+00,        +1.414213562373e-01,        +2.827112890890e-01,        -6.771786556086e-04
 2.50100000e+00,        +1.414213562373e-01,        +2.827113599776e-01,        -6.792492575385e-04
 2.50102500e+00,        +1.414213562373e-01,        +2.827114307334e-01,        -6.813198776928e-04
 2.50105000e+00,        +1.414213562373e-01,        +2.827115013565e-01,        -6.833905165095e-04
 2.50107500e+00,        +1.414213562373e-01,        +2.827115718471e-01,        -6.854611744265e-04
 2.50110000e+00,        +1.414213562373e-01,        +2.827116422054e-01,        -6.875318518813e-04
 2.50112500e+00,        +1.414213562373e-01,        +2.827117124316e-01,        -6.896025493110e-04
 2.50115000e+00,        +1.414213562373e-01,        +2.827117825257e-01,        -6.916732671529e-04
 2.50117500e+00,        +1.414213562373e-01,        +2.827118524881e-01,        -6.937440058437e-04
 2.50120000e+00,        +1.414213562373e-01,        +2.827119223187e-01,        -6.958147658200e-04
 2.50122500e+00,        +1.414213562373e-01,        +2.827119920179e-01,        -6.978855475180e-04
 2.50125000e+00,        +1.414213562373e-01,        +2.827120615858e-01,        -6.999563513740e-04
 2.50127500e+00,        +1.414213562373e-01,        +2.827121310225e-01,        -7.020271778235e-04
 2.50130000e+00,        +1.414213562373e-01,        +2.827122003282e-01,        -7.040980273024e-04
 2.50132500e+00,        +1.414213562373e-01,        +2.827122695031e-01,        -7.061689002459e-04
 2.50135000e+00,        +1.414213562373e-01,        +2.827123385473e-01,        -7.082397970889e-04
 2.50137500e+00,        +1.414213562373e-01,        +2.827124074610e-01,        -7.103107182668e-04
 2.50140000e+00,        +1.414213562373e-01,        +2.827124762443e-01,        -7.123816642136e-04
 2.50142500e+00,        +1.414213562373e-01,        +2.827125448974e-01,        -7.144526353641e-04
 2.50145000e+00,        +1.414213562373e-01,        +2.827126134206e-01,        -7.165236321523e-04
 2.50147500e+00,        +1.414213562373e-01,        +2.827126818138e-01,        -7.185946550123e-04
 2.50150000e+00,        +1.414213562373e-01,        +2.827127500774e-01,        -7.206657043774e-04
 2.50152500e+00,        +1.414213562373e-01,        +2.827128182114e-01,        -7.227367806814e-04
 2.50155000e+00,        +1.414213562373e-01,        +2.827128862161e-01,        -7.248078843573e-04
 2.50157500e+00,        +1.414213562373e-01,        +2.827129540915e-01,        -7.268790158382e-04
 2.50160000e+00,        +1.414213562373e-01,        +2.827130218379e-01,        -7.289501755568e-04
 2.50162500e+00,        +1.414213562373e-01,        +2.827130894554e-01,        -7.310213639456e-04
 2.50165000e+00,        +1.414213562373e-01,        +2.827131569441e-01,        -7.330925814369e-04
 2.50167500e+00,        +1.414213562373e-01,        +2.827132243042e-01,        -7.351638284628e-04
 2.50170000e+00,        +1.414213562373e-01,        +2.827132915359e-01,        -7.372351054551e-04
 2.50172500e+00,        +1.414213562373e-01,        +2.827133586394e-01,        -7.393064128453e-04
 2.50175000e+00,        +1.414213562373e-01,        +2.827134256147e-01,        -7.413777510650e-04
 2.50177500e+00,        +1.414213562373e-01,        +2.827134924621e-01,        -7.434491205451e-04
 2.50180000e+00,        +1.414213562373e-01,        +2.827135591817e-01,        -7.455205217167e-04
 2.50182500e+00,        +1.414213562373e-01,        +2.827136257736e-01,        -7.475919550106e-04
 2.50185000e+00,        +1.414213562373e-01,        +2.827136922381e-01,        -7.496634208570e-04
 2.50187500e+00,        +1.414213562373e-01,        +2.827137585752e-01,        -7.517349196864e-04
 2.50190000e+00,        +1.414213562373e-01,        +2.827138247852e-01,        -7.538064519286e-04
 2.50192500e+00,        +1.414213562373e-01,        +2.827138908681e-01,        -7.558780180136e-04
 2.50195000e+00,        +1.414213562373e-01,        +2.827139568242e-01,        -7.579496183710e-04
 2.50197500e+00,        +1.414213562373e-01,        +2.827140226536e-01,        -7.600212534303e-04
 2.50200000e+00,        +1.414213562373e-01,        +2.827140883564e-01,        -7.620929236204e-04
 2.50202500e+00,        +1.414213562373e-01,        +2.827141539328e-01,        -7.641646293703e-04
 2.50205000e+00,        +1.414213562373e-01,        +2.827142193830e-01,        -7.662363711089e-04
 2.50207500e+00,        +1.414213562373e-01,        +2.827142847070e-01,        -7.683081492645e-04
 2.50210000e+00,        +1.414213562373e-01,        +2.827143499052e-01,        -7.703799642656e-04
 2.50212500e+00,        +1.414213562373e-01,        +2.827144149775e-01,        -7.724518165402e-04
 2.50215000e+00,        +1.414213562373e-01,        +2.827144799242e-01,        -7.745237065162e-04
 2.50217500e+00,        +1.414213562373e-01,        +2.827145447454e-01,        -7.765956346212e-04
 2.50220000e+00,        +1.414213562373e-01,        +2.827146094412e-01,        -7.786676012829e-04
 2.50222500e+00,        +1.414213562373e-01,        +2.827146740119e-01,        -7.807396069283e-04
 2.50225000e+00,        +1.414213562373e-01,        +2.827147384576e-01,        -7.828116519845e-04
 2.50227500e+00,        +1.414213562373e-01,        +2.827148027783e-01,        -7.848837368784e-04
 2.50230000e+00,        +1.414213562373e-01,        +2.827148669743e-01,        -7.869558620365e-04
 2.50232500e+00,        +1.414213562373e-01,        +2.827149310458e-01,        -7.890280278854e-04
 2.50235000e+00,        +1.414213562373e-01,        +2.827149949928e-01,        -7.911002348510e-04
 2.50237500e+00,        +1.414213562373e-01,        +2.827150588155e-01,        -7.931724833598e-04
 2.50240000e+00,        +1.414213562373e-01,        +2.827151225141e-01,        -7.952447738372e-04
 2.50242500e+00,        +1.414213562373e-01,        +2.827151860886e-01,        -7.973171067090e-04
 2.50245000e+00,        +1.414213562373e-01,        +2.827152495394e-01,        -7.993894824005e-04
 2.50247500e+00,        +1.414213562373e-01,        +2.827153128664e-01,        -8.014619013370e-04
 2.50250000e+00,        +1.414213562373e-01,        +2.827153760699e-01,        -8.035343639434e-04
 2.50252500e+00,        +1.414213562373e-01,        +2.827154391500e-01,        -8.056068706445e-04
 2.50255000e+00,        +1.414213562373e-01,        +2.827155021068e-01,        -8.076794218651e-04
 2.50257500e+00,        +1.414213562373e-01,        +2.827155649405e-01,        -8.097520180294e-04
 2.50260000e+00,        +1.414213562373e-01,        +2.827156276513e-01,        -8.118246595617e-04
 2.50262500e+00,        +1.414213562373e-01,        +2.827156902392e-01,        -8.138973468860e-04
 2.50265000e+00,        +1.414213562373e-01,        +2.827157527045e-01,        -8.159700804262e-04
 2.50267500e+00,        +1.414213562373e-01,        +2.827158150472e-01,        -8.180428606057e-04
 2.50270000e+00,        +1.414213562373e-01,        +2.827158772676e-01,        -8.201156878482e-04
 2.50272500e+00,        +1.414213562373e-01,        +2.827159393657e-01,        -8.221885625768e-04
 2.50275000e+00,        +1.414213562373e-01,        +2.827160013417e-01,        -8.242614852145e-04
 2.50277500e+00,        +1.414213562373e-01,        +2.827160631958e-01,        -8.263344561843e-04
 2.50280000e+00,        +1.414213562373e-01,        +2.827161249281e-01,        -8.284074759088e-04
 2.50282500e+00,        +1.414213562373e-01,        +2.827161865386e-01,        -8.304805448105e-04
 2.50285000e+00,        +1.414213562373e-01,        +2.827162480277e-01,        -8.325536633116e-04
 2.50287500e+00,        +1.414213562373e-01,        +2.827163093954e-01,        -8.346268318344e-04
 2.50290000e+00,        +1.414213562373e-01,        +2.827163706418e-01,        -8.367000508007e-04
 2.50292500e+00,        +1.414213562373e-01,        +2.827164317672e-01,        -8.387733206322e-04
 2.50295000e+00,        +1.414213562373e-01,        +2.827164927716e-01,        -8.408466417504e-04
 2.50297500e+00,        +1.414213562373e-01,        +2.827165536552e-01,        -8.429200145768e-04
 2.50300000e+00,        +1.414213562373e-01,        +2.827166144181e-01,        -8.449934395326e-04
 2.50302500e+00,        +1.414213562373e-01,        +2.827166750604e-01,        -8.470669170387e-04
 2.50305000e+00,        +1.414213562373e-01,        +2.827167355824e-01,        -8.491404475159e-04
 2.50307500e+00,        +1.414213562373e-01,        +2.827167959841e-01,        -8.512140313849e-04
 2.50310000e+00,        +1.414213562373e-01,        +2.827168562657e-01,        -8.532876690662e-04
 2.50312500e+00,        +1.414213562373e-01,        +2.827169164273e-01,        -8.553613609800e-04
 2.50315000e+00,        +1.414213562373e-01,        +2.827169764691e-01,        -8.574351075463e-04
 2.50317500e+00,        +1.414213562373e-01,        +2.827170363912e-01,        -8.595089091853e-04
 2.50320000e+00,        +1.414213562373e-01,        +2.827170961937e-01,        -8.615827663166e-04
 2.50322500e+00,        +1.414213562373e-01,        +2.827171558768e-01,        -8.636566793596e-04
 2.50325000e+00,        +1.414213562373e-01,        +2.827172154406e-01,        -8.657306487339e-04
 2.50327500e+00,        +1.414213562373e-01,        +2.827172748853e-01,        -8.678046748588e-04
 2.50330000e+00,        +1.414213562373e-01,        +2.827173342110e-01,        -8.698787581531e-04
 2.50332500e+00,        +1.414213562373e-01,        +2.827173934178e-01,        -8.719528990359e-04
 2.50335000e+00,        +1.414213562373e-01,        +2.827174525058e-01,        -8.740270979257e-04
 2.50337500e+00,        +1.414213562373e-01,        +2.827175114752e-01,        -8.761013552411e-04
 2.50340000e+00,        +1.414213562373e-01,        +2.827175703262e-01,        -8.781756714007e-04
 2.50342500e+00,        +1.414213562373e-01,        +2.827176290589e-01,        -8.802500468224e-04
 2.50345000e+00,        +1.414213562373e-01,        +2.827176876733e-01,        -8.823244819242e-04
 2.50347500e+00,        +1.414213562373e-01,        +2.827177461697e-01,        -8.843989771242e-04
 2.50350000e+00,        +1.414213562373e-01,        +2.827178045481e-01,        -8.864735328399e-04
 2.50352500e+00,        +1.414213562373e-01,        +2.827178628088e-01,        -8.885481494889e-04
 2.50355000e+00,        +1.414213562373e-01,        +2.827179209518e-01,        -8.906228274886e-04
 2.50357500e+00,        +1.414213562373e-01,        +2.827179789773e-01,        -8.926975672562e-04
 2.50360000e+00,        +1.414213562373e-01,        +2.827180368854e-01,        -8.947723692085e-04
 2.50362500e+00,        +1.414213562373e-01,        +2.827180946762e-01,        -8.968472337628e-04
 2.50365000e+00,        +1.414213562373e-01,        +2.827181523499e-01,        -8.989221613353e-04
 2.50367500e+00,        +1.414213562373e-01,        +2.827182099066e-01,        -9.009971523430e-04
 2.50370000e+00,        +1.414213562373e-01,        +2.827182673465e-01,        -9.030722072020e-04
 2.50372500e+00,        +1.414213562373e-01,        +2.827183246696e-01,        -9.051473263286e-04
 2.50375000e+00,        +1.414213562373e-01,        +2.827183818761e-01,        -9.072225101390e-04
 2.50377500e+00,        +1.414213562373e-01,        +2.827184389662e-01,        -9.092977590489e-04
 2.50380000e+00,        +1.414213562373e-01,        +2.827184959399e-01,        -9.113730734741e-04
 2.50382500e+00,        +1.414213562373e-01,        +2.827185527974e-01,        -9.134484538303e-04
 2.50385000e+00,        +1.414213562373e-01,        +2.827186095388e-01,        -9.155239005329e-04
 2.50387500e+00,        +1.414213562373e-01,        +2.827186661643e-01,        -9.175994139972e-04
 2.50390000e+00,        +1.414213562373e-01,        +2.827187226740e-01,        -9.196749946383e-04
 2.50392500e+00,        +1.414213562373e-01,        +2.827187790679e-01,        -9.217506428711e-04
 2.50395000e+00,        +1.414213562373e-01,        +2.827188353464e-01,        -9.238263591106e-04
 2.50397500e+00,        +1.414213562373e-01,        +2.827188915094e-01,        -9.259021437714e-04
 2.50400000e+00,        +1.414213562373e-01,        +2.827189475571e-01,        -9.279779972680e-04
 2.50402500e+00,        +1.414213562373e-01,        +2.827190034896e-01,        -9.300539200149e-04
 2.50405000e+00,        +1.414213562373e-01,        +2.827190593071e-01,        -9.321299124260e-04
 2.50407500e+00,        +1.414213562373e-01,        +2.827191150096e-01,        -9.342059749157e-04
 2.50410000e+00,        +1.414213562373e-01,        +2.827191705974e-01,        -9.362821078978e-04
 2.50412500e+00,        +1.414213562373e-01,        +2.827192260705e-01,        -9.383583117861e-04
 2.50415000e+00,        +1.414213562373e-01,        +2.827192814291e-01,        -9.404345869942e-04
 2.50417500e+00,        +1.414213562373e-01,        +2.827193366732e-01,        -9.425109339357e-04
 2.50420000e+00,        +1.414213562373e-01,        +2.827193918031e-01,        -9.445873530239e-04
 2.50422500e+00,        +1.414213562373e-01,        +2.827194468189e-01,        -9.466638446720e-04
 2.50425000e+00,        +1.414213562373e-01,        +2.827195017206e-01,        -9.487404092930e-04
 2.50427500e+00,        +1.414213562373e-01,        +2.827195565084e-01,        -9.508170472999e-04
 2.50430000e+00,        +1.414213562373e-01,        +2.827196111824e-01,        -9.528937591054e-04
 2.50432500e+00,        +1.414213562373e-01,        +2.827196657427e-01,        -9.549705451221e-04
 2.50435000e+00,        +1.414213562373e-01,        +2.827197201896e-01,        -9.570474057627e-04
 2.50437500e+00,        +1.414213562373e-01,        +2.827197745230e-01,        -9.591243414394e-04
 2.50440000e+00,        +1.414213562373e-01,        +2.827198287431e-01,        -9.612013525645e-04
 2.50442500e+00,        +1.414213562373e-01,        +2.827198828501e-01,        -9.632784395500e-04
 2.50445000e+00,        +1.414213562373e-01,        +2.827199368441e-01,        -9.653556028080e-04
 2.50447500e+00,        +1.414213562373e-01,        +2.827199907251e-01,        -9.674328427500e-04
 2.50450000e+00,        +1.414213562373e-01,        +2.827200444933e-01,        -9.695101597879e-04
 2.50452500e+00,        +1.414213562373e-01,        +2.827200981489e-01,        -9.715875543333e-04
 2.50455000e+00,        +1.414213562373e-01,        +2.827201516920e-01,        -9.736650267974e-04
 2.50457500e+00,        +1.414213562373e-01,        +2.827202051226e-01,        -9.757425775917e-04
 2.50460000e+00,        +1.414213562373e-01,        +2.827202584409e-01,        -9.778202071272e-04
 2.50462500e+00,        +1.414213562373e-01,        +2.827203116470e-01,        -9.798979158149e-04
 2.50465000e+00,        +1.414213562373e-01,        +2.827203647411e-01,        -9.819757040658e-04
 2.50467500e+00,        +1.414213562373e-01,        +2.827204177232e-01,        -9.840535722905e-04
 2.50470000e+00,        +1.414213562373e-01,        +2.827204705936e-01,        -9.861315208996e-04
 2.50472500e+00,        +1.414213562373e-01,        +2.827205233522e-01,        -9.882095503039e-04
 2.50475000e+00,        +1.414213562373e-01,        +2.827205759992e-01,        -9.902876609135e-04
 2.50477500e+00,        +1.414213562373e-01,        +2.827206285348e-01,        -9.923658531386e-04
 2.50480000e+00,        +1.414213562373e-01,        +2.827206809591e-01,        -9.944441273894e-04
 2.50482500e+00,        +1.414213562373e-01,        +2.827207332721e-01,        -9.965224840760e-04
 2.50485000e+00,        +1.414213562373e-01,        +2.827207854741e-01,        -9.986009236081e-04
 2.50487500e+00,        +1.414213562373e-01,        +2.827208375651e-01,        -1.000679446396e-03
 2.50490000e+00,        +1.414213562373e-01,        +2.827208895452e-01,        -1.002758052848e-03
 2.50492500e+00,        +1.414213562373e-01,        +2.827209414145e-01,        -1.004836743375e-03
 2.50495000e+00,        +1.414213562373e-01,        +2.827209931733e-01,        -1.006915518385e-03
 2.50497500e+00,        +1.414213562373e-01,        +2.827210448215e-01,        -1.008994378289e-03
 2.50500000e+00,        +1.414213562373e-01,        +2.827210963594e-01,        -1.011073323494e-03
 2.50502500e+00,        +1.414213562373e-01,        +2.827211477869e-01,        -1.013152354411e-03
 2.50505000e+00,        +1.414213562373e-01,        +2.827211991044e-01,        -1.015231471448e-03
 2.50507500e+00,        +1.414213562373e-01,        +2.827212503118e-01,        -1.017310675014e-03
 2.50510000e+00,        +1.414213562373e-01,        +2.827213014092e-01,        -1.019389965518e-03
 2.50512500e+00,        +1.414213562373e-01,        +2.827213523969e-01,        -1.021469343367e-03
 2.50515000e+00,        +1.414213562373e-01,        +2.827214032748e-01,        -1.023548808971e-03
 2.50517500e+00,        +1.414213562373e-01,        +2.827214540432e-01,        -1.025628362738e-03
 2.50520000e+00,        +1.414213562373e-01,        +2.827215047022e-01,        -1.027708005076e-03
 2.50522500e+00,        +1.414213562373e-01,        +2.827215552518e-01,        -1.029787736392e-03
 2.50525000e+00,        +1.414213562373e-01,        +2.827216056921e-01,        -1.031867557096e-03
 2.50527500e+00,        +1.414213562373e-01,        +2.827216560234e-01,        -1.033947467595e-03
 2.50530000e+00,        +1.414213562373e-01,        +2.827217062456e-01,        -1.036027468297e-03
 2.50532500e+00,        +1.414213562373e-01,        +2.827217563590e-01,        -1.038107559609e-03
 2.50535000e+00,        +1.414213562373e-01,        +2.827218063636e-01,        -1.040187741939e-03
 2.50537500e+00,        +1.414213562373e-01,        +2.827218562595e-01,        -1.042268015694e-03
 2.50540000e+00,        +1.414213562373e-01,        +2.827219060469e-01,        -1.044348381282e-03
 2.50542500e+00,        +1.414213562373e-01,        +2.827219557259e-01,        -1.046428839110e-03
 2.50545000e+00,        +1.414213562373e-01,        +2.827220052965e-01,        -1.048509389584e-03
 2.50547500e+00,        +1.414213562373e-01,        +2.827220547589e-01,        -1.050590033113e-03
 2.50550000e+00,        +1.414213562373e-01,        +2.827221041133e-01,        -1.052670770102e-03
 2.50552500e+00,        +1.414213562373e-01,        +2.827221533596e-01,        -1.054751600959e-03
 2.50555000e+00,        +1.414213562373e-01,        +2.827222024981e-01,        -1.056832526090e-03
 2.50557500e+00,        +1.414213562373e-01,        +2.827222515288e-01,        -1.058913545903e-03
 2.50560000e+00,        +1.414213562373e-01,        +2.827223004519e-01,        -1.060994660802e-03
 2.50562500e+00,        +1.414213562373e-01,        +2.827223492674e-01,        -1.063075871196e-03
 2.50565000e+00,        +1.414213562373e-01,        +2.827223979755e-01,        -1.065157177489e-03
 2.50567500e+00,        +1.414213562373e-01,        +2.827224465763e-01,        -1.067238580089e-03
 2.50570000e+00,        +1.414213562373e-01,        +2.827224950699e-01,        -1.069320079401e-03
 2.50572500e+00,        +1.414213562373e-01,        +2.827225434564e-01,        -1.071401675831e-03
 2.50575000e+00,        +1.414213562373e-01,        +2.827225917359e-01,        -1.073483369786e-03
 2.50577500e+00,        +1.414213562373e-01,        +2.827226399086e-01,        -1.075565161670e-03
 2.50580000e+00,        +1.414213562373e-01,        +2.827226879744e-01,        -1.077647051890e-03
 2.50582500e+00,        +1.414213562373e-01,        +2.827227359336e-01,        -1.079729040852e-03
 2.50585000e+00,        +1.414213562373e-01,        +2.827227837863e-01,        -1.081811128960e-03
 2.50587500e+00,        +1.414213562373e-01,        +2.827228315325e-01,        -1.083893316620e-03
 2.50590000e+00,        +1.414213562373e-01,        +2.827228791724e-01,        -1.085975604238e-03
 2.50592500e+00,        +1.414213562373e-01,        +2.827229267060e-01,        -1.088057992219e-03
 2.50595000e+00,        +1.414213562373e-01,        +2.827229741336e-01,        -1.090140480967e-03
 2.50597500e+00,        +1.414213562373e-01,        +2.827230214551e-01,        -1.092223070889e-03
 2.50600000e+00,        +1.414213562373e-01,        +2.827230686707e-01,        -1.094305762388e-03
 2.50602500e+00,        +1.414213562373e-01,        +2.827231157806e-01,        -1.096388555870e-03
 2.50605000e+00,        +1.414213562373e-01,        +2.827231627847e-01,        -1.098471451739e-03
 2.50607500e+00,        +1.414213562373e-01,        +2.827232096833e-01,        -1.100554450401e-03
 2.50610000e+00,        +1.414213562373e-01,        +2.827232564764e-01,        -1.102637552259e-03
 2.50612500e+00,        +1.414213562373e-01,        +2.827233031641e-01,        -1.104720757719e-03
 2.50615000e+00,        +1.414213562373e-01,        +2.827233497465e-01,        -1.106804067184e-03
 2.50617500e+00,        +1.414213562373e-01,        +2.827233962238e-01,        -1.108887481060e-03
 2.50620000e+00,        +1.414213562373e-01,        +2.827234425961e-01,        -1.110970999750e-03
 2.50622500e+00,        +1.414213562373e-01,        +2.827234888634e-01,        -1.113054623658e-03
 2.50625000e+00,        +1.414213562373e-01,        +2.827235350258e-01,        -1.115138353189e-03
 2.50627500e+00,        +1.414213562373e-01,        +2.827235810835e-01,        -1.117222188746e-03
 2.50630000e+00,        +1.414213562373e-01,        +2.827236270366e-01,        -1.119306130734e-03
 2.50632500e+00,        +1.414213562373e-01,        +2.827236728851e-01,        -1.121390179556e-03
 2.50635000e+00,        +1.414213562373e-01,        +2.827237186293e-01,        -1.123474335617e-03
 2.50637500e+00,        +1.414213562373e-01,        +2.827237642691e-01,        -1.125558599319e-03
 2.50640000e+00,        +1.414213562373e-01,        +2.827238098046e-01,        -1.127642971067e-03
 2.50642500e+00,        +1.414213562373e-01,        +2.827238552361e-01,        -1.129727451264e-03
 2.50645000e+00,        +1.414213562373e-01,        +2.827239005636e-01,        -1.131812040313e-03
 2.50647500e+00,        +1.414213562373e-01,        +2.827239457871e-01,        -1.133896738617e-03
 2.50650000e+00,        +1.414213562373e-01,        +2.827239909068e-01,        -1.135981546581e-03
 2.50652500e+00,        +1.414213562373e-01,        +2.827240359229e-01,        -1.138066464608e-03
 2.50655000e+00,        +1.414213562373e-01,        +2.827240808353e-01,        -1.140151493099e-03
 2.50657500e+00,        +1.414213562373e-01,        +2.827241256442e-01,        -1.142236632460e-03
 2.50660000e+00,        +1.414213562373e-01,        +2.827241703497e-01,        -1.144321883091e-03
 2.50662500e+00,        +1.414213562373e-01,        +2.827242149520e-01,        -1.146407245398e-03
 2.50665000e+00,        +1.414213562373e-01,        +2.827242594510e-01,        -1.148492719781e-03
 2.50667500e+00,        +1.414213562373e-01,        +2.827243038469e-01,        -1.150578306645e-03
 2.50670000e+00,        +1.414213562373e-01,        +2.827243481398e-01,        -1.152664006392e-03
 2.50672500e+00,        +1.414213562373e-01,        +2.827243923299e-01,        -1.154749819424e-03
 2.50675000e+00,        +1.414213562373e-01,        +2.827244364171e-01,        -1.156835746144e-03
 2.50677500e+00,        +1.414213562373e-01,        +2.827244804017e-01,        -1.158921786954e-03
 2.50680000e+00,        +1.414213562373e-01,        +2.827245242836e-01,        -1.161007942258e-03
 2.50682500e+00,        +1.414213562373e-01,        +2.827245680631e-01,        -1.163094212458e-03
 2.50685000e+00,        +1.414213562373e-01,        +2.827246117401e-01,        -1.165180597954e-03
 2.50687500e+00,        +1.414213562373e-01,        +2.827246553149e-01,        -1.167267099151e-03
 2.50690000e+00,        +1.414213562373e-01,        +2.827246987874e-01,        -1.169353716450e-03
 2.50692500e+00,        +1.414213562373e-01,        +2.827247421579e-01,        -1.171440450254e-03
 2.50695000e+00,        +1.414213562373e-01,        +2.827247854263e-01,        -1.173527300964e-03
 2.50697500e+00,        +1.414213562373e-01,        +2.827248285929e-01,        -1.175614268982e-03
 2.50700000e+00,        +1.414213562373e-01,        +2.827248716576e-01,        -1.177701354710e-03
 2.50702500e+00,        +1.414213562373e-01,        +2.827249146207e-01,        -1.179788558551e-03
 2.50705000e+00,        +1.414213562373e-01,        +2.827249574821e-01,        -1.181875880905e-03
 2.50707500e+00,        +1.414213562373e-01,        +2.827250002420e-01,        -1.183963322175e-03
 2.50710000e+00,        +1.414213562373e-01,        +2.827250429005e-01,        -1.186050882763e-03
 2.50712500e+00,        +1.414213562373e-01,        +2.827250854576e-01,        -1.188138563070e-03
 2.50715000e+00,        +1.414213562373e-01,        +2.827251279136e-01,        -1.190226363497e-03
 2.50717500e+00,        +1.414213562373e-01,        +2.827251702684e-01,        -1.192314284447e-03
 2.50720000e+00,        +1.414213562373e-01,        +2.827252125222e-01,        -1.194402326320e-03
 2.50722500e+00,        +1.414213562373e-01,        +2.827252546750e-01,        -1.196490489518e-03
 2.50725000e+00,        +1.414213562373e-01,        +2.827252967270e-01,        -1.198578774442e-03
 2.50727500e+00,        +1.414213562373e-01,        +2.827253386783e-01,        -1.200667181495e-03
 2.50730000e+00,        +1.414213562373e-01,        +2.827253805289e-01,        -1.202755711076e-03
 2.50732500e+00,        +1.414213562373e-01,        +2.827254222789e-01,        -1.204844363587e-03
 2.50735000e+00,        +1.414213562373e-01,        +2.827254639285e-01,        -1.206933139430e-03
 2.50737500e+00,        +1.414213562373e-01,        +2.827255054778e-01,        -1.209022039004e-03
 2.50740000e+00,        +1.414213562373e-01,        +2.827255469267e-01,        -1.211111062713e-03
 2.50742500e+00,        +1.414213562373e-01,        +2.827255882755e-01,        -1.213200210956e-03
 2.50745000e+00,        +1.414213562373e-01,        +2.827256295242e-01,        -1.215289484134e-03
 2.50747500e+00,        +1.414213562373e-01,        +2.827256706729e-01,        -1.217378882648e-03
 2.50750000e+00,        +1.414213562373e-01,        +2.827257117217e-01,        -1.219468406900e-03
 2.50752500e+00,        +1.414213562373e-01,        +2.827257526707e-01,        -1.221558057289e-03
 2.50755000e+00,        +1.414213562373e-01,        +2.827257935200e-01,        -1.223647834217e-03
 2.50757500e+00,        +1.414213562373e-01,        +2.827258342697e-01,        -1.225737738085e-03
 2.50760000e+00,        +1.414213562373e-01,        +2.827258749199e-01,        -1.227827769292e-03
 2.50762500e+00,        +1.414213562373e-01,        +2.827259154706e-01,        -1.229917928240e-03
 2.50765000e+00,        +1.414213562373e-01,        +2.827259559220e-01,        -1.232008215330e-03
 2.50767500e+00,        +1.414213562373e-01,        +2.827259962741e-01,        -1.234098630961e-03
 2.50770000e+00,        +1.414213562373e-01,        +2.827260365271e-01,        -1.236189175534e-03
 2.50772500e+00,        +1.414213562373e-01,        +2.827260766810e-01,        -1.238279849450e-03
 2.50775000e+00,        +1.414213562373e-01,        +2.827261167360e-01,        -1.240370653110e-03
 2.50777500e+00,        +1.414213562373e-01,        +2.827261566920e-01,        -1.242461586912e-03
 2.50780000e+00,        +1.414213562373e-01,        +2.827261965493e-01,        -1.244552651259e-03
 2.50782500e+00,        +1.414213562373e-01,        +2.827262363079e-01,        -1.246643846549e-03
 2.50785000e+00,        +1.414213562373e-01,        +2.827262759678e-01,        -1.248735173184e-03
 2.50787500e+00,        +1.414213562373e-01,        +2.827263155292e-01,        -1.250826631564e-03
 2.50790000e+00,        +1.414213562373e-01,        +2.827263549923e-01,        -1.252918222088e-03
 2.50792500e+00,        +1.414213562373e-01,        +2.827263943569e-01,        -1.255009945158e-03
 2.50795000e+00,        +1.414213562373e-01,        +2.827264336233e-01,        -1.257101801172e-03
 2.50797500e+00,        +1.414213562373e-01,        +2.827264727916e-01,        -1.259193790531e-03
 2.50800000e+00,        +1.414213562373e-01,        +2.827265118618e-01,        -1.261285913636e-03
 2.50802500e+00,        +1.414213562373e-01,        +2.827265508340e-01,        -1.263378170885e-03
 2.50805000e+00,        +1.414213562373e-01,        +2.827265897083e-01,        -1.265470562680e-03
 2.50807500e+00,        +1.414213562373e-01,        +2.827266284848e-01,        -1.267563089420e-03
 2.50810000e+00,        +1.414213562373e-01,        +2.827266671636e-01,        -1.269655751504e-03
 2.50812500e+00,        +1.414213562373e-01,        +2.827267057447e-01,        -1.271748549334e-03
 2.50815000e+00,        +1.414213562373e-01,        +2.827267442283e-01,        -1.273841483308e-03
 2.50817500e+00,        +1.414213562373e-01,        +2.827267826145e-01,        -1.275934553826e-03
 2.50820000e+00,        +1.414213562373e-01,        +2.827268209033e-01,        -1.278027761289e-03
 2.50822500e+00,        +1.414213562373e-01,        +2.827268590948e-01,        -1.280121106096e-03
 2.50825000e+00,        +1.414213562373e-01,        +2.827268971891e-01,        -1.282214588647e-03
 2.50827500e+00,        +1.414213562373e-01,        +2.827269351863e-01,        -1.284308209341e-03
 2.50830000e+00,        +1.414213562373e-01,        +2.827269730865e-01,        -1.286401968579e-03
 2.50832500e+00,        +1.414213562373e-01,        +2.827270108898e-01,        -1.288495866759e-03
 2.50835000e+00,        +1.414213562373e-01,        +2.827270485962e-01,        -1.290589904282e-03
 2.50837500e+00,        +1.414213562373e-01,        +2.827270862059e-01,        -1.292684081547e-03
 2.50840000e+00,        +1.414213562373e-01,        +2.827271237189e-01,        -1.294778398953e-03
 2.50842500e+00,        +1.414213562373e-01,        +2.827271611353e-01,        -1.296872856901e-03
 2.50845000e+00,        +1.414213562373e-01,        +2.827271984552e-01,        -1.298967455789e-03
 2.50847500e+00,        +1.414213562373e-01,        +2.827272356787e-01,        -1.301062196018e-03
 2.50850000e+00,        +1.414213562373e-01,        +2.827272728059e-01,        -1.303157077987e-03
 2.50852500e+00,        +1.414213562373e-01,        +2.827273098368e-01,        -1.305252102095e-03
 2.50855000e+00,        +1.414213562373e-01,        +2.827273467715e-01,        -1.307347268742e-03
 2.50857500e+00,        +1.414213562373e-01,        +2.827273836102e-01,        -1.309442578326e-03
 2.50860000e+00,        +1.414213562373e-01,        +2.827274203529e-01,        -1.311538031249e-03
 2.50862500e+00,        +1.414213562373e-01,        +2.827274569996e-01,        -1.313633627908e-03
 2.50865000e+00,        +1.414213562373e-01,        +2.827274935506e-01,        -1.315729368704e-03
 2.50867500e+00,        +1.414213562373e-01,        +2.827275300058e-01,        -1.317825254036e-03
 2.50870000e+00,        +1.414213562373e-01,        +2.827275663653e-01,        -1.319921284303e-03
 2.50872500e+00,        +1.414213562373e-01,        +2.827276026293e-01,        -1.322017459904e-03
 2.50875000e+00,        +1.414213562373e-01,        +2.827276387978e-01,        -1.324113781240e-03
 2.50877500e+00,        +1.414213562373e-01,        +2.827276748709e-01,        -1.326210248708e-03
 2.50880000e+00,        +1.414213562373e-01,        +2.827277108486e-01,        -1.328306862709e-03
 2.50882500e+00,        +1.414213562373e-01,        +2.827277467311e-01,        -1.330403623642e-03
 2.50885000e+00,        +1.414213562373e-01,        +2.827277825185e-01,        -1.332500531905e-03
 2.50887500e+00,        +1.414213562373e-01,        +2.827278182108e-01,        -1.334597587899e-03
 2.50890000e+00,        +1.414213562373e-01,        +2.827278538080e-01,        -1.336694792023e-03
 2.50892500e+00,        +1.414213562373e-01,        +2.827278893104e-01,        -1.338792144676e-03
 2.50895000e+00,        +1.414213562373e-01,        +2.827279247179e-01,        -1.340889646256e-03
 2.50897500e+00,        +1.414213562373e-01,        +2.827279600307e-01,        -1.342987297164e-03
 2.50900000e+00,        +1.414213562373e-01,        +2.827279952488e-01,        -1.345085097799e-03
 2.50902500e+00,        +1.414213562373e-01,        +2.827280303723e-01,        -1.347183048559e-03
 2.50905000e+00,        +1.414213562373e-01,        +2.827280654013e-01,        -1.349281149844e-03
 2.50907500e+00,        +1.414213562373e-01,        +2.827281003359e-01,        -1.351379402054e-03
 2.50910000e+00,        +1.414213562373e-01,        +2.827281351761e-01,        -1.353477805587e-03
 2.50912500e+00,        +1.414213562373e-01,        +2.827281699221e-01,        -1.355576360843e-03
 2.50915000e+00,        +1.414213562373e-01,        +2.827282045739e-01,        -1.357675068220e-03
 2.50917500e+00,        +1.414213562373e-01,        +2.827282391315e-01,        -1.359773928119e-03
 2.50920000e+00,        +1.414213562373e-01,        +2.827282735952e-01,        -1.361872940937e-03
 2.50922500e+00,        +1.414213562373e-01,        +2.827283079649e-01,        -1.363972107076e-03
 2.50925000e+00,        +1.414213562373e-01,        +2.827283422407e-01,        -1.366071426933e-03
 2.50927500e+00,        +1.414213562373e-01,        +2.827283764227e-01,        -1.368170900908e-03
 2.50930000e+00,        +1.414213562373e-01,        +2.827284105110e-01,        -1.370270529400e-03
 2.50932500e+00,        +1.414213562373e-01,        +2.827284445057e-01,        -1.372370312808e-03
 2.50935000e+00,        +1.414213562373e-01,        +2.827284784069e-01,        -1.374470251531e-03
 2.50937500e+00,        +1.414213562373e-01,        +2.827285122145e-01,        -1.376570345969e-03
 2.50940000e+00,        +1.414213562373e-01,        +2.827285459288e-01,        -1.378670596522e-03
 2.50942500e+00,        +1.414213562373e-01,        +2.827285795497e-01,        -1.380771003587e-03
 2.50945000e+00,        +1.414213562373e-01,        +2.827286130774e-01,        -1.382871567564e-03
 2.50947500e+00,        +1.414213562373e-01,        +2.827286465120e-01,        -1.384972288854e-03
 2.50950000e+00,        +1.414213562373e-01,        +2.827286798534e-01,        -1.387073167853e-03
 2.50952500e+00,        +1.414213562373e-01,        +2.827287131018e-01,        -1.389174204963e-03
 2.50955000e+00,        +1.414213562373e-01,        +2.827287462574e-01,        -1.391275400582e-03
 2.50957500e+00,        +1.414213562373e-01,        +2.827287793200e-01,        -1.393376755110e-03
 2.50960000e+00,        +1.414213562373e-01,        +2.827288122899e-01,        -1.395478268945e-03
 2.50962500e+00,        +1.414213562373e-01,        +2.827288451670e-01,        -1.397579942487e-03
 2.50965000e+00,        +1.414213562373e-01,        +2.827288779516e-01,        -1.399681776136e-03
 2.50967500e+00,        +1.414213562373e-01,        +2.827289106436e-01,        -1.401783770290e-03
 2.50970000e+00,        +1.414213562373e-01,        +2.827289432431e-01,        -1.403885925349e-03
 2.50972500e+00,        +1.414213562373e-01,        +2.827289757502e-01,        -1.405988241713e-03
 2.50975000e+00,        +1.414213562373e-01,        +2.827290081650e-01,        -1.408090719780e-03
 2.50977500e+00,        +1.414213562373e-01,        +2.827290404876e-01,        -1.410193359949e-03
 2.50980000e+00,        +1.414213562373e-01,        +2.827290727179e-01,        -1.412296162621e-03
 2.50982500e+00,        +1.414213562373e-01,        +2.827291048562e-01,        -1.414399128195e-03
 2.50985000e+00,        +1.414213562373e-01,        +2.827291369025e-01,        -1.416502257070e-03
 2.50987500e+00,        +1.414213562373e-01,        +2.827291688568e-01,        -1.418605549645e-03
 2.50990000e+00,        +1.414213562373e-01,        +2.827292007192e-01,        -1.420709006319e-03
 2.50992500e+00,        +1.414213562373e-01,        +2.827292324899e-01,        -1.422812627493e-03
 2.50995000e+00,        +1.414213562373e-01,        +2.827292641688e-01,        -1.424916413566e-03
 2.50997500e+00,        +1.414213562373e-01,        +2.827292957560e-01,        -1.427020364937e-03
 2.51000000e+00,        +1.414213562373e-01,        +2.827293272517e-01,        -1.429124482006e-03
 2.51002500e+00,        +1.414213562373e-01,        +2.827293586559e-01,        -1.431228765171e-03
 2.51005000e+00,        +1.414213562373e-01,        +2.827293899686e-01,        -1.433333214834e-03
 2.51007500e+00,        +1.414213562373e-01,        +2.827294211900e-01,        -1.435437831392e-03
 2.51010000e+00,        +1.414213562373e-01,        +2.827294523201e-01,        -1.437542615247e-03
 2.51012500e+00,        +1.414213562373e-01,        +2.827294833590e-01,        -1.439647566796e-03
 2.51015000e+00,        +1.414213562373e-01,        +2.827295143068e-01,        -1.441752686441e-03
 2.51017500e+00,        +1.414213562373e-01,        +2.827295451635e-01,        -1.443857974581e-03
 2.51020000e+00,        +1.414213562373e-01,        +2.827295759291e-01,        -1.445963431615e-03
 2.51022500e+00,        +1.414213562373e-01,        +2.827296066039e-01,        -1.448069057942e-03
 2.51025000e+00,        +1.414213562373e-01,        +2.827296371878e-01,        -1.450174853964e-03
 2.51027500e+00,        +1.414213562373e-01,        +2.827296676810e-01,        -1.452280820079e-03
 2.51030000e+00,        +1.414213562373e-01,        +2.827296980834e-01,        -1.454386956688e-03
 2.51032500e+00,        +1.414213562373e-01,        +2.827297283952e-01,        -1.456493264189e-03
 2.51035000e+00,        +1.414213562373e-01,        +2.827297586165e-01,        -1.458599742983e-03
 2.51037500e+00,        +1.414213562373e-01,        +2.827297887472e-01,        -1.460706393470e-03
 2.51040000e+00,        +1.414213562373e-01,        +2.827298187875e-01,        -1.462813216050e-03
 2.51042500e+00,        +1.414213562373e-01,        +2.827298487375e-01,        -1.464920211122e-03
 2.51045000e+00,        +1.414213562373e-01,        +2.827298785972e-01,        -1.467027379087e-03
 2.51047500e+00,        +1.414213562373e-01,        +2.827299083667e-01,        -1.469134720344e-03
 2.51050000e+00,        +1.414213562373e-01,        +2.827299380460e-01,        -1.471242235294e-03
 2.51052500e+00,        +1.414213562373e-01,        +2.827299676353e-01,        -1.473349924335e-03
 2.51055000e+00,        +1.414213562373e-01,        +2.827299971345e-01,        -1.475457787870e-03
 2.51057500e+00,        +1.414213562373e-01,        +2.827300265439e-01,        -1.477565826298e-03
 2.51060000e+00,        +1.414213562373e-01,        +2.827300558633e-01,        -1.479674040018e-03
 2.51062500e+00,        +1.414213562373e-01,        +2.827300850930e-01,        -1.481782429431e-03
 2.51065000e+00,        +1.414213562373e-01,        +2.827301142330e-01,        -1.483890994938e-03
 2.51067500e+00,        +1.414213562373e-01,        +2.827301432833e-01,        -1.485999736937e-03
 2.51070000e+00,        +1.414213562373e-01,        +2.827301722440e-01,        -1.488108655831e-03
 2.51072500e+00,        +1.414213562373e-01,        +2.827302011152e-01,        -1.490217752019e-03
 2.51075000e+00,        +1.414213562373e-01,        +2.827302298970e-01,        -1.492327025901e-03
 2.51077500e+00,        +1.414213562373e-01,        +2.827302585894e-01,        -1.494436477879e-03
 2.51080000e+00,        +1.414213562373e-01,        +2.827302871924e-01,        -1.496546108351e-03
 2.51082500e+00,        +1.414213562373e-01,        +2.827303157062e-01,        -1.498655917719e-03
 2.51085000e+00,        +1.414213562373e-01,        +2.827303441309e-01,        -1.500765906384e-03
 2.51087500e+00,        +1.414213562373e-01,        +2.827303724664e-01,        -1.502876074745e-03
 2.51090000e+00,        +1.414213562373e-01,        +2.827304007129e-01,        -1.504986423204e-03
 2.51092500e+00,        +1.414213562373e-01,        +2.827304288705e-01,        -1.507096952162e-03
 2.51095000e+00,        +1.414213562373e-01,        +2.827304569391e-01,        -1.509207662018e-03
 2.51097500e+00,        +1.414213562373e-01,        +2.827304849189e-01,        -1.511318553173e-03
 2.51100000e+00,        +1.414213562373e-01,        +2.827305128099e-01,        -1.513429626029e-03
 2.51102500e+00,        +1.414213562373e-01,        +2.827305406122e-01,        -1.515540880987e-03
 2.51105000e+00,        +1.414213562373e-01,        +2.827305683259e-01,        -1.517652318446e-03
 2.51107500e+00,        +1.414213562373e-01,        +2.827305959510e-01,        -1.519763938809e-03
 2.51110000e+00,        +1.414213562373e-01,        +2.827306234875e-01,        -1.521875742475e-03
 2.51112500e+00,        +1.414213562373e-01,        +2.827306509357e-01,        -1.523987729847e-03
 2.51115000e+00,        +1.414213562373e-01,        +2.827306782955e-01,        -1.526099901324e-03
 2.51117500e+00,        +1.414213562373e-01,        +2.827307055669e-01,        -1.528212257309e-03
 2.51120000e+00,        +1.414213562373e-01,        +2.827307327501e-01,        -1.530324798202e-03
 2.51122500e+00,        +1.414213562373e-01,        +2.827307598452e-01,        -1.532437524405e-03
 2.51125000e+00,        +1.414213562373e-01,        +2.827307868521e-01,        -1.534550436319e-03
 2.51127500e+00,        +1.414213562373e-01,        +2.827308137710e-01,        -1.536663534345e-03
 2.51130000e+00,        +1.414213562373e-01,        +2.827308406019e-01,        -1.538776818884e-03
 2.51132500e+00,        +1.414213562373e-01,        +2.827308673449e-01,        -1.540890290339e-03
 2.51135000e+00,        +1.414213562373e-01,        +2.827308940000e-01,        -1.543003949110e-03
 2.51137500e+00,        +1.414213562373e-01,        +2.827309205673e-01,        -1.545117795599e-03
 2.51140000e+00,        +1.414213562373e-01,        +2.827309470469e-01,        -1.547231830208e-03
 2.51142500e+00,        +1.414213562373e-01,        +2.827309734389e-01,        -1.549346053338e-03
 2.51145000e+00,        +1.414213562373e-01,        +2.827309997432e-01,        -1.551460465391e-03
 2.51147500e+00,        +1.414213562373e-01,        +2.827310259600e-01,        -1.553575066768e-03
 2.51150000e+00,        +1.414213562373e-01,        +2.827310520894e-01,        -1.555689857873e-03
 2.51152500e+00,        +1.414213562373e-01,        +2.827310781313e-01,        -1.557804839106e-03
 2.51155000e+00,        +1.414213562373e-01,        +2.827311040859e-01,        -1.559920010869e-03
 2.51157500e+00,        +1.414213562373e-01,        +2.827311299532e-01,        -1.562035373564e-03
 2.51160000e+00,        +1.414213562373e-01,        +2.827311557333e-01,        -1.564150927594e-03
 2.51162500e+00,        +1.414213562373e-01,        +2.827311814262e-01,        -1.566266673361e-03
 2.51165000e+00,        +1.414213562373e-01,        +2.827312070321e-01,        -1.568382611267e-03
 2.51167500e+00,        +1.414213562373e-01,        +2.827312325509e-01,        -1.570498741713e-03
 2.51170000e+00,        +1.414213562373e-01,        +2.827312579827e-01,        -1.572615065103e-03
 2.51172500e+00,        +1.414213562373e-01,        +2.827312833277e-01,        -1.574731581838e-03
 2.51175000e+00,        +1.414213562373e-01,        +2.827313085858e-01,        -1.576848292322e-03
 2.51177500e+00,        +1.414213562373e-01,        +2.827313337571e-01,        -1.578965196956e-03
 2.51180000e+00,        +1.414213562373e-01,        +2.827313588417e-01,        -1.581082296143e-03
 2.51182500e+00,        +1.414213562373e-01,        +2.827313838396e-01,        -1.583199590287e-03
 2.51185000e+00,        +1.414213562373e-01,        +2.827314087509e-01,        -1.585317079788e-03
 2.51187500e+00,        +1.414213562373e-01,        +2.827314335757e-01,        -1.587434765051e-03
 2.51190000e+00,        +1.414213562373e-01,        +2.827314583140e-01,        -1.589552646478e-03
 2.51192500e+00,        +1.414213562373e-01,        +2.827314829659e-01,        -1.591670724473e-03
 2.51195000e+00,        +1.414213562373e-01,        +2.827315075315e-01,        -1.593788999437e-03
 2.51197500e+00,        +1.414213562373e-01,        +2.827315320107e-01,        -1.595907471774e-03
 2.51200000e+00,        +1.414213562373e-01,        +2.827315564038e-01,        -1.598026141887e-03
 2.51202500e+00,        +1.414213562373e-01,        +2.827315807106e-01,        -1.600145010180e-03
 2.51205000e+00,        +1.414213562373e-01,        +2.827316049313e-01,        -1.602264077055e-03
 2.51207500e+00,        +1.414213562373e-01,        +2.827316290660e-01,        -1.604383342916e-03
 2.51210000e+00,        +1.414213562373e-01,        +2.827316531147e-01,        -1.606502808167e-03
 2.51212500e+00,        +1.414213562373e-01,        +2.827316770774e-01,        -1.608622473210e-03
 2.51215000e+00,        +1.414213562373e-01,        +2.827317009543e-01,        -1.610742338449e-03
 2.51217500e+00,        +1.414213562373e-01,        +2.827317247453e-01,        -1.612862404289e-03
 2.51220000e+00,        +1.414213562373e-01,        +2.827317484506e-01,        -1.614982671132e-03
 2.51222500e+00,        +1.414213562373e-01,        +2.827317720702e-01,        -1.617103139383e-03
 2.51225000e+00,        +1.414213562373e-01,        +2.827317956042e-01,        -1.619223809445e-03
 2.51227500e+00,        +1.414213562373e-01,        +2.827318190526e-01,        -1.621344681722e-03
 2.51230000e+00,        +1.414213562373e-01,        +2.827318424154e-01,        -1.623465756618e-03
 2.51232500e+00,        +1.414213562373e-01,        +2.827318656928e-01,        -1.625587034538e-03
 2.51235000e+00,        +1.414213562373e-01,        +2.827318888848e-01,        -1.627708515885e-03
 2.51237500e+00,        +1.414213562373e-01,        +2.827319119914e-01,        -1.629830201063e-03
 2.51240000e+00,        +1.414213562373e-01,        +2.827319350128e-01,        -1.631952090478e-03
 2.51242500e+00,        +1.414213562373e-01,        +2.827319579489e-01,        -1.634074184534e-03
 2.51245000e+00,        +1.414213562373e-01,        +2.827319807998e-01,        -1.636196483634e-03
 2.51247500e+00,        +1.414213562373e-01,        +2.827320035657e-01,        -1.638318988184e-03
 2.51250000e+00,        +1.414213562373e-01,        +2.827320262464e-01,        -1.640441698588e-03
 2.51252500e+00,        +1.414213562373e-01,        +2.827320488422e-01,        -1.642564615250e-03
 2.51255000e+00,        +1.414213562373e-01,        +2.827320713530e-01,        -1.644687738577e-03
 2.51257500e+00,        +1.414213562373e-01,        +2.827320937789e-01,        -1.646811068972e-03
 2.51260000e+00,        +1.414213562373e-01,        +2.827321161200e-01,        -1.648934606841e-03
 2.51262500e+00,        +1.414213562373e-01,        +2.827321383763e-01,        -1.651058352589e-03
 2.51265000e+00,        +1.414213562373e-01,        +2.827321605479e-01,        -1.653182306620e-03
 2.51267500e+00,        +1.414213562373e-01,        +2.827321826348e-01,        -1.655306469341e-03
 2.51270000e+00,        +1.414213562373e-01,        +2.827322046372e-01,        -1.657430841156e-03
 2.51272500e+00,        +1.414213562373e-01,        +2.827322265549e-01,        -1.659555422471e-03
 2.51275000e+00,        +1.414213562373e-01,        +2.827322483882e-01,        -1.661680213691e-03
 2.51277500e+00,        +1.414213562373e-01,        +2.827322701370e-01,        -1.663805215223e-03
 2.51280000e+00,        +1.414213562373e-01,        +2.827322918015e-01,        -1.665930427471e-03
 2.51282500e+00,        +1.414213562373e-01,        +2.827323133816e-01,        -1.668055850842e-03
 2.51285000e+00,        +1.414213562373e-01,        +2.827323348775e-01,        -1.670181485741e-03
 2.51287500e+00,        +1.414213562373e-01,        +2.827323562891e-01,        -1.672307332575e-03
 2.51290000e+00,        +1.414213562373e-01,        +2.827323776165e-01,        -1.674433391749e-03
 2.51292500e+00,        +1.414213562373e-01,        +2.827323988599e-01,        -1.676559663670e-03
 2.51295000e+00,        +1.414213562373e-01,        +2.827324200192e-01,        -1.678686148744e-03
 2.51297500e+00,        +1.414213562373e-01,        +2.827324410945e-01,        -1.680812847377e-03
 2.51300000e+00,        +1.414213562373e-01,        +2.827324620858e-01,        -1.682939759976e-03
 2.51302500e+00,        +1.414213562373e-01,        +2.827324829933e-01,        -1.685066886947e-03
 2.51305000e+00,        +1.414213562373e-01,        +2.827325038169e-01,        -1.687194228697e-03
 2.51307500e+00,        +1.414213562373e-01,        +2.827325245567e-01,        -1.689321785633e-03
 2.51310000e+00,        +1.414213562373e-01,        +2.827325452128e-01,        -1.691449558161e-03
 2.51312500e+00,        +1.414213562373e-01,        +2.827325657853e-01,        -1.693577546689e-03
 2.51315000e+00,        +1.414213562373e-01,        +2.827325862740e-01,        -1.695705751623e-03
 2.51317500e+00,        +1.414213562373e-01,        +2.827326066793e-01,        -1.697834173371e-03
 2.51320000e+00,        +1.414213562373e-01,        +2.827326270010e-01,        -1.699962812340e-03
 2.51322500e+00,        +1.414213562373e-01,        +2.827326472392e-01,        -1.702091668937e-03
 2.51325000e+00,        +1.414213562373e-01,        +2.827326673941e-01,        -1.704220743569e-03
 2.51327500e+00,        +1.414213562373e-01,        +2.827326874655e-01,        -1.706350036645e-03
 2.51330000e+00,        +1.414213562373e-01,        +2.827327074537e-01,        -1.708479548572e-03
 2.51332500e+00,        +1.414213562373e-01,        +2.827327273586e-01,        -1.710609279758e-03
 2.51335000e+00,        +1.414213562373e-01,        +2.827327471803e-01,        -1.712739230609e-03
 2.51337500e+00,        +1.414213562373e-01,        +2.827327669189e-01,        -1.714869401536e-03
 2.51340000e+00,        +1.414213562373e-01,        +2.827327865743e-01,        -1.716999792945e-03
 2.51342500e+00,        +1.414213562373e-01,        +2.827328061468e-01,        -1.719130405245e-03
 2.51345000e+00,        +1.414213562373e-01,        +2.827328256362e-01,        -1.721261238843e-03
 2.51347500e+00,        +1.414213562373e-01,        +2.827328450426e-01,        -1.723392294149e-03
 2.51350000e+00,        +1.414213562373e-01,        +2.827328643662e-01,        -1.725523571571e-03
 2.51352500e+00,        +1.414213562373e-01,        +2.827328836070e-01,        -1.727655071518e-03
 2.51355000e+00,        +1.414213562373e-01,        +2.827329027649e-01,        -1.729786794398e-03
 2.51357500e+00,        +1.414213562373e-01,        +2.827329218401e-01,        -1.731918740620e-03
 2.51360000e+00,        +1.414213562373e-01,        +2.827329408327e-01,        -1.734050910593e-03
 2.51362500e+00,        +1.414213562373e-01,        +2.827329597426e-01,        -1.736183304726e-03
 2.51365000e+00,        +1.414213562373e-01,        +2.827329785699e-01,        -1.738315923428e-03
 2.51367500e+00,        +1.414213562373e-01,        +2.827329973146e-01,        -1.740448767109e-03
 2.51370000e+00,        +1.414213562373e-01,        +2.827330159769e-01,        -1.742581836177e-03
 2.51372500e+00,        +1.414213562373e-01,        +2.827330345567e-01,        -1.744715131043e-03
 2.51375000e+00,        +1.414213562373e-01,        +2.827330530542e-01,        -1.746848652117e-03
 2.51377500e+00,        +1.414213562373e-01,        +2.827330714693e-01,        -1.748982399807e-03
 2.51380000e+00,        +1.414213562373e-01,        +2.827330898022e-01,        -1.751116374523e-03
 2.51382500e+00,        +1.414213562373e-01,        +2.827331080528e-01,        -1.753250576677e-03
 2.51385000e+00,        +1.414213562373e-01,        +2.827331262212e-01,        -1.755385006677e-03
 2.51387500e+00,        +1.414213562373e-01,        +2.827331443074e-01,        -1.757519664934e-03
 2.51390000e+00,        +1.414213562373e-01,        +2.827331623116e-01,        -1.759654551858e-03
 2.51392500e+00,        +1.414213562373e-01,        +2.827331802338e-01,        -1.761789667860e-03
 2.51395000e+00,        +1.414213562373e-01,        +2.827331980739e-01,        -1.763925013350e-03
 2.51397500e+00,        +1.414213562373e-01,        +2.827332158321e-01,        -1.766060588739e-03
 2.51400000e+00,        +1.414213562373e-01,        +2.827332335084e-01,        -1.768196394437e-03
 2.51402500e+00,        +1.414213562373e-01,        +2.827332511029e-01,        -1.770332430857e-03
 2.51405000e+00,        +1.414213562373e-01,        +2.827332686156e-01,        -1.772468698408e-03
 2.51407500e+00,        +1.414213562373e-01,        +2.827332860465e-01,        -1.774605197502e-03
 2.51410000e+00,        +1.414213562373e-01,        +2.827333033957e-01,        -1.776741928551e-03
 2.51412500e+00,        +1.414213562373e-01,        +2.827333206633e-01,        -1.778878891965e-03
 2.51415000e+00,        +1.414213562373e-01,        +2.827333378492e-01,        -1.781016088156e-03
 2.51417500e+00,        +1.414213562373e-01,        +2.827333549536e-01,        -1.783153517536e-03
 2.51420000e+00,        +1.414213562373e-01,        +2.827333719765e-01,        -1.785291180517e-03
 2.51422500e+00,        +1.414213562373e-01,        +2.827333889179e-01,        -1.787429077510e-03
 2.51425000e+00,        +1.414213562373e-01,        +2.827334057780e-01,        -1.789567208928e-03
 2.51427500e+00,        +1.414213562373e-01,        +2.827334225566e-01,        -1.791705575183e-03
 2.51430000e+00,        +1.414213562373e-01,        +2.827334392539e-01,        -1.793844176686e-03
 2.51432500e+00,        +1.414213562373e-01,        +2.827334558700e-01,        -1.795983013852e-03
 2.51435000e+00,        +1.414213562373e-01,        +2.827334724048e-01,        -1.798122087091e-03
 2.51437500e+00,        +1.414213562373e-01,        +2.827334888584e-01,        -1.800261396818e-03
 2.51440000e+00,        +1.414213562373e-01,        +2.827335052309e-01,        -1.802400943444e-03
 2.51442500e+00,        +1.414213562373e-01,        +2.827335215223e-01,        -1.804540727383e-03
 2.51445000e+00,        +1.414213562373e-01,        +2.827335377327e-01,        -1.806680749047e-03
 2.51447500e+00,        +1.414213562373e-01,        +2.827335538621e-01,        -1.808821008850e-03
 2.51450000e+00,        +1.414213562373e-01,        +2.827335699105e-01,        -1.810961507206e-03
 2.51452500e+00,        +1.414213562373e-01,        +2.827335858780e-01,        -1.813102244528e-03
 2.51455000e+00,        +1.414213562373e-01,        +2.827336017646e-01,        -1.815243221229e-03
 2.51457500e+00,        +1.414213562373e-01,        +2.827336175705e-01,        -1.817384437723e-03
 2.51460000e+00,        +1.414213562373e-01,        +2.827336332955e-01,        -1.819525894424e-03
 2.51462500e+00,        +1.414213562373e-01,        +2.827336489399e-01,        -1.821667591747e-03
 2.51465000e+00,        +1.414213562373e-01,        +2.827336645035e-01,        -1.823809530105e-03
 2.51467500e+00,        +1.414213562373e-01,        +2.827336799865e-01,        -1.825951709913e-03
 2.51470000e+00,        +1.414213562373e-01,        +2.827336953890e-01,        -1.828094131584e-03
 2.51472500e+00,        +1.414213562373e-01,        +2.827337107109e-01,        -1.830236795535e-03
 2.51475000e+00,        +1.414213562373e-01,        +2.827337259523e-01,        -1.832379702179e-03
 2.51477500e+00,        +1.414213562373e-01,        +2.827337411132e-01,        -1.834522851931e-03
 2.51480000e+00,        +1.414213562373e-01,        +2.827337561937e-01,        -1.836666245207e-03
 2.51482500e+00,        +1.414213562373e-01,        +2.827337711939e-01,        -1.838809882421e-03
 2.51485000e+00,        +1.414213562373e-01,        +2.827337861137e-01,        -1.840953763990e-03
 2.51487500e+00,        +1.414213562373e-01,        +2.827338009532e-01,        -1.843097890327e-03
 2.51490000e+00,        +1.414213562373e-01,        +2.827338157126e-01,        -1.845242261849e-03
 2.51492500e+00,        +1.414213562373e-01,        +2.827338303917e-01,        -1.847386878972e-03
 2.51495000e+00,        +1.414213562373e-01,        +2.827338449906e-01,        -1.849531742112e-03
 2.51497500e+00,        +1.414213562373e-01,        +2.827338595095e-01,        -1.851676851684e-03
 2.51500000e+00,        +1.414213562373e-01,        +2.827338739483e-01,        -1.853822208105e-03
 2.51502500e+00,        +1.414213562373e-01,        +2.827338883071e-01,        -1.855967811790e-03
 2.51505000e+00,        +1.414213562373e-01,        +2.827339025859e-01,        -1.858113663158e-03
 2.51507500e+00,        +1.414213562373e-01,        +2.827339167848e-01,        -1.860259762623e-03
 2.51510000e+00,        +1.414213562373e-01,        +2.827339309037e-01,        -1.862406110604e-03
 2.51512500e+00,        +1.414213562373e-01,        +2.827339449429e-01,        -1.864552707516e-03
 2.51515000e+00,        +1.414213562373e-01,        +2.827339589022e-01,        -1.866699553777e-03
 2.51517500e+00,        +1.414213562373e-01,        +2.827339727818e-01,        -1.868846649804e-03
 2.51520000e+00,        +1.414213562373e-01,        +2.827339865816e-01,        -1.870993996015e-03
 2.51522500e+00,        +1.414213562373e-01,        +2.827340003017e-01,        -1.873141592826e-03
 2.51525000e+00,        +1.414213562373e-01,        +2.827340139423e-01,        -1.875289440656e-03
 2.51527500e+00,        +1.414213562373e-01,        +2.827340275032e-01,        -1.877437539923e-03
 2.51530000e+00,        +1.414213562373e-01,        +2.827340409845e-01,        -1.879585891045e-03
 2.51532500e+00,        +1.414213562373e-01,        +2.827340543864e-01,        -1.881734494439e-03
 2.51535000e+00,        +1.414213562373e-01,        +2.827340677088e-01,        -1.883883350524e-03
 2.51537500e+00,        +1.414213562373e-01,        +2.827340809517e-01,        -1.886032459718e-03
 2.51540000e+00,        +1.414213562373e-01,        +2.827340941153e-01,        -1.888181822440e-03
 2.51542500e+00,        +1.414213562373e-01,        +2.827341071995e-01,        -1.890331439109e-03
 2.51545000e+00,        +1.414213562373e-01,        +2.827341202044e-01,        -1.892481310144e-03
 2.51547500e+00,        +1.414213562373e-01,        +2.827341331300e-01,        -1.894631435963e-03
 2.51550000e+00,        +1.414213562373e-01,        +2.827341459765e-01,        -1.896781816987e-03
 2.51552500e+00,        +1.414213562373e-01,        +2.827341587437e-01,        -1.898932453634e-03
 2.51555000e+00,        +1.414213562373e-01,        +2.827341714318e-01,        -1.901083346324e-03
 2.51557500e+00,        +1.414213562373e-01,        +2.827341840407e-01,        -1.903234495476e-03
 2.51560000e+00,        +1.414213562373e-01,        +2.827341965706e-01,        -1.905385901512e-03
 2.51562500e+00,        +1.414213562373e-01,        +2.827342090215e-01,        -1.907537564849e-03
 2.51565000e+00,        +1.414213562373e-01,        +2.827342213934e-01,        -1.909689485910e-03
 2.51567500e+00,        +1.414213562373e-01,        +2.827342336864e-01,        -1.911841665114e-03
 2.51570000e+00,        +1.414213562373e-01,        +2.827342459004e-01,        -1.913994102882e-03
 2.51572500e+00,        +1.414213562373e-01,        +2.827342580356e-01,        -1.916146799634e-03
 2.51575000e+00,        +1.414213562373e-01,        +2.827342700920e-01,        -1.918299755791e-03
 2.51577500e+00,        +1.414213562373e-01,        +2.827342820695e-01,        -1.920452971775e-03
 2.51580000e+00,        +1.414213562373e-01,        +2.827342939683e-01,        -1.922606448006e-03
 2.51582500e+00,        +1.414213562373e-01,        +2.827343057884e-01,        -1.924760184907e-03
 2.51585000e+00,        +1.414213562373e-01,        +2.827343175299e-01,        -1.926914182898e-03
 2.51587500e+00,        +1.414213562373e-01,        +2.827343291927e-01,        -1.929068442401e-03
 2.51590000e+00,        +1.414213562373e-01,        +2.827343407769e-01,        -1.931222963838e-03
 2.51592500e+00,        +1.414213562373e-01,        +2.827343522825e-01,        -1.933377747631e-03
 2.51595000e+00,        +1.414213562373e-01,        +2.827343637097e-01,        -1.935532794203e-03
 2.51597500e+00,        +1.414213562373e-01,        +2.827343750583e-01,        -1.937688103975e-03
 2.51600000e+00,        +1.414213562373e-01,        +2.827343863285e-01,        -1.939843677371e-03
 2.51602500e+00,        +1.414213562373e-01,        +2.827343975204e-01,        -1.941999514813e-03
 2.51605000e+00,        +1.414213562373e-01,        +2.827344086338e-01,        -1.944155616724e-03
 2.51607500e+00,        +1.414213562373e-01,        +2.827344196689e-01,        -1.946311983526e-03
 2.51610000e+00,        +1.414213562373e-01,        +2.827344306257e-01,        -1.948468615645e-03
 2.51612500e+00,        +1.414213562373e-01,        +2.827344415043e-01,        -1.950625513501e-03
 2.51615000e+00,        +1.414213562373e-01,        +2.827344523047e-01,        -1.952782677521e-03
 2.51617500e+00,        +1.414213562373e-01,        +2.827344630269e-01,        -1.954940108126e-03
 2.51620000e+00,        +1.414213562373e-01,        +2.827344736709e-01,        -1.957097805742e-03
 2.51622500e+00,        +1.414213562373e-01,        +2.827344842369e-01,        -1.959255770792e-03
 2.51625000e+00,        +1.414213562373e-01,        +2.827344947247e-01,        -1.961414003700e-03
 2.51627500e+00,        +1.414213562373e-01,        +2.827345051346e-01,        -1.963572504891e-03
 2.51630000e+00,        +1.414213562373e-01,        +2.827345154664e-01,        -1.965731274791e-03
 2.51632500e+00,        +1.414213562373e-01,        +2.827345257203e-01,        -1.967890313823e-03
 2.51635000e+00,        +1.414213562373e-01,        +2.827345358963e-01,        -1.970049622412e-03
 2.51637500e+00,        +1.414213562373e-01,        +2.827345459944e-01,        -1.972209200985e-03
 2.51640000e+00,        +1.414213562373e-01,        +2.827345560146e-01,        -1.974369049965e-03
 2.51642500e+00,        +1.414213562373e-01,        +2.827345659571e-01,        -1.976529169780e-03
 2.51645000e+00,        +1.414213562373e-01,        +2.827345758217e-01,        -1.978689560854e-03
 2.51647500e+00,        +1.414213562373e-01,        +2.827345856086e-01,        -1.980850223614e-03
 2.51650000e+00,        +1.414213562373e-01,        +2.827345953179e-01,        -1.983011158486e-03
 2.51652500e+00,        +1.414213562373e-01,        +2.827346049494e-01,        -1.985172365896e-03
 2.51655000e+00,        +1.414213562373e-01,        +2.827346145033e-01,        -1.987333846271e-03
 2.51657500e+00,        +1.414213562373e-01,        +2.827346239796e-01,        -1.989495600037e-03
 2.51660000e+00,        +1.414213562373e-01,        +2.827346333784e-01,        -1.991657627621e-03
 2.51662500e+00,        +1.414213562373e-01,        +2.827346426996e-01,        -1.993819929450e-03
 2.51665000e+00,        +1.414213562373e-01,        +2.827346519433e-01,        -1.995982505953e-03
 2.51667500e+00,        +1.414213562373e-01,        +2.827346611096e-01,        -1.998145357555e-03
 2.51670000e+00,        +1.414213562373e-01,        +2.827346701984e-01,        -2.000308484685e-03
 2.51672500e+00,        +1.414213562373e-01,        +2.827346792098e-01,        -2.002471887770e-03
 2.51675000e+00,        +1.414213562373e-01,        +2.827346881439e-01,        -2.004635567239e-03
 2.51677500e+00,        +1.414213562373e-01,        +2.827346970007e-01,        -2.006799523520e-03
 2.51680000e+00,        +1.414213562373e-01,        +2.827347057802e-01,        -2.008963757041e-03
 2.51682500e+00,        +1.414213562373e-01,        +2.827347144824e-01,        -2.011128268231e-03
 2.51685000e+00,        +1.414213562373e-01,        +2.827347231075e-01,        -2.013293057518e-03
 2.51687500e+00,        +1.414213562373e-01,        +2.827347316553e-01,        -2.015458125333e-03
 2.51690000e+00,        +1.414213562373e-01,        +2.827347401260e-01,        -2.017623472103e-03
 2.51692500e+00,        +1.414213562373e-01,        +2.827347485196e-01,        -2.019789098258e-03
 2.51695000e+00,        +1.414213562373e-01,        +2.827347568360e-01,        -2.021955004228e-03
 2.51697500e+00,        +1.414213562373e-01,        +2.827347650755e-01,        -2.024121190443e-03
 2.51700000e+00,        +1.414213562373e-01,        +2.827347732379e-01,        -2.026287657332e-03
 2.51702500e+00,        +1.414213562373e-01,        +2.827347813233e-01,        -2.028454405326e-03
 2.51705000e+00,        +1.414213562373e-01,        +2.827347893318e-01,        -2.030621434856e-03
 2.51707500e+00,        +1.414213562373e-01,        +2.827347972634e-01,        -2.032788746351e-03
 2.51710000e+00,        +1.414213562373e-01,        +2.827348051180e-01,        -2.034956340243e-03
 2.51712500e+00,        +1.414213562373e-01,        +2.827348128959e-01,        -2.037124216962e-03
 2.51715000e+00,        +1.414213562373e-01,        +2.827348205969e-01,        -2.039292376940e-03
 2.51717500e+00,        +1.414213562373e-01,        +2.827348282211e-01,        -2.041460820608e-03
 2.51720000e+00,        +1.414213562373e-01,        +2.827348357685e-01,        -2.043629548398e-03
 2.51722500e+00,        +1.414213562373e-01,        +2.827348432393e-01,        -2.045798560741e-03
 2.51725000e+00,        +1.414213562373e-01,        +2.827348506333e-01,        -2.047967858070e-03
 2.51727500e+00,        +1.414213562373e-01,        +2.827348579507e-01,        -2.050137440817e-03
 2.51730000e+00,        +1.414213562373e-01,        +2.827348651915e-01,        -2.052307309414e-03
 2.51732500e+00,        +1.414213562373e-01,        +2.827348723557e-01,        -2.054477464293e-03
 2.51735000e+00,        +1.414213562373e-01,        +2.827348794433e-01,        -2.056647905888e-03
 2.51737500e+00,        +1.414213562373e-01,        +2.827348864543e-01,        -2.058818634632e-03
 2.51740000e+00,        +1.414213562373e-01,        +2.827348933889e-01,        -2.060989650958e-03
 2.51742500e+00,        +1.414213562373e-01,        +2.827349002470e-01,        -2.063160955299e-03
 2.51745000e+00,        +1.414213562373e-01,        +2.827349070287e-01,        -2.065332548089e-03
 2.51747500e+00,        +1.414213562373e-01,        +2.827349137339e-01,        -2.067504429763e-03
 2.51750000e+00,        +1.414213562373e-01,        +2.827349203628e-01,        -2.069676600753e-03
 2.51752500e+00,        +1.414213562373e-01,        +2.827349269153e-01,        -2.071849061494e-03
 2.51755000e+00,        +1.414213562373e-01,        +2.827349333915e-01,        -2.074021812421e-03
 2.51757500e+00,        +1.414213562373e-01,        +2.827349397915e-01,        -2.076194853969e-03
 2.51760000e+00,        +1.414213562373e-01,        +2.827349461152e-01,        -2.078368186573e-03
 2.51762500e+00,        +1.414213562373e-01,        +2.827349523626e-01,        -2.080541810667e-03
 2.51765000e+00,        +1.414213562373e-01,        +2.827349585339e-01,        -2.082715726686e-03
 2.51767500e+00,        +1.414213562373e-01,        +2.827349646290e-01,        -2.084889935068e-03
 2.51770000e+00,        +1.414213562373e-01,        +2.827349706479e-01,        -2.087064436247e-03
 2.51772500e+00,        +1.414213562373e-01,        +2.827349765908e-01,        -2.089239230660e-03
 2.51775000e+00,        +1.414213562373e-01,        +2.827349824576e-01,        -2.091414318742e-03
 2.51777500e+00,        +1.414213562373e-01,        +2.827349882483e-01,        -2.093589700930e-03
 2.51780000e+00,        +1.414213562373e-01,        +2.827349939631e-01,        -2.095765377661e-03
 2.51782500e+00,        +1.414213562373e-01,        +2.827349996018e-01,        -2.097941349372e-03
 2.51785000e+00,        +1.414213562373e-01,        +2.827350051646e-01,        -2.100117616500e-03
 2.51787500e+00,        +1.414213562373e-01,        +2.827350106515e-01,        -2.102294179482e-03
 2.51790000e+00,        +1.414213562373e-01,        +2.827350160624e-01,        -2.104471038756e-03
 2.51792500e+00,        +1.414213562373e-01,        +2.827350213975e-01,        -2.106648194759e-03
 2.51795000e+00,        +1.414213562373e-01,        +2.827350266568e-01,        -2.108825647930e-03
 2.51797500e+00,        +1.414213562373e-01,        +2.827350318402e-01,        -2.111003398707e-03
 2.51800000e+00,        +1.414213562373e-01,        +2.827350369479e-01,        -2.113181447527e-03
 2.51802500e+00,        +1.414213562373e-01,        +2.827350419798e-01,        -2.115359794831e-03
 2.51805000e+00,        +1.414213562373e-01,        +2.827350469360e-01,        -2.117538441057e-03
 2.51807500e+00,        +1.414213562373e-01,        +2.827350518165e-01,        -2.119717386643e-03
 2.51810000e+00,        +1.414213562373e-01,        +2.827350566213e-01,        -2.121896632030e-03
 2.51812500e+00,        +1.414213562373e-01,        +2.827350613505e-01,        -2.124076177657e-03
 2.51815000e+00,        +1.414213562373e-01,        +2.827350660040e-01,        -2.126256023964e-03
 2.51817500e+00,        +1.414213562373e-01,        +2.827350705820e-01,        -2.128436171390e-03
 2.51820000e+00,        +1.414213562373e-01,        +2.827350750844e-01,        -2.130616620377e-03
 2.51822500e+00,        +1.414213562373e-01,        +2.827350795113e-01,        -2.132797371364e-03
 2.51825000e+00,        +1.414213562373e-01,        +2.827350838627e-01,        -2.134978424793e-03
 2.51827500e+00,        +1.414213562373e-01,        +2.827350881386e-01,        -2.137159781104e-03
 2.51830000e+00,        +1.414213562373e-01,        +2.827350923391e-01,        -2.139341440738e-03
 2.51832500e+00,        +1.414213562373e-01,        +2.827350964641e-01,        -2.141523404137e-03
 2.51835000e+00,        +1.414213562373e-01,        +2.827351005138e-01,        -2.143705671743e-03
 2.51837500e+00,        +1.414213562373e-01,        +2.827351044881e-01,        -2.145888243998e-03
 2.51840000e+00,        +1.414213562373e-01,        +2.827351083870e-01,        -2.148071121343e-03
 2.51842500e+00,        +1.414213562373e-01,        +2.827351122107e-01,        -2.150254304222e-03
 2.51845000e+00,        +1.414213562373e-01,        +2.827351159590e-01,        -2.152437793076e-03
 2.51847500e+00,        +1.414213562373e-01,        +2.827351196321e-01,        -2.154621588349e-03
 2.51850000e+00,        +1.414213562373e-01,        +2.827351232300e-01,        -2.156805690483e-03
 2.51852500e+00,        +1.414213562373e-01,        +2.827351267526e-01,        -2.158990099922e-03
 2.51855000e+00,        +1.414213562373e-01,        +2.827351302001e-01,        -2.161174817110e-03
 2.51857500e+00,        +1.414213562373e-01,        +2.827351335724e-01,        -2.163359842491e-03
 2.51860000e+00,        +1.414213562373e-01,        +2.827351368696e-01,        -2.165545176507e-03
 2.51862500e+00,        +1.414213562373e-01,        +2.827351400917e-01,        -2.167730819605e-03
 2.51865000e+00,        +1.414213562373e-01,        +2.827351432387e-01,        -2.169916772228e-03
 2.51867500e+00,        +1.414213562373e-01,        +2.827351463106e-01,        -2.172103034821e-03
 2.51870000e+00,        +1.414213562373e-01,        +2.827351493075e-01,        -2.174289607829e-03
 2.51872500e+00,        +1.414213562373e-01,        +2.827351522295e-01,        -2.176476491697e-03
 2.51875000e+00,        +1.414213562373e-01,        +2.827351550764e-01,        -2.178663686871e-03
 2.51877500e+00,        +1.414213562373e-01,        +2.827351578484e-01,        -2.180851193797e-03
 2.51880000e+00,        +1.414213562373e-01,        +2.827351605455e-01,        -2.183039012921e-03
 2.51882500e+00,        +1.414213562373e-01,        +2.827351631677e-01,        -2.185227144688e-03
 2.51885000e+00,        +1.414213562373e-01,        +2.827351657150e-01,        -2.187415589546e-03
 2.51887500e+00,        +1.414213562373e-01,        +2.827351681874e-01,        -2.189604347941e-03
 2.51890000e+00,        +1.414213562373e-01,        +2.827351705851e-01,        -2.191793420320e-03
 2.51892500e+00,        +1.414213562373e-01,        +2.827351729079e-01,        -2.193982807131e-03
 2.51895000e+00,        +1.414213562373e-01,        +2.827351751559e-01,        -2.196172508820e-03
 2.51897500e+00,        +1.414213562373e-01,        +2.827351773292e-01,        -2.198362525836e-03
 2.51900000e+00,        +1.414213562373e-01,        +2.827351794278e-01,        -2.200552858627e-03
 2.51902500e+00,        +1.414213562373e-01,        +2.827351814516e-01,        -2.202743507641e-03
 2.51905000e+00,        +1.414213562373e-01,        +2.827351834008e-01,        -2.204934473326e-03
 2.51907500e+00,        +1.414213562373e-01,        +2.827351852754e-01,        -2.207125756131e-03
 2.51910000e+00,        +1.414213562373e-01,        +2.827351870752e-01,        -2.209317356506e-03
 2.51912500e+00,        +1.414213562373e-01,        +2.827351888005e-01,        -2.211509274899e-03
 2.51915000e+00,        +1.414213562373e-01,        +2.827351904512e-01,        -2.213701511760e-03
 2.51917500e+00,        +1.414213562373e-01,        +2.827351920274e-01,        -2.215894067538e-03
 2.51920000e+00,        +1.414213562373e-01,        +2.827351935290e-01,        -2.218086942685e-03
 2.51922500e+00,        +1.414213562373e-01,        +2.827351949560e-01,        -2.220280137650e-03
 2.51925000e+00,        +1.414213562373e-01,        +2.827351963086e-01,        -2.222473652884e-03
 2.51927500e+00,        +1.414213562373e-01,        +2.827351975867e-01,        -2.224667488837e-03
 2.51930000e+00,        +1.414213562373e-01,        +2.827351987904e-01,        -2.226861645960e-03
 2.51932500e+00,        +1.414213562373e-01,        +2.827351999197e-01,        -2.229056124706e-03
 2.51935000e+00,        +1.414213562373e-01,        +2.827352009745e-01,        -2.231250925525e-03
 2.51937500e+00,        +1.414213562373e-01,        +2.827352019550e-01,        -2.233446048870e-03
 2.51940000e+00,        +1.414213562373e-01,        +2.827352028611e-01,        -2.235641495192e-03
 2.51942500e+00,        +1.414213562373e-01,        +2.827352036929e-01,        -2.237837264944e-03
 2.51945000e+00,        +1.414213562373e-01,        +2.827352044503e-01,        -2.240033358578e-03
 2.51947500e+00,        +1.414213562373e-01,        +2.827352051335e-01,        -2.242229776549e-03
 2.51950000e+00,        +1.414213562373e-01,        +2.827352057424e-01,        -2.244426519307e-03
 2.51952500e+00,        +1.414213562373e-01,        +2.827352062771e-01,        -2.246623587308e-03
 2.51955000e+00,        +1.414213562373e-01,        +2.827352067375e-01,        -2.248820981005e-03
 2.51957500e+00,        +1.414213562373e-01,        +2.827352071238e-01,        -2.251018700852e-03
 2.51960000e+00,        +1.414213562373e-01,        +2.827352074359e-01,        -2.253216747303e-03
 2.51962500e+00,        +1.414213562373e-01,        +2.827352076738e-01,        -2.255415120812e-03
 2.51965000e+00,        +1.414213562373e-01,        +2.827352078375e-01,        -2.257613821835e-03
 2.51967500e+00,        +1.414213562373e-01,        +2.827352079272e-01,        -2.259812850827e-03
 2.51970000e+00,        +1.414213562373e-01,        +2.827352079427e-01,        -2.262012208242e-03
 2.51972500e+00,        +1.414213562373e-01,        +2.827352078842e-01,        -2.264211894537e-03
 2.51975000e+00,        +1.414213562373e-01,        +2.827352077516e-01,        -2.266411910167e-03
 2.51977500e+00,        +1.414213562373e-01,        +2.827352075450e-01,        -2.268612255588e-03
 2.51980000e+00,        +1.414213562373e-01,        +2.827352072644e-01,        -2.270812931258e-03
 2.51982500e+00,        +1.414213562373e-01,        +2.827352069098e-01,        -2.273013937632e-03
 2.51985000e+00,        +1.414213562373e-01,        +2.827352064813e-01,        -2.275215275167e-03
 2.51987500e+00,        +1.414213562373e-01,        +2.827352059787e-01,        -2.277416944322e-03
 2.51990000e+00,        +1.414213562373e-01,        +2.827352054023e-01,        -2.279618945553e-03
 2.51992500e+00,        +1.414213562373e-01,        +2.827352047519e-01,        -2.281821279318e-03
 2.51995000e+00,        +1.414213562373e-01,        +2.827352040277e-01,        -2.284023946075e-03
 2.51997500e+00,        +1.414213562373e-01,        +2.827352032296e-01,        -2.286226946283e-03
 2.52000000e+00,        +1.414213562373e-01,        +2.827352023576e-01,        -2.288430280401e-03
