        f (GHz),               I_inc[1] (A),               Re{I[1]} (A),               Im{I[1]} (A)
 2.40000000e+00,        +1.414213562373e-01,        +2.369363663872e-01,        -5.197117481831e-02
 2.40002500e+00,        +1.414213562373e-01,        +2.369350317274e-01,        -5.197167286564e-02
 2.40005000e+00,        +1.414213562373e-01,        +2.369336968750e-01,        -5.197217090323e-02
 2.40007500e+00,        +1.414213562373e-01,        +2.369323618297e-01,        -5.197266893109e-02
 2.40010000e+00,        +1.414213562373e-01,        +2.369310265911e-01,        -5.197316694922e-02
 2.40012500e+00,        +1.414213562373e-01,        +2.369296911591e-01,        -5.197366495762e-02
 2.40015000e+00,        +1.414213562373e-01,        +2.369283555333e-01,        -5.197416295629e-02
 2.40017500e+00,        +1.414213562373e-01,        +2.369270197134e-01,        -5.197466094521e-02
 2.40020000e+00,        +1.414213562373e-01,        +2.369256836992e-01,        -5.197515892441e-02
 2.40022500e+00,        +1.414213562373e-01,        +2.369243474904e-01,        -5.197565689386e-02
 2.40025000e+00,        +1.414213562373e-01,        +2.369230110866e-01,        -5.197615485357e-02
 2.40027500e+00,        +1.414213562373e-01,        +2.369216744877e-01,        -5.197665280354e-02
 2.40030000e+00,        +1.414213562373e-01,        +2.369203376933e-01,        -5.197715074377e-02
 2.40032500e+00,        +1.414213562373e-01,        +2.369190007031e-01,        -5.197764867426e-02
 2.40035000e+00,        +1.414213562373e-01,        +2.369176635169e-01,        -5.197814659500e-02
 2.40037500e+00,        +1.414213562373e-01,        +2.369163261343e-01,        -5.197864450599e-02
 2.40040000e+00,        +1.414213562373e-01,        +2.369149885551e-01,        -5.197914240724e-02
 2.40042500e+00,        +1.414213562373e-01,        +2.369136507789e-01,        -5.197964029873e-02
 2.40045000e+00,        +1.414213562373e-01,        +2.369123128056e-01,        -5.198013818048e-02
 2.40047500e+00,        +1.414213562373e-01,        +2.369109746347e-01,        -5.198063605247e-02
 2.40050000e+00,        +1.414213562373e-01,        +2.369096362660e-01,        -5.198113391470e-02
 2.40052500e+00,        +1.414213562373e-01,        +2.369082976992e-01,        -5.198163176719e-02
 2.40055000e+00,        +1.414213562373e-01,        +2.369069589341e-01,        -5.198212960991e-02
 2.40057500e+00,        +1.414213562373e-01,        +2.369056199702e-01,        -5.198262744287e-02
 2.40060000e+00,        +1.414213562373e-01,        +2.369042808074e-01,        -5.198312526608e-02
 2.40062500e+00,        +1.414213562373e-01,        +2.369029414453e-01,        -5.198362307952e-02
 2.40065000e+00,        +1.414213562373e-01,        +2.369016018836e-01,        -5.198412088320e-02
 2.40067500e+00,        +1.414213562373e-01,        +2.369002621221e-01,        -5.198461867711e-02
 2.40070000e+00,        +1.414213562373e-01,        +2.368989221604e-01,        -5.198511646125e-02
 2.40072500e+00,        +1.414213562373e-01,        +2.368975819982e-01,        -5.198561423563e-02
 2.40075000e+00,        +1.414213562373e-01,        +2.368962416352e-01,        -5.198611200023e-02
 2.40077500e+00,        +1.414213562373e-01,        +2.368949010712e-01,        -5.198660975506e-02
 2.40080000e+00,        +1.414213562373e-01,        +2.368935603057e-01,        -5.198710750012e-02
 2.40082500e+00,        +1.414213562373e-01,        +2.368922193387e-01,        -5.198760523540e-02
 2.40085000e+00,        +1.414213562373e-01,        +2.368908781696e-01,        -5.198810296091e-02
 2.40087500e+00,        +1.414213562373e-01,        +2.368895367982e-01,        -5.198860067663e-02
 2.40090000e+00,        +1.414213562373e-01,        +2.368881952243e-01,        -5.198909838258e-02
 2.40092500e+00,        +1.414213562373e-01,        +2.368868534474e-01,        -5.198959607874e-02
 2.40095000e+00,        +1.414213562373e-01,        +2.368855114674e-01,        -5.199009376511e-02
 2.40097500e+00,        +1.414213562373e-01,        +2.368841692838e-01,        -5.199059144170e-02
 2.40100000e+00,        +1.414213562373e-01,        +2.368828268965e-01,        -5.199108910850e-02
 2.40102500e+00,        +1.414213562373e-01,        +2.368814843050e-01,        -5.199158676551e-02
 2.40105000e+00,        +1.414213562373e-01,        +2.368801415090e-01,        -5.199208441272e-02
 2.40107500e+00,        +1.414213562373e-01,        +2.368787985084e-01,        -5.199258205014e-02
 2.40110000e+00,        +1.414213562373e-01,        +2.368774553026e-01,        -5.199307967777e-02
 2.40112500e+00,        +1.414213562373e-01,        +2.368761118915e-01,        -5.199357729559e-02
 2.40115000e+00,        +1.414213562373e-01,        +2.368747682747e-01,        -5.199407490362e-02
 2.40117500e+00,        +1.414213562373e-01,        +2.368734244519e-01,        -5.199457250184e-02
 2.40120000e+00,        +1.414213562373e-01,        +2.368720804228e-01,        -5.199507009026e-02
 2.40122500e+00,        +1.414213562373e-01,        +2.368707361871e-01,        -5.199556766886e-02
 2.40125000e+00,        +1.414213562373e-01,        +2.368693917444e-01,        -5.199606523767e-02
 2.40127500e+00,        +1.414213562373e-01,        +2.368680470945e-01,        -5.199656279666e-02
 2.40130000e+00,        +1.414213562373e-01,        +2.368667022370e-01,        -5.199706034583e-02
 2.40132500e+00,        +1.414213562373e-01,        +2.368653571716e-01,        -5.199755788519e-02
 2.40135000e+00,        +1.414213562373e-01,        +2.368640118979e-01,        -5.199805541474e-02
 2.40137500e+00,        +1.414213562373e-01,        +2.368626664158e-01,        -5.199855293446e-02
 2.40140000e+00,        +1.414213562373e-01,        +2.368613207248e-01,        -5.199905044436e-02
 2.40142500e+00,        +1.414213562373e-01,        +2.368599748245e-01,        -5.199954794444e-02
 2.40145000e+00,        +1.414213562373e-01,        +2.368586287148e-01,        -5.200004543469e-02
 2.40147500e+00,        +1.414213562373e-01,        +2.368572823953e-01,        -5.200054291511e-02
 2.40150000e+00,        +1.414213562373e-01,        +2.368559358656e-01,        -5.200104038570e-02
 2.40152500e+00,        +1.414213562373e-01,        +2.368545891254e-01,        -5.200153784646e-02
 2.40155000e+00,        +1.414213562373e-01,        +2.368532421745e-01,        -5.200203529738e-02
 2.40157500e+00,        +1.414213562373e-01,        +2.368518950124e-01,        -5.200253273846e-02
 2.40160000e+00,        +1.414213562373e-01,        +2.368505476388e-01,        -5.200303016970e-02
 2.40162500e+00,        +1.414213562373e-01,        +2.368492000534e-01,        -5.200352759110e-02
 2.40165000e+00,        +1.414213562373e-01,        +2.368478522560e-01,        -5.200402500266e-02
 2.40167500e+00,        +1.414213562373e-01,        +2.368465042460e-01,        -5.200452240436e-02
 2.40170000e+00,        +1.414213562373e-01,        +2.368451560233e-01,        -5.200501979622e-02
 2.40172500e+00,        +1.414213562373e-01,        +2.368438075875e-01,        -5.200551717822e-02
 2.40175000e+00,        +1.414213562373e-01,        +2.368424589383e-01,        -5.200601455036e-02
 2.40177500e+00,        +1.414213562373e-01,        +2.368411100752e-01,        -5.200651191265e-02
 2.40180000e+00,        +1.414213562373e-01,        +2.368397609981e-01,        -5.200700926508e-02
 2.40182500e+00,        +1.414213562373e-01,        +2.368384117064e-01,        -5.200750660764e-02
 2.40185000e+00,        +1.414213562373e-01,        +2.368370622000e-01,        -5.200800394034e-02
 2.40187500e+00,        +1.414213562373e-01,        +2.368357124785e-01,        -5.200850126317e-02
 2.40190000e+00,        +1.414213562373e-01,        +2.368343625415e-01,        -5.200899857613e-02
 2.40192500e+00,        +1.414213562373e-01,        +2.368330123887e-01,        -5.200949587921e-02
 2.40195000e+00,        +1.414213562373e-01,        +2.368316620198e-01,        -5.200999317242e-02
 2.40197500e+00,        +1.414213562373e-01,        +2.368303114344e-01,        -5.201049045574e-02
 2.40200000e+00,        +1.414213562373e-01,        +2.368289606321e-01,        -5.201098772919e-02
 2.40202500e+00,        +1.414213562373e-01,        +2.368276096127e-01,        -5.201148499275e-02
 2.40205000e+00,        +1.414213562373e-01,        +2.368262583757e-01,        -5.201198224642e-02
 2.40207500e+00,        +1.414213562373e-01,        +2.368249069209e-01,        -5.201247949020e-02
 2.40210000e+00,        +1.414213562373e-01,        +2.368235552479e-01,        -5.201297672409e-02
 2.40212500e+00,        +1.414213562373e-01,        +2.368222033563e-01,        -5.201347394808e-02
 2.40215000e+00,        +1.414213562373e-01,        +2.368208512459e-01,        -5.201397116217e-02
 2.40217500e+00,        +1.414213562373e-01,        +2.368194989161e-01,        -5.201446836635e-02
 2.40220000e+00,        +1.414213562373e-01,        +2.368181463668e-01,        -5.201496556064e-02
 2.40222500e+00,        +1.414213562373e-01,        +2.368167935975e-01,        -5.201546274501e-02
 2.40225000e+00,        +1.414213562373e-01,        +2.368154406079e-01,        -5.201595991947e-02
 2.40227500e+00,        +1.414213562373e-01,        +2.368140873977e-01,        -5.201645708402e-02
 2.40230000e+00,        +1.414213562373e-01,        +2.368127339665e-01,        -5.201695423865e-02
 2.40232500e+00,        +1.414213562373e-01,        +2.368113803139e-01,        -5.201745138336e-02
 2.40235000e+00,        +1.414213562373e-01,        +2.368100264395e-01,        -5.201794851814e-02
 2.40237500e+00,        +1.414213562373e-01,        +2.368086723431e-01,        -5.201844564300e-02
 2.40240000e+00,        +1.414213562373e-01,        +2.368073180243e-01,        -5.201894275793e-02
 2.40242500e+00,        +1.414213562373e-01,        +2.368059634827e-01,        -5.201943986292e-02
 2.40245000e+00,        +1.414213562373e-01,        +2.368046087179e-01,        -5.201993695798e-02
 2.40247500e+00,        +1.414213562373e-01,        +2.368032537296e-01,        -5.202043404310e-02
 2.40250000e+00,        +1.414213562373e-01,        +2.368018985175e-01,        -5.202093111827e-02
 2.40252500e+00,        +1.414213562373e-01,        +2.368005430811e-01,        -5.202142818349e-02
 2.40255000e+00,        +1.414213562373e-01,        +2.367991874201e-01,        -5.202192523877e-02
 2.40257500e+00,        +1.414213562373e-01,        +2.367978315342e-01,        -5.202242228409e-02
 2.40260000e+00,        +1.414213562373e-01,        +2.367964754229e-01,        -5.202291931946e-02
 2.40262500e+00,        +1.414213562373e-01,        +2.367951190860e-01,        -5.202341634486e-02
 2.40265000e+00,        +1.414213562373e-01,        +2.367937625229e-01,        -5.202391336030e-02
 2.40267500e+00,        +1.414213562373e-01,        +2.367924057335e-01,        -5.202441036578e-02
 2.40270000e+00,        +1.414213562373e-01,        +2.367910487173e-01,        -5.202490736128e-02
 2.40272500e+00,        +1.414213562373e-01,        +2.367896914738e-01,        -5.202540434681e-02
 2.40275000e+00,        +1.414213562373e-01,        +2.367883340029e-01,        -5.202590132235e-02
 2.40277500e+00,        +1.414213562373e-01,        +2.367869763041e-01,        -5.202639828792e-02
 2.40280000e+00,        +1.414213562373e-01,        +2.367856183769e-01,        -5.202689524350e-02
 2.40282500e+00,        +1.414213562373e-01,        +2.367842602211e-01,        -5.202739218910e-02
 2.40285000e+00,        +1.414213562373e-01,        +2.367829018363e-01,        -5.202788912470e-02
 2.40287500e+00,        +1.414213562373e-01,        +2.367815432221e-01,        -5.202838605030e-02
 2.40290000e+00,        +1.414213562373e-01,        +2.367801843781e-01,        -5.202888296590e-02
 2.40292500e+00,        +1.414213562373e-01,        +2.367788253039e-01,        -5.202937987150e-02
 2.40295000e+00,        +1.414213562373e-01,        +2.367774659992e-01,        -5.202987676709e-02
 2.40297500e+00,        +1.414213562373e-01,        +2.367761064635e-01,        -5.203037365266e-02
 2.40300000e+00,        +1.414213562373e-01,        +2.367747466966e-01,        -5.203087052823e-02
 2.40302500e+00,        +1.414213562373e-01,        +2.367733866980e-01,        -5.203136739377e-02
 2.40305000e+00,        +1.414213562373e-01,        +2.367720264673e-01,        -5.203186424928e-02
 2.40307500e+00,        +1.414213562373e-01,        +2.367706660041e-01,        -5.203236109477e-02
 2.40310000e+00,        +1.414213562373e-01,        +2.367693053081e-01,        -5.203285793023e-02
 2.40312500e+00,        +1.414213562373e-01,        +2.367679443789e-01,        -5.203335475565e-02
 2.40315000e+00,        +1.414213562373e-01,        +2.367665832161e-01,        -5.203385157103e-02
 2.40317500e+00,        +1.414213562373e-01,        +2.367652218192e-01,        -5.203434837637e-02
 2.40320000e+00,        +1.414213562373e-01,        +2.367638601880e-01,        -5.203484517166e-02
 2.40322500e+00,        +1.414213562373e-01,        +2.367624983220e-01,        -5.203534195689e-02
 2.40325000e+00,        +1.414213562373e-01,        +2.367611362208e-01,        -5.203583873207e-02
 2.40327500e+00,        +1.414213562373e-01,        +2.367597738840e-01,        -5.203633549719e-02
 2.40330000e+00,        +1.414213562373e-01,        +2.367584113113e-01,        -5.203683225224e-02
 2.40332500e+00,        +1.414213562373e-01,        +2.367570485022e-01,        -5.203732899722e-02
 2.40335000e+00,        +1.414213562373e-01,        +2.367556854564e-01,        -5.203782573213e-02
 2.40337500e+00,        +1.414213562373e-01,        +2.367543221734e-01,        -5.203832245696e-02
 2.40340000e+00,        +1.414213562373e-01,        +2.367529586528e-01,        -5.203881917170e-02
 2.40342500e+00,        +1.414213562373e-01,        +2.367515948944e-01,        -5.203931587636e-02
 2.40345000e+00,        +1.414213562373e-01,        +2.367502308975e-01,        -5.203981257093e-02
 2.40347500e+00,        +1.414213562373e-01,        +2.367488666619e-01,        -5.204030925539e-02
 2.40350000e+00,        +1.414213562373e-01,        +2.367475021872e-01,        -5.204080592976e-02
 2.40352500e+00,        +1.414213562373e-01,        +2.367461374729e-01,        -5.204130259402e-02
 2.40355000e+00,        +1.414213562373e-01,        +2.367447725186e-01,        -5.204179924817e-02
 2.40357500e+00,        +1.414213562373e-01,        +2.367434073239e-01,        -5.204229589221e-02
 2.40360000e+00,        +1.414213562373e-01,        +2.367420418885e-01,        -5.204279252612e-02
 2.40362500e+00,        +1.414213562373e-01,        +2.367406762119e-01,        -5.204328914991e-02
 2.40365000e+00,        +1.414213562373e-01,        +2.367393102937e-01,        -5.204378576357e-02
 2.40367500e+00,        +1.414213562373e-01,        +2.367379441335e-01,        -5.204428236710e-02
 2.40370000e+00,        +1.414213562373e-01,        +2.367365777308e-01,        -5.204477896049e-02
 2.40372500e+00,        +1.414213562373e-01,        +2.367352110853e-01,        -5.204527554373e-02
 2.40375000e+00,        +1.414213562373e-01,        +2.367338441966e-01,        -5.204577211682e-02
 2.40377500e+00,        +1.414213562373e-01,        +2.367324770642e-01,        -5.204626867976e-02
 2.40380000e+00,        +1.414213562373e-01,        +2.367311096878e-01,        -5.204676523254e-02
 2.40382500e+00,        +1.414213562373e-01,        +2.367297420668e-01,        -5.204726177515e-02
 2.40385000e+00,        +1.414213562373e-01,        +2.367283742009e-01,        -5.204775830759e-02
 2.40387500e+00,        +1.414213562373e-01,        +2.367270060897e-01,        -5.204825482986e-02
 2.40390000e+00,        +1.414213562373e-01,        +2.367256377327e-01,        -5.204875134195e-02
 2.40392500e+00,        +1.414213562373e-01,        +2.367242691295e-01,        -5.204924784386e-02
 2.40395000e+00,        +1.414213562373e-01,        +2.367229002798e-01,        -5.204974433557e-02
 2.40397500e+00,        +1.414213562373e-01,        +2.367215311829e-01,        -5.205024081709e-02
 2.40400000e+00,        +1.414213562373e-01,        +2.367201618387e-01,        -5.205073728840e-02
 2.40402500e+00,        +1.414213562373e-01,        +2.367187922465e-01,        -5.205123374951e-02
 2.40405000e+00,        +1.414213562373e-01,        +2.367174224061e-01,        -5.205173020041e-02
 2.40407500e+00,        +1.414213562373e-01,        +2.367160523169e-01,        -5.205222664109e-02
 2.40410000e+00,        +1.414213562373e-01,        +2.367146819785e-01,        -5.205272307154e-02
 2.40412500e+00,        +1.414213562373e-01,        +2.367133113905e-01,        -5.205321949177e-02
 2.40415000e+00,        +1.414213562373e-01,        +2.367119405525e-01,        -5.205371590176e-02
 2.40417500e+00,        +1.414213562373e-01,        +2.367105694640e-01,        -5.205421230152e-02
 2.40420000e+00,        +1.414213562373e-01,        +2.367091981245e-01,        -5.205470869102e-02
 2.40422500e+00,        +1.414213562373e-01,        +2.367078265338e-01,        -5.205520507028e-02
 2.40425000e+00,        +1.414213562373e-01,        +2.367064546912e-01,        -5.205570143928e-02
 2.40427500e+00,        +1.414213562373e-01,        +2.367050825964e-01,        -5.205619779801e-02
 2.40430000e+00,        +1.414213562373e-01,        +2.367037102490e-01,        -5.205669414648e-02
 2.40432500e+00,        +1.414213562373e-01,        +2.367023376484e-01,        -5.205719048467e-02
 2.40435000e+00,        +1.414213562373e-01,        +2.367009647943e-01,        -5.205768681258e-02
 2.40437500e+00,        +1.414213562373e-01,        +2.366995916862e-01,        -5.205818313020e-02
 2.40440000e+00,        +1.414213562373e-01,        +2.366982183237e-01,        -5.205867943753e-02
 2.40442500e+00,        +1.414213562373e-01,        +2.366968447062e-01,        -5.205917573456e-02
 2.40445000e+00,        +1.414213562373e-01,        +2.366954708334e-01,        -5.205967202129e-02
 2.40447500e+00,        +1.414213562373e-01,        +2.366940967049e-01,        -5.206016829770e-02
 2.40450000e+00,        +1.414213562373e-01,        +2.366927223200e-01,        -5.206066456380e-02
 2.40452500e+00,        +1.414213562373e-01,        +2.366913476785e-01,        -5.206116081957e-02
 2.40455000e+00,        +1.414213562373e-01,        +2.366899727799e-01,        -5.206165706501e-02
 2.40457500e+00,        +1.414213562373e-01,        +2.366885976236e-01,        -5.206215330012e-02
 2.40460000e+00,        +1.414213562373e-01,        +2.366872222093e-01,        -5.206264952488e-02
 2.40462500e+00,        +1.414213562373e-01,        +2.366858465364e-01,        -5.206314573929e-02
 2.40465000e+00,        +1.414213562373e-01,        +2.366844706046e-01,        -5.206364194335e-02
 2.40467500e+00,        +1.414213562373e-01,        +2.366830944133e-01,        -5.206413813704e-02
 2.40470000e+00,        +1.414213562373e-01,        +2.366817179622e-01,        -5.206463432037e-02
 2.40472500e+00,        +1.414213562373e-01,        +2.366803412507e-01,        -5.206513049332e-02
 2.40475000e+00,        +1.414213562373e-01,        +2.366789642783e-01,        -5.206562665588e-02
 2.40477500e+00,        +1.414213562373e-01,        +2.366775870447e-01,        -5.206612280806e-02
 2.40480000e+00,        +1.414213562373e-01,        +2.366762095493e-01,        -5.206661894984e-02
 2.40482500e+00,        +1.414213562373e-01,        +2.366748317917e-01,        -5.206711508121e-02
 2.40485000e+00,        +1.414213562373e-01,        +2.366734537714e-01,        -5.206761120218e-02
 2.40487500e+00,        +1.414213562373e-01,        +2.366720754879e-01,        -5.206810731273e-02
 2.40490000e+00,        +1.414213562373e-01,        +2.366706969407e-01,        -5.206860341285e-02
 2.40492500e+00,        +1.414213562373e-01,        +2.366693181295e-01,        -5.206909950255e-02
 2.40495000e+00,        +1.414213562373e-01,        +2.366679390537e-01,        -5.206959558180e-02
 2.40497500e+00,        +1.414213562373e-01,        +2.366665597128e-01,        -5.207009165061e-02
 2.40500000e+00,        +1.414213562373e-01,        +2.366651801063e-01,        -5.207058770897e-02
 2.40502500e+00,        +1.414213562373e-01,        +2.366638002339e-01,        -5.207108375686e-02
 2.40505000e+00,        +1.414213562373e-01,        +2.366624200949e-01,        -5.207157979429e-02
 2.40507500e+00,        +1.414213562373e-01,        +2.366610396889e-01,        -5.207207582125e-02
 2.40510000e+00,        +1.414213562373e-01,        +2.366596590155e-01,        -5.207257183772e-02
 2.40512500e+00,        +1.414213562373e-01,        +2.366582780741e-01,        -5.207306784370e-02
 2.40515000e+00,        +1.414213562373e-01,        +2.366568968643e-01,        -5.207356383919e-02
 2.40517500e+00,        +1.414213562373e-01,        +2.366555153855e-01,        -5.207405982417e-02
 2.40520000e+00,        +1.414213562373e-01,        +2.366541336373e-01,        -5.207455579864e-02
 2.40522500e+00,        +1.414213562373e-01,        +2.366527516192e-01,        -5.207505176258e-02
 2.40525000e+00,        +1.414213562373e-01,        +2.366513693308e-01,        -5.207554771600e-02
 2.40527500e+00,        +1.414213562373e-01,        +2.366499867714e-01,        -5.207604365889e-02
 2.40530000e+00,        +1.414213562373e-01,        +2.366486039406e-01,        -5.207653959123e-02
 2.40532500e+00,        +1.414213562373e-01,        +2.366472208379e-01,        -5.207703551301e-02
 2.40535000e+00,        +1.414213562373e-01,        +2.366458374629e-01,        -5.207753142424e-02
 2.40537500e+00,        +1.414213562373e-01,        +2.366444538149e-01,        -5.207802732490e-02
 2.40540000e+00,        +1.414213562373e-01,        +2.366430698936e-01,        -5.207852321499e-02
 2.40542500e+00,        +1.414213562373e-01,        +2.366416856984e-01,        -5.207901909449e-02
 2.40545000e+00,        +1.414213562373e-01,        +2.366403012288e-01,        -5.207951496339e-02
 2.40547500e+00,        +1.414213562373e-01,        +2.366389164842e-01,        -5.208001082170e-02
 2.40550000e+00,        +1.414213562373e-01,        +2.366375314643e-01,        -5.208050666940e-02
 2.40552500e+00,        +1.414213562373e-01,        +2.366361461685e-01,        -5.208100250648e-02
 2.40555000e+00,        +1.414213562373e-01,        +2.366347605963e-01,        -5.208149833294e-02
 2.40557500e+00,        +1.414213562373e-01,        +2.366333747471e-01,        -5.208199414876e-02
 2.40560000e+00,        +1.414213562373e-01,        +2.366319886204e-01,        -5.208248995393e-02
 2.40562500e+00,        +1.414213562373e-01,        +2.366306022158e-01,        -5.208298574846e-02
 2.40565000e+00,        +1.414213562373e-01,        +2.366292155327e-01,        -5.208348153232e-02
 2.40567500e+00,        +1.414213562373e-01,        +2.366278285707e-01,        -5.208397730552e-02
 2.40570000e+00,        +1.414213562373e-01,        +2.366264413291e-01,        -5.208447306804e-02
 2.40572500e+00,        +1.414213562373e-01,        +2.366250538075e-01,        -5.208496881987e-02
 2.40575000e+00,        +1.414213562373e-01,        +2.366236660053e-01,        -5.208546456101e-02
 2.40577500e+00,        +1.414213562373e-01,        +2.366222779220e-01,        -5.208596029144e-02
 2.40580000e+00,        +1.414213562373e-01,        +2.366208895571e-01,        -5.208645601115e-02
 2.40582500e+00,        +1.414213562373e-01,        +2.366195009101e-01,        -5.208695172015e-02
 2.40585000e+00,        +1.414213562373e-01,        +2.366181119805e-01,        -5.208744741841e-02
 2.40587500e+00,        +1.414213562373e-01,        +2.366167227676e-01,        -5.208794310593e-02
 2.40590000e+00,        +1.414213562373e-01,        +2.366153332710e-01,        -5.208843878270e-02
 2.40592500e+00,        +1.414213562373e-01,        +2.366139434902e-01,        -5.208893444871e-02
 2.40595000e+00,        +1.414213562373e-01,        +2.366125534245e-01,        -5.208943010395e-02
 2.40597500e+00,        +1.414213562373e-01,        +2.366111630735e-01,        -5.208992574840e-02
 2.40600000e+00,        +1.414213562373e-01,        +2.366097724367e-01,        -5.209042138207e-02
 2.40602500e+00,        +1.414213562373e-01,        +2.366083815135e-01,        -5.209091700494e-02
 2.40605000e+00,        +1.414213562373e-01,        +2.366069903033e-01,        -5.209141261701e-02
 2.40607500e+00,        +1.414213562373e-01,        +2.366055988056e-01,        -5.209190821825e-02
 2.40610000e+00,        +1.414213562373e-01,        +2.366042070199e-01,        -5.209240380867e-02
 2.40612500e+00,        +1.414213562373e-01,        +2.366028149456e-01,        -5.209289938825e-02
 2.40615000e+00,        +1.414213562373e-01,        +2.366014225822e-01,        -5.209339495697e-02
 2.40617500e+00,        +1.414213562373e-01,        +2.366000299290e-01,        -5.209389051485e-02
 2.40620000e+00,        +1.414213562373e-01,        +2.365986369857e-01,        -5.209438606185e-02
 2.40622500e+00,        +1.414213562373e-01,        +2.365972437516e-01,        -5.209488159797e-02
 2.40625000e+00,        +1.414213562373e-01,        +2.365958502261e-01,        -5.209537712321e-02
 2.40627500e+00,        +1.414213562373e-01,        +2.365944564088e-01,        -5.209587263754e-02
 2.40630000e+00,        +1.414213562373e-01,        +2.365930622990e-01,        -5.209636814097e-02
 2.40632500e+00,        +1.414213562373e-01,        +2.365916678962e-01,        -5.209686363347e-02
 2.40635000e+00,        +1.414213562373e-01,        +2.365902731998e-01,        -5.209735911505e-02
 2.40637500e+00,        +1.414213562373e-01,        +2.365888782092e-01,        -5.209785458568e-02
 2.40640000e+00,        +1.414213562373e-01,        +2.365874829240e-01,        -5.209835004536e-02
 2.40642500e+00,        +1.414213562373e-01,        +2.365860873435e-01,        -5.209884549408e-02
 2.40645000e+00,        +1.414213562373e-01,        +2.365846914672e-01,        -5.209934093182e-02
 2.40647500e+00,        +1.414213562373e-01,        +2.365832952945e-01,        -5.209983635857e-02
 2.40650000e+00,        +1.414213562373e-01,        +2.365818988247e-01,        -5.210033177434e-02
 2.40652500e+00,        +1.414213562373e-01,        +2.365805020575e-01,        -5.210082717909e-02
 2.40655000e+00,        +1.414213562373e-01,        +2.365791049921e-01,        -5.210132257282e-02
 2.40657500e+00,        +1.414213562373e-01,        +2.365777076280e-01,        -5.210181795553e-02
 2.40660000e+00,        +1.414213562373e-01,        +2.365763099647e-01,        -5.210231332719e-02
 2.40662500e+00,        +1.414213562373e-01,        +2.365749120014e-01,        -5.210280868780e-02
 2.40665000e+00,        +1.414213562373e-01,        +2.365735137378e-01,        -5.210330403735e-02
 2.40667500e+00,        +1.414213562373e-01,        +2.365721151731e-01,        -5.210379937582e-02
 2.40670000e+00,        +1.414213562373e-01,        +2.365707163067e-01,        -5.210429470320e-02
 2.40672500e+00,        +1.414213562373e-01,        +2.365693171382e-01,        -5.210479001949e-02
 2.40675000e+00,        +1.414213562373e-01,        +2.365679176669e-01,        -5.210528532466e-02
 2.40677500e+00,        +1.414213562373e-01,        +2.365665178922e-01,        -5.210578061871e-02
 2.40680000e+00,        +1.414213562373e-01,        +2.365651178136e-01,        -5.210627590163e-02
 2.40682500e+00,        +1.414213562373e-01,        +2.365637174304e-01,        -5.210677117339e-02
 2.40685000e+00,        +1.414213562373e-01,        +2.365623167420e-01,        -5.210726643400e-02
 2.40687500e+00,        +1.414213562373e-01,        +2.365609157478e-01,        -5.210776168344e-02
 2.40690000e+00,        +1.414213562373e-01,        +2.365595144473e-01,        -5.210825692169e-02
 2.40692500e+00,        +1.414213562373e-01,        +2.365581128398e-01,        -5.210875214875e-02
 2.40695000e+00,        +1.414213562373e-01,        +2.365567109247e-01,        -5.210924736460e-02
 2.40697500e+00,        +1.414213562373e-01,        +2.365553087015e-01,        -5.210974256922e-02
 2.40700000e+00,        +1.414213562373e-01,        +2.365539061695e-01,        -5.211023776261e-02
 2.40702500e+00,        +1.414213562373e-01,        +2.365525033280e-01,        -5.211073294476e-02
 2.40705000e+00,        +1.414213562373e-01,        +2.365511001766e-01,        -5.211122811565e-02
 2.40707500e+00,        +1.414213562373e-01,        +2.365496967146e-01,        -5.211172327526e-02
 2.40710000e+00,        +1.414213562373e-01,        +2.365482929413e-01,        -5.211221842359e-02
 2.40712500e+00,        +1.414213562373e-01,        +2.365468888562e-01,        -5.211271356061e-02
 2.40715000e+00,        +1.414213562373e-01,        +2.365454844585e-01,        -5.211320868633e-02
 2.40717500e+00,        +1.414213562373e-01,        +2.365440797478e-01,        -5.211370380072e-02
 2.40720000e+00,        +1.414213562373e-01,        +2.365426747234e-01,        -5.211419890377e-02
 2.40722500e+00,        +1.414213562373e-01,        +2.365412693847e-01,        -5.211469399548e-02
 2.40725000e+00,        +1.414213562373e-01,        +2.365398637309e-01,        -5.211518907581e-02
 2.40727500e+00,        +1.414213562373e-01,        +2.365384577616e-01,        -5.211568414476e-02
 2.40730000e+00,        +1.414213562373e-01,        +2.365370514760e-01,        -5.211617920233e-02
 2.40732500e+00,        +1.414213562373e-01,        +2.365356448736e-01,        -5.211667424848e-02
 2.40735000e+00,        +1.414213562373e-01,        +2.365342379537e-01,        -5.211716928322e-02
 2.40737500e+00,        +1.414213562373e-01,        +2.365328307157e-01,        -5.211766430651e-02
 2.40740000e+00,        +1.414213562373e-01,        +2.365314231588e-01,        -5.211815931836e-02
 2.40742500e+00,        +1.414213562373e-01,        +2.365300152826e-01,        -5.211865431875e-02
 2.40745000e+00,        +1.414213562373e-01,        +2.365286070863e-01,        -5.211914930766e-02
 2.40747500e+00,        +1.414213562373e-01,        +2.365271985693e-01,        -5.211964428507e-02
 2.40750000e+00,        +1.414213562373e-01,        +2.365257897309e-01,        -5.212013925098e-02
 2.40752500e+00,        +1.414213562373e-01,        +2.365243805706e-01,        -5.212063420537e-02
 2.40755000e+00,        +1.414213562373e-01,        +2.365229710876e-01,        -5.212112914822e-02
 2.40757500e+00,        +1.414213562373e-01,        +2.365215612813e-01,        -5.212162407953e-02
 2.40760000e+00,        +1.414213562373e-01,        +2.365201511510e-01,        -5.212211899926e-02
 2.40762500e+00,        +1.414213562373e-01,        +2.365187406962e-01,        -5.212261390742e-02
 2.40765000e+00,        +1.414213562373e-01,        +2.365173299160e-01,        -5.212310880397e-02
 2.40767500e+00,        +1.414213562373e-01,        +2.365159188099e-01,        -5.212360368892e-02
 2.40770000e+00,        +1.414213562373e-01,        +2.365145073772e-01,        -5.212409856224e-02
 2.40772500e+00,        +1.414213562373e-01,        +2.365130956173e-01,        -5.212459342392e-02
 2.40775000e+00,        +1.414213562373e-01,        +2.365116835294e-01,        -5.212508827394e-02
 2.40777500e+00,        +1.414213562373e-01,        +2.365102711129e-01,        -5.212558311229e-02
 2.40780000e+00,        +1.414213562373e-01,        +2.365088583671e-01,        -5.212607793895e-02
 2.40782500e+00,        +1.414213562373e-01,        +2.365074452914e-01,        -5.212657275391e-02
 2.40785000e+00,        +1.414213562373e-01,        +2.365060318851e-01,        -5.212706755714e-02
 2.40787500e+00,        +1.414213562373e-01,        +2.365046181474e-01,        -5.212756234864e-02
 2.40790000e+00,        +1.414213562373e-01,        +2.365032040778e-01,        -5.212805712838e-02
 2.40792500e+00,        +1.414213562373e-01,        +2.365017896755e-01,        -5.212855189636e-02
 2.40795000e+00,        +1.414213562373e-01,        +2.365003749398e-01,        -5.212904665255e-02
 2.40797500e+00,        +1.414213562373e-01,        +2.364989598701e-01,        -5.212954139694e-02
 2.40800000e+00,        +1.414213562373e-01,        +2.364975444657e-01,        -5.213003612951e-02
 2.40802500e+00,        +1.414213562373e-01,        +2.364961287258e-01,        -5.213053085024e-02
 2.40805000e+00,        +1.414213562373e-01,        +2.364947126498e-01,        -5.213102555912e-02
 2.40807500e+00,        +1.414213562373e-01,        +2.364932962370e-01,        -5.213152025614e-02
 2.40810000e+00,        +1.414213562373e-01,        +2.364918794867e-01,        -5.213201494126e-02
 2.40812500e+00,        +1.414213562373e-01,        +2.364904623982e-01,        -5.213250961448e-02
 2.40815000e+00,        +1.414213562373e-01,        +2.364890449708e-01,        -5.213300427579e-02
 2.40817500e+00,        +1.414213562373e-01,        +2.364876272038e-01,        -5.213349892515e-02
 2.40820000e+00,        +1.414213562373e-01,        +2.364862090964e-01,        -5.213399356256e-02
 2.40822500e+00,        +1.414213562373e-01,        +2.364847906480e-01,        -5.213448818799e-02
 2.40825000e+00,        +1.414213562373e-01,        +2.364833718578e-01,        -5.213498280144e-02
 2.40827500e+00,        +1.414213562373e-01,        +2.364819527252e-01,        -5.213547740287e-02
 2.40830000e+00,        +1.414213562373e-01,        +2.364805332494e-01,        -5.213597199228e-02
 2.40832500e+00,        +1.414213562373e-01,        +2.364791134297e-01,        -5.213646656964e-02
 2.40835000e+00,        +1.414213562373e-01,        +2.364776932653e-01,        -5.213696113494e-02
 2.40837500e+00,        +1.414213562373e-01,        +2.364762727556e-01,        -5.213745568816e-02
 2.40840000e+00,        +1.414213562373e-01,        +2.364748518999e-01,        -5.213795022928e-02
 2.40842500e+00,        +1.414213562373e-01,        +2.364734306974e-01,        -5.213844475827e-02
 2.40845000e+00,        +1.414213562373e-01,        +2.364720091473e-01,        -5.213893927514e-02
 2.40847500e+00,        +1.414213562373e-01,        +2.364705872489e-01,        -5.213943377984e-02
 2.40850000e+00,        +1.414213562373e-01,        +2.364691650016e-01,        -5.213992827237e-02
 2.40852500e+00,        +1.414213562373e-01,        +2.364677424045e-01,        -5.214042275271e-02
 2.40855000e+00,        +1.414213562373e-01,        +2.364663194570e-01,        -5.214091722083e-02
 2.40857500e+00,        +1.414213562373e-01,        +2.364648961582e-01,        -5.214141167671e-02
 2.40860000e+00,        +1.414213562373e-01,        +2.364634725075e-01,        -5.214190612035e-02
 2.40862500e+00,        +1.414213562373e-01,        +2.364620485040e-01,        -5.214240055171e-02
 2.40865000e+00,        +1.414213562373e-01,        +2.364606241471e-01,        -5.214289497078e-02
 2.40867500e+00,        +1.414213562373e-01,        +2.364591994360e-01,        -5.214338937754e-02
 2.40870000e+00,        +1.414213562373e-01,        +2.364577743699e-01,        -5.214388377197e-02
 2.40872500e+00,        +1.414213562373e-01,        +2.364563489481e-01,        -5.214437815405e-02
 2.40875000e+00,        +1.414213562373e-01,        +2.364549231698e-01,        -5.214487252375e-02
 2.40877500e+00,        +1.414213562373e-01,        +2.364534970342e-01,        -5.214536688106e-02
 2.40880000e+00,        +1.414213562373e-01,        +2.364520705406e-01,        -5.214586122596e-02
 2.40882500e+00,        +1.414213562373e-01,        +2.364506436883e-01,        -5.214635555842e-02
 2.40885000e+00,        +1.414213562373e-01,        +2.364492164763e-01,        -5.214684987843e-02
 2.40887500e+00,        +1.414213562373e-01,        +2.364477889041e-01,        -5.214734418596e-02
 2.40890000e+00,        +1.414213562373e-01,        +2.364463609708e-01,        -5.214783848100e-02
 2.40892500e+00,        +1.414213562373e-01,        +2.364449326756e-01,        -5.214833276351e-02
 2.40895000e+00,        +1.414213562373e-01,        +2.364435040177e-01,        -5.214882703349e-02
 2.40897500e+00,        +1.414213562373e-01,        +2.364420749964e-01,        -5.214932129091e-02
 2.40900000e+00,        +1.414213562373e-01,        +2.364406456108e-01,        -5.214981553574e-02
 2.40902500e+00,        +1.414213562373e-01,        +2.364392158603e-01,        -5.215030976797e-02
 2.40905000e+00,        +1.414213562373e-01,        +2.364377857439e-01,        -5.215080398757e-02
 2.40907500e+00,        +1.414213562373e-01,        +2.364363552609e-01,        -5.215129819453e-02
 2.40910000e+00,        +1.414213562373e-01,        +2.364349244106e-01,        -5.215179238881e-02
 2.40912500e+00,        +1.414213562373e-01,        +2.364334931920e-01,        -5.215228657040e-02
 2.40915000e+00,        +1.414213562373e-01,        +2.364320616045e-01,        -5.215278073927e-02
 2.40917500e+00,        +1.414213562373e-01,        +2.364306296471e-01,        -5.215327489541e-02
 2.40920000e+00,        +1.414213562373e-01,        +2.364291973192e-01,        -5.215376903878e-02
 2.40922500e+00,        +1.414213562373e-01,        +2.364277646198e-01,        -5.215426316937e-02
 2.40925000e+00,        +1.414213562373e-01,        +2.364263315482e-01,        -5.215475728715e-02
 2.40927500e+00,        +1.414213562373e-01,        +2.364248981036e-01,        -5.215525139210e-02
 2.40930000e+00,        +1.414213562373e-01,        +2.364234642851e-01,        -5.215574548420e-02
 2.40932500e+00,        +1.414213562373e-01,        +2.364220300920e-01,        -5.215623956342e-02
 2.40935000e+00,        +1.414213562373e-01,        +2.364205955233e-01,        -5.215673362973e-02
 2.40937500e+00,        +1.414213562373e-01,        +2.364191605783e-01,        -5.215722768312e-02
 2.40940000e+00,        +1.414213562373e-01,        +2.364177252561e-01,        -5.215772172356e-02
 2.40942500e+00,        +1.414213562373e-01,        +2.364162895560e-01,        -5.215821575103e-02
 2.40945000e+00,        +1.414213562373e-01,        +2.364148534770e-01,        -5.215870976550e-02
 2.40947500e+00,        +1.414213562373e-01,        +2.364134170184e-01,        -5.215920376694e-02
 2.40950000e+00,        +1.414213562373e-01,        +2.364119801793e-01,        -5.215969775534e-02
 2.40952500e+00,        +1.414213562373e-01,        +2.364105429588e-01,        -5.216019173066e-02
 2.40955000e+00,        +1.414213562373e-01,        +2.364091053562e-01,        -5.216068569289e-02
 2.40957500e+00,        +1.414213562373e-01,        +2.364076673705e-01,        -5.216117964199e-02
 2.40960000e+00,        +1.414213562373e-01,        +2.364062290010e-01,        -5.216167357795e-02
 2.40962500e+00,        +1.414213562373e-01,        +2.364047902466e-01,        -5.216216750073e-02
 2.40965000e+00,        +1.414213562373e-01,        +2.364033511067e-01,        -5.216266141031e-02
 2.40967500e+00,        +1.414213562373e-01,        +2.364019115804e-01,        -5.216315530666e-02
 2.40970000e+00,        +1.414213562373e-01,        +2.364004716667e-01,        -5.216364918977e-02
 2.40972500e+00,        +1.414213562373e-01,        +2.363990313649e-01,        -5.216414305959e-02
 2.40975000e+00,        +1.414213562373e-01,        +2.363975906739e-01,        -5.216463691611e-02
 2.40977500e+00,        +1.414213562373e-01,        +2.363961495931e-01,        -5.216513075930e-02
 2.40980000e+00,        +1.414213562373e-01,        +2.363947081215e-01,        -5.216562458913e-02
 2.40982500e+00,        +1.414213562373e-01,        +2.363932662581e-01,        -5.216611840558e-02
 2.40985000e+00,        +1.414213562373e-01,        +2.363918240023e-01,        -5.216661220862e-02
 2.40987500e+00,        +1.414213562373e-01,        +2.363903813530e-01,        -5.216710599821e-02
 2.40990000e+00,        +1.414213562373e-01,        +2.363889383093e-01,        -5.216759977434e-02
 2.40992500e+00,        +1.414213562373e-01,        +2.363874948705e-01,        -5.216809353698e-02
 2.40995000e+00,        +1.414213562373e-01,        +2.363860510355e-01,        -5.216858728609e-02
 2.40997500e+00,        +1.414213562373e-01,        +2.363846068035e-01,        -5.216908102165e-02
 2.41000000e+00,        +1.414213562373e-01,        +2.363831621736e-01,        -5.216957474364e-02
 2.41002500e+00,        +1.414213562373e-01,        +2.363817171450e-01,        -5.217006845201e-02
 2.41005000e+00,        +1.414213562373e-01,        +2.363802717166e-01,        -5.217056214675e-02
 2.41007500e+00,        +1.414213562373e-01,        +2.363788258875e-01,        -5.217105582783e-02
 2.41010000e+00,        +1.414213562373e-01,        +2.363773796570e-01,        -5.217154949522e-02
 2.41012500e+00,        +1.414213562373e-01,        +2.363759330240e-01,        -5.217204314888e-02
 2.41015000e+00,        +1.414213562373e-01,        +2.363744859877e-01,        -5.217253678879e-02
 2.41017500e+00,        +1.414213562373e-01,        +2.363730385470e-01,        -5.217303041492e-02
 2.41020000e+00,        +1.414213562373e-01,        +2.363715907012e-01,        -5.217352402723e-02
 2.41022500e+00,        +1.414213562373e-01,        +2.363701424492e-01,        -5.217401762571e-02
 2.41025000e+00,        +1.414213562373e-01,        +2.363686937902e-01,        -5.217451121031e-02
 2.41027500e+00,        +1.414213562373e-01,        +2.363672447231e-01,        -5.217500478102e-02
 2.41030000e+00,        +1.414213562373e-01,        +2.363657952472e-01,        -5.217549833779e-02
 2.41032500e+00,        +1.414213562373e-01,        +2.363643453613e-01,        -5.217599188060e-02
 2.41035000e+00,        +1.414213562373e-01,        +2.363628950647e-01,        -5.217648540941e-02
 2.41037500e+00,        +1.414213562373e-01,        +2.363614443562e-01,        -5.217697892420e-02
 2.41040000e+00,        +1.414213562373e-01,        +2.363599932351e-01,        -5.217747242494e-02
 2.41042500e+00,        +1.414213562373e-01,        +2.363585417003e-01,        -5.217796591158e-02
 2.41045000e+00,        +1.414213562373e-01,        +2.363570897508e-01,        -5.217845938411e-02
 2.41047500e+00,        +1.414213562373e-01,        +2.363556373858e-01,        -5.217895284248e-02
 2.41050000e+00,        +1.414213562373e-01,        +2.363541846043e-01,        -5.217944628668e-02
 2.41052500e+00,        +1.414213562373e-01,        +2.363527314052e-01,        -5.217993971665e-02
 2.41055000e+00,        +1.414213562373e-01,        +2.363512777876e-01,        -5.218043313238e-02
 2.41057500e+00,        +1.414213562373e-01,        +2.363498237506e-01,        -5.218092653382e-02
 2.41060000e+00,        +1.414213562373e-01,        +2.363483692932e-01,        -5.218141992095e-02
 2.41062500e+00,        +1.414213562373e-01,        +2.363469144143e-01,        -5.218191329373e-02
 2.41065000e+00,        +1.414213562373e-01,        +2.363454591131e-01,        -5.218240665214e-02
 2.41067500e+00,        +1.414213562373e-01,        +2.363440033884e-01,        -5.218289999612e-02
 2.41070000e+00,        +1.414213562373e-01,        +2.363425472394e-01,        -5.218339332566e-02
 2.41072500e+00,        +1.414213562373e-01,        +2.363410906650e-01,        -5.218388664071e-02
 2.41075000e+00,        +1.414213562373e-01,        +2.363396336643e-01,        -5.218437994125e-02
 2.41077500e+00,        +1.414213562373e-01,        +2.363381762362e-01,        -5.218487322723e-02
 2.41080000e+00,        +1.414213562373e-01,        +2.363367183797e-01,        -5.218536649863e-02
 2.41082500e+00,        +1.414213562373e-01,        +2.363352600938e-01,        -5.218585975540e-02
 2.41085000e+00,        +1.414213562373e-01,        +2.363338013775e-01,        -5.218635299752e-02
 2.41087500e+00,        +1.414213562373e-01,        +2.363323422299e-01,        -5.218684622495e-02
 2.41090000e+00,        +1.414213562373e-01,        +2.363308826498e-01,        -5.218733943764e-02
 2.41092500e+00,        +1.414213562373e-01,        +2.363294226363e-01,        -5.218783263557e-02
 2.41095000e+00,        +1.414213562373e-01,        +2.363279621882e-01,        -5.218832581870e-02
 2.41097500e+00,        +1.414213562373e-01,        +2.363265013047e-01,        -5.218881898700e-02
 2.41100000e+00,        +1.414213562373e-01,        +2.363250399847e-01,        -5.218931214042e-02
 2.41102500e+00,        +1.414213562373e-01,        +2.363235782271e-01,        -5.218980527892e-02
 2.41105000e+00,        +1.414213562373e-01,        +2.363221160308e-01,        -5.219029840248e-02
 2.41107500e+00,        +1.414213562373e-01,        +2.363206533949e-01,        -5.219079151106e-02
 2.41110000e+00,        +1.414213562373e-01,        +2.363191903183e-01,        -5.219128460461e-02
 2.41112500e+00,        +1.414213562373e-01,        +2.363177268000e-01,        -5.219177768310e-02
 2.41115000e+00,        +1.414213562373e-01,        +2.363162628388e-01,        -5.219227074649e-02
 2.41117500e+00,        +1.414213562373e-01,        +2.363147984337e-01,        -5.219276379474e-02
 2.41120000e+00,        +1.414213562373e-01,        +2.363133335837e-01,        -5.219325682782e-02
 2.41122500e+00,        +1.414213562373e-01,        +2.363118682877e-01,        -5.219374984568e-02
 2.41125000e+00,        +1.414213562373e-01,        +2.363104025446e-01,        -5.219424284828e-02
 2.41127500e+00,        +1.414213562373e-01,        +2.363089363534e-01,        -5.219473583560e-02
 2.41130000e+00,        +1.414213562373e-01,        +2.363074697130e-01,        -5.219522880757e-02
 2.41132500e+00,        +1.414213562373e-01,        +2.363060026222e-01,        -5.219572176418e-02
 2.41135000e+00,        +1.414213562373e-01,        +2.363045350800e-01,        -5.219621470537e-02
 2.41137500e+00,        +1.414213562373e-01,        +2.363030670854e-01,        -5.219670763110e-02
 2.41140000e+00,        +1.414213562373e-01,        +2.363015986371e-01,        -5.219720054134e-02
 2.41142500e+00,        +1.414213562373e-01,        +2.363001297342e-01,        -5.219769343604e-02
 2.41145000e+00,        +1.414213562373e-01,        +2.362986603755e-01,        -5.219818631517e-02
 2.41147500e+00,        +1.414213562373e-01,        +2.362971905599e-01,        -5.219867917867e-02
 2.41150000e+00,        +1.414213562373e-01,        +2.362957202863e-01,        -5.219917202652e-02
 2.41152500e+00,        +1.414213562373e-01,        +2.362942495536e-01,        -5.219966485866e-02
 2.41155000e+00,        +1.414213562373e-01,        +2.362927783607e-01,        -5.220015767505e-02
 2.41157500e+00,        +1.414213562373e-01,        +2.362913067064e-01,        -5.220065047566e-02
 2.41160000e+00,        +1.414213562373e-01,        +2.362898345896e-01,        -5.220114326043e-02
 2.41162500e+00,        +1.414213562373e-01,        +2.362883620092e-01,        -5.220163602933e-02
 2.41165000e+00,        +1.414213562373e-01,        +2.362868889640e-01,        -5.220212878231e-02
 2.41167500e+00,        +1.414213562373e-01,        +2.362854154530e-01,        -5.220262151933e-02
 2.41170000e+00,        +1.414213562373e-01,        +2.362839414750e-01,        -5.220311424034e-02
 2.41172500e+00,        +1.414213562373e-01,        +2.362824670287e-01,        -5.220360694531e-02
 2.41175000e+00,        +1.414213562373e-01,        +2.362809921132e-01,        -5.220409963417e-02
 2.41177500e+00,        +1.414213562373e-01,        +2.362795167271e-01,        -5.220459230690e-02
 2.41180000e+00,        +1.414213562373e-01,        +2.362780408695e-01,        -5.220508496343e-02
 2.41182500e+00,        +1.414213562373e-01,        +2.362765645390e-01,        -5.220557760374e-02
 2.41185000e+00,        +1.414213562373e-01,        +2.362750877345e-01,        -5.220607022777e-02
 2.41187500e+00,        +1.414213562373e-01,        +2.362736104549e-01,        -5.220656283548e-02
 2.41190000e+00,        +1.414213562373e-01,        +2.362721326990e-01,        -5.220705542681e-02
 2.41192500e+00,        +1.414213562373e-01,        +2.362706544655e-01,        -5.220754800173e-02
 2.41195000e+00,        +1.414213562373e-01,        +2.362691757534e-01,        -5.220804056019e-02
 2.41197500e+00,        +1.414213562373e-01,        +2.362676965614e-01,        -5.220853310213e-02
 2.41200000e+00,        +1.414213562373e-01,        +2.362662168883e-01,        -5.220902562751e-02
 2.41202500e+00,        +1.414213562373e-01,        +2.362647367329e-01,        -5.220951813629e-02
 2.41205000e+00,        +1.414213562373e-01,        +2.362632560941e-01,        -5.221001062841e-02
 2.41207500e+00,        +1.414213562373e-01,        +2.362617749705e-01,        -5.221050310382e-02
 2.41210000e+00,        +1.414213562373e-01,        +2.362602933611e-01,        -5.221099556248e-02
 2.41212500e+00,        +1.414213562373e-01,        +2.362588112646e-01,        -5.221148800434e-02
 2.41215000e+00,        +1.414213562373e-01,        +2.362573286797e-01,        -5.221198042935e-02
 2.41217500e+00,        +1.414213562373e-01,        +2.362558456053e-01,        -5.221247283745e-02
 2.41220000e+00,        +1.414213562373e-01,        +2.362543620400e-01,        -5.221296522860e-02
 2.41222500e+00,        +1.414213562373e-01,        +2.362528779828e-01,        -5.221345760274e-02
 2.41225000e+00,        +1.414213562373e-01,        +2.362513934323e-01,        -5.221394995983e-02
 2.41227500e+00,        +1.414213562373e-01,        +2.362499083873e-01,        -5.221444229981e-02
 2.41230000e+00,        +1.414213562373e-01,        +2.362484228465e-01,        -5.221493462264e-02
 2.41232500e+00,        +1.414213562373e-01,        +2.362469368087e-01,        -5.221542692825e-02
 2.41235000e+00,        +1.414213562373e-01,        +2.362454502726e-01,        -5.221591921661e-02
 2.41237500e+00,        +1.414213562373e-01,        +2.362439632370e-01,        -5.221641148764e-02
 2.41240000e+00,        +1.414213562373e-01,        +2.362424757006e-01,        -5.221690374131e-02
 2.41242500e+00,        +1.414213562373e-01,        +2.362409876622e-01,        -5.221739597756e-02
 2.41245000e+00,        +1.414213562373e-01,        +2.362394991203e-01,        -5.221788819633e-02
 2.41247500e+00,        +1.414213562373e-01,        +2.362380100739e-01,        -5.221838039757e-02
 2.41250000e+00,        +1.414213562373e-01,        +2.362365205215e-01,        -5.221887258123e-02
 2.41252500e+00,        +1.414213562373e-01,        +2.362350304620e-01,        -5.221936474724e-02
 2.41255000e+00,        +1.414213562373e-01,        +2.362335398939e-01,        -5.221985689556e-02
 2.41257500e+00,        +1.414213562373e-01,        +2.362320488160e-01,        -5.222034902614e-02
 2.41260000e+00,        +1.414213562373e-01,        +2.362305572270e-01,        -5.222084113890e-02
 2.41262500e+00,        +1.414213562373e-01,        +2.362290651256e-01,        -5.222133323380e-02
 2.41265000e+00,        +1.414213562373e-01,        +2.362275725104e-01,        -5.222182531079e-02
 2.41267500e+00,        +1.414213562373e-01,        +2.362260793802e-01,        -5.222231736979e-02
 2.41270000e+00,        +1.414213562373e-01,        +2.362245857336e-01,        -5.222280941077e-02
 2.41272500e+00,        +1.414213562373e-01,        +2.362230915693e-01,        -5.222330143365e-02
 2.41275000e+00,        +1.414213562373e-01,        +2.362215968859e-01,        -5.222379343838e-02
 2.41277500e+00,        +1.414213562373e-01,        +2.362201016821e-01,        -5.222428542490e-02
 2.41280000e+00,        +1.414213562373e-01,        +2.362186059566e-01,        -5.222477739316e-02
 2.41282500e+00,        +1.414213562373e-01,        +2.362171097080e-01,        -5.222526934308e-02
 2.41285000e+00,        +1.414213562373e-01,        +2.362156129350e-01,        -5.222576127462e-02
 2.41287500e+00,        +1.414213562373e-01,        +2.362141156361e-01,        -5.222625318771e-02
 2.41290000e+00,        +1.414213562373e-01,        +2.362126178101e-01,        -5.222674508230e-02
 2.41292500e+00,        +1.414213562373e-01,        +2.362111194555e-01,        -5.222723695831e-02
 2.41295000e+00,        +1.414213562373e-01,        +2.362096205710e-01,        -5.222772881570e-02
 2.41297500e+00,        +1.414213562373e-01,        +2.362081211551e-01,        -5.222822065439e-02
 2.41300000e+00,        +1.414213562373e-01,        +2.362066212066e-01,        -5.222871247433e-02
 2.41302500e+00,        +1.414213562373e-01,        +2.362051207240e-01,        -5.222920427545e-02
 2.41305000e+00,        +1.414213562373e-01,        +2.362036197059e-01,        -5.222969605769e-02
 2.41307500e+00,        +1.414213562373e-01,        +2.362021181509e-01,        -5.223018782098e-02
 2.41310000e+00,        +1.414213562373e-01,        +2.362006160576e-01,        -5.223067956527e-02
 2.41312500e+00,        +1.414213562373e-01,        +2.361991134245e-01,        -5.223117129048e-02
 2.41315000e+00,        +1.414213562373e-01,        +2.361976102504e-01,        -5.223166299656e-02
 2.41317500e+00,        +1.414213562373e-01,        +2.361961065336e-01,        -5.223215468344e-02
 2.41320000e+00,        +1.414213562373e-01,        +2.361946022729e-01,        -5.223264635104e-02
 2.41322500e+00,        +1.414213562373e-01,        +2.361930974668e-01,        -5.223313799931e-02
 2.41325000e+00,        +1.414213562373e-01,        +2.361915921137e-01,        -5.223362962819e-02
 2.41327500e+00,        +1.414213562373e-01,        +2.361900862124e-01,        -5.223412123759e-02
 2.41330000e+00,        +1.414213562373e-01,        +2.361885797612e-01,        -5.223461282746e-02
 2.41332500e+00,        +1.414213562373e-01,        +2.361870727589e-01,        -5.223510439772e-02
 2.41335000e+00,        +1.414213562373e-01,        +2.361855652038e-01,        -5.223559594831e-02
 2.41337500e+00,        +1.414213562373e-01,        +2.361840570945e-01,        -5.223608747917e-02
 2.41340000e+00,        +1.414213562373e-01,        +2.361825484297e-01,        -5.223657899021e-02
 2.41342500e+00,        +1.414213562373e-01,        +2.361810392076e-01,        -5.223707048137e-02
 2.41345000e+00,        +1.414213562373e-01,        +2.361795294270e-01,        -5.223756195259e-02
 2.41347500e+00,        +1.414213562373e-01,        +2.361780190862e-01,        -5.223805340378e-02
 2.41350000e+00,        +1.414213562373e-01,        +2.361765081839e-01,        -5.223854483488e-02
 2.41352500e+00,        +1.414213562373e-01,        +2.361749967184e-01,        -5.223903624582e-02
 2.41355000e+00,        +1.414213562373e-01,        +2.361734846883e-01,        -5.223952763652e-02
 2.41357500e+00,        +1.414213562373e-01,        +2.361719720920e-01,        -5.224001900691e-02
 2.41360000e+00,        +1.414213562373e-01,        +2.361704589281e-01,        -5.224051035693e-02
 2.41362500e+00,        +1.414213562373e-01,        +2.361689451950e-01,        -5.224100168648e-02
 2.41365000e+00,        +1.414213562373e-01,        +2.361674308911e-01,        -5.224149299551e-02
 2.41367500e+00,        +1.414213562373e-01,        +2.361659160150e-01,        -5.224198428394e-02
 2.41370000e+00,        +1.414213562373e-01,        +2.361644005650e-01,        -5.224247555168e-02
 2.41372500e+00,        +1.414213562373e-01,        +2.361628845397e-01,        -5.224296679868e-02
 2.41375000e+00,        +1.414213562373e-01,        +2.361613679374e-01,        -5.224345802484e-02
 2.41377500e+00,        +1.414213562373e-01,        +2.361598507566e-01,        -5.224394923009e-02
 2.41380000e+00,        +1.414213562373e-01,        +2.361583329958e-01,        -5.224444041436e-02
 2.41382500e+00,        +1.414213562373e-01,        +2.361568146533e-01,        -5.224493157757e-02
 2.41385000e+00,        +1.414213562373e-01,        +2.361552957276e-01,        -5.224542271964e-02
 2.41387500e+00,        +1.414213562373e-01,        +2.361537762170e-01,        -5.224591384049e-02
 2.41390000e+00,        +1.414213562373e-01,        +2.361522561200e-01,        -5.224640494004e-02
 2.41392500e+00,        +1.414213562373e-01,        +2.361507354350e-01,        -5.224689601822e-02
 2.41395000e+00,        +1.414213562373e-01,        +2.361492141604e-01,        -5.224738707494e-02
 2.41397500e+00,        +1.414213562373e-01,        +2.361476922945e-01,        -5.224787811011e-02
 2.41400000e+00,        +1.414213562373e-01,        +2.361461698357e-01,        -5.224836912367e-02
 2.41402500e+00,        +1.414213562373e-01,        +2.361446467824e-01,        -5.224886011553e-02
 2.41405000e+00,        +1.414213562373e-01,        +2.361431231330e-01,        -5.224935108560e-02
 2.41407500e+00,        +1.414213562373e-01,        +2.361415988858e-01,        -5.224984203380e-02
 2.41410000e+00,        +1.414213562373e-01,        +2.361400740392e-01,        -5.225033296005e-02
 2.41412500e+00,        +1.414213562373e-01,        +2.361385485914e-01,        -5.225082386426e-02
 2.41415000e+00,        +1.414213562373e-01,        +2.361370225410e-01,        -5.225131474636e-02
 2.41417500e+00,        +1.414213562373e-01,        +2.361354958861e-01,        -5.225180560625e-02
 2.41420000e+00,        +1.414213562373e-01,        +2.361339686251e-01,        -5.225229644384e-02
 2.41422500e+00,        +1.414213562373e-01,        +2.361324407563e-01,        -5.225278725906e-02
 2.41425000e+00,        +1.414213562373e-01,        +2.361309122781e-01,        -5.225327805181e-02
 2.41427500e+00,        +1.414213562373e-01,        +2.361293831887e-01,        -5.225376882201e-02
 2.41430000e+00,        +1.414213562373e-01,        +2.361278534865e-01,        -5.225425956957e-02
 2.41432500e+00,        +1.414213562373e-01,        +2.361263231697e-01,        -5.225475029440e-02
 2.41435000e+00,        +1.414213562373e-01,        +2.361247922366e-01,        -5.225524099641e-02
 2.41437500e+00,        +1.414213562373e-01,        +2.361232606854e-01,        -5.225573167551e-02
 2.41440000e+00,        +1.414213562373e-01,        +2.361217285146e-01,        -5.225622233160e-02
 2.41442500e+00,        +1.414213562373e-01,        +2.361201957222e-01,        -5.225671296461e-02
 2.41445000e+00,        +1.414213562373e-01,        +2.361186623067e-01,        -5.225720357443e-02
 2.41447500e+00,        +1.414213562373e-01,        +2.361171282661e-01,        -5.225769416098e-02
 2.41450000e+00,        +1.414213562373e-01,        +2.361155935989e-01,        -5.225818472415e-02
 2.41452500e+00,        +1.414213562373e-01,        +2.361140583031e-01,        -5.225867526387e-02
 2.41455000e+00,        +1.414213562373e-01,        +2.361125223770e-01,        -5.225916578002e-02
 2.41457500e+00,        +1.414213562373e-01,        +2.361109858189e-01,        -5.225965627252e-02
 2.41460000e+00,        +1.414213562373e-01,        +2.361094486270e-01,        -5.226014674127e-02
 2.41462500e+00,        +1.414213562373e-01,        +2.361079107994e-01,        -5.226063718618e-02
 2.41465000e+00,        +1.414213562373e-01,        +2.361063723344e-01,        -5.226112760715e-02
 2.41467500e+00,        +1.414213562373e-01,        +2.361048332302e-01,        -5.226161800407e-02
 2.41470000e+00,        +1.414213562373e-01,        +2.361032934848e-01,        -5.226210837686e-02
 2.41472500e+00,        +1.414213562373e-01,        +2.361017530966e-01,        -5.226259872540e-02
 2.41475000e+00,        +1.414213562373e-01,        +2.361002120637e-01,        -5.226308904961e-02
 2.41477500e+00,        +1.414213562373e-01,        +2.360986703842e-01,        -5.226357934939e-02
 2.41480000e+00,        +1.414213562373e-01,        +2.360971280563e-01,        -5.226406962462e-02
 2.41482500e+00,        +1.414213562373e-01,        +2.360955850781e-01,        -5.226455987521e-02
 2.41485000e+00,        +1.414213562373e-01,        +2.360940414478e-01,        -5.226505010106e-02
 2.41487500e+00,        +1.414213562373e-01,        +2.360924971635e-01,        -5.226554030206e-02
 2.41490000e+00,        +1.414213562373e-01,        +2.360909522234e-01,        -5.226603047811e-02
 2.41492500e+00,        +1.414213562373e-01,        +2.360894066255e-01,        -5.226652062911e-02
 2.41495000e+00,        +1.414213562373e-01,        +2.360878603679e-01,        -5.226701075495e-02
 2.41497500e+00,        +1.414213562373e-01,        +2.360863134488e-01,        -5.226750085551e-02
 2.41500000e+00,        +1.414213562373e-01,        +2.360847658662e-01,        -5.226799093071e-02
 2.41502500e+00,        +1.414213562373e-01,        +2.360832176182e-01,        -5.226848098042e-02
 2.41505000e+00,        +1.414213562373e-01,        +2.360816687030e-01,        -5.226897100455e-02
 2.41507500e+00,        +1.414213562373e-01,        +2.360801191184e-01,        -5.226946100297e-02
 2.41510000e+00,        +1.414213562373e-01,        +2.360785688628e-01,        -5.226995097559e-02
 2.41512500e+00,        +1.414213562373e-01,        +2.360770179340e-01,        -5.227044092229e-02
 2.41515000e+00,        +1.414213562373e-01,        +2.360754663301e-01,        -5.227093084296e-02
 2.41517500e+00,        +1.414213562373e-01,        +2.360739140491e-01,        -5.227142073748e-02
 2.41520000e+00,        +1.414213562373e-01,        +2.360723610891e-01,        -5.227191060575e-02
 2.41522500e+00,        +1.414213562373e-01,        +2.360708074482e-01,        -5.227240044766e-02
 2.41525000e+00,        +1.414213562373e-01,        +2.360692531242e-01,        -5.227289026307e-02
 2.41527500e+00,        +1.414213562373e-01,        +2.360676981152e-01,        -5.227338005189e-02
 2.41530000e+00,        +1.414213562373e-01,        +2.360661424192e-01,        -5.227386981400e-02
 2.41532500e+00,        +1.414213562373e-01,        +2.360645860342e-01,        -5.227435954927e-02
 2.41535000e+00,        +1.414213562373e-01,        +2.360630289582e-01,        -5.227484925760e-02
 2.41537500e+00,        +1.414213562373e-01,        +2.360614711890e-01,        -5.227533893886e-02
 2.41540000e+00,        +1.414213562373e-01,        +2.360599127248e-01,        -5.227582859293e-02
 2.41542500e+00,        +1.414213562373e-01,        +2.360583535634e-01,        -5.227631821969e-02
 2.41545000e+00,        +1.414213562373e-01,        +2.360567937028e-01,        -5.227680781903e-02
 2.41547500e+00,        +1.414213562373e-01,        +2.360552331408e-01,        -5.227729739081e-02
 2.41550000e+00,        +1.414213562373e-01,        +2.360536718755e-01,        -5.227778693493e-02
 2.41552500e+00,        +1.414213562373e-01,        +2.360521099048e-01,        -5.227827645125e-02
 2.41555000e+00,        +1.414213562373e-01,        +2.360505472265e-01,        -5.227876593965e-02
 2.41557500e+00,        +1.414213562373e-01,        +2.360489838385e-01,        -5.227925540000e-02
 2.41560000e+00,        +1.414213562373e-01,        +2.360474197388e-01,        -5.227974483219e-02
 2.41562500e+00,        +1.414213562373e-01,        +2.360458549252e-01,        -5.228023423607e-02
 2.41565000e+00,        +1.414213562373e-01,        +2.360442893955e-01,        -5.228072361153e-02
 2.41567500e+00,        +1.414213562373e-01,        +2.360427231478e-01,        -5.228121295844e-02
 2.41570000e+00,        +1.414213562373e-01,        +2.360411561797e-01,        -5.228170227666e-02
 2.41572500e+00,        +1.414213562373e-01,        +2.360395884891e-01,        -5.228219156607e-02
 2.41575000e+00,        +1.414213562373e-01,        +2.360380200740e-01,        -5.228268082653e-02
 2.41577500e+00,        +1.414213562373e-01,        +2.360364509320e-01,        -5.228317005791e-02
 2.41580000e+00,        +1.414213562373e-01,        +2.360348810610e-01,        -5.228365926008e-02
 2.41582500e+00,        +1.414213562373e-01,        +2.360333104589e-01,        -5.228414843291e-02
 2.41585000e+00,        +1.414213562373e-01,        +2.360317391234e-01,        -5.228463757626e-02
 2.41587500e+00,        +1.414213562373e-01,        +2.360301670522e-01,        -5.228512668998e-02
 2.41590000e+00,        +1.414213562373e-01,        +2.360285942433e-01,        -5.228561577396e-02
 2.41592500e+00,        +1.414213562373e-01,        +2.360270206943e-01,        -5.228610482804e-02
 2.41595000e+00,        +1.414213562373e-01,        +2.360254464030e-01,        -5.228659385209e-02
 2.41597500e+00,        +1.414213562373e-01,        +2.360238713671e-01,        -5.228708284597e-02
 2.41600000e+00,        +1.414213562373e-01,        +2.360222955845e-01,        -5.228757180954e-02
 2.41602500e+00,        +1.414213562373e-01,        +2.360207190527e-01,        -5.228806074266e-02
 2.41605000e+00,        +1.414213562373e-01,        +2.360191417696e-01,        -5.228854964518e-02
 2.41607500e+00,        +1.414213562373e-01,        +2.360175637328e-01,        -5.228903851696e-02
 2.41610000e+00,        +1.414213562373e-01,        +2.360159849401e-01,        -5.228952735786e-02
 2.41612500e+00,        +1.414213562373e-01,        +2.360144053891e-01,        -5.229001616772e-02
 2.41615000e+00,        +1.414213562373e-01,        +2.360128250775e-01,        -5.229050494641e-02
 2.41617500e+00,        +1.414213562373e-01,        +2.360112440029e-01,        -5.229099369377e-02
 2.41620000e+00,        +1.414213562373e-01,        +2.360096621631e-01,        -5.229148240965e-02
 2.41622500e+00,        +1.414213562373e-01,        +2.360080795557e-01,        -5.229197109391e-02
 2.41625000e+00,        +1.414213562373e-01,        +2.360064961783e-01,        -5.229245974640e-02
 2.41627500e+00,        +1.414213562373e-01,        +2.360049120286e-01,        -5.229294836695e-02
 2.41630000e+00,        +1.414213562373e-01,        +2.360033271041e-01,        -5.229343695543e-02
 2.41632500e+00,        +1.414213562373e-01,        +2.360017414025e-01,        -5.229392551167e-02
 2.41635000e+00,        +1.414213562373e-01,        +2.360001549213e-01,        -5.229441403552e-02
 2.41637500e+00,        +1.414213562373e-01,        +2.359985676582e-01,        -5.229490252682e-02
 2.41640000e+00,        +1.414213562373e-01,        +2.359969796108e-01,        -5.229539098541e-02
 2.41642500e+00,        +1.414213562373e-01,        +2.359953907765e-01,        -5.229587941114e-02
 2.41645000e+00,        +1.414213562373e-01,        +2.359938011529e-01,        -5.229636780385e-02
 2.41647500e+00,        +1.414213562373e-01,        +2.359922107376e-01,        -5.229685616337e-02
 2.41650000e+00,        +1.414213562373e-01,        +2.359906195282e-01,        -5.229734448954e-02
 2.41652500e+00,        +1.414213562373e-01,        +2.359890275220e-01,        -5.229783278221e-02
 2.41655000e+00,        +1.414213562373e-01,        +2.359874347167e-01,        -5.229832104120e-02
 2.41657500e+00,        +1.414213562373e-01,        +2.359858411098e-01,        -5.229880926635e-02
 2.41660000e+00,        +1.414213562373e-01,        +2.359842466987e-01,        -5.229929745749e-02
 2.41662500e+00,        +1.414213562373e-01,        +2.359826514808e-01,        -5.229978561445e-02
 2.41665000e+00,        +1.414213562373e-01,        +2.359810554538e-01,        -5.230027373707e-02
 2.41667500e+00,        +1.414213562373e-01,        +2.359794586149e-01,        -5.230076182518e-02
 2.41670000e+00,        +1.414213562373e-01,        +2.359778609618e-01,        -5.230124987860e-02
 2.41672500e+00,        +1.414213562373e-01,        +2.359762624917e-01,        -5.230173789716e-02
 2.41675000e+00,        +1.414213562373e-01,        +2.359746632021e-01,        -5.230222588069e-02
 2.41677500e+00,        +1.414213562373e-01,        +2.359730630904e-01,        -5.230271382901e-02
 2.41680000e+00,        +1.414213562373e-01,        +2.359714621541e-01,        -5.230320174194e-02
 2.41682500e+00,        +1.414213562373e-01,        +2.359698603904e-01,        -5.230368961931e-02
 2.41685000e+00,        +1.414213562373e-01,        +2.359682577968e-01,        -5.230417746094e-02
 2.41687500e+00,        +1.414213562373e-01,        +2.359666543707e-01,        -5.230466526664e-02
 2.41690000e+00,        +1.414213562373e-01,        +2.359650501093e-01,        -5.230515303624e-02
 2.41692500e+00,        +1.414213562373e-01,        +2.359634450100e-01,        -5.230564076956e-02
 2.41695000e+00,        +1.414213562373e-01,        +2.359618390702e-01,        -5.230612846640e-02
 2.41697500e+00,        +1.414213562373e-01,        +2.359602322871e-01,        -5.230661612658e-02
 2.41700000e+00,        +1.414213562373e-01,        +2.359586246580e-01,        -5.230710374993e-02
 2.41702500e+00,        +1.414213562373e-01,        +2.359570161803e-01,        -5.230759133623e-02
 2.41705000e+00,        +1.414213562373e-01,        +2.359554068512e-01,        -5.230807888532e-02
 2.41707500e+00,        +1.414213562373e-01,        +2.359537966680e-01,        -5.230856639700e-02
 2.41710000e+00,        +1.414213562373e-01,        +2.359521856279e-01,        -5.230905387106e-02
 2.41712500e+00,        +1.414213562373e-01,        +2.359505737282e-01,        -5.230954130733e-02
 2.41715000e+00,        +1.414213562373e-01,        +2.359489609660e-01,        -5.231002870561e-02
 2.41717500e+00,        +1.414213562373e-01,        +2.359473473387e-01,        -5.231051606569e-02
 2.41720000e+00,        +1.414213562373e-01,        +2.359457328433e-01,        -5.231100338739e-02
 2.41722500e+00,        +1.414213562373e-01,        +2.359441174771e-01,        -5.231149067050e-02
 2.41725000e+00,        +1.414213562373e-01,        +2.359425012373e-01,        -5.231197791482e-02
 2.41727500e+00,        +1.414213562373e-01,        +2.359408841211e-01,        -5.231246512015e-02
 2.41730000e+00,        +1.414213562373e-01,        +2.359392661254e-01,        -5.231295228628e-02
 2.41732500e+00,        +1.414213562373e-01,        +2.359376472476e-01,        -5.231343941301e-02
 2.41735000e+00,        +1.414213562373e-01,        +2.359360274847e-01,        -5.231392650014e-02
 2.41737500e+00,        +1.414213562373e-01,        +2.359344068339e-01,        -5.231441354745e-02
 2.41740000e+00,        +1.414213562373e-01,        +2.359327852921e-01,        -5.231490055474e-02
 2.41742500e+00,        +1.414213562373e-01,        +2.359311628566e-01,        -5.231538752179e-02
 2.41745000e+00,        +1.414213562373e-01,        +2.359295395244e-01,        -5.231587444839e-02
 2.41747500e+00,        +1.414213562373e-01,        +2.359279152925e-01,        -5.231636133433e-02
 2.41750000e+00,        +1.414213562373e-01,        +2.359262901579e-01,        -5.231684817939e-02
 2.41752500e+00,        +1.414213562373e-01,        +2.359246641178e-01,        -5.231733498335e-02
 2.41755000e+00,        +1.414213562373e-01,        +2.359230371691e-01,        -5.231782174600e-02
 2.41757500e+00,        +1.414213562373e-01,        +2.359214093088e-01,        -5.231830846711e-02
 2.41760000e+00,        +1.414213562373e-01,        +2.359197805339e-01,        -5.231879514646e-02
 2.41762500e+00,        +1.414213562373e-01,        +2.359181508414e-01,        -5.231928178383e-02
 2.41765000e+00,        +1.414213562373e-01,        +2.359165202281e-01,        -5.231976837899e-02
 2.41767500e+00,        +1.414213562373e-01,        +2.359148886912e-01,        -5.232025493172e-02
 2.41770000e+00,        +1.414213562373e-01,        +2.359132562275e-01,        -5.232074144178e-02
 2.41772500e+00,        +1.414213562373e-01,        +2.359116228338e-01,        -5.232122790895e-02
 2.41775000e+00,        +1.414213562373e-01,        +2.359099885072e-01,        -5.232171433299e-02
 2.41777500e+00,        +1.414213562373e-01,        +2.359083532445e-01,        -5.232220071368e-02
 2.41780000e+00,        +1.414213562373e-01,        +2.359067170426e-01,        -5.232268705076e-02
 2.41782500e+00,        +1.414213562373e-01,        +2.359050798982e-01,        -5.232317334402e-02
 2.41785000e+00,        +1.414213562373e-01,        +2.359034418084e-01,        -5.232365959320e-02
 2.41787500e+00,        +1.414213562373e-01,        +2.359018027698e-01,        -5.232414579806e-02
 2.41790000e+00,        +1.414213562373e-01,        +2.359001627793e-01,        -5.232463195838e-02
 2.41792500e+00,        +1.414213562373e-01,        +2.358985218338e-01,        -5.232511807389e-02
 2.41795000e+00,        +1.414213562373e-01,        +2.358968799299e-01,        -5.232560414435e-02
 2.41797500e+00,        +1.414213562373e-01,        +2.358952370644e-01,        -5.232609016952e-02
 2.41800000e+00,        +1.414213562373e-01,        +2.358935932342e-01,        -5.232657614915e-02
 2.41802500e+00,        +1.414213562373e-01,        +2.358919484358e-01,        -5.232706208298e-02
 2.41805000e+00,        +1.414213562373e-01,        +2.358903026662e-01,        -5.232754797076e-02
 2.41807500e+00,        +1.414213562373e-01,        +2.358886559218e-01,        -5.232803381224e-02
 2.41810000e+00,        +1.414213562373e-01,        +2.358870081995e-01,        -5.232851960716e-02
 2.41812500e+00,        +1.414213562373e-01,        +2.358853594960e-01,        -5.232900535525e-02
 2.41815000e+00,        +1.414213562373e-01,        +2.358837098078e-01,        -5.232949105626e-02
 2.41817500e+00,        +1.414213562373e-01,        +2.358820591315e-01,        -5.232997670993e-02
 2.41820000e+00,        +1.414213562373e-01,        +2.358804074640e-01,        -5.233046231599e-02
 2.41822500e+00,        +1.414213562373e-01,        +2.358787548016e-01,        -5.233094787416e-02
 2.41825000e+00,        +1.414213562373e-01,        +2.358771011411e-01,        -5.233143338420e-02
 2.41827500e+00,        +1.414213562373e-01,        +2.358754464790e-01,        -5.233191884581e-02
 2.41830000e+00,        +1.414213562373e-01,        +2.358737908119e-01,        -5.233240425874e-02
 2.41832500e+00,        +1.414213562373e-01,        +2.358721341362e-01,        -5.233288962270e-02
 2.41835000e+00,        +1.414213562373e-01,        +2.358704764486e-01,        -5.233337493742e-02
 2.41837500e+00,        +1.414213562373e-01,        +2.358688177455e-01,        -5.233386020261e-02
 2.41840000e+00,        +1.414213562373e-01,        +2.358671580235e-01,        -5.233434541801e-02
 2.41842500e+00,        +1.414213562373e-01,        +2.358654972790e-01,        -5.233483058331e-02
 2.41845000e+00,        +1.414213562373e-01,        +2.358638355084e-01,        -5.233531569825e-02
 2.41847500e+00,        +1.414213562373e-01,        +2.358621727082e-01,        -5.233580076253e-02
 2.41850000e+00,        +1.414213562373e-01,        +2.358605088748e-01,        -5.233628577586e-02
 2.41852500e+00,        +1.414213562373e-01,        +2.358588440047e-01,        -5.233677073795e-02
 2.41855000e+00,        +1.414213562373e-01,        +2.358571780942e-01,        -5.233725564850e-02
 2.41857500e+00,        +1.414213562373e-01,        +2.358555111396e-01,        -5.233774050723e-02
 2.41860000e+00,        +1.414213562373e-01,        +2.358538431375e-01,        -5.233822531382e-02
 2.41862500e+00,        +1.414213562373e-01,        +2.358521740839e-01,        -5.233871006799e-02
 2.41865000e+00,        +1.414213562373e-01,        +2.358505039754e-01,        -5.233919476942e-02
 2.41867500e+00,        +1.414213562373e-01,        +2.358488328082e-01,        -5.233967941781e-02
 2.41870000e+00,        +1.414213562373e-01,        +2.358471605785e-01,        -5.234016401286e-02
 2.41872500e+00,        +1.414213562373e-01,        +2.358454872826e-01,        -5.234064855425e-02
 2.41875000e+00,        +1.414213562373e-01,        +2.358438129169e-01,        -5.234113304168e-02
 2.41877500e+00,        +1.414213562373e-01,        +2.358421374774e-01,        -5.234161747482e-02
 2.41880000e+00,        +1.414213562373e-01,        +2.358404609604e-01,        -5.234210185336e-02
 2.41882500e+00,        +1.414213562373e-01,        +2.358387833621e-01,        -5.234258617699e-02
 2.41885000e+00,        +1.414213562373e-01,        +2.358371046787e-01,        -5.234307044537e-02
 2.41887500e+00,        +1.414213562373e-01,        +2.358354249063e-01,        -5.234355465819e-02
 2.41890000e+00,        +1.414213562373e-01,        +2.358337440411e-01,        -5.234403881511e-02
 2.41892500e+00,        +1.414213562373e-01,        +2.358320620790e-01,        -5.234452291582e-02
 2.41895000e+00,        +1.414213562373e-01,        +2.358303790164e-01,        -5.234500695997e-02
 2.41897500e+00,        +1.414213562373e-01,        +2.358286948491e-01,        -5.234549094724e-02
 2.41900000e+00,        +1.414213562373e-01,        +2.358270095734e-01,        -5.234597487728e-02
 2.41902500e+00,        +1.414213562373e-01,        +2.358253231851e-01,        -5.234645874976e-02
 2.41905000e+00,        +1.414213562373e-01,        +2.358236356803e-01,        -5.234694256434e-02
 2.41907500e+00,        +1.414213562373e-01,        +2.358219470551e-01,        -5.234742632067e-02
 2.41910000e+00,        +1.414213562373e-01,        +2.358202573053e-01,        -5.234791001840e-02
 2.41912500e+00,        +1.414213562373e-01,        +2.358185664270e-01,        -5.234839365718e-02
 2.41915000e+00,        +1.414213562373e-01,        +2.358168744161e-01,        -5.234887723667e-02
 2.41917500e+00,        +1.414213562373e-01,        +2.358151812684e-01,        -5.234936075650e-02
 2.41920000e+00,        +1.414213562373e-01,        +2.358134869799e-01,        -5.234984421632e-02
 2.41922500e+00,        +1.414213562373e-01,        +2.358117915465e-01,        -5.235032761578e-02
 2.41925000e+00,        +1.414213562373e-01,        +2.358100949639e-01,        -5.235081095449e-02
 2.41927500e+00,        +1.414213562373e-01,        +2.358083972281e-01,        -5.235129423210e-02
 2.41930000e+00,        +1.414213562373e-01,        +2.358066983348e-01,        -5.235177744825e-02
 2.41932500e+00,        +1.414213562373e-01,        +2.358049982798e-01,        -5.235226060255e-02
 2.41935000e+00,        +1.414213562373e-01,        +2.358032970590e-01,        -5.235274369463e-02
 2.41937500e+00,        +1.414213562373e-01,        +2.358015946679e-01,        -5.235322672412e-02
 2.41940000e+00,        +1.414213562373e-01,        +2.357998911024e-01,        -5.235370969064e-02
 2.41942500e+00,        +1.414213562373e-01,        +2.357981863582e-01,        -5.235419259380e-02
 2.41945000e+00,        +1.414213562373e-01,        +2.357964804309e-01,        -5.235467543321e-02
 2.41947500e+00,        +1.414213562373e-01,        +2.357947733162e-01,        -5.235515820849e-02
 2.41950000e+00,        +1.414213562373e-01,        +2.357930650097e-01,        -5.235564091924e-02
 2.41952500e+00,        +1.414213562373e-01,        +2.357913555070e-01,        -5.235612356507e-02
 2.41955000e+00,        +1.414213562373e-01,        +2.357896448038e-01,        -5.235660614558e-02
 2.41957500e+00,        +1.414213562373e-01,        +2.357879328955e-01,        -5.235708866037e-02
 2.41960000e+00,        +1.414213562373e-01,        +2.357862197778e-01,        -5.235757110904e-02
 2.41962500e+00,        +1.414213562373e-01,        +2.357845054462e-01,        -5.235805349116e-02
 2.41965000e+00,        +1.414213562373e-01,        +2.357827898961e-01,        -5.235853580635e-02
 2.41967500e+00,        +1.414213562373e-01,        +2.357810731231e-01,        -5.235901805417e-02
 2.41970000e+00,        +1.414213562373e-01,        +2.357793551225e-01,        -5.235950023422e-02
 2.41972500e+00,        +1.414213562373e-01,        +2.357776358898e-01,        -5.235998234607e-02
 2.41975000e+00,        +1.414213562373e-01,        +2.357759154205e-01,        -5.236046438930e-02
 2.41977500e+00,        +1.414213562373e-01,        +2.357741937098e-01,        -5.236094636348e-02
 2.41980000e+00,        +1.414213562373e-01,        +2.357724707533e-01,        -5.236142826819e-02
 2.41982500e+00,        +1.414213562373e-01,        +2.357707465460e-01,        -5.236191010297e-02
 2.41985000e+00,        +1.414213562373e-01,        +2.357690210835e-01,        -5.236239186741e-02
 2.41987500e+00,        +1.414213562373e-01,        +2.357672943610e-01,        -5.236287356106e-02
 2.41990000e+00,        +1.414213562373e-01,        +2.357655663737e-01,        -5.236335518347e-02
 2.41992500e+00,        +1.414213562373e-01,        +2.357638371169e-01,        -5.236383673420e-02
 2.41995000e+00,        +1.414213562373e-01,        +2.357621065857e-01,        -5.236431821280e-02
 2.41997500e+00,        +1.414213562373e-01,        +2.357603747754e-01,        -5.236479961880e-02
 2.42000000e+00,        +1.414213562373e-01,        +2.357586416812e-01,        -5.236528095176e-02
 2.42002500e+00,        +1.414213562373e-01,        +2.357569072980e-01,        -5.236576221121e-02
 2.42005000e+00,        +1.414213562373e-01,        +2.357551716212e-01,        -5.236624339668e-02
 2.42007500e+00,        +1.414213562373e-01,        +2.357534346457e-01,        -5.236672450771e-02
 2.42010000e+00,        +1.414213562373e-01,        +2.357516963666e-01,        -5.236720554383e-02
 2.42012500e+00,        +1.414213562373e-01,        +2.357499567789e-01,        -5.236768650454e-02
 2.42015000e+00,        +1.414213562373e-01,        +2.357482158777e-01,        -5.236816738939e-02
 2.42017500e+00,        +1.414213562373e-01,        +2.357464736579e-01,        -5.236864819787e-02
 2.42020000e+00,        +1.414213562373e-01,        +2.357447301144e-01,        -5.236912892951e-02
 2.42022500e+00,        +1.414213562373e-01,        +2.357429852423e-01,        -5.236960958380e-02
 2.42025000e+00,        +1.414213562373e-01,        +2.357412390363e-01,        -5.237009016027e-02
 2.42027500e+00,        +1.414213562373e-01,        +2.357394914914e-01,        -5.237057065839e-02
 2.42030000e+00,        +1.414213562373e-01,        +2.357377426023e-01,        -5.237105107768e-02
 2.42032500e+00,        +1.414213562373e-01,        +2.357359923640e-01,        -5.237153141762e-02
 2.42035000e+00,        +1.414213562373e-01,        +2.357342407712e-01,        -5.237201167770e-02
 2.42037500e+00,        +1.414213562373e-01,        +2.357324878187e-01,        -5.237249185741e-02
 2.42040000e+00,        +1.414213562373e-01,        +2.357307335011e-01,        -5.237297195622e-02
 2.42042500e+00,        +1.414213562373e-01,        +2.357289778132e-01,        -5.237345197361e-02
 2.42045000e+00,        +1.414213562373e-01,        +2.357272207497e-01,        -5.237393190905e-02
 2.42047500e+00,        +1.414213562373e-01,        +2.357254623052e-01,        -5.237441176201e-02
 2.42050000e+00,        +1.414213562373e-01,        +2.357237024743e-01,        -5.237489153196e-02
 2.42052500e+00,        +1.414213562373e-01,        +2.357219412517e-01,        -5.237537121834e-02
 2.42055000e+00,        +1.414213562373e-01,        +2.357201786318e-01,        -5.237585082062e-02
 2.42057500e+00,        +1.414213562373e-01,        +2.357184146093e-01,        -5.237633033825e-02
 2.42060000e+00,        +1.414213562373e-01,        +2.357166491785e-01,        -5.237680977066e-02
 2.42062500e+00,        +1.414213562373e-01,        +2.357148823340e-01,        -5.237728911731e-02
 2.42065000e+00,        +1.414213562373e-01,        +2.357131140702e-01,        -5.237776837762e-02
 2.42067500e+00,        +1.414213562373e-01,        +2.357113443816e-01,        -5.237824755103e-02
 2.42070000e+00,        +1.414213562373e-01,        +2.357095732624e-01,        -5.237872663697e-02
 2.42072500e+00,        +1.414213562373e-01,        +2.357078007072e-01,        -5.237920563486e-02
 2.42075000e+00,        +1.414213562373e-01,        +2.357060267100e-01,        -5.237968454412e-02
 2.42077500e+00,        +1.414213562373e-01,        +2.357042512654e-01,        -5.238016336416e-02
 2.42080000e+00,        +1.414213562373e-01,        +2.357024743674e-01,        -5.238064209439e-02
 2.42082500e+00,        +1.414213562373e-01,        +2.357006960104e-01,        -5.238112073421e-02
 2.42085000e+00,        +1.414213562373e-01,        +2.356989161885e-01,        -5.238159928302e-02
 2.42087500e+00,        +1.414213562373e-01,        +2.356971348959e-01,        -5.238207774023e-02
 2.42090000e+00,        +1.414213562373e-01,        +2.356953521267e-01,        -5.238255610520e-02
 2.42092500e+00,        +1.414213562373e-01,        +2.356935678750e-01,        -5.238303437734e-02
 2.42095000e+00,        +1.414213562373e-01,        +2.356917821349e-01,        -5.238351255601e-02
 2.42097500e+00,        +1.414213562373e-01,        +2.356899949004e-01,        -5.238399064059e-02
 2.42100000e+00,        +1.414213562373e-01,        +2.356882061655e-01,        -5.238446863046e-02
 2.42102500e+00,        +1.414213562373e-01,        +2.356864159241e-01,        -5.238494652497e-02
 2.42105000e+00,        +1.414213562373e-01,        +2.356846241703e-01,        -5.238542432349e-02
 2.42107500e+00,        +1.414213562373e-01,        +2.356828308978e-01,        -5.238590202536e-02
 2.42110000e+00,        +1.414213562373e-01,        +2.356810361006e-01,        -5.238637962994e-02
 2.42112500e+00,        +1.414213562373e-01,        +2.356792397725e-01,        -5.238685713656e-02
 2.42115000e+00,        +1.414213562373e-01,        +2.356774419072e-01,        -5.238733454456e-02
 2.42117500e+00,        +1.414213562373e-01,        +2.356756424986e-01,        -5.238781185329e-02
 2.42120000e+00,        +1.414213562373e-01,        +2.356738415403e-01,        -5.238828906205e-02
 2.42122500e+00,        +1.414213562373e-01,        +2.356720390261e-01,        -5.238876617018e-02
 2.42125000e+00,        +1.414213562373e-01,        +2.356702349496e-01,        -5.238924317698e-02
 2.42127500e+00,        +1.414213562373e-01,        +2.356684293044e-01,        -5.238972008177e-02
 2.42130000e+00,        +1.414213562373e-01,        +2.356666220841e-01,        -5.239019688385e-02
 2.42132500e+00,        +1.414213562373e-01,        +2.356648132823e-01,        -5.239067358252e-02
 2.42135000e+00,        +1.414213562373e-01,        +2.356630028924e-01,        -5.239115017707e-02
 2.42137500e+00,        +1.414213562373e-01,        +2.356611909079e-01,        -5.239162666678e-02
 2.42140000e+00,        +1.414213562373e-01,        +2.356593773224e-01,        -5.239210305094e-02
 2.42142500e+00,        +1.414213562373e-01,        +2.356575621290e-01,        -5.239257932882e-02
 2.42145000e+00,        +1.414213562373e-01,        +2.356557453213e-01,        -5.239305549969e-02
 2.42147500e+00,        +1.414213562373e-01,        +2.356539268926e-01,        -5.239353156280e-02
 2.42150000e+00,        +1.414213562373e-01,        +2.356521068361e-01,        -5.239400751743e-02
 2.42152500e+00,        +1.414213562373e-01,        +2.356502851450e-01,        -5.239448336281e-02
 2.42155000e+00,        +1.414213562373e-01,        +2.356484618127e-01,        -5.239495909818e-02
 2.42157500e+00,        +1.414213562373e-01,        +2.356466368322e-01,        -5.239543472280e-02
 2.42160000e+00,        +1.414213562373e-01,        +2.356448101967e-01,        -5.239591023588e-02
 2.42162500e+00,        +1.414213562373e-01,        +2.356429818993e-01,        -5.239638563665e-02
 2.42165000e+00,        +1.414213562373e-01,        +2.356411519330e-01,        -5.239686092432e-02
 2.42167500e+00,        +1.414213562373e-01,        +2.356393202909e-01,        -5.239733609812e-02
 2.42170000e+00,        +1.414213562373e-01,        +2.356374869659e-01,        -5.239781115724e-02
 2.42172500e+00,        +1.414213562373e-01,        +2.356356519509e-01,        -5.239828610088e-02
 2.42175000e+00,        +1.414213562373e-01,        +2.356338152389e-01,        -5.239876092823e-02
 2.42177500e+00,        +1.414213562373e-01,        +2.356319768227e-01,        -5.239923563848e-02
 2.42180000e+00,        +1.414213562373e-01,        +2.356301366950e-01,        -5.239971023080e-02
 2.42182500e+00,        +1.414213562373e-01,        +2.356282948488e-01,        -5.240018470436e-02
 2.42185000e+00,        +1.414213562373e-01,        +2.356264512766e-01,        -5.240065905833e-02
 2.42187500e+00,        +1.414213562373e-01,        +2.356246059711e-01,        -5.240113329187e-02
 2.42190000e+00,        +1.414213562373e-01,        +2.356227589251e-01,        -5.240160740411e-02
 2.42192500e+00,        +1.414213562373e-01,        +2.356209101311e-01,        -5.240208139420e-02
 2.42195000e+00,        +1.414213562373e-01,        +2.356190595817e-01,        -5.240255526128e-02
 2.42197500e+00,        +1.414213562373e-01,        +2.356172072693e-01,        -5.240302900448e-02
 2.42200000e+00,        +1.414213562373e-01,        +2.356153531864e-01,        -5.240350262290e-02
 2.42202500e+00,        +1.414213562373e-01,        +2.356134973255e-01,        -5.240397611567e-02
 2.42205000e+00,        +1.414213562373e-01,        +2.356116396789e-01,        -5.240444948189e-02
 2.42207500e+00,        +1.414213562373e-01,        +2.356097802390e-01,        -5.240492272066e-02
 2.42210000e+00,        +1.414213562373e-01,        +2.356079189980e-01,        -5.240539583106e-02
 2.42212500e+00,        +1.414213562373e-01,        +2.356060559482e-01,        -5.240586881218e-02
 2.42215000e+00,        +1.414213562373e-01,        +2.356041910818e-01,        -5.240634166308e-02
 2.42217500e+00,        +1.414213562373e-01,        +2.356023243909e-01,        -5.240681438284e-02
 2.42220000e+00,        +1.414213562373e-01,        +2.356004558677e-01,        -5.240728697051e-02
 2.42222500e+00,        +1.414213562373e-01,        +2.355985855041e-01,        -5.240775942513e-02
 2.42225000e+00,        +1.414213562373e-01,        +2.355967132923e-01,        -5.240823174576e-02
 2.42227500e+00,        +1.414213562373e-01,        +2.355948392241e-01,        -5.240870393142e-02
 2.42230000e+00,        +1.414213562373e-01,        +2.355929632915e-01,        -5.240917598114e-02
 2.42232500e+00,        +1.414213562373e-01,        +2.355910854863e-01,        -5.240964789393e-02
 2.42235000e+00,        +1.414213562373e-01,        +2.355892058004e-01,        -5.241011966880e-02
 2.42237500e+00,        +1.414213562373e-01,        +2.355873242255e-01,        -5.241059130475e-02
 2.42240000e+00,        +1.414213562373e-01,        +2.355854407534e-01,        -5.241106280077e-02
 2.42242500e+00,        +1.414213562373e-01,        +2.355835553756e-01,        -5.241153415583e-02
 2.42245000e+00,        +1.414213562373e-01,        +2.355816680839e-01,        -5.241200536892e-02
 2.42247500e+00,        +1.414213562373e-01,        +2.355797788698e-01,        -5.241247643899e-02
 2.42250000e+00,        +1.414213562373e-01,        +2.355778877248e-01,        -5.241294736500e-02
 2.42252500e+00,        +1.414213562373e-01,        +2.355759946403e-01,        -5.241341814589e-02
 2.42255000e+00,        +1.414213562373e-01,        +2.355740996079e-01,        -5.241388878060e-02
 2.42257500e+00,        +1.414213562373e-01,        +2.355722026188e-01,        -5.241435926806e-02
 2.42260000e+00,        +1.414213562373e-01,        +2.355703036644e-01,        -5.241482960718e-02
 2.42262500e+00,        +1.414213562373e-01,        +2.355684027359e-01,        -5.241529979687e-02
 2.42265000e+00,        +1.414213562373e-01,        +2.355664998245e-01,        -5.241576983602e-02
 2.42267500e+00,        +1.414213562373e-01,        +2.355645949214e-01,        -5.241623972353e-02
 2.42270000e+00,        +1.414213562373e-01,        +2.355626880176e-01,        -5.241670945827e-02
 2.42272500e+00,        +1.414213562373e-01,        +2.355607791043e-01,        -5.241717903912e-02
 2.42275000e+00,        +1.414213562373e-01,        +2.355588681723e-01,        -5.241764846492e-02
 2.42277500e+00,        +1.414213562373e-01,        +2.355569552127e-01,        -5.241811773453e-02
 2.42280000e+00,        +1.414213562373e-01,        +2.355550402163e-01,        -5.241858684679e-02
 2.42282500e+00,        +1.414213562373e-01,        +2.355531231739e-01,        -5.241905580053e-02
 2.42285000e+00,        +1.414213562373e-01,        +2.355512040763e-01,        -5.241952459455e-02
 2.42287500e+00,        +1.414213562373e-01,        +2.355492829142e-01,        -5.241999322768e-02
 2.42290000e+00,        +1.414213562373e-01,        +2.355473596782e-01,        -5.242046169869e-02
 2.42292500e+00,        +1.414213562373e-01,        +2.355454343589e-01,        -5.242093000639e-02
 2.42295000e+00,        +1.414213562373e-01,        +2.355435069470e-01,        -5.242139814954e-02
 2.42297500e+00,        +1.414213562373e-01,        +2.355415774327e-01,        -5.242186612691e-02
 2.42300000e+00,        +1.414213562373e-01,        +2.355396458066e-01,        -5.242233393726e-02
 2.42302500e+00,        +1.414213562373e-01,        +2.355377120590e-01,        -5.242280157931e-02
 2.42305000e+00,        +1.414213562373e-01,        +2.355357761802e-01,        -5.242326905180e-02
 2.42307500e+00,        +1.414213562373e-01,        +2.355338381604e-01,        -5.242373635346e-02
 2.42310000e+00,        +1.414213562373e-01,        +2.355318979899e-01,        -5.242420348299e-02
 2.42312500e+00,        +1.414213562373e-01,        +2.355299556586e-01,        -5.242467043907e-02
 2.42315000e+00,        +1.414213562373e-01,        +2.355280111567e-01,        -5.242513722041e-02
 2.42317500e+00,        +1.414213562373e-01,        +2.355260644742e-01,        -5.242560382567e-02
 2.42320000e+00,        +1.414213562373e-01,        +2.355241156009e-01,        -5.242607025350e-02
 2.42322500e+00,        +1.414213562373e-01,        +2.355221645268e-01,        -5.242653650256e-02
 2.42325000e+00,        +1.414213562373e-01,        +2.355202112416e-01,        -5.242700257149e-02
 2.42327500e+00,        +1.414213562373e-01,        +2.355182557351e-01,        -5.242746845890e-02
 2.42330000e+00,        +1.414213562373e-01,        +2.355162979969e-01,        -5.242793416340e-02
 2.42332500e+00,        +1.414213562373e-01,        +2.355143380166e-01,        -5.242839968360e-02
 2.42335000e+00,        +1.414213562373e-01,        +2.355123757838e-01,        -5.242886501808e-02
 2.42337500e+00,        +1.414213562373e-01,        +2.355104112879e-01,        -5.242933016542e-02
 2.42340000e+00,        +1.414213562373e-01,        +2.355084445184e-01,        -5.242979512416e-02
 2.42342500e+00,        +1.414213562373e-01,        +2.355064754645e-01,        -5.243025989286e-02
 2.42345000e+00,        +1.414213562373e-01,        +2.355045041156e-01,        -5.243072447005e-02
 2.42347500e+00,        +1.414213562373e-01,        +2.355025304608e-01,        -5.243118885425e-02
 2.42350000e+00,        +1.414213562373e-01,        +2.355005544892e-01,        -5.243165304397e-02
 2.42352500e+00,        +1.414213562373e-01,        +2.354985761900e-01,        -5.243211703769e-02
 2.42355000e+00,        +1.414213562373e-01,        +2.354965955520e-01,        -5.243258083390e-02
 2.42357500e+00,        +1.414213562373e-01,        +2.354946125643e-01,        -5.243304443106e-02
 2.42360000e+00,        +1.414213562373e-01,        +2.354926272157e-01,        -5.243350782762e-02
 2.42362500e+00,        +1.414213562373e-01,        +2.354906394948e-01,        -5.243397102201e-02
 2.42365000e+00,        +1.414213562373e-01,        +2.354886493905e-01,        -5.243443401266e-02
 2.42367500e+00,        +1.414213562373e-01,        +2.354866568914e-01,        -5.243489679798e-02
 2.42370000e+00,        +1.414213562373e-01,        +2.354846619860e-01,        -5.243535937635e-02
 2.42372500e+00,        +1.414213562373e-01,        +2.354826646628e-01,        -5.243582174615e-02
 2.42375000e+00,        +1.414213562373e-01,        +2.354806649101e-01,        -5.243628390574e-02
 2.42377500e+00,        +1.414213562373e-01,        +2.354786627164e-01,        -5.243674585348e-02
 2.42380000e+00,        +1.414213562373e-01,        +2.354766580699e-01,        -5.243720758769e-02
 2.42382500e+00,        +1.414213562373e-01,        +2.354746509587e-01,        -5.243766910668e-02
 2.42385000e+00,        +1.414213562373e-01,        +2.354726413709e-01,        -5.243813040876e-02
 2.42387500e+00,        +1.414213562373e-01,        +2.354706292947e-01,        -5.243859149221e-02
 2.42390000e+00,        +1.414213562373e-01,        +2.354686147178e-01,        -5.243905235530e-02
 2.42392500e+00,        +1.414213562373e-01,        +2.354665976281e-01,        -5.243951299628e-02
 2.42395000e+00,        +1.414213562373e-01,        +2.354645780135e-01,        -5.243997341339e-02
 2.42397500e+00,        +1.414213562373e-01,        +2.354625558617e-01,        -5.244043360484e-02
 2.42400000e+00,        +1.414213562373e-01,        +2.354605311602e-01,        -5.244089356883e-02
 2.42402500e+00,        +1.414213562373e-01,        +2.354585038966e-01,        -5.244135330356e-02
 2.42405000e+00,        +1.414213562373e-01,        +2.354564740584e-01,        -5.244181280718e-02
 2.42407500e+00,        +1.414213562373e-01,        +2.354544416328e-01,        -5.244227207785e-02
 2.42410000e+00,        +1.414213562373e-01,        +2.354524066073e-01,        -5.244273111370e-02
 2.42412500e+00,        +1.414213562373e-01,        +2.354503689689e-01,        -5.244318991285e-02
 2.42415000e+00,        +1.414213562373e-01,        +2.354483287049e-01,        -5.244364847339e-02
 2.42417500e+00,        +1.414213562373e-01,        +2.354462858022e-01,        -5.244410679340e-02
 2.42420000e+00,        +1.414213562373e-01,        +2.354442402478e-01,        -5.244456487095e-02
 2.42422500e+00,        +1.414213562373e-01,        +2.354421920286e-01,        -5.244502270407e-02
 2.42425000e+00,        +1.414213562373e-01,        +2.354401411312e-01,        -5.244548029079e-02
 2.42427500e+00,        +1.414213562373e-01,        +2.354380875424e-01,        -5.244593762911e-02
 2.42430000e+00,        +1.414213562373e-01,        +2.354360312488e-01,        -5.244639471702e-02
 2.42432500e+00,        +1.414213562373e-01,        +2.354339722368e-01,        -5.244685155248e-02
 2.42435000e+00,        +1.414213562373e-01,        +2.354319104929e-01,        -5.244730813345e-02
 2.42437500e+00,        +1.414213562373e-01,        +2.354298460034e-01,        -5.244776445785e-02
 2.42440000e+00,        +1.414213562373e-01,        +2.354277787545e-01,        -5.244822052358e-02
 2.42442500e+00,        +1.414213562373e-01,        +2.354257087322e-01,        -5.244867632853e-02
 2.42445000e+00,        +1.414213562373e-01,        +2.354236359227e-01,        -5.244913187057e-02
 2.42447500e+00,        +1.414213562373e-01,        +2.354215603119e-01,        -5.244958714755e-02
 2.42450000e+00,        +1.414213562373e-01,        +2.354194818856e-01,        -5.245004215728e-02
 2.42452500e+00,        +1.414213562373e-01,        +2.354174006296e-01,        -5.245049689758e-02
 2.42455000e+00,        +1.414213562373e-01,        +2.354153165295e-01,        -5.245095136622e-02
 2.42457500e+00,        +1.414213562373e-01,        +2.354132295708e-01,        -5.245140556097e-02
 2.42460000e+00,        +1.414213562373e-01,        +2.354111397390e-01,        -5.245185947956e-02
 2.42462500e+00,        +1.414213562373e-01,        +2.354090470194e-01,        -5.245231311972e-02
 2.42465000e+00,        +1.414213562373e-01,        +2.354069513973e-01,        -5.245276647913e-02
 2.42467500e+00,        +1.414213562373e-01,        +2.354048528578e-01,        -5.245321955547e-02
 2.42470000e+00,        +1.414213562373e-01,        +2.354027513859e-01,        -5.245367234638e-02
 2.42472500e+00,        +1.414213562373e-01,        +2.354006469666e-01,        -5.245412484950e-02
 2.42475000e+00,        +1.414213562373e-01,        +2.353985395848e-01,        -5.245457706243e-02
 2.42477500e+00,        +1.414213562373e-01,        +2.353964292250e-01,        -5.245502898275e-02
 2.42480000e+00,        +1.414213562373e-01,        +2.353943158721e-01,        -5.245548060800e-02
 2.42482500e+00,        +1.414213562373e-01,        +2.353921995103e-01,        -5.245593193573e-02
 2.42485000e+00,        +1.414213562373e-01,        +2.353900801243e-01,        -5.245638296344e-02
 2.42487500e+00,        +1.414213562373e-01,        +2.353879576981e-01,        -5.245683368860e-02
 2.42490000e+00,        +1.414213562373e-01,        +2.353858322161e-01,        -5.245728410869e-02
 2.42492500e+00,        +1.414213562373e-01,        +2.353837036623e-01,        -5.245773422113e-02
 2.42495000e+00,        +1.414213562373e-01,        +2.353815720207e-01,        -5.245818402333e-02
 2.42497500e+00,        +1.414213562373e-01,        +2.353794372750e-01,        -5.245863351266e-02
 2.42500000e+00,        +1.414213562373e-01,        +2.353772994091e-01,        -5.245908268649e-02
 2.42502500e+00,        +1.414213562373e-01,        +2.353751584064e-01,        -5.245953154214e-02
 2.42505000e+00,        +1.414213562373e-01,        +2.353730142506e-01,        -5.245998007691e-02
 2.42507500e+00,        +1.414213562373e-01,        +2.353708669250e-01,        -5.246042828807e-02
 2.42510000e+00,        +1.414213562373e-01,        +2.353687164129e-01,        -5.246087617288e-02
 2.42512500e+00,        +1.414213562373e-01,        +2.353665626973e-01,        -5.246132372855e-02
 2.42515000e+00,        +1.414213562373e-01,        +2.353644057614e-01,        -5.246177095228e-02
 2.42517500e+00,        +1.414213562373e-01,        +2.353622455880e-01,        -5.246221784122e-02
 2.42520000e+00,        +1.414213562373e-01,        +2.353600821599e-01,        -5.246266439252e-02
 2.42522500e+00,        +1.414213562373e-01,        +2.353579154597e-01,        -5.246311060327e-02
 2.42525000e+00,        +1.414213562373e-01,        +2.353557454700e-01,        -5.246355647055e-02
 2.42527500e+00,        +1.414213562373e-01,        +2.353535721732e-01,        -5.246400199142e-02
 2.42530000e+00,        +1.414213562373e-01,        +2.353513955515e-01,        -5.246444716287e-02
 2.42532500e+00,        +1.414213562373e-01,        +2.353492155871e-01,        -5.246489198192e-02
 2.42535000e+00,        +1.414213562373e-01,        +2.353470322620e-01,        -5.246533644549e-02
 2.42537500e+00,        +1.414213562373e-01,        +2.353448455581e-01,        -5.246578055053e-02
 2.42540000e+00,        +1.414213562373e-01,        +2.353426554570e-01,        -5.246622429393e-02
 2.42542500e+00,        +1.414213562373e-01,        +2.353404619406e-01,        -5.246666767254e-02
 2.42545000e+00,        +1.414213562373e-01,        +2.353382649902e-01,        -5.246711068320e-02
 2.42547500e+00,        +1.414213562373e-01,        +2.353360645871e-01,        -5.246755332269e-02
 2.42550000e+00,        +1.414213562373e-01,        +2.353338607127e-01,        -5.246799558780e-02
 2.42552500e+00,        +1.414213562373e-01,        +2.353316533479e-01,        -5.246843747523e-02
 2.42555000e+00,        +1.414213562373e-01,        +2.353294424737e-01,        -5.246887898170e-02
 2.42557500e+00,        +1.414213562373e-01,        +2.353272280709e-01,        -5.246932010386e-02
 2.42560000e+00,        +1.414213562373e-01,        +2.353250101201e-01,        -5.246976083835e-02
 2.42562500e+00,        +1.414213562373e-01,        +2.353227886019e-01,        -5.247020118175e-02
 2.42565000e+00,        +1.414213562373e-01,        +2.353205634965e-01,        -5.247064113062e-02
 2.42567500e+00,        +1.414213562373e-01,        +2.353183347844e-01,        -5.247108068148e-02
 2.42570000e+00,        +1.414213562373e-01,        +2.353161024454e-01,        -5.247151983082e-02
 2.42572500e+00,        +1.414213562373e-01,        +2.353138664595e-01,        -5.247195857509e-02
 2.42575000e+00,        +1.414213562373e-01,        +2.353116268065e-01,        -5.247239691070e-02
 2.42577500e+00,        +1.414213562373e-01,        +2.353093834661e-01,        -5.247283483403e-02
 2.42580000e+00,        +1.414213562373e-01,        +2.353071364176e-01,        -5.247327234140e-02
 2.42582500e+00,        +1.414213562373e-01,        +2.353048856404e-01,        -5.247370942912e-02
 2.42585000e+00,        +1.414213562373e-01,        +2.353026311136e-01,        -5.247414609345e-02
 2.42587500e+00,        +1.414213562373e-01,        +2.353003728163e-01,        -5.247458233060e-02
 2.42590000e+00,        +1.414213562373e-01,        +2.352981107273e-01,        -5.247501813676e-02
 2.42592500e+00,        +1.414213562373e-01,        +2.352958448252e-01,        -5.247545350807e-02
 2.42595000e+00,        +1.414213562373e-01,        +2.352935750886e-01,        -5.247588844061e-02
 2.42597500e+00,        +1.414213562373e-01,        +2.352913014959e-01,        -5.247632293046e-02
 2.42600000e+00,        +1.414213562373e-01,        +2.352890240252e-01,        -5.247675697362e-02
 2.42602500e+00,        +1.414213562373e-01,        +2.352867426546e-01,        -5.247719056607e-02
 2.42605000e+00,        +1.414213562373e-01,        +2.352844573618e-01,        -5.247762370374e-02
 2.42607500e+00,        +1.414213562373e-01,        +2.352821681247e-01,        -5.247805638251e-02
 2.42610000e+00,        +1.414213562373e-01,        +2.352798749207e-01,        -5.247848859823e-02
 2.42612500e+00,        +1.414213562373e-01,        +2.352775777272e-01,        -5.247892034670e-02
 2.42615000e+00,        +1.414213562373e-01,        +2.352752765213e-01,        -5.247935162366e-02
 2.42617500e+00,        +1.414213562373e-01,        +2.352729712800e-01,        -5.247978242483e-02
 2.42620000e+00,        +1.414213562373e-01,        +2.352706619801e-01,        -5.248021274586e-02
 2.42622500e+00,        +1.414213562373e-01,        +2.352683485984e-01,        -5.248064258238e-02
 2.42625000e+00,        +1.414213562373e-01,        +2.352660311112e-01,        -5.248107192994e-02
 2.42627500e+00,        +1.414213562373e-01,        +2.352637094947e-01,        -5.248150078407e-02
 2.42630000e+00,        +1.414213562373e-01,        +2.352613837252e-01,        -5.248192914024e-02
 2.42632500e+00,        +1.414213562373e-01,        +2.352590537785e-01,        -5.248235699386e-02
 2.42635000e+00,        +1.414213562373e-01,        +2.352567196302e-01,        -5.248278434032e-02
 2.42637500e+00,        +1.414213562373e-01,        +2.352543812560e-01,        -5.248321117493e-02
 2.42640000e+00,        +1.414213562373e-01,        +2.352520386312e-01,        -5.248363749296e-02
 2.42642500e+00,        +1.414213562373e-01,        +2.352496917309e-01,        -5.248406328964e-02
 2.42645000e+00,        +1.414213562373e-01,        +2.352473405300e-01,        -5.248448856012e-02
 2.42647500e+00,        +1.414213562373e-01,        +2.352449850032e-01,        -5.248491329952e-02
 2.42650000e+00,        +1.414213562373e-01,        +2.352426251252e-01,        -5.248533750291e-02
 2.42652500e+00,        +1.414213562373e-01,        +2.352402608703e-01,        -5.248576116528e-02
 2.42655000e+00,        +1.414213562373e-01,        +2.352378922126e-01,        -5.248618428159e-02
 2.42657500e+00,        +1.414213562373e-01,        +2.352355191260e-01,        -5.248660684673e-02
 2.42660000e+00,        +1.414213562373e-01,        +2.352331415842e-01,        -5.248702885554e-02
 2.42662500e+00,        +1.414213562373e-01,        +2.352307595609e-01,        -5.248745030280e-02
 2.42665000e+00,        +1.414213562373e-01,        +2.352283730292e-01,        -5.248787118323e-02
 2.42667500e+00,        +1.414213562373e-01,        +2.352259819623e-01,        -5.248829149151e-02
 2.42670000e+00,        +1.414213562373e-01,        +2.352235863330e-01,        -5.248871122222e-02
 2.42672500e+00,        +1.414213562373e-01,        +2.352211861141e-01,        -5.248913036993e-02
 2.42675000e+00,        +1.414213562373e-01,        +2.352187812778e-01,        -5.248954892911e-02
 2.42677500e+00,        +1.414213562373e-01,        +2.352163717965e-01,        -5.248996689419e-02
 2.42680000e+00,        +1.414213562373e-01,        +2.352139576422e-01,        -5.249038425952e-02
 2.42682500e+00,        +1.414213562373e-01,        +2.352115387865e-01,        -5.249080101941e-02
 2.42685000e+00,        +1.414213562373e-01,        +2.352091152011e-01,        -5.249121716808e-02
 2.42687500e+00,        +1.414213562373e-01,        +2.352066868572e-01,        -5.249163269970e-02
 2.42690000e+00,        +1.414213562373e-01,        +2.352042537259e-01,        -5.249204760837e-02
 2.42692500e+00,        +1.414213562373e-01,        +2.352018157780e-01,        -5.249246188814e-02
 2.42695000e+00,        +1.414213562373e-01,        +2.351993729841e-01,        -5.249287553295e-02
 2.42697500e+00,        +1.414213562373e-01,        +2.351969253146e-01,        -5.249328853673e-02
 2.42700000e+00,        +1.414213562373e-01,        +2.351944727395e-01,        -5.249370089328e-02
 2.42702500e+00,        +1.414213562373e-01,        +2.351920152288e-01,        -5.249411259638e-02
 2.42705000e+00,        +1.414213562373e-01,        +2.351895527520e-01,        -5.249452363971e-02
 2.42707500e+00,        +1.414213562373e-01,        +2.351870852785e-01,        -5.249493401689e-02
 2.42710000e+00,        +1.414213562373e-01,        +2.351846127773e-01,        -5.249534372145e-02
 2.42712500e+00,        +1.414213562373e-01,        +2.351821352175e-01,        -5.249575274687e-02
 2.42715000e+00,        +1.414213562373e-01,        +2.351796525674e-01,        -5.249616108654e-02
 2.42717500e+00,        +1.414213562373e-01,        +2.351771647956e-01,        -5.249656873378e-02
 2.42720000e+00,        +1.414213562373e-01,        +2.351746718699e-01,        -5.249697568182e-02
 2.42722500e+00,        +1.414213562373e-01,        +2.351721737583e-01,        -5.249738192384e-02
 2.42725000e+00,        +1.414213562373e-01,        +2.351696704282e-01,        -5.249778745290e-02
 2.42727500e+00,        +1.414213562373e-01,        +2.351671618469e-01,        -5.249819226203e-02
 2.42730000e+00,        +1.414213562373e-01,        +2.351646479814e-01,        -5.249859634412e-02
 2.42732500e+00,        +1.414213562373e-01,        +2.351621287984e-01,        -5.249899969203e-02
 2.42735000e+00,        +1.414213562373e-01,        +2.351596042642e-01,        -5.249940229851e-02
 2.42737500e+00,        +1.414213562373e-01,        +2.351570743451e-01,        -5.249980415624e-02
 2.42740000e+00,        +1.414213562373e-01,        +2.351545390068e-01,        -5.250020525778e-02
 2.42742500e+00,        +1.414213562373e-01,        +2.351519982150e-01,        -5.250060559565e-02
 2.42745000e+00,        +1.414213562373e-01,        +2.351494519348e-01,        -5.250100516225e-02
 2.42747500e+00,        +1.414213562373e-01,        +2.351469001312e-01,        -5.250140394989e-02
 2.42750000e+00,        +1.414213562373e-01,        +2.351443427690e-01,        -5.250180195083e-02
 2.42752500e+00,        +1.414213562373e-01,        +2.351417798125e-01,        -5.250219915717e-02
 2.42755000e+00,        +1.414213562373e-01,        +2.351392112256e-01,        -5.250259556098e-02
 2.42757500e+00,        +1.414213562373e-01,        +2.351366369722e-01,        -5.250299115421e-02
 2.42760000e+00,        +1.414213562373e-01,        +2.351340570157e-01,        -5.250338592869e-02
 2.42762500e+00,        +1.414213562373e-01,        +2.351314713192e-01,        -5.250377987621e-02
 2.42765000e+00,        +1.414213562373e-01,        +2.351288798455e-01,        -5.250417298840e-02
 2.42767500e+00,        +1.414213562373e-01,        +2.351262825571e-01,        -5.250456525683e-02
 2.42770000e+00,        +1.414213562373e-01,        +2.351236794161e-01,        -5.250495667297e-02
 2.42772500e+00,        +1.414213562373e-01,        +2.351210703844e-01,        -5.250534722815e-02
 2.42775000e+00,        +1.414213562373e-01,        +2.351184554233e-01,        -5.250573691364e-02
 2.42777500e+00,        +1.414213562373e-01,        +2.351158344941e-01,        -5.250612572058e-02
 2.42780000e+00,        +1.414213562373e-01,        +2.351132075575e-01,        -5.250651364001e-02
 2.42782500e+00,        +1.414213562373e-01,        +2.351105745741e-01,        -5.250690066286e-02
 2.42785000e+00,        +1.414213562373e-01,        +2.351079355039e-01,        -5.250728677995e-02
 2.42787500e+00,        +1.414213562373e-01,        +2.351052903067e-01,        -5.250767198198e-02
 2.42790000e+00,        +1.414213562373e-01,        +2.351026389418e-01,        -5.250805625956e-02
 2.42792500e+00,        +1.414213562373e-01,        +2.350999813684e-01,        -5.250843960317e-02
 2.42795000e+00,        +1.414213562373e-01,        +2.350973175450e-01,        -5.250882200316e-02
 2.42797500e+00,        +1.414213562373e-01,        +2.350946474301e-01,        -5.250920344979e-02
 2.42800000e+00,        +1.414213562373e-01,        +2.350919709814e-01,        -5.250958393318e-02
 2.42802500e+00,        +1.414213562373e-01,        +2.350892881567e-01,        -5.250996344334e-02
 2.42805000e+00,        +1.414213562373e-01,        +2.350865989131e-01,        -5.251034197016e-02
 2.42807500e+00,        +1.414213562373e-01,        +2.350839032073e-01,        -5.251071950337e-02
 2.42810000e+00,        +1.414213562373e-01,        +2.350812009957e-01,        -5.251109603263e-02
 2.42812500e+00,        +1.414213562373e-01,        +2.350784922345e-01,        -5.251147154743e-02
 2.42815000e+00,        +1.414213562373e-01,        +2.350757768791e-01,        -5.251184603714e-02
 2.42817500e+00,        +1.414213562373e-01,        +2.350730548848e-01,        -5.251221949100e-02
 2.42820000e+00,        +1.414213562373e-01,        +2.350703262064e-01,        -5.251259189812e-02
 2.42822500e+00,        +1.414213562373e-01,        +2.350675907983e-01,        -5.251296324747e-02
 2.42825000e+00,        +1.414213562373e-01,        +2.350648486145e-01,        -5.251333352787e-02
 2.42827500e+00,        +1.414213562373e-01,        +2.350620996085e-01,        -5.251370272802e-02
 2.42830000e+00,        +1.414213562373e-01,        +2.350593437334e-01,        -5.251407083647e-02
 2.42832500e+00,        +1.414213562373e-01,        +2.350565809419e-01,        -5.251443784162e-02
 2.42835000e+00,        +1.414213562373e-01,        +2.350538111864e-01,        -5.251480373173e-02
 2.42837500e+00,        +1.414213562373e-01,        +2.350510344186e-01,        -5.251516849490e-02
 2.42840000e+00,        +1.414213562373e-01,        +2.350482505898e-01,        -5.251553211911e-02
 2.42842500e+00,        +1.414213562373e-01,        +2.350454596511e-01,        -5.251589459215e-02
 2.42845000e+00,        +1.414213562373e-01,        +2.350426615528e-01,        -5.251625590166e-02
 2.42847500e+00,        +1.414213562373e-01,        +2.350398562451e-01,        -5.251661603516e-02
 2.42850000e+00,        +1.414213562373e-01,        +2.350370436773e-01,        -5.251697497996e-02
 2.42852500e+00,        +1.414213562373e-01,        +2.350342237987e-01,        -5.251733272325e-02
 2.42855000e+00,        +1.414213562373e-01,        +2.350313965578e-01,        -5.251768925201e-02
 2.42857500e+00,        +1.414213562373e-01,        +2.350285619026e-01,        -5.251804455310e-02
 2.42860000e+00,        +1.414213562373e-01,        +2.350257197809e-01,        -5.251839861319e-02
 2.42862500e+00,        +1.414213562373e-01,        +2.350228701397e-01,        -5.251875141876e-02
 2.42865000e+00,        +1.414213562373e-01,        +2.350200129257e-01,        -5.251910295614e-02
 2.42867500e+00,        +1.414213562373e-01,        +2.350171480850e-01,        -5.251945321147e-02
 2.42870000e+00,        +1.414213562373e-01,        +2.350142755631e-01,        -5.251980217073e-02
 2.42872500e+00,        +1.414213562373e-01,        +2.350113953052e-01,        -5.252014981968e-02
 2.42875000e+00,        +1.414213562373e-01,        +2.350085072559e-01,        -5.252049614392e-02
 2.42877500e+00,        +1.414213562373e-01,        +2.350056113592e-01,        -5.252084112887e-02
 2.42880000e+00,        +1.414213562373e-01,        +2.350027075585e-01,        -5.252118475973e-02
 2.42882500e+00,        +1.414213562373e-01,        +2.349997957968e-01,        -5.252152702153e-02
 2.42885000e+00,        +1.414213562373e-01,        +2.349968760166e-01,        -5.252186789909e-02
 2.42887500e+00,        +1.414213562373e-01,        +2.349939481597e-01,        -5.252220737703e-02
 2.42890000e+00,        +1.414213562373e-01,        +2.349910121673e-01,        -5.252254543978e-02
 2.42892500e+00,        +1.414213562373e-01,        +2.349880679802e-01,        -5.252288207154e-02
 2.42895000e+00,        +1.414213562373e-01,        +2.349851155385e-01,        -5.252321725632e-02
 2.42897500e+00,        +1.414213562373e-01,        +2.349821547818e-01,        -5.252355097790e-02
 2.42900000e+00,        +1.414213562373e-01,        +2.349791856491e-01,        -5.252388321986e-02
 2.42902500e+00,        +1.414213562373e-01,        +2.349762080786e-01,        -5.252421396556e-02
 2.42905000e+00,        +1.414213562373e-01,        +2.349732220083e-01,        -5.252454319813e-02
 2.42907500e+00,        +1.414213562373e-01,        +2.349702273751e-01,        -5.252487090046e-02
 2.42910000e+00,        +1.414213562373e-01,        +2.349672241157e-01,        -5.252519705523e-02
 2.42912500e+00,        +1.414213562373e-01,        +2.349642121660e-01,        -5.252552164487e-02
 2.42915000e+00,        +1.414213562373e-01,        +2.349611914612e-01,        -5.252584465160e-02
 2.42917500e+00,        +1.414213562373e-01,        +2.349581619359e-01,        -5.252616605737e-02
 2.42920000e+00,        +1.414213562373e-01,        +2.349551235242e-01,        -5.252648584389e-02
 2.42922500e+00,        +1.414213562373e-01,        +2.349520761593e-01,        -5.252680399264e-02
 2.42925000e+00,        +1.414213562373e-01,        +2.349490197739e-01,        -5.252712048481e-02
 2.42927500e+00,        +1.414213562373e-01,        +2.349459542999e-01,        -5.252743530137e-02
 2.42930000e+00,        +1.414213562373e-01,        +2.349428796688e-01,        -5.252774842301e-02
 2.42932500e+00,        +1.414213562373e-01,        +2.349397958109e-01,        -5.252805983016e-02
 2.42935000e+00,        +1.414213562373e-01,        +2.349367026563e-01,        -5.252836950298e-02
 2.42937500e+00,        +1.414213562373e-01,        +2.349336001342e-01,        -5.252867742134e-02
 2.42940000e+00,        +1.414213562373e-01,        +2.349304881729e-01,        -5.252898356487e-02
 2.42942500e+00,        +1.414213562373e-01,        +2.349273667003e-01,        -5.252928791287e-02
 2.42945000e+00,        +1.414213562373e-01,        +2.349242356434e-01,        -5.252959044438e-02
 2.42947500e+00,        +1.414213562373e-01,        +2.349210949284e-01,        -5.252989113815e-02
 2.42950000e+00,        +1.414213562373e-01,        +2.349179444807e-01,        -5.253018997261e-02
 2.42952500e+00,        +1.414213562373e-01,        +2.349147842252e-01,        -5.253048692593e-02
 2.42955000e+00,        +1.414213562373e-01,        +2.349116140859e-01,        -5.253078197592e-02
 2.42957500e+00,        +1.414213562373e-01,        +2.349084339858e-01,        -5.253107510011e-02
 2.42960000e+00,        +1.414213562373e-01,        +2.349052438474e-01,        -5.253136627571e-02
 2.42962500e+00,        +1.414213562373e-01,        +2.349020435922e-01,        -5.253165547961e-02
 2.42965000e+00,        +1.414213562373e-01,        +2.348988331411e-01,        -5.253194268835e-02
 2.42967500e+00,        +1.414213562373e-01,        +2.348956124139e-01,        -5.253222787817e-02
 2.42970000e+00,        +1.414213562373e-01,        +2.348923813297e-01,        -5.253251102495e-02
 2.42972500e+00,        +1.414213562373e-01,        +2.348891398069e-01,        -5.253279210422e-02
 2.42975000e+00,        +1.414213562373e-01,        +2.348858877627e-01,        -5.253307109118e-02
 2.42977500e+00,        +1.414213562373e-01,        +2.348826251138e-01,        -5.253334796066e-02
 2.42980000e+00,        +1.414213562373e-01,        +2.348793517757e-01,        -5.253362268713e-02
 2.42982500e+00,        +1.414213562373e-01,        +2.348760676632e-01,        -5.253389524470e-02
 2.42985000e+00,        +1.414213562373e-01,        +2.348727726902e-01,        -5.253416560709e-02
 2.42987500e+00,        +1.414213562373e-01,        +2.348694667696e-01,        -5.253443374766e-02
 2.42990000e+00,        +1.414213562373e-01,        +2.348661498134e-01,        -5.253469963935e-02
 2.42992500e+00,        +1.414213562373e-01,        +2.348628217326e-01,        -5.253496325475e-02
 2.42995000e+00,        +1.414213562373e-01,        +2.348594824374e-01,        -5.253522456601e-02
 2.42997500e+00,        +1.414213562373e-01,        +2.348561318369e-01,        -5.253548354489e-02
 2.43000000e+00,        +1.414213562373e-01,        +2.348527698393e-01,        -5.253574016274e-02
 2.43002500e+00,        +1.414213562373e-01,        +2.348493963517e-01,        -5.253599439049e-02
 2.43005000e+00,        +1.414213562373e-01,        +2.348460112803e-01,        -5.253624619861e-02
 2.43007500e+00,        +1.414213562373e-01,        +2.348426145303e-01,        -5.253649555718e-02
 2.43010000e+00,        +1.414213562373e-01,        +2.348392060058e-01,        -5.253674243581e-02
 2.43012500e+00,        +1.414213562373e-01,        +2.348357856098e-01,        -5.253698680366e-02
 2.43015000e+00,        +1.414213562373e-01,        +2.348323532445e-01,        -5.253722862942e-02
 2.43017500e+00,        +1.414213562373e-01,        +2.348289088106e-01,        -5.253746788135e-02
 2.43020000e+00,        +1.414213562373e-01,        +2.348254522081e-01,        -5.253770452719e-02
 2.43022500e+00,        +1.414213562373e-01,        +2.348219833357e-01,        -5.253793853422e-02
 2.43025000e+00,        +1.414213562373e-01,        +2.348185020910e-01,        -5.253816986922e-02
 2.43027500e+00,        +1.414213562373e-01,        +2.348150083706e-01,        -5.253839849848e-02
 2.43030000e+00,        +1.414213562373e-01,        +2.348115020697e-01,        -5.253862438777e-02
 2.43032500e+00,        +1.414213562373e-01,        +2.348079830826e-01,        -5.253884750234e-02
 2.43035000e+00,        +1.414213562373e-01,        +2.348044513023e-01,        -5.253906780691e-02
 2.43037500e+00,        +1.414213562373e-01,        +2.348009066205e-01,        -5.253928526567e-02
 2.43040000e+00,        +1.414213562373e-01,        +2.347973489278e-01,        -5.253949984226e-02
 2.43042500e+00,        +1.414213562373e-01,        +2.347937781137e-01,        -5.253971149976e-02
 2.43045000e+00,        +1.414213562373e-01,        +2.347901940661e-01,        -5.253992020068e-02
 2.43047500e+00,        +1.414213562373e-01,        +2.347865966720e-01,        -5.254012590696e-02
 2.43050000e+00,        +1.414213562373e-01,        +2.347829858169e-01,        -5.254032857994e-02
 2.43052500e+00,        +1.414213562373e-01,        +2.347793613851e-01,        -5.254052818038e-02
 2.43055000e+00,        +1.414213562373e-01,        +2.347757232594e-01,        -5.254072466841e-02
 2.43057500e+00,        +1.414213562373e-01,        +2.347720713216e-01,        -5.254091800356e-02
 2.43060000e+00,        +1.414213562373e-01,        +2.347684054517e-01,        -5.254110814471e-02
 2.43062500e+00,        +1.414213562373e-01,        +2.347647255288e-01,        -5.254129505009e-02
 2.43065000e+00,        +1.414213562373e-01,        +2.347610314302e-01,        -5.254147867731e-02
 2.43067500e+00,        +1.414213562373e-01,        +2.347573230321e-01,        -5.254165898327e-02
 2.43070000e+00,        +1.414213562373e-01,        +2.347536002090e-01,        -5.254183592423e-02
 2.43072500e+00,        +1.414213562373e-01,        +2.347498628341e-01,        -5.254200945571e-02
 2.43075000e+00,        +1.414213562373e-01,        +2.347461107790e-01,        -5.254217953257e-02
 2.43077500e+00,        +1.414213562373e-01,        +2.347423439141e-01,        -5.254234610893e-02
 2.43080000e+00,        +1.414213562373e-01,        +2.347385621078e-01,        -5.254250913818e-02
 2.43082500e+00,        +1.414213562373e-01,        +2.347347652274e-01,        -5.254266857296e-02
 2.43085000e+00,        +1.414213562373e-01,        +2.347309531384e-01,        -5.254282436516e-02
 2.43087500e+00,        +1.414213562373e-01,        +2.347271257047e-01,        -5.254297646588e-02
 2.43090000e+00,        +1.414213562373e-01,        +2.347232827888e-01,        -5.254312482545e-02
 2.43092500e+00,        +1.414213562373e-01,        +2.347194242513e-01,        -5.254326939338e-02
 2.43095000e+00,        +1.414213562373e-01,        +2.347155499514e-01,        -5.254341011838e-02
 2.43097500e+00,        +1.414213562373e-01,        +2.347116597463e-01,        -5.254354694830e-02
 2.43100000e+00,        +1.414213562373e-01,        +2.347077534918e-01,        -5.254367983016e-02
 2.43102500e+00,        +1.414213562373e-01,        +2.347038310418e-01,        -5.254380871010e-02
 2.43105000e+00,        +1.414213562373e-01,        +2.346998922485e-01,        -5.254393353339e-02
 2.43107500e+00,        +1.414213562373e-01,        +2.346959369622e-01,        -5.254405424438e-02
 2.43110000e+00,        +1.414213562373e-01,        +2.346919650317e-01,        -5.254417078653e-02
 2.43112500e+00,        +1.414213562373e-01,        +2.346879763036e-01,        -5.254428310232e-02
 2.43115000e+00,        +1.414213562373e-01,        +2.346839706227e-01,        -5.254439113332e-02
 2.43117500e+00,        +1.414213562373e-01,        +2.346799478322e-01,        -5.254449482010e-02
 2.43120000e+00,        +1.414213562373e-01,        +2.346759077731e-01,        -5.254459410226e-02
 2.43122500e+00,        +1.414213562373e-01,        +2.346718502844e-01,        -5.254468891836e-02
 2.43125000e+00,        +1.414213562373e-01,        +2.346677752033e-01,        -5.254477920595e-02
 2.43127500e+00,        +1.414213562373e-01,        +2.346636823650e-01,        -5.254486490151e-02
 2.43130000e+00,        +1.414213562373e-01,        +2.346595716025e-01,        -5.254494594048e-02
 2.43132500e+00,        +1.414213562373e-01,        +2.346554427468e-01,        -5.254502225717e-02
 2.43135000e+00,        +1.414213562373e-01,        +2.346512956269e-01,        -5.254509378480e-02
 2.43137500e+00,        +1.414213562373e-01,        +2.346471300695e-01,        -5.254516045542e-02
 2.43140000e+00,        +1.414213562373e-01,        +2.346429458992e-01,        -5.254522219996e-02
 2.43142500e+00,        +1.414213562373e-01,        +2.346387429384e-01,        -5.254527894814e-02
 2.43145000e+00,        +1.414213562373e-01,        +2.346345210073e-01,        -5.254533062847e-02
 2.43147500e+00,        +1.414213562373e-01,        +2.346302799238e-01,        -5.254537716825e-02
 2.43150000e+00,        +1.414213562373e-01,        +2.346260195034e-01,        -5.254541849349e-02
 2.43152500e+00,        +1.414213562373e-01,        +2.346217395594e-01,        -5.254545452893e-02
 2.43155000e+00,        +1.414213562373e-01,        +2.346174399026e-01,        -5.254548519802e-02
 2.43157500e+00,        +1.414213562373e-01,        +2.346131203415e-01,        -5.254551042285e-02
 2.43160000e+00,        +1.414213562373e-01,        +2.346087806821e-01,        -5.254553012415e-02
 2.43162500e+00,        +1.414213562373e-01,        +2.346044207279e-01,        -5.254554422126e-02
 2.43165000e+00,        +1.414213562373e-01,        +2.346000402797e-01,        -5.254555263211e-02
 2.43167500e+00,        +1.414213562373e-01,        +2.345956391362e-01,        -5.254555527315e-02
 2.43170000e+00,        +1.414213562373e-01,        +2.345912170929e-01,        -5.254555205939e-02
 2.43172500e+00,        +1.414213562373e-01,        +2.345867739430e-01,        -5.254554290431e-02
 2.43175000e+00,        +1.414213562373e-01,        +2.345823094770e-01,        -5.254552771982e-02
 2.43177500e+00,        +1.414213562373e-01,        +2.345778234824e-01,        -5.254550641630e-02
 2.43180000e+00,        +1.414213562373e-01,        +2.345733157443e-01,        -5.254547890250e-02
 2.43182500e+00,        +1.414213562373e-01,        +2.345687860447e-01,        -5.254544508552e-02
 2.43185000e+00,        +1.414213562373e-01,        +2.345642341627e-01,        -5.254540487079e-02
 2.43187500e+00,        +1.414213562373e-01,        +2.345596598747e-01,        -5.254535816204e-02
 2.43190000e+00,        +1.414213562373e-01,        +2.345550629539e-01,        -5.254530486123e-02
 2.43192500e+00,        +1.414213562373e-01,        +2.345504431705e-01,        -5.254524486853e-02
 2.43195000e+00,        +1.414213562373e-01,        +2.345458002919e-01,        -5.254517808232e-02
 2.43197500e+00,        +1.414213562373e-01,        +2.345411340821e-01,        -5.254510439906e-02
 2.43200000e+00,        +1.414213562373e-01,        +2.345364443021e-01,        -5.254502371336e-02
 2.43202500e+00,        +1.414213562373e-01,        +2.345317307094e-01,        -5.254493591784e-02
 2.43205000e+00,        +1.414213562373e-01,        +2.345269930586e-01,        -5.254484090316e-02
 2.43207500e+00,        +1.414213562373e-01,        +2.345222311008e-01,        -5.254473855793e-02
 2.43210000e+00,        +1.414213562373e-01,        +2.345174445836e-01,        -5.254462876870e-02
 2.43212500e+00,        +1.414213562373e-01,        +2.345126332514e-01,        -5.254451141988e-02
 2.43215000e+00,        +1.414213562373e-01,        +2.345077968449e-01,        -5.254438639371e-02
 2.43217500e+00,        +1.414213562373e-01,        +2.345029351013e-01,        -5.254425357024e-02
 2.43220000e+00,        +1.414213562373e-01,        +2.344980477542e-01,        -5.254411282721e-02
 2.43222500e+00,        +1.414213562373e-01,        +2.344931345336e-01,        -5.254396404009e-02
 2.43225000e+00,        +1.414213562373e-01,        +2.344881951656e-01,        -5.254380708195e-02
 2.43227500e+00,        +1.414213562373e-01,        +2.344832293726e-01,        -5.254364182344e-02
 2.43230000e+00,        +1.414213562373e-01,        +2.344782368732e-01,        -5.254346813274e-02
 2.43232500e+00,        +1.414213562373e-01,        +2.344732173819e-01,        -5.254328587550e-02
 2.43235000e+00,        +1.414213562373e-01,        +2.344681706093e-01,        -5.254309491479e-02
 2.43237500e+00,        +1.414213562373e-01,        +2.344630962619e-01,        -5.254289511100e-02
 2.43240000e+00,        +1.414213562373e-01,        +2.344579940420e-01,        -5.254268632185e-02
 2.43242500e+00,        +1.414213562373e-01,        +2.344528636480e-01,        -5.254246840225e-02
 2.43245000e+00,        +1.414213562373e-01,        +2.344477047735e-01,        -5.254224120431e-02
 2.43247500e+00,        +1.414213562373e-01,        +2.344425171082e-01,        -5.254200457722e-02
 2.43250000e+00,        +1.414213562373e-01,        +2.344373003371e-01,        -5.254175836721e-02
 2.43252500e+00,        +1.414213562373e-01,        +2.344320541408e-01,        -5.254150241747e-02
 2.43255000e+00,        +1.414213562373e-01,        +2.344267781953e-01,        -5.254123656808e-02
 2.43257500e+00,        +1.414213562373e-01,        +2.344214721720e-01,        -5.254096065597e-02
 2.43260000e+00,        +1.414213562373e-01,        +2.344161357373e-01,        -5.254067451478e-02
 2.43262500e+00,        +1.414213562373e-01,        +2.344107685531e-01,        -5.254037797483e-02
 2.43265000e+00,        +1.414213562373e-01,        +2.344053702762e-01,        -5.254007086305e-02
 2.43267500e+00,        +1.414213562373e-01,        +2.343999405582e-01,        -5.253975300285e-02
 2.43270000e+00,        +1.414213562373e-01,        +2.343944790461e-01,        -5.253942421410e-02
 2.43272500e+00,        +1.414213562373e-01,        +2.343889853812e-01,        -5.253908431299e-02
 2.43275000e+00,        +1.414213562373e-01,        +2.343834591999e-01,        -5.253873311197e-02
 2.43277500e+00,        +1.414213562373e-01,        +2.343779001330e-01,        -5.253837041967e-02
 2.43280000e+00,        +1.414213562373e-01,        +2.343723078059e-01,        -5.253799604076e-02
 2.43282500e+00,        +1.414213562373e-01,        +2.343666818384e-01,        -5.253760977593e-02
 2.43285000e+00,        +1.414213562373e-01,        +2.343610218448e-01,        -5.253721142171e-02
 2.43287500e+00,        +1.414213562373e-01,        +2.343553274333e-01,        -5.253680077043e-02
 2.43290000e+00,        +1.414213562373e-01,        +2.343495982065e-01,        -5.253637761009e-02
 2.43292500e+00,        +1.414213562373e-01,        +2.343438337609e-01,        -5.253594172426e-02
 2.43295000e+00,        +1.414213562373e-01,        +2.343380336870e-01,        -5.253549289199e-02
 2.43297500e+00,        +1.414213562373e-01,        +2.343321975689e-01,        -5.253503088764e-02
 2.43300000e+00,        +1.414213562373e-01,        +2.343263249847e-01,        -5.253455548084e-02
 2.43302500e+00,        +1.414213562373e-01,        +2.343204155057e-01,        -5.253406643630e-02
 2.43305000e+00,        +1.414213562373e-01,        +2.343144686969e-01,        -5.253356351376e-02
 2.43307500e+00,        +1.414213562373e-01,        +2.343084841165e-01,        -5.253304646779e-02
 2.43310000e+00,        +1.414213562373e-01,        +2.343024613160e-01,        -5.253251504771e-02
 2.43312500e+00,        +1.414213562373e-01,        +2.342963998398e-01,        -5.253196899746e-02
 2.43315000e+00,        +1.414213562373e-01,        +2.342902992255e-01,        -5.253140805543e-02
 2.43317500e+00,        +1.414213562373e-01,        +2.342841590034e-01,        -5.253083195433e-02
 2.43320000e+00,        +1.414213562373e-01,        +2.342779786963e-01,        -5.253024042105e-02
 2.43322500e+00,        +1.414213562373e-01,        +2.342717578198e-01,        -5.252963317654e-02
 2.43325000e+00,        +1.414213562373e-01,        +2.342654958817e-01,        -5.252900993558e-02
 2.43327500e+00,        +1.414213562373e-01,        +2.342591923823e-01,        -5.252837040672e-02
 2.43330000e+00,        +1.414213562373e-01,        +2.342528468138e-01,        -5.252771429202e-02
 2.43332500e+00,        +1.414213562373e-01,        +2.342464586604e-01,        -5.252704128695e-02
 2.43335000e+00,        +1.414213562373e-01,        +2.342400273981e-01,        -5.252635108020e-02
 2.43337500e+00,        +1.414213562373e-01,        +2.342335524946e-01,        -5.252564335347e-02
 2.43340000e+00,        +1.414213562373e-01,        +2.342270334091e-01,        -5.252491778134e-02
 2.43342500e+00,        +1.414213562373e-01,        +2.342204695921e-01,        -5.252417403103e-02
 2.43345000e+00,        +1.414213562373e-01,        +2.342138604852e-01,        -5.252341176224e-02
 2.43347500e+00,        +1.414213562373e-01,        +2.342072055211e-01,        -5.252263062693e-02
 2.43350000e+00,        +1.414213562373e-01,        +2.342005041232e-01,        -5.252183026913e-02
 2.43352500e+00,        +1.414213562373e-01,        +2.341937557057e-01,        -5.252101032471e-02
 2.43355000e+00,        +1.414213562373e-01,        +2.341869596731e-01,        -5.252017042116e-02
 2.43357500e+00,        +1.414213562373e-01,        +2.341801154203e-01,        -5.251931017736e-02
 2.43360000e+00,        +1.414213562373e-01,        +2.341732223321e-01,        -5.251842920337e-02
 2.43362500e+00,        +1.414213562373e-01,        +2.341662797833e-01,        -5.251752710017e-02
 2.43365000e+00,        +1.414213562373e-01,        +2.341592871384e-01,        -5.251660345941e-02
 2.43367500e+00,        +1.414213562373e-01,        +2.341522437514e-01,        -5.251565786315e-02
 2.43370000e+00,        +1.414213562373e-01,        +2.341451489655e-01,        -5.251468988360e-02
 2.43372500e+00,        +1.414213562373e-01,        +2.341380021130e-01,        -5.251369908286e-02
 2.43375000e+00,        +1.414213562373e-01,        +2.341308025152e-01,        -5.251268501261e-02
 2.43377500e+00,        +1.414213562373e-01,        +2.341235494817e-01,        -5.251164721384e-02
 2.43380000e+00,        +1.414213562373e-01,        +2.341162423109e-01,        -5.251058521654e-02
 2.43382500e+00,        +1.414213562373e-01,        +2.341088802889e-01,        -5.250949853939e-02
 2.43385000e+00,        +1.414213562373e-01,        +2.341014626903e-01,        -5.250838668944e-02
 2.43387500e+00,        +1.414213562373e-01,        +2.340939887768e-01,        -5.250724916178e-02
 2.43390000e+00,        +1.414213562373e-01,        +2.340864577981e-01,        -5.250608543920e-02
 2.43392500e+00,        +1.414213562373e-01,        +2.340788689908e-01,        -5.250489499183e-02
 2.43395000e+00,        +1.414213562373e-01,        +2.340712215783e-01,        -5.250367727677e-02
 2.43397500e+00,        +1.414213562373e-01,        +2.340635147711e-01,        -5.250243173773e-02
 2.43400000e+00,        +1.414213562373e-01,        +2.340557477657e-01,        -5.250115780464e-02
 2.43402500e+00,        +1.414213562373e-01,        +2.340479197451e-01,        -5.249985489323e-02
 2.43405000e+00,        +1.414213562373e-01,        +2.340400298777e-01,        -5.249852240461e-02
 2.43407500e+00,        +1.414213562373e-01,        +2.340320773179e-01,        -5.249715972488e-02
 2.43410000e+00,        +1.414213562373e-01,        +2.340240612052e-01,        -5.249576622463e-02
 2.43412500e+00,        +1.414213562373e-01,        +2.340159806640e-01,        -5.249434125853e-02
 2.43415000e+00,        +1.414213562373e-01,        +2.340078348035e-01,        -5.249288416480e-02
 2.43417500e+00,        +1.414213562373e-01,        +2.339996227172e-01,        -5.249139426479e-02
 2.43420000e+00,        +1.414213562373e-01,        +2.339913434826e-01,        -5.248987086240e-02
 2.43422500e+00,        +1.414213562373e-01,        +2.339829961610e-01,        -5.248831324360e-02
 2.43425000e+00,        +1.414213562373e-01,        +2.339745797969e-01,        -5.248672067585e-02
 2.43427500e+00,        +1.414213562373e-01,        +2.339660934181e-01,        -5.248509240758e-02
 2.43430000e+00,        +1.414213562373e-01,        +2.339575360348e-01,        -5.248342766756e-02
 2.43432500e+00,        +1.414213562373e-01,        +2.339489066399e-01,        -5.248172566433e-02
 2.43435000e+00,        +1.414213562373e-01,        +2.339402042078e-01,        -5.247998558555e-02
 2.43437500e+00,        +1.414213562373e-01,        +2.339314276950e-01,        -5.247820659737e-02
 2.43440000e+00,        +1.414213562373e-01,        +2.339225760388e-01,        -5.247638784376e-02
 2.43442500e+00,        +1.414213562373e-01,        +2.339136481576e-01,        -5.247452844581e-02
 2.43445000e+00,        +1.414213562373e-01,        +2.339046429502e-01,        -5.247262750098e-02
 2.43447500e+00,        +1.414213562373e-01,        +2.338955592954e-01,        -5.247068408241e-02
 2.43450000e+00,        +1.414213562373e-01,        +2.338863960515e-01,        -5.246869723812e-02
 2.43452500e+00,        +1.414213562373e-01,        +2.338771520563e-01,        -5.246666599019e-02
 2.43455000e+00,        +1.414213562373e-01,        +2.338678261263e-01,        -5.246458933397e-02
 2.43457500e+00,        +1.414213562373e-01,        +2.338584170561e-01,        -5.246246623718e-02
 2.43460000e+00,        +1.414213562373e-01,        +2.338489236185e-01,        -5.246029563905e-02
 2.43462500e+00,        +1.414213562373e-01,        +2.338393445637e-01,        -5.245807644938e-02
 2.43465000e+00,        +1.414213562373e-01,        +2.338296786187e-01,        -5.245580754756e-02
 2.43467500e+00,        +1.414213562373e-01,        +2.338199244874e-01,        -5.245348778163e-02
 2.43470000e+00,        +1.414213562373e-01,        +2.338100808493e-01,        -5.245111596718e-02
 2.43472500e+00,        +1.414213562373e-01,        +2.338001463598e-01,        -5.244869088632e-02
 2.43475000e+00,        +1.414213562373e-01,        +2.337901196493e-01,        -5.244621128658e-02
 2.43477500e+00,        +1.414213562373e-01,        +2.337799993225e-01,        -5.244367587969e-02
 2.43480000e+00,        +1.414213562373e-01,        +2.337697839584e-01,        -5.244108334046e-02
 2.43482500e+00,        +1.414213562373e-01,        +2.337594721094e-01,        -5.243843230549e-02
 2.43485000e+00,        +1.414213562373e-01,        +2.337490623010e-01,        -5.243572137188e-02
 2.43487500e+00,        +1.414213562373e-01,        +2.337385530310e-01,        -5.243294909589e-02
 2.43490000e+00,        +1.414213562373e-01,        +2.337279427692e-01,        -5.243011399156e-02
 2.43492500e+00,        +1.414213562373e-01,        +2.337172299565e-01,        -5.242721452925e-02
 2.43495000e+00,        +1.414213562373e-01,        +2.337064130050e-01,        -5.242424913412e-02
 2.43497500e+00,        +1.414213562373e-01,        +2.336954902966e-01,        -5.242121618459e-02
 2.43500000e+00,        +1.414213562373e-01,        +2.336844601828e-01,        -5.241811401070e-02
 2.43502500e+00,        +1.414213562373e-01,        +2.336733209845e-01,        -5.241494089241e-02
 2.43505000e+00,        +1.414213562373e-01,        +2.336620709906e-01,        -5.241169505785e-02
 2.43507500e+00,        +1.414213562373e-01,        +2.336507084579e-01,        -5.240837468150e-02
 2.43510000e+00,        +1.414213562373e-01,        +2.336392316106e-01,        -5.240497788227e-02
 2.43512500e+00,        +1.414213562373e-01,        +2.336276386392e-01,        -5.240150272153e-02
 2.43515000e+00,        +1.414213562373e-01,        +2.336159277005e-01,        -5.239794720103e-02
 2.43517500e+00,        +1.414213562373e-01,        +2.336040969161e-01,        -5.239430926078e-02
 2.43520000e+00,        +1.414213562373e-01,        +2.335921443729e-01,        -5.239058677682e-02
 2.43522500e+00,        +1.414213562373e-01,        +2.335800681213e-01,        -5.238677755886e-02
 2.43525000e+00,        +1.414213562373e-01,        +2.335678661755e-01,        -5.238287934789e-02
 2.43527500e+00,        +1.414213562373e-01,        +2.335555365123e-01,        -5.237888981368e-02
 2.43530000e+00,        +1.414213562373e-01,        +2.335430770706e-01,        -5.237480655208e-02
 2.43532500e+00,        +1.414213562373e-01,        +2.335304857509e-01,        -5.237062708237e-02
 2.43535000e+00,        +1.414213562373e-01,        +2.335177604143e-01,        -5.236634884435e-02
 2.43537500e+00,        +1.414213562373e-01,        +2.335048988825e-01,        -5.236196919540e-02
 2.43540000e+00,        +1.414213562373e-01,        +2.334918989363e-01,        -5.235748540738e-02
 2.43542500e+00,        +1.414213562373e-01,        +2.334787583157e-01,        -5.235289466338e-02
 2.43545000e+00,        +1.414213562373e-01,        +2.334654747191e-01,        -5.234819405439e-02
 2.43547500e+00,        +1.414213562373e-01,        +2.334520458024e-01,        -5.234338057576e-02
 2.43550000e+00,        +1.414213562373e-01,        +2.334384691788e-01,        -5.233845112354e-02
 2.43552500e+00,        +1.414213562373e-01,        +2.334247424177e-01,        -5.233340249070e-02
 2.43555000e+00,        +1.414213562373e-01,        +2.334108630449e-01,        -5.232823136310e-02
 2.43557500e+00,        +1.414213562373e-01,        +2.333968285414e-01,        -5.232293431532e-02
 2.43560000e+00,        +1.414213562373e-01,        +2.333826363430e-01,        -5.231750780638e-02
 2.43562500e+00,        +1.414213562373e-01,        +2.333682838401e-01,        -5.231194817517e-02
 2.43565000e+00,        +1.414213562373e-01,        +2.333537683770e-01,        -5.230625163570e-02
 2.43567500e+00,        +1.414213562373e-01,        +2.333390872515e-01,        -5.230041427219e-02
 2.43570000e+00,        +1.414213562373e-01,        +2.333242377145e-01,        -5.229443203390e-02
 2.43572500e+00,        +1.414213562373e-01,        +2.333092169698e-01,        -5.228830072975e-02
 2.43575000e+00,        +1.414213562373e-01,        +2.332940221737e-01,        -5.228201602266e-02
 2.43577500e+00,        +1.414213562373e-01,        +2.332786504347e-01,        -5.227557342368e-02
 2.43580000e+00,        +1.414213562373e-01,        +2.332630988137e-01,        -5.226896828585e-02
 2.43582500e+00,        +1.414213562373e-01,        +2.332473643234e-01,        -5.226219579775e-02
 2.43585000e+00,        +1.414213562373e-01,        +2.332314439286e-01,        -5.225525097681e-02
 2.43587500e+00,        +1.414213562373e-01,        +2.332153345462e-01,        -5.224812866223e-02
 2.43590000e+00,        +1.414213562373e-01,        +2.331990330456e-01,        -5.224082350770e-02
 2.43592500e+00,        +1.414213562373e-01,        +2.331825362486e-01,        -5.223332997365e-02
 2.43595000e+00,        +1.414213562373e-01,        +2.331658409300e-01,        -5.222564231926e-02
 2.43597500e+00,        +1.414213562373e-01,        +2.331489438181e-01,        -5.221775459404e-02
 2.43600000e+00,        +1.414213562373e-01,        +2.331318415957e-01,        -5.220966062900e-02
 2.43602500e+00,        +1.414213562373e-01,        +2.331145309003e-01,        -5.220135402749e-02
 2.43605000e+00,        +1.414213562373e-01,        +2.330970083259e-01,        -5.219282815553e-02
 2.43607500e+00,        +1.414213562373e-01,        +2.330792704235e-01,        -5.218407613177e-02
 2.43610000e+00,        +1.414213562373e-01,        +2.330613137031e-01,        -5.217509081690e-02
 2.43612500e+00,        +1.414213562373e-01,        +2.330431346350e-01,        -5.216586480261e-02
 2.43615000e+00,        +1.414213562373e-01,        +2.330247296519e-01,        -5.215639040003e-02
 2.43617500e+00,        +1.414213562373e-01,        +2.330060951511e-01,        -5.214665962765e-02
 2.43620000e+00,        +1.414213562373e-01,        +2.329872274970e-01,        -5.213666419860e-02
 2.43622500e+00,        +1.414213562373e-01,        +2.329681230240e-01,        -5.212639550740e-02
 2.43625000e+00,        +1.414213562373e-01,        +2.329487780395e-01,        -5.211584461609e-02
 2.43627500e+00,        +1.414213562373e-01,        +2.329291888280e-01,        -5.210500223962e-02
 2.43630000e+00,        +1.414213562373e-01,        +2.329093516546e-01,        -5.209385873065e-02
 2.43632500e+00,        +1.414213562373e-01,        +2.328892627700e-01,        -5.208240406361e-02
 2.43635000e+00,        +1.414213562373e-01,        +2.328689184155e-01,        -5.207062781795e-02
 2.43637500e+00,        +1.414213562373e-01,        +2.328483148285e-01,        -5.205851916066e-02
 2.43640000e+00,        +1.414213562373e-01,        +2.328274482488e-01,        -5.204606682799e-02
 2.43642500e+00,        +1.414213562373e-01,        +2.328063149258e-01,        -5.203325910622e-02
 2.43645000e+00,        +1.414213562373e-01,        +2.327849111260e-01,        -5.202008381159e-02
 2.43647500e+00,        +1.414213562373e-01,        +2.327632331417e-01,        -5.200652826933e-02
 2.43650000e+00,        +1.414213562373e-01,        +2.327412773005e-01,        -5.199257929161e-02
 2.43652500e+00,        +1.414213562373e-01,        +2.327190399752e-01,        -5.197822315458e-02
 2.43655000e+00,        +1.414213562373e-01,        +2.326965175961e-01,        -5.196344557422e-02
 2.43657500e+00,        +1.414213562373e-01,        +2.326737066629e-01,        -5.194823168125e-02
 2.43660000e+00,        +1.414213562373e-01,        +2.326506037590e-01,        -5.193256599470e-02
 2.43662500e+00,        +1.414213562373e-01,        +2.326272055668e-01,        -5.191643239444e-02
 2.43665000e+00,        +1.414213562373e-01,        +2.326035088841e-01,        -5.189981409239e-02
 2.43667500e+00,        +1.414213562373e-01,        +2.325795106430e-01,        -5.188269360250e-02
 2.43670000e+00,        +1.414213562373e-01,        +2.325552079295e-01,        -5.186505270933e-02
 2.43672500e+00,        +1.414213562373e-01,        +2.325305980063e-01,        -5.184687243536e-02
 2.43675000e+00,        +1.414213562373e-01,        +2.325056783366e-01,        -5.182813300680e-02
 2.43677500e+00,        +1.414213562373e-01,        +2.324804466108e-01,        -5.180881381806e-02
 2.43680000e+00,        +1.414213562373e-01,        +2.324549007753e-01,        -5.178889339465e-02
 2.43682500e+00,        +1.414213562373e-01,        +2.324290390648e-01,        -5.176834935467e-02
 2.43685000e+00,        +1.414213562373e-01,        +2.324028600366e-01,        -5.174715836864e-02
 2.43687500e+00,        +1.414213562373e-01,        +2.323763626089e-01,        -5.172529611795e-02
 2.43690000e+00,        +1.414213562373e-01,        +2.323495461020e-01,        -5.170273725166e-02
 2.43692500e+00,        +1.414213562373e-01,        +2.323224102839e-01,        -5.167945534174e-02
 2.43695000e+00,        +1.414213562373e-01,        +2.322949554198e-01,        -5.165542283681e-02
 2.43697500e+00,        +1.414213562373e-01,        +2.322671823261e-01,        -5.163061101440e-02
 2.43700000e+00,        +1.414213562373e-01,        +2.322390924293e-01,        -5.160498993169e-02
 2.43702500e+00,        +1.414213562373e-01,        +2.322106878305e-01,        -5.157852837485e-02
 2.43705000e+00,        +1.414213562373e-01,        +2.321819713751e-01,        -5.155119380716e-02
 2.43707500e+00,        +1.414213562373e-01,        +2.321529467301e-01,        -5.152295231580e-02
 2.43710000e+00,        +1.414213562373e-01,        +2.321236184664e-01,        -5.149376855775e-02
 2.43712500e+00,        +1.414213562373e-01,        +2.320939921503e-01,        -5.146360570467e-02
 2.43715000e+00,        +1.414213562373e-01,        +2.320640744418e-01,        -5.143242538731e-02
 2.43717500e+00,        +1.414213562373e-01,        +2.320338732023e-01,        -5.140018763946e-02
 2.43720000e+00,        +1.414213562373e-01,        +2.320033976117e-01,        -5.136685084189e-02
 2.43722500e+00,        +1.414213562373e-01,        +2.319726582951e-01,        -5.133237166679e-02
 2.43725000e+00,        +1.414213562373e-01,        +2.319416674614e-01,        -5.129670502292e-02
 2.43727500e+00,        +1.414213562373e-01,        +2.319104390529e-01,        -5.125980400235e-02
 2.43730000e+00,        +1.414213562373e-01,        +2.318789889089e-01,        -5.122161982916e-02
 2.43732500e+00,        +1.414213562373e-01,        +2.318473349415e-01,        -5.118210181118e-02
 2.43735000e+00,        +1.414213562373e-01,        +2.318154973280e-01,        -5.114119729536e-02
 2.43737500e+00,        +1.414213562373e-01,        +2.317834987175e-01,        -5.109885162815e-02
 2.43740000e+00,        +1.414213562373e-01,        +2.317513644562e-01,        -5.105500812182e-02
 2.43742500e+00,        +1.414213562373e-01,        +2.317191228293e-01,        -5.100960802837e-02
 2.43745000e+00,        +1.414213562373e-01,        +2.316868053237e-01,        -5.096259052249e-02
 2.43747500e+00,        +1.414213562373e-01,        +2.316544469103e-01,        -5.091389269554e-02
 2.43750000e+00,        +1.414213562373e-01,        +2.316220863484e-01,        -5.086344956258e-02
 2.43752500e+00,        +1.414213562373e-01,        +2.315897665137e-01,        -5.081119408497e-02
 2.43755000e+00,        +1.414213562373e-01,        +2.315575347497e-01,        -5.075705721129e-02
 2.43757500e+00,        +1.414213562373e-01,        +2.315254432446e-01,        -5.070096793957e-02
 2.43760000e+00,        +1.414213562373e-01,        +2.314935494347e-01,        -5.064285340458e-02
 2.43762500e+00,        +1.414213562373e-01,        +2.314619164348e-01,        -5.058263899397e-02
 2.43765000e+00,        +1.414213562373e-01,        +2.314306134964e-01,        -5.052024849777e-02
 2.43767500e+00,        +1.414213562373e-01,        +2.313997164935e-01,        -5.045560429633e-02
 2.43770000e+00,        +1.414213562373e-01,        +2.313693084371e-01,        -5.038862759204e-02
 2.43772500e+00,        +1.414213562373e-01,        +2.313394800169e-01,        -5.031923869117e-02
 2.43775000e+00,        +1.414213562373e-01,        +2.313103301698e-01,        -5.024735734250e-02
 2.43777500e+00,        +1.414213562373e-01,        +2.312819666732e-01,        -5.017290314015e-02
 2.43780000e+00,        +1.414213562373e-01,        +2.312545067605e-01,        -5.009579599881e-02
 2.43782500e+00,        +1.414213562373e-01,        +2.312280777555e-01,        -5.001595670992e-02
 2.43785000e+00,        +1.414213562373e-01,        +2.312028177211e-01,        -4.993330758847e-02
 2.43787500e+00,        +1.414213562373e-01,        +2.311788761148e-01,        -4.984777322010e-02
 2.43790000e+00,        +1.414213562373e-01,        +2.311564144454e-01,        -4.975928131924e-02
 2.43792500e+00,        +1.414213562373e-01,        +2.311356069193e-01,        -4.966776370903e-02
 2.43795000e+00,        +1.414213562373e-01,        +2.311166410639e-01,        -4.957315743404e-02
 2.43797500e+00,        +1.414213562373e-01,        +2.310997183165e-01,        -4.947540601700e-02
 2.43800000e+00,        +1.414213562373e-01,        +2.310850545573e-01,        -4.937446087001e-02
 2.43802500e+00,        +1.414213562373e-01,        +2.310728805690e-01,        -4.927028287022e-02
 2.43805000e+00,        +1.414213562373e-01,        +2.310634423975e-01,        -4.916284410863e-02
 2.43807500e+00,        +1.414213562373e-01,        +2.310570015859e-01,        -4.905212981859e-02
 2.43810000e+00,        +1.414213562373e-01,        +2.310538352506e-01,        -4.893814048817e-02
 2.43812500e+00,        +1.414213562373e-01,        +2.310542359636e-01,        -4.882089415676e-02
 2.43815000e+00,        +1.414213562373e-01,        +2.310585114003e-01,        -4.870042889186e-02
 2.43817500e+00,        +1.414213562373e-01,        +2.310669837101e-01,        -4.857680543609e-02
 2.43820000e+00,        +1.414213562373e-01,        +2.310799885630e-01,        -4.845011000736e-02
 2.43822500e+00,        +1.414213562373e-01,        +2.310978738198e-01,        -4.832045722676e-02
 2.43825000e+00,        +1.414213562373e-01,        +2.311209977783e-01,        -4.818799313858e-02
 2.43827500e+00,        +1.414213562373e-01,        +2.311497269397e-01,        -4.805289827548e-02
 2.43830000e+00,        +1.414213562373e-01,        +2.311844332487e-01,        -4.791539070893e-02
 2.43832500e+00,        +1.414213562373e-01,        +2.312254907582e-01,        -4.777572901106e-02
 2.43835000e+00,        +1.414213562373e-01,        +2.312732716838e-01,        -4.763421503905e-02
 2.43837500e+00,        +1.414213562373e-01,        +2.313281418167e-01,        -4.749119643818e-02
 2.43840000e+00,        +1.414213562373e-01,        +2.313904552850e-01,        -4.734706874455e-02
 2.43842500e+00,        +1.414213562373e-01,        +2.314605486688e-01,        -4.720227695542e-02
 2.43845000e+00,        +1.414213562373e-01,        +2.315387345006e-01,        -4.705731642379e-02
 2.43847500e+00,        +1.414213562373e-01,        +2.316252942094e-01,        -4.691273292689e-02
 2.43850000e+00,        +1.414213562373e-01,        +2.317204706027e-01,        -4.676912175636e-02
 2.43852500e+00,        +1.414213562373e-01,        +2.318244600139e-01,        -4.662712568297e-02
 2.43855000e+00,        +1.414213562373e-01,        +2.319374042843e-01,        -4.648743166217e-02
 2.43857500e+00,        +1.414213562373e-01,        +2.320593827843e-01,        -4.635076616990e-02
 2.43860000e+00,        +1.414213562373e-01,        +2.321904047190e-01,        -4.621788909167e-02
 2.43862500e+00,        +1.414213562373e-01,        +2.323304019916e-01,        -4.608958613297e-02
 2.43865000e+00,        +1.414213562373e-01,        +2.324792229228e-01,        -4.596665977338e-02
 2.43867500e+00,        +1.414213562373e-01,        +2.326366271370e-01,        -4.584991885173e-02
 2.43870000e+00,        +1.414213562373e-01,        +2.328022819218e-01,        -4.574016693931e-02
 2.43872500e+00,        +1.414213562373e-01,        +2.329757603469e-01,        -4.563818973199e-02
 2.43875000e+00,        +1.414213562373e-01,        +2.331565413917e-01,        -4.554474176365e-02
 2.43877500e+00,        +1.414213562373e-01,        +2.333440122694e-01,        -4.546053280773e-02
 2.43880000e+00,        +1.414213562373e-01,        +2.335374730623e-01,        -4.538621438621e-02
 2.43882500e+00,        +1.414213562373e-01,        +2.337361436890e-01,        -4.532236683904e-02
 2.43885000e+00,        +1.414213562373e-01,        +2.339391731255e-01,        -4.526948741926e-02
 2.43887500e+00,        +1.414213562373e-01,        +2.341456506945e-01,        -4.522797986503e-02
 2.43890000e+00,        +1.414213562373e-01,        +2.343546191371e-01,        -4.519814585937e-02
 2.43892500e+00,        +1.414213562373e-01,        +2.345650890895e-01,        -4.518017872251e-02
 2.43895000e+00,        +1.414213562373e-01,        +2.347760545105e-01,        -4.517415959290e-02
 2.43897500e+00,        +1.414213562373e-01,        +2.349865085618e-01,        -4.518005624780e-02
 2.43900000e+00,        +1.414213562373e-01,        +2.351954594142e-01,        -4.519772459907e-02
 2.43902500e+00,        +1.414213562373e-01,        +2.354019454645e-01,        -4.522691278256e-02
 2.43905000e+00,        +1.414213562373e-01,        +2.356050494825e-01,        -4.526726764907e-02
 2.43907500e+00,        +1.414213562373e-01,        +2.358039112672e-01,        -4.531834336769e-02
 2.43910000e+00,        +1.414213562373e-01,        +2.359977384766e-01,        -4.537961177552e-02
 2.43912500e+00,        +1.414213562373e-01,        +2.361858153855e-01,        -4.545047405468e-02
 2.43915000e+00,        +1.414213562373e-01,        +2.363675094339e-01,        -4.553027329055e-02
 2.43917500e+00,        +1.414213562373e-01,        +2.365422755229e-01,        -4.561830746341e-02
 2.43920000e+00,        +1.414213562373e-01,        +2.367096581149e-01,        -4.571384244750e-02
 2.43922500e+00,        +1.414213562373e-01,        +2.368692912702e-01,        -4.581612463253e-02
 2.43925000e+00,        +1.414213562373e-01,        +2.370208968242e-01,        -4.592439283818e-02
 2.43927500e+00,        +1.414213562373e-01,        +2.371642809502e-01,        -4.603788925680e-02
 2.43930000e+00,        +1.414213562373e-01,        +2.372993293876e-01,        -4.615586922863e-02
 2.43932500e+00,        +1.414213562373e-01,        +2.374260016248e-01,        -4.627760972183e-02
 2.43935000e+00,        +1.414213562373e-01,        +2.375443243224e-01,        -4.640241645344e-02
 2.43937500e+00,        +1.414213562373e-01,        +2.376543842506e-01,        -4.652962964430e-02
 2.43940000e+00,        +1.414213562373e-01,        +2.377563209860e-01,        -4.665862844815e-02
 2.43942500e+00,        +1.414213562373e-01,        +2.378503195840e-01,        -4.678883413299e-02
 2.43945000e+00,        +1.414213562373e-01,        +2.379366034093e-01,        -4.691971212047e-02
 2.43947500e+00,        +1.414213562373e-01,        +2.380154272695e-01,        -4.705077300739e-02
 2.43950000e+00,        +1.414213562373e-01,        +2.380870709642e-01,        -4.718157270319e-02
 2.43952500e+00,        +1.414213562373e-01,        +2.381518333284e-01,        -4.731171182037e-02
 2.43955000e+00,        +1.414213562373e-01,        +2.382100268207e-01,        -4.744083445180e-02
 2.43957500e+00,        +1.414213562373e-01,        +2.382619726835e-01,        -4.756862646163e-02
 2.43960000e+00,        +1.414213562373e-01,        +2.383079966783e-01,        -4.769481340652e-02
 2.43962500e+00,        +1.414213562373e-01,        +2.383484253862e-01,        -4.781915819156e-02
 2.43965000e+00,        +1.414213562373e-01,        +2.383835830500e-01,        -4.794145855222e-02
 2.43967500e+00,        +1.414213562373e-01,        +2.384137889233e-01,        -4.806154444068e-02
 2.43970000e+00,        +1.414213562373e-01,        +2.384393550888e-01,        -4.817927538151e-02
 2.43972500e+00,        +1.414213562373e-01,        +2.384605847027e-01,        -4.829453784996e-02
 2.43975000e+00,        +1.414213562373e-01,        +2.384777706206e-01,        -4.840724271489e-02
 2.43977500e+00,        +1.414213562373e-01,        +2.384911943609e-01,        -4.851732277855e-02
 2.43980000e+00,        +1.414213562373e-01,        +2.385011253633e-01,        -4.862473043692e-02
 2.43982500e+00,        +1.414213562373e-01,        +2.385078205012e-01,        -4.872943547675e-02
 2.43985000e+00,        +1.414213562373e-01,        +2.385115238106e-01,        -4.883142301960e-02
 2.43987500e+00,        +1.414213562373e-01,        +2.385124664018e-01,        -4.893069161795e-02
 2.43990000e+00,        +1.414213562373e-01,        +2.385108665205e-01,        -4.902725150452e-02
 2.43992500e+00,        +1.414213562373e-01,        +2.385069297330e-01,        -4.912112299258e-02
 2.43995000e+00,        +1.414213562373e-01,        +2.385008492098e-01,        -4.921233502294e-02
 2.43997500e+00,        +1.414213562373e-01,        +2.384928060853e-01,        -4.930092385127e-02
 2.44000000e+00,        +1.414213562373e-01,        +2.384829698773e-01,        -4.938693186825e-02
 2.44002500e+00,        +1.414213562373e-01,        +2.384714989490e-01,        -4.947040654432e-02
 2.44005000e+00,        +1.414213562373e-01,        +2.384585409998e-01,        -4.955139949030e-02
 2.44007500e+00,        +1.414213562373e-01,        +2.384442335751e-01,        -4.962996562497e-02
 2.44010000e+00,        +1.414213562373e-01,        +2.384287045851e-01,        -4.970616244086e-02
 2.44012500e+00,        +1.414213562373e-01,        +2.384120728245e-01,        -4.978004935959e-02
 2.44015000e+00,        +1.414213562373e-01,        +2.383944484882e-01,        -4.985168716852e-02
 2.44017500e+00,        +1.414213562373e-01,        +2.383759336768e-01,        -4.992113753088e-02
 2.44020000e+00,        +1.414213562373e-01,        +2.383566228894e-01,        -4.998846256201e-02
 2.44022500e+00,        +1.414213562373e-01,        +2.383366034995e-01,        -5.005372446483e-02
 2.44025000e+00,        +1.414213562373e-01,        +2.383159562138e-01,        -5.011698521823e-02
 2.44027500e+00,        +1.414213562373e-01,        +2.382947555097e-01,        -5.017830631250e-02
 2.44030000e+00,        +1.414213562373e-01,        +2.382730700536e-01,        -5.023774852649e-02
 2.44032500e+00,        +1.414213562373e-01,        +2.382509630972e-01,        -5.029537174164e-02
 2.44035000e+00,        +1.414213562373e-01,        +2.382284928531e-01,        -5.035123478852e-02
 2.44037500e+00,        +1.414213562373e-01,        +2.382057128485e-01,        -5.040539532187e-02
 2.44040000e+00,        +1.414213562373e-01,        +2.381826722590e-01,        -5.045790972058e-02
 2.44042500e+00,        +1.414213562373e-01,        +2.381594162213e-01,        -5.050883300946e-02
 2.44045000e+00,        +1.414213562373e-01,        +2.381359861272e-01,        -5.055821879992e-02
 2.44047500e+00,        +1.414213562373e-01,        +2.381124198982e-01,        -5.060611924698e-02
 2.44050000e+00,        +1.414213562373e-01,        +2.380887522418e-01,        -5.065258502051e-02
 2.44052500e+00,        +1.414213562373e-01,        +2.380650148915e-01,        -5.069766528840e-02
 2.44055000e+00,        +1.414213562373e-01,        +2.380412368296e-01,        -5.074140771030e-02
 2.44057500e+00,        +1.414213562373e-01,        +2.380174444953e-01,        -5.078385843999e-02
 2.44060000e+00,        +1.414213562373e-01,        +2.379936619778e-01,        -5.082506213520e-02
 2.44062500e+00,        +1.414213562373e-01,        +2.379699111957e-01,        -5.086506197375e-02
 2.44065000e+00,        +1.414213562373e-01,        +2.379462120642e-01,        -5.090389967473e-02
 2.44067500e+00,        +1.414213562373e-01,        +2.379225826492e-01,        -5.094161552399e-02
 2.44070000e+00,        +1.414213562373e-01,        +2.378990393111e-01,        -5.097824840310e-02
 2.44072500e+00,        +1.414213562373e-01,        +2.378755968378e-01,        -5.101383582095e-02
 2.44075000e+00,        +1.414213562373e-01,        +2.378522685676e-01,        -5.104841394767e-02
 2.44077500e+00,        +1.414213562373e-01,        +2.378290665033e-01,        -5.108201764999e-02
 2.44080000e+00,        +1.414213562373e-01,        +2.378060014179e-01,        -5.111468052793e-02
 2.44082500e+00,        +1.414213562373e-01,        +2.377830829518e-01,        -5.114643495217e-02
 2.44085000e+00,        +1.414213562373e-01,        +2.377603197035e-01,        -5.117731210196e-02
 2.44087500e+00,        +1.414213562373e-01,        +2.377377193127e-01,        -5.120734200316e-02
 2.44090000e+00,        +1.414213562373e-01,        +2.377152885381e-01,        -5.123655356628e-02
 2.44092500e+00,        +1.414213562373e-01,        +2.376930333277e-01,        -5.126497462422e-02
 2.44095000e+00,        +1.414213562373e-01,        +2.376709588857e-01,        -5.129263196965e-02
 2.44097500e+00,        +1.414213562373e-01,        +2.376490697327e-01,        -5.131955139174e-02
 2.44100000e+00,        +1.414213562373e-01,        +2.376273697622e-01,        -5.134575771236e-02
 2.44102500e+00,        +1.414213562373e-01,        +2.376058622925e-01,        -5.137127482140e-02
 2.44105000e+00,        +1.414213562373e-01,        +2.375845501145e-01,        -5.139612571136e-02
 2.44107500e+00,        +1.414213562373e-01,        +2.375634355360e-01,        -5.142033251097e-02
 2.44110000e+00,        +1.414213562373e-01,        +2.375425204226e-01,        -5.144391651794e-02
 2.44112500e+00,        +1.414213562373e-01,        +2.375218062353e-01,        -5.146689823078e-02
 2.44115000e+00,        +1.414213562373e-01,        +2.375012940654e-01,        -5.148929737954e-02
 2.44117500e+00,        +1.414213562373e-01,        +2.374809846664e-01,        -5.151113295569e-02
 2.44120000e+00,        +1.414213562373e-01,        +2.374608784839e-01,        -5.153242324092e-02
 2.44122500e+00,        +1.414213562373e-01,        +2.374409756826e-01,        -5.155318583502e-02
 2.44125000e+00,        +1.414213562373e-01,        +2.374212761718e-01,        -5.157343768269e-02
 2.44127500e+00,        +1.414213562373e-01,        +2.374017796282e-01,        -5.159319509949e-02
 2.44130000e+00,        +1.414213562373e-01,        +2.373824855177e-01,        -5.161247379676e-02
 2.44132500e+00,        +1.414213562373e-01,        +2.373633931152e-01,        -5.163128890565e-02
 2.44135000e+00,        +1.414213562373e-01,        +2.373445015223e-01,        -5.164965500018e-02
 2.44137500e+00,        +1.414213562373e-01,        +2.373258096846e-01,        -5.166758611950e-02
 2.44140000e+00,        +1.414213562373e-01,        +2.373073164068e-01,        -5.168509578920e-02
 2.44142500e+00,        +1.414213562373e-01,        +2.372890203673e-01,        -5.170219704178e-02
 2.44145000e+00,        +1.414213562373e-01,        +2.372709201307e-01,        -5.171890243642e-02
 2.44147500e+00,        +1.414213562373e-01,        +2.372530141606e-01,        -5.173522407775e-02
 2.44150000e+00,        +1.414213562373e-01,        +2.372353008300e-01,        -5.175117363408e-02
 2.44152500e+00,        +1.414213562373e-01,        +2.372177784322e-01,        -5.176676235472e-02
 2.44155000e+00,        +1.414213562373e-01,        +2.372004451897e-01,        -5.178200108671e-02
 2.44157500e+00,        +1.414213562373e-01,        +2.371832992628e-01,        -5.179690029074e-02
 2.44160000e+00,        +1.414213562373e-01,        +2.371663387582e-01,        -5.181147005655e-02
 2.44162500e+00,        +1.414213562373e-01,        +2.371495617353e-01,        -5.182572011758e-02
 2.44165000e+00,        +1.414213562373e-01,        +2.371329662137e-01,        -5.183965986505e-02
 2.44167500e+00,        +1.414213562373e-01,        +2.371165501792e-01,        -5.185329836148e-02
 2.44170000e+00,        +1.414213562373e-01,        +2.371003115891e-01,        -5.186664435361e-02
 2.44172500e+00,        +1.414213562373e-01,        +2.370842483775e-01,        -5.187970628481e-02
 2.44175000e+00,        +1.414213562373e-01,        +2.370683584603e-01,        -5.189249230689e-02
 2.44177500e+00,        +1.414213562373e-01,        +2.370526397393e-01,        -5.190501029158e-02
 2.44180000e+00,        +1.414213562373e-01,        +2.370370901060e-01,        -5.191726784132e-02
 2.44182500e+00,        +1.414213562373e-01,        +2.370217074456e-01,        -5.192927229978e-02
 2.44185000e+00,        +1.414213562373e-01,        +2.370064896399e-01,        -5.194103076184e-02
 2.44187500e+00,        +1.414213562373e-01,        +2.369914345709e-01,        -5.195255008317e-02
 2.44190000e+00,        +1.414213562373e-01,        +2.369765401226e-01,        -5.196383688944e-02
 2.44192500e+00,        +1.414213562373e-01,        +2.369618041844e-01,        -5.197489758509e-02
 2.44195000e+00,        +1.414213562373e-01,        +2.369472246528e-01,        -5.198573836179e-02
 2.44197500e+00,        +1.414213562373e-01,        +2.369327994338e-01,        -5.199636520653e-02
 2.44200000e+00,        +1.414213562373e-01,        +2.369185264445e-01,        -5.200678390933e-02
 2.44202500e+00,        +1.414213562373e-01,        +2.369044036146e-01,        -5.201700007071e-02
 2.44205000e+00,        +1.414213562373e-01,        +2.368904288886e-01,        -5.202701910879e-02
 2.44207500e+00,        +1.414213562373e-01,        +2.368766002263e-01,        -5.203684626612e-02
 2.44210000e+00,        +1.414213562373e-01,        +2.368629156046e-01,        -5.204648661621e-02
 2.44212500e+00,        +1.414213562373e-01,        +2.368493730184e-01,        -5.205594506982e-02
 2.44215000e+00,        +1.414213562373e-01,        +2.368359704814e-01,        -5.206522638098e-02
 2.44217500e+00,        +1.414213562373e-01,        +2.368227060271e-01,        -5.207433515274e-02
 2.44220000e+00,        +1.414213562373e-01,        +2.368095777097e-01,        -5.208327584271e-02
 2.44222500e+00,        +1.414213562373e-01,        +2.367965836043e-01,        -5.209205276839e-02
 2.44225000e+00,        +1.414213562373e-01,        +2.367837218079e-01,        -5.210067011225e-02
 2.44227500e+00,        +1.414213562373e-01,        +2.367709904396e-01,        -5.210913192662e-02
 2.44230000e+00,        +1.414213562373e-01,        +2.367583876413e-01,        -5.211744213836e-02
 2.44232500e+00,        +1.414213562373e-01,        +2.367459115777e-01,        -5.212560455340e-02
 2.44235000e+00,        +1.414213562373e-01,        +2.367335604368e-01,        -5.213362286105e-02
 2.44237500e+00,        +1.414213562373e-01,        +2.367213324300e-01,        -5.214150063812e-02
 2.44240000e+00,        +1.414213562373e-01,        +2.367092257925e-01,        -5.214924135295e-02
 2.44242500e+00,        +1.414213562373e-01,        +2.366972387831e-01,        -5.215684836920e-02
 2.44245000e+00,        +1.414213562373e-01,        +2.366853696846e-01,        -5.216432494954e-02
 2.44247500e+00,        +1.414213562373e-01,        +2.366736168035e-01,        -5.217167425918e-02
 2.44250000e+00,        +1.414213562373e-01,        +2.366619784705e-01,        -5.217889936927e-02
 2.44252500e+00,        +1.414213562373e-01,        +2.366504530398e-01,        -5.218600326013e-02
 2.44255000e+00,        +1.414213562373e-01,        +2.366390388897e-01,        -5.219298882441e-02
 2.44257500e+00,        +1.414213562373e-01,        +2.366277344221e-01,        -5.219985887009e-02
 2.44260000e+00,        +1.414213562373e-01,        +2.366165380627e-01,        -5.220661612338e-02
 2.44262500e+00,        +1.414213562373e-01,        +2.366054482604e-01,        -5.221326323149e-02
 2.44265000e+00,        +1.414213562373e-01,        +2.365944634878e-01,        -5.221980276531e-02
 2.44267500e+00,        +1.414213562373e-01,        +2.365835822403e-01,        -5.222623722199e-02
 2.44270000e+00,        +1.414213562373e-01,        +2.365728030367e-01,        -5.223256902742e-02
 2.44272500e+00,        +1.414213562373e-01,        +2.365621244182e-01,        -5.223880053858e-02
 2.44275000e+00,        +1.414213562373e-01,        +2.365515449489e-01,        -5.224493404588e-02
 2.44277500e+00,        +1.414213562373e-01,        +2.365410632151e-01,        -5.225097177532e-02
 2.44280000e+00,        +1.414213562373e-01,        +2.365306778252e-01,        -5.225691589064e-02
 2.44282500e+00,        +1.414213562373e-01,        +2.365203874096e-01,        -5.226276849535e-02
 2.44285000e+00,        +1.414213562373e-01,        +2.365101906203e-01,        -5.226853163470e-02
 2.44287500e+00,        +1.414213562373e-01,        +2.365000861306e-01,        -5.227420729758e-02
 2.44290000e+00,        +1.414213562373e-01,        +2.364900726349e-01,        -5.227979741834e-02
 2.44292500e+00,        +1.414213562373e-01,        +2.364801488486e-01,        -5.228530387854e-02
 2.44295000e+00,        +1.414213562373e-01,        +2.364703135075e-01,        -5.229072850866e-02
 2.44297500e+00,        +1.414213562373e-01,        +2.364605653678e-01,        -5.229607308971e-02
 2.44300000e+00,        +1.414213562373e-01,        +2.364509032057e-01,        -5.230133935482e-02
 2.44302500e+00,        +1.414213562373e-01,        +2.364413258170e-01,        -5.230652899075e-02
 2.44305000e+00,        +1.414213562373e-01,        +2.364318320171e-01,        -5.231164363935e-02
 2.44307500e+00,        +1.414213562373e-01,        +2.364224206406e-01,        -5.231668489895e-02
 2.44310000e+00,        +1.414213562373e-01,        +2.364130905408e-01,        -5.232165432577e-02
 2.44312500e+00,        +1.414213562373e-01,        +2.364038405898e-01,        -5.232655343516e-02
 2.44315000e+00,        +1.414213562373e-01,        +2.363946696779e-01,        -5.233138370291e-02
 2.44317500e+00,        +1.414213562373e-01,        +2.363855767134e-01,        -5.233614656646e-02
 2.44320000e+00,        +1.414213562373e-01,        +2.363765606224e-01,        -5.234084342608e-02
 2.44322500e+00,        +1.414213562373e-01,        +2.363676203485e-01,        -5.234547564597e-02
 2.44325000e+00,        +1.414213562373e-01,        +2.363587548525e-01,        -5.235004455541e-02
 2.44327500e+00,        +1.414213562373e-01,        +2.363499631120e-01,        -5.235455144978e-02
 2.44330000e+00,        +1.414213562373e-01,        +2.363412441213e-01,        -5.235899759158e-02
 2.44332500e+00,        +1.414213562373e-01,        +2.363325968912e-01,        -5.236338421144e-02
 2.44335000e+00,        +1.414213562373e-01,        +2.363240204483e-01,        -5.236771250905e-02
 2.44337500e+00,        +1.414213562373e-01,        +2.363155138354e-01,        -5.237198365408e-02
 2.44340000e+00,        +1.414213562373e-01,        +2.363070761105e-01,        -5.237619878708e-02
 2.44342500e+00,        +1.414213562373e-01,        +2.362987063471e-01,        -5.238035902035e-02
 2.44345000e+00,        +1.414213562373e-01,        +2.362904036337e-01,        -5.238446543870e-02
 2.44347500e+00,        +1.414213562373e-01,        +2.362821670736e-01,        -5.238851910037e-02
 2.44350000e+00,        +1.414213562373e-01,        +2.362739957846e-01,        -5.239252103767e-02
 2.44352500e+00,        +1.414213562373e-01,        +2.362658888988e-01,        -5.239647225784e-02
 2.44355000e+00,        +1.414213562373e-01,        +2.362578455624e-01,        -5.240037374372e-02
 2.44357500e+00,        +1.414213562373e-01,        +2.362498649352e-01,        -5.240422645444e-02
 2.44360000e+00,        +1.414213562373e-01,        +2.362419461908e-01,        -5.240803132613e-02
 2.44362500e+00,        +1.414213562373e-01,        +2.362340885160e-01,        -5.241178927255e-02
 2.44365000e+00,        +1.414213562373e-01,        +2.362262911106e-01,        -5.241550118575e-02
 2.44367500e+00,        +1.414213562373e-01,        +2.362185531873e-01,        -5.241916793665e-02
 2.44370000e+00,        +1.414213562373e-01,        +2.362108739716e-01,        -5.242279037564e-02
 2.44372500e+00,        +1.414213562373e-01,        +2.362032527012e-01,        -5.242636933319e-02
 2.44375000e+00,        +1.414213562373e-01,        +2.361956886261e-01,        -5.242990562035e-02
 2.44377500e+00,        +1.414213562373e-01,        +2.361881810082e-01,        -5.243340002932e-02
 2.44380000e+00,        +1.414213562373e-01,        +2.361807291213e-01,        -5.243685333398e-02
 2.44382500e+00,        +1.414213562373e-01,        +2.361733322506e-01,        -5.244026629036e-02
 2.44385000e+00,        +1.414213562373e-01,        +2.361659896926e-01,        -5.244363963716e-02
 2.44387500e+00,        +1.414213562373e-01,        +2.361587007553e-01,        -5.244697409619e-02
 2.44390000e+00,        +1.414213562373e-01,        +2.361514647571e-01,        -5.245027037288e-02
 2.44392500e+00,        +1.414213562373e-01,        +2.361442810278e-01,        -5.245352915666e-02
 2.44395000e+00,        +1.414213562373e-01,        +2.361371489072e-01,        -5.245675112144e-02
 2.44397500e+00,        +1.414213562373e-01,        +2.361300677458e-01,        -5.245993692598e-02
 2.44400000e+00,        +1.414213562373e-01,        +2.361230369042e-01,        -5.246308721435e-02
 2.44402500e+00,        +1.414213562373e-01,        +2.361160557529e-01,        -5.246620261629e-02
 2.44405000e+00,        +1.414213562373e-01,        +2.361091236725e-01,        -5.246928374755e-02
 2.44407500e+00,        +1.414213562373e-01,        +2.361022400531e-01,        -5.247233121036e-02
 2.44410000e+00,        +1.414213562373e-01,        +2.360954042943e-01,        -5.247534559366e-02
 2.44412500e+00,        +1.414213562373e-01,        +2.360886158049e-01,        -5.247832747357e-02
 2.44415000e+00,        +1.414213562373e-01,        +2.360818740030e-01,        -5.248127741363e-02
 2.44417500e+00,        +1.414213562373e-01,        +2.360751783158e-01,        -5.248419596516e-02
 2.44420000e+00,        +1.414213562373e-01,        +2.360685281791e-01,        -5.248708366760e-02
 2.44422500e+00,        +1.414213562373e-01,        +2.360619230374e-01,        -5.248994104876e-02
 2.44425000e+00,        +1.414213562373e-01,        +2.360553623439e-01,        -5.249276862517e-02
 2.44427500e+00,        +1.414213562373e-01,        +2.360488455600e-01,        -5.249556690236e-02
 2.44430000e+00,        +1.414213562373e-01,        +2.360423721554e-01,        -5.249833637509e-02
 2.44432500e+00,        +1.414213562373e-01,        +2.360359416079e-01,        -5.250107752769e-02
 2.44435000e+00,        +1.414213562373e-01,        +2.360295534031e-01,        -5.250379083429e-02
 2.44437500e+00,        +1.414213562373e-01,        +2.360232070346e-01,        -5.250647675905e-02
 2.44440000e+00,        +1.414213562373e-01,        +2.360169020035e-01,        -5.250913575648e-02
 2.44442500e+00,        +1.414213562373e-01,        +2.360106378184e-01,        -5.251176827161e-02
 2.44445000e+00,        +1.414213562373e-01,        +2.360044139955e-01,        -5.251437474025e-02
 2.44447500e+00,        +1.414213562373e-01,        +2.359982300580e-01,        -5.251695558924e-02
 2.44450000e+00,        +1.414213562373e-01,        +2.359920855365e-01,        -5.251951123663e-02
 2.44452500e+00,        +1.414213562373e-01,        +2.359859799684e-01,        -5.252204209195e-02
 2.44455000e+00,        +1.414213562373e-01,        +2.359799128979e-01,        -5.252454855634e-02
 2.44457500e+00,        +1.414213562373e-01,        +2.359738838764e-01,        -5.252703102283e-02
 2.44460000e+00,        +1.414213562373e-01,        +2.359678924614e-01,        -5.252948987650e-02
 2.44462500e+00,        +1.414213562373e-01,        +2.359619382174e-01,        -5.253192549467e-02
 2.44465000e+00,        +1.414213562373e-01,        +2.359560207151e-01,        -5.253433824710e-02
 2.44467500e+00,        +1.414213562373e-01,        +2.359501395314e-01,        -5.253672849617e-02
 2.44470000e+00,        +1.414213562373e-01,        +2.359442942496e-01,        -5.253909659704e-02
 2.44472500e+00,        +1.414213562373e-01,        +2.359384844590e-01,        -5.254144289784e-02
 2.44475000e+00,        +1.414213562373e-01,        +2.359327097550e-01,        -5.254376773982e-02
 2.44477500e+00,        +1.414213562373e-01,        +2.359269697387e-01,        -5.254607145753e-02
 2.44480000e+00,        +1.414213562373e-01,        +2.359212640172e-01,        -5.254835437896e-02
 2.44482500e+00,        +1.414213562373e-01,        +2.359155922029e-01,        -5.255061682572e-02
 2.44485000e+00,        +1.414213562373e-01,        +2.359099539143e-01,        -5.255285911315e-02
 2.44487500e+00,        +1.414213562373e-01,        +2.359043487750e-01,        -5.255508155050e-02
 2.44490000e+00,        +1.414213562373e-01,        +2.358987764142e-01,        -5.255728444105e-02
 2.44492500e+00,        +1.414213562373e-01,        +2.358932364663e-01,        -5.255946808226e-02
 2.44495000e+00,        +1.414213562373e-01,        +2.358877285710e-01,        -5.256163276589e-02
 2.44497500e+00,        +1.414213562373e-01,        +2.358822523730e-01,        -5.256377877814e-02
 2.44500000e+00,        +1.414213562373e-01,        +2.358768075222e-01,        -5.256590639980e-02
 2.44502500e+00,        +1.414213562373e-01,        +2.358713936733e-01,        -5.256801590633e-02
 2.44505000e+00,        +1.414213562373e-01,        +2.358660104860e-01,        -5.257010756798e-02
 2.44507500e+00,        +1.414213562373e-01,        +2.358606576247e-01,        -5.257218164996e-02
 2.44510000e+00,        +1.414213562373e-01,        +2.358553347586e-01,        -5.257423841250e-02
 2.44512500e+00,        +1.414213562373e-01,        +2.358500415615e-01,        -5.257627811100e-02
 2.44515000e+00,        +1.414213562373e-01,        +2.358447777116e-01,        -5.257830099609e-02
 2.44517500e+00,        +1.414213562373e-01,        +2.358395428918e-01,        -5.258030731380e-02
 2.44520000e+00,        +1.414213562373e-01,        +2.358343367893e-01,        -5.258229730561e-02
 2.44522500e+00,        +1.414213562373e-01,        +2.358291590956e-01,        -5.258427120855e-02
 2.44525000e+00,        +1.414213562373e-01,        +2.358240095066e-01,        -5.258622925535e-02
 2.44527500e+00,        +1.414213562373e-01,        +2.358188877221e-01,        -5.258817167448e-02
 2.44530000e+00,        +1.414213562373e-01,        +2.358137934464e-01,        -5.259009869025e-02
 2.44532500e+00,        +1.414213562373e-01,        +2.358087263875e-01,        -5.259201052295e-02
 2.44535000e+00,        +1.414213562373e-01,        +2.358036862577e-01,        -5.259390738886e-02
 2.44537500e+00,        +1.414213562373e-01,        +2.357986727729e-01,        -5.259578950041e-02
 2.44540000e+00,        +1.414213562373e-01,        +2.357936856530e-01,        -5.259765706620e-02
 2.44542500e+00,        +1.414213562373e-01,        +2.357887246218e-01,        -5.259951029113e-02
 2.44545000e+00,        +1.414213562373e-01,        +2.357837894068e-01,        -5.260134937647e-02
 2.44547500e+00,        +1.414213562373e-01,        +2.357788797389e-01,        -5.260317451989e-02
 2.44550000e+00,        +1.414213562373e-01,        +2.357739953529e-01,        -5.260498591562e-02
 2.44552500e+00,        +1.414213562373e-01,        +2.357691359872e-01,        -5.260678375444e-02
 2.44555000e+00,        +1.414213562373e-01,        +2.357643013833e-01,        -5.260856822381e-02
 2.44557500e+00,        +1.414213562373e-01,        +2.357594912866e-01,        -5.261033950792e-02
 2.44560000e+00,        +1.414213562373e-01,        +2.357547054457e-01,        -5.261209778775e-02
 2.44562500e+00,        +1.414213562373e-01,        +2.357499436123e-01,        -5.261384324114e-02
 2.44565000e+00,        +1.414213562373e-01,        +2.357452055418e-01,        -5.261557604288e-02
 2.44567500e+00,        +1.414213562373e-01,        +2.357404909925e-01,        -5.261729636474e-02
 2.44570000e+00,        +1.414213562373e-01,        +2.357357997261e-01,        -5.261900437553e-02
 2.44572500e+00,        +1.414213562373e-01,        +2.357311315071e-01,        -5.262070024120e-02
 2.44575000e+00,        +1.414213562373e-01,        +2.357264861035e-01,        -5.262238412487e-02
 2.44577500e+00,        +1.414213562373e-01,        +2.357218632859e-01,        -5.262405618689e-02
 2.44580000e+00,        +1.414213562373e-01,        +2.357172628283e-01,        -5.262571658490e-02
 2.44582500e+00,        +1.414213562373e-01,        +2.357126845072e-01,        -5.262736547388e-02
 2.44585000e+00,        +1.414213562373e-01,        +2.357081281023e-01,        -5.262900300621e-02
 2.44587500e+00,        +1.414213562373e-01,        +2.357035933961e-01,        -5.263062933173e-02
 2.44590000e+00,        +1.414213562373e-01,        +2.356990801737e-01,        -5.263224459776e-02
 2.44592500e+00,        +1.414213562373e-01,        +2.356945882231e-01,        -5.263384894919e-02
 2.44595000e+00,        +1.414213562373e-01,        +2.356901173351e-01,        -5.263544252851e-02
 2.44597500e+00,        +1.414213562373e-01,        +2.356856673029e-01,        -5.263702547585e-02
 2.44600000e+00,        +1.414213562373e-01,        +2.356812379226e-01,        -5.263859792904e-02
 2.44602500e+00,        +1.414213562373e-01,        +2.356768289927e-01,        -5.264016002364e-02
 2.44605000e+00,        +1.414213562373e-01,        +2.356724403143e-01,        -5.264171189301e-02
 2.44607500e+00,        +1.414213562373e-01,        +2.356680716911e-01,        -5.264325366833e-02
 2.44610000e+00,        +1.414213562373e-01,        +2.356637229291e-01,        -5.264478547865e-02
 2.44612500e+00,        +1.414213562373e-01,        +2.356593938369e-01,        -5.264630745094e-02
 2.44615000e+00,        +1.414213562373e-01,        +2.356550842254e-01,        -5.264781971011e-02
 2.44617500e+00,        +1.414213562373e-01,        +2.356507939078e-01,        -5.264932237908e-02
 2.44620000e+00,        +1.414213562373e-01,        +2.356465226997e-01,        -5.265081557878e-02
 2.44622500e+00,        +1.414213562373e-01,        +2.356422704190e-01,        -5.265229942822e-02
 2.44625000e+00,        +1.414213562373e-01,        +2.356380368859e-01,        -5.265377404453e-02
 2.44627500e+00,        +1.414213562373e-01,        +2.356338219226e-01,        -5.265523954295e-02
 2.44630000e+00,        +1.414213562373e-01,        +2.356296253537e-01,        -5.265669603693e-02
 2.44632500e+00,        +1.414213562373e-01,        +2.356254470059e-01,        -5.265814363812e-02
 2.44635000e+00,        +1.414213562373e-01,        +2.356212867080e-01,        -5.265958245641e-02
 2.44637500e+00,        +1.414213562373e-01,        +2.356171442909e-01,        -5.266101259997e-02
 2.44640000e+00,        +1.414213562373e-01,        +2.356130195875e-01,        -5.266243417530e-02
 2.44642500e+00,        +1.414213562373e-01,        +2.356089124328e-01,        -5.266384728723e-02
 2.44645000e+00,        +1.414213562373e-01,        +2.356048226638e-01,        -5.266525203895e-02
 2.44647500e+00,        +1.414213562373e-01,        +2.356007501194e-01,        -5.266664853208e-02
 2.44650000e+00,        +1.414213562373e-01,        +2.355966946405e-01,        -5.266803686667e-02
 2.44652500e+00,        +1.414213562373e-01,        +2.355926560699e-01,        -5.266941714122e-02
 2.44655000e+00,        +1.414213562373e-01,        +2.355886342522e-01,        -5.267078945273e-02
 2.44657500e+00,        +1.414213562373e-01,        +2.355846290340e-01,        -5.267215389672e-02
 2.44660000e+00,        +1.414213562373e-01,        +2.355806402637e-01,        -5.267351056726e-02
 2.44662500e+00,        +1.414213562373e-01,        +2.355766677913e-01,        -5.267485955699e-02
 2.44665000e+00,        +1.414213562373e-01,        +2.355727114689e-01,        -5.267620095715e-02
 2.44667500e+00,        +1.414213562373e-01,        +2.355687711501e-01,        -5.267753485759e-02
 2.44670000e+00,        +1.414213562373e-01,        +2.355648466902e-01,        -5.267886134684e-02
 2.44672500e+00,        +1.414213562373e-01,        +2.355609379465e-01,        -5.268018051209e-02
 2.44675000e+00,        +1.414213562373e-01,        +2.355570447776e-01,        -5.268149243922e-02
 2.44677500e+00,        +1.414213562373e-01,        +2.355531670441e-01,        -5.268279721283e-02
 2.44680000e+00,        +1.414213562373e-01,        +2.355493046079e-01,        -5.268409491629e-02
 2.44682500e+00,        +1.414213562373e-01,        +2.355454573328e-01,        -5.268538563171e-02
 2.44685000e+00,        +1.414213562373e-01,        +2.355416250839e-01,        -5.268666944001e-02
 2.44687500e+00,        +1.414213562373e-01,        +2.355378077281e-01,        -5.268794642089e-02
 2.44690000e+00,        +1.414213562373e-01,        +2.355340051337e-01,        -5.268921665291e-02
 2.44692500e+00,        +1.414213562373e-01,        +2.355302171706e-01,        -5.269048021348e-02
 2.44695000e+00,        +1.414213562373e-01,        +2.355264437101e-01,        -5.269173717887e-02
 2.44697500e+00,        +1.414213562373e-01,        +2.355226846251e-01,        -5.269298762424e-02
 2.44700000e+00,        +1.414213562373e-01,        +2.355189397897e-01,        -5.269423162367e-02
 2.44702500e+00,        +1.414213562373e-01,        +2.355152090798e-01,        -5.269546925018e-02
 2.44705000e+00,        +1.414213562373e-01,        +2.355114923724e-01,        -5.269670057572e-02
 2.44707500e+00,        +1.414213562373e-01,        +2.355077895460e-01,        -5.269792567122e-02
 2.44710000e+00,        +1.414213562373e-01,        +2.355041004806e-01,        -5.269914460658e-02
 2.44712500e+00,        +1.414213562373e-01,        +2.355004250573e-01,        -5.270035745073e-02
 2.44715000e+00,        +1.414213562373e-01,        +2.354967631588e-01,        -5.270156427159e-02
 2.44717500e+00,        +1.414213562373e-01,        +2.354931146689e-01,        -5.270276513613e-02
 2.44720000e+00,        +1.414213562373e-01,        +2.354894794728e-01,        -5.270396011038e-02
 2.44722500e+00,        +1.414213562373e-01,        +2.354858574570e-01,        -5.270514925942e-02
 2.44725000e+00,        +1.414213562373e-01,        +2.354822485092e-01,        -5.270633264744e-02
 2.44727500e+00,        +1.414213562373e-01,        +2.354786525184e-01,        -5.270751033771e-02
 2.44730000e+00,        +1.414213562373e-01,        +2.354750693749e-01,        -5.270868239262e-02
 2.44732500e+00,        +1.414213562373e-01,        +2.354714989699e-01,        -5.270984887370e-02
 2.44735000e+00,        +1.414213562373e-01,        +2.354679411962e-01,        -5.271100984162e-02
 2.44737500e+00,        +1.414213562373e-01,        +2.354643959476e-01,        -5.271216535620e-02
 2.44740000e+00,        +1.414213562373e-01,        +2.354608631190e-01,        -5.271331547645e-02
 2.44742500e+00,        +1.414213562373e-01,        +2.354573426065e-01,        -5.271446026055e-02
 2.44745000e+00,        +1.414213562373e-01,        +2.354538343074e-01,        -5.271559976590e-02
 2.44747500e+00,        +1.414213562373e-01,        +2.354503381200e-01,        -5.271673404910e-02
 2.44750000e+00,        +1.414213562373e-01,        +2.354468539438e-01,        -5.271786316597e-02
 2.44752500e+00,        +1.414213562373e-01,        +2.354433816794e-01,        -5.271898717160e-02
 2.44755000e+00,        +1.414213562373e-01,        +2.354399212283e-01,        -5.272010612030e-02
 2.44757500e+00,        +1.414213562373e-01,        +2.354364724933e-01,        -5.272122006566e-02
 2.44760000e+00,        +1.414213562373e-01,        +2.354330353782e-01,        -5.272232906054e-02
 2.44762500e+00,        +1.414213562373e-01,        +2.354296097876e-01,        -5.272343315710e-02
 2.44765000e+00,        +1.414213562373e-01,        +2.354261956274e-01,        -5.272453240679e-02
 2.44767500e+00,        +1.414213562373e-01,        +2.354227928043e-01,        -5.272562686037e-02
 2.44770000e+00,        +1.414213562373e-01,        +2.354194012262e-01,        -5.272671656793e-02
 2.44772500e+00,        +1.414213562373e-01,        +2.354160208018e-01,        -5.272780157888e-02
 2.44775000e+00,        +1.414213562373e-01,        +2.354126514407e-01,        -5.272888194200e-02
 2.44777500e+00,        +1.414213562373e-01,        +2.354092930538e-01,        -5.272995770538e-02
 2.44780000e+00,        +1.414213562373e-01,        +2.354059455526e-01,        -5.273102891653e-02
 2.44782500e+00,        +1.414213562373e-01,        +2.354026088497e-01,        -5.273209562228e-02
 2.44785000e+00,        +1.414213562373e-01,        +2.353992828585e-01,        -5.273315786889e-02
 2.44787500e+00,        +1.414213562373e-01,        +2.353959674934e-01,        -5.273421570200e-02
 2.44790000e+00,        +1.414213562373e-01,        +2.353926626697e-01,        -5.273526916663e-02
 2.44792500e+00,        +1.414213562373e-01,        +2.353893683035e-01,        -5.273631830725e-02
 2.44795000e+00,        +1.414213562373e-01,        +2.353860843119e-01,        -5.273736316773e-02
 2.44797500e+00,        +1.414213562373e-01,        +2.353828106127e-01,        -5.273840379138e-02
 2.44800000e+00,        +1.414213562373e-01,        +2.353795471246e-01,        -5.273944022095e-02
 2.44802500e+00,        +1.414213562373e-01,        +2.353762937672e-01,        -5.274047249863e-02
 2.44805000e+00,        +1.414213562373e-01,        +2.353730504609e-01,        -5.274150066608e-02
 2.44807500e+00,        +1.414213562373e-01,        +2.353698171270e-01,        -5.274252476443e-02
 2.44810000e+00,        +1.414213562373e-01,        +2.353665936874e-01,        -5.274354483427e-02
 2.44812500e+00,        +1.414213562373e-01,        +2.353633800649e-01,        -5.274456091568e-02
 2.44815000e+00,        +1.414213562373e-01,        +2.353601761831e-01,        -5.274557304824e-02
 2.44817500e+00,        +1.414213562373e-01,        +2.353569819665e-01,        -5.274658127100e-02
 2.44820000e+00,        +1.414213562373e-01,        +2.353537973401e-01,        -5.274758562255e-02
 2.44822500e+00,        +1.414213562373e-01,        +2.353506222298e-01,        -5.274858614097e-02
 2.44825000e+00,        +1.414213562373e-01,        +2.353474565624e-01,        -5.274958286388e-02
 2.44827500e+00,        +1.414213562373e-01,        +2.353443002651e-01,        -5.275057582841e-02
 2.44830000e+00,        +1.414213562373e-01,        +2.353411532661e-01,        -5.275156507123e-02
 2.44832500e+00,        +1.414213562373e-01,        +2.353380154942e-01,        -5.275255062857e-02
 2.44835000e+00,        +1.414213562373e-01,        +2.353348868790e-01,        -5.275353253618e-02
 2.44837500e+00,        +1.414213562373e-01,        +2.353317673507e-01,        -5.275451082940e-02
 2.44840000e+00,        +1.414213562373e-01,        +2.353286568403e-01,        -5.275548554310e-02
 2.44842500e+00,        +1.414213562373e-01,        +2.353255552794e-01,        -5.275645671173e-02
 2.44845000e+00,        +1.414213562373e-01,        +2.353224626002e-01,        -5.275742436934e-02
 2.44847500e+00,        +1.414213562373e-01,        +2.353193787358e-01,        -5.275838854953e-02
 2.44850000e+00,        +1.414213562373e-01,        +2.353163036198e-01,        -5.275934928550e-02
 2.44852500e+00,        +1.414213562373e-01,        +2.353132371865e-01,        -5.276030661004e-02
 2.44855000e+00,        +1.414213562373e-01,        +2.353101793708e-01,        -5.276126055556e-02
 2.44857500e+00,        +1.414213562373e-01,        +2.353071301083e-01,        -5.276221115405e-02
 2.44860000e+00,        +1.414213562373e-01,        +2.353040893351e-01,        -5.276315843712e-02
 2.44862500e+00,        +1.414213562373e-01,        +2.353010569882e-01,        -5.276410243602e-02
 2.44865000e+00,        +1.414213562373e-01,        +2.352980330049e-01,        -5.276504318158e-02
 2.44867500e+00,        +1.414213562373e-01,        +2.352950173232e-01,        -5.276598070430e-02
 2.44870000e+00,        +1.414213562373e-01,        +2.352920098819e-01,        -5.276691503430e-02
 2.44872500e+00,        +1.414213562373e-01,        +2.352890106201e-01,        -5.276784620133e-02
 2.44875000e+00,        +1.414213562373e-01,        +2.352860194776e-01,        -5.276877423479e-02
 2.44877500e+00,        +1.414213562373e-01,        +2.352830363949e-01,        -5.276969916373e-02
 2.44880000e+00,        +1.414213562373e-01,        +2.352800613130e-01,        -5.277062101687e-02
 2.44882500e+00,        +1.414213562373e-01,        +2.352770941732e-01,        -5.277153982256e-02
 2.44885000e+00,        +1.414213562373e-01,        +2.352741349179e-01,        -5.277245560885e-02
 2.44887500e+00,        +1.414213562373e-01,        +2.352711834895e-01,        -5.277336840342e-02
 2.44890000e+00,        +1.414213562373e-01,        +2.352682398313e-01,        -5.277427823367e-02
 2.44892500e+00,        +1.414213562373e-01,        +2.352653038869e-01,        -5.277518512663e-02
 2.44895000e+00,        +1.414213562373e-01,        +2.352623756008e-01,        -5.277608910905e-02
 2.44897500e+00,        +1.414213562373e-01,        +2.352594549176e-01,        -5.277699020736e-02
 2.44900000e+00,        +1.414213562373e-01,        +2.352565417826e-01,        -5.277788844766e-02
 2.44902500e+00,        +1.414213562373e-01,        +2.352536361417e-01,        -5.277878385578e-02
 2.44905000e+00,        +1.414213562373e-01,        +2.352507379411e-01,        -5.277967645724e-02
 2.44907500e+00,        +1.414213562373e-01,        +2.352478471278e-01,        -5.278056627724e-02
 2.44910000e+00,        +1.414213562373e-01,        +2.352449636491e-01,        -5.278145334073e-02
 2.44912500e+00,        +1.414213562373e-01,        +2.352420874527e-01,        -5.278233767234e-02
 2.44915000e+00,        +1.414213562373e-01,        +2.352392184869e-01,        -5.278321929643e-02
 2.44917500e+00,        +1.414213562373e-01,        +2.352363567006e-01,        -5.278409823710e-02
 2.44920000e+00,        +1.414213562373e-01,        +2.352335020430e-01,        -5.278497451813e-02
 2.44922500e+00,        +1.414213562373e-01,        +2.352306544638e-01,        -5.278584816307e-02
 2.44925000e+00,        +1.414213562373e-01,        +2.352278139131e-01,        -5.278671919519e-02
 2.44927500e+00,        +1.414213562373e-01,        +2.352249803418e-01,        -5.278758763749e-02
 2.44930000e+00,        +1.414213562373e-01,        +2.352221537007e-01,        -5.278845351272e-02
 2.44932500e+00,        +1.414213562373e-01,        +2.352193339416e-01,        -5.278931684335e-02
 2.44935000e+00,        +1.414213562373e-01,        +2.352165210163e-01,        -5.279017765164e-02
 2.44937500e+00,        +1.414213562373e-01,        +2.352137148773e-01,        -5.279103595955e-02
 2.44940000e+00,        +1.414213562373e-01,        +2.352109154775e-01,        -5.279189178884e-02
 2.44942500e+00,        +1.414213562373e-01,        +2.352081227701e-01,        -5.279274516099e-02
 2.44945000e+00,        +1.414213562373e-01,        +2.352053367088e-01,        -5.279359609726e-02
 2.44947500e+00,        +1.414213562373e-01,        +2.352025572478e-01,        -5.279444461868e-02
 2.44950000e+00,        +1.414213562373e-01,        +2.351997843416e-01,        -5.279529074603e-02
 2.44952500e+00,        +1.414213562373e-01,        +2.351970179451e-01,        -5.279613449986e-02
 2.44955000e+00,        +1.414213562373e-01,        +2.351942580137e-01,        -5.279697590051e-02
 2.44957500e+00,        +1.414213562373e-01,        +2.351915045032e-01,        -5.279781496808e-02
 2.44960000e+00,        +1.414213562373e-01,        +2.351887573697e-01,        -5.279865172246e-02
 2.44962500e+00,        +1.414213562373e-01,        +2.351860165697e-01,        -5.279948618331e-02
 2.44965000e+00,        +1.414213562373e-01,        +2.351832820602e-01,        -5.280031837008e-02
 2.44967500e+00,        +1.414213562373e-01,        +2.351805537985e-01,        -5.280114830202e-02
 2.44970000e+00,        +1.414213562373e-01,        +2.351778317422e-01,        -5.280197599816e-02
 2.44972500e+00,        +1.414213562373e-01,        +2.351751158494e-01,        -5.280280147731e-02
 2.44975000e+00,        +1.414213562373e-01,        +2.351724060786e-01,        -5.280362475810e-02
 2.44977500e+00,        +1.414213562373e-01,        +2.351697023885e-01,        -5.280444585894e-02
 2.44980000e+00,        +1.414213562373e-01,        +2.351670047384e-01,        -5.280526479806e-02
 2.44982500e+00,        +1.414213562373e-01,        +2.351643130876e-01,        -5.280608159348e-02
 2.44985000e+00,        +1.414213562373e-01,        +2.351616273961e-01,        -5.280689626302e-02
 2.44987500e+00,        +1.414213562373e-01,        +2.351589476242e-01,        -5.280770882433e-02
 2.44990000e+00,        +1.414213562373e-01,        +2.351562737323e-01,        -5.280851929486e-02
 2.44992500e+00,        +1.414213562373e-01,        +2.351536056814e-01,        -5.280932769187e-02
 2.44995000e+00,        +1.414213562373e-01,        +2.351509434327e-01,        -5.281013403244e-02
 2.44997500e+00,        +1.414213562373e-01,        +2.351482869479e-01,        -5.281093833347e-02
 2.45000000e+00,        +1.414213562373e-01,        +2.351456361888e-01,        -5.281174061168e-02
 2.45002500e+00,        +1.414213562373e-01,        +2.351429911177e-01,        -5.281254088361e-02
 2.45005000e+00,        +1.414213562373e-01,        +2.351403516971e-01,        -5.281333916564e-02
 2.45007500e+00,        +1.414213562373e-01,        +2.351377178900e-01,        -5.281413547396e-02
 2.45010000e+00,        +1.414213562373e-01,        +2.351350896595e-01,        -5.281492982459e-02
 2.45012500e+00,        +1.414213562373e-01,        +2.351324669693e-01,        -5.281572223341e-02
 2.45015000e+00,        +1.414213562373e-01,        +2.351298497830e-01,        -5.281651271609e-02
 2.45017500e+00,        +1.414213562373e-01,        +2.351272380649e-01,        -5.281730128817e-02
 2.45020000e+00,        +1.414213562373e-01,        +2.351246317794e-01,        -5.281808796502e-02
 2.45022500e+00,        +1.414213562373e-01,        +2.351220308913e-01,        -5.281887276184e-02
 2.45025000e+00,        +1.414213562373e-01,        +2.351194353656e-01,        -5.281965569369e-02
 2.45027500e+00,        +1.414213562373e-01,        +2.351168451676e-01,        -5.282043677547e-02
 2.45030000e+00,        +1.414213562373e-01,        +2.351142602630e-01,        -5.282121602191e-02
 2.45032500e+00,        +1.414213562373e-01,        +2.351116806178e-01,        -5.282199344761e-02
 2.45035000e+00,        +1.414213562373e-01,        +2.351091061981e-01,        -5.282276906700e-02
 2.45037500e+00,        +1.414213562373e-01,        +2.351065369704e-01,        -5.282354289438e-02
 2.45040000e+00,        +1.414213562373e-01,        +2.351039729015e-01,        -5.282431494390e-02
 2.45042500e+00,        +1.414213562373e-01,        +2.351014139584e-01,        -5.282508522956e-02
 2.45045000e+00,        +1.414213562373e-01,        +2.350988601085e-01,        -5.282585376521e-02
 2.45047500e+00,        +1.414213562373e-01,        +2.350963113194e-01,        -5.282662056458e-02
 2.45050000e+00,        +1.414213562373e-01,        +2.350937675589e-01,        -5.282738564125e-02
 2.45052500e+00,        +1.414213562373e-01,        +2.350912287952e-01,        -5.282814900867e-02
 2.45055000e+00,        +1.414213562373e-01,        +2.350886949967e-01,        -5.282891068013e-02
 2.45057500e+00,        +1.414213562373e-01,        +2.350861661320e-01,        -5.282967066881e-02
 2.45060000e+00,        +1.414213562373e-01,        +2.350836421700e-01,        -5.283042898776e-02
 2.45062500e+00,        +1.414213562373e-01,        +2.350811230800e-01,        -5.283118564988e-02
 2.45065000e+00,        +1.414213562373e-01,        +2.350786088313e-01,        -5.283194066795e-02
 2.45067500e+00,        +1.414213562373e-01,        +2.350760993936e-01,        -5.283269405463e-02
 2.45070000e+00,        +1.414213562373e-01,        +2.350735947368e-01,        -5.283344582245e-02
 2.45072500e+00,        +1.414213562373e-01,        +2.350710948311e-01,        -5.283419598381e-02
 2.45075000e+00,        +1.414213562373e-01,        +2.350685996470e-01,        -5.283494455099e-02
 2.45077500e+00,        +1.414213562373e-01,        +2.350661091550e-01,        -5.283569153615e-02
 2.45080000e+00,        +1.414213562373e-01,        +2.350636233260e-01,        -5.283643695133e-02
 2.45082500e+00,        +1.414213562373e-01,        +2.350611421312e-01,        -5.283718080845e-02
 2.45085000e+00,        +1.414213562373e-01,        +2.350586655419e-01,        -5.283792311931e-02
 2.45087500e+00,        +1.414213562373e-01,        +2.350561935297e-01,        -5.283866389559e-02
 2.45090000e+00,        +1.414213562373e-01,        +2.350537260664e-01,        -5.283940314888e-02
 2.45092500e+00,        +1.414213562373e-01,        +2.350512631241e-01,        -5.284014089063e-02
 2.45095000e+00,        +1.414213562373e-01,        +2.350488046750e-01,        -5.284087713219e-02
 2.45097500e+00,        +1.414213562373e-01,        +2.350463506917e-01,        -5.284161188480e-02
 2.45100000e+00,        +1.414213562373e-01,        +2.350439011467e-01,        -5.284234515959e-02
 2.45102500e+00,        +1.414213562373e-01,        +2.350414560131e-01,        -5.284307696757e-02
 2.45105000e+00,        +1.414213562373e-01,        +2.350390152639e-01,        -5.284380731966e-02
 2.45107500e+00,        +1.414213562373e-01,        +2.350365788726e-01,        -5.284453622667e-02
 2.45110000e+00,        +1.414213562373e-01,        +2.350341468127e-01,        -5.284526369931e-02
 2.45112500e+00,        +1.414213562373e-01,        +2.350317190579e-01,        -5.284598974817e-02
 2.45115000e+00,        +1.414213562373e-01,        +2.350292955822e-01,        -5.284671438377e-02
 2.45117500e+00,        +1.414213562373e-01,        +2.350268763599e-01,        -5.284743761649e-02
 2.45120000e+00,        +1.414213562373e-01,        +2.350244613653e-01,        -5.284815945664e-02
 2.45122500e+00,        +1.414213562373e-01,        +2.350220505730e-01,        -5.284887991442e-02
 2.45125000e+00,        +1.414213562373e-01,        +2.350196439577e-01,        -5.284959899993e-02
 2.45127500e+00,        +1.414213562373e-01,        +2.350172414945e-01,        -5.285031672320e-02
 2.45130000e+00,        +1.414213562373e-01,        +2.350148431585e-01,        -5.285103309412e-02
 2.45132500e+00,        +1.414213562373e-01,        +2.350124489252e-01,        -5.285174812253e-02
 2.45135000e+00,        +1.414213562373e-01,        +2.350100587700e-01,        -5.285246181814e-02
 2.45137500e+00,        +1.414213562373e-01,        +2.350076726687e-01,        -5.285317419061e-02
 2.45140000e+00,        +1.414213562373e-01,        +2.350052905973e-01,        -5.285388524947e-02
 2.45142500e+00,        +1.414213562373e-01,        +2.350029125318e-01,        -5.285459500418e-02
 2.45145000e+00,        +1.414213562373e-01,        +2.350005384487e-01,        -5.285530346412e-02
 2.45147500e+00,        +1.414213562373e-01,        +2.349981683243e-01,        -5.285601063855e-02
 2.45150000e+00,        +1.414213562373e-01,        +2.349958021354e-01,        -5.285671653668e-02
 2.45152500e+00,        +1.414213562373e-01,        +2.349934398587e-01,        -5.285742116761e-02
 2.45155000e+00,        +1.414213562373e-01,        +2.349910814714e-01,        -5.285812454038e-02
 2.45157500e+00,        +1.414213562373e-01,        +2.349887269507e-01,        -5.285882666391e-02
 2.45160000e+00,        +1.414213562373e-01,        +2.349863762738e-01,        -5.285952754708e-02
 2.45162500e+00,        +1.414213562373e-01,        +2.349840294184e-01,        -5.286022719865e-02
 2.45165000e+00,        +1.414213562373e-01,        +2.349816863621e-01,        -5.286092562732e-02
 2.45167500e+00,        +1.414213562373e-01,        +2.349793470829e-01,        -5.286162284171e-02
 2.45170000e+00,        +1.414213562373e-01,        +2.349770115588e-01,        -5.286231885036e-02
 2.45172500e+00,        +1.414213562373e-01,        +2.349746797681e-01,        -5.286301366171e-02
 2.45175000e+00,        +1.414213562373e-01,        +2.349723516891e-01,        -5.286370728417e-02
 2.45177500e+00,        +1.414213562373e-01,        +2.349700273003e-01,        -5.286439972602e-02
 2.45180000e+00,        +1.414213562373e-01,        +2.349677065805e-01,        -5.286509099551e-02
 2.45182500e+00,        +1.414213562373e-01,        +2.349653895086e-01,        -5.286578110078e-02
 2.45185000e+00,        +1.414213562373e-01,        +2.349630760635e-01,        -5.286647004991e-02
 2.45187500e+00,        +1.414213562373e-01,        +2.349607662245e-01,        -5.286715785092e-02
 2.45190000e+00,        +1.414213562373e-01,        +2.349584599709e-01,        -5.286784451174e-02
 2.45192500e+00,        +1.414213562373e-01,        +2.349561572822e-01,        -5.286853004024e-02
 2.45195000e+00,        +1.414213562373e-01,        +2.349538581380e-01,        -5.286921444420e-02
 2.45197500e+00,        +1.414213562373e-01,        +2.349515625181e-01,        -5.286989773135e-02
 2.45200000e+00,        +1.414213562373e-01,        +2.349492704025e-01,        -5.287057990935e-02
 2.45202500e+00,        +1.414213562373e-01,        +2.349469817712e-01,        -5.287126098578e-02
 2.45205000e+00,        +1.414213562373e-01,        +2.349446966046e-01,        -5.287194096817e-02
 2.45207500e+00,        +1.414213562373e-01,        +2.349424148830e-01,        -5.287261986395e-02
 2.45210000e+00,        +1.414213562373e-01,        +2.349401365868e-01,        -5.287329768052e-02
 2.45212500e+00,        +1.414213562373e-01,        +2.349378616969e-01,        -5.287397442520e-02
 2.45215000e+00,        +1.414213562373e-01,        +2.349355901940e-01,        -5.287465010524e-02
 2.45217500e+00,        +1.414213562373e-01,        +2.349333220590e-01,        -5.287532472783e-02
 2.45220000e+00,        +1.414213562373e-01,        +2.349310572731e-01,        -5.287599830010e-02
 2.45222500e+00,        +1.414213562373e-01,        +2.349287958175e-01,        -5.287667082911e-02
 2.45225000e+00,        +1.414213562373e-01,        +2.349265376735e-01,        -5.287734232187e-02
 2.45227500e+00,        +1.414213562373e-01,        +2.349242828227e-01,        -5.287801278532e-02
 2.45230000e+00,        +1.414213562373e-01,        +2.349220312467e-01,        -5.287868222634e-02
 2.45232500e+00,        +1.414213562373e-01,        +2.349197829272e-01,        -5.287935065175e-02
 2.45235000e+00,        +1.414213562373e-01,        +2.349175378462e-01,        -5.288001806831e-02
 2.45237500e+00,        +1.414213562373e-01,        +2.349152959857e-01,        -5.288068448272e-02
 2.45240000e+00,        +1.414213562373e-01,        +2.349130573279e-01,        -5.288134990162e-02
 2.45242500e+00,        +1.414213562373e-01,        +2.349108218550e-01,        -5.288201433161e-02
 2.45245000e+00,        +1.414213562373e-01,        +2.349085895495e-01,        -5.288267777921e-02
 2.45247500e+00,        +1.414213562373e-01,        +2.349063603938e-01,        -5.288334025089e-02
 2.45250000e+00,        +1.414213562373e-01,        +2.349041343708e-01,        -5.288400175308e-02
 2.45252500e+00,        +1.414213562373e-01,        +2.349019114631e-01,        -5.288466229212e-02
 2.45255000e+00,        +1.414213562373e-01,        +2.348996916537e-01,        -5.288532187434e-02
 2.45257500e+00,        +1.414213562373e-01,        +2.348974749256e-01,        -5.288598050598e-02
 2.45260000e+00,        +1.414213562373e-01,        +2.348952612619e-01,        -5.288663819325e-02
 2.45262500e+00,        +1.414213562373e-01,        +2.348930506460e-01,        -5.288729494228e-02
 2.45265000e+00,        +1.414213562373e-01,        +2.348908430612e-01,        -5.288795075918e-02
 2.45267500e+00,        +1.414213562373e-01,        +2.348886384911e-01,        -5.288860564999e-02
 2.45270000e+00,        +1.414213562373e-01,        +2.348864369192e-01,        -5.288925962069e-02
 2.45272500e+00,        +1.414213562373e-01,        +2.348842383294e-01,        -5.288991267723e-02
 2.45275000e+00,        +1.414213562373e-01,        +2.348820427054e-01,        -5.289056482550e-02
 2.45277500e+00,        +1.414213562373e-01,        +2.348798500312e-01,        -5.289121607134e-02
 2.45280000e+00,        +1.414213562373e-01,        +2.348776602910e-01,        -5.289186642054e-02
 2.45282500e+00,        +1.414213562373e-01,        +2.348754734688e-01,        -5.289251587884e-02
 2.45285000e+00,        +1.414213562373e-01,        +2.348732895490e-01,        -5.289316445194e-02
 2.45287500e+00,        +1.414213562373e-01,        +2.348711085161e-01,        -5.289381214548e-02
 2.45290000e+00,        +1.414213562373e-01,        +2.348689303545e-01,        -5.289445896506e-02
 2.45292500e+00,        +1.414213562373e-01,        +2.348667550489e-01,        -5.289510491624e-02
 2.45295000e+00,        +1.414213562373e-01,        +2.348645825839e-01,        -5.289575000452e-02
 2.45297500e+00,        +1.414213562373e-01,        +2.348624129445e-01,        -5.289639423536e-02
 2.45300000e+00,        +1.414213562373e-01,        +2.348602461156e-01,        -5.289703761417e-02
 2.45302500e+00,        +1.414213562373e-01,        +2.348580820822e-01,        -5.289768014633e-02
 2.45305000e+00,        +1.414213562373e-01,        +2.348559208295e-01,        -5.289832183716e-02
 2.45307500e+00,        +1.414213562373e-01,        +2.348537623426e-01,        -5.289896269194e-02
 2.45310000e+00,        +1.414213562373e-01,        +2.348516066071e-01,        -5.289960271591e-02
 2.45312500e+00,        +1.414213562373e-01,        +2.348494536083e-01,        -5.290024191427e-02
 2.45315000e+00,        +1.414213562373e-01,        +2.348473033318e-01,        -5.290088029217e-02
 2.45317500e+00,        +1.414213562373e-01,        +2.348451557633e-01,        -5.290151785471e-02
 2.45320000e+00,        +1.414213562373e-01,        +2.348430108884e-01,        -5.290215460697e-02
 2.45322500e+00,        +1.414213562373e-01,        +2.348408686931e-01,        -5.290279055397e-02
 2.45325000e+00,        +1.414213562373e-01,        +2.348387291632e-01,        -5.290342570070e-02
 2.45327500e+00,        +1.414213562373e-01,        +2.348365922849e-01,        -5.290406005210e-02
 2.45330000e+00,        +1.414213562373e-01,        +2.348344580442e-01,        -5.290469361307e-02
 2.45332500e+00,        +1.414213562373e-01,        +2.348323264274e-01,        -5.290532638849e-02
 2.45335000e+00,        +1.414213562373e-01,        +2.348301974208e-01,        -5.290595838318e-02
 2.45337500e+00,        +1.414213562373e-01,        +2.348280710107e-01,        -5.290658960192e-02
 2.45340000e+00,        +1.414213562373e-01,        +2.348259471838e-01,        -5.290722004946e-02
 2.45342500e+00,        +1.414213562373e-01,        +2.348238259266e-01,        -5.290784973051e-02
 2.45345000e+00,        +1.414213562373e-01,        +2.348217072258e-01,        -5.290847864975e-02
 2.45347500e+00,        +1.414213562373e-01,        +2.348195910681e-01,        -5.290910681180e-02
 2.45350000e+00,        +1.414213562373e-01,        +2.348174774404e-01,        -5.290973422127e-02
 2.45352500e+00,        +1.414213562373e-01,        +2.348153663297e-01,        -5.291036088271e-02
 2.45355000e+00,        +1.414213562373e-01,        +2.348132577229e-01,        -5.291098680065e-02
 2.45357500e+00,        +1.414213562373e-01,        +2.348111516073e-01,        -5.291161197958e-02
 2.45360000e+00,        +1.414213562373e-01,        +2.348090479700e-01,        -5.291223642394e-02
 2.45362500e+00,        +1.414213562373e-01,        +2.348069467983e-01,        -5.291286013816e-02
 2.45365000e+00,        +1.414213562373e-01,        +2.348048480796e-01,        -5.291348312661e-02
 2.45367500e+00,        +1.414213562373e-01,        +2.348027518014e-01,        -5.291410539365e-02
 2.45370000e+00,        +1.414213562373e-01,        +2.348006579511e-01,        -5.291472694358e-02
 2.45372500e+00,        +1.414213562373e-01,        +2.347985665164e-01,        -5.291534778068e-02
 2.45375000e+00,        +1.414213562373e-01,        +2.347964774851e-01,        -5.291596790921e-02
 2.45377500e+00,        +1.414213562373e-01,        +2.347943908448e-01,        -5.291658733336e-02
 2.45380000e+00,        +1.414213562373e-01,        +2.347923065835e-01,        -5.291720605732e-02
 2.45382500e+00,        +1.414213562373e-01,        +2.347902246891e-01,        -5.291782408523e-02
 2.45385000e+00,        +1.414213562373e-01,        +2.347881451496e-01,        -5.291844142121e-02
 2.45387500e+00,        +1.414213562373e-01,        +2.347860679532e-01,        -5.291905806933e-02
 2.45390000e+00,        +1.414213562373e-01,        +2.347839930879e-01,        -5.291967403365e-02
 2.45392500e+00,        +1.414213562373e-01,        +2.347819205421e-01,        -5.292028931818e-02
 2.45395000e+00,        +1.414213562373e-01,        +2.347798503042e-01,        -5.292090392692e-02
 2.45397500e+00,        +1.414213562373e-01,        +2.347777823623e-01,        -5.292151786381e-02
 2.45400000e+00,        +1.414213562373e-01,        +2.347757167052e-01,        -5.292213113278e-02
 2.45402500e+00,        +1.414213562373e-01,        +2.347736533213e-01,        -5.292274373772e-02
 2.45405000e+00,        +1.414213562373e-01,        +2.347715921993e-01,        -5.292335568250e-02
 2.45407500e+00,        +1.414213562373e-01,        +2.347695333279e-01,        -5.292396697096e-02
 2.45410000e+00,        +1.414213562373e-01,        +2.347674766957e-01,        -5.292457760689e-02
 2.45412500e+00,        +1.414213562373e-01,        +2.347654222918e-01,        -5.292518759408e-02
 2.45415000e+00,        +1.414213562373e-01,        +2.347633701050e-01,        -5.292579693627e-02
 2.45417500e+00,        +1.414213562373e-01,        +2.347613201243e-01,        -5.292640563718e-02
 2.45420000e+00,        +1.414213562373e-01,        +2.347592723387e-01,        -5.292701370049e-02
 2.45422500e+00,        +1.414213562373e-01,        +2.347572267374e-01,        -5.292762112988e-02
 2.45425000e+00,        +1.414213562373e-01,        +2.347551833096e-01,        -5.292822792897e-02
 2.45427500e+00,        +1.414213562373e-01,        +2.347531420446e-01,        -5.292883410137e-02
 2.45430000e+00,        +1.414213562373e-01,        +2.347511029316e-01,        -5.292943965067e-02
 2.45432500e+00,        +1.414213562373e-01,        +2.347490659602e-01,        -5.293004458040e-02
 2.45435000e+00,        +1.414213562373e-01,        +2.347470311197e-01,        -5.293064889409e-02
 2.45437500e+00,        +1.414213562373e-01,        +2.347449983997e-01,        -5.293125259525e-02
 2.45440000e+00,        +1.414213562373e-01,        +2.347429677898e-01,        -5.293185568735e-02
 2.45442500e+00,        +1.414213562373e-01,        +2.347409392796e-01,        -5.293245817383e-02
 2.45445000e+00,        +1.414213562373e-01,        +2.347389128590e-01,        -5.293306005810e-02
 2.45447500e+00,        +1.414213562373e-01,        +2.347368885177e-01,        -5.293366134357e-02
 2.45450000e+00,        +1.414213562373e-01,        +2.347348662455e-01,        -5.293426203361e-02
 2.45452500e+00,        +1.414213562373e-01,        +2.347328460324e-01,        -5.293486213155e-02
 2.45455000e+00,        +1.414213562373e-01,        +2.347308278684e-01,        -5.293546164071e-02
 2.45457500e+00,        +1.414213562373e-01,        +2.347288117435e-01,        -5.293606056439e-02
 2.45460000e+00,        +1.414213562373e-01,        +2.347267976478e-01,        -5.293665890586e-02
 2.45462500e+00,        +1.414213562373e-01,        +2.347247855716e-01,        -5.293725666837e-02
 2.45465000e+00,        +1.414213562373e-01,        +2.347227755049e-01,        -5.293785385512e-02
 2.45467500e+00,        +1.414213562373e-01,        +2.347207674383e-01,        -5.293845046933e-02
 2.45470000e+00,        +1.414213562373e-01,        +2.347187613619e-01,        -5.293904651416e-02
 2.45472500e+00,        +1.414213562373e-01,        +2.347167572662e-01,        -5.293964199276e-02
 2.45475000e+00,        +1.414213562373e-01,        +2.347147551417e-01,        -5.294023690827e-02
 2.45477500e+00,        +1.414213562373e-01,        +2.347127549789e-01,        -5.294083126377e-02
 2.45480000e+00,        +1.414213562373e-01,        +2.347107567684e-01,        -5.294142506237e-02
 2.45482500e+00,        +1.414213562373e-01,        +2.347087605009e-01,        -5.294201830710e-02
 2.45485000e+00,        +1.414213562373e-01,        +2.347067661670e-01,        -5.294261100101e-02
 2.45487500e+00,        +1.414213562373e-01,        +2.347047737575e-01,        -5.294320314712e-02
 2.45490000e+00,        +1.414213562373e-01,        +2.347027832633e-01,        -5.294379474841e-02
 2.45492500e+00,        +1.414213562373e-01,        +2.347007946752e-01,        -5.294438580785e-02
 2.45495000e+00,        +1.414213562373e-01,        +2.346988079841e-01,        -5.294497632839e-02
 2.45497500e+00,        +1.414213562373e-01,        +2.346968231811e-01,        -5.294556631297e-02
 2.45500000e+00,        +1.414213562373e-01,        +2.346948402571e-01,        -5.294615576447e-02
 2.45502500e+00,        +1.414213562373e-01,        +2.346928592033e-01,        -5.294674468580e-02
 2.45505000e+00,        +1.414213562373e-01,        +2.346908800108e-01,        -5.294733307981e-02
 2.45507500e+00,        +1.414213562373e-01,        +2.346889026709e-01,        -5.294792094934e-02
 2.45510000e+00,        +1.414213562373e-01,        +2.346869271747e-01,        -5.294850829723e-02
 2.45512500e+00,        +1.414213562373e-01,        +2.346849535136e-01,        -5.294909512626e-02
 2.45515000e+00,        +1.414213562373e-01,        +2.346829816789e-01,        -5.294968143922e-02
 2.45517500e+00,        +1.414213562373e-01,        +2.346810116621e-01,        -5.295026723888e-02
 2.45520000e+00,        +1.414213562373e-01,        +2.346790434546e-01,        -5.295085252798e-02
 2.45522500e+00,        +1.414213562373e-01,        +2.346770770479e-01,        -5.295143730924e-02
 2.45525000e+00,        +1.414213562373e-01,        +2.346751124337e-01,        -5.295202158536e-02
 2.45527500e+00,        +1.414213562373e-01,        +2.346731496034e-01,        -5.295260535902e-02
 2.45530000e+00,        +1.414213562373e-01,        +2.346711885489e-01,        -5.295318863290e-02
 2.45532500e+00,        +1.414213562373e-01,        +2.346692292617e-01,        -5.295377140963e-02
 2.45535000e+00,        +1.414213562373e-01,        +2.346672717337e-01,        -5.295435369185e-02
 2.45537500e+00,        +1.414213562373e-01,        +2.346653159567e-01,        -5.295493548217e-02
 2.45540000e+00,        +1.414213562373e-01,        +2.346633619226e-01,        -5.295551678317e-02
 2.45542500e+00,        +1.414213562373e-01,        +2.346614096232e-01,        -5.295609759742e-02
 2.45545000e+00,        +1.414213562373e-01,        +2.346594590505e-01,        -5.295667792748e-02
 2.45547500e+00,        +1.414213562373e-01,        +2.346575101965e-01,        -5.295725777589e-02
 2.45550000e+00,        +1.414213562373e-01,        +2.346555630533e-01,        -5.295783714516e-02
 2.45552500e+00,        +1.414213562373e-01,        +2.346536176130e-01,        -5.295841603779e-02
 2.45555000e+00,        +1.414213562373e-01,        +2.346516738677e-01,        -5.295899445627e-02
 2.45557500e+00,        +1.414213562373e-01,        +2.346497318097e-01,        -5.295957240306e-02
 2.45560000e+00,        +1.414213562373e-01,        +2.346477914311e-01,        -5.296014988061e-02
 2.45562500e+00,        +1.414213562373e-01,        +2.346458527242e-01,        -5.296072689135e-02
 2.45565000e+00,        +1.414213562373e-01,        +2.346439156814e-01,        -5.296130343769e-02
 2.45567500e+00,        +1.414213562373e-01,        +2.346419802950e-01,        -5.296187952203e-02
 2.45570000e+00,        +1.414213562373e-01,        +2.346400465575e-01,        -5.296245514676e-02
 2.45572500e+00,        +1.414213562373e-01,        +2.346381144614e-01,        -5.296303031424e-02
 2.45575000e+00,        +1.414213562373e-01,        +2.346361839991e-01,        -5.296360502680e-02
 2.45577500e+00,        +1.414213562373e-01,        +2.346342551631e-01,        -5.296417928680e-02
 2.45580000e+00,        +1.414213562373e-01,        +2.346323279461e-01,        -5.296475309653e-02
 2.45582500e+00,        +1.414213562373e-01,        +2.346304023408e-01,        -5.296532645831e-02
 2.45585000e+00,        +1.414213562373e-01,        +2.346284783397e-01,        -5.296589937441e-02
 2.45587500e+00,        +1.414213562373e-01,        +2.346265559357e-01,        -5.296647184711e-02
 2.45590000e+00,        +1.414213562373e-01,        +2.346246351214e-01,        -5.296704387865e-02
 2.45592500e+00,        +1.414213562373e-01,        +2.346227158898e-01,        -5.296761547127e-02
 2.45595000e+00,        +1.414213562373e-01,        +2.346207982335e-01,        -5.296818662719e-02
 2.45597500e+00,        +1.414213562373e-01,        +2.346188821456e-01,        -5.296875734863e-02
 2.45600000e+00,        +1.414213562373e-01,        +2.346169676189e-01,        -5.296932763777e-02
 2.45602500e+00,        +1.414213562373e-01,        +2.346150546464e-01,        -5.296989749678e-02
 2.45605000e+00,        +1.414213562373e-01,        +2.346131432212e-01,        -5.297046692784e-02
 2.45607500e+00,        +1.414213562373e-01,        +2.346112333362e-01,        -5.297103593308e-02
 2.45610000e+00,        +1.414213562373e-01,        +2.346093249846e-01,        -5.297160451465e-02
 2.45612500e+00,        +1.414213562373e-01,        +2.346074181594e-01,        -5.297217267465e-02
 2.45615000e+00,        +1.414213562373e-01,        +2.346055128539e-01,        -5.297274041519e-02
 2.45617500e+00,        +1.414213562373e-01,        +2.346036090613e-01,        -5.297330773837e-02
 2.45620000e+00,        +1.414213562373e-01,        +2.346017067748e-01,        -5.297387464625e-02
 2.45622500e+00,        +1.414213562373e-01,        +2.345998059877e-01,        -5.297444114091e-02
 2.45625000e+00,        +1.414213562373e-01,        +2.345979066932e-01,        -5.297500722438e-02
 2.45627500e+00,        +1.414213562373e-01,        +2.345960088849e-01,        -5.297557289869e-02
 2.45630000e+00,        +1.414213562373e-01,        +2.345941125559e-01,        -5.297613816588e-02
 2.45632500e+00,        +1.414213562373e-01,        +2.345922176999e-01,        -5.297670302795e-02
 2.45635000e+00,        +1.414213562373e-01,        +2.345903243103e-01,        -5.297726748689e-02
 2.45637500e+00,        +1.414213562373e-01,        +2.345884323805e-01,        -5.297783154468e-02
 2.45640000e+00,        +1.414213562373e-01,        +2.345865419041e-01,        -5.297839520329e-02
 2.45642500e+00,        +1.414213562373e-01,        +2.345846528747e-01,        -5.297895846467e-02
 2.45645000e+00,        +1.414213562373e-01,        +2.345827652859e-01,        -5.297952133077e-02
 2.45647500e+00,        +1.414213562373e-01,        +2.345808791313e-01,        -5.298008380350e-02
 2.45650000e+00,        +1.414213562373e-01,        +2.345789944047e-01,        -5.298064588480e-02
 2.45652500e+00,        +1.414213562373e-01,        +2.345771110997e-01,        -5.298120757655e-02
 2.45655000e+00,        +1.414213562373e-01,        +2.345752292102e-01,        -5.298176888065e-02
 2.45657500e+00,        +1.414213562373e-01,        +2.345733487298e-01,        -5.298232979898e-02
 2.45660000e+00,        +1.414213562373e-01,        +2.345714696525e-01,        -5.298289033340e-02
 2.45662500e+00,        +1.414213562373e-01,        +2.345695919721e-01,        -5.298345048577e-02
 2.45665000e+00,        +1.414213562373e-01,        +2.345677156824e-01,        -5.298401025792e-02
 2.45667500e+00,        +1.414213562373e-01,        +2.345658407775e-01,        -5.298456965169e-02
 2.45670000e+00,        +1.414213562373e-01,        +2.345639672512e-01,        -5.298512866888e-02
 2.45672500e+00,        +1.414213562373e-01,        +2.345620950975e-01,        -5.298568731132e-02
 2.45675000e+00,        +1.414213562373e-01,        +2.345602243106e-01,        -5.298624558079e-02
 2.45677500e+00,        +1.414213562373e-01,        +2.345583548844e-01,        -5.298680347906e-02
 2.45680000e+00,        +1.414213562373e-01,        +2.345564868130e-01,        -5.298736100792e-02
 2.45682500e+00,        +1.414213562373e-01,        +2.345546200906e-01,        -5.298791816912e-02
 2.45685000e+00,        +1.414213562373e-01,        +2.345527547113e-01,        -5.298847496440e-02
 2.45687500e+00,        +1.414213562373e-01,        +2.345508906692e-01,        -5.298903139551e-02
 2.45690000e+00,        +1.414213562373e-01,        +2.345490279588e-01,        -5.298958746417e-02
 2.45692500e+00,        +1.414213562373e-01,        +2.345471665740e-01,        -5.299014317208e-02
 2.45695000e+00,        +1.414213562373e-01,        +2.345453065094e-01,        -5.299069852096e-02
 2.45697500e+00,        +1.414213562373e-01,        +2.345434477590e-01,        -5.299125351249e-02
 2.45700000e+00,        +1.414213562373e-01,        +2.345415903174e-01,        -5.299180814835e-02
 2.45702500e+00,        +1.414213562373e-01,        +2.345397341789e-01,        -5.299236243022e-02
 2.45705000e+00,        +1.414213562373e-01,        +2.345378793379e-01,        -5.299291635975e-02
 2.45707500e+00,        +1.414213562373e-01,        +2.345360257888e-01,        -5.299346993860e-02
 2.45710000e+00,        +1.414213562373e-01,        +2.345341735261e-01,        -5.299402316839e-02
 2.45712500e+00,        +1.414213562373e-01,        +2.345323225443e-01,        -5.299457605076e-02
 2.45715000e+00,        +1.414213562373e-01,        +2.345304728378e-01,        -5.299512858732e-02
 2.45717500e+00,        +1.414213562373e-01,        +2.345286244014e-01,        -5.299568077968e-02
 2.45720000e+00,        +1.414213562373e-01,        +2.345267772295e-01,        -5.299623262944e-02
 2.45722500e+00,        +1.414213562373e-01,        +2.345249313167e-01,        -5.299678413818e-02
 2.45725000e+00,        +1.414213562373e-01,        +2.345230866578e-01,        -5.299733530747e-02
 2.45727500e+00,        +1.414213562373e-01,        +2.345212432473e-01,        -5.299788613890e-02
 2.45730000e+00,        +1.414213562373e-01,        +2.345194010800e-01,        -5.299843663400e-02
 2.45732500e+00,        +1.414213562373e-01,        +2.345175601506e-01,        -5.299898679433e-02
 2.45735000e+00,        +1.414213562373e-01,        +2.345157204538e-01,        -5.299953662143e-02
 2.45737500e+00,        +1.414213562373e-01,        +2.345138819844e-01,        -5.300008611681e-02
 2.45740000e+00,        +1.414213562373e-01,        +2.345120447373e-01,        -5.300063528201e-02
 2.45742500e+00,        +1.414213562373e-01,        +2.345102087073e-01,        -5.300118411852e-02
 2.45745000e+00,        +1.414213562373e-01,        +2.345083738892e-01,        -5.300173262785e-02
 2.45747500e+00,        +1.414213562373e-01,        +2.345065402780e-01,        -5.300228081148e-02
 2.45750000e+00,        +1.414213562373e-01,        +2.345047078685e-01,        -5.300282867090e-02
 2.45752500e+00,        +1.414213562373e-01,        +2.345028766557e-01,        -5.300337620757e-02
 2.45755000e+00,        +1.414213562373e-01,        +2.345010466346e-01,        -5.300392342296e-02
 2.45757500e+00,        +1.414213562373e-01,        +2.344992178002e-01,        -5.300447031852e-02
 2.45760000e+00,        +1.414213562373e-01,        +2.344973901474e-01,        -5.300501689568e-02
 2.45762500e+00,        +1.414213562373e-01,        +2.344955636714e-01,        -5.300556315590e-02
 2.45765000e+00,        +1.414213562373e-01,        +2.344937383672e-01,        -5.300610910058e-02
 2.45767500e+00,        +1.414213562373e-01,        +2.344919142300e-01,        -5.300665473115e-02
 2.45770000e+00,        +1.414213562373e-01,        +2.344900912548e-01,        -5.300720004902e-02
 2.45772500e+00,        +1.414213562373e-01,        +2.344882694368e-01,        -5.300774505558e-02
 2.45775000e+00,        +1.414213562373e-01,        +2.344864487712e-01,        -5.300828975223e-02
 2.45777500e+00,        +1.414213562373e-01,        +2.344846292532e-01,        -5.300883414035e-02
 2.45780000e+00,        +1.414213562373e-01,        +2.344828108780e-01,        -5.300937822130e-02
 2.45782500e+00,        +1.414213562373e-01,        +2.344809936409e-01,        -5.300992199646e-02
 2.45785000e+00,        +1.414213562373e-01,        +2.344791775372e-01,        -5.301046546718e-02
 2.45787500e+00,        +1.414213562373e-01,        +2.344773625621e-01,        -5.301100863481e-02
 2.45790000e+00,        +1.414213562373e-01,        +2.344755487109e-01,        -5.301155150069e-02
 2.45792500e+00,        +1.414213562373e-01,        +2.344737359792e-01,        -5.301209406616e-02
 2.45795000e+00,        +1.414213562373e-01,        +2.344719243621e-01,        -5.301263633253e-02
 2.45797500e+00,        +1.414213562373e-01,        +2.344701138551e-01,        -5.301317830112e-02
 2.45800000e+00,        +1.414213562373e-01,        +2.344683044537e-01,        -5.301371997324e-02
 2.45802500e+00,        +1.414213562373e-01,        +2.344664961533e-01,        -5.301426135018e-02
 2.45805000e+00,        +1.414213562373e-01,        +2.344646889493e-01,        -5.301480243325e-02
 2.45807500e+00,        +1.414213562373e-01,        +2.344628828372e-01,        -5.301534322372e-02
 2.45810000e+00,        +1.414213562373e-01,        +2.344610778126e-01,        -5.301588372287e-02
 2.45812500e+00,        +1.414213562373e-01,        +2.344592738710e-01,        -5.301642393197e-02
 2.45815000e+00,        +1.414213562373e-01,        +2.344574710079e-01,        -5.301696385228e-02
 2.45817500e+00,        +1.414213562373e-01,        +2.344556692190e-01,        -5.301750348506e-02
 2.45820000e+00,        +1.414213562373e-01,        +2.344538684999e-01,        -5.301804283154e-02
 2.45822500e+00,        +1.414213562373e-01,        +2.344520688461e-01,        -5.301858189297e-02
 2.45825000e+00,        +1.414213562373e-01,        +2.344502702533e-01,        -5.301912067057e-02
 2.45827500e+00,        +1.414213562373e-01,        +2.344484727173e-01,        -5.301965916558e-02
 2.45830000e+00,        +1.414213562373e-01,        +2.344466762336e-01,        -5.302019737920e-02
 2.45832500e+00,        +1.414213562373e-01,        +2.344448807980e-01,        -5.302073531265e-02
 2.45835000e+00,        +1.414213562373e-01,        +2.344430864063e-01,        -5.302127296712e-02
 2.45837500e+00,        +1.414213562373e-01,        +2.344412930542e-01,        -5.302181034382e-02
 2.45840000e+00,        +1.414213562373e-01,        +2.344395007375e-01,        -5.302234744392e-02
 2.45842500e+00,        +1.414213562373e-01,        +2.344377094520e-01,        -5.302288426862e-02
 2.45845000e+00,        +1.414213562373e-01,        +2.344359191936e-01,        -5.302342081907e-02
 2.45847500e+00,        +1.414213562373e-01,        +2.344341299579e-01,        -5.302395709646e-02
 2.45850000e+00,        +1.414213562373e-01,        +2.344323417410e-01,        -5.302449310193e-02
 2.45852500e+00,        +1.414213562373e-01,        +2.344305545388e-01,        -5.302502883664e-02
 2.45855000e+00,        +1.414213562373e-01,        +2.344287683470e-01,        -5.302556430173e-02
 2.45857500e+00,        +1.414213562373e-01,        +2.344269831617e-01,        -5.302609949835e-02
 2.45860000e+00,        +1.414213562373e-01,        +2.344251989788e-01,        -5.302663442763e-02
 2.45862500e+00,        +1.414213562373e-01,        +2.344234157942e-01,        -5.302716909069e-02
 2.45865000e+00,        +1.414213562373e-01,        +2.344216336040e-01,        -5.302770348865e-02
 2.45867500e+00,        +1.414213562373e-01,        +2.344198524042e-01,        -5.302823762262e-02
 2.45870000e+00,        +1.414213562373e-01,        +2.344180721908e-01,        -5.302877149371e-02
 2.45872500e+00,        +1.414213562373e-01,        +2.344162929597e-01,        -5.302930510302e-02
 2.45875000e+00,        +1.414213562373e-01,        +2.344145147072e-01,        -5.302983845164e-02
 2.45877500e+00,        +1.414213562373e-01,        +2.344127374293e-01,        -5.303037154066e-02
 2.45880000e+00,        +1.414213562373e-01,        +2.344109611221e-01,        -5.303090437115e-02
 2.45882500e+00,        +1.414213562373e-01,        +2.344091857816e-01,        -5.303143694420e-02
 2.45885000e+00,        +1.414213562373e-01,        +2.344074114042e-01,        -5.303196926086e-02
 2.45887500e+00,        +1.414213562373e-01,        +2.344056379859e-01,        -5.303250132221e-02
 2.45890000e+00,        +1.414213562373e-01,        +2.344038655228e-01,        -5.303303312929e-02
 2.45892500e+00,        +1.414213562373e-01,        +2.344020940113e-01,        -5.303356468315e-02
 2.45895000e+00,        +1.414213562373e-01,        +2.344003234475e-01,        -5.303409598485e-02
 2.45897500e+00,        +1.414213562373e-01,        +2.343985538277e-01,        -5.303462703540e-02
 2.45900000e+00,        +1.414213562373e-01,        +2.343967851481e-01,        -5.303515783586e-02
 2.45902500e+00,        +1.414213562373e-01,        +2.343950174049e-01,        -5.303568838723e-02
 2.45905000e+00,        +1.414213562373e-01,        +2.343932505946e-01,        -5.303621869054e-02
 2.45907500e+00,        +1.414213562373e-01,        +2.343914847134e-01,        -5.303674874681e-02
 2.45910000e+00,        +1.414213562373e-01,        +2.343897197575e-01,        -5.303727855704e-02
 2.45912500e+00,        +1.414213562373e-01,        +2.343879557235e-01,        -5.303780812223e-02
 2.45915000e+00,        +1.414213562373e-01,        +2.343861926076e-01,        -5.303833744337e-02
 2.45917500e+00,        +1.414213562373e-01,        +2.343844304062e-01,        -5.303886652147e-02
 2.45920000e+00,        +1.414213562373e-01,        +2.343826691157e-01,        -5.303939535750e-02
 2.45922500e+00,        +1.414213562373e-01,        +2.343809087325e-01,        -5.303992395244e-02
 2.45925000e+00,        +1.414213562373e-01,        +2.343791492531e-01,        -5.304045230726e-02
 2.45927500e+00,        +1.414213562373e-01,        +2.343773906740e-01,        -5.304098042294e-02
 2.45930000e+00,        +1.414213562373e-01,        +2.343756329915e-01,        -5.304150830044e-02
 2.45932500e+00,        +1.414213562373e-01,        +2.343738762021e-01,        -5.304203594070e-02
 2.45935000e+00,        +1.414213562373e-01,        +2.343721203025e-01,        -5.304256334469e-02
 2.45937500e+00,        +1.414213562373e-01,        +2.343703652890e-01,        -5.304309051335e-02
 2.45940000e+00,        +1.414213562373e-01,        +2.343686111583e-01,        -5.304361744762e-02
 2.45942500e+00,        +1.414213562373e-01,        +2.343668579069e-01,        -5.304414414844e-02
 2.45945000e+00,        +1.414213562373e-01,        +2.343651055312e-01,        -5.304467061673e-02
 2.45947500e+00,        +1.414213562373e-01,        +2.343633540281e-01,        -5.304519685342e-02
 2.45950000e+00,        +1.414213562373e-01,        +2.343616033939e-01,        -5.304572285944e-02
 2.45952500e+00,        +1.414213562373e-01,        +2.343598536254e-01,        -5.304624863568e-02
 2.45955000e+00,        +1.414213562373e-01,        +2.343581047192e-01,        -5.304677418308e-02
 2.45957500e+00,        +1.414213562373e-01,        +2.343563566719e-01,        -5.304729950252e-02
 2.45960000e+00,        +1.414213562373e-01,        +2.343546094802e-01,        -5.304782459490e-02
 2.45962500e+00,        +1.414213562373e-01,        +2.343528631408e-01,        -5.304834946113e-02
 2.45965000e+00,        +1.414213562373e-01,        +2.343511176504e-01,        -5.304887410209e-02
 2.45967500e+00,        +1.414213562373e-01,        +2.343493730057e-01,        -5.304939851867e-02
 2.45970000e+00,        +1.414213562373e-01,        +2.343476292034e-01,        -5.304992271174e-02
 2.45972500e+00,        +1.414213562373e-01,        +2.343458862402e-01,        -5.305044668217e-02
 2.45975000e+00,        +1.414213562373e-01,        +2.343441441130e-01,        -5.305097043085e-02
 2.45977500e+00,        +1.414213562373e-01,        +2.343424028184e-01,        -5.305149395863e-02
 2.45980000e+00,        +1.414213562373e-01,        +2.343406623534e-01,        -5.305201726637e-02
 2.45982500e+00,        +1.414213562373e-01,        +2.343389227146e-01,        -5.305254035493e-02
 2.45985000e+00,        +1.414213562373e-01,        +2.343371838990e-01,        -5.305306322515e-02
 2.45987500e+00,        +1.414213562373e-01,        +2.343354459032e-01,        -5.305358587789e-02
 2.45990000e+00,        +1.414213562373e-01,        +2.343337087243e-01,        -5.305410831398e-02
 2.45992500e+00,        +1.414213562373e-01,        +2.343319723591e-01,        -5.305463053427e-02
 2.45995000e+00,        +1.414213562373e-01,        +2.343302368043e-01,        -5.305515253957e-02
 2.45997500e+00,        +1.414213562373e-01,        +2.343285020570e-01,        -5.305567433073e-02
 2.46000000e+00,        +1.414213562373e-01,        +2.343267681140e-01,        -5.305619590856e-02
 2.46002500e+00,        +1.414213562373e-01,        +2.343250349723e-01,        -5.305671727387e-02
 2.46005000e+00,        +1.414213562373e-01,        +2.343233026288e-01,        -5.305723842750e-02
 2.46007500e+00,        +1.414213562373e-01,        +2.343215710804e-01,        -5.305775937023e-02
 2.46010000e+00,        +1.414213562373e-01,        +2.343198403242e-01,        -5.305828010288e-02
 2.46012500e+00,        +1.414213562373e-01,        +2.343181103570e-01,        -5.305880062625e-02
 2.46015000e+00,        +1.414213562373e-01,        +2.343163811759e-01,        -5.305932094114e-02
 2.46017500e+00,        +1.414213562373e-01,        +2.343146527779e-01,        -5.305984104833e-02
 2.46020000e+00,        +1.414213562373e-01,        +2.343129251599e-01,        -5.306036094861e-02
 2.46022500e+00,        +1.414213562373e-01,        +2.343111983192e-01,        -5.306088064277e-02
 2.46025000e+00,        +1.414213562373e-01,        +2.343094722526e-01,        -5.306140013159e-02
 2.46027500e+00,        +1.414213562373e-01,        +2.343077469573e-01,        -5.306191941583e-02
 2.46030000e+00,        +1.414213562373e-01,        +2.343060224303e-01,        -5.306243849627e-02
 2.46032500e+00,        +1.414213562373e-01,        +2.343042986687e-01,        -5.306295737368e-02
 2.46035000e+00,        +1.414213562373e-01,        +2.343025756696e-01,        -5.306347604882e-02
 2.46037500e+00,        +1.414213562373e-01,        +2.343008534302e-01,        -5.306399452244e-02
 2.46040000e+00,        +1.414213562373e-01,        +2.342991319475e-01,        -5.306451279530e-02
 2.46042500e+00,        +1.414213562373e-01,        +2.342974112187e-01,        -5.306503086815e-02
 2.46045000e+00,        +1.414213562373e-01,        +2.342956912410e-01,        -5.306554874174e-02
 2.46047500e+00,        +1.414213562373e-01,        +2.342939720115e-01,        -5.306606641681e-02
 2.46050000e+00,        +1.414213562373e-01,        +2.342922535274e-01,        -5.306658389408e-02
 2.46052500e+00,        +1.414213562373e-01,        +2.342905357858e-01,        -5.306710117431e-02
 2.46055000e+00,        +1.414213562373e-01,        +2.342888187841e-01,        -5.306761825822e-02
 2.46057500e+00,        +1.414213562373e-01,        +2.342871025194e-01,        -5.306813514653e-02
 2.46060000e+00,        +1.414213562373e-01,        +2.342853869890e-01,        -5.306865183997e-02
 2.46062500e+00,        +1.414213562373e-01,        +2.342836721900e-01,        -5.306916833925e-02
 2.46065000e+00,        +1.414213562373e-01,        +2.342819581198e-01,        -5.306968464509e-02
 2.46067500e+00,        +1.414213562373e-01,        +2.342802447756e-01,        -5.307020075820e-02
 2.46070000e+00,        +1.414213562373e-01,        +2.342785321548e-01,        -5.307071667929e-02
 2.46072500e+00,        +1.414213562373e-01,        +2.342768202545e-01,        -5.307123240906e-02
 2.46075000e+00,        +1.414213562373e-01,        +2.342751090721e-01,        -5.307174794821e-02
 2.46077500e+00,        +1.414213562373e-01,        +2.342733986049e-01,        -5.307226329744e-02
 2.46080000e+00,        +1.414213562373e-01,        +2.342716888502e-01,        -5.307277845743e-02
 2.46082500e+00,        +1.414213562373e-01,        +2.342699798055e-01,        -5.307329342887e-02
 2.46085000e+00,        +1.414213562373e-01,        +2.342682714679e-01,        -5.307380821246e-02
 2.46087500e+00,        +1.414213562373e-01,        +2.342665638350e-01,        -5.307432280887e-02
 2.46090000e+00,        +1.414213562373e-01,        +2.342648569041e-01,        -5.307483721877e-02
 2.46092500e+00,        +1.414213562373e-01,        +2.342631506725e-01,        -5.307535144285e-02
 2.46095000e+00,        +1.414213562373e-01,        +2.342614451377e-01,        -5.307586548178e-02
 2.46097500e+00,        +1.414213562373e-01,        +2.342597402970e-01,        -5.307637933621e-02
 2.46100000e+00,        +1.414213562373e-01,        +2.342580361480e-01,        -5.307689300682e-02
 2.46102500e+00,        +1.414213562373e-01,        +2.342563326880e-01,        -5.307740649425e-02
 2.46105000e+00,        +1.414213562373e-01,        +2.342546299145e-01,        -5.307791979918e-02
 2.46107500e+00,        +1.414213562373e-01,        +2.342529278249e-01,        -5.307843292226e-02
 2.46110000e+00,        +1.414213562373e-01,        +2.342512264168e-01,        -5.307894586412e-02
 2.46112500e+00,        +1.414213562373e-01,        +2.342495256875e-01,        -5.307945862543e-02
 2.46115000e+00,        +1.414213562373e-01,        +2.342478256346e-01,        -5.307997120681e-02
 2.46117500e+00,        +1.414213562373e-01,        +2.342461262556e-01,        -5.308048360892e-02
 2.46120000e+00,        +1.414213562373e-01,        +2.342444275479e-01,        -5.308099583238e-02
 2.46122500e+00,        +1.414213562373e-01,        +2.342427295092e-01,        -5.308150787784e-02
 2.46125000e+00,        +1.414213562373e-01,        +2.342410321370e-01,        -5.308201974591e-02
 2.46127500e+00,        +1.414213562373e-01,        +2.342393354287e-01,        -5.308253143724e-02
 2.46130000e+00,        +1.414213562373e-01,        +2.342376393820e-01,        -5.308304295243e-02
 2.46132500e+00,        +1.414213562373e-01,        +2.342359439945e-01,        -5.308355429211e-02
 2.46135000e+00,        +1.414213562373e-01,        +2.342342492636e-01,        -5.308406545689e-02
 2.46137500e+00,        +1.414213562373e-01,        +2.342325551870e-01,        -5.308457644740e-02
 2.46140000e+00,        +1.414213562373e-01,        +2.342308617623e-01,        -5.308508726424e-02
 2.46142500e+00,        +1.414213562373e-01,        +2.342291689871e-01,        -5.308559790801e-02
 2.46145000e+00,        +1.414213562373e-01,        +2.342274768590e-01,        -5.308610837933e-02
 2.46147500e+00,        +1.414213562373e-01,        +2.342257853756e-01,        -5.308661867879e-02
 2.46150000e+00,        +1.414213562373e-01,        +2.342240945347e-01,        -5.308712880699e-02
 2.46152500e+00,        +1.414213562373e-01,        +2.342224043338e-01,        -5.308763876453e-02
 2.46155000e+00,        +1.414213562373e-01,        +2.342207147706e-01,        -5.308814855199e-02
 2.46157500e+00,        +1.414213562373e-01,        +2.342190258427e-01,        -5.308865816997e-02
 2.46160000e+00,        +1.414213562373e-01,        +2.342173375479e-01,        -5.308916761905e-02
 2.46162500e+00,        +1.414213562373e-01,        +2.342156498839e-01,        -5.308967689982e-02
 2.46165000e+00,        +1.414213562373e-01,        +2.342139628482e-01,        -5.309018601285e-02
 2.46167500e+00,        +1.414213562373e-01,        +2.342122764388e-01,        -5.309069495873e-02
 2.46170000e+00,        +1.414213562373e-01,        +2.342105906532e-01,        -5.309120373802e-02
 2.46172500e+00,        +1.414213562373e-01,        +2.342089054892e-01,        -5.309171235129e-02
 2.46175000e+00,        +1.414213562373e-01,        +2.342072209446e-01,        -5.309222079913e-02
 2.46177500e+00,        +1.414213562373e-01,        +2.342055370171e-01,        -5.309272908208e-02
 2.46180000e+00,        +1.414213562373e-01,        +2.342038537044e-01,        -5.309323720072e-02
 2.46182500e+00,        +1.414213562373e-01,        +2.342021710043e-01,        -5.309374515559e-02
 2.46185000e+00,        +1.414213562373e-01,        +2.342004889147e-01,        -5.309425294727e-02
 2.46187500e+00,        +1.414213562373e-01,        +2.341988074332e-01,        -5.309476057631e-02
 2.46190000e+00,        +1.414213562373e-01,        +2.341971265578e-01,        -5.309526804324e-02
 2.46192500e+00,        +1.414213562373e-01,        +2.341954462861e-01,        -5.309577534863e-02
 2.46195000e+00,        +1.414213562373e-01,        +2.341937666161e-01,        -5.309628249302e-02
 2.46197500e+00,        +1.414213562373e-01,        +2.341920875455e-01,        -5.309678947695e-02
 2.46200000e+00,        +1.414213562373e-01,        +2.341904090722e-01,        -5.309729630097e-02
 2.46202500e+00,        +1.414213562373e-01,        +2.341887311940e-01,        -5.309780296560e-02
 2.46205000e+00,        +1.414213562373e-01,        +2.341870539087e-01,        -5.309830947139e-02
 2.46207500e+00,        +1.414213562373e-01,        +2.341853772143e-01,        -5.309881581886e-02
 2.46210000e+00,        +1.414213562373e-01,        +2.341837011087e-01,        -5.309932200856e-02
 2.46212500e+00,        +1.414213562373e-01,        +2.341820255896e-01,        -5.309982804099e-02
 2.46215000e+00,        +1.414213562373e-01,        +2.341803506550e-01,        -5.310033391669e-02
 2.46217500e+00,        +1.414213562373e-01,        +2.341786763027e-01,        -5.310083963618e-02
 2.46220000e+00,        +1.414213562373e-01,        +2.341770025308e-01,        -5.310134519998e-02
 2.46222500e+00,        +1.414213562373e-01,        +2.341753293370e-01,        -5.310185060861e-02
 2.46225000e+00,        +1.414213562373e-01,        +2.341736567194e-01,        -5.310235586257e-02
 2.46227500e+00,        +1.414213562373e-01,        +2.341719846759e-01,        -5.310286096238e-02
 2.46230000e+00,        +1.414213562373e-01,        +2.341703132043e-01,        -5.310336590855e-02
 2.46232500e+00,        +1.414213562373e-01,        +2.341686423027e-01,        -5.310387070159e-02
 2.46235000e+00,        +1.414213562373e-01,        +2.341669719690e-01,        -5.310437534200e-02
 2.46237500e+00,        +1.414213562373e-01,        +2.341653022012e-01,        -5.310487983027e-02
 2.46240000e+00,        +1.414213562373e-01,        +2.341636329973e-01,        -5.310538416692e-02
 2.46242500e+00,        +1.414213562373e-01,        +2.341619643552e-01,        -5.310588835243e-02
 2.46245000e+00,        +1.414213562373e-01,        +2.341602962730e-01,        -5.310639238731e-02
 2.46247500e+00,        +1.414213562373e-01,        +2.341586287485e-01,        -5.310689627203e-02
 2.46250000e+00,        +1.414213562373e-01,        +2.341569617800e-01,        -5.310740000709e-02
 2.46252500e+00,        +1.414213562373e-01,        +2.341552953653e-01,        -5.310790359298e-02
 2.46255000e+00,        +1.414213562373e-01,        +2.341536295025e-01,        -5.310840703019e-02
 2.46257500e+00,        +1.414213562373e-01,        +2.341519641896e-01,        -5.310891031919e-02
 2.46260000e+00,        +1.414213562373e-01,        +2.341502994247e-01,        -5.310941346046e-02
 2.46262500e+00,        +1.414213562373e-01,        +2.341486352058e-01,        -5.310991645448e-02
 2.46265000e+00,        +1.414213562373e-01,        +2.341469715311e-01,        -5.311041930173e-02
 2.46267500e+00,        +1.414213562373e-01,        +2.341453083984e-01,        -5.311092200267e-02
 2.46270000e+00,        +1.414213562373e-01,        +2.341436458060e-01,        -5.311142455779e-02
 2.46272500e+00,        +1.414213562373e-01,        +2.341419837519e-01,        -5.311192696754e-02
 2.46275000e+00,        +1.414213562373e-01,        +2.341403222342e-01,        -5.311242923240e-02
 2.46277500e+00,        +1.414213562373e-01,        +2.341386612510e-01,        -5.311293135282e-02
 2.46280000e+00,        +1.414213562373e-01,        +2.341370008004e-01,        -5.311343332927e-02
 2.46282500e+00,        +1.414213562373e-01,        +2.341353408805e-01,        -5.311393516221e-02
 2.46285000e+00,        +1.414213562373e-01,        +2.341336814895e-01,        -5.311443685209e-02
 2.46287500e+00,        +1.414213562373e-01,        +2.341320226255e-01,        -5.311493839937e-02
 2.46290000e+00,        +1.414213562373e-01,        +2.341303642865e-01,        -5.311543980450e-02
 2.46292500e+00,        +1.414213562373e-01,        +2.341287064708e-01,        -5.311594106794e-02
 2.46295000e+00,        +1.414213562373e-01,        +2.341270491765e-01,        -5.311644219012e-02
 2.46297500e+00,        +1.414213562373e-01,        +2.341253924018e-01,        -5.311694317150e-02
 2.46300000e+00,        +1.414213562373e-01,        +2.341237361449e-01,        -5.311744401252e-02
 2.46302500e+00,        +1.414213562373e-01,        +2.341220804038e-01,        -5.311794471362e-02
 2.46305000e+00,        +1.414213562373e-01,        +2.341204251768e-01,        -5.311844527524e-02
 2.46307500e+00,        +1.414213562373e-01,        +2.341187704621e-01,        -5.311894569782e-02
 2.46310000e+00,        +1.414213562373e-01,        +2.341171162579e-01,        -5.311944598179e-02
 2.46312500e+00,        +1.414213562373e-01,        +2.341154625624e-01,        -5.311994612759e-02
 2.46315000e+00,        +1.414213562373e-01,        +2.341138093738e-01,        -5.312044613565e-02
 2.46317500e+00,        +1.414213562373e-01,        +2.341121566903e-01,        -5.312094600640e-02
 2.46320000e+00,        +1.414213562373e-01,        +2.341105045101e-01,        -5.312144574026e-02
 2.46322500e+00,        +1.414213562373e-01,        +2.341088528316e-01,        -5.312194533767e-02
 2.46325000e+00,        +1.414213562373e-01,        +2.341072016528e-01,        -5.312244479903e-02
 2.46327500e+00,        +1.414213562373e-01,        +2.341055509721e-01,        -5.312294412478e-02
 2.46330000e+00,        +1.414213562373e-01,        +2.341039007877e-01,        -5.312344331534e-02
 2.46332500e+00,        +1.414213562373e-01,        +2.341022510979e-01,        -5.312394237111e-02
 2.46335000e+00,        +1.414213562373e-01,        +2.341006019010e-01,        -5.312444129253e-02
 2.46337500e+00,        +1.414213562373e-01,        +2.340989531952e-01,        -5.312494007999e-02
 2.46340000e+00,        +1.414213562373e-01,        +2.340973049788e-01,        -5.312543873391e-02
 2.46342500e+00,        +1.414213562373e-01,        +2.340956572501e-01,        -5.312593725470e-02
 2.46345000e+00,        +1.414213562373e-01,        +2.340940100074e-01,        -5.312643564277e-02
 2.46347500e+00,        +1.414213562373e-01,        +2.340923632489e-01,        -5.312693389852e-02
 2.46350000e+00,        +1.414213562373e-01,        +2.340907169731e-01,        -5.312743202235e-02
 2.46352500e+00,        +1.414213562373e-01,        +2.340890711783e-01,        -5.312793001468e-02
 2.46355000e+00,        +1.414213562373e-01,        +2.340874258626e-01,        -5.312842787589e-02
 2.46357500e+00,        +1.414213562373e-01,        +2.340857810246e-01,        -5.312892560639e-02
 2.46360000e+00,        +1.414213562373e-01,        +2.340841366624e-01,        -5.312942320657e-02
 2.46362500e+00,        +1.414213562373e-01,        +2.340824927746e-01,        -5.312992067683e-02
 2.46365000e+00,        +1.414213562373e-01,        +2.340808493593e-01,        -5.313041801755e-02
 2.46367500e+00,        +1.414213562373e-01,        +2.340792064150e-01,        -5.313091522914e-02
 2.46370000e+00,        +1.414213562373e-01,        +2.340775639400e-01,        -5.313141231197e-02
 2.46372500e+00,        +1.414213562373e-01,        +2.340759219327e-01,        -5.313190926644e-02
 2.46375000e+00,        +1.414213562373e-01,        +2.340742803915e-01,        -5.313240609292e-02
 2.46377500e+00,        +1.414213562373e-01,        +2.340726393148e-01,        -5.313290279181e-02
 2.46380000e+00,        +1.414213562373e-01,        +2.340709987009e-01,        -5.313339936349e-02
 2.46382500e+00,        +1.414213562373e-01,        +2.340693585482e-01,        -5.313389580832e-02
 2.46385000e+00,        +1.414213562373e-01,        +2.340677188552e-01,        -5.313439212670e-02
 2.46387500e+00,        +1.414213562373e-01,        +2.340660796202e-01,        -5.313488831900e-02
 2.46390000e+00,        +1.414213562373e-01,        +2.340644408416e-01,        -5.313538438559e-02
 2.46392500e+00,        +1.414213562373e-01,        +2.340628025180e-01,        -5.313588032685e-02
 2.46395000e+00,        +1.414213562373e-01,        +2.340611646477e-01,        -5.313637614315e-02
 2.46397500e+00,        +1.414213562373e-01,        +2.340595272291e-01,        -5.313687183485e-02
 2.46400000e+00,        +1.414213562373e-01,        +2.340578902606e-01,        -5.313736740232e-02
 2.46402500e+00,        +1.414213562373e-01,        +2.340562537408e-01,        -5.313786284594e-02
 2.46405000e+00,        +1.414213562373e-01,        +2.340546176681e-01,        -5.313835816606e-02
 2.46407500e+00,        +1.414213562373e-01,        +2.340529820409e-01,        -5.313885336305e-02
 2.46410000e+00,        +1.414213562373e-01,        +2.340513468577e-01,        -5.313934843726e-02
 2.46412500e+00,        +1.414213562373e-01,        +2.340497121170e-01,        -5.313984338906e-02
 2.46415000e+00,        +1.414213562373e-01,        +2.340480778172e-01,        -5.314033821881e-02
 2.46417500e+00,        +1.414213562373e-01,        +2.340464439568e-01,        -5.314083292685e-02
 2.46420000e+00,        +1.414213562373e-01,        +2.340448105343e-01,        -5.314132751356e-02
 2.46422500e+00,        +1.414213562373e-01,        +2.340431775482e-01,        -5.314182197927e-02
 2.46425000e+00,        +1.414213562373e-01,        +2.340415449970e-01,        -5.314231632433e-02
 2.46427500e+00,        +1.414213562373e-01,        +2.340399128791e-01,        -5.314281054911e-02
 2.46430000e+00,        +1.414213562373e-01,        +2.340382811932e-01,        -5.314330465395e-02
 2.46432500e+00,        +1.414213562373e-01,        +2.340366499378e-01,        -5.314379863918e-02
 2.46435000e+00,        +1.414213562373e-01,        +2.340350191112e-01,        -5.314429250517e-02
 2.46437500e+00,        +1.414213562373e-01,        +2.340333887121e-01,        -5.314478625225e-02
 2.46440000e+00,        +1.414213562373e-01,        +2.340317587391e-01,        -5.314527988076e-02
 2.46442500e+00,        +1.414213562373e-01,        +2.340301291905e-01,        -5.314577339104e-02
 2.46445000e+00,        +1.414213562373e-01,        +2.340285000651e-01,        -5.314626678343e-02
 2.46447500e+00,        +1.414213562373e-01,        +2.340268713613e-01,        -5.314676005827e-02
 2.46450000e+00,        +1.414213562373e-01,        +2.340252430776e-01,        -5.314725321590e-02
 2.46452500e+00,        +1.414213562373e-01,        +2.340236152127e-01,        -5.314774625664e-02
 2.46455000e+00,        +1.414213562373e-01,        +2.340219877652e-01,        -5.314823918084e-02
 2.46457500e+00,        +1.414213562373e-01,        +2.340203607335e-01,        -5.314873198882e-02
 2.46460000e+00,        +1.414213562373e-01,        +2.340187341163e-01,        -5.314922468091e-02
 2.46462500e+00,        +1.414213562373e-01,        +2.340171079121e-01,        -5.314971725743e-02
 2.46465000e+00,        +1.414213562373e-01,        +2.340154821195e-01,        -5.315020971873e-02
 2.46467500e+00,        +1.414213562373e-01,        +2.340138567372e-01,        -5.315070206511e-02
 2.46470000e+00,        +1.414213562373e-01,        +2.340122317637e-01,        -5.315119429691e-02
 2.46472500e+00,        +1.414213562373e-01,        +2.340106071976e-01,        -5.315168641445e-02
 2.46475000e+00,        +1.414213562373e-01,        +2.340089830376e-01,        -5.315217841804e-02
 2.46477500e+00,        +1.414213562373e-01,        +2.340073592822e-01,        -5.315267030802e-02
 2.46480000e+00,        +1.414213562373e-01,        +2.340057359301e-01,        -5.315316208468e-02
 2.46482500e+00,        +1.414213562373e-01,        +2.340041129798e-01,        -5.315365374836e-02
 2.46485000e+00,        +1.414213562373e-01,        +2.340024904301e-01,        -5.315414529937e-02
 2.46487500e+00,        +1.414213562373e-01,        +2.340008682796e-01,        -5.315463673801e-02
 2.46490000e+00,        +1.414213562373e-01,        +2.339992465268e-01,        -5.315512806461e-02
 2.46492500e+00,        +1.414213562373e-01,        +2.339976251705e-01,        -5.315561927947e-02
 2.46495000e+00,        +1.414213562373e-01,        +2.339960042093e-01,        -5.315611038291e-02
 2.46497500e+00,        +1.414213562373e-01,        +2.339943836418e-01,        -5.315660137522e-02
 2.46500000e+00,        +1.414213562373e-01,        +2.339927634668e-01,        -5.315709225673e-02
 2.46502500e+00,        +1.414213562373e-01,        +2.339911436828e-01,        -5.315758302772e-02
 2.46505000e+00,        +1.414213562373e-01,        +2.339895242886e-01,        -5.315807368852e-02
 2.46507500e+00,        +1.414213562373e-01,        +2.339879052828e-01,        -5.315856423942e-02
 2.46510000e+00,        +1.414213562373e-01,        +2.339862866641e-01,        -5.315905468071e-02
 2.46512500e+00,        +1.414213562373e-01,        +2.339846684312e-01,        -5.315954501271e-02
 2.46515000e+00,        +1.414213562373e-01,        +2.339830505827e-01,        -5.316003523571e-02
 2.46517500e+00,        +1.414213562373e-01,        +2.339814331174e-01,        -5.316052535001e-02
 2.46520000e+00,        +1.414213562373e-01,        +2.339798160340e-01,        -5.316101535590e-02
 2.46522500e+00,        +1.414213562373e-01,        +2.339781993312e-01,        -5.316150525369e-02
 2.46525000e+00,        +1.414213562373e-01,        +2.339765830077e-01,        -5.316199504365e-02
 2.46527500e+00,        +1.414213562373e-01,        +2.339749670622e-01,        -5.316248472609e-02
 2.46530000e+00,        +1.414213562373e-01,        +2.339733514934e-01,        -5.316297430129e-02
 2.46532500e+00,        +1.414213562373e-01,        +2.339717363000e-01,        -5.316346376955e-02
 2.46535000e+00,        +1.414213562373e-01,        +2.339701214808e-01,        -5.316395313116e-02
 2.46537500e+00,        +1.414213562373e-01,        +2.339685070345e-01,        -5.316444238639e-02
 2.46540000e+00,        +1.414213562373e-01,        +2.339668929599e-01,        -5.316493153554e-02
 2.46542500e+00,        +1.414213562373e-01,        +2.339652792556e-01,        -5.316542057890e-02
 2.46545000e+00,        +1.414213562373e-01,        +2.339636659205e-01,        -5.316590951674e-02
 2.46547500e+00,        +1.414213562373e-01,        +2.339620529533e-01,        -5.316639834935e-02
 2.46550000e+00,        +1.414213562373e-01,        +2.339604403527e-01,        -5.316688707700e-02
 2.46552500e+00,        +1.414213562373e-01,        +2.339588281175e-01,        -5.316737569998e-02
 2.46555000e+00,        +1.414213562373e-01,        +2.339572162465e-01,        -5.316786421857e-02
 2.46557500e+00,        +1.414213562373e-01,        +2.339556047384e-01,        -5.316835263305e-02
 2.46560000e+00,        +1.414213562373e-01,        +2.339539935921e-01,        -5.316884094368e-02
 2.46562500e+00,        +1.414213562373e-01,        +2.339523828062e-01,        -5.316932915075e-02
 2.46565000e+00,        +1.414213562373e-01,        +2.339507723796e-01,        -5.316981725453e-02
 2.46567500e+00,        +1.414213562373e-01,        +2.339491623111e-01,        -5.317030525529e-02
 2.46570000e+00,        +1.414213562373e-01,        +2.339475525994e-01,        -5.317079315330e-02
 2.46572500e+00,        +1.414213562373e-01,        +2.339459432434e-01,        -5.317128094884e-02
 2.46575000e+00,        +1.414213562373e-01,        +2.339443342419e-01,        -5.317176864216e-02
 2.46577500e+00,        +1.414213562373e-01,        +2.339427255936e-01,        -5.317225623355e-02
 2.46580000e+00,        +1.414213562373e-01,        +2.339411172974e-01,        -5.317274372327e-02
 2.46582500e+00,        +1.414213562373e-01,        +2.339395093521e-01,        -5.317323111157e-02
 2.46585000e+00,        +1.414213562373e-01,        +2.339379017565e-01,        -5.317371839874e-02
 2.46587500e+00,        +1.414213562373e-01,        +2.339362945094e-01,        -5.317420558502e-02
 2.46590000e+00,        +1.414213562373e-01,        +2.339346876096e-01,        -5.317469267069e-02
 2.46592500e+00,        +1.414213562373e-01,        +2.339330810561e-01,        -5.317517965600e-02
 2.46595000e+00,        +1.414213562373e-01,        +2.339314748476e-01,        -5.317566654121e-02
 2.46597500e+00,        +1.414213562373e-01,        +2.339298689829e-01,        -5.317615332659e-02
 2.46600000e+00,        +1.414213562373e-01,        +2.339282634609e-01,        -5.317664001238e-02
 2.46602500e+00,        +1.414213562373e-01,        +2.339266582805e-01,        -5.317712659886e-02
 2.46605000e+00,        +1.414213562373e-01,        +2.339250534405e-01,        -5.317761308626e-02
 2.46607500e+00,        +1.414213562373e-01,        +2.339234489398e-01,        -5.317809947485e-02
 2.46610000e+00,        +1.414213562373e-01,        +2.339218447772e-01,        -5.317858576489e-02
 2.46612500e+00,        +1.414213562373e-01,        +2.339202409516e-01,        -5.317907195661e-02
 2.46615000e+00,        +1.414213562373e-01,        +2.339186374618e-01,        -5.317955805028e-02
 2.46617500e+00,        +1.414213562373e-01,        +2.339170343068e-01,        -5.318004404614e-02
 2.46620000e+00,        +1.414213562373e-01,        +2.339154314854e-01,        -5.318052994445e-02
 2.46622500e+00,        +1.414213562373e-01,        +2.339138289965e-01,        -5.318101574544e-02
 2.46625000e+00,        +1.414213562373e-01,        +2.339122268389e-01,        -5.318150144938e-02
 2.46627500e+00,        +1.414213562373e-01,        +2.339106250116e-01,        -5.318198705650e-02
 2.46630000e+00,        +1.414213562373e-01,        +2.339090235135e-01,        -5.318247256705e-02
 2.46632500e+00,        +1.414213562373e-01,        +2.339074223434e-01,        -5.318295798127e-02
 2.46635000e+00,        +1.414213562373e-01,        +2.339058215002e-01,        -5.318344329940e-02
 2.46637500e+00,        +1.414213562373e-01,        +2.339042209829e-01,        -5.318392852170e-02
 2.46640000e+00,        +1.414213562373e-01,        +2.339026207904e-01,        -5.318441364839e-02
 2.46642500e+00,        +1.414213562373e-01,        +2.339010209216e-01,        -5.318489867972e-02
 2.46645000e+00,        +1.414213562373e-01,        +2.338994213753e-01,        -5.318538361593e-02
 2.46647500e+00,        +1.414213562373e-01,        +2.338978221506e-01,        -5.318586845726e-02
 2.46650000e+00,        +1.414213562373e-01,        +2.338962232463e-01,        -5.318635320393e-02
 2.46652500e+00,        +1.414213562373e-01,        +2.338946246614e-01,        -5.318683785620e-02
 2.46655000e+00,        +1.414213562373e-01,        +2.338930263947e-01,        -5.318732241428e-02
 2.46657500e+00,        +1.414213562373e-01,        +2.338914284453e-01,        -5.318780687843e-02
 2.46660000e+00,        +1.414213562373e-01,        +2.338898308121e-01,        -5.318829124886e-02
 2.46662500e+00,        +1.414213562373e-01,        +2.338882334940e-01,        -5.318877552581e-02
 2.46665000e+00,        +1.414213562373e-01,        +2.338866364899e-01,        -5.318925970952e-02
 2.46667500e+00,        +1.414213562373e-01,        +2.338850397989e-01,        -5.318974380020e-02
 2.46670000e+00,        +1.414213562373e-01,        +2.338834434198e-01,        -5.319022779810e-02
 2.46672500e+00,        +1.414213562373e-01,        +2.338818473516e-01,        -5.319071170344e-02
 2.46675000e+00,        +1.414213562373e-01,        +2.338802515934e-01,        -5.319119551644e-02
 2.46677500e+00,        +1.414213562373e-01,        +2.338786561439e-01,        -5.319167923734e-02
 2.46680000e+00,        +1.414213562373e-01,        +2.338770610023e-01,        -5.319216286636e-02
 2.46682500e+00,        +1.414213562373e-01,        +2.338754661675e-01,        -5.319264640371e-02
 2.46685000e+00,        +1.414213562373e-01,        +2.338738716384e-01,        -5.319312984963e-02
 2.46687500e+00,        +1.414213562373e-01,        +2.338722774141e-01,        -5.319361320434e-02
 2.46690000e+00,        +1.414213562373e-01,        +2.338706834935e-01,        -5.319409646806e-02
 2.46692500e+00,        +1.414213562373e-01,        +2.338690898756e-01,        -5.319457964101e-02
 2.46695000e+00,        +1.414213562373e-01,        +2.338674965595e-01,        -5.319506272341e-02
 2.46697500e+00,        +1.414213562373e-01,        +2.338659035440e-01,        -5.319554571548e-02
 2.46700000e+00,        +1.414213562373e-01,        +2.338643108282e-01,        -5.319602861744e-02
 2.46702500e+00,        +1.414213562373e-01,        +2.338627184111e-01,        -5.319651142950e-02
 2.46705000e+00,        +1.414213562373e-01,        +2.338611262917e-01,        -5.319699415188e-02
 2.46707500e+00,        +1.414213562373e-01,        +2.338595344690e-01,        -5.319747678479e-02
 2.46710000e+00,        +1.414213562373e-01,        +2.338579429420e-01,        -5.319795932845e-02
 2.46712500e+00,        +1.414213562373e-01,        +2.338563517097e-01,        -5.319844178308e-02
 2.46715000e+00,        +1.414213562373e-01,        +2.338547607712e-01,        -5.319892414888e-02
 2.46717500e+00,        +1.414213562373e-01,        +2.338531701254e-01,        -5.319940642607e-02
 2.46720000e+00,        +1.414213562373e-01,        +2.338515797715e-01,        -5.319988861485e-02
 2.46722500e+00,        +1.414213562373e-01,        +2.338499897083e-01,        -5.320037071545e-02
 2.46725000e+00,        +1.414213562373e-01,        +2.338483999350e-01,        -5.320085272806e-02
 2.46727500e+00,        +1.414213562373e-01,        +2.338468104506e-01,        -5.320133465290e-02
 2.46730000e+00,        +1.414213562373e-01,        +2.338452212541e-01,        -5.320181649017e-02
 2.46732500e+00,        +1.414213562373e-01,        +2.338436323446e-01,        -5.320229824008e-02
 2.46735000e+00,        +1.414213562373e-01,        +2.338420437211e-01,        -5.320277990283e-02
 2.46737500e+00,        +1.414213562373e-01,        +2.338404553826e-01,        -5.320326147864e-02
 2.46740000e+00,        +1.414213562373e-01,        +2.338388673282e-01,        -5.320374296770e-02
 2.46742500e+00,        +1.414213562373e-01,        +2.338372795570e-01,        -5.320422437021e-02
 2.46745000e+00,        +1.414213562373e-01,        +2.338356920680e-01,        -5.320470568639e-02
 2.46747500e+00,        +1.414213562373e-01,        +2.338341048603e-01,        -5.320518691643e-02
 2.46750000e+00,        +1.414213562373e-01,        +2.338325179329e-01,        -5.320566806053e-02
 2.46752500e+00,        +1.414213562373e-01,        +2.338309312849e-01,        -5.320614911890e-02
 2.46755000e+00,        +1.414213562373e-01,        +2.338293449154e-01,        -5.320663009172e-02
 2.46757500e+00,        +1.414213562373e-01,        +2.338277588235e-01,        -5.320711097921e-02
 2.46760000e+00,        +1.414213562373e-01,        +2.338261730081e-01,        -5.320759178155e-02
 2.46762500e+00,        +1.414213562373e-01,        +2.338245874685e-01,        -5.320807249895e-02
 2.46765000e+00,        +1.414213562373e-01,        +2.338230022036e-01,        -5.320855313159e-02
 2.46767500e+00,        +1.414213562373e-01,        +2.338214172127e-01,        -5.320903367969e-02
 2.46770000e+00,        +1.414213562373e-01,        +2.338198324947e-01,        -5.320951414342e-02
 2.46772500e+00,        +1.414213562373e-01,        +2.338182480487e-01,        -5.320999452299e-02
 2.46775000e+00,        +1.414213562373e-01,        +2.338166638739e-01,        -5.321047481858e-02
 2.46777500e+00,        +1.414213562373e-01,        +2.338150799693e-01,        -5.321095503039e-02
 2.46780000e+00,        +1.414213562373e-01,        +2.338134963341e-01,        -5.321143515861e-02
 2.46782500e+00,        +1.414213562373e-01,        +2.338119129673e-01,        -5.321191520344e-02
 2.46785000e+00,        +1.414213562373e-01,        +2.338103298681e-01,        -5.321239516505e-02
 2.46787500e+00,        +1.414213562373e-01,        +2.338087470356e-01,        -5.321287504364e-02
 2.46790000e+00,        +1.414213562373e-01,        +2.338071644688e-01,        -5.321335483940e-02
 2.46792500e+00,        +1.414213562373e-01,        +2.338055821669e-01,        -5.321383455251e-02
 2.46795000e+00,        +1.414213562373e-01,        +2.338040001291e-01,        -5.321431418317e-02
 2.46797500e+00,        +1.414213562373e-01,        +2.338024183544e-01,        -5.321479373155e-02
 2.46800000e+00,        +1.414213562373e-01,        +2.338008368419e-01,        -5.321527319785e-02
 2.46802500e+00,        +1.414213562373e-01,        +2.337992555908e-01,        -5.321575258224e-02
 2.46805000e+00,        +1.414213562373e-01,        +2.337976746003e-01,        -5.321623188492e-02
 2.46807500e+00,        +1.414213562373e-01,        +2.337960938694e-01,        -5.321671110606e-02
 2.46810000e+00,        +1.414213562373e-01,        +2.337945133973e-01,        -5.321719024585e-02
 2.46812500e+00,        +1.414213562373e-01,        +2.337929331831e-01,        -5.321766930447e-02
 2.46815000e+00,        +1.414213562373e-01,        +2.337913532260e-01,        -5.321814828209e-02
 2.46817500e+00,        +1.414213562373e-01,        +2.337897735251e-01,        -5.321862717891e-02
 2.46820000e+00,        +1.414213562373e-01,        +2.337881940796e-01,        -5.321910599509e-02
 2.46822500e+00,        +1.414213562373e-01,        +2.337866148885e-01,        -5.321958473083e-02
 2.46825000e+00,        +1.414213562373e-01,        +2.337850359512e-01,        -5.322006338629e-02
 2.46827500e+00,        +1.414213562373e-01,        +2.337834572667e-01,        -5.322054196165e-02
 2.46830000e+00,        +1.414213562373e-01,        +2.337818788341e-01,        -5.322102045709e-02
 2.46832500e+00,        +1.414213562373e-01,        +2.337803006527e-01,        -5.322149887279e-02
 2.46835000e+00,        +1.414213562373e-01,        +2.337787227216e-01,        -5.322197720892e-02
 2.46837500e+00,        +1.414213562373e-01,        +2.337771450400e-01,        -5.322245546566e-02
 2.46840000e+00,        +1.414213562373e-01,        +2.337755676070e-01,        -5.322293364318e-02
 2.46842500e+00,        +1.414213562373e-01,        +2.337739904219e-01,        -5.322341174165e-02
 2.46845000e+00,        +1.414213562373e-01,        +2.337724134837e-01,        -5.322388976124e-02
 2.46847500e+00,        +1.414213562373e-01,        +2.337708367918e-01,        -5.322436770214e-02
 2.46850000e+00,        +1.414213562373e-01,        +2.337692603451e-01,        -5.322484556450e-02
 2.46852500e+00,        +1.414213562373e-01,        +2.337676841430e-01,        -5.322532334850e-02
 2.46855000e+00,        +1.414213562373e-01,        +2.337661081847e-01,        -5.322580105431e-02
 2.46857500e+00,        +1.414213562373e-01,        +2.337645324692e-01,        -5.322627868210e-02
 2.46860000e+00,        +1.414213562373e-01,        +2.337629569959e-01,        -5.322675623204e-02
 2.46862500e+00,        +1.414213562373e-01,        +2.337613817638e-01,        -5.322723370429e-02
 2.46865000e+00,        +1.414213562373e-01,        +2.337598067722e-01,        -5.322771109902e-02
 2.46867500e+00,        +1.414213562373e-01,        +2.337582320204e-01,        -5.322818841641e-02
 2.46870000e+00,        +1.414213562373e-01,        +2.337566575074e-01,        -5.322866565660e-02
 2.46872500e+00,        +1.414213562373e-01,        +2.337550832326e-01,        -5.322914281978e-02
 2.46875000e+00,        +1.414213562373e-01,        +2.337535091950e-01,        -5.322961990610e-02
 2.46877500e+00,        +1.414213562373e-01,        +2.337519353940e-01,        -5.323009691573e-02
 2.46880000e+00,        +1.414213562373e-01,        +2.337503618287e-01,        -5.323057384884e-02
 2.46882500e+00,        +1.414213562373e-01,        +2.337487884983e-01,        -5.323105070557e-02
 2.46885000e+00,        +1.414213562373e-01,        +2.337472154021e-01,        -5.323152748611e-02
 2.46887500e+00,        +1.414213562373e-01,        +2.337456425393e-01,        -5.323200419060e-02
 2.46890000e+00,        +1.414213562373e-01,        +2.337440699091e-01,        -5.323248081921e-02
 2.46892500e+00,        +1.414213562373e-01,        +2.337424975107e-01,        -5.323295737210e-02
 2.46895000e+00,        +1.414213562373e-01,        +2.337409253434e-01,        -5.323343384943e-02
 2.46897500e+00,        +1.414213562373e-01,        +2.337393534064e-01,        -5.323391025136e-02
 2.46900000e+00,        +1.414213562373e-01,        +2.337377816988e-01,        -5.323438657804e-02
 2.46902500e+00,        +1.414213562373e-01,        +2.337362102201e-01,        -5.323486282964e-02
 2.46905000e+00,        +1.414213562373e-01,        +2.337346389693e-01,        -5.323533900631e-02
 2.46907500e+00,        +1.414213562373e-01,        +2.337330679458e-01,        -5.323581510821e-02
 2.46910000e+00,        +1.414213562373e-01,        +2.337314971488e-01,        -5.323629113549e-02
 2.46912500e+00,        +1.414213562373e-01,        +2.337299265774e-01,        -5.323676708832e-02
 2.46915000e+00,        +1.414213562373e-01,        +2.337283562311e-01,        -5.323724296683e-02
 2.46917500e+00,        +1.414213562373e-01,        +2.337267861090e-01,        -5.323771877120e-02
 2.46920000e+00,        +1.414213562373e-01,        +2.337252162103e-01,        -5.323819450156e-02
 2.46922500e+00,        +1.414213562373e-01,        +2.337236465343e-01,        -5.323867015808e-02
 2.46925000e+00,        +1.414213562373e-01,        +2.337220770804e-01,        -5.323914574091e-02
 2.46927500e+00,        +1.414213562373e-01,        +2.337205078476e-01,        -5.323962125020e-02
 2.46930000e+00,        +1.414213562373e-01,        +2.337189388354e-01,        -5.324009668610e-02
 2.46932500e+00,        +1.414213562373e-01,        +2.337173700430e-01,        -5.324057204875e-02
 2.46935000e+00,        +1.414213562373e-01,        +2.337158014695e-01,        -5.324104733832e-02
 2.46937500e+00,        +1.414213562373e-01,        +2.337142331144e-01,        -5.324152255495e-02
 2.46940000e+00,        +1.414213562373e-01,        +2.337126649769e-01,        -5.324199769879e-02
 2.46942500e+00,        +1.414213562373e-01,        +2.337110970562e-01,        -5.324247276999e-02
 2.46945000e+00,        +1.414213562373e-01,        +2.337095293516e-01,        -5.324294776870e-02
 2.46947500e+00,        +1.414213562373e-01,        +2.337079618624e-01,        -5.324342269505e-02
 2.46950000e+00,        +1.414213562373e-01,        +2.337063945879e-01,        -5.324389754921e-02
 2.46952500e+00,        +1.414213562373e-01,        +2.337048275273e-01,        -5.324437233132e-02
 2.46955000e+00,        +1.414213562373e-01,        +2.337032606800e-01,        -5.324484704151e-02
 2.46957500e+00,        +1.414213562373e-01,        +2.337016940452e-01,        -5.324532167994e-02
 2.46960000e+00,        +1.414213562373e-01,        +2.337001276223e-01,        -5.324579624676e-02
 2.46962500e+00,        +1.414213562373e-01,        +2.336985614104e-01,        -5.324627074209e-02
 2.46965000e+00,        +1.414213562373e-01,        +2.336969954090e-01,        -5.324674516610e-02
 2.46967500e+00,        +1.414213562373e-01,        +2.336954296173e-01,        -5.324721951892e-02
 2.46970000e+00,        +1.414213562373e-01,        +2.336938640345e-01,        -5.324769380069e-02
 2.46972500e+00,        +1.414213562373e-01,        +2.336922986601e-01,        -5.324816801156e-02
 2.46975000e+00,        +1.414213562373e-01,        +2.336907334932e-01,        -5.324864215166e-02
 2.46977500e+00,        +1.414213562373e-01,        +2.336891685333e-01,        -5.324911622114e-02
 2.46980000e+00,        +1.414213562373e-01,        +2.336876037796e-01,        -5.324959022014e-02
 2.46982500e+00,        +1.414213562373e-01,        +2.336860392314e-01,        -5.325006414880e-02
 2.46985000e+00,        +1.414213562373e-01,        +2.336844748881e-01,        -5.325053800726e-02
 2.46987500e+00,        +1.414213562373e-01,        +2.336829107488e-01,        -5.325101179565e-02
 2.46990000e+00,        +1.414213562373e-01,        +2.336813468131e-01,        -5.325148551411e-02
 2.46992500e+00,        +1.414213562373e-01,        +2.336797830801e-01,        -5.325195916278e-02
 2.46995000e+00,        +1.414213562373e-01,        +2.336782195493e-01,        -5.325243274180e-02
 2.46997500e+00,        +1.414213562373e-01,        +2.336766562198e-01,        -5.325290625131e-02
 2.47000000e+00,        +1.414213562373e-01,        +2.336750930911e-01,        -5.325337969144e-02
 2.47002500e+00,        +1.414213562373e-01,        +2.336735301625e-01,        -5.325385306232e-02
 2.47005000e+00,        +1.414213562373e-01,        +2.336719674332e-01,        -5.325432636410e-02
 2.47007500e+00,        +1.414213562373e-01,        +2.336704049027e-01,        -5.325479959690e-02
 2.47010000e+00,        +1.414213562373e-01,        +2.336688425703e-01,        -5.325527276086e-02
 2.47012500e+00,        +1.414213562373e-01,        +2.336672804352e-01,        -5.325574585611e-02
 2.47015000e+00,        +1.414213562373e-01,        +2.336657184969e-01,        -5.325621888279e-02
 2.47017500e+00,        +1.414213562373e-01,        +2.336641567547e-01,        -5.325669184103e-02
 2.47020000e+00,        +1.414213562373e-01,        +2.336625952078e-01,        -5.325716473096e-02
 2.47022500e+00,        +1.414213562373e-01,        +2.336610338558e-01,        -5.325763755271e-02
 2.47025000e+00,        +1.414213562373e-01,        +2.336594726978e-01,        -5.325811030642e-02
 2.47027500e+00,        +1.414213562373e-01,        +2.336579117332e-01,        -5.325858299221e-02
 2.47030000e+00,        +1.414213562373e-01,        +2.336563509615e-01,        -5.325905561022e-02
 2.47032500e+00,        +1.414213562373e-01,        +2.336547903819e-01,        -5.325952816057e-02
 2.47035000e+00,        +1.414213562373e-01,        +2.336532299938e-01,        -5.326000064339e-02
 2.47037500e+00,        +1.414213562373e-01,        +2.336516697965e-01,        -5.326047305881e-02
 2.47040000e+00,        +1.414213562373e-01,        +2.336501097895e-01,        -5.326094540697e-02
 2.47042500e+00,        +1.414213562373e-01,        +2.336485499720e-01,        -5.326141768798e-02
 2.47045000e+00,        +1.414213562373e-01,        +2.336469903434e-01,        -5.326188990198e-02
 2.47047500e+00,        +1.414213562373e-01,        +2.336454309031e-01,        -5.326236204909e-02
 2.47050000e+00,        +1.414213562373e-01,        +2.336438716505e-01,        -5.326283412943e-02
 2.47052500e+00,        +1.414213562373e-01,        +2.336423125849e-01,        -5.326330614314e-02
 2.47055000e+00,        +1.414213562373e-01,        +2.336407537057e-01,        -5.326377809034e-02
 2.47057500e+00,        +1.414213562373e-01,        +2.336391950122e-01,        -5.326424997116e-02
 2.47060000e+00,        +1.414213562373e-01,        +2.336376365039e-01,        -5.326472178571e-02
 2.47062500e+00,        +1.414213562373e-01,        +2.336360781801e-01,        -5.326519353413e-02
 2.47065000e+00,        +1.414213562373e-01,        +2.336345200401e-01,        -5.326566521653e-02
 2.47067500e+00,        +1.414213562373e-01,        +2.336329620834e-01,        -5.326613683305e-02
 2.47070000e+00,        +1.414213562373e-01,        +2.336314043094e-01,        -5.326660838379e-02
 2.47072500e+00,        +1.414213562373e-01,        +2.336298467173e-01,        -5.326707986889e-02
 2.47075000e+00,        +1.414213562373e-01,        +2.336282893067e-01,        -5.326755128846e-02
 2.47077500e+00,        +1.414213562373e-01,        +2.336267320768e-01,        -5.326802264263e-02
 2.47080000e+00,        +1.414213562373e-01,        +2.336251750271e-01,        -5.326849393153e-02
 2.47082500e+00,        +1.414213562373e-01,        +2.336236181570e-01,        -5.326896515525e-02
 2.47085000e+00,        +1.414213562373e-01,        +2.336220614658e-01,        -5.326943631394e-02
 2.47087500e+00,        +1.414213562373e-01,        +2.336205049530e-01,        -5.326990740771e-02
 2.47090000e+00,        +1.414213562373e-01,        +2.336189486179e-01,        -5.327037843667e-02
 2.47092500e+00,        +1.414213562373e-01,        +2.336173924599e-01,        -5.327084940095e-02
 2.47095000e+00,        +1.414213562373e-01,        +2.336158364785e-01,        -5.327132030066e-02
 2.47097500e+00,        +1.414213562373e-01,        +2.336142806730e-01,        -5.327179113593e-02
 2.47100000e+00,        +1.414213562373e-01,        +2.336127250429e-01,        -5.327226190687e-02
 2.47102500e+00,        +1.414213562373e-01,        +2.336111695875e-01,        -5.327273261359e-02
 2.47105000e+00,        +1.414213562373e-01,        +2.336096143062e-01,        -5.327320325621e-02
 2.47107500e+00,        +1.414213562373e-01,        +2.336080591985e-01,        -5.327367383486e-02
 2.47110000e+00,        +1.414213562373e-01,        +2.336065042637e-01,        -5.327414434964e-02
 2.47112500e+00,        +1.414213562373e-01,        +2.336049495013e-01,        -5.327461480066e-02
 2.47115000e+00,        +1.414213562373e-01,        +2.336033949107e-01,        -5.327508518806e-02
 2.47117500e+00,        +1.414213562373e-01,        +2.336018404913e-01,        -5.327555551193e-02
 2.47120000e+00,        +1.414213562373e-01,        +2.336002862425e-01,        -5.327602577240e-02
 2.47122500e+00,        +1.414213562373e-01,        +2.335987321637e-01,        -5.327649596957e-02
 2.47125000e+00,        +1.414213562373e-01,        +2.335971782544e-01,        -5.327696610357e-02
 2.47127500e+00,        +1.414213562373e-01,        +2.335956245139e-01,        -5.327743617450e-02
 2.47130000e+00,        +1.414213562373e-01,        +2.335940709417e-01,        -5.327790618247e-02
 2.47132500e+00,        +1.414213562373e-01,        +2.335925175373e-01,        -5.327837612760e-02
 2.47135000e+00,        +1.414213562373e-01,        +2.335909643000e-01,        -5.327884601000e-02
 2.47137500e+00,        +1.414213562373e-01,        +2.335894112292e-01,        -5.327931582978e-02
 2.47140000e+00,        +1.414213562373e-01,        +2.335878583245e-01,        -5.327978558706e-02
 2.47142500e+00,        +1.414213562373e-01,        +2.335863055852e-01,        -5.328025528193e-02
 2.47145000e+00,        +1.414213562373e-01,        +2.335847530107e-01,        -5.328072491452e-02
 2.47147500e+00,        +1.414213562373e-01,        +2.335832006006e-01,        -5.328119448492e-02
 2.47150000e+00,        +1.414213562373e-01,        +2.335816483541e-01,        -5.328166399326e-02
 2.47152500e+00,        +1.414213562373e-01,        +2.335800962709e-01,        -5.328213343964e-02
 2.47155000e+00,        +1.414213562373e-01,        +2.335785443503e-01,        -5.328260282416e-02
 2.47157500e+00,        +1.414213562373e-01,        +2.335769925917e-01,        -5.328307214694e-02
 2.47160000e+00,        +1.414213562373e-01,        +2.335754409946e-01,        -5.328354140809e-02
 2.47162500e+00,        +1.414213562373e-01,        +2.335738895585e-01,        -5.328401060770e-02
 2.47165000e+00,        +1.414213562373e-01,        +2.335723382827e-01,        -5.328447974589e-02
 2.47167500e+00,        +1.414213562373e-01,        +2.335707871668e-01,        -5.328494882277e-02
 2.47170000e+00,        +1.414213562373e-01,        +2.335692362101e-01,        -5.328541783844e-02
 2.47172500e+00,        +1.414213562373e-01,        +2.335676854122e-01,        -5.328588679300e-02
 2.47175000e+00,        +1.414213562373e-01,        +2.335661347725e-01,        -5.328635568656e-02
 2.47177500e+00,        +1.414213562373e-01,        +2.335645842904e-01,        -5.328682451924e-02
 2.47180000e+00,        +1.414213562373e-01,        +2.335630339654e-01,        -5.328729329112e-02
 2.47182500e+00,        +1.414213562373e-01,        +2.335614837970e-01,        -5.328776200232e-02
 2.47185000e+00,        +1.414213562373e-01,        +2.335599337845e-01,        -5.328823065293e-02
 2.47187500e+00,        +1.414213562373e-01,        +2.335583839276e-01,        -5.328869924307e-02
 2.47190000e+00,        +1.414213562373e-01,        +2.335568342256e-01,        -5.328916777284e-02
 2.47192500e+00,        +1.414213562373e-01,        +2.335552846779e-01,        -5.328963624233e-02
 2.47195000e+00,        +1.414213562373e-01,        +2.335537352842e-01,        -5.329010465166e-02
 2.47197500e+00,        +1.414213562373e-01,        +2.335521860437e-01,        -5.329057300092e-02
 2.47200000e+00,        +1.414213562373e-01,        +2.335506369561e-01,        -5.329104129022e-02
 2.47202500e+00,        +1.414213562373e-01,        +2.335490880207e-01,        -5.329150951965e-02
 2.47205000e+00,        +1.414213562373e-01,        +2.335475392371e-01,        -5.329197768932e-02
 2.47207500e+00,        +1.414213562373e-01,        +2.335459906047e-01,        -5.329244579932e-02
 2.47210000e+00,        +1.414213562373e-01,        +2.335444421230e-01,        -5.329291384977e-02
 2.47212500e+00,        +1.414213562373e-01,        +2.335428937914e-01,        -5.329338184075e-02
 2.47215000e+00,        +1.414213562373e-01,        +2.335413456094e-01,        -5.329384977237e-02
 2.47217500e+00,        +1.414213562373e-01,        +2.335397975766e-01,        -5.329431764473e-02
 2.47220000e+00,        +1.414213562373e-01,        +2.335382496924e-01,        -5.329478545793e-02
 2.47222500e+00,        +1.414213562373e-01,        +2.335367019563e-01,        -5.329525321206e-02
 2.47225000e+00,        +1.414213562373e-01,        +2.335351543677e-01,        -5.329572090722e-02
 2.47227500e+00,        +1.414213562373e-01,        +2.335336069261e-01,        -5.329618854351e-02
 2.47230000e+00,        +1.414213562373e-01,        +2.335320596311e-01,        -5.329665612103e-02
 2.47232500e+00,        +1.414213562373e-01,        +2.335305124821e-01,        -5.329712363988e-02
 2.47235000e+00,        +1.414213562373e-01,        +2.335289654787e-01,        -5.329759110015e-02
 2.47237500e+00,        +1.414213562373e-01,        +2.335274186202e-01,        -5.329805850193e-02
 2.47240000e+00,        +1.414213562373e-01,        +2.335258719062e-01,        -5.329852584534e-02
 2.47242500e+00,        +1.414213562373e-01,        +2.335243253362e-01,        -5.329899313045e-02
 2.47245000e+00,        +1.414213562373e-01,        +2.335227789097e-01,        -5.329946035737e-02
 2.47247500e+00,        +1.414213562373e-01,        +2.335212326262e-01,        -5.329992752619e-02
 2.47250000e+00,        +1.414213562373e-01,        +2.335196864851e-01,        -5.330039463700e-02
 2.47252500e+00,        +1.414213562373e-01,        +2.335181404860e-01,        -5.330086168991e-02
 2.47255000e+00,        +1.414213562373e-01,        +2.335165946284e-01,        -5.330132868500e-02
 2.47257500e+00,        +1.414213562373e-01,        +2.335150489118e-01,        -5.330179562237e-02
 2.47260000e+00,        +1.414213562373e-01,        +2.335135033356e-01,        -5.330226250212e-02
 2.47262500e+00,        +1.414213562373e-01,        +2.335119578994e-01,        -5.330272932432e-02
 2.47265000e+00,        +1.414213562373e-01,        +2.335104126028e-01,        -5.330319608909e-02
 2.47267500e+00,        +1.414213562373e-01,        +2.335088674451e-01,        -5.330366279650e-02
 2.47270000e+00,        +1.414213562373e-01,        +2.335073224259e-01,        -5.330412944666e-02
 2.47272500e+00,        +1.414213562373e-01,        +2.335057775447e-01,        -5.330459603966e-02
 2.47275000e+00,        +1.414213562373e-01,        +2.335042328011e-01,        -5.330506257558e-02
 2.47277500e+00,        +1.414213562373e-01,        +2.335026881945e-01,        -5.330552905451e-02
 2.47280000e+00,        +1.414213562373e-01,        +2.335011437245e-01,        -5.330599547656e-02
 2.47282500e+00,        +1.414213562373e-01,        +2.334995993906e-01,        -5.330646184181e-02
 2.47285000e+00,        +1.414213562373e-01,        +2.334980551922e-01,        -5.330692815034e-02
 2.47287500e+00,        +1.414213562373e-01,        +2.334965111289e-01,        -5.330739440225e-02
 2.47290000e+00,        +1.414213562373e-01,        +2.334949672003e-01,        -5.330786059764e-02
 2.47292500e+00,        +1.414213562373e-01,        +2.334934234059e-01,        -5.330832673658e-02
 2.47295000e+00,        +1.414213562373e-01,        +2.334918797451e-01,        -5.330879281917e-02
 2.47297500e+00,        +1.414213562373e-01,        +2.334903362175e-01,        -5.330925884550e-02
 2.47300000e+00,        +1.414213562373e-01,        +2.334887928226e-01,        -5.330972481565e-02
 2.47302500e+00,        +1.414213562373e-01,        +2.334872495600e-01,        -5.331019072971e-02
 2.47305000e+00,        +1.414213562373e-01,        +2.334857064291e-01,        -5.331065658778e-02
 2.47307500e+00,        +1.414213562373e-01,        +2.334841634296e-01,        -5.331112238993e-02
 2.47310000e+00,        +1.414213562373e-01,        +2.334826205609e-01,        -5.331158813626e-02
 2.47312500e+00,        +1.414213562373e-01,        +2.334810778225e-01,        -5.331205382685e-02
 2.47315000e+00,        +1.414213562373e-01,        +2.334795352141e-01,        -5.331251946179e-02
 2.47317500e+00,        +1.414213562373e-01,        +2.334779927351e-01,        -5.331298504117e-02
 2.47320000e+00,        +1.414213562373e-01,        +2.334764503851e-01,        -5.331345056507e-02
 2.47322500e+00,        +1.414213562373e-01,        +2.334749081636e-01,        -5.331391603357e-02
 2.47325000e+00,        +1.414213562373e-01,        +2.334733660701e-01,        -5.331438144677e-02
 2.47327500e+00,        +1.414213562373e-01,        +2.334718241042e-01,        -5.331484680475e-02
 2.47330000e+00,        +1.414213562373e-01,        +2.334702822655e-01,        -5.331531210759e-02
 2.47332500e+00,        +1.414213562373e-01,        +2.334687405534e-01,        -5.331577735538e-02
 2.47335000e+00,        +1.414213562373e-01,        +2.334671989675e-01,        -5.331624254820e-02
 2.47337500e+00,        +1.414213562373e-01,        +2.334656575074e-01,        -5.331670768613e-02
 2.47340000e+00,        +1.414213562373e-01,        +2.334641161726e-01,        -5.331717276927e-02
 2.47342500e+00,        +1.414213562373e-01,        +2.334625749627e-01,        -5.331763779769e-02
 2.47345000e+00,        +1.414213562373e-01,        +2.334610338771e-01,        -5.331810277148e-02
 2.47347500e+00,        +1.414213562373e-01,        +2.334594929155e-01,        -5.331856769071e-02
 2.47350000e+00,        +1.414213562373e-01,        +2.334579520774e-01,        -5.331903255548e-02
 2.47352500e+00,        +1.414213562373e-01,        +2.334564113624e-01,        -5.331949736586e-02
 2.47355000e+00,        +1.414213562373e-01,        +2.334548707699e-01,        -5.331996212194e-02
 2.47357500e+00,        +1.414213562373e-01,        +2.334533302996e-01,        -5.332042682379e-02
 2.47360000e+00,        +1.414213562373e-01,        +2.334517899511e-01,        -5.332089147151e-02
 2.47362500e+00,        +1.414213562373e-01,        +2.334502497238e-01,        -5.332135606517e-02
 2.47365000e+00,        +1.414213562373e-01,        +2.334487096173e-01,        -5.332182060485e-02
 2.47367500e+00,        +1.414213562373e-01,        +2.334471696312e-01,        -5.332228509063e-02
 2.47370000e+00,        +1.414213562373e-01,        +2.334456297651e-01,        -5.332274952259e-02
 2.47372500e+00,        +1.414213562373e-01,        +2.334440900185e-01,        -5.332321390082e-02
 2.47375000e+00,        +1.414213562373e-01,        +2.334425503910e-01,        -5.332367822539e-02
 2.47377500e+00,        +1.414213562373e-01,        +2.334410108821e-01,        -5.332414249638e-02
 2.47380000e+00,        +1.414213562373e-01,        +2.334394714914e-01,        -5.332460671387e-02
 2.47382500e+00,        +1.414213562373e-01,        +2.334379322185e-01,        -5.332507087795e-02
 2.47385000e+00,        +1.414213562373e-01,        +2.334363930629e-01,        -5.332553498868e-02
 2.47387500e+00,        +1.414213562373e-01,        +2.334348540243e-01,        -5.332599904615e-02
 2.47390000e+00,        +1.414213562373e-01,        +2.334333151021e-01,        -5.332646305044e-02
 2.47392500e+00,        +1.414213562373e-01,        +2.334317762959e-01,        -5.332692700162e-02
 2.47395000e+00,        +1.414213562373e-01,        +2.334302376054e-01,        -5.332739089978e-02
 2.47397500e+00,        +1.414213562373e-01,        +2.334286990301e-01,        -5.332785474498e-02
 2.47400000e+00,        +1.414213562373e-01,        +2.334271605695e-01,        -5.332831853731e-02
 2.47402500e+00,        +1.414213562373e-01,        +2.334256222233e-01,        -5.332878227685e-02
 2.47405000e+00,        +1.414213562373e-01,        +2.334240839911e-01,        -5.332924596367e-02
 2.47407500e+00,        +1.414213562373e-01,        +2.334225458723e-01,        -5.332970959784e-02
 2.47410000e+00,        +1.414213562373e-01,        +2.334210078666e-01,        -5.333017317944e-02
 2.47412500e+00,        +1.414213562373e-01,        +2.334194699735e-01,        -5.333063670856e-02
 2.47415000e+00,        +1.414213562373e-01,        +2.334179321927e-01,        -5.333110018526e-02
 2.47417500e+00,        +1.414213562373e-01,        +2.334163945238e-01,        -5.333156360962e-02
 2.47420000e+00,        +1.414213562373e-01,        +2.334148569662e-01,        -5.333202698171e-02
 2.47422500e+00,        +1.414213562373e-01,        +2.334133195196e-01,        -5.333249030161e-02
 2.47425000e+00,        +1.414213562373e-01,        +2.334117821836e-01,        -5.333295356940e-02
 2.47427500e+00,        +1.414213562373e-01,        +2.334102449578e-01,        -5.333341678515e-02
 2.47430000e+00,        +1.414213562373e-01,        +2.334087078417e-01,        -5.333387994893e-02
 2.47432500e+00,        +1.414213562373e-01,        +2.334071708350e-01,        -5.333434306082e-02
 2.47435000e+00,        +1.414213562373e-01,        +2.334056339372e-01,        -5.333480612089e-02
 2.47437500e+00,        +1.414213562373e-01,        +2.334040971479e-01,        -5.333526912922e-02
 2.47440000e+00,        +1.414213562373e-01,        +2.334025604668e-01,        -5.333573208587e-02
 2.47442500e+00,        +1.414213562373e-01,        +2.334010238933e-01,        -5.333619499092e-02
 2.47445000e+00,        +1.414213562373e-01,        +2.333994874272e-01,        -5.333665784445e-02
 2.47447500e+00,        +1.414213562373e-01,        +2.333979510679e-01,        -5.333712064652e-02
 2.47450000e+00,        +1.414213562373e-01,        +2.333964148152e-01,        -5.333758339721e-02
 2.47452500e+00,        +1.414213562373e-01,        +2.333948786685e-01,        -5.333804609658e-02
 2.47455000e+00,        +1.414213562373e-01,        +2.333933426276e-01,        -5.333850874473e-02
 2.47457500e+00,        +1.414213562373e-01,        +2.333918066919e-01,        -5.333897134170e-02
 2.47460000e+00,        +1.414213562373e-01,        +2.333902708612e-01,        -5.333943388758e-02
 2.47462500e+00,        +1.414213562373e-01,        +2.333887351349e-01,        -5.333989638243e-02
 2.47465000e+00,        +1.414213562373e-01,        +2.333871995127e-01,        -5.334035882633e-02
 2.47467500e+00,        +1.414213562373e-01,        +2.333856639943e-01,        -5.334082121935e-02
 2.47470000e+00,        +1.414213562373e-01,        +2.333841285791e-01,        -5.334128356155e-02
 2.47472500e+00,        +1.414213562373e-01,        +2.333825932669e-01,        -5.334174585301e-02
 2.47475000e+00,        +1.414213562373e-01,        +2.333810580572e-01,        -5.334220809380e-02
 2.47477500e+00,        +1.414213562373e-01,        +2.333795229496e-01,        -5.334267028398e-02
 2.47480000e+00,        +1.414213562373e-01,        +2.333779879437e-01,        -5.334313242363e-02
 2.47482500e+00,        +1.414213562373e-01,        +2.333764530392e-01,        -5.334359451282e-02
 2.47485000e+00,        +1.414213562373e-01,        +2.333749182357e-01,        -5.334405655161e-02
 2.47487500e+00,        +1.414213562373e-01,        +2.333733835328e-01,        -5.334451854007e-02
 2.47490000e+00,        +1.414213562373e-01,        +2.333718489300e-01,        -5.334498047828e-02
 2.47492500e+00,        +1.414213562373e-01,        +2.333703144270e-01,        -5.334544236629e-02
 2.47495000e+00,        +1.414213562373e-01,        +2.333687800235e-01,        -5.334590420418e-02
 2.47497500e+00,        +1.414213562373e-01,        +2.333672457190e-01,        -5.334636599202e-02
 2.47500000e+00,        +1.414213562373e-01,        +2.333657115131e-01,        -5.334682772987e-02
 2.47502500e+00,        +1.414213562373e-01,        +2.333641774055e-01,        -5.334728941780e-02
 2.47505000e+00,        +1.414213562373e-01,        +2.333626433958e-01,        -5.334775105588e-02
 2.47507500e+00,        +1.414213562373e-01,        +2.333611094836e-01,        -5.334821264417e-02
 2.47510000e+00,        +1.414213562373e-01,        +2.333595756686e-01,        -5.334867418275e-02
 2.47512500e+00,        +1.414213562373e-01,        +2.333580419502e-01,        -5.334913567167e-02
 2.47515000e+00,        +1.414213562373e-01,        +2.333565083283e-01,        -5.334959711100e-02
 2.47517500e+00,        +1.414213562373e-01,        +2.333549748024e-01,        -5.335005850082e-02
 2.47520000e+00,        +1.414213562373e-01,        +2.333534413721e-01,        -5.335051984118e-02
 2.47522500e+00,        +1.414213562373e-01,        +2.333519080370e-01,        -5.335098113216e-02
 2.47525000e+00,        +1.414213562373e-01,        +2.333503747968e-01,        -5.335144237381e-02
 2.47527500e+00,        +1.414213562373e-01,        +2.333488416512e-01,        -5.335190356620e-02
 2.47530000e+00,        +1.414213562373e-01,        +2.333473085996e-01,        -5.335236470940e-02
 2.47532500e+00,        +1.414213562373e-01,        +2.333457756419e-01,        -5.335282580348e-02
 2.47535000e+00,        +1.414213562373e-01,        +2.333442427775e-01,        -5.335328684848e-02
 2.47537500e+00,        +1.414213562373e-01,        +2.333427100062e-01,        -5.335374784450e-02
 2.47540000e+00,        +1.414213562373e-01,        +2.333411773275e-01,        -5.335420879157e-02
 2.47542500e+00,        +1.414213562373e-01,        +2.333396447411e-01,        -5.335466968978e-02
 2.47545000e+00,        +1.414213562373e-01,        +2.333381122466e-01,        -5.335513053917e-02
 2.47547500e+00,        +1.414213562373e-01,        +2.333365798438e-01,        -5.335559133983e-02
 2.47550000e+00,        +1.414213562373e-01,        +2.333350475321e-01,        -5.335605209180e-02
 2.47552500e+00,        +1.414213562373e-01,        +2.333335153112e-01,        -5.335651279516e-02
 2.47555000e+00,        +1.414213562373e-01,        +2.333319831809e-01,        -5.335697344996e-02
 2.47557500e+00,        +1.414213562373e-01,        +2.333304511406e-01,        -5.335743405627e-02
 2.47560000e+00,        +1.414213562373e-01,        +2.333289191901e-01,        -5.335789461415e-02
 2.47562500e+00,        +1.414213562373e-01,        +2.333273873290e-01,        -5.335835512366e-02
 2.47565000e+00,        +1.414213562373e-01,        +2.333258555570e-01,        -5.335881558487e-02
 2.47567500e+00,        +1.414213562373e-01,        +2.333243238736e-01,        -5.335927599784e-02
 2.47570000e+00,        +1.414213562373e-01,        +2.333227922786e-01,        -5.335973636263e-02
 2.47572500e+00,        +1.414213562373e-01,        +2.333212607715e-01,        -5.336019667929e-02
 2.47575000e+00,        +1.414213562373e-01,        +2.333197293521e-01,        -5.336065694790e-02
 2.47577500e+00,        +1.414213562373e-01,        +2.333181980199e-01,        -5.336111716851e-02
 2.47580000e+00,        +1.414213562373e-01,        +2.333166667746e-01,        -5.336157734118e-02
 2.47582500e+00,        +1.414213562373e-01,        +2.333151356159e-01,        -5.336203746598e-02
 2.47585000e+00,        +1.414213562373e-01,        +2.333136045434e-01,        -5.336249754297e-02
 2.47587500e+00,        +1.414213562373e-01,        +2.333120735568e-01,        -5.336295757220e-02
 2.47590000e+00,        +1.414213562373e-01,        +2.333105426557e-01,        -5.336341755373e-02
 2.47592500e+00,        +1.414213562373e-01,        +2.333090118397e-01,        -5.336387748763e-02
 2.47595000e+00,        +1.414213562373e-01,        +2.333074811085e-01,        -5.336433737395e-02
 2.47597500e+00,        +1.414213562373e-01,        +2.333059504619e-01,        -5.336479721276e-02
 2.47600000e+00,        +1.414213562373e-01,        +2.333044198993e-01,        -5.336525700412e-02
 2.47602500e+00,        +1.414213562373e-01,        +2.333028894205e-01,        -5.336571674807e-02
 2.47605000e+00,        +1.414213562373e-01,        +2.333013590252e-01,        -5.336617644469e-02
 2.47607500e+00,        +1.414213562373e-01,        +2.332998287130e-01,        -5.336663609403e-02
 2.47610000e+00,        +1.414213562373e-01,        +2.332982984835e-01,        -5.336709569615e-02
 2.47612500e+00,        +1.414213562373e-01,        +2.332967683364e-01,        -5.336755525110e-02
 2.47615000e+00,        +1.414213562373e-01,        +2.332952382714e-01,        -5.336801475896e-02
 2.47617500e+00,        +1.414213562373e-01,        +2.332937082881e-01,        -5.336847421976e-02
 2.47620000e+00,        +1.414213562373e-01,        +2.332921783862e-01,        -5.336893363358e-02
 2.47622500e+00,        +1.414213562373e-01,        +2.332906485654e-01,        -5.336939300047e-02
 2.47625000e+00,        +1.414213562373e-01,        +2.332891188253e-01,        -5.336985232048e-02
 2.47627500e+00,        +1.414213562373e-01,        +2.332875891655e-01,        -5.337031159368e-02
 2.47630000e+00,        +1.414213562373e-01,        +2.332860595858e-01,        -5.337077082012e-02
 2.47632500e+00,        +1.414213562373e-01,        +2.332845300858e-01,        -5.337122999986e-02
 2.47635000e+00,        +1.414213562373e-01,        +2.332830006652e-01,        -5.337168913296e-02
 2.47637500e+00,        +1.414213562373e-01,        +2.332814713237e-01,        -5.337214821946e-02
 2.47640000e+00,        +1.414213562373e-01,        +2.332799420608e-01,        -5.337260725944e-02
 2.47642500e+00,        +1.414213562373e-01,        +2.332784128763e-01,        -5.337306625294e-02
 2.47645000e+00,        +1.414213562373e-01,        +2.332768837699e-01,        -5.337352520002e-02
 2.47647500e+00,        +1.414213562373e-01,        +2.332753547412e-01,        -5.337398410073e-02
 2.47650000e+00,        +1.414213562373e-01,        +2.332738257899e-01,        -5.337444295514e-02
 2.47652500e+00,        +1.414213562373e-01,        +2.332722969157e-01,        -5.337490176329e-02
 2.47655000e+00,        +1.414213562373e-01,        +2.332707681181e-01,        -5.337536052525e-02
 2.47657500e+00,        +1.414213562373e-01,        +2.332692393970e-01,        -5.337581924107e-02
 2.47660000e+00,        +1.414213562373e-01,        +2.332677107520e-01,        -5.337627791079e-02
 2.47662500e+00,        +1.414213562373e-01,        +2.332661821828e-01,        -5.337673653449e-02
 2.47665000e+00,        +1.414213562373e-01,        +2.332646536890e-01,        -5.337719511221e-02
 2.47667500e+00,        +1.414213562373e-01,        +2.332631252703e-01,        -5.337765364400e-02
 2.47670000e+00,        +1.414213562373e-01,        +2.332615969264e-01,        -5.337811212993e-02
 2.47672500e+00,        +1.414213562373e-01,        +2.332600686569e-01,        -5.337857057004e-02
 2.47675000e+00,        +1.414213562373e-01,        +2.332585404616e-01,        -5.337902896439e-02
 2.47677500e+00,        +1.414213562373e-01,        +2.332570123402e-01,        -5.337948731303e-02
 2.47680000e+00,        +1.414213562373e-01,        +2.332554842922e-01,        -5.337994561602e-02
 2.47682500e+00,        +1.414213562373e-01,        +2.332539563174e-01,        -5.338040387341e-02
 2.47685000e+00,        +1.414213562373e-01,        +2.332524284155e-01,        -5.338086208525e-02
 2.47687500e+00,        +1.414213562373e-01,        +2.332509005862e-01,        -5.338132025160e-02
 2.47690000e+00,        +1.414213562373e-01,        +2.332493728291e-01,        -5.338177837251e-02
 2.47692500e+00,        +1.414213562373e-01,        +2.332478451439e-01,        -5.338223644802e-02
 2.47695000e+00,        +1.414213562373e-01,        +2.332463175304e-01,        -5.338269447821e-02
 2.47697500e+00,        +1.414213562373e-01,        +2.332447899881e-01,        -5.338315246311e-02
 2.47700000e+00,        +1.414213562373e-01,        +2.332432625168e-01,        -5.338361040277e-02
 2.47702500e+00,        +1.414213562373e-01,        +2.332417351162e-01,        -5.338406829726e-02
 2.47705000e+00,        +1.414213562373e-01,        +2.332402077860e-01,        -5.338452614663e-02
 2.47707500e+00,        +1.414213562373e-01,        +2.332386805258e-01,        -5.338498395091e-02
 2.47710000e+00,        +1.414213562373e-01,        +2.332371533353e-01,        -5.338544171018e-02
 2.47712500e+00,        +1.414213562373e-01,        +2.332356262143e-01,        -5.338589942447e-02
 2.47715000e+00,        +1.414213562373e-01,        +2.332340991624e-01,        -5.338635709384e-02
 2.47717500e+00,        +1.414213562373e-01,        +2.332325721793e-01,        -5.338681471834e-02
 2.47720000e+00,        +1.414213562373e-01,        +2.332310452647e-01,        -5.338727229802e-02
 2.47722500e+00,        +1.414213562373e-01,        +2.332295184183e-01,        -5.338772983294e-02
 2.47725000e+00,        +1.414213562373e-01,        +2.332279916398e-01,        -5.338818732313e-02
 2.47727500e+00,        +1.414213562373e-01,        +2.332264649289e-01,        -5.338864476866e-02
 2.47730000e+00,        +1.414213562373e-01,        +2.332249382852e-01,        -5.338910216958e-02
 2.47732500e+00,        +1.414213562373e-01,        +2.332234117086e-01,        -5.338955952592e-02
 2.47735000e+00,        +1.414213562373e-01,        +2.332218851986e-01,        -5.339001683775e-02
 2.47737500e+00,        +1.414213562373e-01,        +2.332203587550e-01,        -5.339047410512e-02
 2.47740000e+00,        +1.414213562373e-01,        +2.332188323775e-01,        -5.339093132806e-02
 2.47742500e+00,        +1.414213562373e-01,        +2.332173060657e-01,        -5.339138850664e-02
 2.47745000e+00,        +1.414213562373e-01,        +2.332157798195e-01,        -5.339184564090e-02
 2.47747500e+00,        +1.414213562373e-01,        +2.332142536384e-01,        -5.339230273090e-02
 2.47750000e+00,        +1.414213562373e-01,        +2.332127275222e-01,        -5.339275977667e-02
 2.47752500e+00,        +1.414213562373e-01,        +2.332112014705e-01,        -5.339321677827e-02
 2.47755000e+00,        +1.414213562373e-01,        +2.332096754831e-01,        -5.339367373575e-02
 2.47757500e+00,        +1.414213562373e-01,        +2.332081495598e-01,        -5.339413064915e-02
 2.47760000e+00,        +1.414213562373e-01,        +2.332066237001e-01,        -5.339458751854e-02
 2.47762500e+00,        +1.414213562373e-01,        +2.332050979038e-01,        -5.339504434394e-02
 2.47765000e+00,        +1.414213562373e-01,        +2.332035721706e-01,        -5.339550112542e-02
 2.47767500e+00,        +1.414213562373e-01,        +2.332020465002e-01,        -5.339595786301e-02
 2.47770000e+00,        +1.414213562373e-01,        +2.332005208924e-01,        -5.339641455677e-02
 2.47772500e+00,        +1.414213562373e-01,        +2.331989953467e-01,        -5.339687120675e-02
 2.47775000e+00,        +1.414213562373e-01,        +2.331974698630e-01,        -5.339732781299e-02
 2.47777500e+00,        +1.414213562373e-01,        +2.331959444409e-01,        -5.339778437554e-02
 2.47780000e+00,        +1.414213562373e-01,        +2.331944190802e-01,        -5.339824089445e-02
 2.47782500e+00,        +1.414213562373e-01,        +2.331928937805e-01,        -5.339869736976e-02
 2.47785000e+00,        +1.414213562373e-01,        +2.331913685416e-01,        -5.339915380152e-02
 2.47787500e+00,        +1.414213562373e-01,        +2.331898433632e-01,        -5.339961018978e-02
 2.47790000e+00,        +1.414213562373e-01,        +2.331883182450e-01,        -5.340006653459e-02
 2.47792500e+00,        +1.414213562373e-01,        +2.331867931867e-01,        -5.340052283599e-02
 2.47795000e+00,        +1.414213562373e-01,        +2.331852681880e-01,        -5.340097909402e-02
 2.47797500e+00,        +1.414213562373e-01,        +2.331837432487e-01,        -5.340143530874e-02
 2.47800000e+00,        +1.414213562373e-01,        +2.331822183684e-01,        -5.340189148019e-02
 2.47802500e+00,        +1.414213562373e-01,        +2.331806935469e-01,        -5.340234760842e-02
 2.47805000e+00,        +1.414213562373e-01,        +2.331791687838e-01,        -5.340280369346e-02
 2.47807500e+00,        +1.414213562373e-01,        +2.331776440790e-01,        -5.340325973538e-02
 2.47810000e+00,        +1.414213562373e-01,        +2.331761194321e-01,        -5.340371573421e-02
 2.47812500e+00,        +1.414213562373e-01,        +2.331745948428e-01,        -5.340417168999e-02
 2.47815000e+00,        +1.414213562373e-01,        +2.331730703109e-01,        -5.340462760278e-02
 2.47817500e+00,        +1.414213562373e-01,        +2.331715458361e-01,        -5.340508347262e-02
 2.47820000e+00,        +1.414213562373e-01,        +2.331700214180e-01,        -5.340553929956e-02
 2.47822500e+00,        +1.414213562373e-01,        +2.331684970565e-01,        -5.340599508363e-02
 2.47825000e+00,        +1.414213562373e-01,        +2.331669727512e-01,        -5.340645082488e-02
 2.47827500e+00,        +1.414213562373e-01,        +2.331654485019e-01,        -5.340690652337e-02
 2.47830000e+00,        +1.414213562373e-01,        +2.331639243083e-01,        -5.340736217912e-02
 2.47832500e+00,        +1.414213562373e-01,        +2.331624001701e-01,        -5.340781779219e-02
 2.47835000e+00,        +1.414213562373e-01,        +2.331608760870e-01,        -5.340827336263e-02
 2.47837500e+00,        +1.414213562373e-01,        +2.331593520588e-01,        -5.340872889046e-02
 2.47840000e+00,        +1.414213562373e-01,        +2.331578280851e-01,        -5.340918437575e-02
 2.47842500e+00,        +1.414213562373e-01,        +2.331563041658e-01,        -5.340963981853e-02
 2.47845000e+00,        +1.414213562373e-01,        +2.331547803005e-01,        -5.341009521885e-02
 2.47847500e+00,        +1.414213562373e-01,        +2.331532564890e-01,        -5.341055057674e-02
 2.47850000e+00,        +1.414213562373e-01,        +2.331517327310e-01,        -5.341100589226e-02
 2.47852500e+00,        +1.414213562373e-01,        +2.331502090262e-01,        -5.341146116544e-02
 2.47855000e+00,        +1.414213562373e-01,        +2.331486853743e-01,        -5.341191639634e-02
 2.47857500e+00,        +1.414213562373e-01,        +2.331471617752e-01,        -5.341237158498e-02
 2.47860000e+00,        +1.414213562373e-01,        +2.331456382284e-01,        -5.341282673142e-02
 2.47862500e+00,        +1.414213562373e-01,        +2.331441147338e-01,        -5.341328183570e-02
 2.47865000e+00,        +1.414213562373e-01,        +2.331425912911e-01,        -5.341373689786e-02
 2.47867500e+00,        +1.414213562373e-01,        +2.331410678999e-01,        -5.341419191794e-02
 2.47870000e+00,        +1.414213562373e-01,        +2.331395445601e-01,        -5.341464689598e-02
 2.47872500e+00,        +1.414213562373e-01,        +2.331380212714e-01,        -5.341510183203e-02
 2.47875000e+00,        +1.414213562373e-01,        +2.331364980335e-01,        -5.341555672614e-02
 2.47877500e+00,        +1.414213562373e-01,        +2.331349748462e-01,        -5.341601157833e-02
 2.47880000e+00,        +1.414213562373e-01,        +2.331334517091e-01,        -5.341646638865e-02
 2.47882500e+00,        +1.414213562373e-01,        +2.331319286220e-01,        -5.341692115715e-02
 2.47885000e+00,        +1.414213562373e-01,        +2.331304055847e-01,        -5.341737588387e-02
 2.47887500e+00,        +1.414213562373e-01,        +2.331288825969e-01,        -5.341783056884e-02
 2.47890000e+00,        +1.414213562373e-01,        +2.331273596583e-01,        -5.341828521211e-02
 2.47892500e+00,        +1.414213562373e-01,        +2.331258367687e-01,        -5.341873981372e-02
 2.47895000e+00,        +1.414213562373e-01,        +2.331243139277e-01,        -5.341919437372e-02
 2.47897500e+00,        +1.414213562373e-01,        +2.331227911353e-01,        -5.341964889213e-02
 2.47900000e+00,        +1.414213562373e-01,        +2.331212683910e-01,        -5.342010336901e-02
 2.47902500e+00,        +1.414213562373e-01,        +2.331197456946e-01,        -5.342055780439e-02
 2.47905000e+00,        +1.414213562373e-01,        +2.331182230459e-01,        -5.342101219831e-02
 2.47907500e+00,        +1.414213562373e-01,        +2.331167004446e-01,        -5.342146655081e-02
 2.47910000e+00,        +1.414213562373e-01,        +2.331151778904e-01,        -5.342192086194e-02
 2.47912500e+00,        +1.414213562373e-01,        +2.331136553832e-01,        -5.342237513174e-02
 2.47915000e+00,        +1.414213562373e-01,        +2.331121329225e-01,        -5.342282936024e-02
 2.47917500e+00,        +1.414213562373e-01,        +2.331106105083e-01,        -5.342328354748e-02
 2.47920000e+00,        +1.414213562373e-01,        +2.331090881402e-01,        -5.342373769351e-02
 2.47922500e+00,        +1.414213562373e-01,        +2.331075658179e-01,        -5.342419179836e-02
 2.47925000e+00,        +1.414213562373e-01,        +2.331060435413e-01,        -5.342464586208e-02
 2.47927500e+00,        +1.414213562373e-01,        +2.331045213100e-01,        -5.342509988469e-02
 2.47930000e+00,        +1.414213562373e-01,        +2.331029991239e-01,        -5.342555386625e-02
 2.47932500e+00,        +1.414213562373e-01,        +2.331014769826e-01,        -5.342600780679e-02
 2.47935000e+00,        +1.414213562373e-01,        +2.330999548859e-01,        -5.342646170635e-02
 2.47937500e+00,        +1.414213562373e-01,        +2.330984328336e-01,        -5.342691556497e-02
 2.47940000e+00,        +1.414213562373e-01,        +2.330969108253e-01,        -5.342736938269e-02
 2.47942500e+00,        +1.414213562373e-01,        +2.330953888609e-01,        -5.342782315955e-02
 2.47945000e+00,        +1.414213562373e-01,        +2.330938669402e-01,        -5.342827689558e-02
 2.47947500e+00,        +1.414213562373e-01,        +2.330923450627e-01,        -5.342873059082e-02
 2.47950000e+00,        +1.414213562373e-01,        +2.330908232284e-01,        -5.342918424532e-02
 2.47952500e+00,        +1.414213562373e-01,        +2.330893014370e-01,        -5.342963785910e-02
 2.47955000e+00,        +1.414213562373e-01,        +2.330877796881e-01,        -5.343009143222e-02
 2.47957500e+00,        +1.414213562373e-01,        +2.330862579816e-01,        -5.343054496470e-02
 2.47960000e+00,        +1.414213562373e-01,        +2.330847363173e-01,        -5.343099845658e-02
 2.47962500e+00,        +1.414213562373e-01,        +2.330832146948e-01,        -5.343145190791e-02
 2.47965000e+00,        +1.414213562373e-01,        +2.330816931139e-01,        -5.343190531872e-02
 2.47967500e+00,        +1.414213562373e-01,        +2.330801715744e-01,        -5.343235868904e-02
 2.47970000e+00,        +1.414213562373e-01,        +2.330786500761e-01,        -5.343281201892e-02
 2.47972500e+00,        +1.414213562373e-01,        +2.330771286186e-01,        -5.343326530840e-02
 2.47975000e+00,        +1.414213562373e-01,        +2.330756072018e-01,        -5.343371855750e-02
 2.47977500e+00,        +1.414213562373e-01,        +2.330740858254e-01,        -5.343417176626e-02
 2.47980000e+00,        +1.414213562373e-01,        +2.330725644892e-01,        -5.343462493474e-02
 2.47982500e+00,        +1.414213562373e-01,        +2.330710431928e-01,        -5.343507806295e-02
 2.47985000e+00,        +1.414213562373e-01,        +2.330695219362e-01,        -5.343553115094e-02
 2.47987500e+00,        +1.414213562373e-01,        +2.330680007190e-01,        -5.343598419874e-02
 2.47990000e+00,        +1.414213562373e-01,        +2.330664795410e-01,        -5.343643720639e-02
 2.47992500e+00,        +1.414213562373e-01,        +2.330649584020e-01,        -5.343689017393e-02
 2.47995000e+00,        +1.414213562373e-01,        +2.330634373017e-01,        -5.343734310139e-02
 2.47997500e+00,        +1.414213562373e-01,        +2.330619162399e-01,        -5.343779598881e-02
 2.48000000e+00,        +1.414213562373e-01,        +2.330603952163e-01,        -5.343824883623e-02
 2.48002500e+00,        +1.414213562373e-01,        +2.330588742308e-01,        -5.343870164368e-02
 2.48005000e+00,        +1.414213562373e-01,        +2.330573532830e-01,        -5.343915441120e-02
 2.48007500e+00,        +1.414213562373e-01,        +2.330558323727e-01,        -5.343960713882e-02
 2.48010000e+00,        +1.414213562373e-01,        +2.330543114998e-01,        -5.344005982657e-02
 2.48012500e+00,        +1.414213562373e-01,        +2.330527906639e-01,        -5.344051247451e-02
 2.48015000e+00,        +1.414213562373e-01,        +2.330512698648e-01,        -5.344096508265e-02
 2.48017500e+00,        +1.414213562373e-01,        +2.330497491023e-01,        -5.344141765103e-02
 2.48020000e+00,        +1.414213562373e-01,        +2.330482283762e-01,        -5.344187017970e-02
 2.48022500e+00,        +1.414213562373e-01,        +2.330467076863e-01,        -5.344232266868e-02
 2.48025000e+00,        +1.414213562373e-01,        +2.330451870322e-01,        -5.344277511802e-02
 2.48027500e+00,        +1.414213562373e-01,        +2.330436664137e-01,        -5.344322752774e-02
 2.48030000e+00,        +1.414213562373e-01,        +2.330421458308e-01,        -5.344367989787e-02
 2.48032500e+00,        +1.414213562373e-01,        +2.330406252830e-01,        -5.344413222847e-02
 2.48035000e+00,        +1.414213562373e-01,        +2.330391047701e-01,        -5.344458451955e-02
 2.48037500e+00,        +1.414213562373e-01,        +2.330375842921e-01,        -5.344503677116e-02
 2.48040000e+00,        +1.414213562373e-01,        +2.330360638485e-01,        -5.344548898333e-02
 2.48042500e+00,        +1.414213562373e-01,        +2.330345434392e-01,        -5.344594115609e-02
 2.48045000e+00,        +1.414213562373e-01,        +2.330330230639e-01,        -5.344639328947e-02
 2.48047500e+00,        +1.414213562373e-01,        +2.330315027225e-01,        -5.344684538352e-02
 2.48050000e+00,        +1.414213562373e-01,        +2.330299824146e-01,        -5.344729743826e-02
 2.48052500e+00,        +1.414213562373e-01,        +2.330284621402e-01,        -5.344774945373e-02
 2.48055000e+00,        +1.414213562373e-01,        +2.330269418988e-01,        -5.344820142997e-02
 2.48057500e+00,        +1.414213562373e-01,        +2.330254216904e-01,        -5.344865336700e-02
 2.48060000e+00,        +1.414213562373e-01,        +2.330239015147e-01,        -5.344910526486e-02
 2.48062500e+00,        +1.414213562373e-01,        +2.330223813714e-01,        -5.344955712359e-02
 2.48065000e+00,        +1.414213562373e-01,        +2.330208612603e-01,        -5.345000894321e-02
 2.48067500e+00,        +1.414213562373e-01,        +2.330193411813e-01,        -5.345046072376e-02
 2.48070000e+00,        +1.414213562373e-01,        +2.330178211340e-01,        -5.345091246528e-02
 2.48072500e+00,        +1.414213562373e-01,        +2.330163011184e-01,        -5.345136416779e-02
 2.48075000e+00,        +1.414213562373e-01,        +2.330147811340e-01,        -5.345181583133e-02
 2.48077500e+00,        +1.414213562373e-01,        +2.330132611808e-01,        -5.345226745594e-02
 2.48080000e+00,        +1.414213562373e-01,        +2.330117412584e-01,        -5.345271904164e-02
 2.48082500e+00,        +1.414213562373e-01,        +2.330102213667e-01,        -5.345317058846e-02
 2.48085000e+00,        +1.414213562373e-01,        +2.330087015055e-01,        -5.345362209645e-02
 2.48087500e+00,        +1.414213562373e-01,        +2.330071816745e-01,        -5.345407356564e-02
 2.48090000e+00,        +1.414213562373e-01,        +2.330056618735e-01,        -5.345452499604e-02
 2.48092500e+00,        +1.414213562373e-01,        +2.330041421023e-01,        -5.345497638771e-02
 2.48095000e+00,        +1.414213562373e-01,        +2.330026223607e-01,        -5.345542774066e-02
 2.48097500e+00,        +1.414213562373e-01,        +2.330011026484e-01,        -5.345587905494e-02
 2.48100000e+00,        +1.414213562373e-01,        +2.329995829653e-01,        -5.345633033057e-02
 2.48102500e+00,        +1.414213562373e-01,        +2.329980633110e-01,        -5.345678156759e-02
 2.48105000e+00,        +1.414213562373e-01,        +2.329965436855e-01,        -5.345723276603e-02
 2.48107500e+00,        +1.414213562373e-01,        +2.329950240884e-01,        -5.345768392591e-02
 2.48110000e+00,        +1.414213562373e-01,        +2.329935045196e-01,        -5.345813504728e-02
 2.48112500e+00,        +1.414213562373e-01,        +2.329919849788e-01,        -5.345858613016e-02
 2.48115000e+00,        +1.414213562373e-01,        +2.329904654659e-01,        -5.345903717459e-02
 2.48117500e+00,        +1.414213562373e-01,        +2.329889459806e-01,        -5.345948818059e-02
 2.48120000e+00,        +1.414213562373e-01,        +2.329874265227e-01,        -5.345993914820e-02
 2.48122500e+00,        +1.414213562373e-01,        +2.329859070919e-01,        -5.346039007744e-02
 2.48125000e+00,        +1.414213562373e-01,        +2.329843876881e-01,        -5.346084096836e-02
 2.48127500e+00,        +1.414213562373e-01,        +2.329828683111e-01,        -5.346129182098e-02
 2.48130000e+00,        +1.414213562373e-01,        +2.329813489606e-01,        -5.346174263532e-02
 2.48132500e+00,        +1.414213562373e-01,        +2.329798296365e-01,        -5.346219341143e-02
 2.48135000e+00,        +1.414213562373e-01,        +2.329783103384e-01,        -5.346264414933e-02
 2.48137500e+00,        +1.414213562373e-01,        +2.329767910663e-01,        -5.346309484906e-02
 2.48140000e+00,        +1.414213562373e-01,        +2.329752718199e-01,        -5.346354551064e-02
 2.48142500e+00,        +1.414213562373e-01,        +2.329737525989e-01,        -5.346399613410e-02
 2.48145000e+00,        +1.414213562373e-01,        +2.329722334032e-01,        -5.346444671948e-02
 2.48147500e+00,        +1.414213562373e-01,        +2.329707142326e-01,        -5.346489726681e-02
 2.48150000e+00,        +1.414213562373e-01,        +2.329691950868e-01,        -5.346534777610e-02
 2.48152500e+00,        +1.414213562373e-01,        +2.329676759657e-01,        -5.346579824741e-02
 2.48155000e+00,        +1.414213562373e-01,        +2.329661568690e-01,        -5.346624868075e-02
 2.48157500e+00,        +1.414213562373e-01,        +2.329646377965e-01,        -5.346669907615e-02
 2.48160000e+00,        +1.414213562373e-01,        +2.329631187480e-01,        -5.346714943365e-02
 2.48162500e+00,        +1.414213562373e-01,        +2.329615997233e-01,        -5.346759975328e-02
 2.48165000e+00,        +1.414213562373e-01,        +2.329600807223e-01,        -5.346805003506e-02
 2.48167500e+00,        +1.414213562373e-01,        +2.329585617446e-01,        -5.346850027902e-02
 2.48170000e+00,        +1.414213562373e-01,        +2.329570427901e-01,        -5.346895048520e-02
 2.48172500e+00,        +1.414213562373e-01,        +2.329555238586e-01,        -5.346940065362e-02
 2.48175000e+00,        +1.414213562373e-01,        +2.329540049499e-01,        -5.346985078431e-02
 2.48177500e+00,        +1.414213562373e-01,        +2.329524860637e-01,        -5.347030087730e-02
 2.48180000e+00,        +1.414213562373e-01,        +2.329509671999e-01,        -5.347075093263e-02
 2.48182500e+00,        +1.414213562373e-01,        +2.329494483583e-01,        -5.347120095031e-02
 2.48185000e+00,        +1.414213562373e-01,        +2.329479295386e-01,        -5.347165093038e-02
 2.48187500e+00,        +1.414213562373e-01,        +2.329464107407e-01,        -5.347210087287e-02
 2.48190000e+00,        +1.414213562373e-01,        +2.329448919643e-01,        -5.347255077781e-02
 2.48192500e+00,        +1.414213562373e-01,        +2.329433732092e-01,        -5.347300064522e-02
 2.48195000e+00,        +1.414213562373e-01,        +2.329418544753e-01,        -5.347345047513e-02
 2.48197500e+00,        +1.414213562373e-01,        +2.329403357624e-01,        -5.347390026758e-02
 2.48200000e+00,        +1.414213562373e-01,        +2.329388170702e-01,        -5.347435002258e-02
 2.48202500e+00,        +1.414213562373e-01,        +2.329372983985e-01,        -5.347479974018e-02
 2.48205000e+00,        +1.414213562373e-01,        +2.329357797471e-01,        -5.347524942039e-02
 2.48207500e+00,        +1.414213562373e-01,        +2.329342611159e-01,        -5.347569906325e-02
 2.48210000e+00,        +1.414213562373e-01,        +2.329327425047e-01,        -5.347614866878e-02
 2.48212500e+00,        +1.414213562373e-01,        +2.329312239131e-01,        -5.347659823701e-02
 2.48215000e+00,        +1.414213562373e-01,        +2.329297053411e-01,        -5.347704776797e-02
 2.48217500e+00,        +1.414213562373e-01,        +2.329281867885e-01,        -5.347749726169e-02
 2.48220000e+00,        +1.414213562373e-01,        +2.329266682550e-01,        -5.347794671819e-02
 2.48222500e+00,        +1.414213562373e-01,        +2.329251497404e-01,        -5.347839613751e-02
 2.48225000e+00,        +1.414213562373e-01,        +2.329236312446e-01,        -5.347884551967e-02
 2.48227500e+00,        +1.414213562373e-01,        +2.329221127673e-01,        -5.347929486469e-02
 2.48230000e+00,        +1.414213562373e-01,        +2.329205943084e-01,        -5.347974417261e-02
 2.48232500e+00,        +1.414213562373e-01,        +2.329190758676e-01,        -5.348019344345e-02
 2.48235000e+00,        +1.414213562373e-01,        +2.329175574448e-01,        -5.348064267725e-02
 2.48237500e+00,        +1.414213562373e-01,        +2.329160390397e-01,        -5.348109187402e-02
 2.48240000e+00,        +1.414213562373e-01,        +2.329145206522e-01,        -5.348154103379e-02
 2.48242500e+00,        +1.414213562373e-01,        +2.329130022821e-01,        -5.348199015659e-02
 2.48245000e+00,        +1.414213562373e-01,        +2.329114839292e-01,        -5.348243924246e-02
 2.48247500e+00,        +1.414213562373e-01,        +2.329099655932e-01,        -5.348288829141e-02
 2.48250000e+00,        +1.414213562373e-01,        +2.329084472741e-01,        -5.348333730347e-02
 2.48252500e+00,        +1.414213562373e-01,        +2.329069289715e-01,        -5.348378627867e-02
 2.48255000e+00,        +1.414213562373e-01,        +2.329054106853e-01,        -5.348423521703e-02
 2.48257500e+00,        +1.414213562373e-01,        +2.329038924154e-01,        -5.348468411859e-02
 2.48260000e+00,        +1.414213562373e-01,        +2.329023741614e-01,        -5.348513298337e-02
 2.48262500e+00,        +1.414213562373e-01,        +2.329008559233e-01,        -5.348558181139e-02
 2.48265000e+00,        +1.414213562373e-01,        +2.328993377008e-01,        -5.348603060268e-02
 2.48267500e+00,        +1.414213562373e-01,        +2.328978194938e-01,        -5.348647935727e-02
 2.48270000e+00,        +1.414213562373e-01,        +2.328963013020e-01,        -5.348692807519e-02
 2.48272500e+00,        +1.414213562373e-01,        +2.328947831253e-01,        -5.348737675645e-02
 2.48275000e+00,        +1.414213562373e-01,        +2.328932649634e-01,        -5.348782540109e-02
 2.48277500e+00,        +1.414213562373e-01,        +2.328917468162e-01,        -5.348827400913e-02
 2.48280000e+00,        +1.414213562373e-01,        +2.328902286835e-01,        -5.348872258060e-02
 2.48282500e+00,        +1.414213562373e-01,        +2.328887105652e-01,        -5.348917111552e-02
 2.48285000e+00,        +1.414213562373e-01,        +2.328871924609e-01,        -5.348961961393e-02
 2.48287500e+00,        +1.414213562373e-01,        +2.328856743705e-01,        -5.349006807583e-02
 2.48290000e+00,        +1.414213562373e-01,        +2.328841562939e-01,        -5.349051650127e-02
 2.48292500e+00,        +1.414213562373e-01,        +2.328826382309e-01,        -5.349096489027e-02
 2.48295000e+00,        +1.414213562373e-01,        +2.328811201812e-01,        -5.349141324284e-02
 2.48297500e+00,        +1.414213562373e-01,        +2.328796021447e-01,        -5.349186155902e-02
 2.48300000e+00,        +1.414213562373e-01,        +2.328780841211e-01,        -5.349230983884e-02
 2.48302500e+00,        +1.414213562373e-01,        +2.328765661104e-01,        -5.349275808231e-02
 2.48305000e+00,        +1.414213562373e-01,        +2.328750481123e-01,        -5.349320628947e-02
 2.48307500e+00,        +1.414213562373e-01,        +2.328735301266e-01,        -5.349365446033e-02
 2.48310000e+00,        +1.414213562373e-01,        +2.328720121532e-01,        -5.349410259492e-02
 2.48312500e+00,        +1.414213562373e-01,        +2.328704941918e-01,        -5.349455069327e-02
 2.48315000e+00,        +1.414213562373e-01,        +2.328689762424e-01,        -5.349499875541e-02
 2.48317500e+00,        +1.414213562373e-01,        +2.328674583046e-01,        -5.349544678135e-02
 2.48320000e+00,        +1.414213562373e-01,        +2.328659403783e-01,        -5.349589477113e-02
 2.48322500e+00,        +1.414213562373e-01,        +2.328644224633e-01,        -5.349634272476e-02
 2.48325000e+00,        +1.414213562373e-01,        +2.328629045595e-01,        -5.349679064227e-02
 2.48327500e+00,        +1.414213562373e-01,        +2.328613866666e-01,        -5.349723852368e-02
 2.48330000e+00,        +1.414213562373e-01,        +2.328598687846e-01,        -5.349768636903e-02
 2.48332500e+00,        +1.414213562373e-01,        +2.328583509131e-01,        -5.349813417833e-02
 2.48335000e+00,        +1.414213562373e-01,        +2.328568330520e-01,        -5.349858195161e-02
 2.48337500e+00,        +1.414213562373e-01,        +2.328553152012e-01,        -5.349902968889e-02
 2.48340000e+00,        +1.414213562373e-01,        +2.328537973604e-01,        -5.349947739020e-02
 2.48342500e+00,        +1.414213562373e-01,        +2.328522795295e-01,        -5.349992505556e-02
 2.48345000e+00,        +1.414213562373e-01,        +2.328507617083e-01,        -5.350037268500e-02
 2.48347500e+00,        +1.414213562373e-01,        +2.328492438966e-01,        -5.350082027853e-02
 2.48350000e+00,        +1.414213562373e-01,        +2.328477260942e-01,        -5.350126783618e-02
 2.48352500e+00,        +1.414213562373e-01,        +2.328462083009e-01,        -5.350171535799e-02
 2.48355000e+00,        +1.414213562373e-01,        +2.328446905167e-01,        -5.350216284396e-02
 2.48357500e+00,        +1.414213562373e-01,        +2.328431727412e-01,        -5.350261029413e-02
 2.48360000e+00,        +1.414213562373e-01,        +2.328416549744e-01,        -5.350305770851e-02
 2.48362500e+00,        +1.414213562373e-01,        +2.328401372160e-01,        -5.350350508713e-02
 2.48365000e+00,        +1.414213562373e-01,        +2.328386194659e-01,        -5.350395243002e-02
 2.48367500e+00,        +1.414213562373e-01,        +2.328371017238e-01,        -5.350439973720e-02
 2.48370000e+00,        +1.414213562373e-01,        +2.328355839896e-01,        -5.350484700869e-02
 2.48372500e+00,        +1.414213562373e-01,        +2.328340662632e-01,        -5.350529424451e-02
 2.48375000e+00,        +1.414213562373e-01,        +2.328325485444e-01,        -5.350574144469e-02
 2.48377500e+00,        +1.414213562373e-01,        +2.328310308329e-01,        -5.350618860925e-02
 2.48380000e+00,        +1.414213562373e-01,        +2.328295131286e-01,        -5.350663573821e-02
 2.48382500e+00,        +1.414213562373e-01,        +2.328279954313e-01,        -5.350708283160e-02
 2.48385000e+00,        +1.414213562373e-01,        +2.328264777409e-01,        -5.350752988944e-02
 2.48387500e+00,        +1.414213562373e-01,        +2.328249600572e-01,        -5.350797691175e-02
 2.48390000e+00,        +1.414213562373e-01,        +2.328234423799e-01,        -5.350842389855e-02
 2.48392500e+00,        +1.414213562373e-01,        +2.328219247090e-01,        -5.350887084987e-02
 2.48395000e+00,        +1.414213562373e-01,        +2.328204070443e-01,        -5.350931776574e-02
 2.48397500e+00,        +1.414213562373e-01,        +2.328188893855e-01,        -5.350976464616e-02
 2.48400000e+00,        +1.414213562373e-01,        +2.328173717325e-01,        -5.351021149117e-02
 2.48402500e+00,        +1.414213562373e-01,        +2.328158540852e-01,        -5.351065830079e-02
 2.48405000e+00,        +1.414213562373e-01,        +2.328143364433e-01,        -5.351110507504e-02
 2.48407500e+00,        +1.414213562373e-01,        +2.328128188067e-01,        -5.351155181394e-02
 2.48410000e+00,        +1.414213562373e-01,        +2.328113011753e-01,        -5.351199851752e-02
 2.48412500e+00,        +1.414213562373e-01,        +2.328097835488e-01,        -5.351244518579e-02
 2.48415000e+00,        +1.414213562373e-01,        +2.328082659270e-01,        -5.351289181878e-02
 2.48417500e+00,        +1.414213562373e-01,        +2.328067483099e-01,        -5.351333841651e-02
 2.48420000e+00,        +1.414213562373e-01,        +2.328052306972e-01,        -5.351378497900e-02
 2.48422500e+00,        +1.414213562373e-01,        +2.328037130887e-01,        -5.351423150628e-02
 2.48425000e+00,        +1.414213562373e-01,        +2.328021954844e-01,        -5.351467799837e-02
 2.48427500e+00,        +1.414213562373e-01,        +2.328006778840e-01,        -5.351512445528e-02
 2.48430000e+00,        +1.414213562373e-01,        +2.327991602873e-01,        -5.351557087704e-02
 2.48432500e+00,        +1.414213562373e-01,        +2.327976426942e-01,        -5.351601726368e-02
 2.48435000e+00,        +1.414213562373e-01,        +2.327961251045e-01,        -5.351646361521e-02
 2.48437500e+00,        +1.414213562373e-01,        +2.327946075181e-01,        -5.351690993165e-02
 2.48440000e+00,        +1.414213562373e-01,        +2.327930899348e-01,        -5.351735621303e-02
 2.48442500e+00,        +1.414213562373e-01,        +2.327915723543e-01,        -5.351780245937e-02
 2.48445000e+00,        +1.414213562373e-01,        +2.327900547767e-01,        -5.351824867069e-02
 2.48447500e+00,        +1.414213562373e-01,        +2.327885372015e-01,        -5.351869484700e-02
 2.48450000e+00,        +1.414213562373e-01,        +2.327870196288e-01,        -5.351914098834e-02
 2.48452500e+00,        +1.414213562373e-01,        +2.327855020584e-01,        -5.351958709472e-02
 2.48455000e+00,        +1.414213562373e-01,        +2.327839844900e-01,        -5.352003316617e-02
 2.48457500e+00,        +1.414213562373e-01,        +2.327824669235e-01,        -5.352047920269e-02
 2.48460000e+00,        +1.414213562373e-01,        +2.327809493588e-01,        -5.352092520433e-02
 2.48462500e+00,        +1.414213562373e-01,        +2.327794317956e-01,        -5.352137117109e-02
 2.48465000e+00,        +1.414213562373e-01,        +2.327779142339e-01,        -5.352181710300e-02
 2.48467500e+00,        +1.414213562373e-01,        +2.327763966734e-01,        -5.352226300008e-02
 2.48470000e+00,        +1.414213562373e-01,        +2.327748791140e-01,        -5.352270886234e-02
 2.48472500e+00,        +1.414213562373e-01,        +2.327733615555e-01,        -5.352315468982e-02
 2.48475000e+00,        +1.414213562373e-01,        +2.327718439978e-01,        -5.352360048252e-02
 2.48477500e+00,        +1.414213562373e-01,        +2.327703264407e-01,        -5.352404624048e-02
 2.48480000e+00,        +1.414213562373e-01,        +2.327688088839e-01,        -5.352449196371e-02
 2.48482500e+00,        +1.414213562373e-01,        +2.327672913275e-01,        -5.352493765223e-02
 2.48485000e+00,        +1.414213562373e-01,        +2.327657737711e-01,        -5.352538330606e-02
 2.48487500e+00,        +1.414213562373e-01,        +2.327642562147e-01,        -5.352582892522e-02
 2.48490000e+00,        +1.414213562373e-01,        +2.327627386581e-01,        -5.352627450974e-02
 2.48492500e+00,        +1.414213562373e-01,        +2.327612211011e-01,        -5.352672005963e-02
 2.48495000e+00,        +1.414213562373e-01,        +2.327597035435e-01,        -5.352716557491e-02
 2.48497500e+00,        +1.414213562373e-01,        +2.327581859852e-01,        -5.352761105561e-02
 2.48500000e+00,        +1.414213562373e-01,        +2.327566684261e-01,        -5.352805650174e-02
 2.48502500e+00,        +1.414213562373e-01,        +2.327551508659e-01,        -5.352850191332e-02
 2.48505000e+00,        +1.414213562373e-01,        +2.327536333046e-01,        -5.352894729037e-02
 2.48507500e+00,        +1.414213562373e-01,        +2.327521157418e-01,        -5.352939263292e-02
 2.48510000e+00,        +1.414213562373e-01,        +2.327505981776e-01,        -5.352983794098e-02
 2.48512500e+00,        +1.414213562373e-01,        +2.327490806117e-01,        -5.353028321457e-02
 2.48515000e+00,        +1.414213562373e-01,        +2.327475630440e-01,        -5.353072845371e-02
 2.48517500e+00,        +1.414213562373e-01,        +2.327460454742e-01,        -5.353117365843e-02
 2.48520000e+00,        +1.414213562373e-01,        +2.327445279024e-01,        -5.353161882873e-02
 2.48522500e+00,        +1.414213562373e-01,        +2.327430103282e-01,        -5.353206396465e-02
 2.48525000e+00,        +1.414213562373e-01,        +2.327414927515e-01,        -5.353250906620e-02
 2.48527500e+00,        +1.414213562373e-01,        +2.327399751722e-01,        -5.353295413339e-02
 2.48530000e+00,        +1.414213562373e-01,        +2.327384575902e-01,        -5.353339916625e-02
 2.48532500e+00,        +1.414213562373e-01,        +2.327369400052e-01,        -5.353384416481e-02
 2.48535000e+00,        +1.414213562373e-01,        +2.327354224170e-01,        -5.353428912906e-02
 2.48537500e+00,        +1.414213562373e-01,        +2.327339048257e-01,        -5.353473405905e-02
 2.48540000e+00,        +1.414213562373e-01,        +2.327323872309e-01,        -5.353517895478e-02
 2.48542500e+00,        +1.414213562373e-01,        +2.327308696326e-01,        -5.353562381627e-02
 2.48545000e+00,        +1.414213562373e-01,        +2.327293520305e-01,        -5.353606864355e-02
 2.48547500e+00,        +1.414213562373e-01,        +2.327278344245e-01,        -5.353651343663e-02
 2.48550000e+00,        +1.414213562373e-01,        +2.327263168146e-01,        -5.353695819553e-02
 2.48552500e+00,        +1.414213562373e-01,        +2.327247992004e-01,        -5.353740292028e-02
 2.48555000e+00,        +1.414213562373e-01,        +2.327232815818e-01,        -5.353784761088e-02
 2.48557500e+00,        +1.414213562373e-01,        +2.327217639588e-01,        -5.353829226735e-02
 2.48560000e+00,        +1.414213562373e-01,        +2.327202463311e-01,        -5.353873688973e-02
 2.48562500e+00,        +1.414213562373e-01,        +2.327187286986e-01,        -5.353918147801e-02
 2.48565000e+00,        +1.414213562373e-01,        +2.327172110611e-01,        -5.353962603224e-02
 2.48567500e+00,        +1.414213562373e-01,        +2.327156934185e-01,        -5.354007055241e-02
 2.48570000e+00,        +1.414213562373e-01,        +2.327141757707e-01,        -5.354051503855e-02
 2.48572500e+00,        +1.414213562373e-01,        +2.327126581174e-01,        -5.354095949068e-02
 2.48575000e+00,        +1.414213562373e-01,        +2.327111404585e-01,        -5.354140390882e-02
 2.48577500e+00,        +1.414213562373e-01,        +2.327096227939e-01,        -5.354184829299e-02
 2.48580000e+00,        +1.414213562373e-01,        +2.327081051234e-01,        -5.354229264319e-02
 2.48582500e+00,        +1.414213562373e-01,        +2.327065874468e-01,        -5.354273695946e-02
 2.48585000e+00,        +1.414213562373e-01,        +2.327050697641e-01,        -5.354318124181e-02
 2.48587500e+00,        +1.414213562373e-01,        +2.327035520750e-01,        -5.354362549026e-02
 2.48590000e+00,        +1.414213562373e-01,        +2.327020343794e-01,        -5.354406970482e-02
 2.48592500e+00,        +1.414213562373e-01,        +2.327005166772e-01,        -5.354451388551e-02
 2.48595000e+00,        +1.414213562373e-01,        +2.326989989682e-01,        -5.354495803236e-02
 2.48597500e+00,        +1.414213562373e-01,        +2.326974812522e-01,        -5.354540214538e-02
 2.48600000e+00,        +1.414213562373e-01,        +2.326959635291e-01,        -5.354584622458e-02
 2.48602500e+00,        +1.414213562373e-01,        +2.326944457988e-01,        -5.354629026999e-02
 2.48605000e+00,        +1.414213562373e-01,        +2.326929280611e-01,        -5.354673428162e-02
 2.48607500e+00,        +1.414213562373e-01,        +2.326914103158e-01,        -5.354717825949e-02
 2.48610000e+00,        +1.414213562373e-01,        +2.326898925629e-01,        -5.354762220362e-02
 2.48612500e+00,        +1.414213562373e-01,        +2.326883748020e-01,        -5.354806611403e-02
 2.48615000e+00,        +1.414213562373e-01,        +2.326868570332e-01,        -5.354850999072e-02
 2.48617500e+00,        +1.414213562373e-01,        +2.326853392563e-01,        -5.354895383373e-02
 2.48620000e+00,        +1.414213562373e-01,        +2.326838214710e-01,        -5.354939764307e-02
 2.48622500e+00,        +1.414213562373e-01,        +2.326823036773e-01,        -5.354984141875e-02
 2.48625000e+00,        +1.414213562373e-01,        +2.326807858750e-01,        -5.355028516079e-02
 2.48627500e+00,        +1.414213562373e-01,        +2.326792680639e-01,        -5.355072886921e-02
 2.48630000e+00,        +1.414213562373e-01,        +2.326777502440e-01,        -5.355117254403e-02
 2.48632500e+00,        +1.414213562373e-01,        +2.326762324150e-01,        -5.355161618527e-02
 2.48635000e+00,        +1.414213562373e-01,        +2.326747145769e-01,        -5.355205979293e-02
 2.48637500e+00,        +1.414213562373e-01,        +2.326731967294e-01,        -5.355250336705e-02
 2.48640000e+00,        +1.414213562373e-01,        +2.326716788724e-01,        -5.355294690762e-02
 2.48642500e+00,        +1.414213562373e-01,        +2.326701610059e-01,        -5.355339041468e-02
 2.48645000e+00,        +1.414213562373e-01,        +2.326686431295e-01,        -5.355383388824e-02
 2.48647500e+00,        +1.414213562373e-01,        +2.326671252432e-01,        -5.355427732832e-02
 2.48650000e+00,        +1.414213562373e-01,        +2.326656073469e-01,        -5.355472073492e-02
 2.48652500e+00,        +1.414213562373e-01,        +2.326640894404e-01,        -5.355516410808e-02
 2.48655000e+00,        +1.414213562373e-01,        +2.326625715235e-01,        -5.355560744780e-02
 2.48657500e+00,        +1.414213562373e-01,        +2.326610535961e-01,        -5.355605075410e-02
 2.48660000e+00,        +1.414213562373e-01,        +2.326595356580e-01,        -5.355649402701e-02
 2.48662500e+00,        +1.414213562373e-01,        +2.326580177092e-01,        -5.355693726653e-02
 2.48665000e+00,        +1.414213562373e-01,        +2.326564997495e-01,        -5.355738047268e-02
 2.48667500e+00,        +1.414213562373e-01,        +2.326549817786e-01,        -5.355782364548e-02
 2.48670000e+00,        +1.414213562373e-01,        +2.326534637966e-01,        -5.355826678494e-02
 2.48672500e+00,        +1.414213562373e-01,        +2.326519458031e-01,        -5.355870989109e-02
 2.48675000e+00,        +1.414213562373e-01,        +2.326504277982e-01,        -5.355915296393e-02
 2.48677500e+00,        +1.414213562373e-01,        +2.326489097816e-01,        -5.355959600349e-02
 2.48680000e+00,        +1.414213562373e-01,        +2.326473917533e-01,        -5.356003900978e-02
 2.48682500e+00,        +1.414213562373e-01,        +2.326458737130e-01,        -5.356048198281e-02
 2.48685000e+00,        +1.414213562373e-01,        +2.326443556606e-01,        -5.356092492261e-02
 2.48687500e+00,        +1.414213562373e-01,        +2.326428375959e-01,        -5.356136782918e-02
 2.48690000e+00,        +1.414213562373e-01,        +2.326413195190e-01,        -5.356181070255e-02
 2.48692500e+00,        +1.414213562373e-01,        +2.326398014295e-01,        -5.356225354273e-02
 2.48695000e+00,        +1.414213562373e-01,        +2.326382833274e-01,        -5.356269634974e-02
 2.48697500e+00,        +1.414213562373e-01,        +2.326367652124e-01,        -5.356313912358e-02
 2.48700000e+00,        +1.414213562373e-01,        +2.326352470846e-01,        -5.356358186429e-02
 2.48702500e+00,        +1.414213562373e-01,        +2.326337289437e-01,        -5.356402457187e-02
 2.48705000e+00,        +1.414213562373e-01,        +2.326322107895e-01,        -5.356446724634e-02
 2.48707500e+00,        +1.414213562373e-01,        +2.326306926220e-01,        -5.356490988771e-02
 2.48710000e+00,        +1.414213562373e-01,        +2.326291744410e-01,        -5.356535249601e-02
 2.48712500e+00,        +1.414213562373e-01,        +2.326276562464e-01,        -5.356579507124e-02
 2.48715000e+00,        +1.414213562373e-01,        +2.326261380380e-01,        -5.356623761342e-02
 2.48717500e+00,        +1.414213562373e-01,        +2.326246198157e-01,        -5.356668012258e-02
 2.48720000e+00,        +1.414213562373e-01,        +2.326231015794e-01,        -5.356712259871e-02
 2.48722500e+00,        +1.414213562373e-01,        +2.326215833288e-01,        -5.356756504184e-02
 2.48725000e+00,        +1.414213562373e-01,        +2.326200650639e-01,        -5.356800745199e-02
 2.48727500e+00,        +1.414213562373e-01,        +2.326185467846e-01,        -5.356844982916e-02
 2.48730000e+00,        +1.414213562373e-01,        +2.326170284906e-01,        -5.356889217338e-02
 2.48732500e+00,        +1.414213562373e-01,        +2.326155101819e-01,        -5.356933448466e-02
 2.48735000e+00,        +1.414213562373e-01,        +2.326139918583e-01,        -5.356977676302e-02
 2.48737500e+00,        +1.414213562373e-01,        +2.326124735197e-01,        -5.357021900846e-02
 2.48740000e+00,        +1.414213562373e-01,        +2.326109551659e-01,        -5.357066122101e-02
 2.48742500e+00,        +1.414213562373e-01,        +2.326094367968e-01,        -5.357110340068e-02
 2.48745000e+00,        +1.414213562373e-01,        +2.326079184123e-01,        -5.357154554748e-02
 2.48747500e+00,        +1.414213562373e-01,        +2.326064000122e-01,        -5.357198766143e-02
 2.48750000e+00,        +1.414213562373e-01,        +2.326048815964e-01,        -5.357242974255e-02
 2.48752500e+00,        +1.414213562373e-01,        +2.326033631647e-01,        -5.357287179085e-02
 2.48755000e+00,        +1.414213562373e-01,        +2.326018447171e-01,        -5.357331380634e-02
 2.48757500e+00,        +1.414213562373e-01,        +2.326003262533e-01,        -5.357375578905e-02
 2.48760000e+00,        +1.414213562373e-01,        +2.325988077733e-01,        -5.357419773897e-02
 2.48762500e+00,        +1.414213562373e-01,        +2.325972892769e-01,        -5.357463965614e-02
 2.48765000e+00,        +1.414213562373e-01,        +2.325957707640e-01,        -5.357508154056e-02
 2.48767500e+00,        +1.414213562373e-01,        +2.325942522344e-01,        -5.357552339224e-02
 2.48770000e+00,        +1.414213562373e-01,        +2.325927336880e-01,        -5.357596521121e-02
 2.48772500e+00,        +1.414213562373e-01,        +2.325912151247e-01,        -5.357640699748e-02
 2.48775000e+00,        +1.414213562373e-01,        +2.325896965443e-01,        -5.357684875106e-02
 2.48777500e+00,        +1.414213562373e-01,        +2.325881779467e-01,        -5.357729047196e-02
 2.48780000e+00,        +1.414213562373e-01,        +2.325866593317e-01,        -5.357773216021e-02
 2.48782500e+00,        +1.414213562373e-01,        +2.325851406993e-01,        -5.357817381581e-02
 2.48785000e+00,        +1.414213562373e-01,        +2.325836220493e-01,        -5.357861543878e-02
 2.48787500e+00,        +1.414213562373e-01,        +2.325821033815e-01,        -5.357905702913e-02
 2.48790000e+00,        +1.414213562373e-01,        +2.325805846959e-01,        -5.357949858688e-02
 2.48792500e+00,        +1.414213562373e-01,        +2.325790659922e-01,        -5.357994011204e-02
 2.48795000e+00,        +1.414213562373e-01,        +2.325775472704e-01,        -5.358038160463e-02
 2.48797500e+00,        +1.414213562373e-01,        +2.325760285304e-01,        -5.358082306466e-02
 2.48800000e+00,        +1.414213562373e-01,        +2.325745097719e-01,        -5.358126449214e-02
 2.48802500e+00,        +1.414213562373e-01,        +2.325729909949e-01,        -5.358170588709e-02
 2.48805000e+00,        +1.414213562373e-01,        +2.325714721992e-01,        -5.358214724952e-02
 2.48807500e+00,        +1.414213562373e-01,        +2.325699533847e-01,        -5.358258857945e-02
 2.48810000e+00,        +1.414213562373e-01,        +2.325684345513e-01,        -5.358302987689e-02
 2.48812500e+00,        +1.414213562373e-01,        +2.325669156988e-01,        -5.358347114185e-02
 2.48815000e+00,        +1.414213562373e-01,        +2.325653968271e-01,        -5.358391237435e-02
 2.48817500e+00,        +1.414213562373e-01,        +2.325638779361e-01,        -5.358435357440e-02
 2.48820000e+00,        +1.414213562373e-01,        +2.325623590256e-01,        -5.358479474201e-02
 2.48822500e+00,        +1.414213562373e-01,        +2.325608400955e-01,        -5.358523587721e-02
 2.48825000e+00,        +1.414213562373e-01,        +2.325593211457e-01,        -5.358567697999e-02
 2.48827500e+00,        +1.414213562373e-01,        +2.325578021760e-01,        -5.358611805039e-02
 2.48830000e+00,        +1.414213562373e-01,        +2.325562831864e-01,        -5.358655908840e-02
 2.48832500e+00,        +1.414213562373e-01,        +2.325547641766e-01,        -5.358700009405e-02
 2.48835000e+00,        +1.414213562373e-01,        +2.325532451466e-01,        -5.358744106734e-02
 2.48837500e+00,        +1.414213562373e-01,        +2.325517260962e-01,        -5.358788200829e-02
 2.48840000e+00,        +1.414213562373e-01,        +2.325502070253e-01,        -5.358832291692e-02
 2.48842500e+00,        +1.414213562373e-01,        +2.325486879338e-01,        -5.358876379323e-02
 2.48845000e+00,        +1.414213562373e-01,        +2.325471688215e-01,        -5.358920463724e-02
 2.48847500e+00,        +1.414213562373e-01,        +2.325456496883e-01,        -5.358964544897e-02
 2.48850000e+00,        +1.414213562373e-01,        +2.325441305340e-01,        -5.359008622842e-02
 2.48852500e+00,        +1.414213562373e-01,        +2.325426113586e-01,        -5.359052697561e-02
 2.48855000e+00,        +1.414213562373e-01,        +2.325410921620e-01,        -5.359096769056e-02
 2.48857500e+00,        +1.414213562373e-01,        +2.325395729439e-01,        -5.359140837327e-02
 2.48860000e+00,        +1.414213562373e-01,        +2.325380537043e-01,        -5.359184902376e-02
 2.48862500e+00,        +1.414213562373e-01,        +2.325365344430e-01,        -5.359228964204e-02
 2.48865000e+00,        +1.414213562373e-01,        +2.325350151599e-01,        -5.359273022813e-02
 2.48867500e+00,        +1.414213562373e-01,        +2.325334958549e-01,        -5.359317078203e-02
 2.48870000e+00,        +1.414213562373e-01,        +2.325319765279e-01,        -5.359361130377e-02
 2.48872500e+00,        +1.414213562373e-01,        +2.325304571787e-01,        -5.359405179335e-02
 2.48875000e+00,        +1.414213562373e-01,        +2.325289378071e-01,        -5.359449225079e-02
 2.48877500e+00,        +1.414213562373e-01,        +2.325274184132e-01,        -5.359493267610e-02
 2.48880000e+00,        +1.414213562373e-01,        +2.325258989966e-01,        -5.359537306929e-02
 2.48882500e+00,        +1.414213562373e-01,        +2.325243795574e-01,        -5.359581343037e-02
 2.48885000e+00,        +1.414213562373e-01,        +2.325228600954e-01,        -5.359625375937e-02
 2.48887500e+00,        +1.414213562373e-01,        +2.325213406104e-01,        -5.359669405628e-02
 2.48890000e+00,        +1.414213562373e-01,        +2.325198211024e-01,        -5.359713432113e-02
 2.48892500e+00,        +1.414213562373e-01,        +2.325183015712e-01,        -5.359757455392e-02
 2.48895000e+00,        +1.414213562373e-01,        +2.325167820167e-01,        -5.359801475467e-02
 2.48897500e+00,        +1.414213562373e-01,        +2.325152624387e-01,        -5.359845492339e-02
 2.48900000e+00,        +1.414213562373e-01,        +2.325137428371e-01,        -5.359889506010e-02
 2.48902500e+00,        +1.414213562373e-01,        +2.325122232119e-01,        -5.359933516480e-02
 2.48905000e+00,        +1.414213562373e-01,        +2.325107035628e-01,        -5.359977523751e-02
 2.48907500e+00,        +1.414213562373e-01,        +2.325091838898e-01,        -5.360021527823e-02
 2.48910000e+00,        +1.414213562373e-01,        +2.325076641928e-01,        -5.360065528700e-02
 2.48912500e+00,        +1.414213562373e-01,        +2.325061444715e-01,        -5.360109526380e-02
 2.48915000e+00,        +1.414213562373e-01,        +2.325046247259e-01,        -5.360153520867e-02
 2.48917500e+00,        +1.414213562373e-01,        +2.325031049559e-01,        -5.360197512160e-02
 2.48920000e+00,        +1.414213562373e-01,        +2.325015851613e-01,        -5.360241500261e-02
 2.48922500e+00,        +1.414213562373e-01,        +2.325000653421e-01,        -5.360285485172e-02
 2.48925000e+00,        +1.414213562373e-01,        +2.324985454980e-01,        -5.360329466894e-02
 2.48927500e+00,        +1.414213562373e-01,        +2.324970256290e-01,        -5.360373445427e-02
 2.48930000e+00,        +1.414213562373e-01,        +2.324955057349e-01,        -5.360417420773e-02
 2.48932500e+00,        +1.414213562373e-01,        +2.324939858156e-01,        -5.360461392933e-02
 2.48935000e+00,        +1.414213562373e-01,        +2.324924658711e-01,        -5.360505361909e-02
 2.48937500e+00,        +1.414213562373e-01,        +2.324909459011e-01,        -5.360549327702e-02
 2.48940000e+00,        +1.414213562373e-01,        +2.324894259055e-01,        -5.360593290312e-02
 2.48942500e+00,        +1.414213562373e-01,        +2.324879058843e-01,        -5.360637249741e-02
 2.48945000e+00,        +1.414213562373e-01,        +2.324863858373e-01,        -5.360681205990e-02
 2.48947500e+00,        +1.414213562373e-01,        +2.324848657643e-01,        -5.360725159060e-02
 2.48950000e+00,        +1.414213562373e-01,        +2.324833456653e-01,        -5.360769108953e-02
 2.48952500e+00,        +1.414213562373e-01,        +2.324818255402e-01,        -5.360813055670e-02
 2.48955000e+00,        +1.414213562373e-01,        +2.324803053888e-01,        -5.360856999211e-02
 2.48957500e+00,        +1.414213562373e-01,        +2.324787852109e-01,        -5.360900939579e-02
 2.48960000e+00,        +1.414213562373e-01,        +2.324772650066e-01,        -5.360944876773e-02
 2.48962500e+00,        +1.414213562373e-01,        +2.324757447756e-01,        -5.360988810796e-02
 2.48965000e+00,        +1.414213562373e-01,        +2.324742245178e-01,        -5.361032741648e-02
 2.48967500e+00,        +1.414213562373e-01,        +2.324727042331e-01,        -5.361076669331e-02
 2.48970000e+00,        +1.414213562373e-01,        +2.324711839214e-01,        -5.361120593846e-02
 2.48972500e+00,        +1.414213562373e-01,        +2.324696635826e-01,        -5.361164515193e-02
 2.48975000e+00,        +1.414213562373e-01,        +2.324681432166e-01,        -5.361208433375e-02
 2.48977500e+00,        +1.414213562373e-01,        +2.324666228231e-01,        -5.361252348391e-02
 2.48980000e+00,        +1.414213562373e-01,        +2.324651024022e-01,        -5.361296260244e-02
 2.48982500e+00,        +1.414213562373e-01,        +2.324635819537e-01,        -5.361340168934e-02
 2.48985000e+00,        +1.414213562373e-01,        +2.324620614774e-01,        -5.361384074463e-02
 2.48987500e+00,        +1.414213562373e-01,        +2.324605409733e-01,        -5.361427976832e-02
 2.48990000e+00,        +1.414213562373e-01,        +2.324590204412e-01,        -5.361471876041e-02
 2.48992500e+00,        +1.414213562373e-01,        +2.324574998810e-01,        -5.361515772092e-02
 2.48995000e+00,        +1.414213562373e-01,        +2.324559792926e-01,        -5.361559664986e-02
 2.48997500e+00,        +1.414213562373e-01,        +2.324544586759e-01,        -5.361603554724e-02
 2.49000000e+00,        +1.414213562373e-01,        +2.324529380307e-01,        -5.361647441307e-02
 2.49002500e+00,        +1.414213562373e-01,        +2.324514173570e-01,        -5.361691324737e-02
 2.49005000e+00,        +1.414213562373e-01,        +2.324498966546e-01,        -5.361735205014e-02
 2.49007500e+00,        +1.414213562373e-01,        +2.324483759233e-01,        -5.361779082140e-02
 2.49010000e+00,        +1.414213562373e-01,        +2.324468551632e-01,        -5.361822956115e-02
 2.49012500e+00,        +1.414213562373e-01,        +2.324453343740e-01,        -5.361866826941e-02
 2.49015000e+00,        +1.414213562373e-01,        +2.324438135557e-01,        -5.361910694618e-02
 2.49017500e+00,        +1.414213562373e-01,        +2.324422927081e-01,        -5.361954559148e-02
 2.49020000e+00,        +1.414213562373e-01,        +2.324407718310e-01,        -5.361998420533e-02
 2.49022500e+00,        +1.414213562373e-01,        +2.324392509245e-01,        -5.362042278772e-02
 2.49025000e+00,        +1.414213562373e-01,        +2.324377299884e-01,        -5.362086133867e-02
 2.49027500e+00,        +1.414213562373e-01,        +2.324362090225e-01,        -5.362129985820e-02
 2.49030000e+00,        +1.414213562373e-01,        +2.324346880268e-01,        -5.362173834630e-02
 2.49032500e+00,        +1.414213562373e-01,        +2.324331670010e-01,        -5.362217680300e-02
 2.49035000e+00,        +1.414213562373e-01,        +2.324316459452e-01,        -5.362261522830e-02
 2.49037500e+00,        +1.414213562373e-01,        +2.324301248592e-01,        -5.362305362221e-02
 2.49040000e+00,        +1.414213562373e-01,        +2.324286037428e-01,        -5.362349198475e-02
 2.49042500e+00,        +1.414213562373e-01,        +2.324270825960e-01,        -5.362393031592e-02
 2.49045000e+00,        +1.414213562373e-01,        +2.324255614187e-01,        -5.362436861574e-02
 2.49047500e+00,        +1.414213562373e-01,        +2.324240402106e-01,        -5.362480688421e-02
 2.49050000e+00,        +1.414213562373e-01,        +2.324225189718e-01,        -5.362524512135e-02
 2.49052500e+00,        +1.414213562373e-01,        +2.324209977021e-01,        -5.362568332717e-02
 2.49055000e+00,        +1.414213562373e-01,        +2.324194764013e-01,        -5.362612150167e-02
 2.49057500e+00,        +1.414213562373e-01,        +2.324179550694e-01,        -5.362655964486e-02
 2.49060000e+00,        +1.414213562373e-01,        +2.324164337062e-01,        -5.362699775677e-02
 2.49062500e+00,        +1.414213562373e-01,        +2.324149123117e-01,        -5.362743583739e-02
 2.49065000e+00,        +1.414213562373e-01,        +2.324133908857e-01,        -5.362787388673e-02
 2.49067500e+00,        +1.414213562373e-01,        +2.324118694281e-01,        -5.362831190482e-02
 2.49070000e+00,        +1.414213562373e-01,        +2.324103479388e-01,        -5.362874989165e-02
 2.49072500e+00,        +1.414213562373e-01,        +2.324088264177e-01,        -5.362918784724e-02
 2.49075000e+00,        +1.414213562373e-01,        +2.324073048646e-01,        -5.362962577160e-02
 2.49077500e+00,        +1.414213562373e-01,        +2.324057832795e-01,        -5.363006366473e-02
 2.49080000e+00,        +1.414213562373e-01,        +2.324042616622e-01,        -5.363050152665e-02
 2.49082500e+00,        +1.414213562373e-01,        +2.324027400126e-01,        -5.363093935737e-02
 2.49085000e+00,        +1.414213562373e-01,        +2.324012183306e-01,        -5.363137715690e-02
 2.49087500e+00,        +1.414213562373e-01,        +2.323996966161e-01,        -5.363181492524e-02
 2.49090000e+00,        +1.414213562373e-01,        +2.323981748690e-01,        -5.363225266241e-02
 2.49092500e+00,        +1.414213562373e-01,        +2.323966530891e-01,        -5.363269036842e-02
 2.49095000e+00,        +1.414213562373e-01,        +2.323951312764e-01,        -5.363312804328e-02
 2.49097500e+00,        +1.414213562373e-01,        +2.323936094308e-01,        -5.363356568699e-02
 2.49100000e+00,        +1.414213562373e-01,        +2.323920875520e-01,        -5.363400329957e-02
 2.49102500e+00,        +1.414213562373e-01,        +2.323905656401e-01,        -5.363444088102e-02
 2.49105000e+00,        +1.414213562373e-01,        +2.323890436948e-01,        -5.363487843136e-02
 2.49107500e+00,        +1.414213562373e-01,        +2.323875217162e-01,        -5.363531595059e-02
 2.49110000e+00,        +1.414213562373e-01,        +2.323859997040e-01,        -5.363575343873e-02
 2.49112500e+00,        +1.414213562373e-01,        +2.323844776582e-01,        -5.363619089579e-02
 2.49115000e+00,        +1.414213562373e-01,        +2.323829555786e-01,        -5.363662832176e-02
 2.49117500e+00,        +1.414213562373e-01,        +2.323814334652e-01,        -5.363706571667e-02
 2.49120000e+00,        +1.414213562373e-01,        +2.323799113178e-01,        -5.363750308053e-02
 2.49122500e+00,        +1.414213562373e-01,        +2.323783891363e-01,        -5.363794041334e-02
 2.49125000e+00,        +1.414213562373e-01,        +2.323768669206e-01,        -5.363837771510e-02
 2.49127500e+00,        +1.414213562373e-01,        +2.323753446706e-01,        -5.363881498584e-02
 2.49130000e+00,        +1.414213562373e-01,        +2.323738223862e-01,        -5.363925222556e-02
 2.49132500e+00,        +1.414213562373e-01,        +2.323723000672e-01,        -5.363968943427e-02
 2.49135000e+00,        +1.414213562373e-01,        +2.323707777136e-01,        -5.364012661198e-02
 2.49137500e+00,        +1.414213562373e-01,        +2.323692553253e-01,        -5.364056375870e-02
 2.49140000e+00,        +1.414213562373e-01,        +2.323677329021e-01,        -5.364100087444e-02
 2.49142500e+00,        +1.414213562373e-01,        +2.323662104439e-01,        -5.364143795920e-02
 2.49145000e+00,        +1.414213562373e-01,        +2.323646879506e-01,        -5.364187501300e-02
 2.49147500e+00,        +1.414213562373e-01,        +2.323631654221e-01,        -5.364231203585e-02
 2.49150000e+00,        +1.414213562373e-01,        +2.323616428584e-01,        -5.364274902775e-02
 2.49152500e+00,        +1.414213562373e-01,        +2.323601202592e-01,        -5.364318598871e-02
 2.49155000e+00,        +1.414213562373e-01,        +2.323585976245e-01,        -5.364362291875e-02
 2.49157500e+00,        +1.414213562373e-01,        +2.323570749541e-01,        -5.364405981786e-02
 2.49160000e+00,        +1.414213562373e-01,        +2.323555522480e-01,        -5.364449668607e-02
 2.49162500e+00,        +1.414213562373e-01,        +2.323540295060e-01,        -5.364493352338e-02
 2.49165000e+00,        +1.414213562373e-01,        +2.323525067281e-01,        -5.364537032980e-02
 2.49167500e+00,        +1.414213562373e-01,        +2.323509839141e-01,        -5.364580710533e-02
 2.49170000e+00,        +1.414213562373e-01,        +2.323494610639e-01,        -5.364624384999e-02
 2.49172500e+00,        +1.414213562373e-01,        +2.323479381775e-01,        -5.364668056379e-02
 2.49175000e+00,        +1.414213562373e-01,        +2.323464152546e-01,        -5.364711724673e-02
 2.49177500e+00,        +1.414213562373e-01,        +2.323448922952e-01,        -5.364755389883e-02
 2.49180000e+00,        +1.414213562373e-01,        +2.323433692992e-01,        -5.364799052008e-02
 2.49182500e+00,        +1.414213562373e-01,        +2.323418462665e-01,        -5.364842711051e-02
 2.49185000e+00,        +1.414213562373e-01,        +2.323403231969e-01,        -5.364886367012e-02
 2.49187500e+00,        +1.414213562373e-01,        +2.323388000904e-01,        -5.364930019891e-02
 2.49190000e+00,        +1.414213562373e-01,        +2.323372769469e-01,        -5.364973669690e-02
 2.49192500e+00,        +1.414213562373e-01,        +2.323357537661e-01,        -5.365017316410e-02
 2.49195000e+00,        +1.414213562373e-01,        +2.323342305482e-01,        -5.365060960051e-02
 2.49197500e+00,        +1.414213562373e-01,        +2.323327072928e-01,        -5.365104600614e-02
 2.49200000e+00,        +1.414213562373e-01,        +2.323311839999e-01,        -5.365148238100e-02
 2.49202500e+00,        +1.414213562373e-01,        +2.323296606695e-01,        -5.365191872511e-02
 2.49205000e+00,        +1.414213562373e-01,        +2.323281373014e-01,        -5.365235503846e-02
 2.49207500e+00,        +1.414213562373e-01,        +2.323266138954e-01,        -5.365279132107e-02
 2.49210000e+00,        +1.414213562373e-01,        +2.323250904516e-01,        -5.365322757294e-02
 2.49212500e+00,        +1.414213562373e-01,        +2.323235669697e-01,        -5.365366379409e-02
 2.49215000e+00,        +1.414213562373e-01,        +2.323220434497e-01,        -5.365409998452e-02
 2.49217500e+00,        +1.414213562373e-01,        +2.323205198915e-01,        -5.365453614424e-02
 2.49220000e+00,        +1.414213562373e-01,        +2.323189962949e-01,        -5.365497227325e-02
 2.49222500e+00,        +1.414213562373e-01,        +2.323174726599e-01,        -5.365540837158e-02
 2.49225000e+00,        +1.414213562373e-01,        +2.323159489863e-01,        -5.365584443922e-02
 2.49227500e+00,        +1.414213562373e-01,        +2.323144252740e-01,        -5.365628047618e-02
 2.49230000e+00,        +1.414213562373e-01,        +2.323129015230e-01,        -5.365671648248e-02
 2.49232500e+00,        +1.414213562373e-01,        +2.323113777332e-01,        -5.365715245811e-02
 2.49235000e+00,        +1.414213562373e-01,        +2.323098539043e-01,        -5.365758840309e-02
 2.49237500e+00,        +1.414213562373e-01,        +2.323083300364e-01,        -5.365802431743e-02
 2.49240000e+00,        +1.414213562373e-01,        +2.323068061293e-01,        -5.365846020114e-02
 2.49242500e+00,        +1.414213562373e-01,        +2.323052821828e-01,        -5.365889605421e-02
 2.49245000e+00,        +1.414213562373e-01,        +2.323037581970e-01,        -5.365933187667e-02
 2.49247500e+00,        +1.414213562373e-01,        +2.323022341717e-01,        -5.365976766851e-02
 2.49250000e+00,        +1.414213562373e-01,        +2.323007101067e-01,        -5.366020342975e-02
 2.49252500e+00,        +1.414213562373e-01,        +2.322991860021e-01,        -5.366063916040e-02
 2.49255000e+00,        +1.414213562373e-01,        +2.322976618576e-01,        -5.366107486046e-02
 2.49257500e+00,        +1.414213562373e-01,        +2.322961376732e-01,        -5.366151052993e-02
 2.49260000e+00,        +1.414213562373e-01,        +2.322946134488e-01,        -5.366194616884e-02
 2.49262500e+00,        +1.414213562373e-01,        +2.322930891842e-01,        -5.366238177718e-02
 2.49265000e+00,        +1.414213562373e-01,        +2.322915648794e-01,        -5.366281735497e-02
 2.49267500e+00,        +1.414213562373e-01,        +2.322900405342e-01,        -5.366325290221e-02
 2.49270000e+00,        +1.414213562373e-01,        +2.322885161486e-01,        -5.366368841891e-02
 2.49272500e+00,        +1.414213562373e-01,        +2.322869917224e-01,        -5.366412390507e-02
 2.49275000e+00,        +1.414213562373e-01,        +2.322854672556e-01,        -5.366455936071e-02
 2.49277500e+00,        +1.414213562373e-01,        +2.322839427480e-01,        -5.366499478584e-02
 2.49280000e+00,        +1.414213562373e-01,        +2.322824181996e-01,        -5.366543018045e-02
 2.49282500e+00,        +1.414213562373e-01,        +2.322808936102e-01,        -5.366586554456e-02
 2.49285000e+00,        +1.414213562373e-01,        +2.322793689797e-01,        -5.366630087818e-02
 2.49287500e+00,        +1.414213562373e-01,        +2.322778443080e-01,        -5.366673618131e-02
 2.49290000e+00,        +1.414213562373e-01,        +2.322763195951e-01,        -5.366717145397e-02
 2.49292500e+00,        +1.414213562373e-01,        +2.322747948407e-01,        -5.366760669615e-02
 2.49295000e+00,        +1.414213562373e-01,        +2.322732700449e-01,        -5.366804190787e-02
 2.49297500e+00,        +1.414213562373e-01,        +2.322717452075e-01,        -5.366847708913e-02
 2.49300000e+00,        +1.414213562373e-01,        +2.322702203284e-01,        -5.366891223994e-02
 2.49302500e+00,        +1.414213562373e-01,        +2.322686954075e-01,        -5.366934736031e-02
 2.49305000e+00,        +1.414213562373e-01,        +2.322671704447e-01,        -5.366978245025e-02
 2.49307500e+00,        +1.414213562373e-01,        +2.322656454399e-01,        -5.367021750976e-02
 2.49310000e+00,        +1.414213562373e-01,        +2.322641203930e-01,        -5.367065253885e-02
 2.49312500e+00,        +1.414213562373e-01,        +2.322625953039e-01,        -5.367108753753e-02
 2.49315000e+00,        +1.414213562373e-01,        +2.322610701725e-01,        -5.367152250581e-02
 2.49317500e+00,        +1.414213562373e-01,        +2.322595449986e-01,        -5.367195744368e-02
 2.49320000e+00,        +1.414213562373e-01,        +2.322580197823e-01,        -5.367239235117e-02
 2.49322500e+00,        +1.414213562373e-01,        +2.322564945233e-01,        -5.367282722828e-02
 2.49325000e+00,        +1.414213562373e-01,        +2.322549692217e-01,        -5.367326207501e-02
 2.49327500e+00,        +1.414213562373e-01,        +2.322534438772e-01,        -5.367369689137e-02
 2.49330000e+00,        +1.414213562373e-01,        +2.322519184898e-01,        -5.367413167737e-02
 2.49332500e+00,        +1.414213562373e-01,        +2.322503930593e-01,        -5.367456643302e-02
 2.49335000e+00,        +1.414213562373e-01,        +2.322488675858e-01,        -5.367500115832e-02
 2.49337500e+00,        +1.414213562373e-01,        +2.322473420690e-01,        -5.367543585328e-02
 2.49340000e+00,        +1.414213562373e-01,        +2.322458165088e-01,        -5.367587051791e-02
 2.49342500e+00,        +1.414213562373e-01,        +2.322442909053e-01,        -5.367630515221e-02
 2.49345000e+00,        +1.414213562373e-01,        +2.322427652582e-01,        -5.367673975620e-02
 2.49347500e+00,        +1.414213562373e-01,        +2.322412395675e-01,        -5.367717432987e-02
 2.49350000e+00,        +1.414213562373e-01,        +2.322397138331e-01,        -5.367760887324e-02
 2.49352500e+00,        +1.414213562373e-01,        +2.322381880548e-01,        -5.367804338631e-02
 2.49355000e+00,        +1.414213562373e-01,        +2.322366622326e-01,        -5.367847786910e-02
 2.49357500e+00,        +1.414213562373e-01,        +2.322351363664e-01,        -5.367891232159e-02
 2.49360000e+00,        +1.414213562373e-01,        +2.322336104560e-01,        -5.367934674381e-02
 2.49362500e+00,        +1.414213562373e-01,        +2.322320845014e-01,        -5.367978113577e-02
 2.49365000e+00,        +1.414213562373e-01,        +2.322305585025e-01,        -5.368021549745e-02
 2.49367500e+00,        +1.414213562373e-01,        +2.322290324591e-01,        -5.368064982889e-02
 2.49370000e+00,        +1.414213562373e-01,        +2.322275063712e-01,        -5.368108413007e-02
 2.49372500e+00,        +1.414213562373e-01,        +2.322259802387e-01,        -5.368151840101e-02
 2.49375000e+00,        +1.414213562373e-01,        +2.322244540614e-01,        -5.368195264171e-02
 2.49377500e+00,        +1.414213562373e-01,        +2.322229278393e-01,        -5.368238685219e-02
 2.49380000e+00,        +1.414213562373e-01,        +2.322214015723e-01,        -5.368282103244e-02
 2.49382500e+00,        +1.414213562373e-01,        +2.322198752602e-01,        -5.368325518248e-02
 2.49385000e+00,        +1.414213562373e-01,        +2.322183489030e-01,        -5.368368930231e-02
 2.49387500e+00,        +1.414213562373e-01,        +2.322168225005e-01,        -5.368412339193e-02
 2.49390000e+00,        +1.414213562373e-01,        +2.322152960528e-01,        -5.368455745136e-02
 2.49392500e+00,        +1.414213562373e-01,        +2.322137695596e-01,        -5.368499148060e-02
 2.49395000e+00,        +1.414213562373e-01,        +2.322122430208e-01,        -5.368542547966e-02
 2.49397500e+00,        +1.414213562373e-01,        +2.322107164365e-01,        -5.368585944854e-02
 2.49400000e+00,        +1.414213562373e-01,        +2.322091898064e-01,        -5.368629338726e-02
 2.49402500e+00,        +1.414213562373e-01,        +2.322076631304e-01,        -5.368672729580e-02
 2.49405000e+00,        +1.414213562373e-01,        +2.322061364086e-01,        -5.368716117420e-02
 2.49407500e+00,        +1.414213562373e-01,        +2.322046096407e-01,        -5.368759502244e-02
 2.49410000e+00,        +1.414213562373e-01,        +2.322030828267e-01,        -5.368802884054e-02
 2.49412500e+00,        +1.414213562373e-01,        +2.322015559665e-01,        -5.368846262850e-02
 2.49415000e+00,        +1.414213562373e-01,        +2.322000290600e-01,        -5.368889638633e-02
 2.49417500e+00,        +1.414213562373e-01,        +2.321985021070e-01,        -5.368933011403e-02
 2.49420000e+00,        +1.414213562373e-01,        +2.321969751076e-01,        -5.368976381162e-02
 2.49422500e+00,        +1.414213562373e-01,        +2.321954480615e-01,        -5.369019747909e-02
 2.49425000e+00,        +1.414213562373e-01,        +2.321939209687e-01,        -5.369063111646e-02
 2.49427500e+00,        +1.414213562373e-01,        +2.321923938291e-01,        -5.369106472373e-02
 2.49430000e+00,        +1.414213562373e-01,        +2.321908666426e-01,        -5.369149830090e-02
 2.49432500e+00,        +1.414213562373e-01,        +2.321893394091e-01,        -5.369193184799e-02
 2.49435000e+00,        +1.414213562373e-01,        +2.321878121285e-01,        -5.369236536500e-02
 2.49437500e+00,        +1.414213562373e-01,        +2.321862848006e-01,        -5.369279885193e-02
 2.49440000e+00,        +1.414213562373e-01,        +2.321847574255e-01,        -5.369323230879e-02
 2.49442500e+00,        +1.414213562373e-01,        +2.321832300030e-01,        -5.369366573559e-02
 2.49445000e+00,        +1.414213562373e-01,        +2.321817025330e-01,        -5.369409913234e-02
 2.49447500e+00,        +1.414213562373e-01,        +2.321801750154e-01,        -5.369453249903e-02
 2.49450000e+00,        +1.414213562373e-01,        +2.321786474501e-01,        -5.369496583568e-02
 2.49452500e+00,        +1.414213562373e-01,        +2.321771198371e-01,        -5.369539914229e-02
 2.49455000e+00,        +1.414213562373e-01,        +2.321755921761e-01,        -5.369583241887e-02
 2.49457500e+00,        +1.414213562373e-01,        +2.321740644672e-01,        -5.369626566542e-02
 2.49460000e+00,        +1.414213562373e-01,        +2.321725367102e-01,        -5.369669888195e-02
 2.49462500e+00,        +1.414213562373e-01,        +2.321710089050e-01,        -5.369713206847e-02
 2.49465000e+00,        +1.414213562373e-01,        +2.321694810516e-01,        -5.369756522498e-02
 2.49467500e+00,        +1.414213562373e-01,        +2.321679531498e-01,        -5.369799835149e-02
 2.49470000e+00,        +1.414213562373e-01,        +2.321664251995e-01,        -5.369843144800e-02
 2.49472500e+00,        +1.414213562373e-01,        +2.321648972007e-01,        -5.369886451452e-02
 2.49475000e+00,        +1.414213562373e-01,        +2.321633691533e-01,        -5.369929755105e-02
 2.49477500e+00,        +1.414213562373e-01,        +2.321618410571e-01,        -5.369973055761e-02
 2.49480000e+00,        +1.414213562373e-01,        +2.321603129120e-01,        -5.370016353419e-02
 2.49482500e+00,        +1.414213562373e-01,        +2.321587847180e-01,        -5.370059648080e-02
 2.49485000e+00,        +1.414213562373e-01,        +2.321572564750e-01,        -5.370102939745e-02
 2.49487500e+00,        +1.414213562373e-01,        +2.321557281828e-01,        -5.370146228415e-02
 2.49490000e+00,        +1.414213562373e-01,        +2.321541998414e-01,        -5.370189514090e-02
 2.49492500e+00,        +1.414213562373e-01,        +2.321526714507e-01,        -5.370232796770e-02
 2.49495000e+00,        +1.414213562373e-01,        +2.321511430106e-01,        -5.370276076456e-02
 2.49497500e+00,        +1.414213562373e-01,        +2.321496145209e-01,        -5.370319353148e-02
 2.49500000e+00,        +1.414213562373e-01,        +2.321480859817e-01,        -5.370362626848e-02
 2.49502500e+00,        +1.414213562373e-01,        +2.321465573927e-01,        -5.370405897556e-02
 2.49505000e+00,        +1.414213562373e-01,        +2.321450287539e-01,        -5.370449165272e-02
 2.49507500e+00,        +1.414213562373e-01,        +2.321435000653e-01,        -5.370492429997e-02
 2.49510000e+00,        +1.414213562373e-01,        +2.321419713266e-01,        -5.370535691731e-02
 2.49512500e+00,        +1.414213562373e-01,        +2.321404425379e-01,        -5.370578950476e-02
 2.49515000e+00,        +1.414213562373e-01,        +2.321389136990e-01,        -5.370622206231e-02
 2.49517500e+00,        +1.414213562373e-01,        +2.321373848098e-01,        -5.370665458997e-02
 2.49520000e+00,        +1.414213562373e-01,        +2.321358558703e-01,        -5.370708708774e-02
 2.49522500e+00,        +1.414213562373e-01,        +2.321343268803e-01,        -5.370751955564e-02
 2.49525000e+00,        +1.414213562373e-01,        +2.321327978397e-01,        -5.370795199366e-02
 2.49527500e+00,        +1.414213562373e-01,        +2.321312687485e-01,        -5.370838440182e-02
 2.49530000e+00,        +1.414213562373e-01,        +2.321297396065e-01,        -5.370881678012e-02
 2.49532500e+00,        +1.414213562373e-01,        +2.321282104137e-01,        -5.370924912855e-02
 2.49535000e+00,        +1.414213562373e-01,        +2.321266811699e-01,        -5.370968144714e-02
 2.49537500e+00,        +1.414213562373e-01,        +2.321251518752e-01,        -5.371011373588e-02
 2.49540000e+00,        +1.414213562373e-01,        +2.321236225293e-01,        -5.371054599478e-02
 2.49542500e+00,        +1.414213562373e-01,        +2.321220931322e-01,        -5.371097822384e-02
 2.49545000e+00,        +1.414213562373e-01,        +2.321205636838e-01,        -5.371141042307e-02
 2.49547500e+00,        +1.414213562373e-01,        +2.321190341839e-01,        -5.371184259248e-02
 2.49550000e+00,        +1.414213562373e-01,        +2.321175046326e-01,        -5.371227473207e-02
 2.49552500e+00,        +1.414213562373e-01,        +2.321159750297e-01,        -5.371270684184e-02
 2.49555000e+00,        +1.414213562373e-01,        +2.321144453751e-01,        -5.371313892180e-02
 2.49557500e+00,        +1.414213562373e-01,        +2.321129156687e-01,        -5.371357097196e-02
 2.49560000e+00,        +1.414213562373e-01,        +2.321113859105e-01,        -5.371400299232e-02
 2.49562500e+00,        +1.414213562373e-01,        +2.321098561003e-01,        -5.371443498288e-02
 2.49565000e+00,        +1.414213562373e-01,        +2.321083262380e-01,        -5.371486694366e-02
 2.49567500e+00,        +1.414213562373e-01,        +2.321067963236e-01,        -5.371529887465e-02
 2.49570000e+00,        +1.414213562373e-01,        +2.321052663569e-01,        -5.371573077586e-02
 2.49572500e+00,        +1.414213562373e-01,        +2.321037363379e-01,        -5.371616264729e-02
 2.49575000e+00,        +1.414213562373e-01,        +2.321022062665e-01,        -5.371659448896e-02
 2.49577500e+00,        +1.414213562373e-01,        +2.321006761425e-01,        -5.371702630086e-02
 2.49580000e+00,        +1.414213562373e-01,        +2.320991459660e-01,        -5.371745808301e-02
 2.49582500e+00,        +1.414213562373e-01,        +2.320976157367e-01,        -5.371788983540e-02
 2.49585000e+00,        +1.414213562373e-01,        +2.320960854546e-01,        -5.371832155804e-02
 2.49587500e+00,        +1.414213562373e-01,        +2.320945551196e-01,        -5.371875325093e-02
 2.49590000e+00,        +1.414213562373e-01,        +2.320930247317e-01,        -5.371918491409e-02
 2.49592500e+00,        +1.414213562373e-01,        +2.320914942906e-01,        -5.371961654751e-02
 2.49595000e+00,        +1.414213562373e-01,        +2.320899637964e-01,        -5.372004815120e-02
 2.49597500e+00,        +1.414213562373e-01,        +2.320884332490e-01,        -5.372047972516e-02
 2.49600000e+00,        +1.414213562373e-01,        +2.320869026482e-01,        -5.372091126941e-02
 2.49602500e+00,        +1.414213562373e-01,        +2.320853719939e-01,        -5.372134278394e-02
 2.49605000e+00,        +1.414213562373e-01,        +2.320838412861e-01,        -5.372177426875e-02
 2.49607500e+00,        +1.414213562373e-01,        +2.320823105246e-01,        -5.372220572386e-02
 2.49610000e+00,        +1.414213562373e-01,        +2.320807797095e-01,        -5.372263714927e-02
 2.49612500e+00,        +1.414213562373e-01,        +2.320792488405e-01,        -5.372306854499e-02
 2.49615000e+00,        +1.414213562373e-01,        +2.320777179176e-01,        -5.372349991101e-02
 2.49617500e+00,        +1.414213562373e-01,        +2.320761869408e-01,        -5.372393124734e-02
 2.49620000e+00,        +1.414213562373e-01,        +2.320746559098e-01,        -5.372436255399e-02
 2.49622500e+00,        +1.414213562373e-01,        +2.320731248247e-01,        -5.372479383097e-02
 2.49625000e+00,        +1.414213562373e-01,        +2.320715936852e-01,        -5.372522507826e-02
 2.49627500e+00,        +1.414213562373e-01,        +2.320700624915e-01,        -5.372565629589e-02
 2.49630000e+00,        +1.414213562373e-01,        +2.320685312432e-01,        -5.372608748386e-02
 2.49632500e+00,        +1.414213562373e-01,        +2.320669999404e-01,        -5.372651864216e-02
 2.49635000e+00,        +1.414213562373e-01,        +2.320654685830e-01,        -5.372694977081e-02
 2.49637500e+00,        +1.414213562373e-01,        +2.320639371709e-01,        -5.372738086981e-02
 2.49640000e+00,        +1.414213562373e-01,        +2.320624057039e-01,        -5.372781193916e-02
 2.49642500e+00,        +1.414213562373e-01,        +2.320608741821e-01,        -5.372824297887e-02
 2.49645000e+00,        +1.414213562373e-01,        +2.320593426052e-01,        -5.372867398895e-02
 2.49647500e+00,        +1.414213562373e-01,        +2.320578109732e-01,        -5.372910496939e-02
 2.49650000e+00,        +1.414213562373e-01,        +2.320562792861e-01,        -5.372953592020e-02
 2.49652500e+00,        +1.414213562373e-01,        +2.320547475437e-01,        -5.372996684138e-02
 2.49655000e+00,        +1.414213562373e-01,        +2.320532157459e-01,        -5.373039773295e-02
 2.49657500e+00,        +1.414213562373e-01,        +2.320516838926e-01,        -5.373082859490e-02
 2.49660000e+00,        +1.414213562373e-01,        +2.320501519839e-01,        -5.373125942724e-02
 2.49662500e+00,        +1.414213562373e-01,        +2.320486200195e-01,        -5.373169022997e-02
 2.49665000e+00,        +1.414213562373e-01,        +2.320470879993e-01,        -5.373212100310e-02
 2.49667500e+00,        +1.414213562373e-01,        +2.320455559234e-01,        -5.373255174663e-02
 2.49670000e+00,        +1.414213562373e-01,        +2.320440237915e-01,        -5.373298246057e-02
 2.49672500e+00,        +1.414213562373e-01,        +2.320424916037e-01,        -5.373341314491e-02
 2.49675000e+00,        +1.414213562373e-01,        +2.320409593597e-01,        -5.373384379968e-02
 2.49677500e+00,        +1.414213562373e-01,        +2.320394270596e-01,        -5.373427442485e-02
 2.49680000e+00,        +1.414213562373e-01,        +2.320378947032e-01,        -5.373470502046e-02
 2.49682500e+00,        +1.414213562373e-01,        +2.320363622905e-01,        -5.373513558649e-02
 2.49685000e+00,        +1.414213562373e-01,        +2.320348298213e-01,        -5.373556612294e-02
 2.49687500e+00,        +1.414213562373e-01,        +2.320332972956e-01,        -5.373599662984e-02
 2.49690000e+00,        +1.414213562373e-01,        +2.320317647133e-01,        -5.373642710717e-02
 2.49692500e+00,        +1.414213562373e-01,        +2.320302320742e-01,        -5.373685755495e-02
 2.49695000e+00,        +1.414213562373e-01,        +2.320286993784e-01,        -5.373728797317e-02
 2.49697500e+00,        +1.414213562373e-01,        +2.320271666256e-01,        -5.373771836185e-02
 2.49700000e+00,        +1.414213562373e-01,        +2.320256338159e-01,        -5.373814872098e-02
 2.49702500e+00,        +1.414213562373e-01,        +2.320241009491e-01,        -5.373857905057e-02
 2.49705000e+00,        +1.414213562373e-01,        +2.320225680252e-01,        -5.373900935063e-02
 2.49707500e+00,        +1.414213562373e-01,        +2.320210350440e-01,        -5.373943962115e-02
 2.49710000e+00,        +1.414213562373e-01,        +2.320195020054e-01,        -5.373986986214e-02
 2.49712500e+00,        +1.414213562373e-01,        +2.320179689095e-01,        -5.374030007361e-02
 2.49715000e+00,        +1.414213562373e-01,        +2.320164357560e-01,        -5.374073025555e-02
 2.49717500e+00,        +1.414213562373e-01,        +2.320149025449e-01,        -5.374116040798e-02
 2.49720000e+00,        +1.414213562373e-01,        +2.320133692761e-01,        -5.374159053090e-02
 2.49722500e+00,        +1.414213562373e-01,        +2.320118359495e-01,        -5.374202062431e-02
 2.49725000e+00,        +1.414213562373e-01,        +2.320103025651e-01,        -5.374245068821e-02
 2.49727500e+00,        +1.414213562373e-01,        +2.320087691227e-01,        -5.374288072261e-02
 2.49730000e+00,        +1.414213562373e-01,        +2.320072356222e-01,        -5.374331072752e-02
 2.49732500e+00,        +1.414213562373e-01,        +2.320057020636e-01,        -5.374374070292e-02
 2.49735000e+00,        +1.414213562373e-01,        +2.320041684468e-01,        -5.374417064884e-02
 2.49737500e+00,        +1.414213562373e-01,        +2.320026347717e-01,        -5.374460056528e-02
 2.49740000e+00,        +1.414213562373e-01,        +2.320011010382e-01,        -5.374503045223e-02
 2.49742500e+00,        +1.414213562373e-01,        +2.319995672461e-01,        -5.374546030970e-02
 2.49745000e+00,        +1.414213562373e-01,        +2.319980333955e-01,        -5.374589013770e-02
 2.49747500e+00,        +1.414213562373e-01,        +2.319964994863e-01,        -5.374631993622e-02
 2.49750000e+00,        +1.414213562373e-01,        +2.319949655182e-01,        -5.374674970528e-02
 2.49752500e+00,        +1.414213562373e-01,        +2.319934314914e-01,        -5.374717944487e-02
 2.49755000e+00,        +1.414213562373e-01,        +2.319918974056e-01,        -5.374760915500e-02
 2.49757500e+00,        +1.414213562373e-01,        +2.319903632608e-01,        -5.374803883568e-02
 2.49760000e+00,        +1.414213562373e-01,        +2.319888290568e-01,        -5.374846848690e-02
 2.49762500e+00,        +1.414213562373e-01,        +2.319872947937e-01,        -5.374889810868e-02
 2.49765000e+00,        +1.414213562373e-01,        +2.319857604713e-01,        -5.374932770100e-02
 2.49767500e+00,        +1.414213562373e-01,        +2.319842260895e-01,        -5.374975726389e-02
 2.49770000e+00,        +1.414213562373e-01,        +2.319826916483e-01,        -5.375018679733e-02
 2.49772500e+00,        +1.414213562373e-01,        +2.319811571475e-01,        -5.375061630134e-02
 2.49775000e+00,        +1.414213562373e-01,        +2.319796225871e-01,        -5.375104577592e-02
 2.49777500e+00,        +1.414213562373e-01,        +2.319780879669e-01,        -5.375147522107e-02
 2.49780000e+00,        +1.414213562373e-01,        +2.319765532870e-01,        -5.375190463679e-02
 2.49782500e+00,        +1.414213562373e-01,        +2.319750185471e-01,        -5.375233402310e-02
 2.49785000e+00,        +1.414213562373e-01,        +2.319734837473e-01,        -5.375276337998e-02
 2.49787500e+00,        +1.414213562373e-01,        +2.319719488874e-01,        -5.375319270745e-02
 2.49790000e+00,        +1.414213562373e-01,        +2.319704139674e-01,        -5.375362200551e-02
 2.49792500e+00,        +1.414213562373e-01,        +2.319688789871e-01,        -5.375405127416e-02
 2.49795000e+00,        +1.414213562373e-01,        +2.319673439464e-01,        -5.375448051341e-02
 2.49797500e+00,        +1.414213562373e-01,        +2.319658088454e-01,        -5.375490972325e-02
 2.49800000e+00,        +1.414213562373e-01,        +2.319642736838e-01,        -5.375533890370e-02
 2.49802500e+00,        +1.414213562373e-01,        +2.319627384617e-01,        -5.375576805475e-02
 2.49805000e+00,        +1.414213562373e-01,        +2.319612031788e-01,        -5.375619717641e-02
 2.49807500e+00,        +1.414213562373e-01,        +2.319596678352e-01,        -5.375662626868e-02
 2.49810000e+00,        +1.414213562373e-01,        +2.319581324308e-01,        -5.375705533157e-02
 2.49812500e+00,        +1.414213562373e-01,        +2.319565969654e-01,        -5.375748436508e-02
 2.49815000e+00,        +1.414213562373e-01,        +2.319550614390e-01,        -5.375791336920e-02
 2.49817500e+00,        +1.414213562373e-01,        +2.319535258514e-01,        -5.375834234396e-02
 2.49820000e+00,        +1.414213562373e-01,        +2.319519902027e-01,        -5.375877128934e-02
 2.49822500e+00,        +1.414213562373e-01,        +2.319504544927e-01,        -5.375920020535e-02
 2.49825000e+00,        +1.414213562373e-01,        +2.319489187213e-01,        -5.375962909200e-02
 2.49827500e+00,        +1.414213562373e-01,        +2.319473828884e-01,        -5.376005794928e-02
 2.49830000e+00,        +1.414213562373e-01,        +2.319458469940e-01,        -5.376048677721e-02
 2.49832500e+00,        +1.414213562373e-01,        +2.319443110380e-01,        -5.376091557577e-02
 2.49835000e+00,        +1.414213562373e-01,        +2.319427750203e-01,        -5.376134434499e-02
 2.49837500e+00,        +1.414213562373e-01,        +2.319412389407e-01,        -5.376177308486e-02
 2.49840000e+00,        +1.414213562373e-01,        +2.319397027993e-01,        -5.376220179538e-02
 2.49842500e+00,        +1.414213562373e-01,        +2.319381665958e-01,        -5.376263047655e-02
 2.49845000e+00,        +1.414213562373e-01,        +2.319366303304e-01,        -5.376305912838e-02
 2.49847500e+00,        +1.414213562373e-01,        +2.319350940027e-01,        -5.376348775088e-02
 2.49850000e+00,        +1.414213562373e-01,        +2.319335576129e-01,        -5.376391634404e-02
 2.49852500e+00,        +1.414213562373e-01,        +2.319320211607e-01,        -5.376434490787e-02
 2.49855000e+00,        +1.414213562373e-01,        +2.319304846461e-01,        -5.376477344237e-02
 2.49857500e+00,        +1.414213562373e-01,        +2.319289480690e-01,        -5.376520194755e-02
 2.49860000e+00,        +1.414213562373e-01,        +2.319274114293e-01,        -5.376563042340e-02
 2.49862500e+00,        +1.414213562373e-01,        +2.319258747270e-01,        -5.376605886993e-02
 2.49865000e+00,        +1.414213562373e-01,        +2.319243379619e-01,        -5.376648728714e-02
 2.49867500e+00,        +1.414213562373e-01,        +2.319228011340e-01,        -5.376691567504e-02
 2.49870000e+00,        +1.414213562373e-01,        +2.319212642432e-01,        -5.376734403363e-02
 2.49872500e+00,        +1.414213562373e-01,        +2.319197272894e-01,        -5.376777236291e-02
 2.49875000e+00,        +1.414213562373e-01,        +2.319181902724e-01,        -5.376820066289e-02
 2.49877500e+00,        +1.414213562373e-01,        +2.319166531923e-01,        -5.376862893356e-02
 2.49880000e+00,        +1.414213562373e-01,        +2.319151160490e-01,        -5.376905717493e-02
 2.49882500e+00,        +1.414213562373e-01,        +2.319135788422e-01,        -5.376948538700e-02
 2.49885000e+00,        +1.414213562373e-01,        +2.319120415721e-01,        -5.376991356978e-02
 2.49887500e+00,        +1.414213562373e-01,        +2.319105042384e-01,        -5.377034172327e-02
 2.49890000e+00,        +1.414213562373e-01,        +2.319089668412e-01,        -5.377076984747e-02
 2.49892500e+00,        +1.414213562373e-01,        +2.319074293802e-01,        -5.377119794238e-02
 2.49895000e+00,        +1.414213562373e-01,        +2.319058918555e-01,        -5.377162600801e-02
 2.49897500e+00,        +1.414213562373e-01,        +2.319043542669e-01,        -5.377205404436e-02
 2.49900000e+00,        +1.414213562373e-01,        +2.319028166144e-01,        -5.377248205142e-02
 2.49902500e+00,        +1.414213562373e-01,        +2.319012788978e-01,        -5.377291002922e-02
 2.49905000e+00,        +1.414213562373e-01,        +2.318997411172e-01,        -5.377333797774e-02
 2.49907500e+00,        +1.414213562373e-01,        +2.318982032723e-01,        -5.377376589699e-02
 2.49910000e+00,        +1.414213562373e-01,        +2.318966653632e-01,        -5.377419378697e-02
 2.49912500e+00,        +1.414213562373e-01,        +2.318951273896e-01,        -5.377462164769e-02
 2.49915000e+00,        +1.414213562373e-01,        +2.318935893517e-01,        -5.377504947914e-02
 2.49917500e+00,        +1.414213562373e-01,        +2.318920512492e-01,        -5.377547728134e-02
 2.49920000e+00,        +1.414213562373e-01,        +2.318905130821e-01,        -5.377590505428e-02
 2.49922500e+00,        +1.414213562373e-01,        +2.318889748502e-01,        -5.377633279796e-02
 2.49925000e+00,        +1.414213562373e-01,        +2.318874365536e-01,        -5.377676051239e-02
 2.49927500e+00,        +1.414213562373e-01,        +2.318858981921e-01,        -5.377718819757e-02
 2.49930000e+00,        +1.414213562373e-01,        +2.318843597657e-01,        -5.377761585350e-02
 2.49932500e+00,        +1.414213562373e-01,        +2.318828212742e-01,        -5.377804348019e-02
 2.49935000e+00,        +1.414213562373e-01,        +2.318812827176e-01,        -5.377847107764e-02
 2.49937500e+00,        +1.414213562373e-01,        +2.318797440957e-01,        -5.377889864584e-02
 2.49940000e+00,        +1.414213562373e-01,        +2.318782054086e-01,        -5.377932618481e-02
 2.49942500e+00,        +1.414213562373e-01,        +2.318766666561e-01,        -5.377975369454e-02
 2.49945000e+00,        +1.414213562373e-01,        +2.318751278381e-01,        -5.378018117504e-02
 2.49947500e+00,        +1.414213562373e-01,        +2.318735889546e-01,        -5.378060862631e-02
 2.49950000e+00,        +1.414213562373e-01,        +2.318720500055e-01,        -5.378103604835e-02
 2.49952500e+00,        +1.414213562373e-01,        +2.318705109906e-01,        -5.378146344117e-02
 2.49955000e+00,        +1.414213562373e-01,        +2.318689719099e-01,        -5.378189080476e-02
 2.49957500e+00,        +1.414213562373e-01,        +2.318674327634e-01,        -5.378231813914e-02
 2.49960000e+00,        +1.414213562373e-01,        +2.318658935509e-01,        -5.378274544429e-02
 2.49962500e+00,        +1.414213562373e-01,        +2.318643542723e-01,        -5.378317272023e-02
 2.49965000e+00,        +1.414213562373e-01,        +2.318628149276e-01,        -5.378359996695e-02
 2.49967500e+00,        +1.414213562373e-01,        +2.318612755167e-01,        -5.378402718446e-02
 2.49970000e+00,        +1.414213562373e-01,        +2.318597360395e-01,        -5.378445437276e-02
 2.49972500e+00,        +1.414213562373e-01,        +2.318581964958e-01,        -5.378488153186e-02
 2.49975000e+00,        +1.414213562373e-01,        +2.318566568858e-01,        -5.378530866174e-02
 2.49977500e+00,        +1.414213562373e-01,        +2.318551172091e-01,        -5.378573576243e-02
 2.49980000e+00,        +1.414213562373e-01,        +2.318535774658e-01,        -5.378616283392e-02
 2.49982500e+00,        +1.414213562373e-01,        +2.318520376558e-01,        -5.378658987620e-02
 2.49985000e+00,        +1.414213562373e-01,        +2.318504977790e-01,        -5.378701688929e-02
 2.49987500e+00,        +1.414213562373e-01,        +2.318489578353e-01,        -5.378744387319e-02
 2.49990000e+00,        +1.414213562373e-01,        +2.318474178247e-01,        -5.378787082789e-02
 2.49992500e+00,        +1.414213562373e-01,        +2.318458777470e-01,        -5.378829775341e-02
 2.49995000e+00,        +1.414213562373e-01,        +2.318443376021e-01,        -5.378872464973e-02
 2.49997500e+00,        +1.414213562373e-01,        +2.318427973900e-01,        -5.378915151687e-02
 2.50000000e+00,        +1.414213562373e-01,        +2.318412571107e-01,        -5.378957835483e-02
 2.50002500e+00,        +1.414213562373e-01,        +2.318397167639e-01,        -5.379000516360e-02
 2.50005000e+00,        +1.414213562373e-01,        +2.318381763497e-01,        -5.379043194320e-02
 2.50007500e+00,        +1.414213562373e-01,        +2.318366358679e-01,        -5.379085869362e-02
 2.50010000e+00,        +1.414213562373e-01,        +2.318350953184e-01,        -5.379128541486e-02
 2.50012500e+00,        +1.414213562373e-01,        +2.318335547013e-01,        -5.379171210693e-02
 2.50015000e+00,        +1.414213562373e-01,        +2.318320140163e-01,        -5.379213876982e-02
 2.50017500e+00,        +1.414213562373e-01,        +2.318304732635e-01,        -5.379256540355e-02
 2.50020000e+00,        +1.414213562373e-01,        +2.318289324427e-01,        -5.379299200811e-02
 2.50022500e+00,        +1.414213562373e-01,        +2.318273915538e-01,        -5.379341858350e-02
 2.50025000e+00,        +1.414213562373e-01,        +2.318258505968e-01,        -5.379384512973e-02
 2.50027500e+00,        +1.414213562373e-01,        +2.318243095716e-01,        -5.379427164680e-02
 2.50030000e+00,        +1.414213562373e-01,        +2.318227684781e-01,        -5.379469813470e-02
 2.50032500e+00,        +1.414213562373e-01,        +2.318212273162e-01,        -5.379512459345e-02
 2.50035000e+00,        +1.414213562373e-01,        +2.318196860858e-01,        -5.379555102305e-02
 2.50037500e+00,        +1.414213562373e-01,        +2.318181447869e-01,        -5.379597742349e-02
 2.50040000e+00,        +1.414213562373e-01,        +2.318166034194e-01,        -5.379640379477e-02
 2.50042500e+00,        +1.414213562373e-01,        +2.318150619831e-01,        -5.379683013691e-02
 2.50045000e+00,        +1.414213562373e-01,        +2.318135204781e-01,        -5.379725644989e-02
 2.50047500e+00,        +1.414213562373e-01,        +2.318119789041e-01,        -5.379768273373e-02
 2.50050000e+00,        +1.414213562373e-01,        +2.318104372612e-01,        -5.379810898842e-02
 2.50052500e+00,        +1.414213562373e-01,        +2.318088955493e-01,        -5.379853521397e-02
 2.50055000e+00,        +1.414213562373e-01,        +2.318073537682e-01,        -5.379896141038e-02
 2.50057500e+00,        +1.414213562373e-01,        +2.318058119179e-01,        -5.379938757765e-02
 2.50060000e+00,        +1.414213562373e-01,        +2.318042699984e-01,        -5.379981371578e-02
 2.50062500e+00,        +1.414213562373e-01,        +2.318027280094e-01,        -5.380023982477e-02
 2.50065000e+00,        +1.414213562373e-01,        +2.318011859510e-01,        -5.380066590463e-02
 2.50067500e+00,        +1.414213562373e-01,        +2.317996438231e-01,        -5.380109195535e-02
 2.50070000e+00,        +1.414213562373e-01,        +2.317981016256e-01,        -5.380151797694e-02
 2.50072500e+00,        +1.414213562373e-01,        +2.317965593583e-01,        -5.380194396941e-02
 2.50075000e+00,        +1.414213562373e-01,        +2.317950170213e-01,        -5.380236993274e-02
 2.50077500e+00,        +1.414213562373e-01,        +2.317934746144e-01,        -5.380279586695e-02
 2.50080000e+00,        +1.414213562373e-01,        +2.317919321375e-01,        -5.380322177203e-02
 2.50082500e+00,        +1.414213562373e-01,        +2.317903895906e-01,        -5.380364764799e-02
 2.50085000e+00,        +1.414213562373e-01,        +2.317888469736e-01,        -5.380407349482e-02
 2.50087500e+00,        +1.414213562373e-01,        +2.317873042864e-01,        -5.380449931254e-02
 2.50090000e+00,        +1.414213562373e-01,        +2.317857615289e-01,        -5.380492510114e-02
 2.50092500e+00,        +1.414213562373e-01,        +2.317842187011e-01,        -5.380535086062e-02
 2.50095000e+00,        +1.414213562373e-01,        +2.317826758028e-01,        -5.380577659098e-02
 2.50097500e+00,        +1.414213562373e-01,        +2.317811328340e-01,        -5.380620229223e-02
 2.50100000e+00,        +1.414213562373e-01,        +2.317795897946e-01,        -5.380662796437e-02
 2.50102500e+00,        +1.414213562373e-01,        +2.317780466846e-01,        -5.380705360740e-02
 2.50105000e+00,        +1.414213562373e-01,        +2.317765035037e-01,        -5.380747922131e-02
 2.50107500e+00,        +1.414213562373e-01,        +2.317749602520e-01,        -5.380790480612e-02
 2.50110000e+00,        +1.414213562373e-01,        +2.317734169294e-01,        -5.380833036182e-02
 2.50112500e+00,        +1.414213562373e-01,        +2.317718735357e-01,        -5.380875588842e-02
 2.50115000e+00,        +1.414213562373e-01,        +2.317703300710e-01,        -5.380918138591e-02
 2.50117500e+00,        +1.414213562373e-01,        +2.317687865351e-01,        -5.380960685430e-02
 2.50120000e+00,        +1.414213562373e-01,        +2.317672429279e-01,        -5.381003229358e-02
 2.50122500e+00,        +1.414213562373e-01,        +2.317656992494e-01,        -5.381045770377e-02
 2.50125000e+00,        +1.414213562373e-01,        +2.317641554994e-01,        -5.381088308486e-02
 2.50127500e+00,        +1.414213562373e-01,        +2.317626116780e-01,        -5.381130843685e-02
 2.50130000e+00,        +1.414213562373e-01,        +2.317610677850e-01,        -5.381173375975e-02
 2.50132500e+00,        +1.414213562373e-01,        +2.317595238203e-01,        -5.381215905355e-02
 2.50135000e+00,        +1.414213562373e-01,        +2.317579797838e-01,        -5.381258431826e-02
 2.50137500e+00,        +1.414213562373e-01,        +2.317564356756e-01,        -5.381300955388e-02
 2.50140000e+00,        +1.414213562373e-01,        +2.317548914954e-01,        -5.381343476040e-02
 2.50142500e+00,        +1.414213562373e-01,        +2.317533472432e-01,        -5.381385993784e-02
 2.50145000e+00,        +1.414213562373e-01,        +2.317518029190e-01,        -5.381428508619e-02
 2.50147500e+00,        +1.414213562373e-01,        +2.317502585226e-01,        -5.381471020545e-02
 2.50150000e+00,        +1.414213562373e-01,        +2.317487140540e-01,        -5.381513529563e-02
 2.50152500e+00,        +1.414213562373e-01,        +2.317471695130e-01,        -5.381556035672e-02
 2.50155000e+00,        +1.414213562373e-01,        +2.317456248997e-01,        -5.381598538873e-02
 2.50157500e+00,        +1.414213562373e-01,        +2.317440802139e-01,        -5.381641039166e-02
 2.50160000e+00,        +1.414213562373e-01,        +2.317425354555e-01,        -5.381683536550e-02
 2.50162500e+00,        +1.414213562373e-01,        +2.317409906245e-01,        -5.381726031027e-02
 2.50165000e+00,        +1.414213562373e-01,        +2.317394457207e-01,        -5.381768522596e-02
 2.50167500e+00,        +1.414213562373e-01,        +2.317379007442e-01,        -5.381811011257e-02
 2.50170000e+00,        +1.414213562373e-01,        +2.317363556948e-01,        -5.381853497010e-02
 2.50172500e+00,        +1.414213562373e-01,        +2.317348105724e-01,        -5.381895979856e-02
 2.50175000e+00,        +1.414213562373e-01,        +2.317332653769e-01,        -5.381938459795e-02
 2.50177500e+00,        +1.414213562373e-01,        +2.317317201084e-01,        -5.381980936826e-02
 2.50180000e+00,        +1.414213562373e-01,        +2.317301747666e-01,        -5.382023410950e-02
 2.50182500e+00,        +1.414213562373e-01,        +2.317286293516e-01,        -5.382065882167e-02
 2.50185000e+00,        +1.414213562373e-01,        +2.317270838631e-01,        -5.382108350477e-02
 2.50187500e+00,        +1.414213562373e-01,        +2.317255383012e-01,        -5.382150815881e-02
 2.50190000e+00,        +1.414213562373e-01,        +2.317239926658e-01,        -5.382193278377e-02
 2.50192500e+00,        +1.414213562373e-01,        +2.317224469568e-01,        -5.382235737967e-02
 2.50195000e+00,        +1.414213562373e-01,        +2.317209011741e-01,        -5.382278194650e-02
 2.50197500e+00,        +1.414213562373e-01,        +2.317193553176e-01,        -5.382320648427e-02
 2.50200000e+00,        +1.414213562373e-01,        +2.317178093873e-01,        -5.382363099297e-02
 2.50202500e+00,        +1.414213562373e-01,        +2.317162633830e-01,        -5.382405547261e-02
 2.50205000e+00,        +1.414213562373e-01,        +2.317147173047e-01,        -5.382447992319e-02
 2.50207500e+00,        +1.414213562373e-01,        +2.317131711523e-01,        -5.382490434470e-02
 2.50210000e+00,        +1.414213562373e-01,        +2.317116249257e-01,        -5.382532873716e-02
 2.50212500e+00,        +1.414213562373e-01,        +2.317100786249e-01,        -5.382575310056e-02
 2.50215000e+00,        +1.414213562373e-01,        +2.317085322498e-01,        -5.382617743490e-02
 2.50217500e+00,        +1.414213562373e-01,        +2.317069858002e-01,        -5.382660174018e-02
 2.50220000e+00,        +1.414213562373e-01,        +2.317054392761e-01,        -5.382702601641e-02
 2.50222500e+00,        +1.414213562373e-01,        +2.317038926775e-01,        -5.382745026358e-02
 2.50225000e+00,        +1.414213562373e-01,        +2.317023460041e-01,        -5.382787448170e-02
 2.50227500e+00,        +1.414213562373e-01,        +2.317007992561e-01,        -5.382829867076e-02
 2.50230000e+00,        +1.414213562373e-01,        +2.316992524332e-01,        -5.382872283077e-02
 2.50232500e+00,        +1.414213562373e-01,        +2.316977055354e-01,        -5.382914696173e-02
 2.50235000e+00,        +1.414213562373e-01,        +2.316961585627e-01,        -5.382957106363e-02
 2.50237500e+00,        +1.414213562373e-01,        +2.316946115148e-01,        -5.382999513649e-02
 2.50240000e+00,        +1.414213562373e-01,        +2.316930643919e-01,        -5.383041918029e-02
 2.50242500e+00,        +1.414213562373e-01,        +2.316915171937e-01,        -5.383084319504e-02
 2.50245000e+00,        +1.414213562373e-01,        +2.316899699202e-01,        -5.383126718075e-02
 2.50247500e+00,        +1.414213562373e-01,        +2.316884225713e-01,        -5.383169113741e-02
 2.50250000e+00,        +1.414213562373e-01,        +2.316868751470e-01,        -5.383211506502e-02
 2.50252500e+00,        +1.414213562373e-01,        +2.316853276471e-01,        -5.383253896359e-02
 2.50255000e+00,        +1.414213562373e-01,        +2.316837800716e-01,        -5.383296283311e-02
 2.50257500e+00,        +1.414213562373e-01,        +2.316822324204e-01,        -5.383338667358e-02
 2.50260000e+00,        +1.414213562373e-01,        +2.316806846934e-01,        -5.383381048501e-02
 2.50262500e+00,        +1.414213562373e-01,        +2.316791368906e-01,        -5.383423426740e-02
 2.50265000e+00,        +1.414213562373e-01,        +2.316775890118e-01,        -5.383465802074e-02
 2.50267500e+00,        +1.414213562373e-01,        +2.316760410569e-01,        -5.383508174504e-02
 2.50270000e+00,        +1.414213562373e-01,        +2.316744930260e-01,        -5.383550544030e-02
 2.50272500e+00,        +1.414213562373e-01,        +2.316729449189e-01,        -5.383592910652e-02
 2.50275000e+00,        +1.414213562373e-01,        +2.316713967355e-01,        -5.383635274370e-02
 2.50277500e+00,        +1.414213562373e-01,        +2.316698484758e-01,        -5.383677635183e-02
 2.50280000e+00,        +1.414213562373e-01,        +2.316683001396e-01,        -5.383719993093e-02
 2.50282500e+00,        +1.414213562373e-01,        +2.316667517270e-01,        -5.383762348099e-02
 2.50285000e+00,        +1.414213562373e-01,        +2.316652032377e-01,        -5.383804700201e-02
 2.50287500e+00,        +1.414213562373e-01,        +2.316636546718e-01,        -5.383847049399e-02
 2.50290000e+00,        +1.414213562373e-01,        +2.316621060292e-01,        -5.383889395694e-02
 2.50292500e+00,        +1.414213562373e-01,        +2.316605573097e-01,        -5.383931739085e-02
 2.50295000e+00,        +1.414213562373e-01,        +2.316590085133e-01,        -5.383974079572e-02
 2.50297500e+00,        +1.414213562373e-01,        +2.316574596400e-01,        -5.384016417156e-02
 2.50300000e+00,        +1.414213562373e-01,        +2.316559106896e-01,        -5.384058751836e-02
 2.50302500e+00,        +1.414213562373e-01,        +2.316543616620e-01,        -5.384101083612e-02
 2.50305000e+00,        +1.414213562373e-01,        +2.316528125572e-01,        -5.384143412485e-02
 2.50307500e+00,        +1.414213562373e-01,        +2.316512633751e-01,        -5.384185738455e-02
 2.50310000e+00,        +1.414213562373e-01,        +2.316497141156e-01,        -5.384228061521e-02
 2.50312500e+00,        +1.414213562373e-01,        +2.316481647787e-01,        -5.384270381684e-02
 2.50315000e+00,        +1.414213562373e-01,        +2.316466153642e-01,        -5.384312698944e-02
 2.50317500e+00,        +1.414213562373e-01,        +2.316450658721e-01,        -5.384355013300e-02
 2.50320000e+00,        +1.414213562373e-01,        +2.316435163022e-01,        -5.384397324753e-02
 2.50322500e+00,        +1.414213562373e-01,        +2.316419666546e-01,        -5.384439633303e-02
 2.50325000e+00,        +1.414213562373e-01,        +2.316404169292e-01,        -5.384481938950e-02
 2.50327500e+00,        +1.414213562373e-01,        +2.316388671258e-01,        -5.384524241694e-02
 2.50330000e+00,        +1.414213562373e-01,        +2.316373172444e-01,        -5.384566541535e-02
 2.50332500e+00,        +1.414213562373e-01,        +2.316357672848e-01,        -5.384608838472e-02
 2.50335000e+00,        +1.414213562373e-01,        +2.316342172471e-01,        -5.384651132507e-02
 2.50337500e+00,        +1.414213562373e-01,        +2.316326671312e-01,        -5.384693423639e-02
 2.50340000e+00,        +1.414213562373e-01,        +2.316311169369e-01,        -5.384735711867e-02
 2.50342500e+00,        +1.414213562373e-01,        +2.316295666641e-01,        -5.384777997193e-02
 2.50345000e+00,        +1.414213562373e-01,        +2.316280163129e-01,        -5.384820279616e-02
 2.50347500e+00,        +1.414213562373e-01,        +2.316264658831e-01,        -5.384862559136e-02
 2.50350000e+00,        +1.414213562373e-01,        +2.316249153747e-01,        -5.384904835753e-02
 2.50352500e+00,        +1.414213562373e-01,        +2.316233647875e-01,        -5.384947109467e-02
 2.50355000e+00,        +1.414213562373e-01,        +2.316218141215e-01,        -5.384989380278e-02
 2.50357500e+00,        +1.414213562373e-01,        +2.316202633765e-01,        -5.385031648187e-02
 2.50360000e+00,        +1.414213562373e-01,        +2.316187125527e-01,        -5.385073913192e-02
 2.50362500e+00,        +1.414213562373e-01,        +2.316171616497e-01,        -5.385116175295e-02
 2.50365000e+00,        +1.414213562373e-01,        +2.316156106676e-01,        -5.385158434496e-02
 2.50367500e+00,        +1.414213562373e-01,        +2.316140596063e-01,        -5.385200690793e-02
 2.50370000e+00,        +1.414213562373e-01,        +2.316125084658e-01,        -5.385242944188e-02
 2.50372500e+00,        +1.414213562373e-01,        +2.316109572458e-01,        -5.385285194680e-02
 2.50375000e+00,        +1.414213562373e-01,        +2.316094059464e-01,        -5.385327442269e-02
 2.50377500e+00,        +1.414213562373e-01,        +2.316078545674e-01,        -5.385369686955e-02
 2.50380000e+00,        +1.414213562373e-01,        +2.316063031089e-01,        -5.385411928739e-02
 2.50382500e+00,        +1.414213562373e-01,        +2.316047515706e-01,        -5.385454167620e-02
 2.50385000e+00,        +1.414213562373e-01,        +2.316031999526e-01,        -5.385496403599e-02
 2.50387500e+00,        +1.414213562373e-01,        +2.316016482548e-01,        -5.385538636675e-02
 2.50390000e+00,        +1.414213562373e-01,        +2.316000964770e-01,        -5.385580866848e-02
 2.50392500e+00,        +1.414213562373e-01,        +2.315985446192e-01,        -5.385623094118e-02
 2.50395000e+00,        +1.414213562373e-01,        +2.315969926813e-01,        -5.385665318486e-02
 2.50397500e+00,        +1.414213562373e-01,        +2.315954406632e-01,        -5.385707539951e-02
 2.50400000e+00,        +1.414213562373e-01,        +2.315938885649e-01,        -5.385749758514e-02
 2.50402500e+00,        +1.414213562373e-01,        +2.315923363863e-01,        -5.385791974173e-02
 2.50405000e+00,        +1.414213562373e-01,        +2.315907841273e-01,        -5.385834186930e-02
 2.50407500e+00,        +1.414213562373e-01,        +2.315892317877e-01,        -5.385876396785e-02
 2.50410000e+00,        +1.414213562373e-01,        +2.315876793677e-01,        -5.385918603736e-02
 2.50412500e+00,        +1.414213562373e-01,        +2.315861268669e-01,        -5.385960807785e-02
 2.50415000e+00,        +1.414213562373e-01,        +2.315845742855e-01,        -5.386003008932e-02
 2.50417500e+00,        +1.414213562373e-01,        +2.315830216233e-01,        -5.386045207175e-02
 2.50420000e+00,        +1.414213562373e-01,        +2.315814688801e-01,        -5.386087402516e-02
 2.50422500e+00,        +1.414213562373e-01,        +2.315799160561e-01,        -5.386129594954e-02
 2.50425000e+00,        +1.414213562373e-01,        +2.315783631509e-01,        -5.386171784490e-02
 2.50427500e+00,        +1.414213562373e-01,        +2.315768101647e-01,        -5.386213971122e-02
 2.50430000e+00,        +1.414213562373e-01,        +2.315752570973e-01,        -5.386256154852e-02
 2.50432500e+00,        +1.414213562373e-01,        +2.315737039486e-01,        -5.386298335679e-02
 2.50435000e+00,        +1.414213562373e-01,        +2.315721507185e-01,        -5.386340513603e-02
 2.50437500e+00,        +1.414213562373e-01,        +2.315705974070e-01,        -5.386382688625e-02
 2.50440000e+00,        +1.414213562373e-01,        +2.315690440140e-01,        -5.386424860743e-02
 2.50442500e+00,        +1.414213562373e-01,        +2.315674905394e-01,        -5.386467029959e-02
 2.50445000e+00,        +1.414213562373e-01,        +2.315659369831e-01,        -5.386509196272e-02
 2.50447500e+00,        +1.414213562373e-01,        +2.315643833451e-01,        -5.386551359681e-02
 2.50450000e+00,        +1.414213562373e-01,        +2.315628296252e-01,        -5.386593520188e-02
 2.50452500e+00,        +1.414213562373e-01,        +2.315612758235e-01,        -5.386635677792e-02
 2.50455000e+00,        +1.414213562373e-01,        +2.315597219397e-01,        -5.386677832493e-02
 2.50457500e+00,        +1.414213562373e-01,        +2.315581679739e-01,        -5.386719984291e-02
 2.50460000e+00,        +1.414213562373e-01,        +2.315566139260e-01,        -5.386762133186e-02
 2.50462500e+00,        +1.414213562373e-01,        +2.315550597958e-01,        -5.386804279178e-02
 2.50465000e+00,        +1.414213562373e-01,        +2.315535055833e-01,        -5.386846422266e-02
 2.50467500e+00,        +1.414213562373e-01,        +2.315519512884e-01,        -5.386888562452e-02
 2.50470000e+00,        +1.414213562373e-01,        +2.315503969111e-01,        -5.386930699734e-02
 2.50472500e+00,        +1.414213562373e-01,        +2.315488424512e-01,        -5.386972834113e-02
 2.50475000e+00,        +1.414213562373e-01,        +2.315472879087e-01,        -5.387014965589e-02
 2.50477500e+00,        +1.414213562373e-01,        +2.315457332836e-01,        -5.387057094162e-02
 2.50480000e+00,        +1.414213562373e-01,        +2.315441785756e-01,        -5.387099219831e-02
 2.50482500e+00,        +1.414213562373e-01,        +2.315426237848e-01,        -5.387141342597e-02
 2.50485000e+00,        +1.414213562373e-01,        +2.315410689110e-01,        -5.387183462459e-02
 2.50487500e+00,        +1.414213562373e-01,        +2.315395139542e-01,        -5.387225579418e-02
 2.50490000e+00,        +1.414213562373e-01,        +2.315379589144e-01,        -5.387267693474e-02
 2.50492500e+00,        +1.414213562373e-01,        +2.315364037913e-01,        -5.387309804626e-02
 2.50495000e+00,        +1.414213562373e-01,        +2.315348485851e-01,        -5.387351912875e-02
 2.50497500e+00,        +1.414213562373e-01,        +2.315332932954e-01,        -5.387394018219e-02
 2.50500000e+00,        +1.414213562373e-01,        +2.315317379224e-01,        -5.387436120661e-02
 2.50502500e+00,        +1.414213562373e-01,        +2.315301824659e-01,        -5.387478220198e-02
 2.50505000e+00,        +1.414213562373e-01,        +2.315286269258e-01,        -5.387520316832e-02
 2.50507500e+00,        +1.414213562373e-01,        +2.315270713021e-01,        -5.387562410562e-02
 2.50510000e+00,        +1.414213562373e-01,        +2.315255155946e-01,        -5.387604501388e-02
 2.50512500e+00,        +1.414213562373e-01,        +2.315239598034e-01,        -5.387646589310e-02
 2.50515000e+00,        +1.414213562373e-01,        +2.315224039283e-01,        -5.387688674328e-02
 2.50517500e+00,        +1.414213562373e-01,        +2.315208479692e-01,        -5.387730756442e-02
 2.50520000e+00,        +1.414213562373e-01,        +2.315192919260e-01,        -5.387772835653e-02
 2.50522500e+00,        +1.414213562373e-01,        +2.315177357988e-01,        -5.387814911959e-02
 2.50525000e+00,        +1.414213562373e-01,        +2.315161795873e-01,        -5.387856985360e-02
 2.50527500e+00,        +1.414213562373e-01,        +2.315146232916e-01,        -5.387899055858e-02
 2.50530000e+00,        +1.414213562373e-01,        +2.315130669115e-01,        -5.387941123451e-02
 2.50532500e+00,        +1.414213562373e-01,        +2.315115104470e-01,        -5.387983188140e-02
 2.50535000e+00,        +1.414213562373e-01,        +2.315099538979e-01,        -5.388025249924e-02
 2.50537500e+00,        +1.414213562373e-01,        +2.315083972643e-01,        -5.388067308804e-02
 2.50540000e+00,        +1.414213562373e-01,        +2.315068405460e-01,        -5.388109364780e-02
 2.50542500e+00,        +1.414213562373e-01,        +2.315052837430e-01,        -5.388151417850e-02
 2.50545000e+00,        +1.414213562373e-01,        +2.315037268551e-01,        -5.388193468016e-02
 2.50547500e+00,        +1.414213562373e-01,        +2.315021698823e-01,        -5.388235515278e-02
 2.50550000e+00,        +1.414213562373e-01,        +2.315006128246e-01,        -5.388277559634e-02
 2.50552500e+00,        +1.414213562373e-01,        +2.314990556817e-01,        -5.388319601086e-02
 2.50555000e+00,        +1.414213562373e-01,        +2.314974984537e-01,        -5.388361639632e-02
 2.50557500e+00,        +1.414213562373e-01,        +2.314959411405e-01,        -5.388403675274e-02
 2.50560000e+00,        +1.414213562373e-01,        +2.314943837420e-01,        -5.388445708010e-02
 2.50562500e+00,        +1.414213562373e-01,        +2.314928262582e-01,        -5.388487737841e-02
 2.50565000e+00,        +1.414213562373e-01,        +2.314912686888e-01,        -5.388529764767e-02
 2.50567500e+00,        +1.414213562373e-01,        +2.314897110339e-01,        -5.388571788788e-02
 2.50570000e+00,        +1.414213562373e-01,        +2.314881532934e-01,        -5.388613809903e-02
 2.50572500e+00,        +1.414213562373e-01,        +2.314865954672e-01,        -5.388655828113e-02
 2.50575000e+00,        +1.414213562373e-01,        +2.314850375553e-01,        -5.388697843417e-02
 2.50577500e+00,        +1.414213562373e-01,        +2.314834795575e-01,        -5.388739855816e-02
 2.50580000e+00,        +1.414213562373e-01,        +2.314819214737e-01,        -5.388781865309e-02
 2.50582500e+00,        +1.414213562373e-01,        +2.314803633039e-01,        -5.388823871896e-02
 2.50585000e+00,        +1.414213562373e-01,        +2.314788050481e-01,        -5.388865875577e-02
 2.50587500e+00,        +1.414213562373e-01,        +2.314772467061e-01,        -5.388907876352e-02
 2.50590000e+00,        +1.414213562373e-01,        +2.314756882778e-01,        -5.388949874221e-02
 2.50592500e+00,        +1.414213562373e-01,        +2.314741297632e-01,        -5.388991869184e-02
 2.50595000e+00,        +1.414213562373e-01,        +2.314725711622e-01,        -5.389033861240e-02
 2.50597500e+00,        +1.414213562373e-01,        +2.314710124747e-01,        -5.389075850391e-02
 2.50600000e+00,        +1.414213562373e-01,        +2.314694537007e-01,        -5.389117836635e-02
 2.50602500e+00,        +1.414213562373e-01,        +2.314678948400e-01,        -5.389159819972e-02
 2.50605000e+00,        +1.414213562373e-01,        +2.314663358926e-01,        -5.389201800403e-02
 2.50607500e+00,        +1.414213562373e-01,        +2.314647768584e-01,        -5.389243777927e-02
 2.50610000e+00,        +1.414213562373e-01,        +2.314632177373e-01,        -5.389285752544e-02
 2.50612500e+00,        +1.414213562373e-01,        +2.314616585292e-01,        -5.389327724254e-02
 2.50615000e+00,        +1.414213562373e-01,        +2.314600992342e-01,        -5.389369693058e-02
 2.50617500e+00,        +1.414213562373e-01,        +2.314585398520e-01,        -5.389411658954e-02
 2.50620000e+00,        +1.414213562373e-01,        +2.314569803826e-01,        -5.389453621943e-02
 2.50622500e+00,        +1.414213562373e-01,        +2.314554208259e-01,        -5.389495582025e-02
 2.50625000e+00,        +1.414213562373e-01,        +2.314538611819e-01,        -5.389537539199e-02
 2.50627500e+00,        +1.414213562373e-01,        +2.314523014505e-01,        -5.389579493466e-02
 2.50630000e+00,        +1.414213562373e-01,        +2.314507416315e-01,        -5.389621444826e-02
 2.50632500e+00,        +1.414213562373e-01,        +2.314491817250e-01,        -5.389663393277e-02
 2.50635000e+00,        +1.414213562373e-01,        +2.314476217308e-01,        -5.389705338821e-02
 2.50637500e+00,        +1.414213562373e-01,        +2.314460616489e-01,        -5.389747281457e-02
 2.50640000e+00,        +1.414213562373e-01,        +2.314445014791e-01,        -5.389789221185e-02
 2.50642500e+00,        +1.414213562373e-01,        +2.314429412214e-01,        -5.389831158005e-02
 2.50645000e+00,        +1.414213562373e-01,        +2.314413808758e-01,        -5.389873091917e-02
 2.50647500e+00,        +1.414213562373e-01,        +2.314398204421e-01,        -5.389915022920e-02
 2.50650000e+00,        +1.414213562373e-01,        +2.314382599202e-01,        -5.389956951015e-02
 2.50652500e+00,        +1.414213562373e-01,        +2.314366993101e-01,        -5.389998876201e-02
 2.50655000e+00,        +1.414213562373e-01,        +2.314351386118e-01,        -5.390040798479e-02
 2.50657500e+00,        +1.414213562373e-01,        +2.314335778250e-01,        -5.390082717848e-02
 2.50660000e+00,        +1.414213562373e-01,        +2.314320169498e-01,        -5.390124634308e-02
 2.50662500e+00,        +1.414213562373e-01,        +2.314304559861e-01,        -5.390166547859e-02
 2.50665000e+00,        +1.414213562373e-01,        +2.314288949338e-01,        -5.390208458501e-02
 2.50667500e+00,        +1.414213562373e-01,        +2.314273337927e-01,        -5.390250366233e-02
 2.50670000e+00,        +1.414213562373e-01,        +2.314257725629e-01,        -5.390292271056e-02
 2.50672500e+00,        +1.414213562373e-01,        +2.314242112443e-01,        -5.390334172970e-02
 2.50675000e+00,        +1.414213562373e-01,        +2.314226498367e-01,        -5.390376071974e-02
 2.50677500e+00,        +1.414213562373e-01,        +2.314210883401e-01,        -5.390417968069e-02
 2.50680000e+00,        +1.414213562373e-01,        +2.314195267544e-01,        -5.390459861253e-02
 2.50682500e+00,        +1.414213562373e-01,        +2.314179650796e-01,        -5.390501751528e-02
 2.50685000e+00,        +1.414213562373e-01,        +2.314164033155e-01,        -5.390543638892e-02
 2.50687500e+00,        +1.414213562373e-01,        +2.314148414621e-01,        -5.390585523346e-02
 2.50690000e+00,        +1.414213562373e-01,        +2.314132795193e-01,        -5.390627404890e-02
 2.50692500e+00,        +1.414213562373e-01,        +2.314117174871e-01,        -5.390669283523e-02
 2.50695000e+00,        +1.414213562373e-01,        +2.314101553652e-01,        -5.390711159246e-02
 2.50697500e+00,        +1.414213562373e-01,        +2.314085931537e-01,        -5.390753032058e-02
 2.50700000e+00,        +1.414213562373e-01,        +2.314070308526e-01,        -5.390794901959e-02
 2.50702500e+00,        +1.414213562373e-01,        +2.314054684616e-01,        -5.390836768949e-02
 2.50705000e+00,        +1.414213562373e-01,        +2.314039059807e-01,        -5.390878633028e-02
 2.50707500e+00,        +1.414213562373e-01,        +2.314023434099e-01,        -5.390920494196e-02
 2.50710000e+00,        +1.414213562373e-01,        +2.314007807490e-01,        -5.390962352452e-02
 2.50712500e+00,        +1.414213562373e-01,        +2.313992179981e-01,        -5.391004207797e-02
 2.50715000e+00,        +1.414213562373e-01,        +2.313976551569e-01,        -5.391046060230e-02
 2.50717500e+00,        +1.414213562373e-01,        +2.313960922255e-01,        -5.391087909751e-02
 2.50720000e+00,        +1.414213562373e-01,        +2.313945292037e-01,        -5.391129756360e-02
 2.50722500e+00,        +1.414213562373e-01,        +2.313929660915e-01,        -5.391171600057e-02
 2.50725000e+00,        +1.414213562373e-01,        +2.313914028888e-01,        -5.391213440842e-02
 2.50727500e+00,        +1.414213562373e-01,        +2.313898395956e-01,        -5.391255278714e-02
 2.50730000e+00,        +1.414213562373e-01,        +2.313882762116e-01,        -5.391297113674e-02
 2.50732500e+00,        +1.414213562373e-01,        +2.313867127369e-01,        -5.391338945721e-02
 2.50735000e+00,        +1.414213562373e-01,        +2.313851491714e-01,        -5.391380774856e-02
 2.50737500e+00,        +1.414213562373e-01,        +2.313835855150e-01,        -5.391422601077e-02
 2.50740000e+00,        +1.414213562373e-01,        +2.313820217676e-01,        -5.391464424385e-02
 2.50742500e+00,        +1.414213562373e-01,        +2.313804579291e-01,        -5.391506244780e-02
 2.50745000e+00,        +1.414213562373e-01,        +2.313788939995e-01,        -5.391548062262e-02
 2.50747500e+00,        +1.414213562373e-01,        +2.313773299787e-01,        -5.391589876830e-02
 2.50750000e+00,        +1.414213562373e-01,        +2.313757658666e-01,        -5.391631688484e-02
 2.50752500e+00,        +1.414213562373e-01,        +2.313742016631e-01,        -5.391673497224e-02
 2.50755000e+00,        +1.414213562373e-01,        +2.313726373682e-01,        -5.391715303051e-02
 2.50757500e+00,        +1.414213562373e-01,        +2.313710729817e-01,        -5.391757105963e-02
 2.50760000e+00,        +1.414213562373e-01,        +2.313695085036e-01,        -5.391798905961e-02
 2.50762500e+00,        +1.414213562373e-01,        +2.313679439339e-01,        -5.391840703044e-02
 2.50765000e+00,        +1.414213562373e-01,        +2.313663792723e-01,        -5.391882497213e-02
 2.50767500e+00,        +1.414213562373e-01,        +2.313648145189e-01,        -5.391924288467e-02
 2.50770000e+00,        +1.414213562373e-01,        +2.313632496736e-01,        -5.391966076806e-02
 2.50772500e+00,        +1.414213562373e-01,        +2.313616847362e-01,        -5.392007862229e-02
 2.50775000e+00,        +1.414213562373e-01,        +2.313601197068e-01,        -5.392049644738e-02
 2.50777500e+00,        +1.414213562373e-01,        +2.313585545852e-01,        -5.392091424331e-02
 2.50780000e+00,        +1.414213562373e-01,        +2.313569893714e-01,        -5.392133201008e-02
 2.50782500e+00,        +1.414213562373e-01,        +2.313554240652e-01,        -5.392174974770e-02
 2.50785000e+00,        +1.414213562373e-01,        +2.313538586667e-01,        -5.392216745615e-02
 2.50787500e+00,        +1.414213562373e-01,        +2.313522931756e-01,        -5.392258513545e-02
 2.50790000e+00,        +1.414213562373e-01,        +2.313507275920e-01,        -5.392300278558e-02
 2.50792500e+00,        +1.414213562373e-01,        +2.313491619158e-01,        -5.392342040654e-02
 2.50795000e+00,        +1.414213562373e-01,        +2.313475961468e-01,        -5.392383799835e-02
 2.50797500e+00,        +1.414213562373e-01,        +2.313460302850e-01,        -5.392425556098e-02
 2.50800000e+00,        +1.414213562373e-01,        +2.313444643303e-01,        -5.392467309444e-02
 2.50802500e+00,        +1.414213562373e-01,        +2.313428982827e-01,        -5.392509059873e-02
 2.50805000e+00,        +1.414213562373e-01,        +2.313413321421e-01,        -5.392550807385e-02
 2.50807500e+00,        +1.414213562373e-01,        +2.313397659083e-01,        -5.392592551980e-02
 2.50810000e+00,        +1.414213562373e-01,        +2.313381995813e-01,        -5.392634293656e-02
 2.50812500e+00,        +1.414213562373e-01,        +2.313366331611e-01,        -5.392676032415e-02
 2.50815000e+00,        +1.414213562373e-01,        +2.313350666475e-01,        -5.392717768256e-02
 2.50817500e+00,        +1.414213562373e-01,        +2.313335000405e-01,        -5.392759501179e-02
 2.50820000e+00,        +1.414213562373e-01,        +2.313319333399e-01,        -5.392801231183e-02
 2.50822500e+00,        +1.414213562373e-01,        +2.313303665458e-01,        -5.392842958268e-02
 2.50825000e+00,        +1.414213562373e-01,        +2.313287996580e-01,        -5.392884682435e-02
 2.50827500e+00,        +1.414213562373e-01,        +2.313272326764e-01,        -5.392926403683e-02
 2.50830000e+00,        +1.414213562373e-01,        +2.313256656010e-01,        -5.392968122012e-02
 2.50832500e+00,        +1.414213562373e-01,        +2.313240984317e-01,        -5.393009837422e-02
 2.50835000e+00,        +1.414213562373e-01,        +2.313225311684e-01,        -5.393051549912e-02
 2.50837500e+00,        +1.414213562373e-01,        +2.313209638110e-01,        -5.393093259483e-02
 2.50840000e+00,        +1.414213562373e-01,        +2.313193963595e-01,        -5.393134966133e-02
 2.50842500e+00,        +1.414213562373e-01,        +2.313178288138e-01,        -5.393176669864e-02
 2.50845000e+00,        +1.414213562373e-01,        +2.313162611737e-01,        -5.393218370674e-02
 2.50847500e+00,        +1.414213562373e-01,        +2.313146934392e-01,        -5.393260068564e-02
 2.50850000e+00,        +1.414213562373e-01,        +2.313131256103e-01,        -5.393301763533e-02
 2.50852500e+00,        +1.414213562373e-01,        +2.313115576869e-01,        -5.393343455582e-02
 2.50855000e+00,        +1.414213562373e-01,        +2.313099896688e-01,        -5.393385144709e-02
 2.50857500e+00,        +1.414213562373e-01,        +2.313084215560e-01,        -5.393426830916e-02
 2.50860000e+00,        +1.414213562373e-01,        +2.313068533484e-01,        -5.393468514200e-02
 2.50862500e+00,        +1.414213562373e-01,        +2.313052850460e-01,        -5.393510194564e-02
 2.50865000e+00,        +1.414213562373e-01,        +2.313037166486e-01,        -5.393551872005e-02
 2.50867500e+00,        +1.414213562373e-01,        +2.313021481562e-01,        -5.393593546525e-02
 2.50870000e+00,        +1.414213562373e-01,        +2.313005795687e-01,        -5.393635218122e-02
 2.50872500e+00,        +1.414213562373e-01,        +2.312990108860e-01,        -5.393676886797e-02
 2.50875000e+00,        +1.414213562373e-01,        +2.312974421080e-01,        -5.393718552550e-02
 2.50877500e+00,        +1.414213562373e-01,        +2.312958732347e-01,        -5.393760215379e-02
 2.50880000e+00,        +1.414213562373e-01,        +2.312943042660e-01,        -5.393801875286e-02
 2.50882500e+00,        +1.414213562373e-01,        +2.312927352017e-01,        -5.393843532270e-02
 2.50885000e+00,        +1.414213562373e-01,        +2.312911660419e-01,        -5.393885186330e-02
 2.50887500e+00,        +1.414213562373e-01,        +2.312895967864e-01,        -5.393926837466e-02
 2.50890000e+00,        +1.414213562373e-01,        +2.312880274352e-01,        -5.393968485679e-02
 2.50892500e+00,        +1.414213562373e-01,        +2.312864579882e-01,        -5.394010130967e-02
 2.50895000e+00,        +1.414213562373e-01,        +2.312848884452e-01,        -5.394051773332e-02
 2.50897500e+00,        +1.414213562373e-01,        +2.312833188063e-01,        -5.394093412772e-02
 2.50900000e+00,        +1.414213562373e-01,        +2.312817490713e-01,        -5.394135049287e-02
 2.50902500e+00,        +1.414213562373e-01,        +2.312801792402e-01,        -5.394176682878e-02
 2.50905000e+00,        +1.414213562373e-01,        +2.312786093129e-01,        -5.394218313543e-02
 2.50907500e+00,        +1.414213562373e-01,        +2.312770392892e-01,        -5.394259941283e-02
 2.50910000e+00,        +1.414213562373e-01,        +2.312754691692e-01,        -5.394301566098e-02
 2.50912500e+00,        +1.414213562373e-01,        +2.312738989527e-01,        -5.394343187987e-02
 2.50915000e+00,        +1.414213562373e-01,        +2.312723286397e-01,        -5.394384806950e-02
 2.50917500e+00,        +1.414213562373e-01,        +2.312707582301e-01,        -5.394426422987e-02
 2.50920000e+00,        +1.414213562373e-01,        +2.312691877237e-01,        -5.394468036098e-02
 2.50922500e+00,        +1.414213562373e-01,        +2.312676171206e-01,        -5.394509646282e-02
 2.50925000e+00,        +1.414213562373e-01,        +2.312660464206e-01,        -5.394551253539e-02
 2.50927500e+00,        +1.414213562373e-01,        +2.312644756237e-01,        -5.394592857869e-02
 2.50930000e+00,        +1.414213562373e-01,        +2.312629047297e-01,        -5.394634459272e-02
 2.50932500e+00,        +1.414213562373e-01,        +2.312613337387e-01,        -5.394676057747e-02
 2.50935000e+00,        +1.414213562373e-01,        +2.312597626505e-01,        -5.394717653295e-02
 2.50937500e+00,        +1.414213562373e-01,        +2.312581914650e-01,        -5.394759245915e-02
 2.50940000e+00,        +1.414213562373e-01,        +2.312566201822e-01,        -5.394800835606e-02
 2.50942500e+00,        +1.414213562373e-01,        +2.312550488019e-01,        -5.394842422370e-02
 2.50945000e+00,        +1.414213562373e-01,        +2.312534773242e-01,        -5.394884006204e-02
 2.50947500e+00,        +1.414213562373e-01,        +2.312519057489e-01,        -5.394925587110e-02
 2.50950000e+00,        +1.414213562373e-01,        +2.312503340759e-01,        -5.394967165087e-02
 2.50952500e+00,        +1.414213562373e-01,        +2.312487623051e-01,        -5.395008740135e-02
 2.50955000e+00,        +1.414213562373e-01,        +2.312471904366e-01,        -5.395050312253e-02
 2.50957500e+00,        +1.414213562373e-01,        +2.312456184702e-01,        -5.395091881441e-02
 2.50960000e+00,        +1.414213562373e-01,        +2.312440464057e-01,        -5.395133447699e-02
 2.50962500e+00,        +1.414213562373e-01,        +2.312424742432e-01,        -5.395175011027e-02
 2.50965000e+00,        +1.414213562373e-01,        +2.312409019826e-01,        -5.395216571425e-02
 2.50967500e+00,        +1.414213562373e-01,        +2.312393296237e-01,        -5.395258128892e-02
 2.50970000e+00,        +1.414213562373e-01,        +2.312377571666e-01,        -5.395299683428e-02
 2.50972500e+00,        +1.414213562373e-01,        +2.312361846110e-01,        -5.395341235033e-02
 2.50975000e+00,        +1.414213562373e-01,        +2.312346119570e-01,        -5.395382783706e-02
 2.50977500e+00,        +1.414213562373e-01,        +2.312330392045e-01,        -5.395424329448e-02
 2.50980000e+00,        +1.414213562373e-01,        +2.312314663533e-01,        -5.395465872258e-02
 2.50982500e+00,        +1.414213562373e-01,        +2.312298934034e-01,        -5.395507412136e-02
 2.50985000e+00,        +1.414213562373e-01,        +2.312283203547e-01,        -5.395548949081e-02
 2.50987500e+00,        +1.414213562373e-01,        +2.312267472072e-01,        -5.395590483094e-02
 2.50990000e+00,        +1.414213562373e-01,        +2.312251739607e-01,        -5.395632014174e-02
 2.50992500e+00,        +1.414213562373e-01,        +2.312236006152e-01,        -5.395673542321e-02
 2.50995000e+00,        +1.414213562373e-01,        +2.312220271706e-01,        -5.395715067534e-02
 2.50997500e+00,        +1.414213562373e-01,        +2.312204536268e-01,        -5.395756589814e-02
 2.51000000e+00,        +1.414213562373e-01,        +2.312188799838e-01,        -5.395798109160e-02
 2.51002500e+00,        +1.414213562373e-01,        +2.312173062413e-01,        -5.395839625572e-02
 2.51005000e+00,        +1.414213562373e-01,        +2.312157323995e-01,        -5.395881139050e-02
 2.51007500e+00,        +1.414213562373e-01,        +2.312141584581e-01,        -5.395922649593e-02
 2.51010000e+00,        +1.414213562373e-01,        +2.312125844172e-01,        -5.395964157201e-02
 2.51012500e+00,        +1.414213562373e-01,        +2.312110102766e-01,        -5.396005661874e-02
 2.51015000e+00,        +1.414213562373e-01,        +2.312094360362e-01,        -5.396047163612e-02
 2.51017500e+00,        +1.414213562373e-01,        +2.312078616960e-01,        -5.396088662414e-02
 2.51020000e+00,        +1.414213562373e-01,        +2.312062872559e-01,        -5.396130158280e-02
 2.51022500e+00,        +1.414213562373e-01,        +2.312047127157e-01,        -5.396171651210e-02
 2.51025000e+00,        +1.414213562373e-01,        +2.312031380755e-01,        -5.396213141204e-02
 2.51027500e+00,        +1.414213562373e-01,        +2.312015633352e-01,        -5.396254628261e-02
 2.51030000e+00,        +1.414213562373e-01,        +2.311999884946e-01,        -5.396296112381e-02
 2.51032500e+00,        +1.414213562373e-01,        +2.311984135537e-01,        -5.396337593564e-02
 2.51035000e+00,        +1.414213562373e-01,        +2.311968385124e-01,        -5.396379071809e-02
 2.51037500e+00,        +1.414213562373e-01,        +2.311952633706e-01,        -5.396420547117e-02
 2.51040000e+00,        +1.414213562373e-01,        +2.311936881283e-01,        -5.396462019487e-02
 2.51042500e+00,        +1.414213562373e-01,        +2.311921127853e-01,        -5.396503488919e-02
 2.51045000e+00,        +1.414213562373e-01,        +2.311905373416e-01,        -5.396544955412e-02
 2.51047500e+00,        +1.414213562373e-01,        +2.311889617971e-01,        -5.396586418967e-02
 2.51050000e+00,        +1.414213562373e-01,        +2.311873861517e-01,        -5.396627879582e-02
 2.51052500e+00,        +1.414213562373e-01,        +2.311858104053e-01,        -5.396669337258e-02
 2.51055000e+00,        +1.414213562373e-01,        +2.311842345579e-01,        -5.396710791995e-02
 2.51057500e+00,        +1.414213562373e-01,        +2.311826586094e-01,        -5.396752243792e-02
 2.51060000e+00,        +1.414213562373e-01,        +2.311810825596e-01,        -5.396793692649e-02
 2.51062500e+00,        +1.414213562373e-01,        +2.311795064086e-01,        -5.396835138565e-02
 2.51065000e+00,        +1.414213562373e-01,        +2.311779301562e-01,        -5.396876581541e-02
 2.51067500e+00,        +1.414213562373e-01,        +2.311763538023e-01,        -5.396918021576e-02
 2.51070000e+00,        +1.414213562373e-01,        +2.311747773469e-01,        -5.396959458669e-02
 2.51072500e+00,        +1.414213562373e-01,        +2.311732007899e-01,        -5.397000892821e-02
 2.51075000e+00,        +1.414213562373e-01,        +2.311716241312e-01,        -5.397042324032e-02
 2.51077500e+00,        +1.414213562373e-01,        +2.311700473707e-01,        -5.397083752300e-02
 2.51080000e+00,        +1.414213562373e-01,        +2.311684705083e-01,        -5.397125177627e-02
 2.51082500e+00,        +1.414213562373e-01,        +2.311668935441e-01,        -5.397166600010e-02
 2.51085000e+00,        +1.414213562373e-01,        +2.311653164777e-01,        -5.397208019451e-02
 2.51087500e+00,        +1.414213562373e-01,        +2.311637393093e-01,        -5.397249435948e-02
 2.51090000e+00,        +1.414213562373e-01,        +2.311621620387e-01,        -5.397290849503e-02
 2.51092500e+00,        +1.414213562373e-01,        +2.311605846659e-01,        -5.397332260113e-02
 2.51095000e+00,        +1.414213562373e-01,        +2.311590071906e-01,        -5.397373667780e-02
 2.51097500e+00,        +1.414213562373e-01,        +2.311574296130e-01,        -5.397415072502e-02
 2.51100000e+00,        +1.414213562373e-01,        +2.311558519328e-01,        -5.397456474280e-02
 2.51102500e+00,        +1.414213562373e-01,        +2.311542741501e-01,        -5.397497873113e-02
 2.51105000e+00,        +1.414213562373e-01,        +2.311526962647e-01,        -5.397539269000e-02
 2.51107500e+00,        +1.414213562373e-01,        +2.311511182765e-01,        -5.397580661943e-02
 2.51110000e+00,        +1.414213562373e-01,        +2.311495401855e-01,        -5.397622051939e-02
 2.51112500e+00,        +1.414213562373e-01,        +2.311479619915e-01,        -5.397663438990e-02
 2.51115000e+00,        +1.414213562373e-01,        +2.311463836946e-01,        -5.397704823094e-02
 2.51117500e+00,        +1.414213562373e-01,        +2.311448052946e-01,        -5.397746204252e-02
 2.51120000e+00,        +1.414213562373e-01,        +2.311432267914e-01,        -5.397787582463e-02
 2.51122500e+00,        +1.414213562373e-01,        +2.311416481849e-01,        -5.397828957727e-02
 2.51125000e+00,        +1.414213562373e-01,        +2.311400694752e-01,        -5.397870330043e-02
 2.51127500e+00,        +1.414213562373e-01,        +2.311384906620e-01,        -5.397911699412e-02
 2.51130000e+00,        +1.414213562373e-01,        +2.311369117453e-01,        -5.397953065832e-02
 2.51132500e+00,        +1.414213562373e-01,        +2.311353327251e-01,        -5.397994429304e-02
 2.51135000e+00,        +1.414213562373e-01,        +2.311337536012e-01,        -5.398035789828e-02
 2.51137500e+00,        +1.414213562373e-01,        +2.311321743735e-01,        -5.398077147402e-02
 2.51140000e+00,        +1.414213562373e-01,        +2.311305950421e-01,        -5.398118502028e-02
 2.51142500e+00,        +1.414213562373e-01,        +2.311290156067e-01,        -5.398159853704e-02
 2.51145000e+00,        +1.414213562373e-01,        +2.311274360674e-01,        -5.398201202429e-02
 2.51147500e+00,        +1.414213562373e-01,        +2.311258564240e-01,        -5.398242548205e-02
 2.51150000e+00,        +1.414213562373e-01,        +2.311242766764e-01,        -5.398283891031e-02
 2.51152500e+00,        +1.414213562373e-01,        +2.311226968246e-01,        -5.398325230905e-02
 2.51155000e+00,        +1.414213562373e-01,        +2.311211168685e-01,        -5.398366567829e-02
 2.51157500e+00,        +1.414213562373e-01,        +2.311195368080e-01,        -5.398407901801e-02
 2.51160000e+00,        +1.414213562373e-01,        +2.311179566430e-01,        -5.398449232821e-02
 2.51162500e+00,        +1.414213562373e-01,        +2.311163763735e-01,        -5.398490560890e-02
 2.51165000e+00,        +1.414213562373e-01,        +2.311147959993e-01,        -5.398531886006e-02
 2.51167500e+00,        +1.414213562373e-01,        +2.311132155204e-01,        -5.398573208170e-02
 2.51170000e+00,        +1.414213562373e-01,        +2.311116349367e-01,        -5.398614527380e-02
 2.51172500e+00,        +1.414213562373e-01,        +2.311100542481e-01,        -5.398655843638e-02
 2.51175000e+00,        +1.414213562373e-01,        +2.311084734545e-01,        -5.398697156941e-02
 2.51177500e+00,        +1.414213562373e-01,        +2.311068925559e-01,        -5.398738467292e-02
 2.51180000e+00,        +1.414213562373e-01,        +2.311053115521e-01,        -5.398779774687e-02
 2.51182500e+00,        +1.414213562373e-01,        +2.311037304432e-01,        -5.398821079129e-02
 2.51185000e+00,        +1.414213562373e-01,        +2.311021492289e-01,        -5.398862380615e-02
 2.51187500e+00,        +1.414213562373e-01,        +2.311005679092e-01,        -5.398903679147e-02
 2.51190000e+00,        +1.414213562373e-01,        +2.310989864841e-01,        -5.398944974723e-02
 2.51192500e+00,        +1.414213562373e-01,        +2.310974049534e-01,        -5.398986267343e-02
 2.51195000e+00,        +1.414213562373e-01,        +2.310958233171e-01,        -5.399027557007e-02
 2.51197500e+00,        +1.414213562373e-01,        +2.310942415750e-01,        -5.399068843715e-02
 2.51200000e+00,        +1.414213562373e-01,        +2.310926597272e-01,        -5.399110127466e-02
 2.51202500e+00,        +1.414213562373e-01,        +2.310910777735e-01,        -5.399151408260e-02
 2.51205000e+00,        +1.414213562373e-01,        +2.310894957138e-01,        -5.399192686097e-02
 2.51207500e+00,        +1.414213562373e-01,        +2.310879135481e-01,        -5.399233960976e-02
 2.51210000e+00,        +1.414213562373e-01,        +2.310863312762e-01,        -5.399275232896e-02
 2.51212500e+00,        +1.414213562373e-01,        +2.310847488982e-01,        -5.399316501859e-02
 2.51215000e+00,        +1.414213562373e-01,        +2.310831664138e-01,        -5.399357767863e-02
 2.51217500e+00,        +1.414213562373e-01,        +2.310815838231e-01,        -5.399399030908e-02
 2.51220000e+00,        +1.414213562373e-01,        +2.310800011259e-01,        -5.399440290993e-02
 2.51222500e+00,        +1.414213562373e-01,        +2.310784183221e-01,        -5.399481548119e-02
 2.51225000e+00,        +1.414213562373e-01,        +2.310768354117e-01,        -5.399522802285e-02
 2.51227500e+00,        +1.414213562373e-01,        +2.310752523946e-01,        -5.399564053491e-02
 2.51230000e+00,        +1.414213562373e-01,        +2.310736692708e-01,        -5.399605301736e-02
 2.51232500e+00,        +1.414213562373e-01,        +2.310720860400e-01,        -5.399646547020e-02
 2.51235000e+00,        +1.414213562373e-01,        +2.310705027023e-01,        -5.399687789342e-02
 2.51237500e+00,        +1.414213562373e-01,        +2.310689192575e-01,        -5.399729028703e-02
 2.51240000e+00,        +1.414213562373e-01,        +2.310673357057e-01,        -5.399770265102e-02
 2.51242500e+00,        +1.414213562373e-01,        +2.310657520466e-01,        -5.399811498539e-02
 2.51245000e+00,        +1.414213562373e-01,        +2.310641682802e-01,        -5.399852729013e-02
 2.51247500e+00,        +1.414213562373e-01,        +2.310625844064e-01,        -5.399893956524e-02
 2.51250000e+00,        +1.414213562373e-01,        +2.310610004252e-01,        -5.399935181071e-02
 2.51252500e+00,        +1.414213562373e-01,        +2.310594163364e-01,        -5.399976402655e-02
 2.51255000e+00,        +1.414213562373e-01,        +2.310578321400e-01,        -5.400017621275e-02
 2.51257500e+00,        +1.414213562373e-01,        +2.310562478359e-01,        -5.400058836930e-02
 2.51260000e+00,        +1.414213562373e-01,        +2.310546634240e-01,        -5.400100049621e-02
 2.51262500e+00,        +1.414213562373e-01,        +2.310530789042e-01,        -5.400141259347e-02
 2.51265000e+00,        +1.414213562373e-01,        +2.310514942764e-01,        -5.400182466107e-02
 2.51267500e+00,        +1.414213562373e-01,        +2.310499095407e-01,        -5.400223669902e-02
 2.51270000e+00,        +1.414213562373e-01,        +2.310483246967e-01,        -5.400264870730e-02
 2.51272500e+00,        +1.414213562373e-01,        +2.310467397446e-01,        -5.400306068592e-02
 2.51275000e+00,        +1.414213562373e-01,        +2.310451546842e-01,        -5.400347263487e-02
 2.51277500e+00,        +1.414213562373e-01,        +2.310435695154e-01,        -5.400388455415e-02
 2.51280000e+00,        +1.414213562373e-01,        +2.310419842381e-01,        -5.400429644375e-02
 2.51282500e+00,        +1.414213562373e-01,        +2.310403988522e-01,        -5.400470830368e-02
 2.51285000e+00,        +1.414213562373e-01,        +2.310388133578e-01,        -5.400512013392e-02
 2.51287500e+00,        +1.414213562373e-01,        +2.310372277546e-01,        -5.400553193448e-02
 2.51290000e+00,        +1.414213562373e-01,        +2.310356420426e-01,        -5.400594370535e-02
 2.51292500e+00,        +1.414213562373e-01,        +2.310340562218e-01,        -5.400635544653e-02
 2.51295000e+00,        +1.414213562373e-01,        +2.310324702919e-01,        -5.400676715801e-02
 2.51297500e+00,        +1.414213562373e-01,        +2.310308842531e-01,        -5.400717883979e-02
 2.51300000e+00,        +1.414213562373e-01,        +2.310292981050e-01,        -5.400759049187e-02
 2.51302500e+00,        +1.414213562373e-01,        +2.310277118478e-01,        -5.400800211424e-02
 2.51305000e+00,        +1.414213562373e-01,        +2.310261254813e-01,        -5.400841370689e-02
 2.51307500e+00,        +1.414213562373e-01,        +2.310245390053e-01,        -5.400882526984e-02
 2.51310000e+00,        +1.414213562373e-01,        +2.310229524199e-01,        -5.400923680307e-02
 2.51312500e+00,        +1.414213562373e-01,        +2.310213657249e-01,        -5.400964830657e-02
 2.51315000e+00,        +1.414213562373e-01,        +2.310197789203e-01,        -5.401005978035e-02
 2.51317500e+00,        +1.414213562373e-01,        +2.310181920060e-01,        -5.401047122440e-02
 2.51320000e+00,        +1.414213562373e-01,        +2.310166049818e-01,        -5.401088263872e-02
 2.51322500e+00,        +1.414213562373e-01,        +2.310150178478e-01,        -5.401129402331e-02
 2.51325000e+00,        +1.414213562373e-01,        +2.310134306038e-01,        -5.401170537815e-02
 2.51327500e+00,        +1.414213562373e-01,        +2.310118432497e-01,        -5.401211670325e-02
 2.51330000e+00,        +1.414213562373e-01,        +2.310102557854e-01,        -5.401252799860e-02
 2.51332500e+00,        +1.414213562373e-01,        +2.310086682109e-01,        -5.401293926420e-02
 2.51335000e+00,        +1.414213562373e-01,        +2.310070805261e-01,        -5.401335050005e-02
 2.51337500e+00,        +1.414213562373e-01,        +2.310054927309e-01,        -5.401376170614e-02
 2.51340000e+00,        +1.414213562373e-01,        +2.310039048252e-01,        -5.401417288247e-02
 2.51342500e+00,        +1.414213562373e-01,        +2.310023168090e-01,        -5.401458402903e-02
 2.51345000e+00,        +1.414213562373e-01,        +2.310007286820e-01,        -5.401499514582e-02
 2.51347500e+00,        +1.414213562373e-01,        +2.309991404444e-01,        -5.401540623284e-02
 2.51350000e+00,        +1.414213562373e-01,        +2.309975520959e-01,        -5.401581729008e-02
 2.51352500e+00,        +1.414213562373e-01,        +2.309959636365e-01,        -5.401622831754e-02
 2.51355000e+00,        +1.414213562373e-01,        +2.309943750660e-01,        -5.401663931522e-02
 2.51357500e+00,        +1.414213562373e-01,        +2.309927863845e-01,        -5.401705028311e-02
 2.51360000e+00,        +1.414213562373e-01,        +2.309911975919e-01,        -5.401746122120e-02
 2.51362500e+00,        +1.414213562373e-01,        +2.309896086880e-01,        -5.401787212950e-02
 2.51365000e+00,        +1.414213562373e-01,        +2.309880196727e-01,        -5.401828300800e-02
 2.51367500e+00,        +1.414213562373e-01,        +2.309864305460e-01,        -5.401869385670e-02
 2.51370000e+00,        +1.414213562373e-01,        +2.309848413078e-01,        -5.401910467559e-02
 2.51372500e+00,        +1.414213562373e-01,        +2.309832519580e-01,        -5.401951546467e-02
 2.51375000e+00,        +1.414213562373e-01,        +2.309816624965e-01,        -5.401992622393e-02
 2.51377500e+00,        +1.414213562373e-01,        +2.309800729233e-01,        -5.402033695338e-02
 2.51380000e+00,        +1.414213562373e-01,        +2.309784832382e-01,        -5.402074765300e-02
 2.51382500e+00,        +1.414213562373e-01,        +2.309768934412e-01,        -5.402115832279e-02
 2.51385000e+00,        +1.414213562373e-01,        +2.309753035321e-01,        -5.402156896276e-02
 2.51387500e+00,        +1.414213562373e-01,        +2.309737135110e-01,        -5.402197957289e-02
 2.51390000e+00,        +1.414213562373e-01,        +2.309721233776e-01,        -5.402239015318e-02
 2.51392500e+00,        +1.414213562373e-01,        +2.309705331320e-01,        -5.402280070363e-02
 2.51395000e+00,        +1.414213562373e-01,        +2.309689427740e-01,        -5.402321122423e-02
 2.51397500e+00,        +1.414213562373e-01,        +2.309673523035e-01,        -5.402362171499e-02
 2.51400000e+00,        +1.414213562373e-01,        +2.309657617205e-01,        -5.402403217588e-02
 2.51402500e+00,        +1.414213562373e-01,        +2.309641710249e-01,        -5.402444260693e-02
 2.51405000e+00,        +1.414213562373e-01,        +2.309625802166e-01,        -5.402485300810e-02
 2.51407500e+00,        +1.414213562373e-01,        +2.309609892955e-01,        -5.402526337942e-02
 2.51410000e+00,        +1.414213562373e-01,        +2.309593982615e-01,        -5.402567372086e-02
 2.51412500e+00,        +1.414213562373e-01,        +2.309578071145e-01,        -5.402608403243e-02
 2.51415000e+00,        +1.414213562373e-01,        +2.309562158545e-01,        -5.402649431412e-02
 2.51417500e+00,        +1.414213562373e-01,        +2.309546244814e-01,        -5.402690456593e-02
 2.51420000e+00,        +1.414213562373e-01,        +2.309530329950e-01,        -5.402731478785e-02
 2.51422500e+00,        +1.414213562373e-01,        +2.309514413953e-01,        -5.402772497989e-02
 2.51425000e+00,        +1.414213562373e-01,        +2.309498496822e-01,        -5.402813514203e-02
 2.51427500e+00,        +1.414213562373e-01,        +2.309482578556e-01,        -5.402854527427e-02
 2.51430000e+00,        +1.414213562373e-01,        +2.309466659155e-01,        -5.402895537661e-02
 2.51432500e+00,        +1.414213562373e-01,        +2.309450738617e-01,        -5.402936544904e-02
 2.51435000e+00,        +1.414213562373e-01,        +2.309434816941e-01,        -5.402977549157e-02
 2.51437500e+00,        +1.414213562373e-01,        +2.309418894128e-01,        -5.403018550417e-02
 2.51440000e+00,        +1.414213562373e-01,        +2.309402970175e-01,        -5.403059548687e-02
 2.51442500e+00,        +1.414213562373e-01,        +2.309387045082e-01,        -5.403100543963e-02
 2.51445000e+00,        +1.414213562373e-01,        +2.309371118848e-01,        -5.403141536248e-02
 2.51447500e+00,        +1.414213562373e-01,        +2.309355191472e-01,        -5.403182525539e-02
 2.51450000e+00,        +1.414213562373e-01,        +2.309339262954e-01,        -5.403223511836e-02
 2.51452500e+00,        +1.414213562373e-01,        +2.309323333293e-01,        -5.403264495140e-02
 2.51455000e+00,        +1.414213562373e-01,        +2.309307402487e-01,        -5.403305475450e-02
 2.51457500e+00,        +1.414213562373e-01,        +2.309291470535e-01,        -5.403346452764e-02
 2.51460000e+00,        +1.414213562373e-01,        +2.309275537438e-01,        -5.403387427084e-02
 2.51462500e+00,        +1.414213562373e-01,        +2.309259603193e-01,        -5.403428398408e-02
 2.51465000e+00,        +1.414213562373e-01,        +2.309243667801e-01,        -5.403469366736e-02
 2.51467500e+00,        +1.414213562373e-01,        +2.309227731260e-01,        -5.403510332068e-02
 2.51470000e+00,        +1.414213562373e-01,        +2.309211793570e-01,        -5.403551294403e-02
 2.51472500e+00,        +1.414213562373e-01,        +2.309195854729e-01,        -5.403592253741e-02
 2.51475000e+00,        +1.414213562373e-01,        +2.309179914737e-01,        -5.403633210081e-02
 2.51477500e+00,        +1.414213562373e-01,        +2.309163973592e-01,        -5.403674163423e-02
 2.51480000e+00,        +1.414213562373e-01,        +2.309148031295e-01,        -5.403715113766e-02
 2.51482500e+00,        +1.414213562373e-01,        +2.309132087843e-01,        -5.403756061111e-02
 2.51485000e+00,        +1.414213562373e-01,        +2.309116143237e-01,        -5.403797005456e-02
 2.51487500e+00,        +1.414213562373e-01,        +2.309100197475e-01,        -5.403837946802e-02
 2.51490000e+00,        +1.414213562373e-01,        +2.309084250556e-01,        -5.403878885147e-02
 2.51492500e+00,        +1.414213562373e-01,        +2.309068302480e-01,        -5.403919820492e-02
 2.51495000e+00,        +1.414213562373e-01,        +2.309052353246e-01,        -5.403960752835e-02
 2.51497500e+00,        +1.414213562373e-01,        +2.309036402852e-01,        -5.404001682178e-02
 2.51500000e+00,        +1.414213562373e-01,        +2.309020451299e-01,        -5.404042608518e-02
 2.51502500e+00,        +1.414213562373e-01,        +2.309004498584e-01,        -5.404083531856e-02
 2.51505000e+00,        +1.414213562373e-01,        +2.308988544708e-01,        -5.404124452191e-02
 2.51507500e+00,        +1.414213562373e-01,        +2.308972589669e-01,        -5.404165369523e-02
 2.51510000e+00,        +1.414213562373e-01,        +2.308956633466e-01,        -5.404206283852e-02
 2.51512500e+00,        +1.414213562373e-01,        +2.308940676099e-01,        -5.404247195176e-02
 2.51515000e+00,        +1.414213562373e-01,        +2.308924717567e-01,        -5.404288103496e-02
 2.51517500e+00,        +1.414213562373e-01,        +2.308908757868e-01,        -5.404329008811e-02
 2.51520000e+00,        +1.414213562373e-01,        +2.308892797002e-01,        -5.404369911120e-02
 2.51522500e+00,        +1.414213562373e-01,        +2.308876834969e-01,        -5.404410810424e-02
 2.51525000e+00,        +1.414213562373e-01,        +2.308860871766e-01,        -5.404451706722e-02
 2.51527500e+00,        +1.414213562373e-01,        +2.308844907394e-01,        -5.404492600012e-02
 2.51530000e+00,        +1.414213562373e-01,        +2.308828941851e-01,        -5.404533490296e-02
 2.51532500e+00,        +1.414213562373e-01,        +2.308812975136e-01,        -5.404574377572e-02
 2.51535000e+00,        +1.414213562373e-01,        +2.308797007249e-01,        -5.404615261840e-02
 2.51537500e+00,        +1.414213562373e-01,        +2.308781038189e-01,        -5.404656143100e-02
 2.51540000e+00,        +1.414213562373e-01,        +2.308765067955e-01,        -5.404697021351e-02
 2.51542500e+00,        +1.414213562373e-01,        +2.308749096546e-01,        -5.404737896592e-02
 2.51545000e+00,        +1.414213562373e-01,        +2.308733123960e-01,        -5.404778768824e-02
 2.51547500e+00,        +1.414213562373e-01,        +2.308717150198e-01,        -5.404819638045e-02
 2.51550000e+00,        +1.414213562373e-01,        +2.308701175258e-01,        -5.404860504256e-02
 2.51552500e+00,        +1.414213562373e-01,        +2.308685199140e-01,        -5.404901367456e-02
 2.51555000e+00,        +1.414213562373e-01,        +2.308669221842e-01,        -5.404942227644e-02
 2.51557500e+00,        +1.414213562373e-01,        +2.308653243364e-01,        -5.404983084820e-02
 2.51560000e+00,        +1.414213562373e-01,        +2.308637263704e-01,        -5.405023938983e-02
 2.51562500e+00,        +1.414213562373e-01,        +2.308621282862e-01,        -5.405064790134e-02
 2.51565000e+00,        +1.414213562373e-01,        +2.308605300838e-01,        -5.405105638271e-02
 2.51567500e+00,        +1.414213562373e-01,        +2.308589317629e-01,        -5.405146483394e-02
 2.51570000e+00,        +1.414213562373e-01,        +2.308573333236e-01,        -5.405187325503e-02
 2.51572500e+00,        +1.414213562373e-01,        +2.308557347656e-01,        -5.405228164598e-02
 2.51575000e+00,        +1.414213562373e-01,        +2.308541360891e-01,        -5.405269000677e-02
 2.51577500e+00,        +1.414213562373e-01,        +2.308525372937e-01,        -5.405309833740e-02
 2.51580000e+00,        +1.414213562373e-01,        +2.308509383796e-01,        -5.405350663787e-02
 2.51582500e+00,        +1.414213562373e-01,        +2.308493393465e-01,        -5.405391490818e-02
 2.51585000e+00,        +1.414213562373e-01,        +2.308477401943e-01,        -5.405432314832e-02
 2.51587500e+00,        +1.414213562373e-01,        +2.308461409231e-01,        -5.405473135828e-02
 2.51590000e+00,        +1.414213562373e-01,        +2.308445415327e-01,        -5.405513953806e-02
 2.51592500e+00,        +1.414213562373e-01,        +2.308429420230e-01,        -5.405554768766e-02
 2.51595000e+00,        +1.414213562373e-01,        +2.308413423939e-01,        -5.405595580707e-02
 2.51597500e+00,        +1.414213562373e-01,        +2.308397426454e-01,        -5.405636389628e-02
 2.51600000e+00,        +1.414213562373e-01,        +2.308381427773e-01,        -5.405677195530e-02
 2.51602500e+00,        +1.414213562373e-01,        +2.308365427895e-01,        -5.405717998411e-02
 2.51605000e+00,        +1.414213562373e-01,        +2.308349426820e-01,        -5.405758798272e-02
 2.51607500e+00,        +1.414213562373e-01,        +2.308333424547e-01,        -5.405799595112e-02
 2.51610000e+00,        +1.414213562373e-01,        +2.308317421075e-01,        -5.405840388929e-02
 2.51612500e+00,        +1.414213562373e-01,        +2.308301416403e-01,        -5.405881179725e-02
 2.51615000e+00,        +1.414213562373e-01,        +2.308285410530e-01,        -5.405921967498e-02
 2.51617500e+00,        +1.414213562373e-01,        +2.308269403455e-01,        -5.405962752248e-02
 2.51620000e+00,        +1.414213562373e-01,        +2.308253395177e-01,        -5.406003533974e-02
 2.51622500e+00,        +1.414213562373e-01,        +2.308237385695e-01,        -5.406044312676e-02
 2.51625000e+00,        +1.414213562373e-01,        +2.308221375009e-01,        -5.406085088354e-02
 2.51627500e+00,        +1.414213562373e-01,        +2.308205363118e-01,        -5.406125861006e-02
 2.51630000e+00,        +1.414213562373e-01,        +2.308189350020e-01,        -5.406166630633e-02
 2.51632500e+00,        +1.414213562373e-01,        +2.308173335715e-01,        -5.406207397235e-02
 2.51635000e+00,        +1.414213562373e-01,        +2.308157320202e-01,        -5.406248160809e-02
 2.51637500e+00,        +1.414213562373e-01,        +2.308141303479e-01,        -5.406288921357e-02
 2.51640000e+00,        +1.414213562373e-01,        +2.308125285547e-01,        -5.406329678878e-02
 2.51642500e+00,        +1.414213562373e-01,        +2.308109266403e-01,        -5.406370433370e-02
 2.51645000e+00,        +1.414213562373e-01,        +2.308093246048e-01,        -5.406411184834e-02
 2.51647500e+00,        +1.414213562373e-01,        +2.308077224481e-01,        -5.406451933270e-02
 2.51650000e+00,        +1.414213562373e-01,        +2.308061201699e-01,        -5.406492678676e-02
 2.51652500e+00,        +1.414213562373e-01,        +2.308045177703e-01,        -5.406533421052e-02
 2.51655000e+00,        +1.414213562373e-01,        +2.308029152492e-01,        -5.406574160398e-02
 2.51657500e+00,        +1.414213562373e-01,        +2.308013126064e-01,        -5.406614896713e-02
 2.51660000e+00,        +1.414213562373e-01,        +2.307997098419e-01,        -5.406655629997e-02
 2.51662500e+00,        +1.414213562373e-01,        +2.307981069556e-01,        -5.406696360249e-02
 2.51665000e+00,        +1.414213562373e-01,        +2.307965039474e-01,        -5.406737087469e-02
 2.51667500e+00,        +1.414213562373e-01,        +2.307949008171e-01,        -5.406777811656e-02
 2.51670000e+00,        +1.414213562373e-01,        +2.307932975648e-01,        -5.406818532810e-02
 2.51672500e+00,        +1.414213562373e-01,        +2.307916941903e-01,        -5.406859250930e-02
 2.51675000e+00,        +1.414213562373e-01,        +2.307900906936e-01,        -5.406899966016e-02
 2.51677500e+00,        +1.414213562373e-01,        +2.307884870744e-01,        -5.406940678067e-02
 2.51680000e+00,        +1.414213562373e-01,        +2.307868833328e-01,        -5.406981387083e-02
 2.51682500e+00,        +1.414213562373e-01,        +2.307852794687e-01,        -5.407022093064e-02
 2.51685000e+00,        +1.414213562373e-01,        +2.307836754819e-01,        -5.407062796008e-02
 2.51687500e+00,        +1.414213562373e-01,        +2.307820713724e-01,        -5.407103495915e-02
 2.51690000e+00,        +1.414213562373e-01,        +2.307804671400e-01,        -5.407144192786e-02
 2.51692500e+00,        +1.414213562373e-01,        +2.307788627848e-01,        -5.407184886618e-02
 2.51695000e+00,        +1.414213562373e-01,        +2.307772583065e-01,        -5.407225577413e-02
 2.51697500e+00,        +1.414213562373e-01,        +2.307756537052e-01,        -5.407266265168e-02
 2.51700000e+00,        +1.414213562373e-01,        +2.307740489806e-01,        -5.407306949885e-02
 2.51702500e+00,        +1.414213562373e-01,        +2.307724441328e-01,        -5.407347631562e-02
 2.51705000e+00,        +1.414213562373e-01,        +2.307708391615e-01,        -5.407388310198e-02
 2.51707500e+00,        +1.414213562373e-01,        +2.307692340669e-01,        -5.407428985794e-02
 2.51710000e+00,        +1.414213562373e-01,        +2.307676288486e-01,        -5.407469658349e-02
 2.51712500e+00,        +1.414213562373e-01,        +2.307660235067e-01,        -5.407510327862e-02
 2.51715000e+00,        +1.414213562373e-01,        +2.307644180411e-01,        -5.407550994333e-02
 2.51717500e+00,        +1.414213562373e-01,        +2.307628124516e-01,        -5.407591657761e-02
 2.51720000e+00,        +1.414213562373e-01,        +2.307612067382e-01,        -5.407632318146e-02
 2.51722500e+00,        +1.414213562373e-01,        +2.307596009008e-01,        -5.407672975487e-02
 2.51725000e+00,        +1.414213562373e-01,        +2.307579949392e-01,        -5.407713629783e-02
 2.51727500e+00,        +1.414213562373e-01,        +2.307563888534e-01,        -5.407754281035e-02
 2.51730000e+00,        +1.414213562373e-01,        +2.307547826434e-01,        -5.407794929242e-02
 2.51732500e+00,        +1.414213562373e-01,        +2.307531763089e-01,        -5.407835574403e-02
 2.51735000e+00,        +1.414213562373e-01,        +2.307515698500e-01,        -5.407876216518e-02
 2.51737500e+00,        +1.414213562373e-01,        +2.307499632665e-01,        -5.407916855586e-02
 2.51740000e+00,        +1.414213562373e-01,        +2.307483565583e-01,        -5.407957491606e-02
 2.51742500e+00,        +1.414213562373e-01,        +2.307467497253e-01,        -5.407998124579e-02
 2.51745000e+00,        +1.414213562373e-01,        +2.307451427675e-01,        -5.408038754503e-02
 2.51747500e+00,        +1.414213562373e-01,        +2.307435356847e-01,        -5.408079381378e-02
 2.51750000e+00,        +1.414213562373e-01,        +2.307419284769e-01,        -5.408120005204e-02
 2.51752500e+00,        +1.414213562373e-01,        +2.307403211440e-01,        -5.408160625980e-02
 2.51755000e+00,        +1.414213562373e-01,        +2.307387136858e-01,        -5.408201243705e-02
 2.51757500e+00,        +1.414213562373e-01,        +2.307371061023e-01,        -5.408241858380e-02
 2.51760000e+00,        +1.414213562373e-01,        +2.307354983933e-01,        -5.408282470003e-02
 2.51762500e+00,        +1.414213562373e-01,        +2.307338905589e-01,        -5.408323078574e-02
 2.51765000e+00,        +1.414213562373e-01,        +2.307322825988e-01,        -5.408363684092e-02
 2.51767500e+00,        +1.414213562373e-01,        +2.307306745131e-01,        -5.408404286558e-02
 2.51770000e+00,        +1.414213562373e-01,        +2.307290663015e-01,        -5.408444885969e-02
 2.51772500e+00,        +1.414213562373e-01,        +2.307274579641e-01,        -5.408485482327e-02
 2.51775000e+00,        +1.414213562373e-01,        +2.307258495006e-01,        -5.408526075630e-02
 2.51777500e+00,        +1.414213562373e-01,        +2.307242409111e-01,        -5.408566665877e-02
 2.51780000e+00,        +1.414213562373e-01,        +2.307226321955e-01,        -5.408607253069e-02
 2.51782500e+00,        +1.414213562373e-01,        +2.307210233535e-01,        -5.408647837205e-02
 2.51785000e+00,        +1.414213562373e-01,        +2.307194143853e-01,        -5.408688418284e-02
 2.51787500e+00,        +1.414213562373e-01,        +2.307178052905e-01,        -5.408728996305e-02
 2.51790000e+00,        +1.414213562373e-01,        +2.307161960692e-01,        -5.408769571269e-02
 2.51792500e+00,        +1.414213562373e-01,        +2.307145867213e-01,        -5.408810143174e-02
 2.51795000e+00,        +1.414213562373e-01,        +2.307129772466e-01,        -5.408850712021e-02
 2.51797500e+00,        +1.414213562373e-01,        +2.307113676451e-01,        -5.408891277807e-02
 2.51800000e+00,        +1.414213562373e-01,        +2.307097579167e-01,        -5.408931840534e-02
 2.51802500e+00,        +1.414213562373e-01,        +2.307081480612e-01,        -5.408972400201e-02
 2.51805000e+00,        +1.414213562373e-01,        +2.307065380787e-01,        -5.409012956806e-02
 2.51807500e+00,        +1.414213562373e-01,        +2.307049279689e-01,        -5.409053510349e-02
 2.51810000e+00,        +1.414213562373e-01,        +2.307033177318e-01,        -5.409094060831e-02
 2.51812500e+00,        +1.414213562373e-01,        +2.307017073673e-01,        -5.409134608249e-02
 2.51815000e+00,        +1.414213562373e-01,        +2.307000968754e-01,        -5.409175152605e-02
 2.51817500e+00,        +1.414213562373e-01,        +2.306984862558e-01,        -5.409215693896e-02
 2.51820000e+00,        +1.414213562373e-01,        +2.306968755086e-01,        -5.409256232123e-02
 2.51822500e+00,        +1.414213562373e-01,        +2.306952646335e-01,        -5.409296767286e-02
 2.51825000e+00,        +1.414213562373e-01,        +2.306936536306e-01,        -5.409337299383e-02
 2.51827500e+00,        +1.414213562373e-01,        +2.306920424998e-01,        -5.409377828413e-02
 2.51830000e+00,        +1.414213562373e-01,        +2.306904312408e-01,        -5.409418354378e-02
 2.51832500e+00,        +1.414213562373e-01,        +2.306888198537e-01,        -5.409458877275e-02
 2.51835000e+00,        +1.414213562373e-01,        +2.306872083384e-01,        -5.409499397105e-02
 2.51837500e+00,        +1.414213562373e-01,        +2.306855966947e-01,        -5.409539913866e-02
 2.51840000e+00,        +1.414213562373e-01,        +2.306839849225e-01,        -5.409580427558e-02
 2.51842500e+00,        +1.414213562373e-01,        +2.306823730218e-01,        -5.409620938182e-02
 2.51845000e+00,        +1.414213562373e-01,        +2.306807609925e-01,        -5.409661445735e-02
 2.51847500e+00,        +1.414213562373e-01,        +2.306791488344e-01,        -5.409701950218e-02
 2.51850000e+00,        +1.414213562373e-01,        +2.306775365475e-01,        -5.409742451630e-02
 2.51852500e+00,        +1.414213562373e-01,        +2.306759241316e-01,        -5.409782949971e-02
 2.51855000e+00,        +1.414213562373e-01,        +2.306743115868e-01,        -5.409823445239e-02
 2.51857500e+00,        +1.414213562373e-01,        +2.306726989128e-01,        -5.409863937435e-02
 2.51860000e+00,        +1.414213562373e-01,        +2.306710861096e-01,        -5.409904426557e-02
 2.51862500e+00,        +1.414213562373e-01,        +2.306694731771e-01,        -5.409944912606e-02
 2.51865000e+00,        +1.414213562373e-01,        +2.306678601152e-01,        -5.409985395580e-02
 2.51867500e+00,        +1.414213562373e-01,        +2.306662469237e-01,        -5.410025875480e-02
 2.51870000e+00,        +1.414213562373e-01,        +2.306646336027e-01,        -5.410066352304e-02
 2.51872500e+00,        +1.414213562373e-01,        +2.306630201520e-01,        -5.410106826051e-02
 2.51875000e+00,        +1.414213562373e-01,        +2.306614065715e-01,        -5.410147296723e-02
 2.51877500e+00,        +1.414213562373e-01,        +2.306597928610e-01,        -5.410187764317e-02
 2.51880000e+00,        +1.414213562373e-01,        +2.306581790206e-01,        -5.410228228833e-02
 2.51882500e+00,        +1.414213562373e-01,        +2.306565650501e-01,        -5.410268690271e-02
 2.51885000e+00,        +1.414213562373e-01,        +2.306549509495e-01,        -5.410309148631e-02
 2.51887500e+00,        +1.414213562373e-01,        +2.306533367185e-01,        -5.410349603910e-02
 2.51890000e+00,        +1.414213562373e-01,        +2.306517223572e-01,        -5.410390056110e-02
 2.51892500e+00,        +1.414213562373e-01,        +2.306501078654e-01,        -5.410430505229e-02
 2.51895000e+00,        +1.414213562373e-01,        +2.306484932430e-01,        -5.410470951267e-02
 2.51897500e+00,        +1.414213562373e-01,        +2.306468784900e-01,        -5.410511394224e-02
 2.51900000e+00,        +1.414213562373e-01,        +2.306452636061e-01,        -5.410551834098e-02
 2.51902500e+00,        +1.414213562373e-01,        +2.306436485915e-01,        -5.410592270889e-02
 2.51905000e+00,        +1.414213562373e-01,        +2.306420334458e-01,        -5.410632704596e-02
 2.51907500e+00,        +1.414213562373e-01,        +2.306404181691e-01,        -5.410673135220e-02
 2.51910000e+00,        +1.414213562373e-01,        +2.306388027613e-01,        -5.410713562759e-02
 2.51912500e+00,        +1.414213562373e-01,        +2.306371872222e-01,        -5.410753987212e-02
 2.51915000e+00,        +1.414213562373e-01,        +2.306355715517e-01,        -5.410794408580e-02
 2.51917500e+00,        +1.414213562373e-01,        +2.306339557498e-01,        -5.410834826862e-02
 2.51920000e+00,        +1.414213562373e-01,        +2.306323398163e-01,        -5.410875242056e-02
 2.51922500e+00,        +1.414213562373e-01,        +2.306307237512e-01,        -5.410915654163e-02
 2.51925000e+00,        +1.414213562373e-01,        +2.306291075544e-01,        -5.410956063182e-02
 2.51927500e+00,        +1.414213562373e-01,        +2.306274912257e-01,        -5.410996469112e-02
 2.51930000e+00,        +1.414213562373e-01,        +2.306258747651e-01,        -5.411036871953e-02
 2.51932500e+00,        +1.414213562373e-01,        +2.306242581724e-01,        -5.411077271704e-02
 2.51935000e+00,        +1.414213562373e-01,        +2.306226414476e-01,        -5.411117668364e-02
 2.51937500e+00,        +1.414213562373e-01,        +2.306210245905e-01,        -5.411158061934e-02
 2.51940000e+00,        +1.414213562373e-01,        +2.306194076011e-01,        -5.411198452411e-02
 2.51942500e+00,        +1.414213562373e-01,        +2.306177904793e-01,        -5.411238839797e-02
 2.51945000e+00,        +1.414213562373e-01,        +2.306161732250e-01,        -5.411279224090e-02
 2.51947500e+00,        +1.414213562373e-01,        +2.306145558380e-01,        -5.411319605289e-02
 2.51950000e+00,        +1.414213562373e-01,        +2.306129383183e-01,        -5.411359983394e-02
 2.51952500e+00,        +1.414213562373e-01,        +2.306113206657e-01,        -5.411400358404e-02
 2.51955000e+00,        +1.414213562373e-01,        +2.306097028803e-01,        -5.411440730320e-02
 2.51957500e+00,        +1.414213562373e-01,        +2.306080849618e-01,        -5.411481099139e-02
 2.51960000e+00,        +1.414213562373e-01,        +2.306064669102e-01,        -5.411521464862e-02
 2.51962500e+00,        +1.414213562373e-01,        +2.306048487253e-01,        -5.411561827488e-02
 2.51965000e+00,        +1.414213562373e-01,        +2.306032304071e-01,        -5.411602187017e-02
 2.51967500e+00,        +1.414213562373e-01,        +2.306016119555e-01,        -5.411642543447e-02
 2.51970000e+00,        +1.414213562373e-01,        +2.305999933704e-01,        -5.411682896778e-02
 2.51972500e+00,        +1.414213562373e-01,        +2.305983746517e-01,        -5.411723247010e-02
 2.51975000e+00,        +1.414213562373e-01,        +2.305967557992e-01,        -5.411763594142e-02
 2.51977500e+00,        +1.414213562373e-01,        +2.305951368129e-01,        -5.411803938173e-02
 2.51980000e+00,        +1.414213562373e-01,        +2.305935176927e-01,        -5.411844279103e-02
 2.51982500e+00,        +1.414213562373e-01,        +2.305918984384e-01,        -5.411884616931e-02
 2.51985000e+00,        +1.414213562373e-01,        +2.305902790501e-01,        -5.411924951657e-02
 2.51987500e+00,        +1.414213562373e-01,        +2.305886595275e-01,        -5.411965283279e-02
 2.51990000e+00,        +1.414213562373e-01,        +2.305870398706e-01,        -5.412005611798e-02
 2.51992500e+00,        +1.414213562373e-01,        +2.305854200793e-01,        -5.412045937213e-02
 2.51995000e+00,        +1.414213562373e-01,        +2.305838001534e-01,        -5.412086259523e-02
 2.51997500e+00,        +1.414213562373e-01,        +2.305821800929e-01,        -5.412126578727e-02
 2.52000000e+00,        +1.414213562373e-01,        +2.305805598977e-01,        -5.412166894825e-02
