        f (GHz),             |S[1][1]| (dB),        arg(S[1][1]) (deg.)
 2.40000000e+00,        -2.282611605842e+00,        -2.855128645645e+01
 2.40002500e+00,        -2.282686237176e+00,        -2.855185308887e+01
 2.40005000e+00,        -2.282760882191e+00,        -2.855241977505e+01
 2.40007500e+00,        -2.282835540906e+00,        -2.855298651505e+01
 2.40010000e+00,        -2.282910213340e+00,        -2.855355330896e+01
 2.40012500e+00,        -2.282984899515e+00,        -2.855412015683e+01
 2.40015000e+00,        -2.283059599449e+00,        -2.855468705876e+01
 2.40017500e+00,        -2.283134313163e+00,        -2.855525401481e+01
 2.40020000e+00,        -2.283209040677e+00,        -2.855582102506e+01
 2.40022500e+00,        -2.283283782011e+00,        -2.855638808958e+01
 2.40025000e+00,        -2.283358537185e+00,        -2.855695520845e+01
 2.40027500e+00,        -2.283433306220e+00,        -2.855752238175e+01
 2.40030000e+00,        -2.283508089136e+00,        -2.855808960954e+01
 2.40032500e+00,        -2.283582885953e+00,        -2.855865689192e+01
 2.40035000e+00,        -2.283657696692e+00,        -2.855922422894e+01
 2.40037500e+00,        -2.283732521373e+00,        -2.855979162069e+01
 2.40040000e+00,        -2.283807360017e+00,        -2.856035906725e+01
 2.40042500e+00,        -2.283882212643e+00,        -2.856092656869e+01
 2.40045000e+00,        -2.283957079274e+00,        -2.856149412508e+01
 2.40047500e+00,        -2.284031959929e+00,        -2.856206173651e+01
 2.40050000e+00,        -2.284106854630e+00,        -2.856262940306e+01
 2.40052500e+00,        -2.284181763396e+00,        -2.856319712479e+01
 2.40055000e+00,        -2.284256686250e+00,        -2.856376490179e+01
 2.40057500e+00,        -2.284331623211e+00,        -2.856433273414e+01
 2.40060000e+00,        -2.284406574301e+00,        -2.856490062190e+01
 2.40062500e+00,        -2.284481539540e+00,        -2.856546856517e+01
 2.40065000e+00,        -2.284556518950e+00,        -2.856603656402e+01
 2.40067500e+00,        -2.284631512553e+00,        -2.856660461852e+01
 2.40070000e+00,        -2.284706520368e+00,        -2.856717272876e+01
 2.40072500e+00,        -2.284781542418e+00,        -2.856774089482e+01
 2.40075000e+00,        -2.284856578723e+00,        -2.856830911677e+01
 2.40077500e+00,        -2.284931629305e+00,        -2.856887739469e+01
 2.40080000e+00,        -2.285006694185e+00,        -2.856944572867e+01
 2.40082500e+00,        -2.285081773385e+00,        -2.857001411878e+01
 2.40085000e+00,        -2.285156866926e+00,        -2.857058256510e+01
 2.40087500e+00,        -2.285231974830e+00,        -2.857115106771e+01
 2.40090000e+00,        -2.285307097118e+00,        -2.857171962670e+01
 2.40092500e+00,        -2.285382233812e+00,        -2.857228824214e+01
 2.40095000e+00,        -2.285457384934e+00,        -2.857285691411e+01
 2.40097500e+00,        -2.285532550506e+00,        -2.857342564270e+01
 2.40100000e+00,        -2.285607730549e+00,        -2.857399442798e+01
 2.40102500e+00,        -2.285682925085e+00,        -2.857456327004e+01
 2.40105000e+00,        -2.285758134136e+00,        -2.857513216896e+01
 2.40107500e+00,        -2.285833357725e+00,        -2.857570112482e+01
 2.40110000e+00,        -2.285908595872e+00,        -2.857627013770e+01
 2.40112500e+00,        -2.285983848602e+00,        -2.857683920769e+01
 2.40115000e+00,        -2.286059115934e+00,        -2.857740833486e+01
 2.40117500e+00,        -2.286134397893e+00,        -2.857797751930e+01
 2.40120000e+00,        -2.286209694500e+00,        -2.857854676109e+01
 2.40122500e+00,        -2.286285005777e+00,        -2.857911606031e+01
 2.40125000e+00,        -2.286360331747e+00,        -2.857968541706e+01
 2.40127500e+00,        -2.286435672432e+00,        -2.858025483140e+01
 2.40130000e+00,        -2.286511027855e+00,        -2.858082430343e+01
 2.40132500e+00,        -2.286586398039e+00,        -2.858139383322e+01
 2.40135000e+00,        -2.286661783006e+00,        -2.858196342087e+01
 2.40137500e+00,        -2.286737182778e+00,        -2.858253306645e+01
 2.40140000e+00,        -2.286812597380e+00,        -2.858310277006e+01
 2.40142500e+00,        -2.286888026832e+00,        -2.858367253177e+01
 2.40145000e+00,        -2.286963471159e+00,        -2.858424235166e+01
 2.40147500e+00,        -2.287038930384e+00,        -2.858481222984e+01
 2.40150000e+00,        -2.287114404529e+00,        -2.858538216637e+01
 2.40152500e+00,        -2.287189893617e+00,        -2.858595216135e+01
 2.40155000e+00,        -2.287265397671e+00,        -2.858652221486e+01
 2.40157500e+00,        -2.287340916715e+00,        -2.858709232698e+01
 2.40160000e+00,        -2.287416450773e+00,        -2.858766249781e+01
 2.40162500e+00,        -2.287491999866e+00,        -2.858823272743e+01
 2.40165000e+00,        -2.287567564019e+00,        -2.858880301592e+01
 2.40167500e+00,        -2.287643143256e+00,        -2.858937336337e+01
 2.40170000e+00,        -2.287718737599e+00,        -2.858994376988e+01
 2.40172500e+00,        -2.287794347072e+00,        -2.859051423552e+01
 2.40175000e+00,        -2.287869971699e+00,        -2.859108476038e+01
 2.40177500e+00,        -2.287945611504e+00,        -2.859165534456e+01
 2.40180000e+00,        -2.288021266510e+00,        -2.859222598813e+01
 2.40182500e+00,        -2.288096936741e+00,        -2.859279669120e+01
 2.40185000e+00,        -2.288172622221e+00,        -2.859336745383e+01
 2.40187500e+00,        -2.288248322974e+00,        -2.859393827613e+01
 2.40190000e+00,        -2.288324039024e+00,        -2.859450915819e+01
 2.40192500e+00,        -2.288399770395e+00,        -2.859508010008e+01
 2.40195000e+00,        -2.288475517111e+00,        -2.859565110191e+01
 2.40197500e+00,        -2.288551279197e+00,        -2.859622216376e+01
 2.40200000e+00,        -2.288627056677e+00,        -2.859679328571e+01
 2.40202500e+00,        -2.288702849574e+00,        -2.859736446787e+01
 2.40205000e+00,        -2.288778657914e+00,        -2.859793571032e+01
 2.40207500e+00,        -2.288854481721e+00,        -2.859850701314e+01
 2.40210000e+00,        -2.288930321020e+00,        -2.859907837644e+01
 2.40212500e+00,        -2.289006175834e+00,        -2.859964980030e+01
 2.40215000e+00,        -2.289082046189e+00,        -2.860022128481e+01
 2.40217500e+00,        -2.289157932110e+00,        -2.860079283006e+01
 2.40220000e+00,        -2.289233833621e+00,        -2.860136443615e+01
 2.40222500e+00,        -2.289309750747e+00,        -2.860193610317e+01
 2.40225000e+00,        -2.289385683513e+00,        -2.860250783121e+01
 2.40227500e+00,        -2.289461631945e+00,        -2.860307962035e+01
 2.40230000e+00,        -2.289537596066e+00,        -2.860365147070e+01
 2.40232500e+00,        -2.289613575903e+00,        -2.860422338235e+01
 2.40235000e+00,        -2.289689571481e+00,        -2.860479535538e+01
 2.40237500e+00,        -2.289765582824e+00,        -2.860536738990e+01
 2.40240000e+00,        -2.289841609959e+00,        -2.860593948599e+01
 2.40242500e+00,        -2.289917652910e+00,        -2.860651164375e+01
 2.40245000e+00,        -2.289993711703e+00,        -2.860708386328e+01
 2.40247500e+00,        -2.290069786364e+00,        -2.860765614466e+01
 2.40250000e+00,        -2.290145876918e+00,        -2.860822848799e+01
 2.40252500e+00,        -2.290221983391e+00,        -2.860880089337e+01
 2.40255000e+00,        -2.290298105809e+00,        -2.860937336089e+01
 2.40257500e+00,        -2.290374244198e+00,        -2.860994589065e+01
 2.40260000e+00,        -2.290450398583e+00,        -2.861051848274e+01
 2.40262500e+00,        -2.290526568990e+00,        -2.861109113725e+01
 2.40265000e+00,        -2.290602755446e+00,        -2.861166385429e+01
 2.40267500e+00,        -2.290678957977e+00,        -2.861223663395e+01
 2.40270000e+00,        -2.290755176608e+00,        -2.861280947632e+01
 2.40272500e+00,        -2.290831411367e+00,        -2.861338238150e+01
 2.40275000e+00,        -2.290907662279e+00,        -2.861395534959e+01
 2.40277500e+00,        -2.290983929371e+00,        -2.861452838069e+01
 2.40280000e+00,        -2.291060212669e+00,        -2.861510147489e+01
 2.40282500e+00,        -2.291136512201e+00,        -2.861567463229e+01
 2.40285000e+00,        -2.291212827991e+00,        -2.861624785299e+01
 2.40287500e+00,        -2.291289160068e+00,        -2.861682113708e+01
 2.40290000e+00,        -2.291365508459e+00,        -2.861739448468e+01
 2.40292500e+00,        -2.291441873189e+00,        -2.861796789586e+01
 2.40295000e+00,        -2.291518254285e+00,        -2.861854137074e+01
 2.40297500e+00,        -2.291594651776e+00,        -2.861911490940e+01
 2.40300000e+00,        -2.291671065688e+00,        -2.861968851196e+01
 2.40302500e+00,        -2.291747496047e+00,        -2.862026217851e+01
 2.40305000e+00,        -2.291823942882e+00,        -2.862083590915e+01
 2.40307500e+00,        -2.291900406220e+00,        -2.862140970398e+01
 2.40310000e+00,        -2.291976886087e+00,        -2.862198356310e+01
 2.40312500e+00,        -2.292053382512e+00,        -2.862255748661e+01
 2.40315000e+00,        -2.292129895522e+00,        -2.862313147462e+01
 2.40317500e+00,        -2.292206425144e+00,        -2.862370552722e+01
 2.40320000e+00,        -2.292282971407e+00,        -2.862427964451e+01
 2.40322500e+00,        -2.292359534338e+00,        -2.862485382661e+01
 2.40325000e+00,        -2.292436113964e+00,        -2.862542807360e+01
 2.40327500e+00,        -2.292512710315e+00,        -2.862600238559e+01
 2.40330000e+00,        -2.292589323417e+00,        -2.862657676269e+01
 2.40332500e+00,        -2.292665953299e+00,        -2.862715120499e+01
 2.40335000e+00,        -2.292742599989e+00,        -2.862772571261e+01
 2.40337500e+00,        -2.292819263515e+00,        -2.862830028564e+01
 2.40340000e+00,        -2.292895943905e+00,        -2.862887492418e+01
 2.40342500e+00,        -2.292972641189e+00,        -2.862944962835e+01
 2.40345000e+00,        -2.293049355394e+00,        -2.863002439824e+01
 2.40347500e+00,        -2.293126086549e+00,        -2.863059923396e+01
 2.40350000e+00,        -2.293202834683e+00,        -2.863117413562e+01
 2.40352500e+00,        -2.293279599824e+00,        -2.863174910331e+01
 2.40355000e+00,        -2.293356382001e+00,        -2.863232413716e+01
 2.40357500e+00,        -2.293433181243e+00,        -2.863289923725e+01
 2.40360000e+00,        -2.293509997579e+00,        -2.863347440370e+01
 2.40362500e+00,        -2.293586831038e+00,        -2.863404963661e+01
 2.40365000e+00,        -2.293663681649e+00,        -2.863462493609e+01
 2.40367500e+00,        -2.293740549442e+00,        -2.863520030225e+01
 2.40370000e+00,        -2.293817434445e+00,        -2.863577573519e+01
 2.40372500e+00,        -2.293894336688e+00,        -2.863635123502e+01
 2.40375000e+00,        -2.293971256200e+00,        -2.863692680185e+01
 2.40377500e+00,        -2.294048193012e+00,        -2.863750243578e+01
 2.40380000e+00,        -2.294125147152e+00,        -2.863807813693e+01
 2.40382500e+00,        -2.294202118650e+00,        -2.863865390540e+01
 2.40385000e+00,        -2.294279107536e+00,        -2.863922974130e+01
 2.40387500e+00,        -2.294356113841e+00,        -2.863980564475e+01
 2.40390000e+00,        -2.294433137593e+00,        -2.864038161584e+01
 2.40392500e+00,        -2.294510178823e+00,        -2.864095765469e+01
 2.40395000e+00,        -2.294587237561e+00,        -2.864153376141e+01
 2.40397500e+00,        -2.294664313837e+00,        -2.864210993611e+01
 2.40400000e+00,        -2.294741407682e+00,        -2.864268617891e+01
 2.40402500e+00,        -2.294818519126e+00,        -2.864326248990e+01
 2.40405000e+00,        -2.294895648200e+00,        -2.864383886920e+01
 2.40407500e+00,        -2.294972794933e+00,        -2.864441531693e+01
 2.40410000e+00,        -2.295049959358e+00,        -2.864499183320e+01
 2.40412500e+00,        -2.295127141503e+00,        -2.864556841811e+01
 2.40415000e+00,        -2.295204341401e+00,        -2.864614507178e+01
 2.40417500e+00,        -2.295281559082e+00,        -2.864672179432e+01
 2.40420000e+00,        -2.295358794577e+00,        -2.864729858585e+01
 2.40422500e+00,        -2.295436047918e+00,        -2.864787544648e+01
 2.40425000e+00,        -2.295513319135e+00,        -2.864845237632e+01
 2.40427500e+00,        -2.295590608259e+00,        -2.864902937549e+01
 2.40430000e+00,        -2.295667915323e+00,        -2.864960644409e+01
 2.40432500e+00,        -2.295745240357e+00,        -2.865018358225e+01
 2.40435000e+00,        -2.295822583394e+00,        -2.865076079009e+01
 2.40437500e+00,        -2.295899944464e+00,        -2.865133806770e+01
 2.40440000e+00,        -2.295977323599e+00,        -2.865191541522e+01
 2.40442500e+00,        -2.296054720832e+00,        -2.865249283275e+01
 2.40445000e+00,        -2.296132136194e+00,        -2.865307032042e+01
 2.40447500e+00,        -2.296209569717e+00,        -2.865364787833e+01
 2.40450000e+00,        -2.296287021434e+00,        -2.865422550661e+01
 2.40452500e+00,        -2.296364491376e+00,        -2.865480320537e+01
 2.40455000e+00,        -2.296441979576e+00,        -2.865538097473e+01
 2.40457500e+00,        -2.296519486066e+00,        -2.865595881481e+01
 2.40460000e+00,        -2.296597010878e+00,        -2.865653672572e+01
 2.40462500e+00,        -2.296674554046e+00,        -2.865711470758e+01
 2.40465000e+00,        -2.296752115601e+00,        -2.865769276052e+01
 2.40467500e+00,        -2.296829695578e+00,        -2.865827088465e+01
 2.40470000e+00,        -2.296907294007e+00,        -2.865884908009e+01
 2.40472500e+00,        -2.296984910923e+00,        -2.865942734697e+01
 2.40475000e+00,        -2.297062546359e+00,        -2.866000568539e+01
 2.40477500e+00,        -2.297140200347e+00,        -2.866058409548e+01
 2.40480000e+00,        -2.297217872921e+00,        -2.866116257736e+01
 2.40482500e+00,        -2.297295564115e+00,        -2.866174113116e+01
 2.40485000e+00,        -2.297373273960e+00,        -2.866231975698e+01
 2.40487500e+00,        -2.297451002492e+00,        -2.866289845497e+01
 2.40490000e+00,        -2.297528749744e+00,        -2.866347722523e+01
 2.40492500e+00,        -2.297606515750e+00,        -2.866405606789e+01
 2.40495000e+00,        -2.297684300542e+00,        -2.866463498307e+01
 2.40497500e+00,        -2.297762104156e+00,        -2.866521397089e+01
 2.40500000e+00,        -2.297839926626e+00,        -2.866579303149e+01
 2.40502500e+00,        -2.297917767985e+00,        -2.866637216498e+01
 2.40505000e+00,        -2.297995628267e+00,        -2.866695137148e+01
 2.40507500e+00,        -2.298073507508e+00,        -2.866753065112e+01
 2.40510000e+00,        -2.298151405741e+00,        -2.866811000403e+01
 2.40512500e+00,        -2.298229323001e+00,        -2.866868943033e+01
 2.40515000e+00,        -2.298307259322e+00,        -2.866926893014e+01
 2.40517500e+00,        -2.298385214740e+00,        -2.866984850359e+01
 2.40520000e+00,        -2.298463189289e+00,        -2.867042815082e+01
 2.40522500e+00,        -2.298541183005e+00,        -2.867100787193e+01
 2.40525000e+00,        -2.298619195922e+00,        -2.867158766707e+01
 2.40527500e+00,        -2.298697228075e+00,        -2.867216753635e+01
 2.40530000e+00,        -2.298775279499e+00,        -2.867274747991e+01
 2.40532500e+00,        -2.298853350231e+00,        -2.867332749788e+01
 2.40535000e+00,        -2.298931440305e+00,        -2.867390759037e+01
 2.40537500e+00,        -2.299009549758e+00,        -2.867448775752e+01
 2.40540000e+00,        -2.299087678624e+00,        -2.867506799947e+01
 2.40542500e+00,        -2.299165826939e+00,        -2.867564831633e+01
 2.40545000e+00,        -2.299243994740e+00,        -2.867622870824e+01
 2.40547500e+00,        -2.299322182063e+00,        -2.867680917533e+01
 2.40550000e+00,        -2.299400388943e+00,        -2.867738971772e+01
 2.40552500e+00,        -2.299478615417e+00,        -2.867797033556e+01
 2.40555000e+00,        -2.299556861521e+00,        -2.867855102896e+01
 2.40557500e+00,        -2.299635127291e+00,        -2.867913179807e+01
 2.40560000e+00,        -2.299713412765e+00,        -2.867971264301e+01
 2.40562500e+00,        -2.299791717978e+00,        -2.868029356392e+01
 2.40565000e+00,        -2.299870042968e+00,        -2.868087456093e+01
 2.40567500e+00,        -2.299948387772e+00,        -2.868145563416e+01
 2.40570000e+00,        -2.300026752425e+00,        -2.868203678377e+01
 2.40572500e+00,        -2.300105136967e+00,        -2.868261800987e+01
 2.40575000e+00,        -2.300183541433e+00,        -2.868319931261e+01
 2.40577500e+00,        -2.300261965861e+00,        -2.868378069211e+01
 2.40580000e+00,        -2.300340410289e+00,        -2.868436214852e+01
 2.40582500e+00,        -2.300418874753e+00,        -2.868494368196e+01
 2.40585000e+00,        -2.300497359293e+00,        -2.868552529258e+01
 2.40587500e+00,        -2.300575863945e+00,        -2.868610698051e+01
 2.40590000e+00,        -2.300654388747e+00,        -2.868668874588e+01
 2.40592500e+00,        -2.300732933738e+00,        -2.868727058884e+01
 2.40595000e+00,        -2.300811498955e+00,        -2.868785250951e+01
 2.40597500e+00,        -2.300890084437e+00,        -2.868843450805e+01
 2.40600000e+00,        -2.300968690223e+00,        -2.868901658458e+01
 2.40602500e+00,        -2.301047316350e+00,        -2.868959873925e+01
 2.40605000e+00,        -2.301125962857e+00,        -2.869018097219e+01
 2.40607500e+00,        -2.301204629783e+00,        -2.869076328354e+01
 2.40610000e+00,        -2.301283317167e+00,        -2.869134567344e+01
 2.40612500e+00,        -2.301362025047e+00,        -2.869192814204e+01
 2.40615000e+00,        -2.301440753464e+00,        -2.869251068946e+01
 2.40617500e+00,        -2.301519502455e+00,        -2.869309331586e+01
 2.40620000e+00,        -2.301598272061e+00,        -2.869367602138e+01
 2.40622500e+00,        -2.301677062320e+00,        -2.869425880615e+01
 2.40625000e+00,        -2.301755873273e+00,        -2.869484167032e+01
 2.40627500e+00,        -2.301834704959e+00,        -2.869542461404e+01
 2.40630000e+00,        -2.301913557417e+00,        -2.869600763743e+01
 2.40632500e+00,        -2.301992430688e+00,        -2.869659074065e+01
 2.40635000e+00,        -2.302071324812e+00,        -2.869717392385e+01
 2.40637500e+00,        -2.302150239828e+00,        -2.869775718715e+01
 2.40640000e+00,        -2.302229175778e+00,        -2.869834053072e+01
 2.40642500e+00,        -2.302308132701e+00,        -2.869892395469e+01
 2.40645000e+00,        -2.302387110639e+00,        -2.869950745921e+01
 2.40647500e+00,        -2.302466109631e+00,        -2.870009104443e+01
 2.40650000e+00,        -2.302545129718e+00,        -2.870067471049e+01
 2.40652500e+00,        -2.302624170943e+00,        -2.870125845753e+01
 2.40655000e+00,        -2.302703233344e+00,        -2.870184228571e+01
 2.40657500e+00,        -2.302782316964e+00,        -2.870242619518e+01
 2.40660000e+00,        -2.302861421845e+00,        -2.870301018607e+01
 2.40662500e+00,        -2.302940548026e+00,        -2.870359425855e+01
 2.40665000e+00,        -2.303019695551e+00,        -2.870417841275e+01
 2.40667500e+00,        -2.303098864460e+00,        -2.870476264883e+01
 2.40670000e+00,        -2.303178054795e+00,        -2.870534696693e+01
 2.40672500e+00,        -2.303257266599e+00,        -2.870593136722e+01
 2.40675000e+00,        -2.303336499914e+00,        -2.870651584983e+01
 2.40677500e+00,        -2.303415754781e+00,        -2.870710041492e+01
 2.40680000e+00,        -2.303495031243e+00,        -2.870768506264e+01
 2.40682500e+00,        -2.303574329342e+00,        -2.870826979314e+01
 2.40685000e+00,        -2.303653649122e+00,        -2.870885460657e+01
 2.40687500e+00,        -2.303732990624e+00,        -2.870943950309e+01
 2.40690000e+00,        -2.303812353892e+00,        -2.871002448286e+01
 2.40692500e+00,        -2.303891738968e+00,        -2.871060954601e+01
 2.40695000e+00,        -2.303971145897e+00,        -2.871119469271e+01
 2.40697500e+00,        -2.304050574720e+00,        -2.871177992312e+01
 2.40700000e+00,        -2.304130025482e+00,        -2.871236523738e+01
 2.40702500e+00,        -2.304209498226e+00,        -2.871295063566e+01
 2.40705000e+00,        -2.304288992996e+00,        -2.871353611810e+01
 2.40707500e+00,        -2.304368509835e+00,        -2.871412168487e+01
 2.40710000e+00,        -2.304448048788e+00,        -2.871470733612e+01
 2.40712500e+00,        -2.304527609898e+00,        -2.871529307201e+01
 2.40715000e+00,        -2.304607193210e+00,        -2.871587889270e+01
 2.40717500e+00,        -2.304686798768e+00,        -2.871646479835e+01
 2.40720000e+00,        -2.304766426617e+00,        -2.871705078910e+01
 2.40722500e+00,        -2.304846076802e+00,        -2.871763686514e+01
 2.40725000e+00,        -2.304925749366e+00,        -2.871822302660e+01
 2.40727500e+00,        -2.305005444356e+00,        -2.871880927366e+01
 2.40730000e+00,        -2.305085161816e+00,        -2.871939560647e+01
 2.40732500e+00,        -2.305164901792e+00,        -2.871998202519e+01
 2.40735000e+00,        -2.305244664328e+00,        -2.872056853000e+01
 2.40737500e+00,        -2.305324449471e+00,        -2.872115512104e+01
 2.40740000e+00,        -2.305404257265e+00,        -2.872174179848e+01
 2.40742500e+00,        -2.305484087758e+00,        -2.872232856249e+01
 2.40745000e+00,        -2.305563940994e+00,        -2.872291541322e+01
 2.40747500e+00,        -2.305643817020e+00,        -2.872350235085e+01
 2.40750000e+00,        -2.305723715882e+00,        -2.872408937553e+01
 2.40752500e+00,        -2.305803637627e+00,        -2.872467648743e+01
 2.40755000e+00,        -2.305883582301e+00,        -2.872526368672e+01
 2.40757500e+00,        -2.305963549951e+00,        -2.872585097356e+01
 2.40760000e+00,        -2.306043540623e+00,        -2.872643834812e+01
 2.40762500e+00,        -2.306123554365e+00,        -2.872702581057e+01
 2.40765000e+00,        -2.306203591223e+00,        -2.872761336107e+01
 2.40767500e+00,        -2.306283651246e+00,        -2.872820099979e+01
 2.40770000e+00,        -2.306363734480e+00,        -2.872878872691e+01
 2.40772500e+00,        -2.306443840973e+00,        -2.872937654258e+01
 2.40775000e+00,        -2.306523970773e+00,        -2.872996444698e+01
 2.40777500e+00,        -2.306604123928e+00,        -2.873055244028e+01
 2.40780000e+00,        -2.306684300486e+00,        -2.873114052265e+01
 2.40782500e+00,        -2.306764500495e+00,        -2.873172869425e+01
 2.40785000e+00,        -2.306844724003e+00,        -2.873231695527e+01
 2.40787500e+00,        -2.306924971060e+00,        -2.873290530588e+01
 2.40790000e+00,        -2.307005241713e+00,        -2.873349374624e+01
 2.40792500e+00,        -2.307085536011e+00,        -2.873408227653e+01
 2.40795000e+00,        -2.307165854004e+00,        -2.873467089692e+01
 2.40797500e+00,        -2.307246195741e+00,        -2.873525960759e+01
 2.40800000e+00,        -2.307326561271e+00,        -2.873584840871e+01
 2.40802500e+00,        -2.307406950643e+00,        -2.873643730046e+01
 2.40805000e+00,        -2.307487363908e+00,        -2.873702628302e+01
 2.40807500e+00,        -2.307567801114e+00,        -2.873761535655e+01
 2.40810000e+00,        -2.307648262313e+00,        -2.873820452124e+01
 2.40812500e+00,        -2.307728747553e+00,        -2.873879377726e+01
 2.40815000e+00,        -2.307809256886e+00,        -2.873938312480e+01
 2.40817500e+00,        -2.307889790362e+00,        -2.873997256402e+01
 2.40820000e+00,        -2.307970348031e+00,        -2.874056209512e+01
 2.40822500e+00,        -2.308050929945e+00,        -2.874115171826e+01
 2.40825000e+00,        -2.308131536154e+00,        -2.874174143363e+01
 2.40827500e+00,        -2.308212166709e+00,        -2.874233124141e+01
 2.40830000e+00,        -2.308292821662e+00,        -2.874292114179e+01
 2.40832500e+00,        -2.308373501065e+00,        -2.874351113493e+01
 2.40835000e+00,        -2.308454204968e+00,        -2.874410122103e+01
 2.40837500e+00,        -2.308534933423e+00,        -2.874469140027e+01
 2.40840000e+00,        -2.308615686483e+00,        -2.874528167283e+01
 2.40842500e+00,        -2.308696464200e+00,        -2.874587203889e+01
 2.40845000e+00,        -2.308777266626e+00,        -2.874646249865e+01
 2.40847500e+00,        -2.308858093814e+00,        -2.874705305228e+01
 2.40850000e+00,        -2.308938945816e+00,        -2.874764369997e+01
 2.40852500e+00,        -2.309019822684e+00,        -2.874823444191e+01
 2.40855000e+00,        -2.309100724473e+00,        -2.874882527828e+01
 2.40857500e+00,        -2.309181651236e+00,        -2.874941620927e+01
 2.40860000e+00,        -2.309262603025e+00,        -2.875000723508e+01
 2.40862500e+00,        -2.309343579894e+00,        -2.875059835588e+01
 2.40865000e+00,        -2.309424581897e+00,        -2.875118957187e+01
 2.40867500e+00,        -2.309505609088e+00,        -2.875178088323e+01
 2.40870000e+00,        -2.309586661520e+00,        -2.875237229017e+01
 2.40872500e+00,        -2.309667739249e+00,        -2.875296379286e+01
 2.40875000e+00,        -2.309748842329e+00,        -2.875355539151e+01
 2.40877500e+00,        -2.309829970814e+00,        -2.875414708629e+01
 2.40880000e+00,        -2.309911124759e+00,        -2.875473887741e+01
 2.40882500e+00,        -2.309992304219e+00,        -2.875533076506e+01
 2.40885000e+00,        -2.310073509249e+00,        -2.875592274944e+01
 2.40887500e+00,        -2.310154739905e+00,        -2.875651483073e+01
 2.40890000e+00,        -2.310235996242e+00,        -2.875710700913e+01
 2.40892500e+00,        -2.310317278316e+00,        -2.875769928484e+01
 2.40895000e+00,        -2.310398586183e+00,        -2.875829165806e+01
 2.40897500e+00,        -2.310479919899e+00,        -2.875888412898e+01
 2.40900000e+00,        -2.310561279520e+00,        -2.875947669779e+01
 2.40902500e+00,        -2.310642665103e+00,        -2.876006936471e+01
 2.40905000e+00,        -2.310724076704e+00,        -2.876066212992e+01
 2.40907500e+00,        -2.310805514380e+00,        -2.876125499363e+01
 2.40910000e+00,        -2.310886978189e+00,        -2.876184795603e+01
 2.40912500e+00,        -2.310968468188e+00,        -2.876244101733e+01
 2.40915000e+00,        -2.311049984433e+00,        -2.876303417773e+01
 2.40917500e+00,        -2.311131526983e+00,        -2.876362743743e+01
 2.40920000e+00,        -2.311213095896e+00,        -2.876422079664e+01
 2.40922500e+00,        -2.311294691229e+00,        -2.876481425555e+01
 2.40925000e+00,        -2.311376313041e+00,        -2.876540781437e+01
 2.40927500e+00,        -2.311457961391e+00,        -2.876600147330e+01
 2.40930000e+00,        -2.311539636336e+00,        -2.876659523256e+01
 2.40932500e+00,        -2.311621337936e+00,        -2.876718909234e+01
 2.40935000e+00,        -2.311703066249e+00,        -2.876778305286e+01
 2.40937500e+00,        -2.311784821336e+00,        -2.876837711432e+01
 2.40940000e+00,        -2.311866603255e+00,        -2.876897127692e+01
 2.40942500e+00,        -2.311948412066e+00,        -2.876956554088e+01
 2.40945000e+00,        -2.312030247829e+00,        -2.877015990641e+01
 2.40947500e+00,        -2.312112110604e+00,        -2.877075437371e+01
 2.40950000e+00,        -2.312194000451e+00,        -2.877134894300e+01
 2.40952500e+00,        -2.312275917431e+00,        -2.877194361449e+01
 2.40955000e+00,        -2.312357861604e+00,        -2.877253838838e+01
 2.40957500e+00,        -2.312439833031e+00,        -2.877313326490e+01
 2.40960000e+00,        -2.312521831774e+00,        -2.877372824426e+01
 2.40962500e+00,        -2.312603857893e+00,        -2.877432332666e+01
 2.40965000e+00,        -2.312685911450e+00,        -2.877491851233e+01
 2.40967500e+00,        -2.312767992507e+00,        -2.877551380147e+01
 2.40970000e+00,        -2.312850101126e+00,        -2.877610919432e+01
 2.40972500e+00,        -2.312932237369e+00,        -2.877670469107e+01
 2.40975000e+00,        -2.313014401297e+00,        -2.877730029195e+01
 2.40977500e+00,        -2.313096592975e+00,        -2.877789599718e+01
 2.40980000e+00,        -2.313178812464e+00,        -2.877849180698e+01
 2.40982500e+00,        -2.313261059828e+00,        -2.877908772156e+01
 2.40985000e+00,        -2.313343335130e+00,        -2.877968374115e+01
 2.40987500e+00,        -2.313425638433e+00,        -2.878027986596e+01
 2.40990000e+00,        -2.313507969801e+00,        -2.878087609622e+01
 2.40992500e+00,        -2.313590329297e+00,        -2.878147243216e+01
 2.40995000e+00,        -2.313672716987e+00,        -2.878206887399e+01
 2.40997500e+00,        -2.313755132934e+00,        -2.878266542193e+01
 2.41000000e+00,        -2.313837577203e+00,        -2.878326207622e+01
 2.41002500e+00,        -2.313920049859e+00,        -2.878385883707e+01
 2.41005000e+00,        -2.314002550966e+00,        -2.878445570472e+01
 2.41007500e+00,        -2.314085080590e+00,        -2.878505267939e+01
 2.41010000e+00,        -2.314167638796e+00,        -2.878564976131e+01
 2.41012500e+00,        -2.314250225651e+00,        -2.878624695070e+01
 2.41015000e+00,        -2.314332841219e+00,        -2.878684424779e+01
 2.41017500e+00,        -2.314415485568e+00,        -2.878744165282e+01
 2.41020000e+00,        -2.314498158763e+00,        -2.878803916602e+01
 2.41022500e+00,        -2.314580860871e+00,        -2.878863678761e+01
 2.41025000e+00,        -2.314663591959e+00,        -2.878923451783e+01
 2.41027500e+00,        -2.314746352094e+00,        -2.878983235691e+01
 2.41030000e+00,        -2.314829141344e+00,        -2.879043030508e+01
 2.41032500e+00,        -2.314911959776e+00,        -2.879102836258e+01
 2.41035000e+00,        -2.314994807458e+00,        -2.879162652965e+01
 2.41037500e+00,        -2.315077684457e+00,        -2.879222480651e+01
 2.41040000e+00,        -2.315160590843e+00,        -2.879282319341e+01
 2.41042500e+00,        -2.315243526683e+00,        -2.879342169058e+01
 2.41045000e+00,        -2.315326492047e+00,        -2.879402029827e+01
 2.41047500e+00,        -2.315409487003e+00,        -2.879461901670e+01
 2.41050000e+00,        -2.315492511621e+00,        -2.879521784612e+01
 2.41052500e+00,        -2.315575565971e+00,        -2.879581678677e+01
 2.41055000e+00,        -2.315658650121e+00,        -2.879641583889e+01
 2.41057500e+00,        -2.315741764142e+00,        -2.879701500273e+01
 2.41060000e+00,        -2.315824908105e+00,        -2.879761427852e+01
 2.41062500e+00,        -2.315908082079e+00,        -2.879821366651e+01
 2.41065000e+00,        -2.315991286136e+00,        -2.879881316695e+01
 2.41067500e+00,        -2.316074520346e+00,        -2.879941278007e+01
 2.41070000e+00,        -2.316157784781e+00,        -2.880001250613e+01
 2.41072500e+00,        -2.316241079513e+00,        -2.880061234537e+01
 2.41075000e+00,        -2.316324404612e+00,        -2.880121229804e+01
 2.41077500e+00,        -2.316407760152e+00,        -2.880181236439e+01
 2.41080000e+00,        -2.316491146204e+00,        -2.880241254467e+01
 2.41082500e+00,        -2.316574562841e+00,        -2.880301283913e+01
 2.41085000e+00,        -2.316658010136e+00,        -2.880361324801e+01
 2.41087500e+00,        -2.316741488161e+00,        -2.880421377158e+01
 2.41090000e+00,        -2.316824996991e+00,        -2.880481441007e+01
 2.41092500e+00,        -2.316908536699e+00,        -2.880541516376e+01
 2.41095000e+00,        -2.316992107358e+00,        -2.880601603289e+01
 2.41097500e+00,        -2.317075709043e+00,        -2.880661701771e+01
 2.41100000e+00,        -2.317159341828e+00,        -2.880721811849e+01
 2.41102500e+00,        -2.317243005789e+00,        -2.880781933547e+01
 2.41105000e+00,        -2.317326700998e+00,        -2.880842066893e+01
 2.41107500e+00,        -2.317410427533e+00,        -2.880902211911e+01
 2.41110000e+00,        -2.317494185469e+00,        -2.880962368627e+01
 2.41112500e+00,        -2.317577974881e+00,        -2.881022537069e+01
 2.41115000e+00,        -2.317661795845e+00,        -2.881082717261e+01
 2.41117500e+00,        -2.317745648437e+00,        -2.881142909229e+01
 2.41120000e+00,        -2.317829532735e+00,        -2.881203113002e+01
 2.41122500e+00,        -2.317913448815e+00,        -2.881263328604e+01
 2.41125000e+00,        -2.317997396754e+00,        -2.881323556061e+01
 2.41127500e+00,        -2.318081376630e+00,        -2.881383795402e+01
 2.41130000e+00,        -2.318165388520e+00,        -2.881444046652e+01
 2.41132500e+00,        -2.318249432503e+00,        -2.881504309839e+01
 2.41135000e+00,        -2.318333508656e+00,        -2.881564584988e+01
 2.41137500e+00,        -2.318417617059e+00,        -2.881624872127e+01
 2.41140000e+00,        -2.318501757789e+00,        -2.881685171283e+01
 2.41142500e+00,        -2.318585930927e+00,        -2.881745482483e+01
 2.41145000e+00,        -2.318670136552e+00,        -2.881805805755e+01
 2.41147500e+00,        -2.318754374743e+00,        -2.881866141125e+01
 2.41150000e+00,        -2.318838645581e+00,        -2.881926488621e+01
 2.41152500e+00,        -2.318922949146e+00,        -2.881986848270e+01
 2.41155000e+00,        -2.319007285518e+00,        -2.882047220101e+01
 2.41157500e+00,        -2.319091654778e+00,        -2.882107604140e+01
 2.41160000e+00,        -2.319176057008e+00,        -2.882168000416e+01
 2.41162500e+00,        -2.319260492289e+00,        -2.882228408956e+01
 2.41165000e+00,        -2.319344960703e+00,        -2.882288829788e+01
 2.41167500e+00,        -2.319429462332e+00,        -2.882349262941e+01
 2.41170000e+00,        -2.319513997258e+00,        -2.882409708442e+01
 2.41172500e+00,        -2.319598565565e+00,        -2.882470166320e+01
 2.41175000e+00,        -2.319683167335e+00,        -2.882530636604e+01
 2.41177500e+00,        -2.319767802652e+00,        -2.882591119321e+01
 2.41180000e+00,        -2.319852471599e+00,        -2.882651614500e+01
 2.41182500e+00,        -2.319937174260e+00,        -2.882712122170e+01
 2.41185000e+00,        -2.320021910720e+00,        -2.882772642359e+01
 2.41187500e+00,        -2.320106681063e+00,        -2.882833175097e+01
 2.41190000e+00,        -2.320191485374e+00,        -2.882893720412e+01
 2.41192500e+00,        -2.320276323739e+00,        -2.882954278333e+01
 2.41195000e+00,        -2.320361196242e+00,        -2.883014848890e+01
 2.41197500e+00,        -2.320446102970e+00,        -2.883075432111e+01
 2.41200000e+00,        -2.320531044010e+00,        -2.883136028027e+01
 2.41202500e+00,        -2.320616019447e+00,        -2.883196636666e+01
 2.41205000e+00,        -2.320701029368e+00,        -2.883257258058e+01
 2.41207500e+00,        -2.320786073861e+00,        -2.883317892233e+01
 2.41210000e+00,        -2.320871153012e+00,        -2.883378539221e+01
 2.41212500e+00,        -2.320956266911e+00,        -2.883439199050e+01
 2.41215000e+00,        -2.321041415645e+00,        -2.883499871752e+01
 2.41217500e+00,        -2.321126599303e+00,        -2.883560557356e+01
 2.41220000e+00,        -2.321211817973e+00,        -2.883621255893e+01
 2.41222500e+00,        -2.321297071744e+00,        -2.883681967393e+01
 2.41225000e+00,        -2.321382360707e+00,        -2.883742691885e+01
 2.41227500e+00,        -2.321467684951e+00,        -2.883803429402e+01
 2.41230000e+00,        -2.321553044566e+00,        -2.883864179972e+01
 2.41232500e+00,        -2.321638439643e+00,        -2.883924943628e+01
 2.41235000e+00,        -2.321723870272e+00,        -2.883985720399e+01
 2.41237500e+00,        -2.321809336546e+00,        -2.884046510317e+01
 2.41240000e+00,        -2.321894838554e+00,        -2.884107313413e+01
 2.41242500e+00,        -2.321980376391e+00,        -2.884168129717e+01
 2.41245000e+00,        -2.322065950146e+00,        -2.884228959262e+01
 2.41247500e+00,        -2.322151559915e+00,        -2.884289802078e+01
 2.41250000e+00,        -2.322237205788e+00,        -2.884350658197e+01
 2.41252500e+00,        -2.322322887860e+00,        -2.884411527650e+01
 2.41255000e+00,        -2.322408606225e+00,        -2.884472410469e+01
 2.41257500e+00,        -2.322494360976e+00,        -2.884533306687e+01
 2.41260000e+00,        -2.322580152207e+00,        -2.884594216334e+01
 2.41262500e+00,        -2.322665980015e+00,        -2.884655139443e+01
 2.41265000e+00,        -2.322751844493e+00,        -2.884716076046e+01
 2.41267500e+00,        -2.322837745737e+00,        -2.884777026176e+01
 2.41270000e+00,        -2.322923683844e+00,        -2.884837989864e+01
 2.41272500e+00,        -2.323009658909e+00,        -2.884898967143e+01
 2.41275000e+00,        -2.323095671030e+00,        -2.884959958046e+01
 2.41277500e+00,        -2.323181720302e+00,        -2.885020962605e+01
 2.41280000e+00,        -2.323267806824e+00,        -2.885081980854e+01
 2.41282500e+00,        -2.323353930693e+00,        -2.885143012825e+01
 2.41285000e+00,        -2.323440092008e+00,        -2.885204058551e+01
 2.41287500e+00,        -2.323526290866e+00,        -2.885265118066e+01
 2.41290000e+00,        -2.323612527367e+00,        -2.885326191402e+01
 2.41292500e+00,        -2.323698801611e+00,        -2.885387278593e+01
 2.41295000e+00,        -2.323785113696e+00,        -2.885448379674e+01
 2.41297500e+00,        -2.323871463723e+00,        -2.885509494676e+01
 2.41300000e+00,        -2.323957851793e+00,        -2.885570623635e+01
 2.41302500e+00,        -2.324044278005e+00,        -2.885631766584e+01
 2.41305000e+00,        -2.324130742462e+00,        -2.885692923557e+01
 2.41307500e+00,        -2.324217245265e+00,        -2.885754094588e+01
 2.41310000e+00,        -2.324303786516e+00,        -2.885815279712e+01
 2.41312500e+00,        -2.324390366318e+00,        -2.885876478962e+01
 2.41315000e+00,        -2.324476984773e+00,        -2.885937692374e+01
 2.41317500e+00,        -2.324563641985e+00,        -2.885998919982e+01
 2.41320000e+00,        -2.324650338057e+00,        -2.886060161821e+01
 2.41322500e+00,        -2.324737073094e+00,        -2.886121417926e+01
 2.41325000e+00,        -2.324823847199e+00,        -2.886182688331e+01
 2.41327500e+00,        -2.324910660478e+00,        -2.886243973072e+01
 2.41330000e+00,        -2.324997513036e+00,        -2.886305272184e+01
 2.41332500e+00,        -2.325084404979e+00,        -2.886366585703e+01
 2.41335000e+00,        -2.325171336412e+00,        -2.886427913664e+01
 2.41337500e+00,        -2.325258307443e+00,        -2.886489256103e+01
 2.41340000e+00,        -2.325345318179e+00,        -2.886550613055e+01
 2.41342500e+00,        -2.325432368726e+00,        -2.886611984557e+01
 2.41345000e+00,        -2.325519459193e+00,        -2.886673370644e+01
 2.41347500e+00,        -2.325606589688e+00,        -2.886734771353e+01
 2.41350000e+00,        -2.325693760320e+00,        -2.886796186720e+01
 2.41352500e+00,        -2.325780971197e+00,        -2.886857616781e+01
 2.41355000e+00,        -2.325868222429e+00,        -2.886919061573e+01
 2.41357500e+00,        -2.325955514127e+00,        -2.886980521134e+01
 2.41360000e+00,        -2.326042846401e+00,        -2.887041995498e+01
 2.41362500e+00,        -2.326130219361e+00,        -2.887103484705e+01
 2.41365000e+00,        -2.326217633119e+00,        -2.887164988790e+01
 2.41367500e+00,        -2.326305087787e+00,        -2.887226507791e+01
 2.41370000e+00,        -2.326392583477e+00,        -2.887288041745e+01
 2.41372500e+00,        -2.326480120302e+00,        -2.887349590690e+01
 2.41375000e+00,        -2.326567698374e+00,        -2.887411154664e+01
 2.41377500e+00,        -2.326655317808e+00,        -2.887472733704e+01
 2.41380000e+00,        -2.326742978717e+00,        -2.887534327848e+01
 2.41382500e+00,        -2.326830681216e+00,        -2.887595937135e+01
 2.41385000e+00,        -2.326918425419e+00,        -2.887657561603e+01
 2.41387500e+00,        -2.327006211444e+00,        -2.887719201289e+01
 2.41390000e+00,        -2.327094039404e+00,        -2.887780856233e+01
 2.41392500e+00,        -2.327181909417e+00,        -2.887842526473e+01
 2.41395000e+00,        -2.327269821599e+00,        -2.887904212048e+01
 2.41397500e+00,        -2.327357776068e+00,        -2.887965912997e+01
 2.41400000e+00,        -2.327445772941e+00,        -2.888027629359e+01
 2.41402500e+00,        -2.327533812338e+00,        -2.888089361174e+01
 2.41405000e+00,        -2.327621894375e+00,        -2.888151108480e+01
 2.41407500e+00,        -2.327710019174e+00,        -2.888212871317e+01
 2.41410000e+00,        -2.327798186853e+00,        -2.888274649724e+01
 2.41412500e+00,        -2.327886397533e+00,        -2.888336443743e+01
 2.41415000e+00,        -2.327974651334e+00,        -2.888398253412e+01
 2.41417500e+00,        -2.328062948378e+00,        -2.888460078772e+01
 2.41420000e+00,        -2.328151288786e+00,        -2.888521919863e+01
 2.41422500e+00,        -2.328239672681e+00,        -2.888583776725e+01
 2.41425000e+00,        -2.328328100185e+00,        -2.888645649400e+01
 2.41427500e+00,        -2.328416571422e+00,        -2.888707537927e+01
 2.41430000e+00,        -2.328505086514e+00,        -2.888769442348e+01
 2.41432500e+00,        -2.328593645587e+00,        -2.888831362703e+01
 2.41435000e+00,        -2.328682248765e+00,        -2.888893299034e+01
 2.41437500e+00,        -2.328770896174e+00,        -2.888955251383e+01
 2.41440000e+00,        -2.328859587938e+00,        -2.889017219790e+01
 2.41442500e+00,        -2.328948324185e+00,        -2.889079204297e+01
 2.41445000e+00,        -2.329037105042e+00,        -2.889141204947e+01
 2.41447500e+00,        -2.329125930634e+00,        -2.889203221781e+01
 2.41450000e+00,        -2.329214801092e+00,        -2.889265254841e+01
 2.41452500e+00,        -2.329303716542e+00,        -2.889327304170e+01
 2.41455000e+00,        -2.329392677114e+00,        -2.889389369810e+01
 2.41457500e+00,        -2.329481682937e+00,        -2.889451451803e+01
 2.41460000e+00,        -2.329570734141e+00,        -2.889513550193e+01
 2.41462500e+00,        -2.329659830858e+00,        -2.889575665022e+01
 2.41465000e+00,        -2.329748973217e+00,        -2.889637796334e+01
 2.41467500e+00,        -2.329838161350e+00,        -2.889699944171e+01
 2.41470000e+00,        -2.329927395391e+00,        -2.889762108578e+01
 2.41472500e+00,        -2.330016675471e+00,        -2.889824289597e+01
 2.41475000e+00,        -2.330106001724e+00,        -2.889886487273e+01
 2.41477500e+00,        -2.330195374283e+00,        -2.889948701649e+01
 2.41480000e+00,        -2.330284793284e+00,        -2.890010932770e+01
 2.41482500e+00,        -2.330374258861e+00,        -2.890073180680e+01
 2.41485000e+00,        -2.330463771149e+00,        -2.890135445423e+01
 2.41487500e+00,        -2.330553330286e+00,        -2.890197727044e+01
 2.41490000e+00,        -2.330642936407e+00,        -2.890260025587e+01
 2.41492500e+00,        -2.330732589649e+00,        -2.890322341098e+01
 2.41495000e+00,        -2.330822290152e+00,        -2.890384673622e+01
 2.41497500e+00,        -2.330912038053e+00,        -2.890447023204e+01
 2.41500000e+00,        -2.331001833490e+00,        -2.890509389890e+01
 2.41502500e+00,        -2.331091676605e+00,        -2.890571773725e+01
 2.41505000e+00,        -2.331181567537e+00,        -2.890634174755e+01
 2.41507500e+00,        -2.331271506427e+00,        -2.890696593025e+01
 2.41510000e+00,        -2.331361493416e+00,        -2.890759028583e+01
 2.41512500e+00,        -2.331451528647e+00,        -2.890821481475e+01
 2.41515000e+00,        -2.331541612261e+00,        -2.890883951747e+01
 2.41517500e+00,        -2.331631744403e+00,        -2.890946439445e+01
 2.41520000e+00,        -2.331721925216e+00,        -2.891008944618e+01
 2.41522500e+00,        -2.331812154844e+00,        -2.891071467311e+01
 2.41525000e+00,        -2.331902433434e+00,        -2.891134007573e+01
 2.41527500e+00,        -2.331992761129e+00,        -2.891196565450e+01
 2.41530000e+00,        -2.332083138078e+00,        -2.891259140990e+01
 2.41532500e+00,        -2.332173564426e+00,        -2.891321734241e+01
 2.41535000e+00,        -2.332264040321e+00,        -2.891384345251e+01
 2.41537500e+00,        -2.332354565912e+00,        -2.891446974069e+01
 2.41540000e+00,        -2.332445141348e+00,        -2.891509620742e+01
 2.41542500e+00,        -2.332535766777e+00,        -2.891572285320e+01
 2.41545000e+00,        -2.332626442351e+00,        -2.891634967851e+01
 2.41547500e+00,        -2.332717168219e+00,        -2.891697668383e+01
 2.41550000e+00,        -2.332807944535e+00,        -2.891760386967e+01
 2.41552500e+00,        -2.332898771448e+00,        -2.891823123651e+01
 2.41555000e+00,        -2.332989649113e+00,        -2.891885878486e+01
 2.41557500e+00,        -2.333080577683e+00,        -2.891948651520e+01
 2.41560000e+00,        -2.333171557312e+00,        -2.892011442804e+01
 2.41562500e+00,        -2.333262588154e+00,        -2.892074252388e+01
 2.41565000e+00,        -2.333353670366e+00,        -2.892137080322e+01
 2.41567500e+00,        -2.333444804103e+00,        -2.892199926657e+01
 2.41570000e+00,        -2.333535989523e+00,        -2.892262791443e+01
 2.41572500e+00,        -2.333627226782e+00,        -2.892325674732e+01
 2.41575000e+00,        -2.333718516039e+00,        -2.892388576575e+01
 2.41577500e+00,        -2.333809857453e+00,        -2.892451497022e+01
 2.41580000e+00,        -2.333901251183e+00,        -2.892514436126e+01
 2.41582500e+00,        -2.333992697390e+00,        -2.892577393938e+01
 2.41585000e+00,        -2.334084196235e+00,        -2.892640370510e+01
 2.41587500e+00,        -2.334175747879e+00,        -2.892703365895e+01
 2.41590000e+00,        -2.334267352486e+00,        -2.892766380144e+01
 2.41592500e+00,        -2.334359010217e+00,        -2.892829413310e+01
 2.41595000e+00,        -2.334450721237e+00,        -2.892892465447e+01
 2.41597500e+00,        -2.334542485711e+00,        -2.892955536607e+01
 2.41600000e+00,        -2.334634303804e+00,        -2.893018626843e+01
 2.41602500e+00,        -2.334726175682e+00,        -2.893081736209e+01
 2.41605000e+00,        -2.334818101511e+00,        -2.893144864758e+01
 2.41607500e+00,        -2.334910081460e+00,        -2.893208012545e+01
 2.41610000e+00,        -2.335002115696e+00,        -2.893271179623e+01
 2.41612500e+00,        -2.335094204389e+00,        -2.893334366046e+01
 2.41615000e+00,        -2.335186347708e+00,        -2.893397571870e+01
 2.41617500e+00,        -2.335278545824e+00,        -2.893460797149e+01
 2.41620000e+00,        -2.335370798909e+00,        -2.893524041937e+01
 2.41622500e+00,        -2.335463107134e+00,        -2.893587306291e+01
 2.41625000e+00,        -2.335555470672e+00,        -2.893650590265e+01
 2.41627500e+00,        -2.335647889696e+00,        -2.893713893915e+01
 2.41630000e+00,        -2.335740364382e+00,        -2.893777217297e+01
 2.41632500e+00,        -2.335832894904e+00,        -2.893840560467e+01
 2.41635000e+00,        -2.335925481439e+00,        -2.893903923482e+01
 2.41637500e+00,        -2.336018124163e+00,        -2.893967306397e+01
 2.41640000e+00,        -2.336110823253e+00,        -2.894030709270e+01
 2.41642500e+00,        -2.336203578889e+00,        -2.894094132158e+01
 2.41645000e+00,        -2.336296391248e+00,        -2.894157575117e+01
 2.41647500e+00,        -2.336389260512e+00,        -2.894221038206e+01
 2.41650000e+00,        -2.336482186861e+00,        -2.894284521482e+01
 2.41652500e+00,        -2.336575170477e+00,        -2.894348025003e+01
 2.41655000e+00,        -2.336668211541e+00,        -2.894411548827e+01
 2.41657500e+00,        -2.336761310239e+00,        -2.894475093013e+01
 2.41660000e+00,        -2.336854466752e+00,        -2.894538657619e+01
 2.41662500e+00,        -2.336947681267e+00,        -2.894602242704e+01
 2.41665000e+00,        -2.337040953969e+00,        -2.894665848327e+01
 2.41667500e+00,        -2.337134285045e+00,        -2.894729474548e+01
 2.41670000e+00,        -2.337227674682e+00,        -2.894793121426e+01
 2.41672500e+00,        -2.337321123069e+00,        -2.894856789022e+01
 2.41675000e+00,        -2.337414630395e+00,        -2.894920477395e+01
 2.41677500e+00,        -2.337508196850e+00,        -2.894984186605e+01
 2.41680000e+00,        -2.337601822625e+00,        -2.895047916714e+01
 2.41682500e+00,        -2.337695507912e+00,        -2.895111667782e+01
 2.41685000e+00,        -2.337789252903e+00,        -2.895175439870e+01
 2.41687500e+00,        -2.337883057793e+00,        -2.895239233040e+01
 2.41690000e+00,        -2.337976922775e+00,        -2.895303047354e+01
 2.41692500e+00,        -2.338070848045e+00,        -2.895366882872e+01
 2.41695000e+00,        -2.338164833799e+00,        -2.895430739658e+01
 2.41697500e+00,        -2.338258880235e+00,        -2.895494617773e+01
 2.41700000e+00,        -2.338352987551e+00,        -2.895558517281e+01
 2.41702500e+00,        -2.338447155946e+00,        -2.895622438245e+01
 2.41705000e+00,        -2.338541385619e+00,        -2.895686380726e+01
 2.41707500e+00,        -2.338635676772e+00,        -2.895750344790e+01
 2.41710000e+00,        -2.338730029606e+00,        -2.895814330500e+01
 2.41712500e+00,        -2.338824444325e+00,        -2.895878337919e+01
 2.41715000e+00,        -2.338918921131e+00,        -2.895942367112e+01
 2.41717500e+00,        -2.339013460230e+00,        -2.896006418144e+01
 2.41720000e+00,        -2.339108061828e+00,        -2.896070491079e+01
 2.41722500e+00,        -2.339202726130e+00,        -2.896134585982e+01
 2.41725000e+00,        -2.339297453345e+00,        -2.896198702919e+01
 2.41727500e+00,        -2.339392243681e+00,        -2.896262841956e+01
 2.41730000e+00,        -2.339487097348e+00,        -2.896327003158e+01
 2.41732500e+00,        -2.339582014555e+00,        -2.896391186591e+01
 2.41735000e+00,        -2.339676995516e+00,        -2.896455392322e+01
 2.41737500e+00,        -2.339772040441e+00,        -2.896519620417e+01
 2.41740000e+00,        -2.339867149545e+00,        -2.896583870945e+01
 2.41742500e+00,        -2.339962323042e+00,        -2.896648143971e+01
 2.41745000e+00,        -2.340057561148e+00,        -2.896712439564e+01
 2.41747500e+00,        -2.340152864079e+00,        -2.896776757791e+01
 2.41750000e+00,        -2.340248232053e+00,        -2.896841098721e+01
 2.41752500e+00,        -2.340343665288e+00,        -2.896905462421e+01
 2.41755000e+00,        -2.340439164004e+00,        -2.896969848962e+01
 2.41757500e+00,        -2.340534728423e+00,        -2.897034258412e+01
 2.41760000e+00,        -2.340630358764e+00,        -2.897098690840e+01
 2.41762500e+00,        -2.340726055253e+00,        -2.897163146315e+01
 2.41765000e+00,        -2.340821818111e+00,        -2.897227624909e+01
 2.41767500e+00,        -2.340917647565e+00,        -2.897292126690e+01
 2.41770000e+00,        -2.341013543840e+00,        -2.897356651730e+01
 2.41772500e+00,        -2.341109507163e+00,        -2.897421200100e+01
 2.41775000e+00,        -2.341205537763e+00,        -2.897485771870e+01
 2.41777500e+00,        -2.341301635869e+00,        -2.897550367112e+01
 2.41780000e+00,        -2.341397801712e+00,        -2.897614985898e+01
 2.41782500e+00,        -2.341494035522e+00,        -2.897679628300e+01
 2.41785000e+00,        -2.341590337532e+00,        -2.897744294390e+01
 2.41787500e+00,        -2.341686707977e+00,        -2.897808984241e+01
 2.41790000e+00,        -2.341783147092e+00,        -2.897873697926e+01
 2.41792500e+00,        -2.341879655111e+00,        -2.897938435518e+01
 2.41795000e+00,        -2.341976232273e+00,        -2.898003197091e+01
 2.41797500e+00,        -2.342072878815e+00,        -2.898067982719e+01
 2.41800000e+00,        -2.342169594978e+00,        -2.898132792476e+01
 2.41802500e+00,        -2.342266381002e+00,        -2.898197626437e+01
 2.41805000e+00,        -2.342363237128e+00,        -2.898262484677e+01
 2.41807500e+00,        -2.342460163600e+00,        -2.898327367270e+01
 2.41810000e+00,        -2.342557160663e+00,        -2.898392274294e+01
 2.41812500e+00,        -2.342654228560e+00,        -2.898457205823e+01
 2.41815000e+00,        -2.342751367539e+00,        -2.898522161933e+01
 2.41817500e+00,        -2.342848577849e+00,        -2.898587142702e+01
 2.41820000e+00,        -2.342945859736e+00,        -2.898652148206e+01
 2.41822500e+00,        -2.343043213453e+00,        -2.898717178523e+01
 2.41825000e+00,        -2.343140639251e+00,        -2.898782233730e+01
 2.41827500e+00,        -2.343238137382e+00,        -2.898847313905e+01
 2.41830000e+00,        -2.343335708100e+00,        -2.898912419126e+01
 2.41832500e+00,        -2.343433351660e+00,        -2.898977549472e+01
 2.41835000e+00,        -2.343531068319e+00,        -2.899042705023e+01
 2.41837500e+00,        -2.343628858335e+00,        -2.899107885856e+01
 2.41840000e+00,        -2.343726721967e+00,        -2.899173092053e+01
 2.41842500e+00,        -2.343824659474e+00,        -2.899238323692e+01
 2.41845000e+00,        -2.343922671120e+00,        -2.899303580855e+01
 2.41847500e+00,        -2.344020757165e+00,        -2.899368863622e+01
 2.41850000e+00,        -2.344118917876e+00,        -2.899434172075e+01
 2.41852500e+00,        -2.344217153517e+00,        -2.899499506293e+01
 2.41855000e+00,        -2.344315464355e+00,        -2.899564866361e+01
 2.41857500e+00,        -2.344413850659e+00,        -2.899630252359e+01
 2.41860000e+00,        -2.344512312698e+00,        -2.899695664370e+01
 2.41862500e+00,        -2.344610850742e+00,        -2.899761102478e+01
 2.41865000e+00,        -2.344709465065e+00,        -2.899826566765e+01
 2.41867500e+00,        -2.344808155939e+00,        -2.899892057315e+01
 2.41870000e+00,        -2.344906923640e+00,        -2.899957574212e+01
 2.41872500e+00,        -2.345005768445e+00,        -2.900023117541e+01
 2.41875000e+00,        -2.345104690630e+00,        -2.900088687386e+01
 2.41877500e+00,        -2.345203690476e+00,        -2.900154283833e+01
 2.41880000e+00,        -2.345302768262e+00,        -2.900219906967e+01
 2.41882500e+00,        -2.345401924271e+00,        -2.900285556874e+01
 2.41885000e+00,        -2.345501158787e+00,        -2.900351233640e+01
 2.41887500e+00,        -2.345600472093e+00,        -2.900416937352e+01
 2.41890000e+00,        -2.345699864478e+00,        -2.900482668098e+01
 2.41892500e+00,        -2.345799336227e+00,        -2.900548425964e+01
 2.41895000e+00,        -2.345898887631e+00,        -2.900614211038e+01
 2.41897500e+00,        -2.345998518981e+00,        -2.900680023410e+01
 2.41900000e+00,        -2.346098230568e+00,        -2.900745863167e+01
 2.41902500e+00,        -2.346198022687e+00,        -2.900811730399e+01
 2.41905000e+00,        -2.346297895632e+00,        -2.900877625195e+01
 2.41907500e+00,        -2.346397849700e+00,        -2.900943547645e+01
 2.41910000e+00,        -2.346497885191e+00,        -2.901009497840e+01
 2.41912500e+00,        -2.346598002402e+00,        -2.901075475869e+01
 2.41915000e+00,        -2.346698201637e+00,        -2.901141481825e+01
 2.41917500e+00,        -2.346798483197e+00,        -2.901207515799e+01
 2.41920000e+00,        -2.346898847387e+00,        -2.901273577883e+01
 2.41922500e+00,        -2.346999294514e+00,        -2.901339668169e+01
 2.41925000e+00,        -2.347099824884e+00,        -2.901405786750e+01
 2.41927500e+00,        -2.347200438808e+00,        -2.901471933720e+01
 2.41930000e+00,        -2.347301136595e+00,        -2.901538109171e+01
 2.41932500e+00,        -2.347401918559e+00,        -2.901604313199e+01
 2.41935000e+00,        -2.347502785013e+00,        -2.901670545897e+01
 2.41937500e+00,        -2.347603736274e+00,        -2.901736807361e+01
 2.41940000e+00,        -2.347704772658e+00,        -2.901803097686e+01
 2.41942500e+00,        -2.347805894485e+00,        -2.901869416967e+01
 2.41945000e+00,        -2.347907102075e+00,        -2.901935765303e+01
 2.41947500e+00,        -2.348008395750e+00,        -2.902002142788e+01
 2.41950000e+00,        -2.348109775836e+00,        -2.902068549520e+01
 2.41952500e+00,        -2.348211242657e+00,        -2.902134985597e+01
 2.41955000e+00,        -2.348312796540e+00,        -2.902201451117e+01
 2.41957500e+00,        -2.348414437816e+00,        -2.902267946179e+01
 2.41960000e+00,        -2.348516166815e+00,        -2.902334470880e+01
 2.41962500e+00,        -2.348617983870e+00,        -2.902401025322e+01
 2.41965000e+00,        -2.348719889314e+00,        -2.902467609604e+01
 2.41967500e+00,        -2.348821883486e+00,        -2.902534223827e+01
 2.41970000e+00,        -2.348923966721e+00,        -2.902600868090e+01
 2.41972500e+00,        -2.349026139361e+00,        -2.902667542496e+01
 2.41975000e+00,        -2.349128401747e+00,        -2.902734247146e+01
 2.41977500e+00,        -2.349230754222e+00,        -2.902800982143e+01
 2.41980000e+00,        -2.349333197131e+00,        -2.902867747590e+01
 2.41982500e+00,        -2.349435730822e+00,        -2.902934543589e+01
 2.41985000e+00,        -2.349538355643e+00,        -2.903001370244e+01
 2.41987500e+00,        -2.349641071945e+00,        -2.903068227661e+01
 2.41990000e+00,        -2.349743880082e+00,        -2.903135115942e+01
 2.41992500e+00,        -2.349846780406e+00,        -2.903202035195e+01
 2.41995000e+00,        -2.349949773276e+00,        -2.903268985524e+01
 2.41997500e+00,        -2.350052859049e+00,        -2.903335967035e+01
 2.42000000e+00,        -2.350156038086e+00,        -2.903402979836e+01
 2.42002500e+00,        -2.350259310749e+00,        -2.903470024033e+01
 2.42005000e+00,        -2.350362677403e+00,        -2.903537099734e+01
 2.42007500e+00,        -2.350466138412e+00,        -2.903604207048e+01
 2.42010000e+00,        -2.350569694146e+00,        -2.903671346084e+01
 2.42012500e+00,        -2.350673344975e+00,        -2.903738516949e+01
 2.42015000e+00,        -2.350777091271e+00,        -2.903805719756e+01
 2.42017500e+00,        -2.350880933408e+00,        -2.903872954613e+01
 2.42020000e+00,        -2.350984871763e+00,        -2.903940221631e+01
 2.42022500e+00,        -2.351088906713e+00,        -2.904007520923e+01
 2.42025000e+00,        -2.351193038639e+00,        -2.904074852599e+01
 2.42027500e+00,        -2.351297267924e+00,        -2.904142216773e+01
 2.42030000e+00,        -2.351401594951e+00,        -2.904209613557e+01
 2.42032500e+00,        -2.351506020109e+00,        -2.904277043065e+01
 2.42035000e+00,        -2.351610543785e+00,        -2.904344505410e+01
 2.42037500e+00,        -2.351715166370e+00,        -2.904412000709e+01
 2.42040000e+00,        -2.351819888257e+00,        -2.904479529075e+01
 2.42042500e+00,        -2.351924709843e+00,        -2.904547090624e+01
 2.42045000e+00,        -2.352029631523e+00,        -2.904614685474e+01
 2.42047500e+00,        -2.352134653698e+00,        -2.904682313740e+01
 2.42050000e+00,        -2.352239776769e+00,        -2.904749975540e+01
 2.42052500e+00,        -2.352345001141e+00,        -2.904817670992e+01
 2.42055000e+00,        -2.352450327219e+00,        -2.904885400215e+01
 2.42057500e+00,        -2.352555755413e+00,        -2.904953163327e+01
 2.42060000e+00,        -2.352661286133e+00,        -2.905020960449e+01
 2.42062500e+00,        -2.352766919791e+00,        -2.905088791701e+01
 2.42065000e+00,        -2.352872656805e+00,        -2.905156657204e+01
 2.42067500e+00,        -2.352978497591e+00,        -2.905224557078e+01
 2.42070000e+00,        -2.353084442569e+00,        -2.905292491447e+01
 2.42072500e+00,        -2.353190492162e+00,        -2.905360460434e+01
 2.42075000e+00,        -2.353296646794e+00,        -2.905428464160e+01
 2.42077500e+00,        -2.353402906893e+00,        -2.905496502750e+01
 2.42080000e+00,        -2.353509272889e+00,        -2.905564576329e+01
 2.42082500e+00,        -2.353615745213e+00,        -2.905632685021e+01
 2.42085000e+00,        -2.353722324299e+00,        -2.905700828953e+01
 2.42087500e+00,        -2.353829010585e+00,        -2.905769008251e+01
 2.42090000e+00,        -2.353935804510e+00,        -2.905837223041e+01
 2.42092500e+00,        -2.354042706516e+00,        -2.905905473452e+01
 2.42095000e+00,        -2.354149717047e+00,        -2.905973759611e+01
 2.42097500e+00,        -2.354256836550e+00,        -2.906042081647e+01
 2.42100000e+00,        -2.354364065474e+00,        -2.906110439691e+01
 2.42102500e+00,        -2.354471404272e+00,        -2.906178833871e+01
 2.42105000e+00,        -2.354578853398e+00,        -2.906247264318e+01
 2.42107500e+00,        -2.354686413309e+00,        -2.906315731165e+01
 2.42110000e+00,        -2.354794084465e+00,        -2.906384234543e+01
 2.42112500e+00,        -2.354901867328e+00,        -2.906452774585e+01
 2.42115000e+00,        -2.355009762364e+00,        -2.906521351425e+01
 2.42117500e+00,        -2.355117770040e+00,        -2.906589965195e+01
 2.42120000e+00,        -2.355225890826e+00,        -2.906658616032e+01
 2.42122500e+00,        -2.355334125196e+00,        -2.906727304070e+01
 2.42125000e+00,        -2.355442473626e+00,        -2.906796029446e+01
 2.42127500e+00,        -2.355550936594e+00,        -2.906864792296e+01
 2.42130000e+00,        -2.355659514581e+00,        -2.906933592758e+01
 2.42132500e+00,        -2.355768208073e+00,        -2.907002430970e+01
 2.42135000e+00,        -2.355877017555e+00,        -2.907071307071e+01
 2.42137500e+00,        -2.355985943518e+00,        -2.907140221199e+01
 2.42140000e+00,        -2.356094986454e+00,        -2.907209173497e+01
 2.42142500e+00,        -2.356204146858e+00,        -2.907278164104e+01
 2.42145000e+00,        -2.356313425231e+00,        -2.907347193162e+01
 2.42147500e+00,        -2.356422822071e+00,        -2.907416260813e+01
 2.42150000e+00,        -2.356532337885e+00,        -2.907485367201e+01
 2.42152500e+00,        -2.356641973179e+00,        -2.907554512470e+01
 2.42155000e+00,        -2.356751728463e+00,        -2.907623696763e+01
 2.42157500e+00,        -2.356861604250e+00,        -2.907692920227e+01
 2.42160000e+00,        -2.356971601058e+00,        -2.907762183007e+01
 2.42162500e+00,        -2.357081719405e+00,        -2.907831485250e+01
 2.42165000e+00,        -2.357191959813e+00,        -2.907900827104e+01
 2.42167500e+00,        -2.357302322808e+00,        -2.907970208716e+01
 2.42170000e+00,        -2.357412808919e+00,        -2.908039630237e+01
 2.42172500e+00,        -2.357523418677e+00,        -2.908109091815e+01
 2.42175000e+00,        -2.357634152617e+00,        -2.908178593601e+01
 2.42177500e+00,        -2.357745011278e+00,        -2.908248135747e+01
 2.42180000e+00,        -2.357855995199e+00,        -2.908317718404e+01
 2.42182500e+00,        -2.357967104927e+00,        -2.908387341726e+01
 2.42185000e+00,        -2.358078341008e+00,        -2.908457005866e+01
 2.42187500e+00,        -2.358189703994e+00,        -2.908526710979e+01
 2.42190000e+00,        -2.358301194438e+00,        -2.908596457220e+01
 2.42192500e+00,        -2.358412812899e+00,        -2.908666244744e+01
 2.42195000e+00,        -2.358524559938e+00,        -2.908736073710e+01
 2.42197500e+00,        -2.358636436119e+00,        -2.908805944274e+01
 2.42200000e+00,        -2.358748442009e+00,        -2.908875856596e+01
 2.42202500e+00,        -2.358860578181e+00,        -2.908945810833e+01
 2.42205000e+00,        -2.358972845208e+00,        -2.909015807147e+01
 2.42207500e+00,        -2.359085243668e+00,        -2.909085845699e+01
 2.42210000e+00,        -2.359197774144e+00,        -2.909155926650e+01
 2.42212500e+00,        -2.359310437221e+00,        -2.909226050163e+01
 2.42215000e+00,        -2.359423233487e+00,        -2.909296216402e+01
 2.42217500e+00,        -2.359536163534e+00,        -2.909366425531e+01
 2.42220000e+00,        -2.359649227959e+00,        -2.909436677714e+01
 2.42222500e+00,        -2.359762427361e+00,        -2.909506973119e+01
 2.42225000e+00,        -2.359875762344e+00,        -2.909577311913e+01
 2.42227500e+00,        -2.359989233514e+00,        -2.909647694262e+01
 2.42230000e+00,        -2.360102841482e+00,        -2.909718120336e+01
 2.42232500e+00,        -2.360216586862e+00,        -2.909788590304e+01
 2.42235000e+00,        -2.360330470273e+00,        -2.909859104338e+01
 2.42237500e+00,        -2.360444492337e+00,        -2.909929662607e+01
 2.42240000e+00,        -2.360558653680e+00,        -2.910000265285e+01
 2.42242500e+00,        -2.360672954931e+00,        -2.910070912546e+01
 2.42245000e+00,        -2.360787396723e+00,        -2.910141604562e+01
 2.42247500e+00,        -2.360901979696e+00,        -2.910212341509e+01
 2.42250000e+00,        -2.361016704490e+00,        -2.910283123563e+01
 2.42252500e+00,        -2.361131571750e+00,        -2.910353950901e+01
 2.42255000e+00,        -2.361246582127e+00,        -2.910424823701e+01
 2.42257500e+00,        -2.361361736273e+00,        -2.910495742141e+01
 2.42260000e+00,        -2.361477034848e+00,        -2.910566706402e+01
 2.42262500e+00,        -2.361592478511e+00,        -2.910637716664e+01
 2.42265000e+00,        -2.361708067930e+00,        -2.910708773109e+01
 2.42267500e+00,        -2.361823803775e+00,        -2.910779875919e+01
 2.42270000e+00,        -2.361939686720e+00,        -2.910851025279e+01
 2.42272500e+00,        -2.362055717443e+00,        -2.910922221372e+01
 2.42275000e+00,        -2.362171896628e+00,        -2.910993464384e+01
 2.42277500e+00,        -2.362288224961e+00,        -2.911064754503e+01
 2.42280000e+00,        -2.362404703135e+00,        -2.911136091915e+01
 2.42282500e+00,        -2.362521331845e+00,        -2.911207476809e+01
 2.42285000e+00,        -2.362638111792e+00,        -2.911278909375e+01
 2.42287500e+00,        -2.362755043681e+00,        -2.911350389803e+01
 2.42290000e+00,        -2.362872128220e+00,        -2.911421918286e+01
 2.42292500e+00,        -2.362989366124e+00,        -2.911493495016e+01
 2.42295000e+00,        -2.363106758112e+00,        -2.911565120186e+01
 2.42297500e+00,        -2.363224304905e+00,        -2.911636793992e+01
 2.42300000e+00,        -2.363342007233e+00,        -2.911708516630e+01
 2.42302500e+00,        -2.363459865826e+00,        -2.911780288296e+01
 2.42305000e+00,        -2.363577881424e+00,        -2.911852109188e+01
 2.42307500e+00,        -2.363696054766e+00,        -2.911923979506e+01
 2.42310000e+00,        -2.363814386600e+00,        -2.911995899449e+01
 2.42312500e+00,        -2.363932877677e+00,        -2.912067869220e+01
 2.42315000e+00,        -2.364051528753e+00,        -2.912139889019e+01
 2.42317500e+00,        -2.364170340590e+00,        -2.912211959052e+01
 2.42320000e+00,        -2.364289313954e+00,        -2.912284079522e+01
 2.42322500e+00,        -2.364408449615e+00,        -2.912356250636e+01
 2.42325000e+00,        -2.364527748351e+00,        -2.912428472599e+01
 2.42327500e+00,        -2.364647210941e+00,        -2.912500745621e+01
 2.42330000e+00,        -2.364766838173e+00,        -2.912573069910e+01
 2.42332500e+00,        -2.364886630838e+00,        -2.912645445676e+01
 2.42335000e+00,        -2.365006589732e+00,        -2.912717873131e+01
 2.42337500e+00,        -2.365126715658e+00,        -2.912790352488e+01
 2.42340000e+00,        -2.365247009423e+00,        -2.912862883960e+01
 2.42342500e+00,        -2.365367471838e+00,        -2.912935467763e+01
 2.42345000e+00,        -2.365488103722e+00,        -2.913008104113e+01
 2.42347500e+00,        -2.365608905899e+00,        -2.913080793226e+01
 2.42350000e+00,        -2.365729879196e+00,        -2.913153535322e+01
 2.42352500e+00,        -2.365851024448e+00,        -2.913226330620e+01
 2.42355000e+00,        -2.365972342495e+00,        -2.913299179341e+01
 2.42357500e+00,        -2.366093834182e+00,        -2.913372081709e+01
 2.42360000e+00,        -2.366215500360e+00,        -2.913445037945e+01
 2.42362500e+00,        -2.366337341885e+00,        -2.913518048275e+01
 2.42365000e+00,        -2.366459359621e+00,        -2.913591112925e+01
 2.42367500e+00,        -2.366581554434e+00,        -2.913664232123e+01
 2.42370000e+00,        -2.366703927200e+00,        -2.913737406096e+01
 2.42372500e+00,        -2.366826478798e+00,        -2.913810635075e+01
 2.42375000e+00,        -2.366949210113e+00,        -2.913883919291e+01
 2.42377500e+00,        -2.367072122037e+00,        -2.913957258975e+01
 2.42380000e+00,        -2.367195215469e+00,        -2.914030654363e+01
 2.42382500e+00,        -2.367318491312e+00,        -2.914104105689e+01
 2.42385000e+00,        -2.367441950475e+00,        -2.914177613189e+01
 2.42387500e+00,        -2.367565593876e+00,        -2.914251177101e+01
 2.42390000e+00,        -2.367689422436e+00,        -2.914324797665e+01
 2.42392500e+00,        -2.367813437084e+00,        -2.914398475120e+01
 2.42395000e+00,        -2.367937638754e+00,        -2.914472209708e+01
 2.42397500e+00,        -2.368062028390e+00,        -2.914546001673e+01
 2.42400000e+00,        -2.368186606937e+00,        -2.914619851260e+01
 2.42402500e+00,        -2.368311375351e+00,        -2.914693758713e+01
 2.42405000e+00,        -2.368436334592e+00,        -2.914767724281e+01
 2.42407500e+00,        -2.368561485628e+00,        -2.914841748212e+01
 2.42410000e+00,        -2.368686829433e+00,        -2.914915830757e+01
 2.42412500e+00,        -2.368812366988e+00,        -2.914989972167e+01
 2.42415000e+00,        -2.368938099280e+00,        -2.915064172695e+01
 2.42417500e+00,        -2.369064027304e+00,        -2.915138432595e+01
 2.42420000e+00,        -2.369190152062e+00,        -2.915212752125e+01
 2.42422500e+00,        -2.369316474561e+00,        -2.915287131540e+01
 2.42425000e+00,        -2.369442995817e+00,        -2.915361571100e+01
 2.42427500e+00,        -2.369569716852e+00,        -2.915436071066e+01
 2.42430000e+00,        -2.369696638697e+00,        -2.915510631699e+01
 2.42432500e+00,        -2.369823762387e+00,        -2.915585253263e+01
 2.42435000e+00,        -2.369951088967e+00,        -2.915659936023e+01
 2.42437500e+00,        -2.370078619489e+00,        -2.915734680245e+01
 2.42440000e+00,        -2.370206355010e+00,        -2.915809486198e+01
 2.42442500e+00,        -2.370334296598e+00,        -2.915884354151e+01
 2.42445000e+00,        -2.370462445326e+00,        -2.915959284375e+01
 2.42447500e+00,        -2.370590802275e+00,        -2.916034277142e+01
 2.42450000e+00,        -2.370719368535e+00,        -2.916109332728e+01
 2.42452500e+00,        -2.370848145202e+00,        -2.916184451408e+01
 2.42455000e+00,        -2.370977133381e+00,        -2.916259633460e+01
 2.42457500e+00,        -2.371106334184e+00,        -2.916334879163e+01
 2.42460000e+00,        -2.371235748732e+00,        -2.916410188798e+01
 2.42462500e+00,        -2.371365378152e+00,        -2.916485562647e+01
 2.42465000e+00,        -2.371495223582e+00,        -2.916561000994e+01
 2.42467500e+00,        -2.371625286166e+00,        -2.916636504126e+01
 2.42470000e+00,        -2.371755567057e+00,        -2.916712072329e+01
 2.42472500e+00,        -2.371886067415e+00,        -2.916787705893e+01
 2.42475000e+00,        -2.372016788410e+00,        -2.916863405108e+01
 2.42477500e+00,        -2.372147731221e+00,        -2.916939170268e+01
 2.42480000e+00,        -2.372278897034e+00,        -2.917015001666e+01
 2.42482500e+00,        -2.372410287043e+00,        -2.917090899599e+01
 2.42485000e+00,        -2.372541902453e+00,        -2.917166864364e+01
 2.42487500e+00,        -2.372673744475e+00,        -2.917242896261e+01
 2.42490000e+00,        -2.372805814332e+00,        -2.917318995591e+01
 2.42492500e+00,        -2.372938113252e+00,        -2.917395162658e+01
 2.42495000e+00,        -2.373070642477e+00,        -2.917471397766e+01
 2.42497500e+00,        -2.373203403253e+00,        -2.917547701223e+01
 2.42500000e+00,        -2.373336396839e+00,        -2.917624073336e+01
 2.42502500e+00,        -2.373469624501e+00,        -2.917700514416e+01
 2.42505000e+00,        -2.373603087514e+00,        -2.917777024776e+01
 2.42507500e+00,        -2.373736787166e+00,        -2.917853604729e+01
 2.42510000e+00,        -2.373870724749e+00,        -2.917930254592e+01
 2.42512500e+00,        -2.374004901570e+00,        -2.918006974683e+01
 2.42515000e+00,        -2.374139318941e+00,        -2.918083765321e+01
 2.42517500e+00,        -2.374273978188e+00,        -2.918160626828e+01
 2.42520000e+00,        -2.374408880643e+00,        -2.918237559528e+01
 2.42522500e+00,        -2.374544027652e+00,        -2.918314563747e+01
 2.42525000e+00,        -2.374679420567e+00,        -2.918391639812e+01
 2.42527500e+00,        -2.374815060752e+00,        -2.918468788053e+01
 2.42530000e+00,        -2.374950949582e+00,        -2.918546008801e+01
 2.42532500e+00,        -2.375087088441e+00,        -2.918623302390e+01
 2.42535000e+00,        -2.375223478724e+00,        -2.918700669155e+01
 2.42537500e+00,        -2.375360121837e+00,        -2.918778109435e+01
 2.42540000e+00,        -2.375497019196e+00,        -2.918855623569e+01
 2.42542500e+00,        -2.375634172227e+00,        -2.918933211899e+01
 2.42545000e+00,        -2.375771582368e+00,        -2.919010874768e+01
 2.42547500e+00,        -2.375909251067e+00,        -2.919088612523e+01
 2.42550000e+00,        -2.376047179785e+00,        -2.919166425511e+01
 2.42552500e+00,        -2.376185369991e+00,        -2.919244314084e+01
 2.42555000e+00,        -2.376323823169e+00,        -2.919322278592e+01
 2.42557500e+00,        -2.376462540810e+00,        -2.919400319391e+01
 2.42560000e+00,        -2.376601524421e+00,        -2.919478436837e+01
 2.42562500e+00,        -2.376740775516e+00,        -2.919556631289e+01
 2.42565000e+00,        -2.376880295624e+00,        -2.919634903108e+01
 2.42567500e+00,        -2.377020086285e+00,        -2.919713252658e+01
 2.42570000e+00,        -2.377160149051e+00,        -2.919791680304e+01
 2.42572500e+00,        -2.377300485485e+00,        -2.919870186413e+01
 2.42575000e+00,        -2.377441097163e+00,        -2.919948771356e+01
 2.42577500e+00,        -2.377581985672e+00,        -2.920027435505e+01
 2.42580000e+00,        -2.377723152614e+00,        -2.920106179235e+01
 2.42582500e+00,        -2.377864599601e+00,        -2.920185002922e+01
 2.42585000e+00,        -2.378006328259e+00,        -2.920263906946e+01
 2.42587500e+00,        -2.378148340226e+00,        -2.920342891688e+01
 2.42590000e+00,        -2.378290637153e+00,        -2.920421957533e+01
 2.42592500e+00,        -2.378433220704e+00,        -2.920501104866e+01
 2.42595000e+00,        -2.378576092556e+00,        -2.920580334077e+01
 2.42597500e+00,        -2.378719254400e+00,        -2.920659645557e+01
 2.42600000e+00,        -2.378862707939e+00,        -2.920739039699e+01
 2.42602500e+00,        -2.379006454891e+00,        -2.920818516900e+01
 2.42605000e+00,        -2.379150496987e+00,        -2.920898077558e+01
 2.42607500e+00,        -2.379294835971e+00,        -2.920977722074e+01
 2.42610000e+00,        -2.379439473601e+00,        -2.921057450852e+01
 2.42612500e+00,        -2.379584411651e+00,        -2.921137264297e+01
 2.42615000e+00,        -2.379729651907e+00,        -2.921217162819e+01
 2.42617500e+00,        -2.379875196170e+00,        -2.921297146829e+01
 2.42620000e+00,        -2.380021046256e+00,        -2.921377216740e+01
 2.42622500e+00,        -2.380167203995e+00,        -2.921457372969e+01
 2.42625000e+00,        -2.380313671232e+00,        -2.921537615935e+01
 2.42627500e+00,        -2.380460449826e+00,        -2.921617946060e+01
 2.42630000e+00,        -2.380607541654e+00,        -2.921698363767e+01
 2.42632500e+00,        -2.380754948603e+00,        -2.921778869485e+01
 2.42635000e+00,        -2.380902672582e+00,        -2.921859463642e+01
 2.42637500e+00,        -2.381050715509e+00,        -2.921940146672e+01
 2.42640000e+00,        -2.381199079322e+00,        -2.922020919009e+01
 2.42642500e+00,        -2.381347765973e+00,        -2.922101781091e+01
 2.42645000e+00,        -2.381496777431e+00,        -2.922182733360e+01
 2.42647500e+00,        -2.381646115680e+00,        -2.922263776258e+01
 2.42650000e+00,        -2.381795782721e+00,        -2.922344910232e+01
 2.42652500e+00,        -2.381945780572e+00,        -2.922426135732e+01
 2.42655000e+00,        -2.382096111267e+00,        -2.922507453208e+01
 2.42657500e+00,        -2.382246776856e+00,        -2.922588863117e+01
 2.42660000e+00,        -2.382397779408e+00,        -2.922670365916e+01
 2.42662500e+00,        -2.382549121008e+00,        -2.922751962066e+01
 2.42665000e+00,        -2.382700803758e+00,        -2.922833652031e+01
 2.42667500e+00,        -2.382852829778e+00,        -2.922915436277e+01
 2.42670000e+00,        -2.383005201206e+00,        -2.922997315274e+01
 2.42672500e+00,        -2.383157920198e+00,        -2.923079289495e+01
 2.42675000e+00,        -2.383310988926e+00,        -2.923161359415e+01
 2.42677500e+00,        -2.383464409584e+00,        -2.923243525514e+01
 2.42680000e+00,        -2.383618184381e+00,        -2.923325788274e+01
 2.42682500e+00,        -2.383772315547e+00,        -2.923408148179e+01
 2.42685000e+00,        -2.383926805330e+00,        -2.923490605717e+01
 2.42687500e+00,        -2.384081655997e+00,        -2.923573161380e+01
 2.42690000e+00,        -2.384236869834e+00,        -2.923655815663e+01
 2.42692500e+00,        -2.384392449146e+00,        -2.923738569062e+01
 2.42695000e+00,        -2.384548396260e+00,        -2.923821422080e+01
 2.42697500e+00,        -2.384704713521e+00,        -2.923904375219e+01
 2.42700000e+00,        -2.384861403293e+00,        -2.923987428988e+01
 2.42702500e+00,        -2.385018467964e+00,        -2.924070583898e+01
 2.42705000e+00,        -2.385175909938e+00,        -2.924153840461e+01
 2.42707500e+00,        -2.385333731644e+00,        -2.924237199196e+01
 2.42710000e+00,        -2.385491935528e+00,        -2.924320660624e+01
 2.42712500e+00,        -2.385650524061e+00,        -2.924404225268e+01
 2.42715000e+00,        -2.385809499732e+00,        -2.924487893656e+01
 2.42717500e+00,        -2.385968865055e+00,        -2.924571666319e+01
 2.42720000e+00,        -2.386128622562e+00,        -2.924655543792e+01
 2.42722500e+00,        -2.386288774811e+00,        -2.924739526612e+01
 2.42725000e+00,        -2.386449324380e+00,        -2.924823615321e+01
 2.42727500e+00,        -2.386610273870e+00,        -2.924907810464e+01
 2.42730000e+00,        -2.386771625905e+00,        -2.924992112589e+01
 2.42732500e+00,        -2.386933383133e+00,        -2.925076522250e+01
 2.42735000e+00,        -2.387095548224e+00,        -2.925161040000e+01
 2.42737500e+00,        -2.387258123872e+00,        -2.925245666401e+01
 2.42740000e+00,        -2.387421112795e+00,        -2.925330402015e+01
 2.42742500e+00,        -2.387584517736e+00,        -2.925415247410e+01
 2.42745000e+00,        -2.387748341460e+00,        -2.925500203154e+01
 2.42747500e+00,        -2.387912586760e+00,        -2.925585269824e+01
 2.42750000e+00,        -2.388077256451e+00,        -2.925670447997e+01
 2.42752500e+00,        -2.388242353376e+00,        -2.925755738254e+01
 2.42755000e+00,        -2.388407880400e+00,        -2.925841141183e+01
 2.42757500e+00,        -2.388573840417e+00,        -2.925926657372e+01
 2.42760000e+00,        -2.388740236345e+00,        -2.926012287414e+01
 2.42762500e+00,        -2.388907071130e+00,        -2.926098031908e+01
 2.42765000e+00,        -2.389074347744e+00,        -2.926183891455e+01
 2.42767500e+00,        -2.389242069186e+00,        -2.926269866661e+01
 2.42770000e+00,        -2.389410238481e+00,        -2.926355958133e+01
 2.42772500e+00,        -2.389578858683e+00,        -2.926442166487e+01
 2.42775000e+00,        -2.389747932875e+00,        -2.926528492340e+01
 2.42777500e+00,        -2.389917464166e+00,        -2.926614936312e+01
 2.42780000e+00,        -2.390087455694e+00,        -2.926701499031e+01
 2.42782500e+00,        -2.390257910627e+00,        -2.926788181126e+01
 2.42785000e+00,        -2.390428832161e+00,        -2.926874983230e+01
 2.42787500e+00,        -2.390600223522e+00,        -2.926961905983e+01
 2.42790000e+00,        -2.390772087966e+00,        -2.927048950027e+01
 2.42792500e+00,        -2.390944428780e+00,        -2.927136116008e+01
 2.42795000e+00,        -2.391117249280e+00,        -2.927223404578e+01
 2.42797500e+00,        -2.391290552813e+00,        -2.927310816393e+01
 2.42800000e+00,        -2.391464342759e+00,        -2.927398352112e+01
 2.42802500e+00,        -2.391638622527e+00,        -2.927486012399e+01
 2.42805000e+00,        -2.391813395562e+00,        -2.927573797923e+01
 2.42807500e+00,        -2.391988665337e+00,        -2.927661709358e+01
 2.42810000e+00,        -2.392164435360e+00,        -2.927749747381e+01
 2.42812500e+00,        -2.392340709172e+00,        -2.927837912674e+01
 2.42815000e+00,        -2.392517490347e+00,        -2.927926205924e+01
 2.42817500e+00,        -2.392694782495e+00,        -2.928014627822e+01
 2.42820000e+00,        -2.392872589257e+00,        -2.928103179064e+01
 2.42822500e+00,        -2.393050914311e+00,        -2.928191860352e+01
 2.42825000e+00,        -2.393229761369e+00,        -2.928280672389e+01
 2.42827500e+00,        -2.393409134180e+00,        -2.928369615887e+01
 2.42830000e+00,        -2.393589036529e+00,        -2.928458691560e+01
 2.42832500e+00,        -2.393769472234e+00,        -2.928547900127e+01
 2.42835000e+00,        -2.393950445155e+00,        -2.928637242314e+01
 2.42837500e+00,        -2.394131959185e+00,        -2.928726718848e+01
 2.42840000e+00,        -2.394314018257e+00,        -2.928816330465e+01
 2.42842500e+00,        -2.394496626342e+00,        -2.928906077904e+01
 2.42845000e+00,        -2.394679787450e+00,        -2.928995961908e+01
 2.42847500e+00,        -2.394863505629e+00,        -2.929085983226e+01
 2.42850000e+00,        -2.395047784967e+00,        -2.929176142613e+01
 2.42852500e+00,        -2.395232629592e+00,        -2.929266440827e+01
 2.42855000e+00,        -2.395418043673e+00,        -2.929356878633e+01
 2.42857500e+00,        -2.395604031421e+00,        -2.929447456801e+01
 2.42860000e+00,        -2.395790597087e+00,        -2.929538176103e+01
 2.42862500e+00,        -2.395977744964e+00,        -2.929629037321e+01
 2.42865000e+00,        -2.396165479389e+00,        -2.929720041239e+01
 2.42867500e+00,        -2.396353804741e+00,        -2.929811188647e+01
 2.42870000e+00,        -2.396542725444e+00,        -2.929902480340e+01
 2.42872500e+00,        -2.396732245964e+00,        -2.929993917120e+01
 2.42875000e+00,        -2.396922370814e+00,        -2.930085499792e+01
 2.42877500e+00,        -2.397113104552e+00,        -2.930177229168e+01
 2.42880000e+00,        -2.397304451780e+00,        -2.930269106065e+01
 2.42882500e+00,        -2.397496417148e+00,        -2.930361131305e+01
 2.42885000e+00,        -2.397689005354e+00,        -2.930453305716e+01
 2.42887500e+00,        -2.397882221142e+00,        -2.930545630132e+01
 2.42890000e+00,        -2.398076069304e+00,        -2.930638105392e+01
 2.42892500e+00,        -2.398270554683e+00,        -2.930730732340e+01
 2.42895000e+00,        -2.398465682169e+00,        -2.930823511826e+01
 2.42897500e+00,        -2.398661456704e+00,        -2.930916444707e+01
 2.42900000e+00,        -2.398857883280e+00,        -2.931009531844e+01
 2.42902500e+00,        -2.399054966940e+00,        -2.931102774105e+01
 2.42905000e+00,        -2.399252712779e+00,        -2.931196172363e+01
 2.42907500e+00,        -2.399451125946e+00,        -2.931289727496e+01
 2.42910000e+00,        -2.399650211642e+00,        -2.931383440391e+01
 2.42912500e+00,        -2.399849975123e+00,        -2.931477311936e+01
 2.42915000e+00,        -2.400050421700e+00,        -2.931571343030e+01
 2.42917500e+00,        -2.400251556738e+00,        -2.931665534574e+01
 2.42920000e+00,        -2.400453385659e+00,        -2.931759887478e+01
 2.42922500e+00,        -2.400655913943e+00,        -2.931854402656e+01
 2.42925000e+00,        -2.400859147127e+00,        -2.931949081028e+01
 2.42927500e+00,        -2.401063090805e+00,        -2.932043923521e+01
 2.42930000e+00,        -2.401267750632e+00,        -2.932138931069e+01
 2.42932500e+00,        -2.401473132322e+00,        -2.932234104610e+01
 2.42935000e+00,        -2.401679241652e+00,        -2.932329445090e+01
 2.42937500e+00,        -2.401886084457e+00,        -2.932424953459e+01
 2.42940000e+00,        -2.402093666638e+00,        -2.932520630676e+01
 2.42942500e+00,        -2.402301994156e+00,        -2.932616477705e+01
 2.42945000e+00,        -2.402511073038e+00,        -2.932712495516e+01
 2.42947500e+00,        -2.402720909375e+00,        -2.932808685086e+01
 2.42950000e+00,        -2.402931509325e+00,        -2.932905047397e+01
 2.42952500e+00,        -2.403142879113e+00,        -2.933001583439e+01
 2.42955000e+00,        -2.403355025029e+00,        -2.933098294208e+01
 2.42957500e+00,        -2.403567953433e+00,        -2.933195180707e+01
 2.42960000e+00,        -2.403781670755e+00,        -2.933292243944e+01
 2.42962500e+00,        -2.403996183496e+00,        -2.933389484934e+01
 2.42965000e+00,        -2.404211498225e+00,        -2.933486904701e+01
 2.42967500e+00,        -2.404427621588e+00,        -2.933584504271e+01
 2.42970000e+00,        -2.404644560299e+00,        -2.933682284681e+01
 2.42972500e+00,        -2.404862321151e+00,        -2.933780246972e+01
 2.42975000e+00,        -2.405080911010e+00,        -2.933878392192e+01
 2.42977500e+00,        -2.405300336819e+00,        -2.933976721397e+01
 2.42980000e+00,        -2.405520605597e+00,        -2.934075235650e+01
 2.42982500e+00,        -2.405741724444e+00,        -2.934173936017e+01
 2.42985000e+00,        -2.405963700536e+00,        -2.934272823576e+01
 2.42987500e+00,        -2.406186541134e+00,        -2.934371899407e+01
 2.42990000e+00,        -2.406410253578e+00,        -2.934471164601e+01
 2.42992500e+00,        -2.406634845291e+00,        -2.934570620253e+01
 2.42995000e+00,        -2.406860323781e+00,        -2.934670267465e+01
 2.42997500e+00,        -2.407086696641e+00,        -2.934770107348e+01
 2.43000000e+00,        -2.407313971550e+00,        -2.934870141018e+01
 2.43002500e+00,        -2.407542156275e+00,        -2.934970369599e+01
 2.43005000e+00,        -2.407771258673e+00,        -2.935070794220e+01
 2.43007500e+00,        -2.408001286689e+00,        -2.935171416019e+01
 2.43010000e+00,        -2.408232248362e+00,        -2.935272236141e+01
 2.43012500e+00,        -2.408464151821e+00,        -2.935373255737e+01
 2.43015000e+00,        -2.408697005293e+00,        -2.935474475965e+01
 2.43017500e+00,        -2.408930817096e+00,        -2.935575897990e+01
 2.43020000e+00,        -2.409165595648e+00,        -2.935677522985e+01
 2.43022500e+00,        -2.409401349465e+00,        -2.935779352128e+01
 2.43025000e+00,        -2.409638087161e+00,        -2.935881386608e+01
 2.43027500e+00,        -2.409875817453e+00,        -2.935983627616e+01
 2.43030000e+00,        -2.410114549159e+00,        -2.936086076353e+01
 2.43032500e+00,        -2.410354291202e+00,        -2.936188734027e+01
 2.43035000e+00,        -2.410595052612e+00,        -2.936291601852e+01
 2.43037500e+00,        -2.410836842523e+00,        -2.936394681050e+01
 2.43040000e+00,        -2.411079670180e+00,        -2.936497972849e+01
 2.43042500e+00,        -2.411323544938e+00,        -2.936601478486e+01
 2.43045000e+00,        -2.411568476264e+00,        -2.936705199202e+01
 2.43047500e+00,        -2.411814473739e+00,        -2.936809136247e+01
 2.43050000e+00,        -2.412061547058e+00,        -2.936913290879e+01
 2.43052500e+00,        -2.412309706035e+00,        -2.937017664360e+01
 2.43055000e+00,        -2.412558960601e+00,        -2.937122257961e+01
 2.43057500e+00,        -2.412809320809e+00,        -2.937227072961e+01
 2.43060000e+00,        -2.413060796834e+00,        -2.937332110643e+01
 2.43062500e+00,        -2.413313398975e+00,        -2.937437372300e+01
 2.43065000e+00,        -2.413567137658e+00,        -2.937542859228e+01
 2.43067500e+00,        -2.413822023435e+00,        -2.937648572735e+01
 2.43070000e+00,        -2.414078066992e+00,        -2.937754514131e+01
 2.43072500e+00,        -2.414335279142e+00,        -2.937860684735e+01
 2.43075000e+00,        -2.414593670837e+00,        -2.937967085874e+01
 2.43077500e+00,        -2.414853253161e+00,        -2.938073718879e+01
 2.43080000e+00,        -2.415114037339e+00,        -2.938180585089e+01
 2.43082500e+00,        -2.415376034735e+00,        -2.938287685850e+01
 2.43085000e+00,        -2.415639256856e+00,        -2.938395022515e+01
 2.43087500e+00,        -2.415903715353e+00,        -2.938502596441e+01
 2.43090000e+00,        -2.416169422026e+00,        -2.938610408994e+01
 2.43092500e+00,        -2.416436388821e+00,        -2.938718461545e+01
 2.43095000e+00,        -2.416704627839e+00,        -2.938826755472e+01
 2.43097500e+00,        -2.416974151333e+00,        -2.938935292160e+01
 2.43100000e+00,        -2.417244971713e+00,        -2.939044072998e+01
 2.43102500e+00,        -2.417517101548e+00,        -2.939153099382e+01
 2.43105000e+00,        -2.417790553569e+00,        -2.939262372716e+01
 2.43107500e+00,        -2.418065340669e+00,        -2.939371894407e+01
 2.43110000e+00,        -2.418341475909e+00,        -2.939481665869e+01
 2.43112500e+00,        -2.418618972521e+00,        -2.939591688522e+01
 2.43115000e+00,        -2.418897843906e+00,        -2.939701963791e+01
 2.43117500e+00,        -2.419178103641e+00,        -2.939812493106e+01
 2.43120000e+00,        -2.419459765481e+00,        -2.939923277905e+01
 2.43122500e+00,        -2.419742843361e+00,        -2.940034319629e+01
 2.43125000e+00,        -2.420027351401e+00,        -2.940145619723e+01
 2.43127500e+00,        -2.420313303904e+00,        -2.940257179639e+01
 2.43130000e+00,        -2.420600715365e+00,        -2.940369000834e+01
 2.43132500e+00,        -2.420889600471e+00,        -2.940481084768e+01
 2.43135000e+00,        -2.421179974105e+00,        -2.940593432906e+01
 2.43137500e+00,        -2.421471851349e+00,        -2.940706046718e+01
 2.43140000e+00,        -2.421765247486e+00,        -2.940818927678e+01
 2.43142500e+00,        -2.422060178007e+00,        -2.940932077264e+01
 2.43145000e+00,        -2.422356658608e+00,        -2.941045496956e+01
 2.43147500e+00,        -2.422654705202e+00,        -2.941159188240e+01
 2.43150000e+00,        -2.422954333916e+00,        -2.941273152605e+01
 2.43152500e+00,        -2.423255561095e+00,        -2.941387391540e+01
 2.43155000e+00,        -2.423558403312e+00,        -2.941501906542e+01
 2.43157500e+00,        -2.423862877362e+00,        -2.941616699105e+01
 2.43160000e+00,        -2.424169000274e+00,        -2.941731770731e+01
 2.43162500e+00,        -2.424476789311e+00,        -2.941847122919e+01
 2.43165000e+00,        -2.424786261977e+00,        -2.941962757172e+01
 2.43167500e+00,        -2.425097436015e+00,        -2.942078674996e+01
 2.43170000e+00,        -2.425410329419e+00,        -2.942194877896e+01
 2.43172500e+00,        -2.425724960433e+00,        -2.942311367379e+01
 2.43175000e+00,        -2.426041347556e+00,        -2.942428144951e+01
 2.43177500e+00,        -2.426359509549e+00,        -2.942545212120e+01
 2.43180000e+00,        -2.426679465436e+00,        -2.942662570393e+01
 2.43182500e+00,        -2.427001234512e+00,        -2.942780221277e+01
 2.43185000e+00,        -2.427324836345e+00,        -2.942898166277e+01
 2.43187500e+00,        -2.427650290783e+00,        -2.943016406897e+01
 2.43190000e+00,        -2.427977617956e+00,        -2.943134944640e+01
 2.43192500e+00,        -2.428306838285e+00,        -2.943253781007e+01
 2.43195000e+00,        -2.428637972485e+00,        -2.943372917494e+01
 2.43197500e+00,        -2.428971041567e+00,        -2.943492355596e+01
 2.43200000e+00,        -2.429306066849e+00,        -2.943612096804e+01
 2.43202500e+00,        -2.429643069961e+00,        -2.943732142605e+01
 2.43205000e+00,        -2.429982072844e+00,        -2.943852494479e+01
 2.43207500e+00,        -2.430323097763e+00,        -2.943973153904e+01
 2.43210000e+00,        -2.430666167310e+00,        -2.944094122349e+01
 2.43212500e+00,        -2.431011304409e+00,        -2.944215401280e+01
 2.43215000e+00,        -2.431358532324e+00,        -2.944336992152e+01
 2.43217500e+00,        -2.431707874664e+00,        -2.944458896414e+01
 2.43220000e+00,        -2.432059355389e+00,        -2.944581115508e+01
 2.43222500e+00,        -2.432412998816e+00,        -2.944703650865e+01
 2.43225000e+00,        -2.432768829630e+00,        -2.944826503905e+01
 2.43227500e+00,        -2.433126872884e+00,        -2.944949676040e+01
 2.43230000e+00,        -2.433487154010e+00,        -2.945073168668e+01
 2.43232500e+00,        -2.433849698826e+00,        -2.945196983176e+01
 2.43235000e+00,        -2.434214533542e+00,        -2.945321120938e+01
 2.43237500e+00,        -2.434581684769e+00,        -2.945445583312e+01
 2.43240000e+00,        -2.434951179523e+00,        -2.945570371644e+01
 2.43242500e+00,        -2.435323045236e+00,        -2.945695487260e+01
 2.43245000e+00,        -2.435697309764e+00,        -2.945820931473e+01
 2.43247500e+00,        -2.436074001392e+00,        -2.945946705574e+01
 2.43250000e+00,        -2.436453148846e+00,        -2.946072810839e+01
 2.43252500e+00,        -2.436834781297e+00,        -2.946199248519e+01
 2.43255000e+00,        -2.437218928376e+00,        -2.946326019847e+01
 2.43257500e+00,        -2.437605620174e+00,        -2.946453126031e+01
 2.43260000e+00,        -2.437994887260e+00,        -2.946580568258e+01
 2.43262500e+00,        -2.438386760684e+00,        -2.946708347686e+01
 2.43265000e+00,        -2.438781271988e+00,        -2.946836465448e+01
 2.43267500e+00,        -2.439178453218e+00,        -2.946964922649e+01
 2.43270000e+00,        -2.439578336929e+00,        -2.947093720365e+01
 2.43272500e+00,        -2.439980956202e+00,        -2.947222859638e+01
 2.43275000e+00,        -2.440386344645e+00,        -2.947352341481e+01
 2.43277500e+00,        -2.440794536414e+00,        -2.947482166870e+01
 2.43280000e+00,        -2.441205566215e+00,        -2.947612336745e+01
 2.43282500e+00,        -2.441619469320e+00,        -2.947742852009e+01
 2.43285000e+00,        -2.442036281575e+00,        -2.947873713525e+01
 2.43287500e+00,        -2.442456039417e+00,        -2.948004922115e+01
 2.43290000e+00,        -2.442878779879e+00,        -2.948136478554e+01
 2.43292500e+00,        -2.443304540606e+00,        -2.948268383575e+01
 2.43295000e+00,        -2.443733359868e+00,        -2.948400637861e+01
 2.43297500e+00,        -2.444165276571e+00,        -2.948533242046e+01
 2.43300000e+00,        -2.444600330269e+00,        -2.948666196710e+01
 2.43302500e+00,        -2.445038561180e+00,        -2.948799502379e+01
 2.43305000e+00,        -2.445480010198e+00,        -2.948933159520e+01
 2.43307500e+00,        -2.445924718908e+00,        -2.949067168543e+01
 2.43310000e+00,        -2.446372729599e+00,        -2.949201529791e+01
 2.43312500e+00,        -2.446824085279e+00,        -2.949336243545e+01
 2.43315000e+00,        -2.447278829690e+00,        -2.949471310015e+01
 2.43317500e+00,        -2.447737007326e+00,        -2.949606729341e+01
 2.43320000e+00,        -2.448198663443e+00,        -2.949742501587e+01
 2.43322500e+00,        -2.448663844081e+00,        -2.949878626738e+01
 2.43325000e+00,        -2.449132596077e+00,        -2.950015104701e+01
 2.43327500e+00,        -2.449604967084e+00,        -2.950151935293e+01
 2.43330000e+00,        -2.450081005586e+00,        -2.950289118247e+01
 2.43332500e+00,        -2.450560760918e+00,        -2.950426653200e+01
 2.43335000e+00,        -2.451044283283e+00,        -2.950564539694e+01
 2.43337500e+00,        -2.451531623773e+00,        -2.950702777170e+01
 2.43340000e+00,        -2.452022834384e+00,        -2.950841364964e+01
 2.43342500e+00,        -2.452517968039e+00,        -2.950980302301e+01
 2.43345000e+00,        -2.453017078608e+00,        -2.951119588295e+01
 2.43347500e+00,        -2.453520220926e+00,        -2.951259221938e+01
 2.43350000e+00,        -2.454027450818e+00,        -2.951399202099e+01
 2.43352500e+00,        -2.454538825119e+00,        -2.951539527519e+01
 2.43355000e+00,        -2.455054401693e+00,        -2.951680196802e+01
 2.43357500e+00,        -2.455574239464e+00,        -2.951821208414e+01
 2.43360000e+00,        -2.456098398431e+00,        -2.951962560672e+01
 2.43362500e+00,        -2.456626939697e+00,        -2.952104251744e+01
 2.43365000e+00,        -2.457159925492e+00,        -2.952246279637e+01
 2.43367500e+00,        -2.457697419200e+00,        -2.952388642193e+01
 2.43370000e+00,        -2.458239485382e+00,        -2.952531337084e+01
 2.43372500e+00,        -2.458786189806e+00,        -2.952674361799e+01
 2.43375000e+00,        -2.459337599473e+00,        -2.952817713644e+01
 2.43377500e+00,        -2.459893782646e+00,        -2.952961389729e+01
 2.43380000e+00,        -2.460454808875e+00,        -2.953105386960e+01
 2.43382500e+00,        -2.461020749034e+00,        -2.953249702035e+01
 2.43385000e+00,        -2.461591675344e+00,        -2.953394331430e+01
 2.43387500e+00,        -2.462167661410e+00,        -2.953539271395e+01
 2.43390000e+00,        -2.462748782250e+00,        -2.953684517939e+01
 2.43392500e+00,        -2.463335114329e+00,        -2.953830066825e+01
 2.43395000e+00,        -2.463926735591e+00,        -2.953975913557e+01
 2.43397500e+00,        -2.464523725499e+00,        -2.954122053371e+01
 2.43400000e+00,        -2.465126165065e+00,        -2.954268481224e+01
 2.43402500e+00,        -2.465734136890e+00,        -2.954415191778e+01
 2.43405000e+00,        -2.466347725201e+00,        -2.954562179396e+01
 2.43407500e+00,        -2.466967015889e+00,        -2.954709438122e+01
 2.43410000e+00,        -2.467592096552e+00,        -2.954856961673e+01
 2.43412500e+00,        -2.468223056531e+00,        -2.955004743422e+01
 2.43415000e+00,        -2.468859986956e+00,        -2.955152776386e+01
 2.43417500e+00,        -2.469502980789e+00,        -2.955301053210e+01
 2.43420000e+00,        -2.470152132867e+00,        -2.955449566154e+01
 2.43422500e+00,        -2.470807539948e+00,        -2.955598307072e+01
 2.43425000e+00,        -2.471469300761e+00,        -2.955747267402e+01
 2.43427500e+00,        -2.472137516050e+00,        -2.955896438142e+01
 2.43430000e+00,        -2.472812288625e+00,        -2.956045809836e+01
 2.43432500e+00,        -2.473493723417e+00,        -2.956195372555e+01
 2.43435000e+00,        -2.474181927526e+00,        -2.956345115875e+01
 2.43437500e+00,        -2.474877010277e+00,        -2.956495028859e+01
 2.43440000e+00,        -2.475579083274e+00,        -2.956645100032e+01
 2.43442500e+00,        -2.476288260463e+00,        -2.956795317363e+01
 2.43445000e+00,        -2.477004658183e+00,        -2.956945668238e+01
 2.43447500e+00,        -2.477728395233e+00,        -2.957096139438e+01
 2.43450000e+00,        -2.478459592930e+00,        -2.957246717112e+01
 2.43452500e+00,        -2.479198375176e+00,        -2.957397386751e+01
 2.43455000e+00,        -2.479944868523e+00,        -2.957548133162e+01
 2.43457500e+00,        -2.480699202243e+00,        -2.957698940434e+01
 2.43460000e+00,        -2.481461508394e+00,        -2.957849791915e+01
 2.43462500e+00,        -2.482231921897e+00,        -2.958000670173e+01
 2.43465000e+00,        -2.483010580603e+00,        -2.958151556969e+01
 2.43467500e+00,        -2.483797625380e+00,        -2.958302433220e+01
 2.43470000e+00,        -2.484593200180e+00,        -2.958453278962e+01
 2.43472500e+00,        -2.485397452130e+00,        -2.958604073315e+01
 2.43475000e+00,        -2.486210531607e+00,        -2.958754794439e+01
 2.43477500e+00,        -2.487032592330e+00,        -2.958905419501e+01
 2.43480000e+00,        -2.487863791445e+00,        -2.959055924624e+01
 2.43482500e+00,        -2.488704289618e+00,        -2.959206284845e+01
 2.43485000e+00,        -2.489554251126e+00,        -2.959356474071e+01
 2.43487500e+00,        -2.490413843957e+00,        -2.959506465024e+01
 2.43490000e+00,        -2.491283239906e+00,        -2.959656229195e+01
 2.43492500e+00,        -2.492162614680e+00,        -2.959805736786e+01
 2.43495000e+00,        -2.493052148000e+00,        -2.959954956659e+01
 2.43497500e+00,        -2.493952023715e+00,        -2.960103856270e+01
 2.43500000e+00,        -2.494862429909e+00,        -2.960252401614e+01
 2.43502500e+00,        -2.495783559017e+00,        -2.960400557157e+01
 2.43505000e+00,        -2.496715607946e+00,        -2.960548285767e+01
 2.43507500e+00,        -2.497658778195e+00,        -2.960695548649e+01
 2.43510000e+00,        -2.498613275982e+00,        -2.960842305265e+01
 2.43512500e+00,        -2.499579312373e+00,        -2.960988513257e+01
 2.43515000e+00,        -2.500557103415e+00,        -2.961134128370e+01
 2.43517500e+00,        -2.501546870276e+00,        -2.961279104362e+01
 2.43520000e+00,        -2.502548839384e+00,        -2.961423392916e+01
 2.43522500e+00,        -2.503563242574e+00,        -2.961566943548e+01
 2.43525000e+00,        -2.504590317239e+00,        -2.961709703507e+01
 2.43527500e+00,        -2.505630306483e+00,        -2.961851617670e+01
 2.43530000e+00,        -2.506683459284e+00,        -2.961992628437e+01
 2.43532500e+00,        -2.507750030653e+00,        -2.962132675619e+01
 2.43535000e+00,        -2.508830281807e+00,        -2.962271696311e+01
 2.43537500e+00,        -2.509924480343e+00,        -2.962409624778e+01
 2.43540000e+00,        -2.511032900414e+00,        -2.962546392313e+01
 2.43542500e+00,        -2.512155822918e+00,        -2.962681927106e+01
 2.43545000e+00,        -2.513293535683e+00,        -2.962816154099e+01
 2.43547500e+00,        -2.514446333666e+00,        -2.962948994830e+01
 2.43550000e+00,        -2.515614519154e+00,        -2.963080367277e+01
 2.43552500e+00,        -2.516798401968e+00,        -2.963210185687e+01
 2.43555000e+00,        -2.517998299679e+00,        -2.963338360403e+01
 2.43557500e+00,        -2.519214537824e+00,        -2.963464797676e+01
 2.43560000e+00,        -2.520447450133e+00,        -2.963589399470e+01
 2.43562500e+00,        -2.521697378760e+00,        -2.963712063260e+01
 2.43565000e+00,        -2.522964674520e+00,        -2.963832681811e+01
 2.43567500e+00,        -2.524249697133e+00,        -2.963951142954e+01
 2.43570000e+00,        -2.525552815475e+00,        -2.964067329350e+01
 2.43572500e+00,        -2.526874407837e+00,        -2.964181118231e+01
 2.43575000e+00,        -2.528214862185e+00,        -2.964292381142e+01
 2.43577500e+00,        -2.529574576436e+00,        -2.964400983660e+01
 2.43580000e+00,        -2.530953958732e+00,        -2.964506785100e+01
 2.43582500e+00,        -2.532353427724e+00,        -2.964609638207e+01
 2.43585000e+00,        -2.533773412870e+00,        -2.964709388826e+01
 2.43587500e+00,        -2.535214354723e+00,        -2.964805875565e+01
 2.43590000e+00,        -2.536676705247e+00,        -2.964898929428e+01
 2.43592500e+00,        -2.538160928119e+00,        -2.964988373436e+01
 2.43595000e+00,        -2.539667499055e+00,        -2.965074022224e+01
 2.43597500e+00,        -2.541196906130e+00,        -2.965155681615e+01
 2.43600000e+00,        -2.542749650112e+00,        -2.965233148174e+01
 2.43602500e+00,        -2.544326244797e+00,        -2.965306208735e+01
 2.43605000e+00,        -2.545927217353e+00,        -2.965374639901e+01
 2.43607500e+00,        -2.547553108668e+00,        -2.965438207522e+01
 2.43610000e+00,        -2.549204473701e+00,        -2.965496666132e+01
 2.43612500e+00,        -2.550881881844e+00,        -2.965549758370e+01
 2.43615000e+00,        -2.552585917277e+00,        -2.965597214354e+01
 2.43617500e+00,        -2.554317179334e+00,        -2.965638751030e+01
 2.43620000e+00,        -2.556076282871e+00,        -2.965674071479e+01
 2.43622500e+00,        -2.557863858633e+00,        -2.965702864185e+01
 2.43625000e+00,        -2.559680553617e+00,        -2.965724802263e+01
 2.43627500e+00,        -2.561527031442e+00,        -2.965739542643e+01
 2.43630000e+00,        -2.563403972712e+00,        -2.965746725205e+01
 2.43632500e+00,        -2.565312075375e+00,        -2.965745971864e+01
 2.43635000e+00,        -2.567252055074e+00,        -2.965736885608e+01
 2.43637500e+00,        -2.569224645494e+00,        -2.965719049472e+01
 2.43640000e+00,        -2.571230598695e+00,        -2.965692025460e+01
 2.43642500e+00,        -2.573270685432e+00,        -2.965655353397e+01
 2.43645000e+00,        -2.575345695461e+00,        -2.965608549722e+01
 2.43647500e+00,        -2.577456437823e+00,        -2.965551106203e+01
 2.43650000e+00,        -2.579603741106e+00,        -2.965482488583e+01
 2.43652500e+00,        -2.581788453674e+00,        -2.965402135144e+01
 2.43655000e+00,        -2.584011443873e+00,        -2.965309455184e+01
 2.43657500e+00,        -2.586273600192e+00,        -2.965203827411e+01
 2.43660000e+00,        -2.588575831380e+00,        -2.965084598233e+01
 2.43662500e+00,        -2.590919066514e+00,        -2.964951079961e+01
 2.43665000e+00,        -2.593304255011e+00,        -2.964802548891e+01
 2.43667500e+00,        -2.595732366571e+00,        -2.964638243285e+01
 2.43670000e+00,        -2.598204391043e+00,        -2.964457361227e+01
 2.43672500e+00,        -2.600721338205e+00,        -2.964259058351e+01
 2.43675000e+00,        -2.603284237453e+00,        -2.964042445447e+01
 2.43677500e+00,        -2.605894137368e+00,        -2.963806585908e+01
 2.43680000e+00,        -2.608552105170e+00,        -2.963550493049e+01
 2.43682500e+00,        -2.611259226020e+00,        -2.963273127251e+01
 2.43685000e+00,        -2.614016602174e+00,        -2.962973392950e+01
 2.43687500e+00,        -2.616825351951e+00,        -2.962650135450e+01
 2.43690000e+00,        -2.619686608507e+00,        -2.962302137549e+01
 2.43692500e+00,        -2.622601518384e+00,        -2.961928115978e+01
 2.43695000e+00,        -2.625571239801e+00,        -2.961526717630e+01
 2.43697500e+00,        -2.628596940680e+00,        -2.961096515587e+01
 2.43700000e+00,        -2.631679796343e+00,        -2.960636004916e+01
 2.43702500e+00,        -2.634820986874e+00,        -2.960143598242e+01
 2.43705000e+00,        -2.638021694076e+00,        -2.959617621073e+01
 2.43707500e+00,        -2.641283098011e+00,        -2.959056306877e+01
 2.43710000e+00,        -2.644606373044e+00,        -2.958457791908e+01
 2.43712500e+00,        -2.647992683354e+00,        -2.957820109752e+01
 2.43715000e+00,        -2.651443177852e+00,        -2.957141185611e+01
 2.43717500e+00,        -2.654958984433e+00,        -2.956418830299e+01
 2.43720000e+00,        -2.658541203491e+00,        -2.955650733957e+01
 2.43722500e+00,        -2.662190900625e+00,        -2.954834459483e+01
 2.43725000e+00,        -2.665909098436e+00,        -2.953967435670e+01
 2.43727500e+00,        -2.669696767337e+00,        -2.953046950064e+01
 2.43730000e+00,        -2.673554815249e+00,        -2.952070141542e+01
 2.43732500e+00,        -2.677484076088e+00,        -2.951033992627e+01
 2.43735000e+00,        -2.681485296907e+00,        -2.949935321548e+01
 2.43737500e+00,        -2.685559123562e+00,        -2.948770774076e+01
 2.43740000e+00,        -2.689706084749e+00,        -2.947536815162e+01
 2.43742500e+00,        -2.693926574265e+00,        -2.946229720413e+01
 2.43745000e+00,        -2.698220831296e+00,        -2.944845567468e+01
 2.43747500e+00,        -2.702588918579e+00,        -2.943380227316e+01
 2.43750000e+00,        -2.707030698216e+00,        -2.941829355654e+01
 2.43752500e+00,        -2.711545804929e+00,        -2.940188384362e+01
 2.43755000e+00,        -2.716133616551e+00,        -2.938452513212e+01
 2.43757500e+00,        -2.720793221499e+00,        -2.936616701953e+01
 2.43760000e+00,        -2.725523382982e+00,        -2.934675662924e+01
 2.43762500e+00,        -2.730322499713e+00,        -2.932623854381e+01
 2.43765000e+00,        -2.735188562829e+00,        -2.930455474777e+01
 2.43767500e+00,        -2.740119108795e+00,        -2.928164458245e+01
 2.43770000e+00,        -2.745111167998e+00,        -2.925744471579e+01
 2.43772500e+00,        -2.750161208814e+00,        -2.923188913092e+01
 2.43775000e+00,        -2.755265076888e+00,        -2.920490913719e+01
 2.43777500e+00,        -2.760417929450e+00,        -2.917643340863e+01
 2.43780000e+00,        -2.765614164477e+00,        -2.914638805487e+01
 2.43782500e+00,        -2.770847344621e+00,        -2.911469673056e+01
 2.43785000e+00,        -2.776110115853e+00,        -2.908128079006e+01
 2.43787500e+00,        -2.781394120882e+00,        -2.904605949478e+01
 2.43790000e+00,        -2.786689907558e+00,        -2.900895028160e+01
 2.43792500e+00,        -2.791986832565e+00,        -2.896986910140e+01
 2.43795000e+00,        -2.797272960955e+00,        -2.892873083770e+01
 2.43797500e+00,        -2.802534962257e+00,        -2.888544981612e+01
 2.43800000e+00,        -2.807758004192e+00,        -2.883994041599e+01
 2.43802500e+00,        -2.812925645324e+00,        -2.879211779608e+01
 2.43805000e+00,        -2.818019728362e+00,        -2.874189874652e+01
 2.43807500e+00,        -2.823020276258e+00,        -2.868920267938e+01
 2.43810000e+00,        -2.827905393688e+00,        -2.863395276938e+01
 2.43812500e+00,        -2.832651177099e+00,        -2.857607725595e+01
 2.43815000e+00,        -2.837231637019e+00,        -2.851551091580e+01
 2.43817500e+00,        -2.841618636986e+00,        -2.845219671311e+01
 2.43820000e+00,        -2.845781854073e+00,        -2.838608763090e+01
 2.43822500e+00,        -2.849688766623e+00,        -2.831714868307e+01
 2.43825000e+00,        -2.853304675396e+00,        -2.824535910055e+01
 2.43827500e+00,        -2.856592764870e+00,        -2.817071467837e+01
 2.43830000e+00,        -2.859514211805e+00,        -2.809323026163e+01
 2.43832500e+00,        -2.862028348419e+00,        -2.801294233870e+01
 2.43835000e+00,        -2.864092887428e+00,        -2.792991169839e+01
 2.43837500e+00,        -2.865664215827e+00,        -2.784422609542e+01
 2.43840000e+00,        -2.866697763482e+00,        -2.775600285506e+01
 2.43842500e+00,        -2.867148451255e+00,        -2.766539133409e+01
 2.43845000e+00,        -2.866971221529e+00,        -2.757257514181e+01
 2.43847500e+00,        -2.866121651483e+00,        -2.747777401280e+01
 2.43850000e+00,        -2.864556646326e+00,        -2.738124521369e+01
 2.43852500e+00,        -2.862235205984e+00,        -2.728328436003e+01
 2.43855000e+00,        -2.859119254412e+00,        -2.718422551878e+01
 2.43857500e+00,        -2.855174516136e+00,        -2.708444047736e+01
 2.43860000e+00,        -2.850371419763e+00,        -2.698433707364e+01
 2.43862500e+00,        -2.844686003612e+00,        -2.688435650252e+01
 2.43865000e+00,        -2.838100794403e+00,        -2.678496954559e+01
 2.43867500e+00,        -2.830605626730e+00,        -2.668667170898e+01
 2.43870000e+00,        -2.822198369024e+00,        -2.658997730094e+01
 2.43872500e+00,        -2.812885521441e+00,        -2.649541253222e+01
 2.43875000e+00,        -2.802682652754e+00,        -2.640350777634e+01
 2.43877500e+00,        -2.791614647135e+00,        -2.631478917982e+01
 2.43880000e+00,        -2.779715737668e+00,        -2.622976986025e+01
 2.43882500e+00,        -2.767029311309e+00,        -2.614894096831e+01
 2.43885000e+00,        -2.753607479543e+00,        -2.607276291551e+01
 2.43887500e+00,        -2.739510419419e+00,        -2.600165707830e+01
 2.43890000e+00,        -2.724805500494e+00,        -2.593599828082e+01
 2.43892500e+00,        -2.709566223466e+00,        -2.587610833127e+01
 2.43895000e+00,        -2.693871005379e+00,        -2.582225084354e+01
 2.43897500e+00,        -2.677801853346e+00,        -2.577462751731e+01
 2.43900000e+00,        -2.661442973398e+00,        -2.573337598279e+01
 2.43902500e+00,        -2.644879362917e+00,        -2.569856924298e+01
 2.43905000e+00,        -2.628195434151e+00,        -2.567021667485e+01
 2.43907500e+00,        -2.611473712716e+00,        -2.564826648384e+01
 2.43910000e+00,        -2.594793649138e+00,        -2.563260944936e+01
 2.43912500e+00,        -2.578230574028e+00,        -2.562308375535e+01
 2.43915000e+00,        -2.561854818916e+00,        -2.561948067085e+01
 2.43917500e+00,        -2.545731015948e+00,        -2.562155083193e+01
 2.43920000e+00,        -2.529917581020e+00,        -2.562901087722e+01
 2.43922500e+00,        -2.514466377101e+00,        -2.564155020243e+01
 2.43925000e+00,        -2.499422547885e+00,        -2.565883762296e+01
 2.43927500e+00,        -2.484824506613e+00,        -2.568052776404e+01
 2.43930000e+00,        -2.470704061201e+00,        -2.570626703271e+01
 2.43932500e+00,        -2.457086654513e+00,        -2.573569906211e+01
 2.43935000e+00,        -2.443991697683e+00,        -2.576846955382e+01
 2.43937500e+00,        -2.431432974618e+00,        -2.580423047670e+01
 2.43940000e+00,        -2.419419096930e+00,        -2.584264360912e+01
 2.43942500e+00,        -2.407953990370e+00,        -2.588338343577e+01
 2.43945000e+00,        -2.397037396070e+00,        -2.592613942877e+01
 2.43947500e+00,        -2.386665372411e+00,        -2.597061775719e+01
 2.43950000e+00,        -2.376830785874e+00,        -2.601654247854e+01
 2.43952500e+00,        -2.367523781709e+00,        -2.606365627129e+01
 2.43955000e+00,        -2.358732227576e+00,        -2.611172076963e+01
 2.43957500e+00,        -2.350442125386e+00,        -2.616051656147e+01
 2.43960000e+00,        -2.342637988335e+00,        -2.620984290773e+01
 2.43962500e+00,        -2.335303181695e+00,        -2.625951723736e+01
 2.43965000e+00,        -2.328420227099e+00,        -2.630937446744e+01
 2.43967500e+00,        -2.321971071056e+00,        -2.635926619224e+01
 2.43970000e+00,        -2.315937319157e+00,        -2.640905977967e+01
 2.43972500e+00,        -2.310300437951e+00,        -2.645863740781e+01
 2.43975000e+00,        -2.305041926824e+00,        -2.650789506914e+01
 2.43977500e+00,        -2.300143462392e+00,        -2.655674156505e+01
 2.43980000e+00,        -2.295587018050e+00,        -2.660509750890e+01
 2.43982500e+00,        -2.291354961253e+00,        -2.665289435205e+01
 2.43985000e+00,        -2.287430131088e+00,        -2.670007344358e+01
 2.43987500e+00,        -2.283795898529e+00,        -2.674658513196e+01
 2.43990000e+00,        -2.280436211643e+00,        -2.679238791406e+01
 2.43992500e+00,        -2.277335627824e+00,        -2.683744763513e+01
 2.43995000e+00,        -2.274479334950e+00,        -2.688173674149e+01
 2.43997500e+00,        -2.271853163173e+00,        -2.692523358673e+01
 2.44000000e+00,        -2.269443588874e+00,        -2.696792179054e+01
 2.44002500e+00,        -2.267237732121e+00,        -2.700978964932e+01
 2.44005000e+00,        -2.265223348839e+00,        -2.705082959627e+01
 2.44007500e+00,        -2.263388818697e+00,        -2.709103770899e+01
 2.44010000e+00,        -2.261723129639e+00,        -2.713041326177e+01
 2.44012500e+00,        -2.260215859795e+00,        -2.716895831998e+01
 2.44015000e+00,        -2.258857157456e+00,        -2.720667737358e+01
 2.44017500e+00,        -2.257637719649e+00,        -2.724357700711e+01
 2.44020000e+00,        -2.256548769784e+00,        -2.727966560312e+01
 2.44022500e+00,        -2.255582034764e+00,        -2.731495307649e+01
 2.44025000e+00,        -2.254729721876e+00,        -2.734945063706e+01
 2.44027500e+00,        -2.253984495724e+00,        -2.738317057791e+01
 2.44030000e+00,        -2.253339455420e+00,        -2.741612608725e+01
 2.44032500e+00,        -2.252788112194e+00,        -2.744833108142e+01
 2.44035000e+00,        -2.252324367563e+00,        -2.747980005727e+01
 2.44037500e+00,        -2.251942492156e+00,        -2.751054796186e+01
 2.44040000e+00,        -2.251637105268e+00,        -2.754059007788e+01
 2.44042500e+00,        -2.251403155198e+00,        -2.756994192302e+01
 2.44045000e+00,        -2.251235900403e+00,        -2.759861916214e+01
 2.44047500e+00,        -2.251130891491e+00,        -2.762663753061e+01
 2.44050000e+00,        -2.251083954061e+00,        -2.765401276785e+01
 2.44052500e+00,        -2.251091172377e+00,        -2.768076055985e+01
 2.44055000e+00,        -2.251148873885e+00,        -2.770689648979e+01
 2.44057500e+00,        -2.251253614533e+00,        -2.773243599571e+01
 2.44060000e+00,        -2.251402164896e+00,        -2.775739433463e+01
 2.44062500e+00,        -2.251591497060e+00,        -2.778178655231e+01
 2.44065000e+00,        -2.251818772254e+00,        -2.780562745785e+01
 2.44067500e+00,        -2.252081329188e+00,        -2.782893160290e+01
 2.44070000e+00,        -2.252376673076e+00,        -2.785171326457e+01
 2.44072500e+00,        -2.252702465306e+00,        -2.787398643188e+01
 2.44075000e+00,        -2.253056513730e+00,        -2.789576479509e+01
 2.44077500e+00,        -2.253436763539e+00,        -2.791706173779e+01
 2.44080000e+00,        -2.253841288694e+00,        -2.793789033118e+01
 2.44082500e+00,        -2.254268283887e+00,        -2.795826333036e+01
 2.44085000e+00,        -2.254716056993e+00,        -2.797819317242e+01
 2.44087500e+00,        -2.255183021998e+00,        -2.799769197596e+01
 2.44090000e+00,        -2.255667692360e+00,        -2.801677154193e+01
 2.44092500e+00,        -2.256168674795e+00,        -2.803544335556e+01
 2.44095000e+00,        -2.256684663449e+00,        -2.805371858932e+01
 2.44097500e+00,        -2.257214434437e+00,        -2.807160810653e+01
 2.44100000e+00,        -2.257756840725e+00,        -2.808912246578e+01
 2.44102500e+00,        -2.258310807347e+00,        -2.810627192587e+01
 2.44105000e+00,        -2.258875326908e+00,        -2.812306645118e+01
 2.44107500e+00,        -2.259449455385e+00,        -2.813951571746e+01
 2.44110000e+00,        -2.260032308193e+00,        -2.815562911790e+01
 2.44112500e+00,        -2.260623056492e+00,        -2.817141576943e+01
 2.44115000e+00,        -2.261220923738e+00,        -2.818688451923e+01
 2.44117500e+00,        -2.261825182448e+00,        -2.820204395130e+01
 2.44120000e+00,        -2.262435151172e+00,        -2.821690239319e+01
 2.44122500e+00,        -2.263050191650e+00,        -2.823146792270e+01
 2.44125000e+00,        -2.263669706162e+00,        -2.824574837462e+01
 2.44127500e+00,        -2.264293135030e+00,        -2.825975134748e+01
 2.44130000e+00,        -2.264919954291e+00,        -2.827348421019e+01
 2.44132500e+00,        -2.265549673506e+00,        -2.828695410867e+01
 2.44135000e+00,        -2.266181833713e+00,        -2.830016797239e+01
 2.44137500e+00,        -2.266816005505e+00,        -2.831313252077e+01
 2.44140000e+00,        -2.267451787233e+00,        -2.832585426955e+01
 2.44142500e+00,        -2.268088803314e+00,        -2.833833953694e+01
 2.44145000e+00,        -2.268726702651e+00,        -2.835059444975e+01
 2.44147500e+00,        -2.269365157149e+00,        -2.836262494931e+01
 2.44150000e+00,        -2.270003860319e+00,        -2.837443679727e+01
 2.44152500e+00,        -2.270642525979e+00,        -2.838603558128e+01
 2.44155000e+00,        -2.271280887022e+00,        -2.839742672049e+01
 2.44157500e+00,        -2.271918694270e+00,        -2.840861547093e+01
 2.44160000e+00,        -2.272555715394e+00,        -2.841960693075e+01
 2.44162500e+00,        -2.273191733900e+00,        -2.843040604528e+01
 2.44165000e+00,        -2.273826548181e+00,        -2.844101761196e+01
 2.44167500e+00,        -2.274459970618e+00,        -2.845144628513e+01
 2.44170000e+00,        -2.275091826750e+00,        -2.846169658069e+01
 2.44172500e+00,        -2.275721954478e+00,        -2.847177288056e+01
 2.44175000e+00,        -2.276350203330e+00,        -2.848167943707e+01
 2.44177500e+00,        -2.276976433761e+00,        -2.849142037718e+01
 2.44180000e+00,        -2.277600516505e+00,        -2.850099970654e+01
 2.44182500e+00,        -2.278222331958e+00,        -2.851042131347e+01
 2.44185000e+00,        -2.278841769598e+00,        -2.851968897281e+01
 2.44187500e+00,        -2.279458727446e+00,        -2.852880634956e+01
 2.44190000e+00,        -2.280073111553e+00,        -2.853777700249e+01
 2.44192500e+00,        -2.280684835520e+00,        -2.854660438763e+01
 2.44195000e+00,        -2.281293820048e+00,        -2.855529186156e+01
 2.44197500e+00,        -2.281899992511e+00,        -2.856384268468e+01
 2.44200000e+00,        -2.282503286555e+00,        -2.857226002429e+01
 2.44202500e+00,        -2.283103641725e+00,        -2.858054695766e+01
 2.44205000e+00,        -2.283701003108e+00,        -2.858870647492e+01
 2.44207500e+00,        -2.284295321000e+00,        -2.859674148183e+01
 2.44210000e+00,        -2.284886550593e+00,        -2.860465480259e+01
 2.44212500e+00,        -2.285474651677e+00,        -2.861244918235e+01
 2.44215000e+00,        -2.286059588366e+00,        -2.862012728986e+01
 2.44217500e+00,        -2.286641328830e+00,        -2.862769171983e+01
 2.44220000e+00,        -2.287219845053e+00,        -2.863514499531e+01
 2.44222500e+00,        -2.287795112597e+00,        -2.864248957002e+01
 2.44225000e+00,        -2.288367110383e+00,        -2.864972783048e+01
 2.44227500e+00,        -2.288935820487e+00,        -2.865686209817e+01
 2.44230000e+00,        -2.289501227944e+00,        -2.866389463162e+01
 2.44232500e+00,        -2.290063320560e+00,        -2.867082762832e+01
 2.44235000e+00,        -2.290622088749e+00,        -2.867766322668e+01
 2.44237500e+00,        -2.291177525358e+00,        -2.868440350785e+01
 2.44240000e+00,        -2.291729625524e+00,        -2.869105049756e+01
 2.44242500e+00,        -2.292278386522e+00,        -2.869760616775e+01
 2.44245000e+00,        -2.292823807631e+00,        -2.870407243834e+01
 2.44247500e+00,        -2.293365890005e+00,        -2.871045117874e+01
 2.44250000e+00,        -2.293904636554e+00,        -2.871674420946e+01
 2.44252500e+00,        -2.294440051823e+00,        -2.872295330361e+01
 2.44255000e+00,        -2.294972141890e+00,        -2.872908018831e+01
 2.44257500e+00,        -2.295500914263e+00,        -2.873512654611e+01
 2.44260000e+00,        -2.296026377781e+00,        -2.874109401636e+01
 2.44262500e+00,        -2.296548542527e+00,        -2.874698419647e+01
 2.44265000e+00,        -2.297067419741e+00,        -2.875279864322e+01
 2.44267500e+00,        -2.297583021738e+00,        -2.875853887393e+01
 2.44270000e+00,        -2.298095361835e+00,        -2.876420636768e+01
 2.44272500e+00,        -2.298604454278e+00,        -2.876980256644e+01
 2.44275000e+00,        -2.299110314173e+00,        -2.877532887612e+01
 2.44277500e+00,        -2.299612957424e+00,        -2.878078666772e+01
 2.44280000e+00,        -2.300112400673e+00,        -2.878617727828e+01
 2.44282500e+00,        -2.300608661241e+00,        -2.879150201192e+01
 2.44285000e+00,        -2.301101757079e+00,        -2.879676214078e+01
 2.44287500e+00,        -2.301591706712e+00,        -2.880195890595e+01
 2.44290000e+00,        -2.302078529196e+00,        -2.880709351837e+01
 2.44292500e+00,        -2.302562244072e+00,        -2.881216715972e+01
 2.44295000e+00,        -2.303042871323e+00,        -2.881718098322e+01
 2.44297500e+00,        -2.303520431335e+00,        -2.882213611449e+01
 2.44300000e+00,        -2.303994944859e+00,        -2.882703365228e+01
 2.44302500e+00,        -2.304466432975e+00,        -2.883187466929e+01
 2.44305000e+00,        -2.304934917061e+00,        -2.883666021287e+01
 2.44307500e+00,        -2.305400418761e+00,        -2.884139130573e+01
 2.44310000e+00,        -2.305862959954e+00,        -2.884606894668e+01
 2.44312500e+00,        -2.306322562727e+00,        -2.885069411122e+01
 2.44315000e+00,        -2.306779249350e+00,        -2.885526775224e+01
 2.44317500e+00,        -2.307233042250e+00,        -2.885979080065e+01
 2.44320000e+00,        -2.307683963988e+00,        -2.886426416594e+01
 2.44322500e+00,        -2.308132037239e+00,        -2.886868873684e+01
 2.44325000e+00,        -2.308577284769e+00,        -2.887306538179e+01
 2.44327500e+00,        -2.309019729418e+00,        -2.887739494960e+01
 2.44330000e+00,        -2.309459394080e+00,        -2.888167826990e+01
 2.44332500e+00,        -2.309896301689e+00,        -2.888591615370e+01
 2.44335000e+00,        -2.310330475199e+00,        -2.889010939386e+01
 2.44337500e+00,        -2.310761937574e+00,        -2.889425876562e+01
 2.44340000e+00,        -2.311190711770e+00,        -2.889836502703e+01
 2.44342500e+00,        -2.311616820722e+00,        -2.890242891943e+01
 2.44345000e+00,        -2.312040287336e+00,        -2.890645116786e+01
 2.44347500e+00,        -2.312461134473e+00,        -2.891043248156e+01
 2.44350000e+00,        -2.312879384939e+00,        -2.891437355428e+01
 2.44352500e+00,        -2.313295061478e+00,        -2.891827506479e+01
 2.44355000e+00,        -2.313708186760e+00,        -2.892213767719e+01
 2.44357500e+00,        -2.314118783371e+00,        -2.892596204134e+01
 2.44360000e+00,        -2.314526873810e+00,        -2.892974879321e+01
 2.44362500e+00,        -2.314932480476e+00,        -2.893349855523e+01
 2.44365000e+00,        -2.315335625663e+00,        -2.893721193664e+01
 2.44367500e+00,        -2.315736331555e+00,        -2.894088953384e+01
 2.44370000e+00,        -2.316134620217e+00,        -2.894453193070e+01
 2.44372500e+00,        -2.316530513592e+00,        -2.894813969889e+01
 2.44375000e+00,        -2.316924033494e+00,        -2.895171339817e+01
 2.44377500e+00,        -2.317315201606e+00,        -2.895525357671e+01
 2.44380000e+00,        -2.317704039471e+00,        -2.895876077135e+01
 2.44382500e+00,        -2.318090568492e+00,        -2.896223550793e+01
 2.44385000e+00,        -2.318474809927e+00,        -2.896567830150e+01
 2.44387500e+00,        -2.318856784885e+00,        -2.896908965664e+01
 2.44390000e+00,        -2.319236514323e+00,        -2.897247006769e+01
 2.44392500e+00,        -2.319614019044e+00,        -2.897582001903e+01
 2.44395000e+00,        -2.319989319695e+00,        -2.897913998525e+01
 2.44397500e+00,        -2.320362436762e+00,        -2.898243043149e+01
 2.44400000e+00,        -2.320733390571e+00,        -2.898569181359e+01
 2.44402500e+00,        -2.321102201285e+00,        -2.898892457834e+01
 2.44405000e+00,        -2.321468888902e+00,        -2.899212916372e+01
 2.44407500e+00,        -2.321833473253e+00,        -2.899530599906e+01
 2.44410000e+00,        -2.322195974003e+00,        -2.899845550529e+01
 2.44412500e+00,        -2.322556410648e+00,        -2.900157809513e+01
 2.44415000e+00,        -2.322914802515e+00,        -2.900467417326e+01
 2.44417500e+00,        -2.323271168762e+00,        -2.900774413655e+01
 2.44420000e+00,        -2.323625528375e+00,        -2.901078837419e+01
 2.44422500e+00,        -2.323977900169e+00,        -2.901380726794e+01
 2.44425000e+00,        -2.324328302790e+00,        -2.901680119222e+01
 2.44427500e+00,        -2.324676754711e+00,        -2.901977051435e+01
 2.44430000e+00,        -2.325023274233e+00,        -2.902271559467e+01
 2.44432500e+00,        -2.325367879487e+00,        -2.902563678673e+01
 2.44435000e+00,        -2.325710588432e+00,        -2.902853443742e+01
 2.44437500e+00,        -2.326051418857e+00,        -2.903140888715e+01
 2.44440000e+00,        -2.326390388379e+00,        -2.903426046997e+01
 2.44442500e+00,        -2.326727514447e+00,        -2.903708951371e+01
 2.44445000e+00,        -2.327062814337e+00,        -2.903989634017e+01
 2.44447500e+00,        -2.327396305159e+00,        -2.904268126518e+01
 2.44450000e+00,        -2.327728003853e+00,        -2.904544459882e+01
 2.44452500e+00,        -2.328057927193e+00,        -2.904818664545e+01
 2.44455000e+00,        -2.328386091783e+00,        -2.905090770394e+01
 2.44457500e+00,        -2.328712514063e+00,        -2.905360806770e+01
 2.44460000e+00,        -2.329037210308e+00,        -2.905628802487e+01
 2.44462500e+00,        -2.329360196628e+00,        -2.905894785838e+01
 2.44465000e+00,        -2.329681488969e+00,        -2.906158784613e+01
 2.44467500e+00,        -2.330001103115e+00,        -2.906420826101e+01
 2.44470000e+00,        -2.330319054691e+00,        -2.906680937109e+01
 2.44472500e+00,        -2.330635359158e+00,        -2.906939143969e+01
 2.44475000e+00,        -2.330950031820e+00,        -2.907195472549e+01
 2.44477500e+00,        -2.331263087823e+00,        -2.907449948261e+01
 2.44480000e+00,        -2.331574542156e+00,        -2.907702596072e+01
 2.44482500e+00,        -2.331884409652e+00,        -2.907953440516e+01
 2.44485000e+00,        -2.332192704991e+00,        -2.908202505698e+01
 2.44487500e+00,        -2.332499442697e+00,        -2.908449815310e+01
 2.44490000e+00,        -2.332804637146e+00,        -2.908695392631e+01
 2.44492500e+00,        -2.333108302559e+00,        -2.908939260543e+01
 2.44495000e+00,        -2.333410453012e+00,        -2.909181441536e+01
 2.44497500e+00,        -2.333711102430e+00,        -2.909421957718e+01
 2.44500000e+00,        -2.334010264592e+00,        -2.909660830820e+01
 2.44502500e+00,        -2.334307953132e+00,        -2.909898082207e+01
 2.44505000e+00,        -2.334604181540e+00,        -2.910133732882e+01
 2.44507500e+00,        -2.334898963163e+00,        -2.910367803498e+01
 2.44510000e+00,        -2.335192311206e+00,        -2.910600314360e+01
 2.44512500e+00,        -2.335484238735e+00,        -2.910831285439e+01
 2.44515000e+00,        -2.335774758677e+00,        -2.911060736369e+01
 2.44517500e+00,        -2.336063883820e+00,        -2.911288686464e+01
 2.44520000e+00,        -2.336351626819e+00,        -2.911515154717e+01
 2.44522500e+00,        -2.336638000193e+00,        -2.911740159812e+01
 2.44525000e+00,        -2.336923016325e+00,        -2.911963720124e+01
 2.44527500e+00,        -2.337206687471e+00,        -2.912185853731e+01
 2.44530000e+00,        -2.337489025753e+00,        -2.912406578418e+01
 2.44532500e+00,        -2.337770043164e+00,        -2.912625911680e+01
 2.44535000e+00,        -2.338049751570e+00,        -2.912843870732e+01
 2.44537500e+00,        -2.338328162710e+00,        -2.913060472512e+01
 2.44540000e+00,        -2.338605288198e+00,        -2.913275733688e+01
 2.44542500e+00,        -2.338881139523e+00,        -2.913489670659e+01
 2.44545000e+00,        -2.339155728053e+00,        -2.913702299568e+01
 2.44547500e+00,        -2.339429065034e+00,        -2.913913636299e+01
 2.44550000e+00,        -2.339701161591e+00,        -2.914123696488e+01
 2.44552500e+00,        -2.339972028731e+00,        -2.914332495523e+01
 2.44555000e+00,        -2.340241677345e+00,        -2.914540048554e+01
 2.44557500e+00,        -2.340510118206e+00,        -2.914746370490e+01
 2.44560000e+00,        -2.340777361972e+00,        -2.914951476014e+01
 2.44562500e+00,        -2.341043419190e+00,        -2.915155379576e+01
 2.44565000e+00,        -2.341308300291e+00,        -2.915358095407e+01
 2.44567500e+00,        -2.341572015597e+00,        -2.915559637517e+01
 2.44570000e+00,        -2.341834575321e+00,        -2.915760019701e+01
 2.44572500e+00,        -2.342095989565e+00,        -2.915959255545e+01
 2.44575000e+00,        -2.342356268326e+00,        -2.916157358427e+01
 2.44577500e+00,        -2.342615421493e+00,        -2.916354341521e+01
 2.44580000e+00,        -2.342873458852e+00,        -2.916550217803e+01
 2.44582500e+00,        -2.343130390082e+00,        -2.916745000055e+01
 2.44585000e+00,        -2.343386224763e+00,        -2.916938700863e+01
 2.44587500e+00,        -2.343640972371e+00,        -2.917131332629e+01
 2.44590000e+00,        -2.343894642283e+00,        -2.917322907567e+01
 2.44592500e+00,        -2.344147243777e+00,        -2.917513437710e+01
 2.44595000e+00,        -2.344398786032e+00,        -2.917702934915e+01
 2.44597500e+00,        -2.344649278130e+00,        -2.917891410861e+01
 2.44600000e+00,        -2.344898729059e+00,        -2.918078877056e+01
 2.44602500e+00,        -2.345147147710e+00,        -2.918265344840e+01
 2.44605000e+00,        -2.345394542883e+00,        -2.918450825387e+01
 2.44607500e+00,        -2.345640923284e+00,        -2.918635329708e+01
 2.44610000e+00,        -2.345886297526e+00,        -2.918818868654e+01
 2.44612500e+00,        -2.346130674136e+00,        -2.919001452920e+01
 2.44615000e+00,        -2.346374061547e+00,        -2.919183093044e+01
 2.44617500e+00,        -2.346616468108e+00,        -2.919363799417e+01
 2.44620000e+00,        -2.346857902076e+00,        -2.919543582276e+01
 2.44622500e+00,        -2.347098371626e+00,        -2.919722451716e+01
 2.44625000e+00,        -2.347337884847e+00,        -2.919900417687e+01
 2.44627500e+00,        -2.347576449741e+00,        -2.920077489996e+01
 2.44630000e+00,        -2.347814074230e+00,        -2.920253678314e+01
 2.44632500e+00,        -2.348050766151e+00,        -2.920428992175e+01
 2.44635000e+00,        -2.348286533264e+00,        -2.920603440977e+01
 2.44637500e+00,        -2.348521383243e+00,        -2.920777033989e+01
 2.44640000e+00,        -2.348755323686e+00,        -2.920949780349e+01
 2.44642500e+00,        -2.348988362113e+00,        -2.921121689069e+01
 2.44645000e+00,        -2.349220505965e+00,        -2.921292769035e+01
 2.44647500e+00,        -2.349451762606e+00,        -2.921463029011e+01
 2.44650000e+00,        -2.349682139325e+00,        -2.921632477639e+01
 2.44652500e+00,        -2.349911643337e+00,        -2.921801123445e+01
 2.44655000e+00,        -2.350140281780e+00,        -2.921968974834e+01
 2.44657500e+00,        -2.350368061723e+00,        -2.922136040099e+01
 2.44660000e+00,        -2.350594990159e+00,        -2.922302327421e+01
 2.44662500e+00,        -2.350821074013e+00,        -2.922467844868e+01
 2.44665000e+00,        -2.351046320135e+00,        -2.922632600399e+01
 2.44667500e+00,        -2.351270735310e+00,        -2.922796601867e+01
 2.44670000e+00,        -2.351494326251e+00,        -2.922959857019e+01
 2.44672500e+00,        -2.351717099604e+00,        -2.923122373498e+01
 2.44675000e+00,        -2.351939061947e+00,        -2.923284158844e+01
 2.44677500e+00,        -2.352160219792e+00,        -2.923445220499e+01
 2.44680000e+00,        -2.352380579585e+00,        -2.923605565803e+01
 2.44682500e+00,        -2.352600147706e+00,        -2.923765202002e+01
 2.44685000e+00,        -2.352818930473e+00,        -2.923924136245e+01
 2.44687500e+00,        -2.353036934139e+00,        -2.924082375586e+01
 2.44690000e+00,        -2.353254164894e+00,        -2.924239926988e+01
 2.44692500e+00,        -2.353470628866e+00,        -2.924396797323e+01
 2.44695000e+00,        -2.353686332123e+00,        -2.924552993372e+01
 2.44697500e+00,        -2.353901280671e+00,        -2.924708521830e+01
 2.44700000e+00,        -2.354115480457e+00,        -2.924863389303e+01
 2.44702500e+00,        -2.354328937367e+00,        -2.925017602313e+01
 2.44705000e+00,        -2.354541657231e+00,        -2.925171167298e+01
 2.44707500e+00,        -2.354753645820e+00,        -2.925324090614e+01
 2.44710000e+00,        -2.354964908847e+00,        -2.925476378534e+01
 2.44712500e+00,        -2.355175451970e+00,        -2.925628037251e+01
 2.44715000e+00,        -2.355385280791e+00,        -2.925779072881e+01
 2.44717500e+00,        -2.355594400855e+00,        -2.925929491461e+01
 2.44720000e+00,        -2.355802817654e+00,        -2.926079298952e+01
 2.44722500e+00,        -2.356010536626e+00,        -2.926228501240e+01
 2.44725000e+00,        -2.356217563156e+00,        -2.926377104136e+01
 2.44727500e+00,        -2.356423902574e+00,        -2.926525113381e+01
 2.44730000e+00,        -2.356629560162e+00,        -2.926672534640e+01
 2.44732500e+00,        -2.356834541147e+00,        -2.926819373510e+01
 2.44735000e+00,        -2.357038850705e+00,        -2.926965635519e+01
 2.44737500e+00,        -2.357242493965e+00,        -2.927111326125e+01
 2.44740000e+00,        -2.357445476003e+00,        -2.927256450718e+01
 2.44742500e+00,        -2.357647801848e+00,        -2.927401014625e+01
 2.44745000e+00,        -2.357849476478e+00,        -2.927545023103e+01
 2.44747500e+00,        -2.358050504825e+00,        -2.927688481348e+01
 2.44750000e+00,        -2.358250891773e+00,        -2.927831394491e+01
 2.44752500e+00,        -2.358450642158e+00,        -2.927973767601e+01
 2.44755000e+00,        -2.358649760772e+00,        -2.928115605685e+01
 2.44757500e+00,        -2.358848252358e+00,        -2.928256913690e+01
 2.44760000e+00,        -2.359046121616e+00,        -2.928397696502e+01
 2.44762500e+00,        -2.359243373201e+00,        -2.928537958950e+01
 2.44765000e+00,        -2.359440011721e+00,        -2.928677705804e+01
 2.44767500e+00,        -2.359636041743e+00,        -2.928816941777e+01
 2.44770000e+00,        -2.359831467790e+00,        -2.928955671525e+01
 2.44772500e+00,        -2.360026294341e+00,        -2.929093899650e+01
 2.44775000e+00,        -2.360220525835e+00,        -2.929231630698e+01
 2.44777500e+00,        -2.360414166666e+00,        -2.929368869162e+01
 2.44780000e+00,        -2.360607221188e+00,        -2.929505619481e+01
 2.44782500e+00,        -2.360799693716e+00,        -2.929641886044e+01
 2.44785000e+00,        -2.360991588520e+00,        -2.929777673185e+01
 2.44787500e+00,        -2.361182909835e+00,        -2.929912985190e+01
 2.44790000e+00,        -2.361373661853e+00,        -2.930047826294e+01
 2.44792500e+00,        -2.361563848727e+00,        -2.930182200683e+01
 2.44795000e+00,        -2.361753474572e+00,        -2.930316112494e+01
 2.44797500e+00,        -2.361942543467e+00,        -2.930449565816e+01
 2.44800000e+00,        -2.362131059448e+00,        -2.930582564690e+01
 2.44802500e+00,        -2.362319026518e+00,        -2.930715113113e+01
 2.44805000e+00,        -2.362506448641e+00,        -2.930847215034e+01
 2.44807500e+00,        -2.362693329745e+00,        -2.930978874356e+01
 2.44810000e+00,        -2.362879673721e+00,        -2.931110094940e+01
 2.44812500e+00,        -2.363065484425e+00,        -2.931240880601e+01
 2.44815000e+00,        -2.363250765677e+00,        -2.931371235111e+01
 2.44817500e+00,        -2.363435521263e+00,        -2.931501162200e+01
 2.44820000e+00,        -2.363619754933e+00,        -2.931630665555e+01
 2.44822500e+00,        -2.363803470403e+00,        -2.931759748822e+01
 2.44825000e+00,        -2.363986671356e+00,        -2.931888415605e+01
 2.44827500e+00,        -2.364169361441e+00,        -2.932016669469e+01
 2.44830000e+00,        -2.364351544274e+00,        -2.932144513938e+01
 2.44832500e+00,        -2.364533223436e+00,        -2.932271952498e+01
 2.44835000e+00,        -2.364714402480e+00,        -2.932398988594e+01
 2.44837500e+00,        -2.364895084923e+00,        -2.932525625635e+01
 2.44840000e+00,        -2.365075274252e+00,        -2.932651866991e+01
 2.44842500e+00,        -2.365254973922e+00,        -2.932777715995e+01
 2.44845000e+00,        -2.365434187358e+00,        -2.932903175943e+01
 2.44847500e+00,        -2.365612917953e+00,        -2.933028250096e+01
 2.44850000e+00,        -2.365791169070e+00,        -2.933152941678e+01
 2.44852500e+00,        -2.365968944043e+00,        -2.933277253879e+01
 2.44855000e+00,        -2.366146246175e+00,        -2.933401189853e+01
 2.44857500e+00,        -2.366323078739e+00,        -2.933524752720e+01
 2.44860000e+00,        -2.366499444981e+00,        -2.933647945567e+01
 2.44862500e+00,        -2.366675348117e+00,        -2.933770771446e+01
 2.44865000e+00,        -2.366850791334e+00,        -2.933893233378e+01
 2.44867500e+00,        -2.367025777792e+00,        -2.934015334350e+01
 2.44870000e+00,        -2.367200310622e+00,        -2.934137077319e+01
 2.44872500e+00,        -2.367374392929e+00,        -2.934258465206e+01
 2.44875000e+00,        -2.367548027789e+00,        -2.934379500906e+01
 2.44877500e+00,        -2.367721218251e+00,        -2.934500187280e+01
 2.44880000e+00,        -2.367893967340e+00,        -2.934620527160e+01
 2.44882500e+00,        -2.368066278051e+00,        -2.934740523347e+01
 2.44885000e+00,        -2.368238153356e+00,        -2.934860178613e+01
 2.44887500e+00,        -2.368409596198e+00,        -2.934979495700e+01
 2.44890000e+00,        -2.368580609496e+00,        -2.935098477323e+01
 2.44892500e+00,        -2.368751196146e+00,        -2.935217126166e+01
 2.44895000e+00,        -2.368921359014e+00,        -2.935335444886e+01
 2.44897500e+00,        -2.369091100945e+00,        -2.935453436114e+01
 2.44900000e+00,        -2.369260424758e+00,        -2.935571102451e+01
 2.44902500e+00,        -2.369429333249e+00,        -2.935688446472e+01
 2.44905000e+00,        -2.369597829188e+00,        -2.935805470726e+01
 2.44907500e+00,        -2.369765915323e+00,        -2.935922177734e+01
 2.44910000e+00,        -2.369933594377e+00,        -2.936038569993e+01
 2.44912500e+00,        -2.370100869051e+00,        -2.936154649973e+01
 2.44915000e+00,        -2.370267742022e+00,        -2.936270420119e+01
 2.44917500e+00,        -2.370434215945e+00,        -2.936385882850e+01
 2.44920000e+00,        -2.370600293452e+00,        -2.936501040562e+01
 2.44922500e+00,        -2.370765977153e+00,        -2.936615895626e+01
 2.44925000e+00,        -2.370931269635e+00,        -2.936730450389e+01
 2.44927500e+00,        -2.371096173464e+00,        -2.936844707174e+01
 2.44930000e+00,        -2.371260691184e+00,        -2.936958668279e+01
 2.44932500e+00,        -2.371424825317e+00,        -2.937072335981e+01
 2.44935000e+00,        -2.371588578366e+00,        -2.937185712534e+01
 2.44937500e+00,        -2.371751952811e+00,        -2.937298800169e+01
 2.44940000e+00,        -2.371914951111e+00,        -2.937411601093e+01
 2.44942500e+00,        -2.372077575706e+00,        -2.937524117493e+01
 2.44945000e+00,        -2.372239829014e+00,        -2.937636351534e+01
 2.44947500e+00,        -2.372401713434e+00,        -2.937748305358e+01
 2.44950000e+00,        -2.372563231345e+00,        -2.937859981087e+01
 2.44952500e+00,        -2.372724385106e+00,        -2.937971380822e+01
 2.44955000e+00,        -2.372885177055e+00,        -2.938082506644e+01
 2.44957500e+00,        -2.373045609514e+00,        -2.938193360610e+01
 2.44960000e+00,        -2.373205684782e+00,        -2.938303944762e+01
 2.44962500e+00,        -2.373365405143e+00,        -2.938414261117e+01
 2.44965000e+00,        -2.373524772858e+00,        -2.938524311675e+01
 2.44967500e+00,        -2.373683790174e+00,        -2.938634098417e+01
 2.44970000e+00,        -2.373842459315e+00,        -2.938743623303e+01
 2.44972500e+00,        -2.374000782491e+00,        -2.938852888275e+01
 2.44975000e+00,        -2.374158761890e+00,        -2.938961895256e+01
 2.44977500e+00,        -2.374316399686e+00,        -2.939070646149e+01
 2.44980000e+00,        -2.374473698032e+00,        -2.939179142841e+01
 2.44982500e+00,        -2.374630659066e+00,        -2.939287387199e+01
 2.44985000e+00,        -2.374787284907e+00,        -2.939395381073e+01
 2.44987500e+00,        -2.374943577657e+00,        -2.939503126296e+01
 2.44990000e+00,        -2.375099539403e+00,        -2.939610624682e+01
 2.44992500e+00,        -2.375255172213e+00,        -2.939717878027e+01
 2.44995000e+00,        -2.375410478138e+00,        -2.939824888113e+01
 2.44997500e+00,        -2.375565459216e+00,        -2.939931656702e+01
 2.45000000e+00,        -2.375720117464e+00,        -2.940038185541e+01
 2.45002500e+00,        -2.375874454885e+00,        -2.940144476360e+01
 2.45005000e+00,        -2.376028473468e+00,        -2.940250530873e+01
 2.45007500e+00,        -2.376182175184e+00,        -2.940356350777e+01
 2.45010000e+00,        -2.376335561986e+00,        -2.940461937753e+01
 2.45012500e+00,        -2.376488635817e+00,        -2.940567293469e+01
 2.45015000e+00,        -2.376641398600e+00,        -2.940672419574e+01
 2.45017500e+00,        -2.376793852245e+00,        -2.940777317703e+01
 2.45020000e+00,        -2.376945998646e+00,        -2.940881989475e+01
 2.45022500e+00,        -2.377097839683e+00,        -2.940986436496e+01
 2.45025000e+00,        -2.377249377219e+00,        -2.941090660356e+01
 2.45027500e+00,        -2.377400613105e+00,        -2.941194662629e+01
 2.45030000e+00,        -2.377551549177e+00,        -2.941298444876e+01
 2.45032500e+00,        -2.377702187254e+00,        -2.941402008644e+01
 2.45035000e+00,        -2.377852529145e+00,        -2.941505355464e+01
 2.45037500e+00,        -2.378002576641e+00,        -2.941608486854e+01
 2.45040000e+00,        -2.378152331521e+00,        -2.941711404319e+01
 2.45042500e+00,        -2.378301795551e+00,        -2.941814109349e+01
 2.45045000e+00,        -2.378450970481e+00,        -2.941916603421e+01
 2.45047500e+00,        -2.378599858048e+00,        -2.942018887998e+01
 2.45050000e+00,        -2.378748459978e+00,        -2.942120964531e+01
 2.45052500e+00,        -2.378896777980e+00,        -2.942222834456e+01
 2.45055000e+00,        -2.379044813753e+00,        -2.942324499198e+01
 2.45057500e+00,        -2.379192568980e+00,        -2.942425960169e+01
 2.45060000e+00,        -2.379340045334e+00,        -2.942527218765e+01
 2.45062500e+00,        -2.379487244473e+00,        -2.942628276375e+01
 2.45065000e+00,        -2.379634168043e+00,        -2.942729134371e+01
 2.45067500e+00,        -2.379780817679e+00,        -2.942829794115e+01
 2.45070000e+00,        -2.379927195000e+00,        -2.942930256956e+01
 2.45072500e+00,        -2.380073301616e+00,        -2.943030524231e+01
 2.45075000e+00,        -2.380219139123e+00,        -2.943130597267e+01
 2.45077500e+00,        -2.380364709105e+00,        -2.943230477375e+01
 2.45080000e+00,        -2.380510013135e+00,        -2.943330165860e+01
 2.45082500e+00,        -2.380655052773e+00,        -2.943429664011e+01
 2.45085000e+00,        -2.380799829567e+00,        -2.943528973108e+01
 2.45087500e+00,        -2.380944345056e+00,        -2.943628094419e+01
 2.45090000e+00,        -2.381088600764e+00,        -2.943727029200e+01
 2.45092500e+00,        -2.381232598205e+00,        -2.943825778698e+01
 2.45095000e+00,        -2.381376338882e+00,        -2.943924344148e+01
 2.45097500e+00,        -2.381519824286e+00,        -2.944022726774e+01
 2.45100000e+00,        -2.381663055898e+00,        -2.944120927790e+01
 2.45102500e+00,        -2.381806035186e+00,        -2.944218948399e+01
 2.45105000e+00,        -2.381948763609e+00,        -2.944316789794e+01
 2.45107500e+00,        -2.382091242615e+00,        -2.944414453158e+01
 2.45110000e+00,        -2.382233473639e+00,        -2.944511939663e+01
 2.45112500e+00,        -2.382375458108e+00,        -2.944609250471e+01
 2.45115000e+00,        -2.382517197438e+00,        -2.944706386734e+01
 2.45117500e+00,        -2.382658693033e+00,        -2.944803349595e+01
 2.45120000e+00,        -2.382799946288e+00,        -2.944900140187e+01
 2.45122500e+00,        -2.382940958588e+00,        -2.944996759632e+01
 2.45125000e+00,        -2.383081731307e+00,        -2.945093209045e+01
 2.45127500e+00,        -2.383222265809e+00,        -2.945189489529e+01
 2.45130000e+00,        -2.383362563447e+00,        -2.945285602178e+01
 2.45132500e+00,        -2.383502625567e+00,        -2.945381548079e+01
 2.45135000e+00,        -2.383642453503e+00,        -2.945477328307e+01
 2.45137500e+00,        -2.383782048580e+00,        -2.945572943931e+01
 2.45140000e+00,        -2.383921412112e+00,        -2.945668396007e+01
 2.45142500e+00,        -2.384060545406e+00,        -2.945763685585e+01
 2.45145000e+00,        -2.384199449757e+00,        -2.945858813707e+01
 2.45147500e+00,        -2.384338126453e+00,        -2.945953781403e+01
 2.45150000e+00,        -2.384476576770e+00,        -2.946048589698e+01
 2.45152500e+00,        -2.384614801977e+00,        -2.946143239606e+01
 2.45155000e+00,        -2.384752803333e+00,        -2.946237732133e+01
 2.45157500e+00,        -2.384890582088e+00,        -2.946332068277e+01
 2.45160000e+00,        -2.385028139483e+00,        -2.946426249029e+01
 2.45162500e+00,        -2.385165476750e+00,        -2.946520275369e+01
 2.45165000e+00,        -2.385302595114e+00,        -2.946614148272e+01
 2.45167500e+00,        -2.385439495787e+00,        -2.946707868702e+01
 2.45170000e+00,        -2.385576179977e+00,        -2.946801437618e+01
 2.45172500e+00,        -2.385712648881e+00,        -2.946894855969e+01
 2.45175000e+00,        -2.385848903688e+00,        -2.946988124698e+01
 2.45177500e+00,        -2.385984945578e+00,        -2.947081244738e+01
 2.45180000e+00,        -2.386120775724e+00,        -2.947174217016e+01
 2.45182500e+00,        -2.386256395289e+00,        -2.947267042452e+01
 2.45185000e+00,        -2.386391805429e+00,        -2.947359721958e+01
 2.45187500e+00,        -2.386527007291e+00,        -2.947452256436e+01
 2.45190000e+00,        -2.386662002015e+00,        -2.947544646786e+01
 2.45192500e+00,        -2.386796790733e+00,        -2.947636893896e+01
 2.45195000e+00,        -2.386931374567e+00,        -2.947728998650e+01
 2.45197500e+00,        -2.387065754634e+00,        -2.947820961922e+01
 2.45200000e+00,        -2.387199932041e+00,        -2.947912784582e+01
 2.45202500e+00,        -2.387333907889e+00,        -2.948004467491e+01
 2.45205000e+00,        -2.387467683270e+00,        -2.948096011504e+01
 2.45207500e+00,        -2.387601259269e+00,        -2.948187417469e+01
 2.45210000e+00,        -2.387734636963e+00,        -2.948278686227e+01
 2.45212500e+00,        -2.387867817422e+00,        -2.948369818613e+01
 2.45215000e+00,        -2.388000801708e+00,        -2.948460815454e+01
 2.45217500e+00,        -2.388133590878e+00,        -2.948551677572e+01
 2.45220000e+00,        -2.388266185978e+00,        -2.948642405782e+01
 2.45222500e+00,        -2.388398588049e+00,        -2.948733000893e+01
 2.45225000e+00,        -2.388530798125e+00,        -2.948823463706e+01
 2.45227500e+00,        -2.388662817232e+00,        -2.948913795017e+01
 2.45230000e+00,        -2.388794646390e+00,        -2.949003995616e+01
 2.45232500e+00,        -2.388926286611e+00,        -2.949094066287e+01
 2.45235000e+00,        -2.389057738900e+00,        -2.949184007807e+01
 2.45237500e+00,        -2.389189004256e+00,        -2.949273820947e+01
 2.45240000e+00,        -2.389320083672e+00,        -2.949363506472e+01
 2.45242500e+00,        -2.389450978131e+00,        -2.949453065142e+01
 2.45245000e+00,        -2.389581688614e+00,        -2.949542497710e+01
 2.45247500e+00,        -2.389712216090e+00,        -2.949631804925e+01
 2.45250000e+00,        -2.389842561526e+00,        -2.949720987527e+01
 2.45252500e+00,        -2.389972725881e+00,        -2.949810046253e+01
 2.45255000e+00,        -2.390102710106e+00,        -2.949898981833e+01
 2.45257500e+00,        -2.390232515147e+00,        -2.949987794993e+01
 2.45260000e+00,        -2.390362141944e+00,        -2.950076486452e+01
 2.45262500e+00,        -2.390491591431e+00,        -2.950165056924e+01
 2.45265000e+00,        -2.390620864533e+00,        -2.950253507117e+01
 2.45267500e+00,        -2.390749962172e+00,        -2.950341837734e+01
 2.45270000e+00,        -2.390878885263e+00,        -2.950430049472e+01
 2.45272500e+00,        -2.391007634713e+00,        -2.950518143026e+01
 2.45275000e+00,        -2.391136211426e+00,        -2.950606119081e+01
 2.45277500e+00,        -2.391264616297e+00,        -2.950693978319e+01
 2.45280000e+00,        -2.391392850218e+00,        -2.950781721418e+01
 2.45282500e+00,        -2.391520914073e+00,        -2.950869349048e+01
 2.45285000e+00,        -2.391648808740e+00,        -2.950956861878e+01
 2.45287500e+00,        -2.391776535093e+00,        -2.951044260568e+01
 2.45290000e+00,        -2.391904093998e+00,        -2.951131545775e+01
 2.45292500e+00,        -2.392031486318e+00,        -2.951218718151e+01
 2.45295000e+00,        -2.392158712908e+00,        -2.951305778343e+01
 2.45297500e+00,        -2.392285774619e+00,        -2.951392726993e+01
 2.45300000e+00,        -2.392412672294e+00,        -2.951479564739e+01
 2.45302500e+00,        -2.392539406773e+00,        -2.951566292213e+01
 2.45305000e+00,        -2.392665978890e+00,        -2.951652910043e+01
 2.45307500e+00,        -2.392792389473e+00,        -2.951739418852e+01
 2.45310000e+00,        -2.392918639345e+00,        -2.951825819260e+01
 2.45312500e+00,        -2.393044729323e+00,        -2.951912111880e+01
 2.45315000e+00,        -2.393170660219e+00,        -2.951998297322e+01
 2.45317500e+00,        -2.393296432841e+00,        -2.952084376191e+01
 2.45320000e+00,        -2.393422047989e+00,        -2.952170349088e+01
 2.45322500e+00,        -2.393547506461e+00,        -2.952256216609e+01
 2.45325000e+00,        -2.393672809048e+00,        -2.952341979346e+01
 2.45327500e+00,        -2.393797956535e+00,        -2.952427637887e+01
 2.45330000e+00,        -2.393922949705e+00,        -2.952513192815e+01
 2.45332500e+00,        -2.394047789334e+00,        -2.952598644710e+01
 2.45335000e+00,        -2.394172476192e+00,        -2.952683994146e+01
 2.45337500e+00,        -2.394297011046e+00,        -2.952769241694e+01
 2.45340000e+00,        -2.394421394657e+00,        -2.952854387921e+01
 2.45342500e+00,        -2.394545627782e+00,        -2.952939433390e+01
 2.45345000e+00,        -2.394669711173e+00,        -2.953024378658e+01
 2.45347500e+00,        -2.394793645576e+00,        -2.953109224281e+01
 2.45350000e+00,        -2.394917431733e+00,        -2.953193970809e+01
 2.45352500e+00,        -2.395041070383e+00,        -2.953278618789e+01
 2.45355000e+00,        -2.395164562258e+00,        -2.953363168763e+01
 2.45357500e+00,        -2.395287908085e+00,        -2.953447621270e+01
 2.45360000e+00,        -2.395411108589e+00,        -2.953531976845e+01
 2.45362500e+00,        -2.395534164489e+00,        -2.953616236019e+01
 2.45365000e+00,        -2.395657076499e+00,        -2.953700399321e+01
 2.45367500e+00,        -2.395779845329e+00,        -2.953784467272e+01
 2.45370000e+00,        -2.395902471685e+00,        -2.953868440394e+01
 2.45372500e+00,        -2.396024956267e+00,        -2.953952319203e+01
 2.45375000e+00,        -2.396147299773e+00,        -2.954036104211e+01
 2.45377500e+00,        -2.396269502895e+00,        -2.954119795927e+01
 2.45380000e+00,        -2.396391566320e+00,        -2.954203394857e+01
 2.45382500e+00,        -2.396513490733e+00,        -2.954286901503e+01
 2.45385000e+00,        -2.396635276814e+00,        -2.954370316363e+01
 2.45387500e+00,        -2.396756925236e+00,        -2.954453639932e+01
 2.45390000e+00,        -2.396878436673e+00,        -2.954536872702e+01
 2.45392500e+00,        -2.396999811790e+00,        -2.954620015160e+01
 2.45395000e+00,        -2.397121051250e+00,        -2.954703067791e+01
 2.45397500e+00,        -2.397242155712e+00,        -2.954786031077e+01
 2.45400000e+00,        -2.397363125831e+00,        -2.954868905496e+01
 2.45402500e+00,        -2.397483962258e+00,        -2.954951691521e+01
 2.45405000e+00,        -2.397604665639e+00,        -2.955034389625e+01
 2.45407500e+00,        -2.397725236616e+00,        -2.955117000276e+01
 2.45410000e+00,        -2.397845675829e+00,        -2.955199523938e+01
 2.45412500e+00,        -2.397965983912e+00,        -2.955281961073e+01
 2.45415000e+00,        -2.398086161497e+00,        -2.955364312140e+01
 2.45417500e+00,        -2.398206209210e+00,        -2.955446577594e+01
 2.45420000e+00,        -2.398326127675e+00,        -2.955528757888e+01
 2.45422500e+00,        -2.398445917511e+00,        -2.955610853470e+01
 2.45425000e+00,        -2.398565579334e+00,        -2.955692864787e+01
 2.45427500e+00,        -2.398685113756e+00,        -2.955774792281e+01
 2.45430000e+00,        -2.398804521385e+00,        -2.955856636394e+01
 2.45432500e+00,        -2.398923802826e+00,        -2.955938397561e+01
 2.45435000e+00,        -2.399042958680e+00,        -2.956020076217e+01
 2.45437500e+00,        -2.399161989545e+00,        -2.956101672794e+01
 2.45440000e+00,        -2.399280896013e+00,        -2.956183187719e+01
 2.45442500e+00,        -2.399399678675e+00,        -2.956264621418e+01
 2.45445000e+00,        -2.399518338119e+00,        -2.956345974314e+01
 2.45447500e+00,        -2.399636874926e+00,        -2.956427246826e+01
 2.45450000e+00,        -2.399755289676e+00,        -2.956508439371e+01
 2.45452500e+00,        -2.399873582947e+00,        -2.956589552363e+01
 2.45455000e+00,        -2.399991755310e+00,        -2.956670586214e+01
 2.45457500e+00,        -2.400109807335e+00,        -2.956751541331e+01
 2.45460000e+00,        -2.400227739587e+00,        -2.956832418122e+01
 2.45462500e+00,        -2.400345552630e+00,        -2.956913216989e+01
 2.45465000e+00,        -2.400463247022e+00,        -2.956993938333e+01
 2.45467500e+00,        -2.400580823320e+00,        -2.957074582551e+01
 2.45470000e+00,        -2.400698282075e+00,        -2.957155150039e+01
 2.45472500e+00,        -2.400815623839e+00,        -2.957235641189e+01
 2.45475000e+00,        -2.400932849156e+00,        -2.957316056391e+01
 2.45477500e+00,        -2.401049958569e+00,        -2.957396396033e+01
 2.45480000e+00,        -2.401166952618e+00,        -2.957476660500e+01
 2.45482500e+00,        -2.401283831840e+00,        -2.957556850174e+01
 2.45485000e+00,        -2.401400596769e+00,        -2.957636965434e+01
 2.45487500e+00,        -2.401517247934e+00,        -2.957717006659e+01
 2.45490000e+00,        -2.401633785862e+00,        -2.957796974223e+01
 2.45492500e+00,        -2.401750211078e+00,        -2.957876868498e+01
 2.45495000e+00,        -2.401866524103e+00,        -2.957956689855e+01
 2.45497500e+00,        -2.401982725454e+00,        -2.958036438662e+01
 2.45500000e+00,        -2.402098815647e+00,        -2.958116115282e+01
 2.45502500e+00,        -2.402214795194e+00,        -2.958195720081e+01
 2.45505000e+00,        -2.402330664603e+00,        -2.958275253417e+01
 2.45507500e+00,        -2.402446424382e+00,        -2.958354715649e+01
 2.45510000e+00,        -2.402562075032e+00,        -2.958434107133e+01
 2.45512500e+00,        -2.402677617054e+00,        -2.958513428222e+01
 2.45515000e+00,        -2.402793050947e+00,        -2.958592679269e+01
 2.45517500e+00,        -2.402908377203e+00,        -2.958671860621e+01
 2.45520000e+00,        -2.403023596315e+00,        -2.958750972626e+01
 2.45522500e+00,        -2.403138708771e+00,        -2.958830015629e+01
 2.45525000e+00,        -2.403253715058e+00,        -2.958908989971e+01
 2.45527500e+00,        -2.403368615659e+00,        -2.958987895994e+01
 2.45530000e+00,        -2.403483411054e+00,        -2.959066734034e+01
 2.45532500e+00,        -2.403598101721e+00,        -2.959145504429e+01
 2.45535000e+00,        -2.403712688136e+00,        -2.959224207511e+01
 2.45537500e+00,        -2.403827170770e+00,        -2.959302843613e+01
 2.45540000e+00,        -2.403941550092e+00,        -2.959381413063e+01
 2.45542500e+00,        -2.404055826571e+00,        -2.959459916191e+01
 2.45545000e+00,        -2.404170000670e+00,        -2.959538353320e+01
 2.45547500e+00,        -2.404284072851e+00,        -2.959616724774e+01
 2.45550000e+00,        -2.404398043573e+00,        -2.959695030875e+01
 2.45552500e+00,        -2.404511913293e+00,        -2.959773271941e+01
 2.45555000e+00,        -2.404625682464e+00,        -2.959851448291e+01
 2.45557500e+00,        -2.404739351538e+00,        -2.959929560239e+01
 2.45560000e+00,        -2.404852920964e+00,        -2.960007608099e+01
 2.45562500e+00,        -2.404966391187e+00,        -2.960085592183e+01
 2.45565000e+00,        -2.405079762652e+00,        -2.960163512799e+01
 2.45567500e+00,        -2.405193035800e+00,        -2.960241370255e+01
 2.45570000e+00,        -2.405306211070e+00,        -2.960319164857e+01
 2.45572500e+00,        -2.405419288898e+00,        -2.960396896908e+01
 2.45575000e+00,        -2.405532269718e+00,        -2.960474566711e+01
 2.45577500e+00,        -2.405645153961e+00,        -2.960552174565e+01
 2.45580000e+00,        -2.405757942058e+00,        -2.960629720769e+01
 2.45582500e+00,        -2.405870634434e+00,        -2.960707205618e+01
 2.45585000e+00,        -2.405983231514e+00,        -2.960784629408e+01
 2.45587500e+00,        -2.406095733720e+00,        -2.960861992430e+01
 2.45590000e+00,        -2.406208141472e+00,        -2.960939294976e+01
 2.45592500e+00,        -2.406320455186e+00,        -2.961016537334e+01
 2.45595000e+00,        -2.406432675279e+00,        -2.961093719793e+01
 2.45597500e+00,        -2.406544802163e+00,        -2.961170842637e+01
 2.45600000e+00,        -2.406656836248e+00,        -2.961247906151e+01
 2.45602500e+00,        -2.406768777942e+00,        -2.961324910616e+01
 2.45605000e+00,        -2.406880627653e+00,        -2.961401856312e+01
 2.45607500e+00,        -2.406992385783e+00,        -2.961478743519e+01
 2.45610000e+00,        -2.407104052733e+00,        -2.961555572514e+01
 2.45612500e+00,        -2.407215628905e+00,        -2.961632343571e+01
 2.45615000e+00,        -2.407327114694e+00,        -2.961709056964e+01
 2.45617500e+00,        -2.407438510495e+00,        -2.961785712966e+01
 2.45620000e+00,        -2.407549816703e+00,        -2.961862311846e+01
 2.45622500e+00,        -2.407661033706e+00,        -2.961938853873e+01
 2.45625000e+00,        -2.407772161895e+00,        -2.962015339315e+01
 2.45627500e+00,        -2.407883201655e+00,        -2.962091768436e+01
 2.45630000e+00,        -2.407994153371e+00,        -2.962168141501e+01
 2.45632500e+00,        -2.408105017425e+00,        -2.962244458772e+01
 2.45635000e+00,        -2.408215794198e+00,        -2.962320720510e+01
 2.45637500e+00,        -2.408326484068e+00,        -2.962396926973e+01
 2.45640000e+00,        -2.408437087411e+00,        -2.962473078421e+01
 2.45642500e+00,        -2.408547604601e+00,        -2.962549175107e+01
 2.45645000e+00,        -2.408658036010e+00,        -2.962625217288e+01
 2.45647500e+00,        -2.408768382009e+00,        -2.962701205217e+01
 2.45650000e+00,        -2.408878642966e+00,        -2.962777139144e+01
 2.45652500e+00,        -2.408988819247e+00,        -2.962853019320e+01
 2.45655000e+00,        -2.409098911216e+00,        -2.962928845994e+01
 2.45657500e+00,        -2.409208919236e+00,        -2.963004619412e+01
 2.45660000e+00,        -2.409318843667e+00,        -2.963080339821e+01
 2.45662500e+00,        -2.409428684867e+00,        -2.963156007464e+01
 2.45665000e+00,        -2.409538443193e+00,        -2.963231622585e+01
 2.45667500e+00,        -2.409648119000e+00,        -2.963307185425e+01
 2.45670000e+00,        -2.409757712640e+00,        -2.963382696223e+01
 2.45672500e+00,        -2.409867224465e+00,        -2.963458155219e+01
 2.45675000e+00,        -2.409976654823e+00,        -2.963533562649e+01
 2.45677500e+00,        -2.410086004062e+00,        -2.963608918750e+01
 2.45680000e+00,        -2.410195272527e+00,        -2.963684223755e+01
 2.45682500e+00,        -2.410304460562e+00,        -2.963759477898e+01
 2.45685000e+00,        -2.410413568509e+00,        -2.963834681411e+01
 2.45687500e+00,        -2.410522596707e+00,        -2.963909834524e+01
 2.45690000e+00,        -2.410631545494e+00,        -2.963984937465e+01
 2.45692500e+00,        -2.410740415208e+00,        -2.964059990463e+01
 2.45695000e+00,        -2.410849206182e+00,        -2.964134993744e+01
 2.45697500e+00,        -2.410957918750e+00,        -2.964209947533e+01
 2.45700000e+00,        -2.411066553243e+00,        -2.964284852054e+01
 2.45702500e+00,        -2.411175109990e+00,        -2.964359707529e+01
 2.45705000e+00,        -2.411283589319e+00,        -2.964434514180e+01
 2.45707500e+00,        -2.411391991557e+00,        -2.964509272226e+01
 2.45710000e+00,        -2.411500317026e+00,        -2.964583981886e+01
 2.45712500e+00,        -2.411608566051e+00,        -2.964658643378e+01
 2.45715000e+00,        -2.411716738952e+00,        -2.964733256918e+01
 2.45717500e+00,        -2.411824836048e+00,        -2.964807822721e+01
 2.45720000e+00,        -2.411932857657e+00,        -2.964882341001e+01
 2.45722500e+00,        -2.412040804095e+00,        -2.964956811969e+01
 2.45725000e+00,        -2.412148675677e+00,        -2.965031235838e+01
 2.45727500e+00,        -2.412256472715e+00,        -2.965105612818e+01
 2.45730000e+00,        -2.412364195520e+00,        -2.965179943117e+01
 2.45732500e+00,        -2.412471844403e+00,        -2.965254226943e+01
 2.45735000e+00,        -2.412579419671e+00,        -2.965328464504e+01
 2.45737500e+00,        -2.412686921630e+00,        -2.965402656003e+01
 2.45740000e+00,        -2.412794350585e+00,        -2.965476801647e+01
 2.45742500e+00,        -2.412901706840e+00,        -2.965550901637e+01
 2.45745000e+00,        -2.413008990697e+00,        -2.965624956175e+01
 2.45747500e+00,        -2.413116202455e+00,        -2.965698965463e+01
 2.45750000e+00,        -2.413223342413e+00,        -2.965772929701e+01
 2.45752500e+00,        -2.413330410869e+00,        -2.965846849086e+01
 2.45755000e+00,        -2.413437408118e+00,        -2.965920723817e+01
 2.45757500e+00,        -2.413544334455e+00,        -2.965994554089e+01
 2.45760000e+00,        -2.413651190171e+00,        -2.966068340098e+01
 2.45762500e+00,        -2.413757975559e+00,        -2.966142082039e+01
 2.45765000e+00,        -2.413864690907e+00,        -2.966215780104e+01
 2.45767500e+00,        -2.413971336505e+00,        -2.966289434486e+01
 2.45770000e+00,        -2.414077912639e+00,        -2.966363045375e+01
 2.45772500e+00,        -2.414184419594e+00,        -2.966436612962e+01
 2.45775000e+00,        -2.414290857654e+00,        -2.966510137435e+01
 2.45777500e+00,        -2.414397227102e+00,        -2.966583618983e+01
 2.45780000e+00,        -2.414503528219e+00,        -2.966657057791e+01
 2.45782500e+00,        -2.414609761285e+00,        -2.966730454047e+01
 2.45785000e+00,        -2.414715926578e+00,        -2.966803807934e+01
 2.45787500e+00,        -2.414822024374e+00,        -2.966877119636e+01
 2.45790000e+00,        -2.414928054950e+00,        -2.966950389337e+01
 2.45792500e+00,        -2.415034018580e+00,        -2.967023617217e+01
 2.45795000e+00,        -2.415139915535e+00,        -2.967096803459e+01
 2.45797500e+00,        -2.415245746089e+00,        -2.967169948240e+01
 2.45800000e+00,        -2.415351510510e+00,        -2.967243051742e+01
 2.45802500e+00,        -2.415457209068e+00,        -2.967316114140e+01
 2.45805000e+00,        -2.415562842029e+00,        -2.967389135612e+01
 2.45807500e+00,        -2.415668409661e+00,        -2.967462116335e+01
 2.45810000e+00,        -2.415773912228e+00,        -2.967535056482e+01
 2.45812500e+00,        -2.415879349993e+00,        -2.967607956228e+01
 2.45815000e+00,        -2.415984723219e+00,        -2.967680815747e+01
 2.45817500e+00,        -2.416090032166e+00,        -2.967753635209e+01
 2.45820000e+00,        -2.416195277094e+00,        -2.967826414786e+01
 2.45822500e+00,        -2.416300458262e+00,        -2.967899154650e+01
 2.45825000e+00,        -2.416405575925e+00,        -2.967971854968e+01
 2.45827500e+00,        -2.416510630342e+00,        -2.968044515910e+01
 2.45830000e+00,        -2.416615621765e+00,        -2.968117137642e+01
 2.45832500e+00,        -2.416720550448e+00,        -2.968189720333e+01
 2.45835000e+00,        -2.416825416643e+00,        -2.968262264147e+01
 2.45837500e+00,        -2.416930220602e+00,        -2.968334769249e+01
 2.45840000e+00,        -2.417034962573e+00,        -2.968407235804e+01
 2.45842500e+00,        -2.417139642805e+00,        -2.968479663974e+01
 2.45845000e+00,        -2.417244261546e+00,        -2.968552053922e+01
 2.45847500e+00,        -2.417348819041e+00,        -2.968624405809e+01
 2.45850000e+00,        -2.417453315536e+00,        -2.968696719796e+01
 2.45852500e+00,        -2.417557751273e+00,        -2.968768996042e+01
 2.45855000e+00,        -2.417662126496e+00,        -2.968841234707e+01
 2.45857500e+00,        -2.417766441445e+00,        -2.968913435948e+01
 2.45860000e+00,        -2.417870696361e+00,        -2.968985599922e+01
 2.45862500e+00,        -2.417974891483e+00,        -2.969057726787e+01
 2.45865000e+00,        -2.418079027048e+00,        -2.969129816697e+01
 2.45867500e+00,        -2.418183103294e+00,        -2.969201869807e+01
 2.45870000e+00,        -2.418287120455e+00,        -2.969273886271e+01
 2.45872500e+00,        -2.418391078767e+00,        -2.969345866242e+01
 2.45875000e+00,        -2.418494978462e+00,        -2.969417809872e+01
 2.45877500e+00,        -2.418598819773e+00,        -2.969489717314e+01
 2.45880000e+00,        -2.418702602931e+00,        -2.969561588717e+01
 2.45882500e+00,        -2.418806328166e+00,        -2.969633424232e+01
 2.45885000e+00,        -2.418909995706e+00,        -2.969705224007e+01
 2.45887500e+00,        -2.419013605780e+00,        -2.969776988192e+01
 2.45890000e+00,        -2.419117158615e+00,        -2.969848716933e+01
 2.45892500e+00,        -2.419220654435e+00,        -2.969920410378e+01
 2.45895000e+00,        -2.419324093466e+00,        -2.969992068673e+01
 2.45897500e+00,        -2.419427475930e+00,        -2.970063691962e+01
 2.45900000e+00,        -2.419530802051e+00,        -2.970135280391e+01
 2.45902500e+00,        -2.419634072050e+00,        -2.970206834104e+01
 2.45905000e+00,        -2.419737286148e+00,        -2.970278353242e+01
 2.45907500e+00,        -2.419840444562e+00,        -2.970349837950e+01
 2.45910000e+00,        -2.419943547513e+00,        -2.970421288368e+01
 2.45912500e+00,        -2.420046595217e+00,        -2.970492704637e+01
 2.45915000e+00,        -2.420149587890e+00,        -2.970564086898e+01
 2.45917500e+00,        -2.420252525747e+00,        -2.970635435289e+01
 2.45920000e+00,        -2.420355409004e+00,        -2.970706749950e+01
 2.45922500e+00,        -2.420458237872e+00,        -2.970778031019e+01
 2.45925000e+00,        -2.420561012565e+00,        -2.970849278633e+01
 2.45927500e+00,        -2.420663733294e+00,        -2.970920492928e+01
 2.45930000e+00,        -2.420766400268e+00,        -2.970991674041e+01
 2.45932500e+00,        -2.420869013697e+00,        -2.971062822107e+01
 2.45935000e+00,        -2.420971573790e+00,        -2.971133937260e+01
 2.45937500e+00,        -2.421074080753e+00,        -2.971205019634e+01
 2.45940000e+00,        -2.421176534793e+00,        -2.971276069363e+01
 2.45942500e+00,        -2.421278936116e+00,        -2.971347086578e+01
 2.45945000e+00,        -2.421381284926e+00,        -2.971418071413e+01
 2.45947500e+00,        -2.421483581427e+00,        -2.971489023997e+01
 2.45950000e+00,        -2.421585825820e+00,        -2.971559944461e+01
 2.45952500e+00,        -2.421688018308e+00,        -2.971630832936e+01
 2.45955000e+00,        -2.421790159092e+00,        -2.971701689551e+01
 2.45957500e+00,        -2.421892248371e+00,        -2.971772514434e+01
 2.45960000e+00,        -2.421994286344e+00,        -2.971843307712e+01
 2.45962500e+00,        -2.422096273210e+00,        -2.971914069514e+01
 2.45965000e+00,        -2.422198209164e+00,        -2.971984799966e+01
 2.45967500e+00,        -2.422300094404e+00,        -2.972055499194e+01
 2.45970000e+00,        -2.422401929124e+00,        -2.972126167324e+01
 2.45972500e+00,        -2.422503713520e+00,        -2.972196804479e+01
 2.45975000e+00,        -2.422605447784e+00,        -2.972267410785e+01
 2.45977500e+00,        -2.422707132109e+00,        -2.972337986365e+01
 2.45980000e+00,        -2.422808766687e+00,        -2.972408531341e+01
 2.45982500e+00,        -2.422910351708e+00,        -2.972479045836e+01
 2.45985000e+00,        -2.423011887363e+00,        -2.972549529972e+01
 2.45987500e+00,        -2.423113373841e+00,        -2.972619983870e+01
 2.45990000e+00,        -2.423214811330e+00,        -2.972690407651e+01
 2.45992500e+00,        -2.423316200018e+00,        -2.972760801433e+01
 2.45995000e+00,        -2.423417540090e+00,        -2.972831165337e+01
 2.45997500e+00,        -2.423518831734e+00,        -2.972901499481e+01
 2.46000000e+00,        -2.423620075133e+00,        -2.972971803984e+01
 2.46002500e+00,        -2.423721270471e+00,        -2.973042078963e+01
 2.46005000e+00,        -2.423822417933e+00,        -2.973112324534e+01
 2.46007500e+00,        -2.423923517700e+00,        -2.973182540815e+01
 2.46010000e+00,        -2.424024569954e+00,        -2.973252727922e+01
 2.46012500e+00,        -2.424125574876e+00,        -2.973322885968e+01
 2.46015000e+00,        -2.424226532646e+00,        -2.973393015070e+01
 2.46017500e+00,        -2.424327443442e+00,        -2.973463115342e+01
 2.46020000e+00,        -2.424428307443e+00,        -2.973533186896e+01
 2.46022500e+00,        -2.424529124828e+00,        -2.973603229847e+01
 2.46025000e+00,        -2.424629895772e+00,        -2.973673244306e+01
 2.46027500e+00,        -2.424730620451e+00,        -2.973743230385e+01
 2.46030000e+00,        -2.424831299041e+00,        -2.973813188197e+01
 2.46032500e+00,        -2.424931931716e+00,        -2.973883117851e+01
 2.46035000e+00,        -2.425032518651e+00,        -2.973953019459e+01
 2.46037500e+00,        -2.425133060016e+00,        -2.974022893129e+01
 2.46040000e+00,        -2.425233555986e+00,        -2.974092738972e+01
 2.46042500e+00,        -2.425334006731e+00,        -2.974162557096e+01
 2.46045000e+00,        -2.425434412421e+00,        -2.974232347609e+01
 2.46047500e+00,        -2.425534773227e+00,        -2.974302110619e+01
 2.46050000e+00,        -2.425635089318e+00,        -2.974371846233e+01
 2.46052500e+00,        -2.425735360862e+00,        -2.974441554559e+01
 2.46055000e+00,        -2.425835588026e+00,        -2.974511235701e+01
 2.46057500e+00,        -2.425935770978e+00,        -2.974580889766e+01
 2.46060000e+00,        -2.426035909883e+00,        -2.974650516858e+01
 2.46062500e+00,        -2.426136004908e+00,        -2.974720117084e+01
 2.46065000e+00,        -2.426236056216e+00,        -2.974789690546e+01
 2.46067500e+00,        -2.426336063972e+00,        -2.974859237348e+01
 2.46070000e+00,        -2.426436028340e+00,        -2.974928757594e+01
 2.46072500e+00,        -2.426535949480e+00,        -2.974998251386e+01
 2.46075000e+00,        -2.426635827556e+00,        -2.975067718827e+01
 2.46077500e+00,        -2.426735662728e+00,        -2.975137160017e+01
 2.46080000e+00,        -2.426835455157e+00,        -2.975206575059e+01
 2.46082500e+00,        -2.426935205003e+00,        -2.975275964054e+01
 2.46085000e+00,        -2.427034912424e+00,        -2.975345327101e+01
 2.46087500e+00,        -2.427134577580e+00,        -2.975414664300e+01
 2.46090000e+00,        -2.427234200627e+00,        -2.975483975750e+01
 2.46092500e+00,        -2.427333781722e+00,        -2.975553261551e+01
 2.46095000e+00,        -2.427433321023e+00,        -2.975622521801e+01
 2.46097500e+00,        -2.427532818684e+00,        -2.975691756598e+01
 2.46100000e+00,        -2.427632274860e+00,        -2.975760966039e+01
 2.46102500e+00,        -2.427731689707e+00,        -2.975830150222e+01
 2.46105000e+00,        -2.427831063376e+00,        -2.975899309243e+01
 2.46107500e+00,        -2.427930396023e+00,        -2.975968443197e+01
 2.46110000e+00,        -2.428029687797e+00,        -2.976037552182e+01
 2.46112500e+00,        -2.428128938852e+00,        -2.976106636291e+01
 2.46115000e+00,        -2.428228149339e+00,        -2.976175695620e+01
 2.46117500e+00,        -2.428327319407e+00,        -2.976244730264e+01
 2.46120000e+00,        -2.428426449206e+00,        -2.976313740315e+01
 2.46122500e+00,        -2.428525538886e+00,        -2.976382725869e+01
 2.46125000e+00,        -2.428624588595e+00,        -2.976451687016e+01
 2.46127500e+00,        -2.428723598480e+00,        -2.976520623852e+01
 2.46130000e+00,        -2.428822568689e+00,        -2.976589536466e+01
 2.46132500e+00,        -2.428921499369e+00,        -2.976658424952e+01
 2.46135000e+00,        -2.429020390665e+00,        -2.976727289400e+01
 2.46137500e+00,        -2.429119242723e+00,        -2.976796129902e+01
 2.46140000e+00,        -2.429218055687e+00,        -2.976864946548e+01
 2.46142500e+00,        -2.429316829702e+00,        -2.976933739428e+01
 2.46145000e+00,        -2.429415564911e+00,        -2.977002508632e+01
 2.46147500e+00,        -2.429514261456e+00,        -2.977071254249e+01
 2.46150000e+00,        -2.429612919480e+00,        -2.977139976367e+01
 2.46152500e+00,        -2.429711539126e+00,        -2.977208675077e+01
 2.46155000e+00,        -2.429810120533e+00,        -2.977277350464e+01
 2.46157500e+00,        -2.429908663842e+00,        -2.977346002618e+01
 2.46160000e+00,        -2.430007169194e+00,        -2.977414631625e+01
 2.46162500e+00,        -2.430105636727e+00,        -2.977483237573e+01
 2.46165000e+00,        -2.430204066580e+00,        -2.977551820547e+01
 2.46167500e+00,        -2.430302458891e+00,        -2.977620380633e+01
 2.46170000e+00,        -2.430400813799e+00,        -2.977688917918e+01
 2.46172500e+00,        -2.430499131439e+00,        -2.977757432487e+01
 2.46175000e+00,        -2.430597411949e+00,        -2.977825924425e+01
 2.46177500e+00,        -2.430695655464e+00,        -2.977894393815e+01
 2.46180000e+00,        -2.430793862119e+00,        -2.977962840743e+01
 2.46182500e+00,        -2.430892032049e+00,        -2.978031265292e+01
 2.46185000e+00,        -2.430990165389e+00,        -2.978099667546e+01
 2.46187500e+00,        -2.431088262271e+00,        -2.978168047587e+01
 2.46190000e+00,        -2.431186322830e+00,        -2.978236405498e+01
 2.46192500e+00,        -2.431284347197e+00,        -2.978304741361e+01
 2.46195000e+00,        -2.431382335504e+00,        -2.978373055259e+01
 2.46197500e+00,        -2.431480287883e+00,        -2.978441347272e+01
 2.46200000e+00,        -2.431578204465e+00,        -2.978509617483e+01
 2.46202500e+00,        -2.431676085380e+00,        -2.978577865971e+01
 2.46205000e+00,        -2.431773930758e+00,        -2.978646092817e+01
 2.46207500e+00,        -2.431871740727e+00,        -2.978714298102e+01
 2.46210000e+00,        -2.431969515418e+00,        -2.978782481904e+01
 2.46212500e+00,        -2.432067254957e+00,        -2.978850644305e+01
 2.46215000e+00,        -2.432164959473e+00,        -2.978918785381e+01
 2.46217500e+00,        -2.432262629092e+00,        -2.978986905213e+01
 2.46220000e+00,        -2.432360263942e+00,        -2.979055003878e+01
 2.46222500e+00,        -2.432457864149e+00,        -2.979123081455e+01
 2.46225000e+00,        -2.432555429837e+00,        -2.979191138020e+01
 2.46227500e+00,        -2.432652961133e+00,        -2.979259173652e+01
 2.46230000e+00,        -2.432750458160e+00,        -2.979327188428e+01
 2.46232500e+00,        -2.432847921043e+00,        -2.979395182423e+01
 2.46235000e+00,        -2.432945349906e+00,        -2.979463155714e+01
 2.46237500e+00,        -2.433042744871e+00,        -2.979531108378e+01
 2.46240000e+00,        -2.433140106060e+00,        -2.979599040489e+01
 2.46242500e+00,        -2.433237433597e+00,        -2.979666952124e+01
 2.46245000e+00,        -2.433334727602e+00,        -2.979734843356e+01
 2.46247500e+00,        -2.433431988197e+00,        -2.979802714261e+01
 2.46250000e+00,        -2.433529215503e+00,        -2.979870564913e+01
 2.46252500e+00,        -2.433626409638e+00,        -2.979938395385e+01
 2.46255000e+00,        -2.433723570724e+00,        -2.980006205752e+01
 2.46257500e+00,        -2.433820698878e+00,        -2.980073996087e+01
 2.46260000e+00,        -2.433917794220e+00,        -2.980141766463e+01
 2.46262500e+00,        -2.434014856868e+00,        -2.980209516952e+01
 2.46265000e+00,        -2.434111886940e+00,        -2.980277247628e+01
 2.46267500e+00,        -2.434208884552e+00,        -2.980344958561e+01
 2.46270000e+00,        -2.434305849822e+00,        -2.980412649824e+01
 2.46272500e+00,        -2.434402782866e+00,        -2.980480321488e+01
 2.46275000e+00,        -2.434499683800e+00,        -2.980547973624e+01
 2.46277500e+00,        -2.434596552739e+00,        -2.980615606303e+01
 2.46280000e+00,        -2.434693389797e+00,        -2.980683219596e+01
 2.46282500e+00,        -2.434790195090e+00,        -2.980750813573e+01
 2.46285000e+00,        -2.434886968732e+00,        -2.980818388303e+01
 2.46287500e+00,        -2.434983710835e+00,        -2.980885943857e+01
 2.46290000e+00,        -2.435080421513e+00,        -2.980953480303e+01
 2.46292500e+00,        -2.435177100879e+00,        -2.981020997711e+01
 2.46295000e+00,        -2.435273749045e+00,        -2.981088496150e+01
 2.46297500e+00,        -2.435370366123e+00,        -2.981155975687e+01
 2.46300000e+00,        -2.435466952223e+00,        -2.981223436391e+01
 2.46302500e+00,        -2.435563507457e+00,        -2.981290878330e+01
 2.46305000e+00,        -2.435660031936e+00,        -2.981358301571e+01
 2.46307500e+00,        -2.435756525768e+00,        -2.981425706182e+01
 2.46310000e+00,        -2.435852989064e+00,        -2.981493092230e+01
 2.46312500e+00,        -2.435949421934e+00,        -2.981560459780e+01
 2.46315000e+00,        -2.436045824484e+00,        -2.981627808901e+01
 2.46317500e+00,        -2.436142196825e+00,        -2.981695139657e+01
 2.46320000e+00,        -2.436238539063e+00,        -2.981762452114e+01
 2.46322500e+00,        -2.436334851306e+00,        -2.981829746339e+01
 2.46325000e+00,        -2.436431133662e+00,        -2.981897022397e+01
 2.46327500e+00,        -2.436527386236e+00,        -2.981964280352e+01
 2.46330000e+00,        -2.436623609135e+00,        -2.982031520269e+01
 2.46332500e+00,        -2.436719802464e+00,        -2.982098742213e+01
 2.46335000e+00,        -2.436815966330e+00,        -2.982165946248e+01
 2.46337500e+00,        -2.436912100836e+00,        -2.982233132437e+01
 2.46340000e+00,        -2.437008206088e+00,        -2.982300300845e+01
 2.46342500e+00,        -2.437104282189e+00,        -2.982367451535e+01
 2.46345000e+00,        -2.437200329244e+00,        -2.982434584571e+01
 2.46347500e+00,        -2.437296347355e+00,        -2.982501700013e+01
 2.46350000e+00,        -2.437392336625e+00,        -2.982568797927e+01
 2.46352500e+00,        -2.437488297158e+00,        -2.982635878373e+01
 2.46355000e+00,        -2.437584229054e+00,        -2.982702941414e+01
 2.46357500e+00,        -2.437680132416e+00,        -2.982769987112e+01
 2.46360000e+00,        -2.437776007346e+00,        -2.982837015528e+01
 2.46362500e+00,        -2.437871853943e+00,        -2.982904026724e+01
 2.46365000e+00,        -2.437967672309e+00,        -2.982971020760e+01
 2.46367500e+00,        -2.438063462544e+00,        -2.983037997698e+01
 2.46370000e+00,        -2.438159224747e+00,        -2.983104957598e+01
 2.46372500e+00,        -2.438254959019e+00,        -2.983171900520e+01
 2.46375000e+00,        -2.438350665457e+00,        -2.983238826524e+01
 2.46377500e+00,        -2.438446344161e+00,        -2.983305735671e+01
 2.46380000e+00,        -2.438541995228e+00,        -2.983372628019e+01
 2.46382500e+00,        -2.438637618757e+00,        -2.983439503627e+01
 2.46385000e+00,        -2.438733214846e+00,        -2.983506362556e+01
 2.46387500e+00,        -2.438828783591e+00,        -2.983573204864e+01
 2.46390000e+00,        -2.438924325089e+00,        -2.983640030609e+01
 2.46392500e+00,        -2.439019839436e+00,        -2.983706839850e+01
 2.46395000e+00,        -2.439115326729e+00,        -2.983773632645e+01
 2.46397500e+00,        -2.439210787063e+00,        -2.983840409051e+01
 2.46400000e+00,        -2.439306220534e+00,        -2.983907169127e+01
 2.46402500e+00,        -2.439401627235e+00,        -2.983973912930e+01
 2.46405000e+00,        -2.439497007263e+00,        -2.984040640516e+01
 2.46407500e+00,        -2.439592360712e+00,        -2.984107351943e+01
 2.46410000e+00,        -2.439687687674e+00,        -2.984174047267e+01
 2.46412500e+00,        -2.439782988244e+00,        -2.984240726545e+01
 2.46415000e+00,        -2.439878262514e+00,        -2.984307389834e+01
 2.46417500e+00,        -2.439973510578e+00,        -2.984374037188e+01
 2.46420000e+00,        -2.440068732528e+00,        -2.984440668664e+01
 2.46422500e+00,        -2.440163928456e+00,        -2.984507284318e+01
 2.46425000e+00,        -2.440259098454e+00,        -2.984573884205e+01
 2.46427500e+00,        -2.440354242613e+00,        -2.984640468379e+01
 2.46430000e+00,        -2.440449361025e+00,        -2.984707036896e+01
 2.46432500e+00,        -2.440544453780e+00,        -2.984773589810e+01
 2.46435000e+00,        -2.440639520968e+00,        -2.984840127176e+01
 2.46437500e+00,        -2.440734562679e+00,        -2.984906649048e+01
 2.46440000e+00,        -2.440829579004e+00,        -2.984973155480e+01
 2.46442500e+00,        -2.440924570032e+00,        -2.985039646525e+01
 2.46445000e+00,        -2.441019535851e+00,        -2.985106122238e+01
 2.46447500e+00,        -2.441114476550e+00,        -2.985172582672e+01
 2.46450000e+00,        -2.441209392219e+00,        -2.985239027879e+01
 2.46452500e+00,        -2.441304282944e+00,        -2.985305457913e+01
 2.46455000e+00,        -2.441399148814e+00,        -2.985371872826e+01
 2.46457500e+00,        -2.441493989915e+00,        -2.985438272671e+01
 2.46460000e+00,        -2.441588806336e+00,        -2.985504657500e+01
 2.46462500e+00,        -2.441683598162e+00,        -2.985571027366e+01
 2.46465000e+00,        -2.441778365481e+00,        -2.985637382319e+01
 2.46467500e+00,        -2.441873108378e+00,        -2.985703722412e+01
 2.46470000e+00,        -2.441967826939e+00,        -2.985770047697e+01
 2.46472500e+00,        -2.442062521250e+00,        -2.985836358223e+01
 2.46475000e+00,        -2.442157191396e+00,        -2.985902654044e+01
 2.46477500e+00,        -2.442251837461e+00,        -2.985968935208e+01
 2.46480000e+00,        -2.442346459531e+00,        -2.986035201768e+01
 2.46482500e+00,        -2.442441057689e+00,        -2.986101453773e+01
 2.46485000e+00,        -2.442535632020e+00,        -2.986167691274e+01
 2.46487500e+00,        -2.442630182606e+00,        -2.986233914320e+01
 2.46490000e+00,        -2.442724709532e+00,        -2.986300122962e+01
 2.46492500e+00,        -2.442819212880e+00,        -2.986366317249e+01
 2.46495000e+00,        -2.442913692733e+00,        -2.986432497231e+01
 2.46497500e+00,        -2.443008149173e+00,        -2.986498662957e+01
 2.46500000e+00,        -2.443102582283e+00,        -2.986564814475e+01
 2.46502500e+00,        -2.443196992144e+00,        -2.986630951836e+01
 2.46505000e+00,        -2.443291378838e+00,        -2.986697075087e+01
 2.46507500e+00,        -2.443385742446e+00,        -2.986763184277e+01
 2.46510000e+00,        -2.443480083049e+00,        -2.986829279454e+01
 2.46512500e+00,        -2.443574400728e+00,        -2.986895360667e+01
 2.46515000e+00,        -2.443668695562e+00,        -2.986961427963e+01
 2.46517500e+00,        -2.443762967633e+00,        -2.987027481391e+01
 2.46520000e+00,        -2.443857217019e+00,        -2.987093520997e+01
 2.46522500e+00,        -2.443951443800e+00,        -2.987159546829e+01
 2.46525000e+00,        -2.444045648055e+00,        -2.987225558934e+01
 2.46527500e+00,        -2.444139829863e+00,        -2.987291557360e+01
 2.46530000e+00,        -2.444233989304e+00,        -2.987357542152e+01
 2.46532500e+00,        -2.444328126454e+00,        -2.987423513358e+01
 2.46535000e+00,        -2.444422241392e+00,        -2.987489471025e+01
 2.46537500e+00,        -2.444516334196e+00,        -2.987555415197e+01
 2.46540000e+00,        -2.444610404944e+00,        -2.987621345923e+01
 2.46542500e+00,        -2.444704453712e+00,        -2.987687263246e+01
 2.46545000e+00,        -2.444798480578e+00,        -2.987753167214e+01
 2.46547500e+00,        -2.444892485617e+00,        -2.987819057872e+01
 2.46550000e+00,        -2.444986468907e+00,        -2.987884935265e+01
 2.46552500e+00,        -2.445080430524e+00,        -2.987950799438e+01
 2.46555000e+00,        -2.445174370543e+00,        -2.988016650436e+01
 2.46557500e+00,        -2.445268289040e+00,        -2.988082488305e+01
 2.46560000e+00,        -2.445362186090e+00,        -2.988148313089e+01
 2.46562500e+00,        -2.445456061768e+00,        -2.988214124832e+01
 2.46565000e+00,        -2.445549916149e+00,        -2.988279923579e+01
 2.46567500e+00,        -2.445643749308e+00,        -2.988345709374e+01
 2.46570000e+00,        -2.445737561319e+00,        -2.988411482262e+01
 2.46572500e+00,        -2.445831352255e+00,        -2.988477242285e+01
 2.46575000e+00,        -2.445925122190e+00,        -2.988542989487e+01
 2.46577500e+00,        -2.446018871199e+00,        -2.988608723913e+01
 2.46580000e+00,        -2.446112599353e+00,        -2.988674445605e+01
 2.46582500e+00,        -2.446206306726e+00,        -2.988740154607e+01
 2.46585000e+00,        -2.446299993391e+00,        -2.988805850962e+01
 2.46587500e+00,        -2.446393659419e+00,        -2.988871534712e+01
 2.46590000e+00,        -2.446487304884e+00,        -2.988937205900e+01
 2.46592500e+00,        -2.446580929856e+00,        -2.989002864569e+01
 2.46595000e+00,        -2.446674534409e+00,        -2.989068510761e+01
 2.46597500e+00,        -2.446768118612e+00,        -2.989134144519e+01
 2.46600000e+00,        -2.446861682537e+00,        -2.989199765884e+01
 2.46602500e+00,        -2.446955226256e+00,        -2.989265374898e+01
 2.46605000e+00,        -2.447048749838e+00,        -2.989330971604e+01
 2.46607500e+00,        -2.447142253354e+00,        -2.989396556042e+01
 2.46610000e+00,        -2.447235736874e+00,        -2.989462128254e+01
 2.46612500e+00,        -2.447329200469e+00,        -2.989527688281e+01
 2.46615000e+00,        -2.447422644207e+00,        -2.989593236165e+01
 2.46617500e+00,        -2.447516068159e+00,        -2.989658771946e+01
 2.46620000e+00,        -2.447609472393e+00,        -2.989724295666e+01
 2.46622500e+00,        -2.447702856978e+00,        -2.989789807364e+01
 2.46625000e+00,        -2.447796221983e+00,        -2.989855307082e+01
 2.46627500e+00,        -2.447889567477e+00,        -2.989920794859e+01
 2.46630000e+00,        -2.447982893527e+00,        -2.989986270737e+01
 2.46632500e+00,        -2.448076200203e+00,        -2.990051734754e+01
 2.46635000e+00,        -2.448169487570e+00,        -2.990117186951e+01
 2.46637500e+00,        -2.448262755698e+00,        -2.990182627368e+01
 2.46640000e+00,        -2.448356004652e+00,        -2.990248056044e+01
 2.46642500e+00,        -2.448449234501e+00,        -2.990313473019e+01
 2.46645000e+00,        -2.448542445311e+00,        -2.990378878332e+01
 2.46647500e+00,        -2.448635637149e+00,        -2.990444272022e+01
 2.46650000e+00,        -2.448728810081e+00,        -2.990509654129e+01
 2.46652500e+00,        -2.448821964173e+00,        -2.990575024690e+01
 2.46655000e+00,        -2.448915099491e+00,        -2.990640383746e+01
 2.46657500e+00,        -2.449008216100e+00,        -2.990705731334e+01
 2.46660000e+00,        -2.449101314067e+00,        -2.990771067492e+01
 2.46662500e+00,        -2.449194393457e+00,        -2.990836392260e+01
 2.46665000e+00,        -2.449287454333e+00,        -2.990901705676e+01
 2.46667500e+00,        -2.449380496762e+00,        -2.990967007776e+01
 2.46670000e+00,        -2.449473520808e+00,        -2.991032298600e+01
 2.46672500e+00,        -2.449566526535e+00,        -2.991097578185e+01
 2.46675000e+00,        -2.449659514007e+00,        -2.991162846569e+01
 2.46677500e+00,        -2.449752483288e+00,        -2.991228103789e+01
 2.46680000e+00,        -2.449845434442e+00,        -2.991293349883e+01
 2.46682500e+00,        -2.449938367533e+00,        -2.991358584887e+01
 2.46685000e+00,        -2.450031282622e+00,        -2.991423808838e+01
 2.46687500e+00,        -2.450124179775e+00,        -2.991489021775e+01
 2.46690000e+00,        -2.450217059053e+00,        -2.991554223733e+01
 2.46692500e+00,        -2.450309920519e+00,        -2.991619414749e+01
 2.46695000e+00,        -2.450402764235e+00,        -2.991684594860e+01
 2.46697500e+00,        -2.450495590264e+00,        -2.991749764102e+01
 2.46700000e+00,        -2.450588398668e+00,        -2.991814922511e+01
 2.46702500e+00,        -2.450681189507e+00,        -2.991880070123e+01
 2.46705000e+00,        -2.450773962845e+00,        -2.991945206976e+01
 2.46707500e+00,        -2.450866718742e+00,        -2.992010333103e+01
 2.46710000e+00,        -2.450959457260e+00,        -2.992075448542e+01
 2.46712500e+00,        -2.451052178459e+00,        -2.992140553327e+01
 2.46715000e+00,        -2.451144882400e+00,        -2.992205647494e+01
 2.46717500e+00,        -2.451237569144e+00,        -2.992270731079e+01
 2.46720000e+00,        -2.451330238750e+00,        -2.992335804117e+01
 2.46722500e+00,        -2.451422891280e+00,        -2.992400866643e+01
 2.46725000e+00,        -2.451515526793e+00,        -2.992465918691e+01
 2.46727500e+00,        -2.451608145349e+00,        -2.992530960297e+01
 2.46730000e+00,        -2.451700747007e+00,        -2.992595991496e+01
 2.46732500e+00,        -2.451793331826e+00,        -2.992661012321e+01
 2.46735000e+00,        -2.451885899867e+00,        -2.992726022809e+01
 2.46737500e+00,        -2.451978451187e+00,        -2.992791022992e+01
 2.46740000e+00,        -2.452070985846e+00,        -2.992856012905e+01
 2.46742500e+00,        -2.452163503901e+00,        -2.992920992582e+01
 2.46745000e+00,        -2.452256005412e+00,        -2.992985962058e+01
 2.46747500e+00,        -2.452348490436e+00,        -2.993050921365e+01
 2.46750000e+00,        -2.452440959032e+00,        -2.993115870539e+01
 2.46752500e+00,        -2.452533411258e+00,        -2.993180809611e+01
 2.46755000e+00,        -2.452625847170e+00,        -2.993245738617e+01
 2.46757500e+00,        -2.452718266826e+00,        -2.993310657589e+01
 2.46760000e+00,        -2.452810670284e+00,        -2.993375566561e+01
 2.46762500e+00,        -2.452903057600e+00,        -2.993440465566e+01
 2.46765000e+00,        -2.452995428831e+00,        -2.993505354636e+01
 2.46767500e+00,        -2.453087784035e+00,        -2.993570233805e+01
 2.46770000e+00,        -2.453180123266e+00,        -2.993635103106e+01
 2.46772500e+00,        -2.453272446583e+00,        -2.993699962571e+01
 2.46775000e+00,        -2.453364754040e+00,        -2.993764812232e+01
 2.46777500e+00,        -2.453457045693e+00,        -2.993829652123e+01
 2.46780000e+00,        -2.453549321599e+00,        -2.993894482276e+01
 2.46782500e+00,        -2.453641581813e+00,        -2.993959302722e+01
 2.46785000e+00,        -2.453733826391e+00,        -2.994024113494e+01
 2.46787500e+00,        -2.453826055386e+00,        -2.994088914624e+01
 2.46790000e+00,        -2.453918268855e+00,        -2.994153706144e+01
 2.46792500e+00,        -2.454010466852e+00,        -2.994218488086e+01
 2.46795000e+00,        -2.454102649432e+00,        -2.994283260481e+01
 2.46797500e+00,        -2.454194816650e+00,        -2.994348023361e+01
 2.46800000e+00,        -2.454286968558e+00,        -2.994412776757e+01
 2.46802500e+00,        -2.454379105213e+00,        -2.994477520700e+01
 2.46805000e+00,        -2.454471226667e+00,        -2.994542255223e+01
 2.46807500e+00,        -2.454563332975e+00,        -2.994606980355e+01
 2.46810000e+00,        -2.454655424189e+00,        -2.994671696129e+01
 2.46812500e+00,        -2.454747500364e+00,        -2.994736402574e+01
 2.46815000e+00,        -2.454839561552e+00,        -2.994801099722e+01
 2.46817500e+00,        -2.454931607807e+00,        -2.994865787603e+01
 2.46820000e+00,        -2.455023639182e+00,        -2.994930466249e+01
 2.46822500e+00,        -2.455115655729e+00,        -2.994995135689e+01
 2.46825000e+00,        -2.455207657500e+00,        -2.995059795953e+01
 2.46827500e+00,        -2.455299644549e+00,        -2.995124447073e+01
 2.46830000e+00,        -2.455391616927e+00,        -2.995189089078e+01
 2.46832500e+00,        -2.455483574687e+00,        -2.995253721998e+01
 2.46835000e+00,        -2.455575517880e+00,        -2.995318345864e+01
 2.46837500e+00,        -2.455667446558e+00,        -2.995382960704e+01
 2.46840000e+00,        -2.455759360773e+00,        -2.995447566550e+01
 2.46842500e+00,        -2.455851260575e+00,        -2.995512163430e+01
 2.46845000e+00,        -2.455943146017e+00,        -2.995576751374e+01
 2.46847500e+00,        -2.456035017149e+00,        -2.995641330412e+01
 2.46850000e+00,        -2.456126874022e+00,        -2.995705900572e+01
 2.46852500e+00,        -2.456218716687e+00,        -2.995770461885e+01
 2.46855000e+00,        -2.456310545194e+00,        -2.995835014379e+01
 2.46857500e+00,        -2.456402359594e+00,        -2.995899558083e+01
 2.46860000e+00,        -2.456494159937e+00,        -2.995964093026e+01
 2.46862500e+00,        -2.456585946273e+00,        -2.996028619238e+01
 2.46865000e+00,        -2.456677718653e+00,        -2.996093136746e+01
 2.46867500e+00,        -2.456769477125e+00,        -2.996157645579e+01
 2.46870000e+00,        -2.456861221740e+00,        -2.996222145767e+01
 2.46872500e+00,        -2.456952952546e+00,        -2.996286637337e+01
 2.46875000e+00,        -2.457044669594e+00,        -2.996351120319e+01
 2.46877500e+00,        -2.457136372932e+00,        -2.996415594739e+01
 2.46880000e+00,        -2.457228062609e+00,        -2.996480060626e+01
 2.46882500e+00,        -2.457319738675e+00,        -2.996544518009e+01
 2.46885000e+00,        -2.457411401177e+00,        -2.996608966915e+01
 2.46887500e+00,        -2.457503050165e+00,        -2.996673407372e+01
 2.46890000e+00,        -2.457594685687e+00,        -2.996737839409e+01
 2.46892500e+00,        -2.457686307790e+00,        -2.996802263052e+01
 2.46895000e+00,        -2.457777916524e+00,        -2.996866678329e+01
 2.46897500e+00,        -2.457869511935e+00,        -2.996931085268e+01
 2.46900000e+00,        -2.457961094073e+00,        -2.996995483896e+01
 2.46902500e+00,        -2.458052662983e+00,        -2.997059874241e+01
 2.46905000e+00,        -2.458144218714e+00,        -2.997124256330e+01
 2.46907500e+00,        -2.458235761314e+00,        -2.997188630190e+01
 2.46910000e+00,        -2.458327290829e+00,        -2.997252995847e+01
 2.46912500e+00,        -2.458418807306e+00,        -2.997317353330e+01
 2.46915000e+00,        -2.458510310792e+00,        -2.997381702664e+01
 2.46917500e+00,        -2.458601801334e+00,        -2.997446043877e+01
 2.46920000e+00,        -2.458693278979e+00,        -2.997510376995e+01
 2.46922500e+00,        -2.458784743773e+00,        -2.997574702045e+01
 2.46925000e+00,        -2.458876195762e+00,        -2.997639019053e+01
 2.46927500e+00,        -2.458967634993e+00,        -2.997703328046e+01
 2.46930000e+00,        -2.459059061511e+00,        -2.997767629050e+01
 2.46932500e+00,        -2.459150475362e+00,        -2.997831922092e+01
 2.46935000e+00,        -2.459241876593e+00,        -2.997896207197e+01
 2.46937500e+00,        -2.459333265248e+00,        -2.997960484392e+01
 2.46940000e+00,        -2.459424641373e+00,        -2.998024753703e+01
 2.46942500e+00,        -2.459516005013e+00,        -2.998089015155e+01
 2.46945000e+00,        -2.459607356215e+00,        -2.998153268774e+01
 2.46947500e+00,        -2.459698695021e+00,        -2.998217514587e+01
 2.46950000e+00,        -2.459790021479e+00,        -2.998281752618e+01
 2.46952500e+00,        -2.459881335631e+00,        -2.998345982893e+01
 2.46955000e+00,        -2.459972637524e+00,        -2.998410205438e+01
 2.46957500e+00,        -2.460063927201e+00,        -2.998474420279e+01
 2.46960000e+00,        -2.460155204706e+00,        -2.998538627439e+01
 2.46962500e+00,        -2.460246470084e+00,        -2.998602826946e+01
 2.46965000e+00,        -2.460337723380e+00,        -2.998667018823e+01
 2.46967500e+00,        -2.460428964636e+00,        -2.998731203097e+01
 2.46970000e+00,        -2.460520193897e+00,        -2.998795379791e+01
 2.46972500e+00,        -2.460611411206e+00,        -2.998859548931e+01
 2.46975000e+00,        -2.460702616608e+00,        -2.998923710541e+01
 2.46977500e+00,        -2.460793810144e+00,        -2.998987864647e+01
 2.46980000e+00,        -2.460884991860e+00,        -2.999052011273e+01
 2.46982500e+00,        -2.460976161797e+00,        -2.999116150443e+01
 2.46985000e+00,        -2.461067319998e+00,        -2.999180282183e+01
 2.46987500e+00,        -2.461158466508e+00,        -2.999244406516e+01
 2.46990000e+00,        -2.461249601368e+00,        -2.999308523467e+01
 2.46992500e+00,        -2.461340724621e+00,        -2.999372633059e+01
 2.46995000e+00,        -2.461431836309e+00,        -2.999436735318e+01
 2.46997500e+00,        -2.461522936475e+00,        -2.999500830268e+01
 2.47000000e+00,        -2.461614025161e+00,        -2.999564917932e+01
 2.47002500e+00,        -2.461705102410e+00,        -2.999628998334e+01
 2.47005000e+00,        -2.461796168262e+00,        -2.999693071498e+01
 2.47007500e+00,        -2.461887222761e+00,        -2.999757137448e+01
 2.47010000e+00,        -2.461978265948e+00,        -2.999821196208e+01
 2.47012500e+00,        -2.462069297864e+00,        -2.999885247802e+01
 2.47015000e+00,        -2.462160318550e+00,        -2.999949292252e+01
 2.47017500e+00,        -2.462251328049e+00,        -3.000013329582e+01
 2.47020000e+00,        -2.462342326402e+00,        -3.000077359817e+01
 2.47022500e+00,        -2.462433313649e+00,        -3.000141382978e+01
 2.47025000e+00,        -2.462524289831e+00,        -3.000205399090e+01
 2.47027500e+00,        -2.462615254990e+00,        -3.000269408175e+01
 2.47030000e+00,        -2.462706209166e+00,        -3.000333410257e+01
 2.47032500e+00,        -2.462797152400e+00,        -3.000397405359e+01
 2.47035000e+00,        -2.462888084732e+00,        -3.000461393503e+01
 2.47037500e+00,        -2.462979006203e+00,        -3.000525374713e+01
 2.47040000e+00,        -2.463069916852e+00,        -3.000589349011e+01
 2.47042500e+00,        -2.463160816721e+00,        -3.000653316420e+01
 2.47045000e+00,        -2.463251705849e+00,        -3.000717276963e+01
 2.47047500e+00,        -2.463342584275e+00,        -3.000781230663e+01
 2.47050000e+00,        -2.463433452041e+00,        -3.000845177541e+01
 2.47052500e+00,        -2.463524309184e+00,        -3.000909117621e+01
 2.47055000e+00,        -2.463615155746e+00,        -3.000973050924e+01
 2.47057500e+00,        -2.463705991765e+00,        -3.001036977474e+01
 2.47060000e+00,        -2.463796817281e+00,        -3.001100897291e+01
 2.47062500e+00,        -2.463887632333e+00,        -3.001164810399e+01
 2.47065000e+00,        -2.463978436959e+00,        -3.001228716820e+01
 2.47067500e+00,        -2.464069231200e+00,        -3.001292616575e+01
 2.47070000e+00,        -2.464160015093e+00,        -3.001356509687e+01
 2.47072500e+00,        -2.464250788678e+00,        -3.001420396178e+01
 2.47075000e+00,        -2.464341551993e+00,        -3.001484276068e+01
 2.47077500e+00,        -2.464432305076e+00,        -3.001548149381e+01
 2.47080000e+00,        -2.464523047967e+00,        -3.001612016137e+01
 2.47082500e+00,        -2.464613780703e+00,        -3.001675876358e+01
 2.47085000e+00,        -2.464704503322e+00,        -3.001739730067e+01
 2.47087500e+00,        -2.464795215864e+00,        -3.001803577284e+01
 2.47090000e+00,        -2.464885918364e+00,        -3.001867418030e+01
 2.47092500e+00,        -2.464976610862e+00,        -3.001931252328e+01
 2.47095000e+00,        -2.465067293395e+00,        -3.001995080198e+01
 2.47097500e+00,        -2.465157966001e+00,        -3.002058901661e+01
 2.47100000e+00,        -2.465248628717e+00,        -3.002122716740e+01
 2.47102500e+00,        -2.465339281581e+00,        -3.002186525454e+01
 2.47105000e+00,        -2.465429924629e+00,        -3.002250327825e+01
 2.47107500e+00,        -2.465520557900e+00,        -3.002314123874e+01
 2.47110000e+00,        -2.465611181430e+00,        -3.002377913621e+01
 2.47112500e+00,        -2.465701795256e+00,        -3.002441697088e+01
 2.47115000e+00,        -2.465792399415e+00,        -3.002505474295e+01
 2.47117500e+00,        -2.465882993943e+00,        -3.002569245264e+01
 2.47120000e+00,        -2.465973578878e+00,        -3.002633010013e+01
 2.47122500e+00,        -2.466064154257e+00,        -3.002696768565e+01
 2.47125000e+00,        -2.466154720114e+00,        -3.002760520940e+01
 2.47127500e+00,        -2.466245276487e+00,        -3.002824267157e+01
 2.47130000e+00,        -2.466335823413e+00,        -3.002888007238e+01
 2.47132500e+00,        -2.466426360926e+00,        -3.002951741203e+01
 2.47135000e+00,        -2.466516889063e+00,        -3.003015469072e+01
 2.47137500e+00,        -2.466607407861e+00,        -3.003079190865e+01
 2.47140000e+00,        -2.466697917354e+00,        -3.003142906602e+01
 2.47142500e+00,        -2.466788417579e+00,        -3.003206616304e+01
 2.47145000e+00,        -2.466878908571e+00,        -3.003270319990e+01
 2.47147500e+00,        -2.466969390366e+00,        -3.003334017680e+01
 2.47150000e+00,        -2.467059862999e+00,        -3.003397709395e+01
 2.47152500e+00,        -2.467150326505e+00,        -3.003461395153e+01
 2.47155000e+00,        -2.467240780920e+00,        -3.003525074975e+01
 2.47157500e+00,        -2.467331226278e+00,        -3.003588748881e+01
 2.47160000e+00,        -2.467421662616e+00,        -3.003652416890e+01
 2.47162500e+00,        -2.467512089966e+00,        -3.003716079021e+01
 2.47165000e+00,        -2.467602508366e+00,        -3.003779735295e+01
 2.47167500e+00,        -2.467692917848e+00,        -3.003843385730e+01
 2.47170000e+00,        -2.467783318448e+00,        -3.003907030346e+01
 2.47172500e+00,        -2.467873710201e+00,        -3.003970669162e+01
 2.47175000e+00,        -2.467964093140e+00,        -3.004034302199e+01
 2.47177500e+00,        -2.468054467300e+00,        -3.004097929473e+01
 2.47180000e+00,        -2.468144832715e+00,        -3.004161551006e+01
 2.47182500e+00,        -2.468235189419e+00,        -3.004225166817e+01
 2.47185000e+00,        -2.468325537447e+00,        -3.004288776923e+01
 2.47187500e+00,        -2.468415876832e+00,        -3.004352381344e+01
 2.47190000e+00,        -2.468506207609e+00,        -3.004415980099e+01
 2.47192500e+00,        -2.468596529810e+00,        -3.004479573208e+01
 2.47195000e+00,        -2.468686843470e+00,        -3.004543160688e+01
 2.47197500e+00,        -2.468777148621e+00,        -3.004606742559e+01
 2.47200000e+00,        -2.468867445298e+00,        -3.004670318838e+01
 2.47202500e+00,        -2.468957733535e+00,        -3.004733889546e+01
 2.47205000e+00,        -2.469048013363e+00,        -3.004797454700e+01
 2.47207500e+00,        -2.469138284816e+00,        -3.004861014319e+01
 2.47210000e+00,        -2.469228547928e+00,        -3.004924568422e+01
 2.47212500e+00,        -2.469318802732e+00,        -3.004988117026e+01
 2.47215000e+00,        -2.469409049259e+00,        -3.005051660151e+01
 2.47217500e+00,        -2.469499287544e+00,        -3.005115197814e+01
 2.47220000e+00,        -2.469589517619e+00,        -3.005178730034e+01
 2.47222500e+00,        -2.469679739516e+00,        -3.005242256829e+01
 2.47225000e+00,        -2.469769953268e+00,        -3.005305778217e+01
 2.47227500e+00,        -2.469860158907e+00,        -3.005369294217e+01
 2.47230000e+00,        -2.469950356467e+00,        -3.005432804845e+01
 2.47232500e+00,        -2.470040545978e+00,        -3.005496310122e+01
 2.47235000e+00,        -2.470130727473e+00,        -3.005559810063e+01
 2.47237500e+00,        -2.470220900985e+00,        -3.005623304687e+01
 2.47240000e+00,        -2.470311066545e+00,        -3.005686794012e+01
 2.47242500e+00,        -2.470401224186e+00,        -3.005750278056e+01
 2.47245000e+00,        -2.470491373938e+00,        -3.005813756837e+01
 2.47247500e+00,        -2.470581515834e+00,        -3.005877230371e+01
 2.47250000e+00,        -2.470671649906e+00,        -3.005940698677e+01
 2.47252500e+00,        -2.470761776184e+00,        -3.006004161773e+01
 2.47255000e+00,        -2.470851894701e+00,        -3.006067619675e+01
 2.47257500e+00,        -2.470942005488e+00,        -3.006131072401e+01
 2.47260000e+00,        -2.471032108576e+00,        -3.006194519969e+01
 2.47262500e+00,        -2.471122203997e+00,        -3.006257962396e+01
 2.47265000e+00,        -2.471212291781e+00,        -3.006321399700e+01
 2.47267500e+00,        -2.471302371959e+00,        -3.006384831896e+01
 2.47270000e+00,        -2.471392444563e+00,        -3.006448259004e+01
 2.47272500e+00,        -2.471482509623e+00,        -3.006511681040e+01
 2.47275000e+00,        -2.471572567170e+00,        -3.006575098020e+01
 2.47277500e+00,        -2.471662617236e+00,        -3.006638509963e+01
 2.47280000e+00,        -2.471752659849e+00,        -3.006701916885e+01
 2.47282500e+00,        -2.471842695042e+00,        -3.006765318802e+01
 2.47285000e+00,        -2.471932722845e+00,        -3.006828715733e+01
 2.47287500e+00,        -2.472022743287e+00,        -3.006892107693e+01
 2.47290000e+00,        -2.472112756399e+00,        -3.006955494700e+01
 2.47292500e+00,        -2.472202762212e+00,        -3.007018876771e+01
 2.47295000e+00,        -2.472292760755e+00,        -3.007082253921e+01
 2.47297500e+00,        -2.472382752058e+00,        -3.007145626168e+01
 2.47300000e+00,        -2.472472736152e+00,        -3.007208993529e+01
 2.47302500e+00,        -2.472562713067e+00,        -3.007272356019e+01
 2.47305000e+00,        -2.472652682832e+00,        -3.007335713656e+01
 2.47307500e+00,        -2.472742645476e+00,        -3.007399066455e+01
 2.47310000e+00,        -2.472832601030e+00,        -3.007462414434e+01
 2.47312500e+00,        -2.472922549524e+00,        -3.007525757609e+01
 2.47315000e+00,        -2.473012490986e+00,        -3.007589095995e+01
 2.47317500e+00,        -2.473102425446e+00,        -3.007652429610e+01
 2.47320000e+00,        -2.473192352933e+00,        -3.007715758469e+01
 2.47322500e+00,        -2.473282273477e+00,        -3.007779082589e+01
 2.47325000e+00,        -2.473372187106e+00,        -3.007842401986e+01
 2.47327500e+00,        -2.473462093850e+00,        -3.007905716675e+01
 2.47330000e+00,        -2.473551993739e+00,        -3.007969026674e+01
 2.47332500e+00,        -2.473641886800e+00,        -3.008032331997e+01
 2.47335000e+00,        -2.473731773062e+00,        -3.008095632662e+01
 2.47337500e+00,        -2.473821652555e+00,        -3.008158928683e+01
 2.47340000e+00,        -2.473911525308e+00,        -3.008222220076e+01
 2.47342500e+00,        -2.474001391348e+00,        -3.008285506858e+01
 2.47345000e+00,        -2.474091250704e+00,        -3.008348789045e+01
 2.47347500e+00,        -2.474181103405e+00,        -3.008412066651e+01
 2.47350000e+00,        -2.474270949479e+00,        -3.008475339693e+01
 2.47352500e+00,        -2.474360788955e+00,        -3.008538608186e+01
 2.47355000e+00,        -2.474450621860e+00,        -3.008601872146e+01
 2.47357500e+00,        -2.474540448224e+00,        -3.008665131588e+01
 2.47360000e+00,        -2.474630268073e+00,        -3.008728386529e+01
 2.47362500e+00,        -2.474720081437e+00,        -3.008791636982e+01
 2.47365000e+00,        -2.474809888343e+00,        -3.008854882965e+01
 2.47367500e+00,        -2.474899688818e+00,        -3.008918124491e+01
 2.47370000e+00,        -2.474989482891e+00,        -3.008981361577e+01
 2.47372500e+00,        -2.475079270590e+00,        -3.009044594238e+01
 2.47375000e+00,        -2.475169051942e+00,        -3.009107822488e+01
 2.47377500e+00,        -2.475258826974e+00,        -3.009171046344e+01
 2.47380000e+00,        -2.475348595715e+00,        -3.009234265820e+01
 2.47382500e+00,        -2.475438358191e+00,        -3.009297480932e+01
 2.47385000e+00,        -2.475528114430e+00,        -3.009360691694e+01
 2.47387500e+00,        -2.475617864460e+00,        -3.009423898121e+01
 2.47390000e+00,        -2.475707608307e+00,        -3.009487100229e+01
 2.47392500e+00,        -2.475797345999e+00,        -3.009550298033e+01
 2.47395000e+00,        -2.475887077563e+00,        -3.009613491546e+01
 2.47397500e+00,        -2.475976803025e+00,        -3.009676680785e+01
 2.47400000e+00,        -2.476066522413e+00,        -3.009739865764e+01
 2.47402500e+00,        -2.476156235754e+00,        -3.009803046498e+01
 2.47405000e+00,        -2.476245943074e+00,        -3.009866223001e+01
 2.47407500e+00,        -2.476335644401e+00,        -3.009929395288e+01
 2.47410000e+00,        -2.476425339760e+00,        -3.009992563375e+01
 2.47412500e+00,        -2.476515029179e+00,        -3.010055727274e+01
 2.47415000e+00,        -2.476604712683e+00,        -3.010118887002e+01
 2.47417500e+00,        -2.476694390300e+00,        -3.010182042572e+01
 2.47420000e+00,        -2.476784062056e+00,        -3.010245193999e+01
 2.47422500e+00,        -2.476873727977e+00,        -3.010308341298e+01
 2.47425000e+00,        -2.476963388089e+00,        -3.010371484483e+01
 2.47427500e+00,        -2.477053042419e+00,        -3.010434623567e+01
 2.47430000e+00,        -2.477142690993e+00,        -3.010497758567e+01
 2.47432500e+00,        -2.477232333836e+00,        -3.010560889495e+01
 2.47435000e+00,        -2.477321970975e+00,        -3.010624016366e+01
 2.47437500e+00,        -2.477411602436e+00,        -3.010687139195e+01
 2.47440000e+00,        -2.477501228244e+00,        -3.010750257995e+01
 2.47442500e+00,        -2.477590848426e+00,        -3.010813372781e+01
 2.47445000e+00,        -2.477680463006e+00,        -3.010876483566e+01
 2.47447500e+00,        -2.477770072011e+00,        -3.010939590365e+01
 2.47450000e+00,        -2.477859675467e+00,        -3.011002693192e+01
 2.47452500e+00,        -2.477949273398e+00,        -3.011065792060e+01
 2.47455000e+00,        -2.478038865830e+00,        -3.011128886984e+01
 2.47457500e+00,        -2.478128452789e+00,        -3.011191977978e+01
 2.47460000e+00,        -2.478218034300e+00,        -3.011255065055e+01
 2.47462500e+00,        -2.478307610388e+00,        -3.011318148230e+01
 2.47465000e+00,        -2.478397181079e+00,        -3.011381227515e+01
 2.47467500e+00,        -2.478486746397e+00,        -3.011444302925e+01
 2.47470000e+00,        -2.478576306368e+00,        -3.011507374473e+01
 2.47472500e+00,        -2.478665861016e+00,        -3.011570442174e+01
 2.47475000e+00,        -2.478755410367e+00,        -3.011633506040e+01
 2.47477500e+00,        -2.478844954446e+00,        -3.011696566086e+01
 2.47480000e+00,        -2.478934493276e+00,        -3.011759622325e+01
 2.47482500e+00,        -2.479024026884e+00,        -3.011822674770e+01
 2.47485000e+00,        -2.479113555294e+00,        -3.011885723435e+01
 2.47487500e+00,        -2.479203078529e+00,        -3.011948768333e+01
 2.47490000e+00,        -2.479292596616e+00,        -3.012011809478e+01
 2.47492500e+00,        -2.479382109578e+00,        -3.012074846883e+01
 2.47495000e+00,        -2.479471617440e+00,        -3.012137880562e+01
 2.47497500e+00,        -2.479561120227e+00,        -3.012200910527e+01
 2.47500000e+00,        -2.479650617962e+00,        -3.012263936792e+01
 2.47502500e+00,        -2.479740110669e+00,        -3.012326959371e+01
 2.47505000e+00,        -2.479829598374e+00,        -3.012389978276e+01
 2.47507500e+00,        -2.479919081100e+00,        -3.012452993521e+01
 2.47510000e+00,        -2.480008558871e+00,        -3.012516005118e+01
 2.47512500e+00,        -2.480098031712e+00,        -3.012579013081e+01
 2.47515000e+00,        -2.480187499646e+00,        -3.012642017423e+01
 2.47517500e+00,        -2.480276962697e+00,        -3.012705018157e+01
 2.47520000e+00,        -2.480366420889e+00,        -3.012768015296e+01
 2.47522500e+00,        -2.480455874245e+00,        -3.012831008853e+01
 2.47525000e+00,        -2.480545322791e+00,        -3.012893998840e+01
 2.47527500e+00,        -2.480634766548e+00,        -3.012956985271e+01
 2.47530000e+00,        -2.480724205541e+00,        -3.013019968158e+01
 2.47532500e+00,        -2.480813639794e+00,        -3.013082947515e+01
 2.47535000e+00,        -2.480903069329e+00,        -3.013145923353e+01
 2.47537500e+00,        -2.480992494171e+00,        -3.013208895687e+01
 2.47540000e+00,        -2.481081914342e+00,        -3.013271864528e+01
 2.47542500e+00,        -2.481171329866e+00,        -3.013334829888e+01
 2.47545000e+00,        -2.481260740767e+00,        -3.013397791782e+01
 2.47547500e+00,        -2.481350147066e+00,        -3.013460750221e+01
 2.47550000e+00,        -2.481439548789e+00,        -3.013523705218e+01
 2.47552500e+00,        -2.481528945956e+00,        -3.013586656786e+01
 2.47555000e+00,        -2.481618338593e+00,        -3.013649604936e+01
 2.47557500e+00,        -2.481707726721e+00,        -3.013712549682e+01
 2.47560000e+00,        -2.481797110364e+00,        -3.013775491036e+01
 2.47562500e+00,        -2.481886489544e+00,        -3.013838429010e+01
 2.47565000e+00,        -2.481975864284e+00,        -3.013901363616e+01
 2.47567500e+00,        -2.482065234607e+00,        -3.013964294868e+01
 2.47570000e+00,        -2.482154600536e+00,        -3.014027222777e+01
 2.47572500e+00,        -2.482243962093e+00,        -3.014090147355e+01
 2.47575000e+00,        -2.482333319301e+00,        -3.014153068616e+01
 2.47577500e+00,        -2.482422672183e+00,        -3.014215986570e+01
 2.47580000e+00,        -2.482512020760e+00,        -3.014278901231e+01
 2.47582500e+00,        -2.482601365055e+00,        -3.014341812610e+01
 2.47585000e+00,        -2.482690705092e+00,        -3.014404720719e+01
 2.47587500e+00,        -2.482780040891e+00,        -3.014467625571e+01
 2.47590000e+00,        -2.482869372475e+00,        -3.014530527177e+01
 2.47592500e+00,        -2.482958699867e+00,        -3.014593425550e+01
 2.47595000e+00,        -2.483048023088e+00,        -3.014656320702e+01
 2.47597500e+00,        -2.483137342161e+00,        -3.014719212644e+01
 2.47600000e+00,        -2.483226657108e+00,        -3.014782101389e+01
 2.47602500e+00,        -2.483315967950e+00,        -3.014844986948e+01
 2.47605000e+00,        -2.483405274710e+00,        -3.014907869333e+01
 2.47607500e+00,        -2.483494577410e+00,        -3.014970748556e+01
 2.47610000e+00,        -2.483583876070e+00,        -3.015033624629e+01
 2.47612500e+00,        -2.483673170714e+00,        -3.015096497564e+01
 2.47615000e+00,        -2.483762461363e+00,        -3.015159367372e+01
 2.47617500e+00,        -2.483851748038e+00,        -3.015222234065e+01
 2.47620000e+00,        -2.483941030762e+00,        -3.015285097655e+01
 2.47622500e+00,        -2.484030309555e+00,        -3.015347958153e+01
 2.47625000e+00,        -2.484119584439e+00,        -3.015410815571e+01
 2.47627500e+00,        -2.484208855436e+00,        -3.015473669921e+01
 2.47630000e+00,        -2.484298122567e+00,        -3.015536521214e+01
 2.47632500e+00,        -2.484387385853e+00,        -3.015599369461e+01
 2.47635000e+00,        -2.484476645316e+00,        -3.015662214675e+01
 2.47637500e+00,        -2.484565900977e+00,        -3.015725056866e+01
 2.47640000e+00,        -2.484655152858e+00,        -3.015787896046e+01
 2.47642500e+00,        -2.484744400979e+00,        -3.015850732227e+01
 2.47645000e+00,        -2.484833645361e+00,        -3.015913565420e+01
 2.47647500e+00,        -2.484922886026e+00,        -3.015976395636e+01
 2.47650000e+00,        -2.485012122994e+00,        -3.016039222886e+01
 2.47652500e+00,        -2.485101356287e+00,        -3.016102047182e+01
 2.47655000e+00,        -2.485190585925e+00,        -3.016164868535e+01
 2.47657500e+00,        -2.485279811930e+00,        -3.016227686957e+01
 2.47660000e+00,        -2.485369034322e+00,        -3.016290502458e+01
 2.47662500e+00,        -2.485458253122e+00,        -3.016353315050e+01
 2.47665000e+00,        -2.485547468350e+00,        -3.016416124743e+01
 2.47667500e+00,        -2.485636680027e+00,        -3.016478931549e+01
 2.47670000e+00,        -2.485725888175e+00,        -3.016541735480e+01
 2.47672500e+00,        -2.485815092813e+00,        -3.016604536545e+01
 2.47675000e+00,        -2.485904293961e+00,        -3.016667334757e+01
 2.47677500e+00,        -2.485993491642e+00,        -3.016730130126e+01
 2.47680000e+00,        -2.486082685874e+00,        -3.016792922663e+01
 2.47682500e+00,        -2.486171876678e+00,        -3.016855712379e+01
 2.47685000e+00,        -2.486261064075e+00,        -3.016918499285e+01
 2.47687500e+00,        -2.486350248084e+00,        -3.016981283391e+01
 2.47690000e+00,        -2.486439428727e+00,        -3.017044064710e+01
 2.47692500e+00,        -2.486528606023e+00,        -3.017106843251e+01
 2.47695000e+00,        -2.486617779993e+00,        -3.017169619026e+01
 2.47697500e+00,        -2.486706950656e+00,        -3.017232392044e+01
 2.47700000e+00,        -2.486796118032e+00,        -3.017295162318e+01
 2.47702500e+00,        -2.486885282142e+00,        -3.017357929857e+01
 2.47705000e+00,        -2.486974443006e+00,        -3.017420694673e+01
 2.47707500e+00,        -2.487063600643e+00,        -3.017483456775e+01
 2.47710000e+00,        -2.487152755073e+00,        -3.017546216176e+01
 2.47712500e+00,        -2.487241906316e+00,        -3.017608972884e+01
 2.47715000e+00,        -2.487331054392e+00,        -3.017671726912e+01
 2.47717500e+00,        -2.487420199321e+00,        -3.017734478269e+01
 2.47720000e+00,        -2.487509341121e+00,        -3.017797226966e+01
 2.47722500e+00,        -2.487598479814e+00,        -3.017859973014e+01
 2.47725000e+00,        -2.487687615418e+00,        -3.017922716422e+01
 2.47727500e+00,        -2.487776747954e+00,        -3.017985457202e+01
 2.47730000e+00,        -2.487865877439e+00,        -3.018048195364e+01
 2.47732500e+00,        -2.487955003895e+00,        -3.018110930919e+01
 2.47735000e+00,        -2.488044127340e+00,        -3.018173663876e+01
 2.47737500e+00,        -2.488133247794e+00,        -3.018236394246e+01
 2.47740000e+00,        -2.488222365276e+00,        -3.018299122039e+01
 2.47742500e+00,        -2.488311479805e+00,        -3.018361847267e+01
 2.47745000e+00,        -2.488400591400e+00,        -3.018424569938e+01
 2.47747500e+00,        -2.488489700082e+00,        -3.018487290063e+01
 2.47750000e+00,        -2.488578805868e+00,        -3.018550007653e+01
 2.47752500e+00,        -2.488667908779e+00,        -3.018612722718e+01
 2.47755000e+00,        -2.488757008832e+00,        -3.018675435268e+01
 2.47757500e+00,        -2.488846106047e+00,        -3.018738145312e+01
 2.47760000e+00,        -2.488935200444e+00,        -3.018800852862e+01
 2.47762500e+00,        -2.489024292040e+00,        -3.018863557927e+01
 2.47765000e+00,        -2.489113380855e+00,        -3.018926260517e+01
 2.47767500e+00,        -2.489202466908e+00,        -3.018988960643e+01
 2.47770000e+00,        -2.489291550217e+00,        -3.019051658315e+01
 2.47772500e+00,        -2.489380630802e+00,        -3.019114353541e+01
 2.47775000e+00,        -2.489469708681e+00,        -3.019177046333e+01
 2.47777500e+00,        -2.489558783872e+00,        -3.019239736701e+01
 2.47780000e+00,        -2.489647856394e+00,        -3.019302424654e+01
 2.47782500e+00,        -2.489736926266e+00,        -3.019365110202e+01
 2.47785000e+00,        -2.489825993507e+00,        -3.019427793355e+01
 2.47787500e+00,        -2.489915058135e+00,        -3.019490474123e+01
 2.47790000e+00,        -2.490004120167e+00,        -3.019553152516e+01
 2.47792500e+00,        -2.490093179624e+00,        -3.019615828543e+01
 2.47795000e+00,        -2.490182236523e+00,        -3.019678502215e+01
 2.47797500e+00,        -2.490271290882e+00,        -3.019741173541e+01
 2.47800000e+00,        -2.490360342720e+00,        -3.019803842531e+01
 2.47802500e+00,        -2.490449392055e+00,        -3.019866509195e+01
 2.47805000e+00,        -2.490538438906e+00,        -3.019929173542e+01
 2.47807500e+00,        -2.490627483289e+00,        -3.019991835582e+01
 2.47810000e+00,        -2.490716525225e+00,        -3.020054495325e+01
 2.47812500e+00,        -2.490805564730e+00,        -3.020117152779e+01
 2.47815000e+00,        -2.490894601823e+00,        -3.020179807956e+01
 2.47817500e+00,        -2.490983636521e+00,        -3.020242460864e+01
 2.47820000e+00,        -2.491072668843e+00,        -3.020305111513e+01
 2.47822500e+00,        -2.491161698807e+00,        -3.020367759913e+01
 2.47825000e+00,        -2.491250726431e+00,        -3.020430406073e+01
 2.47827500e+00,        -2.491339751731e+00,        -3.020493050002e+01
 2.47830000e+00,        -2.491428774727e+00,        -3.020555691710e+01
 2.47832500e+00,        -2.491517795436e+00,        -3.020618331206e+01
 2.47835000e+00,        -2.491606813876e+00,        -3.020680968501e+01
 2.47837500e+00,        -2.491695830064e+00,        -3.020743603602e+01
 2.47840000e+00,        -2.491784844019e+00,        -3.020806236521e+01
 2.47842500e+00,        -2.491873855757e+00,        -3.020868867265e+01
 2.47845000e+00,        -2.491962865296e+00,        -3.020931495844e+01
 2.47847500e+00,        -2.492051872654e+00,        -3.020994122268e+01
 2.47850000e+00,        -2.492140877849e+00,        -3.021056746546e+01
 2.47852500e+00,        -2.492229880897e+00,        -3.021119368687e+01
 2.47855000e+00,        -2.492318881817e+00,        -3.021181988700e+01
 2.47857500e+00,        -2.492407880625e+00,        -3.021244606595e+01
 2.47860000e+00,        -2.492496877339e+00,        -3.021307222380e+01
 2.47862500e+00,        -2.492585871977e+00,        -3.021369836066e+01
 2.47865000e+00,        -2.492674864555e+00,        -3.021432447660e+01
 2.47867500e+00,        -2.492763855091e+00,        -3.021495057173e+01
 2.47870000e+00,        -2.492852843602e+00,        -3.021557664613e+01
 2.47872500e+00,        -2.492941830105e+00,        -3.021620269989e+01
 2.47875000e+00,        -2.493030814618e+00,        -3.021682873311e+01
 2.47877500e+00,        -2.493119797157e+00,        -3.021745474587e+01
 2.47880000e+00,        -2.493208777739e+00,        -3.021808073827e+01
 2.47882500e+00,        -2.493297756382e+00,        -3.021870671040e+01
 2.47885000e+00,        -2.493386733102e+00,        -3.021933266234e+01
 2.47887500e+00,        -2.493475707917e+00,        -3.021995859418e+01
 2.47890000e+00,        -2.493564680843e+00,        -3.022058450601e+01
 2.47892500e+00,        -2.493653651897e+00,        -3.022121039793e+01
 2.47895000e+00,        -2.493742621097e+00,        -3.022183627003e+01
 2.47897500e+00,        -2.493831588458e+00,        -3.022246212238e+01
 2.47900000e+00,        -2.493920553998e+00,        -3.022308795508e+01
 2.47902500e+00,        -2.494009517733e+00,        -3.022371376822e+01
 2.47905000e+00,        -2.494098479680e+00,        -3.022433956188e+01
 2.47907500e+00,        -2.494187439856e+00,        -3.022496533616e+01
 2.47910000e+00,        -2.494276398277e+00,        -3.022559109114e+01
 2.47912500e+00,        -2.494365354959e+00,        -3.022621682691e+01
 2.47915000e+00,        -2.494454309921e+00,        -3.022684254355e+01
 2.47917500e+00,        -2.494543263177e+00,        -3.022746824116e+01
 2.47920000e+00,        -2.494632214745e+00,        -3.022809391981e+01
 2.47922500e+00,        -2.494721164640e+00,        -3.022871957960e+01
 2.47925000e+00,        -2.494810112880e+00,        -3.022934522062e+01
 2.47927500e+00,        -2.494899059480e+00,        -3.022997084294e+01
 2.47930000e+00,        -2.494988004458e+00,        -3.023059644666e+01
 2.47932500e+00,        -2.495076947829e+00,        -3.023122203187e+01
 2.47935000e+00,        -2.495165889609e+00,        -3.023184759863e+01
 2.47937500e+00,        -2.495254829815e+00,        -3.023247314705e+01
 2.47940000e+00,        -2.495343768463e+00,        -3.023309867721e+01
 2.47942500e+00,        -2.495432705569e+00,        -3.023372418919e+01
 2.47945000e+00,        -2.495521641150e+00,        -3.023434968308e+01
 2.47947500e+00,        -2.495610575220e+00,        -3.023497515896e+01
 2.47950000e+00,        -2.495699507798e+00,        -3.023560061692e+01
 2.47952500e+00,        -2.495788438898e+00,        -3.023622605703e+01
 2.47955000e+00,        -2.495877368536e+00,        -3.023685147940e+01
 2.47957500e+00,        -2.495966296729e+00,        -3.023747688409e+01
 2.47960000e+00,        -2.496055223492e+00,        -3.023810227119e+01
 2.47962500e+00,        -2.496144148841e+00,        -3.023872764079e+01
 2.47965000e+00,        -2.496233072793e+00,        -3.023935299297e+01
 2.47967500e+00,        -2.496321995362e+00,        -3.023997832782e+01
 2.47970000e+00,        -2.496410916566e+00,        -3.024060364540e+01
 2.47972500e+00,        -2.496499836419e+00,        -3.024122894582e+01
 2.47975000e+00,        -2.496588754937e+00,        -3.024185422915e+01
 2.47977500e+00,        -2.496677672136e+00,        -3.024247949547e+01
 2.47980000e+00,        -2.496766588032e+00,        -3.024310474487e+01
 2.47982500e+00,        -2.496855502640e+00,        -3.024372997742e+01
 2.47985000e+00,        -2.496944415976e+00,        -3.024435519322e+01
 2.47987500e+00,        -2.497033328055e+00,        -3.024498039233e+01
 2.47990000e+00,        -2.497122238894e+00,        -3.024560557485e+01
 2.47992500e+00,        -2.497211148506e+00,        -3.024623074085e+01
 2.47995000e+00,        -2.497300056909e+00,        -3.024685589042e+01
 2.47997500e+00,        -2.497388964118e+00,        -3.024748102363e+01
 2.48000000e+00,        -2.497477870147e+00,        -3.024810614057e+01
 2.48002500e+00,        -2.497566775012e+00,        -3.024873124131e+01
 2.48005000e+00,        -2.497655678729e+00,        -3.024935632594e+01
 2.48007500e+00,        -2.497744581313e+00,        -3.024998139454e+01
 2.48010000e+00,        -2.497833482779e+00,        -3.025060644719e+01
 2.48012500e+00,        -2.497922383142e+00,        -3.025123148397e+01
 2.48015000e+00,        -2.498011282418e+00,        -3.025185650495e+01
 2.48017500e+00,        -2.498100180622e+00,        -3.025248151022e+01
 2.48020000e+00,        -2.498189077769e+00,        -3.025310649985e+01
 2.48022500e+00,        -2.498277973874e+00,        -3.025373147393e+01
 2.48025000e+00,        -2.498366868952e+00,        -3.025435643253e+01
 2.48027500e+00,        -2.498455763018e+00,        -3.025498137573e+01
 2.48030000e+00,        -2.498544656088e+00,        -3.025560630362e+01
 2.48032500e+00,        -2.498633548176e+00,        -3.025623121627e+01
 2.48035000e+00,        -2.498722439297e+00,        -3.025685611375e+01
 2.48037500e+00,        -2.498811329467e+00,        -3.025748099615e+01
 2.48040000e+00,        -2.498900218700e+00,        -3.025810586354e+01
 2.48042500e+00,        -2.498989107011e+00,        -3.025873071600e+01
 2.48045000e+00,        -2.499077994414e+00,        -3.025935555361e+01
 2.48047500e+00,        -2.499166880926e+00,        -3.025998037645e+01
 2.48050000e+00,        -2.499255766560e+00,        -3.026060518459e+01
 2.48052500e+00,        -2.499344651331e+00,        -3.026122997811e+01
 2.48055000e+00,        -2.499433535255e+00,        -3.026185475709e+01
 2.48057500e+00,        -2.499522418345e+00,        -3.026247952160e+01
 2.48060000e+00,        -2.499611300616e+00,        -3.026310427172e+01
 2.48062500e+00,        -2.499700182084e+00,        -3.026372900753e+01
 2.48065000e+00,        -2.499789062762e+00,        -3.026435372911e+01
 2.48067500e+00,        -2.499877942666e+00,        -3.026497843652e+01
 2.48070000e+00,        -2.499966821809e+00,        -3.026560312984e+01
 2.48072500e+00,        -2.500055700207e+00,        -3.026622780916e+01
 2.48075000e+00,        -2.500144577873e+00,        -3.026685247454e+01
 2.48077500e+00,        -2.500233454823e+00,        -3.026747712606e+01
 2.48080000e+00,        -2.500322331071e+00,        -3.026810176380e+01
 2.48082500e+00,        -2.500411206631e+00,        -3.026872638783e+01
 2.48085000e+00,        -2.500500081518e+00,        -3.026935099822e+01
 2.48087500e+00,        -2.500588955745e+00,        -3.026997559506e+01
 2.48090000e+00,        -2.500677829328e+00,        -3.027060017841e+01
 2.48092500e+00,        -2.500766702280e+00,        -3.027122474835e+01
 2.48095000e+00,        -2.500855574617e+00,        -3.027184930495e+01
 2.48097500e+00,        -2.500944446351e+00,        -3.027247384830e+01
 2.48100000e+00,        -2.501033317498e+00,        -3.027309837845e+01
 2.48102500e+00,        -2.501122188071e+00,        -3.027372289549e+01
 2.48105000e+00,        -2.501211058085e+00,        -3.027434739949e+01
 2.48107500e+00,        -2.501299927553e+00,        -3.027497189052e+01
 2.48110000e+00,        -2.501388796491e+00,        -3.027559636865e+01
 2.48112500e+00,        -2.501477664912e+00,        -3.027622083397e+01
 2.48115000e+00,        -2.501566532829e+00,        -3.027684528653e+01
 2.48117500e+00,        -2.501655400258e+00,        -3.027746972642e+01
 2.48120000e+00,        -2.501744267212e+00,        -3.027809415371e+01
 2.48122500e+00,        -2.501833133704e+00,        -3.027871856846e+01
 2.48125000e+00,        -2.501921999750e+00,        -3.027934297076e+01
 2.48127500e+00,        -2.502010865363e+00,        -3.027996736067e+01
 2.48130000e+00,        -2.502099730556e+00,        -3.028059173827e+01
 2.48132500e+00,        -2.502188595344e+00,        -3.028121610362e+01
 2.48135000e+00,        -2.502277459741e+00,        -3.028184045680e+01
 2.48137500e+00,        -2.502366323760e+00,        -3.028246479788e+01
 2.48140000e+00,        -2.502455187415e+00,        -3.028308912694e+01
 2.48142500e+00,        -2.502544050720e+00,        -3.028371344404e+01
 2.48145000e+00,        -2.502632913688e+00,        -3.028433774925e+01
 2.48147500e+00,        -2.502721776333e+00,        -3.028496204264e+01
 2.48150000e+00,        -2.502810638670e+00,        -3.028558632430e+01
 2.48152500e+00,        -2.502899500711e+00,        -3.028621059427e+01
 2.48155000e+00,        -2.502988362470e+00,        -3.028683485265e+01
 2.48157500e+00,        -2.503077223961e+00,        -3.028745909949e+01
 2.48160000e+00,        -2.503166085197e+00,        -3.028808333487e+01
 2.48162500e+00,        -2.503254946193e+00,        -3.028870755886e+01
 2.48165000e+00,        -2.503343806960e+00,        -3.028933177152e+01
 2.48167500e+00,        -2.503432667514e+00,        -3.028995597293e+01
 2.48170000e+00,        -2.503521527867e+00,        -3.029058016316e+01
 2.48172500e+00,        -2.503610388033e+00,        -3.029120434227e+01
 2.48175000e+00,        -2.503699248025e+00,        -3.029182851034e+01
 2.48177500e+00,        -2.503788107856e+00,        -3.029245266743e+01
 2.48180000e+00,        -2.503876967541e+00,        -3.029307681361e+01
 2.48182500e+00,        -2.503965827092e+00,        -3.029370094896e+01
 2.48185000e+00,        -2.504054686523e+00,        -3.029432507353e+01
 2.48187500e+00,        -2.504143545846e+00,        -3.029494918741e+01
 2.48190000e+00,        -2.504232405076e+00,        -3.029557329065e+01
 2.48192500e+00,        -2.504321264225e+00,        -3.029619738333e+01
 2.48195000e+00,        -2.504410123307e+00,        -3.029682146551e+01
 2.48197500e+00,        -2.504498982334e+00,        -3.029744553726e+01
 2.48200000e+00,        -2.504587841321e+00,        -3.029806959866e+01
 2.48202500e+00,        -2.504676700279e+00,        -3.029869364975e+01
 2.48205000e+00,        -2.504765559223e+00,        -3.029931769063e+01
 2.48207500e+00,        -2.504854418166e+00,        -3.029994172135e+01
 2.48210000e+00,        -2.504943277119e+00,        -3.030056574197e+01
 2.48212500e+00,        -2.505032136098e+00,        -3.030118975257e+01
 2.48215000e+00,        -2.505120995113e+00,        -3.030181375322e+01
 2.48217500e+00,        -2.505209854179e+00,        -3.030243774398e+01
 2.48220000e+00,        -2.505298713309e+00,        -3.030306172491e+01
 2.48222500e+00,        -2.505387572514e+00,        -3.030368569608e+01
 2.48225000e+00,        -2.505476431809e+00,        -3.030430965757e+01
 2.48227500e+00,        -2.505565291207e+00,        -3.030493360943e+01
 2.48230000e+00,        -2.505654150719e+00,        -3.030555755174e+01
 2.48232500e+00,        -2.505743010359e+00,        -3.030618148455e+01
 2.48235000e+00,        -2.505831870140e+00,        -3.030680540793e+01
 2.48237500e+00,        -2.505920730074e+00,        -3.030742932196e+01
 2.48240000e+00,        -2.506009590175e+00,        -3.030805322669e+01
 2.48242500e+00,        -2.506098450454e+00,        -3.030867712220e+01
 2.48245000e+00,        -2.506187310926e+00,        -3.030930100853e+01
 2.48247500e+00,        -2.506276171602e+00,        -3.030992488577e+01
 2.48250000e+00,        -2.506365032495e+00,        -3.031054875398e+01
 2.48252500e+00,        -2.506453893618e+00,        -3.031117261322e+01
 2.48255000e+00,        -2.506542754983e+00,        -3.031179646355e+01
 2.48257500e+00,        -2.506631616603e+00,        -3.031242030505e+01
 2.48260000e+00,        -2.506720478491e+00,        -3.031304413777e+01
 2.48262500e+00,        -2.506809340660e+00,        -3.031366796178e+01
 2.48265000e+00,        -2.506898203121e+00,        -3.031429177715e+01
 2.48267500e+00,        -2.506987065887e+00,        -3.031491558393e+01
 2.48270000e+00,        -2.507075928971e+00,        -3.031553938219e+01
 2.48272500e+00,        -2.507164792385e+00,        -3.031616317201e+01
 2.48275000e+00,        -2.507253656142e+00,        -3.031678695343e+01
 2.48277500e+00,        -2.507342520254e+00,        -3.031741072652e+01
 2.48280000e+00,        -2.507431384734e+00,        -3.031803449135e+01
 2.48282500e+00,        -2.507520249594e+00,        -3.031865824798e+01
 2.48285000e+00,        -2.507609114845e+00,        -3.031928199648e+01
 2.48287500e+00,        -2.507697980502e+00,        -3.031990573690e+01
 2.48290000e+00,        -2.507786846575e+00,        -3.032052946931e+01
 2.48292500e+00,        -2.507875713078e+00,        -3.032115319377e+01
 2.48295000e+00,        -2.507964580022e+00,        -3.032177691035e+01
 2.48297500e+00,        -2.508053447420e+00,        -3.032240061911e+01
 2.48300000e+00,        -2.508142315284e+00,        -3.032302432011e+01
 2.48302500e+00,        -2.508231183626e+00,        -3.032364801341e+01
 2.48305000e+00,        -2.508320052459e+00,        -3.032427169907e+01
 2.48307500e+00,        -2.508408921794e+00,        -3.032489537716e+01
 2.48310000e+00,        -2.508497791644e+00,        -3.032551904774e+01
 2.48312500e+00,        -2.508586662020e+00,        -3.032614271087e+01
 2.48315000e+00,        -2.508675532936e+00,        -3.032676636661e+01
 2.48317500e+00,        -2.508764404402e+00,        -3.032739001503e+01
 2.48320000e+00,        -2.508853276432e+00,        -3.032801365618e+01
 2.48322500e+00,        -2.508942149036e+00,        -3.032863729013e+01
 2.48325000e+00,        -2.509031022228e+00,        -3.032926091694e+01
 2.48327500e+00,        -2.509119896018e+00,        -3.032988453667e+01
 2.48330000e+00,        -2.509208770420e+00,        -3.033050814937e+01
 2.48332500e+00,        -2.509297645445e+00,        -3.033113175512e+01
 2.48335000e+00,        -2.509386521105e+00,        -3.033175535397e+01
 2.48337500e+00,        -2.509475397411e+00,        -3.033237894598e+01
 2.48340000e+00,        -2.509564274376e+00,        -3.033300253122e+01
 2.48342500e+00,        -2.509653152012e+00,        -3.033362610973e+01
 2.48345000e+00,        -2.509742030330e+00,        -3.033424968160e+01
 2.48347500e+00,        -2.509830909343e+00,        -3.033487324686e+01
 2.48350000e+00,        -2.509919789061e+00,        -3.033549680559e+01
 2.48352500e+00,        -2.510008669497e+00,        -3.033612035784e+01
 2.48355000e+00,        -2.510097550663e+00,        -3.033674390368e+01
 2.48357500e+00,        -2.510186432571e+00,        -3.033736744316e+01
 2.48360000e+00,        -2.510275315231e+00,        -3.033799097634e+01
 2.48362500e+00,        -2.510364198656e+00,        -3.033861450329e+01
 2.48365000e+00,        -2.510453082857e+00,        -3.033923802405e+01
 2.48367500e+00,        -2.510541967847e+00,        -3.033986153870e+01
 2.48370000e+00,        -2.510630853636e+00,        -3.034048504729e+01
 2.48372500e+00,        -2.510719740237e+00,        -3.034110854987e+01
 2.48375000e+00,        -2.510808627660e+00,        -3.034173204651e+01
 2.48377500e+00,        -2.510897515919e+00,        -3.034235553727e+01
 2.48380000e+00,        -2.510986405023e+00,        -3.034297902221e+01
 2.48382500e+00,        -2.511075294985e+00,        -3.034360250138e+01
 2.48385000e+00,        -2.511164185815e+00,        -3.034422597484e+01
 2.48387500e+00,        -2.511253077527e+00,        -3.034484944265e+01
 2.48390000e+00,        -2.511341970131e+00,        -3.034547290486e+01
 2.48392500e+00,        -2.511430863638e+00,        -3.034609636155e+01
 2.48395000e+00,        -2.511519758060e+00,        -3.034671981276e+01
 2.48397500e+00,        -2.511608653409e+00,        -3.034734325855e+01
 2.48400000e+00,        -2.511697549696e+00,        -3.034796669899e+01
 2.48402500e+00,        -2.511786446931e+00,        -3.034859013412e+01
 2.48405000e+00,        -2.511875345128e+00,        -3.034921356400e+01
 2.48407500e+00,        -2.511964244296e+00,        -3.034983698870e+01
 2.48410000e+00,        -2.512053144447e+00,        -3.035046040827e+01
 2.48412500e+00,        -2.512142045593e+00,        -3.035108382276e+01
 2.48415000e+00,        -2.512230947745e+00,        -3.035170723224e+01
 2.48417500e+00,        -2.512319850914e+00,        -3.035233063676e+01
 2.48420000e+00,        -2.512408755112e+00,        -3.035295403638e+01
 2.48422500e+00,        -2.512497660349e+00,        -3.035357743116e+01
 2.48425000e+00,        -2.512586566636e+00,        -3.035420082114e+01
 2.48427500e+00,        -2.512675473986e+00,        -3.035482420640e+01
 2.48430000e+00,        -2.512764382409e+00,        -3.035544758697e+01
 2.48432500e+00,        -2.512853291916e+00,        -3.035607096293e+01
 2.48435000e+00,        -2.512942202518e+00,        -3.035669433433e+01
 2.48437500e+00,        -2.513031114227e+00,        -3.035731770122e+01
 2.48440000e+00,        -2.513120027054e+00,        -3.035794106365e+01
 2.48442500e+00,        -2.513208941009e+00,        -3.035856442170e+01
 2.48445000e+00,        -2.513297856105e+00,        -3.035918777540e+01
 2.48447500e+00,        -2.513386772350e+00,        -3.035981112482e+01
 2.48450000e+00,        -2.513475689758e+00,        -3.036043447001e+01
 2.48452500e+00,        -2.513564608339e+00,        -3.036105781103e+01
 2.48455000e+00,        -2.513653528103e+00,        -3.036168114793e+01
 2.48457500e+00,        -2.513742449063e+00,        -3.036230448078e+01
 2.48460000e+00,        -2.513831371228e+00,        -3.036292780961e+01
 2.48462500e+00,        -2.513920294609e+00,        -3.036355113449e+01
 2.48465000e+00,        -2.514009219218e+00,        -3.036417445548e+01
 2.48467500e+00,        -2.514098145066e+00,        -3.036479777262e+01
 2.48470000e+00,        -2.514187072163e+00,        -3.036542108598e+01
 2.48472500e+00,        -2.514276000520e+00,        -3.036604439560e+01
 2.48475000e+00,        -2.514364930149e+00,        -3.036666770155e+01
 2.48477500e+00,        -2.514453861059e+00,        -3.036729100387e+01
 2.48480000e+00,        -2.514542793262e+00,        -3.036791430263e+01
 2.48482500e+00,        -2.514631726768e+00,        -3.036853759787e+01
 2.48485000e+00,        -2.514720661589e+00,        -3.036916088965e+01
 2.48487500e+00,        -2.514809597734e+00,        -3.036978417802e+01
 2.48490000e+00,        -2.514898535216e+00,        -3.037040746304e+01
 2.48492500e+00,        -2.514987474043e+00,        -3.037103074476e+01
 2.48495000e+00,        -2.515076414228e+00,        -3.037165402323e+01
 2.48497500e+00,        -2.515165355781e+00,        -3.037227729852e+01
 2.48500000e+00,        -2.515254298712e+00,        -3.037290057066e+01
 2.48502500e+00,        -2.515343243032e+00,        -3.037352383973e+01
 2.48505000e+00,        -2.515432188752e+00,        -3.037414710576e+01
 2.48507500e+00,        -2.515521135883e+00,        -3.037477036881e+01
 2.48510000e+00,        -2.515610084434e+00,        -3.037539362894e+01
 2.48512500e+00,        -2.515699034417e+00,        -3.037601688620e+01
 2.48515000e+00,        -2.515787985842e+00,        -3.037664014063e+01
 2.48517500e+00,        -2.515876938720e+00,        -3.037726339231e+01
 2.48520000e+00,        -2.515965893061e+00,        -3.037788664126e+01
 2.48522500e+00,        -2.516054848876e+00,        -3.037850988756e+01
 2.48525000e+00,        -2.516143806175e+00,        -3.037913313125e+01
 2.48527500e+00,        -2.516232764968e+00,        -3.037975637239e+01
 2.48530000e+00,        -2.516321725267e+00,        -3.038037961102e+01
 2.48532500e+00,        -2.516410687081e+00,        -3.038100284720e+01
 2.48535000e+00,        -2.516499650421e+00,        -3.038162608099e+01
 2.48537500e+00,        -2.516588615298e+00,        -3.038224931243e+01
 2.48540000e+00,        -2.516677581722e+00,        -3.038287254157e+01
 2.48542500e+00,        -2.516766549702e+00,        -3.038349576847e+01
 2.48545000e+00,        -2.516855519250e+00,        -3.038411899318e+01
 2.48547500e+00,        -2.516944490377e+00,        -3.038474221575e+01
 2.48550000e+00,        -2.517033463091e+00,        -3.038536543623e+01
 2.48552500e+00,        -2.517122437404e+00,        -3.038598865468e+01
 2.48555000e+00,        -2.517211413326e+00,        -3.038661187115e+01
 2.48557500e+00,        -2.517300390866e+00,        -3.038723508568e+01
 2.48560000e+00,        -2.517389370037e+00,        -3.038785829833e+01
 2.48562500e+00,        -2.517478350846e+00,        -3.038848150914e+01
 2.48565000e+00,        -2.517567333306e+00,        -3.038910471818e+01
 2.48567500e+00,        -2.517656317426e+00,        -3.038972792549e+01
 2.48570000e+00,        -2.517745303216e+00,        -3.039035113113e+01
 2.48572500e+00,        -2.517834290686e+00,        -3.039097433513e+01
 2.48575000e+00,        -2.517923279847e+00,        -3.039159753756e+01
 2.48577500e+00,        -2.518012270709e+00,        -3.039222073847e+01
 2.48580000e+00,        -2.518101263282e+00,        -3.039284393790e+01
 2.48582500e+00,        -2.518190257576e+00,        -3.039346713590e+01
 2.48585000e+00,        -2.518279253601e+00,        -3.039409033254e+01
 2.48587500e+00,        -2.518368251367e+00,        -3.039471352784e+01
 2.48590000e+00,        -2.518457250885e+00,        -3.039533672188e+01
 2.48592500e+00,        -2.518546252163e+00,        -3.039595991469e+01
 2.48595000e+00,        -2.518635255214e+00,        -3.039658310633e+01
 2.48597500e+00,        -2.518724260045e+00,        -3.039720629684e+01
 2.48600000e+00,        -2.518813266668e+00,        -3.039782948628e+01
 2.48602500e+00,        -2.518902275093e+00,        -3.039845267469e+01
 2.48605000e+00,        -2.518991285329e+00,        -3.039907586213e+01
 2.48607500e+00,        -2.519080297386e+00,        -3.039969904865e+01
 2.48610000e+00,        -2.519169311275e+00,        -3.040032223429e+01
 2.48612500e+00,        -2.519258327005e+00,        -3.040094541911e+01
 2.48615000e+00,        -2.519347344586e+00,        -3.040156860314e+01
 2.48617500e+00,        -2.519436364028e+00,        -3.040219178645e+01
 2.48620000e+00,        -2.519525385342e+00,        -3.040281496909e+01
 2.48622500e+00,        -2.519614408536e+00,        -3.040343815109e+01
 2.48625000e+00,        -2.519703433620e+00,        -3.040406133251e+01
 2.48627500e+00,        -2.519792460606e+00,        -3.040468451340e+01
 2.48630000e+00,        -2.519881489501e+00,        -3.040530769381e+01
 2.48632500e+00,        -2.519970520317e+00,        -3.040593087379e+01
 2.48635000e+00,        -2.520059553063e+00,        -3.040655405337e+01
 2.48637500e+00,        -2.520148587749e+00,        -3.040717723263e+01
 2.48640000e+00,        -2.520237624384e+00,        -3.040780041159e+01
 2.48642500e+00,        -2.520326662979e+00,        -3.040842359031e+01
 2.48645000e+00,        -2.520415703543e+00,        -3.040904676885e+01
 2.48647500e+00,        -2.520504746085e+00,        -3.040966994723e+01
 2.48650000e+00,        -2.520593790616e+00,        -3.041029312553e+01
 2.48652500e+00,        -2.520682837145e+00,        -3.041091630377e+01
 2.48655000e+00,        -2.520771885683e+00,        -3.041153948202e+01
 2.48657500e+00,        -2.520860936237e+00,        -3.041216266031e+01
 2.48660000e+00,        -2.520949988819e+00,        -3.041278583870e+01
 2.48662500e+00,        -2.521039043438e+00,        -3.041340901724e+01
 2.48665000e+00,        -2.521128100103e+00,        -3.041403219596e+01
 2.48667500e+00,        -2.521217158824e+00,        -3.041465537493e+01
 2.48670000e+00,        -2.521306219611e+00,        -3.041527855418e+01
 2.48672500e+00,        -2.521395282473e+00,        -3.041590173377e+01
 2.48675000e+00,        -2.521484347420e+00,        -3.041652491373e+01
 2.48677500e+00,        -2.521573414462e+00,        -3.041714809413e+01
 2.48680000e+00,        -2.521662483607e+00,        -3.041777127500e+01
 2.48682500e+00,        -2.521751554866e+00,        -3.041839445640e+01
 2.48685000e+00,        -2.521840628248e+00,        -3.041901763836e+01
 2.48687500e+00,        -2.521929703762e+00,        -3.041964082094e+01
 2.48690000e+00,        -2.522018781419e+00,        -3.042026400418e+01
 2.48692500e+00,        -2.522107861226e+00,        -3.042088718814e+01
 2.48695000e+00,        -2.522196943195e+00,        -3.042151037285e+01
 2.48697500e+00,        -2.522286027334e+00,        -3.042213355836e+01
 2.48700000e+00,        -2.522375113653e+00,        -3.042275674473e+01
 2.48702500e+00,        -2.522464202161e+00,        -3.042337993199e+01
 2.48705000e+00,        -2.522553292867e+00,        -3.042400312019e+01
 2.48707500e+00,        -2.522642385782e+00,        -3.042462630938e+01
 2.48710000e+00,        -2.522731480914e+00,        -3.042524949961e+01
 2.48712500e+00,        -2.522820578272e+00,        -3.042587269092e+01
 2.48715000e+00,        -2.522909677867e+00,        -3.042649588335e+01
 2.48717500e+00,        -2.522998779707e+00,        -3.042711907696e+01
 2.48720000e+00,        -2.523087883802e+00,        -3.042774227179e+01
 2.48722500e+00,        -2.523176990160e+00,        -3.042836546788e+01
 2.48725000e+00,        -2.523266098793e+00,        -3.042898866529e+01
 2.48727500e+00,        -2.523355209707e+00,        -3.042961186405e+01
 2.48730000e+00,        -2.523444322914e+00,        -3.043023506421e+01
 2.48732500e+00,        -2.523533438422e+00,        -3.043085826582e+01
 2.48735000e+00,        -2.523622556240e+00,        -3.043148146893e+01
 2.48737500e+00,        -2.523711676378e+00,        -3.043210467357e+01
 2.48740000e+00,        -2.523800798845e+00,        -3.043272787979e+01
 2.48742500e+00,        -2.523889923649e+00,        -3.043335108765e+01
 2.48745000e+00,        -2.523979050801e+00,        -3.043397429718e+01
 2.48747500e+00,        -2.524068180310e+00,        -3.043459750843e+01
 2.48750000e+00,        -2.524157312184e+00,        -3.043522072144e+01
 2.48752500e+00,        -2.524246446432e+00,        -3.043584393626e+01
 2.48755000e+00,        -2.524335583065e+00,        -3.043646715293e+01
 2.48757500e+00,        -2.524424722090e+00,        -3.043709037151e+01
 2.48760000e+00,        -2.524513863518e+00,        -3.043771359202e+01
 2.48762500e+00,        -2.524603007357e+00,        -3.043833681453e+01
 2.48765000e+00,        -2.524692153616e+00,        -3.043896003906e+01
 2.48767500e+00,        -2.524781302304e+00,        -3.043958326568e+01
 2.48770000e+00,        -2.524870453431e+00,        -3.044020649441e+01
 2.48772500e+00,        -2.524959607006e+00,        -3.044082972532e+01
 2.48775000e+00,        -2.525048763036e+00,        -3.044145295843e+01
 2.48777500e+00,        -2.525137921533e+00,        -3.044207619379e+01
 2.48780000e+00,        -2.525227082504e+00,        -3.044269943146e+01
 2.48782500e+00,        -2.525316245959e+00,        -3.044332267146e+01
 2.48785000e+00,        -2.525405411906e+00,        -3.044394591386e+01
 2.48787500e+00,        -2.525494580354e+00,        -3.044456915868e+01
 2.48790000e+00,        -2.525583751314e+00,        -3.044519240598e+01
 2.48792500e+00,        -2.525672924792e+00,        -3.044581565579e+01
 2.48795000e+00,        -2.525762100799e+00,        -3.044643890817e+01
 2.48797500e+00,        -2.525851279344e+00,        -3.044706216315e+01
 2.48800000e+00,        -2.525940460434e+00,        -3.044768542078e+01
 2.48802500e+00,        -2.526029644080e+00,        -3.044830868111e+01
 2.48805000e+00,        -2.526118830289e+00,        -3.044893194417e+01
 2.48807500e+00,        -2.526208019072e+00,        -3.044955521001e+01
 2.48810000e+00,        -2.526297210436e+00,        -3.045017847867e+01
 2.48812500e+00,        -2.526386404391e+00,        -3.045080175019e+01
 2.48815000e+00,        -2.526475600946e+00,        -3.045142502463e+01
 2.48817500e+00,        -2.526564800108e+00,        -3.045204830202e+01
 2.48820000e+00,        -2.526654001888e+00,        -3.045267158240e+01
 2.48822500e+00,        -2.526743206294e+00,        -3.045329486582e+01
 2.48825000e+00,        -2.526832413334e+00,        -3.045391815232e+01
 2.48827500e+00,        -2.526921623018e+00,        -3.045454144195e+01
 2.48830000e+00,        -2.527010835354e+00,        -3.045516473474e+01
 2.48832500e+00,        -2.527100050352e+00,        -3.045578803074e+01
 2.48835000e+00,        -2.527189268018e+00,        -3.045641132999e+01
 2.48837500e+00,        -2.527278488364e+00,        -3.045703463253e+01
 2.48840000e+00,        -2.527367711397e+00,        -3.045765793842e+01
 2.48842500e+00,        -2.527456937125e+00,        -3.045828124768e+01
 2.48845000e+00,        -2.527546165559e+00,        -3.045890456036e+01
 2.48847500e+00,        -2.527635396705e+00,        -3.045952787651e+01
 2.48850000e+00,        -2.527724630574e+00,        -3.046015119616e+01
 2.48852500e+00,        -2.527813867173e+00,        -3.046077451936e+01
 2.48855000e+00,        -2.527903106512e+00,        -3.046139784615e+01
 2.48857500e+00,        -2.527992348599e+00,        -3.046202117657e+01
 2.48860000e+00,        -2.528081593442e+00,        -3.046264451067e+01
 2.48862500e+00,        -2.528170841050e+00,        -3.046326784848e+01
 2.48865000e+00,        -2.528260091433e+00,        -3.046389119005e+01
 2.48867500e+00,        -2.528349344598e+00,        -3.046451453542e+01
 2.48870000e+00,        -2.528438600553e+00,        -3.046513788463e+01
 2.48872500e+00,        -2.528527859309e+00,        -3.046576123773e+01
 2.48875000e+00,        -2.528617120872e+00,        -3.046638459474e+01
 2.48877500e+00,        -2.528706385253e+00,        -3.046700795573e+01
 2.48880000e+00,        -2.528795652459e+00,        -3.046763132072e+01
 2.48882500e+00,        -2.528884922498e+00,        -3.046825468976e+01
 2.48885000e+00,        -2.528974195380e+00,        -3.046887806289e+01
 2.48887500e+00,        -2.529063471112e+00,        -3.046950144016e+01
 2.48890000e+00,        -2.529152749704e+00,        -3.047012482159e+01
 2.48892500e+00,        -2.529242031164e+00,        -3.047074820724e+01
 2.48895000e+00,        -2.529331315500e+00,        -3.047137159714e+01
 2.48897500e+00,        -2.529420602721e+00,        -3.047199499134e+01
 2.48900000e+00,        -2.529509892835e+00,        -3.047261838988e+01
 2.48902500e+00,        -2.529599185851e+00,        -3.047324179279e+01
 2.48905000e+00,        -2.529688481777e+00,        -3.047386520012e+01
 2.48907500e+00,        -2.529777780621e+00,        -3.047448861191e+01
 2.48910000e+00,        -2.529867082393e+00,        -3.047511202821e+01
 2.48912500e+00,        -2.529956387099e+00,        -3.047573544904e+01
 2.48915000e+00,        -2.530045694750e+00,        -3.047635887445e+01
 2.48917500e+00,        -2.530135005353e+00,        -3.047698230448e+01
 2.48920000e+00,        -2.530224318916e+00,        -3.047760573918e+01
 2.48922500e+00,        -2.530313635448e+00,        -3.047822917858e+01
 2.48925000e+00,        -2.530402954957e+00,        -3.047885262272e+01
 2.48927500e+00,        -2.530492277451e+00,        -3.047947607164e+01
 2.48930000e+00,        -2.530581602940e+00,        -3.048009952539e+01
 2.48932500e+00,        -2.530670931431e+00,        -3.048072298400e+01
 2.48935000e+00,        -2.530760262932e+00,        -3.048134644752e+01
 2.48937500e+00,        -2.530849597452e+00,        -3.048196991598e+01
 2.48940000e+00,        -2.530938934999e+00,        -3.048259338942e+01
 2.48942500e+00,        -2.531028275582e+00,        -3.048321686788e+01
 2.48945000e+00,        -2.531117619208e+00,        -3.048384035141e+01
 2.48947500e+00,        -2.531206965886e+00,        -3.048446384004e+01
 2.48950000e+00,        -2.531296315624e+00,        -3.048508733382e+01
 2.48952500e+00,        -2.531385668430e+00,        -3.048571083277e+01
 2.48955000e+00,        -2.531475024313e+00,        -3.048633433695e+01
 2.48957500e+00,        -2.531564383281e+00,        -3.048695784639e+01
 2.48960000e+00,        -2.531653745342e+00,        -3.048758136114e+01
 2.48962500e+00,        -2.531743110504e+00,        -3.048820488122e+01
 2.48965000e+00,        -2.531832478776e+00,        -3.048882840668e+01
 2.48967500e+00,        -2.531921850165e+00,        -3.048945193756e+01
 2.48970000e+00,        -2.532011224680e+00,        -3.049007547390e+01
 2.48972500e+00,        -2.532100602329e+00,        -3.049069901574e+01
 2.48975000e+00,        -2.532189983119e+00,        -3.049132256312e+01
 2.48977500e+00,        -2.532279367060e+00,        -3.049194611607e+01
 2.48980000e+00,        -2.532368754160e+00,        -3.049256967464e+01
 2.48982500e+00,        -2.532458144425e+00,        -3.049319323886e+01
 2.48985000e+00,        -2.532547537866e+00,        -3.049381680877e+01
 2.48987500e+00,        -2.532636934488e+00,        -3.049444038442e+01
 2.48990000e+00,        -2.532726334302e+00,        -3.049506396584e+01
 2.48992500e+00,        -2.532815737314e+00,        -3.049568755306e+01
 2.48995000e+00,        -2.532905143534e+00,        -3.049631114614e+01
 2.48997500e+00,        -2.532994552968e+00,        -3.049693474510e+01
 2.49000000e+00,        -2.533083965625e+00,        -3.049755834999e+01
 2.49002500e+00,        -2.533173381513e+00,        -3.049818196084e+01
 2.49005000e+00,        -2.533262800640e+00,        -3.049880557770e+01
 2.49007500e+00,        -2.533352223014e+00,        -3.049942920059e+01
 2.49010000e+00,        -2.533441648644e+00,        -3.050005282957e+01
 2.49012500e+00,        -2.533531077536e+00,        -3.050067646466e+01
 2.49015000e+00,        -2.533620509699e+00,        -3.050130010591e+01
 2.49017500e+00,        -2.533709945142e+00,        -3.050192375335e+01
 2.49020000e+00,        -2.533799383871e+00,        -3.050254740703e+01
 2.49022500e+00,        -2.533888825896e+00,        -3.050317106698e+01
 2.49025000e+00,        -2.533978271223e+00,        -3.050379473323e+01
 2.49027500e+00,        -2.534067719862e+00,        -3.050441840584e+01
 2.49030000e+00,        -2.534157171819e+00,        -3.050504208482e+01
 2.49032500e+00,        -2.534246627102e+00,        -3.050566577023e+01
 2.49035000e+00,        -2.534336085721e+00,        -3.050628946210e+01
 2.49037500e+00,        -2.534425547682e+00,        -3.050691316047e+01
 2.49040000e+00,        -2.534515012994e+00,        -3.050753686538e+01
 2.49042500e+00,        -2.534604481664e+00,        -3.050816057685e+01
 2.49045000e+00,        -2.534693953700e+00,        -3.050878429494e+01
 2.49047500e+00,        -2.534783429110e+00,        -3.050940801968e+01
 2.49050000e+00,        -2.534872907902e+00,        -3.051003175111e+01
 2.49052500e+00,        -2.534962390085e+00,        -3.051065548926e+01
 2.49055000e+00,        -2.535051875664e+00,        -3.051127923417e+01
 2.49057500e+00,        -2.535141364650e+00,        -3.051190298587e+01
 2.49060000e+00,        -2.535230857048e+00,        -3.051252674442e+01
 2.49062500e+00,        -2.535320352868e+00,        -3.051315050984e+01
 2.49065000e+00,        -2.535409852117e+00,        -3.051377428216e+01
 2.49067500e+00,        -2.535499354802e+00,        -3.051439806144e+01
 2.49070000e+00,        -2.535588860933e+00,        -3.051502184770e+01
 2.49072500e+00,        -2.535678370515e+00,        -3.051564564099e+01
 2.49075000e+00,        -2.535767883558e+00,        -3.051626944133e+01
 2.49077500e+00,        -2.535857400068e+00,        -3.051689324877e+01
 2.49080000e+00,        -2.535946920054e+00,        -3.051751706334e+01
 2.49082500e+00,        -2.536036443524e+00,        -3.051814088508e+01
 2.49085000e+00,        -2.536125970484e+00,        -3.051876471402e+01
 2.49087500e+00,        -2.536215500944e+00,        -3.051938855021e+01
 2.49090000e+00,        -2.536305034910e+00,        -3.052001239369e+01
 2.49092500e+00,        -2.536394572390e+00,        -3.052063624447e+01
 2.49095000e+00,        -2.536484113393e+00,        -3.052126010261e+01
 2.49097500e+00,        -2.536573657925e+00,        -3.052188396814e+01
 2.49100000e+00,        -2.536663205994e+00,        -3.052250784110e+01
 2.49102500e+00,        -2.536752757609e+00,        -3.052313172152e+01
 2.49105000e+00,        -2.536842312776e+00,        -3.052375560944e+01
 2.49107500e+00,        -2.536931871504e+00,        -3.052437950490e+01
 2.49110000e+00,        -2.537021433800e+00,        -3.052500340792e+01
 2.49112500e+00,        -2.537110999671e+00,        -3.052562731856e+01
 2.49115000e+00,        -2.537200569126e+00,        -3.052625123684e+01
 2.49117500e+00,        -2.537290142172e+00,        -3.052687516280e+01
 2.49120000e+00,        -2.537379718816e+00,        -3.052749909648e+01
 2.49122500e+00,        -2.537469299067e+00,        -3.052812303791e+01
 2.49125000e+00,        -2.537558882931e+00,        -3.052874698713e+01
 2.49127500e+00,        -2.537648470417e+00,        -3.052937094417e+01
 2.49130000e+00,        -2.537738061532e+00,        -3.052999490908e+01
 2.49132500e+00,        -2.537827656283e+00,        -3.053061888188e+01
 2.49135000e+00,        -2.537917254679e+00,        -3.053124286262e+01
 2.49137500e+00,        -2.538006856726e+00,        -3.053186685132e+01
 2.49140000e+00,        -2.538096462433e+00,        -3.053249084803e+01
 2.49142500e+00,        -2.538186071806e+00,        -3.053311485278e+01
 2.49145000e+00,        -2.538275684854e+00,        -3.053373886560e+01
 2.49147500e+00,        -2.538365301583e+00,        -3.053436288654e+01
 2.49150000e+00,        -2.538454922002e+00,        -3.053498691562e+01
 2.49152500e+00,        -2.538544546118e+00,        -3.053561095289e+01
 2.49155000e+00,        -2.538634173939e+00,        -3.053623499837e+01
 2.49157500e+00,        -2.538723805471e+00,        -3.053685905211e+01
 2.49160000e+00,        -2.538813440723e+00,        -3.053748311413e+01
 2.49162500e+00,        -2.538903079701e+00,        -3.053810718448e+01
 2.49165000e+00,        -2.538992722415e+00,        -3.053873126319e+01
 2.49167500e+00,        -2.539082368869e+00,        -3.053935535029e+01
 2.49170000e+00,        -2.539172019074e+00,        -3.053997944583e+01
 2.49172500e+00,        -2.539261673035e+00,        -3.054060354982e+01
 2.49175000e+00,        -2.539351330760e+00,        -3.054122766232e+01
 2.49177500e+00,        -2.539440992257e+00,        -3.054185178336e+01
 2.49180000e+00,        -2.539530657533e+00,        -3.054247591296e+01
 2.49182500e+00,        -2.539620326595e+00,        -3.054310005117e+01
 2.49185000e+00,        -2.539709999452e+00,        -3.054372419802e+01
 2.49187500e+00,        -2.539799676109e+00,        -3.054434835354e+01
 2.49190000e+00,        -2.539889356576e+00,        -3.054497251777e+01
 2.49192500e+00,        -2.539979040858e+00,        -3.054559669075e+01
 2.49195000e+00,        -2.540068728964e+00,        -3.054622087251e+01
 2.49197500e+00,        -2.540158420901e+00,        -3.054684506308e+01
 2.49200000e+00,        -2.540248116677e+00,        -3.054746926251e+01
 2.49202500e+00,        -2.540337816297e+00,        -3.054809347081e+01
 2.49205000e+00,        -2.540427519771e+00,        -3.054871768803e+01
 2.49207500e+00,        -2.540517227105e+00,        -3.054934191421e+01
 2.49210000e+00,        -2.540606938307e+00,        -3.054996614937e+01
 2.49212500e+00,        -2.540696653384e+00,        -3.055059039356e+01
 2.49215000e+00,        -2.540786372343e+00,        -3.055121464680e+01
 2.49217500e+00,        -2.540876095192e+00,        -3.055183890913e+01
 2.49220000e+00,        -2.540965821937e+00,        -3.055246318058e+01
 2.49222500e+00,        -2.541055552587e+00,        -3.055308746120e+01
 2.49225000e+00,        -2.541145287148e+00,        -3.055371175100e+01
 2.49227500e+00,        -2.541235025629e+00,        -3.055433605004e+01
 2.49230000e+00,        -2.541324768035e+00,        -3.055496035834e+01
 2.49232500e+00,        -2.541414514375e+00,        -3.055558467593e+01
 2.49235000e+00,        -2.541504264655e+00,        -3.055620900285e+01
 2.49237500e+00,        -2.541594018883e+00,        -3.055683333914e+01
 2.49240000e+00,        -2.541683777067e+00,        -3.055745768482e+01
 2.49242500e+00,        -2.541773539213e+00,        -3.055808203994e+01
 2.49245000e+00,        -2.541863305328e+00,        -3.055870640452e+01
 2.49247500e+00,        -2.541953075421e+00,        -3.055933077860e+01
 2.49250000e+00,        -2.542042849497e+00,        -3.055995516222e+01
 2.49252500e+00,        -2.542132627565e+00,        -3.056057955540e+01
 2.49255000e+00,        -2.542222409631e+00,        -3.056120395818e+01
 2.49257500e+00,        -2.542312195703e+00,        -3.056182837060e+01
 2.49260000e+00,        -2.542401985788e+00,        -3.056245279269e+01
 2.49262500e+00,        -2.542491779893e+00,        -3.056307722447e+01
 2.49265000e+00,        -2.542581578026e+00,        -3.056370166600e+01
 2.49267500e+00,        -2.542671380192e+00,        -3.056432611729e+01
 2.49270000e+00,        -2.542761186401e+00,        -3.056495057839e+01
 2.49272500e+00,        -2.542850996658e+00,        -3.056557504932e+01
 2.49275000e+00,        -2.542940810971e+00,        -3.056619953012e+01
 2.49277500e+00,        -2.543030629348e+00,        -3.056682402082e+01
 2.49280000e+00,        -2.543120451794e+00,        -3.056744852146e+01
 2.49282500e+00,        -2.543210278318e+00,        -3.056807303207e+01
 2.49285000e+00,        -2.543300108927e+00,        -3.056869755268e+01
 2.49287500e+00,        -2.543389943627e+00,        -3.056932208333e+01
 2.49290000e+00,        -2.543479782426e+00,        -3.056994662405e+01
 2.49292500e+00,        -2.543569625330e+00,        -3.057057117487e+01
 2.49295000e+00,        -2.543659472348e+00,        -3.057119573582e+01
 2.49297500e+00,        -2.543749323486e+00,        -3.057182030695e+01
 2.49300000e+00,        -2.543839178751e+00,        -3.057244488827e+01
 2.49302500e+00,        -2.543929038150e+00,        -3.057306947983e+01
 2.49305000e+00,        -2.544018901690e+00,        -3.057369408166e+01
 2.49307500e+00,        -2.544108769379e+00,        -3.057431869379e+01
 2.49310000e+00,        -2.544198641223e+00,        -3.057494331625e+01
 2.49312500e+00,        -2.544288517230e+00,        -3.057556794908e+01
 2.49315000e+00,        -2.544378397406e+00,        -3.057619259230e+01
 2.49317500e+00,        -2.544468281759e+00,        -3.057681724596e+01
 2.49320000e+00,        -2.544558170295e+00,        -3.057744191008e+01
 2.49322500e+00,        -2.544648063022e+00,        -3.057806658470e+01
 2.49325000e+00,        -2.544737959947e+00,        -3.057869126985e+01
 2.49327500e+00,        -2.544827861076e+00,        -3.057931596557e+01
 2.49330000e+00,        -2.544917766417e+00,        -3.057994067187e+01
 2.49332500e+00,        -2.545007675977e+00,        -3.058056538881e+01
 2.49335000e+00,        -2.545097589762e+00,        -3.058119011640e+01
 2.49337500e+00,        -2.545187507780e+00,        -3.058181485469e+01
 2.49340000e+00,        -2.545277430038e+00,        -3.058243960370e+01
 2.49342500e+00,        -2.545367356542e+00,        -3.058306436347e+01
 2.49345000e+00,        -2.545457287300e+00,        -3.058368913403e+01
 2.49347500e+00,        -2.545547222319e+00,        -3.058431391541e+01
 2.49350000e+00,        -2.545637161605e+00,        -3.058493870764e+01
 2.49352500e+00,        -2.545727105166e+00,        -3.058556351076e+01
 2.49355000e+00,        -2.545817053008e+00,        -3.058618832480e+01
 2.49357500e+00,        -2.545907005138e+00,        -3.058681314979e+01
 2.49360000e+00,        -2.545996961564e+00,        -3.058743798577e+01
 2.49362500e+00,        -2.546086922292e+00,        -3.058806283276e+01
 2.49365000e+00,        -2.546176887330e+00,        -3.058868769079e+01
 2.49367500e+00,        -2.546266856683e+00,        -3.058931255991e+01
 2.49370000e+00,        -2.546356830359e+00,        -3.058993744014e+01
 2.49372500e+00,        -2.546446808366e+00,        -3.059056233151e+01
 2.49375000e+00,        -2.546536790709e+00,        -3.059118723405e+01
 2.49377500e+00,        -2.546626777396e+00,        -3.059181214780e+01
 2.49380000e+00,        -2.546716768433e+00,        -3.059243707279e+01
 2.49382500e+00,        -2.546806763828e+00,        -3.059306200905e+01
 2.49385000e+00,        -2.546896763587e+00,        -3.059368695662e+01
 2.49387500e+00,        -2.546986767718e+00,        -3.059431191551e+01
 2.49390000e+00,        -2.547076776226e+00,        -3.059493688578e+01
 2.49392500e+00,        -2.547166789120e+00,        -3.059556186744e+01
 2.49395000e+00,        -2.547256806405e+00,        -3.059618686053e+01
 2.49397500e+00,        -2.547346828089e+00,        -3.059681186508e+01
 2.49400000e+00,        -2.547436854178e+00,        -3.059743688112e+01
 2.49402500e+00,        -2.547526884680e+00,        -3.059806190869e+01
 2.49405000e+00,        -2.547616919601e+00,        -3.059868694781e+01
 2.49407500e+00,        -2.547706958948e+00,        -3.059931199852e+01
 2.49410000e+00,        -2.547797002728e+00,        -3.059993706085e+01
 2.49412500e+00,        -2.547887050947e+00,        -3.060056213483e+01
 2.49415000e+00,        -2.547977103613e+00,        -3.060118722049e+01
 2.49417500e+00,        -2.548067160732e+00,        -3.060181231786e+01
 2.49420000e+00,        -2.548157222311e+00,        -3.060243742697e+01
 2.49422500e+00,        -2.548247288356e+00,        -3.060306254786e+01
 2.49425000e+00,        -2.548337358876e+00,        -3.060368768056e+01
 2.49427500e+00,        -2.548427433875e+00,        -3.060431282509e+01
 2.49430000e+00,        -2.548517513362e+00,        -3.060493798149e+01
 2.49432500e+00,        -2.548607597343e+00,        -3.060556314979e+01
 2.49435000e+00,        -2.548697685824e+00,        -3.060618833002e+01
 2.49437500e+00,        -2.548787778813e+00,        -3.060681352222e+01
 2.49440000e+00,        -2.548877876316e+00,        -3.060743872640e+01
 2.49442500e+00,        -2.548967978340e+00,        -3.060806394262e+01
 2.49445000e+00,        -2.549058084892e+00,        -3.060868917088e+01
 2.49447500e+00,        -2.549148195978e+00,        -3.060931441123e+01
 2.49450000e+00,        -2.549238311605e+00,        -3.060993966370e+01
 2.49452500e+00,        -2.549328431780e+00,        -3.061056492832e+01
 2.49455000e+00,        -2.549418556510e+00,        -3.061119020511e+01
 2.49457500e+00,        -2.549508685800e+00,        -3.061181549412e+01
 2.49460000e+00,        -2.549598819659e+00,        -3.061244079536e+01
 2.49462500e+00,        -2.549688958093e+00,        -3.061306610887e+01
 2.49465000e+00,        -2.549779101108e+00,        -3.061369143469e+01
 2.49467500e+00,        -2.549869248711e+00,        -3.061431677284e+01
 2.49470000e+00,        -2.549959400909e+00,        -3.061494212335e+01
 2.49472500e+00,        -2.550049557708e+00,        -3.061556748626e+01
 2.49475000e+00,        -2.550139719115e+00,        -3.061619286158e+01
 2.49477500e+00,        -2.550229885138e+00,        -3.061681824937e+01
 2.49480000e+00,        -2.550320055781e+00,        -3.061744364964e+01
 2.49482500e+00,        -2.550410231053e+00,        -3.061806906242e+01
 2.49485000e+00,        -2.550500410960e+00,        -3.061869448775e+01
 2.49487500e+00,        -2.550590595508e+00,        -3.061931992566e+01
 2.49490000e+00,        -2.550680784704e+00,        -3.061994537617e+01
 2.49492500e+00,        -2.550770978554e+00,        -3.062057083932e+01
 2.49495000e+00,        -2.550861177067e+00,        -3.062119631514e+01
 2.49497500e+00,        -2.550951380247e+00,        -3.062182180366e+01
 2.49500000e+00,        -2.551041588102e+00,        -3.062244730490e+01
 2.49502500e+00,        -2.551131800638e+00,        -3.062307281891e+01
 2.49505000e+00,        -2.551222017861e+00,        -3.062369834570e+01
 2.49507500e+00,        -2.551312239780e+00,        -3.062432388531e+01
 2.49510000e+00,        -2.551402466399e+00,        -3.062494943777e+01
 2.49512500e+00,        -2.551492697726e+00,        -3.062557500311e+01
 2.49515000e+00,        -2.551582933768e+00,        -3.062620058136e+01
 2.49517500e+00,        -2.551673174530e+00,        -3.062682617255e+01
 2.49520000e+00,        -2.551763420019e+00,        -3.062745177670e+01
 2.49522500e+00,        -2.551853670243e+00,        -3.062807739386e+01
 2.49525000e+00,        -2.551943925207e+00,        -3.062870302405e+01
 2.49527500e+00,        -2.552034184919e+00,        -3.062932866729e+01
 2.49530000e+00,        -2.552124449384e+00,        -3.062995432363e+01
 2.49532500e+00,        -2.552214718609e+00,        -3.063057999308e+01
 2.49535000e+00,        -2.552304992602e+00,        -3.063120567569e+01
 2.49537500e+00,        -2.552395271367e+00,        -3.063183137147e+01
 2.49540000e+00,        -2.552485554913e+00,        -3.063245708046e+01
 2.49542500e+00,        -2.552575843245e+00,        -3.063308280269e+01
 2.49545000e+00,        -2.552666136371e+00,        -3.063370853819e+01
 2.49547500e+00,        -2.552756434295e+00,        -3.063433428698e+01
 2.49550000e+00,        -2.552846737026e+00,        -3.063496004911e+01
 2.49552500e+00,        -2.552937044570e+00,        -3.063558582459e+01
 2.49555000e+00,        -2.553027356932e+00,        -3.063621161345e+01
 2.49557500e+00,        -2.553117674121e+00,        -3.063683741574e+01
 2.49560000e+00,        -2.553207996141e+00,        -3.063746323147e+01
 2.49562500e+00,        -2.553298323000e+00,        -3.063808906068e+01
 2.49565000e+00,        -2.553388654704e+00,        -3.063871490339e+01
 2.49567500e+00,        -2.553478991260e+00,        -3.063934075963e+01
 2.49570000e+00,        -2.553569332675e+00,        -3.063996662944e+01
 2.49572500e+00,        -2.553659678953e+00,        -3.064059251285e+01
 2.49575000e+00,        -2.553750030103e+00,        -3.064121840987e+01
 2.49577500e+00,        -2.553840386131e+00,        -3.064184432055e+01
 2.49580000e+00,        -2.553930747042e+00,        -3.064247024492e+01
 2.49582500e+00,        -2.554021112845e+00,        -3.064309618299e+01
 2.49585000e+00,        -2.554111483544e+00,        -3.064372213480e+01
 2.49587500e+00,        -2.554201859146e+00,        -3.064434810038e+01
 2.49590000e+00,        -2.554292239659e+00,        -3.064497407977e+01
 2.49592500e+00,        -2.554382625088e+00,        -3.064560007297e+01
 2.49595000e+00,        -2.554473015440e+00,        -3.064622608004e+01
 2.49597500e+00,        -2.554563410721e+00,        -3.064685210100e+01
 2.49600000e+00,        -2.554653810938e+00,        -3.064747813587e+01
 2.49602500e+00,        -2.554744216096e+00,        -3.064810418468e+01
 2.49605000e+00,        -2.554834626204e+00,        -3.064873024747e+01
 2.49607500e+00,        -2.554925041267e+00,        -3.064935632426e+01
 2.49610000e+00,        -2.555015461290e+00,        -3.064998241508e+01
 2.49612500e+00,        -2.555105886282e+00,        -3.065060851997e+01
 2.49615000e+00,        -2.555196316248e+00,        -3.065123463894e+01
 2.49617500e+00,        -2.555286751195e+00,        -3.065186077203e+01
 2.49620000e+00,        -2.555377191129e+00,        -3.065248691928e+01
 2.49622500e+00,        -2.555467636056e+00,        -3.065311308069e+01
 2.49625000e+00,        -2.555558085983e+00,        -3.065373925632e+01
 2.49627500e+00,        -2.555648540917e+00,        -3.065436544618e+01
 2.49630000e+00,        -2.555739000863e+00,        -3.065499165030e+01
 2.49632500e+00,        -2.555829465828e+00,        -3.065561786871e+01
 2.49635000e+00,        -2.555919935818e+00,        -3.065624410145e+01
 2.49637500e+00,        -2.556010410840e+00,        -3.065687034853e+01
 2.49640000e+00,        -2.556100890901e+00,        -3.065749660999e+01
 2.49642500e+00,        -2.556191376006e+00,        -3.065812288586e+01
 2.49645000e+00,        -2.556281866161e+00,        -3.065874917617e+01
 2.49647500e+00,        -2.556372361375e+00,        -3.065937548094e+01
 2.49650000e+00,        -2.556462861651e+00,        -3.066000180020e+01
 2.49652500e+00,        -2.556553366998e+00,        -3.066062813399e+01
 2.49655000e+00,        -2.556643877421e+00,        -3.066125448232e+01
 2.49657500e+00,        -2.556734392926e+00,        -3.066188084524e+01
 2.49660000e+00,        -2.556824913521e+00,        -3.066250722276e+01
 2.49662500e+00,        -2.556915439211e+00,        -3.066313361492e+01
 2.49665000e+00,        -2.557005970002e+00,        -3.066376002174e+01
 2.49667500e+00,        -2.557096505902e+00,        -3.066438644325e+01
 2.49670000e+00,        -2.557187046915e+00,        -3.066501287949e+01
 2.49672500e+00,        -2.557277593050e+00,        -3.066563933048e+01
 2.49675000e+00,        -2.557368144311e+00,        -3.066626579624e+01
 2.49677500e+00,        -2.557458700706e+00,        -3.066689227681e+01
 2.49680000e+00,        -2.557549262240e+00,        -3.066751877221e+01
 2.49682500e+00,        -2.557639828920e+00,        -3.066814528248e+01
 2.49685000e+00,        -2.557730400752e+00,        -3.066877180764e+01
 2.49687500e+00,        -2.557820977743e+00,        -3.066939834772e+01
 2.49690000e+00,        -2.557911559898e+00,        -3.067002490275e+01
 2.49692500e+00,        -2.558002147224e+00,        -3.067065147275e+01
 2.49695000e+00,        -2.558092739728e+00,        -3.067127805775e+01
 2.49697500e+00,        -2.558183337416e+00,        -3.067190465779e+01
 2.49700000e+00,        -2.558273940293e+00,        -3.067253127289e+01
 2.49702500e+00,        -2.558364548366e+00,        -3.067315790308e+01
 2.49705000e+00,        -2.558455161642e+00,        -3.067378454839e+01
 2.49707500e+00,        -2.558545780127e+00,        -3.067441120884e+01
 2.49710000e+00,        -2.558636403826e+00,        -3.067503788446e+01
 2.49712500e+00,        -2.558727032747e+00,        -3.067566457528e+01
 2.49715000e+00,        -2.558817666895e+00,        -3.067629128133e+01
 2.49717500e+00,        -2.558908306277e+00,        -3.067691800264e+01
 2.49720000e+00,        -2.558998950899e+00,        -3.067754473924e+01
 2.49722500e+00,        -2.559089600767e+00,        -3.067817149114e+01
 2.49725000e+00,        -2.559180255888e+00,        -3.067879825839e+01
 2.49727500e+00,        -2.559270916267e+00,        -3.067942504101e+01
 2.49730000e+00,        -2.559361581911e+00,        -3.068005183902e+01
 2.49732500e+00,        -2.559452252827e+00,        -3.068067865246e+01
 2.49735000e+00,        -2.559542929019e+00,        -3.068130548135e+01
 2.49737500e+00,        -2.559633610496e+00,        -3.068193232571e+01
 2.49740000e+00,        -2.559724297262e+00,        -3.068255918559e+01
 2.49742500e+00,        -2.559814989324e+00,        -3.068318606100e+01
 2.49745000e+00,        -2.559905686689e+00,        -3.068381295198e+01
 2.49747500e+00,        -2.559996389362e+00,        -3.068443985855e+01
 2.49750000e+00,        -2.560087097350e+00,        -3.068506678073e+01
 2.49752500e+00,        -2.560177810659e+00,        -3.068569371856e+01
 2.49755000e+00,        -2.560268529295e+00,        -3.068632067207e+01
 2.49757500e+00,        -2.560359253264e+00,        -3.068694764127e+01
 2.49760000e+00,        -2.560449982572e+00,        -3.068757462621e+01
 2.49762500e+00,        -2.560540717227e+00,        -3.068820162690e+01
 2.49765000e+00,        -2.560631457233e+00,        -3.068882864338e+01
 2.49767500e+00,        -2.560722202597e+00,        -3.068945567567e+01
 2.49770000e+00,        -2.560812953326e+00,        -3.069008272380e+01
 2.49772500e+00,        -2.560903709424e+00,        -3.069070978779e+01
 2.49775000e+00,        -2.560994470900e+00,        -3.069133686768e+01
 2.49777500e+00,        -2.561085237758e+00,        -3.069196396349e+01
 2.49780000e+00,        -2.561176010005e+00,        -3.069259107525e+01
 2.49782500e+00,        -2.561266787647e+00,        -3.069321820299e+01
 2.49785000e+00,        -2.561357570691e+00,        -3.069384534673e+01
 2.49787500e+00,        -2.561448359142e+00,        -3.069447250650e+01
 2.49790000e+00,        -2.561539153006e+00,        -3.069509968234e+01
 2.49792500e+00,        -2.561629952290e+00,        -3.069572687425e+01
 2.49795000e+00,        -2.561720757000e+00,        -3.069635408229e+01
 2.49797500e+00,        -2.561811567142e+00,        -3.069698130646e+01
 2.49800000e+00,        -2.561902382723e+00,        -3.069760854680e+01
 2.49802500e+00,        -2.561993203747e+00,        -3.069823580333e+01
 2.49805000e+00,        -2.562084030222e+00,        -3.069886307609e+01
 2.49807500e+00,        -2.562174862153e+00,        -3.069949036510e+01
 2.49810000e+00,        -2.562265699547e+00,        -3.070011767038e+01
 2.49812500e+00,        -2.562356542410e+00,        -3.070074499197e+01
 2.49815000e+00,        -2.562447390748e+00,        -3.070137232989e+01
 2.49817500e+00,        -2.562538244567e+00,        -3.070199968417e+01
 2.49820000e+00,        -2.562629103873e+00,        -3.070262705483e+01
 2.49822500e+00,        -2.562719968673e+00,        -3.070325444191e+01
 2.49825000e+00,        -2.562810838971e+00,        -3.070388184542e+01
 2.49827500e+00,        -2.562901714776e+00,        -3.070450926541e+01
 2.49830000e+00,        -2.562992596092e+00,        -3.070513670188e+01
 2.49832500e+00,        -2.563083482925e+00,        -3.070576415488e+01
 2.49835000e+00,        -2.563174375283e+00,        -3.070639162442e+01
 2.49837500e+00,        -2.563265273170e+00,        -3.070701911054e+01
 2.49840000e+00,        -2.563356176594e+00,        -3.070764661326e+01
 2.49842500e+00,        -2.563447085559e+00,        -3.070827413261e+01
 2.49845000e+00,        -2.563538000073e+00,        -3.070890166862e+01
 2.49847500e+00,        -2.563628920141e+00,        -3.070952922131e+01
 2.49850000e+00,        -2.563719845769e+00,        -3.071015679070e+01
 2.49852500e+00,        -2.563810776964e+00,        -3.071078437684e+01
 2.49855000e+00,        -2.563901713731e+00,        -3.071141197973e+01
 2.49857500e+00,        -2.563992656077e+00,        -3.071203959942e+01
 2.49860000e+00,        -2.564083604008e+00,        -3.071266723592e+01
 2.49862500e+00,        -2.564174557529e+00,        -3.071329488927e+01
 2.49865000e+00,        -2.564265516647e+00,        -3.071392255949e+01
 2.49867500e+00,        -2.564356481368e+00,        -3.071455024660e+01
 2.49870000e+00,        -2.564447451698e+00,        -3.071517795064e+01
 2.49872500e+00,        -2.564538427643e+00,        -3.071580567162e+01
 2.49875000e+00,        -2.564629409209e+00,        -3.071643340959e+01
 2.49877500e+00,        -2.564720396401e+00,        -3.071706116456e+01
 2.49880000e+00,        -2.564811389228e+00,        -3.071768893655e+01
 2.49882500e+00,        -2.564902387693e+00,        -3.071831672561e+01
 2.49885000e+00,        -2.564993391803e+00,        -3.071894453175e+01
 2.49887500e+00,        -2.565084401565e+00,        -3.071957235500e+01
 2.49890000e+00,        -2.565175416984e+00,        -3.072020019539e+01
 2.49892500e+00,        -2.565266438067e+00,        -3.072082805294e+01
 2.49895000e+00,        -2.565357464819e+00,        -3.072145592768e+01
 2.49897500e+00,        -2.565448497246e+00,        -3.072208381963e+01
 2.49900000e+00,        -2.565539535355e+00,        -3.072271172883e+01
 2.49902500e+00,        -2.565630579151e+00,        -3.072333965530e+01
 2.49905000e+00,        -2.565721628640e+00,        -3.072396759907e+01
 2.49907500e+00,        -2.565812683830e+00,        -3.072459556016e+01
 2.49910000e+00,        -2.565903744724e+00,        -3.072522353860e+01
 2.49912500e+00,        -2.565994811330e+00,        -3.072585153441e+01
 2.49915000e+00,        -2.566085883654e+00,        -3.072647954762e+01
 2.49917500e+00,        -2.566176961702e+00,        -3.072710757827e+01
 2.49920000e+00,        -2.566268045479e+00,        -3.072773562636e+01
 2.49922500e+00,        -2.566359134991e+00,        -3.072836369194e+01
 2.49925000e+00,        -2.566450230245e+00,        -3.072899177503e+01
 2.49927500e+00,        -2.566541331247e+00,        -3.072961987565e+01
 2.49930000e+00,        -2.566632438002e+00,        -3.073024799382e+01
 2.49932500e+00,        -2.566723550517e+00,        -3.073087612959e+01
 2.49935000e+00,        -2.566814668798e+00,        -3.073150428297e+01
 2.49937500e+00,        -2.566905792850e+00,        -3.073213245399e+01
 2.49940000e+00,        -2.566996922680e+00,        -3.073276064267e+01
 2.49942500e+00,        -2.567088058293e+00,        -3.073338884904e+01
 2.49945000e+00,        -2.567179199696e+00,        -3.073401707313e+01
 2.49947500e+00,        -2.567270346894e+00,        -3.073464531497e+01
 2.49950000e+00,        -2.567361499894e+00,        -3.073527357457e+01
 2.49952500e+00,        -2.567452658701e+00,        -3.073590185197e+01
 2.49955000e+00,        -2.567543823322e+00,        -3.073653014719e+01
 2.49957500e+00,        -2.567634993762e+00,        -3.073715846026e+01
 2.49960000e+00,        -2.567726170027e+00,        -3.073778679121e+01
 2.49962500e+00,        -2.567817352124e+00,        -3.073841514005e+01
 2.49965000e+00,        -2.567908540059e+00,        -3.073904350683e+01
 2.49967500e+00,        -2.567999733836e+00,        -3.073967189155e+01
 2.49970000e+00,        -2.568090933463e+00,        -3.074030029426e+01
 2.49972500e+00,        -2.568182138945e+00,        -3.074092871497e+01
 2.49975000e+00,        -2.568273350288e+00,        -3.074155715370e+01
 2.49977500e+00,        -2.568364567499e+00,        -3.074218561050e+01
 2.49980000e+00,        -2.568455790582e+00,        -3.074281408538e+01
 2.49982500e+00,        -2.568547019545e+00,        -3.074344257837e+01
 2.49985000e+00,        -2.568638254392e+00,        -3.074407108949e+01
 2.49987500e+00,        -2.568729495131e+00,        -3.074469961878e+01
 2.49990000e+00,        -2.568820741766e+00,        -3.074532816625e+01
 2.49992500e+00,        -2.568911994304e+00,        -3.074595673193e+01
 2.49995000e+00,        -2.569003252751e+00,        -3.074658531585e+01
 2.49997500e+00,        -2.569094517113e+00,        -3.074721391804e+01
 2.50000000e+00,        -2.569185787395e+00,        -3.074784253851e+01
 2.50002500e+00,        -2.569277063604e+00,        -3.074847117730e+01
 2.50005000e+00,        -2.569368345745e+00,        -3.074909983444e+01
 2.50007500e+00,        -2.569459633825e+00,        -3.074972850994e+01
 2.50010000e+00,        -2.569550927849e+00,        -3.075035720383e+01
 2.50012500e+00,        -2.569642227824e+00,        -3.075098591615e+01
 2.50015000e+00,        -2.569733533754e+00,        -3.075161464691e+01
 2.50017500e+00,        -2.569824845647e+00,        -3.075224339614e+01
 2.50020000e+00,        -2.569916163508e+00,        -3.075287216387e+01
 2.50022500e+00,        -2.570007487343e+00,        -3.075350095012e+01
 2.50025000e+00,        -2.570098817158e+00,        -3.075412975492e+01
 2.50027500e+00,        -2.570190152959e+00,        -3.075475857829e+01
 2.50030000e+00,        -2.570281494751e+00,        -3.075538742026e+01
 2.50032500e+00,        -2.570372842541e+00,        -3.075601628086e+01
 2.50035000e+00,        -2.570464196335e+00,        -3.075664516010e+01
 2.50037500e+00,        -2.570555556138e+00,        -3.075727405803e+01
 2.50040000e+00,        -2.570646921956e+00,        -3.075790297465e+01
 2.50042500e+00,        -2.570738293796e+00,        -3.075853191001e+01
 2.50045000e+00,        -2.570829671663e+00,        -3.075916086412e+01
 2.50047500e+00,        -2.570921055563e+00,        -3.075978983700e+01
 2.50050000e+00,        -2.571012445502e+00,        -3.076041882870e+01
 2.50052500e+00,        -2.571103841485e+00,        -3.076104783922e+01
 2.50055000e+00,        -2.571195243520e+00,        -3.076167686859e+01
 2.50057500e+00,        -2.571286651611e+00,        -3.076230591685e+01
 2.50060000e+00,        -2.571378065765e+00,        -3.076293498402e+01
 2.50062500e+00,        -2.571469485987e+00,        -3.076356407012e+01
 2.50065000e+00,        -2.571560912284e+00,        -3.076419317517e+01
 2.50067500e+00,        -2.571652344660e+00,        -3.076482229921e+01
 2.50070000e+00,        -2.571743783123e+00,        -3.076545144226e+01
 2.50072500e+00,        -2.571835227678e+00,        -3.076608060434e+01
 2.50075000e+00,        -2.571926678331e+00,        -3.076670978549e+01
 2.50077500e+00,        -2.572018135087e+00,        -3.076733898571e+01
 2.50080000e+00,        -2.572109597953e+00,        -3.076796820505e+01
 2.50082500e+00,        -2.572201066935e+00,        -3.076859744353e+01
 2.50085000e+00,        -2.572292542038e+00,        -3.076922670116e+01
 2.50087500e+00,        -2.572384023268e+00,        -3.076985597799e+01
 2.50090000e+00,        -2.572475510631e+00,        -3.077048527402e+01
 2.50092500e+00,        -2.572567004133e+00,        -3.077111458929e+01
 2.50095000e+00,        -2.572658503780e+00,        -3.077174392383e+01
 2.50097500e+00,        -2.572750009578e+00,        -3.077237327765e+01
 2.50100000e+00,        -2.572841521533e+00,        -3.077300265079e+01
 2.50102500e+00,        -2.572933039649e+00,        -3.077363204327e+01
 2.50105000e+00,        -2.573024563935e+00,        -3.077426145511e+01
 2.50107500e+00,        -2.573116094394e+00,        -3.077489088634e+01
 2.50110000e+00,        -2.573207631033e+00,        -3.077552033698e+01
 2.50112500e+00,        -2.573299173858e+00,        -3.077614980707e+01
 2.50115000e+00,        -2.573390722875e+00,        -3.077677929662e+01
 2.50117500e+00,        -2.573482278090e+00,        -3.077740880566e+01
 2.50120000e+00,        -2.573573839508e+00,        -3.077803833422e+01
 2.50122500e+00,        -2.573665407135e+00,        -3.077866788232e+01
 2.50125000e+00,        -2.573756980978e+00,        -3.077929744998e+01
 2.50127500e+00,        -2.573848561041e+00,        -3.077992703724e+01
 2.50130000e+00,        -2.573940147331e+00,        -3.078055664411e+01
 2.50132500e+00,        -2.574031739854e+00,        -3.078118627062e+01
 2.50135000e+00,        -2.574123338616e+00,        -3.078181591680e+01
 2.50137500e+00,        -2.574214943622e+00,        -3.078244558268e+01
 2.50140000e+00,        -2.574306554878e+00,        -3.078307526827e+01
 2.50142500e+00,        -2.574398172390e+00,        -3.078370497360e+01
 2.50145000e+00,        -2.574489796164e+00,        -3.078433469870e+01
 2.50147500e+00,        -2.574581426206e+00,        -3.078496444359e+01
 2.50150000e+00,        -2.574673062521e+00,        -3.078559420831e+01
 2.50152500e+00,        -2.574764705116e+00,        -3.078622399286e+01
 2.50155000e+00,        -2.574856353996e+00,        -3.078685379728e+01
 2.50157500e+00,        -2.574948009167e+00,        -3.078748362159e+01
 2.50160000e+00,        -2.575039670635e+00,        -3.078811346583e+01
 2.50162500e+00,        -2.575131338406e+00,        -3.078874333000e+01
 2.50165000e+00,        -2.575223012485e+00,        -3.078937321414e+01
 2.50167500e+00,        -2.575314692879e+00,        -3.079000311828e+01
 2.50170000e+00,        -2.575406379593e+00,        -3.079063304243e+01
 2.50172500e+00,        -2.575498072633e+00,        -3.079126298663e+01
 2.50175000e+00,        -2.575589772004e+00,        -3.079189295089e+01
 2.50177500e+00,        -2.575681477714e+00,        -3.079252293525e+01
 2.50180000e+00,        -2.575773189767e+00,        -3.079315293973e+01
 2.50182500e+00,        -2.575864908169e+00,        -3.079378296435e+01
 2.50185000e+00,        -2.575956632926e+00,        -3.079441300913e+01
 2.50187500e+00,        -2.576048364045e+00,        -3.079504307411e+01
 2.50190000e+00,        -2.576140101530e+00,        -3.079567315931e+01
 2.50192500e+00,        -2.576231845388e+00,        -3.079630326475e+01
 2.50195000e+00,        -2.576323595624e+00,        -3.079693339045e+01
 2.50197500e+00,        -2.576415352244e+00,        -3.079756353645e+01
 2.50200000e+00,        -2.576507115254e+00,        -3.079819370277e+01
 2.50202500e+00,        -2.576598884661e+00,        -3.079882388943e+01
 2.50205000e+00,        -2.576690660469e+00,        -3.079945409645e+01
 2.50207500e+00,        -2.576782442684e+00,        -3.080008432387e+01
 2.50210000e+00,        -2.576874231312e+00,        -3.080071457170e+01
 2.50212500e+00,        -2.576966026360e+00,        -3.080134483997e+01
 2.50215000e+00,        -2.577057827833e+00,        -3.080197512872e+01
 2.50217500e+00,        -2.577149635736e+00,        -3.080260543795e+01
 2.50220000e+00,        -2.577241450076e+00,        -3.080323576770e+01
 2.50222500e+00,        -2.577333270858e+00,        -3.080386611798e+01
 2.50225000e+00,        -2.577425098088e+00,        -3.080449648884e+01
 2.50227500e+00,        -2.577516931772e+00,        -3.080512688028e+01
 2.50230000e+00,        -2.577608771915e+00,        -3.080575729234e+01
 2.50232500e+00,        -2.577700618524e+00,        -3.080638772504e+01
 2.50235000e+00,        -2.577792471605e+00,        -3.080701817840e+01
 2.50237500e+00,        -2.577884331162e+00,        -3.080764865245e+01
 2.50240000e+00,        -2.577976197203e+00,        -3.080827914722e+01
 2.50242500e+00,        -2.578068069732e+00,        -3.080890966273e+01
 2.50245000e+00,        -2.578159948755e+00,        -3.080954019899e+01
 2.50247500e+00,        -2.578251834279e+00,        -3.081017075605e+01
 2.50250000e+00,        -2.578343726309e+00,        -3.081080133392e+01
 2.50252500e+00,        -2.578435624850e+00,        -3.081143193262e+01
 2.50255000e+00,        -2.578527529910e+00,        -3.081206255219e+01
 2.50257500e+00,        -2.578619441492e+00,        -3.081269319265e+01
 2.50260000e+00,        -2.578711359604e+00,        -3.081332385401e+01
 2.50262500e+00,        -2.578803284251e+00,        -3.081395453631e+01
 2.50265000e+00,        -2.578895215439e+00,        -3.081458523958e+01
 2.50267500e+00,        -2.578987153173e+00,        -3.081521596382e+01
 2.50270000e+00,        -2.579079097460e+00,        -3.081584670908e+01
 2.50272500e+00,        -2.579171048304e+00,        -3.081647747537e+01
 2.50275000e+00,        -2.579263005713e+00,        -3.081710826272e+01
 2.50277500e+00,        -2.579354969691e+00,        -3.081773907116e+01
 2.50280000e+00,        -2.579446940245e+00,        -3.081836990070e+01
 2.50282500e+00,        -2.579538917380e+00,        -3.081900075138e+01
 2.50285000e+00,        -2.579630901103e+00,        -3.081963162321e+01
 2.50287500e+00,        -2.579722891418e+00,        -3.082026251622e+01
 2.50290000e+00,        -2.579814888331e+00,        -3.082089343045e+01
 2.50292500e+00,        -2.579906891849e+00,        -3.082152436590e+01
 2.50295000e+00,        -2.579998901977e+00,        -3.082215532260e+01
 2.50297500e+00,        -2.580090918721e+00,        -3.082278630059e+01
 2.50300000e+00,        -2.580182942087e+00,        -3.082341729988e+01
 2.50302500e+00,        -2.580274972081e+00,        -3.082404832051e+01
 2.50305000e+00,        -2.580367008707e+00,        -3.082467936248e+01
 2.50307500e+00,        -2.580459051973e+00,        -3.082531042583e+01
 2.50310000e+00,        -2.580551101883e+00,        -3.082594151059e+01
 2.50312500e+00,        -2.580643158444e+00,        -3.082657261677e+01
 2.50315000e+00,        -2.580735221662e+00,        -3.082720374440e+01
 2.50317500e+00,        -2.580827291541e+00,        -3.082783489351e+01
 2.50320000e+00,        -2.580919368089e+00,        -3.082846606412e+01
 2.50322500e+00,        -2.581011451310e+00,        -3.082909725626e+01
 2.50325000e+00,        -2.581103541210e+00,        -3.082972846994e+01
 2.50327500e+00,        -2.581195637796e+00,        -3.083035970520e+01
 2.50330000e+00,        -2.581287741073e+00,        -3.083099096205e+01
 2.50332500e+00,        -2.581379851046e+00,        -3.083162224053e+01
 2.50335000e+00,        -2.581471967722e+00,        -3.083225354066e+01
 2.50337500e+00,        -2.581564091107e+00,        -3.083288486245e+01
 2.50340000e+00,        -2.581656221205e+00,        -3.083351620595e+01
 2.50342500e+00,        -2.581748358023e+00,        -3.083414757116e+01
 2.50345000e+00,        -2.581840501567e+00,        -3.083477895811e+01
 2.50347500e+00,        -2.581932651842e+00,        -3.083541036684e+01
 2.50350000e+00,        -2.582024808855e+00,        -3.083604179736e+01
 2.50352500e+00,        -2.582116972610e+00,        -3.083667324969e+01
 2.50355000e+00,        -2.582209143114e+00,        -3.083730472387e+01
 2.50357500e+00,        -2.582301320372e+00,        -3.083793621992e+01
 2.50360000e+00,        -2.582393504391e+00,        -3.083856773785e+01
 2.50362500e+00,        -2.582485695175e+00,        -3.083919927770e+01
 2.50365000e+00,        -2.582577892731e+00,        -3.083983083949e+01
 2.50367500e+00,        -2.582670097065e+00,        -3.084046242324e+01
 2.50370000e+00,        -2.582762308181e+00,        -3.084109402898e+01
 2.50372500e+00,        -2.582854526087e+00,        -3.084172565674e+01
 2.50375000e+00,        -2.582946750788e+00,        -3.084235730652e+01
 2.50377500e+00,        -2.583038982289e+00,        -3.084298897837e+01
 2.50380000e+00,        -2.583131220596e+00,        -3.084362067231e+01
 2.50382500e+00,        -2.583223465716e+00,        -3.084425238835e+01
 2.50385000e+00,        -2.583315717653e+00,        -3.084488412653e+01
 2.50387500e+00,        -2.583407976414e+00,        -3.084551588687e+01
 2.50390000e+00,        -2.583500242004e+00,        -3.084614766938e+01
 2.50392500e+00,        -2.583592514429e+00,        -3.084677947411e+01
 2.50395000e+00,        -2.583684793695e+00,        -3.084741130106e+01
 2.50397500e+00,        -2.583777079808e+00,        -3.084804315027e+01
 2.50400000e+00,        -2.583869372773e+00,        -3.084867502176e+01
 2.50402500e+00,        -2.583961672596e+00,        -3.084930691555e+01
 2.50405000e+00,        -2.584053979283e+00,        -3.084993883167e+01
 2.50407500e+00,        -2.584146292839e+00,        -3.085057077014e+01
 2.50410000e+00,        -2.584238613271e+00,        -3.085120273099e+01
 2.50412500e+00,        -2.584330940584e+00,        -3.085183471424e+01
 2.50415000e+00,        -2.584423274784e+00,        -3.085246671991e+01
 2.50417500e+00,        -2.584515615877e+00,        -3.085309874803e+01
 2.50420000e+00,        -2.584607963868e+00,        -3.085373079862e+01
 2.50422500e+00,        -2.584700318763e+00,        -3.085436287171e+01
 2.50425000e+00,        -2.584792680568e+00,        -3.085499496732e+01
 2.50427500e+00,        -2.584885049289e+00,        -3.085562708548e+01
 2.50430000e+00,        -2.584977424931e+00,        -3.085625922620e+01
 2.50432500e+00,        -2.585069807501e+00,        -3.085689138952e+01
 2.50435000e+00,        -2.585162197003e+00,        -3.085752357546e+01
 2.50437500e+00,        -2.585254593445e+00,        -3.085815578404e+01
 2.50440000e+00,        -2.585346996830e+00,        -3.085878801528e+01
 2.50442500e+00,        -2.585439407166e+00,        -3.085942026922e+01
 2.50445000e+00,        -2.585531824458e+00,        -3.086005254587e+01
 2.50447500e+00,        -2.585624248711e+00,        -3.086068484525e+01
 2.50450000e+00,        -2.585716679932e+00,        -3.086131716740e+01
 2.50452500e+00,        -2.585809118127e+00,        -3.086194951234e+01
 2.50455000e+00,        -2.585901563300e+00,        -3.086258188009e+01
 2.50457500e+00,        -2.585994015458e+00,        -3.086321427067e+01
 2.50460000e+00,        -2.586086474607e+00,        -3.086384668411e+01
 2.50462500e+00,        -2.586178940751e+00,        -3.086447912044e+01
 2.50465000e+00,        -2.586271413898e+00,        -3.086511157967e+01
 2.50467500e+00,        -2.586363894053e+00,        -3.086574406183e+01
 2.50470000e+00,        -2.586456381221e+00,        -3.086637656695e+01
 2.50472500e+00,        -2.586548875408e+00,        -3.086700909505e+01
 2.50475000e+00,        -2.586641376621e+00,        -3.086764164615e+01
 2.50477500e+00,        -2.586733884864e+00,        -3.086827422028e+01
 2.50480000e+00,        -2.586826400144e+00,        -3.086890681746e+01
 2.50482500e+00,        -2.586918922466e+00,        -3.086953943772e+01
 2.50485000e+00,        -2.587011451836e+00,        -3.087017208108e+01
 2.50487500e+00,        -2.587103988260e+00,        -3.087080474756e+01
 2.50490000e+00,        -2.587196531744e+00,        -3.087143743719e+01
 2.50492500e+00,        -2.587289082293e+00,        -3.087207014999e+01
 2.50495000e+00,        -2.587381639913e+00,        -3.087270288598e+01
 2.50497500e+00,        -2.587474204610e+00,        -3.087333564520e+01
 2.50500000e+00,        -2.587566776390e+00,        -3.087396842766e+01
 2.50502500e+00,        -2.587659355258e+00,        -3.087460123339e+01
 2.50505000e+00,        -2.587751941220e+00,        -3.087523406241e+01
 2.50507500e+00,        -2.587844534281e+00,        -3.087586691475e+01
 2.50510000e+00,        -2.587937134449e+00,        -3.087649979043e+01
 2.50512500e+00,        -2.588029741728e+00,        -3.087713268947e+01
 2.50515000e+00,        -2.588122356124e+00,        -3.087776561190e+01
 2.50517500e+00,        -2.588214977643e+00,        -3.087839855774e+01
 2.50520000e+00,        -2.588307606291e+00,        -3.087903152702e+01
 2.50522500e+00,        -2.588400242073e+00,        -3.087966451976e+01
 2.50525000e+00,        -2.588492884995e+00,        -3.088029753598e+01
 2.50527500e+00,        -2.588585535063e+00,        -3.088093057571e+01
 2.50530000e+00,        -2.588678192283e+00,        -3.088156363897e+01
 2.50532500e+00,        -2.588770856661e+00,        -3.088219672579e+01
 2.50535000e+00,        -2.588863528202e+00,        -3.088282983619e+01
 2.50537500e+00,        -2.588956206911e+00,        -3.088346297019e+01
 2.50540000e+00,        -2.589048892796e+00,        -3.088409612783e+01
 2.50542500e+00,        -2.589141585861e+00,        -3.088472930911e+01
 2.50545000e+00,        -2.589234286112e+00,        -3.088536251407e+01
 2.50547500e+00,        -2.589326993555e+00,        -3.088599574273e+01
 2.50550000e+00,        -2.589419708196e+00,        -3.088662899511e+01
 2.50552500e+00,        -2.589512430041e+00,        -3.088726227125e+01
 2.50555000e+00,        -2.589605159094e+00,        -3.088789557115e+01
 2.50557500e+00,        -2.589697895364e+00,        -3.088852889485e+01
 2.50560000e+00,        -2.589790638853e+00,        -3.088916224237e+01
 2.50562500e+00,        -2.589883389570e+00,        -3.088979561373e+01
 2.50565000e+00,        -2.589976147519e+00,        -3.089042900896e+01
 2.50567500e+00,        -2.590068912706e+00,        -3.089106242808e+01
 2.50570000e+00,        -2.590161685137e+00,        -3.089169587112e+01
 2.50572500e+00,        -2.590254464817e+00,        -3.089232933810e+01
 2.50575000e+00,        -2.590347251753e+00,        -3.089296282904e+01
 2.50577500e+00,        -2.590440045950e+00,        -3.089359634397e+01
 2.50580000e+00,        -2.590532847415e+00,        -3.089422988291e+01
 2.50582500e+00,        -2.590625656152e+00,        -3.089486344588e+01
 2.50585000e+00,        -2.590718472167e+00,        -3.089549703292e+01
 2.50587500e+00,        -2.590811295467e+00,        -3.089613064403e+01
 2.50590000e+00,        -2.590904126057e+00,        -3.089676427926e+01
 2.50592500e+00,        -2.590996963942e+00,        -3.089739793861e+01
 2.50595000e+00,        -2.591089809130e+00,        -3.089803162212e+01
 2.50597500e+00,        -2.591182661624e+00,        -3.089866532981e+01
 2.50600000e+00,        -2.591275521432e+00,        -3.089929906170e+01
 2.50602500e+00,        -2.591368388558e+00,        -3.089993281782e+01
 2.50605000e+00,        -2.591461263010e+00,        -3.090056659819e+01
 2.50607500e+00,        -2.591554144792e+00,        -3.090120040283e+01
 2.50610000e+00,        -2.591647033910e+00,        -3.090183423177e+01
 2.50612500e+00,        -2.591739930369e+00,        -3.090246808504e+01
 2.50615000e+00,        -2.591832834177e+00,        -3.090310196265e+01
 2.50617500e+00,        -2.591925745339e+00,        -3.090373586463e+01
 2.50620000e+00,        -2.592018663859e+00,        -3.090436979100e+01
 2.50622500e+00,        -2.592111589745e+00,        -3.090500374179e+01
 2.50625000e+00,        -2.592204523002e+00,        -3.090563771702e+01
 2.50627500e+00,        -2.592297463635e+00,        -3.090627171672e+01
 2.50630000e+00,        -2.592390411651e+00,        -3.090690574091e+01
 2.50632500e+00,        -2.592483367055e+00,        -3.090753978961e+01
 2.50635000e+00,        -2.592576329852e+00,        -3.090817386284e+01
 2.50637500e+00,        -2.592669300050e+00,        -3.090880796064e+01
 2.50640000e+00,        -2.592762277653e+00,        -3.090944208303e+01
 2.50642500e+00,        -2.592855262668e+00,        -3.091007623002e+01
 2.50645000e+00,        -2.592948255100e+00,        -3.091071040165e+01
 2.50647500e+00,        -2.593041254955e+00,        -3.091134459793e+01
 2.50650000e+00,        -2.593134262238e+00,        -3.091197881889e+01
 2.50652500e+00,        -2.593227276956e+00,        -3.091261306456e+01
 2.50655000e+00,        -2.593320299114e+00,        -3.091324733495e+01
 2.50657500e+00,        -2.593413328718e+00,        -3.091388163010e+01
 2.50660000e+00,        -2.593506365774e+00,        -3.091451595002e+01
 2.50662500e+00,        -2.593599410288e+00,        -3.091515029474e+01
 2.50665000e+00,        -2.593692462265e+00,        -3.091578466429e+01
 2.50667500e+00,        -2.593785521711e+00,        -3.091641905868e+01
 2.50670000e+00,        -2.593878588632e+00,        -3.091705347795e+01
 2.50672500e+00,        -2.593971663034e+00,        -3.091768792211e+01
 2.50675000e+00,        -2.594064744923e+00,        -3.091832239119e+01
 2.50677500e+00,        -2.594157834304e+00,        -3.091895688521e+01
 2.50680000e+00,        -2.594250931183e+00,        -3.091959140420e+01
 2.50682500e+00,        -2.594344035566e+00,        -3.092022594818e+01
 2.50685000e+00,        -2.594437147459e+00,        -3.092086051718e+01
 2.50687500e+00,        -2.594530266868e+00,        -3.092149511121e+01
 2.50690000e+00,        -2.594623393798e+00,        -3.092212973030e+01
 2.50692500e+00,        -2.594716528255e+00,        -3.092276437449e+01
 2.50695000e+00,        -2.594809670245e+00,        -3.092339904378e+01
 2.50697500e+00,        -2.594902819774e+00,        -3.092403373820e+01
 2.50700000e+00,        -2.594995976847e+00,        -3.092466845779e+01
 2.50702500e+00,        -2.595089141470e+00,        -3.092530320255e+01
 2.50705000e+00,        -2.595182313650e+00,        -3.092593797252e+01
 2.50707500e+00,        -2.595275493392e+00,        -3.092657276772e+01
 2.50710000e+00,        -2.595368680702e+00,        -3.092720758817e+01
 2.50712500e+00,        -2.595461875585e+00,        -3.092784243390e+01
 2.50715000e+00,        -2.595555078047e+00,        -3.092847730493e+01
 2.50717500e+00,        -2.595648288095e+00,        -3.092911220129e+01
 2.50720000e+00,        -2.595741505734e+00,        -3.092974712299e+01
 2.50722500e+00,        -2.595834730969e+00,        -3.093038207007e+01
 2.50725000e+00,        -2.595927963808e+00,        -3.093101704254e+01
 2.50727500e+00,        -2.596021204254e+00,        -3.093165204043e+01
 2.50730000e+00,        -2.596114452315e+00,        -3.093228706377e+01
 2.50732500e+00,        -2.596207707996e+00,        -3.093292211258e+01
 2.50735000e+00,        -2.596300971303e+00,        -3.093355718687e+01
 2.50737500e+00,        -2.596394242242e+00,        -3.093419228668e+01
 2.50740000e+00,        -2.596487520818e+00,        -3.093482741204e+01
 2.50742500e+00,        -2.596580807037e+00,        -3.093546256295e+01
 2.50745000e+00,        -2.596674100906e+00,        -3.093609773945e+01
 2.50747500e+00,        -2.596767402429e+00,        -3.093673294156e+01
 2.50750000e+00,        -2.596860711614e+00,        -3.093736816931e+01
 2.50752500e+00,        -2.596954028465e+00,        -3.093800342272e+01
 2.50755000e+00,        -2.597047352988e+00,        -3.093863870181e+01
 2.50757500e+00,        -2.597140685190e+00,        -3.093927400660e+01
 2.50760000e+00,        -2.597234025076e+00,        -3.093990933713e+01
 2.50762500e+00,        -2.597327372652e+00,        -3.094054469341e+01
 2.50765000e+00,        -2.597420727923e+00,        -3.094118007547e+01
 2.50767500e+00,        -2.597514090896e+00,        -3.094181548333e+01
 2.50770000e+00,        -2.597607461577e+00,        -3.094245091701e+01
 2.50772500e+00,        -2.597700839971e+00,        -3.094308637655e+01
 2.50775000e+00,        -2.597794226084e+00,        -3.094372186195e+01
 2.50777500e+00,        -2.597887619922e+00,        -3.094435737326e+01
 2.50780000e+00,        -2.597981021490e+00,        -3.094499291049e+01
 2.50782500e+00,        -2.598074430796e+00,        -3.094562847366e+01
 2.50785000e+00,        -2.598167847843e+00,        -3.094626406280e+01
 2.50787500e+00,        -2.598261272639e+00,        -3.094689967793e+01
 2.50790000e+00,        -2.598354705189e+00,        -3.094753531909e+01
 2.50792500e+00,        -2.598448145499e+00,        -3.094817098628e+01
 2.50795000e+00,        -2.598541593575e+00,        -3.094880667953e+01
 2.50797500e+00,        -2.598635049423e+00,        -3.094944239888e+01
 2.50800000e+00,        -2.598728513048e+00,        -3.095007814433e+01
 2.50802500e+00,        -2.598821984456e+00,        -3.095071391592e+01
 2.50805000e+00,        -2.598915463654e+00,        -3.095134971368e+01
 2.50807500e+00,        -2.599008950646e+00,        -3.095198553761e+01
 2.50810000e+00,        -2.599102445440e+00,        -3.095262138776e+01
 2.50812500e+00,        -2.599195948040e+00,        -3.095325726413e+01
 2.50815000e+00,        -2.599289458453e+00,        -3.095389316676e+01
 2.50817500e+00,        -2.599382976685e+00,        -3.095452909567e+01
 2.50820000e+00,        -2.599476502740e+00,        -3.095516505088e+01
 2.50822500e+00,        -2.599570036626e+00,        -3.095580103242e+01
 2.50825000e+00,        -2.599663578348e+00,        -3.095643704032e+01
 2.50827500e+00,        -2.599757127912e+00,        -3.095707307458e+01
 2.50830000e+00,        -2.599850685324e+00,        -3.095770913525e+01
 2.50832500e+00,        -2.599944250589e+00,        -3.095834522233e+01
 2.50835000e+00,        -2.600037823714e+00,        -3.095898133587e+01
 2.50837500e+00,        -2.600131404704e+00,        -3.095961747587e+01
 2.50840000e+00,        -2.600224993566e+00,        -3.096025364237e+01
 2.50842500e+00,        -2.600318590304e+00,        -3.096088983539e+01
 2.50845000e+00,        -2.600412194926e+00,        -3.096152605495e+01
 2.50847500e+00,        -2.600505807436e+00,        -3.096216230108e+01
 2.50850000e+00,        -2.600599427842e+00,        -3.096279857379e+01
 2.50852500e+00,        -2.600693056147e+00,        -3.096343487312e+01
 2.50855000e+00,        -2.600786692360e+00,        -3.096407119909e+01
 2.50857500e+00,        -2.600880336484e+00,        -3.096470755172e+01
 2.50860000e+00,        -2.600973988527e+00,        -3.096534393103e+01
 2.50862500e+00,        -2.601067648494e+00,        -3.096598033706e+01
 2.50865000e+00,        -2.601161316392e+00,        -3.096661676982e+01
 2.50867500e+00,        -2.601254992225e+00,        -3.096725322933e+01
 2.50870000e+00,        -2.601348675999e+00,        -3.096788971563e+01
 2.50872500e+00,        -2.601442367722e+00,        -3.096852622873e+01
 2.50875000e+00,        -2.601536067398e+00,        -3.096916276866e+01
 2.50877500e+00,        -2.601629775033e+00,        -3.096979933545e+01
 2.50880000e+00,        -2.601723490634e+00,        -3.097043592911e+01
 2.50882500e+00,        -2.601817214207e+00,        -3.097107254967e+01
 2.50885000e+00,        -2.601910945756e+00,        -3.097170919716e+01
 2.50887500e+00,        -2.602004685288e+00,        -3.097234587160e+01
 2.50890000e+00,        -2.602098432810e+00,        -3.097298257301e+01
 2.50892500e+00,        -2.602192188326e+00,        -3.097361930142e+01
 2.50895000e+00,        -2.602285951843e+00,        -3.097425605685e+01
 2.50897500e+00,        -2.602379723367e+00,        -3.097489283932e+01
 2.50900000e+00,        -2.602473502903e+00,        -3.097552964886e+01
 2.50902500e+00,        -2.602567290458e+00,        -3.097616648549e+01
 2.50905000e+00,        -2.602661086037e+00,        -3.097680334924e+01
 2.50907500e+00,        -2.602754889646e+00,        -3.097744024014e+01
 2.50910000e+00,        -2.602848701292e+00,        -3.097807715819e+01
 2.50912500e+00,        -2.602942520980e+00,        -3.097871410344e+01
 2.50915000e+00,        -2.603036348716e+00,        -3.097935107590e+01
 2.50917500e+00,        -2.603130184505e+00,        -3.097998807559e+01
 2.50920000e+00,        -2.603224028355e+00,        -3.098062510254e+01
 2.50922500e+00,        -2.603317880271e+00,        -3.098126215678e+01
 2.50925000e+00,        -2.603411740258e+00,        -3.098189923833e+01
 2.50927500e+00,        -2.603505608323e+00,        -3.098253634721e+01
 2.50930000e+00,        -2.603599484472e+00,        -3.098317348345e+01
 2.50932500e+00,        -2.603693368710e+00,        -3.098381064707e+01
 2.50935000e+00,        -2.603787261044e+00,        -3.098444783809e+01
 2.50937500e+00,        -2.603881161479e+00,        -3.098508505654e+01
 2.50940000e+00,        -2.603975070021e+00,        -3.098572230244e+01
 2.50942500e+00,        -2.604068986677e+00,        -3.098635957582e+01
 2.50945000e+00,        -2.604162911452e+00,        -3.098699687670e+01
 2.50947500e+00,        -2.604256844352e+00,        -3.098763420511e+01
 2.50950000e+00,        -2.604350785383e+00,        -3.098827156106e+01
 2.50952500e+00,        -2.604444734551e+00,        -3.098890894459e+01
 2.50955000e+00,        -2.604538691863e+00,        -3.098954635571e+01
 2.50957500e+00,        -2.604632657323e+00,        -3.099018379446e+01
 2.50960000e+00,        -2.604726630938e+00,        -3.099082126085e+01
 2.50962500e+00,        -2.604820612714e+00,        -3.099145875490e+01
 2.50965000e+00,        -2.604914602657e+00,        -3.099209627666e+01
 2.50967500e+00,        -2.605008600772e+00,        -3.099273382612e+01
 2.50970000e+00,        -2.605102607066e+00,        -3.099337140333e+01
 2.50972500e+00,        -2.605196621545e+00,        -3.099400900831e+01
 2.50975000e+00,        -2.605290644215e+00,        -3.099464664107e+01
 2.50977500e+00,        -2.605384675081e+00,        -3.099528430165e+01
 2.50980000e+00,        -2.605478714150e+00,        -3.099592199006e+01
 2.50982500e+00,        -2.605572761427e+00,        -3.099655970634e+01
 2.50985000e+00,        -2.605666816919e+00,        -3.099719745050e+01
 2.50987500e+00,        -2.605760880631e+00,        -3.099783522257e+01
 2.50990000e+00,        -2.605854952570e+00,        -3.099847302258e+01
 2.50992500e+00,        -2.605949032741e+00,        -3.099911085054e+01
 2.50995000e+00,        -2.606043121151e+00,        -3.099974870648e+01
 2.50997500e+00,        -2.606137217805e+00,        -3.100038659043e+01
 2.51000000e+00,        -2.606231322709e+00,        -3.100102450242e+01
 2.51002500e+00,        -2.606325435870e+00,        -3.100166244245e+01
 2.51005000e+00,        -2.606419557293e+00,        -3.100230041057e+01
 2.51007500e+00,        -2.606513686985e+00,        -3.100293840678e+01
 2.51010000e+00,        -2.606607824951e+00,        -3.100357643112e+01
 2.51012500e+00,        -2.606701971197e+00,        -3.100421448362e+01
 2.51015000e+00,        -2.606796125729e+00,        -3.100485256429e+01
 2.51017500e+00,        -2.606890288554e+00,        -3.100549067316e+01
 2.51020000e+00,        -2.606984459678e+00,        -3.100612881025e+01
 2.51022500e+00,        -2.607078639105e+00,        -3.100676697559e+01
 2.51025000e+00,        -2.607172826843e+00,        -3.100740516920e+01
 2.51027500e+00,        -2.607267022897e+00,        -3.100804339110e+01
 2.51030000e+00,        -2.607361227274e+00,        -3.100868164133e+01
 2.51032500e+00,        -2.607455439979e+00,        -3.100931991990e+01
 2.51035000e+00,        -2.607549661018e+00,        -3.100995822684e+01
 2.51037500e+00,        -2.607643890398e+00,        -3.101059656217e+01
 2.51040000e+00,        -2.607738128124e+00,        -3.101123492592e+01
 2.51042500e+00,        -2.607832374202e+00,        -3.101187331811e+01
 2.51045000e+00,        -2.607926628639e+00,        -3.101251173876e+01
 2.51047500e+00,        -2.608020891441e+00,        -3.101315018791e+01
 2.51050000e+00,        -2.608115162613e+00,        -3.101378866556e+01
 2.51052500e+00,        -2.608209442161e+00,        -3.101442717176e+01
 2.51055000e+00,        -2.608303730092e+00,        -3.101506570652e+01
 2.51057500e+00,        -2.608398026412e+00,        -3.101570426986e+01
 2.51060000e+00,        -2.608492331126e+00,        -3.101634286181e+01
 2.51062500e+00,        -2.608586644241e+00,        -3.101698148240e+01
 2.51065000e+00,        -2.608680965763e+00,        -3.101762013165e+01
 2.51067500e+00,        -2.608775295697e+00,        -3.101825880958e+01
 2.51070000e+00,        -2.608869634051e+00,        -3.101889751622e+01
 2.51072500e+00,        -2.608963980829e+00,        -3.101953625159e+01
 2.51075000e+00,        -2.609058336038e+00,        -3.102017501572e+01
 2.51077500e+00,        -2.609152699684e+00,        -3.102081380862e+01
 2.51080000e+00,        -2.609247071773e+00,        -3.102145263033e+01
 2.51082500e+00,        -2.609341452311e+00,        -3.102209148087e+01
 2.51085000e+00,        -2.609435841304e+00,        -3.102273036027e+01
 2.51087500e+00,        -2.609530238758e+00,        -3.102336926854e+01
 2.51090000e+00,        -2.609624644680e+00,        -3.102400820571e+01
 2.51092500e+00,        -2.609719059075e+00,        -3.102464717181e+01
 2.51095000e+00,        -2.609813481949e+00,        -3.102528616686e+01
 2.51097500e+00,        -2.609907913309e+00,        -3.102592519088e+01
 2.51100000e+00,        -2.610002353160e+00,        -3.102656424391e+01
 2.51102500e+00,        -2.610096801509e+00,        -3.102720332595e+01
 2.51105000e+00,        -2.610191258361e+00,        -3.102784243705e+01
 2.51107500e+00,        -2.610285723723e+00,        -3.102848157722e+01
 2.51110000e+00,        -2.610380197602e+00,        -3.102912074648e+01
 2.51112500e+00,        -2.610474680002e+00,        -3.102975994487e+01
 2.51115000e+00,        -2.610569170930e+00,        -3.103039917239e+01
 2.51117500e+00,        -2.610663670392e+00,        -3.103103842909e+01
 2.51120000e+00,        -2.610758178394e+00,        -3.103167771499e+01
 2.51122500e+00,        -2.610852694943e+00,        -3.103231703010e+01
 2.51125000e+00,        -2.610947220044e+00,        -3.103295637446e+01
 2.51127500e+00,        -2.611041753704e+00,        -3.103359574808e+01
 2.51130000e+00,        -2.611136295928e+00,        -3.103423515099e+01
 2.51132500e+00,        -2.611230846723e+00,        -3.103487458322e+01
 2.51135000e+00,        -2.611325406095e+00,        -3.103551404479e+01
 2.51137500e+00,        -2.611419974050e+00,        -3.103615353573e+01
 2.51140000e+00,        -2.611514550594e+00,        -3.103679305605e+01
 2.51142500e+00,        -2.611609135733e+00,        -3.103743260579e+01
 2.51145000e+00,        -2.611703729473e+00,        -3.103807218497e+01
 2.51147500e+00,        -2.611798331820e+00,        -3.103871179361e+01
 2.51150000e+00,        -2.611892942782e+00,        -3.103935143174e+01
 2.51152500e+00,        -2.611987562363e+00,        -3.103999109938e+01
 2.51155000e+00,        -2.612082190569e+00,        -3.104063079655e+01
 2.51157500e+00,        -2.612176827408e+00,        -3.104127052329e+01
 2.51160000e+00,        -2.612271472884e+00,        -3.104191027961e+01
 2.51162500e+00,        -2.612366127005e+00,        -3.104255006554e+01
 2.51165000e+00,        -2.612460789777e+00,        -3.104318988111e+01
 2.51167500e+00,        -2.612555461204e+00,        -3.104382972633e+01
 2.51170000e+00,        -2.612650141295e+00,        -3.104446960124e+01
 2.51172500e+00,        -2.612744830054e+00,        -3.104510950585e+01
 2.51175000e+00,        -2.612839527488e+00,        -3.104574944020e+01
 2.51177500e+00,        -2.612934233603e+00,        -3.104638940431e+01
 2.51180000e+00,        -2.613028948405e+00,        -3.104702939819e+01
 2.51182500e+00,        -2.613123671901e+00,        -3.104766942188e+01
 2.51185000e+00,        -2.613218404096e+00,        -3.104830947541e+01
 2.51187500e+00,        -2.613313144997e+00,        -3.104894955879e+01
 2.51190000e+00,        -2.613407894610e+00,        -3.104958967204e+01
 2.51192500e+00,        -2.613502652942e+00,        -3.105022981521e+01
 2.51195000e+00,        -2.613597419997e+00,        -3.105086998830e+01
 2.51197500e+00,        -2.613692195783e+00,        -3.105151019134e+01
 2.51200000e+00,        -2.613786980305e+00,        -3.105215042437e+01
 2.51202500e+00,        -2.613881773570e+00,        -3.105279068739e+01
 2.51205000e+00,        -2.613976575584e+00,        -3.105343098044e+01
 2.51207500e+00,        -2.614071386354e+00,        -3.105407130355e+01
 2.51210000e+00,        -2.614166205884e+00,        -3.105471165673e+01
 2.51212500e+00,        -2.614261034182e+00,        -3.105535204002e+01
 2.51215000e+00,        -2.614355871254e+00,        -3.105599245343e+01
 2.51217500e+00,        -2.614450717106e+00,        -3.105663289699e+01
 2.51220000e+00,        -2.614545571744e+00,        -3.105727337073e+01
 2.51222500e+00,        -2.614640435175e+00,        -3.105791387466e+01
 2.51225000e+00,        -2.614735307404e+00,        -3.105855440882e+01
 2.51227500e+00,        -2.614830188437e+00,        -3.105919497324e+01
 2.51230000e+00,        -2.614925078282e+00,        -3.105983556792e+01
 2.51232500e+00,        -2.615019976944e+00,        -3.106047619291e+01
 2.51235000e+00,        -2.615114884429e+00,        -3.106111684822e+01
 2.51237500e+00,        -2.615209800744e+00,        -3.106175753387e+01
 2.51240000e+00,        -2.615304725895e+00,        -3.106239824990e+01
 2.51242500e+00,        -2.615399659888e+00,        -3.106303899633e+01
 2.51245000e+00,        -2.615494602729e+00,        -3.106367977318e+01
 2.51247500e+00,        -2.615589554425e+00,        -3.106432058048e+01
 2.51250000e+00,        -2.615684514982e+00,        -3.106496141825e+01
 2.51252500e+00,        -2.615779484406e+00,        -3.106560228652e+01
 2.51255000e+00,        -2.615874462703e+00,        -3.106624318531e+01
 2.51257500e+00,        -2.615969449879e+00,        -3.106688411465e+01
 2.51260000e+00,        -2.616064445942e+00,        -3.106752507456e+01
 2.51262500e+00,        -2.616159450896e+00,        -3.106816606507e+01
 2.51265000e+00,        -2.616254464749e+00,        -3.106880708620e+01
 2.51267500e+00,        -2.616349487506e+00,        -3.106944813797e+01
 2.51270000e+00,        -2.616444519174e+00,        -3.107008922041e+01
 2.51272500e+00,        -2.616539559760e+00,        -3.107073033355e+01
 2.51275000e+00,        -2.616634609268e+00,        -3.107137147742e+01
 2.51277500e+00,        -2.616729667706e+00,        -3.107201265202e+01
 2.51280000e+00,        -2.616824735080e+00,        -3.107265385740e+01
 2.51282500e+00,        -2.616919811397e+00,        -3.107329509357e+01
 2.51285000e+00,        -2.617014896662e+00,        -3.107393636057e+01
 2.51287500e+00,        -2.617109990881e+00,        -3.107457765841e+01
 2.51290000e+00,        -2.617205094062e+00,        -3.107521898712e+01
 2.51292500e+00,        -2.617300206210e+00,        -3.107586034672e+01
 2.51295000e+00,        -2.617395327331e+00,        -3.107650173724e+01
 2.51297500e+00,        -2.617490457433e+00,        -3.107714315871e+01
 2.51300000e+00,        -2.617585596521e+00,        -3.107778461115e+01
 2.51302500e+00,        -2.617680744601e+00,        -3.107842609459e+01
 2.51305000e+00,        -2.617775901680e+00,        -3.107906760904e+01
 2.51307500e+00,        -2.617871067764e+00,        -3.107970915454e+01
 2.51310000e+00,        -2.617966242860e+00,        -3.108035073112e+01
 2.51312500e+00,        -2.618061426974e+00,        -3.108099233878e+01
 2.51315000e+00,        -2.618156620111e+00,        -3.108163397757e+01
 2.51317500e+00,        -2.618251822279e+00,        -3.108227564750e+01
 2.51320000e+00,        -2.618347033484e+00,        -3.108291734860e+01
 2.51322500e+00,        -2.618442253732e+00,        -3.108355908090e+01
 2.51325000e+00,        -2.618537483030e+00,        -3.108420084441e+01
 2.51327500e+00,        -2.618632721383e+00,        -3.108484263917e+01
 2.51330000e+00,        -2.618727968798e+00,        -3.108548446521e+01
 2.51332500e+00,        -2.618823225281e+00,        -3.108612632254e+01
 2.51335000e+00,        -2.618918490840e+00,        -3.108676821119e+01
 2.51337500e+00,        -2.619013765479e+00,        -3.108741013118e+01
 2.51340000e+00,        -2.619109049206e+00,        -3.108805208255e+01
 2.51342500e+00,        -2.619204342027e+00,        -3.108869406531e+01
 2.51345000e+00,        -2.619299643948e+00,        -3.108933607949e+01
 2.51347500e+00,        -2.619394954976e+00,        -3.108997812512e+01
 2.51350000e+00,        -2.619490275117e+00,        -3.109062020223e+01
 2.51352500e+00,        -2.619585604377e+00,        -3.109126231082e+01
 2.51355000e+00,        -2.619680942762e+00,        -3.109190445095e+01
 2.51357500e+00,        -2.619776290280e+00,        -3.109254662261e+01
 2.51360000e+00,        -2.619871646936e+00,        -3.109318882585e+01
 2.51362500e+00,        -2.619967012737e+00,        -3.109383106069e+01
 2.51365000e+00,        -2.620062387689e+00,        -3.109447332715e+01
 2.51367500e+00,        -2.620157771799e+00,        -3.109511562526e+01
 2.51370000e+00,        -2.620253165073e+00,        -3.109575795505e+01
 2.51372500e+00,        -2.620348567517e+00,        -3.109640031653e+01
 2.51375000e+00,        -2.620443979138e+00,        -3.109704270973e+01
 2.51377500e+00,        -2.620539399942e+00,        -3.109768513469e+01
 2.51380000e+00,        -2.620634829936e+00,        -3.109832759142e+01
 2.51382500e+00,        -2.620730269126e+00,        -3.109897007995e+01
 2.51385000e+00,        -2.620825717518e+00,        -3.109961260030e+01
 2.51387500e+00,        -2.620921175120e+00,        -3.110025515251e+01
 2.51390000e+00,        -2.621016641936e+00,        -3.110089773659e+01
 2.51392500e+00,        -2.621112117974e+00,        -3.110154035257e+01
 2.51395000e+00,        -2.621207603241e+00,        -3.110218300048e+01
 2.51397500e+00,        -2.621303097742e+00,        -3.110282568034e+01
 2.51400000e+00,        -2.621398601484e+00,        -3.110346839218e+01
 2.51402500e+00,        -2.621494114473e+00,        -3.110411113602e+01
 2.51405000e+00,        -2.621589636716e+00,        -3.110475391189e+01
 2.51407500e+00,        -2.621685168220e+00,        -3.110539671981e+01
 2.51410000e+00,        -2.621780708991e+00,        -3.110603955981e+01
 2.51412500e+00,        -2.621876259034e+00,        -3.110668243192e+01
 2.51415000e+00,        -2.621971818358e+00,        -3.110732533616e+01
 2.51417500e+00,        -2.622067386968e+00,        -3.110796827255e+01
 2.51420000e+00,        -2.622162964870e+00,        -3.110861124112e+01
 2.51422500e+00,        -2.622258552071e+00,        -3.110925424190e+01
 2.51425000e+00,        -2.622354148578e+00,        -3.110989727491e+01
 2.51427500e+00,        -2.622449754398e+00,        -3.111054034018e+01
 2.51430000e+00,        -2.622545369535e+00,        -3.111118343773e+01
 2.51432500e+00,        -2.622640993998e+00,        -3.111182656759e+01
 2.51435000e+00,        -2.622736627792e+00,        -3.111246972979e+01
 2.51437500e+00,        -2.622832270925e+00,        -3.111311292434e+01
 2.51440000e+00,        -2.622927923402e+00,        -3.111375615128e+01
 2.51442500e+00,        -2.623023585229e+00,        -3.111439941063e+01
 2.51445000e+00,        -2.623119256415e+00,        -3.111504270241e+01
 2.51447500e+00,        -2.623214936964e+00,        -3.111568602666e+01
 2.51450000e+00,        -2.623310626884e+00,        -3.111632938340e+01
 2.51452500e+00,        -2.623406326181e+00,        -3.111697277265e+01
 2.51455000e+00,        -2.623502034862e+00,        -3.111761619443e+01
 2.51457500e+00,        -2.623597752933e+00,        -3.111825964879e+01
 2.51460000e+00,        -2.623693480400e+00,        -3.111890313573e+01
 2.51462500e+00,        -2.623789217271e+00,        -3.111954665529e+01
 2.51465000e+00,        -2.623884963551e+00,        -3.112019020749e+01
 2.51467500e+00,        -2.623980719247e+00,        -3.112083379236e+01
 2.51470000e+00,        -2.624076484367e+00,        -3.112147740992e+01
 2.51472500e+00,        -2.624172258915e+00,        -3.112212106020e+01
 2.51475000e+00,        -2.624268042900e+00,        -3.112276474322e+01
 2.51477500e+00,        -2.624363836327e+00,        -3.112340845902e+01
 2.51480000e+00,        -2.624459639203e+00,        -3.112405220761e+01
 2.51482500e+00,        -2.624555451534e+00,        -3.112469598902e+01
 2.51485000e+00,        -2.624651273328e+00,        -3.112533980328e+01
 2.51487500e+00,        -2.624747104590e+00,        -3.112598365041e+01
 2.51490000e+00,        -2.624842945328e+00,        -3.112662753044e+01
 2.51492500e+00,        -2.624938795547e+00,        -3.112727144340e+01
 2.51495000e+00,        -2.625034655255e+00,        -3.112791538931e+01
 2.51497500e+00,        -2.625130524458e+00,        -3.112855936820e+01
 2.51500000e+00,        -2.625226403163e+00,        -3.112920338008e+01
 2.51502500e+00,        -2.625322291375e+00,        -3.112984742500e+01
 2.51505000e+00,        -2.625418189103e+00,        -3.113049150297e+01
 2.51507500e+00,        -2.625514096352e+00,        -3.113113561402e+01
 2.51510000e+00,        -2.625610013129e+00,        -3.113177975818e+01
 2.51512500e+00,        -2.625705939440e+00,        -3.113242393547e+01
 2.51515000e+00,        -2.625801875293e+00,        -3.113306814592e+01
 2.51517500e+00,        -2.625897820694e+00,        -3.113371238955e+01
 2.51520000e+00,        -2.625993775649e+00,        -3.113435666640e+01
 2.51522500e+00,        -2.626089740165e+00,        -3.113500097648e+01
 2.51525000e+00,        -2.626185714249e+00,        -3.113564531982e+01
 2.51527500e+00,        -2.626281697908e+00,        -3.113628969645e+01
 2.51530000e+00,        -2.626377691147e+00,        -3.113693410639e+01
 2.51532500e+00,        -2.626473693974e+00,        -3.113757854967e+01
 2.51535000e+00,        -2.626569706395e+00,        -3.113822302632e+01
 2.51537500e+00,        -2.626665728418e+00,        -3.113886753637e+01
 2.51540000e+00,        -2.626761760048e+00,        -3.113951207983e+01
 2.51542500e+00,        -2.626857801292e+00,        -3.114015665673e+01
 2.51545000e+00,        -2.626953852157e+00,        -3.114080126711e+01
 2.51547500e+00,        -2.627049912650e+00,        -3.114144591098e+01
 2.51550000e+00,        -2.627145982777e+00,        -3.114209058838e+01
 2.51552500e+00,        -2.627242062545e+00,        -3.114273529932e+01
 2.51555000e+00,        -2.627338151960e+00,        -3.114338004385e+01
 2.51557500e+00,        -2.627434251030e+00,        -3.114402482197e+01
 2.51560000e+00,        -2.627530359761e+00,        -3.114466963372e+01
 2.51562500e+00,        -2.627626478160e+00,        -3.114531447912e+01
 2.51565000e+00,        -2.627722606233e+00,        -3.114595935820e+01
 2.51567500e+00,        -2.627818743987e+00,        -3.114660427099e+01
 2.51570000e+00,        -2.627914891429e+00,        -3.114724921752e+01
 2.51572500e+00,        -2.628011048565e+00,        -3.114789419780e+01
 2.51575000e+00,        -2.628107215403e+00,        -3.114853921187e+01
 2.51577500e+00,        -2.628203391949e+00,        -3.114918425974e+01
 2.51580000e+00,        -2.628299578209e+00,        -3.114982934146e+01
 2.51582500e+00,        -2.628395774191e+00,        -3.115047445704e+01
 2.51585000e+00,        -2.628491979901e+00,        -3.115111960651e+01
 2.51587500e+00,        -2.628588195346e+00,        -3.115176478990e+01
 2.51590000e+00,        -2.628684420533e+00,        -3.115241000723e+01
 2.51592500e+00,        -2.628780655467e+00,        -3.115305525853e+01
 2.51595000e+00,        -2.628876900157e+00,        -3.115370054382e+01
 2.51597500e+00,        -2.628973154609e+00,        -3.115434586314e+01
 2.51600000e+00,        -2.629069418830e+00,        -3.115499121651e+01
 2.51602500e+00,        -2.629165692826e+00,        -3.115563660395e+01
 2.51605000e+00,        -2.629261976604e+00,        -3.115628202549e+01
 2.51607500e+00,        -2.629358270171e+00,        -3.115692748117e+01
 2.51610000e+00,        -2.629454573534e+00,        -3.115757297099e+01
 2.51612500e+00,        -2.629550886699e+00,        -3.115821849500e+01
 2.51615000e+00,        -2.629647209674e+00,        -3.115886405321e+01
 2.51617500e+00,        -2.629743542464e+00,        -3.115950964566e+01
 2.51620000e+00,        -2.629839885078e+00,        -3.116015527237e+01
 2.51622500e+00,        -2.629936237521e+00,        -3.116080093337e+01
 2.51625000e+00,        -2.630032599801e+00,        -3.116144662868e+01
 2.51627500e+00,        -2.630128971924e+00,        -3.116209235833e+01
 2.51630000e+00,        -2.630225353897e+00,        -3.116273812235e+01
 2.51632500e+00,        -2.630321745727e+00,        -3.116338392076e+01
 2.51635000e+00,        -2.630418147421e+00,        -3.116402975360e+01
 2.51637500e+00,        -2.630514558985e+00,        -3.116467562088e+01
 2.51640000e+00,        -2.630610980427e+00,        -3.116532152263e+01
 2.51642500e+00,        -2.630707411753e+00,        -3.116596745888e+01
 2.51645000e+00,        -2.630803852970e+00,        -3.116661342966e+01
 2.51647500e+00,        -2.630900304086e+00,        -3.116725943500e+01
 2.51650000e+00,        -2.630996765105e+00,        -3.116790547491e+01
 2.51652500e+00,        -2.631093236037e+00,        -3.116855154943e+01
 2.51655000e+00,        -2.631189716887e+00,        -3.116919765859e+01
 2.51657500e+00,        -2.631286207662e+00,        -3.116984380240e+01
 2.51660000e+00,        -2.631382708370e+00,        -3.117048998091e+01
 2.51662500e+00,        -2.631479219017e+00,        -3.117113619412e+01
 2.51665000e+00,        -2.631575739609e+00,        -3.117178244208e+01
 2.51667500e+00,        -2.631672270155e+00,        -3.117242872481e+01
 2.51670000e+00,        -2.631768810660e+00,        -3.117307504233e+01
 2.51672500e+00,        -2.631865361132e+00,        -3.117372139467e+01
 2.51675000e+00,        -2.631961921578e+00,        -3.117436778186e+01
 2.51677500e+00,        -2.632058492004e+00,        -3.117501420393e+01
 2.51680000e+00,        -2.632155072417e+00,        -3.117566066090e+01
 2.51682500e+00,        -2.632251662825e+00,        -3.117630715280e+01
 2.51685000e+00,        -2.632348263233e+00,        -3.117695367966e+01
 2.51687500e+00,        -2.632444873650e+00,        -3.117760024149e+01
 2.51690000e+00,        -2.632541494082e+00,        -3.117824683834e+01
 2.51692500e+00,        -2.632638124536e+00,        -3.117889347023e+01
 2.51695000e+00,        -2.632734765019e+00,        -3.117954013718e+01
 2.51697500e+00,        -2.632831415538e+00,        -3.118018683922e+01
 2.51700000e+00,        -2.632928076099e+00,        -3.118083357638e+01
 2.51702500e+00,        -2.633024746710e+00,        -3.118148034868e+01
 2.51705000e+00,        -2.633121427378e+00,        -3.118212715616e+01
 2.51707500e+00,        -2.633218118110e+00,        -3.118277399884e+01
 2.51710000e+00,        -2.633314818912e+00,        -3.118342087674e+01
 2.51712500e+00,        -2.633411529792e+00,        -3.118406778990e+01
 2.51715000e+00,        -2.633508250756e+00,        -3.118471473833e+01
 2.51717500e+00,        -2.633604981812e+00,        -3.118536172208e+01
 2.51720000e+00,        -2.633701722966e+00,        -3.118600874116e+01
 2.51722500e+00,        -2.633798474226e+00,        -3.118665579560e+01
 2.51725000e+00,        -2.633895235599e+00,        -3.118730288544e+01
 2.51727500e+00,        -2.633992007091e+00,        -3.118795001069e+01
 2.51730000e+00,        -2.634088788709e+00,        -3.118859717138e+01
 2.51732500e+00,        -2.634185580461e+00,        -3.118924436755e+01
 2.51735000e+00,        -2.634282382354e+00,        -3.118989159921e+01
 2.51737500e+00,        -2.634379194394e+00,        -3.119053886640e+01
 2.51740000e+00,        -2.634476016589e+00,        -3.119118616915e+01
 2.51742500e+00,        -2.634572848945e+00,        -3.119183350747e+01
 2.51745000e+00,        -2.634669691470e+00,        -3.119248088140e+01
 2.51747500e+00,        -2.634766544171e+00,        -3.119312829097e+01
 2.51750000e+00,        -2.634863407054e+00,        -3.119377573620e+01
 2.51752500e+00,        -2.634960280128e+00,        -3.119442321712e+01
 2.51755000e+00,        -2.635057163398e+00,        -3.119507073376e+01
 2.51757500e+00,        -2.635154056872e+00,        -3.119571828614e+01
 2.51760000e+00,        -2.635250960557e+00,        -3.119636587430e+01
 2.51762500e+00,        -2.635347874460e+00,        -3.119701349825e+01
 2.51765000e+00,        -2.635444798588e+00,        -3.119766115803e+01
 2.51767500e+00,        -2.635541732949e+00,        -3.119830885367e+01
 2.51770000e+00,        -2.635638677548e+00,        -3.119895658519e+01
 2.51772500e+00,        -2.635735632394e+00,        -3.119960435262e+01
 2.51775000e+00,        -2.635832597494e+00,        -3.120025215599e+01
 2.51777500e+00,        -2.635929572854e+00,        -3.120089999532e+01
 2.51780000e+00,        -2.636026558482e+00,        -3.120154787065e+01
 2.51782500e+00,        -2.636123554385e+00,        -3.120219578199e+01
 2.51785000e+00,        -2.636220560569e+00,        -3.120284372939e+01
 2.51787500e+00,        -2.636317577043e+00,        -3.120349171285e+01
 2.51790000e+00,        -2.636414603813e+00,        -3.120413973243e+01
 2.51792500e+00,        -2.636511640886e+00,        -3.120478778813e+01
 2.51795000e+00,        -2.636608688269e+00,        -3.120543587999e+01
 2.51797500e+00,        -2.636705745971e+00,        -3.120608400804e+01
 2.51800000e+00,        -2.636802813997e+00,        -3.120673217230e+01
 2.51802500e+00,        -2.636899892354e+00,        -3.120738037280e+01
 2.51805000e+00,        -2.636996981051e+00,        -3.120802860958e+01
 2.51807500e+00,        -2.637094080094e+00,        -3.120867688265e+01
 2.51810000e+00,        -2.637191189491e+00,        -3.120932519205e+01
 2.51812500e+00,        -2.637288309248e+00,        -3.120997353779e+01
 2.51815000e+00,        -2.637385439373e+00,        -3.121062191992e+01
 2.51817500e+00,        -2.637482579872e+00,        -3.121127033846e+01
 2.51820000e+00,        -2.637579730754e+00,        -3.121191879344e+01
 2.51822500e+00,        -2.637676892026e+00,        -3.121256728488e+01
 2.51825000e+00,        -2.637774063693e+00,        -3.121321581281e+01
 2.51827500e+00,        -2.637871245765e+00,        -3.121386437726e+01
 2.51830000e+00,        -2.637968438247e+00,        -3.121451297827e+01
 2.51832500e+00,        -2.638065641148e+00,        -3.121516161584e+01
 2.51835000e+00,        -2.638162854474e+00,        -3.121581029003e+01
 2.51837500e+00,        -2.638260078233e+00,        -3.121645900084e+01
 2.51840000e+00,        -2.638357312431e+00,        -3.121710774832e+01
 2.51842500e+00,        -2.638454557077e+00,        -3.121775653248e+01
 2.51845000e+00,        -2.638551812177e+00,        -3.121840535336e+01
 2.51847500e+00,        -2.638649077738e+00,        -3.121905421098e+01
 2.51850000e+00,        -2.638746353769e+00,        -3.121970310538e+01
 2.51852500e+00,        -2.638843640276e+00,        -3.122035203658e+01
 2.51855000e+00,        -2.638940937266e+00,        -3.122100100461e+01
 2.51857500e+00,        -2.639038244746e+00,        -3.122165000949e+01
 2.51860000e+00,        -2.639135562725e+00,        -3.122229905126e+01
 2.51862500e+00,        -2.639232891209e+00,        -3.122294812994e+01
 2.51865000e+00,        -2.639330230205e+00,        -3.122359724557e+01
 2.51867500e+00,        -2.639427579722e+00,        -3.122424639816e+01
 2.51870000e+00,        -2.639524939765e+00,        -3.122489558776e+01
 2.51872500e+00,        -2.639622310343e+00,        -3.122554481438e+01
 2.51875000e+00,        -2.639719691463e+00,        -3.122619407805e+01
 2.51877500e+00,        -2.639817083131e+00,        -3.122684337881e+01
 2.51880000e+00,        -2.639914485356e+00,        -3.122749271668e+01
 2.51882500e+00,        -2.640011898145e+00,        -3.122814209169e+01
 2.51885000e+00,        -2.640109321505e+00,        -3.122879150387e+01
 2.51887500e+00,        -2.640206755444e+00,        -3.122944095324e+01
 2.51890000e+00,        -2.640304199968e+00,        -3.123009043984e+01
 2.51892500e+00,        -2.640401655085e+00,        -3.123073996370e+01
 2.51895000e+00,        -2.640499120803e+00,        -3.123138952483e+01
 2.51897500e+00,        -2.640596597128e+00,        -3.123203912328e+01
 2.51900000e+00,        -2.640694084069e+00,        -3.123268875907e+01
 2.51902500e+00,        -2.640791581632e+00,        -3.123333843222e+01
 2.51905000e+00,        -2.640889089826e+00,        -3.123398814277e+01
 2.51907500e+00,        -2.640986608657e+00,        -3.123463789074e+01
 2.51910000e+00,        -2.641084138132e+00,        -3.123528767617e+01
 2.51912500e+00,        -2.641181678260e+00,        -3.123593749908e+01
 2.51915000e+00,        -2.641279229047e+00,        -3.123658735950e+01
 2.51917500e+00,        -2.641376790501e+00,        -3.123723725746e+01
 2.51920000e+00,        -2.641474362630e+00,        -3.123788719298e+01
 2.51922500e+00,        -2.641571945441e+00,        -3.123853716611e+01
 2.51925000e+00,        -2.641669538940e+00,        -3.123918717686e+01
 2.51927500e+00,        -2.641767143137e+00,        -3.123983722526e+01
 2.51930000e+00,        -2.641864758037e+00,        -3.124048731134e+01
 2.51932500e+00,        -2.641962383650e+00,        -3.124113743514e+01
 2.51935000e+00,        -2.642060019981e+00,        -3.124178759668e+01
 2.51937500e+00,        -2.642157667038e+00,        -3.124243779598e+01
 2.51940000e+00,        -2.642255324830e+00,        -3.124308803309e+01
 2.51942500e+00,        -2.642352993363e+00,        -3.124373830802e+01
 2.51945000e+00,        -2.642450672645e+00,        -3.124438862080e+01
 2.51947500e+00,        -2.642548362684e+00,        -3.124503897147e+01
 2.51950000e+00,        -2.642646063486e+00,        -3.124568936006e+01
 2.51952500e+00,        -2.642743775060e+00,        -3.124633978658e+01
 2.51955000e+00,        -2.642841497412e+00,        -3.124699025108e+01
 2.51957500e+00,        -2.642939230551e+00,        -3.124764075358e+01
 2.51960000e+00,        -2.643036974484e+00,        -3.124829129411e+01
 2.51962500e+00,        -2.643134729219e+00,        -3.124894187269e+01
 2.51965000e+00,        -2.643232494762e+00,        -3.124959248937e+01
 2.51967500e+00,        -2.643330271122e+00,        -3.125024314416e+01
 2.51970000e+00,        -2.643428058306e+00,        -3.125089383709e+01
 2.51972500e+00,        -2.643525856321e+00,        -3.125154456820e+01
 2.51975000e+00,        -2.643623665176e+00,        -3.125219533751e+01
 2.51977500e+00,        -2.643721484877e+00,        -3.125284614506e+01
 2.51980000e+00,        -2.643819315432e+00,        -3.125349699087e+01
 2.51982500e+00,        -2.643917156849e+00,        -3.125414787497e+01
 2.51985000e+00,        -2.644015009136e+00,        -3.125479879739e+01
 2.51987500e+00,        -2.644112872300e+00,        -3.125544975816e+01
 2.51990000e+00,        -2.644210746348e+00,        -3.125610075731e+01
 2.51992500e+00,        -2.644308631288e+00,        -3.125675179486e+01
 2.51995000e+00,        -2.644406527128e+00,        -3.125740287086e+01
 2.51997500e+00,        -2.644504433876e+00,        -3.125805398532e+01
 2.52000000e+00,        -2.644602351538e+00,        -3.125870513828e+01
