        f (GHz),             |S[1][1]| (dB),        arg(S[1][1]) (deg.)
 2.30000000e+00,        -6.062731352563e-01,        +1.452738909196e+02
 2.30020000e+00,        -6.090449351314e-01,        +1.450680451095e+02
 2.30040000e+00,        -6.118380158163e-01,        +1.448619173531e+02
 2.30060000e+00,        -6.146526126523e-01,        +1.446555057184e+02
 2.30080000e+00,        -6.174889642614e-01,        +1.444488082493e+02
 2.30100000e+00,        -6.203473126011e-01,        +1.442418229652e+02
 2.30120000e+00,        -6.232279030197e-01,        +1.440345478610e+02
 2.30140000e+00,        -6.261309843134e-01,        +1.438269809064e+02
 2.30160000e+00,        -6.290568087836e-01,        +1.436191200457e+02
 2.30180000e+00,        -6.320056322959e-01,        +1.434109631975e+02
 2.30200000e+00,        -6.349777143405e-01,        +1.432025082545e+02
 2.30220000e+00,        -6.379733180929e-01,        +1.429937530826e+02
 2.30240000e+00,        -6.409927104766e-01,        +1.427846955212e+02
 2.30260000e+00,        -6.440361622265e-01,        +1.425753333825e+02
 2.30280000e+00,        -6.471039479540e-01,        +1.423656644513e+02
 2.30300000e+00,        -6.501963462132e-01,        +1.421556864842e+02
 2.30320000e+00,        -6.533136395680e-01,        +1.419453972099e+02
 2.30340000e+00,        -6.564561146611e-01,        +1.417347943282e+02
 2.30360000e+00,        -6.596240622845e-01,        +1.415238755100e+02
 2.30380000e+00,        -6.628177774504e-01,        +1.413126383968e+02
 2.30400000e+00,        -6.660375594647e-01,        +1.411010806002e+02
 2.30420000e+00,        -6.692837120012e-01,        +1.408891997015e+02
 2.30440000e+00,        -6.725565431779e-01,        +1.406769932516e+02
 2.30460000e+00,        -6.758563656338e-01,        +1.404644587702e+02
 2.30480000e+00,        -6.791834966086e-01,        +1.402515937453e+02
 2.30500000e+00,        -6.825382580232e-01,        +1.400383956334e+02
 2.30520000e+00,        -6.859209765617e-01,        +1.398248618582e+02
 2.30540000e+00,        -6.893319837555e-01,        +1.396109898111e+02
 2.30560000e+00,        -6.927716160692e-01,        +1.393967768497e+02
 2.30580000e+00,        -6.962402149875e-01,        +1.391822202983e+02
 2.30600000e+00,        -6.997381271050e-01,        +1.389673174468e+02
 2.30620000e+00,        -7.032657042167e-01,        +1.387520655505e+02
 2.30640000e+00,        -7.068233034113e-01,        +1.385364618297e+02
 2.30660000e+00,        -7.104112871659e-01,        +1.383205034689e+02
 2.30680000e+00,        -7.140300234429e-01,        +1.381041876165e+02
 2.30700000e+00,        -7.176798857885e-01,        +1.378875113844e+02
 2.30720000e+00,        -7.213612534339e-01,        +1.376704718473e+02
 2.30740000e+00,        -7.250745113982e-01,        +1.374530660422e+02
 2.30760000e+00,        -7.288200505934e-01,        +1.372352909681e+02
 2.30780000e+00,        -7.325982679321e-01,        +1.370171435851e+02
 2.30800000e+00,        -7.364095664366e-01,        +1.367986208141e+02
 2.30820000e+00,        -7.402543553512e-01,        +1.365797195362e+02
 2.30840000e+00,        -7.441330502564e-01,        +1.363604365924e+02
 2.30860000e+00,        -7.480460731855e-01,        +1.361407687823e+02
 2.30880000e+00,        -7.519938527439e-01,        +1.359207128643e+02
 2.30900000e+00,        -7.559768242309e-01,        +1.357002655546e+02
 2.30920000e+00,        -7.599954297640e-01,        +1.354794235268e+02
 2.30940000e+00,        -7.640501184058e-01,        +1.352581834112e+02
 2.30960000e+00,        -7.681413462939e-01,        +1.350365417940e+02
 2.30980000e+00,        -7.722695767735e-01,        +1.348144952172e+02
 2.31000000e+00,        -7.764352805327e-01,        +1.345920401772e+02
 2.31020000e+00,        -7.806389357408e-01,        +1.343691731250e+02
 2.31040000e+00,        -7.848810281898e-01,        +1.341458904650e+02
 2.31060000e+00,        -7.891620514389e-01,        +1.339221885542e+02
 2.31080000e+00,        -7.934825069620e-01,        +1.336980637022e+02
 2.31100000e+00,        -7.978429042986e-01,        +1.334735121698e+02
 2.31120000e+00,        -8.022437612079e-01,        +1.332485301688e+02
 2.31140000e+00,        -8.066856038266e-01,        +1.330231138611e+02
 2.31160000e+00,        -8.111689668297e-01,        +1.327972593577e+02
 2.31180000e+00,        -8.156943935951e-01,        +1.325709627186e+02
 2.31200000e+00,        -8.202624363724e-01,        +1.323442199515e+02
 2.31220000e+00,        -8.248736564542e-01,        +1.321170270114e+02
 2.31240000e+00,        -8.295286243525e-01,        +1.318893797995e+02
 2.31260000e+00,        -8.342279199786e-01,        +1.316612741626e+02
 2.31280000e+00,        -8.389721328267e-01,        +1.314327058926e+02
 2.31300000e+00,        -8.437618621620e-01,        +1.312036707251e+02
 2.31320000e+00,        -8.485977172132e-01,        +1.309741643391e+02
 2.31340000e+00,        -8.534803173689e-01,        +1.307441823557e+02
 2.31360000e+00,        -8.584102923789e-01,        +1.305137203377e+02
 2.31380000e+00,        -8.633882825598e-01,        +1.302827737886e+02
 2.31400000e+00,        -8.684149390057e-01,        +1.300513381516e+02
 2.31420000e+00,        -8.734909238030e-01,        +1.298194088087e+02
 2.31440000e+00,        -8.786169102511e-01,        +1.295869810801e+02
 2.31460000e+00,        -8.837935830872e-01,        +1.293540502230e+02
 2.31480000e+00,        -8.890216387175e-01,        +1.291206114306e+02
 2.31500000e+00,        -8.943017854522e-01,        +1.288866598315e+02
 2.31520000e+00,        -8.996347437474e-01,        +1.286521904885e+02
 2.31540000e+00,        -9.050212464522e-01,        +1.284171983977e+02
 2.31560000e+00,        -9.104620390610e-01,        +1.281816784872e+02
 2.31580000e+00,        -9.159578799725e-01,        +1.279456256168e+02
 2.31600000e+00,        -9.215095407544e-01,        +1.277090345762e+02
 2.31620000e+00,        -9.271178064146e-01,        +1.274719000845e+02
 2.31640000e+00,        -9.327834756784e-01,        +1.272342167888e+02
 2.31660000e+00,        -9.385073612728e-01,        +1.269959792634e+02
 2.31680000e+00,        -9.442902902173e-01,        +1.267571820084e+02
 2.31700000e+00,        -9.501331041214e-01,        +1.265178194489e+02
 2.31720000e+00,        -9.560366594900e-01,        +1.262778859337e+02
 2.31740000e+00,        -9.620018280351e-01,        +1.260373757341e+02
 2.31760000e+00,        -9.680294969960e-01,        +1.257962830428e+02
 2.31780000e+00,        -9.741205694667e-01,        +1.255546019730e+02
 2.31800000e+00,        -9.802759647310e-01,        +1.253123265565e+02
 2.31820000e+00,        -9.864966186067e-01,        +1.250694507432e+02
 2.31840000e+00,        -9.927834837971e-01,        +1.248259683994e+02
 2.31860000e+00,        -9.991375302517e-01,        +1.245818733067e+02
 2.31880000e+00,        -1.005559745536e+00,        +1.243371591607e+02
 2.31900000e+00,        -1.012051135209e+00,        +1.240918195697e+02
 2.31920000e+00,        -1.018612723212e+00,        +1.238458480532e+02
 2.31940000e+00,        -1.025245552267e+00,        +1.235992380409e+02
 2.31960000e+00,        -1.031950684281e+00,        +1.233519828711e+02
 2.31980000e+00,        -1.038729200767e+00,        +1.231040757892e+02
 2.32000000e+00,        -1.045582203271e+00,        +1.228555099464e+02
 2.32020000e+00,        -1.052510813806e+00,        +1.226062783983e+02
 2.32040000e+00,        -1.059516175311e+00,        +1.223563741035e+02
 2.32060000e+00,        -1.066599452102e+00,        +1.221057899218e+02
 2.32080000e+00,        -1.073761830354e+00,        +1.218545186129e+02
 2.32100000e+00,        -1.081004518576e+00,        +1.216025528351e+02
 2.32120000e+00,        -1.088328748116e+00,        +1.213498851432e+02
 2.32140000e+00,        -1.095735773667e+00,        +1.210965079873e+02
 2.32160000e+00,        -1.103226873792e+00,        +1.208424137108e+02
 2.32180000e+00,        -1.110803351455e+00,        +1.205875945495e+02
 2.32200000e+00,        -1.118466534578e+00,        +1.203320426290e+02
 2.32220000e+00,        -1.126217776599e+00,        +1.200757499637e+02
 2.32240000e+00,        -1.134058457054e+00,        +1.198187084546e+02
 2.32260000e+00,        -1.141989982172e+00,        +1.195609098880e+02
 2.32280000e+00,        -1.150013785481e+00,        +1.193023459333e+02
 2.32300000e+00,        -1.158131328434e+00,        +1.190430081415e+02
 2.32320000e+00,        -1.166344101053e+00,        +1.187828879430e+02
 2.32340000e+00,        -1.174653622585e+00,        +1.185219766461e+02
 2.32360000e+00,        -1.183061442180e+00,        +1.182602654349e+02
 2.32380000e+00,        -1.191569139583e+00,        +1.179977453676e+02
 2.32400000e+00,        -1.200178325846e+00,        +1.177344073739e+02
 2.32420000e+00,        -1.208890644063e+00,        +1.174702422539e+02
 2.32440000e+00,        -1.217707770115e+00,        +1.172052406753e+02
 2.32460000e+00,        -1.226631413447e+00,        +1.169393931718e+02
 2.32480000e+00,        -1.235663317854e+00,        +1.166726901408e+02
 2.32500000e+00,        -1.244805262299e+00,        +1.164051218414e+02
 2.32520000e+00,        -1.254059061745e+00,        +1.161366783921e+02
 2.32540000e+00,        -1.263426568014e+00,        +1.158673497687e+02
 2.32560000e+00,        -1.272909670667e+00,        +1.155971258020e+02
 2.32580000e+00,        -1.282510297912e+00,        +1.153259961755e+02
 2.32600000e+00,        -1.292230417531e+00,        +1.150539504233e+02
 2.32620000e+00,        -1.302072037838e+00,        +1.147809779277e+02
 2.32640000e+00,        -1.312037208659e+00,        +1.145070679164e+02
 2.32660000e+00,        -1.322128022344e+00,        +1.142322094609e+02
 2.32680000e+00,        -1.332346614800e+00,        +1.139563914731e+02
 2.32700000e+00,        -1.342695166564e+00,        +1.136796027037e+02
 2.32720000e+00,        -1.353175903894e+00,        +1.134018317390e+02
 2.32740000e+00,        -1.363791099895e+00,        +1.131230669988e+02
 2.32760000e+00,        -1.374543075683e+00,        +1.128432967335e+02
 2.32780000e+00,        -1.385434201572e+00,        +1.125625090214e+02
 2.32800000e+00,        -1.396466898301e+00,        +1.122806917664e+02
 2.32820000e+00,        -1.407643638293e+00,        +1.119978326949e+02
 2.32840000e+00,        -1.418966946953e+00,        +1.117139193533e+02
 2.32860000e+00,        -1.430439403999e+00,        +1.114289391049e+02
 2.32880000e+00,        -1.442063644836e+00,        +1.111428791273e+02
 2.32900000e+00,        -1.453842361962e+00,        +1.108557264093e+02
 2.32920000e+00,        -1.465778306428e+00,        +1.105674677483e+02
 2.32940000e+00,        -1.477874289324e+00,        +1.102780897469e+02
 2.32960000e+00,        -1.490133183324e+00,        +1.099875788101e+02
 2.32980000e+00,        -1.502557924260e+00,        +1.096959211423e+02
 2.33000000e+00,        -1.515151512761e+00,        +1.094031027440e+02
 2.33020000e+00,        -1.527917015921e+00,        +1.091091094089e+02
 2.33040000e+00,        -1.540857569033e+00,        +1.088139267204e+02
 2.33060000e+00,        -1.553976377361e+00,        +1.085175400485e+02
 2.33080000e+00,        -1.567276717976e+00,        +1.082199345466e+02
 2.33100000e+00,        -1.580761941637e+00,        +1.079210951481e+02
 2.33120000e+00,        -1.594435474735e+00,        +1.076210065628e+02
 2.33140000e+00,        -1.608300821296e+00,        +1.073196532740e+02
 2.33160000e+00,        -1.622361565037e+00,        +1.070170195345e+02
 2.33180000e+00,        -1.636621371493e+00,        +1.067130893633e+02
 2.33200000e+00,        -1.651083990204e+00,        +1.064078465420e+02
 2.33220000e+00,        -1.665753256972e+00,        +1.061012746113e+02
 2.33240000e+00,        -1.680633096181e+00,        +1.057933568673e+02
 2.33260000e+00,        -1.695727523195e+00,        +1.054840763575e+02
 2.33280000e+00,        -1.711040646831e+00,        +1.051734158776e+02
 2.33300000e+00,        -1.726576671898e+00,        +1.048613579672e+02
 2.33320000e+00,        -1.742339901829e+00,        +1.045478849064e+02
 2.33340000e+00,        -1.758334741386e+00,        +1.042329787114e+02
 2.33360000e+00,        -1.774565699453e+00,        +1.039166211310e+02
 2.33380000e+00,        -1.791037391919e+00,        +1.035987936424e+02
 2.33400000e+00,        -1.807754544645e+00,        +1.032794774474e+02
 2.33420000e+00,        -1.824721996535e+00,        +1.029586534678e+02
 2.33440000e+00,        -1.841944702700e+00,        +1.026363023421e+02
 2.33460000e+00,        -1.859427737719e+00,        +1.023124044204e+02
 2.33480000e+00,        -1.877176299016e+00,        +1.019869397610e+02
 2.33500000e+00,        -1.895195710335e+00,        +1.016598881258e+02
 2.33520000e+00,        -1.913491425335e+00,        +1.013312289757e+02
 2.33540000e+00,        -1.932069031298e+00,        +1.010009414668e+02
 2.33560000e+00,        -1.950934252961e+00,        +1.006690044458e+02
 2.33580000e+00,        -1.970092956472e+00,        +1.003353964454e+02
 2.33600000e+00,        -1.989551153481e+00,        +1.000000956801e+02
 2.33620000e+00,        -2.009315005357e+00,        +9.966308004137e+01
 2.33640000e+00,        -2.029390827561e+00,        +9.932432709342e+01
 2.33660000e+00,        -2.049785094146e+00,        +9.898381406836e+01
 2.33680000e+00,        -2.070504442428e+00,        +9.864151786164e+01
 2.33700000e+00,        -2.091555677800e+00,        +9.829741502736e+01
 2.33720000e+00,        -2.112945778720e+00,        +9.795148177353e+01
 2.33740000e+00,        -2.134681901859e+00,        +9.760369395733e+01
 2.33760000e+00,        -2.156771387436e+00,        +9.725402708026e+01
 2.33780000e+00,        -2.179221764731e+00,        +9.690245628334e+01
 2.33800000e+00,        -2.202040757789e+00,        +9.654895634217e+01
 2.33820000e+00,        -2.225236291327e+00,        +9.619350166205e+01
 2.33840000e+00,        -2.248816496842e+00,        +9.583606627301e+01
 2.33860000e+00,        -2.272789718941e+00,        +9.547662382475e+01
 2.33880000e+00,        -2.297164521887e+00,        +9.511514758170e+01
 2.33900000e+00,        -2.321949696387e+00,        +9.475161041781e+01
 2.33920000e+00,        -2.347154266618e+00,        +9.438598481155e+01
 2.33940000e+00,        -2.372787497505e+00,        +9.401824284065e+01
 2.33960000e+00,        -2.398858902266e+00,        +9.364835617696e+01
 2.33980000e+00,        -2.425378250233e+00,        +9.327629608115e+01
 2.34000000e+00,        -2.452355574955e+00,        +9.290203339746e+01
 2.34020000e+00,        -2.479801182605e+00,        +9.252553854835e+01
 2.34040000e+00,        -2.507725660697e+00,        +9.214678152911e+01
 2.34060000e+00,        -2.536139887128e+00,        +9.176573190243e+01
 2.34080000e+00,        -2.565055039567e+00,        +9.138235879288e+01
 2.34100000e+00,        -2.594482605187e+00,        +9.099663088144e+01
 2.34120000e+00,        -2.624434390783e+00,        +9.060851639980e+01
 2.34140000e+00,        -2.654922533268e+00,        +9.021798312477e+01
 2.34160000e+00,        -2.685959510582e+00,        +8.982499837247e+01
 2.34180000e+00,        -2.717558153022e+00,        +8.942952899254e+01
 2.34200000e+00,        -2.749731655018e+00,        +8.903154136224e+01
 2.34220000e+00,        -2.782493587379e+00,        +8.863100138040e+01
 2.34240000e+00,        -2.815857910022e+00,        +8.822787446135e+01
 2.34260000e+00,        -2.849838985218e+00,        +8.782212552869e+01
 2.34280000e+00,        -2.884451591370e+00,        +8.741371900890e+01
 2.34300000e+00,        -2.919710937361e+00,        +8.700261882488e+01
 2.34320000e+00,        -2.955632677486e+00,        +8.658878838925e+01
 2.34340000e+00,        -2.992232927012e+00,        +8.617219059756e+01
 2.34360000e+00,        -3.029528278386e+00,        +8.575278782117e+01
 2.34380000e+00,        -3.067535818134e+00,        +8.533054190006e+01
 2.34400000e+00,        -3.106273144477e+00,        +8.490541413526e+01
 2.34420000e+00,        -3.145758385716e+00,        +8.447736528108e+01
 2.34440000e+00,        -3.186010219405e+00,        +8.404635553696e+01
 2.34460000e+00,        -3.227047892382e+00,        +8.361234453901e+01
 2.34480000e+00,        -3.268891241682e+00,        +8.317529135120e+01
 2.34500000e+00,        -3.311560716391e+00,        +8.273515445596e+01
 2.34520000e+00,        -3.355077400494e+00,        +8.229189174444e+01
 2.34540000e+00,        -3.399463036769e+00,        +8.184546050616e+01
 2.34560000e+00,        -3.444740051794e+00,        +8.139581741801e+01
 2.34580000e+00,        -3.490931582124e+00,        +8.094291853257e+01
 2.34600000e+00,        -3.538061501708e+00,        +8.048671926576e+01
 2.34620000e+00,        -3.586154450633e+00,        +8.002717438343e+01
 2.34640000e+00,        -3.635235865251e+00,        +7.956423798720e+01
 2.34660000e+00,        -3.685332009802e+00,        +7.909786349908e+01
 2.34680000e+00,        -3.736470009603e+00,        +7.862800364496e+01
 2.34700000e+00,        -3.788677885913e+00,        +7.815461043674e+01
 2.34720000e+00,        -3.841984592584e+00,        +7.767763515300e+01
 2.34740000e+00,        -3.896420054604e+00,        +7.719702831800e+01
 2.34760000e+00,        -3.952015208665e+00,        +7.671273967885e+01
 2.34780000e+00,        -4.008802045891e+00,        +7.622471818057e+01
 2.34800000e+00,        -4.066813656864e+00,        +7.573291193898e+01
 2.34820000e+00,        -4.126084279118e+00,        +7.523726821092e+01
 2.34840000e+00,        -4.186649347263e+00,        +7.473773336175e+01
 2.34860000e+00,        -4.248545545934e+00,        +7.423425282963e+01
 2.34880000e+00,        -4.311810865760e+00,        +7.372677108633e+01
 2.34900000e+00,        -4.376484662578e+00,        +7.321523159414e+01
 2.34920000e+00,        -4.442607720135e+00,        +7.269957675844e+01
 2.34940000e+00,        -4.510222316528e+00,        +7.217974787546e+01
 2.34960000e+00,        -4.579372294686e+00,        +7.165568507469e+01
 2.34980000e+00,        -4.650103137188e+00,        +7.112732725526e+01
 2.35000000e+00,        -4.722462045770e+00,        +7.059461201576e+01
 2.35020000e+00,        -4.796498025893e+00,        +7.005747557656e+01
 2.35040000e+00,        -4.872261976778e+00,        +6.951585269402e+01
 2.35060000e+00,        -4.949806787364e+00,        +6.896967656540e+01
 2.35080000e+00,        -5.029187438675e+00,        +6.841887872359e+01
 2.35100000e+00,        -5.110461113156e+00,        +6.786338892045e+01
 2.35120000e+00,        -5.193687311552e+00,        +6.730313499740e+01
 2.35140000e+00,        -5.278927978027e+00,        +6.673804274175e+01
 2.35160000e+00,        -5.366247634215e+00,        +6.616803572732e+01
 2.35180000e+00,        -5.455713523045e+00,        +6.559303513707e+01
 2.35200000e+00,        -5.547395763216e+00,        +6.501295956613e+01
 2.35220000e+00,        -5.641367515318e+00,        +6.442772480244e+01
 2.35240000e+00,        -5.737705160712e+00,        +6.383724358254e+01
 2.35260000e+00,        -5.836488494387e+00,        +6.324142531942e+01
 2.35280000e+00,        -5.937800933168e+00,        +6.264017579895e+01
 2.35300000e+00,        -6.041729740801e+00,        +6.203339684109e+01
 2.35320000e+00,        -6.148366271615e+00,        +6.142098592131e+01
 2.35340000e+00,        -6.257806234691e+00,        +6.080283574726e+01
 2.35360000e+00,        -6.370149980662e+00,        +6.017883378494e+01
 2.35380000e+00,        -6.485502813564e+00,        +5.954886172762e+01
 2.35400000e+00,        -6.603975330452e+00,        +5.891279490016e+01
 2.35420000e+00,        -6.725683791828e+00,        +5.827050158991e+01
 2.35440000e+00,        -6.850750526360e+00,        +5.762184229419e+01
 2.35460000e+00,        -6.979304373786e+00,        +5.696666887289e+01
 2.35480000e+00,        -7.111481170449e+00,        +5.630482359276e+01
 2.35500000e+00,        -7.247424282535e+00,        +5.563613804789e+01
 2.35520000e+00,        -7.387285192739e+00,        +5.496043193847e+01
 2.35540000e+00,        -7.531224146963e+00,        +5.427751168658e+01
 2.35560000e+00,        -7.679410868571e+00,        +5.358716886459e+01
 2.35580000e+00,        -7.832025348841e+00,        +5.288917840719e+01
 2.35600000e+00,        -7.989258723576e+00,        +5.218329657294e+01
 2.35620000e+00,        -8.151314247351e+00,        +5.146925861516e+01
 2.35640000e+00,        -8.318408378698e+00,        +5.074677611444e+01
 2.35660000e+00,        -8.490771991651e+00,        +5.001553391582e+01
 2.35680000e+00,        -8.668651731597e+00,        +4.927518660282e+01
 2.35700000e+00,        -8.852311536428e+00,        +4.852535442670e+01
 2.35720000e+00,        -9.042034347539e+00,        +4.776561859267e+01
 2.35740000e+00,        -9.238124039555e+00,        +4.699551578411e+01
 2.35760000e+00,        -9.440907602847e+00,        +4.621453178002e+01
 2.35780000e+00,        -9.650737619167e+00,        +4.542209398884e+01
 2.35800000e+00,        -9.867995078305e+00,        +4.461756268134e+01
 2.35820000e+00,        -1.009309259293e+01,        +4.380022065408e+01
 2.35840000e+00,        -1.032647808009e+01,        +4.296926099011e+01
 2.35860000e+00,        -1.056863899174e+01,        +4.212377250021e+01
 2.35880000e+00,        -1.082010719369e+01,        +4.126272232076e+01
 2.35900000e+00,        -1.108146461391e+01,        +4.038493500520e+01
 2.35920000e+00,        -1.135334980709e+01,        +3.948906726370e+01
 2.35940000e+00,        -1.163646561594e+01,        +3.857357726593e+01
 2.35960000e+00,        -1.193158815104e+01,        +3.763668710222e+01
 2.35980000e+00,        -1.223957736359e+01,        +3.667633657049e+01
 2.36000000e+00,        -1.256138955201e+01,        +3.569012587622e+01
 2.36020000e+00,        -1.289809222831e+01,        +3.467524403987e+01
 2.36040000e+00,        -1.325088187804e+01,        +3.362837870899e+01
 2.36060000e+00,        -1.362110528629e+01,        +3.254560153957e+01
 2.36080000e+00,        -1.401028527950e+01,        +3.142222114048e+01
 2.36100000e+00,        -1.442015195845e+01,        +3.025259246423e+01
 2.36120000e+00,        -1.485268078443e+01,        +2.902986700598e+01
 2.36140000e+00,        -1.531013923700e+01,        +2.774566150606e+01
 2.36160000e+00,        -1.579514419258e+01,        +2.638961286724e+01
 2.36180000e+00,        -1.631073266109e+01,        +2.494877180104e+01
 2.36200000e+00,        -1.686044899287e+01,        +2.340676418452e+01
 2.36220000e+00,        -1.744845193259e+01,        +2.174261201454e+01
 2.36240000e+00,        -1.807964445199e+01,        +1.992904630973e+01
 2.36260000e+00,        -1.875982693544e+01,        +1.793004705859e+01
 2.36280000e+00,        -1.949586715792e+01,        +1.569718394778e+01
 2.36300000e+00,        -2.029586174393e+01,        +1.316406095403e+01
 2.36320000e+00,        -2.116921691341e+01,        +1.023771409862e+01
 2.36340000e+00,        -2.212646086687e+01,        +6.785070889476e+00
 2.36360000e+00,        -2.317831636009e+01,        +2.611484415744e+00
 2.36380000e+00,        -2.433286775514e+01,        -2.572730791281e+00
 2.36400000e+00,        -2.558801595493e+01,        -9.200329259312e+00
 2.36420000e+00,        -2.691303280673e+01,        -1.789664254269e+01
 2.36440000e+00,        -2.820933725453e+01,        -2.944905560260e+01
 2.36460000e+00,        -2.925441017934e+01,        -4.443537118412e+01
 2.36480000e+00,        -2.971545580526e+01,        -6.222131057456e+01
 2.36500000e+00,        -2.938379785784e+01,        -8.029362061125e+01
 2.36520000e+00,        -2.840998453658e+01,        -9.590181728967e+01
 2.36540000e+00,        -2.712846266174e+01,        -1.080657288412e+02
 2.36560000e+00,        -2.578805351370e+01,        -1.172318288294e+02
 2.36580000e+00,        -2.450606549706e+01,        -1.241935788711e+02
 2.36600000e+00,        -2.332202105939e+01,        -1.296136257185e+02
 2.36620000e+00,        -2.224144248656e+01,        -1.339570594885e+02
 2.36640000e+00,        -2.125734807555e+01,        -1.375359045690e+02
 2.36660000e+00,        -2.035920715957e+01,        -1.405593649328e+02
 2.36680000e+00,        -1.953635787817e+01,        -1.431699327117e+02
 2.36700000e+00,        -1.877916656411e+01,        -1.454667395326e+02
 2.36720000e+00,        -1.807930327444e+01,        -1.475202954746e+02
 2.36740000e+00,        -1.742969110841e+01,        -1.493818313936e+02
 2.36760000e+00,        -1.682435204016e+01,        -1.510893118859e+02
 2.36780000e+00,        -1.625823573208e+01,        -1.526713811814e+02
 2.36800000e+00,        -1.572706241354e+01,        -1.541500059865e+02
 2.36820000e+00,        -1.522718865843e+01,        -1.555422814521e+02
 2.36840000e+00,        -1.475549631384e+01,        -1.568616890501e+02
 2.36860000e+00,        -1.430930188476e+01,        -1.581189884960e+02
 2.36880000e+00,        -1.388628300375e+01,        -1.593228607671e+02
 2.36900000e+00,        -1.348441879970e+01,        -1.604803788488e+02
 2.36920000e+00,        -1.310194143627e+01,        -1.615973572838e+02
 2.36940000e+00,        -1.273729658418e+01,        -1.626786151493e+02
 2.36960000e+00,        -1.238911103489e+01,        -1.637281763119e+02
 2.36980000e+00,        -1.205616603365e+01,        -1.647494236387e+02
 2.37000000e+00,        -1.173737520837e+01,        -1.657452189903e+02
 2.37020000e+00,        -1.143176620714e+01,        -1.667179974934e+02
 2.37040000e+00,        -1.113846534245e+01,        -1.676698422721e+02
 2.37060000e+00,        -1.085668468504e+01,        -1.686025441863e+02
 2.37080000e+00,        -1.058571116366e+01,        -1.695176499587e+02
 2.37100000e+00,        -1.032489731565e+01,        -1.704165012295e+02
 2.37120000e+00,        -1.007365340276e+01,        -1.713002664676e+02
 2.37140000e+00,        -9.831440661579e+00,        -1.721699672096e+02
 2.37160000e+00,        -9.597765501426e+00,        -1.730264997669e+02
 2.37180000e+00,        -9.372174496750e+00,        -1.738706532820e+02
 2.37200000e+00,        -9.154250049047e+00,        -1.747031248302e+02
 2.37220000e+00,        -8.943606615096e+00,        -1.755245321112e+02
 2.37240000e+00,        -8.739887416279e+00,        -1.763354241656e+02
 2.37260000e+00,        -8.542761558145e+00,        -1.771362904635e+02
 2.37280000e+00,        -8.351921501112e+00,        -1.779275686445e+02
 2.37300000e+00,        -8.167080832800e+00,        -1.787096511340e+02
 2.37320000e+00,        -7.987972300344e+00,        -1.794828908209e+02
 2.37340000e+00,        -7.814346067535e+00,        +1.797523940549e+02
 2.37360000e+00,        -7.645968167013e+00,        +1.789959156808e+02
 2.37380000e+00,        -7.482619122143e+00,        +1.782474130144e+02
 2.37400000e+00,        -7.324092716998e+00,        +1.775066486063e+02
 2.37420000e+00,        -7.170194895918e+00,        +1.767734058330e+02
 2.37440000e+00,        -7.020742776773e+00,        +1.760474864801e+02
 2.37460000e+00,        -6.875563764221e+00,        +1.753287086287e+02
 2.37480000e+00,        -6.734494751163e+00,        +1.746169048003e+02
 2.37500000e+00,        -6.597381398127e+00,        +1.739119203281e+02
 2.37520000e+00,        -6.464077481709e+00,        +1.732136119226e+02
 2.37540000e+00,        -6.334444304294e+00,        +1.725218464075e+02
 2.37560000e+00,        -6.208350158318e+00,        +1.718364996031e+02
 2.37580000e+00,        -6.085669839138e+00,        +1.711574553395e+02
 2.37600000e+00,        -5.966284201316e+00,        +1.704846045828e+02
 2.37620000e+00,        -5.850079753755e+00,        +1.698178446611e+02
 2.37640000e+00,        -5.736948289665e+00,        +1.691570785779e+02
 2.37660000e+00,        -5.626786547810e+00,        +1.685022144022e+02
 2.37680000e+00,        -5.519495901892e+00,        +1.678531647280e+02
 2.37700000e+00,        -5.414982075282e+00,        +1.672098461923e+02
 2.37720000e+00,        -5.313154878647e+00,        +1.665721790482e+02
 2.37740000e+00,        -5.213927968246e+00,        +1.659400867840e+02
 2.37760000e+00,        -5.117218622965e+00,        +1.653134957852e+02
 2.37780000e+00,        -5.022947538319e+00,        +1.646923350337e+02
 2.37800000e+00,        -4.931038635875e+00,        +1.640765358399e+02
 2.37820000e+00,        -4.841418886689e+00,        +1.634660316051e+02
 2.37840000e+00,        -4.754018147499e+00,        +1.628607576099e+02
 2.37860000e+00,        -4.668769008567e+00,        +1.622606508264e+02
 2.37880000e+00,        -4.585606652123e+00,        +1.616656497513e+02
 2.37900000e+00,        -4.504468720540e+00,        +1.610756942583e+02
 2.37920000e+00,        -4.425295193386e+00,        +1.604907254665e+02
 2.37940000e+00,        -4.348028272622e+00,        +1.599106856250e+02
 2.37960000e+00,        -4.272612275279e+00,        +1.593355180095e+02
 2.37980000e+00,        -4.198993533009e+00,        +1.587651668326e+02
 2.38000000e+00,        -4.127120297939e+00,        +1.581995771634e+02
 2.38020000e+00,        -4.056942654365e+00,        +1.576386948573e+02
 2.38040000e+00,        -3.988412435793e+00,        +1.570824664947e+02
 2.38060000e+00,        -3.921483146950e+00,        +1.565308393268e+02
 2.38080000e+00,        -3.856109890366e+00,        +1.559837612284e+02
 2.38100000e+00,        -3.792249297198e+00,        +1.554411806574e+02
 2.38120000e+00,        -3.729859461980e+00,        +1.549030466184e+02
 2.38140000e+00,        -3.668899881014e+00,        +1.543693086328e+02
 2.38160000e+00,        -3.609331394145e+00,        +1.538399167116e+02
 2.38180000e+00,        -3.551116129678e+00,        +1.533148213335e+02
 2.38200000e+00,        -3.494217452221e+00,        +1.527939734252e+02
 2.38220000e+00,        -3.438599913260e+00,        +1.522773243449e+02
 2.38240000e+00,        -3.384229204267e+00,        +1.517648258697e+02
 2.38260000e+00,        -3.331072112191e+00,        +1.512564301830e+02
 2.38280000e+00,        -3.279096477168e+00,        +1.507520898662e+02
 2.38300000e+00,        -3.228271152297e+00,        +1.502517578910e+02
 2.38320000e+00,        -3.178565965376e+00,        +1.497553876131e+02
 2.38340000e+00,        -3.129951682454e+00,        +1.492629327682e+02
 2.38360000e+00,        -3.082399973096e+00,        +1.487743474681e+02
 2.38380000e+00,        -3.035883377256e+00,        +1.482895861988e+02
 2.38400000e+00,        -2.990375273664e+00,        +1.478086038182e+02
 2.38420000e+00,        -2.945849849640e+00,        +1.473313555562e+02
 2.38440000e+00,        -2.902282072242e+00,        +1.468577970135e+02
 2.38460000e+00,        -2.859647660687e+00,        +1.463878841626e+02
 2.38480000e+00,        -2.817923059963e+00,        +1.459215733482e+02
 2.38500000e+00,        -2.777085415575e+00,        +1.454588212879e+02
 2.38520000e+00,        -2.737112549349e+00,        +1.449995850739e+02
 2.38540000e+00,        -2.697982936255e+00,        +1.445438221741e+02
 2.38560000e+00,        -2.659675682184e+00,        +1.440914904338e+02
 2.38580000e+00,        -2.622170502634e+00,        +1.436425480770e+02
 2.38600000e+00,        -2.585447702252e+00,        +1.431969537085e+02
 2.38620000e+00,        -2.549488155201e+00,        +1.427546663151e+02
 2.38640000e+00,        -2.514273286300e+00,        +1.423156452675e+02
 2.38660000e+00,        -2.479785052899e+00,        +1.418798503216e+02
 2.38680000e+00,        -2.446005927466e+00,        +1.414472416202e+02
 2.38700000e+00,        -2.412918880834e+00,        +1.410177796940e+02
 2.38720000e+00,        -2.380507366094e+00,        +1.405914254630e+02
 2.38740000e+00,        -2.348755303089e+00,        +1.401681402373e+02
 2.38760000e+00,        -2.317647063494e+00,        +1.397478857186e+02
 2.38780000e+00,        -2.287167456449e+00,        +1.393306240001e+02
 2.38800000e+00,        -2.257301714716e+00,        +1.389163175677e+02
 2.38820000e+00,        -2.228035481350e+00,        +1.385049293000e+02
 2.38840000e+00,        -2.199354796848e+00,        +1.380964224688e+02
 2.38860000e+00,        -2.171246086763e+00,        +1.376907607389e+02
 2.38880000e+00,        -2.143696149759e+00,        +1.372879081679e+02
 2.38900000e+00,        -2.116692146095e+00,        +1.368878292062e+02
 2.38920000e+00,        -2.090221586508e+00,        +1.364904886961e+02
 2.38940000e+00,        -2.064272321495e+00,        +1.360958518711e+02
 2.38960000e+00,        -2.038832530961e+00,        +1.357038843556e+02
 2.38980000e+00,        -2.013890714228e+00,        +1.353145521629e+02
 2.39000000e+00,        -1.989435680390e+00,        +1.349278216949e+02
 2.39020000e+00,        -1.965456539000e+00,        +1.345436597403e+02
 2.39040000e+00,        -1.941942691066e+00,        +1.341620334727e+02
 2.39060000e+00,        -1.918883820361e+00,        +1.337829104499e+02
 2.39080000e+00,        -1.896269885025e+00,        +1.334062586111e+02
 2.39100000e+00,        -1.874091109443e+00,        +1.330320462754e+02
 2.39120000e+00,        -1.852337976398e+00,        +1.326602421396e+02
 2.39140000e+00,        -1.831001219491e+00,        +1.322908152761e+02
 2.39160000e+00,        -1.810071815800e+00,        +1.319237351302e+02
 2.39180000e+00,        -1.789540978787e+00,        +1.315589715180e+02
 2.39200000e+00,        -1.769400151442e+00,        +1.311964946237e+02
 2.39220000e+00,        -1.749640999644e+00,        +1.308362749966e+02
 2.39240000e+00,        -1.730255405740e+00,        +1.304782835489e+02
 2.39260000e+00,        -1.711235462335e+00,        +1.301224915522e+02
 2.39280000e+00,        -1.692573466281e+00,        +1.297688706351e+02
 2.39300000e+00,        -1.674261912857e+00,        +1.294173927798e+02
 2.39320000e+00,        -1.656293490140e+00,        +1.290680303188e+02
 2.39340000e+00,        -1.638661073551e+00,        +1.287207559323e+02
 2.39360000e+00,        -1.621357720582e+00,        +1.283755426445e+02
 2.39380000e+00,        -1.604376665680e+00,        +1.280323638202e+02
 2.39400000e+00,        -1.587711315303e+00,        +1.276911931617e+02
 2.39420000e+00,        -1.571355243127e+00,        +1.273520047055e+02
 2.39440000e+00,        -1.555302185400e+00,        +1.270147728182e+02
 2.39460000e+00,        -1.539546036454e+00,        +1.266794721937e+02
 2.39480000e+00,        -1.524080844341e+00,        +1.263460778492e+02
 2.39500000e+00,        -1.508900806616e+00,        +1.260145651218e+02
 2.39520000e+00,        -1.494000266252e+00,        +1.256849096648e+02
 2.39540000e+00,        -1.479373707672e+00,        +1.253570874441e+02
 2.39560000e+00,        -1.465015752913e+00,        +1.250310747347e+02
 2.39580000e+00,        -1.450921157903e+00,        +1.247068481168e+02
 2.39600000e+00,        -1.437084808856e+00,        +1.243843844720e+02
 2.39620000e+00,        -1.423501718775e+00,        +1.240636609802e+02
 2.39640000e+00,        -1.410167024061e+00,        +1.237446551151e+02
 2.39660000e+00,        -1.397075981230e+00,        +1.234273446412e+02
 2.39680000e+00,        -1.384223963727e+00,        +1.231117076094e+02
 2.39700000e+00,        -1.371606458834e+00,        +1.227977223541e+02
 2.39720000e+00,        -1.359219064679e+00,        +1.224853674886e+02
 2.39740000e+00,        -1.347057487330e+00,        +1.221746219022e+02
 2.39760000e+00,        -1.335117537976e+00,        +1.218654647559e+02
 2.39780000e+00,        -1.323395130199e+00,        +1.215578754792e+02
 2.39800000e+00,        -1.311886277319e+00,        +1.212518337658e+02
 2.39820000e+00,        -1.300587089831e+00,        +1.209473195707e+02
 2.39840000e+00,        -1.289493772904e+00,        +1.206443131059e+02
 2.39860000e+00,        -1.278602623968e+00,        +1.203427948372e+02
 2.39880000e+00,        -1.267910030364e+00,        +1.200427454804e+02
 2.39900000e+00,        -1.257412467071e+00,        +1.197441459977e+02
 2.39920000e+00,        -1.247106494495e+00,        +1.194469775942e+02
 2.39940000e+00,        -1.236988756325e+00,        +1.191512217142e+02
 2.39960000e+00,        -1.227055977459e+00,        +1.188568600379e+02
 2.39980000e+00,        -1.217304961979e+00,        +1.185638744779e+02
 2.40000000e+00,        -1.207732591199e+00,        +1.182722471753e+02
 2.40020000e+00,        -1.198335821760e+00,        +1.179819604969e+02
 2.40040000e+00,        -1.189111683793e+00,        +1.176929970312e+02
 2.40060000e+00,        -1.180057279122e+00,        +1.174053395854e+02
 2.40080000e+00,        -1.171169779532e+00,        +1.171189711818e+02
 2.40100000e+00,        -1.162446425084e+00,        +1.168338750546e+02
 2.40120000e+00,        -1.153884522476e+00,        +1.165500346467e+02
 2.40140000e+00,        -1.145481443457e+00,        +1.162674336059e+02
 2.40160000e+00,        -1.137234623289e+00,        +1.159860557825e+02
 2.40180000e+00,        -1.129141559246e+00,        +1.157058852252e+02
 2.40200000e+00,        -1.121199809168e+00,        +1.154269061787e+02
 2.40220000e+00,        -1.113406990048e+00,        +1.151491030799e+02
 2.40240000e+00,        -1.105760776668e+00,        +1.148724605553e+02
 2.40260000e+00,        -1.098258900270e+00,        +1.145969634175e+02
 2.40280000e+00,        -1.090899147268e+00,        +1.143225966627e+02
 2.40300000e+00,        -1.083679358002e+00,        +1.140493454669e+02
 2.40320000e+00,        -1.076597425518e+00,        +1.137771951836e+02
 2.40340000e+00,        -1.069651294396e+00,        +1.135061313405e+02
 2.40360000e+00,        -1.062838959607e+00,        +1.132361396369e+02
 2.40380000e+00,        -1.056158465403e+00,        +1.129672059403e+02
 2.40400000e+00,        -1.049607904243e+00,        +1.126993162840e+02
 2.40420000e+00,        -1.043185415747e+00,        +1.124324568641e+02
 2.40440000e+00,        -1.036889185685e+00,        +1.121666140367e+02
 2.40460000e+00,        -1.030717444996e+00,        +1.119017743152e+02
 2.40480000e+00,        -1.024668468831e+00,        +1.116379243677e+02
 2.40500000e+00,        -1.018740575633e+00,        +1.113750510139e+02
 2.40520000e+00,        -1.012932126239e+00,        +1.111131412230e+02
 2.40540000e+00,        -1.007241523008e+00,        +1.108521821107e+02
 2.40560000e+00,        -1.001667208984e+00,        +1.105921609366e+02
 2.40580000e+00,        -9.962076670704e-01,        +1.103330651019e+02
 2.40600000e+00,        -9.908614192466e-01,        +1.100748821465e+02
 2.40620000e+00,        -9.856270257937e-01,        +1.098175997470e+02
 2.40640000e+00,        -9.805030845531e-01,        +1.095612057138e+02
 2.40660000e+00,        -9.754882302052e-01,        +1.093056879889e+02
 2.40680000e+00,        -9.705811335706e-01,        +1.090510346432e+02
 2.40700000e+00,        -9.657805009343e-01,        +1.087972338745e+02
 2.40720000e+00,        -9.610850733906e-01,        +1.085442740052e+02
 2.40740000e+00,        -9.564936262091e-01,        +1.082921434793e+02
 2.40760000e+00,        -9.520049682216e-01,        +1.080408308610e+02
 2.40780000e+00,        -9.476179412285e-01,        +1.077903248320e+02
 2.40800000e+00,        -9.433314194248e-01,        +1.075406141890e+02
 2.40820000e+00,        -9.391443088456e-01,        +1.072916878421e+02
 2.40840000e+00,        -9.350555468298e-01,        +1.070435348123e+02
 2.40860000e+00,        -9.310641015020e-01,        +1.067961442294e+02
 2.40880000e+00,        -9.271689712729e-01,        +1.065495053298e+02
 2.40900000e+00,        -9.233691843562e-01,        +1.063036074545e+02
 2.40920000e+00,        -9.196637983032e-01,        +1.060584400471e+02
 2.40940000e+00,        -9.160518995546e-01,        +1.058139926517e+02
 2.40960000e+00,        -9.125326030071e-01,        +1.055702549108e+02
 2.40980000e+00,        -9.091050515980e-01,        +1.053272165635e+02
 2.41000000e+00,        -9.057684159044e-01,        +1.050848674435e+02
 2.41020000e+00,        -9.025218937581e-01,        +1.048431974769e+02
 2.41040000e+00,        -8.993647098758e-01,        +1.046021966807e+02
 2.41060000e+00,        -8.962961155045e-01,        +1.043618551607e+02
 2.41080000e+00,        -8.933153880807e-01,        +1.041221631096e+02
 2.41100000e+00,        -8.904218309052e-01,        +1.038831108053e+02
 2.41120000e+00,        -8.876147728310e-01,        +1.036446886091e+02
 2.41140000e+00,        -8.848935679660e-01,        +1.034068869637e+02
 2.41160000e+00,        -8.822575953892e-01,        +1.031696963916e+02
 2.41180000e+00,        -8.797062588797e-01,        +1.029331074936e+02
 2.41200000e+00,        -8.772389866608e-01,        +1.026971109464e+02
 2.41220000e+00,        -8.748552311553e-01,        +1.024616975017e+02
 2.41240000e+00,        -8.725544687554e-01,        +1.022268579839e+02
 2.41260000e+00,        -8.703361996046e-01,        +1.019925832891e+02
 2.41280000e+00,        -8.681999473929e-01,        +1.017588643826e+02
 2.41300000e+00,        -8.661452591638e-01,        +1.015256922982e+02
 2.41320000e+00,        -8.641717051349e-01,        +1.012930581359e+02
 2.41340000e+00,        -8.622788785299e-01,        +1.010609530609e+02
 2.41360000e+00,        -8.604663954230e-01,        +1.008293683016e+02
 2.41380000e+00,        -8.587338945965e-01,        +1.005982951484e+02
 2.41400000e+00,        -8.570810374089e-01,        +1.003677249522e+02
 2.41420000e+00,        -8.555075076760e-01,        +1.001376491224e+02
 2.41440000e+00,        -8.540130115641e-01,        +9.990805912639e+01
 2.41460000e+00,        -8.525972774941e-01,        +9.967894648717e+01
 2.41480000e+00,        -8.512600560588e-01,        +9.945030278255e+01
 2.41500000e+00,        -8.500011199509e-01,        +9.922211964349e+01
 2.41520000e+00,        -8.488202639032e-01,        +9.899438875282e+01
 2.41540000e+00,        -8.477173046407e-01,        +9.876710184383e+01
 2.41560000e+00,        -8.466920808444e-01,        +9.854025069899e+01
 2.41580000e+00,        -8.457444531267e-01,        +9.831382714860e+01
 2.41600000e+00,        -8.448743040189e-01,        +9.808782306954e+01
 2.41620000e+00,        -8.440815379702e-01,        +9.786223038396e+01
 2.41640000e+00,        -8.433660813585e-01,        +9.763704105806e+01
 2.41660000e+00,        -8.427278825139e-01,        +9.741224710085e+01
 2.41680000e+00,        -8.421669117528e-01,        +9.718784056296e+01
 2.41700000e+00,        -8.416831614253e-01,        +9.696381353543e+01
 2.41720000e+00,        -8.412766459737e-01,        +9.674015814856e+01
 2.41740000e+00,        -8.409474020037e-01,        +9.651686657080e+01
 2.41760000e+00,        -8.406954883678e-01,        +9.629393100758e+01
 2.41780000e+00,        -8.405209862610e-01,        +9.607134370024e+01
 2.41800000e+00,        -8.404239993288e-01,        +9.584909692497e+01
 2.41820000e+00,        -8.404046537881e-01,        +9.562718299175e+01
 2.41840000e+00,        -8.404630985606e-01,        +9.540559424330e+01
 2.41860000e+00,        -8.405995054193e-01,        +9.518432305412e+01
 2.41880000e+00,        -8.408140691477e-01,        +9.496336182950e+01
 2.41900000e+00,        -8.411070077127e-01,        +9.474270300455e+01
 2.41920000e+00,        -8.414785624503e-01,        +9.452233904331e+01
 2.41940000e+00,        -8.419289982654e-01,        +9.430226243780e+01
 2.41960000e+00,        -8.424586038450e-01,        +9.408246570721e+01
 2.41980000e+00,        -8.430676918860e-01,        +9.386294139702e+01
 2.42000000e+00,        -8.437565993361e-01,        +9.364368207820e+01
 2.42020000e+00,        -8.445256876506e-01,        +9.342468034640e+01
 2.42040000e+00,        -8.453753430627e-01,        +9.320592882125e+01
 2.42060000e+00,        -8.463059768694e-01,        +9.298742014558e+01
 2.42080000e+00,        -8.473180257328e-01,        +9.276914698477e+01
 2.42100000e+00,        -8.484119519966e-01,        +9.255110202609e+01
 2.42120000e+00,        -8.495882440184e-01,        +9.233327797808e+01
 2.42140000e+00,        -8.508474165188e-01,        +9.211566756994e+01
 2.42160000e+00,        -8.521900109464e-01,        +9.189826355103e+01
 2.42180000e+00,        -8.536165958602e-01,        +9.168105869035e+01
 2.42200000e+00,        -8.551277673286e-01,        +9.146404577608e+01
 2.42220000e+00,        -8.567241493470e-01,        +9.124721761513e+01
 2.42240000e+00,        -8.584063942724e-01,        +9.103056703281e+01
 2.42260000e+00,        -8.601751832775e-01,        +9.081408687247e+01
 2.42280000e+00,        -8.620312268228e-01,        +9.059776999526e+01
 2.42300000e+00,        -8.639752651484e-01,        +9.038160927984e+01
 2.42320000e+00,        -8.660080687862e-01,        +9.016559762225e+01
 2.42340000e+00,        -8.681304390912e-01,        +8.994972793580e+01
 2.42360000e+00,        -8.703432087947e-01,        +8.973399315096e+01
 2.42380000e+00,        -8.726472425786e-01,        +8.951838621541e+01
 2.42400000e+00,        -8.750434376708e-01,        +8.930290009407e+01
 2.42420000e+00,        -8.775327244645e-01,        +8.908752776927e+01
 2.42440000e+00,        -8.801160671593e-01,        +8.887226224088e+01
 2.42460000e+00,        -8.827944644265e-01,        +8.865709652668e+01
 2.42480000e+00,        -8.855689500989e-01,        +8.844202366263e+01
 2.42500000e+00,        -8.884405938847e-01,        +8.822703670335e+01
 2.42520000e+00,        -8.914105021083e-01,        +8.801212872262e+01
 2.42540000e+00,        -8.944798184763e-01,        +8.779729281401e+01
 2.42560000e+00,        -8.976497248712e-01,        +8.758252209155e+01
 2.42580000e+00,        -9.009214421726e-01,        +8.736780969056e+01
 2.42600000e+00,        -9.042962311071e-01,        +8.715314876853e+01
 2.42620000e+00,        -9.077753931278e-01,        +8.693853250616e+01
 2.42640000e+00,        -9.113602713233e-01,        +8.672395410849e+01
 2.42660000e+00,        -9.150522513588e-01,        +8.650940680612e+01
 2.42680000e+00,        -9.188527624483e-01,        +8.629488385663e+01
 2.42700000e+00,        -9.227632783601e-01,        +8.608037854605e+01
 2.42720000e+00,        -9.267853184560e-01,        +8.586588419056e+01
 2.42740000e+00,        -9.309204487652e-01,        +8.565139413826e+01
 2.42760000e+00,        -9.351702830937e-01,        +8.543690177114e+01
 2.42780000e+00,        -9.395364841717e-01,        +8.522240050720e+01
 2.42800000e+00,        -9.440207648372e-01,        +8.500788380275e+01
 2.42820000e+00,        -9.486248892594e-01,        +8.479334515492e+01
 2.42840000e+00,        -9.533506742025e-01,        +8.457877810427e+01
 2.42860000e+00,        -9.581999903301e-01,        +8.436417623773e+01
 2.42880000e+00,        -9.631747635524e-01,        +8.414953319166e+01
 2.42900000e+00,        -9.682769764165e-01,        +8.393484265517e+01
 2.42920000e+00,        -9.735086695423e-01,        +8.372009837370e+01
 2.42940000e+00,        -9.788719431043e-01,        +8.350529415277e+01
 2.42960000e+00,        -9.843689583605e-01,        +8.329042386214e+01
 2.42980000e+00,        -9.900019392304e-01,        +8.307548144007e+01
 2.43000000e+00,        -9.957731739234e-01,        +8.286046089804e+01
 2.43020000e+00,        -1.001685016619e+00,        +8.264535632564e+01
 2.43040000e+00,        -1.007739889198e+00,        +8.243016189593e+01
 2.43060000e+00,        -1.013940283032e+00,        +8.221487187098e+01
 2.43080000e+00,        -1.020288760827e+00,        +8.199948060795e+01
 2.43100000e+00,        -1.026787958520e+00,        +8.178398256541e+01
 2.43120000e+00,        -1.033440587244e+00,        +8.156837231016e+01
 2.43140000e+00,        -1.040249435349e+00,        +8.135264452442e+01
 2.43160000e+00,        -1.047217370477e+00,        +8.113679401352e+01
 2.43180000e+00,        -1.054347341721e+00,        +8.092081571401e+01
 2.43200000e+00,        -1.061642381827e+00,        +8.070470470233e+01
 2.43220000e+00,        -1.069105609477e+00,        +8.048845620400e+01
 2.43240000e+00,        -1.076740231640e+00,        +8.027206560334e+01
 2.43260000e+00,        -1.084549545986e+00,        +8.005552845378e+01
 2.43280000e+00,        -1.092536943381e+00,        +7.983884048886e+01
 2.43300000e+00,        -1.100705910449e+00,        +7.962199763383e+01
 2.43320000e+00,        -1.109060032213e+00,        +7.940499601796e+01
 2.43340000e+00,        -1.117602994815e+00,        +7.918783198760e+01
 2.43360000e+00,        -1.126338588306e+00,        +7.897050211997e+01
 2.43380000e+00,        -1.135270709530e+00,        +7.875300323788e+01
 2.43400000e+00,        -1.144403365076e+00,        +7.853533242515e+01
 2.43420000e+00,        -1.153740674321e+00,        +7.831748704314e+01
 2.43440000e+00,        -1.163286872562e+00,        +7.809946474805e+01
 2.43460000e+00,        -1.173046314220e+00,        +7.788126350941e+01
 2.43480000e+00,        -1.183023476145e+00,        +7.766288162951e+01
 2.43500000e+00,        -1.193222961006e+00,        +7.744431776410e+01
 2.43520000e+00,        -1.203649500765e+00,        +7.722557094415e+01
 2.43540000e+00,        -1.214307960248e+00,        +7.700664059901e+01
 2.43560000e+00,        -1.225203340806e+00,        +7.678752658081e+01
 2.43580000e+00,        -1.236340784065e+00,        +7.656822919035e+01
 2.43600000e+00,        -1.247725575773e+00,        +7.634874920444e+01
 2.43620000e+00,        -1.259363149731e+00,        +7.612908790485e+01
 2.43640000e+00,        -1.271259091828e+00,        +7.590924710887e+01
 2.43660000e+00,        -1.283419144155e+00,        +7.568922920175e+01
 2.43680000e+00,        -1.295849209220e+00,        +7.546903717084e+01
 2.43700000e+00,        -1.308555354248e+00,        +7.524867464185e+01
 2.43720000e+00,        -1.321543815565e+00,        +7.502814591709e+01
 2.43740000e+00,        -1.334821003080e+00,        +7.480745601592e+01
 2.43760000e+00,        -1.348393504833e+00,        +7.458661071756e+01
 2.43780000e+00,        -1.362268091641e+00,        +7.436561660625e+01
 2.43800000e+00,        -1.376451721802e+00,        +7.414448111914e+01
 2.43820000e+00,        -1.390951545888e+00,        +7.392321259671e+01
 2.43840000e+00,        -1.405774911588e+00,        +7.370182033626e+01
 2.43860000e+00,        -1.420929368622e+00,        +7.348031464831e+01
 2.43880000e+00,        -1.436422673700e+00,        +7.325870691624e+01
 2.43900000e+00,        -1.452262795525e+00,        +7.303700965933e+01
 2.43920000e+00,        -1.468457919834e+00,        +7.281523659935e+01
 2.43940000e+00,        -1.485016454457e+00,        +7.259340273091e+01
 2.43960000e+00,        -1.501947034389e+00,        +7.237152439584e+01
 2.43980000e+00,        -1.519258526853e+00,        +7.214961936165e+01
 2.44000000e+00,        -1.536960036347e+00,        +7.192770690450e+01
 2.44020000e+00,        -1.555060909652e+00,        +7.170580789682e+01
 2.44040000e+00,        -1.573570740779e+00,        +7.148394489976e+01
 2.44060000e+00,        -1.592499375835e+00,        +7.126214226093e+01
 2.44080000e+00,        -1.611856917786e+00,        +7.104042621748e+01
 2.44100000e+00,        -1.631653731078e+00,        +7.081882500496e+01
 2.44120000e+00,        -1.651900446097e+00,        +7.059736897225e+01
 2.44140000e+00,        -1.672607963430e+00,        +7.037609070276e+01
 2.44160000e+00,        -1.693787457877e+00,        +7.015502514241e+01
 2.44180000e+00,        -1.715450382193e+00,        +6.993420973456e+01
 2.44200000e+00,        -1.737608470486e+00,        +6.971368456233e+01
 2.44220000e+00,        -1.760273741249e+00,        +6.949349249871e+01
 2.44240000e+00,        -1.783458499936e+00,        +6.927367936477e+01
 2.44260000e+00,        -1.807175341047e+00,        +6.905429409637e+01
 2.44280000e+00,        -1.831437149634e+00,        +6.883538891990e+01
 2.44300000e+00,        -1.856257102152e+00,        +6.861701953731e+01
 2.44320000e+00,        -1.881648666586e+00,        +6.839924532091e+01
 2.44340000e+00,        -1.907625601740e+00,        +6.818212951850e+01
 2.44360000e+00,        -1.934201955593e+00,        +6.796573946911e+01
 2.44380000e+00,        -1.961392062626e+00,        +6.775014682990e+01
 2.44400000e+00,        -1.989210539965e+00,        +6.753542781471e+01
 2.44420000e+00,        -2.017672282235e+00,        +6.732166344466e+01
 2.44440000e+00,        -2.046792454968e+00,        +6.710893981128e+01
 2.44460000e+00,        -2.076586486394e+00,        +6.689734835265e+01
 2.44480000e+00,        -2.107070057456e+00,        +6.668698614304e+01
 2.44500000e+00,        -2.138259089850e+00,        +6.647795619633e+01
 2.44520000e+00,        -2.170169731876e+00,        +6.627036778387e+01
 2.44540000e+00,        -2.202818341884e+00,        +6.606433676694e+01
 2.44560000e+00,        -2.236221469065e+00,        +6.585998594425e+01
 2.44580000e+00,        -2.270395831307e+00,        +6.565744541490e+01
 2.44600000e+00,        -2.305358289843e+00,        +6.545685295678e+01
 2.44620000e+00,        -2.341125820364e+00,        +6.525835442089e+01
 2.44640000e+00,        -2.377715480254e+00,        +6.506210414147e+01
 2.44660000e+00,        -2.415144371585e+00,        +6.486826536202e+01
 2.44680000e+00,        -2.453429599467e+00,        +6.467701067701e+01
 2.44700000e+00,        -2.492588225324e+00,        +6.448852248919e+01
 2.44720000e+00,        -2.532637214631e+00,        +6.430299348179e+01
 2.44740000e+00,        -2.573593378619e+00,        +6.412062710525e+01
 2.44760000e+00,        -2.615473309407e+00,        +6.394163807746e+01
 2.44780000e+00,        -2.658293307997e+00,        +6.376625289640e+01
 2.44800000e+00,        -2.702069304522e+00,        +6.359471036386e+01
 2.44820000e+00,        -2.746816770084e+00,        +6.342726211835e+01
 2.44840000e+00,        -2.792550619524e+00,        +6.326417317508e+01
 2.44860000e+00,        -2.839285104358e+00,        +6.310572247044e+01
 2.44880000e+00,        -2.887033695148e+00,        +6.295220340775e+01
 2.44900000e+00,        -2.935808952478e+00,        +6.280392440059e+01
 2.44920000e+00,        -2.985622385711e+00,        +6.266120940932e+01
 2.44940000e+00,        -3.036484298655e+00,        +6.252439846572e+01
 2.44960000e+00,        -3.088403621235e+00,        +6.239384817962e+01
 2.44980000e+00,        -3.141387726273e+00,        +6.226993222085e+01
 2.45000000e+00,        -3.195442230429e+00,        +6.215304176832e+01
 2.45020000e+00,        -3.250570778413e+00,        +6.204358591731e+01
 2.45040000e+00,        -3.306774809528e+00,        +6.194199203455e+01
 2.45060000e+00,        -3.364053305697e+00,        +6.184870604929e+01
 2.45080000e+00,        -3.422402520150e+00,        +6.176419266712e+01
 2.45100000e+00,        -3.481815686036e+00,        +6.168893549151e+01
 2.45120000e+00,        -3.542282704348e+00,        +6.162343703647e+01
 2.45140000e+00,        -3.603789810675e+00,        +6.156821861155e+01
 2.45160000e+00,        -3.666319220533e+00,        +6.152382005860e+01
 2.45180000e+00,        -3.729848753223e+00,        +6.149079931745e+01
 2.45200000e+00,        -3.794351434502e+00,        +6.146973179569e+01
 2.45220000e+00,        -3.859795078727e+00,        +6.146120951518e+01
 2.45240000e+00,        -3.926141851545e+00,        +6.146584000614e+01
 2.45260000e+00,        -3.993347814781e+00,        +6.148424491716e+01
 2.45280000e+00,        -4.061362455784e+00,        +6.151705830784e+01
 2.45300000e+00,        -4.130128204205e+00,        +6.156492458889e+01
 2.45320000e+00,        -4.199579940066e+00,        +6.162849607324e+01
 2.45340000e+00,        -4.269644497901e+00,        +6.170843010097e+01
 2.45360000e+00,        -4.340240172845e+00,        +6.180538570080e+01
 2.45380000e+00,        -4.411276235755e+00,        +6.192001975179e+01
 2.45400000e+00,        -4.482652465739e+00,        +6.205298261054e+01
 2.45420000e+00,        -4.554258709903e+00,        +6.220491317306e+01
 2.45440000e+00,        -4.625974481624e+00,        +6.237643334501e+01
 2.45460000e+00,        -4.697668610176e+00,        +6.256814190132e+01
 2.45480000e+00,        -4.769198956137e+00,        +6.278060772513e+01
 2.45500000e+00,        -4.840412208478e+00,        +6.301436242793e+01
 2.45520000e+00,        -4.911143780637e+00,        +6.326989236702e+01
 2.45540000e+00,        -4.981217824065e+00,        +6.354763009403e+01
 2.45560000e+00,        -5.050447378603e+00,        +6.384794528823e+01
 2.45580000e+00,        -5.118634679476e+00,        +6.417113525210e+01
 2.45600000e+00,        -5.185571640594e+00,        +6.451741507233e+01
 2.45620000e+00,        -5.251040533002e+00,        +6.488690757779e+01
 2.45640000e+00,        -5.314814875666e+00,        +6.527963325589e+01
 2.45660000e+00,        -5.376660553154e+00,        +6.569550031923e+01
 2.45680000e+00,        -5.436337171030e+00,        +6.613429514391e+01
 2.45700000e+00,        -5.493599654923e+00,        +6.659567332858e+01
 2.45720000e+00,        -5.548200093163e+00,        +6.707915164628e+01
 2.45740000e+00,        -5.599889815674e+00,        +6.758410117817e+01
 2.45760000e+00,        -5.648421693654e+00,        +6.810974192674e+01
 2.45780000e+00,        -5.693552635545e+00,        +6.865513920410e+01
 2.45800000e+00,        -5.735046245386e+00,        +6.921920207636e+01
 2.45820000e+00,        -5.772675600164e+00,        +6.980068411672e+01
 2.45840000e+00,        -5.806226093748e+00,        +7.039818667666e+01
 2.45860000e+00,        -5.835498287046e+00,        +7.101016482678e+01
 2.45880000e+00,        -5.860310697648e+00,        +7.163493604717e+01
 2.45900000e+00,        -5.880502458081e+00,        +7.227069166426e+01
 2.45920000e+00,        -5.895935770351e+00,        +7.291551093989e+01
 2.45940000e+00,        -5.906498086014e+00,        +7.356737762328e+01
 2.45960000e+00,        -5.912103945910e+00,        +7.422419868259e+01
 2.45980000e+00,        -5.912696421766e+00,        +7.488382484536e+01
 2.46000000e+00,        -5.908248112939e+00,        +7.554407250194e+01
 2.46020000e+00,        -5.898761665182e+00,        +7.620274646716e+01
 2.46040000e+00,        -5.884269793699e+00,        +7.685766305818e+01
 2.46060000e+00,        -5.864834809158e+00,        +7.750667293182e+01
 2.46080000e+00,        -5.840547661854e+00,        +7.814768313510e+01
 2.46100000e+00,        -5.811526534817e+00,        +7.877867785639e+01
 2.46120000e+00,        -5.777915030641e+00,        +7.939773742000e+01
 2.46140000e+00,        -5.739880008380e+00,        +8.000305513965e+01
 2.46160000e+00,        -5.697609135455e+00,        +8.059295173254e+01
 2.46180000e+00,        -5.651308224979e+00,        +8.116588708867e+01
 2.46200000e+00,        -5.601198431041e+00,        +8.172046928576e+01
 2.46220000e+00,        -5.547513373531e+00,        +8.225546083251e+01
 2.46240000e+00,        -5.490496260372e+00,        +8.276978220774e+01
 2.46260000e+00,        -5.430397068973e+00,        +8.326251283711e+01
 2.46280000e+00,        -5.367469840967e+00,        +8.373288970935e+01
 2.46300000e+00,        -5.301970135413e+00,        +8.418030388027e+01
 2.46320000e+00,        -5.234152676131e+00,        +8.460429514363e+01
 2.46340000e+00,        -5.164269219356e+00,        +8.500454516491e+01
 2.46360000e+00,        -5.092566658749e+00,        +8.538086937833e+01
 2.46380000e+00,        -5.019285376424e+00,        +8.573320794042e+01
 2.46400000e+00,        -4.944657841217e+00,        +8.606161601784e+01
 2.46420000e+00,        -4.868907449136e+00,        +8.636625366478e+01
 2.46440000e+00,        -4.792247595816e+00,        +8.664737551836e+01
 2.46460000e+00,        -4.714880966836e+00,        +8.690532051085e+01
 2.46480000e+00,        -4.636999028946e+00,        +8.714050176702e+01
 2.46500000e+00,        -4.558781703354e+00,        +8.735339682455e+01
 2.46520000e+00,        -4.480397201307e+00,        +8.754453828689e+01
 2.46540000e+00,        -4.402002001908e+00,        +8.771450499108e+01
 2.46560000e+00,        -4.323740952471e+00,        +8.786391374910e+01
 2.46580000e+00,        -4.245747472537e+00,        +8.799341170035e+01
 2.46600000e+00,        -4.168143843772e+00,        +8.810366929470e+01
 2.46620000e+00,        -4.091041569378e+00,        +8.819537391030e+01
 2.46640000e+00,        -4.014541788101e+00,        +8.826922409834e+01
 2.46660000e+00,        -3.938735729523e+00,        +8.832592443686e+01
 2.46680000e+00,        -3.863705198868e+00,        +8.836618096843e+01
 2.46700000e+00,        -3.789523081060e+00,        +8.839069719094e+01
 2.46720000e+00,        -3.716253855260e+00,        +8.840017056723e+01
 2.46740000e+00,        -3.643954112405e+00,        +8.839528951678e+01
 2.46760000e+00,        -3.572673069540e+00,        +8.837673085161e+01
 2.46780000e+00,        -3.502453075843e+00,        +8.834515761875e+01
 2.46800000e+00,        -3.433330106227e+00,        +8.830121731166e+01
 2.46820000e+00,        -3.365334239299e+00,        +8.824554041485e+01
 2.46840000e+00,        -3.298490117207e+00,        +8.817873924700e+01
 2.46860000e+00,        -3.232817385572e+00,        +8.810140707017e+01
 2.46880000e+00,        -3.168331112267e+00,        +8.801411743451e+01
 2.46900000e+00,        -3.105042184267e+00,        +8.791742373037e+01
 2.46920000e+00,        -3.042957682217e+00,        +8.781185892161e+01
 2.46940000e+00,        -2.982081232655e+00,        +8.769793543635e+01
 2.46960000e+00,        -2.922413338129e+00,        +8.757614519350e+01
 2.46980000e+00,        -2.863951685622e+00,        +8.744695974542e+01
 2.47000000e+00,        -2.806691433906e+00,        +8.731083051908e+01
 2.47020000e+00,        -2.750625480525e+00,        +8.716818913991e+01
 2.47040000e+00,        -2.695744709252e+00,        +8.701944782425e+01
 2.47060000e+00,        -2.642038218869e+00,        +8.686499982785e+01
 2.47080000e+00,        -2.589493534236e+00,        +8.670521993946e+01
 2.47100000e+00,        -2.538096800555e+00,        +8.654046500967e+01
 2.47120000e+00,        -2.487832961813e+00,        +8.637107450661e+01
 2.47140000e+00,        -2.438685924341e+00,        +8.619737109098e+01
 2.47160000e+00,        -2.390638706418e+00,        +8.601966120408e+01
 2.47180000e+00,        -2.343673574837e+00,        +8.583823566318e+01
 2.47200000e+00,        -2.297772169312e+00,        +8.565337025965e+01
 2.47220000e+00,        -2.252915615564e+00,        +8.546532635558e+01
 2.47240000e+00,        -2.209084627907e+00,        +8.527435147568e+01
 2.47260000e+00,        -2.166259602092e+00,        +8.508067989142e+01
 2.47280000e+00,        -2.124420699155e+00,        +8.488453319511e+01
 2.47300000e+00,        -2.083547920938e+00,        +8.468612086205e+01
 2.47320000e+00,        -2.043621177956e+00,        +8.448564079895e+01
 2.47340000e+00,        -2.004620350198e+00,        +8.428327987764e+01
 2.47360000e+00,        -1.966525341452e+00,        +8.407921445291e+01
 2.47380000e+00,        -1.929316127674e+00,        +8.387361086388e+01
 2.47400000e+00,        -1.892972799908e+00,        +8.366662591834e+01
 2.47420000e+00,        -1.857475602215e+00,        +8.345840735983e+01
 2.47440000e+00,        -1.822804965038e+00,        +8.324909431722e+01
 2.47460000e+00,        -1.788941534416e+00,        +8.303881773674e+01
 2.47480000e+00,        -1.755866197401e+00,        +8.282770079677e+01
 2.47500000e+00,        -1.723560104021e+00,        +8.261585930524e+01
 2.47520000e+00,        -1.692004686121e+00,        +8.240340208018e+01
 2.47540000e+00,        -1.661181673351e+00,        +8.219043131366e+01
 2.47560000e+00,        -1.631073106579e+00,        +8.197704291939e+01
 2.47580000e+00,        -1.601661348982e+00,        +8.176332686465e+01
 2.47600000e+00,        -1.572929095028e+00,        +8.154936748669e+01
 2.47620000e+00,        -1.544859377568e+00,        +8.133524379437e+01
 2.47640000e+00,        -1.517435573218e+00,        +8.112102975532e+01
 2.47660000e+00,        -1.490641406221e+00,        +8.090679456930e+01
 2.47680000e+00,        -1.464460950931e+00,        +8.069260292804e+01
 2.47700000e+00,        -1.438878633081e+00,        +8.047851526240e+01
 2.47720000e+00,        -1.413879229956e+00,        +8.026458797706e+01
 2.47740000e+00,        -1.389447869604e+00,        +8.005087367337e+01
 2.47760000e+00,        -1.365570029182e+00,        +7.983742136095e+01
 2.47780000e+00,        -1.342231532556e+00,        +7.962427665833e+01
 2.47800000e+00,        -1.319418547231e+00,        +7.941148198333e+01
 2.47820000e+00,        -1.297117580703e+00,        +7.919907673349e+01
 2.47840000e+00,        -1.275315476307e+00,        +7.898709745705e+01
 2.47860000e+00,        -1.253999408629e+00,        +7.877557801498e+01
 2.47880000e+00,        -1.233156878545e+00,        +7.856454973441e+01
 2.47900000e+00,        -1.212775707943e+00,        +7.835404155390e+01
 2.47920000e+00,        -1.192844034181e+00,        +7.814408016097e+01
 2.47940000e+00,        -1.173350304318e+00,        +7.793469012228e+01
 2.47960000e+00,        -1.154283269180e+00,        +7.772589400673e+01
 2.47980000e+00,        -1.135631977264e+00,        +7.751771250196e+01
 2.48000000e+00,        -1.117385768556e+00,        +7.731016452454e+01
 2.48020000e+00,        -1.099534268249e+00,        +7.710326732412e+01
 2.48040000e+00,        -1.082067380426e+00,        +7.689703658194e+01
 2.48060000e+00,        -1.064975281705e+00,        +7.669148650392e+01
 2.48080000e+00,        -1.048248414878e+00,        +7.648662990864e+01
 2.48100000e+00,        -1.031877482566e+00,        +7.628247831049e+01
 2.48120000e+00,        -1.015853440895e+00,        +7.607904199823e+01
 2.48140000e+00,        -1.000167493222e+00,        +7.587633010918e+01
 2.48160000e+00,        -9.848110839102e-01,        +7.567435069936e+01
 2.48180000e+00,        -9.697758921738e-01,        +7.547311080964e+01
 2.48200000e+00,        -9.550538259987e-01,        +7.527261652827e+01
 2.48220000e+00,        -9.406370161468e-01,        +7.507287304993e+01
 2.48240000e+00,        -9.265178102524e-01,        +7.487388473143e+01
 2.48260000e+00,        -9.126887670165e-01,        +7.467565514429e+01
 2.48280000e+00,        -8.991426505030e-01,        +7.447818712445e+01
 2.48300000e+00,        -8.858724245425e-01,        +7.428148281907e+01
 2.48320000e+00,        -8.728712472461e-01,        +7.408554373078e+01
 2.48340000e+00,        -8.601324656321e-01,        +7.389037075937e+01
 2.48360000e+00,        -8.476496103677e-01,        +7.369596424115e+01
 2.48380000e+00,        -8.354163906275e-01,        +7.350232398610e+01
 2.48400000e+00,        -8.234266890686e-01,        +7.330944931286e+01
 2.48420000e+00,        -8.116745569247e-01,        +7.311733908176e+01
 2.48440000e+00,        -8.001542092174e-01,        +7.292599172598e+01
 2.48460000e+00,        -7.888600200856e-01,        +7.273540528085e+01
 2.48480000e+00,        -7.777865182325e-01,        +7.254557741160e+01
 2.48500000e+00,        -7.669283824881e-01,        +7.235650543937e+01
 2.48520000e+00,        -7.562804374882e-01,        +7.216818636588e+01
 2.48540000e+00,        -7.458376494663e-01,        +7.198061689650e+01
 2.48560000e+00,        -7.355951221591e-01,        +7.179379346217e+01
 2.48580000e+00,        -7.255480928225e-01,        +7.160771223989e+01
 2.48600000e+00,        -7.156919283562e-01,        +7.142236917211e+01
 2.48620000e+00,        -7.060221215371e-01,        +7.123775998497e+01
 2.48640000e+00,        -6.965342873570e-01,        +7.105388020544e+01
 2.48660000e+00,        -6.872241594635e-01,        +7.087072517752e+01
 2.48680000e+00,        -6.780875867031e-01,        +7.068829007742e+01
 2.48700000e+00,        -6.691205297626e-01,        +7.050656992786e+01
 2.48720000e+00,        -6.603190579077e-01,        +7.032555961156e+01
 2.48740000e+00,        -6.516793458164e-01,        +7.014525388386e+01
 2.48760000e+00,        -6.431976705046e-01,        +6.996564738467e+01
 2.48780000e+00,        -6.348704083422e-01,        +6.978673464959e+01
 2.48800000e+00,        -6.266940321571e-01,        +6.960851012050e+01
 2.48820000e+00,        -6.186651084248e-01,        +6.943096815535e+01
 2.48840000e+00,        -6.107802945422e-01,        +6.925410303751e+01
 2.48860000e+00,        -6.030363361817e-01,        +6.907790898441e+01
 2.48880000e+00,        -5.954300647257e-01,        +6.890238015575e+01
 2.48900000e+00,        -5.879583947770e-01,        +6.872751066114e+01
 2.48920000e+00,        -5.806183217449e-01,        +6.855329456729e+01
 2.48940000e+00,        -5.734069195039e-01,        +6.837972590475e+01
 2.48960000e+00,        -5.663213381231e-01,        +6.820679867419e+01
 2.48980000e+00,        -5.593588016639e-01,        +6.803450685234e+01
 2.49000000e+00,        -5.525166060459e-01,        +6.786284439748e+01
 2.49020000e+00,        -5.457921169755e-01,        +6.769180525463e+01
 2.49040000e+00,        -5.391827679396e-01,        +6.752138336038e+01
 2.49060000e+00,        -5.326860582585e-01,        +6.735157264740e+01
 2.49080000e+00,        -5.262995511995e-01,        +6.718236704862e+01
 2.49100000e+00,        -5.200208721470e-01,        +6.701376050119e+01
 2.49120000e+00,        -5.138477068288e-01,        +6.684574695014e+01
 2.49140000e+00,        -5.077777995965e-01,        +6.667832035175e+01
 2.49160000e+00,        -5.018089517579e-01,        +6.651147467678e+01
 2.49180000e+00,        -4.959390199605e-01,        +6.634520391333e+01
 2.49200000e+00,        -4.901659146246e-01,        +6.617950206966e+01
 2.49220000e+00,        -4.844875984232e-01,        +6.601436317665e+01
 2.49240000e+00,        -4.789020848092e-01,        +6.584978129020e+01
 2.49260000e+00,        -4.734074365865e-01,        +6.568575049334e+01
 2.49280000e+00,        -4.680017645254e-01,        +6.552226489830e+01
 2.49300000e+00,        -4.626832260192e-01,        +6.535931864829e+01
 2.49320000e+00,        -4.574500237823e-01,        +6.519690591922e+01
 2.49340000e+00,        -4.523004045874e-01,        +6.503502092127e+01
 2.49360000e+00,        -4.472326580409e-01,        +6.487365790028e+01
 2.49380000e+00,        -4.422451153957e-01,        +6.471281113907e+01
 2.49400000e+00,        -4.373361483994e-01,        +6.455247495863e+01
 2.49420000e+00,        -4.325041681776e-01,        +6.439264371917e+01
 2.49440000e+00,        -4.277476241509e-01,        +6.423331182111e+01
 2.49460000e+00,        -4.230650029839e-01,        +6.407447370594e+01
 2.49480000e+00,        -4.184548275668e-01,        +6.391612385701e+01
 2.49500000e+00,        -4.139156560266e-01,        +6.375825680023e+01
 2.49520000e+00,        -4.094460807680e-01,        +6.360086710466e+01
 2.49540000e+00,        -4.050447275440e-01,        +6.344394938310e+01
 2.49560000e+00,        -4.007102545528e-01,        +6.328749829251e+01
 2.49580000e+00,        -3.964413515626e-01,        +6.313150853442e+01
 2.49600000e+00,        -3.922367390619e-01,        +6.297597485529e+01
 2.49620000e+00,        -3.880951674355e-01,        +6.282089204680e+01
 2.49640000e+00,        -3.840154161645e-01,        +6.266625494602e+01
 2.49660000e+00,        -3.799962930498e-01,        +6.251205843565e+01
 2.49680000e+00,        -3.760366334592e-01,        +6.235829744410e+01
 2.49700000e+00,        -3.721352995960e-01,        +6.220496694560e+01
 2.49720000e+00,        -3.682911797893e-01,        +6.205206196023e+01
 2.49740000e+00,        -3.645031878055e-01,        +6.189957755390e+01
 2.49760000e+00,        -3.607702621788e-01,        +6.174750883835e+01
 2.49780000e+00,        -3.570913655628e-01,        +6.159585097103e+01
 2.49800000e+00,        -3.534654840998e-01,        +6.144459915507e+01
 2.49820000e+00,        -3.498916268086e-01,        +6.129374863905e+01
 2.49840000e+00,        -3.463688249909e-01,        +6.114329471692e+01
 2.49860000e+00,        -3.428961316533e-01,        +6.099323272778e+01
 2.49880000e+00,        -3.394726209478e-01,        +6.084355805567e+01
 2.49900000e+00,        -3.360973876268e-01,        +6.069426612932e+01
 2.49920000e+00,        -3.327695465147e-01,        +6.054535242194e+01
 2.49940000e+00,        -3.294882319942e-01,        +6.039681245091e+01
 2.49960000e+00,        -3.262525975079e-01,        +6.024864177750e+01
 2.49980000e+00,        -3.230618150730e-01,        +6.010083600656e+01
 2.50000000e+00,        -3.199150748106e-01,        +5.995339078622e+01
 2.50020000e+00,        -3.168115844886e-01,        +5.980630180751e+01
 2.50040000e+00,        -3.137505690764e-01,        +5.965956480406e+01
 2.50060000e+00,        -3.107312703136e-01,        +5.951317555172e+01
 2.50080000e+00,        -3.077529462894e-01,        +5.936712986818e+01
 2.50100000e+00,        -3.048148710348e-01,        +5.922142361262e+01
 2.50120000e+00,        -3.019163341261e-01,        +5.907605268528e+01
 2.50140000e+00,        -2.990566402990e-01,        +5.893101302709e+01
 2.50160000e+00,        -2.962351090736e-01,        +5.878630061930e+01
 2.50180000e+00,        -2.934510743904e-01,        +5.864191148301e+01
 2.50200000e+00,        -2.907038842554e-01,        +5.849784167877e+01
 2.50220000e+00,        -2.879929003958e-01,        +5.835408730622e+01
 2.50240000e+00,        -2.853174979249e-01,        +5.821064450358e+01
 2.50260000e+00,        -2.826770650160e-01,        +5.806750944730e+01
 2.50280000e+00,        -2.800710025856e-01,        +5.792467835157e+01
 2.50300000e+00,        -2.774987239850e-01,        +5.778214746793e+01
 2.50320000e+00,        -2.749596547004e-01,        +5.763991308482e+01
 2.50340000e+00,        -2.724532320612e-01,        +5.749797152715e+01
 2.50360000e+00,        -2.699789049562e-01,        +5.735631915585e+01
 2.50380000e+00,        -2.675361335570e-01,        +5.721495236745e+01
 2.50400000e+00,        -2.651243890499e-01,        +5.707386759364e+01
 2.50420000e+00,        -2.627431533738e-01,        +5.693306130081e+01
 2.50440000e+00,        -2.603919189660e-01,        +5.679252998964e+01
 2.50460000e+00,        -2.580701885145e-01,        +5.665227019466e+01
 2.50480000e+00,        -2.557774747167e-01,        +5.651227848380e+01
 2.50500000e+00,        -2.535133000447e-01,        +5.637255145795e+01
 2.50520000e+00,        -2.512771965171e-01,        +5.623308575057e+01
 2.50540000e+00,        -2.490687054762e-01,        +5.609387802720e+01
 2.50560000e+00,        -2.468873773715e-01,        +5.595492498507e+01
 2.50580000e+00,        -2.447327715492e-01,        +5.581622335265e+01
 2.50600000e+00,        -2.426044560463e-01,        +5.567776988924e+01
 2.50620000e+00,        -2.405020073906e-01,        +5.553956138454e+01
 2.50640000e+00,        -2.384250104065e-01,        +5.540159465822e+01
 2.50660000e+00,        -2.363730580246e-01,        +5.526386655954e+01
 2.50680000e+00,        -2.343457510974e-01,        +5.512637396687e+01
 2.50700000e+00,        -2.323426982188e-01,        +5.498911378733e+01
 2.50720000e+00,        -2.303635155492e-01,        +5.485208295636e+01
 2.50740000e+00,        -2.284078266440e-01,        +5.471527843732e+01
 2.50760000e+00,        -2.264752622877e-01,        +5.457869722108e+01
 2.50780000e+00,        -2.245654603313e-01,        +5.444233632562e+01
 2.50800000e+00,        -2.226780655342e-01,        +5.430619279564e+01
 2.50820000e+00,        -2.208127294101e-01,        +5.417026370217e+01
 2.50840000e+00,        -2.189691100768e-01,        +5.403454614217e+01
 2.50860000e+00,        -2.171468721100e-01,        +5.389903723813e+01
 2.50880000e+00,        -2.153456864000e-01,        +5.376373413773e+01
 2.50900000e+00,        -2.135652300134e-01,        +5.362863401341e+01
 2.50920000e+00,        -2.118051860564e-01,        +5.349373406205e+01
 2.50940000e+00,        -2.100652435437e-01,        +5.335903150453e+01
 2.50960000e+00,        -2.083450972684e-01,        +5.322452358542e+01
 2.50980000e+00,        -2.066444476771e-01,        +5.309020757259e+01
 2.51000000e+00,        -2.049630007467e-01,        +5.295608075686e+01
 2.51020000e+00,        -2.033004678650e-01,        +5.282214045162e+01
 2.51040000e+00,        -2.016565657140e-01,        +5.268838399251e+01
 2.51060000e+00,        -2.000310161561e-01,        +5.255480873704e+01
 2.51080000e+00,        -1.984235461227e-01,        +5.242141206425e+01
 2.51100000e+00,        -1.968338875066e-01,        +5.228819137438e+01
 2.51120000e+00,        -1.952617770556e-01,        +5.215514408854e+01
 2.51140000e+00,        -1.937069562699e-01,        +5.202226764833e+01
 2.51160000e+00,        -1.921691713010e-01,        +5.188955951556e+01
 2.51180000e+00,        -1.906481728540e-01,        +5.175701717189e+01
 2.51200000e+00,        -1.891437160912e-01,        +5.162463811852e+01
 2.51220000e+00,        -1.876555605393e-01,        +5.149241987586e+01
 2.51240000e+00,        -1.861834699973e-01,        +5.136035998322e+01
 2.51260000e+00,        -1.847272124480e-01,        +5.122845599849e+01
 2.51280000e+00,        -1.832865599707e-01,        +5.109670549785e+01
 2.51300000e+00,        -1.818612886563e-01,        +5.096510607542e+01
 2.51320000e+00,        -1.804511785246e-01,        +5.083365534302e+01
 2.51340000e+00,        -1.790560134429e-01,        +5.070235092981e+01
 2.51360000e+00,        -1.776755810474e-01,        +5.057119048203e+01
 2.51380000e+00,        -1.763096726657e-01,        +5.044017166269e+01
 2.51400000e+00,        -1.749580832417e-01,        +5.030929215128e+01
 2.51420000e+00,        -1.736206112614e-01,        +5.017854964352e+01
 2.51440000e+00,        -1.722970586818e-01,        +5.004794185101e+01
 2.51460000e+00,        -1.709872308598e-01,        +4.991746650103e+01
 2.51480000e+00,        -1.696909364841e-01,        +4.978712133619e+01
 2.51500000e+00,        -1.684079875083e-01,        +4.965690411419e+01
 2.51520000e+00,        -1.671381990846e-01,        +4.952681260758e+01
 2.51540000e+00,        -1.658813895008e-01,        +4.939684460342e+01
 2.51560000e+00,        -1.646373801170e-01,        +4.926699790310e+01
 2.51580000e+00,        -1.634059953050e-01,        +4.913727032201e+01
 2.51600000e+00,        -1.621870623882e-01,        +4.900765968931e+01
 2.51620000e+00,        -1.609804115836e-01,        +4.887816384769e+01
 2.51640000e+00,        -1.597858759445e-01,        +4.874878065309e+01
 2.51660000e+00,        -1.586032913047e-01,        +4.861950797448e+01
 2.51680000e+00,        -1.574324962244e-01,        +4.849034369357e+01
 2.51700000e+00,        -1.562733319365e-01,        +4.836128570463e+01
 2.51720000e+00,        -1.551256422949e-01,        +4.823233191417e+01
 2.51740000e+00,        -1.539892737230e-01,        +4.810348024078e+01
 2.51760000e+00,        -1.528640751648e-01,        +4.797472861484e+01
 2.51780000e+00,        -1.517498980353e-01,        +4.784607497832e+01
 2.51800000e+00,        -1.506465961737e-01,        +4.771751728453e+01
 2.51820000e+00,        -1.495540257961e-01,        +4.758905349789e+01
 2.51840000e+00,        -1.484720454508e-01,        +4.746068159373e+01
 2.51860000e+00,        -1.474005159730e-01,        +4.733239955804e+01
 2.51880000e+00,        -1.463393004418e-01,        +4.720420538726e+01
 2.51900000e+00,        -1.452882641374e-01,        +4.707609708807e+01
 2.51920000e+00,        -1.442472744995e-01,        +4.694807267716e+01
 2.51940000e+00,        -1.432162010863e-01,        +4.682013018102e+01
 2.51960000e+00,        -1.421949155350e-01,        +4.669226763575e+01
 2.51980000e+00,        -1.411832915226e-01,        +4.656448308682e+01
 2.52000000e+00,        -1.401812047279e-01,        +4.643677458887e+01
 2.52020000e+00,        -1.391885327935e-01,        +4.630914020554e+01
 2.52040000e+00,        -1.382051552904e-01,        +4.618157800920e+01
 2.52060000e+00,        -1.372309536811e-01,        +4.605408608084e+01
 2.52080000e+00,        -1.362658112852e-01,        +4.592666250978e+01
 2.52100000e+00,        -1.353096132452e-01,        +4.579930539355e+01
 2.52120000e+00,        -1.343622464927e-01,        +4.567201283762e+01
 2.52140000e+00,        -1.334235997155e-01,        +4.554478295529e+01
 2.52160000e+00,        -1.324935633259e-01,        +4.541761386745e+01
 2.52180000e+00,        -1.315720294288e-01,        +4.529050370238e+01
 2.52200000e+00,        -1.306588917913e-01,        +4.516345059562e+01
 2.52220000e+00,        -1.297540458122e-01,        +4.503645268970e+01
 2.52240000e+00,        -1.288573884928e-01,        +4.490950813406e+01
 2.52260000e+00,        -1.279688184077e-01,        +4.478261508477e+01
 2.52280000e+00,        -1.270882356767e-01,        +4.465577170443e+01
 2.52300000e+00,        -1.262155419371e-01,        +4.452897616193e+01
 2.52320000e+00,        -1.253506403165e-01,        +4.440222663232e+01
 2.52340000e+00,        -1.244934354061e-01,        +4.427552129660e+01
 2.52360000e+00,        -1.236438332350e-01,        +4.414885834158e+01
 2.52380000e+00,        -1.228017412444e-01,        +4.402223595967e+01
 2.52400000e+00,        -1.219670682626e-01,        +4.389565234874e+01
 2.52420000e+00,        -1.211397244808e-01,        +4.376910571194e+01
 2.52440000e+00,        -1.203196214291e-01,        +4.364259425755e+01
 2.52460000e+00,        -1.195066719526e-01,        +4.351611619876e+01
 2.52480000e+00,        -1.187007901891e-01,        +4.338966975358e+01
 2.52500000e+00,        -1.179018915458e-01,        +4.326325314461e+01
 2.52520000e+00,        -1.171098926779e-01,        +4.313686459894e+01
 2.52540000e+00,        -1.163247114666e-01,        +4.301050234793e+01
 2.52560000e+00,        -1.155462669978e-01,        +4.288416462708e+01
 2.52580000e+00,        -1.147744795415e-01,        +4.275784967588e+01
 2.52600000e+00,        -1.140092705316e-01,        +4.263155573763e+01
 2.52620000e+00,        -1.132505625456e-01,        +4.250528105931e+01
 2.52640000e+00,        -1.124982792853e-01,        +4.237902389138e+01
 2.52660000e+00,        -1.117523455574e-01,        +4.225278248770e+01
 2.52680000e+00,        -1.110126872548e-01,        +4.212655510529e+01
 2.52700000e+00,        -1.102792313385e-01,        +4.200034000425e+01
 2.52720000e+00,        -1.095519058188e-01,        +4.187413544756e+01
 2.52740000e+00,        -1.088306397384e-01,        +4.174793970098e+01
 2.52760000e+00,        -1.081153631545e-01,        +4.162175103285e+01
 2.52780000e+00,        -1.074060071221e-01,        +4.149556771396e+01
 2.52800000e+00,        -1.067025036770e-01,        +4.136938801741e+01
 2.52820000e+00,        -1.060047858197e-01,        +4.124321021848e+01
 2.52840000e+00,        -1.053127874993e-01,        +4.111703259444e+01
 2.52860000e+00,        -1.046264435978e-01,        +4.099085342445e+01
 2.52880000e+00,        -1.039456899145e-01,        +4.086467098937e+01
 2.52900000e+00,        -1.032704631509e-01,        +4.073848357168e+01
 2.52920000e+00,        -1.026007008961e-01,        +4.061228945528e+01
 2.52940000e+00,        -1.019363416120e-01,        +4.048608692536e+01
 2.52960000e+00,        -1.012773246191e-01,        +4.035987426828e+01
 2.52980000e+00,        -1.006235900826e-01,        +4.023364977143e+01
 2.53000000e+00,        -9.997507899846e-02,        +4.010741172306e+01
 2.53020000e+00,        -9.933173318000e-02,        +3.998115841216e+01
 2.53040000e+00,        -9.869349524476e-02,        +3.985488812834e+01
 2.53060000e+00,        -9.806030860151e-02,        +3.972859916165e+01
 2.53080000e+00,        -9.743211743745e-02,        +3.960228980248e+01
 2.53100000e+00,        -9.680886670576e-02,        +3.947595834139e+01
 2.53120000e+00,        -9.619050211340e-02,        +3.934960306903e+01
 2.53140000e+00,        -9.557697010903e-02,        +3.922322227592e+01
 2.53160000e+00,        -9.496821787123e-02,        +3.909681425239e+01
 2.53180000e+00,        -9.436419329696e-02,        +3.897037728841e+01
 2.53200000e+00,        -9.376484499015e-02,        +3.884390967344e+01
 2.53220000e+00,        -9.317012225060e-02,        +3.871740969635e+01
 2.53240000e+00,        -9.257997506301e-02,        +3.859087564522e+01
 2.53260000e+00,        -9.199435408627e-02,        +3.846430580727e+01
 2.53280000e+00,        -9.141321064292e-02,        +3.833769846865e+01
 2.53300000e+00,        -9.083649670877e-02,        +3.821105191439e+01
 2.53320000e+00,        -9.026416490279e-02,        +3.808436442822e+01
 2.53340000e+00,        -8.969616847718e-02,        +3.795763429242e+01
 2.53360000e+00,        -8.913246130744e-02,        +3.783085978775e+01
 2.53380000e+00,        -8.857299788298e-02,        +3.770403919325e+01
 2.53400000e+00,        -8.801773329752e-02,        +3.757717078615e+01
 2.53420000e+00,        -8.746662323990e-02,        +3.745025284172e+01
 2.53440000e+00,        -8.691962398501e-02,        +3.732328363314e+01
 2.53460000e+00,        -8.637669238488e-02,        +3.719626143139e+01
 2.53480000e+00,        -8.583778585985e-02,        +3.706918450508e+01
 2.53500000e+00,        -8.530286239003e-02,        +3.694205112033e+01
 2.53520000e+00,        -8.477188050684e-02,        +3.681485954068e+01
 2.53540000e+00,        -8.424479928475e-02,        +3.668760802687e+01
 2.53560000e+00,        -8.372157833311e-02,        +3.656029483681e+01
 2.53580000e+00,        -8.320217778810e-02,        +3.643291822538e+01
 2.53600000e+00,        -8.268655830501e-02,        +3.630547644430e+01
 2.53620000e+00,        -8.217468105040e-02,        +3.617796774204e+01
 2.53640000e+00,        -8.166650769464e-02,        +3.605039036364e+01
 2.53660000e+00,        -8.116200040434e-02,        +3.592274255062e+01
 2.53680000e+00,        -8.066112183521e-02,        +3.579502254081e+01
 2.53700000e+00,        -8.016383512475e-02,        +3.566722856825e+01
 2.53720000e+00,        -7.967010388527e-02,        +3.553935886300e+01
 2.53740000e+00,        -7.917989219697e-02,        +3.541141165110e+01
 2.53760000e+00,        -7.869316460112e-02,        +3.528338515435e+01
 2.53780000e+00,        -7.820988609340e-02,        +3.515527759022e+01
 2.53800000e+00,        -7.773002211733e-02,        +3.502708717169e+01
 2.53820000e+00,        -7.725353855783e-02,        +3.489881210715e+01
 2.53840000e+00,        -7.678040173495e-02,        +3.477045060022e+01
 2.53860000e+00,        -7.631057839754e-02,        +3.464200084968e+01
 2.53880000e+00,        -7.584403571722e-02,        +3.451346104924e+01
 2.53900000e+00,        -7.538074128241e-02,        +3.438482938749e+01
 2.53920000e+00,        -7.492066309234e-02,        +3.425610404773e+01
 2.53940000e+00,        -7.446376955137e-02,        +3.412728320783e+01
 2.53960000e+00,        -7.401002946318e-02,        +3.399836504007e+01
 2.53980000e+00,        -7.355941202533e-02,        +3.386934771107e+01
 2.54000000e+00,        -7.311188682364e-02,        +3.374022938158e+01
 2.54020000e+00,        -7.266742382685e-02,        +3.361100820637e+01
 2.54040000e+00,        -7.222599338134e-02,        +3.348168233410e+01
 2.54060000e+00,        -7.178756620590e-02,        +3.335224990715e+01
 2.54080000e+00,        -7.135211338659e-02,        +3.322270906150e+01
 2.54100000e+00,        -7.091960637177e-02,        +3.309305792661e+01
 2.54120000e+00,        -7.049001696712e-02,        +3.296329462522e+01
 2.54140000e+00,        -7.006331733084e-02,        +3.283341727325e+01
 2.54160000e+00,        -6.963947996877e-02,        +3.270342397965e+01
 2.54180000e+00,        -6.921847772985e-02,        +3.257331284623e+01
 2.54200000e+00,        -6.880028380142e-02,        +3.244308196755e+01
 2.54220000e+00,        -6.838487170474e-02,        +3.231272943076e+01
 2.54240000e+00,        -6.797221529053e-02,        +3.218225331542e+01
 2.54260000e+00,        -6.756228873462e-02,        +3.205165169341e+01
 2.54280000e+00,        -6.715506653364e-02,        +3.192092262873e+01
 2.54300000e+00,        -6.675052350082e-02,        +3.179006417739e+01
 2.54320000e+00,        -6.634863476186e-02,        +3.165907438723e+01
 2.54340000e+00,        -6.594937575083e-02,        +3.152795129776e+01
 2.54360000e+00,        -6.555272220623e-02,        +3.139669294004e+01
 2.54380000e+00,        -6.515865016700e-02,        +3.126529733651e+01
 2.54400000e+00,        -6.476713596867e-02,        +3.113376250082e+01
 2.54420000e+00,        -6.437815623965e-02,        +3.100208643771e+01
 2.54440000e+00,        -6.399168789737e-02,        +3.087026714280e+01
 2.54460000e+00,        -6.360770814475e-02,        +3.073830260247e+01
 2.54480000e+00,        -6.322619446652e-02,        +3.060619079369e+01
 2.54500000e+00,        -6.284712462576e-02,        +3.047392968386e+01
 2.54520000e+00,        -6.247047666034e-02,        +3.034151723064e+01
 2.54540000e+00,        -6.209622887961e-02,        +3.020895138179e+01
 2.54560000e+00,        -6.172435986095e-02,        +3.007623007501e+01
 2.54580000e+00,        -6.135484844662e-02,        +2.994335123776e+01
 2.54600000e+00,        -6.098767374038e-02,        +2.981031278711e+01
 2.54620000e+00,        -6.062281510440e-02,        +2.967711262954e+01
 2.54640000e+00,        -6.026025215618e-02,        +2.954374866080e+01
 2.54660000e+00,        -5.989996476534e-02,        +2.941021876574e+01
 2.54680000e+00,        -5.954193305084e-02,        +2.927652081809e+01
 2.54700000e+00,        -5.918613737780e-02,        +2.914265268035e+01
 2.54720000e+00,        -5.883255835478e-02,        +2.900861220354e+01
 2.54740000e+00,        -5.848117683083e-02,        +2.887439722708e+01
 2.54760000e+00,        -5.813197389271e-02,        +2.874000557859e+01
 2.54780000e+00,        -5.778493086219e-02,        +2.860543507369e+01
 2.54800000e+00,        -5.744002929334e-02,        +2.847068351584e+01
 2.54820000e+00,        -5.709725096984e-02,        +2.833574869613e+01
 2.54840000e+00,        -5.675657790247e-02,        +2.820062839312e+01
 2.54860000e+00,        -5.641799232649e-02,        +2.806532037263e+01
 2.54880000e+00,        -5.608147669914e-02,        +2.792982238754e+01
 2.54900000e+00,        -5.574701369727e-02,        +2.779413217762e+01
 2.54920000e+00,        -5.541458621487e-02,        +2.765824746932e+01
 2.54940000e+00,        -5.508417736068e-02,        +2.752216597556e+01
 2.54960000e+00,        -5.475577045590e-02,        +2.738588539556e+01
 2.54980000e+00,        -5.442934903199e-02,        +2.724940341460e+01
 2.55000000e+00,        -5.410489682834e-02,        +2.711271770386e+01
 2.55020000e+00,        -5.378239779013e-02,        +2.697582592016e+01
 2.55040000e+00,        -5.346183606619e-02,        +2.683872570580e+01
 2.55060000e+00,        -5.314319600684e-02,        +2.670141468830e+01
 2.55080000e+00,        -5.282646216198e-02,        +2.656389048023e+01
 2.55100000e+00,        -5.251161927888e-02,        +2.642615067896e+01
 2.55120000e+00,        -5.219865230036e-02,        +2.628819286647e+01
 2.55140000e+00,        -5.188754636276e-02,        +2.615001460908e+01
 2.55160000e+00,        -5.157828679405e-02,        +2.601161345730e+01
 2.55180000e+00,        -5.127085911203e-02,        +2.587298694552e+01
 2.55200000e+00,        -5.096524902250e-02,        +2.573413259184e+01
 2.55220000e+00,        -5.066144241738e-02,        +2.559504789780e+01
 2.55240000e+00,        -5.035942537309e-02,        +2.545573034817e+01
 2.55260000e+00,        -5.005918414878e-02,        +2.531617741068e+01
 2.55280000e+00,        -4.976070518468e-02,        +2.517638653581e+01
 2.55300000e+00,        -4.946397510046e-02,        +2.503635515654e+01
 2.55320000e+00,        -4.916898069365e-02,        +2.489608068807e+01
 2.55340000e+00,        -4.887570893803e-02,        +2.475556052761e+01
 2.55360000e+00,        -4.858414698226e-02,        +2.461479205407e+01
 2.55380000e+00,        -4.829428214816e-02,        +2.447377262788e+01
 2.55400000e+00,        -4.800610192943e-02,        +2.433249959065e+01
 2.55420000e+00,        -4.771959399020e-02,        +2.419097026495e+01
 2.55440000e+00,        -4.743474616360e-02,        +2.404918195403e+01
 2.55460000e+00,        -4.715154645048e-02,        +2.390713194154e+01
 2.55480000e+00,        -4.686998301804e-02,        +2.376481749124e+01
 2.55500000e+00,        -4.659004419858e-02,        +2.362223584677e+01
 2.55520000e+00,        -4.631171848826e-02,        +2.347938423130e+01
 2.55540000e+00,        -4.603499454587e-02,        +2.333625984729e+01
 2.55560000e+00,        -4.575986119165e-02,        +2.319285987617e+01
 2.55580000e+00,        -4.548630740619e-02,        +2.304918147806e+01
 2.55600000e+00,        -4.521432232924e-02,        +2.290522179144e+01
 2.55620000e+00,        -4.494389525873e-02,        +2.276097793288e+01
 2.55640000e+00,        -4.467501564961e-02,        +2.261644699670e+01
 2.55660000e+00,        -4.440767311299e-02,        +2.247162605467e+01
 2.55680000e+00,        -4.414185741499e-02,        +2.232651215568e+01
 2.55700000e+00,        -4.387755847589e-02,        +2.218110232542e+01
 2.55720000e+00,        -4.361476636926e-02,        +2.203539356607e+01
 2.55740000e+00,        -4.335347132092e-02,        +2.188938285589e+01
 2.55760000e+00,        -4.309366370828e-02,        +2.174306714899e+01
 2.55780000e+00,        -4.283533405942e-02,        +2.159644337489e+01
 2.55800000e+00,        -4.257847305226e-02,        +2.144950843821e+01
 2.55820000e+00,        -4.232307151390e-02,        +2.130225921830e+01
 2.55840000e+00,        -4.206912041988e-02,        +2.115469256889e+01
 2.55860000e+00,        -4.181661089350e-02,        +2.100680531772e+01
 2.55880000e+00,        -4.156553420507e-02,        +2.085859426614e+01
 2.55900000e+00,        -4.131588177145e-02,        +2.071005618875e+01
 2.55920000e+00,        -4.106764515532e-02,        +2.056118783300e+01
 2.55940000e+00,        -4.082081606471e-02,        +2.041198591882e+01
 2.55960000e+00,        -4.057538635241e-02,        +2.026244713818e+01
 2.55980000e+00,        -4.033134801556e-02,        +2.011256815470e+01
 2.56000000e+00,        -4.008869319511e-02,        +1.996234560327e+01
 2.56020000e+00,        -3.984741417547e-02,        +1.981177608954e+01
 2.56040000e+00,        -3.960750338405e-02,        +1.966085618959e+01
 2.56060000e+00,        -3.936895339096e-02,        +1.950958244941e+01
 2.56080000e+00,        -3.913175690864e-02,        +1.935795138451e+01
 2.56100000e+00,        -3.889590679164e-02,        +1.920595947942e+01
 2.56120000e+00,        -3.866139603630e-02,        +1.905360318729e+01
 2.56140000e+00,        -3.842821778055e-02,        +1.890087892934e+01
 2.56160000e+00,        -3.819636530373e-02,        +1.874778309445e+01
 2.56180000e+00,        -3.796583202648e-02,        +1.859431203864e+01
 2.56200000e+00,        -3.773661151053e-02,        +1.844046208455e+01
 2.56220000e+00,        -3.750869745875e-02,        +1.828622952099e+01
 2.56240000e+00,        -3.728208371502e-02,        +1.813161060238e+01
 2.56260000e+00,        -3.705676426425e-02,        +1.797660154822e+01
 2.56280000e+00,        -3.683273323243e-02,        +1.782119854260e+01
 2.56300000e+00,        -3.660998488670e-02,        +1.766539773360e+01
 2.56320000e+00,        -3.638851363544e-02,        +1.750919523273e+01
 2.56340000e+00,        -3.616831402845e-02,        +1.735258711442e+01
 2.56360000e+00,        -3.594938075716e-02,        +1.719556941539e+01
 2.56380000e+00,        -3.573170865478e-02,        +1.703813813404e+01
 2.56400000e+00,        -3.551529269665e-02,        +1.688028922991e+01
 2.56420000e+00,        -3.530012800057e-02,        +1.672201862300e+01
 2.56440000e+00,        -3.508620982703e-02,        +1.656332219317e+01
 2.56460000e+00,        -3.487353357981e-02,        +1.640419577949e+01
 2.56480000e+00,        -3.466209480624e-02,        +1.624463517958e+01
 2.56500000e+00,        -3.445188919775e-02,        +1.608463614894e+01
 2.56520000e+00,        -3.424291259050e-02,        +1.592419440027e+01
 2.56540000e+00,        -3.403516096581e-02,        +1.576330560275e+01
 2.56560000e+00,        -3.382863045091e-02,        +1.560196538135e+01
 2.56580000e+00,        -3.362331731956e-02,        +1.544016931608e+01
 2.56600000e+00,        -3.341921799277e-02,        +1.527791294124e+01
 2.56620000e+00,        -3.321632903965e-02,        +1.511519174465e+01
 2.56640000e+00,        -3.301464717815e-02,        +1.495200116690e+01
 2.56660000e+00,        -3.281416927603e-02,        +1.478833660049e+01
 2.56680000e+00,        -3.261489235176e-02,        +1.462419338908e+01
 2.56700000e+00,        -3.241681357551e-02,        +1.445956682659e+01
 2.56720000e+00,        -3.221993027022e-02,        +1.429445215638e+01
 2.56740000e+00,        -3.202423991275e-02,        +1.412884457033e+01
 2.56760000e+00,        -3.182974013498e-02,        +1.396273920800e+01
 2.56780000e+00,        -3.163642872511e-02,        +1.379613115564e+01
 2.56800000e+00,        -3.144430362898e-02,        +1.362901544531e+01
 2.56820000e+00,        -3.125336295134e-02,        +1.346138705384e+01
 2.56840000e+00,        -3.106360495740e-02,        +1.329324090191e+01
 2.56860000e+00,        -3.087502807432e-02,        +1.312457185297e+01
 2.56880000e+00,        -3.068763089270e-02,        +1.295537471224e+01
 2.56900000e+00,        -3.050141216838e-02,        +1.278564422561e+01
 2.56920000e+00,        -3.031637082400e-02,        +1.261537507857e+01
 2.56940000e+00,        -3.013250595105e-02,        +1.244456189505e+01
 2.56960000e+00,        -2.994981681153e-02,        +1.227319923629e+01
 2.56980000e+00,        -2.976830284004e-02,        +1.210128159962e+01
 2.57000000e+00,        -2.958796364592e-02,        +1.192880341727e+01
 2.57020000e+00,        -2.940879901524e-02,        +1.175575905512e+01
 2.57040000e+00,        -2.923080891322e-02,        +1.158214281138e+01
 2.57060000e+00,        -2.905399348648e-02,        +1.140794891529e+01
 2.57080000e+00,        -2.887835306557e-02,        +1.123317152575e+01
 2.57100000e+00,        -2.870388816747e-02,        +1.105780472991e+01
 2.57120000e+00,        -2.853059949831e-02,        +1.088184254178e+01
 2.57140000e+00,        -2.835848795611e-02,        +1.070527890066e+01
 2.57160000e+00,        -2.818755463369e-02,        +1.052810766970e+01
 2.57180000e+00,        -2.801780082174e-02,        +1.035032263428e+01
 2.57200000e+00,        -2.784922801197e-02,        +1.017191750042e+01
 2.57220000e+00,        -2.768183790030e-02,        +9.992885893105e+00
 2.57240000e+00,        -2.751563239037e-02,        +9.813221354549e+00
 2.57260000e+00,        -2.735061359714e-02,        +9.632917342459e+00
 2.57280000e+00,        -2.718678385049e-02,        +9.451967228194e+00
 2.57300000e+00,        -2.702414569920e-02,        +9.270364294886e+00
 2.57320000e+00,        -2.686270191496e-02,        +9.088101735500e+00
 2.57340000e+00,        -2.670245549650e-02,        +8.905172650833e+00
 2.57360000e+00,        -2.654340967409e-02,        +8.721570047443e+00
 2.57380000e+00,        -2.638556791405e-02,        +8.537286835517e+00
 2.57400000e+00,        -2.622893392352e-02,        +8.352315826665e+00
 2.57420000e+00,        -2.607351165544e-02,        +8.166649731640e+00
 2.57440000e+00,        -2.591930531371e-02,        +7.980281157981e+00
 2.57460000e+00,        -2.576631935861e-02,        +7.793202607581e+00
 2.57480000e+00,        -2.561455851243e-02,        +7.605406474161e+00
 2.57500000e+00,        -2.546402776536e-02,        +7.416885040666e+00
 2.57520000e+00,        -2.531473238164e-02,        +7.227630476566e+00
 2.57540000e+00,        -2.516667790591e-02,        +7.037634835058e+00
 2.57560000e+00,        -2.501987016997e-02,        +6.846890050170e+00
 2.57580000e+00,        -2.487431529971e-02,        +6.655387933764e+00
 2.57600000e+00,        -2.473001972246e-02,        +6.463120172420e+00
 2.57620000e+00,        -2.458699017460e-02,        +6.270078324214e+00
 2.57640000e+00,        -2.444523370945e-02,        +6.076253815367e+00
 2.57660000e+00,        -2.430475770578e-02,        +5.881637936775e+00
 2.57680000e+00,        -2.416556987636e-02,        +5.686221840397e+00
 2.57700000e+00,        -2.402767827716e-02,        +5.489996535513e+00
 2.57720000e+00,        -2.389109131690e-02,        +5.292952884829e+00
 2.57740000e+00,        -2.375581776705e-02,        +5.095081600431e+00
 2.57760000e+00,        -2.362186677225e-02,        +4.896373239575e+00
 2.57780000e+00,        -2.348924786133e-02,        +4.696818200306e+00
 2.57800000e+00,        -2.335797095882e-02,        +4.496406716909e+00
 2.57820000e+00,        -2.322804639698e-02,        +4.295128855153e+00
 2.57840000e+00,        -2.309948492845e-02,        +4.092974507354e+00
 2.57860000e+00,        -2.297229773958e-02,        +3.889933387221e+00
 2.57880000e+00,        -2.284649646429e-02,        +3.685995024484e+00
 2.57900000e+00,        -2.272209319887e-02,        +3.481148759290e+00
 2.57920000e+00,        -2.259910051717e-02,        +3.275383736354e+00
 2.57940000e+00,        -2.247753148696e-02,        +3.068688898859e+00
 2.57960000e+00,        -2.235739968689e-02,        +2.861052982071e+00
 2.57980000e+00,        -2.223871922445e-02,        +2.652464506676e+00
 2.58000000e+00,        -2.212150475478e-02,        +2.442911771818e+00
 2.58020000e+00,        -2.200577150067e-02,        +2.232382847801e+00
 2.58040000e+00,        -2.189153527339e-02,        +2.020865568462e+00
 2.58060000e+00,        -2.177881249495e-02,        +1.808347523187e+00
 2.58080000e+00,        -2.166762022133e-02,        +1.594816048539e+00
 2.58100000e+00,        -2.155797616714e-02,        +1.380258219485e+00
 2.58120000e+00,        -2.144989873173e-02,        +1.164660840200e+00
 2.58140000e+00,        -2.134340702659e-02,        +9.480104344166e-01
 2.58160000e+00,        -2.123852090457e-02,        +7.302932352877e-01
 2.58180000e+00,        -2.113526099065e-02,        +5.114951747494e-01
 2.58200000e+00,        -2.103364871452e-02,        +2.916018723324e-01
 2.58220000e+00,        -2.093370634527e-02,        +7.059862340333e-02
 2.58240000e+00,        -2.083545702793e-02,        -1.515296132087e-01
 2.58260000e+00,        -2.073892482244e-02,        -3.747982282395e-01
 2.58280000e+00,        -2.064413474499e-02,        -5.992229757053e-01
 2.58300000e+00,        -2.055111281181e-02,        -8.248199873697e-01
 2.58320000e+00,        -2.045988608590e-02,        -1.051605787984e+00
 2.58340000e+00,        -2.037048272665e-02,        -1.279597311383e+00
 2.58360000e+00,        -2.028293204272e-02,        -1.508811917466e+00
 2.58380000e+00,        -2.019726454830e-02,        -1.739267410154e+00
 2.58400000e+00,        -2.011351202315e-02,        -1.970982056351e+00
 2.58420000e+00,        -2.003170757674e-02,        -2.203974606021e+00
 2.58440000e+00,        -1.995188571655e-02,        -2.438264313426e+00
 2.58460000e+00,        -1.987408242125e-02,        -2.673870959633e+00
 2.58480000e+00,        -1.979833521890e-02,        -2.910814876355e+00
 2.58500000e+00,        -1.972468327045e-02,        -3.149116971249e+00
 2.58520000e+00,        -1.965316745965e-02,        -3.388798754763e+00
 2.58540000e+00,        -1.958383048890e-02,        -3.629882368646e+00
 2.58560000e+00,        -1.951671698245e-02,        -3.872390616256e+00
 2.58580000e+00,        -1.945187359714e-02,        -4.116346994789e+00
 2.58600000e+00,        -1.938934914135e-02,        -4.361775729595e+00
 2.58620000e+00,        -1.932919470303e-02,        -4.608701810720e+00
 2.58640000e+00,        -1.927146378760e-02,        -4.857151031869e+00
 2.58660000e+00,        -1.921621246631e-02,        -5.107150031973e+00
 2.58680000e+00,        -1.916349953671e-02,        -5.358726339564e+00
 2.58700000e+00,        -1.911338669548e-02,        -5.611908420206e+00
 2.58720000e+00,        -1.906593872559e-02,        -5.866725727209e+00
 2.58740000e+00,        -1.902122369838e-02,        -6.123208755913e+00
 2.58760000e+00,        -1.897931319284e-02,        -6.381389101853e+00
 2.58780000e+00,        -1.894028253302e-02,        -6.641299523108e+00
 2.58800000e+00,        -1.890421104570e-02,        -6.902974007223e+00
 2.58820000e+00,        -1.887118234051e-02,        -7.166447843094e+00
 2.58840000e+00,        -1.884128461430e-02,        -7.431757698258e+00
 2.58860000e+00,        -1.881461098276e-02,        -7.698941702060e+00
 2.58880000e+00,        -1.879125984177e-02,        -7.968039535264e+00
 2.58900000e+00,        -1.877133526176e-02,        -8.239092526668e+00
 2.58920000e+00,        -1.875494741861e-02,        -8.512143757397e+00
 2.58940000e+00,        -1.874221306506e-02,        -8.787238173601e+00
 2.58960000e+00,        -1.873325604698e-02,        -9.064422708353e+00
 2.58980000e+00,        -1.872820786962e-02,        -9.343746413665e+00
 2.59000000e+00,        -1.872720831945e-02,        -9.625260603597e+00
 2.59020000e+00,        -1.873040614801e-02,        -9.909019009593e+00
 2.59040000e+00,        -1.873795982480e-02,        -1.019507794927e+01
 2.59060000e+00,        -1.875003836776e-02,        -1.048349651006e+01
 2.59080000e+00,        -1.876682226020e-02,        -1.077433674926e+01
 2.59100000e+00,        -1.878850446503e-02,        -1.106766391223e+01
 2.59120000e+00,        -1.881529154823e-02,        -1.136354667068e+01
 2.59140000e+00,        -1.884740492532e-02,        -1.166205738333e+01
 2.59160000e+00,        -1.888508224639e-02,        -1.196327238129e+01
 2.59180000e+00,        -1.892857893806e-02,        -1.226727228115e+01
 2.59200000e+00,        -1.897816992260e-02,        -1.257414232876e+01
 2.59220000e+00,        -1.903415153847e-02,        -1.288397277750e+01
 2.59240000e+00,        -1.909684368946e-02,        -1.319685930493e+01
 2.59260000e+00,        -1.916659225430e-02,        -1.351290347272e+01
 2.59280000e+00,        -1.924377179362e-02,        -1.383221323493e+01
 2.59300000e+00,        -1.932878859724e-02,        -1.415490350091e+01
 2.59320000e+00,        -1.942208412126e-02,        -1.448109675965e+01
 2.59340000e+00,        -1.952413887361e-02,        -1.481092377372e+01
 2.59360000e+00,        -1.963547681639e-02,        -1.514452435186e+01
 2.59380000e+00,        -1.975667036480e-02,        -1.548204821096e+01
 2.59400000e+00,        -1.988834607776e-02,        -1.582365593974e+01
 2.59420000e+00,        -2.003119115131e-02,        -1.616952007835e+01
 2.59440000e+00,        -2.018596084776e-02,        -1.651982633058e+01
 2.59460000e+00,        -2.035348701799e-02,        -1.687477492802e+01
 2.59480000e+00,        -2.053468790466e-02,        -1.723458216898e+01
 2.59500000e+00,        -2.073057945208e-02,        -1.759948215876e+01
 2.59520000e+00,        -2.094228839320e-02,        -1.796972878285e+01
 2.59540000e+00,        -2.117106744086e-02,        -1.834559795000e+01
 2.59560000e+00,        -2.141831297926e-02,        -1.872739014961e+01
 2.59580000e+00,        -2.168558573798e-02,        -1.911543337570e+01
 2.59600000e+00,        -2.197463503769e-02,        -1.951008648053e+01
 2.59620000e+00,        -2.228742733096e-02,        -1.991174303307e+01
 2.59640000e+00,        -2.262617993169e-02,        -2.032083577368e+01
 2.59660000e+00,        -2.299340103916e-02,        -2.073784177473e+01
 2.59680000e+00,        -2.339193743825e-02,        -2.116328844170e+01
 2.59700000e+00,        -2.382503160489e-02,        -2.159776051840e+01
 2.59720000e+00,        -2.429639039911e-02,        -2.204190829816e+01
 2.59740000e+00,        -2.481026811325e-02,        -2.249645728993e+01
 2.59760000e+00,        -2.537156740923e-02,        -2.296221964914e+01
 2.59780000e+00,        -2.598596268902e-02,        -2.344010776066e+01
 2.59800000e+00,        -2.666005178190e-02,        -2.393115046135e+01
 2.59820000e+00,        -2.740154362650e-02,        -2.443651252017e+01
 2.59840000e+00,        -2.821949204850e-02,        -2.495751816454e+01
 2.59860000e+00,        -2.912458903606e-02,        -2.549567966735e+01
 2.59880000e+00,        -3.012953546149e-02,        -2.605273231032e+01
 2.59900000e+00,        -3.124951351964e-02,        -2.663067744437e+01
 2.59920000e+00,        -3.250279404978e-02,        -2.723183591924e+01
 2.59940000e+00,        -3.391152457458e-02,        -2.785891491204e+01
 2.59960000e+00,        -3.550276215912e-02,        -2.851509223829e+01
 2.59980000e+00,        -3.730984191599e-02,        -2.920412371324e+01
 2.60000000e+00,        -3.937421165455e-02,        -2.993048124903e+01
 2.60020000e+00,        -4.174792303332e-02,        -3.069953244120e+01
 2.60040000e+00,        -4.449706149755e-02,        -3.151777691096e+01
 2.60060000e+00,        -4.770654116166e-02,        -3.239316142487e+01
 2.60080000e+00,        -5.148692074116e-02,        -3.333550611490e+01
 2.60100000e+00,        -5.598427263385e-02,        -3.435709015879e+01
 2.60120000e+00,        -6.139476771108e-02,        -3.547347081502e+01
 2.60140000e+00,        -6.798672532962e-02,        -3.670465139461e+01
 2.60160000e+00,        -7.613481074274e-02,        -3.807678372552e+01
 2.60180000e+00,        -8.637461883592e-02,        -3.962471181464e+01
 2.60200000e+00,        -9.949268606246e-02,        -4.139588058233e+01
 2.60220000e+00,        -1.166805617808e-01,        -4.345653841494e+01
 2.60240000e+00,        -1.398100803262e-01,        -4.590195139976e+01
 2.60260000e+00,        -1.719502000925e-01,        -4.887396502247e+01
 2.60280000e+00,        -2.183950141625e-01,        -5.259276331747e+01
 2.60300000e+00,        -2.888498798274e-01,        -5.741782420183e+01
 2.60320000e+00,        -4.024465777027e-01,        -6.397337989182e+01
 2.60340000e+00,        -6.001904538993e-01,        -7.342814512222e+01
 2.60360000e+00,        -9.774145999247e-01,        -8.817208326213e+01
 2.60380000e+00,        -1.754931966916e+00,        -1.135129510958e+02
 2.60400000e+00,        -3.153158102608e+00,        -1.605841054200e+02
 2.60420000e+00,        -3.575916262731e+00,        +1.272221516063e+02
 2.60440000e+00,        -2.155453015956e+00,        +6.993232183518e+01
 2.60460000e+00,        -1.165476348823e+00,        +3.870837351262e+01
 2.60480000e+00,        -6.877982768229e-01,        +2.113731101720e+01
 2.60500000e+00,        -4.463903120888e-01,        +1.020985649401e+01
 2.60520000e+00,        -3.124828920358e-01,        +2.806225826934e+00
 2.60540000e+00,        -2.318563578504e-01,        -2.552781546560e+00
 2.60560000e+00,        -1.800229788075e-01,        -6.634667714395e+00
 2.60580000e+00,        -1.449288155236e-01,        -9.870851373771e+00
 2.60600000e+00,        -1.201659071413e-01,        -1.252040392320e+01
 2.60620000e+00,        -1.020995816809e-01,        -1.474753465681e+01
 2.60640000e+00,        -8.855356894605e-02,        -1.666105524556e+01
 2.60660000e+00,        -7.816433173630e-02,        -1.833578452571e+01
 2.60680000e+00,        -7.004412267104e-02,        -1.982479489416e+01
 2.60700000e+00,        -6.359570430161e-02,        -2.116674492379e+01
 2.60720000e+00,        -5.840576517477e-02,        -2.239044446334e+01
 2.60740000e+00,        -5.418116036986e-02,        -2.351779422872e+01
 2.60760000e+00,        -5.070944475768e-02,        -2.456573513766e+01
 2.60780000e+00,        -4.783369857138e-02,        -2.554757476639e+01
 2.60800000e+00,        -4.543603701708e-02,        -2.647391079434e+01
 2.60820000e+00,        -4.342654957492e-02,        -2.735328707511e+01
 2.60840000e+00,        -4.173572219738e-02,        -2.819266830487e+01
 2.60860000e+00,        -4.030914558334e-02,        -2.899778911601e+01
 2.60880000e+00,        -3.910375544503e-02,        -2.977341464962e+01
 2.60900000e+00,        -3.808511894454e-02,        -3.052353769066e+01
 2.60920000e+00,        -3.722544790466e-02,        -3.125152965448e+01
 2.60940000e+00,        -3.650212489663e-02,        -3.196025753776e+01
 2.60960000e+00,        -3.589659651223e-02,        -3.265217544921e+01
 2.60980000e+00,        -3.539353302678e-02,        -3.332939693291e+01
 2.61000000e+00,        -3.498018371238e-02,        -3.399375262236e+01
 2.61020000e+00,        -3.464587748862e-02,        -3.464683657910e+01
 2.61040000e+00,        -3.438163268247e-02,        -3.529004382184e+01
 2.61060000e+00,        -3.417984950947e-02,        -3.592460093820e+01
 2.61080000e+00,        -3.403406584932e-02,        -3.655159122034e+01
 2.61100000e+00,        -3.393876186916e-02,        -3.717197543329e+01
 2.61120000e+00,        -3.388920265097e-02,        -3.778660907525e+01
 2.61140000e+00,        -3.388131061068e-02,        -3.839625680147e+01
 2.61160000e+00,        -3.391156143966e-02,        -3.900160454028e+01
 2.61180000e+00,        -3.397689874234e-02,        -3.960326972034e+01
 2.61200000e+00,        -3.407466362995e-02,        -4.020180994343e+01
 2.61220000e+00,        -3.420253635014e-02,        -4.079773037099e+01
 2.61240000e+00,        -3.435848765698e-02,        -4.139149004139e+01
 2.61260000e+00,        -3.454073810787e-02,        -4.198350729361e+01
 2.61280000e+00,        -3.474772384311e-02,        -4.257416444127e+01
 2.61300000e+00,        -3.497806769362e-02,        -4.316381181449e+01
 2.61320000e+00,        -3.523055468849e-02,        -4.375277126708e+01
 2.61340000e+00,        -3.550411121115e-02,        -4.434133922928e+01
 2.61360000e+00,        -3.579778719465e-02,        -4.492978937297e+01
 2.61380000e+00,        -3.611074085799e-02,        -4.551837494524e+01
 2.61400000e+00,        -3.644222557586e-02,        -4.610733081721e+01
 2.61420000e+00,        -3.679157854511e-02,        -4.669687528740e+01
 2.61440000e+00,        -3.715821097115e-02,        -4.728721167303e+01
 2.61460000e+00,        -3.754159954280e-02,        -4.787852971746e+01
 2.61480000e+00,        -3.794127900433e-02,        -4.847100683775e+01
 2.61500000e+00,        -3.835683566348e-02,        -4.906480923284e+01
 2.61520000e+00,        -3.878790170135e-02,        -4.966009286982e+01
 2.61540000e+00,        -3.923415017015e-02,        -5.025700436340e+01
 2.61560000e+00,        -3.969529058351e-02,        -5.085568176150e+01
 2.61580000e+00,        -4.017106501781e-02,        -5.145625524812e+01
 2.61600000e+00,        -4.066124465602e-02,        -5.205884777318e+01
 2.61620000e+00,        -4.116562671467e-02,        -5.266357561767e+01
 2.61640000e+00,        -4.168403170454e-02,        -5.327054890154e+01
 2.61660000e+00,        -4.221630098115e-02,        -5.387987204056e+01
 2.61680000e+00,        -4.276229454888e-02,        -5.449164415771e+01
 2.61700000e+00,        -4.332188908640e-02,        -5.510595945414e+01
 2.61720000e+00,        -4.389497616615e-02,        -5.572290754374e+01
 2.61740000e+00,        -4.448146064394e-02,        -5.634257375528e+01
 2.61760000e+00,        -4.508125919829e-02,        -5.696503940532e+01
 2.61780000e+00,        -4.569429900120e-02,        -5.759038204486e+01
 2.61800000e+00,        -4.632051650539e-02,        -5.821867568228e+01
 2.61820000e+00,        -4.695985633361e-02,        -5.884999098500e+01
 2.61840000e+00,        -4.761227025877e-02,        -5.948439546171e+01
 2.61860000e+00,        -4.827771626418e-02,        -6.012195362709e+01
 2.61880000e+00,        -4.895615767477e-02,        -6.076272715071e+01
 2.61900000e+00,        -4.964756235138e-02,        -6.140677499136e+01
 2.61920000e+00,        -5.035190194104e-02,        -6.205415351835e+01
 2.61940000e+00,        -5.106915117684e-02,        -6.270491662069e+01
 2.61960000e+00,        -5.179928722239e-02,        -6.335911580543e+01
 2.61980000e+00,        -5.254228905537e-02,        -6.401680028589e+01
 2.62000000e+00,        -5.329813688664e-02,        -6.467801706079e+01
 2.62020000e+00,        -5.406681161047e-02,        -6.534281098491e+01
 2.62040000e+00,        -5.484829428323e-02,        -6.601122483211e+01
 2.62060000e+00,        -5.564256562696e-02,        -6.668329935118e+01
 2.62080000e+00,        -5.644960555582e-02,        -6.735907331524e+01
 2.62100000e+00,        -5.726939272275e-02,        -6.803858356506e+01
 2.62120000e+00,        -5.810190408447e-02,        -6.872186504693e+01
 2.62140000e+00,        -5.894711448314e-02,        -6.940895084539e+01
 2.62160000e+00,        -5.980499624311e-02,        -7.009987221124e+01
 2.62180000e+00,        -6.067551878115e-02,        -7.079465858521e+01
 2.62200000e+00,        -6.155864822960e-02,        -7.149333761772e+01
 2.62220000e+00,        -6.245434707072e-02,        -7.219593518477e+01
 2.62240000e+00,        -6.336257378205e-02,        -7.290247540058e+01
 2.62260000e+00,        -6.428328249148e-02,        -7.361298062699e+01
 2.62280000e+00,        -6.521642264197e-02,        -7.432747147999e+01
 2.62300000e+00,        -6.616193866495e-02,        -7.504596683361e+01
 2.62320000e+00,        -6.711976966236e-02,        -7.576848382129e+01
 2.62340000e+00,        -6.808984909684e-02,        -7.649503783510e+01
 2.62360000e+00,        -6.907210449005e-02,        -7.722564252279e+01
 2.62380000e+00,        -7.006645712873e-02,        -7.796030978308e+01
 2.62400000e+00,        -7.107282177867e-02,        -7.869904975918e+01
 2.62420000e+00,        -7.209110640655e-02,        -7.944187083077e+01
 2.62440000e+00,        -7.312121190973e-02,        -8.018877960464e+01
 2.62460000e+00,        -7.416303185395e-02,        -8.093978090409e+01
 2.62480000e+00,        -7.521645221957e-02,        -8.169487775719e+01
 2.62500000e+00,        -7.628135115605e-02,        -8.245407138421e+01
 2.62520000e+00,        -7.735759874540e-02,        -8.321736118412e+01
 2.62540000e+00,        -7.844505677461e-02,        -8.398474472049e+01
 2.62560000e+00,        -7.954357851779e-02,        -8.475621770681e+01
 2.62580000e+00,        -8.065300852796e-02,        -8.553177399138e+01
 2.62600000e+00,        -8.177318243947e-02,        -8.631140554193e+01
 2.62620000e+00,        -8.290392678101e-02,        -8.709510243002e+01
 2.62640000e+00,        -8.404505880000e-02,        -8.788285281537e+01
 2.62660000e+00,        -8.519638629898e-02,        -8.867464293030e+01
 2.62680000e+00,        -8.635770748419e-02,        -8.947045706423e+01
 2.62700000e+00,        -8.752881082705e-02,        -9.027027754855e+01
 2.62720000e+00,        -8.870947493947e-02,        -9.107408474180e+01
 2.62740000e+00,        -8.989946846294e-02,        -9.188185701540e+01
 2.62760000e+00,        -9.109854997227e-02,        -9.269357073992e+01
 2.62780000e+00,        -9.230646789497e-02,        -9.350920027207e+01
 2.62800000e+00,        -9.352296044608e-02,        -9.432871794253e+01
 2.62820000e+00,        -9.474775557960e-02,        -9.515209404461e+01
 2.62840000e+00,        -9.598057095692e-02,        -9.597929682404e+01
 2.62860000e+00,        -9.722111393297e-02,        -9.681029246966e+01
 2.62880000e+00,        -9.846908156019e-02,        -9.764504510556e+01
 2.62900000e+00,        -9.972416061139e-02,        -9.848351678430e+01
 2.62920000e+00,        -1.009860276218e-01,        -9.932566748163e+01
 2.62940000e+00,        -1.022543489505e-01,        -1.001714550926e+02
 2.62960000e+00,        -1.035287808622e-01,        -1.010208354295e+02
 2.62980000e+00,        -1.048089696294e-01,        -1.018737622208e+02
 2.63000000e+00,        -1.060945516551e-01,        -1.027301871127e+02
 2.63020000e+00,        -1.073851536177e-01,        -1.035900596717e+02
 2.63040000e+00,        -1.086803926358e-01,        -1.044533273896e+02
 2.63060000e+00,        -1.099798764565e-01,        -1.053199356901e+02
 2.63080000e+00,        -1.112832036639e-01,        -1.061898279374e+02
 2.63100000e+00,        -1.125899639106e-01,        -1.070629454473e+02
 2.63120000e+00,        -1.138997381714e-01,        -1.079392275000e+02
 2.63140000e+00,        -1.152120990180e-01,        -1.088186113551e+02
 2.63160000e+00,        -1.165266109170e-01,        -1.097010322693e+02
 2.63180000e+00,        -1.178428305487e-01,        -1.105864235157e+02
 2.63200000e+00,        -1.191603071483e-01,        -1.114747164061e+02
 2.63220000e+00,        -1.204785828677e-01,        -1.123658403149e+02
 2.63240000e+00,        -1.217971931592e-01,        -1.132597227063e+02
 2.63260000e+00,        -1.231156671790e-01,        -1.141562891631e+02
 2.63280000e+00,        -1.244335282111e-01,        -1.150554634181e+02
 2.63300000e+00,        -1.257502941111e-01,        -1.159571673885e+02
 2.63320000e+00,        -1.270654777675e-01,        -1.168613212119e+02
 2.63340000e+00,        -1.283785875831e-01,        -1.177678432850e+02
 2.63360000e+00,        -1.296891279716e-01,        -1.186766503053e+02
 2.63380000e+00,        -1.309965998723e-01,        -1.195876573141e+02
 2.63400000e+00,        -1.323005012787e-01,        -1.205007777429e+02
 2.63420000e+00,        -1.336003277831e-01,        -1.214159234615e+02
 2.63440000e+00,        -1.348955731329e-01,        -1.223330048288e+02
 2.63460000e+00,        -1.361857298003e-01,        -1.232519307451e+02
 2.63480000e+00,        -1.374702895620e-01,        -1.241726087080e+02
 2.63500000e+00,        -1.387487440890e-01,        -1.250949448688e+02
 2.63520000e+00,        -1.400205855447e-01,        -1.260188440922e+02
 2.63540000e+00,        -1.412853071893e-01,        -1.269442100176e+02
 2.63560000e+00,        -1.425424039901e-01,        -1.278709451219e+02
 2.63580000e+00,        -1.437913732357e-01,        -1.287989507851e+02
 2.63600000e+00,        -1.450317151526e-01,        -1.297281273565e+02
 2.63620000e+00,        -1.462629335227e-01,        -1.306583742235e+02
 2.63640000e+00,        -1.474845362996e-01,        -1.315895898815e+02
 2.63660000e+00,        -1.486960362237e-01,        -1.325216720052e+02
 2.63680000e+00,        -1.498969514324e-01,        -1.334545175216e+02
 2.63700000e+00,        -1.510868060659e-01,        -1.343880226835e+02
 2.63720000e+00,        -1.522651308646e-01,        -1.353220831450e+02
 2.63740000e+00,        -1.534314637596e-01,        -1.362565940373e+02
 2.63760000e+00,        -1.545853504515e-01,        -1.371914500456e+02
 2.63780000e+00,        -1.557263449786e-01,        -1.381265454865e+02
 2.63800000e+00,        -1.568540102714e-01,        -1.390617743862e+02
 2.63820000e+00,        -1.579679186926e-01,        -1.399970305591e+02
 2.63840000e+00,        -1.590676525611e-01,        -1.409322076864e+02
 2.63860000e+00,        -1.601528046586e-01,        -1.418671993954e+02
 2.63880000e+00,        -1.612229787172e-01,        -1.428018993382e+02
 2.63900000e+00,        -1.622777898877e-01,        -1.437362012709e+02
 2.63920000e+00,        -1.633168651861e-01,        -1.446699991318e+02
 2.63940000e+00,        -1.643398439181e-01,        -1.456031871198e+02
 2.63960000e+00,        -1.653463780808e-01,        -1.465356597721e+02
 2.63980000e+00,        -1.663361327393e-01,        -1.474673120411e+02
 2.64000000e+00,        -1.673087863791e-01,        -1.483980393705e+02
 2.64020000e+00,        -1.682640312327e-01,        -1.493277377705e+02
 2.64040000e+00,        -1.692015735788e-01,        -1.502563038923e+02
 2.64060000e+00,        -1.701211340156e-01,        -1.511836351003e+02
 2.64080000e+00,        -1.710224477058e-01,        -1.521096295443e+02
 2.64100000e+00,        -1.719052645943e-01,        -1.530341862296e+02
 2.64120000e+00,        -1.727693495969e-01,        -1.539572050853e+02
 2.64140000e+00,        -1.736144827617e-01,        -1.548785870317e+02
 2.64160000e+00,        -1.744404594010e-01,        -1.557982340449e+02
 2.64180000e+00,        -1.752470901949e-01,        -1.567160492209e+02
 2.64200000e+00,        -1.760342012677e-01,        -1.576319368363e+02
 2.64220000e+00,        -1.768016342340e-01,        -1.585458024081e+02
 2.64240000e+00,        -1.775492462192e-01,        -1.594575527505e+02
 2.64260000e+00,        -1.782769098504e-01,        -1.603670960305e+02
 2.64280000e+00,        -1.789845132219e-01,        -1.612743418203e+02
 2.64300000e+00,        -1.796719598328e-01,        -1.621792011479e+02
 2.64320000e+00,        -1.803391684998e-01,        -1.630815865452e+02
 2.64340000e+00,        -1.809860732438e-01,        -1.639814120937e+02
 2.64360000e+00,        -1.816126231524e-01,        -1.648785934677e+02
 2.64380000e+00,        -1.822187822192e-01,        -1.657730479753e+02
 2.64400000e+00,        -1.828045291589e-01,        -1.666646945964e+02
 2.64420000e+00,        -1.833698572022e-01,        -1.675534540186e+02
 2.64440000e+00,        -1.839147738682e-01,        -1.684392486700e+02
 2.64460000e+00,        -1.844393007182e-01,        -1.693220027504e+02
 2.64480000e+00,        -1.849434730896e-01,        -1.702016422591e+02
 2.64500000e+00,        -1.854273398123e-01,        -1.710780950202e+02
 2.64520000e+00,        -1.858909629091e-01,        -1.719512907059e+02
 2.64540000e+00,        -1.863344172793e-01,        -1.728211608570e+02
 2.64560000e+00,        -1.867577903693e-01,        -1.736876389005e+02
 2.64580000e+00,        -1.871611818285e-01,        -1.745506601656e+02
 2.64600000e+00,        -1.875447031541e-01,        -1.754101618963e+02
 2.64620000e+00,        -1.879084773248e-01,        -1.762660832623e+02
 2.64640000e+00,        -1.882526384246e-01,        -1.771183653676e+02
 2.64660000e+00,        -1.885773312578e-01,        -1.779669512557e+02
 2.64680000e+00,        -1.888827109567e-01,        -1.788117859141e+02
 2.64700000e+00,        -1.891689425832e-01,        -1.796528162757e+02
 2.64720000e+00,        -1.894362007245e-01,        +1.795100087824e+02
 2.64740000e+00,        -1.896846690852e-01,        +1.786767384408e+02
 2.64760000e+00,        -1.899145400762e-01,        +1.778474199431e+02
 2.64780000e+00,        -1.901260144009e-01,        +1.770220986025e+02
 2.64800000e+00,        -1.903193006409e-01,        +1.762008178103e+02
 2.64820000e+00,        -1.904946148414e-01,        +1.753836190462e+02
 2.64840000e+00,        -1.906521800973e-01,        +1.745705418909e+02
 2.64860000e+00,        -1.907922261406e-01,        +1.737616240396e+02
 2.64880000e+00,        -1.909149889308e-01,        +1.729569013177e+02
 2.64900000e+00,        -1.910207102483e-01,        +1.721564076976e+02
 2.64920000e+00,        -1.911096372916e-01,        +1.713601753173e+02
 2.64940000e+00,        -1.911820222798e-01,        +1.705682345004e+02
 2.64960000e+00,        -1.912381220598e-01,        +1.697806137770e+02
 2.64980000e+00,        -1.912781977198e-01,        +1.689973399062e+02
 2.65000000e+00,        -1.913025142098e-01,        +1.682184378998e+02
