        f (GHz),               I_inc[1] (A),               Re{I[1]} (A),               Im{I[1]} (A)
 2.44500000e+00,        +1.414213562373e-01,        +2.762088728122e-01,        +3.944158830727e-03
 2.44502000e+00,        +1.414213562373e-01,        +2.762173835985e-01,        +3.943198471950e-03
 2.44504000e+00,        +1.414213562373e-01,        +2.762258706949e-01,        +3.942216511720e-03
 2.44506000e+00,        +1.414213562373e-01,        +2.762343340835e-01,        +3.941213092194e-03
 2.44508000e+00,        +1.414213562373e-01,        +2.762427737471e-01,        +3.940188355096e-03
 2.44510000e+00,        +1.414213562373e-01,        +2.762511896688e-01,        +3.939142441710e-03
 2.44512000e+00,        +1.414213562373e-01,        +2.762595818327e-01,        +3.938075492886e-03
 2.44514000e+00,        +1.414213562373e-01,        +2.762679502230e-01,        +3.936987649037e-03
 2.44516000e+00,        +1.414213562373e-01,        +2.762762948249e-01,        +3.935879050135e-03
 2.44518000e+00,        +1.414213562373e-01,        +2.762846156240e-01,        +3.934749835719e-03
 2.44520000e+00,        +1.414213562373e-01,        +2.762929126064e-01,        +3.933600144886e-03
 2.44522000e+00,        +1.414213562373e-01,        +2.763011857588e-01,        +3.932430116297e-03
 2.44524000e+00,        +1.414213562373e-01,        +2.763094350686e-01,        +3.931239888174e-03
 2.44526000e+00,        +1.414213562373e-01,        +2.763176605235e-01,        +3.930029598299e-03
 2.44528000e+00,        +1.414213562373e-01,        +2.763258621119e-01,        +3.928799384019e-03
 2.44530000e+00,        +1.414213562373e-01,        +2.763340398228e-01,        +3.927549382237e-03
 2.44532000e+00,        +1.414213562373e-01,        +2.763421936455e-01,        +3.926279729422e-03
 2.44534000e+00,        +1.414213562373e-01,        +2.763503235701e-01,        +3.924990561602e-03
 2.44536000e+00,        +1.414213562373e-01,        +2.763584295870e-01,        +3.923682014367e-03
 2.44538000e+00,        +1.414213562373e-01,        +2.763665116874e-01,        +3.922354222866e-03
 2.44540000e+00,        +1.414213562373e-01,        +2.763745698627e-01,        +3.921007321813e-03
 2.44542000e+00,        +1.414213562373e-01,        +2.763826041049e-01,        +3.919641445481e-03
 2.44544000e+00,        +1.414213562373e-01,        +2.763906144066e-01,        +3.918256727706e-03
 2.44546000e+00,        +1.414213562373e-01,        +2.763986007610e-01,        +3.916853301884e-03
 2.44548000e+00,        +1.414213562373e-01,        +2.764065631615e-01,        +3.915431300975e-03
 2.44550000e+00,        +1.414213562373e-01,        +2.764145016021e-01,        +3.913990857500e-03
 2.44552000e+00,        +1.414213562373e-01,        +2.764224160775e-01,        +3.912532103544e-03
 2.44554000e+00,        +1.414213562373e-01,        +2.764303065825e-01,        +3.911055170753e-03
 2.44556000e+00,        +1.414213562373e-01,        +2.764381731128e-01,        +3.909560190337e-03
 2.44558000e+00,        +1.414213562373e-01,        +2.764460156642e-01,        +3.908047293070e-03
 2.44560000e+00,        +1.414213562373e-01,        +2.764538342333e-01,        +3.906516609289e-03
 2.44562000e+00,        +1.414213562373e-01,        +2.764616288168e-01,        +3.904968268897e-03
 2.44564000e+00,        +1.414213562373e-01,        +2.764693994122e-01,        +3.903402401359e-03
 2.44566000e+00,        +1.414213562373e-01,        +2.764771460172e-01,        +3.901819135707e-03
 2.44568000e+00,        +1.414213562373e-01,        +2.764848686302e-01,        +3.900218600538e-03
 2.44570000e+00,        +1.414213562373e-01,        +2.764925672498e-01,        +3.898600924016e-03
 2.44572000e+00,        +1.414213562373e-01,        +2.765002418751e-01,        +3.896966233871e-03
 2.44574000e+00,        +1.414213562373e-01,        +2.765078925058e-01,        +3.895314657400e-03
 2.44576000e+00,        +1.414213562373e-01,        +2.765155191419e-01,        +3.893646321470e-03
 2.44578000e+00,        +1.414213562373e-01,        +2.765231217839e-01,        +3.891961352512e-03
 2.44580000e+00,        +1.414213562373e-01,        +2.765307004325e-01,        +3.890259876530e-03
 2.44582000e+00,        +1.414213562373e-01,        +2.765382550891e-01,        +3.888542019098e-03
 2.44584000e+00,        +1.414213562373e-01,        +2.765457857555e-01,        +3.886807905356e-03
 2.44586000e+00,        +1.414213562373e-01,        +2.765532924337e-01,        +3.885057660020e-03
 2.44588000e+00,        +1.414213562373e-01,        +2.765607751262e-01,        +3.883291407375e-03
 2.44590000e+00,        +1.414213562373e-01,        +2.765682338361e-01,        +3.881509271279e-03
 2.44592000e+00,        +1.414213562373e-01,        +2.765756685666e-01,        +3.879711375164e-03
 2.44594000e+00,        +1.414213562373e-01,        +2.765830793214e-01,        +3.877897842036e-03
 2.44596000e+00,        +1.414213562373e-01,        +2.765904661048e-01,        +3.876068794475e-03
 2.44598000e+00,        +1.414213562373e-01,        +2.765978289212e-01,        +3.874224354637e-03
 2.44600000e+00,        +1.414213562373e-01,        +2.766051677755e-01,        +3.872364644254e-03
 2.44602000e+00,        +1.414213562373e-01,        +2.766124826730e-01,        +3.870489784638e-03
 2.44604000e+00,        +1.414213562373e-01,        +2.766197736194e-01,        +3.868599896677e-03
 2.44606000e+00,        +1.414213562373e-01,        +2.766270406206e-01,        +3.866695100837e-03
 2.44608000e+00,        +1.414213562373e-01,        +2.766342836831e-01,        +3.864775517166e-03
 2.44610000e+00,        +1.414213562373e-01,        +2.766415028137e-01,        +3.862841265294e-03
 2.44612000e+00,        +1.414213562373e-01,        +2.766486980194e-01,        +3.860892464430e-03
 2.44614000e+00,        +1.414213562373e-01,        +2.766558693078e-01,        +3.858929233368e-03
 2.44616000e+00,        +1.414213562373e-01,        +2.766630166867e-01,        +3.856951690486e-03
 2.44618000e+00,        +1.414213562373e-01,        +2.766701401642e-01,        +3.854959953745e-03
 2.44620000e+00,        +1.414213562373e-01,        +2.766772397490e-01,        +3.852954140694e-03
 2.44622000e+00,        +1.414213562373e-01,        +2.766843154498e-01,        +3.850934368468e-03
 2.44624000e+00,        +1.414213562373e-01,        +2.766913672760e-01,        +3.848900753790e-03
 2.44626000e+00,        +1.414213562373e-01,        +2.766983952370e-01,        +3.846853412972e-03
 2.44628000e+00,        +1.414213562373e-01,        +2.767053993428e-01,        +3.844792461916e-03
 2.44630000e+00,        +1.414213562373e-01,        +2.767123796036e-01,        +3.842718016117e-03
 2.44632000e+00,        +1.414213562373e-01,        +2.767193360299e-01,        +3.840630190660e-03
 2.44634000e+00,        +1.414213562373e-01,        +2.767262686326e-01,        +3.838529100224e-03
 2.44636000e+00,        +1.414213562373e-01,        +2.767331774229e-01,        +3.836414859083e-03
 2.44638000e+00,        +1.414213562373e-01,        +2.767400624122e-01,        +3.834287581107e-03
 2.44640000e+00,        +1.414213562373e-01,        +2.767469236125e-01,        +3.832147379764e-03
 2.44642000e+00,        +1.414213562373e-01,        +2.767537610357e-01,        +3.829994368116e-03
 2.44644000e+00,        +1.414213562373e-01,        +2.767605746945e-01,        +3.827828658829e-03
 2.44646000e+00,        +1.414213562373e-01,        +2.767673646014e-01,        +3.825650364167e-03
 2.44648000e+00,        +1.414213562373e-01,        +2.767741307695e-01,        +3.823459595997e-03
 2.44650000e+00,        +1.414213562373e-01,        +2.767808732122e-01,        +3.821256465786e-03
 2.44652000e+00,        +1.414213562373e-01,        +2.767875919430e-01,        +3.819041084610e-03
 2.44654000e+00,        +1.414213562373e-01,        +2.767942869759e-01,        +3.816813563146e-03
 2.44656000e+00,        +1.414213562373e-01,        +2.768009583252e-01,        +3.814574011680e-03
 2.44658000e+00,        +1.414213562373e-01,        +2.768076060052e-01,        +3.812322540105e-03
 2.44660000e+00,        +1.414213562373e-01,        +2.768142300307e-01,        +3.810059257924e-03
 2.44662000e+00,        +1.414213562373e-01,        +2.768208304169e-01,        +3.807784274251e-03
 2.44664000e+00,        +1.414213562373e-01,        +2.768274071789e-01,        +3.805497697810e-03
 2.44666000e+00,        +1.414213562373e-01,        +2.768339603325e-01,        +3.803199636938e-03
 2.44668000e+00,        +1.414213562373e-01,        +2.768404898934e-01,        +3.800890199590e-03
 2.44670000e+00,        +1.414213562373e-01,        +2.768469958778e-01,        +3.798569493333e-03
 2.44672000e+00,        +1.414213562373e-01,        +2.768534783021e-01,        +3.796237625354e-03
 2.44674000e+00,        +1.414213562373e-01,        +2.768599371829e-01,        +3.793894702455e-03
 2.44676000e+00,        +1.414213562373e-01,        +2.768663725372e-01,        +3.791540831061e-03
 2.44678000e+00,        +1.414213562373e-01,        +2.768727843822e-01,        +3.789176117218e-03
 2.44680000e+00,        +1.414213562373e-01,        +2.768791727351e-01,        +3.786800666593e-03
 2.44682000e+00,        +1.414213562373e-01,        +2.768855376138e-01,        +3.784414584477e-03
 2.44684000e+00,        +1.414213562373e-01,        +2.768918790361e-01,        +3.782017975789e-03
 2.44686000e+00,        +1.414213562373e-01,        +2.768981970202e-01,        +3.779610945072e-03
 2.44688000e+00,        +1.414213562373e-01,        +2.769044915844e-01,        +3.777193596498e-03
 2.44690000e+00,        +1.414213562373e-01,        +2.769107627475e-01,        +3.774766033870e-03
 2.44692000e+00,        +1.414213562373e-01,        +2.769170105284e-01,        +3.772328360619e-03
 2.44694000e+00,        +1.414213562373e-01,        +2.769232349460e-01,        +3.769880679812e-03
 2.44696000e+00,        +1.414213562373e-01,        +2.769294360198e-01,        +3.767423094148e-03
 2.44698000e+00,        +1.414213562373e-01,        +2.769356137694e-01,        +3.764955705961e-03
 2.44700000e+00,        +1.414213562373e-01,        +2.769417682144e-01,        +3.762478617223e-03
 2.44702000e+00,        +1.414213562373e-01,        +2.769478993751e-01,        +3.759991929543e-03
 2.44704000e+00,        +1.414213562373e-01,        +2.769540072716e-01,        +3.757495744171e-03
 2.44706000e+00,        +1.414213562373e-01,        +2.769600919243e-01,        +3.754990161998e-03
 2.44708000e+00,        +1.414213562373e-01,        +2.769661533540e-01,        +3.752475283556e-03
 2.44710000e+00,        +1.414213562373e-01,        +2.769721915816e-01,        +3.749951209024e-03
 2.44712000e+00,        +1.414213562373e-01,        +2.769782066281e-01,        +3.747418038223e-03
 2.44714000e+00,        +1.414213562373e-01,        +2.769841985149e-01,        +3.744875870625e-03
 2.44716000e+00,        +1.414213562373e-01,        +2.769901672635e-01,        +3.742324805348e-03
 2.44718000e+00,        +1.414213562373e-01,        +2.769961128956e-01,        +3.739764941160e-03
 2.44720000e+00,        +1.414213562373e-01,        +2.770020354332e-01,        +3.737196376483e-03
 2.44722000e+00,        +1.414213562373e-01,        +2.770079348984e-01,        +3.734619209389e-03
 2.44724000e+00,        +1.414213562373e-01,        +2.770138113136e-01,        +3.732033537607e-03
 2.44726000e+00,        +1.414213562373e-01,        +2.770196647012e-01,        +3.729439458522e-03
 2.44728000e+00,        +1.414213562373e-01,        +2.770254950840e-01,        +3.726837069174e-03
 2.44730000e+00,        +1.414213562373e-01,        +2.770313024850e-01,        +3.724226466265e-03
 2.44732000e+00,        +1.414213562373e-01,        +2.770370869271e-01,        +3.721607746157e-03
 2.44734000e+00,        +1.414213562373e-01,        +2.770428484338e-01,        +3.718981004873e-03
 2.44736000e+00,        +1.414213562373e-01,        +2.770485870285e-01,        +3.716346338102e-03
 2.44738000e+00,        +1.414213562373e-01,        +2.770543027348e-01,        +3.713703841196e-03
 2.44740000e+00,        +1.414213562373e-01,        +2.770599955767e-01,        +3.711053609175e-03
 2.44742000e+00,        +1.414213562373e-01,        +2.770656655781e-01,        +3.708395736727e-03
 2.44744000e+00,        +1.414213562373e-01,        +2.770713127633e-01,        +3.705730318210e-03
 2.44746000e+00,        +1.414213562373e-01,        +2.770769371566e-01,        +3.703057447653e-03
 2.44748000e+00,        +1.414213562373e-01,        +2.770825387826e-01,        +3.700377218758e-03
 2.44750000e+00,        +1.414213562373e-01,        +2.770881176660e-01,        +3.697689724903e-03
 2.44752000e+00,        +1.414213562373e-01,        +2.770936738317e-01,        +3.694995059140e-03
 2.44754000e+00,        +1.414213562373e-01,        +2.770992073049e-01,        +3.692293314199e-03
 2.44756000e+00,        +1.414213562373e-01,        +2.771047181106e-01,        +3.689584582490e-03
 2.44758000e+00,        +1.414213562373e-01,        +2.771102062744e-01,        +3.686868956104e-03
 2.44760000e+00,        +1.414213562373e-01,        +2.771156718219e-01,        +3.684146526813e-03
 2.44762000e+00,        +1.414213562373e-01,        +2.771211147786e-01,        +3.681417386072e-03
 2.44764000e+00,        +1.414213562373e-01,        +2.771265351705e-01,        +3.678681625024e-03
 2.44766000e+00,        +1.414213562373e-01,        +2.771319330238e-01,        +3.675939334497e-03
 2.44768000e+00,        +1.414213562373e-01,        +2.771373083645e-01,        +3.673190605008e-03
 2.44770000e+00,        +1.414213562373e-01,        +2.771426612190e-01,        +3.670435526764e-03
 2.44772000e+00,        +1.414213562373e-01,        +2.771479916139e-01,        +3.667674189664e-03
 2.44774000e+00,        +1.414213562373e-01,        +2.771532995757e-01,        +3.664906683298e-03
 2.44776000e+00,        +1.414213562373e-01,        +2.771585851314e-01,        +3.662133096954e-03
 2.44778000e+00,        +1.414213562373e-01,        +2.771638483079e-01,        +3.659353519613e-03
 2.44780000e+00,        +1.414213562373e-01,        +2.771690891323e-01,        +3.656568039956e-03
 2.44782000e+00,        +1.414213562373e-01,        +2.771743076318e-01,        +3.653776746362e-03
 2.44784000e+00,        +1.414213562373e-01,        +2.771795038338e-01,        +3.650979726911e-03
 2.44786000e+00,        +1.414213562373e-01,        +2.771846777660e-01,        +3.648177069387e-03
 2.44788000e+00,        +1.414213562373e-01,        +2.771898294559e-01,        +3.645368861276e-03
 2.44790000e+00,        +1.414213562373e-01,        +2.771949589315e-01,        +3.642555189770e-03
 2.44792000e+00,        +1.414213562373e-01,        +2.772000662206e-01,        +3.639736141768e-03
 2.44794000e+00,        +1.414213562373e-01,        +2.772051513514e-01,        +3.636911803879e-03
 2.44796000e+00,        +1.414213562373e-01,        +2.772102143521e-01,        +3.634082262420e-03
 2.44798000e+00,        +1.414213562373e-01,        +2.772152552510e-01,        +3.631247603421e-03
 2.44800000e+00,        +1.414213562373e-01,        +2.772202740768e-01,        +3.628407912624e-03
 2.44802000e+00,        +1.414213562373e-01,        +2.772252708579e-01,        +3.625563275488e-03
 2.44804000e+00,        +1.414213562373e-01,        +2.772302456232e-01,        +3.622713777187e-03
 2.44806000e+00,        +1.414213562373e-01,        +2.772351984016e-01,        +3.619859502611e-03
 2.44808000e+00,        +1.414213562373e-01,        +2.772401292221e-01,        +3.617000536373e-03
 2.44810000e+00,        +1.414213562373e-01,        +2.772450381138e-01,        +3.614136962803e-03
 2.44812000e+00,        +1.414213562373e-01,        +2.772499251061e-01,        +3.611268865958e-03
 2.44814000e+00,        +1.414213562373e-01,        +2.772547902282e-01,        +3.608396329614e-03
 2.44816000e+00,        +1.414213562373e-01,        +2.772596335098e-01,        +3.605519437276e-03
 2.44818000e+00,        +1.414213562373e-01,        +2.772644549805e-01,        +3.602638272175e-03
 2.44820000e+00,        +1.414213562373e-01,        +2.772692546700e-01,        +3.599752917270e-03
 2.44822000e+00,        +1.414213562373e-01,        +2.772740326083e-01,        +3.596863455251e-03
 2.44824000e+00,        +1.414213562373e-01,        +2.772787888252e-01,        +3.593969968537e-03
 2.44826000e+00,        +1.414213562373e-01,        +2.772835233511e-01,        +3.591072539284e-03
 2.44828000e+00,        +1.414213562373e-01,        +2.772882362160e-01,        +3.588171249379e-03
 2.44830000e+00,        +1.414213562373e-01,        +2.772929274503e-01,        +3.585266180447e-03
 2.44832000e+00,        +1.414213562373e-01,        +2.772975970846e-01,        +3.582357413851e-03
 2.44834000e+00,        +1.414213562373e-01,        +2.773022451494e-01,        +3.579445030691e-03
 2.44836000e+00,        +1.414213562373e-01,        +2.773068716753e-01,        +3.576529111808e-03
 2.44838000e+00,        +1.414213562373e-01,        +2.773114766932e-01,        +3.573609737787e-03
 2.44840000e+00,        +1.414213562373e-01,        +2.773160602340e-01,        +3.570686988954e-03
 2.44842000e+00,        +1.414213562373e-01,        +2.773206223287e-01,        +3.567760945383e-03
 2.44844000e+00,        +1.414213562373e-01,        +2.773251630085e-01,        +3.564831686890e-03
 2.44846000e+00,        +1.414213562373e-01,        +2.773296823046e-01,        +3.561899293043e-03
 2.44848000e+00,        +1.414213562373e-01,        +2.773341802483e-01,        +3.558963843157e-03
 2.44850000e+00,        +1.414213562373e-01,        +2.773386568710e-01,        +3.556025416300e-03
 2.44852000e+00,        +1.414213562373e-01,        +2.773431122045e-01,        +3.553084091290e-03
 2.44854000e+00,        +1.414213562373e-01,        +2.773475462802e-01,        +3.550139946700e-03
 2.44856000e+00,        +1.414213562373e-01,        +2.773519591300e-01,        +3.547193060858e-03
 2.44858000e+00,        +1.414213562373e-01,        +2.773563507858e-01,        +3.544243511848e-03
 2.44860000e+00,        +1.414213562373e-01,        +2.773607212795e-01,        +3.541291377515e-03
 2.44862000e+00,        +1.414213562373e-01,        +2.773650706431e-01,        +3.538336735458e-03
 2.44864000e+00,        +1.414213562373e-01,        +2.773693989089e-01,        +3.535379663043e-03
 2.44866000e+00,        +1.414213562373e-01,        +2.773737061091e-01,        +3.532420237395e-03
 2.44868000e+00,        +1.414213562373e-01,        +2.773779922762e-01,        +3.529458535402e-03
 2.44870000e+00,        +1.414213562373e-01,        +2.773822574425e-01,        +3.526494633721e-03
 2.44872000e+00,        +1.414213562373e-01,        +2.773865016406e-01,        +3.523528608771e-03
 2.44874000e+00,        +1.414213562373e-01,        +2.773907249032e-01,        +3.520560536743e-03
 2.44876000e+00,        +1.414213562373e-01,        +2.773949272630e-01,        +3.517590493595e-03
 2.44878000e+00,        +1.414213562373e-01,        +2.773991087530e-01,        +3.514618555058e-03
 2.44880000e+00,        +1.414213562373e-01,        +2.774032694060e-01,        +3.511644796631e-03
 2.44882000e+00,        +1.414213562373e-01,        +2.774074092551e-01,        +3.508669293593e-03
 2.44884000e+00,        +1.414213562373e-01,        +2.774115283335e-01,        +3.505692120991e-03
 2.44886000e+00,        +1.414213562373e-01,        +2.774156266743e-01,        +3.502713353655e-03
 2.44888000e+00,        +1.414213562373e-01,        +2.774197043109e-01,        +3.499733066187e-03
 2.44890000e+00,        +1.414213562373e-01,        +2.774237612767e-01,        +3.496751332972e-03
 2.44892000e+00,        +1.414213562373e-01,        +2.774277976053e-01,        +3.493768228173e-03
 2.44894000e+00,        +1.414213562373e-01,        +2.774318133301e-01,        +3.490783825736e-03
 2.44896000e+00,        +1.414213562373e-01,        +2.774358084850e-01,        +3.487798199391e-03
 2.44898000e+00,        +1.414213562373e-01,        +2.774397831036e-01,        +3.484811422651e-03
 2.44900000e+00,        +1.414213562373e-01,        +2.774437372199e-01,        +3.481823568814e-03
 2.44902000e+00,        +1.414213562373e-01,        +2.774476708678e-01,        +3.478834710967e-03
 2.44904000e+00,        +1.414213562373e-01,        +2.774515840813e-01,        +3.475844921984e-03
 2.44906000e+00,        +1.414213562373e-01,        +2.774554768947e-01,        +3.472854274530e-03
 2.44908000e+00,        +1.414213562373e-01,        +2.774593493421e-01,        +3.469862841061e-03
 2.44910000e+00,        +1.414213562373e-01,        +2.774632014578e-01,        +3.466870693824e-03
 2.44912000e+00,        +1.414213562373e-01,        +2.774670332762e-01,        +3.463877904860e-03
 2.44914000e+00,        +1.414213562373e-01,        +2.774708448319e-01,        +3.460884546005e-03
 2.44916000e+00,        +1.414213562373e-01,        +2.774746361593e-01,        +3.457890688893e-03
 2.44918000e+00,        +1.414213562373e-01,        +2.774784072932e-01,        +3.454896404952e-03
 2.44920000e+00,        +1.414213562373e-01,        +2.774821582683e-01,        +3.451901765411e-03
 2.44922000e+00,        +1.414213562373e-01,        +2.774858891194e-01,        +3.448906841299e-03
 2.44924000e+00,        +1.414213562373e-01,        +2.774895998815e-01,        +3.445911703446e-03
 2.44926000e+00,        +1.414213562373e-01,        +2.774932905895e-01,        +3.442916422483e-03
 2.44928000e+00,        +1.414213562373e-01,        +2.774969612785e-01,        +3.439921068846e-03
 2.44930000e+00,        +1.414213562373e-01,        +2.775006119837e-01,        +3.436925712777e-03
 2.44932000e+00,        +1.414213562373e-01,        +2.775042427404e-01,        +3.433930424321e-03
 2.44934000e+00,        +1.414213562373e-01,        +2.775078535839e-01,        +3.430935273332e-03
 2.44936000e+00,        +1.414213562373e-01,        +2.775114445495e-01,        +3.427940329475e-03
 2.44938000e+00,        +1.414213562373e-01,        +2.775150156729e-01,        +3.424945662220e-03
 2.44940000e+00,        +1.414213562373e-01,        +2.775185669896e-01,        +3.421951340851e-03
 2.44942000e+00,        +1.414213562373e-01,        +2.775220985353e-01,        +3.418957434464e-03
 2.44944000e+00,        +1.414213562373e-01,        +2.775256103457e-01,        +3.415964011966e-03
 2.44946000e+00,        +1.414213562373e-01,        +2.775291024567e-01,        +3.412971142082e-03
 2.44948000e+00,        +1.414213562373e-01,        +2.775325749042e-01,        +3.409978893350e-03
 2.44950000e+00,        +1.414213562373e-01,        +2.775360277242e-01,        +3.406987334125e-03
 2.44952000e+00,        +1.414213562373e-01,        +2.775394609527e-01,        +3.403996532580e-03
 2.44954000e+00,        +1.414213562373e-01,        +2.775428746261e-01,        +3.401006556707e-03
 2.44956000e+00,        +1.414213562373e-01,        +2.775462687804e-01,        +3.398017474320e-03
 2.44958000e+00,        +1.414213562373e-01,        +2.775496434521e-01,        +3.395029353051e-03
 2.44960000e+00,        +1.414213562373e-01,        +2.775529986776e-01,        +3.392042260357e-03
 2.44962000e+00,        +1.414213562373e-01,        +2.775563344933e-01,        +3.389056263516e-03
 2.44964000e+00,        +1.414213562373e-01,        +2.775596509358e-01,        +3.386071429634e-03
 2.44966000e+00,        +1.414213562373e-01,        +2.775629480419e-01,        +3.383087825638e-03
 2.44968000e+00,        +1.414213562373e-01,        +2.775662258483e-01,        +3.380105518287e-03
 2.44970000e+00,        +1.414213562373e-01,        +2.775694843917e-01,        +3.377124574163e-03
 2.44972000e+00,        +1.414213562373e-01,        +2.775727237091e-01,        +3.374145059680e-03
 2.44974000e+00,        +1.414213562373e-01,        +2.775759438375e-01,        +3.371167041079e-03
 2.44976000e+00,        +1.414213562373e-01,        +2.775791448140e-01,        +3.368190584436e-03
 2.44978000e+00,        +1.414213562373e-01,        +2.775823266757e-01,        +3.365215755656e-03
 2.44980000e+00,        +1.414213562373e-01,        +2.775854894598e-01,        +3.362242620476e-03
 2.44982000e+00,        +1.414213562373e-01,        +2.775886332038e-01,        +3.359271244470e-03
 2.44984000e+00,        +1.414213562373e-01,        +2.775917579449e-01,        +3.356301693045e-03
 2.44986000e+00,        +1.414213562373e-01,        +2.775948637207e-01,        +3.353334031444e-03
 2.44988000e+00,        +1.414213562373e-01,        +2.775979505688e-01,        +3.350368324748e-03
 2.44990000e+00,        +1.414213562373e-01,        +2.776010185267e-01,        +3.347404637875e-03
 2.44992000e+00,        +1.414213562373e-01,        +2.776040676323e-01,        +3.344443035583e-03
 2.44994000e+00,        +1.414213562373e-01,        +2.776070979234e-01,        +3.341483582469e-03
 2.44996000e+00,        +1.414213562373e-01,        +2.776101094379e-01,        +3.338526342970e-03
 2.44998000e+00,        +1.414213562373e-01,        +2.776131022136e-01,        +3.335571381366e-03
 2.45000000e+00,        +1.414213562373e-01,        +2.776160762888e-01,        +3.332618761780e-03
 2.45002000e+00,        +1.414213562373e-01,        +2.776190317016e-01,        +3.329668548178e-03
 2.45004000e+00,        +1.414213562373e-01,        +2.776219684902e-01,        +3.326720804369e-03
 2.45006000e+00,        +1.414213562373e-01,        +2.776248866930e-01,        +3.323775594012e-03
 2.45008000e+00,        +1.414213562373e-01,        +2.776277863482e-01,        +3.320832980606e-03
 2.45010000e+00,        +1.414213562373e-01,        +2.776306674945e-01,        +3.317893027502e-03
 2.45012000e+00,        +1.414213562373e-01,        +2.776335301705e-01,        +3.314955797897e-03
 2.45014000e+00,        +1.414213562373e-01,        +2.776363744146e-01,        +3.312021354838e-03
 2.45016000e+00,        +1.414213562373e-01,        +2.776392002658e-01,        +3.309089761222e-03
 2.45018000e+00,        +1.414213562373e-01,        +2.776420077629e-01,        +3.306161079794e-03
 2.45020000e+00,        +1.414213562373e-01,        +2.776447969447e-01,        +3.303235373153e-03
 2.45022000e+00,        +1.414213562373e-01,        +2.776475678503e-01,        +3.300312703751e-03
 2.45024000e+00,        +1.414213562373e-01,        +2.776503205187e-01,        +3.297393133890e-03
 2.45026000e+00,        +1.414213562373e-01,        +2.776530549892e-01,        +3.294476725728e-03
 2.45028000e+00,        +1.414213562373e-01,        +2.776557713010e-01,        +3.291563541278e-03
 2.45030000e+00,        +1.414213562373e-01,        +2.776584694934e-01,        +3.288653642408e-03
 2.45032000e+00,        +1.414213562373e-01,        +2.776611496059e-01,        +3.285747090842e-03
 2.45034000e+00,        +1.414213562373e-01,        +2.776638116781e-01,        +3.282843948161e-03
 2.45036000e+00,        +1.414213562373e-01,        +2.776664557494e-01,        +3.279944275804e-03
 2.45038000e+00,        +1.414213562373e-01,        +2.776690818597e-01,        +3.277048135068e-03
 2.45040000e+00,        +1.414213562373e-01,        +2.776716900488e-01,        +3.274155587111e-03
 2.45042000e+00,        +1.414213562373e-01,        +2.776742803564e-01,        +3.271266692949e-03
 2.45044000e+00,        +1.414213562373e-01,        +2.776768528226e-01,        +3.268381513459e-03
 2.45046000e+00,        +1.414213562373e-01,        +2.776794074875e-01,        +3.265500109380e-03
 2.45048000e+00,        +1.414213562373e-01,        +2.776819443911e-01,        +3.262622541314e-03
 2.45050000e+00,        +1.414213562373e-01,        +2.776844635738e-01,        +3.259748869724e-03
 2.45052000e+00,        +1.414213562373e-01,        +2.776869650758e-01,        +3.256879154938e-03
 2.45054000e+00,        +1.414213562373e-01,        +2.776894489376e-01,        +3.254013457146e-03
 2.45056000e+00,        +1.414213562373e-01,        +2.776919151998e-01,        +3.251151836404e-03
 2.45058000e+00,        +1.414213562373e-01,        +2.776943639028e-01,        +3.248294352635e-03
 2.45060000e+00,        +1.414213562373e-01,        +2.776967950875e-01,        +3.245441065625e-03
 2.45062000e+00,        +1.414213562373e-01,        +2.776992087946e-01,        +3.242592035029e-03
 2.45064000e+00,        +1.414213562373e-01,        +2.777016050650e-01,        +3.239747320368e-03
 2.45066000e+00,        +1.414213562373e-01,        +2.777039839397e-01,        +3.236906981032e-03
 2.45068000e+00,        +1.414213562373e-01,        +2.777063454598e-01,        +3.234071076277e-03
 2.45070000e+00,        +1.414213562373e-01,        +2.777086896664e-01,        +3.231239665230e-03
 2.45072000e+00,        +1.414213562373e-01,        +2.777110166008e-01,        +3.228412806888e-03
 2.45074000e+00,        +1.414213562373e-01,        +2.777133263044e-01,        +3.225590560117e-03
 2.45076000e+00,        +1.414213562373e-01,        +2.777156188187e-01,        +3.222772983654e-03
 2.45078000e+00,        +1.414213562373e-01,        +2.777178941851e-01,        +3.219960136107e-03
 2.45080000e+00,        +1.414213562373e-01,        +2.777201524454e-01,        +3.217152075955e-03
 2.45082000e+00,        +1.414213562373e-01,        +2.777223936413e-01,        +3.214348861551e-03
 2.45084000e+00,        +1.414213562373e-01,        +2.777246178147e-01,        +3.211550551120e-03
 2.45086000e+00,        +1.414213562373e-01,        +2.777268250075e-01,        +3.208757202759e-03
 2.45088000e+00,        +1.414213562373e-01,        +2.777290152618e-01,        +3.205968874439e-03
 2.45090000e+00,        +1.414213562373e-01,        +2.777311886197e-01,        +3.203185624007e-03
 2.45092000e+00,        +1.414213562373e-01,        +2.777333451235e-01,        +3.200407509183e-03
 2.45094000e+00,        +1.414213562373e-01,        +2.777354848156e-01,        +3.197634587561e-03
 2.45096000e+00,        +1.414213562373e-01,        +2.777376077383e-01,        +3.194866916613e-03
 2.45098000e+00,        +1.414213562373e-01,        +2.777397139343e-01,        +3.192104553684e-03
 2.45100000e+00,        +1.414213562373e-01,        +2.777418034462e-01,        +3.189347555998e-03
 2.45102000e+00,        +1.414213562373e-01,        +2.777438763167e-01,        +3.186595980653e-03
 2.45104000e+00,        +1.414213562373e-01,        +2.777459325889e-01,        +3.183849884627e-03
 2.45106000e+00,        +1.414213562373e-01,        +2.777479723055e-01,        +3.181109324772e-03
 2.45108000e+00,        +1.414213562373e-01,        +2.777499955098e-01,        +3.178374357820e-03
 2.45110000e+00,        +1.414213562373e-01,        +2.777520022449e-01,        +3.175645040380e-03
 2.45112000e+00,        +1.414213562373e-01,        +2.777539925541e-01,        +3.172921428941e-03
 2.45114000e+00,        +1.414213562373e-01,        +2.777559664807e-01,        +3.170203579869e-03
 2.45116000e+00,        +1.414213562373e-01,        +2.777579240684e-01,        +3.167491549409e-03
 2.45118000e+00,        +1.414213562373e-01,        +2.777598653607e-01,        +3.164785393686e-03
 2.45120000e+00,        +1.414213562373e-01,        +2.777617904013e-01,        +3.162085168706e-03
 2.45122000e+00,        +1.414213562373e-01,        +2.777636992341e-01,        +3.159390930352e-03
 2.45124000e+00,        +1.414213562373e-01,        +2.777655919030e-01,        +3.156702734389e-03
 2.45126000e+00,        +1.414213562373e-01,        +2.777674684521e-01,        +3.154020636461e-03
 2.45128000e+00,        +1.414213562373e-01,        +2.777693289255e-01,        +3.151344692095e-03
 2.45130000e+00,        +1.414213562373e-01,        +2.777711733676e-01,        +3.148674956697e-03
 2.45132000e+00,        +1.414213562373e-01,        +2.777730018227e-01,        +3.146011485554e-03
 2.45134000e+00,        +1.414213562373e-01,        +2.777748143353e-01,        +3.143354333834e-03
 2.45136000e+00,        +1.414213562373e-01,        +2.777766109501e-01,        +3.140703556588e-03
 2.45138000e+00,        +1.414213562373e-01,        +2.777783917117e-01,        +3.138059208749e-03
 2.45140000e+00,        +1.414213562373e-01,        +2.777801566651e-01,        +3.135421345128e-03
 2.45142000e+00,        +1.414213562373e-01,        +2.777819058552e-01,        +3.132790020421e-03
 2.45144000e+00,        +1.414213562373e-01,        +2.777836393271e-01,        +3.130165289207e-03
 2.45146000e+00,        +1.414213562373e-01,        +2.777853571259e-01,        +3.127547205943e-03
 2.45148000e+00,        +1.414213562373e-01,        +2.777870592971e-01,        +3.124935824974e-03
 2.45150000e+00,        +1.414213562373e-01,        +2.777887458860e-01,        +3.122331200521e-03
 2.45152000e+00,        +1.414213562373e-01,        +2.777904169382e-01,        +3.119733386693e-03
 2.45154000e+00,        +1.414213562373e-01,        +2.777920724994e-01,        +3.117142437478e-03
 2.45156000e+00,        +1.414213562373e-01,        +2.777937126154e-01,        +3.114558406749e-03
 2.45158000e+00,        +1.414213562373e-01,        +2.777953373320e-01,        +3.111981348260e-03
 2.45160000e+00,        +1.414213562373e-01,        +2.777969466955e-01,        +3.109411315647e-03
 2.45162000e+00,        +1.414213562373e-01,        +2.777985407518e-01,        +3.106848362431e-03
 2.45164000e+00,        +1.414213562373e-01,        +2.778001195473e-01,        +3.104292542015e-03
 2.45166000e+00,        +1.414213562373e-01,        +2.778016831285e-01,        +3.101743907682e-03
 2.45168000e+00,        +1.414213562373e-01,        +2.778032315418e-01,        +3.099202512603e-03
 2.45170000e+00,        +1.414213562373e-01,        +2.778047648339e-01,        +3.096668409826e-03
 2.45172000e+00,        +1.414213562373e-01,        +2.778062830516e-01,        +3.094141652285e-03
 2.45174000e+00,        +1.414213562373e-01,        +2.778077862418e-01,        +3.091622292796e-03
 2.45176000e+00,        +1.414213562373e-01,        +2.778092744517e-01,        +3.089110384057e-03
 2.45178000e+00,        +1.414213562373e-01,        +2.778107477282e-01,        +3.086605978648e-03
 2.45180000e+00,        +1.414213562373e-01,        +2.778122061188e-01,        +3.084109129033e-03
 2.45182000e+00,        +1.414213562373e-01,        +2.778136496710e-01,        +3.081619887556e-03
 2.45184000e+00,        +1.414213562373e-01,        +2.778150784321e-01,        +3.079138306444e-03
 2.45186000e+00,        +1.414213562373e-01,        +2.778164924500e-01,        +3.076664437807e-03
 2.45188000e+00,        +1.414213562373e-01,        +2.778178917725e-01,        +3.074198333635e-03
 2.45190000e+00,        +1.414213562373e-01,        +2.778192764476e-01,        +3.071740045801e-03
 2.45192000e+00,        +1.414213562373e-01,        +2.778206465233e-01,        +3.069289626059e-03
 2.45194000e+00,        +1.414213562373e-01,        +2.778220020478e-01,        +3.066847126043e-03
 2.45196000e+00,        +1.414213562373e-01,        +2.778233430696e-01,        +3.064412597269e-03
 2.45198000e+00,        +1.414213562373e-01,        +2.778246696372e-01,        +3.061986091136e-03
 2.45200000e+00,        +1.414213562373e-01,        +2.778259817991e-01,        +3.059567658920e-03
 2.45202000e+00,        +1.414213562373e-01,        +2.778272796041e-01,        +3.057157351779e-03
 2.45204000e+00,        +1.414213562373e-01,        +2.778285631013e-01,        +3.054755220752e-03
 2.45206000e+00,        +1.414213562373e-01,        +2.778298323395e-01,        +3.052361316756e-03
 2.45208000e+00,        +1.414213562373e-01,        +2.778310873681e-01,        +3.049975690588e-03
 2.45210000e+00,        +1.414213562373e-01,        +2.778323282363e-01,        +3.047598392926e-03
 2.45212000e+00,        +1.414213562373e-01,        +2.778335549937e-01,        +3.045229474325e-03
 2.45214000e+00,        +1.414213562373e-01,        +2.778347676897e-01,        +3.042868985219e-03
 2.45216000e+00,        +1.414213562373e-01,        +2.778359663743e-01,        +3.040516975922e-03
 2.45218000e+00,        +1.414213562373e-01,        +2.778371510973e-01,        +3.038173496622e-03
 2.45220000e+00,        +1.414213562373e-01,        +2.778383219087e-01,        +3.035838597389e-03
 2.45222000e+00,        +1.414213562373e-01,        +2.778394788587e-01,        +3.033512328167e-03
 2.45224000e+00,        +1.414213562373e-01,        +2.778406219977e-01,        +3.031194738779e-03
 2.45226000e+00,        +1.414213562373e-01,        +2.778417513762e-01,        +3.028885878924e-03
 2.45228000e+00,        +1.414213562373e-01,        +2.778428670447e-01,        +3.026585798174e-03
 2.45230000e+00,        +1.414213562373e-01,        +2.778439690541e-01,        +3.024294545981e-03
 2.45232000e+00,        +1.414213562373e-01,        +2.778450574553e-01,        +3.022012171670e-03
 2.45234000e+00,        +1.414213562373e-01,        +2.778461322993e-01,        +3.019738724439e-03
 2.45236000e+00,        +1.414213562373e-01,        +2.778471936374e-01,        +3.017474253364e-03
 2.45238000e+00,        +1.414213562373e-01,        +2.778482415210e-01,        +3.015218807391e-03
 2.45240000e+00,        +1.414213562373e-01,        +2.778492760015e-01,        +3.012972435342e-03
 2.45242000e+00,        +1.414213562373e-01,        +2.778502971307e-01,        +3.010735185909e-03
 2.45244000e+00,        +1.414213562373e-01,        +2.778513049604e-01,        +3.008507107658e-03
 2.45246000e+00,        +1.414213562373e-01,        +2.778522995426e-01,        +3.006288249026e-03
 2.45248000e+00,        +1.414213562373e-01,        +2.778532809293e-01,        +3.004078658322e-03
 2.45250000e+00,        +1.414213562373e-01,        +2.778542491730e-01,        +3.001878383723e-03
 2.45252000e+00,        +1.414213562373e-01,        +2.778552043260e-01,        +2.999687473278e-03
 2.45254000e+00,        +1.414213562373e-01,        +2.778561464410e-01,        +2.997505974906e-03
 2.45256000e+00,        +1.414213562373e-01,        +2.778570755706e-01,        +2.995333936391e-03
 2.45258000e+00,        +1.414213562373e-01,        +2.778579917679e-01,        +2.993171405389e-03
 2.45260000e+00,        +1.414213562373e-01,        +2.778588950860e-01,        +2.991018429422e-03
 2.45262000e+00,        +1.414213562373e-01,        +2.778597855779e-01,        +2.988875055877e-03
 2.45264000e+00,        +1.414213562373e-01,        +2.778606632972e-01,        +2.986741332011e-03
 2.45266000e+00,        +1.414213562373e-01,        +2.778615282974e-01,        +2.984617304941e-03
 2.45268000e+00,        +1.414213562373e-01,        +2.778623806322e-01,        +2.982503021655e-03
 2.45270000e+00,        +1.414213562373e-01,        +2.778632203556e-01,        +2.980398528999e-03
 2.45272000e+00,        +1.414213562373e-01,        +2.778640475214e-01,        +2.978303873686e-03
 2.45274000e+00,        +1.414213562373e-01,        +2.778648621840e-01,        +2.976219102291e-03
 2.45276000e+00,        +1.414213562373e-01,        +2.778656643977e-01,        +2.974144261249e-03
 2.45278000e+00,        +1.414213562373e-01,        +2.778664542171e-01,        +2.972079396859e-03
 2.45280000e+00,        +1.414213562373e-01,        +2.778672316967e-01,        +2.970024555277e-03
 2.45282000e+00,        +1.414213562373e-01,        +2.778679968916e-01,        +2.967979782521e-03
 2.45284000e+00,        +1.414213562373e-01,        +2.778687498568e-01,        +2.965945124466e-03
 2.45286000e+00,        +1.414213562373e-01,        +2.778694906473e-01,        +2.963920626846e-03
 2.45288000e+00,        +1.414213562373e-01,        +2.778702193187e-01,        +2.961906335251e-03
 2.45290000e+00,        +1.414213562373e-01,        +2.778709359263e-01,        +2.959902295128e-03
 2.45292000e+00,        +1.414213562373e-01,        +2.778716405261e-01,        +2.957908551778e-03
 2.45294000e+00,        +1.414213562373e-01,        +2.778723331737e-01,        +2.955925150358e-03
 2.45296000e+00,        +1.414213562373e-01,        +2.778730139252e-01,        +2.953952135878e-03
 2.45298000e+00,        +1.414213562373e-01,        +2.778736828369e-01,        +2.951989553200e-03
 2.45300000e+00,        +1.414213562373e-01,        +2.778743399652e-01,        +2.950037447037e-03
 2.45302000e+00,        +1.414213562373e-01,        +2.778749853665e-01,        +2.948095861956e-03
 2.45304000e+00,        +1.414213562373e-01,        +2.778756190977e-01,        +2.946164842370e-03
 2.45306000e+00,        +1.414213562373e-01,        +2.778762412156e-01,        +2.944244432544e-03
 2.45308000e+00,        +1.414213562373e-01,        +2.778768517773e-01,        +2.942334676587e-03
 2.45310000e+00,        +1.414213562373e-01,        +2.778774508400e-01,        +2.940435618460e-03
 2.45312000e+00,        +1.414213562373e-01,        +2.778780384613e-01,        +2.938547301966e-03
 2.45314000e+00,        +1.414213562373e-01,        +2.778786146986e-01,        +2.936669770753e-03
 2.45316000e+00,        +1.414213562373e-01,        +2.778791796097e-01,        +2.934803068316e-03
 2.45318000e+00,        +1.414213562373e-01,        +2.778797332527e-01,        +2.932947237990e-03
 2.45320000e+00,        +1.414213562373e-01,        +2.778802756855e-01,        +2.931102322953e-03
 2.45322000e+00,        +1.414213562373e-01,        +2.778808069666e-01,        +2.929268366222e-03
 2.45324000e+00,        +1.414213562373e-01,        +2.778813271545e-01,        +2.927445410656e-03
 2.45326000e+00,        +1.414213562373e-01,        +2.778818363077e-01,        +2.925633498952e-03
 2.45328000e+00,        +1.414213562373e-01,        +2.778823344851e-01,        +2.923832673643e-03
 2.45330000e+00,        +1.414213562373e-01,        +2.778828217458e-01,        +2.922042977099e-03
 2.45332000e+00,        +1.414213562373e-01,        +2.778832981490e-01,        +2.920264451527e-03
 2.45334000e+00,        +1.414213562373e-01,        +2.778837637540e-01,        +2.918497138964e-03
 2.45336000e+00,        +1.414213562373e-01,        +2.778842186204e-01,        +2.916741081285e-03
 2.45338000e+00,        +1.414213562373e-01,        +2.778846628079e-01,        +2.914996320192e-03
 2.45340000e+00,        +1.414213562373e-01,        +2.778850963766e-01,        +2.913262897220e-03
 2.45342000e+00,        +1.414213562373e-01,        +2.778855193864e-01,        +2.911540853734e-03
 2.45344000e+00,        +1.414213562373e-01,        +2.778859318976e-01,        +2.909830230924e-03
 2.45346000e+00,        +1.414213562373e-01,        +2.778863339709e-01,        +2.908131069811e-03
 2.45348000e+00,        +1.414213562373e-01,        +2.778867256667e-01,        +2.906443411238e-03
 2.45350000e+00,        +1.414213562373e-01,        +2.778871070461e-01,        +2.904767295874e-03
 2.45352000e+00,        +1.414213562373e-01,        +2.778874781699e-01,        +2.903102764211e-03
 2.45354000e+00,        +1.414213562373e-01,        +2.778878390994e-01,        +2.901449856563e-03
 2.45356000e+00,        +1.414213562373e-01,        +2.778881898960e-01,        +2.899808613065e-03
 2.45358000e+00,        +1.414213562373e-01,        +2.778885306213e-01,        +2.898179073669e-03
 2.45360000e+00,        +1.414213562373e-01,        +2.778888613370e-01,        +2.896561278148e-03
 2.45362000e+00,        +1.414213562373e-01,        +2.778891821052e-01,        +2.894955266090e-03
 2.45364000e+00,        +1.414213562373e-01,        +2.778894929879e-01,        +2.893361076898e-03
 2.45366000e+00,        +1.414213562373e-01,        +2.778897940476e-01,        +2.891778749790e-03
 2.45368000e+00,        +1.414213562373e-01,        +2.778900853466e-01,        +2.890208323795e-03
 2.45370000e+00,        +1.414213562373e-01,        +2.778903669478e-01,        +2.888649837754e-03
 2.45372000e+00,        +1.414213562373e-01,        +2.778906389139e-01,        +2.887103330318e-03
 2.45374000e+00,        +1.414213562373e-01,        +2.778909013082e-01,        +2.885568839947e-03
 2.45376000e+00,        +1.414213562373e-01,        +2.778911541938e-01,        +2.884046404907e-03
 2.45378000e+00,        +1.414213562373e-01,        +2.778913976343e-01,        +2.882536063269e-03
 2.45380000e+00,        +1.414213562373e-01,        +2.778916316932e-01,        +2.881037852909e-03
 2.45382000e+00,        +1.414213562373e-01,        +2.778918564344e-01,        +2.879551811506e-03
 2.45384000e+00,        +1.414213562373e-01,        +2.778920719220e-01,        +2.878077976538e-03
 2.45386000e+00,        +1.414213562373e-01,        +2.778922782202e-01,        +2.876616385286e-03
 2.45388000e+00,        +1.414213562373e-01,        +2.778924753933e-01,        +2.875167074828e-03
 2.45390000e+00,        +1.414213562373e-01,        +2.778926635060e-01,        +2.873730082036e-03
 2.45392000e+00,        +1.414213562373e-01,        +2.778928426230e-01,        +2.872305443582e-03
 2.45394000e+00,        +1.414213562373e-01,        +2.778930128094e-01,        +2.870893195927e-03
 2.45396000e+00,        +1.414213562373e-01,        +2.778931741302e-01,        +2.869493375327e-03
 2.45398000e+00,        +1.414213562373e-01,        +2.778933266510e-01,        +2.868106017829e-03
 2.45400000e+00,        +1.414213562373e-01,        +2.778934704371e-01,        +2.866731159266e-03
 2.45402000e+00,        +1.414213562373e-01,        +2.778936055544e-01,        +2.865368835262e-03
 2.45404000e+00,        +1.414213562373e-01,        +2.778937320688e-01,        +2.864019081225e-03
 2.45406000e+00,        +1.414213562373e-01,        +2.778938500464e-01,        +2.862681932348e-03
 2.45408000e+00,        +1.414213562373e-01,        +2.778939595535e-01,        +2.861357423605e-03
 2.45410000e+00,        +1.414213562373e-01,        +2.778940606567e-01,        +2.860045589754e-03
 2.45412000e+00,        +1.414213562373e-01,        +2.778941534226e-01,        +2.858746465330e-03
 2.45414000e+00,        +1.414213562373e-01,        +2.778942379181e-01,        +2.857460084648e-03
 2.45416000e+00,        +1.414213562373e-01,        +2.778943142104e-01,        +2.856186481797e-03
 2.45418000e+00,        +1.414213562373e-01,        +2.778943823665e-01,        +2.854925690643e-03
 2.45420000e+00,        +1.414213562373e-01,        +2.778944424542e-01,        +2.853677744821e-03
 2.45422000e+00,        +1.414213562373e-01,        +2.778944945409e-01,        +2.852442677743e-03
 2.45424000e+00,        +1.414213562373e-01,        +2.778945386946e-01,        +2.851220522585e-03
 2.45426000e+00,        +1.414213562373e-01,        +2.778945749832e-01,        +2.850011312294e-03
 2.45428000e+00,        +1.414213562373e-01,        +2.778946034750e-01,        +2.848815079581e-03
 2.45430000e+00,        +1.414213562373e-01,        +2.778946242385e-01,        +2.847631856925e-03
 2.45432000e+00,        +1.414213562373e-01,        +2.778946373422e-01,        +2.846461676565e-03
 2.45434000e+00,        +1.414213562373e-01,        +2.778946428549e-01,        +2.845304570500e-03
 2.45436000e+00,        +1.414213562373e-01,        +2.778946408456e-01,        +2.844160570491e-03
 2.45438000e+00,        +1.414213562373e-01,        +2.778946313836e-01,        +2.843029708055e-03
 2.45440000e+00,        +1.414213562373e-01,        +2.778946145381e-01,        +2.841912014464e-03
 2.45442000e+00,        +1.414213562373e-01,        +2.778945903787e-01,        +2.840807520746e-03
 2.45444000e+00,        +1.414213562373e-01,        +2.778945589753e-01,        +2.839716257680e-03
 2.45446000e+00,        +1.414213562373e-01,        +2.778945203976e-01,        +2.838638255795e-03
 2.45448000e+00,        +1.414213562373e-01,        +2.778944747159e-01,        +2.837573545369e-03
 2.45450000e+00,        +1.414213562373e-01,        +2.778944220005e-01,        +2.836522156428e-03
 2.45452000e+00,        +1.414213562373e-01,        +2.778943623219e-01,        +2.835484118741e-03
 2.45454000e+00,        +1.414213562373e-01,        +2.778942957507e-01,        +2.834459461821e-03
 2.45456000e+00,        +1.414213562373e-01,        +2.778942223579e-01,        +2.833448214923e-03
 2.45458000e+00,        +1.414213562373e-01,        +2.778941422146e-01,        +2.832450407040e-03
 2.45460000e+00,        +1.414213562373e-01,        +2.778940553919e-01,        +2.831466066905e-03
 2.45462000e+00,        +1.414213562373e-01,        +2.778939619614e-01,        +2.830495222985e-03
 2.45464000e+00,        +1.414213562373e-01,        +2.778938619946e-01,        +2.829537903482e-03
 2.45466000e+00,        +1.414213562373e-01,        +2.778937555635e-01,        +2.828594136328e-03
 2.45468000e+00,        +1.414213562373e-01,        +2.778936427399e-01,        +2.827663949188e-03
 2.45470000e+00,        +1.414213562373e-01,        +2.778935235961e-01,        +2.826747369454e-03
 2.45472000e+00,        +1.414213562373e-01,        +2.778933982045e-01,        +2.825844424244e-03
 2.45474000e+00,        +1.414213562373e-01,        +2.778932666376e-01,        +2.824955140403e-03
 2.45476000e+00,        +1.414213562373e-01,        +2.778931289682e-01,        +2.824079544495e-03
 2.45478000e+00,        +1.414213562373e-01,        +2.778929852692e-01,        +2.823217662808e-03
 2.45480000e+00,        +1.414213562373e-01,        +2.778928356137e-01,        +2.822369521346e-03
 2.45482000e+00,        +1.414213562373e-01,        +2.778926800749e-01,        +2.821535145834e-03
 2.45484000e+00,        +1.414213562373e-01,        +2.778925187264e-01,        +2.820714561707e-03
 2.45486000e+00,        +1.414213562373e-01,        +2.778923516419e-01,        +2.819907794118e-03
 2.45488000e+00,        +1.414213562373e-01,        +2.778921788951e-01,        +2.819114867927e-03
 2.45490000e+00,        +1.414213562373e-01,        +2.778920005601e-01,        +2.818335807706e-03
 2.45492000e+00,        +1.414213562373e-01,        +2.778918167110e-01,        +2.817570637734e-03
 2.45494000e+00,        +1.414213562373e-01,        +2.778916274223e-01,        +2.816819381994e-03
 2.45496000e+00,        +1.414213562373e-01,        +2.778914327685e-01,        +2.816082064173e-03
 2.45498000e+00,        +1.414213562373e-01,        +2.778912328242e-01,        +2.815358707659e-03
 2.45500000e+00,        +1.414213562373e-01,        +2.778910276645e-01,        +2.814649335542e-03
 2.45502000e+00,        +1.414213562373e-01,        +2.778908173644e-01,        +2.813953970606e-03
 2.45504000e+00,        +1.414213562373e-01,        +2.778906019992e-01,        +2.813272635333e-03
 2.45506000e+00,        +1.414213562373e-01,        +2.778903816442e-01,        +2.812605351898e-03
 2.45508000e+00,        +1.414213562373e-01,        +2.778901563750e-01,        +2.811952142166e-03
 2.45510000e+00,        +1.414213562373e-01,        +2.778899262676e-01,        +2.811313027695e-03
 2.45512000e+00,        +1.414213562373e-01,        +2.778896913977e-01,        +2.810688029726e-03
 2.45514000e+00,        +1.414213562373e-01,        +2.778894518415e-01,        +2.810077169191e-03
 2.45516000e+00,        +1.414213562373e-01,        +2.778892076753e-01,        +2.809480466701e-03
 2.45518000e+00,        +1.414213562373e-01,        +2.778889589756e-01,        +2.808897942551e-03
 2.45520000e+00,        +1.414213562373e-01,        +2.778887058188e-01,        +2.808329616716e-03
 2.45522000e+00,        +1.414213562373e-01,        +2.778884482820e-01,        +2.807775508848e-03
 2.45524000e+00,        +1.414213562373e-01,        +2.778881864419e-01,        +2.807235638274e-03
 2.45526000e+00,        +1.414213562373e-01,        +2.778879203758e-01,        +2.806710023995e-03
 2.45528000e+00,        +1.414213562373e-01,        +2.778876501608e-01,        +2.806198684686e-03
 2.45530000e+00,        +1.414213562373e-01,        +2.778873758744e-01,        +2.805701638688e-03
 2.45532000e+00,        +1.414213562373e-01,        +2.778870975943e-01,        +2.805218904013e-03
 2.45534000e+00,        +1.414213562373e-01,        +2.778868153982e-01,        +2.804750498336e-03
 2.45536000e+00,        +1.414213562373e-01,        +2.778865293640e-01,        +2.804296438998e-03
 2.45538000e+00,        +1.414213562373e-01,        +2.778862395698e-01,        +2.803856743000e-03
 2.45540000e+00,        +1.414213562373e-01,        +2.778859460938e-01,        +2.803431427004e-03
 2.45542000e+00,        +1.414213562373e-01,        +2.778856490144e-01,        +2.803020507328e-03
 2.45544000e+00,        +1.414213562373e-01,        +2.778853484103e-01,        +2.802623999947e-03
 2.45546000e+00,        +1.414213562373e-01,        +2.778850443599e-01,        +2.802241920491e-03
 2.45548000e+00,        +1.414213562373e-01,        +2.778847369423e-01,        +2.801874284238e-03
 2.45550000e+00,        +1.414213562373e-01,        +2.778844262364e-01,        +2.801521106120e-03
 2.45552000e+00,        +1.414213562373e-01,        +2.778841123214e-01,        +2.801182400713e-03
 2.45554000e+00,        +1.414213562373e-01,        +2.778837952766e-01,        +2.800858182240e-03
 2.45556000e+00,        +1.414213562373e-01,        +2.778834751813e-01,        +2.800548464570e-03
 2.45558000e+00,        +1.414213562373e-01,        +2.778831521152e-01,        +2.800253261210e-03
 2.45560000e+00,        +1.414213562373e-01,        +2.778828261581e-01,        +2.799972585309e-03
 2.45562000e+00,        +1.414213562373e-01,        +2.778824973898e-01,        +2.799706449654e-03
 2.45564000e+00,        +1.414213562373e-01,        +2.778821658903e-01,        +2.799454866666e-03
 2.45566000e+00,        +1.414213562373e-01,        +2.778818317397e-01,        +2.799217848401e-03
 2.45568000e+00,        +1.414213562373e-01,        +2.778814950184e-01,        +2.798995406547e-03
 2.45570000e+00,        +1.414213562373e-01,        +2.778811558068e-01,        +2.798787552422e-03
 2.45572000e+00,        +1.414213562373e-01,        +2.778808141855e-01,        +2.798594296970e-03
 2.45574000e+00,        +1.414213562373e-01,        +2.778804702350e-01,        +2.798415650764e-03
 2.45576000e+00,        +1.414213562373e-01,        +2.778801240364e-01,        +2.798251623998e-03
 2.45578000e+00,        +1.414213562373e-01,        +2.778797756704e-01,        +2.798102226489e-03
 2.45580000e+00,        +1.414213562373e-01,        +2.778794252183e-01,        +2.797967467676e-03
 2.45582000e+00,        +1.414213562373e-01,        +2.778790727611e-01,        +2.797847356614e-03
 2.45584000e+00,        +1.414213562373e-01,        +2.778787183803e-01,        +2.797741901974e-03
 2.45586000e+00,        +1.414213562373e-01,        +2.778783621573e-01,        +2.797651112042e-03
 2.45588000e+00,        +1.414213562373e-01,        +2.778780041737e-01,        +2.797574994716e-03
 2.45590000e+00,        +1.414213562373e-01,        +2.778776445111e-01,        +2.797513557506e-03
 2.45592000e+00,        +1.414213562373e-01,        +2.778772832514e-01,        +2.797466807529e-03
 2.45594000e+00,        +1.414213562373e-01,        +2.778769204765e-01,        +2.797434751507e-03
 2.45596000e+00,        +1.414213562373e-01,        +2.778765562684e-01,        +2.797417395770e-03
 2.45598000e+00,        +1.414213562373e-01,        +2.778761907093e-01,        +2.797414746249e-03
 2.45600000e+00,        +1.414213562373e-01,        +2.778758238815e-01,        +2.797426808476e-03
 2.45602000e+00,        +1.414213562373e-01,        +2.778754558673e-01,        +2.797453587582e-03
 2.45604000e+00,        +1.414213562373e-01,        +2.778750867492e-01,        +2.797495088296e-03
 2.45606000e+00,        +1.414213562373e-01,        +2.778747166098e-01,        +2.797551314942e-03
 2.45608000e+00,        +1.414213562373e-01,        +2.778743455318e-01,        +2.797622271437e-03
 2.45610000e+00,        +1.414213562373e-01,        +2.778739735979e-01,        +2.797707961289e-03
 2.45612000e+00,        +1.414213562373e-01,        +2.778736008910e-01,        +2.797808387598e-03
 2.45614000e+00,        +1.414213562373e-01,        +2.778732274941e-01,        +2.797923553050e-03
 2.45616000e+00,        +1.414213562373e-01,        +2.778728534903e-01,        +2.798053459918e-03
 2.45618000e+00,        +1.414213562373e-01,        +2.778724789627e-01,        +2.798198110060e-03
 2.45620000e+00,        +1.414213562373e-01,        +2.778721039946e-01,        +2.798357504915e-03
 2.45622000e+00,        +1.414213562373e-01,        +2.778717286693e-01,        +2.798531645504e-03
 2.45624000e+00,        +1.414213562373e-01,        +2.778713530702e-01,        +2.798720532427e-03
 2.45626000e+00,        +1.414213562373e-01,        +2.778709772809e-01,        +2.798924165862e-03
 2.45628000e+00,        +1.414213562373e-01,        +2.778706013848e-01,        +2.799142545560e-03
 2.45630000e+00,        +1.414213562373e-01,        +2.778702254658e-01,        +2.799375670849e-03
 2.45632000e+00,        +1.414213562373e-01,        +2.778698496074e-01,        +2.799623540628e-03
 2.45634000e+00,        +1.414213562373e-01,        +2.778694738936e-01,        +2.799886153364e-03
 2.45636000e+00,        +1.414213562373e-01,        +2.778690984082e-01,        +2.800163507097e-03
 2.45638000e+00,        +1.414213562373e-01,        +2.778687232351e-01,        +2.800455599431e-03
 2.45640000e+00,        +1.414213562373e-01,        +2.778683484584e-01,        +2.800762427537e-03
 2.45642000e+00,        +1.414213562373e-01,        +2.778679741622e-01,        +2.801083988149e-03
 2.45644000e+00,        +1.414213562373e-01,        +2.778676004305e-01,        +2.801420277564e-03
 2.45646000e+00,        +1.414213562373e-01,        +2.778672273477e-01,        +2.801771291637e-03
 2.45648000e+00,        +1.414213562373e-01,        +2.778668549979e-01,        +2.802137025785e-03
 2.45650000e+00,        +1.414213562373e-01,        +2.778664834654e-01,        +2.802517474981e-03
 2.45652000e+00,        +1.414213562373e-01,        +2.778661128347e-01,        +2.802912633753e-03
 2.45654000e+00,        +1.414213562373e-01,        +2.778657431901e-01,        +2.803322496185e-03
 2.45656000e+00,        +1.414213562373e-01,        +2.778653746160e-01,        +2.803747055912e-03
 2.45658000e+00,        +1.414213562373e-01,        +2.778650071971e-01,        +2.804186306122e-03
 2.45660000e+00,        +1.414213562373e-01,        +2.778646410177e-01,        +2.804640239550e-03
 2.45662000e+00,        +1.414213562373e-01,        +2.778642761626e-01,        +2.805108848481e-03
 2.45664000e+00,        +1.414213562373e-01,        +2.778639127163e-01,        +2.805592124746e-03
 2.45666000e+00,        +1.414213562373e-01,        +2.778635507634e-01,        +2.806090059723e-03
 2.45668000e+00,        +1.414213562373e-01,        +2.778631903887e-01,        +2.806602644330e-03
 2.45670000e+00,        +1.414213562373e-01,        +2.778628316768e-01,        +2.807129869031e-03
 2.45672000e+00,        +1.414213562373e-01,        +2.778624747125e-01,        +2.807671723830e-03
 2.45674000e+00,        +1.414213562373e-01,        +2.778621195805e-01,        +2.808228198269e-03
 2.45676000e+00,        +1.414213562373e-01,        +2.778617663656e-01,        +2.808799281430e-03
 2.45678000e+00,        +1.414213562373e-01,        +2.778614151525e-01,        +2.809384961931e-03
 2.45680000e+00,        +1.414213562373e-01,        +2.778610660261e-01,        +2.809985227927e-03
 2.45682000e+00,        +1.414213562373e-01,        +2.778607190712e-01,        +2.810600067105e-03
 2.45684000e+00,        +1.414213562373e-01,        +2.778603743726e-01,        +2.811229466687e-03
 2.45686000e+00,        +1.414213562373e-01,        +2.778600320150e-01,        +2.811873413425e-03
 2.45688000e+00,        +1.414213562373e-01,        +2.778596920834e-01,        +2.812531893604e-03
 2.45690000e+00,        +1.414213562373e-01,        +2.778593546626e-01,        +2.813204893035e-03
 2.45692000e+00,        +1.414213562373e-01,        +2.778590198372e-01,        +2.813892397061e-03
 2.45694000e+00,        +1.414213562373e-01,        +2.778586876923e-01,        +2.814594390548e-03
 2.45696000e+00,        +1.414213562373e-01,        +2.778583583125e-01,        +2.815310857890e-03
 2.45698000e+00,        +1.414213562373e-01,        +2.778580317826e-01,        +2.816041783006e-03
 2.45700000e+00,        +1.414213562373e-01,        +2.778577081874e-01,        +2.816787149337e-03
 2.45702000e+00,        +1.414213562373e-01,        +2.778573876117e-01,        +2.817546939848e-03
 2.45704000e+00,        +1.414213562373e-01,        +2.778570701401e-01,        +2.818321137025e-03
 2.45706000e+00,        +1.414213562373e-01,        +2.778567558573e-01,        +2.819109722873e-03
 2.45708000e+00,        +1.414213562373e-01,        +2.778564448481e-01,        +2.819912678919e-03
 2.45710000e+00,        +1.414213562373e-01,        +2.778561371970e-01,        +2.820729986206e-03
 2.45712000e+00,        +1.414213562373e-01,        +2.778558329887e-01,        +2.821561625296e-03
 2.45714000e+00,        +1.414213562373e-01,        +2.778555323077e-01,        +2.822407576267e-03
 2.45716000e+00,        +1.414213562373e-01,        +2.778552352385e-01,        +2.823267818713e-03
 2.45718000e+00,        +1.414213562373e-01,        +2.778549418655e-01,        +2.824142331742e-03
 2.45720000e+00,        +1.414213562373e-01,        +2.778546522733e-01,        +2.825031093977e-03
 2.45722000e+00,        +1.414213562373e-01,        +2.778543665461e-01,        +2.825934083552e-03
 2.45724000e+00,        +1.414213562373e-01,        +2.778540847683e-01,        +2.826851278116e-03
 2.45726000e+00,        +1.414213562373e-01,        +2.778538070241e-01,        +2.827782654828e-03
 2.45728000e+00,        +1.414213562373e-01,        +2.778535333977e-01,        +2.828728190358e-03
 2.45730000e+00,        +1.414213562373e-01,        +2.778532639733e-01,        +2.829687860885e-03
 2.45732000e+00,        +1.414213562373e-01,        +2.778529988349e-01,        +2.830661642099e-03
 2.45734000e+00,        +1.414213562373e-01,        +2.778527380664e-01,        +2.831649509199e-03
 2.45736000e+00,        +1.414213562373e-01,        +2.778524817518e-01,        +2.832651436889e-03
 2.45738000e+00,        +1.414213562373e-01,        +2.778522299749e-01,        +2.833667399385e-03
 2.45740000e+00,        +1.414213562373e-01,        +2.778519828195e-01,        +2.834697370405e-03
 2.45742000e+00,        +1.414213562373e-01,        +2.778517403691e-01,        +2.835741323178e-03
 2.45744000e+00,        +1.414213562373e-01,        +2.778515027074e-01,        +2.836799230435e-03
 2.45746000e+00,        +1.414213562373e-01,        +2.778512699179e-01,        +2.837871064414e-03
 2.45748000e+00,        +1.414213562373e-01,        +2.778510420838e-01,        +2.838956796859e-03
 2.45750000e+00,        +1.414213562373e-01,        +2.778508192886e-01,        +2.840056399016e-03
 2.45752000e+00,        +1.414213562373e-01,        +2.778506016153e-01,        +2.841169841636e-03
 2.45754000e+00,        +1.414213562373e-01,        +2.778503891470e-01,        +2.842297094975e-03
 2.45756000e+00,        +1.414213562373e-01,        +2.778501819667e-01,        +2.843438128791e-03
 2.45758000e+00,        +1.414213562373e-01,        +2.778499801572e-01,        +2.844592912345e-03
 2.45760000e+00,        +1.414213562373e-01,        +2.778497838012e-01,        +2.845761414401e-03
 2.45762000e+00,        +1.414213562373e-01,        +2.778495929814e-01,        +2.846943603225e-03
 2.45764000e+00,        +1.414213562373e-01,        +2.778494077801e-01,        +2.848139446588e-03
 2.45766000e+00,        +1.414213562373e-01,        +2.778492282798e-01,        +2.849348911759e-03
 2.45768000e+00,        +1.414213562373e-01,        +2.778490545625e-01,        +2.850571965512e-03
 2.45770000e+00,        +1.414213562373e-01,        +2.778488867105e-01,        +2.851808574121e-03
 2.45772000e+00,        +1.414213562373e-01,        +2.778487248057e-01,        +2.853058703365e-03
 2.45774000e+00,        +1.414213562373e-01,        +2.778485689297e-01,        +2.854322318520e-03
 2.45776000e+00,        +1.414213562373e-01,        +2.778484191643e-01,        +2.855599384368e-03
 2.45778000e+00,        +1.414213562373e-01,        +2.778482755909e-01,        +2.856889865190e-03
 2.45780000e+00,        +1.414213562373e-01,        +2.778481382909e-01,        +2.858193724770e-03
 2.45782000e+00,        +1.414213562373e-01,        +2.778480073454e-01,        +2.859510926395e-03
 2.45784000e+00,        +1.414213562373e-01,        +2.778478828355e-01,        +2.860841432852e-03
 2.45786000e+00,        +1.414213562373e-01,        +2.778477648420e-01,        +2.862185206431e-03
 2.45788000e+00,        +1.414213562373e-01,        +2.778476534455e-01,        +2.863542208925e-03
 2.45790000e+00,        +1.414213562373e-01,        +2.778475487265e-01,        +2.864912401629e-03
 2.45792000e+00,        +1.414213562373e-01,        +2.778474507654e-01,        +2.866295745341e-03
 2.45794000e+00,        +1.414213562373e-01,        +2.778473596424e-01,        +2.867692200362e-03
 2.45796000e+00,        +1.414213562373e-01,        +2.778472754372e-01,        +2.869101726498e-03
 2.45798000e+00,        +1.414213562373e-01,        +2.778471982298e-01,        +2.870524283056e-03
 2.45800000e+00,        +1.414213562373e-01,        +2.778471280996e-01,        +2.871959828850e-03
 2.45802000e+00,        +1.414213562373e-01,        +2.778470651261e-01,        +2.873408322198e-03
 2.45804000e+00,        +1.414213562373e-01,        +2.778470093883e-01,        +2.874869720922e-03
 2.45806000e+00,        +1.414213562373e-01,        +2.778469609654e-01,        +2.876343982352e-03
 2.45808000e+00,        +1.414213562373e-01,        +2.778469199359e-01,        +2.877831063322e-03
 2.45810000e+00,        +1.414213562373e-01,        +2.778468863786e-01,        +2.879330920174e-03
 2.45812000e+00,        +1.414213562373e-01,        +2.778468603716e-01,        +2.880843508759e-03
 2.45814000e+00,        +1.414213562373e-01,        +2.778468419930e-01,        +2.882368784432e-03
 2.45816000e+00,        +1.414213562373e-01,        +2.778468313209e-01,        +2.883906702062e-03
 2.45818000e+00,        +1.414213562373e-01,        +2.778468284328e-01,        +2.885457216025e-03
 2.45820000e+00,        +1.414213562373e-01,        +2.778468334061e-01,        +2.887020280205e-03
 2.45822000e+00,        +1.414213562373e-01,        +2.778468463180e-01,        +2.888595848003e-03
 2.45824000e+00,        +1.414213562373e-01,        +2.778468672455e-01,        +2.890183872326e-03
 2.45826000e+00,        +1.414213562373e-01,        +2.778468962652e-01,        +2.891784305598e-03
 2.45828000e+00,        +1.414213562373e-01,        +2.778469334537e-01,        +2.893397099756e-03
 2.45830000e+00,        +1.414213562373e-01,        +2.778469788870e-01,        +2.895022206251e-03
 2.45832000e+00,        +1.414213562373e-01,        +2.778470326412e-01,        +2.896659576050e-03
 2.45834000e+00,        +1.414213562373e-01,        +2.778470947920e-01,        +2.898309159636e-03
 2.45836000e+00,        +1.414213562373e-01,        +2.778471654147e-01,        +2.899970907013e-03
 2.45838000e+00,        +1.414213562373e-01,        +2.778472445845e-01,        +2.901644767701e-03
 2.45840000e+00,        +1.414213562373e-01,        +2.778473323763e-01,        +2.903330690742e-03
 2.45842000e+00,        +1.414213562373e-01,        +2.778474288647e-01,        +2.905028624697e-03
 2.45844000e+00,        +1.414213562373e-01,        +2.778475341241e-01,        +2.906738517653e-03
 2.45846000e+00,        +1.414213562373e-01,        +2.778476482284e-01,        +2.908460317219e-03
 2.45848000e+00,        +1.414213562373e-01,        +2.778477712515e-01,        +2.910193970529e-03
 2.45850000e+00,        +1.414213562373e-01,        +2.778479032667e-01,        +2.911939424244e-03
 2.45852000e+00,        +1.414213562373e-01,        +2.778480443474e-01,        +2.913696624553e-03
 2.45854000e+00,        +1.414213562373e-01,        +2.778481945663e-01,        +2.915465517174e-03
 2.45856000e+00,        +1.414213562373e-01,        +2.778483539961e-01,        +2.917246047357e-03
 2.45858000e+00,        +1.414213562373e-01,        +2.778485227090e-01,        +2.919038159882e-03
 2.45860000e+00,        +1.414213562373e-01,        +2.778487007769e-01,        +2.920841799067e-03
 2.45862000e+00,        +1.414213562373e-01,        +2.778488882716e-01,        +2.922656908760e-03
 2.45864000e+00,        +1.414213562373e-01,        +2.778490852643e-01,        +2.924483432351e-03
 2.45866000e+00,        +1.414213562373e-01,        +2.778492918261e-01,        +2.926321312765e-03
 2.45868000e+00,        +1.414213562373e-01,        +2.778495080276e-01,        +2.928170492471e-03
 2.45870000e+00,        +1.414213562373e-01,        +2.778497339392e-01,        +2.930030913478e-03
 2.45872000e+00,        +1.414213562373e-01,        +2.778499696308e-01,        +2.931902517338e-03
 2.45874000e+00,        +1.414213562373e-01,        +2.778502151723e-01,        +2.933785245151e-03
 2.45876000e+00,        +1.414213562373e-01,        +2.778504706329e-01,        +2.935679037564e-03
 2.45878000e+00,        +1.414213562373e-01,        +2.778507360817e-01,        +2.937583834773e-03
 2.45880000e+00,        +1.414213562373e-01,        +2.778510115872e-01,        +2.939499576526e-03
 2.45882000e+00,        +1.414213562373e-01,        +2.778512972178e-01,        +2.941426202125e-03
 2.45884000e+00,        +1.414213562373e-01,        +2.778515930415e-01,        +2.943363650425e-03
 2.45886000e+00,        +1.414213562373e-01,        +2.778518991258e-01,        +2.945311859841e-03
 2.45888000e+00,        +1.414213562373e-01,        +2.778522155379e-01,        +2.947270768347e-03
 2.45890000e+00,        +1.414213562373e-01,        +2.778525423447e-01,        +2.949240313479e-03
 2.45892000e+00,        +1.414213562373e-01,        +2.778528796126e-01,        +2.951220432335e-03
 2.45894000e+00,        +1.414213562373e-01,        +2.778532274079e-01,        +2.953211061583e-03
 2.45896000e+00,        +1.414213562373e-01,        +2.778535857962e-01,        +2.955212137455e-03
 2.45898000e+00,        +1.414213562373e-01,        +2.778539548428e-01,        +2.957223595756e-03
 2.45900000e+00,        +1.414213562373e-01,        +2.778543346128e-01,        +2.959245371864e-03
 2.45902000e+00,        +1.414213562373e-01,        +2.778547251708e-01,        +2.961277400732e-03
 2.45904000e+00,        +1.414213562373e-01,        +2.778551265808e-01,        +2.963319616890e-03
 2.45906000e+00,        +1.414213562373e-01,        +2.778555389067e-01,        +2.965371954450e-03
 2.45908000e+00,        +1.414213562373e-01,        +2.778559622119e-01,        +2.967434347104e-03
 2.45910000e+00,        +1.414213562373e-01,        +2.778563965594e-01,        +2.969506728132e-03
 2.45912000e+00,        +1.414213562373e-01,        +2.778568420118e-01,        +2.971589030400e-03
 2.45914000e+00,        +1.414213562373e-01,        +2.778572986311e-01,        +2.973681186364e-03
 2.45916000e+00,        +1.414213562373e-01,        +2.778577664793e-01,        +2.975783128075e-03
 2.45918000e+00,        +1.414213562373e-01,        +2.778582456176e-01,        +2.977894787177e-03
 2.45920000e+00,        +1.414213562373e-01,        +2.778587361069e-01,        +2.980016094914e-03
 2.45922000e+00,        +1.414213562373e-01,        +2.778592380077e-01,        +2.982146982131e-03
 2.45924000e+00,        +1.414213562373e-01,        +2.778597513802e-01,        +2.984287379276e-03
 2.45926000e+00,        +1.414213562373e-01,        +2.778602762839e-01,        +2.986437216405e-03
 2.45928000e+00,        +1.414213562373e-01,        +2.778608127781e-01,        +2.988596423181e-03
 2.45930000e+00,        +1.414213562373e-01,        +2.778613609214e-01,        +2.990764928882e-03
 2.45932000e+00,        +1.414213562373e-01,        +2.778619207723e-01,        +2.992942662401e-03
 2.45934000e+00,        +1.414213562373e-01,        +2.778624923886e-01,        +2.995129552247e-03
 2.45936000e+00,        +1.414213562373e-01,        +2.778630758277e-01,        +2.997325526553e-03
 2.45938000e+00,        +1.414213562373e-01,        +2.778636711467e-01,        +2.999530513075e-03
 2.45940000e+00,        +1.414213562373e-01,        +2.778642784020e-01,        +3.001744439197e-03
 2.45942000e+00,        +1.414213562373e-01,        +2.778648976497e-01,        +3.003967231932e-03
 2.45944000e+00,        +1.414213562373e-01,        +2.778655289455e-01,        +3.006198817929e-03
 2.45946000e+00,        +1.414213562373e-01,        +2.778661723444e-01,        +3.008439123472e-03
 2.45948000e+00,        +1.414213562373e-01,        +2.778668279011e-01,        +3.010688074484e-03
 2.45950000e+00,        +1.414213562373e-01,        +2.778674956699e-01,        +3.012945596535e-03
 2.45952000e+00,        +1.414213562373e-01,        +2.778681757045e-01,        +3.015211614838e-03
 2.45954000e+00,        +1.414213562373e-01,        +2.778688680581e-01,        +3.017486054258e-03
 2.45956000e+00,        +1.414213562373e-01,        +2.778695727835e-01,        +3.019768839312e-03
 2.45958000e+00,        +1.414213562373e-01,        +2.778702899330e-01,        +3.022059894173e-03
 2.45960000e+00,        +1.414213562373e-01,        +2.778710195585e-01,        +3.024359142676e-03
 2.45962000e+00,        +1.414213562373e-01,        +2.778717617111e-01,        +3.026666508318e-03
 2.45964000e+00,        +1.414213562373e-01,        +2.778725164419e-01,        +3.028981914263e-03
 2.45966000e+00,        +1.414213562373e-01,        +2.778732838010e-01,        +3.031305283346e-03
 2.45968000e+00,        +1.414213562373e-01,        +2.778740638383e-01,        +3.033636538075e-03
 2.45970000e+00,        +1.414213562373e-01,        +2.778748566032e-01,        +3.035975600638e-03
 2.45972000e+00,        +1.414213562373e-01,        +2.778756621446e-01,        +3.038322392900e-03
 2.45974000e+00,        +1.414213562373e-01,        +2.778764805106e-01,        +3.040676836415e-03
 2.45976000e+00,        +1.414213562373e-01,        +2.778773117492e-01,        +3.043038852422e-03
 2.45978000e+00,        +1.414213562373e-01,        +2.778781559076e-01,        +3.045408361855e-03
 2.45980000e+00,        +1.414213562373e-01,        +2.778790130327e-01,        +3.047785285342e-03
 2.45982000e+00,        +1.414213562373e-01,        +2.778798831707e-01,        +3.050169543212e-03
 2.45984000e+00,        +1.414213562373e-01,        +2.778807663674e-01,        +3.052561055496e-03
 2.45986000e+00,        +1.414213562373e-01,        +2.778816626680e-01,        +3.054959741933e-03
 2.45988000e+00,        +1.414213562373e-01,        +2.778825721172e-01,        +3.057365521974e-03
 2.45990000e+00,        +1.414213562373e-01,        +2.778834947593e-01,        +3.059778314783e-03
 2.45992000e+00,        +1.414213562373e-01,        +2.778844306378e-01,        +3.062198039245e-03
 2.45994000e+00,        +1.414213562373e-01,        +2.778853797959e-01,        +3.064624613966e-03
 2.45996000e+00,        +1.414213562373e-01,        +2.778863422762e-01,        +3.067057957280e-03
 2.45998000e+00,        +1.414213562373e-01,        +2.778873181206e-01,        +3.069497987253e-03
 2.46000000e+00,        +1.414213562373e-01,        +2.778883073709e-01,        +3.071944621681e-03
 2.46002000e+00,        +1.414213562373e-01,        +2.778893100678e-01,        +3.074397778105e-03
 2.46004000e+00,        +1.414213562373e-01,        +2.778903262519e-01,        +3.076857373805e-03
 2.46006000e+00,        +1.414213562373e-01,        +2.778913559630e-01,        +3.079323325808e-03
 2.46008000e+00,        +1.414213562373e-01,        +2.778923992404e-01,        +3.081795550895e-03
 2.46010000e+00,        +1.414213562373e-01,        +2.778934561230e-01,        +3.084273965599e-03
 2.46012000e+00,        +1.414213562373e-01,        +2.778945266489e-01,        +3.086758486214e-03
 2.46014000e+00,        +1.414213562373e-01,        +2.778956108559e-01,        +3.089249028798e-03
 2.46016000e+00,        +1.414213562373e-01,        +2.778967087810e-01,        +3.091745509176e-03
 2.46018000e+00,        +1.414213562373e-01,        +2.778978204608e-01,        +3.094247842945e-03
 2.46020000e+00,        +1.414213562373e-01,        +2.778989459314e-01,        +3.096755945479e-03
 2.46022000e+00,        +1.414213562373e-01,        +2.779000852280e-01,        +3.099269731933e-03
 2.46024000e+00,        +1.414213562373e-01,        +2.779012383857e-01,        +3.101789117246e-03
 2.46026000e+00,        +1.414213562373e-01,        +2.779024054387e-01,        +3.104314016146e-03
 2.46028000e+00,        +1.414213562373e-01,        +2.779035864208e-01,        +3.106844343155e-03
 2.46030000e+00,        +1.414213562373e-01,        +2.779047813651e-01,        +3.109380012595e-03
 2.46032000e+00,        +1.414213562373e-01,        +2.779059903042e-01,        +3.111920938586e-03
 2.46034000e+00,        +1.414213562373e-01,        +2.779072132701e-01,        +3.114467035059e-03
 2.46036000e+00,        +1.414213562373e-01,        +2.779084502943e-01,        +3.117018215755e-03
 2.46038000e+00,        +1.414213562373e-01,        +2.779097014077e-01,        +3.119574394229e-03
 2.46040000e+00,        +1.414213562373e-01,        +2.779109666405e-01,        +3.122135483858e-03
 2.46042000e+00,        +1.414213562373e-01,        +2.779122460225e-01,        +3.124701397843e-03
 2.46044000e+00,        +1.414213562373e-01,        +2.779135395827e-01,        +3.127272049215e-03
 2.46046000e+00,        +1.414213562373e-01,        +2.779148473497e-01,        +3.129847350836e-03
 2.46048000e+00,        +1.414213562373e-01,        +2.779161693516e-01,        +3.132427215409e-03
 2.46050000e+00,        +1.414213562373e-01,        +2.779175056156e-01,        +3.135011555479e-03
 2.46052000e+00,        +1.414213562373e-01,        +2.779188561685e-01,        +3.137600283438e-03
 2.46054000e+00,        +1.414213562373e-01,        +2.779202210366e-01,        +3.140193311529e-03
 2.46056000e+00,        +1.414213562373e-01,        +2.779216002454e-01,        +3.142790551853e-03
 2.46058000e+00,        +1.414213562373e-01,        +2.779229938200e-01,        +3.145391916372e-03
 2.46060000e+00,        +1.414213562373e-01,        +2.779244017848e-01,        +3.147997316913e-03
 2.46062000e+00,        +1.414213562373e-01,        +2.779258241637e-01,        +3.150606665173e-03
 2.46064000e+00,        +1.414213562373e-01,        +2.779272609798e-01,        +3.153219872725e-03
 2.46066000e+00,        +1.414213562373e-01,        +2.779287122559e-01,        +3.155836851021e-03
 2.46068000e+00,        +1.414213562373e-01,        +2.779301780139e-01,        +3.158457511399e-03
 2.46070000e+00,        +1.414213562373e-01,        +2.779316582754e-01,        +3.161081765083e-03
 2.46072000e+00,        +1.414213562373e-01,        +2.779331530611e-01,        +3.163709523193e-03
 2.46074000e+00,        +1.414213562373e-01,        +2.779346623914e-01,        +3.166340696748e-03
 2.46076000e+00,        +1.414213562373e-01,        +2.779361862859e-01,        +3.168975196668e-03
 2.46078000e+00,        +1.414213562373e-01,        +2.779377247636e-01,        +3.171612933782e-03
 2.46080000e+00,        +1.414213562373e-01,        +2.779392778430e-01,        +3.174253818832e-03
 2.46082000e+00,        +1.414213562373e-01,        +2.779408455419e-01,        +3.176897762476e-03
 2.46084000e+00,        +1.414213562373e-01,        +2.779424278777e-01,        +3.179544675297e-03
 2.46086000e+00,        +1.414213562373e-01,        +2.779440248669e-01,        +3.182194467801e-03
 2.46088000e+00,        +1.414213562373e-01,        +2.779456365256e-01,        +3.184847050430e-03
 2.46090000e+00,        +1.414213562373e-01,        +2.779472628693e-01,        +3.187502333557e-03
 2.46092000e+00,        +1.414213562373e-01,        +2.779489039127e-01,        +3.190160227502e-03
 2.46094000e+00,        +1.414213562373e-01,        +2.779505596701e-01,        +3.192820642527e-03
 2.46096000e+00,        +1.414213562373e-01,        +2.779522301551e-01,        +3.195483488847e-03
 2.46098000e+00,        +1.414213562373e-01,        +2.779539153808e-01,        +3.198148676630e-03
 2.46100000e+00,        +1.414213562373e-01,        +2.779556153596e-01,        +3.200816116007e-03
 2.46102000e+00,        +1.414213562373e-01,        +2.779573301032e-01,        +3.203485717073e-03
 2.46104000e+00,        +1.414213562373e-01,        +2.779590596229e-01,        +3.206157389894e-03
 2.46106000e+00,        +1.414213562373e-01,        +2.779608039293e-01,        +3.208831044507e-03
 2.46108000e+00,        +1.414213562373e-01,        +2.779625630323e-01,        +3.211506590935e-03
 2.46110000e+00,        +1.414213562373e-01,        +2.779643369414e-01,        +3.214183939179e-03
 2.46112000e+00,        +1.414213562373e-01,        +2.779661256653e-01,        +3.216862999232e-03
 2.46114000e+00,        +1.414213562373e-01,        +2.779679292122e-01,        +3.219543681083e-03
 2.46116000e+00,        +1.414213562373e-01,        +2.779697475897e-01,        +3.222225894715e-03
 2.46118000e+00,        +1.414213562373e-01,        +2.779715808047e-01,        +3.224909550119e-03
 2.46120000e+00,        +1.414213562373e-01,        +2.779734288636e-01,        +3.227594557292e-03
 2.46122000e+00,        +1.414213562373e-01,        +2.779752917721e-01,        +3.230280826244e-03
 2.46124000e+00,        +1.414213562373e-01,        +2.779771695354e-01,        +3.232968267005e-03
 2.46126000e+00,        +1.414213562373e-01,        +2.779790621580e-01,        +3.235656789625e-03
 2.46128000e+00,        +1.414213562373e-01,        +2.779809696438e-01,        +3.238346304183e-03
 2.46130000e+00,        +1.414213562373e-01,        +2.779828919963e-01,        +3.241036720792e-03
 2.46132000e+00,        +1.414213562373e-01,        +2.779848292180e-01,        +3.243727949599e-03
 2.46134000e+00,        +1.414213562373e-01,        +2.779867813112e-01,        +3.246419900794e-03
 2.46136000e+00,        +1.414213562373e-01,        +2.779887482774e-01,        +3.249112484614e-03
 2.46138000e+00,        +1.414213562373e-01,        +2.779907301174e-01,        +3.251805611348e-03
 2.46140000e+00,        +1.414213562373e-01,        +2.779927268316e-01,        +3.254499191340e-03
 2.46142000e+00,        +1.414213562373e-01,        +2.779947384198e-01,        +3.257193134995e-03
 2.46144000e+00,        +1.414213562373e-01,        +2.779967648810e-01,        +3.259887352784e-03
 2.46146000e+00,        +1.414213562373e-01,        +2.779988062137e-01,        +3.262581755249e-03
 2.46148000e+00,        +1.414213562373e-01,        +2.780008624160e-01,        +3.265276253005e-03
 2.46150000e+00,        +1.414213562373e-01,        +2.780029334851e-01,        +3.267970756749e-03
 2.46152000e+00,        +1.414213562373e-01,        +2.780050194177e-01,        +3.270665177262e-03
 2.46154000e+00,        +1.414213562373e-01,        +2.780071202100e-01,        +3.273359425414e-03
 2.46156000e+00,        +1.414213562373e-01,        +2.780092358576e-01,        +3.276053412167e-03
 2.46158000e+00,        +1.414213562373e-01,        +2.780113663553e-01,        +3.278747048585e-03
 2.46160000e+00,        +1.414213562373e-01,        +2.780135116975e-01,        +3.281440245832e-03
 2.46162000e+00,        +1.414213562373e-01,        +2.780156718781e-01,        +3.284132915182e-03
 2.46164000e+00,        +1.414213562373e-01,        +2.780178468902e-01,        +3.286824968020e-03
 2.46166000e+00,        +1.414213562373e-01,        +2.780200367263e-01,        +3.289516315850e-03
 2.46168000e+00,        +1.414213562373e-01,        +2.780222413785e-01,        +3.292206870294e-03
 2.46170000e+00,        +1.414213562373e-01,        +2.780244608382e-01,        +3.294896543105e-03
 2.46172000e+00,        +1.414213562373e-01,        +2.780266950962e-01,        +3.297585246163e-03
 2.46174000e+00,        +1.414213562373e-01,        +2.780289441428e-01,        +3.300272891486e-03
 2.46176000e+00,        +1.414213562373e-01,        +2.780312079676e-01,        +3.302959391229e-03
 2.46178000e+00,        +1.414213562373e-01,        +2.780334865598e-01,        +3.305644657694e-03
 2.46180000e+00,        +1.414213562373e-01,        +2.780357799079e-01,        +3.308328603331e-03
 2.46182000e+00,        +1.414213562373e-01,        +2.780380879997e-01,        +3.311011140743e-03
 2.46184000e+00,        +1.414213562373e-01,        +2.780404108226e-01,        +3.313692182692e-03
 2.46186000e+00,        +1.414213562373e-01,        +2.780427483635e-01,        +3.316371642102e-03
 2.46188000e+00,        +1.414213562373e-01,        +2.780451006086e-01,        +3.319049432063e-03
 2.46190000e+00,        +1.414213562373e-01,        +2.780474675434e-01,        +3.321725465836e-03
 2.46192000e+00,        +1.414213562373e-01,        +2.780498491531e-01,        +3.324399656859e-03
 2.46194000e+00,        +1.414213562373e-01,        +2.780522454222e-01,        +3.327071918750e-03
 2.46196000e+00,        +1.414213562373e-01,        +2.780546563346e-01,        +3.329742165309e-03
 2.46198000e+00,        +1.414213562373e-01,        +2.780570818737e-01,        +3.332410310527e-03
 2.46200000e+00,        +1.414213562373e-01,        +2.780595220223e-01,        +3.335076268587e-03
 2.46202000e+00,        +1.414213562373e-01,        +2.780619767628e-01,        +3.337739953869e-03
 2.46204000e+00,        +1.414213562373e-01,        +2.780644460768e-01,        +3.340401280956e-03
 2.46206000e+00,        +1.414213562373e-01,        +2.780669299454e-01,        +3.343060164634e-03
 2.46208000e+00,        +1.414213562373e-01,        +2.780694283494e-01,        +3.345716519902e-03
 2.46210000e+00,        +1.414213562373e-01,        +2.780719412686e-01,        +3.348370261972e-03
 2.46212000e+00,        +1.414213562373e-01,        +2.780744686827e-01,        +3.351021306273e-03
 2.46214000e+00,        +1.414213562373e-01,        +2.780770105706e-01,        +3.353669568457e-03
 2.46216000e+00,        +1.414213562373e-01,        +2.780795669107e-01,        +3.356314964405e-03
 2.46218000e+00,        +1.414213562373e-01,        +2.780821376809e-01,        +3.358957410226e-03
 2.46220000e+00,        +1.414213562373e-01,        +2.780847228585e-01,        +3.361596822264e-03
 2.46222000e+00,        +1.414213562373e-01,        +2.780873224204e-01,        +3.364233117104e-03
 2.46224000e+00,        +1.414213562373e-01,        +2.780899363427e-01,        +3.366866211571e-03
 2.46226000e+00,        +1.414213562373e-01,        +2.780925646013e-01,        +3.369496022738e-03
 2.46228000e+00,        +1.414213562373e-01,        +2.780952071713e-01,        +3.372122467930e-03
 2.46230000e+00,        +1.414213562373e-01,        +2.780978640275e-01,        +3.374745464724e-03
 2.46232000e+00,        +1.414213562373e-01,        +2.781005351440e-01,        +3.377364930959e-03
 2.46234000e+00,        +1.414213562373e-01,        +2.781032204943e-01,        +3.379980784734e-03
 2.46236000e+00,        +1.414213562373e-01,        +2.781059200518e-01,        +3.382592944415e-03
 2.46238000e+00,        +1.414213562373e-01,        +2.781086337888e-01,        +3.385201328638e-03
 2.46240000e+00,        +1.414213562373e-01,        +2.781113616777e-01,        +3.387805856314e-03
 2.46242000e+00,        +1.414213562373e-01,        +2.781141036898e-01,        +3.390406446631e-03
 2.46244000e+00,        +1.414213562373e-01,        +2.781168597963e-01,        +3.393003019057e-03
 2.46246000e+00,        +1.414213562373e-01,        +2.781196299678e-01,        +3.395595493349e-03
 2.46248000e+00,        +1.414213562373e-01,        +2.781224141743e-01,        +3.398183789548e-03
 2.46250000e+00,        +1.414213562373e-01,        +2.781252123855e-01,        +3.400767827992e-03
 2.46252000e+00,        +1.414213562373e-01,        +2.781280245702e-01,        +3.403347529311e-03
 2.46254000e+00,        +1.414213562373e-01,        +2.781308506973e-01,        +3.405922814439e-03
 2.46256000e+00,        +1.414213562373e-01,        +2.781336907346e-01,        +3.408493604609e-03
 2.46258000e+00,        +1.414213562373e-01,        +2.781365446499e-01,        +3.411059821363e-03
 2.46260000e+00,        +1.414213562373e-01,        +2.781394124103e-01,        +3.413621386553e-03
 2.46262000e+00,        +1.414213562373e-01,        +2.781422939823e-01,        +3.416178222345e-03
 2.46264000e+00,        +1.414213562373e-01,        +2.781451893322e-01,        +3.418730251221e-03
 2.46266000e+00,        +1.414213562373e-01,        +2.781480984256e-01,        +3.421277395985e-03
 2.46268000e+00,        +1.414213562373e-01,        +2.781510212278e-01,        +3.423819579761e-03
 2.46270000e+00,        +1.414213562373e-01,        +2.781539577034e-01,        +3.426356726005e-03
 2.46272000e+00,        +1.414213562373e-01,        +2.781569078168e-01,        +3.428888758501e-03
 2.46274000e+00,        +1.414213562373e-01,        +2.781598715318e-01,        +3.431415601367e-03
 2.46276000e+00,        +1.414213562373e-01,        +2.781628488117e-01,        +3.433937179056e-03
 2.46278000e+00,        +1.414213562373e-01,        +2.781658396194e-01,        +3.436453416364e-03
 2.46280000e+00,        +1.414213562373e-01,        +2.781688439173e-01,        +3.438964238429e-03
 2.46282000e+00,        +1.414213562373e-01,        +2.781718616676e-01,        +3.441469570734e-03
 2.46284000e+00,        +1.414213562373e-01,        +2.781748928317e-01,        +3.443969339113e-03
 2.46286000e+00,        +1.414213562373e-01,        +2.781779373707e-01,        +3.446463469751e-03
 2.46288000e+00,        +1.414213562373e-01,        +2.781809952453e-01,        +3.448951889189e-03
 2.46290000e+00,        +1.414213562373e-01,        +2.781840664158e-01,        +3.451434524327e-03
 2.46292000e+00,        +1.414213562373e-01,        +2.781871508419e-01,        +3.453911302425e-03
 2.46294000e+00,        +1.414213562373e-01,        +2.781902484830e-01,        +3.456382151107e-03
 2.46296000e+00,        +1.414213562373e-01,        +2.781933592981e-01,        +3.458846998365e-03
 2.46298000e+00,        +1.414213562373e-01,        +2.781964832456e-01,        +3.461305772560e-03
 2.46300000e+00,        +1.414213562373e-01,        +2.781996202838e-01,        +3.463758402426e-03
 2.46302000e+00,        +1.414213562373e-01,        +2.782027703703e-01,        +3.466204817072e-03
 2.46304000e+00,        +1.414213562373e-01,        +2.782059334624e-01,        +3.468644945984e-03
 2.46306000e+00,        +1.414213562373e-01,        +2.782091095169e-01,        +3.471078719031e-03
 2.46308000e+00,        +1.414213562373e-01,        +2.782122984903e-01,        +3.473506066462e-03
 2.46310000e+00,        +1.414213562373e-01,        +2.782155003388e-01,        +3.475926918915e-03
 2.46312000e+00,        +1.414213562373e-01,        +2.782187150179e-01,        +3.478341207415e-03
 2.46314000e+00,        +1.414213562373e-01,        +2.782219424830e-01,        +3.480748863376e-03
 2.46316000e+00,        +1.414213562373e-01,        +2.782251826889e-01,        +3.483149818610e-03
 2.46318000e+00,        +1.414213562373e-01,        +2.782284355902e-01,        +3.485544005320e-03
 2.46320000e+00,        +1.414213562373e-01,        +2.782317011410e-01,        +3.487931356110e-03
 2.46322000e+00,        +1.414213562373e-01,        +2.782349792950e-01,        +3.490311803983e-03
 2.46324000e+00,        +1.414213562373e-01,        +2.782382700056e-01,        +3.492685282346e-03
 2.46326000e+00,        +1.414213562373e-01,        +2.782415732258e-01,        +3.495051725011e-03
 2.46328000e+00,        +1.414213562373e-01,        +2.782448889083e-01,        +3.497411066195e-03
 2.46330000e+00,        +1.414213562373e-01,        +2.782482170053e-01,        +3.499763240528e-03
 2.46332000e+00,        +1.414213562373e-01,        +2.782515574687e-01,        +3.502108183051e-03
 2.46334000e+00,        +1.414213562373e-01,        +2.782549102502e-01,        +3.504445829216e-03
 2.46336000e+00,        +1.414213562373e-01,        +2.782582753008e-01,        +3.506776114894e-03
 2.46338000e+00,        +1.414213562373e-01,        +2.782616525714e-01,        +3.509098976373e-03
 2.46340000e+00,        +1.414213562373e-01,        +2.782650420126e-01,        +3.511414350360e-03
 2.46342000e+00,        +1.414213562373e-01,        +2.782684435746e-01,        +3.513722173985e-03
 2.46344000e+00,        +1.414213562373e-01,        +2.782718572072e-01,        +3.516022384802e-03
 2.46346000e+00,        +1.414213562373e-01,        +2.782752828598e-01,        +3.518314920789e-03
 2.46348000e+00,        +1.414213562373e-01,        +2.782787204817e-01,        +3.520599720353e-03
 2.46350000e+00,        +1.414213562373e-01,        +2.782821700217e-01,        +3.522876722331e-03
 2.46352000e+00,        +1.414213562373e-01,        +2.782856314284e-01,        +3.525145865989e-03
 2.46354000e+00,        +1.414213562373e-01,        +2.782891046500e-01,        +3.527407091027e-03
 2.46356000e+00,        +1.414213562373e-01,        +2.782925896343e-01,        +3.529660337580e-03
 2.46358000e+00,        +1.414213562373e-01,        +2.782960863289e-01,        +3.531905546219e-03
 2.46360000e+00,        +1.414213562373e-01,        +2.782995946813e-01,        +3.534142657950e-03
 2.46362000e+00,        +1.414213562373e-01,        +2.783031146382e-01,        +3.536371614224e-03
 2.46364000e+00,        +1.414213562373e-01,        +2.783066461465e-01,        +3.538592356927e-03
 2.46366000e+00,        +1.414213562373e-01,        +2.783101891526e-01,        +3.540804828390e-03
 2.46368000e+00,        +1.414213562373e-01,        +2.783137436024e-01,        +3.543008971388e-03
 2.46370000e+00,        +1.414213562373e-01,        +2.783173094420e-01,        +3.545204729141e-03
 2.46372000e+00,        +1.414213562373e-01,        +2.783208866167e-01,        +3.547392045314e-03
 2.46374000e+00,        +1.414213562373e-01,        +2.783244750720e-01,        +3.549570864022e-03
 2.46376000e+00,        +1.414213562373e-01,        +2.783280747527e-01,        +3.551741129828e-03
 2.46378000e+00,        +1.414213562373e-01,        +2.783316856036e-01,        +3.553902787746e-03
 2.46380000e+00,        +1.414213562373e-01,        +2.783353075692e-01,        +3.556055783240e-03
 2.46382000e+00,        +1.414213562373e-01,        +2.783389405936e-01,        +3.558200062229e-03
 2.46384000e+00,        +1.414213562373e-01,        +2.783425846208e-01,        +3.560335571084e-03
 2.46386000e+00,        +1.414213562373e-01,        +2.783462395945e-01,        +3.562462256631e-03
 2.46388000e+00,        +1.414213562373e-01,        +2.783499054581e-01,        +3.564580066155e-03
 2.46390000e+00,        +1.414213562373e-01,        +2.783535821548e-01,        +3.566688947393e-03
 2.46392000e+00,        +1.414213562373e-01,        +2.783572696277e-01,        +3.568788848545e-03
 2.46394000e+00,        +1.414213562373e-01,        +2.783609678193e-01,        +3.570879718266e-03
 2.46396000e+00,        +1.414213562373e-01,        +2.783646766721e-01,        +3.572961505674e-03
 2.46398000e+00,        +1.414213562373e-01,        +2.783683961285e-01,        +3.575034160345e-03
 2.46400000e+00,        +1.414213562373e-01,        +2.783721261305e-01,        +3.577097632317e-03
 2.46402000e+00,        +1.414213562373e-01,        +2.783758666198e-01,        +3.579151872093e-03
 2.46404000e+00,        +1.414213562373e-01,        +2.783796175381e-01,        +3.581196830635e-03
 2.46406000e+00,        +1.414213562373e-01,        +2.783833788267e-01,        +3.583232459371e-03
 2.46408000e+00,        +1.414213562373e-01,        +2.783871504268e-01,        +3.585258710193e-03
 2.46410000e+00,        +1.414213562373e-01,        +2.783909322794e-01,        +3.587275535458e-03
 2.46412000e+00,        +1.414213562373e-01,        +2.783947243252e-01,        +3.589282887989e-03
 2.46414000e+00,        +1.414213562373e-01,        +2.783985265049e-01,        +3.591280721074e-03
 2.46416000e+00,        +1.414213562373e-01,        +2.784023387586e-01,        +3.593268988468e-03
 2.46418000e+00,        +1.414213562373e-01,        +2.784061610268e-01,        +3.595247644394e-03
 2.46420000e+00,        +1.414213562373e-01,        +2.784099932493e-01,        +3.597216643541e-03
 2.46422000e+00,        +1.414213562373e-01,        +2.784138353660e-01,        +3.599175941068e-03
 2.46424000e+00,        +1.414213562373e-01,        +2.784176873165e-01,        +3.601125492600e-03
 2.46426000e+00,        +1.414213562373e-01,        +2.784215490402e-01,        +3.603065254233e-03
 2.46428000e+00,        +1.414213562373e-01,        +2.784254204766e-01,        +3.604995182530e-03
 2.46430000e+00,        +1.414213562373e-01,        +2.784293015646e-01,        +3.606915234523e-03
 2.46432000e+00,        +1.414213562373e-01,        +2.784331922434e-01,        +3.608825367715e-03
 2.46434000e+00,        +1.414213562373e-01,        +2.784370924516e-01,        +3.610725540079e-03
 2.46436000e+00,        +1.414213562373e-01,        +2.784410021280e-01,        +3.612615710055e-03
 2.46438000e+00,        +1.414213562373e-01,        +2.784449212111e-01,        +3.614495836554e-03
 2.46440000e+00,        +1.414213562373e-01,        +2.784488496392e-01,        +3.616365878959e-03
 2.46442000e+00,        +1.414213562373e-01,        +2.784527873506e-01,        +3.618225797120e-03
 2.46444000e+00,        +1.414213562373e-01,        +2.784567342833e-01,        +3.620075551358e-03
 2.46446000e+00,        +1.414213562373e-01,        +2.784606903753e-01,        +3.621915102464e-03
 2.46448000e+00,        +1.414213562373e-01,        +2.784646555644e-01,        +3.623744411699e-03
 2.46450000e+00,        +1.414213562373e-01,        +2.784686297884e-01,        +3.625563440794e-03
 2.46452000e+00,        +1.414213562373e-01,        +2.784726129847e-01,        +3.627372151948e-03
 2.46454000e+00,        +1.414213562373e-01,        +2.784766050908e-01,        +3.629170507832e-03
 2.46456000e+00,        +1.414213562373e-01,        +2.784806060441e-01,        +3.630958471584e-03
 2.46458000e+00,        +1.414213562373e-01,        +2.784846157818e-01,        +3.632736006813e-03
 2.46460000e+00,        +1.414213562373e-01,        +2.784886342411e-01,        +3.634503077593e-03
 2.46462000e+00,        +1.414213562373e-01,        +2.784926613588e-01,        +3.636259648472e-03
 2.46464000e+00,        +1.414213562373e-01,        +2.784966970720e-01,        +3.638005684460e-03
 2.46466000e+00,        +1.414213562373e-01,        +2.785007413175e-01,        +3.639741151040e-03
 2.46468000e+00,        +1.414213562373e-01,        +2.785047940320e-01,        +3.641466014159e-03
 2.46470000e+00,        +1.414213562373e-01,        +2.785088551521e-01,        +3.643180240232e-03
 2.46472000e+00,        +1.414213562373e-01,        +2.785129246144e-01,        +3.644883796140e-03
 2.46474000e+00,        +1.414213562373e-01,        +2.785170023554e-01,        +3.646576649232e-03
 2.46476000e+00,        +1.414213562373e-01,        +2.785210883114e-01,        +3.648258767318e-03
 2.46478000e+00,        +1.414213562373e-01,        +2.785251824188e-01,        +3.649930118676e-03
 2.46480000e+00,        +1.414213562373e-01,        +2.785292846138e-01,        +3.651590672049e-03
 2.46482000e+00,        +1.414213562373e-01,        +2.785333948326e-01,        +3.653240396642e-03
 2.46484000e+00,        +1.414213562373e-01,        +2.785375130114e-01,        +3.654879262122e-03
 2.46486000e+00,        +1.414213562373e-01,        +2.785416390862e-01,        +3.656507238619e-03
 2.46488000e+00,        +1.414213562373e-01,        +2.785457729930e-01,        +3.658124296727e-03
 2.46490000e+00,        +1.414213562373e-01,        +2.785499146677e-01,        +3.659730407498e-03
 2.46492000e+00,        +1.414213562373e-01,        +2.785540640463e-01,        +3.661325542445e-03
 2.46494000e+00,        +1.414213562373e-01,        +2.785582210646e-01,        +3.662909673539e-03
 2.46496000e+00,        +1.414213562373e-01,        +2.785623856585e-01,        +3.664482773211e-03
 2.46498000e+00,        +1.414213562373e-01,        +2.785665577637e-01,        +3.666044814350e-03
 2.46500000e+00,        +1.414213562373e-01,        +2.785707373159e-01,        +3.667595770300e-03
 2.46502000e+00,        +1.414213562373e-01,        +2.785749242509e-01,        +3.669135614862e-03
 2.46504000e+00,        +1.414213562373e-01,        +2.785791185045e-01,        +3.670664322290e-03
 2.46506000e+00,        +1.414213562373e-01,        +2.785833200121e-01,        +3.672181867294e-03
 2.46508000e+00,        +1.414213562373e-01,        +2.785875287095e-01,        +3.673688225037e-03
 2.46510000e+00,        +1.414213562373e-01,        +2.785917445324e-01,        +3.675183371131e-03
 2.46512000e+00,        +1.414213562373e-01,        +2.785959674162e-01,        +3.676667281641e-03
 2.46514000e+00,        +1.414213562373e-01,        +2.786001972966e-01,        +3.678139933082e-03
 2.46516000e+00,        +1.414213562373e-01,        +2.786044341093e-01,        +3.679601302416e-03
 2.46518000e+00,        +1.414213562373e-01,        +2.786086777897e-01,        +3.681051367054e-03
 2.46520000e+00,        +1.414213562373e-01,        +2.786129282736e-01,        +3.682490104852e-03
 2.46522000e+00,        +1.414213562373e-01,        +2.786171854964e-01,        +3.683917494112e-03
 2.46524000e+00,        +1.414213562373e-01,        +2.786214493937e-01,        +3.685333513579e-03
 2.46526000e+00,        +1.414213562373e-01,        +2.786257199013e-01,        +3.686738142443e-03
 2.46528000e+00,        +1.414213562373e-01,        +2.786299969546e-01,        +3.688131360332e-03
 2.46530000e+00,        +1.414213562373e-01,        +2.786342804894e-01,        +3.689513147317e-03
 2.46532000e+00,        +1.414213562373e-01,        +2.786385704412e-01,        +3.690883483906e-03
 2.46534000e+00,        +1.414213562373e-01,        +2.786428667458e-01,        +3.692242351047e-03
 2.46536000e+00,        +1.414213562373e-01,        +2.786471693388e-01,        +3.693589730120e-03
 2.46538000e+00,        +1.414213562373e-01,        +2.786514781560e-01,        +3.694925602944e-03
 2.46540000e+00,        +1.414213562373e-01,        +2.786557931331e-01,        +3.696249951770e-03
 2.46542000e+00,        +1.414213562373e-01,        +2.786601142059e-01,        +3.697562759280e-03
 2.46544000e+00,        +1.414213562373e-01,        +2.786644413102e-01,        +3.698864008587e-03
 2.46546000e+00,        +1.414213562373e-01,        +2.786687743820e-01,        +3.700153683235e-03
 2.46548000e+00,        +1.414213562373e-01,        +2.786731133571e-01,        +3.701431767192e-03
 2.46550000e+00,        +1.414213562373e-01,        +2.786774581715e-01,        +3.702698244856e-03
 2.46552000e+00,        +1.414213562373e-01,        +2.786818087612e-01,        +3.703953101047e-03
 2.46554000e+00,        +1.414213562373e-01,        +2.786861650622e-01,        +3.705196321009e-03
 2.46556000e+00,        +1.414213562373e-01,        +2.786905270106e-01,        +3.706427890408e-03
 2.46558000e+00,        +1.414213562373e-01,        +2.786948945427e-01,        +3.707647795328e-03
 2.46560000e+00,        +1.414213562373e-01,        +2.786992675947e-01,        +3.708856022275e-03
 2.46562000e+00,        +1.414213562373e-01,        +2.787036461028e-01,        +3.710052558167e-03
 2.46564000e+00,        +1.414213562373e-01,        +2.787080300034e-01,        +3.711237390341e-03
 2.46566000e+00,        +1.414213562373e-01,        +2.787124192330e-01,        +3.712410506545e-03
 2.46568000e+00,        +1.414213562373e-01,        +2.787168137280e-01,        +3.713571894940e-03
 2.46570000e+00,        +1.414213562373e-01,        +2.787212134251e-01,        +3.714721544096e-03
 2.46572000e+00,        +1.414213562373e-01,        +2.787256182608e-01,        +3.715859442993e-03
 2.46574000e+00,        +1.414213562373e-01,        +2.787300281719e-01,        +3.716985581016e-03
 2.46576000e+00,        +1.414213562373e-01,        +2.787344430953e-01,        +3.718099947955e-03
 2.46578000e+00,        +1.414213562373e-01,        +2.787388629678e-01,        +3.719202534004e-03
 2.46580000e+00,        +1.414213562373e-01,        +2.787432877265e-01,        +3.720293329757e-03
 2.46582000e+00,        +1.414213562373e-01,        +2.787477173084e-01,        +3.721372326210e-03
 2.46584000e+00,        +1.414213562373e-01,        +2.787521516506e-01,        +3.722439514753e-03
 2.46586000e+00,        +1.414213562373e-01,        +2.787565906905e-01,        +3.723494887175e-03
 2.46588000e+00,        +1.414213562373e-01,        +2.787610343654e-01,        +3.724538435657e-03
 2.46590000e+00,        +1.414213562373e-01,        +2.787654826128e-01,        +3.725570152774e-03
 2.46592000e+00,        +1.414213562373e-01,        +2.787699353703e-01,        +3.726590031490e-03
 2.46594000e+00,        +1.414213562373e-01,        +2.787743925755e-01,        +3.727598065157e-03
 2.46596000e+00,        +1.414213562373e-01,        +2.787788541663e-01,        +3.728594247514e-03
 2.46598000e+00,        +1.414213562373e-01,        +2.787833200805e-01,        +3.729578572687e-03
 2.46600000e+00,        +1.414213562373e-01,        +2.787877902561e-01,        +3.730551035180e-03
 2.46602000e+00,        +1.414213562373e-01,        +2.787922646313e-01,        +3.731511629882e-03
 2.46604000e+00,        +1.414213562373e-01,        +2.787967431443e-01,        +3.732460352057e-03
 2.46606000e+00,        +1.414213562373e-01,        +2.788012257334e-01,        +3.733397197349e-03
 2.46608000e+00,        +1.414213562373e-01,        +2.788057123373e-01,        +3.734322161775e-03
 2.46610000e+00,        +1.414213562373e-01,        +2.788102028944e-01,        +3.735235241726e-03
 2.46612000e+00,        +1.414213562373e-01,        +2.788146973435e-01,        +3.736136433962e-03
 2.46614000e+00,        +1.414213562373e-01,        +2.788191956234e-01,        +3.737025735615e-03
 2.46616000e+00,        +1.414213562373e-01,        +2.788236976733e-01,        +3.737903144179e-03
 2.46618000e+00,        +1.414213562373e-01,        +2.788282034321e-01,        +3.738768657518e-03
 2.46620000e+00,        +1.414213562373e-01,        +2.788327128392e-01,        +3.739622273854e-03
 2.46622000e+00,        +1.414213562373e-01,        +2.788372258340e-01,        +3.740463991773e-03
 2.46624000e+00,        +1.414213562373e-01,        +2.788417423560e-01,        +3.741293810218e-03
 2.46626000e+00,        +1.414213562373e-01,        +2.788462623449e-01,        +3.742111728488e-03
 2.46628000e+00,        +1.414213562373e-01,        +2.788507857405e-01,        +3.742917746239e-03
 2.46630000e+00,        +1.414213562373e-01,        +2.788553124828e-01,        +3.743711863476e-03
 2.46632000e+00,        +1.414213562373e-01,        +2.788598425119e-01,        +3.744494080556e-03
 2.46634000e+00,        +1.414213562373e-01,        +2.788643757682e-01,        +3.745264398184e-03
 2.46636000e+00,        +1.414213562373e-01,        +2.788689121919e-01,        +3.746022817410e-03
 2.46638000e+00,        +1.414213562373e-01,        +2.788734517238e-01,        +3.746769339629e-03
 2.46640000e+00,        +1.414213562373e-01,        +2.788779943045e-01,        +3.747503966577e-03
 2.46642000e+00,        +1.414213562373e-01,        +2.788825398749e-01,        +3.748226700330e-03
 2.46644000e+00,        +1.414213562373e-01,        +2.788870883761e-01,        +3.748937543300e-03
 2.46646000e+00,        +1.414213562373e-01,        +2.788916397493e-01,        +3.749636498236e-03
 2.46648000e+00,        +1.414213562373e-01,        +2.788961939358e-01,        +3.750323568219e-03
 2.46650000e+00,        +1.414213562373e-01,        +2.789007508773e-01,        +3.750998756661e-03
 2.46652000e+00,        +1.414213562373e-01,        +2.789053105153e-01,        +3.751662067303e-03
 2.46654000e+00,        +1.414213562373e-01,        +2.789098727919e-01,        +3.752313504212e-03
 2.46656000e+00,        +1.414213562373e-01,        +2.789144376490e-01,        +3.752953071780e-03
 2.46658000e+00,        +1.414213562373e-01,        +2.789190050288e-01,        +3.753580774721e-03
 2.46660000e+00,        +1.414213562373e-01,        +2.789235748737e-01,        +3.754196618067e-03
 2.46662000e+00,        +1.414213562373e-01,        +2.789281471263e-01,        +3.754800607171e-03
 2.46664000e+00,        +1.414213562373e-01,        +2.789327217294e-01,        +3.755392747698e-03
 2.46666000e+00,        +1.414213562373e-01,        +2.789372986258e-01,        +3.755973045628e-03
 2.46668000e+00,        +1.414213562373e-01,        +2.789418777587e-01,        +3.756541507254e-03
 2.46670000e+00,        +1.414213562373e-01,        +2.789464590712e-01,        +3.757098139173e-03
 2.46672000e+00,        +1.414213562373e-01,        +2.789510425070e-01,        +3.757642948294e-03
 2.46674000e+00,        +1.414213562373e-01,        +2.789556280096e-01,        +3.758175941825e-03
 2.46676000e+00,        +1.414213562373e-01,        +2.789602155229e-01,        +3.758697127280e-03
 2.46678000e+00,        +1.414213562373e-01,        +2.789648049908e-01,        +3.759206512472e-03
 2.46680000e+00,        +1.414213562373e-01,        +2.789693963577e-01,        +3.759704105509e-03
 2.46682000e+00,        +1.414213562373e-01,        +2.789739895678e-01,        +3.760189914799e-03
 2.46684000e+00,        +1.414213562373e-01,        +2.789785845658e-01,        +3.760663949039e-03
 2.46686000e+00,        +1.414213562373e-01,        +2.789831812964e-01,        +3.761126217218e-03
 2.46688000e+00,        +1.414213562373e-01,        +2.789877797047e-01,        +3.761576728615e-03
 2.46690000e+00,        +1.414213562373e-01,        +2.789923797358e-01,        +3.762015492794e-03
 2.46692000e+00,        +1.414213562373e-01,        +2.789969813350e-01,        +3.762442519603e-03
 2.46694000e+00,        +1.414213562373e-01,        +2.790015844479e-01,        +3.762857819173e-03
 2.46696000e+00,        +1.414213562373e-01,        +2.790061890204e-01,        +3.763261401913e-03
 2.46698000e+00,        +1.414213562373e-01,        +2.790107949983e-01,        +3.763653278510e-03
 2.46700000e+00,        +1.414213562373e-01,        +2.790154023277e-01,        +3.764033459926e-03
 2.46702000e+00,        +1.414213562373e-01,        +2.790200109552e-01,        +3.764401957396e-03
 2.46704000e+00,        +1.414213562373e-01,        +2.790246208272e-01,        +3.764758782425e-03
 2.46706000e+00,        +1.414213562373e-01,        +2.790292318906e-01,        +3.765103946787e-03
 2.46708000e+00,        +1.414213562373e-01,        +2.790338440922e-01,        +3.765437462522e-03
 2.46710000e+00,        +1.414213562373e-01,        +2.790384573793e-01,        +3.765759341931e-03
 2.46712000e+00,        +1.414213562373e-01,        +2.790430716993e-01,        +3.766069597581e-03
 2.46714000e+00,        +1.414213562373e-01,        +2.790476869998e-01,        +3.766368242295e-03
 2.46716000e+00,        +1.414213562373e-01,        +2.790523032286e-01,        +3.766655289154e-03
 2.46718000e+00,        +1.414213562373e-01,        +2.790569203337e-01,        +3.766930751493e-03
 2.46720000e+00,        +1.414213562373e-01,        +2.790615382634e-01,        +3.767194642900e-03
 2.46722000e+00,        +1.414213562373e-01,        +2.790661569661e-01,        +3.767446977213e-03
 2.46724000e+00,        +1.414213562373e-01,        +2.790707763905e-01,        +3.767687768518e-03
 2.46726000e+00,        +1.414213562373e-01,        +2.790753964854e-01,        +3.767917031147e-03
 2.46728000e+00,        +1.414213562373e-01,        +2.790800172000e-01,        +3.768134779675e-03
 2.46730000e+00,        +1.414213562373e-01,        +2.790846384836e-01,        +3.768341028917e-03
 2.46732000e+00,        +1.414213562373e-01,        +2.790892602856e-01,        +3.768535793928e-03
 2.46734000e+00,        +1.414213562373e-01,        +2.790938825559e-01,        +3.768719090001e-03
 2.46736000e+00,        +1.414213562373e-01,        +2.790985052443e-01,        +3.768890932662e-03
 2.46738000e+00,        +1.414213562373e-01,        +2.791031283012e-01,        +3.769051337668e-03
 2.46740000e+00,        +1.414213562373e-01,        +2.791077516768e-01,        +3.769200321007e-03
 2.46742000e+00,        +1.414213562373e-01,        +2.791123753219e-01,        +3.769337898897e-03
 2.46744000e+00,        +1.414213562373e-01,        +2.791169991872e-01,        +3.769464087778e-03
 2.46746000e+00,        +1.414213562373e-01,        +2.791216232239e-01,        +3.769578904314e-03
 2.46748000e+00,        +1.414213562373e-01,        +2.791262473832e-01,        +3.769682365392e-03
 2.46750000e+00,        +1.414213562373e-01,        +2.791308716167e-01,        +3.769774488116e-03
 2.46752000e+00,        +1.414213562373e-01,        +2.791354958760e-01,        +3.769855289807e-03
 2.46754000e+00,        +1.414213562373e-01,        +2.791401201132e-01,        +3.769924788000e-03
 2.46756000e+00,        +1.414213562373e-01,        +2.791447442805e-01,        +3.769983000444e-03
 2.46758000e+00,        +1.414213562373e-01,        +2.791493683302e-01,        +3.770029945095e-03
 2.46760000e+00,        +1.414213562373e-01,        +2.791539922151e-01,        +3.770065640120e-03
 2.46762000e+00,        +1.414213562373e-01,        +2.791586158879e-01,        +3.770090103890e-03
 2.46764000e+00,        +1.414213562373e-01,        +2.791632393019e-01,        +3.770103354979e-03
 2.46766000e+00,        +1.414213562373e-01,        +2.791678624102e-01,        +3.770105412162e-03
 2.46768000e+00,        +1.414213562373e-01,        +2.791724851666e-01,        +3.770096294415e-03
 2.46770000e+00,        +1.414213562373e-01,        +2.791771075248e-01,        +3.770076020910e-03
 2.46772000e+00,        +1.414213562373e-01,        +2.791817294387e-01,        +3.770044611012e-03
 2.46774000e+00,        +1.414213562373e-01,        +2.791863508628e-01,        +3.770002084282e-03
 2.46776000e+00,        +1.414213562373e-01,        +2.791909717513e-01,        +3.769948460468e-03
 2.46778000e+00,        +1.414213562373e-01,        +2.791955920591e-01,        +3.769883759508e-03
 2.46780000e+00,        +1.414213562373e-01,        +2.792002117410e-01,        +3.769808001526e-03
 2.46782000e+00,        +1.414213562373e-01,        +2.792048307524e-01,        +3.769721206831e-03
 2.46784000e+00,        +1.414213562373e-01,        +2.792094490485e-01,        +3.769623395911e-03
 2.46786000e+00,        +1.414213562373e-01,        +2.792140665850e-01,        +3.769514589436e-03
 2.46788000e+00,        +1.414213562373e-01,        +2.792186833178e-01,        +3.769394808255e-03
 2.46790000e+00,        +1.414213562373e-01,        +2.792232992030e-01,        +3.769264073388e-03
 2.46792000e+00,        +1.414213562373e-01,        +2.792279141969e-01,        +3.769122406033e-03
 2.46794000e+00,        +1.414213562373e-01,        +2.792325282561e-01,        +3.768969827557e-03
 2.46796000e+00,        +1.414213562373e-01,        +2.792371413374e-01,        +3.768806359496e-03
 2.46798000e+00,        +1.414213562373e-01,        +2.792417533979e-01,        +3.768632023555e-03
 2.46800000e+00,        +1.414213562373e-01,        +2.792463643948e-01,        +3.768446841603e-03
 2.46802000e+00,        +1.414213562373e-01,        +2.792509742856e-01,        +3.768250835671e-03
 2.46804000e+00,        +1.414213562373e-01,        +2.792555830281e-01,        +3.768044027953e-03
 2.46806000e+00,        +1.414213562373e-01,        +2.792601905802e-01,        +3.767826440800e-03
 2.46808000e+00,        +1.414213562373e-01,        +2.792647969003e-01,        +3.767598096722e-03
 2.46810000e+00,        +1.414213562373e-01,        +2.792694019466e-01,        +3.767359018382e-03
 2.46812000e+00,        +1.414213562373e-01,        +2.792740056780e-01,        +3.767109228596e-03
 2.46814000e+00,        +1.414213562373e-01,        +2.792786080533e-01,        +3.766848750333e-03
 2.46816000e+00,        +1.414213562373e-01,        +2.792832090316e-01,        +3.766577606707e-03
 2.46818000e+00,        +1.414213562373e-01,        +2.792878085725e-01,        +3.766295820982e-03
 2.46820000e+00,        +1.414213562373e-01,        +2.792924066354e-01,        +3.766003416565e-03
 2.46822000e+00,        +1.414213562373e-01,        +2.792970031803e-01,        +3.765700417007e-03
 2.46824000e+00,        +1.414213562373e-01,        +2.793015981673e-01,        +3.765386845998e-03
 2.46826000e+00,        +1.414213562373e-01,        +2.793061915567e-01,        +3.765062727370e-03
 2.46828000e+00,        +1.414213562373e-01,        +2.793107833090e-01,        +3.764728085089e-03
 2.46830000e+00,        +1.414213562373e-01,        +2.793153733851e-01,        +3.764382943257e-03
 2.46832000e+00,        +1.414213562373e-01,        +2.793199617459e-01,        +3.764027326109e-03
 2.46834000e+00,        +1.414213562373e-01,        +2.793245483529e-01,        +3.763661258010e-03
 2.46836000e+00,        +1.414213562373e-01,        +2.793291331675e-01,        +3.763284763457e-03
 2.46838000e+00,        +1.414213562373e-01,        +2.793337161514e-01,        +3.762897867071e-03
 2.46840000e+00,        +1.414213562373e-01,        +2.793382972666e-01,        +3.762500593599e-03
 2.46842000e+00,        +1.414213562373e-01,        +2.793428764753e-01,        +3.762092967913e-03
 2.46844000e+00,        +1.414213562373e-01,        +2.793474537401e-01,        +3.761675015006e-03
 2.46846000e+00,        +1.414213562373e-01,        +2.793520290235e-01,        +3.761246759989e-03
 2.46848000e+00,        +1.414213562373e-01,        +2.793566022885e-01,        +3.760808228093e-03
 2.46850000e+00,        +1.414213562373e-01,        +2.793611734982e-01,        +3.760359444662e-03
 2.46852000e+00,        +1.414213562373e-01,        +2.793657426161e-01,        +3.759900435158e-03
 2.46854000e+00,        +1.414213562373e-01,        +2.793703096058e-01,        +3.759431225152e-03
 2.46856000e+00,        +1.414213562373e-01,        +2.793748744311e-01,        +3.758951840326e-03
 2.46858000e+00,        +1.414213562373e-01,        +2.793794370561e-01,        +3.758462306471e-03
 2.46860000e+00,        +1.414213562373e-01,        +2.793839974451e-01,        +3.757962649486e-03
 2.46862000e+00,        +1.414213562373e-01,        +2.793885555627e-01,        +3.757452895372e-03
 2.46864000e+00,        +1.414213562373e-01,        +2.793931113738e-01,        +3.756933070235e-03
 2.46866000e+00,        +1.414213562373e-01,        +2.793976648432e-01,        +3.756403200282e-03
 2.46868000e+00,        +1.414213562373e-01,        +2.794022159363e-01,        +3.755863311819e-03
 2.46870000e+00,        +1.414213562373e-01,        +2.794067646186e-01,        +3.755313431252e-03
 2.46872000e+00,        +1.414213562373e-01,        +2.794113108558e-01,        +3.754753585080e-03
 2.46874000e+00,        +1.414213562373e-01,        +2.794158546138e-01,        +3.754183799899e-03
 2.46876000e+00,        +1.414213562373e-01,        +2.794203958588e-01,        +3.753604102394e-03
 2.46878000e+00,        +1.414213562373e-01,        +2.794249345573e-01,        +3.753014519344e-03
 2.46880000e+00,        +1.414213562373e-01,        +2.794294706758e-01,        +3.752415077617e-03
 2.46882000e+00,        +1.414213562373e-01,        +2.794340041814e-01,        +3.751805804167e-03
 2.46884000e+00,        +1.414213562373e-01,        +2.794385350410e-01,        +3.751186726033e-03
 2.46886000e+00,        +1.414213562373e-01,        +2.794430632220e-01,        +3.750557870340e-03
 2.46888000e+00,        +1.414213562373e-01,        +2.794475886920e-01,        +3.749919264295e-03
 2.46890000e+00,        +1.414213562373e-01,        +2.794521114188e-01,        +3.749270935184e-03
 2.46892000e+00,        +1.414213562373e-01,        +2.794566313704e-01,        +3.748612910374e-03
 2.46894000e+00,        +1.414213562373e-01,        +2.794611485150e-01,        +3.747945217308e-03
 2.46896000e+00,        +1.414213562373e-01,        +2.794656628211e-01,        +3.747267883505e-03
 2.46898000e+00,        +1.414213562373e-01,        +2.794701742576e-01,        +3.746580936559e-03
 2.46900000e+00,        +1.414213562373e-01,        +2.794746827931e-01,        +3.745884404136e-03
 2.46902000e+00,        +1.414213562373e-01,        +2.794791883970e-01,        +3.745178313972e-03
 2.46904000e+00,        +1.414213562373e-01,        +2.794836910387e-01,        +3.744462693873e-03
 2.46906000e+00,        +1.414213562373e-01,        +2.794881906877e-01,        +3.743737571712e-03
 2.46908000e+00,        +1.414213562373e-01,        +2.794926873138e-01,        +3.743002975430e-03
 2.46910000e+00,        +1.414213562373e-01,        +2.794971808872e-01,        +3.742258933030e-03
 2.46912000e+00,        +1.414213562373e-01,        +2.795016713781e-01,        +3.741505472580e-03
 2.46914000e+00,        +1.414213562373e-01,        +2.795061587571e-01,        +3.740742622209e-03
 2.46916000e+00,        +1.414213562373e-01,        +2.795106429948e-01,        +3.739970410104e-03
 2.46918000e+00,        +1.414213562373e-01,        +2.795151240623e-01,        +3.739188864514e-03
 2.46920000e+00,        +1.414213562373e-01,        +2.795196019306e-01,        +3.738398013742e-03
 2.46922000e+00,        +1.414213562373e-01,        +2.795240765713e-01,        +3.737597886147e-03
 2.46924000e+00,        +1.414213562373e-01,        +2.795285479559e-01,        +3.736788510142e-03
 2.46926000e+00,        +1.414213562373e-01,        +2.795330160562e-01,        +3.735969914194e-03
 2.46928000e+00,        +1.414213562373e-01,        +2.795374808444e-01,        +3.735142126817e-03
 2.46930000e+00,        +1.414213562373e-01,        +2.795419422927e-01,        +3.734305176579e-03
 2.46932000e+00,        +1.414213562373e-01,        +2.795464003736e-01,        +3.733459092094e-03
 2.46934000e+00,        +1.414213562373e-01,        +2.795508550599e-01,        +3.732603902022e-03
 2.46936000e+00,        +1.414213562373e-01,        +2.795553063244e-01,        +3.731739635068e-03
 2.46938000e+00,        +1.414213562373e-01,        +2.795597541403e-01,        +3.730866319982e-03
 2.46940000e+00,        +1.414213562373e-01,        +2.795641984810e-01,        +3.729983985557e-03
 2.46942000e+00,        +1.414213562373e-01,        +2.795686393201e-01,        +3.729092660624e-03
 2.46944000e+00,        +1.414213562373e-01,        +2.795730766313e-01,        +3.728192374057e-03
 2.46946000e+00,        +1.414213562373e-01,        +2.795775103888e-01,        +3.727283154764e-03
 2.46948000e+00,        +1.414213562373e-01,        +2.795819405666e-01,        +3.726365031695e-03
 2.46950000e+00,        +1.414213562373e-01,        +2.795863671394e-01,        +3.725438033831e-03
 2.46952000e+00,        +1.414213562373e-01,        +2.795907900816e-01,        +3.724502190189e-03
 2.46954000e+00,        +1.414213562373e-01,        +2.795952093683e-01,        +3.723557529820e-03
 2.46956000e+00,        +1.414213562373e-01,        +2.795996249744e-01,        +3.722604081803e-03
 2.46958000e+00,        +1.414213562373e-01,        +2.796040368753e-01,        +3.721641875250e-03
 2.46960000e+00,        +1.414213562373e-01,        +2.796084450464e-01,        +3.720670939301e-03
 2.46962000e+00,        +1.414213562373e-01,        +2.796128494636e-01,        +3.719691303124e-03
 2.46964000e+00,        +1.414213562373e-01,        +2.796172501026e-01,        +3.718702995912e-03
 2.46966000e+00,        +1.414213562373e-01,        +2.796216469396e-01,        +3.717706046884e-03
 2.46968000e+00,        +1.414213562373e-01,        +2.796260399510e-01,        +3.716700485283e-03
 2.46970000e+00,        +1.414213562373e-01,        +2.796304291133e-01,        +3.715686340373e-03
 2.46972000e+00,        +1.414213562373e-01,        +2.796348144033e-01,        +3.714663641441e-03
 2.46974000e+00,        +1.414213562373e-01,        +2.796391957978e-01,        +3.713632417793e-03
 2.46976000e+00,        +1.414213562373e-01,        +2.796435732742e-01,        +3.712592698753e-03
 2.46978000e+00,        +1.414213562373e-01,        +2.796479468096e-01,        +3.711544513665e-03
 2.46980000e+00,        +1.414213562373e-01,        +2.796523163818e-01,        +3.710487891886e-03
 2.46982000e+00,        +1.414213562373e-01,        +2.796566819684e-01,        +3.709422862792e-03
 2.46984000e+00,        +1.414213562373e-01,        +2.796610435475e-01,        +3.708349455769e-03
 2.46986000e+00,        +1.414213562373e-01,        +2.796654010972e-01,        +3.707267700220e-03
 2.46988000e+00,        +1.414213562373e-01,        +2.796697545959e-01,        +3.706177625556e-03
 2.46990000e+00,        +1.414213562373e-01,        +2.796741040221e-01,        +3.705079261200e-03
 2.46992000e+00,        +1.414213562373e-01,        +2.796784493547e-01,        +3.703972636584e-03
 2.46994000e+00,        +1.414213562373e-01,        +2.796827905726e-01,        +3.702857781150e-03
 2.46996000e+00,        +1.414213562373e-01,        +2.796871276550e-01,        +3.701734724345e-03
 2.46998000e+00,        +1.414213562373e-01,        +2.796914605813e-01,        +3.700603495623e-03
 2.47000000e+00,        +1.414213562373e-01,        +2.796957893309e-01,        +3.699464124441e-03
 2.47002000e+00,        +1.414213562373e-01,        +2.797001138837e-01,        +3.698316640264e-03
 2.47004000e+00,        +1.414213562373e-01,        +2.797044342197e-01,        +3.697161072556e-03
 2.47006000e+00,        +1.414213562373e-01,        +2.797087503189e-01,        +3.695997450783e-03
 2.47008000e+00,        +1.414213562373e-01,        +2.797130621617e-01,        +3.694825804414e-03
 2.47010000e+00,        +1.414213562373e-01,        +2.797173697287e-01,        +3.693646162915e-03
 2.47012000e+00,        +1.414213562373e-01,        +2.797216730005e-01,        +3.692458555753e-03
 2.47014000e+00,        +1.414213562373e-01,        +2.797259719582e-01,        +3.691263012389e-03
 2.47016000e+00,        +1.414213562373e-01,        +2.797302665827e-01,        +3.690059562284e-03
 2.47018000e+00,        +1.414213562373e-01,        +2.797345568554e-01,        +3.688848234893e-03
 2.47020000e+00,        +1.414213562373e-01,        +2.797388427578e-01,        +3.687629059664e-03
 2.47022000e+00,        +1.414213562373e-01,        +2.797431242715e-01,        +3.686402066042e-03
 2.47024000e+00,        +1.414213562373e-01,        +2.797474013784e-01,        +3.685167283461e-03
 2.47026000e+00,        +1.414213562373e-01,        +2.797516740606e-01,        +3.683924741348e-03
 2.47028000e+00,        +1.414213562373e-01,        +2.797559423002e-01,        +3.682674469122e-03
 2.47030000e+00,        +1.414213562373e-01,        +2.797602060798e-01,        +3.681416496188e-03
 2.47032000e+00,        +1.414213562373e-01,        +2.797644653818e-01,        +3.680150851943e-03
 2.47034000e+00,        +1.414213562373e-01,        +2.797687201891e-01,        +3.678877565771e-03
 2.47036000e+00,        +1.414213562373e-01,        +2.797729704847e-01,        +3.677596667040e-03
 2.47038000e+00,        +1.414213562373e-01,        +2.797772162516e-01,        +3.676308185109e-03
 2.47040000e+00,        +1.414213562373e-01,        +2.797814574732e-01,        +3.675012149317e-03
 2.47042000e+00,        +1.414213562373e-01,        +2.797856941331e-01,        +3.673708588989e-03
 2.47044000e+00,        +1.414213562373e-01,        +2.797899262149e-01,        +3.672397533435e-03
 2.47046000e+00,        +1.414213562373e-01,        +2.797941537024e-01,        +3.671079011946e-03
 2.47048000e+00,        +1.414213562373e-01,        +2.797983765798e-01,        +3.669753053792e-03
 2.47050000e+00,        +1.414213562373e-01,        +2.798025948312e-01,        +3.668419688227e-03
 2.47052000e+00,        +1.414213562373e-01,        +2.798068084410e-01,        +3.667078944483e-03
 2.47054000e+00,        +1.414213562373e-01,        +2.798110173938e-01,        +3.665730851771e-03
 2.47056000e+00,        +1.414213562373e-01,        +2.798152216743e-01,        +3.664375439282e-03
 2.47058000e+00,        +1.414213562373e-01,        +2.798194212676e-01,        +3.663012736181e-03
 2.47060000e+00,        +1.414213562373e-01,        +2.798236161585e-01,        +3.661642771612e-03
 2.47062000e+00,        +1.414213562373e-01,        +2.798278063325e-01,        +3.660265574692e-03
 2.47064000e+00,        +1.414213562373e-01,        +2.798319917749e-01,        +3.658881174517e-03
 2.47066000e+00,        +1.414213562373e-01,        +2.798361724713e-01,        +3.657489600153e-03
 2.47068000e+00,        +1.414213562373e-01,        +2.798403484076e-01,        +3.656090880640e-03
 2.47070000e+00,        +1.414213562373e-01,        +2.798445195697e-01,        +3.654685044992e-03
 2.47072000e+00,        +1.414213562373e-01,        +2.798486859436e-01,        +3.653272122195e-03
 2.47074000e+00,        +1.414213562373e-01,        +2.798528475156e-01,        +3.651852141203e-03
 2.47076000e+00,        +1.414213562373e-01,        +2.798570042723e-01,        +3.650425130943e-03
 2.47078000e+00,        +1.414213562373e-01,        +2.798611562001e-01,        +3.648991120310e-03
 2.47080000e+00,        +1.414213562373e-01,        +2.798653032859e-01,        +3.647550138169e-03
 2.47082000e+00,        +1.414213562373e-01,        +2.798694455166e-01,        +3.646102213352e-03
 2.47084000e+00,        +1.414213562373e-01,        +2.798735828793e-01,        +3.644647374658e-03
 2.47086000e+00,        +1.414213562373e-01,        +2.798777153613e-01,        +3.643185650855e-03
 2.47088000e+00,        +1.414213562373e-01,        +2.798818429500e-01,        +3.641717070673e-03
 2.47090000e+00,        +1.414213562373e-01,        +2.798859656329e-01,        +3.640241662810e-03
 2.47092000e+00,        +1.414213562373e-01,        +2.798900833979e-01,        +3.638759455929e-03
 2.47094000e+00,        +1.414213562373e-01,        +2.798941962328e-01,        +3.637270478655e-03
 2.47096000e+00,        +1.414213562373e-01,        +2.798983041256e-01,        +3.635774759577e-03
 2.47098000e+00,        +1.414213562373e-01,        +2.799024070646e-01,        +3.634272327247e-03
 2.47100000e+00,        +1.414213562373e-01,        +2.799065050382e-01,        +3.632763210178e-03
 2.47102000e+00,        +1.414213562373e-01,        +2.799105980349e-01,        +3.631247436845e-03
 2.47104000e+00,        +1.414213562373e-01,        +2.799146860433e-01,        +3.629725035684e-03
 2.47106000e+00,        +1.414213562373e-01,        +2.799187690523e-01,        +3.628196035090e-03
 2.47108000e+00,        +1.414213562373e-01,        +2.799228470510e-01,        +3.626660463418e-03
 2.47110000e+00,        +1.414213562373e-01,        +2.799269200284e-01,        +3.625118348982e-03
 2.47112000e+00,        +1.414213562373e-01,        +2.799309879738e-01,        +3.623569720053e-03
 2.47114000e+00,        +1.414213562373e-01,        +2.799350508766e-01,        +3.622014604862e-03
 2.47116000e+00,        +1.414213562373e-01,        +2.799391087266e-01,        +3.620453031594e-03
 2.47118000e+00,        +1.414213562373e-01,        +2.799431615133e-01,        +3.618885028394e-03
 2.47120000e+00,        +1.414213562373e-01,        +2.799472092268e-01,        +3.617310623360e-03
 2.47122000e+00,        +1.414213562373e-01,        +2.799512518569e-01,        +3.615729844546e-03
 2.47124000e+00,        +1.414213562373e-01,        +2.799552893940e-01,        +3.614142719962e-03
 2.47126000e+00,        +1.414213562373e-01,        +2.799593218284e-01,        +3.612549277570e-03
 2.47128000e+00,        +1.414213562373e-01,        +2.799633491504e-01,        +3.610949545289e-03
 2.47130000e+00,        +1.414213562373e-01,        +2.799673713508e-01,        +3.609343550987e-03
 2.47132000e+00,        +1.414213562373e-01,        +2.799713884203e-01,        +3.607731322489e-03
 2.47134000e+00,        +1.414213562373e-01,        +2.799754003498e-01,        +3.606112887570e-03
 2.47136000e+00,        +1.414213562373e-01,        +2.799794071304e-01,        +3.604488273954e-03
 2.47138000e+00,        +1.414213562373e-01,        +2.799834087532e-01,        +3.602857509322e-03
 2.47140000e+00,        +1.414213562373e-01,        +2.799874052095e-01,        +3.601220621300e-03
 2.47142000e+00,        +1.414213562373e-01,        +2.799913964909e-01,        +3.599577637468e-03
 2.47144000e+00,        +1.414213562373e-01,        +2.799953825889e-01,        +3.597928585355e-03
 2.47146000e+00,        +1.414213562373e-01,        +2.799993634953e-01,        +3.596273492436e-03
 2.47148000e+00,        +1.414213562373e-01,        +2.800033392019e-01,        +3.594612386139e-03
 2.47150000e+00,        +1.414213562373e-01,        +2.800073097008e-01,        +3.592945293837e-03
 2.47152000e+00,        +1.414213562373e-01,        +2.800112749841e-01,        +3.591272242854e-03
 2.47154000e+00,        +1.414213562373e-01,        +2.800152350441e-01,        +3.589593260459e-03
 2.47156000e+00,        +1.414213562373e-01,        +2.800191898732e-01,        +3.587908373868e-03
 2.47158000e+00,        +1.414213562373e-01,        +2.800231394640e-01,        +3.586217610244e-03
 2.47160000e+00,        +1.414213562373e-01,        +2.800270838091e-01,        +3.584520996697e-03
 2.47162000e+00,        +1.414213562373e-01,        +2.800310229014e-01,        +3.582818560280e-03
 2.47164000e+00,        +1.414213562373e-01,        +2.800349567337e-01,        +3.581110327995e-03
 2.47166000e+00,        +1.414213562373e-01,        +2.800388852993e-01,        +3.579396326786e-03
 2.47168000e+00,        +1.414213562373e-01,        +2.800428085912e-01,        +3.577676583543e-03
 2.47170000e+00,        +1.414213562373e-01,        +2.800467266028e-01,        +3.575951125098e-03
 2.47172000e+00,        +1.414213562373e-01,        +2.800506393275e-01,        +3.574219978229e-03
 2.47174000e+00,        +1.414213562373e-01,        +2.800545467590e-01,        +3.572483169655e-03
 2.47176000e+00,        +1.414213562373e-01,        +2.800584488910e-01,        +3.570740726041e-03
 2.47178000e+00,        +1.414213562373e-01,        +2.800623457172e-01,        +3.568992673991e-03
 2.47180000e+00,        +1.414213562373e-01,        +2.800662372317e-01,        +3.567239040054e-03
 2.47182000e+00,        +1.414213562373e-01,        +2.800701234284e-01,        +3.565479850719e-03
 2.47184000e+00,        +1.414213562373e-01,        +2.800740043017e-01,        +3.563715132418e-03
 2.47186000e+00,        +1.414213562373e-01,        +2.800778798459e-01,        +3.561944911522e-03
 2.47188000e+00,        +1.414213562373e-01,        +2.800817500553e-01,        +3.560169214345e-03
 2.47190000e+00,        +1.414213562373e-01,        +2.800856149246e-01,        +3.558388067140e-03
 2.47192000e+00,        +1.414213562373e-01,        +2.800894744484e-01,        +3.556601496101e-03
 2.47194000e+00,        +1.414213562373e-01,        +2.800933286216e-01,        +3.554809527361e-03
 2.47196000e+00,        +1.414213562373e-01,        +2.800971774390e-01,        +3.553012186993e-03
 2.47198000e+00,        +1.414213562373e-01,        +2.801010208957e-01,        +3.551209501010e-03
 2.47200000e+00,        +1.414213562373e-01,        +2.801048589869e-01,        +3.549401495362e-03
 2.47202000e+00,        +1.414213562373e-01,        +2.801086917079e-01,        +3.547588195939e-03
 2.47204000e+00,        +1.414213562373e-01,        +2.801125190539e-01,        +3.545769628570e-03
 2.47206000e+00,        +1.414213562373e-01,        +2.801163410205e-01,        +3.543945819018e-03
 2.47208000e+00,        +1.414213562373e-01,        +2.801201576034e-01,        +3.542116792990e-03
 2.47210000e+00,        +1.414213562373e-01,        +2.801239687982e-01,        +3.540282576124e-03
 2.47212000e+00,        +1.414213562373e-01,        +2.801277746009e-01,        +3.538443194001e-03
 2.47214000e+00,        +1.414213562373e-01,        +2.801315750072e-01,        +3.536598672135e-03
 2.47216000e+00,        +1.414213562373e-01,        +2.801353700134e-01,        +3.534749035977e-03
 2.47218000e+00,        +1.414213562373e-01,        +2.801391596155e-01,        +3.532894310917e-03
 2.47220000e+00,        +1.414213562373e-01,        +2.801429438098e-01,        +3.531034522278e-03
 2.47222000e+00,        +1.414213562373e-01,        +2.801467225928e-01,        +3.529169695321e-03
 2.47224000e+00,        +1.414213562373e-01,        +2.801504959609e-01,        +3.527299855242e-03
 2.47226000e+00,        +1.414213562373e-01,        +2.801542639107e-01,        +3.525425027173e-03
 2.47228000e+00,        +1.414213562373e-01,        +2.801580264390e-01,        +3.523545236180e-03
 2.47230000e+00,        +1.414213562373e-01,        +2.801617835424e-01,        +3.521660507265e-03
 2.47232000e+00,        +1.414213562373e-01,        +2.801655352180e-01,        +3.519770865365e-03
 2.47234000e+00,        +1.414213562373e-01,        +2.801692814628e-01,        +3.517876335351e-03
 2.47236000e+00,        +1.414213562373e-01,        +2.801730222739e-01,        +3.515976942027e-03
 2.47238000e+00,        +1.414213562373e-01,        +2.801767576485e-01,        +3.514072710134e-03
 2.47240000e+00,        +1.414213562373e-01,        +2.801804875839e-01,        +3.512163664345e-03
 2.47242000e+00,        +1.414213562373e-01,        +2.801842120776e-01,        +3.510249829269e-03
 2.47244000e+00,        +1.414213562373e-01,        +2.801879311270e-01,        +3.508331229444e-03
 2.47246000e+00,        +1.414213562373e-01,        +2.801916447299e-01,        +3.506407889347e-03
 2.47248000e+00,        +1.414213562373e-01,        +2.801953528839e-01,        +3.504479833385e-03
 2.47250000e+00,        +1.414213562373e-01,        +2.801990555869e-01,        +3.502547085897e-03
 2.47252000e+00,        +1.414213562373e-01,        +2.802027528367e-01,        +3.500609671159e-03
 2.47254000e+00,        +1.414213562373e-01,        +2.802064446315e-01,        +3.498667613375e-03
 2.47256000e+00,        +1.414213562373e-01,        +2.802101309692e-01,        +3.496720936685e-03
 2.47258000e+00,        +1.414213562373e-01,        +2.802138118482e-01,        +3.494769665160e-03
 2.47260000e+00,        +1.414213562373e-01,        +2.802174872667e-01,        +3.492813822803e-03
 2.47262000e+00,        +1.414213562373e-01,        +2.802211572231e-01,        +3.490853433550e-03
 2.47264000e+00,        +1.414213562373e-01,        +2.802248217159e-01,        +3.488888521269e-03
 2.47266000e+00,        +1.414213562373e-01,        +2.802284807437e-01,        +3.486919109758e-03
 2.47268000e+00,        +1.414213562373e-01,        +2.802321343052e-01,        +3.484945222748e-03
 2.47270000e+00,        +1.414213562373e-01,        +2.802357823991e-01,        +3.482966883903e-03
 2.47272000e+00,        +1.414213562373e-01,        +2.802394250242e-01,        +3.480984116816e-03
 2.47274000e+00,        +1.414213562373e-01,        +2.802430621796e-01,        +3.478996945013e-03
 2.47276000e+00,        +1.414213562373e-01,        +2.802466938643e-01,        +3.477005391949e-03
 2.47278000e+00,        +1.414213562373e-01,        +2.802503200773e-01,        +3.475009481013e-03
 2.47280000e+00,        +1.414213562373e-01,        +2.802539408179e-01,        +3.473009235522e-03
 2.47282000e+00,        +1.414213562373e-01,        +2.802575560854e-01,        +3.471004678727e-03
 2.47284000e+00,        +1.414213562373e-01,        +2.802611658792e-01,        +3.468995833808e-03
 2.47286000e+00,        +1.414213562373e-01,        +2.802647701988e-01,        +3.466982723874e-03
 2.47288000e+00,        +1.414213562373e-01,        +2.802683690436e-01,        +3.464965371968e-03
 2.47290000e+00,        +1.414213562373e-01,        +2.802719624133e-01,        +3.462943801061e-03
 2.47292000e+00,        +1.414213562373e-01,        +2.802755503078e-01,        +3.460918034056e-03
 2.47294000e+00,        +1.414213562373e-01,        +2.802791327267e-01,        +3.458888093785e-03
 2.47296000e+00,        +1.414213562373e-01,        +2.802827096699e-01,        +3.456854003011e-03
 2.47298000e+00,        +1.414213562373e-01,        +2.802862811375e-01,        +3.454815784426e-03
 2.47300000e+00,        +1.414213562373e-01,        +2.802898471295e-01,        +3.452773460654e-03
 2.47302000e+00,        +1.414213562373e-01,        +2.802934076460e-01,        +3.450727054248e-03
 2.47304000e+00,        +1.414213562373e-01,        +2.802969626872e-01,        +3.448676587690e-03
 2.47306000e+00,        +1.414213562373e-01,        +2.803005122534e-01,        +3.446622083394e-03
 2.47308000e+00,        +1.414213562373e-01,        +2.803040563450e-01,        +3.444563563701e-03
 2.47310000e+00,        +1.414213562373e-01,        +2.803075949625e-01,        +3.442501050885e-03
 2.47312000e+00,        +1.414213562373e-01,        +2.803111281063e-01,        +3.440434567148e-03
 2.47314000e+00,        +1.414213562373e-01,        +2.803146557771e-01,        +3.438364134621e-03
 2.47316000e+00,        +1.414213562373e-01,        +2.803181779756e-01,        +3.436289775366e-03
 2.47318000e+00,        +1.414213562373e-01,        +2.803216947025e-01,        +3.434211511374e-03
 2.47320000e+00,        +1.414213562373e-01,        +2.803252059586e-01,        +3.432129364565e-03
 2.47322000e+00,        +1.414213562373e-01,        +2.803287117449e-01,        +3.430043356790e-03
 2.47324000e+00,        +1.414213562373e-01,        +2.803322120622e-01,        +3.427953509828e-03
 2.47326000e+00,        +1.414213562373e-01,        +2.803357069118e-01,        +3.425859845389e-03
 2.47328000e+00,        +1.414213562373e-01,        +2.803391962947e-01,        +3.423762385110e-03
 2.47330000e+00,        +1.414213562373e-01,        +2.803426802121e-01,        +3.421661150560e-03
 2.47332000e+00,        +1.414213562373e-01,        +2.803461586652e-01,        +3.419556163235e-03
 2.47334000e+00,        +1.414213562373e-01,        +2.803496316555e-01,        +3.417447444564e-03
 2.47336000e+00,        +1.414213562373e-01,        +2.803530991843e-01,        +3.415335015901e-03
 2.47338000e+00,        +1.414213562373e-01,        +2.803565612531e-01,        +3.413218898532e-03
 2.47340000e+00,        +1.414213562373e-01,        +2.803600178634e-01,        +3.411099113673e-03
 2.47342000e+00,        +1.414213562373e-01,        +2.803634690170e-01,        +3.408975682466e-03
 2.47344000e+00,        +1.414213562373e-01,        +2.803669147153e-01,        +3.406848625985e-03
 2.47346000e+00,        +1.414213562373e-01,        +2.803703549603e-01,        +3.404717965234e-03
 2.47348000e+00,        +1.414213562373e-01,        +2.803737897538e-01,        +3.402583721144e-03
 2.47350000e+00,        +1.414213562373e-01,        +2.803772190975e-01,        +3.400445914578e-03
 2.47352000e+00,        +1.414213562373e-01,        +2.803806429935e-01,        +3.398304566324e-03
 2.47354000e+00,        +1.414213562373e-01,        +2.803840614438e-01,        +3.396159697105e-03
 2.47356000e+00,        +1.414213562373e-01,        +2.803874744505e-01,        +3.394011327570e-03
 2.47358000e+00,        +1.414213562373e-01,        +2.803908820157e-01,        +3.391859478298e-03
 2.47360000e+00,        +1.414213562373e-01,        +2.803942841416e-01,        +3.389704169797e-03
 2.47362000e+00,        +1.414213562373e-01,        +2.803976808305e-01,        +3.387545422505e-03
 2.47364000e+00,        +1.414213562373e-01,        +2.804010720848e-01,        +3.385383256790e-03
 2.47366000e+00,        +1.414213562373e-01,        +2.804044579068e-01,        +3.383217692948e-03
 2.47368000e+00,        +1.414213562373e-01,        +2.804078382990e-01,        +3.381048751207e-03
 2.47370000e+00,        +1.414213562373e-01,        +2.804112132639e-01,        +3.378876451722e-03
 2.47372000e+00,        +1.414213562373e-01,        +2.804145828041e-01,        +3.376700814580e-03
 2.47374000e+00,        +1.414213562373e-01,        +2.804179469222e-01,        +3.374521859794e-03
 2.47376000e+00,        +1.414213562373e-01,        +2.804213056209e-01,        +3.372339607312e-03
 2.47378000e+00,        +1.414213562373e-01,        +2.804246589031e-01,        +3.370154077006e-03
 2.47380000e+00,        +1.414213562373e-01,        +2.804280067714e-01,        +3.367965288683e-03
 2.47382000e+00,        +1.414213562373e-01,        +2.804313492288e-01,        +3.365773262076e-03
 2.47384000e+00,        +1.414213562373e-01,        +2.804346862782e-01,        +3.363578016849e-03
 2.47386000e+00,        +1.414213562373e-01,        +2.804380179226e-01,        +3.361379572597e-03
 2.47388000e+00,        +1.414213562373e-01,        +2.804413441650e-01,        +3.359177948844e-03
 2.47390000e+00,        +1.414213562373e-01,        +2.804446650086e-01,        +3.356973165045e-03
 2.47392000e+00,        +1.414213562373e-01,        +2.804479804565e-01,        +3.354765240583e-03
 2.47394000e+00,        +1.414213562373e-01,        +2.804512905118e-01,        +3.352554194773e-03
 2.47396000e+00,        +1.414213562373e-01,        +2.804545951779e-01,        +3.350340046860e-03
 2.47398000e+00,        +1.414213562373e-01,        +2.804578944581e-01,        +3.348122816019e-03
 2.47400000e+00,        +1.414213562373e-01,        +2.804611883557e-01,        +3.345902521355e-03
 2.47402000e+00,        +1.414213562373e-01,        +2.804644768742e-01,        +3.343679181904e-03
 2.47404000e+00,        +1.414213562373e-01,        +2.804677600170e-01,        +3.341452816632e-03
 2.47406000e+00,        +1.414213562373e-01,        +2.804710377877e-01,        +3.339223444436e-03
 2.47408000e+00,        +1.414213562373e-01,        +2.804743101898e-01,        +3.336991084144e-03
 2.47410000e+00,        +1.414213562373e-01,        +2.804775772270e-01,        +3.334755754514e-03
 2.47412000e+00,        +1.414213562373e-01,        +2.804808389029e-01,        +3.332517474234e-03
 2.47414000e+00,        +1.414213562373e-01,        +2.804840952213e-01,        +3.330276261925e-03
 2.47416000e+00,        +1.414213562373e-01,        +2.804873461859e-01,        +3.328032136138e-03
 2.47418000e+00,        +1.414213562373e-01,        +2.804905918006e-01,        +3.325785115354e-03
 2.47420000e+00,        +1.414213562373e-01,        +2.804938320693e-01,        +3.323535217987e-03
 2.47422000e+00,        +1.414213562373e-01,        +2.804970669958e-01,        +3.321282462380e-03
 2.47424000e+00,        +1.414213562373e-01,        +2.805002965841e-01,        +3.319026866809e-03
 2.47426000e+00,        +1.414213562373e-01,        +2.805035208383e-01,        +3.316768449481e-03
 2.47428000e+00,        +1.414213562373e-01,        +2.805067397624e-01,        +3.314507228535e-03
 2.47430000e+00,        +1.414213562373e-01,        +2.805099533605e-01,        +3.312243222040e-03
 2.47432000e+00,        +1.414213562373e-01,        +2.805131616367e-01,        +3.309976447998e-03
 2.47434000e+00,        +1.414213562373e-01,        +2.805163645953e-01,        +3.307706924343e-03
 2.47436000e+00,        +1.414213562373e-01,        +2.805195622405e-01,        +3.305434668939e-03
 2.47438000e+00,        +1.414213562373e-01,        +2.805227545766e-01,        +3.303159699584e-03
 2.47440000e+00,        +1.414213562373e-01,        +2.805259416080e-01,        +3.300882034008e-03
 2.47442000e+00,        +1.414213562373e-01,        +2.805291233389e-01,        +3.298601689872e-03
 2.47444000e+00,        +1.414213562373e-01,        +2.805322997738e-01,        +3.296318684769e-03
 2.47446000e+00,        +1.414213562373e-01,        +2.805354709172e-01,        +3.294033036226e-03
 2.47448000e+00,        +1.414213562373e-01,        +2.805386367736e-01,        +3.291744761702e-03
 2.47450000e+00,        +1.414213562373e-01,        +2.805417973475e-01,        +3.289453878588e-03
 2.47452000e+00,        +1.414213562373e-01,        +2.805449526435e-01,        +3.287160404208e-03
 2.47454000e+00,        +1.414213562373e-01,        +2.805481026662e-01,        +3.284864355819e-03
 2.47456000e+00,        +1.414213562373e-01,        +2.805512474203e-01,        +3.282565750610e-03
 2.47458000e+00,        +1.414213562373e-01,        +2.805543869104e-01,        +3.280264605705e-03
 2.47460000e+00,        +1.414213562373e-01,        +2.805575211414e-01,        +3.277960938159e-03
 2.47462000e+00,        +1.414213562373e-01,        +2.805606501180e-01,        +3.275654764963e-03
 2.47464000e+00,        +1.414213562373e-01,        +2.805637738451e-01,        +3.273346103038e-03
 2.47466000e+00,        +1.414213562373e-01,        +2.805668923274e-01,        +3.271034969240e-03
 2.47468000e+00,        +1.414213562373e-01,        +2.805700055700e-01,        +3.268721380361e-03
 2.47470000e+00,        +1.414213562373e-01,        +2.805731135776e-01,        +3.266405353122e-03
 2.47472000e+00,        +1.414213562373e-01,        +2.805762163554e-01,        +3.264086904183e-03
 2.47474000e+00,        +1.414213562373e-01,        +2.805793139082e-01,        +3.261766050135e-03
 2.47476000e+00,        +1.414213562373e-01,        +2.805824062412e-01,        +3.259442807503e-03
 2.47478000e+00,        +1.414213562373e-01,        +2.805854933595e-01,        +3.257117192747e-03
 2.47480000e+00,        +1.414213562373e-01,        +2.805885752681e-01,        +3.254789222262e-03
 2.47482000e+00,        +1.414213562373e-01,        +2.805916519721e-01,        +3.252458912378e-03
 2.47484000e+00,        +1.414213562373e-01,        +2.805947234769e-01,        +3.250126279357e-03
 2.47486000e+00,        +1.414213562373e-01,        +2.805977897875e-01,        +3.247791339398e-03
 2.47488000e+00,        +1.414213562373e-01,        +2.806008509094e-01,        +3.245454108634e-03
 2.47490000e+00,        +1.414213562373e-01,        +2.806039068476e-01,        +3.243114603134e-03
 2.47492000e+00,        +1.414213562373e-01,        +2.806069576076e-01,        +3.240772838902e-03
 2.47494000e+00,        +1.414213562373e-01,        +2.806100031947e-01,        +3.238428831876e-03
 2.47496000e+00,        +1.414213562373e-01,        +2.806130436144e-01,        +3.236082597930e-03
 2.47498000e+00,        +1.414213562373e-01,        +2.806160788719e-01,        +3.233734152876e-03
 2.47500000e+00,        +1.414213562373e-01,        +2.806191089728e-01,        +3.231383512459e-03
 2.47502000e+00,        +1.414213562373e-01,        +2.806221339225e-01,        +3.229030692359e-03
 2.47504000e+00,        +1.414213562373e-01,        +2.806251537266e-01,        +3.226675708196e-03
 2.47506000e+00,        +1.414213562373e-01,        +2.806281683906e-01,        +3.224318575523e-03
 2.47508000e+00,        +1.414213562373e-01,        +2.806311779200e-01,        +3.221959309830e-03
 2.47510000e+00,        +1.414213562373e-01,        +2.806341823206e-01,        +3.219597926544e-03
 2.47512000e+00,        +1.414213562373e-01,        +2.806371815978e-01,        +3.217234441028e-03
 2.47514000e+00,        +1.414213562373e-01,        +2.806401757573e-01,        +3.214868868581e-03
 2.47516000e+00,        +1.414213562373e-01,        +2.806431648050e-01,        +3.212501224442e-03
 2.47518000e+00,        +1.414213562373e-01,        +2.806461487464e-01,        +3.210131523783e-03
 2.47520000e+00,        +1.414213562373e-01,        +2.806491275872e-01,        +3.207759781715e-03
 2.47522000e+00,        +1.414213562373e-01,        +2.806521013334e-01,        +3.205386013288e-03
 2.47524000e+00,        +1.414213562373e-01,        +2.806550699907e-01,        +3.203010233487e-03
 2.47526000e+00,        +1.414213562373e-01,        +2.806580335648e-01,        +3.200632457235e-03
 2.47528000e+00,        +1.414213562373e-01,        +2.806609920618e-01,        +3.198252699394e-03
 2.47530000e+00,        +1.414213562373e-01,        +2.806639454874e-01,        +3.195870974763e-03
 2.47532000e+00,        +1.414213562373e-01,        +2.806668938475e-01,        +3.193487298079e-03
 2.47534000e+00,        +1.414213562373e-01,        +2.806698371481e-01,        +3.191101684017e-03
 2.47536000e+00,        +1.414213562373e-01,        +2.806727753951e-01,        +3.188714147192e-03
 2.47538000e+00,        +1.414213562373e-01,        +2.806757085946e-01,        +3.186324702155e-03
 2.47540000e+00,        +1.414213562373e-01,        +2.806786367525e-01,        +3.183933363399e-03
 2.47542000e+00,        +1.414213562373e-01,        +2.806815598749e-01,        +3.181540145352e-03
 2.47544000e+00,        +1.414213562373e-01,        +2.806844779678e-01,        +3.179145062384e-03
 2.47546000e+00,        +1.414213562373e-01,        +2.806873910373e-01,        +3.176748128803e-03
 2.47548000e+00,        +1.414213562373e-01,        +2.806902990895e-01,        +3.174349358856e-03
 2.47550000e+00,        +1.414213562373e-01,        +2.806932021305e-01,        +3.171948766730e-03
 2.47552000e+00,        +1.414213562373e-01,        +2.806961001665e-01,        +3.169546366551e-03
 2.47554000e+00,        +1.414213562373e-01,        +2.806989932037e-01,        +3.167142172386e-03
 2.47556000e+00,        +1.414213562373e-01,        +2.807018812482e-01,        +3.164736198241e-03
 2.47558000e+00,        +1.414213562373e-01,        +2.807047643063e-01,        +3.162328458062e-03
 2.47560000e+00,        +1.414213562373e-01,        +2.807076423842e-01,        +3.159918965735e-03
 2.47562000e+00,        +1.414213562373e-01,        +2.807105154881e-01,        +3.157507735089e-03
 2.47564000e+00,        +1.414213562373e-01,        +2.807133836244e-01,        +3.155094779889e-03
 2.47566000e+00,        +1.414213562373e-01,        +2.807162467994e-01,        +3.152680113844e-03
 2.47568000e+00,        +1.414213562373e-01,        +2.807191050193e-01,        +3.150263750604e-03
 2.47570000e+00,        +1.414213562373e-01,        +2.807219582905e-01,        +3.147845703759e-03
 2.47572000e+00,        +1.414213562373e-01,        +2.807248066194e-01,        +3.145425986840e-03
 2.47574000e+00,        +1.414213562373e-01,        +2.807276500124e-01,        +3.143004613320e-03
 2.47576000e+00,        +1.414213562373e-01,        +2.807304884758e-01,        +3.140581596613e-03
 2.47578000e+00,        +1.414213562373e-01,        +2.807333220160e-01,        +3.138156950075e-03
 2.47580000e+00,        +1.414213562373e-01,        +2.807361506396e-01,        +3.135730687005e-03
 2.47582000e+00,        +1.414213562373e-01,        +2.807389743530e-01,        +3.133302820642e-03
 2.47584000e+00,        +1.414213562373e-01,        +2.807417931627e-01,        +3.130873364168e-03
 2.47586000e+00,        +1.414213562373e-01,        +2.807446070750e-01,        +3.128442330709e-03
 2.47588000e+00,        +1.414213562373e-01,        +2.807474160967e-01,        +3.126009733330e-03
 2.47590000e+00,        +1.414213562373e-01,        +2.807502202341e-01,        +3.123575585042e-03
 2.47592000e+00,        +1.414213562373e-01,        +2.807530194938e-01,        +3.121139898798e-03
 2.47594000e+00,        +1.414213562373e-01,        +2.807558138825e-01,        +3.118702687492e-03
 2.47596000e+00,        +1.414213562373e-01,        +2.807586034066e-01,        +3.116263963965e-03
 2.47598000e+00,        +1.414213562373e-01,        +2.807613880728e-01,        +3.113823740997e-03
 2.47600000e+00,        +1.414213562373e-01,        +2.807641678877e-01,        +3.111382031316e-03
 2.47602000e+00,        +1.414213562373e-01,        +2.807669428579e-01,        +3.108938847589e-03
 2.47604000e+00,        +1.414213562373e-01,        +2.807697129900e-01,        +3.106494202431e-03
 2.47606000e+00,        +1.414213562373e-01,        +2.807724782908e-01,        +3.104048108399e-03
 2.47608000e+00,        +1.414213562373e-01,        +2.807752387668e-01,        +3.101600577993e-03
 2.47610000e+00,        +1.414213562373e-01,        +2.807779944249e-01,        +3.099151623661e-03
 2.47612000e+00,        +1.414213562373e-01,        +2.807807452716e-01,        +3.096701257793e-03
 2.47614000e+00,        +1.414213562373e-01,        +2.807834913137e-01,        +3.094249492722e-03
 2.47616000e+00,        +1.414213562373e-01,        +2.807862325580e-01,        +3.091796340730e-03
 2.47618000e+00,        +1.414213562373e-01,        +2.807889690112e-01,        +3.089341814042e-03
 2.47620000e+00,        +1.414213562373e-01,        +2.807917006800e-01,        +3.086885924827e-03
 2.47622000e+00,        +1.414213562373e-01,        +2.807944275712e-01,        +3.084428685201e-03
 2.47624000e+00,        +1.414213562373e-01,        +2.807971496916e-01,        +3.081970107225e-03
 2.47626000e+00,        +1.414213562373e-01,        +2.807998670480e-01,        +3.079510202906e-03
 2.47628000e+00,        +1.414213562373e-01,        +2.808025796473e-01,        +3.077048984196e-03
 2.47630000e+00,        +1.414213562373e-01,        +2.808052874961e-01,        +3.074586462995e-03
 2.47632000e+00,        +1.414213562373e-01,        +2.808079906015e-01,        +3.072122651146e-03
 2.47634000e+00,        +1.414213562373e-01,        +2.808106889702e-01,        +3.069657560442e-03
 2.47636000e+00,        +1.414213562373e-01,        +2.808133826091e-01,        +3.067191202620e-03
 2.47638000e+00,        +1.414213562373e-01,        +2.808160715250e-01,        +3.064723589365e-03
 2.47640000e+00,        +1.414213562373e-01,        +2.808187557249e-01,        +3.062254732308e-03
 2.47642000e+00,        +1.414213562373e-01,        +2.808214352156e-01,        +3.059784643027e-03
 2.47644000e+00,        +1.414213562373e-01,        +2.808241100040e-01,        +3.057313333049e-03
 2.47646000e+00,        +1.414213562373e-01,        +2.808267800972e-01,        +3.054840813847e-03
 2.47648000e+00,        +1.414213562373e-01,        +2.808294455019e-01,        +3.052367096840e-03
 2.47650000e+00,        +1.414213562373e-01,        +2.808321062251e-01,        +3.049892193398e-03
 2.47652000e+00,        +1.414213562373e-01,        +2.808347622738e-01,        +3.047416114838e-03
 2.47654000e+00,        +1.414213562373e-01,        +2.808374136550e-01,        +3.044938872422e-03
 2.47656000e+00,        +1.414213562373e-01,        +2.808400603755e-01,        +3.042460477365e-03
 2.47658000e+00,        +1.414213562373e-01,        +2.808427024424e-01,        +3.039980940827e-03
 2.47660000e+00,        +1.414213562373e-01,        +2.808453398627e-01,        +3.037500273918e-03
 2.47662000e+00,        +1.414213562373e-01,        +2.808479726433e-01,        +3.035018487695e-03
 2.47664000e+00,        +1.414213562373e-01,        +2.808506007913e-01,        +3.032535593168e-03
 2.47666000e+00,        +1.414213562373e-01,        +2.808532243137e-01,        +3.030051601292e-03
 2.47668000e+00,        +1.414213562373e-01,        +2.808558432174e-01,        +3.027566522972e-03
 2.47670000e+00,        +1.414213562373e-01,        +2.808584575096e-01,        +3.025080369065e-03
 2.47672000e+00,        +1.414213562373e-01,        +2.808610671972e-01,        +3.022593150374e-03
 2.47674000e+00,        +1.414213562373e-01,        +2.808636722873e-01,        +3.020104877654e-03
 2.47676000e+00,        +1.414213562373e-01,        +2.808662727870e-01,        +3.017615561610e-03
 2.47678000e+00,        +1.414213562373e-01,        +2.808688687033e-01,        +3.015125212896e-03
 2.47680000e+00,        +1.414213562373e-01,        +2.808714600432e-01,        +3.012633842118e-03
 2.47682000e+00,        +1.414213562373e-01,        +2.808740468139e-01,        +3.010141459830e-03
 2.47684000e+00,        +1.414213562373e-01,        +2.808766290225e-01,        +3.007648076539e-03
 2.47686000e+00,        +1.414213562373e-01,        +2.808792066759e-01,        +3.005153702700e-03
 2.47688000e+00,        +1.414213562373e-01,        +2.808817797814e-01,        +3.002658348723e-03
 2.47690000e+00,        +1.414213562373e-01,        +2.808843483460e-01,        +3.000162024965e-03
 2.47692000e+00,        +1.414213562373e-01,        +2.808869123768e-01,        +2.997664741737e-03
 2.47694000e+00,        +1.414213562373e-01,        +2.808894718809e-01,        +2.995166509301e-03
 2.47696000e+00,        +1.414213562373e-01,        +2.808920268655e-01,        +2.992667337869e-03
 2.47698000e+00,        +1.414213562373e-01,        +2.808945773377e-01,        +2.990167237607e-03
 2.47700000e+00,        +1.414213562373e-01,        +2.808971233045e-01,        +2.987666218631e-03
 2.47702000e+00,        +1.414213562373e-01,        +2.808996647732e-01,        +2.985164291011e-03
 2.47704000e+00,        +1.414213562373e-01,        +2.809022017509e-01,        +2.982661464769e-03
 2.47706000e+00,        +1.414213562373e-01,        +2.809047342447e-01,        +2.980157749877e-03
 2.47708000e+00,        +1.414213562373e-01,        +2.809072622617e-01,        +2.977653156263e-03
 2.47710000e+00,        +1.414213562373e-01,        +2.809097858092e-01,        +2.975147693805e-03
 2.47712000e+00,        +1.414213562373e-01,        +2.809123048942e-01,        +2.972641372338e-03
 2.47714000e+00,        +1.414213562373e-01,        +2.809148195240e-01,        +2.970134201644e-03
 2.47716000e+00,        +1.414213562373e-01,        +2.809173297057e-01,        +2.967626191465e-03
 2.47718000e+00,        +1.414213562373e-01,        +2.809198354465e-01,        +2.965117351491e-03
 2.47720000e+00,        +1.414213562373e-01,        +2.809223367536e-01,        +2.962607691368e-03
 2.47722000e+00,        +1.414213562373e-01,        +2.809248336340e-01,        +2.960097220697e-03
 2.47724000e+00,        +1.414213562373e-01,        +2.809273260951e-01,        +2.957585949031e-03
 2.47726000e+00,        +1.414213562373e-01,        +2.809298141440e-01,        +2.955073885878e-03
 2.47728000e+00,        +1.414213562373e-01,        +2.809322977879e-01,        +2.952561040700e-03
 2.47730000e+00,        +1.414213562373e-01,        +2.809347770339e-01,        +2.950047422913e-03
 2.47732000e+00,        +1.414213562373e-01,        +2.809372518893e-01,        +2.947533041889e-03
 2.47734000e+00,        +1.414213562373e-01,        +2.809397223613e-01,        +2.945017906954e-03
 2.47736000e+00,        +1.414213562373e-01,        +2.809421884570e-01,        +2.942502027388e-03
 2.47738000e+00,        +1.414213562373e-01,        +2.809446501837e-01,        +2.939985412429e-03
 2.47740000e+00,        +1.414213562373e-01,        +2.809471075485e-01,        +2.937468071266e-03
 2.47742000e+00,        +1.414213562373e-01,        +2.809495605588e-01,        +2.934950013048e-03
 2.47744000e+00,        +1.414213562373e-01,        +2.809520092216e-01,        +2.932431246877e-03
 2.47746000e+00,        +1.414213562373e-01,        +2.809544535441e-01,        +2.929911781810e-03
 2.47748000e+00,        +1.414213562373e-01,        +2.809568935337e-01,        +2.927391626863e-03
 2.47750000e+00,        +1.414213562373e-01,        +2.809593291975e-01,        +2.924870791005e-03
 2.47752000e+00,        +1.414213562373e-01,        +2.809617605427e-01,        +2.922349283163e-03
 2.47754000e+00,        +1.414213562373e-01,        +2.809641875766e-01,        +2.919827112221e-03
 2.47756000e+00,        +1.414213562373e-01,        +2.809666103063e-01,        +2.917304287018e-03
 2.47758000e+00,        +1.414213562373e-01,        +2.809690287391e-01,        +2.914780816350e-03
 2.47760000e+00,        +1.414213562373e-01,        +2.809714428822e-01,        +2.912256708971e-03
 2.47762000e+00,        +1.414213562373e-01,        +2.809738527427e-01,        +2.909731973590e-03
 2.47764000e+00,        +1.414213562373e-01,        +2.809762583280e-01,        +2.907206618877e-03
 2.47766000e+00,        +1.414213562373e-01,        +2.809786596453e-01,        +2.904680653456e-03
 2.47768000e+00,        +1.414213562373e-01,        +2.809810567017e-01,        +2.902154085909e-03
 2.47770000e+00,        +1.414213562373e-01,        +2.809834495045e-01,        +2.899626924778e-03
 2.47772000e+00,        +1.414213562373e-01,        +2.809858380609e-01,        +2.897099178559e-03
 2.47774000e+00,        +1.414213562373e-01,        +2.809882223781e-01,        +2.894570855711e-03
 2.47776000e+00,        +1.414213562373e-01,        +2.809906024633e-01,        +2.892041964646e-03
 2.47778000e+00,        +1.414213562373e-01,        +2.809929783239e-01,        +2.889512513739e-03
 2.47780000e+00,        +1.414213562373e-01,        +2.809953499669e-01,        +2.886982511320e-03
 2.47782000e+00,        +1.414213562373e-01,        +2.809977173995e-01,        +2.884451965681e-03
 2.47784000e+00,        +1.414213562373e-01,        +2.810000806292e-01,        +2.881920885068e-03
 2.47786000e+00,        +1.414213562373e-01,        +2.810024396629e-01,        +2.879389277692e-03
 2.47788000e+00,        +1.414213562373e-01,        +2.810047945080e-01,        +2.876857151718e-03
 2.47790000e+00,        +1.414213562373e-01,        +2.810071451716e-01,        +2.874324515273e-03
 2.47792000e+00,        +1.414213562373e-01,        +2.810094916611e-01,        +2.871791376444e-03
 2.47794000e+00,        +1.414213562373e-01,        +2.810118339835e-01,        +2.869257743276e-03
 2.47796000e+00,        +1.414213562373e-01,        +2.810141721461e-01,        +2.866723623773e-03
 2.47798000e+00,        +1.414213562373e-01,        +2.810165061561e-01,        +2.864189025902e-03
 2.47800000e+00,        +1.414213562373e-01,        +2.810188360207e-01,        +2.861653957588e-03
 2.47802000e+00,        +1.414213562373e-01,        +2.810211617472e-01,        +2.859118426717e-03
 2.47804000e+00,        +1.414213562373e-01,        +2.810234833426e-01,        +2.856582441133e-03
 2.47806000e+00,        +1.414213562373e-01,        +2.810258008143e-01,        +2.854046008645e-03
 2.47808000e+00,        +1.414213562373e-01,        +2.810281141694e-01,        +2.851509137020e-03
 2.47810000e+00,        +1.414213562373e-01,        +2.810304234152e-01,        +2.848971833985e-03
 2.47812000e+00,        +1.414213562373e-01,        +2.810327285587e-01,        +2.846434107230e-03
 2.47814000e+00,        +1.414213562373e-01,        +2.810350296073e-01,        +2.843895964406e-03
 2.47816000e+00,        +1.414213562373e-01,        +2.810373265681e-01,        +2.841357413123e-03
 2.47818000e+00,        +1.414213562373e-01,        +2.810396194483e-01,        +2.838818460956e-03
 2.47820000e+00,        +1.414213562373e-01,        +2.810419082550e-01,        +2.836279115439e-03
 2.47822000e+00,        +1.414213562373e-01,        +2.810441929955e-01,        +2.833739384070e-03
 2.47824000e+00,        +1.414213562373e-01,        +2.810464736769e-01,        +2.831199274305e-03
 2.47826000e+00,        +1.414213562373e-01,        +2.810487503065e-01,        +2.828658793567e-03
 2.47828000e+00,        +1.414213562373e-01,        +2.810510228913e-01,        +2.826117949239e-03
 2.47830000e+00,        +1.414213562373e-01,        +2.810532914386e-01,        +2.823576748664e-03
 2.47832000e+00,        +1.414213562373e-01,        +2.810555559555e-01,        +2.821035199152e-03
 2.47834000e+00,        +1.414213562373e-01,        +2.810578164492e-01,        +2.818493307973e-03
 2.47836000e+00,        +1.414213562373e-01,        +2.810600729269e-01,        +2.815951082361e-03
 2.47838000e+00,        +1.414213562373e-01,        +2.810623253956e-01,        +2.813408529511e-03
 2.47840000e+00,        +1.414213562373e-01,        +2.810645738626e-01,        +2.810865656583e-03
 2.47842000e+00,        +1.414213562373e-01,        +2.810668183350e-01,        +2.808322470701e-03
 2.47844000e+00,        +1.414213562373e-01,        +2.810690588200e-01,        +2.805778978951e-03
 2.47846000e+00,        +1.414213562373e-01,        +2.810712953247e-01,        +2.803235188382e-03
 2.47848000e+00,        +1.414213562373e-01,        +2.810735278562e-01,        +2.800691106007e-03
 2.47850000e+00,        +1.414213562373e-01,        +2.810757564216e-01,        +2.798146738805e-03
 2.47852000e+00,        +1.414213562373e-01,        +2.810779810281e-01,        +2.795602093718e-03
 2.47854000e+00,        +1.414213562373e-01,        +2.810802016829e-01,        +2.793057177649e-03
 2.47856000e+00,        +1.414213562373e-01,        +2.810824183930e-01,        +2.790511997471e-03
 2.47858000e+00,        +1.414213562373e-01,        +2.810846311655e-01,        +2.787966560017e-03
 2.47860000e+00,        +1.414213562373e-01,        +2.810868400077e-01,        +2.785420872085e-03
 2.47862000e+00,        +1.414213562373e-01,        +2.810890449264e-01,        +2.782874940441e-03
 2.47864000e+00,        +1.414213562373e-01,        +2.810912459290e-01,        +2.780328771812e-03
 2.47866000e+00,        +1.414213562373e-01,        +2.810934430224e-01,        +2.777782372893e-03
 2.47868000e+00,        +1.414213562373e-01,        +2.810956362138e-01,        +2.775235750342e-03
 2.47870000e+00,        +1.414213562373e-01,        +2.810978255102e-01,        +2.772688910784e-03
 2.47872000e+00,        +1.414213562373e-01,        +2.811000109188e-01,        +2.770141860808e-03
 2.47874000e+00,        +1.414213562373e-01,        +2.811021924466e-01,        +2.767594606970e-03
 2.47876000e+00,        +1.414213562373e-01,        +2.811043701006e-01,        +2.765047155791e-03
 2.47878000e+00,        +1.414213562373e-01,        +2.811065438881e-01,        +2.762499513757e-03
 2.47880000e+00,        +1.414213562373e-01,        +2.811087138159e-01,        +2.759951687322e-03
 2.47882000e+00,        +1.414213562373e-01,        +2.811108798912e-01,        +2.757403682905e-03
 2.47884000e+00,        +1.414213562373e-01,        +2.811130421209e-01,        +2.754855506892e-03
 2.47886000e+00,        +1.414213562373e-01,        +2.811152005123e-01,        +2.752307165634e-03
 2.47888000e+00,        +1.414213562373e-01,        +2.811173550723e-01,        +2.749758665450e-03
 2.47890000e+00,        +1.414213562373e-01,        +2.811195058079e-01,        +2.747210012625e-03
 2.47892000e+00,        +1.414213562373e-01,        +2.811216527261e-01,        +2.744661213411e-03
 2.47894000e+00,        +1.414213562373e-01,        +2.811237958341e-01,        +2.742112274029e-03
 2.47896000e+00,        +1.414213562373e-01,        +2.811259351387e-01,        +2.739563200663e-03
 2.47898000e+00,        +1.414213562373e-01,        +2.811280706471e-01,        +2.737013999468e-03
 2.47900000e+00,        +1.414213562373e-01,        +2.811302023661e-01,        +2.734464676564e-03
 2.47902000e+00,        +1.414213562373e-01,        +2.811323303029e-01,        +2.731915238041e-03
 2.47904000e+00,        +1.414213562373e-01,        +2.811344544644e-01,        +2.729365689953e-03
 2.47906000e+00,        +1.414213562373e-01,        +2.811365748576e-01,        +2.726816038327e-03
 2.47908000e+00,        +1.414213562373e-01,        +2.811386914894e-01,        +2.724266289153e-03
 2.47910000e+00,        +1.414213562373e-01,        +2.811408043669e-01,        +2.721716448392e-03
 2.47912000e+00,        +1.414213562373e-01,        +2.811429134971e-01,        +2.719166521972e-03
 2.47914000e+00,        +1.414213562373e-01,        +2.811450188867e-01,        +2.716616515790e-03
 2.47916000e+00,        +1.414213562373e-01,        +2.811471205429e-01,        +2.714066435711e-03
 2.47918000e+00,        +1.414213562373e-01,        +2.811492184726e-01,        +2.711516287570e-03
 2.47920000e+00,        +1.414213562373e-01,        +2.811513126827e-01,        +2.708966077168e-03
 2.47922000e+00,        +1.414213562373e-01,        +2.811534031801e-01,        +2.706415810278e-03
 2.47924000e+00,        +1.414213562373e-01,        +2.811554899719e-01,        +2.703865492641e-03
 2.47926000e+00,        +1.414213562373e-01,        +2.811575730648e-01,        +2.701315129965e-03
 2.47928000e+00,        +1.414213562373e-01,        +2.811596524658e-01,        +2.698764727930e-03
 2.47930000e+00,        +1.414213562373e-01,        +2.811617281818e-01,        +2.696214292184e-03
 2.47932000e+00,        +1.414213562373e-01,        +2.811638002197e-01,        +2.693663828346e-03
 2.47934000e+00,        +1.414213562373e-01,        +2.811658685865e-01,        +2.691113342004e-03
 2.47936000e+00,        +1.414213562373e-01,        +2.811679332889e-01,        +2.688562838715e-03
 2.47938000e+00,        +1.414213562373e-01,        +2.811699943339e-01,        +2.686012324006e-03
 2.47940000e+00,        +1.414213562373e-01,        +2.811720517283e-01,        +2.683461803375e-03
 2.47942000e+00,        +1.414213562373e-01,        +2.811741054791e-01,        +2.680911282290e-03
 2.47944000e+00,        +1.414213562373e-01,        +2.811761555929e-01,        +2.678360766189e-03
 2.47946000e+00,        +1.414213562373e-01,        +2.811782020768e-01,        +2.675810260481e-03
 2.47948000e+00,        +1.414213562373e-01,        +2.811802449376e-01,        +2.673259770545e-03
 2.47950000e+00,        +1.414213562373e-01,        +2.811822841820e-01,        +2.670709301731e-03
 2.47952000e+00,        +1.414213562373e-01,        +2.811843198169e-01,        +2.668158859359e-03
 2.47954000e+00,        +1.414213562373e-01,        +2.811863518492e-01,        +2.665608448721e-03
 2.47956000e+00,        +1.414213562373e-01,        +2.811883802855e-01,        +2.663058075081e-03
 2.47958000e+00,        +1.414213562373e-01,        +2.811904051329e-01,        +2.660507743671e-03
 2.47960000e+00,        +1.414213562373e-01,        +2.811924263979e-01,        +2.657957459698e-03
 2.47962000e+00,        +1.414213562373e-01,        +2.811944440875e-01,        +2.655407228338e-03
 2.47964000e+00,        +1.414213562373e-01,        +2.811964582084e-01,        +2.652857054740e-03
 2.47966000e+00,        +1.414213562373e-01,        +2.811984687673e-01,        +2.650306944024e-03
 2.47968000e+00,        +1.414213562373e-01,        +2.812004757711e-01,        +2.647756901282e-03
 2.47970000e+00,        +1.414213562373e-01,        +2.812024792265e-01,        +2.645206931577e-03
 2.47972000e+00,        +1.414213562373e-01,        +2.812044791402e-01,        +2.642657039946e-03
 2.47974000e+00,        +1.414213562373e-01,        +2.812064755190e-01,        +2.640107231397e-03
 2.47976000e+00,        +1.414213562373e-01,        +2.812084683697e-01,        +2.637557510910e-03
 2.47978000e+00,        +1.414213562373e-01,        +2.812104576988e-01,        +2.635007883439e-03
 2.47980000e+00,        +1.414213562373e-01,        +2.812124435132e-01,        +2.632458353909e-03
 2.47982000e+00,        +1.414213562373e-01,        +2.812144258196e-01,        +2.629908927218e-03
 2.47984000e+00,        +1.414213562373e-01,        +2.812164046246e-01,        +2.627359608238e-03
 2.47986000e+00,        +1.414213562373e-01,        +2.812183799350e-01,        +2.624810401811e-03
 2.47988000e+00,        +1.414213562373e-01,        +2.812203517574e-01,        +2.622261312757e-03
 2.47990000e+00,        +1.414213562373e-01,        +2.812223200985e-01,        +2.619712345863e-03
 2.47992000e+00,        +1.414213562373e-01,        +2.812242849650e-01,        +2.617163505894e-03
 2.47994000e+00,        +1.414213562373e-01,        +2.812262463636e-01,        +2.614614797587e-03
 2.47996000e+00,        +1.414213562373e-01,        +2.812282043008e-01,        +2.612066225652e-03
 2.47998000e+00,        +1.414213562373e-01,        +2.812301587833e-01,        +2.609517794773e-03
 2.48000000e+00,        +1.414213562373e-01,        +2.812321098178e-01,        +2.606969509608e-03
 2.48002000e+00,        +1.414213562373e-01,        +2.812340574108e-01,        +2.604421374789e-03
 2.48004000e+00,        +1.414213562373e-01,        +2.812360015690e-01,        +2.601873394920e-03
 2.48006000e+00,        +1.414213562373e-01,        +2.812379422991e-01,        +2.599325574582e-03
 2.48008000e+00,        +1.414213562373e-01,        +2.812398796075e-01,        +2.596777918329e-03
 2.48010000e+00,        +1.414213562373e-01,        +2.812418135009e-01,        +2.594230430689e-03
 2.48012000e+00,        +1.414213562373e-01,        +2.812437439859e-01,        +2.591683116164e-03
 2.48014000e+00,        +1.414213562373e-01,        +2.812456710690e-01,        +2.589135979232e-03
 2.48016000e+00,        +1.414213562373e-01,        +2.812475947567e-01,        +2.586589024344e-03
 2.48018000e+00,        +1.414213562373e-01,        +2.812495150558e-01,        +2.584042255928e-03
 2.48020000e+00,        +1.414213562373e-01,        +2.812514319726e-01,        +2.581495678385e-03
 2.48022000e+00,        +1.414213562373e-01,        +2.812533455137e-01,        +2.578949296091e-03
 2.48024000e+00,        +1.414213562373e-01,        +2.812552556857e-01,        +2.576403113398e-03
 2.48026000e+00,        +1.414213562373e-01,        +2.812571624951e-01,        +2.573857134633e-03
 2.48028000e+00,        +1.414213562373e-01,        +2.812590659484e-01,        +2.571311364098e-03
 2.48030000e+00,        +1.414213562373e-01,        +2.812609660520e-01,        +2.568765806072e-03
 2.48032000e+00,        +1.414213562373e-01,        +2.812628628125e-01,        +2.566220464806e-03
 2.48034000e+00,        +1.414213562373e-01,        +2.812647562363e-01,        +2.563675344530e-03
 2.48036000e+00,        +1.414213562373e-01,        +2.812666463300e-01,        +2.561130449449e-03
 2.48038000e+00,        +1.414213562373e-01,        +2.812685330999e-01,        +2.558585783744e-03
 2.48040000e+00,        +1.414213562373e-01,        +2.812704165526e-01,        +2.556041351570e-03
 2.48042000e+00,        +1.414213562373e-01,        +2.812722966945e-01,        +2.553497157061e-03
 2.48044000e+00,        +1.414213562373e-01,        +2.812741735320e-01,        +2.550953204325e-03
 2.48046000e+00,        +1.414213562373e-01,        +2.812760470715e-01,        +2.548409497448e-03
 2.48048000e+00,        +1.414213562373e-01,        +2.812779173195e-01,        +2.545866040491e-03
 2.48050000e+00,        +1.414213562373e-01,        +2.812797842823e-01,        +2.543322837493e-03
 2.48052000e+00,        +1.414213562373e-01,        +2.812816479664e-01,        +2.540779892467e-03
 2.48054000e+00,        +1.414213562373e-01,        +2.812835083782e-01,        +2.538237209406e-03
 2.48056000e+00,        +1.414213562373e-01,        +2.812853655240e-01,        +2.535694792279e-03
 2.48058000e+00,        +1.414213562373e-01,        +2.812872194102e-01,        +2.533152645030e-03
 2.48060000e+00,        +1.414213562373e-01,        +2.812890700432e-01,        +2.530610771581e-03
 2.48062000e+00,        +1.414213562373e-01,        +2.812909174292e-01,        +2.528069175833e-03
 2.48064000e+00,        +1.414213562373e-01,        +2.812927615748e-01,        +2.525527861662e-03
 2.48066000e+00,        +1.414213562373e-01,        +2.812946024861e-01,        +2.522986832922e-03
 2.48068000e+00,        +1.414213562373e-01,        +2.812964401695e-01,        +2.520446093446e-03
 2.48070000e+00,        +1.414213562373e-01,        +2.812982746314e-01,        +2.517905647041e-03
 2.48072000e+00,        +1.414213562373e-01,        +2.813001058780e-01,        +2.515365497495e-03
 2.48074000e+00,        +1.414213562373e-01,        +2.813019339156e-01,        +2.512825648574e-03
 2.48076000e+00,        +1.414213562373e-01,        +2.813037587505e-01,        +2.510286104018e-03
 2.48078000e+00,        +1.414213562373e-01,        +2.813055803890e-01,        +2.507746867549e-03
 2.48080000e+00,        +1.414213562373e-01,        +2.813073988374e-01,        +2.505207942866e-03
 2.48082000e+00,        +1.414213562373e-01,        +2.813092141018e-01,        +2.502669333645e-03
 2.48084000e+00,        +1.414213562373e-01,        +2.813110261886e-01,        +2.500131043541e-03
 2.48086000e+00,        +1.414213562373e-01,        +2.813128351040e-01,        +2.497593076188e-03
 2.48088000e+00,        +1.414213562373e-01,        +2.813146408541e-01,        +2.495055435198e-03
 2.48090000e+00,        +1.414213562373e-01,        +2.813164434454e-01,        +2.492518124160e-03
 2.48092000e+00,        +1.414213562373e-01,        +2.813182428838e-01,        +2.489981146645e-03
 2.48094000e+00,        +1.414213562373e-01,        +2.813200391757e-01,        +2.487444506200e-03
 2.48096000e+00,        +1.414213562373e-01,        +2.813218323271e-01,        +2.484908206353e-03
 2.48098000e+00,        +1.414213562373e-01,        +2.813236223444e-01,        +2.482372250608e-03
 2.48100000e+00,        +1.414213562373e-01,        +2.813254092337e-01,        +2.479836642451e-03
 2.48102000e+00,        +1.414213562373e-01,        +2.813271930010e-01,        +2.477301385346e-03
 2.48104000e+00,        +1.414213562373e-01,        +2.813289736527e-01,        +2.474766482736e-03
 2.48106000e+00,        +1.414213562373e-01,        +2.813307511947e-01,        +2.472231938044e-03
 2.48108000e+00,        +1.414213562373e-01,        +2.813325256333e-01,        +2.469697754671e-03
 2.48110000e+00,        +1.414213562373e-01,        +2.813342969745e-01,        +2.467163936000e-03
 2.48112000e+00,        +1.414213562373e-01,        +2.813360652245e-01,        +2.464630485391e-03
 2.48114000e+00,        +1.414213562373e-01,        +2.813378303893e-01,        +2.462097406187e-03
 2.48116000e+00,        +1.414213562373e-01,        +2.813395924751e-01,        +2.459564701706e-03
 2.48118000e+00,        +1.414213562373e-01,        +2.813413514880e-01,        +2.457032375251e-03
 2.48120000e+00,        +1.414213562373e-01,        +2.813431074339e-01,        +2.454500430102e-03
 2.48122000e+00,        +1.414213562373e-01,        +2.813448603190e-01,        +2.451968869520e-03
 2.48124000e+00,        +1.414213562373e-01,        +2.813466101493e-01,        +2.449437696745e-03
 2.48126000e+00,        +1.414213562373e-01,        +2.813483569308e-01,        +2.446906915000e-03
 2.48128000e+00,        +1.414213562373e-01,        +2.813501006696e-01,        +2.444376527486e-03
 2.48130000e+00,        +1.414213562373e-01,        +2.813518413717e-01,        +2.441846537385e-03
 2.48132000e+00,        +1.414213562373e-01,        +2.813535790431e-01,        +2.439316947859e-03
 2.48134000e+00,        +1.414213562373e-01,        +2.813553136899e-01,        +2.436787762054e-03
 2.48136000e+00,        +1.414213562373e-01,        +2.813570453179e-01,        +2.434258983091e-03
 2.48138000e+00,        +1.414213562373e-01,        +2.813587739331e-01,        +2.431730614078e-03
 2.48140000e+00,        +1.414213562373e-01,        +2.813604995416e-01,        +2.429202658098e-03
 2.48142000e+00,        +1.414213562373e-01,        +2.813622221493e-01,        +2.426675118221e-03
 2.48144000e+00,        +1.414213562373e-01,        +2.813639417622e-01,        +2.424147997492e-03
 2.48146000e+00,        +1.414213562373e-01,        +2.813656583861e-01,        +2.421621298942e-03
 2.48148000e+00,        +1.414213562373e-01,        +2.813673720271e-01,        +2.419095025582e-03
 2.48150000e+00,        +1.414213562373e-01,        +2.813690826910e-01,        +2.416569180402e-03
 2.48152000e+00,        +1.414213562373e-01,        +2.813707903837e-01,        +2.414043766377e-03
 2.48154000e+00,        +1.414213562373e-01,        +2.813724951112e-01,        +2.411518786461e-03
 2.48156000e+00,        +1.414213562373e-01,        +2.813741968793e-01,        +2.408994243590e-03
 2.48158000e+00,        +1.414213562373e-01,        +2.813758956939e-01,        +2.406470140684e-03
 2.48160000e+00,        +1.414213562373e-01,        +2.813775915609e-01,        +2.403946480642e-03
 2.48162000e+00,        +1.414213562373e-01,        +2.813792844861e-01,        +2.401423266345e-03
 2.48164000e+00,        +1.414213562373e-01,        +2.813809744754e-01,        +2.398900500658e-03
 2.48166000e+00,        +1.414213562373e-01,        +2.813826615347e-01,        +2.396378186426e-03
 2.48168000e+00,        +1.414213562373e-01,        +2.813843456696e-01,        +2.393856326479e-03
 2.48170000e+00,        +1.414213562373e-01,        +2.813860268862e-01,        +2.391334923625e-03
 2.48172000e+00,        +1.414213562373e-01,        +2.813877051901e-01,        +2.388813980658e-03
 2.48174000e+00,        +1.414213562373e-01,        +2.813893805871e-01,        +2.386293500352e-03
 2.48176000e+00,        +1.414213562373e-01,        +2.813910530832e-01,        +2.383773485465e-03
 2.48178000e+00,        +1.414213562373e-01,        +2.813927226839e-01,        +2.381253938737e-03
 2.48180000e+00,        +1.414213562373e-01,        +2.813943893952e-01,        +2.378734862891e-03
 2.48182000e+00,        +1.414213562373e-01,        +2.813960532227e-01,        +2.376216260632e-03
 2.48184000e+00,        +1.414213562373e-01,        +2.813977141723e-01,        +2.373698134647e-03
 2.48186000e+00,        +1.414213562373e-01,        +2.813993722495e-01,        +2.371180487609e-03
 2.48188000e+00,        +1.414213562373e-01,        +2.814010274602e-01,        +2.368663322172e-03
 2.48190000e+00,        +1.414213562373e-01,        +2.814026798102e-01,        +2.366146640971e-03
 2.48192000e+00,        +1.414213562373e-01,        +2.814043293050e-01,        +2.363630446628e-03
 2.48194000e+00,        +1.414213562373e-01,        +2.814059759503e-01,        +2.361114741746e-03
 2.48196000e+00,        +1.414213562373e-01,        +2.814076197520e-01,        +2.358599528912e-03
 2.48198000e+00,        +1.414213562373e-01,        +2.814092607156e-01,        +2.356084810695e-03
 2.48200000e+00,        +1.414213562373e-01,        +2.814108988468e-01,        +2.353570589650e-03
 2.48202000e+00,        +1.414213562373e-01,        +2.814125341512e-01,        +2.351056868312e-03
 2.48204000e+00,        +1.414213562373e-01,        +2.814141666346e-01,        +2.348543649204e-03
 2.48206000e+00,        +1.414213562373e-01,        +2.814157963025e-01,        +2.346030934828e-03
 2.48208000e+00,        +1.414213562373e-01,        +2.814174231606e-01,        +2.343518727674e-03
 2.48210000e+00,        +1.414213562373e-01,        +2.814190472145e-01,        +2.341007030213e-03
 2.48212000e+00,        +1.414213562373e-01,        +2.814206684697e-01,        +2.338495844901e-03
 2.48214000e+00,        +1.414213562373e-01,        +2.814222869319e-01,        +2.335985174178e-03
 2.48216000e+00,        +1.414213562373e-01,        +2.814239026067e-01,        +2.333475020468e-03
 2.48218000e+00,        +1.414213562373e-01,        +2.814255154996e-01,        +2.330965386178e-03
 2.48220000e+00,        +1.414213562373e-01,        +2.814271256162e-01,        +2.328456273701e-03
 2.48222000e+00,        +1.414213562373e-01,        +2.814287329620e-01,        +2.325947685414e-03
 2.48224000e+00,        +1.414213562373e-01,        +2.814303375427e-01,        +2.323439623677e-03
 2.48226000e+00,        +1.414213562373e-01,        +2.814319393637e-01,        +2.320932090836e-03
 2.48228000e+00,        +1.414213562373e-01,        +2.814335384305e-01,        +2.318425089221e-03
 2.48230000e+00,        +1.414213562373e-01,        +2.814351347486e-01,        +2.315918621146e-03
 2.48232000e+00,        +1.414213562373e-01,        +2.814367283237e-01,        +2.313412688910e-03
 2.48234000e+00,        +1.414213562373e-01,        +2.814383191610e-01,        +2.310907294798e-03
 2.48236000e+00,        +1.414213562373e-01,        +2.814399072663e-01,        +2.308402441077e-03
 2.48238000e+00,        +1.414213562373e-01,        +2.814414926448e-01,        +2.305898130002e-03
 2.48240000e+00,        +1.414213562373e-01,        +2.814430753020e-01,        +2.303394363811e-03
 2.48242000e+00,        +1.414213562373e-01,        +2.814446552435e-01,        +2.300891144728e-03
 2.48244000e+00,        +1.414213562373e-01,        +2.814462324747e-01,        +2.298388474961e-03
 2.48246000e+00,        +1.414213562373e-01,        +2.814478070009e-01,        +2.295886356705e-03
 2.48248000e+00,        +1.414213562373e-01,        +2.814493788277e-01,        +2.293384792138e-03
 2.48250000e+00,        +1.414213562373e-01,        +2.814509479603e-01,        +2.290883783424e-03
 2.48252000e+00,        +1.414213562373e-01,        +2.814525144043e-01,        +2.288383332715e-03
 2.48254000e+00,        +1.414213562373e-01,        +2.814540781650e-01,        +2.285883442144e-03
 2.48256000e+00,        +1.414213562373e-01,        +2.814556392477e-01,        +2.283384113834e-03
 2.48258000e+00,        +1.414213562373e-01,        +2.814571976580e-01,        +2.280885349889e-03
 2.48260000e+00,        +1.414213562373e-01,        +2.814587534010e-01,        +2.278387152403e-03
 2.48262000e+00,        +1.414213562373e-01,        +2.814603064822e-01,        +2.275889523453e-03
 2.48264000e+00,        +1.414213562373e-01,        +2.814618569069e-01,        +2.273392465103e-03
 2.48266000e+00,        +1.414213562373e-01,        +2.814634046804e-01,        +2.270895979403e-03
 2.48268000e+00,        +1.414213562373e-01,        +2.814649498081e-01,        +2.268400068387e-03
 2.48270000e+00,        +1.414213562373e-01,        +2.814664922952e-01,        +2.265904734078e-03
 2.48272000e+00,        +1.414213562373e-01,        +2.814680321471e-01,        +2.263409978483e-03
 2.48274000e+00,        +1.414213562373e-01,        +2.814695693691e-01,        +2.260915803596e-03
 2.48276000e+00,        +1.414213562373e-01,        +2.814711039663e-01,        +2.258422211397e-03
 2.48278000e+00,        +1.414213562373e-01,        +2.814726359442e-01,        +2.255929203852e-03
 2.48280000e+00,        +1.414213562373e-01,        +2.814741653079e-01,        +2.253436782913e-03
 2.48282000e+00,        +1.414213562373e-01,        +2.814756920627e-01,        +2.250944950520e-03
 2.48284000e+00,        +1.414213562373e-01,        +2.814772162138e-01,        +2.248453708599e-03
 2.48286000e+00,        +1.414213562373e-01,        +2.814787377665e-01,        +2.245963059060e-03
 2.48288000e+00,        +1.414213562373e-01,        +2.814802567260e-01,        +2.243473003804e-03
 2.48290000e+00,        +1.414213562373e-01,        +2.814817730974e-01,        +2.240983544715e-03
 2.48292000e+00,        +1.414213562373e-01,        +2.814832868861e-01,        +2.238494683666e-03
 2.48294000e+00,        +1.414213562373e-01,        +2.814847980971e-01,        +2.236006422515e-03
 2.48296000e+00,        +1.414213562373e-01,        +2.814863067357e-01,        +2.233518763108e-03
 2.48298000e+00,        +1.414213562373e-01,        +2.814878128069e-01,        +2.231031707279e-03
 2.48300000e+00,        +1.414213562373e-01,        +2.814893163161e-01,        +2.228545256846e-03
 2.48302000e+00,        +1.414213562373e-01,        +2.814908172683e-01,        +2.226059413617e-03
 2.48304000e+00,        +1.414213562373e-01,        +2.814923156686e-01,        +2.223574179385e-03
 2.48306000e+00,        +1.414213562373e-01,        +2.814938115222e-01,        +2.221089555932e-03
 2.48308000e+00,        +1.414213562373e-01,        +2.814953048343e-01,        +2.218605545027e-03
 2.48310000e+00,        +1.414213562373e-01,        +2.814967956098e-01,        +2.216122148424e-03
 2.48312000e+00,        +1.414213562373e-01,        +2.814982838539e-01,        +2.213639367868e-03
 2.48314000e+00,        +1.414213562373e-01,        +2.814997695718e-01,        +2.211157205088e-03
 2.48316000e+00,        +1.414213562373e-01,        +2.815012527684e-01,        +2.208675661803e-03
 2.48318000e+00,        +1.414213562373e-01,        +2.815027334488e-01,        +2.206194739718e-03
 2.48320000e+00,        +1.414213562373e-01,        +2.815042116181e-01,        +2.203714440528e-03
 2.48322000e+00,        +1.414213562373e-01,        +2.815056872814e-01,        +2.201234765912e-03
 2.48324000e+00,        +1.414213562373e-01,        +2.815071604436e-01,        +2.198755717539e-03
 2.48326000e+00,        +1.414213562373e-01,        +2.815086311099e-01,        +2.196277297066e-03
 2.48328000e+00,        +1.414213562373e-01,        +2.815100992852e-01,        +2.193799506138e-03
 2.48330000e+00,        +1.414213562373e-01,        +2.815115649745e-01,        +2.191322346387e-03
 2.48332000e+00,        +1.414213562373e-01,        +2.815130281828e-01,        +2.188845819432e-03
 2.48334000e+00,        +1.414213562373e-01,        +2.815144889152e-01,        +2.186369926883e-03
 2.48336000e+00,        +1.414213562373e-01,        +2.815159471765e-01,        +2.183894670337e-03
 2.48338000e+00,        +1.414213562373e-01,        +2.815174029718e-01,        +2.181420051377e-03
 2.48340000e+00,        +1.414213562373e-01,        +2.815188563060e-01,        +2.178946071576e-03
 2.48342000e+00,        +1.414213562373e-01,        +2.815203071841e-01,        +2.176472732497e-03
 2.48344000e+00,        +1.414213562373e-01,        +2.815217556110e-01,        +2.174000035688e-03
 2.48346000e+00,        +1.414213562373e-01,        +2.815232015916e-01,        +2.171527982687e-03
 2.48348000e+00,        +1.414213562373e-01,        +2.815246451309e-01,        +2.169056575021e-03
 2.48350000e+00,        +1.414213562373e-01,        +2.815260862337e-01,        +2.166585814205e-03
 2.48352000e+00,        +1.414213562373e-01,        +2.815275249050e-01,        +2.164115701741e-03
 2.48354000e+00,        +1.414213562373e-01,        +2.815289611497e-01,        +2.161646239124e-03
 2.48356000e+00,        +1.414213562373e-01,        +2.815303949725e-01,        +2.159177427832e-03
 2.48358000e+00,        +1.414213562373e-01,        +2.815318263785e-01,        +2.156709269336e-03
 2.48360000e+00,        +1.414213562373e-01,        +2.815332553724e-01,        +2.154241765094e-03
 2.48362000e+00,        +1.414213562373e-01,        +2.815346819591e-01,        +2.151774916553e-03
 2.48364000e+00,        +1.414213562373e-01,        +2.815361061435e-01,        +2.149308725150e-03
 2.48366000e+00,        +1.414213562373e-01,        +2.815375279303e-01,        +2.146843192309e-03
 2.48368000e+00,        +1.414213562373e-01,        +2.815389473244e-01,        +2.144378319445e-03
 2.48370000e+00,        +1.414213562373e-01,        +2.815403643306e-01,        +2.141914107961e-03
 2.48372000e+00,        +1.414213562373e-01,        +2.815417789538e-01,        +2.139450559249e-03
 2.48374000e+00,        +1.414213562373e-01,        +2.815431911986e-01,        +2.136987674691e-03
 2.48376000e+00,        +1.414213562373e-01,        +2.815446010699e-01,        +2.134525455657e-03
 2.48378000e+00,        +1.414213562373e-01,        +2.815460085725e-01,        +2.132063903508e-03
 2.48380000e+00,        +1.414213562373e-01,        +2.815474137110e-01,        +2.129603019592e-03
 2.48382000e+00,        +1.414213562373e-01,        +2.815488164904e-01,        +2.127142805249e-03
 2.48384000e+00,        +1.414213562373e-01,        +2.815502169152e-01,        +2.124683261808e-03
 2.48386000e+00,        +1.414213562373e-01,        +2.815516149903e-01,        +2.122224390585e-03
 2.48388000e+00,        +1.414213562373e-01,        +2.815530107203e-01,        +2.119766192888e-03
 2.48390000e+00,        +1.414213562373e-01,        +2.815544041100e-01,        +2.117308670015e-03
 2.48392000e+00,        +1.414213562373e-01,        +2.815557951641e-01,        +2.114851823250e-03
 2.48394000e+00,        +1.414213562373e-01,        +2.815571838873e-01,        +2.112395653872e-03
 2.48396000e+00,        +1.414213562373e-01,        +2.815585702842e-01,        +2.109940163146e-03
 2.48398000e+00,        +1.414213562373e-01,        +2.815599543596e-01,        +2.107485352328e-03
 2.48400000e+00,        +1.414213562373e-01,        +2.815613361180e-01,        +2.105031222663e-03
 2.48402000e+00,        +1.414213562373e-01,        +2.815627155643e-01,        +2.102577775388e-03
 2.48404000e+00,        +1.414213562373e-01,        +2.815640927029e-01,        +2.100125011728e-03
 2.48406000e+00,        +1.414213562373e-01,        +2.815654675386e-01,        +2.097672932899e-03
 2.48408000e+00,        +1.414213562373e-01,        +2.815668400759e-01,        +2.095221540106e-03
 2.48410000e+00,        +1.414213562373e-01,        +2.815682103195e-01,        +2.092770834546e-03
 2.48412000e+00,        +1.414213562373e-01,        +2.815695782740e-01,        +2.090320817404e-03
 2.48414000e+00,        +1.414213562373e-01,        +2.815709439440e-01,        +2.087871489857e-03
 2.48416000e+00,        +1.414213562373e-01,        +2.815723073341e-01,        +2.085422853071e-03
 2.48418000e+00,        +1.414213562373e-01,        +2.815736684489e-01,        +2.082974908204e-03
 2.48420000e+00,        +1.414213562373e-01,        +2.815750272929e-01,        +2.080527656401e-03
 2.48422000e+00,        +1.414213562373e-01,        +2.815763838707e-01,        +2.078081098802e-03
 2.48424000e+00,        +1.414213562373e-01,        +2.815777381868e-01,        +2.075635236535e-03
 2.48426000e+00,        +1.414213562373e-01,        +2.815790902458e-01,        +2.073190070717e-03
 2.48428000e+00,        +1.414213562373e-01,        +2.815804400522e-01,        +2.070745602458e-03
 2.48430000e+00,        +1.414213562373e-01,        +2.815817876106e-01,        +2.068301832858e-03
 2.48432000e+00,        +1.414213562373e-01,        +2.815831329255e-01,        +2.065858763008e-03
 2.48434000e+00,        +1.414213562373e-01,        +2.815844760013e-01,        +2.063416393988e-03
 2.48436000e+00,        +1.414213562373e-01,        +2.815858168425e-01,        +2.060974726871e-03
 2.48438000e+00,        +1.414213562373e-01,        +2.815871554538e-01,        +2.058533762718e-03
 2.48440000e+00,        +1.414213562373e-01,        +2.815884918394e-01,        +2.056093502586e-03
 2.48442000e+00,        +1.414213562373e-01,        +2.815898260039e-01,        +2.053653947516e-03
 2.48444000e+00,        +1.414213562373e-01,        +2.815911579518e-01,        +2.051215098545e-03
 2.48446000e+00,        +1.414213562373e-01,        +2.815924876875e-01,        +2.048776956700e-03
 2.48448000e+00,        +1.414213562373e-01,        +2.815938152154e-01,        +2.046339522997e-03
 2.48450000e+00,        +1.414213562373e-01,        +2.815951405399e-01,        +2.043902798445e-03
 2.48452000e+00,        +1.414213562373e-01,        +2.815964636656e-01,        +2.041466784045e-03
 2.48454000e+00,        +1.414213562373e-01,        +2.815977845967e-01,        +2.039031480786e-03
 2.48456000e+00,        +1.414213562373e-01,        +2.815991033378e-01,        +2.036596889651e-03
 2.48458000e+00,        +1.414213562373e-01,        +2.816004198931e-01,        +2.034163011613e-03
 2.48460000e+00,        +1.414213562373e-01,        +2.816017342672e-01,        +2.031729847636e-03
 2.48462000e+00,        +1.414213562373e-01,        +2.816030464642e-01,        +2.029297398678e-03
 2.48464000e+00,        +1.414213562373e-01,        +2.816043564887e-01,        +2.026865665684e-03
 2.48466000e+00,        +1.414213562373e-01,        +2.816056643450e-01,        +2.024434649594e-03
 2.48468000e+00,        +1.414213562373e-01,        +2.816069700374e-01,        +2.022004351338e-03
 2.48470000e+00,        +1.414213562373e-01,        +2.816082735703e-01,        +2.019574771838e-03
 2.48472000e+00,        +1.414213562373e-01,        +2.816095749479e-01,        +2.017145912007e-03
 2.48474000e+00,        +1.414213562373e-01,        +2.816108741747e-01,        +2.014717772751e-03
 2.48476000e+00,        +1.414213562373e-01,        +2.816121712548e-01,        +2.012290354965e-03
 2.48478000e+00,        +1.414213562373e-01,        +2.816134661927e-01,        +2.009863659538e-03
 2.48480000e+00,        +1.414213562373e-01,        +2.816147589927e-01,        +2.007437687350e-03
 2.48482000e+00,        +1.414213562373e-01,        +2.816160496589e-01,        +2.005012439274e-03
 2.48484000e+00,        +1.414213562373e-01,        +2.816173381957e-01,        +2.002587916172e-03
 2.48486000e+00,        +1.414213562373e-01,        +2.816186246073e-01,        +2.000164118901e-03
 2.48488000e+00,        +1.414213562373e-01,        +2.816199088980e-01,        +1.997741048307e-03
 2.48490000e+00,        +1.414213562373e-01,        +2.816211910721e-01,        +1.995318705230e-03
 2.48492000e+00,        +1.414213562373e-01,        +2.816224711337e-01,        +1.992897090502e-03
 2.48494000e+00,        +1.414213562373e-01,        +2.816237490872e-01,        +1.990476204945e-03
 2.48496000e+00,        +1.414213562373e-01,        +2.816250249367e-01,        +1.988056049377e-03
 2.48498000e+00,        +1.414213562373e-01,        +2.816262986864e-01,        +1.985636624603e-03
 2.48500000e+00,        +1.414213562373e-01,        +2.816275703406e-01,        +1.983217931424e-03
 2.48502000e+00,        +1.414213562373e-01,        +2.816288399034e-01,        +1.980799970632e-03
 2.48504000e+00,        +1.414213562373e-01,        +2.816301073791e-01,        +1.978382743011e-03
 2.48506000e+00,        +1.414213562373e-01,        +2.816313727717e-01,        +1.975966249337e-03
 2.48508000e+00,        +1.414213562373e-01,        +2.816326360856e-01,        +1.973550490380e-03
 2.48510000e+00,        +1.414213562373e-01,        +2.816338973247e-01,        +1.971135466900e-03
 2.48512000e+00,        +1.414213562373e-01,        +2.816351564933e-01,        +1.968721179651e-03
 2.48514000e+00,        +1.414213562373e-01,        +2.816364135956e-01,        +1.966307629380e-03
 2.48516000e+00,        +1.414213562373e-01,        +2.816376686356e-01,        +1.963894816824e-03
 2.48518000e+00,        +1.414213562373e-01,        +2.816389216174e-01,        +1.961482742714e-03
 2.48520000e+00,        +1.414213562373e-01,        +2.816401725453e-01,        +1.959071407774e-03
 2.48522000e+00,        +1.414213562373e-01,        +2.816414214232e-01,        +1.956660812721e-03
 2.48524000e+00,        +1.414213562373e-01,        +2.816426682554e-01,        +1.954250958263e-03
 2.48526000e+00,        +1.414213562373e-01,        +2.816439130458e-01,        +1.951841845101e-03
 2.48528000e+00,        +1.414213562373e-01,        +2.816451557986e-01,        +1.949433473929e-03
 2.48530000e+00,        +1.414213562373e-01,        +2.816463965178e-01,        +1.947025845436e-03
 2.48532000e+00,        +1.414213562373e-01,        +2.816476352075e-01,        +1.944618960299e-03
 2.48534000e+00,        +1.414213562373e-01,        +2.816488718717e-01,        +1.942212819192e-03
 2.48536000e+00,        +1.414213562373e-01,        +2.816501065145e-01,        +1.939807422779e-03
 2.48538000e+00,        +1.414213562373e-01,        +2.816513391400e-01,        +1.937402771721e-03
 2.48540000e+00,        +1.414213562373e-01,        +2.816525697521e-01,        +1.934998866666e-03
 2.48542000e+00,        +1.414213562373e-01,        +2.816537983548e-01,        +1.932595708261e-03
 2.48544000e+00,        +1.414213562373e-01,        +2.816550249523e-01,        +1.930193297141e-03
 2.48546000e+00,        +1.414213562373e-01,        +2.816562495484e-01,        +1.927791633937e-03
 2.48548000e+00,        +1.414213562373e-01,        +2.816574721472e-01,        +1.925390719272e-03
 2.48550000e+00,        +1.414213562373e-01,        +2.816586927526e-01,        +1.922990553763e-03
 2.48552000e+00,        +1.414213562373e-01,        +2.816599113687e-01,        +1.920591138019e-03
 2.48554000e+00,        +1.414213562373e-01,        +2.816611279994e-01,        +1.918192472644e-03
 2.48556000e+00,        +1.414213562373e-01,        +2.816623426486e-01,        +1.915794558232e-03
 2.48558000e+00,        +1.414213562373e-01,        +2.816635553204e-01,        +1.913397395374e-03
 2.48560000e+00,        +1.414213562373e-01,        +2.816647660186e-01,        +1.911000984651e-03
 2.48562000e+00,        +1.414213562373e-01,        +2.816659747472e-01,        +1.908605326640e-03
 2.48564000e+00,        +1.414213562373e-01,        +2.816671815101e-01,        +1.906210421910e-03
 2.48566000e+00,        +1.414213562373e-01,        +2.816683863112e-01,        +1.903816271023e-03
 2.48568000e+00,        +1.414213562373e-01,        +2.816695891545e-01,        +1.901422874536e-03
 2.48570000e+00,        +1.414213562373e-01,        +2.816707900437e-01,        +1.899030232999e-03
 2.48572000e+00,        +1.414213562373e-01,        +2.816719889830e-01,        +1.896638346953e-03
 2.48574000e+00,        +1.414213562373e-01,        +2.816731859760e-01,        +1.894247216936e-03
 2.48576000e+00,        +1.414213562373e-01,        +2.816743810267e-01,        +1.891856843478e-03
 2.48578000e+00,        +1.414213562373e-01,        +2.816755741389e-01,        +1.889467227103e-03
 2.48580000e+00,        +1.414213562373e-01,        +2.816767653165e-01,        +1.887078368327e-03
 2.48582000e+00,        +1.414213562373e-01,        +2.816779545634e-01,        +1.884690267663e-03
 2.48584000e+00,        +1.414213562373e-01,        +2.816791418834e-01,        +1.882302925615e-03
 2.48586000e+00,        +1.414213562373e-01,        +2.816803272803e-01,        +1.879916342682e-03
 2.48588000e+00,        +1.414213562373e-01,        +2.816815107580e-01,        +1.877530519355e-03
 2.48590000e+00,        +1.414213562373e-01,        +2.816826923202e-01,        +1.875145456121e-03
 2.48592000e+00,        +1.414213562373e-01,        +2.816838719708e-01,        +1.872761153460e-03
 2.48594000e+00,        +1.414213562373e-01,        +2.816850497136e-01,        +1.870377611846e-03
 2.48596000e+00,        +1.414213562373e-01,        +2.816862255523e-01,        +1.867994831746e-03
 2.48598000e+00,        +1.414213562373e-01,        +2.816873994908e-01,        +1.865612813623e-03
 2.48600000e+00,        +1.414213562373e-01,        +2.816885715328e-01,        +1.863231557931e-03
 2.48602000e+00,        +1.414213562373e-01,        +2.816897416821e-01,        +1.860851065120e-03
 2.48604000e+00,        +1.414213562373e-01,        +2.816909099425e-01,        +1.858471335635e-03
 2.48606000e+00,        +1.414213562373e-01,        +2.816920763176e-01,        +1.856092369913e-03
 2.48608000e+00,        +1.414213562373e-01,        +2.816932408113e-01,        +1.853714168386e-03
 2.48610000e+00,        +1.414213562373e-01,        +2.816944034272e-01,        +1.851336731479e-03
 2.48612000e+00,        +1.414213562373e-01,        +2.816955641692e-01,        +1.848960059613e-03
 2.48614000e+00,        +1.414213562373e-01,        +2.816967230408e-01,        +1.846584153202e-03
 2.48616000e+00,        +1.414213562373e-01,        +2.816978800459e-01,        +1.844209012655e-03
 2.48618000e+00,        +1.414213562373e-01,        +2.816990351882e-01,        +1.841834638375e-03
 2.48620000e+00,        +1.414213562373e-01,        +2.817001884712e-01,        +1.839461030758e-03
 2.48622000e+00,        +1.414213562373e-01,        +2.817013398988e-01,        +1.837088190197e-03
 2.48624000e+00,        +1.414213562373e-01,        +2.817024894745e-01,        +1.834716117076e-03
 2.48626000e+00,        +1.414213562373e-01,        +2.817036372021e-01,        +1.832344811777e-03
 2.48628000e+00,        +1.414213562373e-01,        +2.817047830852e-01,        +1.829974274673e-03
 2.48630000e+00,        +1.414213562373e-01,        +2.817059271275e-01,        +1.827604506134e-03
 2.48632000e+00,        +1.414213562373e-01,        +2.817070693326e-01,        +1.825235506522e-03
 2.48634000e+00,        +1.414213562373e-01,        +2.817082097041e-01,        +1.822867276197e-03
 2.48636000e+00,        +1.414213562373e-01,        +2.817093482458e-01,        +1.820499815510e-03
 2.48638000e+00,        +1.414213562373e-01,        +2.817104849611e-01,        +1.818133124809e-03
 2.48640000e+00,        +1.414213562373e-01,        +2.817116198538e-01,        +1.815767204435e-03
 2.48642000e+00,        +1.414213562373e-01,        +2.817127529274e-01,        +1.813402054724e-03
 2.48644000e+00,        +1.414213562373e-01,        +2.817138841855e-01,        +1.811037676008e-03
 2.48646000e+00,        +1.414213562373e-01,        +2.817150136317e-01,        +1.808674068611e-03
 2.48648000e+00,        +1.414213562373e-01,        +2.817161412696e-01,        +1.806311232855e-03
 2.48650000e+00,        +1.414213562373e-01,        +2.817172671028e-01,        +1.803949169053e-03
 2.48652000e+00,        +1.414213562373e-01,        +2.817183911349e-01,        +1.801587877517e-03
 2.48654000e+00,        +1.414213562373e-01,        +2.817195133693e-01,        +1.799227358550e-03
 2.48656000e+00,        +1.414213562373e-01,        +2.817206338097e-01,        +1.796867612451e-03
 2.48658000e+00,        +1.414213562373e-01,        +2.817217524596e-01,        +1.794508639515e-03
 2.48660000e+00,        +1.414213562373e-01,        +2.817228693225e-01,        +1.792150440032e-03
 2.48662000e+00,        +1.414213562373e-01,        +2.817239844020e-01,        +1.789793014284e-03
 2.48664000e+00,        +1.414213562373e-01,        +2.817250977015e-01,        +1.787436362551e-03
 2.48666000e+00,        +1.414213562373e-01,        +2.817262092247e-01,        +1.785080485107e-03
 2.48668000e+00,        +1.414213562373e-01,        +2.817273189749e-01,        +1.782725382221e-03
 2.48670000e+00,        +1.414213562373e-01,        +2.817284269557e-01,        +1.780371054155e-03
 2.48672000e+00,        +1.414213562373e-01,        +2.817295331706e-01,        +1.778017501170e-03
 2.48674000e+00,        +1.414213562373e-01,        +2.817306376231e-01,        +1.775664723519e-03
 2.48676000e+00,        +1.414213562373e-01,        +2.817317403166e-01,        +1.773312721452e-03
 2.48678000e+00,        +1.414213562373e-01,        +2.817328412546e-01,        +1.770961495211e-03
 2.48680000e+00,        +1.414213562373e-01,        +2.817339404406e-01,        +1.768611045038e-03
 2.48682000e+00,        +1.414213562373e-01,        +2.817350378780e-01,        +1.766261371165e-03
 2.48684000e+00,        +1.414213562373e-01,        +2.817361335703e-01,        +1.763912473824e-03
 2.48686000e+00,        +1.414213562373e-01,        +2.817372275208e-01,        +1.761564353238e-03
 2.48688000e+00,        +1.414213562373e-01,        +2.817383197331e-01,        +1.759217009627e-03
 2.48690000e+00,        +1.414213562373e-01,        +2.817394102106e-01,        +1.756870443208e-03
 2.48692000e+00,        +1.414213562373e-01,        +2.817404989566e-01,        +1.754524654191e-03
 2.48694000e+00,        +1.414213562373e-01,        +2.817415859745e-01,        +1.752179642782e-03
 2.48696000e+00,        +1.414213562373e-01,        +2.817426712679e-01,        +1.749835409182e-03
 2.48698000e+00,        +1.414213562373e-01,        +2.817437548400e-01,        +1.747491953589e-03
 2.48700000e+00,        +1.414213562373e-01,        +2.817448366942e-01,        +1.745149276194e-03
 2.48702000e+00,        +1.414213562373e-01,        +2.817459168340e-01,        +1.742807377185e-03
 2.48704000e+00,        +1.414213562373e-01,        +2.817469952626e-01,        +1.740466256745e-03
 2.48706000e+00,        +1.414213562373e-01,        +2.817480719835e-01,        +1.738125915052e-03
 2.48708000e+00,        +1.414213562373e-01,        +2.817491470001e-01,        +1.735786352281e-03
 2.48710000e+00,        +1.414213562373e-01,        +2.817502203155e-01,        +1.733447568602e-03
 2.48712000e+00,        +1.414213562373e-01,        +2.817512919333e-01,        +1.731109564178e-03
 2.48714000e+00,        +1.414213562373e-01,        +2.817523618567e-01,        +1.728772339172e-03
 2.48716000e+00,        +1.414213562373e-01,        +2.817534300890e-01,        +1.726435893739e-03
 2.48718000e+00,        +1.414213562373e-01,        +2.817544966336e-01,        +1.724100228031e-03
 2.48720000e+00,        +1.414213562373e-01,        +2.817555614938e-01,        +1.721765342197e-03
 2.48722000e+00,        +1.414213562373e-01,        +2.817566246729e-01,        +1.719431236378e-03
 2.48724000e+00,        +1.414213562373e-01,        +2.817576861741e-01,        +1.717097910715e-03
 2.48726000e+00,        +1.414213562373e-01,        +2.817587460008e-01,        +1.714765365342e-03
 2.48728000e+00,        +1.414213562373e-01,        +2.817598041563e-01,        +1.712433600389e-03
 2.48730000e+00,        +1.414213562373e-01,        +2.817608606438e-01,        +1.710102615983e-03
 2.48732000e+00,        +1.414213562373e-01,        +2.817619154666e-01,        +1.707772412245e-03
 2.48734000e+00,        +1.414213562373e-01,        +2.817629686279e-01,        +1.705442989294e-03
 2.48736000e+00,        +1.414213562373e-01,        +2.817640201310e-01,        +1.703114347242e-03
 2.48738000e+00,        +1.414213562373e-01,        +2.817650699792e-01,        +1.700786486201e-03
 2.48740000e+00,        +1.414213562373e-01,        +2.817661181757e-01,        +1.698459406274e-03
 2.48742000e+00,        +1.414213562373e-01,        +2.817671647236e-01,        +1.696133107564e-03
 2.48744000e+00,        +1.414213562373e-01,        +2.817682096264e-01,        +1.693807590168e-03
 2.48746000e+00,        +1.414213562373e-01,        +2.817692528870e-01,        +1.691482854179e-03
 2.48748000e+00,        +1.414213562373e-01,        +2.817702945089e-01,        +1.689158899685e-03
 2.48750000e+00,        +1.414213562373e-01,        +2.817713344951e-01,        +1.686835726774e-03
 2.48752000e+00,        +1.414213562373e-01,        +2.817723728489e-01,        +1.684513335524e-03
 2.48754000e+00,        +1.414213562373e-01,        +2.817734095735e-01,        +1.682191726015e-03
 2.48756000e+00,        +1.414213562373e-01,        +2.817744446719e-01,        +1.679870898319e-03
 2.48758000e+00,        +1.414213562373e-01,        +2.817754781475e-01,        +1.677550852506e-03
 2.48760000e+00,        +1.414213562373e-01,        +2.817765100034e-01,        +1.675231588641e-03
 2.48762000e+00,        +1.414213562373e-01,        +2.817775402427e-01,        +1.672913106787e-03
 2.48764000e+00,        +1.414213562373e-01,        +2.817785688687e-01,        +1.670595407000e-03
 2.48766000e+00,        +1.414213562373e-01,        +2.817795958843e-01,        +1.668278489335e-03
 2.48768000e+00,        +1.414213562373e-01,        +2.817806212929e-01,        +1.665962353842e-03
 2.48770000e+00,        +1.414213562373e-01,        +2.817816450974e-01,        +1.663647000568e-03
 2.48772000e+00,        +1.414213562373e-01,        +2.817826673011e-01,        +1.661332429555e-03
 2.48774000e+00,        +1.414213562373e-01,        +2.817836879071e-01,        +1.659018640843e-03
 2.48776000e+00,        +1.414213562373e-01,        +2.817847069184e-01,        +1.656705634466e-03
 2.48778000e+00,        +1.414213562373e-01,        +2.817857243382e-01,        +1.654393410456e-03
 2.48780000e+00,        +1.414213562373e-01,        +2.817867401696e-01,        +1.652081968841e-03
 2.48782000e+00,        +1.414213562373e-01,        +2.817877544156e-01,        +1.649771309646e-03
 2.48784000e+00,        +1.414213562373e-01,        +2.817887670794e-01,        +1.647461432891e-03
 2.48786000e+00,        +1.414213562373e-01,        +2.817897781641e-01,        +1.645152338592e-03
 2.48788000e+00,        +1.414213562373e-01,        +2.817907876726e-01,        +1.642844026764e-03
 2.48790000e+00,        +1.414213562373e-01,        +2.817917956081e-01,        +1.640536497416e-03
 2.48792000e+00,        +1.414213562373e-01,        +2.817928019736e-01,        +1.638229750554e-03
 2.48794000e+00,        +1.414213562373e-01,        +2.817938067722e-01,        +1.635923786182e-03
 2.48796000e+00,        +1.414213562373e-01,        +2.817948100069e-01,        +1.633618604298e-03
 2.48798000e+00,        +1.414213562373e-01,        +2.817958116808e-01,        +1.631314204898e-03
 2.48800000e+00,        +1.414213562373e-01,        +2.817968117969e-01,        +1.629010587975e-03
 2.48802000e+00,        +1.414213562373e-01,        +2.817978103581e-01,        +1.626707753518e-03
 2.48804000e+00,        +1.414213562373e-01,        +2.817988073677e-01,        +1.624405701511e-03
 2.48806000e+00,        +1.414213562373e-01,        +2.817998028284e-01,        +1.622104431937e-03
 2.48808000e+00,        +1.414213562373e-01,        +2.818007967434e-01,        +1.619803944776e-03
 2.48810000e+00,        +1.414213562373e-01,        +2.818017891156e-01,        +1.617504240000e-03
 2.48812000e+00,        +1.414213562373e-01,        +2.818027799481e-01,        +1.615205317584e-03
 2.48814000e+00,        +1.414213562373e-01,        +2.818037692437e-01,        +1.612907177494e-03
 2.48816000e+00,        +1.414213562373e-01,        +2.818047570056e-01,        +1.610609819698e-03
 2.48818000e+00,        +1.414213562373e-01,        +2.818057432366e-01,        +1.608313244156e-03
 2.48820000e+00,        +1.414213562373e-01,        +2.818067279398e-01,        +1.606017450827e-03
 2.48822000e+00,        +1.414213562373e-01,        +2.818077111181e-01,        +1.603722439667e-03
 2.48824000e+00,        +1.414213562373e-01,        +2.818086927743e-01,        +1.601428210628e-03
 2.48826000e+00,        +1.414213562373e-01,        +2.818096729116e-01,        +1.599134763660e-03
 2.48828000e+00,        +1.414213562373e-01,        +2.818106515328e-01,        +1.596842098706e-03
 2.48830000e+00,        +1.414213562373e-01,        +2.818116286409e-01,        +1.594550215712e-03
 2.48832000e+00,        +1.414213562373e-01,        +2.818126042387e-01,        +1.592259114616e-03
 2.48834000e+00,        +1.414213562373e-01,        +2.818135783292e-01,        +1.589968795353e-03
 2.48836000e+00,        +1.414213562373e-01,        +2.818145509154e-01,        +1.587679257858e-03
 2.48838000e+00,        +1.414213562373e-01,        +2.818155220000e-01,        +1.585390502061e-03
 2.48840000e+00,        +1.414213562373e-01,        +2.818164915861e-01,        +1.583102527888e-03
 2.48842000e+00,        +1.414213562373e-01,        +2.818174596764e-01,        +1.580815335264e-03
 2.48844000e+00,        +1.414213562373e-01,        +2.818184262740e-01,        +1.578528924109e-03
 2.48846000e+00,        +1.414213562373e-01,        +2.818193913817e-01,        +1.576243294342e-03
 2.48848000e+00,        +1.414213562373e-01,        +2.818203550023e-01,        +1.573958445877e-03
 2.48850000e+00,        +1.414213562373e-01,        +2.818213171387e-01,        +1.571674378626e-03
 2.48852000e+00,        +1.414213562373e-01,        +2.818222777938e-01,        +1.569391092497e-03
 2.48854000e+00,        +1.414213562373e-01,        +2.818232369704e-01,        +1.567108587398e-03
 2.48856000e+00,        +1.414213562373e-01,        +2.818241946714e-01,        +1.564826863230e-03
 2.48858000e+00,        +1.414213562373e-01,        +2.818251508996e-01,        +1.562545919893e-03
 2.48860000e+00,        +1.414213562373e-01,        +2.818261056579e-01,        +1.560265757286e-03
 2.48862000e+00,        +1.414213562373e-01,        +2.818270589491e-01,        +1.557986375302e-03
 2.48864000e+00,        +1.414213562373e-01,        +2.818280107760e-01,        +1.555707773832e-03
 2.48866000e+00,        +1.414213562373e-01,        +2.818289611415e-01,        +1.553429952765e-03
 2.48868000e+00,        +1.414213562373e-01,        +2.818299100482e-01,        +1.551152911987e-03
 2.48870000e+00,        +1.414213562373e-01,        +2.818308574992e-01,        +1.548876651380e-03
 2.48872000e+00,        +1.414213562373e-01,        +2.818318034970e-01,        +1.546601170825e-03
 2.48874000e+00,        +1.414213562373e-01,        +2.818327480446e-01,        +1.544326470198e-03
 2.48876000e+00,        +1.414213562373e-01,        +2.818336911448e-01,        +1.542052549375e-03
 2.48878000e+00,        +1.414213562373e-01,        +2.818346328002e-01,        +1.539779408226e-03
 2.48880000e+00,        +1.414213562373e-01,        +2.818355730137e-01,        +1.537507046620e-03
 2.48882000e+00,        +1.414213562373e-01,        +2.818365117881e-01,        +1.535235464425e-03
 2.48884000e+00,        +1.414213562373e-01,        +2.818374491261e-01,        +1.532964661503e-03
 2.48886000e+00,        +1.414213562373e-01,        +2.818383850304e-01,        +1.530694637716e-03
 2.48888000e+00,        +1.414213562373e-01,        +2.818393195039e-01,        +1.528425392921e-03
 2.48890000e+00,        +1.414213562373e-01,        +2.818402525492e-01,        +1.526156926973e-03
 2.48892000e+00,        +1.414213562373e-01,        +2.818411841691e-01,        +1.523889239727e-03
 2.48894000e+00,        +1.414213562373e-01,        +2.818421143663e-01,        +1.521622331031e-03
 2.48896000e+00,        +1.414213562373e-01,        +2.818430431436e-01,        +1.519356200734e-03
 2.48898000e+00,        +1.414213562373e-01,        +2.818439705036e-01,        +1.517090848680e-03
 2.48900000e+00,        +1.414213562373e-01,        +2.818448964491e-01,        +1.514826274712e-03
 2.48902000e+00,        +1.414213562373e-01,        +2.818458209829e-01,        +1.512562478670e-03
 2.48904000e+00,        +1.414213562373e-01,        +2.818467441075e-01,        +1.510299460391e-03
 2.48906000e+00,        +1.414213562373e-01,        +2.818476658257e-01,        +1.508037219709e-03
 2.48908000e+00,        +1.414213562373e-01,        +2.818485861402e-01,        +1.505775756458e-03
 2.48910000e+00,        +1.414213562373e-01,        +2.818495050536e-01,        +1.503515070466e-03
 2.48912000e+00,        +1.414213562373e-01,        +2.818504225687e-01,        +1.501255161561e-03
 2.48914000e+00,        +1.414213562373e-01,        +2.818513386880e-01,        +1.498996029568e-03
 2.48916000e+00,        +1.414213562373e-01,        +2.818522534144e-01,        +1.496737674309e-03
 2.48918000e+00,        +1.414213562373e-01,        +2.818531667504e-01,        +1.494480095604e-03
 2.48920000e+00,        +1.414213562373e-01,        +2.818540786986e-01,        +1.492223293269e-03
 2.48922000e+00,        +1.414213562373e-01,        +2.818549892619e-01,        +1.489967267122e-03
 2.48924000e+00,        +1.414213562373e-01,        +2.818558984426e-01,        +1.487712016973e-03
 2.48926000e+00,        +1.414213562373e-01,        +2.818568062436e-01,        +1.485457542633e-03
 2.48928000e+00,        +1.414213562373e-01,        +2.818577126675e-01,        +1.483203843910e-03
 2.48930000e+00,        +1.414213562373e-01,        +2.818586177168e-01,        +1.480950920609e-03
 2.48932000e+00,        +1.414213562373e-01,        +2.818595213942e-01,        +1.478698772535e-03
 2.48934000e+00,        +1.414213562373e-01,        +2.818604237023e-01,        +1.476447399486e-03
 2.48936000e+00,        +1.414213562373e-01,        +2.818613246437e-01,        +1.474196801262e-03
 2.48938000e+00,        +1.414213562373e-01,        +2.818622242210e-01,        +1.471946977660e-03
 2.48940000e+00,        +1.414213562373e-01,        +2.818631224368e-01,        +1.469697928473e-03
 2.48942000e+00,        +1.414213562373e-01,        +2.818640192937e-01,        +1.467449653492e-03
 2.48944000e+00,        +1.414213562373e-01,        +2.818649147943e-01,        +1.465202152507e-03
 2.48946000e+00,        +1.414213562373e-01,        +2.818658089412e-01,        +1.462955425306e-03
 2.48948000e+00,        +1.414213562373e-01,        +2.818667017369e-01,        +1.460709471673e-03
 2.48950000e+00,        +1.414213562373e-01,        +2.818675931839e-01,        +1.458464291390e-03
 2.48952000e+00,        +1.414213562373e-01,        +2.818684832850e-01,        +1.456219884240e-03
 2.48954000e+00,        +1.414213562373e-01,        +2.818693720425e-01,        +1.453976249998e-03
 2.48956000e+00,        +1.414213562373e-01,        +2.818702594591e-01,        +1.451733388443e-03
 2.48958000e+00,        +1.414213562373e-01,        +2.818711455373e-01,        +1.449491299348e-03
 2.48960000e+00,        +1.414213562373e-01,        +2.818720302797e-01,        +1.447249982484e-03
 2.48962000e+00,        +1.414213562373e-01,        +2.818729136888e-01,        +1.445009437621e-03
 2.48964000e+00,        +1.414213562373e-01,        +2.818737957670e-01,        +1.442769664528e-03
 2.48966000e+00,        +1.414213562373e-01,        +2.818746765170e-01,        +1.440530662969e-03
 2.48968000e+00,        +1.414213562373e-01,        +2.818755559412e-01,        +1.438292432708e-03
 2.48970000e+00,        +1.414213562373e-01,        +2.818764340422e-01,        +1.436054973506e-03
 2.48972000e+00,        +1.414213562373e-01,        +2.818773108225e-01,        +1.433818285122e-03
 2.48974000e+00,        +1.414213562373e-01,        +2.818781862845e-01,        +1.431582367314e-03
 2.48976000e+00,        +1.414213562373e-01,        +2.818790604308e-01,        +1.429347219836e-03
 2.48978000e+00,        +1.414213562373e-01,        +2.818799332638e-01,        +1.427112842442e-03
 2.48980000e+00,        +1.414213562373e-01,        +2.818808047861e-01,        +1.424879234884e-03
 2.48982000e+00,        +1.414213562373e-01,        +2.818816750000e-01,        +1.422646396909e-03
 2.48984000e+00,        +1.414213562373e-01,        +2.818825439082e-01,        +1.420414328265e-03
 2.48986000e+00,        +1.414213562373e-01,        +2.818834115130e-01,        +1.418183028698e-03
 2.48988000e+00,        +1.414213562373e-01,        +2.818842778168e-01,        +1.415952497949e-03
 2.48990000e+00,        +1.414213562373e-01,        +2.818851428223e-01,        +1.413722735762e-03
 2.48992000e+00,        +1.414213562373e-01,        +2.818860065318e-01,        +1.411493741874e-03
 2.48994000e+00,        +1.414213562373e-01,        +2.818868689477e-01,        +1.409265516023e-03
 2.48996000e+00,        +1.414213562373e-01,        +2.818877300726e-01,        +1.407038057945e-03
 2.48998000e+00,        +1.414213562373e-01,        +2.818885899087e-01,        +1.404811367373e-03
 2.49000000e+00,        +1.414213562373e-01,        +2.818894484587e-01,        +1.402585444039e-03
