        f (GHz),                 E_elec (J),                  E_mag (J),                  E_cap (J),                  E_ind (J),              E_elec[1] (J),                  p_elec[1],               E_mag[1] (J),                   p_mag[1]
 2.41500000e+00,        +1.384229464765e-09,        +1.319855693698e-09,        +0.000000000000e+00,        +0.000000000000e+00,        +2.954721475914e-12,        +2.134560454841e-03,        +1.709298854327e-11,        +1.295064954820e-02
 2.41502000e+00,        +1.388092584341e-09,        +1.323714505299e-09,        +0.000000000000e+00,        +0.000000000000e+00,        +2.964159505522e-12,        +2.135419163650e-03,        +1.714717188926e-11,        +1.295382941005e-02
 2.41504000e+00,        +1.391973033043e-09,        +1.327590639756e-09,        +0.000000000000e+00,        +0.000000000000e+00,        +2.973640819243e-12,        +2.136277606429e-03,        +1.720160361471e-11,        +1.295700880949e-02
 2.41506000e+00,        +1.395870914295e-09,        +1.331484200497e-09,        +0.000000000000e+00,        +0.000000000000e+00,        +2.983165677926e-12,        +2.137135781952e-03,        +1.725628521864e-11,        +1.296018774553e-02
 2.41508000e+00,        +1.399786332295e-09,        +1.335395291720e-09,        +0.000000000000e+00,        +0.000000000000e+00,        +2.992734344376e-12,        +2.137993688987e-03,        +1.731121821125e-11,        +1.296336621717e-02
 2.41510000e+00,        +1.403719392013e-09,        +1.339324018401e-09,        +0.000000000000e+00,        +0.000000000000e+00,        +3.002347083364e-12,        +2.138851326303e-03,        +1.736640411411e-11,        +1.296654422343e-02
 2.41512000e+00,        +1.407670199205e-09,        +1.343270486299e-09,        +0.000000000000e+00,        +0.000000000000e+00,        +3.012004161648e-12,        +2.139708692668e-03,        +1.742184446019e-11,        +1.296972176333e-02
 2.41514000e+00,        +1.411638860417e-09,        +1.347234801964e-09,        +0.000000000000e+00,        +0.000000000000e+00,        +3.021705847992e-12,        +2.140565786847e-03,        +1.747754079402e-11,        +1.297289883586e-02
 2.41516000e+00,        +1.415625482991e-09,        +1.351217072741e-09,        +0.000000000000e+00,        +0.000000000000e+00,        +3.031452413179e-12,        +2.141422607606e-03,        +1.753349467176e-11,        +1.297607544004e-02
 2.41518000e+00,        +1.419630175075e-09,        +1.355217406784e-09,        +0.000000000000e+00,        +0.000000000000e+00,        +3.041244130036e-12,        +2.142279153707e-03,        +1.758970766132e-11,        +1.297925157488e-02
 2.41520000e+00,        +1.423653045628e-09,        +1.359235913057e-09,        +0.000000000000e+00,        +0.000000000000e+00,        +3.051081273447e-12,        +2.143135423912e-03,        +1.764618134245e-11,        +1.298242723941e-02
 2.41522000e+00,        +1.427694204430e-09,        +1.363272701341e-09,        +0.000000000000e+00,        +0.000000000000e+00,        +3.060964120373e-12,        +2.143991416983e-03,        +1.770291730685e-11,        +1.298560243261e-02
 2.41524000e+00,        +1.431753762083e-09,        +1.367327882247e-09,        +0.000000000000e+00,        +0.000000000000e+00,        +3.070892949871e-12,        +2.144847131677e-03,        +1.775991715831e-11,        +1.298877715353e-02
 2.41526000e+00,        +1.435831830027e-09,        +1.371401567219e-09,        +0.000000000000e+00,        +0.000000000000e+00,        +3.080868043117e-12,        +2.145702566755e-03,        +1.781718251277e-11,        +1.299195140115e-02
 2.41528000e+00,        +1.439928520542e-09,        +1.375493868542e-09,        +0.000000000000e+00,        +0.000000000000e+00,        +3.090889683415e-12,        +2.146557720971e-03,        +1.787471499847e-11,        +1.299512517451e-02
 2.41530000e+00,        +1.444043946756e-09,        +1.379604899350e-09,        +0.000000000000e+00,        +0.000000000000e+00,        +3.100958156227e-12,        +2.147412593082e-03,        +1.793251625603e-11,        +1.299829847261e-02
 2.41532000e+00,        +1.448178222655e-09,        +1.383734773635e-09,        +0.000000000000e+00,        +0.000000000000e+00,        +3.111073749187e-12,        +2.148267181841e-03,        +1.799058793859e-11,        +1.300147129448e-02
 2.41534000e+00,        +1.452331463090e-09,        +1.387883606254e-09,        +0.000000000000e+00,        +0.000000000000e+00,        +3.121236752121e-12,        +2.149121486001e-03,        +1.804893171190e-11,        +1.300464363912e-02
 2.41536000e+00,        +1.456503783781e-09,        +1.392051512934e-09,        +0.000000000000e+00,        +0.000000000000e+00,        +3.131447457070e-12,        +2.149975504314e-03,        +1.810754925447e-11,        +1.300781550555e-02
 2.41538000e+00,        +1.460695301332e-09,        +1.396238610286e-09,        +0.000000000000e+00,        +0.000000000000e+00,        +3.141706158304e-12,        +2.150829235529e-03,        +1.816644225764e-11,        +1.301098689280e-02
 2.41540000e+00,        +1.464906133232e-09,        +1.400445015806e-09,        +0.000000000000e+00,        +0.000000000000e+00,        +3.152013152352e-12,        +2.151682678396e-03,        +1.822561242573e-11,        +1.301415779987e-02
 2.41542000e+00,        +1.469136397870e-09,        +1.404670847888e-09,        +0.000000000000e+00,        +0.000000000000e+00,        +3.162368738012e-12,        +2.152535831661e-03,        +1.828506147615e-11,        +1.301732822579e-02
 2.41544000e+00,        +1.473386214535e-09,        +1.408916225832e-09,        +0.000000000000e+00,        +0.000000000000e+00,        +3.172773216380e-12,        +2.153388694071e-03,        +1.834479113952e-11,        +1.302049816957e-02
 2.41546000e+00,        +1.477655703432e-09,        +1.413181269849e-09,        +0.000000000000e+00,        +0.000000000000e+00,        +3.183226890866e-12,        +2.154241264371e-03,        +1.840480315979e-11,        +1.302366763024e-02
 2.41548000e+00,        +1.481944985686e-09,        +1.417466101072e-09,        +0.000000000000e+00,        +0.000000000000e+00,        +3.193730067218e-12,        +2.155093541303e-03,        +1.846509929435e-11,        +1.302683660681e-02
 2.41550000e+00,        +1.486254183352e-09,        +1.421770841564e-09,        +0.000000000000e+00,        +0.000000000000e+00,        +3.204283053544e-12,        +2.155945523610e-03,        +1.852568131420e-11,        +1.303000509830e-02
 2.41552000e+00,        +1.490583419421e-09,        +1.426095614327e-09,        +0.000000000000e+00,        +0.000000000000e+00,        +3.214886160329e-12,        +2.156797210033e-03,        +1.858655100401e-11,        +1.303317310374e-02
 2.41554000e+00,        +1.494932817834e-09,        +1.430440543309e-09,        +0.000000000000e+00,        +0.000000000000e+00,        +3.225539700464e-12,        +2.157648599311e-03,        +1.864771016230e-11,        +1.303634062215e-02
 2.41556000e+00,        +1.499302503485e-09,        +1.434805753413e-09,        +0.000000000000e+00,        +0.000000000000e+00,        +3.236243989262e-12,        +2.158499690182e-03,        +1.870916060154e-11,        +1.303950765254e-02
 2.41558000e+00,        +1.503692602233e-09,        +1.439191370508e-09,        +0.000000000000e+00,        +0.000000000000e+00,        +3.246999344483e-12,        +2.159350481383e-03,        +1.877090414828e-11,        +1.304267419395e-02
 2.41560000e+00,        +1.508103240909e-09,        +1.443597521436e-09,        +0.000000000000e+00,        +0.000000000000e+00,        +3.257806086360e-12,        +2.160200971650e-03,        +1.883294264329e-11,        +1.304584024538e-02
 2.41562000e+00,        +1.512534547329e-09,        +1.448024334022e-09,        +0.000000000000e+00,        +0.000000000000e+00,        +3.268664537615e-12,        +2.161051159715e-03,        +1.889527794170e-11,        +1.304900580588e-02
 2.41564000e+00,        +1.516986650297e-09,        +1.452471937080e-09,        +0.000000000000e+00,        +0.000000000000e+00,        +3.279575023486e-12,        +2.161901044313e-03,        +1.895791191312e-11,        +1.305217087446e-02
 2.41566000e+00,        +1.521459679619e-09,        +1.456940460427e-09,        +0.000000000000e+00,        +0.000000000000e+00,        +3.290537871753e-12,        +2.162750624175e-03,        +1.902084644176e-11,        +1.305533545014e-02
 2.41568000e+00,        +1.525953766110e-09,        +1.461430034891e-09,        +0.000000000000e+00,        +0.000000000000e+00,        +3.301553412755e-12,        +2.163599898031e-03,        +1.908408342660e-11,        +1.305849953195e-02
 2.41570000e+00,        +1.530469041604e-09,        +1.465940792316e-09,        +0.000000000000e+00,        +0.000000000000e+00,        +3.312621979420e-12,        +2.164448864609e-03,        +1.914762478152e-11,        +1.306166311892e-02
 2.41572000e+00,        +1.535005638966e-09,        +1.470472865578e-09,        +0.000000000000e+00,        +0.000000000000e+00,        +3.323743907287e-12,        +2.165297522638e-03,        +1.921147243541e-11,        +1.306482621008e-02
 2.41574000e+00,        +1.539563692095e-09,        +1.475026388589e-09,        +0.000000000000e+00,        +0.000000000000e+00,        +3.334919534530e-12,        +2.166145870842e-03,        +1.927562833235e-11,        +1.306798880444e-02
 2.41576000e+00,        +1.544143335942e-09,        +1.479601496313e-09,        +0.000000000000e+00,        +0.000000000000e+00,        +3.346149201984e-12,        +2.166993907948e-03,        +1.934009443172e-11,        +1.307115090105e-02
 2.41578000e+00,        +1.548744706512e-09,        +1.484198324766e-09,        +0.000000000000e+00,        +0.000000000000e+00,        +3.357433253166e-12,        +2.167841632678e-03,        +1.940487270837e-11,        +1.307431249892e-02
 2.41580000e+00,        +1.553367940880e-09,        +1.488817011039e-09,        +0.000000000000e+00,        +0.000000000000e+00,        +3.368772034308e-12,        +2.168689043755e-03,        +1.946996515276e-11,        +1.307747359709e-02
 2.41582000e+00,        +1.558013177199e-09,        +1.493457693295e-09,        +0.000000000000e+00,        +0.000000000000e+00,        +3.380165894372e-12,        +2.169536139899e-03,        +1.953537377108e-11,        +1.308063419458e-02
 2.41584000e+00,        +1.562680554708e-09,        +1.498120510789e-09,        +0.000000000000e+00,        +0.000000000000e+00,        +3.391615185089e-12,        +2.170382919831e-03,        +1.960110058544e-11,        +1.308379429043e-02
 2.41586000e+00,        +1.567370213744e-09,        +1.502805603873e-09,        +0.000000000000e+00,        +0.000000000000e+00,        +3.403120260972e-12,        +2.171229382267e-03,        +1.966714763400e-11,        +1.308695388367e-02
 2.41588000e+00,        +1.572082295754e-09,        +1.507513114007e-09,        +0.000000000000e+00,        +0.000000000000e+00,        +3.414681479349e-12,        +2.172075525926e-03,        +1.973351697111e-11,        +1.309011297332e-02
 2.41590000e+00,        +1.576816943304e-09,        +1.512243183771e-09,        +0.000000000000e+00,        +0.000000000000e+00,        +3.426299200392e-12,        +2.172921349522e-03,        +1.980021066748e-11,        +1.309327155842e-02
 2.41592000e+00,        +1.581574300086e-09,        +1.516995956874e-09,        +0.000000000000e+00,        +0.000000000000e+00,        +3.437973787137e-12,        +2.173766851770e-03,        +1.986723081034e-11,        +1.309642963800e-02
 2.41594000e+00,        +1.586354510936e-09,        +1.521771578168e-09,        +0.000000000000e+00,        +0.000000000000e+00,        +3.449705605518e-12,        +2.174612031382e-03,        +1.993457950359e-11,        +1.309958721110e-02
 2.41596000e+00,        +1.591157721839e-09,        +1.526570193653e-09,        +0.000000000000e+00,        +0.000000000000e+00,        +3.461495024389e-12,        +2.175456887070e-03,        +2.000225886794e-11,        +1.310274427675e-02
 2.41598000e+00,        +1.595984079942e-09,        +1.531391950494e-09,        +0.000000000000e+00,        +0.000000000000e+00,        +3.473342415557e-12,        +2.176301417545e-03,        +2.007027104112e-11,        +1.310590083398e-02
 2.41600000e+00,        +1.600833733566e-09,        +1.536236997026e-09,        +0.000000000000e+00,        +0.000000000000e+00,        +3.485248153805e-12,        +2.177145621514e-03,        +2.013861817799e-11,        +1.310905688183e-02
 2.41602000e+00,        +1.605706832214e-09,        +1.541105482773e-09,        +0.000000000000e+00,        +0.000000000000e+00,        +3.497212616926e-12,        +2.177989497687e-03,        +2.020730245072e-11,        +1.311221241933e-02
 2.41604000e+00,        +1.610603526587e-09,        +1.545997558451e-09,        +0.000000000000e+00,        +0.000000000000e+00,        +3.509236185748e-12,        +2.178833044768e-03,        +2.027632604897e-11,        +1.311536744553e-02
 2.41606000e+00,        +1.615523968591e-09,        +1.550913375984e-09,        +0.000000000000e+00,        +0.000000000000e+00,        +3.521319244161e-12,        +2.179676261462e-03,        +2.034569118006e-11,        +1.311852195945e-02
 2.41608000e+00,        +1.620468311351e-09,        +1.555853088517e-09,        +0.000000000000e+00,        +0.000000000000e+00,        +3.533462179155e-12,        +2.180519146474e-03,        +2.041540006911e-11,        +1.312167596014e-02
 2.41610000e+00,        +1.625436709222e-09,        +1.560816850424e-09,        +0.000000000000e+00,        +0.000000000000e+00,        +3.545665380841e-12,        +2.181361698505e-03,        +2.048545495924e-11,        +1.312482944663e-02
 2.41612000e+00,        +1.630429317800e-09,        +1.565804817320e-09,        +0.000000000000e+00,        +0.000000000000e+00,        +3.557929242483e-12,        +2.182203916257e-03,        +2.055585811174e-11,        +1.312798241797e-02
 2.41614000e+00,        +1.635446293937e-09,        +1.570817146076e-09,        +0.000000000000e+00,        +0.000000000000e+00,        +3.570254160534e-12,        +2.183045798428e-03,        +2.062661180623e-11,        +1.313113487318e-02
 2.41616000e+00,        +1.640487795749e-09,        +1.575853994829e-09,        +0.000000000000e+00,        +0.000000000000e+00,        +3.582640534659e-12,        +2.183887343717e-03,        +2.069771834086e-11,        +1.313428681133e-02
 2.41618000e+00,        +1.645553982631e-09,        +1.580915522995e-09,        +0.000000000000e+00,        +0.000000000000e+00,        +3.595088767771e-12,        +2.184728550821e-03,        +2.076918003246e-11,        +1.313743823143e-02
 2.41620000e+00,        +1.650645015268e-09,        +1.586001891280e-09,        +0.000000000000e+00,        +0.000000000000e+00,        +3.607599266063e-12,        +2.185569418436e-03,        +2.084099921675e-11,        +1.314058913254e-02
 2.41622000e+00,        +1.655761055648e-09,        +1.591113261694e-09,        +0.000000000000e+00,        +0.000000000000e+00,        +3.620172439035e-12,        +2.186409945255e-03,        +2.091317824850e-11,        +1.314373951370e-02
 2.41624000e+00,        +1.660902267076e-09,        +1.596249797564e-09,        +0.000000000000e+00,        +0.000000000000e+00,        +3.632808699532e-12,        +2.187250129971e-03,        +2.098571950176e-11,        +1.314688937395e-02
 2.41626000e+00,        +1.666068814183e-09,        +1.601411663543e-09,        +0.000000000000e+00,        +0.000000000000e+00,        +3.645508463772e-12,        +2.188089971277e-03,        +2.105862536997e-11,        +1.315003871234e-02
 2.41628000e+00,        +1.671260862944e-09,        +1.606599025628e-09,        +0.000000000000e+00,        +0.000000000000e+00,        +3.658272151381e-12,        +2.188929467862e-03,        +2.113189826623e-11,        +1.315318752790e-02
 2.41630000e+00,        +1.676478580685e-09,        +1.611812051172e-09,        +0.000000000000e+00,        +0.000000000000e+00,        +3.671100185428e-12,        +2.189768618414e-03,        +2.120554062345e-11,        +1.315633581969e-02
 2.41632000e+00,        +1.681722136103e-09,        +1.617050908894e-09,        +0.000000000000e+00,        +0.000000000000e+00,        +3.683992992455e-12,        +2.190607421623e-03,        +2.127955489454e-11,        +1.315948358675e-02
 2.41634000e+00,        +1.686991699274e-09,        +1.622315768895e-09,        +0.000000000000e+00,        +0.000000000000e+00,        +3.696951002512e-12,        +2.191445876173e-03,        +2.135394355262e-11,        +1.316263082813e-02
 2.41636000e+00,        +1.692287441669e-09,        +1.627606802671e-09,        +0.000000000000e+00,        +0.000000000000e+00,        +3.709974649195e-12,        +2.192283980750e-03,        +2.142870909123e-11,        +1.316577754287e-02
 2.41638000e+00,        +1.697609536167e-09,        +1.632924183126e-09,        +0.000000000000e+00,        +0.000000000000e+00,        +3.723064369676e-12,        +2.193121734038e-03,        +2.150385402451e-11,        +1.316892373003e-02
 2.41640000e+00,        +1.702958157068e-09,        +1.638268084588e-09,        +0.000000000000e+00,        +0.000000000000e+00,        +3.736220604742e-12,        +2.193959134717e-03,        +2.157938088740e-11,        +1.317206938865e-02
 2.41642000e+00,        +1.708333480111e-09,        +1.643638682821e-09,        +0.000000000000e+00,        +0.000000000000e+00,        +3.749443798826e-12,        +2.194796181470e-03,        +2.165529223588e-11,        +1.317521451778e-02
 2.41644000e+00,        +1.713735682482e-09,        +1.649036155038e-09,        +0.000000000000e+00,        +0.000000000000e+00,        +3.762734400050e-12,        +2.195632872976e-03,        +2.173159064713e-11,        +1.317835911647e-02
 2.41646000e+00,        +1.719164942832e-09,        +1.654460679920e-09,        +0.000000000000e+00,        +0.000000000000e+00,        +3.776092860255e-12,        +2.196469207913e-03,        +2.180827871978e-11,        +1.318150318377e-02
 2.41648000e+00,        +1.724621441293e-09,        +1.659912437624e-09,        +0.000000000000e+00,        +0.000000000000e+00,        +3.789519635041e-12,        +2.197305184958e-03,        +2.188535907410e-11,        +1.318464671873e-02
 2.41650000e+00,        +1.730105359486e-09,        +1.665391609803e-09,        +0.000000000000e+00,        +0.000000000000e+00,        +3.803015183804e-12,        +2.198140802786e-03,        +2.196283435223e-11,        +1.318778972042e-02
 2.41652000e+00,        +1.735616880545e-09,        +1.670898379620e-09,        +0.000000000000e+00,        +0.000000000000e+00,        +3.816579969774e-12,        +2.198976060071e-03,        +2.204070721838e-11,        +1.319093218787e-02
 2.41654000e+00,        +1.741156189125e-09,        +1.676432931758e-09,        +0.000000000000e+00,        +0.000000000000e+00,        +3.830214460051e-12,        +2.199810955487e-03,        +2.211898035907e-11,        +1.319407412015e-02
 2.41656000e+00,        +1.746723471419e-09,        +1.681995452443e-09,        +0.000000000000e+00,        +0.000000000000e+00,        +3.843919125646e-12,        +2.200645487705e-03,        +2.219765648333e-11,        +1.319721551630e-02
 2.41658000e+00,        +1.752318915175e-09,        +1.687586129454e-09,        +0.000000000000e+00,        +0.000000000000e+00,        +3.857694441521e-12,        +2.201479655395e-03,        +2.227673832295e-11,        +1.320035637539e-02
 2.41660000e+00,        +1.757942709709e-09,        +1.693205152137e-09,        +0.000000000000e+00,        +0.000000000000e+00,        +3.871540886624e-12,        +2.202313457227e-03,        +2.235622863269e-11,        +1.320349669647e-02
 2.41662000e+00,        +1.763595045923e-09,        +1.698852711429e-09,        +0.000000000000e+00,        +0.000000000000e+00,        +3.885458943935e-12,        +2.203146891866e-03,        +2.243613019052e-11,        +1.320663647859e-02
 2.41664000e+00,        +1.769276116319e-09,        +1.704528999864e-09,        +0.000000000000e+00,        +0.000000000000e+00,        +3.899449100500e-12,        +2.203979957980e-03,        +2.251644579784e-11,        +1.320977572082e-02
 2.41666000e+00,        +1.774986115016e-09,        +1.710234211595e-09,        +0.000000000000e+00,        +0.000000000000e+00,        +3.913511847476e-12,        +2.204812654233e-03,        +2.259717827975e-11,        +1.321291442222e-02
 2.41668000e+00,        +1.780725237767e-09,        +1.715968542407e-09,        +0.000000000000e+00,        +0.000000000000e+00,        +3.927647680175e-12,        +2.205644979289e-03,        +2.267833048523e-11,        +1.321605258183e-02
 2.41670000e+00,        +1.786493681972e-09,        +1.721732189739e-09,        +0.000000000000e+00,        +0.000000000000e+00,        +3.941857098097e-12,        +2.206476931811e-03,        +2.275990528744e-11,        +1.321919019873e-02
 2.41672000e+00,        +1.792291646700e-09,        +1.727525352693e-09,        +0.000000000000e+00,        +0.000000000000e+00,        +3.956140604982e-12,        +2.207308510458e-03,        +2.284190558394e-11,        +1.322232727198e-02
 2.41674000e+00,        +1.798119332700e-09,        +1.733348232055e-09,        +0.000000000000e+00,        +0.000000000000e+00,        +3.970498708847e-12,        +2.208139713890e-03,        +2.292433429692e-11,        +1.322546380062e-02
 2.41676000e+00,        +1.803976942422e-09,        +1.739201030313e-09,        +0.000000000000e+00,        +0.000000000000e+00,        +3.984931922031e-12,        +2.208970540765e-03,        +2.300719437348e-11,        +1.322859978374e-02
 2.41678000e+00,        +1.809864680035e-09,        +1.745083951673e-09,        +0.000000000000e+00,        +0.000000000000e+00,        +3.999440761239e-12,        +2.209800989741e-03,        +2.309048878588e-11,        +1.323173522039e-02
 2.41680000e+00,        +1.815782751440e-09,        +1.750997202073e-09,        +0.000000000000e+00,        +0.000000000000e+00,        +4.014025747587e-12,        +2.210631059472e-03,        +2.317422053177e-11,        +1.323487010963e-02
 2.41682000e+00,        +1.821731364290e-09,        +1.756940989208e-09,        +0.000000000000e+00,        +0.000000000000e+00,        +4.028687406645e-12,        +2.211460748613e-03,        +2.325839263447e-11,        +1.323800445054e-02
 2.41684000e+00,        +1.827710728010e-09,        +1.762915522540e-09,        +0.000000000000e+00,        +0.000000000000e+00,        +4.043426268484e-12,        +2.212290055816e-03,        +2.334300814322e-11,        +1.324113824217e-02
 2.41686000e+00,        +1.833721053810e-09,        +1.768921013322e-09,        +0.000000000000e+00,        +0.000000000000e+00,        +4.058242867723e-12,        +2.213118979733e-03,        +2.342807013347e-11,        +1.324427148359e-02
 2.41688000e+00,        +1.839762554709e-09,        +1.774957674613e-09,        +0.000000000000e+00,        +0.000000000000e+00,        +4.073137743573e-12,        +2.213947519014e-03,        +2.351358170712e-11,        +1.324740417387e-02
 2.41690000e+00,        +1.845835445548e-09,        +1.781025721298e-09,        +0.000000000000e+00,        +0.000000000000e+00,        +4.088111439884e-12,        +2.214775672308e-03,        +2.359954599281e-11,        +1.325053631209e-02
 2.41692000e+00,        +1.851939943015e-09,        +1.787125370104e-09,        +0.000000000000e+00,        +0.000000000000e+00,        +4.103164505196e-12,        +2.215603438261e-03,        +2.368596614619e-11,        +1.325366789729e-02
 2.41694000e+00,        +1.858076265655e-09,        +1.793256839623e-09,        +0.000000000000e+00,        +0.000000000000e+00,        +4.118297492784e-12,        +2.216430815520e-03,        +2.377284535016e-11,        +1.325679892857e-02
 2.41696000e+00,        +1.864244633899e-09,        +1.799420350328e-09,        +0.000000000000e+00,        +0.000000000000e+00,        +4.133510960709e-12,        +2.217257802730e-03,        +2.386018681525e-11,        +1.325992940499e-02
 2.41698000e+00,        +1.870445270075e-09,        +1.805616124595e-09,        +0.000000000000e+00,        +0.000000000000e+00,        +4.148805471864e-12,        +2.218084398534e-03,        +2.394799377978e-11,        +1.326305932561e-02
 2.41700000e+00,        +1.876678398434e-09,        +1.811844386718e-09,        +0.000000000000e+00,        +0.000000000000e+00,        +4.164181594029e-12,        +2.218910601573e-03,        +2.403626951025e-11,        +1.326618868952e-02
 2.41702000e+00,        +1.882944245166e-09,        +1.818105362936e-09,        +0.000000000000e+00,        +0.000000000000e+00,        +4.179639899917e-12,        +2.219736410490e-03,        +2.412501730158e-11,        +1.326931749578e-02
 2.41704000e+00,        +1.889243038420e-09,        +1.824399281444e-09,        +0.000000000000e+00,        +0.000000000000e+00,        +4.195180967225e-12,        +2.220561823921e-03,        +2.421424047741e-11,        +1.327244574348e-02
 2.41706000e+00,        +1.895575008328e-09,        +1.830726372424e-09,        +0.000000000000e+00,        +0.000000000000e+00,        +4.210805378695e-12,        +2.221386840507e-03,        +2.430394239041e-11,        +1.327557343168e-02
 2.41708000e+00,        +1.901940387020e-09,        +1.837086868053e-09,        +0.000000000000e+00,        +0.000000000000e+00,        +4.226513722149e-12,        +2.222211458884e-03,        +2.439412642258e-11,        +1.327870055945e-02
 2.41710000e+00,        +1.908339408649e-09,        +1.843481002537e-09,        +0.000000000000e+00,        +0.000000000000e+00,        +4.242306590560e-12,        +2.223035677685e-03,        +2.448479598556e-11,        +1.328182712589e-02
 2.41712000e+00,        +1.914772309411e-09,        +1.849909012121e-09,        +0.000000000000e+00,        +0.000000000000e+00,        +4.258184582095e-12,        +2.223859495547e-03,        +2.457595452091e-11,        +1.328495313006e-02
 2.41714000e+00,        +1.921239327566e-09,        +1.856371135117e-09,        +0.000000000000e+00,        +0.000000000000e+00,        +4.274148300170e-12,        +2.224682911100e-03,        +2.466760550047e-11,        +1.328807857105e-02
 2.41716000e+00,        +1.927740703459e-09,        +1.862867611924e-09,        +0.000000000000e+00,        +0.000000000000e+00,        +4.290198353512e-12,        +2.225505922977e-03,        +2.475975242665e-11,        +1.329120344793e-02
 2.41718000e+00,        +1.934276679543e-09,        +1.869398685048e-09,        +0.000000000000e+00,        +0.000000000000e+00,        +4.306335356205e-12,        +2.226328529806e-03,        +2.485239883274e-11,        +1.329432775979e-02
 2.41720000e+00,        +1.940847500399e-09,        +1.875964599124e-09,        +0.000000000000e+00,        +0.000000000000e+00,        +4.322559927754e-12,        +2.227150730217e-03,        +2.494554828326e-11,        +1.329745150570e-02
 2.41722000e+00,        +1.947453412762e-09,        +1.882565600944e-09,        +0.000000000000e+00,        +0.000000000000e+00,        +4.338872693139e-12,        +2.227972522838e-03,        +2.503920437429e-11,        +1.330057468474e-02
 2.41724000e+00,        +1.954094665539e-09,        +1.889201939471e-09,        +0.000000000000e+00,        +0.000000000000e+00,        +4.355274282871e-12,        +2.228793906292e-03,        +2.513337073376e-11,        +1.330369729601e-02
 2.41726000e+00,        +1.960771509837e-09,        +1.895873865869e-09,        +0.000000000000e+00,        +0.000000000000e+00,        +4.371765333055e-12,        +2.229614879205e-03,        +2.522805102186e-11,        +1.330681933859e-02
 2.41728000e+00,        +1.967484198981e-09,        +1.902581633521e-09,        +0.000000000000e+00,        +0.000000000000e+00,        +4.388346485443e-12,        +2.230435440201e-03,        +2.532324893130e-11,        +1.330994081155e-02
 2.41730000e+00,        +1.974232988542e-09,        +1.909325498058e-09,        +0.000000000000e+00,        +0.000000000000e+00,        +4.405018387499e-12,        +2.231255587899e-03,        +2.541896818774e-11,        +1.331306171399e-02
 2.41732000e+00,        +1.981018136356e-09,        +1.916105717378e-09,        +0.000000000000e+00,        +0.000000000000e+00,        +4.421781692460e-12,        +2.232075320922e-03,        +2.551521255004e-11,        +1.331618204499e-02
 2.41734000e+00,        +1.987839902553e-09,        +1.922922551669e-09,        +0.000000000000e+00,        +0.000000000000e+00,        +4.438637059392e-12,        +2.232894637889e-03,        +2.561198581070e-11,        +1.331930180364e-02
 2.41736000e+00,        +1.994698549578e-09,        +1.929776263442e-09,        +0.000000000000e+00,        +0.000000000000e+00,        +4.455585153256e-12,        +2.233713537415e-03,        +2.570929179621e-11,        +1.332242098903e-02
 2.41738000e+00,        +2.001594342217e-09,        +1.936667117545e-09,        +0.000000000000e+00,        +0.000000000000e+00,        +4.472626644971e-12,        +2.234532018119e-03,        +2.580713436733e-11,        +1.332553960024e-02
 2.41740000e+00,        +2.008527547622e-09,        +1.943595381193e-09,        +0.000000000000e+00,        +0.000000000000e+00,        +4.489762211478e-12,        +2.235350078615e-03,        +2.590551741957e-11,        +1.332865763638e-02
 2.41742000e+00,        +2.015498435333e-09,        +1.950561323995e-09,        +0.000000000000e+00,        +0.000000000000e+00,        +4.506992535797e-12,        +2.236167717517e-03,        +2.600444488348e-11,        +1.333177509653e-02
 2.41744000e+00,        +2.022507277311e-09,        +1.957565217976e-09,        +0.000000000000e+00,        +0.000000000000e+00,        +4.524318307108e-12,        +2.236984933436e-03,        +2.610392072507e-11,        +1.333489197978e-02
 2.41746000e+00,        +2.029554347955e-09,        +1.964607337604e-09,        +0.000000000000e+00,        +0.000000000000e+00,        +4.541740220800e-12,        +2.237801724983e-03,        +2.620394894617e-11,        +1.333800828522e-02
 2.41748000e+00,        +2.036639924134e-09,        +1.971687959818e-09,        +0.000000000000e+00,        +0.000000000000e+00,        +4.559258978548e-12,        +2.238618090769e-03,        +2.630453358482e-11,        +1.334112401196e-02
 2.41750000e+00,        +2.043764285213e-09,        +1.978807364051e-09,        +0.000000000000e+00,        +0.000000000000e+00,        +4.576875288379e-12,        +2.239434029401e-03,        +2.640567871565e-11,        +1.334423915908e-02
 2.41752000e+00,        +2.050927713076e-09,        +1.985965832260e-09,        +0.000000000000e+00,        +0.000000000000e+00,        +4.594589864738e-12,        +2.240249539486e-03,        +2.650738845031e-11,        +1.334735372569e-02
 2.41754000e+00,        +2.058130492160e-09,        +1.993163648954e-09,        +0.000000000000e+00,        +0.000000000000e+00,        +4.612403428561e-12,        +2.241064619630e-03,        +2.660966693785e-11,        +1.335046771088e-02
 2.41756000e+00,        +2.065372909475e-09,        +2.000401101215e-09,        +0.000000000000e+00,        +0.000000000000e+00,        +4.630316707339e-12,        +2.241879268435e-03,        +2.671251836509e-11,        +1.335358111374e-02
 2.41758000e+00,        +2.072655254635e-09,        +2.007678478735e-09,        +0.000000000000e+00,        +0.000000000000e+00,        +4.648330435198e-12,        +2.242693484506e-03,        +2.681594695710e-11,        +1.335669393338e-02
 2.41760000e+00,        +2.079977819890e-09,        +2.014996073838e-09,        +0.000000000000e+00,        +0.000000000000e+00,        +4.666445352965e-12,        +2.243507266444e-03,        +2.691995697757e-11,        +1.335980616890e-02
 2.41762000e+00,        +2.087340900148e-09,        +2.022354181509e-09,        +0.000000000000e+00,        +0.000000000000e+00,        +4.684662208241e-12,        +2.244320612847e-03,        +2.702455272923e-11,        +1.336291781940e-02
 2.41764000e+00,        +2.094744793008e-09,        +2.029753099427e-09,        +0.000000000000e+00,        +0.000000000000e+00,        +4.702981755480e-12,        +2.245133522316e-03,        +2.712973855430e-11,        +1.336602888399e-02
 2.41766000e+00,        +2.102189798789e-09,        +2.037193127989e-09,        +0.000000000000e+00,        +0.000000000000e+00,        +4.721404756056e-12,        +2.245945993447e-03,        +2.723551883490e-11,        +1.336913936175e-02
 2.41768000e+00,        +2.109676220558e-09,        +2.044674570345e-09,        +0.000000000000e+00,        +0.000000000000e+00,        +4.739931978344e-12,        +2.246758024836e-03,        +2.734189799349e-11,        +1.337224925181e-02
 2.41770000e+00,        +2.117204364161e-09,        +2.052197732423e-09,        +0.000000000000e+00,        +0.000000000000e+00,        +4.758564197798e-12,        +2.247569615077e-03,        +2.744888049335e-11,        +1.337535855326e-02
 2.41772000e+00,        +2.124774538254e-09,        +2.059762922962e-09,        +0.000000000000e+00,        +0.000000000000e+00,        +4.777302197022e-12,        +2.248380762764e-03,        +2.755647083895e-11,        +1.337846726522e-02
 2.41774000e+00,        +2.132387054334e-09,        +2.067370453544e-09,        +0.000000000000e+00,        +0.000000000000e+00,        +4.796146765859e-12,        +2.249191466489e-03,        +2.766467357650e-11,        +1.338157538678e-02
 2.41776000e+00,        +2.140042226767e-09,        +2.075020638622e-09,        +0.000000000000e+00,        +0.000000000000e+00,        +4.815098701458e-12,        +2.250001724841e-03,        +2.777349329432e-11,        +1.338468291706e-02
 2.41778000e+00,        +2.147740372824e-09,        +2.082713795556e-09,        +0.000000000000e+00,        +0.000000000000e+00,        +4.834158808366e-12,        +2.250811536410e-03,        +2.788293462337e-11,        +1.338778985517e-02
 2.41780000e+00,        +2.155481812711e-09,        +2.090450244640e-09,        +0.000000000000e+00,        +0.000000000000e+00,        +4.853327898602e-12,        +2.251620899783e-03,        +2.799300223769e-11,        +1.339089620022e-02
 2.41782000e+00,        +2.163266869601e-09,        +2.098230309138e-09,        +0.000000000000e+00,        +0.000000000000e+00,        +4.872606791747e-12,        +2.252429813547e-03,        +2.810370085490e-11,        +1.339400195131e-02
 2.41784000e+00,        +2.171095869667e-09,        +2.106054315315e-09,        +0.000000000000e+00,        +0.000000000000e+00,        +4.891996315020e-12,        +2.253238276286e-03,        +2.821503523664e-11,        +1.339710710757e-02
 2.41786000e+00,        +2.178969142116e-09,        +2.113922592472e-09,        +0.000000000000e+00,        +0.000000000000e+00,        +4.911497303368e-12,        +2.254046286584e-03,        +2.832701018912e-11,        +1.340021166811e-02
 2.41788000e+00,        +2.186887019222e-09,        +2.121835472977e-09,        +0.000000000000e+00,        +0.000000000000e+00,        +4.931110599549e-12,        +2.254853843022e-03,        +2.843963056357e-11,        +1.340331563204e-02
 2.41790000e+00,        +2.194849836360e-09,        +2.129793292304e-09,        +0.000000000000e+00,        +0.000000000000e+00,        +4.950837054226e-12,        +2.255660944184e-03,        +2.855290125675e-11,        +1.340641899847e-02
 2.41792000e+00,        +2.202857932043e-09,        +2.137796389061e-09,        +0.000000000000e+00,        +0.000000000000e+00,        +4.970677526045e-12,        +2.256467588646e-03,        +2.866682721151e-11,        +1.340952176653e-02
 2.41794000e+00,        +2.210911647950e-09,        +2.145845105030e-09,        +0.000000000000e+00,        +0.000000000000e+00,        +4.990632881730e-12,        +2.257273774986e-03,        +2.878141341723e-11,        +1.341262393533e-02
 2.41796000e+00,        +2.219011328971e-09,        +2.153939785200e-09,        +0.000000000000e+00,        +0.000000000000e+00,        +5.010703996174e-12,        +2.258079501783e-03,        +2.889666491037e-11,        +1.341572550399e-02
 2.41798000e+00,        +2.227157323236e-09,        +2.162080777806e-09,        +0.000000000000e+00,        +0.000000000000e+00,        +5.030891752531e-12,        +2.258884767610e-03,        +2.901258677503e-11,        +1.341882647164e-02
 2.41800000e+00,        +2.235349982155e-09,        +2.170268434360e-09,        +0.000000000000e+00,        +0.000000000000e+00,        +5.051197042307e-12,        +2.259689571043e-03,        +2.912918414346e-11,        +1.342192683738e-02
 2.41802000e+00,        +2.243589660451e-09,        +2.178503109692e-09,        +0.000000000000e+00,        +0.000000000000e+00,        +5.071620765452e-12,        +2.260493910652e-03,        +2.924646219658e-11,        +1.342502660036e-02
 2.41804000e+00,        +2.251876716202e-09,        +2.186785161989e-09,        +0.000000000000e+00,        +0.000000000000e+00,        +5.092163830463e-12,        +2.261297785010e-03,        +2.936442616459e-11,        +1.342812575968e-02
 2.41806000e+00,        +2.260211510875e-09,        +2.195114952827e-09,        +0.000000000000e+00,        +0.000000000000e+00,        +5.112827154472e-12,        +2.262101192686e-03,        +2.948308132749e-11,        +1.343122431448e-02
 2.41808000e+00,        +2.268594409367e-09,        +2.203492847214e-09,        +0.000000000000e+00,        +0.000000000000e+00,        +5.133611663351e-12,        +2.262904132248e-03,        +2.960243301563e-11,        +1.343432226388e-02
 2.41810000e+00,        +2.277025780041e-09,        +2.211919213627e-09,        +0.000000000000e+00,        +0.000000000000e+00,        +5.154518291801e-12,        +2.263706602263e-03,        +2.972248661031e-11,        +1.343741960701e-02
 2.41812000e+00,        +2.285505994770e-09,        +2.220394424052e-09,        +0.000000000000e+00,        +0.000000000000e+00,        +5.175547983471e-12,        +2.264508601296e-03,        +2.984324754437e-11,        +1.344051634299e-02
 2.41814000e+00,        +2.294035428970e-09,        +2.228918854023e-09,        +0.000000000000e+00,        +0.000000000000e+00,        +5.196701691037e-12,        +2.265310127913e-03,        +2.996472130271e-11,        +1.344361247096e-02
 2.41816000e+00,        +2.302614461647e-09,        +2.237492882664e-09,        +0.000000000000e+00,        +0.000000000000e+00,        +5.217980376323e-12,        +2.266111180675e-03,        +3.008691342300e-11,        +1.344670799005e-02
 2.41818000e+00,        +2.311243475434e-09,        +2.246116892728e-09,        +0.000000000000e+00,        +0.000000000000e+00,        +5.239385010395e-12,        +2.266911758144e-03,        +3.020982949616e-11,        +1.344980289938e-02
 2.41820000e+00,        +2.319922856634e-09,        +2.254791270640e-09,        +0.000000000000e+00,        +0.000000000000e+00,        +5.260916573672e-12,        +2.267711858878e-03,        +3.033347516709e-11,        +1.345289719810e-02
 2.41822000e+00,        +2.328652995259e-09,        +2.263516406538e-09,        +0.000000000000e+00,        +0.000000000000e+00,        +5.282576056033e-12,        +2.268511481439e-03,        +3.045785613515e-11,        +1.345599088532e-02
 2.41824000e+00,        +2.337434285078e-09,        +2.272292694314e-09,        +0.000000000000e+00,        +0.000000000000e+00,        +5.304364456924e-12,        +2.269310624383e-03,        +3.058297815493e-11,        +1.345908396020e-02
 2.41826000e+00,        +2.346267123657e-09,        +2.281120531664e-09,        +0.000000000000e+00,        +0.000000000000e+00,        +5.326282785470e-12,        +2.270109286264e-03,        +3.070884703680e-11,        +1.346217642186e-02
 2.41828000e+00,        +2.355151912400e-09,        +2.290000320122e-09,        +0.000000000000e+00,        +0.000000000000e+00,        +5.348332060581e-12,        +2.270907465638e-03,        +3.083546864757e-11,        +1.346526826945e-02
 2.41830000e+00,        +2.364089056599e-09,        +2.298932465111e-09,        +0.000000000000e+00,        +0.000000000000e+00,        +5.370513311076e-12,        +2.271705161058e-03,        +3.096284891116e-11,        +1.346835950210e-02
 2.41832000e+00,        +2.373078965474e-09,        +2.307917375985e-09,        +0.000000000000e+00,        +0.000000000000e+00,        +5.392827575785e-12,        +2.272502371074e-03,        +3.109099380924e-11,        +1.347145011895e-02
 2.41834000e+00,        +2.382122052221e-09,        +2.316955466076e-09,        +0.000000000000e+00,        +0.000000000000e+00,        +5.415275903679e-12,        +2.273299094238e-03,        +3.121990938192e-11,        +1.347454011915e-02
 2.41836000e+00,        +2.391218734057e-09,        +2.326047152741e-09,        +0.000000000000e+00,        +0.000000000000e+00,        +5.437859353971e-12,        +2.274095329098e-03,        +3.134960172842e-11,        +1.347762950183e-02
 2.41838000e+00,        +2.400369432268e-09,        +2.335192857404e-09,        +0.000000000000e+00,        +0.000000000000e+00,        +5.460578996251e-12,        +2.274891074201e-03,        +3.148007700775e-11,        +1.348071826614e-02
 2.41840000e+00,        +2.409574572254e-09,        +2.344393005609e-09,        +0.000000000000e+00,        +0.000000000000e+00,        +5.483435910601e-12,        +2.275686328094e-03,        +3.161134143944e-11,        +1.348380641122e-02
 2.41842000e+00,        +2.418834583579e-09,        +2.353648027063e-09,        +0.000000000000e+00,        +0.000000000000e+00,        +5.506431187712e-12,        +2.276481089320e-03,        +3.174340130420e-11,        +1.348689393622e-02
 2.41844000e+00,        +2.428149900019e-09,        +2.362958355691e-09,        +0.000000000000e+00,        +0.000000000000e+00,        +5.529565929015e-12,        +2.277275356423e-03,        +3.187626294468e-11,        +1.348998084029e-02
 2.41846000e+00,        +2.437520959611e-09,        +2.372324429678e-09,        +0.000000000000e+00,        +0.000000000000e+00,        +5.552841246810e-12,        +2.278069127946e-03,        +3.200993276617e-11,        +1.349306712258e-02
 2.41848000e+00,        +2.446948204702e-09,        +2.381746691524e-09,        +0.000000000000e+00,        +0.000000000000e+00,        +5.576258264382e-12,        +2.278862402427e-03,        +3.214441723737e-11,        +1.349615278223e-02
 2.41850000e+00,        +2.456432082002e-09,        +2.391225588090e-09,        +0.000000000000e+00,        +0.000000000000e+00,        +5.599818116139e-12,        +2.279655178406e-03,        +3.227972289106e-11,        +1.349923781839e-02
 2.41852000e+00,        +2.465973042634e-09,        +2.400761570658e-09,        +0.000000000000e+00,        +0.000000000000e+00,        +5.623521947745e-12,        +2.280447454421e-03,        +3.241585632498e-11,        +1.350232223023e-02
 2.41854000e+00,        +2.475571542184e-09,        +2.410355094972e-09,        +0.000000000000e+00,        +0.000000000000e+00,        +5.647370916243e-12,        +2.281239229006e-03,        +3.255282420247e-11,        +1.350540601689e-02
 2.41856000e+00,        +2.485228040758e-09,        +2.420006621298e-09,        +0.000000000000e+00,        +0.000000000000e+00,        +5.671366190203e-12,        +2.282030500699e-03,        +3.269063325333e-11,        +1.350848917752e-02
 2.41858000e+00,        +2.494943003031e-09,        +2.429716614475e-09,        +0.000000000000e+00,        +0.000000000000e+00,        +5.695508949844e-12,        +2.282821268031e-03,        +3.282929027458e-11,        +1.351157171129e-02
 2.41860000e+00,        +2.504716898304e-09,        +2.439485543971e-09,        +0.000000000000e+00,        +0.000000000000e+00,        +5.719800387184e-12,        +2.283611529533e-03,        +3.296880213128e-11,        +1.351465361734e-02
 2.41862000e+00,        +2.514550200558e-09,        +2.449313883934e-09,        +0.000000000000e+00,        +0.000000000000e+00,        +5.744241706177e-12,        +2.284401283738e-03,        +3.310917575729e-11,        +1.351773489485e-02
 2.41864000e+00,        +2.524443388508e-09,        +2.459202113252e-09,        +0.000000000000e+00,        +0.000000000000e+00,        +5.768834122852e-12,        +2.285190529173e-03,        +3.325041815614e-11,        +1.352081554296e-02
 2.41866000e+00,        +2.534396945665e-09,        +2.469150715608e-09,        +0.000000000000e+00,        +0.000000000000e+00,        +5.793578865463e-12,        +2.285979264367e-03,        +3.339253640185e-11,        +1.352389556084e-02
 2.41868000e+00,        +2.544411360383e-09,        +2.479160179535e-09,        +0.000000000000e+00,        +0.000000000000e+00,        +5.818477174625e-12,        +2.286767487844e-03,        +3.353553763979e-11,        +1.352697494765e-02
 2.41870000e+00,        +2.554487125930e-09,        +2.489230998477e-09,        +0.000000000000e+00,        +0.000000000000e+00,        +5.843530303479e-12,        +2.287555198131e-03,        +3.367942908747e-11,        +1.353005370256e-02
 2.41872000e+00,        +2.564624740534e-09,        +2.499363670847e-09,        +0.000000000000e+00,        +0.000000000000e+00,        +5.868739517825e-12,        +2.288342393750e-03,        +3.382421803551e-11,        +1.353313182473e-02
 2.41874000e+00,        +2.574824707453e-09,        +2.509558700085e-09,        +0.000000000000e+00,        +0.000000000000e+00,        +5.894106096282e-12,        +2.289129073223e-03,        +3.396991184844e-11,        +1.353620931333e-02
 2.41876000e+00,        +2.585087535028e-09,        +2.519816594722e-09,        +0.000000000000e+00,        +0.000000000000e+00,        +5.919631330451e-12,        +2.289915235070e-03,        +3.411651796560e-11,        +1.353928616752e-02
 2.41878000e+00,        +2.595413736747e-09,        +2.530137868436e-09,        +0.000000000000e+00,        +0.000000000000e+00,        +5.945316525052e-12,        +2.290700877812e-03,        +3.426404390209e-11,        +1.354236238647e-02
 2.41880000e+00,        +2.605803831311e-09,        +2.540523040120e-09,        +0.000000000000e+00,        +0.000000000000e+00,        +5.971162998102e-12,        +2.291485999964e-03,        +3.441249724967e-11,        +1.354543796936e-02
 2.41882000e+00,        +2.616258342688e-09,        +2.550972633939e-09,        +0.000000000000e+00,        +0.000000000000e+00,        +5.997172081062e-12,        +2.292270600044e-03,        +3.456188567763e-11,        +1.354851291535e-02
 2.41884000e+00,        +2.626777800186e-09,        +2.561487179401e-09,        +0.000000000000e+00,        +0.000000000000e+00,        +6.023345119011e-12,        +2.293054676564e-03,        +3.471221693385e-11,        +1.355158722362e-02
 2.41886000e+00,        +2.637362738512e-09,        +2.572067211416e-09,        +0.000000000000e+00,        +0.000000000000e+00,        +6.049683470810e-12,        +2.293838228041e-03,        +3.486349884564e-11,        +1.355466089335e-02
 2.41888000e+00,        +2.648013697840e-09,        +2.582713270361e-09,        +0.000000000000e+00,        +0.000000000000e+00,        +6.076188509259e-12,        +2.294621252985e-03,        +3.501573932077e-11,        +1.355773392370e-02
 2.41890000e+00,        +2.658731223877e-09,        +2.593425902155e-09,        +0.000000000000e+00,        +0.000000000000e+00,        +6.102861621281e-12,        +2.295403749906e-03,        +3.516894634847e-11,        +1.356080631386e-02
 2.41892000e+00,        +2.669515867932e-09,        +2.604205658315e-09,        +0.000000000000e+00,        +0.000000000000e+00,        +6.129704208087e-12,        +2.296185717313e-03,        +3.532312800038e-11,        +1.356387806301e-02
 2.41894000e+00,        +2.680368186981e-09,        +2.615053096035e-09,        +0.000000000000e+00,        +0.000000000000e+00,        +6.156717685356e-12,        +2.296967153714e-03,        +3.547829243158e-11,        +1.356694917031e-02
 2.41896000e+00,        +2.691288743739e-09,        +2.625968778247e-09,        +0.000000000000e+00,        +0.000000000000e+00,        +6.183903483408e-12,        +2.297748057615e-03,        +3.563444788162e-11,        +1.357001963497e-02
 2.41898000e+00,        +2.702278106729e-09,        +2.636953273697e-09,        +0.000000000000e+00,        +0.000000000000e+00,        +6.211263047386e-12,        +2.298528427521e-03,        +3.579160267558e-11,        +1.357308945615e-02
 2.41900000e+00,        +2.713336850359e-09,        +2.648007157016e-09,        +0.000000000000e+00,        +0.000000000000e+00,        +6.238797837439e-12,        +2.299308261934e-03,        +3.594976522510e-11,        +1.357615863305e-02
 2.41902000e+00,        +2.724465554984e-09,        +2.659131008790e-09,        +0.000000000000e+00,        +0.000000000000e+00,        +6.266509328911e-12,        +2.300087559356e-03,        +3.610894402943e-11,        +1.357922716484e-02
 2.41904000e+00,        +2.735664806988e-09,        +2.670325415634e-09,        +0.000000000000e+00,        +0.000000000000e+00,        +6.294399012525e-12,        +2.300866318288e-03,        +3.626914767657e-11,        +1.358229505072e-02
 2.41906000e+00,        +2.746935198858e-09,        +2.681590970270e-09,        +0.000000000000e+00,        +0.000000000000e+00,        +6.322468394569e-12,        +2.301644537227e-03,        +3.643038484435e-11,        +1.358536228987e-02
 2.41908000e+00,        +2.758277329254e-09,        +2.692928271597e-09,        +0.000000000000e+00,        +0.000000000000e+00,        +6.350718997102e-12,        +2.302422214672e-03,        +3.659266430153e-11,        +1.358842888148e-02
 2.41910000e+00,        +2.769691803089e-09,        +2.704337924773e-09,        +0.000000000000e+00,        +0.000000000000e+00,        +6.379152358138e-12,        +2.303199349120e-03,        +3.675599490892e-11,        +1.359149482475e-02
 2.41912000e+00,        +2.781179231611e-09,        +2.715820541289e-09,        +0.000000000000e+00,        +0.000000000000e+00,        +6.407770031851e-12,        +2.303975939062e-03,        +3.692038562060e-11,        +1.359456011886e-02
 2.41914000e+00,        +2.792740232473e-09,        +2.727376739052e-09,        +0.000000000000e+00,        +0.000000000000e+00,        +6.436573588779e-12,        +2.304751982994e-03,        +3.708584548502e-11,        +1.359762476302e-02
 2.41916000e+00,        +2.804375429822e-09,        +2.739007142461e-09,        +0.000000000000e+00,        +0.000000000000e+00,        +6.465564616023e-12,        +2.305527479405e-03,        +3.725238364620e-11,        +1.360068875641e-02
 2.41918000e+00,        +2.816085454372e-09,        +2.750712382489e-09,        +0.000000000000e+00,        +0.000000000000e+00,        +6.494744717459e-12,        +2.306302426787e-03,        +3.742000934493e-11,        +1.360375209824e-02
 2.41920000e+00,        +2.827870943495e-09,        +2.762493096769e-09,        +0.000000000000e+00,        +0.000000000000e+00,        +6.524115513947e-12,        +2.307076823628e-03,        +3.758873192001e-11,        +1.360681478769e-02
 2.41922000e+00,        +2.839732541296e-09,        +2.774349929673e-09,        +0.000000000000e+00,        +0.000000000000e+00,        +6.553678643549e-12,        +2.307850668414e-03,        +3.775856080947e-11,        +1.360987682398e-02
 2.41924000e+00,        +2.851670898705e-09,        +2.786283532400e-09,        +0.000000000000e+00,        +0.000000000000e+00,        +6.583435761736e-12,        +2.308623959632e-03,        +3.792950555180e-11,        +1.361293820630e-02
 2.41926000e+00,        +2.863686673557e-09,        +2.798294563061e-09,        +0.000000000000e+00,        +0.000000000000e+00,        +6.613388541618e-12,        +2.309396695765e-03,        +3.810157578727e-11,        +1.361599893386e-02
 2.41928000e+00,        +2.875780530684e-09,        +2.810383686765e-09,        +0.000000000000e+00,        +0.000000000000e+00,        +6.643538674172e-12,        +2.310168875297e-03,        +3.827478125915e-11,        +1.361905900586e-02
 2.41930000e+00,        +2.887953142001e-09,        +2.822551575710e-09,        +0.000000000000e+00,        +0.000000000000e+00,        +6.673887868448e-12,        +2.310940496709e-03,        +3.844913181512e-11,        +1.362211842150e-02
 2.41932000e+00,        +2.900205186597e-09,        +2.834798909271e-09,        +0.000000000000e+00,        +0.000000000000e+00,        +6.704437851817e-12,        +2.311711558479e-03,        +3.862463740848e-11,        +1.362517718000e-02
 2.41934000e+00,        +2.912537350824e-09,        +2.847126374093e-09,        +0.000000000000e+00,        +0.000000000000e+00,        +6.735190370200e-12,        +2.312482059086e-03,        +3.880130809963e-11,        +1.362823528056e-02
 2.41936000e+00,        +2.924950328394e-09,        +2.859534664183e-09,        +0.000000000000e+00,        +0.000000000000e+00,        +6.766147188308e-12,        +2.313251997009e-03,        +3.897915405730e-11,        +1.363129272239e-02
 2.41938000e+00,        +2.937444820467e-09,        +2.872024481002e-09,        +0.000000000000e+00,        +0.000000000000e+00,        +6.797310089869e-12,        +2.314021370719e-03,        +3.915818556006e-11,        +1.363434950471e-02
 2.41940000e+00,        +2.950021535751e-09,        +2.884596533562e-09,        +0.000000000000e+00,        +0.000000000000e+00,        +6.828680877894e-12,        +2.314790178694e-03,        +3.933841299763e-11,        +1.363740562673e-02
 2.41942000e+00,        +2.962681190598e-09,        +2.897251538526e-09,        +0.000000000000e+00,        +0.000000000000e+00,        +6.860261374896e-12,        +2.315558419403e-03,        +3.951984687241e-11,        +1.364046108766e-02
 2.41944000e+00,        +2.975424509098e-09,        +2.909990220296e-09,        +0.000000000000e+00,        +0.000000000000e+00,        +6.892053423173e-12,        +2.316326091319e-03,        +3.970249780080e-11,        +1.364351588672e-02
 2.41946000e+00,        +2.988252223183e-09,        +2.922813311126e-09,        +0.000000000000e+00,        +0.000000000000e+00,        +6.924058885036e-12,        +2.317093192910e-03,        +3.988637651480e-11,        +1.364657002312e-02
 2.41948000e+00,        +3.001165072728e-09,        +2.935721551214e-09,        +0.000000000000e+00,        +0.000000000000e+00,        +6.956279643081e-12,        +2.317859722644e-03,        +4.007149386344e-11,        +1.364962349610e-02
 2.41950000e+00,        +3.014163805650e-09,        +2.948715688805e-09,        +0.000000000000e+00,        +0.000000000000e+00,        +6.988717600453e-12,        +2.318625678987e-03,        +4.025786081432e-11,        +1.365267630486e-02
 2.41952000e+00,        +3.027249178014e-09,        +2.961796480300e-09,        +0.000000000000e+00,        +0.000000000000e+00,        +7.021374681104e-12,        +2.319391060405e-03,        +4.044548845511e-11,        +1.365572844864e-02
 2.41954000e+00,        +3.040421954140e-09,        +2.974964690357e-09,        +0.000000000000e+00,        +0.000000000000e+00,        +7.054252830069e-12,        +2.320155865361e-03,        +4.063438799514e-11,        +1.365877992665e-02
 2.41956000e+00,        +3.053682906710e-09,        +2.988221092004e-09,        +0.000000000000e+00,        +0.000000000000e+00,        +7.087354013743e-12,        +2.320920092315e-03,        +4.082457076704e-11,        +1.366183073812e-02
 2.41958000e+00,        +3.067032816873e-09,        +3.001566466737e-09,        +0.000000000000e+00,        +0.000000000000e+00,        +7.120680220150e-12,        +2.321683739729e-03,        +4.101604822823e-11,        +1.366488088229e-02
 2.41960000e+00,        +3.080472474359e-09,        +3.015001604645e-09,        +0.000000000000e+00,        +0.000000000000e+00,        +7.154233459238e-12,        +2.322446806062e-03,        +4.120883196265e-11,        +1.366793035837e-02
 2.41962000e+00,        +3.094002677593e-09,        +3.028527304510e-09,        +0.000000000000e+00,        +0.000000000000e+00,        +7.188015763159e-12,        +2.323209289771e-03,        +4.140293368240e-11,        +1.367097916560e-02
 2.41964000e+00,        +3.107624233801e-09,        +3.042144373926e-09,        +0.000000000000e+00,        +0.000000000000e+00,        +7.222029186554e-12,        +2.323971189310e-03,        +4.159836522938e-11,        +1.367402730321e-02
 2.41966000e+00,        +3.121337959135e-09,        +3.055853629417e-09,        +0.000000000000e+00,        +0.000000000000e+00,        +7.256275806870e-12,        +2.324732503134e-03,        +4.179513857707e-11,        +1.367707477044e-02
 2.41968000e+00,        +3.135144678784e-09,        +3.069655896548e-09,        +0.000000000000e+00,        +0.000000000000e+00,        +7.290757724637e-12,        +2.325493229698e-03,        +4.199326583219e-11,        +1.368012156653e-02
 2.41970000e+00,        +3.149045227096e-09,        +3.083552010052e-09,        +0.000000000000e+00,        +0.000000000000e+00,        +7.325477063786e-12,        +2.326253367451e-03,        +4.219275923653e-11,        +1.368316769070e-02
 2.41972000e+00,        +3.163040447695e-09,        +3.097542813942e-09,        +0.000000000000e+00,        +0.000000000000e+00,        +7.360435971954e-12,        +2.327012914842e-03,        +4.239363116870e-11,        +1.368621314220e-02
 2.41974000e+00,        +3.177131193610e-09,        +3.111629161641e-09,        +0.000000000000e+00,        +0.000000000000e+00,        +7.395636620801e-12,        +2.327771870320e-03,        +4.259589414593e-11,        +1.368925792027e-02
 2.41976000e+00,        +3.191318327393e-09,        +3.125811916105e-09,        +0.000000000000e+00,        +0.000000000000e+00,        +7.431081206337e-12,        +2.328530232334e-03,        +4.279956082598e-11,        +1.369230202415e-02
 2.41978000e+00,        +3.205602721251e-09,        +3.140091949946e-09,        +0.000000000000e+00,        +0.000000000000e+00,        +7.466771949212e-12,        +2.329287999325e-03,        +4.300464400894e-11,        +1.369534545308e-02
 2.41980000e+00,        +3.219985257170e-09,        +3.154470145565e-09,        +0.000000000000e+00,        +0.000000000000e+00,        +7.502711095099e-12,        +2.330045169739e-03,        +4.321115663918e-11,        +1.369838820632e-02
 2.41982000e+00,        +3.234466827049e-09,        +3.168947395280e-09,        +0.000000000000e+00,        +0.000000000000e+00,        +7.538900914984e-12,        +2.330801742017e-03,        +4.341911180724e-11,        +1.370143028310e-02
 2.41984000e+00,        +3.249048332829e-09,        +3.183524601461e-09,        +0.000000000000e+00,        +0.000000000000e+00,        +7.575343705514e-12,        +2.331557714599e-03,        +4.362852275184e-11,        +1.370447168268e-02
 2.41986000e+00,        +3.263730686630e-09,        +3.198202676660e-09,        +0.000000000000e+00,        +0.000000000000e+00,        +7.612041789366e-12,        +2.332313085926e-03,        +4.383940286181e-11,        +1.370751240431e-02
 2.41988000e+00,        +3.278514810886e-09,        +3.212982543751e-09,        +0.000000000000e+00,        +0.000000000000e+00,        +7.648997515564e-12,        +2.333067854434e-03,        +4.405176567816e-11,        +1.371055244724e-02
 2.41990000e+00,        +3.293401638487e-09,        +3.227865136071e-09,        +0.000000000000e+00,        +0.000000000000e+00,        +7.686213259855e-12,        +2.333822018558e-03,        +4.426562489613e-11,        +1.371359181072e-02
 2.41992000e+00,        +3.308392112912e-09,        +3.242851397554e-09,        +0.000000000000e+00,        +0.000000000000e+00,        +7.723691425066e-12,        +2.334575576735e-03,        +4.448099436723e-11,        +1.371663049401e-02
 2.41994000e+00,        +3.323487188382e-09,        +3.257942282881e-09,        +0.000000000000e+00,        +0.000000000000e+00,        +7.761434441458e-12,        +2.335328527394e-03,        +4.469788810143e-11,        +1.371966849637e-02
 2.41996000e+00,        +3.338687829999e-09,        +3.273138757621e-09,        +0.000000000000e+00,        +0.000000000000e+00,        +7.799444767118e-12,        +2.336080868969e-03,        +4.491632026923e-11,        +1.372270581706e-02
 2.41998000e+00,        +3.353995013891e-09,        +3.288441798379e-09,        +0.000000000000e+00,        +0.000000000000e+00,        +7.837724888319e-12,        +2.336832599887e-03,        +4.513630520390e-11,        +1.372574245533e-02
 2.42000000e+00,        +3.369409727370e-09,        +3.303852392949e-09,        +0.000000000000e+00,        +0.000000000000e+00,        +7.876277319923e-12,        +2.337583718580e-03,        +4.535785740365e-11,        +1.372877841046e-02
 2.42002000e+00,        +3.384932969078e-09,        +3.319371540464e-09,        +0.000000000000e+00,        +0.000000000000e+00,        +7.915104605747e-12,        +2.338334223470e-03,        +4.558099153397e-11,        +1.373181368170e-02
 2.42004000e+00,        +3.400565749142e-09,        +3.335000251548e-09,        +0.000000000000e+00,        +0.000000000000e+00,        +7.954209318981e-12,        +2.339084112986e-03,        +4.580572242981e-11,        +1.373484826832e-02
 2.42006000e+00,        +3.416309089335e-09,        +3.350739548479e-09,        +0.000000000000e+00,        +0.000000000000e+00,        +7.993594062580e-12,        +2.339833385549e-03,        +4.603206509799e-11,        +1.373788216959e-02
 2.42008000e+00,        +3.432164023229e-09,        +3.366590465343e-09,        +0.000000000000e+00,        +0.000000000000e+00,        +8.033261469665e-12,        +2.340582039581e-03,        +4.626003471949e-11,        +1.374091538478e-02
 2.42010000e+00,        +3.448131596362e-09,        +3.382554048201e-09,        +0.000000000000e+00,        +0.000000000000e+00,        +8.073214203952e-12,        +2.341330073501e-03,        +4.648964665194e-11,        +1.374394791316e-02
 2.42012000e+00,        +3.464212866401e-09,        +3.398631355248e-09,        +0.000000000000e+00,        +0.000000000000e+00,        +8.113454960176e-12,        +2.342077485731e-03,        +4.672091643194e-11,        +1.374697975401e-02
 2.42014000e+00,        +3.480408903309e-09,        +3.414823456985e-09,        +0.000000000000e+00,        +0.000000000000e+00,        +8.153986464499e-12,        +2.342824274684e-03,        +4.695385977765e-11,        +1.375001090660e-02
 2.42016000e+00,        +3.496720789512e-09,        +3.431131436386e-09,        +0.000000000000e+00,        +0.000000000000e+00,        +8.194811474972e-12,        +2.343570438781e-03,        +4.718849259122e-11,        +1.375304137020e-02
 2.42018000e+00,        +3.513149620079e-09,        +3.447556389073e-09,        +0.000000000000e+00,        +0.000000000000e+00,        +8.235932781940e-12,        +2.344315976430e-03,        +4.742483096139e-11,        +1.375607114410e-02
 2.42020000e+00,        +3.529696502890e-09,        +3.464099423489e-09,        +0.000000000000e+00,        +0.000000000000e+00,        +8.277353208540e-12,        +2.345060886046e-03,        +4.766289116609e-11,        +1.375910022758e-02
 2.42022000e+00,        +3.546362558813e-09,        +3.480761661078e-09,        +0.000000000000e+00,        +0.000000000000e+00,        +8.319075611111e-12,        +2.345805166039e-03,        +4.790268967503e-11,        +1.376212861992e-02
 2.42024000e+00,        +3.563148921895e-09,        +3.497544236465e-09,        +0.000000000000e+00,        +0.000000000000e+00,        +8.361102879694e-12,        +2.346548814819e-03,        +4.814424315244e-11,        +1.376515632040e-02
 2.42026000e+00,        +3.580056739532e-09,        +3.514448297638e-09,        +0.000000000000e+00,        +0.000000000000e+00,        +8.403437938479e-12,        +2.347291830793e-03,        +4.838756845973e-11,        +1.376818332831e-02
 2.42028000e+00,        +3.597087172668e-09,        +3.531475006141e-09,        +0.000000000000e+00,        +0.000000000000e+00,        +8.446083746288e-12,        +2.348034212366e-03,        +4.863268265836e-11,        +1.377120964294e-02
 2.42030000e+00,        +3.614241395977e-09,        +3.548625537256e-09,        +0.000000000000e+00,        +0.000000000000e+00,        +8.489043297076e-12,        +2.348775957944e-03,        +4.887960301249e-11,        +1.377423526357e-02
 2.42032000e+00,        +3.631520598057e-09,        +3.565901080203e-09,        +0.000000000000e+00,        +0.000000000000e+00,        +8.532319620408e-12,        +2.349517065929e-03,        +4.912834699200e-11,        +1.377726018951e-02
 2.42034000e+00,        +3.648925981630e-09,        +3.583302838328e-09,        +0.000000000000e+00,        +0.000000000000e+00,        +8.575915781967e-12,        +2.350257534721e-03,        +4.937893227530e-11,        +1.378028442004e-02
 2.42036000e+00,        +3.666458763736e-09,        +3.600832029314e-09,        +0.000000000000e+00,        +0.000000000000e+00,        +8.619834884071e-12,        +2.350997362722e-03,        +4.963137675231e-11,        +1.378330795446e-02
 2.42038000e+00,        +3.684120175939e-09,        +3.618489885371e-09,        +0.000000000000e+00,        +0.000000000000e+00,        +8.664080066181e-12,        +2.351736548326e-03,        +4.988569852747e-11,        +1.378633079207e-02
 2.42040000e+00,        +3.701911464528e-09,        +3.636277653449e-09,        +0.000000000000e+00,        +0.000000000000e+00,        +8.708654505437e-12,        +2.352475089932e-03,        +5.014191592273e-11,        +1.378935293216e-02
 2.42042000e+00,        +3.719833890734e-09,        +3.654196595446e-09,        +0.000000000000e+00,        +0.000000000000e+00,        +8.753561417196e-12,        +2.353212985935e-03,        +5.040004748073e-11,        +1.379237437404e-02
 2.42044000e+00,        +3.737888730934e-09,        +3.672247988420e-09,        +0.000000000000e+00,        +0.000000000000e+00,        +8.798804055565e-12,        +2.353950234727e-03,        +5.066011196790e-11,        +1.379539511701e-02
 2.42046000e+00,        +3.756077276868e-09,        +3.690433124802e-09,        +0.000000000000e+00,        +0.000000000000e+00,        +8.844385713949e-12,        +2.354686834698e-03,        +5.092212837764e-11,        +1.379841516038e-02
 2.42048000e+00,        +3.774400835869e-09,        +3.708753312627e-09,        +0.000000000000e+00,        +0.000000000000e+00,        +8.890309725658e-12,        +2.355422784239e-03,        +5.118611593368e-11,        +1.380143450345e-02
 2.42050000e+00,        +3.792860731067e-09,        +3.727209875736e-09,        +0.000000000000e+00,        +0.000000000000e+00,        +8.936579464414e-12,        +2.356158081739e-03,        +5.145209409319e-11,        +1.380445314554e-02
 2.42052000e+00,        +3.811458301633e-09,        +3.745804154027e-09,        +0.000000000000e+00,        +0.000000000000e+00,        +8.983198344982e-12,        +2.356892725583e-03,        +5.172008255036e-11,        +1.380747108595e-02
 2.42054000e+00,        +3.830194903003e-09,        +3.764537503670e-09,        +0.000000000000e+00,        +0.000000000000e+00,        +9.030169823744e-12,        +2.357626714156e-03,        +5.199010123968e-11,        +1.381048832400e-02
 2.42056000e+00,        +3.849071907106e-09,        +3.783411297343e-09,        +0.000000000000e+00,        +0.000000000000e+00,        +9.077497399291e-12,        +2.358360045842e-03,        +5.226217033941e-11,        +1.381350485899e-02
 2.42058000e+00,        +3.868090702617e-09,        +3.802426924478e-09,        +0.000000000000e+00,        +0.000000000000e+00,        +9.125184613057e-12,        +2.359092719021e-03,        +5.253631027526e-11,        +1.381652069026e-02
 2.42060000e+00,        +3.887252695182e-09,        +3.821585791494e-09,        +0.000000000000e+00,        +0.000000000000e+00,        +9.173235049916e-12,        +2.359824732075e-03,        +5.281254172373e-11,        +1.381953581712e-02
 2.42062000e+00,        +3.906559307678e-09,        +3.840889322051e-09,        +0.000000000000e+00,        +0.000000000000e+00,        +9.221652338818e-12,        +2.360556083379e-03,        +5.309088561603e-11,        +1.382255023888e-02
 2.42064000e+00,        +3.926011980452e-09,        +3.860338957294e-09,        +0.000000000000e+00,        +0.000000000000e+00,        +9.270440153453e-12,        +2.361286771312e-03,        +5.337136314158e-11,        +1.382556395488e-02
 2.42066000e+00,        +3.945612171586e-09,        +3.879936156113e-09,        +0.000000000000e+00,        +0.000000000000e+00,        +9.319602212878e-12,        +2.362016794249e-03,        +5.365399575188e-11,        +1.382857696443e-02
 2.42068000e+00,        +3.965361357147e-09,        +3.899682395398e-09,        +0.000000000000e+00,        +0.000000000000e+00,        +9.369142282184e-12,        +2.362746150561e-03,        +5.393880516438e-11,        +1.383158926687e-02
 2.42070000e+00,        +3.985261031456e-09,        +3.919579170303e-09,        +0.000000000000e+00,        +0.000000000000e+00,        +9.419064173185e-12,        +2.363474838622e-03,        +5.422581336628e-11,        +1.383460086152e-02
 2.42072000e+00,        +4.005312707351e-09,        +3.939627994518e-09,        +0.000000000000e+00,        +0.000000000000e+00,        +9.469371745092e-12,        +2.364202856799e-03,        +5.451504261859e-11,        +1.383761174772e-02
 2.42074000e+00,        +4.025517916460e-09,        +3.959830400531e-09,        +0.000000000000e+00,        +0.000000000000e+00,        +9.520068905215e-12,        +2.364930203462e-03,        +5.480651546006e-11,        +1.384062192479e-02
 2.42076000e+00,        +4.045878209481e-09,        +3.980187939918e-09,        +0.000000000000e+00,        +0.000000000000e+00,        +9.571159609673e-12,        +2.365656876978e-03,        +5.510025471143e-11,        +1.384363139208e-02
 2.42078000e+00,        +4.066395156458e-09,        +4.000702183612e-09,        +0.000000000000e+00,        +0.000000000000e+00,        +9.622647864112e-12,        +2.366382875710e-03,        +5.539628347948e-11,        +1.384664014892e-02
 2.42080000e+00,        +4.087070347068e-09,        +4.021374722197e-09,        +0.000000000000e+00,        +0.000000000000e+00,        +9.674537724444e-12,        +2.367108198024e-03,        +5.569462516128e-11,        +1.384964819465e-02
 2.42082000e+00,        +4.107905390921e-09,        +4.042207166201e-09,        +0.000000000000e+00,        +0.000000000000e+00,        +9.726833297587e-12,        +2.367832842276e-03,        +5.599530344867e-11,        +1.385265552861e-02
 2.42084000e+00,        +4.128901917837e-09,        +4.063201146378e-09,        +0.000000000000e+00,        +0.000000000000e+00,        +9.779538742228e-12,        +2.368556806830e-03,        +5.629834233231e-11,        +1.385566215015e-02
 2.42086000e+00,        +4.150061578166e-09,        +4.084358314029e-09,        +0.000000000000e+00,        +0.000000000000e+00,        +9.832658269606e-12,        +2.369280090044e-03,        +5.660376610652e-11,        +1.385866805860e-02
 2.42088000e+00,        +4.171386043080e-09,        +4.105680341290e-09,        +0.000000000000e+00,        +0.000000000000e+00,        +9.886196144268e-12,        +2.370002690273e-03,        +5.691159937358e-11,        +1.386167325333e-02
 2.42090000e+00,        +4.192877004895e-09,        +4.127168921457e-09,        +0.000000000000e+00,        +0.000000000000e+00,        +9.940156684897e-12,        +2.370724605872e-03,        +5.722186704843e-11,        +1.386467773367e-02
 2.42092000e+00,        +4.214536177379e-09,        +4.148825769296e-09,        +0.000000000000e+00,        +0.000000000000e+00,        +9.994544265109e-12,        +2.371445835192e-03,        +5.753459436340e-11,        +1.386768149899e-02
 2.42094000e+00,        +4.236365296076e-09,        +4.170652621364e-09,        +0.000000000000e+00,        +0.000000000000e+00,        +1.004936331429e-11,        +2.372166376587e-03,        +5.784980687286e-11,        +1.387068454863e-02
 2.42096000e+00,        +4.258366118641e-09,        +4.192651236345e-09,        +0.000000000000e+00,        +0.000000000000e+00,        +1.010461831843e-11,        +2.372886228404e-03,        +5.816753045829e-11,        +1.387368688195e-02
 2.42098000e+00,        +4.280540425160e-09,        +4.214823395369e-09,        +0.000000000000e+00,        +0.000000000000e+00,        +1.016031382096e-11,        +2.373605388993e-03,        +5.848779133296e-11,        +1.387668849832e-02
 2.42100000e+00,        +4.302890018500e-09,        +4.237170902370e-09,        +0.000000000000e+00,        +0.000000000000e+00,        +1.021645442366e-11,        +2.374323856696e-03,        +5.881061604725e-11,        +1.387968939708e-02
 2.42102000e+00,        +4.325416724648e-09,        +4.259695584414e-09,        +0.000000000000e+00,        +0.000000000000e+00,        +1.027304478754e-11,        +2.375041629862e-03,        +5.913603149353e-11,        +1.388268957761e-02
 2.42104000e+00,        +4.348122393067e-09,        +4.282399292062e-09,        +0.000000000000e+00,        +0.000000000000e+00,        +1.033008963369e-11,        +2.375758706830e-03,        +5.946406491157e-11,        +1.388568903927e-02
 2.42106000e+00,        +4.371008897042e-09,        +4.305283899717e-09,        +0.000000000000e+00,        +0.000000000000e+00,        +1.038759374425e-11,        +2.376475085942e-03,        +5.979474389356e-11,        +1.388868778143e-02
 2.42108000e+00,        +4.394078134061e-09,        +4.328351305999e-09,        +0.000000000000e+00,        +0.000000000000e+00,        +1.044556196333e-11,        +2.377190765536e-03,        +6.012809638988e-11,        +1.389168580345e-02
 2.42110000e+00,        +4.417332026166e-09,        +4.351603434106e-09,        +0.000000000000e+00,        +0.000000000000e+00,        +1.050399919796e-11,        +2.377905743952e-03,        +6.046415071426e-11,        +1.389468310471e-02
 2.42112000e+00,        +4.440772520339e-09,        +4.375042232192e-09,        +0.000000000000e+00,        +0.000000000000e+00,        +1.056291041902e-11,        +2.378620019522e-03,        +6.080293554950e-11,        +1.389767968458e-02
 2.42114000e+00,        +4.464401588884e-09,        +4.398669673754e-09,        +0.000000000000e+00,        +0.000000000000e+00,        +1.062230066227e-11,        +2.379333590581e-03,        +6.114447995320e-11,        +1.390067554244e-02
 2.42116000e+00,        +4.488221229817e-09,        +4.422487758017e-09,        +0.000000000000e+00,        +0.000000000000e+00,        +1.068217502935e-11,        +2.380046455461e-03,        +6.148881336347e-11,        +1.390367067766e-02
 2.42118000e+00,        +4.512233467257e-09,        +4.446498510334e-09,        +0.000000000000e+00,        +0.000000000000e+00,        +1.074253868875e-11,        +2.380758612492e-03,        +6.183596560477e-11,        +1.390666508964e-02
 2.42120000e+00,        +4.536440351832e-09,        +4.470703982584e-09,        +0.000000000000e+00,        +0.000000000000e+00,        +1.080339687687e-11,        +2.381470060002e-03,        +6.218596689403e-11,        +1.390965877774e-02
 2.42122000e+00,        +4.560843961094e-09,        +4.495106253591e-09,        +0.000000000000e+00,        +0.000000000000e+00,        +1.086475489911e-11,        +2.382180796317e-03,        +6.253884784663e-11,        +1.391265174136e-02
 2.42124000e+00,        +4.585446399925e-09,        +4.519707429533e-09,        +0.000000000000e+00,        +0.000000000000e+00,        +1.092661813090e-11,        +2.382890819765e-03,        +6.289463948262e-11,        +1.391564397988e-02
 2.42126000e+00,        +4.610249800978e-09,        +4.544509644378e-09,        +0.000000000000e+00,        +0.000000000000e+00,        +1.098899201878e-11,        +2.383600128664e-03,        +6.325337323316e-11,        +1.391863549270e-02
 2.42128000e+00,        +4.635256325093e-09,        +4.569515060304e-09,        +0.000000000000e+00,        +0.000000000000e+00,        +1.105188208156e-11,        +2.384308721339e-03,        +6.361508094674e-11,        +1.392162627920e-02
 2.42130000e+00,        +4.660468161752e-09,        +4.594725868151e-09,        +0.000000000000e+00,        +0.000000000000e+00,        +1.111529391141e-11,        +2.385016596108e-03,        +6.397979489589e-11,        +1.392461633878e-02
 2.42132000e+00,        +4.685887529516e-09,        +4.620144287864e-09,        +0.000000000000e+00,        +0.000000000000e+00,        +1.117923317504e-11,        +2.385723751290e-03,        +6.434754778377e-11,        +1.392760567084e-02
 2.42134000e+00,        +4.711516676490e-09,        +4.645772568953e-09,        +0.000000000000e+00,        +0.000000000000e+00,        +1.124370561484e-11,        +2.386430185198e-03,        +6.471837275098e-11,        +1.393059427478e-02
 2.42136000e+00,        +4.737357880778e-09,        +4.671612990953e-09,        +0.000000000000e+00,        +0.000000000000e+00,        +1.130871705010e-11,        +2.387135896147e-03,        +6.509230338241e-11,        +1.393358214999e-02
 2.42138000e+00,        +4.763413450963e-09,        +4.697667863897e-09,        +0.000000000000e+00,        +0.000000000000e+00,        +1.137427337823e-11,        +2.387840882451e-03,        +6.546937371425e-11,        +1.393656929588e-02
 2.42140000e+00,        +4.789685726589e-09,        +4.723939528811e-09,        +0.000000000000e+00,        +0.000000000000e+00,        +1.144038057595e-11,        +2.388545142417e-03,        +6.584961824135e-11,        +1.393955571187e-02
 2.42142000e+00,        +4.816177078645e-09,        +4.750430358183e-09,        +0.000000000000e+00,        +0.000000000000e+00,        +1.150704470062e-11,        +2.389248674357e-03,        +6.623307192416e-11,        +1.394254139734e-02
 2.42144000e+00,        +4.842889910068e-09,        +4.777142756481e-09,        +0.000000000000e+00,        +0.000000000000e+00,        +1.157427189146e-11,        +2.389951476575e-03,        +6.661977019648e-11,        +1.394552635173e-02
 2.42146000e+00,        +4.869826656253e-09,        +4.804079160651e-09,        +0.000000000000e+00,        +0.000000000000e+00,        +1.164206837088e-11,        +2.390653547377e-03,        +6.700974897276e-11,        +1.394851057443e-02
 2.42148000e+00,        +4.896989785560e-09,        +4.831242040636e-09,        +0.000000000000e+00,        +0.000000000000e+00,        +1.171044044582e-11,        +2.391354885066e-03,        +6.740304465591e-11,        +1.395149406488e-02
 2.42150000e+00,        +4.924381799860e-09,        +4.858633899910e-09,        +0.000000000000e+00,        +0.000000000000e+00,        +1.177939450908e-11,        +2.392055487942e-03,        +6.779969414518e-11,        +1.395447682247e-02
 2.42152000e+00,        +4.952005235046e-09,        +4.886257276005e-09,        +0.000000000000e+00,        +0.000000000000e+00,        +1.184893704071e-11,        +2.392755354306e-03,        +6.819973484395e-11,        +1.395745884664e-02
 2.42154000e+00,        +4.979862661605e-09,        +4.914114741066e-09,        +0.000000000000e+00,        +0.000000000000e+00,        +1.191907460942e-11,        +2.393454482454e-03,        +6.860320466809e-11,        +1.396044013681e-02
 2.42156000e+00,        +5.007956685149e-09,        +4.942208902398e-09,        +0.000000000000e+00,        +0.000000000000e+00,        +1.198981387401e-11,        +2.394152870683e-03,        +6.901014205393e-11,        +1.396342069241e-02
 2.42158000e+00,        +5.036289947006e-09,        +4.970542403045e-09,        +0.000000000000e+00,        +0.000000000000e+00,        +1.206116158478e-11,        +2.394850517284e-03,        +6.942058596705e-11,        +1.396640051285e-02
 2.42160000e+00,        +5.064865124777e-09,        +4.999117922360e-09,        +0.000000000000e+00,        +0.000000000000e+00,        +1.213312458510e-11,        +2.395547420551e-03,        +6.983457591051e-11,        +1.396937959758e-02
 2.42162000e+00,        +5.093684932934e-09,        +5.027938176591e-09,        +0.000000000000e+00,        +0.000000000000e+00,        +1.220570981283e-11,        +2.396243578772e-03,        +7.025215193380e-11,        +1.397235794602e-02
 2.42164000e+00,        +5.122752123413e-09,        +5.057005919483e-09,        +0.000000000000e+00,        +0.000000000000e+00,        +1.227892430193e-11,        +2.396938990238e-03,        +7.067335464163e-11,        +1.397533555762e-02
 2.42166000e+00,        +5.152069486228e-09,        +5.086323942891e-09,        +0.000000000000e+00,        +0.000000000000e+00,        +1.235277518397e-11,        +2.397633653232e-03,        +7.109822520307e-11,        +1.397831243180e-02
 2.42168000e+00,        +5.181639850088e-09,        +5.115895077394e-09,        +0.000000000000e+00,        +0.000000000000e+00,        +1.242726968976e-11,        +2.398327566040e-03,        +7.152680536071e-11,        +1.398128856801e-02
 2.42170000e+00,        +5.211466083029e-09,        +5.145722192934e-09,        +0.000000000000e+00,        +0.000000000000e+00,        +1.250241515095e-11,        +2.399020726944e-03,        +7.195913744011e-11,        +1.398426396569e-02
 2.42172000e+00,        +5.241551093065e-09,        +5.175808199458e-09,        +0.000000000000e+00,        +0.000000000000e+00,        +1.257821900174e-11,        +2.399713134226e-03,        +7.239526435939e-11,        +1.398723862429e-02
 2.42174000e+00,        +5.271897828834e-09,        +5.206156047577e-09,        +0.000000000000e+00,        +0.000000000000e+00,        +1.265468878048e-11,        +2.400404786159e-03,        +7.283522963898e-11,        +1.399021254326e-02
 2.42176000e+00,        +5.302509280269e-09,        +5.236768729228e-09,        +0.000000000000e+00,        +0.000000000000e+00,        +1.273183213146e-11,        +2.401095681027e-03,        +7.327907741145e-11,        +1.399318572204e-02
 2.42178000e+00,        +5.333388479290e-09,        +5.267649278369e-09,        +0.000000000000e+00,        +0.000000000000e+00,        +1.280965680663e-11,        +2.401785817098e-03,        +7.372685243194e-11,        +1.399615816009e-02
 2.42180000e+00,        +5.364538500481e-09,        +5.298800771658e-09,        +0.000000000000e+00,        +0.000000000000e+00,        +1.288817066741e-11,        +2.402475192648e-03,        +7.417860008810e-11,        +1.399912985687e-02
 2.42182000e+00,        +5.395962461801e-09,        +5.330226329164e-09,        +0.000000000000e+00,        +0.000000000000e+00,        +1.296738168647e-11,        +2.403163805950e-03,        +7.463436641079e-11,        +1.400210081182e-02
 2.42184000e+00,        +5.427663525319e-09,        +5.361929115104e-09,        +0.000000000000e+00,        +0.000000000000e+00,        +1.304729794958e-11,        +2.403851655268e-03,        +7.509419808497e-11,        +1.400507102443e-02
 2.42186000e+00,        +5.459644897928e-09,        +5.393912338556e-09,        +0.000000000000e+00,        +0.000000000000e+00,        +1.312792765756e-11,        +2.404538738873e-03,        +7.555814246030e-11,        +1.400804049413e-02
 2.42188000e+00,        +5.491909832102e-09,        +5.426179254215e-09,        +0.000000000000e+00,        +0.000000000000e+00,        +1.320927912811e-11,        +2.405225055025e-03,        +7.602624756246e-11,        +1.401100922042e-02
 2.42190000e+00,        +5.524461626658e-09,        +5.458733163161e-09,        +0.000000000000e+00,        +0.000000000000e+00,        +1.329136079787e-11,        +2.405910601992e-03,        +7.649856210441e-11,        +1.401397720274e-02
 2.42192000e+00,        +5.557303627533e-09,        +5.491577413632e-09,        +0.000000000000e+00,        +0.000000000000e+00,        +1.337418122434e-11,        +2.406595378032e-03,        +7.697513549805e-11,        +1.401694444058e-02
 2.42194000e+00,        +5.590439228568e-09,        +5.524715401811e-09,        +0.000000000000e+00,        +0.000000000000e+00,        +1.345774908794e-11,        +2.407279381406e-03,        +7.745601786583e-11,        +1.401991093341e-02
 2.42196000e+00,        +5.623871872327e-09,        +5.558150572645e-09,        +0.000000000000e+00,        +0.000000000000e+00,        +1.354207319406e-11,        +2.407962610368e-03,        +7.794126005298e-11,        +1.402287668070e-02
 2.42198000e+00,        +5.657605050904e-09,        +5.591886420652e-09,        +0.000000000000e+00,        +0.000000000000e+00,        +1.362716247527e-11,        +2.408645063178e-03,        +7.843091363944e-11,        +1.402584168194e-02
 2.42200000e+00,        +5.691642306775e-09,        +5.625926490776e-09,        +0.000000000000e+00,        +0.000000000000e+00,        +1.371302599332e-11,        +2.409326738084e-03,        +7.892503095267e-11,        +1.402880593660e-02
 2.42202000e+00,        +5.725987233639e-09,        +5.660274379230e-09,        +0.000000000000e+00,        +0.000000000000e+00,        +1.379967294147e-11,        +2.410007633339e-03,        +7.942366508010e-11,        +1.403176944417e-02
 2.42204000e+00,        +5.760643477297e-09,        +5.694933734367e-09,        +0.000000000000e+00,        +0.000000000000e+00,        +1.388711264668e-11,        +2.410687747194e-03,        +7.992686988217e-11,        +1.403473220414e-02
 2.42206000e+00,        +5.795614736535e-09,        +5.729908257578e-09,        +0.000000000000e+00,        +0.000000000000e+00,        +1.397535457183e-11,        +2.411367077893e-03,        +8.043470000561e-11,        +1.403769421600e-02
 2.42208000e+00,        +5.830904764030e-09,        +5.765201704185e-09,        +0.000000000000e+00,        +0.000000000000e+00,        +1.406440831819e-11,        +2.412045623682e-03,        +8.094721089679e-11,        +1.404065547924e-02
 2.42210000e+00,        +5.866517367267e-09,        +5.800817884370e-09,        +0.000000000000e+00,        +0.000000000000e+00,        +1.415428362764e-11,        +2.412723382805e-03,        +8.146445881549e-11,        +1.404361599336e-02
 2.42212000e+00,        +5.902456409487e-09,        +5.836760664117e-09,        +0.000000000000e+00,        +0.000000000000e+00,        +1.424499038519e-11,        +2.413400353502e-03,        +8.198650084894e-11,        +1.404657575785e-02
 2.42214000e+00,        +5.938725810636e-09,        +5.873033966162e-09,        +0.000000000000e+00,        +0.000000000000e+00,        +1.433653862139e-11,        +2.414076534012e-03,        +8.251339492600e-11,        +1.404953477222e-02
 2.42216000e+00,        +5.975329548344e-09,        +5.909641770978e-09,        +0.000000000000e+00,        +0.000000000000e+00,        +1.442893851488e-11,        +2.414751922574e-03,        +8.304519983172e-11,        +1.405249303596e-02
 2.42218000e+00,        +6.012271658935e-09,        +5.946588117783e-09,        +0.000000000000e+00,        +0.000000000000e+00,        +1.452220039490e-11,        +2.415426517416e-03,        +8.358197522242e-11,        +1.405545054860e-02
 2.42220000e+00,        +6.049556238400e-09,        +5.983877105513e-09,        +0.000000000000e+00,        +0.000000000000e+00,        +1.461633474398e-11,        +2.416100316781e-03,        +8.412378164011e-11,        +1.405840730964e-02
 2.42222000e+00,        +6.087187443496e-09,        +6.021512893923e-09,        +0.000000000000e+00,        +0.000000000000e+00,        +1.471135220052e-11,        +2.416773318890e-03,        +8.467068052896e-11,        +1.406136331858e-02
 2.42224000e+00,        +6.125169492741e-09,        +6.059499704583e-09,        +0.000000000000e+00,        +0.000000000000e+00,        +1.480726356159e-11,        +2.417445521979e-03,        +8.522273425004e-11,        +1.406431857494e-02
 2.42226000e+00,        +6.163506667532e-09,        +6.097841821998e-09,        +0.000000000000e+00,        +0.000000000000e+00,        +1.490407978562e-11,        +2.418116924271e-03,        +8.578000609804e-11,        +1.406727307825e-02
 2.42228000e+00,        +6.202203313212e-09,        +6.136543594675e-09,        +0.000000000000e+00,        +0.000000000000e+00,        +1.500181199526e-11,        +2.418787523991e-03,        +8.634256031715e-11,        +1.407022682803e-02
 2.42230000e+00,        +6.241263840215e-09,        +6.175609436269e-09,        +0.000000000000e+00,        +0.000000000000e+00,        +1.510047148026e-11,        +2.419457319360e-03,        +8.691046211810e-11,        +1.407317982379e-02
 2.42232000e+00,        +6.280692725188e-09,        +6.215043826708e-09,        +0.000000000000e+00,        +0.000000000000e+00,        +1.520006970047e-11,        +2.420126308601e-03,        +8.748377769488e-11,        +1.407613206506e-02
 2.42234000e+00,        +6.320494512164e-09,        +6.254851313363e-09,        +0.000000000000e+00,        +0.000000000000e+00,        +1.530061828870e-11,        +2.420794489933e-03,        +8.806257424227e-11,        +1.407908355138e-02
 2.42236000e+00,        +6.360673813751e-09,        +6.295036512244e-09,        +0.000000000000e+00,        +0.000000000000e+00,        +1.540212905387e-11,        +2.421461861568e-03,        +8.864691997355e-11,        +1.408203428227e-02
 2.42238000e+00,        +6.401235312341e-09,        +6.335604109206e-09,        +0.000000000000e+00,        +0.000000000000e+00,        +1.550461398415e-11,        +2.422128421722e-03,        +8.923688413845e-11,        +1.408498425727e-02
 2.42240000e+00,        +6.442183761336e-09,        +6.376558861177e-09,        +0.000000000000e+00,        +0.000000000000e+00,        +1.560808525006e-11,        +2.422794168607e-03,        +8.983253704157e-11,        +1.408793347592e-02
 2.42242000e+00,        +6.483523986423e-09,        +6.417905597434e-09,        +0.000000000000e+00,        +0.000000000000e+00,        +1.571255520776e-11,        +2.423459100432e-03,        +9.043395006118e-11,        +1.409088193777e-02
 2.42244000e+00,        +6.525260886837e-09,        +6.459649220872e-09,        +0.000000000000e+00,        +0.000000000000e+00,        +1.581803640238e-11,        +2.424123215409e-03,        +9.104119566824e-11,        +1.409382964234e-02
 2.42246000e+00,        +6.567399436717e-09,        +6.501794709353e-09,        +0.000000000000e+00,        +0.000000000000e+00,        +1.592454157133e-11,        +2.424786511735e-03,        +9.165434744658e-11,        +1.409677658920e-02
 2.42248000e+00,        +6.609944686377e-09,        +6.544347116984e-09,        +0.000000000000e+00,        +0.000000000000e+00,        +1.603208364780e-11,        +2.425448987620e-03,        +9.227348011175e-11,        +1.409972277789e-02
 2.42250000e+00,        +6.652901763724e-09,        +6.587311575537e-09,        +0.000000000000e+00,        +0.000000000000e+00,        +1.614067576425e-11,        +2.426110641263e-03,        +9.289866953226e-11,        +1.410266820796e-02
 2.42252000e+00,        +6.696275875637e-09,        +6.630693295825e-09,        +0.000000000000e+00,        +0.000000000000e+00,        +1.625033125602e-11,        +2.426771470862e-03,        +9.352999275014e-11,        +1.410561287898e-02
 2.42254000e+00,        +6.740072309367e-09,        +6.674497569109e-09,        +0.000000000000e+00,        +0.000000000000e+00,        +1.636106366493e-11,        +2.427431474614e-03,        +9.416752800179e-11,        +1.410855679049e-02
 2.42256000e+00,        +6.784296434004e-09,        +6.718729768561e-09,        +0.000000000000e+00,        +0.000000000000e+00,        +1.647288674309e-11,        +2.428090650716e-03,        +9.481135473983e-11,        +1.411149994207e-02
 2.42258000e+00,        +6.828953701958e-09,        +6.763395350751e-09,        +0.000000000000e+00,        +0.000000000000e+00,        +1.658581445665e-11,        +2.428748997360e-03,        +9.546155365529e-11,        +1.411444233327e-02
 2.42260000e+00,        +6.874049650458e-09,        +6.808499857145e-09,        +0.000000000000e+00,        +0.000000000000e+00,        +1.669986098967e-11,        +2.429406512732e-03,        +9.611820669990e-11,        +1.411738396367e-02
 2.42262000e+00,        +6.919589903088e-09,        +6.854048915643e-09,        +0.000000000000e+00,        +0.000000000000e+00,        +1.681504074815e-11,        +2.430063195024e-03,        +9.678139710901e-11,        +1.412032483283e-02
 2.42264000e+00,        +6.965580171370e-09,        +6.900048242165e-09,        +0.000000000000e+00,        +0.000000000000e+00,        +1.693136836405e-11,        +2.430719042419e-03,        +9.745120942522e-11,        +1.412326494034e-02
 2.42266000e+00,        +7.012026256359e-09,        +6.946503642247e-09,        +0.000000000000e+00,        +0.000000000000e+00,        +1.704885869938e-11,        +2.431374053102e-03,        +9.812772952217e-11,        +1.412620428576e-02
 2.42268000e+00,        +7.058934050269e-09,        +6.993421012665e-09,        +0.000000000000e+00,        +0.000000000000e+00,        +1.716752685047e-11,        +2.432028225256e-03,        +9.881104462879e-11,        +1.412914286868e-02
 2.42270000e+00,        +7.106309538170e-09,        +7.040806343143e-09,        +0.000000000000e+00,        +0.000000000000e+00,        +1.728738815225e-11,        +2.432681557057e-03,        +9.950124335470e-11,        +1.413208068868e-02
 2.42272000e+00,        +7.154158799663e-09,        +7.088665718018e-09,        +0.000000000000e+00,        +0.000000000000e+00,        +1.740845818260e-11,        +2.433334046683e-03,        +1.001984157151e-10,        +1.413501774536e-02
 2.42274000e+00,        +7.202488010634e-09,        +7.137005318006e-09,        +0.000000000000e+00,        +0.000000000000e+00,        +1.753075276691e-11,        +2.433985692309e-03,        +1.009026531570e-10,        +1.413795403829e-02
 2.42276000e+00,        +7.251303445012e-09,        +7.185831421957e-09,        +0.000000000000e+00,        +0.000000000000e+00,        +1.765428798259e-11,        +2.434636492110e-03,        +1.016140485855e-10,        +1.414088956707e-02
 2.42278000e+00,        +7.300611476610e-09,        +7.235150408697e-09,        +0.000000000000e+00,        +0.000000000000e+00,        +1.777908016373e-11,        +2.435286444250e-03,        +1.023326963911e-10,        +1.414382433130e-02
 2.42280000e+00,        +7.350418580951e-09,        +7.284968758860e-09,        +0.000000000000e+00,        +0.000000000000e+00,        +1.790514590593e-11,        +2.435935546900e-03,        +1.030586924774e-10,        +1.414675833057e-02
 2.42282000e+00,        +7.400731337147e-09,        +7.335293056765e-09,        +0.000000000000e+00,        +0.000000000000e+00,        +1.803250207111e-11,        +2.436583798225e-03,        +1.037921342884e-10,        +1.414969156450e-02
 2.42284000e+00,        +7.451556429860e-09,        +7.386129992380e-09,        +0.000000000000e+00,        +0.000000000000e+00,        +1.816116579250e-11,        +2.437231196388e-03,        +1.045331208387e-10,        +1.415262403268e-02
 2.42286000e+00,        +7.502900651225e-09,        +7.437486363251e-09,        +0.000000000000e+00,        +0.000000000000e+00,        +1.829115447969e-11,        +2.437877739552e-03,        +1.052817527413e-10,        +1.415555573473e-02
 2.42288000e+00,        +7.554770902903e-09,        +7.489369076551e-09,        +0.000000000000e+00,        +0.000000000000e+00,        +1.842248582383e-11,        +2.438523425873e-03,        +1.060381322389e-10,        +1.415848667025e-02
 2.42290000e+00,        +7.607174198090e-09,        +7.541785151096e-09,        +0.000000000000e+00,        +0.000000000000e+00,        +1.855517780288e-11,        +2.439168253507e-03,        +1.068023632338e-10,        +1.416141683886e-02
 2.42292000e+00,        +7.660117663628e-09,        +7.594741719456e-09,        +0.000000000000e+00,        +0.000000000000e+00,        +1.868924868702e-11,        +2.439812220609e-03,        +1.075745513192e-10,        +1.416434624019e-02
 2.42294000e+00,        +7.713608542153e-09,        +7.648246030106e-09,        +0.000000000000e+00,        +0.000000000000e+00,        +1.882471704420e-11,        +2.440455325329e-03,        +1.083548038113e-10,        +1.416727487385e-02
 2.42296000e+00,        +7.767654194246e-09,        +7.702305449579e-09,        +0.000000000000e+00,        +0.000000000000e+00,        +1.896160174569e-11,        +2.441097565818e-03,        +1.091432297818e-10,        +1.417020273947e-02
 2.42298000e+00,        +7.822262100684e-09,        +7.756927464721e-09,        +0.000000000000e+00,        +0.000000000000e+00,        +1.909992197188e-11,        +2.441738940224e-03,        +1.099399400911e-10,        +1.417312983667e-02
 2.42300000e+00,        +7.877439864718e-09,        +7.812119684968e-09,        +0.000000000000e+00,        +0.000000000000e+00,        +1.923969721809e-11,        +2.442379446686e-03,        +1.107450474225e-10,        +1.417605616509e-02
 2.42302000e+00,        +7.933195214362e-09,        +7.867889844641e-09,        +0.000000000000e+00,        +0.000000000000e+00,        +1.938094730067e-11,        +2.443019083356e-03,        +1.115586663165e-10,        +1.417898172436e-02
 2.42304000e+00,        +7.989536004815e-09,        +7.924245805369e-09,        +0.000000000000e+00,        +0.000000000000e+00,        +1.952369236293e-11,        +2.443657848361e-03,        +1.123809132068e-10,        +1.418190651413e-02
 2.42306000e+00,        +8.046470220826e-09,        +7.981195558460e-09,        +0.000000000000e+00,        +0.000000000000e+00,        +1.966795288159e-11,        +2.444295739849e-03,        +1.132119064558e-10,        +1.418483053404e-02
 2.42308000e+00,        +8.104005979208e-09,        +8.038747227410e-09,        +0.000000000000e+00,        +0.000000000000e+00,        +1.981374967297e-11,        +2.444932755948e-03,        +1.140517663921e-10,        +1.418775378372e-02
 2.42310000e+00,        +8.162151531350e-09,        +8.096909070426e-09,        +0.000000000000e+00,        +0.000000000000e+00,        +1.996110389966e-11,        +2.445568894794e-03,        +1.149006153480e-10,        +1.419067626283e-02
 2.42312000e+00,        +8.220915265783e-09,        +8.155689482989e-09,        +0.000000000000e+00,        +0.000000000000e+00,        +2.011003707708e-11,        +2.446204154516e-03,        +1.157585776981e-10,        +1.419359797102e-02
 2.42314000e+00,        +8.280305710837e-09,        +8.215097000521e-09,        +0.000000000000e+00,        +0.000000000000e+00,        +2.026057108030e-11,        +2.446838533242e-03,        +1.166257798986e-10,        +1.419651890795e-02
 2.42316000e+00,        +8.340331537322e-09,        +8.275140301059e-09,        +0.000000000000e+00,        +0.000000000000e+00,        +2.041272815099e-11,        +2.447472029097e-03,        +1.175023505277e-10,        +1.419943907328e-02
 2.42318000e+00,        +8.401001561251e-09,        +8.335828207990e-09,        +0.000000000000e+00,        +0.000000000000e+00,        +2.056653090446e-11,        +2.448104640204e-03,        +1.183884203264e-10,        +1.420235846666e-02
 2.42320000e+00,        +8.462324746687e-09,        +8.397169692898e-09,        +0.000000000000e+00,        +0.000000000000e+00,        +2.072200233698e-11,        +2.448736364685e-03,        +1.192841222406e-10,        +1.420527708776e-02
 2.42322000e+00,        +8.524310208592e-09,        +8.459173878413e-09,        +0.000000000000e+00,        +0.000000000000e+00,        +2.087916583309e-11,        +2.449367200650e-03,        +1.201895914642e-10,        +1.420819493626e-02
 2.42324000e+00,        +8.586967215726e-09,        +8.521850041121e-09,        +0.000000000000e+00,        +0.000000000000e+00,        +2.103804517325e-11,        +2.449997146224e-03,        +1.211049654823e-10,        +1.421111201183e-02
 2.42326000e+00,        +8.650305193674e-09,        +8.585207614585e-09,        +0.000000000000e+00,        +0.000000000000e+00,        +2.119866454144e-11,        +2.450626199518e-03,        +1.220303841164e-10,        +1.421402831413e-02
 2.42328000e+00,        +8.714333727906e-09,        +8.649256192416e-09,        +0.000000000000e+00,        +0.000000000000e+00,        +2.136104853315e-11,        +2.451254358637e-03,        +1.229659895701e-10,        +1.421694384286e-02
 2.42330000e+00,        +8.779062566852e-09,        +8.714005531349e-09,        +0.000000000000e+00,        +0.000000000000e+00,        +2.152522216335e-11,        +2.451881621692e-03,        +1.239119264753e-10,        +1.421985859769e-02
 2.42332000e+00,        +8.844501625133e-09,        +8.779465554475e-09,        +0.000000000000e+00,        +0.000000000000e+00,        +2.169121087480e-11,        +2.452507986788e-03,        +1.248683419405e-10,        +1.422277257832e-02
 2.42334000e+00,        +8.910660986790e-09,        +8.845646354480e-09,        +0.000000000000e+00,        +0.000000000000e+00,        +2.185904054639e-11,        +2.453133452030e-03,        +1.258353855990e-10,        +1.422568578443e-02
 2.42336000e+00,        +8.977550908620e-09,        +8.912558196979e-09,        +0.000000000000e+00,        +0.000000000000e+00,        +2.202873750174e-11,        +2.453758015517e-03,        +1.268132096590e-10,        +1.422859821572e-02
 2.42338000e+00,        +9.045181823580e-09,        +8.980211523925e-09,        +0.000000000000e+00,        +0.000000000000e+00,        +2.220032851795e-11,        +2.454381675344e-03,        +1.278019689543e-10,        +1.423150987188e-02
 2.42340000e+00,        +9.113564344248e-09,        +9.048616957077e-09,        +0.000000000000e+00,        +0.000000000000e+00,        +2.237384083467e-11,        +2.455004429611e-03,        +1.288018209963e-10,        +1.423442075261e-02
 2.42342000e+00,        +9.182709266375e-09,        +9.117785301553e-09,        +0.000000000000e+00,        +0.000000000000e+00,        +2.254930216307e-11,        +2.455626276402e-03,        +1.298129260271e-10,        +1.423733085764e-02
 2.42344000e+00,        +9.252627572499e-09,        +9.187727549451e-09,        +0.000000000000e+00,        +0.000000000000e+00,        +2.272674069544e-11,        +2.456247213818e-03,        +1.308354470737e-10,        +1.424024018665e-02
 2.42346000e+00,        +9.323330435659e-09,        +9.258454883564e-09,        +0.000000000000e+00,        +0.000000000000e+00,        +2.290618511450e-11,        +2.456867239940e-03,        +1.318695500032e-10,        +1.424314873936e-02
 2.42348000e+00,        +9.394829223178e-09,        +9.329978681170e-09,        +0.000000000000e+00,        +0.000000000000e+00,        +2.308766460333e-11,        +2.457486352852e-03,        +1.329154035803e-10,        +1.424605651549e-02
 2.42350000e+00,        +9.467135500490e-09,        +9.402310517864e-09,        +0.000000000000e+00,        +0.000000000000e+00,        +2.327120885529e-11,        +2.458104550641e-03,        +1.339731795235e-10,        +1.424896351476e-02
 2.42352000e+00,        +9.540261035160e-09,        +9.475462171580e-09,        +0.000000000000e+00,        +0.000000000000e+00,        +2.345684808424e-11,        +2.458721831382e-03,        +1.350430525662e-10,        +1.425186973689e-02
 2.42354000e+00,        +9.614217800846e-09,        +9.549445626559e-09,        +0.000000000000e+00,        +0.000000000000e+00,        +2.364461303493e-11,        +2.459338193154e-03,        +1.361252005156e-10,        +1.425477518160e-02
 2.42356000e+00,        +9.689017981468e-09,        +9.624273077526e-09,        +0.000000000000e+00,        +0.000000000000e+00,        +2.383453499370e-11,        +2.459953634030e-03,        +1.372198043153e-10,        +1.425767984864e-02
 2.42358000e+00,        +9.764673975385e-09,        +9.699956933865e-09,        +0.000000000000e+00,        +0.000000000000e+00,        +2.402664579930e-11,        +2.460568152083e-03,        +1.383270481078e-10,        +1.426058373773e-02
 2.42360000e+00,        +9.841198399719e-09,        +9.776509823956e-09,        +0.000000000000e+00,        +0.000000000000e+00,        +2.422097785407e-11,        +2.461181745382e-03,        +1.394471192994e-10,        +1.426348684862e-02
 2.42362000e+00,        +9.918604094753e-09,        +9.853944599574e-09,        +0.000000000000e+00,        +0.000000000000e+00,        +2.441756413525e-11,        +2.461794411995e-03,        +1.405802086259e-10,        +1.426638918103e-02
 2.42364000e+00,        +9.996904128417e-09,        +9.932274340378e-09,        +0.000000000000e+00,        +0.000000000000e+00,        +2.461643820655e-11,        +2.462406149978e-03,        +1.417265102200e-10,        +1.426929073473e-02
 2.42366000e+00,        +1.007611180086e-08,        +1.001151235849e-08,        +0.000000000000e+00,        +0.000000000000e+00,        +2.481763423016e-11,        +2.463016957399e-03,        +1.428862216797e-10,        +1.427219150946e-02
 2.42368000e+00,        +1.015624064917e-08,        +1.009167220325e-08,        +0.000000000000e+00,        +0.000000000000e+00,        +2.502118697875e-11,        +2.463626832315e-03,        +1.440595441396e-10,        +1.427509150497e-02
 2.42370000e+00,        +1.023730445215e-08,        +1.017276766592e-08,        +0.000000000000e+00,        +0.000000000000e+00,        +2.522713184784e-11,        +2.464235772781e-03,        +1.452466823412e-10,        +1.427799072103e-02
 2.42372000e+00,        +1.031931723523e-08,        +1.025481278469e-08,        +0.000000000000e+00,        +0.000000000000e+00,        +2.543550486862e-11,        +2.464843776851e-03,        +1.464478447079e-10,        +1.428088915738e-02
 2.42374000e+00,        +1.040229327546e-08,        +1.033782184963e-08,        +0.000000000000e+00,        +0.000000000000e+00,        +2.564634272065e-11,        +2.465450842572e-03,        +1.476632434191e-10,        +1.428378681380e-02
 2.42376000e+00,        +1.048624710658e-08,        +1.042180940777e-08,        +0.000000000000e+00,        +0.000000000000e+00,        +2.585968274529e-11,        +2.466056967994e-03,        +1.488930944870e-10,        +1.428668369006e-02
 2.42378000e+00,        +1.057119352434e-08,        +1.050679026845e-08,        +0.000000000000e+00,        +0.000000000000e+00,        +2.607556295908e-11,        +2.466662151159e-03,        +1.501376178351e-10,        +1.428957978593e-02
 2.42380000e+00,        +1.065714759176e-08,        +1.059277950853e-08,        +0.000000000000e+00,        +0.000000000000e+00,        +2.629402206760e-11,        +2.467266390110e-03,        +1.513970373781e-10,        +1.429247510119e-02
 2.42382000e+00,        +1.074412464461e-08,        +1.067979247797e-08,        +0.000000000000e+00,        +0.000000000000e+00,        +2.651509947958e-11,        +2.467869682886e-03,        +1.526715811042e-10,        +1.429536963561e-02
 2.42384000e+00,        +1.083214029697e-08,        +1.076784480529e-08,        +0.000000000000e+00,        +0.000000000000e+00,        +2.673883532129e-11,        +2.468472027525e-03,        +1.539614811578e-10,        +1.429826338899e-02
 2.42386000e+00,        +1.092121044696e-08,        +1.085695240340e-08,        +0.000000000000e+00,        +0.000000000000e+00,        +2.696527045126e-11,        +2.469073422055e-03,        +1.552669739262e-10,        +1.430115636111e-02
 2.42388000e+00,        +1.101135128250e-08,        +1.094713147531e-08,        +0.000000000000e+00,        +0.000000000000e+00,        +2.719444647535e-11,        +2.469673864512e-03,        +1.565883001253e-10,        +1.430404855176e-02
 2.42390000e+00,        +1.110257928734e-08,        +1.103839852018e-08,        +0.000000000000e+00,        +0.000000000000e+00,        +2.742640576218e-11,        +2.470273352919e-03,        +1.579257048909e-10,        +1.430693996074e-02
 2.42392000e+00,        +1.119491124703e-08,        +1.113077033930e-08,        +0.000000000000e+00,        +0.000000000000e+00,        +2.766119145874e-11,        +2.470871885303e-03,        +1.592794378678e-10,        +1.430983058786e-02
 2.42394000e+00,        +1.128836425518e-08,        +1.122426404239e-08,        +0.000000000000e+00,        +0.000000000000e+00,        +2.789884750652e-11,        +2.471469459689e-03,        +1.606497533039e-10,        +1.431272043291e-02
 2.42396000e+00,        +1.138295571986e-08,        +1.131889705393e-08,        +0.000000000000e+00,        +0.000000000000e+00,        +2.813941865794e-11,        +2.472066074091e-03,        +1.620369101462e-10,        +1.431560949571e-02
 2.42398000e+00,        +1.147870336996e-08,        +1.141468711962e-08,        +0.000000000000e+00,        +0.000000000000e+00,        +2.838295049303e-11,        +2.472661726526e-03,        +1.634411721368e-10,        +1.431849777607e-02
 2.42400000e+00,        +1.157562526185e-08,        +1.151165231299e-08,        +0.000000000000e+00,        +0.000000000000e+00,        +2.862948943662e-11,        +2.473256415010e-03,        +1.648628079124e-10,        +1.432138527380e-02
 2.42402000e+00,        +1.167373978621e-08,        +1.160981104225e-08,        +0.000000000000e+00,        +0.000000000000e+00,        +2.887908277586e-11,        +2.473850137551e-03,        +1.663020911070e-10,        +1.432427198874e-02
 2.42404000e+00,        +1.177306567485e-08,        +1.170918205712e-08,        +0.000000000000e+00,        +0.000000000000e+00,        +2.913177867801e-11,        +2.474442892154e-03,        +1.677593004545e-10,        +1.432715792070e-02
 2.42406000e+00,        +1.187362200780e-08,        +1.180978445593e-08,        +0.000000000000e+00,        +0.000000000000e+00,        +2.938762620886e-11,        +2.475034676829e-03,        +1.692347198950e-10,        +1.433004306951e-02
 2.42408000e+00,        +1.197542822049e-08,        +1.191163769283e-08,        +0.000000000000e+00,        +0.000000000000e+00,        +2.964667535119e-11,        +2.475625489572e-03,        +1.707286386835e-10,        +1.433292743501e-02
 2.42410000e+00,        +1.207850411117e-08,        +1.201476158519e-08,        +0.000000000000e+00,        +0.000000000000e+00,        +2.990897702408e-11,        +2.476215328388e-03,        +1.722413515000e-10,        +1.433581101704e-02
 2.42412000e+00,        +1.218286984836e-08,        +1.211917632108e-08,        +0.000000000000e+00,        +0.000000000000e+00,        +3.017458310213e-11,        +2.476804191271e-03,        +1.737731585631e-10,        +1.433869381543e-02
 2.42414000e+00,        +1.228854597861e-08,        +1.222490246700e-08,        +0.000000000000e+00,        +0.000000000000e+00,        +3.044354643550e-11,        +2.477392076207e-03,        +1.753243657453e-10,        +1.434157583004e-02
 2.42416000e+00,        +1.239555343423e-08,        +1.233196097570e-08,        +0.000000000000e+00,        +0.000000000000e+00,        +3.071592087025e-11,        +2.477978981190e-03,        +1.768952846902e-10,        +1.434445706071e-02
 2.42418000e+00,        +1.250391354141e-08,        +1.244037319423e-08,        +0.000000000000e+00,        +0.000000000000e+00,        +3.099176126897e-11,        +2.478564904206e-03,        +1.784862329344e-10,        +1.434733750730e-02
 2.42420000e+00,        +1.261364802835e-08,        +1.255016087210e-08,        +0.000000000000e+00,        +0.000000000000e+00,        +3.127112353217e-11,        +2.479149843240e-03,        +1.800975340290e-10,        +1.435021716968e-02
 2.42422000e+00,        +1.272477903358e-08,        +1.266134616967e-08,        +0.000000000000e+00,        +0.000000000000e+00,        +3.155406461966e-11,        +2.479733796272e-03,        +1.817295176664e-10,        +1.435309604769e-02
 2.42424000e+00,        +1.283732911457e-08,        +1.277395166671e-08,        +0.000000000000e+00,        +0.000000000000e+00,        +3.184064257291e-11,        +2.480316761278e-03,        +1.833825198085e-10,        +1.435597414122e-02
 2.42426000e+00,        +1.295132125635e-08,        +1.288800037101e-08,        +0.000000000000e+00,        +0.000000000000e+00,        +3.213091653743e-11,        +2.480898736234e-03,        +1.850568828167e-10,        +1.435885145013e-02
 2.42428000e+00,        +1.306677888046e-08,        +1.300351572744e-08,        +0.000000000000e+00,        +0.000000000000e+00,        +3.242494678592e-11,        +2.481479719107e-03,        +1.867529555872e-10,        +1.436172797431e-02
 2.42430000e+00,        +1.318372585398e-08,        +1.312052162690e-08,        +0.000000000000e+00,        +0.000000000000e+00,        +3.272279474181e-11,        +2.482059707872e-03,        +1.884710936865e-10,        +1.436460371363e-02
 2.42432000e+00,        +1.330218649885e-08,        +1.323904241567e-08,        +0.000000000000e+00,        +0.000000000000e+00,        +3.302452300317e-11,        +2.482638700489e-03,        +1.902116594915e-10,        +1.436747866797e-02
 2.42434000e+00,        +1.342218560122e-08,        +1.335910290484e-08,        +0.000000000000e+00,        +0.000000000000e+00,        +3.333019536730e-11,        +2.483216694922e-03,        +1.919750223315e-10,        +1.437035283723e-02
 2.42436000e+00,        +1.354374842122e-08,        +1.348072837999e-08,        +0.000000000000e+00,        +0.000000000000e+00,        +3.363987685575e-11,        +2.483793689128e-03,        +1.937615586336e-10,        +1.437322622130e-02
 2.42438000e+00,        +1.366690070269e-08,        +1.360394461103e-08,        +0.000000000000e+00,        +0.000000000000e+00,        +3.395363373990e-11,        +2.484369681066e-03,        +1.955716520711e-10,        +1.437609882008e-02
 2.42440000e+00,        +1.379166868331e-08,        +1.372877786227e-08,        +0.000000000000e+00,        +0.000000000000e+00,        +3.427153356686e-11,        +2.484944668684e-03,        +1.974056937151e-10,        +1.437897063348e-02
 2.42442000e+00,        +1.391807910480e-08,        +1.385525490266e-08,        +0.000000000000e+00,        +0.000000000000e+00,        +3.459364518622e-11,        +2.485518649933e-03,        +1.992640821884e-10,        +1.438184166140e-02
 2.42444000e+00,        +1.404615922337e-08,        +1.398340301628e-08,        +0.000000000000e+00,        +0.000000000000e+00,        +3.492003877712e-11,        +2.486091622757e-03,        +2.011472238234e-10,        +1.438471190376e-02
 2.42446000e+00,        +1.417593682035e-08,        +1.411325001299e-08,        +0.000000000000e+00,        +0.000000000000e+00,        +3.525078587586e-11,        +2.486663585102e-03,        +2.030555328224e-10,        +1.438758136046e-02
 2.42448000e+00,        +1.430744021316e-08,        +1.424482423933e-08,        +0.000000000000e+00,        +0.000000000000e+00,        +3.558595940434e-11,        +2.487234534910e-03,        +2.049894314228e-10,        +1.439045003144e-02
 2.42450000e+00,        +1.444069826628e-08,        +1.437815458962e-08,        +0.000000000000e+00,        +0.000000000000e+00,        +3.592563369838e-11,        +2.487804470111e-03,        +2.069493500626e-10,        +1.439331791662e-02
 2.42452000e+00,        +1.457574040262e-08,        +1.451327051725e-08,        +0.000000000000e+00,        +0.000000000000e+00,        +3.626988453760e-11,        +2.488373388640e-03,        +2.089357275525e-10,        +1.439618501592e-02
 2.42454000e+00,        +1.471259661498e-08,        +1.465020204624e-08,        +0.000000000000e+00,        +0.000000000000e+00,        +3.661878917500e-11,        +2.488941288427e-03,        +2.109490112485e-10,        +1.439905132930e-02
 2.42456000e+00,        +1.485129747780e-08,        +1.478897978296e-08,        +0.000000000000e+00,        +0.000000000000e+00,        +3.697242636754e-11,        +2.489508167404e-03,        +2.129896572291e-10,        +1.440191685667e-02
 2.42458000e+00,        +1.499187415921e-08,        +1.492963492818e-08,        +0.000000000000e+00,        +0.000000000000e+00,        +3.733087640721e-11,        +2.490074023485e-03,        +2.150581304783e-10,        +1.440478159800e-02
 2.42460000e+00,        +1.513435843300e-08,        +1.507219928911e-08,        +0.000000000000e+00,        +0.000000000000e+00,        +3.769422115261e-11,        +2.490638854596e-03,        +2.171549050650e-10,        +1.440764555322e-02
 2.42462000e+00,        +1.527878269125e-08,        +1.521670529202e-08,        +0.000000000000e+00,        +0.000000000000e+00,        +3.806254406135e-11,        +2.491202658648e-03,        +2.192804643353e-10,        +1.441050872230e-02
 2.42464000e+00,        +1.542517995682e-08,        +1.536318599473e-08,        +0.000000000000e+00,        +0.000000000000e+00,        +3.843593022287e-11,        +2.491765433562e-03,        +2.214353011001e-10,        +1.441337110519e-02
 2.42466000e+00,        +1.557358389626e-08,        +1.551167509961e-08,        +0.000000000000e+00,        +0.000000000000e+00,        +3.881446639167e-11,        +2.492327177240e-03,        +2.236199178315e-10,        +1.441623270186e-02
 2.42468000e+00,        +1.572402883288e-08,        +1.566220696657e-08,        +0.000000000000e+00,        +0.000000000000e+00,        +3.919824102167e-11,        +2.492887887594e-03,        +2.258348268595e-10,        +1.441909351226e-02
 2.42470000e+00,        +1.587654976009e-08,        +1.581481662651e-08,        +0.000000000000e+00,        +0.000000000000e+00,        +3.958734430063e-11,        +2.493447562526e-03,        +2.280805505739e-10,        +1.442195353639e-02
 2.42472000e+00,        +1.603118235496e-08,        +1.596953979482e-08,        +0.000000000000e+00,        +0.000000000000e+00,        +3.998186818551e-11,        +2.494006199932e-03,        +2.303576216305e-10,        +1.442481277421e-02
 2.42474000e+00,        +1.618796299188e-08,        +1.612641288518e-08,        +0.000000000000e+00,        +0.000000000000e+00,        +4.038190643829e-11,        +2.494563797714e-03,        +2.326665831572e-10,        +1.442767122570e-02
 2.42476000e+00,        +1.634692875675e-08,        +1.628547302360e-08,        +0.000000000000e+00,        +0.000000000000e+00,        +4.078755466241e-11,        +2.495120353759e-03,        +2.350079889684e-10,        +1.443052889086e-02
 2.42478000e+00,        +1.650811746105e-08,        +1.644675806271e-08,        +0.000000000000e+00,        +0.000000000000e+00,        +4.119891033996e-11,        +2.495675865959e-03,        +2.373824037796e-10,        +1.443338576967e-02
 2.42480000e+00,        +1.667156765639e-08,        +1.661030659616e-08,        +0.000000000000e+00,        +0.000000000000e+00,        +4.161607286916e-11,        +2.496230332198e-03,        +2.397904034266e-10,        +1.443624186215e-02
 2.42482000e+00,        +1.683731864913e-08,        +1.677615797339e-08,        +0.000000000000e+00,        +0.000000000000e+00,        +4.203914360281e-11,        +2.496783750361e-03,        +2.422325750880e-10,        +1.443909716827e-02
 2.42484000e+00,        +1.700541051537e-08,        +1.694435231453e-08,        +0.000000000000e+00,        +0.000000000000e+00,        +4.246822588699e-11,        +2.497336118326e-03,        +2.447095175120e-10,        +1.444195168806e-02
 2.42486000e+00,        +1.717588411600e-08,        +1.711493052562e-08,        +0.000000000000e+00,        +0.000000000000e+00,        +4.290342510061e-11,        +2.497887433967e-03,        +2.472218412455e-10,        +1.444480542152e-02
 2.42488000e+00,        +1.734878111206e-08,        +1.728793431385e-08,        +0.000000000000e+00,        +0.000000000000e+00,        +4.334484869539e-11,        +2.498437695157e-03,        +2.497701688668e-10,        +1.444765836868e-02
 2.42490000e+00,        +1.752414398033e-08,        +1.746340620326e-08,        +0.000000000000e+00,        +0.000000000000e+00,        +4.379260623637e-11,        +2.498986899761e-03,        +2.523551352222e-10,        +1.445051052955e-02
 2.42492000e+00,        +1.770201602904e-08,        +1.764138955046e-08,        +0.000000000000e+00,        +0.000000000000e+00,        +4.424680944322e-11,        +2.499535045649e-03,        +2.549773876652e-10,        +1.445336190417e-02
 2.42494000e+00,        +1.788244141387e-08,        +1.782192856066e-08,        +0.000000000000e+00,        +0.000000000000e+00,        +4.470757223166e-11,        +2.500082130676e-03,        +2.576375863000e-10,        +1.445621249256e-02
 2.42496000e+00,        +1.806546515409e-08,        +1.800506830382e-08,        +0.000000000000e+00,        +0.000000000000e+00,        +4.517501075604e-11,        +2.500628152706e-03,        +2.603364042261e-10,        +1.445906229475e-02
 2.42498000e+00,        +1.825113314895e-08,        +1.819085473107e-08,        +0.000000000000e+00,        +0.000000000000e+00,        +4.564924345156e-11,        +2.501173109583e-03,        +2.630745277885e-10,        +1.446191131081e-02
 2.42500000e+00,        +1.843949219408e-08,        +1.837933469119e-08,        +0.000000000000e+00,        +0.000000000000e+00,        +4.613039107789e-11,        +2.501716999165e-03,        +2.658526568271e-10,        +1.446475954076e-02
 2.42502000e+00,        +1.863058999836e-08,        +1.857055594743e-08,        +0.000000000000e+00,        +0.000000000000e+00,        +4.661857676263e-11,        +2.502259819294e-03,        +2.686715049343e-10,        +1.446760698467e-02
 2.42504000e+00,        +1.882447520061e-08,        +1.876456719432e-08,        +0.000000000000e+00,        +0.000000000000e+00,        +4.711392604548e-11,        +2.502801567820e-03,        +2.715317997085e-10,        +1.447045364258e-02
 2.42506000e+00,        +1.902119738676e-08,        +1.896141807476e-08,        +0.000000000000e+00,        +0.000000000000e+00,        +4.761656692259e-11,        +2.503342242573e-03,        +2.744342830172e-10,        +1.447329951458e-02
 2.42508000e+00,        +1.922080710682e-08,        +1.916115919715e-08,        +0.000000000000e+00,        +0.000000000000e+00,        +4.812662989166e-11,        +2.503881841392e-03,        +2.773797112552e-10,        +1.447614460071e-02
 2.42510000e+00,        +1.942335589226e-08,        +1.936384215269e-08,        +0.000000000000e+00,        +0.000000000000e+00,        +4.864424799704e-11,        +2.504420362108e-03,        +2.803688556107e-10,        +1.447898890106e-02
 2.42512000e+00,        +1.962889627330e-08,        +1.956951953280e-08,        +0.000000000000e+00,        +0.000000000000e+00,        +4.916955687526e-11,        +2.504957802550e-03,        +2.834025023298e-10,        +1.448183241570e-02
 2.42514000e+00,        +1.983748179643e-08,        +1.977824494657e-08,        +0.000000000000e+00,        +0.000000000000e+00,        +4.970269480075e-11,        +2.505494160538e-03,        +2.864814529839e-10,        +1.448467514473e-02
 2.42516000e+00,        +2.004916704186e-08,        +1.999007303834e-08,        +0.000000000000e+00,        +0.000000000000e+00,        +5.024380273204e-11,        +2.506029433898e-03,        +2.896065247377e-10,        +1.448751708822e-02
 2.42518000e+00,        +2.026400764113e-08,        +2.020505950532e-08,        +0.000000000000e+00,        +0.000000000000e+00,        +5.079302435762e-11,        +2.506563620442e-03,        +2.927785506193e-10,        +1.449035824627e-02
 2.42520000e+00,        +2.048206029469e-08,        +2.042326111515e-08,        +0.000000000000e+00,        +0.000000000000e+00,        +5.135050614232e-11,        +2.507096717982e-03,        +2.959983797893e-10,        +1.449319861899e-02
 2.42522000e+00,        +2.070338278946e-08,        +2.064473572358e-08,        +0.000000000000e+00,        +0.000000000000e+00,        +5.191639737363e-11,        +2.507628724329e-03,        +2.992668778114e-10,        +1.449603820647e-02
 2.42524000e+00,        +2.092803401647e-08,        +2.086954229209e-08,        +0.000000000000e+00,        +0.000000000000e+00,        +5.249085020788e-11,        +2.508159637287e-03,        +3.025849269236e-10,        +1.449887700883e-02
 2.42526000e+00,        +2.115607398830e-08,        +2.109774090541e-08,        +0.000000000000e+00,        +0.000000000000e+00,        +5.307401971644e-11,        +2.508689454659e-03,        +3.059534263064e-10,        +1.450171502618e-02
 2.42528000e+00,        +2.138756385648e-08,        +2.132939278891e-08,        +0.000000000000e+00,        +0.000000000000e+00,        +5.366606393133e-11,        +2.509218174236e-03,        +3.093732923520e-10,        +1.450455225865e-02
 2.42530000e+00,        +2.162256592888e-08,        +2.156456032607e-08,        +0.000000000000e+00,        +0.000000000000e+00,        +5.426714389162e-11,        +2.509745793820e-03,        +3.128454589320e-10,        +1.450738870636e-02
 2.42532000e+00,        +2.186114368675e-08,        +2.180330707555e-08,        +0.000000000000e+00,        +0.000000000000e+00,        +5.487742368785e-11,        +2.510272311192e-03,        +3.163708776620e-10,        +1.451022436944e-02
 2.42534000e+00,        +2.210336180167e-08,        +2.204569778818e-08,        +0.000000000000e+00,        +0.000000000000e+00,        +5.549707050742e-11,        +2.510797724138e-03,        +3.199505181643e-10,        +1.451305924804e-02
 2.42536000e+00,        +2.234928615220e-08,        +2.229179842365e-08,        +0.000000000000e+00,        +0.000000000000e+00,        +5.612625467866e-11,        +2.511322030441e-03,        +3.235853683257e-10,        +1.451589334230e-02
 2.42538000e+00,        +2.259898384039e-08,        +2.254167616706e-08,        +0.000000000000e+00,        +0.000000000000e+00,        +5.676514971437e-11,        +2.511845227878e-03,        +3.272764345556e-10,        +1.451872665236e-02
 2.42540000e+00,        +2.285252320768e-08,        +2.279539944489e-08,        +0.000000000000e+00,        +0.000000000000e+00,        +5.741393235450e-11,        +2.512367314223e-03,        +3.310247420338e-10,        +1.452155917838e-02
 2.42542000e+00,        +2.310997385056e-08,        +2.305303794064e-08,        +0.000000000000e+00,        +0.000000000000e+00,        +5.807278260763e-11,        +2.512888287246e-03,        +3.348313349553e-10,        +1.452439092052e-02
 2.42544000e+00,        +2.337140663588e-08,        +2.331466261027e-08,        +0.000000000000e+00,        +0.000000000000e+00,        +5.874188379184e-11,        +2.513408144705e-03,        +3.386972767722e-10,        +1.452722187895e-02
 2.42546000e+00,        +2.363689371533e-08,        +2.358034569664e-08,        +0.000000000000e+00,        +0.000000000000e+00,        +5.942142257394e-11,        +2.513926884369e-03,        +3.426236504196e-10,        +1.453005205383e-02
 2.42548000e+00,        +2.390650853962e-08,        +2.385016074382e-08,        +0.000000000000e+00,        +0.000000000000e+00,        +6.011158900701e-11,        +2.514444503989e-03,        +3.466115585426e-10,        +1.453288144536e-02
 2.42550000e+00,        +2.418032587178e-08,        +2.412418261036e-08,        +0.000000000000e+00,        +0.000000000000e+00,        +6.081257656678e-11,        +2.514961001322e-03,        +3.506621237066e-10,        +1.453571005370e-02
 2.42552000e+00,        +2.445842179987e-08,        +2.440248748209e-08,        +0.000000000000e+00,        +0.000000000000e+00,        +6.152458218573e-11,        +2.515476374115e-03,        +3.547764886013e-10,        +1.453853787904e-02
 2.42554000e+00,        +2.474087374889e-08,        +2.468515288407e-08,        +0.000000000000e+00,        +0.000000000000e+00,        +6.224780628544e-11,        +2.515990620106e-03,        +3.589558162328e-10,        +1.454136492160e-02
 2.42556000e+00,        +2.502776049140e-08,        +2.497225769125e-08,        +0.000000000000e+00,        +0.000000000000e+00,        +6.298245280636e-11,        +2.516503737040e-03,        +3.632012900966e-10,        +1.454419118156e-02
 2.42558000e+00,        +2.531916215763e-08,        +2.526388213862e-08,        +0.000000000000e+00,        +0.000000000000e+00,        +6.372872923541e-11,        +2.517015722663e-03,        +3.675141143443e-10,        +1.454701665911e-02
 2.42560000e+00,        +2.561516024416e-08,        +2.556010782996e-08,        +0.000000000000e+00,        +0.000000000000e+00,        +6.448684662958e-11,        +2.517526574689e-03,        +3.718955139298e-10,        +1.454984135450e-02
 2.42562000e+00,        +2.591583762135e-08,        +2.586101774531e-08,        +0.000000000000e+00,        +0.000000000000e+00,        +6.525701963842e-11,        +2.518036290853e-03,        +3.763467347353e-10,        +1.455266526792e-02
 2.42564000e+00,        +2.622127853968e-08,        +2.616669624734e-08,        +0.000000000000e+00,        +0.000000000000e+00,        +6.603946652157e-11,        +2.518544868880e-03,        +3.808690436841e-10,        +1.455548839960e-02
 2.42566000e+00,        +2.653156863413e-08,        +2.647722908579e-08,        +0.000000000000e+00,        +0.000000000000e+00,        +6.683440916251e-11,        +2.519052306486e-03,        +3.854637288240e-10,        +1.455831074978e-02
 2.42568000e+00,        +2.684679492745e-08,        +2.679270340080e-08,        +0.000000000000e+00,        +0.000000000000e+00,        +6.764207307910e-11,        +2.519558601385e-03,        +3.901320993943e-10,        +1.456113231869e-02
 2.42570000e+00,        +2.716704583146e-08,        +2.711320772422e-08,        +0.000000000000e+00,        +0.000000000000e+00,        +6.846268742953e-11,        +2.520063751292e-03,        +3.948754858640e-10,        +1.456395310656e-02
 2.42572000e+00,        +2.749241114615e-08,        +2.743883197883e-08,        +0.000000000000e+00,        +0.000000000000e+00,        +6.929648501212e-11,        +2.520567753906e-03,        +3.996952399393e-10,        +1.456677311365e-02
 2.42574000e+00,        +2.782298205738e-08,        +2.776966747599e-08,        +0.000000000000e+00,        +0.000000000000e+00,        +7.014370226199e-11,        +2.521070606929e-03,        +4.045927345487e-10,        +1.456959234022e-02
 2.42576000e+00,        +2.815885113136e-08,        +2.810580691023e-08,        +0.000000000000e+00,        +0.000000000000e+00,        +7.100457923972e-11,        +2.521572308063e-03,        +4.095693637823e-10,        +1.457241078651e-02
 2.42578000e+00,        +2.850011230776e-08,        +2.844734435239e-08,        +0.000000000000e+00,        +0.000000000000e+00,        +7.187935961570e-11,        +2.522072854995e-03,        +4.146265428118e-10,        +1.457522845281e-02
 2.42580000e+00,        +2.884686088923e-08,        +2.879437523918e-08,        +0.000000000000e+00,        +0.000000000000e+00,        +7.276829064653e-11,        +2.522572245416e-03,        +4.197657077558e-10,        +1.457804533937e-02
 2.42582000e+00,        +2.919919352867e-08,        +2.914699636051e-08,        +0.000000000000e+00,        +0.000000000000e+00,        +7.367162314465e-11,        +2.523070477009e-03,        +4.249883155138e-10,        +1.458086144648e-02
 2.42584000e+00,        +2.955720821306e-08,        +2.950530584332e-08,        +0.000000000000e+00,        +0.000000000000e+00,        +7.458961143978e-11,        +2.523567547452e-03,        +4.302958435495e-10,        +1.458367677443e-02
 2.42586000e+00,        +2.992100424437e-08,        +2.986940313254e-08,        +0.000000000000e+00,        +0.000000000000e+00,        +7.552251333279e-11,        +2.524063454421e-03,        +4.356897896308e-10,        +1.458649132349e-02
 2.42588000e+00,        +3.029068221644e-08,        +3.023938896809e-08,        +0.000000000000e+00,        +0.000000000000e+00,        +7.647059003932e-11,        +2.524558195583e-03,        +4.411716715110e-10,        +1.458930509398e-02
 2.42590000e+00,        +3.066634398832e-08,        +3.061536535813e-08,        +0.000000000000e+00,        +0.000000000000e+00,        +7.743410612431e-11,        +2.525051768604e-03,        +4.467430265577e-10,        +1.459211808619e-02
 2.42592000e+00,        +3.104809265323e-08,        +3.099743554812e-08,        +0.000000000000e+00,        +0.000000000000e+00,        +7.841332942567e-11,        +2.525544171150e-03,        +4.524054113168e-10,        +1.459493030043e-02
 2.42594000e+00,        +3.143603250370e-08,        +3.138570398601e-08,        +0.000000000000e+00,        +0.000000000000e+00,        +7.940853096712e-11,        +2.526035400866e-03,        +4.581604010224e-10,        +1.459774173702e-02
 2.42596000e+00,        +3.183026899108e-08,        +3.178027628170e-08,        +0.000000000000e+00,        +0.000000000000e+00,        +8.041998485866e-11,        +2.526525455415e-03,        +4.640095890192e-10,        +1.460055239628e-02
 2.42598000e+00,        +3.223090868072e-08,        +3.218125916237e-08,        +0.000000000000e+00,        +0.000000000000e+00,        +8.144796818361e-11,        +2.527014332436e-03,        +4.699545861276e-10,        +1.460336227854e-02
 2.42600000e+00,        +3.263805920132e-08,        +3.258876042169e-08,        +0.000000000000e+00,        +0.000000000000e+00,        +8.249276087268e-11,        +2.527502029574e-03,        +4.759970199156e-10,        +1.460617138413e-02
 2.42602000e+00,        +3.305182918869e-08,        +3.300288886376e-08,        +0.000000000000e+00,        +0.000000000000e+00,        +8.355464556257e-11,        +2.527988544463e-03,        +4.821385338943e-10,        +1.460897971340e-02
 2.42604000e+00,        +3.347232822316e-08,        +3.342375424040e-08,        +0.000000000000e+00,        +0.000000000000e+00,        +8.463390743906e-11,        +2.528473874742e-03,        +4.883807866149e-10,        +1.461178726669e-02
 2.42606000e+00,        +3.389966676054e-08,        +3.385146718219e-08,        +0.000000000000e+00,        +0.000000000000e+00,        +8.573083406276e-11,        +2.528958018034e-03,        +4.947254506738e-10,        +1.461459404436e-02
 2.42608000e+00,        +3.433395605594e-08,        +3.428613912230e-08,        +0.000000000000e+00,        +0.000000000000e+00,        +8.684571517735e-11,        +2.529440971959e-03,        +5.011742116100e-10,        +1.461740004677e-02
 2.42610000e+00,        +3.477530807996e-08,        +3.472788221262e-08,        +0.000000000000e+00,        +0.000000000000e+00,        +8.797884249828e-11,        +2.529922734142e-03,        +5.077287666897e-10,        +1.462020527429e-02
 2.42612000e+00,        +3.522383542726e-08,        +3.517680923236e-08,        +0.000000000000e+00,        +0.000000000000e+00,        +8.913050948115e-11,        +2.530403302196e-03,        +5.143908235794e-10,        +1.462300972728e-02
 2.42614000e+00,        +3.567965121637e-08,        +3.563303348785e-08,        +0.000000000000e+00,        +0.000000000000e+00,        +9.030101106791e-11,        +2.530882673721e-03,        +5.211620988878e-10,        +1.462581340613e-02
 2.42616000e+00,        +3.614286898056e-08,        +3.609666870337e-08,        +0.000000000000e+00,        +0.000000000000e+00,        +9.149064341130e-11,        +2.531360846327e-03,        +5.280443165753e-10,        +1.462861631123e-02
 2.42618000e+00,        +3.661360254886e-08,        +3.656782890212e-08,        +0.000000000000e+00,        +0.000000000000e+00,        +9.269970357223e-11,        +2.531837817612e-03,        +5.350392062181e-10,        +1.463141844298e-02
 2.42620000e+00,        +3.709196591770e-08,        +3.704662827786e-08,        +0.000000000000e+00,        +0.000000000000e+00,        +9.392848919406e-11,        +2.532313585170e-03,        +5.421485011324e-10,        +1.463421980176e-02
 2.42622000e+00,        +3.757807311096e-08,        +3.753318105486e-08,        +0.000000000000e+00,        +0.000000000000e+00,        +9.517729814700e-11,        +2.532788146586e-03,        +5.493739363264e-10,        +1.463702038800e-02
 2.42624000e+00,        +3.807203802913e-08,        +3.802760133706e-08,        +0.000000000000e+00,        +0.000000000000e+00,        +9.644642814460e-11,        +2.533261499445e-03,        +5.567172462918e-10,        +1.463982020210e-02
 2.42626000e+00,        +3.857397428601e-08,        +3.853000294465e-08,        +0.000000000000e+00,        +0.000000000000e+00,        +9.773617632826e-11,        +2.533733641330e-03,        +5.641801626075e-10,        +1.464261924449e-02
 2.42628000e+00,        +3.908399503354e-08,        +3.904049923884e-08,        +0.000000000000e+00,        +0.000000000000e+00,        +9.904683882029e-11,        +2.534204569806e-03,        +5.717644113698e-10,        +1.464541751559e-02
 2.42630000e+00,        +3.960221277208e-08,        +3.955920293201e-08,        +0.000000000000e+00,        +0.000000000000e+00,        +1.003787102415e-10,        +2.534674282451e-03,        +5.794717104032e-10,        +1.464821501584e-02
 2.42632000e+00,        +4.012873914755e-08,        +4.008622588478e-08,        +0.000000000000e+00,        +0.000000000000e+00,        +1.017320831927e-10,        +2.535142776818e-03,        +5.873037662777e-10,        +1.465101174568e-02
 2.42634000e+00,        +4.066368473291e-08,        +4.062167888736e-08,        +0.000000000000e+00,        +0.000000000000e+00,        +1.031072476981e-10,        +2.535610050475e-03,        +5.952622710921e-10,        +1.465380770555e-02
 2.42636000e+00,        +4.120715879443e-08,        +4.116567142565e-08,        +0.000000000000e+00,        +0.000000000000e+00,        +1.045044906074e-10,        +2.536076100970e-03,        +6.033488990296e-10,        +1.465660289592e-02
 2.42638000e+00,        +4.175926904138e-08,        +4.171831143078e-08,        +0.000000000000e+00,        +0.000000000000e+00,        +1.059240949570e-10,        +2.536540925849e-03,        +6.115653026684e-10,        +1.465939731725e-02
 2.42640000e+00,        +4.232012135819e-08,        +4.227970501112e-08,        +0.000000000000e+00,        +0.000000000000e+00,        +1.073663392850e-10,        +2.537004522653e-03,        +6.199131090284e-10,        +1.466219097000e-02
 2.42642000e+00,        +4.288981951870e-08,        +4.284995616629e-08,        +0.000000000000e+00,        +0.000000000000e+00,        +1.088314969008e-10,        +2.537466888928e-03,        +6.283939153516e-10,        +1.466498385466e-02
 2.42644000e+00,        +4.346846488126e-08,        +4.342916648210e-08,        +0.000000000000e+00,        +0.000000000000e+00,        +1.103198351041e-10,        +2.537928022197e-03,        +6.370092845973e-10,        +1.466777597170e-02
 2.42646000e+00,        +4.405615606432e-08,        +4.401743480586e-08,        +0.000000000000e+00,        +0.000000000000e+00,        +1.118316143549e-10,        +2.538387919991e-03,        +6.457607406446e-10,        +1.467056732163e-02
 2.42648000e+00,        +4.465298860043e-08,        +4.461485690010e-08,        +0.000000000000e+00,        +0.000000000000e+00,        +1.133670873874e-10,        +2.538846579829e-03,        +6.546497631721e-10,        +1.467335790492e-02
 2.42650000e+00,        +4.525905456981e-08,        +4.522152507590e-08,        +0.000000000000e+00,        +0.000000000000e+00,        +1.149264982706e-10,        +2.539303999232e-03,        +6.636777822326e-10,        +1.467614772210e-02
 2.42652000e+00,        +4.587444220991e-08,        +4.583752780214e-08,        +0.000000000000e+00,        +0.000000000000e+00,        +1.165100814071e-10,        +2.539760175700e-03,        +6.728461724694e-10,        +1.467893677368e-02
 2.42654000e+00,        +4.649923550282e-08,        +4.646294929251e-08,        +0.000000000000e+00,        +0.000000000000e+00,        +1.181180604765e-10,        +2.540215106749e-03,        +6.821562469972e-10,        +1.468172506017e-02
 2.42656000e+00,        +4.713351373783e-08,        +4.709786906776e-08,        +0.000000000000e+00,        +0.000000000000e+00,        +1.197506473106e-10,        +2.540668789871e-03,        +6.916092509156e-10,        +1.468451258210e-02
 2.42658000e+00,        +4.777735104877e-08,        +4.774236149261e-08,        +0.000000000000e+00,        +0.000000000000e+00,        +1.214080407079e-10,        +2.541121222564e-03,        +7.012063544407e-10,        +1.468729934000e-02
 2.42660000e+00,        +4.843081592489e-08,        +4.839649528620e-08,        +0.000000000000e+00,        +0.000000000000e+00,        +1.230904251764e-10,        +2.541572402317e-03,        +7.109486456414e-10,        +1.469008533443e-02
 2.42662000e+00,        +4.909397069638e-08,        +4.906033300713e-08,        +0.000000000000e+00,        +0.000000000000e+00,        +1.247979696122e-10,        +2.542022326612e-03,        +7.208371227945e-10,        +1.469287056591e-02
 2.42664000e+00,        +4.976687099010e-08,        +4.973393050874e-08,        +0.000000000000e+00,        +0.000000000000e+00,        +1.265308259009e-10,        +2.542470992923e-03,        +7.308726862925e-10,        +1.469565503503e-02
 2.42666000e+00,        +5.044956515880e-08,        +5.041733636772e-08,        +0.000000000000e+00,        +0.000000000000e+00,        +1.282891274501e-10,        +2.542918398727e-03,        +7.410561301523e-10,        +1.469843874233e-02
 2.42668000e+00,        +5.114209368018e-08,        +5.111059128260e-08,        +0.000000000000e+00,        +0.000000000000e+00,        +1.300729876437e-10,        +2.543364541489e-03,        +7.513881330702e-10,        +1.470122168839e-02
 2.42670000e+00,        +5.184448852656e-08,        +5.181372744288e-08,        +0.000000000000e+00,        +0.000000000000e+00,        +1.318824982197e-10,        +2.543809418664e-03,        +7.618692490357e-10,        +1.470400387379e-02
 2.42672000e+00,        +5.255677250503e-08,        +5.252676786839e-08,        +0.000000000000e+00,        +0.000000000000e+00,        +1.337177275727e-10,        +2.544253027711e-03,        +7.724998974971e-10,        +1.470678529912e-02
 2.42674000e+00,        +5.327895856494e-08,        +5.324972571616e-08,        +0.000000000000e+00,        +0.000000000000e+00,        +1.355787189698e-10,        +2.544695366081e-03,        +7.832803530383e-10,        +1.470956596497e-02
 2.42676000e+00,        +5.401104907780e-08,        +5.398260355955e-08,        +0.000000000000e+00,        +0.000000000000e+00,        +1.374654886959e-10,        +2.545136431213e-03,        +7.942107346358e-10,        +1.471234587194e-02
 2.42678000e+00,        +5.475303508254e-08,        +5.472539263267e-08,        +0.000000000000e+00,        +0.000000000000e+00,        +1.393780241091e-10,        +2.545576220551e-03,        +8.052909943933e-10,        +1.471512502064e-02
 2.42680000e+00,        +5.550489550235e-08,        +5.547807204640e-08,        +0.000000000000e+00,        +0.000000000000e+00,        +1.413162816204e-10,        +2.546014731519e-03,        +8.165209058458e-10,        +1.471790341169e-02
 2.42682000e+00,        +5.626659632864e-08,        +5.624060797145e-08,        +0.000000000000e+00,        +0.000000000000e+00,        +1.432801845906e-10,        +2.546451961546e-03,        +8.279000517651e-10,        +1.472068104572e-02
 2.42684000e+00,        +5.703808977540e-08,        +5.701295279176e-08,        +0.000000000000e+00,        +0.000000000000e+00,        +1.452696211476e-10,        +2.546887908057e-03,        +8.394278115156e-10,        +1.472345792335e-02
 2.42686000e+00,        +5.781931340350e-08,        +5.779504422778e-08,        +0.000000000000e+00,        +0.000000000000e+00,        +1.472844419252e-10,        +2.547322568453e-03,        +8.511033479535e-10,        +1.472623404524e-02
 2.42688000e+00,        +5.861018921459e-08,        +5.858680442932e-08,        +0.000000000000e+00,        +0.000000000000e+00,        +1.493244577250e-10,        +2.547755940153e-03,        +8.629255938601e-10,        +1.472900941203e-02
 2.42690000e+00,        +5.941062271775e-08,        +5.938813904109e-08,        +0.000000000000e+00,        +0.000000000000e+00,        +1.513894371033e-10,        +2.548188020559e-03,        +8.748932379624e-10,        +1.473178402437e-02
 2.42692000e+00,        +6.022050196879e-08,        +6.019893624081e-08,        +0.000000000000e+00,        +0.000000000000e+00,        +1.534791038881e-10,        +2.548618807057e-03,        +8.870047105311e-10,        +1.473455788293e-02
 2.42694000e+00,        +6.103969658400e-08,        +6.101906575176e-08,        +0.000000000000e+00,        +0.000000000000e+00,        +1.555931346298e-10,        +2.549048297048e-03,        +8.992581685856e-10,        +1.473733098838e-02
 2.42696000e+00,        +6.186805673111e-08,        +6.184837783245e-08,        +0.000000000000e+00,        +0.000000000000e+00,        +1.577311559884e-10,        +2.549476487907e-03,        +9.116514807492e-10,        +1.474010334142e-02
 2.42698000e+00,        +6.270541209807e-08,        +6.268670224404e-08,        +0.000000000000e+00,        +0.000000000000e+00,        +1.598927420662e-10,        +2.549903377019e-03,        +9.241822117546e-10,        +1.474287494271e-02
 2.42700000e+00,        +6.355157084554e-08,        +6.353384720148e-08,        +0.000000000000e+00,        +0.000000000000e+00,        +1.620774116922e-10,        +2.550328961752e-03,        +9.368476066970e-10,        +1.474564579296e-02
 2.42702000e+00,        +6.440631854247e-08,        +6.438959830761e-08,        +0.000000000000e+00,        +0.000000000000e+00,        +1.642846256644e-10,        +2.550753239467e-03,        +9.496445750161e-10,        +1.474841589288e-02
 2.42704000e+00,        +6.526941709110e-08,        +6.525371747672e-08,        +0.000000000000e+00,        +0.000000000000e+00,        +1.665137839620e-10,        +2.551176207527e-03,        +9.625696743052e-10,        +1.475118524318e-02
 2.42706000e+00,        +6.614060364453e-08,        +6.612594185050e-08,        +0.000000000000e+00,        +0.000000000000e+00,        +1.687642229361e-10,        +2.551597863291e-03,        +9.756190939913e-10,        +1.475395384457e-02
 2.42708000e+00,        +6.701958952275e-08,        +6.700598271256e-08,        +0.000000000000e+00,        +0.000000000000e+00,        +1.710352124928e-10,        +2.552018204091e-03,        +9.887886389774e-10,        +1.475672169781e-02
 2.42710000e+00,        +6.790605912873e-08,        +6.789352440285e-08,        +0.000000000000e+00,        +0.000000000000e+00,        +1.733259532782e-10,        +2.552437227283e-03,        +1.002073713261e-09,        +1.475948880360e-02
 2.42712000e+00,        +6.879966887673e-08,        +6.878822324429e-08,        +0.000000000000e+00,        +0.000000000000e+00,        +1.756355738874e-10,        +2.552854930190e-03,        +1.015469303722e-09,        +1.476225516271e-02
 2.42714000e+00,        +6.970004613060e-08,        +6.968970647943e-08,        +0.000000000000e+00,        +0.000000000000e+00,        +1.779631281010e-10,        +2.553271310145e-03,        +1.028969964035e-09,        +1.476502077590e-02
 2.42716000e+00,        +7.060678816894e-08,        +7.059757123382e-08,        +0.000000000000e+00,        +0.000000000000e+00,        +1.803075921856e-10,        +2.553686364464e-03,        +1.042569798962e-09,        +1.476778564391e-02
 2.42718000e+00,        +7.151946117450e-08,        +7.151138350368e-08,        +0.000000000000e+00,        +0.000000000000e+00,        +1.826678622556e-10,        +2.554100090462e-03,        +1.056262448986e-09,        +1.477054976753e-02
 2.42720000e+00,        +7.243759926509e-08,        +7.243067718507e-08,        +0.000000000000e+00,        +0.000000000000e+00,        +1.850427517385e-10,        +2.554512485447e-03,        +1.070041075544e-09,        +1.477331314754e-02
 2.42722000e+00,        +7.336070356862e-08,        +7.335495314713e-08,        +0.000000000000e+00,        +0.000000000000e+00,        +1.874309889517e-10,        +2.554923546724e-03,        +1.083898346887e-09,        +1.477607578473e-02
 2.42724000e+00,        +7.428824135427e-08,        +7.428367836154e-08,        +0.000000000000e+00,        +0.000000000000e+00,        +1.898312148203e-10,        +2.555333271588e-03,        +1.097826424770e-09,        +1.477883767988e-02
 2.42726000e+00,        +7.521964523026e-08,        +7.521628509847e-08,        +0.000000000000e+00,        +0.000000000000e+00,        +1.922419807636e-10,        +2.555741657317e-03,        +1.111816952096e-09,        +1.478159883382e-02
 2.42728000e+00,        +7.615431241604e-08,        +7.615217019711e-08,        +0.000000000000e+00,        +0.000000000000e+00,        +1.946617467731e-10,        +2.556148701201e-03,        +1.125861041659e-09,        +1.478435924735e-02
 2.42730000e+00,        +7.709160410452e-08,        +7.709069442618e-08,        +0.000000000000e+00,        +0.000000000000e+00,        +1.970888797165e-10,        +2.556554400519e-03,        +1.139949266205e-09,        +1.478711892129e-02
 2.42732000e+00,        +7.803084492222e-08,        +7.803118194247e-08,        +0.000000000000e+00,        +0.000000000000e+00,        +1.995216518911e-10,        +2.556958752528e-03,        +1.154071649926e-09,        +1.478987785649e-02
 2.42734000e+00,        +7.897132250046e-08,        +7.897291986044e-08,        +0.000000000000e+00,        +0.000000000000e+00,        +2.019582398644e-10,        +2.557361754493e-03,        +1.168217661599e-09,        +1.479263605377e-02
 2.42736000e+00,        +7.991228717182e-08,        +7.991515794721e-08,        +0.000000000000e+00,        +0.000000000000e+00,        +2.043967236316e-10,        +2.557763403670e-03,        +1.182376209563e-09,        +1.479539351400e-02
 2.42738000e+00,        +8.085295180124e-08,        +8.085710845225e-08,        +0.000000000000e+00,        +0.000000000000e+00,        +2.068350861182e-10,        +2.558163697308e-03,        +1.196535638689e-09,        +1.479815023803e-02
 2.42740000e+00,        +8.179249176977e-08,        +8.179794608989e-08,        +0.000000000000e+00,        +0.000000000000e+00,        +2.092712130729e-10,        +2.558562632643e-03,        +1.210683729615e-09,        +1.480090622673e-02
 2.42742000e+00,        +8.273004511725e-08,        +8.273680818079e-08,        +0.000000000000e+00,        +0.000000000000e+00,        +2.117028933707e-10,        +2.558960206907e-03,        +1.224807700324e-09,        +1.480366148097e-02
 2.42744000e+00,        +8.366471286345e-08,        +8.367279497213e-08,        +0.000000000000e+00,        +0.000000000000e+00,        +2.141278197718e-10,        +2.559356417338e-03,        +1.238894210377e-09,        +1.480641600164e-02
 2.42746000e+00,        +8.459555951765e-08,        +8.460497014636e-08,        +0.000000000000e+00,        +0.000000000000e+00,        +2.165435901626e-10,        +2.559751261145e-03,        +1.252929367944e-09,        +1.480916978964e-02
 2.42748000e+00,        +8.552161378790e-08,        +8.553236152978e-08,        +0.000000000000e+00,        +0.000000000000e+00,        +2.189477093141e-10,        +2.560144735542e-03,        +1.266898739804e-09,        +1.481192284586e-02
 2.42750000e+00,        +8.644186950267e-08,        +8.645396201379e-08,        +0.000000000000e+00,        +0.000000000000e+00,        +2.213375911841e-10,        +2.560536837733e-03,        +1.280787364501e-09,        +1.481467517124e-02
 2.42752000e+00,        +8.735528675917e-08,        +8.736873070297e-08,        +0.000000000000e+00,        +0.000000000000e+00,        +2.237105618033e-10,        +2.560927564923e-03,        +1.294579768888e-09,        +1.481742676667e-02
 2.42754000e+00,        +8.826079330297e-08,        +8.827559429473e-08,        +0.000000000000e+00,        +0.000000000000e+00,        +2.260638627562e-10,        +2.561316914297e-03,        +1.308259988116e-09,        +1.482017763311e-02
 2.42756000e+00,        +8.915728615298e-08,        +8.917344870464e-08,        +0.000000000000e+00,        +0.000000000000e+00,        +2.283946552966e-10,        +2.561704883039e-03,        +1.321811589283e-09,        +1.482292777148e-02
 2.42758000e+00,        +9.004363347660e-08,        +9.006116094210e-08,        +0.000000000000e+00,        +0.000000000000e+00,        +2.307000251076e-10,        +2.562091468327e-03,        +1.335217698831e-09,        +1.482567718275e-02
 2.42760000e+00,        +9.091867672159e-08,        +9.093757124312e-08,        +0.000000000000e+00,        +0.000000000000e+00,        +2.329769877238e-10,        +2.562476667332e-03,        +1.348461033782e-09,        +1.482842586786e-02
 2.42762000e+00,        +9.178123301285e-08,        +9.180149546827e-08,        +0.000000000000e+00,        +0.000000000000e+00,        +2.352224946386e-10,        +2.562860477214e-03,        +1.361523936941e-09,        +1.483117382779e-02
 2.42764000e+00,        +9.263009780816e-08,        +9.265172775998e-08,        +0.000000000000e+00,        +0.000000000000e+00,        +2.374334400814e-10,        +2.563242895124e-03,        +1.374388415990e-09,        +1.483392106352e-02
 2.42766000e+00,        +9.346404782019e-08,        +9.348704346638e-08,        +0.000000000000e+00,        +0.000000000000e+00,        +2.396066684851e-10,        +2.563623918216e-03,        +1.387036186577e-09,        +1.483666757603e-02
 2.42768000e+00,        +9.428184420374e-08,        +9.430620233080e-08,        +0.000000000000e+00,        +0.000000000000e+00,        +2.417389826380e-10,        +2.564003543626e-03,        +1.399448719395e-09,        +1.483941336633e-02
 2.42770000e+00,        +9.508223599425e-08,        +9.510795193281e-08,        +0.000000000000e+00,        +0.000000000000e+00,        +2.438271524903e-10,        +2.564381768484e-03,        +1.411607291055e-09,        +1.484215843542e-02
 2.42772000e+00,        +9.586396379735e-08,        +9.589103138075e-08,        +0.000000000000e+00,        +0.000000000000e+00,        +2.458679246130e-10,        +2.564758589919e-03,        +1.423493038735e-09,        +1.484490278431e-02
 2.42774000e+00,        +9.662576371700e-08,        +9.665417524319e-08,        +0.000000000000e+00,        +0.000000000000e+00,        +2.478580322738e-10,        +2.565134005044e-03,        +1.435087018452e-09,        +1.484764641404e-02
 2.42776000e+00,        +9.736637150929e-08,        +9.739611770638e-08,        +0.000000000000e+00,        +0.000000000000e+00,        +2.497942061059e-10,        +2.565508010967e-03,        +1.446370266747e-09,        +1.485038932565e-02
 2.42778000e+00,        +9.808452693918e-08,        +9.811559693505e-08,        +0.000000000000e+00,        +0.000000000000e+00,        +2.516731853039e-10,        +2.565880604797e-03,        +1.457323865456e-09,        +1.485313152017e-02
 2.42780000e+00,        +9.877897832879e-08,        +9.881135962509e-08,        +0.000000000000e+00,        +0.000000000000e+00,        +2.534917293203e-10,        +2.566251783619e-03,        +1.467929009416e-09,        +1.485587299867e-02
 2.42782000e+00,        +9.944848726842e-08,        +9.948216571927e-08,        +0.000000000000e+00,        +0.000000000000e+00,        +2.552466299935e-10,        +2.566621544525e-03,        +1.478167076650e-09,        +1.485861376220e-02
 2.42784000e+00,        +1.000918334648e-07,        +1.001267932606e-07,        +0.000000000000e+00,        +0.000000000000e+00,        +2.569347240341e-10,        +2.566989884589e-03,        +1.488019700693e-09,        +1.486135381186e-02
 2.42786000e+00,        +1.007078196989e-07,        +1.007440433555e-07,        +0.000000000000e+00,        +0.000000000000e+00,        +2.585529058063e-10,        +2.567356800884e-03,        +1.497468844615e-09,        +1.486409314872e-02
 2.42788000e+00,        +1.012952768592e-07,        +1.013327452125e-07,        +0.000000000000e+00,        +0.000000000000e+00,        +2.600981403109e-10,        +2.567722290471e-03,        +1.506496876259e-09,        +1.486683177388e-02
 2.42790000e+00,        +1.018530690178e-07,        +1.018917612245e-07,        +0.000000000000e+00,        +0.000000000000e+00,        +2.615674762911e-10,        +2.568086350401e-03,        +1.515086644206e-09,        +1.486956968845e-02
 2.42792000e+00,        +1.023800985138e-07,        +1.024199920582e-07,        +0.000000000000e+00,        +0.000000000000e+00,        +2.629580593677e-10,        +2.568448977730e-03,        +1.523221553922e-09,        +1.487230689353e-02
 2.42794000e+00,        +1.028753110011e-07,        +1.029163817078e-07,        +0.000000000000e+00,        +0.000000000000e+00,        +2.642671450884e-10,        +2.568810169484e-03,        +1.530885643474e-09,        +1.487504339028e-02
 2.42796000e+00,        +1.033377004234e-07,        +1.033799224770e-07,        +0.000000000000e+00,        +0.000000000000e+00,        +2.654921118089e-10,        +2.569169922702e-03,        +1.538063658238e-09,        +1.487777917980e-02
 2.42798000e+00,        +1.037663138791e-07,        +1.038096598498e-07,        +0.000000000000e+00,        +0.000000000000e+00,        +2.666304732922e-10,        +2.569528234403e-03,        +1.544741124060e-09,        +1.488051426327e-02
 2.42800000e+00,        +1.041602563262e-07,        +1.042046972022e-07,        +0.000000000000e+00,        +0.000000000000e+00,        +2.676798909114e-10,        +2.569885101599e-03,        +1.550904418106e-09,        +1.488324864183e-02
 2.42802000e+00,        +1.045186950943e-07,        +1.045642003205e-07,        +0.000000000000e+00,        +0.000000000000e+00,        +2.686381853640e-10,        +2.570240521293e-03,        +1.556540836926e-09,        +1.488598231665e-02
 2.42804000e+00,        +1.048408641569e-07,        +1.048874016806e-07,        +0.000000000000e+00,        +0.000000000000e+00,        +2.695033477804e-10,        +2.570594490494e-03,        +1.561638661016e-09,        +1.488871528891e-02
 2.42806000e+00,        +1.051260681280e-07,        +1.051736044503e-07,        +0.000000000000e+00,        +0.000000000000e+00,        +2.702735501251e-10,        +2.570947006178e-03,        +1.566187215346e-09,        +1.489144755980e-02
 2.42808000e+00,        +1.053736859442e-07,        +1.054221861775e-07,        +0.000000000000e+00,        +0.000000000000e+00,        +2.709471548049e-10,        +2.571298065330e-03,        +1.570176925260e-09,        +1.489417913052e-02
 2.42810000e+00,        +1.055831741933e-07,        +1.056326021259e-07,        +0.000000000000e+00,        +0.000000000000e+00,        +2.715227233697e-10,        +2.571647664927e-03,        +1.573599367177e-09,        +1.489691000228e-02
 2.42812000e+00,        +1.057540700635e-07,        +1.058043882285e-07,        +0.000000000000e+00,        +0.000000000000e+00,        +2.719990242393e-10,        +2.571995801920e-03,        +1.576447313680e-09,        +1.489964017631e-02
 2.42814000e+00,        +1.058859938756e-07,        +1.059371636257e-07,        +0.000000000000e+00,        +0.000000000000e+00,        +2.723750393714e-10,        +2.572342473277e-03,        +1.578714772429e-09,        +1.490236965383e-02
 2.42816000e+00,        +1.059786511808e-07,        +1.060306327685e-07,        +0.000000000000e+00,        +0.000000000000e+00,        +2.726499698054e-10,        +2.572687675939e-03,        +1.580397018655e-09,        +1.490509843609e-02
 2.42818000e+00,        +1.060318343948e-07,        +1.060845870568e-07,        +0.000000000000e+00,        +0.000000000000e+00,        +2.728232400222e-10,        +2.573031406836e-03,        +1.581490620749e-09,        +1.490782652434e-02
 2.42820000e+00,        +1.060454239564e-07,        +1.060989060023e-07,        +0.000000000000e+00,        +0.000000000000e+00,        +2.728945010819e-10,        +2.573373662913e-03,        +1.581993458784e-09,        +1.491055391985e-02
 2.42822000e+00,        +1.060193889986e-07,        +1.060735579032e-07,        +0.000000000000e+00,        +0.000000000000e+00,        +2.728636325004e-10,        +2.573714441081e-03,        +1.581904735783e-09,        +1.491328062388e-02
 2.42824000e+00,        +1.059537875209e-07,        +1.060086000196e-07,        +0.000000000000e+00,        +0.000000000000e+00,        +2.727307428491e-10,        +2.574053738242e-03,        +1.581224981551e-09,        +1.491600663774e-02
 2.42826000e+00,        +1.058487660652e-07,        +1.059041782526e-07,        +0.000000000000e+00,        +0.000000000000e+00,        +2.724961690750e-10,        +2.574391551312e-03,        +1.579956049083e-09,        +1.491873196272e-02
 2.42828000e+00,        +1.057045588971e-07,        +1.057605263270e-07,        +0.000000000000e+00,        +0.000000000000e+00,        +2.721604745370e-10,        +2.574727877178e-03,        +1.578101103595e-09,        +1.492145660013e-02
 2.42830000e+00,        +1.055214867034e-07,        +1.055779644908e-07,        +0.000000000000e+00,        +0.000000000000e+00,        +2.717244458022e-10,        +2.575062712735e-03,        +1.575664604296e-09,        +1.492418055127e-02
 2.42832000e+00,        +1.052999548135e-07,        +1.053568977370e-07,        +0.000000000000e+00,        +0.000000000000e+00,        +2.711890882017e-10,        +2.575396054841e-03,        +1.572652279030e-09,        +1.492690381750e-02
 2.42834000e+00,        +1.050404509687e-07,        +1.050978135738e-07,        +0.000000000000e+00,        +0.000000000000e+00,        +2.705556202281e-10,        +2.575727900374e-03,        +1.569071092130e-09,        +1.492962640015e-02
 2.42836000e+00,        +1.047435426600e-07,        +1.048012793621e-07,        +0.000000000000e+00,        +0.000000000000e+00,        +2.698254668048e-10,        +2.576058246193e-03,        +1.564929205780e-09,        +1.493234830057e-02
 2.42838000e+00,        +1.044098740635e-07,        +1.044679392499e-07,        +0.000000000000e+00,        +0.000000000000e+00,        +2.690002515157e-10,        +2.576387089137e-03,        +1.560235935323e-09,        +1.493506952014e-02
 2.42840000e+00,        +1.040401625967e-07,        +1.040985107274e-07,        +0.000000000000e+00,        +0.000000000000e+00,        +2.680817878520e-10,        +2.576714426054e-03,        +1.555001698826e-09,        +1.493779006022e-02
 2.42842000e+00,        +1.036351951407e-07,        +1.036937808471e-07,        +0.000000000000e+00,        +0.000000000000e+00,        +2.670720695843e-10,        +2.577040253764e-03,        +1.549237961617e-09,        +1.494050992221e-02
 2.42844000e+00,        +1.031958239539e-07,        +1.032546021358e-07,        +0.000000000000e+00,        +0.000000000000e+00,        +2.659732603368e-10,        +2.577364569090e-03,        +1.542957176120e-09,        +1.494322910751e-02
 2.42846000e+00,        +1.027229623237e-07,        +1.027818882427e-07,        +0.000000000000e+00,        +0.000000000000e+00,        +2.647876824724e-10,        +2.577687368848e-03,        +1.536172717706e-09,        +1.494594761753e-02
 2.42848000e+00,        +1.022175799922e-07,        +1.022766093623e-07,        +0.000000000000e+00,        +0.000000000000e+00,        +2.635178053859e-10,        +2.578008649842e-03,        +1.528898817094e-09,        +1.494866545369e-02
 2.42850000e+00,        +1.016806983941e-07,        +1.017397874682e-07,        +0.000000000000e+00,        +0.000000000000e+00,        +2.621662333015e-10,        +2.578328408852e-03,        +1.521150489854e-09,        +1.495138261743e-02
 2.42852000e+00,        +1.011133857597e-07,        +1.011724914128e-07,        +0.000000000000e+00,        +0.000000000000e+00,        +2.607356927181e-10,        +2.578646642668e-03,        +1.512943463812e-09,        +1.495409911020e-02
 2.42854000e+00,        +1.005167521077e-07,        +1.005758319149e-07,        +0.000000000000e+00,        +0.000000000000e+00,        +2.592290195512e-10,        +2.578963348053e-03,        +1.504294104730e-09,        +1.495681493347e-02
 2.42856000e+00,        +9.989194418562e-08,        +9.995095649594e-08,        +0.000000000000e+00,        +0.000000000000e+00,        +2.576491461376e-10,        +2.579278521788e-03,        +1.495219341093e-09,        +1.495953008868e-02
 2.42858000e+00,        +9.924014038057e-08,        +9.929904438609e-08,        +0.000000000000e+00,        +0.000000000000e+00,        +2.559990881439e-10,        +2.579592160614e-03,        +1.485736588400e-09,        +1.496224457733e-02
 2.42860000e+00,        +9.856254565626e-08,        +9.862130145574e-08,        +0.000000000000e+00,        +0.000000000000e+00,        +2.542819315402e-10,        +2.579904261270e-03,        +1.475863673731e-09,        +1.496495840093e-02
 2.42862000e+00,        +9.786038653459e-08,        +9.791895519222e-08,        +0.000000000000e+00,        +0.000000000000e+00,        +2.525008196760e-10,        +2.580214820496e-03,        +1.465618760911e-09,        +1.496767156097e-02
 2.42864000e+00,        +9.713490616827e-08,        +9.719324976703e-08,        +0.000000000000e+00,        +0.000000000000e+00,        +2.506589405795e-10,        +2.580523835018e-03,        +1.455020276952e-09,        +1.497038405897e-02
 2.42866000e+00,        +9.638735953090e-08,        +9.644544122062e-08,        +0.000000000000e+00,        +0.000000000000e+00,        +2.487595145508e-10,        +2.580831301547e-03,        +1.444086840174e-09,        +1.497309589648e-02
 2.42868000e+00,        +9.561900875259e-08,        +9.567679279267e-08,        +0.000000000000e+00,        +0.000000000000e+00,        +2.468057821226e-10,        +2.581137216776e-03,        +1.432837190420e-09,        +1.497580707503e-02
 2.42870000e+00,        +9.483111862473e-08,        +9.488857042147e-08,        +0.000000000000e+00,        +0.000000000000e+00,        +2.448009924508e-10,        +2.581441577417e-03,        +1.421290121734e-09,        +1.497851759617e-02
 2.42872000e+00,        +9.402495230388e-08,        +9.408203844261e-08,        +0.000000000000e+00,        +0.000000000000e+00,        +2.427483922034e-10,        +2.581744380139e-03,        +1.409464417949e-09,        +1.498122746149e-02
 2.42874000e+00,        +9.320176722311e-08,        +9.325845549509e-08,        +0.000000000000e+00,        +0.000000000000e+00,        +2.406512149857e-10,        +2.582045621620e-03,        +1.397378791319e-09,        +1.498393667256e-02
 2.42876000e+00,        +9.236281123535e-08,        +9.241907065964e-08,        +0.000000000000e+00,        +0.000000000000e+00,        +2.385126713520e-10,        +2.582345298523e-03,        +1.385051824553e-09,        +1.498664523098e-02
 2.42878000e+00,        +9.150931899679e-08,        +9.156511983723e-08,        +0.000000000000e+00,        +0.000000000000e+00,        +2.363359394315e-10,        +2.582643407495e-03,        +1.372501916396e-09,        +1.498935313835e-02
 2.42880000e+00,        +9.064250860336e-08,        +9.069782238077e-08,        +0.000000000000e+00,        +0.000000000000e+00,        +2.341241562037e-10,        +2.582939945188e-03,        +1.359747230945e-09,        +1.499206039630e-02
 2.42882000e+00,        +8.976357848502e-08,        +8.981837798494e-08,        +0.000000000000e+00,        +0.000000000000e+00,        +2.318804094290e-10,        +2.583234908218e-03,        +1.346805650782e-09,        +1.499476700646e-02
 2.42884000e+00,        +8.887370456141e-08,        +8.892796383748e-08,        +0.000000000000e+00,        +0.000000000000e+00,        +2.296077302579e-10,        +2.583528293222e-03,        +1.333694733971e-09,        +1.499747297047e-02
 2.42886000e+00,        +8.797403766635e-08,        +8.802773203953e-08,        +0.000000000000e+00,        +0.000000000000e+00,        +2.273090865187e-10,        +2.583820096797e-03,        +1.320431675057e-09,        +1.500017829000e-02
 2.42888000e+00,        +8.706570122865e-08,        +8.711880728270e-08,        +0.000000000000e+00,        +0.000000000000e+00,        +2.249873766759e-10,        +2.584110315554e-03,        +1.307033269862e-09,        +1.500288296671e-02
 2.42890000e+00,        +8.614978922123e-08,        +8.620228479451e-08,        +0.000000000000e+00,        +0.000000000000e+00,        +2.226454244673e-10,        +2.584398946068e-03,        +1.293515884281e-09,        +1.500558700230e-02
 2.42892000e+00,        +8.522736436029e-08,        +8.527922853422e-08,        +0.000000000000e+00,        +0.000000000000e+00,        +2.202859741944e-10,        +2.584685984928e-03,        +1.279895426798e-09,        +1.500829039846e-02
 2.42894000e+00,        +8.429945655656e-08,        +8.435066964097e-08,        +0.000000000000e+00,        +0.000000000000e+00,        +2.179116866539e-10,        +2.584971428703e-03,        +1.266187324760e-09,        +1.501099315689e-02
 2.42896000e+00,        +8.336706160535e-08,        +8.341760512098e-08,        +0.000000000000e+00,        +0.000000000000e+00,        +2.155251356875e-10,        +2.585255273932e-03,        +1.252406504219e-09,        +1.501369527934e-02
 2.42898000e+00,        +8.243114010979e-08,        +8.248099676823e-08,        +0.000000000000e+00,        +0.000000000000e+00,        +2.131288053376e-10,        +2.585537517178e-03,        +1.238567373254e-09,        +1.501639676754e-02
 2.42900000e+00,        +8.149261662332e-08,        +8.154177030460e-08,        +0.000000000000e+00,        +0.000000000000e+00,        +2.107250875604e-10,        +2.585818154967e-03,        +1.224683808576e-09,        +1.501909762323e-02
 2.42902000e+00,        +8.055237900237e-08,        +8.060081473043e-08,        +0.000000000000e+00,        +0.000000000000e+00,        +2.083162804879e-10,        +2.586097183818e-03,        +1.210769145280e-09,        +1.502179784819e-02
 2.42904000e+00,        +7.961127795626e-08,        +7.965898187262e-08,        +0.000000000000e+00,        +0.000000000000e+00,        +2.059045871992e-10,        +2.586374600246e-03,        +1.196836169552e-09,        +1.502449744419e-02
 2.42906000e+00,        +7.867012678092e-08,        +7.871708611671e-08,        +0.000000000000e+00,        +0.000000000000e+00,        +2.034921149653e-10,        +2.586650400755e-03,        +1.182897114137e-09,        +1.502719641303e-02
 2.42908000e+00,        +7.772970126614e-08,        +7.777590431273e-08,        +0.000000000000e+00,        +0.000000000000e+00,        +2.010808749439e-10,        +2.586924581833e-03,        +1.168963656412e-09,        +1.502989475651e-02
 2.42910000e+00,        +7.679073975890e-08,        +7.683617583738e-08,        +0.000000000000e+00,        +0.000000000000e+00,        +1.986727822791e-10,        +2.587197139953e-03,        +1.155046918812e-09,        +1.503259247645e-02
 2.42912000e+00,        +7.585394337652e-08,        +7.589860280619e-08,        +0.000000000000e+00,        +0.000000000000e+00,        +1.962696565901e-10,        +2.587468071579e-03,        +1.141157471506e-09,        +1.503528957469e-02
 2.42914000e+00,        +7.491997634876e-08,        +7.496385041486e-08,        +0.000000000000e+00,        +0.000000000000e+00,        +1.938732227947e-10,        +2.587737373170e-03,        +1.127305337024e-09,        +1.503798605309e-02
 2.42916000e+00,        +7.398946648095e-08,        +7.403254740176e-08,        +0.000000000000e+00,        +0.000000000000e+00,        +1.914851122464e-10,        +2.588005041173e-03,        +1.113499996715e-09,        +1.504068191348e-02
 2.42918000e+00,        +7.306300572648e-08,        +7.310528662000e-08,        +0.000000000000e+00,        +0.000000000000e+00,        +1.891068641558e-10,        +2.588271072008e-03,        +1.099750398851e-09,        +1.504337715777e-02
 2.42920000e+00,        +7.214115085390e-08,        +7.218262570431e-08,        +0.000000000000e+00,        +0.000000000000e+00,        +1.867399272621e-10,        +2.588535462102e-03,        +1.086064968181e-09,        +1.504607178783e-02
 2.42922000e+00,        +7.122442419696e-08,        +7.126508782087e-08,        +0.000000000000e+00,        +0.000000000000e+00,        +1.843856617170e-10,        +2.588798207861e-03,        +1.072451616730e-09,        +1.504876580557e-02
 2.42924000e+00,        +7.031331448032e-08,        +7.035316249312e-08,        +0.000000000000e+00,        +0.000000000000e+00,        +1.820453411682e-10,        +2.589059305676e-03,        +1.058917755765e-09,        +1.505145921292e-02
 2.42926000e+00,        +6.940827770560e-08,        +6.944730648786e-08,        +0.000000000000e+00,        +0.000000000000e+00,        +1.797201550026e-10,        +2.589318751934e-03,        +1.045470308678e-09,        +1.505415201180e-02
 2.42928000e+00,        +6.850973809192e-08,        +6.854794475610e-08,        +0.000000000000e+00,        +0.000000000000e+00,        +1.774112107301e-10,        +2.589576543003e-03,        +1.032115724708e-09,        +1.505684420417e-02
 2.42930000e+00,        +6.761808905884e-08,        +6.765547141631e-08,        +0.000000000000e+00,        +0.000000000000e+00,        +1.751195364824e-10,        +2.589832675248e-03,        +1.018859993317e-09,        +1.505953579198e-02
 2.42932000e+00,        +6.673369424509e-08,        +6.677025077361e-08,        +0.000000000000e+00,        +0.000000000000e+00,        +1.728460836030e-10,        +2.590087145006e-03,        +1.005708659124e-09,        +1.506222677723e-02
 2.42934000e+00,        +6.585688855347e-08,        +6.589261836515e-08,        +0.000000000000e+00,        +0.000000000000e+00,        +1.705917293122e-10,        +2.590339948625e-03,        +9.926668372503e-10,        +1.506491716188e-02
 2.42936000e+00,        +6.498797921576e-08,        +6.502288202566e-08,        +0.000000000000e+00,        +0.000000000000e+00,        +1.683572794208e-10,        +2.590591082419e-03,        +9.797392289863e-10,        +1.506760694796e-02
 2.42938000e+00,        +6.412724687063e-08,        +6.416132296597e-08,        +0.000000000000e+00,        +0.000000000000e+00,        +1.661434710838e-10,        +2.590840542695e-03,        +9.669301376705e-10,        +1.507029613749e-02
 2.42940000e+00,        +6.327494664654e-08,        +6.330819685662e-08,        +0.000000000000e+00,        +0.000000000000e+00,        +1.639509755684e-10,        +2.591088325752e-03,        +9.542434846628e-10,        +1.507298473251e-02
 2.42942000e+00,        +6.243130924861e-08,        +6.246373491548e-08,        +0.000000000000e+00,        +0.000000000000e+00,        +1.617804010340e-10,        +2.591334427887e-03,        +9.416828253953e-10,        +1.507567273506e-02
 2.42944000e+00,        +6.159654203750e-08,        +6.162814498743e-08,        +0.000000000000e+00,        +0.000000000000e+00,        +1.596322952909e-10,        +2.591578845348e-03,        +9.292513653259e-10,        +1.507836014723e-02
 2.42946000e+00,        +6.077083010370e-08,        +6.080161261945e-08,        +0.000000000000e+00,        +0.000000000000e+00,        +1.575071485575e-10,        +2.591821574409e-03,        +9.169519758311e-10,        +1.508104697108e-02
 2.42948000e+00,        +5.995433732613e-08,        +5.998430212005e-08,        +0.000000000000e+00,        +0.000000000000e+00,        +1.554053961692e-10,        +2.592062611314e-03,        +9.047872098898e-10,        +1.508373320871e-02
 2.42950000e+00,        +5.914720741664e-08,        +5.917635760469e-08,        +0.000000000000e+00,        +0.000000000000e+00,        +1.533274212588e-10,        +2.592301952292e-03,        +8.927593175670e-10,        +1.508641886226e-02
 2.42952000e+00,        +5.834956494446e-08,        +5.837790402100e-08,        +0.000000000000e+00,        +0.000000000000e+00,        +1.512735573863e-10,        +2.592539593574e-03,        +8.808702612118e-10,        +1.508910393382e-02
 2.42954000e+00,        +5.756151633929e-08,        +5.758904815288e-08,        +0.000000000000e+00,        +0.000000000000e+00,        +1.492440911124e-10,        +2.592775531358e-03,        +8.691217303530e-10,        +1.509178842557e-02
 2.42956000e+00,        +5.678315086938e-08,        +5.680987959933e-08,        +0.000000000000e+00,        +0.000000000000e+00,        +1.472392645120e-10,        +2.593009761833e-03,        +8.575151562311e-10,        +1.509447233965e-02
 2.42958000e+00,        +5.601454159557e-08,        +5.604047172950e-08,        +0.000000000000e+00,        +0.000000000000e+00,        +1.452592776272e-10,        +2.593242281191e-03,        +8.460517259826e-10,        +1.509715567825e-02
 2.42960000e+00,        +5.525574629671e-08,        +5.528088260891e-08,        +0.000000000000e+00,        +0.000000000000e+00,        +1.433042908450e-10,        +2.593473085595e-03,        +8.347323964110e-10,        +1.509983844354e-02
 2.42962000e+00,        +5.450680836598e-08,        +5.453115589665e-08,        +0.000000000000e+00,        +0.000000000000e+00,        +1.413744272036e-10,        +2.593702171193e-03,        +8.235579073301e-10,        +1.510252063776e-02
 2.42964000e+00,        +5.376775767841e-08,        +5.379132171384e-08,        +0.000000000000e+00,        +0.000000000000e+00,        +1.394697746262e-10,        +2.593929534134e-03,        +8.125287944874e-10,        +1.510520226311e-02
 2.42966000e+00,        +5.303861142823e-08,        +5.306139748171e-08,        +0.000000000000e+00,        +0.000000000000e+00,        +1.375903880746e-10,        +2.594155170536e-03,        +8.016454020473e-10,        +1.510788332184e-02
 2.42968000e+00,        +5.231937493453e-08,        +5.234138872822e-08,        +0.000000000000e+00,        +0.000000000000e+00,        +1.357362916265e-10,        +2.594379076516e-03,        +7.909078946064e-10,        +1.511056381620e-02
 2.42970000e+00,        +5.161004241644e-08,        +5.163128986398e-08,        +0.000000000000e+00,        +0.000000000000e+00,        +1.339074804720e-10,        +2.594601248174e-03,        +7.803162687624e-10,        +1.511324374848e-02
 2.42972000e+00,        +5.091059773711e-08,        +5.093108492706e-08,        +0.000000000000e+00,        +0.000000000000e+00,        +1.321039228315e-10,        +2.594821681601e-03,        +7.698703642234e-10,        +1.511592312094e-02
 2.42974000e+00,        +5.022101511609e-08,        +5.024074829617e-08,        +0.000000000000e+00,        +0.000000000000e+00,        +1.303255617920e-10,        +2.595040372855e-03,        +7.595698744520e-10,        +1.511860193591e-02
 2.42976000e+00,        +4.954125981205e-08,        +4.956024537411e-08,        +0.000000000000e+00,        +0.000000000000e+00,        +1.285723170704e-10,        +2.595257318005e-03,        +7.494143568697e-10,        +1.512128019570e-02
 2.42978000e+00,        +4.887128877310e-08,        +4.888953323889e-08,        +0.000000000000e+00,        +0.000000000000e+00,        +1.268440866893e-10,        +2.595472513079e-03,        +7.394032425862e-10,        +1.512395790267e-02
 2.42980000e+00,        +4.821105125948e-08,        +4.822856126705e-08,        +0.000000000000e+00,        +0.000000000000e+00,        +1.251407485878e-10,        +2.595685954125e-03,        +7.295358457145e-10,        +1.512663505915e-02
 2.42982000e+00,        +4.756048943439e-08,        +4.757727172528e-08,        +0.000000000000e+00,        +0.000000000000e+00,        +1.234621621442e-10,        +2.595897637146e-03,        +7.198113722221e-10,        +1.512931166752e-02
 2.42984000e+00,        +4.691953892728e-08,        +4.693560033433e-08,        +0.000000000000e+00,        +0.000000000000e+00,        +1.218081696332e-10,        +2.596107558133e-03,        +7.102289283681e-10,        +1.513198773019e-02
 2.42986000e+00,        +4.628812936864e-08,        +4.630347680445e-08,        +0.000000000000e+00,        +0.000000000000e+00,        +1.201785976092e-10,        +2.596315713087e-03,        +7.007875287185e-10,        +1.513466324955e-02
 2.42988000e+00,        +4.566618489766e-08,        +4.568082534374e-08,        +0.000000000000e+00,        +0.000000000000e+00,        +1.185732582174e-10,        +2.596522097984e-03,        +6.914861037627e-10,        +1.513733822801e-02
 2.42990000e+00,        +4.505362464231e-08,        +4.506756513877e-08,        +0.000000000000e+00,        +0.000000000000e+00,        +1.169919504353e-10,        +2.596726708763e-03,        +6.823235071182e-10,        +1.514001266803e-02
 2.42992000e+00,        +4.445036317543e-08,        +4.446361081125e-08,        +0.000000000000e+00,        +0.000000000000e+00,        +1.154344612551e-10,        +2.596929541374e-03,        +6.732985223770e-10,        +1.514268657206e-02
 2.42994000e+00,        +4.385631094323e-08,        +4.386887284715e-08,        +0.000000000000e+00,        +0.000000000000e+00,        +1.139005667917e-10,        +2.597130591744e-03,        +6.644098695458e-10,        +1.514535994259e-02
 2.42996000e+00,        +4.327137467273e-08,        +4.328325800462e-08,        +0.000000000000e+00,        +0.000000000000e+00,        +1.123900333383e-10,        +2.597329855784e-03,        +6.556562111700e-10,        +1.514803278210e-02
 2.42998000e+00,        +4.269545775333e-08,        +4.270666969609e-08,        +0.000000000000e+00,        +0.000000000000e+00,        +1.109026183547e-10,        +2.597527329382e-03,        +6.470361580744e-10,        +1.515070509311e-02
 2.43000000e+00,        +4.212846059850e-08,        +4.213900835047e-08,        +0.000000000000e+00,        +0.000000000000e+00,        +1.094380714066e-10,        +2.597723008433e-03,        +6.385482748060e-10,        +1.515337687815e-02
 2.43002000e+00,        +4.157028098363e-08,        +4.158017175146e-08,        +0.000000000000e+00,        +0.000000000000e+00,        +1.079961350393e-10,        +2.597916888795e-03,        +6.301910847242e-10,        +1.515604813975e-02
 2.43004000e+00,        +4.102081436559e-08,        +4.103005535754e-08,        +0.000000000000e+00,        +0.000000000000e+00,        +1.065765456092e-10,        +2.598108966326e-03,        +6.219630748159e-10,        +1.515871888049e-02
 2.43006000e+00,        +4.047995418144e-08,        +4.048855260114e-08,        +0.000000000000e+00,        +0.000000000000e+00,        +1.051790340574e-10,        +2.598299236852e-03,        +6.138627002013e-10,        +1.516138910295e-02
 2.43008000e+00,        +3.994759212848e-08,        +3.995555516909e-08,        +0.000000000000e+00,        +0.000000000000e+00,        +1.038033266384e-10,        +2.598487696193e-03,        +6.058883883598e-10,        +1.516405880974e-02
 2.43010000e+00,        +3.942361842687e-08,        +3.943095326561e-08,        +0.000000000000e+00,        +0.000000000000e+00,        +1.024491456020e-10,        +2.598674340156e-03,        +5.980385430970e-10,        +1.516672800347e-02
 2.43012000e+00,        +3.890792206483e-08,        +3.891463585793e-08,        +0.000000000000e+00,        +0.000000000000e+00,        +1.011162098312e-10,        +2.598859164534e-03,        +5.903115482501e-10,        +1.516939668677e-02
 2.43014000e+00,        +3.840039102763e-08,        +3.840649090556e-08,        +0.000000000000e+00,        +0.000000000000e+00,        +9.980423543708e-11,        +2.599042165098e-03,        +5.827057711528e-10,        +1.517206486231e-02
 2.43016000e+00,        +3.790091251125e-08,        +3.790640557438e-08,        +0.000000000000e+00,        +0.000000000000e+00,        +9.851293631561e-11,        +2.599223337601e-03,        +5.752195658692e-10,        +1.517473253275e-02
 2.43018000e+00,        +3.740937312118e-08,        +3.741426643566e-08,        +0.000000000000e+00,        +0.000000000000e+00,        +9.724202466510e-11,        +2.599402677775e-03,        +5.678512762066e-10,        +1.517739970081e-02
 2.43020000e+00,        +3.692565905767e-08,        +3.692995965169e-08,        +0.000000000000e+00,        +0.000000000000e+00,        +9.599121147006e-11,        +2.599580181362e-03,        +5.605992385239e-10,        +1.518006636918e-02
 2.43022000e+00,        +3.644965628728e-08,        +3.645337114759e-08,        +0.000000000000e+00,        +0.000000000000e+00,        +9.476020694691e-11,        +2.599755844062e-03,        +5.534617843368e-10,        +1.518273254059e-02
 2.43024000e+00,        +3.598125070222e-08,        +3.598438677092e-08,        +0.000000000000e+00,        +0.000000000000e+00,        +9.354872096061e-11,        +2.599929661557e-03,        +5.464372427401e-10,        +1.518539821781e-02
 2.43026000e+00,        +3.552032826779e-08,        +3.552289243935e-08,        +0.000000000000e+00,        +0.000000000000e+00,        +9.235646341093e-11,        +2.600101629542e-03,        +5.395239426477e-10,        +1.518806340359e-02
 2.43028000e+00,        +3.506677515851e-08,        +3.506877427711e-08,        +0.000000000000e+00,        +0.000000000000e+00,        +9.118314458588e-11,        +2.600271743658e-03,        +5.327202148693e-10,        +1.519072810072e-02
 2.43030000e+00,        +3.462047788431e-08,        +3.462191874134e-08,        +0.000000000000e+00,        +0.000000000000e+00,        +9.002847549400e-11,        +2.600439999553e-03,        +5.260243940322e-10,        +1.519339231202e-02
 2.43032000e+00,        +3.418132340544e-08,        +3.418221273722e-08,        +0.000000000000e+00,        +0.000000000000e+00,        +8.889216816442e-11,        +2.600606392855e-03,        +5.194348203366e-10,        +1.519605604031e-02
 2.43034000e+00,        +3.374919923937e-08,        +3.374954372514e-08,        +0.000000000000e+00,        +0.000000000000e+00,        +8.777393592664e-11,        +2.600770919159e-03,        +5.129498411917e-10,        +1.519871928845e-02
 2.43036000e+00,        +3.332399355830e-08,        +3.332379981834e-08,        +0.000000000000e+00,        +0.000000000000e+00,        +8.667349366791e-11,        +2.600933574071e-03,        +5.065678127059e-10,        +1.520138205929e-02
 2.43038000e+00,        +3.290559527796e-08,        +3.290486987192e-08,        +0.000000000000e+00,        +0.000000000000e+00,        +8.559055806476e-11,        +2.601094353156e-03,        +5.002871010520e-10,        +1.520404435572e-02
 2.43040000e+00,        +3.249389413907e-08,        +3.249264356445e-08,        +0.000000000000e+00,        +0.000000000000e+00,        +8.452484779863e-11,        +2.601253251977e-03,        +4.941060837173e-10,        +1.520670618065e-02
 2.43042000e+00,        +3.208878078118e-08,        +3.208701147204e-08,        +0.000000000000e+00,        +0.000000000000e+00,        +8.347608374994e-11,        +2.601410266073e-03,        +4.880231506423e-10,        +1.520936753700e-02
 2.43044000e+00,        +3.169014681007e-08,        +3.168786513577e-08,        +0.000000000000e+00,        +0.000000000000e+00,        +8.244398917535e-11,        +2.601565390955e-03,        +4.820367052596e-10,        +1.521202842773e-02
 2.43046000e+00,        +3.129788485786e-08,        +3.129509712208e-08,        +0.000000000000e+00,        +0.000000000000e+00,        +8.142828986805e-11,        +2.601718622132e-03,        +4.761451654247e-10,        +1.521468885581e-02
 2.43048000e+00,        +3.091188863769e-08,        +3.090860107748e-08,        +0.000000000000e+00,        +0.000000000000e+00,        +8.042871430193e-11,        +2.601869955104e-03,        +4.703469642640e-10,        +1.521734882420e-02
 2.43050000e+00,        +3.053205299255e-08,        +3.052827177759e-08,        +0.000000000000e+00,        +0.000000000000e+00,        +7.944499376020e-11,        +2.602019385319e-03,        +4.646405509365e-10,        +1.522000833593e-02
 2.43052000e+00,        +3.015827393880e-08,        +3.015400517068e-08,        +0.000000000000e+00,        +0.000000000000e+00,        +7.847686245314e-11,        +2.602166908239e-03,        +4.590243913111e-10,        +1.522266739403e-02
 2.43054000e+00,        +2.979044870452e-08,        +2.978569841624e-08,        +0.000000000000e+00,        +0.000000000000e+00,        +7.752405761924e-11,        +2.602312519297e-03,        +4.534969685707e-10,        +1.522532600153e-02
 2.43056000e+00,        +2.942847576348e-08,        +2.942324991899e-08,        +0.000000000000e+00,        +0.000000000000e+00,        +7.658631961629e-11,        +2.602456213900e-03,        +4.480567837469e-10,        +1.522798416153e-02
 2.43058000e+00,        +2.907225486477e-08,        +2.906655935858e-08,        +0.000000000000e+00,        +0.000000000000e+00,        +7.566339200168e-11,        +2.602597987450e-03,        +4.427023561898e-10,        +1.523064187709e-02
 2.43060000e+00,        +2.872168705811e-08,        +2.871552771509e-08,        +0.000000000000e+00,        +0.000000000000e+00,        +7.475502160035e-11,        +2.602737835320e-03,        +4.374322239730e-10,        +1.523329915135e-02
 2.43062000e+00,        +2.837667471597e-08,        +2.837005729114e-08,        +0.000000000000e+00,        +0.000000000000e+00,        +7.386095856544e-11,        +2.602875752876e-03,        +4.322449442486e-10,        +1.523595598743e-02
 2.43064000e+00,        +2.803712155135e-08,        +2.803005172979e-08,        +0.000000000000e+00,        +0.000000000000e+00,        +7.298095642661e-11,        +2.603011735458e-03,        +4.271390935392e-10,        +1.523861238848e-02
 2.43066000e+00,        +2.770293263314e-08,        +2.769541602998e-08,        +0.000000000000e+00,        +0.000000000000e+00,        +7.211477213258e-11,        +2.603145778375e-03,        +4.221132679907e-10,        +1.524126835768e-02
 2.43068000e+00,        +2.737401439812e-08,        +2.736605655857e-08,        +0.000000000000e+00,        +0.000000000000e+00,        +7.126216608564e-11,        +2.603277876939e-03,        +4.171660835738e-10,        +1.524392389824e-02
 2.43070000e+00,        +2.705027465997e-08,        +2.704188105943e-08,        +0.000000000000e+00,        +0.000000000000e+00,        +7.042290216700e-11,        +2.603408026434e-03,        +4.122961762428e-10,        +1.524657901337e-02
 2.43072000e+00,        +2.673162261609e-08,        +2.672279866034e-08,        +0.000000000000e+00,        +0.000000000000e+00,        +6.959674775704e-11,        +2.603536222121e-03,        +4.075022020584e-10,        +1.524923370632e-02
 2.43074000e+00,        +2.641796885188e-08,        +2.640871987731e-08,        +0.000000000000e+00,        +0.000000000000e+00,        +6.878347374921e-11,        +2.603662459247e-03,        +4.027828372728e-10,        +1.525188798034e-02
 2.43076000e+00,        +2.610922534254e-08,        +2.609955661639e-08,        +0.000000000000e+00,        +0.000000000000e+00,        +6.798285455682e-11,        +2.603786733039e-03,        +3.981367783768e-10,        +1.525454183872e-02
 2.43078000e+00,        +2.580530545338e-08,        +2.579522217409e-08,        +0.000000000000e+00,        +0.000000000000e+00,        +6.719466811672e-11,        +2.603909038709e-03,        +3.935627421241e-10,        +1.525719528477e-02
 2.43080000e+00,        +2.550612393760e-08,        +2.549563123516e-08,        +0.000000000000e+00,        +0.000000000000e+00,        +6.641869588472e-11,        +2.604029371425e-03,        +3.890594655181e-10,        +1.525984832184e-02
 2.43082000e+00,        +2.521159693313e-08,        +2.520069986951e-08,        +0.000000000000e+00,        +0.000000000000e+00,        +6.565472283154e-11,        +2.604147726369e-03,        +3.846257057810e-10,        +1.526250095325e-02
 2.43084000e+00,        +2.492164195714e-08,        +2.491034552671e-08,        +0.000000000000e+00,        +0.000000000000e+00,        +6.490253742924e-11,        +2.604264098684e-03,        +3.802602402917e-10,        +1.526515318240e-02
 2.43086000e+00,        +2.463617789948e-08,        +2.462448702950e-08,        +0.000000000000e+00,        +0.000000000000e+00,        +6.416193163693e-11,        +2.604378483494e-03,        +3.759618665036e-10,        +1.526780501268e-02
 2.43088000e+00,        +2.435512501493e-08,        +2.434304456605e-08,        +0.000000000000e+00,        +0.000000000000e+00,        +6.343270088309e-11,        +2.604490875912e-03,        +3.717294018456e-10,        +1.527045644751e-02
 2.43090000e+00,        +2.407840491395e-08,        +2.406593968073e-08,        +0.000000000000e+00,        +0.000000000000e+00,        +6.271464404290e-11,        +2.604601271015e-03,        +3.675616835999e-10,        +1.527310749034e-02
 2.43092000e+00,        +2.380594055233e-08,        +2.379309526384e-08,        +0.000000000000e+00,        +0.000000000000e+00,        +6.200756341426e-11,        +2.604709663873e-03,        +3.634575687628e-10,        +1.527575814464e-02
 2.43094000e+00,        +2.353765622034e-08,        +2.352443554070e-08,        +0.000000000000e+00,        +0.000000000000e+00,        +6.131126469100e-11,        +2.604816049527e-03,        +3.594159338972e-10,        +1.527840841390e-02
 2.43096000e+00,        +2.327347753022e-08,        +2.325988605922e-08,        +0.000000000000e+00,        +0.000000000000e+00,        +6.062555693293e-11,        +2.604920423010e-03,        +3.554356749601e-10,        +1.528105830163e-02
 2.43098000e+00,        +2.301333140354e-08,        +2.299937367728e-08,        +0.000000000000e+00,        +0.000000000000e+00,        +5.995025253417e-11,        +2.605022779316e-03,        +3.515157071281e-10,        +1.528370781137e-02
 2.43100000e+00,        +2.275714605746e-08,        +2.274282654896e-08,        +0.000000000000e+00,        +0.000000000000e+00,        +5.928516719003e-11,        +2.605123113432e-03,        +3.476549646041e-10,        +1.528635694669e-02
 2.43102000e+00,        +2.250485099053e-08,        +2.249017411040e-08,        +0.000000000000e+00,        +0.000000000000e+00,        +5.863011986160e-11,        +2.605221420319e-03,        +3.438524004192e-10,        +1.528900571117e-02
 2.43104000e+00,        +2.225637696780e-08,        +2.224134706492e-08,        +0.000000000000e+00,        +0.000000000000e+00,        +5.798493273897e-11,        +2.605317694917e-03,        +3.401069862222e-10,        +1.529165410842e-02
 2.43106000e+00,        +2.201165600539e-08,        +2.199627736755e-08,        +0.000000000000e+00,        +0.000000000000e+00,        +5.734943120263e-11,        +2.605411932142e-03,        +3.364177120605e-10,        +1.529430214209e-02
 2.43108000e+00,        +2.177062135481e-08,        +2.175489820945e-08,        +0.000000000000e+00,        +0.000000000000e+00,        +5.672344378472e-11,        +2.605504126880e-03,        +3.327835861584e-10,        +1.529694981582e-02
 2.43110000e+00,        +2.153320748685e-08,        +2.151714400170e-08,        +0.000000000000e+00,        +0.000000000000e+00,        +5.610680212915e-11,        +2.605594274026e-03,        +3.292036346854e-10,        +1.529959713331e-02
 2.43112000e+00,        +2.129935007488e-08,        +2.128295035871e-08,        +0.000000000000e+00,        +0.000000000000e+00,        +5.549934094912e-11,        +2.605682368430e-03,        +3.256769015198e-10,        +1.530224409825e-02
 2.43114000e+00,        +2.106898597815e-08,        +2.105225408146e-08,        +0.000000000000e+00,        +0.000000000000e+00,        +5.490089798524e-11,        +2.605768404905e-03,        +3.222024480083e-10,        +1.530489071439e-02
 2.43116000e+00,        +2.084205322488e-08,        +2.082499314062e-08,        +0.000000000000e+00,        +0.000000000000e+00,        +5.431131396436e-11,        +2.605852378283e-03,        +3.187793527224e-10,        +1.530753698548e-02
 2.43118000e+00,        +2.061849099486e-08,        +2.060110665915e-08,        +0.000000000000e+00,        +0.000000000000e+00,        +5.373043255396e-11,        +2.605934283326e-03,        +3.154067112095e-10,        +1.531018291531e-02
 2.43120000e+00,        +2.039823960231e-08,        +2.038053489516e-08,        +0.000000000000e+00,        +0.000000000000e+00,        +5.315810032090e-11,        +2.606014114810e-03,        +3.120836357446e-10,        +1.531282850769e-02
 2.43122000e+00,        +2.018124047830e-08,        +2.016321922432e-08,        +0.000000000000e+00,        +0.000000000000e+00,        +5.259416668632e-11,        +2.606091867489e-03,        +3.088092550771e-10,        +1.531547376644e-02
 2.43124000e+00,        +1.996743615305e-08,        +1.994910212220e-08,        +0.000000000000e+00,        +0.000000000000e+00,        +5.203848388038e-11,        +2.606167536058e-03,        +3.055827141755e-10,        +1.531811869545e-02
 2.43126000e+00,        +1.975677023871e-08,        +1.973812714701e-08,        +0.000000000000e+00,        +0.000000000000e+00,        +5.149090690008e-11,        +2.606241115220e-03,        +3.024031739766e-10,        +1.532076329858e-02
 2.43128000e+00,        +1.954918741143e-08,        +1.953023892168e-08,        +0.000000000000e+00,        +0.000000000000e+00,        +5.095129346356e-11,        +2.606312599662e-03,        +2.992698111266e-10,        +1.532340757974e-02
 2.43130000e+00,        +1.934463339384e-08,        +1.932538311635e-08,        +0.000000000000e+00,        +0.000000000000e+00,        +5.041950396504e-11,        +2.606381984013e-03,        +2.961818177271e-10,        +1.532605154288e-02
 2.43132000e+00,        +1.914305493755e-08,        +1.912350643085e-08,        +0.000000000000e+00,        +0.000000000000e+00,        +4.989540143173e-11,        +2.606449262905e-03,        +2.931384010802e-10,        +1.532869519197e-02
 2.43134000e+00,        +1.894439980559e-08,        +1.892455657715e-08,        +0.000000000000e+00,        +0.000000000000e+00,        +4.937885147893e-11,        +2.606514430948e-03,        +2.901387834332e-10,        +1.533133853099e-02
 2.43136000e+00,        +1.874861675488e-08,        +1.872848226185e-08,        +0.000000000000e+00,        +0.000000000000e+00,        +4.886972226513e-11,        +2.606577482704e-03,        +2.871822017242e-10,        +1.533398156397e-02
 2.43138000e+00,        +1.855565551908e-08,        +1.853523316895e-08,        +0.000000000000e+00,        +0.000000000000e+00,        +4.836788444961e-11,        +2.606638412741e-03,        +2.842679073313e-10,        +1.533662429494e-02
 2.43140000e+00,        +1.836546679113e-08,        +1.834475994250e-08,        +0.000000000000e+00,        +0.000000000000e+00,        +4.787321114736e-11,        +2.606697215585e-03,        +2.813951658186e-10,        +1.533926672797e-02
 2.43142000e+00,        +1.817800220628e-08,        +1.815701416950e-08,        +0.000000000000e+00,        +0.000000000000e+00,        +4.738557788611e-11,        +2.606753885735e-03,        +2.785632566885e-10,        +1.534190886717e-02
 2.43144000e+00,        +1.799321432512e-08,        +1.797194836303e-08,        +0.000000000000e+00,        +0.000000000000e+00,        +4.690486256397e-11,        +2.606808417688e-03,        +2.757714731337e-10,        +1.534455071666e-02
 2.43146000e+00,        +1.781105661664e-08,        +1.778951594525e-08,        +0.000000000000e+00,        +0.000000000000e+00,        +4.643094540530e-11,        +2.606860805884e-03,        +2.730191217904e-10,        +1.534719228060e-02
 2.43148000e+00,        +1.763148344166e-08,        +1.760967123082e-08,        +0.000000000000e+00,        +0.000000000000e+00,        +4.596370891968e-11,        +2.606911044766e-03,        +2.703055224949e-10,        +1.534983356315e-02
 2.43150000e+00,        +1.745445003641e-08,        +1.743236941051e-08,        +0.000000000000e+00,        +0.000000000000e+00,        +4.550303785950e-11,        +2.606959128737e-03,        +2.676300080444e-10,        +1.535247456855e-02
 2.43152000e+00,        +1.727991249603e-08,        +1.725756653467e-08,        +0.000000000000e+00,        +0.000000000000e+00,        +4.504881917839e-11,        +2.607005052180e-03,        +2.649919239547e-10,        +1.535511530101e-02
 2.43154000e+00,        +1.710782775869e-08,        +1.708521949733e-08,        +0.000000000000e+00,        +0.000000000000e+00,        +4.460094199054e-11,        +2.607048809449e-03,        +2.623906282281e-10,        +1.535775576481e-02
 2.43156000e+00,        +1.693815358945e-08,        +1.691528602011e-08,        +0.000000000000e+00,        +0.000000000000e+00,        +4.415929753002e-11,        +2.607090394877e-03,        +2.598254911173e-10,        +1.536039596424e-02
 2.43158000e+00,        +1.677084856479e-08,        +1.674772463666e-08,        +0.000000000000e+00,        +0.000000000000e+00,        +4.372377911110e-11,        +2.607129802776e-03,        +2.572958948968e-10,        +1.536303590361e-02
 2.43160000e+00,        +1.660587205687e-08,        +1.658249467700e-08,        +0.000000000000e+00,        +0.000000000000e+00,        +4.329428208821e-11,        +2.607167027419e-03,        +2.548012336347e-10,        +1.536567558728e-02
 2.43162000e+00,        +1.644318421844e-08,        +1.641955625234e-08,        +0.000000000000e+00,        +0.000000000000e+00,        +4.287070381760e-11,        +2.607202063061e-03,        +2.523409129685e-10,        +1.536831501963e-02
 2.43164000e+00,        +1.628274596762e-08,        +1.625887023991e-08,        +0.000000000000e+00,        +0.000000000000e+00,        +4.245294361850e-11,        +2.607234903924e-03,        +2.499143498840e-10,        +1.537095420508e-02
 2.43166000e+00,        +1.612451897318e-08,        +1.610039826823e-08,        +0.000000000000e+00,        +0.000000000000e+00,        +4.204090273601e-11,        +2.607265544227e-03,        +2.475209724971e-10,        +1.537359314804e-02
 2.43168000e+00,        +1.596846563975e-08,        +1.594410270226e-08,        +0.000000000000e+00,        +0.000000000000e+00,        +4.163448430237e-11,        +2.607293978123e-03,        +2.451602198380e-10,        +1.537623185299e-02
 2.43170000e+00,        +1.581454909365e-08,        +1.578994662931e-08,        +0.000000000000e+00,        +0.000000000000e+00,        +4.123359330216e-11,        +2.607320199772e-03,        +2.428315416420e-10,        +1.537887032444e-02
 2.43172000e+00,        +1.566273316850e-08,        +1.563789384455e-08,        +0.000000000000e+00,        +0.000000000000e+00,        +4.083813653472e-11,        +2.607344203300e-03,        +2.405343981380e-10,        +1.538150856689e-02
 2.43174000e+00,        +1.551298239138e-08,        +1.548790883723e-08,        +0.000000000000e+00,        +0.000000000000e+00,        +4.044802257886e-11,        +2.607365982786e-03,        +2.382682598458e-10,        +1.538414658492e-02
 2.43176000e+00,        +1.536526196917e-08,        +1.533995677695e-08,        +0.000000000000e+00,        +0.000000000000e+00,        +4.006316175854e-11,        +2.607385532309e-03,        +2.360326073732e-10,        +1.538678438311e-02
 2.43178000e+00,        +1.521953777487e-08,        +1.519400350008e-08,        +0.000000000000e+00,        +0.000000000000e+00,        +3.968346610758e-11,        +2.607402845907e-03,        +2.338269312166e-10,        +1.538942196607e-02
 2.43180000e+00,        +1.507577633459e-08,        +1.505001549660e-08,        +0.000000000000e+00,        +0.000000000000e+00,        +3.930884933639e-11,        +2.607417917590e-03,        +2.316507315683e-10,        +1.539205933845e-02
 2.43182000e+00,        +1.493394481436e-08,        +1.490795989702e-08,        +0.000000000000e+00,        +0.000000000000e+00,        +3.893922679860e-11,        +2.607430741350e-03,        +2.295035181222e-10,        +1.539469650492e-02
 2.43184000e+00,        +1.479401100737e-08,        +1.476780445953e-08,        +0.000000000000e+00,        +0.000000000000e+00,        +3.857451545786e-11,        +2.607441311125e-03,        +2.273848098862e-10,        +1.539733347021e-02
 2.43186000e+00,        +1.465594332142e-08,        +1.462951755750e-08,        +0.000000000000e+00,        +0.000000000000e+00,        +3.821463385671e-11,        +2.607449620855e-03,        +2.252941349972e-10,        +1.539997023905e-02
 2.43188000e+00,        +1.451971076659e-08,        +1.449306816712e-08,        +0.000000000000e+00,        +0.000000000000e+00,        +3.785950208432e-11,        +2.607455664437e-03,        +2.232310305386e-10,        +1.540260681621e-02
 2.43190000e+00,        +1.438528294307e-08,        +1.435842585522e-08,        +0.000000000000e+00,        +0.000000000000e+00,        +3.750904174579e-11,        +2.607459435746e-03,        +2.211950423620e-10,        +1.540524320649e-02
 2.43192000e+00,        +1.425263002929e-08,        +1.422556076739e-08,        +0.000000000000e+00,        +0.000000000000e+00,        +3.716317593145e-11,        +2.607460928620e-03,        +2.191857249108e-10,        +1.540787941473e-02
 2.43194000e+00,        +1.412172277027e-08,        +1.409444361632e-08,        +0.000000000000e+00,        +0.000000000000e+00,        +3.682182918741e-11,        +2.607460136871e-03,        +2.172026410493e-10,        +1.541051544580e-02
 2.43196000e+00,        +1.399253246612e-08,        +1.396504567033e-08,        +0.000000000000e+00,        +0.000000000000e+00,        +3.648492748602e-11,        +2.607457054280e-03,        +2.152453618924e-10,        +1.541315130459e-02
 2.43198000e+00,        +1.386503096087e-08,        +1.383733874213e-08,        +0.000000000000e+00,        +0.000000000000e+00,        +3.615239819748e-11,        +2.607451674613e-03,        +2.133134666407e-10,        +1.541578699604e-02
 2.43200000e+00,        +1.373919063137e-08,        +1.371129517775e-08,        +0.000000000000e+00,        +0.000000000000e+00,        +3.582417006090e-11,        +2.607443991578e-03,        +2.114065424171e-10,        +1.541842252512e-02
 2.43202000e+00,        +1.361498437653e-08,        +1.358688784577e-08,        +0.000000000000e+00,        +0.000000000000e+00,        +3.550017315772e-11,        +2.607433998890e-03,        +2.095241841070e-10,        +1.542105789680e-02
 2.43204000e+00,        +1.349238560670e-08,        +1.346409012669e-08,        +0.000000000000e+00,        +0.000000000000e+00,        +3.518033888340e-11,        +2.607421690196e-03,        +2.076659942021e-10,        +1.542369311614e-02
 2.43206000e+00,        +1.337136823327e-08,        +1.334287590253e-08,        +0.000000000000e+00,        +0.000000000000e+00,        +3.486459992171e-11,        +2.607407059134e-03,        +2.058315826467e-10,        +1.542632818819e-02
 2.43208000e+00,        +1.325190665850e-08,        +1.322321954662e-08,        +0.000000000000e+00,        +0.000000000000e+00,        +3.455289021820e-11,        +2.607390099299e-03,        +2.040205666869e-10,        +1.542896311807e-02
 2.43210000e+00,        +1.313397576561e-08,        +1.310509591374e-08,        +0.000000000000e+00,        +0.000000000000e+00,        +3.424514495552e-11,        +2.607370804291e-03,        +2.022325707241e-10,        +1.543159791087e-02
 2.43212000e+00,        +1.301755090879e-08,        +1.298848033005e-08,        +0.000000000000e+00,        +0.000000000000e+00,        +3.394130052665e-11,        +2.607349167633e-03,        +2.004672261680e-10,        +1.543423257178e-02
 2.43214000e+00,        +1.290260790379e-08,        +1.287334858377e-08,        +0.000000000000e+00,        +0.000000000000e+00,        +3.364129451191e-11,        +2.607325182843e-03,        +1.987241712966e-10,        +1.543686710598e-02
 2.43216000e+00,        +1.278912301849e-08,        +1.275967691560e-08,        +0.000000000000e+00,        +0.000000000000e+00,        +3.334506565411e-11,        +2.607298843392e-03,        +1.970030511170e-10,        +1.543950151873e-02
 2.43218000e+00,        +1.267707296359e-08,        +1.264744200958e-08,        +0.000000000000e+00,        +0.000000000000e+00,        +3.305255383525e-11,        +2.607270142735e-03,        +1.953035172279e-10,        +1.544213581528e-02
 2.43220000e+00,        +1.256643488377e-08,        +1.253662098409e-08,        +0.000000000000e+00,        +0.000000000000e+00,        +3.276370005343e-11,        +2.607239074286e-03,        +1.936252276883e-10,        +1.544477000094e-02
 2.43222000e+00,        +1.245718634864e-08,        +1.242719138288e-08,        +0.000000000000e+00,        +0.000000000000e+00,        +3.247844639992e-11,        +2.607205631428e-03,        +1.919678468839e-10,        +1.544740408105e-02
 2.43224000e+00,        +1.234930534430e-08,        +1.231913116660e-08,        +0.000000000000e+00,        +0.000000000000e+00,        +3.219673603756e-11,        +2.607169807524e-03,        +1.903310454020e-10,        +1.545003806096e-02
 2.43226000e+00,        +1.224277026465e-08,        +1.221241870408e-08,        +0.000000000000e+00,        +0.000000000000e+00,        +3.191851317801e-11,        +2.607131595875e-03,        +1.887144999027e-10,        +1.545267194611e-02
 2.43228000e+00,        +1.213755990330e-08,        +1.210703276428e-08,        +0.000000000000e+00,        +0.000000000000e+00,        +3.164372306183e-11,        +2.607090989781e-03,        +1.871178929994e-10,        +1.545530574193e-02
 2.43230000e+00,        +1.203365344525e-08,        +1.200295250791e-08,        +0.000000000000e+00,        +0.000000000000e+00,        +3.137231193637e-11,        +2.607047982486e-03,        +1.855409131353e-10,        +1.545793945390e-02
 2.43232000e+00,        +1.193103045905e-08,        +1.190015747966e-08,        +0.000000000000e+00,        +0.000000000000e+00,        +3.110422703640e-11,        +2.607002567226e-03,        +1.839832544674e-10,        +1.546057308752e-02
 2.43234000e+00,        +1.182967088895e-08,        +1.179862760025e-08,        +0.000000000000e+00,        +0.000000000000e+00,        +3.083941656321e-11,        +2.606954737178e-03,        +1.824446167498e-10,        +1.546320664837e-02
 2.43236000e+00,        +1.172955504729e-08,        +1.169834315887e-08,        +0.000000000000e+00,        +0.000000000000e+00,        +3.057782966558e-11,        +2.606904485489e-03,        +1.809247052217e-10,        +1.546584014204e-02
 2.43238000e+00,        +1.163066360703e-08,        +1.159928480569e-08,        +0.000000000000e+00,        +0.000000000000e+00,        +3.031941642069e-11,        +2.606851805288e-03,        +1.794232304958e-10,        +1.546847357414e-02
 2.43240000e+00,        +1.153297759442e-08,        +1.150143354457e-08,        +0.000000000000e+00,        +0.000000000000e+00,        +3.006412781506e-11,        +2.606796689660e-03,        +1.779399084501e-10,        +1.547110695033e-02
 2.43242000e+00,        +1.143647838180e-08,        +1.140477072574e-08,        +0.000000000000e+00,        +0.000000000000e+00,        +2.981191572603e-11,        +2.606739131644e-03,        +1.764744601212e-10,        +1.547374027634e-02
 2.43244000e+00,        +1.134114768067e-08,        +1.130927803899e-08,        +0.000000000000e+00,        +0.000000000000e+00,        +2.956273290461e-11,        +2.606679124282e-03,        +1.750266116013e-10,        +1.547637355787e-02
 2.43246000e+00,        +1.124696753477e-08,        +1.121493750668e-08,        +0.000000000000e+00,        +0.000000000000e+00,        +2.931653295658e-11,        +2.606616660531e-03,        +1.735960939355e-10,        +1.547900680072e-02
 2.43248000e+00,        +1.115392031336e-08,        +1.112173147700e-08,        +0.000000000000e+00,        +0.000000000000e+00,        +2.907327032650e-11,        +2.606551733356e-03,        +1.721826430225e-10,        +1.548164001070e-02
 2.43250000e+00,        +1.106198870466e-08,        +1.102964261745e-08,        +0.000000000000e+00,        +0.000000000000e+00,        +2.883290027974e-11,        +2.606484335643e-03,        +1.707859995172e-10,        +1.548427319367e-02
 2.43252000e+00,        +1.097115570942e-08,        +1.093865390839e-08,        +0.000000000000e+00,        +0.000000000000e+00,        +2.859537888716e-11,        +2.606414460294e-03,        +1.694059087347e-10,        +1.548690635552e-02
 2.43254000e+00,        +1.088140463459e-08,        +1.084874863667e-08,        +0.000000000000e+00,        +0.000000000000e+00,        +2.836066300769e-11,        +2.606342100131e-03,        +1.680421205569e-10,        +1.548953950217e-02
 2.43256000e+00,        +1.079271908717e-08,        +1.075991038953e-08,        +0.000000000000e+00,        +0.000000000000e+00,        +2.812871027325e-11,        +2.606267247953e-03,        +1.666943893415e-10,        +1.549217263962e-02
 2.43258000e+00,        +1.070508296819e-08,        +1.067212304853e-08,        +0.000000000000e+00,        +0.000000000000e+00,        +2.789947907346e-11,        +2.606189896552e-03,        +1.653624738315e-10,        +1.549480577384e-02
 2.43260000e+00,        +1.061848046677e-08,        +1.058537078362e-08,        +0.000000000000e+00,        +0.000000000000e+00,        +2.767292853952e-11,        +2.606110038636e-03,        +1.640461370684e-10,        +1.549743891090e-02
 2.43262000e+00,        +1.053289605433e-08,        +1.049963804736e-08,        +0.000000000000e+00,        +0.000000000000e+00,        +2.744901853013e-11,        +2.606027666896e-03,        +1.627451463055e-10,        +1.550007205691e-02
 2.43264000e+00,        +1.044831447899e-08,        +1.041490956929e-08,        +0.000000000000e+00,        +0.000000000000e+00,        +2.722770961706e-11,        +2.605942774005e-03,        +1.614592729244e-10,        +1.550270521796e-02
 2.43266000e+00,        +1.036472075997e-08,        +1.033117035035e-08,        +0.000000000000e+00,        +0.000000000000e+00,        +2.700896307014e-11,        +2.605855352557e-03,        +1.601882923530e-10,        +1.550533840026e-02
 2.43268000e+00,        +1.028210018221e-08,        +1.024840565746e-08,        +0.000000000000e+00,        +0.000000000000e+00,        +2.679274084438e-11,        +2.605765395162e-03,        +1.589319839835e-10,        +1.550797160999e-02
 2.43270000e+00,        +1.020043829103e-08,        +1.016660101822e-08,        +0.000000000000e+00,        +0.000000000000e+00,        +2.657900556533e-11,        +2.605672894341e-03,        +1.576901310960e-10,        +1.551060485342e-02
 2.43272000e+00,        +1.011972088696e-08,        +1.008574221570e-08,        +0.000000000000e+00,        +0.000000000000e+00,        +2.636772051636e-11,        +2.605577842600e-03,        +1.564625207791e-10,        +1.551323813685e-02
 2.43274000e+00,        +1.003993402065e-08,        +1.000581528336e-08,        +0.000000000000e+00,        +0.000000000000e+00,        +2.615884962541e-11,        +2.605480232401e-03,        +1.552489438553e-10,        +1.551587146661e-02
 2.43276000e+00,        +9.961063987931e-09,        +9.926806500115e-09,        +0.000000000000e+00,        +0.000000000000e+00,        +2.595235745262e-11,        +2.605380056193e-03,        +1.540491948077e-10,        +1.551850484906e-02
 2.43278000e+00,        +9.883097324903e-09,        +9.848702385382e-09,        +0.000000000000e+00,        +0.000000000000e+00,        +2.574820917686e-11,        +2.605277306334e-03,        +1.528630717070e-10,        +1.552113829065e-02
 2.43280000e+00,        +9.806020803190e-09,        +9.771489694377e-09,        +0.000000000000e+00,        +0.000000000000e+00,        +2.554637058462e-11,        +2.605171975192e-03,        +1.516903761404e-10,        +1.552377179783e-02
 2.43282000e+00,        +9.729821425259e-09,        +9.695155413405e-09,        +0.000000000000e+00,        +0.000000000000e+00,        +2.534680805706e-11,        +2.605064055056e-03,        +1.505309131427e-10,        +1.552640537712e-02
 2.43284000e+00,        +9.654486419925e-09,        +9.619686755363e-09,        +0.000000000000e+00,        +0.000000000000e+00,        +2.514948855922e-11,        +2.604953538214e-03,        +1.493844911289e-10,        +1.552903903504e-02
 2.43286000e+00,        +9.580003237795e-09,        +9.545071155182e-09,        +0.000000000000e+00,        +0.000000000000e+00,        +2.495437962759e-11,        +2.604840416874e-03,        +1.482509218271e-10,        +1.553167277821e-02
 2.43288000e+00,        +9.506359546989e-09,        +9.471296265545e-09,        +0.000000000000e+00,        +0.000000000000e+00,        +2.476144935990e-11,        +2.604724683251e-03,        +1.471300202139e-10,        +1.553430661325e-02
 2.43290000e+00,        +9.433543228773e-09,        +9.398349952514e-09,        +0.000000000000e+00,        +0.000000000000e+00,        +2.457066640285e-11,        +2.604606329455e-03,        +1.460216044508e-10,        +1.553694054686e-02
 2.43292000e+00,        +9.361542373456e-09,        +9.326220291422e-09,        +0.000000000000e+00,        +0.000000000000e+00,        +2.438199994275e-11,        +2.604485347616e-03,        +1.449254958216e-10,        +1.553957458574e-02
 2.43294000e+00,        +9.290345276245e-09,        +9.254895562726e-09,        +0.000000000000e+00,        +0.000000000000e+00,        +2.419541969401e-11,        +2.604361729793e-03,        +1.438415186720e-10,        +1.554220873668e-02
 2.43296000e+00,        +9.219940433252e-09,        +9.184364248012e-09,        +0.000000000000e+00,        +0.000000000000e+00,        +2.401089588894e-11,        +2.604235467980e-03,        +1.427695003499e-10,        +1.554484300650e-02
 2.43298000e+00,        +9.150316537569e-09,        +9.114615026063e-09,        +0.000000000000e+00,        +0.000000000000e+00,        +2.382839926836e-11,        +2.604106554186e-03,        +1.417092711461e-10,        +1.554747740205e-02
 2.43300000e+00,        +9.081462475452e-09,        +9.045636769040e-09,        +0.000000000000e+00,        +0.000000000000e+00,        +2.364790107105e-11,        +2.603974980348e-03,        +1.406606642388e-10,        +1.555011193023e-02
 2.43302000e+00,        +9.013367322503e-09,        +8.977418538661e-09,        +0.000000000000e+00,        +0.000000000000e+00,        +2.346937302400e-11,        +2.603840738345e-03,        +1.396235156360e-10,        +1.555274659800e-02
 2.43304000e+00,        +8.946020340047e-09,        +8.909949582573e-09,        +0.000000000000e+00,        +0.000000000000e+00,        +2.329278733346e-11,        +2.603703820032e-03,        +1.385976641219e-10,        +1.555538141237e-02
 2.43306000e+00,        +8.879410971536e-09,        +8.843219330758e-09,        +0.000000000000e+00,        +0.000000000000e+00,        +2.311811667551e-11,        +2.603564217223e-03,        +1.375829512030e-10,        +1.555801638035e-02
 2.43308000e+00,        +8.813528838951e-09,        +8.777217391922e-09,        +0.000000000000e+00,        +0.000000000000e+00,        +2.294533418660e-11,        +2.603421921670e-03,        +1.365792210551e-10,        +1.556065150907e-02
 2.43310000e+00,        +8.748363739437e-09,        +8.711933550136e-09,        +0.000000000000e+00,        +0.000000000000e+00,        +2.277441345515e-11,        +2.603276925088e-03,        +1.355863204727e-10,        +1.556328680567e-02
 2.43312000e+00,        +8.683905641883e-09,        +8.647357761408e-09,        +0.000000000000e+00,        +0.000000000000e+00,        +2.260532851284e-11,        +2.603129219163e-03,        +1.346040988181e-10,        +1.556592227731e-02
 2.43314000e+00,        +8.620144683650e-09,        +8.583480150405e-09,        +0.000000000000e+00,        +0.000000000000e+00,        +2.243805382595e-11,        +2.602978795531e-03,        +1.336324079731e-10,        +1.556855793123e-02
 2.43316000e+00,        +8.557071167266e-09,        +8.520291007153e-09,        +0.000000000000e+00,        +0.000000000000e+00,        +2.227256428667e-11,        +2.602825645750e-03,        +1.326711022895e-10,        +1.557119377474e-02
 2.43318000e+00,        +8.494675557351e-09,        +8.457780783951e-09,        +0.000000000000e+00,        +0.000000000000e+00,        +2.210883520586e-11,        +2.602669761381e-03,        +1.317200385431e-10,        +1.557382981515e-02
 2.43320000e+00,        +8.432948477445e-09,        +8.395940092201e-09,        +0.000000000000e+00,        +0.000000000000e+00,        +2.194684230427e-11,        +2.602511133913e-03,        +1.307790758866e-10,        +1.557646605984e-02
 2.43322000e+00,        +8.371880707000e-09,        +8.334759699392e-09,        +0.000000000000e+00,        +0.000000000000e+00,        +2.178656170495e-11,        +2.602349754785e-03,        +1.298480758052e-10,        +1.557910251626e-02
 2.43324000e+00,        +8.311463178414e-09,        +8.274230526137e-09,        +0.000000000000e+00,        +0.000000000000e+00,        +2.162796992588e-11,        +2.602185615409e-03,        +1.289269020716e-10,        +1.558173919187e-02
 2.43326000e+00,        +8.251686974114e-09,        +8.214343643249e-09,        +0.000000000000e+00,        +0.000000000000e+00,        +2.147104387203e-11,        +2.602018707130e-03,        +1.280154207034e-10,        +1.558437609421e-02
 2.43328000e+00,        +8.192543323706e-09,        +8.155090268889e-09,        +0.000000000000e+00,        +0.000000000000e+00,        +2.131576082839e-11,        +2.601849021257e-03,        +1.271134999200e-10,        +1.558701323085e-02
 2.43330000e+00,        +8.134023601181e-09,        +8.096461765769e-09,        +0.000000000000e+00,        +0.000000000000e+00,        +2.116209845264e-11,        +2.601676549053e-03,        +1.262210101010e-10,        +1.558965060944e-02
 2.43332000e+00,        +8.076119322208e-09,        +8.038449638443e-09,        +0.000000000000e+00,        +0.000000000000e+00,        +2.101003476809e-11,        +2.601501281725e-03,        +1.253378237465e-10,        +1.559228823766e-02
 2.43334000e+00,        +8.018822141453e-09,        +7.981045530625e-09,        +0.000000000000e+00,        +0.000000000000e+00,        +2.085954815686e-11,        +2.601323210428e-03,        +1.244638154363e-10,        +1.559492612323e-02
 2.43336000e+00,        +7.962123849914e-09,        +7.924241222514e-09,        +0.000000000000e+00,        +0.000000000000e+00,        +2.071061735313e-11,        +2.601142326284e-03,        +1.235988617906e-10,        +1.559756427396e-02
 2.43338000e+00,        +7.906016372450e-09,        +7.868028628331e-09,        +0.000000000000e+00,        +0.000000000000e+00,        +2.056322143668e-11,        +2.600958620367e-03,        +1.227428414330e-10,        +1.560020269766e-02
 2.43340000e+00,        +7.850491765190e-09,        +7.812399793718e-09,        +0.000000000000e+00,        +0.000000000000e+00,        +2.041733982598e-11,        +2.600772083669e-03,        +1.218956349524e-10,        +1.560284140225e-02
 2.43342000e+00,        +7.795542213115e-09,        +7.757346893318e-09,        +0.000000000000e+00,        +0.000000000000e+00,        +2.027295227251e-11,        +2.600582707178e-03,        +1.210571248660e-10,        +1.560548039566e-02
 2.43344000e+00,        +7.741160027654e-09,        +7.702862228371e-09,        +0.000000000000e+00,        +0.000000000000e+00,        +2.013003885406e-11,        +2.600390481808e-03,        +1.202271955842e-10,        +1.560811968587e-02
 2.43346000e+00,        +7.687337644284e-09,        +7.648938224313e-09,        +0.000000000000e+00,        +0.000000000000e+00,        +1.998857996872e-11,        +2.600195398414e-03,        +1.194057333747e-10,        +1.561075928096e-02
 2.43348000e+00,        +7.634067620290e-09,        +7.595567428527e-09,        +0.000000000000e+00,        +0.000000000000e+00,        +1.984855632914e-11,        +2.599997447807e-03,        +1.185926263288e-10,        +1.561339918903e-02
 2.43350000e+00,        +7.581342632455e-09,        +7.542742508038e-09,        +0.000000000000e+00,        +0.000000000000e+00,        +1.970994895667e-11,        +2.599796620759e-03,        +1.177877643271e-10,        +1.561603941824e-02
 2.43352000e+00,        +7.529155474863e-09,        +7.490456247309e-09,        +0.000000000000e+00,        +0.000000000000e+00,        +1.957273917552e-11,        +2.599592907979e-03,        +1.169910390069e-10,        +1.561867997679e-02
 2.43354000e+00,        +7.477499056735e-09,        +7.438701546077e-09,        +0.000000000000e+00,        +0.000000000000e+00,        +1.943690860730e-11,        +2.599386300128e-03,        +1.162023437295e-10,        +1.562132087297e-02
 2.43356000e+00,        +7.426366400296e-09,        +7.387471417216e-09,        +0.000000000000e+00,        +0.000000000000e+00,        +1.930243916541e-11,        +2.599176787808e-03,        +1.154215735490e-10,        +1.562396211510e-02
 2.43358000e+00,        +7.375750638701e-09,        +7.336758984662e-09,        +0.000000000000e+00,        +0.000000000000e+00,        +1.916931304986e-11,        +2.598964361576e-03,        +1.146486251806e-10,        +1.562660371156e-02
 2.43360000e+00,        +7.325645013991e-09,        +7.286557481369e-09,        +0.000000000000e+00,        +0.000000000000e+00,        +1.903751274185e-11,        +2.598749011928e-03,        +1.138833969707e-10,        +1.562924567080e-02
 2.43362000e+00,        +7.276042875116e-09,        +7.236860247324e-09,        +0.000000000000e+00,        +0.000000000000e+00,        +1.890702099883e-11,        +2.598530729319e-03,        +1.131257888672e-10,        +1.563188800130e-02
 2.43364000e+00,        +7.226937675958e-09,        +7.187660727572e-09,        +0.000000000000e+00,        +0.000000000000e+00,        +1.877782084921e-11,        +2.598309504132e-03,        +1.123757023900e-10,        +1.563453071163e-02
 2.43366000e+00,        +7.178322973436e-09,        +7.138952470323e-09,        +0.000000000000e+00,        +0.000000000000e+00,        +1.864989558775e-11,        +2.598085326722e-03,        +1.116330406025e-10,        +1.563717381038e-02
 2.43368000e+00,        +7.130192425611e-09,        +7.090729125045e-09,        +0.000000000000e+00,        +0.000000000000e+00,        +1.852322877020e-11,        +2.597858187343e-03,        +1.108977080838e-10,        +1.563981730625e-02
 2.43370000e+00,        +7.082539789861e-09,        +7.042984440643e-09,        +0.000000000000e+00,        +0.000000000000e+00,        +1.839780420927e-11,        +2.597628076246e-03,        +1.101696109010e-10,        +1.564246120795e-02
 2.43372000e+00,        +7.035358921087e-09,        +6.995712263667e-09,        +0.000000000000e+00,        +0.000000000000e+00,        +1.827360596939e-11,        +2.597394983590e-03,        +1.094486565826e-10,        +1.564510552428e-02
 2.43374000e+00,        +6.988643769932e-09,        +6.948906536519e-09,        +0.000000000000e+00,        +0.000000000000e+00,        +1.815061836253e-11,        +2.597158899502e-03,        +1.087347540918e-10,        +1.564775026407e-02
 2.43376000e+00,        +6.942388381057e-09,        +6.902561295738e-09,        +0.000000000000e+00,        +0.000000000000e+00,        +1.802882594349e-11,        +2.596919814034e-03,        +1.080278138012e-10,        +1.565039543624e-02
 2.43378000e+00,        +6.896586891473e-09,        +6.856670670320e-09,        +0.000000000000e+00,        +0.000000000000e+00,        +1.790821350576e-11,        +2.596677717191e-03,        +1.073277474671e-10,        +1.565304104975e-02
 2.43380000e+00,        +6.851233528821e-09,        +6.811228880004e-09,        +0.000000000000e+00,        +0.000000000000e+00,        +1.778876607697e-11,        +2.596432598910e-03,        +1.066344682047e-10,        +1.565568711364e-02
 2.43382000e+00,        +6.806322609838e-09,        +6.766230233735e-09,        +0.000000000000e+00,        +0.000000000000e+00,        +1.767046891509e-11,        +2.596184449081e-03,        +1.059478904645e-10,        +1.565833363700e-02
 2.43384000e+00,        +6.761848538673e-09,        +6.721669127972e-09,        +0.000000000000e+00,        +0.000000000000e+00,        +1.755330750395e-11,        +2.595933257535e-03,        +1.052679300075e-10,        +1.566098062897e-02
 2.43386000e+00,        +6.717805805383e-09,        +6.677540045191e-09,        +0.000000000000e+00,        +0.000000000000e+00,        +1.743726754942e-11,        +2.595679014039e-03,        +1.045945038825e-10,        +1.566362809877e-02
 2.43388000e+00,        +6.674188984385e-09,        +6.633837552330e-09,        +0.000000000000e+00,        +0.000000000000e+00,        +1.732233497543e-11,        +2.595421708309e-03,        +1.039275304033e-10,        +1.566627605567e-02
 2.43390000e+00,        +6.630992732939e-09,        +6.590556299271e-09,        +0.000000000000e+00,        +0.000000000000e+00,        +1.720849591984e-11,        +2.595161329971e-03,        +1.032669291259e-10,        +1.566892450905e-02
 2.43392000e+00,        +6.588211789721e-09,        +6.547691017412e-09,        +0.000000000000e+00,        +0.000000000000e+00,        +1.709573673125e-11,        +2.594897868633e-03,        +1.026126208269e-10,        +1.567157346827e-02
 2.43394000e+00,        +6.545840973347e-09,        +6.505236518192e-09,        +0.000000000000e+00,        +0.000000000000e+00,        +1.698404396471e-11,        +2.594631313816e-03,        +1.019645274819e-10,        +1.567422294282e-02
 2.43396000e+00,        +6.503875180983e-09,        +6.463187691692e-09,        +0.000000000000e+00,        +0.000000000000e+00,        +1.687340437836e-11,        +2.594361654986e-03,        +1.013225722445e-10,        +1.567687294223e-02
 2.43398000e+00,        +6.462309386942e-09,        +6.421539505240e-09,        +0.000000000000e+00,        +0.000000000000e+00,        +1.676380492987e-11,        +2.594088881561e-03,        +1.006866794251e-10,        +1.567952347609e-02
 2.43400000e+00,        +6.421138641339e-09,        +6.380287002058e-09,        +0.000000000000e+00,        +0.000000000000e+00,        +1.665523277277e-11,        +2.593812982879e-03,        +1.000567744713e-10,        +1.568217455407e-02
 2.43402000e+00,        +6.380358068764e-09,        +6.339425299935e-09,        +0.000000000000e+00,        +0.000000000000e+00,        +1.654767525304e-11,        +2.593533948205e-03,        +9.943278394805e-11,        +1.568482618591e-02
 2.43404000e+00,        +6.339962866972e-09,        +6.298949589917e-09,        +0.000000000000e+00,        +0.000000000000e+00,        +1.644111990604e-11,        +2.593251766772e-03,        +9.881463551732e-11,        +1.568747838139e-02
 2.43406000e+00,        +6.299948305617e-09,        +6.258855135038e-09,        +0.000000000000e+00,        +0.000000000000e+00,        +1.633555445285e-11,        +2.592966427722e-03,        +9.820225792006e-11,        +1.569013115039e-02
 2.43408000e+00,        +6.260309724988e-09,        +6.219137269053e-09,        +0.000000000000e+00,        +0.000000000000e+00,        +1.623096679731e-11,        +2.592677920155e-03,        +9.759558095680e-11,        +1.569278450284e-02
 2.43410000e+00,        +6.221042534776e-09,        +6.179791395210e-09,        +0.000000000000e+00,        +0.000000000000e+00,        +1.612734502254e-11,        +2.592386233077e-03,        +9.699453546953e-11,        +1.569543844873e-02
 2.43412000e+00,        +6.182142212885e-09,        +6.140812985052e-09,        +0.000000000000e+00,        +0.000000000000e+00,        +1.602467738825e-11,        +2.592091355461e-03,        +9.639905332357e-11,        +1.569809299815e-02
 2.43414000e+00,        +6.143604304263e-09,        +6.102197577251e-09,        +0.000000000000e+00,        +0.000000000000e+00,        +1.592295232738e-11,        +2.591793276193e-03,        +9.580906739040e-11,        +1.570074816122e-02
 2.43416000e+00,        +6.105424419708e-09,        +6.063940776413e-09,        +0.000000000000e+00,        +0.000000000000e+00,        +1.582215844331e-11,        +2.591491984119e-03,        +9.522451152954e-11,        +1.570340394813e-02
 2.43418000e+00,        +6.067598234754e-09,        +6.026038251959e-09,        +0.000000000000e+00,        +0.000000000000e+00,        +1.572228450660e-11,        +2.591187467975e-03,        +9.464532057234e-11,        +1.570606036919e-02
 2.43420000e+00,        +6.030121488572e-09,        +5.988485737029e-09,        +0.000000000000e+00,        +0.000000000000e+00,        +1.562331945249e-11,        +2.590879716453e-03,        +9.407143030505e-11,        +1.570871743475e-02
 2.43422000e+00,        +5.992989982850e-09,        +5.951279027360e-09,        +0.000000000000e+00,        +0.000000000000e+00,        +1.552525237799e-11,        +2.590568718189e-03,        +9.350277745226e-11,        +1.571137515522e-02
 2.43424000e+00,        +5.956199580753e-09,        +5.914413980239e-09,        +0.000000000000e+00,        +0.000000000000e+00,        +1.542807253905e-11,        +2.590254461738e-03,        +9.293929966139e-11,        +1.571403354109e-02
 2.43426000e+00,        +5.919746205848e-09,        +5.877886513437e-09,        +0.000000000000e+00,        +0.000000000000e+00,        +1.533176934781e-11,        +2.589936935585e-03,        +9.238093548659e-11,        +1.571669260293e-02
 2.43428000e+00,        +5.883625841089e-09,        +5.841692604184e-09,        +0.000000000000e+00,        +0.000000000000e+00,        +1.523633237004e-11,        +2.589616128142e-03,        +9.182762437360e-11,        +1.571935235138e-02
 2.43430000e+00,        +5.847834527807e-09,        +5.805828288164e-09,        +0.000000000000e+00,        +0.000000000000e+00,        +1.514175132252e-11,        +2.589292027762e-03,        +9.127930664452e-11,        +1.572201279714e-02
 2.43432000e+00,        +5.812368364715e-09,        +5.770289658513e-09,        +0.000000000000e+00,        +0.000000000000e+00,        +1.504801607045e-11,        +2.588964622717e-03,        +9.073592348301e-11,        +1.572467395101e-02
 2.43434000e+00,        +5.777223506937e-09,        +5.735072864852e-09,        +0.000000000000e+00,        +0.000000000000e+00,        +1.495511662493e-11,        +2.588633901211e-03,        +9.019741691980e-11,        +1.572733582385e-02
 2.43436000e+00,        +5.742396165070e-09,        +5.700174112345e-09,        +0.000000000000e+00,        +0.000000000000e+00,        +1.486304314058e-11,        +2.588299851373e-03,        +8.966372981856e-11,        +1.572999842660e-02
 2.43438000e+00,        +5.707882604230e-09,        +5.665589660745e-09,        +0.000000000000e+00,        +0.000000000000e+00,        +1.477178591315e-11,        +2.587962461282e-03,        +8.913480586158e-11,        +1.573266177026e-02
 2.43440000e+00,        +5.673679143150e-09,        +5.631315823492e-09,        +0.000000000000e+00,        +0.000000000000e+00,        +1.468133537695e-11,        +2.587621718912e-03,        +8.861058953657e-11,        +1.573532586592e-02
 2.43442000e+00,        +5.639782153265e-09,        +5.597348966793e-09,        +0.000000000000e+00,        +0.000000000000e+00,        +1.459168210270e-11,        +2.587277612177e-03,        +8.809102612260e-11,        +1.573799072475e-02
 2.43444000e+00,        +5.606188057861e-09,        +5.563685508775e-09,        +0.000000000000e+00,        +0.000000000000e+00,        +1.450281679524e-11,        +2.586930128914e-03,        +8.757606167764e-11,        +1.574065635801e-02
 2.43446000e+00,        +5.572893331162e-09,        +5.530321918568e-09,        +0.000000000000e+00,        +0.000000000000e+00,        +1.441473029125e-11,        +2.586579256891e-03,        +8.706564302473e-11,        +1.574332277700e-02
 2.43448000e+00,        +5.539894497538e-09,        +5.497254715511e-09,        +0.000000000000e+00,        +0.000000000000e+00,        +1.432741355720e-11,        +2.586224983810e-03,        +8.655971774006e-11,        +1.574598999312e-02
 2.43450000e+00,        +5.507188130626e-09,        +5.464480468277e-09,        +0.000000000000e+00,        +0.000000000000e+00,        +1.424085768684e-11,        +2.585867297259e-03,        +8.605823414023e-11,        +1.574865801787e-02
 2.43452000e+00,        +5.474770852532e-09,        +5.431995794069e-09,        +0.000000000000e+00,        +0.000000000000e+00,        +1.415505389960e-11,        +2.585506184802e-03,        +8.556114126967e-11,        +1.575132686279e-02
 2.43454000e+00,        +5.442639333036e-09,        +5.399797357824e-09,        +0.000000000000e+00,        +0.000000000000e+00,        +1.406999353799e-11,        +2.585141633875e-03,        +8.506838888937e-11,        +1.575399653954e-02
 2.43456000e+00,        +5.410790288785e-09,        +5.367881871411e-09,        +0.000000000000e+00,        +0.000000000000e+00,        +1.398566806604e-11,        +2.584773631872e-03,        +8.457992746434e-11,        +1.575666705983e-02
 2.43458000e+00,        +5.379220482539e-09,        +5.336246092868e-09,        +0.000000000000e+00,        +0.000000000000e+00,        +1.390206906692e-11,        +2.584402166084e-03,        +8.409570815255e-11,        +1.575933843549e-02
 2.43460000e+00,        +5.347926722421e-09,        +5.304886825658e-09,        +0.000000000000e+00,        +0.000000000000e+00,        +1.381918824146e-11,        +2.584027223769e-03,        +8.361568279350e-11,        +1.576201067836e-02
 2.43462000e+00,        +5.316905861126e-09,        +5.273800917871e-09,        +0.000000000000e+00,        +0.000000000000e+00,        +1.373701740540e-11,        +2.583648792024e-03,        +8.313980389683e-11,        +1.576468380046e-02
 2.43464000e+00,        +5.286154795263e-09,        +5.242985261573e-09,        +0.000000000000e+00,        +0.000000000000e+00,        +1.365554848856e-11,        +2.583266857943e-03,        +8.266802463183e-11,        +1.576735781382e-02
 2.43466000e+00,        +5.255670464570e-09,        +5.212436792012e-09,        +0.000000000000e+00,        +0.000000000000e+00,        +1.357477353210e-11,        +2.582881408492e-03,        +8.220029881624e-11,        +1.577003273060e-02
 2.43468000e+00,        +5.225449851273e-09,        +5.182152486980e-09,        +0.000000000000e+00,        +0.000000000000e+00,        +1.349468468732e-11,        +2.582492430587e-03,        +8.173658090622e-11,        +1.577270856301e-02
 2.43470000e+00,        +5.195489979342e-09,        +5.152129366068e-09,        +0.000000000000e+00,        +0.000000000000e+00,        +1.341527421342e-11,        +2.582099911031e-03,        +8.127682598560e-11,        +1.577538532337e-02
 2.43472000e+00,        +5.165787913855e-09,        +5.122364490031e-09,        +0.000000000000e+00,        +0.000000000000e+00,        +1.333653447613e-11,        +2.581703836574e-03,        +8.082098975597e-11,        +1.577806302407e-02
 2.43474000e+00,        +5.136340760297e-09,        +5.092854960081e-09,        +0.000000000000e+00,        +0.000000000000e+00,        +1.325845794558e-11,        +2.581304193846e-03,        +8.036902852661e-11,        +1.578074167762e-02
 2.43476000e+00,        +5.107145663949e-09,        +5.063597917281e-09,        +0.000000000000e+00,        +0.000000000000e+00,        +1.318103719512e-11,        +2.580900969432e-03,        +7.992089920485e-11,        +1.578342129656e-02
 2.43478000e+00,        +5.078199809210e-09,        +5.034590541863e-09,        +0.000000000000e+00,        +0.000000000000e+00,        +1.310426489923e-11,        +2.580494149809e-03,        +7.947655928630e-11,        +1.578610189358e-02
 2.43480000e+00,        +5.049500418985e-09,        +5.005830052616e-09,        +0.000000000000e+00,        +0.000000000000e+00,        +1.302813383199e-11,        +2.580083721353e-03,        +7.903596684561e-11,        +1.578878348144e-02
 2.43482000e+00,        +5.021044754074e-09,        +4.977313706274e-09,        +0.000000000000e+00,        +0.000000000000e+00,        +1.295263686573e-11,        +2.579669670385e-03,        +7.859908052712e-11,        +1.579146607296e-02
 2.43484000e+00,        +4.992830112568e-09,        +4.949038796911e-09,        +0.000000000000e+00,        +0.000000000000e+00,        +1.287776696939e-11,        +2.579251983153e-03,        +7.816585953585e-11,        +1.579414968107e-02
 2.43486000e+00,        +4.964853829213e-09,        +4.921002655306e-09,        +0.000000000000e+00,        +0.000000000000e+00,        +1.280351720641e-11,        +2.578830645744e-03,        +7.773626362843e-11,        +1.579683431884e-02
 2.43488000e+00,        +4.937113274887e-09,        +4.893202648418e-09,        +0.000000000000e+00,        +0.000000000000e+00,        +1.272988073414e-11,        +2.578405644223e-03,        +7.731025310456e-11,        +1.579951999935e-02
 2.43490000e+00,        +4.909605855988e-09,        +4.865636178772e-09,        +0.000000000000e+00,        +0.000000000000e+00,        +1.265685080172e-11,        +2.577976964543e-03,        +7.688778879828e-11,        +1.580220673583e-02
 2.43492000e+00,        +4.882329013877e-09,        +4.838300683902e-09,        +0.000000000000e+00,        +0.000000000000e+00,        +1.258442074881e-11,        +2.577544592558e-03,        +7.646883206959e-11,        +1.580489454159e-02
 2.43494000e+00,        +4.855280224343e-09,        +4.811193635820e-09,        +0.000000000000e+00,        +0.000000000000e+00,        +1.251258400432e-11,        +2.577108514064e-03,        +7.605334479617e-11,        +1.580758343001e-02
 2.43496000e+00,        +4.828456997013e-09,        +4.784312540418e-09,        +0.000000000000e+00,        +0.000000000000e+00,        +1.244133408452e-11,        +2.576668714710e-03,        +7.564128936500e-11,        +1.581027341462e-02
 2.43498000e+00,        +4.801856874891e-09,        +4.757654937010e-09,        +0.000000000000e+00,        +0.000000000000e+00,        +1.237066459232e-11,        +2.576225180097e-03,        +7.523262866502e-11,        +1.581296450900e-02
 2.43500000e+00,        +4.775477433759e-09,        +4.731218397735e-09,        +0.000000000000e+00,        +0.000000000000e+00,        +1.230056921536e-11,        +2.575777895714e-03,        +7.482732607830e-11,        +1.581565672684e-02
 2.43502000e+00,        +4.749316281726e-09,        +4.705000527097e-09,        +0.000000000000e+00,        +0.000000000000e+00,        +1.223104172517e-11,        +2.575326846990e-03,        +7.442534547321e-11,        +1.581835008191e-02
 2.43504000e+00,        +4.723371058680e-09,        +4.678998961427e-09,        +0.000000000000e+00,        +0.000000000000e+00,        +1.216207597525e-11,        +2.574872019190e-03,        +7.402665119658e-11,        +1.582104458814e-02
 2.43506000e+00,        +4.697639435799e-09,        +4.653211368385e-09,        +0.000000000000e+00,        +0.000000000000e+00,        +1.209366590029e-11,        +2.574413397530e-03,        +7.363120806586e-11,        +1.582374025950e-02
 2.43508000e+00,        +4.672119115094e-09,        +4.627635446507e-09,        +0.000000000000e+00,        +0.000000000000e+00,        +1.202580551492e-11,        +2.573950967147e-03,        +7.323898136239e-11,        +1.582643711005e-02
 2.43510000e+00,        +4.646807828887e-09,        +4.602268924682e-09,        +0.000000000000e+00,        +0.000000000000e+00,        +1.195848891202e-11,        +2.573484713028e-03,        +7.284993682396e-11,        +1.582913515403e-02
 2.43512000e+00,        +4.621703339372e-09,        +4.577109561710e-09,        +0.000000000000e+00,        +0.000000000000e+00,        +1.189171026196e-11,        +2.573014620099e-03,        +7.246404063770e-11,        +1.583183440569e-02
 2.43514000e+00,        +4.596803438133e-09,        +4.552155145821e-09,        +0.000000000000e+00,        +0.000000000000e+00,        +1.182546381114e-11,        +2.572540673165e-03,        +7.208125943324e-11,        +1.583453487947e-02
 2.43516000e+00,        +4.572105945722e-09,        +4.527403494250e-09,        +0.000000000000e+00,        +0.000000000000e+00,        +1.175974388118e-11,        +2.572062856982e-03,        +7.170156027594e-11,        +1.583723658980e-02
 2.43518000e+00,        +4.547608711154e-09,        +4.502852452742e-09,        +0.000000000000e+00,        +0.000000000000e+00,        +1.169454486698e-11,        +2.571581156112e-03,        +7.132491066013e-11,        +1.583993955136e-02
 2.43520000e+00,        +4.523309611545e-09,        +4.478499895171e-09,        +0.000000000000e+00,        +0.000000000000e+00,        +1.162986123661e-11,        +2.571095555105e-03,        +7.095127850264e-11,        +1.584264377881e-02
 2.43522000e+00,        +4.499206551617e-09,        +4.454343723060e-09,        +0.000000000000e+00,        +0.000000000000e+00,        +1.156568752940e-11,        +2.570606038356e-03,        +7.058063213620e-11,        +1.584534928699e-02
 2.43524000e+00,        +4.475297463316e-09,        +4.430381865194e-09,        +0.000000000000e+00,        +0.000000000000e+00,        +1.150201835533e-11,        +2.570112590195e-03,        +7.021294030324e-11,        +1.584805609080e-02
 2.43526000e+00,        +4.451580305369e-09,        +4.406612277174e-09,        +0.000000000000e+00,        +0.000000000000e+00,        +1.143884839357e-11,        +2.569615194804e-03,        +6.984817214957e-11,        +1.585076420528e-02
 2.43528000e+00,        +4.428053062898e-09,        +4.383032941030e-09,        +0.000000000000e+00,        +0.000000000000e+00,        +1.137617239164e-11,        +2.569113836272e-03,        +6.948629721837e-11,        +1.585347364559e-02
 2.43530000e+00,        +4.404713747008e-09,        +4.359641864816e-09,        +0.000000000000e+00,        +0.000000000000e+00,        +1.131398516454e-11,        +2.568608498616e-03,        +6.912728544401e-11,        +1.585618442696e-02
 2.43532000e+00,        +4.381560394397e-09,        +4.336437082208e-09,        +0.000000000000e+00,        +0.000000000000e+00,        +1.125228159331e-11,        +2.568099165699e-03,        +6.877110714635e-11,        +1.585889656476e-02
 2.43534000e+00,        +4.358591066960e-09,        +4.313416652120e-09,        +0.000000000000e+00,        +0.000000000000e+00,        +1.119105662445e-11,        +2.567585821317e-03,        +6.841773302462e-11,        +1.586161007446e-02
 2.43536000e+00,        +4.335803851418e-09,        +4.290578658322e-09,        +0.000000000000e+00,        +0.000000000000e+00,        +1.113030526852e-11,        +2.567068449112e-03,        +6.806713415211e-11,        +1.586432497166e-02
 2.43538000e+00,        +4.313196858948e-09,        +4.267921209073e-09,        +0.000000000000e+00,        +0.000000000000e+00,        +1.107002259965e-11,        +2.566547032670e-03,        +6.771928197017e-11,        +1.586704127204e-02
 2.43540000e+00,        +4.290768224801e-09,        +4.245442436743e-09,        +0.000000000000e+00,        +0.000000000000e+00,        +1.101020375415e-11,        +2.566021555420e-03,        +6.737414828309e-11,        +1.586975899143e-02
 2.43542000e+00,        +4.268516107951e-09,        +4.223140497456e-09,        +0.000000000000e+00,        +0.000000000000e+00,        +1.095084392982e-11,        +2.565492000703e-03,        +6.703170525228e-11,        +1.587247814575e-02
 2.43544000e+00,        +4.246438690740e-09,        +4.201013570735e-09,        +0.000000000000e+00,        +0.000000000000e+00,        +1.089193838496e-11,        +2.564958351739e-03,        +6.669192539126e-11,        +1.587519875105e-02
 2.43546000e+00,        +4.224534178522e-09,        +4.179059859148e-09,        +0.000000000000e+00,        +0.000000000000e+00,        +1.083348243752e-11,        +2.564420591647e-03,        +6.635478156017e-11,        +1.587792082349e-02
 2.43548000e+00,        +4.202800799331e-09,        +4.157277587976e-09,        +0.000000000000e+00,        +0.000000000000e+00,        +1.077547146408e-11,        +2.563878703411e-03,        +6.602024696091e-11,        +1.588064437936e-02
 2.43550000e+00,        +4.181236803526e-09,        +4.135665004853e-09,        +0.000000000000e+00,        +0.000000000000e+00,        +1.071790089900e-11,        +2.563332669885e-03,        +6.568829513184e-11,        +1.588336943509e-02
 2.43552000e+00,        +4.159840463487e-09,        +4.114220379468e-09,        +0.000000000000e+00,        +0.000000000000e+00,        +1.066076623385e-11,        +2.562782473854e-03,        +6.535889994291e-11,        +1.588609600717e-02
 2.43554000e+00,        +4.138610073269e-09,        +4.092942003213e-09,        +0.000000000000e+00,        +0.000000000000e+00,        +1.060406301627e-11,        +2.562228097970e-03,        +6.503203559074e-11,        +1.588882411226e-02
 2.43556000e+00,        +4.117543948272e-09,        +4.071828188856e-09,        +0.000000000000e+00,        +0.000000000000e+00,        +1.054778684906e-11,        +2.561669524739e-03,        +6.470767659372e-11,        +1.589155376713e-02
 2.43558000e+00,        +4.096640424961e-09,        +4.050877270258e-09,        +0.000000000000e+00,        +0.000000000000e+00,        +1.049193338967e-11,        +2.561106736570e-03,        +6.438579778761e-11,        +1.589428498867e-02
 2.43560000e+00,        +4.075897860527e-09,        +4.030087602036e-09,        +0.000000000000e+00,        +0.000000000000e+00,        +1.043649834926e-11,        +2.560539715760e-03,        +6.406637432049e-11,        +1.589701779389e-02
 2.43562000e+00,        +4.055314632589e-09,        +4.009457559264e-09,        +0.000000000000e+00,        +0.000000000000e+00,        +1.038147749168e-11,        +2.559968444434e-03,        +6.374938164855e-11,        +1.589975219996e-02
 2.43564000e+00,        +4.034889138898e-09,        +3.988985537177e-09,        +0.000000000000e+00,        +0.000000000000e+00,        +1.032686663318e-11,        +2.559392904660e-03,        +6.343479553119e-11,        +1.590248822413e-02
 2.43566000e+00,        +4.014619797053e-09,        +3.968669950881e-09,        +0.000000000000e+00,        +0.000000000000e+00,        +1.027266164124e-11,        +2.558813078335e-03,        +6.312259202709e-11,        +1.590522588382e-02
 2.43568000e+00,        +3.994505044186e-09,        +3.948509235051e-09,        +0.000000000000e+00,        +0.000000000000e+00,        +1.021885843401e-11,        +2.558228947260e-03,        +6.281274748939e-11,        +1.590796519654e-02
 2.43570000e+00,        +3.974543336707e-09,        +3.928501843658e-09,        +0.000000000000e+00,        +0.000000000000e+00,        +1.016545297952e-11,        +2.557640493094e-03,        +6.250523856183e-11,        +1.591070617995e-02
 2.43572000e+00,        +3.954733149997e-09,        +3.908646249678e-09,        +0.000000000000e+00,        +0.000000000000e+00,        +1.011244129483e-11,        +2.557047697350e-03,        +6.220004217428e-11,        +1.591344885186e-02
 2.43574000e+00,        +3.935072978160e-09,        +3.888940944834e-09,        +0.000000000000e+00,        +0.000000000000e+00,        +1.005981944576e-11,        +2.556450541475e-03,        +6.189713553871e-11,        +1.591619323017e-02
 2.43576000e+00,        +3.915561333722e-09,        +3.869384439295e-09,        +0.000000000000e+00,        +0.000000000000e+00,        +1.000758354546e-11,        +2.555849006697e-03,        +6.159649614507e-11,        +1.591893933297e-02
 2.43578000e+00,        +3.896196747400e-09,        +3.849975261447e-09,        +0.000000000000e+00,        +0.000000000000e+00,        +9.955729754461e-12,        +2.555243074187e-03,        +6.129810175748e-11,        +1.592168717844e-02
 2.43580000e+00,        +3.876977767807e-09,        +3.830711957604e-09,        +0.000000000000e+00,        +0.000000000000e+00,        +9.904254279557e-12,        +2.554632724953e-03,        +6.100193040999e-11,        +1.592443678489e-02
 2.43582000e+00,        +3.857902961225e-09,        +3.811593091763e-09,        +0.000000000000e+00,        +0.000000000000e+00,        +9.853153373295e-12,        +2.554017939883e-03,        +6.070796040305e-11,        +1.592718817080e-02
 2.43584000e+00,        +3.838970911318e-09,        +3.792617245338e-09,        +0.000000000000e+00,        +0.000000000000e+00,        +9.802423333126e-12,        +2.553398699695e-03,        +6.041617029943e-11,        +1.592994135480e-02
 2.43586000e+00,        +3.820180218919e-09,        +3.773783016931e-09,        +0.000000000000e+00,        +0.000000000000e+00,        +9.752060501081e-12,        +2.552774985009e-03,        +6.012653892074e-11,        +1.593269635562e-02
 2.43588000e+00,        +3.801529501765e-09,        +3.755089022072e-09,        +0.000000000000e+00,        +0.000000000000e+00,        +9.702061262992e-12,        +2.552146776314e-03,        +5.983904534348e-11,        +1.593545319212e-02
 2.43590000e+00,        +3.783017394247e-09,        +3.736533892970e-09,        +0.000000000000e+00,        +0.000000000000e+00,        +9.652422047590e-12,        +2.551514053905e-03,        +5.955366889562e-11,        +1.593821188339e-02
 2.43592000e+00,        +3.764642547206e-09,        +3.718116278310e-09,        +0.000000000000e+00,        +0.000000000000e+00,        +9.603139326472e-12,        +2.550876798011e-03,        +5.927038915303e-11,        +1.594097244855e-02
 2.43594000e+00,        +3.746403627665e-09,        +3.699834842977e-09,        +0.000000000000e+00,        +0.000000000000e+00,        +9.554209612953e-12,        +2.550234988670e-03,        +5.898918593586e-11,        +1.594373490693e-02
 2.43596000e+00,        +3.728299318617e-09,        +3.681688267853e-09,        +0.000000000000e+00,        +0.000000000000e+00,        +9.505629461681e-12,        +2.549588605779e-03,        +5.871003930522e-11,        +1.594649927802e-02
 2.43598000e+00,        +3.710328318799e-09,        +3.663675249584e-09,        +0.000000000000e+00,        +0.000000000000e+00,        +9.457395468170e-12,        +2.548937629118e-03,        +5.843292955971e-11,        +1.594926558143e-02
 2.43600000e+00,        +3.692489342480e-09,        +3.645794500373e-09,        +0.000000000000e+00,        +0.000000000000e+00,        +9.409504268178e-12,        +2.548282038333e-03,        +5.815783723220e-11,        +1.595203383687e-02
 2.43602000e+00,        +3.674781119207e-09,        +3.628044747719e-09,        +0.000000000000e+00,        +0.000000000000e+00,        +9.361952536778e-12,        +2.547621812860e-03,        +5.788474308639e-11,        +1.595480406430e-02
 2.43604000e+00,        +3.657202393630e-09,        +3.610424734251e-09,        +0.000000000000e+00,        +0.000000000000e+00,        +9.314736988334e-12,        +2.546956932041e-03,        +5.761362811367e-11,        +1.595757628379e-02
 2.43606000e+00,        +3.639751925280e-09,        +3.592933217495e-09,        +0.000000000000e+00,        +0.000000000000e+00,        +9.267854375690e-12,        +2.546287375060e-03,        +5.734447353011e-11,        +1.596035051553e-02
 2.43608000e+00,        +3.622428488341e-09,        +3.575568969656e-09,        +0.000000000000e+00,        +0.000000000000e+00,        +9.221301489574e-12,        +2.545613120936e-03,        +5.707726077293e-11,        +1.596312677991e-02
 2.43610000e+00,        +3.605230871476e-09,        +3.558330777436e-09,        +0.000000000000e+00,        +0.000000000000e+00,        +9.175075158314e-12,        +2.544934148574e-03,        +5.681197149779e-11,        +1.596590509743e-02
 2.43612000e+00,        +3.588157877604e-09,        +3.541217441813e-09,        +0.000000000000e+00,        +0.000000000000e+00,        +9.129172247006e-12,        +2.544250436690e-03,        +5.654858757570e-11,        +1.596868548878e-02
 2.43614000e+00,        +3.571208323705e-09,        +3.524227777850e-09,        +0.000000000000e+00,        +0.000000000000e+00,        +9.083589657084e-12,        +2.543561963828e-03,        +5.628709108996e-11,        +1.597146797483e-02
 2.43616000e+00,        +3.554381040636e-09,        +3.507360614503e-09,        +0.000000000000e+00,        +0.000000000000e+00,        +9.038324326084e-12,        +2.542868708434e-03,        +5.602746433317e-11,        +1.597425257656e-02
 2.43618000e+00,        +3.537674872931e-09,        +3.490614794427e-09,        +0.000000000000e+00,        +0.000000000000e+00,        +8.993373226847e-12,        +2.542170648767e-03,        +5.576968980454e-11,        +1.597703931513e-02
 2.43620000e+00,        +3.521088678611e-09,        +3.473989173784e-09,        +0.000000000000e+00,        +0.000000000000e+00,        +8.948733367089e-12,        +2.541467762925e-03,        +5.551375020694e-11,        +1.597982821187e-02
 2.43622000e+00,        +3.504621329001e-09,        +3.457482622057e-09,        +0.000000000000e+00,        +0.000000000000e+00,        +8.904401788881e-12,        +2.540760028822e-03,        +5.525962844419e-11,        +1.598261928828e-02
 2.43624000e+00,        +3.488271708551e-09,        +3.441094021877e-09,        +0.000000000000e+00,        +0.000000000000e+00,        +8.860375568490e-12,        +2.540047424279e-03,        +5.500730761810e-11,        +1.598541256600e-02
 2.43626000e+00,        +3.472038714648e-09,        +3.424822268828e-09,        +0.000000000000e+00,        +0.000000000000e+00,        +8.816651815384e-12,        +2.539329926878e-03,        +5.475677102606e-11,        +1.598820806687e-02
 2.43628000e+00,        +3.455921257441e-09,        +3.408666271274e-09,        +0.000000000000e+00,        +0.000000000000e+00,        +8.773227672213e-12,        +2.538607514082e-03,        +5.450800215810e-11,        +1.599100581288e-02
 2.43630000e+00,        +3.439918259682e-09,        +3.392624950204e-09,        +0.000000000000e+00,        +0.000000000000e+00,        +8.730100314242e-12,        +2.537880163190e-03,        +5.426098469457e-11,        +1.599380582617e-02
 2.43632000e+00,        +3.424028656524e-09,        +3.376697239021e-09,        +0.000000000000e+00,        +0.000000000000e+00,        +8.687266948685e-12,        +2.537147851299e-03,        +5.401570250326e-11,        +1.599660812910e-02
 2.43634000e+00,        +3.408251395382e-09,        +3.360882083414e-09,        +0.000000000000e+00,        +0.000000000000e+00,        +8.644724814636e-12,        +2.536410555380e-03,        +5.377213963702e-11,        +1.599941274417e-02
 2.43636000e+00,        +3.392585435747e-09,        +3.345178441160e-09,        +0.000000000000e+00,        +0.000000000000e+00,        +8.602471182258e-12,        +2.535668252188e-03,        +5.353028033131e-11,        +1.600221969407e-02
 2.43638000e+00,        +3.377029749039e-09,        +3.329585281986e-09,        +0.000000000000e+00,        +0.000000000000e+00,        +8.560503352701e-12,        +2.534920918342e-03,        +5.329010900168e-11,        +1.600502900166e-02
 2.43640000e+00,        +3.361583318428e-09,        +3.314101587386e-09,        +0.000000000000e+00,        +0.000000000000e+00,        +8.518818657516e-12,        +2.534168530292e-03,        +5.305161024118e-11,        +1.600784068995e-02
 2.43642000e+00,        +3.346245138688e-09,        +3.298726350474e-09,        +0.000000000000e+00,        +0.000000000000e+00,        +8.477414458015e-12,        +2.533411064241e-03,        +5.281476881843e-11,        +1.601065478221e-02
 2.43644000e+00,        +3.331014216037e-09,        +3.283458575826e-09,        +0.000000000000e+00,        +0.000000000000e+00,        +8.436288145506e-12,        +2.532648496332e-03,        +5.257956967463e-11,        +1.601347130180e-02
 2.43646000e+00,        +3.315889567988e-09,        +3.268297279328e-09,        +0.000000000000e+00,        +0.000000000000e+00,        +8.395437140187e-12,        +2.531880802436e-03,        +5.234599792191e-11,        +1.601629027231e-02
 2.43648000e+00,        +3.300870223179e-09,        +3.253241488009e-09,        +0.000000000000e+00,        +0.000000000000e+00,        +8.354858891059e-12,        +2.531107958256e-03,        +5.211403884053e-11,        +1.601911171753e-02
 2.43650000e+00,        +3.285955221263e-09,        +3.238290239929e-09,        +0.000000000000e+00,        +0.000000000000e+00,        +8.314550875796e-12,        +2.530329939371e-03,        +5.188367787705e-11,        +1.602193566139e-02
 2.43652000e+00,        +3.271143612714e-09,        +3.223442583985e-09,        +0.000000000000e+00,        +0.000000000000e+00,        +8.274510599780e-12,        +2.529546721098e-03,        +5.165490064178e-11,        +1.602476212805e-02
 2.43654000e+00,        +3.256434458715e-09,        +3.208697579797e-09,        +0.000000000000e+00,        +0.000000000000e+00,        +8.234735596284e-12,        +2.528758278628e-03,        +5.142769290681e-11,        +1.602759114184e-02
 2.43656000e+00,        +3.241826831007e-09,        +3.194054297563e-09,        +0.000000000000e+00,        +0.000000000000e+00,        +8.195223425683e-12,        +2.527964586911e-03,        +5.120204060390e-11,        +1.603042272731e-02
 2.43658000e+00,        +3.227319811748e-09,        +3.179511817909e-09,        +0.000000000000e+00,        +0.000000000000e+00,        +8.155971675514e-12,        +2.527165620781e-03,        +5.097792982216e-11,        +1.603325690913e-02
 2.43660000e+00,        +3.212912493373e-09,        +3.165069231757e-09,        +0.000000000000e+00,        +0.000000000000e+00,        +8.116977959675e-12,        +2.526361354820e-03,        +5.075534680622e-11,        +1.603609371225e-02
 2.43662000e+00,        +3.198603978462e-09,        +3.150725640185e-09,        +0.000000000000e+00,        +0.000000000000e+00,        +8.078239918298e-12,        +2.525551763424e-03,        +5.053427795407e-11,        +1.603893316179e-02
 2.43664000e+00,        +3.184393379605e-09,        +3.136480154299e-09,        +0.000000000000e+00,        +0.000000000000e+00,        +8.039755217438e-12,        +2.524736820812e-03,        +5.031470981504e-11,        +1.604177528306e-02
 2.43666000e+00,        +3.170279819273e-09,        +3.122331895101e-09,        +0.000000000000e+00,        +0.000000000000e+00,        +8.001521548649e-12,        +2.523916500999e-03,        +5.009662908790e-11,        +1.604462010157e-02
 2.43668000e+00,        +3.156262429684e-09,        +3.108279993353e-09,        +0.000000000000e+00,        +0.000000000000e+00,        +7.963536628707e-12,        +2.523090777817e-03,        +4.988002261879e-11,        +1.604746764303e-02
 2.43670000e+00,        +3.142340352676e-09,        +3.094323589450e-09,        +0.000000000000e+00,        +0.000000000000e+00,        +7.925798199155e-12,        +2.522259624870e-03,        +4.966487739939e-11,        +1.605031793337e-02
 2.43672000e+00,        +3.128512739583e-09,        +3.080461833302e-09,        +0.000000000000e+00,        +0.000000000000e+00,        +7.888304026019e-12,        +2.521423015547e-03,        +4.945118056510e-11,        +1.605317099874e-02
 2.43674000e+00,        +3.114778751110e-09,        +3.066693884199e-09,        +0.000000000000e+00,        +0.000000000000e+00,        +7.851051899747e-12,        +2.520580923107e-03,        +4.923891939283e-11,        +1.605602686546e-02
 2.43676000e+00,        +3.101137557214e-09,        +3.053018910701e-09,        +0.000000000000e+00,        +0.000000000000e+00,        +7.814039634464e-12,        +2.519733320531e-03,        +4.902808129969e-11,        +1.605888556007e-02
 2.43678000e+00,        +3.087588336982e-09,        +3.039436090508e-09,        +0.000000000000e+00,        +0.000000000000e+00,        +7.777265067894e-12,        +2.518880180606e-03,        +4.881865384083e-11,        +1.606174710937e-02
 2.43680000e+00,        +3.074130278507e-09,        +3.025944610343e-09,        +0.000000000000e+00,        +0.000000000000e+00,        +7.740726061125e-12,        +2.518021475942e-03,        +4.861062470761e-11,        +1.606461154030e-02
 2.43682000e+00,        +3.060762578782e-09,        +3.012543665839e-09,        +0.000000000000e+00,        +0.000000000000e+00,        +7.704420498032e-12,        +2.517157178881e-03,        +4.840398172620e-11,        +1.606747888008e-02
 2.43684000e+00,        +3.047484443574e-09,        +2.999232461420e-09,        +0.000000000000e+00,        +0.000000000000e+00,        +7.668346285310e-12,        +2.516287261607e-03,        +4.819871285540e-11,        +1.607034915612e-02
 2.43686000e+00,        +3.034295087325e-09,        +2.986010210195e-09,        +0.000000000000e+00,        +0.000000000000e+00,        +7.632501351879e-12,        +2.515411696035e-03,        +4.799480618542e-11,        +1.607322239608e-02
 2.43688000e+00,        +3.021193733026e-09,        +2.972876133835e-09,        +0.000000000000e+00,        +0.000000000000e+00,        +7.596883648875e-12,        +2.514530453916e-03,        +4.779224993570e-11,        +1.607609862778e-02
 2.43690000e+00,        +3.008179612112e-09,        +2.959829462470e-09,        +0.000000000000e+00,        +0.000000000000e+00,        +7.561491149094e-12,        +2.513643506741e-03,        +4.759103245365e-11,        +1.607897787933e-02
 2.43692000e+00,        +2.995251964358e-09,        +2.946869434581e-09,        +0.000000000000e+00,        +0.000000000000e+00,        +7.526321846882e-12,        +2.512750825788e-03,        +4.739114221284e-11,        +1.608186017905e-02
 2.43694000e+00,        +2.982410037774e-09,        +2.933995296898e-09,        +0.000000000000e+00,        +0.000000000000e+00,        +7.491373757780e-12,        +2.511852382099e-03,        +4.719256781159e-11,        +1.608474555548e-02
 2.43696000e+00,        +2.969653088489e-09,        +2.921206304280e-09,        +0.000000000000e+00,        +0.000000000000e+00,        +7.456644918381e-12,        +2.510948146531e-03,        +4.699529797096e-11,        +1.608763403738e-02
 2.43698000e+00,        +2.956980380657e-09,        +2.908501719625e-09,        +0.000000000000e+00,        +0.000000000000e+00,        +7.422133385827e-12,        +2.510038089660e-03,        +4.679932153371e-11,        +1.609052565379e-02
 2.43700000e+00,        +2.944391186355e-09,        +2.895880813764e-09,        +0.000000000000e+00,        +0.000000000000e+00,        +7.387837237781e-12,        +2.509122181869e-03,        +4.660462746244e-11,        +1.609342043392e-02
 2.43702000e+00,        +2.931884785475e-09,        +2.883342865358e-09,        +0.000000000000e+00,        +0.000000000000e+00,        +7.353754571927e-12,        +2.508200393262e-03,        +4.641120483825e-11,        +1.609631840731e-02
 2.43704000e+00,        +2.919460465630e-09,        +2.870887160800e-09,        +0.000000000000e+00,        +0.000000000000e+00,        +7.319883505913e-12,        +2.507272693735e-03,        +4.621904285908e-11,        +1.609921960367e-02
 2.43706000e+00,        +2.907117522066e-09,        +2.858512994123e-09,        +0.000000000000e+00,        +0.000000000000e+00,        +7.286222177132e-12,        +2.506339052972e-03,        +4.602813083836e-11,        +1.610212405296e-02
 2.43708000e+00,        +2.894855257547e-09,        +2.846219666896e-09,        +0.000000000000e+00,        +0.000000000000e+00,        +7.252768742227e-12,        +2.505399440376e-03,        +4.583845820360e-11,        +1.610503178540e-02
 2.43710000e+00,        +2.882672982274e-09,        +2.834006488135e-09,        +0.000000000000e+00,        +0.000000000000e+00,        +7.219521376977e-12,        +2.504453825103e-03,        +4.565001449492e-11,        +1.610794283148e-02
 2.43712000e+00,        +2.870570013787e-09,        +2.821872774201e-09,        +0.000000000000e+00,        +0.000000000000e+00,        +7.186478276205e-12,        +2.503502176114e-03,        +4.546278936348e-11,        +1.611085722188e-02
 2.43714000e+00,        +2.858545676876e-09,        +2.809817848723e-09,        +0.000000000000e+00,        +0.000000000000e+00,        +7.153637653168e-12,        +2.502544462045e-03,        +4.527677257054e-11,        +1.611377498762e-02
 2.43716000e+00,        +2.846599303485e-09,        +2.797841042490e-09,        +0.000000000000e+00,        +0.000000000000e+00,        +7.120997739692e-12,        +2.501580651332e-03,        +4.509195398558e-11,        +1.611669615992e-02
 2.43718000e+00,        +2.834730232629e-09,        +2.785941693377e-09,        +0.000000000000e+00,        +0.000000000000e+00,        +7.088556785850e-12,        +2.500610712179e-03,        +4.490832358523e-11,        +1.611962077024e-02
 2.43720000e+00,        +2.822937810301e-09,        +2.774119146243e-09,        +0.000000000000e+00,        +0.000000000000e+00,        +7.056313059468e-12,        +2.499634612466e-03,        +4.472587145200e-11,        +1.612254885035e-02
 2.43722000e+00,        +2.811221389388e-09,        +2.762372752855e-09,        +0.000000000000e+00,        +0.000000000000e+00,        +7.024264846213e-12,        +2.498652319853e-03,        +4.454458777283e-11,        +1.612548043228e-02
 2.43724000e+00,        +2.799580329586e-09,        +2.750701871800e-09,        +0.000000000000e+00,        +0.000000000000e+00,        +6.992410449288e-12,        +2.497663801746e-03,        +4.436446283785e-11,        +1.612841554829e-02
 2.43726000e+00,        +2.788013997319e-09,        +2.739105868398e-09,        +0.000000000000e+00,        +0.000000000000e+00,        +6.960748189220e-12,        +2.496669025304e-03,        +4.418548703910e-11,        +1.613135423091e-02
 2.43728000e+00,        +2.776521765640e-09,        +2.727584114617e-09,        +0.000000000000e+00,        +0.000000000000e+00,        +6.929276403388e-12,        +2.495667957349e-03,        +4.400765086939e-11,        +1.613429651300e-02
 2.43730000e+00,        +2.765103014173e-09,        +2.716135988999e-09,        +0.000000000000e+00,        +0.000000000000e+00,        +6.897993446235e-12,        +2.494660564499e-03,        +4.383094492093e-11,        +1.613724242765e-02
 2.43732000e+00,        +2.753757129015e-09,        +2.704760876571e-09,        +0.000000000000e+00,        +0.000000000000e+00,        +6.866897688761e-12,        +2.493646813079e-03,        +4.365535988415e-11,        +1.614019200821e-02
 2.43734000e+00,        +2.742483502664e-09,        +2.693458168772e-09,        +0.000000000000e+00,        +0.000000000000e+00,        +6.835987518390e-12,        +2.492626669130e-03,        +4.348088654660e-11,        +1.614314528836e-02
 2.43736000e+00,        +2.731281533935e-09,        +2.682227263366e-09,        +0.000000000000e+00,        +0.000000000000e+00,        +6.805261338786e-12,        +2.491600098428e-03,        +4.330751579159e-11,        +1.614610230203e-02
 2.43738000e+00,        +2.720150627893e-09,        +2.671067564378e-09,        +0.000000000000e+00,        +0.000000000000e+00,        +6.774717569679e-12,        +2.490567066475e-03,        +4.313523859724e-11,        +1.614906308343e-02
 2.43740000e+00,        +2.709090195764e-09,        +2.659978482005e-09,        +0.000000000000e+00,        +0.000000000000e+00,        +6.744354646567e-12,        +2.489527538475e-03,        +4.296404603518e-11,        +1.615202766708e-02
 2.43742000e+00,        +2.698099654871e-09,        +2.648959432546e-09,        +0.000000000000e+00,        +0.000000000000e+00,        +6.714171020563e-12,        +2.488481479341e-03,        +4.279392926949e-11,        +1.615499608779e-02
 2.43744000e+00,        +2.687178428549e-09,        +2.638009838326e-09,        +0.000000000000e+00,        +0.000000000000e+00,        +6.684165158252e-12,        +2.487428853714e-03,        +4.262487955554e-11,        +1.615796838066e-02
 2.43746000e+00,        +2.676325946086e-09,        +2.627129127629e-09,        +0.000000000000e+00,        +0.000000000000e+00,        +6.654335541473e-12,        +2.486369625944e-03,        +4.245688823893e-11,        +1.616094458107e-02
 2.43748000e+00,        +2.665541642640e-09,        +2.616316734621e-09,        +0.000000000000e+00,        +0.000000000000e+00,        +6.624680667090e-12,        +2.485303760075e-03,        +4.228994675443e-11,        +1.616392472472e-02
 2.43750000e+00,        +2.654824959170e-09,        +2.605572099275e-09,        +0.000000000000e+00,        +0.000000000000e+00,        +6.595199046810e-12,        +2.484231219851e-03,        +4.212404662487e-11,        +1.616690884762e-02
 2.43752000e+00,        +2.644175342372e-09,        +2.594894667312e-09,        +0.000000000000e+00,        +0.000000000000e+00,        +6.565889207028e-12,        +2.483151968711e-03,        +4.195917946015e-11,        +1.616989698608e-02
 2.43754000e+00,        +2.633592244602e-09,        +2.584283890121e-09,        +0.000000000000e+00,        +0.000000000000e+00,        +6.536749688729e-12,        +2.482065969828e-03,        +4.179533695602e-11,        +1.617288917668e-02
 2.43756000e+00,        +2.623075123813e-09,        +2.573739224699e-09,        +0.000000000000e+00,        +0.000000000000e+00,        +6.507779047063e-12,        +2.480973186008e-03,        +4.163251089338e-11,        +1.617588545640e-02
 2.43758000e+00,        +2.612623443489e-09,        +2.563260133578e-09,        +0.000000000000e+00,        +0.000000000000e+00,        +6.478975851487e-12,        +2.479873579805e-03,        +4.147069313693e-11,        +1.617888586245e-02
 2.43760000e+00,        +2.602236672572e-09,        +2.552846084761e-09,        +0.000000000000e+00,        +0.000000000000e+00,        +6.450338685205e-12,        +2.478767113381e-03,        +4.130987563449e-11,        +1.618189043244e-02
 2.43762000e+00,        +2.591914285408e-09,        +2.542496551660e-09,        +0.000000000000e+00,        +0.000000000000e+00,        +6.421866145497e-12,        +2.477653748680e-03,        +4.115005041570e-11,        +1.618489920422e-02
 2.43764000e+00,        +2.581655761671e-09,        +2.532211013027e-09,        +0.000000000000e+00,        +0.000000000000e+00,        +6.393556843117e-12,        +2.476533447271e-03,        +4.099120959128e-11,        +1.618791221600e-02
 2.43766000e+00,        +2.571460586313e-09,        +2.521988952898e-09,        +0.000000000000e+00,        +0.000000000000e+00,        +6.365409402260e-12,        +2.475406170385e-03,        +4.083334535217e-11,        +1.619092950636e-02
 2.43768000e+00,        +2.561328249485e-09,        +2.511829860516e-09,        +0.000000000000e+00,        +0.000000000000e+00,        +6.337422460452e-12,        +2.474271878946e-03,        +4.067644996827e-11,        +1.619395111416e-02
 2.43770000e+00,        +2.551258246487e-09,        +2.501733230282e-09,        +0.000000000000e+00,        +0.000000000000e+00,        +6.309594668379e-12,        +2.473130533558e-03,        +4.052051578767e-11,        +1.619697707861e-02
 2.43772000e+00,        +2.541250077709e-09,        +2.491698561694e-09,        +0.000000000000e+00,        +0.000000000000e+00,        +6.281924689725e-12,        +2.471982094492e-03,        +4.036553523584e-11,        +1.620000743926e-02
 2.43774000e+00,        +2.531303248563e-09,        +2.481725359281e-09,        +0.000000000000e+00,        +0.000000000000e+00,        +6.254411200884e-12,        +2.470826521648e-03,        +4.021150081465e-11,        +1.620304223603e-02
 2.43776000e+00,        +2.521417269427e-09,        +2.471813132546e-09,        +0.000000000000e+00,        +0.000000000000e+00,        +6.227052890941e-12,        +2.469663774594e-03,        +4.005840510148e-11,        +1.620608150917e-02
 2.43778000e+00,        +2.511591655592e-09,        +2.461961395911e-09,        +0.000000000000e+00,        +0.000000000000e+00,        +6.199848461585e-12,        +2.468493812592e-03,        +3.990624074825e-11,        +1.620912529926e-02
 2.43780000e+00,        +2.501825927192e-09,        +2.452169668652e-09,        +0.000000000000e+00,        +0.000000000000e+00,        +6.172796626810e-12,        +2.467316594539e-03,        +3.975500048064e-11,        +1.621217364723e-02
 2.43782000e+00,        +2.492119609165e-09,        +2.442437474852e-09,        +0.000000000000e+00,        +0.000000000000e+00,        +6.145896112681e-12,        +2.466132078925e-03,        +3.960467709747e-11,        +1.621522659444e-02
 2.43784000e+00,        +2.482472231181e-09,        +2.432764343337e-09,        +0.000000000000e+00,        +0.000000000000e+00,        +6.119145657488e-12,        +2.464940223954e-03,        +3.945526346939e-11,        +1.621828418254e-02
 2.43786000e+00,        +2.472883327597e-09,        +2.423149807626e-09,        +0.000000000000e+00,        +0.000000000000e+00,        +6.092544011421e-12,        +2.463740987465e-03,        +3.930675253835e-11,        +1.622134645355e-02
 2.43788000e+00,        +2.463352437399e-09,        +2.413593405874e-09,        +0.000000000000e+00,        +0.000000000000e+00,        +6.066089936272e-12,        +2.462534326869e-03,        +3.915913731691e-11,        +1.622441344992e-02
 2.43790000e+00,        +2.453879104144e-09,        +2.404094680818e-09,        +0.000000000000e+00,        +0.000000000000e+00,        +6.039782205672e-12,        +2.461320199301e-03,        +3.901241088695e-11,        +1.622748521439e-02
 2.43792000e+00,        +2.444462875918e-09,        +2.394653179725e-09,        +0.000000000000e+00,        +0.000000000000e+00,        +6.013619604568e-12,        +2.460098561452e-03,        +3.886656639945e-11,        +1.623056179013e-02
 2.43794000e+00,        +2.435103305276e-09,        +2.385268454342e-09,        +0.000000000000e+00,        +0.000000000000e+00,        +5.987600929311e-12,        +2.458869369664e-03,        +3.872159707336e-11,        +1.623364322069e-02
 2.43796000e+00,        +2.425799949189e-09,        +2.375940060839e-09,        +0.000000000000e+00,        +0.000000000000e+00,        +5.961724987490e-12,        +2.457632579918e-03,        +3.857749619485e-11,        +1.623672954999e-02
 2.43798000e+00,        +2.416552369002e-09,        +2.366667559766e-09,        +0.000000000000e+00,        +0.000000000000e+00,        +5.935990597699e-12,        +2.456388147777e-03,        +3.843425711668e-11,        +1.623982082236e-02
 2.43800000e+00,        +2.407360130373e-09,        +2.357450515993e-09,        +0.000000000000e+00,        +0.000000000000e+00,        +5.910396589506e-12,        +2.455136028438e-03,        +3.829187325734e-11,        +1.624291708249e-02
 2.43802000e+00,        +2.398222803233e-09,        +2.348288498669e-09,        +0.000000000000e+00,        +0.000000000000e+00,        +5.884941803247e-12,        +2.453876176690e-03,        +3.815033810037e-11,        +1.624601837551e-02
 2.43804000e+00,        +2.389139961733e-09,        +2.339181081172e-09,        +0.000000000000e+00,        +0.000000000000e+00,        +5.859625090001e-12,        +2.452608546948e-03,        +3.800964519361e-11,        +1.624912474693e-02
 2.43806000e+00,        +2.380111184194e-09,        +2.330127841055e-09,        +0.000000000000e+00,        +0.000000000000e+00,        +5.834445311358e-12,        +2.451333093220e-03,        +3.786978814839e-11,        +1.625223624265e-02
 2.43808000e+00,        +2.371136053066e-09,        +2.321128360006e-09,        +0.000000000000e+00,        +0.000000000000e+00,        +5.809401339289e-12,        +2.450049769088e-03,        +3.773076063904e-11,        +1.625535290903e-02
 2.43810000e+00,        +2.362214154876e-09,        +2.312182223799e-09,        +0.000000000000e+00,        +0.000000000000e+00,        +5.784492056180e-12,        +2.448758527773e-03,        +3.759255640192e-11,        +1.625847479277e-02
 2.43812000e+00,        +2.353345080182e-09,        +2.303289022242e-09,        +0.000000000000e+00,        +0.000000000000e+00,        +5.759716354392e-12,        +2.447459322008e-03,        +3.745516923501e-11,        +1.626160194110e-02
 2.43814000e+00,        +2.344528423530e-09,        +2.294448349141e-09,        +0.000000000000e+00,        +0.000000000000e+00,        +5.735073136569e-12,        +2.446152104197e-03,        +3.731859299686e-11,        +1.626473440155e-02
 2.43816000e+00,        +2.335763783409e-09,        +2.285659802249e-09,        +0.000000000000e+00,        +0.000000000000e+00,        +5.710561315140e-12,        +2.444836826268e-03,        +3.718282160631e-11,        +1.626787222216e-02
 2.43818000e+00,        +2.327050762203e-09,        +2.276922983220e-09,        +0.000000000000e+00,        +0.000000000000e+00,        +5.686179812281e-12,        +2.443513439689e-03,        +3.704784904168e-11,        +1.627101545142e-02
 2.43820000e+00,        +2.318388966152e-09,        +2.268237497573e-09,        +0.000000000000e+00,        +0.000000000000e+00,        +5.661927560037e-12,        +2.442181895575e-03,        +3.691366933991e-11,        +1.627416413819e-02
 2.43822000e+00,        +2.309778005311e-09,        +2.259602954645e-09,        +0.000000000000e+00,        +0.000000000000e+00,        +5.637803499978e-12,        +2.440842144576e-03,        +3.678027659623e-11,        +1.627731833180e-02
 2.43824000e+00,        +2.301217493495e-09,        +2.251018967540e-09,        +0.000000000000e+00,        +0.000000000000e+00,        +5.613806582992e-12,        +2.439494136848e-03,        +3.664766496335e-11,        +1.628047808207e-02
 2.43826000e+00,        +2.292707048251e-09,        +2.242485153101e-09,        +0.000000000000e+00,        +0.000000000000e+00,        +5.589935769531e-12,        +2.438137822185e-03,        +3.651582865081e-11,        +1.628364343921e-02
 2.43828000e+00,        +2.284246290814e-09,        +2.234001131863e-09,        +0.000000000000e+00,        +0.000000000000e+00,        +5.566190029147e-12,        +2.436773149870e-03,        +3.638476192451e-11,        +1.628681445393e-02
 2.43830000e+00,        +2.275834846057e-09,        +2.225566528006e-09,        +0.000000000000e+00,        +0.000000000000e+00,        +5.542568340551e-12,        +2.435400068750e-03,        +3.625445910591e-11,        +1.628999117739e-02
 2.43832000e+00,        +2.267472342461e-09,        +2.217180969326e-09,        +0.000000000000e+00,        +0.000000000000e+00,        +5.519069691497e-12,        +2.434018527214e-03,        +3.612491457156e-11,        +1.629317366121e-02
 2.43834000e+00,        +2.259158412072e-09,        +2.208844087185e-09,        +0.000000000000e+00,        +0.000000000000e+00,        +5.495693078640e-12,        +2.432628473184e-03,        +3.599612275247e-11,        +1.629636195751e-02
 2.43836000e+00,        +2.250892690461e-09,        +2.200555516481e-09,        +0.000000000000e+00,        +0.000000000000e+00,        +5.472437507399e-12,        +2.431229854088e-03,        +3.586807813357e-11,        +1.629955611887e-02
 2.43838000e+00,        +2.242674816682e-09,        +2.192314895595e-09,        +0.000000000000e+00,        +0.000000000000e+00,        +5.449301991944e-12,        +2.429822616908e-03,        +3.574077525291e-11,        +1.630275619836e-02
 2.43840000e+00,        +2.234504433244e-09,        +2.184121866373e-09,        +0.000000000000e+00,        +0.000000000000e+00,        +5.426285555036e-12,        +2.428406708130e-03,        +3.561420870145e-11,        +1.630596224953e-02
 2.43842000e+00,        +2.226381186062e-09,        +2.175976074072e-09,        +0.000000000000e+00,        +0.000000000000e+00,        +5.403387227892e-12,        +2.426982073743e-03,        +3.548837312219e-11,        +1.630917432644e-02
 2.43844000e+00,        +2.218304724427e-09,        +2.167877167327e-09,        +0.000000000000e+00,        +0.000000000000e+00,        +5.380606050153e-12,        +2.425548659255e-03,        +3.536326320977e-11,        +1.631239248365e-02
 2.43846000e+00,        +2.210274700965e-09,        +2.159824798118e-09,        +0.000000000000e+00,        +0.000000000000e+00,        +5.357941069826e-12,        +2.424106409708e-03,        +3.523887370977e-11,        +1.631561677617e-02
 2.43848000e+00,        +2.202290771605e-09,        +2.151818621730e-09,        +0.000000000000e+00,        +0.000000000000e+00,        +5.335391342969e-12,        +2.422655269577e-03,        +3.511519941843e-11,        +1.631884725963e-02
 2.43850000e+00,        +2.194352595541e-09,        +2.143858296720e-09,        +0.000000000000e+00,        +0.000000000000e+00,        +5.312955933745e-12,        +2.421195182826e-03,        +3.499223518197e-11,        +1.632208399011e-02
 2.43852000e+00,        +2.186459835194e-09,        +2.135943484878e-09,        +0.000000000000e+00,        +0.000000000000e+00,        +5.290633914455e-12,        +2.419726092972e-03,        +3.486997589588e-11,        +1.632532702422e-02
 2.43854000e+00,        +2.178612156185e-09,        +2.128073851196e-09,        +0.000000000000e+00,        +0.000000000000e+00,        +5.268424365231e-12,        +2.418247942973e-03,        +3.474841650469e-11,        +1.632857641908e-02
 2.43856000e+00,        +2.170809227293e-09,        +2.120249063832e-09,        +0.000000000000e+00,        +0.000000000000e+00,        +5.246326373916e-12,        +2.416760675215e-03,        +3.462755200143e-11,        +1.633183223241e-02
 2.43858000e+00,        +2.163050720426e-09,        +2.112468794077e-09,        +0.000000000000e+00,        +0.000000000000e+00,        +5.224339036259e-12,        +2.415264231636e-03,        +3.450737742686e-11,        +1.633509452240e-02
 2.43860000e+00,        +2.155336310585e-09,        +2.104732716320e-09,        +0.000000000000e+00,        +0.000000000000e+00,        +5.202461455512e-12,        +2.413758553578e-03,        +3.438788786927e-11,        +1.633836334781e-02
 2.43862000e+00,        +2.147665675831e-09,        +2.097040508016e-09,        +0.000000000000e+00,        +0.000000000000e+00,        +5.180692742441e-12,        +2.412243581830e-03,        +3.426907846387e-11,        +1.634163876801e-02
 2.43864000e+00,        +2.140038497252e-09,        +2.089391849650e-09,        +0.000000000000e+00,        +0.000000000000e+00,        +5.159032015294e-12,        +2.410719256649e-03,        +3.415094439223e-11,        +1.634492084286e-02
 2.43866000e+00,        +2.132454458937e-09,        +2.081786424715e-09,        +0.000000000000e+00,        +0.000000000000e+00,        +5.137478399842e-12,        +2.409185517801e-03,        +3.403348088185e-11,        +1.634820963274e-02
 2.43868000e+00,        +2.124913247937e-09,        +2.074223919669e-09,        +0.000000000000e+00,        +0.000000000000e+00,        +5.116031028750e-12,        +2.407642304323e-03,        +3.391668320591e-11,        +1.635150519879e-02
 2.43870000e+00,        +2.117414554233e-09,        +2.066704023907e-09,        +0.000000000000e+00,        +0.000000000000e+00,        +5.094689042196e-12,        +2.406089554835e-03,        +3.380054668237e-11,        +1.635480760253e-02
 2.43872000e+00,        +2.109958070715e-09,        +2.059226429734e-09,        +0.000000000000e+00,        +0.000000000000e+00,        +5.073451587317e-12,        +2.404527207309e-03,        +3.368506667389e-11,        +1.635811690618e-02
 2.43874000e+00,        +2.102543493143e-09,        +2.051790832334e-09,        +0.000000000000e+00,        +0.000000000000e+00,        +5.052317818293e-12,        +2.402955199152e-03,        +3.357023858718e-11,        +1.636143317250e-02
 2.43876000e+00,        +2.095170520114e-09,        +2.044396929730e-09,        +0.000000000000e+00,        +0.000000000000e+00,        +5.031286896140e-12,        +2.401373467141e-03,        +3.345605787265e-11,        +1.636475646492e-02
 2.43878000e+00,        +2.087838853047e-09,        +2.037044422772e-09,        +0.000000000000e+00,        +0.000000000000e+00,        +5.010357988863e-12,        +2.399781947515e-03,        +3.334252002389e-11,        +1.636808684738e-02
 2.43880000e+00,        +2.080548196134e-09,        +2.029733015088e-09,        +0.000000000000e+00,        +0.000000000000e+00,        +4.989530271135e-12,        +2.398180575872e-03,        +3.322962057723e-11,        +1.637142438450e-02
 2.43882000e+00,        +2.073298256331e-09,        +2.022462413074e-09,        +0.000000000000e+00,        +0.000000000000e+00,        +4.968802924326e-12,        +2.396569287199e-03,        +3.311735511147e-11,        +1.637476914151e-02
 2.43884000e+00,        +2.066088743314e-09,        +2.015232325851e-09,        +0.000000000000e+00,        +0.000000000000e+00,        +4.948175136379e-12,        +2.394948015855e-03,        +3.300571924724e-11,        +1.637812118427e-02
 2.43886000e+00,        +2.058919369458e-09,        +2.008042465244e-09,        +0.000000000000e+00,        +0.000000000000e+00,        +4.927646101874e-12,        +2.393316695627e-03,        +3.289470864666e-11,        +1.638148057923e-02
 2.43888000e+00,        +2.051789849810e-09,        +2.000892545753e-09,        +0.000000000000e+00,        +0.000000000000e+00,        +4.907215021708e-12,        +2.391675259609e-03,        +3.278431901302e-11,        +1.638484739354e-02
 2.43890000e+00,        +2.044699902059e-09,        +1.993782284523e-09,        +0.000000000000e+00,        +0.000000000000e+00,        +4.886881103163e-12,        +2.390023640263e-03,        +3.267454609032e-11,        +1.638822169499e-02
 2.43892000e+00,        +2.037649246509e-09,        +1.986711401324e-09,        +0.000000000000e+00,        +0.000000000000e+00,        +4.866643559836e-12,        +2.388361769414e-03,        +3.256538566278e-11,        +1.639160355202e-02
 2.43894000e+00,        +2.030637606055e-09,        +1.979679618514e-09,        +0.000000000000e+00,        +0.000000000000e+00,        +4.846501611500e-12,        +2.386689578214e-03,        +3.245683355458e-11,        +1.639499303374e-02
 2.43896000e+00,        +2.023664706154e-09,        +1.972686661022e-09,        +0.000000000000e+00,        +0.000000000000e+00,        +4.826454484173e-12,        +2.385006997205e-03,        +3.234888562931e-11,        +1.639839020990e-02
 2.43898000e+00,        +2.016730274803e-09,        +1.965732256319e-09,        +0.000000000000e+00,        +0.000000000000e+00,        +4.806501409729e-12,        +2.383313956151e-03,        +3.224153778989e-11,        +1.640179515102e-02
 2.43900000e+00,        +2.009834042505e-09,        +1.958816134387e-09,        +0.000000000000e+00,        +0.000000000000e+00,        +4.786641626297e-12,        +2.381610384274e-03,        +3.213478597767e-11,        +1.640520792817e-02
 2.43902000e+00,        +2.002975742254e-09,        +1.951938027704e-09,        +0.000000000000e+00,        +0.000000000000e+00,        +4.766874377640e-12,        +2.379896209964e-03,        +3.202862617273e-11,        +1.640862861327e-02
 2.43904000e+00,        +1.996155109504e-09,        +1.945097671210e-09,        +0.000000000000e+00,        +0.000000000000e+00,        +4.747198913667e-12,        +2.378171361066e-03,        +3.192305439278e-11,        +1.641205727881e-02
 2.43906000e+00,        +1.989371882146e-09,        +1.938294802287e-09,        +0.000000000000e+00,        +0.000000000000e+00,        +4.727614489771e-12,        +2.376435764574e-03,        +3.181806669350e-11,        +1.641549399810e-02
 2.43908000e+00,        +1.982625800484e-09,        +1.931529160734e-09,        +0.000000000000e+00,        +0.000000000000e+00,        +4.708120367156e-12,        +2.374689346828e-03,        +3.171365916772e-11,        +1.641893884516e-02
 2.43910000e+00,        +1.975916607211e-09,        +1.924800488742e-09,        +0.000000000000e+00,        +0.000000000000e+00,        +4.688715812804e-12,        +2.372932033514e-03,        +3.160982794511e-11,        +1.642239189463e-02
 2.43912000e+00,        +1.969244047384e-09,        +1.918108530872e-09,        +0.000000000000e+00,        +0.000000000000e+00,        +4.669400099061e-12,        +2.371163749492e-03,        +3.150656919203e-11,        +1.642585322203e-02
 2.43914000e+00,        +1.962607868403e-09,        +1.911453034030e-09,        +0.000000000000e+00,        +0.000000000000e+00,        +4.650172503813e-12,        +2.369384418904e-03,        +3.140387911108e-11,        +1.642932290357e-02
 2.43916000e+00,        +1.956007819988e-09,        +1.904833747445e-09,        +0.000000000000e+00,        +0.000000000000e+00,        +4.631032310416e-12,        +2.367593965164e-03,        +3.130175394073e-11,        +1.643280101621e-02
 2.43918000e+00,        +1.949443654152e-09,        +1.898250422647e-09,        +0.000000000000e+00,        +0.000000000000e+00,        +4.611978807597e-12,        +2.365792310936e-03,        +3.120018995500e-11,        +1.643628763769e-02
 2.43920000e+00,        +1.942915125185e-09,        +1.891702813441e-09,        +0.000000000000e+00,        +0.000000000000e+00,        +4.593011289345e-12,        +2.363979378105e-03,        +3.109918346312e-11,        +1.643978284652e-02
 2.43922000e+00,        +1.936421989628e-09,        +1.885190675892e-09,        +0.000000000000e+00,        +0.000000000000e+00,        +4.574129054874e-12,        +2.362155087772e-03,        +3.099873080931e-11,        +1.644328672199e-02
 2.43924000e+00,        +1.929964006252e-09,        +1.878713768293e-09,        +0.000000000000e+00,        +0.000000000000e+00,        +4.555331408516e-12,        +2.360319360237e-03,        +3.089882837239e-11,        +1.644679934425e-02
 2.43926000e+00,        +1.923540936039e-09,        +1.872271851157e-09,        +0.000000000000e+00,        +0.000000000000e+00,        +4.536617659878e-12,        +2.358472115088e-03,        +3.079947256532e-11,        +1.645032079411e-02
 2.43928000e+00,        +1.917152542153e-09,        +1.865864687181e-09,        +0.000000000000e+00,        +0.000000000000e+00,        +4.517987123382e-12,        +2.356613271007e-03,        +3.070065983517e-11,        +1.645385115335e-02
 2.43930000e+00,        +1.910798589932e-09,        +1.859492041236e-09,        +0.000000000000e+00,        +0.000000000000e+00,        +4.499439118535e-12,        +2.354742745910e-03,        +3.060238666264e-11,        +1.645739050450e-02
 2.43932000e+00,        +1.904478846853e-09,        +1.853153680342e-09,        +0.000000000000e+00,        +0.000000000000e+00,        +4.480972969808e-12,        +2.352860456924e-03,        +3.050464956167e-11,        +1.646093893090e-02
 2.43934000e+00,        +1.898193082524e-09,        +1.846849373647e-09,        +0.000000000000e+00,        +0.000000000000e+00,        +4.462588006356e-12,        +2.350966320256e-03,        +3.040744507948e-11,        +1.646449651681e-02
 2.43936000e+00,        +1.891941068657e-09,        +1.840578892411e-09,        +0.000000000000e+00,        +0.000000000000e+00,        +4.444283562264e-12,        +2.349060251342e-03,        +3.031076979588e-11,        +1.646806334728e-02
 2.43938000e+00,        +1.885722579051e-09,        +1.834342009981e-09,        +0.000000000000e+00,        +0.000000000000e+00,        +4.426058976227e-12,        +2.347142164705e-03,        +3.021462032330e-11,        +1.647163950828e-02
 2.43940000e+00,        +1.879537389570e-09,        +1.828138501776e-09,        +0.000000000000e+00,        +0.000000000000e+00,        +4.407913591750e-12,        +2.345211974080e-03,        +3.011899330620e-11,        +1.647522508658e-02
 2.43942000e+00,        +1.873385278127e-09,        +1.821968145265e-09,        +0.000000000000e+00,        +0.000000000000e+00,        +4.389846756858e-12,        +2.343269592279e-03,        +3.002388542111e-11,        +1.647882016990e-02
 2.43944000e+00,        +1.867266024662e-09,        +1.815830719947e-09,        +0.000000000000e+00,        +0.000000000000e+00,        +4.371857824110e-12,        +2.341314931225e-03,        +2.992929337610e-11,        +1.648242484683e-02
 2.43946000e+00,        +1.861179411126e-09,        +1.809726007337e-09,        +0.000000000000e+00,        +0.000000000000e+00,        +4.353946150560e-12,        +2.339347901945e-03,        +2.983521391071e-11,        +1.648603920690e-02
 2.43948000e+00,        +1.855125221461e-09,        +1.803653790943e-09,        +0.000000000000e+00,        +0.000000000000e+00,        +4.336111097686e-12,        +2.337368414554e-03,        +2.974164379554e-11,        +1.648966334054e-02
 2.43950000e+00,        +1.849103241582e-09,        +1.797613856248e-09,        +0.000000000000e+00,        +0.000000000000e+00,        +4.318352031371e-12,        +2.335376378269e-03,        +2.964857983200e-11,        +1.649329733910e-02
 2.43952000e+00,        +1.843113259359e-09,        +1.791605990698e-09,        +0.000000000000e+00,        +0.000000000000e+00,        +4.300668321839e-12,        +2.333371701386e-03,        +2.955601885207e-11,        +1.649694129486e-02
 2.43954000e+00,        +1.837155064602e-09,        +1.785629983677e-09,        +0.000000000000e+00,        +0.000000000000e+00,        +4.283059343473e-12,        +2.331354291207e-03,        +2.946395771818e-11,        +1.650059530111e-02
 2.43956000e+00,        +1.831228449041e-09,        +1.779685626492e-09,        +0.000000000000e+00,        +0.000000000000e+00,        +4.265524474973e-12,        +2.329324054139e-03,        +2.937239332270e-11,        +1.650425945204e-02
 2.43958000e+00,        +1.825333206303e-09,        +1.773772712357e-09,        +0.000000000000e+00,        +0.000000000000e+00,        +4.248063099133e-12,        +2.327280895600e-03,        +2.928132258783e-11,        +1.650793384285e-02
 2.43960000e+00,        +1.819469131912e-09,        +1.767891036376e-09,        +0.000000000000e+00,        +0.000000000000e+00,        +4.230674602681e-12,        +2.325224719935e-03,        +2.919074246563e-11,        +1.651161856981e-02
 2.43962000e+00,        +1.813636023251e-09,        +1.762040395524e-09,        +0.000000000000e+00,        +0.000000000000e+00,        +4.213358376728e-12,        +2.323155430699e-03,        +2.910064993705e-11,        +1.651531373002e-02
 2.43964000e+00,        +1.807833679567e-09,        +1.756220588637e-09,        +0.000000000000e+00,        +0.000000000000e+00,        +4.196113816072e-12,        +2.321072930270e-03,        +2.901104201254e-11,        +1.651901942173e-02
 2.43966000e+00,        +1.802061901934e-09,        +1.750431416385e-09,        +0.000000000000e+00,        +0.000000000000e+00,        +4.178940319513e-12,        +2.318977120058e-03,        +2.892191573132e-11,        +1.652273574422e-02
 2.43968000e+00,        +1.796320493255e-09,        +1.744672681266e-09,        +0.000000000000e+00,        +0.000000000000e+00,        +4.161837289841e-12,        +2.316867900505e-03,        +2.883326816113e-11,        +1.652646279771e-02
 2.43970000e+00,        +1.790609258233e-09,        +1.738944187585e-09,        +0.000000000000e+00,        +0.000000000000e+00,        +4.144804133570e-12,        +2.314745170959e-03,        +2.874509639827e-11,        +1.653020068355e-02
 2.43972000e+00,        +1.784928003368e-09,        +1.733245741444e-09,        +0.000000000000e+00,        +0.000000000000e+00,        +4.127840260863e-12,        +2.312608829641e-03,        +2.865739756742e-11,        +1.653394950421e-02
 2.43974000e+00,        +1.779276536926e-09,        +1.727577150715e-09,        +0.000000000000e+00,        +0.000000000000e+00,        +4.110945085926e-12,        +2.310458773895e-03,        +2.857016882079e-11,        +1.653770936307e-02
 2.43976000e+00,        +1.773654668941e-09,        +1.721938225041e-09,        +0.000000000000e+00,        +0.000000000000e+00,        +4.094118026322e-12,        +2.308294899799e-03,        +2.848340733886e-11,        +1.654148036477e-02
 2.43978000e+00,        +1.768062211188e-09,        +1.716328775807e-09,        +0.000000000000e+00,        +0.000000000000e+00,        +4.077358503385e-12,        +2.306117102432e-03,        +2.839711032940e-11,        +1.654526261499e-02
 2.43980000e+00,        +1.762498977175e-09,        +1.710748616138e-09,        +0.000000000000e+00,        +0.000000000000e+00,        +4.060665941949e-12,        +2.303925275722e-03,        +2.831127502769e-11,        +1.654905622055e-02
 2.43982000e+00,        +1.756964782125e-09,        +1.705197560871e-09,        +0.000000000000e+00,        +0.000000000000e+00,        +4.044039770335e-12,        +2.301719312464e-03,        +2.822589869616e-11,        +1.655286128943e-02
 2.43984000e+00,        +1.751459442961e-09,        +1.699675426551e-09,        +0.000000000000e+00,        +0.000000000000e+00,        +4.027479420483e-12,        +2.299499104400e-03,        +2.814097862406e-11,        +1.655667793066e-02
 2.43986000e+00,        +1.745982778303e-09,        +1.694182031419e-09,        +0.000000000000e+00,        +0.000000000000e+00,        +4.010984327586e-12,        +2.297264542028e-03,        +2.805651212766e-11,        +1.656050625455e-02
 2.43988000e+00,        +1.740534608436e-09,        +1.688717195387e-09,        +0.000000000000e+00,        +0.000000000000e+00,        +3.994553930245e-12,        +2.295015514707e-03,        +2.797249654967e-11,        +1.656434637255e-02
 2.43990000e+00,        +1.735114755314e-09,        +1.683280740035e-09,        +0.000000000000e+00,        +0.000000000000e+00,        +3.978187670384e-12,        +2.292751910616e-03,        +2.788892925926e-11,        +1.656819839731e-02
 2.43992000e+00,        +1.729723042534e-09,        +1.677872488591e-09,        +0.000000000000e+00,        +0.000000000000e+00,        +3.961884993245e-12,        +2.290473616770e-03,        +2.780580765173e-11,        +1.657206244265e-02
 2.43994000e+00,        +1.724359295335e-09,        +1.672492265927e-09,        +0.000000000000e+00,        +0.000000000000e+00,        +3.945645347118e-12,        +2.288180518870e-03,        +2.772312914865e-11,        +1.657593862372e-02
 2.43996000e+00,        +1.719023340571e-09,        +1.667139898533e-09,        +0.000000000000e+00,        +0.000000000000e+00,        +3.929468183662e-12,        +2.285872501508e-03,        +2.764089119719e-11,        +1.657982705682e-02
 2.43998000e+00,        +1.713715006713e-09,        +1.661815214517e-09,        +0.000000000000e+00,        +0.000000000000e+00,        +3.913352957525e-12,        +2.283549447951e-03,        +2.755909127040e-11,        +1.658372785954e-02
 2.44000000e+00,        +1.708434123825e-09,        +1.656518043586e-09,        +0.000000000000e+00,        +0.000000000000e+00,        +3.897299126470e-12,        +2.281211240234e-03,        +2.747772686677e-11,        +1.658764115076e-02
 2.44002000e+00,        +1.703180523563e-09,        +1.651248217036e-09,        +0.000000000000e+00,        +0.000000000000e+00,        +3.881306151378e-12,        +2.278857759164e-03,        +2.739679551013e-11,        +1.659156705059e-02
 2.44004000e+00,        +1.697954039149e-09,        +1.646005567738e-09,        +0.000000000000e+00,        +0.000000000000e+00,        +3.865373495901e-12,        +2.276488884139e-03,        +2.731629474962e-11,        +1.659550568055e-02
 2.44006000e+00,        +1.692754505375e-09,        +1.640789930130e-09,        +0.000000000000e+00,        +0.000000000000e+00,        +3.849500626768e-12,        +2.274104493324e-03,        +2.723622215939e-11,        +1.659945716344e-02
 2.44008000e+00,        +1.687581758579e-09,        +1.635601140201e-09,        +0.000000000000e+00,        +0.000000000000e+00,        +3.833687013587e-12,        +2.271704463560e-03,        +2.715657533841e-11,        +1.660342162336e-02
 2.44010000e+00,        +1.682435636641e-09,        +1.630439035484e-09,        +0.000000000000e+00,        +0.000000000000e+00,        +3.817932128801e-12,        +2.269288670337e-03,        +2.707735191039e-11,        +1.660739918580e-02
 2.44012000e+00,        +1.677315978971e-09,        +1.625303455044e-09,        +0.000000000000e+00,        +0.000000000000e+00,        +3.802235447575e-12,        +2.266856987738e-03,        +2.699854952381e-11,        +1.661138997768e-02
 2.44014000e+00,        +1.672222626493e-09,        +1.620194239464e-09,        +0.000000000000e+00,        +0.000000000000e+00,        +3.786596447853e-12,        +2.264409288490e-03,        +2.692016585144e-11,        +1.661539412727e-02
 2.44016000e+00,        +1.667155421641e-09,        +1.615111230837e-09,        +0.000000000000e+00,        +0.000000000000e+00,        +3.771014610357e-12,        +2.261945443962e-03,        +2.684219859033e-11,        +1.661941176424e-02
 2.44018000e+00,        +1.662114208346e-09,        +1.610054272757e-09,        +0.000000000000e+00,        +0.000000000000e+00,        +3.755489418426e-12,        +2.259465324085e-03,        +2.676464546178e-11,        +1.662344301968e-02
 2.44020000e+00,        +1.657098832026e-09,        +1.605023210306e-09,        +0.000000000000e+00,        +0.000000000000e+00,        +3.740020357913e-12,        +2.256968797293e-03,        +2.668750421119e-11,        +1.662748802623e-02
 2.44022000e+00,        +1.652109139575e-09,        +1.600017890045e-09,        +0.000000000000e+00,        +0.000000000000e+00,        +3.724606917375e-12,        +2.254455730651e-03,        +2.661077260775e-11,        +1.663154691789e-02
 2.44024000e+00,        +1.647144979354e-09,        +1.595038160006e-09,        +0.000000000000e+00,        +0.000000000000e+00,        +3.709248587695e-12,        +2.251925989629e-03,        +2.653444844467e-11,        +1.663561983030e-02
 2.44026000e+00,        +1.642206201183e-09,        +1.590083869677e-09,        +0.000000000000e+00,        +0.000000000000e+00,        +3.693944862602e-12,        +2.249379438430e-03,        +2.645852953837e-11,        +1.663970690034e-02
 2.44028000e+00,        +1.637292656329e-09,        +1.585154870002e-09,        +0.000000000000e+00,        +0.000000000000e+00,        +3.678695237774e-12,        +2.246815939443e-03,        +2.638301372941e-11,        +1.664380826675e-02
 2.44030000e+00,        +1.632404197497e-09,        +1.580251013359e-09,        +0.000000000000e+00,        +0.000000000000e+00,        +3.663499211739e-12,        +2.244235353815e-03,        +2.630789888121e-11,        +1.664792406954e-02
 2.44032000e+00,        +1.627540678827e-09,        +1.575372153567e-09,        +0.000000000000e+00,        +0.000000000000e+00,        +3.648356285043e-12,        +2.241637540926e-03,        +2.623318288097e-11,        +1.665205445047e-02
 2.44034000e+00,        +1.622701955873e-09,        +1.570518145862e-09,        +0.000000000000e+00,        +0.000000000000e+00,        +3.633265960578e-12,        +2.239022358621e-03,        +2.615886363893e-11,        +1.665619955290e-02
 2.44036000e+00,        +1.617887885609e-09,        +1.565688846898e-09,        +0.000000000000e+00,        +0.000000000000e+00,        +3.618227743721e-12,        +2.236389663280e-03,        +2.608493908831e-11,        +1.666035952162e-02
 2.44038000e+00,        +1.613098326409e-09,        +1.560884114735e-09,        +0.000000000000e+00,        +0.000000000000e+00,        +3.603241141829e-12,        +2.233739309524e-03,        +2.601140718555e-11,        +1.666453450324e-02
 2.44040000e+00,        +1.608333138048e-09,        +1.556103808832e-09,        +0.000000000000e+00,        +0.000000000000e+00,        +3.588305664424e-12,        +2.231071150334e-03,        +2.593826591001e-11,        +1.666872464600e-02
 2.44042000e+00,        +1.603592181685e-09,        +1.551347790040e-09,        +0.000000000000e+00,        +0.000000000000e+00,        +3.573420823382e-12,        +2.228385037164e-03,        +2.586551326365e-11,        +1.667293009969e-02
 2.44044000e+00,        +1.598875319865e-09,        +1.546615920591e-09,        +0.000000000000e+00,        +0.000000000000e+00,        +3.558586132372e-12,        +2.225680819610e-03,        +2.579314727145e-11,        +1.667715101600e-02
 2.44046000e+00,        +1.594182416502e-09,        +1.541908064094e-09,        +0.000000000000e+00,        +0.000000000000e+00,        +3.543801107375e-12,        +2.222958345727e-03,        +2.572116598078e-11,        +1.668138754815e-02
 2.44048000e+00,        +1.589513336880e-09,        +1.537224085527e-09,        +0.000000000000e+00,        +0.000000000000e+00,        +3.529065266183e-12,        +2.220217461723e-03,        +2.564956746175e-11,        +1.668563985124e-02
 2.44050000e+00,        +1.584867947641e-09,        +1.532563851228e-09,        +0.000000000000e+00,        +0.000000000000e+00,        +3.514378128582e-12,        +2.217458012077e-03,        +2.557834980698e-11,        +1.668990808212e-02
 2.44052000e+00,        +1.580246116781e-09,        +1.527927228892e-09,        +0.000000000000e+00,        +0.000000000000e+00,        +3.499739216308e-12,        +2.214679839516e-03,        +2.550751113141e-11,        +1.669419239940e-02
 2.44054000e+00,        +1.575647713639e-09,        +1.523314087558e-09,        +0.000000000000e+00,        +0.000000000000e+00,        +3.485148053038e-12,        +2.211882785010e-03,        +2.543704957226e-11,        +1.669849296348e-02
 2.44056000e+00,        +1.571072608899e-09,        +1.518724297613e-09,        +0.000000000000e+00,        +0.000000000000e+00,        +3.470604164049e-12,        +2.209066687555e-03,        +2.536696328935e-11,        +1.670280993675e-02
 2.44058000e+00,        +1.566520674572e-09,        +1.514157730772e-09,        +0.000000000000e+00,        +0.000000000000e+00,        +3.456107076710e-12,        +2.206231384502e-03,        +2.529725046428e-11,        +1.670714348325e-02
 2.44060000e+00,        +1.561991784002e-09,        +1.509614260086e-09,        +0.000000000000e+00,        +0.000000000000e+00,        +3.441656319899e-12,        +2.203376711163e-03,        +2.522790930118e-11,        +1.671149376910e-02
 2.44062000e+00,        +1.557485811856e-09,        +1.505093759928e-09,        +0.000000000000e+00,        +0.000000000000e+00,        +3.427251424187e-12,        +2.200502500952e-03,        +2.515893802623e-11,        +1.671586096233e-02
 2.44064000e+00,        +1.553002634110e-09,        +1.500596105985e-09,        +0.000000000000e+00,        +0.000000000000e+00,        +3.412891922065e-12,        +2.197608585527e-03,        +2.509033488737e-11,        +1.672024523275e-02
 2.44066000e+00,        +1.548542128059e-09,        +1.496121175264e-09,        +0.000000000000e+00,        +0.000000000000e+00,        +3.398577347436e-12,        +2.194694794449e-03,        +2.502209815488e-11,        +1.672464675226e-02
 2.44068000e+00,        +1.544104172300e-09,        +1.491668846076e-09,        +0.000000000000e+00,        +0.000000000000e+00,        +3.384307235759e-12,        +2.191760955297e-03,        +2.495422612092e-11,        +1.672906569482e-02
 2.44070000e+00,        +1.539688646736e-09,        +1.487238998038e-09,        +0.000000000000e+00,        +0.000000000000e+00,        +3.370081124046e-12,        +2.188806893648e-03,        +2.488671709965e-11,        +1.673350223635e-02
 2.44072000e+00,        +1.535295432561e-09,        +1.482831512062e-09,        +0.000000000000e+00,        +0.000000000000e+00,        +3.355898550953e-12,        +2.185832433147e-03,        +2.481956942691e-11,        +1.673795655476e-02
 2.44074000e+00,        +1.530924412266e-09,        +1.478446270357e-09,        +0.000000000000e+00,        +0.000000000000e+00,        +3.341759056412e-12,        +2.182837395261e-03,        +2.475278146066e-11,        +1.674242883016e-02
 2.44076000e+00,        +1.526575469628e-09,        +1.474083156422e-09,        +0.000000000000e+00,        +0.000000000000e+00,        +3.327662181863e-12,        +2.179821599435e-03,        +2.468635158055e-11,        +1.674691924468e-02
 2.44078000e+00,        +1.522248489710e-09,        +1.469742055041e-09,        +0.000000000000e+00,        +0.000000000000e+00,        +3.313607470087e-12,        +2.176784862974e-03,        +2.462027818807e-11,        +1.675142798263e-02
 2.44080000e+00,        +1.517943358858e-09,        +1.465422852285e-09,        +0.000000000000e+00,        +0.000000000000e+00,        +3.299594465158e-12,        +2.173727001012e-03,        +2.455455970667e-11,        +1.675595523052e-02
 2.44082000e+00,        +1.513659964691e-09,        +1.461125435497e-09,        +0.000000000000e+00,        +0.000000000000e+00,        +3.285622712463e-12,        +2.170647826530e-03,        +2.448919458142e-11,        +1.676050117702e-02
 2.44084000e+00,        +1.509398196106e-09,        +1.456849693302e-09,        +0.000000000000e+00,        +0.000000000000e+00,        +3.271691758702e-12,        +2.167547150343e-03,        +2.442418127921e-11,        +1.676506601299e-02
 2.44086000e+00,        +1.505157943270e-09,        +1.452595515598e-09,        +0.000000000000e+00,        +0.000000000000e+00,        +3.257801151680e-12,        +2.164424780964e-03,        +2.435951828880e-11,        +1.676964993161e-02
 2.44088000e+00,        +1.500939097622e-09,        +1.448362793552e-09,        +0.000000000000e+00,        +0.000000000000e+00,        +3.243950440353e-12,        +2.161280524634e-03,        +2.429520412074e-11,        +1.677425312836e-02
 2.44090000e+00,        +1.496741551865e-09,        +1.444151419600e-09,        +0.000000000000e+00,        +0.000000000000e+00,        +3.230139174941e-12,        +2.158114185389e-03,        +2.423123730726e-11,        +1.677887580097e-02
 2.44092000e+00,        +1.492565199966e-09,        +1.439961287444e-09,        +0.000000000000e+00,        +0.000000000000e+00,        +3.216366906512e-12,        +2.154925564783e-03,        +2.416761640257e-11,        +1.678351814963e-02
 2.44094000e+00,        +1.488409937157e-09,        +1.435792292050e-09,        +0.000000000000e+00,        +0.000000000000e+00,        +3.202633187406e-12,        +2.151714462162e-03,        +2.410433998254e-11,        +1.678818037680e-02
 2.44096000e+00,        +1.484275659931e-09,        +1.431644329648e-09,        +0.000000000000e+00,        +0.000000000000e+00,        +3.188937570731e-12,        +2.148480674324e-03,        +2.404140664509e-11,        +1.679286268749e-02
 2.44098000e+00,        +1.480162266040e-09,        +1.427517297729e-09,        +0.000000000000e+00,        +0.000000000000e+00,        +3.175279610766e-12,        +2.145223995786e-03,        +2.397881500981e-11,        +1.679756528902e-02
 2.44100000e+00,        +1.476069654494e-09,        +1.423411095043e-09,        +0.000000000000e+00,        +0.000000000000e+00,        +3.161658862622e-12,        +2.141944218551e-03,        +2.391656371822e-11,        +1.680228839125e-02
 2.44102000e+00,        +1.471997725564e-09,        +1.419325621602e-09,        +0.000000000000e+00,        +0.000000000000e+00,        +3.148074882190e-12,        +2.138641132060e-03,        +2.385465143396e-11,        +1.680703220663e-02
 2.44104000e+00,        +1.467946380776e-09,        +1.415260778676e-09,        +0.000000000000e+00,        +0.000000000000e+00,        +3.134527226322e-12,        +2.135314523318e-03,        +2.379307684249e-11,        +1.681179695006e-02
 2.44106000e+00,        +1.463915522914e-09,        +1.411216468794e-09,        +0.000000000000e+00,        +0.000000000000e+00,        +3.121015452530e-12,        +2.131964176674e-03,        +2.373183865141e-11,        +1.681658283912e-02
 2.44108000e+00,        +1.459905056024e-09,        +1.407192595745e-09,        +0.000000000000e+00,        +0.000000000000e+00,        +3.107539119098e-12,        +2.128589873894e-03,        +2.367093559045e-11,        +1.682139009402e-02
 2.44110000e+00,        +1.455914885402e-09,        +1.403189064576e-09,        +0.000000000000e+00,        +0.000000000000e+00,        +3.094097785122e-12,        +2.125191394184e-03,        +2.361036641129e-11,        +1.682621893752e-02
 2.44112000e+00,        +1.451944917609e-09,        +1.399205781595e-09,        +0.000000000000e+00,        +0.000000000000e+00,        +3.080691010304e-12,        +2.121768514040e-03,        +2.355012988793e-11,        +1.683106959513e-02
 2.44114000e+00,        +1.447995060465e-09,        +1.395242654371e-09,        +0.000000000000e+00,        +0.000000000000e+00,        +3.067318354824e-12,        +2.118321007145e-03,        +2.349022481681e-11,        +1.683594229522e-02
 2.44116000e+00,        +1.444065223048e-09,        +1.391299591736e-09,        +0.000000000000e+00,        +0.000000000000e+00,        +3.053979379688e-12,        +2.114848644608e-03,        +2.343065001646e-11,        +1.684083726871e-02
 2.44118000e+00,        +1.440155315704e-09,        +1.387376503788e-09,        +0.000000000000e+00,        +0.000000000000e+00,        +3.040673646195e-12,        +2.111351194582e-03,        +2.337140432813e-11,        +1.684575474956e-02
 2.44120000e+00,        +1.436265250038e-09,        +1.383473301887e-09,        +0.000000000000e+00,        +0.000000000000e+00,        +3.027400716277e-12,        +2.107828422498e-03,        +2.331248661536e-11,        +1.685069497443e-02
 2.44122000e+00,        +1.432394938929e-09,        +1.379589898667e-09,        +0.000000000000e+00,        +0.000000000000e+00,        +3.014160152227e-12,        +2.104280090853e-03,        +2.325389576459e-11,        +1.685565818296e-02
 2.44124000e+00,        +1.428544296521e-09,        +1.375726208029e-09,        +0.000000000000e+00,        +0.000000000000e+00,        +3.000951516823e-12,        +2.100705959298e-03,        +2.319563068477e-11,        +1.686064461766e-02
 2.44126000e+00,        +1.424713238232e-09,        +1.371882145149e-09,        +0.000000000000e+00,        +0.000000000000e+00,        +2.987774373217e-12,        +2.097105784547e-03,        +2.313769030773e-11,        +1.686565452400e-02
 2.44128000e+00,        +1.420901680757e-09,        +1.368057626483e-09,        +0.000000000000e+00,        +0.000000000000e+00,        +2.974628284775e-12,        +2.093479320251e-03,        +2.308007358836e-11,        +1.687068815054e-02
 2.44130000e+00,        +1.417109542071e-09,        +1.364252569766e-09,        +0.000000000000e+00,        +0.000000000000e+00,        +2.961512815219e-12,        +2.089826317089e-03,        +2.302277950457e-11,        +1.687574574884e-02
 2.44132000e+00,        +1.413336741435e-09,        +1.360466894020e-09,        +0.000000000000e+00,        +0.000000000000e+00,        +2.948427528443e-12,        +2.086146522626e-03,        +2.296580705756e-11,        +1.688082757361e-02
 2.44134000e+00,        +1.409583199394e-09,        +1.356700519556e-09,        +0.000000000000e+00,        +0.000000000000e+00,        +2.935371988697e-12,        +2.082439681432e-03,        +2.290915527165e-11,        +1.688593388256e-02
 2.44136000e+00,        +1.405848837793e-09,        +1.352953367982e-09,        +0.000000000000e+00,        +0.000000000000e+00,        +2.922345760094e-12,        +2.078705534715e-03,        +2.285282319505e-11,        +1.689106493679e-02
 2.44138000e+00,        +1.402133579773e-09,        +1.349225362205e-09,        +0.000000000000e+00,        +0.000000000000e+00,        +2.909348407133e-12,        +2.074943820691e-03,        +2.279680989922e-11,        +1.689622100045e-02
 2.44140000e+00,        +1.398437349780e-09,        +1.345516426438e-09,        +0.000000000000e+00,        +0.000000000000e+00,        +2.896379494167e-12,        +2.071154274179e-03,        +2.274111447975e-11,        +1.690140234107e-02
 2.44142000e+00,        +1.394760073568e-09,        +1.341826486205e-09,        +0.000000000000e+00,        +0.000000000000e+00,        +2.883438585679e-12,        +2.067336626795e-03,        +2.268573605599e-11,        +1.690660922945e-02
 2.44144000e+00,        +1.391101678216e-09,        +1.338155468352e-09,        +0.000000000000e+00,        +0.000000000000e+00,        +2.870525246123e-12,        +2.063490606814e-03,        +2.263067377154e-11,        +1.691184193972e-02
 2.44146000e+00,        +1.387462092123e-09,        +1.334503301049e-09,        +0.000000000000e+00,        +0.000000000000e+00,        +2.857639039760e-12,        +2.059615939048e-03,        +2.257592679442e-11,        +1.691710074953e-02
 2.44148000e+00,        +1.383841245018e-09,        +1.330869913797e-09,        +0.000000000000e+00,        +0.000000000000e+00,        +2.844779530881e-12,        +2.055712344984e-03,        +2.252149431704e-11,        +1.692238593987e-02
 2.44150000e+00,        +1.380239067975e-09,        +1.327255237444e-09,        +0.000000000000e+00,        +0.000000000000e+00,        +2.831946283522e-12,        +2.051779542566e-03,        +2.246737555669e-11,        +1.692769779531e-02
 2.44152000e+00,        +1.376655493411e-09,        +1.323659204179e-09,        +0.000000000000e+00,        +0.000000000000e+00,        +2.819138861667e-12,        +2.047817246334e-03,        +2.241356975535e-11,        +1.693303660382e-02
 2.44154000e+00,        +1.373090455106e-09,        +1.320081747558e-09,        +0.000000000000e+00,        +0.000000000000e+00,        +2.806356828789e-12,        +2.043825167056e-03,        +2.236007618058e-11,        +1.693840265721e-02
 2.44156000e+00,        +1.369543888206e-09,        +1.316522802503e-09,        +0.000000000000e+00,        +0.000000000000e+00,        +2.793599748250e-12,        +2.039803012016e-03,        +2.230689412511e-11,        +1.694379625077e-02
 2.44158000e+00,        +1.366015729228e-09,        +1.312982305309e-09,        +0.000000000000e+00,        +0.000000000000e+00,        +2.780867183033e-12,        +2.035750484809e-03,        +2.225402290731e-11,        +1.694921768353e-02
 2.44160000e+00,        +1.362505916082e-09,        +1.309460193662e-09,        +0.000000000000e+00,        +0.000000000000e+00,        +2.768158695804e-12,        +2.031667285353e-03,        +2.220146187141e-11,        +1.695466725821e-02
 2.44162000e+00,        +1.359014388077e-09,        +1.305956406651e-09,        +0.000000000000e+00,        +0.000000000000e+00,        +2.755473848655e-12,        +2.027553109687e-03,        +2.214921038801e-11,        +1.696014528143e-02
 2.44164000e+00,        +1.355541085930e-09,        +1.302470884773e-09,        +0.000000000000e+00,        +0.000000000000e+00,        +2.742812203219e-12,        +2.023407650043e-03,        +2.209726785411e-11,        +1.696565206366e-02
 2.44166000e+00,        +1.352085951776e-09,        +1.299003569946e-09,        +0.000000000000e+00,        +0.000000000000e+00,        +2.730173320787e-12,        +2.019230594919e-03,        +2.204563369316e-11,        +1.697118791912e-02
 2.44168000e+00,        +1.348648929194e-09,        +1.295554405528e-09,        +0.000000000000e+00,        +0.000000000000e+00,        +2.717556761818e-12,        +2.015021628678e-03,        +2.199430735603e-11,        +1.697675316620e-02
 2.44170000e+00,        +1.345229963199e-09,        +1.292123336320e-09,        +0.000000000000e+00,        +0.000000000000e+00,        +2.704962086533e-12,        +2.010780431995e-03,        +2.194328832039e-11,        +1.698234812699e-02
 2.44172000e+00,        +1.341829000280e-09,        +1.288710308593e-09,        +0.000000000000e+00,        +0.000000000000e+00,        +2.692388854062e-12,        +2.006506681179e-03,        +2.189257609214e-11,        +1.698797312799e-02
 2.44174000e+00,        +1.338445988398e-09,        +1.285315270093e-09,        +0.000000000000e+00,        +0.000000000000e+00,        +2.679836623112e-12,        +2.002200048670e-03,        +2.184217020482e-11,        +1.699362849959e-02
 2.44176000e+00,        +1.335080877006e-09,        +1.281938170061e-09,        +0.000000000000e+00,        +0.000000000000e+00,        +2.667304951462e-12,        +1.997860202629e-03,        +2.179207022046e-11,        +1.699931457648e-02
 2.44178000e+00,        +1.331733617065e-09,        +1.278578959241e-09,        +0.000000000000e+00,        +0.000000000000e+00,        +2.654793396325e-12,        +1.993486807201e-03,        +2.174227572951e-11,        +1.700503169739e-02
 2.44180000e+00,        +1.328404161061e-09,        +1.275237589910e-09,        +0.000000000000e+00,        +0.000000000000e+00,        +2.642301513824e-12,        +1.989079522089e-03,        +2.169278635179e-11,        +1.701078020553e-02
 2.44182000e+00,        +1.325092463024e-09,        +1.271914015884e-09,        +0.000000000000e+00,        +0.000000000000e+00,        +2.629828859397e-12,        +1.984638002842e-03,        +2.164360173631e-11,        +1.701656044829e-02
 2.44184000e+00,        +1.321798478545e-09,        +1.268608192544e-09,        +0.000000000000e+00,        +0.000000000000e+00,        +2.617374987372e-12,        +1.980161900515e-03,        +2.159472156214e-11,        +1.702237277755e-02
 2.44186000e+00,        +1.318522164790e-09,        +1.265320076847e-09,        +0.000000000000e+00,        +0.000000000000e+00,        +2.604939451232e-12,        +1.975650861847e-03,        +2.154614553839e-11,        +1.702821754957e-02
 2.44188000e+00,        +1.315263480530e-09,        +1.262049627354e-09,        +0.000000000000e+00,        +0.000000000000e+00,        +2.592521803332e-12,        +1.971104529023e-03,        +2.149787340504e-11,        +1.703409512517e-02
 2.44190000e+00,        +1.312022386155e-09,        +1.258796804246e-09,        +0.000000000000e+00,        +0.000000000000e+00,        +2.580121594978e-12,        +1.966522539710e-03,        +2.144990493313e-11,        +1.704000586971e-02
 2.44192000e+00,        +1.308798843697e-09,        +1.255561569348e-09,        +0.000000000000e+00,        +0.000000000000e+00,        +2.567738376366e-12,        +1.961904526988e-03,        +2.140223992533e-11,        +1.704595015317e-02
 2.44194000e+00,        +1.305592816848e-09,        +1.252343886145e-09,        +0.000000000000e+00,        +0.000000000000e+00,        +2.555371696507e-12,        +1.957250119280e-03,        +2.135487821635e-11,        +1.705192835019e-02
 2.44196000e+00,        +1.302404270992e-09,        +1.249143719815e-09,        +0.000000000000e+00,        +0.000000000000e+00,        +2.543021103246e-12,        +1.952558940327e-03,        +2.130781967345e-11,        +1.705794084015e-02
 2.44198000e+00,        +1.299233173222e-09,        +1.245961037245e-09,        +0.000000000000e+00,        +0.000000000000e+00,        +2.530686143069e-12,        +1.947830609030e-03,        +2.126106419707e-11,        +1.706398800726e-02
 2.44200000e+00,        +1.296079492373e-09,        +1.242795807066e-09,        +0.000000000000e+00,        +0.000000000000e+00,        +2.518366361140e-12,        +1.943064739439e-03,        +2.121461172136e-11,        +1.707007024062e-02
 2.44202000e+00,        +1.292943199034e-09,        +1.239647999662e-09,        +0.000000000000e+00,        +0.000000000000e+00,        +2.506061301457e-12,        +1.938260940874e-03,        +2.116846221433e-11,        +1.707618793407e-02
 2.44204000e+00,        +1.289824265592e-09,        +1.236517587218e-09,        +0.000000000000e+00,        +0.000000000000e+00,        +2.493770506362e-12,        +1.933418817499e-03,        +2.112261567910e-11,        +1.708234148664e-02
 2.44206000e+00,        +1.286722666251e-09,        +1.233404543733e-09,        +0.000000000000e+00,        +0.000000000000e+00,        +2.481493516904e-12,        +1.928537968585e-03,        +2.107707215394e-11,        +1.708853130226e-02
 2.44208000e+00,        +1.283638377064e-09,        +1.230308845060e-09,        +0.000000000000e+00,        +0.000000000000e+00,        +2.469229872526e-12,        +1.923617988249e-03,        +2.103183171325e-11,        +1.709475779005e-02
 2.44210000e+00,        +1.280571375960e-09,        +1.227230468924e-09,        +0.000000000000e+00,        +0.000000000000e+00,        +2.456979111235e-12,        +1.918658465557e-03,        +2.098689446784e-11,        +1.710102136417e-02
 2.44212000e+00,        +1.277521642782e-09,        +1.224169394970e-09,        +0.000000000000e+00,        +0.000000000000e+00,        +2.444740769359e-12,        +1.913658984309e-03,        +2.094226056594e-11,        +1.710732244409e-02
 2.44214000e+00,        +1.274489159315e-09,        +1.221125604780e-09,        +0.000000000000e+00,        +0.000000000000e+00,        +2.432514381628e-12,        +1.908619123081e-03,        +2.089793019364e-11,        +1.711366145451e-02
 2.44216000e+00,        +1.271473909326e-09,        +1.218099081921e-09,        +0.000000000000e+00,        +0.000000000000e+00,        +2.420299481067e-12,        +1.903538455106e-03,        +2.085390357579e-11,        +1.712003882550e-02
 2.44218000e+00,        +1.268475878592e-09,        +1.215089811971e-09,        +0.000000000000e+00,        +0.000000000000e+00,        +2.408095598989e-12,        +1.898416548261e-03,        +2.081018097652e-11,        +1.712645499247e-02
 2.44220000e+00,        +1.265495054946e-09,        +1.212097782564e-09,        +0.000000000000e+00,        +0.000000000000e+00,        +2.395902264819e-12,        +1.893252964882e-03,        +2.076676270035e-11,        +1.713291039641e-02
 2.44222000e+00,        +1.262531428306e-09,        +1.209122983420e-09,        +0.000000000000e+00,        +0.000000000000e+00,        +2.383719006348e-12,        +1.888047261958e-03,        +2.072364909246e-11,        +1.713940548367e-02
 2.44224000e+00,        +1.259584990718e-09,        +1.206165406387e-09,        +0.000000000000e+00,        +0.000000000000e+00,        +2.371545349472e-12,        +1.882798990896e-03,        +2.068084053976e-11,        +1.714594070617e-02
 2.44226000e+00,        +1.256655736415e-09,        +1.203225045499e-09,        +0.000000000000e+00,        +0.000000000000e+00,        +2.359380817871e-12,        +1.877507697217e-03,        +2.063833747232e-11,        +1.715251652176e-02
 2.44228000e+00,        +1.253743661825e-09,        +1.200301896988e-09,        +0.000000000000e+00,        +0.000000000000e+00,        +2.347224933685e-12,        +1.872172921113e-03,        +2.059614036300e-11,        +1.715913339359e-02
 2.44230000e+00,        +1.250848765645e-09,        +1.197395959354e-09,        +0.000000000000e+00,        +0.000000000000e+00,        +2.335077216865e-12,        +1.866794196868e-03,        +2.055424972936e-11,        +1.716579179075e-02
 2.44232000e+00,        +1.247971048880e-09,        +1.194507233405e-09,        +0.000000000000e+00,        +0.000000000000e+00,        +2.322937185249e-12,        +1.861371052905e-03,        +2.051266613437e-11,        +1.717249218818e-02
 2.44234000e+00,        +1.245110514886e-09,        +1.191635722300e-09,        +0.000000000000e+00,        +0.000000000000e+00,        +2.310804354742e-12,        +1.855903011914e-03,        +2.047139018710e-11,        +1.717923506656e-02
 2.44236000e+00,        +1.242267169428e-09,        +1.188781431610e-09,        +0.000000000000e+00,        +0.000000000000e+00,        +2.298678238947e-12,        +1.850389590514e-03,        +2.043042254421e-11,        +1.718602091265e-02
 2.44238000e+00,        +1.239441020719e-09,        +1.185944369351e-09,        +0.000000000000e+00,        +0.000000000000e+00,        +2.286558349508e-12,        +1.844830299535e-03,        +2.038976391030e-11,        +1.719285021898e-02
 2.44240000e+00,        +1.236632079493e-09,        +1.183124546063e-09,        +0.000000000000e+00,        +0.000000000000e+00,        +2.274444195716e-12,        +1.839224643637e-03,        +2.034941503972e-11,        +1.719972348426e-02
 2.44242000e+00,        +1.233840359047e-09,        +1.180321974845e-09,        +0.000000000000e+00,        +0.000000000000e+00,        +2.262335284680e-12,        +1.833572121460e-03,        +2.030937673724e-11,        +1.720664121322e-02
 2.44244000e+00,        +1.231065875309e-09,        +1.177536671433e-09,        +0.000000000000e+00,        +0.000000000000e+00,        +2.250231121073e-12,        +1.827872225366e-03,        +2.026964985959e-11,        +1.721360391683e-02
 2.44246000e+00,        +1.228308646882e-09,        +1.174768654234e-09,        +0.000000000000e+00,        +0.000000000000e+00,        +2.238131207541e-12,        +1.822124441787e-03,        +2.023023531593e-11,        +1.722061211202e-02
 2.44248000e+00,        +1.225568695129e-09,        +1.172017944417e-09,        +0.000000000000e+00,        +0.000000000000e+00,        +2.226035044132e-12,        +1.816328250697e-03,        +2.019113406998e-11,        +1.722766632214e-02
 2.44250000e+00,        +1.222846044221e-09,        +1.169284565958e-09,        +0.000000000000e+00,        +0.000000000000e+00,        +2.213942128668e-12,        +1.810483125927e-03,        +2.015234714063e-11,        +1.723476707667e-02
 2.44252000e+00,        +1.220140721221e-09,        +1.166568545725e-09,        +0.000000000000e+00,        +0.000000000000e+00,        +2.201851956326e-12,        +1.804588534774e-03,        +2.011387560395e-11,        +1.724191491161e-02
 2.44254000e+00,        +1.217452756131e-09,        +1.163869913528e-09,        +0.000000000000e+00,        +0.000000000000e+00,        +2.189764020142e-12,        +1.798643938432e-03,        +2.007572059362e-11,        +1.724911036902e-02
 2.44256000e+00,        +1.214782181997e-09,        +1.161188702216e-09,        +0.000000000000e+00,        +0.000000000000e+00,        +2.177677810366e-12,        +1.792648791396e-03,        +2.003788330353e-11,        +1.725635399767e-02
 2.44258000e+00,        +1.212129034951e-09,        +1.158524947729e-09,        +0.000000000000e+00,        +0.000000000000e+00,        +2.165592814985e-12,        +1.786602541925e-03,        +2.000036498815e-11,        +1.726364635251e-02
 2.44260000e+00,        +1.209493354323e-09,        +1.155878689200e-09,        +0.000000000000e+00,        +0.000000000000e+00,        +2.153508519268e-12,        +1.780504631606e-03,        +1.996316696501e-11,        +1.727098799514e-02
 2.44262000e+00,        +1.206875182695e-09,        +1.153249969020e-09,        +0.000000000000e+00,        +0.000000000000e+00,        +2.141424406017e-12,        +1.774354495579e-03,        +1.992629061567e-11,        +1.727837949357e-02
 2.44264000e+00,        +1.204274566006e-09,        +1.150638832932e-09,        +0.000000000000e+00,        +0.000000000000e+00,        +2.129339955466e-12,        +1.768151562419e-03,        +1.988973738765e-11,        +1.728582142233e-02
 2.44266000e+00,        +1.201691553624e-09,        +1.148045330109e-09,        +0.000000000000e+00,        +0.000000000000e+00,        +2.117254645334e-12,        +1.761895254193e-03,        +1.985350879586e-11,        +1.729331436241e-02
 2.44268000e+00,        +1.199126198462e-09,        +1.145469513270e-09,        +0.000000000000e+00,        +0.000000000000e+00,        +2.105167950509e-12,        +1.755584986141e-03,        +1.981760642515e-11,        +1.730085890158e-02
 2.44270000e+00,        +1.196578557046e-09,        +1.142911438746e-09,        +0.000000000000e+00,        +0.000000000000e+00,        +2.093079343499e-12,        +1.749220167095e-03,        +1.978203193110e-11,        +1.730845563398e-02
 2.44272000e+00,        +1.194048689641e-09,        +1.140371166608e-09,        +0.000000000000e+00,        +0.000000000000e+00,        +2.080988293973e-12,        +1.742800199042e-03,        +1.974678704299e-11,        +1.731610516051e-02
 2.44274000e+00,        +1.191536660332e-09,        +1.137848760743e-09,        +0.000000000000e+00,        +0.000000000000e+00,        +2.068894269149e-12,        +1.736324477480e-03,        +1.971187356486e-11,        +1.732380808851e-02
 2.44276000e+00,        +1.189042537147e-09,        +1.135344288986e-09,        +0.000000000000e+00,        +0.000000000000e+00,        +2.056796733510e-12,        +1.729792391150e-03,        +1.967729337828e-11,        +1.733156503201e-02
 2.44278000e+00,        +1.186566392161e-09,        +1.132857823216e-09,        +0.000000000000e+00,        +0.000000000000e+00,        +2.044695148940e-12,        +1.723203322164e-03,        +1.964304844412e-11,        +1.733937661158e-02
 2.44280000e+00,        +1.184108301622e-09,        +1.130389439484e-09,        +0.000000000000e+00,        +0.000000000000e+00,        +2.032588974644e-12,        +1.716556645925e-03,        +1.960914080504e-11,        +1.734724345442e-02
 2.44282000e+00,        +1.181668346061e-09,        +1.127939218125e-09,        +0.000000000000e+00,        +0.000000000000e+00,        +2.020477667292e-12,        +1.709851731263e-03,        +1.957557258754e-11,        +1.735516619422e-02
 2.44284000e+00,        +1.179246610427e-09,        +1.125507243889e-09,        +0.000000000000e+00,        +0.000000000000e+00,        +2.008360680883e-12,        +1.703087940322e-03,        +1.954234600462e-11,        +1.736314547127e-02
 2.44286000e+00,        +1.176843184211e-09,        +1.123093606072e-09,        +0.000000000000e+00,        +0.000000000000e+00,        +1.996237466899e-12,        +1.696264628696e-03,        +1.950946335806e-11,        +1.737118193228e-02
 2.44288000e+00,        +1.174458161588e-09,        +1.120698398650e-09,        +0.000000000000e+00,        +0.000000000000e+00,        +1.984107474245e-12,        +1.689381145397e-03,        +1.947692704118e-11,        +1.737927623047e-02
 2.44290000e+00,        +1.172091641560e-09,        +1.118321720425e-09,        +0.000000000000e+00,        +0.000000000000e+00,        +1.971970149363e-12,        +1.682436832958e-03,        +1.944473954143e-11,        +1.738742902537e-02
 2.44292000e+00,        +1.169743728104e-09,        +1.115963675176e-09,        +0.000000000000e+00,        +0.000000000000e+00,        +1.959824936069e-12,        +1.675431027313e-03,        +1.941290344347e-11,        +1.739564098303e-02
 2.44294000e+00,        +1.167414530321e-09,        +1.113624371805e-09,        +0.000000000000e+00,        +0.000000000000e+00,        +1.947671275873e-12,        +1.668363058096e-03,        +1.938142143174e-11,        +1.740391277565e-02
 2.44296000e+00,        +1.165104162600e-09,        +1.111303924498e-09,        +0.000000000000e+00,        +0.000000000000e+00,        +1.935508607977e-12,        +1.661232248675e-03,        +1.935029629343e-11,        +1.741224508153e-02
 2.44298000e+00,        +1.162812744794e-09,        +1.109002452909e-09,        +0.000000000000e+00,        +0.000000000000e+00,        +1.923336369019e-12,        +1.654037915932e-03,        +1.931953092238e-11,        +1.742063858534e-02
 2.44300000e+00,        +1.160540402377e-09,        +1.106720082308e-09,        +0.000000000000e+00,        +0.000000000000e+00,        +1.911153993640e-12,        +1.646779370821e-03,        +1.928912832132e-11,        +1.742909397749e-02
 2.44302000e+00,        +1.158287266639e-09,        +1.104456943782e-09,        +0.000000000000e+00,        +0.000000000000e+00,        +1.898960914244e-12,        +1.639455918180e-03,        +1.925909160594e-11,        +1.743761195433e-02
 2.44304000e+00,        +1.156053474869e-09,        +1.102213174418e-09,        +0.000000000000e+00,        +0.000000000000e+00,        +1.886756561173e-12,        +1.632066856930e-03,        +1.922942400826e-11,        +1.744619321795e-02
 2.44306000e+00,        +1.153839170568e-09,        +1.099988917509e-09,        +0.000000000000e+00,        +0.000000000000e+00,        +1.874540362643e-12,        +1.624611480056e-03,        +1.920012888072e-11,        +1.745483847618e-02
 2.44308000e+00,        +1.151644503625e-09,        +1.097784322741e-09,        +0.000000000000e+00,        +0.000000000000e+00,        +1.862311745265e-12,        +1.617089075147e-03,        +1.917120969909e-11,        +1.746354844204e-02
 2.44310000e+00,        +1.149469630565e-09,        +1.095599546429e-09,        +0.000000000000e+00,        +0.000000000000e+00,        +1.850070133668e-12,        +1.609498924090e-03,        +1.914267006761e-11,        +1.747232383401e-02
 2.44312000e+00,        +1.147314714744e-09,        +1.093434751724e-09,        +0.000000000000e+00,        +0.000000000000e+00,        +1.837814951081e-12,        +1.601840303679e-03,        +1.911451372215e-11,        +1.748116537545e-02
 2.44314000e+00,        +1.145179926607e-09,        +1.091290108859e-09,        +0.000000000000e+00,        +0.000000000000e+00,        +1.825545619126e-12,        +1.594112485480e-03,        +1.908674453536e-11,        +1.749007379469e-02
 2.44316000e+00,        +1.143065443922e-09,        +1.089165795393e-09,        +0.000000000000e+00,        +0.000000000000e+00,        +1.813261558141e-12,        +1.586314736205e-03,        +1.905936652087e-11,        +1.749904982464e-02
 2.44318000e+00,        +1.140971452020e-09,        +1.087061996444e-09,        +0.000000000000e+00,        +0.000000000000e+00,        +1.800962187546e-12,        +1.578446318141e-03,        +1.903238383754e-11,        +1.750809420236e-02
 2.44320000e+00,        +1.138898144094e-09,        +1.084978904991e-09,        +0.000000000000e+00,        +0.000000000000e+00,        +1.788646925585e-12,        +1.570506488978e-03,        +1.900580079544e-11,        +1.751720766922e-02
 2.44322000e+00,        +1.136845721450e-09,        +1.082916722126e-09,        +0.000000000000e+00,        +0.000000000000e+00,        +1.776315189901e-12,        +1.562494502451e-03,        +1.897962186018e-11,        +1.752639097022e-02
 2.44324000e+00,        +1.134814393807e-09,        +1.080875657351e-09,        +0.000000000000e+00,        +0.000000000000e+00,        +1.763966397694e-12,        +1.554409608586e-03,        +1.895385165837e-11,        +1.753564485374e-02
 2.44326000e+00,        +1.132804379588e-09,        +1.078855928872e-09,        +0.000000000000e+00,        +0.000000000000e+00,        +1.751599966013e-12,        +1.546251054088e-03,        +1.892849498314e-11,        +1.754497007114e-02
 2.44328000e+00,        +1.130815906264e-09,        +1.076857763940e-09,        +0.000000000000e+00,        +0.000000000000e+00,        +1.739215311804e-12,        +1.538018082492e-03,        +1.890355680051e-11,        +1.755436737657e-02
 2.44330000e+00,        +1.128849210671e-09,        +1.074881399168e-09,        +0.000000000000e+00,        +0.000000000000e+00,        +1.726811852339e-12,        +1.529709934698e-03,        +1.887904225514e-11,        +1.756383752641e-02
 2.44332000e+00,        +1.126904539328e-09,        +1.072927080852e-09,        +0.000000000000e+00,        +0.000000000000e+00,        +1.714389005866e-12,        +1.521325849738e-03,        +1.885495667588e-11,        +1.757338127855e-02
 2.44334000e+00,        +1.124982148850e-09,        +1.070995065381e-09,        +0.000000000000e+00,        +0.000000000000e+00,        +1.701946191372e-12,        +1.512865064670e-03,        +1.883130558380e-11,        +1.758299939234e-02
 2.44336000e+00,        +1.123082306296e-09,        +1.069085619588e-09,        +0.000000000000e+00,        +0.000000000000e+00,        +1.689482829325e-12,        +1.504326815456e-03,        +1.880809469825e-11,        +1.759269262784e-02
 2.44338000e+00,        +1.121205289572e-09,        +1.067199021149e-09,        +0.000000000000e+00,        +0.000000000000e+00,        +1.676998341995e-12,        +1.495710337430e-03,        +1.878532994430e-11,        +1.760246174522e-02
 2.44340000e+00,        +1.119351387838e-09,        +1.065335558989e-09,        +0.000000000000e+00,        +0.000000000000e+00,        +1.664492154038e-12,        +1.487014866041e-03,        +1.876301745989e-11,        +1.761230750403e-02
 2.44342000e+00,        +1.117520901961e-09,        +1.063495533746e-09,        +0.000000000000e+00,        +0.000000000000e+00,        +1.651963692634e-12,        +1.478239637160e-03,        +1.874116360459e-11,        +1.762223066286e-02
 2.44344000e+00,        +1.115714144957e-09,        +1.061679258194e-09,        +0.000000000000e+00,        +0.000000000000e+00,        +1.639412388313e-12,        +1.469383888089e-03,        +1.871977496706e-11,        +1.763223197833e-02
 2.44346000e+00,        +1.113931442485e-09,        +1.059887057756e-09,        +0.000000000000e+00,        +0.000000000000e+00,        +1.626837675191e-12,        +1.460446857988e-03,        +1.869885837452e-11,        +1.764231220458e-02
 2.44348000e+00,        +1.112173133293e-09,        +1.058119270936e-09,        +0.000000000000e+00,        +0.000000000000e+00,        +1.614238992206e-12,        +1.451427789329e-03,        +1.867842090003e-11,        +1.765247209182e-02
 2.44350000e+00,        +1.110439569822e-09,        +1.056376249932e-09,        +0.000000000000e+00,        +0.000000000000e+00,        +1.601615782884e-12,        +1.442325927867e-03,        +1.865846987432e-11,        +1.766271238635e-02
 2.44352000e+00,        +1.108731118692e-09,        +1.054658361115e-09,        +0.000000000000e+00,        +0.000000000000e+00,        +1.588967496698e-12,        +1.433140524254e-03,        +1.863901289384e-11,        +1.767303382884e-02
 2.44354000e+00,        +1.107048161321e-09,        +1.052965985652e-09,        +0.000000000000e+00,        +0.000000000000e+00,        +1.576293589348e-12,        +1.423870834550e-03,        +1.862005783242e-11,        +1.768343715385e-02
 2.44356000e+00,        +1.105391094484e-09,        +1.051299520064e-09,        +0.000000000000e+00,        +0.000000000000e+00,        +1.563593524046e-12,        +1.414516121805e-03,        +1.860161285068e-11,        +1.769392308821e-02
 2.44358000e+00,        +1.103760330993e-09,        +1.049659376906e-09,        +0.000000000000e+00,        +0.000000000000e+00,        +1.550866771875e-12,        +1.405075656669e-03,        +1.858368640886e-11,        +1.770449235031e-02
 2.44360000e+00,        +1.102156300339e-09,        +1.048045985408e-09,        +0.000000000000e+00,        +0.000000000000e+00,        +1.538112812990e-12,        +1.395548718922e-03,        +1.856628727795e-11,        +1.771514564862e-02
 2.44362000e+00,        +1.100579449382e-09,        +1.046459792165e-09,        +0.000000000000e+00,        +0.000000000000e+00,        +1.525331137660e-12,        +1.385934598831e-03,        +1.854942455191e-11,        +1.772588368019e-02
 2.44364000e+00,        +1.099030243123e-09,        +1.044901261910e-09,        +0.000000000000e+00,        +0.000000000000e+00,        +1.512521246993e-12,        +1.376232598200e-03,        +1.853310766191e-11,        +1.773670712966e-02
 2.44366000e+00,        +1.097509165431e-09,        +1.043370878240e-09,        +0.000000000000e+00,        +0.000000000000e+00,        +1.499682654492e-12,        +1.366442032311e-03,        +1.851734638873e-11,        +1.774761666721e-02
 2.44368000e+00,        +1.096016719887e-09,        +1.041869144459e-09,        +0.000000000000e+00,        +0.000000000000e+00,        +1.486814886966e-12,        +1.356562231204e-03,        +1.850215087811e-11,        +1.775861294723e-02
 2.44370000e+00,        +1.094553430646e-09,        +1.040396584442e-09,        +0.000000000000e+00,        +0.000000000000e+00,        +1.473917485805e-12,        +1.346592541340e-03,        +1.848753165613e-11,        +1.776969660665e-02
 2.44372000e+00,        +1.093119843272e-09,        +1.038953743468e-09,        +0.000000000000e+00,        +0.000000000000e+00,        +1.460990008942e-12,        +1.336532328029e-03,        +1.847349964336e-11,        +1.778086826243e-02
 2.44374000e+00,        +1.091716525764e-09,        +1.037541189245e-09,        +0.000000000000e+00,        +0.000000000000e+00,        +1.448032031597e-12,        +1.326380976585e-03,        +1.846006617386e-11,        +1.779212851037e-02
 2.44376000e+00,        +1.090344069506e-09,        +1.036159512863e-09,        +0.000000000000e+00,        +0.000000000000e+00,        +1.435043148389e-12,        +1.316137894930e-03,        +1.844724301139e-11,        +1.780347792245e-02
 2.44378000e+00,        +1.089003090344e-09,        +1.034809329868e-09,        +0.000000000000e+00,        +0.000000000000e+00,        +1.422022974772e-12,        +1.305802515513e-03,        +1.843504236881e-11,        +1.781491704483e-02
 2.44380000e+00,        +1.087694229638e-09,        +1.033491281315e-09,        +0.000000000000e+00,        +0.000000000000e+00,        +1.408971149348e-12,        +1.295374298177e-03,        +1.842347692602e-11,        +1.782644639496e-02
 2.44382000e+00,        +1.086418155471e-09,        +1.032206034977e-09,        +0.000000000000e+00,        +0.000000000000e+00,        +1.395887335527e-12,        +1.284852732345e-03,        +1.841255985163e-11,        +1.783806645932e-02
 2.44384000e+00,        +1.085175563891e-09,        +1.030954286584e-09,        +0.000000000000e+00,        +0.000000000000e+00,        +1.382771223552e-12,        +1.274237339618e-03,        +1.840230482486e-11,        +1.784977769075e-02
 2.44386000e+00,        +1.083967180139e-09,        +1.029736761054e-09,        +0.000000000000e+00,        +0.000000000000e+00,        +1.369622533346e-12,        +1.263527677259e-03,        +1.839272605647e-11,        +1.786158050494e-02
 2.44388000e+00,        +1.082793760088e-09,        +1.028554213935e-09,        +0.000000000000e+00,        +0.000000000000e+00,        +1.356441016391e-12,        +1.252723340667e-03,        +1.838383831466e-11,        +1.787347527783e-02
 2.44390000e+00,        +1.081656091638e-09,        +1.027407432787e-09,        +0.000000000000e+00,        +0.000000000000e+00,        +1.343226458852e-12,        +1.241823967189e-03,        +1.837565694876e-11,        +1.788546234177e-02
 2.44392000e+00,        +1.080554996264e-09,        +1.026297238744e-09,        +0.000000000000e+00,        +0.000000000000e+00,        +1.329978684149e-12,        +1.230829239370e-03,        +1.836819791665e-11,        +1.789754198221e-02
 2.44394000e+00,        +1.079491330612e-09,        +1.025224488105e-09,        +0.000000000000e+00,        +0.000000000000e+00,        +1.316697556192e-12,        +1.219738888913e-03,        +1.836147781234e-11,        +1.790971443365e-02
 2.44396000e+00,        +1.078465988184e-09,        +1.024190074012e-09,        +0.000000000000e+00,        +0.000000000000e+00,        +1.303382982836e-12,        +1.208552700888e-03,        +1.835551389498e-11,        +1.792197987536e-02
 2.44398000e+00,        +1.077479901186e-09,        +1.023194928307e-09,        +0.000000000000e+00,        +0.000000000000e+00,        +1.290034918999e-12,        +1.197270517603e-03,        +1.835032412147e-11,        +1.793433842741e-02
 2.44400000e+00,        +1.076534042403e-09,        +1.022240023403e-09,        +0.000000000000e+00,        +0.000000000000e+00,        +1.276653370730e-12,        +1.185892243482e-03,        +1.834592717864e-11,        +1.794679014580e-02
 2.44402000e+00,        +1.075629427169e-09,        +1.021326374252e-09,        +0.000000000000e+00,        +0.000000000000e+00,        +1.263238399627e-12,        +1.174417850347e-03,        +1.834234251688e-11,        +1.795933501699e-02
 2.44404000e+00,        +1.074767115599e-09,        +1.020455040578e-09,        +0.000000000000e+00,        +0.000000000000e+00,        +1.249790126577e-12,        +1.162847381947e-03,        +1.833959038939e-11,        +1.797197295337e-02
 2.44406000e+00,        +1.073948214754e-09,        +1.019627129042e-09,        +0.000000000000e+00,        +0.000000000000e+00,        +1.236308737103e-12,        +1.151180960235e-03,        +1.833769188890e-11,        +1.798470378689e-02
 2.44408000e+00,        +1.073173881088e-09,        +1.018843795690e-09,        +0.000000000000e+00,        +0.000000000000e+00,        +1.222794486160e-12,        +1.139418791036e-03,        +1.833666898997e-11,        +1.799752726329e-02
 2.44410000e+00,        +1.072445322969e-09,        +1.018106248470e-09,        +0.000000000000e+00,        +0.000000000000e+00,        +1.209247703757e-12,        +1.127561170586e-03,        +1.833654459217e-11,        +1.801044303552e-02
 2.44412000e+00,        +1.071763803370e-09,        +1.017415749923e-09,        +0.000000000000e+00,        +0.000000000000e+00,        +1.195668800866e-12,        +1.115608492381e-03,        +1.833734256616e-11,        +1.802345065677e-02
 2.44414000e+00,        +1.071130642759e-09,        +1.016773620077e-09,        +0.000000000000e+00,        +0.000000000000e+00,        +1.182058275619e-12,        +1.103561254278e-03,        +1.833908780336e-11,        +1.803654957332e-02
 2.44416000e+00,        +1.070547222093e-09,        +1.016181239434e-09,        +0.000000000000e+00,        +0.000000000000e+00,        +1.168416720437e-12,        +1.091420066602e-03,        +1.834180626673e-11,        +1.804973911637e-02
 2.44418000e+00,        +1.070014986054e-09,        +1.015640052212e-09,        +0.000000000000e+00,        +0.000000000000e+00,        +1.154744829365e-12,        +1.079185660402e-03,        +1.834552504600e-11,        +1.806301849365e-02
 2.44420000e+00,        +1.069535446535e-09,        +1.015151569826e-09,        +0.000000000000e+00,        +0.000000000000e+00,        +1.141043405687e-12,        +1.066858895967e-03,        +1.835027241742e-11,        +1.807638678091e-02
 2.44422000e+00,        +1.069110186198e-09,        +1.014717374446e-09,        +0.000000000000e+00,        +0.000000000000e+00,        +1.127313371070e-12,        +1.054440772919e-03,        +1.835607790352e-11,        +1.808984291171e-02
 2.44424000e+00,        +1.068740862445e-09,        +1.014339122967e-09,        +0.000000000000e+00,        +0.000000000000e+00,        +1.113555774330e-12,        +1.041932439808e-03,        +1.836297234100e-11,        +1.810338566780e-02
 2.44426000e+00,        +1.068429211466e-09,        +1.014018551059e-09,        +0.000000000000e+00,        +0.000000000000e+00,        +1.099771801891e-12,        +1.029335205448e-03,        +1.837098794881e-11,        +1.811701366767e-02
 2.44428000e+00,        +1.068177052747e-09,        +1.013757477673e-09,        +0.000000000000e+00,        +0.000000000000e+00,        +1.085962787996e-12,        +1.016650549835e-03,        +1.838015840492e-11,        +1.813072535565e-02
 2.44430000e+00,        +1.067986293688e-09,        +1.013557809657e-09,        +0.000000000000e+00,        +0.000000000000e+00,        +1.072130226835e-12,        +1.003880137012e-03,        +1.839051892374e-11,        +1.814451898898e-02
 2.44432000e+00,        +1.067858934623e-09,        +1.013421546773e-09,        +0.000000000000e+00,        +0.000000000000e+00,        +1.058275785040e-12,        +9.910258281569e-04,        +1.840210634060e-11,        +1.815839262466e-02
 2.44434000e+00,        +1.067797074220e-09,        +1.013350787105e-09,        +0.000000000000e+00,        +0.000000000000e+00,        +1.044401314966e-12,        +9.780896953003e-04,        +1.841495920315e-11,        +1.817234410579e-02
 2.44436000e+00,        +1.067802915129e-09,        +1.013347732696e-09,        +0.000000000000e+00,        +0.000000000000e+00,        +1.030508869795e-12,        +9.650740367861e-04,        +1.842911786547e-11,        +1.818637104603e-02
 2.44438000e+00,        +1.067878770103e-09,        +1.013414695674e-09,        +0.000000000000e+00,        +0.000000000000e+00,        +1.016600719274e-12,        +9.519813931470e-04,        +1.844462459089e-11,        +1.820047081380e-02
 2.44440000e+00,        +1.068027068580e-09,        +1.013554104831e-09,        +0.000000000000e+00,        +0.000000000000e+00,        +1.002679366671e-12,        +9.388145639457e-04,        +1.846152366242e-11,        +1.821464051542e-02
 2.44442000e+00,        +1.068250363600e-09,        +1.013768512538e-09,        +0.000000000000e+00,        +0.000000000000e+00,        +9.887475677486e-13,        +9.255766264538e-04,        +1.847986149775e-11,        +1.822887697655e-02
 2.44444000e+00,        +1.068551339310e-09,        +1.014060602253e-09,        +0.000000000000e+00,        +0.000000000000e+00,        +9.748083507721e-13,        +9.122709549934e-04,        +1.849968677462e-11,        +1.824317672290e-02
 2.44446000e+00,        +1.068932818943e-09,        +1.014433196492e-09,        +0.000000000000e+00,        +0.000000000000e+00,        +9.608650385835e-13,        +8.989012420197e-04,        +1.852105056320e-11,        +1.825753595924e-02
 2.44448000e+00,        +1.069397773494e-09,        +1.014889265511e-09,        +0.000000000000e+00,        +0.000000000000e+00,        +9.469212718785e-13,        +8.854715199051e-04,        +1.854400647095e-11,        +1.827195054783e-02
 2.44450000e+00,        +1.069949330839e-09,        +1.015431936421e-09,        +0.000000000000e+00,        +0.000000000000e+00,        +9.329810354334e-13,        +8.719861852731e-04,        +1.856861079305e-11,        +1.828641598422e-02
 2.44452000e+00,        +1.070590785700e-09,        +1.016064503147e-09,        +0.000000000000e+00,        +0.000000000000e+00,        +9.190486857132e-13,        +8.584500240322e-04,        +1.859492267787e-11,        +1.830092737250e-02
 2.44454000e+00,        +1.071325610255e-09,        +1.016790437044e-09,        +0.000000000000e+00,        +0.000000000000e+00,        +9.051289813848e-13,        +8.448682386759e-04,        +1.862300430198e-11,        +1.831547939822e-02
 2.44456000e+00,        +1.072157465521e-09,        +1.017613398271e-09,        +0.000000000000e+00,        +0.000000000000e+00,        +8.912271164783e-13,        +8.312464774429e-04,        +1.865292105775e-11,        +1.833006629968e-02
 2.44458000e+00,        +1.073090213766e-09,        +1.018537248210e-09,        +0.000000000000e+00,        +0.000000000000e+00,        +8.773487558710e-13,        +8.175908647902e-04,        +1.868474175834e-11,        +1.834468183778e-02
 2.44460000e+00,        +1.074127931671e-09,        +1.019566062617e-09,        +0.000000000000e+00,        +0.000000000000e+00,        +8.635000747576e-13,        +8.039080348785e-04,        +1.871853885338e-11,        +1.835931926308e-02
 2.44462000e+00,        +1.075274924677e-09,        +1.020704145974e-09,        +0.000000000000e+00,        +0.000000000000e+00,        +8.496878009213e-13,        +7.902051665309e-04,        +1.875438866492e-11,        +1.837397128138e-02
 2.44464000e+00,        +1.076535742307e-09,        +1.021956046804e-09,        +0.000000000000e+00,        +0.000000000000e+00,        +8.359192614865e-13,        +7.764900213115e-04,        +1.879237163768e-11,        +1.838863001637e-02
 2.44466000e+00,        +1.077915194825e-09,        +1.023326574333e-09,        +0.000000000000e+00,        +0.000000000000e+00,        +8.222024333837e-13,        +7.627709835906e-04,        +1.883257261178e-11,        +1.840328697031e-02
 2.44468000e+00,        +1.079418371297e-09,        +1.024820816542e-09,        +0.000000000000e+00,        +0.000000000000e+00,        +8.085459983008e-13,        +7.490571031591e-04,        +1.887508111795e-11,        +1.841793298231e-02
 2.44470000e+00,        +1.081050658869e-09,        +1.026444159447e-09,        +0.000000000000e+00,        +0.000000000000e+00,        +7.949594035911e-13,        +7.353581417016e-04,        +1.891999169058e-11,        +1.843255818297e-02
 2.44472000e+00,        +1.082817763911e-09,        +1.028202308243e-09,        +0.000000000000e+00,        +0.000000000000e+00,        +7.814529278269e-13,        +7.216846212461e-04,        +1.896740421248e-11,        +1.844715194706e-02
 2.44474000e+00,        +1.084725734739e-09,        +1.030101310013e-09,        +0.000000000000e+00,        +0.000000000000e+00,        +7.680377532616e-13,        +7.080478766793e-04,        +1.901742428308e-11,        +1.846170284245e-02
 2.44476000e+00,        +1.086780986351e-09,        +1.032147578473e-09,        +0.000000000000e+00,        +0.000000000000e+00,        +7.547260447732e-13,        +6.944601113305e-04,        +1.907016361964e-11,        +1.847619857603e-02
 2.44478000e+00,        +1.088990327225e-09,        +1.034347920757e-09,        +0.000000000000e+00,        +0.000000000000e+00,        +7.415310365801e-13,        +6.809344564794e-04,        +1.912574049050e-11,        +1.849062593610e-02
 2.44480000e+00,        +1.091360988402e-09,        +1.036709566504e-09,        +0.000000000000e+00,        +0.000000000000e+00,        +7.284671274345e-13,        +6.674850349024e-04,        +1.918428018446e-11,        +1.850497073076e-02
 2.44482000e+00,        +1.093900655216e-09,        +1.039240199577e-09,        +0.000000000000e+00,        +0.000000000000e+00,        +7.155499848512e-13,        +6.541270282995e-04,        +1.924591552235e-11,        +1.851921772289e-02
 2.44484000e+00,        +1.096617501763e-09,        +1.041947992533e-09,        +0.000000000000e+00,        +0.000000000000e+00,        +7.027966598647e-13,        +6.408767494000e-04,        +1.931078741158e-11,        +1.853335056066e-02
 2.44486000e+00,        +1.099520228483e-09,        +1.044841644198e-09,        +0.000000000000e+00,        +0.000000000000e+00,        +6.902257131924e-13,        +6.277517187152e-04,        +1.937904544964e-11,        +1.854735170372e-02
 2.44488000e+00,        +1.102618103160e-09,        +1.047930420665e-09,        +0.000000000000e+00,        +0.000000000000e+00,        +6.778573542069e-13,        +6.147707463394e-04,        +1.945084858125e-11,        +1.856120234482e-02
 2.44490000e+00,        +1.105921005600e-09,        +1.051224199961e-09,        +0.000000000000e+00,        +0.000000000000e+00,        +6.657135942274e-13,        +6.019540191898e-04,        +1.952636581287e-11,        +1.857488232633e-02
 2.44492000e+00,        +1.109439476558e-09,        +1.054733520977e-09,        +0.000000000000e+00,        +0.000000000000e+00,        +6.538184155162e-13,        +5.893231936765e-04,        +1.960577699402e-11,        +1.858837005186e-02
 2.44494000e+00,        +1.113184771528e-09,        +1.058469637242e-09,        +0.000000000000e+00,        +0.000000000000e+00,        +6.421979575175e-13,        +5.769014937528e-04,        +1.968927367585e-11,        +1.860164239303e-02
 2.44496000e+00,        +1.117168919097e-09,        +1.062444575278e-09,        +0.000000000000e+00,        +0.000000000000e+00,        +6.308807238565e-13,        +5.647138163910e-04,        +1.977706003808e-11,        +1.861467458940e-02
 2.44498000e+00,        +1.121404785634e-09,        +1.066671199283e-09,        +0.000000000000e+00,        +0.000000000000e+00,        +6.198978103068e-13,        +5.527868422250e-04,        +1.986935391784e-11,        +1.862744014387e-02
 2.44500000e+00,        +1.125906145881e-09,        +1.071163281703e-09,        +0.000000000000e+00,        +0.000000000000e+00,        +6.092831582953e-13,        +5.411491539722e-04,        +1.996638792797e-11,        +1.863991071112e-02
 2.44502000e+00,        +1.130687760743e-09,        +1.075935581028e-09,        +0.000000000000e+00,        +0.000000000000e+00,        +5.990738358467e-13,        +5.298313616245e-04,        +2.006841068814e-11,        +1.865205597994e-02
 2.44504000e+00,        +1.135765463098e-09,        +1.081003927582e-09,        +0.000000000000e+00,        +0.000000000000e+00,        +5.893103496483e-13,        +5.188662349714e-04,        +2.017568818058e-11,        +1.866384354931e-02
 2.44506000e+00,        +1.141156252177e-09,        +1.086385317900e-09,        +0.000000000000e+00,        +0.000000000000e+00,        +5.800369924504e-13,        +5.082888441823e-04,        +2.028850523759e-11,        +1.867523879723e-02
 2.44508000e+00,        +1.146878398122e-09,        +1.092098019271e-09,        +0.000000000000e+00,        +0.000000000000e+00,        +5.713022296748e-13,        +4.981367079631e-04,        +2.040716718778e-11,        +1.868620474323e-02
 2.44510000e+00,        +1.152951557060e-09,        +1.098161684803e-09,        +0.000000000000e+00,        +0.000000000000e+00,        +5.631591312148e-13,        +4.884499507081e-04,        +2.053200166203e-11,        +1.869670190297e-02
 2.44512000e+00,        +1.159396899441e-09,        +1.104597481745e-09,        +0.000000000000e+00,        +0.000000000000e+00,        +5.556658528639e-13,        +4.792714670291e-04,        +2.066336060778e-11,        +1.870668813687e-02
 2.44514000e+00,        +1.166237251548e-09,        +1.111428232989e-09,        +0.000000000000e+00,        +0.000000000000e+00,        +5.488861756833e-13,        +4.706470959960e-04,        +2.080162250220e-11,        +1.871611849040e-02
 2.44516000e+00,        +1.173497253063e-09,        +1.118678574612e-09,        +0.000000000000e+00,        +0.000000000000e+00,        +5.428901097751e-13,        +4.626258036462e-04,        +2.094719481340e-11,        +1.872494502781e-02
 2.44518000e+00,        +1.181203532528e-09,        +1.126375131327e-09,        +0.000000000000e+00,        +0.000000000000e+00,        +5.377545717362e-13,        +4.552598742955e-04,        +2.110051673658e-11,        +1.873311665867e-02
 2.44520000e+00,        +1.189384902462e-09,        +1.134546711580e-09,        +0.000000000000e+00,        +0.000000000000e+00,        +5.335641460522e-13,        +4.486051108837e-04,        +2.126206222915e-11,        +1.874057895734e-02
 2.44522000e+00,        +1.198072578059e-09,        +1.143224526228e-09,        +0.000000000000e+00,        +0.000000000000e+00,        +5.304119418830e-13,        +4.427210434464e-04,        +2.143234340976e-11,        +1.874727397643e-02
 2.44524000e+00,        +1.207300420724e-09,        +1.152442432047e-09,        +0.000000000000e+00,        +0.000000000000e+00,        +5.284005594009e-13,        +4.376711465768e-04,        +2.161191433160e-11,        +1.875314005335e-02
 2.44526000e+00,        +1.217105211761e-09,        +1.162237205407e-09,        +0.000000000000e+00,        +0.000000000000e+00,        +5.276431809836e-13,        +4.335230643044e-04,        +2.180137521863e-11,        +1.875811161200e-02
 2.44528000e+00,        +1.227526959102e-09,        +1.172648848961e-09,        +0.000000000000e+00,        +0.000000000000e+00,        +5.282648060560e-13,        +4.303488425560e-04,        +2.200137720177e-11,        +1.876211895935e-02
 2.44530000e+00,        +1.238609242844e-09,        +1.183720937163e-09,        +0.000000000000e+00,        +0.000000000000e+00,        +5.304036509684e-13,        +4.282251678910e-04,        +2.221262764642e-11,        +1.876508807866e-02
 2.44532000e+00,        +1.250399604400e-09,        +1.195501005378e-09,        +0.000000000000e+00,        +0.000000000000e+00,        +5.342127390785e-13,        +4.272336117178e-04,        +2.243589613991e-11,        +1.876694041995e-02
 2.44534000e+00,        +1.262949985267e-09,        +1.208040988614e-09,        +0.000000000000e+00,        +0.000000000000e+00,        +5.398617103210e-13,        +4.274608785929e-04,        +2.267202122680e-11,        +1.876759268972e-02
 2.44536000e+00,        +1.276317225186e-09,        +1.221397719648e-09,        +0.000000000000e+00,        +0.000000000000e+00,        +5.475388854427e-13,        +4.289990565340e-04,        +2.292191804702e-11,        +1.876695664180e-02
 2.44538000e+00,        +1.290563625768e-09,        +1.235633492596e-09,        +0.000000000000e+00,        +0.000000000000e+00,        +5.574536251032e-13,        +4.319458676604e-04,        +2.318658695587e-11,        +1.876493887128e-02
 2.44540000e+00,        +1.305757592288e-09,        +1.250816704665e-09,        +0.000000000000e+00,        +0.000000000000e+00,        +5.698390328126e-13,        +4.364049163321e-04,        +2.346712332422e-11,        +1.876144061452e-02
 2.44542000e+00,        +1.321974364171e-09,        +1.267022586571e-09,        +0.000000000000e+00,        +0.000000000000e+00,        +5.849550580549e-13,        +4.424859315798e-04,        +2.376472866826e-11,        +1.875635755837e-02
 2.44544000e+00,        +1.339296850463e-09,        +1.284334037960e-09,        +0.000000000000e+00,        +0.000000000000e+00,        +6.030920688989e-13,        +4.503050004861e-04,        +2.408072335738e-11,        +1.874957966202e-02
 2.44546000e+00,        +1.357816585857e-09,        +1.302842583350e-09,        +0.000000000000e+00,        +0.000000000000e+00,        +6.245749736794e-13,        +4.599847874778e-04,        +2.441656112440e-11,        +1.874099099648e-02
 2.44548000e+00,        +1.377634829789e-09,        +1.322649471152e-09,        +0.000000000000e+00,        +0.000000000000e+00,        +6.497679911406e-13,        +4.716547354136e-04,        +2.477384571832e-11,        +1.873046960564e-02
 2.44550000e+00,        +1.398863830703e-09,        +1.343866937841e-09,        +0.000000000000e+00,        +0.000000000000e+00,        +6.790801826976e-13,        +4.854512410664e-04,        +2.515435001760e-11,        +1.871788739591e-02
 2.44552000e+00,        +1.421628288455e-09,        +1.366619670260e-09,        +0.000000000000e+00,        +0.000000000000e+00,        +7.129718918224e-13,        +5.015178001256e-04,        +2.556003810193e-11,        +1.870311005919e-02
 2.44554000e+00,        +1.446067045992e-09,        +1.391046497176e-09,        +0.000000000000e+00,        +0.000000000000e+00,        +7.519622552429e-13,        +5.200051113309e-04,        +2.599309072697e-11,        +1.868599703874e-02
 2.44556000e+00,        +1.472335056764e-09,        +1.417302356563e-09,        +0.000000000000e+00,        +0.000000000000e+00,        +7.966379968834e-13,        +5.410711327044e-04,        +2.645593489722e-11,        +1.866640154426e-02
 2.44558000e+00,        +1.500605679100e-09,        +1.445560589825e-09,        +0.000000000000e+00,        +0.000000000000e+00,        +8.476637561490e-13,        +5.648810796567e-04,        +2.695127828634e-11,        +1.864417062560e-02
 2.44560000e+00,        +1.531073358975e-09,        +1.476015624387e-09,        +0.000000000000e+00,        +0.000000000000e+00,        +9.057942553296e-13,        +5.916073518098e-04,        +2.748214940025e-11,        +1.861914531675e-02
 2.44562000e+00,        +1.563956780969e-09,        +1.508886124459e-09,        +0.000000000000e+00,        +0.000000000000e+00,        +9.718886894549e-13,        +6.214293778966e-04,        +2.805194465801e-11,        +1.859116085919e-02
 2.44564000e+00,        +1.599502582569e-09,        +1.544418705098e-09,        +0.000000000000e+00,        +0.000000000000e+00,        +1.046927806869e-12,        +6.545333644835e-04,        +2.866448378094e-11,        +1.856004701725e-02
 2.44566000e+00,        +1.637989745938e-09,        +1.582892323725e-09,        +0.000000000000e+00,        +0.000000000000e+00,        +1.132034255790e-12,        +6.911119307053e-04,        +2.932407514543e-11,        +1.852562850038e-02
 2.44568000e+00,        +1.679734820164e-09,        +1.624623502059e-09,        +0.000000000000e+00,        +0.000000000000e+00,        +1.228496935136e-12,        +7.313636178689e-04,        +3.003559334897e-11,        +1.848772550126e-02
 2.44570000e+00,        +1.725098148052e-09,        +1.669972552548e-09,        +0.000000000000e+00,        +0.000000000000e+00,        +1.337800244502e-12,        +7.754922501149e-04,        +3.080457149797e-11,        +1.844615437001e-02
 2.44572000e+00,        +1.774491331945e-09,        +1.719351043782e-09,        +0.000000000000e+00,        +0.000000000000e+00,        +1.461659391200e-12,        +8.237061319414e-04,        +3.163731164087e-11,        +1.840072843489e-02
 2.44574000e+00,        +1.828386225320e-09,        +1.773230791593e-09,        +0.000000000000e+00,        +0.000000000000e+00,        +1.602063207321e-12,        +8.762170624212e-04,        +3.254101749794e-11,        +1.835125898571e-02
 2.44576000e+00,        +1.887325815963e-09,        +1.832154741656e-09,        +0.000000000000e+00,        +0.000000000000e+00,        +1.761326332171e-12,        +9.332391457132e-04,        +3.352395478338e-11,        +1.829755643515e-02
 2.44578000e+00,        +1.951937471115e-09,        +1.896750213959e-09,        +0.000000000000e+00,        +0.000000000000e+00,        +1.942153152172e-12,        +9.949873809548e-04,        +3.459564592267e-11,        +1.823943167006e-02
 2.44580000e+00,        +2.022949141519e-09,        +1.967745106035e-09,        +0.000000000000e+00,        +0.000000000000e+00,        +2.147716567814e-12,        +1.061676007436e-03,        +3.576710776695e-11,        +1.817669761050e-02
 2.44582000e+00,        +2.101209314525e-09,        +2.045987845111e-09,        +0.000000000000e+00,        +0.000000000000e+00,        +2.381755631993e-12,        +1.133516597099e-03,        +3.705114370845e-11,        +1.810917097918e-02
 2.44584000e+00,        +2.187711729062e-09,        +2.132472101918e-09,        +0.000000000000e+00,        +0.000000000000e+00,        +2.648697316858e-12,        +1.210715873427e-03,        +3.846270474622e-11,        +1.803667429535e-02
 2.44586000e+00,        +2.283626194538e-09,        +2.228367608202e-09,        +0.000000000000e+00,        +0.000000000000e+00,        +2.953809385388e-12,        +1.293473245513e-03,        +4.001933877248e-11,        +1.795903809819e-02
 2.44588000e+00,        +2.390337304457e-09,        +2.335058868643e-09,        +0.000000000000e+00,        +0.000000000000e+00,        +3.303393707872e-12,        +1.381978058792e-03,        +4.174175376363e-11,        +1.787610339258e-02
 2.44590000e+00,        +2.509493422341e-09,        +2.454194144723e-09,        +0.000000000000e+00,        +0.000000000000e+00,        +3.705032533354e-12,        +1.476406552959e-03,        +4.365452887543e-11,        +1.778772432055e-02
 2.44592000e+00,        +2.643069180880e-09,        +2.587747951329e-09,        +0.000000000000e+00,        +0.000000000000e+00,        +4.167904803252e-12,        +1.576918543564e-03,        +4.578701975504e-11,        +1.769377103807e-02
 2.44594000e+00,        +2.793445907507e-09,        +2.738101479198e-09,        +0.000000000000e+00,        +0.000000000000e+00,        +4.703195930962e-12,        +1.683653840700e-03,        +4.817452099113e-11,        +1.759413278036e-02
 2.44596000e+00,        +2.963516081010e-09,        +2.908147047624e-09,        +0.000000000000e+00,        +0.000000000000e+00,        +5.324633605791e-12,        +1.796728433468e-03,        +5.085977259254e-11,        +1.748872108585e-02
 2.44598000e+00,        +3.156820361484e-09,        +3.101425129491e-09,        +0.000000000000e+00,        +0.000000000000e+00,        +6.049195403435e-12,        +1.916230482178e-03,        +5.389493187829e-11,        +1.737747313834e-02
 2.44600000e+00,        +3.377729281330e-09,        +3.322306036062e-09,        +0.000000000000e+00,        +0.000000000000e+00,        +6.898053359448e-12,        +2.042216170957e-03,        +5.734418219542e-11,        +1.726035517890e-02
 2.44602000e+00,        +3.631686974606e-09,        +3.576233638383e-09,        +0.000000000000e+00,        +0.000000000000e+00,        +7.897849619338e-12,        +2.174705494874e-03,        +6.128722448338e-11,        +1.713736592196e-02
 2.44604000e+00,        +3.925542222374e-09,        +3.870056402386e-09,        +0.000000000000e+00,        +0.000000000000e+00,        +9.082440888690e-12,        +2.313678053677e-03,        +6.582400879205e-11,        +1.700853991468e-02
 2.44606000e+00,        +4.268004321382e-09,        +4.212483244214e-09,        +0.000000000000e+00,        +0.000000000000e+00,        +1.049531700986e-11,        +2.459068974529e-03,        +7.108123473807e-11,        +1.687395073576e-02
 2.44608000e+00,        +4.670280137905e-09,        +4.614720566483e-09,        +0.000000000000e+00,        +0.000000000000e+00,        +1.219300413802e-11,        +2.610765045774e-03,        +7.722141401473e-11,        +1.673371397081e-02
 2.44610000e+00,        +5.146979010916e-09,        +5.091377138018e-09,        +0.000000000000e+00,        +0.000000000000e+00,        +1.424993235991e-11,        +2.768601218246e-03,        +8.445571221876e-11,        +1.658798983641e-02
 2.44612000e+00,        +5.717421079448e-09,        +5.661772389647e-09,        +0.000000000000e+00,        +0.000000000000e+00,        +1.676552306633e-11,        +2.932357584539e-03,        +9.306246994295e-11,        +1.643698537107e-02
 2.44614000e+00,        +6.407566360267e-09,        +6.351865448758e-09,        +0.000000000000e+00,        +0.000000000000e+00,        +1.987471382816e-11,        +3.101757002691e-03,        +1.034144422906e-10,        +1.628095606321e-02
 2.44616000e+00,        +7.252920925939e-09,        +7.197161257799e-09,        +0.000000000000e+00,        +0.000000000000e+00,        +2.376393046568e-11,        +3.276463470144e-03,        +1.160197281681e-10,        +1.612020684438e-02
 2.44618000e+00,        +8.303021074387e-09,        +8.247194660459e-09,        +0.000000000000e+00,        +0.000000000000e+00,        +2.869591688574e-11,        +3.456081422491e-03,        +1.315847521450e-10,        +1.595509231470e-02
 2.44620000e+00,        +9.628537523001e-09,        +9.572634477857e-09,        +0.000000000000e+00,        +0.000000000000e+00,        +3.504937910758e-11,        +3.640156049021e-03,        +1.511137624024e-10,        +1.578601614341e-02
 2.44622000e+00,        +1.133286568088e-08,        +1.127687361271e-08,        +0.000000000000e+00,        +0.000000000000e+00,        +4.338419019262e-11,        +3.828174745407e-03,        +1.760706718122e-10,        +1.561342956028e-02
 2.44624000e+00,        +1.357165817247e-08,        +1.351556133358e-08,        +0.000000000000e+00,        +0.000000000000e+00,        +5.455222684452e-11,        +4.019569764525e-03,        +2.086509234250e-10,        +1.543782890516e-02
 2.44626000e+00,        +1.658693400243e-08,        +1.653071210530e-08,        +0.000000000000e+00,        +0.000000000000e+00,        +6.989273075195e-11,        +4.213722122588e-03,        +2.522545704407e-10,        +1.525975220147e-02
 2.44628000e+00,        +2.076895586650e-08,        +2.071258246346e-08,        +0.000000000000e+00,        +0.000000000000e+00,        +9.159040466249e-11,        +4.409966743211e-03,        +3.123410786927e-10,        +1.507977478152e-02
 2.44630000e+00,        +2.677289098068e-08,        +2.671633139914e-08,        +0.000000000000e+00,        +0.000000000000e+00,        +1.233587407906e-10,        +4.607598816268e-03,        +3.980333699098e-10,        +1.489850398856e-02
 2.44632000e+00,        +3.574604796149e-08,        +3.568925730691e-08,        +0.000000000000e+00,        +0.000000000000e+00,        +1.717912615222e-10,        +4.805881246152e-03,        +5.252235627941e-10,        +1.471657306504e-02
 2.44634000e+00,        +4.977381640084e-08,        +4.971674035049e-08,        +0.000000000000e+00,        +0.000000000000e+00,        +2.490708199190e-10,        +5.004053093161e-03,        +7.226146395949e-10,        +1.453463430025e-02
 2.44636000e+00,        +7.268139188581e-08,        +7.262398173655e-08,        +0.000000000000e+00,        +0.000000000000e+00,        +3.780405429451e-10,        +5.201338790250e-03,        +1.042397545337e-09,        +1.435335161211e-02
 2.44638000e+00,        +1.107731440343e-07,        +1.107154291064e-07,        +0.000000000000e+00,        +0.000000000000e+00,        +5.978379982931e-10,        +5.396957931498e-03,        +1.569213256438e-09,        +1.417339271594e-02
 2.44640000e+00,        +1.685164517586e-07,        +1.684587859540e-07,        +0.000000000000e+00,        +0.000000000000e+00,        +9.420297793604e-10,        +5.590135381616e-03,        +2.357651642194e-09,        +1.399542106897e-02
 2.44642000e+00,        +2.220737157633e-07,        +2.220171264928e-07,        +0.000000000000e+00,        +0.000000000000e+00,        +1.283610821838e-09,        +5.780111425733e-03,        +3.068296181610e-09,        +1.382008780169e-02
 2.44644000e+00,        +2.107311305628e-07,        +2.106764286536e-07,        +0.000000000000e+00,        +0.000000000000e+00,        +1.257253892714e-09,        +5.966151699354e-03,        +2.875316917737e-09,        +1.364802382551e-02
 2.44646000e+00,        +1.501614234211e-07,        +1.501078995227e-07,        +0.000000000000e+00,        +0.000000000000e+00,        +9.231258509149e-10,        +6.147556608638e-03,        +2.023429317552e-09,        +1.347983233385e-02
 2.44648000e+00,        +9.774520071198e-08,        +9.769196287530e-08,        +0.000000000000e+00,        +0.000000000000e+00,        +6.181083940580e-10,        +6.323670006871e-03,        +1.300874175289e-09,        +1.331608186591e-02
 2.44650000e+00,        +6.480152501342e-08,        +6.474820656314e-08,        +0.000000000000e+00,        +0.000000000000e+00,        +4.208137736290e-10,        +6.493886888338e-03,        +8.519115855023e-10,        +1.315730011258e-02
 2.44652000e+00,        +4.499723075952e-08,        +4.494373984284e-08,        +0.000000000000e+00,        +0.000000000000e+00,        +2.995762600642e-10,        +6.657659927235e-03,        +5.844469813002e-10,        +1.300396859149e-02
 2.44654000e+00,        +3.272665967046e-08,        +3.267299295220e-08,        +0.000000000000e+00,        +0.000000000000e+00,        +2.230159766474e-10,        +6.814504715516e-03,        +4.200609319147e-10,        +1.285651830334e-02
 2.44656000e+00,        +2.477135769820e-08,        +2.471753457096e-08,        +0.000000000000e+00,        +0.000000000000e+00,        +1.725078249380e-10,        +6.964003630311e-03,        +3.142915204347e-10,        +1.271532642273e-02
 2.44658000e+00,        +1.938217480435e-08,        +1.932821761744e-08,        +0.000000000000e+00,        +0.000000000000e+00,        +1.377260180649e-10,        +7.105808272556e-03,        +2.431627794653e-10,        +1.258071407712e-02
 2.44660000e+00,        +1.558767086356e-08,        +1.553359960555e-08,        +0.000000000000e+00,        +0.000000000000e+00,        +1.128491335323e-10,        +7.239640515898e-03,        +1.934390644647e-10,        +1.245294518829e-02
 2.44662000e+00,        +1.282632214778e-08,        +1.277215347637e-08,        +0.000000000000e+00,        +0.000000000000e+00,        +9.446961077755e-11,        +7.365292223998e-03,        +1.575090875455e-10,        +1.233222634202e-02
 2.44664000e+00,        +1.075961540226e-08,        +1.070536290268e-08,        +0.000000000000e+00,        +0.000000000000e+00,        +8.051015349713e-11,        +7.482623726514e-03,        +1.308056993822e-10,        +1.221870763013e-02
 2.44666000e+00,        +9.175311635655e-09,        +9.120986347603e-09,        +0.000000000000e+00,        +0.000000000000e+00,        +6.965493986014e-11,        +7.591561205340e-03,        +1.104778044534e-10,        +1.211248435675e-02
 2.44668000e+00,        +7.935572385798e-09,        +7.881183314980e-09,        +0.000000000000e+00,        +0.000000000000e+00,        +6.104116191139e-11,        +7.692093140077e-03,        +9.468137998454e-11,        +1.201359950663e-02
 2.44670000e+00,        +6.948042883139e-09,        +6.893597427457e-09,        +0.000000000000e+00,        +0.000000000000e+00,        +5.408541383999e-11,        +7.784265979595e-03,        +8.218579155164e-11,        +1.192204685819e-02
 2.44672000e+00,        +6.149116514044e-09,        +6.094620800575e-09,        +0.000000000000e+00,        +0.000000000000e+00,        +4.838235083873e-11,        +7.868179230012e-03,        +7.214674730957e-11,        +1.183777459998e-02
 2.44674000e+00,        +5.493907436585e-09,        +5.439366583031e-09,        +0.000000000000e+00,        +0.000000000000e+00,        +4.364349145564e-11,        +7.943980119688e-03,        +6.397070056549e-11,        +1.176068933560e-02
 2.44676000e+00,        +4.950049994242e-09,        +4.895468310882e-09,        +0.000000000000e+00,        +0.000000000000e+00,        +3.965909773401e-11,        +8.011858017624e-03,        +5.723125723911e-11,        +1.169066034232e-02
 2.44678000e+00,        +4.493753794513e-09,        +4.439134940552e-09,        +0.000000000000e+00,        +0.000000000000e+00,        +3.627375476793e-11,        +8.072038751260e-03,        +5.161614794063e-11,        +1.162752397300e-02
 2.44680000e+00,        +4.107228595185e-09,        +4.052575700465e-09,        +0.000000000000e+00,        +0.000000000000e+00,        +3.337032448637e-11,        +8.124778962994e-03,        +4.689271042676e-11,        +1.157108809131e-02
 2.44682000e+00,        +3.776963960794e-09,        +3.722279721221e-09,        +0.000000000000e+00,        +0.000000000000e+00,        +3.085915759949e-11,        +8.170360617634e-03,        +4.288489257460e-11,        +1.152113645036e-02
 2.44684000e+00,        +3.492555626644e-09,        +3.437842379595e-09,        +0.000000000000e+00,        +0.000000000000e+00,        +2.867068864936e-11,        +8.209085756757e-03,        +3.945760535305e-11,        +1.147743293504e-02
 2.44686000e+00,        +3.245889445006e-09,        +3.191149229400e-09,        +0.000000000000e+00,        +0.000000000000e+00,        +2.675025641676e-11,        +8.241271574398e-03,        +3.650587154333e-11,        +1.143972560324e-02
 2.44688000e+00,        +3.030564074879e-09,        +2.975798679403e-09,        +0.000000000000e+00,        +0.000000000000e+00,        +2.505441832279e-11,        +8.267245867024e-03,        +3.394716880611e-11,        +1.140775047757e-02
 2.44690000e+00,        +2.841476061666e-09,        +2.786687063803e-09,        +0.000000000000e+00,        +0.000000000000e+00,        +2.354828644669e-11,        +8.287342893497e-03,        +3.171594048878e-11,        +1.138123505174e-02
 2.44692000e+00,        +2.674517280479e-09,        +2.619706078316e-09,        +0.000000000000e+00,        +0.000000000000e+00,        +2.220357412022e-11,        +8.301899667013e-03,        +2.975960297091e-11,        +1.135990148560e-02
 2.44694000e+00,        +2.526351357780e-09,        +2.471519196129e-09,        +0.000000000000e+00,        +0.000000000000e+00,        +2.099714449918e-11,        +8.311252682457e-03,        +2.803560256644e-11,        +1.134346947835e-02
 2.44696000e+00,        +2.394246428414e-09,        +2.339394420390e-09,        +0.000000000000e+00,        +0.000000000000e+00,        +1.990991900345e-11,        +8.315735075208e-03,        +2.650921940638e-11,        +1.133165881534e-02
 2.44698000e+00,        +2.275948596388e-09,        +2.221077741368e-09,        +0.000000000000e+00,        +0.000000000000e+00,        +1.892604701538e-11,        +8.315674196427e-03,        +2.515190988520e-11,        +1.132419159255e-02
 2.44700000e+00,        +2.169585192144e-09,        +2.114696390783e-09,        +0.000000000000e+00,        +0.000000000000e+00,        +1.803226776419e-11,        +8.311389582435e-03,        +2.394004248851e-11,        +1.132079413047e-02
 2.44702000e+00,        +2.073590082929e-09,        +2.018684149808e-09,        +0.000000000000e+00,        +0.000000000000e+00,        +1.721741511904e-11,        +8.303191291658e-03,        +2.285392415549e-11,        +1.132119859249e-02
 2.44704000e+00,        +1.986645478822e-09,        +1.931723153139e-09,        +0.000000000000e+00,        +0.000000000000e+00,        +1.647202976852e-11,        +8.291378579676e-03,        +2.187704350679e-11,        +1.132514432580e-02
 2.44706000e+00,        +1.907636215012e-09,        +1.852698169681e-09,        +0.000000000000e+00,        +0.000000000000e+00,        +1.578805300983e-11,        +8.276238879084e-03,        +2.099547773572e-11,        +1.133237894834e-02
 2.44708000e+00,        +1.835613539017e-09,        +1.780660388441e-09,        +0.000000000000e+00,        +0.000000000000e+00,        +1.515858297481e-11,        +8.258047052172e-03,        +2.019742394219e-11,        +1.134265920290e-02
 2.44710000e+00,        +1.769766222801e-09,        +1.714798529542e-09,        +0.000000000000e+00,        +0.000000000000e+00,        +1.457767920817e-11,        +8.237064884816e-03,        +1.947282614915e-11,        +1.135575160211e-02
 2.44712000e+00,        +1.709397347947e-09,        +1.654415628483e-09,        +0.000000000000e+00,        +0.000000000000e+00,        +1.404020484130e-11,        +8.213540788604e-03,        +1.881307628868e-11,        +1.137143288832e-02
 2.44714000e+00,        +1.653905534548e-09,        +1.598910264248e-09,        +0.000000000000e+00,        +0.000000000000e+00,        +1.354169836109e-11,        +8.187709683668e-03,        +1.821077299284e-11,        +1.138949032978e-02
 2.44716000e+00,        +1.602769663772e-09,        +1.547761281226e-09,        +0.000000000000e+00,        +0.000000000000e+00,        +1.307826873616e-11,        +8.159793033133e-03,        +1.765952574867e-11,        +1.140972187564e-02
 2.44718000e+00,        +1.555536373956e-09,        +1.500515284751e-09,        +0.000000000000e+00,        +0.000000000000e+00,        +1.264650917246e-11,        +8.129999004971e-03,        +1.715379498617e-11,        +1.143193618919e-02
 2.44720000e+00,        +1.511809768789e-09,        +1.456776348811e-09,        +0.000000000000e+00,        +0.000000000000e+00,        +1.224342578762e-11,        +8.098522737707e-03,        +1.668876076961e-11,        +1.145595257860e-02
 2.44722000e+00,        +1.471242901988e-09,        +1.416197500326e-09,        +0.000000000000e+00,        +0.000000000000e+00,        +1.186637831790e-11,        +8.065546689719e-03,        +1.626021441227e-11,        +1.148160084206e-02
 2.44724000e+00,        +1.433530697384e-09,        +1.378473638887e-09,        +0.000000000000e+00,        +0.000000000000e+00,        +1.151303058914e-11,        +8.031241054099e-03,        +1.586446857460e-11,        +1.150872104266e-02
 2.44726000e+00,        +1.398404034411e-09,        +1.343335621946e-09,        +0.000000000000e+00,        +0.000000000000e+00,        +1.118130894849e-11,        +7.995764223607e-03,        +1.549828233832e-11,        +1.153716322647e-02
 2.44728000e+00,        +1.365624784473e-09,        +1.310545300931e-09,        +0.000000000000e+00,        +0.000000000000e+00,        +1.086936721602e-11,        +7.959263290769e-03,        +1.515879847698e-11,        +1.156678709710e-02
 2.44730000e+00,        +1.334981628173e-09,        +1.279891338246e-09,        +0.000000000000e+00,        +0.000000000000e+00,        +1.057555701494e-11,        +7.921874572477e-03,        +1.484349071963e-11,        +1.159746165637e-02
 2.44732000e+00,        +1.306286516733e-09,        +1.251185668505e-09,        +0.000000000000e+00,        +0.000000000000e+00,        +1.029840255818e-11,        +7.883724149538e-03,        +1.455011924110e-11,        +1.162906482016e-02
 2.44734000e+00,        +1.279371665029e-09,        +1.224260491390e-09,        +0.000000000000e+00,        +0.000000000000e+00,        +1.003657912287e-11,        +7.844928410730e-03,        +1.427669293125e-11,        +1.166148301906e-02
 2.44736000e+00,        +1.254086988779e-09,        +1.198965708695e-09,        +0.000000000000e+00,        +0.000000000000e+00,        +9.788894623523e-12,        +7.805594596793e-03,        +1.402143731224e-11,        +1.169461078874e-02
 2.44738000e+00,        +1.230297911442e-09,        +1.175166731096e-09,        +0.000000000000e+00,        +0.000000000000e+00,        +9.554273771912e-12,        +7.765821337300e-03,        +1.378276715003e-11,        +1.172835035687e-02
 2.44740000e+00,        +1.207883481698e-09,        +1.152742595514e-09,        +0.000000000000e+00,        +0.000000000000e+00,        +9.331744420127e-12,        +7.725699176721e-03,        +1.355926300006e-11,        +1.176261123066e-02
 2.44742000e+00,        +1.186734751933e-09,        +1.131584343503e-09,        +0.000000000000e+00,        +0.000000000000e+00,        +9.120425744733e-12,        +7.685311085627e-03,        +1.334965105318e-11,        +1.179730978944e-02
 2.44744000e+00,        +1.166753377171e-09,        +1.111593620086e-09,        +0.000000000000e+00,        +0.000000000000e+00,        +8.919517991683e-12,        +7.644732954031e-03,        +1.315278576367e-11,        +1.183236888554e-02
 2.44746000e+00,        +1.147850401443e-09,        +1.092681460056e-09,        +0.000000000000e+00,        +0.000000000000e+00,        +8.728293555694e-12,        +7.604034066390e-03,        +1.296763483604e-11,        +1.186771745481e-02
 2.44748000e+00,        +1.129945202594e-09,        +1.074767232698e-09,        +0.000000000000e+00,        +0.000000000000e+00,        +8.546089188625e-12,        +7.563277554530e-03,        +1.279326620443e-11,        +1.190329014062e-02
 2.44750000e+00,        +1.112964573274e-09,        +1.057777722732e-09,        +0.000000000000e+00,        +0.000000000000e+00,        +8.372299185782e-12,        +7.522520830249e-03,        +1.262883671828e-11,        +1.193902693059e-02
 2.44752000e+00,        +1.096841917468e-09,        +1.041646326778e-09,        +0.000000000000e+00,        +0.000000000000e+00,        +8.206369401247e-12,        +7.481815994224e-03,        +1.247358227570e-11,        +1.197487280955e-02
 2.44754000e+00,        +1.081516547326e-09,        +1.026312350137e-09,        +0.000000000000e+00,        +0.000000000000e+00,        +8.047791989930e-12,        +7.441210224503e-03,        +1.232680920754e-11,        +1.201077742648e-02
 2.44756000e+00,        +1.066933065122e-09,        +1.011720388711e-09,        +0.000000000000e+00,        +0.000000000000e+00,        +7.896100764598e-12,        +7.400746141177e-03,        +1.218788672434e-11,        +1.204669477885e-02
 2.44758000e+00,        +1.053040819764e-09,        +9.978197854635e-10,        +0.000000000000e+00,        +0.000000000000e+00,        +7.750867097085e-12,        +7.360462150763e-03,        +1.205624028905e-11,        +1.208258291196e-02
 2.44760000e+00,        +1.039793426790e-09,        +9.845641503872e-10,        +0.000000000000e+00,        +0.000000000000e+00,        +7.611696281215e-12,        +7.320392767544e-03,        +1.193134577975e-11,        +1.211840363582e-02
 2.44762000e+00,        +1.027148344742e-09,        +9.719109368416e-10,        +0.000000000000e+00,        +0.000000000000e+00,        +7.478224311864e-12,        +7.280568916991e-03,        +1.181272434806e-11,        +1.215412225574e-02
 2.44764000e+00,        +1.015066499045e-09,        +9.598210654056e-10,        +0.000000000000e+00,        +0.000000000000e+00,        +7.350115010777e-12,        +7.241018216728e-03,        +1.169993786760e-11,        +1.218970732077e-02
 2.44766000e+00,        +1.003511948721e-09,        +9.482585905583e-10,        +0.000000000000e+00,        +0.000000000000e+00,        +7.227057470936e-12,        +7.201765240711e-03,        +1.159258490871e-11,        +1.222513038546e-02
 2.44768000e+00,        +9.924515894337e-10,        +9.371904037076e-10,        +0.000000000000e+00,        +0.000000000000e+00,        +7.108763768831e-12,        +7.162831763802e-03,        +1.149029716207e-11,        +1.226036578759e-02
 2.44770000e+00,        +9.818548891216e-10,        +9.265859687959e-10,        +0.000000000000e+00,        +0.000000000000e+00,        +6.994966920117e-12,        +7.124236990229e-03,        +1.139273626170e-11,        +1.229539043906e-02
 2.44772000e+00,        +9.716936519039e-10,        +9.164170861886e-10,        +0.000000000000e+00,        +0.000000000000e+00,        +6.885419046497e-12,        +7.085997765866e-03,        +1.129959095465e-11,        +1.233018363030e-02
 2.44774000e+00,        +9.619418065794e-10,        +9.066576811540e-10,        +0.000000000000e+00,        +0.000000000000e+00,        +6.779889725693e-12,        +7.048128773820e-03,        +1.121057457276e-11,        +1.236472684871e-02
 2.44776000e+00,        +9.525752176763e-10,        +8.972836148965e-10,        +0.000000000000e+00,        +0.000000000000e+00,        +6.678164513439e-12,        +7.010642718304e-03,        +1.112542277758e-11,        +1.239900360698e-02
 2.44778000e+00,        +9.435715151912e-10,        +8.882725142812e-10,        +0.000000000000e+00,        +0.000000000000e+00,        +6.580043603853e-12,        +6.973550491845e-03,        +1.104389153560e-11,        +1.243299928574e-02
 2.44780000e+00,        +9.349099419711e-10,        +8.796036192014e-10,        +0.000000000000e+00,        +0.000000000000e+00,        +6.485340625503e-12,        +6.936861332152e-03,        +1.096575530611e-11,        +1.246670098523e-02
 2.44782000e+00,        +9.265712161888e-10,        +8.712576450417e-10,        +0.000000000000e+00,        +0.000000000000e+00,        +6.393881551876e-12,        +6.900582966710e-03,        +1.089080541267e-11,        +1.250009738755e-02
 2.44784000e+00,        +9.185374070864e-10,        +8.632166584105e-10,        +0.000000000000e+00,        +0.000000000000e+00,        +6.305503712112e-12,        +6.864721745098e-03,        +1.081884857607e-11,        +1.253317862979e-02
 2.44786000e+00,        +9.107918230430e-10,        +8.554639651957e-10,        +0.000000000000e+00,        +0.000000000000e+00,        +6.220054897570e-12,        +6.829282762759e-03,        +1.074970559503e-11,        +1.256593618479e-02
 2.44788000e+00,        +9.033189101620e-10,        +8.479840091439e-10,        +0.000000000000e+00,        +0.000000000000e+00,        +6.137392548430e-12,        +6.794269974188e-03,        +1.068321015444e-11,        +1.259836275123e-02
 2.44790000e+00,        +8.961041603301e-10,        +8.407622799093e-10,        +0.000000000000e+00,        +0.000000000000e+00,        +6.057383013141e-12,        +6.759686296859e-03,        +1.061920774776e-11,        +1.263045215219e-02
 2.44792000e+00,        +8.891340280603e-10,        +8.337852298888e-10,        +0.000000000000e+00,        +0.000000000000e+00,        +5.979900876901e-12,        +6.725533708283e-03,        +1.055755470410e-11,        +1.266219923985e-02
 2.44794000e+00,        +8.823958547327e-10,        +8.270401984556e-10,        +0.000000000000e+00,        +0.000000000000e+00,        +5.904828346600e-12,        +6.691813334038e-03,        +1.049811730472e-11,        +1.269359980848e-02
 2.44796000e+00,        +8.758777997865e-10,        +8.205153431434e-10,        +0.000000000000e+00,        +0.000000000000e+00,        +5.832054690365e-12,        +6.658525529231e-03,        +1.044077098242e-11,        +1.272465051344e-02
 2.44798000e+00,        +8.695687780539e-10,        +8.141995769748e-10,        +0.000000000000e+00,        +0.000000000000e+00,        +5.761475725194e-12,        +6.625669953431e-03,        +1.038539959406e-11,        +1.275534879623e-02
 2.44800000e+00,        +8.634584026274e-10,        +8.080825113213e-10,        +0.000000000000e+00,        +0.000000000000e+00,        +5.692993347988e-12,        +6.593245639472e-03,        +1.033189475914e-11,        +1.278569281526e-02
 2.44802000e+00,        +8.575369326843e-10,        +8.021544037238e-10,        +0.000000000000e+00,        +0.000000000000e+00,        +5.626515105543e-12,        +6.561251056478e-03,        +1.028015525727e-11,        +1.281568138197e-02
 2.44804000e+00,        +8.517952258347e-10,        +7.964061102344e-10,        +0.000000000000e+00,        +0.000000000000e+00,        +5.561953800521e-12,        +6.529684168011e-03,        +1.023008647916e-11,        +1.284531390165e-02
 2.44806000e+00,        +8.462246944374e-10,        +7.908290417277e-10,        +0.000000000000e+00,        +0.000000000000e+00,        +5.499227128388e-12,        +6.498542484681e-03,        +1.018159992493e-11,        +1.287459031940e-02
 2.44808000e+00,        +8.408172657533e-10,        +7.854151240503e-10,        +0.000000000000e+00,        +0.000000000000e+00,        +5.438257345826e-12,        +6.467823113686e-03,        +1.013461274702e-11,        +1.290351106910e-02
 2.44810000e+00,        +8.355653452119e-10,        +7.801567612824e-10,        +0.000000000000e+00,        +0.000000000000e+00,        +5.378970962950e-12,        +6.437522802703e-03,        +1.008904733059e-11,        +1.293207702770e-02
 2.44812000e+00,        +8.304617828230e-10,        +7.750468021464e-10,        +0.000000000000e+00,        +0.000000000000e+00,        +5.321298461469e-12,        +6.407637981100e-03,        +1.004483091035e-11,        +1.296028947223e-02
 2.44814000e+00,        +8.254998422347e-10,        +7.700785090609e-10,        +0.000000000000e+00,        +0.000000000000e+00,        +5.265174033656e-12,        +6.378164796982e-03,        +1.000189521881e-11,        +1.298815004070e-02
 2.44816000e+00,        +8.206731723760e-10,        +7.652455297804e-10,        +0.000000000000e+00,        +0.000000000000e+00,        +5.210535342783e-12,        +6.349099151977e-03,        +9.960176164230e-12,        +1.301566069532e-02
 2.44818000e+00,        +8.159757812057e-10,        +7.605418711403e-10,        +0.000000000000e+00,        +0.000000000000e+00,        +5.157323299803e-12,        +6.320436731814e-03,        +9.919613533957e-12,        +1.304282368975e-02
 2.44820000e+00,        +8.114020116178e-10,        +7.559618749607e-10,        +0.000000000000e+00,        +0.000000000000e+00,        +5.105481858122e-12,        +6.292173035093e-03,        +9.880150722293e-12,        +1.306964153821e-02
 2.44822000e+00,        +8.069465192407e-10,        +7.515001958416e-10,        +0.000000000000e+00,        +0.000000000000e+00,        +5.054957823910e-12,        +6.264303399768e-03,        +9.841734480382e-12,        +1.309611698685e-02
 2.44824000e+00,        +8.026042517443e-10,        +7.471517804685e-10,        +0.000000000000e+00,        +0.000000000000e+00,        +5.005700677698e-12,        +6.236823025568e-03,        +9.804314684504e-12,        +1.312225298902e-02
 2.44826000e+00,        +7.983704300358e-10,        +7.429118488050e-10,        +0.000000000000e+00,        +0.000000000000e+00,        +4.957662413235e-12,        +6.209726997294e-03,        +9.767844124640e-12,        +1.314805267994e-02
 2.44828000e+00,        +7.942405305615e-10,        +7.387758763932e-10,        +0.000000000000e+00,        +0.000000000000e+00,        +4.910797383741e-12,        +6.183010303275e-03,        +9.732278307387e-12,        +1.317351935597e-02
 2.44830000e+00,        +7.902102690963e-10,        +7.347395781406e-10,        +0.000000000000e+00,        +0.000000000000e+00,        +4.865062161435e-12,        +6.156667853733e-03,        +9.697575275126e-12,        +1.319865645412e-02
 2.44832000e+00,        +7.862755856568e-10,        +7.307988932315e-10,        +0.000000000000e+00,        +0.000000000000e+00,        +4.820415405973e-12,        +6.130694496824e-03,        +9.663695438475e-12,        +1.322346753393e-02
 2.44834000e+00,        +7.824326305865e-10,        +7.269499712104e-10,        +0.000000000000e+00,        +0.000000000000e+00,        +4.776817743088e-12,        +6.105085033976e-03,        +9.630601421778e-12,        +1.324795625996e-02
 2.44836000e+00,        +7.786777514830e-10,        +7.231891589072e-10,        +0.000000000000e+00,        +0.000000000000e+00,        +4.734231649286e-12,        +6.079834232158e-03,        +9.598257919138e-12,        +1.327212638757e-02
 2.44838000e+00,        +7.750074812645e-10,        +7.195129885026e-10,        +0.000000000000e+00,        +0.000000000000e+00,        +4.692621347346e-12,        +6.054936837111e-03,        +9.566631562305e-12,        +1.329598174762e-02
 2.44840000e+00,        +7.714185269114e-10,        +7.159181662678e-10,        +0.000000000000e+00,        +0.000000000000e+00,        +4.651952706461e-12,        +6.030387583620e-03,        +9.535690797194e-12,        +1.331952623427e-02
 2.44842000e+00,        +7.679077590619e-10,        +7.124015621588e-10,        +0.000000000000e+00,        +0.000000000000e+00,        +4.612193150005e-12,        +6.006181205460e-03,        +9.505405769741e-12,        +1.334276379313e-02
 2.44844000e+00,        +7.644722023422e-10,        +7.089602001454e-10,        +0.000000000000e+00,        +0.000000000000e+00,        +4.573311569573e-12,        +5.982312444536e-03,        +9.475748220026e-12,        +1.336569841027e-02
 2.44846000e+00,        +7.611090263131e-10,        +7.055912491564e-10,        +0.000000000000e+00,        +0.000000000000e+00,        +4.535278244000e-12,        +5.958776058628e-03,        +9.446691383612e-12,        +1.338833410265e-02
 2.44848000e+00,        +7.578155370580e-10,        +7.022920146667e-10,        +0.000000000000e+00,        +0.000000000000e+00,        +4.498064763960e-12,        +5.935566828601e-03,        +9.418209900019e-12,        +1.341067490920e-02
 2.44850000e+00,        +7.545891693368e-10,        +6.990599308494e-10,        +0.000000000000e+00,        +0.000000000000e+00,        +4.461643961458e-12,        +5.912679564934e-03,        +9.390279727525e-12,        +1.343272488256e-02
 2.44852000e+00,        +7.514274792561e-10,        +6.958925532458e-10,        +0.000000000000e+00,        +0.000000000000e+00,        +4.425989843647e-12,        +5.890109113428e-03,        +9.362878063854e-12,        +1.345448808179e-02
 2.44854000e+00,        +7.483281373932e-10,        +6.927875518880e-10,        +0.000000000000e+00,        +0.000000000000e+00,        +4.391077530385e-12,        +5.867850359979e-03,        +9.335983272116e-12,        +1.347596856594e-02
 2.44856000e+00,        +7.452889224442e-10,        +6.897427049461e-10,        +0.000000000000e+00,        +0.000000000000e+00,        +4.356883196794e-12,        +5.845898235688e-03,        +9.309574812163e-12,        +1.349717038746e-02
 2.44858000e+00,        +7.423077151840e-10,        +6.867558926871e-10,        +0.000000000000e+00,        +0.000000000000e+00,        +4.323384017855e-12,        +5.824247720210e-03,        +9.283633176031e-12,        +1.351809758735e-02
 2.44860000e+00,        +7.393824929149e-10,        +6.838250919233e-10,        +0.000000000000e+00,        +0.000000000000e+00,        +4.290558117913e-12,        +5.802893845914e-03,        +9.258139828234e-12,        +1.353875418961e-02
 2.44862000e+00,        +7.365113241687e-10,        +6.809483707127e-10,        +0.000000000000e+00,        +0.000000000000e+00,        +4.258384521710e-12,        +5.781831700302e-03,        +9.233077149465e-12,        +1.355914419738e-02
 2.44864000e+00,        +7.336923638045e-10,        +6.781238834570e-10,        +0.000000000000e+00,        +0.000000000000e+00,        +4.226843109347e-12,        +5.761056428922e-03,        +9.208428384302e-12,        +1.357927158878e-02
 2.44866000e+00,        +7.309238484325e-10,        +6.753498663243e-10,        +0.000000000000e+00,        +0.000000000000e+00,        +4.195914574128e-12,        +5.740563238054e-03,        +9.184177592441e-12,        +1.359914031290e-02
 2.44868000e+00,        +7.282040920311e-10,        +6.726246328650e-10,        +0.000000000000e+00,        +0.000000000000e+00,        +4.165580381593e-12,        +5.720347395981e-03,        +9.160309602567e-12,        +1.361875428729e-02
 2.44870000e+00,        +7.255314819268e-10,        +6.699465699921e-10,        +0.000000000000e+00,        +0.000000000000e+00,        +4.135822732336e-12,        +5.700404235185e-03,        +9.136809969682e-12,        +1.363811739463e-02
 2.44872000e+00,        +7.229044749570e-10,        +6.673141341424e-10,        +0.000000000000e+00,        +0.000000000000e+00,        +4.106624526022e-12,        +5.680729153414e-03,        +9.113664934819e-12,        +1.365723348050e-02
 2.44874000e+00,        +7.203215938938e-10,        +6.647258477006e-10,        +0.000000000000e+00,        +0.000000000000e+00,        +4.077969327927e-12,        +5.661317614932e-03,        +9.090861387422e-12,        +1.367610635102e-02
 2.44876000e+00,        +7.177814240712e-10,        +6.621802956252e-10,        +0.000000000000e+00,        +0.000000000000e+00,        +4.049841337229e-12,        +5.642165151417e-03,        +9.068386830026e-12,        +1.369473977093e-02
 2.44878000e+00,        +7.152826102151e-10,        +6.596761222786e-10,        +0.000000000000e+00,        +0.000000000000e+00,        +4.022225357082e-12,        +5.623267362634e-03,        +9.046229345151e-12,        +1.371313746192e-02
 2.44880000e+00,        +7.128238534589e-10,        +6.572120284420e-10,        +0.000000000000e+00,        +0.000000000000e+00,        +3.995106766406e-12,        +5.604619916996e-03,        +9.024377564189e-12,        +1.373130310105e-02
 2.44882000e+00,        +7.104039085177e-10,        +6.547867684887e-10,        +0.000000000000e+00,        +0.000000000000e+00,        +3.968471492931e-12,        +5.586218551656e-03,        +9.002820638147e-12,        +1.374924031976e-02
 2.44884000e+00,        +7.080215810599e-10,        +6.523991477560e-10,        +0.000000000000e+00,        +0.000000000000e+00,        +3.942305988309e-12,        +5.568059073012e-03,        +8.981548210289e-12,        +1.376695270247e-02
 2.44886000e+00,        +7.056757251918e-10,        +6.500480200289e-10,        +0.000000000000e+00,        +0.000000000000e+00,        +3.916597203940e-12,        +5.550137356469e-03,        +8.960550390270e-12,        +1.378444378597e-02
 2.44888000e+00,        +7.033652411110e-10,        +6.477322851934e-10,        +0.000000000000e+00,        +0.000000000000e+00,        +3.891332568543e-12,        +5.532449346511e-03,        +8.939817729885e-12,        +1.380171705849e-02
 2.44890000e+00,        +7.010890728823e-10,        +6.454508870115e-10,        +0.000000000000e+00,        +0.000000000000e+00,        +3.866499966730e-12,        +5.514991056462e-03,        +8.919341200256e-12,        +1.381877595916e-02
 2.44892000e+00,        +6.988462063367e-10,        +6.432028110205e-10,        +0.000000000000e+00,        +0.000000000000e+00,        +3.842087718716e-12,        +5.497758568163e-03,        +8.899112170303e-12,        +1.383562387761e-02
 2.44894000e+00,        +6.966356670837e-10,        +6.409870825447e-10,        +0.000000000000e+00,        +0.000000000000e+00,        +3.818084561047e-12,        +5.480748031508e-03,        +8.879122386489e-12,        +1.385226415365e-02
 2.44896000e+00,        +6.944565186485e-10,        +6.388027648319e-10,        +0.000000000000e+00,        +0.000000000000e+00,        +3.794479628569e-12,        +5.463955664141e-03,        +8.859363953761e-12,        +1.386870007692e-02
 2.44898000e+00,        +6.923078606886e-10,        +6.366489572704e-10,        +0.000000000000e+00,        +0.000000000000e+00,        +3.771262436943e-12,        +5.447377750689e-03,        +8.839829317537e-12,        +1.388493488694e-02
 2.44900000e+00,        +6.901888273322e-10,        +6.345247937263e-10,        +0.000000000000e+00,        +0.000000000000e+00,        +3.748422866515e-12,        +5.431010642412e-03,        +8.820511246771e-12,        +1.390097177286e-02
 2.44902000e+00,        +6.880985855798e-10,        +6.324294409455e-10,        +0.000000000000e+00,        +0.000000000000e+00,        +3.725951146542e-12,        +5.414850756309e-03,        +8.801402817904e-12,        +1.391681387373e-02
 2.44904000e+00,        +6.860363337999e-10,        +6.303620970489e-10,        +0.000000000000e+00,        +0.000000000000e+00,        +3.703837840354e-12,        +5.398894574341e-03,        +8.782497399734e-12,        +1.393246427863e-02
 2.44906000e+00,        +6.840013003309e-10,        +6.283219901337e-10,        +0.000000000000e+00,        +0.000000000000e+00,        +3.682073831722e-12,        +5.383138643071e-03,        +8.763788639235e-12,        +1.394792602654e-02
 2.44908000e+00,        +6.819927421094e-10,        +6.263083769022e-10,        +0.000000000000e+00,        +0.000000000000e+00,        +3.660650311098e-12,        +5.367579572438e-03,        +8.745270447977e-12,        +1.396320210697e-02
 2.44910000e+00,        +6.800099434124e-10,        +6.243205414029e-10,        +0.000000000000e+00,        +0.000000000000e+00,        +3.639558763247e-12,        +5.352214035259e-03,        +8.726936989454e-12,        +1.397829545996e-02
 2.44912000e+00,        +6.780522146212e-10,        +6.223577937948e-10,        +0.000000000000e+00,        +0.000000000000e+00,        +3.618790954752e-12,        +5.337038765922e-03,        +8.708782666942e-12,        +1.399320897685e-02
 2.44914000e+00,        +6.761188910982e-10,        +6.204194692238e-10,        +0.000000000000e+00,        +0.000000000000e+00,        +3.598338922961e-12,        +5.322050559949e-03,        +8.690802112191e-12,        +1.400794550027e-02
 2.44916000e+00,        +6.742093320958e-10,        +6.185049267312e-10,        +0.000000000000e+00,        +0.000000000000e+00,        +3.578194965036e-12,        +5.307246273073e-03,        +8.672990174630e-12,        +1.402250782458e-02
 2.44918000e+00,        +6.723229196994e-10,        +6.166135481968e-10,        +0.000000000000e+00,        +0.000000000000e+00,        +3.558351627151e-12,        +5.292622819912e-03,        +8.655341911095e-12,        +1.403689869677e-02
 2.44920000e+00,        +6.704590578653e-10,        +6.147447373766e-10,        +0.000000000000e+00,        +0.000000000000e+00,        +3.538801694945e-12,        +5.278177173432e-03,        +8.637852576214e-12,        +1.405112081655e-02
 2.44922000e+00,        +6.686171714843e-10,        +6.128979189658e-10,        +0.000000000000e+00,        +0.000000000000e+00,        +3.519538184017e-12,        +5.263906363942e-03,        +8.620517613255e-12,        +1.406517683695e-02
 2.44924000e+00,        +6.667967054873e-10,        +6.110725377047e-10,        +0.000000000000e+00,        +0.000000000000e+00,        +3.500554330790e-12,        +5.249807478026e-03,        +8.603332645413e-12,        +1.407906936503e-02
 2.44926000e+00,        +6.649971240018e-10,        +6.092680575349e-10,        +0.000000000000e+00,        +0.000000000000e+00,        +3.481843583924e-12,        +5.235877657592e-03,        +8.586293467583e-12,        +1.409280096239e-02
 2.44928000e+00,        +6.632179095608e-10,        +6.074839608080e-10,        +0.000000000000e+00,        +0.000000000000e+00,        +3.463399596315e-12,        +5.222114099133e-03,        +8.569396038609e-12,        +1.410637414560e-02
 2.44930000e+00,        +6.614585623233e-10,        +6.057197475057e-10,        +0.000000000000e+00,        +0.000000000000e+00,        +3.445216216997e-12,        +5.208514052484e-03,        +8.552636473812e-12,        +1.411979138707e-02
 2.44932000e+00,        +6.597185993560e-10,        +6.039749345219e-10,        +0.000000000000e+00,        +0.000000000000e+00,        +3.427287483813e-12,        +5.195074820020e-03,        +8.536011038004e-12,        +1.413305511554e-02
 2.44934000e+00,        +6.579975539460e-10,        +6.022490549750e-10,        +0.000000000000e+00,        +0.000000000000e+00,        +3.409607616365e-12,        +5.181793755795e-03,        +8.519516138834e-12,        +1.414616771659e-02
 2.44936000e+00,        +6.562949749330e-10,        +6.005416575397e-10,        +0.000000000000e+00,        +0.000000000000e+00,        +3.392171009053e-12,        +5.168668264448e-03,        +8.503148320424e-12,        +1.415913153346e-02
 2.44938000e+00,        +6.546104260826e-10,        +5.988523058204e-10,        +0.000000000000e+00,        +0.000000000000e+00,        +3.374972224571e-12,        +5.155695800276e-03,        +8.486904257356e-12,        +1.417194886764e-02
 2.44940000e+00,        +6.529434854939e-10,        +5.971805777590e-10,        +0.000000000000e+00,        +0.000000000000e+00,        +3.358005987793e-12,        +5.142873866416e-03,        +8.470780748988e-12,        +1.418462197946e-02
 2.44942000e+00,        +6.512937450159e-10,        +5.955260650504e-10,        +0.000000000000e+00,        +0.000000000000e+00,        +3.341267179598e-12,        +5.130200013692e-03,        +8.454774713967e-12,        +1.419715308893e-02
 2.44944000e+00,        +6.496608097209e-10,        +5.938883726165e-10,        +0.000000000000e+00,        +0.000000000000e+00,        +3.324750831474e-12,        +5.117671840022e-03,        +8.438883185124e-12,        +1.420954437607e-02
 2.44946000e+00,        +6.480442973776e-10,        +5.922671180791e-10,        +0.000000000000e+00,        +0.000000000000e+00,        +3.308452119951e-12,        +5.105286989392e-03,        +8.423103304525e-12,        +1.422179798170e-02
 2.44948000e+00,        +6.464438379407e-10,        +5.906619312488e-10,        +0.000000000000e+00,        +0.000000000000e+00,        +3.292366361085e-12,        +5.093043150621e-03,        +8.407432318780e-12,        +1.423391600844e-02
 2.44950000e+00,        +6.448590731040e-10,        +5.890724536788e-10,        +0.000000000000e+00,        +0.000000000000e+00,        +3.276489005969e-12,        +5.080938057051e-03,        +8.391867574632e-12,        +1.424590052077e-02
 2.44952000e+00,        +6.432896558326e-10,        +5.874983381964e-10,        +0.000000000000e+00,        +0.000000000000e+00,        +3.260815635635e-12,        +5.068969485315e-03,        +8.376406514708e-12,        +1.425775354603e-02
 2.44954000e+00,        +6.417352499279e-10,        +5.859392484682e-10,        +0.000000000000e+00,        +0.000000000000e+00,        +3.245341956416e-12,        +5.057135254423e-03,        +8.361046673459e-12,        +1.426947707517e-02
 2.44956000e+00,        +6.401955296327e-10,        +5.843948586053e-10,        +0.000000000000e+00,        +0.000000000000e+00,        +3.230063795882e-12,        +5.045433225275e-03,        +8.345785673358e-12,        +1.428107306296e-02
 2.44958000e+00,        +6.386701792186e-10,        +5.828648527498e-10,        +0.000000000000e+00,        +0.000000000000e+00,        +3.214977098260e-12,        +5.033861299416e-03,        +8.330621221210e-12,        +1.429254342908e-02
 2.44960000e+00,        +6.371588926201e-10,        +5.813489247099e-10,        +0.000000000000e+00,        +0.000000000000e+00,        +3.200077920632e-12,        +5.022417418475e-03,        +8.315551104679e-12,        +1.430389005850e-02
 2.44962000e+00,        +6.356613730695e-10,        +5.798467775938e-10,        +0.000000000000e+00,        +0.000000000000e+00,        +3.185362428953e-12,        +5.011099563233e-03,        +8.300573188941e-12,        +1.431511480220e-02
 2.44964000e+00,        +6.341773327498e-10,        +5.783581234634e-10,        +0.000000000000e+00,        +0.000000000000e+00,        +3.170826894290e-12,        +4.999905752767e-03,        +8.285685413532e-12,        +1.432621947785e-02
 2.44966000e+00,        +6.327064924817e-10,        +5.768826830201e-10,        +0.000000000000e+00,        +0.000000000000e+00,        +3.156467689595e-12,        +4.988834044068e-03,        +8.270885789321e-12,        +1.433720587004e-02
 2.44968000e+00,        +6.312485813806e-10,        +5.754201852630e-10,        +0.000000000000e+00,        +0.000000000000e+00,        +3.142281285739e-12,        +4.977882530629e-03,        +8.256172395604e-12,        +1.434807573153e-02
 2.44970000e+00,        +6.298033365766e-10,        +5.739703672077e-10,        +0.000000000000e+00,        +0.000000000000e+00,        +3.128264248668e-12,        +4.967049342216e-03,        +8.241543377363e-12,        +1.435883078330e-02
 2.44972000e+00,        +6.283705029183e-10,        +5.725329735908e-10,        +0.000000000000e+00,        +0.000000000000e+00,        +3.114413236117e-12,        +4.956332643961e-03,        +8.226996942635e-12,        +1.436947271532e-02
 2.44974000e+00,        +6.269498326860e-10,        +5.711077565828e-10,        +0.000000000000e+00,        +0.000000000000e+00,        +3.100724994381e-12,        +4.945730635410e-03,        +8.212531359988e-12,        +1.438000318736e-02
 2.44976000e+00,        +6.255410853445e-10,        +5.696944755406e-10,        +0.000000000000e+00,        +0.000000000000e+00,        +3.087196355781e-12,        +4.935241550250e-03,        +8.198144956139e-12,        +1.439042382912e-02
 2.44978000e+00,        +6.241440272740e-10,        +5.682928967386e-10,        +0.000000000000e+00,        +0.000000000000e+00,        +3.073824235568e-12,        +4.924863655259e-03,        +8.183836113644e-12,        +1.440073624113e-02
 2.44980000e+00,        +6.227584315285e-10,        +5.669027931273e-10,        +0.000000000000e+00,        +0.000000000000e+00,        +3.060605629282e-12,        +4.914595249670e-03,        +8.169603268725e-12,        +1.441094199529e-02
 2.44982000e+00,        +6.213840776077e-10,        +5.655239441044e-10,        +0.000000000000e+00,        +0.000000000000e+00,        +3.047537610289e-12,        +4.904434664664e-03,        +8.155444909157e-12,        +1.442104263520e-02
 2.44984000e+00,        +6.200207512247e-10,        +5.641561352832e-10,        +0.000000000000e+00,        +0.000000000000e+00,        +3.034617327127e-12,        +4.894380262488e-03,        +8.141359572285e-12,        +1.443103967698e-02
 2.44986000e+00,        +6.186682440983e-10,        +5.627991582841e-10,        +0.000000000000e+00,        +0.000000000000e+00,        +3.021842001280e-12,        +4.884430436032e-03,        +8.127345843086e-12,        +1.444093460954e-02
 2.44988000e+00,        +6.173263537399e-10,        +5.614528105224e-10,        +0.000000000000e+00,        +0.000000000000e+00,        +3.009208924721e-12,        +4.874583607990e-03,        +8.113402352373e-12,        +1.445072889532e-02
 2.44990000e+00,        +6.159948832563e-10,        +5.601168950102e-10,        +0.000000000000e+00,        +0.000000000000e+00,        +2.996715457745e-12,        +4.864838230318e-03,        +8.099527774997e-12,        +1.446042397070e-02
 2.44992000e+00,        +6.146736411633e-10,        +5.587912201704e-10,        +0.000000000000e+00,        +0.000000000000e+00,        +2.984359026899e-12,        +4.855192783688e-03,        +8.085720828216e-12,        +1.447002124649e-02
 2.44994000e+00,        +6.133624411995e-10,        +5.574755996503e-10,        +0.000000000000e+00,        +0.000000000000e+00,        +2.972137122864e-12,        +4.845645776829e-03,        +8.071980270055e-12,        +1.447952210844e-02
 2.44996000e+00,        +6.120611021500e-10,        +5.561698521452e-10,        +0.000000000000e+00,        +0.000000000000e+00,        +2.960047298460e-12,        +4.836195745918e-03,        +8.058304897788e-12,        +1.448892791780e-02
 2.44998000e+00,        +6.107694476772e-10,        +5.548738012296e-10,        +0.000000000000e+00,        +0.000000000000e+00,        +2.948087166726e-12,        +4.826841253991e-03,        +8.044693546467e-12,        +1.449824001177e-02
 2.45000000e+00,        +6.094873061649e-10,        +5.535872752004e-10,        +0.000000000000e+00,        +0.000000000000e+00,        +2.936254399233e-12,        +4.817580890582e-03,        +8.031145087496e-12,        +1.450745970378e-02
 2.45002000e+00,        +6.082145105528e-10,        +5.523101069121e-10,        +0.000000000000e+00,        +0.000000000000e+00,        +2.924546724079e-12,        +4.808413270872e-03,        +8.017658427303e-12,        +1.451658828430e-02
 2.45004000e+00,        +6.069508981930e-10,        +5.510421336332e-10,        +0.000000000000e+00,        +0.000000000000e+00,        +2.912961924347e-12,        +4.799337035368e-03,        +8.004232506028e-12,        +1.452562702103e-02
 2.45006000e+00,        +6.056963107039e-10,        +5.497831968997e-10,        +0.000000000000e+00,        +0.000000000000e+00,        +2.901497836393e-12,        +4.790350849290e-03,        +7.990866296291e-12,        +1.453457715942e-02
 2.45008000e+00,        +6.044505938328e-10,        +5.485331423778e-10,        +0.000000000000e+00,        +0.000000000000e+00,        +2.890152348293e-12,        +4.781453402116e-03,        +7.977558802008e-12,        +1.454343992311e-02
 2.45010000e+00,        +6.032135973192e-10,        +5.472918197276e-10,        +0.000000000000e+00,        +0.000000000000e+00,        +2.878923398250e-12,        +4.772643406987e-03,        +7.964309057234e-12,        +1.455221651440e-02
 2.45012000e+00,        +6.019851747697e-10,        +5.460590824771e-10,        +0.000000000000e+00,        +0.000000000000e+00,        +2.867808973169e-12,        +4.763919600288e-03,        +7.951116125092e-12,        +1.456090811460e-02
 2.45014000e+00,        +6.007651835360e-10,        +5.448347879007e-10,        +0.000000000000e+00,        +0.000000000000e+00,        +2.856807107266e-12,        +4.755280741222e-03,        +7.937979096703e-12,        +1.456951588442e-02
 2.45016000e+00,        +5.995534845899e-10,        +5.436187968946e-10,        +0.000000000000e+00,        +0.000000000000e+00,        +2.845915880566e-12,        +4.746725611164e-03,        +7.924897090199e-12,        +1.457804096450e-02
 2.45018000e+00,        +5.983499424118e-10,        +5.424109738644e-10,        +0.000000000000e+00,        +0.000000000000e+00,        +2.835133417645e-12,        +4.738253013308e-03,        +7.911869249743e-12,        +1.458648447574e-02
 2.45020000e+00,        +5.971544248852e-10,        +5.412111866200e-10,        +0.000000000000e+00,        +0.000000000000e+00,        +2.824457886433e-12,        +4.729861772314e-03,        +7.898894744602e-12,        +1.459484751957e-02
 2.45022000e+00,        +5.959668031840e-10,        +5.400193062628e-10,        +0.000000000000e+00,        +0.000000000000e+00,        +2.813887496831e-12,        +4.721550733695e-03,        +7.885972768278e-12,        +1.460313117850e-02
 2.45024000e+00,        +5.947869516666e-10,        +5.388352070802e-10,        +0.000000000000e+00,        +0.000000000000e+00,        +2.803420499468e-12,        +4.713318763319e-03,        +7.873102537629e-12,        +1.461133651658e-02
 2.45026000e+00,        +5.936147477957e-10,        +5.376587664644e-10,        +0.000000000000e+00,        +0.000000000000e+00,        +2.793055184907e-12,        +4.705164747471e-03,        +7.860283292051e-12,        +1.461946457925e-02
 2.45028000e+00,        +5.924500720173e-10,        +5.364898647923e-10,        +0.000000000000e+00,        +0.000000000000e+00,        +2.782789881980e-12,        +4.697087591710e-03,        +7.847514292713e-12,        +1.462751639446e-02
 2.45030000e+00,        +5.912928076913e-10,        +5.353283853557e-10,        +0.000000000000e+00,        +0.000000000000e+00,        +2.772622957196e-12,        +4.689086221126e-03,        +7.834794821772e-12,        +1.463549297235e-02
 2.45032000e+00,        +5.901428409874e-10,        +5.341742142572e-10,        +0.000000000000e+00,        +0.000000000000e+00,        +2.762552813335e-12,        +4.681159579455e-03,        +7.822124181667e-12,        +1.464339530605e-02
 2.45034000e+00,        +5.890000608150e-10,        +5.330272403400e-10,        +0.000000000000e+00,        +0.000000000000e+00,        +2.752577888790e-12,        +4.673306629173e-03,        +7.809501694394e-12,        +1.465122437160e-02
 2.45036000e+00,        +5.878643587231e-10,        +5.318873550879e-10,        +0.000000000000e+00,        +0.000000000000e+00,        +2.742696656174e-12,        +4.665526350554e-03,        +7.796926700874e-12,        +1.465898112879e-02
 2.45038000e+00,        +5.867356288388e-10,        +5.307544525638e-10,        +0.000000000000e+00,        +0.000000000000e+00,        +2.732907621787e-12,        +4.657817741861e-03,        +7.784398560266e-12,        +1.466666652096e-02
 2.45040000e+00,        +5.856137677749e-10,        +5.296284293172e-10,        +0.000000000000e+00,        +0.000000000000e+00,        +2.723209324343e-12,        +4.650179818500e-03,        +7.771916649370e-12,        +1.467428147577e-02
 2.45042000e+00,        +5.844986745696e-10,        +5.285091843238e-10,        +0.000000000000e+00,        +0.000000000000e+00,        +2.713600334380e-12,        +4.642611613068e-03,        +7.759480362019e-12,        +1.468182690514e-02
 2.45044000e+00,        +5.833902506081e-10,        +5.273966189072e-10,        +0.000000000000e+00,        +0.000000000000e+00,        +2.704079253251e-12,        +4.635112174796e-03,        +7.747089108510e-12,        +1.468930370574e-02
 2.45046000e+00,        +5.822883995528e-10,        +5.262906366692e-10,        +0.000000000000e+00,        +0.000000000000e+00,        +2.694644712281e-12,        +4.627680569200e-03,        +7.734742315046e-12,        +1.469671275932e-02
 2.45048000e+00,        +5.811930272787e-10,        +5.251911434248e-10,        +0.000000000000e+00,        +0.000000000000e+00,        +2.685295371989e-12,        +4.620315877777e-03,        +7.722439423215e-12,        +1.470405493295e-02
 2.45050000e+00,        +5.801040418127e-10,        +5.240980471419e-10,        +0.000000000000e+00,        +0.000000000000e+00,        +2.676029921399e-12,        +4.613017197807e-03,        +7.710179889462e-12,        +1.471133107919e-02
 2.45052000e+00,        +5.790213532674e-10,        +5.230112578748e-10,        +0.000000000000e+00,        +0.000000000000e+00,        +2.666847077203e-12,        +4.605783641924e-03,        +7.697963184602e-12,        +1.471854203652e-02
 2.45054000e+00,        +5.779448737799e-10,        +5.219306877032e-10,        +0.000000000000e+00,        +0.000000000000e+00,        +2.657745582989e-12,        +4.598614337742e-03,        +7.685788793353e-12,        +1.472568862960e-02
 2.45056000e+00,        +5.768745174571e-10,        +5.208562506772e-10,        +0.000000000000e+00,        +0.000000000000e+00,        +2.648724208605e-12,        +4.591508427658e-03,        +7.673656213875e-12,        +1.473277166953e-02
 2.45058000e+00,        +5.758102003212e-10,        +5.197878627632e-10,        +0.000000000000e+00,        +0.000000000000e+00,        +2.639781749524e-12,        +4.584465068614e-03,        +7.661564957320e-12,        +1.473979195395e-02
 2.45060000e+00,        +5.747518402499e-10,        +5.187254417834e-10,        +0.000000000000e+00,        +0.000000000000e+00,        +2.630917026036e-12,        +4.577483431618e-03,        +7.649514547424e-12,        +1.474675026759e-02
 2.45062000e+00,        +5.736993569293e-10,        +5.176689073695e-10,        +0.000000000000e+00,        +0.000000000000e+00,        +2.622128882734e-12,        +4.570562701636e-03,        +7.637504520088e-12,        +1.475364738226e-02
 2.45064000e+00,        +5.726526718038e-10,        +5.166181809120e-10,        +0.000000000000e+00,        +0.000000000000e+00,        +2.613416187891e-12,        +4.563702077315e-03,        +7.625534422987e-12,        +1.476048405715e-02
 2.45066000e+00,        +5.716117080200e-10,        +5.155731855045e-10,        +0.000000000000e+00,        +0.000000000000e+00,        +2.604777832708e-12,        +4.556900770508e-03,        +7.613603815196e-12,        +1.476726103928e-02
 2.45068000e+00,        +5.705763903870e-10,        +5.145338459035e-10,        +0.000000000000e+00,        +0.000000000000e+00,        +2.596212730882e-12,        +4.550158006225e-03,        +7.601712266819e-12,        +1.477397906346e-02
 2.45070000e+00,        +5.695466453287e-10,        +5.135000884811e-10,        +0.000000000000e+00,        +0.000000000000e+00,        +2.587719818016e-12,        +4.543473022341e-03,        +7.589859358635e-12,        +1.478063885263e-02
 2.45072000e+00,        +5.685224008386e-10,        +5.124718411797e-10,        +0.000000000000e+00,        +0.000000000000e+00,        +2.579298051023e-12,        +4.536845069286e-03,        +7.578044681767e-12,        +1.478724111811e-02
 2.45074000e+00,        +5.675035864371e-10,        +5.114490334690e-10,        +0.000000000000e+00,        +0.000000000000e+00,        +2.570946407619e-12,        +4.530273409830e-03,        +7.566267837344e-12,        +1.479378655977e-02
 2.45076000e+00,        +5.664901331276e-10,        +5.104315963027e-10,        +0.000000000000e+00,        +0.000000000000e+00,        +2.562663885726e-12,        +4.523757318733e-03,        +7.554528436204e-12,        +1.480027586640e-02
 2.45078000e+00,        +5.654819733643e-10,        +5.094194620854e-10,        +0.000000000000e+00,        +0.000000000000e+00,        +2.554449503184e-12,        +4.517296082820e-03,        +7.542826098552e-12,        +1.480670971555e-02
 2.45080000e+00,        +5.644790410037e-10,        +5.084125646251e-10,        +0.000000000000e+00,        +0.000000000000e+00,        +2.546302296995e-12,        +4.510889000356e-03,        +7.531160453718e-12,        +1.481308877422e-02
 2.45082000e+00,        +5.634812712716e-10,        +5.074108390992e-10,        +0.000000000000e+00,        +0.000000000000e+00,        +2.538221322995e-12,        +4.504535381038e-03,        +7.519531139833e-12,        +1.481941369874e-02
 2.45084000e+00,        +5.624886007294e-10,        +5.064142220218e-10,        +0.000000000000e+00,        +0.000000000000e+00,        +2.530205655450e-12,        +4.498234545854e-03,        +7.507937803567e-12,        +1.482568513497e-02
 2.45086000e+00,        +5.615009672299e-10,        +5.054226511983e-10,        +0.000000000000e+00,        +0.000000000000e+00,        +2.522254386384e-12,        +4.491985826538e-03,        +7.496380099882e-12,        +1.483190371882e-02
 2.45088000e+00,        +5.605183098966e-10,        +5.044360657061e-10,        +0.000000000000e+00,        +0.000000000000e+00,        +2.514366625485e-12,        +4.485788565852e-03,        +7.484857691741e-12,        +1.483807007587e-02
 2.45090000e+00,        +5.595405690771e-10,        +5.034544058465e-10,        +0.000000000000e+00,        +0.000000000000e+00,        +2.506541499348e-12,        +4.479642116894e-03,        +7.473370249905e-12,        +1.484418482214e-02
 2.45092000e+00,        +5.585676863190e-10,        +5.024776131219e-10,        +0.000000000000e+00,        +0.000000000000e+00,        +2.498778151273e-12,        +4.473545843190e-03,        +7.461917452659e-12,        +1.485024856391e-02
 2.45094000e+00,        +5.575996043360e-10,        +5.015056302010e-10,        +0.000000000000e+00,        +0.000000000000e+00,        +2.491075740786e-12,        +4.467499118390e-03,        +7.450498985611e-12,        +1.485626189805e-02
 2.45096000e+00,        +5.566362669803e-10,        +5.005384008915e-10,        +0.000000000000e+00,        +0.000000000000e+00,        +2.483433443323e-12,        +4.461501326164e-03,        +7.439114541447e-12,        +1.486222541207e-02
 2.45098000e+00,        +5.556776192055e-10,        +4.995758701033e-10,        +0.000000000000e+00,        +0.000000000000e+00,        +2.475850449667e-12,        +4.455551859739e-03,        +7.427763819750e-12,        +1.486813968460e-02
 2.45100000e+00,        +5.547236070536e-10,        +4.986179838347e-10,        +0.000000000000e+00,        +0.000000000000e+00,        +2.468325965943e-12,        +4.449650122254e-03,        +7.416446526740e-12,        +1.487400528497e-02
 2.45102000e+00,        +5.537741776097e-10,        +4.976646891279e-10,        +0.000000000000e+00,        +0.000000000000e+00,        +2.460859212854e-12,        +4.443795525959e-03,        +7.405162375132e-12,        +1.487982277406e-02
 2.45104000e+00,        +5.528292789860e-10,        +4.967159340528e-10,        +0.000000000000e+00,        +0.000000000000e+00,        +2.453449425566e-12,        +4.437987492388e-03,        +7.393911083922e-12,        +1.488559270405e-02
 2.45106000e+00,        +5.518888602969e-10,        +4.957716676816e-10,        +0.000000000000e+00,        +0.000000000000e+00,        +2.446095853422e-12,        +4.432225452251e-03,        +7.382692378176e-12,        +1.489131561854e-02
 2.45108000e+00,        +5.509528716281e-10,        +4.948318400583e-10,        +0.000000000000e+00,        +0.000000000000e+00,        +2.438797759477e-12,        +4.426508845068e-03,        +7.371505988875e-12,        +1.489699205291e-02
 2.45110000e+00,        +5.500212640126e-10,        +4.938964021749e-10,        +0.000000000000e+00,        +0.000000000000e+00,        +2.431554420156e-12,        +4.420837118944e-03,        +7.360351652764e-12,        +1.490262253451e-02
 2.45112000e+00,        +5.490939894139e-10,        +4.929653059542e-10,        +0.000000000000e+00,        +0.000000000000e+00,        +2.424365125149e-12,        +4.415209730736e-03,        +7.349229112127e-12,        +1.490820758248e-02
 2.45114000e+00,        +5.481710006946e-10,        +4.920385042185e-10,        +0.000000000000e+00,        +0.000000000000e+00,        +2.417229176892e-12,        +4.409626145544e-03,        +7.338138114672e-12,        +1.491374770828e-02
 2.45116000e+00,        +5.472522516008e-10,        +4.911159506739e-10,        +0.000000000000e+00,        +0.000000000000e+00,        +2.410145890434e-12,        +4.404085836804e-03,        +7.327078413345e-12,        +1.491924341551e-02
 2.45118000e+00,        +5.463376967360e-10,        +4.901975998847e-10,        +0.000000000000e+00,        +0.000000000000e+00,        +2.403114593048e-12,        +4.398588285972e-03,        +7.316049766202e-12,        +1.492469520031e-02
 2.45120000e+00,        +5.454272915419e-10,        +4.892834072532e-10,        +0.000000000000e+00,        +0.000000000000e+00,        +2.396134623996e-12,        +4.393132982441e-03,        +7.305051936243e-12,        +1.493010355134e-02
 2.45122000e+00,        +5.445209922787e-10,        +4.883733290011e-10,        +0.000000000000e+00,        +0.000000000000e+00,        +2.389205334285e-12,        +4.387719423426e-03,        +7.294084691278e-12,        +1.493546894995e-02
 2.45124000e+00,        +5.436187560042e-10,        +4.874673221480e-10,        +0.000000000000e+00,        +0.000000000000e+00,        +2.382326086362e-12,        +4.382347113763e-03,        +7.283147803792e-12,        +1.494079187031e-02
 2.45126000e+00,        +5.427205405560e-10,        +4.865653444935e-10,        +0.000000000000e+00,        +0.000000000000e+00,        +2.375496253919e-12,        +4.377015565847e-03,        +7.272241050794e-12,        +1.494607277953e-02
 2.45128000e+00,        +5.418263045279e-10,        +4.856673545938e-10,        +0.000000000000e+00,        +0.000000000000e+00,        +2.368715221486e-12,        +4.371724299266e-03,        +7.261364213735e-12,        +1.495131213793e-02
 2.45130000e+00,        +5.409360072613e-10,        +4.847733117532e-10,        +0.000000000000e+00,        +0.000000000000e+00,        +2.361982384473e-12,        +4.366472841087e-03,        +7.250517078315e-12,        +1.495651039884e-02
 2.45132000e+00,        +5.400496088199e-10,        +4.838831759987e-10,        +0.000000000000e+00,        +0.000000000000e+00,        +2.355297148709e-12,        +4.361260725391e-03,        +7.239699434411e-12,        +1.496166800895e-02
 2.45134000e+00,        +5.391670699716e-10,        +4.829969080616e-10,        +0.000000000000e+00,        +0.000000000000e+00,        +2.348658930202e-12,        +4.356087493114e-03,        +7.228911075960e-12,        +1.496678540857e-02
 2.45136000e+00,        +5.382883521786e-10,        +4.821144693682e-10,        +0.000000000000e+00,        +0.000000000000e+00,        +2.342067155085e-12,        +4.350952692189e-03,        +7.218151800817e-12,        +1.497186303136e-02
 2.45138000e+00,        +5.374134175757e-10,        +4.812358220174e-10,        +0.000000000000e+00,        +0.000000000000e+00,        +2.335521259247e-12,        +4.345855877180e-03,        +7.207421410682e-12,        +1.497690130479e-02
 2.45140000e+00,        +5.365422289575e-10,        +4.803609287686e-10,        +0.000000000000e+00,        +0.000000000000e+00,        +2.329020688229e-12,        +4.340796609345e-03,        +7.196719710951e-12,        +1.498190065000e-02
 2.45142000e+00,        +5.356747497612e-10,        +4.794897530235e-10,        +0.000000000000e+00,        +0.000000000000e+00,        +2.322564896922e-12,        +4.335774456343e-03,        +7.186046510659e-12,        +1.498686148212e-02
 2.45144000e+00,        +5.348109440530e-10,        +4.786222588140e-10,        +0.000000000000e+00,        +0.000000000000e+00,        +2.316153349446e-12,        +4.330788992263e-03,        +7.175401622344e-12,        +1.499178421021e-02
 2.45146000e+00,        +5.339507765137e-10,        +4.777584107861e-10,        +0.000000000000e+00,        +0.000000000000e+00,        +2.309785518921e-12,        +4.325839797448e-03,        +7.164784861970e-12,        +1.499666923745e-02
 2.45148000e+00,        +5.330942124234e-10,        +4.768981741861e-10,        +0.000000000000e+00,        +0.000000000000e+00,        +2.303460887263e-12,        +4.320926458368e-03,        +7.154196048832e-12,        +1.500151696123e-02
 2.45150000e+00,        +5.322412176481e-10,        +4.760415148461e-10,        +0.000000000000e+00,        +0.000000000000e+00,        +2.297178944991e-12,        +4.316048567494e-03,        +7.143635005468e-12,        +1.500632777328e-02
 2.45152000e+00,        +5.313917586294e-10,        +4.751883991740e-10,        +0.000000000000e+00,        +0.000000000000e+00,        +2.290939191147e-12,        +4.311205723355e-03,        +7.133101557551e-12,        +1.501110205963e-02
 2.45154000e+00,        +5.305458023652e-10,        +4.743387941347e-10,        +0.000000000000e+00,        +0.000000000000e+00,        +2.284741132922e-12,        +4.306397530122e-03,        +7.122595533843e-12,        +1.501584020096e-02
 2.45156000e+00,        +5.297033164046e-10,        +4.734926672443e-10,        +0.000000000000e+00,        +0.000000000000e+00,        +2.278584285714e-12,        +4.301623597865e-03,        +7.112116766069e-12,        +1.502054257241e-02
 2.45158000e+00,        +5.288642688312e-10,        +4.726499865540e-10,        +0.000000000000e+00,        +0.000000000000e+00,        +2.272468172815e-12,        +4.296883542230e-03,        +7.101665088864e-12,        +1.502520954383e-02
 2.45160000e+00,        +5.280286282496e-10,        +4.718107206358e-10,        +0.000000000000e+00,        +0.000000000000e+00,        +2.266392325215e-12,        +4.292176984283e-03,        +7.091240339706e-12,        +1.502984147997e-02
 2.45162000e+00,        +5.271963637792e-10,        +4.709748385772e-10,        +0.000000000000e+00,        +0.000000000000e+00,        +2.260356281599e-12,        +4.287503550661e-03,        +7.080842358809e-12,        +1.503443874030e-02
 2.45164000e+00,        +5.263674450379e-10,        +4.701423099643e-10,        +0.000000000000e+00,        +0.000000000000e+00,        +2.254359588040e-12,        +4.282862873250e-03,        +7.070470989071e-12,        +1.503900167932e-02
 2.45166000e+00,        +5.255418421359e-10,        +4.693131048757e-10,        +0.000000000000e+00,        +0.000000000000e+00,        +2.248401797974e-12,        +4.278254589276e-03,        +7.060126076000e-12,        +1.504353064649e-02
 2.45168000e+00,        +5.247195256586e-10,        +4.684871938659e-10,        +0.000000000000e+00,        +0.000000000000e+00,        +2.242482471910e-12,        +4.273678341006e-03,        +7.049807467648e-12,        +1.504802598652e-02
 2.45170000e+00,        +5.239004666615e-10,        +4.676645479591e-10,        +0.000000000000e+00,        +0.000000000000e+00,        +2.236601177385e-12,        +4.269133775805e-03,        +7.039515014545e-12,        +1.505248803927e-02
 2.45172000e+00,        +5.230846366596e-10,        +4.668451386397e-10,        +0.000000000000e+00,        +0.000000000000e+00,        +2.230757488843e-12,        +4.264620546091e-03,        +7.029248569626e-12,        +1.505691713982e-02
 2.45174000e+00,        +5.222720076135e-10,        +4.660289378380e-10,        +0.000000000000e+00,        +0.000000000000e+00,        +2.224950987381e-12,        +4.260138309054e-03,        +7.019007988184e-12,        +1.506131361874e-02
 2.45176000e+00,        +5.214625519255e-10,        +4.652159179259e-10,        +0.000000000000e+00,        +0.000000000000e+00,        +2.219181260758e-12,        +4.255686726811e-03,        +7.008793127793e-12,        +1.506567780191e-02
 2.45178000e+00,        +5.206562424245e-10,        +4.644060517025e-10,        +0.000000000000e+00,        +0.000000000000e+00,        +2.213447903133e-12,        +4.251265466108e-03,        +6.998603848267e-12,        +1.507001001087e-02
 2.45180000e+00,        +5.198530523622e-10,        +4.635993123897e-10,        +0.000000000000e+00,        +0.000000000000e+00,        +2.207750515062e-12,        +4.246874198448e-03,        +6.988440011577e-12,        +1.507431056261e-02
 2.45182000e+00,        +5.190529553996e-10,        +4.627956736191e-10,        +0.000000000000e+00,        +0.000000000000e+00,        +2.202088703240e-12,        +4.242512599789e-03,        +6.978301481836e-12,        +1.507857976991e-02
 2.45184000e+00,        +5.182559256006e-10,        +4.619951094255e-10,        +0.000000000000e+00,        +0.000000000000e+00,        +2.196462080476e-12,        +4.238180350626e-03,        +6.968188125212e-12,        +1.508281794125e-02
 2.45186000e+00,        +5.174619374242e-10,        +4.611975942388e-10,        +0.000000000000e+00,        +0.000000000000e+00,        +2.190870265557e-12,        +4.233877135896e-03,        +6.958099809882e-12,        +1.508702538088e-02
 2.45188000e+00,        +5.166709657146e-10,        +4.604031028744e-10,        +0.000000000000e+00,        +0.000000000000e+00,        +2.185312883108e-12,        +4.229602644858e-03,        +6.948036405991e-12,        +1.509120238898e-02
 2.45190000e+00,        +5.158829856944e-10,        +4.596116105265e-10,        +0.000000000000e+00,        +0.000000000000e+00,        +2.179789563500e-12,        +4.225356571057e-03,        +6.937997785596e-12,        +1.509534926163e-02
 2.45192000e+00,        +5.150979729552e-10,        +4.588230927583e-10,        +0.000000000000e+00,        +0.000000000000e+00,        +2.174299942697e-12,        +4.221138612180e-03,        +6.927983822632e-12,        +1.509946629099e-02
 2.45194000e+00,        +5.143159034515e-10,        +4.580375254962e-10,        +0.000000000000e+00,        +0.000000000000e+00,        +2.168843662200e-12,        +4.216948470085e-03,        +6.917994392842e-12,        +1.510355376527e-02
 2.45196000e+00,        +5.135367534946e-10,        +4.572548850239e-10,        +0.000000000000e+00,        +0.000000000000e+00,        +2.163420368974e-12,        +4.212785850774e-03,        +6.908029373742e-12,        +1.510761196872e-02
 2.45198000e+00,        +5.127604997398e-10,        +4.564751479688e-10,        +0.000000000000e+00,        +0.000000000000e+00,        +2.158029715173e-12,        +4.208650464043e-03,        +6.898088644605e-12,        +1.511164118200e-02
 2.45200000e+00,        +5.119871191859e-10,        +4.556982913023e-10,        +0.000000000000e+00,        +0.000000000000e+00,        +2.152671358251e-12,        +4.204542023779e-03,        +6.888172086374e-12,        +1.511564168189e-02
 2.45202000e+00,        +5.112165891647e-10,        +4.549242923292e-10,        +0.000000000000e+00,        +0.000000000000e+00,        +2.147344960753e-12,        +4.200460247704e-03,        +6.878279581638e-12,        +1.511961374149e-02
 2.45204000e+00,        +5.104488873339e-10,        +4.541531286798e-10,        +0.000000000000e+00,        +0.000000000000e+00,        +2.142050190189e-12,        +4.196404857257e-03,        +6.868411014619e-12,        +1.512355763041e-02
 2.45206000e+00,        +5.096839916743e-10,        +4.533847783084e-10,        +0.000000000000e+00,        +0.000000000000e+00,        +2.136786719074e-12,        +4.192375577766e-03,        +6.858566271085e-12,        +1.512747361452e-02
 2.45208000e+00,        +5.089218804769e-10,        +4.526192194793e-10,        +0.000000000000e+00,        +0.000000000000e+00,        +2.131554224639e-12,        +4.188372138062e-03,        +6.848745238355e-12,        +1.513136195638e-02
 2.45210000e+00,        +5.081625323428e-10,        +4.518564307672e-10,        +0.000000000000e+00,        +0.000000000000e+00,        +2.126352388912e-12,        +4.184394270685e-03,        +6.838947805243e-12,        +1.513522291501e-02
 2.45212000e+00,        +5.074059261751e-10,        +4.510963910490e-10,        +0.000000000000e+00,        +0.000000000000e+00,        +2.121180898578e-12,        +4.180441711764e-03,        +6.829173862017e-12,        +1.513905674602e-02
 2.45214000e+00,        +5.066520411705e-10,        +4.503390794953e-10,        +0.000000000000e+00,        +0.000000000000e+00,        +2.116039444824e-12,        +4.176514200822e-03,        +6.819423300389e-12,        +1.514286370179e-02
 2.45216000e+00,        +5.059008568175e-10,        +4.495844755689e-10,        +0.000000000000e+00,        +0.000000000000e+00,        +2.110927723368e-12,        +4.172611480928e-03,        +6.809696013449e-12,        +1.514664403132e-02
 2.45218000e+00,        +5.051523528881e-10,        +4.488325590160e-10,        +0.000000000000e+00,        +0.000000000000e+00,        +2.105845434308e-12,        +4.168733298515e-03,        +6.799991895648e-12,        +1.515039798039e-02
 2.45220000e+00,        +5.044065094323e-10,        +4.480833098612e-10,        +0.000000000000e+00,        +0.000000000000e+00,        +2.100792282016e-12,        +4.164879403282e-03,        +6.790310842790e-12,        +1.515412579168e-02
 2.45222000e+00,        +5.036633067743e-10,        +4.473367084035e-10,        +0.000000000000e+00,        +0.000000000000e+00,        +2.095767975160e-12,        +4.161049548322e-03,        +6.780652751944e-12,        +1.515782770465e-02
 2.45224000e+00,        +5.029227255062e-10,        +4.465927352098e-10,        +0.000000000000e+00,        +0.000000000000e+00,        +2.090772226525e-12,        +4.157243489884e-03,        +6.771017521476e-12,        +1.516150395571e-02
 2.45226000e+00,        +5.021847464813e-10,        +4.458513711085e-10,        +0.000000000000e+00,        +0.000000000000e+00,        +2.085804752962e-12,        +4.153460987370e-03,        +6.761405050986e-12,        +1.516515477832e-02
 2.45228000e+00,        +5.014493508124e-10,        +4.451125971877e-10,        +0.000000000000e+00,        +0.000000000000e+00,        +2.080865275367e-12,        +4.149701803375e-03,        +6.751815241278e-12,        +1.516878040284e-02
 2.45230000e+00,        +5.007165198642e-10,        +4.443763947876e-10,        +0.000000000000e+00,        +0.000000000000e+00,        +2.075953518538e-12,        +4.145965703511e-03,        +6.742247994358e-12,        +1.517238105679e-02
 2.45232000e+00,        +4.999862352499e-10,        +4.436427454968e-10,        +0.000000000000e+00,        +0.000000000000e+00,        +2.071069211160e-12,        +4.142252456461e-03,        +6.732703213373e-12,        +1.517595696473e-02
 2.45234000e+00,        +4.992584788254e-10,        +4.429116311471e-10,        +0.000000000000e+00,        +0.000000000000e+00,        +2.066212085701e-12,        +4.138561833866e-03,        +6.723180802609e-12,        +1.517950834842e-02
 2.45236000e+00,        +4.985332326864e-10,        +4.421830338101e-10,        +0.000000000000e+00,        +0.000000000000e+00,        +2.061381878370e-12,        +4.134893610326e-03,        +6.713680667460e-12,        +1.518303542678e-02
 2.45238000e+00,        +4.978104791616e-10,        +4.414569357907e-10,        +0.000000000000e+00,        +0.000000000000e+00,        +2.056578329022e-12,        +4.131247563300e-03,        +6.704202714401e-12,        +1.518653841601e-02
 2.45240000e+00,        +4.970902008108e-10,        +4.407333196248e-10,        +0.000000000000e+00,        +0.000000000000e+00,        +2.051801181119e-12,        +4.127623473108e-03,        +6.694746850966e-12,        +1.519001752957e-02
 2.45242000e+00,        +4.963723804184e-10,        +4.400121680734e-10,        +0.000000000000e+00,        +0.000000000000e+00,        +2.047050181652e-12,        +4.124021122864e-03,        +6.685312985726e-12,        +1.519347297826e-02
 2.45244000e+00,        +4.956570009907e-10,        +4.392934641192e-10,        +0.000000000000e+00,        +0.000000000000e+00,        +2.042325081077e-12,        +4.120440298423e-03,        +6.675901028266e-12,        +1.519690497024e-02
 2.45246000e+00,        +4.949440457517e-10,        +4.385771909631e-10,        +0.000000000000e+00,        +0.000000000000e+00,        +2.037625633284e-12,        +4.116880788391e-03,        +6.666510889153e-12,        +1.520031371106e-02
 2.45248000e+00,        +4.942334981370e-10,        +4.378633320175e-10,        +0.000000000000e+00,        +0.000000000000e+00,        +2.032951595454e-12,        +4.113342383949e-03,        +6.657142479944e-12,        +1.520369940381e-02
 2.45250000e+00,        +4.935253417956e-10,        +4.371518709084e-10,        +0.000000000000e+00,        +0.000000000000e+00,        +2.028302728180e-12,        +4.109824879105e-03,        +6.647795713108e-12,        +1.520706224885e-02
 2.45252000e+00,        +4.928195605768e-10,        +4.364427914626e-10,        +0.000000000000e+00,        +0.000000000000e+00,        +2.023678795135e-12,        +4.106328070189e-03,        +6.638470502090e-12,        +1.521040244437e-02
 2.45254000e+00,        +4.921161385364e-10,        +4.357360777128e-10,        +0.000000000000e+00,        +0.000000000000e+00,        +2.019079563306e-12,        +4.102851756317e-03,        +6.629166761199e-12,        +1.521372018584e-02
 2.45256000e+00,        +4.914150599252e-10,        +4.350317138876e-10,        +0.000000000000e+00,        +0.000000000000e+00,        +2.014504802696e-12,        +4.099395738915e-03,        +6.619884405677e-12,        +1.521701566656e-02
 2.45258000e+00,        +4.907163091920e-10,        +4.343296844134e-10,        +0.000000000000e+00,        +0.000000000000e+00,        +2.009954286501e-12,        +4.095959822103e-03,        +6.610623351588e-12,        +1.522028907721e-02
 2.45260000e+00,        +4.900198709742e-10,        +4.336299739054e-10,        +0.000000000000e+00,        +0.000000000000e+00,        +2.005427790844e-12,        +4.092543812269e-03,        +6.601383515880e-12,        +1.522354060635e-02
 2.45262000e+00,        +4.893257300976e-10,        +4.329325671672e-10,        +0.000000000000e+00,        +0.000000000000e+00,        +2.000925094826e-12,        +4.089147518213e-03,        +6.592164816341e-12,        +1.522677044020e-02
 2.45264000e+00,        +4.886338715729e-10,        +4.322374491877e-10,        +0.000000000000e+00,        +0.000000000000e+00,        +1.996445980491e-12,        +4.085770751145e-03,        +6.582967171560e-12,        +1.522997876267e-02
 2.45266000e+00,        +4.879442805927e-10,        +4.315446051377e-10,        +0.000000000000e+00,        +0.000000000000e+00,        +1.991990232771e-12,        +4.082413324634e-03,        +6.573790500922e-12,        +1.523316575543e-02
 2.45268000e+00,        +4.872569425258e-10,        +4.308540203642e-10,        +0.000000000000e+00,        +0.000000000000e+00,        +1.987557639349e-12,        +4.079075054419e-03,        +6.564634724621e-12,        +1.523633159805e-02
 2.45270000e+00,        +4.865718429175e-10,        +4.301656803911e-10,        +0.000000000000e+00,        +0.000000000000e+00,        +1.983147990739e-12,        +4.075755758591e-03,        +6.555499763600e-12,        +1.523947646786e-02
 2.45272000e+00,        +4.858889674844e-10,        +4.294795709137e-10,        +0.000000000000e+00,        +0.000000000000e+00,        +1.978761080168e-12,        +4.072455257447e-03,        +6.546385539560e-12,        +1.524260054007e-02
 2.45274000e+00,        +4.852083021128e-10,        +4.287956777970e-10,        +0.000000000000e+00,        +0.000000000000e+00,        +1.974396703557e-12,        +4.069173373496e-03,        +6.537291974933e-12,        +1.524570398778e-02
 2.45276000e+00,        +4.845298328532e-10,        +4.281139870702e-10,        +0.000000000000e+00,        +0.000000000000e+00,        +1.970054659412e-12,        +4.065909931307e-03,        +6.528218992894e-12,        +1.524878698211e-02
 2.45278000e+00,        +4.838535459210e-10,        +4.274344849279e-10,        +0.000000000000e+00,        +0.000000000000e+00,        +1.965734748898e-12,        +4.062664757692e-03,        +6.519166517306e-12,        +1.525184969202e-02
 2.45280000e+00,        +4.831794276916e-10,        +4.267571577246e-10,        +0.000000000000e+00,        +0.000000000000e+00,        +1.961436775701e-12,        +4.059437681509e-03,        +6.510134472733e-12,        +1.525489228451e-02
 2.45282000e+00,        +4.825074646972e-10,        +4.260819919717e-10,        +0.000000000000e+00,        +0.000000000000e+00,        +1.957160546008e-12,        +4.056228533659e-03,        +6.501122784426e-12,        +1.525791492464e-02
 2.45284000e+00,        +4.818376436247e-10,        +4.254089743357e-10,        +0.000000000000e+00,        +0.000000000000e+00,        +1.952905868457e-12,        +4.053037147049e-03,        +6.492131378307e-12,        +1.526091777552e-02
 2.45286000e+00,        +4.811699513155e-10,        +4.247380916373e-10,        +0.000000000000e+00,        +0.000000000000e+00,        +1.948672554189e-12,        +4.049863356723e-03,        +6.483160180930e-12,        +1.526390099823e-02
 2.45288000e+00,        +4.805043747578e-10,        +4.240693308443e-10,        +0.000000000000e+00,        +0.000000000000e+00,        +1.944460416627e-12,        +4.046706999510e-03,        +6.474209119525e-12,        +1.526686475213e-02
 2.45290000e+00,        +4.798409010896e-10,        +4.234026790747e-10,        +0.000000000000e+00,        +0.000000000000e+00,        +1.940269271645e-12,        +4.043567914363e-03,        +6.465278121921e-12,        +1.526980919452e-02
 2.45292000e+00,        +4.791795175918e-10,        +4.227381235891e-10,        +0.000000000000e+00,        +0.000000000000e+00,        +1.936098937356e-12,        +4.040445942025e-03,        +6.456367116582e-12,        +1.527273448102e-02
 2.45294000e+00,        +4.785202116880e-10,        +4.220756517911e-10,        +0.000000000000e+00,        +0.000000000000e+00,        +1.931949234155e-12,        +4.037340925140e-03,        +6.447476032586e-12,        +1.527564076541e-02
 2.45296000e+00,        +4.778629709437e-10,        +4.214152512264e-10,        +0.000000000000e+00,        +0.000000000000e+00,        +1.927819984744e-12,        +4.034252708338e-03,        +6.438604799578e-12,        +1.527852819954e-02
 2.45298000e+00,        +4.772077830586e-10,        +4.207569095750e-10,        +0.000000000000e+00,        +0.000000000000e+00,        +1.923711013922e-12,        +4.031181137893e-03,        +6.429753347818e-12,        +1.528139693371e-02
 2.45300000e+00,        +4.765546358715e-10,        +4.201006146559e-10,        +0.000000000000e+00,        +0.000000000000e+00,        +1.919622148748e-12,        +4.028126062057e-03,        +6.420921608114e-12,        +1.528424711631e-02
 2.45302000e+00,        +4.759035173508e-10,        +4.194463544179e-10,        +0.000000000000e+00,        +0.000000000000e+00,        +1.915553218315e-12,        +4.025087330680e-03,        +6.412109511870e-12,        +1.528707889420e-02
 2.45304000e+00,        +4.752544155992e-10,        +4.187941169445e-10,        +0.000000000000e+00,        +0.000000000000e+00,        +1.911504053925e-12,        +4.022064795579e-03,        +6.403316990998e-12,        +1.528989241233e-02
 2.45306000e+00,        +4.746073188462e-10,        +4.181438904457e-10,        +0.000000000000e+00,        +0.000000000000e+00,        +1.907474488859e-12,        +4.019058310133e-03,        +6.394543977991e-12,        +1.529268781418e-02
 2.45308000e+00,        +4.739622154500e-10,        +4.174956632606e-10,        +0.000000000000e+00,        +0.000000000000e+00,        +1.903464358509e-12,        +4.016067729580e-03,        +6.385790405839e-12,        +1.529546524140e-02
 2.45310000e+00,        +4.733190938905e-10,        +4.168494238501e-10,        +0.000000000000e+00,        +0.000000000000e+00,        +1.899473500155e-12,        +4.013092910624e-03,        +6.377056208103e-12,        +1.529822483429e-02
 2.45312000e+00,        +4.726779427741e-10,        +4.162051608014e-10,        +0.000000000000e+00,        +0.000000000000e+00,        +1.895501753176e-12,        +4.010133711871e-03,        +6.368341318804e-12,        +1.530096673127e-02
 2.45314000e+00,        +4.720387508250e-10,        +4.155628628200e-10,        +0.000000000000e+00,        +0.000000000000e+00,        +1.891548958783e-12,        +4.007189993356e-03,        +6.359645672513e-12,        +1.530369106940e-02
 2.45316000e+00,        +4.714015068879e-10,        +4.149225187317e-10,        +0.000000000000e+00,        +0.000000000000e+00,        +1.887614960154e-12,        +4.004261616845e-03,        +6.350969204268e-12,        +1.530639798409e-02
 2.45318000e+00,        +4.707661999250e-10,        +4.142841174801e-10,        +0.000000000000e+00,        +0.000000000000e+00,        +1.883699602365e-12,        +4.001348445714e-03,        +6.342311849595e-12,        +1.530908760918e-02
 2.45320000e+00,        +4.701328190122e-10,        +4.136476481225e-10,        +0.000000000000e+00,        +0.000000000000e+00,        +1.879802732279e-12,        +3.998450344796e-03,        +6.333673544519e-12,        +1.531176007712e-02
 2.45322000e+00,        +4.695013533392e-10,        +4.130130998303e-10,        +0.000000000000e+00,        +0.000000000000e+00,        +1.875924198611e-12,        +3.995567180519e-03,        +6.325054225523e-12,        +1.531441551884e-02
 2.45324000e+00,        +4.688717922085e-10,        +4.123804618874e-10,        +0.000000000000e+00,        +0.000000000000e+00,        +1.872063851905e-12,        +3.992698820901e-03,        +6.316453829542e-12,        +1.531705406370e-02
 2.45326000e+00,        +4.682441250306e-10,        +4.117497236863e-10,        +0.000000000000e+00,        +0.000000000000e+00,        +1.868221544396e-12,        +3.989845135321e-03,        +6.307872293993e-12,        +1.531967583978e-02
 2.45328000e+00,        +4.676183413260e-10,        +4.111208747291e-10,        +0.000000000000e+00,        +0.000000000000e+00,        +1.864397130135e-12,        +3.987005994778e-03,        +6.299309556711e-12,        +1.532228097360e-02
 2.45330000e+00,        +4.669944307204e-10,        +4.104939046236e-10,        +0.000000000000e+00,        +0.000000000000e+00,        +1.860590464845e-12,        +3.984181271658e-03,        +6.290765555984e-12,        +1.532486959033e-02
 2.45332000e+00,        +4.663723829450e-10,        +4.098688030830e-10,        +0.000000000000e+00,        +0.000000000000e+00,        +1.856801405936e-12,        +3.981370839781e-03,        +6.282240230537e-12,        +1.532744181378e-02
 2.45334000e+00,        +4.657521878343e-10,        +4.092455599239e-10,        +0.000000000000e+00,        +0.000000000000e+00,        +1.853029812503e-12,        +3.978574574431e-03,        +6.273733519511e-12,        +1.532999776632e-02
 2.45336000e+00,        +4.651338353243e-10,        +4.086241650646e-10,        +0.000000000000e+00,        +0.000000000000e+00,        +1.849275545269e-12,        +3.975792352279e-03,        +6.265245362461e-12,        +1.533253756902e-02
 2.45338000e+00,        +4.645173154509e-10,        +4.080046085232e-10,        +0.000000000000e+00,        +0.000000000000e+00,        +1.845538466544e-12,        +3.973024051327e-03,        +6.256775699373e-12,        +1.533506134163e-02
 2.45340000e+00,        +4.639026183491e-10,        +4.073868804174e-10,        +0.000000000000e+00,        +0.000000000000e+00,        +1.841818440260e-12,        +3.970269550998e-03,        +6.248324470621e-12,        +1.533756920257e-02
 2.45342000e+00,        +4.632897342511e-10,        +4.067709709615e-10,        +0.000000000000e+00,        +0.000000000000e+00,        +1.838115331900e-12,        +3.967528732039e-03,        +6.239891616979e-12,        +1.534006126895e-02
 2.45344000e+00,        +4.626786534845e-10,        +4.061568704662e-10,        +0.000000000000e+00,        +0.000000000000e+00,        +1.834429008494e-12,        +3.964801476529e-03,        +6.231477079620e-12,        +1.534253765661e-02
 2.45346000e+00,        +4.620693664716e-10,        +4.055445693362e-10,        +0.000000000000e+00,        +0.000000000000e+00,        +1.830759338594e-12,        +3.962087667863e-03,        +6.223080800089e-12,        +1.534499848013e-02
 2.45348000e+00,        +4.614618637270e-10,        +4.049340580689e-10,        +0.000000000000e+00,        +0.000000000000e+00,        +1.827106192228e-12,        +3.959387190680e-03,        +6.214702720330e-12,        +1.534744385288e-02
 2.45350000e+00,        +4.608561358567e-10,        +4.043253272533e-10,        +0.000000000000e+00,        +0.000000000000e+00,        +1.823469440904e-12,        +3.956699930911e-03,        +6.206342782652e-12,        +1.534987388698e-02
 2.45352000e+00,        +4.602521735582e-10,        +4.037183675697e-10,        +0.000000000000e+00,        +0.000000000000e+00,        +1.819848957619e-12,        +3.954025775804e-03,        +6.198000929719e-12,        +1.535228869330e-02
 2.45354000e+00,        +4.596499676164e-10,        +4.031131697863e-10,        +0.000000000000e+00,        +0.000000000000e+00,        +1.816244616753e-12,        +3.951364613754e-03,        +6.189677104580e-12,        +1.535468838158e-02
 2.45356000e+00,        +4.590495089041e-10,        +4.025097247588e-10,        +0.000000000000e+00,        +0.000000000000e+00,        +1.812656294114e-12,        +3.948716334413e-03,        +6.181371250629e-12,        +1.535707306037e-02
 2.45358000e+00,        +4.584507883814e-10,        +4.019080234308e-10,        +0.000000000000e+00,        +0.000000000000e+00,        +1.809083866934e-12,        +3.946080828700e-03,        +6.173083311602e-12,        +1.535944283696e-02
 2.45360000e+00,        +4.578537970918e-10,        +4.013080568289e-10,        +0.000000000000e+00,        +0.000000000000e+00,        +1.805527213757e-12,        +3.943457988610e-03,        +6.164813231606e-12,        +1.536179781767e-02
 2.45362000e+00,        +4.572585261637e-10,        +4.007098160649e-10,        +0.000000000000e+00,        +0.000000000000e+00,        +1.801986214514e-12,        +3.940847707384e-03,        +6.156560955068e-12,        +1.536413810754e-02
 2.45364000e+00,        +4.566649668079e-10,        +4.001132923333e-10,        +0.000000000000e+00,        +0.000000000000e+00,        +1.798460750465e-12,        +3.938249879417e-03,        +6.148326426758e-12,        +1.536646381055e-02
 2.45366000e+00,        +4.560731103160e-10,        +3.995184769091e-10,        +0.000000000000e+00,        +0.000000000000e+00,        +1.794950704156e-12,        +3.935664400193e-03,        +6.140109591785e-12,        +1.536877502960e-02
 2.45368000e+00,        +4.554829480611e-10,        +3.989253611491e-10,        +0.000000000000e+00,        +0.000000000000e+00,        +1.791455959471e-12,        +3.933091166413e-03,        +6.131910395568e-12,        +1.537107186644e-02
 2.45370000e+00,        +4.548944714941e-10,        +3.983339364880e-10,        +0.000000000000e+00,        +0.000000000000e+00,        +1.787976401523e-12,        +3.930530075800e-03,        +6.123728783866e-12,        +1.537335442181e-02
 2.45372000e+00,        +4.543076721446e-10,        +3.977441944392e-10,        +0.000000000000e+00,        +0.000000000000e+00,        +1.784511916707e-12,        +3.927981027226e-03,        +6.115564702741e-12,        +1.537562279536e-02
 2.45374000e+00,        +4.537225416193e-10,        +3.971561265931e-10,        +0.000000000000e+00,        +0.000000000000e+00,        +1.781062392654e-12,        +3.925443920635e-03,        +6.107418098577e-12,        +1.537787708569e-02
 2.45376000e+00,        +4.531390716002e-10,        +3.965697246161e-10,        +0.000000000000e+00,        +0.000000000000e+00,        +1.777627718227e-12,        +3.922918657067e-03,        +6.099288918051e-12,        +1.538011739034e-02
 2.45378000e+00,        +4.525572538444e-10,        +3.959849802489e-10,        +0.000000000000e+00,        +0.000000000000e+00,        +1.774207783458e-12,        +3.920405138546e-03,        +6.091177108170e-12,        +1.538234380592e-02
 2.45380000e+00,        +4.519770801826e-10,        +3.954018853067e-10,        +0.000000000000e+00,        +0.000000000000e+00,        +1.770802479597e-12,        +3.917903268196e-03,        +6.083082616223e-12,        +1.538455642796e-02
 2.45382000e+00,        +4.513985425182e-10,        +3.948204316769e-10,        +0.000000000000e+00,        +0.000000000000e+00,        +1.767411699054e-12,        +3.915412950150e-03,        +6.075005389796e-12,        +1.538675535102e-02
 2.45384000e+00,        +4.508216328271e-10,        +3.942406113198e-10,        +0.000000000000e+00,        +0.000000000000e+00,        +1.764035335428e-12,        +3.912934089621e-03,        +6.066945376757e-12,        +1.538894066861e-02
 2.45386000e+00,        +4.502463431540e-10,        +3.936624162645e-10,        +0.000000000000e+00,        +0.000000000000e+00,        +1.760673283366e-12,        +3.910466592648e-03,        +6.058902525298e-12,        +1.539111247345e-02
 2.45388000e+00,        +4.496726656157e-10,        +3.930858386122e-10,        +0.000000000000e+00,        +0.000000000000e+00,        +1.757325438740e-12,        +3.908010366461e-03,        +6.050876783854e-12,        +1.539327085712e-02
 2.45390000e+00,        +4.491005923959e-10,        +3.925108705311e-10,        +0.000000000000e+00,        +0.000000000000e+00,        +1.753991698458e-12,        +3.905565319120e-03,        +6.042868101166e-12,        +1.539541591037e-02
 2.45392000e+00,        +4.485301157477e-10,        +3.919375042589e-10,        +0.000000000000e+00,        +0.000000000000e+00,        +1.750671960565e-12,        +3.903131359744e-03,        +6.034876426237e-12,        +1.539754772294e-02
 2.45394000e+00,        +4.479612279899e-10,        +3.913657320992e-10,        +0.000000000000e+00,        +0.000000000000e+00,        +1.747366124152e-12,        +3.900708398342e-03,        +6.026901708350e-12,        +1.539966638373e-02
 2.45396000e+00,        +4.473939215080e-10,        +3.907955464220e-10,        +0.000000000000e+00,        +0.000000000000e+00,        +1.744074089368e-12,        +3.898296345845e-03,        +6.018943897068e-12,        +1.540177198071e-02
 2.45398000e+00,        +4.468281887532e-10,        +3.902269396636e-10,        +0.000000000000e+00,        +0.000000000000e+00,        +1.740795757461e-12,        +3.895895114223e-03,        +6.011002942189e-12,        +1.540386460087e-02
 2.45400000e+00,        +4.462640222400e-10,        +3.896599043232e-10,        +0.000000000000e+00,        +0.000000000000e+00,        +1.737531030650e-12,        +3.893504616234e-03,        +6.003078793806e-12,        +1.540594433044e-02
 2.45402000e+00,        +4.457014145472e-10,        +3.890944329646e-10,        +0.000000000000e+00,        +0.000000000000e+00,        +1.734279812215e-12,        +3.891124765617e-03,        +5.995171402254e-12,        +1.540801125468e-02
 2.45404000e+00,        +4.451403583154e-10,        +3.885305182136e-10,        +0.000000000000e+00,        +0.000000000000e+00,        +1.731042006406e-12,        +3.888755476940e-03,        +5.987280718134e-12,        +1.541006545808e-02
 2.45406000e+00,        +4.445808462475e-10,        +3.879681527579e-10,        +0.000000000000e+00,        +0.000000000000e+00,        +1.727817518484e-12,        +3.886396665686e-03,        +5.979406692295e-12,        +1.541210702422e-02
 2.45408000e+00,        +4.440228711083e-10,        +3.874073293477e-10,        +0.000000000000e+00,        +0.000000000000e+00,        +1.724606254726e-12,        +3.884048248284e-03,        +5.971549275821e-12,        +1.541413603577e-02
 2.45410000e+00,        +4.434664257206e-10,        +3.868480407911e-10,        +0.000000000000e+00,        +0.000000000000e+00,        +1.721408122285e-12,        +3.881710141840e-03,        +5.963708420079e-12,        +1.541615257475e-02
 2.45412000e+00,        +4.429115029686e-10,        +3.862902799575e-10,        +0.000000000000e+00,        +0.000000000000e+00,        +1.718223029343e-12,        +3.879382264462e-03,        +5.955884076649e-12,        +1.541815672221e-02
 2.45414000e+00,        +4.423580957946e-10,        +3.857340397745e-10,        +0.000000000000e+00,        +0.000000000000e+00,        +1.715050884999e-12,        +3.877064535053e-03,        +5.948076197362e-12,        +1.542014855842e-02
 2.45416000e+00,        +4.418061971984e-10,        +3.851793132274e-10,        +0.000000000000e+00,        +0.000000000000e+00,        +1.711891599271e-12,        +3.874756873322e-03,        +5.940284734283e-12,        +1.542212816288e-02
 2.45418000e+00,        +4.412558002373e-10,        +3.846260933592e-10,        +0.000000000000e+00,        +0.000000000000e+00,        +1.708745083100e-12,        +3.872459199813e-03,        +5.932509639723e-12,        +1.542409561429e-02
 2.45420000e+00,        +4.407068980247e-10,        +3.840743732688e-10,        +0.000000000000e+00,        +0.000000000000e+00,        +1.705611248320e-12,        +3.870171435855e-03,        +5.924750866215e-12,        +1.542605099057e-02
 2.45422000e+00,        +4.401594837305e-10,        +3.835241461116e-10,        +0.000000000000e+00,        +0.000000000000e+00,        +1.702490007674e-12,        +3.867893503611e-03,        +5.917008366526e-12,        +1.542799436885e-02
 2.45424000e+00,        +4.396135505783e-10,        +3.829754050970e-10,        +0.000000000000e+00,        +0.000000000000e+00,        +1.699381274751e-12,        +3.865625325961e-03,        +5.909282093658e-12,        +1.542992582555e-02
 2.45426000e+00,        +4.390690918472e-10,        +3.824281434900e-10,        +0.000000000000e+00,        +0.000000000000e+00,        +1.696284964041e-12,        +3.863366826631e-03,        +5.901572000825e-12,        +1.543184543629e-02
 2.45428000e+00,        +4.385261008695e-10,        +3.818823546086e-10,        +0.000000000000e+00,        +0.000000000000e+00,        +1.693200990888e-12,        +3.861117930110e-03,        +5.893878041464e-12,        +1.543375327594e-02
 2.45430000e+00,        +4.379845710303e-10,        +3.813380318239e-10,        +0.000000000000e+00,        +0.000000000000e+00,        +1.690129271455e-12,        +3.858878561588e-03,        +5.886200169244e-12,        +1.543564941868e-02
 2.45432000e+00,        +4.374444957675e-10,        +3.807951685597e-10,        +0.000000000000e+00,        +0.000000000000e+00,        +1.687069722776e-12,        +3.856648647084e-03,        +5.878538338033e-12,        +1.543753393791e-02
 2.45434000e+00,        +4.369058685698e-10,        +3.802537582910e-10,        +0.000000000000e+00,        +0.000000000000e+00,        +1.684022262669e-12,        +3.854428113272e-03,        +5.870892501934e-12,        +1.543940690638e-02
 2.45436000e+00,        +4.363686829777e-10,        +3.797137945440e-10,        +0.000000000000e+00,        +0.000000000000e+00,        +1.680986809791e-12,        +3.852216887610e-03,        +5.863262615250e-12,        +1.544126839609e-02
 2.45438000e+00,        +4.358329325815e-10,        +3.791752708954e-10,        +0.000000000000e+00,        +0.000000000000e+00,        +1.677963283585e-12,        +3.850014898245e-03,        +5.855648632500e-12,        +1.544311847835e-02
 2.45440000e+00,        +4.352986110219e-10,        +3.786381809721e-10,        +0.000000000000e+00,        +0.000000000000e+00,        +1.674951604310e-12,        +3.847822074089e-03,        +5.848050508401e-12,        +1.544495722377e-02
 2.45442000e+00,        +4.347657119879e-10,        +3.781025184494e-10,        +0.000000000000e+00,        +0.000000000000e+00,        +1.671951692962e-12,        +3.845638344655e-03,        +5.840468197902e-12,        +1.544678470235e-02
 2.45444000e+00,        +4.342342292177e-10,        +3.775682770518e-10,        +0.000000000000e+00,        +0.000000000000e+00,        +1.668963471357e-12,        +3.843463640266e-03,        +5.832901656121e-12,        +1.544860098329e-02
 2.45446000e+00,        +4.337041564978e-10,        +3.770354505523e-10,        +0.000000000000e+00,        +0.000000000000e+00,        +1.665986862062e-12,        +3.841297891898e-03,        +5.825350838398e-12,        +1.545040613519e-02
 2.45448000e+00,        +4.331754876610e-10,        +3.765040327700e-10,        +0.000000000000e+00,        +0.000000000000e+00,        +1.663021788369e-12,        +3.839141031152e-03,        +5.817815700271e-12,        +1.545220022603e-02
 2.45450000e+00,        +4.326482165876e-10,        +3.759740175719e-10,        +0.000000000000e+00,        +0.000000000000e+00,        +1.660068174335e-12,        +3.836992990353e-03,        +5.810296197474e-12,        +1.545398332310e-02
 2.45452000e+00,        +4.321223372043e-10,        +3.754453988712e-10,        +0.000000000000e+00,        +0.000000000000e+00,        +1.657125944744e-12,        +3.834853702461e-03,        +5.802792285938e-12,        +1.545575549303e-02
 2.45454000e+00,        +4.315978434832e-10,        +3.749181706268e-10,        +0.000000000000e+00,        +0.000000000000e+00,        +1.654195025116e-12,        +3.832723101130e-03,        +5.795303921780e-12,        +1.545751680184e-02
 2.45456000e+00,        +4.310747294414e-10,        +3.743923268422e-10,        +0.000000000000e+00,        +0.000000000000e+00,        +1.651275341653e-12,        +3.830601120582e-03,        +5.787831061326e-12,        +1.545926731496e-02
 2.45458000e+00,        +4.305529891414e-10,        +3.738678615670e-10,        +0.000000000000e+00,        +0.000000000000e+00,        +1.648366821309e-12,        +3.828487695780e-03,        +5.780373661069e-12,        +1.546100709711e-02
 2.45460000e+00,        +4.300326166890e-10,        +3.733447688936e-10,        +0.000000000000e+00,        +0.000000000000e+00,        +1.645469391700e-12,        +3.826382762241e-03,        +5.772931677709e-12,        +1.546273621247e-02
 2.45462000e+00,        +4.295136062336e-10,        +3.728230429584e-10,        +0.000000000000e+00,        +0.000000000000e+00,        +1.642582981136e-12,        +3.824286256120e-03,        +5.765505068125e-12,        +1.546445472462e-02
 2.45464000e+00,        +4.289959519684e-10,        +3.723026779415e-10,        +0.000000000000e+00,        +0.000000000000e+00,        +1.639707518619e-12,        +3.822198114213e-03,        +5.758093789378e-12,        +1.546616269648e-02
 2.45466000e+00,        +4.284796481284e-10,        +3.717836680648e-10,        +0.000000000000e+00,        +0.000000000000e+00,        +1.636842933812e-12,        +3.820118273905e-03,        +5.750697798716e-12,        +1.546786019044e-02
 2.45468000e+00,        +4.279646889916e-10,        +3.712660075936e-10,        +0.000000000000e+00,        +0.000000000000e+00,        +1.633989157054e-12,        +3.818046673207e-03,        +5.743317053565e-12,        +1.546954726825e-02
 2.45470000e+00,        +4.274510688763e-10,        +3.707496908330e-10,        +0.000000000000e+00,        +0.000000000000e+00,        +1.631146119312e-12,        +3.815983250669e-03,        +5.735951511534e-12,        +1.547122399117e-02
 2.45472000e+00,        +4.269387821435e-10,        +3.702347121313e-10,        +0.000000000000e+00,        +0.000000000000e+00,        +1.628313752237e-12,        +3.813927945506e-03,        +5.728601130406e-12,        +1.547289041978e-02
 2.45474000e+00,        +4.264278231928e-10,        +3.697210658754e-10,        +0.000000000000e+00,        +0.000000000000e+00,        +1.625491988072e-12,        +3.811880697421e-03,        +5.721265868143e-12,        +1.547454661421e-02
 2.45476000e+00,        +4.259181864668e-10,        +3.692087464949e-10,        +0.000000000000e+00,        +0.000000000000e+00,        +1.622680759755e-12,        +3.809841446819e-03,        +5.713945682875e-12,        +1.547619263390e-02
 2.45478000e+00,        +4.254098664449e-10,        +3.686977484568e-10,        +0.000000000000e+00,        +0.000000000000e+00,        +1.619880000777e-12,        +3.807810134528e-03,        +5.706640532917e-12,        +1.547782853788e-02
 2.45480000e+00,        +4.249028576476e-10,        +3.681880662690e-10,        +0.000000000000e+00,        +0.000000000000e+00,        +1.617089645291e-12,        +3.805786702032e-03,        +5.699350376745e-12,        +1.547945438455e-02
 2.45482000e+00,        +4.243971546340e-10,        +3.676796944777e-10,        +0.000000000000e+00,        +0.000000000000e+00,        +1.614309628052e-12,        +3.803771091359e-03,        +5.692075173004e-12,        +1.548107023177e-02
 2.45484000e+00,        +4.238927520011e-10,        +3.671726276677e-10,        +0.000000000000e+00,        +0.000000000000e+00,        +1.611539884396e-12,        +3.801763245039e-03,        +5.684814880521e-12,        +1.548267613692e-02
 2.45486000e+00,        +4.233896443841e-10,        +3.666668604617e-10,        +0.000000000000e+00,        +0.000000000000e+00,        +1.608780350268e-12,        +3.799763106176e-03,        +5.677569458278e-12,        +1.548427215683e-02
 2.45488000e+00,        +4.228878264561e-10,        +3.661623875201e-10,        +0.000000000000e+00,        +0.000000000000e+00,        +1.606030962207e-12,        +3.797770618432e-03,        +5.670338865417e-12,        +1.548585834777e-02
 2.45490000e+00,        +4.223872929268e-10,        +3.656592035407e-10,        +0.000000000000e+00,        +0.000000000000e+00,        +1.603291657315e-12,        +3.795785725951e-03,        +5.663123061260e-12,        +1.548743476555e-02
 2.45492000e+00,        +4.218880385433e-10,        +3.651573032579e-10,        +0.000000000000e+00,        +0.000000000000e+00,        +1.600562373285e-12,        +3.793808373452e-03,        +5.655922005276e-12,        +1.548900146544e-02
 2.45494000e+00,        +4.213900580882e-10,        +3.646566814422e-10,        +0.000000000000e+00,        +0.000000000000e+00,        +1.597843048346e-12,        +3.791838506099e-03,        +5.648735657114e-12,        +1.549055850224e-02
 2.45496000e+00,        +4.208933463803e-10,        +3.641573329002e-10,        +0.000000000000e+00,        +0.000000000000e+00,        +1.595133621308e-12,        +3.789876069618e-03,        +5.641563976566e-12,        +1.549210593025e-02
 2.45498000e+00,        +4.203978982743e-10,        +3.636592524744e-10,        +0.000000000000e+00,        +0.000000000000e+00,        +1.592434031534e-12,        +3.787921010240e-03,        +5.634406923591e-12,        +1.549364380324e-02
 2.45500000e+00,        +4.199037086604e-10,        +3.631624350429e-10,        +0.000000000000e+00,        +0.000000000000e+00,        +1.589744218945e-12,        +3.785973274722e-03,        +5.627264458295e-12,        +1.549517217449e-02
