>> /home/tanderson/.local/share/mamba/envs/emsim/bin/mpirun -n 4 /home/tanderson/.local/opt/palace/bin/palace-x86_64.bin total.json

_____________     _______
_____   __   \____ __   /____ ____________
____   /_/  /  __ ` /  /  __ ` /  ___/  _ \
___   _____/  /_/  /  /  /_/  /  /__/  ___/
  /__/     \___,__/__/\___,__/\_____\_____/

Git changeset ID: 3c83b9d
Running with 4 MPI processes, 1 OpenMP thread
Device configuration: omp,cpu
Memory configuration: host-std
libCEED backend: /cpu/self/opt/blocked

Added 5760 boundary elements for material interfaces to the mesh

Characteristic length and time scales:
 Lc = 1.200e-01 m, tc = 4.003e-01 ns
Finished partitioning mesh into 4 subdomains

Mesh curvature order: 1
Mesh bounding box:
 (Xmin, Ymin, Zmin) = (-4.000e-02, -4.000e-02, -6.000e-02) m
 (Xmax, Ymax, Zmax) = (+4.000e-02, +4.000e-02, +6.000e-02) m

Parallel Mesh Stats:

                minimum     average     maximum       total
 vertices          3100        3442        3847       13769
 edges            21668       22744       23996       90979
 faces            36886       37701       38746      150806
 elements         18318       18398       18596       73595
 neighbors            2           2           3

            minimum     maximum
 h      0.000951484   0.0747311
 kappa      1.01614     25.8721

Estimated current per-rank memory usage is: Min. 42.5M, Max. 85.0M, Avg. 53.4M, Total 213.4M
Estimated current per-node memory usage is: Min. 213.6M, Max. 213.6M, Avg. 213.6M, Total 213.6M

Configuring Robin finite conductivity BC at attributes:
 92: σ = 6.300e+07 S/m, n = (+0.9,+0.0,-0.3)

Configuring Robin impedance BC for lumped ports at attributes:
 91: Rs = 2.880e+02 Ω/sq, n = (+0.0,+0.0,+1.0)

Configuring lumped port circuit properties:
 Index = 1: R = 5.000e+01 Ω

Configuring lumped port excitation source term at attributes:
 91: Index = 1

Computing adaptive fast frequency response for:
Excitation with index 1 has contributions from:
 Lumped port  1

Beginning PROM construction offline phase:
 1001 points for frequency sweep over [2.419e+00, 2.439e+00] GHz

Assembling system matrices, number of global unknowns:
 H1 (p = 1): 13769, ND (p = 1): 90979, RT (p = 1): 150806
 Operator assembly level: Partial
 Mesh geometries:
  Tetrahedron: P = 6, Q = 4 (quadrature order = 2)

Assembling multigrid hierarchy:
 Level 0 (p = 1): 90979 unknowns
 Level 0 (auxiliary) (p = 1): 13769 unknowns

  Residual norms for GMRES solve
  0 (restart 0) KSP residual norm 1.363954e+01
  1 (restart 0) KSP residual norm 1.185039e-01
  2 (restart 0) KSP residual norm 3.357063e-04
  3 (restart 0) KSP residual norm 4.073288e-06
  4 (restart 0) KSP residual norm 2.357375e-06
  5 (restart 0) KSP residual norm 4.876605e-07
  6 (restart 0) KSP residual norm 9.445056e-08
GMRES solver converged in 6 iterations (avg. reduction factor: 4.366e-02)
 Field energy E (7.403e-10 J) + H (7.547e-10 J) = 1.495e-09 J

  Residual norms for GMRES solve
  0 (restart 0) KSP residual norm 1.303229e+01
  1 (restart 0) KSP residual norm 1.296049e-01
  2 (restart 0) KSP residual norm 4.829659e-04
  3 (restart 0) KSP residual norm 7.818477e-06
  4 (restart 0) KSP residual norm 3.633408e-06
  5 (restart 0) KSP residual norm 6.769968e-07
  6 (restart 0) KSP residual norm 1.804791e-07
  7 (restart 0) KSP residual norm 4.052931e-08
GMRES solver converged in 7 iterations (avg. reduction factor: 6.091e-02)
 Field energy E (7.390e-10 J) + H (7.639e-10 J) = 1.503e-09 J

  Residual norms for GMRES solve
  0 (restart 0) KSP residual norm 3.773922e+01
  1 (restart 0) KSP residual norm 7.622772e-01
  2 (restart 0) KSP residual norm 8.625485e-04
  3 (restart 0) KSP residual norm 1.553425e-05
  4 (restart 0) KSP residual norm 9.599952e-06
  5 (restart 0) KSP residual norm 9.578243e-07
  6 (restart 0) KSP residual norm 3.094805e-07
GMRES solver converged in 6 iterations (avg. reduction factor: 4.491e-02)

Greedy iteration 1 (n = 4): ω* = 2.431e+00 GHz (6.115e+00), error = 2.554e-03, memory = 0/2
 Field energy E (1.206e-08 J) + H (1.210e-08 J) = 2.415e-08 J

  Residual norms for GMRES solve
  0 (restart 0) KSP residual norm 1.152266e+03
  1 (restart 0) KSP residual norm 2.488630e+00
  2 (restart 0) KSP residual norm 2.348901e-03
  3 (restart 0) KSP residual norm 4.476902e-05
  4 (restart 0) KSP residual norm 3.212177e-05
  5 (restart 0) KSP residual norm 3.010832e-06
GMRES solver converged in 5 iterations (avg. reduction factor: 1.921e-02)

Greedy iteration 2 (n = 6): ω* = 2.429e+00 GHz (6.108e+00), error = 2.689e-05, memory = 1/2
 Field energy E (2.077e-07 J) + H (2.077e-07 J) = 4.154e-07 J

  Residual norms for GMRES solve
  0 (restart 0) KSP residual norm 2.153001e+01
  1 (restart 0) KSP residual norm 2.816194e-01
  2 (restart 0) KSP residual norm 3.146601e-04
  3 (restart 0) KSP residual norm 3.838501e-06
  4 (restart 0) KSP residual norm 2.524079e-06
  5 (restart 0) KSP residual norm 5.722292e-07
  6 (restart 0) KSP residual norm 4.695826e-08
GMRES solver converged in 6 iterations (avg. reduction factor: 3.601e-02)

Greedy iteration 3 (n = 8): ω* = 2.424e+00 GHz (6.096e+00), error = 5.667e-06, memory = 2/2
 Field energy E (2.654e-09 J) + H (2.663e-09 J) = 5.317e-09 J

Adaptive sampling converged with 5 frequency samples:
 n = 10, error = 5.667e-06, tol = 1.000e-03, memory = 2/2
 Sampled frequencies (GHz): 2.419e+00, 2.439e+00, 2.431e+00, 2.429e+00,
                            2.424e+00
 Sample errors: inf, inf, 2.554e-03, 2.689e-05, 5.667e-06
 Total offline phase elapsed time: 1.38e+01 s

Beginning fast frequency sweep online phase

It 1/1001: ω/2π = 2.419e+00 GHz (total elapsed time = 1.38e+01 s)

 Sol. ||E|| = 1.514275e+01
 Field energy E (7.403e-10 J) + H (7.547e-10 J) = 1.495e-09 J
 S[1][1] = +9.742e-01+2.196e-01i, |S[1][1]| = -1.177e-02, arg(S[1][1]) = +1.271e+01

It 2/1001: ω/2π = 2.419e+00 GHz (total elapsed time = 1.39e+01 s)

 Sol. ||E|| = 1.515812e+01
 Field energy E (7.431e-10 J) + H (7.575e-10 J) = 1.501e-09 J
 S[1][1] = +9.742e-01+2.195e-01i, |S[1][1]| = -1.180e-02, arg(S[1][1]) = +1.269e+01

It 3/1001: ω/2π = 2.419e+00 GHz (total elapsed time = 1.40e+01 s)

 Sol. ||E|| = 1.517357e+01
 Field energy E (7.460e-10 J) + H (7.604e-10 J) = 1.506e-09 J
 S[1][1] = +9.743e-01+2.193e-01i, |S[1][1]| = -1.184e-02, arg(S[1][1]) = +1.268e+01

It 4/1001: ω/2π = 2.419e+00 GHz (total elapsed time = 1.41e+01 s)

 Sol. ||E|| = 1.518909e+01
 Field energy E (7.488e-10 J) + H (7.632e-10 J) = 1.512e-09 J
 S[1][1] = +9.743e-01+2.191e-01i, |S[1][1]| = -1.188e-02, arg(S[1][1]) = +1.267e+01

It 5/1001: ω/2π = 2.419e+00 GHz (total elapsed time = 1.42e+01 s)

 Sol. ||E|| = 1.520469e+01
 Field energy E (7.517e-10 J) + H (7.661e-10 J) = 1.518e-09 J
 S[1][1] = +9.743e-01+2.189e-01i, |S[1][1]| = -1.192e-02, arg(S[1][1]) = +1.266e+01

It 6/1001: ω/2π = 2.419e+00 GHz (total elapsed time = 1.43e+01 s)

 Sol. ||E|| = 1.522036e+01
 Field energy E (7.546e-10 J) + H (7.690e-10 J) = 1.524e-09 J
 S[1][1] = +9.744e-01+2.187e-01i, |S[1][1]| = -1.195e-02, arg(S[1][1]) = +1.265e+01

It 7/1001: ω/2π = 2.419e+00 GHz (total elapsed time = 1.43e+01 s)

 Sol. ||E|| = 1.523612e+01
 Field energy E (7.576e-10 J) + H (7.719e-10 J) = 1.529e-09 J
 S[1][1] = +9.744e-01+2.185e-01i, |S[1][1]| = -1.199e-02, arg(S[1][1]) = +1.264e+01

It 8/1001: ω/2π = 2.419e+00 GHz (total elapsed time = 1.44e+01 s)

 Sol. ||E|| = 1.525196e+01
 Field energy E (7.605e-10 J) + H (7.749e-10 J) = 1.535e-09 J
 S[1][1] = +9.745e-01+2.183e-01i, |S[1][1]| = -1.203e-02, arg(S[1][1]) = +1.263e+01

It 9/1001: ω/2π = 2.419e+00 GHz (total elapsed time = 1.45e+01 s)

 Sol. ||E|| = 1.526787e+01
 Field energy E (7.635e-10 J) + H (7.778e-10 J) = 1.541e-09 J
 S[1][1] = +9.745e-01+2.181e-01i, |S[1][1]| = -1.207e-02, arg(S[1][1]) = +1.262e+01

It 10/1001: ω/2π = 2.419e+00 GHz (total elapsed time = 1.46e+01 s)

 Sol. ||E|| = 1.528386e+01
 Field energy E (7.665e-10 J) + H (7.808e-10 J) = 1.547e-09 J
 S[1][1] = +9.745e-01+2.180e-01i, |S[1][1]| = -1.210e-02, arg(S[1][1]) = +1.261e+01

It 11/1001: ω/2π = 2.419e+00 GHz (total elapsed time = 1.47e+01 s)

 Sol. ||E|| = 1.529994e+01
 Field energy E (7.695e-10 J) + H (7.838e-10 J) = 1.553e-09 J
 S[1][1] = +9.746e-01+2.178e-01i, |S[1][1]| = -1.214e-02, arg(S[1][1]) = +1.260e+01

It 12/1001: ω/2π = 2.419e+00 GHz (total elapsed time = 1.48e+01 s)

 Sol. ||E|| = 1.531610e+01
 Field energy E (7.725e-10 J) + H (7.868e-10 J) = 1.559e-09 J
 S[1][1] = +9.746e-01+2.176e-01i, |S[1][1]| = -1.218e-02, arg(S[1][1]) = +1.258e+01

It 13/1001: ω/2π = 2.419e+00 GHz (total elapsed time = 1.49e+01 s)

 Sol. ||E|| = 1.533233e+01
 Field energy E (7.755e-10 J) + H (7.898e-10 J) = 1.565e-09 J
 S[1][1] = +9.746e-01+2.174e-01i, |S[1][1]| = -1.222e-02, arg(S[1][1]) = +1.257e+01

It 14/1001: ω/2π = 2.419e+00 GHz (total elapsed time = 1.49e+01 s)

 Sol. ||E|| = 1.534865e+01
 Field energy E (7.786e-10 J) + H (7.928e-10 J) = 1.571e-09 J
 S[1][1] = +9.747e-01+2.172e-01i, |S[1][1]| = -1.226e-02, arg(S[1][1]) = +1.256e+01

It 15/1001: ω/2π = 2.419e+00 GHz (total elapsed time = 1.50e+01 s)

 Sol. ||E|| = 1.536506e+01
 Field energy E (7.817e-10 J) + H (7.959e-10 J) = 1.578e-09 J
 S[1][1] = +9.747e-01+2.170e-01i, |S[1][1]| = -1.230e-02, arg(S[1][1]) = +1.255e+01

It 16/1001: ω/2π = 2.419e+00 GHz (total elapsed time = 1.51e+01 s)

 Sol. ||E|| = 1.538154e+01
 Field energy E (7.847e-10 J) + H (7.990e-10 J) = 1.584e-09 J
 S[1][1] = +9.748e-01+2.168e-01i, |S[1][1]| = -1.234e-02, arg(S[1][1]) = +1.254e+01

It 17/1001: ω/2π = 2.419e+00 GHz (total elapsed time = 1.52e+01 s)

 Sol. ||E|| = 1.539811e+01
 Field energy E (7.879e-10 J) + H (8.021e-10 J) = 1.590e-09 J
 S[1][1] = +9.748e-01+2.166e-01i, |S[1][1]| = -1.238e-02, arg(S[1][1]) = +1.253e+01

It 18/1001: ω/2π = 2.419e+00 GHz (total elapsed time = 1.53e+01 s)

 Sol. ||E|| = 1.541477e+01
 Field energy E (7.910e-10 J) + H (8.052e-10 J) = 1.596e-09 J
 S[1][1] = +9.748e-01+2.164e-01i, |S[1][1]| = -1.242e-02, arg(S[1][1]) = +1.252e+01

It 19/1001: ω/2π = 2.419e+00 GHz (total elapsed time = 1.54e+01 s)

 Sol. ||E|| = 1.543151e+01
 Field energy E (7.941e-10 J) + H (8.083e-10 J) = 1.602e-09 J
 S[1][1] = +9.749e-01+2.162e-01i, |S[1][1]| = -1.246e-02, arg(S[1][1]) = +1.250e+01

It 20/1001: ω/2π = 2.419e+00 GHz (total elapsed time = 1.54e+01 s)

 Sol. ||E|| = 1.544834e+01
 Field energy E (7.973e-10 J) + H (8.115e-10 J) = 1.609e-09 J
 S[1][1] = +9.749e-01+2.160e-01i, |S[1][1]| = -1.250e-02, arg(S[1][1]) = +1.249e+01

It 21/1001: ω/2π = 2.419e+00 GHz (total elapsed time = 1.55e+01 s)

 Sol. ||E|| = 1.546525e+01
 Field energy E (8.005e-10 J) + H (8.147e-10 J) = 1.615e-09 J
 S[1][1] = +9.750e-01+2.158e-01i, |S[1][1]| = -1.254e-02, arg(S[1][1]) = +1.248e+01

It 22/1001: ω/2π = 2.419e+00 GHz (total elapsed time = 1.56e+01 s)

 Sol. ||E|| = 1.548225e+01
 Field energy E (8.037e-10 J) + H (8.179e-10 J) = 1.622e-09 J
 S[1][1] = +9.750e-01+2.156e-01i, |S[1][1]| = -1.258e-02, arg(S[1][1]) = +1.247e+01

It 23/1001: ω/2π = 2.419e+00 GHz (total elapsed time = 1.57e+01 s)

 Sol. ||E|| = 1.549933e+01
 Field energy E (8.069e-10 J) + H (8.211e-10 J) = 1.628e-09 J
 S[1][1] = +9.750e-01+2.154e-01i, |S[1][1]| = -1.262e-02, arg(S[1][1]) = +1.246e+01

It 24/1001: ω/2π = 2.419e+00 GHz (total elapsed time = 1.58e+01 s)

 Sol. ||E|| = 1.551651e+01
 Field energy E (8.102e-10 J) + H (8.243e-10 J) = 1.635e-09 J
 S[1][1] = +9.751e-01+2.152e-01i, |S[1][1]| = -1.266e-02, arg(S[1][1]) = +1.245e+01

It 25/1001: ω/2π = 2.419e+00 GHz (total elapsed time = 1.59e+01 s)

 Sol. ||E|| = 1.553377e+01
 Field energy E (8.135e-10 J) + H (8.276e-10 J) = 1.641e-09 J
 S[1][1] = +9.751e-01+2.150e-01i, |S[1][1]| = -1.270e-02, arg(S[1][1]) = +1.243e+01

It 26/1001: ω/2π = 2.419e+00 GHz (total elapsed time = 1.60e+01 s)

 Sol. ||E|| = 1.555112e+01
 Field energy E (8.168e-10 J) + H (8.309e-10 J) = 1.648e-09 J
 S[1][1] = +9.752e-01+2.148e-01i, |S[1][1]| = -1.275e-02, arg(S[1][1]) = +1.242e+01

It 27/1001: ω/2π = 2.419e+00 GHz (total elapsed time = 1.61e+01 s)

 Sol. ||E|| = 1.556856e+01
 Field energy E (8.201e-10 J) + H (8.342e-10 J) = 1.654e-09 J
 S[1][1] = +9.752e-01+2.146e-01i, |S[1][1]| = -1.279e-02, arg(S[1][1]) = +1.241e+01

It 28/1001: ω/2π = 2.419e+00 GHz (total elapsed time = 1.61e+01 s)

 Sol. ||E|| = 1.558610e+01
 Field energy E (8.234e-10 J) + H (8.375e-10 J) = 1.661e-09 J
 S[1][1] = +9.752e-01+2.144e-01i, |S[1][1]| = -1.283e-02, arg(S[1][1]) = +1.240e+01

It 29/1001: ω/2π = 2.419e+00 GHz (total elapsed time = 1.62e+01 s)

 Sol. ||E|| = 1.560372e+01
 Field energy E (8.268e-10 J) + H (8.408e-10 J) = 1.668e-09 J
 S[1][1] = +9.753e-01+2.142e-01i, |S[1][1]| = -1.287e-02, arg(S[1][1]) = +1.239e+01

It 30/1001: ω/2π = 2.419e+00 GHz (total elapsed time = 1.63e+01 s)

 Sol. ||E|| = 1.562143e+01
 Field energy E (8.301e-10 J) + H (8.442e-10 J) = 1.674e-09 J
 S[1][1] = +9.753e-01+2.140e-01i, |S[1][1]| = -1.292e-02, arg(S[1][1]) = +1.237e+01

It 31/1001: ω/2π = 2.420e+00 GHz (total elapsed time = 1.64e+01 s)

 Sol. ||E|| = 1.563924e+01
 Field energy E (8.335e-10 J) + H (8.476e-10 J) = 1.681e-09 J
 S[1][1] = +9.754e-01+2.138e-01i, |S[1][1]| = -1.296e-02, arg(S[1][1]) = +1.236e+01

It 32/1001: ω/2π = 2.420e+00 GHz (total elapsed time = 1.65e+01 s)

 Sol. ||E|| = 1.565714e+01
 Field energy E (8.370e-10 J) + H (8.510e-10 J) = 1.688e-09 J
 S[1][1] = +9.754e-01+2.136e-01i, |S[1][1]| = -1.301e-02, arg(S[1][1]) = +1.235e+01

It 33/1001: ω/2π = 2.420e+00 GHz (total elapsed time = 1.66e+01 s)

 Sol. ||E|| = 1.567514e+01
 Field energy E (8.404e-10 J) + H (8.544e-10 J) = 1.695e-09 J
 S[1][1] = +9.754e-01+2.134e-01i, |S[1][1]| = -1.305e-02, arg(S[1][1]) = +1.234e+01

It 34/1001: ω/2π = 2.420e+00 GHz (total elapsed time = 1.66e+01 s)

 Sol. ||E|| = 1.569322e+01
 Field energy E (8.439e-10 J) + H (8.579e-10 J) = 1.702e-09 J
 S[1][1] = +9.755e-01+2.132e-01i, |S[1][1]| = -1.309e-02, arg(S[1][1]) = +1.233e+01

It 35/1001: ω/2π = 2.420e+00 GHz (total elapsed time = 1.67e+01 s)

 Sol. ||E|| = 1.571141e+01
 Field energy E (8.473e-10 J) + H (8.613e-10 J) = 1.709e-09 J
 S[1][1] = +9.755e-01+2.129e-01i, |S[1][1]| = -1.314e-02, arg(S[1][1]) = +1.231e+01

It 36/1001: ω/2π = 2.420e+00 GHz (total elapsed time = 1.68e+01 s)

 Sol. ||E|| = 1.572969e+01
 Field energy E (8.508e-10 J) + H (8.648e-10 J) = 1.716e-09 J
 S[1][1] = +9.756e-01+2.127e-01i, |S[1][1]| = -1.318e-02, arg(S[1][1]) = +1.230e+01

It 37/1001: ω/2π = 2.420e+00 GHz (total elapsed time = 1.69e+01 s)

 Sol. ||E|| = 1.574806e+01
 Field energy E (8.544e-10 J) + H (8.683e-10 J) = 1.723e-09 J
 S[1][1] = +9.756e-01+2.125e-01i, |S[1][1]| = -1.323e-02, arg(S[1][1]) = +1.229e+01

It 38/1001: ω/2π = 2.420e+00 GHz (total elapsed time = 1.70e+01 s)

 Sol. ||E|| = 1.576653e+01
 Field energy E (8.579e-10 J) + H (8.719e-10 J) = 1.730e-09 J
 S[1][1] = +9.756e-01+2.123e-01i, |S[1][1]| = -1.327e-02, arg(S[1][1]) = +1.228e+01

It 39/1001: ω/2π = 2.420e+00 GHz (total elapsed time = 1.71e+01 s)

 Sol. ||E|| = 1.578510e+01
 Field energy E (8.615e-10 J) + H (8.754e-10 J) = 1.737e-09 J
 S[1][1] = +9.757e-01+2.121e-01i, |S[1][1]| = -1.332e-02, arg(S[1][1]) = +1.226e+01

It 40/1001: ω/2π = 2.420e+00 GHz (total elapsed time = 1.72e+01 s)

 Sol. ||E|| = 1.580377e+01
 Field energy E (8.651e-10 J) + H (8.790e-10 J) = 1.744e-09 J
 S[1][1] = +9.757e-01+2.119e-01i, |S[1][1]| = -1.337e-02, arg(S[1][1]) = +1.225e+01

It 41/1001: ω/2π = 2.420e+00 GHz (total elapsed time = 1.73e+01 s)

 Sol. ||E|| = 1.582254e+01
 Field energy E (8.687e-10 J) + H (8.826e-10 J) = 1.751e-09 J
 S[1][1] = +9.758e-01+2.117e-01i, |S[1][1]| = -1.341e-02, arg(S[1][1]) = +1.224e+01

It 42/1001: ω/2π = 2.420e+00 GHz (total elapsed time = 1.74e+01 s)

 Sol. ||E|| = 1.584140e+01
 Field energy E (8.724e-10 J) + H (8.863e-10 J) = 1.759e-09 J
 S[1][1] = +9.758e-01+2.114e-01i, |S[1][1]| = -1.346e-02, arg(S[1][1]) = +1.223e+01

It 43/1001: ω/2π = 2.420e+00 GHz (total elapsed time = 1.74e+01 s)

 Sol. ||E|| = 1.586037e+01
 Field energy E (8.760e-10 J) + H (8.899e-10 J) = 1.766e-09 J
 S[1][1] = +9.758e-01+2.112e-01i, |S[1][1]| = -1.351e-02, arg(S[1][1]) = +1.221e+01

It 44/1001: ω/2π = 2.420e+00 GHz (total elapsed time = 1.75e+01 s)

 Sol. ||E|| = 1.587944e+01
 Field energy E (8.797e-10 J) + H (8.936e-10 J) = 1.773e-09 J
 S[1][1] = +9.759e-01+2.110e-01i, |S[1][1]| = -1.355e-02, arg(S[1][1]) = +1.220e+01

It 45/1001: ω/2π = 2.420e+00 GHz (total elapsed time = 1.76e+01 s)

 Sol. ||E|| = 1.589860e+01
 Field energy E (8.835e-10 J) + H (8.973e-10 J) = 1.781e-09 J
 S[1][1] = +9.759e-01+2.108e-01i, |S[1][1]| = -1.360e-02, arg(S[1][1]) = +1.219e+01

It 46/1001: ω/2π = 2.420e+00 GHz (total elapsed time = 1.77e+01 s)

 Sol. ||E|| = 1.591788e+01
 Field energy E (8.872e-10 J) + H (9.010e-10 J) = 1.788e-09 J
 S[1][1] = +9.760e-01+2.106e-01i, |S[1][1]| = -1.365e-02, arg(S[1][1]) = +1.218e+01

It 47/1001: ω/2π = 2.420e+00 GHz (total elapsed time = 1.78e+01 s)

 Sol. ||E|| = 1.593725e+01
 Field energy E (8.910e-10 J) + H (9.048e-10 J) = 1.796e-09 J
 S[1][1] = +9.760e-01+2.103e-01i, |S[1][1]| = -1.370e-02, arg(S[1][1]) = +1.216e+01

It 48/1001: ω/2π = 2.420e+00 GHz (total elapsed time = 1.79e+01 s)

 Sol. ||E|| = 1.595673e+01
 Field energy E (8.947e-10 J) + H (9.085e-10 J) = 1.803e-09 J
 S[1][1] = +9.761e-01+2.101e-01i, |S[1][1]| = -1.375e-02, arg(S[1][1]) = +1.215e+01

It 49/1001: ω/2π = 2.420e+00 GHz (total elapsed time = 1.80e+01 s)

 Sol. ||E|| = 1.597631e+01
 Field energy E (8.986e-10 J) + H (9.123e-10 J) = 1.811e-09 J
 S[1][1] = +9.761e-01+2.099e-01i, |S[1][1]| = -1.380e-02, arg(S[1][1]) = +1.214e+01

It 50/1001: ω/2π = 2.420e+00 GHz (total elapsed time = 1.80e+01 s)

 Sol. ||E|| = 1.599600e+01
 Field energy E (9.024e-10 J) + H (9.162e-10 J) = 1.819e-09 J
 S[1][1] = +9.761e-01+2.097e-01i, |S[1][1]| = -1.384e-02, arg(S[1][1]) = +1.212e+01

It 51/1001: ω/2π = 2.420e+00 GHz (total elapsed time = 1.81e+01 s)

 Sol. ||E|| = 1.601580e+01
 Field energy E (9.063e-10 J) + H (9.200e-10 J) = 1.826e-09 J
 S[1][1] = +9.762e-01+2.095e-01i, |S[1][1]| = -1.389e-02, arg(S[1][1]) = +1.211e+01

It 52/1001: ω/2π = 2.420e+00 GHz (total elapsed time = 1.82e+01 s)

 Sol. ||E|| = 1.603570e+01
 Field energy E (9.102e-10 J) + H (9.239e-10 J) = 1.834e-09 J
 S[1][1] = +9.762e-01+2.092e-01i, |S[1][1]| = -1.394e-02, arg(S[1][1]) = +1.210e+01

It 53/1001: ω/2π = 2.420e+00 GHz (total elapsed time = 1.83e+01 s)

 Sol. ||E|| = 1.605571e+01
 Field energy E (9.141e-10 J) + H (9.278e-10 J) = 1.842e-09 J
 S[1][1] = +9.763e-01+2.090e-01i, |S[1][1]| = -1.399e-02, arg(S[1][1]) = +1.208e+01

It 54/1001: ω/2π = 2.420e+00 GHz (total elapsed time = 1.84e+01 s)

 Sol. ||E|| = 1.607583e+01
 Field energy E (9.180e-10 J) + H (9.317e-10 J) = 1.850e-09 J
 S[1][1] = +9.763e-01+2.088e-01i, |S[1][1]| = -1.404e-02, arg(S[1][1]) = +1.207e+01

It 55/1001: ω/2π = 2.420e+00 GHz (total elapsed time = 1.85e+01 s)

 Sol. ||E|| = 1.609605e+01
 Field energy E (9.220e-10 J) + H (9.357e-10 J) = 1.858e-09 J
 S[1][1] = +9.764e-01+2.085e-01i, |S[1][1]| = -1.410e-02, arg(S[1][1]) = +1.206e+01

It 56/1001: ω/2π = 2.420e+00 GHz (total elapsed time = 1.86e+01 s)

 Sol. ||E|| = 1.611639e+01
 Field energy E (9.260e-10 J) + H (9.397e-10 J) = 1.866e-09 J
 S[1][1] = +9.764e-01+2.083e-01i, |S[1][1]| = -1.415e-02, arg(S[1][1]) = +1.204e+01

It 57/1001: ω/2π = 2.420e+00 GHz (total elapsed time = 1.86e+01 s)

 Sol. ||E|| = 1.613684e+01
 Field energy E (9.300e-10 J) + H (9.437e-10 J) = 1.874e-09 J
 S[1][1] = +9.764e-01+2.081e-01i, |S[1][1]| = -1.420e-02, arg(S[1][1]) = +1.203e+01

It 58/1001: ω/2π = 2.420e+00 GHz (total elapsed time = 1.87e+01 s)

 Sol. ||E|| = 1.615740e+01
 Field energy E (9.341e-10 J) + H (9.477e-10 J) = 1.882e-09 J
 S[1][1] = +9.765e-01+2.079e-01i, |S[1][1]| = -1.425e-02, arg(S[1][1]) = +1.202e+01

It 59/1001: ω/2π = 2.420e+00 GHz (total elapsed time = 1.88e+01 s)

 Sol. ||E|| = 1.617807e+01
 Field energy E (9.381e-10 J) + H (9.518e-10 J) = 1.890e-09 J
 S[1][1] = +9.765e-01+2.076e-01i, |S[1][1]| = -1.430e-02, arg(S[1][1]) = +1.200e+01

It 60/1001: ω/2π = 2.420e+00 GHz (total elapsed time = 1.89e+01 s)

 Sol. ||E|| = 1.619886e+01
 Field energy E (9.422e-10 J) + H (9.559e-10 J) = 1.898e-09 J
 S[1][1] = +9.766e-01+2.074e-01i, |S[1][1]| = -1.436e-02, arg(S[1][1]) = +1.199e+01

It 61/1001: ω/2π = 2.420e+00 GHz (total elapsed time = 1.90e+01 s)

 Sol. ||E|| = 1.621976e+01
 Field energy E (9.464e-10 J) + H (9.600e-10 J) = 1.906e-09 J
 S[1][1] = +9.766e-01+2.071e-01i, |S[1][1]| = -1.441e-02, arg(S[1][1]) = +1.198e+01

It 62/1001: ω/2π = 2.420e+00 GHz (total elapsed time = 1.91e+01 s)

 Sol. ||E|| = 1.624077e+01
 Field energy E (9.505e-10 J) + H (9.641e-10 J) = 1.915e-09 J
 S[1][1] = +9.767e-01+2.069e-01i, |S[1][1]| = -1.446e-02, arg(S[1][1]) = +1.196e+01

It 63/1001: ω/2π = 2.420e+00 GHz (total elapsed time = 1.92e+01 s)

 Sol. ||E|| = 1.626190e+01
 Field energy E (9.547e-10 J) + H (9.683e-10 J) = 1.923e-09 J
 S[1][1] = +9.767e-01+2.067e-01i, |S[1][1]| = -1.452e-02, arg(S[1][1]) = +1.195e+01

It 64/1001: ω/2π = 2.420e+00 GHz (total elapsed time = 1.92e+01 s)

 Sol. ||E|| = 1.628315e+01
 Field energy E (9.590e-10 J) + H (9.725e-10 J) = 1.931e-09 J
 S[1][1] = +9.767e-01+2.064e-01i, |S[1][1]| = -1.457e-02, arg(S[1][1]) = +1.193e+01

It 65/1001: ω/2π = 2.420e+00 GHz (total elapsed time = 1.93e+01 s)

 Sol. ||E|| = 1.630451e+01
 Field energy E (9.632e-10 J) + H (9.767e-10 J) = 1.940e-09 J
 S[1][1] = +9.768e-01+2.062e-01i, |S[1][1]| = -1.463e-02, arg(S[1][1]) = +1.192e+01

It 66/1001: ω/2π = 2.420e+00 GHz (total elapsed time = 1.94e+01 s)

 Sol. ||E|| = 1.632599e+01
 Field energy E (9.675e-10 J) + H (9.810e-10 J) = 1.948e-09 J
 S[1][1] = +9.768e-01+2.060e-01i, |S[1][1]| = -1.468e-02, arg(S[1][1]) = +1.191e+01

It 67/1001: ω/2π = 2.420e+00 GHz (total elapsed time = 1.95e+01 s)

 Sol. ||E|| = 1.634759e+01
 Field energy E (9.718e-10 J) + H (9.853e-10 J) = 1.957e-09 J
 S[1][1] = +9.769e-01+2.057e-01i, |S[1][1]| = -1.474e-02, arg(S[1][1]) = +1.189e+01

It 68/1001: ω/2π = 2.420e+00 GHz (total elapsed time = 1.96e+01 s)

 Sol. ||E|| = 1.636932e+01
 Field energy E (9.761e-10 J) + H (9.896e-10 J) = 1.966e-09 J
 S[1][1] = +9.769e-01+2.055e-01i, |S[1][1]| = -1.479e-02, arg(S[1][1]) = +1.188e+01

It 69/1001: ω/2π = 2.420e+00 GHz (total elapsed time = 1.97e+01 s)

 Sol. ||E|| = 1.639116e+01
 Field energy E (9.805e-10 J) + H (9.940e-10 J) = 1.974e-09 J
 S[1][1] = +9.770e-01+2.052e-01i, |S[1][1]| = -1.485e-02, arg(S[1][1]) = +1.186e+01

It 70/1001: ω/2π = 2.420e+00 GHz (total elapsed time = 1.98e+01 s)

 Sol. ||E|| = 1.641312e+01
 Field energy E (9.849e-10 J) + H (9.983e-10 J) = 1.983e-09 J
 S[1][1] = +9.770e-01+2.050e-01i, |S[1][1]| = -1.490e-02, arg(S[1][1]) = +1.185e+01

It 71/1001: ω/2π = 2.420e+00 GHz (total elapsed time = 1.98e+01 s)

 Sol. ||E|| = 1.643521e+01
 Field energy E (9.893e-10 J) + H (1.003e-09 J) = 1.992e-09 J
 S[1][1] = +9.771e-01+2.047e-01i, |S[1][1]| = -1.496e-02, arg(S[1][1]) = +1.183e+01

It 72/1001: ω/2π = 2.420e+00 GHz (total elapsed time = 1.99e+01 s)

 Sol. ||E|| = 1.645742e+01
 Field energy E (9.938e-10 J) + H (1.007e-09 J) = 2.001e-09 J
 S[1][1] = +9.771e-01+2.045e-01i, |S[1][1]| = -1.502e-02, arg(S[1][1]) = +1.182e+01

It 73/1001: ω/2π = 2.420e+00 GHz (total elapsed time = 2.00e+01 s)

 Sol. ||E|| = 1.647976e+01
 Field energy E (9.982e-10 J) + H (1.012e-09 J) = 2.010e-09 J
 S[1][1] = +9.771e-01+2.042e-01i, |S[1][1]| = -1.508e-02, arg(S[1][1]) = +1.181e+01

It 74/1001: ω/2π = 2.420e+00 GHz (total elapsed time = 2.01e+01 s)

 Sol. ||E|| = 1.650222e+01
 Field energy E (1.003e-09 J) + H (1.016e-09 J) = 2.019e-09 J
 S[1][1] = +9.772e-01+2.040e-01i, |S[1][1]| = -1.513e-02, arg(S[1][1]) = +1.179e+01

It 75/1001: ω/2π = 2.420e+00 GHz (total elapsed time = 2.02e+01 s)

 Sol. ||E|| = 1.652480e+01
 Field energy E (1.007e-09 J) + H (1.021e-09 J) = 2.028e-09 J
 S[1][1] = +9.772e-01+2.037e-01i, |S[1][1]| = -1.519e-02, arg(S[1][1]) = +1.178e+01

It 76/1001: ω/2π = 2.420e+00 GHz (total elapsed time = 2.03e+01 s)

 Sol. ||E|| = 1.654752e+01
 Field energy E (1.012e-09 J) + H (1.025e-09 J) = 2.037e-09 J
 S[1][1] = +9.773e-01+2.035e-01i, |S[1][1]| = -1.525e-02, arg(S[1][1]) = +1.176e+01

It 77/1001: ω/2π = 2.420e+00 GHz (total elapsed time = 2.04e+01 s)

 Sol. ||E|| = 1.657036e+01
 Field energy E (1.017e-09 J) + H (1.030e-09 J) = 2.046e-09 J
 S[1][1] = +9.773e-01+2.032e-01i, |S[1][1]| = -1.531e-02, arg(S[1][1]) = +1.175e+01

It 78/1001: ω/2π = 2.420e+00 GHz (total elapsed time = 2.04e+01 s)

 Sol. ||E|| = 1.659333e+01
 Field energy E (1.021e-09 J) + H (1.034e-09 J) = 2.056e-09 J
 S[1][1] = +9.774e-01+2.030e-01i, |S[1][1]| = -1.537e-02, arg(S[1][1]) = +1.173e+01

It 79/1001: ω/2π = 2.420e+00 GHz (total elapsed time = 2.05e+01 s)

 Sol. ||E|| = 1.661644e+01
 Field energy E (1.026e-09 J) + H (1.039e-09 J) = 2.065e-09 J
 S[1][1] = +9.774e-01+2.027e-01i, |S[1][1]| = -1.543e-02, arg(S[1][1]) = +1.172e+01

It 80/1001: ω/2π = 2.420e+00 GHz (total elapsed time = 2.06e+01 s)

 Sol. ||E|| = 1.663967e+01
 Field energy E (1.031e-09 J) + H (1.044e-09 J) = 2.074e-09 J
 S[1][1] = +9.775e-01+2.025e-01i, |S[1][1]| = -1.549e-02, arg(S[1][1]) = +1.170e+01

It 81/1001: ω/2π = 2.421e+00 GHz (total elapsed time = 2.07e+01 s)

 Sol. ||E|| = 1.666304e+01
 Field energy E (1.035e-09 J) + H (1.049e-09 J) = 2.084e-09 J
 S[1][1] = +9.775e-01+2.022e-01i, |S[1][1]| = -1.555e-02, arg(S[1][1]) = +1.169e+01

It 82/1001: ω/2π = 2.421e+00 GHz (total elapsed time = 2.08e+01 s)

 Sol. ||E|| = 1.668654e+01
 Field energy E (1.040e-09 J) + H (1.053e-09 J) = 2.093e-09 J
 S[1][1] = +9.776e-01+2.020e-01i, |S[1][1]| = -1.561e-02, arg(S[1][1]) = +1.167e+01

It 83/1001: ω/2π = 2.421e+00 GHz (total elapsed time = 2.09e+01 s)

 Sol. ||E|| = 1.671017e+01
 Field energy E (1.045e-09 J) + H (1.058e-09 J) = 2.103e-09 J
 S[1][1] = +9.776e-01+2.017e-01i, |S[1][1]| = -1.568e-02, arg(S[1][1]) = +1.166e+01

It 84/1001: ω/2π = 2.421e+00 GHz (total elapsed time = 2.10e+01 s)

 Sol. ||E|| = 1.673394e+01
 Field energy E (1.050e-09 J) + H (1.063e-09 J) = 2.113e-09 J
 S[1][1] = +9.777e-01+2.014e-01i, |S[1][1]| = -1.574e-02, arg(S[1][1]) = +1.164e+01

It 85/1001: ω/2π = 2.421e+00 GHz (total elapsed time = 2.10e+01 s)

 Sol. ||E|| = 1.675784e+01
 Field energy E (1.055e-09 J) + H (1.068e-09 J) = 2.122e-09 J
 S[1][1] = +9.777e-01+2.012e-01i, |S[1][1]| = -1.580e-02, arg(S[1][1]) = +1.163e+01

It 86/1001: ω/2π = 2.421e+00 GHz (total elapsed time = 2.11e+01 s)

 Sol. ||E|| = 1.678189e+01
 Field energy E (1.060e-09 J) + H (1.073e-09 J) = 2.132e-09 J
 S[1][1] = +9.777e-01+2.009e-01i, |S[1][1]| = -1.586e-02, arg(S[1][1]) = +1.161e+01

It 87/1001: ω/2π = 2.421e+00 GHz (total elapsed time = 2.12e+01 s)

 Sol. ||E|| = 1.680607e+01
 Field energy E (1.064e-09 J) + H (1.078e-09 J) = 2.142e-09 J
 S[1][1] = +9.778e-01+2.007e-01i, |S[1][1]| = -1.593e-02, arg(S[1][1]) = +1.160e+01

It 88/1001: ω/2π = 2.421e+00 GHz (total elapsed time = 2.13e+01 s)

 Sol. ||E|| = 1.683039e+01
 Field energy E (1.069e-09 J) + H (1.083e-09 J) = 2.152e-09 J
 S[1][1] = +9.778e-01+2.004e-01i, |S[1][1]| = -1.599e-02, arg(S[1][1]) = +1.158e+01

It 89/1001: ω/2π = 2.421e+00 GHz (total elapsed time = 2.14e+01 s)

 Sol. ||E|| = 1.685485e+01
 Field energy E (1.075e-09 J) + H (1.088e-09 J) = 2.162e-09 J
 S[1][1] = +9.779e-01+2.001e-01i, |S[1][1]| = -1.606e-02, arg(S[1][1]) = +1.157e+01

It 90/1001: ω/2π = 2.421e+00 GHz (total elapsed time = 2.15e+01 s)

 Sol. ||E|| = 1.687945e+01
 Field energy E (1.080e-09 J) + H (1.093e-09 J) = 2.172e-09 J
 S[1][1] = +9.779e-01+1.999e-01i, |S[1][1]| = -1.612e-02, arg(S[1][1]) = +1.155e+01

It 91/1001: ω/2π = 2.421e+00 GHz (total elapsed time = 2.15e+01 s)

 Sol. ||E|| = 1.690419e+01
 Field energy E (1.085e-09 J) + H (1.098e-09 J) = 2.182e-09 J
 S[1][1] = +9.780e-01+1.996e-01i, |S[1][1]| = -1.619e-02, arg(S[1][1]) = +1.153e+01

It 92/1001: ω/2π = 2.421e+00 GHz (total elapsed time = 2.16e+01 s)

 Sol. ||E|| = 1.692908e+01
 Field energy E (1.090e-09 J) + H (1.103e-09 J) = 2.193e-09 J
 S[1][1] = +9.780e-01+1.993e-01i, |S[1][1]| = -1.625e-02, arg(S[1][1]) = +1.152e+01

It 93/1001: ω/2π = 2.421e+00 GHz (total elapsed time = 2.17e+01 s)

 Sol. ||E|| = 1.695412e+01
 Field energy E (1.095e-09 J) + H (1.108e-09 J) = 2.203e-09 J
 S[1][1] = +9.781e-01+1.990e-01i, |S[1][1]| = -1.632e-02, arg(S[1][1]) = +1.150e+01

It 94/1001: ω/2π = 2.421e+00 GHz (total elapsed time = 2.18e+01 s)

 Sol. ||E|| = 1.697930e+01
 Field energy E (1.100e-09 J) + H (1.113e-09 J) = 2.213e-09 J
 S[1][1] = +9.781e-01+1.988e-01i, |S[1][1]| = -1.639e-02, arg(S[1][1]) = +1.149e+01

It 95/1001: ω/2π = 2.421e+00 GHz (total elapsed time = 2.19e+01 s)

 Sol. ||E|| = 1.700462e+01
 Field energy E (1.105e-09 J) + H (1.118e-09 J) = 2.224e-09 J
 S[1][1] = +9.782e-01+1.985e-01i, |S[1][1]| = -1.646e-02, arg(S[1][1]) = +1.147e+01

It 96/1001: ω/2π = 2.421e+00 GHz (total elapsed time = 2.20e+01 s)

 Sol. ||E|| = 1.703010e+01
 Field energy E (1.111e-09 J) + H (1.124e-09 J) = 2.234e-09 J
 S[1][1] = +9.782e-01+1.982e-01i, |S[1][1]| = -1.652e-02, arg(S[1][1]) = +1.145e+01

It 97/1001: ω/2π = 2.421e+00 GHz (total elapsed time = 2.21e+01 s)

 Sol. ||E|| = 1.705572e+01
 Field energy E (1.116e-09 J) + H (1.129e-09 J) = 2.245e-09 J
 S[1][1] = +9.783e-01+1.979e-01i, |S[1][1]| = -1.659e-02, arg(S[1][1]) = +1.144e+01

It 98/1001: ω/2π = 2.421e+00 GHz (total elapsed time = 2.21e+01 s)

 Sol. ||E|| = 1.708150e+01
 Field energy E (1.121e-09 J) + H (1.134e-09 J) = 2.256e-09 J
 S[1][1] = +9.783e-01+1.977e-01i, |S[1][1]| = -1.666e-02, arg(S[1][1]) = +1.142e+01

It 99/1001: ω/2π = 2.421e+00 GHz (total elapsed time = 2.22e+01 s)

 Sol. ||E|| = 1.710743e+01
 Field energy E (1.127e-09 J) + H (1.140e-09 J) = 2.267e-09 J
 S[1][1] = +9.784e-01+1.974e-01i, |S[1][1]| = -1.673e-02, arg(S[1][1]) = +1.141e+01

It 100/1001: ω/2π = 2.421e+00 GHz (total elapsed time = 2.23e+01 s)

 Sol. ||E|| = 1.713351e+01
 Field energy E (1.132e-09 J) + H (1.145e-09 J) = 2.277e-09 J
 S[1][1] = +9.784e-01+1.971e-01i, |S[1][1]| = -1.680e-02, arg(S[1][1]) = +1.139e+01

It 101/1001: ω/2π = 2.421e+00 GHz (total elapsed time = 2.24e+01 s)

 Sol. ||E|| = 1.715974e+01
 Field energy E (1.138e-09 J) + H (1.151e-09 J) = 2.288e-09 J
 S[1][1] = +9.785e-01+1.968e-01i, |S[1][1]| = -1.687e-02, arg(S[1][1]) = +1.137e+01

It 102/1001: ω/2π = 2.421e+00 GHz (total elapsed time = 2.25e+01 s)

 Sol. ||E|| = 1.718613e+01
 Field energy E (1.143e-09 J) + H (1.156e-09 J) = 2.299e-09 J
 S[1][1] = +9.785e-01+1.965e-01i, |S[1][1]| = -1.694e-02, arg(S[1][1]) = +1.136e+01

It 103/1001: ω/2π = 2.421e+00 GHz (total elapsed time = 2.26e+01 s)

 Sol. ||E|| = 1.721268e+01
 Field energy E (1.149e-09 J) + H (1.162e-09 J) = 2.311e-09 J
 S[1][1] = +9.786e-01+1.962e-01i, |S[1][1]| = -1.701e-02, arg(S[1][1]) = +1.134e+01

It 104/1001: ω/2π = 2.421e+00 GHz (total elapsed time = 2.27e+01 s)

 Sol. ||E|| = 1.723938e+01
 Field energy E (1.154e-09 J) + H (1.167e-09 J) = 2.322e-09 J
 S[1][1] = +9.786e-01+1.960e-01i, |S[1][1]| = -1.709e-02, arg(S[1][1]) = +1.132e+01

It 105/1001: ω/2π = 2.421e+00 GHz (total elapsed time = 2.27e+01 s)

 Sol. ||E|| = 1.726625e+01
 Field energy E (1.160e-09 J) + H (1.173e-09 J) = 2.333e-09 J
 S[1][1] = +9.787e-01+1.957e-01i, |S[1][1]| = -1.716e-02, arg(S[1][1]) = +1.131e+01

It 106/1001: ω/2π = 2.421e+00 GHz (total elapsed time = 2.28e+01 s)

 Sol. ||E|| = 1.729327e+01
 Field energy E (1.166e-09 J) + H (1.179e-09 J) = 2.344e-09 J
 S[1][1] = +9.787e-01+1.954e-01i, |S[1][1]| = -1.723e-02, arg(S[1][1]) = +1.129e+01

It 107/1001: ω/2π = 2.421e+00 GHz (total elapsed time = 2.29e+01 s)

 Sol. ||E|| = 1.732046e+01
 Field energy E (1.172e-09 J) + H (1.184e-09 J) = 2.356e-09 J
 S[1][1] = +9.788e-01+1.951e-01i, |S[1][1]| = -1.731e-02, arg(S[1][1]) = +1.127e+01

It 108/1001: ω/2π = 2.421e+00 GHz (total elapsed time = 2.30e+01 s)

 Sol. ||E|| = 1.734781e+01
 Field energy E (1.177e-09 J) + H (1.190e-09 J) = 2.367e-09 J
 S[1][1] = +9.788e-01+1.948e-01i, |S[1][1]| = -1.738e-02, arg(S[1][1]) = +1.126e+01

It 109/1001: ω/2π = 2.421e+00 GHz (total elapsed time = 2.31e+01 s)

 Sol. ||E|| = 1.737532e+01
 Field energy E (1.183e-09 J) + H (1.196e-09 J) = 2.379e-09 J
 S[1][1] = +9.789e-01+1.945e-01i, |S[1][1]| = -1.746e-02, arg(S[1][1]) = +1.124e+01

It 110/1001: ω/2π = 2.421e+00 GHz (total elapsed time = 2.32e+01 s)

 Sol. ||E|| = 1.740300e+01
 Field energy E (1.189e-09 J) + H (1.202e-09 J) = 2.391e-09 J
 S[1][1] = +9.789e-01+1.942e-01i, |S[1][1]| = -1.753e-02, arg(S[1][1]) = +1.122e+01

It 111/1001: ω/2π = 2.421e+00 GHz (total elapsed time = 2.33e+01 s)

 Sol. ||E|| = 1.743085e+01
 Field energy E (1.195e-09 J) + H (1.208e-09 J) = 2.403e-09 J
 S[1][1] = +9.790e-01+1.939e-01i, |S[1][1]| = -1.761e-02, arg(S[1][1]) = +1.120e+01

It 112/1001: ω/2π = 2.421e+00 GHz (total elapsed time = 2.33e+01 s)

 Sol. ||E|| = 1.745886e+01
 Field energy E (1.201e-09 J) + H (1.214e-09 J) = 2.415e-09 J
 S[1][1] = +9.790e-01+1.936e-01i, |S[1][1]| = -1.769e-02, arg(S[1][1]) = +1.119e+01

It 113/1001: ω/2π = 2.421e+00 GHz (total elapsed time = 2.34e+01 s)

 Sol. ||E|| = 1.748705e+01
 Field energy E (1.207e-09 J) + H (1.220e-09 J) = 2.426e-09 J
 S[1][1] = +9.791e-01+1.933e-01i, |S[1][1]| = -1.776e-02, arg(S[1][1]) = +1.117e+01

It 114/1001: ω/2π = 2.421e+00 GHz (total elapsed time = 2.35e+01 s)

 Sol. ||E|| = 1.751540e+01
 Field energy E (1.213e-09 J) + H (1.226e-09 J) = 2.439e-09 J
 S[1][1] = +9.791e-01+1.930e-01i, |S[1][1]| = -1.784e-02, arg(S[1][1]) = +1.115e+01

It 115/1001: ω/2π = 2.421e+00 GHz (total elapsed time = 2.36e+01 s)

 Sol. ||E|| = 1.754393e+01
 Field energy E (1.219e-09 J) + H (1.232e-09 J) = 2.451e-09 J
 S[1][1] = +9.792e-01+1.927e-01i, |S[1][1]| = -1.792e-02, arg(S[1][1]) = +1.113e+01

It 116/1001: ω/2π = 2.421e+00 GHz (total elapsed time = 2.37e+01 s)

 Sol. ||E|| = 1.757263e+01
 Field energy E (1.225e-09 J) + H (1.238e-09 J) = 2.463e-09 J
 S[1][1] = +9.792e-01+1.924e-01i, |S[1][1]| = -1.800e-02, arg(S[1][1]) = +1.112e+01

It 117/1001: ω/2π = 2.421e+00 GHz (total elapsed time = 2.38e+01 s)

 Sol. ||E|| = 1.760151e+01
 Field energy E (1.231e-09 J) + H (1.244e-09 J) = 2.475e-09 J
 S[1][1] = +9.793e-01+1.921e-01i, |S[1][1]| = -1.808e-02, arg(S[1][1]) = +1.110e+01

It 118/1001: ω/2π = 2.421e+00 GHz (total elapsed time = 2.39e+01 s)

 Sol. ||E|| = 1.763056e+01
 Field energy E (1.238e-09 J) + H (1.250e-09 J) = 2.488e-09 J
 S[1][1] = +9.793e-01+1.918e-01i, |S[1][1]| = -1.816e-02, arg(S[1][1]) = +1.108e+01

It 119/1001: ω/2π = 2.421e+00 GHz (total elapsed time = 2.40e+01 s)

 Sol. ||E|| = 1.765979e+01
 Field energy E (1.244e-09 J) + H (1.256e-09 J) = 2.500e-09 J
 S[1][1] = +9.794e-01+1.915e-01i, |S[1][1]| = -1.824e-02, arg(S[1][1]) = +1.106e+01

It 120/1001: ω/2π = 2.421e+00 GHz (total elapsed time = 2.40e+01 s)

 Sol. ||E|| = 1.768920e+01
 Field energy E (1.250e-09 J) + H (1.263e-09 J) = 2.513e-09 J
 S[1][1] = +9.794e-01+1.912e-01i, |S[1][1]| = -1.832e-02, arg(S[1][1]) = +1.104e+01

It 121/1001: ω/2π = 2.421e+00 GHz (total elapsed time = 2.41e+01 s)

 Sol. ||E|| = 1.771880e+01
 Field energy E (1.257e-09 J) + H (1.269e-09 J) = 2.526e-09 J
 S[1][1] = +9.795e-01+1.909e-01i, |S[1][1]| = -1.841e-02, arg(S[1][1]) = +1.103e+01

It 122/1001: ω/2π = 2.421e+00 GHz (total elapsed time = 2.42e+01 s)

 Sol. ||E|| = 1.774857e+01
 Field energy E (1.263e-09 J) + H (1.276e-09 J) = 2.539e-09 J
 S[1][1] = +9.795e-01+1.905e-01i, |S[1][1]| = -1.849e-02, arg(S[1][1]) = +1.101e+01

It 123/1001: ω/2π = 2.421e+00 GHz (total elapsed time = 2.43e+01 s)

 Sol. ||E|| = 1.777853e+01
 Field energy E (1.270e-09 J) + H (1.282e-09 J) = 2.552e-09 J
 S[1][1] = +9.796e-01+1.902e-01i, |S[1][1]| = -1.857e-02, arg(S[1][1]) = +1.099e+01

It 124/1001: ω/2π = 2.421e+00 GHz (total elapsed time = 2.44e+01 s)

 Sol. ||E|| = 1.780867e+01
 Field energy E (1.276e-09 J) + H (1.289e-09 J) = 2.565e-09 J
 S[1][1] = +9.796e-01+1.899e-01i, |S[1][1]| = -1.866e-02, arg(S[1][1]) = +1.097e+01

It 125/1001: ω/2π = 2.421e+00 GHz (total elapsed time = 2.45e+01 s)

 Sol. ||E|| = 1.783901e+01
 Field energy E (1.283e-09 J) + H (1.295e-09 J) = 2.578e-09 J
 S[1][1] = +9.797e-01+1.896e-01i, |S[1][1]| = -1.874e-02, arg(S[1][1]) = +1.095e+01

It 126/1001: ω/2π = 2.421e+00 GHz (total elapsed time = 2.46e+01 s)

 Sol. ||E|| = 1.786953e+01
 Field energy E (1.289e-09 J) + H (1.302e-09 J) = 2.591e-09 J
 S[1][1] = +9.797e-01+1.893e-01i, |S[1][1]| = -1.883e-02, arg(S[1][1]) = +1.093e+01

It 127/1001: ω/2π = 2.421e+00 GHz (total elapsed time = 2.46e+01 s)

 Sol. ||E|| = 1.790024e+01
 Field energy E (1.296e-09 J) + H (1.308e-09 J) = 2.605e-09 J
 S[1][1] = +9.798e-01+1.889e-01i, |S[1][1]| = -1.891e-02, arg(S[1][1]) = +1.092e+01

It 128/1001: ω/2π = 2.421e+00 GHz (total elapsed time = 2.47e+01 s)

 Sol. ||E|| = 1.793114e+01
 Field energy E (1.303e-09 J) + H (1.315e-09 J) = 2.618e-09 J
 S[1][1] = +9.798e-01+1.886e-01i, |S[1][1]| = -1.900e-02, arg(S[1][1]) = +1.090e+01

It 129/1001: ω/2π = 2.421e+00 GHz (total elapsed time = 2.48e+01 s)

 Sol. ||E|| = 1.796224e+01
 Field energy E (1.310e-09 J) + H (1.322e-09 J) = 2.632e-09 J
 S[1][1] = +9.799e-01+1.883e-01i, |S[1][1]| = -1.909e-02, arg(S[1][1]) = +1.088e+01

It 130/1001: ω/2π = 2.421e+00 GHz (total elapsed time = 2.49e+01 s)

 Sol. ||E|| = 1.799353e+01
 Field energy E (1.316e-09 J) + H (1.329e-09 J) = 2.645e-09 J
 S[1][1] = +9.799e-01+1.880e-01i, |S[1][1]| = -1.918e-02, arg(S[1][1]) = +1.086e+01

It 131/1001: ω/2π = 2.422e+00 GHz (total elapsed time = 2.50e+01 s)

 Sol. ||E|| = 1.802502e+01
 Field energy E (1.323e-09 J) + H (1.336e-09 J) = 2.659e-09 J
 S[1][1] = +9.800e-01+1.876e-01i, |S[1][1]| = -1.927e-02, arg(S[1][1]) = +1.084e+01

It 132/1001: ω/2π = 2.422e+00 GHz (total elapsed time = 2.51e+01 s)

 Sol. ||E|| = 1.805670e+01
 Field energy E (1.330e-09 J) + H (1.343e-09 J) = 2.673e-09 J
 S[1][1] = +9.800e-01+1.873e-01i, |S[1][1]| = -1.936e-02, arg(S[1][1]) = +1.082e+01

It 133/1001: ω/2π = 2.422e+00 GHz (total elapsed time = 2.52e+01 s)

 Sol. ||E|| = 1.808859e+01
 Field energy E (1.337e-09 J) + H (1.350e-09 J) = 2.687e-09 J
 S[1][1] = +9.801e-01+1.870e-01i, |S[1][1]| = -1.945e-02, arg(S[1][1]) = +1.080e+01

It 134/1001: ω/2π = 2.422e+00 GHz (total elapsed time = 2.52e+01 s)

 Sol. ||E|| = 1.812068e+01
 Field energy E (1.344e-09 J) + H (1.357e-09 J) = 2.701e-09 J
 S[1][1] = +9.801e-01+1.866e-01i, |S[1][1]| = -1.954e-02, arg(S[1][1]) = +1.078e+01

It 135/1001: ω/2π = 2.422e+00 GHz (total elapsed time = 2.53e+01 s)

 Sol. ||E|| = 1.815297e+01
 Field energy E (1.352e-09 J) + H (1.364e-09 J) = 2.715e-09 J
 S[1][1] = +9.802e-01+1.863e-01i, |S[1][1]| = -1.963e-02, arg(S[1][1]) = +1.076e+01

It 136/1001: ω/2π = 2.422e+00 GHz (total elapsed time = 2.54e+01 s)

 Sol. ||E|| = 1.818547e+01
 Field energy E (1.359e-09 J) + H (1.371e-09 J) = 2.730e-09 J
 S[1][1] = +9.802e-01+1.860e-01i, |S[1][1]| = -1.973e-02, arg(S[1][1]) = +1.074e+01

It 137/1001: ω/2π = 2.422e+00 GHz (total elapsed time = 2.55e+01 s)

 Sol. ||E|| = 1.821817e+01
 Field energy E (1.366e-09 J) + H (1.378e-09 J) = 2.744e-09 J
 S[1][1] = +9.803e-01+1.856e-01i, |S[1][1]| = -1.982e-02, arg(S[1][1]) = +1.072e+01

It 138/1001: ω/2π = 2.422e+00 GHz (total elapsed time = 2.56e+01 s)

 Sol. ||E|| = 1.825108e+01
 Field energy E (1.373e-09 J) + H (1.386e-09 J) = 2.759e-09 J
 S[1][1] = +9.804e-01+1.853e-01i, |S[1][1]| = -1.991e-02, arg(S[1][1]) = +1.070e+01

It 139/1001: ω/2π = 2.422e+00 GHz (total elapsed time = 2.57e+01 s)

 Sol. ||E|| = 1.828421e+01
 Field energy E (1.381e-09 J) + H (1.393e-09 J) = 2.774e-09 J
 S[1][1] = +9.804e-01+1.849e-01i, |S[1][1]| = -2.001e-02, arg(S[1][1]) = +1.068e+01

It 140/1001: ω/2π = 2.422e+00 GHz (total elapsed time = 2.57e+01 s)

 Sol. ||E|| = 1.831754e+01
 Field energy E (1.388e-09 J) + H (1.400e-09 J) = 2.788e-09 J
 S[1][1] = +9.805e-01+1.846e-01i, |S[1][1]| = -2.011e-02, arg(S[1][1]) = +1.066e+01

It 141/1001: ω/2π = 2.422e+00 GHz (total elapsed time = 2.58e+01 s)

 Sol. ||E|| = 1.835109e+01
 Field energy E (1.396e-09 J) + H (1.408e-09 J) = 2.803e-09 J
 S[1][1] = +9.805e-01+1.843e-01i, |S[1][1]| = -2.020e-02, arg(S[1][1]) = +1.064e+01

It 142/1001: ω/2π = 2.422e+00 GHz (total elapsed time = 2.59e+01 s)

 Sol. ||E|| = 1.838486e+01
 Field energy E (1.403e-09 J) + H (1.415e-09 J) = 2.819e-09 J
 S[1][1] = +9.806e-01+1.839e-01i, |S[1][1]| = -2.030e-02, arg(S[1][1]) = +1.062e+01

It 143/1001: ω/2π = 2.422e+00 GHz (total elapsed time = 2.60e+01 s)

 Sol. ||E|| = 1.841884e+01
 Field energy E (1.411e-09 J) + H (1.423e-09 J) = 2.834e-09 J
 S[1][1] = +9.806e-01+1.836e-01i, |S[1][1]| = -2.040e-02, arg(S[1][1]) = +1.060e+01

It 144/1001: ω/2π = 2.422e+00 GHz (total elapsed time = 2.61e+01 s)

 Sol. ||E|| = 1.845305e+01
 Field energy E (1.419e-09 J) + H (1.431e-09 J) = 2.849e-09 J
 S[1][1] = +9.807e-01+1.832e-01i, |S[1][1]| = -2.050e-02, arg(S[1][1]) = +1.058e+01

It 145/1001: ω/2π = 2.422e+00 GHz (total elapsed time = 2.62e+01 s)

 Sol. ||E|| = 1.848747e+01
 Field energy E (1.426e-09 J) + H (1.438e-09 J) = 2.865e-09 J
 S[1][1] = +9.807e-01+1.828e-01i, |S[1][1]| = -2.060e-02, arg(S[1][1]) = +1.056e+01

It 146/1001: ω/2π = 2.422e+00 GHz (total elapsed time = 2.63e+01 s)

 Sol. ||E|| = 1.852212e+01
 Field energy E (1.434e-09 J) + H (1.446e-09 J) = 2.880e-09 J
 S[1][1] = +9.808e-01+1.825e-01i, |S[1][1]| = -2.070e-02, arg(S[1][1]) = +1.054e+01

It 147/1001: ω/2π = 2.422e+00 GHz (total elapsed time = 2.64e+01 s)

 Sol. ||E|| = 1.855700e+01
 Field energy E (1.442e-09 J) + H (1.454e-09 J) = 2.896e-09 J
 S[1][1] = +9.808e-01+1.821e-01i, |S[1][1]| = -2.080e-02, arg(S[1][1]) = +1.052e+01

It 148/1001: ω/2π = 2.422e+00 GHz (total elapsed time = 2.64e+01 s)

 Sol. ||E|| = 1.859210e+01
 Field energy E (1.450e-09 J) + H (1.462e-09 J) = 2.912e-09 J
 S[1][1] = +9.809e-01+1.818e-01i, |S[1][1]| = -2.091e-02, arg(S[1][1]) = +1.050e+01

It 149/1001: ω/2π = 2.422e+00 GHz (total elapsed time = 2.65e+01 s)

 Sol. ||E|| = 1.862743e+01
 Field energy E (1.458e-09 J) + H (1.470e-09 J) = 2.928e-09 J
 S[1][1] = +9.810e-01+1.814e-01i, |S[1][1]| = -2.101e-02, arg(S[1][1]) = +1.048e+01

It 150/1001: ω/2π = 2.422e+00 GHz (total elapsed time = 2.66e+01 s)

 Sol. ||E|| = 1.866300e+01
 Field energy E (1.466e-09 J) + H (1.478e-09 J) = 2.944e-09 J
 S[1][1] = +9.810e-01+1.810e-01i, |S[1][1]| = -2.111e-02, arg(S[1][1]) = +1.046e+01

It 151/1001: ω/2π = 2.422e+00 GHz (total elapsed time = 2.67e+01 s)

 Sol. ||E|| = 1.869879e+01
 Field energy E (1.474e-09 J) + H (1.486e-09 J) = 2.960e-09 J
 S[1][1] = +9.811e-01+1.807e-01i, |S[1][1]| = -2.122e-02, arg(S[1][1]) = +1.043e+01

It 152/1001: ω/2π = 2.422e+00 GHz (total elapsed time = 2.68e+01 s)

 Sol. ||E|| = 1.873483e+01
 Field energy E (1.482e-09 J) + H (1.494e-09 J) = 2.977e-09 J
 S[1][1] = +9.811e-01+1.803e-01i, |S[1][1]| = -2.133e-02, arg(S[1][1]) = +1.041e+01

It 153/1001: ω/2π = 2.422e+00 GHz (total elapsed time = 2.69e+01 s)

 Sol. ||E|| = 1.877110e+01
 Field energy E (1.491e-09 J) + H (1.503e-09 J) = 2.993e-09 J
 S[1][1] = +9.812e-01+1.799e-01i, |S[1][1]| = -2.143e-02, arg(S[1][1]) = +1.039e+01

It 154/1001: ω/2π = 2.422e+00 GHz (total elapsed time = 2.70e+01 s)

 Sol. ||E|| = 1.880761e+01
 Field energy E (1.499e-09 J) + H (1.511e-09 J) = 3.010e-09 J
 S[1][1] = +9.812e-01+1.796e-01i, |S[1][1]| = -2.154e-02, arg(S[1][1]) = +1.037e+01

It 155/1001: ω/2π = 2.422e+00 GHz (total elapsed time = 2.70e+01 s)

 Sol. ||E|| = 1.884436e+01
 Field energy E (1.508e-09 J) + H (1.519e-09 J) = 3.027e-09 J
 S[1][1] = +9.813e-01+1.792e-01i, |S[1][1]| = -2.165e-02, arg(S[1][1]) = +1.035e+01

It 156/1001: ω/2π = 2.422e+00 GHz (total elapsed time = 2.71e+01 s)

 Sol. ||E|| = 1.888136e+01
 Field energy E (1.516e-09 J) + H (1.528e-09 J) = 3.044e-09 J
 S[1][1] = +9.813e-01+1.788e-01i, |S[1][1]| = -2.176e-02, arg(S[1][1]) = +1.033e+01

It 157/1001: ω/2π = 2.422e+00 GHz (total elapsed time = 2.72e+01 s)

 Sol. ||E|| = 1.891860e+01
 Field energy E (1.525e-09 J) + H (1.536e-09 J) = 3.061e-09 J
 S[1][1] = +9.814e-01+1.784e-01i, |S[1][1]| = -2.187e-02, arg(S[1][1]) = +1.030e+01

It 158/1001: ω/2π = 2.422e+00 GHz (total elapsed time = 2.73e+01 s)

 Sol. ||E|| = 1.895609e+01
 Field energy E (1.533e-09 J) + H (1.545e-09 J) = 3.078e-09 J
 S[1][1] = +9.815e-01+1.780e-01i, |S[1][1]| = -2.199e-02, arg(S[1][1]) = +1.028e+01

It 159/1001: ω/2π = 2.422e+00 GHz (total elapsed time = 2.74e+01 s)

 Sol. ||E|| = 1.899384e+01
 Field energy E (1.542e-09 J) + H (1.554e-09 J) = 3.096e-09 J
 S[1][1] = +9.815e-01+1.777e-01i, |S[1][1]| = -2.210e-02, arg(S[1][1]) = +1.026e+01

It 160/1001: ω/2π = 2.422e+00 GHz (total elapsed time = 2.75e+01 s)

 Sol. ||E|| = 1.903183e+01
 Field energy E (1.551e-09 J) + H (1.562e-09 J) = 3.113e-09 J
 S[1][1] = +9.816e-01+1.773e-01i, |S[1][1]| = -2.221e-02, arg(S[1][1]) = +1.024e+01

It 161/1001: ω/2π = 2.422e+00 GHz (total elapsed time = 2.75e+01 s)

 Sol. ||E|| = 1.907008e+01
 Field energy E (1.560e-09 J) + H (1.571e-09 J) = 3.131e-09 J
 S[1][1] = +9.816e-01+1.769e-01i, |S[1][1]| = -2.233e-02, arg(S[1][1]) = +1.022e+01

It 162/1001: ω/2π = 2.422e+00 GHz (total elapsed time = 2.76e+01 s)

 Sol. ||E|| = 1.910859e+01
 Field energy E (1.569e-09 J) + H (1.580e-09 J) = 3.149e-09 J
 S[1][1] = +9.817e-01+1.765e-01i, |S[1][1]| = -2.244e-02, arg(S[1][1]) = +1.019e+01

It 163/1001: ω/2π = 2.422e+00 GHz (total elapsed time = 2.77e+01 s)

 Sol. ||E|| = 1.914736e+01
 Field energy E (1.578e-09 J) + H (1.589e-09 J) = 3.167e-09 J
 S[1][1] = +9.817e-01+1.761e-01i, |S[1][1]| = -2.256e-02, arg(S[1][1]) = +1.017e+01

It 164/1001: ω/2π = 2.422e+00 GHz (total elapsed time = 2.78e+01 s)

 Sol. ||E|| = 1.918639e+01
 Field energy E (1.587e-09 J) + H (1.598e-09 J) = 3.185e-09 J
 S[1][1] = +9.818e-01+1.757e-01i, |S[1][1]| = -2.268e-02, arg(S[1][1]) = +1.015e+01

It 165/1001: ω/2π = 2.422e+00 GHz (total elapsed time = 2.79e+01 s)

 Sol. ||E|| = 1.922569e+01
 Field energy E (1.596e-09 J) + H (1.607e-09 J) = 3.203e-09 J
 S[1][1] = +9.818e-01+1.753e-01i, |S[1][1]| = -2.280e-02, arg(S[1][1]) = +1.012e+01

It 166/1001: ω/2π = 2.422e+00 GHz (total elapsed time = 2.80e+01 s)

 Sol. ||E|| = 1.926525e+01
 Field energy E (1.605e-09 J) + H (1.617e-09 J) = 3.222e-09 J
 S[1][1] = +9.819e-01+1.749e-01i, |S[1][1]| = -2.292e-02, arg(S[1][1]) = +1.010e+01

It 167/1001: ω/2π = 2.422e+00 GHz (total elapsed time = 2.81e+01 s)

 Sol. ||E|| = 1.930509e+01
 Field energy E (1.615e-09 J) + H (1.626e-09 J) = 3.241e-09 J
 S[1][1] = +9.820e-01+1.745e-01i, |S[1][1]| = -2.304e-02, arg(S[1][1]) = +1.008e+01

It 168/1001: ω/2π = 2.422e+00 GHz (total elapsed time = 2.83e+01 s)

 Sol. ||E|| = 1.934519e+01
 Field energy E (1.624e-09 J) + H (1.635e-09 J) = 3.260e-09 J
 S[1][1] = +9.820e-01+1.741e-01i, |S[1][1]| = -2.316e-02, arg(S[1][1]) = +1.005e+01

It 169/1001: ω/2π = 2.422e+00 GHz (total elapsed time = 2.84e+01 s)

 Sol. ||E|| = 1.938557e+01
 Field energy E (1.634e-09 J) + H (1.645e-09 J) = 3.279e-09 J
 S[1][1] = +9.821e-01+1.737e-01i, |S[1][1]| = -2.329e-02, arg(S[1][1]) = +1.003e+01

It 170/1001: ω/2π = 2.422e+00 GHz (total elapsed time = 2.85e+01 s)

 Sol. ||E|| = 1.942623e+01
 Field energy E (1.643e-09 J) + H (1.655e-09 J) = 3.298e-09 J
 S[1][1] = +9.821e-01+1.733e-01i, |S[1][1]| = -2.341e-02, arg(S[1][1]) = +1.001e+01

It 171/1001: ω/2π = 2.422e+00 GHz (total elapsed time = 2.86e+01 s)

 Sol. ||E|| = 1.946717e+01
 Field energy E (1.653e-09 J) + H (1.664e-09 J) = 3.317e-09 J
 S[1][1] = +9.822e-01+1.729e-01i, |S[1][1]| = -2.354e-02, arg(S[1][1]) = +9.983e+00

It 172/1001: ω/2π = 2.422e+00 GHz (total elapsed time = 2.87e+01 s)

 Sol. ||E|| = 1.950839e+01
 Field energy E (1.663e-09 J) + H (1.674e-09 J) = 3.337e-09 J
 S[1][1] = +9.823e-01+1.725e-01i, |S[1][1]| = -2.366e-02, arg(S[1][1]) = +9.959e+00

It 173/1001: ω/2π = 2.422e+00 GHz (total elapsed time = 2.88e+01 s)

 Sol. ||E|| = 1.954990e+01
 Field energy E (1.673e-09 J) + H (1.684e-09 J) = 3.356e-09 J
 S[1][1] = +9.823e-01+1.721e-01i, |S[1][1]| = -2.379e-02, arg(S[1][1]) = +9.934e+00

It 174/1001: ω/2π = 2.422e+00 GHz (total elapsed time = 2.89e+01 s)

 Sol. ||E|| = 1.959169e+01
 Field energy E (1.683e-09 J) + H (1.694e-09 J) = 3.376e-09 J
 S[1][1] = +9.824e-01+1.716e-01i, |S[1][1]| = -2.392e-02, arg(S[1][1]) = +9.910e+00

It 175/1001: ω/2π = 2.422e+00 GHz (total elapsed time = 2.90e+01 s)

 Sol. ||E|| = 1.963377e+01
 Field energy E (1.693e-09 J) + H (1.704e-09 J) = 3.396e-09 J
 S[1][1] = +9.824e-01+1.712e-01i, |S[1][1]| = -2.405e-02, arg(S[1][1]) = +9.886e+00

It 176/1001: ω/2π = 2.422e+00 GHz (total elapsed time = 2.91e+01 s)

 Sol. ||E|| = 1.967615e+01
 Field energy E (1.703e-09 J) + H (1.714e-09 J) = 3.417e-09 J
 S[1][1] = +9.825e-01+1.708e-01i, |S[1][1]| = -2.418e-02, arg(S[1][1]) = +9.861e+00

It 177/1001: ω/2π = 2.422e+00 GHz (total elapsed time = 2.92e+01 s)

 Sol. ||E|| = 1.971882e+01
 Field energy E (1.713e-09 J) + H (1.724e-09 J) = 3.437e-09 J
 S[1][1] = +9.825e-01+1.704e-01i, |S[1][1]| = -2.432e-02, arg(S[1][1]) = +9.836e+00

It 178/1001: ω/2π = 2.422e+00 GHz (total elapsed time = 2.93e+01 s)

 Sol. ||E|| = 1.976180e+01
 Field energy E (1.723e-09 J) + H (1.734e-09 J) = 3.458e-09 J
 S[1][1] = +9.826e-01+1.699e-01i, |S[1][1]| = -2.445e-02, arg(S[1][1]) = +9.812e+00

It 179/1001: ω/2π = 2.422e+00 GHz (total elapsed time = 2.93e+01 s)

 Sol. ||E|| = 1.980507e+01
 Field energy E (1.734e-09 J) + H (1.745e-09 J) = 3.479e-09 J
 S[1][1] = +9.827e-01+1.695e-01i, |S[1][1]| = -2.459e-02, arg(S[1][1]) = +9.787e+00

It 180/1001: ω/2π = 2.422e+00 GHz (total elapsed time = 2.94e+01 s)

 Sol. ||E|| = 1.984865e+01
 Field energy E (1.744e-09 J) + H (1.755e-09 J) = 3.500e-09 J
 S[1][1] = +9.827e-01+1.691e-01i, |S[1][1]| = -2.472e-02, arg(S[1][1]) = +9.761e+00

It 181/1001: ω/2π = 2.423e+00 GHz (total elapsed time = 2.95e+01 s)

 Sol. ||E|| = 1.989253e+01
 Field energy E (1.755e-09 J) + H (1.766e-09 J) = 3.521e-09 J
 S[1][1] = +9.828e-01+1.686e-01i, |S[1][1]| = -2.486e-02, arg(S[1][1]) = +9.736e+00

It 182/1001: ω/2π = 2.423e+00 GHz (total elapsed time = 2.96e+01 s)

 Sol. ||E|| = 1.993673e+01
 Field energy E (1.766e-09 J) + H (1.777e-09 J) = 3.542e-09 J
 S[1][1] = +9.828e-01+1.682e-01i, |S[1][1]| = -2.500e-02, arg(S[1][1]) = +9.711e+00

It 183/1001: ω/2π = 2.423e+00 GHz (total elapsed time = 2.97e+01 s)

 Sol. ||E|| = 1.998124e+01
 Field energy E (1.776e-09 J) + H (1.787e-09 J) = 3.564e-09 J
 S[1][1] = +9.829e-01+1.677e-01i, |S[1][1]| = -2.514e-02, arg(S[1][1]) = +9.685e+00

It 184/1001: ω/2π = 2.423e+00 GHz (total elapsed time = 2.98e+01 s)

 Sol. ||E|| = 2.002606e+01
 Field energy E (1.787e-09 J) + H (1.798e-09 J) = 3.586e-09 J
 S[1][1] = +9.830e-01+1.673e-01i, |S[1][1]| = -2.528e-02, arg(S[1][1]) = +9.659e+00

It 185/1001: ω/2π = 2.423e+00 GHz (total elapsed time = 2.99e+01 s)

 Sol. ||E|| = 2.007121e+01
 Field energy E (1.798e-09 J) + H (1.809e-09 J) = 3.608e-09 J
 S[1][1] = +9.830e-01+1.669e-01i, |S[1][1]| = -2.543e-02, arg(S[1][1]) = +9.633e+00

It 186/1001: ω/2π = 2.423e+00 GHz (total elapsed time = 2.99e+01 s)

 Sol. ||E|| = 2.011668e+01
 Field energy E (1.810e-09 J) + H (1.820e-09 J) = 3.630e-09 J
 S[1][1] = +9.831e-01+1.664e-01i, |S[1][1]| = -2.557e-02, arg(S[1][1]) = +9.607e+00

It 187/1001: ω/2π = 2.423e+00 GHz (total elapsed time = 3.00e+01 s)

 Sol. ||E|| = 2.016247e+01
 Field energy E (1.821e-09 J) + H (1.832e-09 J) = 3.653e-09 J
 S[1][1] = +9.831e-01+1.659e-01i, |S[1][1]| = -2.572e-02, arg(S[1][1]) = +9.581e+00

It 188/1001: ω/2π = 2.423e+00 GHz (total elapsed time = 3.01e+01 s)

 Sol. ||E|| = 2.020859e+01
 Field energy E (1.832e-09 J) + H (1.843e-09 J) = 3.675e-09 J
 S[1][1] = +9.832e-01+1.655e-01i, |S[1][1]| = -2.587e-02, arg(S[1][1]) = +9.554e+00

It 189/1001: ω/2π = 2.423e+00 GHz (total elapsed time = 3.02e+01 s)

 Sol. ||E|| = 2.025504e+01
 Field energy E (1.844e-09 J) + H (1.854e-09 J) = 3.698e-09 J
 S[1][1] = +9.833e-01+1.650e-01i, |S[1][1]| = -2.602e-02, arg(S[1][1]) = +9.528e+00

It 190/1001: ω/2π = 2.423e+00 GHz (total elapsed time = 3.03e+01 s)

 Sol. ||E|| = 2.030183e+01
 Field energy E (1.855e-09 J) + H (1.866e-09 J) = 3.721e-09 J
 S[1][1] = +9.833e-01+1.646e-01i, |S[1][1]| = -2.617e-02, arg(S[1][1]) = +9.501e+00

It 191/1001: ω/2π = 2.423e+00 GHz (total elapsed time = 3.04e+01 s)

 Sol. ||E|| = 2.034896e+01
 Field energy E (1.867e-09 J) + H (1.878e-09 J) = 3.744e-09 J
 S[1][1] = +9.834e-01+1.641e-01i, |S[1][1]| = -2.632e-02, arg(S[1][1]) = +9.474e+00

It 192/1001: ω/2π = 2.423e+00 GHz (total elapsed time = 3.05e+01 s)

 Sol. ||E|| = 2.039643e+01
 Field energy E (1.879e-09 J) + H (1.889e-09 J) = 3.768e-09 J
 S[1][1] = +9.834e-01+1.636e-01i, |S[1][1]| = -2.647e-02, arg(S[1][1]) = +9.447e+00

It 193/1001: ω/2π = 2.423e+00 GHz (total elapsed time = 3.06e+01 s)

 Sol. ||E|| = 2.044424e+01
 Field energy E (1.891e-09 J) + H (1.901e-09 J) = 3.792e-09 J
 S[1][1] = +9.835e-01+1.632e-01i, |S[1][1]| = -2.663e-02, arg(S[1][1]) = +9.420e+00

It 194/1001: ω/2π = 2.423e+00 GHz (total elapsed time = 3.07e+01 s)

 Sol. ||E|| = 2.049241e+01
 Field energy E (1.903e-09 J) + H (1.913e-09 J) = 3.816e-09 J
 S[1][1] = +9.836e-01+1.627e-01i, |S[1][1]| = -2.678e-02, arg(S[1][1]) = +9.392e+00

It 195/1001: ω/2π = 2.423e+00 GHz (total elapsed time = 3.08e+01 s)

 Sol. ||E|| = 2.054092e+01
 Field energy E (1.915e-09 J) + H (1.925e-09 J) = 3.840e-09 J
 S[1][1] = +9.836e-01+1.622e-01i, |S[1][1]| = -2.694e-02, arg(S[1][1]) = +9.365e+00

It 196/1001: ω/2π = 2.423e+00 GHz (total elapsed time = 3.09e+01 s)

 Sol. ||E|| = 2.058979e+01
 Field energy E (1.927e-09 J) + H (1.938e-09 J) = 3.864e-09 J
 S[1][1] = +9.837e-01+1.617e-01i, |S[1][1]| = -2.710e-02, arg(S[1][1]) = +9.337e+00

It 197/1001: ω/2π = 2.423e+00 GHz (total elapsed time = 3.09e+01 s)

 Sol. ||E|| = 2.063902e+01
 Field energy E (1.939e-09 J) + H (1.950e-09 J) = 3.889e-09 J
 S[1][1] = +9.837e-01+1.612e-01i, |S[1][1]| = -2.726e-02, arg(S[1][1]) = +9.309e+00

It 198/1001: ω/2π = 2.423e+00 GHz (total elapsed time = 3.10e+01 s)

 Sol. ||E|| = 2.068862e+01
 Field energy E (1.952e-09 J) + H (1.962e-09 J) = 3.914e-09 J
 S[1][1] = +9.838e-01+1.608e-01i, |S[1][1]| = -2.742e-02, arg(S[1][1]) = +9.281e+00

It 199/1001: ω/2π = 2.423e+00 GHz (total elapsed time = 3.11e+01 s)

 Sol. ||E|| = 2.073858e+01
 Field energy E (1.964e-09 J) + H (1.975e-09 J) = 3.939e-09 J
 S[1][1] = +9.839e-01+1.603e-01i, |S[1][1]| = -2.759e-02, arg(S[1][1]) = +9.252e+00

It 200/1001: ω/2π = 2.423e+00 GHz (total elapsed time = 3.12e+01 s)

 Sol. ||E|| = 2.078891e+01
 Field energy E (1.977e-09 J) + H (1.988e-09 J) = 3.965e-09 J
 S[1][1] = +9.839e-01+1.598e-01i, |S[1][1]| = -2.775e-02, arg(S[1][1]) = +9.224e+00

It 201/1001: ω/2π = 2.423e+00 GHz (total elapsed time = 3.13e+01 s)

 Sol. ||E|| = 2.083961e+01
 Field energy E (1.990e-09 J) + H (2.000e-09 J) = 3.990e-09 J
 S[1][1] = +9.840e-01+1.593e-01i, |S[1][1]| = -2.792e-02, arg(S[1][1]) = +9.195e+00

It 202/1001: ω/2π = 2.423e+00 GHz (total elapsed time = 3.14e+01 s)

 Sol. ||E|| = 2.089069e+01
 Field energy E (2.003e-09 J) + H (2.013e-09 J) = 4.016e-09 J
 S[1][1] = +9.840e-01+1.588e-01i, |S[1][1]| = -2.809e-02, arg(S[1][1]) = +9.166e+00

It 203/1001: ω/2π = 2.423e+00 GHz (total elapsed time = 3.15e+01 s)

 Sol. ||E|| = 2.094215e+01
 Field energy E (2.016e-09 J) + H (2.026e-09 J) = 4.042e-09 J
 S[1][1] = +9.841e-01+1.583e-01i, |S[1][1]| = -2.826e-02, arg(S[1][1]) = +9.137e+00

It 204/1001: ω/2π = 2.423e+00 GHz (total elapsed time = 3.16e+01 s)

 Sol. ||E|| = 2.099400e+01
 Field energy E (2.029e-09 J) + H (2.040e-09 J) = 4.069e-09 J
 S[1][1] = +9.842e-01+1.578e-01i, |S[1][1]| = -2.843e-02, arg(S[1][1]) = +9.108e+00

It 205/1001: ω/2π = 2.423e+00 GHz (total elapsed time = 3.17e+01 s)

 Sol. ||E|| = 2.104624e+01
 Field energy E (2.043e-09 J) + H (2.053e-09 J) = 4.096e-09 J
 S[1][1] = +9.842e-01+1.573e-01i, |S[1][1]| = -2.861e-02, arg(S[1][1]) = +9.078e+00

It 206/1001: ω/2π = 2.423e+00 GHz (total elapsed time = 3.18e+01 s)

 Sol. ||E|| = 2.109887e+01
 Field energy E (2.056e-09 J) + H (2.066e-09 J) = 4.123e-09 J
 S[1][1] = +9.843e-01+1.568e-01i, |S[1][1]| = -2.878e-02, arg(S[1][1]) = +9.049e+00

It 207/1001: ω/2π = 2.423e+00 GHz (total elapsed time = 3.19e+01 s)

 Sol. ||E|| = 2.115190e+01
 Field energy E (2.070e-09 J) + H (2.080e-09 J) = 4.150e-09 J
 S[1][1] = +9.843e-01+1.562e-01i, |S[1][1]| = -2.896e-02, arg(S[1][1]) = +9.019e+00

It 208/1001: ω/2π = 2.423e+00 GHz (total elapsed time = 3.19e+01 s)

 Sol. ||E|| = 2.120532e+01
 Field energy E (2.084e-09 J) + H (2.094e-09 J) = 4.177e-09 J
 S[1][1] = +9.844e-01+1.557e-01i, |S[1][1]| = -2.914e-02, arg(S[1][1]) = +8.989e+00

It 209/1001: ω/2π = 2.423e+00 GHz (total elapsed time = 3.20e+01 s)

 Sol. ||E|| = 2.125916e+01
 Field energy E (2.098e-09 J) + H (2.108e-09 J) = 4.205e-09 J
 S[1][1] = +9.845e-01+1.552e-01i, |S[1][1]| = -2.932e-02, arg(S[1][1]) = +8.959e+00

It 210/1001: ω/2π = 2.423e+00 GHz (total elapsed time = 3.21e+01 s)

 Sol. ||E|| = 2.131340e+01
 Field energy E (2.112e-09 J) + H (2.122e-09 J) = 4.233e-09 J
 S[1][1] = +9.845e-01+1.547e-01i, |S[1][1]| = -2.951e-02, arg(S[1][1]) = +8.928e+00

It 211/1001: ω/2π = 2.423e+00 GHz (total elapsed time = 3.22e+01 s)

 Sol. ||E|| = 2.136806e+01
 Field energy E (2.126e-09 J) + H (2.136e-09 J) = 4.262e-09 J
 S[1][1] = +9.846e-01+1.541e-01i, |S[1][1]| = -2.969e-02, arg(S[1][1]) = +8.897e+00

It 212/1001: ω/2π = 2.423e+00 GHz (total elapsed time = 3.23e+01 s)

 Sol. ||E|| = 2.142314e+01
 Field energy E (2.140e-09 J) + H (2.150e-09 J) = 4.290e-09 J
 S[1][1] = +9.847e-01+1.536e-01i, |S[1][1]| = -2.988e-02, arg(S[1][1]) = +8.867e+00

It 213/1001: ω/2π = 2.423e+00 GHz (total elapsed time = 3.24e+01 s)

 Sol. ||E|| = 2.147864e+01
 Field energy E (2.155e-09 J) + H (2.165e-09 J) = 4.319e-09 J
 S[1][1] = +9.847e-01+1.531e-01i, |S[1][1]| = -3.007e-02, arg(S[1][1]) = +8.835e+00

It 214/1001: ω/2π = 2.423e+00 GHz (total elapsed time = 3.25e+01 s)

 Sol. ||E|| = 2.153456e+01
 Field energy E (2.169e-09 J) + H (2.179e-09 J) = 4.349e-09 J
 S[1][1] = +9.848e-01+1.525e-01i, |S[1][1]| = -3.026e-02, arg(S[1][1]) = +8.804e+00

It 215/1001: ω/2π = 2.423e+00 GHz (total elapsed time = 3.26e+01 s)

 Sol. ||E|| = 2.159092e+01
 Field energy E (2.184e-09 J) + H (2.194e-09 J) = 4.378e-09 J
 S[1][1] = +9.848e-01+1.520e-01i, |S[1][1]| = -3.045e-02, arg(S[1][1]) = +8.773e+00

It 216/1001: ω/2π = 2.423e+00 GHz (total elapsed time = 3.26e+01 s)

 Sol. ||E|| = 2.164772e+01
 Field energy E (2.199e-09 J) + H (2.209e-09 J) = 4.408e-09 J
 S[1][1] = +9.849e-01+1.514e-01i, |S[1][1]| = -3.065e-02, arg(S[1][1]) = +8.741e+00

It 217/1001: ω/2π = 2.423e+00 GHz (total elapsed time = 3.27e+01 s)

 Sol. ||E|| = 2.170495e+01
 Field energy E (2.214e-09 J) + H (2.224e-09 J) = 4.438e-09 J
 S[1][1] = +9.850e-01+1.509e-01i, |S[1][1]| = -3.084e-02, arg(S[1][1]) = +8.709e+00

It 218/1001: ω/2π = 2.423e+00 GHz (total elapsed time = 3.28e+01 s)

 Sol. ||E|| = 2.176263e+01
 Field energy E (2.229e-09 J) + H (2.239e-09 J) = 4.469e-09 J
 S[1][1] = +9.850e-01+1.503e-01i, |S[1][1]| = -3.104e-02, arg(S[1][1]) = +8.677e+00

It 219/1001: ω/2π = 2.423e+00 GHz (total elapsed time = 3.29e+01 s)

 Sol. ||E|| = 2.182076e+01
 Field energy E (2.245e-09 J) + H (2.255e-09 J) = 4.500e-09 J
 S[1][1] = +9.851e-01+1.498e-01i, |S[1][1]| = -3.124e-02, arg(S[1][1]) = +8.644e+00

It 220/1001: ω/2π = 2.423e+00 GHz (total elapsed time = 3.30e+01 s)

 Sol. ||E|| = 2.187935e+01
 Field energy E (2.261e-09 J) + H (2.270e-09 J) = 4.531e-09 J
 S[1][1] = +9.852e-01+1.492e-01i, |S[1][1]| = -3.145e-02, arg(S[1][1]) = +8.612e+00

It 221/1001: ω/2π = 2.423e+00 GHz (total elapsed time = 3.31e+01 s)

 Sol. ||E|| = 2.193840e+01
 Field energy E (2.276e-09 J) + H (2.286e-09 J) = 4.562e-09 J
 S[1][1] = +9.852e-01+1.486e-01i, |S[1][1]| = -3.165e-02, arg(S[1][1]) = +8.579e+00

It 222/1001: ω/2π = 2.423e+00 GHz (total elapsed time = 3.32e+01 s)

 Sol. ||E|| = 2.199791e+01
 Field energy E (2.292e-09 J) + H (2.302e-09 J) = 4.594e-09 J
 S[1][1] = +9.853e-01+1.481e-01i, |S[1][1]| = -3.186e-02, arg(S[1][1]) = +8.546e+00

It 223/1001: ω/2π = 2.423e+00 GHz (total elapsed time = 3.33e+01 s)

 Sol. ||E|| = 2.205789e+01
 Field energy E (2.308e-09 J) + H (2.318e-09 J) = 4.626e-09 J
 S[1][1] = +9.853e-01+1.475e-01i, |S[1][1]| = -3.207e-02, arg(S[1][1]) = +8.513e+00

It 224/1001: ω/2π = 2.423e+00 GHz (total elapsed time = 3.34e+01 s)

 Sol. ||E|| = 2.211835e+01
 Field energy E (2.325e-09 J) + H (2.334e-09 J) = 4.659e-09 J
 S[1][1] = +9.854e-01+1.469e-01i, |S[1][1]| = -3.228e-02, arg(S[1][1]) = +8.479e+00

It 225/1001: ω/2π = 2.423e+00 GHz (total elapsed time = 3.34e+01 s)

 Sol. ||E|| = 2.217928e+01
 Field energy E (2.341e-09 J) + H (2.351e-09 J) = 4.692e-09 J
 S[1][1] = +9.855e-01+1.463e-01i, |S[1][1]| = -3.250e-02, arg(S[1][1]) = +8.445e+00

It 226/1001: ω/2π = 2.423e+00 GHz (total elapsed time = 3.35e+01 s)

 Sol. ||E|| = 2.224070e+01
 Field energy E (2.358e-09 J) + H (2.367e-09 J) = 4.725e-09 J
 S[1][1] = +9.855e-01+1.457e-01i, |S[1][1]| = -3.272e-02, arg(S[1][1]) = +8.411e+00

It 227/1001: ω/2π = 2.423e+00 GHz (total elapsed time = 3.36e+01 s)

 Sol. ||E|| = 2.230262e+01
 Field energy E (2.374e-09 J) + H (2.384e-09 J) = 4.758e-09 J
 S[1][1] = +9.856e-01+1.451e-01i, |S[1][1]| = -3.294e-02, arg(S[1][1]) = +8.377e+00

It 228/1001: ω/2π = 2.423e+00 GHz (total elapsed time = 3.37e+01 s)

 Sol. ||E|| = 2.236503e+01
 Field energy E (2.391e-09 J) + H (2.401e-09 J) = 4.792e-09 J
 S[1][1] = +9.856e-01+1.445e-01i, |S[1][1]| = -3.316e-02, arg(S[1][1]) = +8.343e+00

It 229/1001: ω/2π = 2.423e+00 GHz (total elapsed time = 3.38e+01 s)

 Sol. ||E|| = 2.242794e+01
 Field energy E (2.409e-09 J) + H (2.418e-09 J) = 4.826e-09 J
 S[1][1] = +9.857e-01+1.439e-01i, |S[1][1]| = -3.338e-02, arg(S[1][1]) = +8.308e+00

It 230/1001: ω/2π = 2.423e+00 GHz (total elapsed time = 3.39e+01 s)

 Sol. ||E|| = 2.249135e+01
 Field energy E (2.426e-09 J) + H (2.435e-09 J) = 4.861e-09 J
 S[1][1] = +9.858e-01+1.433e-01i, |S[1][1]| = -3.361e-02, arg(S[1][1]) = +8.273e+00

It 231/1001: ω/2π = 2.424e+00 GHz (total elapsed time = 3.40e+01 s)

 Sol. ||E|| = 2.255529e+01
 Field energy E (2.443e-09 J) + H (2.453e-09 J) = 4.896e-09 J
 S[1][1] = +9.858e-01+1.427e-01i, |S[1][1]| = -3.384e-02, arg(S[1][1]) = +8.238e+00

It 232/1001: ω/2π = 2.424e+00 GHz (total elapsed time = 3.40e+01 s)

 Sol. ||E|| = 2.261973e+01
 Field energy E (2.461e-09 J) + H (2.470e-09 J) = 4.932e-09 J
 S[1][1] = +9.859e-01+1.421e-01i, |S[1][1]| = -3.407e-02, arg(S[1][1]) = +8.202e+00

It 233/1001: ω/2π = 2.424e+00 GHz (total elapsed time = 3.41e+01 s)

 Sol. ||E|| = 2.268471e+01
 Field energy E (2.479e-09 J) + H (2.488e-09 J) = 4.967e-09 J
 S[1][1] = +9.860e-01+1.415e-01i, |S[1][1]| = -3.430e-02, arg(S[1][1]) = +8.167e+00

It 234/1001: ω/2π = 2.424e+00 GHz (total elapsed time = 3.42e+01 s)

 Sol. ||E|| = 2.275021e+01
 Field energy E (2.497e-09 J) + H (2.506e-09 J) = 5.004e-09 J
 S[1][1] = +9.860e-01+1.409e-01i, |S[1][1]| = -3.454e-02, arg(S[1][1]) = +8.131e+00

It 235/1001: ω/2π = 2.424e+00 GHz (total elapsed time = 3.43e+01 s)

 Sol. ||E|| = 2.281625e+01
 Field energy E (2.516e-09 J) + H (2.525e-09 J) = 5.040e-09 J
 S[1][1] = +9.861e-01+1.402e-01i, |S[1][1]| = -3.478e-02, arg(S[1][1]) = +8.094e+00

It 236/1001: ω/2π = 2.424e+00 GHz (total elapsed time = 3.44e+01 s)

 Sol. ||E|| = 2.288283e+01
 Field energy E (2.534e-09 J) + H (2.543e-09 J) = 5.077e-09 J
 S[1][1] = +9.861e-01+1.396e-01i, |S[1][1]| = -3.502e-02, arg(S[1][1]) = +8.058e+00

It 237/1001: ω/2π = 2.424e+00 GHz (total elapsed time = 3.45e+01 s)

 Sol. ||E|| = 2.294996e+01
 Field energy E (2.553e-09 J) + H (2.562e-09 J) = 5.115e-09 J
 S[1][1] = +9.862e-01+1.390e-01i, |S[1][1]| = -3.527e-02, arg(S[1][1]) = +8.021e+00

It 238/1001: ω/2π = 2.424e+00 GHz (total elapsed time = 3.46e+01 s)

 Sol. ||E|| = 2.301765e+01
 Field energy E (2.572e-09 J) + H (2.581e-09 J) = 5.153e-09 J
 S[1][1] = +9.863e-01+1.383e-01i, |S[1][1]| = -3.552e-02, arg(S[1][1]) = +7.984e+00

It 239/1001: ω/2π = 2.424e+00 GHz (total elapsed time = 3.47e+01 s)

 Sol. ||E|| = 2.308589e+01
 Field energy E (2.591e-09 J) + H (2.600e-09 J) = 5.191e-09 J
 S[1][1] = +9.863e-01+1.377e-01i, |S[1][1]| = -3.577e-02, arg(S[1][1]) = +7.947e+00

It 240/1001: ω/2π = 2.424e+00 GHz (total elapsed time = 3.48e+01 s)

 Sol. ||E|| = 2.315471e+01
 Field energy E (2.610e-09 J) + H (2.619e-09 J) = 5.229e-09 J
 S[1][1] = +9.864e-01+1.370e-01i, |S[1][1]| = -3.602e-02, arg(S[1][1]) = +7.909e+00

It 241/1001: ω/2π = 2.424e+00 GHz (total elapsed time = 3.48e+01 s)

 Sol. ||E|| = 2.322409e+01
 Field energy E (2.630e-09 J) + H (2.639e-09 J) = 5.269e-09 J
 S[1][1] = +9.865e-01+1.364e-01i, |S[1][1]| = -3.628e-02, arg(S[1][1]) = +7.871e+00

It 242/1001: ω/2π = 2.424e+00 GHz (total elapsed time = 3.49e+01 s)

 Sol. ||E|| = 2.329406e+01
 Field energy E (2.650e-09 J) + H (2.659e-09 J) = 5.308e-09 J
 S[1][1] = +9.865e-01+1.357e-01i, |S[1][1]| = -3.654e-02, arg(S[1][1]) = +7.833e+00

It 243/1001: ω/2π = 2.424e+00 GHz (total elapsed time = 3.50e+01 s)

 Sol. ||E|| = 2.336461e+01
 Field energy E (2.670e-09 J) + H (2.679e-09 J) = 5.348e-09 J
 S[1][1] = +9.866e-01+1.350e-01i, |S[1][1]| = -3.680e-02, arg(S[1][1]) = +7.794e+00

It 244/1001: ω/2π = 2.424e+00 GHz (total elapsed time = 3.51e+01 s)

 Sol. ||E|| = 2.343576e+01
 Field energy E (2.690e-09 J) + H (2.699e-09 J) = 5.389e-09 J
 S[1][1] = +9.866e-01+1.344e-01i, |S[1][1]| = -3.706e-02, arg(S[1][1]) = +7.756e+00

It 245/1001: ω/2π = 2.424e+00 GHz (total elapsed time = 3.52e+01 s)

 Sol. ||E|| = 2.350751e+01
 Field energy E (2.711e-09 J) + H (2.719e-09 J) = 5.430e-09 J
 S[1][1] = +9.867e-01+1.337e-01i, |S[1][1]| = -3.733e-02, arg(S[1][1]) = +7.716e+00

It 246/1001: ω/2π = 2.424e+00 GHz (total elapsed time = 3.53e+01 s)

 Sol. ||E|| = 2.357986e+01
 Field energy E (2.731e-09 J) + H (2.740e-09 J) = 5.471e-09 J
 S[1][1] = +9.868e-01+1.330e-01i, |S[1][1]| = -3.760e-02, arg(S[1][1]) = +7.677e+00

It 247/1001: ω/2π = 2.424e+00 GHz (total elapsed time = 3.54e+01 s)

 Sol. ||E|| = 2.365284e+01
 Field energy E (2.752e-09 J) + H (2.761e-09 J) = 5.513e-09 J
 S[1][1] = +9.868e-01+1.323e-01i, |S[1][1]| = -3.788e-02, arg(S[1][1]) = +7.637e+00

It 248/1001: ω/2π = 2.424e+00 GHz (total elapsed time = 3.55e+01 s)

 Sol. ||E|| = 2.372643e+01
 Field energy E (2.773e-09 J) + H (2.782e-09 J) = 5.556e-09 J
 S[1][1] = +9.869e-01+1.316e-01i, |S[1][1]| = -3.816e-02, arg(S[1][1]) = +7.597e+00

It 249/1001: ω/2π = 2.424e+00 GHz (total elapsed time = 3.56e+01 s)

 Sol. ||E|| = 2.380065e+01
 Field energy E (2.795e-09 J) + H (2.803e-09 J) = 5.598e-09 J
 S[1][1] = +9.869e-01+1.309e-01i, |S[1][1]| = -3.844e-02, arg(S[1][1]) = +7.557e+00

It 250/1001: ω/2π = 2.424e+00 GHz (total elapsed time = 3.56e+01 s)

 Sol. ||E|| = 2.387551e+01
 Field energy E (2.817e-09 J) + H (2.825e-09 J) = 5.642e-09 J
 S[1][1] = +9.870e-01+1.302e-01i, |S[1][1]| = -3.872e-02, arg(S[1][1]) = +7.517e+00

It 251/1001: ω/2π = 2.424e+00 GHz (total elapsed time = 3.57e+01 s)

 Sol. ||E|| = 2.395101e+01
 Field energy E (2.839e-09 J) + H (2.847e-09 J) = 5.686e-09 J
 S[1][1] = +9.871e-01+1.295e-01i, |S[1][1]| = -3.901e-02, arg(S[1][1]) = +7.476e+00

It 252/1001: ω/2π = 2.424e+00 GHz (total elapsed time = 3.58e+01 s)

 Sol. ||E|| = 2.402717e+01
 Field energy E (2.861e-09 J) + H (2.869e-09 J) = 5.730e-09 J
 S[1][1] = +9.871e-01+1.288e-01i, |S[1][1]| = -3.930e-02, arg(S[1][1]) = +7.434e+00

It 253/1001: ω/2π = 2.424e+00 GHz (total elapsed time = 3.59e+01 s)

 Sol. ||E|| = 2.410398e+01
 Field energy E (2.883e-09 J) + H (2.892e-09 J) = 5.775e-09 J
 S[1][1] = +9.872e-01+1.281e-01i, |S[1][1]| = -3.960e-02, arg(S[1][1]) = +7.393e+00

It 254/1001: ω/2π = 2.424e+00 GHz (total elapsed time = 3.60e+01 s)

 Sol. ||E|| = 2.418147e+01
 Field energy E (2.906e-09 J) + H (2.915e-09 J) = 5.821e-09 J
 S[1][1] = +9.872e-01+1.274e-01i, |S[1][1]| = -3.990e-02, arg(S[1][1]) = +7.351e+00

It 255/1001: ω/2π = 2.424e+00 GHz (total elapsed time = 3.61e+01 s)

 Sol. ||E|| = 2.425963e+01
 Field energy E (2.929e-09 J) + H (2.938e-09 J) = 5.867e-09 J
 S[1][1] = +9.873e-01+1.266e-01i, |S[1][1]| = -4.020e-02, arg(S[1][1]) = +7.309e+00

It 256/1001: ω/2π = 2.424e+00 GHz (total elapsed time = 3.62e+01 s)

 Sol. ||E|| = 2.433847e+01
 Field energy E (2.953e-09 J) + H (2.961e-09 J) = 5.913e-09 J
 S[1][1] = +9.874e-01+1.259e-01i, |S[1][1]| = -4.050e-02, arg(S[1][1]) = +7.266e+00

It 257/1001: ω/2π = 2.424e+00 GHz (total elapsed time = 3.63e+01 s)

 Sol. ||E|| = 2.441801e+01
 Field energy E (2.976e-09 J) + H (2.984e-09 J) = 5.961e-09 J
 S[1][1] = +9.874e-01+1.251e-01i, |S[1][1]| = -4.081e-02, arg(S[1][1]) = +7.223e+00

It 258/1001: ω/2π = 2.424e+00 GHz (total elapsed time = 3.63e+01 s)

 Sol. ||E|| = 2.449824e+01
 Field energy E (3.000e-09 J) + H (3.008e-09 J) = 6.008e-09 J
 S[1][1] = +9.875e-01+1.244e-01i, |S[1][1]| = -4.113e-02, arg(S[1][1]) = +7.180e+00

It 259/1001: ω/2π = 2.424e+00 GHz (total elapsed time = 3.64e+01 s)

 Sol. ||E|| = 2.457919e+01
 Field energy E (3.024e-09 J) + H (3.032e-09 J) = 6.057e-09 J
 S[1][1] = +9.875e-01+1.236e-01i, |S[1][1]| = -4.145e-02, arg(S[1][1]) = +7.136e+00

It 260/1001: ω/2π = 2.424e+00 GHz (total elapsed time = 3.65e+01 s)

 Sol. ||E|| = 2.466085e+01
 Field energy E (3.049e-09 J) + H (3.057e-09 J) = 6.105e-09 J
 S[1][1] = +9.876e-01+1.229e-01i, |S[1][1]| = -4.177e-02, arg(S[1][1]) = +7.092e+00

It 261/1001: ω/2π = 2.424e+00 GHz (total elapsed time = 3.66e+01 s)

 Sol. ||E|| = 2.474324e+01
 Field energy E (3.074e-09 J) + H (3.081e-09 J) = 6.155e-09 J
 S[1][1] = +9.876e-01+1.221e-01i, |S[1][1]| = -4.209e-02, arg(S[1][1]) = +7.048e+00

It 262/1001: ω/2π = 2.424e+00 GHz (total elapsed time = 3.67e+01 s)

 Sol. ||E|| = 2.482637e+01
 Field energy E (3.099e-09 J) + H (3.107e-09 J) = 6.205e-09 J
 S[1][1] = +9.877e-01+1.213e-01i, |S[1][1]| = -4.242e-02, arg(S[1][1]) = +7.004e+00

It 263/1001: ω/2π = 2.424e+00 GHz (total elapsed time = 3.68e+01 s)

 Sol. ||E|| = 2.491024e+01
 Field energy E (3.124e-09 J) + H (3.132e-09 J) = 6.256e-09 J
 S[1][1] = +9.878e-01+1.206e-01i, |S[1][1]| = -4.275e-02, arg(S[1][1]) = +6.958e+00

It 264/1001: ω/2π = 2.424e+00 GHz (total elapsed time = 3.69e+01 s)

 Sol. ||E|| = 2.499487e+01
 Field energy E (3.150e-09 J) + H (3.158e-09 J) = 6.307e-09 J
 S[1][1] = +9.878e-01+1.198e-01i, |S[1][1]| = -4.309e-02, arg(S[1][1]) = +6.913e+00

It 265/1001: ω/2π = 2.424e+00 GHz (total elapsed time = 3.70e+01 s)

 Sol. ||E|| = 2.508026e+01
 Field energy E (3.176e-09 J) + H (3.183e-09 J) = 6.359e-09 J
 S[1][1] = +9.879e-01+1.190e-01i, |S[1][1]| = -4.343e-02, arg(S[1][1]) = +6.867e+00

It 266/1001: ω/2π = 2.424e+00 GHz (total elapsed time = 3.70e+01 s)

 Sol. ||E|| = 2.516642e+01
 Field energy E (3.202e-09 J) + H (3.210e-09 J) = 6.412e-09 J
 S[1][1] = +9.879e-01+1.182e-01i, |S[1][1]| = -4.378e-02, arg(S[1][1]) = +6.821e+00

It 267/1001: ω/2π = 2.424e+00 GHz (total elapsed time = 3.71e+01 s)

 Sol. ||E|| = 2.525336e+01
 Field energy E (3.229e-09 J) + H (3.236e-09 J) = 6.465e-09 J
 S[1][1] = +9.880e-01+1.174e-01i, |S[1][1]| = -4.413e-02, arg(S[1][1]) = +6.775e+00

It 268/1001: ω/2π = 2.424e+00 GHz (total elapsed time = 3.72e+01 s)

 Sol. ||E|| = 2.534110e+01
 Field energy E (3.256e-09 J) + H (3.263e-09 J) = 6.519e-09 J
 S[1][1] = +9.880e-01+1.166e-01i, |S[1][1]| = -4.449e-02, arg(S[1][1]) = +6.728e+00

It 269/1001: ω/2π = 2.424e+00 GHz (total elapsed time = 3.73e+01 s)

 Sol. ||E|| = 2.542964e+01
 Field energy E (3.283e-09 J) + H (3.291e-09 J) = 6.574e-09 J
 S[1][1] = +9.881e-01+1.157e-01i, |S[1][1]| = -4.485e-02, arg(S[1][1]) = +6.680e+00

It 270/1001: ω/2π = 2.424e+00 GHz (total elapsed time = 3.74e+01 s)

 Sol. ||E|| = 2.551900e+01
 Field energy E (3.311e-09 J) + H (3.318e-09 J) = 6.629e-09 J
 S[1][1] = +9.882e-01+1.149e-01i, |S[1][1]| = -4.521e-02, arg(S[1][1]) = +6.633e+00

It 271/1001: ω/2π = 2.424e+00 GHz (total elapsed time = 3.75e+01 s)

 Sol. ||E|| = 2.560918e+01
 Field energy E (3.339e-09 J) + H (3.346e-09 J) = 6.685e-09 J
 S[1][1] = +9.882e-01+1.141e-01i, |S[1][1]| = -4.558e-02, arg(S[1][1]) = +6.585e+00

It 272/1001: ω/2π = 2.424e+00 GHz (total elapsed time = 3.76e+01 s)

 Sol. ||E|| = 2.570019e+01
 Field energy E (3.367e-09 J) + H (3.375e-09 J) = 6.742e-09 J
 S[1][1] = +9.883e-01+1.132e-01i, |S[1][1]| = -4.595e-02, arg(S[1][1]) = +6.536e+00

It 273/1001: ω/2π = 2.424e+00 GHz (total elapsed time = 3.77e+01 s)

 Sol. ||E|| = 2.579204e+01
 Field energy E (3.396e-09 J) + H (3.403e-09 J) = 6.800e-09 J
 S[1][1] = +9.883e-01+1.124e-01i, |S[1][1]| = -4.633e-02, arg(S[1][1]) = +6.487e+00

It 274/1001: ω/2π = 2.424e+00 GHz (total elapsed time = 3.77e+01 s)

 Sol. ||E|| = 2.588476e+01
 Field energy E (3.425e-09 J) + H (3.433e-09 J) = 6.858e-09 J
 S[1][1] = +9.884e-01+1.115e-01i, |S[1][1]| = -4.671e-02, arg(S[1][1]) = +6.438e+00

It 275/1001: ω/2π = 2.424e+00 GHz (total elapsed time = 3.78e+01 s)

 Sol. ||E|| = 2.597834e+01
 Field energy E (3.455e-09 J) + H (3.462e-09 J) = 6.917e-09 J
 S[1][1] = +9.884e-01+1.107e-01i, |S[1][1]| = -4.710e-02, arg(S[1][1]) = +6.388e+00

It 276/1001: ω/2π = 2.424e+00 GHz (total elapsed time = 3.79e+01 s)

 Sol. ||E|| = 2.607280e+01
 Field energy E (3.485e-09 J) + H (3.492e-09 J) = 6.977e-09 J
 S[1][1] = +9.885e-01+1.098e-01i, |S[1][1]| = -4.750e-02, arg(S[1][1]) = +6.338e+00

It 277/1001: ω/2π = 2.424e+00 GHz (total elapsed time = 3.80e+01 s)

 Sol. ||E|| = 2.616814e+01
 Field energy E (3.515e-09 J) + H (3.522e-09 J) = 7.037e-09 J
 S[1][1] = +9.885e-01+1.089e-01i, |S[1][1]| = -4.790e-02, arg(S[1][1]) = +6.287e+00

It 278/1001: ω/2π = 2.424e+00 GHz (total elapsed time = 3.81e+01 s)

 Sol. ||E|| = 2.626439e+01
 Field energy E (3.546e-09 J) + H (3.553e-09 J) = 7.099e-09 J
 S[1][1] = +9.886e-01+1.080e-01i, |S[1][1]| = -4.830e-02, arg(S[1][1]) = +6.236e+00

It 279/1001: ω/2π = 2.424e+00 GHz (total elapsed time = 3.82e+01 s)

 Sol. ||E|| = 2.636156e+01
 Field energy E (3.577e-09 J) + H (3.584e-09 J) = 7.161e-09 J
 S[1][1] = +9.886e-01+1.071e-01i, |S[1][1]| = -4.871e-02, arg(S[1][1]) = +6.184e+00

It 280/1001: ω/2π = 2.424e+00 GHz (total elapsed time = 3.83e+01 s)

 Sol. ||E|| = 2.645964e+01
 Field energy E (3.608e-09 J) + H (3.615e-09 J) = 7.224e-09 J
 S[1][1] = +9.887e-01+1.062e-01i, |S[1][1]| = -4.912e-02, arg(S[1][1]) = +6.132e+00

It 281/1001: ω/2π = 2.425e+00 GHz (total elapsed time = 3.84e+01 s)

 Sol. ||E|| = 2.655867e+01
 Field energy E (3.640e-09 J) + H (3.647e-09 J) = 7.288e-09 J
 S[1][1] = +9.887e-01+1.053e-01i, |S[1][1]| = -4.955e-02, arg(S[1][1]) = +6.080e+00

It 282/1001: ω/2π = 2.425e+00 GHz (total elapsed time = 3.85e+01 s)

 Sol. ||E|| = 2.665865e+01
 Field energy E (3.673e-09 J) + H (3.680e-09 J) = 7.352e-09 J
 S[1][1] = +9.888e-01+1.044e-01i, |S[1][1]| = -4.997e-02, arg(S[1][1]) = +6.027e+00

It 283/1001: ω/2π = 2.425e+00 GHz (total elapsed time = 3.86e+01 s)

 Sol. ||E|| = 2.675959e+01
 Field energy E (3.706e-09 J) + H (3.712e-09 J) = 7.418e-09 J
 S[1][1] = +9.888e-01+1.035e-01i, |S[1][1]| = -5.040e-02, arg(S[1][1]) = +5.974e+00

It 284/1001: ω/2π = 2.425e+00 GHz (total elapsed time = 3.86e+01 s)

 Sol. ||E|| = 2.686150e+01
 Field energy E (3.739e-09 J) + H (3.746e-09 J) = 7.484e-09 J
 S[1][1] = +9.889e-01+1.025e-01i, |S[1][1]| = -5.084e-02, arg(S[1][1]) = +5.920e+00

It 285/1001: ω/2π = 2.425e+00 GHz (total elapsed time = 3.87e+01 s)

 Sol. ||E|| = 2.696440e+01
 Field energy E (3.773e-09 J) + H (3.779e-09 J) = 7.552e-09 J
 S[1][1] = +9.889e-01+1.016e-01i, |S[1][1]| = -5.129e-02, arg(S[1][1]) = +5.865e+00

It 286/1001: ω/2π = 2.425e+00 GHz (total elapsed time = 3.88e+01 s)

 Sol. ||E|| = 2.706831e+01
 Field energy E (3.807e-09 J) + H (3.813e-09 J) = 7.620e-09 J
 S[1][1] = +9.890e-01+1.006e-01i, |S[1][1]| = -5.174e-02, arg(S[1][1]) = +5.810e+00

It 287/1001: ω/2π = 2.425e+00 GHz (total elapsed time = 3.89e+01 s)

 Sol. ||E|| = 2.717324e+01
 Field energy E (3.841e-09 J) + H (3.848e-09 J) = 7.689e-09 J
 S[1][1] = +9.890e-01+9.968e-02i, |S[1][1]| = -5.219e-02, arg(S[1][1]) = +5.755e+00

It 288/1001: ω/2π = 2.425e+00 GHz (total elapsed time = 3.90e+01 s)

 Sol. ||E|| = 2.727919e+01
 Field energy E (3.876e-09 J) + H (3.883e-09 J) = 7.759e-09 J
 S[1][1] = +9.890e-01+9.871e-02i, |S[1][1]| = -5.266e-02, arg(S[1][1]) = +5.699e+00

It 289/1001: ω/2π = 2.425e+00 GHz (total elapsed time = 3.91e+01 s)

 Sol. ||E|| = 2.738619e+01
 Field energy E (3.912e-09 J) + H (3.918e-09 J) = 7.831e-09 J
 S[1][1] = +9.891e-01+9.773e-02i, |S[1][1]| = -5.313e-02, arg(S[1][1]) = +5.643e+00

It 290/1001: ω/2π = 2.425e+00 GHz (total elapsed time = 3.92e+01 s)

 Sol. ||E|| = 2.749424e+01
 Field energy E (3.948e-09 J) + H (3.954e-09 J) = 7.903e-09 J
 S[1][1] = +9.891e-01+9.674e-02i, |S[1][1]| = -5.360e-02, arg(S[1][1]) = +5.586e+00

It 291/1001: ω/2π = 2.425e+00 GHz (total elapsed time = 3.93e+01 s)

 Sol. ||E|| = 2.760337e+01
 Field energy E (3.985e-09 J) + H (3.991e-09 J) = 7.976e-09 J
 S[1][1] = +9.892e-01+9.574e-02i, |S[1][1]| = -5.408e-02, arg(S[1][1]) = +5.529e+00

It 292/1001: ω/2π = 2.425e+00 GHz (total elapsed time = 3.93e+01 s)

 Sol. ||E|| = 2.771359e+01
 Field energy E (4.022e-09 J) + H (4.028e-09 J) = 8.050e-09 J
 S[1][1] = +9.892e-01+9.474e-02i, |S[1][1]| = -5.457e-02, arg(S[1][1]) = +5.471e+00

It 293/1001: ω/2π = 2.425e+00 GHz (total elapsed time = 3.94e+01 s)

 Sol. ||E|| = 2.782492e+01
 Field energy E (4.060e-09 J) + H (4.066e-09 J) = 8.125e-09 J
 S[1][1] = +9.893e-01+9.372e-02i, |S[1][1]| = -5.507e-02, arg(S[1][1]) = +5.412e+00

It 294/1001: ω/2π = 2.425e+00 GHz (total elapsed time = 3.95e+01 s)

 Sol. ||E|| = 2.793736e+01
 Field energy E (4.098e-09 J) + H (4.104e-09 J) = 8.201e-09 J
 S[1][1] = +9.893e-01+9.270e-02i, |S[1][1]| = -5.557e-02, arg(S[1][1]) = +5.353e+00

It 295/1001: ω/2π = 2.425e+00 GHz (total elapsed time = 3.96e+01 s)

 Sol. ||E|| = 2.805094e+01
 Field energy E (4.136e-09 J) + H (4.142e-09 J) = 8.279e-09 J
 S[1][1] = +9.893e-01+9.166e-02i, |S[1][1]| = -5.609e-02, arg(S[1][1]) = +5.293e+00

It 296/1001: ω/2π = 2.425e+00 GHz (total elapsed time = 3.97e+01 s)

 Sol. ||E|| = 2.816566e+01
 Field energy E (4.176e-09 J) + H (4.181e-09 J) = 8.357e-09 J
 S[1][1] = +9.894e-01+9.062e-02i, |S[1][1]| = -5.660e-02, arg(S[1][1]) = +5.233e+00

It 297/1001: ω/2π = 2.425e+00 GHz (total elapsed time = 3.98e+01 s)

 Sol. ||E|| = 2.828156e+01
 Field energy E (4.215e-09 J) + H (4.221e-09 J) = 8.437e-09 J
 S[1][1] = +9.894e-01+8.956e-02i, |S[1][1]| = -5.713e-02, arg(S[1][1]) = +5.172e+00

It 298/1001: ω/2π = 2.425e+00 GHz (total elapsed time = 3.99e+01 s)

 Sol. ||E|| = 2.839864e+01
 Field energy E (4.256e-09 J) + H (4.262e-09 J) = 8.517e-09 J
 S[1][1] = +9.894e-01+8.850e-02i, |S[1][1]| = -5.766e-02, arg(S[1][1]) = +5.111e+00

It 299/1001: ω/2π = 2.425e+00 GHz (total elapsed time = 3.99e+01 s)

 Sol. ||E|| = 2.851692e+01
 Field energy E (4.297e-09 J) + H (4.302e-09 J) = 8.599e-09 J
 S[1][1] = +9.895e-01+8.742e-02i, |S[1][1]| = -5.820e-02, arg(S[1][1]) = +5.049e+00

It 300/1001: ω/2π = 2.425e+00 GHz (total elapsed time = 4.00e+01 s)

 Sol. ||E|| = 2.863642e+01
 Field energy E (4.338e-09 J) + H (4.344e-09 J) = 8.682e-09 J
 S[1][1] = +9.895e-01+8.634e-02i, |S[1][1]| = -5.875e-02, arg(S[1][1]) = +4.987e+00

It 301/1001: ω/2π = 2.425e+00 GHz (total elapsed time = 4.01e+01 s)

 Sol. ||E|| = 2.875715e+01
 Field energy E (4.380e-09 J) + H (4.386e-09 J) = 8.767e-09 J
 S[1][1] = +9.895e-01+8.524e-02i, |S[1][1]| = -5.931e-02, arg(S[1][1]) = +4.924e+00

It 302/1001: ω/2π = 2.425e+00 GHz (total elapsed time = 4.02e+01 s)

 Sol. ||E|| = 2.887914e+01
 Field energy E (4.423e-09 J) + H (4.429e-09 J) = 8.852e-09 J
 S[1][1] = +9.896e-01+8.414e-02i, |S[1][1]| = -5.988e-02, arg(S[1][1]) = +4.860e+00

It 303/1001: ω/2π = 2.425e+00 GHz (total elapsed time = 4.03e+01 s)

 Sol. ||E|| = 2.900241e+01
 Field energy E (4.467e-09 J) + H (4.472e-09 J) = 8.939e-09 J
 S[1][1] = +9.896e-01+8.302e-02i, |S[1][1]| = -6.045e-02, arg(S[1][1]) = +4.795e+00

It 304/1001: ω/2π = 2.425e+00 GHz (total elapsed time = 4.04e+01 s)

 Sol. ||E|| = 2.912696e+01
 Field energy E (4.511e-09 J) + H (4.516e-09 J) = 9.027e-09 J
 S[1][1] = +9.896e-01+8.189e-02i, |S[1][1]| = -6.103e-02, arg(S[1][1]) = +4.730e+00

It 305/1001: ω/2π = 2.425e+00 GHz (total elapsed time = 4.05e+01 s)

 Sol. ||E|| = 2.925282e+01
 Field energy E (4.555e-09 J) + H (4.561e-09 J) = 9.116e-09 J
 S[1][1] = +9.896e-01+8.075e-02i, |S[1][1]| = -6.162e-02, arg(S[1][1]) = +4.665e+00

It 306/1001: ω/2π = 2.425e+00 GHz (total elapsed time = 4.06e+01 s)

 Sol. ||E|| = 2.938001e+01
 Field energy E (4.601e-09 J) + H (4.606e-09 J) = 9.207e-09 J
 S[1][1] = +9.897e-01+7.960e-02i, |S[1][1]| = -6.222e-02, arg(S[1][1]) = +4.598e+00

It 307/1001: ω/2π = 2.425e+00 GHz (total elapsed time = 4.06e+01 s)

 Sol. ||E|| = 2.950856e+01
 Field energy E (4.647e-09 J) + H (4.652e-09 J) = 9.299e-09 J
 S[1][1] = +9.897e-01+7.844e-02i, |S[1][1]| = -6.283e-02, arg(S[1][1]) = +4.531e+00

It 308/1001: ω/2π = 2.425e+00 GHz (total elapsed time = 4.07e+01 s)

 Sol. ||E|| = 2.963847e+01
 Field energy E (4.694e-09 J) + H (4.699e-09 J) = 9.392e-09 J
 S[1][1] = +9.897e-01+7.726e-02i, |S[1][1]| = -6.345e-02, arg(S[1][1]) = +4.464e+00

It 309/1001: ω/2π = 2.425e+00 GHz (total elapsed time = 4.08e+01 s)

 Sol. ||E|| = 2.976977e+01
 Field energy E (4.741e-09 J) + H (4.746e-09 J) = 9.487e-09 J
 S[1][1] = +9.897e-01+7.608e-02i, |S[1][1]| = -6.408e-02, arg(S[1][1]) = +4.395e+00

It 310/1001: ω/2π = 2.425e+00 GHz (total elapsed time = 4.09e+01 s)

 Sol. ||E|| = 2.990248e+01
 Field energy E (4.789e-09 J) + H (4.794e-09 J) = 9.583e-09 J
 S[1][1] = +9.897e-01+7.488e-02i, |S[1][1]| = -6.472e-02, arg(S[1][1]) = +4.326e+00

It 311/1001: ω/2π = 2.425e+00 GHz (total elapsed time = 4.10e+01 s)

 Sol. ||E|| = 3.003663e+01
 Field energy E (4.838e-09 J) + H (4.843e-09 J) = 9.681e-09 J
 S[1][1] = +9.898e-01+7.367e-02i, |S[1][1]| = -6.537e-02, arg(S[1][1]) = +4.257e+00

It 312/1001: ω/2π = 2.425e+00 GHz (total elapsed time = 4.11e+01 s)

 Sol. ||E|| = 3.017223e+01
 Field energy E (4.888e-09 J) + H (4.893e-09 J) = 9.780e-09 J
 S[1][1] = +9.898e-01+7.245e-02i, |S[1][1]| = -6.603e-02, arg(S[1][1]) = +4.186e+00

It 313/1001: ω/2π = 2.425e+00 GHz (total elapsed time = 4.12e+01 s)

 Sol. ||E|| = 3.030930e+01
 Field energy E (4.938e-09 J) + H (4.943e-09 J) = 9.881e-09 J
 S[1][1] = +9.898e-01+7.121e-02i, |S[1][1]| = -6.669e-02, arg(S[1][1]) = +4.115e+00

It 314/1001: ω/2π = 2.425e+00 GHz (total elapsed time = 4.13e+01 s)

 Sol. ||E|| = 3.044788e+01
 Field energy E (4.990e-09 J) + H (4.994e-09 J) = 9.984e-09 J
 S[1][1] = +9.898e-01+6.996e-02i, |S[1][1]| = -6.737e-02, arg(S[1][1]) = +4.043e+00

It 315/1001: ω/2π = 2.425e+00 GHz (total elapsed time = 4.14e+01 s)

 Sol. ||E|| = 3.058797e+01
 Field energy E (5.042e-09 J) + H (5.046e-09 J) = 1.009e-08 J
 S[1][1] = +9.898e-01+6.870e-02i, |S[1][1]| = -6.806e-02, arg(S[1][1]) = +3.970e+00

It 316/1001: ω/2π = 2.425e+00 GHz (total elapsed time = 4.15e+01 s)

 Sol. ||E|| = 3.072962e+01
 Field energy E (5.094e-09 J) + H (5.099e-09 J) = 1.019e-08 J
 S[1][1] = +9.898e-01+6.743e-02i, |S[1][1]| = -6.876e-02, arg(S[1][1]) = +3.897e+00

It 317/1001: ω/2π = 2.425e+00 GHz (total elapsed time = 4.15e+01 s)

 Sol. ||E|| = 3.087283e+01
 Field energy E (5.148e-09 J) + H (5.152e-09 J) = 1.030e-08 J
 S[1][1] = +9.898e-01+6.614e-02i, |S[1][1]| = -6.948e-02, arg(S[1][1]) = +3.823e+00

It 318/1001: ω/2π = 2.425e+00 GHz (total elapsed time = 4.16e+01 s)

 Sol. ||E|| = 3.101764e+01
 Field energy E (5.203e-09 J) + H (5.207e-09 J) = 1.041e-08 J
 S[1][1] = +9.898e-01+6.484e-02i, |S[1][1]| = -7.020e-02, arg(S[1][1]) = +3.748e+00

It 319/1001: ω/2π = 2.425e+00 GHz (total elapsed time = 4.17e+01 s)

 Sol. ||E|| = 3.116407e+01
 Field energy E (5.258e-09 J) + H (5.262e-09 J) = 1.052e-08 J
 S[1][1] = +9.898e-01+6.352e-02i, |S[1][1]| = -7.093e-02, arg(S[1][1]) = +3.672e+00

It 320/1001: ω/2π = 2.425e+00 GHz (total elapsed time = 4.18e+01 s)

 Sol. ||E|| = 3.131214e+01
 Field energy E (5.314e-09 J) + H (5.318e-09 J) = 1.063e-08 J
 S[1][1] = +9.898e-01+6.219e-02i, |S[1][1]| = -7.168e-02, arg(S[1][1]) = +3.595e+00

It 321/1001: ω/2π = 2.425e+00 GHz (total elapsed time = 4.19e+01 s)

 Sol. ||E|| = 3.146188e+01
 Field energy E (5.371e-09 J) + H (5.375e-09 J) = 1.075e-08 J
 S[1][1] = +9.898e-01+6.085e-02i, |S[1][1]| = -7.244e-02, arg(S[1][1]) = +3.518e+00

It 322/1001: ω/2π = 2.425e+00 GHz (total elapsed time = 4.20e+01 s)

 Sol. ||E|| = 3.161333e+01
 Field energy E (5.430e-09 J) + H (5.433e-09 J) = 1.086e-08 J
 S[1][1] = +9.898e-01+5.949e-02i, |S[1][1]| = -7.321e-02, arg(S[1][1]) = +3.440e+00

It 323/1001: ω/2π = 2.425e+00 GHz (total elapsed time = 4.21e+01 s)

 Sol. ||E|| = 3.176650e+01
 Field energy E (5.489e-09 J) + H (5.492e-09 J) = 1.098e-08 J
 S[1][1] = +9.898e-01+5.812e-02i, |S[1][1]| = -7.400e-02, arg(S[1][1]) = +3.360e+00

It 324/1001: ω/2π = 2.425e+00 GHz (total elapsed time = 4.22e+01 s)

 Sol. ||E|| = 3.192142e+01
 Field energy E (5.549e-09 J) + H (5.552e-09 J) = 1.110e-08 J
 S[1][1] = +9.898e-01+5.673e-02i, |S[1][1]| = -7.479e-02, arg(S[1][1]) = +3.280e+00

It 325/1001: ω/2π = 2.425e+00 GHz (total elapsed time = 4.23e+01 s)

 Sol. ||E|| = 3.207812e+01
 Field energy E (5.610e-09 J) + H (5.613e-09 J) = 1.122e-08 J
 S[1][1] = +9.898e-01+5.533e-02i, |S[1][1]| = -7.560e-02, arg(S[1][1]) = +3.200e+00

It 326/1001: ω/2π = 2.425e+00 GHz (total elapsed time = 4.23e+01 s)

 Sol. ||E|| = 3.223663e+01
 Field energy E (5.672e-09 J) + H (5.675e-09 J) = 1.135e-08 J
 S[1][1] = +9.898e-01+5.391e-02i, |S[1][1]| = -7.643e-02, arg(S[1][1]) = +3.118e+00

It 327/1001: ω/2π = 2.425e+00 GHz (total elapsed time = 4.24e+01 s)

 Sol. ||E|| = 3.239699e+01
 Field energy E (5.735e-09 J) + H (5.738e-09 J) = 1.147e-08 J
 S[1][1] = +9.898e-01+5.248e-02i, |S[1][1]| = -7.727e-02, arg(S[1][1]) = +3.035e+00

It 328/1001: ω/2π = 2.425e+00 GHz (total elapsed time = 4.25e+01 s)

 Sol. ||E|| = 3.255921e+01
 Field energy E (5.799e-09 J) + H (5.802e-09 J) = 1.160e-08 J
 S[1][1] = +9.897e-01+5.103e-02i, |S[1][1]| = -7.812e-02, arg(S[1][1]) = +2.951e+00

It 329/1001: ω/2π = 2.425e+00 GHz (total elapsed time = 4.26e+01 s)

 Sol. ||E|| = 3.272334e+01
 Field energy E (5.864e-09 J) + H (5.867e-09 J) = 1.173e-08 J
 S[1][1] = +9.897e-01+4.956e-02i, |S[1][1]| = -7.899e-02, arg(S[1][1]) = +2.867e+00

It 330/1001: ω/2π = 2.425e+00 GHz (total elapsed time = 4.27e+01 s)

 Sol. ||E|| = 3.288940e+01
 Field energy E (5.930e-09 J) + H (5.933e-09 J) = 1.186e-08 J
 S[1][1] = +9.897e-01+4.808e-02i, |S[1][1]| = -7.987e-02, arg(S[1][1]) = +2.781e+00

It 331/1001: ω/2π = 2.426e+00 GHz (total elapsed time = 4.28e+01 s)

 Sol. ||E|| = 3.305743e+01
 Field energy E (5.998e-09 J) + H (6.001e-09 J) = 1.200e-08 J
 S[1][1] = +9.896e-01+4.658e-02i, |S[1][1]| = -8.077e-02, arg(S[1][1]) = +2.695e+00

It 332/1001: ω/2π = 2.426e+00 GHz (total elapsed time = 4.29e+01 s)

 Sol. ||E|| = 3.322745e+01
 Field energy E (6.066e-09 J) + H (6.069e-09 J) = 1.214e-08 J
 S[1][1] = +9.896e-01+4.507e-02i, |S[1][1]| = -8.168e-02, arg(S[1][1]) = +2.607e+00

It 333/1001: ω/2π = 2.426e+00 GHz (total elapsed time = 4.30e+01 s)

 Sol. ||E|| = 3.339950e+01
 Field energy E (6.136e-09 J) + H (6.139e-09 J) = 1.227e-08 J
 S[1][1] = +9.896e-01+4.353e-02i, |S[1][1]| = -8.261e-02, arg(S[1][1]) = +2.519e+00

It 334/1001: ω/2π = 2.426e+00 GHz (total elapsed time = 4.30e+01 s)

 Sol. ||E|| = 3.357363e+01
 Field energy E (6.207e-09 J) + H (6.210e-09 J) = 1.242e-08 J
 S[1][1] = +9.895e-01+4.198e-02i, |S[1][1]| = -8.355e-02, arg(S[1][1]) = +2.429e+00

It 335/1001: ω/2π = 2.426e+00 GHz (total elapsed time = 4.31e+01 s)

 Sol. ||E|| = 3.374985e+01
 Field energy E (6.279e-09 J) + H (6.282e-09 J) = 1.256e-08 J
 S[1][1] = +9.895e-01+4.041e-02i, |S[1][1]| = -8.452e-02, arg(S[1][1]) = +2.339e+00

It 336/1001: ω/2π = 2.426e+00 GHz (total elapsed time = 4.32e+01 s)

 Sol. ||E|| = 3.392821e+01
 Field energy E (6.352e-09 J) + H (6.355e-09 J) = 1.271e-08 J
 S[1][1] = +9.894e-01+3.883e-02i, |S[1][1]| = -8.549e-02, arg(S[1][1]) = +2.247e+00

It 337/1001: ω/2π = 2.426e+00 GHz (total elapsed time = 4.33e+01 s)

 Sol. ||E|| = 3.410875e+01
 Field energy E (6.427e-09 J) + H (6.430e-09 J) = 1.286e-08 J
 S[1][1] = +9.894e-01+3.722e-02i, |S[1][1]| = -8.649e-02, arg(S[1][1]) = +2.154e+00

It 338/1001: ω/2π = 2.426e+00 GHz (total elapsed time = 4.34e+01 s)

 Sol. ||E|| = 3.429150e+01
 Field energy E (6.503e-09 J) + H (6.505e-09 J) = 1.301e-08 J
 S[1][1] = +9.893e-01+3.560e-02i, |S[1][1]| = -8.751e-02, arg(S[1][1]) = +2.061e+00

It 339/1001: ω/2π = 2.426e+00 GHz (total elapsed time = 4.35e+01 s)

 Sol. ||E|| = 3.447650e+01
 Field energy E (6.581e-09 J) + H (6.583e-09 J) = 1.316e-08 J
 S[1][1] = +9.893e-01+3.395e-02i, |S[1][1]| = -8.854e-02, arg(S[1][1]) = +1.966e+00

It 340/1001: ω/2π = 2.426e+00 GHz (total elapsed time = 4.36e+01 s)

 Sol. ||E|| = 3.466379e+01
 Field energy E (6.659e-09 J) + H (6.661e-09 J) = 1.332e-08 J
 S[1][1] = +9.892e-01+3.229e-02i, |S[1][1]| = -8.959e-02, arg(S[1][1]) = +1.870e+00

It 341/1001: ω/2π = 2.426e+00 GHz (total elapsed time = 4.36e+01 s)

 Sol. ||E|| = 3.485341e+01
 Field energy E (6.740e-09 J) + H (6.741e-09 J) = 1.348e-08 J
 S[1][1] = +9.891e-01+3.061e-02i, |S[1][1]| = -9.066e-02, arg(S[1][1]) = +1.772e+00

It 342/1001: ω/2π = 2.426e+00 GHz (total elapsed time = 4.37e+01 s)

 Sol. ||E|| = 3.504541e+01
 Field energy E (6.821e-09 J) + H (6.823e-09 J) = 1.364e-08 J
 S[1][1] = +9.891e-01+2.891e-02i, |S[1][1]| = -9.175e-02, arg(S[1][1]) = +1.674e+00

It 343/1001: ω/2π = 2.426e+00 GHz (total elapsed time = 4.38e+01 s)

 Sol. ||E|| = 3.523982e+01
 Field energy E (6.904e-09 J) + H (6.906e-09 J) = 1.381e-08 J
 S[1][1] = +9.890e-01+2.718e-02i, |S[1][1]| = -9.286e-02, arg(S[1][1]) = +1.574e+00

It 344/1001: ω/2π = 2.426e+00 GHz (total elapsed time = 4.39e+01 s)

 Sol. ||E|| = 3.543668e+01
 Field energy E (6.989e-09 J) + H (6.990e-09 J) = 1.398e-08 J
 S[1][1] = +9.889e-01+2.544e-02i, |S[1][1]| = -9.399e-02, arg(S[1][1]) = +1.474e+00

It 345/1001: ω/2π = 2.426e+00 GHz (total elapsed time = 4.40e+01 s)

 Sol. ||E|| = 3.563605e+01
 Field energy E (7.075e-09 J) + H (7.077e-09 J) = 1.415e-08 J
 S[1][1] = +9.888e-01+2.367e-02i, |S[1][1]| = -9.514e-02, arg(S[1][1]) = +1.371e+00

It 346/1001: ω/2π = 2.426e+00 GHz (total elapsed time = 4.41e+01 s)

 Sol. ||E|| = 3.583796e+01
 Field energy E (7.163e-09 J) + H (7.164e-09 J) = 1.433e-08 J
 S[1][1] = +9.887e-01+2.189e-02i, |S[1][1]| = -9.632e-02, arg(S[1][1]) = +1.268e+00

It 347/1001: ω/2π = 2.426e+00 GHz (total elapsed time = 4.42e+01 s)

 Sol. ||E|| = 3.604247e+01
 Field energy E (7.252e-09 J) + H (7.253e-09 J) = 1.451e-08 J
 S[1][1] = +9.886e-01+2.008e-02i, |S[1][1]| = -9.751e-02, arg(S[1][1]) = +1.163e+00

It 348/1001: ω/2π = 2.426e+00 GHz (total elapsed time = 4.43e+01 s)

 Sol. ||E|| = 3.624961e+01
 Field energy E (7.343e-09 J) + H (7.344e-09 J) = 1.469e-08 J
 S[1][1] = +9.885e-01+1.825e-02i, |S[1][1]| = -9.873e-02, arg(S[1][1]) = +1.057e+00

It 349/1001: ω/2π = 2.426e+00 GHz (total elapsed time = 4.44e+01 s)

 Sol. ||E|| = 3.645945e+01
 Field energy E (7.436e-09 J) + H (7.437e-09 J) = 1.487e-08 J
 S[1][1] = +9.884e-01+1.639e-02i, |S[1][1]| = -9.998e-02, arg(S[1][1]) = +9.501e-01

It 350/1001: ω/2π = 2.426e+00 GHz (total elapsed time = 4.45e+01 s)

 Sol. ||E|| = 3.667202e+01
 Field energy E (7.531e-09 J) + H (7.531e-09 J) = 1.506e-08 J
 S[1][1] = +9.883e-01+1.452e-02i, |S[1][1]| = -1.012e-01, arg(S[1][1]) = +8.414e-01

It 351/1001: ω/2π = 2.426e+00 GHz (total elapsed time = 4.46e+01 s)

 Sol. ||E|| = 3.688739e+01
 Field energy E (7.627e-09 J) + H (7.628e-09 J) = 1.525e-08 J
 S[1][1] = +9.882e-01+1.261e-02i, |S[1][1]| = -1.025e-01, arg(S[1][1]) = +7.313e-01

It 352/1001: ω/2π = 2.426e+00 GHz (total elapsed time = 4.46e+01 s)

 Sol. ||E|| = 3.710559e+01
 Field energy E (7.725e-09 J) + H (7.726e-09 J) = 1.545e-08 J
 S[1][1] = +9.881e-01+1.069e-02i, |S[1][1]| = -1.038e-01, arg(S[1][1]) = +6.198e-01

It 353/1001: ω/2π = 2.426e+00 GHz (total elapsed time = 4.47e+01 s)

 Sol. ||E|| = 3.732669e+01
 Field energy E (7.825e-09 J) + H (7.826e-09 J) = 1.565e-08 J
 S[1][1] = +9.879e-01+8.740e-03i, |S[1][1]| = -1.052e-01, arg(S[1][1]) = +5.068e-01

It 354/1001: ω/2π = 2.426e+00 GHz (total elapsed time = 4.48e+01 s)

 Sol. ||E|| = 3.755074e+01
 Field energy E (7.927e-09 J) + H (7.928e-09 J) = 1.585e-08 J
 S[1][1] = +9.878e-01+6.765e-03i, |S[1][1]| = -1.066e-01, arg(S[1][1]) = +3.924e-01

It 355/1001: ω/2π = 2.426e+00 GHz (total elapsed time = 4.49e+01 s)

 Sol. ||E|| = 3.777780e+01
 Field energy E (8.031e-09 J) + H (8.031e-09 J) = 1.606e-08 J
 S[1][1] = +9.876e-01+4.765e-03i, |S[1][1]| = -1.080e-01, arg(S[1][1]) = +2.764e-01

It 356/1001: ω/2π = 2.426e+00 GHz (total elapsed time = 4.50e+01 s)

 Sol. ||E|| = 3.800792e+01
 Field energy E (8.137e-09 J) + H (8.137e-09 J) = 1.627e-08 J
 S[1][1] = +9.875e-01+2.739e-03i, |S[1][1]| = -1.094e-01, arg(S[1][1]) = +1.589e-01

It 357/1001: ω/2π = 2.426e+00 GHz (total elapsed time = 4.51e+01 s)

 Sol. ||E|| = 3.824116e+01
 Field energy E (8.245e-09 J) + H (8.245e-09 J) = 1.649e-08 J
 S[1][1] = +9.873e-01+6.869e-04i, |S[1][1]| = -1.108e-01, arg(S[1][1]) = +3.986e-02

It 358/1001: ω/2π = 2.426e+00 GHz (total elapsed time = 4.52e+01 s)

 Sol. ||E|| = 3.847759e+01
 Field energy E (8.356e-09 J) + H (8.356e-09 J) = 1.671e-08 J
 S[1][1] = +9.872e-01-1.392e-03i, |S[1][1]| = -1.123e-01, arg(S[1][1]) = -8.081e-02

It 359/1001: ω/2π = 2.426e+00 GHz (total elapsed time = 4.53e+01 s)

 Sol. ||E|| = 3.871726e+01
 Field energy E (8.468e-09 J) + H (8.468e-09 J) = 1.694e-08 J
 S[1][1] = +9.870e-01-3.499e-03i, |S[1][1]| = -1.138e-01, arg(S[1][1]) = -2.031e-01

It 360/1001: ω/2π = 2.426e+00 GHz (total elapsed time = 4.54e+01 s)

 Sol. ||E|| = 3.896024e+01
 Field energy E (8.583e-09 J) + H (8.583e-09 J) = 1.717e-08 J
 S[1][1] = +9.868e-01-5.634e-03i, |S[1][1]| = -1.154e-01, arg(S[1][1]) = -3.271e-01

It 361/1001: ω/2π = 2.426e+00 GHz (total elapsed time = 4.54e+01 s)

 Sol. ||E|| = 3.920659e+01
 Field energy E (8.700e-09 J) + H (8.700e-09 J) = 1.740e-08 J
 S[1][1] = +9.866e-01-7.797e-03i, |S[1][1]| = -1.169e-01, arg(S[1][1]) = -4.528e-01

It 362/1001: ω/2π = 2.426e+00 GHz (total elapsed time = 4.55e+01 s)

 Sol. ||E|| = 3.945638e+01
 Field energy E (8.820e-09 J) + H (8.819e-09 J) = 1.764e-08 J
 S[1][1] = +9.864e-01-9.989e-03i, |S[1][1]| = -1.186e-01, arg(S[1][1]) = -5.802e-01

It 363/1001: ω/2π = 2.426e+00 GHz (total elapsed time = 4.56e+01 s)

 Sol. ||E|| = 3.970968e+01
 Field energy E (8.942e-09 J) + H (8.941e-09 J) = 1.788e-08 J
 S[1][1] = +9.862e-01-1.221e-02i, |S[1][1]| = -1.202e-01, arg(S[1][1]) = -7.094e-01

It 364/1001: ω/2π = 2.426e+00 GHz (total elapsed time = 4.57e+01 s)

 Sol. ||E|| = 3.996656e+01
 Field energy E (9.066e-09 J) + H (9.065e-09 J) = 1.813e-08 J
 S[1][1] = +9.860e-01-1.446e-02i, |S[1][1]| = -1.219e-01, arg(S[1][1]) = -8.404e-01

It 365/1001: ω/2π = 2.426e+00 GHz (total elapsed time = 4.58e+01 s)

 Sol. ||E|| = 4.022709e+01
 Field energy E (9.193e-09 J) + H (9.192e-09 J) = 1.838e-08 J
 S[1][1] = +9.857e-01-1.674e-02i, |S[1][1]| = -1.236e-01, arg(S[1][1]) = -9.732e-01

It 366/1001: ω/2π = 2.426e+00 GHz (total elapsed time = 4.59e+01 s)

 Sol. ||E|| = 4.049134e+01
 Field energy E (9.323e-09 J) + H (9.321e-09 J) = 1.864e-08 J
 S[1][1] = +9.855e-01-1.906e-02i, |S[1][1]| = -1.253e-01, arg(S[1][1]) = -1.108e+00

It 367/1001: ω/2π = 2.426e+00 GHz (total elapsed time = 4.60e+01 s)

 Sol. ||E|| = 4.075940e+01
 Field energy E (9.455e-09 J) + H (9.454e-09 J) = 1.891e-08 J
 S[1][1] = +9.852e-01-2.141e-02i, |S[1][1]| = -1.271e-01, arg(S[1][1]) = -1.245e+00

It 368/1001: ω/2π = 2.426e+00 GHz (total elapsed time = 4.61e+01 s)

 Sol. ||E|| = 4.103133e+01
 Field energy E (9.590e-09 J) + H (9.589e-09 J) = 1.918e-08 J
 S[1][1] = +9.850e-01-2.378e-02i, |S[1][1]| = -1.289e-01, arg(S[1][1]) = -1.383e+00

It 369/1001: ω/2π = 2.426e+00 GHz (total elapsed time = 4.61e+01 s)

 Sol. ||E|| = 4.130723e+01
 Field energy E (9.728e-09 J) + H (9.727e-09 J) = 1.946e-08 J
 S[1][1] = +9.847e-01-2.620e-02i, |S[1][1]| = -1.308e-01, arg(S[1][1]) = -1.524e+00

It 370/1001: ω/2π = 2.426e+00 GHz (total elapsed time = 4.62e+01 s)

 Sol. ||E|| = 4.158716e+01
 Field energy E (9.870e-09 J) + H (9.868e-09 J) = 1.974e-08 J
 S[1][1] = +9.844e-01-2.864e-02i, |S[1][1]| = -1.327e-01, arg(S[1][1]) = -1.667e+00

It 371/1001: ω/2π = 2.426e+00 GHz (total elapsed time = 4.63e+01 s)

 Sol. ||E|| = 4.187122e+01
 Field energy E (1.001e-08 J) + H (1.001e-08 J) = 2.003e-08 J
 S[1][1] = +9.841e-01-3.112e-02i, |S[1][1]| = -1.347e-01, arg(S[1][1]) = -1.811e+00

It 372/1001: ω/2π = 2.426e+00 GHz (total elapsed time = 4.64e+01 s)

 Sol. ||E|| = 4.215950e+01
 Field energy E (1.016e-08 J) + H (1.016e-08 J) = 2.032e-08 J
 S[1][1] = +9.838e-01-3.364e-02i, |S[1][1]| = -1.367e-01, arg(S[1][1]) = -1.958e+00

It 373/1001: ω/2π = 2.426e+00 GHz (total elapsed time = 4.65e+01 s)

 Sol. ||E|| = 4.245207e+01
 Field energy E (1.031e-08 J) + H (1.031e-08 J) = 2.062e-08 J
 S[1][1] = +9.835e-01-3.619e-02i, |S[1][1]| = -1.387e-01, arg(S[1][1]) = -2.107e+00

It 374/1001: ω/2π = 2.426e+00 GHz (total elapsed time = 4.66e+01 s)

 Sol. ||E|| = 4.274904e+01
 Field energy E (1.047e-08 J) + H (1.046e-08 J) = 2.093e-08 J
 S[1][1] = +9.832e-01-3.878e-02i, |S[1][1]| = -1.408e-01, arg(S[1][1]) = -2.259e+00

It 375/1001: ω/2π = 2.426e+00 GHz (total elapsed time = 4.67e+01 s)

 Sol. ||E|| = 4.305050e+01
 Field energy E (1.062e-08 J) + H (1.062e-08 J) = 2.124e-08 J
 S[1][1] = +9.828e-01-4.141e-02i, |S[1][1]| = -1.429e-01, arg(S[1][1]) = -2.412e+00

It 376/1001: ω/2π = 2.426e+00 GHz (total elapsed time = 4.68e+01 s)

 Sol. ||E|| = 4.335654e+01
 Field energy E (1.078e-08 J) + H (1.078e-08 J) = 2.156e-08 J
 S[1][1] = +9.824e-01-4.407e-02i, |S[1][1]| = -1.451e-01, arg(S[1][1]) = -2.568e+00

It 377/1001: ω/2π = 2.426e+00 GHz (total elapsed time = 4.69e+01 s)

 Sol. ||E|| = 4.366726e+01
 Field energy E (1.095e-08 J) + H (1.094e-08 J) = 2.189e-08 J
 S[1][1] = +9.821e-01-4.677e-02i, |S[1][1]| = -1.473e-01, arg(S[1][1]) = -2.727e+00

It 378/1001: ω/2π = 2.426e+00 GHz (total elapsed time = 4.70e+01 s)

 Sol. ||E|| = 4.398277e+01
 Field energy E (1.112e-08 J) + H (1.111e-08 J) = 2.223e-08 J
 S[1][1] = +9.817e-01-4.952e-02i, |S[1][1]| = -1.496e-01, arg(S[1][1]) = -2.888e+00

It 379/1001: ω/2π = 2.426e+00 GHz (total elapsed time = 4.71e+01 s)

 Sol. ||E|| = 4.430317e+01
 Field energy E (1.129e-08 J) + H (1.128e-08 J) = 2.257e-08 J
 S[1][1] = +9.813e-01-5.230e-02i, |S[1][1]| = -1.519e-01, arg(S[1][1]) = -3.051e+00

It 380/1001: ω/2π = 2.426e+00 GHz (total elapsed time = 4.72e+01 s)

 Sol. ||E|| = 4.462857e+01
 Field energy E (1.146e-08 J) + H (1.146e-08 J) = 2.292e-08 J
 S[1][1] = +9.808e-01-5.513e-02i, |S[1][1]| = -1.543e-01, arg(S[1][1]) = -3.217e+00

It 381/1001: ω/2π = 2.427e+00 GHz (total elapsed time = 4.73e+01 s)

 Sol. ||E|| = 4.495908e+01
 Field energy E (1.164e-08 J) + H (1.164e-08 J) = 2.328e-08 J
 S[1][1] = +9.804e-01-5.800e-02i, |S[1][1]| = -1.568e-01, arg(S[1][1]) = -3.386e+00

It 382/1001: ω/2π = 2.427e+00 GHz (total elapsed time = 4.73e+01 s)

 Sol. ||E|| = 4.529482e+01
 Field energy E (1.183e-08 J) + H (1.182e-08 J) = 2.365e-08 J
 S[1][1] = +9.799e-01-6.091e-02i, |S[1][1]| = -1.593e-01, arg(S[1][1]) = -3.557e+00

It 383/1001: ω/2π = 2.427e+00 GHz (total elapsed time = 4.74e+01 s)

 Sol. ||E|| = 4.563590e+01
 Field energy E (1.202e-08 J) + H (1.201e-08 J) = 2.403e-08 J
 S[1][1] = +9.795e-01-6.387e-02i, |S[1][1]| = -1.618e-01, arg(S[1][1]) = -3.731e+00

It 384/1001: ω/2π = 2.427e+00 GHz (total elapsed time = 4.75e+01 s)

 Sol. ||E|| = 4.598244e+01
 Field energy E (1.221e-08 J) + H (1.221e-08 J) = 2.441e-08 J
 S[1][1] = +9.790e-01-6.687e-02i, |S[1][1]| = -1.645e-01, arg(S[1][1]) = -3.908e+00

It 385/1001: ω/2π = 2.427e+00 GHz (total elapsed time = 4.76e+01 s)

 Sol. ||E|| = 4.633457e+01
 Field energy E (1.241e-08 J) + H (1.240e-08 J) = 2.481e-08 J
 S[1][1] = +9.784e-01-6.992e-02i, |S[1][1]| = -1.672e-01, arg(S[1][1]) = -4.087e+00

It 386/1001: ω/2π = 2.427e+00 GHz (total elapsed time = 4.77e+01 s)

 Sol. ||E|| = 4.669241e+01
 Field energy E (1.261e-08 J) + H (1.260e-08 J) = 2.521e-08 J
 S[1][1] = +9.779e-01-7.302e-02i, |S[1][1]| = -1.699e-01, arg(S[1][1]) = -4.270e+00

It 387/1001: ω/2π = 2.427e+00 GHz (total elapsed time = 4.78e+01 s)

 Sol. ||E|| = 4.705611e+01
 Field energy E (1.282e-08 J) + H (1.281e-08 J) = 2.563e-08 J
 S[1][1] = +9.773e-01-7.616e-02i, |S[1][1]| = -1.728e-01, arg(S[1][1]) = -4.456e+00

It 388/1001: ω/2π = 2.427e+00 GHz (total elapsed time = 4.79e+01 s)

 Sol. ||E|| = 4.742579e+01
 Field energy E (1.303e-08 J) + H (1.302e-08 J) = 2.605e-08 J
 S[1][1] = +9.768e-01-7.936e-02i, |S[1][1]| = -1.757e-01, arg(S[1][1]) = -4.645e+00

It 389/1001: ω/2π = 2.427e+00 GHz (total elapsed time = 4.79e+01 s)

 Sol. ||E|| = 4.780159e+01
 Field energy E (1.325e-08 J) + H (1.324e-08 J) = 2.649e-08 J
 S[1][1] = +9.762e-01-8.260e-02i, |S[1][1]| = -1.786e-01, arg(S[1][1]) = -4.837e+00

It 390/1001: ω/2π = 2.427e+00 GHz (total elapsed time = 4.80e+01 s)

 Sol. ||E|| = 4.818366e+01
 Field energy E (1.347e-08 J) + H (1.346e-08 J) = 2.693e-08 J
 S[1][1] = +9.755e-01-8.590e-02i, |S[1][1]| = -1.817e-01, arg(S[1][1]) = -5.032e+00

It 391/1001: ω/2π = 2.427e+00 GHz (total elapsed time = 4.81e+01 s)

 Sol. ||E|| = 4.857216e+01
 Field energy E (1.370e-08 J) + H (1.369e-08 J) = 2.739e-08 J
 S[1][1] = +9.749e-01-8.925e-02i, |S[1][1]| = -1.848e-01, arg(S[1][1]) = -5.231e+00

It 392/1001: ω/2π = 2.427e+00 GHz (total elapsed time = 4.82e+01 s)

 Sol. ||E|| = 4.896722e+01
 Field energy E (1.393e-08 J) + H (1.393e-08 J) = 2.786e-08 J
 S[1][1] = +9.742e-01-9.265e-02i, |S[1][1]| = -1.880e-01, arg(S[1][1]) = -5.433e+00

It 393/1001: ω/2π = 2.427e+00 GHz (total elapsed time = 4.83e+01 s)

 Sol. ||E|| = 4.936901e+01
 Field energy E (1.417e-08 J) + H (1.417e-08 J) = 2.834e-08 J
 S[1][1] = +9.735e-01-9.611e-02i, |S[1][1]| = -1.913e-01, arg(S[1][1]) = -5.638e+00

It 394/1001: ω/2π = 2.427e+00 GHz (total elapsed time = 4.84e+01 s)

 Sol. ||E|| = 4.977770e+01
 Field energy E (1.442e-08 J) + H (1.441e-08 J) = 2.883e-08 J
 S[1][1] = +9.727e-01-9.963e-02i, |S[1][1]| = -1.947e-01, arg(S[1][1]) = -5.848e+00

It 395/1001: ω/2π = 2.427e+00 GHz (total elapsed time = 4.85e+01 s)

 Sol. ||E|| = 5.019344e+01
 Field energy E (1.467e-08 J) + H (1.466e-08 J) = 2.934e-08 J
 S[1][1] = +9.720e-01-1.032e-01i, |S[1][1]| = -1.982e-01, arg(S[1][1]) = -6.061e+00

It 396/1001: ω/2π = 2.427e+00 GHz (total elapsed time = 4.86e+01 s)

 Sol. ||E|| = 5.061642e+01
 Field energy E (1.493e-08 J) + H (1.492e-08 J) = 2.985e-08 J
 S[1][1] = +9.712e-01-1.068e-01i, |S[1][1]| = -2.017e-01, arg(S[1][1]) = -6.277e+00

It 397/1001: ω/2π = 2.427e+00 GHz (total elapsed time = 4.87e+01 s)

 Sol. ||E|| = 5.104681e+01
 Field energy E (1.520e-08 J) + H (1.519e-08 J) = 3.039e-08 J
 S[1][1] = +9.704e-01-1.105e-01i, |S[1][1]| = -2.054e-01, arg(S[1][1]) = -6.498e+00

It 398/1001: ω/2π = 2.427e+00 GHz (total elapsed time = 4.88e+01 s)

 Sol. ||E|| = 5.148480e+01
 Field energy E (1.547e-08 J) + H (1.546e-08 J) = 3.093e-08 J
 S[1][1] = +9.695e-01-1.143e-01i, |S[1][1]| = -2.092e-01, arg(S[1][1]) = -6.723e+00

It 399/1001: ω/2π = 2.427e+00 GHz (total elapsed time = 4.89e+01 s)

 Sol. ||E|| = 5.193058e+01
 Field energy E (1.575e-08 J) + H (1.574e-08 J) = 3.149e-08 J
 S[1][1] = +9.686e-01-1.181e-01i, |S[1][1]| = -2.130e-01, arg(S[1][1]) = -6.952e+00

It 400/1001: ω/2π = 2.427e+00 GHz (total elapsed time = 4.90e+01 s)

 Sol. ||E|| = 5.238433e+01
 Field energy E (1.604e-08 J) + H (1.603e-08 J) = 3.207e-08 J
 S[1][1] = +9.677e-01-1.220e-01i, |S[1][1]| = -2.170e-01, arg(S[1][1]) = -7.185e+00

It 401/1001: ω/2π = 2.427e+00 GHz (total elapsed time = 4.90e+01 s)

 Sol. ||E|| = 5.284627e+01
 Field energy E (1.633e-08 J) + H (1.632e-08 J) = 3.266e-08 J
 S[1][1] = +9.667e-01-1.259e-01i, |S[1][1]| = -2.211e-01, arg(S[1][1]) = -7.422e+00

It 402/1001: ω/2π = 2.427e+00 GHz (total elapsed time = 4.91e+01 s)

 Sol. ||E|| = 5.331661e+01
 Field energy E (1.664e-08 J) + H (1.663e-08 J) = 3.326e-08 J
 S[1][1] = +9.657e-01-1.299e-01i, |S[1][1]| = -2.253e-01, arg(S[1][1]) = -7.664e+00

It 403/1001: ω/2π = 2.427e+00 GHz (total elapsed time = 4.92e+01 s)

 Sol. ||E|| = 5.379555e+01
 Field energy E (1.695e-08 J) + H (1.694e-08 J) = 3.389e-08 J
 S[1][1] = +9.646e-01-1.340e-01i, |S[1][1]| = -2.296e-01, arg(S[1][1]) = -7.911e+00

It 404/1001: ω/2π = 2.427e+00 GHz (total elapsed time = 4.93e+01 s)

 Sol. ||E|| = 5.428333e+01
 Field energy E (1.727e-08 J) + H (1.726e-08 J) = 3.453e-08 J
 S[1][1] = +9.636e-01-1.382e-01i, |S[1][1]| = -2.340e-01, arg(S[1][1]) = -8.162e+00

It 405/1001: ω/2π = 2.427e+00 GHz (total elapsed time = 4.94e+01 s)

 Sol. ||E|| = 5.478016e+01
 Field energy E (1.760e-08 J) + H (1.759e-08 J) = 3.519e-08 J
 S[1][1] = +9.624e-01-1.424e-01i, |S[1][1]| = -2.386e-01, arg(S[1][1]) = -8.418e+00

It 406/1001: ω/2π = 2.427e+00 GHz (total elapsed time = 4.95e+01 s)

 Sol. ||E|| = 5.528630e+01
 Field energy E (1.794e-08 J) + H (1.793e-08 J) = 3.586e-08 J
 S[1][1] = +9.612e-01-1.467e-01i, |S[1][1]| = -2.433e-01, arg(S[1][1]) = -8.679e+00

It 407/1001: ω/2π = 2.427e+00 GHz (total elapsed time = 4.96e+01 s)

 Sol. ||E|| = 5.580198e+01
 Field energy E (1.828e-08 J) + H (1.827e-08 J) = 3.656e-08 J
 S[1][1] = +9.600e-01-1.511e-01i, |S[1][1]| = -2.482e-01, arg(S[1][1]) = -8.945e+00

It 408/1001: ω/2π = 2.427e+00 GHz (total elapsed time = 4.97e+01 s)

 Sol. ||E|| = 5.632746e+01
 Field energy E (1.864e-08 J) + H (1.863e-08 J) = 3.727e-08 J
 S[1][1] = +9.587e-01-1.556e-01i, |S[1][1]| = -2.531e-01, arg(S[1][1]) = -9.217e+00

It 409/1001: ω/2π = 2.427e+00 GHz (total elapsed time = 4.97e+01 s)

 Sol. ||E|| = 5.686300e+01
 Field energy E (1.901e-08 J) + H (1.900e-08 J) = 3.801e-08 J
 S[1][1] = +9.574e-01-1.601e-01i, |S[1][1]| = -2.583e-01, arg(S[1][1]) = -9.494e+00

It 410/1001: ω/2π = 2.427e+00 GHz (total elapsed time = 4.98e+01 s)

 Sol. ||E|| = 5.740886e+01
 Field energy E (1.939e-08 J) + H (1.938e-08 J) = 3.877e-08 J
 S[1][1] = +9.560e-01-1.647e-01i, |S[1][1]| = -2.636e-01, arg(S[1][1]) = -9.777e+00

It 411/1001: ω/2π = 2.427e+00 GHz (total elapsed time = 4.99e+01 s)

 Sol. ||E|| = 5.796534e+01
 Field energy E (1.978e-08 J) + H (1.977e-08 J) = 3.955e-08 J
 S[1][1] = +9.546e-01-1.694e-01i, |S[1][1]| = -2.690e-01, arg(S[1][1]) = -1.007e+01

It 412/1001: ω/2π = 2.427e+00 GHz (total elapsed time = 5.00e+01 s)

 Sol. ||E|| = 5.853272e+01
 Field energy E (2.018e-08 J) + H (2.017e-08 J) = 4.035e-08 J
 S[1][1] = +9.531e-01-1.742e-01i, |S[1][1]| = -2.746e-01, arg(S[1][1]) = -1.036e+01

It 413/1001: ω/2π = 2.427e+00 GHz (total elapsed time = 5.01e+01 s)

 Sol. ||E|| = 5.911129e+01
 Field energy E (2.060e-08 J) + H (2.058e-08 J) = 4.118e-08 J
 S[1][1] = +9.515e-01-1.791e-01i, |S[1][1]| = -2.804e-01, arg(S[1][1]) = -1.066e+01

It 414/1001: ω/2π = 2.427e+00 GHz (total elapsed time = 5.02e+01 s)

 Sol. ||E|| = 5.970137e+01
 Field energy E (2.102e-08 J) + H (2.101e-08 J) = 4.203e-08 J
 S[1][1] = +9.499e-01-1.841e-01i, |S[1][1]| = -2.864e-01, arg(S[1][1]) = -1.097e+01

It 415/1001: ω/2π = 2.427e+00 GHz (total elapsed time = 5.03e+01 s)

 Sol. ||E|| = 6.030328e+01
 Field energy E (2.146e-08 J) + H (2.145e-08 J) = 4.291e-08 J
 S[1][1] = +9.482e-01-1.891e-01i, |S[1][1]| = -2.926e-01, arg(S[1][1]) = -1.128e+01

It 416/1001: ω/2π = 2.427e+00 GHz (total elapsed time = 5.04e+01 s)

 Sol. ||E|| = 6.091735e+01
 Field energy E (2.191e-08 J) + H (2.190e-08 J) = 4.381e-08 J
 S[1][1] = +9.464e-01-1.943e-01i, |S[1][1]| = -2.990e-01, arg(S[1][1]) = -1.160e+01

It 417/1001: ω/2π = 2.427e+00 GHz (total elapsed time = 5.05e+01 s)

 Sol. ||E|| = 6.154391e+01
 Field energy E (2.238e-08 J) + H (2.237e-08 J) = 4.474e-08 J
 S[1][1] = +9.446e-01-1.995e-01i, |S[1][1]| = -3.055e-01, arg(S[1][1]) = -1.193e+01

It 418/1001: ω/2π = 2.427e+00 GHz (total elapsed time = 5.06e+01 s)

 Sol. ||E|| = 6.218333e+01
 Field energy E (2.286e-08 J) + H (2.285e-08 J) = 4.571e-08 J
 S[1][1] = +9.427e-01-2.049e-01i, |S[1][1]| = -3.123e-01, arg(S[1][1]) = -1.226e+01

It 419/1001: ω/2π = 2.427e+00 GHz (total elapsed time = 5.07e+01 s)

 Sol. ||E|| = 6.283596e+01
 Field energy E (2.336e-08 J) + H (2.334e-08 J) = 4.670e-08 J
 S[1][1] = +9.407e-01-2.103e-01i, |S[1][1]| = -3.194e-01, arg(S[1][1]) = -1.260e+01

It 420/1001: ω/2π = 2.427e+00 GHz (total elapsed time = 5.07e+01 s)

 Sol. ||E|| = 6.350219e+01
 Field energy E (2.387e-08 J) + H (2.385e-08 J) = 4.772e-08 J
 S[1][1] = +9.386e-01-2.159e-01i, |S[1][1]| = -3.266e-01, arg(S[1][1]) = -1.295e+01

It 421/1001: ω/2π = 2.427e+00 GHz (total elapsed time = 5.08e+01 s)

 Sol. ||E|| = 6.418241e+01
 Field energy E (2.439e-08 J) + H (2.438e-08 J) = 4.877e-08 J
 S[1][1] = +9.364e-01-2.216e-01i, |S[1][1]| = -3.341e-01, arg(S[1][1]) = -1.331e+01

It 422/1001: ω/2π = 2.427e+00 GHz (total elapsed time = 5.09e+01 s)

 Sol. ||E|| = 6.487702e+01
 Field energy E (2.494e-08 J) + H (2.492e-08 J) = 4.986e-08 J
 S[1][1] = +9.341e-01-2.273e-01i, |S[1][1]| = -3.418e-01, arg(S[1][1]) = -1.368e+01

It 423/1001: ω/2π = 2.427e+00 GHz (total elapsed time = 5.10e+01 s)

 Sol. ||E|| = 6.558645e+01
 Field energy E (2.550e-08 J) + H (2.549e-08 J) = 5.099e-08 J
 S[1][1] = +9.318e-01-2.332e-01i, |S[1][1]| = -3.499e-01, arg(S[1][1]) = -1.405e+01

It 424/1001: ω/2π = 2.427e+00 GHz (total elapsed time = 5.11e+01 s)

 Sol. ||E|| = 6.631112e+01
 Field energy E (2.608e-08 J) + H (2.607e-08 J) = 5.215e-08 J
 S[1][1] = +9.293e-01-2.392e-01i, |S[1][1]| = -3.582e-01, arg(S[1][1]) = -1.443e+01

It 425/1001: ω/2π = 2.427e+00 GHz (total elapsed time = 5.12e+01 s)

 Sol. ||E|| = 6.705149e+01
 Field energy E (2.668e-08 J) + H (2.667e-08 J) = 5.335e-08 J
 S[1][1] = +9.267e-01-2.453e-01i, |S[1][1]| = -3.667e-01, arg(S[1][1]) = -1.483e+01

It 426/1001: ω/2π = 2.427e+00 GHz (total elapsed time = 5.13e+01 s)

 Sol. ||E|| = 6.780802e+01
 Field energy E (2.730e-08 J) + H (2.729e-08 J) = 5.459e-08 J
 S[1][1] = +9.241e-01-2.515e-01i, |S[1][1]| = -3.756e-01, arg(S[1][1]) = -1.523e+01

It 427/1001: ω/2π = 2.427e+00 GHz (total elapsed time = 5.14e+01 s)

 Sol. ||E|| = 6.858119e+01
 Field energy E (2.794e-08 J) + H (2.793e-08 J) = 5.587e-08 J
 S[1][1] = +9.213e-01-2.579e-01i, |S[1][1]| = -3.848e-01, arg(S[1][1]) = -1.564e+01

It 428/1001: ω/2π = 2.427e+00 GHz (total elapsed time = 5.14e+01 s)

 Sol. ||E|| = 6.937150e+01
 Field energy E (2.861e-08 J) + H (2.859e-08 J) = 5.719e-08 J
 S[1][1] = +9.183e-01-2.643e-01i, |S[1][1]| = -3.944e-01, arg(S[1][1]) = -1.606e+01

It 429/1001: ω/2π = 2.427e+00 GHz (total elapsed time = 5.15e+01 s)

 Sol. ||E|| = 7.017947e+01
 Field energy E (2.929e-08 J) + H (2.927e-08 J) = 5.856e-08 J
 S[1][1] = +9.153e-01-2.709e-01i, |S[1][1]| = -4.043e-01, arg(S[1][1]) = -1.649e+01

It 430/1001: ω/2π = 2.427e+00 GHz (total elapsed time = 5.16e+01 s)

 Sol. ||E|| = 7.100562e+01
 Field energy E (3.000e-08 J) + H (2.998e-08 J) = 5.998e-08 J
 S[1][1] = +9.121e-01-2.777e-01i, |S[1][1]| = -4.145e-01, arg(S[1][1]) = -1.693e+01

It 431/1001: ω/2π = 2.428e+00 GHz (total elapsed time = 5.17e+01 s)

 Sol. ||E|| = 7.185051e+01
 Field energy E (3.073e-08 J) + H (3.071e-08 J) = 6.145e-08 J
 S[1][1] = +9.087e-01-2.845e-01i, |S[1][1]| = -4.252e-01, arg(S[1][1]) = -1.739e+01

It 432/1001: ω/2π = 2.428e+00 GHz (total elapsed time = 5.18e+01 s)

 Sol. ||E|| = 7.271471e+01
 Field energy E (3.149e-08 J) + H (3.147e-08 J) = 6.296e-08 J
 S[1][1] = +9.052e-01-2.915e-01i, |S[1][1]| = -4.362e-01, arg(S[1][1]) = -1.785e+01

It 433/1001: ω/2π = 2.428e+00 GHz (total elapsed time = 5.19e+01 s)

 Sol. ||E|| = 7.359880e+01
 Field energy E (3.228e-08 J) + H (3.226e-08 J) = 6.453e-08 J
 S[1][1] = +9.016e-01-2.987e-01i, |S[1][1]| = -4.477e-01, arg(S[1][1]) = -1.833e+01

It 434/1001: ω/2π = 2.428e+00 GHz (total elapsed time = 5.20e+01 s)

 Sol. ||E|| = 7.450341e+01
 Field energy E (3.309e-08 J) + H (3.307e-08 J) = 6.616e-08 J
 S[1][1] = +8.978e-01-3.059e-01i, |S[1][1]| = -4.596e-01, arg(S[1][1]) = -1.882e+01

It 435/1001: ω/2π = 2.428e+00 GHz (total elapsed time = 5.21e+01 s)

 Sol. ||E|| = 7.542915e+01
 Field energy E (3.393e-08 J) + H (3.391e-08 J) = 6.785e-08 J
 S[1][1] = +8.938e-01-3.133e-01i, |S[1][1]| = -4.719e-01, arg(S[1][1]) = -1.932e+01

It 436/1001: ω/2π = 2.428e+00 GHz (total elapsed time = 5.21e+01 s)

 Sol. ||E|| = 7.637668e+01
 Field energy E (3.481e-08 J) + H (3.479e-08 J) = 6.960e-08 J
 S[1][1] = +8.896e-01-3.209e-01i, |S[1][1]| = -4.848e-01, arg(S[1][1]) = -1.984e+01

It 437/1001: ω/2π = 2.428e+00 GHz (total elapsed time = 5.22e+01 s)

 Sol. ||E|| = 7.734667e+01
 Field energy E (3.571e-08 J) + H (3.569e-08 J) = 7.141e-08 J
 S[1][1] = +8.852e-01-3.286e-01i, |S[1][1]| = -4.982e-01, arg(S[1][1]) = -2.036e+01

It 438/1001: ω/2π = 2.428e+00 GHz (total elapsed time = 5.23e+01 s)

 Sol. ||E|| = 7.833981e+01
 Field energy E (3.665e-08 J) + H (3.663e-08 J) = 7.328e-08 J
 S[1][1] = +8.807e-01-3.365e-01i, |S[1][1]| = -5.121e-01, arg(S[1][1]) = -2.091e+01

It 439/1001: ω/2π = 2.428e+00 GHz (total elapsed time = 5.24e+01 s)

 Sol. ||E|| = 7.935683e+01
 Field energy E (3.763e-08 J) + H (3.760e-08 J) = 7.523e-08 J
 S[1][1] = +8.759e-01-3.445e-01i, |S[1][1]| = -5.265e-01, arg(S[1][1]) = -2.147e+01

It 440/1001: ω/2π = 2.428e+00 GHz (total elapsed time = 5.25e+01 s)

 Sol. ||E|| = 8.039846e+01
 Field energy E (3.864e-08 J) + H (3.862e-08 J) = 7.725e-08 J
 S[1][1] = +8.709e-01-3.526e-01i, |S[1][1]| = -5.416e-01, arg(S[1][1]) = -2.204e+01

It 441/1001: ω/2π = 2.428e+00 GHz (total elapsed time = 5.26e+01 s)

 Sol. ||E|| = 8.146546e+01
 Field energy E (3.969e-08 J) + H (3.966e-08 J) = 7.935e-08 J
 S[1][1] = +8.656e-01-3.609e-01i, |S[1][1]| = -5.573e-01, arg(S[1][1]) = -2.264e+01

It 442/1001: ω/2π = 2.428e+00 GHz (total elapsed time = 5.27e+01 s)

 Sol. ||E|| = 8.255862e+01
 Field energy E (4.078e-08 J) + H (4.075e-08 J) = 8.153e-08 J
 S[1][1] = +8.601e-01-3.694e-01i, |S[1][1]| = -5.737e-01, arg(S[1][1]) = -2.324e+01

It 443/1001: ω/2π = 2.428e+00 GHz (total elapsed time = 5.28e+01 s)

 Sol. ||E|| = 8.367874e+01
 Field energy E (4.191e-08 J) + H (4.188e-08 J) = 8.379e-08 J
 S[1][1] = +8.543e-01-3.781e-01i, |S[1][1]| = -5.907e-01, arg(S[1][1]) = -2.387e+01

It 444/1001: ω/2π = 2.428e+00 GHz (total elapsed time = 5.29e+01 s)

 Sol. ||E|| = 8.482666e+01
 Field energy E (4.308e-08 J) + H (4.306e-08 J) = 8.614e-08 J
 S[1][1] = +8.483e-01-3.869e-01i, |S[1][1]| = -6.085e-01, arg(S[1][1]) = -2.452e+01

It 445/1001: ω/2π = 2.428e+00 GHz (total elapsed time = 5.29e+01 s)

 Sol. ||E|| = 8.600323e+01
 Field energy E (4.430e-08 J) + H (4.428e-08 J) = 8.858e-08 J
 S[1][1] = +8.419e-01-3.958e-01i, |S[1][1]| = -6.271e-01, arg(S[1][1]) = -2.518e+01

It 446/1001: ω/2π = 2.428e+00 GHz (total elapsed time = 5.30e+01 s)

 Sol. ||E|| = 8.720932e+01
 Field energy E (4.557e-08 J) + H (4.555e-08 J) = 9.112e-08 J
 S[1][1] = +8.353e-01-4.049e-01i, |S[1][1]| = -6.465e-01, arg(S[1][1]) = -2.586e+01

It 447/1001: ω/2π = 2.428e+00 GHz (total elapsed time = 5.31e+01 s)

 Sol. ||E|| = 8.844584e+01
 Field energy E (4.689e-08 J) + H (4.686e-08 J) = 9.376e-08 J
 S[1][1] = +8.283e-01-4.142e-01i, |S[1][1]| = -6.667e-01, arg(S[1][1]) = -2.657e+01

It 448/1001: ω/2π = 2.428e+00 GHz (total elapsed time = 5.32e+01 s)

 Sol. ||E|| = 8.971369e+01
 Field energy E (4.826e-08 J) + H (4.824e-08 J) = 9.650e-08 J
 S[1][1] = +8.210e-01-4.237e-01i, |S[1][1]| = -6.878e-01, arg(S[1][1]) = -2.730e+01

It 449/1001: ω/2π = 2.428e+00 GHz (total elapsed time = 5.33e+01 s)

 Sol. ||E|| = 9.101381e+01
 Field energy E (4.969e-08 J) + H (4.966e-08 J) = 9.935e-08 J
 S[1][1] = +8.133e-01-4.333e-01i, |S[1][1]| = -7.100e-01, arg(S[1][1]) = -2.805e+01

It 450/1001: ω/2π = 2.428e+00 GHz (total elapsed time = 5.34e+01 s)

 Sol. ||E|| = 9.234716e+01
 Field energy E (5.118e-08 J) + H (5.115e-08 J) = 1.023e-07 J
 S[1][1] = +8.052e-01-4.430e-01i, |S[1][1]| = -7.331e-01, arg(S[1][1]) = -2.882e+01

It 451/1001: ω/2π = 2.428e+00 GHz (total elapsed time = 5.35e+01 s)

 Sol. ||E|| = 9.371471e+01
 Field energy E (5.272e-08 J) + H (5.269e-08 J) = 1.054e-07 J
 S[1][1] = +7.967e-01-4.530e-01i, |S[1][1]| = -7.573e-01, arg(S[1][1]) = -2.962e+01

It 452/1001: ω/2π = 2.428e+00 GHz (total elapsed time = 5.36e+01 s)

 Sol. ||E|| = 9.511744e+01
 Field energy E (5.433e-08 J) + H (5.430e-08 J) = 1.086e-07 J
 S[1][1] = +7.878e-01-4.630e-01i, |S[1][1]| = -7.827e-01, arg(S[1][1]) = -3.044e+01

It 453/1001: ω/2π = 2.428e+00 GHz (total elapsed time = 5.37e+01 s)

 Sol. ||E|| = 9.655634e+01
 Field energy E (5.601e-08 J) + H (5.597e-08 J) = 1.120e-07 J
 S[1][1] = +7.785e-01-4.733e-01i, |S[1][1]| = -8.092e-01, arg(S[1][1]) = -3.130e+01

It 454/1001: ω/2π = 2.428e+00 GHz (total elapsed time = 5.38e+01 s)

 Sol. ||E|| = 9.803241e+01
 Field energy E (5.775e-08 J) + H (5.772e-08 J) = 1.155e-07 J
 S[1][1] = +7.686e-01-4.836e-01i, |S[1][1]| = -8.370e-01, arg(S[1][1]) = -3.218e+01

It 455/1001: ω/2π = 2.428e+00 GHz (total elapsed time = 5.38e+01 s)

 Sol. ||E|| = 9.954665e+01
 Field energy E (5.957e-08 J) + H (5.953e-08 J) = 1.191e-07 J
 S[1][1] = +7.583e-01-4.941e-01i, |S[1][1]| = -8.662e-01, arg(S[1][1]) = -3.309e+01

It 456/1001: ω/2π = 2.428e+00 GHz (total elapsed time = 5.39e+01 s)

 Sol. ||E|| = 1.011001e+02
 Field energy E (6.146e-08 J) + H (6.143e-08 J) = 1.229e-07 J
 S[1][1] = +7.474e-01-5.047e-01i, |S[1][1]| = -8.968e-01, arg(S[1][1]) = -3.403e+01

It 457/1001: ω/2π = 2.428e+00 GHz (total elapsed time = 5.40e+01 s)

 Sol. ||E|| = 1.026936e+02
 Field energy E (6.343e-08 J) + H (6.340e-08 J) = 1.268e-07 J
 S[1][1] = +7.360e-01-5.155e-01i, |S[1][1]| = -9.290e-01, arg(S[1][1]) = -3.501e+01

It 458/1001: ω/2π = 2.428e+00 GHz (total elapsed time = 5.41e+01 s)

 Sol. ||E|| = 1.043283e+02
 Field energy E (6.549e-08 J) + H (6.545e-08 J) = 1.309e-07 J
 S[1][1] = +7.240e-01-5.263e-01i, |S[1][1]| = -9.627e-01, arg(S[1][1]) = -3.602e+01

It 459/1001: ω/2π = 2.428e+00 GHz (total elapsed time = 5.42e+01 s)

 Sol. ||E|| = 1.060051e+02
 Field energy E (6.763e-08 J) + H (6.759e-08 J) = 1.352e-07 J
 S[1][1] = +7.113e-01-5.373e-01i, |S[1][1]| = -9.982e-01, arg(S[1][1]) = -3.706e+01

It 460/1001: ω/2π = 2.428e+00 GHz (total elapsed time = 5.43e+01 s)

 Sol. ||E|| = 1.077249e+02
 Field energy E (6.986e-08 J) + H (6.983e-08 J) = 1.397e-07 J
 S[1][1] = +6.980e-01-5.483e-01i, |S[1][1]| = -1.035e+00, arg(S[1][1]) = -3.815e+01

It 461/1001: ω/2π = 2.428e+00 GHz (total elapsed time = 5.44e+01 s)

 Sol. ||E|| = 1.094886e+02
 Field energy E (7.219e-08 J) + H (7.215e-08 J) = 1.443e-07 J
 S[1][1] = +6.840e-01-5.594e-01i, |S[1][1]| = -1.075e+00, arg(S[1][1]) = -3.927e+01

It 462/1001: ω/2π = 2.428e+00 GHz (total elapsed time = 5.45e+01 s)

 Sol. ||E|| = 1.112969e+02
 Field energy E (7.461e-08 J) + H (7.458e-08 J) = 1.492e-07 J
 S[1][1] = +6.693e-01-5.705e-01i, |S[1][1]| = -1.116e+00, arg(S[1][1]) = -4.044e+01

It 463/1001: ω/2π = 2.428e+00 GHz (total elapsed time = 5.46e+01 s)

 Sol. ||E|| = 1.131507e+02
 Field energy E (7.714e-08 J) + H (7.710e-08 J) = 1.542e-07 J
 S[1][1] = +6.538e-01-5.816e-01i, |S[1][1]| = -1.159e+00, arg(S[1][1]) = -4.165e+01

It 464/1001: ω/2π = 2.428e+00 GHz (total elapsed time = 5.46e+01 s)

 Sol. ||E|| = 1.150505e+02
 Field energy E (7.977e-08 J) + H (7.973e-08 J) = 1.595e-07 J
 S[1][1] = +6.375e-01-5.927e-01i, |S[1][1]| = -1.205e+00, arg(S[1][1]) = -4.291e+01

It 465/1001: ω/2π = 2.428e+00 GHz (total elapsed time = 5.47e+01 s)

 Sol. ||E|| = 1.169969e+02
 Field energy E (8.252e-08 J) + H (8.248e-08 J) = 1.650e-07 J
 S[1][1] = +6.204e-01-6.037e-01i, |S[1][1]| = -1.253e+00, arg(S[1][1]) = -4.422e+01

It 466/1001: ω/2π = 2.428e+00 GHz (total elapsed time = 5.48e+01 s)

 Sol. ||E|| = 1.189904e+02
 Field energy E (8.537e-08 J) + H (8.533e-08 J) = 1.707e-07 J
 S[1][1] = +6.024e-01-6.147e-01i, |S[1][1]| = -1.304e+00, arg(S[1][1]) = -4.558e+01

It 467/1001: ω/2π = 2.428e+00 GHz (total elapsed time = 5.49e+01 s)

 Sol. ||E|| = 1.210311e+02
 Field energy E (8.835e-08 J) + H (8.830e-08 J) = 1.767e-07 J
 S[1][1] = +5.834e-01-6.255e-01i, |S[1][1]| = -1.357e+00, arg(S[1][1]) = -4.699e+01

It 468/1001: ω/2π = 2.428e+00 GHz (total elapsed time = 5.50e+01 s)

 Sol. ||E|| = 1.231192e+02
 Field energy E (9.144e-08 J) + H (9.140e-08 J) = 1.828e-07 J
 S[1][1] = +5.635e-01-6.361e-01i, |S[1][1]| = -1.413e+00, arg(S[1][1]) = -4.846e+01

It 469/1001: ω/2π = 2.428e+00 GHz (total elapsed time = 5.51e+01 s)

 Sol. ||E|| = 1.252545e+02
 Field energy E (9.466e-08 J) + H (9.462e-08 J) = 1.893e-07 J
 S[1][1] = +5.426e-01-6.465e-01i, |S[1][1]| = -1.473e+00, arg(S[1][1]) = -5.000e+01

It 470/1001: ω/2π = 2.428e+00 GHz (total elapsed time = 5.52e+01 s)

 Sol. ||E|| = 1.274366e+02
 Field energy E (9.801e-08 J) + H (9.797e-08 J) = 1.960e-07 J
 S[1][1] = +5.206e-01-6.567e-01i, |S[1][1]| = -1.535e+00, arg(S[1][1]) = -5.159e+01

It 471/1001: ω/2π = 2.428e+00 GHz (total elapsed time = 5.53e+01 s)

 Sol. ||E|| = 1.296648e+02
 Field energy E (1.015e-07 J) + H (1.014e-07 J) = 2.029e-07 J
 S[1][1] = +4.975e-01-6.664e-01i, |S[1][1]| = -1.601e+00, arg(S[1][1]) = -5.326e+01

It 472/1001: ω/2π = 2.428e+00 GHz (total elapsed time = 5.53e+01 s)

 Sol. ||E|| = 1.319382e+02
 Field energy E (1.051e-07 J) + H (1.051e-07 J) = 2.102e-07 J
 S[1][1] = +4.733e-01-6.757e-01i, |S[1][1]| = -1.671e+00, arg(S[1][1]) = -5.499e+01

It 473/1001: ω/2π = 2.428e+00 GHz (total elapsed time = 5.54e+01 s)

 Sol. ||E|| = 1.342552e+02
 Field energy E (1.088e-07 J) + H (1.088e-07 J) = 2.176e-07 J
 S[1][1] = +4.479e-01-6.846e-01i, |S[1][1]| = -1.744e+00, arg(S[1][1]) = -5.680e+01

It 474/1001: ω/2π = 2.428e+00 GHz (total elapsed time = 5.55e+01 s)

 Sol. ||E|| = 1.366143e+02
 Field energy E (1.127e-07 J) + H (1.127e-07 J) = 2.254e-07 J
 S[1][1] = +4.213e-01-6.928e-01i, |S[1][1]| = -1.822e+00, arg(S[1][1]) = -5.869e+01

It 475/1001: ω/2π = 2.428e+00 GHz (total elapsed time = 5.56e+01 s)

 Sol. ||E|| = 1.390129e+02
 Field energy E (1.167e-07 J) + H (1.167e-07 J) = 2.334e-07 J
 S[1][1] = +3.935e-01-7.003e-01i, |S[1][1]| = -1.903e+00, arg(S[1][1]) = -6.067e+01

It 476/1001: ω/2π = 2.428e+00 GHz (total elapsed time = 5.57e+01 s)

 Sol. ||E|| = 1.414484e+02
 Field energy E (1.209e-07 J) + H (1.208e-07 J) = 2.417e-07 J
 S[1][1] = +3.644e-01-7.069e-01i, |S[1][1]| = -1.989e+00, arg(S[1][1]) = -6.273e+01

It 477/1001: ω/2π = 2.428e+00 GHz (total elapsed time = 5.58e+01 s)

 Sol. ||E|| = 1.439172e+02
 Field energy E (1.252e-07 J) + H (1.251e-07 J) = 2.503e-07 J
 S[1][1] = +3.340e-01-7.127e-01i, |S[1][1]| = -2.079e+00, arg(S[1][1]) = -6.489e+01

It 478/1001: ω/2π = 2.428e+00 GHz (total elapsed time = 5.59e+01 s)

 Sol. ||E|| = 1.464154e+02
 Field energy E (1.296e-07 J) + H (1.295e-07 J) = 2.591e-07 J
 S[1][1] = +3.024e-01-7.174e-01i, |S[1][1]| = -2.175e+00, arg(S[1][1]) = -6.715e+01

It 479/1001: ω/2π = 2.428e+00 GHz (total elapsed time = 5.60e+01 s)

 Sol. ||E|| = 1.489380e+02
 Field energy E (1.341e-07 J) + H (1.340e-07 J) = 2.681e-07 J
 S[1][1] = +2.694e-01-7.209e-01i, |S[1][1]| = -2.275e+00, arg(S[1][1]) = -6.951e+01

It 480/1001: ω/2π = 2.428e+00 GHz (total elapsed time = 5.61e+01 s)

 Sol. ||E|| = 1.514796e+02
 Field energy E (1.387e-07 J) + H (1.387e-07 J) = 2.774e-07 J
 S[1][1] = +2.352e-01-7.231e-01i, |S[1][1]| = -2.379e+00, arg(S[1][1]) = -7.198e+01

It 481/1001: ω/2π = 2.429e+00 GHz (total elapsed time = 5.61e+01 s)

 Sol. ||E|| = 1.540336e+02
 Field energy E (1.435e-07 J) + H (1.434e-07 J) = 2.869e-07 J
 S[1][1] = +1.998e-01-7.237e-01i, |S[1][1]| = -2.489e+00, arg(S[1][1]) = -7.457e+01

It 482/1001: ω/2π = 2.429e+00 GHz (total elapsed time = 5.62e+01 s)

 Sol. ||E|| = 1.565927e+02
 Field energy E (1.483e-07 J) + H (1.482e-07 J) = 2.965e-07 J
 S[1][1] = +1.632e-01-7.228e-01i, |S[1][1]| = -2.604e+00, arg(S[1][1]) = -7.728e+01

It 483/1001: ω/2π = 2.429e+00 GHz (total elapsed time = 5.63e+01 s)

 Sol. ||E|| = 1.591487e+02
 Field energy E (1.532e-07 J) + H (1.531e-07 J) = 3.063e-07 J
 S[1][1] = +1.254e-01-7.200e-01i, |S[1][1]| = -2.724e+00, arg(S[1][1]) = -8.012e+01

It 484/1001: ω/2π = 2.429e+00 GHz (total elapsed time = 5.64e+01 s)

 Sol. ||E|| = 1.616922e+02
 Field energy E (1.581e-07 J) + H (1.581e-07 J) = 3.162e-07 J
 S[1][1] = +8.657e-02-7.152e-01i, |S[1][1]| = -2.849e+00, arg(S[1][1]) = -8.310e+01

It 485/1001: ω/2π = 2.429e+00 GHz (total elapsed time = 5.65e+01 s)

 Sol. ||E|| = 1.642131e+02
 Field energy E (1.631e-07 J) + H (1.631e-07 J) = 3.262e-07 J
 S[1][1] = +4.682e-02-7.082e-01i, |S[1][1]| = -2.978e+00, arg(S[1][1]) = -8.622e+01

It 486/1001: ω/2π = 2.429e+00 GHz (total elapsed time = 5.66e+01 s)

 Sol. ||E|| = 1.667000e+02
 Field energy E (1.681e-07 J) + H (1.681e-07 J) = 3.362e-07 J
 S[1][1] = +6.257e-03-6.989e-01i, |S[1][1]| = -3.112e+00, arg(S[1][1]) = -8.949e+01

It 487/1001: ω/2π = 2.429e+00 GHz (total elapsed time = 5.67e+01 s)

 Sol. ||E|| = 1.691408e+02
 Field energy E (1.731e-07 J) + H (1.730e-07 J) = 3.461e-07 J
 S[1][1] = -3.495e-02-6.871e-01i, |S[1][1]| = -3.249e+00, arg(S[1][1]) = -9.291e+01

It 488/1001: ω/2π = 2.429e+00 GHz (total elapsed time = 5.68e+01 s)

 Sol. ||E|| = 1.715222e+02
 Field energy E (1.780e-07 J) + H (1.780e-07 J) = 3.560e-07 J
 S[1][1] = -7.661e-02-6.726e-01i, |S[1][1]| = -3.389e+00, arg(S[1][1]) = -9.650e+01

It 489/1001: ω/2π = 2.429e+00 GHz (total elapsed time = 5.69e+01 s)

 Sol. ||E|| = 1.738303e+02
 Field energy E (1.829e-07 J) + H (1.828e-07 J) = 3.657e-07 J
 S[1][1] = -1.185e-01-6.553e-01i, |S[1][1]| = -3.532e+00, arg(S[1][1]) = -1.003e+02

It 490/1001: ω/2π = 2.429e+00 GHz (total elapsed time = 5.69e+01 s)

 Sol. ||E|| = 1.760503e+02
 Field energy E (1.876e-07 J) + H (1.875e-07 J) = 3.751e-07 J
 S[1][1] = -1.604e-01-6.351e-01i, |S[1][1]| = -3.675e+00, arg(S[1][1]) = -1.042e+02

It 491/1001: ω/2π = 2.429e+00 GHz (total elapsed time = 5.70e+01 s)

 Sol. ||E|| = 1.781669e+02
 Field energy E (1.921e-07 J) + H (1.921e-07 J) = 3.842e-07 J
 S[1][1] = -2.021e-01-6.118e-01i, |S[1][1]| = -3.818e+00, arg(S[1][1]) = -1.083e+02

It 492/1001: ω/2π = 2.429e+00 GHz (total elapsed time = 5.71e+01 s)

 Sol. ||E|| = 1.801645e+02
 Field energy E (1.965e-07 J) + H (1.964e-07 J) = 3.929e-07 J
 S[1][1] = -2.432e-01-5.854e-01i, |S[1][1]| = -3.960e+00, arg(S[1][1]) = -1.126e+02

It 493/1001: ω/2π = 2.429e+00 GHz (total elapsed time = 5.72e+01 s)

 Sol. ||E|| = 1.820274e+02
 Field energy E (2.005e-07 J) + H (2.005e-07 J) = 4.011e-07 J
 S[1][1] = -2.834e-01-5.559e-01i, |S[1][1]| = -4.097e+00, arg(S[1][1]) = -1.170e+02

It 494/1001: ω/2π = 2.429e+00 GHz (total elapsed time = 5.73e+01 s)

 Sol. ||E|| = 1.837398e+02
 Field energy E (2.043e-07 J) + H (2.043e-07 J) = 4.087e-07 J
 S[1][1] = -3.223e-01-5.232e-01i, |S[1][1]| = -4.229e+00, arg(S[1][1]) = -1.216e+02

It 495/1001: ω/2π = 2.429e+00 GHz (total elapsed time = 5.74e+01 s)

 Sol. ||E|| = 1.852867e+02
 Field energy E (2.078e-07 J) + H (2.078e-07 J) = 4.156e-07 J
 S[1][1] = -3.598e-01-4.874e-01i, |S[1][1]| = -4.353e+00, arg(S[1][1]) = -1.264e+02

It 496/1001: ω/2π = 2.429e+00 GHz (total elapsed time = 5.75e+01 s)

 Sol. ||E|| = 1.866537e+02
 Field energy E (2.109e-07 J) + H (2.109e-07 J) = 4.218e-07 J
 S[1][1] = -3.953e-01-4.486e-01i, |S[1][1]| = -4.467e+00, arg(S[1][1]) = -1.314e+02

It 497/1001: ω/2π = 2.429e+00 GHz (total elapsed time = 5.76e+01 s)

 Sol. ||E|| = 1.878275e+02
 Field energy E (2.136e-07 J) + H (2.135e-07 J) = 4.271e-07 J
 S[1][1] = -4.286e-01-4.070e-01i, |S[1][1]| = -4.567e+00, arg(S[1][1]) = -1.365e+02

It 498/1001: ω/2π = 2.429e+00 GHz (total elapsed time = 5.76e+01 s)

 Sol. ||E|| = 1.887963e+02
 Field energy E (2.158e-07 J) + H (2.157e-07 J) = 4.315e-07 J
 S[1][1] = -4.594e-01-3.626e-01i, |S[1][1]| = -4.653e+00, arg(S[1][1]) = -1.417e+02

It 499/1001: ω/2π = 2.429e+00 GHz (total elapsed time = 5.77e+01 s)

 Sol. ||E|| = 1.895500e+02
 Field energy E (2.175e-07 J) + H (2.175e-07 J) = 4.350e-07 J
 S[1][1] = -4.872e-01-3.159e-01i, |S[1][1]| = -4.722e+00, arg(S[1][1]) = -1.470e+02

It 500/1001: ω/2π = 2.429e+00 GHz (total elapsed time = 5.78e+01 s)

 Sol. ||E|| = 1.900807e+02
 Field energy E (2.187e-07 J) + H (2.187e-07 J) = 4.374e-07 J
 S[1][1] = -5.120e-01-2.670e-01i, |S[1][1]| = -4.771e+00, arg(S[1][1]) = -1.525e+02

It 501/1001: ω/2π = 2.429e+00 GHz (total elapsed time = 5.79e+01 s)

 Sol. ||E|| = 1.903826e+02
 Field energy E (2.194e-07 J) + H (2.194e-07 J) = 4.388e-07 J
 S[1][1] = -5.333e-01-2.162e-01i, |S[1][1]| = -4.800e+00, arg(S[1][1]) = -1.579e+02

It 502/1001: ω/2π = 2.429e+00 GHz (total elapsed time = 5.80e+01 s)

 Sol. ||E|| = 1.904523e+02
 Field energy E (2.196e-07 J) + H (2.195e-07 J) = 4.391e-07 J
 S[1][1] = -5.511e-01-1.640e-01i, |S[1][1]| = -4.807e+00, arg(S[1][1]) = -1.634e+02

It 503/1001: ω/2π = 2.429e+00 GHz (total elapsed time = 5.81e+01 s)

 Sol. ||E|| = 1.902892e+02
 Field energy E (2.192e-07 J) + H (2.192e-07 J) = 4.383e-07 J
 S[1][1] = -5.652e-01-1.107e-01i, |S[1][1]| = -4.793e+00, arg(S[1][1]) = -1.689e+02

It 504/1001: ω/2π = 2.429e+00 GHz (total elapsed time = 5.82e+01 s)

 Sol. ||E|| = 1.898950e+02
 Field energy E (2.183e-07 J) + H (2.183e-07 J) = 4.365e-07 J
 S[1][1] = -5.754e-01-5.669e-02i, |S[1][1]| = -4.758e+00, arg(S[1][1]) = -1.744e+02

It 505/1001: ω/2π = 2.429e+00 GHz (total elapsed time = 5.83e+01 s)

 Sol. ||E|| = 1.892741e+02
 Field energy E (2.168e-07 J) + H (2.168e-07 J) = 4.337e-07 J
 S[1][1] = -5.819e-01-2.399e-03i, |S[1][1]| = -4.703e+00, arg(S[1][1]) = -1.798e+02

It 506/1001: ω/2π = 2.429e+00 GHz (total elapsed time = 5.84e+01 s)

 Sol. ||E|| = 1.884331e+02
 Field energy E (2.149e-07 J) + H (2.149e-07 J) = 4.298e-07 J
 S[1][1] = -5.846e-01+5.179e-02i, |S[1][1]| = -4.629e+00, arg(S[1][1]) = +1.749e+02

It 507/1001: ω/2π = 2.429e+00 GHz (total elapsed time = 5.85e+01 s)

 Sol. ||E|| = 1.873810e+02
 Field energy E (2.125e-07 J) + H (2.125e-07 J) = 4.250e-07 J
 S[1][1] = -5.835e-01+1.055e-01i, |S[1][1]| = -4.539e+00, arg(S[1][1]) = +1.698e+02

It 508/1001: ω/2π = 2.429e+00 GHz (total elapsed time = 5.86e+01 s)

 Sol. ||E|| = 1.861285e+02
 Field energy E (2.096e-07 J) + H (2.097e-07 J) = 4.193e-07 J
 S[1][1] = -5.789e-01+1.583e-01i, |S[1][1]| = -4.434e+00, arg(S[1][1]) = +1.647e+02

It 509/1001: ω/2π = 2.429e+00 GHz (total elapsed time = 5.87e+01 s)

 Sol. ||E|| = 1.846881e+02
 Field energy E (2.064e-07 J) + H (2.064e-07 J) = 4.128e-07 J
 S[1][1] = -5.709e-01+2.100e-01i, |S[1][1]| = -4.318e+00, arg(S[1][1]) = +1.598e+02

It 510/1001: ω/2π = 2.429e+00 GHz (total elapsed time = 5.88e+01 s)

 Sol. ||E|| = 1.830735e+02
 Field energy E (2.028e-07 J) + H (2.028e-07 J) = 4.056e-07 J
 S[1][1] = -5.597e-01+2.602e-01i, |S[1][1]| = -4.191e+00, arg(S[1][1]) = +1.551e+02

It 511/1001: ω/2π = 2.429e+00 GHz (total elapsed time = 5.89e+01 s)

 Sol. ||E|| = 1.812995e+02
 Field energy E (1.989e-07 J) + H (1.989e-07 J) = 3.977e-07 J
 S[1][1] = -5.455e-01+3.086e-01i, |S[1][1]| = -4.058e+00, arg(S[1][1]) = +1.505e+02

It 512/1001: ω/2π = 2.429e+00 GHz (total elapsed time = 5.89e+01 s)

 Sol. ||E|| = 1.793814e+02
 Field energy E (1.947e-07 J) + H (1.947e-07 J) = 3.893e-07 J
 S[1][1] = -5.287e-01+3.551e-01i, |S[1][1]| = -3.919e+00, arg(S[1][1]) = +1.461e+02

It 513/1001: ω/2π = 2.429e+00 GHz (total elapsed time = 5.90e+01 s)

 Sol. ||E|| = 1.773350e+02
 Field energy E (1.902e-07 J) + H (1.902e-07 J) = 3.805e-07 J
 S[1][1] = -5.094e-01+3.995e-01i, |S[1][1]| = -3.778e+00, arg(S[1][1]) = +1.419e+02

It 514/1001: ω/2π = 2.429e+00 GHz (total elapsed time = 5.91e+01 s)

 Sol. ||E|| = 1.751760e+02
 Field energy E (1.856e-07 J) + H (1.856e-07 J) = 3.712e-07 J
 S[1][1] = -4.880e-01+4.415e-01i, |S[1][1]| = -3.635e+00, arg(S[1][1]) = +1.379e+02

It 515/1001: ω/2π = 2.429e+00 GHz (total elapsed time = 5.92e+01 s)

 Sol. ||E|| = 1.729199e+02
 Field energy E (1.808e-07 J) + H (1.809e-07 J) = 3.617e-07 J
 S[1][1] = -4.647e-01+4.813e-01i, |S[1][1]| = -3.492e+00, arg(S[1][1]) = +1.340e+02

It 516/1001: ω/2π = 2.429e+00 GHz (total elapsed time = 5.93e+01 s)

 Sol. ||E|| = 1.705818e+02
 Field energy E (1.759e-07 J) + H (1.760e-07 J) = 3.519e-07 J
 S[1][1] = -4.398e-01+5.186e-01i, |S[1][1]| = -3.350e+00, arg(S[1][1]) = +1.303e+02

It 517/1001: ω/2π = 2.429e+00 GHz (total elapsed time = 5.94e+01 s)

 Sol. ||E|| = 1.681762e+02
 Field energy E (1.710e-07 J) + H (1.710e-07 J) = 3.420e-07 J
 S[1][1] = -4.136e-01+5.534e-01i, |S[1][1]| = -3.211e+00, arg(S[1][1]) = +1.268e+02

It 518/1001: ω/2π = 2.429e+00 GHz (total elapsed time = 5.95e+01 s)

 Sol. ||E|| = 1.657167e+02
 Field energy E (1.660e-07 J) + H (1.660e-07 J) = 3.321e-07 J
 S[1][1] = -3.864e-01+5.859e-01i, |S[1][1]| = -3.076e+00, arg(S[1][1]) = +1.234e+02

It 519/1001: ω/2π = 2.429e+00 GHz (total elapsed time = 5.96e+01 s)

 Sol. ||E|| = 1.632161e+02
 Field energy E (1.610e-07 J) + H (1.611e-07 J) = 3.221e-07 J
 S[1][1] = -3.583e-01+6.159e-01i, |S[1][1]| = -2.944e+00, arg(S[1][1]) = +1.202e+02

It 520/1001: ω/2π = 2.429e+00 GHz (total elapsed time = 5.97e+01 s)

 Sol. ||E|| = 1.606863e+02
 Field energy E (1.560e-07 J) + H (1.561e-07 J) = 3.121e-07 J
 S[1][1] = -3.297e-01+6.436e-01i, |S[1][1]| = -2.816e+00, arg(S[1][1]) = +1.171e+02

It 521/1001: ω/2π = 2.429e+00 GHz (total elapsed time = 5.98e+01 s)

 Sol. ||E|| = 1.581381e+02
 Field energy E (1.511e-07 J) + H (1.511e-07 J) = 3.023e-07 J
 S[1][1] = -3.006e-01+6.689e-01i, |S[1][1]| = -2.693e+00, arg(S[1][1]) = +1.142e+02

It 522/1001: ω/2π = 2.429e+00 GHz (total elapsed time = 5.99e+01 s)

 Sol. ||E|| = 1.555813e+02
 Field energy E (1.462e-07 J) + H (1.463e-07 J) = 2.925e-07 J
 S[1][1] = -2.713e-01+6.921e-01i, |S[1][1]| = -2.575e+00, arg(S[1][1]) = +1.114e+02

It 523/1001: ω/2π = 2.429e+00 GHz (total elapsed time = 5.99e+01 s)

 Sol. ||E|| = 1.530248e+02
 Field energy E (1.414e-07 J) + H (1.415e-07 J) = 2.829e-07 J
 S[1][1] = -2.419e-01+7.132e-01i, |S[1][1]| = -2.462e+00, arg(S[1][1]) = +1.087e+02

It 524/1001: ω/2π = 2.429e+00 GHz (total elapsed time = 6.00e+01 s)

 Sol. ||E|| = 1.504766e+02
 Field energy E (1.367e-07 J) + H (1.368e-07 J) = 2.735e-07 J
 S[1][1] = -2.127e-01+7.323e-01i, |S[1][1]| = -2.354e+00, arg(S[1][1]) = +1.062e+02

It 525/1001: ω/2π = 2.429e+00 GHz (total elapsed time = 6.01e+01 s)

 Sol. ||E|| = 1.479435e+02
 Field energy E (1.322e-07 J) + H (1.322e-07 J) = 2.644e-07 J
 S[1][1] = -1.836e-01+7.495e-01i, |S[1][1]| = -2.251e+00, arg(S[1][1]) = +1.038e+02

It 526/1001: ω/2π = 2.429e+00 GHz (total elapsed time = 6.02e+01 s)

 Sol. ||E|| = 1.454316e+02
 Field energy E (1.277e-07 J) + H (1.277e-07 J) = 2.554e-07 J
 S[1][1] = -1.548e-01+7.649e-01i, |S[1][1]| = -2.153e+00, arg(S[1][1]) = +1.014e+02

It 527/1001: ω/2π = 2.429e+00 GHz (total elapsed time = 6.03e+01 s)

 Sol. ||E|| = 1.429463e+02
 Field energy E (1.233e-07 J) + H (1.234e-07 J) = 2.467e-07 J
 S[1][1] = -1.264e-01+7.787e-01i, |S[1][1]| = -2.060e+00, arg(S[1][1]) = +9.922e+01

It 528/1001: ω/2π = 2.429e+00 GHz (total elapsed time = 6.04e+01 s)

 Sol. ||E|| = 1.404919e+02
 Field energy E (1.191e-07 J) + H (1.192e-07 J) = 2.383e-07 J
 S[1][1] = -9.848e-02+7.909e-01i, |S[1][1]| = -1.971e+00, arg(S[1][1]) = +9.710e+01

It 529/1001: ω/2π = 2.429e+00 GHz (total elapsed time = 6.05e+01 s)

 Sol. ||E|| = 1.380724e+02
 Field energy E (1.150e-07 J) + H (1.151e-07 J) = 2.301e-07 J
 S[1][1] = -7.109e-02+8.016e-01i, |S[1][1]| = -1.886e+00, arg(S[1][1]) = +9.507e+01

It 530/1001: ω/2π = 2.429e+00 GHz (total elapsed time = 6.06e+01 s)

 Sol. ||E|| = 1.356908e+02
 Field energy E (1.111e-07 J) + H (1.111e-07 J) = 2.222e-07 J
 S[1][1] = -4.428e-02+8.110e-01i, |S[1][1]| = -1.806e+00, arg(S[1][1]) = +9.313e+01

It 531/1001: ω/2π = 2.429e+00 GHz (total elapsed time = 6.07e+01 s)

 Sol. ||E|| = 1.333499e+02
 Field energy E (1.072e-07 J) + H (1.073e-07 J) = 2.145e-07 J
 S[1][1] = -1.809e-02+8.192e-01i, |S[1][1]| = -1.730e+00, arg(S[1][1]) = +9.126e+01

It 532/1001: ω/2π = 2.430e+00 GHz (total elapsed time = 6.08e+01 s)

 Sol. ||E|| = 1.310516e+02
 Field energy E (1.035e-07 J) + H (1.036e-07 J) = 2.071e-07 J
 S[1][1] = +7.462e-03+8.262e-01i, |S[1][1]| = -1.658e+00, arg(S[1][1]) = +8.948e+01

It 533/1001: ω/2π = 2.430e+00 GHz (total elapsed time = 6.09e+01 s)

 Sol. ||E|| = 1.287976e+02
 Field energy E (9.999e-08 J) + H (1.000e-07 J) = 2.000e-07 J
 S[1][1] = +3.234e-02+8.321e-01i, |S[1][1]| = -1.590e+00, arg(S[1][1]) = +8.777e+01

It 534/1001: ω/2π = 2.430e+00 GHz (total elapsed time = 6.10e+01 s)

 Sol. ||E|| = 1.265892e+02
 Field energy E (9.656e-08 J) + H (9.662e-08 J) = 1.932e-07 J
 S[1][1] = +5.654e-02+8.371e-01i, |S[1][1]| = -1.525e+00, arg(S[1][1]) = +8.614e+01

It 535/1001: ω/2π = 2.430e+00 GHz (total elapsed time = 6.11e+01 s)

 Sol. ||E|| = 1.244272e+02
 Field energy E (9.327e-08 J) + H (9.332e-08 J) = 1.866e-07 J
 S[1][1] = +8.005e-02+8.411e-01i, |S[1][1]| = -1.463e+00, arg(S[1][1]) = +8.456e+01

It 536/1001: ω/2π = 2.430e+00 GHz (total elapsed time = 6.11e+01 s)

 Sol. ||E|| = 1.223122e+02
 Field energy E (9.010e-08 J) + H (9.015e-08 J) = 1.803e-07 J
 S[1][1] = +1.029e-01+8.444e-01i, |S[1][1]| = -1.405e+00, arg(S[1][1]) = +8.305e+01

It 537/1001: ω/2π = 2.430e+00 GHz (total elapsed time = 6.12e+01 s)

 Sol. ||E|| = 1.202444e+02
 Field energy E (8.705e-08 J) + H (8.711e-08 J) = 1.742e-07 J
 S[1][1] = +1.250e-01+8.469e-01i, |S[1][1]| = -1.350e+00, arg(S[1][1]) = +8.160e+01

It 538/1001: ω/2π = 2.430e+00 GHz (total elapsed time = 6.13e+01 s)

 Sol. ||E|| = 1.182239e+02
 Field energy E (8.413e-08 J) + H (8.418e-08 J) = 1.683e-07 J
 S[1][1] = +1.464e-01+8.487e-01i, |S[1][1]| = -1.297e+00, arg(S[1][1]) = +8.021e+01

It 539/1001: ω/2π = 2.430e+00 GHz (total elapsed time = 6.14e+01 s)

 Sol. ||E|| = 1.162505e+02
 Field energy E (8.132e-08 J) + H (8.138e-08 J) = 1.627e-07 J
 S[1][1] = +1.672e-01+8.499e-01i, |S[1][1]| = -1.247e+00, arg(S[1][1]) = +7.887e+01

It 540/1001: ω/2π = 2.430e+00 GHz (total elapsed time = 6.15e+01 s)

 Sol. ||E|| = 1.143240e+02
 Field energy E (7.862e-08 J) + H (7.868e-08 J) = 1.573e-07 J
 S[1][1] = +1.873e-01+8.506e-01i, |S[1][1]| = -1.200e+00, arg(S[1][1]) = +7.758e+01

It 541/1001: ω/2π = 2.430e+00 GHz (total elapsed time = 6.16e+01 s)

 Sol. ||E|| = 1.124439e+02
 Field energy E (7.604e-08 J) + H (7.609e-08 J) = 1.521e-07 J
 S[1][1] = +2.067e-01+8.507e-01i, |S[1][1]| = -1.155e+00, arg(S[1][1]) = +7.634e+01

It 542/1001: ω/2π = 2.430e+00 GHz (total elapsed time = 6.17e+01 s)

 Sol. ||E|| = 1.106096e+02
 Field energy E (7.355e-08 J) + H (7.361e-08 J) = 1.472e-07 J
 S[1][1] = +2.255e-01+8.504e-01i, |S[1][1]| = -1.112e+00, arg(S[1][1]) = +7.515e+01

It 543/1001: ω/2π = 2.430e+00 GHz (total elapsed time = 6.18e+01 s)

 Sol. ||E|| = 1.088203e+02
 Field energy E (7.117e-08 J) + H (7.122e-08 J) = 1.424e-07 J
 S[1][1] = +2.437e-01+8.497e-01i, |S[1][1]| = -1.072e+00, arg(S[1][1]) = +7.400e+01

It 544/1001: ω/2π = 2.430e+00 GHz (total elapsed time = 6.19e+01 s)

 Sol. ||E|| = 1.070754e+02
 Field energy E (6.888e-08 J) + H (6.894e-08 J) = 1.378e-07 J
 S[1][1] = +2.613e-01+8.486e-01i, |S[1][1]| = -1.033e+00, arg(S[1][1]) = +7.289e+01

It 545/1001: ω/2π = 2.430e+00 GHz (total elapsed time = 6.19e+01 s)

 Sol. ||E|| = 1.053740e+02
 Field energy E (6.669e-08 J) + H (6.674e-08 J) = 1.334e-07 J
 S[1][1] = +2.782e-01+8.471e-01i, |S[1][1]| = -9.964e-01, arg(S[1][1]) = +7.182e+01

It 546/1001: ω/2π = 2.430e+00 GHz (total elapsed time = 6.20e+01 s)

 Sol. ||E|| = 1.037151e+02
 Field energy E (6.458e-08 J) + H (6.464e-08 J) = 1.292e-07 J
 S[1][1] = +2.946e-01+8.453e-01i, |S[1][1]| = -9.614e-01, arg(S[1][1]) = +7.078e+01

It 547/1001: ω/2π = 2.430e+00 GHz (total elapsed time = 6.21e+01 s)

 Sol. ||E|| = 1.020980e+02
 Field energy E (6.256e-08 J) + H (6.262e-08 J) = 1.252e-07 J
 S[1][1] = +3.105e-01+8.433e-01i, |S[1][1]| = -9.282e-01, arg(S[1][1]) = +6.979e+01

It 548/1001: ω/2π = 2.430e+00 GHz (total elapsed time = 6.22e+01 s)

 Sol. ||E|| = 1.005215e+02
 Field energy E (6.062e-08 J) + H (6.068e-08 J) = 1.213e-07 J
 S[1][1] = +3.258e-01+8.410e-01i, |S[1][1]| = -8.965e-01, arg(S[1][1]) = +6.882e+01

It 549/1001: ω/2π = 2.430e+00 GHz (total elapsed time = 6.23e+01 s)

 Sol. ||E|| = 9.898483e+01
 Field energy E (5.876e-08 J) + H (5.882e-08 J) = 1.176e-07 J
 S[1][1] = +3.406e-01+8.385e-01i, |S[1][1]| = -8.662e-01, arg(S[1][1]) = +6.789e+01

It 550/1001: ω/2π = 2.430e+00 GHz (total elapsed time = 6.24e+01 s)

 Sol. ||E|| = 9.748685e+01
 Field energy E (5.698e-08 J) + H (5.703e-08 J) = 1.140e-07 J
 S[1][1] = +3.549e-01+8.359e-01i, |S[1][1]| = -8.374e-01, arg(S[1][1]) = +6.699e+01

It 551/1001: ω/2π = 2.430e+00 GHz (total elapsed time = 6.25e+01 s)

 Sol. ||E|| = 9.602662e+01
 Field energy E (5.526e-08 J) + H (5.532e-08 J) = 1.106e-07 J
 S[1][1] = +3.687e-01+8.330e-01i, |S[1][1]| = -8.099e-01, arg(S[1][1]) = +6.612e+01

It 552/1001: ω/2π = 2.430e+00 GHz (total elapsed time = 6.26e+01 s)

 Sol. ||E|| = 9.460313e+01
 Field energy E (5.362e-08 J) + H (5.367e-08 J) = 1.073e-07 J
 S[1][1] = +3.821e-01+8.300e-01i, |S[1][1]| = -7.837e-01, arg(S[1][1]) = +6.528e+01

It 553/1001: ω/2π = 2.430e+00 GHz (total elapsed time = 6.27e+01 s)

 Sol. ||E|| = 9.321539e+01
 Field energy E (5.203e-08 J) + H (5.209e-08 J) = 1.041e-07 J
 S[1][1] = +3.950e-01+8.269e-01i, |S[1][1]| = -7.586e-01, arg(S[1][1]) = +6.447e+01

It 554/1001: ω/2π = 2.430e+00 GHz (total elapsed time = 6.28e+01 s)

 Sol. ||E|| = 9.186240e+01
 Field energy E (5.051e-08 J) + H (5.057e-08 J) = 1.011e-07 J
 S[1][1] = +4.075e-01+8.236e-01i, |S[1][1]| = -7.347e-01, arg(S[1][1]) = +6.368e+01

It 555/1001: ω/2π = 2.430e+00 GHz (total elapsed time = 6.29e+01 s)

 Sol. ||E|| = 9.054319e+01
 Field energy E (4.905e-08 J) + H (4.911e-08 J) = 9.816e-08 J
 S[1][1] = +4.195e-01+8.203e-01i, |S[1][1]| = -7.118e-01, arg(S[1][1]) = +6.291e+01

It 556/1001: ω/2π = 2.430e+00 GHz (total elapsed time = 6.30e+01 s)

 Sol. ||E|| = 8.925680e+01
 Field energy E (4.765e-08 J) + H (4.770e-08 J) = 9.535e-08 J
 S[1][1] = +4.312e-01+8.168e-01i, |S[1][1]| = -6.899e-01, arg(S[1][1]) = +6.217e+01

It 557/1001: ω/2π = 2.430e+00 GHz (total elapsed time = 6.31e+01 s)

 Sol. ||E|| = 8.800228e+01
 Field energy E (4.630e-08 J) + H (4.635e-08 J) = 9.265e-08 J
 S[1][1] = +4.425e-01+8.133e-01i, |S[1][1]| = -6.690e-01, arg(S[1][1]) = +6.145e+01

It 558/1001: ω/2π = 2.430e+00 GHz (total elapsed time = 6.32e+01 s)

 Sol. ||E|| = 8.677871e+01
 Field energy E (4.500e-08 J) + H (4.506e-08 J) = 9.006e-08 J
 S[1][1] = +4.534e-01+8.097e-01i, |S[1][1]| = -6.490e-01, arg(S[1][1]) = +6.076e+01

It 559/1001: ω/2π = 2.430e+00 GHz (total elapsed time = 6.33e+01 s)

 Sol. ||E|| = 8.558517e+01
 Field energy E (4.375e-08 J) + H (4.381e-08 J) = 8.756e-08 J
 S[1][1] = +4.639e-01+8.061e-01i, |S[1][1]| = -6.298e-01, arg(S[1][1]) = +6.008e+01

It 560/1001: ω/2π = 2.430e+00 GHz (total elapsed time = 6.33e+01 s)

 Sol. ||E|| = 8.442078e+01
 Field energy E (4.255e-08 J) + H (4.261e-08 J) = 8.516e-08 J
 S[1][1] = +4.741e-01+8.024e-01i, |S[1][1]| = -6.114e-01, arg(S[1][1]) = +5.942e+01

It 561/1001: ω/2π = 2.430e+00 GHz (total elapsed time = 6.34e+01 s)

 Sol. ||E|| = 8.328467e+01
 Field energy E (4.140e-08 J) + H (4.145e-08 J) = 8.285e-08 J
 S[1][1] = +4.840e-01+7.987e-01i, |S[1][1]| = -5.937e-01, arg(S[1][1]) = +5.878e+01

It 562/1001: ω/2π = 2.430e+00 GHz (total elapsed time = 6.35e+01 s)

 Sol. ||E|| = 8.217600e+01
 Field energy E (4.028e-08 J) + H (4.034e-08 J) = 8.062e-08 J
 S[1][1] = +4.936e-01+7.950e-01i, |S[1][1]| = -5.768e-01, arg(S[1][1]) = +5.817e+01

It 563/1001: ω/2π = 2.430e+00 GHz (total elapsed time = 6.36e+01 s)

 Sol. ||E|| = 8.109395e+01
 Field energy E (3.921e-08 J) + H (3.926e-08 J) = 7.847e-08 J
 S[1][1] = +5.028e-01+7.912e-01i, |S[1][1]| = -5.606e-01, arg(S[1][1]) = +5.756e+01

It 564/1001: ω/2π = 2.430e+00 GHz (total elapsed time = 6.38e+01 s)

 Sol. ||E|| = 8.003773e+01
 Field energy E (3.818e-08 J) + H (3.823e-08 J) = 7.641e-08 J
 S[1][1] = +5.118e-01+7.875e-01i, |S[1][1]| = -5.451e-01, arg(S[1][1]) = +5.698e+01

It 565/1001: ω/2π = 2.430e+00 GHz (total elapsed time = 6.39e+01 s)

 Sol. ||E|| = 7.900655e+01
 Field energy E (3.718e-08 J) + H (3.723e-08 J) = 7.442e-08 J
 S[1][1] = +5.205e-01+7.837e-01i, |S[1][1]| = -5.301e-01, arg(S[1][1]) = +5.641e+01

It 566/1001: ω/2π = 2.430e+00 GHz (total elapsed time = 6.41e+01 s)

 Sol. ||E|| = 7.799967e+01
 Field energy E (3.622e-08 J) + H (3.628e-08 J) = 7.250e-08 J
 S[1][1] = +5.289e-01+7.799e-01i, |S[1][1]| = -5.157e-01, arg(S[1][1]) = +5.586e+01

It 567/1001: ω/2π = 2.430e+00 GHz (total elapsed time = 6.42e+01 s)

 Sol. ||E|| = 7.701635e+01
 Field energy E (3.530e-08 J) + H (3.535e-08 J) = 7.065e-08 J
 S[1][1] = +5.371e-01+7.761e-01i, |S[1][1]| = -5.019e-01, arg(S[1][1]) = +5.532e+01

It 568/1001: ω/2π = 2.430e+00 GHz (total elapsed time = 6.43e+01 s)

 Sol. ||E|| = 7.605589e+01
 Field energy E (3.441e-08 J) + H (3.446e-08 J) = 6.887e-08 J
 S[1][1] = +5.450e-01+7.724e-01i, |S[1][1]| = -4.886e-01, arg(S[1][1]) = +5.479e+01

It 569/1001: ω/2π = 2.430e+00 GHz (total elapsed time = 6.44e+01 s)

 Sol. ||E|| = 7.511760e+01
 Field energy E (3.355e-08 J) + H (3.360e-08 J) = 6.714e-08 J
 S[1][1] = +5.527e-01+7.686e-01i, |S[1][1]| = -4.759e-01, arg(S[1][1]) = +5.428e+01

It 570/1001: ω/2π = 2.430e+00 GHz (total elapsed time = 6.45e+01 s)

 Sol. ||E|| = 7.420082e+01
 Field energy E (3.272e-08 J) + H (3.277e-08 J) = 6.548e-08 J
 S[1][1] = +5.601e-01+7.649e-01i, |S[1][1]| = -4.636e-01, arg(S[1][1]) = +5.378e+01

It 571/1001: ω/2π = 2.430e+00 GHz (total elapsed time = 6.46e+01 s)

 Sol. ||E|| = 7.330491e+01
 Field energy E (3.191e-08 J) + H (3.196e-08 J) = 6.388e-08 J
 S[1][1] = +5.673e-01+7.611e-01i, |S[1][1]| = -4.517e-01, arg(S[1][1]) = +5.330e+01

It 572/1001: ω/2π = 2.430e+00 GHz (total elapsed time = 6.46e+01 s)

 Sol. ||E|| = 7.242925e+01
 Field energy E (3.114e-08 J) + H (3.119e-08 J) = 6.233e-08 J
 S[1][1] = +5.744e-01+7.574e-01i, |S[1][1]| = -4.403e-01, arg(S[1][1]) = +5.283e+01

It 573/1001: ω/2π = 2.430e+00 GHz (total elapsed time = 6.47e+01 s)

 Sol. ||E|| = 7.157323e+01
 Field energy E (3.039e-08 J) + H (3.044e-08 J) = 6.083e-08 J
 S[1][1] = +5.812e-01+7.537e-01i, |S[1][1]| = -4.294e-01, arg(S[1][1]) = +5.237e+01

It 574/1001: ω/2π = 2.430e+00 GHz (total elapsed time = 6.48e+01 s)

 Sol. ||E|| = 7.073628e+01
 Field energy E (2.967e-08 J) + H (2.972e-08 J) = 5.939e-08 J
 S[1][1] = +5.878e-01+7.501e-01i, |S[1][1]| = -4.188e-01, arg(S[1][1]) = +5.192e+01

It 575/1001: ω/2π = 2.430e+00 GHz (total elapsed time = 6.49e+01 s)

 Sol. ||E|| = 6.991783e+01
 Field energy E (2.897e-08 J) + H (2.902e-08 J) = 5.799e-08 J
 S[1][1] = +5.942e-01+7.464e-01i, |S[1][1]| = -4.086e-01, arg(S[1][1]) = +5.148e+01

It 576/1001: ω/2π = 2.430e+00 GHz (total elapsed time = 6.50e+01 s)

 Sol. ||E|| = 6.911734e+01
 Field energy E (2.830e-08 J) + H (2.834e-08 J) = 5.664e-08 J
 S[1][1] = +6.004e-01+7.428e-01i, |S[1][1]| = -3.987e-01, arg(S[1][1]) = +5.105e+01

It 577/1001: ω/2π = 2.430e+00 GHz (total elapsed time = 6.51e+01 s)

 Sol. ||E|| = 6.833428e+01
 Field energy E (2.764e-08 J) + H (2.769e-08 J) = 5.533e-08 J
 S[1][1] = +6.065e-01+7.392e-01i, |S[1][1]| = -3.892e-01, arg(S[1][1]) = +5.064e+01

It 578/1001: ω/2π = 2.430e+00 GHz (total elapsed time = 6.52e+01 s)

 Sol. ||E|| = 6.756815e+01
 Field energy E (2.701e-08 J) + H (2.706e-08 J) = 5.407e-08 J
 S[1][1] = +6.123e-01+7.357e-01i, |S[1][1]| = -3.800e-01, arg(S[1][1]) = +5.023e+01

It 579/1001: ω/2π = 2.430e+00 GHz (total elapsed time = 6.53e+01 s)

 Sol. ||E|| = 6.681846e+01
 Field energy E (2.640e-08 J) + H (2.645e-08 J) = 5.285e-08 J
 S[1][1] = +6.181e-01+7.322e-01i, |S[1][1]| = -3.712e-01, arg(S[1][1]) = +4.983e+01

It 580/1001: ω/2π = 2.430e+00 GHz (total elapsed time = 6.54e+01 s)

 Sol. ||E|| = 6.608473e+01
 Field energy E (2.581e-08 J) + H (2.586e-08 J) = 5.166e-08 J
 S[1][1] = +6.236e-01+7.287e-01i, |S[1][1]| = -3.626e-01, arg(S[1][1]) = +4.944e+01

It 581/1001: ω/2π = 2.431e+00 GHz (total elapsed time = 6.55e+01 s)

 Sol. ||E|| = 6.536651e+01
 Field energy E (2.524e-08 J) + H (2.528e-08 J) = 5.052e-08 J
 S[1][1] = +6.290e-01+7.252e-01i, |S[1][1]| = -3.544e-01, arg(S[1][1]) = +4.906e+01

It 582/1001: ω/2π = 2.431e+00 GHz (total elapsed time = 6.55e+01 s)

 Sol. ||E|| = 6.466334e+01
 Field energy E (2.468e-08 J) + H (2.473e-08 J) = 4.941e-08 J
 S[1][1] = +6.343e-01+7.218e-01i, |S[1][1]| = -3.464e-01, arg(S[1][1]) = +4.869e+01

It 583/1001: ω/2π = 2.431e+00 GHz (total elapsed time = 6.56e+01 s)

 Sol. ||E|| = 6.397482e+01
 Field energy E (2.414e-08 J) + H (2.419e-08 J) = 4.833e-08 J
 S[1][1] = +6.394e-01+7.184e-01i, |S[1][1]| = -3.386e-01, arg(S[1][1]) = +4.833e+01

It 584/1001: ω/2π = 2.431e+00 GHz (total elapsed time = 6.57e+01 s)

 Sol. ||E|| = 6.330051e+01
 Field energy E (2.362e-08 J) + H (2.367e-08 J) = 4.729e-08 J
 S[1][1] = +6.444e-01+7.151e-01i, |S[1][1]| = -3.312e-01, arg(S[1][1]) = +4.798e+01

It 585/1001: ω/2π = 2.431e+00 GHz (total elapsed time = 6.58e+01 s)

 Sol. ||E|| = 6.264002e+01
 Field energy E (2.312e-08 J) + H (2.316e-08 J) = 4.628e-08 J
 S[1][1] = +6.493e-01+7.117e-01i, |S[1][1]| = -3.239e-01, arg(S[1][1]) = +4.763e+01

It 586/1001: ω/2π = 2.431e+00 GHz (total elapsed time = 6.59e+01 s)

 Sol. ||E|| = 6.199297e+01
 Field energy E (2.263e-08 J) + H (2.268e-08 J) = 4.530e-08 J
 S[1][1] = +6.540e-01+7.085e-01i, |S[1][1]| = -3.169e-01, arg(S[1][1]) = +4.729e+01

It 587/1001: ω/2π = 2.431e+00 GHz (total elapsed time = 6.60e+01 s)

 Sol. ||E|| = 6.135898e+01
 Field energy E (2.215e-08 J) + H (2.220e-08 J) = 4.436e-08 J
 S[1][1] = +6.586e-01+7.052e-01i, |S[1][1]| = -3.101e-01, arg(S[1][1]) = +4.696e+01

It 588/1001: ω/2π = 2.431e+00 GHz (total elapsed time = 6.61e+01 s)

 Sol. ||E|| = 6.073769e+01
 Field energy E (2.169e-08 J) + H (2.174e-08 J) = 4.344e-08 J
 S[1][1] = +6.631e-01+7.020e-01i, |S[1][1]| = -3.036e-01, arg(S[1][1]) = +4.663e+01

It 589/1001: ω/2π = 2.431e+00 GHz (total elapsed time = 6.62e+01 s)

 Sol. ||E|| = 6.012876e+01
 Field energy E (2.125e-08 J) + H (2.129e-08 J) = 4.254e-08 J
 S[1][1] = +6.674e-01+6.988e-01i, |S[1][1]| = -2.972e-01, arg(S[1][1]) = +4.632e+01

It 590/1001: ω/2π = 2.431e+00 GHz (total elapsed time = 6.63e+01 s)

 Sol. ||E|| = 5.953184e+01
 Field energy E (2.082e-08 J) + H (2.086e-08 J) = 4.168e-08 J
 S[1][1] = +6.717e-01+6.957e-01i, |S[1][1]| = -2.910e-01, arg(S[1][1]) = +4.600e+01

It 591/1001: ω/2π = 2.431e+00 GHz (total elapsed time = 6.64e+01 s)

 Sol. ||E|| = 5.894661e+01
 Field energy E (2.039e-08 J) + H (2.044e-08 J) = 4.083e-08 J
 S[1][1] = +6.759e-01+6.926e-01i, |S[1][1]| = -2.851e-01, arg(S[1][1]) = +4.570e+01

It 592/1001: ω/2π = 2.431e+00 GHz (total elapsed time = 6.65e+01 s)

 Sol. ||E|| = 5.837276e+01
 Field energy E (1.999e-08 J) + H (2.003e-08 J) = 4.002e-08 J
 S[1][1] = +6.799e-01+6.895e-01i, |S[1][1]| = -2.793e-01, arg(S[1][1]) = +4.540e+01

It 593/1001: ω/2π = 2.431e+00 GHz (total elapsed time = 6.66e+01 s)

 Sol. ||E|| = 5.780997e+01
 Field energy E (1.959e-08 J) + H (1.963e-08 J) = 3.922e-08 J
 S[1][1] = +6.839e-01+6.865e-01i, |S[1][1]| = -2.736e-01, arg(S[1][1]) = +4.511e+01

It 594/1001: ω/2π = 2.431e+00 GHz (total elapsed time = 6.67e+01 s)

 Sol. ||E|| = 5.725797e+01
 Field energy E (1.920e-08 J) + H (1.925e-08 J) = 3.845e-08 J
 S[1][1] = +6.877e-01+6.835e-01i, |S[1][1]| = -2.682e-01, arg(S[1][1]) = +4.482e+01

It 595/1001: ω/2π = 2.431e+00 GHz (total elapsed time = 6.67e+01 s)

 Sol. ||E|| = 5.671645e+01
 Field energy E (1.883e-08 J) + H (1.887e-08 J) = 3.770e-08 J
 S[1][1] = +6.915e-01+6.805e-01i, |S[1][1]| = -2.629e-01, arg(S[1][1]) = +4.454e+01

It 596/1001: ω/2π = 2.431e+00 GHz (total elapsed time = 6.68e+01 s)

 Sol. ||E|| = 5.618515e+01
 Field energy E (1.847e-08 J) + H (1.851e-08 J) = 3.698e-08 J
 S[1][1] = +6.951e-01+6.776e-01i, |S[1][1]| = -2.577e-01, arg(S[1][1]) = +4.427e+01

It 597/1001: ω/2π = 2.431e+00 GHz (total elapsed time = 6.69e+01 s)

 Sol. ||E|| = 5.566380e+01
 Field energy E (1.811e-08 J) + H (1.816e-08 J) = 3.627e-08 J
 S[1][1] = +6.987e-01+6.747e-01i, |S[1][1]| = -2.527e-01, arg(S[1][1]) = +4.400e+01

It 598/1001: ω/2π = 2.431e+00 GHz (total elapsed time = 6.70e+01 s)

 Sol. ||E|| = 5.515213e+01
 Field energy E (1.777e-08 J) + H (1.781e-08 J) = 3.558e-08 J
 S[1][1] = +7.022e-01+6.719e-01i, |S[1][1]| = -2.479e-01, arg(S[1][1]) = +4.373e+01

It 599/1001: ω/2π = 2.431e+00 GHz (total elapsed time = 6.71e+01 s)

 Sol. ||E|| = 5.464991e+01
 Field energy E (1.743e-08 J) + H (1.748e-08 J) = 3.491e-08 J
 S[1][1] = +7.056e-01+6.690e-01i, |S[1][1]| = -2.432e-01, arg(S[1][1]) = +4.348e+01

It 600/1001: ω/2π = 2.431e+00 GHz (total elapsed time = 6.72e+01 s)

 Sol. ||E|| = 5.415688e+01
 Field energy E (1.711e-08 J) + H (1.715e-08 J) = 3.426e-08 J
 S[1][1] = +7.090e-01+6.663e-01i, |S[1][1]| = -2.386e-01, arg(S[1][1]) = +4.322e+01

It 601/1001: ω/2π = 2.431e+00 GHz (total elapsed time = 6.73e+01 s)

 Sol. ||E|| = 5.367282e+01
 Field energy E (1.679e-08 J) + H (1.684e-08 J) = 3.363e-08 J
 S[1][1] = +7.122e-01+6.635e-01i, |S[1][1]| = -2.341e-01, arg(S[1][1]) = +4.297e+01

It 602/1001: ω/2π = 2.431e+00 GHz (total elapsed time = 6.74e+01 s)

 Sol. ||E|| = 5.319750e+01
 Field energy E (1.648e-08 J) + H (1.653e-08 J) = 3.301e-08 J
 S[1][1] = +7.154e-01+6.608e-01i, |S[1][1]| = -2.298e-01, arg(S[1][1]) = +4.273e+01

It 603/1001: ω/2π = 2.431e+00 GHz (total elapsed time = 6.75e+01 s)

 Sol. ||E|| = 5.273069e+01
 Field energy E (1.618e-08 J) + H (1.623e-08 J) = 3.241e-08 J
 S[1][1] = +7.185e-01+6.581e-01i, |S[1][1]| = -2.256e-01, arg(S[1][1]) = +4.249e+01

It 604/1001: ω/2π = 2.431e+00 GHz (total elapsed time = 6.75e+01 s)

 Sol. ||E|| = 5.227219e+01
 Field energy E (1.589e-08 J) + H (1.593e-08 J) = 3.183e-08 J
 S[1][1] = +7.216e-01+6.555e-01i, |S[1][1]| = -2.215e-01, arg(S[1][1]) = +4.225e+01

It 605/1001: ω/2π = 2.431e+00 GHz (total elapsed time = 6.76e+01 s)

 Sol. ||E|| = 5.182178e+01
 Field energy E (1.561e-08 J) + H (1.565e-08 J) = 3.126e-08 J
 S[1][1] = +7.245e-01+6.528e-01i, |S[1][1]| = -2.175e-01, arg(S[1][1]) = +4.202e+01

It 606/1001: ω/2π = 2.431e+00 GHz (total elapsed time = 6.77e+01 s)

 Sol. ||E|| = 5.137928e+01
 Field energy E (1.533e-08 J) + H (1.537e-08 J) = 3.070e-08 J
 S[1][1] = +7.274e-01+6.502e-01i, |S[1][1]| = -2.137e-01, arg(S[1][1]) = +4.179e+01

It 607/1001: ω/2π = 2.431e+00 GHz (total elapsed time = 6.78e+01 s)

 Sol. ||E|| = 5.094448e+01
 Field energy E (1.506e-08 J) + H (1.510e-08 J) = 3.016e-08 J
 S[1][1] = +7.303e-01+6.477e-01i, |S[1][1]| = -2.099e-01, arg(S[1][1]) = +4.157e+01

It 608/1001: ω/2π = 2.431e+00 GHz (total elapsed time = 6.79e+01 s)

 Sol. ||E|| = 5.051719e+01
 Field energy E (1.480e-08 J) + H (1.484e-08 J) = 2.964e-08 J
 S[1][1] = +7.331e-01+6.452e-01i, |S[1][1]| = -2.062e-01, arg(S[1][1]) = +4.135e+01

It 609/1001: ω/2π = 2.431e+00 GHz (total elapsed time = 6.80e+01 s)

 Sol. ||E|| = 5.009725e+01
 Field energy E (1.454e-08 J) + H (1.458e-08 J) = 2.913e-08 J
 S[1][1] = +7.358e-01+6.427e-01i, |S[1][1]| = -2.026e-01, arg(S[1][1]) = +4.114e+01

It 610/1001: ω/2π = 2.431e+00 GHz (total elapsed time = 6.81e+01 s)

 Sol. ||E|| = 4.968446e+01
 Field energy E (1.429e-08 J) + H (1.433e-08 J) = 2.863e-08 J
 S[1][1] = +7.385e-01+6.402e-01i, |S[1][1]| = -1.991e-01, arg(S[1][1]) = +4.092e+01

It 611/1001: ω/2π = 2.431e+00 GHz (total elapsed time = 6.82e+01 s)

 Sol. ||E|| = 4.927866e+01
 Field energy E (1.405e-08 J) + H (1.409e-08 J) = 2.814e-08 J
 S[1][1] = +7.411e-01+6.378e-01i, |S[1][1]| = -1.957e-01, arg(S[1][1]) = +4.072e+01

It 612/1001: ω/2π = 2.431e+00 GHz (total elapsed time = 6.83e+01 s)

 Sol. ||E|| = 4.887969e+01
 Field energy E (1.381e-08 J) + H (1.385e-08 J) = 2.766e-08 J
 S[1][1] = +7.436e-01+6.354e-01i, |S[1][1]| = -1.924e-01, arg(S[1][1]) = +4.051e+01

It 613/1001: ω/2π = 2.431e+00 GHz (total elapsed time = 6.84e+01 s)

 Sol. ||E|| = 4.848738e+01
 Field energy E (1.358e-08 J) + H (1.362e-08 J) = 2.720e-08 J
 S[1][1] = +7.461e-01+6.330e-01i, |S[1][1]| = -1.892e-01, arg(S[1][1]) = +4.031e+01

It 614/1001: ω/2π = 2.431e+00 GHz (total elapsed time = 6.85e+01 s)

 Sol. ||E|| = 4.810157e+01
 Field energy E (1.335e-08 J) + H (1.339e-08 J) = 2.675e-08 J
 S[1][1] = +7.486e-01+6.306e-01i, |S[1][1]| = -1.861e-01, arg(S[1][1]) = +4.011e+01

It 615/1001: ω/2π = 2.431e+00 GHz (total elapsed time = 6.86e+01 s)

 Sol. ||E|| = 4.772212e+01
 Field energy E (1.313e-08 J) + H (1.317e-08 J) = 2.631e-08 J
 S[1][1] = +7.510e-01+6.283e-01i, |S[1][1]| = -1.830e-01, arg(S[1][1]) = +3.992e+01

It 616/1001: ω/2π = 2.431e+00 GHz (total elapsed time = 6.87e+01 s)

 Sol. ||E|| = 4.734888e+01
 Field energy E (1.292e-08 J) + H (1.296e-08 J) = 2.588e-08 J
 S[1][1] = +7.533e-01+6.260e-01i, |S[1][1]| = -1.800e-01, arg(S[1][1]) = +3.973e+01

It 617/1001: ω/2π = 2.431e+00 GHz (total elapsed time = 6.88e+01 s)

 Sol. ||E|| = 4.698170e+01
 Field energy E (1.271e-08 J) + H (1.275e-08 J) = 2.546e-08 J
 S[1][1] = +7.556e-01+6.238e-01i, |S[1][1]| = -1.771e-01, arg(S[1][1]) = +3.954e+01

It 618/1001: ω/2π = 2.431e+00 GHz (total elapsed time = 6.89e+01 s)

 Sol. ||E|| = 4.662045e+01
 Field energy E (1.250e-08 J) + H (1.254e-08 J) = 2.505e-08 J
 S[1][1] = +7.579e-01+6.215e-01i, |S[1][1]| = -1.742e-01, arg(S[1][1]) = +3.936e+01

It 619/1001: ω/2π = 2.431e+00 GHz (total elapsed time = 6.89e+01 s)

 Sol. ||E|| = 4.626499e+01
 Field energy E (1.230e-08 J) + H (1.234e-08 J) = 2.464e-08 J
 S[1][1] = +7.601e-01+6.193e-01i, |S[1][1]| = -1.715e-01, arg(S[1][1]) = +3.917e+01

It 620/1001: ω/2π = 2.431e+00 GHz (total elapsed time = 6.90e+01 s)

 Sol. ||E|| = 4.591519e+01
 Field energy E (1.211e-08 J) + H (1.215e-08 J) = 2.425e-08 J
 S[1][1] = +7.622e-01+6.172e-01i, |S[1][1]| = -1.688e-01, arg(S[1][1]) = +3.900e+01

It 621/1001: ω/2π = 2.431e+00 GHz (total elapsed time = 6.91e+01 s)

 Sol. ||E|| = 4.557093e+01
 Field energy E (1.192e-08 J) + H (1.196e-08 J) = 2.387e-08 J
 S[1][1] = +7.644e-01+6.150e-01i, |S[1][1]| = -1.661e-01, arg(S[1][1]) = +3.882e+01

It 622/1001: ω/2π = 2.431e+00 GHz (total elapsed time = 6.92e+01 s)

 Sol. ||E|| = 4.523208e+01
 Field energy E (1.173e-08 J) + H (1.177e-08 J) = 2.350e-08 J
 S[1][1] = +7.664e-01+6.129e-01i, |S[1][1]| = -1.635e-01, arg(S[1][1]) = +3.865e+01

It 623/1001: ω/2π = 2.431e+00 GHz (total elapsed time = 6.93e+01 s)

 Sol. ||E|| = 4.489853e+01
 Field energy E (1.155e-08 J) + H (1.159e-08 J) = 2.313e-08 J
 S[1][1] = +7.685e-01+6.108e-01i, |S[1][1]| = -1.610e-01, arg(S[1][1]) = +3.848e+01

It 624/1001: ω/2π = 2.431e+00 GHz (total elapsed time = 6.94e+01 s)

 Sol. ||E|| = 4.457015e+01
 Field energy E (1.137e-08 J) + H (1.141e-08 J) = 2.278e-08 J
 S[1][1] = +7.705e-01+6.087e-01i, |S[1][1]| = -1.585e-01, arg(S[1][1]) = +3.831e+01

It 625/1001: ω/2π = 2.431e+00 GHz (total elapsed time = 6.95e+01 s)

 Sol. ||E|| = 4.424683e+01
 Field energy E (1.119e-08 J) + H (1.123e-08 J) = 2.243e-08 J
 S[1][1] = +7.724e-01+6.066e-01i, |S[1][1]| = -1.561e-01, arg(S[1][1]) = +3.814e+01

It 626/1001: ω/2π = 2.431e+00 GHz (total elapsed time = 6.96e+01 s)

 Sol. ||E|| = 4.392846e+01
 Field energy E (1.102e-08 J) + H (1.106e-08 J) = 2.209e-08 J
 S[1][1] = +7.744e-01+6.046e-01i, |S[1][1]| = -1.538e-01, arg(S[1][1]) = +3.798e+01

It 627/1001: ω/2π = 2.431e+00 GHz (total elapsed time = 6.97e+01 s)

 Sol. ||E|| = 4.361494e+01
 Field energy E (1.086e-08 J) + H (1.090e-08 J) = 2.176e-08 J
 S[1][1] = +7.763e-01+6.026e-01i, |S[1][1]| = -1.515e-01, arg(S[1][1]) = +3.782e+01

It 628/1001: ω/2π = 2.431e+00 GHz (total elapsed time = 6.97e+01 s)

 Sol. ||E|| = 4.330617e+01
 Field energy E (1.070e-08 J) + H (1.073e-08 J) = 2.143e-08 J
 S[1][1] = +7.781e-01+6.006e-01i, |S[1][1]| = -1.492e-01, arg(S[1][1]) = +3.767e+01

It 629/1001: ω/2π = 2.431e+00 GHz (total elapsed time = 6.98e+01 s)

 Sol. ||E|| = 4.300203e+01
 Field energy E (1.054e-08 J) + H (1.058e-08 J) = 2.111e-08 J
 S[1][1] = +7.799e-01+5.987e-01i, |S[1][1]| = -1.470e-01, arg(S[1][1]) = +3.751e+01

It 630/1001: ω/2π = 2.431e+00 GHz (total elapsed time = 6.99e+01 s)

 Sol. ||E|| = 4.270244e+01
 Field energy E (1.038e-08 J) + H (1.042e-08 J) = 2.080e-08 J
 S[1][1] = +7.817e-01+5.967e-01i, |S[1][1]| = -1.449e-01, arg(S[1][1]) = +3.736e+01

It 631/1001: ω/2π = 2.432e+00 GHz (total elapsed time = 7.00e+01 s)

 Sol. ||E|| = 4.240730e+01
 Field energy E (1.023e-08 J) + H (1.027e-08 J) = 2.050e-08 J
 S[1][1] = +7.835e-01+5.948e-01i, |S[1][1]| = -1.428e-01, arg(S[1][1]) = +3.721e+01

It 632/1001: ω/2π = 2.432e+00 GHz (total elapsed time = 7.01e+01 s)

 Sol. ||E|| = 4.211651e+01
 Field energy E (1.008e-08 J) + H (1.012e-08 J) = 2.020e-08 J
 S[1][1] = +7.852e-01+5.929e-01i, |S[1][1]| = -1.407e-01, arg(S[1][1]) = +3.706e+01

It 633/1001: ω/2π = 2.432e+00 GHz (total elapsed time = 7.02e+01 s)

 Sol. ||E|| = 4.182998e+01
 Field energy E (9.933e-09 J) + H (9.972e-09 J) = 1.991e-08 J
 S[1][1] = +7.869e-01+5.911e-01i, |S[1][1]| = -1.387e-01, arg(S[1][1]) = +3.691e+01

It 634/1001: ω/2π = 2.432e+00 GHz (total elapsed time = 7.03e+01 s)

 Sol. ||E|| = 4.154763e+01
 Field energy E (9.791e-09 J) + H (9.829e-09 J) = 1.962e-08 J
 S[1][1] = +7.886e-01+5.892e-01i, |S[1][1]| = -1.367e-01, arg(S[1][1]) = +3.677e+01

It 635/1001: ω/2π = 2.432e+00 GHz (total elapsed time = 7.04e+01 s)

 Sol. ||E|| = 4.126937e+01
 Field energy E (9.651e-09 J) + H (9.689e-09 J) = 1.934e-08 J
 S[1][1] = +7.902e-01+5.874e-01i, |S[1][1]| = -1.348e-01, arg(S[1][1]) = +3.663e+01

It 636/1001: ω/2π = 2.432e+00 GHz (total elapsed time = 7.05e+01 s)

 Sol. ||E|| = 4.099511e+01
 Field energy E (9.514e-09 J) + H (9.552e-09 J) = 1.907e-08 J
 S[1][1] = +7.918e-01+5.856e-01i, |S[1][1]| = -1.329e-01, arg(S[1][1]) = +3.649e+01

It 637/1001: ω/2π = 2.432e+00 GHz (total elapsed time = 7.06e+01 s)

 Sol. ||E|| = 4.072478e+01
 Field energy E (9.380e-09 J) + H (9.418e-09 J) = 1.880e-08 J
 S[1][1] = +7.934e-01+5.838e-01i, |S[1][1]| = -1.311e-01, arg(S[1][1]) = +3.635e+01

It 638/1001: ω/2π = 2.432e+00 GHz (total elapsed time = 7.06e+01 s)

 Sol. ||E|| = 4.045830e+01
 Field energy E (9.249e-09 J) + H (9.287e-09 J) = 1.854e-08 J
 S[1][1] = +7.949e-01+5.821e-01i, |S[1][1]| = -1.293e-01, arg(S[1][1]) = +3.621e+01

It 639/1001: ω/2π = 2.432e+00 GHz (total elapsed time = 7.07e+01 s)

 Sol. ||E|| = 4.019558e+01
 Field energy E (9.121e-09 J) + H (9.158e-09 J) = 1.828e-08 J
 S[1][1] = +7.964e-01+5.803e-01i, |S[1][1]| = -1.275e-01, arg(S[1][1]) = +3.608e+01

It 640/1001: ω/2π = 2.432e+00 GHz (total elapsed time = 7.08e+01 s)

 Sol. ||E|| = 3.993656e+01
 Field energy E (8.995e-09 J) + H (9.032e-09 J) = 1.803e-08 J
 S[1][1] = +7.979e-01+5.786e-01i, |S[1][1]| = -1.258e-01, arg(S[1][1]) = +3.595e+01

It 641/1001: ω/2π = 2.432e+00 GHz (total elapsed time = 7.09e+01 s)

 Sol. ||E|| = 3.968116e+01
 Field energy E (8.871e-09 J) + H (8.909e-09 J) = 1.778e-08 J
 S[1][1] = +7.994e-01+5.769e-01i, |S[1][1]| = -1.241e-01, arg(S[1][1]) = +3.582e+01

It 642/1001: ω/2π = 2.432e+00 GHz (total elapsed time = 7.10e+01 s)

 Sol. ||E|| = 3.942931e+01
 Field energy E (8.751e-09 J) + H (8.788e-09 J) = 1.754e-08 J
 S[1][1] = +8.008e-01+5.752e-01i, |S[1][1]| = -1.224e-01, arg(S[1][1]) = +3.569e+01

It 643/1001: ω/2π = 2.432e+00 GHz (total elapsed time = 7.11e+01 s)

 Sol. ||E|| = 3.918093e+01
 Field energy E (8.632e-09 J) + H (8.670e-09 J) = 1.730e-08 J
 S[1][1] = +8.023e-01+5.735e-01i, |S[1][1]| = -1.208e-01, arg(S[1][1]) = +3.556e+01

It 644/1001: ω/2π = 2.432e+00 GHz (total elapsed time = 7.12e+01 s)

 Sol. ||E|| = 3.893597e+01
 Field energy E (8.516e-09 J) + H (8.554e-09 J) = 1.707e-08 J
 S[1][1] = +8.037e-01+5.719e-01i, |S[1][1]| = -1.192e-01, arg(S[1][1]) = +3.544e+01

It 645/1001: ω/2π = 2.432e+00 GHz (total elapsed time = 7.13e+01 s)

 Sol. ||E|| = 3.869436e+01
 Field energy E (8.403e-09 J) + H (8.440e-09 J) = 1.684e-08 J
 S[1][1] = +8.050e-01+5.703e-01i, |S[1][1]| = -1.177e-01, arg(S[1][1]) = +3.531e+01

It 646/1001: ω/2π = 2.432e+00 GHz (total elapsed time = 7.14e+01 s)

 Sol. ||E|| = 3.845602e+01
 Field energy E (8.291e-09 J) + H (8.328e-09 J) = 1.662e-08 J
 S[1][1] = +8.064e-01+5.687e-01i, |S[1][1]| = -1.161e-01, arg(S[1][1]) = +3.519e+01

It 647/1001: ω/2π = 2.432e+00 GHz (total elapsed time = 7.15e+01 s)

 Sol. ||E|| = 3.822091e+01
 Field energy E (8.182e-09 J) + H (8.219e-09 J) = 1.640e-08 J
 S[1][1] = +8.077e-01+5.671e-01i, |S[1][1]| = -1.146e-01, arg(S[1][1]) = +3.507e+01

It 648/1001: ω/2π = 2.432e+00 GHz (total elapsed time = 7.16e+01 s)

 Sol. ||E|| = 3.798895e+01
 Field energy E (8.075e-09 J) + H (8.112e-09 J) = 1.619e-08 J
 S[1][1] = +8.090e-01+5.655e-01i, |S[1][1]| = -1.132e-01, arg(S[1][1]) = +3.495e+01

It 649/1001: ω/2π = 2.432e+00 GHz (total elapsed time = 7.17e+01 s)

 Sol. ||E|| = 3.776009e+01
 Field energy E (7.970e-09 J) + H (8.006e-09 J) = 1.598e-08 J
 S[1][1] = +8.103e-01+5.639e-01i, |S[1][1]| = -1.117e-01, arg(S[1][1]) = +3.484e+01

It 650/1001: ω/2π = 2.432e+00 GHz (total elapsed time = 7.18e+01 s)

 Sol. ||E|| = 3.753426e+01
 Field energy E (7.867e-09 J) + H (7.903e-09 J) = 1.577e-08 J
 S[1][1] = +8.116e-01+5.624e-01i, |S[1][1]| = -1.103e-01, arg(S[1][1]) = +3.472e+01

It 651/1001: ω/2π = 2.432e+00 GHz (total elapsed time = 7.19e+01 s)

 Sol. ||E|| = 3.731142e+01
 Field energy E (7.765e-09 J) + H (7.802e-09 J) = 1.557e-08 J
 S[1][1] = +8.128e-01+5.609e-01i, |S[1][1]| = -1.089e-01, arg(S[1][1]) = +3.461e+01

It 652/1001: ω/2π = 2.432e+00 GHz (total elapsed time = 7.20e+01 s)

 Sol. ||E|| = 3.709151e+01
 Field energy E (7.666e-09 J) + H (7.703e-09 J) = 1.537e-08 J
 S[1][1] = +8.140e-01+5.594e-01i, |S[1][1]| = -1.076e-01, arg(S[1][1]) = +3.449e+01

It 653/1001: ω/2π = 2.432e+00 GHz (total elapsed time = 7.21e+01 s)

 Sol. ||E|| = 3.687446e+01
 Field energy E (7.569e-09 J) + H (7.605e-09 J) = 1.517e-08 J
 S[1][1] = +8.152e-01+5.579e-01i, |S[1][1]| = -1.062e-01, arg(S[1][1]) = +3.438e+01

It 654/1001: ω/2π = 2.432e+00 GHz (total elapsed time = 7.21e+01 s)

 Sol. ||E|| = 3.666024e+01
 Field energy E (7.473e-09 J) + H (7.510e-09 J) = 1.498e-08 J
 S[1][1] = +8.164e-01+5.564e-01i, |S[1][1]| = -1.049e-01, arg(S[1][1]) = +3.427e+01

It 655/1001: ω/2π = 2.432e+00 GHz (total elapsed time = 7.23e+01 s)

 Sol. ||E|| = 3.644879e+01
 Field energy E (7.380e-09 J) + H (7.416e-09 J) = 1.480e-08 J
 S[1][1] = +8.176e-01+5.549e-01i, |S[1][1]| = -1.036e-01, arg(S[1][1]) = +3.417e+01

It 656/1001: ω/2π = 2.432e+00 GHz (total elapsed time = 7.24e+01 s)

 Sol. ||E|| = 3.624005e+01
 Field energy E (7.288e-09 J) + H (7.324e-09 J) = 1.461e-08 J
 S[1][1] = +8.188e-01+5.535e-01i, |S[1][1]| = -1.024e-01, arg(S[1][1]) = +3.406e+01

It 657/1001: ω/2π = 2.432e+00 GHz (total elapsed time = 7.25e+01 s)

 Sol. ||E|| = 3.603398e+01
 Field energy E (7.198e-09 J) + H (7.234e-09 J) = 1.443e-08 J
 S[1][1] = +8.199e-01+5.520e-01i, |S[1][1]| = -1.011e-01, arg(S[1][1]) = +3.395e+01

It 658/1001: ω/2π = 2.432e+00 GHz (total elapsed time = 7.25e+01 s)

 Sol. ||E|| = 3.583053e+01
 Field energy E (7.109e-09 J) + H (7.145e-09 J) = 1.425e-08 J
 S[1][1] = +8.210e-01+5.506e-01i, |S[1][1]| = -9.992e-02, arg(S[1][1]) = +3.385e+01

It 659/1001: ω/2π = 2.432e+00 GHz (total elapsed time = 7.26e+01 s)

 Sol. ||E|| = 3.562965e+01
 Field energy E (7.022e-09 J) + H (7.058e-09 J) = 1.408e-08 J
 S[1][1] = +8.221e-01+5.492e-01i, |S[1][1]| = -9.873e-02, arg(S[1][1]) = +3.375e+01

It 660/1001: ω/2π = 2.432e+00 GHz (total elapsed time = 7.27e+01 s)

 Sol. ||E|| = 3.543131e+01
 Field energy E (6.936e-09 J) + H (6.972e-09 J) = 1.391e-08 J
 S[1][1] = +8.232e-01+5.478e-01i, |S[1][1]| = -9.756e-02, arg(S[1][1]) = +3.364e+01

It 661/1001: ω/2π = 2.432e+00 GHz (total elapsed time = 7.28e+01 s)

 Sol. ||E|| = 3.523544e+01
 Field energy E (6.853e-09 J) + H (6.888e-09 J) = 1.374e-08 J
 S[1][1] = +8.243e-01+5.465e-01i, |S[1][1]| = -9.642e-02, arg(S[1][1]) = +3.354e+01

It 662/1001: ω/2π = 2.432e+00 GHz (total elapsed time = 7.29e+01 s)

 Sol. ||E|| = 3.504201e+01
 Field energy E (6.770e-09 J) + H (6.806e-09 J) = 1.358e-08 J
 S[1][1] = +8.253e-01+5.451e-01i, |S[1][1]| = -9.529e-02, arg(S[1][1]) = +3.344e+01

It 663/1001: ω/2π = 2.432e+00 GHz (total elapsed time = 7.30e+01 s)

 Sol. ||E|| = 3.485098e+01
 Field energy E (6.689e-09 J) + H (6.725e-09 J) = 1.341e-08 J
 S[1][1] = +8.263e-01+5.438e-01i, |S[1][1]| = -9.418e-02, arg(S[1][1]) = +3.335e+01

It 664/1001: ω/2π = 2.432e+00 GHz (total elapsed time = 7.31e+01 s)

 Sol. ||E|| = 3.466231e+01
 Field energy E (6.610e-09 J) + H (6.645e-09 J) = 1.325e-08 J
 S[1][1] = +8.274e-01+5.425e-01i, |S[1][1]| = -9.310e-02, arg(S[1][1]) = +3.325e+01

It 665/1001: ω/2π = 2.432e+00 GHz (total elapsed time = 7.32e+01 s)

 Sol. ||E|| = 3.447594e+01
 Field energy E (6.532e-09 J) + H (6.567e-09 J) = 1.310e-08 J
 S[1][1] = +8.284e-01+5.411e-01i, |S[1][1]| = -9.203e-02, arg(S[1][1]) = +3.315e+01

It 666/1001: ω/2π = 2.432e+00 GHz (total elapsed time = 7.33e+01 s)

 Sol. ||E|| = 3.429185e+01
 Field energy E (6.455e-09 J) + H (6.490e-09 J) = 1.295e-08 J
 S[1][1] = +8.294e-01+5.398e-01i, |S[1][1]| = -9.098e-02, arg(S[1][1]) = +3.306e+01

It 667/1001: ω/2π = 2.432e+00 GHz (total elapsed time = 7.34e+01 s)

 Sol. ||E|| = 3.411000e+01
 Field energy E (6.380e-09 J) + H (6.415e-09 J) = 1.279e-08 J
 S[1][1] = +8.303e-01+5.385e-01i, |S[1][1]| = -8.995e-02, arg(S[1][1]) = +3.297e+01

It 668/1001: ω/2π = 2.432e+00 GHz (total elapsed time = 7.35e+01 s)

 Sol. ||E|| = 3.393034e+01
 Field energy E (6.306e-09 J) + H (6.341e-09 J) = 1.265e-08 J
 S[1][1] = +8.313e-01+5.373e-01i, |S[1][1]| = -8.894e-02, arg(S[1][1]) = +3.287e+01

It 669/1001: ω/2π = 2.432e+00 GHz (total elapsed time = 7.35e+01 s)

 Sol. ||E|| = 3.375284e+01
 Field energy E (6.233e-09 J) + H (6.268e-09 J) = 1.250e-08 J
 S[1][1] = +8.323e-01+5.360e-01i, |S[1][1]| = -8.794e-02, arg(S[1][1]) = +3.278e+01

It 670/1001: ω/2π = 2.432e+00 GHz (total elapsed time = 7.36e+01 s)

 Sol. ||E|| = 3.357746e+01
 Field energy E (6.161e-09 J) + H (6.196e-09 J) = 1.236e-08 J
 S[1][1] = +8.332e-01+5.348e-01i, |S[1][1]| = -8.697e-02, arg(S[1][1]) = +3.269e+01

It 671/1001: ω/2π = 2.432e+00 GHz (total elapsed time = 7.37e+01 s)

 Sol. ||E|| = 3.340417e+01
 Field energy E (6.091e-09 J) + H (6.126e-09 J) = 1.222e-08 J
 S[1][1] = +8.341e-01+5.335e-01i, |S[1][1]| = -8.600e-02, arg(S[1][1]) = +3.260e+01

It 672/1001: ω/2π = 2.432e+00 GHz (total elapsed time = 7.38e+01 s)

 Sol. ||E|| = 3.323294e+01
 Field energy E (6.022e-09 J) + H (6.056e-09 J) = 1.208e-08 J
 S[1][1] = +8.350e-01+5.323e-01i, |S[1][1]| = -8.506e-02, arg(S[1][1]) = +3.252e+01

It 673/1001: ω/2π = 2.432e+00 GHz (total elapsed time = 7.39e+01 s)

 Sol. ||E|| = 3.306372e+01
 Field energy E (5.954e-09 J) + H (5.988e-09 J) = 1.194e-08 J
 S[1][1] = +8.359e-01+5.311e-01i, |S[1][1]| = -8.413e-02, arg(S[1][1]) = +3.243e+01

It 674/1001: ω/2π = 2.432e+00 GHz (total elapsed time = 7.40e+01 s)

 Sol. ||E|| = 3.289648e+01
 Field energy E (5.887e-09 J) + H (5.921e-09 J) = 1.181e-08 J
 S[1][1] = +8.368e-01+5.299e-01i, |S[1][1]| = -8.322e-02, arg(S[1][1]) = +3.234e+01

It 675/1001: ω/2π = 2.432e+00 GHz (total elapsed time = 7.41e+01 s)

 Sol. ||E|| = 3.273120e+01
 Field energy E (5.821e-09 J) + H (5.856e-09 J) = 1.168e-08 J
 S[1][1] = +8.377e-01+5.287e-01i, |S[1][1]| = -8.232e-02, arg(S[1][1]) = +3.226e+01

It 676/1001: ω/2π = 2.432e+00 GHz (total elapsed time = 7.42e+01 s)

 Sol. ||E|| = 3.256783e+01
 Field energy E (5.756e-09 J) + H (5.791e-09 J) = 1.155e-08 J
 S[1][1] = +8.385e-01+5.275e-01i, |S[1][1]| = -8.144e-02, arg(S[1][1]) = +3.217e+01

It 677/1001: ω/2π = 2.432e+00 GHz (total elapsed time = 7.43e+01 s)

 Sol. ||E|| = 3.240636e+01
 Field energy E (5.693e-09 J) + H (5.727e-09 J) = 1.142e-08 J
 S[1][1] = +8.394e-01+5.263e-01i, |S[1][1]| = -8.057e-02, arg(S[1][1]) = +3.209e+01

It 678/1001: ω/2π = 2.432e+00 GHz (total elapsed time = 7.44e+01 s)

 Sol. ||E|| = 3.224674e+01
 Field energy E (5.630e-09 J) + H (5.665e-09 J) = 1.129e-08 J
 S[1][1] = +8.402e-01+5.252e-01i, |S[1][1]| = -7.972e-02, arg(S[1][1]) = +3.201e+01

It 679/1001: ω/2π = 2.432e+00 GHz (total elapsed time = 7.45e+01 s)

 Sol. ||E|| = 3.208895e+01
 Field energy E (5.569e-09 J) + H (5.603e-09 J) = 1.117e-08 J
 S[1][1] = +8.411e-01+5.240e-01i, |S[1][1]| = -7.888e-02, arg(S[1][1]) = +3.193e+01

It 680/1001: ω/2π = 2.432e+00 GHz (total elapsed time = 7.46e+01 s)

 Sol. ||E|| = 3.193295e+01
 Field energy E (5.508e-09 J) + H (5.542e-09 J) = 1.105e-08 J
 S[1][1] = +8.419e-01+5.229e-01i, |S[1][1]| = -7.806e-02, arg(S[1][1]) = +3.185e+01

It 681/1001: ω/2π = 2.433e+00 GHz (total elapsed time = 7.47e+01 s)

 Sol. ||E|| = 3.177873e+01
 Field energy E (5.449e-09 J) + H (5.483e-09 J) = 1.093e-08 J
 S[1][1] = +8.427e-01+5.218e-01i, |S[1][1]| = -7.724e-02, arg(S[1][1]) = +3.177e+01

It 682/1001: ω/2π = 2.433e+00 GHz (total elapsed time = 7.47e+01 s)

 Sol. ||E|| = 3.162625e+01
 Field energy E (5.390e-09 J) + H (5.424e-09 J) = 1.081e-08 J
 S[1][1] = +8.435e-01+5.207e-01i, |S[1][1]| = -7.644e-02, arg(S[1][1]) = +3.169e+01

It 683/1001: ω/2π = 2.433e+00 GHz (total elapsed time = 7.48e+01 s)

 Sol. ||E|| = 3.147548e+01
 Field energy E (5.333e-09 J) + H (5.366e-09 J) = 1.070e-08 J
 S[1][1] = +8.443e-01+5.196e-01i, |S[1][1]| = -7.566e-02, arg(S[1][1]) = +3.161e+01

It 684/1001: ω/2π = 2.433e+00 GHz (total elapsed time = 7.49e+01 s)

 Sol. ||E|| = 3.132640e+01
 Field energy E (5.276e-09 J) + H (5.310e-09 J) = 1.059e-08 J
 S[1][1] = +8.450e-01+5.185e-01i, |S[1][1]| = -7.489e-02, arg(S[1][1]) = +3.153e+01

It 685/1001: ω/2π = 2.433e+00 GHz (total elapsed time = 7.50e+01 s)

 Sol. ||E|| = 3.117898e+01
 Field energy E (5.220e-09 J) + H (5.254e-09 J) = 1.047e-08 J
 S[1][1] = +8.458e-01+5.174e-01i, |S[1][1]| = -7.412e-02, arg(S[1][1]) = +3.146e+01

It 686/1001: ω/2π = 2.433e+00 GHz (total elapsed time = 7.51e+01 s)

 Sol. ||E|| = 3.103319e+01
 Field energy E (5.165e-09 J) + H (5.199e-09 J) = 1.036e-08 J
 S[1][1] = +8.465e-01+5.163e-01i, |S[1][1]| = -7.338e-02, arg(S[1][1]) = +3.138e+01

It 687/1001: ω/2π = 2.433e+00 GHz (total elapsed time = 7.52e+01 s)

 Sol. ||E|| = 3.088902e+01
 Field energy E (5.111e-09 J) + H (5.145e-09 J) = 1.026e-08 J
 S[1][1] = +8.473e-01+5.153e-01i, |S[1][1]| = -7.264e-02, arg(S[1][1]) = +3.131e+01

It 688/1001: ω/2π = 2.433e+00 GHz (total elapsed time = 7.53e+01 s)

 Sol. ||E|| = 3.074642e+01
 Field energy E (5.058e-09 J) + H (5.091e-09 J) = 1.015e-08 J
 S[1][1] = +8.480e-01+5.142e-01i, |S[1][1]| = -7.191e-02, arg(S[1][1]) = +3.123e+01

It 689/1001: ω/2π = 2.433e+00 GHz (total elapsed time = 7.54e+01 s)

 Sol. ||E|| = 3.060539e+01
 Field energy E (5.005e-09 J) + H (5.039e-09 J) = 1.004e-08 J
 S[1][1] = +8.488e-01+5.132e-01i, |S[1][1]| = -7.120e-02, arg(S[1][1]) = +3.116e+01

It 690/1001: ω/2π = 2.433e+00 GHz (total elapsed time = 7.55e+01 s)

 Sol. ||E|| = 3.046589e+01
 Field energy E (4.954e-09 J) + H (4.987e-09 J) = 9.941e-09 J
 S[1][1] = +8.495e-01+5.122e-01i, |S[1][1]| = -7.049e-02, arg(S[1][1]) = +3.109e+01

It 691/1001: ω/2π = 2.433e+00 GHz (total elapsed time = 7.55e+01 s)

 Sol. ||E|| = 3.032791e+01
 Field energy E (4.903e-09 J) + H (4.936e-09 J) = 9.839e-09 J
 S[1][1] = +8.502e-01+5.111e-01i, |S[1][1]| = -6.980e-02, arg(S[1][1]) = +3.101e+01

It 692/1001: ω/2π = 2.433e+00 GHz (total elapsed time = 7.56e+01 s)

 Sol. ||E|| = 3.019141e+01
 Field energy E (4.853e-09 J) + H (4.886e-09 J) = 9.739e-09 J
 S[1][1] = +8.509e-01+5.101e-01i, |S[1][1]| = -6.912e-02, arg(S[1][1]) = +3.094e+01

It 693/1001: ω/2π = 2.433e+00 GHz (total elapsed time = 7.57e+01 s)

 Sol. ||E|| = 3.005638e+01
 Field energy E (4.803e-09 J) + H (4.837e-09 J) = 9.640e-09 J
 S[1][1] = +8.516e-01+5.091e-01i, |S[1][1]| = -6.845e-02, arg(S[1][1]) = +3.087e+01

It 694/1001: ω/2π = 2.433e+00 GHz (total elapsed time = 7.58e+01 s)

 Sol. ||E|| = 2.992280e+01
 Field energy E (4.755e-09 J) + H (4.788e-09 J) = 9.543e-09 J
 S[1][1] = +8.522e-01+5.081e-01i, |S[1][1]| = -6.779e-02, arg(S[1][1]) = +3.080e+01

It 695/1001: ω/2π = 2.433e+00 GHz (total elapsed time = 7.59e+01 s)

 Sol. ||E|| = 2.979064e+01
 Field energy E (4.707e-09 J) + H (4.740e-09 J) = 9.447e-09 J
 S[1][1] = +8.529e-01+5.071e-01i, |S[1][1]| = -6.714e-02, arg(S[1][1]) = +3.074e+01

It 696/1001: ω/2π = 2.433e+00 GHz (total elapsed time = 7.60e+01 s)

 Sol. ||E|| = 2.965988e+01
 Field energy E (4.660e-09 J) + H (4.693e-09 J) = 9.353e-09 J
 S[1][1] = +8.536e-01+5.062e-01i, |S[1][1]| = -6.649e-02, arg(S[1][1]) = +3.067e+01

It 697/1001: ω/2π = 2.433e+00 GHz (total elapsed time = 7.61e+01 s)

 Sol. ||E|| = 2.953050e+01
 Field energy E (4.614e-09 J) + H (4.647e-09 J) = 9.260e-09 J
 S[1][1] = +8.542e-01+5.052e-01i, |S[1][1]| = -6.586e-02, arg(S[1][1]) = +3.060e+01

It 698/1001: ω/2π = 2.433e+00 GHz (total elapsed time = 7.62e+01 s)

 Sol. ||E|| = 2.940249e+01
 Field energy E (4.568e-09 J) + H (4.601e-09 J) = 9.169e-09 J
 S[1][1] = +8.549e-01+5.042e-01i, |S[1][1]| = -6.524e-02, arg(S[1][1]) = +3.053e+01

It 699/1001: ω/2π = 2.433e+00 GHz (total elapsed time = 7.63e+01 s)

 Sol. ||E|| = 2.927581e+01
 Field energy E (4.523e-09 J) + H (4.556e-09 J) = 9.079e-09 J
 S[1][1] = +8.555e-01+5.033e-01i, |S[1][1]| = -6.463e-02, arg(S[1][1]) = +3.047e+01

It 700/1001: ω/2π = 2.433e+00 GHz (total elapsed time = 7.64e+01 s)

 Sol. ||E|| = 2.915046e+01
 Field energy E (4.479e-09 J) + H (4.511e-09 J) = 8.990e-09 J
 S[1][1] = +8.562e-01+5.023e-01i, |S[1][1]| = -6.402e-02, arg(S[1][1]) = +3.040e+01

It 701/1001: ω/2π = 2.433e+00 GHz (total elapsed time = 7.65e+01 s)

 Sol. ||E|| = 2.902641e+01
 Field energy E (4.435e-09 J) + H (4.468e-09 J) = 8.902e-09 J
 S[1][1] = +8.568e-01+5.014e-01i, |S[1][1]| = -6.343e-02, arg(S[1][1]) = +3.034e+01

It 702/1001: ω/2π = 2.433e+00 GHz (total elapsed time = 7.66e+01 s)

 Sol. ||E|| = 2.890364e+01
 Field energy E (4.392e-09 J) + H (4.424e-09 J) = 8.816e-09 J
 S[1][1] = +8.574e-01+5.005e-01i, |S[1][1]| = -6.284e-02, arg(S[1][1]) = +3.027e+01

It 703/1001: ω/2π = 2.433e+00 GHz (total elapsed time = 7.67e+01 s)

 Sol. ||E|| = 2.878213e+01
 Field energy E (4.349e-09 J) + H (4.382e-09 J) = 8.731e-09 J
 S[1][1] = +8.580e-01+4.996e-01i, |S[1][1]| = -6.226e-02, arg(S[1][1]) = +3.021e+01

It 704/1001: ω/2π = 2.433e+00 GHz (total elapsed time = 7.68e+01 s)

 Sol. ||E|| = 2.866187e+01
 Field energy E (4.307e-09 J) + H (4.340e-09 J) = 8.647e-09 J
 S[1][1] = +8.586e-01+4.987e-01i, |S[1][1]| = -6.169e-02, arg(S[1][1]) = +3.015e+01

It 705/1001: ω/2π = 2.433e+00 GHz (total elapsed time = 7.69e+01 s)

 Sol. ||E|| = 2.854284e+01
 Field energy E (4.266e-09 J) + H (4.299e-09 J) = 8.565e-09 J
 S[1][1] = +8.592e-01+4.978e-01i, |S[1][1]| = -6.113e-02, arg(S[1][1]) = +3.008e+01

It 706/1001: ω/2π = 2.433e+00 GHz (total elapsed time = 7.69e+01 s)

 Sol. ||E|| = 2.842503e+01
 Field energy E (4.225e-09 J) + H (4.258e-09 J) = 8.483e-09 J
 S[1][1] = +8.598e-01+4.969e-01i, |S[1][1]| = -6.058e-02, arg(S[1][1]) = +3.002e+01

It 707/1001: ω/2π = 2.433e+00 GHz (total elapsed time = 7.70e+01 s)

 Sol. ||E|| = 2.830840e+01
 Field energy E (4.185e-09 J) + H (4.218e-09 J) = 8.403e-09 J
 S[1][1] = +8.604e-01+4.960e-01i, |S[1][1]| = -6.003e-02, arg(S[1][1]) = +2.996e+01

It 708/1001: ω/2π = 2.433e+00 GHz (total elapsed time = 7.71e+01 s)

 Sol. ||E|| = 2.819295e+01
 Field energy E (4.146e-09 J) + H (4.178e-09 J) = 8.324e-09 J
 S[1][1] = +8.610e-01+4.951e-01i, |S[1][1]| = -5.950e-02, arg(S[1][1]) = +2.990e+01

It 709/1001: ω/2π = 2.433e+00 GHz (total elapsed time = 7.72e+01 s)

 Sol. ||E|| = 2.807867e+01
 Field energy E (4.107e-09 J) + H (4.139e-09 J) = 8.246e-09 J
 S[1][1] = +8.615e-01+4.942e-01i, |S[1][1]| = -5.897e-02, arg(S[1][1]) = +2.984e+01

It 710/1001: ω/2π = 2.433e+00 GHz (total elapsed time = 7.73e+01 s)

 Sol. ||E|| = 2.796552e+01
 Field energy E (4.069e-09 J) + H (4.101e-09 J) = 8.169e-09 J
 S[1][1] = +8.621e-01+4.934e-01i, |S[1][1]| = -5.844e-02, arg(S[1][1]) = +2.978e+01

It 711/1001: ω/2π = 2.433e+00 GHz (total elapsed time = 7.74e+01 s)

 Sol. ||E|| = 2.785351e+01
 Field energy E (4.031e-09 J) + H (4.063e-09 J) = 8.093e-09 J
 S[1][1] = +8.627e-01+4.925e-01i, |S[1][1]| = -5.793e-02, arg(S[1][1]) = +2.972e+01

It 712/1001: ω/2π = 2.433e+00 GHz (total elapsed time = 7.75e+01 s)

 Sol. ||E|| = 2.774261e+01
 Field energy E (3.993e-09 J) + H (4.025e-09 J) = 8.019e-09 J
 S[1][1] = +8.632e-01+4.917e-01i, |S[1][1]| = -5.742e-02, arg(S[1][1]) = +2.966e+01

It 713/1001: ω/2π = 2.433e+00 GHz (total elapsed time = 7.76e+01 s)

 Sol. ||E|| = 2.763280e+01
 Field energy E (3.956e-09 J) + H (3.989e-09 J) = 7.945e-09 J
 S[1][1] = +8.638e-01+4.908e-01i, |S[1][1]| = -5.692e-02, arg(S[1][1]) = +2.961e+01

It 714/1001: ω/2π = 2.433e+00 GHz (total elapsed time = 7.77e+01 s)

 Sol. ||E|| = 2.752408e+01
 Field energy E (3.920e-09 J) + H (3.952e-09 J) = 7.872e-09 J
 S[1][1] = +8.643e-01+4.900e-01i, |S[1][1]| = -5.642e-02, arg(S[1][1]) = +2.955e+01

It 715/1001: ω/2π = 2.433e+00 GHz (total elapsed time = 7.78e+01 s)

 Sol. ||E|| = 2.741642e+01
 Field energy E (3.884e-09 J) + H (3.916e-09 J) = 7.801e-09 J
 S[1][1] = +8.648e-01+4.891e-01i, |S[1][1]| = -5.594e-02, arg(S[1][1]) = +2.949e+01

It 716/1001: ω/2π = 2.433e+00 GHz (total elapsed time = 7.78e+01 s)

 Sol. ||E|| = 2.730982e+01
 Field energy E (3.849e-09 J) + H (3.881e-09 J) = 7.730e-09 J
 S[1][1] = +8.654e-01+4.883e-01i, |S[1][1]| = -5.546e-02, arg(S[1][1]) = +2.944e+01

It 717/1001: ω/2π = 2.433e+00 GHz (total elapsed time = 7.79e+01 s)

 Sol. ||E|| = 2.720425e+01
 Field energy E (3.814e-09 J) + H (3.846e-09 J) = 7.660e-09 J
 S[1][1] = +8.659e-01+4.875e-01i, |S[1][1]| = -5.498e-02, arg(S[1][1]) = +2.938e+01

It 718/1001: ω/2π = 2.433e+00 GHz (total elapsed time = 7.80e+01 s)

 Sol. ||E|| = 2.709971e+01
 Field energy E (3.780e-09 J) + H (3.812e-09 J) = 7.591e-09 J
 S[1][1] = +8.664e-01+4.867e-01i, |S[1][1]| = -5.451e-02, arg(S[1][1]) = +2.933e+01

It 719/1001: ω/2π = 2.433e+00 GHz (total elapsed time = 7.81e+01 s)

 Sol. ||E|| = 2.699618e+01
 Field energy E (3.746e-09 J) + H (3.778e-09 J) = 7.523e-09 J
 S[1][1] = +8.669e-01+4.859e-01i, |S[1][1]| = -5.405e-02, arg(S[1][1]) = +2.927e+01

It 720/1001: ω/2π = 2.433e+00 GHz (total elapsed time = 7.82e+01 s)

 Sol. ||E|| = 2.689365e+01
 Field energy E (3.712e-09 J) + H (3.744e-09 J) = 7.456e-09 J
 S[1][1] = +8.674e-01+4.851e-01i, |S[1][1]| = -5.360e-02, arg(S[1][1]) = +2.922e+01

It 721/1001: ω/2π = 2.433e+00 GHz (total elapsed time = 7.83e+01 s)

 Sol. ||E|| = 2.679210e+01
 Field energy E (3.679e-09 J) + H (3.711e-09 J) = 7.390e-09 J
 S[1][1] = +8.679e-01+4.843e-01i, |S[1][1]| = -5.315e-02, arg(S[1][1]) = +2.916e+01

It 722/1001: ω/2π = 2.433e+00 GHz (total elapsed time = 7.84e+01 s)

 Sol. ||E|| = 2.669152e+01
 Field energy E (3.647e-09 J) + H (3.678e-09 J) = 7.325e-09 J
 S[1][1] = +8.684e-01+4.835e-01i, |S[1][1]| = -5.271e-02, arg(S[1][1]) = +2.911e+01

It 723/1001: ω/2π = 2.433e+00 GHz (total elapsed time = 7.85e+01 s)

 Sol. ||E|| = 2.659190e+01
 Field energy E (3.615e-09 J) + H (3.646e-09 J) = 7.261e-09 J
 S[1][1] = +8.689e-01+4.828e-01i, |S[1][1]| = -5.227e-02, arg(S[1][1]) = +2.906e+01

It 724/1001: ω/2π = 2.433e+00 GHz (total elapsed time = 7.86e+01 s)

 Sol. ||E|| = 2.649322e+01
 Field energy E (3.583e-09 J) + H (3.614e-09 J) = 7.197e-09 J
 S[1][1] = +8.694e-01+4.820e-01i, |S[1][1]| = -5.184e-02, arg(S[1][1]) = +2.900e+01

It 725/1001: ω/2π = 2.433e+00 GHz (total elapsed time = 7.87e+01 s)

 Sol. ||E|| = 2.639548e+01
 Field energy E (3.552e-09 J) + H (3.583e-09 J) = 7.135e-09 J
 S[1][1] = +8.699e-01+4.812e-01i, |S[1][1]| = -5.141e-02, arg(S[1][1]) = +2.895e+01

It 726/1001: ω/2π = 2.433e+00 GHz (total elapsed time = 7.88e+01 s)

 Sol. ||E|| = 2.629865e+01
 Field energy E (3.521e-09 J) + H (3.552e-09 J) = 7.073e-09 J
 S[1][1] = +8.703e-01+4.805e-01i, |S[1][1]| = -5.099e-02, arg(S[1][1]) = +2.890e+01

It 727/1001: ω/2π = 2.433e+00 GHz (total elapsed time = 7.89e+01 s)

 Sol. ||E|| = 2.620274e+01
 Field energy E (3.490e-09 J) + H (3.521e-09 J) = 7.012e-09 J
 S[1][1] = +8.708e-01+4.797e-01i, |S[1][1]| = -5.058e-02, arg(S[1][1]) = +2.885e+01

It 728/1001: ω/2π = 2.433e+00 GHz (total elapsed time = 7.90e+01 s)

 Sol. ||E|| = 2.610772e+01
 Field energy E (3.460e-09 J) + H (3.491e-09 J) = 6.951e-09 J
 S[1][1] = +8.713e-01+4.790e-01i, |S[1][1]| = -5.017e-02, arg(S[1][1]) = +2.880e+01

It 729/1001: ω/2π = 2.433e+00 GHz (total elapsed time = 7.90e+01 s)

 Sol. ||E|| = 2.601358e+01
 Field energy E (3.430e-09 J) + H (3.462e-09 J) = 6.892e-09 J
 S[1][1] = +8.717e-01+4.782e-01i, |S[1][1]| = -4.976e-02, arg(S[1][1]) = +2.875e+01

It 730/1001: ω/2π = 2.433e+00 GHz (total elapsed time = 7.91e+01 s)

 Sol. ||E|| = 2.592032e+01
 Field energy E (3.401e-09 J) + H (3.432e-09 J) = 6.833e-09 J
 S[1][1] = +8.722e-01+4.775e-01i, |S[1][1]| = -4.936e-02, arg(S[1][1]) = +2.870e+01

It 731/1001: ω/2π = 2.434e+00 GHz (total elapsed time = 7.92e+01 s)

 Sol. ||E|| = 2.582792e+01
 Field energy E (3.372e-09 J) + H (3.403e-09 J) = 6.775e-09 J
 S[1][1] = +8.726e-01+4.768e-01i, |S[1][1]| = -4.897e-02, arg(S[1][1]) = +2.865e+01

It 732/1001: ω/2π = 2.434e+00 GHz (total elapsed time = 7.93e+01 s)

 Sol. ||E|| = 2.573637e+01
 Field energy E (3.343e-09 J) + H (3.375e-09 J) = 6.718e-09 J
 S[1][1] = +8.731e-01+4.761e-01i, |S[1][1]| = -4.858e-02, arg(S[1][1]) = +2.860e+01

It 733/1001: ω/2π = 2.434e+00 GHz (total elapsed time = 7.94e+01 s)

 Sol. ||E|| = 2.564567e+01
 Field energy E (3.315e-09 J) + H (3.346e-09 J) = 6.662e-09 J
 S[1][1] = +8.735e-01+4.753e-01i, |S[1][1]| = -4.820e-02, arg(S[1][1]) = +2.855e+01

It 734/1001: ω/2π = 2.434e+00 GHz (total elapsed time = 7.95e+01 s)

 Sol. ||E|| = 2.555579e+01
 Field energy E (3.287e-09 J) + H (3.318e-09 J) = 6.606e-09 J
 S[1][1] = +8.739e-01+4.746e-01i, |S[1][1]| = -4.782e-02, arg(S[1][1]) = +2.851e+01

It 735/1001: ω/2π = 2.434e+00 GHz (total elapsed time = 7.96e+01 s)

 Sol. ||E|| = 2.546673e+01
 Field energy E (3.260e-09 J) + H (3.291e-09 J) = 6.551e-09 J
 S[1][1] = +8.744e-01+4.739e-01i, |S[1][1]| = -4.744e-02, arg(S[1][1]) = +2.846e+01

It 736/1001: ω/2π = 2.434e+00 GHz (total elapsed time = 7.97e+01 s)

 Sol. ||E|| = 2.537848e+01
 Field energy E (3.233e-09 J) + H (3.264e-09 J) = 6.496e-09 J
 S[1][1] = +8.748e-01+4.732e-01i, |S[1][1]| = -4.707e-02, arg(S[1][1]) = +2.841e+01

It 737/1001: ω/2π = 2.434e+00 GHz (total elapsed time = 7.98e+01 s)

 Sol. ||E|| = 2.529103e+01
 Field energy E (3.206e-09 J) + H (3.237e-09 J) = 6.443e-09 J
 S[1][1] = +8.752e-01+4.725e-01i, |S[1][1]| = -4.671e-02, arg(S[1][1]) = +2.836e+01

It 738/1001: ω/2π = 2.434e+00 GHz (total elapsed time = 7.99e+01 s)

 Sol. ||E|| = 2.520436e+01
 Field energy E (3.179e-09 J) + H (3.210e-09 J) = 6.390e-09 J
 S[1][1] = +8.756e-01+4.718e-01i, |S[1][1]| = -4.635e-02, arg(S[1][1]) = +2.832e+01

It 739/1001: ω/2π = 2.434e+00 GHz (total elapsed time = 8.00e+01 s)

 Sol. ||E|| = 2.511848e+01
 Field energy E (3.153e-09 J) + H (3.184e-09 J) = 6.337e-09 J
 S[1][1] = +8.761e-01+4.712e-01i, |S[1][1]| = -4.599e-02, arg(S[1][1]) = +2.827e+01

It 740/1001: ω/2π = 2.434e+00 GHz (total elapsed time = 8.00e+01 s)

 Sol. ||E|| = 2.503336e+01
 Field energy E (3.127e-09 J) + H (3.158e-09 J) = 6.285e-09 J
 S[1][1] = +8.765e-01+4.705e-01i, |S[1][1]| = -4.564e-02, arg(S[1][1]) = +2.823e+01

It 741/1001: ω/2π = 2.434e+00 GHz (total elapsed time = 8.01e+01 s)

 Sol. ||E|| = 2.494901e+01
 Field energy E (3.102e-09 J) + H (3.132e-09 J) = 6.234e-09 J
 S[1][1] = +8.769e-01+4.698e-01i, |S[1][1]| = -4.529e-02, arg(S[1][1]) = +2.818e+01

It 742/1001: ω/2π = 2.434e+00 GHz (total elapsed time = 8.02e+01 s)

 Sol. ||E|| = 2.486540e+01
 Field energy E (3.077e-09 J) + H (3.107e-09 J) = 6.184e-09 J
 S[1][1] = +8.773e-01+4.691e-01i, |S[1][1]| = -4.495e-02, arg(S[1][1]) = +2.814e+01

It 743/1001: ω/2π = 2.434e+00 GHz (total elapsed time = 8.04e+01 s)

 Sol. ||E|| = 2.478254e+01
 Field energy E (3.052e-09 J) + H (3.082e-09 J) = 6.134e-09 J
 S[1][1] = +8.777e-01+4.685e-01i, |S[1][1]| = -4.461e-02, arg(S[1][1]) = +2.809e+01

It 744/1001: ω/2π = 2.434e+00 GHz (total elapsed time = 8.04e+01 s)

 Sol. ||E|| = 2.470041e+01
 Field energy E (3.027e-09 J) + H (3.058e-09 J) = 6.085e-09 J
 S[1][1] = +8.781e-01+4.678e-01i, |S[1][1]| = -4.428e-02, arg(S[1][1]) = +2.805e+01

It 745/1001: ω/2π = 2.434e+00 GHz (total elapsed time = 8.05e+01 s)

 Sol. ||E|| = 2.461900e+01
 Field energy E (3.003e-09 J) + H (3.033e-09 J) = 6.036e-09 J
 S[1][1] = +8.785e-01+4.672e-01i, |S[1][1]| = -4.395e-02, arg(S[1][1]) = +2.800e+01

It 746/1001: ω/2π = 2.434e+00 GHz (total elapsed time = 8.06e+01 s)

 Sol. ||E|| = 2.453830e+01
 Field energy E (2.979e-09 J) + H (3.009e-09 J) = 5.988e-09 J
 S[1][1] = +8.788e-01+4.665e-01i, |S[1][1]| = -4.362e-02, arg(S[1][1]) = +2.796e+01

It 747/1001: ω/2π = 2.434e+00 GHz (total elapsed time = 8.07e+01 s)

 Sol. ||E|| = 2.445831e+01
 Field energy E (2.955e-09 J) + H (2.985e-09 J) = 5.940e-09 J
 S[1][1] = +8.792e-01+4.659e-01i, |S[1][1]| = -4.330e-02, arg(S[1][1]) = +2.792e+01

It 748/1001: ω/2π = 2.434e+00 GHz (total elapsed time = 8.08e+01 s)

 Sol. ||E|| = 2.437902e+01
 Field energy E (2.932e-09 J) + H (2.962e-09 J) = 5.894e-09 J
 S[1][1] = +8.796e-01+4.652e-01i, |S[1][1]| = -4.298e-02, arg(S[1][1]) = +2.787e+01

It 749/1001: ω/2π = 2.434e+00 GHz (total elapsed time = 8.09e+01 s)

 Sol. ||E|| = 2.430042e+01
 Field energy E (2.908e-09 J) + H (2.939e-09 J) = 5.847e-09 J
 S[1][1] = +8.800e-01+4.646e-01i, |S[1][1]| = -4.266e-02, arg(S[1][1]) = +2.783e+01

It 750/1001: ω/2π = 2.434e+00 GHz (total elapsed time = 8.10e+01 s)

 Sol. ||E|| = 2.422249e+01
 Field energy E (2.886e-09 J) + H (2.916e-09 J) = 5.801e-09 J
 S[1][1] = +8.804e-01+4.640e-01i, |S[1][1]| = -4.235e-02, arg(S[1][1]) = +2.779e+01

It 751/1001: ω/2π = 2.434e+00 GHz (total elapsed time = 8.11e+01 s)

 Sol. ||E|| = 2.414524e+01
 Field energy E (2.863e-09 J) + H (2.893e-09 J) = 5.756e-09 J
 S[1][1] = +8.807e-01+4.633e-01i, |S[1][1]| = -4.205e-02, arg(S[1][1]) = +2.775e+01

It 752/1001: ω/2π = 2.434e+00 GHz (total elapsed time = 8.12e+01 s)

 Sol. ||E|| = 2.406866e+01
 Field energy E (2.841e-09 J) + H (2.871e-09 J) = 5.711e-09 J
 S[1][1] = +8.811e-01+4.627e-01i, |S[1][1]| = -4.174e-02, arg(S[1][1]) = +2.771e+01

It 753/1001: ω/2π = 2.434e+00 GHz (total elapsed time = 8.13e+01 s)

 Sol. ||E|| = 2.399273e+01
 Field energy E (2.818e-09 J) + H (2.849e-09 J) = 5.667e-09 J
 S[1][1] = +8.815e-01+4.621e-01i, |S[1][1]| = -4.144e-02, arg(S[1][1]) = +2.767e+01

It 754/1001: ω/2π = 2.434e+00 GHz (total elapsed time = 8.14e+01 s)

 Sol. ||E|| = 2.391745e+01
 Field energy E (2.797e-09 J) + H (2.827e-09 J) = 5.623e-09 J
 S[1][1] = +8.818e-01+4.615e-01i, |S[1][1]| = -4.114e-02, arg(S[1][1]) = +2.763e+01

It 755/1001: ω/2π = 2.434e+00 GHz (total elapsed time = 8.15e+01 s)

 Sol. ||E|| = 2.384281e+01
 Field energy E (2.775e-09 J) + H (2.805e-09 J) = 5.580e-09 J
 S[1][1] = +8.822e-01+4.609e-01i, |S[1][1]| = -4.085e-02, arg(S[1][1]) = +2.758e+01

It 756/1001: ω/2π = 2.434e+00 GHz (total elapsed time = 8.15e+01 s)

 Sol. ||E|| = 2.376880e+01
 Field energy E (2.754e-09 J) + H (2.784e-09 J) = 5.537e-09 J
 S[1][1] = +8.825e-01+4.603e-01i, |S[1][1]| = -4.056e-02, arg(S[1][1]) = +2.754e+01

It 757/1001: ω/2π = 2.434e+00 GHz (total elapsed time = 8.16e+01 s)

 Sol. ||E|| = 2.369542e+01
 Field energy E (2.733e-09 J) + H (2.763e-09 J) = 5.495e-09 J
 S[1][1] = +8.829e-01+4.597e-01i, |S[1][1]| = -4.027e-02, arg(S[1][1]) = +2.750e+01

It 758/1001: ω/2π = 2.434e+00 GHz (total elapsed time = 8.17e+01 s)

 Sol. ||E|| = 2.362266e+01
 Field energy E (2.712e-09 J) + H (2.742e-09 J) = 5.453e-09 J
 S[1][1] = +8.832e-01+4.591e-01i, |S[1][1]| = -3.999e-02, arg(S[1][1]) = +2.747e+01

It 759/1001: ω/2π = 2.434e+00 GHz (total elapsed time = 8.18e+01 s)

 Sol. ||E|| = 2.355051e+01
 Field energy E (2.691e-09 J) + H (2.721e-09 J) = 5.412e-09 J
 S[1][1] = +8.836e-01+4.585e-01i, |S[1][1]| = -3.971e-02, arg(S[1][1]) = +2.743e+01

It 760/1001: ω/2π = 2.434e+00 GHz (total elapsed time = 8.19e+01 s)

 Sol. ||E|| = 2.347897e+01
 Field energy E (2.671e-09 J) + H (2.701e-09 J) = 5.371e-09 J
 S[1][1] = +8.839e-01+4.579e-01i, |S[1][1]| = -3.943e-02, arg(S[1][1]) = +2.739e+01

It 761/1001: ω/2π = 2.434e+00 GHz (total elapsed time = 8.20e+01 s)

 Sol. ||E|| = 2.340802e+01
 Field energy E (2.651e-09 J) + H (2.680e-09 J) = 5.331e-09 J
 S[1][1] = +8.842e-01+4.573e-01i, |S[1][1]| = -3.916e-02, arg(S[1][1]) = +2.735e+01

It 762/1001: ω/2π = 2.434e+00 GHz (total elapsed time = 8.21e+01 s)

 Sol. ||E|| = 2.333766e+01
 Field energy E (2.631e-09 J) + H (2.661e-09 J) = 5.291e-09 J
 S[1][1] = +8.846e-01+4.568e-01i, |S[1][1]| = -3.889e-02, arg(S[1][1]) = +2.731e+01

It 763/1001: ω/2π = 2.434e+00 GHz (total elapsed time = 8.22e+01 s)

 Sol. ||E|| = 2.326789e+01
 Field energy E (2.611e-09 J) + H (2.641e-09 J) = 5.252e-09 J
 S[1][1] = +8.849e-01+4.562e-01i, |S[1][1]| = -3.862e-02, arg(S[1][1]) = +2.727e+01

It 764/1001: ω/2π = 2.434e+00 GHz (total elapsed time = 8.23e+01 s)

 Sol. ||E|| = 2.319870e+01
 Field energy E (2.592e-09 J) + H (2.621e-09 J) = 5.213e-09 J
 S[1][1] = +8.852e-01+4.556e-01i, |S[1][1]| = -3.836e-02, arg(S[1][1]) = +2.723e+01

It 765/1001: ω/2π = 2.434e+00 GHz (total elapsed time = 8.24e+01 s)

 Sol. ||E|| = 2.313007e+01
 Field energy E (2.572e-09 J) + H (2.602e-09 J) = 5.174e-09 J
 S[1][1] = +8.856e-01+4.550e-01i, |S[1][1]| = -3.809e-02, arg(S[1][1]) = +2.720e+01

It 766/1001: ω/2π = 2.434e+00 GHz (total elapsed time = 8.25e+01 s)

 Sol. ||E|| = 2.306201e+01
 Field energy E (2.553e-09 J) + H (2.583e-09 J) = 5.136e-09 J
 S[1][1] = +8.859e-01+4.545e-01i, |S[1][1]| = -3.784e-02, arg(S[1][1]) = +2.716e+01

It 767/1001: ω/2π = 2.434e+00 GHz (total elapsed time = 8.26e+01 s)

 Sol. ||E|| = 2.299451e+01
 Field energy E (2.534e-09 J) + H (2.564e-09 J) = 5.099e-09 J
 S[1][1] = +8.862e-01+4.539e-01i, |S[1][1]| = -3.758e-02, arg(S[1][1]) = +2.712e+01

It 768/1001: ω/2π = 2.434e+00 GHz (total elapsed time = 8.27e+01 s)

 Sol. ||E|| = 2.292756e+01
 Field energy E (2.516e-09 J) + H (2.545e-09 J) = 5.061e-09 J
 S[1][1] = +8.865e-01+4.534e-01i, |S[1][1]| = -3.733e-02, arg(S[1][1]) = +2.709e+01

It 769/1001: ω/2π = 2.434e+00 GHz (total elapsed time = 8.27e+01 s)

 Sol. ||E|| = 2.286116e+01
 Field energy E (2.497e-09 J) + H (2.527e-09 J) = 5.024e-09 J
 S[1][1] = +8.868e-01+4.528e-01i, |S[1][1]| = -3.708e-02, arg(S[1][1]) = +2.705e+01

It 770/1001: ω/2π = 2.434e+00 GHz (total elapsed time = 8.28e+01 s)

 Sol. ||E|| = 2.279530e+01
 Field energy E (2.479e-09 J) + H (2.509e-09 J) = 4.988e-09 J
 S[1][1] = +8.871e-01+4.523e-01i, |S[1][1]| = -3.683e-02, arg(S[1][1]) = +2.701e+01

It 771/1001: ω/2π = 2.434e+00 GHz (total elapsed time = 8.29e+01 s)

 Sol. ||E|| = 2.272997e+01
 Field energy E (2.461e-09 J) + H (2.491e-09 J) = 4.952e-09 J
 S[1][1] = +8.874e-01+4.517e-01i, |S[1][1]| = -3.658e-02, arg(S[1][1]) = +2.698e+01

It 772/1001: ω/2π = 2.434e+00 GHz (total elapsed time = 8.30e+01 s)

 Sol. ||E|| = 2.266517e+01
 Field energy E (2.443e-09 J) + H (2.473e-09 J) = 4.916e-09 J
 S[1][1] = +8.877e-01+4.512e-01i, |S[1][1]| = -3.634e-02, arg(S[1][1]) = +2.694e+01

It 773/1001: ω/2π = 2.434e+00 GHz (total elapsed time = 8.31e+01 s)

 Sol. ||E|| = 2.260088e+01
 Field energy E (2.426e-09 J) + H (2.455e-09 J) = 4.881e-09 J
 S[1][1] = +8.881e-01+4.507e-01i, |S[1][1]| = -3.610e-02, arg(S[1][1]) = +2.691e+01

It 774/1001: ω/2π = 2.434e+00 GHz (total elapsed time = 8.32e+01 s)

 Sol. ||E|| = 2.253712e+01
 Field energy E (2.408e-09 J) + H (2.438e-09 J) = 4.846e-09 J
 S[1][1] = +8.884e-01+4.501e-01i, |S[1][1]| = -3.587e-02, arg(S[1][1]) = +2.687e+01

It 775/1001: ω/2π = 2.434e+00 GHz (total elapsed time = 8.33e+01 s)

 Sol. ||E|| = 2.247387e+01
 Field energy E (2.391e-09 J) + H (2.421e-09 J) = 4.812e-09 J
 S[1][1] = +8.886e-01+4.496e-01i, |S[1][1]| = -3.563e-02, arg(S[1][1]) = +2.684e+01

It 776/1001: ω/2π = 2.434e+00 GHz (total elapsed time = 8.34e+01 s)

 Sol. ||E|| = 2.241112e+01
 Field energy E (2.374e-09 J) + H (2.403e-09 J) = 4.778e-09 J
 S[1][1] = +8.889e-01+4.491e-01i, |S[1][1]| = -3.540e-02, arg(S[1][1]) = +2.680e+01

It 777/1001: ω/2π = 2.434e+00 GHz (total elapsed time = 8.35e+01 s)

 Sol. ||E|| = 2.234887e+01
 Field energy E (2.357e-09 J) + H (2.387e-09 J) = 4.744e-09 J
 S[1][1] = +8.892e-01+4.485e-01i, |S[1][1]| = -3.517e-02, arg(S[1][1]) = +2.677e+01

It 778/1001: ω/2π = 2.434e+00 GHz (total elapsed time = 8.36e+01 s)

 Sol. ||E|| = 2.228711e+01
 Field energy E (2.341e-09 J) + H (2.370e-09 J) = 4.710e-09 J
 S[1][1] = +8.895e-01+4.480e-01i, |S[1][1]| = -3.494e-02, arg(S[1][1]) = +2.673e+01

It 779/1001: ω/2π = 2.434e+00 GHz (total elapsed time = 8.37e+01 s)

 Sol. ||E|| = 2.222584e+01
 Field energy E (2.324e-09 J) + H (2.353e-09 J) = 4.677e-09 J
 S[1][1] = +8.898e-01+4.475e-01i, |S[1][1]| = -3.472e-02, arg(S[1][1]) = +2.670e+01

It 780/1001: ω/2π = 2.434e+00 GHz (total elapsed time = 8.38e+01 s)

 Sol. ||E|| = 2.216506e+01
 Field energy E (2.308e-09 J) + H (2.337e-09 J) = 4.645e-09 J
 S[1][1] = +8.901e-01+4.470e-01i, |S[1][1]| = -3.450e-02, arg(S[1][1]) = +2.667e+01

It 781/1001: ω/2π = 2.435e+00 GHz (total elapsed time = 8.39e+01 s)

 Sol. ||E|| = 2.210475e+01
 Field energy E (2.292e-09 J) + H (2.321e-09 J) = 4.612e-09 J
 S[1][1] = +8.904e-01+4.465e-01i, |S[1][1]| = -3.428e-02, arg(S[1][1]) = +2.663e+01

It 782/1001: ω/2π = 2.435e+00 GHz (total elapsed time = 8.39e+01 s)

 Sol. ||E|| = 2.204492e+01
 Field energy E (2.276e-09 J) + H (2.305e-09 J) = 4.580e-09 J
 S[1][1] = +8.907e-01+4.460e-01i, |S[1][1]| = -3.406e-02, arg(S[1][1]) = +2.660e+01

It 783/1001: ω/2π = 2.435e+00 GHz (total elapsed time = 8.40e+01 s)

 Sol. ||E|| = 2.198555e+01
 Field energy E (2.260e-09 J) + H (2.289e-09 J) = 4.549e-09 J
 S[1][1] = +8.909e-01+4.455e-01i, |S[1][1]| = -3.384e-02, arg(S[1][1]) = +2.657e+01

It 784/1001: ω/2π = 2.435e+00 GHz (total elapsed time = 8.41e+01 s)

 Sol. ||E|| = 2.192665e+01
 Field energy E (2.244e-09 J) + H (2.273e-09 J) = 4.517e-09 J
 S[1][1] = +8.912e-01+4.450e-01i, |S[1][1]| = -3.363e-02, arg(S[1][1]) = +2.653e+01

It 785/1001: ω/2π = 2.435e+00 GHz (total elapsed time = 8.42e+01 s)

 Sol. ||E|| = 2.186820e+01
 Field energy E (2.229e-09 J) + H (2.258e-09 J) = 4.486e-09 J
 S[1][1] = +8.915e-01+4.445e-01i, |S[1][1]| = -3.342e-02, arg(S[1][1]) = +2.650e+01

It 786/1001: ω/2π = 2.435e+00 GHz (total elapsed time = 8.43e+01 s)

 Sol. ||E|| = 2.181021e+01
 Field energy E (2.213e-09 J) + H (2.242e-09 J) = 4.456e-09 J
 S[1][1] = +8.918e-01+4.440e-01i, |S[1][1]| = -3.321e-02, arg(S[1][1]) = +2.647e+01

It 787/1001: ω/2π = 2.435e+00 GHz (total elapsed time = 8.44e+01 s)

 Sol. ||E|| = 2.175267e+01
 Field energy E (2.198e-09 J) + H (2.227e-09 J) = 4.425e-09 J
 S[1][1] = +8.920e-01+4.435e-01i, |S[1][1]| = -3.300e-02, arg(S[1][1]) = +2.644e+01

It 788/1001: ω/2π = 2.435e+00 GHz (total elapsed time = 8.45e+01 s)

 Sol. ||E|| = 2.169557e+01
 Field energy E (2.183e-09 J) + H (2.212e-09 J) = 4.395e-09 J
 S[1][1] = +8.923e-01+4.430e-01i, |S[1][1]| = -3.280e-02, arg(S[1][1]) = +2.640e+01

It 789/1001: ω/2π = 2.435e+00 GHz (total elapsed time = 8.46e+01 s)

 Sol. ||E|| = 2.163890e+01
 Field energy E (2.168e-09 J) + H (2.197e-09 J) = 4.365e-09 J
 S[1][1] = +8.926e-01+4.425e-01i, |S[1][1]| = -3.260e-02, arg(S[1][1]) = +2.637e+01

It 790/1001: ω/2π = 2.435e+00 GHz (total elapsed time = 8.47e+01 s)

 Sol. ||E|| = 2.158268e+01
 Field energy E (2.154e-09 J) + H (2.182e-09 J) = 4.336e-09 J
 S[1][1] = +8.928e-01+4.421e-01i, |S[1][1]| = -3.240e-02, arg(S[1][1]) = +2.634e+01

It 791/1001: ω/2π = 2.435e+00 GHz (total elapsed time = 8.48e+01 s)

 Sol. ||E|| = 2.152688e+01
 Field energy E (2.139e-09 J) + H (2.168e-09 J) = 4.307e-09 J
 S[1][1] = +8.931e-01+4.416e-01i, |S[1][1]| = -3.220e-02, arg(S[1][1]) = +2.631e+01

It 792/1001: ω/2π = 2.435e+00 GHz (total elapsed time = 8.49e+01 s)

 Sol. ||E|| = 2.147151e+01
 Field energy E (2.125e-09 J) + H (2.153e-09 J) = 4.278e-09 J
 S[1][1] = +8.934e-01+4.411e-01i, |S[1][1]| = -3.200e-02, arg(S[1][1]) = +2.628e+01

It 793/1001: ω/2π = 2.435e+00 GHz (total elapsed time = 8.50e+01 s)

 Sol. ||E|| = 2.141656e+01
 Field energy E (2.110e-09 J) + H (2.139e-09 J) = 4.249e-09 J
 S[1][1] = +8.936e-01+4.406e-01i, |S[1][1]| = -3.181e-02, arg(S[1][1]) = +2.625e+01

It 794/1001: ω/2π = 2.435e+00 GHz (total elapsed time = 8.51e+01 s)

 Sol. ||E|| = 2.136202e+01
 Field energy E (2.096e-09 J) + H (2.125e-09 J) = 4.221e-09 J
 S[1][1] = +8.939e-01+4.402e-01i, |S[1][1]| = -3.162e-02, arg(S[1][1]) = +2.622e+01

It 795/1001: ω/2π = 2.435e+00 GHz (total elapsed time = 8.51e+01 s)

 Sol. ||E|| = 2.130790e+01
 Field energy E (2.082e-09 J) + H (2.111e-09 J) = 4.193e-09 J
 S[1][1] = +8.941e-01+4.397e-01i, |S[1][1]| = -3.143e-02, arg(S[1][1]) = +2.619e+01

It 796/1001: ω/2π = 2.435e+00 GHz (total elapsed time = 8.52e+01 s)

 Sol. ||E|| = 2.125418e+01
 Field energy E (2.068e-09 J) + H (2.097e-09 J) = 4.165e-09 J
 S[1][1] = +8.944e-01+4.393e-01i, |S[1][1]| = -3.124e-02, arg(S[1][1]) = +2.616e+01

It 797/1001: ω/2π = 2.435e+00 GHz (total elapsed time = 8.54e+01 s)

 Sol. ||E|| = 2.120087e+01
 Field energy E (2.055e-09 J) + H (2.083e-09 J) = 4.138e-09 J
 S[1][1] = +8.946e-01+4.388e-01i, |S[1][1]| = -3.105e-02, arg(S[1][1]) = +2.613e+01

It 798/1001: ω/2π = 2.435e+00 GHz (total elapsed time = 8.54e+01 s)

 Sol. ||E|| = 2.114796e+01
 Field energy E (2.041e-09 J) + H (2.070e-09 J) = 4.111e-09 J
 S[1][1] = +8.949e-01+4.383e-01i, |S[1][1]| = -3.087e-02, arg(S[1][1]) = +2.610e+01

It 799/1001: ω/2π = 2.435e+00 GHz (total elapsed time = 8.55e+01 s)

 Sol. ||E|| = 2.109544e+01
 Field energy E (2.028e-09 J) + H (2.056e-09 J) = 4.084e-09 J
 S[1][1] = +8.951e-01+4.379e-01i, |S[1][1]| = -3.069e-02, arg(S[1][1]) = +2.607e+01

It 800/1001: ω/2π = 2.435e+00 GHz (total elapsed time = 8.56e+01 s)

 Sol. ||E|| = 2.104332e+01
 Field energy E (2.014e-09 J) + H (2.043e-09 J) = 4.057e-09 J
 S[1][1] = +8.954e-01+4.374e-01i, |S[1][1]| = -3.050e-02, arg(S[1][1]) = +2.604e+01

It 801/1001: ω/2π = 2.435e+00 GHz (total elapsed time = 8.57e+01 s)

 Sol. ||E|| = 2.099158e+01
 Field energy E (2.001e-09 J) + H (2.030e-09 J) = 4.031e-09 J
 S[1][1] = +8.956e-01+4.370e-01i, |S[1][1]| = -3.033e-02, arg(S[1][1]) = +2.601e+01

It 802/1001: ω/2π = 2.435e+00 GHz (total elapsed time = 8.58e+01 s)

 Sol. ||E|| = 2.094023e+01
 Field energy E (1.988e-09 J) + H (2.017e-09 J) = 4.005e-09 J
 S[1][1] = +8.958e-01+4.365e-01i, |S[1][1]| = -3.015e-02, arg(S[1][1]) = +2.598e+01

It 803/1001: ω/2π = 2.435e+00 GHz (total elapsed time = 8.59e+01 s)

 Sol. ||E|| = 2.088926e+01
 Field energy E (1.975e-09 J) + H (2.004e-09 J) = 3.979e-09 J
 S[1][1] = +8.961e-01+4.361e-01i, |S[1][1]| = -2.997e-02, arg(S[1][1]) = +2.595e+01

It 804/1001: ω/2π = 2.435e+00 GHz (total elapsed time = 8.60e+01 s)

 Sol. ||E|| = 2.083866e+01
 Field energy E (1.963e-09 J) + H (1.991e-09 J) = 3.954e-09 J
 S[1][1] = +8.963e-01+4.357e-01i, |S[1][1]| = -2.980e-02, arg(S[1][1]) = +2.592e+01

It 805/1001: ω/2π = 2.435e+00 GHz (total elapsed time = 8.61e+01 s)

 Sol. ||E|| = 2.078844e+01
 Field energy E (1.950e-09 J) + H (1.978e-09 J) = 3.928e-09 J
 S[1][1] = +8.965e-01+4.352e-01i, |S[1][1]| = -2.963e-02, arg(S[1][1]) = +2.589e+01

It 806/1001: ω/2π = 2.435e+00 GHz (total elapsed time = 8.62e+01 s)

 Sol. ||E|| = 2.073858e+01
 Field energy E (1.937e-09 J) + H (1.966e-09 J) = 3.903e-09 J
 S[1][1] = +8.968e-01+4.348e-01i, |S[1][1]| = -2.946e-02, arg(S[1][1]) = +2.587e+01

It 807/1001: ω/2π = 2.435e+00 GHz (total elapsed time = 8.63e+01 s)

 Sol. ||E|| = 2.068909e+01
 Field energy E (1.925e-09 J) + H (1.953e-09 J) = 3.878e-09 J
 S[1][1] = +8.970e-01+4.344e-01i, |S[1][1]| = -2.929e-02, arg(S[1][1]) = +2.584e+01

It 808/1001: ω/2π = 2.435e+00 GHz (total elapsed time = 8.64e+01 s)

 Sol. ||E|| = 2.063996e+01
 Field energy E (1.913e-09 J) + H (1.941e-09 J) = 3.854e-09 J
 S[1][1] = +8.972e-01+4.339e-01i, |S[1][1]| = -2.912e-02, arg(S[1][1]) = +2.581e+01

It 809/1001: ω/2π = 2.435e+00 GHz (total elapsed time = 8.65e+01 s)

 Sol. ||E|| = 2.059118e+01
 Field energy E (1.901e-09 J) + H (1.929e-09 J) = 3.829e-09 J
 S[1][1] = +8.975e-01+4.335e-01i, |S[1][1]| = -2.895e-02, arg(S[1][1]) = +2.578e+01

It 810/1001: ω/2π = 2.435e+00 GHz (total elapsed time = 8.66e+01 s)

 Sol. ||E|| = 2.054277e+01
 Field energy E (1.888e-09 J) + H (1.917e-09 J) = 3.805e-09 J
 S[1][1] = +8.977e-01+4.331e-01i, |S[1][1]| = -2.879e-02, arg(S[1][1]) = +2.575e+01

It 811/1001: ω/2π = 2.435e+00 GHz (total elapsed time = 8.67e+01 s)

 Sol. ||E|| = 2.049470e+01
 Field energy E (1.877e-09 J) + H (1.905e-09 J) = 3.781e-09 J
 S[1][1] = +8.979e-01+4.327e-01i, |S[1][1]| = -2.863e-02, arg(S[1][1]) = +2.573e+01

It 812/1001: ω/2π = 2.435e+00 GHz (total elapsed time = 8.68e+01 s)

 Sol. ||E|| = 2.044698e+01
 Field energy E (1.865e-09 J) + H (1.893e-09 J) = 3.758e-09 J
 S[1][1] = +8.981e-01+4.322e-01i, |S[1][1]| = -2.847e-02, arg(S[1][1]) = +2.570e+01

It 813/1001: ω/2π = 2.435e+00 GHz (total elapsed time = 8.69e+01 s)

 Sol. ||E|| = 2.039960e+01
 Field energy E (1.853e-09 J) + H (1.881e-09 J) = 3.734e-09 J
 S[1][1] = +8.983e-01+4.318e-01i, |S[1][1]| = -2.831e-02, arg(S[1][1]) = +2.567e+01

It 814/1001: ω/2π = 2.435e+00 GHz (total elapsed time = 8.70e+01 s)

 Sol. ||E|| = 2.035256e+01
 Field energy E (1.841e-09 J) + H (1.870e-09 J) = 3.711e-09 J
 S[1][1] = +8.986e-01+4.314e-01i, |S[1][1]| = -2.815e-02, arg(S[1][1]) = +2.565e+01

It 815/1001: ω/2π = 2.435e+00 GHz (total elapsed time = 8.71e+01 s)

 Sol. ||E|| = 2.030586e+01
 Field energy E (1.830e-09 J) + H (1.858e-09 J) = 3.688e-09 J
 S[1][1] = +8.988e-01+4.310e-01i, |S[1][1]| = -2.799e-02, arg(S[1][1]) = +2.562e+01

It 816/1001: ω/2π = 2.435e+00 GHz (total elapsed time = 8.72e+01 s)

 Sol. ||E|| = 2.025950e+01
 Field energy E (1.819e-09 J) + H (1.847e-09 J) = 3.665e-09 J
 S[1][1] = +8.990e-01+4.306e-01i, |S[1][1]| = -2.784e-02, arg(S[1][1]) = +2.559e+01

It 817/1001: ω/2π = 2.435e+00 GHz (total elapsed time = 8.73e+01 s)

 Sol. ||E|| = 2.021346e+01
 Field energy E (1.807e-09 J) + H (1.835e-09 J) = 3.643e-09 J
 S[1][1] = +8.992e-01+4.302e-01i, |S[1][1]| = -2.768e-02, arg(S[1][1]) = +2.557e+01

It 818/1001: ω/2π = 2.435e+00 GHz (total elapsed time = 8.73e+01 s)

 Sol. ||E|| = 2.016776e+01
 Field energy E (1.796e-09 J) + H (1.824e-09 J) = 3.620e-09 J
 S[1][1] = +8.994e-01+4.298e-01i, |S[1][1]| = -2.753e-02, arg(S[1][1]) = +2.554e+01

It 819/1001: ω/2π = 2.435e+00 GHz (total elapsed time = 8.74e+01 s)

 Sol. ||E|| = 2.012237e+01
 Field energy E (1.785e-09 J) + H (1.813e-09 J) = 3.598e-09 J
 S[1][1] = +8.996e-01+4.294e-01i, |S[1][1]| = -2.738e-02, arg(S[1][1]) = +2.551e+01

It 820/1001: ω/2π = 2.435e+00 GHz (total elapsed time = 8.75e+01 s)

 Sol. ||E|| = 2.007731e+01
 Field energy E (1.774e-09 J) + H (1.802e-09 J) = 3.576e-09 J
 S[1][1] = +8.998e-01+4.290e-01i, |S[1][1]| = -2.723e-02, arg(S[1][1]) = +2.549e+01

It 821/1001: ω/2π = 2.435e+00 GHz (total elapsed time = 8.76e+01 s)

 Sol. ||E|| = 2.003257e+01
 Field energy E (1.763e-09 J) + H (1.791e-09 J) = 3.554e-09 J
 S[1][1] = +9.001e-01+4.286e-01i, |S[1][1]| = -2.708e-02, arg(S[1][1]) = +2.546e+01

It 822/1001: ω/2π = 2.435e+00 GHz (total elapsed time = 8.77e+01 s)

 Sol. ||E|| = 1.998814e+01
 Field energy E (1.752e-09 J) + H (1.780e-09 J) = 3.533e-09 J
 S[1][1] = +9.003e-01+4.282e-01i, |S[1][1]| = -2.694e-02, arg(S[1][1]) = +2.544e+01

It 823/1001: ω/2π = 2.435e+00 GHz (total elapsed time = 8.78e+01 s)

 Sol. ||E|| = 1.994402e+01
 Field energy E (1.742e-09 J) + H (1.770e-09 J) = 3.511e-09 J
 S[1][1] = +9.005e-01+4.278e-01i, |S[1][1]| = -2.679e-02, arg(S[1][1]) = +2.541e+01

It 824/1001: ω/2π = 2.435e+00 GHz (total elapsed time = 8.79e+01 s)

 Sol. ||E|| = 1.990021e+01
 Field energy E (1.731e-09 J) + H (1.759e-09 J) = 3.490e-09 J
 S[1][1] = +9.007e-01+4.274e-01i, |S[1][1]| = -2.665e-02, arg(S[1][1]) = +2.539e+01

It 825/1001: ω/2π = 2.435e+00 GHz (total elapsed time = 8.80e+01 s)

 Sol. ||E|| = 1.985671e+01
 Field energy E (1.721e-09 J) + H (1.749e-09 J) = 3.469e-09 J
 S[1][1] = +9.009e-01+4.270e-01i, |S[1][1]| = -2.651e-02, arg(S[1][1]) = +2.536e+01

It 826/1001: ω/2π = 2.435e+00 GHz (total elapsed time = 8.81e+01 s)

 Sol. ||E|| = 1.981351e+01
 Field energy E (1.710e-09 J) + H (1.738e-09 J) = 3.449e-09 J
 S[1][1] = +9.011e-01+4.266e-01i, |S[1][1]| = -2.637e-02, arg(S[1][1]) = +2.534e+01

It 827/1001: ω/2π = 2.435e+00 GHz (total elapsed time = 8.83e+01 s)

 Sol. ||E|| = 1.977062e+01
 Field energy E (1.700e-09 J) + H (1.728e-09 J) = 3.428e-09 J
 S[1][1] = +9.013e-01+4.263e-01i, |S[1][1]| = -2.623e-02, arg(S[1][1]) = +2.531e+01

It 828/1001: ω/2π = 2.435e+00 GHz (total elapsed time = 8.84e+01 s)

 Sol. ||E|| = 1.972802e+01
 Field energy E (1.690e-09 J) + H (1.718e-09 J) = 3.408e-09 J
 S[1][1] = +9.015e-01+4.259e-01i, |S[1][1]| = -2.609e-02, arg(S[1][1]) = +2.529e+01

It 829/1001: ω/2π = 2.435e+00 GHz (total elapsed time = 8.85e+01 s)

 Sol. ||E|| = 1.968571e+01
 Field energy E (1.680e-09 J) + H (1.708e-09 J) = 3.387e-09 J
 S[1][1] = +9.017e-01+4.255e-01i, |S[1][1]| = -2.595e-02, arg(S[1][1]) = +2.526e+01

It 830/1001: ω/2π = 2.435e+00 GHz (total elapsed time = 8.87e+01 s)

 Sol. ||E|| = 1.964370e+01
 Field energy E (1.670e-09 J) + H (1.698e-09 J) = 3.367e-09 J
 S[1][1] = +9.019e-01+4.251e-01i, |S[1][1]| = -2.581e-02, arg(S[1][1]) = +2.524e+01

It 831/1001: ω/2π = 2.436e+00 GHz (total elapsed time = 8.88e+01 s)

 Sol. ||E|| = 1.960197e+01
 Field energy E (1.660e-09 J) + H (1.688e-09 J) = 3.348e-09 J
 S[1][1] = +9.021e-01+4.247e-01i, |S[1][1]| = -2.568e-02, arg(S[1][1]) = +2.521e+01

It 832/1001: ω/2π = 2.436e+00 GHz (total elapsed time = 8.88e+01 s)

 Sol. ||E|| = 1.956054e+01
 Field energy E (1.650e-09 J) + H (1.678e-09 J) = 3.328e-09 J
 S[1][1] = +9.022e-01+4.244e-01i, |S[1][1]| = -2.554e-02, arg(S[1][1]) = +2.519e+01

It 833/1001: ω/2π = 2.436e+00 GHz (total elapsed time = 8.89e+01 s)

 Sol. ||E|| = 1.951938e+01
 Field energy E (1.640e-09 J) + H (1.668e-09 J) = 3.308e-09 J
 S[1][1] = +9.024e-01+4.240e-01i, |S[1][1]| = -2.541e-02, arg(S[1][1]) = +2.517e+01

It 834/1001: ω/2π = 2.436e+00 GHz (total elapsed time = 8.90e+01 s)

 Sol. ||E|| = 1.947851e+01
 Field energy E (1.631e-09 J) + H (1.658e-09 J) = 3.289e-09 J
 S[1][1] = +9.026e-01+4.236e-01i, |S[1][1]| = -2.528e-02, arg(S[1][1]) = +2.514e+01

It 835/1001: ω/2π = 2.436e+00 GHz (total elapsed time = 8.91e+01 s)

 Sol. ||E|| = 1.943792e+01
 Field energy E (1.621e-09 J) + H (1.649e-09 J) = 3.270e-09 J
 S[1][1] = +9.028e-01+4.233e-01i, |S[1][1]| = -2.515e-02, arg(S[1][1]) = +2.512e+01

It 836/1001: ω/2π = 2.436e+00 GHz (total elapsed time = 8.92e+01 s)

 Sol. ||E|| = 1.939760e+01
 Field energy E (1.612e-09 J) + H (1.639e-09 J) = 3.251e-09 J
 S[1][1] = +9.030e-01+4.229e-01i, |S[1][1]| = -2.502e-02, arg(S[1][1]) = +2.509e+01

It 837/1001: ω/2π = 2.436e+00 GHz (total elapsed time = 8.93e+01 s)

 Sol. ||E|| = 1.935756e+01
 Field energy E (1.602e-09 J) + H (1.630e-09 J) = 3.232e-09 J
 S[1][1] = +9.032e-01+4.225e-01i, |S[1][1]| = -2.489e-02, arg(S[1][1]) = +2.507e+01

It 838/1001: ω/2π = 2.436e+00 GHz (total elapsed time = 8.94e+01 s)

 Sol. ||E|| = 1.931779e+01
 Field energy E (1.593e-09 J) + H (1.621e-09 J) = 3.214e-09 J
 S[1][1] = +9.034e-01+4.222e-01i, |S[1][1]| = -2.477e-02, arg(S[1][1]) = +2.505e+01

It 839/1001: ω/2π = 2.436e+00 GHz (total elapsed time = 8.95e+01 s)

 Sol. ||E|| = 1.927828e+01
 Field energy E (1.584e-09 J) + H (1.611e-09 J) = 3.195e-09 J
 S[1][1] = +9.036e-01+4.218e-01i, |S[1][1]| = -2.464e-02, arg(S[1][1]) = +2.503e+01

It 840/1001: ω/2π = 2.436e+00 GHz (total elapsed time = 8.96e+01 s)

 Sol. ||E|| = 1.923905e+01
 Field energy E (1.575e-09 J) + H (1.602e-09 J) = 3.177e-09 J
 S[1][1] = +9.037e-01+4.215e-01i, |S[1][1]| = -2.452e-02, arg(S[1][1]) = +2.500e+01

It 841/1001: ω/2π = 2.436e+00 GHz (total elapsed time = 8.97e+01 s)

 Sol. ||E|| = 1.920007e+01
 Field energy E (1.566e-09 J) + H (1.593e-09 J) = 3.159e-09 J
 S[1][1] = +9.039e-01+4.211e-01i, |S[1][1]| = -2.439e-02, arg(S[1][1]) = +2.498e+01

It 842/1001: ω/2π = 2.436e+00 GHz (total elapsed time = 8.98e+01 s)

 Sol. ||E|| = 1.916136e+01
 Field energy E (1.557e-09 J) + H (1.584e-09 J) = 3.141e-09 J
 S[1][1] = +9.041e-01+4.208e-01i, |S[1][1]| = -2.427e-02, arg(S[1][1]) = +2.496e+01

It 843/1001: ω/2π = 2.436e+00 GHz (total elapsed time = 8.99e+01 s)

 Sol. ||E|| = 1.912291e+01
 Field energy E (1.548e-09 J) + H (1.575e-09 J) = 3.123e-09 J
 S[1][1] = +9.043e-01+4.204e-01i, |S[1][1]| = -2.415e-02, arg(S[1][1]) = +2.493e+01

It 844/1001: ω/2π = 2.436e+00 GHz (total elapsed time = 8.99e+01 s)

 Sol. ||E|| = 1.908471e+01
 Field energy E (1.539e-09 J) + H (1.566e-09 J) = 3.105e-09 J
 S[1][1] = +9.045e-01+4.201e-01i, |S[1][1]| = -2.403e-02, arg(S[1][1]) = +2.491e+01

It 845/1001: ω/2π = 2.436e+00 GHz (total elapsed time = 9.00e+01 s)

 Sol. ||E|| = 1.904677e+01
 Field energy E (1.530e-09 J) + H (1.558e-09 J) = 3.088e-09 J
 S[1][1] = +9.046e-01+4.197e-01i, |S[1][1]| = -2.391e-02, arg(S[1][1]) = +2.489e+01

It 846/1001: ω/2π = 2.436e+00 GHz (total elapsed time = 9.01e+01 s)

 Sol. ||E|| = 1.900908e+01
 Field energy E (1.521e-09 J) + H (1.549e-09 J) = 3.070e-09 J
 S[1][1] = +9.048e-01+4.194e-01i, |S[1][1]| = -2.379e-02, arg(S[1][1]) = +2.487e+01

It 847/1001: ω/2π = 2.436e+00 GHz (total elapsed time = 9.02e+01 s)

 Sol. ||E|| = 1.897164e+01
 Field energy E (1.513e-09 J) + H (1.540e-09 J) = 3.053e-09 J
 S[1][1] = +9.050e-01+4.190e-01i, |S[1][1]| = -2.367e-02, arg(S[1][1]) = +2.484e+01

It 848/1001: ω/2π = 2.436e+00 GHz (total elapsed time = 9.03e+01 s)

 Sol. ||E|| = 1.893445e+01
 Field energy E (1.504e-09 J) + H (1.532e-09 J) = 3.036e-09 J
 S[1][1] = +9.052e-01+4.187e-01i, |S[1][1]| = -2.356e-02, arg(S[1][1]) = +2.482e+01

It 849/1001: ω/2π = 2.436e+00 GHz (total elapsed time = 9.04e+01 s)

 Sol. ||E|| = 1.889750e+01
 Field energy E (1.496e-09 J) + H (1.523e-09 J) = 3.019e-09 J
 S[1][1] = +9.053e-01+4.183e-01i, |S[1][1]| = -2.344e-02, arg(S[1][1]) = +2.480e+01

It 850/1001: ω/2π = 2.436e+00 GHz (total elapsed time = 9.05e+01 s)

 Sol. ||E|| = 1.886080e+01
 Field energy E (1.488e-09 J) + H (1.515e-09 J) = 3.002e-09 J
 S[1][1] = +9.055e-01+4.180e-01i, |S[1][1]| = -2.333e-02, arg(S[1][1]) = +2.478e+01

It 851/1001: ω/2π = 2.436e+00 GHz (total elapsed time = 9.06e+01 s)

 Sol. ||E|| = 1.882434e+01
 Field energy E (1.479e-09 J) + H (1.506e-09 J) = 2.986e-09 J
 S[1][1] = +9.057e-01+4.177e-01i, |S[1][1]| = -2.321e-02, arg(S[1][1]) = +2.476e+01

It 852/1001: ω/2π = 2.436e+00 GHz (total elapsed time = 9.07e+01 s)

 Sol. ||E|| = 1.878812e+01
 Field energy E (1.471e-09 J) + H (1.498e-09 J) = 2.969e-09 J
 S[1][1] = +9.058e-01+4.173e-01i, |S[1][1]| = -2.310e-02, arg(S[1][1]) = +2.474e+01

It 853/1001: ω/2π = 2.436e+00 GHz (total elapsed time = 9.08e+01 s)

 Sol. ||E|| = 1.875213e+01
 Field energy E (1.463e-09 J) + H (1.490e-09 J) = 2.953e-09 J
 S[1][1] = +9.060e-01+4.170e-01i, |S[1][1]| = -2.299e-02, arg(S[1][1]) = +2.471e+01

It 854/1001: ω/2π = 2.436e+00 GHz (total elapsed time = 9.09e+01 s)

 Sol. ||E|| = 1.871638e+01
 Field energy E (1.455e-09 J) + H (1.482e-09 J) = 2.937e-09 J
 S[1][1] = +9.062e-01+4.167e-01i, |S[1][1]| = -2.288e-02, arg(S[1][1]) = +2.469e+01

It 855/1001: ω/2π = 2.436e+00 GHz (total elapsed time = 9.10e+01 s)

 Sol. ||E|| = 1.868086e+01
 Field energy E (1.447e-09 J) + H (1.474e-09 J) = 2.920e-09 J
 S[1][1] = +9.063e-01+4.163e-01i, |S[1][1]| = -2.277e-02, arg(S[1][1]) = +2.467e+01

It 856/1001: ω/2π = 2.436e+00 GHz (total elapsed time = 9.11e+01 s)

 Sol. ||E|| = 1.864558e+01
 Field energy E (1.439e-09 J) + H (1.466e-09 J) = 2.905e-09 J
 S[1][1] = +9.065e-01+4.160e-01i, |S[1][1]| = -2.266e-02, arg(S[1][1]) = +2.465e+01

It 857/1001: ω/2π = 2.436e+00 GHz (total elapsed time = 9.12e+01 s)

 Sol. ||E|| = 1.861052e+01
 Field energy E (1.431e-09 J) + H (1.458e-09 J) = 2.889e-09 J
 S[1][1] = +9.067e-01+4.157e-01i, |S[1][1]| = -2.255e-02, arg(S[1][1]) = +2.463e+01

It 858/1001: ω/2π = 2.436e+00 GHz (total elapsed time = 9.13e+01 s)

 Sol. ||E|| = 1.857569e+01
 Field energy E (1.423e-09 J) + H (1.450e-09 J) = 2.873e-09 J
 S[1][1] = +9.068e-01+4.154e-01i, |S[1][1]| = -2.245e-02, arg(S[1][1]) = +2.461e+01

It 859/1001: ω/2π = 2.436e+00 GHz (total elapsed time = 9.14e+01 s)

 Sol. ||E|| = 1.854108e+01
 Field energy E (1.415e-09 J) + H (1.442e-09 J) = 2.857e-09 J
 S[1][1] = +9.070e-01+4.150e-01i, |S[1][1]| = -2.234e-02, arg(S[1][1]) = +2.459e+01

It 860/1001: ω/2π = 2.436e+00 GHz (total elapsed time = 9.15e+01 s)

 Sol. ||E|| = 1.850669e+01
 Field energy E (1.407e-09 J) + H (1.435e-09 J) = 2.842e-09 J
 S[1][1] = +9.071e-01+4.147e-01i, |S[1][1]| = -2.224e-02, arg(S[1][1]) = +2.457e+01

It 861/1001: ω/2π = 2.436e+00 GHz (total elapsed time = 9.16e+01 s)

 Sol. ||E|| = 1.847253e+01
 Field energy E (1.400e-09 J) + H (1.427e-09 J) = 2.827e-09 J
 S[1][1] = +9.073e-01+4.144e-01i, |S[1][1]| = -2.213e-02, arg(S[1][1]) = +2.455e+01

It 862/1001: ω/2π = 2.436e+00 GHz (total elapsed time = 9.16e+01 s)

 Sol. ||E|| = 1.843859e+01
 Field energy E (1.392e-09 J) + H (1.419e-09 J) = 2.812e-09 J
 S[1][1] = +9.075e-01+4.141e-01i, |S[1][1]| = -2.203e-02, arg(S[1][1]) = +2.453e+01

It 863/1001: ω/2π = 2.436e+00 GHz (total elapsed time = 9.17e+01 s)

 Sol. ||E|| = 1.840486e+01
 Field energy E (1.385e-09 J) + H (1.412e-09 J) = 2.797e-09 J
 S[1][1] = +9.076e-01+4.138e-01i, |S[1][1]| = -2.193e-02, arg(S[1][1]) = +2.451e+01

It 864/1001: ω/2π = 2.436e+00 GHz (total elapsed time = 9.18e+01 s)

 Sol. ||E|| = 1.837135e+01
 Field energy E (1.377e-09 J) + H (1.404e-09 J) = 2.782e-09 J
 S[1][1] = +9.078e-01+4.135e-01i, |S[1][1]| = -2.182e-02, arg(S[1][1]) = +2.449e+01

It 865/1001: ω/2π = 2.436e+00 GHz (total elapsed time = 9.19e+01 s)

 Sol. ||E|| = 1.833805e+01
 Field energy E (1.370e-09 J) + H (1.397e-09 J) = 2.767e-09 J
 S[1][1] = +9.079e-01+4.131e-01i, |S[1][1]| = -2.172e-02, arg(S[1][1]) = +2.447e+01

It 866/1001: ω/2π = 2.436e+00 GHz (total elapsed time = 9.20e+01 s)

 Sol. ||E|| = 1.830496e+01
 Field energy E (1.363e-09 J) + H (1.390e-09 J) = 2.752e-09 J
 S[1][1] = +9.081e-01+4.128e-01i, |S[1][1]| = -2.162e-02, arg(S[1][1]) = +2.445e+01

It 867/1001: ω/2π = 2.436e+00 GHz (total elapsed time = 9.21e+01 s)

 Sol. ||E|| = 1.827209e+01
 Field energy E (1.355e-09 J) + H (1.382e-09 J) = 2.738e-09 J
 S[1][1] = +9.082e-01+4.125e-01i, |S[1][1]| = -2.152e-02, arg(S[1][1]) = +2.443e+01

It 868/1001: ω/2π = 2.436e+00 GHz (total elapsed time = 9.22e+01 s)

 Sol. ||E|| = 1.823942e+01
 Field energy E (1.348e-09 J) + H (1.375e-09 J) = 2.723e-09 J
 S[1][1] = +9.084e-01+4.122e-01i, |S[1][1]| = -2.143e-02, arg(S[1][1]) = +2.441e+01

It 869/1001: ω/2π = 2.436e+00 GHz (total elapsed time = 9.23e+01 s)

 Sol. ||E|| = 1.820696e+01
 Field energy E (1.341e-09 J) + H (1.368e-09 J) = 2.709e-09 J
 S[1][1] = +9.085e-01+4.119e-01i, |S[1][1]| = -2.133e-02, arg(S[1][1]) = +2.439e+01

It 870/1001: ω/2π = 2.436e+00 GHz (total elapsed time = 9.24e+01 s)

 Sol. ||E|| = 1.817470e+01
 Field energy E (1.334e-09 J) + H (1.361e-09 J) = 2.695e-09 J
 S[1][1] = +9.087e-01+4.116e-01i, |S[1][1]| = -2.123e-02, arg(S[1][1]) = +2.437e+01

It 871/1001: ω/2π = 2.436e+00 GHz (total elapsed time = 9.25e+01 s)

 Sol. ||E|| = 1.814264e+01
 Field energy E (1.327e-09 J) + H (1.354e-09 J) = 2.680e-09 J
 S[1][1] = +9.088e-01+4.113e-01i, |S[1][1]| = -2.113e-02, arg(S[1][1]) = +2.435e+01

It 872/1001: ω/2π = 2.436e+00 GHz (total elapsed time = 9.26e+01 s)

 Sol. ||E|| = 1.811079e+01
 Field energy E (1.320e-09 J) + H (1.347e-09 J) = 2.666e-09 J
 S[1][1] = +9.090e-01+4.110e-01i, |S[1][1]| = -2.104e-02, arg(S[1][1]) = +2.433e+01

It 873/1001: ω/2π = 2.436e+00 GHz (total elapsed time = 9.27e+01 s)

 Sol. ||E|| = 1.807913e+01
 Field energy E (1.313e-09 J) + H (1.340e-09 J) = 2.653e-09 J
 S[1][1] = +9.091e-01+4.107e-01i, |S[1][1]| = -2.094e-02, arg(S[1][1]) = +2.431e+01

It 874/1001: ω/2π = 2.436e+00 GHz (total elapsed time = 9.28e+01 s)

 Sol. ||E|| = 1.804768e+01
 Field energy E (1.306e-09 J) + H (1.333e-09 J) = 2.639e-09 J
 S[1][1] = +9.093e-01+4.104e-01i, |S[1][1]| = -2.085e-02, arg(S[1][1]) = +2.429e+01

It 875/1001: ω/2π = 2.436e+00 GHz (total elapsed time = 9.29e+01 s)

 Sol. ||E|| = 1.801642e+01
 Field energy E (1.299e-09 J) + H (1.326e-09 J) = 2.625e-09 J
 S[1][1] = +9.094e-01+4.101e-01i, |S[1][1]| = -2.076e-02, arg(S[1][1]) = +2.427e+01

It 876/1001: ω/2π = 2.436e+00 GHz (total elapsed time = 9.30e+01 s)

 Sol. ||E|| = 1.798535e+01
 Field energy E (1.292e-09 J) + H (1.319e-09 J) = 2.612e-09 J
 S[1][1] = +9.096e-01+4.098e-01i, |S[1][1]| = -2.067e-02, arg(S[1][1]) = +2.425e+01

It 877/1001: ω/2π = 2.436e+00 GHz (total elapsed time = 9.30e+01 s)

 Sol. ||E|| = 1.795448e+01
 Field energy E (1.286e-09 J) + H (1.312e-09 J) = 2.598e-09 J
 S[1][1] = +9.097e-01+4.095e-01i, |S[1][1]| = -2.057e-02, arg(S[1][1]) = +2.424e+01

It 878/1001: ω/2π = 2.436e+00 GHz (total elapsed time = 9.32e+01 s)

 Sol. ||E|| = 1.792379e+01
 Field energy E (1.279e-09 J) + H (1.306e-09 J) = 2.585e-09 J
 S[1][1] = +9.099e-01+4.092e-01i, |S[1][1]| = -2.048e-02, arg(S[1][1]) = +2.422e+01

It 879/1001: ω/2π = 2.436e+00 GHz (total elapsed time = 9.33e+01 s)

 Sol. ||E|| = 1.789330e+01
 Field energy E (1.272e-09 J) + H (1.299e-09 J) = 2.572e-09 J
 S[1][1] = +9.100e-01+4.089e-01i, |S[1][1]| = -2.039e-02, arg(S[1][1]) = +2.420e+01

It 880/1001: ω/2π = 2.436e+00 GHz (total elapsed time = 9.34e+01 s)

 Sol. ||E|| = 1.786300e+01
 Field energy E (1.266e-09 J) + H (1.293e-09 J) = 2.559e-09 J
 S[1][1] = +9.101e-01+4.086e-01i, |S[1][1]| = -2.030e-02, arg(S[1][1]) = +2.418e+01

It 881/1001: ω/2π = 2.437e+00 GHz (total elapsed time = 9.34e+01 s)

 Sol. ||E|| = 1.783288e+01
 Field energy E (1.259e-09 J) + H (1.286e-09 J) = 2.545e-09 J
 S[1][1] = +9.103e-01+4.084e-01i, |S[1][1]| = -2.021e-02, arg(S[1][1]) = +2.416e+01

It 882/1001: ω/2π = 2.437e+00 GHz (total elapsed time = 9.35e+01 s)

 Sol. ||E|| = 1.780295e+01
 Field energy E (1.253e-09 J) + H (1.280e-09 J) = 2.533e-09 J
 S[1][1] = +9.104e-01+4.081e-01i, |S[1][1]| = -2.013e-02, arg(S[1][1]) = +2.414e+01

It 883/1001: ω/2π = 2.437e+00 GHz (total elapsed time = 9.36e+01 s)

 Sol. ||E|| = 1.777320e+01
 Field energy E (1.247e-09 J) + H (1.273e-09 J) = 2.520e-09 J
 S[1][1] = +9.106e-01+4.078e-01i, |S[1][1]| = -2.004e-02, arg(S[1][1]) = +2.412e+01

It 884/1001: ω/2π = 2.437e+00 GHz (total elapsed time = 9.37e+01 s)

 Sol. ||E|| = 1.774363e+01
 Field energy E (1.240e-09 J) + H (1.267e-09 J) = 2.507e-09 J
 S[1][1] = +9.107e-01+4.075e-01i, |S[1][1]| = -1.995e-02, arg(S[1][1]) = +2.411e+01

It 885/1001: ω/2π = 2.437e+00 GHz (total elapsed time = 9.38e+01 s)

 Sol. ||E|| = 1.771424e+01
 Field energy E (1.234e-09 J) + H (1.260e-09 J) = 2.494e-09 J
 S[1][1] = +9.108e-01+4.072e-01i, |S[1][1]| = -1.987e-02, arg(S[1][1]) = +2.409e+01

It 886/1001: ω/2π = 2.437e+00 GHz (total elapsed time = 9.39e+01 s)

 Sol. ||E|| = 1.768503e+01
 Field energy E (1.228e-09 J) + H (1.254e-09 J) = 2.482e-09 J
 S[1][1] = +9.110e-01+4.069e-01i, |S[1][1]| = -1.978e-02, arg(S[1][1]) = +2.407e+01

It 887/1001: ω/2π = 2.437e+00 GHz (total elapsed time = 9.40e+01 s)

 Sol. ||E|| = 1.765600e+01
 Field energy E (1.221e-09 J) + H (1.248e-09 J) = 2.469e-09 J
 S[1][1] = +9.111e-01+4.067e-01i, |S[1][1]| = -1.970e-02, arg(S[1][1]) = +2.405e+01

It 888/1001: ω/2π = 2.437e+00 GHz (total elapsed time = 9.41e+01 s)

 Sol. ||E|| = 1.762715e+01
 Field energy E (1.215e-09 J) + H (1.242e-09 J) = 2.457e-09 J
 S[1][1] = +9.112e-01+4.064e-01i, |S[1][1]| = -1.961e-02, arg(S[1][1]) = +2.403e+01

It 889/1001: ω/2π = 2.437e+00 GHz (total elapsed time = 9.42e+01 s)

 Sol. ||E|| = 1.759847e+01
 Field energy E (1.209e-09 J) + H (1.236e-09 J) = 2.445e-09 J
 S[1][1] = +9.114e-01+4.061e-01i, |S[1][1]| = -1.953e-02, arg(S[1][1]) = +2.402e+01

It 890/1001: ω/2π = 2.437e+00 GHz (total elapsed time = 9.43e+01 s)

 Sol. ||E|| = 1.756996e+01
 Field energy E (1.203e-09 J) + H (1.230e-09 J) = 2.433e-09 J
 S[1][1] = +9.115e-01+4.058e-01i, |S[1][1]| = -1.945e-02, arg(S[1][1]) = +2.400e+01

It 891/1001: ω/2π = 2.437e+00 GHz (total elapsed time = 9.44e+01 s)

 Sol. ||E|| = 1.754163e+01
 Field energy E (1.197e-09 J) + H (1.224e-09 J) = 2.421e-09 J
 S[1][1] = +9.116e-01+4.055e-01i, |S[1][1]| = -1.936e-02, arg(S[1][1]) = +2.398e+01

It 892/1001: ω/2π = 2.437e+00 GHz (total elapsed time = 9.45e+01 s)

 Sol. ||E|| = 1.751346e+01
 Field energy E (1.191e-09 J) + H (1.218e-09 J) = 2.409e-09 J
 S[1][1] = +9.118e-01+4.053e-01i, |S[1][1]| = -1.928e-02, arg(S[1][1]) = +2.396e+01

It 893/1001: ω/2π = 2.437e+00 GHz (total elapsed time = 9.46e+01 s)

 Sol. ||E|| = 1.748547e+01
 Field energy E (1.185e-09 J) + H (1.212e-09 J) = 2.397e-09 J
 S[1][1] = +9.119e-01+4.050e-01i, |S[1][1]| = -1.920e-02, arg(S[1][1]) = +2.395e+01

It 894/1001: ω/2π = 2.437e+00 GHz (total elapsed time = 9.46e+01 s)

 Sol. ||E|| = 1.745764e+01
 Field energy E (1.179e-09 J) + H (1.206e-09 J) = 2.385e-09 J
 S[1][1] = +9.120e-01+4.047e-01i, |S[1][1]| = -1.912e-02, arg(S[1][1]) = +2.393e+01

It 895/1001: ω/2π = 2.437e+00 GHz (total elapsed time = 9.47e+01 s)

 Sol. ||E|| = 1.742998e+01
 Field energy E (1.174e-09 J) + H (1.200e-09 J) = 2.373e-09 J
 S[1][1] = +9.122e-01+4.045e-01i, |S[1][1]| = -1.904e-02, arg(S[1][1]) = +2.391e+01

It 896/1001: ω/2π = 2.437e+00 GHz (total elapsed time = 9.48e+01 s)

 Sol. ||E|| = 1.740249e+01
 Field energy E (1.168e-09 J) + H (1.194e-09 J) = 2.362e-09 J
 S[1][1] = +9.123e-01+4.042e-01i, |S[1][1]| = -1.896e-02, arg(S[1][1]) = +2.390e+01

It 897/1001: ω/2π = 2.437e+00 GHz (total elapsed time = 9.49e+01 s)

 Sol. ||E|| = 1.737515e+01
 Field energy E (1.162e-09 J) + H (1.188e-09 J) = 2.350e-09 J
 S[1][1] = +9.124e-01+4.039e-01i, |S[1][1]| = -1.888e-02, arg(S[1][1]) = +2.388e+01

It 898/1001: ω/2π = 2.437e+00 GHz (total elapsed time = 9.50e+01 s)

 Sol. ||E|| = 1.734798e+01
 Field energy E (1.156e-09 J) + H (1.183e-09 J) = 2.339e-09 J
 S[1][1] = +9.125e-01+4.037e-01i, |S[1][1]| = -1.881e-02, arg(S[1][1]) = +2.386e+01

It 899/1001: ω/2π = 2.437e+00 GHz (total elapsed time = 9.51e+01 s)

 Sol. ||E|| = 1.732098e+01
 Field energy E (1.151e-09 J) + H (1.177e-09 J) = 2.328e-09 J
 S[1][1] = +9.127e-01+4.034e-01i, |S[1][1]| = -1.873e-02, arg(S[1][1]) = +2.385e+01

It 900/1001: ω/2π = 2.437e+00 GHz (total elapsed time = 9.52e+01 s)

 Sol. ||E|| = 1.729413e+01
 Field energy E (1.145e-09 J) + H (1.171e-09 J) = 2.316e-09 J
 S[1][1] = +9.128e-01+4.031e-01i, |S[1][1]| = -1.865e-02, arg(S[1][1]) = +2.383e+01

It 901/1001: ω/2π = 2.437e+00 GHz (total elapsed time = 9.53e+01 s)

 Sol. ||E|| = 1.726744e+01
 Field energy E (1.139e-09 J) + H (1.166e-09 J) = 2.305e-09 J
 S[1][1] = +9.129e-01+4.029e-01i, |S[1][1]| = -1.857e-02, arg(S[1][1]) = +2.381e+01

It 902/1001: ω/2π = 2.437e+00 GHz (total elapsed time = 9.54e+01 s)

 Sol. ||E|| = 1.724091e+01
 Field energy E (1.134e-09 J) + H (1.160e-09 J) = 2.294e-09 J
 S[1][1] = +9.130e-01+4.026e-01i, |S[1][1]| = -1.850e-02, arg(S[1][1]) = +2.380e+01

It 903/1001: ω/2π = 2.437e+00 GHz (total elapsed time = 9.55e+01 s)

 Sol. ||E|| = 1.721453e+01
 Field energy E (1.128e-09 J) + H (1.155e-09 J) = 2.283e-09 J
 S[1][1] = +9.132e-01+4.023e-01i, |S[1][1]| = -1.842e-02, arg(S[1][1]) = +2.378e+01

It 904/1001: ω/2π = 2.437e+00 GHz (total elapsed time = 9.56e+01 s)

 Sol. ||E|| = 1.718831e+01
 Field energy E (1.123e-09 J) + H (1.149e-09 J) = 2.272e-09 J
 S[1][1] = +9.133e-01+4.021e-01i, |S[1][1]| = -1.835e-02, arg(S[1][1]) = +2.376e+01

It 905/1001: ω/2π = 2.437e+00 GHz (total elapsed time = 9.57e+01 s)

 Sol. ||E|| = 1.716224e+01
 Field energy E (1.118e-09 J) + H (1.144e-09 J) = 2.261e-09 J
 S[1][1] = +9.134e-01+4.018e-01i, |S[1][1]| = -1.828e-02, arg(S[1][1]) = +2.375e+01

It 906/1001: ω/2π = 2.437e+00 GHz (total elapsed time = 9.58e+01 s)

 Sol. ||E|| = 1.713633e+01
 Field energy E (1.112e-09 J) + H (1.138e-09 J) = 2.251e-09 J
 S[1][1] = +9.135e-01+4.016e-01i, |S[1][1]| = -1.820e-02, arg(S[1][1]) = +2.373e+01

It 907/1001: ω/2π = 2.437e+00 GHz (total elapsed time = 9.59e+01 s)

 Sol. ||E|| = 1.711057e+01
 Field energy E (1.107e-09 J) + H (1.133e-09 J) = 2.240e-09 J
 S[1][1] = +9.137e-01+4.013e-01i, |S[1][1]| = -1.813e-02, arg(S[1][1]) = +2.371e+01

It 908/1001: ω/2π = 2.437e+00 GHz (total elapsed time = 9.60e+01 s)

 Sol. ||E|| = 1.708495e+01
 Field energy E (1.102e-09 J) + H (1.128e-09 J) = 2.229e-09 J
 S[1][1] = +9.138e-01+4.011e-01i, |S[1][1]| = -1.806e-02, arg(S[1][1]) = +2.370e+01

It 909/1001: ω/2π = 2.437e+00 GHz (total elapsed time = 9.61e+01 s)

 Sol. ||E|| = 1.705949e+01
 Field energy E (1.096e-09 J) + H (1.122e-09 J) = 2.219e-09 J
 S[1][1] = +9.139e-01+4.008e-01i, |S[1][1]| = -1.798e-02, arg(S[1][1]) = +2.368e+01

It 910/1001: ω/2π = 2.437e+00 GHz (total elapsed time = 9.62e+01 s)

 Sol. ||E|| = 1.703417e+01
 Field energy E (1.091e-09 J) + H (1.117e-09 J) = 2.208e-09 J
 S[1][1] = +9.140e-01+4.006e-01i, |S[1][1]| = -1.791e-02, arg(S[1][1]) = +2.367e+01

It 911/1001: ω/2π = 2.437e+00 GHz (total elapsed time = 9.63e+01 s)

 Sol. ||E|| = 1.700900e+01
 Field energy E (1.086e-09 J) + H (1.112e-09 J) = 2.198e-09 J
 S[1][1] = +9.141e-01+4.003e-01i, |S[1][1]| = -1.784e-02, arg(S[1][1]) = +2.365e+01

It 912/1001: ω/2π = 2.437e+00 GHz (total elapsed time = 9.63e+01 s)

 Sol. ||E|| = 1.698398e+01
 Field energy E (1.081e-09 J) + H (1.107e-09 J) = 2.188e-09 J
 S[1][1] = +9.143e-01+4.001e-01i, |S[1][1]| = -1.777e-02, arg(S[1][1]) = +2.363e+01

It 913/1001: ω/2π = 2.437e+00 GHz (total elapsed time = 9.64e+01 s)

 Sol. ||E|| = 1.695910e+01
 Field energy E (1.076e-09 J) + H (1.102e-09 J) = 2.177e-09 J
 S[1][1] = +9.144e-01+3.998e-01i, |S[1][1]| = -1.770e-02, arg(S[1][1]) = +2.362e+01

It 914/1001: ω/2π = 2.437e+00 GHz (total elapsed time = 9.65e+01 s)

 Sol. ||E|| = 1.693437e+01
 Field energy E (1.071e-09 J) + H (1.097e-09 J) = 2.167e-09 J
 S[1][1] = +9.145e-01+3.996e-01i, |S[1][1]| = -1.763e-02, arg(S[1][1]) = +2.360e+01

It 915/1001: ω/2π = 2.437e+00 GHz (total elapsed time = 9.66e+01 s)

 Sol. ||E|| = 1.690977e+01
 Field energy E (1.066e-09 J) + H (1.092e-09 J) = 2.157e-09 J
 S[1][1] = +9.146e-01+3.993e-01i, |S[1][1]| = -1.756e-02, arg(S[1][1]) = +2.359e+01

It 916/1001: ω/2π = 2.437e+00 GHz (total elapsed time = 9.67e+01 s)

 Sol. ||E|| = 1.688532e+01
 Field energy E (1.061e-09 J) + H (1.087e-09 J) = 2.147e-09 J
 S[1][1] = +9.147e-01+3.991e-01i, |S[1][1]| = -1.750e-02, arg(S[1][1]) = +2.357e+01

It 917/1001: ω/2π = 2.437e+00 GHz (total elapsed time = 9.68e+01 s)

 Sol. ||E|| = 1.686101e+01
 Field energy E (1.056e-09 J) + H (1.082e-09 J) = 2.137e-09 J
 S[1][1] = +9.148e-01+3.988e-01i, |S[1][1]| = -1.743e-02, arg(S[1][1]) = +2.356e+01

It 918/1001: ω/2π = 2.437e+00 GHz (total elapsed time = 9.69e+01 s)

 Sol. ||E|| = 1.683684e+01
 Field energy E (1.051e-09 J) + H (1.077e-09 J) = 2.127e-09 J
 S[1][1] = +9.150e-01+3.986e-01i, |S[1][1]| = -1.736e-02, arg(S[1][1]) = +2.354e+01

It 919/1001: ω/2π = 2.437e+00 GHz (total elapsed time = 9.70e+01 s)

 Sol. ||E|| = 1.681280e+01
 Field energy E (1.046e-09 J) + H (1.072e-09 J) = 2.118e-09 J
 S[1][1] = +9.151e-01+3.984e-01i, |S[1][1]| = -1.729e-02, arg(S[1][1]) = +2.352e+01

It 920/1001: ω/2π = 2.437e+00 GHz (total elapsed time = 9.71e+01 s)

 Sol. ||E|| = 1.678890e+01
 Field energy E (1.041e-09 J) + H (1.067e-09 J) = 2.108e-09 J
 S[1][1] = +9.152e-01+3.981e-01i, |S[1][1]| = -1.723e-02, arg(S[1][1]) = +2.351e+01

It 921/1001: ω/2π = 2.437e+00 GHz (total elapsed time = 9.72e+01 s)

 Sol. ||E|| = 1.676514e+01
 Field energy E (1.036e-09 J) + H (1.062e-09 J) = 2.098e-09 J
 S[1][1] = +9.153e-01+3.979e-01i, |S[1][1]| = -1.716e-02, arg(S[1][1]) = +2.349e+01

It 922/1001: ω/2π = 2.437e+00 GHz (total elapsed time = 9.73e+01 s)

 Sol. ||E|| = 1.674151e+01
 Field energy E (1.031e-09 J) + H (1.057e-09 J) = 2.089e-09 J
 S[1][1] = +9.154e-01+3.976e-01i, |S[1][1]| = -1.710e-02, arg(S[1][1]) = +2.348e+01

It 923/1001: ω/2π = 2.437e+00 GHz (total elapsed time = 9.74e+01 s)

 Sol. ||E|| = 1.671802e+01
 Field energy E (1.027e-09 J) + H (1.052e-09 J) = 2.079e-09 J
 S[1][1] = +9.155e-01+3.974e-01i, |S[1][1]| = -1.703e-02, arg(S[1][1]) = +2.346e+01

It 924/1001: ω/2π = 2.437e+00 GHz (total elapsed time = 9.75e+01 s)

 Sol. ||E|| = 1.669466e+01
 Field energy E (1.022e-09 J) + H (1.048e-09 J) = 2.070e-09 J
 S[1][1] = +9.156e-01+3.972e-01i, |S[1][1]| = -1.697e-02, arg(S[1][1]) = +2.345e+01

It 925/1001: ω/2π = 2.437e+00 GHz (total elapsed time = 9.76e+01 s)

 Sol. ||E|| = 1.667143e+01
 Field energy E (1.017e-09 J) + H (1.043e-09 J) = 2.060e-09 J
 S[1][1] = +9.157e-01+3.969e-01i, |S[1][1]| = -1.690e-02, arg(S[1][1]) = +2.343e+01

It 926/1001: ω/2π = 2.437e+00 GHz (total elapsed time = 9.77e+01 s)

 Sol. ||E|| = 1.664833e+01
 Field energy E (1.013e-09 J) + H (1.038e-09 J) = 2.051e-09 J
 S[1][1] = +9.158e-01+3.967e-01i, |S[1][1]| = -1.684e-02, arg(S[1][1]) = +2.342e+01

It 927/1001: ω/2π = 2.437e+00 GHz (total elapsed time = 9.78e+01 s)

 Sol. ||E|| = 1.662536e+01
 Field energy E (1.008e-09 J) + H (1.034e-09 J) = 2.042e-09 J
 S[1][1] = +9.160e-01+3.965e-01i, |S[1][1]| = -1.677e-02, arg(S[1][1]) = +2.340e+01

It 928/1001: ω/2π = 2.437e+00 GHz (total elapsed time = 9.79e+01 s)

 Sol. ||E|| = 1.660253e+01
 Field energy E (1.003e-09 J) + H (1.029e-09 J) = 2.032e-09 J
 S[1][1] = +9.161e-01+3.962e-01i, |S[1][1]| = -1.671e-02, arg(S[1][1]) = +2.339e+01

It 929/1001: ω/2π = 2.437e+00 GHz (total elapsed time = 9.80e+01 s)

 Sol. ||E|| = 1.657981e+01
 Field energy E (9.988e-10 J) + H (1.025e-09 J) = 2.023e-09 J
 S[1][1] = +9.162e-01+3.960e-01i, |S[1][1]| = -1.665e-02, arg(S[1][1]) = +2.338e+01

It 930/1001: ω/2π = 2.437e+00 GHz (total elapsed time = 9.81e+01 s)

 Sol. ||E|| = 1.655723e+01
 Field energy E (9.943e-10 J) + H (1.020e-09 J) = 2.014e-09 J
 S[1][1] = +9.163e-01+3.958e-01i, |S[1][1]| = -1.659e-02, arg(S[1][1]) = +2.336e+01

It 931/1001: ω/2π = 2.438e+00 GHz (total elapsed time = 9.81e+01 s)

 Sol. ||E|| = 1.653477e+01
 Field energy E (9.898e-10 J) + H (1.016e-09 J) = 2.005e-09 J
 S[1][1] = +9.164e-01+3.955e-01i, |S[1][1]| = -1.653e-02, arg(S[1][1]) = +2.335e+01

It 932/1001: ω/2π = 2.438e+00 GHz (total elapsed time = 9.82e+01 s)

 Sol. ||E|| = 1.651244e+01
 Field energy E (9.853e-10 J) + H (1.011e-09 J) = 1.996e-09 J
 S[1][1] = +9.165e-01+3.953e-01i, |S[1][1]| = -1.646e-02, arg(S[1][1]) = +2.333e+01

It 933/1001: ω/2π = 2.438e+00 GHz (total elapsed time = 9.84e+01 s)

 Sol. ||E|| = 1.649023e+01
 Field energy E (9.809e-10 J) + H (1.007e-09 J) = 1.988e-09 J
 S[1][1] = +9.166e-01+3.951e-01i, |S[1][1]| = -1.640e-02, arg(S[1][1]) = +2.332e+01

It 934/1001: ω/2π = 2.438e+00 GHz (total elapsed time = 9.84e+01 s)

 Sol. ||E|| = 1.646815e+01
 Field energy E (9.765e-10 J) + H (1.002e-09 J) = 1.979e-09 J
 S[1][1] = +9.167e-01+3.949e-01i, |S[1][1]| = -1.634e-02, arg(S[1][1]) = +2.330e+01

It 935/1001: ω/2π = 2.438e+00 GHz (total elapsed time = 9.85e+01 s)

 Sol. ||E|| = 1.644618e+01
 Field energy E (9.721e-10 J) + H (9.978e-10 J) = 1.970e-09 J
 S[1][1] = +9.168e-01+3.946e-01i, |S[1][1]| = -1.628e-02, arg(S[1][1]) = +2.329e+01

It 936/1001: ω/2π = 2.438e+00 GHz (total elapsed time = 9.86e+01 s)

 Sol. ||E|| = 1.642434e+01
 Field energy E (9.678e-10 J) + H (9.935e-10 J) = 1.961e-09 J
 S[1][1] = +9.169e-01+3.944e-01i, |S[1][1]| = -1.622e-02, arg(S[1][1]) = +2.328e+01

It 937/1001: ω/2π = 2.438e+00 GHz (total elapsed time = 9.87e+01 s)

 Sol. ||E|| = 1.640262e+01
 Field energy E (9.635e-10 J) + H (9.892e-10 J) = 1.953e-09 J
 S[1][1] = +9.170e-01+3.942e-01i, |S[1][1]| = -1.617e-02, arg(S[1][1]) = +2.326e+01

It 938/1001: ω/2π = 2.438e+00 GHz (total elapsed time = 9.88e+01 s)

 Sol. ||E|| = 1.638102e+01
 Field energy E (9.592e-10 J) + H (9.849e-10 J) = 1.944e-09 J
 S[1][1] = +9.171e-01+3.940e-01i, |S[1][1]| = -1.611e-02, arg(S[1][1]) = +2.325e+01

It 939/1001: ω/2π = 2.438e+00 GHz (total elapsed time = 9.89e+01 s)

 Sol. ||E|| = 1.635954e+01
 Field energy E (9.549e-10 J) + H (9.806e-10 J) = 1.936e-09 J
 S[1][1] = +9.172e-01+3.937e-01i, |S[1][1]| = -1.605e-02, arg(S[1][1]) = +2.323e+01

It 940/1001: ω/2π = 2.438e+00 GHz (total elapsed time = 9.90e+01 s)

 Sol. ||E|| = 1.633817e+01
 Field energy E (9.507e-10 J) + H (9.764e-10 J) = 1.927e-09 J
 S[1][1] = +9.173e-01+3.935e-01i, |S[1][1]| = -1.599e-02, arg(S[1][1]) = +2.322e+01

It 941/1001: ω/2π = 2.438e+00 GHz (total elapsed time = 9.91e+01 s)

 Sol. ||E|| = 1.631693e+01
 Field energy E (9.465e-10 J) + H (9.722e-10 J) = 1.919e-09 J
 S[1][1] = +9.174e-01+3.933e-01i, |S[1][1]| = -1.593e-02, arg(S[1][1]) = +2.321e+01

It 942/1001: ω/2π = 2.438e+00 GHz (total elapsed time = 9.92e+01 s)

 Sol. ||E|| = 1.629579e+01
 Field energy E (9.424e-10 J) + H (9.680e-10 J) = 1.910e-09 J
 S[1][1] = +9.175e-01+3.931e-01i, |S[1][1]| = -1.588e-02, arg(S[1][1]) = +2.319e+01

It 943/1001: ω/2π = 2.438e+00 GHz (total elapsed time = 9.93e+01 s)

 Sol. ||E|| = 1.627478e+01
 Field energy E (9.382e-10 J) + H (9.638e-10 J) = 1.902e-09 J
 S[1][1] = +9.176e-01+3.929e-01i, |S[1][1]| = -1.582e-02, arg(S[1][1]) = +2.318e+01

It 944/1001: ω/2π = 2.438e+00 GHz (total elapsed time = 9.94e+01 s)

 Sol. ||E|| = 1.625388e+01
 Field energy E (9.341e-10 J) + H (9.597e-10 J) = 1.894e-09 J
 S[1][1] = +9.177e-01+3.926e-01i, |S[1][1]| = -1.576e-02, arg(S[1][1]) = +2.316e+01

It 945/1001: ω/2π = 2.438e+00 GHz (total elapsed time = 9.95e+01 s)

 Sol. ||E|| = 1.623309e+01
 Field energy E (9.300e-10 J) + H (9.556e-10 J) = 1.886e-09 J
 S[1][1] = +9.178e-01+3.924e-01i, |S[1][1]| = -1.571e-02, arg(S[1][1]) = +2.315e+01

It 946/1001: ω/2π = 2.438e+00 GHz (total elapsed time = 9.96e+01 s)

 Sol. ||E|| = 1.621242e+01
 Field energy E (9.260e-10 J) + H (9.515e-10 J) = 1.878e-09 J
 S[1][1] = +9.179e-01+3.922e-01i, |S[1][1]| = -1.565e-02, arg(S[1][1]) = +2.314e+01

It 947/1001: ω/2π = 2.438e+00 GHz (total elapsed time = 9.97e+01 s)

 Sol. ||E|| = 1.619186e+01
 Field energy E (9.220e-10 J) + H (9.475e-10 J) = 1.869e-09 J
 S[1][1] = +9.180e-01+3.920e-01i, |S[1][1]| = -1.560e-02, arg(S[1][1]) = +2.312e+01

It 948/1001: ω/2π = 2.438e+00 GHz (total elapsed time = 9.98e+01 s)

 Sol. ||E|| = 1.617140e+01
 Field energy E (9.180e-10 J) + H (9.435e-10 J) = 1.861e-09 J
 S[1][1] = +9.181e-01+3.918e-01i, |S[1][1]| = -1.554e-02, arg(S[1][1]) = +2.311e+01

It 949/1001: ω/2π = 2.438e+00 GHz (total elapsed time = 9.99e+01 s)

 Sol. ||E|| = 1.615106e+01
 Field energy E (9.140e-10 J) + H (9.395e-10 J) = 1.853e-09 J
 S[1][1] = +9.182e-01+3.916e-01i, |S[1][1]| = -1.549e-02, arg(S[1][1]) = +2.310e+01

It 950/1001: ω/2π = 2.438e+00 GHz (total elapsed time = 9.99e+01 s)

 Sol. ||E|| = 1.613083e+01
 Field energy E (9.100e-10 J) + H (9.355e-10 J) = 1.846e-09 J
 S[1][1] = +9.183e-01+3.914e-01i, |S[1][1]| = -1.543e-02, arg(S[1][1]) = +2.308e+01

It 951/1001: ω/2π = 2.438e+00 GHz (total elapsed time = 1.00e+02 s)

 Sol. ||E|| = 1.611071e+01
 Field energy E (9.061e-10 J) + H (9.316e-10 J) = 1.838e-09 J
 S[1][1] = +9.184e-01+3.912e-01i, |S[1][1]| = -1.538e-02, arg(S[1][1]) = +2.307e+01

It 952/1001: ω/2π = 2.438e+00 GHz (total elapsed time = 1.00e+02 s)

 Sol. ||E|| = 1.609070e+01
 Field energy E (9.022e-10 J) + H (9.277e-10 J) = 1.830e-09 J
 S[1][1] = +9.185e-01+3.909e-01i, |S[1][1]| = -1.533e-02, arg(S[1][1]) = +2.306e+01

It 953/1001: ω/2π = 2.438e+00 GHz (total elapsed time = 1.00e+02 s)

 Sol. ||E|| = 1.607079e+01
 Field energy E (8.984e-10 J) + H (9.238e-10 J) = 1.822e-09 J
 S[1][1] = +9.186e-01+3.907e-01i, |S[1][1]| = -1.527e-02, arg(S[1][1]) = +2.304e+01

It 954/1001: ω/2π = 2.438e+00 GHz (total elapsed time = 1.00e+02 s)

 Sol. ||E|| = 1.605099e+01
 Field energy E (8.945e-10 J) + H (9.200e-10 J) = 1.814e-09 J
 S[1][1] = +9.187e-01+3.905e-01i, |S[1][1]| = -1.522e-02, arg(S[1][1]) = +2.303e+01

It 955/1001: ω/2π = 2.438e+00 GHz (total elapsed time = 1.00e+02 s)

 Sol. ||E|| = 1.603130e+01
 Field energy E (8.907e-10 J) + H (9.161e-10 J) = 1.807e-09 J
 S[1][1] = +9.188e-01+3.903e-01i, |S[1][1]| = -1.517e-02, arg(S[1][1]) = +2.302e+01

It 956/1001: ω/2π = 2.438e+00 GHz (total elapsed time = 1.01e+02 s)

 Sol. ||E|| = 1.601171e+01
 Field energy E (8.869e-10 J) + H (9.123e-10 J) = 1.799e-09 J
 S[1][1] = +9.189e-01+3.901e-01i, |S[1][1]| = -1.512e-02, arg(S[1][1]) = +2.300e+01

It 957/1001: ω/2π = 2.438e+00 GHz (total elapsed time = 1.01e+02 s)

 Sol. ||E|| = 1.599223e+01
 Field energy E (8.831e-10 J) + H (9.086e-10 J) = 1.792e-09 J
 S[1][1] = +9.190e-01+3.899e-01i, |S[1][1]| = -1.506e-02, arg(S[1][1]) = +2.299e+01

It 958/1001: ω/2π = 2.438e+00 GHz (total elapsed time = 1.01e+02 s)

 Sol. ||E|| = 1.597285e+01
 Field energy E (8.794e-10 J) + H (9.048e-10 J) = 1.784e-09 J
 S[1][1] = +9.191e-01+3.897e-01i, |S[1][1]| = -1.501e-02, arg(S[1][1]) = +2.298e+01

It 959/1001: ω/2π = 2.438e+00 GHz (total elapsed time = 1.01e+02 s)

 Sol. ||E|| = 1.595357e+01
 Field energy E (8.757e-10 J) + H (9.011e-10 J) = 1.777e-09 J
 S[1][1] = +9.192e-01+3.895e-01i, |S[1][1]| = -1.496e-02, arg(S[1][1]) = +2.297e+01

It 960/1001: ω/2π = 2.438e+00 GHz (total elapsed time = 1.01e+02 s)

 Sol. ||E|| = 1.593440e+01
 Field energy E (8.720e-10 J) + H (8.974e-10 J) = 1.769e-09 J
 S[1][1] = +9.192e-01+3.893e-01i, |S[1][1]| = -1.491e-02, arg(S[1][1]) = +2.295e+01

It 961/1001: ω/2π = 2.438e+00 GHz (total elapsed time = 1.01e+02 s)

 Sol. ||E|| = 1.591532e+01
 Field energy E (8.683e-10 J) + H (8.937e-10 J) = 1.762e-09 J
 S[1][1] = +9.193e-01+3.891e-01i, |S[1][1]| = -1.486e-02, arg(S[1][1]) = +2.294e+01

It 962/1001: ω/2π = 2.438e+00 GHz (total elapsed time = 1.01e+02 s)

 Sol. ||E|| = 1.589635e+01
 Field energy E (8.647e-10 J) + H (8.900e-10 J) = 1.755e-09 J
 S[1][1] = +9.194e-01+3.889e-01i, |S[1][1]| = -1.481e-02, arg(S[1][1]) = +2.293e+01

It 963/1001: ω/2π = 2.438e+00 GHz (total elapsed time = 1.01e+02 s)

 Sol. ||E|| = 1.587748e+01
 Field energy E (8.610e-10 J) + H (8.864e-10 J) = 1.747e-09 J
 S[1][1] = +9.195e-01+3.887e-01i, |S[1][1]| = -1.476e-02, arg(S[1][1]) = +2.291e+01

It 964/1001: ω/2π = 2.438e+00 GHz (total elapsed time = 1.01e+02 s)

 Sol. ||E|| = 1.585870e+01
 Field energy E (8.574e-10 J) + H (8.828e-10 J) = 1.740e-09 J
 S[1][1] = +9.196e-01+3.885e-01i, |S[1][1]| = -1.471e-02, arg(S[1][1]) = +2.290e+01

It 965/1001: ω/2π = 2.438e+00 GHz (total elapsed time = 1.01e+02 s)

 Sol. ||E|| = 1.584003e+01
 Field energy E (8.539e-10 J) + H (8.792e-10 J) = 1.733e-09 J
 S[1][1] = +9.197e-01+3.883e-01i, |S[1][1]| = -1.466e-02, arg(S[1][1]) = +2.289e+01

It 966/1001: ω/2π = 2.438e+00 GHz (total elapsed time = 1.02e+02 s)

 Sol. ||E|| = 1.582145e+01
 Field energy E (8.503e-10 J) + H (8.756e-10 J) = 1.726e-09 J
 S[1][1] = +9.198e-01+3.881e-01i, |S[1][1]| = -1.461e-02, arg(S[1][1]) = +2.288e+01

It 967/1001: ω/2π = 2.438e+00 GHz (total elapsed time = 1.02e+02 s)

 Sol. ||E|| = 1.580297e+01
 Field energy E (8.468e-10 J) + H (8.721e-10 J) = 1.719e-09 J
 S[1][1] = +9.199e-01+3.879e-01i, |S[1][1]| = -1.457e-02, arg(S[1][1]) = +2.286e+01

It 968/1001: ω/2π = 2.438e+00 GHz (total elapsed time = 1.02e+02 s)

 Sol. ||E|| = 1.578459e+01
 Field energy E (8.433e-10 J) + H (8.685e-10 J) = 1.712e-09 J
 S[1][1] = +9.200e-01+3.877e-01i, |S[1][1]| = -1.452e-02, arg(S[1][1]) = +2.285e+01

It 969/1001: ω/2π = 2.438e+00 GHz (total elapsed time = 1.02e+02 s)

 Sol. ||E|| = 1.576630e+01
 Field energy E (8.398e-10 J) + H (8.650e-10 J) = 1.705e-09 J
 S[1][1] = +9.201e-01+3.875e-01i, |S[1][1]| = -1.447e-02, arg(S[1][1]) = +2.284e+01

It 970/1001: ω/2π = 2.438e+00 GHz (total elapsed time = 1.02e+02 s)

 Sol. ||E|| = 1.574811e+01
 Field energy E (8.363e-10 J) + H (8.616e-10 J) = 1.698e-09 J
 S[1][1] = +9.201e-01+3.873e-01i, |S[1][1]| = -1.442e-02, arg(S[1][1]) = +2.283e+01

It 971/1001: ω/2π = 2.438e+00 GHz (total elapsed time = 1.02e+02 s)

 Sol. ||E|| = 1.573002e+01
 Field energy E (8.329e-10 J) + H (8.581e-10 J) = 1.691e-09 J
 S[1][1] = +9.202e-01+3.871e-01i, |S[1][1]| = -1.437e-02, arg(S[1][1]) = +2.282e+01

It 972/1001: ω/2π = 2.438e+00 GHz (total elapsed time = 1.02e+02 s)

 Sol. ||E|| = 1.571201e+01
 Field energy E (8.295e-10 J) + H (8.547e-10 J) = 1.684e-09 J
 S[1][1] = +9.203e-01+3.869e-01i, |S[1][1]| = -1.433e-02, arg(S[1][1]) = +2.280e+01

It 973/1001: ω/2π = 2.438e+00 GHz (total elapsed time = 1.02e+02 s)

 Sol. ||E|| = 1.569410e+01
 Field energy E (8.261e-10 J) + H (8.513e-10 J) = 1.677e-09 J
 S[1][1] = +9.204e-01+3.867e-01i, |S[1][1]| = -1.428e-02, arg(S[1][1]) = +2.279e+01

It 974/1001: ω/2π = 2.438e+00 GHz (total elapsed time = 1.02e+02 s)

 Sol. ||E|| = 1.567629e+01
 Field energy E (8.227e-10 J) + H (8.479e-10 J) = 1.671e-09 J
 S[1][1] = +9.205e-01+3.865e-01i, |S[1][1]| = -1.423e-02, arg(S[1][1]) = +2.278e+01

It 975/1001: ω/2π = 2.438e+00 GHz (total elapsed time = 1.02e+02 s)

 Sol. ||E|| = 1.565856e+01
 Field energy E (8.193e-10 J) + H (8.445e-10 J) = 1.664e-09 J
 S[1][1] = +9.206e-01+3.864e-01i, |S[1][1]| = -1.419e-02, arg(S[1][1]) = +2.277e+01

It 976/1001: ω/2π = 2.438e+00 GHz (total elapsed time = 1.02e+02 s)

 Sol. ||E|| = 1.564093e+01
 Field energy E (8.160e-10 J) + H (8.412e-10 J) = 1.657e-09 J
 S[1][1] = +9.207e-01+3.862e-01i, |S[1][1]| = -1.414e-02, arg(S[1][1]) = +2.276e+01

It 977/1001: ω/2π = 2.438e+00 GHz (total elapsed time = 1.03e+02 s)

 Sol. ||E|| = 1.562339e+01
 Field energy E (8.127e-10 J) + H (8.378e-10 J) = 1.651e-09 J
 S[1][1] = +9.208e-01+3.860e-01i, |S[1][1]| = -1.410e-02, arg(S[1][1]) = +2.274e+01

It 978/1001: ω/2π = 2.438e+00 GHz (total elapsed time = 1.03e+02 s)

 Sol. ||E|| = 1.560594e+01
 Field energy E (8.094e-10 J) + H (8.345e-10 J) = 1.644e-09 J
 S[1][1] = +9.208e-01+3.858e-01i, |S[1][1]| = -1.405e-02, arg(S[1][1]) = +2.273e+01

It 979/1001: ω/2π = 2.438e+00 GHz (total elapsed time = 1.03e+02 s)

 Sol. ||E|| = 1.558857e+01
 Field energy E (8.061e-10 J) + H (8.313e-10 J) = 1.637e-09 J
 S[1][1] = +9.209e-01+3.856e-01i, |S[1][1]| = -1.401e-02, arg(S[1][1]) = +2.272e+01

It 980/1001: ω/2π = 2.438e+00 GHz (total elapsed time = 1.03e+02 s)

 Sol. ||E|| = 1.557130e+01
 Field energy E (8.029e-10 J) + H (8.280e-10 J) = 1.631e-09 J
 S[1][1] = +9.210e-01+3.854e-01i, |S[1][1]| = -1.396e-02, arg(S[1][1]) = +2.271e+01

It 981/1001: ω/2π = 2.439e+00 GHz (total elapsed time = 1.03e+02 s)

 Sol. ||E|| = 1.555412e+01
 Field energy E (7.996e-10 J) + H (8.248e-10 J) = 1.624e-09 J
 S[1][1] = +9.211e-01+3.852e-01i, |S[1][1]| = -1.392e-02, arg(S[1][1]) = +2.270e+01

It 982/1001: ω/2π = 2.439e+00 GHz (total elapsed time = 1.03e+02 s)

 Sol. ||E|| = 1.553702e+01
 Field energy E (7.964e-10 J) + H (8.215e-10 J) = 1.618e-09 J
 S[1][1] = +9.212e-01+3.850e-01i, |S[1][1]| = -1.387e-02, arg(S[1][1]) = +2.268e+01

It 983/1001: ω/2π = 2.439e+00 GHz (total elapsed time = 1.03e+02 s)

 Sol. ||E|| = 1.552001e+01
 Field energy E (7.932e-10 J) + H (8.183e-10 J) = 1.612e-09 J
 S[1][1] = +9.213e-01+3.849e-01i, |S[1][1]| = -1.383e-02, arg(S[1][1]) = +2.267e+01

It 984/1001: ω/2π = 2.439e+00 GHz (total elapsed time = 1.03e+02 s)

 Sol. ||E|| = 1.550309e+01
 Field energy E (7.901e-10 J) + H (8.151e-10 J) = 1.605e-09 J
 S[1][1] = +9.213e-01+3.847e-01i, |S[1][1]| = -1.379e-02, arg(S[1][1]) = +2.266e+01

It 985/1001: ω/2π = 2.439e+00 GHz (total elapsed time = 1.03e+02 s)

 Sol. ||E|| = 1.548625e+01
 Field energy E (7.869e-10 J) + H (8.120e-10 J) = 1.599e-09 J
 S[1][1] = +9.214e-01+3.845e-01i, |S[1][1]| = -1.374e-02, arg(S[1][1]) = +2.265e+01

It 986/1001: ω/2π = 2.439e+00 GHz (total elapsed time = 1.03e+02 s)

 Sol. ||E|| = 1.546950e+01
 Field energy E (7.838e-10 J) + H (8.088e-10 J) = 1.593e-09 J
 S[1][1] = +9.215e-01+3.843e-01i, |S[1][1]| = -1.370e-02, arg(S[1][1]) = +2.264e+01

It 987/1001: ω/2π = 2.439e+00 GHz (total elapsed time = 1.04e+02 s)

 Sol. ||E|| = 1.545283e+01
 Field energy E (7.807e-10 J) + H (8.057e-10 J) = 1.586e-09 J
 S[1][1] = +9.216e-01+3.841e-01i, |S[1][1]| = -1.366e-02, arg(S[1][1]) = +2.263e+01

It 988/1001: ω/2π = 2.439e+00 GHz (total elapsed time = 1.04e+02 s)

 Sol. ||E|| = 1.543625e+01
 Field energy E (7.776e-10 J) + H (8.026e-10 J) = 1.580e-09 J
 S[1][1] = +9.217e-01+3.839e-01i, |S[1][1]| = -1.361e-02, arg(S[1][1]) = +2.262e+01

It 989/1001: ω/2π = 2.439e+00 GHz (total elapsed time = 1.04e+02 s)

 Sol. ||E|| = 1.541975e+01
 Field energy E (7.745e-10 J) + H (7.995e-10 J) = 1.574e-09 J
 S[1][1] = +9.217e-01+3.838e-01i, |S[1][1]| = -1.357e-02, arg(S[1][1]) = +2.260e+01

It 990/1001: ω/2π = 2.439e+00 GHz (total elapsed time = 1.04e+02 s)

 Sol. ||E|| = 1.540333e+01
 Field energy E (7.715e-10 J) + H (7.965e-10 J) = 1.568e-09 J
 S[1][1] = +9.218e-01+3.836e-01i, |S[1][1]| = -1.353e-02, arg(S[1][1]) = +2.259e+01

It 991/1001: ω/2π = 2.439e+00 GHz (total elapsed time = 1.04e+02 s)

 Sol. ||E|| = 1.538700e+01
 Field energy E (7.684e-10 J) + H (7.934e-10 J) = 1.562e-09 J
 S[1][1] = +9.219e-01+3.834e-01i, |S[1][1]| = -1.349e-02, arg(S[1][1]) = +2.258e+01

It 992/1001: ω/2π = 2.439e+00 GHz (total elapsed time = 1.04e+02 s)

 Sol. ||E|| = 1.537075e+01
 Field energy E (7.654e-10 J) + H (7.904e-10 J) = 1.556e-09 J
 S[1][1] = +9.220e-01+3.832e-01i, |S[1][1]| = -1.345e-02, arg(S[1][1]) = +2.257e+01

It 993/1001: ω/2π = 2.439e+00 GHz (total elapsed time = 1.04e+02 s)

 Sol. ||E|| = 1.535458e+01
 Field energy E (7.624e-10 J) + H (7.874e-10 J) = 1.550e-09 J
 S[1][1] = +9.221e-01+3.830e-01i, |S[1][1]| = -1.341e-02, arg(S[1][1]) = +2.256e+01

It 994/1001: ω/2π = 2.439e+00 GHz (total elapsed time = 1.04e+02 s)

 Sol. ||E|| = 1.533849e+01
 Field energy E (7.594e-10 J) + H (7.844e-10 J) = 1.544e-09 J
 S[1][1] = +9.221e-01+3.829e-01i, |S[1][1]| = -1.336e-02, arg(S[1][1]) = +2.255e+01

It 995/1001: ω/2π = 2.439e+00 GHz (total elapsed time = 1.04e+02 s)

 Sol. ||E|| = 1.532248e+01
 Field energy E (7.565e-10 J) + H (7.814e-10 J) = 1.538e-09 J
 S[1][1] = +9.222e-01+3.827e-01i, |S[1][1]| = -1.332e-02, arg(S[1][1]) = +2.254e+01

It 996/1001: ω/2π = 2.439e+00 GHz (total elapsed time = 1.04e+02 s)

 Sol. ||E|| = 1.530656e+01
 Field energy E (7.535e-10 J) + H (7.784e-10 J) = 1.532e-09 J
 S[1][1] = +9.223e-01+3.825e-01i, |S[1][1]| = -1.328e-02, arg(S[1][1]) = +2.253e+01

It 997/1001: ω/2π = 2.439e+00 GHz (total elapsed time = 1.04e+02 s)

 Sol. ||E|| = 1.529071e+01
 Field energy E (7.506e-10 J) + H (7.755e-10 J) = 1.526e-09 J
 S[1][1] = +9.224e-01+3.823e-01i, |S[1][1]| = -1.324e-02, arg(S[1][1]) = +2.251e+01

It 998/1001: ω/2π = 2.439e+00 GHz (total elapsed time = 1.05e+02 s)

 Sol. ||E|| = 1.527494e+01
 Field energy E (7.477e-10 J) + H (7.726e-10 J) = 1.520e-09 J
 S[1][1] = +9.225e-01+3.822e-01i, |S[1][1]| = -1.320e-02, arg(S[1][1]) = +2.250e+01

It 999/1001: ω/2π = 2.439e+00 GHz (total elapsed time = 1.05e+02 s)

 Sol. ||E|| = 1.525925e+01
 Field energy E (7.448e-10 J) + H (7.697e-10 J) = 1.514e-09 J
 S[1][1] = +9.225e-01+3.820e-01i, |S[1][1]| = -1.316e-02, arg(S[1][1]) = +2.249e+01

It 1000/1001: ω/2π = 2.439e+00 GHz (total elapsed time = 1.05e+02 s)

 Sol. ||E|| = 1.524364e+01
 Field energy E (7.419e-10 J) + H (7.668e-10 J) = 1.509e-09 J
 S[1][1] = +9.226e-01+3.818e-01i, |S[1][1]| = -1.312e-02, arg(S[1][1]) = +2.248e+01

It 1001/1001: ω/2π = 2.439e+00 GHz (total elapsed time = 1.05e+02 s)

 Sol. ||E|| = 1.522810e+01
 Field energy E (7.390e-10 J) + H (7.639e-10 J) = 1.503e-09 J
 S[1][1] = +9.227e-01+3.816e-01i, |S[1][1]| = -1.308e-02, arg(S[1][1]) = +2.247e+01

Completed 0 iterations of adaptive mesh refinement (AMR):
 Indicator norm = 1.321e-01, global unknowns = 90979
 Max. iterations = 0, tol. = 1.000e-02

Estimated peak per-rank memory usage is: Min. 486.7M, Max. 602.7M, Avg. 526.1M, Total 2.1G
Estimated peak per-node memory usage is: Min. 2.1G, Max. 2.1G, Avg. 2.1G, Total 2.1G

Elapsed Time Report (s)           Min.        Max.        Avg.
==============================================================
Initialization                   0.144       0.426       0.355
  Mesh Preprocessing             0.350       0.632       0.421
Operator Construction            0.079       0.111       0.093
  Wave Ports                     0.001       0.001       0.001
Linear Solve                     1.129       1.130       1.129
  Setup                          1.175       1.184       1.179
  Preconditioner                 7.799       7.808       7.804
PROM Construction                0.230       0.238       0.232
PROM Solve                       0.304       0.326       0.315
Estimation                       0.115       0.121       0.117
  Construction                   0.581       0.582       0.581
  Solve                          2.899       2.900       2.900
Postprocessing                  91.223      91.250      91.237
Disk IO                          0.249       0.255       0.253
--------------------------------------------------------------
Total                          107.833     107.834     107.834

Peak Memory                   Per-Node       Total   Total HWM
==============================================================
Initialization                    5.5M        5.5M        5.5M
  Mesh Preprocessing             57.6M       57.6M       63.1M
Operator Construction            45.4M       45.4M      108.5M
  Wave Ports                      0.0K        0.0K      108.5M
Linear Solve                    128.0K      128.0K      108.6M
  Setup                         353.8M      353.8M      462.4M
  Preconditioner                  1.3G        1.3G        1.8G
PROM Construction                 0.0K        0.0K        1.8G
PROM Solve                        0.0K        0.0K        1.8G
Estimation                       28.5M       28.5M        1.8G
  Construction                   97.9M       97.9M        1.9G
  Solve                          20.2M       20.2M        1.9G
Postprocessing                    4.6M        4.6M        1.9G
Disk IO                          26.7M       26.7M        1.9G
--------------------------------------------------------------
Total                             2.0G        2.0G        2.0G

