>> /opt/amip/envs/emsim/bin/mpirun -n 32 /opt/amip/palace/bin/palace-x86_64.bin e0k2_eig.json

_____________     _______
_____   __   \____ __   /____ ____________
____   /_/  /  __ ` /  /  __ ` /  ___/  _ \
___   _____/  /_/  /  /  /_/  /  /__/  ___/
  /__/     \___,__/__/\___,__/\_____\_____/


[38;2;255;255;000m--> Warning![0m
Output folder is not empty; program will overwrite content! (postpro/e0k2_eig)
Git changeset ID: v0.17.0-293-g3c83b9db0
Running with 32 MPI processes, 1 OpenMP thread
Device configuration: omp,cpu
Memory configuration: host-std
libCEED backend: /cpu/self/xsmm/blocked

Added 4 elements in 1 iterations of local bisection for under-resolved interior boundaries
Added 1 duplicate vertices for interior boundaries in the mesh
Added 4 duplicate boundary elements for interior boundaries in the mesh
Added 6328 boundary elements for material interfaces to the mesh

Characteristic length and time scales:
 Lc = 1.760e-01 m, tc = 5.871e-01 ns
Finished partitioning mesh into 32 subdomains

Mesh curvature order: 2
Mesh bounding box:
 (Xmin, Ymin, Zmin) = (-8.800e-02, -8.800e-02, -5.771e-02) m
 (Xmax, Ymax, Zmax) = (+8.800e-02, +8.800e-02, +5.771e-02) m

Parallel Mesh Stats:

                minimum     average     maximum       total
 vertices           116         193         300        6182
 edges             1044        1291        1608       41324
 faces             1972        2164        2369       69266
 elements          1035        1066        1098       34122
 neighbors            6          11          26

            minimum     maximum
 h       0.00155241    0.198878
 kappa      1.08103     44.2604

Estimated current per-rank memory usage is: Min. 32.3M, Max. 67.3M, Avg. 33.9M, Total 1.1G
Estimated current per-node memory usage is: Min. 1.1G, Max. 1.1G, Avg. 1.1G, Total 1.1G

Configuring Robin finite conductivity BC at attributes:
 90: σ = 3.500e+07 S/m, n = (-0.0,-0.2,-1.0)

Configuring Dirichlet PEC BC at attributes:
 91

Assembling system matrices, number of global unknowns:
 H1 (p = 2): 47506, ND (p = 2): 221180, RT (p = 2): 310164
 Operator assembly level: Partial
 Mesh geometries:
  Tetrahedron: P = 20, Q = 14 (quadrature order = 4)

Configuring SLEPc eigenvalue solver:
 Scaling γ = 2.668e+01, δ = 5.948e-07
 Configuring divergence-free projection
 Using random starting vector
 Shift-and-invert σ = 2.250e+00 GHz (8.300e+00)

Assembling multigrid hierarchy:
 Level 0 (p = 1): 41324 unknowns
 Level 1 (p = 2): 221180 unknowns
 Level 0 (auxiliary) (p = 1): 6182 unknowns
 Level 1 (auxiliary) (p = 2): 47506 unknowns

#PETSc Option Table entries:
-eps_monitor # (source: code)
#End of PETSc Option Table entries

  Residual norms for GMRES solve
  0 (restart 0) KSP residual norm 9.619848e-01
  1 (restart 0) KSP residual norm 1.827052e-01
  2 (restart 0) KSP residual norm 1.100139e-01
  3 (restart 0) KSP residual norm 4.250768e-02
  4 (restart 0) KSP residual norm 2.436184e-02
  5 (restart 0) KSP residual norm 1.104062e-02
  6 (restart 0) KSP residual norm 3.690076e-03
  7 (restart 0) KSP residual norm 1.900085e-03
  8 (restart 0) KSP residual norm 9.574901e-04
  9 (restart 0) KSP residual norm 5.262065e-04
 10 (restart 0) KSP residual norm 3.155963e-04
 11 (restart 0) KSP residual norm 2.122537e-04
 12 (restart 0) KSP residual norm 1.488798e-04
 13 (restart 0) KSP residual norm 1.022624e-04
 14 (restart 0) KSP residual norm 7.573235e-05
 15 (restart 0) KSP residual norm 5.623317e-05
 16 (restart 0) KSP residual norm 4.109655e-05
 17 (restart 0) KSP residual norm 3.039724e-05
 18 (restart 0) KSP residual norm 2.296888e-05
 19 (restart 0) KSP residual norm 1.531202e-05
 20 (restart 0) KSP residual norm 1.144910e-05
 21 (restart 0) KSP residual norm 8.057084e-06
 22 (restart 0) KSP residual norm 5.729819e-06
 23 (restart 0) KSP residual norm 4.204649e-06
 24 (restart 0) KSP residual norm 2.959649e-06
 25 (restart 0) KSP residual norm 2.154459e-06
 26 (restart 0) KSP residual norm 1.521475e-06
 27 (restart 0) KSP residual norm 1.045982e-06
 28 (restart 0) KSP residual norm 7.635259e-07
 29 (restart 0) KSP residual norm 5.308319e-07
 30 (restart 0) KSP residual norm 3.427472e-07
 31 (restart 0) KSP residual norm 2.393131e-07
 32 (restart 0) KSP residual norm 1.561547e-07
 33 (restart 0) KSP residual norm 1.015651e-07
 34 (restart 0) KSP residual norm 7.079967e-08
 35 (restart 0) KSP residual norm 4.713013e-08
 36 (restart 0) KSP residual norm 3.175377e-08
 37 (restart 0) KSP residual norm 2.185892e-08
 38 (restart 0) KSP residual norm 1.470954e-08
 39 (restart 0) KSP residual norm 1.030320e-08
 40 (restart 0) KSP residual norm 7.104430e-09
GMRES solver converged in 40 iterations (avg. reduction factor: 6.262e-01)
  Residual norms for GMRES solve
  0 (restart 0) KSP residual norm 5.314820e+01
  1 (restart 0) KSP residual norm 7.870732e+00
  2 (restart 0) KSP residual norm 3.437987e+00
  3 (restart 0) KSP residual norm 1.199307e+00
  4 (restart 0) KSP residual norm 4.926569e-01
  5 (restart 0) KSP residual norm 1.146125e-01
  6 (restart 0) KSP residual norm 6.344719e-02
  7 (restart 0) KSP residual norm 2.237598e-02
  8 (restart 0) KSP residual norm 1.121043e-02
  9 (restart 0) KSP residual norm 6.754161e-03
 10 (restart 0) KSP residual norm 2.348461e-03
 11 (restart 0) KSP residual norm 1.209242e-03
 12 (restart 0) KSP residual norm 5.948171e-04
 13 (restart 0) KSP residual norm 3.774664e-04
 14 (restart 0) KSP residual norm 2.068687e-04
 15 (restart 0) KSP residual norm 1.243911e-04
 16 (restart 0) KSP residual norm 7.987160e-05
 17 (restart 0) KSP residual norm 4.309505e-05
 18 (restart 0) KSP residual norm 3.169306e-05
 19 (restart 0) KSP residual norm 2.185289e-05
 20 (restart 0) KSP residual norm 1.590362e-05
 21 (restart 0) KSP residual norm 1.139084e-05
 22 (restart 0) KSP residual norm 6.779491e-06
 23 (restart 0) KSP residual norm 4.670296e-06
 24 (restart 0) KSP residual norm 3.180123e-06
 25 (restart 0) KSP residual norm 2.265390e-06
 26 (restart 0) KSP residual norm 1.572224e-06
 27 (restart 0) KSP residual norm 1.117076e-06
 28 (restart 0) KSP residual norm 7.762661e-07
 29 (restart 0) KSP residual norm 5.653335e-07
 30 (restart 0) KSP residual norm 4.171303e-07
GMRES solver converged in 30 iterations (avg. reduction factor: 5.368e-01)
  Residual norms for GMRES solve
  0 (restart 0) KSP residual norm 1.461767e+01
  1 (restart 0) KSP residual norm 1.893481e+00
  2 (restart 0) KSP residual norm 1.285076e+00
  3 (restart 0) KSP residual norm 5.371882e-01
  4 (restart 0) KSP residual norm 1.775550e-01
  5 (restart 0) KSP residual norm 6.304572e-02
  6 (restart 0) KSP residual norm 2.899611e-02
  7 (restart 0) KSP residual norm 1.194360e-02
  8 (restart 0) KSP residual norm 5.501370e-03
  9 (restart 0) KSP residual norm 2.238272e-03
 10 (restart 0) KSP residual norm 1.120649e-03
 11 (restart 0) KSP residual norm 4.428054e-04
 12 (restart 0) KSP residual norm 2.333344e-04
 13 (restart 0) KSP residual norm 1.509149e-04
 14 (restart 0) KSP residual norm 9.646049e-05
 15 (restart 0) KSP residual norm 5.980686e-05
 16 (restart 0) KSP residual norm 4.273963e-05
 17 (restart 0) KSP residual norm 2.736906e-05
 18 (restart 0) KSP residual norm 1.968724e-05
 19 (restart 0) KSP residual norm 1.448398e-05
 20 (restart 0) KSP residual norm 8.900021e-06
 21 (restart 0) KSP residual norm 5.799354e-06
 22 (restart 0) KSP residual norm 3.800117e-06
 23 (restart 0) KSP residual norm 2.368815e-06
 24 (restart 0) KSP residual norm 1.723115e-06
 25 (restart 0) KSP residual norm 1.193153e-06
 26 (restart 0) KSP residual norm 7.957826e-07
 27 (restart 0) KSP residual norm 5.453418e-07
 28 (restart 0) KSP residual norm 3.928991e-07
 29 (restart 0) KSP residual norm 2.998655e-07
 30 (restart 0) KSP residual norm 2.258275e-07
 31 (restart 0) KSP residual norm 1.618323e-07
 32 (restart 0) KSP residual norm 1.205540e-07
GMRES solver converged in 32 iterations (avg. reduction factor: 5.590e-01)
  Residual norms for GMRES solve
  0 (restart 0) KSP residual norm 2.390634e+01
  1 (restart 0) KSP residual norm 4.646953e+00
  2 (restart 0) KSP residual norm 1.899252e+00
  3 (restart 0) KSP residual norm 1.217951e+00
  4 (restart 0) KSP residual norm 2.865245e-01
  5 (restart 0) KSP residual norm 1.442167e-01
  6 (restart 0) KSP residual norm 4.162603e-02
  7 (restart 0) KSP residual norm 2.006683e-02
  8 (restart 0) KSP residual norm 7.406945e-03
  9 (restart 0) KSP residual norm 3.573692e-03
 10 (restart 0) KSP residual norm 1.514269e-03
 11 (restart 0) KSP residual norm 5.402138e-04
 12 (restart 0) KSP residual norm 2.677920e-04
 13 (restart 0) KSP residual norm 1.738111e-04
 14 (restart 0) KSP residual norm 9.771852e-05
 15 (restart 0) KSP residual norm 5.562963e-05
 16 (restart 0) KSP residual norm 3.357182e-05
 17 (restart 0) KSP residual norm 2.025978e-05
 18 (restart 0) KSP residual norm 1.288317e-05
 19 (restart 0) KSP residual norm 9.112456e-06
 20 (restart 0) KSP residual norm 6.366897e-06
 21 (restart 0) KSP residual norm 4.159962e-06
 22 (restart 0) KSP residual norm 2.921226e-06
 23 (restart 0) KSP residual norm 1.826775e-06
 24 (restart 0) KSP residual norm 1.330666e-06
 25 (restart 0) KSP residual norm 1.029808e-06
 26 (restart 0) KSP residual norm 7.048168e-07
 27 (restart 0) KSP residual norm 4.808459e-07
 28 (restart 0) KSP residual norm 3.434013e-07
 29 (restart 0) KSP residual norm 2.308076e-07
GMRES solver converged in 29 iterations (avg. reduction factor: 5.292e-01)
  Residual norms for GMRES solve
  0 (restart 0) KSP residual norm 2.289069e+01
  1 (restart 0) KSP residual norm 4.212928e+00
  2 (restart 0) KSP residual norm 1.709465e+00
  3 (restart 0) KSP residual norm 1.229466e+00
  4 (restart 0) KSP residual norm 2.052618e-01
  5 (restart 0) KSP residual norm 1.507533e-01
  6 (restart 0) KSP residual norm 3.498233e-02
  7 (restart 0) KSP residual norm 1.667409e-02
  8 (restart 0) KSP residual norm 7.190884e-03
  9 (restart 0) KSP residual norm 2.940372e-03
 10 (restart 0) KSP residual norm 1.334394e-03
 11 (restart 0) KSP residual norm 4.553202e-04
 12 (restart 0) KSP residual norm 2.035560e-04
 13 (restart 0) KSP residual norm 1.223937e-04
 14 (restart 0) KSP residual norm 7.212834e-05
 15 (restart 0) KSP residual norm 4.191450e-05
 16 (restart 0) KSP residual norm 2.703976e-05
 17 (restart 0) KSP residual norm 1.725904e-05
 18 (restart 0) KSP residual norm 1.177509e-05
 19 (restart 0) KSP residual norm 8.823992e-06
 20 (restart 0) KSP residual norm 6.492272e-06
 21 (restart 0) KSP residual norm 4.533756e-06
 22 (restart 0) KSP residual norm 3.107558e-06
 23 (restart 0) KSP residual norm 1.914765e-06
 24 (restart 0) KSP residual norm 1.377264e-06
 25 (restart 0) KSP residual norm 1.025722e-06
 26 (restart 0) KSP residual norm 7.467924e-07
 27 (restart 0) KSP residual norm 5.303249e-07
 28 (restart 0) KSP residual norm 3.806562e-07
 29 (restart 0) KSP residual norm 2.609747e-07
 30 (restart 0) KSP residual norm 1.895206e-07
GMRES solver converged in 30 iterations (avg. reduction factor: 5.378e-01)
  Residual norms for GMRES solve
  0 (restart 0) KSP residual norm 2.742710e+01
  1 (restart 0) KSP residual norm 5.619893e+00
  2 (restart 0) KSP residual norm 2.384208e+00
  3 (restart 0) KSP residual norm 1.235339e+00
  4 (restart 0) KSP residual norm 2.965440e-01
  5 (restart 0) KSP residual norm 1.837770e-01
  6 (restart 0) KSP residual norm 4.636868e-02
  7 (restart 0) KSP residual norm 1.999875e-02
  8 (restart 0) KSP residual norm 8.474139e-03
  9 (restart 0) KSP residual norm 4.238780e-03
 10 (restart 0) KSP residual norm 1.640050e-03
 11 (restart 0) KSP residual norm 6.432274e-04
 12 (restart 0) KSP residual norm 2.849243e-04
 13 (restart 0) KSP residual norm 1.809204e-04
 14 (restart 0) KSP residual norm 1.033600e-04
 15 (restart 0) KSP residual norm 5.715164e-05
 16 (restart 0) KSP residual norm 3.356184e-05
 17 (restart 0) KSP residual norm 2.090814e-05
 18 (restart 0) KSP residual norm 1.186484e-05
 19 (restart 0) KSP residual norm 8.275382e-06
 20 (restart 0) KSP residual norm 5.867209e-06
 21 (restart 0) KSP residual norm 3.949970e-06
 22 (restart 0) KSP residual norm 2.795621e-06
 23 (restart 0) KSP residual norm 1.743967e-06
 24 (restart 0) KSP residual norm 1.195987e-06
 25 (restart 0) KSP residual norm 9.055973e-07
 26 (restart 0) KSP residual norm 6.491399e-07
 27 (restart 0) KSP residual norm 4.497518e-07
 28 (restart 0) KSP residual norm 3.244007e-07
 29 (restart 0) KSP residual norm 2.005379e-07
GMRES solver converged in 29 iterations (avg. reduction factor: 5.241e-01)
  Residual norms for GMRES solve
  0 (restart 0) KSP residual norm 1.701060e+01
  1 (restart 0) KSP residual norm 3.699721e+00
  2 (restart 0) KSP residual norm 1.217761e+00
  3 (restart 0) KSP residual norm 8.294366e-01
  4 (restart 0) KSP residual norm 2.528019e-01
  5 (restart 0) KSP residual norm 7.121532e-02
  6 (restart 0) KSP residual norm 3.003483e-02
  7 (restart 0) KSP residual norm 1.223399e-02
  8 (restart 0) KSP residual norm 6.627586e-03
  9 (restart 0) KSP residual norm 2.428684e-03
 10 (restart 0) KSP residual norm 1.041158e-03
 11 (restart 0) KSP residual norm 5.055539e-04
 12 (restart 0) KSP residual norm 2.112551e-04
 13 (restart 0) KSP residual norm 1.328562e-04
 14 (restart 0) KSP residual norm 8.216792e-05
 15 (restart 0) KSP residual norm 4.746168e-05
 16 (restart 0) KSP residual norm 3.090878e-05
 17 (restart 0) KSP residual norm 2.153039e-05
 18 (restart 0) KSP residual norm 1.434494e-05
 19 (restart 0) KSP residual norm 1.048109e-05
 20 (restart 0) KSP residual norm 7.503513e-06
 21 (restart 0) KSP residual norm 4.602174e-06
 22 (restart 0) KSP residual norm 3.084433e-06
 23 (restart 0) KSP residual norm 1.981222e-06
 24 (restart 0) KSP residual norm 1.298798e-06
 25 (restart 0) KSP residual norm 9.594298e-07
 26 (restart 0) KSP residual norm 6.516771e-07
 27 (restart 0) KSP residual norm 4.470245e-07
 28 (restart 0) KSP residual norm 3.376487e-07
 29 (restart 0) KSP residual norm 2.492424e-07
 30 (restart 0) KSP residual norm 1.849926e-07
 31 (restart 0) KSP residual norm 1.395219e-07
GMRES solver converged in 31 iterations (avg. reduction factor: 5.485e-01)
  Residual norms for GMRES solve
  0 (restart 0) KSP residual norm 1.469894e+01
  1 (restart 0) KSP residual norm 3.922498e+00
  2 (restart 0) KSP residual norm 1.216112e+00
  3 (restart 0) KSP residual norm 5.486506e-01
  4 (restart 0) KSP residual norm 1.649040e-01
  5 (restart 0) KSP residual norm 6.447548e-02
  6 (restart 0) KSP residual norm 2.391550e-02
  7 (restart 0) KSP residual norm 1.348245e-02
  8 (restart 0) KSP residual norm 5.776928e-03
  9 (restart 0) KSP residual norm 2.000229e-03
 10 (restart 0) KSP residual norm 8.009450e-04
 11 (restart 0) KSP residual norm 3.709362e-04
 12 (restart 0) KSP residual norm 1.919395e-04
 13 (restart 0) KSP residual norm 1.144381e-04
 14 (restart 0) KSP residual norm 7.488348e-05
 15 (restart 0) KSP residual norm 4.111055e-05
 16 (restart 0) KSP residual norm 2.668339e-05
 17 (restart 0) KSP residual norm 1.754145e-05
 18 (restart 0) KSP residual norm 1.153759e-05
 19 (restart 0) KSP residual norm 8.252716e-06
 20 (restart 0) KSP residual norm 5.872724e-06
 21 (restart 0) KSP residual norm 3.847202e-06
 22 (restart 0) KSP residual norm 2.492124e-06
 23 (restart 0) KSP residual norm 1.658874e-06
 24 (restart 0) KSP residual norm 1.109522e-06
 25 (restart 0) KSP residual norm 8.343940e-07
 26 (restart 0) KSP residual norm 5.669038e-07
 27 (restart 0) KSP residual norm 3.681774e-07
 28 (restart 0) KSP residual norm 2.813961e-07
 29 (restart 0) KSP residual norm 1.945026e-07
 30 (restart 0) KSP residual norm 1.514345e-07
 31 (restart 0) KSP residual norm 1.187894e-07
GMRES solver converged in 31 iterations (avg. reduction factor: 5.482e-01)
  Residual norms for GMRES solve
  0 (restart 0) KSP residual norm 1.592019e+01
  1 (restart 0) KSP residual norm 3.095520e+00
  2 (restart 0) KSP residual norm 8.749552e-01
  3 (restart 0) KSP residual norm 2.720276e-01
  4 (restart 0) KSP residual norm 9.433196e-02
  5 (restart 0) KSP residual norm 3.681629e-02
  6 (restart 0) KSP residual norm 1.767417e-02
  7 (restart 0) KSP residual norm 8.317721e-03
  8 (restart 0) KSP residual norm 3.398038e-03
  9 (restart 0) KSP residual norm 1.098496e-03
 10 (restart 0) KSP residual norm 5.277393e-04
 11 (restart 0) KSP residual norm 2.308004e-04
 12 (restart 0) KSP residual norm 1.461854e-04
 13 (restart 0) KSP residual norm 1.026784e-04
 14 (restart 0) KSP residual norm 6.764977e-05
 15 (restart 0) KSP residual norm 4.509778e-05
 16 (restart 0) KSP residual norm 3.071300e-05
 17 (restart 0) KSP residual norm 2.279098e-05
 18 (restart 0) KSP residual norm 1.528804e-05
 19 (restart 0) KSP residual norm 1.071621e-05
 20 (restart 0) KSP residual norm 7.170456e-06
 21 (restart 0) KSP residual norm 4.650946e-06
 22 (restart 0) KSP residual norm 3.253011e-06
 23 (restart 0) KSP residual norm 2.167148e-06
 24 (restart 0) KSP residual norm 1.504550e-06
 25 (restart 0) KSP residual norm 1.067913e-06
 26 (restart 0) KSP residual norm 7.771238e-07
 27 (restart 0) KSP residual norm 5.581172e-07
 28 (restart 0) KSP residual norm 4.277781e-07
 29 (restart 0) KSP residual norm 3.161167e-07
 30 (restart 0) KSP residual norm 2.318437e-07
 31 (restart 0) KSP residual norm 1.685350e-07
 32 (restart 0) KSP residual norm 1.084393e-07
GMRES solver converged in 32 iterations (avg. reduction factor: 5.556e-01)
  Residual norms for GMRES solve
  0 (restart 0) KSP residual norm 1.368206e+01
  1 (restart 0) KSP residual norm 2.402649e+00
  2 (restart 0) KSP residual norm 9.795649e-01
  3 (restart 0) KSP residual norm 4.444548e-01
  4 (restart 0) KSP residual norm 9.202764e-02
  5 (restart 0) KSP residual norm 5.063368e-02
  6 (restart 0) KSP residual norm 1.813229e-02
  7 (restart 0) KSP residual norm 7.565598e-03
  8 (restart 0) KSP residual norm 3.591809e-03
  9 (restart 0) KSP residual norm 1.574951e-03
 10 (restart 0) KSP residual norm 5.728094e-04
 11 (restart 0) KSP residual norm 3.176169e-04
 12 (restart 0) KSP residual norm 1.829276e-04
 13 (restart 0) KSP residual norm 1.248604e-04
 14 (restart 0) KSP residual norm 8.132470e-05
 15 (restart 0) KSP residual norm 5.474371e-05
 16 (restart 0) KSP residual norm 3.688751e-05
 17 (restart 0) KSP residual norm 2.666182e-05
 18 (restart 0) KSP residual norm 1.838314e-05
 19 (restart 0) KSP residual norm 1.195594e-05
 20 (restart 0) KSP residual norm 8.292336e-06
 21 (restart 0) KSP residual norm 5.143775e-06
 22 (restart 0) KSP residual norm 3.547682e-06
 23 (restart 0) KSP residual norm 2.382535e-06
 24 (restart 0) KSP residual norm 1.670854e-06
 25 (restart 0) KSP residual norm 1.181212e-06
 26 (restart 0) KSP residual norm 8.070461e-07
 27 (restart 0) KSP residual norm 5.753383e-07
 28 (restart 0) KSP residual norm 4.385813e-07
 29 (restart 0) KSP residual norm 3.380411e-07
 30 (restart 0) KSP residual norm 2.482872e-07
 31 (restart 0) KSP residual norm 1.785546e-07
 32 (restart 0) KSP residual norm 1.231291e-07
GMRES solver converged in 32 iterations (avg. reduction factor: 5.605e-01)
  Residual norms for GMRES solve
  0 (restart 0) KSP residual norm 7.752282e+00
  1 (restart 0) KSP residual norm 2.041939e+00
  2 (restart 0) KSP residual norm 8.278017e-01
  3 (restart 0) KSP residual norm 4.046006e-01
  4 (restart 0) KSP residual norm 9.668738e-02
  5 (restart 0) KSP residual norm 5.301034e-02
  6 (restart 0) KSP residual norm 1.687237e-02
  7 (restart 0) KSP residual norm 8.552894e-03
  8 (restart 0) KSP residual norm 3.814611e-03
  9 (restart 0) KSP residual norm 1.355529e-03
 10 (restart 0) KSP residual norm 7.424507e-04
 11 (restart 0) KSP residual norm 3.129772e-04
 12 (restart 0) KSP residual norm 1.796807e-04
 13 (restart 0) KSP residual norm 1.244823e-04
 14 (restart 0) KSP residual norm 7.748325e-05
 15 (restart 0) KSP residual norm 4.827542e-05
 16 (restart 0) KSP residual norm 3.441930e-05
 17 (restart 0) KSP residual norm 2.504884e-05
 18 (restart 0) KSP residual norm 1.647213e-05
 19 (restart 0) KSP residual norm 1.170845e-05
 20 (restart 0) KSP residual norm 7.586523e-06
 21 (restart 0) KSP residual norm 4.708964e-06
 22 (restart 0) KSP residual norm 3.368525e-06
 23 (restart 0) KSP residual norm 2.158029e-06
 24 (restart 0) KSP residual norm 1.514842e-06
 25 (restart 0) KSP residual norm 1.083071e-06
 26 (restart 0) KSP residual norm 7.417766e-07
 27 (restart 0) KSP residual norm 5.489427e-07
 28 (restart 0) KSP residual norm 4.032596e-07
 29 (restart 0) KSP residual norm 3.115841e-07
 30 (restart 0) KSP residual norm 2.173693e-07
 31 (restart 0) KSP residual norm 1.557450e-07
 32 (restart 0) KSP residual norm 1.094632e-07
 33 (restart 0) KSP residual norm 7.217139e-08
GMRES solver converged in 33 iterations (avg. reduction factor: 5.710e-01)
  Residual norms for GMRES solve
  0 (restart 0) KSP residual norm 1.898155e+01
  1 (restart 0) KSP residual norm 2.544163e+00
  2 (restart 0) KSP residual norm 1.133017e+00
  3 (restart 0) KSP residual norm 6.495014e-01
  4 (restart 0) KSP residual norm 1.310768e-01
  5 (restart 0) KSP residual norm 5.976729e-02
  6 (restart 0) KSP residual norm 1.943977e-02
  7 (restart 0) KSP residual norm 8.726634e-03
  8 (restart 0) KSP residual norm 4.323240e-03
  9 (restart 0) KSP residual norm 1.822583e-03
 10 (restart 0) KSP residual norm 6.526995e-04
 11 (restart 0) KSP residual norm 3.794983e-04
 12 (restart 0) KSP residual norm 2.103197e-04
 13 (restart 0) KSP residual norm 1.453030e-04
 14 (restart 0) KSP residual norm 1.000433e-04
 15 (restart 0) KSP residual norm 5.894929e-05
 16 (restart 0) KSP residual norm 4.314383e-05
 17 (restart 0) KSP residual norm 3.052176e-05
 18 (restart 0) KSP residual norm 2.091476e-05
 19 (restart 0) KSP residual norm 1.491345e-05
 20 (restart 0) KSP residual norm 9.815117e-06
 21 (restart 0) KSP residual norm 6.313826e-06
 22 (restart 0) KSP residual norm 4.322830e-06
 23 (restart 0) KSP residual norm 2.877699e-06
 24 (restart 0) KSP residual norm 2.063080e-06
 25 (restart 0) KSP residual norm 1.495923e-06
 26 (restart 0) KSP residual norm 1.094422e-06
 27 (restart 0) KSP residual norm 7.931371e-07
 28 (restart 0) KSP residual norm 6.058374e-07
 29 (restart 0) KSP residual norm 4.617593e-07
 30 (restart 0) KSP residual norm 3.231385e-07
 31 (restart 0) KSP residual norm 2.236422e-07
 32 (restart 0) KSP residual norm 1.535924e-07
GMRES solver converged in 32 iterations (avg. reduction factor: 5.586e-01)
  Residual norms for GMRES solve
  0 (restart 0) KSP residual norm 1.135260e+01
  1 (restart 0) KSP residual norm 2.415152e+00
  2 (restart 0) KSP residual norm 1.174714e+00
  3 (restart 0) KSP residual norm 5.269084e-01
  4 (restart 0) KSP residual norm 1.831206e-01
  5 (restart 0) KSP residual norm 6.641584e-02
  6 (restart 0) KSP residual norm 2.274416e-02
  7 (restart 0) KSP residual norm 1.057830e-02
  8 (restart 0) KSP residual norm 4.560945e-03
  9 (restart 0) KSP residual norm 2.050702e-03
 10 (restart 0) KSP residual norm 9.140591e-04
 11 (restart 0) KSP residual norm 4.325177e-04
 12 (restart 0) KSP residual norm 1.859783e-04
 13 (restart 0) KSP residual norm 1.190953e-04
 14 (restart 0) KSP residual norm 7.890802e-05
 15 (restart 0) KSP residual norm 3.951320e-05
 16 (restart 0) KSP residual norm 2.567512e-05
 17 (restart 0) KSP residual norm 1.665465e-05
 18 (restart 0) KSP residual norm 1.074757e-05
 19 (restart 0) KSP residual norm 7.740111e-06
 20 (restart 0) KSP residual norm 6.025896e-06
 21 (restart 0) KSP residual norm 4.020459e-06
 22 (restart 0) KSP residual norm 2.815591e-06
 23 (restart 0) KSP residual norm 1.834578e-06
 24 (restart 0) KSP residual norm 1.221229e-06
 25 (restart 0) KSP residual norm 9.161910e-07
 26 (restart 0) KSP residual norm 6.474830e-07
 27 (restart 0) KSP residual norm 4.543715e-07
 28 (restart 0) KSP residual norm 3.426628e-07
 29 (restart 0) KSP residual norm 2.347480e-07
 30 (restart 0) KSP residual norm 1.711961e-07
 31 (restart 0) KSP residual norm 1.272394e-07
 32 (restart 0) KSP residual norm 8.500213e-08
GMRES solver converged in 32 iterations (avg. reduction factor: 5.573e-01)
  Residual norms for GMRES solve
  0 (restart 0) KSP residual norm 9.061571e+00
  1 (restart 0) KSP residual norm 1.478012e+00
  2 (restart 0) KSP residual norm 4.551938e-01
  3 (restart 0) KSP residual norm 2.640777e-01
  4 (restart 0) KSP residual norm 1.192508e-01
  5 (restart 0) KSP residual norm 2.846490e-02
  6 (restart 0) KSP residual norm 1.543391e-02
  7 (restart 0) KSP residual norm 5.690675e-03
  8 (restart 0) KSP residual norm 2.208937e-03
  9 (restart 0) KSP residual norm 1.005390e-03
 10 (restart 0) KSP residual norm 3.920543e-04
 11 (restart 0) KSP residual norm 2.242535e-04
 12 (restart 0) KSP residual norm 1.294858e-04
 13 (restart 0) KSP residual norm 8.758673e-05
 14 (restart 0) KSP residual norm 5.736147e-05
 15 (restart 0) KSP residual norm 4.099114e-05
 16 (restart 0) KSP residual norm 2.845882e-05
 17 (restart 0) KSP residual norm 2.007850e-05
 18 (restart 0) KSP residual norm 1.491661e-05
 19 (restart 0) KSP residual norm 9.740075e-06
 20 (restart 0) KSP residual norm 6.361792e-06
 21 (restart 0) KSP residual norm 4.429624e-06
 22 (restart 0) KSP residual norm 2.933282e-06
 23 (restart 0) KSP residual norm 2.096664e-06
 24 (restart 0) KSP residual norm 1.461409e-06
 25 (restart 0) KSP residual norm 1.060796e-06
 26 (restart 0) KSP residual norm 7.933638e-07
 27 (restart 0) KSP residual norm 5.801036e-07
 28 (restart 0) KSP residual norm 4.456791e-07
 29 (restart 0) KSP residual norm 3.281526e-07
 30 (restart 0) KSP residual norm 2.304038e-07
 31 (restart 0) KSP residual norm 1.619749e-07
 32 (restart 0) KSP residual norm 1.067501e-07
 33 (restart 0) KSP residual norm 7.096476e-08
GMRES solver converged in 33 iterations (avg. reduction factor: 5.680e-01)
  Residual norms for GMRES solve
  0 (restart 0) KSP residual norm 1.412574e+01
  1 (restart 0) KSP residual norm 2.604995e+00
  2 (restart 0) KSP residual norm 9.594172e-01
  3 (restart 0) KSP residual norm 5.295635e-01
  4 (restart 0) KSP residual norm 1.790802e-01
  5 (restart 0) KSP residual norm 5.300589e-02
  6 (restart 0) KSP residual norm 2.733585e-02
  7 (restart 0) KSP residual norm 9.674215e-03
  8 (restart 0) KSP residual norm 4.886627e-03
  9 (restart 0) KSP residual norm 2.034626e-03
 10 (restart 0) KSP residual norm 7.997798e-04
 11 (restart 0) KSP residual norm 3.873336e-04
 12 (restart 0) KSP residual norm 2.042283e-04
 13 (restart 0) KSP residual norm 1.329099e-04
 14 (restart 0) KSP residual norm 8.397084e-05
 15 (restart 0) KSP residual norm 5.117616e-05
 16 (restart 0) KSP residual norm 3.494670e-05
 17 (restart 0) KSP residual norm 2.460123e-05
 18 (restart 0) KSP residual norm 1.685524e-05
 19 (restart 0) KSP residual norm 1.203768e-05
 20 (restart 0) KSP residual norm 8.174427e-06
 21 (restart 0) KSP residual norm 5.209045e-06
 22 (restart 0) KSP residual norm 3.428005e-06
 23 (restart 0) KSP residual norm 2.252350e-06
 24 (restart 0) KSP residual norm 1.599813e-06
 25 (restart 0) KSP residual norm 1.174532e-06
 26 (restart 0) KSP residual norm 7.957577e-07
 27 (restart 0) KSP residual norm 5.481111e-07
 28 (restart 0) KSP residual norm 4.157683e-07
 29 (restart 0) KSP residual norm 3.083416e-07
 30 (restart 0) KSP residual norm 2.327495e-07
 31 (restart 0) KSP residual norm 1.770445e-07
 32 (restart 0) KSP residual norm 1.183368e-07
GMRES solver converged in 32 iterations (avg. reduction factor: 5.592e-01)
  Residual norms for GMRES solve
  0 (restart 0) KSP residual norm 7.969336e+00
  1 (restart 0) KSP residual norm 1.815960e+00
  2 (restart 0) KSP residual norm 7.433698e-01
  3 (restart 0) KSP residual norm 2.449252e-01
  4 (restart 0) KSP residual norm 9.508043e-02
  5 (restart 0) KSP residual norm 3.975540e-02
  6 (restart 0) KSP residual norm 1.848176e-02
  7 (restart 0) KSP residual norm 7.638546e-03
  8 (restart 0) KSP residual norm 3.870824e-03
  9 (restart 0) KSP residual norm 1.572180e-03
 10 (restart 0) KSP residual norm 6.001696e-04
 11 (restart 0) KSP residual norm 3.467247e-04
 12 (restart 0) KSP residual norm 1.984543e-04
 13 (restart 0) KSP residual norm 1.386258e-04
 14 (restart 0) KSP residual norm 9.310949e-05
 15 (restart 0) KSP residual norm 5.967235e-05
 16 (restart 0) KSP residual norm 4.237831e-05
 17 (restart 0) KSP residual norm 2.925532e-05
 18 (restart 0) KSP residual norm 2.048617e-05
 19 (restart 0) KSP residual norm 1.361711e-05
 20 (restart 0) KSP residual norm 8.870950e-06
 21 (restart 0) KSP residual norm 6.067321e-06
 22 (restart 0) KSP residual norm 3.813257e-06
 23 (restart 0) KSP residual norm 2.642820e-06
 24 (restart 0) KSP residual norm 1.868303e-06
 25 (restart 0) KSP residual norm 1.294074e-06
 26 (restart 0) KSP residual norm 9.166351e-07
 27 (restart 0) KSP residual norm 6.470277e-07
 28 (restart 0) KSP residual norm 4.883464e-07
 29 (restart 0) KSP residual norm 3.747321e-07
 30 (restart 0) KSP residual norm 2.753469e-07
 31 (restart 0) KSP residual norm 1.953446e-07
 32 (restart 0) KSP residual norm 1.362512e-07
 33 (restart 0) KSP residual norm 8.872063e-08
 34 (restart 0) KSP residual norm 6.156578e-08
GMRES solver converged in 34 iterations (avg. reduction factor: 5.773e-01)
  Residual norms for GMRES solve
  0 (restart 0) KSP residual norm 8.874853e+00
  1 (restart 0) KSP residual norm 1.701627e+00
  2 (restart 0) KSP residual norm 5.783147e-01
  3 (restart 0) KSP residual norm 3.499684e-01
  4 (restart 0) KSP residual norm 8.333841e-02
  5 (restart 0) KSP residual norm 2.960482e-02
  6 (restart 0) KSP residual norm 1.180618e-02
  7 (restart 0) KSP residual norm 5.819842e-03
  8 (restart 0) KSP residual norm 2.240116e-03
  9 (restart 0) KSP residual norm 1.235513e-03
 10 (restart 0) KSP residual norm 4.972987e-04
 11 (restart 0) KSP residual norm 1.710160e-04
 12 (restart 0) KSP residual norm 9.519368e-05
 13 (restart 0) KSP residual norm 5.729009e-05
 14 (restart 0) KSP residual norm 3.737301e-05
 15 (restart 0) KSP residual norm 2.435782e-05
 16 (restart 0) KSP residual norm 1.733011e-05
 17 (restart 0) KSP residual norm 1.219292e-05
 18 (restart 0) KSP residual norm 8.230578e-06
 19 (restart 0) KSP residual norm 6.385828e-06
 20 (restart 0) KSP residual norm 4.270757e-06
 21 (restart 0) KSP residual norm 2.791474e-06
 22 (restart 0) KSP residual norm 2.062841e-06
 23 (restart 0) KSP residual norm 1.381362e-06
 24 (restart 0) KSP residual norm 1.036146e-06
 25 (restart 0) KSP residual norm 8.189004e-07
 26 (restart 0) KSP residual norm 5.613005e-07
 27 (restart 0) KSP residual norm 4.106819e-07
 28 (restart 0) KSP residual norm 2.977903e-07
 29 (restart 0) KSP residual norm 2.041333e-07
 30 (restart 0) KSP residual norm 1.509114e-07
 31 (restart 0) KSP residual norm 1.009955e-07
 32 (restart 0) KSP residual norm 6.632736e-08
GMRES solver converged in 32 iterations (avg. reduction factor: 5.572e-01)
  Residual norms for GMRES solve
  0 (restart 0) KSP residual norm 7.689734e+00
  1 (restart 0) KSP residual norm 1.414291e+00
  2 (restart 0) KSP residual norm 5.305179e-01
  3 (restart 0) KSP residual norm 3.872594e-01
  4 (restart 0) KSP residual norm 9.406499e-02
  5 (restart 0) KSP residual norm 3.822026e-02
  6 (restart 0) KSP residual norm 1.262525e-02
  7 (restart 0) KSP residual norm 6.488571e-03
  8 (restart 0) KSP residual norm 2.490629e-03
  9 (restart 0) KSP residual norm 1.113277e-03
 10 (restart 0) KSP residual norm 5.546655e-04
 11 (restart 0) KSP residual norm 1.960940e-04
 12 (restart 0) KSP residual norm 1.116208e-04
 13 (restart 0) KSP residual norm 7.265780e-05
 14 (restart 0) KSP residual norm 4.792499e-05
 15 (restart 0) KSP residual norm 2.921767e-05
 16 (restart 0) KSP residual norm 2.107753e-05
 17 (restart 0) KSP residual norm 1.435654e-05
 18 (restart 0) KSP residual norm 9.579098e-06
 19 (restart 0) KSP residual norm 7.036788e-06
 20 (restart 0) KSP residual norm 4.764373e-06
 21 (restart 0) KSP residual norm 2.888190e-06
 22 (restart 0) KSP residual norm 2.018914e-06
 23 (restart 0) KSP residual norm 1.368253e-06
 24 (restart 0) KSP residual norm 9.838371e-07
 25 (restart 0) KSP residual norm 7.566652e-07
 26 (restart 0) KSP residual norm 5.069089e-07
 27 (restart 0) KSP residual norm 3.632460e-07
 28 (restart 0) KSP residual norm 2.844577e-07
 29 (restart 0) KSP residual norm 2.077915e-07
 30 (restart 0) KSP residual norm 1.553074e-07
 31 (restart 0) KSP residual norm 1.072938e-07
 32 (restart 0) KSP residual norm 6.986683e-08
GMRES solver converged in 32 iterations (avg. reduction factor: 5.607e-01)
  Residual norms for GMRES solve
  0 (restart 0) KSP residual norm 9.049121e+00
  1 (restart 0) KSP residual norm 1.230425e+00
  2 (restart 0) KSP residual norm 5.402859e-01
  3 (restart 0) KSP residual norm 3.882485e-01
  4 (restart 0) KSP residual norm 1.118676e-01
  5 (restart 0) KSP residual norm 3.984091e-02
  6 (restart 0) KSP residual norm 1.479332e-02
  7 (restart 0) KSP residual norm 6.550015e-03
  8 (restart 0) KSP residual norm 2.924456e-03
  9 (restart 0) KSP residual norm 1.096820e-03
 10 (restart 0) KSP residual norm 5.052260e-04
 11 (restart 0) KSP residual norm 2.303082e-04
 12 (restart 0) KSP residual norm 9.912316e-05
 13 (restart 0) KSP residual norm 6.299023e-05
 14 (restart 0) KSP residual norm 3.950993e-05
 15 (restart 0) KSP residual norm 2.067178e-05
 16 (restart 0) KSP residual norm 1.336066e-05
 17 (restart 0) KSP residual norm 9.140107e-06
 18 (restart 0) KSP residual norm 6.014677e-06
 19 (restart 0) KSP residual norm 4.574001e-06
 20 (restart 0) KSP residual norm 3.656698e-06
 21 (restart 0) KSP residual norm 2.392592e-06
 22 (restart 0) KSP residual norm 1.819925e-06
 23 (restart 0) KSP residual norm 1.219464e-06
 24 (restart 0) KSP residual norm 8.607928e-07
 25 (restart 0) KSP residual norm 6.786726e-07
 26 (restart 0) KSP residual norm 4.329684e-07
 27 (restart 0) KSP residual norm 2.949158e-07
 28 (restart 0) KSP residual norm 2.093458e-07
 29 (restart 0) KSP residual norm 1.379948e-07
 30 (restart 0) KSP residual norm 1.009065e-07
 31 (restart 0) KSP residual norm 7.249276e-08
GMRES solver converged in 31 iterations (avg. reduction factor: 5.481e-01)
  Residual norms for GMRES solve
  0 (restart 0) KSP residual norm 1.067643e+01
  1 (restart 0) KSP residual norm 1.653800e+00
  2 (restart 0) KSP residual norm 7.082229e-01
  3 (restart 0) KSP residual norm 3.670174e-01
  4 (restart 0) KSP residual norm 9.748381e-02
  5 (restart 0) KSP residual norm 3.272979e-02
  6 (restart 0) KSP residual norm 1.558254e-02
  7 (restart 0) KSP residual norm 6.697879e-03
  8 (restart 0) KSP residual norm 2.744697e-03
  9 (restart 0) KSP residual norm 1.443551e-03
 10 (restart 0) KSP residual norm 5.749062e-04
 11 (restart 0) KSP residual norm 2.486358e-04
 12 (restart 0) KSP residual norm 1.124712e-04
 13 (restart 0) KSP residual norm 8.004540e-05
 14 (restart 0) KSP residual norm 5.013215e-05
 15 (restart 0) KSP residual norm 3.047260e-05
 16 (restart 0) KSP residual norm 2.193160e-05
 17 (restart 0) KSP residual norm 1.553720e-05
 18 (restart 0) KSP residual norm 1.086419e-05
 19 (restart 0) KSP residual norm 8.194556e-06
 20 (restart 0) KSP residual norm 5.592060e-06
 21 (restart 0) KSP residual norm 3.830191e-06
 22 (restart 0) KSP residual norm 2.852372e-06
 23 (restart 0) KSP residual norm 1.897210e-06
 24 (restart 0) KSP residual norm 1.455945e-06
 25 (restart 0) KSP residual norm 1.075019e-06
 26 (restart 0) KSP residual norm 7.186373e-07
 27 (restart 0) KSP residual norm 5.217440e-07
 28 (restart 0) KSP residual norm 3.662543e-07
 29 (restart 0) KSP residual norm 2.454287e-07
 30 (restart 0) KSP residual norm 1.750573e-07
 31 (restart 0) KSP residual norm 1.096184e-07
 32 (restart 0) KSP residual norm 7.399130e-08
GMRES solver converged in 32 iterations (avg. reduction factor: 5.559e-01)
  Residual norms for GMRES solve
  0 (restart 0) KSP residual norm 4.802838e+00
  1 (restart 0) KSP residual norm 1.260183e+00
  2 (restart 0) KSP residual norm 3.071364e-01
  3 (restart 0) KSP residual norm 1.560068e-01
  4 (restart 0) KSP residual norm 4.570284e-02
  5 (restart 0) KSP residual norm 1.948922e-02
  6 (restart 0) KSP residual norm 9.729357e-03
  7 (restart 0) KSP residual norm 4.086884e-03
  8 (restart 0) KSP residual norm 1.553068e-03
  9 (restart 0) KSP residual norm 7.369094e-04
 10 (restart 0) KSP residual norm 3.023691e-04
 11 (restart 0) KSP residual norm 1.966435e-04
 12 (restart 0) KSP residual norm 1.260323e-04
 13 (restart 0) KSP residual norm 8.015579e-05
 14 (restart 0) KSP residual norm 5.523777e-05
 15 (restart 0) KSP residual norm 3.887799e-05
 16 (restart 0) KSP residual norm 2.647738e-05
 17 (restart 0) KSP residual norm 1.877330e-05
 18 (restart 0) KSP residual norm 1.316078e-05
 19 (restart 0) KSP residual norm 8.753975e-06
 20 (restart 0) KSP residual norm 6.429456e-06
 21 (restart 0) KSP residual norm 4.471818e-06
 22 (restart 0) KSP residual norm 3.206553e-06
 23 (restart 0) KSP residual norm 2.314192e-06
 24 (restart 0) KSP residual norm 1.704918e-06
 25 (restart 0) KSP residual norm 1.287532e-06
 26 (restart 0) KSP residual norm 9.028569e-07
 27 (restart 0) KSP residual norm 6.725039e-07
 28 (restart 0) KSP residual norm 4.793679e-07
 29 (restart 0) KSP residual norm 3.414454e-07
 30 (restart 0) KSP residual norm 2.123976e-07
 31 (restart 0) KSP residual norm 1.506342e-07
 32 (restart 0) KSP residual norm 9.870217e-08
 33 (restart 0) KSP residual norm 6.445099e-08
 34 (restart 0) KSP residual norm 4.719249e-08
GMRES solver converged in 34 iterations (avg. reduction factor: 5.814e-01)
  1 EPS nconv=4 first unconverged value (error) -1.14071e-05+0.369366i (3.14614525e-03)
  Residual norms for GMRES solve
  0 (restart 0) KSP residual norm 5.159947e+00
  1 (restart 0) KSP residual norm 1.399831e+00
  2 (restart 0) KSP residual norm 4.547841e-01
  3 (restart 0) KSP residual norm 1.898268e-01
  4 (restart 0) KSP residual norm 4.535124e-02
  5 (restart 0) KSP residual norm 2.381431e-02
  6 (restart 0) KSP residual norm 9.014583e-03
  7 (restart 0) KSP residual norm 4.183233e-03
  8 (restart 0) KSP residual norm 1.686860e-03
  9 (restart 0) KSP residual norm 7.390643e-04
 10 (restart 0) KSP residual norm 4.105922e-04
 11 (restart 0) KSP residual norm 1.393862e-04
 12 (restart 0) KSP residual norm 8.206847e-05
 13 (restart 0) KSP residual norm 5.812068e-05
 14 (restart 0) KSP residual norm 3.573479e-05
 15 (restart 0) KSP residual norm 2.326692e-05
 16 (restart 0) KSP residual norm 1.673488e-05
 17 (restart 0) KSP residual norm 1.200459e-05
 18 (restart 0) KSP residual norm 8.678295e-06
 19 (restart 0) KSP residual norm 6.154765e-06
 20 (restart 0) KSP residual norm 4.436766e-06
 21 (restart 0) KSP residual norm 3.010220e-06
 22 (restart 0) KSP residual norm 2.225775e-06
 23 (restart 0) KSP residual norm 1.613877e-06
 24 (restart 0) KSP residual norm 1.112790e-06
 25 (restart 0) KSP residual norm 8.442412e-07
 26 (restart 0) KSP residual norm 5.679527e-07
 27 (restart 0) KSP residual norm 4.024663e-07
 28 (restart 0) KSP residual norm 2.941607e-07
 29 (restart 0) KSP residual norm 1.930154e-07
 30 (restart 0) KSP residual norm 1.250653e-07
 31 (restart 0) KSP residual norm 8.448947e-08
 32 (restart 0) KSP residual norm 5.611880e-08
 33 (restart 0) KSP residual norm 3.707401e-08
GMRES solver converged in 33 iterations (avg. reduction factor: 5.665e-01)
  Residual norms for GMRES solve
  0 (restart 0) KSP residual norm 1.417164e+01
  1 (restart 0) KSP residual norm 2.755419e+00
  2 (restart 0) KSP residual norm 1.125369e+00
  3 (restart 0) KSP residual norm 5.092885e-01
  4 (restart 0) KSP residual norm 1.587872e-01
  5 (restart 0) KSP residual norm 5.096530e-02
  6 (restart 0) KSP residual norm 2.547738e-02
  7 (restart 0) KSP residual norm 1.116190e-02
  8 (restart 0) KSP residual norm 4.382721e-03
  9 (restart 0) KSP residual norm 2.371914e-03
 10 (restart 0) KSP residual norm 8.117846e-04
 11 (restart 0) KSP residual norm 3.397942e-04
 12 (restart 0) KSP residual norm 2.049664e-04
 13 (restart 0) KSP residual norm 1.163412e-04
 14 (restart 0) KSP residual norm 5.943571e-05
 15 (restart 0) KSP residual norm 3.674057e-05
 16 (restart 0) KSP residual norm 2.280895e-05
 17 (restart 0) KSP residual norm 1.263059e-05
 18 (restart 0) KSP residual norm 8.779687e-06
 19 (restart 0) KSP residual norm 6.380164e-06
 20 (restart 0) KSP residual norm 4.573477e-06
 21 (restart 0) KSP residual norm 3.306002e-06
 22 (restart 0) KSP residual norm 2.390325e-06
 23 (restart 0) KSP residual norm 1.503986e-06
 24 (restart 0) KSP residual norm 1.077815e-06
 25 (restart 0) KSP residual norm 8.112818e-07
 26 (restart 0) KSP residual norm 5.670679e-07
 27 (restart 0) KSP residual norm 3.995244e-07
 28 (restart 0) KSP residual norm 2.780575e-07
 29 (restart 0) KSP residual norm 1.890132e-07
 30 (restart 0) KSP residual norm 1.365421e-07
GMRES solver converged in 30 iterations (avg. reduction factor: 5.405e-01)
  Residual norms for GMRES solve
  0 (restart 0) KSP residual norm 1.693808e+01
  1 (restart 0) KSP residual norm 3.725322e+00
  2 (restart 0) KSP residual norm 1.228813e+00
  3 (restart 0) KSP residual norm 6.642772e-01
  4 (restart 0) KSP residual norm 1.919551e-01
  5 (restart 0) KSP residual norm 5.554426e-02
  6 (restart 0) KSP residual norm 2.667770e-02
  7 (restart 0) KSP residual norm 1.274946e-02
  8 (restart 0) KSP residual norm 4.904790e-03
  9 (restart 0) KSP residual norm 2.681824e-03
 10 (restart 0) KSP residual norm 8.934744e-04
 11 (restart 0) KSP residual norm 4.132763e-04
 12 (restart 0) KSP residual norm 2.280013e-04
 13 (restart 0) KSP residual norm 1.345378e-04
 14 (restart 0) KSP residual norm 7.887822e-05
 15 (restart 0) KSP residual norm 4.601043e-05
 16 (restart 0) KSP residual norm 2.731871e-05
 17 (restart 0) KSP residual norm 1.781900e-05
 18 (restart 0) KSP residual norm 1.153952e-05
 19 (restart 0) KSP residual norm 8.677615e-06
 20 (restart 0) KSP residual norm 6.157527e-06
 21 (restart 0) KSP residual norm 4.398628e-06
 22 (restart 0) KSP residual norm 3.057632e-06
 23 (restart 0) KSP residual norm 2.030432e-06
 24 (restart 0) KSP residual norm 1.483406e-06
 25 (restart 0) KSP residual norm 1.102256e-06
 26 (restart 0) KSP residual norm 7.557810e-07
 27 (restart 0) KSP residual norm 5.007047e-07
 28 (restart 0) KSP residual norm 3.567056e-07
 29 (restart 0) KSP residual norm 2.417487e-07
 30 (restart 0) KSP residual norm 1.837997e-07
 31 (restart 0) KSP residual norm 1.411586e-07
GMRES solver converged in 31 iterations (avg. reduction factor: 5.488e-01)
  Residual norms for GMRES solve
  0 (restart 0) KSP residual norm 1.235446e+01
  1 (restart 0) KSP residual norm 3.073633e+00
  2 (restart 0) KSP residual norm 8.385076e-01
  3 (restart 0) KSP residual norm 4.370902e-01
  4 (restart 0) KSP residual norm 1.745197e-01
  5 (restart 0) KSP residual norm 4.852588e-02
  6 (restart 0) KSP residual norm 2.069439e-02
  7 (restart 0) KSP residual norm 8.928912e-03
  8 (restart 0) KSP residual norm 4.062500e-03
  9 (restart 0) KSP residual norm 1.998028e-03
 10 (restart 0) KSP residual norm 6.833840e-04
 11 (restart 0) KSP residual norm 3.213640e-04
 12 (restart 0) KSP residual norm 1.639365e-04
 13 (restart 0) KSP residual norm 9.518177e-05
 14 (restart 0) KSP residual norm 5.954444e-05
 15 (restart 0) KSP residual norm 3.290242e-05
 16 (restart 0) KSP residual norm 2.051901e-05
 17 (restart 0) KSP residual norm 1.295335e-05
 18 (restart 0) KSP residual norm 8.611273e-06
 19 (restart 0) KSP residual norm 6.307311e-06
 20 (restart 0) KSP residual norm 4.588434e-06
 21 (restart 0) KSP residual norm 3.378432e-06
 22 (restart 0) KSP residual norm 2.385935e-06
 23 (restart 0) KSP residual norm 1.594494e-06
 24 (restart 0) KSP residual norm 1.194715e-06
 25 (restart 0) KSP residual norm 8.877817e-07
 26 (restart 0) KSP residual norm 5.732113e-07
 27 (restart 0) KSP residual norm 3.885601e-07
 28 (restart 0) KSP residual norm 2.574418e-07
 29 (restart 0) KSP residual norm 1.742757e-07
 30 (restart 0) KSP residual norm 1.322828e-07
 31 (restart 0) KSP residual norm 9.234650e-08
GMRES solver converged in 31 iterations (avg. reduction factor: 5.468e-01)
  Residual norms for GMRES solve
  0 (restart 0) KSP residual norm 2.855362e+01
  1 (restart 0) KSP residual norm 5.300825e+00
  2 (restart 0) KSP residual norm 1.954576e+00
  3 (restart 0) KSP residual norm 8.385039e-01
  4 (restart 0) KSP residual norm 3.042089e-01
  5 (restart 0) KSP residual norm 8.319621e-02
  6 (restart 0) KSP residual norm 3.597044e-02
  7 (restart 0) KSP residual norm 1.685253e-02
  8 (restart 0) KSP residual norm 7.263266e-03
  9 (restart 0) KSP residual norm 3.725633e-03
 10 (restart 0) KSP residual norm 1.451381e-03
 11 (restart 0) KSP residual norm 5.979577e-04
 12 (restart 0) KSP residual norm 3.411628e-04
 13 (restart 0) KSP residual norm 2.064920e-04
 14 (restart 0) KSP residual norm 1.150720e-04
 15 (restart 0) KSP residual norm 6.572757e-05
 16 (restart 0) KSP residual norm 4.256643e-05
 17 (restart 0) KSP residual norm 2.128251e-05
 18 (restart 0) KSP residual norm 1.564529e-05
 19 (restart 0) KSP residual norm 1.077459e-05
 20 (restart 0) KSP residual norm 6.799469e-06
 21 (restart 0) KSP residual norm 5.164021e-06
 22 (restart 0) KSP residual norm 3.351406e-06
 23 (restart 0) KSP residual norm 2.138472e-06
 24 (restart 0) KSP residual norm 1.562046e-06
 25 (restart 0) KSP residual norm 1.175826e-06
 26 (restart 0) KSP residual norm 7.910460e-07
 27 (restart 0) KSP residual norm 5.659151e-07
 28 (restart 0) KSP residual norm 3.783809e-07
 29 (restart 0) KSP residual norm 2.485435e-07
GMRES solver converged in 29 iterations (avg. reduction factor: 5.273e-01)
  Residual norms for GMRES solve
  0 (restart 0) KSP residual norm 1.544512e+01
  1 (restart 0) KSP residual norm 3.424811e+00
  2 (restart 0) KSP residual norm 1.128104e+00
  3 (restart 0) KSP residual norm 5.227463e-01
  4 (restart 0) KSP residual norm 1.529525e-01
  5 (restart 0) KSP residual norm 5.843442e-02
  6 (restart 0) KSP residual norm 2.693461e-02
  7 (restart 0) KSP residual norm 9.365797e-03
  8 (restart 0) KSP residual norm 4.704295e-03
  9 (restart 0) KSP residual norm 1.970881e-03
 10 (restart 0) KSP residual norm 7.250349e-04
 11 (restart 0) KSP residual norm 3.132902e-04
 12 (restart 0) KSP residual norm 1.921009e-04
 13 (restart 0) KSP residual norm 1.151886e-04
 14 (restart 0) KSP residual norm 7.224391e-05
 15 (restart 0) KSP residual norm 4.761929e-05
 16 (restart 0) KSP residual norm 3.279587e-05
 17 (restart 0) KSP residual norm 2.228794e-05
 18 (restart 0) KSP residual norm 1.759811e-05
 19 (restart 0) KSP residual norm 1.246061e-05
 20 (restart 0) KSP residual norm 8.557865e-06
 21 (restart 0) KSP residual norm 6.517141e-06
 22 (restart 0) KSP residual norm 4.304605e-06
 23 (restart 0) KSP residual norm 3.142001e-06
 24 (restart 0) KSP residual norm 2.378698e-06
 25 (restart 0) KSP residual norm 1.748749e-06
 26 (restart 0) KSP residual norm 1.139998e-06
 27 (restart 0) KSP residual norm 8.256961e-07
 28 (restart 0) KSP residual norm 5.835467e-07
 29 (restart 0) KSP residual norm 3.849463e-07
 30 (restart 0) KSP residual norm 2.602732e-07
 31 (restart 0) KSP residual norm 1.672196e-07
 32 (restart 0) KSP residual norm 1.122203e-07
GMRES solver converged in 32 iterations (avg. reduction factor: 5.568e-01)
  Residual norms for GMRES solve
  0 (restart 0) KSP residual norm 8.983390e+00
  1 (restart 0) KSP residual norm 2.279192e+00
  2 (restart 0) KSP residual norm 6.577338e-01
  3 (restart 0) KSP residual norm 3.247509e-01
  4 (restart 0) KSP residual norm 8.140157e-02
  5 (restart 0) KSP residual norm 3.514759e-02
  6 (restart 0) KSP residual norm 1.369091e-02
  7 (restart 0) KSP residual norm 5.887191e-03
  8 (restart 0) KSP residual norm 2.184153e-03
  9 (restart 0) KSP residual norm 1.107585e-03
 10 (restart 0) KSP residual norm 4.145638e-04
 11 (restart 0) KSP residual norm 1.885387e-04
 12 (restart 0) KSP residual norm 9.737745e-05
 13 (restart 0) KSP residual norm 5.766516e-05
 14 (restart 0) KSP residual norm 3.388345e-05
 15 (restart 0) KSP residual norm 1.991581e-05
 16 (restart 0) KSP residual norm 1.151714e-05
 17 (restart 0) KSP residual norm 7.072549e-06
 18 (restart 0) KSP residual norm 4.727084e-06
 19 (restart 0) KSP residual norm 3.245618e-06
 20 (restart 0) KSP residual norm 2.399155e-06
 21 (restart 0) KSP residual norm 1.650686e-06
 22 (restart 0) KSP residual norm 1.139116e-06
 23 (restart 0) KSP residual norm 7.120687e-07
 24 (restart 0) KSP residual norm 4.602049e-07
 25 (restart 0) KSP residual norm 3.476693e-07
 26 (restart 0) KSP residual norm 2.247790e-07
 27 (restart 0) KSP residual norm 1.595116e-07
 28 (restart 0) KSP residual norm 1.151413e-07
 29 (restart 0) KSP residual norm 7.682923e-08
GMRES solver converged in 29 iterations (avg. reduction factor: 5.270e-01)
  Residual norms for GMRES solve
  0 (restart 0) KSP residual norm 4.349912e+00
  1 (restart 0) KSP residual norm 1.456121e+00
  2 (restart 0) KSP residual norm 2.361354e-01
  3 (restart 0) KSP residual norm 1.443839e-01
  4 (restart 0) KSP residual norm 7.520756e-02
  5 (restart 0) KSP residual norm 2.789569e-02
  6 (restart 0) KSP residual norm 8.353217e-03
  7 (restart 0) KSP residual norm 3.176429e-03
  8 (restart 0) KSP residual norm 1.150257e-03
  9 (restart 0) KSP residual norm 5.988117e-04
 10 (restart 0) KSP residual norm 3.209534e-04
 11 (restart 0) KSP residual norm 1.786705e-04
 12 (restart 0) KSP residual norm 1.146103e-04
 13 (restart 0) KSP residual norm 8.768919e-05
 14 (restart 0) KSP residual norm 5.586992e-05
 15 (restart 0) KSP residual norm 3.524174e-05
 16 (restart 0) KSP residual norm 2.700016e-05
 17 (restart 0) KSP residual norm 1.951332e-05
 18 (restart 0) KSP residual norm 1.282072e-05
 19 (restart 0) KSP residual norm 9.548656e-06
 20 (restart 0) KSP residual norm 6.727742e-06
 21 (restart 0) KSP residual norm 4.502089e-06
 22 (restart 0) KSP residual norm 3.311862e-06
 23 (restart 0) KSP residual norm 2.355155e-06
 24 (restart 0) KSP residual norm 1.757136e-06
 25 (restart 0) KSP residual norm 1.237632e-06
 26 (restart 0) KSP residual norm 9.031657e-07
 27 (restart 0) KSP residual norm 6.519402e-07
 28 (restart 0) KSP residual norm 4.670123e-07
 29 (restart 0) KSP residual norm 3.201443e-07
 30 (restart 0) KSP residual norm 2.157214e-07
 31 (restart 0) KSP residual norm 1.426887e-07
 32 (restart 0) KSP residual norm 9.139808e-08
 33 (restart 0) KSP residual norm 6.015482e-08
 34 (restart 0) KSP residual norm 3.971591e-08
GMRES solver converged in 34 iterations (avg. reduction factor: 5.802e-01)
  Residual norms for GMRES solve
  0 (restart 0) KSP residual norm 4.898397e+00
  1 (restart 0) KSP residual norm 1.125038e+00
  2 (restart 0) KSP residual norm 5.237951e-01
  3 (restart 0) KSP residual norm 2.180442e-01
  4 (restart 0) KSP residual norm 7.695493e-02
  5 (restart 0) KSP residual norm 2.432971e-02
  6 (restart 0) KSP residual norm 1.282439e-02
  7 (restart 0) KSP residual norm 3.807485e-03
  8 (restart 0) KSP residual norm 2.379451e-03
  9 (restart 0) KSP residual norm 8.168905e-04
 10 (restart 0) KSP residual norm 4.412097e-04
 11 (restart 0) KSP residual norm 1.618761e-04
 12 (restart 0) KSP residual norm 8.297779e-05
 13 (restart 0) KSP residual norm 4.597808e-05
 14 (restart 0) KSP residual norm 3.206406e-05
 15 (restart 0) KSP residual norm 1.759541e-05
 16 (restart 0) KSP residual norm 1.243305e-05
 17 (restart 0) KSP residual norm 8.589649e-06
 18 (restart 0) KSP residual norm 5.712789e-06
 19 (restart 0) KSP residual norm 4.240428e-06
 20 (restart 0) KSP residual norm 2.993414e-06
 21 (restart 0) KSP residual norm 1.899820e-06
 22 (restart 0) KSP residual norm 1.309478e-06
 23 (restart 0) KSP residual norm 8.282061e-07
 24 (restart 0) KSP residual norm 5.698992e-07
 25 (restart 0) KSP residual norm 4.162142e-07
 26 (restart 0) KSP residual norm 2.937896e-07
 27 (restart 0) KSP residual norm 2.043469e-07
 28 (restart 0) KSP residual norm 1.527422e-07
 29 (restart 0) KSP residual norm 1.112443e-07
 30 (restart 0) KSP residual norm 8.444195e-08
 31 (restart 0) KSP residual norm 6.360755e-08
 32 (restart 0) KSP residual norm 4.035650e-08
GMRES solver converged in 32 iterations (avg. reduction factor: 5.589e-01)
  2 EPS nconv=6 first unconverged value (error) -6.12828e-06+0.384975i (2.19909468e-03)

 Linear eigensolve converged (6 eigenpairs) due to CONVERGED_TOL; iterations 2
 Total number of linear systems solved: 30
 Total number of linear solver iterations: 954
 Found 6 converged eigenvalues (first = -4.308e-04+8.438e+00i)

 Refining eigenvalues with Quasi-Newton solver
  Residual norms for GMRES solve
  0 (restart 0) KSP residual norm 1.892551e+01
  1 (restart 0) KSP residual norm 1.284051e+01
  2 (restart 0) KSP residual norm 1.741933e+00
  3 (restart 0) KSP residual norm 1.586628e+00
  4 (restart 0) KSP residual norm 1.490786e+00
  5 (restart 0) KSP residual norm 7.382029e-01
  6 (restart 0) KSP residual norm 4.703284e-01
  7 (restart 0) KSP residual norm 2.749708e-01
  8 (restart 0) KSP residual norm 2.033458e-01
  9 (restart 0) KSP residual norm 1.633605e-01
 10 (restart 0) KSP residual norm 1.574205e-01
 11 (restart 0) KSP residual norm 1.538851e-01
 12 (restart 0) KSP residual norm 1.531816e-01
 13 (restart 0) KSP residual norm 1.314057e-01
 14 (restart 0) KSP residual norm 1.278824e-01
 15 (restart 0) KSP residual norm 1.247466e-01
 16 (restart 0) KSP residual norm 1.246754e-01
 17 (restart 0) KSP residual norm 1.245761e-01
 18 (restart 0) KSP residual norm 1.236778e-01
 19 (restart 0) KSP residual norm 1.172111e-01
 20 (restart 0) KSP residual norm 1.138217e-01
 21 (restart 0) KSP residual norm 1.030404e-01
 22 (restart 0) KSP residual norm 9.925415e-02
 23 (restart 0) KSP residual norm 8.811934e-02
 24 (restart 0) KSP residual norm 6.838163e-02
 25 (restart 0) KSP residual norm 5.585221e-02
 26 (restart 0) KSP residual norm 4.216878e-02
 27 (restart 0) KSP residual norm 2.909910e-02
 28 (restart 0) KSP residual norm 2.195149e-02
 29 (restart 0) KSP residual norm 1.459579e-02
 30 (restart 0) KSP residual norm 1.027230e-02
 31 (restart 0) KSP residual norm 7.952599e-03
 32 (restart 0) KSP residual norm 5.397897e-03
 33 (restart 0) KSP residual norm 4.108311e-03
 34 (restart 0) KSP residual norm 2.548184e-03
 35 (restart 0) KSP residual norm 1.784640e-03
GMRES solver converged in 35 iterations (avg. reduction factor: 7.673e-01)
0 NLEPS (nconv=0, restart=0) residual norm 6.017494e-04
  Residual norms for GMRES solve
  0 (restart 0) KSP residual norm 1.595709e-05
  1 (restart 0) KSP residual norm 1.600537e-06
  2 (restart 0) KSP residual norm 1.529869e-06
  3 (restart 0) KSP residual norm 1.267485e-06
  4 (restart 0) KSP residual norm 7.843712e-07
  5 (restart 0) KSP residual norm 3.896349e-07
  6 (restart 0) KSP residual norm 2.260670e-07
  7 (restart 0) KSP residual norm 1.743503e-07
  8 (restart 0) KSP residual norm 1.072877e-07
  9 (restart 0) KSP residual norm 1.030852e-07
 10 (restart 0) KSP residual norm 1.009949e-07
 11 (restart 0) KSP residual norm 9.847937e-08
 12 (restart 0) KSP residual norm 9.462537e-08
 13 (restart 0) KSP residual norm 9.437414e-08
 14 (restart 0) KSP residual norm 9.422046e-08
 15 (restart 0) KSP residual norm 9.345155e-08
 16 (restart 0) KSP residual norm 8.945589e-08
 17 (restart 0) KSP residual norm 8.914971e-08
 18 (restart 0) KSP residual norm 8.908979e-08
 19 (restart 0) KSP residual norm 8.710425e-08
 20 (restart 0) KSP residual norm 8.663064e-08
 21 (restart 0) KSP residual norm 8.651204e-08
 22 (restart 0) KSP residual norm 8.625139e-08
 23 (restart 0) KSP residual norm 8.584354e-08
 24 (restart 0) KSP residual norm 8.583127e-08
 25 (restart 0) KSP residual norm 8.144116e-08
 26 (restart 0) KSP residual norm 7.768354e-08
 27 (restart 0) KSP residual norm 7.525562e-08
 28 (restart 0) KSP residual norm 6.931586e-08
 29 (restart 0) KSP residual norm 5.816302e-08
 30 (restart 0) KSP residual norm 3.877754e-08
 31 (restart 0) KSP residual norm 2.644319e-08
 32 (restart 0) KSP residual norm 1.765556e-08
 33 (restart 0) KSP residual norm 1.198100e-08
 34 (restart 0) KSP residual norm 8.614805e-09
 35 (restart 0) KSP residual norm 5.751356e-09
 36 (restart 0) KSP residual norm 3.671986e-09
 37 (restart 0) KSP residual norm 2.185378e-09
 38 (restart 0) KSP residual norm 1.287391e-09
GMRES solver converged in 38 iterations (avg. reduction factor: 7.803e-01)
1 NLEPS (nconv=0, restart=0) residual norm 9.500851e-06
  Residual norms for GMRES solve
  0 (restart 0) KSP residual norm 6.977991e-08
  1 (restart 0) KSP residual norm 8.092011e-09
  2 (restart 0) KSP residual norm 6.755646e-09
  3 (restart 0) KSP residual norm 3.420982e-09
  4 (restart 0) KSP residual norm 1.609956e-09
  5 (restart 0) KSP residual norm 8.845278e-10
  6 (restart 0) KSP residual norm 6.061911e-10
  7 (restart 0) KSP residual norm 5.878923e-10
  8 (restart 0) KSP residual norm 5.638876e-10
  9 (restart 0) KSP residual norm 5.080967e-10
 10 (restart 0) KSP residual norm 4.123351e-10
 11 (restart 0) KSP residual norm 3.404888e-10
 12 (restart 0) KSP residual norm 3.316032e-10
 13 (restart 0) KSP residual norm 3.205688e-10
 14 (restart 0) KSP residual norm 3.008404e-10
 15 (restart 0) KSP residual norm 2.971348e-10
 16 (restart 0) KSP residual norm 2.895224e-10
 17 (restart 0) KSP residual norm 2.840355e-10
 18 (restart 0) KSP residual norm 2.824833e-10
 19 (restart 0) KSP residual norm 2.812966e-10
 20 (restart 0) KSP residual norm 2.535260e-10
 21 (restart 0) KSP residual norm 2.424475e-10
 22 (restart 0) KSP residual norm 2.414699e-10
 23 (restart 0) KSP residual norm 2.350095e-10
 24 (restart 0) KSP residual norm 2.324451e-10
 25 (restart 0) KSP residual norm 2.264494e-10
 26 (restart 0) KSP residual norm 2.162633e-10
 27 (restart 0) KSP residual norm 2.159674e-10
 28 (restart 0) KSP residual norm 1.951201e-10
 29 (restart 0) KSP residual norm 1.866451e-10
 30 (restart 0) KSP residual norm 1.857748e-10
 31 (restart 0) KSP residual norm 1.840697e-10
 32 (restart 0) KSP residual norm 1.818488e-10
 33 (restart 0) KSP residual norm 1.817868e-10
 34 (restart 0) KSP residual norm 1.817623e-10
 35 (restart 0) KSP residual norm 1.816016e-10
 36 (restart 0) KSP residual norm 1.787432e-10
 37 (restart 0) KSP residual norm 1.508118e-10
 38 (restart 0) KSP residual norm 1.189294e-10
 39 (restart 0) KSP residual norm 8.843367e-11
 40 (restart 0) KSP residual norm 7.265044e-11
 41 (restart 0) KSP residual norm 5.221071e-11
 42 (restart 0) KSP residual norm 3.881485e-11
 43 (restart 0) KSP residual norm 2.833055e-11
 44 (restart 0) KSP residual norm 2.037037e-11
 45 (restart 0) KSP residual norm 1.499264e-11
 46 (restart 0) KSP residual norm 9.512840e-12
 47 (restart 0) KSP residual norm 6.319732e-12
 48 (restart 0) KSP residual norm 4.538536e-12
 49 (restart 0) KSP residual norm 2.521337e-12
 50 (restart 0) KSP residual norm 1.529048e-12
 51 (restart 0) KSP residual norm 8.960002e-13
GMRES solver converged in 51 iterations (avg. reduction factor: 8.018e-01)
2 NLEPS (nconv=0, restart=0) residual norm 7.265647e-09
Eigenvalue 0, Quasi-Newton converged in 2 iterations (-4.306e-04+8.438e+00i).
  Residual norms for GMRES solve
  0 (restart 0) KSP residual norm 8.025608e+00
  1 (restart 0) KSP residual norm 1.126622e+00
  2 (restart 0) KSP residual norm 1.092380e+00
  3 (restart 0) KSP residual norm 3.785101e-01
  4 (restart 0) KSP residual norm 1.548216e-01
  5 (restart 0) KSP residual norm 1.355321e-01
  6 (restart 0) KSP residual norm 1.343849e-01
  7 (restart 0) KSP residual norm 1.272150e-01
  8 (restart 0) KSP residual norm 1.048481e-01
  9 (restart 0) KSP residual norm 8.981536e-02
 10 (restart 0) KSP residual norm 7.029736e-02
 11 (restart 0) KSP residual norm 4.628811e-02
 12 (restart 0) KSP residual norm 3.546057e-02
 13 (restart 0) KSP residual norm 2.839947e-02
 14 (restart 0) KSP residual norm 2.774630e-02
 15 (restart 0) KSP residual norm 2.769520e-02
 16 (restart 0) KSP residual norm 2.732852e-02
 17 (restart 0) KSP residual norm 2.689567e-02
 18 (restart 0) KSP residual norm 2.490248e-02
 19 (restart 0) KSP residual norm 2.243670e-02
 20 (restart 0) KSP residual norm 2.110833e-02
 21 (restart 0) KSP residual norm 1.941019e-02
 22 (restart 0) KSP residual norm 1.604000e-02
 23 (restart 0) KSP residual norm 1.257762e-02
 24 (restart 0) KSP residual norm 9.766207e-03
 25 (restart 0) KSP residual norm 7.167110e-03
 26 (restart 0) KSP residual norm 4.948229e-03
 27 (restart 0) KSP residual norm 3.040217e-03
 28 (restart 0) KSP residual norm 2.242146e-03
 29 (restart 0) KSP residual norm 1.484354e-03
 30 (restart 0) KSP residual norm 9.523096e-04
 31 (restart 0) KSP residual norm 6.025805e-04
GMRES solver converged in 31 iterations (avg. reduction factor: 7.361e-01)
0 NLEPS (nconv=1, restart=0) residual norm 8.045007e-02
  Residual norms for GMRES solve
  0 (restart 0) KSP residual norm 9.122031e-01
  1 (restart 0) KSP residual norm 4.204965e-01
  2 (restart 0) KSP residual norm 4.083560e-01
  3 (restart 0) KSP residual norm 1.936134e-01
  4 (restart 0) KSP residual norm 5.166872e-02
  5 (restart 0) KSP residual norm 4.218504e-02
  6 (restart 0) KSP residual norm 3.723882e-02
  7 (restart 0) KSP residual norm 3.706418e-02
  8 (restart 0) KSP residual norm 3.585956e-02
  9 (restart 0) KSP residual norm 3.379715e-02
 10 (restart 0) KSP residual norm 2.771300e-02
 11 (restart 0) KSP residual norm 2.162492e-02
 12 (restart 0) KSP residual norm 1.742114e-02
 13 (restart 0) KSP residual norm 1.553483e-02
 14 (restart 0) KSP residual norm 1.173168e-02
 15 (restart 0) KSP residual norm 9.250966e-03
 16 (restart 0) KSP residual norm 8.652394e-03
 17 (restart 0) KSP residual norm 8.518973e-03
 18 (restart 0) KSP residual norm 8.301159e-03
 19 (restart 0) KSP residual norm 8.265582e-03
 20 (restart 0) KSP residual norm 8.140047e-03
 21 (restart 0) KSP residual norm 7.710833e-03
 22 (restart 0) KSP residual norm 7.101145e-03
 23 (restart 0) KSP residual norm 5.355759e-03
 24 (restart 0) KSP residual norm 4.244563e-03
 25 (restart 0) KSP residual norm 3.296243e-03
 26 (restart 0) KSP residual norm 2.294544e-03
 27 (restart 0) KSP residual norm 1.463056e-03
 28 (restart 0) KSP residual norm 1.066459e-03
 29 (restart 0) KSP residual norm 7.308629e-04
 30 (restart 0) KSP residual norm 5.340317e-04
 31 (restart 0) KSP residual norm 3.804181e-04
 32 (restart 0) KSP residual norm 2.621913e-04
 33 (restart 0) KSP residual norm 1.906505e-04
 34 (restart 0) KSP residual norm 1.372252e-04
 35 (restart 0) KSP residual norm 9.942144e-05
 36 (restart 0) KSP residual norm 7.117021e-05
GMRES solver converged in 36 iterations (avg. reduction factor: 7.689e-01)
1 NLEPS (nconv=1, restart=0) residual norm 1.684523e-03
  Residual norms for GMRES solve
  0 (restart 0) KSP residual norm 4.494051e-08
  1 (restart 0) KSP residual norm 2.235878e-08
  2 (restart 0) KSP residual norm 2.223676e-08
  3 (restart 0) KSP residual norm 1.082121e-08
  4 (restart 0) KSP residual norm 5.611730e-09
  5 (restart 0) KSP residual norm 5.179695e-09
  6 (restart 0) KSP residual norm 4.338611e-09
  7 (restart 0) KSP residual norm 3.027176e-09
  8 (restart 0) KSP residual norm 1.974351e-09
  9 (restart 0) KSP residual norm 1.346535e-09
 10 (restart 0) KSP residual norm 1.032303e-09
 11 (restart 0) KSP residual norm 9.117633e-10
 12 (restart 0) KSP residual norm 8.114611e-10
 13 (restart 0) KSP residual norm 7.290135e-10
 14 (restart 0) KSP residual norm 6.622021e-10
 15 (restart 0) KSP residual norm 5.754800e-10
 16 (restart 0) KSP residual norm 5.006716e-10
 17 (restart 0) KSP residual norm 4.444402e-10
 18 (restart 0) KSP residual norm 4.350457e-10
 19 (restart 0) KSP residual norm 4.290139e-10
 20 (restart 0) KSP residual norm 4.247119e-10
 21 (restart 0) KSP residual norm 4.144075e-10
 22 (restart 0) KSP residual norm 3.995736e-10
 23 (restart 0) KSP residual norm 3.860069e-10
 24 (restart 0) KSP residual norm 3.787136e-10
 25 (restart 0) KSP residual norm 3.769606e-10
 26 (restart 0) KSP residual norm 3.670159e-10
 27 (restart 0) KSP residual norm 3.631062e-10
 28 (restart 0) KSP residual norm 3.605258e-10
 29 (restart 0) KSP residual norm 3.519388e-10
 30 (restart 0) KSP residual norm 3.335494e-10
 31 (restart 0) KSP residual norm 2.673256e-10
 32 (restart 0) KSP residual norm 2.296421e-10
 33 (restart 0) KSP residual norm 2.170702e-10
 34 (restart 0) KSP residual norm 2.107632e-10
 35 (restart 0) KSP residual norm 2.097631e-10
 36 (restart 0) KSP residual norm 2.092847e-10
 37 (restart 0) KSP residual norm 2.092411e-10
 38 (restart 0) KSP residual norm 2.080122e-10
 39 (restart 0) KSP residual norm 1.969442e-10
 40 (restart 0) KSP residual norm 1.670479e-10
 41 (restart 0) KSP residual norm 1.354409e-10
 42 (restart 0) KSP residual norm 1.014841e-10
 43 (restart 0) KSP residual norm 7.507419e-11
 44 (restart 0) KSP residual norm 5.275028e-11
 45 (restart 0) KSP residual norm 3.475654e-11
 46 (restart 0) KSP residual norm 2.334662e-11
 47 (restart 0) KSP residual norm 1.436054e-11
 48 (restart 0) KSP residual norm 8.689445e-12
 49 (restart 0) KSP residual norm 5.252991e-12
 50 (restart 0) KSP residual norm 3.171245e-12
GMRES solver converged in 50 iterations (avg. reduction factor: 8.260e-01)
2 NLEPS (nconv=1, restart=0) residual norm 8.890427e-07
  Residual norms for GMRES solve
  0 (restart 0) KSP residual norm 3.826772e-09
  1 (restart 0) KSP residual norm 2.639096e-09
  2 (restart 0) KSP residual norm 2.358186e-09
  3 (restart 0) KSP residual norm 9.706815e-10
  4 (restart 0) KSP residual norm 6.575856e-10
  5 (restart 0) KSP residual norm 6.559015e-10
  6 (restart 0) KSP residual norm 6.200315e-10
  7 (restart 0) KSP residual norm 5.660104e-10
  8 (restart 0) KSP residual norm 4.397537e-10
  9 (restart 0) KSP residual norm 3.528307e-10
 10 (restart 0) KSP residual norm 2.928392e-10
 11 (restart 0) KSP residual norm 2.474481e-10
 12 (restart 0) KSP residual norm 2.318961e-10
 13 (restart 0) KSP residual norm 2.294010e-10
 14 (restart 0) KSP residual norm 2.262124e-10
 15 (restart 0) KSP residual norm 2.239685e-10
 16 (restart 0) KSP residual norm 2.185420e-10
 17 (restart 0) KSP residual norm 2.106040e-10
 18 (restart 0) KSP residual norm 2.039270e-10
 19 (restart 0) KSP residual norm 1.904861e-10
 20 (restart 0) KSP residual norm 1.848540e-10
 21 (restart 0) KSP residual norm 1.776694e-10
 22 (restart 0) KSP residual norm 1.536126e-10
 23 (restart 0) KSP residual norm 1.331814e-10
 24 (restart 0) KSP residual norm 1.217756e-10
 25 (restart 0) KSP residual norm 1.020846e-10
 26 (restart 0) KSP residual norm 7.705816e-11
 27 (restart 0) KSP residual norm 5.191883e-11
 28 (restart 0) KSP residual norm 3.129200e-11
 29 (restart 0) KSP residual norm 2.227419e-11
 30 (restart 0) KSP residual norm 1.643591e-11
 31 (restart 0) KSP residual norm 1.185446e-11
 32 (restart 0) KSP residual norm 8.250402e-12
 33 (restart 0) KSP residual norm 5.540720e-12
 34 (restart 0) KSP residual norm 4.228343e-12
 35 (restart 0) KSP residual norm 3.078316e-12
 36 (restart 0) KSP residual norm 2.209088e-12
 37 (restart 0) KSP residual norm 1.548117e-12
 38 (restart 0) KSP residual norm 1.100046e-12
 39 (restart 0) KSP residual norm 7.599199e-13
GMRES solver converged in 39 iterations (avg. reduction factor: 8.037e-01)
3 NLEPS (nconv=1, restart=0) residual norm 4.484494e-09
Eigenvalue 1, Quasi-Newton converged in 3 iterations (-1.649e-04+8.973e+00i).
  Residual norms for GMRES solve
  0 (restart 0) KSP residual norm 8.065749e+00
  1 (restart 0) KSP residual norm 2.035059e+00
  2 (restart 0) KSP residual norm 3.230704e-01
  3 (restart 0) KSP residual norm 2.196802e-01
  4 (restart 0) KSP residual norm 1.998027e-01
  5 (restart 0) KSP residual norm 1.429305e-01
  6 (restart 0) KSP residual norm 1.369683e-01
  7 (restart 0) KSP residual norm 8.697842e-02
  8 (restart 0) KSP residual norm 5.223618e-02
  9 (restart 0) KSP residual norm 2.928901e-02
 10 (restart 0) KSP residual norm 2.833676e-02
 11 (restart 0) KSP residual norm 2.709157e-02
 12 (restart 0) KSP residual norm 2.665572e-02
 13 (restart 0) KSP residual norm 2.615289e-02
 14 (restart 0) KSP residual norm 2.566954e-02
 15 (restart 0) KSP residual norm 2.539495e-02
 16 (restart 0) KSP residual norm 2.529824e-02
 17 (restart 0) KSP residual norm 2.481357e-02
 18 (restart 0) KSP residual norm 2.357825e-02
 19 (restart 0) KSP residual norm 2.078633e-02
 20 (restart 0) KSP residual norm 1.499723e-02
 21 (restart 0) KSP residual norm 1.165890e-02
 22 (restart 0) KSP residual norm 8.813668e-03
 23 (restart 0) KSP residual norm 7.207095e-03
 24 (restart 0) KSP residual norm 5.352556e-03
 25 (restart 0) KSP residual norm 3.405868e-03
 26 (restart 0) KSP residual norm 2.420878e-03
 27 (restart 0) KSP residual norm 1.601175e-03
 28 (restart 0) KSP residual norm 1.115205e-03
 29 (restart 0) KSP residual norm 8.128944e-04
 30 (restart 0) KSP residual norm 6.143561e-04
GMRES solver converged in 30 iterations (avg. reduction factor: 7.290e-01)
0 NLEPS (nconv=2, restart=0) residual norm 1.233824e-01
  Residual norms for GMRES solve
  0 (restart 0) KSP residual norm 2.440832e+00
  1 (restart 0) KSP residual norm 2.440776e+00
  2 (restart 0) KSP residual norm 1.952676e+00
  3 (restart 0) KSP residual norm 7.313205e-01
  4 (restart 0) KSP residual norm 4.219455e-01
  5 (restart 0) KSP residual norm 1.576718e-01
  6 (restart 0) KSP residual norm 9.982163e-02
  7 (restart 0) KSP residual norm 6.538140e-02
  8 (restart 0) KSP residual norm 4.254232e-02
  9 (restart 0) KSP residual norm 3.488271e-02
 10 (restart 0) KSP residual norm 3.293726e-02
 11 (restart 0) KSP residual norm 3.289405e-02
 12 (restart 0) KSP residual norm 2.514457e-02
 13 (restart 0) KSP residual norm 2.310458e-02
 14 (restart 0) KSP residual norm 2.225925e-02
 15 (restart 0) KSP residual norm 2.208917e-02
 16 (restart 0) KSP residual norm 2.204369e-02
 17 (restart 0) KSP residual norm 2.139698e-02
 18 (restart 0) KSP residual norm 2.132674e-02
 19 (restart 0) KSP residual norm 2.016995e-02
 20 (restart 0) KSP residual norm 1.799857e-02
 21 (restart 0) KSP residual norm 1.551463e-02
 22 (restart 0) KSP residual norm 1.321293e-02
 23 (restart 0) KSP residual norm 1.133539e-02
 24 (restart 0) KSP residual norm 9.662720e-03
 25 (restart 0) KSP residual norm 7.447844e-03
 26 (restart 0) KSP residual norm 5.384340e-03
 27 (restart 0) KSP residual norm 3.839009e-03
 28 (restart 0) KSP residual norm 2.782888e-03
 29 (restart 0) KSP residual norm 2.042902e-03
 30 (restart 0) KSP residual norm 1.385903e-03
 31 (restart 0) KSP residual norm 9.211374e-04
 32 (restart 0) KSP residual norm 5.605328e-04
 33 (restart 0) KSP residual norm 3.308986e-04
 34 (restart 0) KSP residual norm 2.270842e-04
GMRES solver converged in 34 iterations (avg. reduction factor: 7.611e-01)
1 NLEPS (nconv=2, restart=0) residual norm 9.636362e-03
  Residual norms for GMRES solve
  0 (restart 0) KSP residual norm 1.867810e-07
  1 (restart 0) KSP residual norm 1.850667e-07
  2 (restart 0) KSP residual norm 1.315634e-07
  3 (restart 0) KSP residual norm 6.681722e-08
  4 (restart 0) KSP residual norm 4.110868e-08
  5 (restart 0) KSP residual norm 1.828252e-08
  6 (restart 0) KSP residual norm 1.280906e-08
  7 (restart 0) KSP residual norm 9.114059e-09
  8 (restart 0) KSP residual norm 7.814241e-09
  9 (restart 0) KSP residual norm 7.670472e-09
 10 (restart 0) KSP residual norm 6.203566e-09
 11 (restart 0) KSP residual norm 5.631661e-09
 12 (restart 0) KSP residual norm 5.539846e-09
 13 (restart 0) KSP residual norm 4.713591e-09
 14 (restart 0) KSP residual norm 4.229158e-09
 15 (restart 0) KSP residual norm 4.225645e-09
 16 (restart 0) KSP residual norm 3.876679e-09
 17 (restart 0) KSP residual norm 3.741364e-09
 18 (restart 0) KSP residual norm 3.672750e-09
 19 (restart 0) KSP residual norm 3.598260e-09
 20 (restart 0) KSP residual norm 3.443490e-09
 21 (restart 0) KSP residual norm 3.404615e-09
 22 (restart 0) KSP residual norm 3.372520e-09
 23 (restart 0) KSP residual norm 3.256859e-09
 24 (restart 0) KSP residual norm 3.181310e-09
 25 (restart 0) KSP residual norm 3.177569e-09
 26 (restart 0) KSP residual norm 3.043157e-09
 27 (restart 0) KSP residual norm 3.013974e-09
 28 (restart 0) KSP residual norm 2.962513e-09
 29 (restart 0) KSP residual norm 2.911288e-09
 30 (restart 0) KSP residual norm 2.909848e-09
 31 (restart 0) KSP residual norm 2.892574e-09
 32 (restart 0) KSP residual norm 2.802601e-09
 33 (restart 0) KSP residual norm 2.264458e-09
 34 (restart 0) KSP residual norm 1.486826e-09
 35 (restart 0) KSP residual norm 1.041985e-09
 36 (restart 0) KSP residual norm 7.929485e-10
 37 (restart 0) KSP residual norm 5.410760e-10
 38 (restart 0) KSP residual norm 3.801149e-10
 39 (restart 0) KSP residual norm 2.690902e-10
 40 (restart 0) KSP residual norm 1.983319e-10
 41 (restart 0) KSP residual norm 1.361670e-10
 42 (restart 0) KSP residual norm 8.614869e-11
 43 (restart 0) KSP residual norm 5.547304e-11
 44 (restart 0) KSP residual norm 3.598031e-11
 45 (restart 0) KSP residual norm 2.374528e-11
 46 (restart 0) KSP residual norm 1.503345e-11
GMRES solver converged in 46 iterations (avg. reduction factor: 8.147e-01)
2 NLEPS (nconv=2, restart=0) residual norm 2.611063e-05
  Residual norms for GMRES solve
  0 (restart 0) KSP residual norm 1.677225e-07
  1 (restart 0) KSP residual norm 1.667948e-07
  2 (restart 0) KSP residual norm 1.468632e-07
  3 (restart 0) KSP residual norm 5.950946e-08
  4 (restart 0) KSP residual norm 2.934956e-08
  5 (restart 0) KSP residual norm 1.434052e-08
  6 (restart 0) KSP residual norm 1.155901e-08
  7 (restart 0) KSP residual norm 7.836294e-09
  8 (restart 0) KSP residual norm 4.303718e-09
  9 (restart 0) KSP residual norm 3.655257e-09
 10 (restart 0) KSP residual norm 3.592505e-09
 11 (restart 0) KSP residual norm 3.530650e-09
 12 (restart 0) KSP residual norm 2.854485e-09
 13 (restart 0) KSP residual norm 2.786061e-09
 14 (restart 0) KSP residual norm 2.780236e-09
 15 (restart 0) KSP residual norm 2.776398e-09
 16 (restart 0) KSP residual norm 2.770436e-09
 17 (restart 0) KSP residual norm 2.762345e-09
 18 (restart 0) KSP residual norm 2.741030e-09
 19 (restart 0) KSP residual norm 2.659293e-09
 20 (restart 0) KSP residual norm 2.508645e-09
 21 (restart 0) KSP residual norm 2.345931e-09
 22 (restart 0) KSP residual norm 2.083743e-09
 23 (restart 0) KSP residual norm 1.856018e-09
 24 (restart 0) KSP residual norm 1.535744e-09
 25 (restart 0) KSP residual norm 9.460204e-10
 26 (restart 0) KSP residual norm 6.412537e-10
 27 (restart 0) KSP residual norm 4.319789e-10
 28 (restart 0) KSP residual norm 2.934159e-10
 29 (restart 0) KSP residual norm 1.912618e-10
 30 (restart 0) KSP residual norm 1.184721e-10
 31 (restart 0) KSP residual norm 7.828327e-11
 32 (restart 0) KSP residual norm 5.047589e-11
 33 (restart 0) KSP residual norm 3.719026e-11
 34 (restart 0) KSP residual norm 2.911960e-11
 35 (restart 0) KSP residual norm 2.140082e-11
 36 (restart 0) KSP residual norm 1.522988e-11
 37 (restart 0) KSP residual norm 1.078260e-11
 38 (restart 0) KSP residual norm 7.690133e-12
 39 (restart 0) KSP residual norm 5.686967e-12
 40 (restart 0) KSP residual norm 4.063991e-12
GMRES solver converged in 40 iterations (avg. reduction factor: 7.667e-01)
3 NLEPS (nconv=2, restart=0) residual norm 1.827988e-08
  Residual norms for GMRES solve
  0 (restart 0) KSP residual norm 5.134164e-12
  1 (restart 0) KSP residual norm 4.754623e-12
  2 (restart 0) KSP residual norm 4.325781e-12
  3 (restart 0) KSP residual norm 3.488513e-12
  4 (restart 0) KSP residual norm 2.551540e-12
  5 (restart 0) KSP residual norm 2.112816e-12
  6 (restart 0) KSP residual norm 1.959253e-12
  7 (restart 0) KSP residual norm 1.548187e-12
  8 (restart 0) KSP residual norm 1.535383e-12
  9 (restart 0) KSP residual norm 1.528985e-12
 10 (restart 0) KSP residual norm 1.494572e-12
 11 (restart 0) KSP residual norm 1.377591e-12
 12 (restart 0) KSP residual norm 9.580769e-13
GMRES solver converged in 12 iterations (avg. reduction factor: 8.694e-01)
4 NLEPS (nconv=2, restart=0) residual norm 6.944805e-09
Eigenvalue 2, Quasi-Newton converged in 4 iterations (-1.934e-04+9.045e+00i).
  Residual norms for GMRES solve
  0 (restart 0) KSP residual norm 8.074413e+00
  1 (restart 0) KSP residual norm 5.220032e+00
  2 (restart 0) KSP residual norm 7.456509e-01
  3 (restart 0) KSP residual norm 2.551234e-01
  4 (restart 0) KSP residual norm 2.550225e-01
  5 (restart 0) KSP residual norm 2.504373e-01
  6 (restart 0) KSP residual norm 2.459659e-01
  7 (restart 0) KSP residual norm 2.435353e-01
  8 (restart 0) KSP residual norm 2.427497e-01
  9 (restart 0) KSP residual norm 1.835855e-01
 10 (restart 0) KSP residual norm 1.588913e-01
 11 (restart 0) KSP residual norm 1.559055e-01
 12 (restart 0) KSP residual norm 1.488273e-01
 13 (restart 0) KSP residual norm 1.460617e-01
 14 (restart 0) KSP residual norm 1.368793e-01
 15 (restart 0) KSP residual norm 1.220587e-01
 16 (restart 0) KSP residual norm 1.199710e-01
 17 (restart 0) KSP residual norm 1.173027e-01
 18 (restart 0) KSP residual norm 9.484574e-02
 19 (restart 0) KSP residual norm 7.779001e-02
 20 (restart 0) KSP residual norm 5.543740e-02
 21 (restart 0) KSP residual norm 3.828097e-02
 22 (restart 0) KSP residual norm 3.121507e-02
 23 (restart 0) KSP residual norm 1.773048e-02
 24 (restart 0) KSP residual norm 1.485247e-02
 25 (restart 0) KSP residual norm 9.942265e-03
 26 (restart 0) KSP residual norm 5.627086e-03
 27 (restart 0) KSP residual norm 4.272915e-03
 28 (restart 0) KSP residual norm 3.082115e-03
 29 (restart 0) KSP residual norm 2.181996e-03
 30 (restart 0) KSP residual norm 1.631633e-03
 31 (restart 0) KSP residual norm 1.030327e-03
 32 (restart 0) KSP residual norm 7.187462e-04
GMRES solver converged in 32 iterations (avg. reduction factor: 7.472e-01)
0 NLEPS (nconv=3, restart=0) residual norm 1.888588e-01
  Residual norms for GMRES solve
  0 (restart 0) KSP residual norm 6.822273e+00
  1 (restart 0) KSP residual norm 3.270365e+00
  2 (restart 0) KSP residual norm 2.643760e+00
  3 (restart 0) KSP residual norm 9.772725e-01
  4 (restart 0) KSP residual norm 7.724350e-01
  5 (restart 0) KSP residual norm 6.126148e-01
  6 (restart 0) KSP residual norm 5.545666e-01
  7 (restart 0) KSP residual norm 5.524432e-01
  8 (restart 0) KSP residual norm 4.669730e-01
  9 (restart 0) KSP residual norm 3.028400e-01
 10 (restart 0) KSP residual norm 2.800719e-01
 11 (restart 0) KSP residual norm 2.630516e-01
 12 (restart 0) KSP residual norm 2.550391e-01
 13 (restart 0) KSP residual norm 2.319651e-01
 14 (restart 0) KSP residual norm 1.949805e-01
 15 (restart 0) KSP residual norm 1.910847e-01
 16 (restart 0) KSP residual norm 1.909251e-01
 17 (restart 0) KSP residual norm 1.844067e-01
 18 (restart 0) KSP residual norm 1.525772e-01
 19 (restart 0) KSP residual norm 1.258375e-01
 20 (restart 0) KSP residual norm 1.007301e-01
 21 (restart 0) KSP residual norm 6.920013e-02
 22 (restart 0) KSP residual norm 4.785092e-02
 23 (restart 0) KSP residual norm 3.556244e-02
 24 (restart 0) KSP residual norm 2.417410e-02
 25 (restart 0) KSP residual norm 1.479865e-02
 26 (restart 0) KSP residual norm 9.890540e-03
 27 (restart 0) KSP residual norm 6.710238e-03
 28 (restart 0) KSP residual norm 4.769548e-03
 29 (restart 0) KSP residual norm 3.511587e-03
 30 (restart 0) KSP residual norm 2.371203e-03
 31 (restart 0) KSP residual norm 1.668107e-03
 32 (restart 0) KSP residual norm 1.141129e-03
 33 (restart 0) KSP residual norm 8.045122e-04
 34 (restart 0) KSP residual norm 6.228081e-04
GMRES solver converged in 34 iterations (avg. reduction factor: 7.607e-01)
1 NLEPS (nconv=3, restart=0) residual norm 1.342538e-01
  Residual norms for GMRES solve
  0 (restart 0) KSP residual norm 8.324917e-04
  1 (restart 0) KSP residual norm 6.931466e-04
  2 (restart 0) KSP residual norm 1.381541e-04
  3 (restart 0) KSP residual norm 3.948515e-05
  4 (restart 0) KSP residual norm 2.817681e-05
  5 (restart 0) KSP residual norm 2.715221e-05
  6 (restart 0) KSP residual norm 2.667445e-05
  7 (restart 0) KSP residual norm 2.635633e-05
  8 (restart 0) KSP residual norm 2.505117e-05
  9 (restart 0) KSP residual norm 2.504241e-05
 10 (restart 0) KSP residual norm 2.457583e-05
 11 (restart 0) KSP residual norm 2.123847e-05
 12 (restart 0) KSP residual norm 1.997467e-05
 13 (restart 0) KSP residual norm 1.882192e-05
 14 (restart 0) KSP residual norm 1.857204e-05
 15 (restart 0) KSP residual norm 1.831629e-05
 16 (restart 0) KSP residual norm 1.764250e-05
 17 (restart 0) KSP residual norm 1.718836e-05
 18 (restart 0) KSP residual norm 1.595522e-05
 19 (restart 0) KSP residual norm 1.385592e-05
 20 (restart 0) KSP residual norm 1.152682e-05
 21 (restart 0) KSP residual norm 8.322806e-06
 22 (restart 0) KSP residual norm 6.585769e-06
 23 (restart 0) KSP residual norm 4.162675e-06
 24 (restart 0) KSP residual norm 3.088665e-06
 25 (restart 0) KSP residual norm 2.210707e-06
 26 (restart 0) KSP residual norm 1.315564e-06
 27 (restart 0) KSP residual norm 9.018682e-07
 28 (restart 0) KSP residual norm 6.499884e-07
 29 (restart 0) KSP residual norm 4.495805e-07
 30 (restart 0) KSP residual norm 3.338895e-07
 31 (restart 0) KSP residual norm 2.304846e-07
 32 (restart 0) KSP residual norm 1.518111e-07
 33 (restart 0) KSP residual norm 1.151478e-07
 34 (restart 0) KSP residual norm 8.150561e-08
GMRES solver converged in 34 iterations (avg. reduction factor: 7.622e-01)
2 NLEPS (nconv=3, restart=0) residual norm 5.653220e-03
  Residual norms for GMRES solve
  0 (restart 0) KSP residual norm 2.469341e-05
  1 (restart 0) KSP residual norm 2.055837e-05
  2 (restart 0) KSP residual norm 4.097424e-06
  3 (restart 0) KSP residual norm 1.171173e-06
  4 (restart 0) KSP residual norm 8.360728e-07
  5 (restart 0) KSP residual norm 8.058580e-07
  6 (restart 0) KSP residual norm 7.917133e-07
  7 (restart 0) KSP residual norm 7.821212e-07
  8 (restart 0) KSP residual norm 7.435888e-07
  9 (restart 0) KSP residual norm 7.433882e-07
 10 (restart 0) KSP residual norm 7.287911e-07
 11 (restart 0) KSP residual norm 6.289674e-07
 12 (restart 0) KSP residual norm 5.915739e-07
 13 (restart 0) KSP residual norm 5.582747e-07
 14 (restart 0) KSP residual norm 5.513219e-07
 15 (restart 0) KSP residual norm 5.447387e-07
 16 (restart 0) KSP residual norm 5.263536e-07
 17 (restart 0) KSP residual norm 5.151527e-07
 18 (restart 0) KSP residual norm 4.881818e-07
 19 (restart 0) KSP residual norm 4.472697e-07
 20 (restart 0) KSP residual norm 4.070245e-07
 21 (restart 0) KSP residual norm 3.520678e-07
 22 (restart 0) KSP residual norm 3.165675e-07
 23 (restart 0) KSP residual norm 2.432616e-07
 24 (restart 0) KSP residual norm 2.012792e-07
 25 (restart 0) KSP residual norm 1.511849e-07
 26 (restart 0) KSP residual norm 1.036095e-07
 27 (restart 0) KSP residual norm 7.728966e-08
 28 (restart 0) KSP residual norm 5.131500e-08
 29 (restart 0) KSP residual norm 3.140705e-08
 30 (restart 0) KSP residual norm 1.990268e-08
 31 (restart 0) KSP residual norm 1.148023e-08
 32 (restart 0) KSP residual norm 6.836675e-09
 33 (restart 0) KSP residual norm 4.857641e-09
 34 (restart 0) KSP residual norm 3.260247e-09
 35 (restart 0) KSP residual norm 2.346493e-09
GMRES solver converged in 35 iterations (avg. reduction factor: 7.675e-01)
3 NLEPS (nconv=3, restart=0) residual norm 6.652678e-05
  Residual norms for GMRES solve
  0 (restart 0) KSP residual norm 1.866165e-05
  1 (restart 0) KSP residual norm 1.555167e-05
  2 (restart 0) KSP residual norm 3.102075e-06
  3 (restart 0) KSP residual norm 8.865166e-07
  4 (restart 0) KSP residual norm 6.308346e-07
  5 (restart 0) KSP residual norm 6.078770e-07
  6 (restart 0) KSP residual norm 5.974412e-07
  7 (restart 0) KSP residual norm 5.907773e-07
  8 (restart 0) KSP residual norm 5.626653e-07
  9 (restart 0) KSP residual norm 5.625549e-07
 10 (restart 0) KSP residual norm 5.549885e-07
 11 (restart 0) KSP residual norm 4.997873e-07
 12 (restart 0) KSP residual norm 4.830398e-07
 13 (restart 0) KSP residual norm 4.808693e-07
 14 (restart 0) KSP residual norm 4.725732e-07
 15 (restart 0) KSP residual norm 4.556261e-07
 16 (restart 0) KSP residual norm 4.551436e-07
 17 (restart 0) KSP residual norm 4.540879e-07
 18 (restart 0) KSP residual norm 4.520290e-07
 19 (restart 0) KSP residual norm 4.453405e-07
 20 (restart 0) KSP residual norm 4.360430e-07
 21 (restart 0) KSP residual norm 4.126639e-07
 22 (restart 0) KSP residual norm 3.880843e-07
 23 (restart 0) KSP residual norm 3.212383e-07
 24 (restart 0) KSP residual norm 2.785458e-07
 25 (restart 0) KSP residual norm 2.226971e-07
 26 (restart 0) KSP residual norm 1.811553e-07
 27 (restart 0) KSP residual norm 1.319436e-07
 28 (restart 0) KSP residual norm 8.126092e-08
 29 (restart 0) KSP residual norm 6.126806e-08
 30 (restart 0) KSP residual norm 4.801540e-08
 31 (restart 0) KSP residual norm 3.446493e-08
 32 (restart 0) KSP residual norm 2.472747e-08
 33 (restart 0) KSP residual norm 1.662180e-08
 34 (restart 0) KSP residual norm 1.209183e-08
 35 (restart 0) KSP residual norm 9.054664e-09
 36 (restart 0) KSP residual norm 5.761291e-09
 37 (restart 0) KSP residual norm 3.723915e-09
 38 (restart 0) KSP residual norm 2.288944e-09
 39 (restart 0) KSP residual norm 1.323480e-09
 40 (restart 0) KSP residual norm 7.529542e-10
GMRES solver converged in 40 iterations (avg. reduction factor: 7.765e-01)
4 NLEPS (nconv=3, restart=0) residual norm 2.745735e-06
  Residual norms for GMRES solve
  0 (restart 0) KSP residual norm 5.840677e-09
  1 (restart 0) KSP residual norm 3.123874e-09
  2 (restart 0) KSP residual norm 2.429409e-09
  3 (restart 0) KSP residual norm 2.031738e-09
  4 (restart 0) KSP residual norm 1.524815e-09
  5 (restart 0) KSP residual norm 1.262112e-09
  6 (restart 0) KSP residual norm 9.008243e-10
  7 (restart 0) KSP residual norm 6.111774e-10
  8 (restart 0) KSP residual norm 5.227115e-10
  9 (restart 0) KSP residual norm 3.685227e-10
 10 (restart 0) KSP residual norm 3.347617e-10
 11 (restart 0) KSP residual norm 2.648371e-10
 12 (restart 0) KSP residual norm 2.042644e-10
 13 (restart 0) KSP residual norm 1.736145e-10
 14 (restart 0) KSP residual norm 1.656786e-10
 15 (restart 0) KSP residual norm 1.535378e-10
 16 (restart 0) KSP residual norm 1.515402e-10
 17 (restart 0) KSP residual norm 1.452165e-10
 18 (restart 0) KSP residual norm 1.363739e-10
 19 (restart 0) KSP residual norm 1.361049e-10
 20 (restart 0) KSP residual norm 1.347405e-10
 21 (restart 0) KSP residual norm 1.328367e-10
 22 (restart 0) KSP residual norm 1.273763e-10
 23 (restart 0) KSP residual norm 1.251448e-10
 24 (restart 0) KSP residual norm 1.218147e-10
 25 (restart 0) KSP residual norm 1.212161e-10
 26 (restart 0) KSP residual norm 1.208120e-10
 27 (restart 0) KSP residual norm 1.200977e-10
 28 (restart 0) KSP residual norm 1.135596e-10
 29 (restart 0) KSP residual norm 1.090126e-10
 30 (restart 0) KSP residual norm 1.090049e-10
 31 (restart 0) KSP residual norm 9.738864e-11
 32 (restart 0) KSP residual norm 9.644705e-11
 33 (restart 0) KSP residual norm 9.244168e-11
 34 (restart 0) KSP residual norm 9.065484e-11
 35 (restart 0) KSP residual norm 8.461349e-11
 36 (restart 0) KSP residual norm 7.848602e-11
 37 (restart 0) KSP residual norm 6.420273e-11
 38 (restart 0) KSP residual norm 4.903607e-11
 39 (restart 0) KSP residual norm 3.423143e-11
 40 (restart 0) KSP residual norm 2.243324e-11
 41 (restart 0) KSP residual norm 1.613561e-11
 42 (restart 0) KSP residual norm 1.042201e-11
 43 (restart 0) KSP residual norm 7.186851e-12
 44 (restart 0) KSP residual norm 5.369982e-12
 45 (restart 0) KSP residual norm 3.468415e-12
 46 (restart 0) KSP residual norm 2.184741e-12
 47 (restart 0) KSP residual norm 1.393113e-12
 48 (restart 0) KSP residual norm 8.447281e-13
GMRES solver converged in 48 iterations (avg. reduction factor: 8.318e-01)
5 NLEPS (nconv=3, restart=0) residual norm 6.172262e-09
Eigenvalue 3, Quasi-Newton converged in 5 iterations (-2.988e-04+9.213e+00i).
  Residual norms for GMRES solve
  0 (restart 0) KSP residual norm 6.598546e+00
  1 (restart 0) KSP residual norm 5.881302e-01
  2 (restart 0) KSP residual norm 1.811921e-01
  3 (restart 0) KSP residual norm 1.198273e-01
  4 (restart 0) KSP residual norm 7.727179e-02
  5 (restart 0) KSP residual norm 3.410581e-02
  6 (restart 0) KSP residual norm 1.497030e-02
  7 (restart 0) KSP residual norm 1.125005e-02
  8 (restart 0) KSP residual norm 7.017399e-03
  9 (restart 0) KSP residual norm 5.969709e-03
 10 (restart 0) KSP residual norm 5.306777e-03
 11 (restart 0) KSP residual norm 4.808613e-03
 12 (restart 0) KSP residual norm 4.793654e-03
 13 (restart 0) KSP residual norm 4.696812e-03
 14 (restart 0) KSP residual norm 4.375516e-03
 15 (restart 0) KSP residual norm 4.359007e-03
 16 (restart 0) KSP residual norm 4.247147e-03
 17 (restart 0) KSP residual norm 4.243822e-03
 18 (restart 0) KSP residual norm 4.214647e-03
 19 (restart 0) KSP residual norm 4.166243e-03
 20 (restart 0) KSP residual norm 3.962524e-03
 21 (restart 0) KSP residual norm 3.954789e-03
 22 (restart 0) KSP residual norm 3.895903e-03
 23 (restart 0) KSP residual norm 3.802702e-03
 24 (restart 0) KSP residual norm 3.727953e-03
 25 (restart 0) KSP residual norm 3.572538e-03
 26 (restart 0) KSP residual norm 3.102306e-03
 27 (restart 0) KSP residual norm 2.775469e-03
 28 (restart 0) KSP residual norm 2.254400e-03
 29 (restart 0) KSP residual norm 1.859962e-03
 30 (restart 0) KSP residual norm 1.371453e-03
 31 (restart 0) KSP residual norm 9.827908e-04
 32 (restart 0) KSP residual norm 5.892553e-04
GMRES solver converged in 32 iterations (avg. reduction factor: 7.472e-01)
0 NLEPS (nconv=4, restart=0) residual norm 1.449691e-01
  Residual norms for GMRES solve
  0 (restart 0) KSP residual norm 9.473746e-01
  1 (restart 0) KSP residual norm 5.947099e-01
  2 (restart 0) KSP residual norm 1.828424e-01
  3 (restart 0) KSP residual norm 6.062874e-02
  4 (restart 0) KSP residual norm 2.418461e-02
  5 (restart 0) KSP residual norm 1.023270e-02
  6 (restart 0) KSP residual norm 4.071483e-03
  7 (restart 0) KSP residual norm 3.191786e-03
  8 (restart 0) KSP residual norm 1.743428e-03
  9 (restart 0) KSP residual norm 1.580540e-03
 10 (restart 0) KSP residual norm 1.564916e-03
 11 (restart 0) KSP residual norm 1.514854e-03
 12 (restart 0) KSP residual norm 1.514546e-03
 13 (restart 0) KSP residual norm 1.469444e-03
 14 (restart 0) KSP residual norm 1.382112e-03
 15 (restart 0) KSP residual norm 1.257919e-03
 16 (restart 0) KSP residual norm 1.183587e-03
 17 (restart 0) KSP residual norm 1.161678e-03
 18 (restart 0) KSP residual norm 1.093483e-03
 19 (restart 0) KSP residual norm 1.087491e-03
 20 (restart 0) KSP residual norm 1.047328e-03
 21 (restart 0) KSP residual norm 1.038277e-03
 22 (restart 0) KSP residual norm 1.034283e-03
 23 (restart 0) KSP residual norm 9.987375e-04
 24 (restart 0) KSP residual norm 9.885763e-04
 25 (restart 0) KSP residual norm 9.033694e-04
 26 (restart 0) KSP residual norm 8.137869e-04
 27 (restart 0) KSP residual norm 7.320663e-04
 28 (restart 0) KSP residual norm 6.659935e-04
 29 (restart 0) KSP residual norm 5.575494e-04
 30 (restart 0) KSP residual norm 4.382421e-04
 31 (restart 0) KSP residual norm 3.371698e-04
 32 (restart 0) KSP residual norm 2.504840e-04
 33 (restart 0) KSP residual norm 1.971212e-04
 34 (restart 0) KSP residual norm 1.504546e-04
 35 (restart 0) KSP residual norm 1.081397e-04
 36 (restart 0) KSP residual norm 7.606729e-05
GMRES solver converged in 36 iterations (avg. reduction factor: 7.696e-01)
1 NLEPS (nconv=4, restart=0) residual norm 6.547712e-04
  Residual norms for GMRES solve
  0 (restart 0) KSP residual norm 3.905457e-07
  1 (restart 0) KSP residual norm 1.193749e-07
  2 (restart 0) KSP residual norm 6.711866e-08
  3 (restart 0) KSP residual norm 5.361710e-08
  4 (restart 0) KSP residual norm 4.616461e-08
  5 (restart 0) KSP residual norm 3.689206e-08
  6 (restart 0) KSP residual norm 3.125927e-08
  7 (restart 0) KSP residual norm 2.495712e-08
  8 (restart 0) KSP residual norm 1.930620e-08
  9 (restart 0) KSP residual norm 1.542311e-08
 10 (restart 0) KSP residual norm 1.188308e-08
 11 (restart 0) KSP residual norm 8.616909e-09
 12 (restart 0) KSP residual norm 7.435500e-09
 13 (restart 0) KSP residual norm 6.301527e-09
 14 (restart 0) KSP residual norm 5.589873e-09
 15 (restart 0) KSP residual norm 3.952512e-09
 16 (restart 0) KSP residual norm 2.791817e-09
 17 (restart 0) KSP residual norm 2.289954e-09
 18 (restart 0) KSP residual norm 2.011545e-09
 19 (restart 0) KSP residual norm 1.795284e-09
 20 (restart 0) KSP residual norm 1.661001e-09
 21 (restart 0) KSP residual norm 1.601422e-09
 22 (restart 0) KSP residual norm 1.549719e-09
 23 (restart 0) KSP residual norm 1.531864e-09
 24 (restart 0) KSP residual norm 1.470252e-09
 25 (restart 0) KSP residual norm 1.441409e-09
 26 (restart 0) KSP residual norm 1.427663e-09
 27 (restart 0) KSP residual norm 1.414366e-09
 28 (restart 0) KSP residual norm 1.400559e-09
 29 (restart 0) KSP residual norm 1.398799e-09
 30 (restart 0) KSP residual norm 1.398530e-09
 31 (restart 0) KSP residual norm 1.383197e-09
 32 (restart 0) KSP residual norm 1.374292e-09
 33 (restart 0) KSP residual norm 1.366120e-09
 34 (restart 0) KSP residual norm 1.349745e-09
 35 (restart 0) KSP residual norm 1.345145e-09
 36 (restart 0) KSP residual norm 1.344965e-09
 37 (restart 0) KSP residual norm 1.339426e-09
 38 (restart 0) KSP residual norm 1.332570e-09
 39 (restart 0) KSP residual norm 1.266084e-09
 40 (restart 0) KSP residual norm 1.214205e-09
 41 (restart 0) KSP residual norm 1.155583e-09
 42 (restart 0) KSP residual norm 9.160912e-10
 43 (restart 0) KSP residual norm 7.111246e-10
 44 (restart 0) KSP residual norm 4.809558e-10
 45 (restart 0) KSP residual norm 3.492520e-10
 46 (restart 0) KSP residual norm 2.530716e-10
 47 (restart 0) KSP residual norm 1.731651e-10
 48 (restart 0) KSP residual norm 1.240837e-10
 49 (restart 0) KSP residual norm 8.604863e-11
 50 (restart 0) KSP residual norm 6.310710e-11
 51 (restart 0) KSP residual norm 4.436106e-11
 52 (restart 0) KSP residual norm 2.867593e-11
GMRES solver converged in 52 iterations (avg. reduction factor: 8.327e-01)
2 NLEPS (nconv=4, restart=0) residual norm 2.695127e-07
  Residual norms for GMRES solve
  0 (restart 0) KSP residual norm 9.608634e-10
  1 (restart 0) KSP residual norm 5.102917e-10
  2 (restart 0) KSP residual norm 1.557158e-10
  3 (restart 0) KSP residual norm 6.648671e-11
  4 (restart 0) KSP residual norm 3.656606e-11
  5 (restart 0) KSP residual norm 3.216776e-11
  6 (restart 0) KSP residual norm 2.595435e-11
  7 (restart 0) KSP residual norm 2.443758e-11
  8 (restart 0) KSP residual norm 2.353375e-11
  9 (restart 0) KSP residual norm 2.225121e-11
 10 (restart 0) KSP residual norm 2.125505e-11
 11 (restart 0) KSP residual norm 2.067654e-11
 12 (restart 0) KSP residual norm 1.907393e-11
 13 (restart 0) KSP residual norm 1.655905e-11
 14 (restart 0) KSP residual norm 1.548575e-11
 15 (restart 0) KSP residual norm 1.521043e-11
 16 (restart 0) KSP residual norm 1.481167e-11
 17 (restart 0) KSP residual norm 1.457939e-11
 18 (restart 0) KSP residual norm 1.450067e-11
 19 (restart 0) KSP residual norm 1.439090e-11
 20 (restart 0) KSP residual norm 1.431232e-11
 21 (restart 0) KSP residual norm 1.424366e-11
 22 (restart 0) KSP residual norm 1.416174e-11
 23 (restart 0) KSP residual norm 1.415067e-11
 24 (restart 0) KSP residual norm 1.414901e-11
 25 (restart 0) KSP residual norm 1.413883e-11
 26 (restart 0) KSP residual norm 1.405103e-11
 27 (restart 0) KSP residual norm 1.403986e-11
 28 (restart 0) KSP residual norm 1.392776e-11
 29 (restart 0) KSP residual norm 1.377361e-11
 30 (restart 0) KSP residual norm 1.340582e-11
 31 (restart 0) KSP residual norm 1.301313e-11
 32 (restart 0) KSP residual norm 1.250499e-11
 33 (restart 0) KSP residual norm 1.121162e-11
 34 (restart 0) KSP residual norm 1.063275e-11
 35 (restart 0) KSP residual norm 9.214975e-12
 36 (restart 0) KSP residual norm 8.352078e-12
 37 (restart 0) KSP residual norm 6.276584e-12
 38 (restart 0) KSP residual norm 4.774252e-12
 39 (restart 0) KSP residual norm 3.334951e-12
 40 (restart 0) KSP residual norm 2.494847e-12
 41 (restart 0) KSP residual norm 1.814157e-12
 42 (restart 0) KSP residual norm 1.354010e-12
 43 (restart 0) KSP residual norm 1.000982e-12
 44 (restart 0) KSP residual norm 7.512969e-13
GMRES solver converged in 44 iterations (avg. reduction factor: 8.499e-01)
3 NLEPS (nconv=4, restart=0) residual norm 5.068013e-09
Eigenvalue 4, Quasi-Newton converged in 3 iterations (-2.397e-04+9.855e+00i).
  Residual norms for GMRES solve
  0 (restart 0) KSP residual norm 1.086584e+01
  1 (restart 0) KSP residual norm 8.674496e+00
  2 (restart 0) KSP residual norm 5.459723e+00
  3 (restart 0) KSP residual norm 1.991633e+00
  4 (restart 0) KSP residual norm 1.804716e+00
  5 (restart 0) KSP residual norm 5.154169e-01
  6 (restart 0) KSP residual norm 3.874534e-01
  7 (restart 0) KSP residual norm 3.849653e-01
  8 (restart 0) KSP residual norm 3.816447e-01
  9 (restart 0) KSP residual norm 3.813557e-01
 10 (restart 0) KSP residual norm 3.745057e-01
 11 (restart 0) KSP residual norm 3.546139e-01
 12 (restart 0) KSP residual norm 3.024795e-01
 13 (restart 0) KSP residual norm 1.449097e-01
 14 (restart 0) KSP residual norm 1.310888e-01
 15 (restart 0) KSP residual norm 1.125538e-01
 16 (restart 0) KSP residual norm 1.079050e-01
 17 (restart 0) KSP residual norm 1.051348e-01
 18 (restart 0) KSP residual norm 1.025117e-01
 19 (restart 0) KSP residual norm 7.800456e-02
 20 (restart 0) KSP residual norm 5.355273e-02
 21 (restart 0) KSP residual norm 3.564784e-02
 22 (restart 0) KSP residual norm 2.030612e-02
 23 (restart 0) KSP residual norm 1.103543e-02
 24 (restart 0) KSP residual norm 7.802071e-03
 25 (restart 0) KSP residual norm 4.774547e-03
 26 (restart 0) KSP residual norm 2.808344e-03
 27 (restart 0) KSP residual norm 2.140800e-03
 28 (restart 0) KSP residual norm 1.578048e-03
 29 (restart 0) KSP residual norm 1.041232e-03
GMRES solver converged in 29 iterations (avg. reduction factor: 7.268e-01)
0 NLEPS (nconv=5, restart=0) residual norm 1.478453e+00
  Residual norms for GMRES solve
  0 (restart 0) KSP residual norm 1.582126e+02
  1 (restart 0) KSP residual norm 8.332373e+01
  2 (restart 0) KSP residual norm 3.748466e+01
  3 (restart 0) KSP residual norm 7.977816e+00
  4 (restart 0) KSP residual norm 6.163420e+00
  5 (restart 0) KSP residual norm 5.573431e+00
  6 (restart 0) KSP residual norm 5.564693e+00
  7 (restart 0) KSP residual norm 5.430991e+00
  8 (restart 0) KSP residual norm 5.267093e+00
  9 (restart 0) KSP residual norm 3.375835e+00
 10 (restart 0) KSP residual norm 2.782575e+00
 11 (restart 0) KSP residual norm 1.699861e+00
 12 (restart 0) KSP residual norm 1.277161e+00
 13 (restart 0) KSP residual norm 9.050768e-01
 14 (restart 0) KSP residual norm 8.110701e-01
 15 (restart 0) KSP residual norm 7.945768e-01
 16 (restart 0) KSP residual norm 7.917107e-01
 17 (restart 0) KSP residual norm 7.852128e-01
 18 (restart 0) KSP residual norm 6.551111e-01
 19 (restart 0) KSP residual norm 4.962713e-01
 20 (restart 0) KSP residual norm 3.883771e-01
 21 (restart 0) KSP residual norm 2.340235e-01
 22 (restart 0) KSP residual norm 1.474814e-01
 23 (restart 0) KSP residual norm 8.486676e-02
 24 (restart 0) KSP residual norm 5.293966e-02
 25 (restart 0) KSP residual norm 3.189724e-02
 26 (restart 0) KSP residual norm 2.467789e-02
 27 (restart 0) KSP residual norm 1.704249e-02
 28 (restart 0) KSP residual norm 1.246363e-02
GMRES solver converged in 28 iterations (avg. reduction factor: 7.136e-01)
1 NLEPS (nconv=5, restart=0) residual norm 1.409416e+00
  Residual norms for GMRES solve
  0 (restart 0) KSP residual norm 1.116012e+00
  1 (restart 0) KSP residual norm 6.111286e-01
  2 (restart 0) KSP residual norm 2.761764e-01
  3 (restart 0) KSP residual norm 5.466200e-02
  4 (restart 0) KSP residual norm 4.119846e-02
  5 (restart 0) KSP residual norm 3.674298e-02
  6 (restart 0) KSP residual norm 3.463071e-02
  7 (restart 0) KSP residual norm 3.420204e-02
  8 (restart 0) KSP residual norm 3.070566e-02
  9 (restart 0) KSP residual norm 2.959404e-02
 10 (restart 0) KSP residual norm 2.244363e-02
 11 (restart 0) KSP residual norm 2.240840e-02
 12 (restart 0) KSP residual norm 2.022625e-02
 13 (restart 0) KSP residual norm 9.659471e-03
 14 (restart 0) KSP residual norm 8.675997e-03
 15 (restart 0) KSP residual norm 7.384929e-03
 16 (restart 0) KSP residual norm 6.939488e-03
 17 (restart 0) KSP residual norm 6.793158e-03
 18 (restart 0) KSP residual norm 6.290041e-03
 19 (restart 0) KSP residual norm 4.978709e-03
 20 (restart 0) KSP residual norm 3.409941e-03
 21 (restart 0) KSP residual norm 2.513735e-03
 22 (restart 0) KSP residual norm 1.387786e-03
 23 (restart 0) KSP residual norm 8.205120e-04
 24 (restart 0) KSP residual norm 5.262058e-04
 25 (restart 0) KSP residual norm 3.303985e-04
 26 (restart 0) KSP residual norm 2.090181e-04
 27 (restart 0) KSP residual norm 1.651223e-04
 28 (restart 0) KSP residual norm 1.104971e-04
GMRES solver converged in 28 iterations (avg. reduction factor: 7.194e-01)
2 NLEPS (nconv=5, restart=0) residual norm 3.873429e-01
  Residual norms for GMRES solve
  0 (restart 0) KSP residual norm 1.971492e-01
  1 (restart 0) KSP residual norm 1.079603e-01
  2 (restart 0) KSP residual norm 4.878839e-02
  3 (restart 0) KSP residual norm 9.656122e-03
  4 (restart 0) KSP residual norm 7.277678e-03
  5 (restart 0) KSP residual norm 6.491359e-03
  6 (restart 0) KSP residual norm 6.118410e-03
  7 (restart 0) KSP residual norm 6.042704e-03
  8 (restart 0) KSP residual norm 5.425429e-03
  9 (restart 0) KSP residual norm 5.228890e-03
 10 (restart 0) KSP residual norm 3.965983e-03
 11 (restart 0) KSP residual norm 3.959743e-03
 12 (restart 0) KSP residual norm 3.572739e-03
 13 (restart 0) KSP residual norm 1.706202e-03
 14 (restart 0) KSP residual norm 1.532588e-03
 15 (restart 0) KSP residual norm 1.304551e-03
 16 (restart 0) KSP residual norm 1.225874e-03
 17 (restart 0) KSP residual norm 1.200012e-03
 18 (restart 0) KSP residual norm 1.111139e-03
 19 (restart 0) KSP residual norm 8.795770e-04
 20 (restart 0) KSP residual norm 6.025371e-04
 21 (restart 0) KSP residual norm 4.442624e-04
 22 (restart 0) KSP residual norm 2.454041e-04
 23 (restart 0) KSP residual norm 1.452309e-04
 24 (restart 0) KSP residual norm 9.323023e-05
 25 (restart 0) KSP residual norm 5.865091e-05
 26 (restart 0) KSP residual norm 3.722901e-05
 27 (restart 0) KSP residual norm 2.944201e-05
 28 (restart 0) KSP residual norm 1.972062e-05
 29 (restart 0) KSP residual norm 1.451051e-05
GMRES solver converged in 29 iterations (avg. reduction factor: 7.202e-01)
3 NLEPS (nconv=5, restart=0) residual norm 7.457571e-02
  Residual norms for GMRES solve
  0 (restart 0) KSP residual norm 2.987243e-03
  1 (restart 0) KSP residual norm 1.635674e-03
  2 (restart 0) KSP residual norm 7.391134e-04
  3 (restart 0) KSP residual norm 1.462911e-04
  4 (restart 0) KSP residual norm 1.102425e-04
  5 (restart 0) KSP residual norm 9.836116e-05
  6 (restart 0) KSP residual norm 9.272198e-05
  7 (restart 0) KSP residual norm 9.157565e-05
  8 (restart 0) KSP residual norm 8.219778e-05
  9 (restart 0) KSP residual norm 7.922972e-05
 10 (restart 0) KSP residual norm 6.000610e-05
 11 (restart 0) KSP residual norm 5.992205e-05
 12 (restart 0) KSP residual norm 5.397587e-05
 13 (restart 0) KSP residual norm 2.571613e-05
 14 (restart 0) KSP residual norm 2.306983e-05
 15 (restart 0) KSP residual norm 1.955951e-05
 16 (restart 0) KSP residual norm 1.833702e-05
 17 (restart 0) KSP residual norm 1.798489e-05
 18 (restart 0) KSP residual norm 1.689100e-05
 19 (restart 0) KSP residual norm 1.428018e-05
 20 (restart 0) KSP residual norm 1.102316e-05
 21 (restart 0) KSP residual norm 9.224366e-06
 22 (restart 0) KSP residual norm 6.437958e-06
 23 (restart 0) KSP residual norm 4.762589e-06
 24 (restart 0) KSP residual norm 3.409791e-06
 25 (restart 0) KSP residual norm 2.474586e-06
 26 (restart 0) KSP residual norm 1.819426e-06
 27 (restart 0) KSP residual norm 1.345791e-06
 28 (restart 0) KSP residual norm 8.435944e-07
 29 (restart 0) KSP residual norm 6.336261e-07
 30 (restart 0) KSP residual norm 4.704665e-07
 31 (restart 0) KSP residual norm 3.355160e-07
 32 (restart 0) KSP residual norm 2.739670e-07
GMRES solver converged in 32 iterations (avg. reduction factor: 7.479e-01)
4 NLEPS (nconv=5, restart=0) residual norm 1.855025e-03
  Residual norms for GMRES solve
  0 (restart 0) KSP residual norm 2.294293e-03
  1 (restart 0) KSP residual norm 1.256283e-03
  2 (restart 0) KSP residual norm 5.676656e-04
  3 (restart 0) KSP residual norm 1.123546e-04
  4 (restart 0) KSP residual norm 8.467133e-05
  5 (restart 0) KSP residual norm 7.553703e-05
  6 (restart 0) KSP residual norm 7.120993e-05
  7 (restart 0) KSP residual norm 7.032830e-05
  8 (restart 0) KSP residual norm 6.314093e-05
  9 (restart 0) KSP residual norm 6.085037e-05
 10 (restart 0) KSP residual norm 4.603984e-05
 11 (restart 0) KSP residual norm 4.597803e-05
 12 (restart 0) KSP residual norm 4.142180e-05
 13 (restart 0) KSP residual norm 1.977674e-05
 14 (restart 0) KSP residual norm 1.776873e-05
 15 (restart 0) KSP residual norm 1.510915e-05
 16 (restart 0) KSP residual norm 1.417323e-05
 17 (restart 0) KSP residual norm 1.388938e-05
 18 (restart 0) KSP residual norm 1.292555e-05
 19 (restart 0) KSP residual norm 1.079740e-05
 20 (restart 0) KSP residual norm 8.505697e-06
 21 (restart 0) KSP residual norm 7.310080e-06
 22 (restart 0) KSP residual norm 5.267590e-06
 23 (restart 0) KSP residual norm 3.985589e-06
 24 (restart 0) KSP residual norm 2.967927e-06
 25 (restart 0) KSP residual norm 2.319414e-06
 26 (restart 0) KSP residual norm 1.835677e-06
 27 (restart 0) KSP residual norm 1.382088e-06
 28 (restart 0) KSP residual norm 8.594768e-07
 29 (restart 0) KSP residual norm 6.372622e-07
 30 (restart 0) KSP residual norm 4.582132e-07
 31 (restart 0) KSP residual norm 3.122009e-07
 32 (restart 0) KSP residual norm 2.465248e-07
 33 (restart 0) KSP residual norm 1.675035e-07
GMRES solver converged in 33 iterations (avg. reduction factor: 7.493e-01)
   NLEPS Armijo backtracks=1, alpha=5.000e-01, res_new=9.425278e-04
5 NLEPS (nconv=5, restart=0) residual norm 9.425278e-04
  Residual norms for GMRES solve
  0 (restart 0) KSP residual norm 2.286047e-03
  1 (restart 0) KSP residual norm 1.251870e-03
  2 (restart 0) KSP residual norm 5.657643e-04
  3 (restart 0) KSP residual norm 1.120108e-04
  4 (restart 0) KSP residual norm 8.439106e-05
  5 (restart 0) KSP residual norm 7.526456e-05
  6 (restart 0) KSP residual norm 7.092892e-05
  7 (restart 0) KSP residual norm 7.005260e-05
  8 (restart 0) KSP residual norm 6.279926e-05
  9 (restart 0) KSP residual norm 6.059678e-05
 10 (restart 0) KSP residual norm 4.596119e-05
 11 (restart 0) KSP residual norm 4.588996e-05
 12 (restart 0) KSP residual norm 4.149864e-05
 13 (restart 0) KSP residual norm 1.982434e-05
 14 (restart 0) KSP residual norm 1.784208e-05
 15 (restart 0) KSP residual norm 1.525463e-05
 16 (restart 0) KSP residual norm 1.440203e-05
 17 (restart 0) KSP residual norm 1.403169e-05
 18 (restart 0) KSP residual norm 1.284878e-05
 19 (restart 0) KSP residual norm 1.086635e-05
 20 (restart 0) KSP residual norm 8.858710e-06
 21 (restart 0) KSP residual norm 7.856118e-06
 22 (restart 0) KSP residual norm 6.012909e-06
 23 (restart 0) KSP residual norm 4.789309e-06
 24 (restart 0) KSP residual norm 3.703256e-06
 25 (restart 0) KSP residual norm 2.954478e-06
 26 (restart 0) KSP residual norm 2.276925e-06
 27 (restart 0) KSP residual norm 1.548519e-06
 28 (restart 0) KSP residual norm 8.288713e-07
 29 (restart 0) KSP residual norm 5.680101e-07
 30 (restart 0) KSP residual norm 3.810015e-07
 31 (restart 0) KSP residual norm 2.424415e-07
 32 (restart 0) KSP residual norm 1.825863e-07
GMRES solver converged in 32 iterations (avg. reduction factor: 7.446e-01)
   NLEPS Armijo backtracks=1, alpha=5.000e-01, res_new=5.572359e-04
6 NLEPS (nconv=5, restart=0) residual norm 5.572359e-04
  Residual norms for GMRES solve
  0 (restart 0) KSP residual norm 2.279081e-03
  1 (restart 0) KSP residual norm 1.248126e-03
  2 (restart 0) KSP residual norm 5.641936e-04
  3 (restart 0) KSP residual norm 1.116887e-04
  4 (restart 0) KSP residual norm 8.415447e-05
  5 (restart 0) KSP residual norm 7.505276e-05
  6 (restart 0) KSP residual norm 7.071874e-05
  7 (restart 0) KSP residual norm 6.984402e-05
  8 (restart 0) KSP residual norm 6.261420e-05
  9 (restart 0) KSP residual norm 6.042055e-05
 10 (restart 0) KSP residual norm 4.602742e-05
 11 (restart 0) KSP residual norm 4.593546e-05
 12 (restart 0) KSP residual norm 4.166191e-05
 13 (restart 0) KSP residual norm 1.994210e-05
 14 (restart 0) KSP residual norm 1.796625e-05
 15 (restart 0) KSP residual norm 1.544972e-05
 16 (restart 0) KSP residual norm 1.467848e-05
 17 (restart 0) KSP residual norm 1.421714e-05
 18 (restart 0) KSP residual norm 1.290134e-05
 19 (restart 0) KSP residual norm 1.124678e-05
 20 (restart 0) KSP residual norm 9.590970e-06
 21 (restart 0) KSP residual norm 8.713336e-06
 22 (restart 0) KSP residual norm 6.781040e-06
 23 (restart 0) KSP residual norm 5.506552e-06
 24 (restart 0) KSP residual norm 4.257016e-06
 25 (restart 0) KSP residual norm 3.316711e-06
 26 (restart 0) KSP residual norm 2.387403e-06
 27 (restart 0) KSP residual norm 1.565205e-06
 28 (restart 0) KSP residual norm 8.872410e-07
 29 (restart 0) KSP residual norm 6.749683e-07
 30 (restart 0) KSP residual norm 5.254973e-07
 31 (restart 0) KSP residual norm 3.827778e-07
 32 (restart 0) KSP residual norm 3.014030e-07
 33 (restart 0) KSP residual norm 1.968490e-07
GMRES solver converged in 33 iterations (avg. reduction factor: 7.531e-01)
   NLEPS Armijo backtracks=1, alpha=5.000e-01, res_new=4.463406e-04
7 NLEPS (nconv=5, restart=0) residual norm 4.463406e-04
  Residual norms for GMRES solve
  0 (restart 0) KSP residual norm 2.264041e-03
  1 (restart 0) KSP residual norm 1.240073e-03
  2 (restart 0) KSP residual norm 5.606810e-04
  3 (restart 0) KSP residual norm 1.110289e-04
  4 (restart 0) KSP residual norm 8.363711e-05
  5 (restart 0) KSP residual norm 7.455881e-05
  6 (restart 0) KSP residual norm 7.022068e-05
  7 (restart 0) KSP residual norm 6.935323e-05
  8 (restart 0) KSP residual norm 6.204700e-05
  9 (restart 0) KSP residual norm 5.997318e-05
 10 (restart 0) KSP residual norm 4.589909e-05
 11 (restart 0) KSP residual norm 4.578343e-05
 12 (restart 0) KSP residual norm 4.179784e-05
 13 (restart 0) KSP residual norm 2.006503e-05
 14 (restart 0) KSP residual norm 1.813234e-05
 15 (restart 0) KSP residual norm 1.572555e-05
 16 (restart 0) KSP residual norm 1.505681e-05
 17 (restart 0) KSP residual norm 1.444854e-05
 18 (restart 0) KSP residual norm 1.283658e-05
 19 (restart 0) KSP residual norm 1.124970e-05
 20 (restart 0) KSP residual norm 9.782824e-06
 21 (restart 0) KSP residual norm 9.044991e-06
 22 (restart 0) KSP residual norm 7.278165e-06
 23 (restart 0) KSP residual norm 6.044777e-06
 24 (restart 0) KSP residual norm 4.729348e-06
 25 (restart 0) KSP residual norm 3.676666e-06
 26 (restart 0) KSP residual norm 2.532302e-06
 27 (restart 0) KSP residual norm 1.537961e-06
 28 (restart 0) KSP residual norm 7.508582e-07
 29 (restart 0) KSP residual norm 5.163326e-07
 30 (restart 0) KSP residual norm 3.704221e-07
 31 (restart 0) KSP residual norm 2.411920e-07
 32 (restart 0) KSP residual norm 1.757884e-07
GMRES solver converged in 32 iterations (avg. reduction factor: 7.440e-01)
   NLEPS Armijo backtracks=1, alpha=5.000e-01, res_new=4.298522e-04
8 NLEPS (nconv=5, restart=0) residual norm 4.298522e-04
  Residual norms for GMRES solve
  0 (restart 0) KSP residual norm 2.250143e-03
  1 (restart 0) KSP residual norm 1.232494e-03
  2 (restart 0) KSP residual norm 5.573756e-04
  3 (restart 0) KSP residual norm 1.103594e-04
  4 (restart 0) KSP residual norm 8.314056e-05
  5 (restart 0) KSP residual norm 7.411706e-05
  6 (restart 0) KSP residual norm 6.979461e-05
  7 (restart 0) KSP residual norm 6.893165e-05
  8 (restart 0) KSP residual norm 6.167511e-05
  9 (restart 0) KSP residual norm 5.961566e-05
 10 (restart 0) KSP residual norm 4.581263e-05
 11 (restart 0) KSP residual norm 4.567327e-05
 12 (restart 0) KSP residual norm 4.176120e-05
 13 (restart 0) KSP residual norm 2.004037e-05
 14 (restart 0) KSP residual norm 1.809096e-05
 15 (restart 0) KSP residual norm 1.570696e-05
 16 (restart 0) KSP residual norm 1.505135e-05
 17 (restart 0) KSP residual norm 1.446120e-05
 18 (restart 0) KSP residual norm 1.295550e-05
 19 (restart 0) KSP residual norm 1.157029e-05
 20 (restart 0) KSP residual norm 1.015376e-05
 21 (restart 0) KSP residual norm 9.404125e-06
 22 (restart 0) KSP residual norm 7.555224e-06
 23 (restart 0) KSP residual norm 6.315810e-06
 24 (restart 0) KSP residual norm 4.881685e-06
 25 (restart 0) KSP residual norm 3.659103e-06
 26 (restart 0) KSP residual norm 2.368001e-06
 27 (restart 0) KSP residual norm 1.456244e-06
 28 (restart 0) KSP residual norm 7.836588e-07
 29 (restart 0) KSP residual norm 5.992296e-07
 30 (restart 0) KSP residual norm 4.683867e-07
 31 (restart 0) KSP residual norm 3.217794e-07
 32 (restart 0) KSP residual norm 2.356841e-07
 33 (restart 0) KSP residual norm 1.535995e-07
GMRES solver converged in 33 iterations (avg. reduction factor: 7.478e-01)
   NLEPS Armijo backtracks=2, alpha=2.500e-01, res_new=4.294725e-04
9 NLEPS (nconv=5, restart=0) residual norm 4.294725e-04
  Residual norms for GMRES solve
  0 (restart 0) KSP residual norm 2.239375e-03
  1 (restart 0) KSP residual norm 1.226651e-03
  2 (restart 0) KSP residual norm 5.547703e-04
  3 (restart 0) KSP residual norm 1.098498e-04
  4 (restart 0) KSP residual norm 8.275321e-05
  5 (restart 0) KSP residual norm 7.376320e-05
  6 (restart 0) KSP residual norm 6.945330e-05
  7 (restart 0) KSP residual norm 6.859438e-05
  8 (restart 0) KSP residual norm 6.134099e-05
  9 (restart 0) KSP residual norm 5.931797e-05
 10 (restart 0) KSP residual norm 4.565072e-05
 11 (restart 0) KSP residual norm 4.550272e-05
 12 (restart 0) KSP residual norm 4.168114e-05
 13 (restart 0) KSP residual norm 2.001884e-05
 14 (restart 0) KSP residual norm 1.808261e-05
 15 (restart 0) KSP residual norm 1.572353e-05
 16 (restart 0) KSP residual norm 1.508057e-05
 17 (restart 0) KSP residual norm 1.447147e-05
 18 (restart 0) KSP residual norm 1.291369e-05
 19 (restart 0) KSP residual norm 1.152430e-05
 20 (restart 0) KSP residual norm 1.013112e-05
 21 (restart 0) KSP residual norm 9.395751e-06
 22 (restart 0) KSP residual norm 7.562755e-06
 23 (restart 0) KSP residual norm 6.332664e-06
 24 (restart 0) KSP residual norm 4.901491e-06
 25 (restart 0) KSP residual norm 3.657750e-06
 26 (restart 0) KSP residual norm 2.319524e-06
 27 (restart 0) KSP residual norm 1.389108e-06
 28 (restart 0) KSP residual norm 6.873373e-07
 29 (restart 0) KSP residual norm 4.973170e-07
 30 (restart 0) KSP residual norm 3.752525e-07
 31 (restart 0) KSP residual norm 2.496448e-07
 32 (restart 0) KSP residual norm 1.774736e-07
GMRES solver converged in 32 iterations (avg. reduction factor: 7.445e-01)
   NLEPS Armijo backtracks=9, alpha=1.953e-03, res_new=4.294727e-04
10 NLEPS (nconv=5, restart=0) residual norm 4.294727e-04
  Residual norms for GMRES solve
  0 (restart 0) KSP residual norm 2.239295e-03
  1 (restart 0) KSP residual norm 1.226607e-03
  2 (restart 0) KSP residual norm 5.547506e-04
  3 (restart 0) KSP residual norm 1.098459e-04
  4 (restart 0) KSP residual norm 8.275029e-05
  5 (restart 0) KSP residual norm 7.376057e-05
  6 (restart 0) KSP residual norm 6.945080e-05
  7 (restart 0) KSP residual norm 6.859190e-05
  8 (restart 0) KSP residual norm 6.133878e-05
  9 (restart 0) KSP residual norm 5.931584e-05
 10 (restart 0) KSP residual norm 4.564963e-05
 11 (restart 0) KSP residual norm 4.550155e-05
 12 (restart 0) KSP residual norm 4.168043e-05
 13 (restart 0) KSP residual norm 2.001867e-05
 14 (restart 0) KSP residual norm 1.808252e-05
 15 (restart 0) KSP residual norm 1.572362e-05
 16 (restart 0) KSP residual norm 1.508076e-05
 17 (restart 0) KSP residual norm 1.447152e-05
 18 (restart 0) KSP residual norm 1.291334e-05
 19 (restart 0) KSP residual norm 1.152386e-05
 20 (restart 0) KSP residual norm 1.013087e-05
 21 (restart 0) KSP residual norm 9.395621e-06
 22 (restart 0) KSP residual norm 7.562862e-06
 23 (restart 0) KSP residual norm 6.332917e-06
 24 (restart 0) KSP residual norm 4.901658e-06
 25 (restart 0) KSP residual norm 3.657505e-06
 26 (restart 0) KSP residual norm 2.318642e-06
 27 (restart 0) KSP residual norm 1.388056e-06
 28 (restart 0) KSP residual norm 6.859660e-07
 29 (restart 0) KSP residual norm 4.959336e-07
 30 (restart 0) KSP residual norm 3.741129e-07
 31 (restart 0) KSP residual norm 2.489431e-07
 32 (restart 0) KSP residual norm 1.770001e-07
GMRES solver converged in 32 iterations (avg. reduction factor: 7.444e-01)
   NLEPS Armijo backtracks=9, alpha=1.953e-03, res_new=4.294728e-04
  Residual norms for GMRES solve
  0 (restart 0) KSP residual norm 1.036161e+01
  1 (restart 0) KSP residual norm 8.408974e+00
  2 (restart 0) KSP residual norm 5.320088e+00
  3 (restart 0) KSP residual norm 1.952165e+00
  4 (restart 0) KSP residual norm 1.831860e+00
  5 (restart 0) KSP residual norm 5.232083e-01
  6 (restart 0) KSP residual norm 3.851502e-01
  7 (restart 0) KSP residual norm 3.821134e-01
  8 (restart 0) KSP residual norm 3.793184e-01
  9 (restart 0) KSP residual norm 3.792338e-01
 10 (restart 0) KSP residual norm 3.759903e-01
 11 (restart 0) KSP residual norm 3.425997e-01
 12 (restart 0) KSP residual norm 2.647590e-01
 13 (restart 0) KSP residual norm 1.142824e-01
 14 (restart 0) KSP residual norm 9.591061e-02
 15 (restart 0) KSP residual norm 6.473970e-02
 16 (restart 0) KSP residual norm 4.801970e-02
 17 (restart 0) KSP residual norm 3.533555e-02
 18 (restart 0) KSP residual norm 2.479883e-02
 19 (restart 0) KSP residual norm 1.167054e-02
 20 (restart 0) KSP residual norm 7.294280e-03
 21 (restart 0) KSP residual norm 4.800117e-03
 22 (restart 0) KSP residual norm 2.886293e-03
 23 (restart 0) KSP residual norm 1.580382e-03
 24 (restart 0) KSP residual norm 1.119222e-03
 25 (restart 0) KSP residual norm 6.872354e-04
GMRES solver converged in 25 iterations (avg. reduction factor: 6.806e-01)
11 NLEPS (nconv=5, restart=0) residual norm 4.294728e-04
  Residual norms for GMRES solve
  0 (restart 0) KSP residual norm 2.010616e-03
  1 (restart 0) KSP residual norm 1.176433e-03
  2 (restart 0) KSP residual norm 5.293587e-04
  3 (restart 0) KSP residual norm 1.121909e-04
  4 (restart 0) KSP residual norm 8.185374e-05
  5 (restart 0) KSP residual norm 7.354829e-05
  6 (restart 0) KSP residual norm 6.881188e-05
  7 (restart 0) KSP residual norm 6.820816e-05
  8 (restart 0) KSP residual norm 6.132882e-05
  9 (restart 0) KSP residual norm 5.882142e-05
 10 (restart 0) KSP residual norm 4.334270e-05
 11 (restart 0) KSP residual norm 4.332213e-05
 12 (restart 0) KSP residual norm 3.621297e-05
 13 (restart 0) KSP residual norm 1.618226e-05
 14 (restart 0) KSP residual norm 1.359185e-05
 15 (restart 0) KSP residual norm 9.482920e-06
 16 (restart 0) KSP residual norm 7.013686e-06
 17 (restart 0) KSP residual norm 5.976648e-06
 18 (restart 0) KSP residual norm 3.936908e-06
 19 (restart 0) KSP residual norm 2.890948e-06
 20 (restart 0) KSP residual norm 2.390509e-06
 21 (restart 0) KSP residual norm 1.838304e-06
 22 (restart 0) KSP residual norm 1.306805e-06
 23 (restart 0) KSP residual norm 1.073272e-06
 24 (restart 0) KSP residual norm 8.177297e-07
 25 (restart 0) KSP residual norm 5.729368e-07
 26 (restart 0) KSP residual norm 3.402744e-07
 27 (restart 0) KSP residual norm 1.973196e-07
GMRES solver converged in 27 iterations (avg. reduction factor: 7.105e-01)
12 NLEPS (nconv=5, restart=0) residual norm 5.864911e-05
  Residual norms for GMRES solve
  0 (restart 0) KSP residual norm 1.330692e-06
  1 (restart 0) KSP residual norm 7.221926e-07
  2 (restart 0) KSP residual norm 4.442071e-07
  3 (restart 0) KSP residual norm 1.861634e-07
  4 (restart 0) KSP residual norm 1.639511e-07
  5 (restart 0) KSP residual norm 1.241629e-07
  6 (restart 0) KSP residual norm 1.139889e-07
  7 (restart 0) KSP residual norm 1.133769e-07
  8 (restart 0) KSP residual norm 8.912234e-08
  9 (restart 0) KSP residual norm 7.803829e-08
 10 (restart 0) KSP residual norm 7.456080e-08
 11 (restart 0) KSP residual norm 7.152158e-08
 12 (restart 0) KSP residual norm 7.063452e-08
 13 (restart 0) KSP residual norm 6.365414e-08
 14 (restart 0) KSP residual norm 3.651363e-08
 15 (restart 0) KSP residual norm 2.766874e-08
 16 (restart 0) KSP residual norm 1.852820e-08
 17 (restart 0) KSP residual norm 1.629406e-08
 18 (restart 0) KSP residual norm 1.568001e-08
 19 (restart 0) KSP residual norm 1.565215e-08
 20 (restart 0) KSP residual norm 1.550812e-08
 21 (restart 0) KSP residual norm 1.526884e-08
 22 (restart 0) KSP residual norm 1.475615e-08
 23 (restart 0) KSP residual norm 1.429572e-08
 24 (restart 0) KSP residual norm 1.366955e-08
 25 (restart 0) KSP residual norm 1.315657e-08
 26 (restart 0) KSP residual norm 1.083091e-08
 27 (restart 0) KSP residual norm 1.001296e-08
 28 (restart 0) KSP residual norm 8.689189e-09
 29 (restart 0) KSP residual norm 7.558335e-09
 30 (restart 0) KSP residual norm 6.329625e-09
 31 (restart 0) KSP residual norm 5.393051e-09
 32 (restart 0) KSP residual norm 3.703256e-09
 33 (restart 0) KSP residual norm 2.884712e-09
 34 (restart 0) KSP residual norm 1.754950e-09
 35 (restart 0) KSP residual norm 1.215782e-09
 36 (restart 0) KSP residual norm 8.501885e-10
 37 (restart 0) KSP residual norm 5.394391e-10
 38 (restart 0) KSP residual norm 3.379562e-10
 39 (restart 0) KSP residual norm 2.593159e-10
 40 (restart 0) KSP residual norm 1.561959e-10
 41 (restart 0) KSP residual norm 9.612567e-11
 42 (restart 0) KSP residual norm 6.241259e-11
GMRES solver converged in 42 iterations (avg. reduction factor: 7.887e-01)
13 NLEPS (nconv=5, restart=0) residual norm 1.108565e-07
  Residual norms for GMRES solve
  0 (restart 0) KSP residual norm 1.097209e-08
  1 (restart 0) KSP residual norm 7.506049e-09
  2 (restart 0) KSP residual norm 1.245047e-09
  3 (restart 0) KSP residual norm 1.148598e-09
  4 (restart 0) KSP residual norm 2.089140e-10
  5 (restart 0) KSP residual norm 1.458945e-10
  6 (restart 0) KSP residual norm 1.447816e-10
  7 (restart 0) KSP residual norm 8.618705e-11
  8 (restart 0) KSP residual norm 5.795415e-11
  9 (restart 0) KSP residual norm 3.782123e-11
 10 (restart 0) KSP residual norm 2.837139e-11
 11 (restart 0) KSP residual norm 2.064109e-11
 12 (restart 0) KSP residual norm 1.733702e-11
 13 (restart 0) KSP residual norm 1.459878e-11
 14 (restart 0) KSP residual norm 1.037606e-11
 15 (restart 0) KSP residual norm 9.010405e-12
 16 (restart 0) KSP residual norm 6.545534e-12
 17 (restart 0) KSP residual norm 4.234753e-12
 18 (restart 0) KSP residual norm 2.791123e-12
 19 (restart 0) KSP residual norm 2.083405e-12
 20 (restart 0) KSP residual norm 1.720623e-12
 21 (restart 0) KSP residual norm 1.570946e-12
 22 (restart 0) KSP residual norm 1.450565e-12
 23 (restart 0) KSP residual norm 1.376847e-12
 24 (restart 0) KSP residual norm 1.313772e-12
 25 (restart 0) KSP residual norm 1.304035e-12
 26 (restart 0) KSP residual norm 1.240894e-12
 27 (restart 0) KSP residual norm 1.068992e-12
 28 (restart 0) KSP residual norm 9.889292e-13
GMRES solver converged in 28 iterations (avg. reduction factor: 7.170e-01)
14 NLEPS (nconv=5, restart=0) residual norm 1.755258e-09
Eigenvalue 5, Quasi-Newton converged in 14 iterations (-4.841e-04+1.017e+01i).

Computing solution error estimates and performing postprocessing

     m,        Re{f} (GHz),        Im{f} (GHz),                  Q,      Error (Bkwd.),       Error (Abs.)
     1,      +2.287346e+00,      +1.167248e-04,      +9.798032e+03,      +9.839150e-14,      +7.265647e-09
     2,      +2.432397e+00,      +4.468982e-05,      +2.721421e+04,      +6.072217e-14,      +4.484079e-09
     3,      +2.451908e+00,      +5.241458e-05,      +2.338956e+04,      +9.378734e-14,      +6.925824e-09
     4,      +2.497500e+00,      +8.101181e-05,      +1.541442e+04,      +8.266614e-14,      +6.104610e-09
     5,      +2.671576e+00,      +6.498412e-05,      +2.055561e+04,      +6.861564e-14,      +5.067172e-09
     6,      +2.756087e+00,      +1.312215e-04,      +1.050166e+04,      +2.795065e-14,      +2.064147e-09

Completed 0 iterations of adaptive mesh refinement (AMR):
 Indicator norm = 5.705e-02, global unknowns = 221180
 Max. iterations = 0, tol. = 1.000e-02

Estimated peak per-rank memory usage is: Min. 134.8M, Max. 151.0M, Avg. 142.1M, Total 4.4G
Estimated peak per-node memory usage is: Min. 4.4G, Max. 4.4G, Avg. 4.4G, Total 4.4G

Elapsed Time Report (s)           Min.        Max.        Avg.
==============================================================
Initialization                   0.117       0.613       0.597
  Mesh Preprocessing             0.236       0.731       0.251
Operator Construction            0.540       0.546       0.543
Linear Solve                    14.236      14.669      14.438
  Setup                          3.378       3.379       3.378
  Preconditioner               201.856     202.660     202.284
  Coarse Solve                  17.199      17.606      17.391
Eigenvalue Solve                 1.676       1.715       1.698
Div.-Free Projection             3.784       3.795       3.792
Estimation                       0.029       0.032       0.031
  Construction                   0.156       0.156       0.156
  Solve                          4.216       4.219       4.218
Postprocessing                   0.289       0.294       0.290
Disk IO                          0.466       0.466       0.466
--------------------------------------------------------------
Total                          250.679     250.696     250.688

Peak Memory                   Per-Node       Total   Total HWM
==============================================================
Initialization                   61.6M       61.6M       61.6M
  Mesh Preprocessing            111.1M      111.1M      172.7M
Operator Construction           564.5M      564.5M      737.2M
Linear Solve                    260.0K      260.0K      737.5M
  Setup                         407.5M      407.5M        1.1G
  Preconditioner                  6.4M        6.4M        1.1G
  Coarse Solve                    1.8G        1.8G        3.0G
Eigenvalue Solve                154.9M      154.9M        3.1G
Div.-Free Projection            185.9M      185.9M        3.3G
Estimation                       41.5M       41.5M        3.3G
  Construction                  170.5M      170.5M        3.5G
  Solve                          19.8M       19.8M        3.5G
Postprocessing                   21.3M       21.3M        3.5G
Disk IO                          41.9M       41.9M        3.6G
--------------------------------------------------------------
Total                             4.0G        4.0G        4.0G

