>> /opt/amip/envs/emsim/bin/mpirun -n 32 /opt/amip/palace/bin/palace-x86_64.bin e0q_s1e07.json

_____________     _______
_____   __   \____ __   /____ ____________
____   /_/  /  __ ` /  /  __ ` /  ___/  _ \
___   _____/  /_/  /  /  /_/  /  /__/  ___/
  /__/     \___,__/__/\___,__/\_____\_____/


[38;2;255;255;000m--> Warning![0m
Output folder is not empty; program will overwrite content! (postpro/e0q_s1e07)
Git changeset ID: v0.17.0-293-g3c83b9db0
Running with 32 MPI processes, 1 OpenMP thread
Device configuration: omp,cpu
Memory configuration: host-std
libCEED backend: /cpu/self/xsmm/blocked

Added 11830 boundary elements for material interfaces to the mesh

Characteristic length and time scales:
 Lc = 2.074e-01 m, tc = 6.918e-01 ns
Finished partitioning mesh into 32 subdomains

Mesh curvature order: 2
Mesh bounding box:
 (Xmin, Ymin, Zmin) = (-1.037e-01, -1.037e-01, -4.426e-02) m
 (Xmax, Ymax, Zmax) = (+1.037e-01, +1.037e-01, +4.426e-02) m

Parallel Mesh Stats:

                minimum     average     maximum       total
 vertices           346         450         577       14404
 edges             2759        3101        3456       99243
 faces             4965        5255        5522      168162
 elements          2539        2603        2682       83322
 neighbors            7          11          24

            minimum     maximum
 h       0.00398399    0.114125
 kappa      1.01569     17.0532

Estimated current per-rank memory usage is: Min. 32.9M, Max. 93.7M, Avg. 35.4M, Total 1.1G
Estimated current per-node memory usage is: Min. 1.1G, Max. 1.1G, Avg. 1.1G, Total 1.1G

Configuring Robin finite conductivity BC at attributes:
 90: σ = 1.000e+07 S/m, n = (-0.1,+0.0,-1.0)

Assembling system matrices, number of global unknowns:
 H1 (p = 2): 113647, ND (p = 2): 534810, RT (p = 2): 754452
 Operator assembly level: Partial
 Mesh geometries:
  Tetrahedron: P = 20, Q = 14 (quadrature order = 4)

Configuring SLEPc eigenvalue solver:
 Scaling γ = 1.463e+01, δ = 1.025e-05
 Configuring divergence-free projection
 Using random starting vector
 Shift-and-invert σ = 1.050e+00 GHz (4.564e+00)

Assembling multigrid hierarchy:
 Level 0 (p = 1): 99243 unknowns
 Level 1 (p = 2): 534810 unknowns
 Level 0 (auxiliary) (p = 1): 14404 unknowns
 Level 1 (auxiliary) (p = 2): 113647 unknowns

#PETSc Option Table entries:
-eps_monitor # (source: code)
#End of PETSc Option Table entries

  Residual norms for GMRES solve
  0 (restart 0) KSP residual norm 9.545983e-01
  1 (restart 0) KSP residual norm 9.196740e-02
  2 (restart 0) KSP residual norm 1.302774e-02
  3 (restart 0) KSP residual norm 1.900246e-03
  4 (restart 0) KSP residual norm 3.327325e-04
  5 (restart 0) KSP residual norm 6.369473e-05
  6 (restart 0) KSP residual norm 1.335323e-05
  7 (restart 0) KSP residual norm 2.901002e-06
  8 (restart 0) KSP residual norm 6.540972e-07
  9 (restart 0) KSP residual norm 1.451367e-07
 10 (restart 0) KSP residual norm 3.074317e-08
 11 (restart 0) KSP residual norm 6.152354e-09
GMRES solver converged in 11 iterations (avg. reduction factor: 1.800e-01)
  Residual norms for GMRES solve
  0 (restart 0) KSP residual norm 1.873828e+00
  1 (restart 0) KSP residual norm 2.696127e-02
  2 (restart 0) KSP residual norm 4.085485e-03
  3 (restart 0) KSP residual norm 6.949060e-04
  4 (restart 0) KSP residual norm 1.292964e-04
  5 (restart 0) KSP residual norm 2.530777e-05
  6 (restart 0) KSP residual norm 4.990898e-06
  7 (restart 0) KSP residual norm 1.060021e-06
  8 (restart 0) KSP residual norm 2.396557e-07
  9 (restart 0) KSP residual norm 5.526112e-08
 10 (restart 0) KSP residual norm 1.205210e-08
GMRES solver converged in 10 iterations (avg. reduction factor: 1.516e-01)
  Residual norms for GMRES solve
  0 (restart 0) KSP residual norm 1.967673e+01
  1 (restart 0) KSP residual norm 1.227650e-01
  2 (restart 0) KSP residual norm 5.598475e-03
  3 (restart 0) KSP residual norm 8.111299e-04
  4 (restart 0) KSP residual norm 1.172187e-04
  5 (restart 0) KSP residual norm 2.159993e-05
  6 (restart 0) KSP residual norm 3.891017e-06
  7 (restart 0) KSP residual norm 7.804389e-07
  8 (restart 0) KSP residual norm 1.659970e-07
GMRES solver converged in 8 iterations (avg. reduction factor: 9.790e-02)
  Residual norms for GMRES solve
  0 (restart 0) KSP residual norm 1.733115e+00
  1 (restart 0) KSP residual norm 7.378311e-02
  2 (restart 0) KSP residual norm 1.087116e-02
  3 (restart 0) KSP residual norm 1.801154e-03
  4 (restart 0) KSP residual norm 3.318345e-04
  5 (restart 0) KSP residual norm 6.437688e-05
  6 (restart 0) KSP residual norm 1.277375e-05
  7 (restart 0) KSP residual norm 2.735438e-06
  8 (restart 0) KSP residual norm 6.208930e-07
  9 (restart 0) KSP residual norm 1.431569e-07
 10 (restart 0) KSP residual norm 3.125209e-08
 11 (restart 0) KSP residual norm 6.503152e-09
GMRES solver converged in 11 iterations (avg. reduction factor: 1.714e-01)
  Residual norms for GMRES solve
  0 (restart 0) KSP residual norm 1.882733e+00
  1 (restart 0) KSP residual norm 6.351575e-02
  2 (restart 0) KSP residual norm 4.187747e-03
  3 (restart 0) KSP residual norm 7.685613e-04
  4 (restart 0) KSP residual norm 1.302037e-04
  5 (restart 0) KSP residual norm 2.551877e-05
  6 (restart 0) KSP residual norm 4.922306e-06
  7 (restart 0) KSP residual norm 9.503706e-07
  8 (restart 0) KSP residual norm 1.922251e-07
  9 (restart 0) KSP residual norm 4.189843e-08
 10 (restart 0) KSP residual norm 9.184344e-09
GMRES solver converged in 10 iterations (avg. reduction factor: 1.475e-01)
  Residual norms for GMRES solve
  0 (restart 0) KSP residual norm 1.853104e+00
  1 (restart 0) KSP residual norm 7.269989e-02
  2 (restart 0) KSP residual norm 6.424661e-03
  3 (restart 0) KSP residual norm 1.057980e-03
  4 (restart 0) KSP residual norm 1.876166e-04
  5 (restart 0) KSP residual norm 3.332639e-05
  6 (restart 0) KSP residual norm 5.915280e-06
  7 (restart 0) KSP residual norm 1.085876e-06
  8 (restart 0) KSP residual norm 2.145262e-07
  9 (restart 0) KSP residual norm 4.307133e-08
 10 (restart 0) KSP residual norm 8.517028e-09
GMRES solver converged in 10 iterations (avg. reduction factor: 1.466e-01)
  Residual norms for GMRES solve
  0 (restart 0) KSP residual norm 3.474293e+00
  1 (restart 0) KSP residual norm 9.752391e-02
  2 (restart 0) KSP residual norm 1.127688e-02
  3 (restart 0) KSP residual norm 1.691364e-03
  4 (restart 0) KSP residual norm 2.949607e-04
  5 (restart 0) KSP residual norm 5.392166e-05
  6 (restart 0) KSP residual norm 9.882717e-06
  7 (restart 0) KSP residual norm 1.885829e-06
  8 (restart 0) KSP residual norm 3.869424e-07
  9 (restart 0) KSP residual norm 8.452473e-08
 10 (restart 0) KSP residual norm 1.813940e-08
GMRES solver converged in 10 iterations (avg. reduction factor: 1.485e-01)
  Residual norms for GMRES solve
  0 (restart 0) KSP residual norm 4.004241e+00
  1 (restart 0) KSP residual norm 9.304794e-02
  2 (restart 0) KSP residual norm 7.023146e-03
  3 (restart 0) KSP residual norm 1.121138e-03
  4 (restart 0) KSP residual norm 1.812331e-04
  5 (restart 0) KSP residual norm 3.375457e-05
  6 (restart 0) KSP residual norm 6.748442e-06
  7 (restart 0) KSP residual norm 1.404777e-06
  8 (restart 0) KSP residual norm 3.055213e-07
  9 (restart 0) KSP residual norm 6.778233e-08
 10 (restart 0) KSP residual norm 1.470979e-08
GMRES solver converged in 10 iterations (avg. reduction factor: 1.434e-01)
  Residual norms for GMRES solve
  0 (restart 0) KSP residual norm 2.120000e+00
  1 (restart 0) KSP residual norm 8.994646e-02
  2 (restart 0) KSP residual norm 1.113184e-02
  3 (restart 0) KSP residual norm 1.695254e-03
  4 (restart 0) KSP residual norm 2.881130e-04
  5 (restart 0) KSP residual norm 5.092701e-05
  6 (restart 0) KSP residual norm 9.156504e-06
  7 (restart 0) KSP residual norm 1.656835e-06
  8 (restart 0) KSP residual norm 3.286787e-07
  9 (restart 0) KSP residual norm 6.985806e-08
 10 (restart 0) KSP residual norm 1.500462e-08
GMRES solver converged in 10 iterations (avg. reduction factor: 1.531e-01)
  Residual norms for GMRES solve
  0 (restart 0) KSP residual norm 1.336529e+00
  1 (restart 0) KSP residual norm 7.292357e-02
  2 (restart 0) KSP residual norm 1.140847e-02
  3 (restart 0) KSP residual norm 1.884843e-03
  4 (restart 0) KSP residual norm 3.347639e-04
  5 (restart 0) KSP residual norm 5.881129e-05
  6 (restart 0) KSP residual norm 1.027185e-05
  7 (restart 0) KSP residual norm 1.813297e-06
  8 (restart 0) KSP residual norm 3.535203e-07
  9 (restart 0) KSP residual norm 7.504263e-08
 10 (restart 0) KSP residual norm 1.676211e-08
 11 (restart 0) KSP residual norm 3.639187e-09
GMRES solver converged in 11 iterations (avg. reduction factor: 1.665e-01)
  Residual norms for GMRES solve
  0 (restart 0) KSP residual norm 1.872267e+00
  1 (restart 0) KSP residual norm 8.057833e-02
  2 (restart 0) KSP residual norm 5.449015e-03
  3 (restart 0) KSP residual norm 9.024043e-04
  4 (restart 0) KSP residual norm 1.499058e-04
  5 (restart 0) KSP residual norm 2.801006e-05
  6 (restart 0) KSP residual norm 5.168947e-06
  7 (restart 0) KSP residual norm 9.641363e-07
  8 (restart 0) KSP residual norm 2.035390e-07
  9 (restart 0) KSP residual norm 4.634194e-08
 10 (restart 0) KSP residual norm 1.000664e-08
GMRES solver converged in 10 iterations (avg. reduction factor: 1.489e-01)
  Residual norms for GMRES solve
  0 (restart 0) KSP residual norm 3.694683e+00
  1 (restart 0) KSP residual norm 1.082748e-01
  2 (restart 0) KSP residual norm 1.208902e-02
  3 (restart 0) KSP residual norm 1.743014e-03
  4 (restart 0) KSP residual norm 3.085066e-04
  5 (restart 0) KSP residual norm 5.339371e-05
  6 (restart 0) KSP residual norm 9.388332e-06
  7 (restart 0) KSP residual norm 1.682002e-06
  8 (restart 0) KSP residual norm 3.157255e-07
  9 (restart 0) KSP residual norm 6.180067e-08
 10 (restart 0) KSP residual norm 1.203360e-08
GMRES solver converged in 10 iterations (avg. reduction factor: 1.417e-01)
  Residual norms for GMRES solve
  0 (restart 0) KSP residual norm 6.372719e+00
  1 (restart 0) KSP residual norm 9.529944e-02
  2 (restart 0) KSP residual norm 1.235985e-02
  3 (restart 0) KSP residual norm 1.843439e-03
  4 (restart 0) KSP residual norm 3.332243e-04
  5 (restart 0) KSP residual norm 5.818937e-05
  6 (restart 0) KSP residual norm 1.035653e-05
  7 (restart 0) KSP residual norm 1.914642e-06
  8 (restart 0) KSP residual norm 3.843774e-07
  9 (restart 0) KSP residual norm 8.586229e-08
 10 (restart 0) KSP residual norm 1.905417e-08
GMRES solver converged in 10 iterations (avg. reduction factor: 1.405e-01)
  Residual norms for GMRES solve
  0 (restart 0) KSP residual norm 3.781428e+00
  1 (restart 0) KSP residual norm 8.727390e-02
  2 (restart 0) KSP residual norm 6.302599e-03
  3 (restart 0) KSP residual norm 1.042291e-03
  4 (restart 0) KSP residual norm 1.713007e-04
  5 (restart 0) KSP residual norm 3.155963e-05
  6 (restart 0) KSP residual norm 6.265910e-06
  7 (restart 0) KSP residual norm 1.328545e-06
  8 (restart 0) KSP residual norm 2.913282e-07
  9 (restart 0) KSP residual norm 6.403900e-08
 10 (restart 0) KSP residual norm 1.418534e-08
GMRES solver converged in 10 iterations (avg. reduction factor: 1.437e-01)
  Residual norms for GMRES solve
  0 (restart 0) KSP residual norm 7.036570e+00
  1 (restart 0) KSP residual norm 9.781553e-02
  2 (restart 0) KSP residual norm 1.279808e-02
  3 (restart 0) KSP residual norm 2.006266e-03
  4 (restart 0) KSP residual norm 3.559375e-04
  5 (restart 0) KSP residual norm 6.414631e-05
  6 (restart 0) KSP residual norm 1.174777e-05
  7 (restart 0) KSP residual norm 2.290305e-06
  8 (restart 0) KSP residual norm 4.929079e-07
  9 (restart 0) KSP residual norm 1.129902e-07
 10 (restart 0) KSP residual norm 2.464437e-08
GMRES solver converged in 10 iterations (avg. reduction factor: 1.427e-01)
  Residual norms for GMRES solve
  0 (restart 0) KSP residual norm 5.262171e+00
  1 (restart 0) KSP residual norm 8.334522e-02
  2 (restart 0) KSP residual norm 6.695641e-03
  3 (restart 0) KSP residual norm 1.092759e-03
  4 (restart 0) KSP residual norm 1.856636e-04
  5 (restart 0) KSP residual norm 3.456991e-05
  6 (restart 0) KSP residual norm 6.632245e-06
  7 (restart 0) KSP residual norm 1.426620e-06
  8 (restart 0) KSP residual norm 3.272888e-07
  9 (restart 0) KSP residual norm 7.218016e-08
 10 (restart 0) KSP residual norm 1.525281e-08
GMRES solver converged in 10 iterations (avg. reduction factor: 1.400e-01)
  Residual norms for GMRES solve
  0 (restart 0) KSP residual norm 5.233527e+00
  1 (restart 0) KSP residual norm 1.028303e-01
  2 (restart 0) KSP residual norm 1.096725e-02
  3 (restart 0) KSP residual norm 1.674245e-03
  4 (restart 0) KSP residual norm 2.856072e-04
  5 (restart 0) KSP residual norm 5.059175e-05
  6 (restart 0) KSP residual norm 9.026290e-06
  7 (restart 0) KSP residual norm 1.683267e-06
  8 (restart 0) KSP residual norm 3.578475e-07
  9 (restart 0) KSP residual norm 8.189104e-08
 10 (restart 0) KSP residual norm 1.783914e-08
GMRES solver converged in 10 iterations (avg. reduction factor: 1.423e-01)
  Residual norms for GMRES solve
  0 (restart 0) KSP residual norm 2.912270e+00
  1 (restart 0) KSP residual norm 6.651728e-02
  2 (restart 0) KSP residual norm 8.095803e-03
  3 (restart 0) KSP residual norm 1.284930e-03
  4 (restart 0) KSP residual norm 2.272801e-04
  5 (restart 0) KSP residual norm 4.176640e-05
  6 (restart 0) KSP residual norm 7.938047e-06
  7 (restart 0) KSP residual norm 1.641160e-06
  8 (restart 0) KSP residual norm 3.663652e-07
  9 (restart 0) KSP residual norm 8.159330e-08
 10 (restart 0) KSP residual norm 1.756598e-08
GMRES solver converged in 10 iterations (avg. reduction factor: 1.507e-01)
  Residual norms for GMRES solve
  0 (restart 0) KSP residual norm 8.282022e+00
  1 (restart 0) KSP residual norm 1.043770e-01
  2 (restart 0) KSP residual norm 9.238443e-03
  3 (restart 0) KSP residual norm 1.419100e-03
  4 (restart 0) KSP residual norm 2.365278e-04
  5 (restart 0) KSP residual norm 4.448044e-05
  6 (restart 0) KSP residual norm 8.728082e-06
  7 (restart 0) KSP residual norm 1.786527e-06
  8 (restart 0) KSP residual norm 3.830426e-07
  9 (restart 0) KSP residual norm 8.386980e-08
 10 (restart 0) KSP residual norm 1.838688e-08
GMRES solver converged in 10 iterations (avg. reduction factor: 1.363e-01)
  Residual norms for GMRES solve
  0 (restart 0) KSP residual norm 9.593268e+00
  1 (restart 0) KSP residual norm 1.249184e-01
  2 (restart 0) KSP residual norm 9.382463e-03
  3 (restart 0) KSP residual norm 1.521375e-03
  4 (restart 0) KSP residual norm 2.573646e-04
  5 (restart 0) KSP residual norm 4.585570e-05
  6 (restart 0) KSP residual norm 8.858161e-06
  7 (restart 0) KSP residual norm 1.851200e-06
  8 (restart 0) KSP residual norm 4.162038e-07
  9 (restart 0) KSP residual norm 9.347374e-08
GMRES solver converged in 9 iterations (avg. reduction factor: 1.288e-01)
  Residual norms for GMRES solve
  0 (restart 0) KSP residual norm 6.791048e+00
  1 (restart 0) KSP residual norm 1.063281e-01
  2 (restart 0) KSP residual norm 7.320844e-03
  3 (restart 0) KSP residual norm 1.179261e-03
  4 (restart 0) KSP residual norm 1.975799e-04
  5 (restart 0) KSP residual norm 3.575669e-05
  6 (restart 0) KSP residual norm 6.968060e-06
  7 (restart 0) KSP residual norm 1.506485e-06
  8 (restart 0) KSP residual norm 3.563399e-07
  9 (restart 0) KSP residual norm 7.882101e-08
 10 (restart 0) KSP residual norm 1.537136e-08
GMRES solver converged in 10 iterations (avg. reduction factor: 1.366e-01)
  Residual norms for GMRES solve
  0 (restart 0) KSP residual norm 2.458021e+00
  1 (restart 0) KSP residual norm 8.108050e-02
  2 (restart 0) KSP residual norm 9.627908e-03
  3 (restart 0) KSP residual norm 1.495535e-03
  4 (restart 0) KSP residual norm 2.555248e-04
  5 (restart 0) KSP residual norm 4.595633e-05
  6 (restart 0) KSP residual norm 8.633133e-06
  7 (restart 0) KSP residual norm 1.734042e-06
  8 (restart 0) KSP residual norm 3.763308e-07
  9 (restart 0) KSP residual norm 8.186693e-08
 10 (restart 0) KSP residual norm 1.784150e-08
GMRES solver converged in 10 iterations (avg. reduction factor: 1.535e-01)
  Residual norms for GMRES solve
  0 (restart 0) KSP residual norm 3.226081e+00
  1 (restart 0) KSP residual norm 8.521662e-02
  2 (restart 0) KSP residual norm 8.612018e-03
  3 (restart 0) KSP residual norm 1.367722e-03
  4 (restart 0) KSP residual norm 2.345003e-04
  5 (restart 0) KSP residual norm 4.173680e-05
  6 (restart 0) KSP residual norm 7.758705e-06
  7 (restart 0) KSP residual norm 1.616489e-06
  8 (restart 0) KSP residual norm 3.761004e-07
  9 (restart 0) KSP residual norm 8.332931e-08
 10 (restart 0) KSP residual norm 1.726334e-08
GMRES solver converged in 10 iterations (avg. reduction factor: 1.489e-01)
  Residual norms for GMRES solve
  0 (restart 0) KSP residual norm 8.444227e+00
  1 (restart 0) KSP residual norm 1.007200e-01
  2 (restart 0) KSP residual norm 8.905752e-03
  3 (restart 0) KSP residual norm 1.375550e-03
  4 (restart 0) KSP residual norm 2.290472e-04
  5 (restart 0) KSP residual norm 4.026239e-05
  6 (restart 0) KSP residual norm 7.805432e-06
  7 (restart 0) KSP residual norm 1.577825e-06
  8 (restart 0) KSP residual norm 3.541349e-07
  9 (restart 0) KSP residual norm 8.004314e-08
GMRES solver converged in 9 iterations (avg. reduction factor: 1.284e-01)
  Residual norms for GMRES solve
  0 (restart 0) KSP residual norm 8.825459e+00
  1 (restart 0) KSP residual norm 9.238966e-02
  2 (restart 0) KSP residual norm 1.002197e-02
  3 (restart 0) KSP residual norm 1.590497e-03
  4 (restart 0) KSP residual norm 2.736843e-04
  5 (restart 0) KSP residual norm 4.931523e-05
  6 (restart 0) KSP residual norm 9.693035e-06
  7 (restart 0) KSP residual norm 2.091169e-06
  8 (restart 0) KSP residual norm 4.855014e-07
  9 (restart 0) KSP residual norm 1.064046e-07
 10 (restart 0) KSP residual norm 2.179382e-08
GMRES solver converged in 10 iterations (avg. reduction factor: 1.378e-01)
  Residual norms for GMRES solve
  0 (restart 0) KSP residual norm 9.885638e+00
  1 (restart 0) KSP residual norm 1.036860e-01
  2 (restart 0) KSP residual norm 9.070435e-03
  3 (restart 0) KSP residual norm 1.431307e-03
  4 (restart 0) KSP residual norm 2.397849e-04
  5 (restart 0) KSP residual norm 4.327321e-05
  6 (restart 0) KSP residual norm 8.555128e-06
  7 (restart 0) KSP residual norm 1.691388e-06
  8 (restart 0) KSP residual norm 3.488657e-07
  9 (restart 0) KSP residual norm 7.522276e-08
GMRES solver converged in 9 iterations (avg. reduction factor: 1.253e-01)
  Residual norms for GMRES solve
  0 (restart 0) KSP residual norm 3.008175e+00
  1 (restart 0) KSP residual norm 8.973826e-02
  2 (restart 0) KSP residual norm 1.035700e-02
  3 (restart 0) KSP residual norm 1.518106e-03
  4 (restart 0) KSP residual norm 2.555552e-04
  5 (restart 0) KSP residual norm 4.334458e-05
  6 (restart 0) KSP residual norm 8.008055e-06
  7 (restart 0) KSP residual norm 1.536247e-06
  8 (restart 0) KSP residual norm 3.269985e-07
  9 (restart 0) KSP residual norm 7.334535e-08
 10 (restart 0) KSP residual norm 1.597424e-08
GMRES solver converged in 10 iterations (avg. reduction factor: 1.488e-01)
  Residual norms for GMRES solve
  0 (restart 0) KSP residual norm 2.205802e+00
  1 (restart 0) KSP residual norm 8.424360e-02
  2 (restart 0) KSP residual norm 7.308770e-03
  3 (restart 0) KSP residual norm 1.138693e-03
  4 (restart 0) KSP residual norm 1.824156e-04
  5 (restart 0) KSP residual norm 3.303763e-05
  6 (restart 0) KSP residual norm 6.299922e-06
  7 (restart 0) KSP residual norm 1.299471e-06
  8 (restart 0) KSP residual norm 2.933434e-07
  9 (restart 0) KSP residual norm 6.479985e-08
 10 (restart 0) KSP residual norm 1.372758e-08
GMRES solver converged in 10 iterations (avg. reduction factor: 1.511e-01)
  Residual norms for GMRES solve
  0 (restart 0) KSP residual norm 3.877810e+00
  1 (restart 0) KSP residual norm 9.029243e-02
  2 (restart 0) KSP residual norm 9.478968e-03
  3 (restart 0) KSP residual norm 1.493258e-03
  4 (restart 0) KSP residual norm 2.514002e-04
  5 (restart 0) KSP residual norm 4.413545e-05
  6 (restart 0) KSP residual norm 8.636013e-06
  7 (restart 0) KSP residual norm 1.812535e-06
  8 (restart 0) KSP residual norm 4.125642e-07
  9 (restart 0) KSP residual norm 9.127847e-08
 10 (restart 0) KSP residual norm 1.911747e-08
GMRES solver converged in 10 iterations (avg. reduction factor: 1.477e-01)
  1 EPS nconv=4 first unconverged value (error) 1.71896e-06+0.563507i (2.77891775e-02)
  Residual norms for GMRES solve
  0 (restart 0) KSP residual norm 9.286408e+00
  1 (restart 0) KSP residual norm 9.331745e-02
  2 (restart 0) KSP residual norm 1.054376e-02
  3 (restart 0) KSP residual norm 1.731122e-03
  4 (restart 0) KSP residual norm 3.084748e-04
  5 (restart 0) KSP residual norm 5.555161e-05
  6 (restart 0) KSP residual norm 1.136313e-05
  7 (restart 0) KSP residual norm 2.521412e-06
  8 (restart 0) KSP residual norm 5.770411e-07
  9 (restart 0) KSP residual norm 1.245904e-07
 10 (restart 0) KSP residual norm 2.576595e-08
GMRES solver converged in 10 iterations (avg. reduction factor: 1.394e-01)
  Residual norms for GMRES solve
  0 (restart 0) KSP residual norm 4.736877e+00
  1 (restart 0) KSP residual norm 9.320574e-02
  2 (restart 0) KSP residual norm 9.508475e-03
  3 (restart 0) KSP residual norm 1.526537e-03
  4 (restart 0) KSP residual norm 2.624763e-04
  5 (restart 0) KSP residual norm 4.587101e-05
  6 (restart 0) KSP residual norm 8.780266e-06
  7 (restart 0) KSP residual norm 1.860199e-06
  8 (restart 0) KSP residual norm 4.338115e-07
  9 (restart 0) KSP residual norm 9.570019e-08
 10 (restart 0) KSP residual norm 1.950773e-08
GMRES solver converged in 10 iterations (avg. reduction factor: 1.450e-01)
  Residual norms for GMRES solve
  0 (restart 0) KSP residual norm 6.751212e+00
  1 (restart 0) KSP residual norm 1.048056e-01
  2 (restart 0) KSP residual norm 1.226775e-02
  3 (restart 0) KSP residual norm 1.876378e-03
  4 (restart 0) KSP residual norm 3.185399e-04
  5 (restart 0) KSP residual norm 5.617406e-05
  6 (restart 0) KSP residual norm 1.028210e-05
  7 (restart 0) KSP residual norm 1.961817e-06
  8 (restart 0) KSP residual norm 4.253945e-07
  9 (restart 0) KSP residual norm 9.645753e-08
 10 (restart 0) KSP residual norm 2.079666e-08
GMRES solver converged in 10 iterations (avg. reduction factor: 1.409e-01)
  Residual norms for GMRES solve
  0 (restart 0) KSP residual norm 2.758186e+00
  1 (restart 0) KSP residual norm 8.065566e-02
  2 (restart 0) KSP residual norm 7.012630e-03
  3 (restart 0) KSP residual norm 1.098528e-03
  4 (restart 0) KSP residual norm 1.860580e-04
  5 (restart 0) KSP residual norm 3.351858e-05
  6 (restart 0) KSP residual norm 6.445191e-06
  7 (restart 0) KSP residual norm 1.342126e-06
  8 (restart 0) KSP residual norm 3.094661e-07
  9 (restart 0) KSP residual norm 6.861114e-08
 10 (restart 0) KSP residual norm 1.393469e-08
GMRES solver converged in 10 iterations (avg. reduction factor: 1.480e-01)
  Residual norms for GMRES solve
  0 (restart 0) KSP residual norm 7.444800e+00
  1 (restart 0) KSP residual norm 8.877624e-02
  2 (restart 0) KSP residual norm 1.114885e-02
  3 (restart 0) KSP residual norm 1.856203e-03
  4 (restart 0) KSP residual norm 3.313856e-04
  5 (restart 0) KSP residual norm 5.956905e-05
  6 (restart 0) KSP residual norm 1.167726e-05
  7 (restart 0) KSP residual norm 2.453866e-06
  8 (restart 0) KSP residual norm 5.505787e-07
  9 (restart 0) KSP residual norm 1.222558e-07
 10 (restart 0) KSP residual norm 2.630431e-08
GMRES solver converged in 10 iterations (avg. reduction factor: 1.428e-01)
  Residual norms for GMRES solve
  0 (restart 0) KSP residual norm 7.567042e+00
  1 (restart 0) KSP residual norm 8.911933e-02
  2 (restart 0) KSP residual norm 8.676861e-03
  3 (restart 0) KSP residual norm 1.429452e-03
  4 (restart 0) KSP residual norm 2.580164e-04
  5 (restart 0) KSP residual norm 4.443193e-05
  6 (restart 0) KSP residual norm 8.303184e-06
  7 (restart 0) KSP residual norm 1.623500e-06
  8 (restart 0) KSP residual norm 3.487713e-07
  9 (restart 0) KSP residual norm 7.860213e-08
 10 (restart 0) KSP residual norm 1.707347e-08
GMRES solver converged in 10 iterations (avg. reduction factor: 1.366e-01)
  Residual norms for GMRES solve
  0 (restart 0) KSP residual norm 4.840464e+00
  1 (restart 0) KSP residual norm 8.745899e-02
  2 (restart 0) KSP residual norm 9.968009e-03
  3 (restart 0) KSP residual norm 1.631556e-03
  4 (restart 0) KSP residual norm 2.809824e-04
  5 (restart 0) KSP residual norm 4.814768e-05
  6 (restart 0) KSP residual norm 8.901504e-06
  7 (restart 0) KSP residual norm 1.702971e-06
  8 (restart 0) KSP residual norm 3.376278e-07
  9 (restart 0) KSP residual norm 6.542925e-08
 10 (restart 0) KSP residual norm 1.217326e-08
GMRES solver converged in 10 iterations (avg. reduction factor: 1.381e-01)
  Residual norms for GMRES solve
  0 (restart 0) KSP residual norm 2.548000e+00
  1 (restart 0) KSP residual norm 8.840877e-02
  2 (restart 0) KSP residual norm 8.420569e-03
  3 (restart 0) KSP residual norm 1.268195e-03
  4 (restart 0) KSP residual norm 2.182642e-04
  5 (restart 0) KSP residual norm 3.776823e-05
  6 (restart 0) KSP residual norm 7.065005e-06
  7 (restart 0) KSP residual norm 1.292971e-06
  8 (restart 0) KSP residual norm 2.494888e-07
  9 (restart 0) KSP residual norm 5.095137e-08
 10 (restart 0) KSP residual norm 1.002610e-08
GMRES solver converged in 10 iterations (avg. reduction factor: 1.444e-01)
  Residual norms for GMRES solve
  0 (restart 0) KSP residual norm 5.464319e+00
  1 (restart 0) KSP residual norm 9.791834e-02
  2 (restart 0) KSP residual norm 8.841202e-03
  3 (restart 0) KSP residual norm 1.443168e-03
  4 (restart 0) KSP residual norm 2.528651e-04
  5 (restart 0) KSP residual norm 4.682166e-05
  6 (restart 0) KSP residual norm 9.047530e-06
  7 (restart 0) KSP residual norm 1.696655e-06
  8 (restart 0) KSP residual norm 3.254074e-07
  9 (restart 0) KSP residual norm 6.376469e-08
 10 (restart 0) KSP residual norm 1.266357e-08
GMRES solver converged in 10 iterations (avg. reduction factor: 1.369e-01)
  Residual norms for GMRES solve
  0 (restart 0) KSP residual norm 9.703074e+00
  1 (restart 0) KSP residual norm 9.844669e-02
  2 (restart 0) KSP residual norm 9.007556e-03
  3 (restart 0) KSP residual norm 1.521355e-03
  4 (restart 0) KSP residual norm 2.550074e-04
  5 (restart 0) KSP residual norm 4.390002e-05
  6 (restart 0) KSP residual norm 8.111945e-06
  7 (restart 0) KSP residual norm 1.523614e-06
  8 (restart 0) KSP residual norm 3.050132e-07
  9 (restart 0) KSP residual norm 6.243424e-08
GMRES solver converged in 9 iterations (avg. reduction factor: 1.230e-01)
  Residual norms for GMRES solve
  0 (restart 0) KSP residual norm 9.851234e+00
  1 (restart 0) KSP residual norm 9.794309e-02
  2 (restart 0) KSP residual norm 9.510809e-03
  3 (restart 0) KSP residual norm 1.523448e-03
  4 (restart 0) KSP residual norm 2.732138e-04
  5 (restart 0) KSP residual norm 5.046719e-05
  6 (restart 0) KSP residual norm 1.000554e-05
  7 (restart 0) KSP residual norm 1.950235e-06
  8 (restart 0) KSP residual norm 4.066483e-07
  9 (restart 0) KSP residual norm 8.947748e-08
GMRES solver converged in 9 iterations (avg. reduction factor: 1.278e-01)
  Residual norms for GMRES solve
  0 (restart 0) KSP residual norm 8.757201e+00
  1 (restart 0) KSP residual norm 8.933887e-02
  2 (restart 0) KSP residual norm 8.254531e-03
  3 (restart 0) KSP residual norm 1.353652e-03
  4 (restart 0) KSP residual norm 2.317637e-04
  5 (restart 0) KSP residual norm 4.086460e-05
  6 (restart 0) KSP residual norm 8.019688e-06
  7 (restart 0) KSP residual norm 1.744249e-06
  8 (restart 0) KSP residual norm 4.033717e-07
  9 (restart 0) KSP residual norm 8.779861e-08
 10 (restart 0) KSP residual norm 1.769540e-08
GMRES solver converged in 10 iterations (avg. reduction factor: 1.351e-01)
  Residual norms for GMRES solve
  0 (restart 0) KSP residual norm 2.357301e+00
  1 (restart 0) KSP residual norm 8.663205e-02
  2 (restart 0) KSP residual norm 9.115895e-03
  3 (restart 0) KSP residual norm 1.386657e-03
  4 (restart 0) KSP residual norm 2.387195e-04
  5 (restart 0) KSP residual norm 4.233901e-05
  6 (restart 0) KSP residual norm 7.947635e-06
  7 (restart 0) KSP residual norm 1.476871e-06
  8 (restart 0) KSP residual norm 3.016333e-07
  9 (restart 0) KSP residual norm 6.521336e-08
 10 (restart 0) KSP residual norm 1.412481e-08
GMRES solver converged in 10 iterations (avg. reduction factor: 1.506e-01)
  2 EPS nconv=7 first unconverged value (error) -1.25858e-05+0.654021i (6.15819181e-03)
  Residual norms for GMRES solve
  0 (restart 0) KSP residual norm 4.848924e+00
  1 (restart 0) KSP residual norm 9.182249e-02
  2 (restart 0) KSP residual norm 9.648870e-03
  3 (restart 0) KSP residual norm 1.510038e-03
  4 (restart 0) KSP residual norm 2.663876e-04
  5 (restart 0) KSP residual norm 4.669443e-05
  6 (restart 0) KSP residual norm 8.698187e-06
  7 (restart 0) KSP residual norm 1.696739e-06
  8 (restart 0) KSP residual norm 3.526330e-07
  9 (restart 0) KSP residual norm 7.771107e-08
 10 (restart 0) KSP residual norm 1.713095e-08
GMRES solver converged in 10 iterations (avg. reduction factor: 1.428e-01)
  Residual norms for GMRES solve
  0 (restart 0) KSP residual norm 5.696183e+00
  1 (restart 0) KSP residual norm 8.432755e-02
  2 (restart 0) KSP residual norm 6.446133e-03
  3 (restart 0) KSP residual norm 1.135607e-03
  4 (restart 0) KSP residual norm 1.990072e-04
  5 (restart 0) KSP residual norm 3.534326e-05
  6 (restart 0) KSP residual norm 7.167693e-06
  7 (restart 0) KSP residual norm 1.638296e-06
  8 (restart 0) KSP residual norm 3.803159e-07
  9 (restart 0) KSP residual norm 8.056832e-08
 10 (restart 0) KSP residual norm 1.626824e-08
GMRES solver converged in 10 iterations (avg. reduction factor: 1.398e-01)
  Residual norms for GMRES solve
  0 (restart 0) KSP residual norm 4.669372e+00
  1 (restart 0) KSP residual norm 9.618600e-02
  2 (restart 0) KSP residual norm 1.257918e-02
  3 (restart 0) KSP residual norm 2.013899e-03
  4 (restart 0) KSP residual norm 3.609381e-04
  5 (restart 0) KSP residual norm 6.568890e-05
  6 (restart 0) KSP residual norm 1.299557e-05
  7 (restart 0) KSP residual norm 2.750854e-06
  8 (restart 0) KSP residual norm 6.210251e-07
  9 (restart 0) KSP residual norm 1.388305e-07
 10 (restart 0) KSP residual norm 2.893567e-08
GMRES solver converged in 10 iterations (avg. reduction factor: 1.511e-01)
  Residual norms for GMRES solve
  0 (restart 0) KSP residual norm 2.089481e+00
  1 (restart 0) KSP residual norm 6.950141e-02
  2 (restart 0) KSP residual norm 5.626531e-03
  3 (restart 0) KSP residual norm 9.411057e-04
  4 (restart 0) KSP residual norm 1.645892e-04
  5 (restart 0) KSP residual norm 3.049134e-05
  6 (restart 0) KSP residual norm 5.983313e-06
  7 (restart 0) KSP residual norm 1.248970e-06
  8 (restart 0) KSP residual norm 2.731024e-07
  9 (restart 0) KSP residual norm 6.004636e-08
 10 (restart 0) KSP residual norm 1.326719e-08
GMRES solver converged in 10 iterations (avg. reduction factor: 1.515e-01)
  Residual norms for GMRES solve
  0 (restart 0) KSP residual norm 2.031496e+00
  1 (restart 0) KSP residual norm 8.233874e-02
  2 (restart 0) KSP residual norm 1.128255e-02
  3 (restart 0) KSP residual norm 1.729145e-03
  4 (restart 0) KSP residual norm 3.081729e-04
  5 (restart 0) KSP residual norm 5.601043e-05
  6 (restart 0) KSP residual norm 1.082910e-05
  7 (restart 0) KSP residual norm 2.072320e-06
  8 (restart 0) KSP residual norm 3.938900e-07
  9 (restart 0) KSP residual norm 7.609174e-08
 10 (restart 0) KSP residual norm 1.490591e-08
GMRES solver converged in 10 iterations (avg. reduction factor: 1.537e-01)
  Residual norms for GMRES solve
  0 (restart 0) KSP residual norm 4.521941e+00
  1 (restart 0) KSP residual norm 7.396028e-02
  2 (restart 0) KSP residual norm 5.969044e-03
  3 (restart 0) KSP residual norm 1.035663e-03
  4 (restart 0) KSP residual norm 1.816552e-04
  5 (restart 0) KSP residual norm 3.131437e-05
  6 (restart 0) KSP residual norm 5.874638e-06
  7 (restart 0) KSP residual norm 1.148945e-06
  8 (restart 0) KSP residual norm 2.292394e-07
  9 (restart 0) KSP residual norm 4.414027e-08
GMRES solver converged in 9 iterations (avg. reduction factor: 1.288e-01)
  Residual norms for GMRES solve
  0 (restart 0) KSP residual norm 6.072731e+00
  1 (restart 0) KSP residual norm 9.056384e-02
  2 (restart 0) KSP residual norm 9.514192e-03
  3 (restart 0) KSP residual norm 1.604929e-03
  4 (restart 0) KSP residual norm 2.856429e-04
  5 (restart 0) KSP residual norm 5.019438e-05
  6 (restart 0) KSP residual norm 9.829890e-06
  7 (restart 0) KSP residual norm 1.901429e-06
  8 (restart 0) KSP residual norm 3.882876e-07
  9 (restart 0) KSP residual norm 8.258753e-08
 10 (restart 0) KSP residual norm 1.841516e-08
GMRES solver converged in 10 iterations (avg. reduction factor: 1.407e-01)
  Residual norms for GMRES solve
  0 (restart 0) KSP residual norm 8.641003e+00
  1 (restart 0) KSP residual norm 8.032588e-02
  2 (restart 0) KSP residual norm 8.071209e-03
  3 (restart 0) KSP residual norm 1.473829e-03
  4 (restart 0) KSP residual norm 2.701800e-04
  5 (restart 0) KSP residual norm 4.408261e-05
  6 (restart 0) KSP residual norm 8.322639e-06
  7 (restart 0) KSP residual norm 1.648139e-06
  8 (restart 0) KSP residual norm 3.441570e-07
  9 (restart 0) KSP residual norm 7.322307e-08
GMRES solver converged in 9 iterations (avg. reduction factor: 1.268e-01)
  Residual norms for GMRES solve
  0 (restart 0) KSP residual norm 3.253116e+00
  1 (restart 0) KSP residual norm 8.765701e-02
  2 (restart 0) KSP residual norm 8.588535e-03
  3 (restart 0) KSP residual norm 1.402409e-03
  4 (restart 0) KSP residual norm 2.429458e-04
  5 (restart 0) KSP residual norm 4.567612e-05
  6 (restart 0) KSP residual norm 8.928691e-06
  7 (restart 0) KSP residual norm 1.770638e-06
  8 (restart 0) KSP residual norm 3.543459e-07
  9 (restart 0) KSP residual norm 7.428784e-08
 10 (restart 0) KSP residual norm 1.656943e-08
GMRES solver converged in 10 iterations (avg. reduction factor: 1.481e-01)
  Residual norms for GMRES solve
  0 (restart 0) KSP residual norm 4.778161e+00
  1 (restart 0) KSP residual norm 7.834715e-02
  2 (restart 0) KSP residual norm 8.861623e-03
  3 (restart 0) KSP residual norm 1.451333e-03
  4 (restart 0) KSP residual norm 2.558693e-04
  5 (restart 0) KSP residual norm 4.515491e-05
  6 (restart 0) KSP residual norm 8.610592e-06
  7 (restart 0) KSP residual norm 1.770354e-06
  8 (restart 0) KSP residual norm 3.896931e-07
  9 (restart 0) KSP residual norm 8.719922e-08
 10 (restart 0) KSP residual norm 1.882240e-08
GMRES solver converged in 10 iterations (avg. reduction factor: 1.444e-01)
  Residual norms for GMRES solve
  0 (restart 0) KSP residual norm 6.628595e+00
  1 (restart 0) KSP residual norm 9.322393e-02
  2 (restart 0) KSP residual norm 8.929871e-03
  3 (restart 0) KSP residual norm 1.426360e-03
  4 (restart 0) KSP residual norm 2.479216e-04
  5 (restart 0) KSP residual norm 4.408922e-05
  6 (restart 0) KSP residual norm 8.293601e-06
  7 (restart 0) KSP residual norm 1.644153e-06
  8 (restart 0) KSP residual norm 3.544126e-07
  9 (restart 0) KSP residual norm 7.780566e-08
 10 (restart 0) KSP residual norm 1.704723e-08
GMRES solver converged in 10 iterations (avg. reduction factor: 1.384e-01)
  3 EPS nconv=9 first unconverged value (error) -1.97948e-05+0.702297i (1.19709496e-03)
  Residual norms for GMRES solve
  0 (restart 0) KSP residual norm 1.017614e+01
  1 (restart 0) KSP residual norm 9.241455e-02
  2 (restart 0) KSP residual norm 1.017759e-02
  3 (restart 0) KSP residual norm 1.671313e-03
  4 (restart 0) KSP residual norm 2.996539e-04
  5 (restart 0) KSP residual norm 5.265903e-05
  6 (restart 0) KSP residual norm 1.032537e-05
  7 (restart 0) KSP residual norm 2.179512e-06
  8 (restart 0) KSP residual norm 4.830812e-07
  9 (restart 0) KSP residual norm 1.064976e-07
 10 (restart 0) KSP residual norm 2.321273e-08
GMRES solver converged in 10 iterations (avg. reduction factor: 1.367e-01)
  Residual norms for GMRES solve
  0 (restart 0) KSP residual norm 8.655656e+00
  1 (restart 0) KSP residual norm 9.797018e-02
  2 (restart 0) KSP residual norm 8.182820e-03
  3 (restart 0) KSP residual norm 1.428553e-03
  4 (restart 0) KSP residual norm 2.537122e-04
  5 (restart 0) KSP residual norm 4.493630e-05
  6 (restart 0) KSP residual norm 8.937317e-06
  7 (restart 0) KSP residual norm 1.867408e-06
  8 (restart 0) KSP residual norm 4.084983e-07
  9 (restart 0) KSP residual norm 8.947437e-08
 10 (restart 0) KSP residual norm 1.959791e-08
GMRES solver converged in 10 iterations (avg. reduction factor: 1.366e-01)
  Residual norms for GMRES solve
  0 (restart 0) KSP residual norm 5.491572e+00
  1 (restart 0) KSP residual norm 8.219479e-02
  2 (restart 0) KSP residual norm 1.019625e-02
  3 (restart 0) KSP residual norm 1.667222e-03
  4 (restart 0) KSP residual norm 2.981913e-04
  5 (restart 0) KSP residual norm 5.402999e-05
  6 (restart 0) KSP residual norm 1.027286e-05
  7 (restart 0) KSP residual norm 2.085803e-06
  8 (restart 0) KSP residual norm 4.529206e-07
  9 (restart 0) KSP residual norm 1.011066e-07
 10 (restart 0) KSP residual norm 2.196315e-08
GMRES solver converged in 10 iterations (avg. reduction factor: 1.446e-01)
  Residual norms for GMRES solve
  0 (restart 0) KSP residual norm 2.979630e+00
  1 (restart 0) KSP residual norm 8.912916e-02
  2 (restart 0) KSP residual norm 1.058384e-02
  3 (restart 0) KSP residual norm 1.668600e-03
  4 (restart 0) KSP residual norm 2.923628e-04
  5 (restart 0) KSP residual norm 5.313884e-05
  6 (restart 0) KSP residual norm 1.019786e-05
  7 (restart 0) KSP residual norm 2.043238e-06
  8 (restart 0) KSP residual norm 4.368012e-07
  9 (restart 0) KSP residual norm 9.876832e-08
 10 (restart 0) KSP residual norm 2.179354e-08
GMRES solver converged in 10 iterations (avg. reduction factor: 1.536e-01)
  Residual norms for GMRES solve
  0 (restart 0) KSP residual norm 8.599987e+00
  1 (restart 0) KSP residual norm 9.844312e-02
  2 (restart 0) KSP residual norm 9.731452e-03
  3 (restart 0) KSP residual norm 1.641278e-03
  4 (restart 0) KSP residual norm 2.924800e-04
  5 (restart 0) KSP residual norm 5.097112e-05
  6 (restart 0) KSP residual norm 9.947158e-06
  7 (restart 0) KSP residual norm 1.995572e-06
  8 (restart 0) KSP residual norm 4.312707e-07
  9 (restart 0) KSP residual norm 9.688172e-08
 10 (restart 0) KSP residual norm 2.175023e-08
GMRES solver converged in 10 iterations (avg. reduction factor: 1.381e-01)
  Residual norms for GMRES solve
  0 (restart 0) KSP residual norm 8.067376e+00
  1 (restart 0) KSP residual norm 9.403330e-02
  2 (restart 0) KSP residual norm 8.661955e-03
  3 (restart 0) KSP residual norm 1.481075e-03
  4 (restart 0) KSP residual norm 2.655266e-04
  5 (restart 0) KSP residual norm 4.577382e-05
  6 (restart 0) KSP residual norm 8.415622e-06
  7 (restart 0) KSP residual norm 1.565039e-06
  8 (restart 0) KSP residual norm 3.073917e-07
  9 (restart 0) KSP residual norm 6.134608e-08
GMRES solver converged in 9 iterations (avg. reduction factor: 1.253e-01)
  Residual norms for GMRES solve
  0 (restart 0) KSP residual norm 5.826399e+00
  1 (restart 0) KSP residual norm 8.400601e-02
  2 (restart 0) KSP residual norm 9.933712e-03
  3 (restart 0) KSP residual norm 1.644130e-03
  4 (restart 0) KSP residual norm 2.911770e-04
  5 (restart 0) KSP residual norm 5.043040e-05
  6 (restart 0) KSP residual norm 9.368374e-06
  7 (restart 0) KSP residual norm 1.833298e-06
  8 (restart 0) KSP residual norm 3.769786e-07
  9 (restart 0) KSP residual norm 8.061299e-08
 10 (restart 0) KSP residual norm 1.749333e-08
GMRES solver converged in 10 iterations (avg. reduction factor: 1.405e-01)
  Residual norms for GMRES solve
  0 (restart 0) KSP residual norm 2.615398e+00
  1 (restart 0) KSP residual norm 7.359444e-02
  2 (restart 0) KSP residual norm 5.955212e-03
  3 (restart 0) KSP residual norm 1.070644e-03
  4 (restart 0) KSP residual norm 1.911575e-04
  5 (restart 0) KSP residual norm 3.492246e-05
  6 (restart 0) KSP residual norm 7.081736e-06
  7 (restart 0) KSP residual norm 1.399089e-06
  8 (restart 0) KSP residual norm 2.881211e-07
  9 (restart 0) KSP residual norm 6.163248e-08
 10 (restart 0) KSP residual norm 1.416197e-08
GMRES solver converged in 10 iterations (avg. reduction factor: 1.491e-01)
  Residual norms for GMRES solve
  0 (restart 0) KSP residual norm 8.026101e+00
  1 (restart 0) KSP residual norm 8.483776e-02
  2 (restart 0) KSP residual norm 9.535001e-03
  3 (restart 0) KSP residual norm 1.602658e-03
  4 (restart 0) KSP residual norm 2.904734e-04
  5 (restart 0) KSP residual norm 5.111908e-05
  6 (restart 0) KSP residual norm 1.023151e-05
  7 (restart 0) KSP residual norm 2.108152e-06
  8 (restart 0) KSP residual norm 4.625192e-07
  9 (restart 0) KSP residual norm 1.040688e-07
 10 (restart 0) KSP residual norm 2.267653e-08
GMRES solver converged in 10 iterations (avg. reduction factor: 1.397e-01)
  Residual norms for GMRES solve
  0 (restart 0) KSP residual norm 7.683643e+00
  1 (restart 0) KSP residual norm 9.175027e-02
  2 (restart 0) KSP residual norm 7.379249e-03
  3 (restart 0) KSP residual norm 1.256641e-03
  4 (restart 0) KSP residual norm 2.197130e-04
  5 (restart 0) KSP residual norm 3.886842e-05
  6 (restart 0) KSP residual norm 7.746352e-06
  7 (restart 0) KSP residual norm 1.564020e-06
  8 (restart 0) KSP residual norm 3.306181e-07
  9 (restart 0) KSP residual norm 7.106809e-08
GMRES solver converged in 9 iterations (avg. reduction factor: 1.280e-01)
  4 EPS nconv=13 first unconverged value (error) -3.36299e-05+0.763609i (1.00487631e-02)
  Residual norms for GMRES solve
  0 (restart 0) KSP residual norm 8.441178e+00
  1 (restart 0) KSP residual norm 9.647713e-02
  2 (restart 0) KSP residual norm 8.696777e-03
  3 (restart 0) KSP residual norm 1.417875e-03
  4 (restart 0) KSP residual norm 2.459902e-04
  5 (restart 0) KSP residual norm 4.127859e-05
  6 (restart 0) KSP residual norm 7.767520e-06
  7 (restart 0) KSP residual norm 1.640468e-06
  8 (restart 0) KSP residual norm 3.842797e-07
  9 (restart 0) KSP residual norm 8.396966e-08
GMRES solver converged in 9 iterations (avg. reduction factor: 1.291e-01)
  Residual norms for GMRES solve
  0 (restart 0) KSP residual norm 8.620526e+00
  1 (restart 0) KSP residual norm 9.779927e-02
  2 (restart 0) KSP residual norm 6.415405e-03
  3 (restart 0) KSP residual norm 1.191799e-03
  4 (restart 0) KSP residual norm 2.081445e-04
  5 (restart 0) KSP residual norm 3.564924e-05
  6 (restart 0) KSP residual norm 7.163537e-06
  7 (restart 0) KSP residual norm 1.571091e-06
  8 (restart 0) KSP residual norm 3.598840e-07
  9 (restart 0) KSP residual norm 7.661361e-08
GMRES solver converged in 9 iterations (avg. reduction factor: 1.275e-01)
  Residual norms for GMRES solve
  0 (restart 0) KSP residual norm 6.124738e+00
  1 (restart 0) KSP residual norm 9.677162e-02
  2 (restart 0) KSP residual norm 1.229840e-02
  3 (restart 0) KSP residual norm 1.997590e-03
  4 (restart 0) KSP residual norm 3.633751e-04
  5 (restart 0) KSP residual norm 6.615443e-05
  6 (restart 0) KSP residual norm 1.289563e-05
  7 (restart 0) KSP residual norm 2.628557e-06
  8 (restart 0) KSP residual norm 5.796503e-07
  9 (restart 0) KSP residual norm 1.312372e-07
 10 (restart 0) KSP residual norm 2.785065e-08
GMRES solver converged in 10 iterations (avg. reduction factor: 1.465e-01)
  Residual norms for GMRES solve
  0 (restart 0) KSP residual norm 2.670383e+00
  1 (restart 0) KSP residual norm 6.538552e-02
  2 (restart 0) KSP residual norm 6.352322e-03
  3 (restart 0) KSP residual norm 1.041725e-03
  4 (restart 0) KSP residual norm 1.788721e-04
  5 (restart 0) KSP residual norm 3.170720e-05
  6 (restart 0) KSP residual norm 6.273650e-06
  7 (restart 0) KSP residual norm 1.327130e-06
  8 (restart 0) KSP residual norm 2.956367e-07
  9 (restart 0) KSP residual norm 6.418346e-08
 10 (restart 0) KSP residual norm 1.390377e-08
GMRES solver converged in 10 iterations (avg. reduction factor: 1.485e-01)
  Residual norms for GMRES solve
  0 (restart 0) KSP residual norm 5.234641e+00
  1 (restart 0) KSP residual norm 9.119733e-02
  2 (restart 0) KSP residual norm 1.098524e-02
  3 (restart 0) KSP residual norm 1.761499e-03
  4 (restart 0) KSP residual norm 3.050921e-04
  5 (restart 0) KSP residual norm 5.269460e-05
  6 (restart 0) KSP residual norm 9.713692e-06
  7 (restart 0) KSP residual norm 1.912697e-06
  8 (restart 0) KSP residual norm 4.139340e-07
  9 (restart 0) KSP residual norm 9.352165e-08
 10 (restart 0) KSP residual norm 2.055769e-08
GMRES solver converged in 10 iterations (avg. reduction factor: 1.443e-01)
  Residual norms for GMRES solve
  0 (restart 0) KSP residual norm 7.072394e+00
  1 (restart 0) KSP residual norm 7.428689e-02
  2 (restart 0) KSP residual norm 6.567409e-03
  3 (restart 0) KSP residual norm 1.167398e-03
  4 (restart 0) KSP residual norm 2.081811e-04
  5 (restart 0) KSP residual norm 3.611181e-05
  6 (restart 0) KSP residual norm 7.059647e-06
  7 (restart 0) KSP residual norm 1.424069e-06
  8 (restart 0) KSP residual norm 3.108440e-07
  9 (restart 0) KSP residual norm 7.025878e-08
GMRES solver converged in 9 iterations (avg. reduction factor: 1.291e-01)
  Residual norms for GMRES solve
  0 (restart 0) KSP residual norm 9.442657e+00
  1 (restart 0) KSP residual norm 9.638255e-02
  2 (restart 0) KSP residual norm 1.013012e-02
  3 (restart 0) KSP residual norm 1.698516e-03
  4 (restart 0) KSP residual norm 3.017317e-04
  5 (restart 0) KSP residual norm 5.401776e-05
  6 (restart 0) KSP residual norm 1.072944e-05
  7 (restart 0) KSP residual norm 2.181103e-06
  8 (restart 0) KSP residual norm 4.646000e-07
  9 (restart 0) KSP residual norm 1.027959e-07
 10 (restart 0) KSP residual norm 2.308796e-08
GMRES solver converged in 10 iterations (avg. reduction factor: 1.377e-01)
  Residual norms for GMRES solve
  0 (restart 0) KSP residual norm 7.456103e+00
  1 (restart 0) KSP residual norm 7.900232e-02
  2 (restart 0) KSP residual norm 6.337457e-03
  3 (restart 0) KSP residual norm 1.147872e-03
  4 (restart 0) KSP residual norm 2.060865e-04
  5 (restart 0) KSP residual norm 3.533279e-05
  6 (restart 0) KSP residual norm 6.737636e-06
  7 (restart 0) KSP residual norm 1.288531e-06
  8 (restart 0) KSP residual norm 2.510568e-07
  9 (restart 0) KSP residual norm 4.898371e-08
GMRES solver converged in 9 iterations (avg. reduction factor: 1.233e-01)
  5 EPS nconv=17 first unconverged value (error) -2.6568e-05+0.872538i (1.24177199e-03)

 Linear eigensolve converged (17 eigenpairs) due to CONVERGED_TOL; iterations 5
 Total number of linear systems solved: 71
 Total number of linear solver iterations: 698
 Found 17 converged eigenvalues (first = -2.413e-04+4.809e+00i)

 Refining eigenvalues with Quasi-Newton solver
  Residual norms for GMRES solve
  0 (restart 0) KSP residual norm 5.700122e+01
  1 (restart 0) KSP residual norm 1.225022e+00
  2 (restart 0) KSP residual norm 3.462873e-01
  3 (restart 0) KSP residual norm 3.453578e-01
  4 (restart 0) KSP residual norm 3.393282e-01
  5 (restart 0) KSP residual norm 1.911191e-01
  6 (restart 0) KSP residual norm 9.714051e-02
  7 (restart 0) KSP residual norm 3.143383e-02
  8 (restart 0) KSP residual norm 7.438077e-03
  9 (restart 0) KSP residual norm 1.162032e-03
GMRES solver converged in 9 iterations (avg. reduction factor: 3.012e-01)
0 NLEPS (nconv=0, restart=0) residual norm 6.241434e-04
  Residual norms for GMRES solve
  0 (restart 0) KSP residual norm 5.092927e-05
  1 (restart 0) KSP residual norm 1.319323e-05
  2 (restart 0) KSP residual norm 2.081330e-06
  3 (restart 0) KSP residual norm 1.842803e-06
  4 (restart 0) KSP residual norm 1.831849e-06
  5 (restart 0) KSP residual norm 1.421777e-06
  6 (restart 0) KSP residual norm 5.607664e-07
  7 (restart 0) KSP residual norm 1.190518e-07
  8 (restart 0) KSP residual norm 2.454764e-08
  9 (restart 0) KSP residual norm 4.840623e-09
GMRES solver converged in 9 iterations (avg. reduction factor: 3.574e-01)
1 NLEPS (nconv=0, restart=0) residual norm 1.229648e-05
  Residual norms for GMRES solve
  0 (restart 0) KSP residual norm 6.349723e-07
  1 (restart 0) KSP residual norm 1.803180e-07
  2 (restart 0) KSP residual norm 8.301645e-08
  3 (restart 0) KSP residual norm 5.353445e-08
  4 (restart 0) KSP residual norm 5.203356e-08
  5 (restart 0) KSP residual norm 4.515962e-08
  6 (restart 0) KSP residual norm 3.771779e-08
  7 (restart 0) KSP residual norm 1.017402e-08
  8 (restart 0) KSP residual norm 2.511602e-09
  9 (restart 0) KSP residual norm 4.291873e-10
 10 (restart 0) KSP residual norm 8.393984e-11
 11 (restart 0) KSP residual norm 1.467369e-11
 12 (restart 0) KSP residual norm 3.117197e-12
GMRES solver converged in 12 iterations (avg. reduction factor: 3.611e-01)
2 NLEPS (nconv=0, restart=0) residual norm 1.317196e-08
  Residual norms for GMRES solve
  0 (restart 0) KSP residual norm 6.392369e-11
  1 (restart 0) KSP residual norm 6.431563e-12
  2 (restart 0) KSP residual norm 5.207622e-12
  3 (restart 0) KSP residual norm 4.164713e-12
  4 (restart 0) KSP residual norm 3.869099e-12
  5 (restart 0) KSP residual norm 3.664867e-12
  6 (restart 0) KSP residual norm 3.480699e-12
  7 (restart 0) KSP residual norm 2.213132e-12
  8 (restart 0) KSP residual norm 8.474405e-13
GMRES solver converged in 8 iterations (avg. reduction factor: 5.825e-01)
3 NLEPS (nconv=0, restart=0) residual norm 3.044468e-09
Eigenvalue 0, Quasi-Newton converged in 3 iterations (-2.409e-04+4.809e+00i).
  Residual norms for GMRES solve
  0 (restart 0) KSP residual norm 2.245528e+01
  1 (restart 0) KSP residual norm 5.489473e-01
  2 (restart 0) KSP residual norm 3.177302e-01
  3 (restart 0) KSP residual norm 2.693742e-01
  4 (restart 0) KSP residual norm 5.112465e-02
  5 (restart 0) KSP residual norm 4.004534e-02
  6 (restart 0) KSP residual norm 1.940934e-02
  7 (restart 0) KSP residual norm 1.182172e-02
  8 (restart 0) KSP residual norm 1.044756e-02
  9 (restart 0) KSP residual norm 1.006182e-02
 10 (restart 0) KSP residual norm 1.003257e-02
 11 (restart 0) KSP residual norm 9.977297e-03
 12 (restart 0) KSP residual norm 8.952082e-03
 13 (restart 0) KSP residual norm 3.270615e-03
 14 (restart 0) KSP residual norm 7.439291e-04
GMRES solver converged in 14 iterations (avg. reduction factor: 4.786e-01)
0 NLEPS (nconv=1, restart=0) residual norm 5.869369e-02
  Residual norms for GMRES solve
  0 (restart 0) KSP residual norm 2.766094e-01
  1 (restart 0) KSP residual norm 2.075419e-01
  2 (restart 0) KSP residual norm 2.831803e-02
  3 (restart 0) KSP residual norm 1.510045e-02
  4 (restart 0) KSP residual norm 1.490427e-02
  5 (restart 0) KSP residual norm 1.157838e-02
  6 (restart 0) KSP residual norm 7.500046e-03
  7 (restart 0) KSP residual norm 6.522400e-03
  8 (restart 0) KSP residual norm 5.377652e-03
  9 (restart 0) KSP residual norm 3.915101e-03
 10 (restart 0) KSP residual norm 2.781871e-03
 11 (restart 0) KSP residual norm 2.397461e-03
 12 (restart 0) KSP residual norm 1.740762e-03
 13 (restart 0) KSP residual norm 5.480487e-04
 14 (restart 0) KSP residual norm 9.989414e-05
 15 (restart 0) KSP residual norm 2.020010e-05
GMRES solver converged in 15 iterations (avg. reduction factor: 5.299e-01)
1 NLEPS (nconv=1, restart=0) residual norm 5.363857e-04
  Residual norms for GMRES solve
  0 (restart 0) KSP residual norm 1.331660e-06
  1 (restart 0) KSP residual norm 2.649125e-07
  2 (restart 0) KSP residual norm 7.282326e-08
  3 (restart 0) KSP residual norm 7.063466e-08
  4 (restart 0) KSP residual norm 6.931649e-08
  5 (restart 0) KSP residual norm 3.644909e-08
  6 (restart 0) KSP residual norm 2.875028e-08
  7 (restart 0) KSP residual norm 2.453966e-08
  8 (restart 0) KSP residual norm 1.724703e-08
  9 (restart 0) KSP residual norm 1.099292e-08
 10 (restart 0) KSP residual norm 8.286625e-09
 11 (restart 0) KSP residual norm 7.404200e-09
 12 (restart 0) KSP residual norm 6.861078e-09
 13 (restart 0) KSP residual norm 3.429955e-09
 14 (restart 0) KSP residual norm 6.546621e-10
 15 (restart 0) KSP residual norm 1.362691e-10
 16 (restart 0) KSP residual norm 2.836786e-11
GMRES solver converged in 16 iterations (avg. reduction factor: 5.105e-01)
2 NLEPS (nconv=1, restart=0) residual norm 1.596053e-07
  Residual norms for GMRES solve
  0 (restart 0) KSP residual norm 1.795896e-07
  1 (restart 0) KSP residual norm 1.641036e-08
  2 (restart 0) KSP residual norm 7.471318e-09
  3 (restart 0) KSP residual norm 7.428413e-09
  4 (restart 0) KSP residual norm 5.381131e-09
  5 (restart 0) KSP residual norm 4.109080e-09
  6 (restart 0) KSP residual norm 4.089640e-09
  7 (restart 0) KSP residual norm 3.327606e-09
  8 (restart 0) KSP residual norm 2.009475e-09
  9 (restart 0) KSP residual norm 1.387253e-09
 10 (restart 0) KSP residual norm 1.175945e-09
 11 (restart 0) KSP residual norm 9.490448e-10
 12 (restart 0) KSP residual norm 5.530729e-10
 13 (restart 0) KSP residual norm 1.721807e-10
 14 (restart 0) KSP residual norm 4.560573e-11
 15 (restart 0) KSP residual norm 1.096308e-11
 16 (restart 0) KSP residual norm 2.054700e-12
 17 (restart 0) KSP residual norm 3.837792e-13
GMRES solver converged in 17 iterations (avg. reduction factor: 4.639e-01)
3 NLEPS (nconv=1, restart=0) residual norm 1.541839e-10
Eigenvalue 1, Quasi-Newton converged in 3 iterations (-3.042e-04+7.663e+00i).
  Residual norms for GMRES solve
  0 (restart 0) KSP residual norm 1.983187e+01
  1 (restart 0) KSP residual norm 4.582142e+00
  2 (restart 0) KSP residual norm 3.290712e+00
  3 (restart 0) KSP residual norm 1.105329e+00
  4 (restart 0) KSP residual norm 9.418475e-01
  5 (restart 0) KSP residual norm 1.904113e-01
  6 (restart 0) KSP residual norm 1.352250e-01
  7 (restart 0) KSP residual norm 1.257145e-01
  8 (restart 0) KSP residual norm 2.332039e-02
  9 (restart 0) KSP residual norm 1.659048e-02
 10 (restart 0) KSP residual norm 1.551678e-02
 11 (restart 0) KSP residual norm 1.546668e-02
 12 (restart 0) KSP residual norm 1.544028e-02
 13 (restart 0) KSP residual norm 1.344588e-02
 14 (restart 0) KSP residual norm 4.102851e-03
 15 (restart 0) KSP residual norm 8.781300e-04
GMRES solver converged in 15 iterations (avg. reduction factor: 5.126e-01)
0 NLEPS (nconv=2, restart=0) residual norm 7.166083e-02
  Residual norms for GMRES solve
  0 (restart 0) KSP residual norm 1.087575e+00
  1 (restart 0) KSP residual norm 5.260798e-01
  2 (restart 0) KSP residual norm 1.504876e-01
  3 (restart 0) KSP residual norm 9.827823e-02
  4 (restart 0) KSP residual norm 5.710419e-02
  5 (restart 0) KSP residual norm 2.710631e-02
  6 (restart 0) KSP residual norm 2.087953e-02
  7 (restart 0) KSP residual norm 1.846062e-02
  8 (restart 0) KSP residual norm 1.018581e-02
  9 (restart 0) KSP residual norm 7.141102e-03
 10 (restart 0) KSP residual norm 6.099662e-03
 11 (restart 0) KSP residual norm 5.776883e-03
 12 (restart 0) KSP residual norm 5.645393e-03
 13 (restart 0) KSP residual norm 3.467713e-03
 14 (restart 0) KSP residual norm 7.229105e-04
 15 (restart 0) KSP residual norm 1.477827e-04
 16 (restart 0) KSP residual norm 3.099592e-05
GMRES solver converged in 16 iterations (avg. reduction factor: 5.199e-01)
1 NLEPS (nconv=2, restart=0) residual norm 7.947052e-04
  Residual norms for GMRES solve
  0 (restart 0) KSP residual norm 1.684652e-05
  1 (restart 0) KSP residual norm 3.414992e-06
  2 (restart 0) KSP residual norm 2.592876e-06
  3 (restart 0) KSP residual norm 6.879079e-07
  4 (restart 0) KSP residual norm 6.482324e-07
  5 (restart 0) KSP residual norm 5.696465e-07
  6 (restart 0) KSP residual norm 1.414037e-07
  7 (restart 0) KSP residual norm 3.427066e-08
  8 (restart 0) KSP residual norm 1.928776e-08
  9 (restart 0) KSP residual norm 1.736503e-08
 10 (restart 0) KSP residual norm 1.733743e-08
 11 (restart 0) KSP residual norm 1.733059e-08
 12 (restart 0) KSP residual norm 1.725448e-08
 13 (restart 0) KSP residual norm 1.558263e-08
 14 (restart 0) KSP residual norm 5.780257e-09
 15 (restart 0) KSP residual norm 1.129130e-09
GMRES solver converged in 15 iterations (avg. reduction factor: 5.269e-01)
2 NLEPS (nconv=2, restart=0) residual norm 3.573200e-07
  Residual norms for GMRES solve
  0 (restart 0) KSP residual norm 6.051908e-06
  1 (restart 0) KSP residual norm 1.212964e-06
  2 (restart 0) KSP residual norm 6.939508e-07
  3 (restart 0) KSP residual norm 1.991616e-07
  4 (restart 0) KSP residual norm 1.314672e-07
  5 (restart 0) KSP residual norm 1.285653e-07
  6 (restart 0) KSP residual norm 3.960593e-08
  7 (restart 0) KSP residual norm 1.087939e-08
  8 (restart 0) KSP residual norm 6.459923e-09
  9 (restart 0) KSP residual norm 6.025537e-09
 10 (restart 0) KSP residual norm 6.018562e-09
 11 (restart 0) KSP residual norm 6.011544e-09
 12 (restart 0) KSP residual norm 5.972416e-09
 13 (restart 0) KSP residual norm 5.304687e-09
 14 (restart 0) KSP residual norm 1.803318e-09
 15 (restart 0) KSP residual norm 3.509378e-10
 16 (restart 0) KSP residual norm 7.086163e-11
 17 (restart 0) KSP residual norm 1.278461e-11
 18 (restart 0) KSP residual norm 2.685001e-12
 19 (restart 0) KSP residual norm 5.696635e-13
GMRES solver converged in 19 iterations (avg. reduction factor: 4.268e-01)
3 NLEPS (nconv=2, restart=0) residual norm 3.840424e-09
Eigenvalue 2, Quasi-Newton converged in 3 iterations (-3.619e-04+8.230e+00i).
  Residual norms for GMRES solve
  0 (restart 0) KSP residual norm 1.983161e+01
  1 (restart 0) KSP residual norm 4.579160e+00
  2 (restart 0) KSP residual norm 3.295680e+00
  3 (restart 0) KSP residual norm 1.107444e+00
  4 (restart 0) KSP residual norm 9.400746e-01
  5 (restart 0) KSP residual norm 1.794542e-01
  6 (restart 0) KSP residual norm 1.081598e-01
  7 (restart 0) KSP residual norm 6.177478e-02
  8 (restart 0) KSP residual norm 3.027878e-02
  9 (restart 0) KSP residual norm 3.008187e-02
 10 (restart 0) KSP residual norm 2.959301e-02
 11 (restart 0) KSP residual norm 2.952046e-02
 12 (restart 0) KSP residual norm 2.930948e-02
 13 (restart 0) KSP residual norm 2.700353e-02
 14 (restart 0) KSP residual norm 1.254906e-02
 15 (restart 0) KSP residual norm 2.887798e-03
 16 (restart 0) KSP residual norm 4.904071e-04
GMRES solver converged in 16 iterations (avg. reduction factor: 5.153e-01)
0 NLEPS (nconv=3, restart=0) residual norm 8.966559e-02
  Residual norms for GMRES solve
  0 (restart 0) KSP residual norm 3.045640e+01
  1 (restart 0) KSP residual norm 5.253409e+00
  2 (restart 0) KSP residual norm 5.036302e+00
  3 (restart 0) KSP residual norm 1.351703e+00
  4 (restart 0) KSP residual norm 1.157475e+00
  5 (restart 0) KSP residual norm 5.538005e-01
  6 (restart 0) KSP residual norm 3.284819e-01
  7 (restart 0) KSP residual norm 1.209511e-01
  8 (restart 0) KSP residual norm 8.911016e-02
  9 (restart 0) KSP residual norm 8.489895e-02
 10 (restart 0) KSP residual norm 8.470604e-02
 11 (restart 0) KSP residual norm 8.470334e-02
 12 (restart 0) KSP residual norm 8.431305e-02
 13 (restart 0) KSP residual norm 7.345670e-02
 14 (restart 0) KSP residual norm 2.875513e-02
 15 (restart 0) KSP residual norm 5.910952e-03
 16 (restart 0) KSP residual norm 1.160201e-03
GMRES solver converged in 16 iterations (avg. reduction factor: 5.294e-01)
1 NLEPS (nconv=3, restart=0) residual norm 8.736019e-06
  Residual norms for GMRES solve
  0 (restart 0) KSP residual norm 2.285466e-05
  1 (restart 0) KSP residual norm 2.859702e-06
  2 (restart 0) KSP residual norm 2.110034e-06
  3 (restart 0) KSP residual norm 8.729843e-07
  4 (restart 0) KSP residual norm 6.510872e-07
  5 (restart 0) KSP residual norm 5.721042e-07
  6 (restart 0) KSP residual norm 4.005500e-07
  7 (restart 0) KSP residual norm 1.340267e-07
  8 (restart 0) KSP residual norm 7.406433e-08
  9 (restart 0) KSP residual norm 6.595174e-08
 10 (restart 0) KSP residual norm 6.406931e-08
 11 (restart 0) KSP residual norm 6.252112e-08
 12 (restart 0) KSP residual norm 6.194724e-08
 13 (restart 0) KSP residual norm 5.934542e-08
 14 (restart 0) KSP residual norm 3.596609e-08
 15 (restart 0) KSP residual norm 7.375443e-09
 16 (restart 0) KSP residual norm 1.497520e-09
 17 (restart 0) KSP residual norm 2.603265e-10
 18 (restart 0) KSP residual norm 5.234047e-11
GMRES solver converged in 18 iterations (avg. reduction factor: 4.860e-01)
2 NLEPS (nconv=3, restart=0) residual norm 6.268501e-08
  Residual norms for GMRES solve
  0 (restart 0) KSP residual norm 3.924175e-08
  1 (restart 0) KSP residual norm 4.770838e-09
  2 (restart 0) KSP residual norm 3.766512e-09
  3 (restart 0) KSP residual norm 1.156791e-09
  4 (restart 0) KSP residual norm 6.663764e-10
  5 (restart 0) KSP residual norm 5.715900e-10
  6 (restart 0) KSP residual norm 3.870974e-10
  7 (restart 0) KSP residual norm 1.365653e-10
  8 (restart 0) KSP residual norm 1.011546e-10
  9 (restart 0) KSP residual norm 9.709123e-11
 10 (restart 0) KSP residual norm 9.688219e-11
 11 (restart 0) KSP residual norm 9.662678e-11
 12 (restart 0) KSP residual norm 9.648770e-11
 13 (restart 0) KSP residual norm 8.634466e-11
 14 (restart 0) KSP residual norm 3.404775e-11
 15 (restart 0) KSP residual norm 7.248907e-12
 16 (restart 0) KSP residual norm 1.543007e-12
 17 (restart 0) KSP residual norm 3.157295e-13
GMRES solver converged in 17 iterations (avg. reduction factor: 5.016e-01)
3 NLEPS (nconv=3, restart=0) residual norm 1.460243e-09
Eigenvalue 3, Quasi-Newton converged in 3 iterations (-3.619e-04+8.230e+00i).
  Residual norms for GMRES solve
  0 (restart 0) KSP residual norm 9.104329e+01
  1 (restart 0) KSP residual norm 2.495116e+01
  2 (restart 0) KSP residual norm 8.164270e-01
  3 (restart 0) KSP residual norm 5.697262e-01
  4 (restart 0) KSP residual norm 5.585629e-01
  5 (restart 0) KSP residual norm 4.659096e-01
  6 (restart 0) KSP residual norm 4.473324e-01
  7 (restart 0) KSP residual norm 3.419587e-01
  8 (restart 0) KSP residual norm 8.383441e-02
  9 (restart 0) KSP residual norm 1.585510e-02
 10 (restart 0) KSP residual norm 3.392401e-03
GMRES solver converged in 10 iterations (avg. reduction factor: 3.607e-01)
0 NLEPS (nconv=4, restart=0) residual norm 8.623368e-02
  Residual norms for GMRES solve
  0 (restart 0) KSP residual norm 1.505999e+00
  1 (restart 0) KSP residual norm 1.415109e+00
  2 (restart 0) KSP residual norm 3.466444e-02
  3 (restart 0) KSP residual norm 6.447293e-03
  4 (restart 0) KSP residual norm 5.866982e-03
  5 (restart 0) KSP residual norm 5.841045e-03
  6 (restart 0) KSP residual norm 5.832329e-03
  7 (restart 0) KSP residual norm 5.815513e-03
  8 (restart 0) KSP residual norm 5.610355e-03
  9 (restart 0) KSP residual norm 3.061904e-03
 10 (restart 0) KSP residual norm 7.614440e-04
 11 (restart 0) KSP residual norm 1.511204e-04
 12 (restart 0) KSP residual norm 2.851047e-05
GMRES solver converged in 12 iterations (avg. reduction factor: 4.040e-01)
1 NLEPS (nconv=4, restart=0) residual norm 5.341179e-04
  Residual norms for GMRES solve
  0 (restart 0) KSP residual norm 2.651363e-07
  1 (restart 0) KSP residual norm 8.882815e-08
  2 (restart 0) KSP residual norm 3.381565e-09
  3 (restart 0) KSP residual norm 1.410942e-09
  4 (restart 0) KSP residual norm 9.651769e-10
  5 (restart 0) KSP residual norm 9.406025e-10
  6 (restart 0) KSP residual norm 9.395144e-10
  7 (restart 0) KSP residual norm 9.386484e-10
  8 (restart 0) KSP residual norm 9.302728e-10
  9 (restart 0) KSP residual norm 8.440407e-10
 10 (restart 0) KSP residual norm 3.544273e-10
 11 (restart 0) KSP residual norm 5.652655e-11
 12 (restart 0) KSP residual norm 1.003853e-11
GMRES solver converged in 12 iterations (avg. reduction factor: 4.281e-01)
2 NLEPS (nconv=4, restart=0) residual norm 1.297710e-07
  Residual norms for GMRES solve
  0 (restart 0) KSP residual norm 3.815773e-08
  1 (restart 0) KSP residual norm 1.412684e-09
  2 (restart 0) KSP residual norm 2.617188e-10
  3 (restart 0) KSP residual norm 2.502374e-10
  4 (restart 0) KSP residual norm 2.187519e-10
  5 (restart 0) KSP residual norm 2.104714e-10
  6 (restart 0) KSP residual norm 2.066292e-10
  7 (restart 0) KSP residual norm 1.741288e-10
  8 (restart 0) KSP residual norm 5.119322e-11
  9 (restart 0) KSP residual norm 1.337540e-11
 10 (restart 0) KSP residual norm 2.919548e-12
 11 (restart 0) KSP residual norm 6.090612e-13
GMRES solver converged in 11 iterations (avg. reduction factor: 3.664e-01)
3 NLEPS (nconv=4, restart=0) residual norm 3.590639e-10
Eigenvalue 4, Quasi-Newton converged in 3 iterations (-5.016e-04+8.792e+00i).
  Residual norms for GMRES solve
  0 (restart 0) KSP residual norm 1.751460e+01
  1 (restart 0) KSP residual norm 1.747944e+01
  2 (restart 0) KSP residual norm 2.756079e+00
  3 (restart 0) KSP residual norm 1.383651e+00
  4 (restart 0) KSP residual norm 1.113669e-01
  5 (restart 0) KSP residual norm 8.853743e-02
  6 (restart 0) KSP residual norm 8.791804e-02
  7 (restart 0) KSP residual norm 8.715097e-02
  8 (restart 0) KSP residual norm 8.618645e-02
  9 (restart 0) KSP residual norm 3.747556e-02
 10 (restart 0) KSP residual norm 2.093899e-02
 11 (restart 0) KSP residual norm 1.873849e-02
 12 (restart 0) KSP residual norm 1.861700e-02
 13 (restart 0) KSP residual norm 1.853017e-02
 14 (restart 0) KSP residual norm 1.821073e-02
 15 (restart 0) KSP residual norm 1.406888e-02
 16 (restart 0) KSP residual norm 4.185343e-03
 17 (restart 0) KSP residual norm 8.336356e-04
GMRES solver converged in 17 iterations (avg. reduction factor: 5.569e-01)
0 NLEPS (nconv=5, restart=0) residual norm 8.785657e-02
  Residual norms for GMRES solve
  0 (restart 0) KSP residual norm 7.652603e-01
  1 (restart 0) KSP residual norm 7.648272e-01
  2 (restart 0) KSP residual norm 5.167467e-01
  3 (restart 0) KSP residual norm 5.612855e-02
  4 (restart 0) KSP residual norm 1.405570e-02
  5 (restart 0) KSP residual norm 1.138326e-02
  6 (restart 0) KSP residual norm 1.111539e-02
  7 (restart 0) KSP residual norm 1.101228e-02
  8 (restart 0) KSP residual norm 1.088711e-02
  9 (restart 0) KSP residual norm 9.463405e-03
 10 (restart 0) KSP residual norm 7.998012e-03
 11 (restart 0) KSP residual norm 7.760896e-03
 12 (restart 0) KSP residual norm 7.730817e-03
 13 (restart 0) KSP residual norm 7.714514e-03
 14 (restart 0) KSP residual norm 7.214723e-03
 15 (restart 0) KSP residual norm 5.201803e-03
 16 (restart 0) KSP residual norm 1.395884e-03
 17 (restart 0) KSP residual norm 2.707586e-04
 18 (restart 0) KSP residual norm 6.171251e-05
GMRES solver converged in 18 iterations (avg. reduction factor: 5.924e-01)
1 NLEPS (nconv=5, restart=0) residual norm 1.523683e-03
  Residual norms for GMRES solve
  0 (restart 0) KSP residual norm 1.842489e-05
  1 (restart 0) KSP residual norm 1.669717e-06
  2 (restart 0) KSP residual norm 2.881276e-07
  3 (restart 0) KSP residual norm 1.542154e-07
  4 (restart 0) KSP residual norm 1.392633e-07
  5 (restart 0) KSP residual norm 1.057074e-07
  6 (restart 0) KSP residual norm 9.971898e-08
  7 (restart 0) KSP residual norm 8.373375e-08
  8 (restart 0) KSP residual norm 6.951671e-08
  9 (restart 0) KSP residual norm 2.738168e-08
 10 (restart 0) KSP residual norm 2.119466e-08
 11 (restart 0) KSP residual norm 2.090442e-08
 12 (restart 0) KSP residual norm 2.087832e-08
 13 (restart 0) KSP residual norm 2.066437e-08
 14 (restart 0) KSP residual norm 1.978787e-08
 15 (restart 0) KSP residual norm 1.143027e-08
 16 (restart 0) KSP residual norm 3.582666e-09
 17 (restart 0) KSP residual norm 9.467285e-10
GMRES solver converged in 17 iterations (avg. reduction factor: 5.594e-01)
2 NLEPS (nconv=5, restart=0) residual norm 8.366628e-07
  Residual norms for GMRES solve
  0 (restart 0) KSP residual norm 3.212940e-06
  1 (restart 0) KSP residual norm 3.025917e-07
  2 (restart 0) KSP residual norm 4.348978e-08
  3 (restart 0) KSP residual norm 2.231771e-08
  4 (restart 0) KSP residual norm 1.775461e-08
  5 (restart 0) KSP residual norm 1.533373e-08
  6 (restart 0) KSP residual norm 1.474215e-08
  7 (restart 0) KSP residual norm 1.350317e-08
  8 (restart 0) KSP residual norm 1.218069e-08
  9 (restart 0) KSP residual norm 5.321962e-09
 10 (restart 0) KSP residual norm 3.882309e-09
 11 (restart 0) KSP residual norm 3.829161e-09
 12 (restart 0) KSP residual norm 3.818268e-09
 13 (restart 0) KSP residual norm 3.794931e-09
 14 (restart 0) KSP residual norm 3.654678e-09
 15 (restart 0) KSP residual norm 2.318217e-09
 16 (restart 0) KSP residual norm 6.500859e-10
 17 (restart 0) KSP residual norm 1.521898e-10
 18 (restart 0) KSP residual norm 2.978943e-11
 19 (restart 0) KSP residual norm 5.963104e-12
 20 (restart 0) KSP residual norm 1.068135e-12
GMRES solver converged in 20 iterations (avg. reduction factor: 4.743e-01)
3 NLEPS (nconv=5, restart=0) residual norm 2.572099e-09
Eigenvalue 5, Quasi-Newton converged in 3 iterations (-3.986e-04+9.565e+00i).
  Residual norms for GMRES solve
  0 (restart 0) KSP residual norm 1.750591e+01
  1 (restart 0) KSP residual norm 1.747332e+01
  2 (restart 0) KSP residual norm 2.753356e+00
  3 (restart 0) KSP residual norm 1.385425e+00
  4 (restart 0) KSP residual norm 1.115110e-01
  5 (restart 0) KSP residual norm 8.857927e-02
  6 (restart 0) KSP residual norm 8.799611e-02
  7 (restart 0) KSP residual norm 8.760186e-02
  8 (restart 0) KSP residual norm 8.503545e-02
  9 (restart 0) KSP residual norm 7.546013e-02
 10 (restart 0) KSP residual norm 7.524008e-02
 11 (restart 0) KSP residual norm 7.485031e-02
 12 (restart 0) KSP residual norm 7.470513e-02
 13 (restart 0) KSP residual norm 7.411197e-02
 14 (restart 0) KSP residual norm 6.627332e-02
 15 (restart 0) KSP residual norm 3.129219e-02
 16 (restart 0) KSP residual norm 6.859334e-03
 17 (restart 0) KSP residual norm 1.349534e-03
GMRES solver converged in 17 iterations (avg. reduction factor: 5.729e-01)
0 NLEPS (nconv=6, restart=0) residual norm 1.693571e-01
  Residual norms for GMRES solve
  0 (restart 0) KSP residual norm 1.291177e+01
  1 (restart 0) KSP residual norm 7.554898e+00
  2 (restart 0) KSP residual norm 1.815420e+00
  3 (restart 0) KSP residual norm 3.029175e-01
  4 (restart 0) KSP residual norm 2.950572e-01
  5 (restart 0) KSP residual norm 2.329078e-01
  6 (restart 0) KSP residual norm 2.308765e-01
  7 (restart 0) KSP residual norm 1.676040e-01
  8 (restart 0) KSP residual norm 4.478535e-02
  9 (restart 0) KSP residual norm 1.315753e-02
 10 (restart 0) KSP residual norm 6.647160e-03
 11 (restart 0) KSP residual norm 6.444766e-03
 12 (restart 0) KSP residual norm 6.376048e-03
 13 (restart 0) KSP residual norm 6.366736e-03
 14 (restart 0) KSP residual norm 6.366185e-03
 15 (restart 0) KSP residual norm 6.312142e-03
 16 (restart 0) KSP residual norm 4.829083e-03
 17 (restart 0) KSP residual norm 1.433719e-03
 18 (restart 0) KSP residual norm 3.426895e-04
GMRES solver converged in 18 iterations (avg. reduction factor: 5.569e-01)
1 NLEPS (nconv=6, restart=0) residual norm 3.124678e-05
  Residual norms for GMRES solve
  0 (restart 0) KSP residual norm 9.590640e-05
  1 (restart 0) KSP residual norm 5.444243e-05
  2 (restart 0) KSP residual norm 3.586277e-06
  3 (restart 0) KSP residual norm 1.665064e-06
  4 (restart 0) KSP residual norm 1.072525e-06
  5 (restart 0) KSP residual norm 1.070361e-06
  6 (restart 0) KSP residual norm 9.423042e-07
  7 (restart 0) KSP residual norm 7.781841e-07
  8 (restart 0) KSP residual norm 2.259001e-07
  9 (restart 0) KSP residual norm 4.871422e-08
 10 (restart 0) KSP residual norm 1.428970e-08
 11 (restart 0) KSP residual norm 8.067386e-09
 12 (restart 0) KSP residual norm 7.419263e-09
 13 (restart 0) KSP residual norm 7.356397e-09
 14 (restart 0) KSP residual norm 7.333075e-09
 15 (restart 0) KSP residual norm 7.310225e-09
 16 (restart 0) KSP residual norm 7.267756e-09
 17 (restart 0) KSP residual norm 6.823589e-09
 18 (restart 0) KSP residual norm 3.504754e-09
 19 (restart 0) KSP residual norm 7.654024e-10
GMRES solver converged in 19 iterations (avg. reduction factor: 5.391e-01)
2 NLEPS (nconv=6, restart=0) residual norm 1.860175e-07
  Residual norms for GMRES solve
  0 (restart 0) KSP residual norm 5.924240e-08
  1 (restart 0) KSP residual norm 3.539579e-08
  2 (restart 0) KSP residual norm 3.427141e-09
  3 (restart 0) KSP residual norm 1.382158e-09
  4 (restart 0) KSP residual norm 9.774594e-10
  5 (restart 0) KSP residual norm 9.143389e-10
  6 (restart 0) KSP residual norm 9.141201e-10
  7 (restart 0) KSP residual norm 9.058319e-10
  8 (restart 0) KSP residual norm 6.179552e-10
  9 (restart 0) KSP residual norm 2.139673e-10
 10 (restart 0) KSP residual norm 5.791467e-11
 11 (restart 0) KSP residual norm 1.697113e-11
 12 (restart 0) KSP residual norm 9.463791e-12
 13 (restart 0) KSP residual norm 8.917034e-12
 14 (restart 0) KSP residual norm 8.805704e-12
 15 (restart 0) KSP residual norm 8.787257e-12
 16 (restart 0) KSP residual norm 8.758520e-12
 17 (restart 0) KSP residual norm 8.723531e-12
 18 (restart 0) KSP residual norm 7.832394e-12
 19 (restart 0) KSP residual norm 3.190951e-12
 20 (restart 0) KSP residual norm 6.054288e-13
GMRES solver converged in 20 iterations (avg. reduction factor: 5.630e-01)
3 NLEPS (nconv=6, restart=0) residual norm 3.428464e-09
Eigenvalue 6, Quasi-Newton converged in 3 iterations (-3.986e-04+9.565e+00i).
  Residual norms for GMRES solve
  0 (restart 0) KSP residual norm 1.175742e+01
  1 (restart 0) KSP residual norm 1.520244e+00
  2 (restart 0) KSP residual norm 1.508325e+00
  3 (restart 0) KSP residual norm 6.389555e-01
  4 (restart 0) KSP residual norm 2.548916e-01
  5 (restart 0) KSP residual norm 1.553592e-01
  6 (restart 0) KSP residual norm 1.201896e-01
  7 (restart 0) KSP residual norm 1.122675e-01
  8 (restart 0) KSP residual norm 1.046477e-01
  9 (restart 0) KSP residual norm 9.502389e-02
 10 (restart 0) KSP residual norm 7.907050e-02
 11 (restart 0) KSP residual norm 7.496383e-02
 12 (restart 0) KSP residual norm 7.480217e-02
 13 (restart 0) KSP residual norm 7.463618e-02
 14 (restart 0) KSP residual norm 7.272810e-02
 15 (restart 0) KSP residual norm 6.831828e-02
 16 (restart 0) KSP residual norm 4.353586e-02
 17 (restart 0) KSP residual norm 9.443249e-03
 18 (restart 0) KSP residual norm 1.912802e-03
 19 (restart 0) KSP residual norm 4.086809e-04
GMRES solver converged in 19 iterations (avg. reduction factor: 5.825e-01)
0 NLEPS (nconv=7, restart=0) residual norm 1.602318e-01
  Residual norms for GMRES solve
  0 (restart 0) KSP residual norm 2.794743e+01
  1 (restart 0) KSP residual norm 5.479410e+00
  2 (restart 0) KSP residual norm 3.133749e+00
  3 (restart 0) KSP residual norm 3.120084e+00
  4 (restart 0) KSP residual norm 3.080883e+00
  5 (restart 0) KSP residual norm 2.446431e+00
  6 (restart 0) KSP residual norm 2.152911e+00
  7 (restart 0) KSP residual norm 1.717035e+00
  8 (restart 0) KSP residual norm 1.707685e+00
  9 (restart 0) KSP residual norm 1.554347e+00
 10 (restart 0) KSP residual norm 1.529734e+00
 11 (restart 0) KSP residual norm 1.480495e+00
 12 (restart 0) KSP residual norm 1.478402e+00
 13 (restart 0) KSP residual norm 1.464473e+00
 14 (restart 0) KSP residual norm 1.394095e+00
 15 (restart 0) KSP residual norm 9.806762e-01
 16 (restart 0) KSP residual norm 3.116337e-01
 17 (restart 0) KSP residual norm 5.734471e-02
 18 (restart 0) KSP residual norm 1.266117e-02
 19 (restart 0) KSP residual norm 2.604928e-03
GMRES solver converged in 19 iterations (avg. reduction factor: 6.136e-01)
   NLEPS Armijo backtracks=2, alpha=2.500e-01, res_new=9.916877e-02
1 NLEPS (nconv=7, restart=0) residual norm 9.916877e-02
  Residual norms for GMRES solve
  0 (restart 0) KSP residual norm 2.791478e-03
  1 (restart 0) KSP residual norm 1.973416e-03
  2 (restart 0) KSP residual norm 2.940848e-04
  3 (restart 0) KSP residual norm 2.768800e-04
  4 (restart 0) KSP residual norm 2.692604e-04
  5 (restart 0) KSP residual norm 2.350541e-04
  6 (restart 0) KSP residual norm 2.173208e-04
  7 (restart 0) KSP residual norm 2.026875e-04
  8 (restart 0) KSP residual norm 1.953464e-04
  9 (restart 0) KSP residual norm 1.822367e-04
 10 (restart 0) KSP residual norm 1.688870e-04
 11 (restart 0) KSP residual norm 1.685175e-04
 12 (restart 0) KSP residual norm 1.670658e-04
 13 (restart 0) KSP residual norm 1.550039e-04
 14 (restart 0) KSP residual norm 1.478241e-04
 15 (restart 0) KSP residual norm 1.044306e-04
 16 (restart 0) KSP residual norm 3.971705e-05
 17 (restart 0) KSP residual norm 7.569297e-06
 18 (restart 0) KSP residual norm 1.623762e-06
 19 (restart 0) KSP residual norm 3.717283e-07
 20 (restart 0) KSP residual norm 7.530621e-08
GMRES solver converged in 20 iterations (avg. reduction factor: 5.909e-01)
2 NLEPS (nconv=7, restart=0) residual norm 4.177327e-03
  Residual norms for GMRES solve
  0 (restart 0) KSP residual norm 4.603711e-04
  1 (restart 0) KSP residual norm 2.811923e-04
  2 (restart 0) KSP residual norm 4.696475e-05
  3 (restart 0) KSP residual norm 4.518690e-05
  4 (restart 0) KSP residual norm 4.432913e-05
  5 (restart 0) KSP residual norm 3.877947e-05
  6 (restart 0) KSP residual norm 3.547886e-05
  7 (restart 0) KSP residual norm 3.325521e-05
  8 (restart 0) KSP residual norm 3.249264e-05
  9 (restart 0) KSP residual norm 2.944876e-05
 10 (restart 0) KSP residual norm 2.740015e-05
 11 (restart 0) KSP residual norm 2.729869e-05
 12 (restart 0) KSP residual norm 2.700119e-05
 13 (restart 0) KSP residual norm 2.479361e-05
 14 (restart 0) KSP residual norm 2.336525e-05
 15 (restart 0) KSP residual norm 1.634148e-05
 16 (restart 0) KSP residual norm 5.862351e-06
 17 (restart 0) KSP residual norm 1.123366e-06
 18 (restart 0) KSP residual norm 2.298813e-07
 19 (restart 0) KSP residual norm 5.263578e-08
 20 (restart 0) KSP residual norm 1.073214e-08
GMRES solver converged in 20 iterations (avg. reduction factor: 5.866e-01)
3 NLEPS (nconv=7, restart=0) residual norm 1.215949e-05
  Residual norms for GMRES solve
  0 (restart 0) KSP residual norm 1.168328e-04
  1 (restart 0) KSP residual norm 2.265175e-05
  2 (restart 0) KSP residual norm 1.045921e-05
  3 (restart 0) KSP residual norm 9.119231e-06
  4 (restart 0) KSP residual norm 8.769413e-06
  5 (restart 0) KSP residual norm 8.489972e-06
  6 (restart 0) KSP residual norm 8.401027e-06
  7 (restart 0) KSP residual norm 6.970642e-06
  8 (restart 0) KSP residual norm 6.880170e-06
  9 (restart 0) KSP residual norm 6.207353e-06
 10 (restart 0) KSP residual norm 6.062347e-06
 11 (restart 0) KSP residual norm 5.636454e-06
 12 (restart 0) KSP residual norm 5.108179e-06
 13 (restart 0) KSP residual norm 5.062854e-06
 14 (restart 0) KSP residual norm 4.696592e-06
 15 (restart 0) KSP residual norm 3.290061e-06
 16 (restart 0) KSP residual norm 9.678588e-07
 17 (restart 0) KSP residual norm 2.051177e-07
 18 (restart 0) KSP residual norm 5.117929e-08
 19 (restart 0) KSP residual norm 1.256111e-08
 20 (restart 0) KSP residual norm 3.295463e-09
 21 (restart 0) KSP residual norm 7.010613e-10
GMRES solver converged in 21 iterations (avg. reduction factor: 5.641e-01)
4 NLEPS (nconv=7, restart=0) residual norm 4.647931e-07
  Residual norms for GMRES solve
  0 (restart 0) KSP residual norm 6.394704e-05
  1 (restart 0) KSP residual norm 1.025482e-05
  2 (restart 0) KSP residual norm 5.800901e-06
  3 (restart 0) KSP residual norm 5.037062e-06
  4 (restart 0) KSP residual norm 4.804874e-06
  5 (restart 0) KSP residual norm 4.775555e-06
  6 (restart 0) KSP residual norm 4.513496e-06
  7 (restart 0) KSP residual norm 3.753189e-06
  8 (restart 0) KSP residual norm 3.732334e-06
  9 (restart 0) KSP residual norm 3.350470e-06
 10 (restart 0) KSP residual norm 3.310406e-06
 11 (restart 0) KSP residual norm 2.993174e-06
 12 (restart 0) KSP residual norm 2.905331e-06
 13 (restart 0) KSP residual norm 2.892943e-06
 14 (restart 0) KSP residual norm 2.693411e-06
 15 (restart 0) KSP residual norm 1.884902e-06
 16 (restart 0) KSP residual norm 4.927797e-07
 17 (restart 0) KSP residual norm 9.292906e-08
 18 (restart 0) KSP residual norm 2.161373e-08
 19 (restart 0) KSP residual norm 4.273749e-09
 20 (restart 0) KSP residual norm 9.739603e-10
 21 (restart 0) KSP residual norm 2.230677e-10
 22 (restart 0) KSP residual norm 5.890420e-11
 23 (restart 0) KSP residual norm 1.351590e-11
GMRES solver converged in 23 iterations (avg. reduction factor: 5.126e-01)
5 NLEPS (nconv=7, restart=0) residual norm 2.565936e-07
  Residual norms for GMRES solve
  0 (restart 0) KSP residual norm 3.431137e-05
  1 (restart 0) KSP residual norm 5.502937e-06
  2 (restart 0) KSP residual norm 3.114972e-06
  3 (restart 0) KSP residual norm 2.706007e-06
  4 (restart 0) KSP residual norm 2.581654e-06
  5 (restart 0) KSP residual norm 2.565353e-06
  6 (restart 0) KSP residual norm 2.423112e-06
  7 (restart 0) KSP residual norm 2.015631e-06
  8 (restart 0) KSP residual norm 2.004756e-06
  9 (restart 0) KSP residual norm 1.798981e-06
 10 (restart 0) KSP residual norm 1.777229e-06
 11 (restart 0) KSP residual norm 1.606867e-06
 12 (restart 0) KSP residual norm 1.559599e-06
 13 (restart 0) KSP residual norm 1.552924e-06
 14 (restart 0) KSP residual norm 1.445599e-06
 15 (restart 0) KSP residual norm 1.011706e-06
 16 (restart 0) KSP residual norm 2.641411e-07
 17 (restart 0) KSP residual norm 4.968362e-08
 18 (restart 0) KSP residual norm 1.147329e-08
 19 (restart 0) KSP residual norm 2.196860e-09
 20 (restart 0) KSP residual norm 4.641670e-10
 21 (restart 0) KSP residual norm 9.045801e-11
 22 (restart 0) KSP residual norm 2.124824e-11
 23 (restart 0) KSP residual norm 4.437665e-12
GMRES solver converged in 23 iterations (avg. reduction factor: 5.018e-01)
6 NLEPS (nconv=7, restart=0) residual norm 1.376416e-07
  Residual norms for GMRES solve
  0 (restart 0) KSP residual norm 1.857840e-05
  1 (restart 0) KSP residual norm 2.979652e-06
  2 (restart 0) KSP residual norm 1.686673e-06
  3 (restart 0) KSP residual norm 1.465243e-06
  4 (restart 0) KSP residual norm 1.397912e-06
  5 (restart 0) KSP residual norm 1.389083e-06
  6 (restart 0) KSP residual norm 1.312072e-06
  7 (restart 0) KSP residual norm 1.091432e-06
  8 (restart 0) KSP residual norm 1.085541e-06
  9 (restart 0) KSP residual norm 9.741004e-07
 10 (restart 0) KSP residual norm 9.623231e-07
 11 (restart 0) KSP residual norm 8.700645e-07
 12 (restart 0) KSP residual norm 8.444650e-07
 13 (restart 0) KSP residual norm 8.408511e-07
 14 (restart 0) KSP residual norm 7.827383e-07
 15 (restart 0) KSP residual norm 5.477981e-07
 16 (restart 0) KSP residual norm 1.430235e-07
 17 (restart 0) KSP residual norm 2.690122e-08
 18 (restart 0) KSP residual norm 6.211922e-09
 19 (restart 0) KSP residual norm 1.189151e-09
 20 (restart 0) KSP residual norm 2.510898e-10
 21 (restart 0) KSP residual norm 4.883609e-11
 22 (restart 0) KSP residual norm 1.143254e-11
 23 (restart 0) KSP residual norm 2.369514e-12
GMRES solver converged in 23 iterations (avg. reduction factor: 5.015e-01)
7 NLEPS (nconv=7, restart=0) residual norm 7.448664e-08
  Residual norms for GMRES solve
  0 (restart 0) KSP residual norm 1.003135e-05
  1 (restart 0) KSP residual norm 1.608854e-06
  2 (restart 0) KSP residual norm 9.107144e-07
  3 (restart 0) KSP residual norm 7.911539e-07
  4 (restart 0) KSP residual norm 7.547988e-07
  5 (restart 0) KSP residual norm 7.500313e-07
  6 (restart 0) KSP residual norm 7.084495e-07
  7 (restart 0) KSP residual norm 5.893157e-07
  8 (restart 0) KSP residual norm 5.861345e-07
  9 (restart 0) KSP residual norm 5.259626e-07
 10 (restart 0) KSP residual norm 5.196034e-07
 11 (restart 0) KSP residual norm 4.697886e-07
 12 (restart 0) KSP residual norm 4.559661e-07
 13 (restart 0) KSP residual norm 4.540149e-07
 14 (restart 0) KSP residual norm 4.226371e-07
 15 (restart 0) KSP residual norm 2.957818e-07
 16 (restart 0) KSP residual norm 7.722505e-08
 17 (restart 0) KSP residual norm 1.452520e-08
 18 (restart 0) KSP residual norm 3.354088e-09
 19 (restart 0) KSP residual norm 6.420618e-10
 20 (restart 0) KSP residual norm 1.355645e-10
 21 (restart 0) KSP residual norm 2.636237e-11
 22 (restart 0) KSP residual norm 6.169604e-12
 23 (restart 0) KSP residual norm 1.277836e-12
 24 (restart 0) KSP residual norm 3.086277e-13
GMRES solver converged in 24 iterations (avg. reduction factor: 4.864e-01)
8 NLEPS (nconv=7, restart=0) residual norm 4.021833e-08
  Residual norms for GMRES solve
  0 (restart 0) KSP residual norm 5.414524e-06
  1 (restart 0) KSP residual norm 8.683969e-07
  2 (restart 0) KSP residual norm 4.915700e-07
  3 (restart 0) KSP residual norm 4.270400e-07
  4 (restart 0) KSP residual norm 4.074178e-07
  5 (restart 0) KSP residual norm 4.048435e-07
  6 (restart 0) KSP residual norm 3.823988e-07
  7 (restart 0) KSP residual norm 3.180931e-07
  8 (restart 0) KSP residual norm 3.163749e-07
  9 (restart 0) KSP residual norm 2.838968e-07
 10 (restart 0) KSP residual norm 2.804649e-07
 11 (restart 0) KSP residual norm 2.535750e-07
 12 (restart 0) KSP residual norm 2.461134e-07
 13 (restart 0) KSP residual norm 2.450602e-07
 14 (restart 0) KSP residual norm 2.281241e-07
 15 (restart 0) KSP residual norm 1.596519e-07
 16 (restart 0) KSP residual norm 4.168344e-08
 17 (restart 0) KSP residual norm 7.840090e-09
 18 (restart 0) KSP residual norm 1.810381e-09
 19 (restart 0) KSP residual norm 3.465361e-10
 20 (restart 0) KSP residual norm 7.315655e-11
 21 (restart 0) KSP residual norm 1.421891e-11
 22 (restart 0) KSP residual norm 3.324439e-12
 23 (restart 0) KSP residual norm 6.869699e-13
GMRES solver converged in 23 iterations (avg. reduction factor: 5.014e-01)
9 NLEPS (nconv=7, restart=0) residual norm 2.170787e-08
  Residual norms for GMRES solve
  0 (restart 0) KSP residual norm 2.925431e-06
  1 (restart 0) KSP residual norm 4.691883e-07
  2 (restart 0) KSP residual norm 2.655907e-07
  3 (restart 0) KSP residual norm 2.307234e-07
  4 (restart 0) KSP residual norm 2.201212e-07
  5 (restart 0) KSP residual norm 2.187309e-07
  6 (restart 0) KSP residual norm 2.066044e-07
  7 (restart 0) KSP residual norm 1.718616e-07
  8 (restart 0) KSP residual norm 1.709338e-07
  9 (restart 0) KSP residual norm 1.533859e-07
 10 (restart 0) KSP residual norm 1.515314e-07
 11 (restart 0) KSP residual norm 1.370040e-07
 12 (restart 0) KSP residual norm 1.329729e-07
 13 (restart 0) KSP residual norm 1.324039e-07
 14 (restart 0) KSP residual norm 1.232532e-07
 15 (restart 0) KSP residual norm 8.625852e-08
 16 (restart 0) KSP residual norm 2.252106e-08
 17 (restart 0) KSP residual norm 4.235966e-09
 18 (restart 0) KSP residual norm 9.781469e-10
 19 (restart 0) KSP residual norm 1.872420e-10
 20 (restart 0) KSP residual norm 3.953335e-11
 21 (restart 0) KSP residual norm 7.687307e-12
 22 (restart 0) KSP residual norm 1.798864e-12
 23 (restart 0) KSP residual norm 3.724802e-13
GMRES solver converged in 23 iterations (avg. reduction factor: 5.014e-01)
10 NLEPS (nconv=7, restart=0) residual norm 1.172839e-08
  Residual norms for GMRES solve
  0 (restart 0) KSP residual norm 1.579004e-06
  1 (restart 0) KSP residual norm 2.532448e-07
  2 (restart 0) KSP residual norm 1.433527e-07
  3 (restart 0) KSP residual norm 1.245332e-07
  4 (restart 0) KSP residual norm 1.188106e-07
  5 (restart 0) KSP residual norm 1.180602e-07
  6 (restart 0) KSP residual norm 1.115149e-07
  7 (restart 0) KSP residual norm 9.276245e-08
  8 (restart 0) KSP residual norm 9.226169e-08
  9 (restart 0) KSP residual norm 8.279020e-08
 10 (restart 0) KSP residual norm 8.178922e-08
 11 (restart 0) KSP residual norm 7.394800e-08
 12 (restart 0) KSP residual norm 7.177226e-08
 13 (restart 0) KSP residual norm 7.146512e-08
 14 (restart 0) KSP residual norm 6.652603e-08
 15 (restart 0) KSP residual norm 4.655812e-08
 16 (restart 0) KSP residual norm 1.215576e-08
 17 (restart 0) KSP residual norm 2.286367e-09
 18 (restart 0) KSP residual norm 5.279564e-10
 19 (restart 0) KSP residual norm 1.010647e-10
 20 (restart 0) KSP residual norm 2.133860e-11
 21 (restart 0) KSP residual norm 4.149499e-12
 22 (restart 0) KSP residual norm 9.710767e-13
GMRES solver converged in 22 iterations (avg. reduction factor: 5.220e-01)
11 NLEPS (nconv=7, restart=0) residual norm 6.331430e-09
Eigenvalue 7, Quasi-Newton converged in 11 iterations (-5.513e-04+1.062e+01i).
  Residual norms for GMRES solve
  0 (restart 0) KSP residual norm 1.175548e+01
  1 (restart 0) KSP residual norm 1.499830e+00
  2 (restart 0) KSP residual norm 1.496813e+00
  3 (restart 0) KSP residual norm 1.022408e+00
  4 (restart 0) KSP residual norm 4.347157e-01
  5 (restart 0) KSP residual norm 3.418655e-01
  6 (restart 0) KSP residual norm 3.414969e-01
  7 (restart 0) KSP residual norm 2.784764e-01
  8 (restart 0) KSP residual norm 2.284963e-01
  9 (restart 0) KSP residual norm 2.024351e-01
 10 (restart 0) KSP residual norm 1.970659e-01
 11 (restart 0) KSP residual norm 1.789718e-01
 12 (restart 0) KSP residual norm 1.547796e-01
 13 (restart 0) KSP residual norm 1.516694e-01
 14 (restart 0) KSP residual norm 1.506711e-01
 15 (restart 0) KSP residual norm 1.052906e-01
 16 (restart 0) KSP residual norm 5.375481e-02
 17 (restart 0) KSP residual norm 1.180232e-02
 18 (restart 0) KSP residual norm 2.351674e-03
 19 (restart 0) KSP residual norm 4.983517e-04
GMRES solver converged in 19 iterations (avg. reduction factor: 5.887e-01)
0 NLEPS (nconv=8, restart=0) residual norm 1.159905e-01
  Residual norms for GMRES solve
  0 (restart 0) KSP residual norm 4.895109e+00
  1 (restart 0) KSP residual norm 3.366546e+00
  2 (restart 0) KSP residual norm 6.103696e-01
  3 (restart 0) KSP residual norm 5.473400e-01
  4 (restart 0) KSP residual norm 1.570193e-01
  5 (restart 0) KSP residual norm 9.520160e-02
  6 (restart 0) KSP residual norm 9.324850e-02
  7 (restart 0) KSP residual norm 9.070891e-02
  8 (restart 0) KSP residual norm 5.348375e-02
  9 (restart 0) KSP residual norm 1.846413e-02
 10 (restart 0) KSP residual norm 1.767397e-02
 11 (restart 0) KSP residual norm 1.762071e-02
 12 (restart 0) KSP residual norm 1.734512e-02
 13 (restart 0) KSP residual norm 1.643182e-02
 14 (restart 0) KSP residual norm 1.592303e-02
 15 (restart 0) KSP residual norm 1.592097e-02
 16 (restart 0) KSP residual norm 1.538970e-02
 17 (restart 0) KSP residual norm 1.127338e-02
 18 (restart 0) KSP residual norm 3.761995e-03
 19 (restart 0) KSP residual norm 7.230567e-04
 20 (restart 0) KSP residual norm 1.585279e-04
GMRES solver converged in 20 iterations (avg. reduction factor: 5.964e-01)
1 NLEPS (nconv=8, restart=0) residual norm 1.178039e-03
  Residual norms for GMRES solve
  0 (restart 0) KSP residual norm 2.318903e-06
  1 (restart 0) KSP residual norm 8.849640e-07
  2 (restart 0) KSP residual norm 6.111497e-07
  3 (restart 0) KSP residual norm 4.922759e-07
  4 (restart 0) KSP residual norm 2.441076e-07
  5 (restart 0) KSP residual norm 2.038168e-07
  6 (restart 0) KSP residual norm 1.066267e-07
  7 (restart 0) KSP residual norm 4.906749e-08
  8 (restart 0) KSP residual norm 4.093715e-08
  9 (restart 0) KSP residual norm 1.486830e-08
 10 (restart 0) KSP residual norm 8.457945e-09
 11 (restart 0) KSP residual norm 7.568913e-09
 12 (restart 0) KSP residual norm 7.554599e-09
 13 (restart 0) KSP residual norm 7.549970e-09
 14 (restart 0) KSP residual norm 7.529691e-09
 15 (restart 0) KSP residual norm 7.493188e-09
 16 (restart 0) KSP residual norm 7.485999e-09
 17 (restart 0) KSP residual norm 7.276910e-09
 18 (restart 0) KSP residual norm 5.661815e-09
 19 (restart 0) KSP residual norm 1.515995e-09
 20 (restart 0) KSP residual norm 3.172624e-10
 21 (restart 0) KSP residual norm 7.303407e-11
GMRES solver converged in 21 iterations (avg. reduction factor: 6.104e-01)
2 NLEPS (nconv=8, restart=0) residual norm 3.935570e-07
  Residual norms for GMRES solve
  0 (restart 0) KSP residual norm 1.471278e-08
  1 (restart 0) KSP residual norm 1.217878e-08
  2 (restart 0) KSP residual norm 4.048586e-09
  3 (restart 0) KSP residual norm 2.322157e-09
  4 (restart 0) KSP residual norm 1.289898e-09
  5 (restart 0) KSP residual norm 1.242973e-09
  6 (restart 0) KSP residual norm 1.171595e-09
  7 (restart 0) KSP residual norm 1.134071e-09
  8 (restart 0) KSP residual norm 1.054853e-09
  9 (restart 0) KSP residual norm 1.039662e-09
 10 (restart 0) KSP residual norm 1.033619e-09
 11 (restart 0) KSP residual norm 6.791982e-10
 12 (restart 0) KSP residual norm 6.277451e-10
 13 (restart 0) KSP residual norm 6.189219e-10
 14 (restart 0) KSP residual norm 6.026092e-10
 15 (restart 0) KSP residual norm 4.662427e-10
 16 (restart 0) KSP residual norm 3.014259e-10
 17 (restart 0) KSP residual norm 9.221301e-11
 18 (restart 0) KSP residual norm 2.628318e-11
 19 (restart 0) KSP residual norm 5.276113e-12
 20 (restart 0) KSP residual norm 1.375519e-12
 21 (restart 0) KSP residual norm 2.882098e-13
GMRES solver converged in 21 iterations (avg. reduction factor: 5.968e-01)
3 NLEPS (nconv=8, restart=0) residual norm 1.668333e-09
Eigenvalue 8, Quasi-Newton converged in 3 iterations (-2.717e-04+1.063e+01i).
  Residual norms for GMRES solve
  0 (restart 0) KSP residual norm 1.083159e+01
  1 (restart 0) KSP residual norm 6.757753e-01
  2 (restart 0) KSP residual norm 6.679080e-01
  3 (restart 0) KSP residual norm 5.665065e-01
  4 (restart 0) KSP residual norm 1.612610e-01
  5 (restart 0) KSP residual norm 7.718185e-02
  6 (restart 0) KSP residual norm 7.687369e-02
  7 (restart 0) KSP residual norm 2.978554e-02
  8 (restart 0) KSP residual norm 2.729027e-02
  9 (restart 0) KSP residual norm 1.646922e-02
 10 (restart 0) KSP residual norm 4.298884e-03
 11 (restart 0) KSP residual norm 1.060534e-03
GMRES solver converged in 11 iterations (avg. reduction factor: 4.320e-01)
0 NLEPS (nconv=9, restart=0) residual norm 2.055711e-01
  Residual norms for GMRES solve
  0 (restart 0) KSP residual norm 2.559361e+02
  1 (restart 0) KSP residual norm 5.121088e+01
  2 (restart 0) KSP residual norm 2.018773e+01
  3 (restart 0) KSP residual norm 1.343318e+01
  4 (restart 0) KSP residual norm 1.303457e+01
  5 (restart 0) KSP residual norm 1.289841e+01
  6 (restart 0) KSP residual norm 1.180742e+01
  7 (restart 0) KSP residual norm 1.043814e+01
  8 (restart 0) KSP residual norm 4.781648e+00
  9 (restart 0) KSP residual norm 1.098660e+00
 10 (restart 0) KSP residual norm 2.735828e-01
 11 (restart 0) KSP residual norm 5.192660e-02
 12 (restart 0) KSP residual norm 1.043422e-02
GMRES solver converged in 12 iterations (avg. reduction factor: 4.307e-01)
   NLEPS Armijo backtracks=4, alpha=6.250e-02, res_new=1.107514e-01
1 NLEPS (nconv=9, restart=0) residual norm 1.107514e-01
  Residual norms for GMRES solve
  0 (restart 0) KSP residual norm 1.591706e-01
  1 (restart 0) KSP residual norm 3.551115e-02
  2 (restart 0) KSP residual norm 1.155828e-02
  3 (restart 0) KSP residual norm 9.496934e-03
  4 (restart 0) KSP residual norm 9.000176e-03
  5 (restart 0) KSP residual norm 8.906495e-03
  6 (restart 0) KSP residual norm 7.295625e-03
  7 (restart 0) KSP residual norm 5.963519e-03
  8 (restart 0) KSP residual norm 3.020076e-03
  9 (restart 0) KSP residual norm 6.263231e-04
 10 (restart 0) KSP residual norm 1.203860e-04
 11 (restart 0) KSP residual norm 2.842844e-05
 12 (restart 0) KSP residual norm 5.225320e-06
GMRES solver converged in 12 iterations (avg. reduction factor: 4.230e-01)
2 NLEPS (nconv=9, restart=0) residual norm 1.631743e-02
  Residual norms for GMRES solve
  0 (restart 0) KSP residual norm 3.953186e-03
  1 (restart 0) KSP residual norm 8.818566e-04
  2 (restart 0) KSP residual norm 2.870467e-04
  3 (restart 0) KSP residual norm 2.358594e-04
  4 (restart 0) KSP residual norm 2.235306e-04
  5 (restart 0) KSP residual norm 2.212096e-04
  6 (restart 0) KSP residual norm 1.811815e-04
  7 (restart 0) KSP residual norm 1.481033e-04
  8 (restart 0) KSP residual norm 7.500565e-05
  9 (restart 0) KSP residual norm 1.555246e-05
 10 (restart 0) KSP residual norm 2.989596e-06
 11 (restart 0) KSP residual norm 7.058775e-07
 12 (restart 0) KSP residual norm 1.297610e-07
GMRES solver converged in 12 iterations (avg. reduction factor: 4.230e-01)
3 NLEPS (nconv=9, restart=0) residual norm 4.135898e-04
  Residual norms for GMRES solve
  0 (restart 0) KSP residual norm 1.495503e-05
  1 (restart 0) KSP residual norm 3.336283e-06
  2 (restart 0) KSP residual norm 1.085875e-06
  3 (restart 0) KSP residual norm 8.922652e-07
  4 (restart 0) KSP residual norm 8.455545e-07
  5 (restart 0) KSP residual norm 8.370057e-07
  6 (restart 0) KSP residual norm 6.853468e-07
  7 (restart 0) KSP residual norm 5.601665e-07
  8 (restart 0) KSP residual norm 2.835703e-07
  9 (restart 0) KSP residual norm 5.883220e-08
 10 (restart 0) KSP residual norm 1.130706e-08
 11 (restart 0) KSP residual norm 2.669437e-09
 12 (restart 0) KSP residual norm 4.908565e-10
GMRES solver converged in 12 iterations (avg. reduction factor: 4.230e-01)
4 NLEPS (nconv=9, restart=0) residual norm 9.556373e-07
  Residual norms for GMRES solve
  0 (restart 0) KSP residual norm 1.687441e-05
  1 (restart 0) KSP residual norm 3.770481e-06
  2 (restart 0) KSP residual norm 1.224753e-06
  3 (restart 0) KSP residual norm 1.007025e-06
  4 (restart 0) KSP residual norm 9.523991e-07
  5 (restart 0) KSP residual norm 9.418190e-07
  6 (restart 0) KSP residual norm 7.738660e-07
  7 (restart 0) KSP residual norm 6.316145e-07
  8 (restart 0) KSP residual norm 3.189735e-07
  9 (restart 0) KSP residual norm 6.594166e-08
 10 (restart 0) KSP residual norm 1.267459e-08
 11 (restart 0) KSP residual norm 2.984611e-09
 12 (restart 0) KSP residual norm 5.526011e-10
 13 (restart 0) KSP residual norm 1.092206e-10
 14 (restart 0) KSP residual norm 2.641506e-11
 15 (restart 0) KSP residual norm 4.301277e-12
GMRES solver converged in 15 iterations (avg. reduction factor: 3.634e-01)
5 NLEPS (nconv=9, restart=0) residual norm 7.521017e-07
  Residual norms for GMRES solve
  0 (restart 0) KSP residual norm 3.258338e-08
  1 (restart 0) KSP residual norm 1.883521e-08
  2 (restart 0) KSP residual norm 1.723674e-08
  3 (restart 0) KSP residual norm 1.180038e-08
  4 (restart 0) KSP residual norm 1.092058e-08
  5 (restart 0) KSP residual norm 8.588806e-09
  6 (restart 0) KSP residual norm 5.404236e-09
  7 (restart 0) KSP residual norm 3.102549e-09
  8 (restart 0) KSP residual norm 2.384162e-09
  9 (restart 0) KSP residual norm 2.310345e-09
 10 (restart 0) KSP residual norm 1.800816e-09
 11 (restart 0) KSP residual norm 5.951476e-10
 12 (restart 0) KSP residual norm 1.502208e-10
 13 (restart 0) KSP residual norm 3.686168e-11
 14 (restart 0) KSP residual norm 8.726734e-12
 15 (restart 0) KSP residual norm 1.491877e-12
 16 (restart 0) KSP residual norm 3.412298e-13
GMRES solver converged in 16 iterations (avg. reduction factor: 4.884e-01)
6 NLEPS (nconv=9, restart=0) residual norm 1.583741e-10
Eigenvalue 9, Quasi-Newton converged in 6 iterations (-3.655e-04+1.104e+01i).
  Residual norms for GMRES solve
  0 (restart 0) KSP residual norm 2.245511e+01
  1 (restart 0) KSP residual norm 5.487897e-01
  2 (restart 0) KSP residual norm 3.172397e-01
  3 (restart 0) KSP residual norm 2.708983e-01
  4 (restart 0) KSP residual norm 5.449856e-02
  5 (restart 0) KSP residual norm 4.622280e-02
  6 (restart 0) KSP residual norm 1.766263e-02
  7 (restart 0) KSP residual norm 1.065095e-02
  8 (restart 0) KSP residual norm 9.417983e-03
  9 (restart 0) KSP residual norm 9.108876e-03
 10 (restart 0) KSP residual norm 9.108104e-03
 11 (restart 0) KSP residual norm 8.954709e-03
 12 (restart 0) KSP residual norm 8.196360e-03
 13 (restart 0) KSP residual norm 3.667978e-03
 14 (restart 0) KSP residual norm 8.702883e-04
GMRES solver converged in 14 iterations (avg. reduction factor: 4.840e-01)
0 NLEPS (nconv=10, restart=0) residual norm 1.898456e-01
  Residual norms for GMRES solve
  0 (restart 0) KSP residual norm 1.728492e+01
  1 (restart 0) KSP residual norm 6.525163e+00
  2 (restart 0) KSP residual norm 9.561447e-01
  3 (restart 0) KSP residual norm 8.387083e-01
  4 (restart 0) KSP residual norm 6.873130e-01
  5 (restart 0) KSP residual norm 3.006289e-01
  6 (restart 0) KSP residual norm 2.185994e-01
  7 (restart 0) KSP residual norm 1.567363e-01
  8 (restart 0) KSP residual norm 7.705397e-02
  9 (restart 0) KSP residual norm 5.034451e-02
 10 (restart 0) KSP residual norm 3.975079e-02
 11 (restart 0) KSP residual norm 3.714216e-02
 12 (restart 0) KSP residual norm 3.455024e-02
 13 (restart 0) KSP residual norm 2.383684e-02
 14 (restart 0) KSP residual norm 5.280802e-03
 15 (restart 0) KSP residual norm 9.146283e-04
GMRES solver converged in 15 iterations (avg. reduction factor: 5.187e-01)
1 NLEPS (nconv=10, restart=0) residual norm 1.114382e-03
  Residual norms for GMRES solve
  0 (restart 0) KSP residual norm 7.674483e-05
  1 (restart 0) KSP residual norm 6.945495e-06
  2 (restart 0) KSP residual norm 5.073668e-06
  3 (restart 0) KSP residual norm 4.108171e-06
  4 (restart 0) KSP residual norm 2.832316e-06
  5 (restart 0) KSP residual norm 1.700976e-06
  6 (restart 0) KSP residual norm 3.449128e-07
  7 (restart 0) KSP residual norm 4.782564e-08
  8 (restart 0) KSP residual norm 4.738935e-08
  9 (restart 0) KSP residual norm 4.061063e-08
 10 (restart 0) KSP residual norm 3.612002e-08
 11 (restart 0) KSP residual norm 3.441707e-08
 12 (restart 0) KSP residual norm 3.425014e-08
 13 (restart 0) KSP residual norm 3.311518e-08
 14 (restart 0) KSP residual norm 1.897065e-08
 15 (restart 0) KSP residual norm 5.112508e-09
GMRES solver converged in 15 iterations (avg. reduction factor: 5.267e-01)
2 NLEPS (nconv=10, restart=0) residual norm 1.093192e-06
  Residual norms for GMRES solve
  0 (restart 0) KSP residual norm 2.974912e-08
  1 (restart 0) KSP residual norm 2.811805e-08
  2 (restart 0) KSP residual norm 2.438452e-08
  3 (restart 0) KSP residual norm 1.363060e-08
  4 (restart 0) KSP residual norm 1.225202e-08
  5 (restart 0) KSP residual norm 1.000612e-08
  6 (restart 0) KSP residual norm 9.600066e-09
  7 (restart 0) KSP residual norm 5.939012e-09
  8 (restart 0) KSP residual norm 4.115691e-09
  9 (restart 0) KSP residual norm 3.241624e-09
 10 (restart 0) KSP residual norm 2.673441e-09
 11 (restart 0) KSP residual norm 2.460789e-09
 12 (restart 0) KSP residual norm 2.347122e-09
 13 (restart 0) KSP residual norm 1.483445e-09
 14 (restart 0) KSP residual norm 2.530853e-10
 15 (restart 0) KSP residual norm 6.527948e-11
 16 (restart 0) KSP residual norm 1.030353e-11
 17 (restart 0) KSP residual norm 1.905073e-12
 18 (restart 0) KSP residual norm 3.872196e-13
GMRES solver converged in 18 iterations (avg. reduction factor: 5.353e-01)
3 NLEPS (nconv=10, restart=0) residual norm 2.071056e-09
Eigenvalue 10, Quasi-Newton converged in 3 iterations (-3.042e-04+7.663e+00i).
  Residual norms for GMRES solve
  0 (restart 0) KSP residual norm 1.251405e+01
  1 (restart 0) KSP residual norm 6.790588e-01
  2 (restart 0) KSP residual norm 6.387623e-01
  3 (restart 0) KSP residual norm 6.367464e-01
  4 (restart 0) KSP residual norm 4.988989e-01
  5 (restart 0) KSP residual norm 1.908841e-01
  6 (restart 0) KSP residual norm 1.570995e-01
  7 (restart 0) KSP residual norm 6.746921e-02
  8 (restart 0) KSP residual norm 6.001463e-02
  9 (restart 0) KSP residual norm 5.897170e-02
 10 (restart 0) KSP residual norm 5.727554e-02
 11 (restart 0) KSP residual norm 5.610575e-02
 12 (restart 0) KSP residual norm 5.481011e-02
 13 (restart 0) KSP residual norm 3.844765e-02
 14 (restart 0) KSP residual norm 9.925190e-03
 15 (restart 0) KSP residual norm 1.736911e-03
 16 (restart 0) KSP residual norm 3.774661e-04
GMRES solver converged in 16 iterations (avg. reduction factor: 5.218e-01)
0 NLEPS (nconv=11, restart=0) residual norm 7.207437e-01
  Residual norms for GMRES solve
  0 (restart 0) KSP residual norm 1.513501e+00
  1 (restart 0) KSP residual norm 3.394660e-01
  2 (restart 0) KSP residual norm 2.649007e-01
  3 (restart 0) KSP residual norm 2.565159e-01
  4 (restart 0) KSP residual norm 1.912558e-01
  5 (restart 0) KSP residual norm 1.458650e-01
  6 (restart 0) KSP residual norm 7.016351e-02
  7 (restart 0) KSP residual norm 6.299967e-02
  8 (restart 0) KSP residual norm 5.360499e-02
  9 (restart 0) KSP residual norm 4.906468e-02
 10 (restart 0) KSP residual norm 4.901944e-02
 11 (restart 0) KSP residual norm 4.775499e-02
 12 (restart 0) KSP residual norm 4.514913e-02
 13 (restart 0) KSP residual norm 3.264844e-02
 14 (restart 0) KSP residual norm 9.166731e-03
 15 (restart 0) KSP residual norm 1.829138e-03
 16 (restart 0) KSP residual norm 3.624796e-04
 17 (restart 0) KSP residual norm 7.344315e-05
GMRES solver converged in 17 iterations (avg. reduction factor: 5.575e-01)
1 NLEPS (nconv=11, restart=0) residual norm 7.486473e-03
  Residual norms for GMRES solve
  0 (restart 0) KSP residual norm 1.505159e-04
  1 (restart 0) KSP residual norm 4.157454e-05
  2 (restart 0) KSP residual norm 2.212143e-05
  3 (restart 0) KSP residual norm 1.187462e-05
  4 (restart 0) KSP residual norm 1.139899e-05
  5 (restart 0) KSP residual norm 1.124488e-05
  6 (restart 0) KSP residual norm 1.123039e-05
  7 (restart 0) KSP residual norm 1.105742e-05
  8 (restart 0) KSP residual norm 1.105575e-05
  9 (restart 0) KSP residual norm 1.070940e-05
 10 (restart 0) KSP residual norm 1.037447e-05
 11 (restart 0) KSP residual norm 9.882774e-06
 12 (restart 0) KSP residual norm 6.368295e-06
 13 (restart 0) KSP residual norm 1.902139e-06
 14 (restart 0) KSP residual norm 4.828888e-07
 15 (restart 0) KSP residual norm 9.578455e-08
 16 (restart 0) KSP residual norm 1.930548e-08
 17 (restart 0) KSP residual norm 4.193535e-09
GMRES solver converged in 17 iterations (avg. reduction factor: 5.396e-01)
2 NLEPS (nconv=11, restart=0) residual norm 1.796275e-05
  Residual norms for GMRES solve
  0 (restart 0) KSP residual norm 4.915273e-05
  1 (restart 0) KSP residual norm 1.262169e-05
  2 (restart 0) KSP residual norm 7.009851e-06
  3 (restart 0) KSP residual norm 3.471637e-06
  4 (restart 0) KSP residual norm 3.446455e-06
  5 (restart 0) KSP residual norm 3.422830e-06
  6 (restart 0) KSP residual norm 3.422273e-06
  7 (restart 0) KSP residual norm 3.415226e-06
  8 (restart 0) KSP residual norm 3.378549e-06
  9 (restart 0) KSP residual norm 3.213788e-06
 10 (restart 0) KSP residual norm 3.208602e-06
 11 (restart 0) KSP residual norm 3.170544e-06
 12 (restart 0) KSP residual norm 2.180523e-06
 13 (restart 0) KSP residual norm 6.041421e-07
 14 (restart 0) KSP residual norm 1.523193e-07
 15 (restart 0) KSP residual norm 3.465156e-08
 16 (restart 0) KSP residual norm 8.287633e-09
 17 (restart 0) KSP residual norm 2.165172e-09
 18 (restart 0) KSP residual norm 5.007884e-10
GMRES solver converged in 18 iterations (avg. reduction factor: 5.280e-01)
3 NLEPS (nconv=11, restart=0) residual norm 2.466348e-07
  Residual norms for GMRES solve
  0 (restart 0) KSP residual norm 1.590367e-05
  1 (restart 0) KSP residual norm 4.046879e-06
  2 (restart 0) KSP residual norm 2.269879e-06
  3 (restart 0) KSP residual norm 1.109512e-06
  4 (restart 0) KSP residual norm 1.102790e-06
  5 (restart 0) KSP residual norm 1.094810e-06
  6 (restart 0) KSP residual norm 1.094403e-06
  7 (restart 0) KSP residual norm 1.092367e-06
  8 (restart 0) KSP residual norm 1.078703e-06
  9 (restart 0) KSP residual norm 1.030541e-06
 10 (restart 0) KSP residual norm 1.030223e-06
 11 (restart 0) KSP residual norm 1.018881e-06
 12 (restart 0) KSP residual norm 6.910578e-07
 13 (restart 0) KSP residual norm 1.872106e-07
 14 (restart 0) KSP residual norm 4.548943e-08
 15 (restart 0) KSP residual norm 9.246084e-09
 16 (restart 0) KSP residual norm 1.859729e-09
 17 (restart 0) KSP residual norm 4.278884e-10
 18 (restart 0) KSP residual norm 1.082795e-10
 19 (restart 0) KSP residual norm 2.506834e-11
 20 (restart 0) KSP residual norm 5.342268e-12
 21 (restart 0) KSP residual norm 1.063221e-12
GMRES solver converged in 21 iterations (avg. reduction factor: 4.553e-01)
4 NLEPS (nconv=11, restart=0) residual norm 7.878162e-08
  Residual norms for GMRES solve
  0 (restart 0) KSP residual norm 5.115166e-06
  1 (restart 0) KSP residual norm 1.301448e-06
  2 (restart 0) KSP residual norm 7.301310e-07
  3 (restart 0) KSP residual norm 3.569504e-07
  4 (restart 0) KSP residual norm 3.548235e-07
  5 (restart 0) KSP residual norm 3.523583e-07
  6 (restart 0) KSP residual norm 3.522235e-07
  7 (restart 0) KSP residual norm 3.515495e-07
  8 (restart 0) KSP residual norm 3.472157e-07
  9 (restart 0) KSP residual norm 3.316576e-07
 10 (restart 0) KSP residual norm 3.315624e-07
 11 (restart 0) KSP residual norm 3.279553e-07
 12 (restart 0) KSP residual norm 2.220141e-07
 13 (restart 0) KSP residual norm 5.988762e-08
 14 (restart 0) KSP residual norm 1.446783e-08
 15 (restart 0) KSP residual norm 2.886408e-09
 16 (restart 0) KSP residual norm 5.515982e-10
 17 (restart 0) KSP residual norm 1.105637e-10
 18 (restart 0) KSP residual norm 2.197642e-11
 19 (restart 0) KSP residual norm 4.705426e-12
 20 (restart 0) KSP residual norm 9.590530e-13
GMRES solver converged in 20 iterations (avg. reduction factor: 4.609e-01)
5 NLEPS (nconv=11, restart=0) residual norm 2.533455e-08
  Residual norms for GMRES solve
  0 (restart 0) KSP residual norm 1.647953e-06
  1 (restart 0) KSP residual norm 4.192865e-07
  2 (restart 0) KSP residual norm 2.352262e-07
  3 (restart 0) KSP residual norm 1.149985e-07
  4 (restart 0) KSP residual norm 1.143125e-07
  5 (restart 0) KSP residual norm 1.135173e-07
  6 (restart 0) KSP residual norm 1.134739e-07
  7 (restart 0) KSP residual norm 1.132568e-07
  8 (restart 0) KSP residual norm 1.118601e-07
  9 (restart 0) KSP residual norm 1.068485e-07
 10 (restart 0) KSP residual norm 1.068178e-07
 11 (restart 0) KSP residual norm 1.056557e-07
 12 (restart 0) KSP residual norm 7.152584e-08
 13 (restart 0) KSP residual norm 1.929451e-08
 14 (restart 0) KSP residual norm 4.661184e-09
 15 (restart 0) KSP residual norm 9.299319e-10
 16 (restart 0) KSP residual norm 1.777096e-10
 17 (restart 0) KSP residual norm 3.561990e-11
 18 (restart 0) KSP residual norm 7.080551e-12
 19 (restart 0) KSP residual norm 1.516449e-12
 20 (restart 0) KSP residual norm 3.093079e-13
GMRES solver converged in 20 iterations (avg. reduction factor: 4.610e-01)
6 NLEPS (nconv=11, restart=0) residual norm 8.161946e-09
Eigenvalue 11, Quasi-Newton converged in 6 iterations (-3.524e-04+1.027e+01i).
  Residual norms for GMRES solve
  0 (restart 0) KSP residual norm 1.251397e+01
  1 (restart 0) KSP residual norm 6.785988e-01
  2 (restart 0) KSP residual norm 6.381484e-01
  3 (restart 0) KSP residual norm 6.362314e-01
  4 (restart 0) KSP residual norm 5.033024e-01
  5 (restart 0) KSP residual norm 1.973718e-01
  6 (restart 0) KSP residual norm 1.600315e-01
  7 (restart 0) KSP residual norm 6.812442e-02
  8 (restart 0) KSP residual norm 6.077382e-02
  9 (restart 0) KSP residual norm 5.984819e-02
 10 (restart 0) KSP residual norm 5.731928e-02
 11 (restart 0) KSP residual norm 5.295299e-02
 12 (restart 0) KSP residual norm 4.410088e-02
 13 (restart 0) KSP residual norm 1.324846e-02
 14 (restart 0) KSP residual norm 2.729650e-03
 15 (restart 0) KSP residual norm 4.742553e-04
GMRES solver converged in 15 iterations (avg. reduction factor: 5.073e-01)
0 NLEPS (nconv=12, restart=0) residual norm 1.383567e+00
  Residual norms for GMRES solve
  0 (restart 0) KSP residual norm 3.598122e+00
  1 (restart 0) KSP residual norm 3.476420e+00
  2 (restart 0) KSP residual norm 3.065551e+00
  3 (restart 0) KSP residual norm 1.530873e+00
  4 (restart 0) KSP residual norm 3.935214e-01
  5 (restart 0) KSP residual norm 3.676484e-01
  6 (restart 0) KSP residual norm 2.916799e-01
  7 (restart 0) KSP residual norm 1.680111e-01
  8 (restart 0) KSP residual norm 1.603411e-01
  9 (restart 0) KSP residual norm 1.468452e-01
 10 (restart 0) KSP residual norm 1.303693e-01
 11 (restart 0) KSP residual norm 1.163445e-01
 12 (restart 0) KSP residual norm 9.934834e-02
 13 (restart 0) KSP residual norm 3.633618e-02
 14 (restart 0) KSP residual norm 7.001562e-03
 15 (restart 0) KSP residual norm 1.312044e-03
 16 (restart 0) KSP residual norm 2.333149e-04
GMRES solver converged in 16 iterations (avg. reduction factor: 5.473e-01)
1 NLEPS (nconv=12, restart=0) residual norm 4.897203e-04
  Residual norms for GMRES solve
  0 (restart 0) KSP residual norm 5.807052e-04
  1 (restart 0) KSP residual norm 1.688218e-04
  2 (restart 0) KSP residual norm 6.350782e-05
  3 (restart 0) KSP residual norm 5.163811e-05
  4 (restart 0) KSP residual norm 4.929896e-05
  5 (restart 0) KSP residual norm 3.252299e-05
  6 (restart 0) KSP residual norm 2.022640e-05
  7 (restart 0) KSP residual norm 1.531498e-05
  8 (restart 0) KSP residual norm 1.102827e-05
  9 (restart 0) KSP residual norm 7.905929e-06
 10 (restart 0) KSP residual norm 6.746473e-06
 11 (restart 0) KSP residual norm 5.982473e-06
 12 (restart 0) KSP residual norm 5.167767e-06
 13 (restart 0) KSP residual norm 2.122637e-06
 14 (restart 0) KSP residual norm 5.570575e-07
 15 (restart 0) KSP residual norm 1.057522e-07
 16 (restart 0) KSP residual norm 2.431073e-08
GMRES solver converged in 16 iterations (avg. reduction factor: 5.326e-01)
2 NLEPS (nconv=12, restart=0) residual norm 2.422167e-06
  Residual norms for GMRES solve
  0 (restart 0) KSP residual norm 5.037117e-07
  1 (restart 0) KSP residual norm 1.904922e-07
  2 (restart 0) KSP residual norm 1.627420e-07
  3 (restart 0) KSP residual norm 1.588497e-07
  4 (restart 0) KSP residual norm 1.072683e-07
  5 (restart 0) KSP residual norm 9.014758e-08
  6 (restart 0) KSP residual norm 6.889006e-08
  7 (restart 0) KSP residual norm 3.290388e-08
  8 (restart 0) KSP residual norm 1.541801e-08
  9 (restart 0) KSP residual norm 9.368291e-09
 10 (restart 0) KSP residual norm 7.748773e-09
 11 (restart 0) KSP residual norm 7.686265e-09
 12 (restart 0) KSP residual norm 7.524572e-09
 13 (restart 0) KSP residual norm 5.328735e-09
 14 (restart 0) KSP residual norm 2.485122e-09
 15 (restart 0) KSP residual norm 5.696601e-10
 16 (restart 0) KSP residual norm 1.242197e-10
 17 (restart 0) KSP residual norm 2.465165e-11
 18 (restart 0) KSP residual norm 4.903030e-12
 19 (restart 0) KSP residual norm 8.421445e-13
GMRES solver converged in 19 iterations (avg. reduction factor: 4.965e-01)
3 NLEPS (nconv=12, restart=0) residual norm 9.168442e-10
Eigenvalue 12, Quasi-Newton converged in 3 iterations (-3.524e-04+1.027e+01i).
  Residual norms for GMRES solve
  0 (restart 0) KSP residual norm 1.175727e+01
  1 (restart 0) KSP residual norm 1.519726e+00
  2 (restart 0) KSP residual norm 1.508388e+00
  3 (restart 0) KSP residual norm 6.530813e-01
  4 (restart 0) KSP residual norm 2.678573e-01
  5 (restart 0) KSP residual norm 1.887990e-01
  6 (restart 0) KSP residual norm 1.399166e-01
  7 (restart 0) KSP residual norm 1.300749e-01
  8 (restart 0) KSP residual norm 1.235908e-01
  9 (restart 0) KSP residual norm 1.132077e-01
 10 (restart 0) KSP residual norm 9.730347e-02
 11 (restart 0) KSP residual norm 7.786561e-02
 12 (restart 0) KSP residual norm 7.345408e-02
 13 (restart 0) KSP residual norm 7.116751e-02
 14 (restart 0) KSP residual norm 7.112007e-02
 15 (restart 0) KSP residual norm 5.013748e-02
 16 (restart 0) KSP residual norm 1.889052e-02
 17 (restart 0) KSP residual norm 3.500763e-03
 18 (restart 0) KSP residual norm 6.951141e-04
GMRES solver converged in 18 iterations (avg. reduction factor: 5.822e-01)
0 NLEPS (nconv=13, restart=0) residual norm 4.615489e-01
  Residual norms for GMRES solve
  0 (restart 0) KSP residual norm 9.476879e+00
  1 (restart 0) KSP residual norm 7.781231e+00
  2 (restart 0) KSP residual norm 4.495536e+00
  3 (restart 0) KSP residual norm 1.684649e+00
  4 (restart 0) KSP residual norm 8.389772e-01
  5 (restart 0) KSP residual norm 7.045248e-01
  6 (restart 0) KSP residual norm 6.847197e-01
  7 (restart 0) KSP residual norm 6.731752e-01
  8 (restart 0) KSP residual norm 6.721671e-01
  9 (restart 0) KSP residual norm 5.084648e-01
 10 (restart 0) KSP residual norm 4.751419e-01
 11 (restart 0) KSP residual norm 4.254404e-01
 12 (restart 0) KSP residual norm 3.905343e-01
 13 (restart 0) KSP residual norm 3.730165e-01
 14 (restart 0) KSP residual norm 3.632405e-01
 15 (restart 0) KSP residual norm 1.943969e-01
 16 (restart 0) KSP residual norm 6.764198e-02
 17 (restart 0) KSP residual norm 1.037258e-02
 18 (restart 0) KSP residual norm 3.042311e-03
 19 (restart 0) KSP residual norm 4.435883e-04
GMRES solver converged in 19 iterations (avg. reduction factor: 5.917e-01)
1 NLEPS (nconv=13, restart=0) residual norm 6.078124e-03
  Residual norms for GMRES solve
  0 (restart 0) KSP residual norm 4.529831e-04
  1 (restart 0) KSP residual norm 7.765694e-05
  2 (restart 0) KSP residual norm 3.605346e-05
  3 (restart 0) KSP residual norm 3.598107e-05
  4 (restart 0) KSP residual norm 2.979086e-05
  5 (restart 0) KSP residual norm 2.837731e-05
  6 (restart 0) KSP residual norm 2.613008e-05
  7 (restart 0) KSP residual norm 2.605674e-05
  8 (restart 0) KSP residual norm 2.490725e-05
  9 (restart 0) KSP residual norm 2.193508e-05
 10 (restart 0) KSP residual norm 1.612780e-05
 11 (restart 0) KSP residual norm 1.200146e-05
 12 (restart 0) KSP residual norm 8.456109e-06
 13 (restart 0) KSP residual norm 7.513178e-06
 14 (restart 0) KSP residual norm 7.434766e-06
 15 (restart 0) KSP residual norm 4.282719e-06
 16 (restart 0) KSP residual norm 1.091429e-06
 17 (restart 0) KSP residual norm 1.898396e-07
 18 (restart 0) KSP residual norm 5.206589e-08
 19 (restart 0) KSP residual norm 1.064795e-08
GMRES solver converged in 19 iterations (avg. reduction factor: 5.707e-01)
2 NLEPS (nconv=13, restart=0) residual norm 1.453052e-05
  Residual norms for GMRES solve
  0 (restart 0) KSP residual norm 1.429905e-05
  1 (restart 0) KSP residual norm 7.373302e-06
  2 (restart 0) KSP residual norm 1.174851e-06
  3 (restart 0) KSP residual norm 1.089833e-06
  4 (restart 0) KSP residual norm 9.561353e-07
  5 (restart 0) KSP residual norm 8.225871e-07
  6 (restart 0) KSP residual norm 7.954189e-07
  7 (restart 0) KSP residual norm 7.872108e-07
  8 (restart 0) KSP residual norm 7.385073e-07
  9 (restart 0) KSP residual norm 6.984108e-07
 10 (restart 0) KSP residual norm 3.430699e-07
 11 (restart 0) KSP residual norm 2.035448e-07
 12 (restart 0) KSP residual norm 1.338112e-07
 13 (restart 0) KSP residual norm 1.288464e-07
 14 (restart 0) KSP residual norm 1.227884e-07
 15 (restart 0) KSP residual norm 1.084508e-07
 16 (restart 0) KSP residual norm 4.373175e-08
 17 (restart 0) KSP residual norm 1.737854e-08
 18 (restart 0) KSP residual norm 4.627551e-09
 19 (restart 0) KSP residual norm 1.225051e-09
 20 (restart 0) KSP residual norm 2.750865e-10
 21 (restart 0) KSP residual norm 5.603595e-11
GMRES solver converged in 21 iterations (avg. reduction factor: 5.528e-01)
3 NLEPS (nconv=13, restart=0) residual norm 1.025729e-07
  Residual norms for GMRES solve
  0 (restart 0) KSP residual norm 6.913126e-10
  1 (restart 0) KSP residual norm 2.763439e-10
  2 (restart 0) KSP residual norm 2.733935e-10
  3 (restart 0) KSP residual norm 2.495410e-10
  4 (restart 0) KSP residual norm 2.474973e-10
  5 (restart 0) KSP residual norm 2.044011e-10
  6 (restart 0) KSP residual norm 1.620442e-10
  7 (restart 0) KSP residual norm 1.499333e-10
  8 (restart 0) KSP residual norm 1.475419e-10
  9 (restart 0) KSP residual norm 1.098031e-10
 10 (restart 0) KSP residual norm 9.005911e-11
 11 (restart 0) KSP residual norm 5.341669e-11
 12 (restart 0) KSP residual norm 3.975460e-11
 13 (restart 0) KSP residual norm 3.752040e-11
 14 (restart 0) KSP residual norm 3.689604e-11
 15 (restart 0) KSP residual norm 3.660721e-11
 16 (restart 0) KSP residual norm 2.637351e-11
 17 (restart 0) KSP residual norm 6.037753e-12
 18 (restart 0) KSP residual norm 1.601535e-12
 19 (restart 0) KSP residual norm 3.108461e-13
GMRES solver converged in 19 iterations (avg. reduction factor: 6.666e-01)
4 NLEPS (nconv=13, restart=0) residual norm 5.907962e-10
Eigenvalue 13, Quasi-Newton converged in 4 iterations (-5.512e-04+1.062e+01i).

Computing solution error estimates and performing postprocessing

     m,        Re{f} (GHz),        Im{f} (GHz),                  Q,      Error (Bkwd.),       Error (Abs.)
     1,      +1.106434e+00,      +5.542490e-05,      +9.981384e+03,      +2.400169e-13,      +3.044468e-09
     2,      +1.762960e+00,      +6.997948e-05,      +1.259626e+04,      +1.215311e-14,      +1.542063e-10
     3,      +1.762963e+00,      +6.998049e-05,      +1.259610e+04,      +1.638406e-13,      +2.078913e-09
     4,      +1.893254e+00,      +8.324828e-05,      +1.137113e+04,      +3.026432e-13,      +3.840452e-09
     5,      +1.893255e+00,      +8.324676e-05,      +1.137134e+04,      +1.150642e-13,      +1.460130e-09
     6,      +2.022612e+00,      +1.153950e-04,      +8.763865e+03,      +2.830374e-14,      +3.591984e-10
     7,      +2.200417e+00,      +9.171034e-05,      +1.199656e+04,      +2.027362e-13,      +2.573236e-09
     8,      +2.200419e+00,      +9.170911e-05,      +1.199673e+04,      +2.701963e-13,      +3.429476e-09
     9,      +2.362967e+00,      +8.106030e-05,      +1.457537e+04,      +6.461612e-13,      +8.202502e-09
    10,      +2.362980e+00,      +8.107291e-05,      +1.457318e+04,      +7.255225e-14,      +9.209931e-10
    11,      +2.444317e+00,      +1.268101e-04,      +9.637704e+03,      +5.311385e-14,      +6.742848e-10
    12,      +2.444331e+00,      +1.268251e-04,      +9.636624e+03,      +5.699212e-13,      +7.235198e-09
    13,      +2.444458e+00,      +6.251694e-05,      +1.955036e+04,      +1.316997e-13,      +1.671940e-09
    14,      +2.539985e+00,      +8.407483e-05,      +1.510550e+04,      +4.052126e-14,      +5.144643e-10

Completed 0 iterations of adaptive mesh refinement (AMR):
 Indicator norm = 1.208e-02, global unknowns = 534810
 Max. iterations = 0, tol. = 1.000e-02

Estimated peak per-rank memory usage is: Min. 292.7M, Max. 325.9M, Avg. 304.6M, Total 9.5G
Estimated peak per-node memory usage is: Min. 9.5G, Max. 9.5G, Avg. 9.5G, Total 9.5G

Elapsed Time Report (s)           Min.        Max.        Avg.
==============================================================
Initialization                   0.232       0.625       0.612
  Mesh Preprocessing             0.444       0.836       0.456
Operator Construction            1.844       1.859       1.848
Linear Solve                    22.931      23.181      23.024
  Setup                         26.968      26.971      26.969
  Preconditioner               393.471     394.131     393.958
  Coarse Solve                  37.609      38.047      37.722
Eigenvalue Solve                 6.621       6.639       6.633
Div.-Free Projection            14.480      14.504      14.495
Estimation                       0.140       0.148       0.145
  Construction                   0.582       0.583       0.582
  Solve                          6.494       6.500       6.498
Postprocessing                   1.004       1.013       1.007
Disk IO                          0.967       0.967       0.967
--------------------------------------------------------------
Total                          516.059     516.078     516.070

Peak Memory                   Per-Node       Total   Total HWM
==============================================================
Initialization                   52.7M       52.7M       52.7M
  Mesh Preprocessing            134.9M      134.9M      187.5M
Operator Construction             1.1G        1.1G        1.2G
Linear Solve                      0.0K        0.0K        1.2G
  Setup                         940.2M      940.2M        2.2G
  Preconditioner                  2.0M        2.0M        2.2G
  Coarse Solve                    5.2G        5.2G        7.4G
Eigenvalue Solve                498.1M      498.1M        7.9G
Div.-Free Projection            317.7M      317.7M        8.2G
Estimation                        0.0K        0.0K        8.2G
  Construction                  425.4M      425.4M        8.6G
  Solve                           0.0K        0.0K        8.6G
Postprocessing                    0.0K        0.0K        8.6G
Disk IO                          79.4M       79.4M        8.7G
--------------------------------------------------------------
Total                             9.1G        9.1G        9.1G

