>> /opt/amip/envs/emsim/bin/mpirun -n 32 /opt/amip/palace/bin/palace-x86_64.bin h3-aspect-02.dbf9d429_9x10_barrel_g2-0.5_pec.json

_____________     _______
_____   __   \____ __   /____ ____________
____   /_/  /  __ ` /  /  __ ` /  ___/  _ \
___   _____/  /_/  /  /  /_/  /  /__/  ___/
  /__/     \___,__/__/\___,__/\_____\_____/

Git changeset ID: v0.17.0-293-g3c83b9db0
Running with 32 MPI processes, 1 OpenMP thread
Device configuration: omp,cpu
Memory configuration: host-std
libCEED backend: /cpu/self/xsmm/blocked

Added 28 duplicate vertices for interior boundaries in the mesh
Added 42 duplicate boundary elements for interior boundaries in the mesh
Added 17289 boundary elements for material interfaces to the mesh

Characteristic length and time scales:
 Lc = 1.974e-01 m, tc = 6.585e-01 ns
Finished partitioning mesh into 32 subdomains

Mesh curvature order: 2
Mesh bounding box:
 (Xmin, Ymin, Zmin) = (-8.800e-02, -8.800e-02, -9.871e-02) m
 (Xmax, Ymax, Zmax) = (+8.800e-02, +8.800e-02, +9.871e-02) m

Parallel Mesh Stats:

                minimum     average     maximum       total
 vertices           287         456         638       14616
 edges             2081        2971        3518       95084
 faces             3573        4918        5356      157379
 elements          1778        2403        2475       76910
 neighbors            3           7          18

            minimum     maximum
 h      0.000688672    0.165322
 kappa      1.02062     77.4989

Estimated current per-rank memory usage is: Min. 33.0M, Max. 97.4M, Avg. 35.4M, Total 1.1G
Estimated current per-node memory usage is: Min. 1.1G, Max. 1.1G, Avg. 1.1G, Total 1.1G

Configuring Robin finite conductivity BC at attributes:
 90: σ = 3.500e+07 S/m, n = (-0.7,+0.2,+0.7)
 92: σ = 5.800e+07 S/m, n = (-0.1,+0.4,+0.9)

Configuring Dirichlet PEC BC at attributes:
 91

Assembling system matrices, number of global unknowns:
 H1 (p = 2): 109700, ND (p = 2): 504926, RT (p = 2): 702867
 Operator assembly level: Partial
 Mesh geometries:
  Tetrahedron: P = 20, Q = 14 (quadrature order = 4)

Configuring SLEPc eigenvalue solver:
 Scaling γ = 3.143e+01, δ = 4.703e-07
 Configuring divergence-free projection
 Using random starting vector
 Shift-and-invert σ = 2.380e+00 GHz (9.847e+00)

Assembling multigrid hierarchy:
 Level 0 (p = 1): 95084 unknowns
 Level 1 (p = 2): 504926 unknowns
 Level 0 (auxiliary) (p = 1): 14616 unknowns
 Level 1 (auxiliary) (p = 2): 109700 unknowns

#PETSc Option Table entries:
-eps_monitor # (source: code)
#End of PETSc Option Table entries

  Residual norms for GMRES solve
  0 (restart 0) KSP residual norm 8.918823e-01
  1 (restart 0) KSP residual norm 5.458914e-01
  2 (restart 0) KSP residual norm 1.595806e-01
  3 (restart 0) KSP residual norm 5.538207e-02
  4 (restart 0) KSP residual norm 3.493288e-02
  5 (restart 0) KSP residual norm 2.593889e-02
  6 (restart 0) KSP residual norm 1.413567e-02
  7 (restart 0) KSP residual norm 6.368992e-03
  8 (restart 0) KSP residual norm 4.044423e-03
  9 (restart 0) KSP residual norm 2.222772e-03
 10 (restart 0) KSP residual norm 1.324213e-03
 11 (restart 0) KSP residual norm 8.657644e-04
 12 (restart 0) KSP residual norm 5.422110e-04
 13 (restart 0) KSP residual norm 3.722725e-04
 14 (restart 0) KSP residual norm 2.632018e-04
 15 (restart 0) KSP residual norm 2.051408e-04
 16 (restart 0) KSP residual norm 1.715695e-04
 17 (restart 0) KSP residual norm 1.370198e-04
 18 (restart 0) KSP residual norm 1.123850e-04
 19 (restart 0) KSP residual norm 8.172017e-05
 20 (restart 0) KSP residual norm 6.605418e-05
 21 (restart 0) KSP residual norm 5.285470e-05
 22 (restart 0) KSP residual norm 3.720822e-05
 23 (restart 0) KSP residual norm 2.928199e-05
 24 (restart 0) KSP residual norm 2.451435e-05
 25 (restart 0) KSP residual norm 1.920030e-05
 26 (restart 0) KSP residual norm 1.524042e-05
 27 (restart 0) KSP residual norm 1.258050e-05
 28 (restart 0) KSP residual norm 1.032520e-05
 29 (restart 0) KSP residual norm 8.195515e-06
 30 (restart 0) KSP residual norm 6.580278e-06
 31 (restart 0) KSP residual norm 5.448282e-06
 32 (restart 0) KSP residual norm 4.183420e-06
 33 (restart 0) KSP residual norm 3.203259e-06
 34 (restart 0) KSP residual norm 2.599830e-06
 35 (restart 0) KSP residual norm 2.163324e-06
 36 (restart 0) KSP residual norm 1.766751e-06
 37 (restart 0) KSP residual norm 1.458764e-06
 38 (restart 0) KSP residual norm 1.221836e-06
 39 (restart 0) KSP residual norm 9.788693e-07
 40 (restart 0) KSP residual norm 7.733014e-07
 41 (restart 0) KSP residual norm 6.235993e-07
 42 (restart 0) KSP residual norm 5.041390e-07
 43 (restart 0) KSP residual norm 3.939959e-07
 44 (restart 0) KSP residual norm 3.195911e-07
 45 (restart 0) KSP residual norm 2.654549e-07
 46 (restart 0) KSP residual norm 2.143681e-07
 47 (restart 0) KSP residual norm 1.726679e-07
 48 (restart 0) KSP residual norm 1.422930e-07
 49 (restart 0) KSP residual norm 1.168634e-07
 50 (restart 0) KSP residual norm 9.400136e-08
 51 (restart 0) KSP residual norm 7.779202e-08
 52 (restart 0) KSP residual norm 6.487441e-08
 53 (restart 0) KSP residual norm 5.326073e-08
 54 (restart 0) KSP residual norm 4.417456e-08
 55 (restart 0) KSP residual norm 3.678196e-08
 56 (restart 0) KSP residual norm 3.047282e-08
 57 (restart 0) KSP residual norm 2.535199e-08
 58 (restart 0) KSP residual norm 2.113134e-08
 59 (restart 0) KSP residual norm 1.731526e-08
 60 (restart 0) KSP residual norm 1.406541e-08
 61 (restart 0) KSP residual norm 1.135132e-08
 62 (restart 0) KSP residual norm 9.009738e-09
 63 (restart 0) KSP residual norm 7.134969e-09
GMRES solver converged in 63 iterations (avg. reduction factor: 7.438e-01)
  Residual norms for GMRES solve
  0 (restart 0) KSP residual norm 2.136909e+01
  1 (restart 0) KSP residual norm 1.245879e+01
  2 (restart 0) KSP residual norm 8.676917e+00
  3 (restart 0) KSP residual norm 2.015095e+00
  4 (restart 0) KSP residual norm 9.037601e-01
  5 (restart 0) KSP residual norm 5.912784e-01
  6 (restart 0) KSP residual norm 2.442445e-01
  7 (restart 0) KSP residual norm 3.381696e-02
  8 (restart 0) KSP residual norm 1.437602e-02
  9 (restart 0) KSP residual norm 1.267955e-02
 10 (restart 0) KSP residual norm 7.116575e-03
 11 (restart 0) KSP residual norm 4.527522e-03
 12 (restart 0) KSP residual norm 3.149170e-03
 13 (restart 0) KSP residual norm 1.334735e-03
 14 (restart 0) KSP residual norm 5.324480e-04
 15 (restart 0) KSP residual norm 3.020662e-04
 16 (restart 0) KSP residual norm 2.350202e-04
 17 (restart 0) KSP residual norm 1.682250e-04
 18 (restart 0) KSP residual norm 1.156408e-04
 19 (restart 0) KSP residual norm 8.613030e-05
 20 (restart 0) KSP residual norm 7.043929e-05
 21 (restart 0) KSP residual norm 5.233255e-05
 22 (restart 0) KSP residual norm 3.987486e-05
 23 (restart 0) KSP residual norm 3.164717e-05
 24 (restart 0) KSP residual norm 2.421859e-05
 25 (restart 0) KSP residual norm 1.877457e-05
 26 (restart 0) KSP residual norm 1.490872e-05
 27 (restart 0) KSP residual norm 1.173725e-05
 28 (restart 0) KSP residual norm 9.143738e-06
 29 (restart 0) KSP residual norm 7.109827e-06
 30 (restart 0) KSP residual norm 5.697456e-06
 31 (restart 0) KSP residual norm 4.643272e-06
 32 (restart 0) KSP residual norm 3.801329e-06
 33 (restart 0) KSP residual norm 3.002193e-06
 34 (restart 0) KSP residual norm 2.461355e-06
 35 (restart 0) KSP residual norm 1.995776e-06
 36 (restart 0) KSP residual norm 1.611910e-06
 37 (restart 0) KSP residual norm 1.295847e-06
 38 (restart 0) KSP residual norm 1.033130e-06
 39 (restart 0) KSP residual norm 8.275710e-07
 40 (restart 0) KSP residual norm 6.575754e-07
 41 (restart 0) KSP residual norm 5.188496e-07
 42 (restart 0) KSP residual norm 4.120106e-07
 43 (restart 0) KSP residual norm 3.323205e-07
 44 (restart 0) KSP residual norm 2.614914e-07
 45 (restart 0) KSP residual norm 2.020765e-07
GMRES solver converged in 45 iterations (avg. reduction factor: 6.633e-01)
  Residual norms for GMRES solve
  0 (restart 0) KSP residual norm 4.096791e+01
  1 (restart 0) KSP residual norm 3.147250e+01
  2 (restart 0) KSP residual norm 2.079655e+01
  3 (restart 0) KSP residual norm 3.788458e+00
  4 (restart 0) KSP residual norm 2.162079e+00
  5 (restart 0) KSP residual norm 1.408995e+00
  6 (restart 0) KSP residual norm 4.563018e-01
  7 (restart 0) KSP residual norm 6.472786e-02
  8 (restart 0) KSP residual norm 3.822429e-02
  9 (restart 0) KSP residual norm 3.382159e-02
 10 (restart 0) KSP residual norm 1.557771e-02
 11 (restart 0) KSP residual norm 9.240377e-03
 12 (restart 0) KSP residual norm 6.673091e-03
 13 (restart 0) KSP residual norm 3.210675e-03
 14 (restart 0) KSP residual norm 1.163113e-03
 15 (restart 0) KSP residual norm 5.313551e-04
 16 (restart 0) KSP residual norm 3.829965e-04
 17 (restart 0) KSP residual norm 2.662552e-04
 18 (restart 0) KSP residual norm 1.422349e-04
 19 (restart 0) KSP residual norm 8.081484e-05
 20 (restart 0) KSP residual norm 5.617618e-05
 21 (restart 0) KSP residual norm 4.095060e-05
 22 (restart 0) KSP residual norm 2.949221e-05
 23 (restart 0) KSP residual norm 2.251400e-05
 24 (restart 0) KSP residual norm 1.642582e-05
 25 (restart 0) KSP residual norm 1.220444e-05
 26 (restart 0) KSP residual norm 9.646681e-06
 27 (restart 0) KSP residual norm 7.663382e-06
 28 (restart 0) KSP residual norm 5.752588e-06
 29 (restart 0) KSP residual norm 4.299922e-06
 30 (restart 0) KSP residual norm 3.311766e-06
 31 (restart 0) KSP residual norm 2.599648e-06
 32 (restart 0) KSP residual norm 2.058468e-06
 33 (restart 0) KSP residual norm 1.674236e-06
 34 (restart 0) KSP residual norm 1.363581e-06
 35 (restart 0) KSP residual norm 1.070311e-06
 36 (restart 0) KSP residual norm 8.603507e-07
 37 (restart 0) KSP residual norm 7.016912e-07
 38 (restart 0) KSP residual norm 5.515572e-07
 39 (restart 0) KSP residual norm 4.309280e-07
 40 (restart 0) KSP residual norm 3.409095e-07
GMRES solver converged in 40 iterations (avg. reduction factor: 6.281e-01)
  Residual norms for GMRES solve
  0 (restart 0) KSP residual norm 1.277546e+02
  1 (restart 0) KSP residual norm 5.354430e+00
  2 (restart 0) KSP residual norm 4.042689e+00
  3 (restart 0) KSP residual norm 1.525993e+00
  4 (restart 0) KSP residual norm 7.527294e-01
  5 (restart 0) KSP residual norm 4.246499e-01
  6 (restart 0) KSP residual norm 1.803188e-01
  7 (restart 0) KSP residual norm 9.028320e-02
  8 (restart 0) KSP residual norm 4.525333e-02
  9 (restart 0) KSP residual norm 1.527129e-02
 10 (restart 0) KSP residual norm 8.068437e-03
 11 (restart 0) KSP residual norm 7.032348e-03
 12 (restart 0) KSP residual norm 4.309236e-03
 13 (restart 0) KSP residual norm 1.533735e-03
 14 (restart 0) KSP residual norm 8.925962e-04
 15 (restart 0) KSP residual norm 5.957388e-04
 16 (restart 0) KSP residual norm 3.374237e-04
 17 (restart 0) KSP residual norm 1.965263e-04
 18 (restart 0) KSP residual norm 1.374627e-04
 19 (restart 0) KSP residual norm 8.368471e-05
 20 (restart 0) KSP residual norm 5.946398e-05
 21 (restart 0) KSP residual norm 4.135589e-05
 22 (restart 0) KSP residual norm 2.512044e-05
 23 (restart 0) KSP residual norm 1.864510e-05
 24 (restart 0) KSP residual norm 1.418103e-05
 25 (restart 0) KSP residual norm 1.081255e-05
 26 (restart 0) KSP residual norm 8.010434e-06
 27 (restart 0) KSP residual norm 6.378467e-06
 28 (restart 0) KSP residual norm 4.988957e-06
 29 (restart 0) KSP residual norm 3.639194e-06
 30 (restart 0) KSP residual norm 2.736781e-06
 31 (restart 0) KSP residual norm 2.147296e-06
 32 (restart 0) KSP residual norm 1.682054e-06
 33 (restart 0) KSP residual norm 1.321280e-06
 34 (restart 0) KSP residual norm 1.019577e-06
GMRES solver converged in 34 iterations (avg. reduction factor: 5.779e-01)
  Residual norms for GMRES solve
  0 (restart 0) KSP residual norm 4.987379e+01
  1 (restart 0) KSP residual norm 2.126000e+01
  2 (restart 0) KSP residual norm 1.595582e+01
  3 (restart 0) KSP residual norm 2.358387e+00
  4 (restart 0) KSP residual norm 1.374488e+00
  5 (restart 0) KSP residual norm 8.731377e-01
  6 (restart 0) KSP residual norm 3.402322e-01
  7 (restart 0) KSP residual norm 9.795769e-02
  8 (restart 0) KSP residual norm 8.467198e-02
  9 (restart 0) KSP residual norm 5.517083e-02
 10 (restart 0) KSP residual norm 1.332457e-02
 11 (restart 0) KSP residual norm 5.483821e-03
 12 (restart 0) KSP residual norm 3.924653e-03
 13 (restart 0) KSP residual norm 2.389353e-03
 14 (restart 0) KSP residual norm 1.036167e-03
 15 (restart 0) KSP residual norm 4.478716e-04
 16 (restart 0) KSP residual norm 2.286935e-04
 17 (restart 0) KSP residual norm 1.519827e-04
 18 (restart 0) KSP residual norm 9.827129e-05
 19 (restart 0) KSP residual norm 5.637562e-05
 20 (restart 0) KSP residual norm 3.831932e-05
 21 (restart 0) KSP residual norm 2.481630e-05
 22 (restart 0) KSP residual norm 1.610569e-05
 23 (restart 0) KSP residual norm 1.182718e-05
 24 (restart 0) KSP residual norm 9.104274e-06
 25 (restart 0) KSP residual norm 6.669588e-06
 26 (restart 0) KSP residual norm 4.962381e-06
 27 (restart 0) KSP residual norm 3.940550e-06
 28 (restart 0) KSP residual norm 3.010421e-06
 29 (restart 0) KSP residual norm 2.277813e-06
 30 (restart 0) KSP residual norm 1.742721e-06
 31 (restart 0) KSP residual norm 1.354928e-06
 32 (restart 0) KSP residual norm 1.076676e-06
 33 (restart 0) KSP residual norm 8.487777e-07
 34 (restart 0) KSP residual norm 6.781487e-07
 35 (restart 0) KSP residual norm 5.446102e-07
 36 (restart 0) KSP residual norm 4.424768e-07
GMRES solver converged in 36 iterations (avg. reduction factor: 5.975e-01)
  Residual norms for GMRES solve
  0 (restart 0) KSP residual norm 3.629878e+01
  1 (restart 0) KSP residual norm 2.678305e+01
  2 (restart 0) KSP residual norm 2.218410e+01
  3 (restart 0) KSP residual norm 3.717396e+00
  4 (restart 0) KSP residual norm 1.691235e+00
  5 (restart 0) KSP residual norm 1.297088e+00
  6 (restart 0) KSP residual norm 4.347269e-01
  7 (restart 0) KSP residual norm 7.420307e-02
  8 (restart 0) KSP residual norm 4.501287e-02
  9 (restart 0) KSP residual norm 3.380994e-02
 10 (restart 0) KSP residual norm 1.282546e-02
 11 (restart 0) KSP residual norm 7.387078e-03
 12 (restart 0) KSP residual norm 4.914769e-03
 13 (restart 0) KSP residual norm 2.287212e-03
 14 (restart 0) KSP residual norm 8.071967e-04
 15 (restart 0) KSP residual norm 3.490210e-04
 16 (restart 0) KSP residual norm 2.307378e-04
 17 (restart 0) KSP residual norm 1.584165e-04
 18 (restart 0) KSP residual norm 9.319925e-05
 19 (restart 0) KSP residual norm 5.156547e-05
 20 (restart 0) KSP residual norm 3.499273e-05
 21 (restart 0) KSP residual norm 2.202266e-05
 22 (restart 0) KSP residual norm 1.422654e-05
 23 (restart 0) KSP residual norm 1.056527e-05
 24 (restart 0) KSP residual norm 7.598555e-06
 25 (restart 0) KSP residual norm 5.518394e-06
 26 (restart 0) KSP residual norm 3.924350e-06
 27 (restart 0) KSP residual norm 3.035614e-06
 28 (restart 0) KSP residual norm 2.241619e-06
 29 (restart 0) KSP residual norm 1.700087e-06
 30 (restart 0) KSP residual norm 1.331916e-06
 31 (restart 0) KSP residual norm 1.035059e-06
 32 (restart 0) KSP residual norm 8.304806e-07
 33 (restart 0) KSP residual norm 6.825873e-07
 34 (restart 0) KSP residual norm 5.642440e-07
 35 (restart 0) KSP residual norm 4.565565e-07
 36 (restart 0) KSP residual norm 3.776376e-07
 37 (restart 0) KSP residual norm 3.116594e-07
GMRES solver converged in 37 iterations (avg. reduction factor: 6.053e-01)
  Residual norms for GMRES solve
  0 (restart 0) KSP residual norm 1.528944e+01
  1 (restart 0) KSP residual norm 8.394272e+00
  2 (restart 0) KSP residual norm 3.426263e+00
  3 (restart 0) KSP residual norm 1.743193e+00
  4 (restart 0) KSP residual norm 3.753912e-01
  5 (restart 0) KSP residual norm 1.369369e-01
  6 (restart 0) KSP residual norm 1.038387e-01
  7 (restart 0) KSP residual norm 8.621681e-02
  8 (restart 0) KSP residual norm 2.703089e-02
  9 (restart 0) KSP residual norm 1.481441e-02
 10 (restart 0) KSP residual norm 1.240568e-02
 11 (restart 0) KSP residual norm 3.938233e-03
 12 (restart 0) KSP residual norm 1.229550e-03
 13 (restart 0) KSP residual norm 1.116206e-03
 14 (restart 0) KSP residual norm 7.789410e-04
 15 (restart 0) KSP residual norm 4.846580e-04
 16 (restart 0) KSP residual norm 2.045122e-04
 17 (restart 0) KSP residual norm 9.428257e-05
 18 (restart 0) KSP residual norm 6.912478e-05
 19 (restart 0) KSP residual norm 4.888670e-05
 20 (restart 0) KSP residual norm 3.503706e-05
 21 (restart 0) KSP residual norm 2.800731e-05
 22 (restart 0) KSP residual norm 2.132009e-05
 23 (restart 0) KSP residual norm 1.588653e-05
 24 (restart 0) KSP residual norm 1.233169e-05
 25 (restart 0) KSP residual norm 9.628922e-06
 26 (restart 0) KSP residual norm 7.173336e-06
 27 (restart 0) KSP residual norm 5.702576e-06
 28 (restart 0) KSP residual norm 4.582650e-06
 29 (restart 0) KSP residual norm 3.552039e-06
 30 (restart 0) KSP residual norm 2.761231e-06
 31 (restart 0) KSP residual norm 2.180795e-06
 32 (restart 0) KSP residual norm 1.806778e-06
 33 (restart 0) KSP residual norm 1.453745e-06
 34 (restart 0) KSP residual norm 1.136075e-06
 35 (restart 0) KSP residual norm 9.196913e-07
 36 (restart 0) KSP residual norm 7.507975e-07
 37 (restart 0) KSP residual norm 5.927105e-07
 38 (restart 0) KSP residual norm 4.633143e-07
 39 (restart 0) KSP residual norm 3.642150e-07
 40 (restart 0) KSP residual norm 2.917929e-07
 41 (restart 0) KSP residual norm 2.371012e-07
 42 (restart 0) KSP residual norm 1.878386e-07
 43 (restart 0) KSP residual norm 1.501233e-07
GMRES solver converged in 43 iterations (avg. reduction factor: 6.513e-01)
  Residual norms for GMRES solve
  0 (restart 0) KSP residual norm 8.058665e+00
  1 (restart 0) KSP residual norm 4.663862e+00
  2 (restart 0) KSP residual norm 1.182732e+00
  3 (restart 0) KSP residual norm 7.767568e-01
  4 (restart 0) KSP residual norm 2.491442e-01
  5 (restart 0) KSP residual norm 7.937243e-02
  6 (restart 0) KSP residual norm 2.479605e-02
  7 (restart 0) KSP residual norm 1.760178e-02
  8 (restart 0) KSP residual norm 9.087679e-03
  9 (restart 0) KSP residual norm 5.698706e-03
 10 (restart 0) KSP residual norm 4.320681e-03
 11 (restart 0) KSP residual norm 1.703626e-03
 12 (restart 0) KSP residual norm 5.275034e-04
 13 (restart 0) KSP residual norm 4.256975e-04
 14 (restart 0) KSP residual norm 3.045181e-04
 15 (restart 0) KSP residual norm 1.506140e-04
 16 (restart 0) KSP residual norm 1.071062e-04
 17 (restart 0) KSP residual norm 8.330573e-05
 18 (restart 0) KSP residual norm 6.829827e-05
 19 (restart 0) KSP residual norm 4.909903e-05
 20 (restart 0) KSP residual norm 3.498183e-05
 21 (restart 0) KSP residual norm 2.866315e-05
 22 (restart 0) KSP residual norm 2.181495e-05
 23 (restart 0) KSP residual norm 1.586657e-05
 24 (restart 0) KSP residual norm 1.275132e-05
 25 (restart 0) KSP residual norm 1.035263e-05
 26 (restart 0) KSP residual norm 7.900461e-06
 27 (restart 0) KSP residual norm 6.229614e-06
 28 (restart 0) KSP residual norm 5.024864e-06
 29 (restart 0) KSP residual norm 4.003008e-06
 30 (restart 0) KSP residual norm 3.163796e-06
 31 (restart 0) KSP residual norm 2.523429e-06
 32 (restart 0) KSP residual norm 2.109560e-06
 33 (restart 0) KSP residual norm 1.674092e-06
 34 (restart 0) KSP residual norm 1.333082e-06
 35 (restart 0) KSP residual norm 1.098552e-06
 36 (restart 0) KSP residual norm 8.951835e-07
 37 (restart 0) KSP residual norm 6.904247e-07
 38 (restart 0) KSP residual norm 5.467513e-07
 39 (restart 0) KSP residual norm 4.360899e-07
 40 (restart 0) KSP residual norm 3.456580e-07
 41 (restart 0) KSP residual norm 2.759558e-07
 42 (restart 0) KSP residual norm 2.182226e-07
 43 (restart 0) KSP residual norm 1.729398e-07
 44 (restart 0) KSP residual norm 1.382032e-07
 45 (restart 0) KSP residual norm 1.057802e-07
 46 (restart 0) KSP residual norm 8.113201e-08
 47 (restart 0) KSP residual norm 6.379844e-08
GMRES solver converged in 47 iterations (avg. reduction factor: 6.724e-01)
  Residual norms for GMRES solve
  0 (restart 0) KSP residual norm 1.345838e+01
  1 (restart 0) KSP residual norm 5.625632e+00
  2 (restart 0) KSP residual norm 1.052639e+00
  3 (restart 0) KSP residual norm 7.222322e-01
  4 (restart 0) KSP residual norm 2.930382e-01
  5 (restart 0) KSP residual norm 9.575302e-02
  6 (restart 0) KSP residual norm 6.987723e-02
  7 (restart 0) KSP residual norm 4.140638e-02
  8 (restart 0) KSP residual norm 1.363951e-02
  9 (restart 0) KSP residual norm 4.171915e-03
 10 (restart 0) KSP residual norm 2.236790e-03
 11 (restart 0) KSP residual norm 1.316481e-03
 12 (restart 0) KSP residual norm 8.028802e-04
 13 (restart 0) KSP residual norm 6.183537e-04
 14 (restart 0) KSP residual norm 3.083960e-04
 15 (restart 0) KSP residual norm 9.696560e-05
 16 (restart 0) KSP residual norm 5.833569e-05
 17 (restart 0) KSP residual norm 4.379605e-05
 18 (restart 0) KSP residual norm 3.024473e-05
 19 (restart 0) KSP residual norm 1.976157e-05
 20 (restart 0) KSP residual norm 1.084357e-05
 21 (restart 0) KSP residual norm 7.533812e-06
 22 (restart 0) KSP residual norm 5.723961e-06
 23 (restart 0) KSP residual norm 4.058274e-06
 24 (restart 0) KSP residual norm 3.092237e-06
 25 (restart 0) KSP residual norm 2.419241e-06
 26 (restart 0) KSP residual norm 1.928701e-06
 27 (restart 0) KSP residual norm 1.621116e-06
 28 (restart 0) KSP residual norm 1.261547e-06
 29 (restart 0) KSP residual norm 1.061359e-06
 30 (restart 0) KSP residual norm 8.255145e-07
 31 (restart 0) KSP residual norm 6.467645e-07
 32 (restart 0) KSP residual norm 5.166372e-07
 33 (restart 0) KSP residual norm 4.230715e-07
 34 (restart 0) KSP residual norm 3.516188e-07
 35 (restart 0) KSP residual norm 2.878919e-07
 36 (restart 0) KSP residual norm 2.283497e-07
 37 (restart 0) KSP residual norm 1.780581e-07
 38 (restart 0) KSP residual norm 1.398327e-07
 39 (restart 0) KSP residual norm 1.073602e-07
GMRES solver converged in 39 iterations (avg. reduction factor: 6.199e-01)
  Residual norms for GMRES solve
  0 (restart 0) KSP residual norm 6.832481e+00
  1 (restart 0) KSP residual norm 3.686508e+00
  2 (restart 0) KSP residual norm 1.604214e+00
  3 (restart 0) KSP residual norm 1.076198e+00
  4 (restart 0) KSP residual norm 3.598232e-01
  5 (restart 0) KSP residual norm 2.263418e-01
  6 (restart 0) KSP residual norm 1.852495e-01
  7 (restart 0) KSP residual norm 9.902233e-02
  8 (restart 0) KSP residual norm 2.078368e-02
  9 (restart 0) KSP residual norm 7.263523e-03
 10 (restart 0) KSP residual norm 4.541677e-03
 11 (restart 0) KSP residual norm 3.186202e-03
 12 (restart 0) KSP residual norm 1.911516e-03
 13 (restart 0) KSP residual norm 1.052226e-03
 14 (restart 0) KSP residual norm 1.029827e-03
 15 (restart 0) KSP residual norm 6.964874e-04
 16 (restart 0) KSP residual norm 2.621140e-04
 17 (restart 0) KSP residual norm 1.947240e-04
 18 (restart 0) KSP residual norm 1.551163e-04
 19 (restart 0) KSP residual norm 1.110313e-04
 20 (restart 0) KSP residual norm 8.834818e-05
 21 (restart 0) KSP residual norm 6.736296e-05
 22 (restart 0) KSP residual norm 5.007609e-05
 23 (restart 0) KSP residual norm 3.881534e-05
 24 (restart 0) KSP residual norm 3.115145e-05
 25 (restart 0) KSP residual norm 2.423278e-05
 26 (restart 0) KSP residual norm 1.835729e-05
 27 (restart 0) KSP residual norm 1.444519e-05
 28 (restart 0) KSP residual norm 1.172042e-05
 29 (restart 0) KSP residual norm 9.352355e-06
 30 (restart 0) KSP residual norm 7.443877e-06
 31 (restart 0) KSP residual norm 6.108613e-06
 32 (restart 0) KSP residual norm 4.936440e-06
 33 (restart 0) KSP residual norm 4.001732e-06
 34 (restart 0) KSP residual norm 3.216702e-06
 35 (restart 0) KSP residual norm 2.572645e-06
 36 (restart 0) KSP residual norm 2.081048e-06
 37 (restart 0) KSP residual norm 1.643284e-06
 38 (restart 0) KSP residual norm 1.285293e-06
 39 (restart 0) KSP residual norm 1.020790e-06
 40 (restart 0) KSP residual norm 8.122924e-07
 41 (restart 0) KSP residual norm 6.448638e-07
 42 (restart 0) KSP residual norm 5.056361e-07
 43 (restart 0) KSP residual norm 4.026043e-07
 44 (restart 0) KSP residual norm 3.214455e-07
 45 (restart 0) KSP residual norm 2.469330e-07
 46 (restart 0) KSP residual norm 1.919533e-07
 47 (restart 0) KSP residual norm 1.496045e-07
 48 (restart 0) KSP residual norm 1.163911e-07
 49 (restart 0) KSP residual norm 9.009234e-08
 50 (restart 0) KSP residual norm 7.018078e-08
 51 (restart 0) KSP residual norm 5.473680e-08
GMRES solver converged in 51 iterations (avg. reduction factor: 6.938e-01)
  Residual norms for GMRES solve
  0 (restart 0) KSP residual norm 8.595878e+00
  1 (restart 0) KSP residual norm 3.287161e+00
  2 (restart 0) KSP residual norm 1.323648e+00
  3 (restart 0) KSP residual norm 8.508402e-01
  4 (restart 0) KSP residual norm 5.236564e-01
  5 (restart 0) KSP residual norm 2.877610e-01
  6 (restart 0) KSP residual norm 1.560499e-01
  7 (restart 0) KSP residual norm 9.897708e-02
  8 (restart 0) KSP residual norm 3.013030e-02
  9 (restart 0) KSP residual norm 9.901489e-03
 10 (restart 0) KSP residual norm 4.416599e-03
 11 (restart 0) KSP residual norm 2.419203e-03
 12 (restart 0) KSP residual norm 1.566076e-03
 13 (restart 0) KSP residual norm 9.647465e-04
 14 (restart 0) KSP residual norm 6.815530e-04
 15 (restart 0) KSP residual norm 3.972569e-04
 16 (restart 0) KSP residual norm 1.983116e-04
 17 (restart 0) KSP residual norm 1.353688e-04
 18 (restart 0) KSP residual norm 9.946023e-05
 19 (restart 0) KSP residual norm 6.990561e-05
 20 (restart 0) KSP residual norm 5.272237e-05
 21 (restart 0) KSP residual norm 4.160312e-05
 22 (restart 0) KSP residual norm 3.181713e-05
 23 (restart 0) KSP residual norm 2.286521e-05
 24 (restart 0) KSP residual norm 1.771563e-05
 25 (restart 0) KSP residual norm 1.448068e-05
 26 (restart 0) KSP residual norm 1.123028e-05
 27 (restart 0) KSP residual norm 8.750596e-06
 28 (restart 0) KSP residual norm 6.987489e-06
 29 (restart 0) KSP residual norm 5.540461e-06
 30 (restart 0) KSP residual norm 4.441121e-06
 31 (restart 0) KSP residual norm 3.550414e-06
 32 (restart 0) KSP residual norm 2.916481e-06
 33 (restart 0) KSP residual norm 2.386338e-06
 34 (restart 0) KSP residual norm 1.912443e-06
 35 (restart 0) KSP residual norm 1.528865e-06
 36 (restart 0) KSP residual norm 1.230889e-06
 37 (restart 0) KSP residual norm 9.734207e-07
 38 (restart 0) KSP residual norm 7.614714e-07
 39 (restart 0) KSP residual norm 5.871460e-07
 40 (restart 0) KSP residual norm 4.674035e-07
 41 (restart 0) KSP residual norm 3.754452e-07
 42 (restart 0) KSP residual norm 2.981852e-07
 43 (restart 0) KSP residual norm 2.375911e-07
 44 (restart 0) KSP residual norm 1.896177e-07
 45 (restart 0) KSP residual norm 1.479476e-07
 46 (restart 0) KSP residual norm 1.138004e-07
 47 (restart 0) KSP residual norm 8.746731e-08
 48 (restart 0) KSP residual norm 6.680011e-08
GMRES solver converged in 48 iterations (avg. reduction factor: 6.777e-01)
  Residual norms for GMRES solve
  0 (restart 0) KSP residual norm 1.041457e+01
  1 (restart 0) KSP residual norm 4.643874e+00
  2 (restart 0) KSP residual norm 1.137776e+00
  3 (restart 0) KSP residual norm 8.042978e-01
  4 (restart 0) KSP residual norm 3.408657e-01
  5 (restart 0) KSP residual norm 1.362910e-01
  6 (restart 0) KSP residual norm 8.924750e-02
  7 (restart 0) KSP residual norm 7.630006e-02
  8 (restart 0) KSP residual norm 2.771374e-02
  9 (restart 0) KSP residual norm 8.559921e-03
 10 (restart 0) KSP residual norm 4.461770e-03
 11 (restart 0) KSP residual norm 2.506597e-03
 12 (restart 0) KSP residual norm 1.671191e-03
 13 (restart 0) KSP residual norm 1.078810e-03
 14 (restart 0) KSP residual norm 5.951136e-04
 15 (restart 0) KSP residual norm 2.498069e-04
 16 (restart 0) KSP residual norm 1.981702e-04
 17 (restart 0) KSP residual norm 1.704195e-04
 18 (restart 0) KSP residual norm 1.158141e-04
 19 (restart 0) KSP residual norm 8.824225e-05
 20 (restart 0) KSP residual norm 7.096034e-05
 21 (restart 0) KSP residual norm 5.618695e-05
 22 (restart 0) KSP residual norm 4.172881e-05
 23 (restart 0) KSP residual norm 3.071261e-05
 24 (restart 0) KSP residual norm 2.452413e-05
 25 (restart 0) KSP residual norm 1.946848e-05
 26 (restart 0) KSP residual norm 1.496625e-05
 27 (restart 0) KSP residual norm 1.163719e-05
 28 (restart 0) KSP residual norm 9.255807e-06
 29 (restart 0) KSP residual norm 7.224848e-06
 30 (restart 0) KSP residual norm 5.787879e-06
 31 (restart 0) KSP residual norm 4.671285e-06
 32 (restart 0) KSP residual norm 3.829102e-06
 33 (restart 0) KSP residual norm 3.060445e-06
 34 (restart 0) KSP residual norm 2.453407e-06
 35 (restart 0) KSP residual norm 1.983865e-06
 36 (restart 0) KSP residual norm 1.606278e-06
 37 (restart 0) KSP residual norm 1.283414e-06
 38 (restart 0) KSP residual norm 1.007181e-06
 39 (restart 0) KSP residual norm 7.967915e-07
 40 (restart 0) KSP residual norm 6.344456e-07
 41 (restart 0) KSP residual norm 5.055293e-07
 42 (restart 0) KSP residual norm 4.019425e-07
 43 (restart 0) KSP residual norm 3.223357e-07
 44 (restart 0) KSP residual norm 2.550675e-07
 45 (restart 0) KSP residual norm 1.973122e-07
 46 (restart 0) KSP residual norm 1.527379e-07
 47 (restart 0) KSP residual norm 1.190679e-07
 48 (restart 0) KSP residual norm 9.225979e-08
GMRES solver converged in 48 iterations (avg. reduction factor: 6.796e-01)
  Residual norms for GMRES solve
  0 (restart 0) KSP residual norm 7.962113e+00
  1 (restart 0) KSP residual norm 4.210717e+00
  2 (restart 0) KSP residual norm 1.463836e+00
  3 (restart 0) KSP residual norm 9.888071e-01
  4 (restart 0) KSP residual norm 4.248364e-01
  5 (restart 0) KSP residual norm 2.692722e-01
  6 (restart 0) KSP residual norm 1.488980e-01
  7 (restart 0) KSP residual norm 7.361407e-02
  8 (restart 0) KSP residual norm 2.121406e-02
  9 (restart 0) KSP residual norm 8.064072e-03
 10 (restart 0) KSP residual norm 2.937034e-03
 11 (restart 0) KSP residual norm 1.613644e-03
 12 (restart 0) KSP residual norm 1.141505e-03
 13 (restart 0) KSP residual norm 7.755246e-04
 14 (restart 0) KSP residual norm 5.754263e-04
 15 (restart 0) KSP residual norm 2.941916e-04
 16 (restart 0) KSP residual norm 1.508411e-04
 17 (restart 0) KSP residual norm 1.064222e-04
 18 (restart 0) KSP residual norm 8.501012e-05
 19 (restart 0) KSP residual norm 6.164848e-05
 20 (restart 0) KSP residual norm 4.332498e-05
 21 (restart 0) KSP residual norm 3.378980e-05
 22 (restart 0) KSP residual norm 2.792581e-05
 23 (restart 0) KSP residual norm 2.096559e-05
 24 (restart 0) KSP residual norm 1.626716e-05
 25 (restart 0) KSP residual norm 1.283427e-05
 26 (restart 0) KSP residual norm 1.020241e-05
 27 (restart 0) KSP residual norm 7.941535e-06
 28 (restart 0) KSP residual norm 6.392449e-06
 29 (restart 0) KSP residual norm 5.168743e-06
 30 (restart 0) KSP residual norm 4.182534e-06
 31 (restart 0) KSP residual norm 3.339014e-06
 32 (restart 0) KSP residual norm 2.716695e-06
 33 (restart 0) KSP residual norm 2.227696e-06
 34 (restart 0) KSP residual norm 1.788484e-06
 35 (restart 0) KSP residual norm 1.453485e-06
 36 (restart 0) KSP residual norm 1.154284e-06
 37 (restart 0) KSP residual norm 9.121272e-07
 38 (restart 0) KSP residual norm 7.187957e-07
 39 (restart 0) KSP residual norm 5.736919e-07
 40 (restart 0) KSP residual norm 4.512592e-07
 41 (restart 0) KSP residual norm 3.570473e-07
 42 (restart 0) KSP residual norm 2.793917e-07
 43 (restart 0) KSP residual norm 2.242222e-07
 44 (restart 0) KSP residual norm 1.787767e-07
 45 (restart 0) KSP residual norm 1.376214e-07
 46 (restart 0) KSP residual norm 1.082082e-07
 47 (restart 0) KSP residual norm 8.473779e-08
 48 (restart 0) KSP residual norm 6.586370e-08
GMRES solver converged in 48 iterations (avg. reduction factor: 6.786e-01)
  Residual norms for GMRES solve
  0 (restart 0) KSP residual norm 7.940530e+00
  1 (restart 0) KSP residual norm 4.983027e+00
  2 (restart 0) KSP residual norm 1.313267e+00
  3 (restart 0) KSP residual norm 8.687061e-01
  4 (restart 0) KSP residual norm 2.315693e-01
  5 (restart 0) KSP residual norm 1.038333e-01
  6 (restart 0) KSP residual norm 7.296502e-02
  7 (restart 0) KSP residual norm 4.102965e-02
  8 (restart 0) KSP residual norm 1.028469e-02
  9 (restart 0) KSP residual norm 3.906752e-03
 10 (restart 0) KSP residual norm 3.730288e-03
 11 (restart 0) KSP residual norm 2.580744e-03
 12 (restart 0) KSP residual norm 9.351063e-04
 13 (restart 0) KSP residual norm 6.067624e-04
 14 (restart 0) KSP residual norm 3.303802e-04
 15 (restart 0) KSP residual norm 1.506989e-04
 16 (restart 0) KSP residual norm 7.893799e-05
 17 (restart 0) KSP residual norm 4.245694e-05
 18 (restart 0) KSP residual norm 2.696985e-05
 19 (restart 0) KSP residual norm 1.892230e-05
 20 (restart 0) KSP residual norm 1.224004e-05
 21 (restart 0) KSP residual norm 9.295945e-06
 22 (restart 0) KSP residual norm 7.186514e-06
 23 (restart 0) KSP residual norm 5.148200e-06
 24 (restart 0) KSP residual norm 3.878428e-06
 25 (restart 0) KSP residual norm 3.156379e-06
 26 (restart 0) KSP residual norm 2.449012e-06
 27 (restart 0) KSP residual norm 1.949016e-06
 28 (restart 0) KSP residual norm 1.593464e-06
 29 (restart 0) KSP residual norm 1.246769e-06
 30 (restart 0) KSP residual norm 9.620698e-07
 31 (restart 0) KSP residual norm 7.550333e-07
 32 (restart 0) KSP residual norm 6.317271e-07
 33 (restart 0) KSP residual norm 5.213366e-07
 34 (restart 0) KSP residual norm 4.305047e-07
 35 (restart 0) KSP residual norm 3.473187e-07
 36 (restart 0) KSP residual norm 2.777316e-07
 37 (restart 0) KSP residual norm 2.281706e-07
 38 (restart 0) KSP residual norm 1.814218e-07
 39 (restart 0) KSP residual norm 1.411920e-07
 40 (restart 0) KSP residual norm 1.105984e-07
 41 (restart 0) KSP residual norm 8.692716e-08
 42 (restart 0) KSP residual norm 6.794322e-08
GMRES solver converged in 42 iterations (avg. reduction factor: 6.426e-01)
  Residual norms for GMRES solve
  0 (restart 0) KSP residual norm 8.862929e+00
  1 (restart 0) KSP residual norm 6.011025e+00
  2 (restart 0) KSP residual norm 2.933974e+00
  3 (restart 0) KSP residual norm 1.724183e+00
  4 (restart 0) KSP residual norm 2.975647e-01
  5 (restart 0) KSP residual norm 9.694815e-02
  6 (restart 0) KSP residual norm 6.961531e-02
  7 (restart 0) KSP residual norm 5.049502e-02
  8 (restart 0) KSP residual norm 1.727653e-02
  9 (restart 0) KSP residual norm 1.426975e-02
 10 (restart 0) KSP residual norm 1.214685e-02
 11 (restart 0) KSP residual norm 3.248155e-03
 12 (restart 0) KSP residual norm 2.156991e-03
 13 (restart 0) KSP residual norm 1.300834e-03
 14 (restart 0) KSP residual norm 6.137618e-04
 15 (restart 0) KSP residual norm 4.359603e-04
 16 (restart 0) KSP residual norm 2.146262e-04
 17 (restart 0) KSP residual norm 1.029127e-04
 18 (restart 0) KSP residual norm 7.163321e-05
 19 (restart 0) KSP residual norm 5.422500e-05
 20 (restart 0) KSP residual norm 3.701406e-05
 21 (restart 0) KSP residual norm 2.839692e-05
 22 (restart 0) KSP residual norm 2.353655e-05
 23 (restart 0) KSP residual norm 1.738540e-05
 24 (restart 0) KSP residual norm 1.265897e-05
 25 (restart 0) KSP residual norm 1.023637e-05
 26 (restart 0) KSP residual norm 8.384217e-06
 27 (restart 0) KSP residual norm 6.599652e-06
 28 (restart 0) KSP residual norm 5.299785e-06
 29 (restart 0) KSP residual norm 4.220119e-06
 30 (restart 0) KSP residual norm 3.276281e-06
 31 (restart 0) KSP residual norm 2.575453e-06
 32 (restart 0) KSP residual norm 2.169003e-06
 33 (restart 0) KSP residual norm 1.837211e-06
 34 (restart 0) KSP residual norm 1.441085e-06
 35 (restart 0) KSP residual norm 1.155349e-06
 36 (restart 0) KSP residual norm 9.162223e-07
 37 (restart 0) KSP residual norm 7.151187e-07
 38 (restart 0) KSP residual norm 5.684501e-07
 39 (restart 0) KSP residual norm 4.471434e-07
 40 (restart 0) KSP residual norm 3.530851e-07
 41 (restart 0) KSP residual norm 2.800201e-07
 42 (restart 0) KSP residual norm 2.222489e-07
 43 (restart 0) KSP residual norm 1.788384e-07
 44 (restart 0) KSP residual norm 1.453045e-07
 45 (restart 0) KSP residual norm 1.158888e-07
 46 (restart 0) KSP residual norm 8.948553e-08
 47 (restart 0) KSP residual norm 7.039536e-08
GMRES solver converged in 47 iterations (avg. reduction factor: 6.724e-01)
  Residual norms for GMRES solve
  0 (restart 0) KSP residual norm 1.176577e+01
  1 (restart 0) KSP residual norm 6.761092e+00
  2 (restart 0) KSP residual norm 1.074902e+00
  3 (restart 0) KSP residual norm 6.993521e-01
  4 (restart 0) KSP residual norm 3.477075e-01
  5 (restart 0) KSP residual norm 1.701861e-01
  6 (restart 0) KSP residual norm 1.025820e-01
  7 (restart 0) KSP residual norm 6.069538e-02
  8 (restart 0) KSP residual norm 1.618053e-02
  9 (restart 0) KSP residual norm 7.635301e-03
 10 (restart 0) KSP residual norm 5.643534e-03
 11 (restart 0) KSP residual norm 3.672226e-03
 12 (restart 0) KSP residual norm 1.546163e-03
 13 (restart 0) KSP residual norm 1.169605e-03
 14 (restart 0) KSP residual norm 8.221278e-04
 15 (restart 0) KSP residual norm 3.880712e-04
 16 (restart 0) KSP residual norm 1.904356e-04
 17 (restart 0) KSP residual norm 1.033071e-04
 18 (restart 0) KSP residual norm 6.129381e-05
 19 (restart 0) KSP residual norm 3.490488e-05
 20 (restart 0) KSP residual norm 2.013330e-05
 21 (restart 0) KSP residual norm 1.463916e-05
 22 (restart 0) KSP residual norm 1.171074e-05
 23 (restart 0) KSP residual norm 8.361616e-06
 24 (restart 0) KSP residual norm 6.459159e-06
 25 (restart 0) KSP residual norm 5.247929e-06
 26 (restart 0) KSP residual norm 3.841924e-06
 27 (restart 0) KSP residual norm 2.905807e-06
 28 (restart 0) KSP residual norm 2.481304e-06
 29 (restart 0) KSP residual norm 2.041250e-06
 30 (restart 0) KSP residual norm 1.486953e-06
 31 (restart 0) KSP residual norm 1.121777e-06
 32 (restart 0) KSP residual norm 8.870016e-07
 33 (restart 0) KSP residual norm 7.037886e-07
 34 (restart 0) KSP residual norm 5.996386e-07
 35 (restart 0) KSP residual norm 5.019168e-07
 36 (restart 0) KSP residual norm 3.930367e-07
 37 (restart 0) KSP residual norm 3.039565e-07
 38 (restart 0) KSP residual norm 2.346995e-07
 39 (restart 0) KSP residual norm 1.897354e-07
 40 (restart 0) KSP residual norm 1.517883e-07
 41 (restart 0) KSP residual norm 1.162675e-07
GMRES solver converged in 41 iterations (avg. reduction factor: 6.379e-01)
  Residual norms for GMRES solve
  0 (restart 0) KSP residual norm 9.332098e+00
  1 (restart 0) KSP residual norm 6.715767e+00
  2 (restart 0) KSP residual norm 3.613147e+00
  3 (restart 0) KSP residual norm 1.563558e+00
  4 (restart 0) KSP residual norm 4.470363e-01
  5 (restart 0) KSP residual norm 3.130835e-01
  6 (restart 0) KSP residual norm 1.342551e-01
  7 (restart 0) KSP residual norm 4.662192e-02
  8 (restart 0) KSP residual norm 1.719552e-02
  9 (restart 0) KSP residual norm 1.569797e-02
 10 (restart 0) KSP residual norm 1.151632e-02
 11 (restart 0) KSP residual norm 3.219308e-03
 12 (restart 0) KSP residual norm 2.089191e-03
 13 (restart 0) KSP residual norm 1.431657e-03
 14 (restart 0) KSP residual norm 6.595380e-04
 15 (restart 0) KSP residual norm 3.242301e-04
 16 (restart 0) KSP residual norm 1.665938e-04
 17 (restart 0) KSP residual norm 9.348142e-05
 18 (restart 0) KSP residual norm 6.472988e-05
 19 (restart 0) KSP residual norm 4.385676e-05
 20 (restart 0) KSP residual norm 3.413719e-05
 21 (restart 0) KSP residual norm 2.768930e-05
 22 (restart 0) KSP residual norm 2.031991e-05
 23 (restart 0) KSP residual norm 1.479223e-05
 24 (restart 0) KSP residual norm 1.173832e-05
 25 (restart 0) KSP residual norm 8.933638e-06
 26 (restart 0) KSP residual norm 6.537766e-06
 27 (restart 0) KSP residual norm 5.251888e-06
 28 (restart 0) KSP residual norm 4.288289e-06
 29 (restart 0) KSP residual norm 3.348273e-06
 30 (restart 0) KSP residual norm 2.576853e-06
 31 (restart 0) KSP residual norm 2.047645e-06
 32 (restart 0) KSP residual norm 1.668377e-06
 33 (restart 0) KSP residual norm 1.359336e-06
 34 (restart 0) KSP residual norm 1.095405e-06
 35 (restart 0) KSP residual norm 8.864197e-07
 36 (restart 0) KSP residual norm 6.786560e-07
 37 (restart 0) KSP residual norm 5.404825e-07
 38 (restart 0) KSP residual norm 4.467942e-07
 39 (restart 0) KSP residual norm 3.632672e-07
 40 (restart 0) KSP residual norm 2.830581e-07
 41 (restart 0) KSP residual norm 2.227859e-07
 42 (restart 0) KSP residual norm 1.779263e-07
 43 (restart 0) KSP residual norm 1.417298e-07
 44 (restart 0) KSP residual norm 1.130974e-07
 45 (restart 0) KSP residual norm 8.971602e-08
GMRES solver converged in 45 iterations (avg. reduction factor: 6.635e-01)
  Residual norms for GMRES solve
  0 (restart 0) KSP residual norm 6.558755e+00
  1 (restart 0) KSP residual norm 4.161387e+00
  2 (restart 0) KSP residual norm 2.522894e+00
  3 (restart 0) KSP residual norm 9.748001e-01
  4 (restart 0) KSP residual norm 2.423143e-01
  5 (restart 0) KSP residual norm 1.607209e-01
  6 (restart 0) KSP residual norm 9.339179e-02
  7 (restart 0) KSP residual norm 4.143758e-02
  8 (restart 0) KSP residual norm 8.806732e-03
  9 (restart 0) KSP residual norm 7.027103e-03
 10 (restart 0) KSP residual norm 6.804873e-03
 11 (restart 0) KSP residual norm 3.347675e-03
 12 (restart 0) KSP residual norm 2.021506e-03
 13 (restart 0) KSP residual norm 1.303258e-03
 14 (restart 0) KSP residual norm 5.571227e-04
 15 (restart 0) KSP residual norm 2.417313e-04
 16 (restart 0) KSP residual norm 1.529560e-04
 17 (restart 0) KSP residual norm 9.131925e-05
 18 (restart 0) KSP residual norm 5.321171e-05
 19 (restart 0) KSP residual norm 3.950089e-05
 20 (restart 0) KSP residual norm 3.272717e-05
 21 (restart 0) KSP residual norm 2.458693e-05
 22 (restart 0) KSP residual norm 1.727490e-05
 23 (restart 0) KSP residual norm 1.391238e-05
 24 (restart 0) KSP residual norm 1.155261e-05
 25 (restart 0) KSP residual norm 8.514116e-06
 26 (restart 0) KSP residual norm 6.546366e-06
 27 (restart 0) KSP residual norm 5.454623e-06
 28 (restart 0) KSP residual norm 4.487086e-06
 29 (restart 0) KSP residual norm 3.513344e-06
 30 (restart 0) KSP residual norm 2.770523e-06
 31 (restart 0) KSP residual norm 2.252272e-06
 32 (restart 0) KSP residual norm 1.892971e-06
 33 (restart 0) KSP residual norm 1.561971e-06
 34 (restart 0) KSP residual norm 1.248795e-06
 35 (restart 0) KSP residual norm 9.783495e-07
 36 (restart 0) KSP residual norm 7.468772e-07
 37 (restart 0) KSP residual norm 5.882438e-07
 38 (restart 0) KSP residual norm 4.572070e-07
 39 (restart 0) KSP residual norm 3.524824e-07
 40 (restart 0) KSP residual norm 2.789180e-07
 41 (restart 0) KSP residual norm 2.194953e-07
 42 (restart 0) KSP residual norm 1.696426e-07
 43 (restart 0) KSP residual norm 1.344792e-07
 44 (restart 0) KSP residual norm 1.069467e-07
 45 (restart 0) KSP residual norm 8.285313e-08
 46 (restart 0) KSP residual norm 6.462469e-08
GMRES solver converged in 46 iterations (avg. reduction factor: 6.698e-01)
  Residual norms for GMRES solve
  0 (restart 0) KSP residual norm 8.008390e+00
  1 (restart 0) KSP residual norm 5.123611e+00
  2 (restart 0) KSP residual norm 2.375340e+00
  3 (restart 0) KSP residual norm 1.201302e+00
  4 (restart 0) KSP residual norm 1.801862e-01
  5 (restart 0) KSP residual norm 6.956750e-02
  6 (restart 0) KSP residual norm 4.130464e-02
  7 (restart 0) KSP residual norm 2.827233e-02
  8 (restart 0) KSP residual norm 1.436137e-02
  9 (restart 0) KSP residual norm 5.538751e-03
 10 (restart 0) KSP residual norm 2.495184e-03
 11 (restart 0) KSP residual norm 1.643351e-03
 12 (restart 0) KSP residual norm 7.712395e-04
 13 (restart 0) KSP residual norm 4.168768e-04
 14 (restart 0) KSP residual norm 2.414111e-04
 15 (restart 0) KSP residual norm 1.171346e-04
 16 (restart 0) KSP residual norm 8.065085e-05
 17 (restart 0) KSP residual norm 5.905158e-05
 18 (restart 0) KSP residual norm 4.368219e-05
 19 (restart 0) KSP residual norm 3.437044e-05
 20 (restart 0) KSP residual norm 2.613446e-05
 21 (restart 0) KSP residual norm 1.984818e-05
 22 (restart 0) KSP residual norm 1.581470e-05
 23 (restart 0) KSP residual norm 1.220534e-05
 24 (restart 0) KSP residual norm 9.110944e-06
 25 (restart 0) KSP residual norm 7.468999e-06
 26 (restart 0) KSP residual norm 6.154609e-06
 27 (restart 0) KSP residual norm 4.890011e-06
 28 (restart 0) KSP residual norm 3.729855e-06
 29 (restart 0) KSP residual norm 3.165768e-06
 30 (restart 0) KSP residual norm 2.573225e-06
 31 (restart 0) KSP residual norm 2.048969e-06
 32 (restart 0) KSP residual norm 1.682722e-06
 33 (restart 0) KSP residual norm 1.379844e-06
 34 (restart 0) KSP residual norm 1.096720e-06
 35 (restart 0) KSP residual norm 8.835702e-07
 36 (restart 0) KSP residual norm 7.233029e-07
 37 (restart 0) KSP residual norm 5.719830e-07
 38 (restart 0) KSP residual norm 4.264825e-07
 39 (restart 0) KSP residual norm 3.230141e-07
 40 (restart 0) KSP residual norm 2.576741e-07
 41 (restart 0) KSP residual norm 1.945512e-07
 42 (restart 0) KSP residual norm 1.451846e-07
 43 (restart 0) KSP residual norm 1.164867e-07
 44 (restart 0) KSP residual norm 9.132871e-08
 45 (restart 0) KSP residual norm 6.794916e-08
GMRES solver converged in 45 iterations (avg. reduction factor: 6.617e-01)
  Residual norms for GMRES solve
  0 (restart 0) KSP residual norm 6.654363e+00
  1 (restart 0) KSP residual norm 4.736467e+00
  2 (restart 0) KSP residual norm 2.638549e+00
  3 (restart 0) KSP residual norm 1.493003e+00
  4 (restart 0) KSP residual norm 3.619574e-01
  5 (restart 0) KSP residual norm 2.286313e-01
  6 (restart 0) KSP residual norm 8.959853e-02
  7 (restart 0) KSP residual norm 3.016437e-02
  8 (restart 0) KSP residual norm 8.402448e-03
  9 (restart 0) KSP residual norm 6.604964e-03
 10 (restart 0) KSP residual norm 5.199589e-03
 11 (restart 0) KSP residual norm 1.488042e-03
 12 (restart 0) KSP residual norm 1.162729e-03
 13 (restart 0) KSP residual norm 9.095697e-04
 14 (restart 0) KSP residual norm 4.352382e-04
 15 (restart 0) KSP residual norm 2.058022e-04
 16 (restart 0) KSP residual norm 1.304794e-04
 17 (restart 0) KSP residual norm 1.033742e-04
 18 (restart 0) KSP residual norm 7.427326e-05
 19 (restart 0) KSP residual norm 5.418683e-05
 20 (restart 0) KSP residual norm 4.348115e-05
 21 (restart 0) KSP residual norm 3.248456e-05
 22 (restart 0) KSP residual norm 2.324741e-05
 23 (restart 0) KSP residual norm 1.818192e-05
 24 (restart 0) KSP residual norm 1.447039e-05
 25 (restart 0) KSP residual norm 1.081117e-05
 26 (restart 0) KSP residual norm 8.317081e-06
 27 (restart 0) KSP residual norm 6.634197e-06
 28 (restart 0) KSP residual norm 5.267036e-06
 29 (restart 0) KSP residual norm 4.231368e-06
 30 (restart 0) KSP residual norm 3.405354e-06
 31 (restart 0) KSP residual norm 2.703470e-06
 32 (restart 0) KSP residual norm 2.182835e-06
 33 (restart 0) KSP residual norm 1.751228e-06
 34 (restart 0) KSP residual norm 1.423998e-06
 35 (restart 0) KSP residual norm 1.188823e-06
 36 (restart 0) KSP residual norm 9.615133e-07
 37 (restart 0) KSP residual norm 7.656814e-07
 38 (restart 0) KSP residual norm 5.818969e-07
 39 (restart 0) KSP residual norm 4.424367e-07
 40 (restart 0) KSP residual norm 3.434524e-07
 41 (restart 0) KSP residual norm 2.663963e-07
 42 (restart 0) KSP residual norm 2.025200e-07
 43 (restart 0) KSP residual norm 1.540907e-07
 44 (restart 0) KSP residual norm 1.173001e-07
 45 (restart 0) KSP residual norm 8.896839e-08
 46 (restart 0) KSP residual norm 6.963269e-08
 47 (restart 0) KSP residual norm 5.426667e-08
GMRES solver converged in 47 iterations (avg. reduction factor: 6.728e-01)
  Residual norms for GMRES solve
  0 (restart 0) KSP residual norm 7.995128e+00
  1 (restart 0) KSP residual norm 5.566649e+00
  2 (restart 0) KSP residual norm 3.622416e+00
  3 (restart 0) KSP residual norm 1.801484e+00
  4 (restart 0) KSP residual norm 4.414087e-01
  5 (restart 0) KSP residual norm 2.653201e-01
  6 (restart 0) KSP residual norm 1.292330e-01
  7 (restart 0) KSP residual norm 4.794387e-02
  8 (restart 0) KSP residual norm 7.132982e-03
  9 (restart 0) KSP residual norm 5.465081e-03
 10 (restart 0) KSP residual norm 5.271250e-03
 11 (restart 0) KSP residual norm 2.192533e-03
 12 (restart 0) KSP residual norm 1.498423e-03
 13 (restart 0) KSP residual norm 1.179048e-03
 14 (restart 0) KSP residual norm 5.147891e-04
 15 (restart 0) KSP residual norm 1.928220e-04
 16 (restart 0) KSP residual norm 1.044709e-04
 17 (restart 0) KSP residual norm 7.081654e-05
 18 (restart 0) KSP residual norm 4.582609e-05
 19 (restart 0) KSP residual norm 2.803476e-05
 20 (restart 0) KSP residual norm 2.037961e-05
 21 (restart 0) KSP residual norm 1.561992e-05
 22 (restart 0) KSP residual norm 1.171998e-05
 23 (restart 0) KSP residual norm 9.299158e-06
 24 (restart 0) KSP residual norm 7.563692e-06
 25 (restart 0) KSP residual norm 5.824978e-06
 26 (restart 0) KSP residual norm 4.658899e-06
 27 (restart 0) KSP residual norm 3.728844e-06
 28 (restart 0) KSP residual norm 3.020032e-06
 29 (restart 0) KSP residual norm 2.389238e-06
 30 (restart 0) KSP residual norm 1.945210e-06
 31 (restart 0) KSP residual norm 1.592061e-06
 32 (restart 0) KSP residual norm 1.289611e-06
 33 (restart 0) KSP residual norm 1.040452e-06
 34 (restart 0) KSP residual norm 8.252972e-07
 35 (restart 0) KSP residual norm 6.649811e-07
 36 (restart 0) KSP residual norm 5.246386e-07
 37 (restart 0) KSP residual norm 4.028751e-07
 38 (restart 0) KSP residual norm 3.130893e-07
 39 (restart 0) KSP residual norm 2.457502e-07
 40 (restart 0) KSP residual norm 1.897076e-07
 41 (restart 0) KSP residual norm 1.415732e-07
 42 (restart 0) KSP residual norm 1.077349e-07
 43 (restart 0) KSP residual norm 8.520664e-08
 44 (restart 0) KSP residual norm 6.652751e-08
GMRES solver converged in 44 iterations (avg. reduction factor: 6.552e-01)
  Residual norms for GMRES solve
  0 (restart 0) KSP residual norm 7.980046e+00
  1 (restart 0) KSP residual norm 5.650741e+00
  2 (restart 0) KSP residual norm 4.676534e+00
  3 (restart 0) KSP residual norm 1.971419e+00
  4 (restart 0) KSP residual norm 4.289372e-01
  5 (restart 0) KSP residual norm 2.841647e-01
  6 (restart 0) KSP residual norm 1.672056e-01
  7 (restart 0) KSP residual norm 4.591982e-02
  8 (restart 0) KSP residual norm 1.038939e-02
  9 (restart 0) KSP residual norm 9.087684e-03
 10 (restart 0) KSP residual norm 6.202537e-03
 11 (restart 0) KSP residual norm 2.460743e-03
 12 (restart 0) KSP residual norm 1.653867e-03
 13 (restart 0) KSP residual norm 9.989170e-04
 14 (restart 0) KSP residual norm 4.048083e-04
 15 (restart 0) KSP residual norm 2.203799e-04
 16 (restart 0) KSP residual norm 1.546808e-04
 17 (restart 0) KSP residual norm 1.184589e-04
 18 (restart 0) KSP residual norm 8.575580e-05
 19 (restart 0) KSP residual norm 6.413207e-05
 20 (restart 0) KSP residual norm 5.373902e-05
 21 (restart 0) KSP residual norm 3.870017e-05
 22 (restart 0) KSP residual norm 2.861573e-05
 23 (restart 0) KSP residual norm 2.302118e-05
 24 (restart 0) KSP residual norm 1.804197e-05
 25 (restart 0) KSP residual norm 1.432915e-05
 26 (restart 0) KSP residual norm 1.131750e-05
 27 (restart 0) KSP residual norm 8.995440e-06
 28 (restart 0) KSP residual norm 6.938906e-06
 29 (restart 0) KSP residual norm 5.667374e-06
 30 (restart 0) KSP residual norm 4.578454e-06
 31 (restart 0) KSP residual norm 3.739172e-06
 32 (restart 0) KSP residual norm 2.967807e-06
 33 (restart 0) KSP residual norm 2.454777e-06
 34 (restart 0) KSP residual norm 2.030592e-06
 35 (restart 0) KSP residual norm 1.641449e-06
 36 (restart 0) KSP residual norm 1.310519e-06
 37 (restart 0) KSP residual norm 1.013478e-06
 38 (restart 0) KSP residual norm 7.739966e-07
 39 (restart 0) KSP residual norm 5.878673e-07
 40 (restart 0) KSP residual norm 4.486556e-07
 41 (restart 0) KSP residual norm 3.462111e-07
 42 (restart 0) KSP residual norm 2.701117e-07
 43 (restart 0) KSP residual norm 2.079419e-07
 44 (restart 0) KSP residual norm 1.575721e-07
 45 (restart 0) KSP residual norm 1.227356e-07
 46 (restart 0) KSP residual norm 9.639785e-08
 47 (restart 0) KSP residual norm 7.710604e-08
GMRES solver converged in 47 iterations (avg. reduction factor: 6.753e-01)
  Residual norms for GMRES solve
  0 (restart 0) KSP residual norm 7.565327e+00
  1 (restart 0) KSP residual norm 5.905887e+00
  2 (restart 0) KSP residual norm 4.490474e+00
  3 (restart 0) KSP residual norm 1.623091e+00
  4 (restart 0) KSP residual norm 4.654464e-01
  5 (restart 0) KSP residual norm 3.236272e-01
  6 (restart 0) KSP residual norm 1.771753e-01
  7 (restart 0) KSP residual norm 5.840230e-02
  8 (restart 0) KSP residual norm 1.151755e-02
  9 (restart 0) KSP residual norm 9.124736e-03
 10 (restart 0) KSP residual norm 7.707286e-03
 11 (restart 0) KSP residual norm 2.391394e-03
 12 (restart 0) KSP residual norm 1.431805e-03
 13 (restart 0) KSP residual norm 1.005169e-03
 14 (restart 0) KSP residual norm 4.681836e-04
 15 (restart 0) KSP residual norm 2.305173e-04
 16 (restart 0) KSP residual norm 1.493319e-04
 17 (restart 0) KSP residual norm 1.175234e-04
 18 (restart 0) KSP residual norm 8.785841e-05
 19 (restart 0) KSP residual norm 6.215811e-05
 20 (restart 0) KSP residual norm 5.265385e-05
 21 (restart 0) KSP residual norm 3.958555e-05
 22 (restart 0) KSP residual norm 2.802593e-05
 23 (restart 0) KSP residual norm 2.133796e-05
 24 (restart 0) KSP residual norm 1.706095e-05
 25 (restart 0) KSP residual norm 1.300165e-05
 26 (restart 0) KSP residual norm 9.945888e-06
 27 (restart 0) KSP residual norm 7.974467e-06
 28 (restart 0) KSP residual norm 6.427559e-06
 29 (restart 0) KSP residual norm 5.063550e-06
 30 (restart 0) KSP residual norm 4.003583e-06
 31 (restart 0) KSP residual norm 3.235224e-06
 32 (restart 0) KSP residual norm 2.642877e-06
 33 (restart 0) KSP residual norm 2.124354e-06
 34 (restart 0) KSP residual norm 1.744472e-06
 35 (restart 0) KSP residual norm 1.411292e-06
 36 (restart 0) KSP residual norm 1.126953e-06
 37 (restart 0) KSP residual norm 9.045940e-07
 38 (restart 0) KSP residual norm 7.114324e-07
 39 (restart 0) KSP residual norm 5.399260e-07
 40 (restart 0) KSP residual norm 4.109788e-07
 41 (restart 0) KSP residual norm 3.147652e-07
 42 (restart 0) KSP residual norm 2.370651e-07
 43 (restart 0) KSP residual norm 1.831209e-07
 44 (restart 0) KSP residual norm 1.408036e-07
 45 (restart 0) KSP residual norm 1.072921e-07
 46 (restart 0) KSP residual norm 8.373150e-08
 47 (restart 0) KSP residual norm 6.623235e-08
GMRES solver converged in 47 iterations (avg. reduction factor: 6.738e-01)
  1 EPS nconv=4 first unconverged value (error) 2.07999e-06+0.355685i (5.14800220e-03)
  Residual norms for GMRES solve
  0 (restart 0) KSP residual norm 8.020338e+00
  1 (restart 0) KSP residual norm 4.791157e+00
  2 (restart 0) KSP residual norm 2.801361e+00
  3 (restart 0) KSP residual norm 1.291991e+00
  4 (restart 0) KSP residual norm 2.457497e-01
  5 (restart 0) KSP residual norm 1.576109e-01
  6 (restart 0) KSP residual norm 1.006989e-01
  7 (restart 0) KSP residual norm 5.334687e-02
  8 (restart 0) KSP residual norm 8.519127e-03
  9 (restart 0) KSP residual norm 4.710699e-03
 10 (restart 0) KSP residual norm 4.709368e-03
 11 (restart 0) KSP residual norm 3.009386e-03
 12 (restart 0) KSP residual norm 1.211349e-03
 13 (restart 0) KSP residual norm 9.331023e-04
 14 (restart 0) KSP residual norm 4.759258e-04
 15 (restart 0) KSP residual norm 2.219744e-04
 16 (restart 0) KSP residual norm 1.425654e-04
 17 (restart 0) KSP residual norm 1.080846e-04
 18 (restart 0) KSP residual norm 7.929462e-05
 19 (restart 0) KSP residual norm 5.963330e-05
 20 (restart 0) KSP residual norm 4.935459e-05
 21 (restart 0) KSP residual norm 3.669385e-05
 22 (restart 0) KSP residual norm 2.497291e-05
 23 (restart 0) KSP residual norm 1.980804e-05
 24 (restart 0) KSP residual norm 1.642340e-05
 25 (restart 0) KSP residual norm 1.216176e-05
 26 (restart 0) KSP residual norm 9.437503e-06
 27 (restart 0) KSP residual norm 7.789440e-06
 28 (restart 0) KSP residual norm 6.019599e-06
 29 (restart 0) KSP residual norm 4.764848e-06
 30 (restart 0) KSP residual norm 3.957903e-06
 31 (restart 0) KSP residual norm 3.211616e-06
 32 (restart 0) KSP residual norm 2.557972e-06
 33 (restart 0) KSP residual norm 2.047647e-06
 34 (restart 0) KSP residual norm 1.686787e-06
 35 (restart 0) KSP residual norm 1.397458e-06
 36 (restart 0) KSP residual norm 1.124726e-06
 37 (restart 0) KSP residual norm 8.574050e-07
 38 (restart 0) KSP residual norm 6.584136e-07
 39 (restart 0) KSP residual norm 5.001480e-07
 40 (restart 0) KSP residual norm 3.739338e-07
 41 (restart 0) KSP residual norm 2.884880e-07
 42 (restart 0) KSP residual norm 2.214052e-07
 43 (restart 0) KSP residual norm 1.702465e-07
 44 (restart 0) KSP residual norm 1.298814e-07
 45 (restart 0) KSP residual norm 9.719077e-08
 46 (restart 0) KSP residual norm 7.575882e-08
GMRES solver converged in 46 iterations (avg. reduction factor: 6.692e-01)
  Residual norms for GMRES solve
  0 (restart 0) KSP residual norm 3.170113e+01
  1 (restart 0) KSP residual norm 3.101985e+01
  2 (restart 0) KSP residual norm 1.928367e+01
  3 (restart 0) KSP residual norm 2.233635e+00
  4 (restart 0) KSP residual norm 7.831272e-01
  5 (restart 0) KSP residual norm 3.012826e-01
  6 (restart 0) KSP residual norm 7.503065e-02
  7 (restart 0) KSP residual norm 5.817774e-02
  8 (restart 0) KSP residual norm 5.290364e-02
  9 (restart 0) KSP residual norm 1.933834e-02
 10 (restart 0) KSP residual norm 6.484140e-03
 11 (restart 0) KSP residual norm 2.924711e-03
 12 (restart 0) KSP residual norm 1.769801e-03
 13 (restart 0) KSP residual norm 1.283581e-03
 14 (restart 0) KSP residual norm 7.809578e-04
 15 (restart 0) KSP residual norm 3.160768e-04
 16 (restart 0) KSP residual norm 1.821567e-04
 17 (restart 0) KSP residual norm 1.162081e-04
 18 (restart 0) KSP residual norm 6.846630e-05
 19 (restart 0) KSP residual norm 3.643036e-05
 20 (restart 0) KSP residual norm 2.344244e-05
 21 (restart 0) KSP residual norm 1.712541e-05
 22 (restart 0) KSP residual norm 1.006085e-05
 23 (restart 0) KSP residual norm 6.674393e-06
 24 (restart 0) KSP residual norm 4.885040e-06
 25 (restart 0) KSP residual norm 3.285051e-06
 26 (restart 0) KSP residual norm 2.170362e-06
 27 (restart 0) KSP residual norm 1.697050e-06
 28 (restart 0) KSP residual norm 1.282095e-06
 29 (restart 0) KSP residual norm 8.474273e-07
 30 (restart 0) KSP residual norm 6.356429e-07
 31 (restart 0) KSP residual norm 4.977527e-07
 32 (restart 0) KSP residual norm 4.140307e-07
 33 (restart 0) KSP residual norm 3.395016e-07
 34 (restart 0) KSP residual norm 2.765082e-07
GMRES solver converged in 34 iterations (avg. reduction factor: 5.794e-01)
  Residual norms for GMRES solve
  0 (restart 0) KSP residual norm 2.139257e+01
  1 (restart 0) KSP residual norm 1.932292e+01
  2 (restart 0) KSP residual norm 1.447047e+01
  3 (restart 0) KSP residual norm 2.275265e+00
  4 (restart 0) KSP residual norm 5.868897e-01
  5 (restart 0) KSP residual norm 3.518560e-01
  6 (restart 0) KSP residual norm 1.240677e-01
  7 (restart 0) KSP residual norm 7.127605e-02
  8 (restart 0) KSP residual norm 4.231323e-02
  9 (restart 0) KSP residual norm 2.246781e-02
 10 (restart 0) KSP residual norm 5.820332e-03
 11 (restart 0) KSP residual norm 2.268498e-03
 12 (restart 0) KSP residual norm 1.174581e-03
 13 (restart 0) KSP residual norm 6.845942e-04
 14 (restart 0) KSP residual norm 3.664255e-04
 15 (restart 0) KSP residual norm 2.396011e-04
 16 (restart 0) KSP residual norm 1.270979e-04
 17 (restart 0) KSP residual norm 6.933293e-05
 18 (restart 0) KSP residual norm 4.635582e-05
 19 (restart 0) KSP residual norm 2.814938e-05
 20 (restart 0) KSP residual norm 1.714110e-05
 21 (restart 0) KSP residual norm 1.113334e-05
 22 (restart 0) KSP residual norm 8.429387e-06
 23 (restart 0) KSP residual norm 5.590899e-06
 24 (restart 0) KSP residual norm 3.801190e-06
 25 (restart 0) KSP residual norm 2.951893e-06
 26 (restart 0) KSP residual norm 2.152809e-06
 27 (restart 0) KSP residual norm 1.593231e-06
 28 (restart 0) KSP residual norm 1.249866e-06
 29 (restart 0) KSP residual norm 9.346323e-07
 30 (restart 0) KSP residual norm 6.745900e-07
 31 (restart 0) KSP residual norm 5.341669e-07
 32 (restart 0) KSP residual norm 4.465151e-07
 33 (restart 0) KSP residual norm 3.535376e-07
 34 (restart 0) KSP residual norm 2.782560e-07
 35 (restart 0) KSP residual norm 2.117514e-07
GMRES solver converged in 35 iterations (avg. reduction factor: 5.906e-01)
  Residual norms for GMRES solve
  0 (restart 0) KSP residual norm 7.573918e+00
  1 (restart 0) KSP residual norm 5.545678e+00
  2 (restart 0) KSP residual norm 3.654728e+00
  3 (restart 0) KSP residual norm 1.646332e+00
  4 (restart 0) KSP residual norm 3.495072e-01
  5 (restart 0) KSP residual norm 2.151881e-01
  6 (restart 0) KSP residual norm 1.242437e-01
  7 (restart 0) KSP residual norm 5.001811e-02
  8 (restart 0) KSP residual norm 8.942597e-03
  9 (restart 0) KSP residual norm 5.563030e-03
 10 (restart 0) KSP residual norm 5.262387e-03
 11 (restart 0) KSP residual norm 2.660558e-03
 12 (restart 0) KSP residual norm 1.694651e-03
 13 (restart 0) KSP residual norm 8.930362e-04
 14 (restart 0) KSP residual norm 3.505673e-04
 15 (restart 0) KSP residual norm 2.239850e-04
 16 (restart 0) KSP residual norm 1.642242e-04
 17 (restart 0) KSP residual norm 1.160849e-04
 18 (restart 0) KSP residual norm 8.941737e-05
 19 (restart 0) KSP residual norm 7.505995e-05
 20 (restart 0) KSP residual norm 5.309176e-05
 21 (restart 0) KSP residual norm 3.708701e-05
 22 (restart 0) KSP residual norm 3.064431e-05
 23 (restart 0) KSP residual norm 2.367199e-05
 24 (restart 0) KSP residual norm 1.817994e-05
 25 (restart 0) KSP residual norm 1.498428e-05
 26 (restart 0) KSP residual norm 1.155257e-05
 27 (restart 0) KSP residual norm 9.060859e-06
 28 (restart 0) KSP residual norm 7.187618e-06
 29 (restart 0) KSP residual norm 6.003695e-06
 30 (restart 0) KSP residual norm 4.770445e-06
 31 (restart 0) KSP residual norm 3.818281e-06
 32 (restart 0) KSP residual norm 3.143308e-06
 33 (restart 0) KSP residual norm 2.556364e-06
 34 (restart 0) KSP residual norm 2.044654e-06
 35 (restart 0) KSP residual norm 1.639271e-06
 36 (restart 0) KSP residual norm 1.341486e-06
 37 (restart 0) KSP residual norm 1.030605e-06
 38 (restart 0) KSP residual norm 7.831984e-07
 39 (restart 0) KSP residual norm 5.938914e-07
 40 (restart 0) KSP residual norm 4.642576e-07
 41 (restart 0) KSP residual norm 3.530192e-07
 42 (restart 0) KSP residual norm 2.691068e-07
 43 (restart 0) KSP residual norm 2.056562e-07
 44 (restart 0) KSP residual norm 1.582350e-07
 45 (restart 0) KSP residual norm 1.180579e-07
 46 (restart 0) KSP residual norm 9.292552e-08
 47 (restart 0) KSP residual norm 7.328394e-08
GMRES solver converged in 47 iterations (avg. reduction factor: 6.753e-01)
  Residual norms for GMRES solve
  0 (restart 0) KSP residual norm 1.242097e+01
  1 (restart 0) KSP residual norm 5.602076e+00
  2 (restart 0) KSP residual norm 2.975213e+00
  3 (restart 0) KSP residual norm 1.051503e+00
  4 (restart 0) KSP residual norm 2.902265e-01
  5 (restart 0) KSP residual norm 1.641994e-01
  6 (restart 0) KSP residual norm 1.067372e-01
  7 (restart 0) KSP residual norm 4.367448e-02
  8 (restart 0) KSP residual norm 1.056217e-02
  9 (restart 0) KSP residual norm 7.776610e-03
 10 (restart 0) KSP residual norm 7.004903e-03
 11 (restart 0) KSP residual norm 2.728076e-03
 12 (restart 0) KSP residual norm 1.230146e-03
 13 (restart 0) KSP residual norm 7.525822e-04
 14 (restart 0) KSP residual norm 3.910804e-04
 15 (restart 0) KSP residual norm 2.545347e-04
 16 (restart 0) KSP residual norm 1.421186e-04
 17 (restart 0) KSP residual norm 6.042008e-05
 18 (restart 0) KSP residual norm 3.238873e-05
 19 (restart 0) KSP residual norm 2.157808e-05
 20 (restart 0) KSP residual norm 1.385798e-05
 21 (restart 0) KSP residual norm 1.044018e-05
 22 (restart 0) KSP residual norm 8.527994e-06
 23 (restart 0) KSP residual norm 6.170349e-06
 24 (restart 0) KSP residual norm 4.600186e-06
 25 (restart 0) KSP residual norm 3.676708e-06
 26 (restart 0) KSP residual norm 2.929504e-06
 27 (restart 0) KSP residual norm 2.250103e-06
 28 (restart 0) KSP residual norm 1.710248e-06
 29 (restart 0) KSP residual norm 1.363922e-06
 30 (restart 0) KSP residual norm 1.036729e-06
 31 (restart 0) KSP residual norm 8.361259e-07
 32 (restart 0) KSP residual norm 6.808298e-07
 33 (restart 0) KSP residual norm 5.447685e-07
 34 (restart 0) KSP residual norm 4.365668e-07
 35 (restart 0) KSP residual norm 3.441579e-07
 36 (restart 0) KSP residual norm 2.783276e-07
 37 (restart 0) KSP residual norm 2.281031e-07
 38 (restart 0) KSP residual norm 1.883142e-07
 39 (restart 0) KSP residual norm 1.530413e-07
 40 (restart 0) KSP residual norm 1.188249e-07
GMRES solver converged in 40 iterations (avg. reduction factor: 6.303e-01)
  Residual norms for GMRES solve
  0 (restart 0) KSP residual norm 1.047569e+01
  1 (restart 0) KSP residual norm 6.145026e+00
  2 (restart 0) KSP residual norm 2.908514e+00
  3 (restart 0) KSP residual norm 1.263201e+00
  4 (restart 0) KSP residual norm 2.502627e-01
  5 (restart 0) KSP residual norm 1.031398e-01
  6 (restart 0) KSP residual norm 6.419906e-02
  7 (restart 0) KSP residual norm 4.466941e-02
  8 (restart 0) KSP residual norm 2.039446e-02
  9 (restart 0) KSP residual norm 1.804500e-02
 10 (restart 0) KSP residual norm 1.407811e-02
 11 (restart 0) KSP residual norm 2.619707e-03
 12 (restart 0) KSP residual norm 1.232616e-03
 13 (restart 0) KSP residual norm 1.070811e-03
 14 (restart 0) KSP residual norm 7.575084e-04
 15 (restart 0) KSP residual norm 4.612297e-04
 16 (restart 0) KSP residual norm 2.166110e-04
 17 (restart 0) KSP residual norm 1.131073e-04
 18 (restart 0) KSP residual norm 8.700372e-05
 19 (restart 0) KSP residual norm 6.777596e-05
 20 (restart 0) KSP residual norm 5.043455e-05
 21 (restart 0) KSP residual norm 3.934303e-05
 22 (restart 0) KSP residual norm 2.941722e-05
 23 (restart 0) KSP residual norm 2.169396e-05
 24 (restart 0) KSP residual norm 1.723506e-05
 25 (restart 0) KSP residual norm 1.348503e-05
 26 (restart 0) KSP residual norm 1.020621e-05
 27 (restart 0) KSP residual norm 8.255249e-06
 28 (restart 0) KSP residual norm 6.438884e-06
 29 (restart 0) KSP residual norm 5.151475e-06
 30 (restart 0) KSP residual norm 4.128771e-06
 31 (restart 0) KSP residual norm 3.365785e-06
 32 (restart 0) KSP residual norm 2.753591e-06
 33 (restart 0) KSP residual norm 2.190224e-06
 34 (restart 0) KSP residual norm 1.770259e-06
 35 (restart 0) KSP residual norm 1.450686e-06
 36 (restart 0) KSP residual norm 1.169173e-06
 37 (restart 0) KSP residual norm 9.227281e-07
 38 (restart 0) KSP residual norm 7.070756e-07
 39 (restart 0) KSP residual norm 5.414279e-07
 40 (restart 0) KSP residual norm 4.094320e-07
 41 (restart 0) KSP residual norm 3.130010e-07
 42 (restart 0) KSP residual norm 2.362765e-07
 43 (restart 0) KSP residual norm 1.809410e-07
 44 (restart 0) KSP residual norm 1.392527e-07
 45 (restart 0) KSP residual norm 1.054811e-07
 46 (restart 0) KSP residual norm 8.145825e-08
GMRES solver converged in 46 iterations (avg. reduction factor: 6.664e-01)
  Residual norms for GMRES solve
  0 (restart 0) KSP residual norm 1.355381e+01
  1 (restart 0) KSP residual norm 6.122448e+00
  2 (restart 0) KSP residual norm 2.730696e+00
  3 (restart 0) KSP residual norm 1.173178e+00
  4 (restart 0) KSP residual norm 2.099744e-01
  5 (restart 0) KSP residual norm 1.461270e-01
  6 (restart 0) KSP residual norm 1.196524e-01
  7 (restart 0) KSP residual norm 7.999610e-02
  8 (restart 0) KSP residual norm 3.584097e-02
  9 (restart 0) KSP residual norm 2.422747e-02
 10 (restart 0) KSP residual norm 1.158710e-02
 11 (restart 0) KSP residual norm 2.445587e-03
 12 (restart 0) KSP residual norm 1.670767e-03
 13 (restart 0) KSP residual norm 1.513762e-03
 14 (restart 0) KSP residual norm 7.071757e-04
 15 (restart 0) KSP residual norm 3.966398e-04
 16 (restart 0) KSP residual norm 1.970871e-04
 17 (restart 0) KSP residual norm 9.587732e-05
 18 (restart 0) KSP residual norm 6.568421e-05
 19 (restart 0) KSP residual norm 4.315647e-05
 20 (restart 0) KSP residual norm 2.579266e-05
 21 (restart 0) KSP residual norm 1.709927e-05
 22 (restart 0) KSP residual norm 1.258045e-05
 23 (restart 0) KSP residual norm 8.873048e-06
 24 (restart 0) KSP residual norm 6.579700e-06
 25 (restart 0) KSP residual norm 5.029155e-06
 26 (restart 0) KSP residual norm 3.756267e-06
 27 (restart 0) KSP residual norm 2.940190e-06
 28 (restart 0) KSP residual norm 2.312162e-06
 29 (restart 0) KSP residual norm 1.800896e-06
 30 (restart 0) KSP residual norm 1.345395e-06
 31 (restart 0) KSP residual norm 1.023348e-06
 32 (restart 0) KSP residual norm 8.454919e-07
 33 (restart 0) KSP residual norm 6.710757e-07
 34 (restart 0) KSP residual norm 5.366794e-07
 35 (restart 0) KSP residual norm 4.480591e-07
 36 (restart 0) KSP residual norm 3.664321e-07
 37 (restart 0) KSP residual norm 2.914362e-07
 38 (restart 0) KSP residual norm 2.224839e-07
 39 (restart 0) KSP residual norm 1.795463e-07
 40 (restart 0) KSP residual norm 1.450723e-07
 41 (restart 0) KSP residual norm 1.147892e-07
GMRES solver converged in 41 iterations (avg. reduction factor: 6.355e-01)
  Residual norms for GMRES solve
  0 (restart 0) KSP residual norm 6.743210e+00
  1 (restart 0) KSP residual norm 4.046487e+00
  2 (restart 0) KSP residual norm 2.613027e+00
  3 (restart 0) KSP residual norm 1.161846e+00
  4 (restart 0) KSP residual norm 3.245145e-01
  5 (restart 0) KSP residual norm 2.845214e-01
  6 (restart 0) KSP residual norm 1.910937e-01
  7 (restart 0) KSP residual norm 6.106601e-02
  8 (restart 0) KSP residual norm 2.229924e-02
  9 (restart 0) KSP residual norm 1.333666e-02
 10 (restart 0) KSP residual norm 7.807785e-03
 11 (restart 0) KSP residual norm 2.295297e-03
 12 (restart 0) KSP residual norm 1.349584e-03
 13 (restart 0) KSP residual norm 1.118030e-03
 14 (restart 0) KSP residual norm 6.507086e-04
 15 (restart 0) KSP residual norm 3.503941e-04
 16 (restart 0) KSP residual norm 2.112036e-04
 17 (restart 0) KSP residual norm 1.558630e-04
 18 (restart 0) KSP residual norm 1.247773e-04
 19 (restart 0) KSP residual norm 9.167696e-05
 20 (restart 0) KSP residual norm 7.228893e-05
 21 (restart 0) KSP residual norm 5.562824e-05
 22 (restart 0) KSP residual norm 4.118087e-05
 23 (restart 0) KSP residual norm 3.121182e-05
 24 (restart 0) KSP residual norm 2.494302e-05
 25 (restart 0) KSP residual norm 1.972432e-05
 26 (restart 0) KSP residual norm 1.517230e-05
 27 (restart 0) KSP residual norm 1.225921e-05
 28 (restart 0) KSP residual norm 9.779574e-06
 29 (restart 0) KSP residual norm 7.781384e-06
 30 (restart 0) KSP residual norm 6.289413e-06
 31 (restart 0) KSP residual norm 5.155417e-06
 32 (restart 0) KSP residual norm 4.270881e-06
 33 (restart 0) KSP residual norm 3.374752e-06
 34 (restart 0) KSP residual norm 2.734848e-06
 35 (restart 0) KSP residual norm 2.248401e-06
 36 (restart 0) KSP residual norm 1.767576e-06
 37 (restart 0) KSP residual norm 1.354623e-06
 38 (restart 0) KSP residual norm 1.051377e-06
 39 (restart 0) KSP residual norm 7.868822e-07
 40 (restart 0) KSP residual norm 5.958498e-07
 41 (restart 0) KSP residual norm 4.581007e-07
 42 (restart 0) KSP residual norm 3.458306e-07
 43 (restart 0) KSP residual norm 2.670987e-07
 44 (restart 0) KSP residual norm 2.061231e-07
 45 (restart 0) KSP residual norm 1.569871e-07
 46 (restart 0) KSP residual norm 1.218007e-07
 47 (restart 0) KSP residual norm 9.688560e-08
 48 (restart 0) KSP residual norm 7.573993e-08
 49 (restart 0) KSP residual norm 5.936425e-08
GMRES solver converged in 49 iterations (avg. reduction factor: 6.849e-01)
  Residual norms for GMRES solve
  0 (restart 0) KSP residual norm 1.032674e+01
  1 (restart 0) KSP residual norm 3.724645e+00
  2 (restart 0) KSP residual norm 1.295096e+00
  3 (restart 0) KSP residual norm 8.402162e-01
  4 (restart 0) KSP residual norm 1.651816e-01
  5 (restart 0) KSP residual norm 8.541081e-02
  6 (restart 0) KSP residual norm 6.343121e-02
  7 (restart 0) KSP residual norm 4.362714e-02
  8 (restart 0) KSP residual norm 1.533670e-02
  9 (restart 0) KSP residual norm 6.263875e-03
 10 (restart 0) KSP residual norm 3.575367e-03
 11 (restart 0) KSP residual norm 1.694138e-03
 12 (restart 0) KSP residual norm 6.671030e-04
 13 (restart 0) KSP residual norm 4.396192e-04
 14 (restart 0) KSP residual norm 3.299545e-04
 15 (restart 0) KSP residual norm 2.137514e-04
 16 (restart 0) KSP residual norm 1.277701e-04
 17 (restart 0) KSP residual norm 6.689557e-05
 18 (restart 0) KSP residual norm 4.765816e-05
 19 (restart 0) KSP residual norm 3.833878e-05
 20 (restart 0) KSP residual norm 2.747387e-05
 21 (restart 0) KSP residual norm 2.059809e-05
 22 (restart 0) KSP residual norm 1.706502e-05
 23 (restart 0) KSP residual norm 1.254594e-05
 24 (restart 0) KSP residual norm 9.504509e-06
 25 (restart 0) KSP residual norm 7.580711e-06
 26 (restart 0) KSP residual norm 5.840666e-06
 27 (restart 0) KSP residual norm 4.565402e-06
 28 (restart 0) KSP residual norm 3.661076e-06
 29 (restart 0) KSP residual norm 2.795336e-06
 30 (restart 0) KSP residual norm 2.222060e-06
 31 (restart 0) KSP residual norm 1.792695e-06
 32 (restart 0) KSP residual norm 1.450122e-06
 33 (restart 0) KSP residual norm 1.172483e-06
 34 (restart 0) KSP residual norm 9.290125e-07
 35 (restart 0) KSP residual norm 7.691838e-07
 36 (restart 0) KSP residual norm 6.324708e-07
 37 (restart 0) KSP residual norm 4.854751e-07
 38 (restart 0) KSP residual norm 3.734994e-07
 39 (restart 0) KSP residual norm 2.870626e-07
 40 (restart 0) KSP residual norm 2.213976e-07
 41 (restart 0) KSP residual norm 1.721906e-07
 42 (restart 0) KSP residual norm 1.310297e-07
 43 (restart 0) KSP residual norm 1.002801e-07
GMRES solver converged in 43 iterations (avg. reduction factor: 6.511e-01)
  Residual norms for GMRES solve
  0 (restart 0) KSP residual norm 1.218432e+01
  1 (restart 0) KSP residual norm 5.594531e+00
  2 (restart 0) KSP residual norm 3.287094e+00
  3 (restart 0) KSP residual norm 1.552471e+00
  4 (restart 0) KSP residual norm 3.008780e-01
  5 (restart 0) KSP residual norm 1.807202e-01
  6 (restart 0) KSP residual norm 1.126583e-01
  7 (restart 0) KSP residual norm 6.900320e-02
  8 (restart 0) KSP residual norm 1.388571e-02
  9 (restart 0) KSP residual norm 6.909660e-03
 10 (restart 0) KSP residual norm 6.455170e-03
 11 (restart 0) KSP residual norm 2.953776e-03
 12 (restart 0) KSP residual norm 1.453351e-03
 13 (restart 0) KSP residual norm 9.789356e-04
 14 (restart 0) KSP residual norm 4.526771e-04
 15 (restart 0) KSP residual norm 3.306771e-04
 16 (restart 0) KSP residual norm 2.736326e-04
 17 (restart 0) KSP residual norm 1.910522e-04
 18 (restart 0) KSP residual norm 1.392156e-04
 19 (restart 0) KSP residual norm 1.116225e-04
 20 (restart 0) KSP residual norm 8.024974e-05
 21 (restart 0) KSP residual norm 6.074631e-05
 22 (restart 0) KSP residual norm 4.929901e-05
 23 (restart 0) KSP residual norm 3.709052e-05
 24 (restart 0) KSP residual norm 2.834186e-05
 25 (restart 0) KSP residual norm 2.354165e-05
 26 (restart 0) KSP residual norm 1.857284e-05
 27 (restart 0) KSP residual norm 1.456144e-05
 28 (restart 0) KSP residual norm 1.200336e-05
 29 (restart 0) KSP residual norm 9.735931e-06
 30 (restart 0) KSP residual norm 7.874533e-06
 31 (restart 0) KSP residual norm 6.333975e-06
 32 (restart 0) KSP residual norm 5.178663e-06
 33 (restart 0) KSP residual norm 4.243432e-06
 34 (restart 0) KSP residual norm 3.463271e-06
 35 (restart 0) KSP residual norm 2.792444e-06
 36 (restart 0) KSP residual norm 2.184532e-06
 37 (restart 0) KSP residual norm 1.684038e-06
 38 (restart 0) KSP residual norm 1.271236e-06
 39 (restart 0) KSP residual norm 9.675811e-07
 40 (restart 0) KSP residual norm 7.460947e-07
 41 (restart 0) KSP residual norm 5.652171e-07
 42 (restart 0) KSP residual norm 4.282928e-07
 43 (restart 0) KSP residual norm 3.313082e-07
 44 (restart 0) KSP residual norm 2.562590e-07
 45 (restart 0) KSP residual norm 1.954077e-07
 46 (restart 0) KSP residual norm 1.525530e-07
 47 (restart 0) KSP residual norm 1.201139e-07
GMRES solver converged in 47 iterations (avg. reduction factor: 6.755e-01)
  2 EPS nconv=4 first unconverged value (error) -1.4109e-05+0.355668i (4.82665368e-03)
  Residual norms for GMRES solve
  0 (restart 0) KSP residual norm 1.304787e+01
  1 (restart 0) KSP residual norm 5.163350e+00
  2 (restart 0) KSP residual norm 2.361204e+00
  3 (restart 0) KSP residual norm 1.502472e+00
  4 (restart 0) KSP residual norm 3.255517e-01
  5 (restart 0) KSP residual norm 1.766485e-01
  6 (restart 0) KSP residual norm 7.401313e-02
  7 (restart 0) KSP residual norm 3.934058e-02
  8 (restart 0) KSP residual norm 1.350164e-02
  9 (restart 0) KSP residual norm 7.811561e-03
 10 (restart 0) KSP residual norm 5.860829e-03
 11 (restart 0) KSP residual norm 2.319020e-03
 12 (restart 0) KSP residual norm 8.540215e-04
 13 (restart 0) KSP residual norm 6.852319e-04
 14 (restart 0) KSP residual norm 3.715496e-04
 15 (restart 0) KSP residual norm 2.275272e-04
 16 (restart 0) KSP residual norm 1.427467e-04
 17 (restart 0) KSP residual norm 7.947667e-05
 18 (restart 0) KSP residual norm 4.494356e-05
 19 (restart 0) KSP residual norm 3.528502e-05
 20 (restart 0) KSP residual norm 2.765984e-05
 21 (restart 0) KSP residual norm 2.065608e-05
 22 (restart 0) KSP residual norm 1.636362e-05
 23 (restart 0) KSP residual norm 1.248421e-05
 24 (restart 0) KSP residual norm 8.946866e-06
 25 (restart 0) KSP residual norm 6.986204e-06
 26 (restart 0) KSP residual norm 5.747676e-06
 27 (restart 0) KSP residual norm 4.367843e-06
 28 (restart 0) KSP residual norm 3.482328e-06
 29 (restart 0) KSP residual norm 2.721548e-06
 30 (restart 0) KSP residual norm 2.078676e-06
 31 (restart 0) KSP residual norm 1.701983e-06
 32 (restart 0) KSP residual norm 1.407060e-06
 33 (restart 0) KSP residual norm 1.124191e-06
 34 (restart 0) KSP residual norm 8.922518e-07
 35 (restart 0) KSP residual norm 7.230918e-07
 36 (restart 0) KSP residual norm 5.963078e-07
 37 (restart 0) KSP residual norm 4.727068e-07
 38 (restart 0) KSP residual norm 3.714360e-07
 39 (restart 0) KSP residual norm 2.801457e-07
 40 (restart 0) KSP residual norm 2.072175e-07
 41 (restart 0) KSP residual norm 1.555873e-07
 42 (restart 0) KSP residual norm 1.227239e-07
GMRES solver converged in 42 iterations (avg. reduction factor: 6.440e-01)
  Residual norms for GMRES solve
  0 (restart 0) KSP residual norm 2.910287e+01
  1 (restart 0) KSP residual norm 2.762464e+01
  2 (restart 0) KSP residual norm 2.179344e+01
  3 (restart 0) KSP residual norm 4.800030e+00
  4 (restart 0) KSP residual norm 2.382840e+00
  5 (restart 0) KSP residual norm 1.201039e+00
  6 (restart 0) KSP residual norm 6.019150e-01
  7 (restart 0) KSP residual norm 1.109331e-01
  8 (restart 0) KSP residual norm 4.558205e-02
  9 (restart 0) KSP residual norm 2.908273e-02
 10 (restart 0) KSP residual norm 1.742784e-02
 11 (restart 0) KSP residual norm 8.398488e-03
 12 (restart 0) KSP residual norm 6.280321e-03
 13 (restart 0) KSP residual norm 3.523821e-03
 14 (restart 0) KSP residual norm 1.409249e-03
 15 (restart 0) KSP residual norm 6.288588e-04
 16 (restart 0) KSP residual norm 4.170323e-04
 17 (restart 0) KSP residual norm 2.803700e-04
 18 (restart 0) KSP residual norm 1.487073e-04
 19 (restart 0) KSP residual norm 7.898059e-05
 20 (restart 0) KSP residual norm 5.597862e-05
 21 (restart 0) KSP residual norm 3.799995e-05
 22 (restart 0) KSP residual norm 2.557401e-05
 23 (restart 0) KSP residual norm 1.813718e-05
 24 (restart 0) KSP residual norm 1.325113e-05
 25 (restart 0) KSP residual norm 9.210574e-06
 26 (restart 0) KSP residual norm 7.024199e-06
 27 (restart 0) KSP residual norm 5.508283e-06
 28 (restart 0) KSP residual norm 4.115107e-06
 29 (restart 0) KSP residual norm 3.010946e-06
 30 (restart 0) KSP residual norm 2.297641e-06
 31 (restart 0) KSP residual norm 1.757825e-06
 32 (restart 0) KSP residual norm 1.354698e-06
 33 (restart 0) KSP residual norm 1.063160e-06
 34 (restart 0) KSP residual norm 8.421753e-07
 35 (restart 0) KSP residual norm 6.533158e-07
 36 (restart 0) KSP residual norm 5.284053e-07
 37 (restart 0) KSP residual norm 4.322144e-07
 38 (restart 0) KSP residual norm 3.503854e-07
 39 (restart 0) KSP residual norm 2.843723e-07
GMRES solver converged in 39 iterations (avg. reduction factor: 6.232e-01)
  Residual norms for GMRES solve
  0 (restart 0) KSP residual norm 1.851183e+01
  1 (restart 0) KSP residual norm 1.712188e+01
  2 (restart 0) KSP residual norm 1.439106e+01
  3 (restart 0) KSP residual norm 4.195692e+00
  4 (restart 0) KSP residual norm 1.713021e+00
  5 (restart 0) KSP residual norm 7.630173e-01
  6 (restart 0) KSP residual norm 4.080051e-01
  7 (restart 0) KSP residual norm 1.100588e-01
  8 (restart 0) KSP residual norm 2.951926e-02
  9 (restart 0) KSP residual norm 1.647761e-02
 10 (restart 0) KSP residual norm 1.165877e-02
 11 (restart 0) KSP residual norm 5.411854e-03
 12 (restart 0) KSP residual norm 4.276565e-03
 13 (restart 0) KSP residual norm 2.821786e-03
 14 (restart 0) KSP residual norm 1.007678e-03
 15 (restart 0) KSP residual norm 3.530036e-04
 16 (restart 0) KSP residual norm 2.234553e-04
 17 (restart 0) KSP residual norm 1.610346e-04
 18 (restart 0) KSP residual norm 9.688315e-05
 19 (restart 0) KSP residual norm 5.119804e-05
 20 (restart 0) KSP residual norm 3.323797e-05
 21 (restart 0) KSP residual norm 2.193231e-05
 22 (restart 0) KSP residual norm 1.508506e-05
 23 (restart 0) KSP residual norm 1.032902e-05
 24 (restart 0) KSP residual norm 7.803355e-06
 25 (restart 0) KSP residual norm 5.660196e-06
 26 (restart 0) KSP residual norm 4.158988e-06
 27 (restart 0) KSP residual norm 3.284672e-06
 28 (restart 0) KSP residual norm 2.513454e-06
 29 (restart 0) KSP residual norm 1.897843e-06
 30 (restart 0) KSP residual norm 1.423498e-06
 31 (restart 0) KSP residual norm 1.060092e-06
 32 (restart 0) KSP residual norm 7.972266e-07
 33 (restart 0) KSP residual norm 6.363535e-07
 34 (restart 0) KSP residual norm 5.116639e-07
 35 (restart 0) KSP residual norm 3.937258e-07
 36 (restart 0) KSP residual norm 3.062109e-07
 37 (restart 0) KSP residual norm 2.499654e-07
 38 (restart 0) KSP residual norm 2.025923e-07
 39 (restart 0) KSP residual norm 1.667059e-07
GMRES solver converged in 39 iterations (avg. reduction factor: 6.219e-01)
  Residual norms for GMRES solve
  0 (restart 0) KSP residual norm 1.976798e+01
  1 (restart 0) KSP residual norm 1.180317e+01
  2 (restart 0) KSP residual norm 9.283210e+00
  3 (restart 0) KSP residual norm 2.633165e+00
  4 (restart 0) KSP residual norm 7.141310e-01
  5 (restart 0) KSP residual norm 4.037056e-01
  6 (restart 0) KSP residual norm 3.008361e-01
  7 (restart 0) KSP residual norm 9.390183e-02
  8 (restart 0) KSP residual norm 2.107046e-02
  9 (restart 0) KSP residual norm 1.841936e-02
 10 (restart 0) KSP residual norm 1.633540e-02
 11 (restart 0) KSP residual norm 6.820421e-03
 12 (restart 0) KSP residual norm 3.049204e-03
 13 (restart 0) KSP residual norm 1.347170e-03
 14 (restart 0) KSP residual norm 7.398410e-04
 15 (restart 0) KSP residual norm 5.089167e-04
 16 (restart 0) KSP residual norm 2.342368e-04
 17 (restart 0) KSP residual norm 9.785218e-05
 18 (restart 0) KSP residual norm 5.788469e-05
 19 (restart 0) KSP residual norm 3.987224e-05
 20 (restart 0) KSP residual norm 2.574946e-05
 21 (restart 0) KSP residual norm 1.939838e-05
 22 (restart 0) KSP residual norm 1.511911e-05
 23 (restart 0) KSP residual norm 1.118432e-05
 24 (restart 0) KSP residual norm 8.432670e-06
 25 (restart 0) KSP residual norm 6.631576e-06
 26 (restart 0) KSP residual norm 4.993134e-06
 27 (restart 0) KSP residual norm 3.993780e-06
 28 (restart 0) KSP residual norm 3.089362e-06
 29 (restart 0) KSP residual norm 2.377204e-06
 30 (restart 0) KSP residual norm 1.852936e-06
 31 (restart 0) KSP residual norm 1.469189e-06
 32 (restart 0) KSP residual norm 1.195273e-06
 33 (restart 0) KSP residual norm 9.575184e-07
 34 (restart 0) KSP residual norm 7.693610e-07
 35 (restart 0) KSP residual norm 6.158314e-07
 36 (restart 0) KSP residual norm 4.935720e-07
 37 (restart 0) KSP residual norm 4.001217e-07
 38 (restart 0) KSP residual norm 3.183771e-07
 39 (restart 0) KSP residual norm 2.524325e-07
 40 (restart 0) KSP residual norm 1.934411e-07
GMRES solver converged in 40 iterations (avg. reduction factor: 6.306e-01)
  Residual norms for GMRES solve
  0 (restart 0) KSP residual norm 3.584454e+01
  1 (restart 0) KSP residual norm 3.463346e+01
  2 (restart 0) KSP residual norm 2.157524e+01
  3 (restart 0) KSP residual norm 3.223633e+00
  4 (restart 0) KSP residual norm 1.401219e+00
  5 (restart 0) KSP residual norm 9.233743e-01
  6 (restart 0) KSP residual norm 4.522900e-01
  7 (restart 0) KSP residual norm 9.794349e-02
  8 (restart 0) KSP residual norm 4.129127e-02
  9 (restart 0) KSP residual norm 2.544232e-02
 10 (restart 0) KSP residual norm 1.238124e-02
 11 (restart 0) KSP residual norm 5.859320e-03
 12 (restart 0) KSP residual norm 4.307367e-03
 13 (restart 0) KSP residual norm 2.532923e-03
 14 (restart 0) KSP residual norm 9.467672e-04
 15 (restart 0) KSP residual norm 4.123300e-04
 16 (restart 0) KSP residual norm 2.469560e-04
 17 (restart 0) KSP residual norm 1.738858e-04
 18 (restart 0) KSP residual norm 1.022190e-04
 19 (restart 0) KSP residual norm 5.594751e-05
 20 (restart 0) KSP residual norm 3.686420e-05
 21 (restart 0) KSP residual norm 2.490935e-05
 22 (restart 0) KSP residual norm 1.598730e-05
 23 (restart 0) KSP residual norm 1.161007e-05
 24 (restart 0) KSP residual norm 8.694367e-06
 25 (restart 0) KSP residual norm 5.926206e-06
 26 (restart 0) KSP residual norm 4.392083e-06
 27 (restart 0) KSP residual norm 3.533769e-06
 28 (restart 0) KSP residual norm 2.608505e-06
 29 (restart 0) KSP residual norm 1.985416e-06
 30 (restart 0) KSP residual norm 1.505147e-06
 31 (restart 0) KSP residual norm 1.190740e-06
 32 (restart 0) KSP residual norm 9.489223e-07
 33 (restart 0) KSP residual norm 7.425393e-07
 34 (restart 0) KSP residual norm 5.788355e-07
 35 (restart 0) KSP residual norm 4.631825e-07
 36 (restart 0) KSP residual norm 3.720946e-07
 37 (restart 0) KSP residual norm 3.008342e-07
GMRES solver converged in 37 iterations (avg. reduction factor: 6.050e-01)
  Residual norms for GMRES solve
  0 (restart 0) KSP residual norm 1.691627e+01
  1 (restart 0) KSP residual norm 7.868161e+00
  2 (restart 0) KSP residual norm 6.039520e+00
  3 (restart 0) KSP residual norm 1.713400e+00
  4 (restart 0) KSP residual norm 3.349073e-01
  5 (restart 0) KSP residual norm 1.780513e-01
  6 (restart 0) KSP residual norm 1.469050e-01
  7 (restart 0) KSP residual norm 9.647397e-02
  8 (restart 0) KSP residual norm 4.061712e-02
  9 (restart 0) KSP residual norm 2.416566e-02
 10 (restart 0) KSP residual norm 1.095501e-02
 11 (restart 0) KSP residual norm 2.344138e-03
 12 (restart 0) KSP residual norm 1.539354e-03
 13 (restart 0) KSP residual norm 1.354540e-03
 14 (restart 0) KSP residual norm 9.060204e-04
 15 (restart 0) KSP residual norm 4.625221e-04
 16 (restart 0) KSP residual norm 1.887500e-04
 17 (restart 0) KSP residual norm 8.618070e-05
 18 (restart 0) KSP residual norm 6.030478e-05
 19 (restart 0) KSP residual norm 4.175144e-05
 20 (restart 0) KSP residual norm 2.602860e-05
 21 (restart 0) KSP residual norm 1.854547e-05
 22 (restart 0) KSP residual norm 1.396043e-05
 23 (restart 0) KSP residual norm 1.036457e-05
 24 (restart 0) KSP residual norm 7.946985e-06
 25 (restart 0) KSP residual norm 6.315242e-06
 26 (restart 0) KSP residual norm 4.544725e-06
 27 (restart 0) KSP residual norm 3.576468e-06
 28 (restart 0) KSP residual norm 2.768624e-06
 29 (restart 0) KSP residual norm 2.137512e-06
 30 (restart 0) KSP residual norm 1.654290e-06
 31 (restart 0) KSP residual norm 1.314526e-06
 32 (restart 0) KSP residual norm 1.082825e-06
 33 (restart 0) KSP residual norm 8.473742e-07
 34 (restart 0) KSP residual norm 6.839069e-07
 35 (restart 0) KSP residual norm 5.716151e-07
 36 (restart 0) KSP residual norm 4.601898e-07
 37 (restart 0) KSP residual norm 3.682779e-07
 38 (restart 0) KSP residual norm 2.905172e-07
 39 (restart 0) KSP residual norm 2.309262e-07
 40 (restart 0) KSP residual norm 1.831389e-07
 41 (restart 0) KSP residual norm 1.421691e-07
GMRES solver converged in 41 iterations (avg. reduction factor: 6.354e-01)
  Residual norms for GMRES solve
  0 (restart 0) KSP residual norm 1.239442e+01
  1 (restart 0) KSP residual norm 4.814859e+00
  2 (restart 0) KSP residual norm 1.920503e+00
  3 (restart 0) KSP residual norm 1.082027e+00
  4 (restart 0) KSP residual norm 2.735411e-01
  5 (restart 0) KSP residual norm 1.839628e-01
  6 (restart 0) KSP residual norm 1.614125e-01
  7 (restart 0) KSP residual norm 7.473243e-02
  8 (restart 0) KSP residual norm 2.209008e-02
  9 (restart 0) KSP residual norm 7.548600e-03
 10 (restart 0) KSP residual norm 4.355210e-03
 11 (restart 0) KSP residual norm 1.839854e-03
 12 (restart 0) KSP residual norm 1.059219e-03
 13 (restart 0) KSP residual norm 9.824672e-04
 14 (restart 0) KSP residual norm 6.306320e-04
 15 (restart 0) KSP residual norm 3.179457e-04
 16 (restart 0) KSP residual norm 1.841808e-04
 17 (restart 0) KSP residual norm 1.039317e-04
 18 (restart 0) KSP residual norm 7.978954e-05
 19 (restart 0) KSP residual norm 5.783673e-05
 20 (restart 0) KSP residual norm 4.233616e-05
 21 (restart 0) KSP residual norm 3.326367e-05
 22 (restart 0) KSP residual norm 2.551079e-05
 23 (restart 0) KSP residual norm 1.880636e-05
 24 (restart 0) KSP residual norm 1.453422e-05
 25 (restart 0) KSP residual norm 1.149314e-05
 26 (restart 0) KSP residual norm 8.891268e-06
 27 (restart 0) KSP residual norm 7.004871e-06
 28 (restart 0) KSP residual norm 5.634148e-06
 29 (restart 0) KSP residual norm 4.348575e-06
 30 (restart 0) KSP residual norm 3.549887e-06
 31 (restart 0) KSP residual norm 2.797048e-06
 32 (restart 0) KSP residual norm 2.255785e-06
 33 (restart 0) KSP residual norm 1.798408e-06
 34 (restart 0) KSP residual norm 1.455305e-06
 35 (restart 0) KSP residual norm 1.209885e-06
 36 (restart 0) KSP residual norm 9.701103e-07
 37 (restart 0) KSP residual norm 7.548450e-07
 38 (restart 0) KSP residual norm 5.794770e-07
 39 (restart 0) KSP residual norm 4.439376e-07
 40 (restart 0) KSP residual norm 3.373413e-07
 41 (restart 0) KSP residual norm 2.576807e-07
 42 (restart 0) KSP residual norm 1.976318e-07
 43 (restart 0) KSP residual norm 1.515413e-07
 44 (restart 0) KSP residual norm 1.159597e-07
GMRES solver converged in 44 iterations (avg. reduction factor: 6.569e-01)
  Residual norms for GMRES solve
  0 (restart 0) KSP residual norm 1.053083e+01
  1 (restart 0) KSP residual norm 5.076041e+00
  2 (restart 0) KSP residual norm 1.681219e+00
  3 (restart 0) KSP residual norm 1.096234e+00
  4 (restart 0) KSP residual norm 3.216375e-01
  5 (restart 0) KSP residual norm 2.259799e-01
  6 (restart 0) KSP residual norm 1.662585e-01
  7 (restart 0) KSP residual norm 5.969845e-02
  8 (restart 0) KSP residual norm 1.713891e-02
  9 (restart 0) KSP residual norm 7.477285e-03
 10 (restart 0) KSP residual norm 4.720180e-03
 11 (restart 0) KSP residual norm 2.112658e-03
 12 (restart 0) KSP residual norm 1.145996e-03
 13 (restart 0) KSP residual norm 8.999257e-04
 14 (restart 0) KSP residual norm 5.619153e-04
 15 (restart 0) KSP residual norm 2.669514e-04
 16 (restart 0) KSP residual norm 1.442895e-04
 17 (restart 0) KSP residual norm 9.227896e-05
 18 (restart 0) KSP residual norm 7.082110e-05
 19 (restart 0) KSP residual norm 5.167352e-05
 20 (restart 0) KSP residual norm 3.992224e-05
 21 (restart 0) KSP residual norm 3.221721e-05
 22 (restart 0) KSP residual norm 2.399828e-05
 23 (restart 0) KSP residual norm 1.762938e-05
 24 (restart 0) KSP residual norm 1.365475e-05
 25 (restart 0) KSP residual norm 1.085601e-05
 26 (restart 0) KSP residual norm 8.126060e-06
 27 (restart 0) KSP residual norm 6.551085e-06
 28 (restart 0) KSP residual norm 5.192830e-06
 29 (restart 0) KSP residual norm 4.125330e-06
 30 (restart 0) KSP residual norm 3.247023e-06
 31 (restart 0) KSP residual norm 2.612198e-06
 32 (restart 0) KSP residual norm 2.143662e-06
 33 (restart 0) KSP residual norm 1.689611e-06
 34 (restart 0) KSP residual norm 1.368023e-06
 35 (restart 0) KSP residual norm 1.109021e-06
 36 (restart 0) KSP residual norm 8.846297e-07
 37 (restart 0) KSP residual norm 7.029735e-07
 38 (restart 0) KSP residual norm 5.514941e-07
 39 (restart 0) KSP residual norm 4.203760e-07
 40 (restart 0) KSP residual norm 3.164389e-07
 41 (restart 0) KSP residual norm 2.407539e-07
 42 (restart 0) KSP residual norm 1.880699e-07
 43 (restart 0) KSP residual norm 1.462201e-07
 44 (restart 0) KSP residual norm 1.144670e-07
 45 (restart 0) KSP residual norm 8.999320e-08
GMRES solver converged in 45 iterations (avg. reduction factor: 6.618e-01)
  Residual norms for GMRES solve
  0 (restart 0) KSP residual norm 9.808810e+00
  1 (restart 0) KSP residual norm 5.636625e+00
  2 (restart 0) KSP residual norm 2.222654e+00
  3 (restart 0) KSP residual norm 1.219890e+00
  4 (restart 0) KSP residual norm 2.719683e-01
  5 (restart 0) KSP residual norm 9.505186e-02
  6 (restart 0) KSP residual norm 6.393757e-02
  7 (restart 0) KSP residual norm 3.989487e-02
  8 (restart 0) KSP residual norm 8.445365e-03
  9 (restart 0) KSP residual norm 5.990009e-03
 10 (restart 0) KSP residual norm 5.939979e-03
 11 (restart 0) KSP residual norm 2.746629e-03
 12 (restart 0) KSP residual norm 1.155917e-03
 13 (restart 0) KSP residual norm 7.304070e-04
 14 (restart 0) KSP residual norm 3.979736e-04
 15 (restart 0) KSP residual norm 2.321512e-04
 16 (restart 0) KSP residual norm 1.205073e-04
 17 (restart 0) KSP residual norm 5.802348e-05
 18 (restart 0) KSP residual norm 3.292246e-05
 19 (restart 0) KSP residual norm 2.334486e-05
 20 (restart 0) KSP residual norm 1.708036e-05
 21 (restart 0) KSP residual norm 1.337469e-05
 22 (restart 0) KSP residual norm 1.127130e-05
 23 (restart 0) KSP residual norm 8.275598e-06
 24 (restart 0) KSP residual norm 5.961082e-06
 25 (restart 0) KSP residual norm 4.719476e-06
 26 (restart 0) KSP residual norm 3.851129e-06
 27 (restart 0) KSP residual norm 3.092416e-06
 28 (restart 0) KSP residual norm 2.549946e-06
 29 (restart 0) KSP residual norm 2.008601e-06
 30 (restart 0) KSP residual norm 1.500206e-06
 31 (restart 0) KSP residual norm 1.198890e-06
 32 (restart 0) KSP residual norm 1.011744e-06
 33 (restart 0) KSP residual norm 8.267739e-07
 34 (restart 0) KSP residual norm 6.723122e-07
 35 (restart 0) KSP residual norm 5.418537e-07
 36 (restart 0) KSP residual norm 4.222257e-07
 37 (restart 0) KSP residual norm 3.219100e-07
 38 (restart 0) KSP residual norm 2.546398e-07
 39 (restart 0) KSP residual norm 2.062389e-07
 40 (restart 0) KSP residual norm 1.584219e-07
 41 (restart 0) KSP residual norm 1.141549e-07
 42 (restart 0) KSP residual norm 8.326010e-08
GMRES solver converged in 42 iterations (avg. reduction factor: 6.424e-01)
  Residual norms for GMRES solve
  0 (restart 0) KSP residual norm 1.022501e+01
  1 (restart 0) KSP residual norm 6.432364e+00
  2 (restart 0) KSP residual norm 4.751153e+00
  3 (restart 0) KSP residual norm 9.213857e-01
  4 (restart 0) KSP residual norm 3.451465e-01
  5 (restart 0) KSP residual norm 2.540426e-01
  6 (restart 0) KSP residual norm 1.531350e-01
  7 (restart 0) KSP residual norm 3.707944e-02
  8 (restart 0) KSP residual norm 1.573251e-02
  9 (restart 0) KSP residual norm 1.198354e-02
 10 (restart 0) KSP residual norm 7.576616e-03
 11 (restart 0) KSP residual norm 2.417975e-03
 12 (restart 0) KSP residual norm 1.417346e-03
 13 (restart 0) KSP residual norm 8.385921e-04
 14 (restart 0) KSP residual norm 4.268135e-04
 15 (restart 0) KSP residual norm 2.199993e-04
 16 (restart 0) KSP residual norm 1.411507e-04
 17 (restart 0) KSP residual norm 1.100049e-04
 18 (restart 0) KSP residual norm 8.087892e-05
 19 (restart 0) KSP residual norm 6.031989e-05
 20 (restart 0) KSP residual norm 5.076154e-05
 21 (restart 0) KSP residual norm 3.795615e-05
 22 (restart 0) KSP residual norm 2.762915e-05
 23 (restart 0) KSP residual norm 2.166373e-05
 24 (restart 0) KSP residual norm 1.762865e-05
 25 (restart 0) KSP residual norm 1.355666e-05
 26 (restart 0) KSP residual norm 1.041273e-05
 27 (restart 0) KSP residual norm 8.520606e-06
 28 (restart 0) KSP residual norm 6.541713e-06
 29 (restart 0) KSP residual norm 5.203105e-06
 30 (restart 0) KSP residual norm 4.230895e-06
 31 (restart 0) KSP residual norm 3.362075e-06
 32 (restart 0) KSP residual norm 2.742190e-06
 33 (restart 0) KSP residual norm 2.232422e-06
 34 (restart 0) KSP residual norm 1.841235e-06
 35 (restart 0) KSP residual norm 1.512543e-06
 36 (restart 0) KSP residual norm 1.217456e-06
 37 (restart 0) KSP residual norm 9.511550e-07
 38 (restart 0) KSP residual norm 7.325552e-07
 39 (restart 0) KSP residual norm 5.412358e-07
 40 (restart 0) KSP residual norm 4.176057e-07
 41 (restart 0) KSP residual norm 3.259247e-07
 42 (restart 0) KSP residual norm 2.527372e-07
 43 (restart 0) KSP residual norm 2.024197e-07
 44 (restart 0) KSP residual norm 1.589634e-07
 45 (restart 0) KSP residual norm 1.256247e-07
 46 (restart 0) KSP residual norm 1.025139e-07
 47 (restart 0) KSP residual norm 8.458518e-08
GMRES solver converged in 47 iterations (avg. reduction factor: 6.730e-01)
  3 EPS nconv=6 first unconverged value (error) -8.25234e-06+0.36066i (1.56437935e-03)
  Residual norms for GMRES solve
  0 (restart 0) KSP residual norm 7.440132e+00
  1 (restart 0) KSP residual norm 4.760754e+00
  2 (restart 0) KSP residual norm 2.877551e+00
  3 (restart 0) KSP residual norm 1.416427e+00
  4 (restart 0) KSP residual norm 3.830025e-01
  5 (restart 0) KSP residual norm 2.477368e-01
  6 (restart 0) KSP residual norm 1.126405e-01
  7 (restart 0) KSP residual norm 4.572052e-02
  8 (restart 0) KSP residual norm 1.006997e-02
  9 (restart 0) KSP residual norm 6.829554e-03
 10 (restart 0) KSP residual norm 5.563480e-03
 11 (restart 0) KSP residual norm 1.966619e-03
 12 (restart 0) KSP residual norm 1.146617e-03
 13 (restart 0) KSP residual norm 8.708104e-04
 14 (restart 0) KSP residual norm 4.592057e-04
 15 (restart 0) KSP residual norm 1.949648e-04
 16 (restart 0) KSP residual norm 9.870300e-05
 17 (restart 0) KSP residual norm 7.284090e-05
 18 (restart 0) KSP residual norm 5.173892e-05
 19 (restart 0) KSP residual norm 3.533898e-05
 20 (restart 0) KSP residual norm 2.845138e-05
 21 (restart 0) KSP residual norm 2.295389e-05
 22 (restart 0) KSP residual norm 1.642377e-05
 23 (restart 0) KSP residual norm 1.229485e-05
 24 (restart 0) KSP residual norm 9.877574e-06
 25 (restart 0) KSP residual norm 7.598749e-06
 26 (restart 0) KSP residual norm 5.983003e-06
 27 (restart 0) KSP residual norm 4.841162e-06
 28 (restart 0) KSP residual norm 3.756418e-06
 29 (restart 0) KSP residual norm 2.971272e-06
 30 (restart 0) KSP residual norm 2.376703e-06
 31 (restart 0) KSP residual norm 1.975875e-06
 32 (restart 0) KSP residual norm 1.604060e-06
 33 (restart 0) KSP residual norm 1.280248e-06
 34 (restart 0) KSP residual norm 1.017237e-06
 35 (restart 0) KSP residual norm 8.317640e-07
 36 (restart 0) KSP residual norm 6.697832e-07
 37 (restart 0) KSP residual norm 5.210986e-07
 38 (restart 0) KSP residual norm 3.988700e-07
 39 (restart 0) KSP residual norm 3.010395e-07
 40 (restart 0) KSP residual norm 2.288102e-07
 41 (restart 0) KSP residual norm 1.688064e-07
 42 (restart 0) KSP residual norm 1.266575e-07
 43 (restart 0) KSP residual norm 9.590871e-08
 44 (restart 0) KSP residual norm 7.276318e-08
GMRES solver converged in 44 iterations (avg. reduction factor: 6.576e-01)
  Residual norms for GMRES solve
  0 (restart 0) KSP residual norm 3.295225e+01
  1 (restart 0) KSP residual norm 3.168425e+01
  2 (restart 0) KSP residual norm 2.176627e+01
  3 (restart 0) KSP residual norm 4.166418e+00
  4 (restart 0) KSP residual norm 2.171308e+00
  5 (restart 0) KSP residual norm 1.367906e+00
  6 (restart 0) KSP residual norm 4.598956e-01
  7 (restart 0) KSP residual norm 7.986329e-02
  8 (restart 0) KSP residual norm 4.214785e-02
  9 (restart 0) KSP residual norm 3.311249e-02
 10 (restart 0) KSP residual norm 1.644077e-02
 11 (restart 0) KSP residual norm 9.729376e-03
 12 (restart 0) KSP residual norm 7.159476e-03
 13 (restart 0) KSP residual norm 3.435335e-03
 14 (restart 0) KSP residual norm 1.306673e-03
 15 (restart 0) KSP residual norm 5.826654e-04
 16 (restart 0) KSP residual norm 4.105686e-04
 17 (restart 0) KSP residual norm 2.708454e-04
 18 (restart 0) KSP residual norm 1.500517e-04
 19 (restart 0) KSP residual norm 7.868896e-05
 20 (restart 0) KSP residual norm 5.501694e-05
 21 (restart 0) KSP residual norm 3.797485e-05
 22 (restart 0) KSP residual norm 2.509079e-05
 23 (restart 0) KSP residual norm 1.877371e-05
 24 (restart 0) KSP residual norm 1.327844e-05
 25 (restart 0) KSP residual norm 9.619693e-06
 26 (restart 0) KSP residual norm 7.267867e-06
 27 (restart 0) KSP residual norm 5.633323e-06
 28 (restart 0) KSP residual norm 4.209004e-06
 29 (restart 0) KSP residual norm 3.099616e-06
 30 (restart 0) KSP residual norm 2.377921e-06
 31 (restart 0) KSP residual norm 1.816150e-06
 32 (restart 0) KSP residual norm 1.399265e-06
 33 (restart 0) KSP residual norm 1.115608e-06
 34 (restart 0) KSP residual norm 8.777642e-07
 35 (restart 0) KSP residual norm 6.920895e-07
 36 (restart 0) KSP residual norm 5.589639e-07
 37 (restart 0) KSP residual norm 4.578595e-07
 38 (restart 0) KSP residual norm 3.780011e-07
 39 (restart 0) KSP residual norm 3.041338e-07
GMRES solver converged in 39 iterations (avg. reduction factor: 6.223e-01)
  Residual norms for GMRES solve
  0 (restart 0) KSP residual norm 1.099678e+01
  1 (restart 0) KSP residual norm 9.439819e+00
  2 (restart 0) KSP residual norm 7.779348e+00
  3 (restart 0) KSP residual norm 1.700830e+00
  4 (restart 0) KSP residual norm 9.094491e-01
  5 (restart 0) KSP residual norm 3.884481e-01
  6 (restart 0) KSP residual norm 1.903177e-01
  7 (restart 0) KSP residual norm 6.181271e-02
  8 (restart 0) KSP residual norm 1.993439e-02
  9 (restart 0) KSP residual norm 1.343030e-02
 10 (restart 0) KSP residual norm 7.950049e-03
 11 (restart 0) KSP residual norm 3.155744e-03
 12 (restart 0) KSP residual norm 2.448571e-03
 13 (restart 0) KSP residual norm 1.979819e-03
 14 (restart 0) KSP residual norm 7.375882e-04
 15 (restart 0) KSP residual norm 3.109674e-04
 16 (restart 0) KSP residual norm 1.626608e-04
 17 (restart 0) KSP residual norm 1.128306e-04
 18 (restart 0) KSP residual norm 6.882470e-05
 19 (restart 0) KSP residual norm 3.524054e-05
 20 (restart 0) KSP residual norm 2.396925e-05
 21 (restart 0) KSP residual norm 1.670402e-05
 22 (restart 0) KSP residual norm 1.227086e-05
 23 (restart 0) KSP residual norm 8.602884e-06
 24 (restart 0) KSP residual norm 6.839360e-06
 25 (restart 0) KSP residual norm 5.218055e-06
 26 (restart 0) KSP residual norm 4.055498e-06
 27 (restart 0) KSP residual norm 3.315641e-06
 28 (restart 0) KSP residual norm 2.581090e-06
 29 (restart 0) KSP residual norm 1.999804e-06
 30 (restart 0) KSP residual norm 1.539995e-06
 31 (restart 0) KSP residual norm 1.216904e-06
 32 (restart 0) KSP residual norm 9.964494e-07
 33 (restart 0) KSP residual norm 7.971279e-07
 34 (restart 0) KSP residual norm 6.585334e-07
 35 (restart 0) KSP residual norm 5.203711e-07
 36 (restart 0) KSP residual norm 4.174386e-07
 37 (restart 0) KSP residual norm 3.353244e-07
 38 (restart 0) KSP residual norm 2.641073e-07
 39 (restart 0) KSP residual norm 2.050121e-07
 40 (restart 0) KSP residual norm 1.623766e-07
 41 (restart 0) KSP residual norm 1.249200e-07
 42 (restart 0) KSP residual norm 9.675845e-08
GMRES solver converged in 42 iterations (avg. reduction factor: 6.430e-01)
  Residual norms for GMRES solve
  0 (restart 0) KSP residual norm 2.842518e+01
  1 (restart 0) KSP residual norm 2.715352e+01
  2 (restart 0) KSP residual norm 2.098643e+01
  3 (restart 0) KSP residual norm 2.786375e+00
  4 (restart 0) KSP residual norm 1.626959e+00
  5 (restart 0) KSP residual norm 1.113033e+00
  6 (restart 0) KSP residual norm 5.410928e-01
  7 (restart 0) KSP residual norm 1.222971e-01
  8 (restart 0) KSP residual norm 6.329822e-02
  9 (restart 0) KSP residual norm 4.364433e-02
 10 (restart 0) KSP residual norm 1.654869e-02
 11 (restart 0) KSP residual norm 5.727268e-03
 12 (restart 0) KSP residual norm 4.113655e-03
 13 (restart 0) KSP residual norm 2.855772e-03
 14 (restart 0) KSP residual norm 1.250785e-03
 15 (restart 0) KSP residual norm 5.304514e-04
 16 (restart 0) KSP residual norm 2.686348e-04
 17 (restart 0) KSP residual norm 1.833103e-04
 18 (restart 0) KSP residual norm 1.205414e-04
 19 (restart 0) KSP residual norm 6.188891e-05
 20 (restart 0) KSP residual norm 3.979102e-05
 21 (restart 0) KSP residual norm 2.758173e-05
 22 (restart 0) KSP residual norm 1.964875e-05
 23 (restart 0) KSP residual norm 1.338538e-05
 24 (restart 0) KSP residual norm 1.024889e-05
 25 (restart 0) KSP residual norm 7.669619e-06
 26 (restart 0) KSP residual norm 5.765089e-06
 27 (restart 0) KSP residual norm 4.656121e-06
 28 (restart 0) KSP residual norm 3.590311e-06
 29 (restart 0) KSP residual norm 2.786253e-06
 30 (restart 0) KSP residual norm 2.138806e-06
 31 (restart 0) KSP residual norm 1.663457e-06
 32 (restart 0) KSP residual norm 1.338877e-06
 33 (restart 0) KSP residual norm 1.052738e-06
 34 (restart 0) KSP residual norm 8.606391e-07
 35 (restart 0) KSP residual norm 6.939684e-07
 36 (restart 0) KSP residual norm 5.582373e-07
 37 (restart 0) KSP residual norm 4.484578e-07
 38 (restart 0) KSP residual norm 3.589035e-07
 39 (restart 0) KSP residual norm 2.853264e-07
 40 (restart 0) KSP residual norm 2.258645e-07
GMRES solver converged in 40 iterations (avg. reduction factor: 6.273e-01)
  Residual norms for GMRES solve
  0 (restart 0) KSP residual norm 2.625879e+01
  1 (restart 0) KSP residual norm 2.494485e+01
  2 (restart 0) KSP residual norm 1.807975e+01
  3 (restart 0) KSP residual norm 2.950570e+00
  4 (restart 0) KSP residual norm 1.237871e+00
  5 (restart 0) KSP residual norm 7.573534e-01
  6 (restart 0) KSP residual norm 4.830739e-01
  7 (restart 0) KSP residual norm 9.367537e-02
  8 (restart 0) KSP residual norm 2.530542e-02
  9 (restart 0) KSP residual norm 1.646106e-02
 10 (restart 0) KSP residual norm 1.064637e-02
 11 (restart 0) KSP residual norm 7.792768e-03
 12 (restart 0) KSP residual norm 5.032664e-03
 13 (restart 0) KSP residual norm 1.860006e-03
 14 (restart 0) KSP residual norm 6.087876e-04
 15 (restart 0) KSP residual norm 2.991245e-04
 16 (restart 0) KSP residual norm 1.908919e-04
 17 (restart 0) KSP residual norm 1.244937e-04
 18 (restart 0) KSP residual norm 7.373003e-05
 19 (restart 0) KSP residual norm 4.513785e-05
 20 (restart 0) KSP residual norm 3.210824e-05
 21 (restart 0) KSP residual norm 2.116050e-05
 22 (restart 0) KSP residual norm 1.589241e-05
 23 (restart 0) KSP residual norm 1.245830e-05
 24 (restart 0) KSP residual norm 9.309238e-06
 25 (restart 0) KSP residual norm 7.076650e-06
 26 (restart 0) KSP residual norm 5.578389e-06
 27 (restart 0) KSP residual norm 4.634997e-06
 28 (restart 0) KSP residual norm 3.551417e-06
 29 (restart 0) KSP residual norm 2.717315e-06
 30 (restart 0) KSP residual norm 2.126631e-06
 31 (restart 0) KSP residual norm 1.708313e-06
 32 (restart 0) KSP residual norm 1.409520e-06
 33 (restart 0) KSP residual norm 1.124387e-06
 34 (restart 0) KSP residual norm 8.947198e-07
 35 (restart 0) KSP residual norm 7.101296e-07
 36 (restart 0) KSP residual norm 5.831910e-07
 37 (restart 0) KSP residual norm 4.770314e-07
 38 (restart 0) KSP residual norm 3.710473e-07
 39 (restart 0) KSP residual norm 2.867417e-07
 40 (restart 0) KSP residual norm 2.192025e-07
GMRES solver converged in 40 iterations (avg. reduction factor: 6.281e-01)
  Residual norms for GMRES solve
  0 (restart 0) KSP residual norm 1.722947e+01
  1 (restart 0) KSP residual norm 5.499885e+00
  2 (restart 0) KSP residual norm 3.715347e+00
  3 (restart 0) KSP residual norm 1.189964e+00
  4 (restart 0) KSP residual norm 2.292552e-01
  5 (restart 0) KSP residual norm 8.411663e-02
  6 (restart 0) KSP residual norm 8.131169e-02
  7 (restart 0) KSP residual norm 6.303003e-02
  8 (restart 0) KSP residual norm 3.389634e-02
  9 (restart 0) KSP residual norm 2.927199e-02
 10 (restart 0) KSP residual norm 2.015227e-02
 11 (restart 0) KSP residual norm 2.874050e-03
 12 (restart 0) KSP residual norm 1.486613e-03
 13 (restart 0) KSP residual norm 1.350768e-03
 14 (restart 0) KSP residual norm 9.005683e-04
 15 (restart 0) KSP residual norm 5.255420e-04
 16 (restart 0) KSP residual norm 2.309401e-04
 17 (restart 0) KSP residual norm 1.116128e-04
 18 (restart 0) KSP residual norm 8.128029e-05
 19 (restart 0) KSP residual norm 5.937012e-05
 20 (restart 0) KSP residual norm 4.419534e-05
 21 (restart 0) KSP residual norm 3.462806e-05
 22 (restart 0) KSP residual norm 2.682288e-05
 23 (restart 0) KSP residual norm 1.991074e-05
 24 (restart 0) KSP residual norm 1.542803e-05
 25 (restart 0) KSP residual norm 1.211607e-05
 26 (restart 0) KSP residual norm 9.062951e-06
 27 (restart 0) KSP residual norm 7.403860e-06
 28 (restart 0) KSP residual norm 5.735259e-06
 29 (restart 0) KSP residual norm 4.576608e-06
 30 (restart 0) KSP residual norm 3.637872e-06
 31 (restart 0) KSP residual norm 2.948136e-06
 32 (restart 0) KSP residual norm 2.447468e-06
 33 (restart 0) KSP residual norm 1.944641e-06
 34 (restart 0) KSP residual norm 1.552002e-06
 35 (restart 0) KSP residual norm 1.273734e-06
 36 (restart 0) KSP residual norm 1.022202e-06
 37 (restart 0) KSP residual norm 7.981924e-07
 38 (restart 0) KSP residual norm 6.142058e-07
 39 (restart 0) KSP residual norm 4.660286e-07
 40 (restart 0) KSP residual norm 3.535700e-07
 41 (restart 0) KSP residual norm 2.638812e-07
 42 (restart 0) KSP residual norm 1.971455e-07
 43 (restart 0) KSP residual norm 1.515182e-07
GMRES solver converged in 43 iterations (avg. reduction factor: 6.496e-01)
  Residual norms for GMRES solve
  0 (restart 0) KSP residual norm 1.499675e+01
  1 (restart 0) KSP residual norm 4.818860e+00
  2 (restart 0) KSP residual norm 2.913097e+00
  3 (restart 0) KSP residual norm 1.174330e+00
  4 (restart 0) KSP residual norm 2.372678e-01
  5 (restart 0) KSP residual norm 7.594752e-02
  6 (restart 0) KSP residual norm 5.640561e-02
  7 (restart 0) KSP residual norm 4.684057e-02
  8 (restart 0) KSP residual norm 2.229273e-02
  9 (restart 0) KSP residual norm 2.125553e-02
 10 (restart 0) KSP residual norm 1.427469e-02
 11 (restart 0) KSP residual norm 2.662612e-03
 12 (restart 0) KSP residual norm 1.305677e-03
 13 (restart 0) KSP residual norm 1.176708e-03
 14 (restart 0) KSP residual norm 8.313773e-04
 15 (restart 0) KSP residual norm 5.152999e-04
 16 (restart 0) KSP residual norm 1.936690e-04
 17 (restart 0) KSP residual norm 8.221642e-05
 18 (restart 0) KSP residual norm 5.670480e-05
 19 (restart 0) KSP residual norm 3.949139e-05
 20 (restart 0) KSP residual norm 2.808889e-05
 21 (restart 0) KSP residual norm 2.126856e-05
 22 (restart 0) KSP residual norm 1.645685e-05
 23 (restart 0) KSP residual norm 1.248866e-05
 24 (restart 0) KSP residual norm 9.639647e-06
 25 (restart 0) KSP residual norm 7.573591e-06
 26 (restart 0) KSP residual norm 5.676848e-06
 27 (restart 0) KSP residual norm 4.526559e-06
 28 (restart 0) KSP residual norm 3.581802e-06
 29 (restart 0) KSP residual norm 2.831435e-06
 30 (restart 0) KSP residual norm 2.226027e-06
 31 (restart 0) KSP residual norm 1.772691e-06
 32 (restart 0) KSP residual norm 1.452958e-06
 33 (restart 0) KSP residual norm 1.182327e-06
 34 (restart 0) KSP residual norm 9.443860e-07
 35 (restart 0) KSP residual norm 7.539012e-07
 36 (restart 0) KSP residual norm 6.068977e-07
 37 (restart 0) KSP residual norm 4.716590e-07
 38 (restart 0) KSP residual norm 3.722811e-07
 39 (restart 0) KSP residual norm 2.902663e-07
 40 (restart 0) KSP residual norm 2.209577e-07
 41 (restart 0) KSP residual norm 1.597705e-07
 42 (restart 0) KSP residual norm 1.205982e-07
GMRES solver converged in 42 iterations (avg. reduction factor: 6.416e-01)
  Residual norms for GMRES solve
  0 (restart 0) KSP residual norm 5.505723e+00
  1 (restart 0) KSP residual norm 1.307992e+00
  2 (restart 0) KSP residual norm 6.812823e-01
  3 (restart 0) KSP residual norm 5.131406e-01
  4 (restart 0) KSP residual norm 1.832773e-01
  5 (restart 0) KSP residual norm 5.795946e-02
  6 (restart 0) KSP residual norm 4.233000e-02
  7 (restart 0) KSP residual norm 2.410724e-02
  8 (restart 0) KSP residual norm 8.523406e-03
  9 (restart 0) KSP residual norm 6.396025e-03
 10 (restart 0) KSP residual norm 6.280815e-03
 11 (restart 0) KSP residual norm 2.186518e-03
 12 (restart 0) KSP residual norm 6.043218e-04
 13 (restart 0) KSP residual norm 4.780678e-04
 14 (restart 0) KSP residual norm 3.605761e-04
 15 (restart 0) KSP residual norm 1.711389e-04
 16 (restart 0) KSP residual norm 1.075693e-04
 17 (restart 0) KSP residual norm 7.902684e-05
 18 (restart 0) KSP residual norm 6.614650e-05
 19 (restart 0) KSP residual norm 5.065177e-05
 20 (restart 0) KSP residual norm 3.395688e-05
 21 (restart 0) KSP residual norm 2.737457e-05
 22 (restart 0) KSP residual norm 2.243110e-05
 23 (restart 0) KSP residual norm 1.664904e-05
 24 (restart 0) KSP residual norm 1.352945e-05
 25 (restart 0) KSP residual norm 1.066724e-05
 26 (restart 0) KSP residual norm 8.359430e-06
 27 (restart 0) KSP residual norm 6.891915e-06
 28 (restart 0) KSP residual norm 5.408494e-06
 29 (restart 0) KSP residual norm 4.317958e-06
 30 (restart 0) KSP residual norm 3.355678e-06
 31 (restart 0) KSP residual norm 2.828940e-06
 32 (restart 0) KSP residual norm 2.346512e-06
 33 (restart 0) KSP residual norm 1.870839e-06
 34 (restart 0) KSP residual norm 1.478826e-06
 35 (restart 0) KSP residual norm 1.200641e-06
 36 (restart 0) KSP residual norm 9.743832e-07
 37 (restart 0) KSP residual norm 7.419422e-07
 38 (restart 0) KSP residual norm 5.490373e-07
 39 (restart 0) KSP residual norm 4.140068e-07
 40 (restart 0) KSP residual norm 3.201925e-07
 41 (restart 0) KSP residual norm 2.397155e-07
 42 (restart 0) KSP residual norm 1.793188e-07
 43 (restart 0) KSP residual norm 1.369682e-07
 44 (restart 0) KSP residual norm 1.050773e-07
 45 (restart 0) KSP residual norm 7.932971e-08
 46 (restart 0) KSP residual norm 6.023901e-08
 47 (restart 0) KSP residual norm 4.611287e-08
GMRES solver converged in 47 iterations (avg. reduction factor: 6.732e-01)
  Residual norms for GMRES solve
  0 (restart 0) KSP residual norm 1.085462e+01
  1 (restart 0) KSP residual norm 4.604121e+00
  2 (restart 0) KSP residual norm 1.506682e+00
  3 (restart 0) KSP residual norm 9.835987e-01
  4 (restart 0) KSP residual norm 2.337528e-01
  5 (restart 0) KSP residual norm 1.238859e-01
  6 (restart 0) KSP residual norm 7.979004e-02
  7 (restart 0) KSP residual norm 3.081301e-02
  8 (restart 0) KSP residual norm 9.340571e-03
  9 (restart 0) KSP residual norm 5.121020e-03
 10 (restart 0) KSP residual norm 3.431426e-03
 11 (restart 0) KSP residual norm 1.632446e-03
 12 (restart 0) KSP residual norm 8.138799e-04
 13 (restart 0) KSP residual norm 5.932969e-04
 14 (restart 0) KSP residual norm 3.441220e-04
 15 (restart 0) KSP residual norm 1.400484e-04
 16 (restart 0) KSP residual norm 8.631060e-05
 17 (restart 0) KSP residual norm 6.561051e-05
 18 (restart 0) KSP residual norm 4.886025e-05
 19 (restart 0) KSP residual norm 3.558757e-05
 20 (restart 0) KSP residual norm 2.683828e-05
 21 (restart 0) KSP residual norm 2.219011e-05
 22 (restart 0) KSP residual norm 1.692990e-05
 23 (restart 0) KSP residual norm 1.298752e-05
 24 (restart 0) KSP residual norm 1.022555e-05
 25 (restart 0) KSP residual norm 7.562492e-06
 26 (restart 0) KSP residual norm 6.306425e-06
 27 (restart 0) KSP residual norm 5.049772e-06
 28 (restart 0) KSP residual norm 3.886658e-06
 29 (restart 0) KSP residual norm 3.082170e-06
 30 (restart 0) KSP residual norm 2.451268e-06
 31 (restart 0) KSP residual norm 2.022522e-06
 32 (restart 0) KSP residual norm 1.622517e-06
 33 (restart 0) KSP residual norm 1.297282e-06
 34 (restart 0) KSP residual norm 1.048838e-06
 35 (restart 0) KSP residual norm 8.655947e-07
 36 (restart 0) KSP residual norm 6.924400e-07
 37 (restart 0) KSP residual norm 5.395218e-07
 38 (restart 0) KSP residual norm 4.049376e-07
 39 (restart 0) KSP residual norm 2.979979e-07
 40 (restart 0) KSP residual norm 2.246248e-07
 41 (restart 0) KSP residual norm 1.677876e-07
 42 (restart 0) KSP residual norm 1.279318e-07
 43 (restart 0) KSP residual norm 9.664147e-08
GMRES solver converged in 43 iterations (avg. reduction factor: 6.498e-01)
  4 EPS nconv=10 first unconverged value (error) -1.51587e-05+0.392432i (1.19836343e-03)

 Linear eigensolve converged (10 eigenpairs) due to CONVERGED_TOL; iterations 4
 Total number of linear systems solved: 52
 Total number of linear solver iterations: 2254
 Found 10 converged eigenvalues (first = -1.243e-04+1.010e+01i)

 Refining eigenvalues with Quasi-Newton solver
  Residual norms for GMRES solve
  0 (restart 0) KSP residual norm 2.427238e+01
  1 (restart 0) KSP residual norm 1.498006e+00
  2 (restart 0) KSP residual norm 2.963655e-01
  3 (restart 0) KSP residual norm 2.407809e-01
  4 (restart 0) KSP residual norm 2.322051e-01
  5 (restart 0) KSP residual norm 2.162582e-01
  6 (restart 0) KSP residual norm 1.265380e-01
  7 (restart 0) KSP residual norm 3.430936e-02
  8 (restart 0) KSP residual norm 2.057672e-02
  9 (restart 0) KSP residual norm 1.334481e-02
 10 (restart 0) KSP residual norm 8.655563e-03
 11 (restart 0) KSP residual norm 8.580829e-03
 12 (restart 0) KSP residual norm 7.874732e-03
 13 (restart 0) KSP residual norm 7.340378e-03
GMRES solver converged in 13 iterations (avg. reduction factor: 5.361e-01)
0 NLEPS (nconv=0, restart=0) residual norm 8.307411e-04
  Residual norms for GMRES solve
  0 (restart 0) KSP residual norm 8.242415e-07
  1 (restart 0) KSP residual norm 3.171375e-07
  2 (restart 0) KSP residual norm 1.732802e-07
  3 (restart 0) KSP residual norm 1.611401e-07
  4 (restart 0) KSP residual norm 1.509071e-07
  5 (restart 0) KSP residual norm 1.317233e-07
  6 (restart 0) KSP residual norm 1.050842e-07
  7 (restart 0) KSP residual norm 8.752698e-08
  8 (restart 0) KSP residual norm 8.215780e-08
  9 (restart 0) KSP residual norm 6.920913e-08
 10 (restart 0) KSP residual norm 6.667671e-08
 11 (restart 0) KSP residual norm 6.559488e-08
 12 (restart 0) KSP residual norm 6.519848e-08
 13 (restart 0) KSP residual norm 6.395333e-08
 14 (restart 0) KSP residual norm 6.201509e-08
 15 (restart 0) KSP residual norm 6.188537e-08
 16 (restart 0) KSP residual norm 6.104684e-08
 17 (restart 0) KSP residual norm 6.053226e-08
 18 (restart 0) KSP residual norm 5.949945e-08
 19 (restart 0) KSP residual norm 5.940203e-08
 20 (restart 0) KSP residual norm 5.894034e-08
 21 (restart 0) KSP residual norm 5.761255e-08
 22 (restart 0) KSP residual norm 5.719614e-08
 23 (restart 0) KSP residual norm 5.673971e-08
 24 (restart 0) KSP residual norm 5.669427e-08
 25 (restart 0) KSP residual norm 5.640312e-08
 26 (restart 0) KSP residual norm 5.637626e-08
 27 (restart 0) KSP residual norm 5.602789e-08
 28 (restart 0) KSP residual norm 5.590971e-08
 29 (restart 0) KSP residual norm 5.568745e-08
 30 (restart 0) KSP residual norm 5.556084e-08
 31 (restart 0) KSP residual norm 5.467260e-08
 32 (restart 0) KSP residual norm 5.440997e-08
 33 (restart 0) KSP residual norm 5.401428e-08
 34 (restart 0) KSP residual norm 5.391955e-08
 35 (restart 0) KSP residual norm 5.376614e-08
 36 (restart 0) KSP residual norm 5.337676e-08
 37 (restart 0) KSP residual norm 5.320011e-08
 38 (restart 0) KSP residual norm 5.315908e-08
 39 (restart 0) KSP residual norm 5.284948e-08
 40 (restart 0) KSP residual norm 5.186009e-08
 41 (restart 0) KSP residual norm 5.109951e-08
 42 (restart 0) KSP residual norm 5.044664e-08
 43 (restart 0) KSP residual norm 4.864801e-08
 44 (restart 0) KSP residual norm 4.652496e-08
 45 (restart 0) KSP residual norm 4.341924e-08
 46 (restart 0) KSP residual norm 4.006268e-08
 47 (restart 0) KSP residual norm 3.677651e-08
 48 (restart 0) KSP residual norm 3.345303e-08
 49 (restart 0) KSP residual norm 2.984818e-08
 50 (restart 0) KSP residual norm 2.592815e-08
 51 (restart 0) KSP residual norm 2.163658e-08
 52 (restart 0) KSP residual norm 1.770771e-08
 53 (restart 0) KSP residual norm 1.431033e-08
 54 (restart 0) KSP residual norm 1.106252e-08
 55 (restart 0) KSP residual norm 8.257037e-09
 56 (restart 0) KSP residual norm 6.160340e-09
 57 (restart 0) KSP residual norm 4.740853e-09
 58 (restart 0) KSP residual norm 3.611873e-09
 59 (restart 0) KSP residual norm 2.781046e-09
 60 (restart 0) KSP residual norm 2.207508e-09
 61 (restart 0) KSP residual norm 1.771790e-09
 62 (restart 0) KSP residual norm 1.410579e-09
 63 (restart 0) KSP residual norm 1.092195e-09
 64 (restart 0) KSP residual norm 8.294548e-10
 65 (restart 0) KSP residual norm 6.302379e-10
 66 (restart 0) KSP residual norm 4.901275e-10
 67 (restart 0) KSP residual norm 3.808023e-10
 68 (restart 0) KSP residual norm 2.835810e-10
 69 (restart 0) KSP residual norm 2.150193e-10
GMRES solver converged in 69 iterations (avg. reduction factor: 8.873e-01)
1 NLEPS (nconv=0, restart=0) residual norm 3.644901e-06
  Residual norms for GMRES solve
  0 (restart 0) KSP residual norm 4.130899e-10
  1 (restart 0) KSP residual norm 3.335552e-10
  2 (restart 0) KSP residual norm 2.788724e-10
  3 (restart 0) KSP residual norm 2.557904e-10
  4 (restart 0) KSP residual norm 2.498780e-10
  5 (restart 0) KSP residual norm 2.436657e-10
  6 (restart 0) KSP residual norm 2.425927e-10
  7 (restart 0) KSP residual norm 2.214156e-10
  8 (restart 0) KSP residual norm 1.901244e-10
  9 (restart 0) KSP residual norm 1.236821e-10
 10 (restart 0) KSP residual norm 7.229346e-11
 11 (restart 0) KSP residual norm 4.143226e-11
 12 (restart 0) KSP residual norm 2.846881e-11
 13 (restart 0) KSP residual norm 2.604093e-11
 14 (restart 0) KSP residual norm 2.479804e-11
 15 (restart 0) KSP residual norm 2.400538e-11
 16 (restart 0) KSP residual norm 2.356953e-11
 17 (restart 0) KSP residual norm 2.319360e-11
 18 (restart 0) KSP residual norm 2.307153e-11
 19 (restart 0) KSP residual norm 2.255958e-11
 20 (restart 0) KSP residual norm 2.184764e-11
 21 (restart 0) KSP residual norm 2.054794e-11
 22 (restart 0) KSP residual norm 1.988374e-11
 23 (restart 0) KSP residual norm 1.789378e-11
 24 (restart 0) KSP residual norm 1.711707e-11
 25 (restart 0) KSP residual norm 1.584585e-11
 26 (restart 0) KSP residual norm 1.529429e-11
 27 (restart 0) KSP residual norm 1.459943e-11
 28 (restart 0) KSP residual norm 1.406634e-11
 29 (restart 0) KSP residual norm 1.362492e-11
 30 (restart 0) KSP residual norm 1.335312e-11
 31 (restart 0) KSP residual norm 1.285693e-11
 32 (restart 0) KSP residual norm 1.210991e-11
 33 (restart 0) KSP residual norm 1.134389e-11
 34 (restart 0) KSP residual norm 1.057688e-11
 35 (restart 0) KSP residual norm 9.998084e-12
 36 (restart 0) KSP residual norm 9.658438e-12
 37 (restart 0) KSP residual norm 9.365671e-12
 38 (restart 0) KSP residual norm 9.209793e-12
 39 (restart 0) KSP residual norm 9.193098e-12
 40 (restart 0) KSP residual norm 9.166457e-12
 41 (restart 0) KSP residual norm 8.918491e-12
 42 (restart 0) KSP residual norm 8.494011e-12
 43 (restart 0) KSP residual norm 8.051949e-12
 44 (restart 0) KSP residual norm 7.582682e-12
 45 (restart 0) KSP residual norm 7.280868e-12
 46 (restart 0) KSP residual norm 7.021706e-12
 47 (restart 0) KSP residual norm 6.760766e-12
 48 (restart 0) KSP residual norm 6.655569e-12
 49 (restart 0) KSP residual norm 6.592051e-12
 50 (restart 0) KSP residual norm 6.588452e-12
 51 (restart 0) KSP residual norm 6.575492e-12
 52 (restart 0) KSP residual norm 6.537472e-12
 53 (restart 0) KSP residual norm 6.452455e-12
 54 (restart 0) KSP residual norm 6.345727e-12
 55 (restart 0) KSP residual norm 6.123296e-12
 56 (restart 0) KSP residual norm 5.939788e-12
 57 (restart 0) KSP residual norm 5.703438e-12
 58 (restart 0) KSP residual norm 5.608183e-12
 59 (restart 0) KSP residual norm 5.490335e-12
 60 (restart 0) KSP residual norm 5.386376e-12
 61 (restart 0) KSP residual norm 5.206853e-12
 62 (restart 0) KSP residual norm 5.000702e-12
 63 (restart 0) KSP residual norm 4.773887e-12
 64 (restart 0) KSP residual norm 4.454610e-12
 65 (restart 0) KSP residual norm 4.113468e-12
 66 (restart 0) KSP residual norm 3.775775e-12
 67 (restart 0) KSP residual norm 3.331992e-12
 68 (restart 0) KSP residual norm 2.837740e-12
 69 (restart 0) KSP residual norm 2.380753e-12
 70 (restart 0) KSP residual norm 1.954241e-12
 71 (restart 0) KSP residual norm 1.526112e-12
 72 (restart 0) KSP residual norm 1.138584e-12
 73 (restart 0) KSP residual norm 8.383445e-13
GMRES solver converged in 73 iterations (avg. reduction factor: 9.186e-01)
2 NLEPS (nconv=0, restart=0) residual norm 1.790320e-08
Eigenvalue 0, Quasi-Newton converged in 2 iterations (-1.242e-04+1.010e+01i).
  Residual norms for GMRES solve
  0 (restart 0) KSP residual norm 2.327916e+01
  1 (restart 0) KSP residual norm 2.256891e+01
  2 (restart 0) KSP residual norm 1.678493e+00
  3 (restart 0) KSP residual norm 1.028521e+00
  4 (restart 0) KSP residual norm 9.771970e-01
  5 (restart 0) KSP residual norm 9.321178e-01
  6 (restart 0) KSP residual norm 4.479497e-01
  7 (restart 0) KSP residual norm 2.559000e-01
  8 (restart 0) KSP residual norm 1.760072e-01
  9 (restart 0) KSP residual norm 5.601725e-02
 10 (restart 0) KSP residual norm 3.822455e-02
 11 (restart 0) KSP residual norm 3.718271e-02
 12 (restart 0) KSP residual norm 2.774374e-02
 13 (restart 0) KSP residual norm 2.460793e-02
 14 (restart 0) KSP residual norm 2.300537e-02
 15 (restart 0) KSP residual norm 1.958936e-02
 16 (restart 0) KSP residual norm 1.655914e-02
 17 (restart 0) KSP residual norm 1.602395e-02
 18 (restart 0) KSP residual norm 1.599566e-02
 19 (restart 0) KSP residual norm 1.541681e-02
 20 (restart 0) KSP residual norm 1.537795e-02
 21 (restart 0) KSP residual norm 1.481529e-02
 22 (restart 0) KSP residual norm 1.455132e-02
 23 (restart 0) KSP residual norm 1.449048e-02
 24 (restart 0) KSP residual norm 1.439354e-02
 25 (restart 0) KSP residual norm 1.430119e-02
 26 (restart 0) KSP residual norm 1.398458e-02
 27 (restart 0) KSP residual norm 1.364146e-02
 28 (restart 0) KSP residual norm 1.212622e-02
 29 (restart 0) KSP residual norm 8.562335e-03
 30 (restart 0) KSP residual norm 6.172932e-03
GMRES solver converged in 30 iterations (avg. reduction factor: 7.599e-01)
0 NLEPS (nconv=1, restart=0) residual norm 1.253414e-01
  Residual norms for GMRES solve
  0 (restart 0) KSP residual norm 8.621131e-01
  1 (restart 0) KSP residual norm 7.690050e-01
  2 (restart 0) KSP residual norm 4.258102e-01
  3 (restart 0) KSP residual norm 1.466435e-01
  4 (restart 0) KSP residual norm 1.432186e-01
  5 (restart 0) KSP residual norm 1.360686e-01
  6 (restart 0) KSP residual norm 1.230616e-01
  7 (restart 0) KSP residual norm 9.240847e-02
  8 (restart 0) KSP residual norm 4.035534e-02
  9 (restart 0) KSP residual norm 1.590261e-02
 10 (restart 0) KSP residual norm 5.206493e-03
 11 (restart 0) KSP residual norm 3.828251e-03
 12 (restart 0) KSP residual norm 1.918819e-03
 13 (restart 0) KSP residual norm 1.468568e-03
 14 (restart 0) KSP residual norm 5.662521e-04
 15 (restart 0) KSP residual norm 2.506918e-04
GMRES solver converged in 15 iterations (avg. reduction factor: 5.811e-01)
1 NLEPS (nconv=1, restart=0) residual norm 1.688673e-02
  Residual norms for GMRES solve
  0 (restart 0) KSP residual norm 9.745720e-04
  1 (restart 0) KSP residual norm 9.589923e-04
  2 (restart 0) KSP residual norm 9.353341e-04
  3 (restart 0) KSP residual norm 9.065015e-04
  4 (restart 0) KSP residual norm 8.119937e-04
  5 (restart 0) KSP residual norm 5.941765e-04
  6 (restart 0) KSP residual norm 4.689373e-04
  7 (restart 0) KSP residual norm 4.663003e-04
  8 (restart 0) KSP residual norm 3.843488e-04
  9 (restart 0) KSP residual norm 3.314954e-04
 10 (restart 0) KSP residual norm 1.721369e-04
 11 (restart 0) KSP residual norm 1.201238e-04
 12 (restart 0) KSP residual norm 1.123436e-04
 13 (restart 0) KSP residual norm 9.165024e-05
 14 (restart 0) KSP residual norm 7.664672e-05
 15 (restart 0) KSP residual norm 4.829889e-05
 16 (restart 0) KSP residual norm 4.105549e-05
 17 (restart 0) KSP residual norm 2.452383e-05
 18 (restart 0) KSP residual norm 2.007219e-05
 19 (restart 0) KSP residual norm 9.311441e-06
 20 (restart 0) KSP residual norm 5.057717e-06
 21 (restart 0) KSP residual norm 2.125583e-06
 22 (restart 0) KSP residual norm 1.290874e-06
 23 (restart 0) KSP residual norm 1.039261e-06
 24 (restart 0) KSP residual norm 6.064938e-07
 25 (restart 0) KSP residual norm 3.462796e-07
 26 (restart 0) KSP residual norm 2.514287e-07
GMRES solver converged in 26 iterations (avg. reduction factor: 7.278e-01)
2 NLEPS (nconv=1, restart=0) residual norm 2.768827e-04
  Residual norms for GMRES solve
  0 (restart 0) KSP residual norm 1.500895e-05
  1 (restart 0) KSP residual norm 1.172394e-06
  2 (restart 0) KSP residual norm 1.142064e-06
  3 (restart 0) KSP residual norm 9.970448e-07
  4 (restart 0) KSP residual norm 5.561018e-07
  5 (restart 0) KSP residual norm 4.885298e-07
  6 (restart 0) KSP residual norm 4.559135e-07
  7 (restart 0) KSP residual norm 3.596635e-07
  8 (restart 0) KSP residual norm 3.298360e-07
  9 (restart 0) KSP residual norm 2.875250e-07
 10 (restart 0) KSP residual norm 2.302547e-07
 11 (restart 0) KSP residual norm 1.405162e-07
 12 (restart 0) KSP residual norm 1.009923e-07
 13 (restart 0) KSP residual norm 8.917540e-08
 14 (restart 0) KSP residual norm 6.521059e-08
 15 (restart 0) KSP residual norm 3.919255e-08
 16 (restart 0) KSP residual norm 2.978108e-08
 17 (restart 0) KSP residual norm 2.516839e-08
 18 (restart 0) KSP residual norm 2.256003e-08
 19 (restart 0) KSP residual norm 1.728865e-08
 20 (restart 0) KSP residual norm 1.383575e-08
 21 (restart 0) KSP residual norm 1.183688e-08
 22 (restart 0) KSP residual norm 8.719602e-09
 23 (restart 0) KSP residual norm 6.293374e-09
 24 (restart 0) KSP residual norm 5.469979e-09
 25 (restart 0) KSP residual norm 4.202837e-09
 26 (restart 0) KSP residual norm 3.107146e-09
GMRES solver converged in 26 iterations (avg. reduction factor: 7.216e-01)
3 NLEPS (nconv=1, restart=0) residual norm 2.090798e-05
  Residual norms for GMRES solve
  0 (restart 0) KSP residual norm 6.222573e-09
  1 (restart 0) KSP residual norm 5.738300e-09
  2 (restart 0) KSP residual norm 5.710766e-09
  3 (restart 0) KSP residual norm 4.849483e-09
  4 (restart 0) KSP residual norm 3.616727e-09
  5 (restart 0) KSP residual norm 2.986433e-09
  6 (restart 0) KSP residual norm 2.668935e-09
  7 (restart 0) KSP residual norm 2.567570e-09
  8 (restart 0) KSP residual norm 2.504517e-09
  9 (restart 0) KSP residual norm 2.241137e-09
 10 (restart 0) KSP residual norm 2.132577e-09
 11 (restart 0) KSP residual norm 1.862724e-09
 12 (restart 0) KSP residual norm 1.530142e-09
 13 (restart 0) KSP residual norm 1.306060e-09
 14 (restart 0) KSP residual norm 9.478032e-10
 15 (restart 0) KSP residual norm 7.595378e-10
 16 (restart 0) KSP residual norm 6.607956e-10
 17 (restart 0) KSP residual norm 5.071842e-10
 18 (restart 0) KSP residual norm 4.514804e-10
 19 (restart 0) KSP residual norm 3.791630e-10
 20 (restart 0) KSP residual norm 3.460612e-10
 21 (restart 0) KSP residual norm 2.954992e-10
 22 (restart 0) KSP residual norm 2.497782e-10
 23 (restart 0) KSP residual norm 2.132137e-10
 24 (restart 0) KSP residual norm 1.677247e-10
 25 (restart 0) KSP residual norm 1.288892e-10
 26 (restart 0) KSP residual norm 1.220755e-10
 27 (restart 0) KSP residual norm 1.062711e-10
 28 (restart 0) KSP residual norm 1.011913e-10
 29 (restart 0) KSP residual norm 9.431998e-11
 30 (restart 0) KSP residual norm 8.585206e-11
 31 (restart 0) KSP residual norm 7.484904e-11
 32 (restart 0) KSP residual norm 7.176008e-11
 33 (restart 0) KSP residual norm 6.898490e-11
 34 (restart 0) KSP residual norm 6.604478e-11
 35 (restart 0) KSP residual norm 6.551223e-11
 36 (restart 0) KSP residual norm 6.473671e-11
 37 (restart 0) KSP residual norm 6.419302e-11
 38 (restart 0) KSP residual norm 6.415073e-11
 39 (restart 0) KSP residual norm 6.356531e-11
 40 (restart 0) KSP residual norm 6.347755e-11
 41 (restart 0) KSP residual norm 6.336432e-11
 42 (restart 0) KSP residual norm 6.310967e-11
 43 (restart 0) KSP residual norm 6.206718e-11
 44 (restart 0) KSP residual norm 6.181712e-11
 45 (restart 0) KSP residual norm 6.147223e-11
 46 (restart 0) KSP residual norm 6.105902e-11
 47 (restart 0) KSP residual norm 6.092552e-11
 48 (restart 0) KSP residual norm 6.014426e-11
 49 (restart 0) KSP residual norm 5.996461e-11
 50 (restart 0) KSP residual norm 5.954825e-11
 51 (restart 0) KSP residual norm 5.857340e-11
 52 (restart 0) KSP residual norm 5.771767e-11
 53 (restart 0) KSP residual norm 5.709817e-11
 54 (restart 0) KSP residual norm 5.539664e-11
 55 (restart 0) KSP residual norm 5.254453e-11
 56 (restart 0) KSP residual norm 5.106353e-11
 57 (restart 0) KSP residual norm 4.793965e-11
 58 (restart 0) KSP residual norm 4.463811e-11
 59 (restart 0) KSP residual norm 4.082183e-11
 60 (restart 0) KSP residual norm 3.628088e-11
 61 (restart 0) KSP residual norm 3.126768e-11
 62 (restart 0) KSP residual norm 2.640931e-11
 63 (restart 0) KSP residual norm 2.110031e-11
 64 (restart 0) KSP residual norm 1.722946e-11
 65 (restart 0) KSP residual norm 1.380262e-11
 66 (restart 0) KSP residual norm 1.052529e-11
 67 (restart 0) KSP residual norm 7.709695e-12
 68 (restart 0) KSP residual norm 5.733308e-12
 69 (restart 0) KSP residual norm 4.507194e-12
 70 (restart 0) KSP residual norm 3.652915e-12
 71 (restart 0) KSP residual norm 2.978394e-12
 72 (restart 0) KSP residual norm 2.433898e-12
 73 (restart 0) KSP residual norm 1.951693e-12
 74 (restart 0) KSP residual norm 1.539905e-12
 75 (restart 0) KSP residual norm 1.199794e-12
 76 (restart 0) KSP residual norm 9.360180e-13
GMRES solver converged in 76 iterations (avg. reduction factor: 8.906e-01)
4 NLEPS (nconv=1, restart=0) residual norm 1.062746e-08
Eigenvalue 1, Quasi-Newton converged in 4 iterations (-3.332e-04+1.075e+01i).
  Residual norms for GMRES solve
  0 (restart 0) KSP residual norm 1.984721e+01
  1 (restart 0) KSP residual norm 1.682283e+00
  2 (restart 0) KSP residual norm 1.680101e+00
  3 (restart 0) KSP residual norm 9.540905e-01
  4 (restart 0) KSP residual norm 6.898671e-01
  5 (restart 0) KSP residual norm 4.565772e-01
  6 (restart 0) KSP residual norm 4.530486e-01
  7 (restart 0) KSP residual norm 3.083445e-01
  8 (restart 0) KSP residual norm 2.524147e-01
  9 (restart 0) KSP residual norm 2.485158e-01
 10 (restart 0) KSP residual norm 1.708795e-01
 11 (restart 0) KSP residual norm 8.145060e-02
 12 (restart 0) KSP residual norm 6.574944e-02
 13 (restart 0) KSP residual norm 3.395025e-02
 14 (restart 0) KSP residual norm 8.579253e-03
 15 (restart 0) KSP residual norm 7.101072e-03
 16 (restart 0) KSP residual norm 4.708163e-03
GMRES solver converged in 16 iterations (avg. reduction factor: 5.935e-01)
0 NLEPS (nconv=2, restart=0) residual norm 1.099608e-01
  Residual norms for GMRES solve
  0 (restart 0) KSP residual norm 1.072375e+00
  1 (restart 0) KSP residual norm 9.526982e-01
  2 (restart 0) KSP residual norm 9.465829e-01
  3 (restart 0) KSP residual norm 7.735364e-01
  4 (restart 0) KSP residual norm 6.673512e-01
  5 (restart 0) KSP residual norm 4.522041e-01
  6 (restart 0) KSP residual norm 3.220797e-01
  7 (restart 0) KSP residual norm 1.989928e-01
  8 (restart 0) KSP residual norm 1.913546e-01
  9 (restart 0) KSP residual norm 1.247786e-01
 10 (restart 0) KSP residual norm 4.359853e-02
 11 (restart 0) KSP residual norm 2.555826e-02
 12 (restart 0) KSP residual norm 1.385044e-02
 13 (restart 0) KSP residual norm 9.951213e-03
 14 (restart 0) KSP residual norm 9.453939e-03
 15 (restart 0) KSP residual norm 9.425742e-03
 16 (restart 0) KSP residual norm 8.948098e-03
 17 (restart 0) KSP residual norm 8.945613e-03
 18 (restart 0) KSP residual norm 8.596303e-03
 19 (restart 0) KSP residual norm 8.591347e-03
 20 (restart 0) KSP residual norm 8.544962e-03
 21 (restart 0) KSP residual norm 8.529670e-03
 22 (restart 0) KSP residual norm 8.523939e-03
 23 (restart 0) KSP residual norm 8.517219e-03
 24 (restart 0) KSP residual norm 8.374664e-03
 25 (restart 0) KSP residual norm 8.336460e-03
 26 (restart 0) KSP residual norm 8.335999e-03
 27 (restart 0) KSP residual norm 8.334978e-03
 28 (restart 0) KSP residual norm 8.334459e-03
 29 (restart 0) KSP residual norm 8.298313e-03
 30 (restart 0) KSP residual norm 8.297564e-03
 31 (restart 0) KSP residual norm 8.296495e-03
 32 (restart 0) KSP residual norm 8.264414e-03
 33 (restart 0) KSP residual norm 8.247433e-03
 34 (restart 0) KSP residual norm 8.193923e-03
 35 (restart 0) KSP residual norm 8.058142e-03
 36 (restart 0) KSP residual norm 7.742439e-03
 37 (restart 0) KSP residual norm 7.136004e-03
 38 (restart 0) KSP residual norm 6.596803e-03
 39 (restart 0) KSP residual norm 5.686242e-03
 40 (restart 0) KSP residual norm 4.916906e-03
 41 (restart 0) KSP residual norm 4.093400e-03
 42 (restart 0) KSP residual norm 3.492919e-03
 43 (restart 0) KSP residual norm 2.791380e-03
 44 (restart 0) KSP residual norm 2.162239e-03
 45 (restart 0) KSP residual norm 1.648022e-03
 46 (restart 0) KSP residual norm 1.347772e-03
 47 (restart 0) KSP residual norm 1.108595e-03
 48 (restart 0) KSP residual norm 8.662885e-04
 49 (restart 0) KSP residual norm 7.029307e-04
 50 (restart 0) KSP residual norm 5.649303e-04
 51 (restart 0) KSP residual norm 4.796909e-04
 52 (restart 0) KSP residual norm 3.761032e-04
 53 (restart 0) KSP residual norm 2.866924e-04
GMRES solver converged in 53 iterations (avg. reduction factor: 8.562e-01)
1 NLEPS (nconv=2, restart=0) residual norm 9.458370e-03
  Residual norms for GMRES solve
  0 (restart 0) KSP residual norm 2.190597e-07
  1 (restart 0) KSP residual norm 2.183898e-07
  2 (restart 0) KSP residual norm 2.058355e-07
  3 (restart 0) KSP residual norm 1.960047e-07
  4 (restart 0) KSP residual norm 1.465315e-07
  5 (restart 0) KSP residual norm 1.331521e-07
  6 (restart 0) KSP residual norm 8.965212e-08
  7 (restart 0) KSP residual norm 7.567490e-08
  8 (restart 0) KSP residual norm 5.912221e-08
  9 (restart 0) KSP residual norm 3.663422e-08
 10 (restart 0) KSP residual norm 1.908742e-08
 11 (restart 0) KSP residual norm 1.557282e-08
 12 (restart 0) KSP residual norm 1.311010e-08
 13 (restart 0) KSP residual norm 1.216645e-08
 14 (restart 0) KSP residual norm 1.122674e-08
 15 (restart 0) KSP residual norm 1.025751e-08
 16 (restart 0) KSP residual norm 9.705027e-09
 17 (restart 0) KSP residual norm 8.683007e-09
 18 (restart 0) KSP residual norm 7.127880e-09
 19 (restart 0) KSP residual norm 6.863043e-09
 20 (restart 0) KSP residual norm 6.078196e-09
 21 (restart 0) KSP residual norm 5.280061e-09
 22 (restart 0) KSP residual norm 4.614912e-09
 23 (restart 0) KSP residual norm 4.006736e-09
 24 (restart 0) KSP residual norm 3.901981e-09
 25 (restart 0) KSP residual norm 3.718533e-09
 26 (restart 0) KSP residual norm 3.552587e-09
 27 (restart 0) KSP residual norm 3.383082e-09
 28 (restart 0) KSP residual norm 3.362579e-09
 29 (restart 0) KSP residual norm 3.195754e-09
 30 (restart 0) KSP residual norm 3.135774e-09
 31 (restart 0) KSP residual norm 3.083324e-09
 32 (restart 0) KSP residual norm 3.037707e-09
 33 (restart 0) KSP residual norm 2.996428e-09
 34 (restart 0) KSP residual norm 2.922288e-09
 35 (restart 0) KSP residual norm 2.907100e-09
 36 (restart 0) KSP residual norm 2.817441e-09
 37 (restart 0) KSP residual norm 2.771906e-09
 38 (restart 0) KSP residual norm 2.687881e-09
 39 (restart 0) KSP residual norm 2.669083e-09
 40 (restart 0) KSP residual norm 2.625282e-09
 41 (restart 0) KSP residual norm 2.621282e-09
 42 (restart 0) KSP residual norm 2.616989e-09
 43 (restart 0) KSP residual norm 2.599879e-09
 44 (restart 0) KSP residual norm 2.598677e-09
 45 (restart 0) KSP residual norm 2.580242e-09
 46 (restart 0) KSP residual norm 2.572906e-09
 47 (restart 0) KSP residual norm 2.567954e-09
 48 (restart 0) KSP residual norm 2.551959e-09
 49 (restart 0) KSP residual norm 2.549982e-09
 50 (restart 0) KSP residual norm 2.543329e-09
 51 (restart 0) KSP residual norm 2.540506e-09
 52 (restart 0) KSP residual norm 2.534244e-09
 53 (restart 0) KSP residual norm 2.532349e-09
 54 (restart 0) KSP residual norm 2.526134e-09
 55 (restart 0) KSP residual norm 2.524132e-09
 56 (restart 0) KSP residual norm 2.523259e-09
 57 (restart 0) KSP residual norm 2.515861e-09
 58 (restart 0) KSP residual norm 2.515250e-09
 59 (restart 0) KSP residual norm 2.510119e-09
 60 (restart 0) KSP residual norm 2.503060e-09
 61 (restart 0) KSP residual norm 2.489380e-09
 62 (restart 0) KSP residual norm 2.462042e-09
 63 (restart 0) KSP residual norm 2.430346e-09
 64 (restart 0) KSP residual norm 2.355643e-09
 65 (restart 0) KSP residual norm 2.305212e-09
 66 (restart 0) KSP residual norm 2.181761e-09
 67 (restart 0) KSP residual norm 2.016137e-09
 68 (restart 0) KSP residual norm 1.839153e-09
 69 (restart 0) KSP residual norm 1.634471e-09
 70 (restart 0) KSP residual norm 1.460445e-09
 71 (restart 0) KSP residual norm 1.286968e-09
 72 (restart 0) KSP residual norm 1.105587e-09
 73 (restart 0) KSP residual norm 9.377581e-10
 74 (restart 0) KSP residual norm 7.916240e-10
 75 (restart 0) KSP residual norm 6.671037e-10
 76 (restart 0) KSP residual norm 5.399906e-10
 77 (restart 0) KSP residual norm 4.379000e-10
 78 (restart 0) KSP residual norm 3.575331e-10
 79 (restart 0) KSP residual norm 2.883797e-10
 80 (restart 0) KSP residual norm 2.309816e-10
 81 (restart 0) KSP residual norm 1.845948e-10
 82 (restart 0) KSP residual norm 1.455555e-10
 83 (restart 0) KSP residual norm 1.169926e-10
 84 (restart 0) KSP residual norm 9.167377e-11
 85 (restart 0) KSP residual norm 7.092372e-11
 86 (restart 0) KSP residual norm 5.552764e-11
GMRES solver converged in 86 iterations (avg. reduction factor: 9.082e-01)
2 NLEPS (nconv=2, restart=0) residual norm 2.318066e-05
  Residual norms for GMRES solve
  0 (restart 0) KSP residual norm 9.279228e-08
  1 (restart 0) KSP residual norm 8.599349e-08
  2 (restart 0) KSP residual norm 8.221067e-08
  3 (restart 0) KSP residual norm 8.132587e-08
  4 (restart 0) KSP residual norm 5.100515e-08
  5 (restart 0) KSP residual norm 4.920361e-08
  6 (restart 0) KSP residual norm 3.065758e-08
  7 (restart 0) KSP residual norm 2.043800e-08
  8 (restart 0) KSP residual norm 1.969686e-08
  9 (restart 0) KSP residual norm 1.290908e-08
 10 (restart 0) KSP residual norm 4.809460e-09
 11 (restart 0) KSP residual norm 3.473698e-09
 12 (restart 0) KSP residual norm 2.207731e-09
 13 (restart 0) KSP residual norm 2.018644e-09
 14 (restart 0) KSP residual norm 1.998178e-09
 15 (restart 0) KSP residual norm 1.982300e-09
 16 (restart 0) KSP residual norm 1.978401e-09
 17 (restart 0) KSP residual norm 1.944299e-09
 18 (restart 0) KSP residual norm 1.935547e-09
 19 (restart 0) KSP residual norm 1.933135e-09
 20 (restart 0) KSP residual norm 1.927766e-09
 21 (restart 0) KSP residual norm 1.881762e-09
 22 (restart 0) KSP residual norm 1.874155e-09
 23 (restart 0) KSP residual norm 1.857165e-09
 24 (restart 0) KSP residual norm 1.849721e-09
 25 (restart 0) KSP residual norm 1.848883e-09
 26 (restart 0) KSP residual norm 1.822732e-09
 27 (restart 0) KSP residual norm 1.800916e-09
 28 (restart 0) KSP residual norm 1.799312e-09
 29 (restart 0) KSP residual norm 1.790776e-09
 30 (restart 0) KSP residual norm 1.788502e-09
 31 (restart 0) KSP residual norm 1.786965e-09
 32 (restart 0) KSP residual norm 1.781537e-09
 33 (restart 0) KSP residual norm 1.778732e-09
 34 (restart 0) KSP residual norm 1.763348e-09
 35 (restart 0) KSP residual norm 1.759255e-09
 36 (restart 0) KSP residual norm 1.755443e-09
 37 (restart 0) KSP residual norm 1.754955e-09
 38 (restart 0) KSP residual norm 1.750280e-09
 39 (restart 0) KSP residual norm 1.750234e-09
 40 (restart 0) KSP residual norm 1.736892e-09
 41 (restart 0) KSP residual norm 1.736011e-09
 42 (restart 0) KSP residual norm 1.731985e-09
 43 (restart 0) KSP residual norm 1.700929e-09
 44 (restart 0) KSP residual norm 1.687529e-09
 45 (restart 0) KSP residual norm 1.649975e-09
 46 (restart 0) KSP residual norm 1.610232e-09
 47 (restart 0) KSP residual norm 1.515676e-09
 48 (restart 0) KSP residual norm 1.471644e-09
 49 (restart 0) KSP residual norm 1.364355e-09
 50 (restart 0) KSP residual norm 1.252868e-09
 51 (restart 0) KSP residual norm 1.130658e-09
 52 (restart 0) KSP residual norm 9.984099e-10
 53 (restart 0) KSP residual norm 8.650204e-10
 54 (restart 0) KSP residual norm 7.285241e-10
 55 (restart 0) KSP residual norm 6.019747e-10
 56 (restart 0) KSP residual norm 4.849595e-10
 57 (restart 0) KSP residual norm 3.910700e-10
 58 (restart 0) KSP residual norm 3.073560e-10
 59 (restart 0) KSP residual norm 2.460897e-10
 60 (restart 0) KSP residual norm 1.999592e-10
 61 (restart 0) KSP residual norm 1.642991e-10
 62 (restart 0) KSP residual norm 1.325713e-10
 63 (restart 0) KSP residual norm 1.046422e-10
 64 (restart 0) KSP residual norm 8.186011e-11
 65 (restart 0) KSP residual norm 6.393857e-11
 66 (restart 0) KSP residual norm 5.036818e-11
 67 (restart 0) KSP residual norm 4.057522e-11
 68 (restart 0) KSP residual norm 3.245970e-11
 69 (restart 0) KSP residual norm 2.642884e-11
 70 (restart 0) KSP residual norm 2.116890e-11
 71 (restart 0) KSP residual norm 1.696880e-11
 72 (restart 0) KSP residual norm 1.325729e-11
 73 (restart 0) KSP residual norm 1.024834e-11
 74 (restart 0) KSP residual norm 8.000964e-12
 75 (restart 0) KSP residual norm 6.283958e-12
 76 (restart 0) KSP residual norm 5.049751e-12
 77 (restart 0) KSP residual norm 4.121834e-12
 78 (restart 0) KSP residual norm 3.307637e-12
 79 (restart 0) KSP residual norm 2.627538e-12
 80 (restart 0) KSP residual norm 2.107435e-12
GMRES solver converged in 80 iterations (avg. reduction factor: 8.749e-01)
3 NLEPS (nconv=2, restart=0) residual norm 4.281379e-08
Eigenvalue 2, Quasi-Newton converged in 3 iterations (-2.630e-04+1.118e+01i).
  Residual norms for GMRES solve
  0 (restart 0) KSP residual norm 1.984494e+01
  1 (restart 0) KSP residual norm 1.673564e+00
  2 (restart 0) KSP residual norm 1.672859e+00
  3 (restart 0) KSP residual norm 9.551355e-01
  4 (restart 0) KSP residual norm 6.803833e-01
  5 (restart 0) KSP residual norm 4.560084e-01
  6 (restart 0) KSP residual norm 4.533574e-01
  7 (restart 0) KSP residual norm 3.101492e-01
  8 (restart 0) KSP residual norm 2.507987e-01
  9 (restart 0) KSP residual norm 2.483574e-01
 10 (restart 0) KSP residual norm 1.762379e-01
 11 (restart 0) KSP residual norm 8.402904e-02
 12 (restart 0) KSP residual norm 6.767668e-02
 13 (restart 0) KSP residual norm 3.576082e-02
 14 (restart 0) KSP residual norm 8.955296e-03
 15 (restart 0) KSP residual norm 7.407097e-03
 16 (restart 0) KSP residual norm 4.985868e-03
GMRES solver converged in 16 iterations (avg. reduction factor: 5.957e-01)
0 NLEPS (nconv=3, restart=0) residual norm 1.385033e-01
  Residual norms for GMRES solve
  0 (restart 0) KSP residual norm 3.788879e+00
  1 (restart 0) KSP residual norm 2.019024e+00
  2 (restart 0) KSP residual norm 1.584345e+00
  3 (restart 0) KSP residual norm 1.492723e+00
  4 (restart 0) KSP residual norm 1.461514e+00
  5 (restart 0) KSP residual norm 1.278905e+00
  6 (restart 0) KSP residual norm 8.211670e-01
  7 (restart 0) KSP residual norm 6.883476e-01
  8 (restart 0) KSP residual norm 2.140583e-01
  9 (restart 0) KSP residual norm 1.163487e-01
 10 (restart 0) KSP residual norm 9.994150e-02
 11 (restart 0) KSP residual norm 9.455570e-02
 12 (restart 0) KSP residual norm 9.253722e-02
 13 (restart 0) KSP residual norm 9.092304e-02
 14 (restart 0) KSP residual norm 8.965417e-02
 15 (restart 0) KSP residual norm 8.530458e-02
 16 (restart 0) KSP residual norm 7.336471e-02
 17 (restart 0) KSP residual norm 6.307280e-02
 18 (restart 0) KSP residual norm 4.141103e-02
 19 (restart 0) KSP residual norm 2.716108e-02
 20 (restart 0) KSP residual norm 2.065965e-02
 21 (restart 0) KSP residual norm 1.578514e-02
 22 (restart 0) KSP residual norm 1.570431e-02
 23 (restart 0) KSP residual norm 1.486958e-02
 24 (restart 0) KSP residual norm 1.464794e-02
 25 (restart 0) KSP residual norm 1.444600e-02
 26 (restart 0) KSP residual norm 1.441576e-02
 27 (restart 0) KSP residual norm 1.438499e-02
 28 (restart 0) KSP residual norm 1.436452e-02
 29 (restart 0) KSP residual norm 1.430372e-02
 30 (restart 0) KSP residual norm 1.419415e-02
 31 (restart 0) KSP residual norm 1.416007e-02
 32 (restart 0) KSP residual norm 1.409821e-02
 33 (restart 0) KSP residual norm 1.403782e-02
 34 (restart 0) KSP residual norm 1.387732e-02
 35 (restart 0) KSP residual norm 1.385878e-02
 36 (restart 0) KSP residual norm 1.367074e-02
 37 (restart 0) KSP residual norm 1.364606e-02
 38 (restart 0) KSP residual norm 1.354682e-02
 39 (restart 0) KSP residual norm 1.333528e-02
 40 (restart 0) KSP residual norm 1.314632e-02
 41 (restart 0) KSP residual norm 1.290960e-02
 42 (restart 0) KSP residual norm 1.250515e-02
 43 (restart 0) KSP residual norm 1.203504e-02
 44 (restart 0) KSP residual norm 1.144246e-02
 45 (restart 0) KSP residual norm 1.025716e-02
 46 (restart 0) KSP residual norm 9.412739e-03
 47 (restart 0) KSP residual norm 8.312302e-03
 48 (restart 0) KSP residual norm 7.138465e-03
 49 (restart 0) KSP residual norm 6.036783e-03
 50 (restart 0) KSP residual norm 4.839012e-03
 51 (restart 0) KSP residual norm 3.936679e-03
 52 (restart 0) KSP residual norm 3.325266e-03
 53 (restart 0) KSP residual norm 2.812778e-03
 54 (restart 0) KSP residual norm 2.354839e-03
 55 (restart 0) KSP residual norm 1.956110e-03
 56 (restart 0) KSP residual norm 1.623024e-03
 57 (restart 0) KSP residual norm 1.335072e-03
 58 (restart 0) KSP residual norm 1.051871e-03
GMRES solver converged in 58 iterations (avg. reduction factor: 8.683e-01)
1 NLEPS (nconv=3, restart=0) residual norm 1.758284e-02
  Residual norms for GMRES solve
  0 (restart 0) KSP residual norm 7.615351e-07
  1 (restart 0) KSP residual norm 3.851619e-07
  2 (restart 0) KSP residual norm 3.358742e-07
  3 (restart 0) KSP residual norm 3.296906e-07
  4 (restart 0) KSP residual norm 2.773713e-07
  5 (restart 0) KSP residual norm 2.449817e-07
  6 (restart 0) KSP residual norm 2.100434e-07
  7 (restart 0) KSP residual norm 1.779136e-07
  8 (restart 0) KSP residual norm 9.904799e-08
  9 (restart 0) KSP residual norm 5.987896e-08
 10 (restart 0) KSP residual norm 4.444110e-08
 11 (restart 0) KSP residual norm 4.054237e-08
 12 (restart 0) KSP residual norm 3.564057e-08
 13 (restart 0) KSP residual norm 3.248976e-08
 14 (restart 0) KSP residual norm 2.959267e-08
 15 (restart 0) KSP residual norm 2.830453e-08
 16 (restart 0) KSP residual norm 2.756521e-08
 17 (restart 0) KSP residual norm 2.460399e-08
 18 (restart 0) KSP residual norm 2.297378e-08
 19 (restart 0) KSP residual norm 2.262288e-08
 20 (restart 0) KSP residual norm 2.153755e-08
 21 (restart 0) KSP residual norm 2.083401e-08
 22 (restart 0) KSP residual norm 2.082880e-08
 23 (restart 0) KSP residual norm 2.042454e-08
 24 (restart 0) KSP residual norm 2.039066e-08
 25 (restart 0) KSP residual norm 2.026304e-08
 26 (restart 0) KSP residual norm 2.021602e-08
 27 (restart 0) KSP residual norm 1.998998e-08
 28 (restart 0) KSP residual norm 1.946143e-08
 29 (restart 0) KSP residual norm 1.879664e-08
 30 (restart 0) KSP residual norm 1.834245e-08
 31 (restart 0) KSP residual norm 1.748487e-08
 32 (restart 0) KSP residual norm 1.721335e-08
 33 (restart 0) KSP residual norm 1.610955e-08
 34 (restart 0) KSP residual norm 1.582890e-08
 35 (restart 0) KSP residual norm 1.507570e-08
 36 (restart 0) KSP residual norm 1.462499e-08
 37 (restart 0) KSP residual norm 1.422676e-08
 38 (restart 0) KSP residual norm 1.407191e-08
 39 (restart 0) KSP residual norm 1.385965e-08
 40 (restart 0) KSP residual norm 1.375286e-08
 41 (restart 0) KSP residual norm 1.372564e-08
 42 (restart 0) KSP residual norm 1.367709e-08
 43 (restart 0) KSP residual norm 1.355542e-08
 44 (restart 0) KSP residual norm 1.351166e-08
 45 (restart 0) KSP residual norm 1.348478e-08
 46 (restart 0) KSP residual norm 1.346231e-08
 47 (restart 0) KSP residual norm 1.342034e-08
 48 (restart 0) KSP residual norm 1.341424e-08
 49 (restart 0) KSP residual norm 1.339970e-08
 50 (restart 0) KSP residual norm 1.338217e-08
 51 (restart 0) KSP residual norm 1.337457e-08
 52 (restart 0) KSP residual norm 1.330161e-08
 53 (restart 0) KSP residual norm 1.330104e-08
 54 (restart 0) KSP residual norm 1.327239e-08
 55 (restart 0) KSP residual norm 1.323204e-08
 56 (restart 0) KSP residual norm 1.316646e-08
 57 (restart 0) KSP residual norm 1.313136e-08
 58 (restart 0) KSP residual norm 1.302304e-08
 59 (restart 0) KSP residual norm 1.300893e-08
 60 (restart 0) KSP residual norm 1.279462e-08
 61 (restart 0) KSP residual norm 1.259595e-08
 62 (restart 0) KSP residual norm 1.227678e-08
 63 (restart 0) KSP residual norm 1.192391e-08
 64 (restart 0) KSP residual norm 1.132385e-08
 65 (restart 0) KSP residual norm 1.059589e-08
 66 (restart 0) KSP residual norm 9.480340e-09
 67 (restart 0) KSP residual norm 8.386308e-09
 68 (restart 0) KSP residual norm 7.115985e-09
 69 (restart 0) KSP residual norm 5.898069e-09
 70 (restart 0) KSP residual norm 4.823886e-09
 71 (restart 0) KSP residual norm 4.057172e-09
 72 (restart 0) KSP residual norm 3.253605e-09
 73 (restart 0) KSP residual norm 2.543086e-09
 74 (restart 0) KSP residual norm 1.919395e-09
 75 (restart 0) KSP residual norm 1.442654e-09
 76 (restart 0) KSP residual norm 1.106672e-09
 77 (restart 0) KSP residual norm 8.691213e-10
 78 (restart 0) KSP residual norm 6.895976e-10
 79 (restart 0) KSP residual norm 5.232392e-10
 80 (restart 0) KSP residual norm 4.106270e-10
 81 (restart 0) KSP residual norm 3.279736e-10
 82 (restart 0) KSP residual norm 2.679390e-10
 83 (restart 0) KSP residual norm 2.202390e-10
GMRES solver converged in 83 iterations (avg. reduction factor: 9.065e-01)
2 NLEPS (nconv=3, restart=0) residual norm 8.072649e-05
  Residual norms for GMRES solve
  0 (restart 0) KSP residual norm 6.728711e-07
  1 (restart 0) KSP residual norm 3.287802e-07
  2 (restart 0) KSP residual norm 3.262196e-07
  3 (restart 0) KSP residual norm 1.993911e-07
  4 (restart 0) KSP residual norm 1.225285e-07
  5 (restart 0) KSP residual norm 7.974072e-08
  6 (restart 0) KSP residual norm 5.758399e-08
  7 (restart 0) KSP residual norm 5.716767e-08
  8 (restart 0) KSP residual norm 5.275374e-08
  9 (restart 0) KSP residual norm 2.998283e-08
 10 (restart 0) KSP residual norm 1.901634e-08
 11 (restart 0) KSP residual norm 1.819684e-08
 12 (restart 0) KSP residual norm 1.608745e-08
 13 (restart 0) KSP residual norm 1.498699e-08
 14 (restart 0) KSP residual norm 1.443699e-08
 15 (restart 0) KSP residual norm 1.424375e-08
 16 (restart 0) KSP residual norm 1.417300e-08
 17 (restart 0) KSP residual norm 1.409052e-08
 18 (restart 0) KSP residual norm 1.395519e-08
 19 (restart 0) KSP residual norm 1.391431e-08
 20 (restart 0) KSP residual norm 1.388944e-08
 21 (restart 0) KSP residual norm 1.388413e-08
 22 (restart 0) KSP residual norm 1.384309e-08
 23 (restart 0) KSP residual norm 1.356536e-08
 24 (restart 0) KSP residual norm 1.339500e-08
 25 (restart 0) KSP residual norm 1.308120e-08
 26 (restart 0) KSP residual norm 1.281126e-08
 27 (restart 0) KSP residual norm 1.280945e-08
 28 (restart 0) KSP residual norm 1.279239e-08
 29 (restart 0) KSP residual norm 1.273557e-08
 30 (restart 0) KSP residual norm 1.273405e-08
 31 (restart 0) KSP residual norm 1.255594e-08
 32 (restart 0) KSP residual norm 1.246186e-08
 33 (restart 0) KSP residual norm 1.244317e-08
 34 (restart 0) KSP residual norm 1.242094e-08
 35 (restart 0) KSP residual norm 1.241129e-08
 36 (restart 0) KSP residual norm 1.236498e-08
 37 (restart 0) KSP residual norm 1.236408e-08
 38 (restart 0) KSP residual norm 1.234249e-08
 39 (restart 0) KSP residual norm 1.230364e-08
 40 (restart 0) KSP residual norm 1.228557e-08
 41 (restart 0) KSP residual norm 1.215093e-08
 42 (restart 0) KSP residual norm 1.209658e-08
 43 (restart 0) KSP residual norm 1.200411e-08
 44 (restart 0) KSP residual norm 1.192963e-08
 45 (restart 0) KSP residual norm 1.153712e-08
 46 (restart 0) KSP residual norm 1.144233e-08
 47 (restart 0) KSP residual norm 1.070572e-08
 48 (restart 0) KSP residual norm 1.022348e-08
 49 (restart 0) KSP residual norm 9.543933e-09
 50 (restart 0) KSP residual norm 8.716011e-09
 51 (restart 0) KSP residual norm 7.666211e-09
 52 (restart 0) KSP residual norm 6.340461e-09
 53 (restart 0) KSP residual norm 5.077815e-09
 54 (restart 0) KSP residual norm 4.086442e-09
 55 (restart 0) KSP residual norm 3.201934e-09
 56 (restart 0) KSP residual norm 2.502928e-09
 57 (restart 0) KSP residual norm 1.905995e-09
 58 (restart 0) KSP residual norm 1.455447e-09
 59 (restart 0) KSP residual norm 1.134009e-09
 60 (restart 0) KSP residual norm 8.635841e-10
 61 (restart 0) KSP residual norm 6.695656e-10
 62 (restart 0) KSP residual norm 5.032060e-10
 63 (restart 0) KSP residual norm 3.983313e-10
 64 (restart 0) KSP residual norm 3.130291e-10
 65 (restart 0) KSP residual norm 2.557604e-10
 66 (restart 0) KSP residual norm 2.100675e-10
 67 (restart 0) KSP residual norm 1.735127e-10
 68 (restart 0) KSP residual norm 1.468015e-10
 69 (restart 0) KSP residual norm 1.237901e-10
 70 (restart 0) KSP residual norm 1.039747e-10
 71 (restart 0) KSP residual norm 8.726940e-11
 72 (restart 0) KSP residual norm 7.302967e-11
 73 (restart 0) KSP residual norm 6.106904e-11
 74 (restart 0) KSP residual norm 5.089181e-11
GMRES solver converged in 74 iterations (avg. reduction factor: 8.796e-01)
3 NLEPS (nconv=3, restart=0) residual norm 6.363749e-07
  Residual norms for GMRES solve
  0 (restart 0) KSP residual norm 3.560870e-10
  1 (restart 0) KSP residual norm 1.450588e-10
  2 (restart 0) KSP residual norm 8.761723e-11
  3 (restart 0) KSP residual norm 7.419459e-11
  4 (restart 0) KSP residual norm 7.047657e-11
  5 (restart 0) KSP residual norm 6.234058e-11
  6 (restart 0) KSP residual norm 6.114560e-11
  7 (restart 0) KSP residual norm 5.717874e-11
  8 (restart 0) KSP residual norm 5.547826e-11
  9 (restart 0) KSP residual norm 5.162843e-11
 10 (restart 0) KSP residual norm 4.877920e-11
 11 (restart 0) KSP residual norm 4.435160e-11
 12 (restart 0) KSP residual norm 4.066806e-11
 13 (restart 0) KSP residual norm 3.682372e-11
 14 (restart 0) KSP residual norm 3.354813e-11
 15 (restart 0) KSP residual norm 3.169038e-11
 16 (restart 0) KSP residual norm 2.769660e-11
 17 (restart 0) KSP residual norm 2.406553e-11
 18 (restart 0) KSP residual norm 2.225902e-11
 19 (restart 0) KSP residual norm 1.902546e-11
 20 (restart 0) KSP residual norm 1.750252e-11
 21 (restart 0) KSP residual norm 1.617544e-11
 22 (restart 0) KSP residual norm 1.458245e-11
 23 (restart 0) KSP residual norm 1.303487e-11
 24 (restart 0) KSP residual norm 1.234919e-11
 25 (restart 0) KSP residual norm 1.219994e-11
 26 (restart 0) KSP residual norm 1.208249e-11
 27 (restart 0) KSP residual norm 1.204932e-11
 28 (restart 0) KSP residual norm 1.194230e-11
 29 (restart 0) KSP residual norm 1.186378e-11
 30 (restart 0) KSP residual norm 1.156962e-11
 31 (restart 0) KSP residual norm 1.124512e-11
 32 (restart 0) KSP residual norm 1.080759e-11
 33 (restart 0) KSP residual norm 1.022504e-11
 34 (restart 0) KSP residual norm 9.436440e-12
 35 (restart 0) KSP residual norm 8.491211e-12
 36 (restart 0) KSP residual norm 7.891849e-12
 37 (restart 0) KSP residual norm 7.037640e-12
 38 (restart 0) KSP residual norm 6.589554e-12
 39 (restart 0) KSP residual norm 6.188618e-12
 40 (restart 0) KSP residual norm 6.044041e-12
 41 (restart 0) KSP residual norm 5.787581e-12
 42 (restart 0) KSP residual norm 5.625252e-12
 43 (restart 0) KSP residual norm 5.544370e-12
 44 (restart 0) KSP residual norm 5.532980e-12
 45 (restart 0) KSP residual norm 5.492579e-12
 46 (restart 0) KSP residual norm 5.471784e-12
 47 (restart 0) KSP residual norm 5.465042e-12
 48 (restart 0) KSP residual norm 5.446403e-12
 49 (restart 0) KSP residual norm 5.438296e-12
 50 (restart 0) KSP residual norm 5.422689e-12
 51 (restart 0) KSP residual norm 5.418468e-12
 52 (restart 0) KSP residual norm 5.418267e-12
 53 (restart 0) KSP residual norm 5.416340e-12
 54 (restart 0) KSP residual norm 5.405179e-12
 55 (restart 0) KSP residual norm 5.400439e-12
 56 (restart 0) KSP residual norm 5.393565e-12
 57 (restart 0) KSP residual norm 5.386430e-12
 58 (restart 0) KSP residual norm 5.384175e-12
 59 (restart 0) KSP residual norm 5.383681e-12
 60 (restart 0) KSP residual norm 5.381946e-12
 61 (restart 0) KSP residual norm 5.379967e-12
 62 (restart 0) KSP residual norm 5.363789e-12
 63 (restart 0) KSP residual norm 5.359421e-12
 64 (restart 0) KSP residual norm 5.330623e-12
 65 (restart 0) KSP residual norm 5.323046e-12
 66 (restart 0) KSP residual norm 5.295629e-12
 67 (restart 0) KSP residual norm 5.274920e-12
 68 (restart 0) KSP residual norm 5.246239e-12
 69 (restart 0) KSP residual norm 5.177216e-12
 70 (restart 0) KSP residual norm 5.077268e-12
 71 (restart 0) KSP residual norm 4.933609e-12
 72 (restart 0) KSP residual norm 4.768148e-12
 73 (restart 0) KSP residual norm 4.523369e-12
 74 (restart 0) KSP residual norm 4.153642e-12
 75 (restart 0) KSP residual norm 3.705371e-12
 76 (restart 0) KSP residual norm 3.174627e-12
 77 (restart 0) KSP residual norm 2.521006e-12
 78 (restart 0) KSP residual norm 1.986451e-12
 79 (restart 0) KSP residual norm 1.552947e-12
 80 (restart 0) KSP residual norm 1.178036e-12
 81 (restart 0) KSP residual norm 8.789903e-13
GMRES solver converged in 81 iterations (avg. reduction factor: 9.286e-01)
4 NLEPS (nconv=3, restart=0) residual norm 1.661127e-08
Eigenvalue 3, Quasi-Newton converged in 4 iterations (-2.635e-04+1.118e+01i).
  Residual norms for GMRES solve
  0 (restart 0) KSP residual norm 1.932326e+01
  1 (restart 0) KSP residual norm 2.611745e+00
  2 (restart 0) KSP residual norm 9.026701e-01
  3 (restart 0) KSP residual norm 2.743980e-01
  4 (restart 0) KSP residual norm 1.680934e-01
  5 (restart 0) KSP residual norm 1.542554e-01
  6 (restart 0) KSP residual norm 1.542331e-01
  7 (restart 0) KSP residual norm 1.464654e-01
  8 (restart 0) KSP residual norm 1.343243e-01
  9 (restart 0) KSP residual norm 1.254966e-01
 10 (restart 0) KSP residual norm 8.904051e-02
 11 (restart 0) KSP residual norm 7.704224e-02
 12 (restart 0) KSP residual norm 7.681423e-02
 13 (restart 0) KSP residual norm 7.652410e-02
 14 (restart 0) KSP residual norm 7.527517e-02
 15 (restart 0) KSP residual norm 6.441779e-02
 16 (restart 0) KSP residual norm 3.303845e-02
 17 (restart 0) KSP residual norm 2.898253e-02
 18 (restart 0) KSP residual norm 2.160969e-02
 19 (restart 0) KSP residual norm 1.246233e-02
 20 (restart 0) KSP residual norm 1.020877e-02
 21 (restart 0) KSP residual norm 1.019604e-02
 22 (restart 0) KSP residual norm 9.880876e-03
 23 (restart 0) KSP residual norm 9.486940e-03
 24 (restart 0) KSP residual norm 8.900071e-03
 25 (restart 0) KSP residual norm 6.496859e-03
 26 (restart 0) KSP residual norm 3.291938e-03
GMRES solver converged in 26 iterations (avg. reduction factor: 7.162e-01)
0 NLEPS (nconv=4, restart=0) residual norm 1.490453e-01
  Residual norms for GMRES solve
  0 (restart 0) KSP residual norm 2.167787e+00
  1 (restart 0) KSP residual norm 1.966214e+00
  2 (restart 0) KSP residual norm 1.027672e+00
  3 (restart 0) KSP residual norm 4.005176e-01
  4 (restart 0) KSP residual norm 2.547180e-01
  5 (restart 0) KSP residual norm 2.378431e-01
  6 (restart 0) KSP residual norm 2.166467e-01
  7 (restart 0) KSP residual norm 2.136938e-01
  8 (restart 0) KSP residual norm 1.918668e-01
  9 (restart 0) KSP residual norm 1.117500e-01
 10 (restart 0) KSP residual norm 8.038824e-02
 11 (restart 0) KSP residual norm 7.867040e-02
 12 (restart 0) KSP residual norm 6.080706e-02
 13 (restart 0) KSP residual norm 2.338509e-02
 14 (restart 0) KSP residual norm 1.528820e-02
 15 (restart 0) KSP residual norm 1.242416e-02
 16 (restart 0) KSP residual norm 9.345253e-03
 17 (restart 0) KSP residual norm 5.813944e-03
 18 (restart 0) KSP residual norm 3.667319e-03
 19 (restart 0) KSP residual norm 3.105809e-03
 20 (restart 0) KSP residual norm 2.661670e-03
 21 (restart 0) KSP residual norm 2.554199e-03
 22 (restart 0) KSP residual norm 2.506045e-03
 23 (restart 0) KSP residual norm 2.336030e-03
 24 (restart 0) KSP residual norm 2.245565e-03
 25 (restart 0) KSP residual norm 2.239342e-03
 26 (restart 0) KSP residual norm 2.238054e-03
 27 (restart 0) KSP residual norm 2.234406e-03
 28 (restart 0) KSP residual norm 2.220166e-03
 29 (restart 0) KSP residual norm 2.196956e-03
 30 (restart 0) KSP residual norm 2.194086e-03
 31 (restart 0) KSP residual norm 2.180978e-03
 32 (restart 0) KSP residual norm 2.176759e-03
 33 (restart 0) KSP residual norm 2.174972e-03
 34 (restart 0) KSP residual norm 2.142003e-03
 35 (restart 0) KSP residual norm 2.136844e-03
 36 (restart 0) KSP residual norm 2.136179e-03
 37 (restart 0) KSP residual norm 2.123095e-03
 38 (restart 0) KSP residual norm 2.079063e-03
 39 (restart 0) KSP residual norm 2.061303e-03
 40 (restart 0) KSP residual norm 2.032744e-03
 41 (restart 0) KSP residual norm 1.994752e-03
 42 (restart 0) KSP residual norm 1.987904e-03
 43 (restart 0) KSP residual norm 1.894558e-03
 44 (restart 0) KSP residual norm 1.774051e-03
 45 (restart 0) KSP residual norm 1.644876e-03
 46 (restart 0) KSP residual norm 1.467525e-03
 47 (restart 0) KSP residual norm 1.212478e-03
 48 (restart 0) KSP residual norm 1.016573e-03
 49 (restart 0) KSP residual norm 8.037481e-04
 50 (restart 0) KSP residual norm 6.317528e-04
GMRES solver converged in 50 iterations (avg. reduction factor: 8.497e-01)
1 NLEPS (nconv=4, restart=0) residual norm 4.451372e-03
  Residual norms for GMRES solve
  0 (restart 0) KSP residual norm 8.088930e-07
  1 (restart 0) KSP residual norm 7.989417e-07
  2 (restart 0) KSP residual norm 7.890979e-07
  3 (restart 0) KSP residual norm 7.630946e-07
  4 (restart 0) KSP residual norm 7.085488e-07
  5 (restart 0) KSP residual norm 7.056087e-07
  6 (restart 0) KSP residual norm 6.957435e-07
  7 (restart 0) KSP residual norm 6.422892e-07
  8 (restart 0) KSP residual norm 6.181630e-07
  9 (restart 0) KSP residual norm 4.932759e-07
 10 (restart 0) KSP residual norm 4.338451e-07
 11 (restart 0) KSP residual norm 4.010076e-07
 12 (restart 0) KSP residual norm 3.663528e-07
 13 (restart 0) KSP residual norm 3.369206e-07
 14 (restart 0) KSP residual norm 3.335124e-07
 15 (restart 0) KSP residual norm 3.313540e-07
 16 (restart 0) KSP residual norm 3.271285e-07
 17 (restart 0) KSP residual norm 3.062682e-07
 18 (restart 0) KSP residual norm 2.368006e-07
 19 (restart 0) KSP residual norm 1.399025e-07
 20 (restart 0) KSP residual norm 1.357739e-07
 21 (restart 0) KSP residual norm 1.179356e-07
 22 (restart 0) KSP residual norm 1.016035e-07
 23 (restart 0) KSP residual norm 9.154138e-08
 24 (restart 0) KSP residual norm 9.022855e-08
 25 (restart 0) KSP residual norm 8.750845e-08
 26 (restart 0) KSP residual norm 8.181568e-08
 27 (restart 0) KSP residual norm 7.724643e-08
 28 (restart 0) KSP residual norm 7.504640e-08
 29 (restart 0) KSP residual norm 7.166877e-08
 30 (restart 0) KSP residual norm 6.913351e-08
 31 (restart 0) KSP residual norm 6.632827e-08
 32 (restart 0) KSP residual norm 6.281756e-08
 33 (restart 0) KSP residual norm 5.156218e-08
 34 (restart 0) KSP residual norm 4.634640e-08
 35 (restart 0) KSP residual norm 4.299086e-08
 36 (restart 0) KSP residual norm 3.811944e-08
 37 (restart 0) KSP residual norm 3.180468e-08
 38 (restart 0) KSP residual norm 2.642289e-08
 39 (restart 0) KSP residual norm 2.203074e-08
 40 (restart 0) KSP residual norm 1.825685e-08
 41 (restart 0) KSP residual norm 1.643978e-08
 42 (restart 0) KSP residual norm 1.499209e-08
 43 (restart 0) KSP residual norm 1.386050e-08
 44 (restart 0) KSP residual norm 1.269847e-08
 45 (restart 0) KSP residual norm 1.173916e-08
 46 (restart 0) KSP residual norm 1.043304e-08
 47 (restart 0) KSP residual norm 8.891453e-09
 48 (restart 0) KSP residual norm 7.641782e-09
 49 (restart 0) KSP residual norm 6.515787e-09
 50 (restart 0) KSP residual norm 5.582238e-09
 51 (restart 0) KSP residual norm 4.685928e-09
 52 (restart 0) KSP residual norm 3.906287e-09
 53 (restart 0) KSP residual norm 3.424809e-09
 54 (restart 0) KSP residual norm 2.914335e-09
 55 (restart 0) KSP residual norm 2.697841e-09
 56 (restart 0) KSP residual norm 2.521610e-09
 57 (restart 0) KSP residual norm 2.365351e-09
 58 (restart 0) KSP residual norm 2.227363e-09
 59 (restart 0) KSP residual norm 2.134384e-09
 60 (restart 0) KSP residual norm 2.035371e-09
 61 (restart 0) KSP residual norm 1.989640e-09
 62 (restart 0) KSP residual norm 1.946160e-09
 63 (restart 0) KSP residual norm 1.923292e-09
 64 (restart 0) KSP residual norm 1.920648e-09
 65 (restart 0) KSP residual norm 1.917043e-09
 66 (restart 0) KSP residual norm 1.910290e-09
 67 (restart 0) KSP residual norm 1.905749e-09
 68 (restart 0) KSP residual norm 1.898357e-09
 69 (restart 0) KSP residual norm 1.897871e-09
 70 (restart 0) KSP residual norm 1.880892e-09
 71 (restart 0) KSP residual norm 1.860896e-09
 72 (restart 0) KSP residual norm 1.812184e-09
 73 (restart 0) KSP residual norm 1.761967e-09
 74 (restart 0) KSP residual norm 1.646134e-09
 75 (restart 0) KSP residual norm 1.515551e-09
 76 (restart 0) KSP residual norm 1.409708e-09
 77 (restart 0) KSP residual norm 1.241445e-09
 78 (restart 0) KSP residual norm 1.057092e-09
 79 (restart 0) KSP residual norm 8.824854e-10
 80 (restart 0) KSP residual norm 7.017679e-10
 81 (restart 0) KSP residual norm 5.465192e-10
 82 (restart 0) KSP residual norm 4.054330e-10
 83 (restart 0) KSP residual norm 3.031131e-10
 84 (restart 0) KSP residual norm 2.340685e-10
GMRES solver converged in 84 iterations (avg. reduction factor: 9.076e-01)
2 NLEPS (nconv=4, restart=0) residual norm 5.141626e-06
  Residual norms for GMRES solve
  0 (restart 0) KSP residual norm 1.230419e-08
  1 (restart 0) KSP residual norm 1.024804e-08
  2 (restart 0) KSP residual norm 7.088981e-09
  3 (restart 0) KSP residual norm 4.604774e-09
  4 (restart 0) KSP residual norm 4.541576e-09
  5 (restart 0) KSP residual norm 3.859198e-09
  6 (restart 0) KSP residual norm 2.697211e-09
  7 (restart 0) KSP residual norm 2.163513e-09
  8 (restart 0) KSP residual norm 1.095992e-09
  9 (restart 0) KSP residual norm 6.551401e-10
 10 (restart 0) KSP residual norm 6.166332e-10
 11 (restart 0) KSP residual norm 6.036156e-10
 12 (restart 0) KSP residual norm 4.565900e-10
 13 (restart 0) KSP residual norm 4.014161e-10
 14 (restart 0) KSP residual norm 3.926444e-10
 15 (restart 0) KSP residual norm 3.910930e-10
 16 (restart 0) KSP residual norm 3.398218e-10
 17 (restart 0) KSP residual norm 3.056016e-10
 18 (restart 0) KSP residual norm 2.952024e-10
 19 (restart 0) KSP residual norm 2.927547e-10
 20 (restart 0) KSP residual norm 2.844280e-10
 21 (restart 0) KSP residual norm 2.467882e-10
 22 (restart 0) KSP residual norm 2.298844e-10
 23 (restart 0) KSP residual norm 2.102944e-10
 24 (restart 0) KSP residual norm 1.977948e-10
 25 (restart 0) KSP residual norm 1.880595e-10
 26 (restart 0) KSP residual norm 1.819397e-10
 27 (restart 0) KSP residual norm 1.809424e-10
 28 (restart 0) KSP residual norm 1.779676e-10
 29 (restart 0) KSP residual norm 1.774072e-10
 30 (restart 0) KSP residual norm 1.755262e-10
 31 (restart 0) KSP residual norm 1.692357e-10
 32 (restart 0) KSP residual norm 1.633918e-10
 33 (restart 0) KSP residual norm 1.527230e-10
 34 (restart 0) KSP residual norm 1.471286e-10
 35 (restart 0) KSP residual norm 1.427812e-10
 36 (restart 0) KSP residual norm 1.396766e-10
 37 (restart 0) KSP residual norm 1.361147e-10
 38 (restart 0) KSP residual norm 1.349353e-10
 39 (restart 0) KSP residual norm 1.314756e-10
 40 (restart 0) KSP residual norm 1.298840e-10
 41 (restart 0) KSP residual norm 1.282125e-10
 42 (restart 0) KSP residual norm 1.271589e-10
 43 (restart 0) KSP residual norm 1.263538e-10
 44 (restart 0) KSP residual norm 1.245393e-10
 45 (restart 0) KSP residual norm 1.231703e-10
 46 (restart 0) KSP residual norm 1.214516e-10
 47 (restart 0) KSP residual norm 1.211686e-10
 48 (restart 0) KSP residual norm 1.210661e-10
 49 (restart 0) KSP residual norm 1.209913e-10
 50 (restart 0) KSP residual norm 1.205334e-10
 51 (restart 0) KSP residual norm 1.202633e-10
 52 (restart 0) KSP residual norm 1.195468e-10
 53 (restart 0) KSP residual norm 1.191305e-10
 54 (restart 0) KSP residual norm 1.174197e-10
 55 (restart 0) KSP residual norm 1.156444e-10
 56 (restart 0) KSP residual norm 1.140084e-10
 57 (restart 0) KSP residual norm 1.124416e-10
 58 (restart 0) KSP residual norm 1.108379e-10
 59 (restart 0) KSP residual norm 1.082829e-10
 60 (restart 0) KSP residual norm 1.056899e-10
 61 (restart 0) KSP residual norm 1.009264e-10
 62 (restart 0) KSP residual norm 9.428237e-11
 63 (restart 0) KSP residual norm 8.769304e-11
 64 (restart 0) KSP residual norm 7.678334e-11
 65 (restart 0) KSP residual norm 6.702800e-11
 66 (restart 0) KSP residual norm 5.626264e-11
 67 (restart 0) KSP residual norm 4.909895e-11
 68 (restart 0) KSP residual norm 4.001976e-11
 69 (restart 0) KSP residual norm 3.366959e-11
 70 (restart 0) KSP residual norm 2.749656e-11
 71 (restart 0) KSP residual norm 2.255451e-11
 72 (restart 0) KSP residual norm 1.784223e-11
 73 (restart 0) KSP residual norm 1.447193e-11
 74 (restart 0) KSP residual norm 1.160797e-11
 75 (restart 0) KSP residual norm 9.191381e-12
 76 (restart 0) KSP residual norm 7.590362e-12
 77 (restart 0) KSP residual norm 6.367477e-12
 78 (restart 0) KSP residual norm 5.352585e-12
 79 (restart 0) KSP residual norm 4.515897e-12
 80 (restart 0) KSP residual norm 3.840862e-12
 81 (restart 0) KSP residual norm 3.229026e-12
 82 (restart 0) KSP residual norm 2.713111e-12
 83 (restart 0) KSP residual norm 2.233989e-12
 84 (restart 0) KSP residual norm 1.818536e-12
 85 (restart 0) KSP residual norm 1.484052e-12
 86 (restart 0) KSP residual norm 1.193059e-12
 87 (restart 0) KSP residual norm 9.585369e-13
GMRES solver converged in 87 iterations (avg. reduction factor: 8.970e-01)
3 NLEPS (nconv=4, restart=0) residual norm 1.527830e-08
Eigenvalue 4, Quasi-Newton converged in 3 iterations (-3.047e-04+1.133e+01i).
  Residual norms for GMRES solve
  0 (restart 0) KSP residual norm 1.932214e+01
  1 (restart 0) KSP residual norm 2.621025e+00
  2 (restart 0) KSP residual norm 9.032415e-01
  3 (restart 0) KSP residual norm 2.747316e-01
  4 (restart 0) KSP residual norm 1.675036e-01
  5 (restart 0) KSP residual norm 1.531326e-01
  6 (restart 0) KSP residual norm 1.530708e-01
  7 (restart 0) KSP residual norm 1.462169e-01
  8 (restart 0) KSP residual norm 1.349379e-01
  9 (restart 0) KSP residual norm 1.271072e-01
 10 (restart 0) KSP residual norm 9.088360e-02
 11 (restart 0) KSP residual norm 7.829698e-02
 12 (restart 0) KSP residual norm 7.803817e-02
 13 (restart 0) KSP residual norm 7.769304e-02
 14 (restart 0) KSP residual norm 7.647868e-02
 15 (restart 0) KSP residual norm 6.557622e-02
 16 (restart 0) KSP residual norm 3.326785e-02
 17 (restart 0) KSP residual norm 2.903154e-02
 18 (restart 0) KSP residual norm 2.197870e-02
 19 (restart 0) KSP residual norm 1.259948e-02
 20 (restart 0) KSP residual norm 9.614280e-03
 21 (restart 0) KSP residual norm 9.579837e-03
 22 (restart 0) KSP residual norm 9.173393e-03
 23 (restart 0) KSP residual norm 9.144028e-03
 24 (restart 0) KSP residual norm 8.333071e-03
 25 (restart 0) KSP residual norm 7.032378e-03
 26 (restart 0) KSP residual norm 5.358229e-03
GMRES solver converged in 26 iterations (avg. reduction factor: 7.298e-01)
0 NLEPS (nconv=5, restart=0) residual norm 1.676075e-01
  Residual norms for GMRES solve
  0 (restart 0) KSP residual norm 2.091821e+00
  1 (restart 0) KSP residual norm 2.078901e+00
  2 (restart 0) KSP residual norm 2.078754e+00
  3 (restart 0) KSP residual norm 1.853173e+00
  4 (restart 0) KSP residual norm 1.846196e+00
  5 (restart 0) KSP residual norm 1.207416e+00
  6 (restart 0) KSP residual norm 6.905211e-01
  7 (restart 0) KSP residual norm 5.069755e-01
  8 (restart 0) KSP residual norm 2.209457e-01
  9 (restart 0) KSP residual norm 1.716814e-01
 10 (restart 0) KSP residual norm 1.714305e-01
 11 (restart 0) KSP residual norm 1.355652e-01
 12 (restart 0) KSP residual norm 1.026655e-01
 13 (restart 0) KSP residual norm 9.877471e-02
 14 (restart 0) KSP residual norm 9.364245e-02
 15 (restart 0) KSP residual norm 8.257913e-02
 16 (restart 0) KSP residual norm 7.294289e-02
 17 (restart 0) KSP residual norm 7.076982e-02
 18 (restart 0) KSP residual norm 6.416539e-02
 19 (restart 0) KSP residual norm 5.126631e-02
 20 (restart 0) KSP residual norm 3.813710e-02
 21 (restart 0) KSP residual norm 2.360870e-02
 22 (restart 0) KSP residual norm 1.531217e-02
 23 (restart 0) KSP residual norm 1.023427e-02
 24 (restart 0) KSP residual norm 8.165592e-03
 25 (restart 0) KSP residual norm 5.961512e-03
 26 (restart 0) KSP residual norm 5.111205e-03
 27 (restart 0) KSP residual norm 4.771399e-03
 28 (restart 0) KSP residual norm 4.631826e-03
 29 (restart 0) KSP residual norm 4.258880e-03
 30 (restart 0) KSP residual norm 3.852872e-03
 31 (restart 0) KSP residual norm 3.806026e-03
 32 (restart 0) KSP residual norm 3.756804e-03
 33 (restart 0) KSP residual norm 3.732744e-03
 34 (restart 0) KSP residual norm 3.710767e-03
 35 (restart 0) KSP residual norm 3.688767e-03
 36 (restart 0) KSP residual norm 3.679441e-03
 37 (restart 0) KSP residual norm 3.674314e-03
 38 (restart 0) KSP residual norm 3.653359e-03
 39 (restart 0) KSP residual norm 3.636593e-03
 40 (restart 0) KSP residual norm 3.614323e-03
 41 (restart 0) KSP residual norm 3.596979e-03
 42 (restart 0) KSP residual norm 3.595892e-03
 43 (restart 0) KSP residual norm 3.585514e-03
 44 (restart 0) KSP residual norm 3.554098e-03
 45 (restart 0) KSP residual norm 3.536948e-03
 46 (restart 0) KSP residual norm 3.525038e-03
 47 (restart 0) KSP residual norm 3.471032e-03
 48 (restart 0) KSP residual norm 3.397398e-03
 49 (restart 0) KSP residual norm 3.246013e-03
 50 (restart 0) KSP residual norm 3.109427e-03
 51 (restart 0) KSP residual norm 2.965652e-03
 52 (restart 0) KSP residual norm 2.805621e-03
 53 (restart 0) KSP residual norm 2.694589e-03
 54 (restart 0) KSP residual norm 2.446706e-03
 55 (restart 0) KSP residual norm 2.261332e-03
 56 (restart 0) KSP residual norm 1.982392e-03
 57 (restart 0) KSP residual norm 1.720263e-03
 58 (restart 0) KSP residual norm 1.464937e-03
 59 (restart 0) KSP residual norm 1.229874e-03
 60 (restart 0) KSP residual norm 1.042546e-03
 61 (restart 0) KSP residual norm 8.447604e-04
 62 (restart 0) KSP residual norm 7.069271e-04
 63 (restart 0) KSP residual norm 5.941043e-04
GMRES solver converged in 63 iterations (avg. reduction factor: 8.784e-01)
1 NLEPS (nconv=5, restart=0) residual norm 7.794466e-03
  Residual norms for GMRES solve
  0 (restart 0) KSP residual norm 4.562105e-07
  1 (restart 0) KSP residual norm 4.326227e-07
  2 (restart 0) KSP residual norm 4.067772e-07
  3 (restart 0) KSP residual norm 3.869415e-07
  4 (restart 0) KSP residual norm 3.859744e-07
  5 (restart 0) KSP residual norm 2.686210e-07
  6 (restart 0) KSP residual norm 1.934492e-07
  7 (restart 0) KSP residual norm 1.769687e-07
  8 (restart 0) KSP residual norm 1.318922e-07
  9 (restart 0) KSP residual norm 1.232127e-07
 10 (restart 0) KSP residual norm 1.000738e-07
 11 (restart 0) KSP residual norm 7.705102e-08
 12 (restart 0) KSP residual norm 7.122734e-08
 13 (restart 0) KSP residual norm 6.999005e-08
 14 (restart 0) KSP residual norm 6.958785e-08
 15 (restart 0) KSP residual norm 6.948293e-08
 16 (restart 0) KSP residual norm 6.947882e-08
 17 (restart 0) KSP residual norm 6.945078e-08
 18 (restart 0) KSP residual norm 6.903373e-08
 19 (restart 0) KSP residual norm 6.711959e-08
 20 (restart 0) KSP residual norm 6.289429e-08
 21 (restart 0) KSP residual norm 5.640227e-08
 22 (restart 0) KSP residual norm 4.799026e-08
 23 (restart 0) KSP residual norm 4.161465e-08
 24 (restart 0) KSP residual norm 3.234456e-08
 25 (restart 0) KSP residual norm 2.818026e-08
 26 (restart 0) KSP residual norm 2.525589e-08
 27 (restart 0) KSP residual norm 2.410570e-08
 28 (restart 0) KSP residual norm 2.327111e-08
 29 (restart 0) KSP residual norm 2.244158e-08
 30 (restart 0) KSP residual norm 2.132709e-08
 31 (restart 0) KSP residual norm 1.989944e-08
 32 (restart 0) KSP residual norm 1.788257e-08
 33 (restart 0) KSP residual norm 1.698283e-08
 34 (restart 0) KSP residual norm 1.633638e-08
 35 (restart 0) KSP residual norm 1.578046e-08
 36 (restart 0) KSP residual norm 1.507456e-08
 37 (restart 0) KSP residual norm 1.489814e-08
 38 (restart 0) KSP residual norm 1.458904e-08
 39 (restart 0) KSP residual norm 1.452404e-08
 40 (restart 0) KSP residual norm 1.445963e-08
 41 (restart 0) KSP residual norm 1.431607e-08
 42 (restart 0) KSP residual norm 1.400539e-08
 43 (restart 0) KSP residual norm 1.356692e-08
 44 (restart 0) KSP residual norm 1.325107e-08
 45 (restart 0) KSP residual norm 1.308493e-08
 46 (restart 0) KSP residual norm 1.286861e-08
 47 (restart 0) KSP residual norm 1.277190e-08
 48 (restart 0) KSP residual norm 1.264715e-08
 49 (restart 0) KSP residual norm 1.246635e-08
 50 (restart 0) KSP residual norm 1.208547e-08
 51 (restart 0) KSP residual norm 1.185381e-08
 52 (restart 0) KSP residual norm 1.138535e-08
 53 (restart 0) KSP residual norm 1.118894e-08
 54 (restart 0) KSP residual norm 1.100683e-08
 55 (restart 0) KSP residual norm 1.063007e-08
 56 (restart 0) KSP residual norm 1.044188e-08
 57 (restart 0) KSP residual norm 1.014048e-08
 58 (restart 0) KSP residual norm 9.895709e-09
 59 (restart 0) KSP residual norm 9.805640e-09
 60 (restart 0) KSP residual norm 9.667025e-09
 61 (restart 0) KSP residual norm 9.295904e-09
 62 (restart 0) KSP residual norm 8.911850e-09
 63 (restart 0) KSP residual norm 8.311253e-09
 64 (restart 0) KSP residual norm 7.892389e-09
 65 (restart 0) KSP residual norm 7.280519e-09
 66 (restart 0) KSP residual norm 6.875625e-09
 67 (restart 0) KSP residual norm 6.582606e-09
 68 (restart 0) KSP residual norm 6.415940e-09
 69 (restart 0) KSP residual norm 6.151629e-09
 70 (restart 0) KSP residual norm 5.627330e-09
 71 (restart 0) KSP residual norm 4.872372e-09
 72 (restart 0) KSP residual norm 3.788269e-09
 73 (restart 0) KSP residual norm 2.863858e-09
 74 (restart 0) KSP residual norm 2.163334e-09
 75 (restart 0) KSP residual norm 1.622149e-09
 76 (restart 0) KSP residual norm 1.267361e-09
 77 (restart 0) KSP residual norm 9.983569e-10
 78 (restart 0) KSP residual norm 7.738519e-10
 79 (restart 0) KSP residual norm 6.053471e-10
 80 (restart 0) KSP residual norm 4.500225e-10
 81 (restart 0) KSP residual norm 3.409649e-10
 82 (restart 0) KSP residual norm 2.586327e-10
 83 (restart 0) KSP residual norm 1.980291e-10
 84 (restart 0) KSP residual norm 1.528154e-10
 85 (restart 0) KSP residual norm 1.146907e-10
GMRES solver converged in 85 iterations (avg. reduction factor: 9.071e-01)
2 NLEPS (nconv=5, restart=0) residual norm 1.031345e-05
  Residual norms for GMRES solve
  0 (restart 0) KSP residual norm 1.155282e-08
  1 (restart 0) KSP residual norm 1.043781e-08
  2 (restart 0) KSP residual norm 9.400084e-09
  3 (restart 0) KSP residual norm 8.649097e-09
  4 (restart 0) KSP residual norm 8.582489e-09
  5 (restart 0) KSP residual norm 7.598375e-09
  6 (restart 0) KSP residual norm 6.135561e-09
  7 (restart 0) KSP residual norm 4.745343e-09
  8 (restart 0) KSP residual norm 3.625725e-09
  9 (restart 0) KSP residual norm 3.616906e-09
 10 (restart 0) KSP residual norm 3.379908e-09
 11 (restart 0) KSP residual norm 1.795656e-09
 12 (restart 0) KSP residual norm 1.109796e-09
 13 (restart 0) KSP residual norm 1.023549e-09
 14 (restart 0) KSP residual norm 9.141479e-10
 15 (restart 0) KSP residual norm 7.332717e-10
 16 (restart 0) KSP residual norm 5.679065e-10
 17 (restart 0) KSP residual norm 4.926464e-10
 18 (restart 0) KSP residual norm 4.501500e-10
 19 (restart 0) KSP residual norm 4.478187e-10
 20 (restart 0) KSP residual norm 4.331244e-10
 21 (restart 0) KSP residual norm 4.234412e-10
 22 (restart 0) KSP residual norm 4.229392e-10
 23 (restart 0) KSP residual norm 4.121751e-10
 24 (restart 0) KSP residual norm 4.119034e-10
 25 (restart 0) KSP residual norm 4.103479e-10
 26 (restart 0) KSP residual norm 4.078645e-10
 27 (restart 0) KSP residual norm 4.030606e-10
 28 (restart 0) KSP residual norm 3.964828e-10
 29 (restart 0) KSP residual norm 3.928281e-10
 30 (restart 0) KSP residual norm 3.886907e-10
 31 (restart 0) KSP residual norm 3.860091e-10
 32 (restart 0) KSP residual norm 3.850112e-10
 33 (restart 0) KSP residual norm 3.840934e-10
 34 (restart 0) KSP residual norm 3.829950e-10
 35 (restart 0) KSP residual norm 3.820314e-10
 36 (restart 0) KSP residual norm 3.818633e-10
 37 (restart 0) KSP residual norm 3.805032e-10
 38 (restart 0) KSP residual norm 3.787742e-10
 39 (restart 0) KSP residual norm 3.785883e-10
 40 (restart 0) KSP residual norm 3.785514e-10
 41 (restart 0) KSP residual norm 3.781141e-10
 42 (restart 0) KSP residual norm 3.776462e-10
 43 (restart 0) KSP residual norm 3.751349e-10
 44 (restart 0) KSP residual norm 3.737996e-10
 45 (restart 0) KSP residual norm 3.721685e-10
 46 (restart 0) KSP residual norm 3.679525e-10
 47 (restart 0) KSP residual norm 3.677206e-10
 48 (restart 0) KSP residual norm 3.640152e-10
 49 (restart 0) KSP residual norm 3.589944e-10
 50 (restart 0) KSP residual norm 3.563050e-10
 51 (restart 0) KSP residual norm 3.495102e-10
 52 (restart 0) KSP residual norm 3.441818e-10
 53 (restart 0) KSP residual norm 3.298118e-10
 54 (restart 0) KSP residual norm 3.170766e-10
 55 (restart 0) KSP residual norm 3.007911e-10
 56 (restart 0) KSP residual norm 2.788284e-10
 57 (restart 0) KSP residual norm 2.613396e-10
 58 (restart 0) KSP residual norm 2.341639e-10
 59 (restart 0) KSP residual norm 2.087654e-10
 60 (restart 0) KSP residual norm 1.808985e-10
 61 (restart 0) KSP residual norm 1.534136e-10
 62 (restart 0) KSP residual norm 1.254638e-10
 63 (restart 0) KSP residual norm 1.030304e-10
 64 (restart 0) KSP residual norm 8.396997e-11
 65 (restart 0) KSP residual norm 6.833688e-11
 66 (restart 0) KSP residual norm 5.452508e-11
 67 (restart 0) KSP residual norm 4.323583e-11
 68 (restart 0) KSP residual norm 3.448587e-11
 69 (restart 0) KSP residual norm 2.753563e-11
 70 (restart 0) KSP residual norm 2.205191e-11
 71 (restart 0) KSP residual norm 1.806495e-11
 72 (restart 0) KSP residual norm 1.452178e-11
 73 (restart 0) KSP residual norm 1.199464e-11
 74 (restart 0) KSP residual norm 9.768375e-12
 75 (restart 0) KSP residual norm 8.041654e-12
 76 (restart 0) KSP residual norm 6.716222e-12
 77 (restart 0) KSP residual norm 5.552883e-12
 78 (restart 0) KSP residual norm 4.520128e-12
 79 (restart 0) KSP residual norm 3.681901e-12
 80 (restart 0) KSP residual norm 3.045858e-12
 81 (restart 0) KSP residual norm 2.556457e-12
 82 (restart 0) KSP residual norm 2.157697e-12
 83 (restart 0) KSP residual norm 1.777517e-12
 84 (restart 0) KSP residual norm 1.450265e-12
 85 (restart 0) KSP residual norm 1.204050e-12
 86 (restart 0) KSP residual norm 1.002124e-12
 87 (restart 0) KSP residual norm 8.353976e-13
GMRES solver converged in 87 iterations (avg. reduction factor: 8.962e-01)
3 NLEPS (nconv=5, restart=0) residual norm 1.616923e-08
Eigenvalue 5, Quasi-Newton converged in 3 iterations (-3.047e-04+1.134e+01i).
  Residual norms for GMRES solve
  0 (restart 0) KSP residual norm 1.858282e+01
  1 (restart 0) KSP residual norm 4.791081e+00
  2 (restart 0) KSP residual norm 2.262087e+00
  3 (restart 0) KSP residual norm 1.686172e+00
  4 (restart 0) KSP residual norm 1.055314e+00
  5 (restart 0) KSP residual norm 2.054880e-01
  6 (restart 0) KSP residual norm 1.436210e-01
  7 (restart 0) KSP residual norm 6.207818e-02
  8 (restart 0) KSP residual norm 2.076903e-02
  9 (restart 0) KSP residual norm 9.317975e-03
 10 (restart 0) KSP residual norm 7.907641e-03
 11 (restart 0) KSP residual norm 7.504526e-03
 12 (restart 0) KSP residual norm 7.444288e-03
 13 (restart 0) KSP residual norm 7.350108e-03
 14 (restart 0) KSP residual norm 7.324922e-03
 15 (restart 0) KSP residual norm 7.312892e-03
 16 (restart 0) KSP residual norm 7.115426e-03
 17 (restart 0) KSP residual norm 7.113981e-03
 18 (restart 0) KSP residual norm 6.949345e-03
 19 (restart 0) KSP residual norm 6.947250e-03
 20 (restart 0) KSP residual norm 6.884094e-03
 21 (restart 0) KSP residual norm 6.740830e-03
 22 (restart 0) KSP residual norm 6.739538e-03
 23 (restart 0) KSP residual norm 6.504903e-03
 24 (restart 0) KSP residual norm 6.470342e-03
 25 (restart 0) KSP residual norm 6.459845e-03
 26 (restart 0) KSP residual norm 6.404354e-03
 27 (restart 0) KSP residual norm 6.174392e-03
 28 (restart 0) KSP residual norm 6.024669e-03
 29 (restart 0) KSP residual norm 5.580600e-03
GMRES solver converged in 29 iterations (avg. reduction factor: 7.560e-01)
0 NLEPS (nconv=6, restart=0) residual norm 1.739183e-01
  Residual norms for GMRES solve
  0 (restart 0) KSP residual norm 1.525028e+00
  1 (restart 0) KSP residual norm 1.524559e+00
  2 (restart 0) KSP residual norm 1.395028e+00
  3 (restart 0) KSP residual norm 8.271415e-01
  4 (restart 0) KSP residual norm 3.585725e-01
  5 (restart 0) KSP residual norm 1.692719e-01
  6 (restart 0) KSP residual norm 1.226076e-01
  7 (restart 0) KSP residual norm 4.824663e-02
  8 (restart 0) KSP residual norm 3.248148e-02
  9 (restart 0) KSP residual norm 2.985928e-02
 10 (restart 0) KSP residual norm 2.803389e-02
 11 (restart 0) KSP residual norm 2.524804e-02
 12 (restart 0) KSP residual norm 2.510016e-02
 13 (restart 0) KSP residual norm 2.438081e-02
 14 (restart 0) KSP residual norm 2.430681e-02
 15 (restart 0) KSP residual norm 2.414060e-02
 16 (restart 0) KSP residual norm 2.397759e-02
 17 (restart 0) KSP residual norm 2.392627e-02
 18 (restart 0) KSP residual norm 2.370354e-02
 19 (restart 0) KSP residual norm 2.341840e-02
 20 (restart 0) KSP residual norm 2.311803e-02
 21 (restart 0) KSP residual norm 2.256911e-02
 22 (restart 0) KSP residual norm 2.223625e-02
 23 (restart 0) KSP residual norm 2.205530e-02
 24 (restart 0) KSP residual norm 2.175264e-02
 25 (restart 0) KSP residual norm 2.109092e-02
 26 (restart 0) KSP residual norm 1.933788e-02
 27 (restart 0) KSP residual norm 1.722610e-02
 28 (restart 0) KSP residual norm 1.493074e-02
 29 (restart 0) KSP residual norm 1.184888e-02
 30 (restart 0) KSP residual norm 9.936607e-03
 31 (restart 0) KSP residual norm 8.388287e-03
 32 (restart 0) KSP residual norm 6.447554e-03
 33 (restart 0) KSP residual norm 5.368419e-03
 34 (restart 0) KSP residual norm 4.680907e-03
 35 (restart 0) KSP residual norm 3.779587e-03
 36 (restart 0) KSP residual norm 3.115898e-03
 37 (restart 0) KSP residual norm 2.730320e-03
 38 (restart 0) KSP residual norm 2.275529e-03
 39 (restart 0) KSP residual norm 1.769300e-03
 40 (restart 0) KSP residual norm 1.494430e-03
 41 (restart 0) KSP residual norm 1.260685e-03
 42 (restart 0) KSP residual norm 9.933038e-04
 43 (restart 0) KSP residual norm 8.193221e-04
 44 (restart 0) KSP residual norm 6.347235e-04
 45 (restart 0) KSP residual norm 5.171093e-04
 46 (restart 0) KSP residual norm 4.270479e-04
GMRES solver converged in 46 iterations (avg. reduction factor: 8.371e-01)
1 NLEPS (nconv=6, restart=0) residual norm 4.171641e-02
  Residual norms for GMRES solve
  0 (restart 0) KSP residual norm 1.593823e-05
  1 (restart 0) KSP residual norm 1.571088e-05
  2 (restart 0) KSP residual norm 1.192791e-05
  3 (restart 0) KSP residual norm 6.929557e-06
  4 (restart 0) KSP residual norm 1.767027e-06
  5 (restart 0) KSP residual norm 6.994317e-07
  6 (restart 0) KSP residual norm 4.231002e-07
  7 (restart 0) KSP residual norm 2.792937e-07
  8 (restart 0) KSP residual norm 2.653697e-07
  9 (restart 0) KSP residual norm 2.477899e-07
 10 (restart 0) KSP residual norm 2.443497e-07
 11 (restart 0) KSP residual norm 2.342896e-07
 12 (restart 0) KSP residual norm 2.310806e-07
 13 (restart 0) KSP residual norm 2.310361e-07
 14 (restart 0) KSP residual norm 2.292498e-07
 15 (restart 0) KSP residual norm 2.263611e-07
 16 (restart 0) KSP residual norm 2.263467e-07
 17 (restart 0) KSP residual norm 2.252200e-07
 18 (restart 0) KSP residual norm 2.248950e-07
 19 (restart 0) KSP residual norm 2.247290e-07
 20 (restart 0) KSP residual norm 2.246702e-07
 21 (restart 0) KSP residual norm 2.240143e-07
 22 (restart 0) KSP residual norm 2.239701e-07
 23 (restart 0) KSP residual norm 2.228352e-07
 24 (restart 0) KSP residual norm 2.088294e-07
 25 (restart 0) KSP residual norm 2.087564e-07
 26 (restart 0) KSP residual norm 2.087082e-07
 27 (restart 0) KSP residual norm 2.085646e-07
 28 (restart 0) KSP residual norm 2.078110e-07
 29 (restart 0) KSP residual norm 2.066381e-07
 30 (restart 0) KSP residual norm 2.056672e-07
 31 (restart 0) KSP residual norm 2.030980e-07
 32 (restart 0) KSP residual norm 2.018059e-07
 33 (restart 0) KSP residual norm 2.004740e-07
 34 (restart 0) KSP residual norm 1.982273e-07
 35 (restart 0) KSP residual norm 1.975432e-07
 36 (restart 0) KSP residual norm 1.965051e-07
 37 (restart 0) KSP residual norm 1.913569e-07
 38 (restart 0) KSP residual norm 1.819433e-07
 39 (restart 0) KSP residual norm 1.778769e-07
 40 (restart 0) KSP residual norm 1.680673e-07
 41 (restart 0) KSP residual norm 1.519426e-07
 42 (restart 0) KSP residual norm 1.392302e-07
 43 (restart 0) KSP residual norm 1.276187e-07
 44 (restart 0) KSP residual norm 1.071931e-07
 45 (restart 0) KSP residual norm 8.923692e-08
 46 (restart 0) KSP residual norm 7.313562e-08
 47 (restart 0) KSP residual norm 6.066409e-08
 48 (restart 0) KSP residual norm 4.869673e-08
 49 (restart 0) KSP residual norm 3.780064e-08
 50 (restart 0) KSP residual norm 2.593240e-08
 51 (restart 0) KSP residual norm 2.052797e-08
 52 (restart 0) KSP residual norm 1.635547e-08
 53 (restart 0) KSP residual norm 1.163313e-08
 54 (restart 0) KSP residual norm 8.607882e-09
 55 (restart 0) KSP residual norm 6.589303e-09
 56 (restart 0) KSP residual norm 5.194536e-09
 57 (restart 0) KSP residual norm 4.070812e-09
GMRES solver converged in 57 iterations (avg. reduction factor: 8.649e-01)
2 NLEPS (nconv=6, restart=0) residual norm 3.349719e-04
  Residual norms for GMRES solve
  0 (restart 0) KSP residual norm 1.723090e-05
  1 (restart 0) KSP residual norm 1.699299e-05
  2 (restart 0) KSP residual norm 1.284563e-05
  3 (restart 0) KSP residual norm 7.492689e-06
  4 (restart 0) KSP residual norm 1.926142e-06
  5 (restart 0) KSP residual norm 7.549204e-07
  6 (restart 0) KSP residual norm 4.556228e-07
  7 (restart 0) KSP residual norm 3.093000e-07
  8 (restart 0) KSP residual norm 2.906885e-07
  9 (restart 0) KSP residual norm 2.698845e-07
 10 (restart 0) KSP residual norm 2.656024e-07
 11 (restart 0) KSP residual norm 2.536178e-07
 12 (restart 0) KSP residual norm 2.505858e-07
 13 (restart 0) KSP residual norm 2.505785e-07
 14 (restart 0) KSP residual norm 2.491756e-07
 15 (restart 0) KSP residual norm 2.449541e-07
 16 (restart 0) KSP residual norm 2.448888e-07
 17 (restart 0) KSP residual norm 2.427924e-07
 18 (restart 0) KSP residual norm 2.427801e-07
 19 (restart 0) KSP residual norm 2.427115e-07
 20 (restart 0) KSP residual norm 2.426803e-07
 21 (restart 0) KSP residual norm 2.411421e-07
 22 (restart 0) KSP residual norm 2.410979e-07
 23 (restart 0) KSP residual norm 2.398535e-07
 24 (restart 0) KSP residual norm 2.239776e-07
 25 (restart 0) KSP residual norm 2.236774e-07
 26 (restart 0) KSP residual norm 2.235243e-07
 27 (restart 0) KSP residual norm 2.230497e-07
 28 (restart 0) KSP residual norm 2.217336e-07
 29 (restart 0) KSP residual norm 2.196364e-07
 30 (restart 0) KSP residual norm 2.168146e-07
 31 (restart 0) KSP residual norm 2.100192e-07
 32 (restart 0) KSP residual norm 2.009813e-07
 33 (restart 0) KSP residual norm 1.917291e-07
 34 (restart 0) KSP residual norm 1.808168e-07
 35 (restart 0) KSP residual norm 1.665025e-07
 36 (restart 0) KSP residual norm 1.502081e-07
 37 (restart 0) KSP residual norm 1.274732e-07
 38 (restart 0) KSP residual norm 1.064891e-07
 39 (restart 0) KSP residual norm 9.344936e-08
 40 (restart 0) KSP residual norm 7.585624e-08
 41 (restart 0) KSP residual norm 6.149122e-08
 42 (restart 0) KSP residual norm 4.795162e-08
 43 (restart 0) KSP residual norm 4.157387e-08
 44 (restart 0) KSP residual norm 3.385947e-08
 45 (restart 0) KSP residual norm 2.827518e-08
 46 (restart 0) KSP residual norm 2.289960e-08
 47 (restart 0) KSP residual norm 1.907005e-08
 48 (restart 0) KSP residual norm 1.584046e-08
 49 (restart 0) KSP residual norm 1.394731e-08
 50 (restart 0) KSP residual norm 1.163575e-08
 51 (restart 0) KSP residual norm 9.915502e-09
 52 (restart 0) KSP residual norm 8.473401e-09
 53 (restart 0) KSP residual norm 7.057351e-09
 54 (restart 0) KSP residual norm 5.908639e-09
 55 (restart 0) KSP residual norm 4.750402e-09
GMRES solver converged in 55 iterations (avg. reduction factor: 8.615e-01)
3 NLEPS (nconv=6, restart=0) residual norm 5.546664e-05
  Residual norms for GMRES solve
  0 (restart 0) KSP residual norm 6.717526e-09
  1 (restart 0) KSP residual norm 6.703868e-09
  2 (restart 0) KSP residual norm 4.734121e-09
  3 (restart 0) KSP residual norm 4.230587e-09
  4 (restart 0) KSP residual norm 4.109721e-09
  5 (restart 0) KSP residual norm 3.775242e-09
  6 (restart 0) KSP residual norm 3.330925e-09
  7 (restart 0) KSP residual norm 3.095582e-09
  8 (restart 0) KSP residual norm 2.864764e-09
  9 (restart 0) KSP residual norm 2.607191e-09
 10 (restart 0) KSP residual norm 2.378461e-09
 11 (restart 0) KSP residual norm 1.968784e-09
 12 (restart 0) KSP residual norm 1.798208e-09
 13 (restart 0) KSP residual norm 1.511585e-09
 14 (restart 0) KSP residual norm 1.274658e-09
 15 (restart 0) KSP residual norm 1.086614e-09
 16 (restart 0) KSP residual norm 9.610428e-10
 17 (restart 0) KSP residual norm 8.194764e-10
 18 (restart 0) KSP residual norm 6.639652e-10
 19 (restart 0) KSP residual norm 5.494833e-10
 20 (restart 0) KSP residual norm 4.920216e-10
 21 (restart 0) KSP residual norm 4.212473e-10
 22 (restart 0) KSP residual norm 3.507454e-10
 23 (restart 0) KSP residual norm 3.148071e-10
 24 (restart 0) KSP residual norm 2.796978e-10
 25 (restart 0) KSP residual norm 2.305079e-10
 26 (restart 0) KSP residual norm 2.148724e-10
 27 (restart 0) KSP residual norm 1.914450e-10
 28 (restart 0) KSP residual norm 1.655158e-10
 29 (restart 0) KSP residual norm 1.515335e-10
 30 (restart 0) KSP residual norm 1.449071e-10
 31 (restart 0) KSP residual norm 1.391459e-10
 32 (restart 0) KSP residual norm 1.368623e-10
 33 (restart 0) KSP residual norm 1.324109e-10
 34 (restart 0) KSP residual norm 1.311640e-10
 35 (restart 0) KSP residual norm 1.283385e-10
 36 (restart 0) KSP residual norm 1.281506e-10
 37 (restart 0) KSP residual norm 1.272162e-10
 38 (restart 0) KSP residual norm 1.269033e-10
 39 (restart 0) KSP residual norm 1.241545e-10
 40 (restart 0) KSP residual norm 1.240199e-10
 41 (restart 0) KSP residual norm 1.239371e-10
 42 (restart 0) KSP residual norm 1.235290e-10
 43 (restart 0) KSP residual norm 1.225958e-10
 44 (restart 0) KSP residual norm 1.220123e-10
 45 (restart 0) KSP residual norm 1.214051e-10
 46 (restart 0) KSP residual norm 1.213285e-10
 47 (restart 0) KSP residual norm 1.206510e-10
 48 (restart 0) KSP residual norm 1.204572e-10
 49 (restart 0) KSP residual norm 1.202322e-10
 50 (restart 0) KSP residual norm 1.200826e-10
 51 (restart 0) KSP residual norm 1.200127e-10
 52 (restart 0) KSP residual norm 1.198851e-10
 53 (restart 0) KSP residual norm 1.196985e-10
 54 (restart 0) KSP residual norm 1.196912e-10
 55 (restart 0) KSP residual norm 1.195718e-10
 56 (restart 0) KSP residual norm 1.179332e-10
 57 (restart 0) KSP residual norm 1.172929e-10
 58 (restart 0) KSP residual norm 1.165722e-10
 59 (restart 0) KSP residual norm 1.154061e-10
 60 (restart 0) KSP residual norm 1.150927e-10
 61 (restart 0) KSP residual norm 1.096783e-10
 62 (restart 0) KSP residual norm 1.052831e-10
 63 (restart 0) KSP residual norm 9.643989e-11
 64 (restart 0) KSP residual norm 8.695303e-11
 65 (restart 0) KSP residual norm 7.669453e-11
 66 (restart 0) KSP residual norm 6.419425e-11
 67 (restart 0) KSP residual norm 5.119662e-11
 68 (restart 0) KSP residual norm 4.154153e-11
 69 (restart 0) KSP residual norm 3.272491e-11
 70 (restart 0) KSP residual norm 2.548656e-11
 71 (restart 0) KSP residual norm 1.917683e-11
 72 (restart 0) KSP residual norm 1.423738e-11
 73 (restart 0) KSP residual norm 1.083205e-11
 74 (restart 0) KSP residual norm 8.141488e-12
 75 (restart 0) KSP residual norm 6.462227e-12
 76 (restart 0) KSP residual norm 5.055716e-12
 77 (restart 0) KSP residual norm 4.089083e-12
 78 (restart 0) KSP residual norm 3.302158e-12
 79 (restart 0) KSP residual norm 2.768684e-12
 80 (restart 0) KSP residual norm 2.328535e-12
 81 (restart 0) KSP residual norm 1.948148e-12
 82 (restart 0) KSP residual norm 1.635647e-12
 83 (restart 0) KSP residual norm 1.321833e-12
 84 (restart 0) KSP residual norm 1.035130e-12
 85 (restart 0) KSP residual norm 8.258267e-13
GMRES solver converged in 85 iterations (avg. reduction factor: 8.995e-01)
4 NLEPS (nconv=6, restart=0) residual norm 1.350815e-08
Eigenvalue 6, Quasi-Newton converged in 4 iterations (-3.973e-04+1.158e+01i).
  Residual norms for GMRES solve
  0 (restart 0) KSP residual norm 1.841409e+01
  1 (restart 0) KSP residual norm 1.723433e+01
  2 (restart 0) KSP residual norm 3.487862e+00
  3 (restart 0) KSP residual norm 2.174830e+00
  4 (restart 0) KSP residual norm 2.174425e+00
  5 (restart 0) KSP residual norm 8.744859e-01
  6 (restart 0) KSP residual norm 4.886799e-01
  7 (restart 0) KSP residual norm 3.819611e-01
  8 (restart 0) KSP residual norm 2.361523e-01
  9 (restart 0) KSP residual norm 9.249724e-02
 10 (restart 0) KSP residual norm 7.302164e-02
 11 (restart 0) KSP residual norm 7.298887e-02
 12 (restart 0) KSP residual norm 6.944902e-02
 13 (restart 0) KSP residual norm 6.738720e-02
 14 (restart 0) KSP residual norm 6.714126e-02
 15 (restart 0) KSP residual norm 6.710338e-02
 16 (restart 0) KSP residual norm 6.594057e-02
 17 (restart 0) KSP residual norm 6.442348e-02
 18 (restart 0) KSP residual norm 6.390835e-02
 19 (restart 0) KSP residual norm 6.388448e-02
 20 (restart 0) KSP residual norm 6.344787e-02
 21 (restart 0) KSP residual norm 6.189863e-02
 22 (restart 0) KSP residual norm 6.151265e-02
 23 (restart 0) KSP residual norm 6.068544e-02
 24 (restart 0) KSP residual norm 5.591206e-02
 25 (restart 0) KSP residual norm 4.213957e-02
 26 (restart 0) KSP residual norm 3.601110e-02
 27 (restart 0) KSP residual norm 3.097781e-02
 28 (restart 0) KSP residual norm 2.432052e-02
 29 (restart 0) KSP residual norm 2.083093e-02
 30 (restart 0) KSP residual norm 1.809986e-02
 31 (restart 0) KSP residual norm 1.464105e-02
 32 (restart 0) KSP residual norm 1.273573e-02
 33 (restart 0) KSP residual norm 9.133853e-03
 34 (restart 0) KSP residual norm 7.870907e-03
 35 (restart 0) KSP residual norm 6.887581e-03
 36 (restart 0) KSP residual norm 5.726030e-03
GMRES solver converged in 36 iterations (avg. reduction factor: 7.991e-01)
0 NLEPS (nconv=7, restart=0) residual norm 1.997895e-01
  Residual norms for GMRES solve
  0 (restart 0) KSP residual norm 3.821874e+00
  1 (restart 0) KSP residual norm 9.864759e-01
  2 (restart 0) KSP residual norm 9.839348e-01
  3 (restart 0) KSP residual norm 6.768971e-01
  4 (restart 0) KSP residual norm 5.955669e-01
  5 (restart 0) KSP residual norm 5.271809e-01
  6 (restart 0) KSP residual norm 2.136534e-01
  7 (restart 0) KSP residual norm 1.543272e-01
  8 (restart 0) KSP residual norm 1.467275e-01
  9 (restart 0) KSP residual norm 9.353535e-02
 10 (restart 0) KSP residual norm 3.298293e-02
 11 (restart 0) KSP residual norm 2.301836e-02
 12 (restart 0) KSP residual norm 2.038152e-02
 13 (restart 0) KSP residual norm 2.036081e-02
 14 (restart 0) KSP residual norm 1.995171e-02
 15 (restart 0) KSP residual norm 1.965101e-02
 16 (restart 0) KSP residual norm 1.913541e-02
 17 (restart 0) KSP residual norm 1.912106e-02
 18 (restart 0) KSP residual norm 1.878876e-02
 19 (restart 0) KSP residual norm 1.800657e-02
 20 (restart 0) KSP residual norm 1.736937e-02
 21 (restart 0) KSP residual norm 1.697351e-02
 22 (restart 0) KSP residual norm 1.683660e-02
 23 (restart 0) KSP residual norm 1.683058e-02
 24 (restart 0) KSP residual norm 1.666452e-02
 25 (restart 0) KSP residual norm 1.631278e-02
 26 (restart 0) KSP residual norm 1.602790e-02
 27 (restart 0) KSP residual norm 1.355144e-02
 28 (restart 0) KSP residual norm 1.064675e-02
 29 (restart 0) KSP residual norm 9.449821e-03
 30 (restart 0) KSP residual norm 7.479090e-03
 31 (restart 0) KSP residual norm 5.957644e-03
 32 (restart 0) KSP residual norm 4.983863e-03
 33 (restart 0) KSP residual norm 4.238761e-03
 34 (restart 0) KSP residual norm 3.591935e-03
 35 (restart 0) KSP residual norm 2.765839e-03
 36 (restart 0) KSP residual norm 2.325277e-03
 37 (restart 0) KSP residual norm 2.007263e-03
 38 (restart 0) KSP residual norm 1.710385e-03
 39 (restart 0) KSP residual norm 1.539290e-03
 40 (restart 0) KSP residual norm 1.242754e-03
 41 (restart 0) KSP residual norm 9.969557e-04
GMRES solver converged in 41 iterations (avg. reduction factor: 8.177e-01)
1 NLEPS (nconv=7, restart=0) residual norm 3.096976e-02
  Residual norms for GMRES solve
  0 (restart 0) KSP residual norm 1.578326e-05
  1 (restart 0) KSP residual norm 6.344358e-06
  2 (restart 0) KSP residual norm 6.342093e-06
  3 (restart 0) KSP residual norm 3.900729e-06
  4 (restart 0) KSP residual norm 2.778393e-06
  5 (restart 0) KSP residual norm 1.808882e-06
  6 (restart 0) KSP residual norm 6.849200e-07
  7 (restart 0) KSP residual norm 4.115884e-07
  8 (restart 0) KSP residual norm 3.951150e-07
  9 (restart 0) KSP residual norm 2.583618e-07
 10 (restart 0) KSP residual norm 1.888034e-07
 11 (restart 0) KSP residual norm 1.859874e-07
 12 (restart 0) KSP residual norm 1.747562e-07
 13 (restart 0) KSP residual norm 1.667859e-07
 14 (restart 0) KSP residual norm 1.598558e-07
 15 (restart 0) KSP residual norm 1.597640e-07
 16 (restart 0) KSP residual norm 1.594540e-07
 17 (restart 0) KSP residual norm 1.541871e-07
 18 (restart 0) KSP residual norm 1.507414e-07
 19 (restart 0) KSP residual norm 1.477238e-07
 20 (restart 0) KSP residual norm 1.442895e-07
 21 (restart 0) KSP residual norm 1.437742e-07
 22 (restart 0) KSP residual norm 1.437112e-07
 23 (restart 0) KSP residual norm 1.358107e-07
 24 (restart 0) KSP residual norm 1.353281e-07
 25 (restart 0) KSP residual norm 1.257309e-07
 26 (restart 0) KSP residual norm 1.210901e-07
 27 (restart 0) KSP residual norm 1.200962e-07
 28 (restart 0) KSP residual norm 1.188904e-07
 29 (restart 0) KSP residual norm 1.172667e-07
 30 (restart 0) KSP residual norm 1.165378e-07
 31 (restart 0) KSP residual norm 1.148394e-07
 32 (restart 0) KSP residual norm 1.140869e-07
 33 (restart 0) KSP residual norm 1.128150e-07
 34 (restart 0) KSP residual norm 1.123608e-07
 35 (restart 0) KSP residual norm 1.109635e-07
 36 (restart 0) KSP residual norm 1.100425e-07
 37 (restart 0) KSP residual norm 1.075394e-07
 38 (restart 0) KSP residual norm 1.059279e-07
 39 (restart 0) KSP residual norm 9.644563e-08
 40 (restart 0) KSP residual norm 9.222296e-08
 41 (restart 0) KSP residual norm 8.496108e-08
 42 (restart 0) KSP residual norm 7.537285e-08
 43 (restart 0) KSP residual norm 6.898563e-08
 44 (restart 0) KSP residual norm 6.136567e-08
 45 (restart 0) KSP residual norm 5.082657e-08
 46 (restart 0) KSP residual norm 4.313908e-08
 47 (restart 0) KSP residual norm 3.548520e-08
 48 (restart 0) KSP residual norm 2.796127e-08
 49 (restart 0) KSP residual norm 2.040613e-08
 50 (restart 0) KSP residual norm 1.635489e-08
 51 (restart 0) KSP residual norm 1.293534e-08
 52 (restart 0) KSP residual norm 9.855791e-09
 53 (restart 0) KSP residual norm 6.710250e-09
 54 (restart 0) KSP residual norm 4.966559e-09
GMRES solver converged in 54 iterations (avg. reduction factor: 8.613e-01)
2 NLEPS (nconv=7, restart=0) residual norm 2.212735e-04
  Residual norms for GMRES solve
  0 (restart 0) KSP residual norm 1.627940e-05
  1 (restart 0) KSP residual norm 6.353592e-06
  2 (restart 0) KSP residual norm 6.347844e-06
  3 (restart 0) KSP residual norm 3.915984e-06
  4 (restart 0) KSP residual norm 2.803874e-06
  5 (restart 0) KSP residual norm 1.829988e-06
  6 (restart 0) KSP residual norm 6.902869e-07
  7 (restart 0) KSP residual norm 4.027772e-07
  8 (restart 0) KSP residual norm 3.854647e-07
  9 (restart 0) KSP residual norm 2.567167e-07
 10 (restart 0) KSP residual norm 1.887585e-07
 11 (restart 0) KSP residual norm 1.854525e-07
 12 (restart 0) KSP residual norm 1.728487e-07
 13 (restart 0) KSP residual norm 1.658895e-07
 14 (restart 0) KSP residual norm 1.605438e-07
 15 (restart 0) KSP residual norm 1.602136e-07
 16 (restart 0) KSP residual norm 1.601716e-07
 17 (restart 0) KSP residual norm 1.565898e-07
 18 (restart 0) KSP residual norm 1.530128e-07
 19 (restart 0) KSP residual norm 1.497992e-07
 20 (restart 0) KSP residual norm 1.443330e-07
 21 (restart 0) KSP residual norm 1.436890e-07
 22 (restart 0) KSP residual norm 1.426972e-07
 23 (restart 0) KSP residual norm 1.326351e-07
 24 (restart 0) KSP residual norm 1.317724e-07
 25 (restart 0) KSP residual norm 1.268465e-07
 26 (restart 0) KSP residual norm 1.187209e-07
 27 (restart 0) KSP residual norm 1.182673e-07
 28 (restart 0) KSP residual norm 1.171380e-07
 29 (restart 0) KSP residual norm 1.133350e-07
 30 (restart 0) KSP residual norm 1.107253e-07
 31 (restart 0) KSP residual norm 1.044775e-07
 32 (restart 0) KSP residual norm 9.772222e-08
 33 (restart 0) KSP residual norm 8.964365e-08
 34 (restart 0) KSP residual norm 8.358862e-08
 35 (restart 0) KSP residual norm 7.487719e-08
 36 (restart 0) KSP residual norm 6.997585e-08
 37 (restart 0) KSP residual norm 6.155726e-08
 38 (restart 0) KSP residual norm 5.536740e-08
 39 (restart 0) KSP residual norm 4.439961e-08
 40 (restart 0) KSP residual norm 3.981179e-08
 41 (restart 0) KSP residual norm 3.484140e-08
 42 (restart 0) KSP residual norm 2.867256e-08
 43 (restart 0) KSP residual norm 2.239569e-08
 44 (restart 0) KSP residual norm 1.824684e-08
 45 (restart 0) KSP residual norm 1.526191e-08
 46 (restart 0) KSP residual norm 1.270031e-08
 47 (restart 0) KSP residual norm 9.915232e-09
 48 (restart 0) KSP residual norm 8.241147e-09
 49 (restart 0) KSP residual norm 6.569077e-09
 50 (restart 0) KSP residual norm 5.318402e-09
 51 (restart 0) KSP residual norm 4.394553e-09
 52 (restart 0) KSP residual norm 3.832719e-09
 53 (restart 0) KSP residual norm 3.075226e-09
GMRES solver converged in 53 iterations (avg. reduction factor: 8.506e-01)
3 NLEPS (nconv=7, restart=0) residual norm 3.749349e-05
  Residual norms for GMRES solve
  0 (restart 0) KSP residual norm 6.570079e-09
  1 (restart 0) KSP residual norm 6.377627e-09
  2 (restart 0) KSP residual norm 5.664775e-09
  3 (restart 0) KSP residual norm 5.325063e-09
  4 (restart 0) KSP residual norm 4.612801e-09
  5 (restart 0) KSP residual norm 3.844027e-09
  6 (restart 0) KSP residual norm 3.511240e-09
  7 (restart 0) KSP residual norm 3.365857e-09
  8 (restart 0) KSP residual norm 3.038294e-09
  9 (restart 0) KSP residual norm 2.928965e-09
 10 (restart 0) KSP residual norm 2.801129e-09
 11 (restart 0) KSP residual norm 2.582001e-09
 12 (restart 0) KSP residual norm 2.474432e-09
 13 (restart 0) KSP residual norm 2.405991e-09
 14 (restart 0) KSP residual norm 2.183051e-09
 15 (restart 0) KSP residual norm 2.013582e-09
 16 (restart 0) KSP residual norm 1.686539e-09
 17 (restart 0) KSP residual norm 1.483179e-09
 18 (restart 0) KSP residual norm 1.323306e-09
 19 (restart 0) KSP residual norm 1.105116e-09
 20 (restart 0) KSP residual norm 9.596138e-10
 21 (restart 0) KSP residual norm 7.624657e-10
 22 (restart 0) KSP residual norm 6.304190e-10
 23 (restart 0) KSP residual norm 5.288547e-10
 24 (restart 0) KSP residual norm 4.761771e-10
 25 (restart 0) KSP residual norm 4.148611e-10
 26 (restart 0) KSP residual norm 3.635810e-10
 27 (restart 0) KSP residual norm 3.148045e-10
 28 (restart 0) KSP residual norm 2.655972e-10
 29 (restart 0) KSP residual norm 2.293826e-10
 30 (restart 0) KSP residual norm 1.866749e-10
 31 (restart 0) KSP residual norm 1.512873e-10
 32 (restart 0) KSP residual norm 1.240179e-10
 33 (restart 0) KSP residual norm 1.019839e-10
 34 (restart 0) KSP residual norm 8.705133e-11
 35 (restart 0) KSP residual norm 7.267654e-11
 36 (restart 0) KSP residual norm 5.790968e-11
 37 (restart 0) KSP residual norm 4.935198e-11
 38 (restart 0) KSP residual norm 3.807536e-11
 39 (restart 0) KSP residual norm 3.221198e-11
 40 (restart 0) KSP residual norm 2.532308e-11
 41 (restart 0) KSP residual norm 2.226733e-11
 42 (restart 0) KSP residual norm 1.828744e-11
 43 (restart 0) KSP residual norm 1.425119e-11
 44 (restart 0) KSP residual norm 1.159232e-11
 45 (restart 0) KSP residual norm 9.548071e-12
 46 (restart 0) KSP residual norm 7.885875e-12
 47 (restart 0) KSP residual norm 6.818243e-12
 48 (restart 0) KSP residual norm 6.296974e-12
 49 (restart 0) KSP residual norm 5.816033e-12
 50 (restart 0) KSP residual norm 5.347250e-12
 51 (restart 0) KSP residual norm 5.089728e-12
 52 (restart 0) KSP residual norm 4.687082e-12
 53 (restart 0) KSP residual norm 4.487588e-12
 54 (restart 0) KSP residual norm 4.337779e-12
 55 (restart 0) KSP residual norm 4.213764e-12
 56 (restart 0) KSP residual norm 4.140886e-12
 57 (restart 0) KSP residual norm 4.131107e-12
 58 (restart 0) KSP residual norm 4.020642e-12
 59 (restart 0) KSP residual norm 3.918159e-12
 60 (restart 0) KSP residual norm 3.917896e-12
 61 (restart 0) KSP residual norm 3.915013e-12
 62 (restart 0) KSP residual norm 3.873443e-12
 63 (restart 0) KSP residual norm 3.851168e-12
 64 (restart 0) KSP residual norm 3.838349e-12
 65 (restart 0) KSP residual norm 3.810032e-12
 66 (restart 0) KSP residual norm 3.800504e-12
 67 (restart 0) KSP residual norm 3.788837e-12
 68 (restart 0) KSP residual norm 3.787140e-12
 69 (restart 0) KSP residual norm 3.732840e-12
 70 (restart 0) KSP residual norm 3.714747e-12
 71 (restart 0) KSP residual norm 3.689707e-12
 72 (restart 0) KSP residual norm 3.656274e-12
 73 (restart 0) KSP residual norm 3.595654e-12
 74 (restart 0) KSP residual norm 3.517651e-12
 75 (restart 0) KSP residual norm 3.410117e-12
 76 (restart 0) KSP residual norm 3.279155e-12
 77 (restart 0) KSP residual norm 3.046160e-12
 78 (restart 0) KSP residual norm 2.803965e-12
 79 (restart 0) KSP residual norm 2.504599e-12
 80 (restart 0) KSP residual norm 2.208503e-12
 81 (restart 0) KSP residual norm 1.864699e-12
 82 (restart 0) KSP residual norm 1.569897e-12
 83 (restart 0) KSP residual norm 1.261978e-12
 84 (restart 0) KSP residual norm 9.857640e-13
GMRES solver converged in 84 iterations (avg. reduction factor: 9.005e-01)
4 NLEPS (nconv=7, restart=0) residual norm 1.581942e-08
Eigenvalue 7, Quasi-Newton converged in 4 iterations (-4.290e-04+1.192e+01i).

Computing solution error estimates and performing postprocessing

     m,        Re{f} (GHz),        Im{f} (GHz),                  Q,      Error (Bkwd.),       Error (Abs.)
     1,      +2.442215e+00,      +3.002541e-05,      +4.066913e+04,      +2.449555e-13,      +1.790320e-08
     2,      +2.598949e+00,      +8.052520e-05,      +1.613749e+04,      +1.453905e-13,      +1.062746e-08
     3,      +2.701640e+00,      +6.356434e-05,      +2.125122e+04,      +5.856555e-13,      +4.281245e-08
     4,      +2.701795e+00,      +6.368619e-05,      +2.121178e+04,      +2.271959e-13,      +1.660843e-08
     5,      +2.739531e+00,      +7.365114e-05,      +1.859802e+04,      +2.089071e-13,      +1.527194e-08
     6,      +2.739619e+00,      +7.364554e-05,      +1.860003e+04,      +2.211506e-13,      +1.616699e-08
     7,      +2.799589e+00,      +9.601330e-05,      +1.457917e+04,      +1.840834e-13,      +1.345788e-08
     8,      +2.880769e+00,      +1.036819e-04,      +1.389235e+04,      +2.142370e-13,      +1.566339e-08

Completed 0 iterations of adaptive mesh refinement (AMR):
 Indicator norm = 5.069e-02, global unknowns = 504926
 Max. iterations = 0, tol. = 1.000e-02

Estimated peak per-rank memory usage is: Min. 289.1M, Max. 371.9M, Avg. 330.2M, Total 10.3G
Estimated peak per-node memory usage is: Min. 10.3G, Max. 10.3G, Avg. 10.3G, Total 10.3G

Elapsed Time Report (s)           Min.        Max.        Avg.
==============================================================
Initialization                   0.210       0.571       0.559
  Mesh Preprocessing             0.385       0.747       0.397
Operator Construction            1.470       1.493       1.490
Linear Solve                    84.854      86.051      85.387
  Setup                          8.525       8.526       8.526
  Preconditioner               851.094     853.131     852.550
  Coarse Solve                  55.584      56.955      56.034
Eigenvalue Solve                 5.172       5.296       5.245
Div.-Free Projection            15.124      15.181      15.147
Estimation                       0.071       0.095       0.092
  Construction                   0.276       0.276       0.276
  Solve                         16.194      16.210      16.200
Postprocessing                   1.267       1.281       1.269
Disk IO                          0.815       0.819       0.816
--------------------------------------------------------------
Total                         1045.127    1045.142    1045.135

Peak Memory                   Per-Node       Total   Total HWM
==============================================================
Initialization                   48.6M       48.6M       48.6M
  Mesh Preprocessing            134.4M      134.4M      183.0M
Operator Construction             1.6G        1.6G        1.8G
Linear Solve                      0.0K        0.0K        1.8G
  Setup                         916.0M      916.0M        2.7G
  Preconditioner                  3.2M        3.2M        2.7G
  Coarse Solve                    5.2G        5.2G        7.8G
Eigenvalue Solve                373.3M      373.3M        8.2G
Div.-Free Projection            274.3M      274.3M        8.5G
Estimation                      243.4M      243.4M        8.7G
  Construction                  405.1M      405.1M        9.1G
  Solve                         224.1M      224.1M        9.3G
Postprocessing                   52.3M       52.3M        9.4G
Disk IO                          79.4M       79.4M        9.5G
--------------------------------------------------------------
Total                             9.9G        9.9G        9.9G

