>> /opt/amip/envs/emsim/bin/mpirun -n 32 /opt/amip/palace/bin/palace-x86_64.bin h3-aspect-01.8ed8c7f2_11x8_barrel_g2-0.5_pec.json

_____________     _______
_____   __   \____ __   /____ ____________
____   /_/  /  __ ` /  /  __ ` /  ___/  _ \
___   _____/  /_/  /  /  /_/  /  /__/  ___/
  /__/     \___,__/__/\___,__/\_____\_____/

Git changeset ID: v0.17.0-293-g3c83b9db0
Running with 32 MPI processes, 1 OpenMP thread
Device configuration: omp,cpu
Memory configuration: host-std
libCEED backend: /cpu/self/xsmm/blocked

Added 28 duplicate vertices for interior boundaries in the mesh
Added 42 duplicate boundary elements for interior boundaries in the mesh
Added 17307 boundary elements for material interfaces to the mesh

Characteristic length and time scales:
 Lc = 1.974e-01 m, tc = 6.585e-01 ns
Finished partitioning mesh into 32 subdomains

Mesh curvature order: 2
Mesh bounding box:
 (Xmin, Ymin, Zmin) = (-8.800e-02, -8.800e-02, -9.871e-02) m
 (Xmax, Ymax, Zmax) = (+8.800e-02, +8.800e-02, +9.871e-02) m

Parallel Mesh Stats:

                minimum     average     maximum       total
 vertices           308         456         685       14595
 edges             2532        2965        3588       94894
 faces             4610        4907        5279      157036
 elements          2328        2398        2469       76736
 neighbors            3           8          19

            minimum     maximum
 h      0.000688673    0.174426
 kappa      1.02098     57.4104

Estimated current per-rank memory usage is: Min. 32.8M, Max. 96.6M, Avg. 35.4M, Total 1.1G
Estimated current per-node memory usage is: Min. 1.1G, Max. 1.1G, Avg. 1.1G, Total 1.1G

Configuring Robin finite conductivity BC at attributes:
 90: σ = 3.500e+07 S/m, n = (+0.1,-0.6,-0.8)
 92: σ = 5.800e+07 S/m, n = (-0.1,-0.1,+1.0)

Configuring Dirichlet PEC BC at attributes:
 91

Assembling system matrices, number of global unknowns:
 H1 (p = 2): 109489, ND (p = 2): 503860, RT (p = 2): 701316
 Operator assembly level: Partial
 Mesh geometries:
  Tetrahedron: P = 20, Q = 14 (quadrature order = 4)

Configuring SLEPc eigenvalue solver:
 Scaling γ = 3.152e+01, δ = 3.824e-07
 Configuring divergence-free projection
 Using random starting vector
 Shift-and-invert σ = 2.380e+00 GHz (9.847e+00)

Assembling multigrid hierarchy:
 Level 0 (p = 1): 94894 unknowns
 Level 1 (p = 2): 503860 unknowns
 Level 0 (auxiliary) (p = 1): 14595 unknowns
 Level 1 (auxiliary) (p = 2): 109489 unknowns

#PETSc Option Table entries:
-eps_monitor # (source: code)
#End of PETSc Option Table entries

  Residual norms for GMRES solve
  0 (restart 0) KSP residual norm 9.303909e-01
  1 (restart 0) KSP residual norm 4.705210e-01
  2 (restart 0) KSP residual norm 1.418765e-01
  3 (restart 0) KSP residual norm 4.805150e-02
  4 (restart 0) KSP residual norm 1.685536e-02
  5 (restart 0) KSP residual norm 7.228166e-03
  6 (restart 0) KSP residual norm 5.220780e-03
  7 (restart 0) KSP residual norm 2.780567e-03
  8 (restart 0) KSP residual norm 1.733157e-03
  9 (restart 0) KSP residual norm 9.587839e-04
 10 (restart 0) KSP residual norm 4.537084e-04
 11 (restart 0) KSP residual norm 3.485490e-04
 12 (restart 0) KSP residual norm 2.237069e-04
 13 (restart 0) KSP residual norm 1.638710e-04
 14 (restart 0) KSP residual norm 1.065486e-04
 15 (restart 0) KSP residual norm 7.661609e-05
 16 (restart 0) KSP residual norm 6.649537e-05
 17 (restart 0) KSP residual norm 4.597480e-05
 18 (restart 0) KSP residual norm 3.603541e-05
 19 (restart 0) KSP residual norm 3.038321e-05
 20 (restart 0) KSP residual norm 2.455675e-05
 21 (restart 0) KSP residual norm 1.875882e-05
 22 (restart 0) KSP residual norm 1.470371e-05
 23 (restart 0) KSP residual norm 1.205002e-05
 24 (restart 0) KSP residual norm 9.641999e-06
 25 (restart 0) KSP residual norm 7.390782e-06
 26 (restart 0) KSP residual norm 5.256758e-06
 27 (restart 0) KSP residual norm 3.949558e-06
 28 (restart 0) KSP residual norm 3.171474e-06
 29 (restart 0) KSP residual norm 2.497882e-06
 30 (restart 0) KSP residual norm 2.016588e-06
 31 (restart 0) KSP residual norm 1.754246e-06
 32 (restart 0) KSP residual norm 1.545791e-06
 33 (restart 0) KSP residual norm 1.328919e-06
 34 (restart 0) KSP residual norm 1.140325e-06
 35 (restart 0) KSP residual norm 9.756553e-07
 36 (restart 0) KSP residual norm 8.014718e-07
 37 (restart 0) KSP residual norm 6.365693e-07
 38 (restart 0) KSP residual norm 4.952057e-07
 39 (restart 0) KSP residual norm 3.841591e-07
 40 (restart 0) KSP residual norm 3.003721e-07
 41 (restart 0) KSP residual norm 2.293932e-07
 42 (restart 0) KSP residual norm 1.734543e-07
 43 (restart 0) KSP residual norm 1.291560e-07
 44 (restart 0) KSP residual norm 9.679091e-08
 45 (restart 0) KSP residual norm 7.376588e-08
 46 (restart 0) KSP residual norm 5.450713e-08
 47 (restart 0) KSP residual norm 4.041421e-08
 48 (restart 0) KSP residual norm 3.075290e-08
 49 (restart 0) KSP residual norm 2.373064e-08
 50 (restart 0) KSP residual norm 1.847144e-08
 51 (restart 0) KSP residual norm 1.405946e-08
 52 (restart 0) KSP residual norm 1.067462e-08
 53 (restart 0) KSP residual norm 8.323812e-09
GMRES solver converged in 53 iterations (avg. reduction factor: 7.049e-01)
  Residual norms for GMRES solve
  0 (restart 0) KSP residual norm 2.069738e+01
  1 (restart 0) KSP residual norm 1.809991e+01
  2 (restart 0) KSP residual norm 8.933123e+00
  3 (restart 0) KSP residual norm 2.430142e+00
  4 (restart 0) KSP residual norm 1.173752e+00
  5 (restart 0) KSP residual norm 3.010483e-01
  6 (restart 0) KSP residual norm 1.602914e-01
  7 (restart 0) KSP residual norm 1.472587e-01
  8 (restart 0) KSP residual norm 2.607254e-02
  9 (restart 0) KSP residual norm 4.854566e-03
 10 (restart 0) KSP residual norm 2.231221e-03
 11 (restart 0) KSP residual norm 1.275350e-03
 12 (restart 0) KSP residual norm 6.384126e-04
 13 (restart 0) KSP residual norm 3.783461e-04
 14 (restart 0) KSP residual norm 2.167200e-04
 15 (restart 0) KSP residual norm 1.442677e-04
 16 (restart 0) KSP residual norm 1.001598e-04
 17 (restart 0) KSP residual norm 7.001121e-05
 18 (restart 0) KSP residual norm 5.333899e-05
 19 (restart 0) KSP residual norm 4.316844e-05
 20 (restart 0) KSP residual norm 3.445545e-05
 21 (restart 0) KSP residual norm 2.619896e-05
 22 (restart 0) KSP residual norm 2.018834e-05
 23 (restart 0) KSP residual norm 1.543914e-05
 24 (restart 0) KSP residual norm 1.184087e-05
 25 (restart 0) KSP residual norm 9.158620e-06
 26 (restart 0) KSP residual norm 6.591438e-06
 27 (restart 0) KSP residual norm 4.467666e-06
 28 (restart 0) KSP residual norm 3.218205e-06
 29 (restart 0) KSP residual norm 2.385472e-06
 30 (restart 0) KSP residual norm 1.750428e-06
 31 (restart 0) KSP residual norm 1.360279e-06
 32 (restart 0) KSP residual norm 1.083296e-06
 33 (restart 0) KSP residual norm 8.875499e-07
 34 (restart 0) KSP residual norm 7.575839e-07
 35 (restart 0) KSP residual norm 6.489427e-07
 36 (restart 0) KSP residual norm 5.553826e-07
 37 (restart 0) KSP residual norm 4.766709e-07
 38 (restart 0) KSP residual norm 3.987055e-07
 39 (restart 0) KSP residual norm 3.250057e-07
 40 (restart 0) KSP residual norm 2.522008e-07
 41 (restart 0) KSP residual norm 1.895135e-07
GMRES solver converged in 41 iterations (avg. reduction factor: 6.367e-01)
  Residual norms for GMRES solve
  0 (restart 0) KSP residual norm 3.143184e+01
  1 (restart 0) KSP residual norm 2.666193e+01
  2 (restart 0) KSP residual norm 1.203493e+01
  3 (restart 0) KSP residual norm 3.258431e+00
  4 (restart 0) KSP residual norm 1.441654e+00
  5 (restart 0) KSP residual norm 3.518668e-01
  6 (restart 0) KSP residual norm 2.580030e-01
  7 (restart 0) KSP residual norm 2.080073e-01
  8 (restart 0) KSP residual norm 3.486253e-02
  9 (restart 0) KSP residual norm 6.871139e-03
 10 (restart 0) KSP residual norm 3.456720e-03
 11 (restart 0) KSP residual norm 1.954985e-03
 12 (restart 0) KSP residual norm 8.819321e-04
 13 (restart 0) KSP residual norm 5.082210e-04
 14 (restart 0) KSP residual norm 2.787681e-04
 15 (restart 0) KSP residual norm 1.590223e-04
 16 (restart 0) KSP residual norm 1.032886e-04
 17 (restart 0) KSP residual norm 6.313661e-05
 18 (restart 0) KSP residual norm 4.146072e-05
 19 (restart 0) KSP residual norm 3.219129e-05
 20 (restart 0) KSP residual norm 2.669942e-05
 21 (restart 0) KSP residual norm 2.184302e-05
 22 (restart 0) KSP residual norm 1.710818e-05
 23 (restart 0) KSP residual norm 1.259677e-05
 24 (restart 0) KSP residual norm 9.315897e-06
 25 (restart 0) KSP residual norm 7.377153e-06
 26 (restart 0) KSP residual norm 5.316710e-06
 27 (restart 0) KSP residual norm 3.656598e-06
 28 (restart 0) KSP residual norm 2.572529e-06
 29 (restart 0) KSP residual norm 1.899581e-06
 30 (restart 0) KSP residual norm 1.416282e-06
 31 (restart 0) KSP residual norm 1.095303e-06
 32 (restart 0) KSP residual norm 8.548158e-07
 33 (restart 0) KSP residual norm 7.017286e-07
 34 (restart 0) KSP residual norm 5.840270e-07
 35 (restart 0) KSP residual norm 4.878152e-07
 36 (restart 0) KSP residual norm 4.161989e-07
 37 (restart 0) KSP residual norm 3.503673e-07
 38 (restart 0) KSP residual norm 2.883744e-07
GMRES solver converged in 38 iterations (avg. reduction factor: 6.145e-01)
  Residual norms for GMRES solve
  0 (restart 0) KSP residual norm 1.350432e+02
  1 (restart 0) KSP residual norm 7.674707e+00
  2 (restart 0) KSP residual norm 4.543417e+00
  3 (restart 0) KSP residual norm 1.115712e+00
  4 (restart 0) KSP residual norm 6.607981e-01
  5 (restart 0) KSP residual norm 2.647043e-01
  6 (restart 0) KSP residual norm 1.015765e-01
  7 (restart 0) KSP residual norm 5.090742e-02
  8 (restart 0) KSP residual norm 2.021377e-02
  9 (restart 0) KSP residual norm 4.398518e-03
 10 (restart 0) KSP residual norm 1.288946e-03
 11 (restart 0) KSP residual norm 6.893347e-04
 12 (restart 0) KSP residual norm 4.244834e-04
 13 (restart 0) KSP residual norm 2.129739e-04
 14 (restart 0) KSP residual norm 1.671672e-04
 15 (restart 0) KSP residual norm 1.003673e-04
 16 (restart 0) KSP residual norm 4.749129e-05
 17 (restart 0) KSP residual norm 3.169711e-05
 18 (restart 0) KSP residual norm 2.136324e-05
 19 (restart 0) KSP residual norm 1.502273e-05
 20 (restart 0) KSP residual norm 1.166248e-05
 21 (restart 0) KSP residual norm 9.803319e-06
 22 (restart 0) KSP residual norm 7.619033e-06
 23 (restart 0) KSP residual norm 5.534002e-06
 24 (restart 0) KSP residual norm 4.359100e-06
 25 (restart 0) KSP residual norm 3.437410e-06
 26 (restart 0) KSP residual norm 2.530262e-06
 27 (restart 0) KSP residual norm 1.924913e-06
 28 (restart 0) KSP residual norm 1.364901e-06
 29 (restart 0) KSP residual norm 1.019849e-06
GMRES solver converged in 29 iterations (avg. reduction factor: 5.247e-01)
  Residual norms for GMRES solve
  0 (restart 0) KSP residual norm 8.446698e+01
  1 (restart 0) KSP residual norm 2.862190e+01
  2 (restart 0) KSP residual norm 9.855072e+00
  3 (restart 0) KSP residual norm 2.700653e+00
  4 (restart 0) KSP residual norm 1.480702e+00
  5 (restart 0) KSP residual norm 4.165622e-01
  6 (restart 0) KSP residual norm 1.910896e-01
  7 (restart 0) KSP residual norm 1.588893e-01
  8 (restart 0) KSP residual norm 4.199418e-02
  9 (restart 0) KSP residual norm 7.977260e-03
 10 (restart 0) KSP residual norm 2.586481e-03
 11 (restart 0) KSP residual norm 1.557067e-03
 12 (restart 0) KSP residual norm 7.434049e-04
 13 (restart 0) KSP residual norm 3.977695e-04
 14 (restart 0) KSP residual norm 2.348570e-04
 15 (restart 0) KSP residual norm 1.286781e-04
 16 (restart 0) KSP residual norm 7.164030e-05
 17 (restart 0) KSP residual norm 4.325525e-05
 18 (restart 0) KSP residual norm 2.441010e-05
 19 (restart 0) KSP residual norm 1.357980e-05
 20 (restart 0) KSP residual norm 9.177586e-06
 21 (restart 0) KSP residual norm 6.775601e-06
 22 (restart 0) KSP residual norm 5.403361e-06
 23 (restart 0) KSP residual norm 4.126511e-06
 24 (restart 0) KSP residual norm 2.954386e-06
 25 (restart 0) KSP residual norm 2.166094e-06
 26 (restart 0) KSP residual norm 1.633838e-06
 27 (restart 0) KSP residual norm 1.223979e-06
 28 (restart 0) KSP residual norm 8.937549e-07
 29 (restart 0) KSP residual norm 6.834419e-07
GMRES solver converged in 29 iterations (avg. reduction factor: 5.260e-01)
  Residual norms for GMRES solve
  0 (restart 0) KSP residual norm 6.696414e+01
  1 (restart 0) KSP residual norm 2.095323e+01
  2 (restart 0) KSP residual norm 1.232468e+01
  3 (restart 0) KSP residual norm 2.354118e+00
  4 (restart 0) KSP residual norm 1.229270e+00
  5 (restart 0) KSP residual norm 4.577351e-01
  6 (restart 0) KSP residual norm 1.494411e-01
  7 (restart 0) KSP residual norm 1.211041e-01
  8 (restart 0) KSP residual norm 5.261130e-02
  9 (restart 0) KSP residual norm 7.760560e-03
 10 (restart 0) KSP residual norm 2.275325e-03
 11 (restart 0) KSP residual norm 1.148824e-03
 12 (restart 0) KSP residual norm 6.325497e-04
 13 (restart 0) KSP residual norm 3.436800e-04
 14 (restart 0) KSP residual norm 1.833890e-04
 15 (restart 0) KSP residual norm 1.003247e-04
 16 (restart 0) KSP residual norm 5.844246e-05
 17 (restart 0) KSP residual norm 3.802666e-05
 18 (restart 0) KSP residual norm 2.232700e-05
 19 (restart 0) KSP residual norm 1.397655e-05
 20 (restart 0) KSP residual norm 1.026004e-05
 21 (restart 0) KSP residual norm 8.147674e-06
 22 (restart 0) KSP residual norm 6.307818e-06
 23 (restart 0) KSP residual norm 4.843068e-06
 24 (restart 0) KSP residual norm 3.416193e-06
 25 (restart 0) KSP residual norm 2.597631e-06
 26 (restart 0) KSP residual norm 2.066917e-06
 27 (restart 0) KSP residual norm 1.611365e-06
 28 (restart 0) KSP residual norm 1.204520e-06
 29 (restart 0) KSP residual norm 8.946449e-07
 30 (restart 0) KSP residual norm 6.760002e-07
 31 (restart 0) KSP residual norm 5.051862e-07
GMRES solver converged in 31 iterations (avg. reduction factor: 5.470e-01)
  Residual norms for GMRES solve
  0 (restart 0) KSP residual norm 2.572439e+01
  1 (restart 0) KSP residual norm 7.064143e+00
  2 (restart 0) KSP residual norm 2.203667e+00
  3 (restart 0) KSP residual norm 9.704533e-01
  4 (restart 0) KSP residual norm 1.759843e-01
  5 (restart 0) KSP residual norm 8.491342e-02
  6 (restart 0) KSP residual norm 4.175971e-02
  7 (restart 0) KSP residual norm 2.783248e-02
  8 (restart 0) KSP residual norm 1.715492e-02
  9 (restart 0) KSP residual norm 4.096811e-03
 10 (restart 0) KSP residual norm 7.261826e-04
 11 (restart 0) KSP residual norm 3.656846e-04
 12 (restart 0) KSP residual norm 2.189011e-04
 13 (restart 0) KSP residual norm 9.014568e-05
 14 (restart 0) KSP residual norm 6.948276e-05
 15 (restart 0) KSP residual norm 4.786019e-05
 16 (restart 0) KSP residual norm 2.188074e-05
 17 (restart 0) KSP residual norm 1.227572e-05
 18 (restart 0) KSP residual norm 8.487744e-06
 19 (restart 0) KSP residual norm 6.264991e-06
 20 (restart 0) KSP residual norm 4.623817e-06
 21 (restart 0) KSP residual norm 3.804717e-06
 22 (restart 0) KSP residual norm 3.046214e-06
 23 (restart 0) KSP residual norm 2.254077e-06
 24 (restart 0) KSP residual norm 1.651101e-06
 25 (restart 0) KSP residual norm 1.331183e-06
 26 (restart 0) KSP residual norm 1.013260e-06
 27 (restart 0) KSP residual norm 7.198882e-07
 28 (restart 0) KSP residual norm 5.007520e-07
 29 (restart 0) KSP residual norm 3.382537e-07
 30 (restart 0) KSP residual norm 2.286428e-07
GMRES solver converged in 30 iterations (avg. reduction factor: 5.390e-01)
  Residual norms for GMRES solve
  0 (restart 0) KSP residual norm 8.413922e+00
  1 (restart 0) KSP residual norm 5.488804e+00
  2 (restart 0) KSP residual norm 1.164753e+00
  3 (restart 0) KSP residual norm 6.056889e-01
  4 (restart 0) KSP residual norm 1.614991e-01
  5 (restart 0) KSP residual norm 7.785048e-02
  6 (restart 0) KSP residual norm 6.140589e-02
  7 (restart 0) KSP residual norm 1.720151e-02
  8 (restart 0) KSP residual norm 4.713959e-03
  9 (restart 0) KSP residual norm 2.589531e-03
 10 (restart 0) KSP residual norm 7.414724e-04
 11 (restart 0) KSP residual norm 2.312173e-04
 12 (restart 0) KSP residual norm 1.919005e-04
 13 (restart 0) KSP residual norm 1.078736e-04
 14 (restart 0) KSP residual norm 8.007160e-05
 15 (restart 0) KSP residual norm 6.375997e-05
 16 (restart 0) KSP residual norm 3.647525e-05
 17 (restart 0) KSP residual norm 2.971991e-05
 18 (restart 0) KSP residual norm 2.275226e-05
 19 (restart 0) KSP residual norm 1.708460e-05
 20 (restart 0) KSP residual norm 1.393308e-05
 21 (restart 0) KSP residual norm 1.140242e-05
 22 (restart 0) KSP residual norm 8.625252e-06
 23 (restart 0) KSP residual norm 6.727661e-06
 24 (restart 0) KSP residual norm 5.352844e-06
 25 (restart 0) KSP residual norm 3.917882e-06
 26 (restart 0) KSP residual norm 2.843050e-06
 27 (restart 0) KSP residual norm 2.097040e-06
 28 (restart 0) KSP residual norm 1.533963e-06
 29 (restart 0) KSP residual norm 1.115178e-06
 30 (restart 0) KSP residual norm 8.597731e-07
 31 (restart 0) KSP residual norm 6.890284e-07
 32 (restart 0) KSP residual norm 5.592100e-07
 33 (restart 0) KSP residual norm 4.701956e-07
 34 (restart 0) KSP residual norm 4.051065e-07
 35 (restart 0) KSP residual norm 3.439127e-07
 36 (restart 0) KSP residual norm 2.884652e-07
 37 (restart 0) KSP residual norm 2.427766e-07
 38 (restart 0) KSP residual norm 1.961105e-07
 39 (restart 0) KSP residual norm 1.568723e-07
 40 (restart 0) KSP residual norm 1.212953e-07
 41 (restart 0) KSP residual norm 9.171840e-08
 42 (restart 0) KSP residual norm 6.737061e-08
GMRES solver converged in 42 iterations (avg. reduction factor: 6.415e-01)
  Residual norms for GMRES solve
  0 (restart 0) KSP residual norm 1.716281e+01
  1 (restart 0) KSP residual norm 6.023252e+00
  2 (restart 0) KSP residual norm 2.888761e+00
  3 (restart 0) KSP residual norm 1.067531e+00
  4 (restart 0) KSP residual norm 1.634470e-01
  5 (restart 0) KSP residual norm 8.677002e-02
  6 (restart 0) KSP residual norm 8.091497e-02
  7 (restart 0) KSP residual norm 4.094176e-02
  8 (restart 0) KSP residual norm 1.345383e-02
  9 (restart 0) KSP residual norm 3.917132e-03
 10 (restart 0) KSP residual norm 7.056579e-04
 11 (restart 0) KSP residual norm 4.233478e-04
 12 (restart 0) KSP residual norm 2.567183e-04
 13 (restart 0) KSP residual norm 1.213437e-04
 14 (restart 0) KSP residual norm 1.030104e-04
 15 (restart 0) KSP residual norm 5.491574e-05
 16 (restart 0) KSP residual norm 2.459816e-05
 17 (restart 0) KSP residual norm 1.461490e-05
 18 (restart 0) KSP residual norm 9.263925e-06
 19 (restart 0) KSP residual norm 5.688870e-06
 20 (restart 0) KSP residual norm 3.533865e-06
 21 (restart 0) KSP residual norm 2.791646e-06
 22 (restart 0) KSP residual norm 2.222145e-06
 23 (restart 0) KSP residual norm 1.667568e-06
 24 (restart 0) KSP residual norm 1.259954e-06
 25 (restart 0) KSP residual norm 1.006964e-06
 26 (restart 0) KSP residual norm 8.051544e-07
 27 (restart 0) KSP residual norm 6.545151e-07
 28 (restart 0) KSP residual norm 5.391908e-07
 29 (restart 0) KSP residual norm 4.338339e-07
 30 (restart 0) KSP residual norm 3.544553e-07
 31 (restart 0) KSP residual norm 2.921393e-07
 32 (restart 0) KSP residual norm 2.365273e-07
 33 (restart 0) KSP residual norm 1.919728e-07
 34 (restart 0) KSP residual norm 1.594959e-07
GMRES solver converged in 34 iterations (avg. reduction factor: 5.805e-01)
  Residual norms for GMRES solve
  0 (restart 0) KSP residual norm 8.747194e+00
  1 (restart 0) KSP residual norm 5.719332e+00
  2 (restart 0) KSP residual norm 1.488667e+00
  3 (restart 0) KSP residual norm 8.571507e-01
  4 (restart 0) KSP residual norm 3.094832e-01
  5 (restart 0) KSP residual norm 1.692094e-01
  6 (restart 0) KSP residual norm 6.143599e-02
  7 (restart 0) KSP residual norm 3.037477e-02
  8 (restart 0) KSP residual norm 1.371438e-02
  9 (restart 0) KSP residual norm 2.591374e-03
 10 (restart 0) KSP residual norm 6.814618e-04
 11 (restart 0) KSP residual norm 3.959146e-04
 12 (restart 0) KSP residual norm 2.615616e-04
 13 (restart 0) KSP residual norm 1.757327e-04
 14 (restart 0) KSP residual norm 1.414837e-04
 15 (restart 0) KSP residual norm 8.843593e-05
 16 (restart 0) KSP residual norm 6.593220e-05
 17 (restart 0) KSP residual norm 5.256562e-05
 18 (restart 0) KSP residual norm 3.910658e-05
 19 (restart 0) KSP residual norm 3.095288e-05
 20 (restart 0) KSP residual norm 2.566127e-05
 21 (restart 0) KSP residual norm 2.017096e-05
 22 (restart 0) KSP residual norm 1.544986e-05
 23 (restart 0) KSP residual norm 1.199743e-05
 24 (restart 0) KSP residual norm 9.150439e-06
 25 (restart 0) KSP residual norm 6.810292e-06
 26 (restart 0) KSP residual norm 5.075650e-06
 27 (restart 0) KSP residual norm 3.714666e-06
 28 (restart 0) KSP residual norm 2.676834e-06
 29 (restart 0) KSP residual norm 1.990249e-06
 30 (restart 0) KSP residual norm 1.566737e-06
 31 (restart 0) KSP residual norm 1.243927e-06
 32 (restart 0) KSP residual norm 1.039133e-06
 33 (restart 0) KSP residual norm 8.829063e-07
 34 (restart 0) KSP residual norm 7.515687e-07
 35 (restart 0) KSP residual norm 6.400661e-07
 36 (restart 0) KSP residual norm 5.367611e-07
 37 (restart 0) KSP residual norm 4.432447e-07
 38 (restart 0) KSP residual norm 3.618924e-07
 39 (restart 0) KSP residual norm 2.900743e-07
 40 (restart 0) KSP residual norm 2.239472e-07
 41 (restart 0) KSP residual norm 1.688345e-07
 42 (restart 0) KSP residual norm 1.238110e-07
 43 (restart 0) KSP residual norm 9.105721e-08
 44 (restart 0) KSP residual norm 6.706291e-08
GMRES solver converged in 44 iterations (avg. reduction factor: 6.540e-01)
  Residual norms for GMRES solve
  0 (restart 0) KSP residual norm 7.346950e+00
  1 (restart 0) KSP residual norm 4.637479e+00
  2 (restart 0) KSP residual norm 1.514426e+00
  3 (restart 0) KSP residual norm 9.001704e-01
  4 (restart 0) KSP residual norm 4.441424e-01
  5 (restart 0) KSP residual norm 2.573262e-01
  6 (restart 0) KSP residual norm 8.781509e-02
  7 (restart 0) KSP residual norm 2.813611e-02
  8 (restart 0) KSP residual norm 1.218455e-02
  9 (restart 0) KSP residual norm 3.937156e-03
 10 (restart 0) KSP residual norm 1.184279e-03
 11 (restart 0) KSP residual norm 5.498775e-04
 12 (restart 0) KSP residual norm 3.742942e-04
 13 (restart 0) KSP residual norm 2.101100e-04
 14 (restart 0) KSP residual norm 1.444305e-04
 15 (restart 0) KSP residual norm 9.966026e-05
 16 (restart 0) KSP residual norm 7.476653e-05
 17 (restart 0) KSP residual norm 5.626835e-05
 18 (restart 0) KSP residual norm 4.315880e-05
 19 (restart 0) KSP residual norm 3.528370e-05
 20 (restart 0) KSP residual norm 2.872195e-05
 21 (restart 0) KSP residual norm 2.210209e-05
 22 (restart 0) KSP residual norm 1.744050e-05
 23 (restart 0) KSP residual norm 1.373595e-05
 24 (restart 0) KSP residual norm 1.060538e-05
 25 (restart 0) KSP residual norm 7.914296e-06
 26 (restart 0) KSP residual norm 6.032698e-06
 27 (restart 0) KSP residual norm 4.336866e-06
 28 (restart 0) KSP residual norm 3.087794e-06
 29 (restart 0) KSP residual norm 2.415630e-06
 30 (restart 0) KSP residual norm 1.913952e-06
 31 (restart 0) KSP residual norm 1.556722e-06
 32 (restart 0) KSP residual norm 1.314103e-06
 33 (restart 0) KSP residual norm 1.120397e-06
 34 (restart 0) KSP residual norm 9.604029e-07
 35 (restart 0) KSP residual norm 8.229313e-07
 36 (restart 0) KSP residual norm 6.975728e-07
 37 (restart 0) KSP residual norm 5.803011e-07
 38 (restart 0) KSP residual norm 4.666166e-07
 39 (restart 0) KSP residual norm 3.629564e-07
 40 (restart 0) KSP residual norm 2.775652e-07
 41 (restart 0) KSP residual norm 2.010462e-07
 42 (restart 0) KSP residual norm 1.453461e-07
 43 (restart 0) KSP residual norm 1.081548e-07
 44 (restart 0) KSP residual norm 7.806655e-08
 45 (restart 0) KSP residual norm 5.733918e-08
GMRES solver converged in 45 iterations (avg. reduction factor: 6.604e-01)
  Residual norms for GMRES solve
  0 (restart 0) KSP residual norm 1.169010e+01
  1 (restart 0) KSP residual norm 5.863991e+00
  2 (restart 0) KSP residual norm 1.279952e+00
  3 (restart 0) KSP residual norm 9.060307e-01
  4 (restart 0) KSP residual norm 3.617194e-01
  5 (restart 0) KSP residual norm 1.847710e-01
  6 (restart 0) KSP residual norm 7.805222e-02
  7 (restart 0) KSP residual norm 3.068304e-02
  8 (restart 0) KSP residual norm 1.485555e-02
  9 (restart 0) KSP residual norm 4.067746e-03
 10 (restart 0) KSP residual norm 9.649787e-04
 11 (restart 0) KSP residual norm 4.438482e-04
 12 (restart 0) KSP residual norm 3.109475e-04
 13 (restart 0) KSP residual norm 1.705574e-04
 14 (restart 0) KSP residual norm 1.100234e-04
 15 (restart 0) KSP residual norm 8.308072e-05
 16 (restart 0) KSP residual norm 5.595875e-05
 17 (restart 0) KSP residual norm 4.278968e-05
 18 (restart 0) KSP residual norm 3.343560e-05
 19 (restart 0) KSP residual norm 2.597608e-05
 20 (restart 0) KSP residual norm 2.141726e-05
 21 (restart 0) KSP residual norm 1.667938e-05
 22 (restart 0) KSP residual norm 1.230658e-05
 23 (restart 0) KSP residual norm 9.773812e-06
 24 (restart 0) KSP residual norm 7.476951e-06
 25 (restart 0) KSP residual norm 5.568597e-06
 26 (restart 0) KSP residual norm 4.147210e-06
 27 (restart 0) KSP residual norm 3.047830e-06
 28 (restart 0) KSP residual norm 2.165411e-06
 29 (restart 0) KSP residual norm 1.589856e-06
 30 (restart 0) KSP residual norm 1.257325e-06
 31 (restart 0) KSP residual norm 1.000128e-06
 32 (restart 0) KSP residual norm 7.983376e-07
 33 (restart 0) KSP residual norm 6.798398e-07
 34 (restart 0) KSP residual norm 5.810230e-07
 35 (restart 0) KSP residual norm 4.934045e-07
 36 (restart 0) KSP residual norm 4.219990e-07
 37 (restart 0) KSP residual norm 3.565790e-07
 38 (restart 0) KSP residual norm 2.903391e-07
 39 (restart 0) KSP residual norm 2.297592e-07
 40 (restart 0) KSP residual norm 1.777029e-07
 41 (restart 0) KSP residual norm 1.317872e-07
 42 (restart 0) KSP residual norm 9.729767e-08
GMRES solver converged in 42 iterations (avg. reduction factor: 6.421e-01)
  Residual norms for GMRES solve
  0 (restart 0) KSP residual norm 7.490726e+00
  1 (restart 0) KSP residual norm 4.998339e+00
  2 (restart 0) KSP residual norm 9.221418e-01
  3 (restart 0) KSP residual norm 6.303014e-01
  4 (restart 0) KSP residual norm 2.286371e-01
  5 (restart 0) KSP residual norm 1.031958e-01
  6 (restart 0) KSP residual norm 5.431568e-02
  7 (restart 0) KSP residual norm 2.045646e-02
  8 (restart 0) KSP residual norm 6.684007e-03
  9 (restart 0) KSP residual norm 1.942597e-03
 10 (restart 0) KSP residual norm 6.926600e-04
 11 (restart 0) KSP residual norm 4.301303e-04
 12 (restart 0) KSP residual norm 2.949605e-04
 13 (restart 0) KSP residual norm 1.880996e-04
 14 (restart 0) KSP residual norm 1.368504e-04
 15 (restart 0) KSP residual norm 9.198354e-05
 16 (restart 0) KSP residual norm 7.120897e-05
 17 (restart 0) KSP residual norm 5.356527e-05
 18 (restart 0) KSP residual norm 4.242467e-05
 19 (restart 0) KSP residual norm 3.612386e-05
 20 (restart 0) KSP residual norm 2.862193e-05
 21 (restart 0) KSP residual norm 2.399505e-05
 22 (restart 0) KSP residual norm 1.812619e-05
 23 (restart 0) KSP residual norm 1.460461e-05
 24 (restart 0) KSP residual norm 1.113793e-05
 25 (restart 0) KSP residual norm 8.408163e-06
 26 (restart 0) KSP residual norm 6.194113e-06
 27 (restart 0) KSP residual norm 4.512248e-06
 28 (restart 0) KSP residual norm 3.314501e-06
 29 (restart 0) KSP residual norm 2.515984e-06
 30 (restart 0) KSP residual norm 2.006789e-06
 31 (restart 0) KSP residual norm 1.614857e-06
 32 (restart 0) KSP residual norm 1.360475e-06
 33 (restart 0) KSP residual norm 1.163903e-06
 34 (restart 0) KSP residual norm 9.943907e-07
 35 (restart 0) KSP residual norm 8.390883e-07
 36 (restart 0) KSP residual norm 6.970124e-07
 37 (restart 0) KSP residual norm 5.728141e-07
 38 (restart 0) KSP residual norm 4.601393e-07
 39 (restart 0) KSP residual norm 3.608678e-07
 40 (restart 0) KSP residual norm 2.758975e-07
 41 (restart 0) KSP residual norm 2.044255e-07
 42 (restart 0) KSP residual norm 1.488700e-07
 43 (restart 0) KSP residual norm 1.099169e-07
 44 (restart 0) KSP residual norm 8.093908e-08
 45 (restart 0) KSP residual norm 5.747606e-08
GMRES solver converged in 45 iterations (avg. reduction factor: 6.602e-01)
  Residual norms for GMRES solve
  0 (restart 0) KSP residual norm 7.418755e+00
  1 (restart 0) KSP residual norm 4.807502e+00
  2 (restart 0) KSP residual norm 1.197221e+00
  3 (restart 0) KSP residual norm 6.153877e-01
  4 (restart 0) KSP residual norm 1.555057e-01
  5 (restart 0) KSP residual norm 9.340453e-02
  6 (restart 0) KSP residual norm 4.155574e-02
  7 (restart 0) KSP residual norm 1.684173e-02
  8 (restart 0) KSP residual norm 9.823117e-03
  9 (restart 0) KSP residual norm 2.709131e-03
 10 (restart 0) KSP residual norm 5.589903e-04
 11 (restart 0) KSP residual norm 1.883088e-04
 12 (restart 0) KSP residual norm 1.226130e-04
 13 (restart 0) KSP residual norm 6.003142e-05
 14 (restart 0) KSP residual norm 3.563156e-05
 15 (restart 0) KSP residual norm 2.809715e-05
 16 (restart 0) KSP residual norm 1.786508e-05
 17 (restart 0) KSP residual norm 1.215310e-05
 18 (restart 0) KSP residual norm 9.609256e-06
 19 (restart 0) KSP residual norm 7.249094e-06
 20 (restart 0) KSP residual norm 5.674880e-06
 21 (restart 0) KSP residual norm 4.585875e-06
 22 (restart 0) KSP residual norm 3.750729e-06
 23 (restart 0) KSP residual norm 2.874409e-06
 24 (restart 0) KSP residual norm 2.315499e-06
 25 (restart 0) KSP residual norm 1.922670e-06
 26 (restart 0) KSP residual norm 1.484233e-06
 27 (restart 0) KSP residual norm 1.156522e-06
 28 (restart 0) KSP residual norm 9.147947e-07
 29 (restart 0) KSP residual norm 7.321007e-07
 30 (restart 0) KSP residual norm 5.979616e-07
 31 (restart 0) KSP residual norm 4.985533e-07
 32 (restart 0) KSP residual norm 4.092743e-07
 33 (restart 0) KSP residual norm 3.431728e-07
 34 (restart 0) KSP residual norm 2.863310e-07
 35 (restart 0) KSP residual norm 2.311527e-07
 36 (restart 0) KSP residual norm 1.838879e-07
 37 (restart 0) KSP residual norm 1.422323e-07
 38 (restart 0) KSP residual norm 1.100710e-07
 39 (restart 0) KSP residual norm 8.130649e-08
 40 (restart 0) KSP residual norm 5.868697e-08
GMRES solver converged in 40 iterations (avg. reduction factor: 6.273e-01)
  Residual norms for GMRES solve
  0 (restart 0) KSP residual norm 6.919982e+00
  1 (restart 0) KSP residual norm 3.213100e+00
  2 (restart 0) KSP residual norm 9.990414e-01
  3 (restart 0) KSP residual norm 6.879991e-01
  4 (restart 0) KSP residual norm 1.981523e-01
  5 (restart 0) KSP residual norm 9.415362e-02
  6 (restart 0) KSP residual norm 5.829974e-02
  7 (restart 0) KSP residual norm 1.746208e-02
  8 (restart 0) KSP residual norm 4.183041e-03
  9 (restart 0) KSP residual norm 2.305566e-03
 10 (restart 0) KSP residual norm 9.735703e-04
 11 (restart 0) KSP residual norm 2.223636e-04
 12 (restart 0) KSP residual norm 1.553218e-04
 13 (restart 0) KSP residual norm 1.195880e-04
 14 (restart 0) KSP residual norm 7.441474e-05
 15 (restart 0) KSP residual norm 6.585387e-05
 16 (restart 0) KSP residual norm 3.787464e-05
 17 (restart 0) KSP residual norm 2.941607e-05
 18 (restart 0) KSP residual norm 2.362828e-05
 19 (restart 0) KSP residual norm 1.817443e-05
 20 (restart 0) KSP residual norm 1.465551e-05
 21 (restart 0) KSP residual norm 1.168631e-05
 22 (restart 0) KSP residual norm 9.197422e-06
 23 (restart 0) KSP residual norm 7.025665e-06
 24 (restart 0) KSP residual norm 5.434336e-06
 25 (restart 0) KSP residual norm 4.069757e-06
 26 (restart 0) KSP residual norm 2.971089e-06
 27 (restart 0) KSP residual norm 2.146979e-06
 28 (restart 0) KSP residual norm 1.560901e-06
 29 (restart 0) KSP residual norm 1.157634e-06
 30 (restart 0) KSP residual norm 8.987117e-07
 31 (restart 0) KSP residual norm 7.131255e-07
 32 (restart 0) KSP residual norm 5.914302e-07
 33 (restart 0) KSP residual norm 4.994465e-07
 34 (restart 0) KSP residual norm 4.271708e-07
 35 (restart 0) KSP residual norm 3.620879e-07
 36 (restart 0) KSP residual norm 3.038909e-07
 37 (restart 0) KSP residual norm 2.540074e-07
 38 (restart 0) KSP residual norm 2.078574e-07
 39 (restart 0) KSP residual norm 1.679651e-07
 40 (restart 0) KSP residual norm 1.300770e-07
 41 (restart 0) KSP residual norm 9.766886e-08
 42 (restart 0) KSP residual norm 7.147032e-08
 43 (restart 0) KSP residual norm 5.316890e-08
GMRES solver converged in 43 iterations (avg. reduction factor: 6.476e-01)
  Residual norms for GMRES solve
  0 (restart 0) KSP residual norm 9.500060e+00
  1 (restart 0) KSP residual norm 5.679054e+00
  2 (restart 0) KSP residual norm 1.200024e+00
  3 (restart 0) KSP residual norm 5.587166e-01
  4 (restart 0) KSP residual norm 1.372589e-01
  5 (restart 0) KSP residual norm 4.722869e-02
  6 (restart 0) KSP residual norm 3.438837e-02
  7 (restart 0) KSP residual norm 1.628251e-02
  8 (restart 0) KSP residual norm 6.903385e-03
  9 (restart 0) KSP residual norm 2.740604e-03
 10 (restart 0) KSP residual norm 6.758302e-04
 11 (restart 0) KSP residual norm 1.929001e-04
 12 (restart 0) KSP residual norm 1.251452e-04
 13 (restart 0) KSP residual norm 7.089420e-05
 14 (restart 0) KSP residual norm 3.799133e-05
 15 (restart 0) KSP residual norm 3.238428e-05
 16 (restart 0) KSP residual norm 2.187399e-05
 17 (restart 0) KSP residual norm 1.521644e-05
 18 (restart 0) KSP residual norm 1.278269e-05
 19 (restart 0) KSP residual norm 1.042260e-05
 20 (restart 0) KSP residual norm 8.288706e-06
 21 (restart 0) KSP residual norm 6.615565e-06
 22 (restart 0) KSP residual norm 5.121587e-06
 23 (restart 0) KSP residual norm 3.721458e-06
 24 (restart 0) KSP residual norm 2.619389e-06
 25 (restart 0) KSP residual norm 2.053806e-06
 26 (restart 0) KSP residual norm 1.491177e-06
 27 (restart 0) KSP residual norm 1.114236e-06
 28 (restart 0) KSP residual norm 8.593438e-07
 29 (restart 0) KSP residual norm 6.798757e-07
 30 (restart 0) KSP residual norm 5.762623e-07
 31 (restart 0) KSP residual norm 4.968675e-07
 32 (restart 0) KSP residual norm 4.238814e-07
 33 (restart 0) KSP residual norm 3.553640e-07
 34 (restart 0) KSP residual norm 3.021414e-07
 35 (restart 0) KSP residual norm 2.424145e-07
 36 (restart 0) KSP residual norm 1.848308e-07
 37 (restart 0) KSP residual norm 1.380985e-07
 38 (restart 0) KSP residual norm 1.013605e-07
 39 (restart 0) KSP residual norm 7.406648e-08
GMRES solver converged in 39 iterations (avg. reduction factor: 6.196e-01)
  Residual norms for GMRES solve
  0 (restart 0) KSP residual norm 8.226220e+00
  1 (restart 0) KSP residual norm 6.312992e+00
  2 (restart 0) KSP residual norm 3.617669e+00
  3 (restart 0) KSP residual norm 1.134005e+00
  4 (restart 0) KSP residual norm 5.153818e-01
  5 (restart 0) KSP residual norm 2.642958e-01
  6 (restart 0) KSP residual norm 7.963458e-02
  7 (restart 0) KSP residual norm 4.101881e-02
  8 (restart 0) KSP residual norm 2.082894e-02
  9 (restart 0) KSP residual norm 3.422305e-03
 10 (restart 0) KSP residual norm 9.132446e-04
 11 (restart 0) KSP residual norm 6.445470e-04
 12 (restart 0) KSP residual norm 3.381859e-04
 13 (restart 0) KSP residual norm 1.463497e-04
 14 (restart 0) KSP residual norm 1.180769e-04
 15 (restart 0) KSP residual norm 7.318080e-05
 16 (restart 0) KSP residual norm 4.783974e-05
 17 (restart 0) KSP residual norm 3.517646e-05
 18 (restart 0) KSP residual norm 2.559225e-05
 19 (restart 0) KSP residual norm 2.009561e-05
 20 (restart 0) KSP residual norm 1.625086e-05
 21 (restart 0) KSP residual norm 1.294494e-05
 22 (restart 0) KSP residual norm 9.903511e-06
 23 (restart 0) KSP residual norm 7.545336e-06
 24 (restart 0) KSP residual norm 5.846270e-06
 25 (restart 0) KSP residual norm 4.404520e-06
 26 (restart 0) KSP residual norm 3.271321e-06
 27 (restart 0) KSP residual norm 2.278221e-06
 28 (restart 0) KSP residual norm 1.571834e-06
 29 (restart 0) KSP residual norm 1.151787e-06
 30 (restart 0) KSP residual norm 8.762176e-07
 31 (restart 0) KSP residual norm 6.728152e-07
 32 (restart 0) KSP residual norm 5.369868e-07
 33 (restart 0) KSP residual norm 4.460242e-07
 34 (restart 0) KSP residual norm 3.730067e-07
 35 (restart 0) KSP residual norm 3.179777e-07
 36 (restart 0) KSP residual norm 2.699740e-07
 37 (restart 0) KSP residual norm 2.280618e-07
 38 (restart 0) KSP residual norm 1.874071e-07
 39 (restart 0) KSP residual norm 1.506784e-07
 40 (restart 0) KSP residual norm 1.212551e-07
 41 (restart 0) KSP residual norm 9.488892e-08
 42 (restart 0) KSP residual norm 7.141271e-08
GMRES solver converged in 42 iterations (avg. reduction factor: 6.428e-01)
  Residual norms for GMRES solve
  0 (restart 0) KSP residual norm 1.070161e+01
  1 (restart 0) KSP residual norm 7.426154e+00
  2 (restart 0) KSP residual norm 1.272720e+00
  3 (restart 0) KSP residual norm 5.709647e-01
  4 (restart 0) KSP residual norm 2.863484e-01
  5 (restart 0) KSP residual norm 2.019855e-01
  6 (restart 0) KSP residual norm 6.941163e-02
  7 (restart 0) KSP residual norm 2.438318e-02
  8 (restart 0) KSP residual norm 1.280878e-02
  9 (restart 0) KSP residual norm 3.788168e-03
 10 (restart 0) KSP residual norm 1.033724e-03
 11 (restart 0) KSP residual norm 3.288642e-04
 12 (restart 0) KSP residual norm 1.664922e-04
 13 (restart 0) KSP residual norm 9.635693e-05
 14 (restart 0) KSP residual norm 6.573772e-05
 15 (restart 0) KSP residual norm 4.562901e-05
 16 (restart 0) KSP residual norm 2.844685e-05
 17 (restart 0) KSP residual norm 1.984027e-05
 18 (restart 0) KSP residual norm 1.506479e-05
 19 (restart 0) KSP residual norm 1.094147e-05
 20 (restart 0) KSP residual norm 8.568433e-06
 21 (restart 0) KSP residual norm 6.985593e-06
 22 (restart 0) KSP residual norm 5.350948e-06
 23 (restart 0) KSP residual norm 4.407879e-06
 24 (restart 0) KSP residual norm 3.620522e-06
 25 (restart 0) KSP residual norm 2.937606e-06
 26 (restart 0) KSP residual norm 2.348765e-06
 27 (restart 0) KSP residual norm 1.917865e-06
 28 (restart 0) KSP residual norm 1.510381e-06
 29 (restart 0) KSP residual norm 1.227425e-06
 30 (restart 0) KSP residual norm 1.001017e-06
 31 (restart 0) KSP residual norm 8.376401e-07
 32 (restart 0) KSP residual norm 6.897432e-07
 33 (restart 0) KSP residual norm 5.774943e-07
 34 (restart 0) KSP residual norm 4.779338e-07
 35 (restart 0) KSP residual norm 3.963562e-07
 36 (restart 0) KSP residual norm 3.291384e-07
 37 (restart 0) KSP residual norm 2.674546e-07
 38 (restart 0) KSP residual norm 2.096017e-07
 39 (restart 0) KSP residual norm 1.608276e-07
 40 (restart 0) KSP residual norm 1.196899e-07
 41 (restart 0) KSP residual norm 8.584727e-08
GMRES solver converged in 41 iterations (avg. reduction factor: 6.347e-01)
  Residual norms for GMRES solve
  0 (restart 0) KSP residual norm 6.862570e+00
  1 (restart 0) KSP residual norm 4.571491e+00
  2 (restart 0) KSP residual norm 1.327522e+00
  3 (restart 0) KSP residual norm 5.760137e-01
  4 (restart 0) KSP residual norm 1.651715e-01
  5 (restart 0) KSP residual norm 8.340533e-02
  6 (restart 0) KSP residual norm 3.472085e-02
  7 (restart 0) KSP residual norm 1.322709e-02
  8 (restart 0) KSP residual norm 7.789034e-03
  9 (restart 0) KSP residual norm 2.986195e-03
 10 (restart 0) KSP residual norm 5.364916e-04
 11 (restart 0) KSP residual norm 2.173818e-04
 12 (restart 0) KSP residual norm 1.482169e-04
 13 (restart 0) KSP residual norm 8.726419e-05
 14 (restart 0) KSP residual norm 6.692733e-05
 15 (restart 0) KSP residual norm 5.719313e-05
 16 (restart 0) KSP residual norm 3.651682e-05
 17 (restart 0) KSP residual norm 2.926815e-05
 18 (restart 0) KSP residual norm 2.521208e-05
 19 (restart 0) KSP residual norm 2.004671e-05
 20 (restart 0) KSP residual norm 1.578395e-05
 21 (restart 0) KSP residual norm 1.289685e-05
 22 (restart 0) KSP residual norm 9.395112e-06
 23 (restart 0) KSP residual norm 6.433136e-06
 24 (restart 0) KSP residual norm 4.898890e-06
 25 (restart 0) KSP residual norm 3.811780e-06
 26 (restart 0) KSP residual norm 2.834479e-06
 27 (restart 0) KSP residual norm 2.201501e-06
 28 (restart 0) KSP residual norm 1.765622e-06
 29 (restart 0) KSP residual norm 1.464493e-06
 30 (restart 0) KSP residual norm 1.237829e-06
 31 (restart 0) KSP residual norm 1.061774e-06
 32 (restart 0) KSP residual norm 9.041746e-07
 33 (restart 0) KSP residual norm 7.497037e-07
 34 (restart 0) KSP residual norm 6.022870e-07
 35 (restart 0) KSP residual norm 4.788884e-07
 36 (restart 0) KSP residual norm 3.624797e-07
 37 (restart 0) KSP residual norm 2.678595e-07
 38 (restart 0) KSP residual norm 1.991984e-07
 39 (restart 0) KSP residual norm 1.435636e-07
 40 (restart 0) KSP residual norm 1.004909e-07
 41 (restart 0) KSP residual norm 7.277207e-08
 42 (restart 0) KSP residual norm 5.241299e-08
GMRES solver converged in 42 iterations (avg. reduction factor: 6.408e-01)
  Residual norms for GMRES solve
  0 (restart 0) KSP residual norm 7.267237e+00
  1 (restart 0) KSP residual norm 4.809979e+00
  2 (restart 0) KSP residual norm 2.993695e+00
  3 (restart 0) KSP residual norm 1.159035e+00
  4 (restart 0) KSP residual norm 4.457345e-01
  5 (restart 0) KSP residual norm 2.541930e-01
  6 (restart 0) KSP residual norm 7.135926e-02
  7 (restart 0) KSP residual norm 4.117967e-02
  8 (restart 0) KSP residual norm 1.842775e-02
  9 (restart 0) KSP residual norm 3.502198e-03
 10 (restart 0) KSP residual norm 9.572777e-04
 11 (restart 0) KSP residual norm 4.786934e-04
 12 (restart 0) KSP residual norm 3.302367e-04
 13 (restart 0) KSP residual norm 1.770937e-04
 14 (restart 0) KSP residual norm 1.310732e-04
 15 (restart 0) KSP residual norm 1.006284e-04
 16 (restart 0) KSP residual norm 7.314095e-05
 17 (restart 0) KSP residual norm 5.662662e-05
 18 (restart 0) KSP residual norm 4.490484e-05
 19 (restart 0) KSP residual norm 3.605151e-05
 20 (restart 0) KSP residual norm 2.901600e-05
 21 (restart 0) KSP residual norm 2.169302e-05
 22 (restart 0) KSP residual norm 1.638604e-05
 23 (restart 0) KSP residual norm 1.202531e-05
 24 (restart 0) KSP residual norm 8.966987e-06
 25 (restart 0) KSP residual norm 6.335668e-06
 26 (restart 0) KSP residual norm 4.556836e-06
 27 (restart 0) KSP residual norm 3.241286e-06
 28 (restart 0) KSP residual norm 2.608582e-06
 29 (restart 0) KSP residual norm 2.179590e-06
 30 (restart 0) KSP residual norm 1.839985e-06
 31 (restart 0) KSP residual norm 1.598799e-06
 32 (restart 0) KSP residual norm 1.369826e-06
 33 (restart 0) KSP residual norm 1.128981e-06
 34 (restart 0) KSP residual norm 9.239471e-07
 35 (restart 0) KSP residual norm 7.176312e-07
 36 (restart 0) KSP residual norm 5.331575e-07
 37 (restart 0) KSP residual norm 3.928923e-07
 38 (restart 0) KSP residual norm 2.688924e-07
 39 (restart 0) KSP residual norm 1.936156e-07
 40 (restart 0) KSP residual norm 1.425215e-07
 41 (restart 0) KSP residual norm 1.017238e-07
 42 (restart 0) KSP residual norm 7.434304e-08
 43 (restart 0) KSP residual norm 5.501316e-08
GMRES solver converged in 43 iterations (avg. reduction factor: 6.474e-01)
  Residual norms for GMRES solve
  0 (restart 0) KSP residual norm 7.364105e+00
  1 (restart 0) KSP residual norm 5.794372e+00
  2 (restart 0) KSP residual norm 3.519537e+00
  3 (restart 0) KSP residual norm 1.114063e+00
  4 (restart 0) KSP residual norm 4.682209e-01
  5 (restart 0) KSP residual norm 2.166308e-01
  6 (restart 0) KSP residual norm 6.777689e-02
  7 (restart 0) KSP residual norm 4.344360e-02
  8 (restart 0) KSP residual norm 1.998601e-02
  9 (restart 0) KSP residual norm 3.980132e-03
 10 (restart 0) KSP residual norm 9.221139e-04
 11 (restart 0) KSP residual norm 4.422105e-04
 12 (restart 0) KSP residual norm 2.736035e-04
 13 (restart 0) KSP residual norm 1.368426e-04
 14 (restart 0) KSP residual norm 8.274290e-05
 15 (restart 0) KSP residual norm 4.554831e-05
 16 (restart 0) KSP residual norm 2.857027e-05
 17 (restart 0) KSP residual norm 2.054083e-05
 18 (restart 0) KSP residual norm 1.390225e-05
 19 (restart 0) KSP residual norm 1.053914e-05
 20 (restart 0) KSP residual norm 8.529751e-06
 21 (restart 0) KSP residual norm 6.979166e-06
 22 (restart 0) KSP residual norm 5.431544e-06
 23 (restart 0) KSP residual norm 4.024962e-06
 24 (restart 0) KSP residual norm 3.120045e-06
 25 (restart 0) KSP residual norm 2.365313e-06
 26 (restart 0) KSP residual norm 1.813314e-06
 27 (restart 0) KSP residual norm 1.212928e-06
 28 (restart 0) KSP residual norm 7.903334e-07
 29 (restart 0) KSP residual norm 5.795254e-07
 30 (restart 0) KSP residual norm 4.449060e-07
 31 (restart 0) KSP residual norm 3.583686e-07
 32 (restart 0) KSP residual norm 2.946532e-07
 33 (restart 0) KSP residual norm 2.487983e-07
 34 (restart 0) KSP residual norm 2.131077e-07
 35 (restart 0) KSP residual norm 1.809277e-07
 36 (restart 0) KSP residual norm 1.510303e-07
 37 (restart 0) KSP residual norm 1.250890e-07
 38 (restart 0) KSP residual norm 9.881892e-08
 39 (restart 0) KSP residual norm 7.668281e-08
 40 (restart 0) KSP residual norm 6.058474e-08
GMRES solver converged in 40 iterations (avg. reduction factor: 6.279e-01)
  Residual norms for GMRES solve
  0 (restart 0) KSP residual norm 9.822156e+00
  1 (restart 0) KSP residual norm 5.073518e+00
  2 (restart 0) KSP residual norm 2.440343e+00
  3 (restart 0) KSP residual norm 7.061568e-01
  4 (restart 0) KSP residual norm 2.967657e-01
  5 (restart 0) KSP residual norm 1.676404e-01
  6 (restart 0) KSP residual norm 4.142836e-02
  7 (restart 0) KSP residual norm 2.092410e-02
  8 (restart 0) KSP residual norm 1.498290e-02
  9 (restart 0) KSP residual norm 3.838346e-03
 10 (restart 0) KSP residual norm 7.962902e-04
 11 (restart 0) KSP residual norm 4.544669e-04
 12 (restart 0) KSP residual norm 3.551502e-04
 13 (restart 0) KSP residual norm 2.204667e-04
 14 (restart 0) KSP residual norm 1.708060e-04
 15 (restart 0) KSP residual norm 1.178402e-04
 16 (restart 0) KSP residual norm 9.046699e-05
 17 (restart 0) KSP residual norm 7.559379e-05
 18 (restart 0) KSP residual norm 5.871171e-05
 19 (restart 0) KSP residual norm 4.785535e-05
 20 (restart 0) KSP residual norm 3.772666e-05
 21 (restart 0) KSP residual norm 2.608410e-05
 22 (restart 0) KSP residual norm 1.898198e-05
 23 (restart 0) KSP residual norm 1.470410e-05
 24 (restart 0) KSP residual norm 1.056647e-05
 25 (restart 0) KSP residual norm 7.857620e-06
 26 (restart 0) KSP residual norm 5.968346e-06
 27 (restart 0) KSP residual norm 4.469565e-06
 28 (restart 0) KSP residual norm 3.645172e-06
 29 (restart 0) KSP residual norm 3.134976e-06
 30 (restart 0) KSP residual norm 2.693103e-06
 31 (restart 0) KSP residual norm 2.289053e-06
 32 (restart 0) KSP residual norm 1.962871e-06
 33 (restart 0) KSP residual norm 1.609135e-06
 34 (restart 0) KSP residual norm 1.236745e-06
 35 (restart 0) KSP residual norm 9.463042e-07
 36 (restart 0) KSP residual norm 7.057205e-07
 37 (restart 0) KSP residual norm 5.125212e-07
 38 (restart 0) KSP residual norm 3.656779e-07
 39 (restart 0) KSP residual norm 2.597604e-07
 40 (restart 0) KSP residual norm 1.875405e-07
 41 (restart 0) KSP residual norm 1.351588e-07
 42 (restart 0) KSP residual norm 9.861048e-08
 43 (restart 0) KSP residual norm 7.164801e-08
GMRES solver converged in 43 iterations (avg. reduction factor: 6.468e-01)
  Residual norms for GMRES solve
  0 (restart 0) KSP residual norm 6.914457e+00
  1 (restart 0) KSP residual norm 4.279187e+00
  2 (restart 0) KSP residual norm 1.026343e+00
  3 (restart 0) KSP residual norm 5.798200e-01
  4 (restart 0) KSP residual norm 1.733935e-01
  5 (restart 0) KSP residual norm 9.614773e-02
  6 (restart 0) KSP residual norm 3.236128e-02
  7 (restart 0) KSP residual norm 1.608787e-02
  8 (restart 0) KSP residual norm 9.671527e-03
  9 (restart 0) KSP residual norm 2.097992e-03
 10 (restart 0) KSP residual norm 5.384012e-04
 11 (restart 0) KSP residual norm 3.711865e-04
 12 (restart 0) KSP residual norm 3.056406e-04
 13 (restart 0) KSP residual norm 2.007009e-04
 14 (restart 0) KSP residual norm 1.595548e-04
 15 (restart 0) KSP residual norm 1.162894e-04
 16 (restart 0) KSP residual norm 9.347051e-05
 17 (restart 0) KSP residual norm 8.068335e-05
 18 (restart 0) KSP residual norm 6.297568e-05
 19 (restart 0) KSP residual norm 5.037253e-05
 20 (restart 0) KSP residual norm 3.988115e-05
 21 (restart 0) KSP residual norm 3.014576e-05
 22 (restart 0) KSP residual norm 2.102402e-05
 23 (restart 0) KSP residual norm 1.550954e-05
 24 (restart 0) KSP residual norm 1.173833e-05
 25 (restart 0) KSP residual norm 8.065324e-06
 26 (restart 0) KSP residual norm 5.948223e-06
 27 (restart 0) KSP residual norm 4.595088e-06
 28 (restart 0) KSP residual norm 3.805688e-06
 29 (restart 0) KSP residual norm 3.256141e-06
 30 (restart 0) KSP residual norm 2.805795e-06
 31 (restart 0) KSP residual norm 2.412642e-06
 32 (restart 0) KSP residual norm 2.054495e-06
 33 (restart 0) KSP residual norm 1.702355e-06
 34 (restart 0) KSP residual norm 1.328595e-06
 35 (restart 0) KSP residual norm 9.990270e-07
 36 (restart 0) KSP residual norm 7.309794e-07
 37 (restart 0) KSP residual norm 5.325387e-07
 38 (restart 0) KSP residual norm 3.765591e-07
 39 (restart 0) KSP residual norm 2.583273e-07
 40 (restart 0) KSP residual norm 1.877139e-07
 41 (restart 0) KSP residual norm 1.384654e-07
 42 (restart 0) KSP residual norm 1.006909e-07
 43 (restart 0) KSP residual norm 7.393169e-08
 44 (restart 0) KSP residual norm 5.363512e-08
GMRES solver converged in 44 iterations (avg. reduction factor: 6.541e-01)
  1 EPS nconv=4 first unconverged value (error) -3.71751e-06+0.354645i (2.38836501e-03)
  Residual norms for GMRES solve
  0 (restart 0) KSP residual norm 6.168807e+00
  1 (restart 0) KSP residual norm 3.854365e+00
  2 (restart 0) KSP residual norm 1.163637e+00
  3 (restart 0) KSP residual norm 5.892286e-01
  4 (restart 0) KSP residual norm 1.490532e-01
  5 (restart 0) KSP residual norm 9.175387e-02
  6 (restart 0) KSP residual norm 3.264058e-02
  7 (restart 0) KSP residual norm 1.240151e-02
  8 (restart 0) KSP residual norm 8.296796e-03
  9 (restart 0) KSP residual norm 2.687916e-03
 10 (restart 0) KSP residual norm 5.829721e-04
 11 (restart 0) KSP residual norm 3.937200e-04
 12 (restart 0) KSP residual norm 3.234869e-04
 13 (restart 0) KSP residual norm 2.056187e-04
 14 (restart 0) KSP residual norm 1.688607e-04
 15 (restart 0) KSP residual norm 1.228579e-04
 16 (restart 0) KSP residual norm 9.785071e-05
 17 (restart 0) KSP residual norm 8.435515e-05
 18 (restart 0) KSP residual norm 6.453082e-05
 19 (restart 0) KSP residual norm 5.186752e-05
 20 (restart 0) KSP residual norm 4.136762e-05
 21 (restart 0) KSP residual norm 3.071031e-05
 22 (restart 0) KSP residual norm 2.168427e-05
 23 (restart 0) KSP residual norm 1.624619e-05
 24 (restart 0) KSP residual norm 1.222177e-05
 25 (restart 0) KSP residual norm 8.460516e-06
 26 (restart 0) KSP residual norm 6.307501e-06
 27 (restart 0) KSP residual norm 4.900480e-06
 28 (restart 0) KSP residual norm 4.012389e-06
 29 (restart 0) KSP residual norm 3.450183e-06
 30 (restart 0) KSP residual norm 2.970339e-06
 31 (restart 0) KSP residual norm 2.555661e-06
 32 (restart 0) KSP residual norm 2.181559e-06
 33 (restart 0) KSP residual norm 1.802962e-06
 34 (restart 0) KSP residual norm 1.405309e-06
 35 (restart 0) KSP residual norm 1.057979e-06
 36 (restart 0) KSP residual norm 7.677496e-07
 37 (restart 0) KSP residual norm 5.560453e-07
 38 (restart 0) KSP residual norm 3.906606e-07
 39 (restart 0) KSP residual norm 2.682410e-07
 40 (restart 0) KSP residual norm 1.959879e-07
 41 (restart 0) KSP residual norm 1.457720e-07
 42 (restart 0) KSP residual norm 1.048207e-07
 43 (restart 0) KSP residual norm 7.704370e-08
 44 (restart 0) KSP residual norm 5.587603e-08
GMRES solver converged in 44 iterations (avg. reduction factor: 6.565e-01)
  Residual norms for GMRES solve
  0 (restart 0) KSP residual norm 1.261606e+01
  1 (restart 0) KSP residual norm 1.080071e+01
  2 (restart 0) KSP residual norm 6.470431e+00
  3 (restart 0) KSP residual norm 8.367343e-01
  4 (restart 0) KSP residual norm 2.002341e-01
  5 (restart 0) KSP residual norm 1.081609e-01
  6 (restart 0) KSP residual norm 4.598220e-02
  7 (restart 0) KSP residual norm 1.956322e-02
  8 (restart 0) KSP residual norm 9.597053e-03
  9 (restart 0) KSP residual norm 3.410329e-03
 10 (restart 0) KSP residual norm 8.635625e-04
 11 (restart 0) KSP residual norm 2.450435e-04
 12 (restart 0) KSP residual norm 1.672592e-04
 13 (restart 0) KSP residual norm 1.049418e-04
 14 (restart 0) KSP residual norm 7.301463e-05
 15 (restart 0) KSP residual norm 5.753565e-05
 16 (restart 0) KSP residual norm 3.795891e-05
 17 (restart 0) KSP residual norm 3.084172e-05
 18 (restart 0) KSP residual norm 2.551590e-05
 19 (restart 0) KSP residual norm 1.959728e-05
 20 (restart 0) KSP residual norm 1.634416e-05
 21 (restart 0) KSP residual norm 1.340688e-05
 22 (restart 0) KSP residual norm 9.315775e-06
 23 (restart 0) KSP residual norm 6.410617e-06
 24 (restart 0) KSP residual norm 5.008253e-06
 25 (restart 0) KSP residual norm 3.739195e-06
 26 (restart 0) KSP residual norm 2.607200e-06
 27 (restart 0) KSP residual norm 1.855770e-06
 28 (restart 0) KSP residual norm 1.379744e-06
 29 (restart 0) KSP residual norm 1.117762e-06
 30 (restart 0) KSP residual norm 9.338862e-07
 31 (restart 0) KSP residual norm 7.943630e-07
 32 (restart 0) KSP residual norm 6.788921e-07
 33 (restart 0) KSP residual norm 5.689279e-07
 34 (restart 0) KSP residual norm 4.813782e-07
 35 (restart 0) KSP residual norm 3.858140e-07
 36 (restart 0) KSP residual norm 2.993691e-07
 37 (restart 0) KSP residual norm 2.245362e-07
 38 (restart 0) KSP residual norm 1.556710e-07
 39 (restart 0) KSP residual norm 1.067355e-07
GMRES solver converged in 39 iterations (avg. reduction factor: 6.209e-01)
  Residual norms for GMRES solve
  0 (restart 0) KSP residual norm 3.738134e+01
  1 (restart 0) KSP residual norm 2.491249e+01
  2 (restart 0) KSP residual norm 8.581009e+00
  3 (restart 0) KSP residual norm 9.729419e-01
  4 (restart 0) KSP residual norm 3.044231e-01
  5 (restart 0) KSP residual norm 1.277036e-01
  6 (restart 0) KSP residual norm 5.404926e-02
  7 (restart 0) KSP residual norm 3.456023e-02
  8 (restart 0) KSP residual norm 2.165687e-02
  9 (restart 0) KSP residual norm 3.861258e-03
 10 (restart 0) KSP residual norm 1.108028e-03
 11 (restart 0) KSP residual norm 7.945238e-04
 12 (restart 0) KSP residual norm 3.382823e-04
 13 (restart 0) KSP residual norm 1.611782e-04
 14 (restart 0) KSP residual norm 1.103808e-04
 15 (restart 0) KSP residual norm 6.108827e-05
 16 (restart 0) KSP residual norm 3.111653e-05
 17 (restart 0) KSP residual norm 2.141299e-05
 18 (restart 0) KSP residual norm 1.486568e-05
 19 (restart 0) KSP residual norm 9.666487e-06
 20 (restart 0) KSP residual norm 6.488846e-06
 21 (restart 0) KSP residual norm 5.396753e-06
 22 (restart 0) KSP residual norm 4.548346e-06
 23 (restart 0) KSP residual norm 3.139412e-06
 24 (restart 0) KSP residual norm 2.140936e-06
 25 (restart 0) KSP residual norm 1.433223e-06
 26 (restart 0) KSP residual norm 9.644582e-07
 27 (restart 0) KSP residual norm 7.031645e-07
 28 (restart 0) KSP residual norm 5.403022e-07
 29 (restart 0) KSP residual norm 4.250599e-07
 30 (restart 0) KSP residual norm 3.165332e-07
GMRES solver converged in 30 iterations (avg. reduction factor: 5.382e-01)
  Residual norms for GMRES solve
  0 (restart 0) KSP residual norm 7.522242e+00
  1 (restart 0) KSP residual norm 5.487705e+00
  2 (restart 0) KSP residual norm 2.785340e+00
  3 (restart 0) KSP residual norm 7.200776e-01
  4 (restart 0) KSP residual norm 1.501517e-01
  5 (restart 0) KSP residual norm 9.955301e-02
  6 (restart 0) KSP residual norm 4.578642e-02
  7 (restart 0) KSP residual norm 1.577752e-02
  8 (restart 0) KSP residual norm 6.666305e-03
  9 (restart 0) KSP residual norm 2.566916e-03
 10 (restart 0) KSP residual norm 9.326992e-04
 11 (restart 0) KSP residual norm 6.199928e-04
 12 (restart 0) KSP residual norm 4.918600e-04
 13 (restart 0) KSP residual norm 3.155499e-04
 14 (restart 0) KSP residual norm 2.479365e-04
 15 (restart 0) KSP residual norm 1.761808e-04
 16 (restart 0) KSP residual norm 1.496192e-04
 17 (restart 0) KSP residual norm 1.306407e-04
 18 (restart 0) KSP residual norm 8.986928e-05
 19 (restart 0) KSP residual norm 7.644331e-05
 20 (restart 0) KSP residual norm 5.966654e-05
 21 (restart 0) KSP residual norm 4.303800e-05
 22 (restart 0) KSP residual norm 3.227883e-05
 23 (restart 0) KSP residual norm 2.466272e-05
 24 (restart 0) KSP residual norm 1.846344e-05
 25 (restart 0) KSP residual norm 1.255876e-05
 26 (restart 0) KSP residual norm 9.428899e-06
 27 (restart 0) KSP residual norm 7.561864e-06
 28 (restart 0) KSP residual norm 6.336888e-06
 29 (restart 0) KSP residual norm 5.471523e-06
 30 (restart 0) KSP residual norm 4.667059e-06
 31 (restart 0) KSP residual norm 4.004566e-06
 32 (restart 0) KSP residual norm 3.407195e-06
 33 (restart 0) KSP residual norm 2.750504e-06
 34 (restart 0) KSP residual norm 2.140773e-06
 35 (restart 0) KSP residual norm 1.613628e-06
 36 (restart 0) KSP residual norm 1.159778e-06
 37 (restart 0) KSP residual norm 8.375982e-07
 38 (restart 0) KSP residual norm 6.046085e-07
 39 (restart 0) KSP residual norm 4.185577e-07
 40 (restart 0) KSP residual norm 3.035201e-07
 41 (restart 0) KSP residual norm 2.233542e-07
 42 (restart 0) KSP residual norm 1.629490e-07
 43 (restart 0) KSP residual norm 1.187000e-07
 44 (restart 0) KSP residual norm 8.481129e-08
 45 (restart 0) KSP residual norm 5.915973e-08
GMRES solver converged in 45 iterations (avg. reduction factor: 6.605e-01)
  Residual norms for GMRES solve
  0 (restart 0) KSP residual norm 1.119108e+01
  1 (restart 0) KSP residual norm 6.088913e+00
  2 (restart 0) KSP residual norm 2.480273e+00
  3 (restart 0) KSP residual norm 8.712898e-01
  4 (restart 0) KSP residual norm 4.343811e-01
  5 (restart 0) KSP residual norm 2.511130e-01
  6 (restart 0) KSP residual norm 7.955445e-02
  7 (restart 0) KSP residual norm 3.489446e-02
  8 (restart 0) KSP residual norm 1.564428e-02
  9 (restart 0) KSP residual norm 3.484718e-03
 10 (restart 0) KSP residual norm 1.179916e-03
 11 (restart 0) KSP residual norm 6.171182e-04
 12 (restart 0) KSP residual norm 4.809757e-04
 13 (restart 0) KSP residual norm 3.133447e-04
 14 (restart 0) KSP residual norm 2.229197e-04
 15 (restart 0) KSP residual norm 1.742606e-04
 16 (restart 0) KSP residual norm 1.280139e-04
 17 (restart 0) KSP residual norm 1.080721e-04
 18 (restart 0) KSP residual norm 8.776567e-05
 19 (restart 0) KSP residual norm 6.979214e-05
 20 (restart 0) KSP residual norm 5.472548e-05
 21 (restart 0) KSP residual norm 3.860965e-05
 22 (restart 0) KSP residual norm 2.886175e-05
 23 (restart 0) KSP residual norm 2.179346e-05
 24 (restart 0) KSP residual norm 1.554812e-05
 25 (restart 0) KSP residual norm 1.147356e-05
 26 (restart 0) KSP residual norm 8.511403e-06
 27 (restart 0) KSP residual norm 6.316289e-06
 28 (restart 0) KSP residual norm 5.175991e-06
 29 (restart 0) KSP residual norm 4.441519e-06
 30 (restart 0) KSP residual norm 3.797095e-06
 31 (restart 0) KSP residual norm 3.250646e-06
 32 (restart 0) KSP residual norm 2.789929e-06
 33 (restart 0) KSP residual norm 2.296813e-06
 34 (restart 0) KSP residual norm 1.797616e-06
 35 (restart 0) KSP residual norm 1.342527e-06
 36 (restart 0) KSP residual norm 9.923956e-07
 37 (restart 0) KSP residual norm 7.112286e-07
 38 (restart 0) KSP residual norm 5.054709e-07
 39 (restart 0) KSP residual norm 3.579355e-07
 40 (restart 0) KSP residual norm 2.563858e-07
 41 (restart 0) KSP residual norm 1.853519e-07
 42 (restart 0) KSP residual norm 1.359038e-07
 43 (restart 0) KSP residual norm 9.953687e-08
GMRES solver converged in 43 iterations (avg. reduction factor: 6.498e-01)
  Residual norms for GMRES solve
  0 (restart 0) KSP residual norm 1.210224e+01
  1 (restart 0) KSP residual norm 4.804237e+00
  2 (restart 0) KSP residual norm 1.831728e+00
  3 (restart 0) KSP residual norm 8.701633e-01
  4 (restart 0) KSP residual norm 4.012076e-01
  5 (restart 0) KSP residual norm 2.249365e-01
  6 (restart 0) KSP residual norm 7.866066e-02
  7 (restart 0) KSP residual norm 2.728424e-02
  8 (restart 0) KSP residual norm 1.278261e-02
  9 (restart 0) KSP residual norm 2.930998e-03
 10 (restart 0) KSP residual norm 9.647422e-04
 11 (restart 0) KSP residual norm 4.921349e-04
 12 (restart 0) KSP residual norm 3.394661e-04
 13 (restart 0) KSP residual norm 1.985257e-04
 14 (restart 0) KSP residual norm 1.524077e-04
 15 (restart 0) KSP residual norm 1.163190e-04
 16 (restart 0) KSP residual norm 8.655355e-05
 17 (restart 0) KSP residual norm 7.217669e-05
 18 (restart 0) KSP residual norm 5.593790e-05
 19 (restart 0) KSP residual norm 4.542777e-05
 20 (restart 0) KSP residual norm 3.723646e-05
 21 (restart 0) KSP residual norm 2.723130e-05
 22 (restart 0) KSP residual norm 2.102534e-05
 23 (restart 0) KSP residual norm 1.579342e-05
 24 (restart 0) KSP residual norm 1.182836e-05
 25 (restart 0) KSP residual norm 8.272052e-06
 26 (restart 0) KSP residual norm 5.848531e-06
 27 (restart 0) KSP residual norm 4.175409e-06
 28 (restart 0) KSP residual norm 3.361766e-06
 29 (restart 0) KSP residual norm 2.833327e-06
 30 (restart 0) KSP residual norm 2.420768e-06
 31 (restart 0) KSP residual norm 2.058305e-06
 32 (restart 0) KSP residual norm 1.762455e-06
 33 (restart 0) KSP residual norm 1.480635e-06
 34 (restart 0) KSP residual norm 1.180514e-06
 35 (restart 0) KSP residual norm 9.358002e-07
 36 (restart 0) KSP residual norm 7.010958e-07
 37 (restart 0) KSP residual norm 5.036141e-07
 38 (restart 0) KSP residual norm 3.503488e-07
 39 (restart 0) KSP residual norm 2.479673e-07
 40 (restart 0) KSP residual norm 1.785028e-07
 41 (restart 0) KSP residual norm 1.284268e-07
 42 (restart 0) KSP residual norm 9.274786e-08
GMRES solver converged in 42 iterations (avg. reduction factor: 6.409e-01)
  Residual norms for GMRES solve
  0 (restart 0) KSP residual norm 1.176855e+01
  1 (restart 0) KSP residual norm 7.726122e+00
  2 (restart 0) KSP residual norm 4.874430e+00
  3 (restart 0) KSP residual norm 1.099314e+00
  4 (restart 0) KSP residual norm 3.603188e-01
  5 (restart 0) KSP residual norm 1.841923e-01
  6 (restart 0) KSP residual norm 6.888228e-02
  7 (restart 0) KSP residual norm 2.792438e-02
  8 (restart 0) KSP residual norm 1.765047e-02
  9 (restart 0) KSP residual norm 5.487118e-03
 10 (restart 0) KSP residual norm 1.104052e-03
 11 (restart 0) KSP residual norm 5.568274e-04
 12 (restart 0) KSP residual norm 3.665677e-04
 13 (restart 0) KSP residual norm 2.323014e-04
 14 (restart 0) KSP residual norm 1.909938e-04
 15 (restart 0) KSP residual norm 1.346453e-04
 16 (restart 0) KSP residual norm 9.615243e-05
 17 (restart 0) KSP residual norm 7.774370e-05
 18 (restart 0) KSP residual norm 6.319607e-05
 19 (restart 0) KSP residual norm 4.914383e-05
 20 (restart 0) KSP residual norm 4.027802e-05
 21 (restart 0) KSP residual norm 2.999664e-05
 22 (restart 0) KSP residual norm 2.169173e-05
 23 (restart 0) KSP residual norm 1.597980e-05
 24 (restart 0) KSP residual norm 1.226893e-05
 25 (restart 0) KSP residual norm 8.457153e-06
 26 (restart 0) KSP residual norm 6.332719e-06
 27 (restart 0) KSP residual norm 4.814132e-06
 28 (restart 0) KSP residual norm 3.795628e-06
 29 (restart 0) KSP residual norm 3.214002e-06
 30 (restart 0) KSP residual norm 2.770177e-06
 31 (restart 0) KSP residual norm 2.390266e-06
 32 (restart 0) KSP residual norm 2.052214e-06
 33 (restart 0) KSP residual norm 1.705188e-06
 34 (restart 0) KSP residual norm 1.348992e-06
 35 (restart 0) KSP residual norm 1.034472e-06
 36 (restart 0) KSP residual norm 7.579522e-07
 37 (restart 0) KSP residual norm 5.544653e-07
 38 (restart 0) KSP residual norm 3.916807e-07
 39 (restart 0) KSP residual norm 2.651955e-07
 40 (restart 0) KSP residual norm 1.943251e-07
 41 (restart 0) KSP residual norm 1.390644e-07
 42 (restart 0) KSP residual norm 1.008172e-07
GMRES solver converged in 42 iterations (avg. reduction factor: 6.426e-01)
  Residual norms for GMRES solve
  0 (restart 0) KSP residual norm 1.261424e+01
  1 (restart 0) KSP residual norm 3.935878e+00
  2 (restart 0) KSP residual norm 1.880292e+00
  3 (restart 0) KSP residual norm 5.812129e-01
  4 (restart 0) KSP residual norm 1.232213e-01
  5 (restart 0) KSP residual norm 5.963098e-02
  6 (restart 0) KSP residual norm 2.912495e-02
  7 (restart 0) KSP residual norm 1.454418e-02
  8 (restart 0) KSP residual norm 1.083142e-02
  9 (restart 0) KSP residual norm 3.738127e-03
 10 (restart 0) KSP residual norm 7.861139e-04
 11 (restart 0) KSP residual norm 4.205967e-04
 12 (restart 0) KSP residual norm 3.525173e-04
 13 (restart 0) KSP residual norm 2.386611e-04
 14 (restart 0) KSP residual norm 2.047522e-04
 15 (restart 0) KSP residual norm 1.382868e-04
 16 (restart 0) KSP residual norm 1.023941e-04
 17 (restart 0) KSP residual norm 8.878305e-05
 18 (restart 0) KSP residual norm 7.052245e-05
 19 (restart 0) KSP residual norm 5.335036e-05
 20 (restart 0) KSP residual norm 4.344777e-05
 21 (restart 0) KSP residual norm 3.246164e-05
 22 (restart 0) KSP residual norm 2.222433e-05
 23 (restart 0) KSP residual norm 1.714837e-05
 24 (restart 0) KSP residual norm 1.283895e-05
 25 (restart 0) KSP residual norm 8.903325e-06
 26 (restart 0) KSP residual norm 6.653273e-06
 27 (restart 0) KSP residual norm 5.248437e-06
 28 (restart 0) KSP residual norm 4.304253e-06
 29 (restart 0) KSP residual norm 3.677565e-06
 30 (restart 0) KSP residual norm 3.155895e-06
 31 (restart 0) KSP residual norm 2.730871e-06
 32 (restart 0) KSP residual norm 2.326744e-06
 33 (restart 0) KSP residual norm 1.922569e-06
 34 (restart 0) KSP residual norm 1.488447e-06
 35 (restart 0) KSP residual norm 1.123170e-06
 36 (restart 0) KSP residual norm 8.071270e-07
 37 (restart 0) KSP residual norm 5.887099e-07
 38 (restart 0) KSP residual norm 4.164529e-07
 39 (restart 0) KSP residual norm 2.908347e-07
 40 (restart 0) KSP residual norm 2.117321e-07
 41 (restart 0) KSP residual norm 1.537191e-07
 42 (restart 0) KSP residual norm 1.131545e-07
GMRES solver converged in 42 iterations (avg. reduction factor: 6.433e-01)
  Residual norms for GMRES solve
  0 (restart 0) KSP residual norm 9.960100e+00
  1 (restart 0) KSP residual norm 4.350568e+00
  2 (restart 0) KSP residual norm 1.219656e+00
  3 (restart 0) KSP residual norm 5.988497e-01
  4 (restart 0) KSP residual norm 1.254225e-01
  5 (restart 0) KSP residual norm 8.751042e-02
  6 (restart 0) KSP residual norm 5.005979e-02
  7 (restart 0) KSP residual norm 1.821220e-02
  8 (restart 0) KSP residual norm 1.034724e-02
  9 (restart 0) KSP residual norm 2.633832e-03
 10 (restart 0) KSP residual norm 6.074420e-04
 11 (restart 0) KSP residual norm 2.097885e-04
 12 (restart 0) KSP residual norm 1.561916e-04
 13 (restart 0) KSP residual norm 8.878833e-05
 14 (restart 0) KSP residual norm 6.011217e-05
 15 (restart 0) KSP residual norm 4.584706e-05
 16 (restart 0) KSP residual norm 2.536319e-05
 17 (restart 0) KSP residual norm 1.778931e-05
 18 (restart 0) KSP residual norm 1.414991e-05
 19 (restart 0) KSP residual norm 1.075474e-05
 20 (restart 0) KSP residual norm 8.494526e-06
 21 (restart 0) KSP residual norm 6.815159e-06
 22 (restart 0) KSP residual norm 5.170092e-06
 23 (restart 0) KSP residual norm 3.978310e-06
 24 (restart 0) KSP residual norm 3.130575e-06
 25 (restart 0) KSP residual norm 2.417540e-06
 26 (restart 0) KSP residual norm 1.825523e-06
 27 (restart 0) KSP residual norm 1.338383e-06
 28 (restart 0) KSP residual norm 9.920486e-07
 29 (restart 0) KSP residual norm 7.929776e-07
 30 (restart 0) KSP residual norm 6.618230e-07
 31 (restart 0) KSP residual norm 5.606834e-07
 32 (restart 0) KSP residual norm 4.788999e-07
 33 (restart 0) KSP residual norm 4.035420e-07
 34 (restart 0) KSP residual norm 3.426284e-07
 35 (restart 0) KSP residual norm 2.822517e-07
 36 (restart 0) KSP residual norm 2.147477e-07
 37 (restart 0) KSP residual norm 1.619586e-07
 38 (restart 0) KSP residual norm 1.170164e-07
 39 (restart 0) KSP residual norm 8.459727e-08
GMRES solver converged in 39 iterations (avg. reduction factor: 6.209e-01)
  Residual norms for GMRES solve
  0 (restart 0) KSP residual norm 1.338278e+01
  1 (restart 0) KSP residual norm 5.373023e+00
  2 (restart 0) KSP residual norm 1.126569e+00
  3 (restart 0) KSP residual norm 5.208113e-01
  4 (restart 0) KSP residual norm 1.613350e-01
  5 (restart 0) KSP residual norm 9.825185e-02
  6 (restart 0) KSP residual norm 5.269436e-02
  7 (restart 0) KSP residual norm 1.760571e-02
  8 (restart 0) KSP residual norm 1.103878e-02
  9 (restart 0) KSP residual norm 3.364770e-03
 10 (restart 0) KSP residual norm 7.748328e-04
 11 (restart 0) KSP residual norm 4.923060e-04
 12 (restart 0) KSP residual norm 4.161634e-04
 13 (restart 0) KSP residual norm 2.814861e-04
 14 (restart 0) KSP residual norm 2.347949e-04
 15 (restart 0) KSP residual norm 1.717545e-04
 16 (restart 0) KSP residual norm 1.282094e-04
 17 (restart 0) KSP residual norm 1.136337e-04
 18 (restart 0) KSP residual norm 8.833295e-05
 19 (restart 0) KSP residual norm 7.011049e-05
 20 (restart 0) KSP residual norm 5.562430e-05
 21 (restart 0) KSP residual norm 3.971038e-05
 22 (restart 0) KSP residual norm 2.912307e-05
 23 (restart 0) KSP residual norm 2.156450e-05
 24 (restart 0) KSP residual norm 1.591749e-05
 25 (restart 0) KSP residual norm 1.144334e-05
 26 (restart 0) KSP residual norm 8.446085e-06
 27 (restart 0) KSP residual norm 6.510150e-06
 28 (restart 0) KSP residual norm 5.278659e-06
 29 (restart 0) KSP residual norm 4.554014e-06
 30 (restart 0) KSP residual norm 3.969051e-06
 31 (restart 0) KSP residual norm 3.389406e-06
 32 (restart 0) KSP residual norm 2.835627e-06
 33 (restart 0) KSP residual norm 2.347107e-06
 34 (restart 0) KSP residual norm 1.804848e-06
 35 (restart 0) KSP residual norm 1.379471e-06
 36 (restart 0) KSP residual norm 1.005589e-06
 37 (restart 0) KSP residual norm 7.040874e-07
 38 (restart 0) KSP residual norm 5.013121e-07
 39 (restart 0) KSP residual norm 3.576630e-07
 40 (restart 0) KSP residual norm 2.577435e-07
 41 (restart 0) KSP residual norm 1.886357e-07
 42 (restart 0) KSP residual norm 1.369370e-07
 43 (restart 0) KSP residual norm 9.968831e-08
GMRES solver converged in 43 iterations (avg. reduction factor: 6.471e-01)
  2 EPS nconv=4 first unconverged value (error) -1.24197e-05+0.354657i (3.39282659e-03)
  Residual norms for GMRES solve
  0 (restart 0) KSP residual norm 1.216605e+01
  1 (restart 0) KSP residual norm 5.599338e+00
  2 (restart 0) KSP residual norm 8.696690e-01
  3 (restart 0) KSP residual norm 4.474308e-01
  4 (restart 0) KSP residual norm 2.234959e-01
  5 (restart 0) KSP residual norm 1.346094e-01
  6 (restart 0) KSP residual norm 6.706652e-02
  7 (restart 0) KSP residual norm 1.972920e-02
  8 (restart 0) KSP residual norm 9.355366e-03
  9 (restart 0) KSP residual norm 3.018246e-03
 10 (restart 0) KSP residual norm 7.067784e-04
 11 (restart 0) KSP residual norm 4.003883e-04
 12 (restart 0) KSP residual norm 3.135865e-04
 13 (restart 0) KSP residual norm 2.256011e-04
 14 (restart 0) KSP residual norm 1.688540e-04
 15 (restart 0) KSP residual norm 1.294960e-04
 16 (restart 0) KSP residual norm 9.756269e-05
 17 (restart 0) KSP residual norm 8.345462e-05
 18 (restart 0) KSP residual norm 6.834887e-05
 19 (restart 0) KSP residual norm 5.401894e-05
 20 (restart 0) KSP residual norm 4.479274e-05
 21 (restart 0) KSP residual norm 3.253950e-05
 22 (restart 0) KSP residual norm 2.432382e-05
 23 (restart 0) KSP residual norm 1.835776e-05
 24 (restart 0) KSP residual norm 1.369827e-05
 25 (restart 0) KSP residual norm 9.933698e-06
 26 (restart 0) KSP residual norm 7.381904e-06
 27 (restart 0) KSP residual norm 5.642088e-06
 28 (restart 0) KSP residual norm 4.522976e-06
 29 (restart 0) KSP residual norm 3.865605e-06
 30 (restart 0) KSP residual norm 3.346626e-06
 31 (restart 0) KSP residual norm 2.872548e-06
 32 (restart 0) KSP residual norm 2.422560e-06
 33 (restart 0) KSP residual norm 1.990489e-06
 34 (restart 0) KSP residual norm 1.567846e-06
 35 (restart 0) KSP residual norm 1.205380e-06
 36 (restart 0) KSP residual norm 8.775351e-07
 37 (restart 0) KSP residual norm 6.332515e-07
 38 (restart 0) KSP residual norm 4.501905e-07
 39 (restart 0) KSP residual norm 3.153541e-07
 40 (restart 0) KSP residual norm 2.308103e-07
 41 (restart 0) KSP residual norm 1.689397e-07
 42 (restart 0) KSP residual norm 1.208516e-07
GMRES solver converged in 42 iterations (avg. reduction factor: 6.448e-01)
  Residual norms for GMRES solve
  0 (restart 0) KSP residual norm 1.190091e+01
  1 (restart 0) KSP residual norm 8.888385e+00
  2 (restart 0) KSP residual norm 6.790281e+00
  3 (restart 0) KSP residual norm 1.898859e+00
  4 (restart 0) KSP residual norm 9.484914e-01
  5 (restart 0) KSP residual norm 4.981587e-01
  6 (restart 0) KSP residual norm 1.406921e-01
  7 (restart 0) KSP residual norm 7.992743e-02
  8 (restart 0) KSP residual norm 4.517307e-02
  9 (restart 0) KSP residual norm 9.470048e-03
 10 (restart 0) KSP residual norm 1.856367e-03
 11 (restart 0) KSP residual norm 8.837949e-04
 12 (restart 0) KSP residual norm 5.835515e-04
 13 (restart 0) KSP residual norm 3.050579e-04
 14 (restart 0) KSP residual norm 1.634728e-04
 15 (restart 0) KSP residual norm 9.899861e-05
 16 (restart 0) KSP residual norm 6.051976e-05
 17 (restart 0) KSP residual norm 4.221637e-05
 18 (restart 0) KSP residual norm 3.080062e-05
 19 (restart 0) KSP residual norm 2.336913e-05
 20 (restart 0) KSP residual norm 1.943798e-05
 21 (restart 0) KSP residual norm 1.577941e-05
 22 (restart 0) KSP residual norm 1.195151e-05
 23 (restart 0) KSP residual norm 8.768612e-06
 24 (restart 0) KSP residual norm 6.527663e-06
 25 (restart 0) KSP residual norm 4.986193e-06
 26 (restart 0) KSP residual norm 3.844535e-06
 27 (restart 0) KSP residual norm 2.696140e-06
 28 (restart 0) KSP residual norm 1.911539e-06
 29 (restart 0) KSP residual norm 1.499372e-06
 30 (restart 0) KSP residual norm 1.192496e-06
 31 (restart 0) KSP residual norm 9.895019e-07
 32 (restart 0) KSP residual norm 8.473795e-07
 33 (restart 0) KSP residual norm 7.340639e-07
 34 (restart 0) KSP residual norm 6.216028e-07
 35 (restart 0) KSP residual norm 5.114305e-07
 36 (restart 0) KSP residual norm 4.034108e-07
 37 (restart 0) KSP residual norm 3.065057e-07
 38 (restart 0) KSP residual norm 2.122457e-07
 39 (restart 0) KSP residual norm 1.534254e-07
 40 (restart 0) KSP residual norm 1.084291e-07
GMRES solver converged in 40 iterations (avg. reduction factor: 6.295e-01)
  Residual norms for GMRES solve
  0 (restart 0) KSP residual norm 3.704443e+01
  1 (restart 0) KSP residual norm 3.284336e+01
  2 (restart 0) KSP residual norm 1.264514e+01
  3 (restart 0) KSP residual norm 3.677478e+00
  4 (restart 0) KSP residual norm 1.901318e+00
  5 (restart 0) KSP residual norm 4.986481e-01
  6 (restart 0) KSP residual norm 2.740761e-01
  7 (restart 0) KSP residual norm 2.415912e-01
  8 (restart 0) KSP residual norm 4.992662e-02
  9 (restart 0) KSP residual norm 1.072330e-02
 10 (restart 0) KSP residual norm 3.731060e-03
 11 (restart 0) KSP residual norm 2.219902e-03
 12 (restart 0) KSP residual norm 1.025432e-03
 13 (restart 0) KSP residual norm 5.529435e-04
 14 (restart 0) KSP residual norm 3.032596e-04
 15 (restart 0) KSP residual norm 1.661008e-04
 16 (restart 0) KSP residual norm 1.036057e-04
 17 (restart 0) KSP residual norm 5.867389e-05
 18 (restart 0) KSP residual norm 3.224098e-05
 19 (restart 0) KSP residual norm 1.925370e-05
 20 (restart 0) KSP residual norm 1.340032e-05
 21 (restart 0) KSP residual norm 1.043025e-05
 22 (restart 0) KSP residual norm 8.232546e-06
 23 (restart 0) KSP residual norm 6.312595e-06
 24 (restart 0) KSP residual norm 4.582225e-06
 25 (restart 0) KSP residual norm 3.521612e-06
 26 (restart 0) KSP residual norm 2.750175e-06
 27 (restart 0) KSP residual norm 2.092243e-06
 28 (restart 0) KSP residual norm 1.625139e-06
 29 (restart 0) KSP residual norm 1.269945e-06
 30 (restart 0) KSP residual norm 1.015424e-06
 31 (restart 0) KSP residual norm 7.915883e-07
 32 (restart 0) KSP residual norm 6.461118e-07
 33 (restart 0) KSP residual norm 5.272281e-07
 34 (restart 0) KSP residual norm 4.430576e-07
 35 (restart 0) KSP residual norm 3.709225e-07
 36 (restart 0) KSP residual norm 3.082320e-07
GMRES solver converged in 36 iterations (avg. reduction factor: 5.964e-01)
  Residual norms for GMRES solve
  0 (restart 0) KSP residual norm 1.852770e+01
  1 (restart 0) KSP residual norm 8.196329e+00
  2 (restart 0) KSP residual norm 5.285548e+00
  3 (restart 0) KSP residual norm 1.134388e+00
  4 (restart 0) KSP residual norm 4.845786e-01
  5 (restart 0) KSP residual norm 2.123079e-01
  6 (restart 0) KSP residual norm 7.296146e-02
  7 (restart 0) KSP residual norm 3.559421e-02
  8 (restart 0) KSP residual norm 2.319083e-02
  9 (restart 0) KSP residual norm 5.081011e-03
 10 (restart 0) KSP residual norm 1.145812e-03
 11 (restart 0) KSP residual norm 6.814661e-04
 12 (restart 0) KSP residual norm 4.517451e-04
 13 (restart 0) KSP residual norm 3.248388e-04
 14 (restart 0) KSP residual norm 2.665473e-04
 15 (restart 0) KSP residual norm 1.842123e-04
 16 (restart 0) KSP residual norm 1.402719e-04
 17 (restart 0) KSP residual norm 1.132297e-04
 18 (restart 0) KSP residual norm 8.905285e-05
 19 (restart 0) KSP residual norm 7.058669e-05
 20 (restart 0) KSP residual norm 5.908323e-05
 21 (restart 0) KSP residual norm 4.159420e-05
 22 (restart 0) KSP residual norm 3.094729e-05
 23 (restart 0) KSP residual norm 2.325191e-05
 24 (restart 0) KSP residual norm 1.741074e-05
 25 (restart 0) KSP residual norm 1.246665e-05
 26 (restart 0) KSP residual norm 9.130993e-06
 27 (restart 0) KSP residual norm 7.028513e-06
 28 (restart 0) KSP residual norm 5.643188e-06
 29 (restart 0) KSP residual norm 4.782406e-06
 30 (restart 0) KSP residual norm 4.184707e-06
 31 (restart 0) KSP residual norm 3.601356e-06
 32 (restart 0) KSP residual norm 3.008678e-06
 33 (restart 0) KSP residual norm 2.489960e-06
 34 (restart 0) KSP residual norm 1.968828e-06
 35 (restart 0) KSP residual norm 1.503902e-06
 36 (restart 0) KSP residual norm 1.119482e-06
 37 (restart 0) KSP residual norm 8.113388e-07
 38 (restart 0) KSP residual norm 5.754746e-07
 39 (restart 0) KSP residual norm 4.003986e-07
 40 (restart 0) KSP residual norm 2.876472e-07
 41 (restart 0) KSP residual norm 2.112804e-07
 42 (restart 0) KSP residual norm 1.511875e-07
GMRES solver converged in 42 iterations (avg. reduction factor: 6.418e-01)
  Residual norms for GMRES solve
  0 (restart 0) KSP residual norm 3.324390e+01
  1 (restart 0) KSP residual norm 3.142345e+01
  2 (restart 0) KSP residual norm 1.202360e+01
  3 (restart 0) KSP residual norm 3.211568e+00
  4 (restart 0) KSP residual norm 1.713638e+00
  5 (restart 0) KSP residual norm 4.553991e-01
  6 (restart 0) KSP residual norm 2.604155e-01
  7 (restart 0) KSP residual norm 2.330382e-01
  8 (restart 0) KSP residual norm 4.050088e-02
  9 (restart 0) KSP residual norm 8.504984e-03
 10 (restart 0) KSP residual norm 3.514667e-03
 11 (restart 0) KSP residual norm 1.784994e-03
 12 (restart 0) KSP residual norm 8.137987e-04
 13 (restart 0) KSP residual norm 4.742057e-04
 14 (restart 0) KSP residual norm 2.715906e-04
 15 (restart 0) KSP residual norm 1.588072e-04
 16 (restart 0) KSP residual norm 1.128874e-04
 17 (restart 0) KSP residual norm 7.777719e-05
 18 (restart 0) KSP residual norm 5.675679e-05
 19 (restart 0) KSP residual norm 4.727775e-05
 20 (restart 0) KSP residual norm 3.925325e-05
 21 (restart 0) KSP residual norm 3.114876e-05
 22 (restart 0) KSP residual norm 2.336914e-05
 23 (restart 0) KSP residual norm 1.705515e-05
 24 (restart 0) KSP residual norm 1.285293e-05
 25 (restart 0) KSP residual norm 1.005373e-05
 26 (restart 0) KSP residual norm 7.306714e-06
 27 (restart 0) KSP residual norm 5.049266e-06
 28 (restart 0) KSP residual norm 3.855171e-06
 29 (restart 0) KSP residual norm 3.055303e-06
 30 (restart 0) KSP residual norm 2.470772e-06
 31 (restart 0) KSP residual norm 2.094437e-06
 32 (restart 0) KSP residual norm 1.814878e-06
 33 (restart 0) KSP residual norm 1.571476e-06
 34 (restart 0) KSP residual norm 1.318591e-06
 35 (restart 0) KSP residual norm 1.056104e-06
 36 (restart 0) KSP residual norm 7.930754e-07
 37 (restart 0) KSP residual norm 5.720954e-07
 38 (restart 0) KSP residual norm 4.035024e-07
 39 (restart 0) KSP residual norm 2.760066e-07
GMRES solver converged in 39 iterations (avg. reduction factor: 6.206e-01)
  Residual norms for GMRES solve
  0 (restart 0) KSP residual norm 2.396459e+01
  1 (restart 0) KSP residual norm 1.305945e+01
  2 (restart 0) KSP residual norm 7.840710e+00
  3 (restart 0) KSP residual norm 1.826030e+00
  4 (restart 0) KSP residual norm 1.049411e+00
  5 (restart 0) KSP residual norm 3.495972e-01
  6 (restart 0) KSP residual norm 1.516216e-01
  7 (restart 0) KSP residual norm 1.087209e-01
  8 (restart 0) KSP residual norm 2.832858e-02
  9 (restart 0) KSP residual norm 5.455412e-03
 10 (restart 0) KSP residual norm 1.970584e-03
 11 (restart 0) KSP residual norm 1.203349e-03
 12 (restart 0) KSP residual norm 6.762962e-04
 13 (restart 0) KSP residual norm 4.245381e-04
 14 (restart 0) KSP residual norm 2.830294e-04
 15 (restart 0) KSP residual norm 2.008912e-04
 16 (restart 0) KSP residual norm 1.533764e-04
 17 (restart 0) KSP residual norm 1.173896e-04
 18 (restart 0) KSP residual norm 9.482163e-05
 19 (restart 0) KSP residual norm 7.901841e-05
 20 (restart 0) KSP residual norm 6.092315e-05
 21 (restart 0) KSP residual norm 4.469087e-05
 22 (restart 0) KSP residual norm 3.392190e-05
 23 (restart 0) KSP residual norm 2.568992e-05
 24 (restart 0) KSP residual norm 1.868426e-05
 25 (restart 0) KSP residual norm 1.405481e-05
 26 (restart 0) KSP residual norm 9.715190e-06
 27 (restart 0) KSP residual norm 7.262178e-06
 28 (restart 0) KSP residual norm 5.981627e-06
 29 (restart 0) KSP residual norm 5.020076e-06
 30 (restart 0) KSP residual norm 4.269787e-06
 31 (restart 0) KSP residual norm 3.651986e-06
 32 (restart 0) KSP residual norm 3.128147e-06
 33 (restart 0) KSP residual norm 2.605467e-06
 34 (restart 0) KSP residual norm 2.090416e-06
 35 (restart 0) KSP residual norm 1.598911e-06
 36 (restart 0) KSP residual norm 1.188167e-06
 37 (restart 0) KSP residual norm 8.417584e-07
 38 (restart 0) KSP residual norm 5.938450e-07
 39 (restart 0) KSP residual norm 4.306402e-07
 40 (restart 0) KSP residual norm 3.056878e-07
 41 (restart 0) KSP residual norm 2.207903e-07
GMRES solver converged in 41 iterations (avg. reduction factor: 6.368e-01)
  Residual norms for GMRES solve
  0 (restart 0) KSP residual norm 7.115881e+00
  1 (restart 0) KSP residual norm 4.863559e+00
  2 (restart 0) KSP residual norm 2.066642e+00
  3 (restart 0) KSP residual norm 9.001446e-01
  4 (restart 0) KSP residual norm 1.816825e-01
  5 (restart 0) KSP residual norm 9.560252e-02
  6 (restart 0) KSP residual norm 4.631817e-02
  7 (restart 0) KSP residual norm 1.448463e-02
  8 (restart 0) KSP residual norm 8.501667e-03
  9 (restart 0) KSP residual norm 3.685659e-03
 10 (restart 0) KSP residual norm 9.299113e-04
 11 (restart 0) KSP residual norm 4.212782e-04
 12 (restart 0) KSP residual norm 3.492293e-04
 13 (restart 0) KSP residual norm 2.433817e-04
 14 (restart 0) KSP residual norm 1.978388e-04
 15 (restart 0) KSP residual norm 1.345066e-04
 16 (restart 0) KSP residual norm 9.569557e-05
 17 (restart 0) KSP residual norm 8.185637e-05
 18 (restart 0) KSP residual norm 6.396968e-05
 19 (restart 0) KSP residual norm 4.930663e-05
 20 (restart 0) KSP residual norm 4.029118e-05
 21 (restart 0) KSP residual norm 3.095273e-05
 22 (restart 0) KSP residual norm 2.164970e-05
 23 (restart 0) KSP residual norm 1.639623e-05
 24 (restart 0) KSP residual norm 1.285349e-05
 25 (restart 0) KSP residual norm 8.913971e-06
 26 (restart 0) KSP residual norm 6.498163e-06
 27 (restart 0) KSP residual norm 5.162825e-06
 28 (restart 0) KSP residual norm 4.247978e-06
 29 (restart 0) KSP residual norm 3.580111e-06
 30 (restart 0) KSP residual norm 3.077072e-06
 31 (restart 0) KSP residual norm 2.639257e-06
 32 (restart 0) KSP residual norm 2.237865e-06
 33 (restart 0) KSP residual norm 1.889460e-06
 34 (restart 0) KSP residual norm 1.473982e-06
 35 (restart 0) KSP residual norm 1.142549e-06
 36 (restart 0) KSP residual norm 8.468794e-07
 37 (restart 0) KSP residual norm 5.871018e-07
 38 (restart 0) KSP residual norm 4.356130e-07
 39 (restart 0) KSP residual norm 3.098859e-07
 40 (restart 0) KSP residual norm 2.178010e-07
 41 (restart 0) KSP residual norm 1.610959e-07
 42 (restart 0) KSP residual norm 1.183118e-07
 43 (restart 0) KSP residual norm 8.458644e-08
 44 (restart 0) KSP residual norm 6.195203e-08
GMRES solver converged in 44 iterations (avg. reduction factor: 6.559e-01)
  Residual norms for GMRES solve
  0 (restart 0) KSP residual norm 1.000773e+01
  1 (restart 0) KSP residual norm 5.984860e+00
  2 (restart 0) KSP residual norm 2.273226e+00
  3 (restart 0) KSP residual norm 9.383199e-01
  4 (restart 0) KSP residual norm 2.824801e-01
  5 (restart 0) KSP residual norm 1.745883e-01
  6 (restart 0) KSP residual norm 6.786563e-02
  7 (restart 0) KSP residual norm 2.639675e-02
  8 (restart 0) KSP residual norm 1.313217e-02
  9 (restart 0) KSP residual norm 3.168427e-03
 10 (restart 0) KSP residual norm 7.954334e-04
 11 (restart 0) KSP residual norm 4.962142e-04
 12 (restart 0) KSP residual norm 3.659657e-04
 13 (restart 0) KSP residual norm 2.288723e-04
 14 (restart 0) KSP residual norm 1.950589e-04
 15 (restart 0) KSP residual norm 1.354376e-04
 16 (restart 0) KSP residual norm 1.034703e-04
 17 (restart 0) KSP residual norm 8.545138e-05
 18 (restart 0) KSP residual norm 6.820242e-05
 19 (restart 0) KSP residual norm 5.536866e-05
 20 (restart 0) KSP residual norm 4.382118e-05
 21 (restart 0) KSP residual norm 3.198827e-05
 22 (restart 0) KSP residual norm 2.387833e-05
 23 (restart 0) KSP residual norm 1.770095e-05
 24 (restart 0) KSP residual norm 1.324603e-05
 25 (restart 0) KSP residual norm 9.516021e-06
 26 (restart 0) KSP residual norm 7.318633e-06
 27 (restart 0) KSP residual norm 5.483716e-06
 28 (restart 0) KSP residual norm 4.373839e-06
 29 (restart 0) KSP residual norm 3.745737e-06
 30 (restart 0) KSP residual norm 3.235011e-06
 31 (restart 0) KSP residual norm 2.754564e-06
 32 (restart 0) KSP residual norm 2.375895e-06
 33 (restart 0) KSP residual norm 1.992018e-06
 34 (restart 0) KSP residual norm 1.519955e-06
 35 (restart 0) KSP residual norm 1.171197e-06
 36 (restart 0) KSP residual norm 8.643633e-07
 37 (restart 0) KSP residual norm 6.144890e-07
 38 (restart 0) KSP residual norm 4.451460e-07
 39 (restart 0) KSP residual norm 3.088966e-07
 40 (restart 0) KSP residual norm 2.217047e-07
 41 (restart 0) KSP residual norm 1.633415e-07
 42 (restart 0) KSP residual norm 1.180885e-07
 43 (restart 0) KSP residual norm 8.661737e-08
GMRES solver converged in 43 iterations (avg. reduction factor: 6.494e-01)
  Residual norms for GMRES solve
  0 (restart 0) KSP residual norm 1.136485e+01
  1 (restart 0) KSP residual norm 6.589527e+00
  2 (restart 0) KSP residual norm 3.504529e+00
  3 (restart 0) KSP residual norm 1.158771e+00
  4 (restart 0) KSP residual norm 4.509572e-01
  5 (restart 0) KSP residual norm 2.555026e-01
  6 (restart 0) KSP residual norm 5.748820e-02
  7 (restart 0) KSP residual norm 3.466549e-02
  8 (restart 0) KSP residual norm 2.493784e-02
  9 (restart 0) KSP residual norm 4.511606e-03
 10 (restart 0) KSP residual norm 8.216701e-04
 11 (restart 0) KSP residual norm 4.766331e-04
 12 (restart 0) KSP residual norm 3.211420e-04
 13 (restart 0) KSP residual norm 1.527348e-04
 14 (restart 0) KSP residual norm 1.103745e-04
 15 (restart 0) KSP residual norm 7.484615e-05
 16 (restart 0) KSP residual norm 5.314872e-05
 17 (restart 0) KSP residual norm 4.259850e-05
 18 (restart 0) KSP residual norm 3.339661e-05
 19 (restart 0) KSP residual norm 2.762815e-05
 20 (restart 0) KSP residual norm 2.258165e-05
 21 (restart 0) KSP residual norm 1.698829e-05
 22 (restart 0) KSP residual norm 1.194847e-05
 23 (restart 0) KSP residual norm 8.543421e-06
 24 (restart 0) KSP residual norm 6.289510e-06
 25 (restart 0) KSP residual norm 4.658621e-06
 26 (restart 0) KSP residual norm 3.487912e-06
 27 (restart 0) KSP residual norm 2.408752e-06
 28 (restart 0) KSP residual norm 1.818870e-06
 29 (restart 0) KSP residual norm 1.523094e-06
 30 (restart 0) KSP residual norm 1.303119e-06
 31 (restart 0) KSP residual norm 1.118260e-06
 32 (restart 0) KSP residual norm 9.595017e-07
 33 (restart 0) KSP residual norm 8.073499e-07
 34 (restart 0) KSP residual norm 6.582146e-07
 35 (restart 0) KSP residual norm 5.041121e-07
 36 (restart 0) KSP residual norm 3.690141e-07
 37 (restart 0) KSP residual norm 2.628198e-07
 38 (restart 0) KSP residual norm 1.875422e-07
 39 (restart 0) KSP residual norm 1.265023e-07
 40 (restart 0) KSP residual norm 8.856294e-08
GMRES solver converged in 40 iterations (avg. reduction factor: 6.270e-01)
  Residual norms for GMRES solve
  0 (restart 0) KSP residual norm 1.150021e+01
  1 (restart 0) KSP residual norm 6.595088e+00
  2 (restart 0) KSP residual norm 3.205242e+00
  3 (restart 0) KSP residual norm 9.000138e-01
  4 (restart 0) KSP residual norm 4.689249e-01
  5 (restart 0) KSP residual norm 2.164388e-01
  6 (restart 0) KSP residual norm 5.050643e-02
  7 (restart 0) KSP residual norm 3.926146e-02
  8 (restart 0) KSP residual norm 2.326314e-02
  9 (restart 0) KSP residual norm 3.904134e-03
 10 (restart 0) KSP residual norm 8.908372e-04
 11 (restart 0) KSP residual norm 5.254727e-04
 12 (restart 0) KSP residual norm 3.559948e-04
 13 (restart 0) KSP residual norm 2.457063e-04
 14 (restart 0) KSP residual norm 1.966893e-04
 15 (restart 0) KSP residual norm 1.396494e-04
 16 (restart 0) KSP residual norm 1.060303e-04
 17 (restart 0) KSP residual norm 8.368236e-05
 18 (restart 0) KSP residual norm 6.587338e-05
 19 (restart 0) KSP residual norm 5.475232e-05
 20 (restart 0) KSP residual norm 4.264112e-05
 21 (restart 0) KSP residual norm 3.151403e-05
 22 (restart 0) KSP residual norm 2.377224e-05
 23 (restart 0) KSP residual norm 1.824151e-05
 24 (restart 0) KSP residual norm 1.314903e-05
 25 (restart 0) KSP residual norm 9.668490e-06
 26 (restart 0) KSP residual norm 7.049240e-06
 27 (restart 0) KSP residual norm 5.263955e-06
 28 (restart 0) KSP residual norm 4.296867e-06
 29 (restart 0) KSP residual norm 3.706631e-06
 30 (restart 0) KSP residual norm 3.173267e-06
 31 (restart 0) KSP residual norm 2.699997e-06
 32 (restart 0) KSP residual norm 2.296400e-06
 33 (restart 0) KSP residual norm 1.892341e-06
 34 (restart 0) KSP residual norm 1.501642e-06
 35 (restart 0) KSP residual norm 1.168897e-06
 36 (restart 0) KSP residual norm 8.539430e-07
 37 (restart 0) KSP residual norm 6.125438e-07
 38 (restart 0) KSP residual norm 4.457507e-07
 39 (restart 0) KSP residual norm 3.169493e-07
 40 (restart 0) KSP residual norm 2.289497e-07
 41 (restart 0) KSP residual norm 1.634880e-07
 42 (restart 0) KSP residual norm 1.185356e-07
 43 (restart 0) KSP residual norm 8.626554e-08
GMRES solver converged in 43 iterations (avg. reduction factor: 6.472e-01)
  3 EPS nconv=10 first unconverged value (error) -1.20224e-05+0.391282i (7.73321214e-03)

 Linear eigensolve converged (10 eigenpairs) due to CONVERGED_TOL; iterations 3
 Total number of linear systems solved: 43
 Total number of linear solver iterations: 1739
 Found 10 converged eigenvalues (first = -1.242e-04+1.010e+01i)

 Refining eigenvalues with Quasi-Newton solver
  Residual norms for GMRES solve
  0 (restart 0) KSP residual norm 2.303636e+01
  1 (restart 0) KSP residual norm 1.406932e+00
  2 (restart 0) KSP residual norm 2.874622e-01
  3 (restart 0) KSP residual norm 2.488366e-01
  4 (restart 0) KSP residual norm 2.411740e-01
  5 (restart 0) KSP residual norm 2.353510e-01
  6 (restart 0) KSP residual norm 2.061551e-01
  7 (restart 0) KSP residual norm 1.748908e-01
  8 (restart 0) KSP residual norm 1.426531e-01
  9 (restart 0) KSP residual norm 9.163493e-02
 10 (restart 0) KSP residual norm 5.034796e-02
 11 (restart 0) KSP residual norm 4.408309e-02
 12 (restart 0) KSP residual norm 4.306118e-02
 13 (restart 0) KSP residual norm 4.218520e-02
 14 (restart 0) KSP residual norm 4.144921e-02
 15 (restart 0) KSP residual norm 3.956430e-02
 16 (restart 0) KSP residual norm 3.900958e-02
 17 (restart 0) KSP residual norm 3.891643e-02
 18 (restart 0) KSP residual norm 3.876678e-02
 19 (restart 0) KSP residual norm 3.456345e-02
 20 (restart 0) KSP residual norm 2.957388e-02
 21 (restart 0) KSP residual norm 2.642542e-02
 22 (restart 0) KSP residual norm 2.441428e-02
 23 (restart 0) KSP residual norm 2.224109e-02
 24 (restart 0) KSP residual norm 1.851391e-02
 25 (restart 0) KSP residual norm 1.520565e-02
 26 (restart 0) KSP residual norm 1.065684e-02
 27 (restart 0) KSP residual norm 8.926452e-03
 28 (restart 0) KSP residual norm 6.810774e-03
GMRES solver converged in 28 iterations (avg. reduction factor: 7.481e-01)
0 NLEPS (nconv=0, restart=0) residual norm 8.264312e-04
  Residual norms for GMRES solve
  0 (restart 0) KSP residual norm 9.057311e-07
  1 (restart 0) KSP residual norm 4.916751e-07
  2 (restart 0) KSP residual norm 2.976224e-07
  3 (restart 0) KSP residual norm 2.819830e-07
  4 (restart 0) KSP residual norm 2.028718e-07
  5 (restart 0) KSP residual norm 1.755535e-07
  6 (restart 0) KSP residual norm 1.681041e-07
  7 (restart 0) KSP residual norm 1.570664e-07
  8 (restart 0) KSP residual norm 1.555495e-07
  9 (restart 0) KSP residual norm 1.536578e-07
 10 (restart 0) KSP residual norm 1.520445e-07
 11 (restart 0) KSP residual norm 1.474470e-07
 12 (restart 0) KSP residual norm 1.389961e-07
 13 (restart 0) KSP residual norm 1.347485e-07
 14 (restart 0) KSP residual norm 1.334816e-07
 15 (restart 0) KSP residual norm 1.324937e-07
 16 (restart 0) KSP residual norm 1.316792e-07
 17 (restart 0) KSP residual norm 1.310929e-07
 18 (restart 0) KSP residual norm 1.303836e-07
 19 (restart 0) KSP residual norm 1.290500e-07
 20 (restart 0) KSP residual norm 1.277747e-07
 21 (restart 0) KSP residual norm 1.276459e-07
 22 (restart 0) KSP residual norm 1.239521e-07
 23 (restart 0) KSP residual norm 1.216897e-07
 24 (restart 0) KSP residual norm 1.201228e-07
 25 (restart 0) KSP residual norm 1.200526e-07
 26 (restart 0) KSP residual norm 1.194913e-07
 27 (restart 0) KSP residual norm 1.176084e-07
 28 (restart 0) KSP residual norm 1.173460e-07
 29 (restart 0) KSP residual norm 1.168755e-07
 30 (restart 0) KSP residual norm 1.165652e-07
 31 (restart 0) KSP residual norm 1.161329e-07
 32 (restart 0) KSP residual norm 1.159218e-07
 33 (restart 0) KSP residual norm 1.157480e-07
 34 (restart 0) KSP residual norm 1.150771e-07
 35 (restart 0) KSP residual norm 1.142572e-07
 36 (restart 0) KSP residual norm 1.132700e-07
 37 (restart 0) KSP residual norm 1.127186e-07
 38 (restart 0) KSP residual norm 1.096379e-07
 39 (restart 0) KSP residual norm 1.060892e-07
 40 (restart 0) KSP residual norm 1.020482e-07
 41 (restart 0) KSP residual norm 9.561565e-08
 42 (restart 0) KSP residual norm 8.840423e-08
 43 (restart 0) KSP residual norm 7.918741e-08
 44 (restart 0) KSP residual norm 6.943829e-08
 45 (restart 0) KSP residual norm 5.816832e-08
 46 (restart 0) KSP residual norm 4.716342e-08
 47 (restart 0) KSP residual norm 3.792660e-08
 48 (restart 0) KSP residual norm 2.871755e-08
 49 (restart 0) KSP residual norm 2.244308e-08
 50 (restart 0) KSP residual norm 1.763294e-08
 51 (restart 0) KSP residual norm 1.339517e-08
 52 (restart 0) KSP residual norm 9.577730e-09
 53 (restart 0) KSP residual norm 6.604696e-09
 54 (restart 0) KSP residual norm 4.626333e-09
 55 (restart 0) KSP residual norm 3.360488e-09
 56 (restart 0) KSP residual norm 2.484056e-09
 57 (restart 0) KSP residual norm 1.858866e-09
 58 (restart 0) KSP residual norm 1.366978e-09
 59 (restart 0) KSP residual norm 1.016183e-09
 60 (restart 0) KSP residual norm 7.507190e-10
 61 (restart 0) KSP residual norm 5.533316e-10
 62 (restart 0) KSP residual norm 4.216753e-10
 63 (restart 0) KSP residual norm 3.255030e-10
 64 (restart 0) KSP residual norm 2.521273e-10
GMRES solver converged in 64 iterations (avg. reduction factor: 8.799e-01)
1 NLEPS (nconv=0, restart=0) residual norm 2.311029e-06
  Residual norms for GMRES solve
  0 (restart 0) KSP residual norm 2.981138e-10
  1 (restart 0) KSP residual norm 2.957250e-10
  2 (restart 0) KSP residual norm 2.910419e-10
  3 (restart 0) KSP residual norm 2.553952e-10
  4 (restart 0) KSP residual norm 1.987984e-10
  5 (restart 0) KSP residual norm 1.725130e-10
  6 (restart 0) KSP residual norm 1.329467e-10
  7 (restart 0) KSP residual norm 1.189564e-10
  8 (restart 0) KSP residual norm 1.115894e-10
  9 (restart 0) KSP residual norm 1.037176e-10
 10 (restart 0) KSP residual norm 9.009632e-11
 11 (restart 0) KSP residual norm 8.122875e-11
 12 (restart 0) KSP residual norm 7.689191e-11
 13 (restart 0) KSP residual norm 7.580664e-11
 14 (restart 0) KSP residual norm 7.191778e-11
 15 (restart 0) KSP residual norm 6.859375e-11
 16 (restart 0) KSP residual norm 6.422448e-11
 17 (restart 0) KSP residual norm 6.178364e-11
 18 (restart 0) KSP residual norm 6.126465e-11
 19 (restart 0) KSP residual norm 6.090699e-11
 20 (restart 0) KSP residual norm 5.920314e-11
 21 (restart 0) KSP residual norm 5.649849e-11
 22 (restart 0) KSP residual norm 5.505731e-11
 23 (restart 0) KSP residual norm 5.436387e-11
 24 (restart 0) KSP residual norm 5.347675e-11
 25 (restart 0) KSP residual norm 5.085972e-11
 26 (restart 0) KSP residual norm 4.885350e-11
 27 (restart 0) KSP residual norm 4.765484e-11
 28 (restart 0) KSP residual norm 4.762913e-11
 29 (restart 0) KSP residual norm 4.674902e-11
 30 (restart 0) KSP residual norm 4.285484e-11
 31 (restart 0) KSP residual norm 4.016518e-11
 32 (restart 0) KSP residual norm 3.762746e-11
 33 (restart 0) KSP residual norm 3.614908e-11
 34 (restart 0) KSP residual norm 3.559651e-11
 35 (restart 0) KSP residual norm 3.553053e-11
 36 (restart 0) KSP residual norm 3.491762e-11
 37 (restart 0) KSP residual norm 3.373210e-11
 38 (restart 0) KSP residual norm 3.347864e-11
 39 (restart 0) KSP residual norm 3.345678e-11
 40 (restart 0) KSP residual norm 3.312655e-11
 41 (restart 0) KSP residual norm 3.266916e-11
 42 (restart 0) KSP residual norm 3.218407e-11
 43 (restart 0) KSP residual norm 3.205770e-11
 44 (restart 0) KSP residual norm 3.182609e-11
 45 (restart 0) KSP residual norm 3.178017e-11
 46 (restart 0) KSP residual norm 3.159745e-11
 47 (restart 0) KSP residual norm 3.146513e-11
 48 (restart 0) KSP residual norm 3.117902e-11
 49 (restart 0) KSP residual norm 3.110712e-11
 50 (restart 0) KSP residual norm 3.087653e-11
 51 (restart 0) KSP residual norm 3.025245e-11
 52 (restart 0) KSP residual norm 2.887990e-11
 53 (restart 0) KSP residual norm 2.713709e-11
 54 (restart 0) KSP residual norm 2.466433e-11
 55 (restart 0) KSP residual norm 2.289084e-11
 56 (restart 0) KSP residual norm 2.172488e-11
 57 (restart 0) KSP residual norm 2.023299e-11
 58 (restart 0) KSP residual norm 1.828547e-11
 59 (restart 0) KSP residual norm 1.575874e-11
 60 (restart 0) KSP residual norm 1.271145e-11
 61 (restart 0) KSP residual norm 9.418761e-12
 62 (restart 0) KSP residual norm 7.067893e-12
 63 (restart 0) KSP residual norm 5.322141e-12
 64 (restart 0) KSP residual norm 3.909137e-12
 65 (restart 0) KSP residual norm 2.785361e-12
 66 (restart 0) KSP residual norm 1.947606e-12
 67 (restart 0) KSP residual norm 1.416547e-12
 68 (restart 0) KSP residual norm 1.015205e-12
 69 (restart 0) KSP residual norm 7.432456e-13
GMRES solver converged in 69 iterations (avg. reduction factor: 9.168e-01)
2 NLEPS (nconv=0, restart=0) residual norm 5.953194e-09
Eigenvalue 0, Quasi-Newton converged in 2 iterations (-1.241e-04+1.010e+01i).
  Residual norms for GMRES solve
  0 (restart 0) KSP residual norm 1.884541e+01
  1 (restart 0) KSP residual norm 1.714468e+00
  2 (restart 0) KSP residual norm 1.680476e+00
  3 (restart 0) KSP residual norm 1.238350e+00
  4 (restart 0) KSP residual norm 1.164764e+00
  5 (restart 0) KSP residual norm 1.025084e+00
  6 (restart 0) KSP residual norm 5.912756e-01
  7 (restart 0) KSP residual norm 4.138269e-01
  8 (restart 0) KSP residual norm 3.722049e-01
  9 (restart 0) KSP residual norm 3.719458e-01
 10 (restart 0) KSP residual norm 3.235715e-01
 11 (restart 0) KSP residual norm 2.684785e-01
 12 (restart 0) KSP residual norm 1.710956e-01
 13 (restart 0) KSP residual norm 5.392900e-02
 14 (restart 0) KSP residual norm 3.616577e-02
 15 (restart 0) KSP residual norm 3.047182e-02
 16 (restart 0) KSP residual norm 2.906427e-02
 17 (restart 0) KSP residual norm 2.897701e-02
 18 (restart 0) KSP residual norm 2.756962e-02
 19 (restart 0) KSP residual norm 2.455437e-02
 20 (restart 0) KSP residual norm 1.703172e-02
 21 (restart 0) KSP residual norm 1.464151e-02
 22 (restart 0) KSP residual norm 1.412041e-02
 23 (restart 0) KSP residual norm 1.392110e-02
 24 (restart 0) KSP residual norm 1.364133e-02
 25 (restart 0) KSP residual norm 1.363744e-02
 26 (restart 0) KSP residual norm 1.362680e-02
 27 (restart 0) KSP residual norm 1.347510e-02
 28 (restart 0) KSP residual norm 1.337273e-02
 29 (restart 0) KSP residual norm 1.191650e-02
 30 (restart 0) KSP residual norm 1.125132e-02
 31 (restart 0) KSP residual norm 8.817943e-03
 32 (restart 0) KSP residual norm 7.938316e-03
 33 (restart 0) KSP residual norm 4.987439e-03
GMRES solver converged in 33 iterations (avg. reduction factor: 7.791e-01)
0 NLEPS (nconv=1, restart=0) residual norm 1.227107e-01
  Residual norms for GMRES solve
  0 (restart 0) KSP residual norm 4.697019e-01
  1 (restart 0) KSP residual norm 1.940971e-01
  2 (restart 0) KSP residual norm 1.741438e-01
  3 (restart 0) KSP residual norm 1.438758e-01
  4 (restart 0) KSP residual norm 1.104834e-01
  5 (restart 0) KSP residual norm 1.103098e-01
  6 (restart 0) KSP residual norm 8.720010e-02
  7 (restart 0) KSP residual norm 6.720011e-02
  8 (restart 0) KSP residual norm 5.784100e-02
  9 (restart 0) KSP residual norm 5.600758e-02
 10 (restart 0) KSP residual norm 5.363984e-02
 11 (restart 0) KSP residual norm 5.234419e-02
 12 (restart 0) KSP residual norm 4.718007e-02
 13 (restart 0) KSP residual norm 3.824070e-02
 14 (restart 0) KSP residual norm 1.532809e-02
 15 (restart 0) KSP residual norm 9.984637e-03
 16 (restart 0) KSP residual norm 5.691925e-03
 17 (restart 0) KSP residual norm 5.014554e-03
 18 (restart 0) KSP residual norm 4.883294e-03
 19 (restart 0) KSP residual norm 4.875120e-03
 20 (restart 0) KSP residual norm 4.871038e-03
 21 (restart 0) KSP residual norm 4.785405e-03
 22 (restart 0) KSP residual norm 4.784933e-03
 23 (restart 0) KSP residual norm 4.718299e-03
 24 (restart 0) KSP residual norm 4.699427e-03
 25 (restart 0) KSP residual norm 4.680909e-03
 26 (restart 0) KSP residual norm 4.658348e-03
 27 (restart 0) KSP residual norm 4.628119e-03
 28 (restart 0) KSP residual norm 4.380918e-03
 29 (restart 0) KSP residual norm 3.746431e-03
 30 (restart 0) KSP residual norm 2.986016e-03
 31 (restart 0) KSP residual norm 1.990021e-03
 32 (restart 0) KSP residual norm 1.183819e-03
 33 (restart 0) KSP residual norm 7.977977e-04
 34 (restart 0) KSP residual norm 5.296676e-04
 35 (restart 0) KSP residual norm 3.267147e-04
 36 (restart 0) KSP residual norm 2.360060e-04
 37 (restart 0) KSP residual norm 1.805396e-04
 38 (restart 0) KSP residual norm 1.453616e-04
GMRES solver converged in 38 iterations (avg. reduction factor: 8.084e-01)
1 NLEPS (nconv=1, restart=0) residual norm 2.396187e-03
  Residual norms for GMRES solve
  0 (restart 0) KSP residual norm 6.266184e-08
  1 (restart 0) KSP residual norm 4.950451e-08
  2 (restart 0) KSP residual norm 4.723148e-08
  3 (restart 0) KSP residual norm 4.703625e-08
  4 (restart 0) KSP residual norm 4.198231e-08
  5 (restart 0) KSP residual norm 3.996211e-08
  6 (restart 0) KSP residual norm 3.678976e-08
  7 (restart 0) KSP residual norm 3.605591e-08
  8 (restart 0) KSP residual norm 3.458822e-08
  9 (restart 0) KSP residual norm 3.321172e-08
 10 (restart 0) KSP residual norm 3.013637e-08
 11 (restart 0) KSP residual norm 2.900241e-08
 12 (restart 0) KSP residual norm 2.742012e-08
 13 (restart 0) KSP residual norm 2.653832e-08
 14 (restart 0) KSP residual norm 2.438207e-08
 15 (restart 0) KSP residual norm 1.836819e-08
 16 (restart 0) KSP residual norm 1.041488e-08
 17 (restart 0) KSP residual norm 6.947746e-09
 18 (restart 0) KSP residual norm 5.362930e-09
 19 (restart 0) KSP residual norm 4.471900e-09
 20 (restart 0) KSP residual norm 3.292784e-09
 21 (restart 0) KSP residual norm 2.480814e-09
 22 (restart 0) KSP residual norm 2.369442e-09
 23 (restart 0) KSP residual norm 2.313542e-09
 24 (restart 0) KSP residual norm 2.243707e-09
 25 (restart 0) KSP residual norm 2.177196e-09
 26 (restart 0) KSP residual norm 2.158778e-09
 27 (restart 0) KSP residual norm 2.142793e-09
 28 (restart 0) KSP residual norm 2.111580e-09
 29 (restart 0) KSP residual norm 2.020535e-09
 30 (restart 0) KSP residual norm 1.941997e-09
 31 (restart 0) KSP residual norm 1.768312e-09
 32 (restart 0) KSP residual norm 1.689132e-09
 33 (restart 0) KSP residual norm 1.676147e-09
 34 (restart 0) KSP residual norm 1.621836e-09
 35 (restart 0) KSP residual norm 1.443074e-09
 36 (restart 0) KSP residual norm 1.357864e-09
 37 (restart 0) KSP residual norm 1.336377e-09
 38 (restart 0) KSP residual norm 1.326540e-09
 39 (restart 0) KSP residual norm 1.265571e-09
 40 (restart 0) KSP residual norm 1.210431e-09
 41 (restart 0) KSP residual norm 1.148663e-09
 42 (restart 0) KSP residual norm 1.108470e-09
 43 (restart 0) KSP residual norm 1.063427e-09
 44 (restart 0) KSP residual norm 1.048529e-09
 45 (restart 0) KSP residual norm 1.042196e-09
 46 (restart 0) KSP residual norm 1.002083e-09
 47 (restart 0) KSP residual norm 9.637159e-10
 48 (restart 0) KSP residual norm 9.158162e-10
 49 (restart 0) KSP residual norm 8.564273e-10
 50 (restart 0) KSP residual norm 8.200336e-10
 51 (restart 0) KSP residual norm 7.629736e-10
 52 (restart 0) KSP residual norm 6.941194e-10
 53 (restart 0) KSP residual norm 6.205212e-10
 54 (restart 0) KSP residual norm 5.290484e-10
 55 (restart 0) KSP residual norm 4.369932e-10
 56 (restart 0) KSP residual norm 3.390252e-10
 57 (restart 0) KSP residual norm 2.604177e-10
 58 (restart 0) KSP residual norm 1.909254e-10
 59 (restart 0) KSP residual norm 1.382157e-10
 60 (restart 0) KSP residual norm 9.864754e-11
 61 (restart 0) KSP residual norm 7.186400e-11
 62 (restart 0) KSP residual norm 5.248409e-11
 63 (restart 0) KSP residual norm 3.889942e-11
 64 (restart 0) KSP residual norm 3.078457e-11
 65 (restart 0) KSP residual norm 2.453149e-11
 66 (restart 0) KSP residual norm 1.938015e-11
GMRES solver converged in 66 iterations (avg. reduction factor: 8.848e-01)
2 NLEPS (nconv=1, restart=0) residual norm 1.458416e-06
  Residual norms for GMRES solve
  0 (restart 0) KSP residual norm 6.471727e-09
  1 (restart 0) KSP residual norm 4.820904e-09
  2 (restart 0) KSP residual norm 4.295490e-09
  3 (restart 0) KSP residual norm 4.289260e-09
  4 (restart 0) KSP residual norm 3.395771e-09
  5 (restart 0) KSP residual norm 2.841124e-09
  6 (restart 0) KSP residual norm 1.504075e-09
  7 (restart 0) KSP residual norm 1.101412e-09
  8 (restart 0) KSP residual norm 9.984851e-10
  9 (restart 0) KSP residual norm 9.727822e-10
 10 (restart 0) KSP residual norm 6.537622e-10
 11 (restart 0) KSP residual norm 5.972590e-10
 12 (restart 0) KSP residual norm 4.406961e-10
 13 (restart 0) KSP residual norm 3.157977e-10
 14 (restart 0) KSP residual norm 1.865217e-10
 15 (restart 0) KSP residual norm 1.749020e-10
 16 (restart 0) KSP residual norm 1.641605e-10
 17 (restart 0) KSP residual norm 1.615739e-10
 18 (restart 0) KSP residual norm 1.587127e-10
 19 (restart 0) KSP residual norm 1.586998e-10
 20 (restart 0) KSP residual norm 1.584799e-10
 21 (restart 0) KSP residual norm 1.574515e-10
 22 (restart 0) KSP residual norm 1.570037e-10
 23 (restart 0) KSP residual norm 1.562432e-10
 24 (restart 0) KSP residual norm 1.555664e-10
 25 (restart 0) KSP residual norm 1.550514e-10
 26 (restart 0) KSP residual norm 1.548288e-10
 27 (restart 0) KSP residual norm 1.548229e-10
 28 (restart 0) KSP residual norm 1.540967e-10
 29 (restart 0) KSP residual norm 1.539771e-10
 30 (restart 0) KSP residual norm 1.521533e-10
 31 (restart 0) KSP residual norm 1.517377e-10
 32 (restart 0) KSP residual norm 1.472450e-10
 33 (restart 0) KSP residual norm 1.425915e-10
 34 (restart 0) KSP residual norm 1.296521e-10
 35 (restart 0) KSP residual norm 1.170095e-10
 36 (restart 0) KSP residual norm 1.001719e-10
 37 (restart 0) KSP residual norm 8.424195e-11
 38 (restart 0) KSP residual norm 6.903686e-11
 39 (restart 0) KSP residual norm 5.744206e-11
 40 (restart 0) KSP residual norm 4.593921e-11
 41 (restart 0) KSP residual norm 3.871207e-11
 42 (restart 0) KSP residual norm 3.291658e-11
 43 (restart 0) KSP residual norm 2.714225e-11
 44 (restart 0) KSP residual norm 2.211404e-11
 45 (restart 0) KSP residual norm 1.732213e-11
 46 (restart 0) KSP residual norm 1.370069e-11
 47 (restart 0) KSP residual norm 1.077915e-11
 48 (restart 0) KSP residual norm 8.771319e-12
 49 (restart 0) KSP residual norm 7.575186e-12
 50 (restart 0) KSP residual norm 6.593483e-12
 51 (restart 0) KSP residual norm 5.741051e-12
 52 (restart 0) KSP residual norm 4.988657e-12
 53 (restart 0) KSP residual norm 4.179923e-12
 54 (restart 0) KSP residual norm 3.369047e-12
 55 (restart 0) KSP residual norm 2.584368e-12
 56 (restart 0) KSP residual norm 1.887637e-12
 57 (restart 0) KSP residual norm 1.349397e-12
 58 (restart 0) KSP residual norm 9.328916e-13
GMRES solver converged in 58 iterations (avg. reduction factor: 8.586e-01)
3 NLEPS (nconv=1, restart=0) residual norm 8.481828e-09
Eigenvalue 1, Quasi-Newton converged in 3 iterations (-2.631e-04+1.118e+01i).
  Residual norms for GMRES solve
  0 (restart 0) KSP residual norm 1.884252e+01
  1 (restart 0) KSP residual norm 1.702105e+00
  2 (restart 0) KSP residual norm 1.659821e+00
  3 (restart 0) KSP residual norm 1.231811e+00
  4 (restart 0) KSP residual norm 1.141601e+00
  5 (restart 0) KSP residual norm 1.010450e+00
  6 (restart 0) KSP residual norm 6.083521e-01
  7 (restart 0) KSP residual norm 4.285707e-01
  8 (restart 0) KSP residual norm 3.846361e-01
  9 (restart 0) KSP residual norm 3.841709e-01
 10 (restart 0) KSP residual norm 3.365769e-01
 11 (restart 0) KSP residual norm 2.809933e-01
 12 (restart 0) KSP residual norm 1.900884e-01
 13 (restart 0) KSP residual norm 5.909006e-02
 14 (restart 0) KSP residual norm 3.758277e-02
 15 (restart 0) KSP residual norm 2.975690e-02
 16 (restart 0) KSP residual norm 2.704834e-02
 17 (restart 0) KSP residual norm 2.703343e-02
 18 (restart 0) KSP residual norm 2.689365e-02
 19 (restart 0) KSP residual norm 2.539067e-02
 20 (restart 0) KSP residual norm 2.016311e-02
 21 (restart 0) KSP residual norm 1.952811e-02
 22 (restart 0) KSP residual norm 1.925451e-02
 23 (restart 0) KSP residual norm 1.920841e-02
 24 (restart 0) KSP residual norm 1.907613e-02
 25 (restart 0) KSP residual norm 1.881128e-02
 26 (restart 0) KSP residual norm 1.850986e-02
 27 (restart 0) KSP residual norm 1.838538e-02
 28 (restart 0) KSP residual norm 1.809282e-02
 29 (restart 0) KSP residual norm 1.438252e-02
 30 (restart 0) KSP residual norm 1.303003e-02
 31 (restart 0) KSP residual norm 9.427820e-03
 32 (restart 0) KSP residual norm 7.990376e-03
 33 (restart 0) KSP residual norm 4.854496e-03
GMRES solver converged in 33 iterations (avg. reduction factor: 7.785e-01)
0 NLEPS (nconv=2, restart=0) residual norm 1.148490e-01
  Residual norms for GMRES solve
  0 (restart 0) KSP residual norm 5.062977e+00
  1 (restart 0) KSP residual norm 1.889463e+00
  2 (restart 0) KSP residual norm 1.261663e+00
  3 (restart 0) KSP residual norm 1.014260e+00
  4 (restart 0) KSP residual norm 7.628728e-01
  5 (restart 0) KSP residual norm 4.983875e-01
  6 (restart 0) KSP residual norm 4.546051e-01
  7 (restart 0) KSP residual norm 3.272677e-01
  8 (restart 0) KSP residual norm 3.018950e-01
  9 (restart 0) KSP residual norm 2.994040e-01
 10 (restart 0) KSP residual norm 2.832931e-01
 11 (restart 0) KSP residual norm 2.578720e-01
 12 (restart 0) KSP residual norm 2.534502e-01
 13 (restart 0) KSP residual norm 2.527995e-01
 14 (restart 0) KSP residual norm 2.502624e-01
 15 (restart 0) KSP residual norm 2.432401e-01
 16 (restart 0) KSP residual norm 2.388257e-01
 17 (restart 0) KSP residual norm 2.170204e-01
 18 (restart 0) KSP residual norm 1.575345e-01
 19 (restart 0) KSP residual norm 9.674380e-02
 20 (restart 0) KSP residual norm 7.239171e-02
 21 (restart 0) KSP residual norm 3.596922e-02
 22 (restart 0) KSP residual norm 1.563960e-02
 23 (restart 0) KSP residual norm 9.470121e-03
 24 (restart 0) KSP residual norm 7.404542e-03
 25 (restart 0) KSP residual norm 5.665946e-03
 26 (restart 0) KSP residual norm 4.286414e-03
 27 (restart 0) KSP residual norm 3.833676e-03
 28 (restart 0) KSP residual norm 3.606936e-03
 29 (restart 0) KSP residual norm 3.497284e-03
 30 (restart 0) KSP residual norm 3.414331e-03
 31 (restart 0) KSP residual norm 3.390163e-03
 32 (restart 0) KSP residual norm 3.367039e-03
 33 (restart 0) KSP residual norm 3.299544e-03
 34 (restart 0) KSP residual norm 3.204897e-03
 35 (restart 0) KSP residual norm 3.047640e-03
 36 (restart 0) KSP residual norm 2.823513e-03
 37 (restart 0) KSP residual norm 2.416602e-03
 38 (restart 0) KSP residual norm 2.101609e-03
 39 (restart 0) KSP residual norm 1.585039e-03
GMRES solver converged in 39 iterations (avg. reduction factor: 8.131e-01)
1 NLEPS (nconv=2, restart=0) residual norm 2.035380e-03
  Residual norms for GMRES solve
  0 (restart 0) KSP residual norm 3.605834e-06
  1 (restart 0) KSP residual norm 3.072438e-06
  2 (restart 0) KSP residual norm 2.754872e-06
  3 (restart 0) KSP residual norm 2.739098e-06
  4 (restart 0) KSP residual norm 2.724942e-06
  5 (restart 0) KSP residual norm 2.674799e-06
  6 (restart 0) KSP residual norm 2.652552e-06
  7 (restart 0) KSP residual norm 2.506453e-06
  8 (restart 0) KSP residual norm 2.124624e-06
  9 (restart 0) KSP residual norm 1.441845e-06
 10 (restart 0) KSP residual norm 9.579241e-07
 11 (restart 0) KSP residual norm 6.797063e-07
 12 (restart 0) KSP residual norm 5.886970e-07
 13 (restart 0) KSP residual norm 5.726994e-07
 14 (restart 0) KSP residual norm 5.621023e-07
 15 (restart 0) KSP residual norm 5.584167e-07
 16 (restart 0) KSP residual norm 5.556292e-07
 17 (restart 0) KSP residual norm 5.458777e-07
 18 (restart 0) KSP residual norm 4.974353e-07
 19 (restart 0) KSP residual norm 3.830142e-07
 20 (restart 0) KSP residual norm 2.773194e-07
 21 (restart 0) KSP residual norm 2.007387e-07
 22 (restart 0) KSP residual norm 1.519465e-07
 23 (restart 0) KSP residual norm 8.902572e-08
 24 (restart 0) KSP residual norm 7.067431e-08
 25 (restart 0) KSP residual norm 5.430488e-08
 26 (restart 0) KSP residual norm 4.529210e-08
 27 (restart 0) KSP residual norm 3.063970e-08
 28 (restart 0) KSP residual norm 2.476900e-08
 29 (restart 0) KSP residual norm 1.890725e-08
 30 (restart 0) KSP residual norm 1.444719e-08
 31 (restart 0) KSP residual norm 1.021112e-08
 32 (restart 0) KSP residual norm 8.370246e-09
 33 (restart 0) KSP residual norm 6.870029e-09
 34 (restart 0) KSP residual norm 5.821700e-09
 35 (restart 0) KSP residual norm 4.916281e-09
 36 (restart 0) KSP residual norm 4.338770e-09
 37 (restart 0) KSP residual norm 3.771919e-09
 38 (restart 0) KSP residual norm 3.210661e-09
 39 (restart 0) KSP residual norm 2.768116e-09
 40 (restart 0) KSP residual norm 2.300297e-09
 41 (restart 0) KSP residual norm 2.013717e-09
 42 (restart 0) KSP residual norm 1.823266e-09
 43 (restart 0) KSP residual norm 1.765730e-09
 44 (restart 0) KSP residual norm 1.667862e-09
 45 (restart 0) KSP residual norm 1.601459e-09
 46 (restart 0) KSP residual norm 1.532949e-09
 47 (restart 0) KSP residual norm 1.498095e-09
 48 (restart 0) KSP residual norm 1.356207e-09
 49 (restart 0) KSP residual norm 1.314516e-09
 50 (restart 0) KSP residual norm 1.299261e-09
 51 (restart 0) KSP residual norm 1.272227e-09
 52 (restart 0) KSP residual norm 1.228439e-09
 53 (restart 0) KSP residual norm 1.202476e-09
 54 (restart 0) KSP residual norm 1.142407e-09
 55 (restart 0) KSP residual norm 1.070554e-09
GMRES solver converged in 55 iterations (avg. reduction factor: 8.627e-01)
2 NLEPS (nconv=2, restart=0) residual norm 6.087068e-06
  Residual norms for GMRES solve
  0 (restart 0) KSP residual norm 2.462159e-08
  1 (restart 0) KSP residual norm 2.380922e-08
  2 (restart 0) KSP residual norm 2.378524e-08
  3 (restart 0) KSP residual norm 2.223674e-08
  4 (restart 0) KSP residual norm 2.178652e-08
  5 (restart 0) KSP residual norm 1.937724e-08
  6 (restart 0) KSP residual norm 1.881141e-08
  7 (restart 0) KSP residual norm 1.143516e-08
  8 (restart 0) KSP residual norm 5.570100e-09
  9 (restart 0) KSP residual norm 1.868473e-09
 10 (restart 0) KSP residual norm 9.192159e-10
 11 (restart 0) KSP residual norm 6.770115e-10
 12 (restart 0) KSP residual norm 5.558162e-10
 13 (restart 0) KSP residual norm 5.330911e-10
 14 (restart 0) KSP residual norm 5.245911e-10
 15 (restart 0) KSP residual norm 5.172611e-10
 16 (restart 0) KSP residual norm 5.107489e-10
 17 (restart 0) KSP residual norm 4.986155e-10
 18 (restart 0) KSP residual norm 4.753877e-10
 19 (restart 0) KSP residual norm 4.208249e-10
 20 (restart 0) KSP residual norm 3.131779e-10
 21 (restart 0) KSP residual norm 2.512139e-10
 22 (restart 0) KSP residual norm 2.181976e-10
 23 (restart 0) KSP residual norm 1.915713e-10
 24 (restart 0) KSP residual norm 1.805939e-10
 25 (restart 0) KSP residual norm 1.752466e-10
 26 (restart 0) KSP residual norm 1.648750e-10
 27 (restart 0) KSP residual norm 1.507809e-10
 28 (restart 0) KSP residual norm 1.349151e-10
 29 (restart 0) KSP residual norm 1.168102e-10
 30 (restart 0) KSP residual norm 1.049442e-10
 31 (restart 0) KSP residual norm 9.896425e-11
 32 (restart 0) KSP residual norm 9.284967e-11
 33 (restart 0) KSP residual norm 8.947757e-11
 34 (restart 0) KSP residual norm 8.628723e-11
 35 (restart 0) KSP residual norm 8.466053e-11
 36 (restart 0) KSP residual norm 8.432417e-11
 37 (restart 0) KSP residual norm 8.404466e-11
 38 (restart 0) KSP residual norm 8.149017e-11
 39 (restart 0) KSP residual norm 8.030152e-11
 40 (restart 0) KSP residual norm 7.967350e-11
 41 (restart 0) KSP residual norm 7.859607e-11
 42 (restart 0) KSP residual norm 7.658665e-11
 43 (restart 0) KSP residual norm 7.528607e-11
 44 (restart 0) KSP residual norm 7.452806e-11
 45 (restart 0) KSP residual norm 6.953623e-11
 46 (restart 0) KSP residual norm 6.575638e-11
 47 (restart 0) KSP residual norm 6.157575e-11
 48 (restart 0) KSP residual norm 5.546863e-11
 49 (restart 0) KSP residual norm 4.934153e-11
 50 (restart 0) KSP residual norm 4.259325e-11
 51 (restart 0) KSP residual norm 3.610434e-11
 52 (restart 0) KSP residual norm 3.013357e-11
 53 (restart 0) KSP residual norm 2.417985e-11
 54 (restart 0) KSP residual norm 1.856940e-11
 55 (restart 0) KSP residual norm 1.363590e-11
 56 (restart 0) KSP residual norm 9.030412e-12
 57 (restart 0) KSP residual norm 6.018249e-12
 58 (restart 0) KSP residual norm 3.977653e-12
 59 (restart 0) KSP residual norm 2.698651e-12
 60 (restart 0) KSP residual norm 1.817240e-12
 61 (restart 0) KSP residual norm 1.311605e-12
 62 (restart 0) KSP residual norm 9.913509e-13
GMRES solver converged in 62 iterations (avg. reduction factor: 8.494e-01)
3 NLEPS (nconv=2, restart=0) residual norm 6.897157e-09
Eigenvalue 2, Quasi-Newton converged in 3 iterations (-2.633e-04+1.118e+01i).
  Residual norms for GMRES solve
  0 (restart 0) KSP residual norm 1.772765e+01
  1 (restart 0) KSP residual norm 6.969467e+00
  2 (restart 0) KSP residual norm 2.667820e+00
  3 (restart 0) KSP residual norm 2.079297e+00
  4 (restart 0) KSP residual norm 1.156528e+00
  5 (restart 0) KSP residual norm 2.770878e-01
  6 (restart 0) KSP residual norm 2.006535e-01
  7 (restart 0) KSP residual norm 1.382935e-01
  8 (restart 0) KSP residual norm 7.457212e-02
  9 (restart 0) KSP residual norm 6.503818e-02
 10 (restart 0) KSP residual norm 6.307461e-02
 11 (restart 0) KSP residual norm 6.274606e-02
 12 (restart 0) KSP residual norm 6.194988e-02
 13 (restart 0) KSP residual norm 6.088071e-02
 14 (restart 0) KSP residual norm 6.030978e-02
 15 (restart 0) KSP residual norm 5.978677e-02
 16 (restart 0) KSP residual norm 5.956927e-02
 17 (restart 0) KSP residual norm 5.944565e-02
 18 (restart 0) KSP residual norm 5.924413e-02
 19 (restart 0) KSP residual norm 5.712684e-02
 20 (restart 0) KSP residual norm 5.471300e-02
 21 (restart 0) KSP residual norm 4.879498e-02
 22 (restart 0) KSP residual norm 4.613011e-02
 23 (restart 0) KSP residual norm 4.234198e-02
 24 (restart 0) KSP residual norm 3.190839e-02
 25 (restart 0) KSP residual norm 2.357345e-02
 26 (restart 0) KSP residual norm 1.863648e-02
 27 (restart 0) KSP residual norm 1.223355e-02
 28 (restart 0) KSP residual norm 7.246962e-03
 29 (restart 0) KSP residual norm 6.156839e-03
 30 (restart 0) KSP residual norm 4.705265e-03
GMRES solver converged in 30 iterations (avg. reduction factor: 7.600e-01)
0 NLEPS (nconv=3, restart=0) residual norm 1.426952e-01
  Residual norms for GMRES solve
  0 (restart 0) KSP residual norm 1.263463e+00
  1 (restart 0) KSP residual norm 7.692694e-01
  2 (restart 0) KSP residual norm 5.564429e-01
  3 (restart 0) KSP residual norm 5.361699e-01
  4 (restart 0) KSP residual norm 2.716647e-01
  5 (restart 0) KSP residual norm 8.450075e-02
  6 (restart 0) KSP residual norm 4.395875e-02
  7 (restart 0) KSP residual norm 2.633287e-02
  8 (restart 0) KSP residual norm 1.338965e-02
  9 (restart 0) KSP residual norm 1.014068e-02
 10 (restart 0) KSP residual norm 9.441762e-03
 11 (restart 0) KSP residual norm 9.006454e-03
 12 (restart 0) KSP residual norm 8.601005e-03
 13 (restart 0) KSP residual norm 7.904471e-03
 14 (restart 0) KSP residual norm 7.587550e-03
 15 (restart 0) KSP residual norm 7.583781e-03
 16 (restart 0) KSP residual norm 7.565069e-03
 17 (restart 0) KSP residual norm 7.550485e-03
 18 (restart 0) KSP residual norm 7.410225e-03
 19 (restart 0) KSP residual norm 7.292418e-03
 20 (restart 0) KSP residual norm 7.187453e-03
 21 (restart 0) KSP residual norm 6.993146e-03
 22 (restart 0) KSP residual norm 6.825640e-03
 23 (restart 0) KSP residual norm 6.516506e-03
 24 (restart 0) KSP residual norm 5.659772e-03
 25 (restart 0) KSP residual norm 5.285410e-03
 26 (restart 0) KSP residual norm 4.490643e-03
 27 (restart 0) KSP residual norm 2.883146e-03
 28 (restart 0) KSP residual norm 1.914871e-03
 29 (restart 0) KSP residual norm 1.567968e-03
 30 (restart 0) KSP residual norm 1.050505e-03
 31 (restart 0) KSP residual norm 7.827678e-04
 32 (restart 0) KSP residual norm 6.160819e-04
 33 (restart 0) KSP residual norm 4.851269e-04
 34 (restart 0) KSP residual norm 4.039700e-04
 35 (restart 0) KSP residual norm 2.849682e-04
GMRES solver converged in 35 iterations (avg. reduction factor: 7.867e-01)
1 NLEPS (nconv=3, restart=0) residual norm 4.455134e-03
  Residual norms for GMRES solve
  0 (restart 0) KSP residual norm 1.189570e-07
  1 (restart 0) KSP residual norm 1.080696e-07
  2 (restart 0) KSP residual norm 9.342083e-08
  3 (restart 0) KSP residual norm 8.823174e-08
  4 (restart 0) KSP residual norm 4.381226e-08
  5 (restart 0) KSP residual norm 2.561026e-08
  6 (restart 0) KSP residual norm 2.204969e-08
  7 (restart 0) KSP residual norm 1.906008e-08
  8 (restart 0) KSP residual norm 1.666391e-08
  9 (restart 0) KSP residual norm 1.430661e-08
 10 (restart 0) KSP residual norm 1.112395e-08
 11 (restart 0) KSP residual norm 9.063856e-09
 12 (restart 0) KSP residual norm 7.890187e-09
 13 (restart 0) KSP residual norm 6.287190e-09
 14 (restart 0) KSP residual norm 4.822290e-09
 15 (restart 0) KSP residual norm 3.863512e-09
 16 (restart 0) KSP residual norm 2.964668e-09
 17 (restart 0) KSP residual norm 2.509710e-09
 18 (restart 0) KSP residual norm 2.056648e-09
 19 (restart 0) KSP residual norm 1.719780e-09
 20 (restart 0) KSP residual norm 1.505225e-09
 21 (restart 0) KSP residual norm 1.458622e-09
 22 (restart 0) KSP residual norm 1.416234e-09
 23 (restart 0) KSP residual norm 1.184359e-09
 24 (restart 0) KSP residual norm 9.917733e-10
 25 (restart 0) KSP residual norm 9.508690e-10
 26 (restart 0) KSP residual norm 8.589071e-10
 27 (restart 0) KSP residual norm 7.457380e-10
 28 (restart 0) KSP residual norm 6.877724e-10
 29 (restart 0) KSP residual norm 6.337907e-10
 30 (restart 0) KSP residual norm 6.134163e-10
 31 (restart 0) KSP residual norm 6.043526e-10
 32 (restart 0) KSP residual norm 5.868540e-10
 33 (restart 0) KSP residual norm 5.464810e-10
 34 (restart 0) KSP residual norm 5.452211e-10
 35 (restart 0) KSP residual norm 5.436657e-10
 36 (restart 0) KSP residual norm 5.353074e-10
 37 (restart 0) KSP residual norm 5.237167e-10
 38 (restart 0) KSP residual norm 5.225281e-10
 39 (restart 0) KSP residual norm 5.217832e-10
 40 (restart 0) KSP residual norm 5.213916e-10
 41 (restart 0) KSP residual norm 5.212582e-10
 42 (restart 0) KSP residual norm 5.208242e-10
 43 (restart 0) KSP residual norm 5.191238e-10
 44 (restart 0) KSP residual norm 5.190682e-10
 45 (restart 0) KSP residual norm 5.172575e-10
 46 (restart 0) KSP residual norm 5.137871e-10
 47 (restart 0) KSP residual norm 5.108962e-10
 48 (restart 0) KSP residual norm 5.094183e-10
 49 (restart 0) KSP residual norm 5.090740e-10
 50 (restart 0) KSP residual norm 4.974318e-10
 51 (restart 0) KSP residual norm 4.970445e-10
 52 (restart 0) KSP residual norm 4.930363e-10
 53 (restart 0) KSP residual norm 4.824569e-10
 54 (restart 0) KSP residual norm 4.640284e-10
 55 (restart 0) KSP residual norm 4.542542e-10
 56 (restart 0) KSP residual norm 4.307378e-10
 57 (restart 0) KSP residual norm 3.990694e-10
 58 (restart 0) KSP residual norm 3.566125e-10
 59 (restart 0) KSP residual norm 3.275106e-10
 60 (restart 0) KSP residual norm 2.828605e-10
 61 (restart 0) KSP residual norm 2.364499e-10
 62 (restart 0) KSP residual norm 1.941676e-10
 63 (restart 0) KSP residual norm 1.565762e-10
 64 (restart 0) KSP residual norm 1.166808e-10
 65 (restart 0) KSP residual norm 8.863943e-11
 66 (restart 0) KSP residual norm 6.607403e-11
 67 (restart 0) KSP residual norm 4.767260e-11
 68 (restart 0) KSP residual norm 3.504953e-11
GMRES solver converged in 68 iterations (avg. reduction factor: 8.873e-01)
2 NLEPS (nconv=3, restart=0) residual norm 3.788805e-06
  Residual norms for GMRES solve
  0 (restart 0) KSP residual norm 1.912774e-08
  1 (restart 0) KSP residual norm 1.847571e-08
  2 (restart 0) KSP residual norm 1.821785e-08
  3 (restart 0) KSP residual norm 1.379452e-08
  4 (restart 0) KSP residual norm 3.866042e-09
  5 (restart 0) KSP residual norm 1.925413e-09
  6 (restart 0) KSP residual norm 1.151944e-09
  7 (restart 0) KSP residual norm 9.180203e-10
  8 (restart 0) KSP residual norm 7.967804e-10
  9 (restart 0) KSP residual norm 7.727958e-10
 10 (restart 0) KSP residual norm 7.679091e-10
 11 (restart 0) KSP residual norm 7.599732e-10
 12 (restart 0) KSP residual norm 7.425412e-10
 13 (restart 0) KSP residual norm 7.135678e-10
 14 (restart 0) KSP residual norm 7.087822e-10
 15 (restart 0) KSP residual norm 6.956438e-10
 16 (restart 0) KSP residual norm 6.954561e-10
 17 (restart 0) KSP residual norm 6.953346e-10
 18 (restart 0) KSP residual norm 6.839479e-10
 19 (restart 0) KSP residual norm 6.807718e-10
 20 (restart 0) KSP residual norm 6.605451e-10
 21 (restart 0) KSP residual norm 6.494270e-10
 22 (restart 0) KSP residual norm 6.483809e-10
 23 (restart 0) KSP residual norm 6.317738e-10
 24 (restart 0) KSP residual norm 6.184567e-10
 25 (restart 0) KSP residual norm 5.934082e-10
 26 (restart 0) KSP residual norm 5.904065e-10
 27 (restart 0) KSP residual norm 5.895950e-10
 28 (restart 0) KSP residual norm 5.705076e-10
 29 (restart 0) KSP residual norm 5.533169e-10
 30 (restart 0) KSP residual norm 5.462433e-10
 31 (restart 0) KSP residual norm 5.284316e-10
 32 (restart 0) KSP residual norm 4.292608e-10
 33 (restart 0) KSP residual norm 4.174229e-10
 34 (restart 0) KSP residual norm 3.838933e-10
 35 (restart 0) KSP residual norm 3.256142e-10
 36 (restart 0) KSP residual norm 2.906516e-10
 37 (restart 0) KSP residual norm 2.519135e-10
 38 (restart 0) KSP residual norm 2.029257e-10
 39 (restart 0) KSP residual norm 1.557148e-10
 40 (restart 0) KSP residual norm 1.366276e-10
 41 (restart 0) KSP residual norm 1.191689e-10
 42 (restart 0) KSP residual norm 1.019562e-10
 43 (restart 0) KSP residual norm 9.054674e-11
 44 (restart 0) KSP residual norm 7.836182e-11
 45 (restart 0) KSP residual norm 6.794499e-11
 46 (restart 0) KSP residual norm 5.752765e-11
 47 (restart 0) KSP residual norm 4.784226e-11
 48 (restart 0) KSP residual norm 3.811370e-11
 49 (restart 0) KSP residual norm 2.903778e-11
 50 (restart 0) KSP residual norm 2.315758e-11
 51 (restart 0) KSP residual norm 1.802241e-11
 52 (restart 0) KSP residual norm 1.407416e-11
 53 (restart 0) KSP residual norm 1.115559e-11
 54 (restart 0) KSP residual norm 8.698040e-12
 55 (restart 0) KSP residual norm 6.821273e-12
 56 (restart 0) KSP residual norm 5.312871e-12
 57 (restart 0) KSP residual norm 3.980702e-12
 58 (restart 0) KSP residual norm 3.073987e-12
 59 (restart 0) KSP residual norm 2.329548e-12
 60 (restart 0) KSP residual norm 1.805252e-12
 61 (restart 0) KSP residual norm 1.393254e-12
 62 (restart 0) KSP residual norm 1.091041e-12
 63 (restart 0) KSP residual norm 8.319970e-13
GMRES solver converged in 63 iterations (avg. reduction factor: 8.526e-01)
3 NLEPS (nconv=3, restart=0) residual norm 6.633733e-09
Eigenvalue 3, Quasi-Newton converged in 3 iterations (-3.973e-04+1.158e+01i).
  Residual norms for GMRES solve
  0 (restart 0) KSP residual norm 2.039993e+01
  1 (restart 0) KSP residual norm 3.545199e+00
  2 (restart 0) KSP residual norm 2.511790e+00
  3 (restart 0) KSP residual norm 1.044766e+00
  4 (restart 0) KSP residual norm 4.789005e-01
  5 (restart 0) KSP residual norm 3.967380e-01
  6 (restart 0) KSP residual norm 3.928010e-01
  7 (restart 0) KSP residual norm 3.923046e-01
  8 (restart 0) KSP residual norm 3.841256e-01
  9 (restart 0) KSP residual norm 2.817597e-01
 10 (restart 0) KSP residual norm 2.689701e-01
 11 (restart 0) KSP residual norm 1.514662e-01
 12 (restart 0) KSP residual norm 8.081794e-02
 13 (restart 0) KSP residual norm 7.446808e-02
 14 (restart 0) KSP residual norm 7.434796e-02
 15 (restart 0) KSP residual norm 7.011416e-02
 16 (restart 0) KSP residual norm 4.278588e-02
 17 (restart 0) KSP residual norm 3.540419e-02
 18 (restart 0) KSP residual norm 2.179614e-02
 19 (restart 0) KSP residual norm 2.109199e-02
 20 (restart 0) KSP residual norm 1.932425e-02
 21 (restart 0) KSP residual norm 1.881485e-02
 22 (restart 0) KSP residual norm 1.697834e-02
 23 (restart 0) KSP residual norm 1.133840e-02
 24 (restart 0) KSP residual norm 6.068273e-03
GMRES solver converged in 24 iterations (avg. reduction factor: 7.130e-01)
0 NLEPS (nconv=4, restart=0) residual norm 3.131042e-01
  Residual norms for GMRES solve
  0 (restart 0) KSP residual norm 2.671450e+00
  1 (restart 0) KSP residual norm 2.602924e+00
  2 (restart 0) KSP residual norm 1.411890e+00
  3 (restart 0) KSP residual norm 1.325734e+00
  4 (restart 0) KSP residual norm 9.330626e-01
  5 (restart 0) KSP residual norm 5.240164e-01
  6 (restart 0) KSP residual norm 3.048636e-01
  7 (restart 0) KSP residual norm 2.920334e-01
  8 (restart 0) KSP residual norm 2.692771e-01
  9 (restart 0) KSP residual norm 1.956442e-01
 10 (restart 0) KSP residual norm 1.927260e-01
 11 (restart 0) KSP residual norm 1.891815e-01
 12 (restart 0) KSP residual norm 1.827904e-01
 13 (restart 0) KSP residual norm 1.728260e-01
 14 (restart 0) KSP residual norm 1.478350e-01
 15 (restart 0) KSP residual norm 1.284311e-01
 16 (restart 0) KSP residual norm 1.146181e-01
 17 (restart 0) KSP residual norm 1.133675e-01
 18 (restart 0) KSP residual norm 1.118125e-01
 19 (restart 0) KSP residual norm 1.096826e-01
 20 (restart 0) KSP residual norm 9.616221e-02
 21 (restart 0) KSP residual norm 6.174692e-02
 22 (restart 0) KSP residual norm 3.803831e-02
 23 (restart 0) KSP residual norm 2.305202e-02
 24 (restart 0) KSP residual norm 1.397102e-02
 25 (restart 0) KSP residual norm 9.643823e-03
 26 (restart 0) KSP residual norm 6.493876e-03
 27 (restart 0) KSP residual norm 4.766719e-03
 28 (restart 0) KSP residual norm 3.122460e-03
 29 (restart 0) KSP residual norm 2.040024e-03
 30 (restart 0) KSP residual norm 1.284044e-03
 31 (restart 0) KSP residual norm 9.513875e-04
 32 (restart 0) KSP residual norm 6.966595e-04
GMRES solver converged in 32 iterations (avg. reduction factor: 7.727e-01)
1 NLEPS (nconv=4, restart=0) residual norm 7.852833e-02
  Residual norms for GMRES solve
  0 (restart 0) KSP residual norm 8.917688e-05
  1 (restart 0) KSP residual norm 8.911723e-05
  2 (restart 0) KSP residual norm 5.124764e-05
  3 (restart 0) KSP residual norm 4.936084e-05
  4 (restart 0) KSP residual norm 2.777902e-05
  5 (restart 0) KSP residual norm 1.447868e-05
  6 (restart 0) KSP residual norm 1.270790e-05
  7 (restart 0) KSP residual norm 1.224234e-05
  8 (restart 0) KSP residual norm 1.017412e-05
  9 (restart 0) KSP residual norm 9.779737e-06
 10 (restart 0) KSP residual norm 9.773356e-06
 11 (restart 0) KSP residual norm 8.645081e-06
 12 (restart 0) KSP residual norm 8.635653e-06
 13 (restart 0) KSP residual norm 5.564952e-06
 14 (restart 0) KSP residual norm 4.555194e-06
 15 (restart 0) KSP residual norm 4.543818e-06
 16 (restart 0) KSP residual norm 4.432752e-06
 17 (restart 0) KSP residual norm 4.431096e-06
 18 (restart 0) KSP residual norm 4.408348e-06
 19 (restart 0) KSP residual norm 4.264348e-06
 20 (restart 0) KSP residual norm 3.783822e-06
 21 (restart 0) KSP residual norm 2.751426e-06
 22 (restart 0) KSP residual norm 1.960231e-06
 23 (restart 0) KSP residual norm 1.338315e-06
 24 (restart 0) KSP residual norm 9.937388e-07
 25 (restart 0) KSP residual norm 7.203688e-07
 26 (restart 0) KSP residual norm 5.424043e-07
 27 (restart 0) KSP residual norm 3.896535e-07
 28 (restart 0) KSP residual norm 2.831525e-07
 29 (restart 0) KSP residual norm 2.064756e-07
 30 (restart 0) KSP residual norm 1.566523e-07
 31 (restart 0) KSP residual norm 1.187754e-07
 32 (restart 0) KSP residual norm 8.820619e-08
 33 (restart 0) KSP residual norm 6.366004e-08
 34 (restart 0) KSP residual norm 4.855310e-08
 35 (restart 0) KSP residual norm 3.797717e-08
 36 (restart 0) KSP residual norm 2.990189e-08
 37 (restart 0) KSP residual norm 2.374803e-08
GMRES solver converged in 37 iterations (avg. reduction factor: 8.006e-01)
2 NLEPS (nconv=4, restart=0) residual norm 1.599802e-03
  Residual norms for GMRES solve
  0 (restart 0) KSP residual norm 4.684431e-05
  1 (restart 0) KSP residual norm 4.681494e-05
  2 (restart 0) KSP residual norm 2.688480e-05
  3 (restart 0) KSP residual norm 2.587381e-05
  4 (restart 0) KSP residual norm 1.464225e-05
  5 (restart 0) KSP residual norm 7.588873e-06
  6 (restart 0) KSP residual norm 6.671455e-06
  7 (restart 0) KSP residual norm 6.399228e-06
  8 (restart 0) KSP residual norm 5.323703e-06
  9 (restart 0) KSP residual norm 5.128862e-06
 10 (restart 0) KSP residual norm 5.124705e-06
 11 (restart 0) KSP residual norm 4.533633e-06
 12 (restart 0) KSP residual norm 4.528130e-06
 13 (restart 0) KSP residual norm 2.938794e-06
 14 (restart 0) KSP residual norm 2.383250e-06
 15 (restart 0) KSP residual norm 2.379648e-06
 16 (restart 0) KSP residual norm 2.325893e-06
 17 (restart 0) KSP residual norm 2.324768e-06
 18 (restart 0) KSP residual norm 2.312589e-06
 19 (restart 0) KSP residual norm 2.240624e-06
 20 (restart 0) KSP residual norm 1.987650e-06
 21 (restart 0) KSP residual norm 1.418452e-06
 22 (restart 0) KSP residual norm 9.931353e-07
 23 (restart 0) KSP residual norm 6.859191e-07
 24 (restart 0) KSP residual norm 5.176878e-07
 25 (restart 0) KSP residual norm 3.847645e-07
 26 (restart 0) KSP residual norm 2.947502e-07
 27 (restart 0) KSP residual norm 2.143611e-07
 28 (restart 0) KSP residual norm 1.553129e-07
 29 (restart 0) KSP residual norm 1.136057e-07
 30 (restart 0) KSP residual norm 8.648249e-08
 31 (restart 0) KSP residual norm 6.721601e-08
 32 (restart 0) KSP residual norm 5.217989e-08
 33 (restart 0) KSP residual norm 3.917106e-08
 34 (restart 0) KSP residual norm 2.944914e-08
 35 (restart 0) KSP residual norm 2.345375e-08
 36 (restart 0) KSP residual norm 1.849674e-08
 37 (restart 0) KSP residual norm 1.452320e-08
GMRES solver converged in 37 iterations (avg. reduction factor: 8.038e-01)
3 NLEPS (nconv=4, restart=0) residual norm 9.631378e-05
  Residual norms for GMRES solve
  0 (restart 0) KSP residual norm 8.842852e-08
  1 (restart 0) KSP residual norm 8.775305e-08
  2 (restart 0) KSP residual norm 5.545155e-08
  3 (restart 0) KSP residual norm 5.478758e-08
  4 (restart 0) KSP residual norm 4.227683e-08
  5 (restart 0) KSP residual norm 3.494317e-08
  6 (restart 0) KSP residual norm 3.417613e-08
  7 (restart 0) KSP residual norm 3.400064e-08
  8 (restart 0) KSP residual norm 3.393014e-08
  9 (restart 0) KSP residual norm 3.390456e-08
 10 (restart 0) KSP residual norm 3.375336e-08
 11 (restart 0) KSP residual norm 3.353890e-08
 12 (restart 0) KSP residual norm 3.185660e-08
 13 (restart 0) KSP residual norm 3.109601e-08
 14 (restart 0) KSP residual norm 3.108106e-08
 15 (restart 0) KSP residual norm 2.802419e-08
 16 (restart 0) KSP residual norm 2.532623e-08
 17 (restart 0) KSP residual norm 2.193236e-08
 18 (restart 0) KSP residual norm 2.032770e-08
 19 (restart 0) KSP residual norm 1.891854e-08
 20 (restart 0) KSP residual norm 1.795639e-08
 21 (restart 0) KSP residual norm 1.746482e-08
 22 (restart 0) KSP residual norm 1.736313e-08
 23 (restart 0) KSP residual norm 1.705825e-08
 24 (restart 0) KSP residual norm 1.669005e-08
 25 (restart 0) KSP residual norm 1.651787e-08
 26 (restart 0) KSP residual norm 1.352978e-08
 27 (restart 0) KSP residual norm 1.262818e-08
 28 (restart 0) KSP residual norm 1.112671e-08
 29 (restart 0) KSP residual norm 1.060377e-08
 30 (restart 0) KSP residual norm 1.055969e-08
 31 (restart 0) KSP residual norm 1.033097e-08
 32 (restart 0) KSP residual norm 9.756995e-09
 33 (restart 0) KSP residual norm 8.792078e-09
 34 (restart 0) KSP residual norm 7.488684e-09
 35 (restart 0) KSP residual norm 6.202862e-09
 36 (restart 0) KSP residual norm 5.364150e-09
 37 (restart 0) KSP residual norm 4.917804e-09
 38 (restart 0) KSP residual norm 4.325015e-09
 39 (restart 0) KSP residual norm 3.550742e-09
 40 (restart 0) KSP residual norm 2.796842e-09
 41 (restart 0) KSP residual norm 2.027696e-09
 42 (restart 0) KSP residual norm 1.500250e-09
 43 (restart 0) KSP residual norm 1.151438e-09
 44 (restart 0) KSP residual norm 9.341667e-10
 45 (restart 0) KSP residual norm 7.229864e-10
 46 (restart 0) KSP residual norm 5.821679e-10
 47 (restart 0) KSP residual norm 4.589543e-10
 48 (restart 0) KSP residual norm 3.578789e-10
 49 (restart 0) KSP residual norm 2.792564e-10
 50 (restart 0) KSP residual norm 2.295200e-10
 51 (restart 0) KSP residual norm 1.898650e-10
 52 (restart 0) KSP residual norm 1.516747e-10
 53 (restart 0) KSP residual norm 1.210934e-10
 54 (restart 0) KSP residual norm 1.010916e-10
 55 (restart 0) KSP residual norm 8.217612e-11
 56 (restart 0) KSP residual norm 6.762449e-11
 57 (restart 0) KSP residual norm 5.462245e-11
 58 (restart 0) KSP residual norm 4.348722e-11
 59 (restart 0) KSP residual norm 3.515452e-11
 60 (restart 0) KSP residual norm 3.010600e-11
 61 (restart 0) KSP residual norm 2.580231e-11
 62 (restart 0) KSP residual norm 2.111620e-11
 63 (restart 0) KSP residual norm 1.661044e-11
 64 (restart 0) KSP residual norm 1.285087e-11
 65 (restart 0) KSP residual norm 9.185278e-12
 66 (restart 0) KSP residual norm 6.405963e-12
GMRES solver converged in 66 iterations (avg. reduction factor: 8.655e-01)
4 NLEPS (nconv=4, restart=0) residual norm 5.224359e-08
Eigenvalue 4, Quasi-Newton converged in 4 iterations (-3.242e-04+1.075e+01i).
  Residual norms for GMRES solve
  0 (restart 0) KSP residual norm 2.038084e+01
  1 (restart 0) KSP residual norm 3.174944e+00
  2 (restart 0) KSP residual norm 2.612573e+00
  3 (restart 0) KSP residual norm 1.202823e+00
  4 (restart 0) KSP residual norm 5.231707e-01
  5 (restart 0) KSP residual norm 4.109493e-01
  6 (restart 0) KSP residual norm 3.935108e-01
  7 (restart 0) KSP residual norm 3.859332e-01
  8 (restart 0) KSP residual norm 3.800429e-01
  9 (restart 0) KSP residual norm 3.792373e-01
 10 (restart 0) KSP residual norm 3.594301e-01
 11 (restart 0) KSP residual norm 3.106068e-01
 12 (restart 0) KSP residual norm 1.223176e-01
 13 (restart 0) KSP residual norm 3.528262e-02
 14 (restart 0) KSP residual norm 2.942152e-02
 15 (restart 0) KSP residual norm 2.853811e-02
 16 (restart 0) KSP residual norm 2.849235e-02
 17 (restart 0) KSP residual norm 2.686271e-02
 18 (restart 0) KSP residual norm 2.668010e-02
 19 (restart 0) KSP residual norm 2.660510e-02
 20 (restart 0) KSP residual norm 2.361073e-02
 21 (restart 0) KSP residual norm 2.233514e-02
 22 (restart 0) KSP residual norm 1.940188e-02
 23 (restart 0) KSP residual norm 1.096583e-02
 24 (restart 0) KSP residual norm 5.452409e-03
GMRES solver converged in 24 iterations (avg. reduction factor: 7.098e-01)
0 NLEPS (nconv=5, restart=0) residual norm 9.242917e-01
  Residual norms for GMRES solve
  0 (restart 0) KSP residual norm 2.887962e+00
  1 (restart 0) KSP residual norm 2.850572e+00
  2 (restart 0) KSP residual norm 1.855764e+00
  3 (restart 0) KSP residual norm 1.763712e+00
  4 (restart 0) KSP residual norm 1.249210e+00
  5 (restart 0) KSP residual norm 6.467135e-01
  6 (restart 0) KSP residual norm 2.901069e-01
  7 (restart 0) KSP residual norm 2.789682e-01
  8 (restart 0) KSP residual norm 2.631835e-01
  9 (restart 0) KSP residual norm 1.435446e-01
 10 (restart 0) KSP residual norm 1.063355e-01
 11 (restart 0) KSP residual norm 4.792024e-02
 12 (restart 0) KSP residual norm 4.766395e-02
 13 (restart 0) KSP residual norm 3.408177e-02
 14 (restart 0) KSP residual norm 2.935928e-02
 15 (restart 0) KSP residual norm 2.836786e-02
 16 (restart 0) KSP residual norm 2.823353e-02
 17 (restart 0) KSP residual norm 2.688023e-02
 18 (restart 0) KSP residual norm 2.595110e-02
 19 (restart 0) KSP residual norm 2.551726e-02
 20 (restart 0) KSP residual norm 2.521523e-02
 21 (restart 0) KSP residual norm 2.357466e-02
 22 (restart 0) KSP residual norm 2.201036e-02
 23 (restart 0) KSP residual norm 1.978086e-02
 24 (restart 0) KSP residual norm 1.582363e-02
 25 (restart 0) KSP residual norm 1.340248e-02
 26 (restart 0) KSP residual norm 9.863378e-03
 27 (restart 0) KSP residual norm 6.982614e-03
 28 (restart 0) KSP residual norm 3.865780e-03
 29 (restart 0) KSP residual norm 2.373616e-03
 30 (restart 0) KSP residual norm 1.383688e-03
 31 (restart 0) KSP residual norm 9.682940e-04
 32 (restart 0) KSP residual norm 6.613275e-04
GMRES solver converged in 32 iterations (avg. reduction factor: 7.696e-01)
1 NLEPS (nconv=5, restart=0) residual norm 1.341133e-02
  Residual norms for GMRES solve
  0 (restart 0) KSP residual norm 1.293695e-05
  1 (restart 0) KSP residual norm 7.931983e-06
  2 (restart 0) KSP residual norm 7.593434e-06
  3 (restart 0) KSP residual norm 5.105965e-06
  4 (restart 0) KSP residual norm 2.481202e-06
  5 (restart 0) KSP residual norm 1.580855e-06
  6 (restart 0) KSP residual norm 1.525493e-06
  7 (restart 0) KSP residual norm 1.289773e-06
  8 (restart 0) KSP residual norm 6.414633e-07
  9 (restart 0) KSP residual norm 5.727287e-07
 10 (restart 0) KSP residual norm 4.347903e-07
 11 (restart 0) KSP residual norm 4.002117e-07
 12 (restart 0) KSP residual norm 2.909555e-07
 13 (restart 0) KSP residual norm 1.975839e-07
 14 (restart 0) KSP residual norm 1.960999e-07
 15 (restart 0) KSP residual norm 1.941176e-07
 16 (restart 0) KSP residual norm 1.924787e-07
 17 (restart 0) KSP residual norm 1.832893e-07
 18 (restart 0) KSP residual norm 1.784179e-07
 19 (restart 0) KSP residual norm 1.756165e-07
 20 (restart 0) KSP residual norm 1.749628e-07
 21 (restart 0) KSP residual norm 1.651469e-07
 22 (restart 0) KSP residual norm 1.613183e-07
 23 (restart 0) KSP residual norm 1.597964e-07
 24 (restart 0) KSP residual norm 1.585054e-07
 25 (restart 0) KSP residual norm 1.556548e-07
 26 (restart 0) KSP residual norm 1.505041e-07
 27 (restart 0) KSP residual norm 1.461634e-07
 28 (restart 0) KSP residual norm 1.337525e-07
 29 (restart 0) KSP residual norm 1.251999e-07
 30 (restart 0) KSP residual norm 1.133292e-07
 31 (restart 0) KSP residual norm 9.853417e-08
 32 (restart 0) KSP residual norm 8.367480e-08
 33 (restart 0) KSP residual norm 7.127086e-08
 34 (restart 0) KSP residual norm 5.441156e-08
 35 (restart 0) KSP residual norm 3.906394e-08
 36 (restart 0) KSP residual norm 2.846986e-08
 37 (restart 0) KSP residual norm 2.212022e-08
 38 (restart 0) KSP residual norm 1.776632e-08
 39 (restart 0) KSP residual norm 1.468311e-08
 40 (restart 0) KSP residual norm 1.174506e-08
 41 (restart 0) KSP residual norm 9.347089e-09
 42 (restart 0) KSP residual norm 7.009892e-09
 43 (restart 0) KSP residual norm 5.106339e-09
 44 (restart 0) KSP residual norm 3.799912e-09
GMRES solver converged in 44 iterations (avg. reduction factor: 8.312e-01)
2 NLEPS (nconv=5, restart=0) residual norm 4.823182e-05
  Residual norms for GMRES solve
  0 (restart 0) KSP residual norm 4.417442e-07
  1 (restart 0) KSP residual norm 3.539544e-07
  2 (restart 0) KSP residual norm 1.118934e-07
  3 (restart 0) KSP residual norm 8.226601e-08
  4 (restart 0) KSP residual norm 7.877117e-08
  5 (restart 0) KSP residual norm 7.241045e-08
  6 (restart 0) KSP residual norm 6.534059e-08
  7 (restart 0) KSP residual norm 6.223391e-08
  8 (restart 0) KSP residual norm 4.758826e-08
  9 (restart 0) KSP residual norm 2.508650e-08
 10 (restart 0) KSP residual norm 2.254401e-08
 11 (restart 0) KSP residual norm 2.124114e-08
 12 (restart 0) KSP residual norm 1.961508e-08
 13 (restart 0) KSP residual norm 1.901199e-08
 14 (restart 0) KSP residual norm 1.714289e-08
 15 (restart 0) KSP residual norm 1.673953e-08
 16 (restart 0) KSP residual norm 1.586905e-08
 17 (restart 0) KSP residual norm 1.334528e-08
 18 (restart 0) KSP residual norm 1.332660e-08
 19 (restart 0) KSP residual norm 1.304623e-08
 20 (restart 0) KSP residual norm 1.293779e-08
 21 (restart 0) KSP residual norm 1.253997e-08
 22 (restart 0) KSP residual norm 1.246898e-08
 23 (restart 0) KSP residual norm 1.235504e-08
 24 (restart 0) KSP residual norm 1.085025e-08
 25 (restart 0) KSP residual norm 1.041679e-08
 26 (restart 0) KSP residual norm 9.967353e-09
 27 (restart 0) KSP residual norm 9.690413e-09
 28 (restart 0) KSP residual norm 9.488180e-09
 29 (restart 0) KSP residual norm 9.081822e-09
 30 (restart 0) KSP residual norm 8.772656e-09
 31 (restart 0) KSP residual norm 8.354232e-09
 32 (restart 0) KSP residual norm 7.564169e-09
 33 (restart 0) KSP residual norm 7.085473e-09
 34 (restart 0) KSP residual norm 6.263680e-09
 35 (restart 0) KSP residual norm 5.842275e-09
 36 (restart 0) KSP residual norm 4.859283e-09
 37 (restart 0) KSP residual norm 4.234685e-09
 38 (restart 0) KSP residual norm 3.530389e-09
 39 (restart 0) KSP residual norm 2.795876e-09
 40 (restart 0) KSP residual norm 2.123423e-09
 41 (restart 0) KSP residual norm 1.654399e-09
 42 (restart 0) KSP residual norm 1.235630e-09
 43 (restart 0) KSP residual norm 9.360944e-10
 44 (restart 0) KSP residual norm 6.793383e-10
 45 (restart 0) KSP residual norm 5.059820e-10
 46 (restart 0) KSP residual norm 3.754961e-10
 47 (restart 0) KSP residual norm 2.789987e-10
 48 (restart 0) KSP residual norm 2.050300e-10
 49 (restart 0) KSP residual norm 1.519103e-10
 50 (restart 0) KSP residual norm 1.177690e-10
 51 (restart 0) KSP residual norm 9.448974e-11
 52 (restart 0) KSP residual norm 7.578301e-11
 53 (restart 0) KSP residual norm 5.881555e-11
 54 (restart 0) KSP residual norm 4.249728e-11
 55 (restart 0) KSP residual norm 2.948954e-11
 56 (restart 0) KSP residual norm 2.061530e-11
GMRES solver converged in 56 iterations (avg. reduction factor: 8.369e-01)
3 NLEPS (nconv=5, restart=0) residual norm 1.676276e-07
  Residual norms for GMRES solve
  0 (restart 0) KSP residual norm 6.987295e-11
  1 (restart 0) KSP residual norm 6.854424e-11
  2 (restart 0) KSP residual norm 6.627849e-11
  3 (restart 0) KSP residual norm 2.507192e-11
  4 (restart 0) KSP residual norm 1.867123e-11
  5 (restart 0) KSP residual norm 1.824835e-11
  6 (restart 0) KSP residual norm 1.755563e-11
  7 (restart 0) KSP residual norm 1.715112e-11
  8 (restart 0) KSP residual norm 1.585029e-11
  9 (restart 0) KSP residual norm 1.235813e-11
 10 (restart 0) KSP residual norm 7.996122e-12
 11 (restart 0) KSP residual norm 6.692226e-12
 12 (restart 0) KSP residual norm 4.948679e-12
 13 (restart 0) KSP residual norm 4.452677e-12
 14 (restart 0) KSP residual norm 3.946148e-12
 15 (restart 0) KSP residual norm 3.757226e-12
 16 (restart 0) KSP residual norm 3.226270e-12
 17 (restart 0) KSP residual norm 3.139726e-12
 18 (restart 0) KSP residual norm 2.499173e-12
 19 (restart 0) KSP residual norm 2.451582e-12
 20 (restart 0) KSP residual norm 2.174194e-12
 21 (restart 0) KSP residual norm 2.104333e-12
 22 (restart 0) KSP residual norm 2.009141e-12
 23 (restart 0) KSP residual norm 1.955554e-12
 24 (restart 0) KSP residual norm 1.845261e-12
 25 (restart 0) KSP residual norm 1.822582e-12
 26 (restart 0) KSP residual norm 1.810213e-12
 27 (restart 0) KSP residual norm 1.635968e-12
 28 (restart 0) KSP residual norm 1.602293e-12
 29 (restart 0) KSP residual norm 1.528959e-12
 30 (restart 0) KSP residual norm 1.511516e-12
 31 (restart 0) KSP residual norm 1.506641e-12
 32 (restart 0) KSP residual norm 1.502376e-12
 33 (restart 0) KSP residual norm 1.492295e-12
 34 (restart 0) KSP residual norm 1.487099e-12
 35 (restart 0) KSP residual norm 1.459805e-12
 36 (restart 0) KSP residual norm 1.455540e-12
 37 (restart 0) KSP residual norm 1.427764e-12
 38 (restart 0) KSP residual norm 1.410104e-12
 39 (restart 0) KSP residual norm 1.317634e-12
 40 (restart 0) KSP residual norm 1.304687e-12
 41 (restart 0) KSP residual norm 1.270271e-12
 42 (restart 0) KSP residual norm 1.230653e-12
 43 (restart 0) KSP residual norm 1.176798e-12
 44 (restart 0) KSP residual norm 1.107318e-12
 45 (restart 0) KSP residual norm 1.012734e-12
 46 (restart 0) KSP residual norm 8.983107e-13
GMRES solver converged in 46 iterations (avg. reduction factor: 9.097e-01)
4 NLEPS (nconv=5, restart=0) residual norm 5.569876e-09
Eigenvalue 5, Quasi-Newton converged in 4 iterations (-2.724e-04+1.076e+01i).
  Residual norms for GMRES solve
  0 (restart 0) KSP residual norm 1.999195e+01
  1 (restart 0) KSP residual norm 1.326818e+00
  2 (restart 0) KSP residual norm 6.383838e-01
  3 (restart 0) KSP residual norm 3.054570e-01
  4 (restart 0) KSP residual norm 1.940629e-01
  5 (restart 0) KSP residual norm 1.625347e-01
  6 (restart 0) KSP residual norm 1.110024e-01
  7 (restart 0) KSP residual norm 1.084788e-01
  8 (restart 0) KSP residual norm 1.084639e-01
  9 (restart 0) KSP residual norm 8.094180e-02
 10 (restart 0) KSP residual norm 6.945546e-02
 11 (restart 0) KSP residual norm 5.708035e-02
 12 (restart 0) KSP residual norm 5.368085e-02
 13 (restart 0) KSP residual norm 5.232420e-02
 14 (restart 0) KSP residual norm 4.027972e-02
 15 (restart 0) KSP residual norm 4.027535e-02
 16 (restart 0) KSP residual norm 4.026265e-02
 17 (restart 0) KSP residual norm 3.736271e-02
 18 (restart 0) KSP residual norm 2.608475e-02
 19 (restart 0) KSP residual norm 2.600530e-02
 20 (restart 0) KSP residual norm 2.313602e-02
 21 (restart 0) KSP residual norm 2.275886e-02
 22 (restart 0) KSP residual norm 2.272084e-02
 23 (restart 0) KSP residual norm 2.261832e-02
 24 (restart 0) KSP residual norm 2.219541e-02
 25 (restart 0) KSP residual norm 2.079191e-02
 26 (restart 0) KSP residual norm 1.748984e-02
 27 (restart 0) KSP residual norm 1.259198e-02
 28 (restart 0) KSP residual norm 9.776593e-03
 29 (restart 0) KSP residual norm 8.333763e-03
 30 (restart 0) KSP residual norm 6.517958e-03
 31 (restart 0) KSP residual norm 4.944362e-03
GMRES solver converged in 31 iterations (avg. reduction factor: 7.650e-01)
0 NLEPS (nconv=6, restart=0) residual norm 1.993392e-01
  Residual norms for GMRES solve
  0 (restart 0) KSP residual norm 2.787742e+00
  1 (restart 0) KSP residual norm 1.211417e+00
  2 (restart 0) KSP residual norm 9.651149e-01
  3 (restart 0) KSP residual norm 5.632270e-01
  4 (restart 0) KSP residual norm 2.796366e-01
  5 (restart 0) KSP residual norm 2.188053e-01
  6 (restart 0) KSP residual norm 1.681094e-01
  7 (restart 0) KSP residual norm 1.590998e-01
  8 (restart 0) KSP residual norm 1.480247e-01
  9 (restart 0) KSP residual norm 1.436382e-01
 10 (restart 0) KSP residual norm 6.825779e-02
 11 (restart 0) KSP residual norm 2.797677e-02
 12 (restart 0) KSP residual norm 2.175659e-02
 13 (restart 0) KSP residual norm 2.152677e-02
 14 (restart 0) KSP residual norm 2.085532e-02
 15 (restart 0) KSP residual norm 2.081439e-02
 16 (restart 0) KSP residual norm 2.061145e-02
 17 (restart 0) KSP residual norm 1.885306e-02
 18 (restart 0) KSP residual norm 1.338355e-02
 19 (restart 0) KSP residual norm 1.148718e-02
 20 (restart 0) KSP residual norm 1.088693e-02
 21 (restart 0) KSP residual norm 1.079382e-02
 22 (restart 0) KSP residual norm 1.068317e-02
 23 (restart 0) KSP residual norm 1.033880e-02
 24 (restart 0) KSP residual norm 9.899532e-03
 25 (restart 0) KSP residual norm 8.326989e-03
 26 (restart 0) KSP residual norm 6.608209e-03
 27 (restart 0) KSP residual norm 4.957638e-03
 28 (restart 0) KSP residual norm 3.569719e-03
 29 (restart 0) KSP residual norm 2.914179e-03
 30 (restart 0) KSP residual norm 2.201400e-03
 31 (restart 0) KSP residual norm 1.722285e-03
 32 (restart 0) KSP residual norm 1.218586e-03
 33 (restart 0) KSP residual norm 9.771465e-04
 34 (restart 0) KSP residual norm 7.872961e-04
GMRES solver converged in 34 iterations (avg. reduction factor: 7.863e-01)
1 NLEPS (nconv=6, restart=0) residual norm 9.934818e-03
  Residual norms for GMRES solve
  0 (restart 0) KSP residual norm 7.597278e-07
  1 (restart 0) KSP residual norm 5.484825e-07
  2 (restart 0) KSP residual norm 3.153677e-07
  3 (restart 0) KSP residual norm 1.767934e-07
  4 (restart 0) KSP residual norm 1.514349e-07
  5 (restart 0) KSP residual norm 1.119662e-07
  6 (restart 0) KSP residual norm 1.042764e-07
  7 (restart 0) KSP residual norm 9.637692e-08
  8 (restart 0) KSP residual norm 7.205546e-08
  9 (restart 0) KSP residual norm 6.423167e-08
 10 (restart 0) KSP residual norm 5.156994e-08
 11 (restart 0) KSP residual norm 4.714999e-08
 12 (restart 0) KSP residual norm 3.183575e-08
 13 (restart 0) KSP residual norm 2.086598e-08
 14 (restart 0) KSP residual norm 1.445389e-08
 15 (restart 0) KSP residual norm 1.411299e-08
 16 (restart 0) KSP residual norm 1.268361e-08
 17 (restart 0) KSP residual norm 1.238541e-08
 18 (restart 0) KSP residual norm 1.215660e-08
 19 (restart 0) KSP residual norm 1.037938e-08
 20 (restart 0) KSP residual norm 9.702077e-09
 21 (restart 0) KSP residual norm 7.677943e-09
 22 (restart 0) KSP residual norm 7.671755e-09
 23 (restart 0) KSP residual norm 7.531349e-09
 24 (restart 0) KSP residual norm 7.063609e-09
 25 (restart 0) KSP residual norm 7.042574e-09
 26 (restart 0) KSP residual norm 6.952428e-09
 27 (restart 0) KSP residual norm 6.384941e-09
 28 (restart 0) KSP residual norm 5.785731e-09
 29 (restart 0) KSP residual norm 5.632792e-09
 30 (restart 0) KSP residual norm 5.592990e-09
 31 (restart 0) KSP residual norm 5.586547e-09
 32 (restart 0) KSP residual norm 5.577083e-09
 33 (restart 0) KSP residual norm 5.378854e-09
 34 (restart 0) KSP residual norm 5.357038e-09
 35 (restart 0) KSP residual norm 5.304039e-09
 36 (restart 0) KSP residual norm 5.166802e-09
 37 (restart 0) KSP residual norm 5.165033e-09
 38 (restart 0) KSP residual norm 5.156086e-09
 39 (restart 0) KSP residual norm 5.153588e-09
 40 (restart 0) KSP residual norm 5.151509e-09
 41 (restart 0) KSP residual norm 5.110947e-09
 42 (restart 0) KSP residual norm 5.106928e-09
 43 (restart 0) KSP residual norm 5.101507e-09
 44 (restart 0) KSP residual norm 5.029195e-09
 45 (restart 0) KSP residual norm 4.973068e-09
 46 (restart 0) KSP residual norm 4.837943e-09
 47 (restart 0) KSP residual norm 4.818362e-09
 48 (restart 0) KSP residual norm 4.666424e-09
 49 (restart 0) KSP residual norm 4.518795e-09
 50 (restart 0) KSP residual norm 4.193368e-09
 51 (restart 0) KSP residual norm 3.775071e-09
 52 (restart 0) KSP residual norm 3.370172e-09
 53 (restart 0) KSP residual norm 2.793447e-09
 54 (restart 0) KSP residual norm 2.269081e-09
 55 (restart 0) KSP residual norm 1.808361e-09
 56 (restart 0) KSP residual norm 1.411687e-09
 57 (restart 0) KSP residual norm 1.103135e-09
 58 (restart 0) KSP residual norm 8.258054e-10
 59 (restart 0) KSP residual norm 6.459830e-10
 60 (restart 0) KSP residual norm 5.113293e-10
 61 (restart 0) KSP residual norm 4.017505e-10
 62 (restart 0) KSP residual norm 3.141124e-10
 63 (restart 0) KSP residual norm 2.415100e-10
 64 (restart 0) KSP residual norm 1.774813e-10
GMRES solver converged in 64 iterations (avg. reduction factor: 8.775e-01)
2 NLEPS (nconv=6, restart=0) residual norm 2.009163e-05
  Residual norms for GMRES solve
  0 (restart 0) KSP residual norm 3.612888e-07
  1 (restart 0) KSP residual norm 2.389962e-07
  2 (restart 0) KSP residual norm 1.250843e-07
  3 (restart 0) KSP residual norm 6.128348e-08
  4 (restart 0) KSP residual norm 4.395933e-08
  5 (restart 0) KSP residual norm 2.823602e-08
  6 (restart 0) KSP residual norm 1.696253e-08
  7 (restart 0) KSP residual norm 1.396142e-08
  8 (restart 0) KSP residual norm 1.083046e-08
  9 (restart 0) KSP residual norm 1.055195e-08
 10 (restart 0) KSP residual norm 7.674141e-09
 11 (restart 0) KSP residual norm 6.661973e-09
 12 (restart 0) KSP residual norm 6.423259e-09
 13 (restart 0) KSP residual norm 5.649135e-09
 14 (restart 0) KSP residual norm 5.577823e-09
 15 (restart 0) KSP residual norm 5.367849e-09
 16 (restart 0) KSP residual norm 5.103506e-09
 17 (restart 0) KSP residual norm 3.942186e-09
 18 (restart 0) KSP residual norm 3.686635e-09
 19 (restart 0) KSP residual norm 3.676547e-09
 20 (restart 0) KSP residual norm 3.652370e-09
 21 (restart 0) KSP residual norm 3.508175e-09
 22 (restart 0) KSP residual norm 3.450413e-09
 23 (restart 0) KSP residual norm 3.361049e-09
 24 (restart 0) KSP residual norm 3.360736e-09
 25 (restart 0) KSP residual norm 3.247294e-09
 26 (restart 0) KSP residual norm 3.246893e-09
 27 (restart 0) KSP residual norm 3.176394e-09
 28 (restart 0) KSP residual norm 3.156513e-09
 29 (restart 0) KSP residual norm 3.138443e-09
 30 (restart 0) KSP residual norm 3.131705e-09
 31 (restart 0) KSP residual norm 3.103874e-09
 32 (restart 0) KSP residual norm 3.056205e-09
 33 (restart 0) KSP residual norm 2.724712e-09
 34 (restart 0) KSP residual norm 2.640277e-09
 35 (restart 0) KSP residual norm 2.399157e-09
 36 (restart 0) KSP residual norm 2.288993e-09
 37 (restart 0) KSP residual norm 2.052905e-09
 38 (restart 0) KSP residual norm 1.859321e-09
 39 (restart 0) KSP residual norm 1.598876e-09
 40 (restart 0) KSP residual norm 1.410290e-09
 41 (restart 0) KSP residual norm 1.230668e-09
 42 (restart 0) KSP residual norm 1.070306e-09
 43 (restart 0) KSP residual norm 8.945521e-10
 44 (restart 0) KSP residual norm 7.407150e-10
 45 (restart 0) KSP residual norm 6.092536e-10
 46 (restart 0) KSP residual norm 4.956437e-10
 47 (restart 0) KSP residual norm 3.843774e-10
 48 (restart 0) KSP residual norm 3.035407e-10
 49 (restart 0) KSP residual norm 2.293281e-10
 50 (restart 0) KSP residual norm 1.745332e-10
 51 (restart 0) KSP residual norm 1.346173e-10
 52 (restart 0) KSP residual norm 1.009092e-10
 53 (restart 0) KSP residual norm 8.063557e-11
 54 (restart 0) KSP residual norm 6.102434e-11
 55 (restart 0) KSP residual norm 4.505217e-11
 56 (restart 0) KSP residual norm 3.409370e-11
 57 (restart 0) KSP residual norm 2.456395e-11
 58 (restart 0) KSP residual norm 1.789302e-11
 59 (restart 0) KSP residual norm 1.250655e-11
 60 (restart 0) KSP residual norm 8.886899e-12
 61 (restart 0) KSP residual norm 6.720408e-12
GMRES solver converged in 61 iterations (avg. reduction factor: 8.365e-01)
3 NLEPS (nconv=6, restart=0) residual norm 5.376045e-08
Eigenvalue 6, Quasi-Newton converged in 3 iterations (-2.964e-04+1.085e+01i).
  Residual norms for GMRES solve
  0 (restart 0) KSP residual norm 1.834759e+01
  1 (restart 0) KSP residual norm 2.137828e+00
  2 (restart 0) KSP residual norm 7.528040e-01
  3 (restart 0) KSP residual norm 1.933276e-01
  4 (restart 0) KSP residual norm 1.594273e-01
  5 (restart 0) KSP residual norm 1.469160e-01
  6 (restart 0) KSP residual norm 1.405807e-01
  7 (restart 0) KSP residual norm 1.404092e-01
  8 (restart 0) KSP residual norm 1.400253e-01
  9 (restart 0) KSP residual norm 1.376622e-01
 10 (restart 0) KSP residual norm 1.326934e-01
 11 (restart 0) KSP residual norm 1.077298e-01
 12 (restart 0) KSP residual norm 6.031488e-02
 13 (restart 0) KSP residual norm 3.315521e-02
 14 (restart 0) KSP residual norm 3.198327e-02
 15 (restart 0) KSP residual norm 3.136284e-02
 16 (restart 0) KSP residual norm 3.123159e-02
 17 (restart 0) KSP residual norm 3.119099e-02
 18 (restart 0) KSP residual norm 2.981854e-02
 19 (restart 0) KSP residual norm 2.765488e-02
 20 (restart 0) KSP residual norm 2.610456e-02
 21 (restart 0) KSP residual norm 1.882262e-02
 22 (restart 0) KSP residual norm 1.727107e-02
 23 (restart 0) KSP residual norm 1.705389e-02
 24 (restart 0) KSP residual norm 1.678719e-02
 25 (restart 0) KSP residual norm 1.678703e-02
 26 (restart 0) KSP residual norm 1.554307e-02
 27 (restart 0) KSP residual norm 1.513402e-02
 28 (restart 0) KSP residual norm 1.493717e-02
 29 (restart 0) KSP residual norm 1.445293e-02
 30 (restart 0) KSP residual norm 1.180811e-02
 31 (restart 0) KSP residual norm 8.060112e-03
 32 (restart 0) KSP residual norm 5.983758e-03
 33 (restart 0) KSP residual norm 4.956445e-03
GMRES solver converged in 33 iterations (avg. reduction factor: 7.796e-01)
0 NLEPS (nconv=7, restart=0) residual norm 2.798090e-01
  Residual norms for GMRES solve
  0 (restart 0) KSP residual norm 2.611539e+00
  1 (restart 0) KSP residual norm 1.686843e+00
  2 (restart 0) KSP residual norm 6.354870e-01
  3 (restart 0) KSP residual norm 2.271450e-01
  4 (restart 0) KSP residual norm 1.016124e-01
  5 (restart 0) KSP residual norm 9.621294e-02
  6 (restart 0) KSP residual norm 9.274342e-02
  7 (restart 0) KSP residual norm 9.096008e-02
  8 (restart 0) KSP residual norm 9.057944e-02
  9 (restart 0) KSP residual norm 8.866101e-02
 10 (restart 0) KSP residual norm 8.462761e-02
 11 (restart 0) KSP residual norm 8.125763e-02
 12 (restart 0) KSP residual norm 6.680633e-02
 13 (restart 0) KSP residual norm 5.043604e-02
 14 (restart 0) KSP residual norm 3.435302e-02
 15 (restart 0) KSP residual norm 3.056892e-02
 16 (restart 0) KSP residual norm 2.973239e-02
 17 (restart 0) KSP residual norm 2.952746e-02
 18 (restart 0) KSP residual norm 2.189356e-02
 19 (restart 0) KSP residual norm 1.608857e-02
 20 (restart 0) KSP residual norm 1.250791e-02
 21 (restart 0) KSP residual norm 1.177529e-02
 22 (restart 0) KSP residual norm 1.160205e-02
 23 (restart 0) KSP residual norm 1.147065e-02
 24 (restart 0) KSP residual norm 1.145838e-02
 25 (restart 0) KSP residual norm 1.140991e-02
 26 (restart 0) KSP residual norm 1.137943e-02
 27 (restart 0) KSP residual norm 1.105181e-02
 28 (restart 0) KSP residual norm 1.018293e-02
 29 (restart 0) KSP residual norm 8.919353e-03
 30 (restart 0) KSP residual norm 7.731377e-03
 31 (restart 0) KSP residual norm 5.978545e-03
 32 (restart 0) KSP residual norm 4.807809e-03
 33 (restart 0) KSP residual norm 3.996277e-03
 34 (restart 0) KSP residual norm 3.030720e-03
 35 (restart 0) KSP residual norm 2.149304e-03
 36 (restart 0) KSP residual norm 1.615107e-03
 37 (restart 0) KSP residual norm 1.260997e-03
 38 (restart 0) KSP residual norm 9.458759e-04
 39 (restart 0) KSP residual norm 6.958201e-04
GMRES solver converged in 39 iterations (avg. reduction factor: 8.097e-01)
1 NLEPS (nconv=7, restart=0) residual norm 6.470835e-03
  Residual norms for GMRES solve
  0 (restart 0) KSP residual norm 1.395088e-06
  1 (restart 0) KSP residual norm 1.080219e-06
  2 (restart 0) KSP residual norm 8.688226e-07
  3 (restart 0) KSP residual norm 8.047017e-07
  4 (restart 0) KSP residual norm 7.683264e-07
  5 (restart 0) KSP residual norm 7.140790e-07
  6 (restart 0) KSP residual norm 6.677162e-07
  7 (restart 0) KSP residual norm 6.413768e-07
  8 (restart 0) KSP residual norm 6.198035e-07
  9 (restart 0) KSP residual norm 5.745617e-07
 10 (restart 0) KSP residual norm 5.184029e-07
 11 (restart 0) KSP residual norm 5.084625e-07
 12 (restart 0) KSP residual norm 5.040141e-07
 13 (restart 0) KSP residual norm 4.958818e-07
 14 (restart 0) KSP residual norm 4.369887e-07
 15 (restart 0) KSP residual norm 3.040068e-07
 16 (restart 0) KSP residual norm 2.620236e-07
 17 (restart 0) KSP residual norm 2.444754e-07
 18 (restart 0) KSP residual norm 2.309893e-07
 19 (restart 0) KSP residual norm 2.186676e-07
 20 (restart 0) KSP residual norm 2.134797e-07
 21 (restart 0) KSP residual norm 2.000222e-07
 22 (restart 0) KSP residual norm 1.665961e-07
 23 (restart 0) KSP residual norm 1.528810e-07
 24 (restart 0) KSP residual norm 1.523306e-07
 25 (restart 0) KSP residual norm 1.508031e-07
 26 (restart 0) KSP residual norm 1.468309e-07
 27 (restart 0) KSP residual norm 1.438354e-07
 28 (restart 0) KSP residual norm 1.431152e-07
 29 (restart 0) KSP residual norm 1.288489e-07
 30 (restart 0) KSP residual norm 1.065904e-07
 31 (restart 0) KSP residual norm 9.571572e-08
 32 (restart 0) KSP residual norm 9.492302e-08
 33 (restart 0) KSP residual norm 8.584267e-08
 34 (restart 0) KSP residual norm 7.937169e-08
 35 (restart 0) KSP residual norm 7.729425e-08
 36 (restart 0) KSP residual norm 7.606905e-08
 37 (restart 0) KSP residual norm 7.354603e-08
 38 (restart 0) KSP residual norm 7.198614e-08
 39 (restart 0) KSP residual norm 7.003359e-08
 40 (restart 0) KSP residual norm 6.938075e-08
 41 (restart 0) KSP residual norm 6.647452e-08
 42 (restart 0) KSP residual norm 6.574014e-08
 43 (restart 0) KSP residual norm 6.529285e-08
 44 (restart 0) KSP residual norm 6.481953e-08
 45 (restart 0) KSP residual norm 6.430899e-08
 46 (restart 0) KSP residual norm 6.409786e-08
 47 (restart 0) KSP residual norm 6.325136e-08
 48 (restart 0) KSP residual norm 6.067450e-08
 49 (restart 0) KSP residual norm 5.929138e-08
 50 (restart 0) KSP residual norm 5.892901e-08
 51 (restart 0) KSP residual norm 5.840307e-08
 52 (restart 0) KSP residual norm 5.831245e-08
 53 (restart 0) KSP residual norm 5.778374e-08
 54 (restart 0) KSP residual norm 5.411300e-08
 55 (restart 0) KSP residual norm 4.833194e-08
 56 (restart 0) KSP residual norm 4.018685e-08
 57 (restart 0) KSP residual norm 3.270776e-08
 58 (restart 0) KSP residual norm 2.686987e-08
 59 (restart 0) KSP residual norm 2.102028e-08
 60 (restart 0) KSP residual norm 1.598365e-08
 61 (restart 0) KSP residual norm 1.159733e-08
 62 (restart 0) KSP residual norm 8.544914e-09
 63 (restart 0) KSP residual norm 6.483365e-09
 64 (restart 0) KSP residual norm 5.083669e-09
 65 (restart 0) KSP residual norm 4.069058e-09
 66 (restart 0) KSP residual norm 3.399448e-09
 67 (restart 0) KSP residual norm 2.714751e-09
 68 (restart 0) KSP residual norm 2.144078e-09
 69 (restart 0) KSP residual norm 1.631787e-09
 70 (restart 0) KSP residual norm 1.237278e-09
 71 (restart 0) KSP residual norm 9.276154e-10
 72 (restart 0) KSP residual norm 6.897379e-10
 73 (restart 0) KSP residual norm 5.155802e-10
 74 (restart 0) KSP residual norm 3.754188e-10
GMRES solver converged in 74 iterations (avg. reduction factor: 8.949e-01)
2 NLEPS (nconv=7, restart=0) residual norm 8.487196e-06
  Residual norms for GMRES solve
  0 (restart 0) KSP residual norm 4.179296e-08
  1 (restart 0) KSP residual norm 2.568239e-08
  2 (restart 0) KSP residual norm 1.150828e-08
  3 (restart 0) KSP residual norm 9.138397e-09
  4 (restart 0) KSP residual norm 8.971475e-09
  5 (restart 0) KSP residual norm 8.321364e-09
  6 (restart 0) KSP residual norm 5.708415e-09
  7 (restart 0) KSP residual norm 5.200014e-09
  8 (restart 0) KSP residual norm 5.054970e-09
  9 (restart 0) KSP residual norm 4.736560e-09
 10 (restart 0) KSP residual norm 4.309012e-09
 11 (restart 0) KSP residual norm 4.033629e-09
 12 (restart 0) KSP residual norm 3.978664e-09
 13 (restart 0) KSP residual norm 3.493354e-09
 14 (restart 0) KSP residual norm 3.326513e-09
 15 (restart 0) KSP residual norm 2.875839e-09
 16 (restart 0) KSP residual norm 2.739422e-09
 17 (restart 0) KSP residual norm 2.696732e-09
 18 (restart 0) KSP residual norm 2.526220e-09
 19 (restart 0) KSP residual norm 2.051860e-09
 20 (restart 0) KSP residual norm 1.867632e-09
 21 (restart 0) KSP residual norm 1.861738e-09
 22 (restart 0) KSP residual norm 1.811813e-09
 23 (restart 0) KSP residual norm 1.680903e-09
 24 (restart 0) KSP residual norm 1.537914e-09
 25 (restart 0) KSP residual norm 1.497702e-09
 26 (restart 0) KSP residual norm 1.448274e-09
 27 (restart 0) KSP residual norm 1.375245e-09
 28 (restart 0) KSP residual norm 1.277863e-09
 29 (restart 0) KSP residual norm 1.263496e-09
 30 (restart 0) KSP residual norm 1.222994e-09
 31 (restart 0) KSP residual norm 1.161197e-09
 32 (restart 0) KSP residual norm 1.107003e-09
 33 (restart 0) KSP residual norm 1.084942e-09
 34 (restart 0) KSP residual norm 1.053973e-09
 35 (restart 0) KSP residual norm 1.028939e-09
 36 (restart 0) KSP residual norm 9.994038e-10
 37 (restart 0) KSP residual norm 9.934337e-10
 38 (restart 0) KSP residual norm 9.715814e-10
 39 (restart 0) KSP residual norm 9.504231e-10
 40 (restart 0) KSP residual norm 9.415924e-10
 41 (restart 0) KSP residual norm 9.356905e-10
 42 (restart 0) KSP residual norm 9.350299e-10
 43 (restart 0) KSP residual norm 9.330508e-10
 44 (restart 0) KSP residual norm 9.259563e-10
 45 (restart 0) KSP residual norm 9.105517e-10
 46 (restart 0) KSP residual norm 8.857643e-10
 47 (restart 0) KSP residual norm 8.672436e-10
 48 (restart 0) KSP residual norm 8.560954e-10
 49 (restart 0) KSP residual norm 8.415529e-10
 50 (restart 0) KSP residual norm 7.925680e-10
 51 (restart 0) KSP residual norm 7.009694e-10
 52 (restart 0) KSP residual norm 5.901069e-10
 53 (restart 0) KSP residual norm 4.842519e-10
 54 (restart 0) KSP residual norm 3.853094e-10
 55 (restart 0) KSP residual norm 3.002019e-10
 56 (restart 0) KSP residual norm 2.307339e-10
 57 (restart 0) KSP residual norm 1.780751e-10
 58 (restart 0) KSP residual norm 1.411043e-10
 59 (restart 0) KSP residual norm 1.076614e-10
 60 (restart 0) KSP residual norm 8.124948e-11
 61 (restart 0) KSP residual norm 6.078182e-11
 62 (restart 0) KSP residual norm 4.637221e-11
 63 (restart 0) KSP residual norm 3.601571e-11
 64 (restart 0) KSP residual norm 2.788244e-11
 65 (restart 0) KSP residual norm 2.166901e-11
 66 (restart 0) KSP residual norm 1.697480e-11
 67 (restart 0) KSP residual norm 1.282762e-11
 68 (restart 0) KSP residual norm 9.661486e-12
 69 (restart 0) KSP residual norm 7.058536e-12
 70 (restart 0) KSP residual norm 5.213815e-12
 71 (restart 0) KSP residual norm 3.843572e-12
 72 (restart 0) KSP residual norm 2.828813e-12
 73 (restart 0) KSP residual norm 2.172943e-12
 74 (restart 0) KSP residual norm 1.649262e-12
 75 (restart 0) KSP residual norm 1.259676e-12
 76 (restart 0) KSP residual norm 9.964411e-13
GMRES solver converged in 76 iterations (avg. reduction factor: 8.693e-01)
3 NLEPS (nconv=7, restart=0) residual norm 7.914897e-09
Eigenvalue 7, Quasi-Newton converged in 3 iterations (-3.048e-04+1.133e+01i).

Computing solution error estimates and performing postprocessing

     m,        Re{f} (GHz),        Im{f} (GHz),                  Q,      Error (Bkwd.),       Error (Abs.)
     1,      +2.441991e+00,      +2.998786e-05,      +4.071633e+04,      +8.941616e-14,      +5.953194e-09
     2,      +2.599060e+00,      +7.835005e-05,      +1.658621e+04,      +7.822695e-13,      +5.208681e-08
     3,      +2.599808e+00,      +6.583075e-05,      +1.974615e+04,      +8.245711e-14,      +5.490344e-09
     4,      +2.622050e+00,      +7.164215e-05,      +1.829963e+04,      +8.033890e-13,      +5.349373e-08
     5,      +2.701631e+00,      +6.360036e-05,      +2.123912e+04,      +1.273805e-13,      +8.482034e-09
     6,      +2.701827e+00,      +6.363916e-05,      +2.122771e+04,      +1.035697e-13,      +6.896512e-09
     7,      +2.739554e+00,      +7.367298e-05,      +1.859266e+04,      +1.188162e-13,      +7.911930e-09
     8,      +2.799580e+00,      +9.601964e-05,      +1.457816e+04,      +9.963759e-14,      +6.635070e-09

Completed 0 iterations of adaptive mesh refinement (AMR):
 Indicator norm = 4.937e-02, global unknowns = 503860
 Max. iterations = 0, tol. = 1.000e-02

Estimated peak per-rank memory usage is: Min. 300.1M, Max. 337.7M, Avg. 316.9M, Total 9.9G
Estimated peak per-node memory usage is: Min. 9.9G, Max. 9.9G, Avg. 9.9G, Total 9.9G

Elapsed Time Report (s)           Min.        Max.        Avg.
==============================================================
Initialization                   0.227       0.592       0.580
  Mesh Preprocessing             0.379       0.744       0.390
Operator Construction            1.432       1.458       1.455
Linear Solve                    58.758      60.349      59.660
  Setup                          7.834       7.835       7.835
  Preconditioner               620.702     622.388     621.493
  Coarse Solve                  42.384      43.059      42.709
Eigenvalue Solve                 4.243       4.282       4.264
Div.-Free Projection            12.476      12.500      12.488
Estimation                       0.080       0.087       0.083
  Construction                   0.469       0.469       0.469
  Solve                         12.882      12.888      12.887
Postprocessing                   1.110       1.119       1.113
Disk IO                          0.834       0.843       0.843
--------------------------------------------------------------
Total                          767.404     767.419     767.412

Peak Memory                   Per-Node       Total   Total HWM
==============================================================
Initialization                   48.5M       48.5M       48.5M
  Mesh Preprocessing            135.0M      135.0M      183.6M
Operator Construction             1.6G        1.6G        1.8G
Linear Solve                      0.0K        0.0K        1.8G
  Setup                         906.6M      906.6M        2.7G
  Preconditioner                  1.8M        1.8M        2.7G
  Coarse Solve                    4.8G        4.8G        7.5G
Eigenvalue Solve                375.2M      375.2M        7.9G
Div.-Free Projection            259.9M      259.9M        8.1G
Estimation                      242.1M      242.1M        8.4G
  Construction                  398.7M      398.7M        8.7G
  Solve                         201.7M      201.7M        8.9G
Postprocessing                   18.2M       18.2M        9.0G
Disk IO                          78.0M       78.0M        9.0G
--------------------------------------------------------------
Total                             9.5G        9.5G        9.5G

