>> /opt/amip/envs/emsim/bin/mpirun -n 32 /opt/amip/palace/bin/palace-x86_64.bin h3-azimwidth-01.c1dffc3d_azim_h2_L10.2_strip2x1_lumped.json

_____________     _______
_____   __   \____ __   /____ ____________
____   /_/  /  __ ` /  /  __ ` /  ___/  _ \
___   _____/  /_/  /  /  /_/  /  /__/  ___/
  /__/     \___,__/__/\___,__/\_____\_____/

Git changeset ID: v0.17.0-293-g3c83b9db0
Running with 32 MPI processes, 1 OpenMP thread
Device configuration: omp,cpu
Memory configuration: host-std
libCEED backend: /cpu/self/xsmm/blocked

Added 17251 boundary elements for material interfaces to the mesh

Characteristic length and time scales:
 Lc = 1.974e-01 m, tc = 6.585e-01 ns
Finished partitioning mesh into 32 subdomains

Mesh curvature order: 2
Mesh bounding box:
 (Xmin, Ymin, Zmin) = (-8.800e-02, -8.800e-02, -9.871e-02) m
 (Xmax, Ymax, Zmax) = (+8.800e-02, +8.800e-02, +9.871e-02) m

Parallel Mesh Stats:

                minimum     average     maximum       total
 vertices           280         462         642       14810
 edges             1946        3035        3578       97137
 faces             3305        5042        5425      161345
 elements          1639        2469        2543       79017
 neighbors            2           7          17

            minimum     maximum
 h      0.000113626    0.173666
 kappa      1.02707      668.51

Estimated current per-rank memory usage is: Min. 33.0M, Max. 93.0M, Avg. 35.4M, Total 1.1G
Estimated current per-node memory usage is: Min. 1.1G, Max. 1.1G, Avg. 1.1G, Total 1.1G

Configuring Robin finite conductivity BC at attributes:
 90: σ = 3.500e+07 S/m, n = (+0.1,+0.6,+0.8)
 92: σ = 5.800e+07 S/m, n = (-0.7,-0.4,+0.6)

Configuring Robin impedance BC for lumped ports at attributes:
 91: Rs = 1.508e+02 Ω/sq, n = (+0.0,+0.0,+1.0)

Configuring lumped port circuit properties:
 Index = 1: R = 5.000e+01 Ω

Assembling system matrices, number of global unknowns:
 H1 (p = 2): 111947, ND (p = 2): 516964, RT (p = 2): 721086
 Operator assembly level: Partial
 Mesh geometries:
  Tetrahedron: P = 20, Q = 14 (quadrature order = 4)

Configuring SLEPc eigenvalue solver:
 Scaling γ = 7.268e+01, δ = 1.231e-07
 Configuring divergence-free projection
 Using random starting vector
 Shift-and-invert σ = 2.380e+00 GHz (9.847e+00)

Assembling multigrid hierarchy:
 Level 0 (p = 1): 97137 unknowns
 Level 1 (p = 2): 516964 unknowns
 Level 0 (auxiliary) (p = 1): 14810 unknowns
 Level 1 (auxiliary) (p = 2): 111947 unknowns

#PETSc Option Table entries:
-eps_monitor # (source: code)
#End of PETSc Option Table entries

  Residual norms for GMRES solve
  0 (restart 0) KSP residual norm 1.012903e+00
  1 (restart 0) KSP residual norm 7.062491e-01
  2 (restart 0) KSP residual norm 5.190325e-01
  3 (restart 0) KSP residual norm 1.477726e-01
  4 (restart 0) KSP residual norm 6.483442e-02
  5 (restart 0) KSP residual norm 2.731650e-02
  6 (restart 0) KSP residual norm 1.056001e-02
  7 (restart 0) KSP residual norm 3.261158e-03
  8 (restart 0) KSP residual norm 1.639269e-03
  9 (restart 0) KSP residual norm 1.033411e-03
 10 (restart 0) KSP residual norm 4.788186e-04
 11 (restart 0) KSP residual norm 2.834219e-04
 12 (restart 0) KSP residual norm 1.915237e-04
 13 (restart 0) KSP residual norm 1.193084e-04
 14 (restart 0) KSP residual norm 7.174221e-05
 15 (restart 0) KSP residual norm 4.640893e-05
 16 (restart 0) KSP residual norm 2.679001e-05
 17 (restart 0) KSP residual norm 1.766856e-05
 18 (restart 0) KSP residual norm 1.140135e-05
 19 (restart 0) KSP residual norm 7.476642e-06
 20 (restart 0) KSP residual norm 4.417309e-06
 21 (restart 0) KSP residual norm 3.004964e-06
 22 (restart 0) KSP residual norm 1.938130e-06
 23 (restart 0) KSP residual norm 1.197594e-06
 24 (restart 0) KSP residual norm 7.676438e-07
 25 (restart 0) KSP residual norm 5.086389e-07
 26 (restart 0) KSP residual norm 3.067167e-07
 27 (restart 0) KSP residual norm 1.947075e-07
 28 (restart 0) KSP residual norm 1.269268e-07
 29 (restart 0) KSP residual norm 7.096577e-08
 30 (restart 0) KSP residual norm 4.329005e-08
 31 (restart 0) KSP residual norm 2.709952e-08
 32 (restart 0) KSP residual norm 1.560386e-08
 33 (restart 0) KSP residual norm 9.465495e-09
GMRES solver converged in 33 iterations (avg. reduction factor: 5.711e-01)
  Residual norms for GMRES solve
  0 (restart 0) KSP residual norm 2.757280e+01
  1 (restart 0) KSP residual norm 2.175809e+01
  2 (restart 0) KSP residual norm 1.119799e+01
  3 (restart 0) KSP residual norm 8.579103e+00
  4 (restart 0) KSP residual norm 1.380450e+00
  5 (restart 0) KSP residual norm 5.676610e-01
  6 (restart 0) KSP residual norm 3.687580e-01
  7 (restart 0) KSP residual norm 1.567229e-01
  8 (restart 0) KSP residual norm 3.858037e-02
  9 (restart 0) KSP residual norm 1.017264e-02
 10 (restart 0) KSP residual norm 3.094842e-03
 11 (restart 0) KSP residual norm 1.480487e-03
 12 (restart 0) KSP residual norm 6.815713e-04
 13 (restart 0) KSP residual norm 3.185357e-04
 14 (restart 0) KSP residual norm 1.352905e-04
 15 (restart 0) KSP residual norm 6.159177e-05
 16 (restart 0) KSP residual norm 4.145326e-05
 17 (restart 0) KSP residual norm 2.644149e-05
 18 (restart 0) KSP residual norm 1.565619e-05
 19 (restart 0) KSP residual norm 9.062662e-06
 20 (restart 0) KSP residual norm 5.657833e-06
 21 (restart 0) KSP residual norm 3.667437e-06
 22 (restart 0) KSP residual norm 2.235706e-06
 23 (restart 0) KSP residual norm 1.379555e-06
 24 (restart 0) KSP residual norm 8.834647e-07
 25 (restart 0) KSP residual norm 5.409814e-07
 26 (restart 0) KSP residual norm 3.331671e-07
 27 (restart 0) KSP residual norm 2.130375e-07
GMRES solver converged in 27 iterations (avg. reduction factor: 5.007e-01)
  Residual norms for GMRES solve
  0 (restart 0) KSP residual norm 4.027364e+01
  1 (restart 0) KSP residual norm 2.275959e+01
  2 (restart 0) KSP residual norm 1.117769e+01
  3 (restart 0) KSP residual norm 9.165831e+00
  4 (restart 0) KSP residual norm 1.434296e+00
  5 (restart 0) KSP residual norm 5.566829e-01
  6 (restart 0) KSP residual norm 3.789427e-01
  7 (restart 0) KSP residual norm 1.757307e-01
  8 (restart 0) KSP residual norm 4.154014e-02
  9 (restart 0) KSP residual norm 9.534905e-03
 10 (restart 0) KSP residual norm 3.095140e-03
 11 (restart 0) KSP residual norm 1.463262e-03
 12 (restart 0) KSP residual norm 7.018797e-04
 13 (restart 0) KSP residual norm 3.258770e-04
 14 (restart 0) KSP residual norm 1.310263e-04
 15 (restart 0) KSP residual norm 5.819673e-05
 16 (restart 0) KSP residual norm 3.788110e-05
 17 (restart 0) KSP residual norm 2.488471e-05
 18 (restart 0) KSP residual norm 1.457566e-05
 19 (restart 0) KSP residual norm 8.303430e-06
 20 (restart 0) KSP residual norm 5.144951e-06
 21 (restart 0) KSP residual norm 3.376936e-06
 22 (restart 0) KSP residual norm 2.056578e-06
 23 (restart 0) KSP residual norm 1.317031e-06
 24 (restart 0) KSP residual norm 8.154271e-07
 25 (restart 0) KSP residual norm 4.961173e-07
 26 (restart 0) KSP residual norm 2.975100e-07
GMRES solver converged in 26 iterations (avg. reduction factor: 4.867e-01)
  Residual norms for GMRES solve
  0 (restart 0) KSP residual norm 1.675958e+02
  1 (restart 0) KSP residual norm 4.034837e+00
  2 (restart 0) KSP residual norm 3.413519e+00
  3 (restart 0) KSP residual norm 1.722088e+00
  4 (restart 0) KSP residual norm 8.592137e-01
  5 (restart 0) KSP residual norm 2.925183e-01
  6 (restart 0) KSP residual norm 9.133797e-02
  7 (restart 0) KSP residual norm 4.050986e-02
  8 (restart 0) KSP residual norm 1.761604e-02
  9 (restart 0) KSP residual norm 6.778909e-03
 10 (restart 0) KSP residual norm 2.772509e-03
 11 (restart 0) KSP residual norm 9.010053e-04
 12 (restart 0) KSP residual norm 3.221934e-04
 13 (restart 0) KSP residual norm 1.572339e-04
 14 (restart 0) KSP residual norm 6.073521e-05
 15 (restart 0) KSP residual norm 2.571116e-05
 16 (restart 0) KSP residual norm 1.747648e-05
 17 (restart 0) KSP residual norm 1.140284e-05
 18 (restart 0) KSP residual norm 5.926737e-06
 19 (restart 0) KSP residual norm 3.920367e-06
 20 (restart 0) KSP residual norm 2.583701e-06
 21 (restart 0) KSP residual norm 1.616308e-06
GMRES solver converged in 21 iterations (avg. reduction factor: 4.152e-01)
  Residual norms for GMRES solve
  0 (restart 0) KSP residual norm 4.677198e+01
  1 (restart 0) KSP residual norm 2.070293e+01
  2 (restart 0) KSP residual norm 1.422979e+01
  3 (restart 0) KSP residual norm 1.112265e+01
  4 (restart 0) KSP residual norm 1.872557e+00
  5 (restart 0) KSP residual norm 4.693794e-01
  6 (restart 0) KSP residual norm 2.921469e-01
  7 (restart 0) KSP residual norm 2.057865e-01
  8 (restart 0) KSP residual norm 7.717096e-02
  9 (restart 0) KSP residual norm 1.758835e-02
 10 (restart 0) KSP residual norm 3.936599e-03
 11 (restart 0) KSP residual norm 1.612180e-03
 12 (restart 0) KSP residual norm 7.480461e-04
 13 (restart 0) KSP residual norm 4.203604e-04
 14 (restart 0) KSP residual norm 1.849569e-04
 15 (restart 0) KSP residual norm 5.543629e-05
 16 (restart 0) KSP residual norm 2.973903e-05
 17 (restart 0) KSP residual norm 1.875326e-05
 18 (restart 0) KSP residual norm 1.188024e-05
 19 (restart 0) KSP residual norm 6.397553e-06
 20 (restart 0) KSP residual norm 3.814891e-06
 21 (restart 0) KSP residual norm 2.380508e-06
 22 (restart 0) KSP residual norm 1.473623e-06
 23 (restart 0) KSP residual norm 8.806940e-07
 24 (restart 0) KSP residual norm 5.468863e-07
 25 (restart 0) KSP residual norm 3.487437e-07
GMRES solver converged in 25 iterations (avg. reduction factor: 4.730e-01)
  Residual norms for GMRES solve
  0 (restart 0) KSP residual norm 3.161540e+01
  1 (restart 0) KSP residual norm 2.428530e+01
  2 (restart 0) KSP residual norm 1.458196e+01
  3 (restart 0) KSP residual norm 6.377752e+00
  4 (restart 0) KSP residual norm 1.750120e+00
  5 (restart 0) KSP residual norm 6.055175e-01
  6 (restart 0) KSP residual norm 3.838875e-01
  7 (restart 0) KSP residual norm 1.827354e-01
  8 (restart 0) KSP residual norm 5.381581e-02
  9 (restart 0) KSP residual norm 1.319913e-02
 10 (restart 0) KSP residual norm 2.856739e-03
 11 (restart 0) KSP residual norm 1.341969e-03
 12 (restart 0) KSP residual norm 7.768874e-04
 13 (restart 0) KSP residual norm 4.358620e-04
 14 (restart 0) KSP residual norm 1.638245e-04
 15 (restart 0) KSP residual norm 5.522921e-05
 16 (restart 0) KSP residual norm 2.979979e-05
 17 (restart 0) KSP residual norm 1.860583e-05
 18 (restart 0) KSP residual norm 1.148526e-05
 19 (restart 0) KSP residual norm 6.526693e-06
 20 (restart 0) KSP residual norm 3.409401e-06
 21 (restart 0) KSP residual norm 2.176587e-06
 22 (restart 0) KSP residual norm 1.297059e-06
 23 (restart 0) KSP residual norm 7.892938e-07
 24 (restart 0) KSP residual norm 4.886371e-07
 25 (restart 0) KSP residual norm 2.891722e-07
GMRES solver converged in 25 iterations (avg. reduction factor: 4.769e-01)
  Residual norms for GMRES solve
  0 (restart 0) KSP residual norm 1.116203e+01
  1 (restart 0) KSP residual norm 7.103344e+00
  2 (restart 0) KSP residual norm 1.752153e+00
  3 (restart 0) KSP residual norm 1.464051e+00
  4 (restart 0) KSP residual norm 1.050095e+00
  5 (restart 0) KSP residual norm 2.993220e-01
  6 (restart 0) KSP residual norm 6.596959e-02
  7 (restart 0) KSP residual norm 2.065686e-02
  8 (restart 0) KSP residual norm 1.080123e-02
  9 (restart 0) KSP residual norm 6.473659e-03
 10 (restart 0) KSP residual norm 2.290491e-03
 11 (restart 0) KSP residual norm 6.585728e-04
 12 (restart 0) KSP residual norm 2.314568e-04
 13 (restart 0) KSP residual norm 7.582458e-05
 14 (restart 0) KSP residual norm 4.993261e-05
 15 (restart 0) KSP residual norm 3.059112e-05
 16 (restart 0) KSP residual norm 1.084823e-05
 17 (restart 0) KSP residual norm 7.733838e-06
 18 (restart 0) KSP residual norm 5.434286e-06
 19 (restart 0) KSP residual norm 2.430628e-06
 20 (restart 0) KSP residual norm 1.571287e-06
 21 (restart 0) KSP residual norm 1.047765e-06
 22 (restart 0) KSP residual norm 6.061036e-07
 23 (restart 0) KSP residual norm 3.902304e-07
 24 (restart 0) KSP residual norm 2.395335e-07
 25 (restart 0) KSP residual norm 1.499968e-07
 26 (restart 0) KSP residual norm 9.031543e-08
GMRES solver converged in 26 iterations (avg. reduction factor: 4.884e-01)
  Residual norms for GMRES solve
  0 (restart 0) KSP residual norm 1.014730e+01
  1 (restart 0) KSP residual norm 6.451840e+00
  2 (restart 0) KSP residual norm 1.328676e+00
  3 (restart 0) KSP residual norm 1.097047e+00
  4 (restart 0) KSP residual norm 3.812034e-01
  5 (restart 0) KSP residual norm 2.015615e-01
  6 (restart 0) KSP residual norm 7.748031e-02
  7 (restart 0) KSP residual norm 2.470603e-02
  8 (restart 0) KSP residual norm 7.233420e-03
  9 (restart 0) KSP residual norm 3.664806e-03
 10 (restart 0) KSP residual norm 1.839676e-03
 11 (restart 0) KSP residual norm 7.900177e-04
 12 (restart 0) KSP residual norm 2.070024e-04
 13 (restart 0) KSP residual norm 7.569675e-05
 14 (restart 0) KSP residual norm 4.672562e-05
 15 (restart 0) KSP residual norm 2.856306e-05
 16 (restart 0) KSP residual norm 1.876728e-05
 17 (restart 0) KSP residual norm 1.190431e-05
 18 (restart 0) KSP residual norm 6.766518e-06
 19 (restart 0) KSP residual norm 3.904732e-06
 20 (restart 0) KSP residual norm 2.707996e-06
 21 (restart 0) KSP residual norm 1.890117e-06
 22 (restart 0) KSP residual norm 1.071807e-06
 23 (restart 0) KSP residual norm 7.165175e-07
 24 (restart 0) KSP residual norm 4.364496e-07
 25 (restart 0) KSP residual norm 2.594498e-07
 26 (restart 0) KSP residual norm 1.614682e-07
 27 (restart 0) KSP residual norm 1.054928e-07
 28 (restart 0) KSP residual norm 6.670400e-08
GMRES solver converged in 28 iterations (avg. reduction factor: 5.102e-01)
  Residual norms for GMRES solve
  0 (restart 0) KSP residual norm 7.120993e+00
  1 (restart 0) KSP residual norm 4.631512e+00
  2 (restart 0) KSP residual norm 1.726683e+00
  3 (restart 0) KSP residual norm 1.172019e+00
  4 (restart 0) KSP residual norm 6.923207e-01
  5 (restart 0) KSP residual norm 3.256076e-01
  6 (restart 0) KSP residual norm 8.162763e-02
  7 (restart 0) KSP residual norm 2.729895e-02
  8 (restart 0) KSP residual norm 9.694036e-03
  9 (restart 0) KSP residual norm 4.903600e-03
 10 (restart 0) KSP residual norm 1.852367e-03
 11 (restart 0) KSP residual norm 5.002969e-04
 12 (restart 0) KSP residual norm 2.205157e-04
 13 (restart 0) KSP residual norm 1.209290e-04
 14 (restart 0) KSP residual norm 6.346366e-05
 15 (restart 0) KSP residual norm 4.432770e-05
 16 (restart 0) KSP residual norm 2.778460e-05
 17 (restart 0) KSP residual norm 1.505517e-05
 18 (restart 0) KSP residual norm 9.776103e-06
 19 (restart 0) KSP residual norm 5.877600e-06
 20 (restart 0) KSP residual norm 4.217819e-06
 21 (restart 0) KSP residual norm 2.633488e-06
 22 (restart 0) KSP residual norm 1.669426e-06
 23 (restart 0) KSP residual norm 1.078851e-06
 24 (restart 0) KSP residual norm 6.390838e-07
 25 (restart 0) KSP residual norm 3.876454e-07
 26 (restart 0) KSP residual norm 2.498806e-07
 27 (restart 0) KSP residual norm 1.607860e-07
 28 (restart 0) KSP residual norm 1.013972e-07
 29 (restart 0) KSP residual norm 6.316032e-08
GMRES solver converged in 29 iterations (avg. reduction factor: 5.276e-01)
  Residual norms for GMRES solve
  0 (restart 0) KSP residual norm 8.087961e+00
  1 (restart 0) KSP residual norm 5.345557e+00
  2 (restart 0) KSP residual norm 1.121725e+00
  3 (restart 0) KSP residual norm 7.480894e-01
  4 (restart 0) KSP residual norm 6.501448e-01
  5 (restart 0) KSP residual norm 2.634879e-01
  6 (restart 0) KSP residual norm 6.370239e-02
  7 (restart 0) KSP residual norm 1.909778e-02
  8 (restart 0) KSP residual norm 8.236311e-03
  9 (restart 0) KSP residual norm 4.071919e-03
 10 (restart 0) KSP residual norm 1.313777e-03
 11 (restart 0) KSP residual norm 5.824465e-04
 12 (restart 0) KSP residual norm 2.331270e-04
 13 (restart 0) KSP residual norm 6.727626e-05
 14 (restart 0) KSP residual norm 3.306183e-05
 15 (restart 0) KSP residual norm 2.141438e-05
 16 (restart 0) KSP residual norm 1.325870e-05
 17 (restart 0) KSP residual norm 7.708932e-06
 18 (restart 0) KSP residual norm 5.673051e-06
 19 (restart 0) KSP residual norm 2.866895e-06
 20 (restart 0) KSP residual norm 1.751018e-06
 21 (restart 0) KSP residual norm 1.288223e-06
 22 (restart 0) KSP residual norm 7.016426e-07
 23 (restart 0) KSP residual norm 4.323249e-07
 24 (restart 0) KSP residual norm 2.826266e-07
 25 (restart 0) KSP residual norm 1.662219e-07
 26 (restart 0) KSP residual norm 9.832828e-08
 27 (restart 0) KSP residual norm 6.742146e-08
GMRES solver converged in 27 iterations (avg. reduction factor: 5.021e-01)
  Residual norms for GMRES solve
  0 (restart 0) KSP residual norm 9.330054e+00
  1 (restart 0) KSP residual norm 5.934892e+00
  2 (restart 0) KSP residual norm 1.411884e+00
  3 (restart 0) KSP residual norm 9.786994e-01
  4 (restart 0) KSP residual norm 3.210550e-01
  5 (restart 0) KSP residual norm 1.526695e-01
  6 (restart 0) KSP residual norm 7.005525e-02
  7 (restart 0) KSP residual norm 2.065177e-02
  8 (restart 0) KSP residual norm 6.981999e-03
  9 (restart 0) KSP residual norm 2.769077e-03
 10 (restart 0) KSP residual norm 1.284586e-03
 11 (restart 0) KSP residual norm 6.215930e-04
 12 (restart 0) KSP residual norm 2.410277e-04
 13 (restart 0) KSP residual norm 8.624980e-05
 14 (restart 0) KSP residual norm 5.072340e-05
 15 (restart 0) KSP residual norm 3.663448e-05
 16 (restart 0) KSP residual norm 2.023060e-05
 17 (restart 0) KSP residual norm 1.333500e-05
 18 (restart 0) KSP residual norm 8.448453e-06
 19 (restart 0) KSP residual norm 5.029637e-06
 20 (restart 0) KSP residual norm 3.622078e-06
 21 (restart 0) KSP residual norm 2.323118e-06
 22 (restart 0) KSP residual norm 1.364586e-06
 23 (restart 0) KSP residual norm 9.335119e-07
 24 (restart 0) KSP residual norm 5.408231e-07
 25 (restart 0) KSP residual norm 3.272931e-07
 26 (restart 0) KSP residual norm 2.236450e-07
 27 (restart 0) KSP residual norm 1.442974e-07
 28 (restart 0) KSP residual norm 9.086647e-08
GMRES solver converged in 28 iterations (avg. reduction factor: 5.175e-01)
  Residual norms for GMRES solve
  0 (restart 0) KSP residual norm 7.919460e+00
  1 (restart 0) KSP residual norm 5.595114e+00
  2 (restart 0) KSP residual norm 1.353413e+00
  3 (restart 0) KSP residual norm 1.217785e+00
  4 (restart 0) KSP residual norm 7.601064e-01
  5 (restart 0) KSP residual norm 3.118326e-01
  6 (restart 0) KSP residual norm 8.503312e-02
  7 (restart 0) KSP residual norm 2.793088e-02
  8 (restart 0) KSP residual norm 1.395625e-02
  9 (restart 0) KSP residual norm 5.875029e-03
 10 (restart 0) KSP residual norm 2.058922e-03
 11 (restart 0) KSP residual norm 8.739543e-04
 12 (restart 0) KSP residual norm 2.346411e-04
 13 (restart 0) KSP residual norm 7.045110e-05
 14 (restart 0) KSP residual norm 4.587113e-05
 15 (restart 0) KSP residual norm 2.732998e-05
 16 (restart 0) KSP residual norm 1.520191e-05
 17 (restart 0) KSP residual norm 1.137379e-05
 18 (restart 0) KSP residual norm 6.525461e-06
 19 (restart 0) KSP residual norm 3.318178e-06
 20 (restart 0) KSP residual norm 2.452923e-06
 21 (restart 0) KSP residual norm 1.501191e-06
 22 (restart 0) KSP residual norm 8.579008e-07
 23 (restart 0) KSP residual norm 5.508173e-07
 24 (restart 0) KSP residual norm 3.284747e-07
 25 (restart 0) KSP residual norm 1.964830e-07
 26 (restart 0) KSP residual norm 1.215655e-07
 27 (restart 0) KSP residual norm 7.805834e-08
GMRES solver converged in 27 iterations (avg. reduction factor: 5.052e-01)
  Residual norms for GMRES solve
  0 (restart 0) KSP residual norm 8.957900e+00
  1 (restart 0) KSP residual norm 4.811906e+00
  2 (restart 0) KSP residual norm 1.512543e+00
  3 (restart 0) KSP residual norm 1.306445e+00
  4 (restart 0) KSP residual norm 6.740768e-01
  5 (restart 0) KSP residual norm 2.518663e-01
  6 (restart 0) KSP residual norm 7.249040e-02
  7 (restart 0) KSP residual norm 2.059373e-02
  8 (restart 0) KSP residual norm 9.965802e-03
  9 (restart 0) KSP residual norm 5.063818e-03
 10 (restart 0) KSP residual norm 1.970857e-03
 11 (restart 0) KSP residual norm 8.022520e-04
 12 (restart 0) KSP residual norm 1.999022e-04
 13 (restart 0) KSP residual norm 9.744558e-05
 14 (restart 0) KSP residual norm 5.319157e-05
 15 (restart 0) KSP residual norm 2.933115e-05
 16 (restart 0) KSP residual norm 2.061687e-05
 17 (restart 0) KSP residual norm 1.390743e-05
 18 (restart 0) KSP residual norm 6.547691e-06
 19 (restart 0) KSP residual norm 4.543048e-06
 20 (restart 0) KSP residual norm 3.202141e-06
 21 (restart 0) KSP residual norm 1.925068e-06
 22 (restart 0) KSP residual norm 1.179894e-06
 23 (restart 0) KSP residual norm 7.978019e-07
 24 (restart 0) KSP residual norm 4.550719e-07
 25 (restart 0) KSP residual norm 2.874578e-07
 26 (restart 0) KSP residual norm 1.811134e-07
 27 (restart 0) KSP residual norm 1.163573e-07
 28 (restart 0) KSP residual norm 7.554920e-08
GMRES solver converged in 28 iterations (avg. reduction factor: 5.148e-01)
  Residual norms for GMRES solve
  0 (restart 0) KSP residual norm 5.976039e+00
  1 (restart 0) KSP residual norm 2.551429e+00
  2 (restart 0) KSP residual norm 1.793029e+00
  3 (restart 0) KSP residual norm 1.538863e+00
  4 (restart 0) KSP residual norm 8.970485e-01
  5 (restart 0) KSP residual norm 2.398882e-01
  6 (restart 0) KSP residual norm 5.878241e-02
  7 (restart 0) KSP residual norm 2.191962e-02
  8 (restart 0) KSP residual norm 1.417343e-02
  9 (restart 0) KSP residual norm 6.643213e-03
 10 (restart 0) KSP residual norm 1.997389e-03
 11 (restart 0) KSP residual norm 6.419844e-04
 12 (restart 0) KSP residual norm 2.204558e-04
 13 (restart 0) KSP residual norm 1.062653e-04
 14 (restart 0) KSP residual norm 6.417915e-05
 15 (restart 0) KSP residual norm 3.185898e-05
 16 (restart 0) KSP residual norm 1.869447e-05
 17 (restart 0) KSP residual norm 1.336665e-05
 18 (restart 0) KSP residual norm 6.861932e-06
 19 (restart 0) KSP residual norm 3.923456e-06
 20 (restart 0) KSP residual norm 2.849552e-06
 21 (restart 0) KSP residual norm 1.694296e-06
 22 (restart 0) KSP residual norm 1.027624e-06
 23 (restart 0) KSP residual norm 6.832306e-07
 24 (restart 0) KSP residual norm 4.235585e-07
 25 (restart 0) KSP residual norm 2.596758e-07
 26 (restart 0) KSP residual norm 1.613386e-07
 27 (restart 0) KSP residual norm 1.072274e-07
 28 (restart 0) KSP residual norm 6.751107e-08
 29 (restart 0) KSP residual norm 4.185553e-08
GMRES solver converged in 29 iterations (avg. reduction factor: 5.234e-01)
  Residual norms for GMRES solve
  0 (restart 0) KSP residual norm 7.877830e+00
  1 (restart 0) KSP residual norm 4.767441e+00
  2 (restart 0) KSP residual norm 1.318609e+00
  3 (restart 0) KSP residual norm 1.190835e+00
  4 (restart 0) KSP residual norm 7.372774e-01
  5 (restart 0) KSP residual norm 2.254311e-01
  6 (restart 0) KSP residual norm 5.973819e-02
  7 (restart 0) KSP residual norm 1.628560e-02
  8 (restart 0) KSP residual norm 6.787188e-03
  9 (restart 0) KSP residual norm 3.797943e-03
 10 (restart 0) KSP residual norm 1.521862e-03
 11 (restart 0) KSP residual norm 6.124764e-04
 12 (restart 0) KSP residual norm 2.611192e-04
 13 (restart 0) KSP residual norm 1.043785e-04
 14 (restart 0) KSP residual norm 5.560408e-05
 15 (restart 0) KSP residual norm 2.367289e-05
 16 (restart 0) KSP residual norm 1.191575e-05
 17 (restart 0) KSP residual norm 8.637397e-06
 18 (restart 0) KSP residual norm 5.007412e-06
 19 (restart 0) KSP residual norm 2.421626e-06
 20 (restart 0) KSP residual norm 1.663466e-06
 21 (restart 0) KSP residual norm 9.927848e-07
 22 (restart 0) KSP residual norm 6.088130e-07
 23 (restart 0) KSP residual norm 3.677642e-07
 24 (restart 0) KSP residual norm 2.334975e-07
 25 (restart 0) KSP residual norm 1.309468e-07
 26 (restart 0) KSP residual norm 8.609694e-08
 27 (restart 0) KSP residual norm 5.228818e-08
GMRES solver converged in 27 iterations (avg. reduction factor: 4.979e-01)
  Residual norms for GMRES solve
  0 (restart 0) KSP residual norm 7.209893e+00
  1 (restart 0) KSP residual norm 5.101605e+00
  2 (restart 0) KSP residual norm 2.751662e+00
  3 (restart 0) KSP residual norm 2.558265e+00
  4 (restart 0) KSP residual norm 1.208292e+00
  5 (restart 0) KSP residual norm 2.253857e-01
  6 (restart 0) KSP residual norm 6.235191e-02
  7 (restart 0) KSP residual norm 2.470389e-02
  8 (restart 0) KSP residual norm 1.312344e-02
  9 (restart 0) KSP residual norm 5.913185e-03
 10 (restart 0) KSP residual norm 1.484060e-03
 11 (restart 0) KSP residual norm 5.699078e-04
 12 (restart 0) KSP residual norm 2.189317e-04
 13 (restart 0) KSP residual norm 9.794531e-05
 14 (restart 0) KSP residual norm 6.421631e-05
 15 (restart 0) KSP residual norm 3.154621e-05
 16 (restart 0) KSP residual norm 1.997759e-05
 17 (restart 0) KSP residual norm 1.490331e-05
 18 (restart 0) KSP residual norm 6.711554e-06
 19 (restart 0) KSP residual norm 4.279771e-06
 20 (restart 0) KSP residual norm 3.154977e-06
 21 (restart 0) KSP residual norm 1.738212e-06
 22 (restart 0) KSP residual norm 1.202385e-06
 23 (restart 0) KSP residual norm 7.558648e-07
 24 (restart 0) KSP residual norm 4.783359e-07
 25 (restart 0) KSP residual norm 2.897352e-07
 26 (restart 0) KSP residual norm 1.904254e-07
 27 (restart 0) KSP residual norm 1.154793e-07
 28 (restart 0) KSP residual norm 7.174056e-08
GMRES solver converged in 28 iterations (avg. reduction factor: 5.179e-01)
  Residual norms for GMRES solve
  0 (restart 0) KSP residual norm 7.546538e+00
  1 (restart 0) KSP residual norm 4.879886e+00
  2 (restart 0) KSP residual norm 3.275427e+00
  3 (restart 0) KSP residual norm 2.580397e+00
  4 (restart 0) KSP residual norm 1.619369e+00
  5 (restart 0) KSP residual norm 2.563638e-01
  6 (restart 0) KSP residual norm 7.611654e-02
  7 (restart 0) KSP residual norm 4.276944e-02
  8 (restart 0) KSP residual norm 2.711213e-02
  9 (restart 0) KSP residual norm 1.006005e-02
 10 (restart 0) KSP residual norm 1.864294e-03
 11 (restart 0) KSP residual norm 5.103520e-04
 12 (restart 0) KSP residual norm 2.109144e-04
 13 (restart 0) KSP residual norm 1.066823e-04
 14 (restart 0) KSP residual norm 7.762894e-05
 15 (restart 0) KSP residual norm 3.239941e-05
 16 (restart 0) KSP residual norm 1.013804e-05
 17 (restart 0) KSP residual norm 6.200546e-06
 18 (restart 0) KSP residual norm 4.156076e-06
 19 (restart 0) KSP residual norm 2.159982e-06
 20 (restart 0) KSP residual norm 1.253526e-06
 21 (restart 0) KSP residual norm 7.636015e-07
 22 (restart 0) KSP residual norm 5.037383e-07
 23 (restart 0) KSP residual norm 3.054522e-07
 24 (restart 0) KSP residual norm 1.847720e-07
 25 (restart 0) KSP residual norm 1.138050e-07
 26 (restart 0) KSP residual norm 7.626308e-08
 27 (restart 0) KSP residual norm 4.669148e-08
GMRES solver converged in 27 iterations (avg. reduction factor: 4.966e-01)
  Residual norms for GMRES solve
  0 (restart 0) KSP residual norm 8.704194e+00
  1 (restart 0) KSP residual norm 5.116122e+00
  2 (restart 0) KSP residual norm 1.315568e+00
  3 (restart 0) KSP residual norm 1.090849e+00
  4 (restart 0) KSP residual norm 5.825988e-01
  5 (restart 0) KSP residual norm 2.551327e-01
  6 (restart 0) KSP residual norm 5.934420e-02
  7 (restart 0) KSP residual norm 1.632836e-02
  8 (restart 0) KSP residual norm 5.208012e-03
  9 (restart 0) KSP residual norm 3.811227e-03
 10 (restart 0) KSP residual norm 1.782727e-03
 11 (restart 0) KSP residual norm 5.130521e-04
 12 (restart 0) KSP residual norm 2.168119e-04
 13 (restart 0) KSP residual norm 9.006208e-05
 14 (restart 0) KSP residual norm 4.560607e-05
 15 (restart 0) KSP residual norm 2.612880e-05
 16 (restart 0) KSP residual norm 1.560698e-05
 17 (restart 0) KSP residual norm 1.079833e-05
 18 (restart 0) KSP residual norm 5.765271e-06
 19 (restart 0) KSP residual norm 3.273008e-06
 20 (restart 0) KSP residual norm 2.311584e-06
 21 (restart 0) KSP residual norm 1.350804e-06
 22 (restart 0) KSP residual norm 8.949224e-07
 23 (restart 0) KSP residual norm 5.481140e-07
 24 (restart 0) KSP residual norm 3.497152e-07
 25 (restart 0) KSP residual norm 2.078282e-07
 26 (restart 0) KSP residual norm 1.322960e-07
 27 (restart 0) KSP residual norm 8.238158e-08
GMRES solver converged in 27 iterations (avg. reduction factor: 5.045e-01)
  Residual norms for GMRES solve
  0 (restart 0) KSP residual norm 9.331399e+00
  1 (restart 0) KSP residual norm 6.777725e+00
  2 (restart 0) KSP residual norm 3.198376e+00
  3 (restart 0) KSP residual norm 2.858593e+00
  4 (restart 0) KSP residual norm 1.127365e+00
  5 (restart 0) KSP residual norm 2.070547e-01
  6 (restart 0) KSP residual norm 7.754795e-02
  7 (restart 0) KSP residual norm 4.247626e-02
  8 (restart 0) KSP residual norm 2.677085e-02
  9 (restart 0) KSP residual norm 9.691413e-03
 10 (restart 0) KSP residual norm 1.962455e-03
 11 (restart 0) KSP residual norm 5.323093e-04
 12 (restart 0) KSP residual norm 1.941687e-04
 13 (restart 0) KSP residual norm 1.062417e-04
 14 (restart 0) KSP residual norm 7.225158e-05
 15 (restart 0) KSP residual norm 3.146387e-05
 16 (restart 0) KSP residual norm 1.164675e-05
 17 (restart 0) KSP residual norm 7.722405e-06
 18 (restart 0) KSP residual norm 5.055836e-06
 19 (restart 0) KSP residual norm 2.613376e-06
 20 (restart 0) KSP residual norm 1.495941e-06
 21 (restart 0) KSP residual norm 9.040131e-07
 22 (restart 0) KSP residual norm 5.564352e-07
 23 (restart 0) KSP residual norm 3.361029e-07
 24 (restart 0) KSP residual norm 1.989145e-07
 25 (restart 0) KSP residual norm 1.193664e-07
 26 (restart 0) KSP residual norm 7.118014e-08
GMRES solver converged in 26 iterations (avg. reduction factor: 4.873e-01)
  Residual norms for GMRES solve
  0 (restart 0) KSP residual norm 9.079111e+00
  1 (restart 0) KSP residual norm 5.696842e+00
  2 (restart 0) KSP residual norm 2.103181e+00
  3 (restart 0) KSP residual norm 1.913758e+00
  4 (restart 0) KSP residual norm 1.112587e+00
  5 (restart 0) KSP residual norm 2.853643e-01
  6 (restart 0) KSP residual norm 9.313608e-02
  7 (restart 0) KSP residual norm 4.989840e-02
  8 (restart 0) KSP residual norm 2.138790e-02
  9 (restart 0) KSP residual norm 6.756422e-03
 10 (restart 0) KSP residual norm 1.158463e-03
 11 (restart 0) KSP residual norm 3.937649e-04
 12 (restart 0) KSP residual norm 2.054237e-04
 13 (restart 0) KSP residual norm 1.141690e-04
 14 (restart 0) KSP residual norm 6.136280e-05
 15 (restart 0) KSP residual norm 2.735701e-05
 16 (restart 0) KSP residual norm 1.673708e-05
 17 (restart 0) KSP residual norm 1.215338e-05
 18 (restart 0) KSP residual norm 6.404115e-06
 19 (restart 0) KSP residual norm 3.617301e-06
 20 (restart 0) KSP residual norm 2.454418e-06
 21 (restart 0) KSP residual norm 1.464183e-06
 22 (restart 0) KSP residual norm 9.697023e-07
 23 (restart 0) KSP residual norm 5.905539e-07
 24 (restart 0) KSP residual norm 3.819244e-07
 25 (restart 0) KSP residual norm 2.331720e-07
 26 (restart 0) KSP residual norm 1.532772e-07
 27 (restart 0) KSP residual norm 9.019774e-08
GMRES solver converged in 27 iterations (avg. reduction factor: 5.054e-01)
  Residual norms for GMRES solve
  0 (restart 0) KSP residual norm 7.562763e+00
  1 (restart 0) KSP residual norm 5.286874e+00
  2 (restart 0) KSP residual norm 3.246076e+00
  3 (restart 0) KSP residual norm 2.915155e+00
  4 (restart 0) KSP residual norm 1.256688e+00
  5 (restart 0) KSP residual norm 2.078809e-01
  6 (restart 0) KSP residual norm 4.501674e-02
  7 (restart 0) KSP residual norm 1.701910e-02
  8 (restart 0) KSP residual norm 8.056710e-03
  9 (restart 0) KSP residual norm 3.751232e-03
 10 (restart 0) KSP residual norm 1.448758e-03
 11 (restart 0) KSP residual norm 7.217747e-04
 12 (restart 0) KSP residual norm 4.509448e-04
 13 (restart 0) KSP residual norm 2.028554e-04
 14 (restart 0) KSP residual norm 5.449477e-05
 15 (restart 0) KSP residual norm 2.979214e-05
 16 (restart 0) KSP residual norm 2.372601e-05
 17 (restart 0) KSP residual norm 1.207188e-05
 18 (restart 0) KSP residual norm 6.935997e-06
 19 (restart 0) KSP residual norm 5.107869e-06
 20 (restart 0) KSP residual norm 3.098577e-06
 21 (restart 0) KSP residual norm 1.875102e-06
 22 (restart 0) KSP residual norm 1.340924e-06
 23 (restart 0) KSP residual norm 7.806811e-07
 24 (restart 0) KSP residual norm 5.083828e-07
 25 (restart 0) KSP residual norm 3.236408e-07
 26 (restart 0) KSP residual norm 1.973737e-07
 27 (restart 0) KSP residual norm 1.193714e-07
 28 (restart 0) KSP residual norm 7.608399e-08
 29 (restart 0) KSP residual norm 4.728778e-08
GMRES solver converged in 29 iterations (avg. reduction factor: 5.213e-01)
  Residual norms for GMRES solve
  0 (restart 0) KSP residual norm 7.331363e+00
  1 (restart 0) KSP residual norm 4.913875e+00
  2 (restart 0) KSP residual norm 2.916463e+00
  3 (restart 0) KSP residual norm 2.551306e+00
  4 (restart 0) KSP residual norm 1.081966e+00
  5 (restart 0) KSP residual norm 2.311397e-01
  6 (restart 0) KSP residual norm 5.774593e-02
  7 (restart 0) KSP residual norm 3.880913e-02
  8 (restart 0) KSP residual norm 2.172128e-02
  9 (restart 0) KSP residual norm 6.388633e-03
 10 (restart 0) KSP residual norm 1.834077e-03
 11 (restart 0) KSP residual norm 6.609918e-04
 12 (restart 0) KSP residual norm 2.084150e-04
 13 (restart 0) KSP residual norm 9.512062e-05
 14 (restart 0) KSP residual norm 5.780771e-05
 15 (restart 0) KSP residual norm 2.592518e-05
 16 (restart 0) KSP residual norm 7.446269e-06
 17 (restart 0) KSP residual norm 4.723653e-06
 18 (restart 0) KSP residual norm 3.144511e-06
 19 (restart 0) KSP residual norm 1.860354e-06
 20 (restart 0) KSP residual norm 1.066372e-06
 21 (restart 0) KSP residual norm 6.039276e-07
 22 (restart 0) KSP residual norm 3.917893e-07
 23 (restart 0) KSP residual norm 2.478284e-07
 24 (restart 0) KSP residual norm 1.510445e-07
 25 (restart 0) KSP residual norm 9.504077e-08
 26 (restart 0) KSP residual norm 6.094921e-08
GMRES solver converged in 26 iterations (avg. reduction factor: 4.889e-01)
  Residual norms for GMRES solve
  0 (restart 0) KSP residual norm 5.163053e+00
  1 (restart 0) KSP residual norm 3.170287e+00
  2 (restart 0) KSP residual norm 2.180910e+00
  3 (restart 0) KSP residual norm 9.499881e-01
  4 (restart 0) KSP residual norm 4.693283e-01
  5 (restart 0) KSP residual norm 1.792885e-01
  6 (restart 0) KSP residual norm 4.496843e-02
  7 (restart 0) KSP residual norm 1.820874e-02
  8 (restart 0) KSP residual norm 8.705666e-03
  9 (restart 0) KSP residual norm 3.857978e-03
 10 (restart 0) KSP residual norm 1.520738e-03
 11 (restart 0) KSP residual norm 6.170912e-04
 12 (restart 0) KSP residual norm 1.674633e-04
 13 (restart 0) KSP residual norm 6.122594e-05
 14 (restart 0) KSP residual norm 4.003188e-05
 15 (restart 0) KSP residual norm 2.237045e-05
 16 (restart 0) KSP residual norm 1.467784e-05
 17 (restart 0) KSP residual norm 1.032907e-05
 18 (restart 0) KSP residual norm 5.231238e-06
 19 (restart 0) KSP residual norm 3.118648e-06
 20 (restart 0) KSP residual norm 2.370802e-06
 21 (restart 0) KSP residual norm 1.353362e-06
 22 (restart 0) KSP residual norm 8.806826e-07
 23 (restart 0) KSP residual norm 5.694147e-07
 24 (restart 0) KSP residual norm 3.705606e-07
 25 (restart 0) KSP residual norm 2.224385e-07
 26 (restart 0) KSP residual norm 1.419036e-07
 27 (restart 0) KSP residual norm 8.828650e-08
 28 (restart 0) KSP residual norm 5.315934e-08
 29 (restart 0) KSP residual norm 3.288886e-08
GMRES solver converged in 29 iterations (avg. reduction factor: 5.217e-01)
  1 EPS nconv=2 first unconverged value (error) -3.92708e-06+0.148329i (3.77235869e-03)
  Residual norms for GMRES solve
  0 (restart 0) KSP residual norm 7.981073e+00
  1 (restart 0) KSP residual norm 4.691384e+00
  2 (restart 0) KSP residual norm 2.628630e+00
  3 (restart 0) KSP residual norm 1.623248e+00
  4 (restart 0) KSP residual norm 8.938602e-01
  5 (restart 0) KSP residual norm 2.547544e-01
  6 (restart 0) KSP residual norm 5.655514e-02
  7 (restart 0) KSP residual norm 2.761099e-02
  8 (restart 0) KSP residual norm 1.495965e-02
  9 (restart 0) KSP residual norm 5.846399e-03
 10 (restart 0) KSP residual norm 2.072296e-03
 11 (restart 0) KSP residual norm 7.373757e-04
 12 (restart 0) KSP residual norm 1.956811e-04
 13 (restart 0) KSP residual norm 6.948647e-05
 14 (restart 0) KSP residual norm 4.674279e-05
 15 (restart 0) KSP residual norm 2.329419e-05
 16 (restart 0) KSP residual norm 1.144759e-05
 17 (restart 0) KSP residual norm 8.572009e-06
 18 (restart 0) KSP residual norm 5.030318e-06
 19 (restart 0) KSP residual norm 2.473660e-06
 20 (restart 0) KSP residual norm 1.703887e-06
 21 (restart 0) KSP residual norm 1.132055e-06
 22 (restart 0) KSP residual norm 6.313062e-07
 23 (restart 0) KSP residual norm 4.023533e-07
 24 (restart 0) KSP residual norm 2.477186e-07
 25 (restart 0) KSP residual norm 1.657950e-07
 26 (restart 0) KSP residual norm 9.235762e-08
 27 (restart 0) KSP residual norm 6.217242e-08
GMRES solver converged in 27 iterations (avg. reduction factor: 5.008e-01)
  Residual norms for GMRES solve
  0 (restart 0) KSP residual norm 2.538589e+01
  1 (restart 0) KSP residual norm 2.403885e+01
  2 (restart 0) KSP residual norm 1.277435e+01
  3 (restart 0) KSP residual norm 8.950121e+00
  4 (restart 0) KSP residual norm 1.673275e+00
  5 (restart 0) KSP residual norm 5.271931e-01
  6 (restart 0) KSP residual norm 3.678836e-01
  7 (restart 0) KSP residual norm 1.704289e-01
  8 (restart 0) KSP residual norm 5.917426e-02
  9 (restart 0) KSP residual norm 1.546817e-02
 10 (restart 0) KSP residual norm 2.787813e-03
 11 (restart 0) KSP residual norm 1.286979e-03
 12 (restart 0) KSP residual norm 7.162709e-04
 13 (restart 0) KSP residual norm 3.785465e-04
 14 (restart 0) KSP residual norm 1.786882e-04
 15 (restart 0) KSP residual norm 5.958249e-05
 16 (restart 0) KSP residual norm 2.922431e-05
 17 (restart 0) KSP residual norm 1.716974e-05
 18 (restart 0) KSP residual norm 1.031344e-05
 19 (restart 0) KSP residual norm 5.539088e-06
 20 (restart 0) KSP residual norm 2.691674e-06
 21 (restart 0) KSP residual norm 1.383911e-06
 22 (restart 0) KSP residual norm 8.121456e-07
 23 (restart 0) KSP residual norm 4.515920e-07
 24 (restart 0) KSP residual norm 2.710325e-07
 25 (restart 0) KSP residual norm 1.652848e-07
GMRES solver converged in 25 iterations (avg. reduction factor: 4.705e-01)
  Residual norms for GMRES solve
  0 (restart 0) KSP residual norm 2.225359e+01
  1 (restart 0) KSP residual norm 2.091942e+01
  2 (restart 0) KSP residual norm 1.216607e+01
  3 (restart 0) KSP residual norm 9.022939e+00
  4 (restart 0) KSP residual norm 1.491158e+00
  5 (restart 0) KSP residual norm 4.356938e-01
  6 (restart 0) KSP residual norm 3.106977e-01
  7 (restart 0) KSP residual norm 1.518721e-01
  8 (restart 0) KSP residual norm 5.755925e-02
  9 (restart 0) KSP residual norm 1.342372e-02
 10 (restart 0) KSP residual norm 2.507520e-03
 11 (restart 0) KSP residual norm 1.134862e-03
 12 (restart 0) KSP residual norm 6.327886e-04
 13 (restart 0) KSP residual norm 3.712521e-04
 14 (restart 0) KSP residual norm 1.627225e-04
 15 (restart 0) KSP residual norm 5.178754e-05
 16 (restart 0) KSP residual norm 2.450645e-05
 17 (restart 0) KSP residual norm 1.494201e-05
 18 (restart 0) KSP residual norm 9.142305e-06
 19 (restart 0) KSP residual norm 5.017494e-06
 20 (restart 0) KSP residual norm 2.534390e-06
 21 (restart 0) KSP residual norm 1.324479e-06
 22 (restart 0) KSP residual norm 7.950156e-07
 23 (restart 0) KSP residual norm 4.526310e-07
 24 (restart 0) KSP residual norm 2.702194e-07
 25 (restart 0) KSP residual norm 1.675906e-07
GMRES solver converged in 25 iterations (avg. reduction factor: 4.732e-01)
  Residual norms for GMRES solve
  0 (restart 0) KSP residual norm 8.569289e+00
  1 (restart 0) KSP residual norm 5.255617e+00
  2 (restart 0) KSP residual norm 4.698240e+00
  3 (restart 0) KSP residual norm 4.065416e+00
  4 (restart 0) KSP residual norm 1.483851e+00
  5 (restart 0) KSP residual norm 3.060237e-01
  6 (restart 0) KSP residual norm 1.119983e-01
  7 (restart 0) KSP residual norm 7.349081e-02
  8 (restart 0) KSP residual norm 2.835090e-02
  9 (restart 0) KSP residual norm 8.647109e-03
 10 (restart 0) KSP residual norm 2.830550e-03
 11 (restart 0) KSP residual norm 1.178407e-03
 12 (restart 0) KSP residual norm 3.520286e-04
 13 (restart 0) KSP residual norm 1.444870e-04
 14 (restart 0) KSP residual norm 7.072577e-05
 15 (restart 0) KSP residual norm 2.914333e-05
 16 (restart 0) KSP residual norm 1.547316e-05
 17 (restart 0) KSP residual norm 1.071440e-05
 18 (restart 0) KSP residual norm 6.450281e-06
 19 (restart 0) KSP residual norm 3.323089e-06
 20 (restart 0) KSP residual norm 2.127201e-06
 21 (restart 0) KSP residual norm 1.287129e-06
 22 (restart 0) KSP residual norm 7.990222e-07
 23 (restart 0) KSP residual norm 4.804744e-07
 24 (restart 0) KSP residual norm 2.951793e-07
 25 (restart 0) KSP residual norm 1.959743e-07
 26 (restart 0) KSP residual norm 1.187956e-07
 27 (restart 0) KSP residual norm 7.664656e-08
GMRES solver converged in 27 iterations (avg. reduction factor: 5.034e-01)
  Residual norms for GMRES solve
  0 (restart 0) KSP residual norm 3.181204e+01
  1 (restart 0) KSP residual norm 3.028538e+01
  2 (restart 0) KSP residual norm 1.256024e+01
  3 (restart 0) KSP residual norm 4.302410e+00
  4 (restart 0) KSP residual norm 1.792111e+00
  5 (restart 0) KSP residual norm 6.617897e-01
  6 (restart 0) KSP residual norm 4.526546e-01
  7 (restart 0) KSP residual norm 1.593738e-01
  8 (restart 0) KSP residual norm 3.822332e-02
  9 (restart 0) KSP residual norm 1.088574e-02
 10 (restart 0) KSP residual norm 2.987934e-03
 11 (restart 0) KSP residual norm 1.334070e-03
 12 (restart 0) KSP residual norm 6.728084e-04
 13 (restart 0) KSP residual norm 3.079873e-04
 14 (restart 0) KSP residual norm 1.389032e-04
 15 (restart 0) KSP residual norm 5.977409e-05
 16 (restart 0) KSP residual norm 3.062754e-05
 17 (restart 0) KSP residual norm 1.742875e-05
 18 (restart 0) KSP residual norm 1.038563e-05
 19 (restart 0) KSP residual norm 5.591103e-06
 20 (restart 0) KSP residual norm 2.616317e-06
 21 (restart 0) KSP residual norm 1.409014e-06
 22 (restart 0) KSP residual norm 7.010362e-07
 23 (restart 0) KSP residual norm 3.897474e-07
 24 (restart 0) KSP residual norm 1.830406e-07
GMRES solver converged in 24 iterations (avg. reduction factor: 4.536e-01)
  Residual norms for GMRES solve
  0 (restart 0) KSP residual norm 1.102737e+01
  1 (restart 0) KSP residual norm 8.264732e+00
  2 (restart 0) KSP residual norm 6.636236e+00
  3 (restart 0) KSP residual norm 5.923472e+00
  4 (restart 0) KSP residual norm 1.549601e+00
  5 (restart 0) KSP residual norm 3.458013e-01
  6 (restart 0) KSP residual norm 1.442646e-01
  7 (restart 0) KSP residual norm 7.628882e-02
  8 (restart 0) KSP residual norm 2.801567e-02
  9 (restart 0) KSP residual norm 8.461585e-03
 10 (restart 0) KSP residual norm 2.094465e-03
 11 (restart 0) KSP residual norm 9.056203e-04
 12 (restart 0) KSP residual norm 3.881311e-04
 13 (restart 0) KSP residual norm 1.731081e-04
 14 (restart 0) KSP residual norm 8.627542e-05
 15 (restart 0) KSP residual norm 2.877038e-05
 16 (restart 0) KSP residual norm 1.317614e-05
 17 (restart 0) KSP residual norm 8.134755e-06
 18 (restart 0) KSP residual norm 5.083304e-06
 19 (restart 0) KSP residual norm 2.912149e-06
 20 (restart 0) KSP residual norm 1.716967e-06
 21 (restart 0) KSP residual norm 9.444892e-07
 22 (restart 0) KSP residual norm 6.260673e-07
 23 (restart 0) KSP residual norm 3.900939e-07
 24 (restart 0) KSP residual norm 2.253749e-07
 25 (restart 0) KSP residual norm 1.455922e-07
 26 (restart 0) KSP residual norm 9.143148e-08
GMRES solver converged in 26 iterations (avg. reduction factor: 4.889e-01)
  Residual norms for GMRES solve
  0 (restart 0) KSP residual norm 7.524501e+00
  1 (restart 0) KSP residual norm 5.579935e+00
  2 (restart 0) KSP residual norm 4.500661e+00
  3 (restart 0) KSP residual norm 3.159312e+00
  4 (restart 0) KSP residual norm 8.632338e-01
  5 (restart 0) KSP residual norm 1.610542e-01
  6 (restart 0) KSP residual norm 5.970105e-02
  7 (restart 0) KSP residual norm 3.678565e-02
  8 (restart 0) KSP residual norm 2.262021e-02
  9 (restart 0) KSP residual norm 7.490708e-03
 10 (restart 0) KSP residual norm 2.705778e-03
 11 (restart 0) KSP residual norm 8.903931e-04
 12 (restart 0) KSP residual norm 2.411873e-04
 13 (restart 0) KSP residual norm 1.276258e-04
 14 (restart 0) KSP residual norm 8.631155e-05
 15 (restart 0) KSP residual norm 2.675744e-05
 16 (restart 0) KSP residual norm 1.686710e-05
 17 (restart 0) KSP residual norm 1.132993e-05
 18 (restart 0) KSP residual norm 5.891556e-06
 19 (restart 0) KSP residual norm 3.352419e-06
 20 (restart 0) KSP residual norm 2.267823e-06
 21 (restart 0) KSP residual norm 1.430472e-06
 22 (restart 0) KSP residual norm 8.362871e-07
 23 (restart 0) KSP residual norm 5.730588e-07
 24 (restart 0) KSP residual norm 3.381215e-07
 25 (restart 0) KSP residual norm 2.298973e-07
 26 (restart 0) KSP residual norm 1.332974e-07
 27 (restart 0) KSP residual norm 8.450528e-08
 28 (restart 0) KSP residual norm 5.566347e-08
GMRES solver converged in 28 iterations (avg. reduction factor: 5.124e-01)
  Residual norms for GMRES solve
  0 (restart 0) KSP residual norm 7.022003e+00
  1 (restart 0) KSP residual norm 4.911586e+00
  2 (restart 0) KSP residual norm 2.133620e+00
  3 (restart 0) KSP residual norm 1.187054e+00
  4 (restart 0) KSP residual norm 7.172518e-01
  5 (restart 0) KSP residual norm 2.287051e-01
  6 (restart 0) KSP residual norm 6.334566e-02
  7 (restart 0) KSP residual norm 2.449006e-02
  8 (restart 0) KSP residual norm 1.183859e-02
  9 (restart 0) KSP residual norm 4.938903e-03
 10 (restart 0) KSP residual norm 1.885845e-03
 11 (restart 0) KSP residual norm 6.329022e-04
 12 (restart 0) KSP residual norm 1.771484e-04
 13 (restart 0) KSP residual norm 7.650875e-05
 14 (restart 0) KSP residual norm 4.710816e-05
 15 (restart 0) KSP residual norm 1.649735e-05
 16 (restart 0) KSP residual norm 9.325891e-06
 17 (restart 0) KSP residual norm 7.045991e-06
 18 (restart 0) KSP residual norm 3.790303e-06
 19 (restart 0) KSP residual norm 2.108738e-06
 20 (restart 0) KSP residual norm 1.419927e-06
 21 (restart 0) KSP residual norm 9.051682e-07
 22 (restart 0) KSP residual norm 5.398753e-07
 23 (restart 0) KSP residual norm 3.536218e-07
 24 (restart 0) KSP residual norm 2.088156e-07
 25 (restart 0) KSP residual norm 1.421829e-07
 26 (restart 0) KSP residual norm 8.343899e-08
 27 (restart 0) KSP residual norm 5.322574e-08
GMRES solver converged in 27 iterations (avg. reduction factor: 5.003e-01)
  Residual norms for GMRES solve
  0 (restart 0) KSP residual norm 7.348365e+00
  1 (restart 0) KSP residual norm 5.035790e+00
  2 (restart 0) KSP residual norm 3.776599e+00
  3 (restart 0) KSP residual norm 1.837369e+00
  4 (restart 0) KSP residual norm 9.625469e-01
  5 (restart 0) KSP residual norm 2.512737e-01
  6 (restart 0) KSP residual norm 7.928221e-02
  7 (restart 0) KSP residual norm 3.622641e-02
  8 (restart 0) KSP residual norm 1.961965e-02
  9 (restart 0) KSP residual norm 7.877106e-03
 10 (restart 0) KSP residual norm 2.854260e-03
 11 (restart 0) KSP residual norm 8.030937e-04
 12 (restart 0) KSP residual norm 2.097396e-04
 13 (restart 0) KSP residual norm 8.668669e-05
 14 (restart 0) KSP residual norm 6.203993e-05
 15 (restart 0) KSP residual norm 2.844611e-05
 16 (restart 0) KSP residual norm 1.804867e-05
 17 (restart 0) KSP residual norm 1.290771e-05
 18 (restart 0) KSP residual norm 6.396128e-06
 19 (restart 0) KSP residual norm 3.609946e-06
 20 (restart 0) KSP residual norm 2.584126e-06
 21 (restart 0) KSP residual norm 1.529922e-06
 22 (restart 0) KSP residual norm 9.303813e-07
 23 (restart 0) KSP residual norm 6.260442e-07
 24 (restart 0) KSP residual norm 3.809208e-07
 25 (restart 0) KSP residual norm 2.581219e-07
 26 (restart 0) KSP residual norm 1.467131e-07
 27 (restart 0) KSP residual norm 9.480927e-08
 28 (restart 0) KSP residual norm 5.908133e-08
GMRES solver converged in 28 iterations (avg. reduction factor: 5.139e-01)
  Residual norms for GMRES solve
  0 (restart 0) KSP residual norm 6.855735e+00
  1 (restart 0) KSP residual norm 4.513470e+00
  2 (restart 0) KSP residual norm 2.658531e+00
  3 (restart 0) KSP residual norm 1.896306e+00
  4 (restart 0) KSP residual norm 1.057377e+00
  5 (restart 0) KSP residual norm 1.712644e-01
  6 (restart 0) KSP residual norm 3.872379e-02
  7 (restart 0) KSP residual norm 1.845184e-02
  8 (restart 0) KSP residual norm 1.274541e-02
  9 (restart 0) KSP residual norm 5.015296e-03
 10 (restart 0) KSP residual norm 1.589110e-03
 11 (restart 0) KSP residual norm 4.694056e-04
 12 (restart 0) KSP residual norm 1.783872e-04
 13 (restart 0) KSP residual norm 9.468257e-05
 14 (restart 0) KSP residual norm 6.470690e-05
 15 (restart 0) KSP residual norm 2.080692e-05
 16 (restart 0) KSP residual norm 7.458493e-06
 17 (restart 0) KSP residual norm 4.942259e-06
 18 (restart 0) KSP residual norm 3.203195e-06
 19 (restart 0) KSP residual norm 1.680928e-06
 20 (restart 0) KSP residual norm 9.637199e-07
 21 (restart 0) KSP residual norm 6.059200e-07
 22 (restart 0) KSP residual norm 3.515281e-07
 23 (restart 0) KSP residual norm 2.224530e-07
 24 (restart 0) KSP residual norm 1.298356e-07
 25 (restart 0) KSP residual norm 7.840252e-08
 26 (restart 0) KSP residual norm 4.777443e-08
GMRES solver converged in 26 iterations (avg. reduction factor: 4.856e-01)
  Residual norms for GMRES solve
  0 (restart 0) KSP residual norm 7.370376e+00
  1 (restart 0) KSP residual norm 5.087430e+00
  2 (restart 0) KSP residual norm 4.220206e+00
  3 (restart 0) KSP residual norm 1.732311e+00
  4 (restart 0) KSP residual norm 1.017345e+00
  5 (restart 0) KSP residual norm 2.597905e-01
  6 (restart 0) KSP residual norm 6.691204e-02
  7 (restart 0) KSP residual norm 1.970995e-02
  8 (restart 0) KSP residual norm 1.013292e-02
  9 (restart 0) KSP residual norm 5.722943e-03
 10 (restart 0) KSP residual norm 2.556574e-03
 11 (restart 0) KSP residual norm 7.474945e-04
 12 (restart 0) KSP residual norm 1.995897e-04
 13 (restart 0) KSP residual norm 9.912869e-05
 14 (restart 0) KSP residual norm 6.734210e-05
 15 (restart 0) KSP residual norm 3.493447e-05
 16 (restart 0) KSP residual norm 2.219292e-05
 17 (restart 0) KSP residual norm 1.552082e-05
 18 (restart 0) KSP residual norm 7.600320e-06
 19 (restart 0) KSP residual norm 4.338662e-06
 20 (restart 0) KSP residual norm 3.292459e-06
 21 (restart 0) KSP residual norm 1.850290e-06
 22 (restart 0) KSP residual norm 1.102711e-06
 23 (restart 0) KSP residual norm 7.822655e-07
 24 (restart 0) KSP residual norm 4.776872e-07
 25 (restart 0) KSP residual norm 2.853143e-07
 26 (restart 0) KSP residual norm 1.934708e-07
 27 (restart 0) KSP residual norm 1.178125e-07
 28 (restart 0) KSP residual norm 7.216032e-08
GMRES solver converged in 28 iterations (avg. reduction factor: 5.176e-01)
  2 EPS nconv=4 first unconverged value (error) -3.62804e-06+0.153781i (1.69463807e-03)
  Residual norms for GMRES solve
  0 (restart 0) KSP residual norm 7.235762e+00
  1 (restart 0) KSP residual norm 4.772114e+00
  2 (restart 0) KSP residual norm 3.730409e+00
  3 (restart 0) KSP residual norm 1.315313e+00
  4 (restart 0) KSP residual norm 7.237696e-01
  5 (restart 0) KSP residual norm 2.320588e-01
  6 (restart 0) KSP residual norm 6.256702e-02
  7 (restart 0) KSP residual norm 1.930820e-02
  8 (restart 0) KSP residual norm 1.037485e-02
  9 (restart 0) KSP residual norm 5.661319e-03
 10 (restart 0) KSP residual norm 2.631247e-03
 11 (restart 0) KSP residual norm 6.422971e-04
 12 (restart 0) KSP residual norm 1.725370e-04
 13 (restart 0) KSP residual norm 9.470162e-05
 14 (restart 0) KSP residual norm 6.531500e-05
 15 (restart 0) KSP residual norm 3.294823e-05
 16 (restart 0) KSP residual norm 2.201252e-05
 17 (restart 0) KSP residual norm 1.558709e-05
 18 (restart 0) KSP residual norm 7.515105e-06
 19 (restart 0) KSP residual norm 4.341593e-06
 20 (restart 0) KSP residual norm 3.230055e-06
 21 (restart 0) KSP residual norm 1.830227e-06
 22 (restart 0) KSP residual norm 1.138878e-06
 23 (restart 0) KSP residual norm 7.870146e-07
 24 (restart 0) KSP residual norm 4.934126e-07
 25 (restart 0) KSP residual norm 2.862091e-07
 26 (restart 0) KSP residual norm 1.826961e-07
 27 (restart 0) KSP residual norm 1.136317e-07
 28 (restart 0) KSP residual norm 6.939360e-08
GMRES solver converged in 28 iterations (avg. reduction factor: 5.172e-01)
  Residual norms for GMRES solve
  0 (restart 0) KSP residual norm 2.599865e+01
  1 (restart 0) KSP residual norm 2.266063e+01
  2 (restart 0) KSP residual norm 1.310854e+01
  3 (restart 0) KSP residual norm 1.030293e+01
  4 (restart 0) KSP residual norm 1.791846e+00
  5 (restart 0) KSP residual norm 5.738934e-01
  6 (restart 0) KSP residual norm 3.979095e-01
  7 (restart 0) KSP residual norm 2.038362e-01
  8 (restart 0) KSP residual norm 6.430523e-02
  9 (restart 0) KSP residual norm 1.213582e-02
 10 (restart 0) KSP residual norm 3.008210e-03
 11 (restart 0) KSP residual norm 1.419004e-03
 12 (restart 0) KSP residual norm 8.561349e-04
 13 (restart 0) KSP residual norm 4.682192e-04
 14 (restart 0) KSP residual norm 1.653831e-04
 15 (restart 0) KSP residual norm 6.350352e-05
 16 (restart 0) KSP residual norm 3.195687e-05
 17 (restart 0) KSP residual norm 1.925146e-05
 18 (restart 0) KSP residual norm 1.111579e-05
 19 (restart 0) KSP residual norm 6.353275e-06
 20 (restart 0) KSP residual norm 3.079093e-06
 21 (restart 0) KSP residual norm 1.753515e-06
 22 (restart 0) KSP residual norm 1.101947e-06
 23 (restart 0) KSP residual norm 6.488401e-07
 24 (restart 0) KSP residual norm 4.102597e-07
 25 (restart 0) KSP residual norm 2.360189e-07
GMRES solver converged in 25 iterations (avg. reduction factor: 4.768e-01)
  Residual norms for GMRES solve
  0 (restart 0) KSP residual norm 2.154026e+01
  1 (restart 0) KSP residual norm 2.030949e+01
  2 (restart 0) KSP residual norm 1.339822e+01
  3 (restart 0) KSP residual norm 1.091252e+01
  4 (restart 0) KSP residual norm 2.099785e+00
  5 (restart 0) KSP residual norm 4.928159e-01
  6 (restart 0) KSP residual norm 3.166774e-01
  7 (restart 0) KSP residual norm 1.802861e-01
  8 (restart 0) KSP residual norm 5.664893e-02
  9 (restart 0) KSP residual norm 1.096567e-02
 10 (restart 0) KSP residual norm 2.577936e-03
 11 (restart 0) KSP residual norm 1.207474e-03
 12 (restart 0) KSP residual norm 7.027350e-04
 13 (restart 0) KSP residual norm 3.894052e-04
 14 (restart 0) KSP residual norm 1.486314e-04
 15 (restart 0) KSP residual norm 5.281569e-05
 16 (restart 0) KSP residual norm 2.832193e-05
 17 (restart 0) KSP residual norm 1.712584e-05
 18 (restart 0) KSP residual norm 1.065802e-05
 19 (restart 0) KSP residual norm 5.821320e-06
 20 (restart 0) KSP residual norm 3.174563e-06
 21 (restart 0) KSP residual norm 1.786883e-06
 22 (restart 0) KSP residual norm 1.167864e-06
 23 (restart 0) KSP residual norm 6.919611e-07
 24 (restart 0) KSP residual norm 4.347366e-07
 25 (restart 0) KSP residual norm 2.523330e-07
 26 (restart 0) KSP residual norm 1.637382e-07
GMRES solver converged in 26 iterations (avg. reduction factor: 4.872e-01)
  Residual norms for GMRES solve
  0 (restart 0) KSP residual norm 7.014142e+00
  1 (restart 0) KSP residual norm 6.152285e+00
  2 (restart 0) KSP residual norm 5.550869e+00
  3 (restart 0) KSP residual norm 4.000402e+00
  4 (restart 0) KSP residual norm 1.241655e+00
  5 (restart 0) KSP residual norm 2.767910e-01
  6 (restart 0) KSP residual norm 1.091493e-01
  7 (restart 0) KSP residual norm 6.068871e-02
  8 (restart 0) KSP residual norm 2.655372e-02
  9 (restart 0) KSP residual norm 9.490851e-03
 10 (restart 0) KSP residual norm 3.666126e-03
 11 (restart 0) KSP residual norm 1.116289e-03
 12 (restart 0) KSP residual norm 3.597131e-04
 13 (restart 0) KSP residual norm 1.417154e-04
 14 (restart 0) KSP residual norm 7.769073e-05
 15 (restart 0) KSP residual norm 4.440626e-05
 16 (restart 0) KSP residual norm 2.964874e-05
 17 (restart 0) KSP residual norm 1.876629e-05
 18 (restart 0) KSP residual norm 9.665257e-06
 19 (restart 0) KSP residual norm 5.610619e-06
 20 (restart 0) KSP residual norm 3.939800e-06
 21 (restart 0) KSP residual norm 2.159857e-06
 22 (restart 0) KSP residual norm 1.393950e-06
 23 (restart 0) KSP residual norm 9.190353e-07
 24 (restart 0) KSP residual norm 5.772400e-07
 25 (restart 0) KSP residual norm 3.617439e-07
 26 (restart 0) KSP residual norm 2.210351e-07
 27 (restart 0) KSP residual norm 1.406035e-07
 28 (restart 0) KSP residual norm 8.645299e-08
 29 (restart 0) KSP residual norm 5.175418e-08
GMRES solver converged in 29 iterations (avg. reduction factor: 5.243e-01)
  Residual norms for GMRES solve
  0 (restart 0) KSP residual norm 3.230413e+01
  1 (restart 0) KSP residual norm 3.090902e+01
  2 (restart 0) KSP residual norm 1.181395e+01
  3 (restart 0) KSP residual norm 7.113543e+00
  4 (restart 0) KSP residual norm 1.531643e+00
  5 (restart 0) KSP residual norm 6.644978e-01
  6 (restart 0) KSP residual norm 4.195103e-01
  7 (restart 0) KSP residual norm 1.416323e-01
  8 (restart 0) KSP residual norm 3.846209e-02
  9 (restart 0) KSP residual norm 1.069835e-02
 10 (restart 0) KSP residual norm 2.812525e-03
 11 (restart 0) KSP residual norm 1.383742e-03
 12 (restart 0) KSP residual norm 7.517301e-04
 13 (restart 0) KSP residual norm 3.642580e-04
 14 (restart 0) KSP residual norm 1.455181e-04
 15 (restart 0) KSP residual norm 5.480982e-05
 16 (restart 0) KSP residual norm 2.627924e-05
 17 (restart 0) KSP residual norm 1.473693e-05
 18 (restart 0) KSP residual norm 8.772022e-06
 19 (restart 0) KSP residual norm 4.663374e-06
 20 (restart 0) KSP residual norm 2.305944e-06
 21 (restart 0) KSP residual norm 1.240121e-06
 22 (restart 0) KSP residual norm 6.642042e-07
 23 (restart 0) KSP residual norm 3.863697e-07
 24 (restart 0) KSP residual norm 2.063276e-07
GMRES solver converged in 24 iterations (avg. reduction factor: 4.556e-01)
  Residual norms for GMRES solve
  0 (restart 0) KSP residual norm 9.758573e+00
  1 (restart 0) KSP residual norm 7.780769e+00
  2 (restart 0) KSP residual norm 5.410702e+00
  3 (restart 0) KSP residual norm 5.020336e+00
  4 (restart 0) KSP residual norm 1.256370e+00
  5 (restart 0) KSP residual norm 2.768491e-01
  6 (restart 0) KSP residual norm 1.350879e-01
  7 (restart 0) KSP residual norm 7.680526e-02
  8 (restart 0) KSP residual norm 3.096648e-02
  9 (restart 0) KSP residual norm 8.625567e-03
 10 (restart 0) KSP residual norm 2.567475e-03
 11 (restart 0) KSP residual norm 1.074800e-03
 12 (restart 0) KSP residual norm 3.786978e-04
 13 (restart 0) KSP residual norm 1.540096e-04
 14 (restart 0) KSP residual norm 6.966249e-05
 15 (restart 0) KSP residual norm 2.756651e-05
 16 (restart 0) KSP residual norm 1.196680e-05
 17 (restart 0) KSP residual norm 7.841250e-06
 18 (restart 0) KSP residual norm 5.100931e-06
 19 (restart 0) KSP residual norm 2.923593e-06
 20 (restart 0) KSP residual norm 1.794787e-06
 21 (restart 0) KSP residual norm 9.966186e-07
 22 (restart 0) KSP residual norm 6.512492e-07
 23 (restart 0) KSP residual norm 4.074710e-07
 24 (restart 0) KSP residual norm 2.276368e-07
 25 (restart 0) KSP residual norm 1.403628e-07
 26 (restart 0) KSP residual norm 8.493243e-08
GMRES solver converged in 26 iterations (avg. reduction factor: 4.898e-01)
  Residual norms for GMRES solve
  0 (restart 0) KSP residual norm 7.219198e+00
  1 (restart 0) KSP residual norm 4.844177e+00
  2 (restart 0) KSP residual norm 3.663351e+00
  3 (restart 0) KSP residual norm 1.675797e+00
  4 (restart 0) KSP residual norm 8.198950e-01
  5 (restart 0) KSP residual norm 2.031053e-01
  6 (restart 0) KSP residual norm 6.192011e-02
  7 (restart 0) KSP residual norm 3.081453e-02
  8 (restart 0) KSP residual norm 1.666272e-02
  9 (restart 0) KSP residual norm 6.916251e-03
 10 (restart 0) KSP residual norm 2.623037e-03
 11 (restart 0) KSP residual norm 7.643562e-04
 12 (restart 0) KSP residual norm 2.336774e-04
 13 (restart 0) KSP residual norm 8.323354e-05
 14 (restart 0) KSP residual norm 5.031271e-05
 15 (restart 0) KSP residual norm 3.122931e-05
 16 (restart 0) KSP residual norm 1.863295e-05
 17 (restart 0) KSP residual norm 1.256437e-05
 18 (restart 0) KSP residual norm 7.522542e-06
 19 (restart 0) KSP residual norm 3.862850e-06
 20 (restart 0) KSP residual norm 2.763982e-06
 21 (restart 0) KSP residual norm 1.575138e-06
 22 (restart 0) KSP residual norm 9.831883e-07
 23 (restart 0) KSP residual norm 6.496887e-07
 24 (restart 0) KSP residual norm 4.152406e-07
 25 (restart 0) KSP residual norm 2.564985e-07
 26 (restart 0) KSP residual norm 1.532627e-07
 27 (restart 0) KSP residual norm 9.654299e-08
 28 (restart 0) KSP residual norm 5.859600e-08
GMRES solver converged in 28 iterations (avg. reduction factor: 5.141e-01)
  Residual norms for GMRES solve
  0 (restart 0) KSP residual norm 6.008991e+00
  1 (restart 0) KSP residual norm 5.074739e+00
  2 (restart 0) KSP residual norm 4.632773e+00
  3 (restart 0) KSP residual norm 2.996343e+00
  4 (restart 0) KSP residual norm 1.123857e+00
  5 (restart 0) KSP residual norm 2.417672e-01
  6 (restart 0) KSP residual norm 6.359143e-02
  7 (restart 0) KSP residual norm 2.086793e-02
  8 (restart 0) KSP residual norm 1.100374e-02
  9 (restart 0) KSP residual norm 6.967066e-03
 10 (restart 0) KSP residual norm 3.754048e-03
 11 (restart 0) KSP residual norm 1.634987e-03
 12 (restart 0) KSP residual norm 3.038869e-04
 13 (restart 0) KSP residual norm 8.133766e-05
 14 (restart 0) KSP residual norm 4.303296e-05
 15 (restart 0) KSP residual norm 2.959278e-05
 16 (restart 0) KSP residual norm 1.360570e-05
 17 (restart 0) KSP residual norm 9.119317e-06
 18 (restart 0) KSP residual norm 6.507710e-06
 19 (restart 0) KSP residual norm 2.965733e-06
 20 (restart 0) KSP residual norm 1.816456e-06
 21 (restart 0) KSP residual norm 1.264963e-06
 22 (restart 0) KSP residual norm 6.915301e-07
 23 (restart 0) KSP residual norm 4.325225e-07
 24 (restart 0) KSP residual norm 2.698981e-07
 25 (restart 0) KSP residual norm 1.702343e-07
 26 (restart 0) KSP residual norm 1.010469e-07
 27 (restart 0) KSP residual norm 6.140359e-08
 28 (restart 0) KSP residual norm 3.734660e-08
GMRES solver converged in 28 iterations (avg. reduction factor: 5.092e-01)
  Residual norms for GMRES solve
  0 (restart 0) KSP residual norm 8.237694e+00
  1 (restart 0) KSP residual norm 5.858775e+00
  2 (restart 0) KSP residual norm 2.761068e+00
  3 (restart 0) KSP residual norm 2.536162e+00
  4 (restart 0) KSP residual norm 1.190601e+00
  5 (restart 0) KSP residual norm 2.193946e-01
  6 (restart 0) KSP residual norm 6.600160e-02
  7 (restart 0) KSP residual norm 4.119221e-02
  8 (restart 0) KSP residual norm 2.356817e-02
  9 (restart 0) KSP residual norm 6.989534e-03
 10 (restart 0) KSP residual norm 1.975054e-03
 11 (restart 0) KSP residual norm 7.683431e-04
 12 (restart 0) KSP residual norm 2.982267e-04
 13 (restart 0) KSP residual norm 1.175713e-04
 14 (restart 0) KSP residual norm 5.246545e-05
 15 (restart 0) KSP residual norm 2.361071e-05
 16 (restart 0) KSP residual norm 1.134676e-05
 17 (restart 0) KSP residual norm 7.570454e-06
 18 (restart 0) KSP residual norm 4.921349e-06
 19 (restart 0) KSP residual norm 2.595006e-06
 20 (restart 0) KSP residual norm 1.581250e-06
 21 (restart 0) KSP residual norm 9.713503e-07
 22 (restart 0) KSP residual norm 6.063106e-07
 23 (restart 0) KSP residual norm 3.793112e-07
 24 (restart 0) KSP residual norm 2.171256e-07
 25 (restart 0) KSP residual norm 1.351381e-07
 26 (restart 0) KSP residual norm 7.949477e-08
GMRES solver converged in 26 iterations (avg. reduction factor: 4.917e-01)
  Residual norms for GMRES solve
  0 (restart 0) KSP residual norm 7.836344e+00
  1 (restart 0) KSP residual norm 4.833487e+00
  2 (restart 0) KSP residual norm 4.215223e+00
  3 (restart 0) KSP residual norm 2.647314e+00
  4 (restart 0) KSP residual norm 1.019300e+00
  5 (restart 0) KSP residual norm 2.313590e-01
  6 (restart 0) KSP residual norm 8.148145e-02
  7 (restart 0) KSP residual norm 4.589870e-02
  8 (restart 0) KSP residual norm 1.895770e-02
  9 (restart 0) KSP residual norm 6.483819e-03
 10 (restart 0) KSP residual norm 2.339691e-03
 11 (restart 0) KSP residual norm 9.671950e-04
 12 (restart 0) KSP residual norm 2.862675e-04
 13 (restart 0) KSP residual norm 1.017426e-04
 14 (restart 0) KSP residual norm 5.123447e-05
 15 (restart 0) KSP residual norm 2.275225e-05
 16 (restart 0) KSP residual norm 1.228212e-05
 17 (restart 0) KSP residual norm 8.704408e-06
 18 (restart 0) KSP residual norm 5.438379e-06
 19 (restart 0) KSP residual norm 2.767667e-06
 20 (restart 0) KSP residual norm 1.633529e-06
 21 (restart 0) KSP residual norm 1.050576e-06
 22 (restart 0) KSP residual norm 5.899413e-07
 23 (restart 0) KSP residual norm 3.757476e-07
 24 (restart 0) KSP residual norm 2.334965e-07
 25 (restart 0) KSP residual norm 1.529160e-07
 26 (restart 0) KSP residual norm 9.185388e-08
 27 (restart 0) KSP residual norm 5.506235e-08
GMRES solver converged in 27 iterations (avg. reduction factor: 4.989e-01)
  3 EPS nconv=10 first unconverged value (error) -9.9305e-06+0.169708i (4.68718705e-03)

 Linear eigensolve converged (10 eigenpairs) due to CONVERGED_TOL; iterations 3
 Total number of linear systems solved: 44
 Total number of linear solver iterations: 1183
 Found 10 converged eigenvalues (first = -2.601e-04+1.009e+01i)

 Refining eigenvalues with Quasi-Newton solver
  Residual norms for GMRES solve
  0 (restart 0) KSP residual norm 3.142638e+01
  1 (restart 0) KSP residual norm 1.454602e+00
  2 (restart 0) KSP residual norm 9.605623e-01
  3 (restart 0) KSP residual norm 2.094240e-01
  4 (restart 0) KSP residual norm 8.938546e-02
  5 (restart 0) KSP residual norm 7.111380e-02
  6 (restart 0) KSP residual norm 6.910824e-02
  7 (restart 0) KSP residual norm 6.898949e-02
  8 (restart 0) KSP residual norm 6.815017e-02
  9 (restart 0) KSP residual norm 6.776053e-02
 10 (restart 0) KSP residual norm 6.596012e-02
 11 (restart 0) KSP residual norm 6.053161e-02
 12 (restart 0) KSP residual norm 3.961741e-02
 13 (restart 0) KSP residual norm 3.211851e-02
 14 (restart 0) KSP residual norm 2.990911e-02
 15 (restart 0) KSP residual norm 2.888921e-02
 16 (restart 0) KSP residual norm 2.626338e-02
 17 (restart 0) KSP residual norm 2.309642e-02
 18 (restart 0) KSP residual norm 2.306563e-02
 19 (restart 0) KSP residual norm 1.987477e-02
 20 (restart 0) KSP residual norm 1.886739e-02
 21 (restart 0) KSP residual norm 1.455949e-02
 22 (restart 0) KSP residual norm 1.099797e-02
 23 (restart 0) KSP residual norm 7.518484e-03
GMRES solver converged in 23 iterations (avg. reduction factor: 6.959e-01)
0 NLEPS (nconv=0, restart=0) residual norm 2.898884e-03
  Residual norms for GMRES solve
  0 (restart 0) KSP residual norm 8.840417e-07
  1 (restart 0) KSP residual norm 4.726272e-07
  2 (restart 0) KSP residual norm 4.181208e-07
  3 (restart 0) KSP residual norm 2.627630e-07
  4 (restart 0) KSP residual norm 2.203095e-07
  5 (restart 0) KSP residual norm 2.183169e-07
  6 (restart 0) KSP residual norm 2.105395e-07
  7 (restart 0) KSP residual norm 2.043681e-07
  8 (restart 0) KSP residual norm 2.036076e-07
  9 (restart 0) KSP residual norm 1.655119e-07
 10 (restart 0) KSP residual norm 1.530087e-07
 11 (restart 0) KSP residual norm 1.467426e-07
 12 (restart 0) KSP residual norm 1.435602e-07
 13 (restart 0) KSP residual norm 1.351093e-07
 14 (restart 0) KSP residual norm 1.348875e-07
 15 (restart 0) KSP residual norm 1.346254e-07
 16 (restart 0) KSP residual norm 1.342422e-07
 17 (restart 0) KSP residual norm 1.326100e-07
 18 (restart 0) KSP residual norm 1.324789e-07
 19 (restart 0) KSP residual norm 1.321772e-07
 20 (restart 0) KSP residual norm 1.305773e-07
 21 (restart 0) KSP residual norm 1.304429e-07
 22 (restart 0) KSP residual norm 1.288306e-07
 23 (restart 0) KSP residual norm 1.285949e-07
 24 (restart 0) KSP residual norm 1.270548e-07
 25 (restart 0) KSP residual norm 1.269754e-07
 26 (restart 0) KSP residual norm 1.227606e-07
 27 (restart 0) KSP residual norm 1.134164e-07
 28 (restart 0) KSP residual norm 9.821732e-08
 29 (restart 0) KSP residual norm 7.680562e-08
 30 (restart 0) KSP residual norm 5.471611e-08
 31 (restart 0) KSP residual norm 3.671471e-08
 32 (restart 0) KSP residual norm 2.401125e-08
 33 (restart 0) KSP residual norm 1.380116e-08
 34 (restart 0) KSP residual norm 8.691303e-09
 35 (restart 0) KSP residual norm 5.031024e-09
 36 (restart 0) KSP residual norm 3.059149e-09
 37 (restart 0) KSP residual norm 1.724503e-09
 38 (restart 0) KSP residual norm 1.064427e-09
 39 (restart 0) KSP residual norm 6.007956e-10
 40 (restart 0) KSP residual norm 3.365877e-10
 41 (restart 0) KSP residual norm 1.888876e-10
GMRES solver converged in 41 iterations (avg. reduction factor: 8.137e-01)
1 NLEPS (nconv=0, restart=0) residual norm 1.050445e-05
  Residual norms for GMRES solve
  0 (restart 0) KSP residual norm 2.608191e-10
  1 (restart 0) KSP residual norm 2.372794e-10
  2 (restart 0) KSP residual norm 2.323919e-10
  3 (restart 0) KSP residual norm 1.956506e-10
  4 (restart 0) KSP residual norm 1.766078e-10
  5 (restart 0) KSP residual norm 1.704734e-10
  6 (restart 0) KSP residual norm 1.651892e-10
  7 (restart 0) KSP residual norm 1.641283e-10
  8 (restart 0) KSP residual norm 1.638105e-10
  9 (restart 0) KSP residual norm 1.631379e-10
 10 (restart 0) KSP residual norm 1.612499e-10
 11 (restart 0) KSP residual norm 1.592590e-10
 12 (restart 0) KSP residual norm 1.582505e-10
 13 (restart 0) KSP residual norm 1.553601e-10
 14 (restart 0) KSP residual norm 1.542457e-10
 15 (restart 0) KSP residual norm 1.537732e-10
 16 (restart 0) KSP residual norm 1.495874e-10
 17 (restart 0) KSP residual norm 1.457035e-10
 18 (restart 0) KSP residual norm 1.408134e-10
 19 (restart 0) KSP residual norm 1.369769e-10
 20 (restart 0) KSP residual norm 1.305508e-10
 21 (restart 0) KSP residual norm 1.261452e-10
 22 (restart 0) KSP residual norm 1.243538e-10
 23 (restart 0) KSP residual norm 1.191900e-10
 24 (restart 0) KSP residual norm 1.105744e-10
 25 (restart 0) KSP residual norm 1.003026e-10
 26 (restart 0) KSP residual norm 9.394130e-11
 27 (restart 0) KSP residual norm 8.948049e-11
 28 (restart 0) KSP residual norm 8.093188e-11
 29 (restart 0) KSP residual norm 7.487170e-11
 30 (restart 0) KSP residual norm 6.636939e-11
 31 (restart 0) KSP residual norm 6.076692e-11
 32 (restart 0) KSP residual norm 5.357597e-11
 33 (restart 0) KSP residual norm 5.124223e-11
 34 (restart 0) KSP residual norm 4.752140e-11
 35 (restart 0) KSP residual norm 3.264318e-11
 36 (restart 0) KSP residual norm 1.911749e-11
 37 (restart 0) KSP residual norm 1.078169e-11
 38 (restart 0) KSP residual norm 6.897561e-12
 39 (restart 0) KSP residual norm 4.403998e-12
 40 (restart 0) KSP residual norm 2.732891e-12
 41 (restart 0) KSP residual norm 1.632084e-12
 42 (restart 0) KSP residual norm 9.501005e-13
GMRES solver converged in 42 iterations (avg. reduction factor: 8.749e-01)
2 NLEPS (nconv=0, restart=0) residual norm 7.560377e-08
Eigenvalue 0, Quasi-Newton converged in 2 iterations (-2.599e-04+1.009e+01i).
  Residual norms for GMRES solve
  0 (restart 0) KSP residual norm 2.802090e+01
  1 (restart 0) KSP residual norm 2.132809e+01
  2 (restart 0) KSP residual norm 1.858939e+00
  3 (restart 0) KSP residual norm 1.359468e+00
  4 (restart 0) KSP residual norm 1.222515e+00
  5 (restart 0) KSP residual norm 9.733390e-01
  6 (restart 0) KSP residual norm 9.523253e-01
  7 (restart 0) KSP residual norm 8.756585e-01
  8 (restart 0) KSP residual norm 6.494915e-01
  9 (restart 0) KSP residual norm 4.355542e-01
 10 (restart 0) KSP residual norm 2.155132e-01
 11 (restart 0) KSP residual norm 1.759793e-01
 12 (restart 0) KSP residual norm 1.695041e-01
 13 (restart 0) KSP residual norm 1.564458e-01
 14 (restart 0) KSP residual norm 1.381199e-01
 15 (restart 0) KSP residual norm 1.039102e-01
 16 (restart 0) KSP residual norm 9.110748e-02
 17 (restart 0) KSP residual norm 8.950722e-02
 18 (restart 0) KSP residual norm 7.739565e-02
 19 (restart 0) KSP residual norm 5.952849e-02
 20 (restart 0) KSP residual norm 5.096072e-02
 21 (restart 0) KSP residual norm 3.921467e-02
 22 (restart 0) KSP residual norm 1.388273e-02
 23 (restart 0) KSP residual norm 5.129539e-03
GMRES solver converged in 23 iterations (avg. reduction factor: 6.879e-01)
0 NLEPS (nconv=1, restart=0) residual norm 1.540353e-01
  Residual norms for GMRES solve
  0 (restart 0) KSP residual norm 8.233089e-01
  1 (restart 0) KSP residual norm 7.073200e-01
  2 (restart 0) KSP residual norm 5.671427e-01
  3 (restart 0) KSP residual norm 5.027273e-01
  4 (restart 0) KSP residual norm 1.684765e-01
  5 (restart 0) KSP residual norm 4.471187e-02
  6 (restart 0) KSP residual norm 2.425921e-02
  7 (restart 0) KSP residual norm 1.398984e-02
  8 (restart 0) KSP residual norm 7.765365e-03
  9 (restart 0) KSP residual norm 4.189155e-03
 10 (restart 0) KSP residual norm 1.377549e-03
 11 (restart 0) KSP residual norm 8.202307e-04
 12 (restart 0) KSP residual norm 4.877075e-04
 13 (restart 0) KSP residual norm 3.060905e-04
 14 (restart 0) KSP residual norm 2.269180e-04
GMRES solver converged in 14 iterations (avg. reduction factor: 5.568e-01)
1 NLEPS (nconv=1, restart=0) residual norm 2.230401e-03
  Residual norms for GMRES solve
  0 (restart 0) KSP residual norm 4.151732e-04
  1 (restart 0) KSP residual norm 3.906728e-04
  2 (restart 0) KSP residual norm 3.900247e-04
  3 (restart 0) KSP residual norm 3.880586e-04
  4 (restart 0) KSP residual norm 3.761074e-04
  5 (restart 0) KSP residual norm 2.930225e-04
  6 (restart 0) KSP residual norm 1.773018e-04
  7 (restart 0) KSP residual norm 1.225149e-04
  8 (restart 0) KSP residual norm 1.001328e-04
  9 (restart 0) KSP residual norm 6.442635e-05
 10 (restart 0) KSP residual norm 2.508883e-05
 11 (restart 0) KSP residual norm 1.322102e-05
 12 (restart 0) KSP residual norm 4.343312e-06
 13 (restart 0) KSP residual norm 1.905192e-06
 14 (restart 0) KSP residual norm 6.691436e-07
 15 (restart 0) KSP residual norm 2.297369e-07
 16 (restart 0) KSP residual norm 1.794707e-07
 17 (restart 0) KSP residual norm 1.523948e-07
 18 (restart 0) KSP residual norm 1.369979e-07
 19 (restart 0) KSP residual norm 1.252784e-07
GMRES solver converged in 19 iterations (avg. reduction factor: 6.527e-01)
2 NLEPS (nconv=1, restart=0) residual norm 8.573681e-06
  Residual norms for GMRES solve
  0 (restart 0) KSP residual norm 1.929429e-06
  1 (restart 0) KSP residual norm 9.121307e-07
  2 (restart 0) KSP residual norm 5.405335e-07
  3 (restart 0) KSP residual norm 3.717845e-07
  4 (restart 0) KSP residual norm 2.674864e-07
  5 (restart 0) KSP residual norm 1.274275e-07
  6 (restart 0) KSP residual norm 5.251841e-08
  7 (restart 0) KSP residual norm 3.860994e-08
  8 (restart 0) KSP residual norm 2.516969e-08
  9 (restart 0) KSP residual norm 1.457381e-08
 10 (restart 0) KSP residual norm 7.894969e-09
 11 (restart 0) KSP residual norm 4.905549e-09
 12 (restart 0) KSP residual norm 2.427098e-09
 13 (restart 0) KSP residual norm 1.427481e-09
 14 (restart 0) KSP residual norm 1.024648e-09
 15 (restart 0) KSP residual norm 6.584511e-10
 16 (restart 0) KSP residual norm 4.205426e-10
 17 (restart 0) KSP residual norm 2.449418e-10
 18 (restart 0) KSP residual norm 1.092545e-10
 19 (restart 0) KSP residual norm 7.099515e-11
 20 (restart 0) KSP residual norm 3.702609e-11
 21 (restart 0) KSP residual norm 2.672044e-11
 22 (restart 0) KSP residual norm 2.666009e-11
 23 (restart 0) KSP residual norm 2.627934e-11
 24 (restart 0) KSP residual norm 2.595888e-11
 25 (restart 0) KSP residual norm 2.538815e-11
 26 (restart 0) KSP residual norm 2.432358e-11
 27 (restart 0) KSP residual norm 2.211485e-11
 28 (restart 0) KSP residual norm 2.140501e-11
 29 (restart 0) KSP residual norm 2.139372e-11
 30 (restart 0) KSP residual norm 2.094501e-11
 31 (restart 0) KSP residual norm 2.067208e-11
 32 (restart 0) KSP residual norm 2.044520e-11
 33 (restart 0) KSP residual norm 2.002353e-11
 34 (restart 0) KSP residual norm 1.970170e-11
 35 (restart 0) KSP residual norm 1.891160e-11
 36 (restart 0) KSP residual norm 1.647414e-11
GMRES solver converged in 36 iterations (avg. reduction factor: 7.231e-01)
3 NLEPS (nconv=1, restart=0) residual norm 4.930336e-07
  Residual norms for GMRES solve
  0 (restart 0) KSP residual norm 1.759791e-09
  1 (restart 0) KSP residual norm 2.432144e-10
  2 (restart 0) KSP residual norm 1.775528e-10
  3 (restart 0) KSP residual norm 1.280600e-10
  4 (restart 0) KSP residual norm 7.832123e-11
  5 (restart 0) KSP residual norm 3.700453e-11
  6 (restart 0) KSP residual norm 1.524107e-11
  7 (restart 0) KSP residual norm 5.431811e-12
  8 (restart 0) KSP residual norm 3.637645e-12
  9 (restart 0) KSP residual norm 2.536314e-12
 10 (restart 0) KSP residual norm 1.748633e-12
 11 (restart 0) KSP residual norm 1.377983e-12
 12 (restart 0) KSP residual norm 1.271049e-12
 13 (restart 0) KSP residual norm 1.240164e-12
 14 (restart 0) KSP residual norm 1.189945e-12
 15 (restart 0) KSP residual norm 1.104587e-12
 16 (restart 0) KSP residual norm 9.754527e-13
GMRES solver converged in 16 iterations (avg. reduction factor: 6.259e-01)
4 NLEPS (nconv=1, restart=0) residual norm 1.809259e-08
Eigenvalue 1, Quasi-Newton converged in 4 iterations (-3.333e-04+1.075e+01i).
  Residual norms for GMRES solve
  0 (restart 0) KSP residual norm 2.763477e+01
  1 (restart 0) KSP residual norm 9.169697e+00
  2 (restart 0) KSP residual norm 7.624147e+00
  3 (restart 0) KSP residual norm 5.721628e+00
  4 (restart 0) KSP residual norm 1.830780e+00
  5 (restart 0) KSP residual norm 1.064788e+00
  6 (restart 0) KSP residual norm 5.957851e-01
  7 (restart 0) KSP residual norm 5.283605e-01
  8 (restart 0) KSP residual norm 4.429949e-01
  9 (restart 0) KSP residual norm 1.997754e-01
 10 (restart 0) KSP residual norm 6.778716e-02
 11 (restart 0) KSP residual norm 3.908212e-02
 12 (restart 0) KSP residual norm 3.637907e-02
 13 (restart 0) KSP residual norm 3.590256e-02
 14 (restart 0) KSP residual norm 3.549152e-02
 15 (restart 0) KSP residual norm 3.543282e-02
 16 (restart 0) KSP residual norm 3.540545e-02
 17 (restart 0) KSP residual norm 3.388592e-02
 18 (restart 0) KSP residual norm 3.344037e-02
 19 (restart 0) KSP residual norm 3.318359e-02
 20 (restart 0) KSP residual norm 3.307831e-02
 21 (restart 0) KSP residual norm 3.306435e-02
 22 (restart 0) KSP residual norm 3.247459e-02
 23 (restart 0) KSP residual norm 3.224447e-02
 24 (restart 0) KSP residual norm 3.161043e-02
 25 (restart 0) KSP residual norm 2.976935e-02
 26 (restart 0) KSP residual norm 2.817198e-02
 27 (restart 0) KSP residual norm 2.323358e-02
 28 (restart 0) KSP residual norm 1.759075e-02
 29 (restart 0) KSP residual norm 1.148151e-02
 30 (restart 0) KSP residual norm 5.238600e-03
GMRES solver converged in 30 iterations (avg. reduction factor: 7.515e-01)
0 NLEPS (nconv=2, restart=0) residual norm 1.067795e-01
  Residual norms for GMRES solve
  0 (restart 0) KSP residual norm 3.101226e+00
  1 (restart 0) KSP residual norm 2.710444e+00
  2 (restart 0) KSP residual norm 2.577164e+00
  3 (restart 0) KSP residual norm 2.269972e+00
  4 (restart 0) KSP residual norm 1.973587e+00
  5 (restart 0) KSP residual norm 1.528377e+00
  6 (restart 0) KSP residual norm 9.977104e-01
  7 (restart 0) KSP residual norm 3.413448e-01
  8 (restart 0) KSP residual norm 1.149339e-01
  9 (restart 0) KSP residual norm 5.907960e-02
 10 (restart 0) KSP residual norm 3.681253e-02
 11 (restart 0) KSP residual norm 1.117405e-02
 12 (restart 0) KSP residual norm 3.657773e-03
 13 (restart 0) KSP residual norm 2.483707e-03
 14 (restart 0) KSP residual norm 2.275734e-03
 15 (restart 0) KSP residual norm 2.145422e-03
 16 (restart 0) KSP residual norm 2.125521e-03
 17 (restart 0) KSP residual norm 2.116262e-03
 18 (restart 0) KSP residual norm 2.000400e-03
 19 (restart 0) KSP residual norm 1.987528e-03
 20 (restart 0) KSP residual norm 1.913168e-03
 21 (restart 0) KSP residual norm 1.908932e-03
 22 (restart 0) KSP residual norm 1.906264e-03
 23 (restart 0) KSP residual norm 1.899508e-03
 24 (restart 0) KSP residual norm 1.884312e-03
 25 (restart 0) KSP residual norm 1.853425e-03
 26 (restart 0) KSP residual norm 1.823512e-03
 27 (restart 0) KSP residual norm 1.804573e-03
 28 (restart 0) KSP residual norm 1.800541e-03
 29 (restart 0) KSP residual norm 1.798858e-03
 30 (restart 0) KSP residual norm 1.797852e-03
 31 (restart 0) KSP residual norm 1.694846e-03
 32 (restart 0) KSP residual norm 1.535108e-03
 33 (restart 0) KSP residual norm 1.220179e-03
 34 (restart 0) KSP residual norm 6.621845e-04
GMRES solver converged in 34 iterations (avg. reduction factor: 7.799e-01)
1 NLEPS (nconv=2, restart=0) residual norm 1.053744e-03
  Residual norms for GMRES solve
  0 (restart 0) KSP residual norm 5.700972e-06
  1 (restart 0) KSP residual norm 5.550769e-06
  2 (restart 0) KSP residual norm 2.909506e-06
  3 (restart 0) KSP residual norm 1.123364e-06
  4 (restart 0) KSP residual norm 4.131978e-07
  5 (restart 0) KSP residual norm 3.187232e-07
  6 (restart 0) KSP residual norm 2.473591e-07
  7 (restart 0) KSP residual norm 1.958257e-07
  8 (restart 0) KSP residual norm 1.675250e-07
  9 (restart 0) KSP residual norm 1.309012e-07
 10 (restart 0) KSP residual norm 5.570257e-08
 11 (restart 0) KSP residual norm 2.805560e-08
 12 (restart 0) KSP residual norm 2.643447e-08
 13 (restart 0) KSP residual norm 2.541146e-08
 14 (restart 0) KSP residual norm 2.059869e-08
 15 (restart 0) KSP residual norm 1.902676e-08
 16 (restart 0) KSP residual norm 1.428498e-08
 17 (restart 0) KSP residual norm 1.421050e-08
 18 (restart 0) KSP residual norm 1.166131e-08
 19 (restart 0) KSP residual norm 9.204724e-09
 20 (restart 0) KSP residual norm 4.241161e-09
 21 (restart 0) KSP residual norm 3.049896e-09
 22 (restart 0) KSP residual norm 2.516758e-09
 23 (restart 0) KSP residual norm 1.847837e-09
 24 (restart 0) KSP residual norm 1.375654e-09
GMRES solver converged in 24 iterations (avg. reduction factor: 7.068e-01)
2 NLEPS (nconv=2, restart=0) residual norm 1.525741e-05
  Residual norms for GMRES solve
  0 (restart 0) KSP residual norm 5.640842e-08
  1 (restart 0) KSP residual norm 5.508324e-08
  2 (restart 0) KSP residual norm 3.006989e-08
  3 (restart 0) KSP residual norm 1.017777e-08
  4 (restart 0) KSP residual norm 1.929852e-09
  5 (restart 0) KSP residual norm 1.215530e-09
  6 (restart 0) KSP residual norm 1.164079e-09
  7 (restart 0) KSP residual norm 9.840396e-10
  8 (restart 0) KSP residual norm 9.428338e-10
  9 (restart 0) KSP residual norm 5.856626e-10
 10 (restart 0) KSP residual norm 2.521287e-10
 11 (restart 0) KSP residual norm 1.683300e-10
 12 (restart 0) KSP residual norm 1.491303e-10
 13 (restart 0) KSP residual norm 1.142220e-10
 14 (restart 0) KSP residual norm 9.564975e-11
 15 (restart 0) KSP residual norm 7.618878e-11
 16 (restart 0) KSP residual norm 6.448852e-11
 17 (restart 0) KSP residual norm 6.343952e-11
 18 (restart 0) KSP residual norm 4.877963e-11
 19 (restart 0) KSP residual norm 4.449256e-11
 20 (restart 0) KSP residual norm 3.028808e-11
 21 (restart 0) KSP residual norm 2.275257e-11
 22 (restart 0) KSP residual norm 1.826713e-11
 23 (restart 0) KSP residual norm 1.283095e-11
 24 (restart 0) KSP residual norm 8.738092e-12
 25 (restart 0) KSP residual norm 7.297985e-12
 26 (restart 0) KSP residual norm 6.755159e-12
 27 (restart 0) KSP residual norm 6.466499e-12
 28 (restart 0) KSP residual norm 6.303015e-12
 29 (restart 0) KSP residual norm 6.167369e-12
 30 (restart 0) KSP residual norm 6.158025e-12
 31 (restart 0) KSP residual norm 6.107189e-12
 32 (restart 0) KSP residual norm 6.055371e-12
 33 (restart 0) KSP residual norm 6.016967e-12
 34 (restart 0) KSP residual norm 6.002873e-12
 35 (restart 0) KSP residual norm 5.967489e-12
 36 (restart 0) KSP residual norm 5.905827e-12
 37 (restart 0) KSP residual norm 5.883594e-12
 38 (restart 0) KSP residual norm 5.873757e-12
 39 (restart 0) KSP residual norm 5.793413e-12
 40 (restart 0) KSP residual norm 5.778160e-12
 41 (restart 0) KSP residual norm 5.736039e-12
 42 (restart 0) KSP residual norm 5.518619e-12
 43 (restart 0) KSP residual norm 5.128243e-12
 44 (restart 0) KSP residual norm 4.259772e-12
 45 (restart 0) KSP residual norm 3.242417e-12
 46 (restart 0) KSP residual norm 2.105069e-12
 47 (restart 0) KSP residual norm 1.244036e-12
 48 (restart 0) KSP residual norm 7.346613e-13
GMRES solver converged in 48 iterations (avg. reduction factor: 7.911e-01)
3 NLEPS (nconv=2, restart=0) residual norm 3.128991e-08
Eigenvalue 2, Quasi-Newton converged in 3 iterations (-2.651e-04+1.078e+01i).
  Residual norms for GMRES solve
  0 (restart 0) KSP residual norm 2.764035e+01
  1 (restart 0) KSP residual norm 1.169171e+01
  2 (restart 0) KSP residual norm 6.119496e+00
  3 (restart 0) KSP residual norm 4.453970e+00
  4 (restart 0) KSP residual norm 2.026162e+00
  5 (restart 0) KSP residual norm 1.182959e+00
  6 (restart 0) KSP residual norm 6.262387e-01
  7 (restart 0) KSP residual norm 5.301866e-01
  8 (restart 0) KSP residual norm 4.604372e-01
  9 (restart 0) KSP residual norm 2.465565e-01
 10 (restart 0) KSP residual norm 9.027174e-02
 11 (restart 0) KSP residual norm 6.548925e-02
 12 (restart 0) KSP residual norm 6.359128e-02
 13 (restart 0) KSP residual norm 5.367344e-02
 14 (restart 0) KSP residual norm 3.515997e-02
 15 (restart 0) KSP residual norm 1.964187e-02
 16 (restart 0) KSP residual norm 1.002169e-02
 17 (restart 0) KSP residual norm 4.634655e-03
GMRES solver converged in 17 iterations (avg. reduction factor: 5.997e-01)
0 NLEPS (nconv=3, restart=0) residual norm 1.557803e-01
  Residual norms for GMRES solve
  0 (restart 0) KSP residual norm 1.963918e+01
  1 (restart 0) KSP residual norm 1.824664e+01
  2 (restart 0) KSP residual norm 1.079159e+01
  3 (restart 0) KSP residual norm 4.257013e+00
  4 (restart 0) KSP residual norm 2.057711e+00
  5 (restart 0) KSP residual norm 2.035105e+00
  6 (restart 0) KSP residual norm 1.954752e+00
  7 (restart 0) KSP residual norm 1.752273e+00
  8 (restart 0) KSP residual norm 1.091971e+00
  9 (restart 0) KSP residual norm 7.702189e-01
 10 (restart 0) KSP residual norm 6.763427e-01
 11 (restart 0) KSP residual norm 5.993749e-01
 12 (restart 0) KSP residual norm 3.385208e-01
 13 (restart 0) KSP residual norm 1.277788e-01
 14 (restart 0) KSP residual norm 4.227489e-02
 15 (restart 0) KSP residual norm 3.382220e-02
 16 (restart 0) KSP residual norm 3.127879e-02
 17 (restart 0) KSP residual norm 3.056338e-02
 18 (restart 0) KSP residual norm 2.995071e-02
 19 (restart 0) KSP residual norm 2.935088e-02
 20 (restart 0) KSP residual norm 2.905633e-02
 21 (restart 0) KSP residual norm 2.847963e-02
 22 (restart 0) KSP residual norm 2.753201e-02
 23 (restart 0) KSP residual norm 2.641052e-02
 24 (restart 0) KSP residual norm 2.625112e-02
 25 (restart 0) KSP residual norm 2.594276e-02
 26 (restart 0) KSP residual norm 2.591188e-02
 27 (restart 0) KSP residual norm 2.581981e-02
 28 (restart 0) KSP residual norm 2.430598e-02
 29 (restart 0) KSP residual norm 2.013190e-02
 30 (restart 0) KSP residual norm 1.253567e-02
 31 (restart 0) KSP residual norm 7.233372e-03
 32 (restart 0) KSP residual norm 4.332215e-03
GMRES solver converged in 32 iterations (avg. reduction factor: 7.687e-01)
1 NLEPS (nconv=3, restart=0) residual norm 9.708325e-03
  Residual norms for GMRES solve
  0 (restart 0) KSP residual norm 4.889425e-06
  1 (restart 0) KSP residual norm 3.676173e-06
  2 (restart 0) KSP residual norm 2.250136e-06
  3 (restart 0) KSP residual norm 1.282097e-06
  4 (restart 0) KSP residual norm 3.442496e-07
  5 (restart 0) KSP residual norm 2.606286e-07
  6 (restart 0) KSP residual norm 2.424934e-07
  7 (restart 0) KSP residual norm 2.266527e-07
  8 (restart 0) KSP residual norm 2.123427e-07
  9 (restart 0) KSP residual norm 1.662848e-07
 10 (restart 0) KSP residual norm 1.434443e-07
 11 (restart 0) KSP residual norm 1.422614e-07
 12 (restart 0) KSP residual norm 1.159737e-07
 13 (restart 0) KSP residual norm 6.452653e-08
 14 (restart 0) KSP residual norm 5.468868e-08
 15 (restart 0) KSP residual norm 5.153429e-08
 16 (restart 0) KSP residual norm 4.137924e-08
 17 (restart 0) KSP residual norm 3.552781e-08
 18 (restart 0) KSP residual norm 3.096264e-08
 19 (restart 0) KSP residual norm 2.939210e-08
 20 (restart 0) KSP residual norm 2.933320e-08
 21 (restart 0) KSP residual norm 2.867563e-08
 22 (restart 0) KSP residual norm 2.811450e-08
 23 (restart 0) KSP residual norm 2.736921e-08
 24 (restart 0) KSP residual norm 2.736302e-08
 25 (restart 0) KSP residual norm 2.691521e-08
 26 (restart 0) KSP residual norm 2.677513e-08
 27 (restart 0) KSP residual norm 2.652997e-08
 28 (restart 0) KSP residual norm 2.635525e-08
 29 (restart 0) KSP residual norm 2.590652e-08
 30 (restart 0) KSP residual norm 2.589175e-08
 31 (restart 0) KSP residual norm 2.557119e-08
 32 (restart 0) KSP residual norm 2.538362e-08
 33 (restart 0) KSP residual norm 2.533259e-08
 34 (restart 0) KSP residual norm 2.517194e-08
 35 (restart 0) KSP residual norm 2.455468e-08
 36 (restart 0) KSP residual norm 2.377692e-08
 37 (restart 0) KSP residual norm 2.131723e-08
 38 (restart 0) KSP residual norm 1.750987e-08
 39 (restart 0) KSP residual norm 1.201655e-08
 40 (restart 0) KSP residual norm 7.762434e-09
 41 (restart 0) KSP residual norm 4.620588e-09
 42 (restart 0) KSP residual norm 2.942240e-09
 43 (restart 0) KSP residual norm 1.626578e-09
 44 (restart 0) KSP residual norm 8.679588e-10
GMRES solver converged in 44 iterations (avg. reduction factor: 8.218e-01)
2 NLEPS (nconv=3, restart=0) residual norm 2.359895e-05
  Residual norms for GMRES solve
  0 (restart 0) KSP residual norm 9.109135e-07
  1 (restart 0) KSP residual norm 3.587067e-07
  2 (restart 0) KSP residual norm 2.975995e-07
  3 (restart 0) KSP residual norm 2.818652e-07
  4 (restart 0) KSP residual norm 1.202674e-07
  5 (restart 0) KSP residual norm 4.390957e-08
  6 (restart 0) KSP residual norm 3.821167e-08
  7 (restart 0) KSP residual norm 2.149188e-08
  8 (restart 0) KSP residual norm 2.034122e-08
  9 (restart 0) KSP residual norm 1.947930e-08
 10 (restart 0) KSP residual norm 1.905744e-08
 11 (restart 0) KSP residual norm 1.802630e-08
 12 (restart 0) KSP residual norm 1.744056e-08
 13 (restart 0) KSP residual norm 1.680718e-08
 14 (restart 0) KSP residual norm 1.581345e-08
 15 (restart 0) KSP residual norm 1.539107e-08
 16 (restart 0) KSP residual norm 1.533622e-08
 17 (restart 0) KSP residual norm 1.509212e-08
 18 (restart 0) KSP residual norm 1.498344e-08
 19 (restart 0) KSP residual norm 1.477380e-08
 20 (restart 0) KSP residual norm 1.469983e-08
 21 (restart 0) KSP residual norm 1.468490e-08
 22 (restart 0) KSP residual norm 1.465578e-08
 23 (restart 0) KSP residual norm 1.460527e-08
 24 (restart 0) KSP residual norm 1.460483e-08
 25 (restart 0) KSP residual norm 1.447810e-08
 26 (restart 0) KSP residual norm 1.436664e-08
 27 (restart 0) KSP residual norm 1.422599e-08
 28 (restart 0) KSP residual norm 1.397550e-08
 29 (restart 0) KSP residual norm 1.381891e-08
 30 (restart 0) KSP residual norm 1.311655e-08
 31 (restart 0) KSP residual norm 1.095904e-08
 32 (restart 0) KSP residual norm 8.939311e-09
 33 (restart 0) KSP residual norm 6.383012e-09
 34 (restart 0) KSP residual norm 4.175281e-09
 35 (restart 0) KSP residual norm 2.721400e-09
 36 (restart 0) KSP residual norm 1.728076e-09
 37 (restart 0) KSP residual norm 1.096863e-09
 38 (restart 0) KSP residual norm 6.983911e-10
 39 (restart 0) KSP residual norm 4.094607e-10
 40 (restart 0) KSP residual norm 2.472485e-10
 41 (restart 0) KSP residual norm 1.442477e-10
 42 (restart 0) KSP residual norm 8.305831e-11
 43 (restart 0) KSP residual norm 4.891572e-11
 44 (restart 0) KSP residual norm 2.808357e-11
 45 (restart 0) KSP residual norm 1.649593e-11
GMRES solver converged in 45 iterations (avg. reduction factor: 7.845e-01)
3 NLEPS (nconv=3, restart=0) residual norm 5.584405e-07
  Residual norms for GMRES solve
  0 (restart 0) KSP residual norm 1.007300e-10
  1 (restart 0) KSP residual norm 3.099930e-11
  2 (restart 0) KSP residual norm 2.789123e-11
  3 (restart 0) KSP residual norm 2.785102e-11
  4 (restart 0) KSP residual norm 1.862790e-11
  5 (restart 0) KSP residual norm 1.618774e-11
  6 (restart 0) KSP residual norm 1.352049e-11
  7 (restart 0) KSP residual norm 1.114815e-11
  8 (restart 0) KSP residual norm 1.016548e-11
  9 (restart 0) KSP residual norm 7.418101e-12
 10 (restart 0) KSP residual norm 4.253533e-12
 11 (restart 0) KSP residual norm 3.051528e-12
 12 (restart 0) KSP residual norm 2.398689e-12
 13 (restart 0) KSP residual norm 2.349080e-12
 14 (restart 0) KSP residual norm 2.262918e-12
 15 (restart 0) KSP residual norm 2.216904e-12
 16 (restart 0) KSP residual norm 2.140995e-12
 17 (restart 0) KSP residual norm 2.128346e-12
 18 (restart 0) KSP residual norm 1.829332e-12
 19 (restart 0) KSP residual norm 1.569902e-12
 20 (restart 0) KSP residual norm 1.420335e-12
 21 (restart 0) KSP residual norm 1.272712e-12
 22 (restart 0) KSP residual norm 1.240285e-12
 23 (restart 0) KSP residual norm 1.227165e-12
 24 (restart 0) KSP residual norm 1.222626e-12
 25 (restart 0) KSP residual norm 1.202536e-12
 26 (restart 0) KSP residual norm 1.195805e-12
 27 (restart 0) KSP residual norm 1.193736e-12
 28 (restart 0) KSP residual norm 1.192448e-12
 29 (restart 0) KSP residual norm 1.185976e-12
 30 (restart 0) KSP residual norm 1.170426e-12
 31 (restart 0) KSP residual norm 1.161849e-12
 32 (restart 0) KSP residual norm 1.152998e-12
 33 (restart 0) KSP residual norm 1.147545e-12
 34 (restart 0) KSP residual norm 1.142087e-12
 35 (restart 0) KSP residual norm 1.140757e-12
 36 (restart 0) KSP residual norm 1.133504e-12
 37 (restart 0) KSP residual norm 1.129303e-12
 38 (restart 0) KSP residual norm 1.125615e-12
 39 (restart 0) KSP residual norm 1.111992e-12
 40 (restart 0) KSP residual norm 1.056106e-12
 41 (restart 0) KSP residual norm 9.514707e-13
GMRES solver converged in 41 iterations (avg. reduction factor: 8.925e-01)
4 NLEPS (nconv=3, restart=0) residual norm 3.346424e-08
Eigenvalue 3, Quasi-Newton converged in 4 iterations (-1.135e-03+1.078e+01i).
  Residual norms for GMRES solve
  0 (restart 0) KSP residual norm 2.564131e+01
  1 (restart 0) KSP residual norm 4.133856e+00
  2 (restart 0) KSP residual norm 1.584071e+00
  3 (restart 0) KSP residual norm 9.254286e-01
  4 (restart 0) KSP residual norm 8.192509e-01
  5 (restart 0) KSP residual norm 6.562909e-01
  6 (restart 0) KSP residual norm 3.558553e-01
  7 (restart 0) KSP residual norm 3.218806e-01
  8 (restart 0) KSP residual norm 2.865967e-01
  9 (restart 0) KSP residual norm 2.741360e-01
 10 (restart 0) KSP residual norm 1.747117e-01
 11 (restart 0) KSP residual norm 1.100962e-01
 12 (restart 0) KSP residual norm 6.852154e-02
 13 (restart 0) KSP residual norm 4.029025e-02
 14 (restart 0) KSP residual norm 2.128844e-02
 15 (restart 0) KSP residual norm 1.978753e-02
 16 (restart 0) KSP residual norm 1.754677e-02
 17 (restart 0) KSP residual norm 1.188789e-02
 18 (restart 0) KSP residual norm 1.008028e-02
 19 (restart 0) KSP residual norm 9.326796e-03
 20 (restart 0) KSP residual norm 8.635740e-03
 21 (restart 0) KSP residual norm 8.433826e-03
 22 (restart 0) KSP residual norm 7.891928e-03
GMRES solver converged in 22 iterations (avg. reduction factor: 6.924e-01)
0 NLEPS (nconv=4, restart=0) residual norm 1.669280e-01
  Residual norms for GMRES solve
  0 (restart 0) KSP residual norm 1.710484e+00
  1 (restart 0) KSP residual norm 1.616770e+00
  2 (restart 0) KSP residual norm 8.416827e-01
  3 (restart 0) KSP residual norm 7.339018e-01
  4 (restart 0) KSP residual norm 6.372986e-01
  5 (restart 0) KSP residual norm 4.737659e-01
  6 (restart 0) KSP residual norm 4.363079e-01
  7 (restart 0) KSP residual norm 4.039559e-01
  8 (restart 0) KSP residual norm 3.373325e-01
  9 (restart 0) KSP residual norm 3.220539e-01
 10 (restart 0) KSP residual norm 2.063893e-01
 11 (restart 0) KSP residual norm 1.248065e-01
 12 (restart 0) KSP residual norm 1.087257e-01
 13 (restart 0) KSP residual norm 1.027904e-01
 14 (restart 0) KSP residual norm 9.282647e-02
 15 (restart 0) KSP residual norm 6.024654e-02
 16 (restart 0) KSP residual norm 3.981768e-02
 17 (restart 0) KSP residual norm 2.817382e-02
 18 (restart 0) KSP residual norm 2.379930e-02
 19 (restart 0) KSP residual norm 2.249496e-02
 20 (restart 0) KSP residual norm 2.247273e-02
 21 (restart 0) KSP residual norm 2.193459e-02
 22 (restart 0) KSP residual norm 2.148081e-02
 23 (restart 0) KSP residual norm 2.101833e-02
 24 (restart 0) KSP residual norm 2.086443e-02
 25 (restart 0) KSP residual norm 2.028973e-02
 26 (restart 0) KSP residual norm 2.021616e-02
 27 (restart 0) KSP residual norm 1.993817e-02
 28 (restart 0) KSP residual norm 1.814077e-02
 29 (restart 0) KSP residual norm 1.300341e-02
 30 (restart 0) KSP residual norm 8.162691e-03
 31 (restart 0) KSP residual norm 5.408277e-03
 32 (restart 0) KSP residual norm 3.167457e-03
 33 (restart 0) KSP residual norm 1.667979e-03
 34 (restart 0) KSP residual norm 7.109141e-04
 35 (restart 0) KSP residual norm 3.424190e-04
GMRES solver converged in 35 iterations (avg. reduction factor: 7.840e-01)
1 NLEPS (nconv=4, restart=0) residual norm 1.421220e-02
  Residual norms for GMRES solve
  0 (restart 0) KSP residual norm 3.429201e-07
  1 (restart 0) KSP residual norm 3.305449e-07
  2 (restart 0) KSP residual norm 1.710229e-07
  3 (restart 0) KSP residual norm 1.685967e-07
  4 (restart 0) KSP residual norm 1.269170e-07
  5 (restart 0) KSP residual norm 1.115160e-07
  6 (restart 0) KSP residual norm 1.083200e-07
  7 (restart 0) KSP residual norm 8.747547e-08
  8 (restart 0) KSP residual norm 8.316659e-08
  9 (restart 0) KSP residual norm 7.311767e-08
 10 (restart 0) KSP residual norm 5.105690e-08
 11 (restart 0) KSP residual norm 3.165171e-08
 12 (restart 0) KSP residual norm 2.556778e-08
 13 (restart 0) KSP residual norm 2.373664e-08
 14 (restart 0) KSP residual norm 2.027530e-08
 15 (restart 0) KSP residual norm 1.996231e-08
 16 (restart 0) KSP residual norm 1.796212e-08
 17 (restart 0) KSP residual norm 1.731778e-08
 18 (restart 0) KSP residual norm 1.619403e-08
 19 (restart 0) KSP residual norm 1.424075e-08
 20 (restart 0) KSP residual norm 1.078168e-08
 21 (restart 0) KSP residual norm 1.025717e-08
 22 (restart 0) KSP residual norm 1.021732e-08
 23 (restart 0) KSP residual norm 1.008519e-08
 24 (restart 0) KSP residual norm 9.576570e-09
 25 (restart 0) KSP residual norm 9.273186e-09
 26 (restart 0) KSP residual norm 9.151264e-09
 27 (restart 0) KSP residual norm 9.150284e-09
 28 (restart 0) KSP residual norm 9.037150e-09
 29 (restart 0) KSP residual norm 8.825332e-09
 30 (restart 0) KSP residual norm 8.357902e-09
 31 (restart 0) KSP residual norm 8.296277e-09
 32 (restart 0) KSP residual norm 8.275561e-09
 33 (restart 0) KSP residual norm 7.933409e-09
 34 (restart 0) KSP residual norm 7.435012e-09
 35 (restart 0) KSP residual norm 7.018950e-09
 36 (restart 0) KSP residual norm 6.287652e-09
 37 (restart 0) KSP residual norm 5.506356e-09
 38 (restart 0) KSP residual norm 4.237067e-09
 39 (restart 0) KSP residual norm 2.993364e-09
 40 (restart 0) KSP residual norm 1.918431e-09
 41 (restart 0) KSP residual norm 1.066890e-09
 42 (restart 0) KSP residual norm 6.806894e-10
 43 (restart 0) KSP residual norm 4.165041e-10
 44 (restart 0) KSP residual norm 2.381483e-10
 45 (restart 0) KSP residual norm 1.390967e-10
 46 (restart 0) KSP residual norm 7.977849e-11
GMRES solver converged in 46 iterations (avg. reduction factor: 8.337e-01)
2 NLEPS (nconv=4, restart=0) residual norm 5.132278e-05
  Residual norms for GMRES solve
  0 (restart 0) KSP residual norm 2.457458e-07
  1 (restart 0) KSP residual norm 1.975393e-07
  2 (restart 0) KSP residual norm 1.689522e-07
  3 (restart 0) KSP residual norm 1.585245e-07
  4 (restart 0) KSP residual norm 1.159512e-07
  5 (restart 0) KSP residual norm 1.134724e-07
  6 (restart 0) KSP residual norm 8.385097e-08
  7 (restart 0) KSP residual norm 8.264012e-08
  8 (restart 0) KSP residual norm 7.740325e-08
  9 (restart 0) KSP residual norm 6.226247e-08
 10 (restart 0) KSP residual norm 3.627563e-08
 11 (restart 0) KSP residual norm 2.169065e-08
 12 (restart 0) KSP residual norm 2.021469e-08
 13 (restart 0) KSP residual norm 2.011389e-08
 14 (restart 0) KSP residual norm 1.701203e-08
 15 (restart 0) KSP residual norm 1.018977e-08
 16 (restart 0) KSP residual norm 9.499045e-09
 17 (restart 0) KSP residual norm 8.335941e-09
 18 (restart 0) KSP residual norm 8.267833e-09
 19 (restart 0) KSP residual norm 8.113914e-09
 20 (restart 0) KSP residual norm 8.106482e-09
 21 (restart 0) KSP residual norm 8.085145e-09
 22 (restart 0) KSP residual norm 8.023208e-09
 23 (restart 0) KSP residual norm 7.987832e-09
 24 (restart 0) KSP residual norm 7.923197e-09
 25 (restart 0) KSP residual norm 7.905125e-09
 26 (restart 0) KSP residual norm 7.810823e-09
 27 (restart 0) KSP residual norm 7.754489e-09
 28 (restart 0) KSP residual norm 7.685373e-09
 29 (restart 0) KSP residual norm 7.027353e-09
 30 (restart 0) KSP residual norm 6.617758e-09
 31 (restart 0) KSP residual norm 5.485166e-09
 32 (restart 0) KSP residual norm 4.341459e-09
 33 (restart 0) KSP residual norm 3.067710e-09
 34 (restart 0) KSP residual norm 1.997048e-09
 35 (restart 0) KSP residual norm 1.247228e-09
 36 (restart 0) KSP residual norm 7.613134e-10
 37 (restart 0) KSP residual norm 4.653471e-10
 38 (restart 0) KSP residual norm 3.000240e-10
 39 (restart 0) KSP residual norm 2.063366e-10
 40 (restart 0) KSP residual norm 1.285407e-10
 41 (restart 0) KSP residual norm 7.469339e-11
 42 (restart 0) KSP residual norm 4.381052e-11
 43 (restart 0) KSP residual norm 2.696281e-11
 44 (restart 0) KSP residual norm 1.666886e-11
 45 (restart 0) KSP residual norm 1.082783e-11
GMRES solver converged in 45 iterations (avg. reduction factor: 8.002e-01)
3 NLEPS (nconv=4, restart=0) residual norm 6.399267e-07
  Residual norms for GMRES solve
  0 (restart 0) KSP residual norm 8.210808e-11
  1 (restart 0) KSP residual norm 6.632445e-11
  2 (restart 0) KSP residual norm 4.633989e-11
  3 (restart 0) KSP residual norm 4.482136e-11
  4 (restart 0) KSP residual norm 4.211141e-11
  5 (restart 0) KSP residual norm 4.164745e-11
  6 (restart 0) KSP residual norm 4.069201e-11
  7 (restart 0) KSP residual norm 4.030864e-11
  8 (restart 0) KSP residual norm 3.966497e-11
  9 (restart 0) KSP residual norm 3.958512e-11
 10 (restart 0) KSP residual norm 3.602531e-11
 11 (restart 0) KSP residual norm 3.034468e-11
 12 (restart 0) KSP residual norm 2.210978e-11
 13 (restart 0) KSP residual norm 1.745830e-11
 14 (restart 0) KSP residual norm 1.462725e-11
 15 (restart 0) KSP residual norm 1.430941e-11
 16 (restart 0) KSP residual norm 1.430824e-11
 17 (restart 0) KSP residual norm 1.424810e-11
 18 (restart 0) KSP residual norm 1.392554e-11
 19 (restart 0) KSP residual norm 1.311043e-11
 20 (restart 0) KSP residual norm 1.219386e-11
 21 (restart 0) KSP residual norm 1.158513e-11
 22 (restart 0) KSP residual norm 1.119195e-11
 23 (restart 0) KSP residual norm 1.075607e-11
 24 (restart 0) KSP residual norm 1.024163e-11
 25 (restart 0) KSP residual norm 9.779360e-12
 26 (restart 0) KSP residual norm 8.865356e-12
 27 (restart 0) KSP residual norm 8.496268e-12
 28 (restart 0) KSP residual norm 8.469981e-12
 29 (restart 0) KSP residual norm 8.391543e-12
 30 (restart 0) KSP residual norm 8.161046e-12
 31 (restart 0) KSP residual norm 7.526780e-12
 32 (restart 0) KSP residual norm 7.359097e-12
 33 (restart 0) KSP residual norm 7.213764e-12
 34 (restart 0) KSP residual norm 6.877357e-12
 35 (restart 0) KSP residual norm 6.614878e-12
 36 (restart 0) KSP residual norm 6.306526e-12
 37 (restart 0) KSP residual norm 6.103672e-12
 38 (restart 0) KSP residual norm 5.827538e-12
 39 (restart 0) KSP residual norm 5.439349e-12
 40 (restart 0) KSP residual norm 4.048891e-12
 41 (restart 0) KSP residual norm 2.760106e-12
 42 (restart 0) KSP residual norm 1.591509e-12
 43 (restart 0) KSP residual norm 9.314861e-13
GMRES solver converged in 43 iterations (avg. reduction factor: 9.011e-01)
4 NLEPS (nconv=4, restart=0) residual norm 6.033377e-08
Eigenvalue 4, Quasi-Newton converged in 4 iterations (-2.634e-04+1.118e+01i).
  Residual norms for GMRES solve
  0 (restart 0) KSP residual norm 2.563690e+01
  1 (restart 0) KSP residual norm 4.172934e+00
  2 (restart 0) KSP residual norm 1.586764e+00
  3 (restart 0) KSP residual norm 9.204833e-01
  4 (restart 0) KSP residual norm 8.054882e-01
  5 (restart 0) KSP residual norm 6.544400e-01
  6 (restart 0) KSP residual norm 3.482009e-01
  7 (restart 0) KSP residual norm 3.194720e-01
  8 (restart 0) KSP residual norm 2.823443e-01
  9 (restart 0) KSP residual norm 2.737877e-01
 10 (restart 0) KSP residual norm 1.944510e-01
 11 (restart 0) KSP residual norm 1.326608e-01
 12 (restart 0) KSP residual norm 9.418007e-02
 13 (restart 0) KSP residual norm 6.144830e-02
 14 (restart 0) KSP residual norm 2.872665e-02
 15 (restart 0) KSP residual norm 1.608733e-02
 16 (restart 0) KSP residual norm 1.515001e-02
 17 (restart 0) KSP residual norm 1.435602e-02
 18 (restart 0) KSP residual norm 1.343184e-02
 19 (restart 0) KSP residual norm 1.300156e-02
 20 (restart 0) KSP residual norm 1.235885e-02
 21 (restart 0) KSP residual norm 1.225832e-02
 22 (restart 0) KSP residual norm 1.221344e-02
 23 (restart 0) KSP residual norm 1.216854e-02
 24 (restart 0) KSP residual norm 1.216757e-02
 25 (restart 0) KSP residual norm 1.212150e-02
 26 (restart 0) KSP residual norm 1.181796e-02
 27 (restart 0) KSP residual norm 1.179632e-02
 28 (restart 0) KSP residual norm 1.124719e-02
 29 (restart 0) KSP residual norm 9.660928e-03
 30 (restart 0) KSP residual norm 6.661984e-03
GMRES solver converged in 30 iterations (avg. reduction factor: 7.594e-01)
0 NLEPS (nconv=5, restart=0) residual norm 1.670453e-01
  Residual norms for GMRES solve
  0 (restart 0) KSP residual norm 2.394337e+00
  1 (restart 0) KSP residual norm 2.356262e+00
  2 (restart 0) KSP residual norm 2.218366e+00
  3 (restart 0) KSP residual norm 2.087408e+00
  4 (restart 0) KSP residual norm 1.890865e+00
  5 (restart 0) KSP residual norm 1.859688e+00
  6 (restart 0) KSP residual norm 1.549497e+00
  7 (restart 0) KSP residual norm 1.520772e+00
  8 (restart 0) KSP residual norm 1.131471e+00
  9 (restart 0) KSP residual norm 4.976798e-01
 10 (restart 0) KSP residual norm 3.219553e-01
 11 (restart 0) KSP residual norm 2.495404e-01
 12 (restart 0) KSP residual norm 2.476660e-01
 13 (restart 0) KSP residual norm 1.896093e-01
 14 (restart 0) KSP residual norm 1.230498e-01
 15 (restart 0) KSP residual norm 1.078633e-01
 16 (restart 0) KSP residual norm 1.043029e-01
 17 (restart 0) KSP residual norm 8.802832e-02
 18 (restart 0) KSP residual norm 6.836476e-02
 19 (restart 0) KSP residual norm 4.501793e-02
 20 (restart 0) KSP residual norm 2.169868e-02
 21 (restart 0) KSP residual norm 1.763353e-02
 22 (restart 0) KSP residual norm 1.360467e-02
 23 (restart 0) KSP residual norm 1.112904e-02
 24 (restart 0) KSP residual norm 9.817402e-03
 25 (restart 0) KSP residual norm 9.530402e-03
 26 (restart 0) KSP residual norm 9.286799e-03
 27 (restart 0) KSP residual norm 9.222019e-03
 28 (restart 0) KSP residual norm 9.199760e-03
 29 (restart 0) KSP residual norm 9.024827e-03
 30 (restart 0) KSP residual norm 8.822944e-03
 31 (restart 0) KSP residual norm 7.994735e-03
 32 (restart 0) KSP residual norm 5.574250e-03
 33 (restart 0) KSP residual norm 2.769529e-03
 34 (restart 0) KSP residual norm 1.490381e-03
 35 (restart 0) KSP residual norm 8.485226e-04
 36 (restart 0) KSP residual norm 4.494444e-04
GMRES solver converged in 36 iterations (avg. reduction factor: 7.879e-01)
1 NLEPS (nconv=5, restart=0) residual norm 5.692368e-03
  Residual norms for GMRES solve
  0 (restart 0) KSP residual norm 2.460052e-07
  1 (restart 0) KSP residual norm 2.434525e-07
  2 (restart 0) KSP residual norm 2.421730e-07
  3 (restart 0) KSP residual norm 2.217676e-07
  4 (restart 0) KSP residual norm 1.955356e-07
  5 (restart 0) KSP residual norm 1.923671e-07
  6 (restart 0) KSP residual norm 1.709122e-07
  7 (restart 0) KSP residual norm 1.673004e-07
  8 (restart 0) KSP residual norm 1.560204e-07
  9 (restart 0) KSP residual norm 1.218949e-07
 10 (restart 0) KSP residual norm 1.202302e-07
 11 (restart 0) KSP residual norm 1.153818e-07
 12 (restart 0) KSP residual norm 8.540877e-08
 13 (restart 0) KSP residual norm 4.608809e-08
 14 (restart 0) KSP residual norm 3.331516e-08
 15 (restart 0) KSP residual norm 2.147733e-08
 16 (restart 0) KSP residual norm 1.241639e-08
 17 (restart 0) KSP residual norm 8.149831e-09
 18 (restart 0) KSP residual norm 6.187761e-09
 19 (restart 0) KSP residual norm 5.685781e-09
 20 (restart 0) KSP residual norm 5.604701e-09
 21 (restart 0) KSP residual norm 5.132068e-09
 22 (restart 0) KSP residual norm 4.964598e-09
 23 (restart 0) KSP residual norm 4.513449e-09
 24 (restart 0) KSP residual norm 4.034490e-09
 25 (restart 0) KSP residual norm 3.789887e-09
 26 (restart 0) KSP residual norm 3.719597e-09
 27 (restart 0) KSP residual norm 3.449980e-09
 28 (restart 0) KSP residual norm 3.293499e-09
 29 (restart 0) KSP residual norm 2.999430e-09
 30 (restart 0) KSP residual norm 2.972293e-09
 31 (restart 0) KSP residual norm 2.895884e-09
 32 (restart 0) KSP residual norm 2.758342e-09
 33 (restart 0) KSP residual norm 2.675122e-09
 34 (restart 0) KSP residual norm 2.508591e-09
 35 (restart 0) KSP residual norm 2.497261e-09
 36 (restart 0) KSP residual norm 2.444940e-09
 37 (restart 0) KSP residual norm 2.193817e-09
 38 (restart 0) KSP residual norm 2.031189e-09
 39 (restart 0) KSP residual norm 1.802152e-09
 40 (restart 0) KSP residual norm 1.670176e-09
 41 (restart 0) KSP residual norm 1.461921e-09
 42 (restart 0) KSP residual norm 1.121849e-09
 43 (restart 0) KSP residual norm 7.143318e-10
 44 (restart 0) KSP residual norm 3.778295e-10
 45 (restart 0) KSP residual norm 2.131941e-10
 46 (restart 0) KSP residual norm 1.195486e-10
 47 (restart 0) KSP residual norm 7.200396e-11
GMRES solver converged in 47 iterations (avg. reduction factor: 8.410e-01)
2 NLEPS (nconv=5, restart=0) residual norm 9.066168e-06
  Residual norms for GMRES solve
  0 (restart 0) KSP residual norm 5.218964e-08
  1 (restart 0) KSP residual norm 2.995445e-08
  2 (restart 0) KSP residual norm 2.935294e-08
  3 (restart 0) KSP residual norm 2.502269e-08
  4 (restart 0) KSP residual norm 2.159966e-08
  5 (restart 0) KSP residual norm 2.091125e-08
  6 (restart 0) KSP residual norm 1.583258e-08
  7 (restart 0) KSP residual norm 9.918093e-09
  8 (restart 0) KSP residual norm 9.340342e-09
  9 (restart 0) KSP residual norm 6.070489e-09
 10 (restart 0) KSP residual norm 3.683331e-09
 11 (restart 0) KSP residual norm 2.439313e-09
 12 (restart 0) KSP residual norm 2.190605e-09
 13 (restart 0) KSP residual norm 1.682490e-09
 14 (restart 0) KSP residual norm 1.446698e-09
 15 (restart 0) KSP residual norm 1.175756e-09
 16 (restart 0) KSP residual norm 1.152904e-09
 17 (restart 0) KSP residual norm 1.150134e-09
 18 (restart 0) KSP residual norm 1.146983e-09
 19 (restart 0) KSP residual norm 1.144850e-09
 20 (restart 0) KSP residual norm 1.143910e-09
 21 (restart 0) KSP residual norm 1.130995e-09
 22 (restart 0) KSP residual norm 1.114744e-09
 23 (restart 0) KSP residual norm 1.109380e-09
 24 (restart 0) KSP residual norm 1.105275e-09
 25 (restart 0) KSP residual norm 1.104924e-09
 26 (restart 0) KSP residual norm 1.100060e-09
 27 (restart 0) KSP residual norm 1.096905e-09
 28 (restart 0) KSP residual norm 1.086643e-09
 29 (restart 0) KSP residual norm 1.081723e-09
 30 (restart 0) KSP residual norm 1.059779e-09
 31 (restart 0) KSP residual norm 1.025508e-09
 32 (restart 0) KSP residual norm 9.374810e-10
 33 (restart 0) KSP residual norm 8.241910e-10
 34 (restart 0) KSP residual norm 6.508362e-10
 35 (restart 0) KSP residual norm 4.359117e-10
 36 (restart 0) KSP residual norm 2.721565e-10
 37 (restart 0) KSP residual norm 1.623466e-10
 38 (restart 0) KSP residual norm 1.129317e-10
 39 (restart 0) KSP residual norm 6.788962e-11
 40 (restart 0) KSP residual norm 4.337352e-11
 41 (restart 0) KSP residual norm 2.523883e-11
 42 (restart 0) KSP residual norm 1.499992e-11
 43 (restart 0) KSP residual norm 8.653487e-12
 44 (restart 0) KSP residual norm 5.457214e-12
 45 (restart 0) KSP residual norm 3.501223e-12
 46 (restart 0) KSP residual norm 2.156775e-12
 47 (restart 0) KSP residual norm 1.219549e-12
 48 (restart 0) KSP residual norm 7.395071e-13
GMRES solver converged in 48 iterations (avg. reduction factor: 7.925e-01)
3 NLEPS (nconv=5, restart=0) residual norm 4.174045e-08
Eigenvalue 5, Quasi-Newton converged in 3 iterations (-2.634e-04+1.118e+01i).
  Residual norms for GMRES solve
  0 (restart 0) KSP residual norm 2.500750e+01
  1 (restart 0) KSP residual norm 2.269177e+01
  2 (restart 0) KSP residual norm 6.775779e+00
  3 (restart 0) KSP residual norm 1.042010e+00
  4 (restart 0) KSP residual norm 4.740919e-01
  5 (restart 0) KSP residual norm 1.445543e-01
  6 (restart 0) KSP residual norm 6.876335e-02
  7 (restart 0) KSP residual norm 6.410865e-02
  8 (restart 0) KSP residual norm 6.367476e-02
  9 (restart 0) KSP residual norm 6.313940e-02
 10 (restart 0) KSP residual norm 6.286977e-02
 11 (restart 0) KSP residual norm 6.272912e-02
 12 (restart 0) KSP residual norm 6.265159e-02
 13 (restart 0) KSP residual norm 6.213687e-02
 14 (restart 0) KSP residual norm 6.197028e-02
 15 (restart 0) KSP residual norm 5.974186e-02
 16 (restart 0) KSP residual norm 5.715888e-02
 17 (restart 0) KSP residual norm 5.320046e-02
 18 (restart 0) KSP residual norm 4.116637e-02
 19 (restart 0) KSP residual norm 3.076752e-02
 20 (restart 0) KSP residual norm 2.913502e-02
 21 (restart 0) KSP residual norm 2.861340e-02
 22 (restart 0) KSP residual norm 2.858165e-02
 23 (restart 0) KSP residual norm 2.852566e-02
 24 (restart 0) KSP residual norm 2.751466e-02
 25 (restart 0) KSP residual norm 2.748493e-02
 26 (restart 0) KSP residual norm 2.688267e-02
 27 (restart 0) KSP residual norm 2.580762e-02
 28 (restart 0) KSP residual norm 2.553699e-02
 29 (restart 0) KSP residual norm 2.499694e-02
 30 (restart 0) KSP residual norm 2.472079e-02
 31 (restart 0) KSP residual norm 2.325626e-02
 32 (restart 0) KSP residual norm 1.578741e-02
 33 (restart 0) KSP residual norm 1.104445e-02
 34 (restart 0) KSP residual norm 6.878673e-03
GMRES solver converged in 34 iterations (avg. reduction factor: 7.857e-01)
0 NLEPS (nconv=6, restart=0) residual norm 2.255197e-01
  Residual norms for GMRES solve
  0 (restart 0) KSP residual norm 1.954603e+00
  1 (restart 0) KSP residual norm 1.448078e+00
  2 (restart 0) KSP residual norm 1.128900e+00
  3 (restart 0) KSP residual norm 5.812986e-01
  4 (restart 0) KSP residual norm 3.258258e-01
  5 (restart 0) KSP residual norm 1.745425e-01
  6 (restart 0) KSP residual norm 5.158719e-02
  7 (restart 0) KSP residual norm 2.346748e-02
  8 (restart 0) KSP residual norm 1.768348e-02
  9 (restart 0) KSP residual norm 1.585746e-02
 10 (restart 0) KSP residual norm 1.445497e-02
 11 (restart 0) KSP residual norm 1.413458e-02
 12 (restart 0) KSP residual norm 1.404515e-02
 13 (restart 0) KSP residual norm 1.404379e-02
 14 (restart 0) KSP residual norm 1.401764e-02
 15 (restart 0) KSP residual norm 1.395007e-02
 16 (restart 0) KSP residual norm 1.350966e-02
 17 (restart 0) KSP residual norm 1.281013e-02
 18 (restart 0) KSP residual norm 1.273811e-02
 19 (restart 0) KSP residual norm 1.269947e-02
 20 (restart 0) KSP residual norm 1.259866e-02
 21 (restart 0) KSP residual norm 1.202255e-02
 22 (restart 0) KSP residual norm 1.052277e-02
 23 (restart 0) KSP residual norm 9.530878e-03
 24 (restart 0) KSP residual norm 8.627055e-03
 25 (restart 0) KSP residual norm 8.008065e-03
 26 (restart 0) KSP residual norm 7.879900e-03
 27 (restart 0) KSP residual norm 7.640054e-03
 28 (restart 0) KSP residual norm 7.201953e-03
 29 (restart 0) KSP residual norm 6.876260e-03
 30 (restart 0) KSP residual norm 6.452670e-03
 31 (restart 0) KSP residual norm 6.395645e-03
 32 (restart 0) KSP residual norm 6.076296e-03
 33 (restart 0) KSP residual norm 5.383509e-03
 34 (restart 0) KSP residual norm 3.241967e-03
 35 (restart 0) KSP residual norm 2.053872e-03
 36 (restart 0) KSP residual norm 1.165404e-03
 37 (restart 0) KSP residual norm 6.525292e-04
 38 (restart 0) KSP residual norm 3.560288e-04
GMRES solver converged in 38 iterations (avg. reduction factor: 7.972e-01)
1 NLEPS (nconv=6, restart=0) residual norm 2.252848e-03
  Residual norms for GMRES solve
  0 (restart 0) KSP residual norm 4.891387e-07
  1 (restart 0) KSP residual norm 4.124459e-07
  2 (restart 0) KSP residual norm 3.620938e-07
  3 (restart 0) KSP residual norm 2.345414e-07
  4 (restart 0) KSP residual norm 1.755009e-07
  5 (restart 0) KSP residual norm 1.444902e-07
  6 (restart 0) KSP residual norm 1.363242e-07
  7 (restart 0) KSP residual norm 1.316435e-07
  8 (restart 0) KSP residual norm 1.275662e-07
  9 (restart 0) KSP residual norm 1.225219e-07
 10 (restart 0) KSP residual norm 1.170996e-07
 11 (restart 0) KSP residual norm 1.113722e-07
 12 (restart 0) KSP residual norm 9.155367e-08
 13 (restart 0) KSP residual norm 8.221435e-08
 14 (restart 0) KSP residual norm 7.996624e-08
 15 (restart 0) KSP residual norm 7.920947e-08
 16 (restart 0) KSP residual norm 7.887682e-08
 17 (restart 0) KSP residual norm 7.636679e-08
 18 (restart 0) KSP residual norm 6.964799e-08
 19 (restart 0) KSP residual norm 4.316850e-08
 20 (restart 0) KSP residual norm 3.152112e-08
 21 (restart 0) KSP residual norm 2.195938e-08
 22 (restart 0) KSP residual norm 1.854654e-08
 23 (restart 0) KSP residual norm 1.652508e-08
 24 (restart 0) KSP residual norm 1.476921e-08
 25 (restart 0) KSP residual norm 1.344352e-08
 26 (restart 0) KSP residual norm 1.268138e-08
 27 (restart 0) KSP residual norm 1.188465e-08
 28 (restart 0) KSP residual norm 1.125640e-08
 29 (restart 0) KSP residual norm 1.081846e-08
 30 (restart 0) KSP residual norm 1.042443e-08
 31 (restart 0) KSP residual norm 1.009021e-08
 32 (restart 0) KSP residual norm 1.002931e-08
 33 (restart 0) KSP residual norm 9.747929e-09
 34 (restart 0) KSP residual norm 9.452185e-09
 35 (restart 0) KSP residual norm 9.287921e-09
 36 (restart 0) KSP residual norm 9.210020e-09
 37 (restart 0) KSP residual norm 8.872413e-09
 38 (restart 0) KSP residual norm 8.832319e-09
 39 (restart 0) KSP residual norm 8.695553e-09
 40 (restart 0) KSP residual norm 8.576140e-09
 41 (restart 0) KSP residual norm 8.552463e-09
 42 (restart 0) KSP residual norm 8.497662e-09
 43 (restart 0) KSP residual norm 8.311250e-09
 44 (restart 0) KSP residual norm 7.945961e-09
 45 (restart 0) KSP residual norm 7.534989e-09
 46 (restart 0) KSP residual norm 6.259323e-09
 47 (restart 0) KSP residual norm 4.528185e-09
 48 (restart 0) KSP residual norm 2.985897e-09
 49 (restart 0) KSP residual norm 1.924136e-09
 50 (restart 0) KSP residual norm 1.087785e-09
 51 (restart 0) KSP residual norm 6.497106e-10
 52 (restart 0) KSP residual norm 3.712276e-10
 53 (restart 0) KSP residual norm 2.256905e-10
 54 (restart 0) KSP residual norm 1.354290e-10
GMRES solver converged in 54 iterations (avg. reduction factor: 8.592e-01)
2 NLEPS (nconv=6, restart=0) residual norm 7.412540e-06
  Residual norms for GMRES solve
  0 (restart 0) KSP residual norm 1.796642e-09
  1 (restart 0) KSP residual norm 1.776327e-09
  2 (restart 0) KSP residual norm 1.559143e-09
  3 (restart 0) KSP residual norm 9.778425e-10
  4 (restart 0) KSP residual norm 7.020182e-10
  5 (restart 0) KSP residual norm 5.926453e-10
  6 (restart 0) KSP residual norm 5.852256e-10
  7 (restart 0) KSP residual norm 5.815148e-10
  8 (restart 0) KSP residual norm 5.808526e-10
  9 (restart 0) KSP residual norm 5.741040e-10
 10 (restart 0) KSP residual norm 5.616645e-10
 11 (restart 0) KSP residual norm 5.586796e-10
 12 (restart 0) KSP residual norm 5.186551e-10
 13 (restart 0) KSP residual norm 4.058984e-10
 14 (restart 0) KSP residual norm 3.778483e-10
 15 (restart 0) KSP residual norm 3.708582e-10
 16 (restart 0) KSP residual norm 3.527711e-10
 17 (restart 0) KSP residual norm 3.287204e-10
 18 (restart 0) KSP residual norm 3.209548e-10
 19 (restart 0) KSP residual norm 3.022312e-10
 20 (restart 0) KSP residual norm 3.016932e-10
 21 (restart 0) KSP residual norm 2.936601e-10
 22 (restart 0) KSP residual norm 2.853735e-10
 23 (restart 0) KSP residual norm 2.768253e-10
 24 (restart 0) KSP residual norm 2.692207e-10
 25 (restart 0) KSP residual norm 2.605967e-10
 26 (restart 0) KSP residual norm 2.492613e-10
 27 (restart 0) KSP residual norm 2.445711e-10
 28 (restart 0) KSP residual norm 2.267923e-10
 29 (restart 0) KSP residual norm 2.236886e-10
 30 (restart 0) KSP residual norm 2.188954e-10
 31 (restart 0) KSP residual norm 2.171009e-10
 32 (restart 0) KSP residual norm 2.110048e-10
 33 (restart 0) KSP residual norm 2.083766e-10
 34 (restart 0) KSP residual norm 2.029250e-10
 35 (restart 0) KSP residual norm 2.025310e-10
 36 (restart 0) KSP residual norm 2.020095e-10
 37 (restart 0) KSP residual norm 1.998381e-10
 38 (restart 0) KSP residual norm 1.866117e-10
 39 (restart 0) KSP residual norm 1.775782e-10
 40 (restart 0) KSP residual norm 1.552154e-10
 41 (restart 0) KSP residual norm 1.225436e-10
 42 (restart 0) KSP residual norm 9.296222e-11
 43 (restart 0) KSP residual norm 6.748481e-11
 44 (restart 0) KSP residual norm 4.582563e-11
 45 (restart 0) KSP residual norm 2.814863e-11
 46 (restart 0) KSP residual norm 1.850220e-11
 47 (restart 0) KSP residual norm 1.156129e-11
 48 (restart 0) KSP residual norm 7.237860e-12
 49 (restart 0) KSP residual norm 4.582670e-12
 50 (restart 0) KSP residual norm 2.735297e-12
 51 (restart 0) KSP residual norm 1.589603e-12
 52 (restart 0) KSP residual norm 9.454008e-13
GMRES solver converged in 52 iterations (avg. reduction factor: 8.649e-01)
3 NLEPS (nconv=6, restart=0) residual norm 5.368278e-08
Eigenvalue 6, Quasi-Newton converged in 3 iterations (-3.048e-04+1.134e+01i).
  Residual norms for GMRES solve
  0 (restart 0) KSP residual norm 2.397031e+01
  1 (restart 0) KSP residual norm 1.629711e+01
  2 (restart 0) KSP residual norm 6.228029e+00
  3 (restart 0) KSP residual norm 1.393744e+00
  4 (restart 0) KSP residual norm 1.146822e+00
  5 (restart 0) KSP residual norm 1.125523e+00
  6 (restart 0) KSP residual norm 9.254717e-01
  7 (restart 0) KSP residual norm 2.688653e-01
  8 (restart 0) KSP residual norm 1.209734e-01
  9 (restart 0) KSP residual norm 5.835091e-02
 10 (restart 0) KSP residual norm 4.363055e-02
 11 (restart 0) KSP residual norm 4.268867e-02
 12 (restart 0) KSP residual norm 4.250987e-02
 13 (restart 0) KSP residual norm 4.115825e-02
 14 (restart 0) KSP residual norm 4.106390e-02
 15 (restart 0) KSP residual norm 4.085116e-02
 16 (restart 0) KSP residual norm 3.875948e-02
 17 (restart 0) KSP residual norm 3.659407e-02
 18 (restart 0) KSP residual norm 3.499684e-02
 19 (restart 0) KSP residual norm 3.462227e-02
 20 (restart 0) KSP residual norm 2.111303e-02
 21 (restart 0) KSP residual norm 1.518338e-02
 22 (restart 0) KSP residual norm 7.150040e-03
GMRES solver converged in 22 iterations (avg. reduction factor: 6.914e-01)
0 NLEPS (nconv=7, restart=0) residual norm 1.891467e-01
  Residual norms for GMRES solve
  0 (restart 0) KSP residual norm 1.578164e+00
  1 (restart 0) KSP residual norm 1.492283e+00
  2 (restart 0) KSP residual norm 1.334961e+00
  3 (restart 0) KSP residual norm 1.143112e+00
  4 (restart 0) KSP residual norm 1.137804e+00
  5 (restart 0) KSP residual norm 9.631928e-01
  6 (restart 0) KSP residual norm 7.053453e-01
  7 (restart 0) KSP residual norm 4.119638e-01
  8 (restart 0) KSP residual norm 2.508785e-01
  9 (restart 0) KSP residual norm 1.664985e-01
 10 (restart 0) KSP residual norm 9.597908e-02
 11 (restart 0) KSP residual norm 6.807956e-02
 12 (restart 0) KSP residual norm 6.462174e-02
 13 (restart 0) KSP residual norm 6.312187e-02
 14 (restart 0) KSP residual norm 5.874683e-02
 15 (restart 0) KSP residual norm 5.515231e-02
 16 (restart 0) KSP residual norm 5.301778e-02
 17 (restart 0) KSP residual norm 5.211247e-02
 18 (restart 0) KSP residual norm 5.061705e-02
 19 (restart 0) KSP residual norm 4.884126e-02
 20 (restart 0) KSP residual norm 4.456492e-02
 21 (restart 0) KSP residual norm 3.069699e-02
 22 (restart 0) KSP residual norm 1.850356e-02
 23 (restart 0) KSP residual norm 8.029511e-03
 24 (restart 0) KSP residual norm 3.233615e-03
 25 (restart 0) KSP residual norm 2.048870e-03
 26 (restart 0) KSP residual norm 1.180777e-03
 27 (restart 0) KSP residual norm 7.252218e-04
 28 (restart 0) KSP residual norm 4.712486e-04
GMRES solver converged in 28 iterations (avg. reduction factor: 7.484e-01)
1 NLEPS (nconv=7, restart=0) residual norm 4.168092e-02
  Residual norms for GMRES solve
  0 (restart 0) KSP residual norm 1.257182e-05
  1 (restart 0) KSP residual norm 1.033606e-05
  2 (restart 0) KSP residual norm 1.019071e-05
  3 (restart 0) KSP residual norm 9.757752e-06
  4 (restart 0) KSP residual norm 9.713395e-06
  5 (restart 0) KSP residual norm 5.202931e-06
  6 (restart 0) KSP residual norm 3.125452e-06
  7 (restart 0) KSP residual norm 1.318601e-06
  8 (restart 0) KSP residual norm 7.490358e-07
  9 (restart 0) KSP residual norm 5.677179e-07
 10 (restart 0) KSP residual norm 5.567455e-07
 11 (restart 0) KSP residual norm 5.388663e-07
 12 (restart 0) KSP residual norm 5.313213e-07
 13 (restart 0) KSP residual norm 5.274190e-07
 14 (restart 0) KSP residual norm 5.236610e-07
 15 (restart 0) KSP residual norm 4.864191e-07
 16 (restart 0) KSP residual norm 4.235950e-07
 17 (restart 0) KSP residual norm 3.837587e-07
 18 (restart 0) KSP residual norm 3.809207e-07
 19 (restart 0) KSP residual norm 3.797396e-07
 20 (restart 0) KSP residual norm 3.575607e-07
 21 (restart 0) KSP residual norm 3.267568e-07
 22 (restart 0) KSP residual norm 2.829915e-07
 23 (restart 0) KSP residual norm 1.818745e-07
 24 (restart 0) KSP residual norm 1.012503e-07
 25 (restart 0) KSP residual norm 5.790142e-08
 26 (restart 0) KSP residual norm 3.898935e-08
 27 (restart 0) KSP residual norm 2.651076e-08
 28 (restart 0) KSP residual norm 1.490885e-08
 29 (restart 0) KSP residual norm 8.107586e-09
 30 (restart 0) KSP residual norm 5.468559e-09
 31 (restart 0) KSP residual norm 3.791281e-09
GMRES solver converged in 31 iterations (avg. reduction factor: 7.699e-01)
2 NLEPS (nconv=7, restart=0) residual norm 3.617598e-04
  Residual norms for GMRES solve
  0 (restart 0) KSP residual norm 1.505073e-05
  1 (restart 0) KSP residual norm 1.247722e-05
  2 (restart 0) KSP residual norm 1.226324e-05
  3 (restart 0) KSP residual norm 1.175259e-05
  4 (restart 0) KSP residual norm 1.170492e-05
  5 (restart 0) KSP residual norm 6.213042e-06
  6 (restart 0) KSP residual norm 3.780640e-06
  7 (restart 0) KSP residual norm 1.664977e-06
  8 (restart 0) KSP residual norm 9.415764e-07
  9 (restart 0) KSP residual norm 7.115728e-07
 10 (restart 0) KSP residual norm 6.854068e-07
 11 (restart 0) KSP residual norm 6.541471e-07
 12 (restart 0) KSP residual norm 6.427004e-07
 13 (restart 0) KSP residual norm 6.344830e-07
 14 (restart 0) KSP residual norm 6.244214e-07
 15 (restart 0) KSP residual norm 5.814241e-07
 16 (restart 0) KSP residual norm 5.208909e-07
 17 (restart 0) KSP residual norm 4.600128e-07
 18 (restart 0) KSP residual norm 4.385784e-07
 19 (restart 0) KSP residual norm 4.233837e-07
 20 (restart 0) KSP residual norm 3.594439e-07
 21 (restart 0) KSP residual norm 2.708672e-07
 22 (restart 0) KSP residual norm 2.185961e-07
 23 (restart 0) KSP residual norm 1.661954e-07
 24 (restart 0) KSP residual norm 1.111220e-07
 25 (restart 0) KSP residual norm 6.093986e-08
 26 (restart 0) KSP residual norm 3.472453e-08
 27 (restart 0) KSP residual norm 2.481608e-08
 28 (restart 0) KSP residual norm 1.589820e-08
 29 (restart 0) KSP residual norm 9.112457e-09
 30 (restart 0) KSP residual norm 5.697553e-09
 31 (restart 0) KSP residual norm 3.540859e-09
GMRES solver converged in 31 iterations (avg. reduction factor: 7.638e-01)
3 NLEPS (nconv=7, restart=0) residual norm 5.019924e-05
  Residual norms for GMRES solve
  0 (restart 0) KSP residual norm 3.947190e-09
  1 (restart 0) KSP residual norm 3.472881e-09
  2 (restart 0) KSP residual norm 3.419658e-09
  3 (restart 0) KSP residual norm 3.344304e-09
  4 (restart 0) KSP residual norm 2.918540e-09
  5 (restart 0) KSP residual norm 2.354492e-09
  6 (restart 0) KSP residual norm 1.736606e-09
  7 (restart 0) KSP residual norm 1.509465e-09
  8 (restart 0) KSP residual norm 1.368365e-09
  9 (restart 0) KSP residual norm 1.342148e-09
 10 (restart 0) KSP residual norm 1.130579e-09
 11 (restart 0) KSP residual norm 1.004976e-09
 12 (restart 0) KSP residual norm 9.256820e-10
 13 (restart 0) KSP residual norm 7.028539e-10
 14 (restart 0) KSP residual norm 5.679612e-10
 15 (restart 0) KSP residual norm 4.901947e-10
 16 (restart 0) KSP residual norm 4.285599e-10
 17 (restart 0) KSP residual norm 3.743869e-10
 18 (restart 0) KSP residual norm 3.140509e-10
 19 (restart 0) KSP residual norm 2.507047e-10
 20 (restart 0) KSP residual norm 2.024813e-10
 21 (restart 0) KSP residual norm 1.823992e-10
 22 (restart 0) KSP residual norm 1.628881e-10
 23 (restart 0) KSP residual norm 1.102138e-10
 24 (restart 0) KSP residual norm 9.514949e-11
 25 (restart 0) KSP residual norm 9.119997e-11
 26 (restart 0) KSP residual norm 8.913079e-11
 27 (restart 0) KSP residual norm 8.521831e-11
 28 (restart 0) KSP residual norm 8.124985e-11
 29 (restart 0) KSP residual norm 8.010967e-11
 30 (restart 0) KSP residual norm 7.973033e-11
 31 (restart 0) KSP residual norm 7.618993e-11
 32 (restart 0) KSP residual norm 6.800373e-11
 33 (restart 0) KSP residual norm 5.652432e-11
 34 (restart 0) KSP residual norm 4.693135e-11
 35 (restart 0) KSP residual norm 3.017974e-11
 36 (restart 0) KSP residual norm 2.060175e-11
 37 (restart 0) KSP residual norm 1.246098e-11
 38 (restart 0) KSP residual norm 7.548249e-12
 39 (restart 0) KSP residual norm 4.184667e-12
 40 (restart 0) KSP residual norm 2.464439e-12
 41 (restart 0) KSP residual norm 1.260296e-12
 42 (restart 0) KSP residual norm 7.744515e-13
GMRES solver converged in 42 iterations (avg. reduction factor: 8.161e-01)
4 NLEPS (nconv=7, restart=0) residual norm 5.511666e-08
Eigenvalue 7, Quasi-Newton converged in 4 iterations (-3.982e-04+1.158e+01i).

Computing solution error estimates and performing postprocessing

     m,        Re{f} (GHz),        Im{f} (GHz),                  Q,      Error (Bkwd.),       Error (Abs.)
     1,      +2.439183e+00,      +6.282718e-05,      +1.941185e+04,      +1.197739e-14,      +7.560376e-08
     2,      +2.597924e+00,      +8.056535e-05,      +1.612308e+04,      +2.866286e-15,      +1.809259e-08
     3,      +2.605519e+00,      +6.406359e-05,      +2.033541e+04,      +4.956998e-15,      +3.128961e-08
     4,      +2.606244e+00,      +2.742930e-04,      +4.750839e+03,      +5.292602e-15,      +3.340801e-08
     5,      +2.701269e+00,      +6.365639e-05,      +2.121758e+04,      +9.557810e-15,      +6.033092e-08
     6,      +2.701504e+00,      +6.365836e-05,      +2.121877e+04,      +6.610915e-15,      +4.172950e-08
     7,      +2.739564e+00,      +7.367076e-05,      +1.859329e+04,      +8.502572e-15,      +5.367005e-08
     8,      +2.798777e+00,      +9.623843e-05,      +1.454085e+04,      +8.707802e-15,      +5.496551e-08

Completed 0 iterations of adaptive mesh refinement (AMR):
 Indicator norm = 4.582e-02, global unknowns = 516964
 Max. iterations = 0, tol. = 1.000e-02

Estimated peak per-rank memory usage is: Min. 265.6M, Max. 329.1M, Avg. 309.5M, Total 9.7G
Estimated peak per-node memory usage is: Min. 9.7G, Max. 9.7G, Avg. 9.7G, Total 9.7G

Elapsed Time Report (s)           Min.        Max.        Avg.
==============================================================
Initialization                   0.216       0.567       0.556
  Mesh Preprocessing             0.379       0.730       0.390
Operator Construction            1.385       1.449       1.444
Linear Solve                    43.931      44.707      44.327
  Setup                         13.957      13.959      13.958
  Preconditioner               489.387     491.299     490.755
  Coarse Solve                  32.126      33.476      32.447
Eigenvalue Solve                 4.774       4.846       4.808
Div.-Free Projection            11.824      11.856      11.839
Estimation                       0.056       0.085       0.083
  Construction                   0.333       0.334       0.333
  Solve                         12.374      12.392      12.380
Postprocessing                   1.102       1.118       1.104
Disk IO                          0.866       0.866       0.866
--------------------------------------------------------------
Total                          616.425     616.442     616.434

Peak Memory                   Per-Node       Total   Total HWM
==============================================================
Initialization                   47.4M       47.4M       47.4M
  Mesh Preprocessing            130.8M      130.8M      178.2M
Operator Construction             1.6G        1.6G        1.8G
Linear Solve                      0.0K        0.0K        1.8G
  Setup                         934.3M      934.3M        2.7G
  Preconditioner                  2.5M        2.5M        2.7G
  Coarse Solve                    4.8G        4.8G        7.5G
Eigenvalue Solve                386.0M      386.0M        7.9G
Div.-Free Projection            266.2M      266.2M        8.1G
Estimation                      133.2M      133.2M        8.2G
  Construction                  413.9M      413.9M        8.7G
  Solve                          69.5M       69.5M        8.7G
Postprocessing                    5.6M        5.6M        8.7G
Disk IO                          80.0M       80.0M        8.8G
--------------------------------------------------------------
Total                             9.2G        9.2G        9.2G

