>> /opt/amip/envs/emsim/bin/mpirun -n 32 /opt/amip/palace/bin/palace-x86_64.bin h3-azimwidth-01.c1dffc3d_azim_h2_L10.2_strip5x0.25_lumped.json

_____________     _______
_____   __   \____ __   /____ ____________
____   /_/  /  __ ` /  /  __ ` /  ___/  _ \
___   _____/  /_/  /  /  /_/  /  /__/  ___/
  /__/     \___,__/__/\___,__/\_____\_____/

Git changeset ID: v0.17.0-293-g3c83b9db0
Running with 32 MPI processes, 1 OpenMP thread
Device configuration: omp,cpu
Memory configuration: host-std
libCEED backend: /cpu/self/xsmm/blocked

Added 17239 boundary elements for material interfaces to the mesh

Characteristic length and time scales:
 Lc = 1.974e-01 m, tc = 6.585e-01 ns
Finished partitioning mesh into 32 subdomains

Mesh curvature order: 2
Mesh bounding box:
 (Xmin, Ymin, Zmin) = (-8.800e-02, -8.800e-02, -9.871e-02) m
 (Xmax, Ymax, Zmax) = (+8.800e-02, +8.800e-02, +9.871e-02) m

Parallel Mesh Stats:

                minimum     average     maximum       total
 vertices           345         458         635       14669
 edges             2653        3031        3555       96995
 faces             4707        5055        5469      161763
 elements          2409        2482        2556       79436
 neighbors            3           7          17

            minimum     maximum
 h      6.56019e-05    0.176191
 kappa      1.03211     1147.62

Estimated current per-rank memory usage is: Min. 32.9M, Max. 92.1M, Avg. 35.3M, Total 1.1G
Estimated current per-node memory usage is: Min. 1.1G, Max. 1.1G, Avg. 1.1G, Total 1.1G

Configuring Robin finite conductivity BC at attributes:
 90: σ = 3.500e+07 S/m, n = (-0.0,+0.4,-0.9)
 92: σ = 5.800e+07 S/m, n = (+0.9,+0.3,-0.0)

Configuring Robin impedance BC for lumped ports at attributes:
 91: Rs = 3.755e+01 Ω/sq, n = (+0.0,+0.0,+1.0)

Configuring lumped port circuit properties:
 Index = 1: R = 5.000e+01 Ω

Assembling system matrices, number of global unknowns:
 H1 (p = 2): 111664, ND (p = 2): 517516, RT (p = 2): 723597
 Operator assembly level: Partial
 Mesh geometries:
  Tetrahedron: P = 20, Q = 14 (quadrature order = 4)

Configuring SLEPc eigenvalue solver:
 Scaling γ = 1.429e+02, δ = 5.688e-08
 Configuring divergence-free projection
 Using random starting vector
 Shift-and-invert σ = 2.380e+00 GHz (9.847e+00)

Assembling multigrid hierarchy:
 Level 0 (p = 1): 96995 unknowns
 Level 1 (p = 2): 517516 unknowns
 Level 0 (auxiliary) (p = 1): 14669 unknowns
 Level 1 (auxiliary) (p = 2): 111664 unknowns

#PETSc Option Table entries:
-eps_monitor # (source: code)
#End of PETSc Option Table entries

  Residual norms for GMRES solve
  0 (restart 0) KSP residual norm 9.680006e-01
  1 (restart 0) KSP residual norm 8.358665e-01
  2 (restart 0) KSP residual norm 3.681008e-01
  3 (restart 0) KSP residual norm 1.495671e-01
  4 (restart 0) KSP residual norm 4.703841e-02
  5 (restart 0) KSP residual norm 1.800261e-02
  6 (restart 0) KSP residual norm 8.073037e-03
  7 (restart 0) KSP residual norm 4.809451e-03
  8 (restart 0) KSP residual norm 2.939612e-03
  9 (restart 0) KSP residual norm 1.345565e-03
 10 (restart 0) KSP residual norm 5.463621e-04
 11 (restart 0) KSP residual norm 3.813005e-04
 12 (restart 0) KSP residual norm 2.878595e-04
 13 (restart 0) KSP residual norm 1.883058e-04
 14 (restart 0) KSP residual norm 1.143561e-04
 15 (restart 0) KSP residual norm 7.064442e-05
 16 (restart 0) KSP residual norm 4.815243e-05
 17 (restart 0) KSP residual norm 3.576648e-05
 18 (restart 0) KSP residual norm 2.316945e-05
 19 (restart 0) KSP residual norm 1.755024e-05
 20 (restart 0) KSP residual norm 1.208168e-05
 21 (restart 0) KSP residual norm 8.560722e-06
 22 (restart 0) KSP residual norm 6.304681e-06
 23 (restart 0) KSP residual norm 4.089007e-06
 24 (restart 0) KSP residual norm 2.816503e-06
 25 (restart 0) KSP residual norm 1.994472e-06
 26 (restart 0) KSP residual norm 1.350341e-06
 27 (restart 0) KSP residual norm 9.768229e-07
 28 (restart 0) KSP residual norm 7.008539e-07
 29 (restart 0) KSP residual norm 4.947725e-07
 30 (restart 0) KSP residual norm 3.407600e-07
 31 (restart 0) KSP residual norm 2.383066e-07
 32 (restart 0) KSP residual norm 1.714120e-07
 33 (restart 0) KSP residual norm 1.223839e-07
 34 (restart 0) KSP residual norm 8.500939e-08
 35 (restart 0) KSP residual norm 5.859805e-08
 36 (restart 0) KSP residual norm 4.122380e-08
 37 (restart 0) KSP residual norm 2.894512e-08
 38 (restart 0) KSP residual norm 2.006323e-08
 39 (restart 0) KSP residual norm 1.376498e-08
 40 (restart 0) KSP residual norm 9.442919e-09
GMRES solver converged in 40 iterations (avg. reduction factor: 6.306e-01)
  Residual norms for GMRES solve
  0 (restart 0) KSP residual norm 7.680817e+01
  1 (restart 0) KSP residual norm 2.803366e+01
  2 (restart 0) KSP residual norm 9.344155e+00
  3 (restart 0) KSP residual norm 1.643724e+00
  4 (restart 0) KSP residual norm 1.201462e+00
  5 (restart 0) KSP residual norm 3.040542e-01
  6 (restart 0) KSP residual norm 2.063821e-01
  7 (restart 0) KSP residual norm 6.902427e-02
  8 (restart 0) KSP residual norm 2.472151e-02
  9 (restart 0) KSP residual norm 9.642069e-03
 10 (restart 0) KSP residual norm 2.548116e-03
 11 (restart 0) KSP residual norm 1.737241e-03
 12 (restart 0) KSP residual norm 9.821253e-04
 13 (restart 0) KSP residual norm 3.334111e-04
 14 (restart 0) KSP residual norm 1.865216e-04
 15 (restart 0) KSP residual norm 1.281582e-04
 16 (restart 0) KSP residual norm 8.629281e-05
 17 (restart 0) KSP residual norm 5.785884e-05
 18 (restart 0) KSP residual norm 3.598775e-05
 19 (restart 0) KSP residual norm 2.421239e-05
 20 (restart 0) KSP residual norm 1.726618e-05
 21 (restart 0) KSP residual norm 1.205733e-05
 22 (restart 0) KSP residual norm 8.562676e-06
 23 (restart 0) KSP residual norm 6.035997e-06
 24 (restart 0) KSP residual norm 4.307436e-06
 25 (restart 0) KSP residual norm 3.011606e-06
 26 (restart 0) KSP residual norm 2.135968e-06
 27 (restart 0) KSP residual norm 1.515471e-06
 28 (restart 0) KSP residual norm 1.040564e-06
 29 (restart 0) KSP residual norm 7.034161e-07
GMRES solver converged in 29 iterations (avg. reduction factor: 5.282e-01)
  Residual norms for GMRES solve
  0 (restart 0) KSP residual norm 9.078221e+01
  1 (restart 0) KSP residual norm 2.797143e+01
  2 (restart 0) KSP residual norm 1.244399e+01
  3 (restart 0) KSP residual norm 1.378446e+00
  4 (restart 0) KSP residual norm 1.223742e+00
  5 (restart 0) KSP residual norm 3.527822e-01
  6 (restart 0) KSP residual norm 2.275842e-01
  7 (restart 0) KSP residual norm 7.994307e-02
  8 (restart 0) KSP residual norm 2.295144e-02
  9 (restart 0) KSP residual norm 9.961744e-03
 10 (restart 0) KSP residual norm 2.919435e-03
 11 (restart 0) KSP residual norm 1.956564e-03
 12 (restart 0) KSP residual norm 1.142587e-03
 13 (restart 0) KSP residual norm 3.179414e-04
 14 (restart 0) KSP residual norm 1.797942e-04
 15 (restart 0) KSP residual norm 1.234155e-04
 16 (restart 0) KSP residual norm 8.473902e-05
 17 (restart 0) KSP residual norm 5.623116e-05
 18 (restart 0) KSP residual norm 3.522455e-05
 19 (restart 0) KSP residual norm 2.317341e-05
 20 (restart 0) KSP residual norm 1.716135e-05
 21 (restart 0) KSP residual norm 1.174381e-05
 22 (restart 0) KSP residual norm 8.302169e-06
 23 (restart 0) KSP residual norm 5.943901e-06
 24 (restart 0) KSP residual norm 4.115716e-06
 25 (restart 0) KSP residual norm 2.855831e-06
 26 (restart 0) KSP residual norm 2.060798e-06
 27 (restart 0) KSP residual norm 1.475735e-06
 28 (restart 0) KSP residual norm 9.960697e-07
 29 (restart 0) KSP residual norm 6.799621e-07
GMRES solver converged in 29 iterations (avg. reduction factor: 5.246e-01)
  Residual norms for GMRES solve
  0 (restart 0) KSP residual norm 4.242077e+02
  1 (restart 0) KSP residual norm 4.425217e+00
  2 (restart 0) KSP residual norm 2.946382e+00
  3 (restart 0) KSP residual norm 2.671843e+00
  4 (restart 0) KSP residual norm 9.570705e-01
  5 (restart 0) KSP residual norm 2.026845e-01
  6 (restart 0) KSP residual norm 6.759913e-02
  7 (restart 0) KSP residual norm 2.741357e-02
  8 (restart 0) KSP residual norm 1.727162e-02
  9 (restart 0) KSP residual norm 9.923770e-03
 10 (restart 0) KSP residual norm 3.723849e-03
 11 (restart 0) KSP residual norm 1.717516e-03
 12 (restart 0) KSP residual norm 6.153525e-04
 13 (restart 0) KSP residual norm 2.489614e-04
 14 (restart 0) KSP residual norm 1.314971e-04
 15 (restart 0) KSP residual norm 7.132601e-05
 16 (restart 0) KSP residual norm 4.580134e-05
 17 (restart 0) KSP residual norm 3.518132e-05
 18 (restart 0) KSP residual norm 1.876247e-05
 19 (restart 0) KSP residual norm 1.251593e-05
 20 (restart 0) KSP residual norm 9.494122e-06
 21 (restart 0) KSP residual norm 6.406980e-06
 22 (restart 0) KSP residual norm 4.777150e-06
 23 (restart 0) KSP residual norm 3.306446e-06
GMRES solver converged in 23 iterations (avg. reduction factor: 4.441e-01)
  Residual norms for GMRES solve
  0 (restart 0) KSP residual norm 1.347886e+02
  1 (restart 0) KSP residual norm 1.522342e+01
  2 (restart 0) KSP residual norm 1.060076e+01
  3 (restart 0) KSP residual norm 4.150843e+00
  4 (restart 0) KSP residual norm 1.630527e+00
  5 (restart 0) KSP residual norm 4.113678e-01
  6 (restart 0) KSP residual norm 2.107063e-01
  7 (restart 0) KSP residual norm 6.758580e-02
  8 (restart 0) KSP residual norm 2.268098e-02
  9 (restart 0) KSP residual norm 9.556047e-03
 10 (restart 0) KSP residual norm 3.272723e-03
 11 (restart 0) KSP residual norm 1.830762e-03
 12 (restart 0) KSP residual norm 7.525833e-04
 13 (restart 0) KSP residual norm 1.996135e-04
 14 (restart 0) KSP residual norm 9.202468e-05
 15 (restart 0) KSP residual norm 5.047217e-05
 16 (restart 0) KSP residual norm 3.275870e-05
 17 (restart 0) KSP residual norm 2.291181e-05
 18 (restart 0) KSP residual norm 1.434757e-05
 19 (restart 0) KSP residual norm 9.923342e-06
 20 (restart 0) KSP residual norm 6.389813e-06
 21 (restart 0) KSP residual norm 4.561147e-06
 22 (restart 0) KSP residual norm 3.206624e-06
 23 (restart 0) KSP residual norm 2.157873e-06
 24 (restart 0) KSP residual norm 1.527875e-06
 25 (restart 0) KSP residual norm 1.116345e-06
GMRES solver converged in 25 iterations (avg. reduction factor: 4.750e-01)
  Residual norms for GMRES solve
  0 (restart 0) KSP residual norm 4.714405e+01
  1 (restart 0) KSP residual norm 3.333655e+01
  2 (restart 0) KSP residual norm 1.734327e+01
  3 (restart 0) KSP residual norm 2.012531e+00
  4 (restart 0) KSP residual norm 1.704501e+00
  5 (restart 0) KSP residual norm 5.083327e-01
  6 (restart 0) KSP residual norm 3.147466e-01
  7 (restart 0) KSP residual norm 9.482891e-02
  8 (restart 0) KSP residual norm 1.714639e-02
  9 (restart 0) KSP residual norm 7.199048e-03
 10 (restart 0) KSP residual norm 4.887685e-03
 11 (restart 0) KSP residual norm 2.735664e-03
 12 (restart 0) KSP residual norm 9.417232e-04
 13 (restart 0) KSP residual norm 3.084667e-04
 14 (restart 0) KSP residual norm 1.253700e-04
 15 (restart 0) KSP residual norm 4.958471e-05
 16 (restart 0) KSP residual norm 2.357908e-05
 17 (restart 0) KSP residual norm 1.435207e-05
 18 (restart 0) KSP residual norm 1.026853e-05
 19 (restart 0) KSP residual norm 7.432460e-06
 20 (restart 0) KSP residual norm 4.400604e-06
 21 (restart 0) KSP residual norm 2.808769e-06
 22 (restart 0) KSP residual norm 2.104181e-06
 23 (restart 0) KSP residual norm 1.448354e-06
 24 (restart 0) KSP residual norm 9.866403e-07
 25 (restart 0) KSP residual norm 6.978451e-07
 26 (restart 0) KSP residual norm 4.844432e-07
 27 (restart 0) KSP residual norm 3.307129e-07
GMRES solver converged in 27 iterations (avg. reduction factor: 4.989e-01)
  Residual norms for GMRES solve
  0 (restart 0) KSP residual norm 1.572136e+01
  1 (restart 0) KSP residual norm 9.171863e+00
  2 (restart 0) KSP residual norm 3.356752e+00
  3 (restart 0) KSP residual norm 1.743874e+00
  4 (restart 0) KSP residual norm 1.563664e+00
  5 (restart 0) KSP residual norm 2.362411e-01
  6 (restart 0) KSP residual norm 8.270823e-02
  7 (restart 0) KSP residual norm 3.675275e-02
  8 (restart 0) KSP residual norm 1.700082e-02
  9 (restart 0) KSP residual norm 6.575985e-03
 10 (restart 0) KSP residual norm 2.055171e-03
 11 (restart 0) KSP residual norm 9.565916e-04
 12 (restart 0) KSP residual norm 3.979254e-04
 13 (restart 0) KSP residual norm 1.227055e-04
 14 (restart 0) KSP residual norm 5.857351e-05
 15 (restart 0) KSP residual norm 3.475772e-05
 16 (restart 0) KSP residual norm 2.345786e-05
 17 (restart 0) KSP residual norm 1.669587e-05
 18 (restart 0) KSP residual norm 1.031336e-05
 19 (restart 0) KSP residual norm 6.340804e-06
 20 (restart 0) KSP residual norm 4.693269e-06
 21 (restart 0) KSP residual norm 3.298615e-06
 22 (restart 0) KSP residual norm 2.313855e-06
 23 (restart 0) KSP residual norm 1.634755e-06
 24 (restart 0) KSP residual norm 1.088599e-06
 25 (restart 0) KSP residual norm 7.248356e-07
 26 (restart 0) KSP residual norm 4.898532e-07
 27 (restart 0) KSP residual norm 3.446384e-07
 28 (restart 0) KSP residual norm 2.469874e-07
 29 (restart 0) KSP residual norm 1.709057e-07
 30 (restart 0) KSP residual norm 1.189128e-07
GMRES solver converged in 30 iterations (avg. reduction factor: 5.362e-01)
  Residual norms for GMRES solve
  0 (restart 0) KSP residual norm 1.398565e+01
  1 (restart 0) KSP residual norm 7.464241e+00
  2 (restart 0) KSP residual norm 1.162750e+00
  3 (restart 0) KSP residual norm 6.648032e-01
  4 (restart 0) KSP residual norm 6.240681e-01
  5 (restart 0) KSP residual norm 2.050239e-01
  6 (restart 0) KSP residual norm 5.096356e-02
  7 (restart 0) KSP residual norm 2.273030e-02
  8 (restart 0) KSP residual norm 1.116262e-02
  9 (restart 0) KSP residual norm 4.848704e-03
 10 (restart 0) KSP residual norm 1.512567e-03
 11 (restart 0) KSP residual norm 5.680872e-04
 12 (restart 0) KSP residual norm 2.937855e-04
 13 (restart 0) KSP residual norm 1.150873e-04
 14 (restart 0) KSP residual norm 5.411607e-05
 15 (restart 0) KSP residual norm 4.125948e-05
 16 (restart 0) KSP residual norm 2.752503e-05
 17 (restart 0) KSP residual norm 1.705580e-05
 18 (restart 0) KSP residual norm 1.201077e-05
 19 (restart 0) KSP residual norm 7.594468e-06
 20 (restart 0) KSP residual norm 5.565886e-06
 21 (restart 0) KSP residual norm 4.040550e-06
 22 (restart 0) KSP residual norm 2.710589e-06
 23 (restart 0) KSP residual norm 1.961563e-06
 24 (restart 0) KSP residual norm 1.392329e-06
 25 (restart 0) KSP residual norm 9.733138e-07
 26 (restart 0) KSP residual norm 6.835367e-07
 27 (restart 0) KSP residual norm 4.827892e-07
 28 (restart 0) KSP residual norm 3.378119e-07
 29 (restart 0) KSP residual norm 2.263611e-07
 30 (restart 0) KSP residual norm 1.535677e-07
 31 (restart 0) KSP residual norm 1.089168e-07
GMRES solver converged in 31 iterations (avg. reduction factor: 5.476e-01)
  Residual norms for GMRES solve
  0 (restart 0) KSP residual norm 7.291990e+00
  1 (restart 0) KSP residual norm 6.146471e+00
  2 (restart 0) KSP residual norm 1.660390e+00
  3 (restart 0) KSP residual norm 1.180981e+00
  4 (restart 0) KSP residual norm 9.438106e-01
  5 (restart 0) KSP residual norm 1.548448e-01
  6 (restart 0) KSP residual norm 3.189829e-02
  7 (restart 0) KSP residual norm 1.576617e-02
  8 (restart 0) KSP residual norm 9.063962e-03
  9 (restart 0) KSP residual norm 2.361934e-03
 10 (restart 0) KSP residual norm 1.103107e-03
 11 (restart 0) KSP residual norm 6.807905e-04
 12 (restart 0) KSP residual norm 4.533643e-04
 13 (restart 0) KSP residual norm 1.254445e-04
 14 (restart 0) KSP residual norm 5.603469e-05
 15 (restart 0) KSP residual norm 4.446504e-05
 16 (restart 0) KSP residual norm 2.689178e-05
 17 (restart 0) KSP residual norm 1.766000e-05
 18 (restart 0) KSP residual norm 1.254374e-05
 19 (restart 0) KSP residual norm 8.594729e-06
 20 (restart 0) KSP residual norm 6.436480e-06
 21 (restart 0) KSP residual norm 4.386663e-06
 22 (restart 0) KSP residual norm 2.994990e-06
 23 (restart 0) KSP residual norm 2.056892e-06
 24 (restart 0) KSP residual norm 1.168714e-06
 25 (restart 0) KSP residual norm 6.646095e-07
 26 (restart 0) KSP residual norm 4.457720e-07
 27 (restart 0) KSP residual norm 2.823552e-07
 28 (restart 0) KSP residual norm 1.974354e-07
 29 (restart 0) KSP residual norm 1.426962e-07
 30 (restart 0) KSP residual norm 9.431953e-08
 31 (restart 0) KSP residual norm 6.382921e-08
GMRES solver converged in 31 iterations (avg. reduction factor: 5.496e-01)
  Residual norms for GMRES solve
  0 (restart 0) KSP residual norm 1.262389e+01
  1 (restart 0) KSP residual norm 6.723904e+00
  2 (restart 0) KSP residual norm 9.993025e-01
  3 (restart 0) KSP residual norm 5.148709e-01
  4 (restart 0) KSP residual norm 4.550464e-01
  5 (restart 0) KSP residual norm 1.679864e-01
  6 (restart 0) KSP residual norm 4.709135e-02
  7 (restart 0) KSP residual norm 2.252447e-02
  8 (restart 0) KSP residual norm 1.122303e-02
  9 (restart 0) KSP residual norm 5.177500e-03
 10 (restart 0) KSP residual norm 2.005848e-03
 11 (restart 0) KSP residual norm 6.685542e-04
 12 (restart 0) KSP residual norm 2.133502e-04
 13 (restart 0) KSP residual norm 7.790800e-05
 14 (restart 0) KSP residual norm 4.901405e-05
 15 (restart 0) KSP residual norm 3.544984e-05
 16 (restart 0) KSP residual norm 2.411816e-05
 17 (restart 0) KSP residual norm 1.611994e-05
 18 (restart 0) KSP residual norm 9.701330e-06
 19 (restart 0) KSP residual norm 7.080033e-06
 20 (restart 0) KSP residual norm 4.884134e-06
 21 (restart 0) KSP residual norm 3.437657e-06
 22 (restart 0) KSP residual norm 2.432185e-06
 23 (restart 0) KSP residual norm 1.742628e-06
 24 (restart 0) KSP residual norm 1.254330e-06
 25 (restart 0) KSP residual norm 8.532824e-07
 26 (restart 0) KSP residual norm 5.964092e-07
 27 (restart 0) KSP residual norm 4.310916e-07
 28 (restart 0) KSP residual norm 3.079605e-07
 29 (restart 0) KSP residual norm 2.100287e-07
 30 (restart 0) KSP residual norm 1.413913e-07
 31 (restart 0) KSP residual norm 1.017160e-07
GMRES solver converged in 31 iterations (avg. reduction factor: 5.482e-01)
  Residual norms for GMRES solve
  0 (restart 0) KSP residual norm 1.008360e+01
  1 (restart 0) KSP residual norm 6.287200e+00
  2 (restart 0) KSP residual norm 8.522652e-01
  3 (restart 0) KSP residual norm 5.404649e-01
  4 (restart 0) KSP residual norm 4.248659e-01
  5 (restart 0) KSP residual norm 1.632939e-01
  6 (restart 0) KSP residual norm 5.164756e-02
  7 (restart 0) KSP residual norm 2.783061e-02
  8 (restart 0) KSP residual norm 1.558887e-02
  9 (restart 0) KSP residual norm 5.553625e-03
 10 (restart 0) KSP residual norm 1.536023e-03
 11 (restart 0) KSP residual norm 8.778456e-04
 12 (restart 0) KSP residual norm 4.014365e-04
 13 (restart 0) KSP residual norm 1.309442e-04
 14 (restart 0) KSP residual norm 7.894563e-05
 15 (restart 0) KSP residual norm 5.803313e-05
 16 (restart 0) KSP residual norm 3.945658e-05
 17 (restart 0) KSP residual norm 2.470357e-05
 18 (restart 0) KSP residual norm 1.701604e-05
 19 (restart 0) KSP residual norm 1.237399e-05
 20 (restart 0) KSP residual norm 9.326164e-06
 21 (restart 0) KSP residual norm 6.469817e-06
 22 (restart 0) KSP residual norm 4.290598e-06
 23 (restart 0) KSP residual norm 3.009717e-06
 24 (restart 0) KSP residual norm 2.029856e-06
 25 (restart 0) KSP residual norm 1.297347e-06
 26 (restart 0) KSP residual norm 8.744434e-07
 27 (restart 0) KSP residual norm 6.154315e-07
 28 (restart 0) KSP residual norm 4.505452e-07
 29 (restart 0) KSP residual norm 3.165663e-07
 30 (restart 0) KSP residual norm 2.204121e-07
 31 (restart 0) KSP residual norm 1.499165e-07
 32 (restart 0) KSP residual norm 1.049581e-07
 33 (restart 0) KSP residual norm 7.566494e-08
GMRES solver converged in 33 iterations (avg. reduction factor: 5.673e-01)
  Residual norms for GMRES solve
  0 (restart 0) KSP residual norm 8.000880e+00
  1 (restart 0) KSP residual norm 6.812797e+00
  2 (restart 0) KSP residual norm 1.104424e+00
  3 (restart 0) KSP residual norm 9.725899e-01
  4 (restart 0) KSP residual norm 5.305743e-01
  5 (restart 0) KSP residual norm 1.488692e-01
  6 (restart 0) KSP residual norm 5.017954e-02
  7 (restart 0) KSP residual norm 1.876884e-02
  8 (restart 0) KSP residual norm 9.908169e-03
  9 (restart 0) KSP residual norm 5.889170e-03
 10 (restart 0) KSP residual norm 2.549664e-03
 11 (restart 0) KSP residual norm 7.871524e-04
 12 (restart 0) KSP residual norm 3.564475e-04
 13 (restart 0) KSP residual norm 1.276850e-04
 14 (restart 0) KSP residual norm 5.705684e-05
 15 (restart 0) KSP residual norm 4.434689e-05
 16 (restart 0) KSP residual norm 2.824358e-05
 17 (restart 0) KSP residual norm 1.911136e-05
 18 (restart 0) KSP residual norm 1.414250e-05
 19 (restart 0) KSP residual norm 7.610027e-06
 20 (restart 0) KSP residual norm 6.031955e-06
 21 (restart 0) KSP residual norm 4.515208e-06
 22 (restart 0) KSP residual norm 2.947411e-06
 23 (restart 0) KSP residual norm 2.178460e-06
 24 (restart 0) KSP residual norm 1.561630e-06
 25 (restart 0) KSP residual norm 1.122653e-06
 26 (restart 0) KSP residual norm 7.800688e-07
 27 (restart 0) KSP residual norm 5.239066e-07
 28 (restart 0) KSP residual norm 3.819534e-07
 29 (restart 0) KSP residual norm 2.593626e-07
 30 (restart 0) KSP residual norm 1.727938e-07
 31 (restart 0) KSP residual norm 1.243703e-07
 32 (restart 0) KSP residual norm 8.479396e-08
 33 (restart 0) KSP residual norm 5.879883e-08
GMRES solver converged in 33 iterations (avg. reduction factor: 5.669e-01)
  Residual norms for GMRES solve
  0 (restart 0) KSP residual norm 8.461518e+00
  1 (restart 0) KSP residual norm 6.937523e+00
  2 (restart 0) KSP residual norm 9.417262e-01
  3 (restart 0) KSP residual norm 8.528753e-01
  4 (restart 0) KSP residual norm 4.160680e-01
  5 (restart 0) KSP residual norm 1.276571e-01
  6 (restart 0) KSP residual norm 4.727864e-02
  7 (restart 0) KSP residual norm 2.279743e-02
  8 (restart 0) KSP residual norm 1.534373e-02
  9 (restart 0) KSP residual norm 6.555220e-03
 10 (restart 0) KSP residual norm 2.125781e-03
 11 (restart 0) KSP residual norm 1.126404e-03
 12 (restart 0) KSP residual norm 4.830240e-04
 13 (restart 0) KSP residual norm 1.549016e-04
 14 (restart 0) KSP residual norm 8.807602e-05
 15 (restart 0) KSP residual norm 7.199208e-05
 16 (restart 0) KSP residual norm 4.556479e-05
 17 (restart 0) KSP residual norm 2.943126e-05
 18 (restart 0) KSP residual norm 2.073437e-05
 19 (restart 0) KSP residual norm 1.393027e-05
 20 (restart 0) KSP residual norm 1.037836e-05
 21 (restart 0) KSP residual norm 7.475299e-06
 22 (restart 0) KSP residual norm 4.956319e-06
 23 (restart 0) KSP residual norm 3.416911e-06
 24 (restart 0) KSP residual norm 2.398875e-06
 25 (restart 0) KSP residual norm 1.598401e-06
 26 (restart 0) KSP residual norm 1.079866e-06
 27 (restart 0) KSP residual norm 7.758192e-07
 28 (restart 0) KSP residual norm 5.561648e-07
 29 (restart 0) KSP residual norm 4.008605e-07
 30 (restart 0) KSP residual norm 2.717793e-07
 31 (restart 0) KSP residual norm 1.865490e-07
 32 (restart 0) KSP residual norm 1.321874e-07
 33 (restart 0) KSP residual norm 9.229192e-08
 34 (restart 0) KSP residual norm 6.674921e-08
GMRES solver converged in 34 iterations (avg. reduction factor: 5.777e-01)
  Residual norms for GMRES solve
  0 (restart 0) KSP residual norm 7.596211e+00
  1 (restart 0) KSP residual norm 5.604336e+00
  2 (restart 0) KSP residual norm 1.134308e+00
  3 (restart 0) KSP residual norm 1.014008e+00
  4 (restart 0) KSP residual norm 5.723950e-01
  5 (restart 0) KSP residual norm 1.319730e-01
  6 (restart 0) KSP residual norm 3.673970e-02
  7 (restart 0) KSP residual norm 2.142420e-02
  8 (restart 0) KSP residual norm 1.348746e-02
  9 (restart 0) KSP residual norm 5.235400e-03
 10 (restart 0) KSP residual norm 1.444368e-03
 11 (restart 0) KSP residual norm 7.839654e-04
 12 (restart 0) KSP residual norm 3.545509e-04
 13 (restart 0) KSP residual norm 1.495884e-04
 14 (restart 0) KSP residual norm 1.160575e-04
 15 (restart 0) KSP residual norm 8.660087e-05
 16 (restart 0) KSP residual norm 4.951007e-05
 17 (restart 0) KSP residual norm 3.353730e-05
 18 (restart 0) KSP residual norm 2.389900e-05
 19 (restart 0) KSP residual norm 1.703907e-05
 20 (restart 0) KSP residual norm 1.261430e-05
 21 (restart 0) KSP residual norm 8.598591e-06
 22 (restart 0) KSP residual norm 5.837435e-06
 23 (restart 0) KSP residual norm 3.834431e-06
 24 (restart 0) KSP residual norm 2.363689e-06
 25 (restart 0) KSP residual norm 1.553034e-06
 26 (restart 0) KSP residual norm 1.047465e-06
 27 (restart 0) KSP residual norm 7.400458e-07
 28 (restart 0) KSP residual norm 5.195467e-07
 29 (restart 0) KSP residual norm 3.715822e-07
 30 (restart 0) KSP residual norm 2.618239e-07
 31 (restart 0) KSP residual norm 1.820209e-07
 32 (restart 0) KSP residual norm 1.297942e-07
 33 (restart 0) KSP residual norm 9.564306e-08
 34 (restart 0) KSP residual norm 6.949583e-08
GMRES solver converged in 34 iterations (avg. reduction factor: 5.802e-01)
  Residual norms for GMRES solve
  0 (restart 0) KSP residual norm 1.048419e+01
  1 (restart 0) KSP residual norm 6.667542e+00
  2 (restart 0) KSP residual norm 2.247942e+00
  3 (restart 0) KSP residual norm 1.819833e+00
  4 (restart 0) KSP residual norm 1.102836e+00
  5 (restart 0) KSP residual norm 1.382703e-01
  6 (restart 0) KSP residual norm 4.704077e-02
  7 (restart 0) KSP residual norm 3.167247e-02
  8 (restart 0) KSP residual norm 1.038477e-02
  9 (restart 0) KSP residual norm 3.367027e-03
 10 (restart 0) KSP residual norm 1.402197e-03
 11 (restart 0) KSP residual norm 9.765828e-04
 12 (restart 0) KSP residual norm 4.515080e-04
 13 (restart 0) KSP residual norm 1.181031e-04
 14 (restart 0) KSP residual norm 8.768245e-05
 15 (restart 0) KSP residual norm 7.138694e-05
 16 (restart 0) KSP residual norm 4.384978e-05
 17 (restart 0) KSP residual norm 3.001103e-05
 18 (restart 0) KSP residual norm 1.944463e-05
 19 (restart 0) KSP residual norm 1.359944e-05
 20 (restart 0) KSP residual norm 9.692646e-06
 21 (restart 0) KSP residual norm 6.259707e-06
 22 (restart 0) KSP residual norm 4.340551e-06
 23 (restart 0) KSP residual norm 2.734782e-06
 24 (restart 0) KSP residual norm 1.526189e-06
 25 (restart 0) KSP residual norm 9.115019e-07
 26 (restart 0) KSP residual norm 6.180574e-07
 27 (restart 0) KSP residual norm 4.113028e-07
 28 (restart 0) KSP residual norm 2.883289e-07
 29 (restart 0) KSP residual norm 2.035896e-07
 30 (restart 0) KSP residual norm 1.374072e-07
 31 (restart 0) KSP residual norm 9.530784e-08
GMRES solver converged in 31 iterations (avg. reduction factor: 5.503e-01)
  Residual norms for GMRES solve
  0 (restart 0) KSP residual norm 8.827491e+00
  1 (restart 0) KSP residual norm 7.453353e+00
  2 (restart 0) KSP residual norm 4.333988e+00
  3 (restart 0) KSP residual norm 1.562537e+00
  4 (restart 0) KSP residual norm 1.227525e+00
  5 (restart 0) KSP residual norm 2.288952e-01
  6 (restart 0) KSP residual norm 1.475681e-01
  7 (restart 0) KSP residual norm 6.589247e-02
  8 (restart 0) KSP residual norm 2.023611e-02
  9 (restart 0) KSP residual norm 6.425089e-03
 10 (restart 0) KSP residual norm 1.530448e-03
 11 (restart 0) KSP residual norm 1.046689e-03
 12 (restart 0) KSP residual norm 6.181508e-04
 13 (restart 0) KSP residual norm 1.514887e-04
 14 (restart 0) KSP residual norm 7.020548e-05
 15 (restart 0) KSP residual norm 4.400356e-05
 16 (restart 0) KSP residual norm 2.928063e-05
 17 (restart 0) KSP residual norm 2.057968e-05
 18 (restart 0) KSP residual norm 1.250888e-05
 19 (restart 0) KSP residual norm 7.956162e-06
 20 (restart 0) KSP residual norm 5.585537e-06
 21 (restart 0) KSP residual norm 3.734627e-06
 22 (restart 0) KSP residual norm 2.510543e-06
 23 (restart 0) KSP residual norm 1.757591e-06
 24 (restart 0) KSP residual norm 1.188841e-06
 25 (restart 0) KSP residual norm 7.925670e-07
 26 (restart 0) KSP residual norm 5.236922e-07
 27 (restart 0) KSP residual norm 3.803977e-07
 28 (restart 0) KSP residual norm 2.758300e-07
 29 (restart 0) KSP residual norm 1.882218e-07
 30 (restart 0) KSP residual norm 1.334492e-07
 31 (restart 0) KSP residual norm 9.434665e-08
 32 (restart 0) KSP residual norm 6.597361e-08
GMRES solver converged in 32 iterations (avg. reduction factor: 5.572e-01)
  Residual norms for GMRES solve
  0 (restart 0) KSP residual norm 1.628438e+01
  1 (restart 0) KSP residual norm 6.649911e+00
  2 (restart 0) KSP residual norm 1.541132e+00
  3 (restart 0) KSP residual norm 1.318601e+00
  4 (restart 0) KSP residual norm 8.716356e-01
  5 (restart 0) KSP residual norm 1.480806e-01
  6 (restart 0) KSP residual norm 5.383787e-02
  7 (restart 0) KSP residual norm 2.721730e-02
  8 (restart 0) KSP residual norm 1.256954e-02
  9 (restart 0) KSP residual norm 4.869829e-03
 10 (restart 0) KSP residual norm 1.339797e-03
 11 (restart 0) KSP residual norm 7.117185e-04
 12 (restart 0) KSP residual norm 3.257141e-04
 13 (restart 0) KSP residual norm 1.234435e-04
 14 (restart 0) KSP residual norm 7.042991e-05
 15 (restart 0) KSP residual norm 5.239794e-05
 16 (restart 0) KSP residual norm 3.689029e-05
 17 (restart 0) KSP residual norm 2.327903e-05
 18 (restart 0) KSP residual norm 1.578226e-05
 19 (restart 0) KSP residual norm 1.085389e-05
 20 (restart 0) KSP residual norm 7.879990e-06
 21 (restart 0) KSP residual norm 5.291678e-06
 22 (restart 0) KSP residual norm 3.647004e-06
 23 (restart 0) KSP residual norm 2.447587e-06
 24 (restart 0) KSP residual norm 1.360643e-06
 25 (restart 0) KSP residual norm 8.252496e-07
 26 (restart 0) KSP residual norm 5.214805e-07
 27 (restart 0) KSP residual norm 3.524054e-07
 28 (restart 0) KSP residual norm 2.446553e-07
 29 (restart 0) KSP residual norm 1.686973e-07
 30 (restart 0) KSP residual norm 1.172720e-07
GMRES solver converged in 30 iterations (avg. reduction factor: 5.353e-01)
  Residual norms for GMRES solve
  0 (restart 0) KSP residual norm 8.416163e+00
  1 (restart 0) KSP residual norm 6.886676e+00
  2 (restart 0) KSP residual norm 3.027645e+00
  3 (restart 0) KSP residual norm 1.563833e+00
  4 (restart 0) KSP residual norm 1.039407e+00
  5 (restart 0) KSP residual norm 1.631301e-01
  6 (restart 0) KSP residual norm 8.949179e-02
  7 (restart 0) KSP residual norm 3.824126e-02
  8 (restart 0) KSP residual norm 1.153240e-02
  9 (restart 0) KSP residual norm 3.538401e-03
 10 (restart 0) KSP residual norm 1.451401e-03
 11 (restart 0) KSP residual norm 9.430795e-04
 12 (restart 0) KSP residual norm 4.306943e-04
 13 (restart 0) KSP residual norm 1.053092e-04
 14 (restart 0) KSP residual norm 5.160412e-05
 15 (restart 0) KSP residual norm 3.343284e-05
 16 (restart 0) KSP residual norm 2.221457e-05
 17 (restart 0) KSP residual norm 1.699721e-05
 18 (restart 0) KSP residual norm 1.112002e-05
 19 (restart 0) KSP residual norm 6.351625e-06
 20 (restart 0) KSP residual norm 4.689738e-06
 21 (restart 0) KSP residual norm 3.371553e-06
 22 (restart 0) KSP residual norm 2.078488e-06
 23 (restart 0) KSP residual norm 1.384451e-06
 24 (restart 0) KSP residual norm 9.750834e-07
 25 (restart 0) KSP residual norm 6.739011e-07
 26 (restart 0) KSP residual norm 4.720072e-07
 27 (restart 0) KSP residual norm 3.362316e-07
 28 (restart 0) KSP residual norm 2.400205e-07
 29 (restart 0) KSP residual norm 1.669183e-07
 30 (restart 0) KSP residual norm 1.145044e-07
 31 (restart 0) KSP residual norm 8.180160e-08
GMRES solver converged in 31 iterations (avg. reduction factor: 5.515e-01)
  Residual norms for GMRES solve
  0 (restart 0) KSP residual norm 9.723303e+00
  1 (restart 0) KSP residual norm 6.852828e+00
  2 (restart 0) KSP residual norm 2.989686e+00
  3 (restart 0) KSP residual norm 2.147837e+00
  4 (restart 0) KSP residual norm 1.101390e+00
  5 (restart 0) KSP residual norm 2.152500e-01
  6 (restart 0) KSP residual norm 8.735793e-02
  7 (restart 0) KSP residual norm 3.657482e-02
  8 (restart 0) KSP residual norm 1.520573e-02
  9 (restart 0) KSP residual norm 5.797257e-03
 10 (restart 0) KSP residual norm 1.950411e-03
 11 (restart 0) KSP residual norm 1.088315e-03
 12 (restart 0) KSP residual norm 3.246572e-04
 13 (restart 0) KSP residual norm 1.228295e-04
 14 (restart 0) KSP residual norm 9.612496e-05
 15 (restart 0) KSP residual norm 7.198577e-05
 16 (restart 0) KSP residual norm 4.590902e-05
 17 (restart 0) KSP residual norm 3.449244e-05
 18 (restart 0) KSP residual norm 1.976151e-05
 19 (restart 0) KSP residual norm 1.437984e-05
 20 (restart 0) KSP residual norm 1.054513e-05
 21 (restart 0) KSP residual norm 6.841948e-06
 22 (restart 0) KSP residual norm 4.621041e-06
 23 (restart 0) KSP residual norm 3.160860e-06
 24 (restart 0) KSP residual norm 1.882016e-06
 25 (restart 0) KSP residual norm 1.091679e-06
 26 (restart 0) KSP residual norm 6.832272e-07
 27 (restart 0) KSP residual norm 4.637434e-07
 28 (restart 0) KSP residual norm 3.070220e-07
 29 (restart 0) KSP residual norm 2.076033e-07
 30 (restart 0) KSP residual norm 1.454547e-07
 31 (restart 0) KSP residual norm 9.739314e-08
 32 (restart 0) KSP residual norm 6.623067e-08
GMRES solver converged in 32 iterations (avg. reduction factor: 5.556e-01)
  Residual norms for GMRES solve
  0 (restart 0) KSP residual norm 2.054256e+01
  1 (restart 0) KSP residual norm 8.884821e+00
  2 (restart 0) KSP residual norm 2.458843e+00
  3 (restart 0) KSP residual norm 2.243402e+00
  4 (restart 0) KSP residual norm 9.381169e-01
  5 (restart 0) KSP residual norm 1.395986e-01
  6 (restart 0) KSP residual norm 3.852825e-02
  7 (restart 0) KSP residual norm 2.282156e-02
  8 (restart 0) KSP residual norm 1.356529e-02
  9 (restart 0) KSP residual norm 6.505015e-03
 10 (restart 0) KSP residual norm 2.083487e-03
 11 (restart 0) KSP residual norm 1.656630e-03
 12 (restart 0) KSP residual norm 6.698768e-04
 13 (restart 0) KSP residual norm 1.550338e-04
 14 (restart 0) KSP residual norm 1.003645e-04
 15 (restart 0) KSP residual norm 8.294215e-05
 16 (restart 0) KSP residual norm 5.084940e-05
 17 (restart 0) KSP residual norm 3.738534e-05
 18 (restart 0) KSP residual norm 2.370359e-05
 19 (restart 0) KSP residual norm 1.572609e-05
 20 (restart 0) KSP residual norm 1.178687e-05
 21 (restart 0) KSP residual norm 7.845856e-06
 22 (restart 0) KSP residual norm 4.981692e-06
 23 (restart 0) KSP residual norm 3.526054e-06
 24 (restart 0) KSP residual norm 2.256840e-06
 25 (restart 0) KSP residual norm 1.368389e-06
 26 (restart 0) KSP residual norm 9.078338e-07
 27 (restart 0) KSP residual norm 6.547320e-07
 28 (restart 0) KSP residual norm 4.704500e-07
 29 (restart 0) KSP residual norm 3.214846e-07
 30 (restart 0) KSP residual norm 2.313103e-07
 31 (restart 0) KSP residual norm 1.649046e-07
GMRES solver converged in 31 iterations (avg. reduction factor: 5.481e-01)
  Residual norms for GMRES solve
  0 (restart 0) KSP residual norm 1.677384e+01
  1 (restart 0) KSP residual norm 7.958813e+00
  2 (restart 0) KSP residual norm 2.476065e+00
  3 (restart 0) KSP residual norm 1.736661e+00
  4 (restart 0) KSP residual norm 9.955072e-01
  5 (restart 0) KSP residual norm 2.348089e-01
  6 (restart 0) KSP residual norm 9.673148e-02
  7 (restart 0) KSP residual norm 3.482049e-02
  8 (restart 0) KSP residual norm 1.434881e-02
  9 (restart 0) KSP residual norm 5.452342e-03
 10 (restart 0) KSP residual norm 1.895682e-03
 11 (restart 0) KSP residual norm 1.107487e-03
 12 (restart 0) KSP residual norm 4.626403e-04
 13 (restart 0) KSP residual norm 1.405788e-04
 14 (restart 0) KSP residual norm 8.184127e-05
 15 (restart 0) KSP residual norm 6.289191e-05
 16 (restart 0) KSP residual norm 4.245214e-05
 17 (restart 0) KSP residual norm 2.917425e-05
 18 (restart 0) KSP residual norm 1.866154e-05
 19 (restart 0) KSP residual norm 1.284342e-05
 20 (restart 0) KSP residual norm 9.223190e-06
 21 (restart 0) KSP residual norm 6.346179e-06
 22 (restart 0) KSP residual norm 3.984249e-06
 23 (restart 0) KSP residual norm 2.824722e-06
 24 (restart 0) KSP residual norm 1.819475e-06
 25 (restart 0) KSP residual norm 1.173610e-06
 26 (restart 0) KSP residual norm 7.911881e-07
 27 (restart 0) KSP residual norm 5.782848e-07
 28 (restart 0) KSP residual norm 4.182441e-07
 29 (restart 0) KSP residual norm 2.825585e-07
 30 (restart 0) KSP residual norm 2.035004e-07
 31 (restart 0) KSP residual norm 1.463103e-07
GMRES solver converged in 31 iterations (avg. reduction factor: 5.496e-01)
  Residual norms for GMRES solve
  0 (restart 0) KSP residual norm 8.411300e+00
  1 (restart 0) KSP residual norm 4.994663e+00
  2 (restart 0) KSP residual norm 1.095051e+00
  3 (restart 0) KSP residual norm 9.013433e-01
  4 (restart 0) KSP residual norm 4.232629e-01
  5 (restart 0) KSP residual norm 1.562216e-01
  6 (restart 0) KSP residual norm 4.058151e-02
  7 (restart 0) KSP residual norm 1.932480e-02
  8 (restart 0) KSP residual norm 1.083682e-02
  9 (restart 0) KSP residual norm 4.364222e-03
 10 (restart 0) KSP residual norm 1.365906e-03
 11 (restart 0) KSP residual norm 3.674154e-04
 12 (restart 0) KSP residual norm 2.307247e-04
 13 (restart 0) KSP residual norm 1.175957e-04
 14 (restart 0) KSP residual norm 8.745880e-05
 15 (restart 0) KSP residual norm 6.767963e-05
 16 (restart 0) KSP residual norm 4.281287e-05
 17 (restart 0) KSP residual norm 2.797888e-05
 18 (restart 0) KSP residual norm 1.867202e-05
 19 (restart 0) KSP residual norm 1.306485e-05
 20 (restart 0) KSP residual norm 9.523931e-06
 21 (restart 0) KSP residual norm 6.042359e-06
 22 (restart 0) KSP residual norm 4.143042e-06
 23 (restart 0) KSP residual norm 2.617811e-06
 24 (restart 0) KSP residual norm 1.463166e-06
 25 (restart 0) KSP residual norm 9.112435e-07
 26 (restart 0) KSP residual norm 6.152969e-07
 27 (restart 0) KSP residual norm 4.036546e-07
 28 (restart 0) KSP residual norm 2.747694e-07
 29 (restart 0) KSP residual norm 2.012768e-07
 30 (restart 0) KSP residual norm 1.388638e-07
 31 (restart 0) KSP residual norm 9.491260e-08
 32 (restart 0) KSP residual norm 6.531770e-08
GMRES solver converged in 32 iterations (avg. reduction factor: 5.579e-01)
  Residual norms for GMRES solve
  0 (restart 0) KSP residual norm 5.101601e+00
  1 (restart 0) KSP residual norm 4.485458e+00
  2 (restart 0) KSP residual norm 1.126786e+00
  3 (restart 0) KSP residual norm 9.315854e-01
  4 (restart 0) KSP residual norm 5.661895e-01
  5 (restart 0) KSP residual norm 1.082463e-01
  6 (restart 0) KSP residual norm 2.848917e-02
  7 (restart 0) KSP residual norm 1.665043e-02
  8 (restart 0) KSP residual norm 1.109063e-02
  9 (restart 0) KSP residual norm 5.057974e-03
 10 (restart 0) KSP residual norm 1.120971e-03
 11 (restart 0) KSP residual norm 4.833762e-04
 12 (restart 0) KSP residual norm 2.657810e-04
 13 (restart 0) KSP residual norm 8.571895e-05
 14 (restart 0) KSP residual norm 4.662836e-05
 15 (restart 0) KSP residual norm 3.466159e-05
 16 (restart 0) KSP residual norm 2.391059e-05
 17 (restart 0) KSP residual norm 1.564888e-05
 18 (restart 0) KSP residual norm 1.007392e-05
 19 (restart 0) KSP residual norm 6.919875e-06
 20 (restart 0) KSP residual norm 5.394334e-06
 21 (restart 0) KSP residual norm 3.603634e-06
 22 (restart 0) KSP residual norm 2.223433e-06
 23 (restart 0) KSP residual norm 1.544940e-06
 24 (restart 0) KSP residual norm 1.022566e-06
 25 (restart 0) KSP residual norm 6.954031e-07
 26 (restart 0) KSP residual norm 4.907664e-07
 27 (restart 0) KSP residual norm 3.499313e-07
 28 (restart 0) KSP residual norm 2.455795e-07
 29 (restart 0) KSP residual norm 1.713838e-07
 30 (restart 0) KSP residual norm 1.187005e-07
 31 (restart 0) KSP residual norm 8.429297e-08
 32 (restart 0) KSP residual norm 5.968671e-08
 33 (restart 0) KSP residual norm 4.167282e-08
GMRES solver converged in 33 iterations (avg. reduction factor: 5.687e-01)
  1 EPS nconv=2 first unconverged value (error) -2.07229e-06+0.0754473i (7.93298741e-03)
  Residual norms for GMRES solve
  0 (restart 0) KSP residual norm 9.886205e+00
  1 (restart 0) KSP residual norm 4.944963e+00
  2 (restart 0) KSP residual norm 1.566073e+00
  3 (restart 0) KSP residual norm 1.496119e+00
  4 (restart 0) KSP residual norm 7.505945e-01
  5 (restart 0) KSP residual norm 1.830024e-01
  6 (restart 0) KSP residual norm 6.888186e-02
  7 (restart 0) KSP residual norm 3.645470e-02
  8 (restart 0) KSP residual norm 1.587416e-02
  9 (restart 0) KSP residual norm 4.503438e-03
 10 (restart 0) KSP residual norm 1.493487e-03
 11 (restart 0) KSP residual norm 7.572936e-04
 12 (restart 0) KSP residual norm 4.235118e-04
 13 (restart 0) KSP residual norm 1.783972e-04
 14 (restart 0) KSP residual norm 1.316690e-04
 15 (restart 0) KSP residual norm 1.056751e-04
 16 (restart 0) KSP residual norm 6.283012e-05
 17 (restart 0) KSP residual norm 4.121521e-05
 18 (restart 0) KSP residual norm 2.915979e-05
 19 (restart 0) KSP residual norm 2.025796e-05
 20 (restart 0) KSP residual norm 1.406356e-05
 21 (restart 0) KSP residual norm 9.441418e-06
 22 (restart 0) KSP residual norm 6.264487e-06
 23 (restart 0) KSP residual norm 4.039647e-06
 24 (restart 0) KSP residual norm 2.328060e-06
 25 (restart 0) KSP residual norm 1.469254e-06
 26 (restart 0) KSP residual norm 1.010392e-06
 27 (restart 0) KSP residual norm 6.655097e-07
 28 (restart 0) KSP residual norm 4.360298e-07
 29 (restart 0) KSP residual norm 3.093181e-07
 30 (restart 0) KSP residual norm 2.140854e-07
 31 (restart 0) KSP residual norm 1.403810e-07
 32 (restart 0) KSP residual norm 9.595417e-08
GMRES solver converged in 32 iterations (avg. reduction factor: 5.618e-01)
  Residual norms for GMRES solve
  0 (restart 0) KSP residual norm 3.286316e+01
  1 (restart 0) KSP residual norm 3.194319e+01
  2 (restart 0) KSP residual norm 1.420976e+01
  3 (restart 0) KSP residual norm 1.946385e+00
  4 (restart 0) KSP residual norm 1.765237e+00
  5 (restart 0) KSP residual norm 1.037019e+00
  6 (restart 0) KSP residual norm 4.897809e-01
  7 (restart 0) KSP residual norm 8.749333e-02
  8 (restart 0) KSP residual norm 1.786002e-02
  9 (restart 0) KSP residual norm 7.475508e-03
 10 (restart 0) KSP residual norm 4.423850e-03
 11 (restart 0) KSP residual norm 1.835000e-03
 12 (restart 0) KSP residual norm 8.844096e-04
 13 (restart 0) KSP residual norm 3.739908e-04
 14 (restart 0) KSP residual norm 1.372893e-04
 15 (restart 0) KSP residual norm 4.662562e-05
 16 (restart 0) KSP residual norm 1.909266e-05
 17 (restart 0) KSP residual norm 1.037194e-05
 18 (restart 0) KSP residual norm 8.039971e-06
 19 (restart 0) KSP residual norm 5.601206e-06
 20 (restart 0) KSP residual norm 3.534243e-06
 21 (restart 0) KSP residual norm 2.467534e-06
 22 (restart 0) KSP residual norm 1.738015e-06
 23 (restart 0) KSP residual norm 1.238075e-06
 24 (restart 0) KSP residual norm 7.770116e-07
 25 (restart 0) KSP residual norm 4.841167e-07
 26 (restart 0) KSP residual norm 2.841818e-07
GMRES solver converged in 26 iterations (avg. reduction factor: 4.896e-01)
  Residual norms for GMRES solve
  0 (restart 0) KSP residual norm 2.111690e+01
  1 (restart 0) KSP residual norm 1.939406e+01
  2 (restart 0) KSP residual norm 1.120279e+01
  3 (restart 0) KSP residual norm 2.039495e+00
  4 (restart 0) KSP residual norm 1.574914e+00
  5 (restart 0) KSP residual norm 6.815945e-01
  6 (restart 0) KSP residual norm 3.277736e-01
  7 (restart 0) KSP residual norm 7.179559e-02
  8 (restart 0) KSP residual norm 2.333118e-02
  9 (restart 0) KSP residual norm 9.482106e-03
 10 (restart 0) KSP residual norm 3.684324e-03
 11 (restart 0) KSP residual norm 2.471025e-03
 12 (restart 0) KSP residual norm 9.419143e-04
 13 (restart 0) KSP residual norm 2.794951e-04
 14 (restart 0) KSP residual norm 1.036798e-04
 15 (restart 0) KSP residual norm 4.265503e-05
 16 (restart 0) KSP residual norm 2.023857e-05
 17 (restart 0) KSP residual norm 1.262988e-05
 18 (restart 0) KSP residual norm 1.003116e-05
 19 (restart 0) KSP residual norm 6.586315e-06
 20 (restart 0) KSP residual norm 4.198863e-06
 21 (restart 0) KSP residual norm 2.903838e-06
 22 (restart 0) KSP residual norm 2.013327e-06
 23 (restart 0) KSP residual norm 1.320867e-06
 24 (restart 0) KSP residual norm 8.369637e-07
 25 (restart 0) KSP residual norm 5.229231e-07
 26 (restart 0) KSP residual norm 2.839485e-07
 27 (restart 0) KSP residual norm 1.606252e-07
GMRES solver converged in 27 iterations (avg. reduction factor: 5.004e-01)
  Residual norms for GMRES solve
  0 (restart 0) KSP residual norm 1.152247e+01
  1 (restart 0) KSP residual norm 1.066645e+01
  2 (restart 0) KSP residual norm 7.080056e+00
  3 (restart 0) KSP residual norm 3.836383e+00
  4 (restart 0) KSP residual norm 1.632030e+00
  5 (restart 0) KSP residual norm 3.345125e-01
  6 (restart 0) KSP residual norm 1.975450e-01
  7 (restart 0) KSP residual norm 6.153175e-02
  8 (restart 0) KSP residual norm 1.878113e-02
  9 (restart 0) KSP residual norm 6.343319e-03
 10 (restart 0) KSP residual norm 2.736311e-03
 11 (restart 0) KSP residual norm 1.230489e-03
 12 (restart 0) KSP residual norm 6.332456e-04
 13 (restart 0) KSP residual norm 2.011202e-04
 14 (restart 0) KSP residual norm 9.789850e-05
 15 (restart 0) KSP residual norm 7.365193e-05
 16 (restart 0) KSP residual norm 5.247449e-05
 17 (restart 0) KSP residual norm 3.323928e-05
 18 (restart 0) KSP residual norm 2.128620e-05
 19 (restart 0) KSP residual norm 1.480464e-05
 20 (restart 0) KSP residual norm 1.085224e-05
 21 (restart 0) KSP residual norm 7.117582e-06
 22 (restart 0) KSP residual norm 4.600726e-06
 23 (restart 0) KSP residual norm 3.179926e-06
 24 (restart 0) KSP residual norm 1.859108e-06
 25 (restart 0) KSP residual norm 1.093141e-06
 26 (restart 0) KSP residual norm 6.925924e-07
 27 (restart 0) KSP residual norm 4.695070e-07
 28 (restart 0) KSP residual norm 3.293908e-07
 29 (restart 0) KSP residual norm 2.278914e-07
 30 (restart 0) KSP residual norm 1.519093e-07
 31 (restart 0) KSP residual norm 1.057257e-07
GMRES solver converged in 31 iterations (avg. reduction factor: 5.505e-01)
  Residual norms for GMRES solve
  0 (restart 0) KSP residual norm 4.119729e+01
  1 (restart 0) KSP residual norm 3.648726e+01
  2 (restart 0) KSP residual norm 1.406887e+01
  3 (restart 0) KSP residual norm 2.131153e+00
  4 (restart 0) KSP residual norm 1.831498e+00
  5 (restart 0) KSP residual norm 1.087397e+00
  6 (restart 0) KSP residual norm 5.150126e-01
  7 (restart 0) KSP residual norm 6.937879e-02
  8 (restart 0) KSP residual norm 1.557887e-02
  9 (restart 0) KSP residual norm 8.018704e-03
 10 (restart 0) KSP residual norm 5.328634e-03
 11 (restart 0) KSP residual norm 2.800401e-03
 12 (restart 0) KSP residual norm 1.124520e-03
 13 (restart 0) KSP residual norm 3.752045e-04
 14 (restart 0) KSP residual norm 1.312033e-04
 15 (restart 0) KSP residual norm 4.488513e-05
 16 (restart 0) KSP residual norm 2.047036e-05
 17 (restart 0) KSP residual norm 1.183662e-05
 18 (restart 0) KSP residual norm 8.979550e-06
 19 (restart 0) KSP residual norm 6.213232e-06
 20 (restart 0) KSP residual norm 3.886238e-06
 21 (restart 0) KSP residual norm 2.580039e-06
 22 (restart 0) KSP residual norm 1.847266e-06
 23 (restart 0) KSP residual norm 1.291497e-06
 24 (restart 0) KSP residual norm 8.229762e-07
 25 (restart 0) KSP residual norm 5.002189e-07
 26 (restart 0) KSP residual norm 3.061368e-07
GMRES solver converged in 26 iterations (avg. reduction factor: 4.868e-01)
  Residual norms for GMRES solve
  0 (restart 0) KSP residual norm 1.460051e+01
  1 (restart 0) KSP residual norm 1.087283e+01
  2 (restart 0) KSP residual norm 6.103201e+00
  3 (restart 0) KSP residual norm 2.115987e+00
  4 (restart 0) KSP residual norm 1.315985e+00
  5 (restart 0) KSP residual norm 3.211543e-01
  6 (restart 0) KSP residual norm 1.932037e-01
  7 (restart 0) KSP residual norm 6.305669e-02
  8 (restart 0) KSP residual norm 1.991921e-02
  9 (restart 0) KSP residual norm 7.518752e-03
 10 (restart 0) KSP residual norm 2.366987e-03
 11 (restart 0) KSP residual norm 1.385576e-03
 12 (restart 0) KSP residual norm 6.389320e-04
 13 (restart 0) KSP residual norm 1.915577e-04
 14 (restart 0) KSP residual norm 6.710410e-05
 15 (restart 0) KSP residual norm 3.365111e-05
 16 (restart 0) KSP residual norm 1.785582e-05
 17 (restart 0) KSP residual norm 1.191712e-05
 18 (restart 0) KSP residual norm 9.652086e-06
 19 (restart 0) KSP residual norm 5.941320e-06
 20 (restart 0) KSP residual norm 3.703623e-06
 21 (restart 0) KSP residual norm 2.638098e-06
 22 (restart 0) KSP residual norm 1.741688e-06
 23 (restart 0) KSP residual norm 1.096242e-06
 24 (restart 0) KSP residual norm 6.697256e-07
 25 (restart 0) KSP residual norm 4.104863e-07
 26 (restart 0) KSP residual norm 2.480363e-07
 27 (restart 0) KSP residual norm 1.551822e-07
 28 (restart 0) KSP residual norm 9.954836e-08
GMRES solver converged in 28 iterations (avg. reduction factor: 5.109e-01)
  Residual norms for GMRES solve
  0 (restart 0) KSP residual norm 6.308482e+00
  1 (restart 0) KSP residual norm 4.686266e+00
  2 (restart 0) KSP residual norm 1.909433e+00
  3 (restart 0) KSP residual norm 1.814812e+00
  4 (restart 0) KSP residual norm 8.934164e-01
  5 (restart 0) KSP residual norm 1.640707e-01
  6 (restart 0) KSP residual norm 4.609964e-02
  7 (restart 0) KSP residual norm 2.118249e-02
  8 (restart 0) KSP residual norm 1.307290e-02
  9 (restart 0) KSP residual norm 5.409988e-03
 10 (restart 0) KSP residual norm 1.240461e-03
 11 (restart 0) KSP residual norm 8.854513e-04
 12 (restart 0) KSP residual norm 5.859204e-04
 13 (restart 0) KSP residual norm 2.166220e-04
 14 (restart 0) KSP residual norm 1.606973e-04
 15 (restart 0) KSP residual norm 1.248864e-04
 16 (restart 0) KSP residual norm 7.035787e-05
 17 (restart 0) KSP residual norm 4.931036e-05
 18 (restart 0) KSP residual norm 3.593348e-05
 19 (restart 0) KSP residual norm 2.441881e-05
 20 (restart 0) KSP residual norm 1.722241e-05
 21 (restart 0) KSP residual norm 1.149474e-05
 22 (restart 0) KSP residual norm 7.662562e-06
 23 (restart 0) KSP residual norm 4.574023e-06
 24 (restart 0) KSP residual norm 2.656802e-06
 25 (restart 0) KSP residual norm 1.743411e-06
 26 (restart 0) KSP residual norm 1.187823e-06
 27 (restart 0) KSP residual norm 7.817127e-07
 28 (restart 0) KSP residual norm 5.334991e-07
 29 (restart 0) KSP residual norm 3.806873e-07
 30 (restart 0) KSP residual norm 2.628395e-07
 31 (restart 0) KSP residual norm 1.758467e-07
 32 (restart 0) KSP residual norm 1.186494e-07
 33 (restart 0) KSP residual norm 8.591300e-08
 34 (restart 0) KSP residual norm 6.181902e-08
GMRES solver converged in 34 iterations (avg. reduction factor: 5.814e-01)
  Residual norms for GMRES solve
  0 (restart 0) KSP residual norm 8.829688e+00
  1 (restart 0) KSP residual norm 5.950525e+00
  2 (restart 0) KSP residual norm 1.394200e+00
  3 (restart 0) KSP residual norm 1.177015e+00
  4 (restart 0) KSP residual norm 8.449762e-01
  5 (restart 0) KSP residual norm 1.580920e-01
  6 (restart 0) KSP residual norm 6.310029e-02
  7 (restart 0) KSP residual norm 2.711245e-02
  8 (restart 0) KSP residual norm 8.359185e-03
  9 (restart 0) KSP residual norm 3.332472e-03
 10 (restart 0) KSP residual norm 9.114021e-04
 11 (restart 0) KSP residual norm 4.406165e-04
 12 (restart 0) KSP residual norm 2.354585e-04
 13 (restart 0) KSP residual norm 8.140027e-05
 14 (restart 0) KSP residual norm 4.087380e-05
 15 (restart 0) KSP residual norm 3.013860e-05
 16 (restart 0) KSP residual norm 2.096005e-05
 17 (restart 0) KSP residual norm 1.419740e-05
 18 (restart 0) KSP residual norm 9.460326e-06
 19 (restart 0) KSP residual norm 6.244001e-06
 20 (restart 0) KSP residual norm 4.499872e-06
 21 (restart 0) KSP residual norm 2.992700e-06
 22 (restart 0) KSP residual norm 1.849793e-06
 23 (restart 0) KSP residual norm 1.235232e-06
 24 (restart 0) KSP residual norm 7.951053e-07
 25 (restart 0) KSP residual norm 5.032082e-07
 26 (restart 0) KSP residual norm 3.246191e-07
 27 (restart 0) KSP residual norm 2.158521e-07
 28 (restart 0) KSP residual norm 1.553685e-07
 29 (restart 0) KSP residual norm 1.023031e-07
 30 (restart 0) KSP residual norm 6.593637e-08
GMRES solver converged in 30 iterations (avg. reduction factor: 5.359e-01)
  Residual norms for GMRES solve
  0 (restart 0) KSP residual norm 1.376725e+01
  1 (restart 0) KSP residual norm 6.176232e+00
  2 (restart 0) KSP residual norm 1.759860e+00
  3 (restart 0) KSP residual norm 1.654191e+00
  4 (restart 0) KSP residual norm 1.045099e+00
  5 (restart 0) KSP residual norm 1.852245e-01
  6 (restart 0) KSP residual norm 5.687404e-02
  7 (restart 0) KSP residual norm 3.218232e-02
  8 (restart 0) KSP residual norm 1.660038e-02
  9 (restart 0) KSP residual norm 5.656746e-03
 10 (restart 0) KSP residual norm 1.243370e-03
 11 (restart 0) KSP residual norm 6.200874e-04
 12 (restart 0) KSP residual norm 4.580109e-04
 13 (restart 0) KSP residual norm 2.163968e-04
 14 (restart 0) KSP residual norm 1.362451e-04
 15 (restart 0) KSP residual norm 1.126658e-04
 16 (restart 0) KSP residual norm 6.806610e-05
 17 (restart 0) KSP residual norm 4.293272e-05
 18 (restart 0) KSP residual norm 3.216718e-05
 19 (restart 0) KSP residual norm 2.148186e-05
 20 (restart 0) KSP residual norm 1.455338e-05
 21 (restart 0) KSP residual norm 1.026462e-05
 22 (restart 0) KSP residual norm 6.647573e-06
 23 (restart 0) KSP residual norm 3.954714e-06
 24 (restart 0) KSP residual norm 2.345689e-06
 25 (restart 0) KSP residual norm 1.534515e-06
 26 (restart 0) KSP residual norm 1.047685e-06
 27 (restart 0) KSP residual norm 6.838283e-07
 28 (restart 0) KSP residual norm 4.631594e-07
 29 (restart 0) KSP residual norm 3.337263e-07
 30 (restart 0) KSP residual norm 2.240990e-07
 31 (restart 0) KSP residual norm 1.503967e-07
 32 (restart 0) KSP residual norm 1.043610e-07
GMRES solver converged in 32 iterations (avg. reduction factor: 5.575e-01)
  Residual norms for GMRES solve
  0 (restart 0) KSP residual norm 1.097086e+01
  1 (restart 0) KSP residual norm 6.748496e+00
  2 (restart 0) KSP residual norm 2.121941e+00
  3 (restart 0) KSP residual norm 1.705847e+00
  4 (restart 0) KSP residual norm 1.133422e+00
  5 (restart 0) KSP residual norm 1.966266e-01
  6 (restart 0) KSP residual norm 8.967425e-02
  7 (restart 0) KSP residual norm 5.163708e-02
  8 (restart 0) KSP residual norm 2.060722e-02
  9 (restart 0) KSP residual norm 6.377999e-03
 10 (restart 0) KSP residual norm 1.291998e-03
 11 (restart 0) KSP residual norm 7.343719e-04
 12 (restart 0) KSP residual norm 4.480511e-04
 13 (restart 0) KSP residual norm 1.383277e-04
 14 (restart 0) KSP residual norm 7.202901e-05
 15 (restart 0) KSP residual norm 5.749478e-05
 16 (restart 0) KSP residual norm 3.961544e-05
 17 (restart 0) KSP residual norm 2.610479e-05
 18 (restart 0) KSP residual norm 1.782155e-05
 19 (restart 0) KSP residual norm 1.208379e-05
 20 (restart 0) KSP residual norm 9.058286e-06
 21 (restart 0) KSP residual norm 6.076700e-06
 22 (restart 0) KSP residual norm 3.804319e-06
 23 (restart 0) KSP residual norm 2.713706e-06
 24 (restart 0) KSP residual norm 1.555292e-06
 25 (restart 0) KSP residual norm 8.514605e-07
 26 (restart 0) KSP residual norm 5.142810e-07
 27 (restart 0) KSP residual norm 3.445794e-07
 28 (restart 0) KSP residual norm 2.284365e-07
 29 (restart 0) KSP residual norm 1.553297e-07
 30 (restart 0) KSP residual norm 1.081948e-07
GMRES solver converged in 30 iterations (avg. reduction factor: 5.409e-01)
  Residual norms for GMRES solve
  0 (restart 0) KSP residual norm 2.047146e+01
  1 (restart 0) KSP residual norm 6.120707e+00
  2 (restart 0) KSP residual norm 1.527785e+00
  3 (restart 0) KSP residual norm 1.353628e+00
  4 (restart 0) KSP residual norm 7.498055e-01
  5 (restart 0) KSP residual norm 1.360712e-01
  6 (restart 0) KSP residual norm 3.535582e-02
  7 (restart 0) KSP residual norm 1.702459e-02
  8 (restart 0) KSP residual norm 9.899888e-03
  9 (restart 0) KSP residual norm 3.889369e-03
 10 (restart 0) KSP residual norm 1.352291e-03
 11 (restart 0) KSP residual norm 9.434542e-04
 12 (restart 0) KSP residual norm 5.251178e-04
 13 (restart 0) KSP residual norm 2.825504e-04
 14 (restart 0) KSP residual norm 2.128525e-04
 15 (restart 0) KSP residual norm 1.487690e-04
 16 (restart 0) KSP residual norm 8.418999e-05
 17 (restart 0) KSP residual norm 6.145192e-05
 18 (restart 0) KSP residual norm 4.197843e-05
 19 (restart 0) KSP residual norm 2.746185e-05
 20 (restart 0) KSP residual norm 2.043793e-05
 21 (restart 0) KSP residual norm 1.349098e-05
 22 (restart 0) KSP residual norm 7.920924e-06
 23 (restart 0) KSP residual norm 4.947424e-06
 24 (restart 0) KSP residual norm 3.257455e-06
 25 (restart 0) KSP residual norm 2.173356e-06
 26 (restart 0) KSP residual norm 1.463555e-06
 27 (restart 0) KSP residual norm 9.798640e-07
 28 (restart 0) KSP residual norm 6.803161e-07
 29 (restart 0) KSP residual norm 4.714626e-07
 30 (restart 0) KSP residual norm 3.272511e-07
 31 (restart 0) KSP residual norm 2.188090e-07
 32 (restart 0) KSP residual norm 1.485456e-07
GMRES solver converged in 32 iterations (avg. reduction factor: 5.567e-01)
  2 EPS nconv=4 first unconverged value (error) 6.48124e-07+0.078208i (9.72270883e-03)
  Residual norms for GMRES solve
  0 (restart 0) KSP residual norm 7.432336e+00
  1 (restart 0) KSP residual norm 4.835633e+00
  2 (restart 0) KSP residual norm 2.274399e+00
  3 (restart 0) KSP residual norm 1.976391e+00
  4 (restart 0) KSP residual norm 9.649824e-01
  5 (restart 0) KSP residual norm 1.470723e-01
  6 (restart 0) KSP residual norm 4.812254e-02
  7 (restart 0) KSP residual norm 2.117042e-02
  8 (restart 0) KSP residual norm 9.441778e-03
  9 (restart 0) KSP residual norm 3.564099e-03
 10 (restart 0) KSP residual norm 1.572762e-03
 11 (restart 0) KSP residual norm 1.050694e-03
 12 (restart 0) KSP residual norm 4.986641e-04
 13 (restart 0) KSP residual norm 3.127621e-04
 14 (restart 0) KSP residual norm 2.470924e-04
 15 (restart 0) KSP residual norm 1.338832e-04
 16 (restart 0) KSP residual norm 9.067503e-05
 17 (restart 0) KSP residual norm 6.869471e-05
 18 (restart 0) KSP residual norm 4.368799e-05
 19 (restart 0) KSP residual norm 3.221657e-05
 20 (restart 0) KSP residual norm 2.163121e-05
 21 (restart 0) KSP residual norm 1.506174e-05
 22 (restart 0) KSP residual norm 9.510511e-06
 23 (restart 0) KSP residual norm 5.719981e-06
 24 (restart 0) KSP residual norm 3.792802e-06
 25 (restart 0) KSP residual norm 2.533830e-06
 26 (restart 0) KSP residual norm 1.654688e-06
 27 (restart 0) KSP residual norm 1.127305e-06
 28 (restart 0) KSP residual norm 7.826245e-07
 29 (restart 0) KSP residual norm 5.443582e-07
 30 (restart 0) KSP residual norm 3.764946e-07
 31 (restart 0) KSP residual norm 2.535912e-07
 32 (restart 0) KSP residual norm 1.741762e-07
 33 (restart 0) KSP residual norm 1.235048e-07
 34 (restart 0) KSP residual norm 8.225246e-08
 35 (restart 0) KSP residual norm 5.433011e-08
GMRES solver converged in 35 iterations (avg. reduction factor: 5.855e-01)
  Residual norms for GMRES solve
  0 (restart 0) KSP residual norm 3.813789e+01
  1 (restart 0) KSP residual norm 3.408481e+01
  2 (restart 0) KSP residual norm 1.258551e+01
  3 (restart 0) KSP residual norm 2.171543e+00
  4 (restart 0) KSP residual norm 1.542776e+00
  5 (restart 0) KSP residual norm 7.011747e-01
  6 (restart 0) KSP residual norm 2.874270e-01
  7 (restart 0) KSP residual norm 5.009344e-02
  8 (restart 0) KSP residual norm 1.561449e-02
  9 (restart 0) KSP residual norm 1.021245e-02
 10 (restart 0) KSP residual norm 7.119448e-03
 11 (restart 0) KSP residual norm 2.970321e-03
 12 (restart 0) KSP residual norm 7.232677e-04
 13 (restart 0) KSP residual norm 3.504883e-04
 14 (restart 0) KSP residual norm 1.536162e-04
 15 (restart 0) KSP residual norm 5.159707e-05
 16 (restart 0) KSP residual norm 2.641427e-05
 17 (restart 0) KSP residual norm 1.751028e-05
 18 (restart 0) KSP residual norm 1.263566e-05
 19 (restart 0) KSP residual norm 8.523284e-06
 20 (restart 0) KSP residual norm 5.164958e-06
 21 (restart 0) KSP residual norm 3.526453e-06
 22 (restart 0) KSP residual norm 2.529570e-06
 23 (restart 0) KSP residual norm 1.607952e-06
 24 (restart 0) KSP residual norm 1.025792e-06
 25 (restart 0) KSP residual norm 6.583119e-07
 26 (restart 0) KSP residual norm 4.066834e-07
 27 (restart 0) KSP residual norm 2.568061e-07
GMRES solver converged in 27 iterations (avg. reduction factor: 4.981e-01)
  Residual norms for GMRES solve
  0 (restart 0) KSP residual norm 1.343986e+01
  1 (restart 0) KSP residual norm 1.272946e+01
  2 (restart 0) KSP residual norm 8.717935e+00
  3 (restart 0) KSP residual norm 4.129744e+00
  4 (restart 0) KSP residual norm 1.150112e+00
  5 (restart 0) KSP residual norm 2.789165e-01
  6 (restart 0) KSP residual norm 1.514672e-01
  7 (restart 0) KSP residual norm 4.385090e-02
  8 (restart 0) KSP residual norm 1.040435e-02
  9 (restart 0) KSP residual norm 4.704574e-03
 10 (restart 0) KSP residual norm 3.155910e-03
 11 (restart 0) KSP residual norm 2.098301e-03
 12 (restart 0) KSP residual norm 4.499554e-04
 13 (restart 0) KSP residual norm 1.748452e-04
 14 (restart 0) KSP residual norm 1.031755e-04
 15 (restart 0) KSP residual norm 5.837733e-05
 16 (restart 0) KSP residual norm 4.380350e-05
 17 (restart 0) KSP residual norm 3.121148e-05
 18 (restart 0) KSP residual norm 1.823107e-05
 19 (restart 0) KSP residual norm 1.192366e-05
 20 (restart 0) KSP residual norm 8.440222e-06
 21 (restart 0) KSP residual norm 5.570802e-06
 22 (restart 0) KSP residual norm 3.636709e-06
 23 (restart 0) KSP residual norm 2.361670e-06
 24 (restart 0) KSP residual norm 1.576612e-06
 25 (restart 0) KSP residual norm 9.911580e-07
 26 (restart 0) KSP residual norm 6.170504e-07
 27 (restart 0) KSP residual norm 4.231707e-07
 28 (restart 0) KSP residual norm 2.961502e-07
 29 (restart 0) KSP residual norm 1.972638e-07
 30 (restart 0) KSP residual norm 1.328129e-07
GMRES solver converged in 30 iterations (avg. reduction factor: 5.410e-01)
  Residual norms for GMRES solve
  0 (restart 0) KSP residual norm 9.652799e+00
  1 (restart 0) KSP residual norm 8.178543e+00
  2 (restart 0) KSP residual norm 5.837395e+00
  3 (restart 0) KSP residual norm 5.433084e+00
  4 (restart 0) KSP residual norm 6.834629e-01
  5 (restart 0) KSP residual norm 1.698586e-01
  6 (restart 0) KSP residual norm 7.947077e-02
  7 (restart 0) KSP residual norm 3.911710e-02
  8 (restart 0) KSP residual norm 1.651605e-02
  9 (restart 0) KSP residual norm 5.399209e-03
 10 (restart 0) KSP residual norm 2.184766e-03
 11 (restart 0) KSP residual norm 1.129363e-03
 12 (restart 0) KSP residual norm 5.336141e-04
 13 (restart 0) KSP residual norm 3.391727e-04
 14 (restart 0) KSP residual norm 2.427128e-04
 15 (restart 0) KSP residual norm 1.441946e-04
 16 (restart 0) KSP residual norm 9.385566e-05
 17 (restart 0) KSP residual norm 6.896970e-05
 18 (restart 0) KSP residual norm 4.576296e-05
 19 (restart 0) KSP residual norm 3.164881e-05
 20 (restart 0) KSP residual norm 2.135649e-05
 21 (restart 0) KSP residual norm 1.489756e-05
 22 (restart 0) KSP residual norm 9.195847e-06
 23 (restart 0) KSP residual norm 5.490834e-06
 24 (restart 0) KSP residual norm 3.753242e-06
 25 (restart 0) KSP residual norm 2.557356e-06
 26 (restart 0) KSP residual norm 1.685021e-06
 27 (restart 0) KSP residual norm 1.132175e-06
 28 (restart 0) KSP residual norm 8.108503e-07
 29 (restart 0) KSP residual norm 5.625618e-07
 30 (restart 0) KSP residual norm 3.735659e-07
 31 (restart 0) KSP residual norm 2.554796e-07
 32 (restart 0) KSP residual norm 1.775475e-07
 33 (restart 0) KSP residual norm 1.258425e-07
 34 (restart 0) KSP residual norm 8.252218e-08
GMRES solver converged in 34 iterations (avg. reduction factor: 5.790e-01)
  Residual norms for GMRES solve
  0 (restart 0) KSP residual norm 4.181118e+01
  1 (restart 0) KSP residual norm 3.900196e+01
  2 (restart 0) KSP residual norm 1.203178e+01
  3 (restart 0) KSP residual norm 4.618918e+00
  4 (restart 0) KSP residual norm 1.498064e+00
  5 (restart 0) KSP residual norm 6.602125e-01
  6 (restart 0) KSP residual norm 2.813208e-01
  7 (restart 0) KSP residual norm 6.046926e-02
  8 (restart 0) KSP residual norm 2.280938e-02
  9 (restart 0) KSP residual norm 1.006570e-02
 10 (restart 0) KSP residual norm 4.709876e-03
 11 (restart 0) KSP residual norm 2.127201e-03
 12 (restart 0) KSP residual norm 6.161063e-04
 13 (restart 0) KSP residual norm 2.068402e-04
 14 (restart 0) KSP residual norm 1.021754e-04
 15 (restart 0) KSP residual norm 6.188997e-05
 16 (restart 0) KSP residual norm 4.229335e-05
 17 (restart 0) KSP residual norm 2.983018e-05
 18 (restart 0) KSP residual norm 1.927322e-05
 19 (restart 0) KSP residual norm 1.180316e-05
 20 (restart 0) KSP residual norm 8.563998e-06
 21 (restart 0) KSP residual norm 5.913396e-06
 22 (restart 0) KSP residual norm 3.620278e-06
 23 (restart 0) KSP residual norm 2.420058e-06
 24 (restart 0) KSP residual norm 1.523874e-06
 25 (restart 0) KSP residual norm 9.440670e-07
 26 (restart 0) KSP residual norm 5.650155e-07
 27 (restart 0) KSP residual norm 3.827848e-07
GMRES solver converged in 27 iterations (avg. reduction factor: 5.038e-01)
  Residual norms for GMRES solve
  0 (restart 0) KSP residual norm 9.460307e+00
  1 (restart 0) KSP residual norm 6.007106e+00
  2 (restart 0) KSP residual norm 1.370878e+00
  3 (restart 0) KSP residual norm 1.206570e+00
  4 (restart 0) KSP residual norm 6.474608e-01
  5 (restart 0) KSP residual norm 1.702622e-01
  6 (restart 0) KSP residual norm 6.265484e-02
  7 (restart 0) KSP residual norm 3.155805e-02
  8 (restart 0) KSP residual norm 1.629601e-02
  9 (restart 0) KSP residual norm 4.696734e-03
 10 (restart 0) KSP residual norm 1.369929e-03
 11 (restart 0) KSP residual norm 6.991908e-04
 12 (restart 0) KSP residual norm 3.829126e-04
 13 (restart 0) KSP residual norm 1.638795e-04
 14 (restart 0) KSP residual norm 1.038924e-04
 15 (restart 0) KSP residual norm 8.283351e-05
 16 (restart 0) KSP residual norm 5.014965e-05
 17 (restart 0) KSP residual norm 3.420384e-05
 18 (restart 0) KSP residual norm 2.499154e-05
 19 (restart 0) KSP residual norm 1.698441e-05
 20 (restart 0) KSP residual norm 1.234293e-05
 21 (restart 0) KSP residual norm 8.555706e-06
 22 (restart 0) KSP residual norm 5.533593e-06
 23 (restart 0) KSP residual norm 3.467127e-06
 24 (restart 0) KSP residual norm 2.030788e-06
 25 (restart 0) KSP residual norm 1.214385e-06
 26 (restart 0) KSP residual norm 8.157336e-07
 27 (restart 0) KSP residual norm 5.450568e-07
 28 (restart 0) KSP residual norm 3.519809e-07
 29 (restart 0) KSP residual norm 2.503642e-07
 30 (restart 0) KSP residual norm 1.730334e-07
 31 (restart 0) KSP residual norm 1.146682e-07
 32 (restart 0) KSP residual norm 7.809457e-08
GMRES solver converged in 32 iterations (avg. reduction factor: 5.590e-01)
  Residual norms for GMRES solve
  0 (restart 0) KSP residual norm 1.472626e+01
  1 (restart 0) KSP residual norm 5.501684e+00
  2 (restart 0) KSP residual norm 2.070907e+00
  3 (restart 0) KSP residual norm 1.762571e+00
  4 (restart 0) KSP residual norm 7.833818e-01
  5 (restart 0) KSP residual norm 1.258409e-01
  6 (restart 0) KSP residual norm 4.383854e-02
  7 (restart 0) KSP residual norm 1.669091e-02
  8 (restart 0) KSP residual norm 9.354683e-03
  9 (restart 0) KSP residual norm 5.045444e-03
 10 (restart 0) KSP residual norm 1.659075e-03
 11 (restart 0) KSP residual norm 7.730146e-04
 12 (restart 0) KSP residual norm 2.372476e-04
 13 (restart 0) KSP residual norm 1.003994e-04
 14 (restart 0) KSP residual norm 6.132337e-05
 15 (restart 0) KSP residual norm 4.014611e-05
 16 (restart 0) KSP residual norm 2.763416e-05
 17 (restart 0) KSP residual norm 2.138241e-05
 18 (restart 0) KSP residual norm 1.061030e-05
 19 (restart 0) KSP residual norm 7.942025e-06
 20 (restart 0) KSP residual norm 5.704991e-06
 21 (restart 0) KSP residual norm 3.283693e-06
 22 (restart 0) KSP residual norm 2.393823e-06
 23 (restart 0) KSP residual norm 1.676410e-06
 24 (restart 0) KSP residual norm 1.132995e-06
 25 (restart 0) KSP residual norm 7.972588e-07
 26 (restart 0) KSP residual norm 5.383172e-07
 27 (restart 0) KSP residual norm 3.674402e-07
 28 (restart 0) KSP residual norm 2.463217e-07
 29 (restart 0) KSP residual norm 1.647568e-07
 30 (restart 0) KSP residual norm 1.138071e-07
GMRES solver converged in 30 iterations (avg. reduction factor: 5.365e-01)
  Residual norms for GMRES solve
  0 (restart 0) KSP residual norm 2.368482e+01
  1 (restart 0) KSP residual norm 6.425853e+00
  2 (restart 0) KSP residual norm 3.623564e+00
  3 (restart 0) KSP residual norm 3.307714e+00
  4 (restart 0) KSP residual norm 9.553070e-01
  5 (restart 0) KSP residual norm 2.024908e-01
  6 (restart 0) KSP residual norm 1.016485e-01
  7 (restart 0) KSP residual norm 5.766490e-02
  8 (restart 0) KSP residual norm 1.953650e-02
  9 (restart 0) KSP residual norm 5.242008e-03
 10 (restart 0) KSP residual norm 1.993994e-03
 11 (restart 0) KSP residual norm 1.209000e-03
 12 (restart 0) KSP residual norm 6.717314e-04
 13 (restart 0) KSP residual norm 3.685763e-04
 14 (restart 0) KSP residual norm 2.540729e-04
 15 (restart 0) KSP residual norm 1.751561e-04
 16 (restart 0) KSP residual norm 1.060329e-04
 17 (restart 0) KSP residual norm 7.678234e-05
 18 (restart 0) KSP residual norm 5.477263e-05
 19 (restart 0) KSP residual norm 3.661727e-05
 20 (restart 0) KSP residual norm 2.530355e-05
 21 (restart 0) KSP residual norm 1.769878e-05
 22 (restart 0) KSP residual norm 1.106666e-05
 23 (restart 0) KSP residual norm 6.290990e-06
 24 (restart 0) KSP residual norm 3.987396e-06
 25 (restart 0) KSP residual norm 2.665825e-06
 26 (restart 0) KSP residual norm 1.776529e-06
 27 (restart 0) KSP residual norm 1.118411e-06
 28 (restart 0) KSP residual norm 7.816467e-07
 29 (restart 0) KSP residual norm 5.709581e-07
 30 (restart 0) KSP residual norm 3.777305e-07
 31 (restart 0) KSP residual norm 2.544854e-07
 32 (restart 0) KSP residual norm 1.751953e-07
GMRES solver converged in 32 iterations (avg. reduction factor: 5.571e-01)
  Residual norms for GMRES solve
  0 (restart 0) KSP residual norm 1.491494e+01
  1 (restart 0) KSP residual norm 7.904793e+00
  2 (restart 0) KSP residual norm 4.270919e+00
  3 (restart 0) KSP residual norm 3.313946e+00
  4 (restart 0) KSP residual norm 1.084506e+00
  5 (restart 0) KSP residual norm 2.120030e-01
  6 (restart 0) KSP residual norm 1.021186e-01
  7 (restart 0) KSP residual norm 5.388074e-02
  8 (restart 0) KSP residual norm 2.028305e-02
  9 (restart 0) KSP residual norm 4.706604e-03
 10 (restart 0) KSP residual norm 1.260980e-03
 11 (restart 0) KSP residual norm 8.004935e-04
 12 (restart 0) KSP residual norm 5.268592e-04
 13 (restart 0) KSP residual norm 1.435568e-04
 14 (restart 0) KSP residual norm 5.503898e-05
 15 (restart 0) KSP residual norm 4.236673e-05
 16 (restart 0) KSP residual norm 3.282851e-05
 17 (restart 0) KSP residual norm 2.185532e-05
 18 (restart 0) KSP residual norm 1.471432e-05
 19 (restart 0) KSP residual norm 9.349353e-06
 20 (restart 0) KSP residual norm 6.694518e-06
 21 (restart 0) KSP residual norm 4.596734e-06
 22 (restart 0) KSP residual norm 2.877858e-06
 23 (restart 0) KSP residual norm 1.865363e-06
 24 (restart 0) KSP residual norm 1.194941e-06
 25 (restart 0) KSP residual norm 7.247762e-07
 26 (restart 0) KSP residual norm 4.499497e-07
 27 (restart 0) KSP residual norm 3.100063e-07
 28 (restart 0) KSP residual norm 2.055791e-07
 29 (restart 0) KSP residual norm 1.390914e-07
GMRES solver converged in 29 iterations (avg. reduction factor: 5.286e-01)
  Residual norms for GMRES solve
  0 (restart 0) KSP residual norm 1.403494e+01
  1 (restart 0) KSP residual norm 8.514804e+00
  2 (restart 0) KSP residual norm 5.165052e+00
  3 (restart 0) KSP residual norm 4.763679e+00
  4 (restart 0) KSP residual norm 1.290734e+00
  5 (restart 0) KSP residual norm 2.515923e-01
  6 (restart 0) KSP residual norm 1.473072e-01
  7 (restart 0) KSP residual norm 5.005770e-02
  8 (restart 0) KSP residual norm 1.863514e-02
  9 (restart 0) KSP residual norm 6.335081e-03
 10 (restart 0) KSP residual norm 1.822158e-03
 11 (restart 0) KSP residual norm 1.271108e-03
 12 (restart 0) KSP residual norm 7.463140e-04
 13 (restart 0) KSP residual norm 4.009619e-04
 14 (restart 0) KSP residual norm 3.104982e-04
 15 (restart 0) KSP residual norm 2.033284e-04
 16 (restart 0) KSP residual norm 1.272852e-04
 17 (restart 0) KSP residual norm 9.245002e-05
 18 (restart 0) KSP residual norm 6.584972e-05
 19 (restart 0) KSP residual norm 4.470308e-05
 20 (restart 0) KSP residual norm 2.979671e-05
 21 (restart 0) KSP residual norm 2.045109e-05
 22 (restart 0) KSP residual norm 1.260700e-05
 23 (restart 0) KSP residual norm 7.181781e-06
 24 (restart 0) KSP residual norm 4.822477e-06
 25 (restart 0) KSP residual norm 3.274718e-06
 26 (restart 0) KSP residual norm 2.137955e-06
 27 (restart 0) KSP residual norm 1.435767e-06
 28 (restart 0) KSP residual norm 1.016961e-06
 29 (restart 0) KSP residual norm 6.995464e-07
 30 (restart 0) KSP residual norm 4.650486e-07
 31 (restart 0) KSP residual norm 3.122076e-07
 32 (restart 0) KSP residual norm 2.212188e-07
 33 (restart 0) KSP residual norm 1.558097e-07
 34 (restart 0) KSP residual norm 1.019471e-07
GMRES solver converged in 34 iterations (avg. reduction factor: 5.763e-01)
  3 EPS nconv=10 first unconverged value (error) -3.34361e-06+0.0863114i (3.81494012e-03)

 Linear eigensolve converged (10 eigenpairs) due to CONVERGED_TOL; iterations 3
 Total number of linear systems solved: 44
 Total number of linear solver iterations: 1351
 Found 10 converged eigenvalues (first = -3.061e-04+1.009e+01i)

 Refining eigenvalues with Quasi-Newton solver
  Residual norms for GMRES solve
  0 (restart 0) KSP residual norm 3.627747e+01
  1 (restart 0) KSP residual norm 1.623443e+00
  2 (restart 0) KSP residual norm 1.157887e+00
  3 (restart 0) KSP residual norm 2.609175e-01
  4 (restart 0) KSP residual norm 2.008531e-01
  5 (restart 0) KSP residual norm 2.003299e-01
  6 (restart 0) KSP residual norm 1.927350e-01
  7 (restart 0) KSP residual norm 1.694599e-01
  8 (restart 0) KSP residual norm 1.462389e-01
  9 (restart 0) KSP residual norm 7.291915e-02
 10 (restart 0) KSP residual norm 3.340438e-02
 11 (restart 0) KSP residual norm 2.500878e-02
 12 (restart 0) KSP residual norm 2.413720e-02
 13 (restart 0) KSP residual norm 2.403212e-02
 14 (restart 0) KSP residual norm 2.377229e-02
 15 (restart 0) KSP residual norm 2.374747e-02
 16 (restart 0) KSP residual norm 2.363002e-02
 17 (restart 0) KSP residual norm 2.354098e-02
 18 (restart 0) KSP residual norm 2.292031e-02
 19 (restart 0) KSP residual norm 2.241192e-02
 20 (restart 0) KSP residual norm 2.007913e-02
 21 (restart 0) KSP residual norm 1.616606e-02
 22 (restart 0) KSP residual norm 1.293137e-02
 23 (restart 0) KSP residual norm 1.070967e-02
GMRES solver converged in 23 iterations (avg. reduction factor: 7.023e-01)
0 NLEPS (nconv=0, restart=0) residual norm 7.627502e-03
  Residual norms for GMRES solve
  0 (restart 0) KSP residual norm 7.244178e-07
  1 (restart 0) KSP residual norm 4.182955e-07
  2 (restart 0) KSP residual norm 3.788641e-07
  3 (restart 0) KSP residual norm 2.594807e-07
  4 (restart 0) KSP residual norm 2.082389e-07
  5 (restart 0) KSP residual norm 1.931682e-07
  6 (restart 0) KSP residual norm 1.919021e-07
  7 (restart 0) KSP residual norm 1.795161e-07
  8 (restart 0) KSP residual norm 1.710940e-07
  9 (restart 0) KSP residual norm 1.441671e-07
 10 (restart 0) KSP residual norm 1.437355e-07
 11 (restart 0) KSP residual norm 1.403296e-07
 12 (restart 0) KSP residual norm 1.376015e-07
 13 (restart 0) KSP residual norm 1.368428e-07
 14 (restart 0) KSP residual norm 1.344720e-07
 15 (restart 0) KSP residual norm 1.342339e-07
 16 (restart 0) KSP residual norm 1.337940e-07
 17 (restart 0) KSP residual norm 1.311147e-07
 18 (restart 0) KSP residual norm 1.290360e-07
 19 (restart 0) KSP residual norm 1.270531e-07
 20 (restart 0) KSP residual norm 1.236330e-07
 21 (restart 0) KSP residual norm 1.216603e-07
 22 (restart 0) KSP residual norm 1.194215e-07
 23 (restart 0) KSP residual norm 1.167440e-07
 24 (restart 0) KSP residual norm 1.163900e-07
 25 (restart 0) KSP residual norm 1.161283e-07
 26 (restart 0) KSP residual norm 1.153264e-07
 27 (restart 0) KSP residual norm 1.137061e-07
 28 (restart 0) KSP residual norm 1.125167e-07
 29 (restart 0) KSP residual norm 1.118388e-07
 30 (restart 0) KSP residual norm 1.110705e-07
 31 (restart 0) KSP residual norm 1.071945e-07
 32 (restart 0) KSP residual norm 1.058699e-07
 33 (restart 0) KSP residual norm 1.047259e-07
 34 (restart 0) KSP residual norm 1.004082e-07
 35 (restart 0) KSP residual norm 9.101235e-08
 36 (restart 0) KSP residual norm 8.170420e-08
 37 (restart 0) KSP residual norm 6.158267e-08
 38 (restart 0) KSP residual norm 4.491873e-08
 39 (restart 0) KSP residual norm 2.939780e-08
 40 (restart 0) KSP residual norm 2.010021e-08
 41 (restart 0) KSP residual norm 1.355755e-08
 42 (restart 0) KSP residual norm 8.642424e-09
 43 (restart 0) KSP residual norm 5.489651e-09
 44 (restart 0) KSP residual norm 3.533557e-09
 45 (restart 0) KSP residual norm 2.372079e-09
 46 (restart 0) KSP residual norm 1.585623e-09
 47 (restart 0) KSP residual norm 1.053383e-09
 48 (restart 0) KSP residual norm 7.336503e-10
 49 (restart 0) KSP residual norm 5.006057e-10
 50 (restart 0) KSP residual norm 3.256588e-10
 51 (restart 0) KSP residual norm 2.112900e-10
GMRES solver converged in 51 iterations (avg. reduction factor: 8.525e-01)
1 NLEPS (nconv=0, restart=0) residual norm 3.456201e-05
  Residual norms for GMRES solve
  0 (restart 0) KSP residual norm 3.061443e-10
  1 (restart 0) KSP residual norm 3.053421e-10
  2 (restart 0) KSP residual norm 2.850567e-10
  3 (restart 0) KSP residual norm 2.231056e-10
  4 (restart 0) KSP residual norm 1.536349e-10
  5 (restart 0) KSP residual norm 9.781841e-11
  6 (restart 0) KSP residual norm 6.533812e-11
  7 (restart 0) KSP residual norm 4.408339e-11
  8 (restart 0) KSP residual norm 3.415224e-11
  9 (restart 0) KSP residual norm 2.283698e-11
 10 (restart 0) KSP residual norm 1.571123e-11
 11 (restart 0) KSP residual norm 1.247321e-11
 12 (restart 0) KSP residual norm 1.010097e-11
 13 (restart 0) KSP residual norm 8.700043e-12
 14 (restart 0) KSP residual norm 8.054524e-12
 15 (restart 0) KSP residual norm 7.053661e-12
 16 (restart 0) KSP residual norm 6.523149e-12
 17 (restart 0) KSP residual norm 6.202692e-12
 18 (restart 0) KSP residual norm 5.896775e-12
 19 (restart 0) KSP residual norm 5.768760e-12
 20 (restart 0) KSP residual norm 5.646346e-12
 21 (restart 0) KSP residual norm 5.178789e-12
 22 (restart 0) KSP residual norm 4.706972e-12
 23 (restart 0) KSP residual norm 4.499926e-12
 24 (restart 0) KSP residual norm 4.321357e-12
 25 (restart 0) KSP residual norm 4.219985e-12
 26 (restart 0) KSP residual norm 4.028633e-12
 27 (restart 0) KSP residual norm 3.992921e-12
 28 (restart 0) KSP residual norm 3.773932e-12
 29 (restart 0) KSP residual norm 3.474454e-12
 30 (restart 0) KSP residual norm 3.230071e-12
 31 (restart 0) KSP residual norm 3.135134e-12
 32 (restart 0) KSP residual norm 3.038610e-12
 33 (restart 0) KSP residual norm 2.988529e-12
 34 (restart 0) KSP residual norm 2.926619e-12
 35 (restart 0) KSP residual norm 2.791997e-12
 36 (restart 0) KSP residual norm 2.649408e-12
 37 (restart 0) KSP residual norm 2.593162e-12
 38 (restart 0) KSP residual norm 2.493537e-12
 39 (restart 0) KSP residual norm 2.458588e-12
 40 (restart 0) KSP residual norm 2.366522e-12
 41 (restart 0) KSP residual norm 2.270994e-12
 42 (restart 0) KSP residual norm 2.226717e-12
 43 (restart 0) KSP residual norm 2.222056e-12
 44 (restart 0) KSP residual norm 2.167906e-12
 45 (restart 0) KSP residual norm 2.113172e-12
 46 (restart 0) KSP residual norm 1.916903e-12
 47 (restart 0) KSP residual norm 1.757767e-12
 48 (restart 0) KSP residual norm 1.633884e-12
 49 (restart 0) KSP residual norm 1.446934e-12
 50 (restart 0) KSP residual norm 1.186307e-12
 51 (restart 0) KSP residual norm 8.887365e-13
GMRES solver converged in 51 iterations (avg. reduction factor: 8.918e-01)
2 NLEPS (nconv=0, restart=0) residual norm 1.262582e-07
  Residual norms for GMRES solve
  0 (restart 0) KSP residual norm 2.595163e-12
  1 (restart 0) KSP residual norm 2.420310e-12
  2 (restart 0) KSP residual norm 2.248245e-12
  3 (restart 0) KSP residual norm 1.430785e-12
  4 (restart 0) KSP residual norm 6.653945e-13
GMRES solver converged in 4 iterations (avg. reduction factor: 7.116e-01)
3 NLEPS (nconv=0, restart=0) residual norm 6.258719e-08
Eigenvalue 0, Quasi-Newton converged in 3 iterations (-3.060e-04+1.009e+01i).
  Residual norms for GMRES solve
  0 (restart 0) KSP residual norm 3.199024e+01
  1 (restart 0) KSP residual norm 8.504525e+00
  2 (restart 0) KSP residual norm 3.268494e+00
  3 (restart 0) KSP residual norm 1.654206e+00
  4 (restart 0) KSP residual norm 1.184012e+00
  5 (restart 0) KSP residual norm 1.183930e+00
  6 (restart 0) KSP residual norm 1.064388e+00
  7 (restart 0) KSP residual norm 5.194513e-01
  8 (restart 0) KSP residual norm 2.461381e-01
  9 (restart 0) KSP residual norm 1.863674e-01
 10 (restart 0) KSP residual norm 1.335599e-01
 11 (restart 0) KSP residual norm 1.021854e-01
 12 (restart 0) KSP residual norm 7.782446e-02
 13 (restart 0) KSP residual norm 6.454834e-02
 14 (restart 0) KSP residual norm 5.821718e-02
 15 (restart 0) KSP residual norm 5.347447e-02
 16 (restart 0) KSP residual norm 5.049649e-02
 17 (restart 0) KSP residual norm 4.968677e-02
 18 (restart 0) KSP residual norm 4.933849e-02
 19 (restart 0) KSP residual norm 4.838747e-02
 20 (restart 0) KSP residual norm 4.751158e-02
 21 (restart 0) KSP residual norm 3.741845e-02
 22 (restart 0) KSP residual norm 1.997878e-02
 23 (restart 0) KSP residual norm 8.123425e-03
GMRES solver converged in 23 iterations (avg. reduction factor: 6.977e-01)
0 NLEPS (nconv=1, restart=0) residual norm 1.295233e-01
  Residual norms for GMRES solve
  0 (restart 0) KSP residual norm 1.754037e+00
  1 (restart 0) KSP residual norm 6.527034e-01
  2 (restart 0) KSP residual norm 6.431395e-01
  3 (restart 0) KSP residual norm 1.899170e-01
  4 (restart 0) KSP residual norm 1.052295e-01
  5 (restart 0) KSP residual norm 6.146239e-02
  6 (restart 0) KSP residual norm 4.096193e-02
  7 (restart 0) KSP residual norm 2.351938e-02
  8 (restart 0) KSP residual norm 1.645055e-02
  9 (restart 0) KSP residual norm 8.489619e-03
 10 (restart 0) KSP residual norm 4.704120e-03
 11 (restart 0) KSP residual norm 3.399894e-03
 12 (restart 0) KSP residual norm 3.206375e-03
 13 (restart 0) KSP residual norm 3.093728e-03
 14 (restart 0) KSP residual norm 2.559776e-03
 15 (restart 0) KSP residual norm 2.285412e-03
 16 (restart 0) KSP residual norm 1.652614e-03
 17 (restart 0) KSP residual norm 1.594560e-03
 18 (restart 0) KSP residual norm 1.591619e-03
 19 (restart 0) KSP residual norm 1.472112e-03
 20 (restart 0) KSP residual norm 1.131051e-03
 21 (restart 0) KSP residual norm 9.311450e-04
 22 (restart 0) KSP residual norm 7.689125e-04
 23 (restart 0) KSP residual norm 7.212705e-04
 24 (restart 0) KSP residual norm 6.126542e-04
 25 (restart 0) KSP residual norm 4.782218e-04
GMRES solver converged in 25 iterations (avg. reduction factor: 7.202e-01)
1 NLEPS (nconv=1, restart=0) residual norm 8.873414e-04
  Residual norms for GMRES solve
  0 (restart 0) KSP residual norm 3.711934e-05
  1 (restart 0) KSP residual norm 3.631945e-05
  2 (restart 0) KSP residual norm 3.627241e-05
  3 (restart 0) KSP residual norm 3.179451e-05
  4 (restart 0) KSP residual norm 8.728395e-06
  5 (restart 0) KSP residual norm 2.929456e-06
  6 (restart 0) KSP residual norm 1.337249e-06
  7 (restart 0) KSP residual norm 7.745803e-07
  8 (restart 0) KSP residual norm 4.229334e-07
  9 (restart 0) KSP residual norm 2.848230e-07
 10 (restart 0) KSP residual norm 1.437941e-07
 11 (restart 0) KSP residual norm 1.195963e-07
 12 (restart 0) KSP residual norm 6.073050e-08
 13 (restart 0) KSP residual norm 5.000396e-08
 14 (restart 0) KSP residual norm 2.739087e-08
 15 (restart 0) KSP residual norm 2.347816e-08
 16 (restart 0) KSP residual norm 1.226889e-08
 17 (restart 0) KSP residual norm 9.943033e-09
GMRES solver converged in 17 iterations (avg. reduction factor: 6.164e-01)
2 NLEPS (nconv=1, restart=0) residual norm 6.690981e-05
  Residual norms for GMRES solve
  0 (restart 0) KSP residual norm 2.946163e-08
  1 (restart 0) KSP residual norm 2.723452e-08
  2 (restart 0) KSP residual norm 2.720382e-08
  3 (restart 0) KSP residual norm 2.704935e-08
  4 (restart 0) KSP residual norm 1.880546e-08
  5 (restart 0) KSP residual norm 1.465379e-08
  6 (restart 0) KSP residual norm 8.452123e-09
  7 (restart 0) KSP residual norm 5.016649e-09
  8 (restart 0) KSP residual norm 4.078299e-09
  9 (restart 0) KSP residual norm 3.487776e-09
 10 (restart 0) KSP residual norm 2.912751e-09
 11 (restart 0) KSP residual norm 1.885883e-09
 12 (restart 0) KSP residual norm 9.878626e-10
 13 (restart 0) KSP residual norm 5.757448e-10
 14 (restart 0) KSP residual norm 2.613287e-10
 15 (restart 0) KSP residual norm 1.268548e-10
 16 (restart 0) KSP residual norm 8.647013e-11
 17 (restart 0) KSP residual norm 5.526838e-11
 18 (restart 0) KSP residual norm 3.809593e-11
 19 (restart 0) KSP residual norm 2.864826e-11
 20 (restart 0) KSP residual norm 2.400747e-11
 21 (restart 0) KSP residual norm 2.135123e-11
 22 (restart 0) KSP residual norm 1.893558e-11
 23 (restart 0) KSP residual norm 1.736280e-11
 24 (restart 0) KSP residual norm 1.378783e-11
 25 (restart 0) KSP residual norm 1.209631e-11
 26 (restart 0) KSP residual norm 1.150255e-11
 27 (restart 0) KSP residual norm 1.077664e-11
 28 (restart 0) KSP residual norm 9.630952e-12
 29 (restart 0) KSP residual norm 8.712713e-12
 30 (restart 0) KSP residual norm 8.581714e-12
 31 (restart 0) KSP residual norm 8.426735e-12
 32 (restart 0) KSP residual norm 7.986759e-12
 33 (restart 0) KSP residual norm 7.651197e-12
 34 (restart 0) KSP residual norm 7.034429e-12
 35 (restart 0) KSP residual norm 6.871667e-12
 36 (restart 0) KSP residual norm 6.578508e-12
 37 (restart 0) KSP residual norm 6.260342e-12
 38 (restart 0) KSP residual norm 6.134704e-12
 39 (restart 0) KSP residual norm 5.639043e-12
 40 (restart 0) KSP residual norm 5.087084e-12
 41 (restart 0) KSP residual norm 3.983612e-12
 42 (restart 0) KSP residual norm 2.525918e-12
 43 (restart 0) KSP residual norm 1.481390e-12
GMRES solver converged in 43 iterations (avg. reduction factor: 7.944e-01)
3 NLEPS (nconv=1, restart=0) residual norm 2.827404e-07
  Residual norms for GMRES solve
  0 (restart 0) KSP residual norm 5.991412e-11
  1 (restart 0) KSP residual norm 6.477803e-12
  2 (restart 0) KSP residual norm 5.518750e-12
  3 (restart 0) KSP residual norm 5.140074e-12
  4 (restart 0) KSP residual norm 3.354053e-12
  5 (restart 0) KSP residual norm 2.022943e-12
  6 (restart 0) KSP residual norm 8.775049e-13
GMRES solver converged in 6 iterations (avg. reduction factor: 4.946e-01)
4 NLEPS (nconv=1, restart=0) residual norm 1.646501e-07
  Residual norms for GMRES solve
  0 (restart 0) KSP residual norm 9.741718e-13
GMRES solver converged in 0 iterations
   NLEPS Armijo backtracks=9, alpha=1.953e-03, res_new=1.646501e-07
5 NLEPS (nconv=1, restart=0) residual norm 1.646501e-07
  Residual norms for GMRES solve
  0 (restart 0) KSP residual norm 9.741724e-13
GMRES solver converged in 0 iterations
   NLEPS Armijo backtracks=9, alpha=1.953e-03, res_new=1.646501e-07
6 NLEPS (nconv=1, restart=0) residual norm 1.646501e-07
  Residual norms for GMRES solve
  0 (restart 0) KSP residual norm 9.741828e-13
GMRES solver converged in 0 iterations
   NLEPS Armijo backtracks=9, alpha=1.953e-03, res_new=1.646501e-07
7 NLEPS (nconv=1, restart=0) residual norm 1.646501e-07
  Residual norms for GMRES solve
  0 (restart 0) KSP residual norm 9.741787e-13
GMRES solver converged in 0 iterations
   NLEPS Armijo backtracks=9, alpha=1.953e-03, res_new=1.646501e-07
8 NLEPS (nconv=1, restart=0) residual norm 1.646501e-07
  Residual norms for GMRES solve
  0 (restart 0) KSP residual norm 9.741666e-13
GMRES solver converged in 0 iterations
   NLEPS Armijo backtracks=9, alpha=1.953e-03, res_new=1.646501e-07
9 NLEPS (nconv=1, restart=0) residual norm 1.646501e-07
  Residual norms for GMRES solve
  0 (restart 0) KSP residual norm 9.741602e-13
GMRES solver converged in 0 iterations
   NLEPS Armijo backtracks=9, alpha=1.953e-03, res_new=1.646501e-07
10 NLEPS (nconv=1, restart=0) residual norm 1.646501e-07
  Residual norms for GMRES solve
  0 (restart 0) KSP residual norm 9.741550e-13
GMRES solver converged in 0 iterations
   NLEPS Armijo backtracks=9, alpha=1.953e-03, res_new=1.646501e-07
11 NLEPS (nconv=1, restart=0) residual norm 1.646501e-07
  Residual norms for GMRES solve
  0 (restart 0) KSP residual norm 9.741696e-13
GMRES solver converged in 0 iterations
   NLEPS Armijo backtracks=9, alpha=1.953e-03, res_new=1.646501e-07
12 NLEPS (nconv=1, restart=0) residual norm 1.646501e-07
  Residual norms for GMRES solve
  0 (restart 0) KSP residual norm 9.741605e-13
GMRES solver converged in 0 iterations
   NLEPS Armijo backtracks=9, alpha=1.953e-03, res_new=1.646501e-07
13 NLEPS (nconv=1, restart=0) residual norm 1.646501e-07
  Residual norms for GMRES solve
  0 (restart 0) KSP residual norm 9.741454e-13
GMRES solver converged in 0 iterations
   NLEPS Armijo backtracks=9, alpha=1.953e-03, res_new=1.646501e-07
14 NLEPS (nconv=1, restart=0) residual norm 1.646501e-07
  Residual norms for GMRES solve
  0 (restart 0) KSP residual norm 9.741389e-13
GMRES solver converged in 0 iterations
   NLEPS Armijo backtracks=9, alpha=1.953e-03, res_new=1.646501e-07
15 NLEPS (nconv=1, restart=0) residual norm 1.646501e-07
  Residual norms for GMRES solve
  0 (restart 0) KSP residual norm 9.741551e-13
GMRES solver converged in 0 iterations
   NLEPS Armijo backtracks=9, alpha=1.953e-03, res_new=1.646501e-07
16 NLEPS (nconv=1, restart=0) residual norm 1.646501e-07
  Residual norms for GMRES solve
  0 (restart 0) KSP residual norm 9.741392e-13
GMRES solver converged in 0 iterations
   NLEPS Armijo backtracks=9, alpha=1.953e-03, res_new=1.646501e-07
17 NLEPS (nconv=1, restart=0) residual norm 1.646501e-07
  Residual norms for GMRES solve
  0 (restart 0) KSP residual norm 9.741391e-13
GMRES solver converged in 0 iterations
   NLEPS Armijo backtracks=9, alpha=1.953e-03, res_new=1.646501e-07
18 NLEPS (nconv=1, restart=0) residual norm 1.646501e-07
  Residual norms for GMRES solve
  0 (restart 0) KSP residual norm 9.741247e-13
GMRES solver converged in 0 iterations
   NLEPS Armijo backtracks=9, alpha=1.953e-03, res_new=1.646501e-07
19 NLEPS (nconv=1, restart=0) residual norm 1.646501e-07
  Residual norms for GMRES solve
  0 (restart 0) KSP residual norm 9.741446e-13
GMRES solver converged in 0 iterations
   NLEPS Armijo backtracks=9, alpha=1.953e-03, res_new=1.646501e-07
20 NLEPS (nconv=1, restart=0) residual norm 1.646501e-07
  Residual norms for GMRES solve
  0 (restart 0) KSP residual norm 9.741430e-13
GMRES solver converged in 0 iterations
   NLEPS Armijo backtracks=9, alpha=1.953e-03, res_new=1.646501e-07
21 NLEPS (nconv=1, restart=0) residual norm 1.646501e-07
  Residual norms for GMRES solve
  0 (restart 0) KSP residual norm 9.741495e-13
GMRES solver converged in 0 iterations
   NLEPS Armijo backtracks=9, alpha=1.953e-03, res_new=1.646501e-07
22 NLEPS (nconv=1, restart=0) residual norm 1.646501e-07
  Residual norms for GMRES solve
  0 (restart 0) KSP residual norm 9.741584e-13
GMRES solver converged in 0 iterations
   NLEPS Armijo backtracks=9, alpha=1.953e-03, res_new=1.646501e-07
23 NLEPS (nconv=1, restart=0) residual norm 1.646501e-07
  Residual norms for GMRES solve
  0 (restart 0) KSP residual norm 9.741590e-13
GMRES solver converged in 0 iterations
   NLEPS Armijo backtracks=9, alpha=1.953e-03, res_new=1.646501e-07
24 NLEPS (nconv=1, restart=0) residual norm 1.646501e-07
  Residual norms for GMRES solve
  0 (restart 0) KSP residual norm 9.741428e-13
GMRES solver converged in 0 iterations
   NLEPS Armijo backtracks=9, alpha=1.953e-03, res_new=1.646501e-07
25 NLEPS (nconv=1, restart=0) residual norm 1.646501e-07
  Residual norms for GMRES solve
  0 (restart 0) KSP residual norm 9.741396e-13
GMRES solver converged in 0 iterations
   NLEPS Armijo backtracks=9, alpha=1.953e-03, res_new=1.646501e-07
26 NLEPS (nconv=1, restart=0) residual norm 1.646501e-07
  Residual norms for GMRES solve
  0 (restart 0) KSP residual norm 9.741273e-13
GMRES solver converged in 0 iterations
   NLEPS Armijo backtracks=9, alpha=1.953e-03, res_new=1.646501e-07
27 NLEPS (nconv=1, restart=0) residual norm 1.646501e-07
  Residual norms for GMRES solve
  0 (restart 0) KSP residual norm 9.741317e-13
GMRES solver converged in 0 iterations
   NLEPS Armijo backtracks=9, alpha=1.953e-03, res_new=1.646501e-07
28 NLEPS (nconv=1, restart=0) residual norm 1.646501e-07
  Residual norms for GMRES solve
  0 (restart 0) KSP residual norm 9.741240e-13
GMRES solver converged in 0 iterations
   NLEPS Armijo backtracks=9, alpha=1.953e-03, res_new=1.646501e-07
29 NLEPS (nconv=1, restart=0) residual norm 1.646501e-07
  Residual norms for GMRES solve
  0 (restart 0) KSP residual norm 9.741198e-13
GMRES solver converged in 0 iterations
   NLEPS Armijo backtracks=9, alpha=1.953e-03, res_new=1.646501e-07
30 NLEPS (nconv=1, restart=0) residual norm 1.646501e-07
  Residual norms for GMRES solve
  0 (restart 0) KSP residual norm 9.741427e-13
GMRES solver converged in 0 iterations
   NLEPS Armijo backtracks=9, alpha=1.953e-03, res_new=1.646501e-07
31 NLEPS (nconv=1, restart=0) residual norm 1.646501e-07
  Residual norms for GMRES solve
  0 (restart 0) KSP residual norm 9.741622e-13
GMRES solver converged in 0 iterations
   NLEPS Armijo backtracks=9, alpha=1.953e-03, res_new=1.646501e-07
32 NLEPS (nconv=1, restart=0) residual norm 1.646501e-07
  Residual norms for GMRES solve
  0 (restart 0) KSP residual norm 9.741696e-13
GMRES solver converged in 0 iterations
   NLEPS Armijo backtracks=9, alpha=1.953e-03, res_new=1.646501e-07
33 NLEPS (nconv=1, restart=0) residual norm 1.646501e-07
  Residual norms for GMRES solve
  0 (restart 0) KSP residual norm 9.741572e-13
GMRES solver converged in 0 iterations
   NLEPS Armijo backtracks=9, alpha=1.953e-03, res_new=1.646501e-07
34 NLEPS (nconv=1, restart=0) residual norm 1.646501e-07
  Residual norms for GMRES solve
  0 (restart 0) KSP residual norm 9.741345e-13
GMRES solver converged in 0 iterations
   NLEPS Armijo backtracks=9, alpha=1.953e-03, res_new=1.646501e-07
35 NLEPS (nconv=1, restart=0) residual norm 1.646501e-07
  Residual norms for GMRES solve
  0 (restart 0) KSP residual norm 9.741145e-13
GMRES solver converged in 0 iterations
   NLEPS Armijo backtracks=9, alpha=1.953e-03, res_new=1.646501e-07
36 NLEPS (nconv=1, restart=0) residual norm 1.646501e-07
  Residual norms for GMRES solve
  0 (restart 0) KSP residual norm 9.741137e-13
GMRES solver converged in 0 iterations
   NLEPS Armijo backtracks=9, alpha=1.953e-03, res_new=1.646501e-07
37 NLEPS (nconv=1, restart=0) residual norm 1.646501e-07
  Residual norms for GMRES solve
  0 (restart 0) KSP residual norm 9.741292e-13
GMRES solver converged in 0 iterations
   NLEPS Armijo backtracks=9, alpha=1.953e-03, res_new=1.646501e-07
38 NLEPS (nconv=1, restart=0) residual norm 1.646501e-07
  Residual norms for GMRES solve
  0 (restart 0) KSP residual norm 9.741323e-13
GMRES solver converged in 0 iterations
   NLEPS Armijo backtracks=9, alpha=1.953e-03, res_new=1.646501e-07
39 NLEPS (nconv=1, restart=0) residual norm 1.646501e-07
  Residual norms for GMRES solve
  0 (restart 0) KSP residual norm 9.741345e-13
GMRES solver converged in 0 iterations
   NLEPS Armijo backtracks=9, alpha=1.953e-03, res_new=1.646501e-07
40 NLEPS (nconv=1, restart=0) residual norm 1.646501e-07
  Residual norms for GMRES solve
  0 (restart 0) KSP residual norm 9.741154e-13
GMRES solver converged in 0 iterations
   NLEPS Armijo backtracks=9, alpha=1.953e-03, res_new=1.646501e-07
41 NLEPS (nconv=1, restart=0) residual norm 1.646501e-07
  Residual norms for GMRES solve
  0 (restart 0) KSP residual norm 9.741193e-13
GMRES solver converged in 0 iterations
   NLEPS Armijo backtracks=9, alpha=1.953e-03, res_new=1.646501e-07
42 NLEPS (nconv=1, restart=0) residual norm 1.646501e-07
  Residual norms for GMRES solve
  0 (restart 0) KSP residual norm 9.741201e-13
GMRES solver converged in 0 iterations
   NLEPS Armijo backtracks=9, alpha=1.953e-03, res_new=1.646501e-07
43 NLEPS (nconv=1, restart=0) residual norm 1.646501e-07
  Residual norms for GMRES solve
  0 (restart 0) KSP residual norm 9.741074e-13
GMRES solver converged in 0 iterations
   NLEPS Armijo backtracks=9, alpha=1.953e-03, res_new=1.646501e-07
44 NLEPS (nconv=1, restart=0) residual norm 1.646501e-07
  Residual norms for GMRES solve
  0 (restart 0) KSP residual norm 9.741186e-13
GMRES solver converged in 0 iterations
   NLEPS Armijo backtracks=9, alpha=1.953e-03, res_new=1.646501e-07
45 NLEPS (nconv=1, restart=0) residual norm 1.646501e-07
  Residual norms for GMRES solve
  0 (restart 0) KSP residual norm 9.741205e-13
GMRES solver converged in 0 iterations
   NLEPS Armijo backtracks=9, alpha=1.953e-03, res_new=1.646501e-07
46 NLEPS (nconv=1, restart=0) residual norm 1.646501e-07
  Residual norms for GMRES solve
  0 (restart 0) KSP residual norm 9.741037e-13
GMRES solver converged in 0 iterations
   NLEPS Armijo backtracks=9, alpha=1.953e-03, res_new=1.646501e-07
47 NLEPS (nconv=1, restart=0) residual norm 1.646501e-07
  Residual norms for GMRES solve
  0 (restart 0) KSP residual norm 9.741085e-13
GMRES solver converged in 0 iterations
   NLEPS Armijo backtracks=9, alpha=1.953e-03, res_new=1.646501e-07
48 NLEPS (nconv=1, restart=0) residual norm 1.646501e-07
  Residual norms for GMRES solve
  0 (restart 0) KSP residual norm 9.741064e-13
GMRES solver converged in 0 iterations
   NLEPS Armijo backtracks=9, alpha=1.953e-03, res_new=1.646501e-07
49 NLEPS (nconv=1, restart=0) residual norm 1.646501e-07
  Residual norms for GMRES solve
  0 (restart 0) KSP residual norm 9.740993e-13
GMRES solver converged in 0 iterations
   NLEPS Armijo backtracks=9, alpha=1.953e-03, res_new=1.646501e-07
50 NLEPS (nconv=1, restart=0) residual norm 1.646501e-07
  Residual norms for GMRES solve
  0 (restart 0) KSP residual norm 9.741216e-13
GMRES solver converged in 0 iterations
   NLEPS Armijo backtracks=9, alpha=1.953e-03, res_new=1.646501e-07
51 NLEPS (nconv=1, restart=0) residual norm 1.646501e-07
  Residual norms for GMRES solve
  0 (restart 0) KSP residual norm 9.741234e-13
GMRES solver converged in 0 iterations
   NLEPS Armijo backtracks=9, alpha=1.953e-03, res_new=1.646501e-07
52 NLEPS (nconv=1, restart=0) residual norm 1.646501e-07
  Residual norms for GMRES solve
  0 (restart 0) KSP residual norm 9.741126e-13
GMRES solver converged in 0 iterations
   NLEPS Armijo backtracks=9, alpha=1.953e-03, res_new=1.646501e-07
53 NLEPS (nconv=1, restart=0) residual norm 1.646501e-07
  Residual norms for GMRES solve
  0 (restart 0) KSP residual norm 9.740997e-13
GMRES solver converged in 0 iterations
   NLEPS Armijo backtracks=9, alpha=1.953e-03, res_new=1.646501e-07
54 NLEPS (nconv=1, restart=0) residual norm 1.646501e-07
  Residual norms for GMRES solve
  0 (restart 0) KSP residual norm 9.741066e-13
GMRES solver converged in 0 iterations
   NLEPS Armijo backtracks=9, alpha=1.953e-03, res_new=1.646501e-07
55 NLEPS (nconv=1, restart=0) residual norm 1.646501e-07
  Residual norms for GMRES solve
  0 (restart 0) KSP residual norm 9.741116e-13
GMRES solver converged in 0 iterations
   NLEPS Armijo backtracks=9, alpha=1.953e-03, res_new=1.646501e-07
56 NLEPS (nconv=1, restart=0) residual norm 1.646501e-07
  Residual norms for GMRES solve
  0 (restart 0) KSP residual norm 9.741208e-13
GMRES solver converged in 0 iterations
   NLEPS Armijo backtracks=9, alpha=1.953e-03, res_new=1.646501e-07
57 NLEPS (nconv=1, restart=0) residual norm 1.646501e-07
  Residual norms for GMRES solve
  0 (restart 0) KSP residual norm 9.741089e-13
GMRES solver converged in 0 iterations
   NLEPS Armijo backtracks=9, alpha=1.953e-03, res_new=1.646501e-07
58 NLEPS (nconv=1, restart=0) residual norm 1.646501e-07
  Residual norms for GMRES solve
  0 (restart 0) KSP residual norm 9.741160e-13
GMRES solver converged in 0 iterations
   NLEPS Armijo backtracks=9, alpha=1.953e-03, res_new=1.646501e-07
59 NLEPS (nconv=1, restart=0) residual norm 1.646501e-07
  Residual norms for GMRES solve
  0 (restart 0) KSP residual norm 9.741169e-13
GMRES solver converged in 0 iterations
   NLEPS Armijo backtracks=9, alpha=1.953e-03, res_new=1.646501e-07
60 NLEPS (nconv=1, restart=0) residual norm 1.646501e-07
  Residual norms for GMRES solve
  0 (restart 0) KSP residual norm 9.741203e-13
GMRES solver converged in 0 iterations
   NLEPS Armijo backtracks=9, alpha=1.953e-03, res_new=1.646501e-07
61 NLEPS (nconv=1, restart=0) residual norm 1.646501e-07
  Residual norms for GMRES solve
  0 (restart 0) KSP residual norm 9.741523e-13
GMRES solver converged in 0 iterations
   NLEPS Armijo backtracks=9, alpha=1.953e-03, res_new=1.646501e-07
62 NLEPS (nconv=1, restart=0) residual norm 1.646501e-07
  Residual norms for GMRES solve
  0 (restart 0) KSP residual norm 9.741215e-13
GMRES solver converged in 0 iterations
   NLEPS Armijo backtracks=9, alpha=1.953e-03, res_new=1.646501e-07
63 NLEPS (nconv=1, restart=0) residual norm 1.646501e-07
  Residual norms for GMRES solve
  0 (restart 0) KSP residual norm 9.741430e-13
GMRES solver converged in 0 iterations
   NLEPS Armijo backtracks=9, alpha=1.953e-03, res_new=1.646501e-07
64 NLEPS (nconv=1, restart=0) residual norm 1.646501e-07
  Residual norms for GMRES solve
  0 (restart 0) KSP residual norm 9.741473e-13
GMRES solver converged in 0 iterations
   NLEPS Armijo backtracks=9, alpha=1.953e-03, res_new=1.646501e-07
65 NLEPS (nconv=1, restart=0) residual norm 1.646501e-07
  Residual norms for GMRES solve
  0 (restart 0) KSP residual norm 9.741475e-13
GMRES solver converged in 0 iterations
   NLEPS Armijo backtracks=9, alpha=1.953e-03, res_new=1.646501e-07
66 NLEPS (nconv=1, restart=0) residual norm 1.646501e-07
  Residual norms for GMRES solve
  0 (restart 0) KSP residual norm 9.741375e-13
GMRES solver converged in 0 iterations
   NLEPS Armijo backtracks=9, alpha=1.953e-03, res_new=1.646501e-07
67 NLEPS (nconv=1, restart=0) residual norm 1.646501e-07
  Residual norms for GMRES solve
  0 (restart 0) KSP residual norm 9.741286e-13
GMRES solver converged in 0 iterations
   NLEPS Armijo backtracks=9, alpha=1.953e-03, res_new=1.646501e-07
68 NLEPS (nconv=1, restart=0) residual norm 1.646501e-07
  Residual norms for GMRES solve
  0 (restart 0) KSP residual norm 9.741159e-13
GMRES solver converged in 0 iterations
   NLEPS Armijo backtracks=9, alpha=1.953e-03, res_new=1.646501e-07
69 NLEPS (nconv=1, restart=0) residual norm 1.646501e-07
  Residual norms for GMRES solve
  0 (restart 0) KSP residual norm 9.741109e-13
GMRES solver converged in 0 iterations
   NLEPS Armijo backtracks=9, alpha=1.953e-03, res_new=1.646501e-07
70 NLEPS (nconv=1, restart=0) residual norm 1.646501e-07
  Residual norms for GMRES solve
  0 (restart 0) KSP residual norm 9.741288e-13
GMRES solver converged in 0 iterations
   NLEPS Armijo backtracks=9, alpha=1.953e-03, res_new=1.646501e-07
71 NLEPS (nconv=1, restart=0) residual norm 1.646501e-07
  Residual norms for GMRES solve
  0 (restart 0) KSP residual norm 9.741202e-13
GMRES solver converged in 0 iterations
   NLEPS Armijo backtracks=9, alpha=1.953e-03, res_new=1.646501e-07
72 NLEPS (nconv=1, restart=0) residual norm 1.646501e-07
  Residual norms for GMRES solve
  0 (restart 0) KSP residual norm 9.741178e-13
GMRES solver converged in 0 iterations
   NLEPS Armijo backtracks=9, alpha=1.953e-03, res_new=1.646501e-07
73 NLEPS (nconv=1, restart=0) residual norm 1.646501e-07
  Residual norms for GMRES solve
  0 (restart 0) KSP residual norm 9.741116e-13
GMRES solver converged in 0 iterations
   NLEPS Armijo backtracks=9, alpha=1.953e-03, res_new=1.646501e-07
74 NLEPS (nconv=1, restart=0) residual norm 1.646501e-07
  Residual norms for GMRES solve
  0 (restart 0) KSP residual norm 9.741168e-13
GMRES solver converged in 0 iterations
   NLEPS Armijo backtracks=9, alpha=1.953e-03, res_new=1.646501e-07
75 NLEPS (nconv=1, restart=0) residual norm 1.646501e-07
  Residual norms for GMRES solve
  0 (restart 0) KSP residual norm 9.741335e-13
GMRES solver converged in 0 iterations
   NLEPS Armijo backtracks=9, alpha=1.953e-03, res_new=1.646501e-07
76 NLEPS (nconv=1, restart=0) residual norm 1.646501e-07
  Residual norms for GMRES solve
  0 (restart 0) KSP residual norm 9.741688e-13
GMRES solver converged in 0 iterations
   NLEPS Armijo backtracks=9, alpha=1.953e-03, res_new=1.646501e-07
77 NLEPS (nconv=1, restart=0) residual norm 1.646501e-07
  Residual norms for GMRES solve
  0 (restart 0) KSP residual norm 9.741533e-13
GMRES solver converged in 0 iterations
   NLEPS Armijo backtracks=9, alpha=1.953e-03, res_new=1.646501e-07
78 NLEPS (nconv=1, restart=0) residual norm 1.646501e-07
  Residual norms for GMRES solve
  0 (restart 0) KSP residual norm 9.741405e-13
GMRES solver converged in 0 iterations
   NLEPS Armijo backtracks=9, alpha=1.953e-03, res_new=1.646501e-07
79 NLEPS (nconv=1, restart=0) residual norm 1.646501e-07
  Residual norms for GMRES solve
  0 (restart 0) KSP residual norm 9.741369e-13
GMRES solver converged in 0 iterations
   NLEPS Armijo backtracks=9, alpha=1.953e-03, res_new=1.646501e-07
80 NLEPS (nconv=1, restart=0) residual norm 1.646501e-07
  Residual norms for GMRES solve
  0 (restart 0) KSP residual norm 9.741429e-13
GMRES solver converged in 0 iterations
   NLEPS Armijo backtracks=9, alpha=1.953e-03, res_new=1.646501e-07
81 NLEPS (nconv=1, restart=0) residual norm 1.646501e-07
  Residual norms for GMRES solve
  0 (restart 0) KSP residual norm 9.741486e-13
GMRES solver converged in 0 iterations
   NLEPS Armijo backtracks=9, alpha=1.953e-03, res_new=1.646501e-07
82 NLEPS (nconv=1, restart=0) residual norm 1.646501e-07
  Residual norms for GMRES solve
  0 (restart 0) KSP residual norm 9.741570e-13
GMRES solver converged in 0 iterations
   NLEPS Armijo backtracks=9, alpha=1.953e-03, res_new=1.646501e-07
83 NLEPS (nconv=1, restart=0) residual norm 1.646501e-07
  Residual norms for GMRES solve
  0 (restart 0) KSP residual norm 9.741507e-13
GMRES solver converged in 0 iterations
   NLEPS Armijo backtracks=9, alpha=1.953e-03, res_new=1.646501e-07
84 NLEPS (nconv=1, restart=0) residual norm 1.646501e-07
  Residual norms for GMRES solve
  0 (restart 0) KSP residual norm 9.741370e-13
GMRES solver converged in 0 iterations
   NLEPS Armijo backtracks=9, alpha=1.953e-03, res_new=1.646501e-07
85 NLEPS (nconv=1, restart=0) residual norm 1.646501e-07
  Residual norms for GMRES solve
  0 (restart 0) KSP residual norm 9.741323e-13
GMRES solver converged in 0 iterations
   NLEPS Armijo backtracks=9, alpha=1.953e-03, res_new=1.646501e-07
86 NLEPS (nconv=1, restart=0) residual norm 1.646501e-07
  Residual norms for GMRES solve
  0 (restart 0) KSP residual norm 9.741309e-13
GMRES solver converged in 0 iterations
   NLEPS Armijo backtracks=9, alpha=1.953e-03, res_new=1.646501e-07
87 NLEPS (nconv=1, restart=0) residual norm 1.646501e-07
  Residual norms for GMRES solve
  0 (restart 0) KSP residual norm 9.741245e-13
GMRES solver converged in 0 iterations
   NLEPS Armijo backtracks=9, alpha=1.953e-03, res_new=1.646501e-07
88 NLEPS (nconv=1, restart=0) residual norm 1.646501e-07
  Residual norms for GMRES solve
  0 (restart 0) KSP residual norm 9.741419e-13
GMRES solver converged in 0 iterations
   NLEPS Armijo backtracks=9, alpha=1.953e-03, res_new=1.646501e-07
89 NLEPS (nconv=1, restart=0) residual norm 1.646501e-07
  Residual norms for GMRES solve
  0 (restart 0) KSP residual norm 9.741518e-13
GMRES solver converged in 0 iterations
   NLEPS Armijo backtracks=9, alpha=1.953e-03, res_new=1.646501e-07
90 NLEPS (nconv=1, restart=0) residual norm 1.646501e-07
  Residual norms for GMRES solve
  0 (restart 0) KSP residual norm 9.741594e-13
GMRES solver converged in 0 iterations
   NLEPS Armijo backtracks=9, alpha=1.953e-03, res_new=1.646501e-07
91 NLEPS (nconv=1, restart=0) residual norm 1.646501e-07
  Residual norms for GMRES solve
  0 (restart 0) KSP residual norm 9.741706e-13
GMRES solver converged in 0 iterations
   NLEPS Armijo backtracks=9, alpha=1.953e-03, res_new=1.646501e-07
92 NLEPS (nconv=1, restart=0) residual norm 1.646501e-07
  Residual norms for GMRES solve
  0 (restart 0) KSP residual norm 9.741759e-13
GMRES solver converged in 0 iterations
   NLEPS Armijo backtracks=9, alpha=1.953e-03, res_new=1.646501e-07
93 NLEPS (nconv=1, restart=0) residual norm 1.646501e-07
  Residual norms for GMRES solve
  0 (restart 0) KSP residual norm 9.741830e-13
GMRES solver converged in 0 iterations
   NLEPS Armijo backtracks=9, alpha=1.953e-03, res_new=1.646501e-07
94 NLEPS (nconv=1, restart=0) residual norm 1.646501e-07
  Residual norms for GMRES solve
  0 (restart 0) KSP residual norm 9.741619e-13
GMRES solver converged in 0 iterations
   NLEPS Armijo backtracks=9, alpha=1.953e-03, res_new=1.646501e-07
95 NLEPS (nconv=1, restart=0) residual norm 1.646501e-07
  Residual norms for GMRES solve
  0 (restart 0) KSP residual norm 9.741515e-13
GMRES solver converged in 0 iterations
   NLEPS Armijo backtracks=9, alpha=1.953e-03, res_new=1.646501e-07
96 NLEPS (nconv=1, restart=0) residual norm 1.646501e-07
  Residual norms for GMRES solve
  0 (restart 0) KSP residual norm 9.741592e-13
GMRES solver converged in 0 iterations
   NLEPS Armijo backtracks=9, alpha=1.953e-03, res_new=1.646501e-07
97 NLEPS (nconv=1, restart=0) residual norm 1.646501e-07
  Residual norms for GMRES solve
  0 (restart 0) KSP residual norm 9.741525e-13
GMRES solver converged in 0 iterations
   NLEPS Armijo backtracks=9, alpha=1.953e-03, res_new=1.646501e-07
98 NLEPS (nconv=1, restart=0) residual norm 1.646501e-07
  Residual norms for GMRES solve
  0 (restart 0) KSP residual norm 9.741426e-13
GMRES solver converged in 0 iterations
   NLEPS Armijo backtracks=9, alpha=1.953e-03, res_new=1.646501e-07
99 NLEPS (nconv=1, restart=0) residual norm 1.646501e-07
  Residual norms for GMRES solve
  0 (restart 0) KSP residual norm 9.741235e-13
GMRES solver converged in 0 iterations
   NLEPS Armijo backtracks=9, alpha=1.953e-03, res_new=1.646501e-07
100 NLEPS (nconv=1, restart=0) residual norm 1.646501e-07
  Residual norms for GMRES solve
  0 (restart 0) KSP residual norm 9.741238e-13
GMRES solver converged in 0 iterations
   NLEPS Armijo backtracks=9, alpha=1.953e-03, res_new=1.646501e-07
101 NLEPS (nconv=1, restart=0) residual norm 1.646501e-07
  Residual norms for GMRES solve
  0 (restart 0) KSP residual norm 9.741380e-13
GMRES solver converged in 0 iterations
   NLEPS Armijo backtracks=9, alpha=1.953e-03, res_new=1.646501e-07
102 NLEPS (nconv=1, restart=0) residual norm 1.646501e-07
  Residual norms for GMRES solve
  0 (restart 0) KSP residual norm 9.741390e-13
GMRES solver converged in 0 iterations
   NLEPS Armijo backtracks=9, alpha=1.953e-03, res_new=1.646501e-07
103 NLEPS (nconv=1, restart=0) residual norm 1.646501e-07
  Residual norms for GMRES solve
  0 (restart 0) KSP residual norm 9.741545e-13
GMRES solver converged in 0 iterations
   NLEPS Armijo backtracks=9, alpha=1.953e-03, res_new=1.646501e-07
104 NLEPS (nconv=1, restart=0) residual norm 1.646501e-07
  Residual norms for GMRES solve
  0 (restart 0) KSP residual norm 9.741425e-13
GMRES solver converged in 0 iterations
   NLEPS Armijo backtracks=9, alpha=1.953e-03, res_new=1.646501e-07
105 NLEPS (nconv=1, restart=0) residual norm 1.646501e-07
  Residual norms for GMRES solve
  0 (restart 0) KSP residual norm 9.741399e-13
GMRES solver converged in 0 iterations
   NLEPS Armijo backtracks=9, alpha=1.953e-03, res_new=1.646501e-07
106 NLEPS (nconv=1, restart=0) residual norm 1.646501e-07
  Residual norms for GMRES solve
  0 (restart 0) KSP residual norm 9.741393e-13
GMRES solver converged in 0 iterations
   NLEPS Armijo backtracks=9, alpha=1.953e-03, res_new=1.646501e-07
107 NLEPS (nconv=1, restart=0) residual norm 1.646501e-07
  Residual norms for GMRES solve
  0 (restart 0) KSP residual norm 9.741647e-13
GMRES solver converged in 0 iterations
   NLEPS Armijo backtracks=9, alpha=1.953e-03, res_new=1.646501e-07
108 NLEPS (nconv=1, restart=0) residual norm 1.646501e-07
  Residual norms for GMRES solve
  0 (restart 0) KSP residual norm 9.741765e-13
GMRES solver converged in 0 iterations
   NLEPS Armijo backtracks=9, alpha=1.953e-03, res_new=1.646501e-07
109 NLEPS (nconv=1, restart=0) residual norm 1.646501e-07
  Residual norms for GMRES solve
  0 (restart 0) KSP residual norm 9.741741e-13
GMRES solver converged in 0 iterations
   NLEPS Armijo backtracks=9, alpha=1.953e-03, res_new=1.646501e-07
110 NLEPS (nconv=1, restart=0) residual norm 1.646501e-07
  Residual norms for GMRES solve
  0 (restart 0) KSP residual norm 9.741534e-13
GMRES solver converged in 0 iterations
   NLEPS Armijo backtracks=9, alpha=1.953e-03, res_new=1.646501e-07
111 NLEPS (nconv=1, restart=0) residual norm 1.646501e-07
  Residual norms for GMRES solve
  0 (restart 0) KSP residual norm 9.741390e-13
GMRES solver converged in 0 iterations
   NLEPS Armijo backtracks=9, alpha=1.953e-03, res_new=1.646501e-07
112 NLEPS (nconv=1, restart=0) residual norm 1.646501e-07
  Residual norms for GMRES solve
  0 (restart 0) KSP residual norm 9.741156e-13
GMRES solver converged in 0 iterations
   NLEPS Armijo backtracks=9, alpha=1.953e-03, res_new=1.646501e-07
113 NLEPS (nconv=1, restart=0) residual norm 1.646501e-07
  Residual norms for GMRES solve
  0 (restart 0) KSP residual norm 9.741165e-13
GMRES solver converged in 0 iterations
   NLEPS Armijo backtracks=9, alpha=1.953e-03, res_new=1.646501e-07
114 NLEPS (nconv=1, restart=0) residual norm 1.646501e-07
  Residual norms for GMRES solve
  0 (restart 0) KSP residual norm 9.741395e-13
GMRES solver converged in 0 iterations
   NLEPS Armijo backtracks=9, alpha=1.953e-03, res_new=1.646501e-07
115 NLEPS (nconv=1, restart=0) residual norm 1.646501e-07
  Residual norms for GMRES solve
  0 (restart 0) KSP residual norm 9.741470e-13
GMRES solver converged in 0 iterations
   NLEPS Armijo backtracks=9, alpha=1.953e-03, res_new=1.646501e-07
116 NLEPS (nconv=1, restart=0) residual norm 1.646501e-07
  Residual norms for GMRES solve
  0 (restart 0) KSP residual norm 9.741288e-13
GMRES solver converged in 0 iterations
   NLEPS Armijo backtracks=9, alpha=1.953e-03, res_new=1.646501e-07
117 NLEPS (nconv=1, restart=0) residual norm 1.646501e-07
  Residual norms for GMRES solve
  0 (restart 0) KSP residual norm 9.741311e-13
GMRES solver converged in 0 iterations
   NLEPS Armijo backtracks=9, alpha=1.953e-03, res_new=1.646501e-07
118 NLEPS (nconv=1, restart=0) residual norm 1.646501e-07
  Residual norms for GMRES solve
  0 (restart 0) KSP residual norm 9.741365e-13
GMRES solver converged in 0 iterations
   NLEPS Armijo backtracks=9, alpha=1.953e-03, res_new=1.646501e-07
119 NLEPS (nconv=1, restart=0) residual norm 1.646501e-07
  Residual norms for GMRES solve
  0 (restart 0) KSP residual norm 9.741497e-13
GMRES solver converged in 0 iterations
   NLEPS Armijo backtracks=9, alpha=1.953e-03, res_new=1.646501e-07
120 NLEPS (nconv=1, restart=0) residual norm 1.646501e-07
  Residual norms for GMRES solve
  0 (restart 0) KSP residual norm 9.741317e-13
GMRES solver converged in 0 iterations
   NLEPS Armijo backtracks=9, alpha=1.953e-03, res_new=1.646501e-07
121 NLEPS (nconv=1, restart=0) residual norm 1.646501e-07
  Residual norms for GMRES solve
  0 (restart 0) KSP residual norm 9.741208e-13
GMRES solver converged in 0 iterations
   NLEPS Armijo backtracks=9, alpha=1.953e-03, res_new=1.646501e-07
122 NLEPS (nconv=1, restart=0) residual norm 1.646501e-07
  Residual norms for GMRES solve
  0 (restart 0) KSP residual norm 9.741251e-13
GMRES solver converged in 0 iterations
   NLEPS Armijo backtracks=9, alpha=1.953e-03, res_new=1.646501e-07
123 NLEPS (nconv=1, restart=0) residual norm 1.646501e-07
  Residual norms for GMRES solve
  0 (restart 0) KSP residual norm 9.741283e-13
GMRES solver converged in 0 iterations
   NLEPS Armijo backtracks=9, alpha=1.953e-03, res_new=1.646501e-07
124 NLEPS (nconv=1, restart=0) residual norm 1.646501e-07
  Residual norms for GMRES solve
  0 (restart 0) KSP residual norm 9.741568e-13
GMRES solver converged in 0 iterations
   NLEPS Armijo backtracks=9, alpha=1.953e-03, res_new=1.646501e-07
125 NLEPS (nconv=1, restart=0) residual norm 1.646501e-07
  Residual norms for GMRES solve
  0 (restart 0) KSP residual norm 9.741513e-13
GMRES solver converged in 0 iterations
   NLEPS Armijo backtracks=9, alpha=1.953e-03, res_new=1.646501e-07
126 NLEPS (nconv=1, restart=0) residual norm 1.646501e-07
  Residual norms for GMRES solve
  0 (restart 0) KSP residual norm 9.741600e-13
GMRES solver converged in 0 iterations
   NLEPS Armijo backtracks=9, alpha=1.953e-03, res_new=1.646501e-07
127 NLEPS (nconv=1, restart=0) residual norm 1.646501e-07
  Residual norms for GMRES solve
  0 (restart 0) KSP residual norm 9.741524e-13
GMRES solver converged in 0 iterations
   NLEPS Armijo backtracks=9, alpha=1.953e-03, res_new=1.646501e-07
128 NLEPS (nconv=1, restart=0) residual norm 1.646501e-07
  Residual norms for GMRES solve
  0 (restart 0) KSP residual norm 9.741408e-13
GMRES solver converged in 0 iterations
   NLEPS Armijo backtracks=9, alpha=1.953e-03, res_new=1.646501e-07
129 NLEPS (nconv=1, restart=0) residual norm 1.646501e-07
  Residual norms for GMRES solve
  0 (restart 0) KSP residual norm 9.741561e-13
GMRES solver converged in 0 iterations
   NLEPS Armijo backtracks=9, alpha=1.953e-03, res_new=1.646501e-07
130 NLEPS (nconv=1, restart=0) residual norm 1.646501e-07
  Residual norms for GMRES solve
  0 (restart 0) KSP residual norm 9.741478e-13
GMRES solver converged in 0 iterations
   NLEPS Armijo backtracks=9, alpha=1.953e-03, res_new=1.646501e-07
131 NLEPS (nconv=1, restart=0) residual norm 1.646501e-07
  Residual norms for GMRES solve
  0 (restart 0) KSP residual norm 9.741568e-13
GMRES solver converged in 0 iterations
   NLEPS Armijo backtracks=9, alpha=1.953e-03, res_new=1.646501e-07
132 NLEPS (nconv=1, restart=0) residual norm 1.646501e-07
  Residual norms for GMRES solve
  0 (restart 0) KSP residual norm 9.741537e-13
GMRES solver converged in 0 iterations
   NLEPS Armijo backtracks=9, alpha=1.953e-03, res_new=1.646501e-07
133 NLEPS (nconv=1, restart=0) residual norm 1.646501e-07
  Residual norms for GMRES solve
  0 (restart 0) KSP residual norm 9.741724e-13
GMRES solver converged in 0 iterations
   NLEPS Armijo backtracks=9, alpha=1.953e-03, res_new=1.646501e-07
134 NLEPS (nconv=1, restart=0) residual norm 1.646501e-07
  Residual norms for GMRES solve
  0 (restart 0) KSP residual norm 9.741658e-13
GMRES solver converged in 0 iterations
   NLEPS Armijo backtracks=9, alpha=1.953e-03, res_new=1.646501e-07
135 NLEPS (nconv=1, restart=0) residual norm 1.646501e-07
  Residual norms for GMRES solve
  0 (restart 0) KSP residual norm 9.741499e-13
GMRES solver converged in 0 iterations
   NLEPS Armijo backtracks=9, alpha=1.953e-03, res_new=1.646501e-07
136 NLEPS (nconv=1, restart=0) residual norm 1.646501e-07
  Residual norms for GMRES solve
  0 (restart 0) KSP residual norm 9.741605e-13
GMRES solver converged in 0 iterations
   NLEPS Armijo backtracks=9, alpha=1.953e-03, res_new=1.646501e-07
137 NLEPS (nconv=1, restart=0) residual norm 1.646501e-07
  Residual norms for GMRES solve
  0 (restart 0) KSP residual norm 9.741597e-13
GMRES solver converged in 0 iterations
   NLEPS Armijo backtracks=9, alpha=1.953e-03, res_new=1.646501e-07
138 NLEPS (nconv=1, restart=0) residual norm 1.646501e-07
  Residual norms for GMRES solve
  0 (restart 0) KSP residual norm 9.741592e-13
GMRES solver converged in 0 iterations
   NLEPS Armijo backtracks=9, alpha=1.953e-03, res_new=1.646501e-07
139 NLEPS (nconv=1, restart=0) residual norm 1.646501e-07
  Residual norms for GMRES solve
  0 (restart 0) KSP residual norm 9.741506e-13
GMRES solver converged in 0 iterations
   NLEPS Armijo backtracks=9, alpha=1.953e-03, res_new=1.646501e-07
140 NLEPS (nconv=1, restart=0) residual norm 1.646501e-07
  Residual norms for GMRES solve
  0 (restart 0) KSP residual norm 9.741501e-13
GMRES solver converged in 0 iterations
   NLEPS Armijo backtracks=9, alpha=1.953e-03, res_new=1.646501e-07
141 NLEPS (nconv=1, restart=0) residual norm 1.646501e-07
  Residual norms for GMRES solve
  0 (restart 0) KSP residual norm 9.741325e-13
GMRES solver converged in 0 iterations
   NLEPS Armijo backtracks=9, alpha=1.953e-03, res_new=1.646501e-07
142 NLEPS (nconv=1, restart=0) residual norm 1.646501e-07
  Residual norms for GMRES solve
  0 (restart 0) KSP residual norm 9.741350e-13
GMRES solver converged in 0 iterations
   NLEPS Armijo backtracks=9, alpha=1.953e-03, res_new=1.646501e-07
143 NLEPS (nconv=1, restart=0) residual norm 1.646501e-07
  Residual norms for GMRES solve
  0 (restart 0) KSP residual norm 9.741500e-13
GMRES solver converged in 0 iterations
   NLEPS Armijo backtracks=9, alpha=1.953e-03, res_new=1.646501e-07
144 NLEPS (nconv=1, restart=0) residual norm 1.646501e-07
  Residual norms for GMRES solve
  0 (restart 0) KSP residual norm 9.741432e-13
GMRES solver converged in 0 iterations
   NLEPS Armijo backtracks=9, alpha=1.953e-03, res_new=1.646501e-07
145 NLEPS (nconv=1, restart=0) residual norm 1.646501e-07
  Residual norms for GMRES solve
  0 (restart 0) KSP residual norm 9.741342e-13
GMRES solver converged in 0 iterations
   NLEPS Armijo backtracks=9, alpha=1.953e-03, res_new=1.646501e-07
146 NLEPS (nconv=1, restart=0) residual norm 1.646501e-07
  Residual norms for GMRES solve
  0 (restart 0) KSP residual norm 9.741389e-13
GMRES solver converged in 0 iterations
   NLEPS Armijo backtracks=9, alpha=1.953e-03, res_new=1.646501e-07
147 NLEPS (nconv=1, restart=0) residual norm 1.646501e-07
  Residual norms for GMRES solve
  0 (restart 0) KSP residual norm 9.741241e-13
GMRES solver converged in 0 iterations
   NLEPS Armijo backtracks=9, alpha=1.953e-03, res_new=1.646501e-07
148 NLEPS (nconv=1, restart=0) residual norm 1.646501e-07
  Residual norms for GMRES solve
  0 (restart 0) KSP residual norm 9.741169e-13
GMRES solver converged in 0 iterations
   NLEPS Armijo backtracks=9, alpha=1.953e-03, res_new=1.646501e-07
149 NLEPS (nconv=1, restart=0) residual norm 1.646501e-07
  Residual norms for GMRES solve
  0 (restart 0) KSP residual norm 9.741407e-13
GMRES solver converged in 0 iterations
   NLEPS Armijo backtracks=9, alpha=1.953e-03, res_new=1.646501e-07
150 NLEPS (nconv=1, restart=0) residual norm 1.646501e-07
  Residual norms for GMRES solve
  0 (restart 0) KSP residual norm 9.741531e-13
GMRES solver converged in 0 iterations
   NLEPS Armijo backtracks=9, alpha=1.953e-03, res_new=1.646501e-07
151 NLEPS (nconv=1, restart=0) residual norm 1.646501e-07
  Residual norms for GMRES solve
  0 (restart 0) KSP residual norm 9.741411e-13
GMRES solver converged in 0 iterations
   NLEPS Armijo backtracks=9, alpha=1.953e-03, res_new=1.646501e-07
152 NLEPS (nconv=1, restart=0) residual norm 1.646501e-07
  Residual norms for GMRES solve
  0 (restart 0) KSP residual norm 9.741404e-13
GMRES solver converged in 0 iterations
   NLEPS Armijo backtracks=9, alpha=1.953e-03, res_new=1.646501e-07
153 NLEPS (nconv=1, restart=0) residual norm 1.646501e-07
  Residual norms for GMRES solve
  0 (restart 0) KSP residual norm 9.741352e-13
GMRES solver converged in 0 iterations
   NLEPS Armijo backtracks=9, alpha=1.953e-03, res_new=1.646501e-07
154 NLEPS (nconv=1, restart=0) residual norm 1.646501e-07
  Residual norms for GMRES solve
  0 (restart 0) KSP residual norm 9.741581e-13
GMRES solver converged in 0 iterations
   NLEPS Armijo backtracks=9, alpha=1.953e-03, res_new=1.646501e-07
155 NLEPS (nconv=1, restart=0) residual norm 1.646501e-07
  Residual norms for GMRES solve
  0 (restart 0) KSP residual norm 9.741426e-13
GMRES solver converged in 0 iterations
   NLEPS Armijo backtracks=9, alpha=1.953e-03, res_new=1.646501e-07
156 NLEPS (nconv=1, restart=0) residual norm 1.646501e-07
  Residual norms for GMRES solve
  0 (restart 0) KSP residual norm 9.741276e-13
GMRES solver converged in 0 iterations
   NLEPS Armijo backtracks=9, alpha=1.953e-03, res_new=1.646501e-07
157 NLEPS (nconv=1, restart=0) residual norm 1.646501e-07
  Residual norms for GMRES solve
  0 (restart 0) KSP residual norm 9.741088e-13
GMRES solver converged in 0 iterations
   NLEPS Armijo backtracks=9, alpha=1.953e-03, res_new=1.646501e-07
158 NLEPS (nconv=1, restart=0) residual norm 1.646501e-07
  Residual norms for GMRES solve
  0 (restart 0) KSP residual norm 9.741261e-13
GMRES solver converged in 0 iterations
   NLEPS Armijo backtracks=9, alpha=1.953e-03, res_new=1.646501e-07
159 NLEPS (nconv=1, restart=0) residual norm 1.646501e-07
  Residual norms for GMRES solve
  0 (restart 0) KSP residual norm 9.741168e-13
GMRES solver converged in 0 iterations
   NLEPS Armijo backtracks=9, alpha=1.953e-03, res_new=1.646501e-07
160 NLEPS (nconv=1, restart=0) residual norm 1.646501e-07
  Residual norms for GMRES solve
  0 (restart 0) KSP residual norm 9.741296e-13
GMRES solver converged in 0 iterations
   NLEPS Armijo backtracks=9, alpha=1.953e-03, res_new=1.646501e-07
161 NLEPS (nconv=1, restart=0) residual norm 1.646501e-07
  Residual norms for GMRES solve
  0 (restart 0) KSP residual norm 9.741360e-13
GMRES solver converged in 0 iterations
   NLEPS Armijo backtracks=9, alpha=1.953e-03, res_new=1.646501e-07
162 NLEPS (nconv=1, restart=0) residual norm 1.646501e-07
  Residual norms for GMRES solve
  0 (restart 0) KSP residual norm 9.741347e-13
GMRES solver converged in 0 iterations
   NLEPS Armijo backtracks=9, alpha=1.953e-03, res_new=1.646501e-07
163 NLEPS (nconv=1, restart=0) residual norm 1.646501e-07
  Residual norms for GMRES solve
  0 (restart 0) KSP residual norm 9.741623e-13
GMRES solver converged in 0 iterations
   NLEPS Armijo backtracks=9, alpha=1.953e-03, res_new=1.646501e-07
164 NLEPS (nconv=1, restart=0) residual norm 1.646501e-07
  Residual norms for GMRES solve
  0 (restart 0) KSP residual norm 9.741714e-13
GMRES solver converged in 0 iterations
   NLEPS Armijo backtracks=9, alpha=1.953e-03, res_new=1.646501e-07
165 NLEPS (nconv=1, restart=0) residual norm 1.646501e-07
  Residual norms for GMRES solve
  0 (restart 0) KSP residual norm 9.741679e-13
GMRES solver converged in 0 iterations
   NLEPS Armijo backtracks=9, alpha=1.953e-03, res_new=1.646501e-07
166 NLEPS (nconv=1, restart=0) residual norm 1.646501e-07
  Residual norms for GMRES solve
  0 (restart 0) KSP residual norm 9.741671e-13
GMRES solver converged in 0 iterations
   NLEPS Armijo backtracks=9, alpha=1.953e-03, res_new=1.646501e-07
167 NLEPS (nconv=1, restart=0) residual norm 1.646501e-07
  Residual norms for GMRES solve
  0 (restart 0) KSP residual norm 9.741427e-13
GMRES solver converged in 0 iterations
   NLEPS Armijo backtracks=9, alpha=1.953e-03, res_new=1.646501e-07
168 NLEPS (nconv=1, restart=0) residual norm 1.646501e-07
  Residual norms for GMRES solve
  0 (restart 0) KSP residual norm 9.741288e-13
GMRES solver converged in 0 iterations
   NLEPS Armijo backtracks=9, alpha=1.953e-03, res_new=1.646501e-07
169 NLEPS (nconv=1, restart=0) residual norm 1.646501e-07
  Residual norms for GMRES solve
  0 (restart 0) KSP residual norm 9.741294e-13
GMRES solver converged in 0 iterations
   NLEPS Armijo backtracks=9, alpha=1.953e-03, res_new=1.646501e-07
170 NLEPS (nconv=1, restart=0) residual norm 1.646501e-07
  Residual norms for GMRES solve
  0 (restart 0) KSP residual norm 9.741493e-13
GMRES solver converged in 0 iterations
   NLEPS Armijo backtracks=9, alpha=1.953e-03, res_new=1.646501e-07
171 NLEPS (nconv=1, restart=0) residual norm 1.646501e-07
  Residual norms for GMRES solve
  0 (restart 0) KSP residual norm 9.741476e-13
GMRES solver converged in 0 iterations
   NLEPS Armijo backtracks=9, alpha=1.953e-03, res_new=1.646501e-07
172 NLEPS (nconv=1, restart=0) residual norm 1.646501e-07
  Residual norms for GMRES solve
  0 (restart 0) KSP residual norm 9.741318e-13
GMRES solver converged in 0 iterations
   NLEPS Armijo backtracks=9, alpha=1.953e-03, res_new=1.646501e-07
173 NLEPS (nconv=1, restart=0) residual norm 1.646501e-07
  Residual norms for GMRES solve
  0 (restart 0) KSP residual norm 9.741383e-13
GMRES solver converged in 0 iterations
   NLEPS Armijo backtracks=9, alpha=1.953e-03, res_new=1.646501e-07
174 NLEPS (nconv=1, restart=0) residual norm 1.646501e-07
  Residual norms for GMRES solve
  0 (restart 0) KSP residual norm 9.741292e-13
GMRES solver converged in 0 iterations
   NLEPS Armijo backtracks=9, alpha=1.953e-03, res_new=1.646501e-07
175 NLEPS (nconv=1, restart=0) residual norm 1.646501e-07
  Residual norms for GMRES solve
  0 (restart 0) KSP residual norm 9.741213e-13
GMRES solver converged in 0 iterations
   NLEPS Armijo backtracks=9, alpha=1.953e-03, res_new=1.646501e-07
176 NLEPS (nconv=1, restart=0) residual norm 1.646501e-07
  Residual norms for GMRES solve
  0 (restart 0) KSP residual norm 9.741383e-13
GMRES solver converged in 0 iterations
   NLEPS Armijo backtracks=9, alpha=1.953e-03, res_new=1.646501e-07
177 NLEPS (nconv=1, restart=0) residual norm 1.646501e-07
  Residual norms for GMRES solve
  0 (restart 0) KSP residual norm 9.741458e-13
GMRES solver converged in 0 iterations
   NLEPS Armijo backtracks=9, alpha=1.953e-03, res_new=1.646501e-07
178 NLEPS (nconv=1, restart=0) residual norm 1.646501e-07
  Residual norms for GMRES solve
  0 (restart 0) KSP residual norm 9.741524e-13
GMRES solver converged in 0 iterations
   NLEPS Armijo backtracks=9, alpha=1.953e-03, res_new=1.646501e-07
179 NLEPS (nconv=1, restart=0) residual norm 1.646501e-07
  Residual norms for GMRES solve
  0 (restart 0) KSP residual norm 9.741809e-13
GMRES solver converged in 0 iterations
   NLEPS Armijo backtracks=9, alpha=1.953e-03, res_new=1.646501e-07
180 NLEPS (nconv=1, restart=0) residual norm 1.646501e-07
  Residual norms for GMRES solve
  0 (restart 0) KSP residual norm 9.741877e-13
GMRES solver converged in 0 iterations
   NLEPS Armijo backtracks=9, alpha=1.953e-03, res_new=1.646501e-07
181 NLEPS (nconv=1, restart=0) residual norm 1.646501e-07
  Residual norms for GMRES solve
  0 (restart 0) KSP residual norm 9.741835e-13
GMRES solver converged in 0 iterations
   NLEPS Armijo backtracks=9, alpha=1.953e-03, res_new=1.646501e-07
182 NLEPS (nconv=1, restart=0) residual norm 1.646501e-07
  Residual norms for GMRES solve
  0 (restart 0) KSP residual norm 9.741838e-13
GMRES solver converged in 0 iterations
   NLEPS Armijo backtracks=9, alpha=1.953e-03, res_new=1.646501e-07
183 NLEPS (nconv=1, restart=0) residual norm 1.646501e-07
  Residual norms for GMRES solve
  0 (restart 0) KSP residual norm 9.741691e-13
GMRES solver converged in 0 iterations
   NLEPS Armijo backtracks=9, alpha=1.953e-03, res_new=1.646501e-07
184 NLEPS (nconv=1, restart=0) residual norm 1.646501e-07
  Residual norms for GMRES solve
  0 (restart 0) KSP residual norm 9.741605e-13
GMRES solver converged in 0 iterations
   NLEPS Armijo backtracks=9, alpha=1.953e-03, res_new=1.646501e-07
185 NLEPS (nconv=1, restart=0) residual norm 1.646501e-07
  Residual norms for GMRES solve
  0 (restart 0) KSP residual norm 9.741317e-13
GMRES solver converged in 0 iterations
   NLEPS Armijo backtracks=9, alpha=1.953e-03, res_new=1.646501e-07
186 NLEPS (nconv=1, restart=0) residual norm 1.646501e-07
  Residual norms for GMRES solve
  0 (restart 0) KSP residual norm 9.741203e-13
GMRES solver converged in 0 iterations
   NLEPS Armijo backtracks=9, alpha=1.953e-03, res_new=1.646501e-07
187 NLEPS (nconv=1, restart=0) residual norm 1.646501e-07
  Residual norms for GMRES solve
  0 (restart 0) KSP residual norm 9.741148e-13
GMRES solver converged in 0 iterations
   NLEPS Armijo backtracks=9, alpha=1.953e-03, res_new=1.646501e-07
188 NLEPS (nconv=1, restart=0) residual norm 1.646501e-07
  Residual norms for GMRES solve
  0 (restart 0) KSP residual norm 9.740910e-13
GMRES solver converged in 0 iterations
   NLEPS Armijo backtracks=9, alpha=1.953e-03, res_new=1.646501e-07
189 NLEPS (nconv=1, restart=0) residual norm 1.646501e-07
  Residual norms for GMRES solve
  0 (restart 0) KSP residual norm 9.741011e-13
GMRES solver converged in 0 iterations
   NLEPS Armijo backtracks=9, alpha=1.953e-03, res_new=1.646501e-07
190 NLEPS (nconv=1, restart=0) residual norm 1.646501e-07
  Residual norms for GMRES solve
  0 (restart 0) KSP residual norm 9.741017e-13
GMRES solver converged in 0 iterations
   NLEPS Armijo backtracks=9, alpha=1.953e-03, res_new=1.646501e-07
191 NLEPS (nconv=1, restart=0) residual norm 1.646501e-07
  Residual norms for GMRES solve
  0 (restart 0) KSP residual norm 9.741111e-13
GMRES solver converged in 0 iterations
   NLEPS Armijo backtracks=9, alpha=1.953e-03, res_new=1.646501e-07
192 NLEPS (nconv=1, restart=0) residual norm 1.646501e-07
  Residual norms for GMRES solve
  0 (restart 0) KSP residual norm 9.741113e-13
GMRES solver converged in 0 iterations
   NLEPS Armijo backtracks=9, alpha=1.953e-03, res_new=1.646501e-07
193 NLEPS (nconv=1, restart=0) residual norm 1.646501e-07
  Residual norms for GMRES solve
  0 (restart 0) KSP residual norm 9.741354e-13
GMRES solver converged in 0 iterations
   NLEPS Armijo backtracks=9, alpha=1.953e-03, res_new=1.646501e-07
194 NLEPS (nconv=1, restart=0) residual norm 1.646501e-07
  Residual norms for GMRES solve
  0 (restart 0) KSP residual norm 9.741388e-13
GMRES solver converged in 0 iterations
   NLEPS Armijo backtracks=9, alpha=1.953e-03, res_new=1.646501e-07
195 NLEPS (nconv=1, restart=0) residual norm 1.646501e-07
  Residual norms for GMRES solve
  0 (restart 0) KSP residual norm 9.741491e-13
GMRES solver converged in 0 iterations
   NLEPS Armijo backtracks=9, alpha=1.953e-03, res_new=1.646501e-07
196 NLEPS (nconv=1, restart=0) residual norm 1.646501e-07
  Residual norms for GMRES solve
  0 (restart 0) KSP residual norm 9.741340e-13
GMRES solver converged in 0 iterations
   NLEPS Armijo backtracks=9, alpha=1.953e-03, res_new=1.646501e-07
197 NLEPS (nconv=1, restart=0) residual norm 1.646501e-07
  Residual norms for GMRES solve
  0 (restart 0) KSP residual norm 9.741309e-13
GMRES solver converged in 0 iterations
   NLEPS Armijo backtracks=9, alpha=1.953e-03, res_new=1.646501e-07
198 NLEPS (nconv=1, restart=0) residual norm 1.646501e-07
  Residual norms for GMRES solve
  0 (restart 0) KSP residual norm 9.741254e-13
GMRES solver converged in 0 iterations
   NLEPS Armijo backtracks=9, alpha=1.953e-03, res_new=1.646501e-07
199 NLEPS (nconv=1, restart=0) residual norm 1.646501e-07
  Residual norms for GMRES solve
  0 (restart 0) KSP residual norm 9.741107e-13
GMRES solver converged in 0 iterations
   NLEPS Armijo backtracks=9, alpha=1.953e-03, res_new=1.646501e-07
Eigenvalue 1, Quasi-Newton did not converge in 200 iterations, restarting.
  Residual norms for GMRES solve
  0 (restart 0) KSP residual norm 3.199026e+01
  1 (restart 0) KSP residual norm 8.504529e+00
  2 (restart 0) KSP residual norm 3.268496e+00
  3 (restart 0) KSP residual norm 1.654207e+00
  4 (restart 0) KSP residual norm 1.184012e+00
  5 (restart 0) KSP residual norm 1.183930e+00
  6 (restart 0) KSP residual norm 1.064389e+00
  7 (restart 0) KSP residual norm 5.194515e-01
  8 (restart 0) KSP residual norm 2.461382e-01
  9 (restart 0) KSP residual norm 1.863675e-01
 10 (restart 0) KSP residual norm 1.335600e-01
 11 (restart 0) KSP residual norm 1.021854e-01
 12 (restart 0) KSP residual norm 7.782450e-02
 13 (restart 0) KSP residual norm 6.454837e-02
 14 (restart 0) KSP residual norm 5.821721e-02
 15 (restart 0) KSP residual norm 5.347449e-02
 16 (restart 0) KSP residual norm 5.049651e-02
 17 (restart 0) KSP residual norm 4.968680e-02
 18 (restart 0) KSP residual norm 4.933851e-02
 19 (restart 0) KSP residual norm 4.838749e-02
 20 (restart 0) KSP residual norm 4.751161e-02
 21 (restart 0) KSP residual norm 3.741847e-02
 22 (restart 0) KSP residual norm 1.997879e-02
 23 (restart 0) KSP residual norm 8.123429e-03
GMRES solver converged in 23 iterations (avg. reduction factor: 6.977e-01)
0 NLEPS (nconv=1, restart=1) residual norm 8.629601e-02
  Residual norms for GMRES solve
  0 (restart 0) KSP residual norm 9.441644e-01
  1 (restart 0) KSP residual norm 3.514572e-01
  2 (restart 0) KSP residual norm 3.462244e-01
  3 (restart 0) KSP residual norm 1.022544e-01
  4 (restart 0) KSP residual norm 5.673779e-02
  5 (restart 0) KSP residual norm 3.319534e-02
  6 (restart 0) KSP residual norm 2.215806e-02
  7 (restart 0) KSP residual norm 1.275067e-02
  8 (restart 0) KSP residual norm 8.935864e-03
  9 (restart 0) KSP residual norm 4.615684e-03
 10 (restart 0) KSP residual norm 2.561001e-03
 11 (restart 0) KSP residual norm 1.855539e-03
 12 (restart 0) KSP residual norm 1.752175e-03
 13 (restart 0) KSP residual norm 1.690839e-03
 14 (restart 0) KSP residual norm 1.395770e-03
 15 (restart 0) KSP residual norm 1.246110e-03
 16 (restart 0) KSP residual norm 9.002429e-04
 17 (restart 0) KSP residual norm 8.683474e-04
 18 (restart 0) KSP residual norm 8.667759e-04
 19 (restart 0) KSP residual norm 8.020973e-04
 20 (restart 0) KSP residual norm 6.165506e-04
 21 (restart 0) KSP residual norm 5.077606e-04
 22 (restart 0) KSP residual norm 4.194849e-04
 23 (restart 0) KSP residual norm 3.936637e-04
 24 (restart 0) KSP residual norm 3.343608e-04
 25 (restart 0) KSP residual norm 2.597181e-04
GMRES solver converged in 25 iterations (avg. reduction factor: 7.204e-01)
1 NLEPS (nconv=1, restart=1) residual norm 1.618715e-03
  Residual norms for GMRES solve
  0 (restart 0) KSP residual norm 3.620331e-05
  1 (restart 0) KSP residual norm 3.527698e-05
  2 (restart 0) KSP residual norm 3.523227e-05
  3 (restart 0) KSP residual norm 3.099369e-05
  4 (restart 0) KSP residual norm 8.497505e-06
  5 (restart 0) KSP residual norm 2.791358e-06
  6 (restart 0) KSP residual norm 1.303374e-06
  7 (restart 0) KSP residual norm 7.599475e-07
  8 (restart 0) KSP residual norm 4.125705e-07
  9 (restart 0) KSP residual norm 2.749584e-07
 10 (restart 0) KSP residual norm 1.371155e-07
 11 (restart 0) KSP residual norm 1.180460e-07
 12 (restart 0) KSP residual norm 6.192924e-08
 13 (restart 0) KSP residual norm 5.003521e-08
 14 (restart 0) KSP residual norm 2.811829e-08
 15 (restart 0) KSP residual norm 2.461289e-08
 16 (restart 0) KSP residual norm 1.305000e-08
 17 (restart 0) KSP residual norm 1.042180e-08
GMRES solver converged in 17 iterations (avg. reduction factor: 6.190e-01)
2 NLEPS (nconv=1, restart=1) residual norm 1.263210e-04
  Residual norms for GMRES solve
  0 (restart 0) KSP residual norm 2.389336e-08
  1 (restart 0) KSP residual norm 2.154979e-08
  2 (restart 0) KSP residual norm 2.148158e-08
  3 (restart 0) KSP residual norm 2.143728e-08
  4 (restart 0) KSP residual norm 1.814506e-08
  5 (restart 0) KSP residual norm 1.524743e-08
  6 (restart 0) KSP residual norm 9.418311e-09
  7 (restart 0) KSP residual norm 5.278704e-09
  8 (restart 0) KSP residual norm 4.300861e-09
  9 (restart 0) KSP residual norm 3.578813e-09
 10 (restart 0) KSP residual norm 3.059307e-09
 11 (restart 0) KSP residual norm 2.078390e-09
 12 (restart 0) KSP residual norm 1.194186e-09
 13 (restart 0) KSP residual norm 6.423919e-10
 14 (restart 0) KSP residual norm 3.258604e-10
 15 (restart 0) KSP residual norm 1.405003e-10
 16 (restart 0) KSP residual norm 1.029595e-10
 17 (restart 0) KSP residual norm 6.080408e-11
 18 (restart 0) KSP residual norm 4.440620e-11
 19 (restart 0) KSP residual norm 2.999086e-11
 20 (restart 0) KSP residual norm 2.088196e-11
 21 (restart 0) KSP residual norm 1.742249e-11
 22 (restart 0) KSP residual norm 1.522537e-11
 23 (restart 0) KSP residual norm 1.413739e-11
 24 (restart 0) KSP residual norm 1.205301e-11
 25 (restart 0) KSP residual norm 1.120724e-11
 26 (restart 0) KSP residual norm 1.016550e-11
 27 (restart 0) KSP residual norm 7.535662e-12
 28 (restart 0) KSP residual norm 6.006990e-12
 29 (restart 0) KSP residual norm 5.407051e-12
 30 (restart 0) KSP residual norm 5.379155e-12
 31 (restart 0) KSP residual norm 5.085871e-12
 32 (restart 0) KSP residual norm 4.625582e-12
 33 (restart 0) KSP residual norm 4.478978e-12
 34 (restart 0) KSP residual norm 4.336866e-12
 35 (restart 0) KSP residual norm 4.168081e-12
 36 (restart 0) KSP residual norm 3.859285e-12
 37 (restart 0) KSP residual norm 3.614989e-12
 38 (restart 0) KSP residual norm 3.510045e-12
 39 (restart 0) KSP residual norm 3.315306e-12
 40 (restart 0) KSP residual norm 3.152691e-12
 41 (restart 0) KSP residual norm 2.868034e-12
GMRES solver converged in 41 iterations (avg. reduction factor: 8.024e-01)
3 NLEPS (nconv=1, restart=1) residual norm 2.183531e-07
  Residual norms for GMRES solve
  0 (restart 0) KSP residual norm 7.733023e-11
  1 (restart 0) KSP residual norm 4.346439e-11
  2 (restart 0) KSP residual norm 4.333926e-11
  3 (restart 0) KSP residual norm 4.087246e-11
  4 (restart 0) KSP residual norm 1.285421e-11
  5 (restart 0) KSP residual norm 4.877229e-12
  6 (restart 0) KSP residual norm 1.671298e-12
  7 (restart 0) KSP residual norm 7.017422e-13
GMRES solver converged in 7 iterations (avg. reduction factor: 5.108e-01)
4 NLEPS (nconv=1, restart=1) residual norm 9.818561e-08
Eigenvalue 1, Quasi-Newton converged in 4 iterations (-3.331e-04+1.075e+01i).
  Residual norms for GMRES solve
  0 (restart 0) KSP residual norm 3.179820e+01
  1 (restart 0) KSP residual norm 1.511174e+01
  2 (restart 0) KSP residual norm 2.742948e+00
  3 (restart 0) KSP residual norm 2.288314e+00
  4 (restart 0) KSP residual norm 1.313492e+00
  5 (restart 0) KSP residual norm 7.262857e-01
  6 (restart 0) KSP residual norm 4.814215e-01
  7 (restart 0) KSP residual norm 2.439687e-01
  8 (restart 0) KSP residual norm 8.734671e-02
  9 (restart 0) KSP residual norm 5.616836e-02
 10 (restart 0) KSP residual norm 5.458483e-02
 11 (restart 0) KSP residual norm 2.503707e-02
 12 (restart 0) KSP residual norm 2.195495e-02
 13 (restart 0) KSP residual norm 2.021291e-02
 14 (restart 0) KSP residual norm 1.963926e-02
 15 (restart 0) KSP residual norm 1.874476e-02
 16 (restart 0) KSP residual norm 1.406054e-02
 17 (restart 0) KSP residual norm 9.734676e-03
GMRES solver converged in 17 iterations (avg. reduction factor: 6.213e-01)
0 NLEPS (nconv=2, restart=0) residual norm 1.303559e-01
  Residual norms for GMRES solve
  0 (restart 0) KSP residual norm 3.021247e+00
  1 (restart 0) KSP residual norm 2.550184e+00
  2 (restart 0) KSP residual norm 2.518202e+00
  3 (restart 0) KSP residual norm 2.412304e+00
  4 (restart 0) KSP residual norm 2.109206e+00
  5 (restart 0) KSP residual norm 1.893952e+00
  6 (restart 0) KSP residual norm 3.496328e-01
  7 (restart 0) KSP residual norm 1.083444e-01
  8 (restart 0) KSP residual norm 7.567759e-02
  9 (restart 0) KSP residual norm 3.255615e-02
 10 (restart 0) KSP residual norm 1.463619e-02
 11 (restart 0) KSP residual norm 1.055601e-02
 12 (restart 0) KSP residual norm 7.662211e-03
 13 (restart 0) KSP residual norm 7.398203e-03
 14 (restart 0) KSP residual norm 7.350505e-03
 15 (restart 0) KSP residual norm 6.891471e-03
 16 (restart 0) KSP residual norm 6.668212e-03
 17 (restart 0) KSP residual norm 6.563018e-03
 18 (restart 0) KSP residual norm 6.540478e-03
 19 (restart 0) KSP residual norm 6.535536e-03
 20 (restart 0) KSP residual norm 6.511930e-03
 21 (restart 0) KSP residual norm 6.491423e-03
 22 (restart 0) KSP residual norm 6.454331e-03
 23 (restart 0) KSP residual norm 6.451827e-03
 24 (restart 0) KSP residual norm 6.373525e-03
 25 (restart 0) KSP residual norm 6.340981e-03
 26 (restart 0) KSP residual norm 6.321838e-03
 27 (restart 0) KSP residual norm 6.318588e-03
 28 (restart 0) KSP residual norm 5.840012e-03
 29 (restart 0) KSP residual norm 5.576146e-03
 30 (restart 0) KSP residual norm 4.712091e-03
 31 (restart 0) KSP residual norm 3.472862e-03
 32 (restart 0) KSP residual norm 2.388386e-03
 33 (restart 0) KSP residual norm 1.626175e-03
 34 (restart 0) KSP residual norm 1.163570e-03
 35 (restart 0) KSP residual norm 8.172001e-04
GMRES solver converged in 35 iterations (avg. reduction factor: 7.908e-01)
1 NLEPS (nconv=2, restart=0) residual norm 3.101066e-03
  Residual norms for GMRES solve
  0 (restart 0) KSP residual norm 1.202586e-06
  1 (restart 0) KSP residual norm 4.075058e-07
  2 (restart 0) KSP residual norm 2.539404e-07
  3 (restart 0) KSP residual norm 2.162873e-07
  4 (restart 0) KSP residual norm 2.105454e-07
  5 (restart 0) KSP residual norm 2.073324e-07
  6 (restart 0) KSP residual norm 1.038482e-07
  7 (restart 0) KSP residual norm 5.946665e-08
  8 (restart 0) KSP residual norm 4.764569e-08
  9 (restart 0) KSP residual norm 4.662191e-08
 10 (restart 0) KSP residual norm 4.472529e-08
 11 (restart 0) KSP residual norm 3.796459e-08
 12 (restart 0) KSP residual norm 2.012272e-08
 13 (restart 0) KSP residual norm 1.206605e-08
 14 (restart 0) KSP residual norm 1.068014e-08
 15 (restart 0) KSP residual norm 9.812314e-09
 16 (restart 0) KSP residual norm 9.050748e-09
 17 (restart 0) KSP residual norm 8.040196e-09
 18 (restart 0) KSP residual norm 7.949137e-09
 19 (restart 0) KSP residual norm 7.803149e-09
 20 (restart 0) KSP residual norm 7.711789e-09
 21 (restart 0) KSP residual norm 7.696733e-09
 22 (restart 0) KSP residual norm 7.646088e-09
 23 (restart 0) KSP residual norm 7.616087e-09
 24 (restart 0) KSP residual norm 7.519283e-09
 25 (restart 0) KSP residual norm 7.444461e-09
 26 (restart 0) KSP residual norm 7.388987e-09
 27 (restart 0) KSP residual norm 7.368028e-09
 28 (restart 0) KSP residual norm 7.304707e-09
 29 (restart 0) KSP residual norm 7.302398e-09
 30 (restart 0) KSP residual norm 7.239839e-09
 31 (restart 0) KSP residual norm 7.230896e-09
 32 (restart 0) KSP residual norm 7.197417e-09
 33 (restart 0) KSP residual norm 7.191877e-09
 34 (restart 0) KSP residual norm 7.155711e-09
 35 (restart 0) KSP residual norm 7.116139e-09
 36 (restart 0) KSP residual norm 7.075394e-09
 37 (restart 0) KSP residual norm 7.017412e-09
 38 (restart 0) KSP residual norm 6.948063e-09
 39 (restart 0) KSP residual norm 6.901218e-09
 40 (restart 0) KSP residual norm 6.893110e-09
 41 (restart 0) KSP residual norm 6.870252e-09
 42 (restart 0) KSP residual norm 6.836478e-09
 43 (restart 0) KSP residual norm 6.793196e-09
 44 (restart 0) KSP residual norm 6.484685e-09
 45 (restart 0) KSP residual norm 6.335000e-09
 46 (restart 0) KSP residual norm 5.866285e-09
 47 (restart 0) KSP residual norm 5.139656e-09
 48 (restart 0) KSP residual norm 4.311118e-09
 49 (restart 0) KSP residual norm 3.306118e-09
 50 (restart 0) KSP residual norm 2.305034e-09
 51 (restart 0) KSP residual norm 1.598364e-09
 52 (restart 0) KSP residual norm 1.069085e-09
 53 (restart 0) KSP residual norm 7.032439e-10
 54 (restart 0) KSP residual norm 4.336204e-10
 55 (restart 0) KSP residual norm 2.863998e-10
GMRES solver converged in 55 iterations (avg. reduction factor: 8.593e-01)
2 NLEPS (nconv=2, restart=0) residual norm 4.673583e-05
  Residual norms for GMRES solve
  0 (restart 0) KSP residual norm 2.633231e-08
  1 (restart 0) KSP residual norm 2.286089e-08
  2 (restart 0) KSP residual norm 5.024564e-09
  3 (restart 0) KSP residual norm 1.790059e-09
  4 (restart 0) KSP residual norm 1.049290e-09
  5 (restart 0) KSP residual norm 7.316749e-10
  6 (restart 0) KSP residual norm 5.872907e-10
  7 (restart 0) KSP residual norm 5.416732e-10
  8 (restart 0) KSP residual norm 5.330063e-10
  9 (restart 0) KSP residual norm 4.675955e-10
 10 (restart 0) KSP residual norm 4.511433e-10
 11 (restart 0) KSP residual norm 4.295345e-10
 12 (restart 0) KSP residual norm 4.173717e-10
 13 (restart 0) KSP residual norm 4.060775e-10
 14 (restart 0) KSP residual norm 3.937320e-10
 15 (restart 0) KSP residual norm 3.801806e-10
 16 (restart 0) KSP residual norm 3.750509e-10
 17 (restart 0) KSP residual norm 3.652323e-10
 18 (restart 0) KSP residual norm 3.632618e-10
 19 (restart 0) KSP residual norm 3.558381e-10
 20 (restart 0) KSP residual norm 3.552007e-10
 21 (restart 0) KSP residual norm 3.521963e-10
 22 (restart 0) KSP residual norm 3.469280e-10
 23 (restart 0) KSP residual norm 3.468282e-10
 24 (restart 0) KSP residual norm 3.418186e-10
 25 (restart 0) KSP residual norm 3.405927e-10
 26 (restart 0) KSP residual norm 3.392915e-10
 27 (restart 0) KSP residual norm 3.391839e-10
 28 (restart 0) KSP residual norm 3.380557e-10
 29 (restart 0) KSP residual norm 3.343212e-10
 30 (restart 0) KSP residual norm 3.342117e-10
 31 (restart 0) KSP residual norm 3.325723e-10
 32 (restart 0) KSP residual norm 3.311716e-10
 33 (restart 0) KSP residual norm 3.299133e-10
 34 (restart 0) KSP residual norm 3.293016e-10
 35 (restart 0) KSP residual norm 3.277129e-10
 36 (restart 0) KSP residual norm 3.258539e-10
 37 (restart 0) KSP residual norm 3.212211e-10
 38 (restart 0) KSP residual norm 3.153983e-10
 39 (restart 0) KSP residual norm 3.127394e-10
 40 (restart 0) KSP residual norm 3.082142e-10
 41 (restart 0) KSP residual norm 2.927357e-10
 42 (restart 0) KSP residual norm 2.705769e-10
 43 (restart 0) KSP residual norm 2.434896e-10
 44 (restart 0) KSP residual norm 2.050013e-10
 45 (restart 0) KSP residual norm 1.589865e-10
 46 (restart 0) KSP residual norm 1.238008e-10
 47 (restart 0) KSP residual norm 9.150986e-11
 48 (restart 0) KSP residual norm 6.678091e-11
 49 (restart 0) KSP residual norm 4.759421e-11
 50 (restart 0) KSP residual norm 3.381757e-11
 51 (restart 0) KSP residual norm 2.326820e-11
 52 (restart 0) KSP residual norm 1.628599e-11
 53 (restart 0) KSP residual norm 1.164865e-11
 54 (restart 0) KSP residual norm 7.902842e-12
 55 (restart 0) KSP residual norm 5.507171e-12
 56 (restart 0) KSP residual norm 3.787612e-12
 57 (restart 0) KSP residual norm 2.488833e-12
 58 (restart 0) KSP residual norm 1.668884e-12
 59 (restart 0) KSP residual norm 1.085262e-12
GMRES solver converged in 59 iterations (avg. reduction factor: 8.427e-01)
3 NLEPS (nconv=2, restart=0) residual norm 1.596871e-07
  Residual norms for GMRES solve
  0 (restart 0) KSP residual norm 2.442090e-11
  1 (restart 0) KSP residual norm 9.449863e-12
  2 (restart 0) KSP residual norm 4.859381e-12
  3 (restart 0) KSP residual norm 1.324385e-12
  4 (restart 0) KSP residual norm 1.291652e-12
  5 (restart 0) KSP residual norm 1.221949e-12
  6 (restart 0) KSP residual norm 9.141324e-13
GMRES solver converged in 6 iterations (avg. reduction factor: 5.784e-01)
4 NLEPS (nconv=2, restart=0) residual norm 1.234013e-07
  Residual norms for GMRES solve
  0 (restart 0) KSP residual norm 7.659683e-12
  1 (restart 0) KSP residual norm 5.927591e-12
  2 (restart 0) KSP residual norm 1.834999e-12
  3 (restart 0) KSP residual norm 8.860908e-13
GMRES solver converged in 3 iterations (avg. reduction factor: 4.873e-01)
5 NLEPS (nconv=2, restart=0) residual norm 1.232473e-07
  Residual norms for GMRES solve
  0 (restart 0) KSP residual norm 9.494184e-13
GMRES solver converged in 0 iterations
   NLEPS Armijo backtracks=9, alpha=1.953e-03, res_new=1.232473e-07
6 NLEPS (nconv=2, restart=0) residual norm 1.232473e-07
  Residual norms for GMRES solve
  0 (restart 0) KSP residual norm 9.471950e-13
GMRES solver converged in 0 iterations
   NLEPS Armijo backtracks=9, alpha=1.953e-03, res_new=1.232473e-07
7 NLEPS (nconv=2, restart=0) residual norm 1.232473e-07
  Residual norms for GMRES solve
  0 (restart 0) KSP residual norm 9.459180e-13
GMRES solver converged in 0 iterations
   NLEPS Armijo backtracks=9, alpha=1.953e-03, res_new=1.232473e-07
8 NLEPS (nconv=2, restart=0) residual norm 1.232473e-07
  Residual norms for GMRES solve
  0 (restart 0) KSP residual norm 9.471868e-13
GMRES solver converged in 0 iterations
   NLEPS Armijo backtracks=9, alpha=1.953e-03, res_new=1.232473e-07
9 NLEPS (nconv=2, restart=0) residual norm 1.232473e-07
  Residual norms for GMRES solve
  0 (restart 0) KSP residual norm 9.458610e-13
GMRES solver converged in 0 iterations
   NLEPS Armijo backtracks=9, alpha=1.953e-03, res_new=1.232473e-07
10 NLEPS (nconv=2, restart=0) residual norm 1.232473e-07
  Residual norms for GMRES solve
  0 (restart 0) KSP residual norm 9.471786e-13
GMRES solver converged in 0 iterations
   NLEPS Armijo backtracks=9, alpha=1.953e-03, res_new=1.232473e-07
11 NLEPS (nconv=2, restart=0) residual norm 1.232473e-07
  Residual norms for GMRES solve
  0 (restart 0) KSP residual norm 9.459545e-13
GMRES solver converged in 0 iterations
   NLEPS Armijo backtracks=9, alpha=1.953e-03, res_new=1.232473e-07
12 NLEPS (nconv=2, restart=0) residual norm 1.232473e-07
  Residual norms for GMRES solve
  0 (restart 0) KSP residual norm 9.472716e-13
GMRES solver converged in 0 iterations
   NLEPS Armijo backtracks=9, alpha=1.953e-03, res_new=1.232473e-07
13 NLEPS (nconv=2, restart=0) residual norm 1.232473e-07
  Residual norms for GMRES solve
  0 (restart 0) KSP residual norm 9.459957e-13
GMRES solver converged in 0 iterations
   NLEPS Armijo backtracks=9, alpha=1.953e-03, res_new=1.232473e-07
14 NLEPS (nconv=2, restart=0) residual norm 1.232473e-07
  Residual norms for GMRES solve
  0 (restart 0) KSP residual norm 9.473044e-13
GMRES solver converged in 0 iterations
   NLEPS Armijo backtracks=9, alpha=1.953e-03, res_new=1.232473e-07
15 NLEPS (nconv=2, restart=0) residual norm 1.232473e-07
  Residual norms for GMRES solve
  0 (restart 0) KSP residual norm 9.460012e-13
GMRES solver converged in 0 iterations
   NLEPS Armijo backtracks=9, alpha=1.953e-03, res_new=1.232473e-07
16 NLEPS (nconv=2, restart=0) residual norm 1.232473e-07
  Residual norms for GMRES solve
  0 (restart 0) KSP residual norm 9.473011e-13
GMRES solver converged in 0 iterations
   NLEPS Armijo backtracks=9, alpha=1.953e-03, res_new=1.232473e-07
17 NLEPS (nconv=2, restart=0) residual norm 1.232473e-07
  Residual norms for GMRES solve
  0 (restart 0) KSP residual norm 9.459942e-13
GMRES solver converged in 0 iterations
   NLEPS Armijo backtracks=9, alpha=1.953e-03, res_new=1.232473e-07
18 NLEPS (nconv=2, restart=0) residual norm 1.232473e-07
  Residual norms for GMRES solve
  0 (restart 0) KSP residual norm 9.472817e-13
GMRES solver converged in 0 iterations
   NLEPS Armijo backtracks=9, alpha=1.953e-03, res_new=1.232473e-07
19 NLEPS (nconv=2, restart=0) residual norm 1.232473e-07
  Residual norms for GMRES solve
  0 (restart 0) KSP residual norm 9.460177e-13
GMRES solver converged in 0 iterations
   NLEPS Armijo backtracks=9, alpha=1.953e-03, res_new=1.232473e-07
20 NLEPS (nconv=2, restart=0) residual norm 1.232473e-07
  Residual norms for GMRES solve
  0 (restart 0) KSP residual norm 9.473052e-13
GMRES solver converged in 0 iterations
   NLEPS Armijo backtracks=9, alpha=1.953e-03, res_new=1.232473e-07
21 NLEPS (nconv=2, restart=0) residual norm 1.232473e-07
  Residual norms for GMRES solve
  0 (restart 0) KSP residual norm 9.460809e-13
GMRES solver converged in 0 iterations
   NLEPS Armijo backtracks=9, alpha=1.953e-03, res_new=1.232473e-07
22 NLEPS (nconv=2, restart=0) residual norm 1.232473e-07
  Residual norms for GMRES solve
  0 (restart 0) KSP residual norm 9.473530e-13
GMRES solver converged in 0 iterations
   NLEPS Armijo backtracks=9, alpha=1.953e-03, res_new=1.232473e-07
23 NLEPS (nconv=2, restart=0) residual norm 1.232473e-07
  Residual norms for GMRES solve
  0 (restart 0) KSP residual norm 9.460939e-13
GMRES solver converged in 0 iterations
   NLEPS Armijo backtracks=9, alpha=1.953e-03, res_new=1.232473e-07
24 NLEPS (nconv=2, restart=0) residual norm 1.232473e-07
  Residual norms for GMRES solve
  0 (restart 0) KSP residual norm 9.473990e-13
GMRES solver converged in 0 iterations
   NLEPS Armijo backtracks=9, alpha=1.953e-03, res_new=1.232473e-07
25 NLEPS (nconv=2, restart=0) residual norm 1.232473e-07
  Residual norms for GMRES solve
  0 (restart 0) KSP residual norm 9.461654e-13
GMRES solver converged in 0 iterations
   NLEPS Armijo backtracks=9, alpha=1.953e-03, res_new=1.232473e-07
26 NLEPS (nconv=2, restart=0) residual norm 1.232473e-07
  Residual norms for GMRES solve
  0 (restart 0) KSP residual norm 9.474074e-13
GMRES solver converged in 0 iterations
   NLEPS Armijo backtracks=9, alpha=1.953e-03, res_new=1.232473e-07
27 NLEPS (nconv=2, restart=0) residual norm 1.232473e-07
  Residual norms for GMRES solve
  0 (restart 0) KSP residual norm 9.461272e-13
GMRES solver converged in 0 iterations
   NLEPS Armijo backtracks=9, alpha=1.953e-03, res_new=1.232473e-07
28 NLEPS (nconv=2, restart=0) residual norm 1.232473e-07
  Residual norms for GMRES solve
  0 (restart 0) KSP residual norm 9.474087e-13
GMRES solver converged in 0 iterations
   NLEPS Armijo backtracks=9, alpha=1.953e-03, res_new=1.232473e-07
29 NLEPS (nconv=2, restart=0) residual norm 1.232473e-07
  Residual norms for GMRES solve
  0 (restart 0) KSP residual norm 9.461353e-13
GMRES solver converged in 0 iterations
   NLEPS Armijo backtracks=9, alpha=1.953e-03, res_new=1.232473e-07
30 NLEPS (nconv=2, restart=0) residual norm 1.232473e-07
  Residual norms for GMRES solve
  0 (restart 0) KSP residual norm 9.473620e-13
GMRES solver converged in 0 iterations
   NLEPS Armijo backtracks=9, alpha=1.953e-03, res_new=1.232473e-07
31 NLEPS (nconv=2, restart=0) residual norm 1.232473e-07
  Residual norms for GMRES solve
  0 (restart 0) KSP residual norm 9.461220e-13
GMRES solver converged in 0 iterations
   NLEPS Armijo backtracks=9, alpha=1.953e-03, res_new=1.232473e-07
32 NLEPS (nconv=2, restart=0) residual norm 1.232473e-07
  Residual norms for GMRES solve
  0 (restart 0) KSP residual norm 9.473644e-13
GMRES solver converged in 0 iterations
   NLEPS Armijo backtracks=9, alpha=1.953e-03, res_new=1.232473e-07
33 NLEPS (nconv=2, restart=0) residual norm 1.232473e-07
  Residual norms for GMRES solve
  0 (restart 0) KSP residual norm 9.461093e-13
GMRES solver converged in 0 iterations
   NLEPS Armijo backtracks=9, alpha=1.953e-03, res_new=1.232473e-07
34 NLEPS (nconv=2, restart=0) residual norm 1.232473e-07
  Residual norms for GMRES solve
  0 (restart 0) KSP residual norm 9.472689e-13
GMRES solver converged in 0 iterations
   NLEPS Armijo backtracks=9, alpha=1.953e-03, res_new=1.232473e-07
35 NLEPS (nconv=2, restart=0) residual norm 1.232473e-07
  Residual norms for GMRES solve
  0 (restart 0) KSP residual norm 9.461336e-13
GMRES solver converged in 0 iterations
   NLEPS Armijo backtracks=9, alpha=1.953e-03, res_new=1.232473e-07
36 NLEPS (nconv=2, restart=0) residual norm 1.232473e-07
  Residual norms for GMRES solve
  0 (restart 0) KSP residual norm 9.473152e-13
GMRES solver converged in 0 iterations
   NLEPS Armijo backtracks=9, alpha=1.953e-03, res_new=1.232473e-07
37 NLEPS (nconv=2, restart=0) residual norm 1.232473e-07
  Residual norms for GMRES solve
  0 (restart 0) KSP residual norm 9.461490e-13
GMRES solver converged in 0 iterations
   NLEPS Armijo backtracks=9, alpha=1.953e-03, res_new=1.232473e-07
38 NLEPS (nconv=2, restart=0) residual norm 1.232473e-07
  Residual norms for GMRES solve
  0 (restart 0) KSP residual norm 9.473202e-13
GMRES solver converged in 0 iterations
   NLEPS Armijo backtracks=9, alpha=1.953e-03, res_new=1.232473e-07
39 NLEPS (nconv=2, restart=0) residual norm 1.232473e-07
  Residual norms for GMRES solve
  0 (restart 0) KSP residual norm 9.461658e-13
GMRES solver converged in 0 iterations
   NLEPS Armijo backtracks=9, alpha=1.953e-03, res_new=1.232473e-07
40 NLEPS (nconv=2, restart=0) residual norm 1.232473e-07
  Residual norms for GMRES solve
  0 (restart 0) KSP residual norm 9.473376e-13
GMRES solver converged in 0 iterations
   NLEPS Armijo backtracks=9, alpha=1.953e-03, res_new=1.232473e-07
41 NLEPS (nconv=2, restart=0) residual norm 1.232473e-07
  Residual norms for GMRES solve
  0 (restart 0) KSP residual norm 9.461776e-13
GMRES solver converged in 0 iterations
   NLEPS Armijo backtracks=9, alpha=1.953e-03, res_new=1.232473e-07
42 NLEPS (nconv=2, restart=0) residual norm 1.232473e-07
  Residual norms for GMRES solve
  0 (restart 0) KSP residual norm 9.473176e-13
GMRES solver converged in 0 iterations
   NLEPS Armijo backtracks=9, alpha=1.953e-03, res_new=1.232473e-07
43 NLEPS (nconv=2, restart=0) residual norm 1.232473e-07
  Residual norms for GMRES solve
  0 (restart 0) KSP residual norm 9.461423e-13
GMRES solver converged in 0 iterations
   NLEPS Armijo backtracks=9, alpha=1.953e-03, res_new=1.232473e-07
44 NLEPS (nconv=2, restart=0) residual norm 1.232473e-07
  Residual norms for GMRES solve
  0 (restart 0) KSP residual norm 9.473378e-13
GMRES solver converged in 0 iterations
   NLEPS Armijo backtracks=9, alpha=1.953e-03, res_new=1.232473e-07
45 NLEPS (nconv=2, restart=0) residual norm 1.232473e-07
  Residual norms for GMRES solve
  0 (restart 0) KSP residual norm 9.461775e-13
GMRES solver converged in 0 iterations
   NLEPS Armijo backtracks=9, alpha=1.953e-03, res_new=1.232473e-07
46 NLEPS (nconv=2, restart=0) residual norm 1.232473e-07
  Residual norms for GMRES solve
  0 (restart 0) KSP residual norm 9.473217e-13
GMRES solver converged in 0 iterations
   NLEPS Armijo backtracks=9, alpha=1.953e-03, res_new=1.232473e-07
47 NLEPS (nconv=2, restart=0) residual norm 1.232473e-07
  Residual norms for GMRES solve
  0 (restart 0) KSP residual norm 9.461446e-13
GMRES solver converged in 0 iterations
   NLEPS Armijo backtracks=9, alpha=1.953e-03, res_new=1.232473e-07
48 NLEPS (nconv=2, restart=0) residual norm 1.232473e-07
  Residual norms for GMRES solve
  0 (restart 0) KSP residual norm 9.472771e-13
GMRES solver converged in 0 iterations
   NLEPS Armijo backtracks=9, alpha=1.953e-03, res_new=1.232473e-07
49 NLEPS (nconv=2, restart=0) residual norm 1.232473e-07
  Residual norms for GMRES solve
  0 (restart 0) KSP residual norm 9.461409e-13
GMRES solver converged in 0 iterations
   NLEPS Armijo backtracks=9, alpha=1.953e-03, res_new=1.232473e-07
50 NLEPS (nconv=2, restart=0) residual norm 1.232473e-07
  Residual norms for GMRES solve
  0 (restart 0) KSP residual norm 9.473080e-13
GMRES solver converged in 0 iterations
   NLEPS Armijo backtracks=9, alpha=1.953e-03, res_new=1.232473e-07
51 NLEPS (nconv=2, restart=0) residual norm 1.232473e-07
  Residual norms for GMRES solve
  0 (restart 0) KSP residual norm 9.461698e-13
GMRES solver converged in 0 iterations
   NLEPS Armijo backtracks=9, alpha=1.953e-03, res_new=1.232473e-07
52 NLEPS (nconv=2, restart=0) residual norm 1.232473e-07
  Residual norms for GMRES solve
  0 (restart 0) KSP residual norm 9.473506e-13
GMRES solver converged in 0 iterations
   NLEPS Armijo backtracks=9, alpha=1.953e-03, res_new=1.232473e-07
53 NLEPS (nconv=2, restart=0) residual norm 1.232473e-07
  Residual norms for GMRES solve
  0 (restart 0) KSP residual norm 9.461579e-13
GMRES solver converged in 0 iterations
   NLEPS Armijo backtracks=9, alpha=1.953e-03, res_new=1.232473e-07
54 NLEPS (nconv=2, restart=0) residual norm 1.232473e-07
  Residual norms for GMRES solve
  0 (restart 0) KSP residual norm 9.473506e-13
GMRES solver converged in 0 iterations
   NLEPS Armijo backtracks=9, alpha=1.953e-03, res_new=1.232473e-07
55 NLEPS (nconv=2, restart=0) residual norm 1.232473e-07
  Residual norms for GMRES solve
  0 (restart 0) KSP residual norm 9.461472e-13
GMRES solver converged in 0 iterations
   NLEPS Armijo backtracks=9, alpha=1.953e-03, res_new=1.232473e-07
56 NLEPS (nconv=2, restart=0) residual norm 1.232473e-07
  Residual norms for GMRES solve
  0 (restart 0) KSP residual norm 9.473558e-13
GMRES solver converged in 0 iterations
   NLEPS Armijo backtracks=9, alpha=1.953e-03, res_new=1.232473e-07
57 NLEPS (nconv=2, restart=0) residual norm 1.232473e-07
  Residual norms for GMRES solve
  0 (restart 0) KSP residual norm 9.462654e-13
GMRES solver converged in 0 iterations
   NLEPS Armijo backtracks=9, alpha=1.953e-03, res_new=1.232473e-07
58 NLEPS (nconv=2, restart=0) residual norm 1.232473e-07
  Residual norms for GMRES solve
  0 (restart 0) KSP residual norm 9.473767e-13
GMRES solver converged in 0 iterations
   NLEPS Armijo backtracks=9, alpha=1.953e-03, res_new=1.232473e-07
59 NLEPS (nconv=2, restart=0) residual norm 1.232473e-07
  Residual norms for GMRES solve
  0 (restart 0) KSP residual norm 9.462596e-13
GMRES solver converged in 0 iterations
   NLEPS Armijo backtracks=9, alpha=1.953e-03, res_new=1.232473e-07
60 NLEPS (nconv=2, restart=0) residual norm 1.232473e-07
  Residual norms for GMRES solve
  0 (restart 0) KSP residual norm 9.473637e-13
GMRES solver converged in 0 iterations
   NLEPS Armijo backtracks=9, alpha=1.953e-03, res_new=1.232473e-07
61 NLEPS (nconv=2, restart=0) residual norm 1.232473e-07
  Residual norms for GMRES solve
  0 (restart 0) KSP residual norm 9.462379e-13
GMRES solver converged in 0 iterations
   NLEPS Armijo backtracks=9, alpha=1.953e-03, res_new=1.232473e-07
62 NLEPS (nconv=2, restart=0) residual norm 1.232473e-07
  Residual norms for GMRES solve
  0 (restart 0) KSP residual norm 9.473755e-13
GMRES solver converged in 0 iterations
   NLEPS Armijo backtracks=9, alpha=1.953e-03, res_new=1.232473e-07
63 NLEPS (nconv=2, restart=0) residual norm 1.232473e-07
  Residual norms for GMRES solve
  0 (restart 0) KSP residual norm 9.462427e-13
GMRES solver converged in 0 iterations
   NLEPS Armijo backtracks=9, alpha=1.953e-03, res_new=1.232473e-07
64 NLEPS (nconv=2, restart=0) residual norm 1.232473e-07
  Residual norms for GMRES solve
  0 (restart 0) KSP residual norm 9.473956e-13
GMRES solver converged in 0 iterations
   NLEPS Armijo backtracks=9, alpha=1.953e-03, res_new=1.232473e-07
65 NLEPS (nconv=2, restart=0) residual norm 1.232473e-07
  Residual norms for GMRES solve
  0 (restart 0) KSP residual norm 9.463287e-13
GMRES solver converged in 0 iterations
   NLEPS Armijo backtracks=9, alpha=1.953e-03, res_new=1.232473e-07
66 NLEPS (nconv=2, restart=0) residual norm 1.232473e-07
  Residual norms for GMRES solve
  0 (restart 0) KSP residual norm 9.474755e-13
GMRES solver converged in 0 iterations
   NLEPS Armijo backtracks=9, alpha=1.953e-03, res_new=1.232473e-07
67 NLEPS (nconv=2, restart=0) residual norm 1.232473e-07
  Residual norms for GMRES solve
  0 (restart 0) KSP residual norm 9.463236e-13
GMRES solver converged in 0 iterations
   NLEPS Armijo backtracks=9, alpha=1.953e-03, res_new=1.232473e-07
68 NLEPS (nconv=2, restart=0) residual norm 1.232473e-07
  Residual norms for GMRES solve
  0 (restart 0) KSP residual norm 9.474574e-13
GMRES solver converged in 0 iterations
   NLEPS Armijo backtracks=9, alpha=1.953e-03, res_new=1.232473e-07
69 NLEPS (nconv=2, restart=0) residual norm 1.232473e-07
  Residual norms for GMRES solve
  0 (restart 0) KSP residual norm 9.462968e-13
GMRES solver converged in 0 iterations
   NLEPS Armijo backtracks=9, alpha=1.953e-03, res_new=1.232473e-07
70 NLEPS (nconv=2, restart=0) residual norm 1.232473e-07
  Residual norms for GMRES solve
  0 (restart 0) KSP residual norm 9.474101e-13
GMRES solver converged in 0 iterations
   NLEPS Armijo backtracks=9, alpha=1.953e-03, res_new=1.232473e-07
71 NLEPS (nconv=2, restart=0) residual norm 1.232473e-07
  Residual norms for GMRES solve
  0 (restart 0) KSP residual norm 9.463421e-13
GMRES solver converged in 0 iterations
   NLEPS Armijo backtracks=9, alpha=1.953e-03, res_new=1.232473e-07
72 NLEPS (nconv=2, restart=0) residual norm 1.232473e-07
  Residual norms for GMRES solve
  0 (restart 0) KSP residual norm 9.474566e-13
GMRES solver converged in 0 iterations
   NLEPS Armijo backtracks=9, alpha=1.953e-03, res_new=1.232473e-07
73 NLEPS (nconv=2, restart=0) residual norm 1.232473e-07
  Residual norms for GMRES solve
  0 (restart 0) KSP residual norm 9.462837e-13
GMRES solver converged in 0 iterations
   NLEPS Armijo backtracks=9, alpha=1.953e-03, res_new=1.232473e-07
74 NLEPS (nconv=2, restart=0) residual norm 1.232473e-07
  Residual norms for GMRES solve
  0 (restart 0) KSP residual norm 9.474944e-13
GMRES solver converged in 0 iterations
   NLEPS Armijo backtracks=9, alpha=1.953e-03, res_new=1.232473e-07
75 NLEPS (nconv=2, restart=0) residual norm 1.232473e-07
  Residual norms for GMRES solve
  0 (restart 0) KSP residual norm 9.463669e-13
GMRES solver converged in 0 iterations
   NLEPS Armijo backtracks=9, alpha=1.953e-03, res_new=1.232473e-07
76 NLEPS (nconv=2, restart=0) residual norm 1.232473e-07
  Residual norms for GMRES solve
  0 (restart 0) KSP residual norm 9.475429e-13
GMRES solver converged in 0 iterations
   NLEPS Armijo backtracks=9, alpha=1.953e-03, res_new=1.232473e-07
77 NLEPS (nconv=2, restart=0) residual norm 1.232473e-07
  Residual norms for GMRES solve
  0 (restart 0) KSP residual norm 9.463898e-13
GMRES solver converged in 0 iterations
   NLEPS Armijo backtracks=9, alpha=1.953e-03, res_new=1.232473e-07
78 NLEPS (nconv=2, restart=0) residual norm 1.232473e-07
  Residual norms for GMRES solve
  0 (restart 0) KSP residual norm 9.475737e-13
GMRES solver converged in 0 iterations
   NLEPS Armijo backtracks=9, alpha=1.953e-03, res_new=1.232473e-07
79 NLEPS (nconv=2, restart=0) residual norm 1.232473e-07
  Residual norms for GMRES solve
  0 (restart 0) KSP residual norm 9.464433e-13
GMRES solver converged in 0 iterations
   NLEPS Armijo backtracks=9, alpha=1.953e-03, res_new=1.232473e-07
80 NLEPS (nconv=2, restart=0) residual norm 1.232473e-07
  Residual norms for GMRES solve
  0 (restart 0) KSP residual norm 9.475356e-13
GMRES solver converged in 0 iterations
   NLEPS Armijo backtracks=9, alpha=1.953e-03, res_new=1.232473e-07
81 NLEPS (nconv=2, restart=0) residual norm 1.232473e-07
  Residual norms for GMRES solve
  0 (restart 0) KSP residual norm 9.463874e-13
GMRES solver converged in 0 iterations
   NLEPS Armijo backtracks=9, alpha=1.953e-03, res_new=1.232473e-07
82 NLEPS (nconv=2, restart=0) residual norm 1.232473e-07
  Residual norms for GMRES solve
  0 (restart 0) KSP residual norm 9.475287e-13
GMRES solver converged in 0 iterations
   NLEPS Armijo backtracks=9, alpha=1.953e-03, res_new=1.232473e-07
83 NLEPS (nconv=2, restart=0) residual norm 1.232473e-07
  Residual norms for GMRES solve
  0 (restart 0) KSP residual norm 9.463828e-13
GMRES solver converged in 0 iterations
   NLEPS Armijo backtracks=9, alpha=1.953e-03, res_new=1.232473e-07
84 NLEPS (nconv=2, restart=0) residual norm 1.232473e-07
  Residual norms for GMRES solve
  0 (restart 0) KSP residual norm 9.475150e-13
GMRES solver converged in 0 iterations
   NLEPS Armijo backtracks=9, alpha=1.953e-03, res_new=1.232473e-07
85 NLEPS (nconv=2, restart=0) residual norm 1.232473e-07
  Residual norms for GMRES solve
  0 (restart 0) KSP residual norm 9.463582e-13
GMRES solver converged in 0 iterations
   NLEPS Armijo backtracks=9, alpha=1.953e-03, res_new=1.232473e-07
86 NLEPS (nconv=2, restart=0) residual norm 1.232473e-07
  Residual norms for GMRES solve
  0 (restart 0) KSP residual norm 9.475338e-13
GMRES solver converged in 0 iterations
   NLEPS Armijo backtracks=9, alpha=1.953e-03, res_new=1.232473e-07
87 NLEPS (nconv=2, restart=0) residual norm 1.232473e-07
  Residual norms for GMRES solve
  0 (restart 0) KSP residual norm 9.462940e-13
GMRES solver converged in 0 iterations
   NLEPS Armijo backtracks=9, alpha=1.953e-03, res_new=1.232473e-07
88 NLEPS (nconv=2, restart=0) residual norm 1.232473e-07
  Residual norms for GMRES solve
  0 (restart 0) KSP residual norm 9.474684e-13
GMRES solver converged in 0 iterations
   NLEPS Armijo backtracks=9, alpha=1.953e-03, res_new=1.232473e-07
89 NLEPS (nconv=2, restart=0) residual norm 1.232473e-07
  Residual norms for GMRES solve
  0 (restart 0) KSP residual norm 9.462896e-13
GMRES solver converged in 0 iterations
   NLEPS Armijo backtracks=9, alpha=1.953e-03, res_new=1.232473e-07
90 NLEPS (nconv=2, restart=0) residual norm 1.232473e-07
  Residual norms for GMRES solve
  0 (restart 0) KSP residual norm 9.474424e-13
GMRES solver converged in 0 iterations
   NLEPS Armijo backtracks=9, alpha=1.953e-03, res_new=1.232473e-07
91 NLEPS (nconv=2, restart=0) residual norm 1.232473e-07
  Residual norms for GMRES solve
  0 (restart 0) KSP residual norm 9.463437e-13
GMRES solver converged in 0 iterations
   NLEPS Armijo backtracks=9, alpha=1.953e-03, res_new=1.232473e-07
92 NLEPS (nconv=2, restart=0) residual norm 1.232473e-07
  Residual norms for GMRES solve
  0 (restart 0) KSP residual norm 9.475169e-13
GMRES solver converged in 0 iterations
   NLEPS Armijo backtracks=9, alpha=1.953e-03, res_new=1.232473e-07
93 NLEPS (nconv=2, restart=0) residual norm 1.232473e-07
  Residual norms for GMRES solve
  0 (restart 0) KSP residual norm 9.463485e-13
GMRES solver converged in 0 iterations
   NLEPS Armijo backtracks=9, alpha=1.953e-03, res_new=1.232473e-07
94 NLEPS (nconv=2, restart=0) residual norm 1.232473e-07
  Residual norms for GMRES solve
  0 (restart 0) KSP residual norm 9.475043e-13
GMRES solver converged in 0 iterations
   NLEPS Armijo backtracks=9, alpha=1.953e-03, res_new=1.232473e-07
95 NLEPS (nconv=2, restart=0) residual norm 1.232473e-07
  Residual norms for GMRES solve
  0 (restart 0) KSP residual norm 9.463322e-13
GMRES solver converged in 0 iterations
   NLEPS Armijo backtracks=9, alpha=1.953e-03, res_new=1.232473e-07
96 NLEPS (nconv=2, restart=0) residual norm 1.232473e-07
  Residual norms for GMRES solve
  0 (restart 0) KSP residual norm 9.475548e-13
GMRES solver converged in 0 iterations
   NLEPS Armijo backtracks=9, alpha=1.953e-03, res_new=1.232473e-07
97 NLEPS (nconv=2, restart=0) residual norm 1.232473e-07
  Residual norms for GMRES solve
  0 (restart 0) KSP residual norm 9.464070e-13
GMRES solver converged in 0 iterations
   NLEPS Armijo backtracks=9, alpha=1.953e-03, res_new=1.232473e-07
98 NLEPS (nconv=2, restart=0) residual norm 1.232473e-07
  Residual norms for GMRES solve
  0 (restart 0) KSP residual norm 9.475820e-13
GMRES solver converged in 0 iterations
   NLEPS Armijo backtracks=9, alpha=1.953e-03, res_new=1.232473e-07
99 NLEPS (nconv=2, restart=0) residual norm 1.232473e-07
  Residual norms for GMRES solve
  0 (restart 0) KSP residual norm 9.464178e-13
GMRES solver converged in 0 iterations
   NLEPS Armijo backtracks=9, alpha=1.953e-03, res_new=1.232473e-07
100 NLEPS (nconv=2, restart=0) residual norm 1.232473e-07
  Residual norms for GMRES solve
  0 (restart 0) KSP residual norm 9.475764e-13
GMRES solver converged in 0 iterations
   NLEPS Armijo backtracks=9, alpha=1.953e-03, res_new=1.232473e-07
101 NLEPS (nconv=2, restart=0) residual norm 1.232473e-07
  Residual norms for GMRES solve
  0 (restart 0) KSP residual norm 9.464281e-13
GMRES solver converged in 0 iterations
   NLEPS Armijo backtracks=9, alpha=1.953e-03, res_new=1.232473e-07
102 NLEPS (nconv=2, restart=0) residual norm 1.232473e-07
  Residual norms for GMRES solve
  0 (restart 0) KSP residual norm 9.476839e-13
GMRES solver converged in 0 iterations
   NLEPS Armijo backtracks=9, alpha=1.953e-03, res_new=1.232473e-07
103 NLEPS (nconv=2, restart=0) residual norm 1.232473e-07
  Residual norms for GMRES solve
  0 (restart 0) KSP residual norm 9.464225e-13
GMRES solver converged in 0 iterations
   NLEPS Armijo backtracks=9, alpha=1.953e-03, res_new=1.232473e-07
104 NLEPS (nconv=2, restart=0) residual norm 1.232473e-07
  Residual norms for GMRES solve
  0 (restart 0) KSP residual norm 9.477219e-13
GMRES solver converged in 0 iterations
   NLEPS Armijo backtracks=9, alpha=1.953e-03, res_new=1.232473e-07
105 NLEPS (nconv=2, restart=0) residual norm 1.232473e-07
  Residual norms for GMRES solve
  0 (restart 0) KSP residual norm 9.464437e-13
GMRES solver converged in 0 iterations
   NLEPS Armijo backtracks=9, alpha=1.953e-03, res_new=1.232473e-07
106 NLEPS (nconv=2, restart=0) residual norm 1.232473e-07
  Residual norms for GMRES solve
  0 (restart 0) KSP residual norm 9.476989e-13
GMRES solver converged in 0 iterations
   NLEPS Armijo backtracks=9, alpha=1.953e-03, res_new=1.232473e-07
107 NLEPS (nconv=2, restart=0) residual norm 1.232473e-07
  Residual norms for GMRES solve
  0 (restart 0) KSP residual norm 9.464691e-13
GMRES solver converged in 0 iterations
   NLEPS Armijo backtracks=9, alpha=1.953e-03, res_new=1.232473e-07
108 NLEPS (nconv=2, restart=0) residual norm 1.232473e-07
  Residual norms for GMRES solve
  0 (restart 0) KSP residual norm 9.476816e-13
GMRES solver converged in 0 iterations
   NLEPS Armijo backtracks=9, alpha=1.953e-03, res_new=1.232473e-07
109 NLEPS (nconv=2, restart=0) residual norm 1.232473e-07
  Residual norms for GMRES solve
  0 (restart 0) KSP residual norm 9.463979e-13
GMRES solver converged in 0 iterations
   NLEPS Armijo backtracks=9, alpha=1.953e-03, res_new=1.232473e-07
110 NLEPS (nconv=2, restart=0) residual norm 1.232473e-07
  Residual norms for GMRES solve
  0 (restart 0) KSP residual norm 9.476984e-13
GMRES solver converged in 0 iterations
   NLEPS Armijo backtracks=9, alpha=1.953e-03, res_new=1.232473e-07
111 NLEPS (nconv=2, restart=0) residual norm 1.232473e-07
  Residual norms for GMRES solve
  0 (restart 0) KSP residual norm 9.464108e-13
GMRES solver converged in 0 iterations
   NLEPS Armijo backtracks=9, alpha=1.953e-03, res_new=1.232473e-07
112 NLEPS (nconv=2, restart=0) residual norm 1.232473e-07
  Residual norms for GMRES solve
  0 (restart 0) KSP residual norm 9.477059e-13
GMRES solver converged in 0 iterations
   NLEPS Armijo backtracks=9, alpha=1.953e-03, res_new=1.232473e-07
113 NLEPS (nconv=2, restart=0) residual norm 1.232473e-07
  Residual norms for GMRES solve
  0 (restart 0) KSP residual norm 9.463721e-13
GMRES solver converged in 0 iterations
   NLEPS Armijo backtracks=9, alpha=1.953e-03, res_new=1.232473e-07
114 NLEPS (nconv=2, restart=0) residual norm 1.232473e-07
  Residual norms for GMRES solve
  0 (restart 0) KSP residual norm 9.476392e-13
GMRES solver converged in 0 iterations
   NLEPS Armijo backtracks=9, alpha=1.953e-03, res_new=1.232473e-07
115 NLEPS (nconv=2, restart=0) residual norm 1.232473e-07
  Residual norms for GMRES solve
  0 (restart 0) KSP residual norm 9.463542e-13
GMRES solver converged in 0 iterations
   NLEPS Armijo backtracks=9, alpha=1.953e-03, res_new=1.232473e-07
116 NLEPS (nconv=2, restart=0) residual norm 1.232473e-07
  Residual norms for GMRES solve
  0 (restart 0) KSP residual norm 9.476011e-13
GMRES solver converged in 0 iterations
   NLEPS Armijo backtracks=9, alpha=1.953e-03, res_new=1.232473e-07
117 NLEPS (nconv=2, restart=0) residual norm 1.232473e-07
  Residual norms for GMRES solve
  0 (restart 0) KSP residual norm 9.463452e-13
GMRES solver converged in 0 iterations
   NLEPS Armijo backtracks=9, alpha=1.953e-03, res_new=1.232473e-07
118 NLEPS (nconv=2, restart=0) residual norm 1.232473e-07
  Residual norms for GMRES solve
  0 (restart 0) KSP residual norm 9.476000e-13
GMRES solver converged in 0 iterations
   NLEPS Armijo backtracks=9, alpha=1.953e-03, res_new=1.232473e-07
119 NLEPS (nconv=2, restart=0) residual norm 1.232473e-07
  Residual norms for GMRES solve
  0 (restart 0) KSP residual norm 9.463449e-13
GMRES solver converged in 0 iterations
   NLEPS Armijo backtracks=9, alpha=1.953e-03, res_new=1.232473e-07
120 NLEPS (nconv=2, restart=0) residual norm 1.232473e-07
  Residual norms for GMRES solve
  0 (restart 0) KSP residual norm 9.476720e-13
GMRES solver converged in 0 iterations
   NLEPS Armijo backtracks=9, alpha=1.953e-03, res_new=1.232473e-07
121 NLEPS (nconv=2, restart=0) residual norm 1.232473e-07
  Residual norms for GMRES solve
  0 (restart 0) KSP residual norm 9.463974e-13
GMRES solver converged in 0 iterations
   NLEPS Armijo backtracks=9, alpha=1.953e-03, res_new=1.232473e-07
122 NLEPS (nconv=2, restart=0) residual norm 1.232473e-07
  Residual norms for GMRES solve
  0 (restart 0) KSP residual norm 9.476543e-13
GMRES solver converged in 0 iterations
   NLEPS Armijo backtracks=9, alpha=1.953e-03, res_new=1.232473e-07
123 NLEPS (nconv=2, restart=0) residual norm 1.232473e-07
  Residual norms for GMRES solve
  0 (restart 0) KSP residual norm 9.463411e-13
GMRES solver converged in 0 iterations
   NLEPS Armijo backtracks=9, alpha=1.953e-03, res_new=1.232473e-07
124 NLEPS (nconv=2, restart=0) residual norm 1.232473e-07
  Residual norms for GMRES solve
  0 (restart 0) KSP residual norm 9.476075e-13
GMRES solver converged in 0 iterations
   NLEPS Armijo backtracks=9, alpha=1.953e-03, res_new=1.232473e-07
125 NLEPS (nconv=2, restart=0) residual norm 1.232473e-07
  Residual norms for GMRES solve
  0 (restart 0) KSP residual norm 9.462744e-13
GMRES solver converged in 0 iterations
   NLEPS Armijo backtracks=9, alpha=1.953e-03, res_new=1.232473e-07
126 NLEPS (nconv=2, restart=0) residual norm 1.232473e-07
  Residual norms for GMRES solve
  0 (restart 0) KSP residual norm 9.475713e-13
GMRES solver converged in 0 iterations
   NLEPS Armijo backtracks=9, alpha=1.953e-03, res_new=1.232473e-07
127 NLEPS (nconv=2, restart=0) residual norm 1.232473e-07
  Residual norms for GMRES solve
  0 (restart 0) KSP residual norm 9.463003e-13
GMRES solver converged in 0 iterations
   NLEPS Armijo backtracks=9, alpha=1.953e-03, res_new=1.232473e-07
128 NLEPS (nconv=2, restart=0) residual norm 1.232473e-07
  Residual norms for GMRES solve
  0 (restart 0) KSP residual norm 9.475839e-13
GMRES solver converged in 0 iterations
   NLEPS Armijo backtracks=9, alpha=1.953e-03, res_new=1.232473e-07
129 NLEPS (nconv=2, restart=0) residual norm 1.232473e-07
  Residual norms for GMRES solve
  0 (restart 0) KSP residual norm 9.462937e-13
GMRES solver converged in 0 iterations
   NLEPS Armijo backtracks=9, alpha=1.953e-03, res_new=1.232473e-07
130 NLEPS (nconv=2, restart=0) residual norm 1.232473e-07
  Residual norms for GMRES solve
  0 (restart 0) KSP residual norm 9.475305e-13
GMRES solver converged in 0 iterations
   NLEPS Armijo backtracks=9, alpha=1.953e-03, res_new=1.232473e-07
131 NLEPS (nconv=2, restart=0) residual norm 1.232473e-07
  Residual norms for GMRES solve
  0 (restart 0) KSP residual norm 9.462483e-13
GMRES solver converged in 0 iterations
   NLEPS Armijo backtracks=9, alpha=1.953e-03, res_new=1.232473e-07
132 NLEPS (nconv=2, restart=0) residual norm 1.232473e-07
  Residual norms for GMRES solve
  0 (restart 0) KSP residual norm 9.475238e-13
GMRES solver converged in 0 iterations
   NLEPS Armijo backtracks=9, alpha=1.953e-03, res_new=1.232473e-07
133 NLEPS (nconv=2, restart=0) residual norm 1.232473e-07
  Residual norms for GMRES solve
  0 (restart 0) KSP residual norm 9.463051e-13
GMRES solver converged in 0 iterations
   NLEPS Armijo backtracks=9, alpha=1.953e-03, res_new=1.232473e-07
134 NLEPS (nconv=2, restart=0) residual norm 1.232473e-07
  Residual norms for GMRES solve
  0 (restart 0) KSP residual norm 9.475410e-13
GMRES solver converged in 0 iterations
   NLEPS Armijo backtracks=9, alpha=1.953e-03, res_new=1.232473e-07
135 NLEPS (nconv=2, restart=0) residual norm 1.232473e-07
  Residual norms for GMRES solve
  0 (restart 0) KSP residual norm 9.463070e-13
GMRES solver converged in 0 iterations
   NLEPS Armijo backtracks=9, alpha=1.953e-03, res_new=1.232473e-07
136 NLEPS (nconv=2, restart=0) residual norm 1.232473e-07
  Residual norms for GMRES solve
  0 (restart 0) KSP residual norm 9.475340e-13
GMRES solver converged in 0 iterations
   NLEPS Armijo backtracks=9, alpha=1.953e-03, res_new=1.232473e-07
137 NLEPS (nconv=2, restart=0) residual norm 1.232473e-07
  Residual norms for GMRES solve
  0 (restart 0) KSP residual norm 9.463508e-13
GMRES solver converged in 0 iterations
   NLEPS Armijo backtracks=9, alpha=1.953e-03, res_new=1.232473e-07
138 NLEPS (nconv=2, restart=0) residual norm 1.232473e-07
  Residual norms for GMRES solve
  0 (restart 0) KSP residual norm 9.475258e-13
GMRES solver converged in 0 iterations
   NLEPS Armijo backtracks=9, alpha=1.953e-03, res_new=1.232473e-07
139 NLEPS (nconv=2, restart=0) residual norm 1.232473e-07
  Residual norms for GMRES solve
  0 (restart 0) KSP residual norm 9.463018e-13
GMRES solver converged in 0 iterations
   NLEPS Armijo backtracks=9, alpha=1.953e-03, res_new=1.232473e-07
140 NLEPS (nconv=2, restart=0) residual norm 1.232473e-07
  Residual norms for GMRES solve
  0 (restart 0) KSP residual norm 9.474674e-13
GMRES solver converged in 0 iterations
   NLEPS Armijo backtracks=9, alpha=1.953e-03, res_new=1.232473e-07
141 NLEPS (nconv=2, restart=0) residual norm 1.232473e-07
  Residual norms for GMRES solve
  0 (restart 0) KSP residual norm 9.462917e-13
GMRES solver converged in 0 iterations
   NLEPS Armijo backtracks=9, alpha=1.953e-03, res_new=1.232473e-07
142 NLEPS (nconv=2, restart=0) residual norm 1.232473e-07
  Residual norms for GMRES solve
  0 (restart 0) KSP residual norm 9.474880e-13
GMRES solver converged in 0 iterations
   NLEPS Armijo backtracks=9, alpha=1.953e-03, res_new=1.232473e-07
143 NLEPS (nconv=2, restart=0) residual norm 1.232473e-07
  Residual norms for GMRES solve
  0 (restart 0) KSP residual norm 9.463152e-13
GMRES solver converged in 0 iterations
   NLEPS Armijo backtracks=9, alpha=1.953e-03, res_new=1.232473e-07
144 NLEPS (nconv=2, restart=0) residual norm 1.232473e-07
  Residual norms for GMRES solve
  0 (restart 0) KSP residual norm 9.475029e-13
GMRES solver converged in 0 iterations
   NLEPS Armijo backtracks=9, alpha=1.953e-03, res_new=1.232473e-07
145 NLEPS (nconv=2, restart=0) residual norm 1.232473e-07
  Residual norms for GMRES solve
  0 (restart 0) KSP residual norm 9.462914e-13
GMRES solver converged in 0 iterations
   NLEPS Armijo backtracks=9, alpha=1.953e-03, res_new=1.232473e-07
146 NLEPS (nconv=2, restart=0) residual norm 1.232473e-07
  Residual norms for GMRES solve
  0 (restart 0) KSP residual norm 9.474798e-13
GMRES solver converged in 0 iterations
   NLEPS Armijo backtracks=9, alpha=1.953e-03, res_new=1.232473e-07
147 NLEPS (nconv=2, restart=0) residual norm 1.232473e-07
  Residual norms for GMRES solve
  0 (restart 0) KSP residual norm 9.463009e-13
GMRES solver converged in 0 iterations
   NLEPS Armijo backtracks=9, alpha=1.953e-03, res_new=1.232473e-07
148 NLEPS (nconv=2, restart=0) residual norm 1.232473e-07
  Residual norms for GMRES solve
  0 (restart 0) KSP residual norm 9.475011e-13
GMRES solver converged in 0 iterations
   NLEPS Armijo backtracks=9, alpha=1.953e-03, res_new=1.232473e-07
149 NLEPS (nconv=2, restart=0) residual norm 1.232473e-07
  Residual norms for GMRES solve
  0 (restart 0) KSP residual norm 9.462833e-13
GMRES solver converged in 0 iterations
   NLEPS Armijo backtracks=9, alpha=1.953e-03, res_new=1.232473e-07
150 NLEPS (nconv=2, restart=0) residual norm 1.232473e-07
  Residual norms for GMRES solve
  0 (restart 0) KSP residual norm 9.474874e-13
GMRES solver converged in 0 iterations
   NLEPS Armijo backtracks=9, alpha=1.953e-03, res_new=1.232473e-07
151 NLEPS (nconv=2, restart=0) residual norm 1.232473e-07
  Residual norms for GMRES solve
  0 (restart 0) KSP residual norm 9.463354e-13
GMRES solver converged in 0 iterations
   NLEPS Armijo backtracks=9, alpha=1.953e-03, res_new=1.232473e-07
152 NLEPS (nconv=2, restart=0) residual norm 1.232473e-07
  Residual norms for GMRES solve
  0 (restart 0) KSP residual norm 9.475549e-13
GMRES solver converged in 0 iterations
   NLEPS Armijo backtracks=9, alpha=1.953e-03, res_new=1.232473e-07
153 NLEPS (nconv=2, restart=0) residual norm 1.232473e-07
  Residual norms for GMRES solve
  0 (restart 0) KSP residual norm 9.463406e-13
GMRES solver converged in 0 iterations
   NLEPS Armijo backtracks=9, alpha=1.953e-03, res_new=1.232473e-07
154 NLEPS (nconv=2, restart=0) residual norm 1.232473e-07
  Residual norms for GMRES solve
  0 (restart 0) KSP residual norm 9.475228e-13
GMRES solver converged in 0 iterations
   NLEPS Armijo backtracks=9, alpha=1.953e-03, res_new=1.232473e-07
155 NLEPS (nconv=2, restart=0) residual norm 1.232473e-07
  Residual norms for GMRES solve
  0 (restart 0) KSP residual norm 9.463735e-13
GMRES solver converged in 0 iterations
   NLEPS Armijo backtracks=9, alpha=1.953e-03, res_new=1.232473e-07
156 NLEPS (nconv=2, restart=0) residual norm 1.232473e-07
  Residual norms for GMRES solve
  0 (restart 0) KSP residual norm 9.475389e-13
GMRES solver converged in 0 iterations
   NLEPS Armijo backtracks=9, alpha=1.953e-03, res_new=1.232473e-07
157 NLEPS (nconv=2, restart=0) residual norm 1.232473e-07
  Residual norms for GMRES solve
  0 (restart 0) KSP residual norm 9.463485e-13
GMRES solver converged in 0 iterations
   NLEPS Armijo backtracks=9, alpha=1.953e-03, res_new=1.232473e-07
158 NLEPS (nconv=2, restart=0) residual norm 1.232473e-07
  Residual norms for GMRES solve
  0 (restart 0) KSP residual norm 9.475105e-13
GMRES solver converged in 0 iterations
   NLEPS Armijo backtracks=9, alpha=1.953e-03, res_new=1.232473e-07
159 NLEPS (nconv=2, restart=0) residual norm 1.232473e-07
  Residual norms for GMRES solve
  0 (restart 0) KSP residual norm 9.463600e-13
GMRES solver converged in 0 iterations
   NLEPS Armijo backtracks=9, alpha=1.953e-03, res_new=1.232473e-07
160 NLEPS (nconv=2, restart=0) residual norm 1.232473e-07
  Residual norms for GMRES solve
  0 (restart 0) KSP residual norm 9.475335e-13
GMRES solver converged in 0 iterations
   NLEPS Armijo backtracks=9, alpha=1.953e-03, res_new=1.232473e-07
161 NLEPS (nconv=2, restart=0) residual norm 1.232473e-07
  Residual norms for GMRES solve
  0 (restart 0) KSP residual norm 9.463447e-13
GMRES solver converged in 0 iterations
   NLEPS Armijo backtracks=9, alpha=1.953e-03, res_new=1.232473e-07
162 NLEPS (nconv=2, restart=0) residual norm 1.232473e-07
  Residual norms for GMRES solve
  0 (restart 0) KSP residual norm 9.475138e-13
GMRES solver converged in 0 iterations
   NLEPS Armijo backtracks=9, alpha=1.953e-03, res_new=1.232473e-07
163 NLEPS (nconv=2, restart=0) residual norm 1.232473e-07
  Residual norms for GMRES solve
  0 (restart 0) KSP residual norm 9.463512e-13
GMRES solver converged in 0 iterations
   NLEPS Armijo backtracks=9, alpha=1.953e-03, res_new=1.232473e-07
164 NLEPS (nconv=2, restart=0) residual norm 1.232473e-07
  Residual norms for GMRES solve
  0 (restart 0) KSP residual norm 9.474964e-13
GMRES solver converged in 0 iterations
   NLEPS Armijo backtracks=9, alpha=1.953e-03, res_new=1.232473e-07
165 NLEPS (nconv=2, restart=0) residual norm 1.232473e-07
  Residual norms for GMRES solve
  0 (restart 0) KSP residual norm 9.463735e-13
GMRES solver converged in 0 iterations
   NLEPS Armijo backtracks=9, alpha=1.953e-03, res_new=1.232473e-07
166 NLEPS (nconv=2, restart=0) residual norm 1.232473e-07
  Residual norms for GMRES solve
  0 (restart 0) KSP residual norm 9.475084e-13
GMRES solver converged in 0 iterations
   NLEPS Armijo backtracks=9, alpha=1.953e-03, res_new=1.232473e-07
167 NLEPS (nconv=2, restart=0) residual norm 1.232473e-07
  Residual norms for GMRES solve
  0 (restart 0) KSP residual norm 9.463642e-13
GMRES solver converged in 0 iterations
   NLEPS Armijo backtracks=9, alpha=1.953e-03, res_new=1.232473e-07
168 NLEPS (nconv=2, restart=0) residual norm 1.232473e-07
  Residual norms for GMRES solve
  0 (restart 0) KSP residual norm 9.474629e-13
GMRES solver converged in 0 iterations
   NLEPS Armijo backtracks=9, alpha=1.953e-03, res_new=1.232473e-07
169 NLEPS (nconv=2, restart=0) residual norm 1.232473e-07
  Residual norms for GMRES solve
  0 (restart 0) KSP residual norm 9.463603e-13
GMRES solver converged in 0 iterations
   NLEPS Armijo backtracks=9, alpha=1.953e-03, res_new=1.232473e-07
170 NLEPS (nconv=2, restart=0) residual norm 1.232473e-07
  Residual norms for GMRES solve
  0 (restart 0) KSP residual norm 9.474686e-13
GMRES solver converged in 0 iterations
   NLEPS Armijo backtracks=9, alpha=1.953e-03, res_new=1.232473e-07
171 NLEPS (nconv=2, restart=0) residual norm 1.232473e-07
  Residual norms for GMRES solve
  0 (restart 0) KSP residual norm 9.463349e-13
GMRES solver converged in 0 iterations
   NLEPS Armijo backtracks=9, alpha=1.953e-03, res_new=1.232473e-07
172 NLEPS (nconv=2, restart=0) residual norm 1.232473e-07
  Residual norms for GMRES solve
  0 (restart 0) KSP residual norm 9.474546e-13
GMRES solver converged in 0 iterations
   NLEPS Armijo backtracks=9, alpha=1.953e-03, res_new=1.232473e-07
173 NLEPS (nconv=2, restart=0) residual norm 1.232473e-07
  Residual norms for GMRES solve
  0 (restart 0) KSP residual norm 9.463077e-13
GMRES solver converged in 0 iterations
   NLEPS Armijo backtracks=9, alpha=1.953e-03, res_new=1.232473e-07
174 NLEPS (nconv=2, restart=0) residual norm 1.232473e-07
  Residual norms for GMRES solve
  0 (restart 0) KSP residual norm 9.474691e-13
GMRES solver converged in 0 iterations
   NLEPS Armijo backtracks=9, alpha=1.953e-03, res_new=1.232473e-07
175 NLEPS (nconv=2, restart=0) residual norm 1.232473e-07
  Residual norms for GMRES solve
  0 (restart 0) KSP residual norm 9.462672e-13
GMRES solver converged in 0 iterations
   NLEPS Armijo backtracks=9, alpha=1.953e-03, res_new=1.232473e-07
176 NLEPS (nconv=2, restart=0) residual norm 1.232473e-07
  Residual norms for GMRES solve
  0 (restart 0) KSP residual norm 9.474085e-13
GMRES solver converged in 0 iterations
   NLEPS Armijo backtracks=9, alpha=1.953e-03, res_new=1.232473e-07
177 NLEPS (nconv=2, restart=0) residual norm 1.232473e-07
  Residual norms for GMRES solve
  0 (restart 0) KSP residual norm 9.462505e-13
GMRES solver converged in 0 iterations
   NLEPS Armijo backtracks=9, alpha=1.953e-03, res_new=1.232473e-07
178 NLEPS (nconv=2, restart=0) residual norm 1.232473e-07
  Residual norms for GMRES solve
  0 (restart 0) KSP residual norm 9.474144e-13
GMRES solver converged in 0 iterations
   NLEPS Armijo backtracks=9, alpha=1.953e-03, res_new=1.232473e-07
179 NLEPS (nconv=2, restart=0) residual norm 1.232473e-07
  Residual norms for GMRES solve
  0 (restart 0) KSP residual norm 9.462809e-13
GMRES solver converged in 0 iterations
   NLEPS Armijo backtracks=9, alpha=1.953e-03, res_new=1.232473e-07
180 NLEPS (nconv=2, restart=0) residual norm 1.232473e-07
  Residual norms for GMRES solve
  0 (restart 0) KSP residual norm 9.473944e-13
GMRES solver converged in 0 iterations
   NLEPS Armijo backtracks=9, alpha=1.953e-03, res_new=1.232473e-07
181 NLEPS (nconv=2, restart=0) residual norm 1.232473e-07
  Residual norms for GMRES solve
  0 (restart 0) KSP residual norm 9.462948e-13
GMRES solver converged in 0 iterations
   NLEPS Armijo backtracks=9, alpha=1.953e-03, res_new=1.232473e-07
182 NLEPS (nconv=2, restart=0) residual norm 1.232473e-07
  Residual norms for GMRES solve
  0 (restart 0) KSP residual norm 9.474667e-13
GMRES solver converged in 0 iterations
   NLEPS Armijo backtracks=9, alpha=1.953e-03, res_new=1.232473e-07
183 NLEPS (nconv=2, restart=0) residual norm 1.232473e-07
  Residual norms for GMRES solve
  0 (restart 0) KSP residual norm 9.463196e-13
GMRES solver converged in 0 iterations
   NLEPS Armijo backtracks=9, alpha=1.953e-03, res_new=1.232473e-07
184 NLEPS (nconv=2, restart=0) residual norm 1.232473e-07
  Residual norms for GMRES solve
  0 (restart 0) KSP residual norm 9.475034e-13
GMRES solver converged in 0 iterations
   NLEPS Armijo backtracks=9, alpha=1.953e-03, res_new=1.232473e-07
185 NLEPS (nconv=2, restart=0) residual norm 1.232473e-07
  Residual norms for GMRES solve
  0 (restart 0) KSP residual norm 9.463133e-13
GMRES solver converged in 0 iterations
   NLEPS Armijo backtracks=9, alpha=1.953e-03, res_new=1.232473e-07
186 NLEPS (nconv=2, restart=0) residual norm 1.232473e-07
  Residual norms for GMRES solve
  0 (restart 0) KSP residual norm 9.475216e-13
GMRES solver converged in 0 iterations
   NLEPS Armijo backtracks=9, alpha=1.953e-03, res_new=1.232473e-07
187 NLEPS (nconv=2, restart=0) residual norm 1.232473e-07
  Residual norms for GMRES solve
  0 (restart 0) KSP residual norm 9.463426e-13
GMRES solver converged in 0 iterations
   NLEPS Armijo backtracks=9, alpha=1.953e-03, res_new=1.232473e-07
188 NLEPS (nconv=2, restart=0) residual norm 1.232473e-07
  Residual norms for GMRES solve
  0 (restart 0) KSP residual norm 9.475188e-13
GMRES solver converged in 0 iterations
   NLEPS Armijo backtracks=9, alpha=1.953e-03, res_new=1.232473e-07
189 NLEPS (nconv=2, restart=0) residual norm 1.232473e-07
  Residual norms for GMRES solve
  0 (restart 0) KSP residual norm 9.463701e-13
GMRES solver converged in 0 iterations
   NLEPS Armijo backtracks=9, alpha=1.953e-03, res_new=1.232473e-07
190 NLEPS (nconv=2, restart=0) residual norm 1.232473e-07
  Residual norms for GMRES solve
  0 (restart 0) KSP residual norm 9.475693e-13
GMRES solver converged in 0 iterations
   NLEPS Armijo backtracks=9, alpha=1.953e-03, res_new=1.232473e-07
191 NLEPS (nconv=2, restart=0) residual norm 1.232473e-07
  Residual norms for GMRES solve
  0 (restart 0) KSP residual norm 9.463629e-13
GMRES solver converged in 0 iterations
   NLEPS Armijo backtracks=9, alpha=1.953e-03, res_new=1.232473e-07
192 NLEPS (nconv=2, restart=0) residual norm 1.232473e-07
  Residual norms for GMRES solve
  0 (restart 0) KSP residual norm 9.476048e-13
GMRES solver converged in 0 iterations
   NLEPS Armijo backtracks=9, alpha=1.953e-03, res_new=1.232473e-07
193 NLEPS (nconv=2, restart=0) residual norm 1.232473e-07
  Residual norms for GMRES solve
  0 (restart 0) KSP residual norm 9.464039e-13
GMRES solver converged in 0 iterations
   NLEPS Armijo backtracks=9, alpha=1.953e-03, res_new=1.232473e-07
194 NLEPS (nconv=2, restart=0) residual norm 1.232473e-07
  Residual norms for GMRES solve
  0 (restart 0) KSP residual norm 9.476297e-13
GMRES solver converged in 0 iterations
   NLEPS Armijo backtracks=9, alpha=1.953e-03, res_new=1.232473e-07
195 NLEPS (nconv=2, restart=0) residual norm 1.232473e-07
  Residual norms for GMRES solve
  0 (restart 0) KSP residual norm 9.463933e-13
GMRES solver converged in 0 iterations
   NLEPS Armijo backtracks=9, alpha=1.953e-03, res_new=1.232473e-07
196 NLEPS (nconv=2, restart=0) residual norm 1.232473e-07
  Residual norms for GMRES solve
  0 (restart 0) KSP residual norm 9.475973e-13
GMRES solver converged in 0 iterations
   NLEPS Armijo backtracks=9, alpha=1.953e-03, res_new=1.232473e-07
197 NLEPS (nconv=2, restart=0) residual norm 1.232473e-07
  Residual norms for GMRES solve
  0 (restart 0) KSP residual norm 9.463520e-13
GMRES solver converged in 0 iterations
   NLEPS Armijo backtracks=9, alpha=1.953e-03, res_new=1.232473e-07
198 NLEPS (nconv=2, restart=0) residual norm 1.232473e-07
  Residual norms for GMRES solve
  0 (restart 0) KSP residual norm 9.476068e-13
GMRES solver converged in 0 iterations
   NLEPS Armijo backtracks=9, alpha=1.953e-03, res_new=1.232473e-07
199 NLEPS (nconv=2, restart=0) residual norm 1.232473e-07
  Residual norms for GMRES solve
  0 (restart 0) KSP residual norm 9.463576e-13
GMRES solver converged in 0 iterations
   NLEPS Armijo backtracks=9, alpha=1.953e-03, res_new=1.232473e-07
Eigenvalue 2, Quasi-Newton did not converge in 200 iterations, restarting.
  Residual norms for GMRES solve
  0 (restart 0) KSP residual norm 3.179821e+01
  1 (restart 0) KSP residual norm 1.511174e+01
  2 (restart 0) KSP residual norm 2.742949e+00
  3 (restart 0) KSP residual norm 2.288314e+00
  4 (restart 0) KSP residual norm 1.313492e+00
  5 (restart 0) KSP residual norm 7.262858e-01
  6 (restart 0) KSP residual norm 4.814216e-01
  7 (restart 0) KSP residual norm 2.439687e-01
  8 (restart 0) KSP residual norm 8.734673e-02
  9 (restart 0) KSP residual norm 5.616837e-02
 10 (restart 0) KSP residual norm 5.458484e-02
 11 (restart 0) KSP residual norm 2.503707e-02
 12 (restart 0) KSP residual norm 2.195496e-02
 13 (restart 0) KSP residual norm 2.021291e-02
 14 (restart 0) KSP residual norm 1.963926e-02
 15 (restart 0) KSP residual norm 1.874476e-02
 16 (restart 0) KSP residual norm 1.406055e-02
 17 (restart 0) KSP residual norm 9.734678e-03
GMRES solver converged in 17 iterations (avg. reduction factor: 6.213e-01)
0 NLEPS (nconv=2, restart=1) residual norm 1.272823e-01
  Residual norms for GMRES solve
  0 (restart 0) KSP residual norm 2.930979e+00
  1 (restart 0) KSP residual norm 2.289225e+00
  2 (restart 0) KSP residual norm 2.234526e+00
  3 (restart 0) KSP residual norm 2.181833e+00
  4 (restart 0) KSP residual norm 1.871127e+00
  5 (restart 0) KSP residual norm 1.784446e+00
  6 (restart 0) KSP residual norm 3.475135e-01
  7 (restart 0) KSP residual norm 1.180994e-01
  8 (restart 0) KSP residual norm 7.996363e-02
  9 (restart 0) KSP residual norm 3.228651e-02
 10 (restart 0) KSP residual norm 1.470917e-02
 11 (restart 0) KSP residual norm 7.555724e-03
 12 (restart 0) KSP residual norm 5.477414e-03
 13 (restart 0) KSP residual norm 5.320592e-03
 14 (restart 0) KSP residual norm 5.086935e-03
 15 (restart 0) KSP residual norm 4.732087e-03
 16 (restart 0) KSP residual norm 4.537749e-03
 17 (restart 0) KSP residual norm 4.370505e-03
 18 (restart 0) KSP residual norm 4.265392e-03
 19 (restart 0) KSP residual norm 4.173385e-03
 20 (restart 0) KSP residual norm 4.130777e-03
 21 (restart 0) KSP residual norm 4.115503e-03
 22 (restart 0) KSP residual norm 4.107938e-03
 23 (restart 0) KSP residual norm 4.082795e-03
 24 (restart 0) KSP residual norm 4.067574e-03
 25 (restart 0) KSP residual norm 4.043769e-03
 26 (restart 0) KSP residual norm 4.037330e-03
 27 (restart 0) KSP residual norm 3.985673e-03
 28 (restart 0) KSP residual norm 3.842299e-03
 29 (restart 0) KSP residual norm 3.803053e-03
 30 (restart 0) KSP residual norm 3.438190e-03
 31 (restart 0) KSP residual norm 2.928375e-03
 32 (restart 0) KSP residual norm 2.127116e-03
 33 (restart 0) KSP residual norm 1.623629e-03
 34 (restart 0) KSP residual norm 1.241024e-03
 35 (restart 0) KSP residual norm 8.729923e-04
GMRES solver converged in 35 iterations (avg. reduction factor: 7.930e-01)
1 NLEPS (nconv=2, restart=1) residual norm 2.558840e-03
  Residual norms for GMRES solve
  0 (restart 0) KSP residual norm 3.500869e-06
  1 (restart 0) KSP residual norm 9.045157e-07
  2 (restart 0) KSP residual norm 5.132203e-07
  3 (restart 0) KSP residual norm 2.714782e-07
  4 (restart 0) KSP residual norm 2.424865e-07
  5 (restart 0) KSP residual norm 2.219258e-07
  6 (restart 0) KSP residual norm 1.318088e-07
  7 (restart 0) KSP residual norm 9.451699e-08
  8 (restart 0) KSP residual norm 8.696585e-08
  9 (restart 0) KSP residual norm 8.444789e-08
 10 (restart 0) KSP residual norm 7.678967e-08
 11 (restart 0) KSP residual norm 5.952936e-08
 12 (restart 0) KSP residual norm 2.838109e-08
 13 (restart 0) KSP residual norm 2.236194e-08
 14 (restart 0) KSP residual norm 1.918743e-08
 15 (restart 0) KSP residual norm 1.841084e-08
 16 (restart 0) KSP residual norm 1.717575e-08
 17 (restart 0) KSP residual norm 1.570125e-08
 18 (restart 0) KSP residual norm 1.528752e-08
 19 (restart 0) KSP residual norm 1.517469e-08
 20 (restart 0) KSP residual norm 1.498333e-08
 21 (restart 0) KSP residual norm 1.497163e-08
 22 (restart 0) KSP residual norm 1.482259e-08
 23 (restart 0) KSP residual norm 1.455981e-08
 24 (restart 0) KSP residual norm 1.398901e-08
 25 (restart 0) KSP residual norm 1.392302e-08
 26 (restart 0) KSP residual norm 1.386421e-08
 27 (restart 0) KSP residual norm 1.379331e-08
 28 (restart 0) KSP residual norm 1.359685e-08
 29 (restart 0) KSP residual norm 1.357490e-08
 30 (restart 0) KSP residual norm 1.353058e-08
 31 (restart 0) KSP residual norm 1.341032e-08
 32 (restart 0) KSP residual norm 1.335067e-08
 33 (restart 0) KSP residual norm 1.329392e-08
 34 (restart 0) KSP residual norm 1.328760e-08
 35 (restart 0) KSP residual norm 1.322379e-08
 36 (restart 0) KSP residual norm 1.320606e-08
 37 (restart 0) KSP residual norm 1.307442e-08
 38 (restart 0) KSP residual norm 1.304714e-08
 39 (restart 0) KSP residual norm 1.300402e-08
 40 (restart 0) KSP residual norm 1.286626e-08
 41 (restart 0) KSP residual norm 1.278794e-08
 42 (restart 0) KSP residual norm 1.265731e-08
 43 (restart 0) KSP residual norm 1.255301e-08
 44 (restart 0) KSP residual norm 1.220214e-08
 45 (restart 0) KSP residual norm 1.184529e-08
 46 (restart 0) KSP residual norm 1.090880e-08
 47 (restart 0) KSP residual norm 9.796876e-09
 48 (restart 0) KSP residual norm 8.370129e-09
 49 (restart 0) KSP residual norm 6.550881e-09
 50 (restart 0) KSP residual norm 4.572567e-09
 51 (restart 0) KSP residual norm 3.059578e-09
 52 (restart 0) KSP residual norm 1.912913e-09
 53 (restart 0) KSP residual norm 1.205780e-09
 54 (restart 0) KSP residual norm 7.537937e-10
GMRES solver converged in 54 iterations (avg. reduction factor: 8.553e-01)
2 NLEPS (nconv=2, restart=1) residual norm 1.192401e-04
  Residual norms for GMRES solve
  0 (restart 0) KSP residual norm 7.488030e-09
  1 (restart 0) KSP residual norm 7.092623e-09
  2 (restart 0) KSP residual norm 1.930573e-09
  3 (restart 0) KSP residual norm 1.208466e-09
  4 (restart 0) KSP residual norm 9.882731e-10
  5 (restart 0) KSP residual norm 7.925031e-10
  6 (restart 0) KSP residual norm 7.914041e-10
  7 (restart 0) KSP residual norm 6.535283e-10
  8 (restart 0) KSP residual norm 4.422708e-10
  9 (restart 0) KSP residual norm 4.332626e-10
 10 (restart 0) KSP residual norm 2.956211e-10
 11 (restart 0) KSP residual norm 2.808440e-10
 12 (restart 0) KSP residual norm 2.193669e-10
 13 (restart 0) KSP residual norm 2.128303e-10
 14 (restart 0) KSP residual norm 1.867422e-10
 15 (restart 0) KSP residual norm 1.849406e-10
 16 (restart 0) KSP residual norm 1.793483e-10
 17 (restart 0) KSP residual norm 1.684544e-10
 18 (restart 0) KSP residual norm 1.670412e-10
 19 (restart 0) KSP residual norm 1.538015e-10
 20 (restart 0) KSP residual norm 1.512268e-10
 21 (restart 0) KSP residual norm 1.482834e-10
 22 (restart 0) KSP residual norm 1.473363e-10
 23 (restart 0) KSP residual norm 1.448348e-10
 24 (restart 0) KSP residual norm 1.369430e-10
 25 (restart 0) KSP residual norm 1.342928e-10
 26 (restart 0) KSP residual norm 1.341436e-10
 27 (restart 0) KSP residual norm 1.332989e-10
 28 (restart 0) KSP residual norm 1.322208e-10
 29 (restart 0) KSP residual norm 1.307094e-10
 30 (restart 0) KSP residual norm 1.296082e-10
 31 (restart 0) KSP residual norm 1.293680e-10
 32 (restart 0) KSP residual norm 1.284421e-10
 33 (restart 0) KSP residual norm 1.282154e-10
 34 (restart 0) KSP residual norm 1.278990e-10
 35 (restart 0) KSP residual norm 1.272650e-10
 36 (restart 0) KSP residual norm 1.271193e-10
 37 (restart 0) KSP residual norm 1.269629e-10
 38 (restart 0) KSP residual norm 1.256037e-10
 39 (restart 0) KSP residual norm 1.253893e-10
 40 (restart 0) KSP residual norm 1.252922e-10
 41 (restart 0) KSP residual norm 1.248792e-10
 42 (restart 0) KSP residual norm 1.245305e-10
 43 (restart 0) KSP residual norm 1.238942e-10
 44 (restart 0) KSP residual norm 1.211572e-10
 45 (restart 0) KSP residual norm 1.196774e-10
 46 (restart 0) KSP residual norm 1.138380e-10
 47 (restart 0) KSP residual norm 1.054603e-10
 48 (restart 0) KSP residual norm 9.445835e-11
 49 (restart 0) KSP residual norm 8.422994e-11
 50 (restart 0) KSP residual norm 6.687801e-11
 51 (restart 0) KSP residual norm 5.012508e-11
 52 (restart 0) KSP residual norm 3.725626e-11
 53 (restart 0) KSP residual norm 2.597131e-11
 54 (restart 0) KSP residual norm 1.712682e-11
 55 (restart 0) KSP residual norm 1.146589e-11
 56 (restart 0) KSP residual norm 7.688889e-12
 57 (restart 0) KSP residual norm 5.024693e-12
 58 (restart 0) KSP residual norm 3.204337e-12
 59 (restart 0) KSP residual norm 2.046163e-12
 60 (restart 0) KSP residual norm 1.382448e-12
 61 (restart 0) KSP residual norm 9.262766e-13
GMRES solver converged in 61 iterations (avg. reduction factor: 8.629e-01)
3 NLEPS (nconv=2, restart=1) residual norm 1.033356e-07
  Residual norms for GMRES solve
  0 (restart 0) KSP residual norm 8.390402e-12
  1 (restart 0) KSP residual norm 4.051819e-12
  2 (restart 0) KSP residual norm 3.223608e-12
  3 (restart 0) KSP residual norm 9.877870e-13
GMRES solver converged in 3 iterations (avg. reduction factor: 4.901e-01)
4 NLEPS (nconv=2, restart=1) residual norm 9.964625e-08
Eigenvalue 2, Quasi-Newton converged in 4 iterations (-2.848e-04+1.078e+01i).
  Residual norms for GMRES solve
  0 (restart 0) KSP residual norm 3.178959e+01
  1 (restart 0) KSP residual norm 1.656522e+01
  2 (restart 0) KSP residual norm 2.414142e+00
  3 (restart 0) KSP residual norm 2.300791e+00
  4 (restart 0) KSP residual norm 1.377242e+00
  5 (restart 0) KSP residual norm 7.414272e-01
  6 (restart 0) KSP residual norm 4.777850e-01
  7 (restart 0) KSP residual norm 2.553768e-01
  8 (restart 0) KSP residual norm 9.120279e-02
  9 (restart 0) KSP residual norm 5.648381e-02
 10 (restart 0) KSP residual norm 5.351285e-02
 11 (restart 0) KSP residual norm 2.580223e-02
 12 (restart 0) KSP residual norm 2.313054e-02
 13 (restart 0) KSP residual norm 2.192830e-02
 14 (restart 0) KSP residual norm 2.177001e-02
 15 (restart 0) KSP residual norm 2.123943e-02
 16 (restart 0) KSP residual norm 2.031324e-02
 17 (restart 0) KSP residual norm 1.886912e-02
 18 (restart 0) KSP residual norm 1.835437e-02
 19 (restart 0) KSP residual norm 1.817461e-02
 20 (restart 0) KSP residual norm 1.809936e-02
 21 (restart 0) KSP residual norm 1.782193e-02
 22 (restart 0) KSP residual norm 1.747614e-02
 23 (restart 0) KSP residual norm 1.724709e-02
 24 (restart 0) KSP residual norm 1.655735e-02
 25 (restart 0) KSP residual norm 1.651824e-02
 26 (restart 0) KSP residual norm 1.629768e-02
 27 (restart 0) KSP residual norm 1.546333e-02
 28 (restart 0) KSP residual norm 1.509701e-02
 29 (restart 0) KSP residual norm 1.292967e-02
 30 (restart 0) KSP residual norm 1.107293e-02
 31 (restart 0) KSP residual norm 8.587690e-03
GMRES solver converged in 31 iterations (avg. reduction factor: 7.672e-01)
0 NLEPS (nconv=3, restart=0) residual norm 1.869841e-01
  Residual norms for GMRES solve
  0 (restart 0) KSP residual norm 1.629720e+01
  1 (restart 0) KSP residual norm 5.212264e+00
  2 (restart 0) KSP residual norm 3.301134e+00
  3 (restart 0) KSP residual norm 3.141099e+00
  4 (restart 0) KSP residual norm 3.017224e+00
  5 (restart 0) KSP residual norm 2.542695e+00
  6 (restart 0) KSP residual norm 7.441099e-01
  7 (restart 0) KSP residual norm 3.598572e-01
  8 (restart 0) KSP residual norm 3.359793e-01
  9 (restart 0) KSP residual norm 3.087046e-01
 10 (restart 0) KSP residual norm 2.959109e-01
 11 (restart 0) KSP residual norm 2.899506e-01
 12 (restart 0) KSP residual norm 2.233260e-01
 13 (restart 0) KSP residual norm 9.459472e-02
 14 (restart 0) KSP residual norm 3.662703e-02
 15 (restart 0) KSP residual norm 1.783498e-02
 16 (restart 0) KSP residual norm 8.233833e-03
 17 (restart 0) KSP residual norm 5.326152e-03
 18 (restart 0) KSP residual norm 5.037596e-03
GMRES solver converged in 18 iterations (avg. reduction factor: 6.383e-01)
1 NLEPS (nconv=3, restart=0) residual norm 3.806518e-03
  Residual norms for GMRES solve
  0 (restart 0) KSP residual norm 5.667430e-03
  1 (restart 0) KSP residual norm 5.627682e-03
  2 (restart 0) KSP residual norm 5.598123e-03
  3 (restart 0) KSP residual norm 6.682920e-04
  4 (restart 0) KSP residual norm 2.651516e-04
  5 (restart 0) KSP residual norm 2.517628e-04
  6 (restart 0) KSP residual norm 2.493761e-04
  7 (restart 0) KSP residual norm 2.015952e-04
  8 (restart 0) KSP residual norm 1.395049e-04
  9 (restart 0) KSP residual norm 1.080708e-04
 10 (restart 0) KSP residual norm 9.236902e-05
 11 (restart 0) KSP residual norm 9.034983e-05
 12 (restart 0) KSP residual norm 8.233534e-05
 13 (restart 0) KSP residual norm 5.570558e-05
 14 (restart 0) KSP residual norm 2.703937e-05
 15 (restart 0) KSP residual norm 1.444257e-05
 16 (restart 0) KSP residual norm 8.989419e-06
 17 (restart 0) KSP residual norm 2.795134e-06
 18 (restart 0) KSP residual norm 1.023453e-06
GMRES solver converged in 18 iterations (avg. reduction factor: 6.195e-01)
2 NLEPS (nconv=3, restart=0) residual norm 2.051468e-03
  Residual norms for GMRES solve
  0 (restart 0) KSP residual norm 1.917654e-05
  1 (restart 0) KSP residual norm 1.903154e-05
  2 (restart 0) KSP residual norm 1.887408e-05
  3 (restart 0) KSP residual norm 2.649382e-06
  4 (restart 0) KSP residual norm 1.364594e-06
  5 (restart 0) KSP residual norm 1.321588e-06
  6 (restart 0) KSP residual norm 1.241230e-06
  7 (restart 0) KSP residual norm 1.122994e-06
  8 (restart 0) KSP residual norm 8.357113e-07
  9 (restart 0) KSP residual norm 6.168746e-07
 10 (restart 0) KSP residual norm 3.913738e-07
 11 (restart 0) KSP residual norm 3.558928e-07
 12 (restart 0) KSP residual norm 3.556609e-07
 13 (restart 0) KSP residual norm 3.555739e-07
 14 (restart 0) KSP residual norm 2.983855e-07
 15 (restart 0) KSP residual norm 2.739820e-07
 16 (restart 0) KSP residual norm 2.479269e-07
 17 (restart 0) KSP residual norm 1.991523e-07
 18 (restart 0) KSP residual norm 1.550434e-07
 19 (restart 0) KSP residual norm 1.220362e-07
 20 (restart 0) KSP residual norm 1.002845e-07
 21 (restart 0) KSP residual norm 7.100306e-08
 22 (restart 0) KSP residual norm 4.556856e-08
 23 (restart 0) KSP residual norm 2.708701e-08
 24 (restart 0) KSP residual norm 1.958419e-08
 25 (restart 0) KSP residual norm 1.564789e-08
 26 (restart 0) KSP residual norm 1.271199e-08
 27 (restart 0) KSP residual norm 1.226393e-08
 28 (restart 0) KSP residual norm 1.200992e-08
 29 (restart 0) KSP residual norm 1.145816e-08
 30 (restart 0) KSP residual norm 1.118978e-08
 31 (restart 0) KSP residual norm 1.108480e-08
 32 (restart 0) KSP residual norm 1.088994e-08
 33 (restart 0) KSP residual norm 1.086655e-08
 34 (restart 0) KSP residual norm 1.072011e-08
 35 (restart 0) KSP residual norm 1.063377e-08
 36 (restart 0) KSP residual norm 1.060097e-08
 37 (restart 0) KSP residual norm 1.056121e-08
 38 (restart 0) KSP residual norm 1.049310e-08
 39 (restart 0) KSP residual norm 1.048173e-08
 40 (restart 0) KSP residual norm 1.045988e-08
 41 (restart 0) KSP residual norm 1.039708e-08
 42 (restart 0) KSP residual norm 1.039496e-08
 43 (restart 0) KSP residual norm 1.030920e-08
 44 (restart 0) KSP residual norm 1.018258e-08
 45 (restart 0) KSP residual norm 1.017581e-08
 46 (restart 0) KSP residual norm 1.010516e-08
 47 (restart 0) KSP residual norm 1.001947e-08
 48 (restart 0) KSP residual norm 9.612170e-09
 49 (restart 0) KSP residual norm 8.732568e-09
 50 (restart 0) KSP residual norm 7.653257e-09
 51 (restart 0) KSP residual norm 5.787109e-09
GMRES solver converged in 51 iterations (avg. reduction factor: 8.530e-01)
3 NLEPS (nconv=3, restart=0) residual norm 6.076830e-04
  Residual norms for GMRES solve
  0 (restart 0) KSP residual norm 1.685183e-07
  1 (restart 0) KSP residual norm 1.673043e-07
  2 (restart 0) KSP residual norm 1.641677e-07
  3 (restart 0) KSP residual norm 2.030488e-08
  4 (restart 0) KSP residual norm 7.540432e-09
  5 (restart 0) KSP residual norm 6.152211e-09
  6 (restart 0) KSP residual norm 6.128182e-09
  7 (restart 0) KSP residual norm 5.990896e-09
  8 (restart 0) KSP residual norm 4.751574e-09
  9 (restart 0) KSP residual norm 2.757721e-09
 10 (restart 0) KSP residual norm 1.860413e-09
 11 (restart 0) KSP residual norm 1.744619e-09
 12 (restart 0) KSP residual norm 1.701337e-09
 13 (restart 0) KSP residual norm 1.632791e-09
 14 (restart 0) KSP residual norm 1.493302e-09
 15 (restart 0) KSP residual norm 1.443627e-09
 16 (restart 0) KSP residual norm 1.413244e-09
 17 (restart 0) KSP residual norm 1.352912e-09
 18 (restart 0) KSP residual norm 1.234589e-09
 19 (restart 0) KSP residual norm 1.109386e-09
 20 (restart 0) KSP residual norm 1.008775e-09
 21 (restart 0) KSP residual norm 8.529797e-10
 22 (restart 0) KSP residual norm 7.058113e-10
 23 (restart 0) KSP residual norm 6.161699e-10
 24 (restart 0) KSP residual norm 5.474778e-10
 25 (restart 0) KSP residual norm 5.144220e-10
 26 (restart 0) KSP residual norm 4.980332e-10
 27 (restart 0) KSP residual norm 4.921713e-10
 28 (restart 0) KSP residual norm 4.874512e-10
 29 (restart 0) KSP residual norm 4.845040e-10
 30 (restart 0) KSP residual norm 4.843325e-10
 31 (restart 0) KSP residual norm 4.818705e-10
 32 (restart 0) KSP residual norm 4.807690e-10
 33 (restart 0) KSP residual norm 4.798778e-10
 34 (restart 0) KSP residual norm 4.792990e-10
 35 (restart 0) KSP residual norm 4.783275e-10
 36 (restart 0) KSP residual norm 4.769613e-10
 37 (restart 0) KSP residual norm 4.767864e-10
 38 (restart 0) KSP residual norm 4.764567e-10
 39 (restart 0) KSP residual norm 4.756598e-10
 40 (restart 0) KSP residual norm 4.748179e-10
 41 (restart 0) KSP residual norm 4.742474e-10
 42 (restart 0) KSP residual norm 4.723577e-10
 43 (restart 0) KSP residual norm 4.703994e-10
 44 (restart 0) KSP residual norm 4.674548e-10
 45 (restart 0) KSP residual norm 4.590776e-10
 46 (restart 0) KSP residual norm 4.491020e-10
 47 (restart 0) KSP residual norm 4.361325e-10
 48 (restart 0) KSP residual norm 4.152512e-10
 49 (restart 0) KSP residual norm 3.753267e-10
 50 (restart 0) KSP residual norm 3.293280e-10
 51 (restart 0) KSP residual norm 2.707782e-10
 52 (restart 0) KSP residual norm 1.976678e-10
 53 (restart 0) KSP residual norm 1.389931e-10
 54 (restart 0) KSP residual norm 9.272198e-11
 55 (restart 0) KSP residual norm 6.265586e-11
 56 (restart 0) KSP residual norm 4.053808e-11
GMRES solver converged in 56 iterations (avg. reduction factor: 8.617e-01)
4 NLEPS (nconv=3, restart=0) residual norm 6.582377e-06
  Residual norms for GMRES solve
  0 (restart 0) KSP residual norm 4.136713e-10
  1 (restart 0) KSP residual norm 4.133613e-10
  2 (restart 0) KSP residual norm 4.044805e-10
  3 (restart 0) KSP residual norm 6.738664e-11
  4 (restart 0) KSP residual norm 4.738595e-11
  5 (restart 0) KSP residual norm 4.455725e-11
  6 (restart 0) KSP residual norm 4.141607e-11
  7 (restart 0) KSP residual norm 3.219943e-11
  8 (restart 0) KSP residual norm 2.625520e-11
  9 (restart 0) KSP residual norm 2.152475e-11
 10 (restart 0) KSP residual norm 1.638917e-11
 11 (restart 0) KSP residual norm 1.342774e-11
 12 (restart 0) KSP residual norm 1.105102e-11
 13 (restart 0) KSP residual norm 9.228154e-12
 14 (restart 0) KSP residual norm 8.892740e-12
 15 (restart 0) KSP residual norm 8.619513e-12
 16 (restart 0) KSP residual norm 8.573534e-12
 17 (restart 0) KSP residual norm 8.368711e-12
 18 (restart 0) KSP residual norm 8.196631e-12
 19 (restart 0) KSP residual norm 7.650586e-12
 20 (restart 0) KSP residual norm 7.248204e-12
 21 (restart 0) KSP residual norm 6.768083e-12
 22 (restart 0) KSP residual norm 6.405582e-12
 23 (restart 0) KSP residual norm 6.233160e-12
 24 (restart 0) KSP residual norm 5.799795e-12
 25 (restart 0) KSP residual norm 5.564383e-12
 26 (restart 0) KSP residual norm 5.540806e-12
 27 (restart 0) KSP residual norm 5.528702e-12
 28 (restart 0) KSP residual norm 5.503359e-12
 29 (restart 0) KSP residual norm 5.257865e-12
 30 (restart 0) KSP residual norm 5.156015e-12
 31 (restart 0) KSP residual norm 5.104643e-12
 32 (restart 0) KSP residual norm 4.992656e-12
 33 (restart 0) KSP residual norm 4.980830e-12
 34 (restart 0) KSP residual norm 4.956389e-12
 35 (restart 0) KSP residual norm 4.947695e-12
 36 (restart 0) KSP residual norm 4.916583e-12
 37 (restart 0) KSP residual norm 4.877438e-12
 38 (restart 0) KSP residual norm 4.852543e-12
 39 (restart 0) KSP residual norm 4.840561e-12
 40 (restart 0) KSP residual norm 4.812725e-12
 41 (restart 0) KSP residual norm 4.793309e-12
 42 (restart 0) KSP residual norm 4.787928e-12
 43 (restart 0) KSP residual norm 4.769420e-12
 44 (restart 0) KSP residual norm 4.727049e-12
 45 (restart 0) KSP residual norm 4.666340e-12
 46 (restart 0) KSP residual norm 4.659018e-12
 47 (restart 0) KSP residual norm 4.599077e-12
 48 (restart 0) KSP residual norm 4.439860e-12
 49 (restart 0) KSP residual norm 3.999999e-12
 50 (restart 0) KSP residual norm 3.680127e-12
 51 (restart 0) KSP residual norm 2.907486e-12
 52 (restart 0) KSP residual norm 2.104143e-12
 53 (restart 0) KSP residual norm 1.542901e-12
 54 (restart 0) KSP residual norm 1.012235e-12
 55 (restart 0) KSP residual norm 6.751337e-13
GMRES solver converged in 55 iterations (avg. reduction factor: 8.899e-01)
5 NLEPS (nconv=3, restart=0) residual norm 1.376101e-07
  Residual norms for GMRES solve
  0 (restart 0) KSP residual norm 4.107204e-12
  1 (restart 0) KSP residual norm 4.081818e-12
  2 (restart 0) KSP residual norm 3.976292e-12
  3 (restart 0) KSP residual norm 9.166025e-13
GMRES solver converged in 3 iterations (avg. reduction factor: 6.066e-01)
6 NLEPS (nconv=3, restart=0) residual norm 1.349816e-07
  Residual norms for GMRES solve
  0 (restart 0) KSP residual norm 9.811746e-13
GMRES solver converged in 0 iterations
   NLEPS Armijo backtracks=9, alpha=1.953e-03, res_new=1.349817e-07
7 NLEPS (nconv=3, restart=0) residual norm 1.349817e-07
  Residual norms for GMRES solve
  0 (restart 0) KSP residual norm 9.809901e-13
GMRES solver converged in 0 iterations
   NLEPS Armijo backtracks=9, alpha=1.953e-03, res_new=1.349817e-07
8 NLEPS (nconv=3, restart=0) residual norm 1.349817e-07
  Residual norms for GMRES solve
  0 (restart 0) KSP residual norm 9.809755e-13
GMRES solver converged in 0 iterations
   NLEPS Armijo backtracks=9, alpha=1.953e-03, res_new=1.349817e-07
9 NLEPS (nconv=3, restart=0) residual norm 1.349817e-07
  Residual norms for GMRES solve
  0 (restart 0) KSP residual norm 9.810265e-13
GMRES solver converged in 0 iterations
   NLEPS Armijo backtracks=9, alpha=1.953e-03, res_new=1.349817e-07
10 NLEPS (nconv=3, restart=0) residual norm 1.349817e-07
  Residual norms for GMRES solve
  0 (restart 0) KSP residual norm 9.810067e-13
GMRES solver converged in 0 iterations
   NLEPS Armijo backtracks=9, alpha=1.953e-03, res_new=1.349817e-07
11 NLEPS (nconv=3, restart=0) residual norm 1.349817e-07
  Residual norms for GMRES solve
  0 (restart 0) KSP residual norm 9.809457e-13
GMRES solver converged in 0 iterations
   NLEPS Armijo backtracks=9, alpha=1.953e-03, res_new=1.349817e-07
12 NLEPS (nconv=3, restart=0) residual norm 1.349817e-07
  Residual norms for GMRES solve
  0 (restart 0) KSP residual norm 9.808939e-13
GMRES solver converged in 0 iterations
   NLEPS Armijo backtracks=9, alpha=1.953e-03, res_new=1.349817e-07
13 NLEPS (nconv=3, restart=0) residual norm 1.349817e-07
  Residual norms for GMRES solve
  0 (restart 0) KSP residual norm 9.807689e-13
GMRES solver converged in 0 iterations
   NLEPS Armijo backtracks=9, alpha=1.953e-03, res_new=1.349817e-07
14 NLEPS (nconv=3, restart=0) residual norm 1.349817e-07
  Residual norms for GMRES solve
  0 (restart 0) KSP residual norm 9.807820e-13
GMRES solver converged in 0 iterations
   NLEPS Armijo backtracks=9, alpha=1.953e-03, res_new=1.349817e-07
15 NLEPS (nconv=3, restart=0) residual norm 1.349817e-07
  Residual norms for GMRES solve
  0 (restart 0) KSP residual norm 9.807159e-13
GMRES solver converged in 0 iterations
   NLEPS Armijo backtracks=9, alpha=1.953e-03, res_new=1.349817e-07
16 NLEPS (nconv=3, restart=0) residual norm 1.349817e-07
  Residual norms for GMRES solve
  0 (restart 0) KSP residual norm 9.807541e-13
GMRES solver converged in 0 iterations
   NLEPS Armijo backtracks=9, alpha=1.953e-03, res_new=1.349817e-07
17 NLEPS (nconv=3, restart=0) residual norm 1.349817e-07
  Residual norms for GMRES solve
  0 (restart 0) KSP residual norm 9.807721e-13
GMRES solver converged in 0 iterations
   NLEPS Armijo backtracks=9, alpha=1.953e-03, res_new=1.349817e-07
18 NLEPS (nconv=3, restart=0) residual norm 1.349817e-07
  Residual norms for GMRES solve
  0 (restart 0) KSP residual norm 9.809164e-13
GMRES solver converged in 0 iterations
   NLEPS Armijo backtracks=9, alpha=1.953e-03, res_new=1.349817e-07
19 NLEPS (nconv=3, restart=0) residual norm 1.349817e-07
  Residual norms for GMRES solve
  0 (restart 0) KSP residual norm 9.808996e-13
GMRES solver converged in 0 iterations
   NLEPS Armijo backtracks=9, alpha=1.953e-03, res_new=1.349817e-07
20 NLEPS (nconv=3, restart=0) residual norm 1.349817e-07
  Residual norms for GMRES solve
  0 (restart 0) KSP residual norm 9.811203e-13
GMRES solver converged in 0 iterations
   NLEPS Armijo backtracks=9, alpha=1.953e-03, res_new=1.349817e-07
21 NLEPS (nconv=3, restart=0) residual norm 1.349817e-07
  Residual norms for GMRES solve
  0 (restart 0) KSP residual norm 9.811530e-13
GMRES solver converged in 0 iterations
   NLEPS Armijo backtracks=9, alpha=1.953e-03, res_new=1.349817e-07
22 NLEPS (nconv=3, restart=0) residual norm 1.349817e-07
  Residual norms for GMRES solve
  0 (restart 0) KSP residual norm 9.810456e-13
GMRES solver converged in 0 iterations
   NLEPS Armijo backtracks=9, alpha=1.953e-03, res_new=1.349817e-07
23 NLEPS (nconv=3, restart=0) residual norm 1.349817e-07
  Residual norms for GMRES solve
  0 (restart 0) KSP residual norm 9.809381e-13
GMRES solver converged in 0 iterations
   NLEPS Armijo backtracks=9, alpha=1.953e-03, res_new=1.349817e-07
24 NLEPS (nconv=3, restart=0) residual norm 1.349817e-07
  Residual norms for GMRES solve
  0 (restart 0) KSP residual norm 9.809784e-13
GMRES solver converged in 0 iterations
   NLEPS Armijo backtracks=9, alpha=1.953e-03, res_new=1.349817e-07
25 NLEPS (nconv=3, restart=0) residual norm 1.349817e-07
  Residual norms for GMRES solve
  0 (restart 0) KSP residual norm 9.809953e-13
GMRES solver converged in 0 iterations
   NLEPS Armijo backtracks=9, alpha=1.953e-03, res_new=1.349817e-07
26 NLEPS (nconv=3, restart=0) residual norm 1.349817e-07
  Residual norms for GMRES solve
  0 (restart 0) KSP residual norm 9.812119e-13
GMRES solver converged in 0 iterations
   NLEPS Armijo backtracks=9, alpha=1.953e-03, res_new=1.349817e-07
27 NLEPS (nconv=3, restart=0) residual norm 1.349817e-07
  Residual norms for GMRES solve
  0 (restart 0) KSP residual norm 9.812928e-13
GMRES solver converged in 0 iterations
   NLEPS Armijo backtracks=9, alpha=1.953e-03, res_new=1.349817e-07
28 NLEPS (nconv=3, restart=0) residual norm 1.349817e-07
  Residual norms for GMRES solve
  0 (restart 0) KSP residual norm 9.812364e-13
GMRES solver converged in 0 iterations
   NLEPS Armijo backtracks=9, alpha=1.953e-03, res_new=1.349817e-07
29 NLEPS (nconv=3, restart=0) residual norm 1.349817e-07
  Residual norms for GMRES solve
  0 (restart 0) KSP residual norm 9.812486e-13
GMRES solver converged in 0 iterations
   NLEPS Armijo backtracks=9, alpha=1.953e-03, res_new=1.349817e-07
30 NLEPS (nconv=3, restart=0) residual norm 1.349817e-07
  Residual norms for GMRES solve
  0 (restart 0) KSP residual norm 9.812591e-13
GMRES solver converged in 0 iterations
   NLEPS Armijo backtracks=9, alpha=1.953e-03, res_new=1.349817e-07
31 NLEPS (nconv=3, restart=0) residual norm 1.349817e-07
  Residual norms for GMRES solve
  0 (restart 0) KSP residual norm 9.812329e-13
GMRES solver converged in 0 iterations
   NLEPS Armijo backtracks=9, alpha=1.953e-03, res_new=1.349817e-07
32 NLEPS (nconv=3, restart=0) residual norm 1.349817e-07
  Residual norms for GMRES solve
  0 (restart 0) KSP residual norm 9.812337e-13
GMRES solver converged in 0 iterations
   NLEPS Armijo backtracks=9, alpha=1.953e-03, res_new=1.349817e-07
33 NLEPS (nconv=3, restart=0) residual norm 1.349817e-07
  Residual norms for GMRES solve
  0 (restart 0) KSP residual norm 9.811553e-13
GMRES solver converged in 0 iterations
   NLEPS Armijo backtracks=9, alpha=1.953e-03, res_new=1.349817e-07
34 NLEPS (nconv=3, restart=0) residual norm 1.349817e-07
  Residual norms for GMRES solve
  0 (restart 0) KSP residual norm 9.811933e-13
GMRES solver converged in 0 iterations
   NLEPS Armijo backtracks=9, alpha=1.953e-03, res_new=1.349817e-07
35 NLEPS (nconv=3, restart=0) residual norm 1.349817e-07
  Residual norms for GMRES solve
  0 (restart 0) KSP residual norm 9.810402e-13
GMRES solver converged in 0 iterations
   NLEPS Armijo backtracks=9, alpha=1.953e-03, res_new=1.349817e-07
36 NLEPS (nconv=3, restart=0) residual norm 1.349817e-07
  Residual norms for GMRES solve
  0 (restart 0) KSP residual norm 9.811248e-13
GMRES solver converged in 0 iterations
   NLEPS Armijo backtracks=9, alpha=1.953e-03, res_new=1.349817e-07
37 NLEPS (nconv=3, restart=0) residual norm 1.349817e-07
  Residual norms for GMRES solve
  0 (restart 0) KSP residual norm 9.811748e-13
GMRES solver converged in 0 iterations
   NLEPS Armijo backtracks=9, alpha=1.953e-03, res_new=1.349817e-07
38 NLEPS (nconv=3, restart=0) residual norm 1.349817e-07
  Residual norms for GMRES solve
  0 (restart 0) KSP residual norm 9.813336e-13
GMRES solver converged in 0 iterations
   NLEPS Armijo backtracks=9, alpha=1.953e-03, res_new=1.349817e-07
39 NLEPS (nconv=3, restart=0) residual norm 1.349817e-07
  Residual norms for GMRES solve
  0 (restart 0) KSP residual norm 9.814981e-13
GMRES solver converged in 0 iterations
   NLEPS Armijo backtracks=9, alpha=1.953e-03, res_new=1.349817e-07
40 NLEPS (nconv=3, restart=0) residual norm 1.349817e-07
  Residual norms for GMRES solve
  0 (restart 0) KSP residual norm 9.815378e-13
GMRES solver converged in 0 iterations
   NLEPS Armijo backtracks=9, alpha=1.953e-03, res_new=1.349817e-07
41 NLEPS (nconv=3, restart=0) residual norm 1.349817e-07
  Residual norms for GMRES solve
  0 (restart 0) KSP residual norm 9.816119e-13
GMRES solver converged in 0 iterations
   NLEPS Armijo backtracks=9, alpha=1.953e-03, res_new=1.349817e-07
42 NLEPS (nconv=3, restart=0) residual norm 1.349817e-07
  Residual norms for GMRES solve
  0 (restart 0) KSP residual norm 9.815447e-13
GMRES solver converged in 0 iterations
   NLEPS Armijo backtracks=9, alpha=1.953e-03, res_new=1.349817e-07
43 NLEPS (nconv=3, restart=0) residual norm 1.349817e-07
  Residual norms for GMRES solve
  0 (restart 0) KSP residual norm 9.815892e-13
GMRES solver converged in 0 iterations
   NLEPS Armijo backtracks=9, alpha=1.953e-03, res_new=1.349817e-07
44 NLEPS (nconv=3, restart=0) residual norm 1.349817e-07
  Residual norms for GMRES solve
  0 (restart 0) KSP residual norm 9.815793e-13
GMRES solver converged in 0 iterations
   NLEPS Armijo backtracks=9, alpha=1.953e-03, res_new=1.349817e-07
45 NLEPS (nconv=3, restart=0) residual norm 1.349817e-07
  Residual norms for GMRES solve
  0 (restart 0) KSP residual norm 9.814600e-13
GMRES solver converged in 0 iterations
   NLEPS Armijo backtracks=9, alpha=1.953e-03, res_new=1.349817e-07
46 NLEPS (nconv=3, restart=0) residual norm 1.349817e-07
  Residual norms for GMRES solve
  0 (restart 0) KSP residual norm 9.812800e-13
GMRES solver converged in 0 iterations
   NLEPS Armijo backtracks=9, alpha=1.953e-03, res_new=1.349817e-07
47 NLEPS (nconv=3, restart=0) residual norm 1.349817e-07
  Residual norms for GMRES solve
  0 (restart 0) KSP residual norm 9.812054e-13
GMRES solver converged in 0 iterations
   NLEPS Armijo backtracks=9, alpha=1.953e-03, res_new=1.349817e-07
48 NLEPS (nconv=3, restart=0) residual norm 1.349817e-07
  Residual norms for GMRES solve
  0 (restart 0) KSP residual norm 9.812812e-13
GMRES solver converged in 0 iterations
   NLEPS Armijo backtracks=9, alpha=1.953e-03, res_new=1.349817e-07
49 NLEPS (nconv=3, restart=0) residual norm 1.349817e-07
  Residual norms for GMRES solve
  0 (restart 0) KSP residual norm 9.813231e-13
GMRES solver converged in 0 iterations
   NLEPS Armijo backtracks=9, alpha=1.953e-03, res_new=1.349817e-07
50 NLEPS (nconv=3, restart=0) residual norm 1.349817e-07
  Residual norms for GMRES solve
  0 (restart 0) KSP residual norm 9.812152e-13
GMRES solver converged in 0 iterations
   NLEPS Armijo backtracks=9, alpha=1.953e-03, res_new=1.349817e-07
51 NLEPS (nconv=3, restart=0) residual norm 1.349817e-07
  Residual norms for GMRES solve
  0 (restart 0) KSP residual norm 9.810166e-13
GMRES solver converged in 0 iterations
   NLEPS Armijo backtracks=9, alpha=1.953e-03, res_new=1.349817e-07
52 NLEPS (nconv=3, restart=0) residual norm 1.349817e-07
  Residual norms for GMRES solve
  0 (restart 0) KSP residual norm 9.810320e-13
GMRES solver converged in 0 iterations
   NLEPS Armijo backtracks=9, alpha=1.953e-03, res_new=1.349817e-07
53 NLEPS (nconv=3, restart=0) residual norm 1.349817e-07
  Residual norms for GMRES solve
  0 (restart 0) KSP residual norm 9.809522e-13
GMRES solver converged in 0 iterations
   NLEPS Armijo backtracks=9, alpha=1.953e-03, res_new=1.349817e-07
54 NLEPS (nconv=3, restart=0) residual norm 1.349817e-07
  Residual norms for GMRES solve
  0 (restart 0) KSP residual norm 9.809386e-13
GMRES solver converged in 0 iterations
   NLEPS Armijo backtracks=9, alpha=1.953e-03, res_new=1.349817e-07
55 NLEPS (nconv=3, restart=0) residual norm 1.349817e-07
  Residual norms for GMRES solve
  0 (restart 0) KSP residual norm 9.811784e-13
GMRES solver converged in 0 iterations
   NLEPS Armijo backtracks=9, alpha=1.953e-03, res_new=1.349817e-07
56 NLEPS (nconv=3, restart=0) residual norm 1.349817e-07
  Residual norms for GMRES solve
  0 (restart 0) KSP residual norm 9.812462e-13
GMRES solver converged in 0 iterations
   NLEPS Armijo backtracks=9, alpha=1.953e-03, res_new=1.349817e-07
57 NLEPS (nconv=3, restart=0) residual norm 1.349817e-07
  Residual norms for GMRES solve
  0 (restart 0) KSP residual norm 9.810742e-13
GMRES solver converged in 0 iterations
   NLEPS Armijo backtracks=9, alpha=1.953e-03, res_new=1.349817e-07
58 NLEPS (nconv=3, restart=0) residual norm 1.349817e-07
  Residual norms for GMRES solve
  0 (restart 0) KSP residual norm 9.810720e-13
GMRES solver converged in 0 iterations
   NLEPS Armijo backtracks=9, alpha=1.953e-03, res_new=1.349817e-07
59 NLEPS (nconv=3, restart=0) residual norm 1.349817e-07
  Residual norms for GMRES solve
  0 (restart 0) KSP residual norm 9.812335e-13
GMRES solver converged in 0 iterations
   NLEPS Armijo backtracks=9, alpha=1.953e-03, res_new=1.349817e-07
60 NLEPS (nconv=3, restart=0) residual norm 1.349817e-07
  Residual norms for GMRES solve
  0 (restart 0) KSP residual norm 9.812226e-13
GMRES solver converged in 0 iterations
   NLEPS Armijo backtracks=9, alpha=1.953e-03, res_new=1.349817e-07
61 NLEPS (nconv=3, restart=0) residual norm 1.349817e-07
  Residual norms for GMRES solve
  0 (restart 0) KSP residual norm 9.811753e-13
GMRES solver converged in 0 iterations
   NLEPS Armijo backtracks=9, alpha=1.953e-03, res_new=1.349817e-07
62 NLEPS (nconv=3, restart=0) residual norm 1.349817e-07
  Residual norms for GMRES solve
  0 (restart 0) KSP residual norm 9.810301e-13
GMRES solver converged in 0 iterations
   NLEPS Armijo backtracks=9, alpha=1.953e-03, res_new=1.349817e-07
63 NLEPS (nconv=3, restart=0) residual norm 1.349817e-07
  Residual norms for GMRES solve
  0 (restart 0) KSP residual norm 9.811508e-13
GMRES solver converged in 0 iterations
   NLEPS Armijo backtracks=9, alpha=1.953e-03, res_new=1.349817e-07
64 NLEPS (nconv=3, restart=0) residual norm 1.349817e-07
  Residual norms for GMRES solve
  0 (restart 0) KSP residual norm 9.810359e-13
GMRES solver converged in 0 iterations
   NLEPS Armijo backtracks=9, alpha=1.953e-03, res_new=1.349817e-07
65 NLEPS (nconv=3, restart=0) residual norm 1.349817e-07
  Residual norms for GMRES solve
  0 (restart 0) KSP residual norm 9.811307e-13
GMRES solver converged in 0 iterations
   NLEPS Armijo backtracks=9, alpha=1.953e-03, res_new=1.349817e-07
66 NLEPS (nconv=3, restart=0) residual norm 1.349817e-07
  Residual norms for GMRES solve
  0 (restart 0) KSP residual norm 9.810516e-13
GMRES solver converged in 0 iterations
   NLEPS Armijo backtracks=9, alpha=1.953e-03, res_new=1.349817e-07
67 NLEPS (nconv=3, restart=0) residual norm 1.349817e-07
  Residual norms for GMRES solve
  0 (restart 0) KSP residual norm 9.812571e-13
GMRES solver converged in 0 iterations
   NLEPS Armijo backtracks=9, alpha=1.953e-03, res_new=1.349817e-07
68 NLEPS (nconv=3, restart=0) residual norm 1.349817e-07
  Residual norms for GMRES solve
  0 (restart 0) KSP residual norm 9.813595e-13
GMRES solver converged in 0 iterations
   NLEPS Armijo backtracks=9, alpha=1.953e-03, res_new=1.349817e-07
69 NLEPS (nconv=3, restart=0) residual norm 1.349817e-07
  Residual norms for GMRES solve
  0 (restart 0) KSP residual norm 9.811979e-13
GMRES solver converged in 0 iterations
   NLEPS Armijo backtracks=9, alpha=1.953e-03, res_new=1.349817e-07
70 NLEPS (nconv=3, restart=0) residual norm 1.349817e-07
  Residual norms for GMRES solve
  0 (restart 0) KSP residual norm 9.812892e-13
GMRES solver converged in 0 iterations
   NLEPS Armijo backtracks=9, alpha=1.953e-03, res_new=1.349817e-07
71 NLEPS (nconv=3, restart=0) residual norm 1.349817e-07
  Residual norms for GMRES solve
  0 (restart 0) KSP residual norm 9.812550e-13
GMRES solver converged in 0 iterations
   NLEPS Armijo backtracks=9, alpha=1.953e-03, res_new=1.349817e-07
72 NLEPS (nconv=3, restart=0) residual norm 1.349817e-07
  Residual norms for GMRES solve
  0 (restart 0) KSP residual norm 9.813696e-13
GMRES solver converged in 0 iterations
   NLEPS Armijo backtracks=9, alpha=1.953e-03, res_new=1.349817e-07
73 NLEPS (nconv=3, restart=0) residual norm 1.349817e-07
  Residual norms for GMRES solve
  0 (restart 0) KSP residual norm 9.814438e-13
GMRES solver converged in 0 iterations
   NLEPS Armijo backtracks=9, alpha=1.953e-03, res_new=1.349817e-07
74 NLEPS (nconv=3, restart=0) residual norm 1.349817e-07
  Residual norms for GMRES solve
  0 (restart 0) KSP residual norm 9.813598e-13
GMRES solver converged in 0 iterations
   NLEPS Armijo backtracks=9, alpha=1.953e-03, res_new=1.349817e-07
75 NLEPS (nconv=3, restart=0) residual norm 1.349817e-07
  Residual norms for GMRES solve
  0 (restart 0) KSP residual norm 9.812886e-13
GMRES solver converged in 0 iterations
   NLEPS Armijo backtracks=9, alpha=1.953e-03, res_new=1.349817e-07
76 NLEPS (nconv=3, restart=0) residual norm 1.349817e-07
  Residual norms for GMRES solve
  0 (restart 0) KSP residual norm 9.812944e-13
GMRES solver converged in 0 iterations
   NLEPS Armijo backtracks=9, alpha=1.953e-03, res_new=1.349817e-07
77 NLEPS (nconv=3, restart=0) residual norm 1.349817e-07
  Residual norms for GMRES solve
  0 (restart 0) KSP residual norm 9.812688e-13
GMRES solver converged in 0 iterations
   NLEPS Armijo backtracks=9, alpha=1.953e-03, res_new=1.349817e-07
78 NLEPS (nconv=3, restart=0) residual norm 1.349817e-07
  Residual norms for GMRES solve
  0 (restart 0) KSP residual norm 9.814383e-13
GMRES solver converged in 0 iterations
   NLEPS Armijo backtracks=9, alpha=1.953e-03, res_new=1.349817e-07
79 NLEPS (nconv=3, restart=0) residual norm 1.349817e-07
  Residual norms for GMRES solve
  0 (restart 0) KSP residual norm 9.814109e-13
GMRES solver converged in 0 iterations
   NLEPS Armijo backtracks=9, alpha=1.953e-03, res_new=1.349817e-07
80 NLEPS (nconv=3, restart=0) residual norm 1.349817e-07
  Residual norms for GMRES solve
  0 (restart 0) KSP residual norm 9.813780e-13
GMRES solver converged in 0 iterations
   NLEPS Armijo backtracks=9, alpha=1.953e-03, res_new=1.349817e-07
81 NLEPS (nconv=3, restart=0) residual norm 1.349817e-07
  Residual norms for GMRES solve
  0 (restart 0) KSP residual norm 9.812394e-13
GMRES solver converged in 0 iterations
   NLEPS Armijo backtracks=9, alpha=1.953e-03, res_new=1.349817e-07
82 NLEPS (nconv=3, restart=0) residual norm 1.349817e-07
  Residual norms for GMRES solve
  0 (restart 0) KSP residual norm 9.813525e-13
GMRES solver converged in 0 iterations
   NLEPS Armijo backtracks=9, alpha=1.953e-03, res_new=1.349817e-07
83 NLEPS (nconv=3, restart=0) residual norm 1.349817e-07
  Residual norms for GMRES solve
  0 (restart 0) KSP residual norm 9.812019e-13
GMRES solver converged in 0 iterations
   NLEPS Armijo backtracks=9, alpha=1.953e-03, res_new=1.349817e-07
84 NLEPS (nconv=3, restart=0) residual norm 1.349817e-07
  Residual norms for GMRES solve
  0 (restart 0) KSP residual norm 9.813565e-13
GMRES solver converged in 0 iterations
   NLEPS Armijo backtracks=9, alpha=1.953e-03, res_new=1.349817e-07
85 NLEPS (nconv=3, restart=0) residual norm 1.349817e-07
  Residual norms for GMRES solve
  0 (restart 0) KSP residual norm 9.815243e-13
GMRES solver converged in 0 iterations
   NLEPS Armijo backtracks=9, alpha=1.953e-03, res_new=1.349817e-07
86 NLEPS (nconv=3, restart=0) residual norm 1.349817e-07
  Residual norms for GMRES solve
  0 (restart 0) KSP residual norm 9.814054e-13
GMRES solver converged in 0 iterations
   NLEPS Armijo backtracks=9, alpha=1.953e-03, res_new=1.349817e-07
87 NLEPS (nconv=3, restart=0) residual norm 1.349817e-07
  Residual norms for GMRES solve
  0 (restart 0) KSP residual norm 9.813853e-13
GMRES solver converged in 0 iterations
   NLEPS Armijo backtracks=9, alpha=1.953e-03, res_new=1.349817e-07
88 NLEPS (nconv=3, restart=0) residual norm 1.349817e-07
  Residual norms for GMRES solve
  0 (restart 0) KSP residual norm 9.814570e-13
GMRES solver converged in 0 iterations
   NLEPS Armijo backtracks=9, alpha=1.953e-03, res_new=1.349817e-07
89 NLEPS (nconv=3, restart=0) residual norm 1.349817e-07
  Residual norms for GMRES solve
  0 (restart 0) KSP residual norm 9.816697e-13
GMRES solver converged in 0 iterations
   NLEPS Armijo backtracks=9, alpha=1.953e-03, res_new=1.349817e-07
90 NLEPS (nconv=3, restart=0) residual norm 1.349817e-07
  Residual norms for GMRES solve
  0 (restart 0) KSP residual norm 9.816072e-13
GMRES solver converged in 0 iterations
   NLEPS Armijo backtracks=9, alpha=1.953e-03, res_new=1.349817e-07
91 NLEPS (nconv=3, restart=0) residual norm 1.349817e-07
  Residual norms for GMRES solve
  0 (restart 0) KSP residual norm 9.813775e-13
GMRES solver converged in 0 iterations
   NLEPS Armijo backtracks=9, alpha=1.953e-03, res_new=1.349817e-07
92 NLEPS (nconv=3, restart=0) residual norm 1.349817e-07
  Residual norms for GMRES solve
  0 (restart 0) KSP residual norm 9.816063e-13
GMRES solver converged in 0 iterations
   NLEPS Armijo backtracks=9, alpha=1.953e-03, res_new=1.349817e-07
93 NLEPS (nconv=3, restart=0) residual norm 1.349817e-07
  Residual norms for GMRES solve
  0 (restart 0) KSP residual norm 9.815639e-13
GMRES solver converged in 0 iterations
   NLEPS Armijo backtracks=9, alpha=1.953e-03, res_new=1.349817e-07
94 NLEPS (nconv=3, restart=0) residual norm 1.349817e-07
  Residual norms for GMRES solve
  0 (restart 0) KSP residual norm 9.816623e-13
GMRES solver converged in 0 iterations
   NLEPS Armijo backtracks=9, alpha=1.953e-03, res_new=1.349817e-07
95 NLEPS (nconv=3, restart=0) residual norm 1.349817e-07
  Residual norms for GMRES solve
  0 (restart 0) KSP residual norm 9.817179e-13
GMRES solver converged in 0 iterations
   NLEPS Armijo backtracks=9, alpha=1.953e-03, res_new=1.349817e-07
96 NLEPS (nconv=3, restart=0) residual norm 1.349817e-07
  Residual norms for GMRES solve
  0 (restart 0) KSP residual norm 9.817165e-13
GMRES solver converged in 0 iterations
   NLEPS Armijo backtracks=9, alpha=1.953e-03, res_new=1.349817e-07
97 NLEPS (nconv=3, restart=0) residual norm 1.349817e-07
  Residual norms for GMRES solve
  0 (restart 0) KSP residual norm 9.818196e-13
GMRES solver converged in 0 iterations
   NLEPS Armijo backtracks=9, alpha=1.953e-03, res_new=1.349817e-07
98 NLEPS (nconv=3, restart=0) residual norm 1.349817e-07
  Residual norms for GMRES solve
  0 (restart 0) KSP residual norm 9.816174e-13
GMRES solver converged in 0 iterations
   NLEPS Armijo backtracks=9, alpha=1.953e-03, res_new=1.349817e-07
99 NLEPS (nconv=3, restart=0) residual norm 1.349817e-07
  Residual norms for GMRES solve
  0 (restart 0) KSP residual norm 9.816440e-13
GMRES solver converged in 0 iterations
   NLEPS Armijo backtracks=9, alpha=1.953e-03, res_new=1.349817e-07
100 NLEPS (nconv=3, restart=0) residual norm 1.349817e-07
  Residual norms for GMRES solve
  0 (restart 0) KSP residual norm 9.817919e-13
GMRES solver converged in 0 iterations
   NLEPS Armijo backtracks=9, alpha=1.953e-03, res_new=1.349817e-07
101 NLEPS (nconv=3, restart=0) residual norm 1.349817e-07
  Residual norms for GMRES solve
  0 (restart 0) KSP residual norm 9.817095e-13
GMRES solver converged in 0 iterations
   NLEPS Armijo backtracks=9, alpha=1.953e-03, res_new=1.349817e-07
102 NLEPS (nconv=3, restart=0) residual norm 1.349817e-07
  Residual norms for GMRES solve
  0 (restart 0) KSP residual norm 9.816529e-13
GMRES solver converged in 0 iterations
   NLEPS Armijo backtracks=9, alpha=1.953e-03, res_new=1.349817e-07
103 NLEPS (nconv=3, restart=0) residual norm 1.349817e-07
  Residual norms for GMRES solve
  0 (restart 0) KSP residual norm 9.816008e-13
GMRES solver converged in 0 iterations
   NLEPS Armijo backtracks=9, alpha=1.953e-03, res_new=1.349817e-07
104 NLEPS (nconv=3, restart=0) residual norm 1.349817e-07
  Residual norms for GMRES solve
  0 (restart 0) KSP residual norm 9.816174e-13
GMRES solver converged in 0 iterations
   NLEPS Armijo backtracks=9, alpha=1.953e-03, res_new=1.349817e-07
105 NLEPS (nconv=3, restart=0) residual norm 1.349817e-07
  Residual norms for GMRES solve
  0 (restart 0) KSP residual norm 9.817993e-13
GMRES solver converged in 0 iterations
   NLEPS Armijo backtracks=9, alpha=1.953e-03, res_new=1.349817e-07
106 NLEPS (nconv=3, restart=0) residual norm 1.349817e-07
  Residual norms for GMRES solve
  0 (restart 0) KSP residual norm 9.816082e-13
GMRES solver converged in 0 iterations
   NLEPS Armijo backtracks=9, alpha=1.953e-03, res_new=1.349817e-07
107 NLEPS (nconv=3, restart=0) residual norm 1.349817e-07
  Residual norms for GMRES solve
  0 (restart 0) KSP residual norm 9.817521e-13
GMRES solver converged in 0 iterations
   NLEPS Armijo backtracks=9, alpha=1.953e-03, res_new=1.349817e-07
108 NLEPS (nconv=3, restart=0) residual norm 1.349817e-07
  Residual norms for GMRES solve
  0 (restart 0) KSP residual norm 9.817423e-13
GMRES solver converged in 0 iterations
   NLEPS Armijo backtracks=9, alpha=1.953e-03, res_new=1.349817e-07
109 NLEPS (nconv=3, restart=0) residual norm 1.349817e-07
  Residual norms for GMRES solve
  0 (restart 0) KSP residual norm 9.817562e-13
GMRES solver converged in 0 iterations
   NLEPS Armijo backtracks=9, alpha=1.953e-03, res_new=1.349817e-07
110 NLEPS (nconv=3, restart=0) residual norm 1.349817e-07
  Residual norms for GMRES solve
  0 (restart 0) KSP residual norm 9.819287e-13
GMRES solver converged in 0 iterations
   NLEPS Armijo backtracks=9, alpha=1.953e-03, res_new=1.349817e-07
111 NLEPS (nconv=3, restart=0) residual norm 1.349817e-07
  Residual norms for GMRES solve
  0 (restart 0) KSP residual norm 9.819352e-13
GMRES solver converged in 0 iterations
   NLEPS Armijo backtracks=9, alpha=1.953e-03, res_new=1.349817e-07
112 NLEPS (nconv=3, restart=0) residual norm 1.349817e-07
  Residual norms for GMRES solve
  0 (restart 0) KSP residual norm 9.817864e-13
GMRES solver converged in 0 iterations
   NLEPS Armijo backtracks=9, alpha=1.953e-03, res_new=1.349817e-07
113 NLEPS (nconv=3, restart=0) residual norm 1.349817e-07
  Residual norms for GMRES solve
  0 (restart 0) KSP residual norm 9.816080e-13
GMRES solver converged in 0 iterations
   NLEPS Armijo backtracks=9, alpha=1.953e-03, res_new=1.349817e-07
114 NLEPS (nconv=3, restart=0) residual norm 1.349817e-07
  Residual norms for GMRES solve
  0 (restart 0) KSP residual norm 9.815476e-13
GMRES solver converged in 0 iterations
   NLEPS Armijo backtracks=9, alpha=1.953e-03, res_new=1.349817e-07
115 NLEPS (nconv=3, restart=0) residual norm 1.349817e-07
  Residual norms for GMRES solve
  0 (restart 0) KSP residual norm 9.815406e-13
GMRES solver converged in 0 iterations
   NLEPS Armijo backtracks=9, alpha=1.953e-03, res_new=1.349817e-07
116 NLEPS (nconv=3, restart=0) residual norm 1.349817e-07
  Residual norms for GMRES solve
  0 (restart 0) KSP residual norm 9.815198e-13
GMRES solver converged in 0 iterations
   NLEPS Armijo backtracks=9, alpha=1.953e-03, res_new=1.349817e-07
117 NLEPS (nconv=3, restart=0) residual norm 1.349817e-07
  Residual norms for GMRES solve
  0 (restart 0) KSP residual norm 9.814589e-13
GMRES solver converged in 0 iterations
   NLEPS Armijo backtracks=9, alpha=1.953e-03, res_new=1.349817e-07
118 NLEPS (nconv=3, restart=0) residual norm 1.349817e-07
  Residual norms for GMRES solve
  0 (restart 0) KSP residual norm 9.816464e-13
GMRES solver converged in 0 iterations
   NLEPS Armijo backtracks=9, alpha=1.953e-03, res_new=1.349817e-07
119 NLEPS (nconv=3, restart=0) residual norm 1.349817e-07
  Residual norms for GMRES solve
  0 (restart 0) KSP residual norm 9.814680e-13
GMRES solver converged in 0 iterations
   NLEPS Armijo backtracks=9, alpha=1.953e-03, res_new=1.349817e-07
120 NLEPS (nconv=3, restart=0) residual norm 1.349817e-07
  Residual norms for GMRES solve
  0 (restart 0) KSP residual norm 9.814099e-13
GMRES solver converged in 0 iterations
   NLEPS Armijo backtracks=9, alpha=1.953e-03, res_new=1.349817e-07
121 NLEPS (nconv=3, restart=0) residual norm 1.349817e-07
  Residual norms for GMRES solve
  0 (restart 0) KSP residual norm 9.815016e-13
GMRES solver converged in 0 iterations
   NLEPS Armijo backtracks=9, alpha=1.953e-03, res_new=1.349817e-07
122 NLEPS (nconv=3, restart=0) residual norm 1.349817e-07
  Residual norms for GMRES solve
  0 (restart 0) KSP residual norm 9.815125e-13
GMRES solver converged in 0 iterations
   NLEPS Armijo backtracks=9, alpha=1.953e-03, res_new=1.349817e-07
123 NLEPS (nconv=3, restart=0) residual norm 1.349817e-07
  Residual norms for GMRES solve
  0 (restart 0) KSP residual norm 9.814934e-13
GMRES solver converged in 0 iterations
   NLEPS Armijo backtracks=9, alpha=1.953e-03, res_new=1.349817e-07
124 NLEPS (nconv=3, restart=0) residual norm 1.349817e-07
  Residual norms for GMRES solve
  0 (restart 0) KSP residual norm 9.813683e-13
GMRES solver converged in 0 iterations
   NLEPS Armijo backtracks=9, alpha=1.953e-03, res_new=1.349817e-07
125 NLEPS (nconv=3, restart=0) residual norm 1.349817e-07
  Residual norms for GMRES solve
  0 (restart 0) KSP residual norm 9.810888e-13
GMRES solver converged in 0 iterations
   NLEPS Armijo backtracks=9, alpha=1.953e-03, res_new=1.349817e-07
126 NLEPS (nconv=3, restart=0) residual norm 1.349817e-07
  Residual norms for GMRES solve
  0 (restart 0) KSP residual norm 9.810161e-13
GMRES solver converged in 0 iterations
   NLEPS Armijo backtracks=9, alpha=1.953e-03, res_new=1.349817e-07
127 NLEPS (nconv=3, restart=0) residual norm 1.349817e-07
  Residual norms for GMRES solve
  0 (restart 0) KSP residual norm 9.811288e-13
GMRES solver converged in 0 iterations
   NLEPS Armijo backtracks=9, alpha=1.953e-03, res_new=1.349817e-07
128 NLEPS (nconv=3, restart=0) residual norm 1.349817e-07
  Residual norms for GMRES solve
  0 (restart 0) KSP residual norm 9.810174e-13
GMRES solver converged in 0 iterations
   NLEPS Armijo backtracks=9, alpha=1.953e-03, res_new=1.349817e-07
129 NLEPS (nconv=3, restart=0) residual norm 1.349817e-07
  Residual norms for GMRES solve
  0 (restart 0) KSP residual norm 9.809633e-13
GMRES solver converged in 0 iterations
   NLEPS Armijo backtracks=9, alpha=1.953e-03, res_new=1.349817e-07
130 NLEPS (nconv=3, restart=0) residual norm 1.349817e-07
  Residual norms for GMRES solve
  0 (restart 0) KSP residual norm 9.809457e-13
GMRES solver converged in 0 iterations
   NLEPS Armijo backtracks=9, alpha=1.953e-03, res_new=1.349817e-07
131 NLEPS (nconv=3, restart=0) residual norm 1.349817e-07
  Residual norms for GMRES solve
  0 (restart 0) KSP residual norm 9.810658e-13
GMRES solver converged in 0 iterations
   NLEPS Armijo backtracks=9, alpha=1.953e-03, res_new=1.349817e-07
132 NLEPS (nconv=3, restart=0) residual norm 1.349817e-07
  Residual norms for GMRES solve
  0 (restart 0) KSP residual norm 9.809716e-13
GMRES solver converged in 0 iterations
   NLEPS Armijo backtracks=9, alpha=1.953e-03, res_new=1.349817e-07
133 NLEPS (nconv=3, restart=0) residual norm 1.349817e-07
  Residual norms for GMRES solve
  0 (restart 0) KSP residual norm 9.811462e-13
GMRES solver converged in 0 iterations
   NLEPS Armijo backtracks=9, alpha=1.953e-03, res_new=1.349817e-07
134 NLEPS (nconv=3, restart=0) residual norm 1.349817e-07
  Residual norms for GMRES solve
  0 (restart 0) KSP residual norm 9.810819e-13
GMRES solver converged in 0 iterations
   NLEPS Armijo backtracks=9, alpha=1.953e-03, res_new=1.349817e-07
135 NLEPS (nconv=3, restart=0) residual norm 1.349817e-07
  Residual norms for GMRES solve
  0 (restart 0) KSP residual norm 9.811322e-13
GMRES solver converged in 0 iterations
   NLEPS Armijo backtracks=9, alpha=1.953e-03, res_new=1.349817e-07
136 NLEPS (nconv=3, restart=0) residual norm 1.349817e-07
  Residual norms for GMRES solve
  0 (restart 0) KSP residual norm 9.810975e-13
GMRES solver converged in 0 iterations
   NLEPS Armijo backtracks=9, alpha=1.953e-03, res_new=1.349817e-07
137 NLEPS (nconv=3, restart=0) residual norm 1.349817e-07
  Residual norms for GMRES solve
  0 (restart 0) KSP residual norm 9.809855e-13
GMRES solver converged in 0 iterations
   NLEPS Armijo backtracks=9, alpha=1.953e-03, res_new=1.349817e-07
138 NLEPS (nconv=3, restart=0) residual norm 1.349817e-07
  Residual norms for GMRES solve
  0 (restart 0) KSP residual norm 9.809652e-13
GMRES solver converged in 0 iterations
   NLEPS Armijo backtracks=9, alpha=1.953e-03, res_new=1.349817e-07
139 NLEPS (nconv=3, restart=0) residual norm 1.349817e-07
  Residual norms for GMRES solve
  0 (restart 0) KSP residual norm 9.809227e-13
GMRES solver converged in 0 iterations
   NLEPS Armijo backtracks=9, alpha=1.953e-03, res_new=1.349817e-07
140 NLEPS (nconv=3, restart=0) residual norm 1.349817e-07
  Residual norms for GMRES solve
  0 (restart 0) KSP residual norm 9.810950e-13
GMRES solver converged in 0 iterations
   NLEPS Armijo backtracks=9, alpha=1.953e-03, res_new=1.349817e-07
141 NLEPS (nconv=3, restart=0) residual norm 1.349817e-07
  Residual norms for GMRES solve
  0 (restart 0) KSP residual norm 9.809933e-13
GMRES solver converged in 0 iterations
   NLEPS Armijo backtracks=9, alpha=1.953e-03, res_new=1.349817e-07
142 NLEPS (nconv=3, restart=0) residual norm 1.349817e-07
  Residual norms for GMRES solve
  0 (restart 0) KSP residual norm 9.811020e-13
GMRES solver converged in 0 iterations
   NLEPS Armijo backtracks=9, alpha=1.953e-03, res_new=1.349817e-07
143 NLEPS (nconv=3, restart=0) residual norm 1.349817e-07
  Residual norms for GMRES solve
  0 (restart 0) KSP residual norm 9.812176e-13
GMRES solver converged in 0 iterations
   NLEPS Armijo backtracks=9, alpha=1.953e-03, res_new=1.349817e-07
144 NLEPS (nconv=3, restart=0) residual norm 1.349817e-07
  Residual norms for GMRES solve
  0 (restart 0) KSP residual norm 9.808944e-13
GMRES solver converged in 0 iterations
   NLEPS Armijo backtracks=9, alpha=1.953e-03, res_new=1.349817e-07
145 NLEPS (nconv=3, restart=0) residual norm 1.349817e-07
  Residual norms for GMRES solve
  0 (restart 0) KSP residual norm 9.810633e-13
GMRES solver converged in 0 iterations
   NLEPS Armijo backtracks=9, alpha=1.953e-03, res_new=1.349817e-07
146 NLEPS (nconv=3, restart=0) residual norm 1.349817e-07
  Residual norms for GMRES solve
  0 (restart 0) KSP residual norm 9.809873e-13
GMRES solver converged in 0 iterations
   NLEPS Armijo backtracks=9, alpha=1.953e-03, res_new=1.349817e-07
147 NLEPS (nconv=3, restart=0) residual norm 1.349817e-07
  Residual norms for GMRES solve
  0 (restart 0) KSP residual norm 9.809910e-13
GMRES solver converged in 0 iterations
   NLEPS Armijo backtracks=9, alpha=1.953e-03, res_new=1.349817e-07
148 NLEPS (nconv=3, restart=0) residual norm 1.349817e-07
  Residual norms for GMRES solve
  0 (restart 0) KSP residual norm 9.810537e-13
GMRES solver converged in 0 iterations
   NLEPS Armijo backtracks=9, alpha=1.953e-03, res_new=1.349817e-07
149 NLEPS (nconv=3, restart=0) residual norm 1.349817e-07
  Residual norms for GMRES solve
  0 (restart 0) KSP residual norm 9.809305e-13
GMRES solver converged in 0 iterations
   NLEPS Armijo backtracks=9, alpha=1.953e-03, res_new=1.349817e-07
150 NLEPS (nconv=3, restart=0) residual norm 1.349817e-07
  Residual norms for GMRES solve
  0 (restart 0) KSP residual norm 9.808447e-13
GMRES solver converged in 0 iterations
   NLEPS Armijo backtracks=9, alpha=1.953e-03, res_new=1.349817e-07
151 NLEPS (nconv=3, restart=0) residual norm 1.349817e-07
  Residual norms for GMRES solve
  0 (restart 0) KSP residual norm 9.809606e-13
GMRES solver converged in 0 iterations
   NLEPS Armijo backtracks=9, alpha=1.953e-03, res_new=1.349817e-07
152 NLEPS (nconv=3, restart=0) residual norm 1.349817e-07
  Residual norms for GMRES solve
  0 (restart 0) KSP residual norm 9.807976e-13
GMRES solver converged in 0 iterations
   NLEPS Armijo backtracks=9, alpha=1.953e-03, res_new=1.349817e-07
153 NLEPS (nconv=3, restart=0) residual norm 1.349817e-07
  Residual norms for GMRES solve
  0 (restart 0) KSP residual norm 9.806991e-13
GMRES solver converged in 0 iterations
   NLEPS Armijo backtracks=9, alpha=1.953e-03, res_new=1.349817e-07
154 NLEPS (nconv=3, restart=0) residual norm 1.349817e-07
  Residual norms for GMRES solve
  0 (restart 0) KSP residual norm 9.808260e-13
GMRES solver converged in 0 iterations
   NLEPS Armijo backtracks=9, alpha=1.953e-03, res_new=1.349817e-07
155 NLEPS (nconv=3, restart=0) residual norm 1.349817e-07
  Residual norms for GMRES solve
  0 (restart 0) KSP residual norm 9.807422e-13
GMRES solver converged in 0 iterations
   NLEPS Armijo backtracks=9, alpha=1.953e-03, res_new=1.349817e-07
156 NLEPS (nconv=3, restart=0) residual norm 1.349817e-07
  Residual norms for GMRES solve
  0 (restart 0) KSP residual norm 9.807081e-13
GMRES solver converged in 0 iterations
   NLEPS Armijo backtracks=9, alpha=1.953e-03, res_new=1.349817e-07
157 NLEPS (nconv=3, restart=0) residual norm 1.349817e-07
  Residual norms for GMRES solve
  0 (restart 0) KSP residual norm 9.807472e-13
GMRES solver converged in 0 iterations
   NLEPS Armijo backtracks=9, alpha=1.953e-03, res_new=1.349817e-07
158 NLEPS (nconv=3, restart=0) residual norm 1.349817e-07
  Residual norms for GMRES solve
  0 (restart 0) KSP residual norm 9.807544e-13
GMRES solver converged in 0 iterations
   NLEPS Armijo backtracks=9, alpha=1.953e-03, res_new=1.349817e-07
159 NLEPS (nconv=3, restart=0) residual norm 1.349817e-07
  Residual norms for GMRES solve
  0 (restart 0) KSP residual norm 9.807137e-13
GMRES solver converged in 0 iterations
   NLEPS Armijo backtracks=9, alpha=1.953e-03, res_new=1.349817e-07
160 NLEPS (nconv=3, restart=0) residual norm 1.349817e-07
  Residual norms for GMRES solve
  0 (restart 0) KSP residual norm 9.807471e-13
GMRES solver converged in 0 iterations
   NLEPS Armijo backtracks=9, alpha=1.953e-03, res_new=1.349817e-07
161 NLEPS (nconv=3, restart=0) residual norm 1.349817e-07
  Residual norms for GMRES solve
  0 (restart 0) KSP residual norm 9.806654e-13
GMRES solver converged in 0 iterations
   NLEPS Armijo backtracks=9, alpha=1.953e-03, res_new=1.349817e-07
162 NLEPS (nconv=3, restart=0) residual norm 1.349817e-07
  Residual norms for GMRES solve
  0 (restart 0) KSP residual norm 9.806226e-13
GMRES solver converged in 0 iterations
   NLEPS Armijo backtracks=9, alpha=1.953e-03, res_new=1.349817e-07
163 NLEPS (nconv=3, restart=0) residual norm 1.349817e-07
  Residual norms for GMRES solve
  0 (restart 0) KSP residual norm 9.808325e-13
GMRES solver converged in 0 iterations
   NLEPS Armijo backtracks=9, alpha=1.953e-03, res_new=1.349817e-07
164 NLEPS (nconv=3, restart=0) residual norm 1.349817e-07
  Residual norms for GMRES solve
  0 (restart 0) KSP residual norm 9.808050e-13
GMRES solver converged in 0 iterations
   NLEPS Armijo backtracks=9, alpha=1.953e-03, res_new=1.349817e-07
165 NLEPS (nconv=3, restart=0) residual norm 1.349817e-07
  Residual norms for GMRES solve
  0 (restart 0) KSP residual norm 9.807601e-13
GMRES solver converged in 0 iterations
   NLEPS Armijo backtracks=9, alpha=1.953e-03, res_new=1.349817e-07
166 NLEPS (nconv=3, restart=0) residual norm 1.349817e-07
  Residual norms for GMRES solve
  0 (restart 0) KSP residual norm 9.806831e-13
GMRES solver converged in 0 iterations
   NLEPS Armijo backtracks=9, alpha=1.953e-03, res_new=1.349817e-07
167 NLEPS (nconv=3, restart=0) residual norm 1.349817e-07
  Residual norms for GMRES solve
  0 (restart 0) KSP residual norm 9.807589e-13
GMRES solver converged in 0 iterations
   NLEPS Armijo backtracks=9, alpha=1.953e-03, res_new=1.349817e-07
168 NLEPS (nconv=3, restart=0) residual norm 1.349817e-07
  Residual norms for GMRES solve
  0 (restart 0) KSP residual norm 9.806646e-13
GMRES solver converged in 0 iterations
   NLEPS Armijo backtracks=9, alpha=1.953e-03, res_new=1.349817e-07
169 NLEPS (nconv=3, restart=0) residual norm 1.349817e-07
  Residual norms for GMRES solve
  0 (restart 0) KSP residual norm 9.807043e-13
GMRES solver converged in 0 iterations
   NLEPS Armijo backtracks=9, alpha=1.953e-03, res_new=1.349817e-07
170 NLEPS (nconv=3, restart=0) residual norm 1.349817e-07
  Residual norms for GMRES solve
  0 (restart 0) KSP residual norm 9.806184e-13
GMRES solver converged in 0 iterations
   NLEPS Armijo backtracks=9, alpha=1.953e-03, res_new=1.349817e-07
171 NLEPS (nconv=3, restart=0) residual norm 1.349817e-07
  Residual norms for GMRES solve
  0 (restart 0) KSP residual norm 9.807314e-13
GMRES solver converged in 0 iterations
   NLEPS Armijo backtracks=9, alpha=1.953e-03, res_new=1.349817e-07
172 NLEPS (nconv=3, restart=0) residual norm 1.349817e-07
  Residual norms for GMRES solve
  0 (restart 0) KSP residual norm 9.808140e-13
GMRES solver converged in 0 iterations
   NLEPS Armijo backtracks=9, alpha=1.953e-03, res_new=1.349817e-07
173 NLEPS (nconv=3, restart=0) residual norm 1.349817e-07
  Residual norms for GMRES solve
  0 (restart 0) KSP residual norm 9.807403e-13
GMRES solver converged in 0 iterations
   NLEPS Armijo backtracks=9, alpha=1.953e-03, res_new=1.349817e-07
174 NLEPS (nconv=3, restart=0) residual norm 1.349817e-07
  Residual norms for GMRES solve
  0 (restart 0) KSP residual norm 9.806317e-13
GMRES solver converged in 0 iterations
   NLEPS Armijo backtracks=9, alpha=1.953e-03, res_new=1.349817e-07
175 NLEPS (nconv=3, restart=0) residual norm 1.349817e-07
  Residual norms for GMRES solve
  0 (restart 0) KSP residual norm 9.804499e-13
GMRES solver converged in 0 iterations
   NLEPS Armijo backtracks=9, alpha=1.953e-03, res_new=1.349817e-07
176 NLEPS (nconv=3, restart=0) residual norm 1.349817e-07
  Residual norms for GMRES solve
  0 (restart 0) KSP residual norm 9.805504e-13
GMRES solver converged in 0 iterations
   NLEPS Armijo backtracks=9, alpha=1.953e-03, res_new=1.349817e-07
177 NLEPS (nconv=3, restart=0) residual norm 1.349817e-07
  Residual norms for GMRES solve
  0 (restart 0) KSP residual norm 9.806663e-13
GMRES solver converged in 0 iterations
   NLEPS Armijo backtracks=9, alpha=1.953e-03, res_new=1.349817e-07
178 NLEPS (nconv=3, restart=0) residual norm 1.349817e-07
  Residual norms for GMRES solve
  0 (restart 0) KSP residual norm 9.808147e-13
GMRES solver converged in 0 iterations
   NLEPS Armijo backtracks=9, alpha=1.953e-03, res_new=1.349817e-07
179 NLEPS (nconv=3, restart=0) residual norm 1.349817e-07
  Residual norms for GMRES solve
  0 (restart 0) KSP residual norm 9.807100e-13
GMRES solver converged in 0 iterations
   NLEPS Armijo backtracks=9, alpha=1.953e-03, res_new=1.349817e-07
180 NLEPS (nconv=3, restart=0) residual norm 1.349817e-07
  Residual norms for GMRES solve
  0 (restart 0) KSP residual norm 9.806307e-13
GMRES solver converged in 0 iterations
   NLEPS Armijo backtracks=9, alpha=1.953e-03, res_new=1.349817e-07
181 NLEPS (nconv=3, restart=0) residual norm 1.349817e-07
  Residual norms for GMRES solve
  0 (restart 0) KSP residual norm 9.805748e-13
GMRES solver converged in 0 iterations
   NLEPS Armijo backtracks=9, alpha=1.953e-03, res_new=1.349817e-07
182 NLEPS (nconv=3, restart=0) residual norm 1.349817e-07
  Residual norms for GMRES solve
  0 (restart 0) KSP residual norm 9.805105e-13
GMRES solver converged in 0 iterations
   NLEPS Armijo backtracks=9, alpha=1.953e-03, res_new=1.349817e-07
183 NLEPS (nconv=3, restart=0) residual norm 1.349817e-07
  Residual norms for GMRES solve
  0 (restart 0) KSP residual norm 9.807735e-13
GMRES solver converged in 0 iterations
   NLEPS Armijo backtracks=9, alpha=1.953e-03, res_new=1.349817e-07
184 NLEPS (nconv=3, restart=0) residual norm 1.349817e-07
  Residual norms for GMRES solve
  0 (restart 0) KSP residual norm 9.807534e-13
GMRES solver converged in 0 iterations
   NLEPS Armijo backtracks=9, alpha=1.953e-03, res_new=1.349817e-07
185 NLEPS (nconv=3, restart=0) residual norm 1.349817e-07
  Residual norms for GMRES solve
  0 (restart 0) KSP residual norm 9.808921e-13
GMRES solver converged in 0 iterations
   NLEPS Armijo backtracks=9, alpha=1.953e-03, res_new=1.349817e-07
186 NLEPS (nconv=3, restart=0) residual norm 1.349817e-07
  Residual norms for GMRES solve
  0 (restart 0) KSP residual norm 9.806634e-13
GMRES solver converged in 0 iterations
   NLEPS Armijo backtracks=9, alpha=1.953e-03, res_new=1.349817e-07
187 NLEPS (nconv=3, restart=0) residual norm 1.349817e-07
  Residual norms for GMRES solve
  0 (restart 0) KSP residual norm 9.806463e-13
GMRES solver converged in 0 iterations
   NLEPS Armijo backtracks=9, alpha=1.953e-03, res_new=1.349817e-07
188 NLEPS (nconv=3, restart=0) residual norm 1.349817e-07
  Residual norms for GMRES solve
  0 (restart 0) KSP residual norm 9.805428e-13
GMRES solver converged in 0 iterations
   NLEPS Armijo backtracks=9, alpha=1.953e-03, res_new=1.349817e-07
189 NLEPS (nconv=3, restart=0) residual norm 1.349817e-07
  Residual norms for GMRES solve
  0 (restart 0) KSP residual norm 9.805021e-13
GMRES solver converged in 0 iterations
   NLEPS Armijo backtracks=9, alpha=1.953e-03, res_new=1.349817e-07
190 NLEPS (nconv=3, restart=0) residual norm 1.349817e-07
  Residual norms for GMRES solve
  0 (restart 0) KSP residual norm 9.806494e-13
GMRES solver converged in 0 iterations
   NLEPS Armijo backtracks=9, alpha=1.953e-03, res_new=1.349817e-07
191 NLEPS (nconv=3, restart=0) residual norm 1.349817e-07
  Residual norms for GMRES solve
  0 (restart 0) KSP residual norm 9.807364e-13
GMRES solver converged in 0 iterations
   NLEPS Armijo backtracks=9, alpha=1.953e-03, res_new=1.349817e-07
192 NLEPS (nconv=3, restart=0) residual norm 1.349817e-07
  Residual norms for GMRES solve
  0 (restart 0) KSP residual norm 9.806534e-13
GMRES solver converged in 0 iterations
   NLEPS Armijo backtracks=9, alpha=1.953e-03, res_new=1.349817e-07
193 NLEPS (nconv=3, restart=0) residual norm 1.349817e-07
  Residual norms for GMRES solve
  0 (restart 0) KSP residual norm 9.807818e-13
GMRES solver converged in 0 iterations
   NLEPS Armijo backtracks=9, alpha=1.953e-03, res_new=1.349817e-07
194 NLEPS (nconv=3, restart=0) residual norm 1.349817e-07
  Residual norms for GMRES solve
  0 (restart 0) KSP residual norm 9.806275e-13
GMRES solver converged in 0 iterations
   NLEPS Armijo backtracks=9, alpha=1.953e-03, res_new=1.349817e-07
195 NLEPS (nconv=3, restart=0) residual norm 1.349817e-07
  Residual norms for GMRES solve
  0 (restart 0) KSP residual norm 9.807223e-13
GMRES solver converged in 0 iterations
   NLEPS Armijo backtracks=9, alpha=1.953e-03, res_new=1.349817e-07
196 NLEPS (nconv=3, restart=0) residual norm 1.349817e-07
  Residual norms for GMRES solve
  0 (restart 0) KSP residual norm 9.806323e-13
GMRES solver converged in 0 iterations
   NLEPS Armijo backtracks=9, alpha=1.953e-03, res_new=1.349817e-07
197 NLEPS (nconv=3, restart=0) residual norm 1.349817e-07
  Residual norms for GMRES solve
  0 (restart 0) KSP residual norm 9.806682e-13
GMRES solver converged in 0 iterations
   NLEPS Armijo backtracks=9, alpha=1.953e-03, res_new=1.349817e-07
198 NLEPS (nconv=3, restart=0) residual norm 1.349817e-07
  Residual norms for GMRES solve
  0 (restart 0) KSP residual norm 9.805545e-13
GMRES solver converged in 0 iterations
   NLEPS Armijo backtracks=9, alpha=1.953e-03, res_new=1.349817e-07
199 NLEPS (nconv=3, restart=0) residual norm 1.349817e-07
  Residual norms for GMRES solve
  0 (restart 0) KSP residual norm 9.805455e-13
GMRES solver converged in 0 iterations
   NLEPS Armijo backtracks=9, alpha=1.953e-03, res_new=1.349817e-07
Eigenvalue 3, Quasi-Newton did not converge in 200 iterations, restarting.
  Residual norms for GMRES solve
  0 (restart 0) KSP residual norm 3.178960e+01
  1 (restart 0) KSP residual norm 1.656523e+01
  2 (restart 0) KSP residual norm 2.414143e+00
  3 (restart 0) KSP residual norm 2.300792e+00
  4 (restart 0) KSP residual norm 1.377243e+00
  5 (restart 0) KSP residual norm 7.414275e-01
  6 (restart 0) KSP residual norm 4.777852e-01
  7 (restart 0) KSP residual norm 2.553769e-01
  8 (restart 0) KSP residual norm 9.120282e-02
  9 (restart 0) KSP residual norm 5.648383e-02
 10 (restart 0) KSP residual norm 5.351287e-02
 11 (restart 0) KSP residual norm 2.580224e-02
 12 (restart 0) KSP residual norm 2.313055e-02
 13 (restart 0) KSP residual norm 2.192830e-02
 14 (restart 0) KSP residual norm 2.177002e-02
 15 (restart 0) KSP residual norm 2.123944e-02
 16 (restart 0) KSP residual norm 2.031325e-02
 17 (restart 0) KSP residual norm 1.886913e-02
 18 (restart 0) KSP residual norm 1.835437e-02
 19 (restart 0) KSP residual norm 1.817462e-02
 20 (restart 0) KSP residual norm 1.809937e-02
 21 (restart 0) KSP residual norm 1.782194e-02
 22 (restart 0) KSP residual norm 1.747614e-02
 23 (restart 0) KSP residual norm 1.724710e-02
 24 (restart 0) KSP residual norm 1.655736e-02
 25 (restart 0) KSP residual norm 1.651824e-02
 26 (restart 0) KSP residual norm 1.629769e-02
 27 (restart 0) KSP residual norm 1.546334e-02
 28 (restart 0) KSP residual norm 1.509701e-02
 29 (restart 0) KSP residual norm 1.292967e-02
 30 (restart 0) KSP residual norm 1.107293e-02
 31 (restart 0) KSP residual norm 8.587691e-03
GMRES solver converged in 31 iterations (avg. reduction factor: 7.672e-01)
0 NLEPS (nconv=3, restart=1) residual norm 1.878577e-01
  Residual norms for GMRES solve
  0 (restart 0) KSP residual norm 2.319853e+01
  1 (restart 0) KSP residual norm 6.611526e+00
  2 (restart 0) KSP residual norm 3.847513e+00
  3 (restart 0) KSP residual norm 3.374305e+00
  4 (restart 0) KSP residual norm 3.321152e+00
  5 (restart 0) KSP residual norm 2.647382e+00
  6 (restart 0) KSP residual norm 9.157494e-01
  7 (restart 0) KSP residual norm 4.961272e-01
  8 (restart 0) KSP residual norm 4.499286e-01
  9 (restart 0) KSP residual norm 3.997578e-01
 10 (restart 0) KSP residual norm 3.633203e-01
 11 (restart 0) KSP residual norm 3.320782e-01
 12 (restart 0) KSP residual norm 2.352006e-01
 13 (restart 0) KSP residual norm 1.043641e-01
 14 (restart 0) KSP residual norm 4.246475e-02
 15 (restart 0) KSP residual norm 2.235353e-02
 16 (restart 0) KSP residual norm 1.015659e-02
 17 (restart 0) KSP residual norm 6.516887e-03
GMRES solver converged in 17 iterations (avg. reduction factor: 6.181e-01)
1 NLEPS (nconv=3, restart=1) residual norm 4.693070e-03
  Residual norms for GMRES solve
  0 (restart 0) KSP residual norm 5.036511e-03
  1 (restart 0) KSP residual norm 4.988907e-03
  2 (restart 0) KSP residual norm 4.950436e-03
  3 (restart 0) KSP residual norm 5.352332e-04
  4 (restart 0) KSP residual norm 2.112826e-04
  5 (restart 0) KSP residual norm 2.033561e-04
  6 (restart 0) KSP residual norm 1.895391e-04
  7 (restart 0) KSP residual norm 1.717681e-04
  8 (restart 0) KSP residual norm 1.294704e-04
  9 (restart 0) KSP residual norm 1.086945e-04
 10 (restart 0) KSP residual norm 9.061079e-05
 11 (restart 0) KSP residual norm 8.810825e-05
 12 (restart 0) KSP residual norm 7.517384e-05
 13 (restart 0) KSP residual norm 4.941058e-05
 14 (restart 0) KSP residual norm 2.964770e-05
 15 (restart 0) KSP residual norm 1.191068e-05
 16 (restart 0) KSP residual norm 7.070053e-06
 17 (restart 0) KSP residual norm 2.837751e-06
 18 (restart 0) KSP residual norm 1.073193e-06
GMRES solver converged in 18 iterations (avg. reduction factor: 6.252e-01)
2 NLEPS (nconv=3, restart=1) residual norm 1.875138e-03
  Residual norms for GMRES solve
  0 (restart 0) KSP residual norm 1.479044e-05
  1 (restart 0) KSP residual norm 1.464897e-05
  2 (restart 0) KSP residual norm 1.438937e-05
  3 (restart 0) KSP residual norm 2.119332e-06
  4 (restart 0) KSP residual norm 1.305564e-06
  5 (restart 0) KSP residual norm 1.272971e-06
  6 (restart 0) KSP residual norm 1.260119e-06
  7 (restart 0) KSP residual norm 9.448826e-07
  8 (restart 0) KSP residual norm 7.099782e-07
  9 (restart 0) KSP residual norm 5.031135e-07
 10 (restart 0) KSP residual norm 3.867899e-07
 11 (restart 0) KSP residual norm 3.820089e-07
 12 (restart 0) KSP residual norm 3.552713e-07
 13 (restart 0) KSP residual norm 3.351296e-07
 14 (restart 0) KSP residual norm 3.117386e-07
 15 (restart 0) KSP residual norm 2.946743e-07
 16 (restart 0) KSP residual norm 2.692746e-07
 17 (restart 0) KSP residual norm 2.078571e-07
 18 (restart 0) KSP residual norm 1.540074e-07
 19 (restart 0) KSP residual norm 1.245617e-07
 20 (restart 0) KSP residual norm 9.841776e-08
 21 (restart 0) KSP residual norm 7.363241e-08
 22 (restart 0) KSP residual norm 4.416002e-08
 23 (restart 0) KSP residual norm 2.825712e-08
 24 (restart 0) KSP residual norm 1.949978e-08
 25 (restart 0) KSP residual norm 1.637523e-08
 26 (restart 0) KSP residual norm 1.402139e-08
 27 (restart 0) KSP residual norm 1.321982e-08
 28 (restart 0) KSP residual norm 1.311179e-08
 29 (restart 0) KSP residual norm 1.208353e-08
 30 (restart 0) KSP residual norm 1.183753e-08
 31 (restart 0) KSP residual norm 1.171470e-08
 32 (restart 0) KSP residual norm 1.159390e-08
 33 (restart 0) KSP residual norm 1.155522e-08
 34 (restart 0) KSP residual norm 1.144688e-08
 35 (restart 0) KSP residual norm 1.134485e-08
 36 (restart 0) KSP residual norm 1.129178e-08
 37 (restart 0) KSP residual norm 1.118541e-08
 38 (restart 0) KSP residual norm 1.114347e-08
 39 (restart 0) KSP residual norm 1.098732e-08
 40 (restart 0) KSP residual norm 1.093899e-08
 41 (restart 0) KSP residual norm 1.092116e-08
 42 (restart 0) KSP residual norm 1.083954e-08
 43 (restart 0) KSP residual norm 1.067657e-08
 44 (restart 0) KSP residual norm 1.063951e-08
 45 (restart 0) KSP residual norm 1.063662e-08
 46 (restart 0) KSP residual norm 1.043498e-08
 47 (restart 0) KSP residual norm 1.026690e-08
 48 (restart 0) KSP residual norm 9.699920e-09
 49 (restart 0) KSP residual norm 8.911923e-09
 50 (restart 0) KSP residual norm 7.705023e-09
 51 (restart 0) KSP residual norm 5.559773e-09
 52 (restart 0) KSP residual norm 3.930917e-09
GMRES solver converged in 52 iterations (avg. reduction factor: 8.536e-01)
3 NLEPS (nconv=3, restart=1) residual norm 4.724045e-04
  Residual norms for GMRES solve
  0 (restart 0) KSP residual norm 5.794495e-08
  1 (restart 0) KSP residual norm 5.700689e-08
  2 (restart 0) KSP residual norm 5.529646e-08
  3 (restart 0) KSP residual norm 7.189419e-09
  4 (restart 0) KSP residual norm 3.707093e-09
  5 (restart 0) KSP residual norm 3.395350e-09
  6 (restart 0) KSP residual norm 3.200903e-09
  7 (restart 0) KSP residual norm 3.000391e-09
  8 (restart 0) KSP residual norm 2.613740e-09
  9 (restart 0) KSP residual norm 1.946937e-09
 10 (restart 0) KSP residual norm 1.371702e-09
 11 (restart 0) KSP residual norm 1.293386e-09
 12 (restart 0) KSP residual norm 1.273643e-09
 13 (restart 0) KSP residual norm 1.166622e-09
 14 (restart 0) KSP residual norm 1.121356e-09
 15 (restart 0) KSP residual norm 1.107293e-09
 16 (restart 0) KSP residual norm 1.027129e-09
 17 (restart 0) KSP residual norm 9.698447e-10
 18 (restart 0) KSP residual norm 9.179484e-10
 19 (restart 0) KSP residual norm 8.923134e-10
 20 (restart 0) KSP residual norm 7.461702e-10
 21 (restart 0) KSP residual norm 6.453479e-10
 22 (restart 0) KSP residual norm 5.739218e-10
 23 (restart 0) KSP residual norm 5.110232e-10
 24 (restart 0) KSP residual norm 4.844223e-10
 25 (restart 0) KSP residual norm 4.618256e-10
 26 (restart 0) KSP residual norm 4.572319e-10
 27 (restart 0) KSP residual norm 4.546702e-10
 28 (restart 0) KSP residual norm 4.500784e-10
 29 (restart 0) KSP residual norm 4.474443e-10
 30 (restart 0) KSP residual norm 4.461819e-10
 31 (restart 0) KSP residual norm 4.438101e-10
 32 (restart 0) KSP residual norm 4.412544e-10
 33 (restart 0) KSP residual norm 4.389925e-10
 34 (restart 0) KSP residual norm 4.386686e-10
 35 (restart 0) KSP residual norm 4.379995e-10
 36 (restart 0) KSP residual norm 4.342374e-10
 37 (restart 0) KSP residual norm 4.340908e-10
 38 (restart 0) KSP residual norm 4.336225e-10
 39 (restart 0) KSP residual norm 4.324089e-10
 40 (restart 0) KSP residual norm 4.314505e-10
 41 (restart 0) KSP residual norm 4.307383e-10
 42 (restart 0) KSP residual norm 4.265832e-10
 43 (restart 0) KSP residual norm 4.238649e-10
 44 (restart 0) KSP residual norm 4.156343e-10
 45 (restart 0) KSP residual norm 4.023712e-10
 46 (restart 0) KSP residual norm 3.933692e-10
 47 (restart 0) KSP residual norm 3.708563e-10
 48 (restart 0) KSP residual norm 3.420322e-10
 49 (restart 0) KSP residual norm 3.006867e-10
 50 (restart 0) KSP residual norm 2.475237e-10
 51 (restart 0) KSP residual norm 1.914929e-10
 52 (restart 0) KSP residual norm 1.382138e-10
 53 (restart 0) KSP residual norm 9.505598e-11
 54 (restart 0) KSP residual norm 6.603893e-11
 55 (restart 0) KSP residual norm 4.150624e-11
 56 (restart 0) KSP residual norm 2.760221e-11
 57 (restart 0) KSP residual norm 1.774775e-11
GMRES solver converged in 57 iterations (avg. reduction factor: 8.677e-01)
4 NLEPS (nconv=3, restart=1) residual norm 2.907239e-06
  Residual norms for GMRES solve
  0 (restart 0) KSP residual norm 1.745158e-10
  1 (restart 0) KSP residual norm 1.735550e-10
  2 (restart 0) KSP residual norm 1.725415e-10
  3 (restart 0) KSP residual norm 3.075108e-11
  4 (restart 0) KSP residual norm 2.336983e-11
  5 (restart 0) KSP residual norm 2.231589e-11
  6 (restart 0) KSP residual norm 1.592319e-11
  7 (restart 0) KSP residual norm 1.122309e-11
  8 (restart 0) KSP residual norm 9.803228e-12
  9 (restart 0) KSP residual norm 8.416070e-12
 10 (restart 0) KSP residual norm 6.328063e-12
 11 (restart 0) KSP residual norm 4.863092e-12
 12 (restart 0) KSP residual norm 4.228575e-12
 13 (restart 0) KSP residual norm 3.895576e-12
 14 (restart 0) KSP residual norm 3.592364e-12
 15 (restart 0) KSP residual norm 3.509416e-12
 16 (restart 0) KSP residual norm 3.388698e-12
 17 (restart 0) KSP residual norm 3.255619e-12
 18 (restart 0) KSP residual norm 3.236249e-12
 19 (restart 0) KSP residual norm 3.235606e-12
 20 (restart 0) KSP residual norm 3.230545e-12
 21 (restart 0) KSP residual norm 3.162184e-12
 22 (restart 0) KSP residual norm 3.117340e-12
 23 (restart 0) KSP residual norm 3.117173e-12
 24 (restart 0) KSP residual norm 2.914872e-12
 25 (restart 0) KSP residual norm 2.872178e-12
 26 (restart 0) KSP residual norm 2.856802e-12
 27 (restart 0) KSP residual norm 2.815834e-12
 28 (restart 0) KSP residual norm 2.783561e-12
 29 (restart 0) KSP residual norm 2.688621e-12
 30 (restart 0) KSP residual norm 2.671238e-12
 31 (restart 0) KSP residual norm 2.657933e-12
 32 (restart 0) KSP residual norm 2.614151e-12
 33 (restart 0) KSP residual norm 2.600508e-12
 34 (restart 0) KSP residual norm 2.584309e-12
 35 (restart 0) KSP residual norm 2.554221e-12
 36 (restart 0) KSP residual norm 2.536850e-12
 37 (restart 0) KSP residual norm 2.513531e-12
 38 (restart 0) KSP residual norm 2.489713e-12
 39 (restart 0) KSP residual norm 2.484575e-12
 40 (restart 0) KSP residual norm 2.443653e-12
 41 (restart 0) KSP residual norm 2.441748e-12
 42 (restart 0) KSP residual norm 2.440654e-12
 43 (restart 0) KSP residual norm 2.430142e-12
 44 (restart 0) KSP residual norm 2.416275e-12
 45 (restart 0) KSP residual norm 2.392677e-12
 46 (restart 0) KSP residual norm 2.337182e-12
 47 (restart 0) KSP residual norm 2.298158e-12
 48 (restart 0) KSP residual norm 2.157456e-12
 49 (restart 0) KSP residual norm 2.002986e-12
 50 (restart 0) KSP residual norm 1.662361e-12
 51 (restart 0) KSP residual norm 1.282498e-12
 52 (restart 0) KSP residual norm 9.372715e-13
GMRES solver converged in 52 iterations (avg. reduction factor: 9.044e-01)
5 NLEPS (nconv=3, restart=1) residual norm 1.587738e-07
  Residual norms for GMRES solve
  0 (restart 0) KSP residual norm 1.000728e-11
  1 (restart 0) KSP residual norm 9.983361e-12
  2 (restart 0) KSP residual norm 9.281735e-12
  3 (restart 0) KSP residual norm 1.479848e-12
  4 (restart 0) KSP residual norm 8.642754e-13
GMRES solver converged in 4 iterations (avg. reduction factor: 5.421e-01)
6 NLEPS (nconv=3, restart=1) residual norm 1.541333e-07
  Residual norms for GMRES solve
  0 (restart 0) KSP residual norm 8.913879e-13
GMRES solver converged in 0 iterations
   NLEPS Armijo backtracks=9, alpha=1.953e-03, res_new=1.541333e-07
7 NLEPS (nconv=3, restart=1) residual norm 1.541333e-07
  Residual norms for GMRES solve
  0 (restart 0) KSP residual norm 8.911547e-13
GMRES solver converged in 0 iterations
   NLEPS Armijo backtracks=9, alpha=1.953e-03, res_new=1.541335e-07
8 NLEPS (nconv=3, restart=1) residual norm 1.541335e-07
  Residual norms for GMRES solve
  0 (restart 0) KSP residual norm 8.900810e-13
GMRES solver converged in 0 iterations
   NLEPS Armijo backtracks=7, alpha=7.812e-03, res_new=1.541333e-07
9 NLEPS (nconv=3, restart=1) residual norm 1.541333e-07
  Residual norms for GMRES solve
  0 (restart 0) KSP residual norm 8.910712e-13
GMRES solver converged in 0 iterations
   NLEPS Armijo backtracks=9, alpha=1.953e-03, res_new=1.541335e-07
10 NLEPS (nconv=3, restart=1) residual norm 1.541335e-07
  Residual norms for GMRES solve
  0 (restart 0) KSP residual norm 8.900503e-13
GMRES solver converged in 0 iterations
   NLEPS Armijo backtracks=7, alpha=7.812e-03, res_new=1.541333e-07
11 NLEPS (nconv=3, restart=1) residual norm 1.541333e-07
  Residual norms for GMRES solve
  0 (restart 0) KSP residual norm 8.909974e-13
GMRES solver converged in 0 iterations
   NLEPS Armijo backtracks=9, alpha=1.953e-03, res_new=1.541335e-07
12 NLEPS (nconv=3, restart=1) residual norm 1.541335e-07
  Residual norms for GMRES solve
  0 (restart 0) KSP residual norm 8.900944e-13
GMRES solver converged in 0 iterations
   NLEPS Armijo backtracks=7, alpha=7.812e-03, res_new=1.541333e-07
13 NLEPS (nconv=3, restart=1) residual norm 1.541333e-07
  Residual norms for GMRES solve
  0 (restart 0) KSP residual norm 8.910416e-13
GMRES solver converged in 0 iterations
   NLEPS Armijo backtracks=9, alpha=1.953e-03, res_new=1.541335e-07
14 NLEPS (nconv=3, restart=1) residual norm 1.541335e-07
  Residual norms for GMRES solve
  0 (restart 0) KSP residual norm 8.901100e-13
GMRES solver converged in 0 iterations
   NLEPS Armijo backtracks=7, alpha=7.812e-03, res_new=1.541333e-07
15 NLEPS (nconv=3, restart=1) residual norm 1.541333e-07
  Residual norms for GMRES solve
  0 (restart 0) KSP residual norm 8.910172e-13
GMRES solver converged in 0 iterations
   NLEPS Armijo backtracks=9, alpha=1.953e-03, res_new=1.541335e-07
16 NLEPS (nconv=3, restart=1) residual norm 1.541335e-07
  Residual norms for GMRES solve
  0 (restart 0) KSP residual norm 8.900458e-13
GMRES solver converged in 0 iterations
   NLEPS Armijo backtracks=7, alpha=7.812e-03, res_new=1.541333e-07
17 NLEPS (nconv=3, restart=1) residual norm 1.541333e-07
  Residual norms for GMRES solve
  0 (restart 0) KSP residual norm 8.910484e-13
GMRES solver converged in 0 iterations
   NLEPS Armijo backtracks=9, alpha=1.953e-03, res_new=1.541335e-07
18 NLEPS (nconv=3, restart=1) residual norm 1.541335e-07
  Residual norms for GMRES solve
  0 (restart 0) KSP residual norm 8.899920e-13
GMRES solver converged in 0 iterations
   NLEPS Armijo backtracks=7, alpha=7.812e-03, res_new=1.541333e-07
19 NLEPS (nconv=3, restart=1) residual norm 1.541333e-07
  Residual norms for GMRES solve
  0 (restart 0) KSP residual norm 8.911409e-13
GMRES solver converged in 0 iterations
   NLEPS Armijo backtracks=9, alpha=1.953e-03, res_new=1.541335e-07
20 NLEPS (nconv=3, restart=1) residual norm 1.541335e-07
  Residual norms for GMRES solve
  0 (restart 0) KSP residual norm 8.900930e-13
GMRES solver converged in 0 iterations
   NLEPS Armijo backtracks=7, alpha=7.812e-03, res_new=1.541333e-07
21 NLEPS (nconv=3, restart=1) residual norm 1.541333e-07
  Residual norms for GMRES solve
  0 (restart 0) KSP residual norm 8.910708e-13
GMRES solver converged in 0 iterations
   NLEPS Armijo backtracks=9, alpha=1.953e-03, res_new=1.541335e-07
22 NLEPS (nconv=3, restart=1) residual norm 1.541335e-07
  Residual norms for GMRES solve
  0 (restart 0) KSP residual norm 8.899323e-13
GMRES solver converged in 0 iterations
   NLEPS Armijo backtracks=7, alpha=7.812e-03, res_new=1.541333e-07
23 NLEPS (nconv=3, restart=1) residual norm 1.541333e-07
  Residual norms for GMRES solve
  0 (restart 0) KSP residual norm 8.910402e-13
GMRES solver converged in 0 iterations
   NLEPS Armijo backtracks=9, alpha=1.953e-03, res_new=1.541335e-07
24 NLEPS (nconv=3, restart=1) residual norm 1.541335e-07
  Residual norms for GMRES solve
  0 (restart 0) KSP residual norm 8.899860e-13
GMRES solver converged in 0 iterations
   NLEPS Armijo backtracks=7, alpha=7.812e-03, res_new=1.541333e-07
25 NLEPS (nconv=3, restart=1) residual norm 1.541333e-07
  Residual norms for GMRES solve
  0 (restart 0) KSP residual norm 8.912446e-13
GMRES solver converged in 0 iterations
   NLEPS Armijo backtracks=9, alpha=1.953e-03, res_new=1.541335e-07
26 NLEPS (nconv=3, restart=1) residual norm 1.541335e-07
  Residual norms for GMRES solve
  0 (restart 0) KSP residual norm 8.898861e-13
GMRES solver converged in 0 iterations
   NLEPS Armijo backtracks=7, alpha=7.812e-03, res_new=1.541333e-07
27 NLEPS (nconv=3, restart=1) residual norm 1.541333e-07
  Residual norms for GMRES solve
  0 (restart 0) KSP residual norm 8.911849e-13
GMRES solver converged in 0 iterations
   NLEPS Armijo backtracks=9, alpha=1.953e-03, res_new=1.541335e-07
28 NLEPS (nconv=3, restart=1) residual norm 1.541335e-07
  Residual norms for GMRES solve
  0 (restart 0) KSP residual norm 8.900097e-13
GMRES solver converged in 0 iterations
   NLEPS Armijo backtracks=7, alpha=7.812e-03, res_new=1.541333e-07
29 NLEPS (nconv=3, restart=1) residual norm 1.541333e-07
  Residual norms for GMRES solve
  0 (restart 0) KSP residual norm 8.910206e-13
GMRES solver converged in 0 iterations
   NLEPS Armijo backtracks=9, alpha=1.953e-03, res_new=1.541335e-07
30 NLEPS (nconv=3, restart=1) residual norm 1.541335e-07
  Residual norms for GMRES solve
  0 (restart 0) KSP residual norm 8.899087e-13
GMRES solver converged in 0 iterations
   NLEPS Armijo backtracks=7, alpha=7.812e-03, res_new=1.541333e-07
31 NLEPS (nconv=3, restart=1) residual norm 1.541333e-07
  Residual norms for GMRES solve
  0 (restart 0) KSP residual norm 8.910525e-13
GMRES solver converged in 0 iterations
   NLEPS Armijo backtracks=9, alpha=1.953e-03, res_new=1.541335e-07
32 NLEPS (nconv=3, restart=1) residual norm 1.541335e-07
  Residual norms for GMRES solve
  0 (restart 0) KSP residual norm 8.899704e-13
GMRES solver converged in 0 iterations
   NLEPS Armijo backtracks=7, alpha=7.812e-03, res_new=1.541333e-07
33 NLEPS (nconv=3, restart=1) residual norm 1.541333e-07
  Residual norms for GMRES solve
  0 (restart 0) KSP residual norm 8.909951e-13
GMRES solver converged in 0 iterations
   NLEPS Armijo backtracks=9, alpha=1.953e-03, res_new=1.541335e-07
34 NLEPS (nconv=3, restart=1) residual norm 1.541335e-07
  Residual norms for GMRES solve
  0 (restart 0) KSP residual norm 8.899070e-13
GMRES solver converged in 0 iterations
   NLEPS Armijo backtracks=7, alpha=7.812e-03, res_new=1.541333e-07
35 NLEPS (nconv=3, restart=1) residual norm 1.541333e-07
  Residual norms for GMRES solve
  0 (restart 0) KSP residual norm 8.910531e-13
GMRES solver converged in 0 iterations
   NLEPS Armijo backtracks=9, alpha=1.953e-03, res_new=1.541335e-07
36 NLEPS (nconv=3, restart=1) residual norm 1.541335e-07
  Residual norms for GMRES solve
  0 (restart 0) KSP residual norm 8.898720e-13
GMRES solver converged in 0 iterations
   NLEPS Armijo backtracks=7, alpha=7.812e-03, res_new=1.541333e-07
37 NLEPS (nconv=3, restart=1) residual norm 1.541333e-07
  Residual norms for GMRES solve
  0 (restart 0) KSP residual norm 8.910236e-13
GMRES solver converged in 0 iterations
   NLEPS Armijo backtracks=9, alpha=1.953e-03, res_new=1.541335e-07
38 NLEPS (nconv=3, restart=1) residual norm 1.541335e-07
  Residual norms for GMRES solve
  0 (restart 0) KSP residual norm 8.899642e-13
GMRES solver converged in 0 iterations
   NLEPS Armijo backtracks=7, alpha=7.812e-03, res_new=1.541333e-07
39 NLEPS (nconv=3, restart=1) residual norm 1.541333e-07
  Residual norms for GMRES solve
  0 (restart 0) KSP residual norm 8.909686e-13
GMRES solver converged in 0 iterations
   NLEPS Armijo backtracks=9, alpha=1.953e-03, res_new=1.541335e-07
40 NLEPS (nconv=3, restart=1) residual norm 1.541335e-07
  Residual norms for GMRES solve
  0 (restart 0) KSP residual norm 8.899508e-13
GMRES solver converged in 0 iterations
   NLEPS Armijo backtracks=7, alpha=7.812e-03, res_new=1.541333e-07
41 NLEPS (nconv=3, restart=1) residual norm 1.541333e-07
  Residual norms for GMRES solve
  0 (restart 0) KSP residual norm 8.910249e-13
GMRES solver converged in 0 iterations
   NLEPS Armijo backtracks=9, alpha=1.953e-03, res_new=1.541335e-07
42 NLEPS (nconv=3, restart=1) residual norm 1.541335e-07
  Residual norms for GMRES solve
  0 (restart 0) KSP residual norm 8.900297e-13
GMRES solver converged in 0 iterations
   NLEPS Armijo backtracks=7, alpha=7.812e-03, res_new=1.541333e-07
43 NLEPS (nconv=3, restart=1) residual norm 1.541333e-07
  Residual norms for GMRES solve
  0 (restart 0) KSP residual norm 8.909774e-13
GMRES solver converged in 0 iterations
   NLEPS Armijo backtracks=9, alpha=1.953e-03, res_new=1.541335e-07
44 NLEPS (nconv=3, restart=1) residual norm 1.541335e-07
  Residual norms for GMRES solve
  0 (restart 0) KSP residual norm 8.898961e-13
GMRES solver converged in 0 iterations
   NLEPS Armijo backtracks=7, alpha=7.812e-03, res_new=1.541333e-07
45 NLEPS (nconv=3, restart=1) residual norm 1.541333e-07
  Residual norms for GMRES solve
  0 (restart 0) KSP residual norm 8.908988e-13
GMRES solver converged in 0 iterations
   NLEPS Armijo backtracks=9, alpha=1.953e-03, res_new=1.541335e-07
46 NLEPS (nconv=3, restart=1) residual norm 1.541335e-07
  Residual norms for GMRES solve
  0 (restart 0) KSP residual norm 8.900021e-13
GMRES solver converged in 0 iterations
   NLEPS Armijo backtracks=7, alpha=7.812e-03, res_new=1.541333e-07
47 NLEPS (nconv=3, restart=1) residual norm 1.541333e-07
  Residual norms for GMRES solve
  0 (restart 0) KSP residual norm 8.909120e-13
GMRES solver converged in 0 iterations
   NLEPS Armijo backtracks=9, alpha=1.953e-03, res_new=1.541335e-07
48 NLEPS (nconv=3, restart=1) residual norm 1.541335e-07
  Residual norms for GMRES solve
  0 (restart 0) KSP residual norm 8.899675e-13
GMRES solver converged in 0 iterations
   NLEPS Armijo backtracks=7, alpha=7.812e-03, res_new=1.541333e-07
49 NLEPS (nconv=3, restart=1) residual norm 1.541333e-07
  Residual norms for GMRES solve
  0 (restart 0) KSP residual norm 8.909781e-13
GMRES solver converged in 0 iterations
   NLEPS Armijo backtracks=9, alpha=1.953e-03, res_new=1.541335e-07
50 NLEPS (nconv=3, restart=1) residual norm 1.541335e-07
  Residual norms for GMRES solve
  0 (restart 0) KSP residual norm 8.900040e-13
GMRES solver converged in 0 iterations
   NLEPS Armijo backtracks=7, alpha=7.812e-03, res_new=1.541333e-07
51 NLEPS (nconv=3, restart=1) residual norm 1.541333e-07
  Residual norms for GMRES solve
  0 (restart 0) KSP residual norm 8.909053e-13
GMRES solver converged in 0 iterations
   NLEPS Armijo backtracks=9, alpha=1.953e-03, res_new=1.541335e-07
52 NLEPS (nconv=3, restart=1) residual norm 1.541335e-07
  Residual norms for GMRES solve
  0 (restart 0) KSP residual norm 8.899629e-13
GMRES solver converged in 0 iterations
   NLEPS Armijo backtracks=7, alpha=7.812e-03, res_new=1.541333e-07
53 NLEPS (nconv=3, restart=1) residual norm 1.541333e-07
  Residual norms for GMRES solve
  0 (restart 0) KSP residual norm 8.908995e-13
GMRES solver converged in 0 iterations
   NLEPS Armijo backtracks=9, alpha=1.953e-03, res_new=1.541335e-07
54 NLEPS (nconv=3, restart=1) residual norm 1.541335e-07
  Residual norms for GMRES solve
  0 (restart 0) KSP residual norm 8.899997e-13
GMRES solver converged in 0 iterations
   NLEPS Armijo backtracks=7, alpha=7.812e-03, res_new=1.541333e-07
55 NLEPS (nconv=3, restart=1) residual norm 1.541333e-07
  Residual norms for GMRES solve
  0 (restart 0) KSP residual norm 8.909663e-13
GMRES solver converged in 0 iterations
   NLEPS Armijo backtracks=9, alpha=1.953e-03, res_new=1.541335e-07
56 NLEPS (nconv=3, restart=1) residual norm 1.541335e-07
  Residual norms for GMRES solve
  0 (restart 0) KSP residual norm 8.899976e-13
GMRES solver converged in 0 iterations
   NLEPS Armijo backtracks=7, alpha=7.812e-03, res_new=1.541333e-07
57 NLEPS (nconv=3, restart=1) residual norm 1.541333e-07
  Residual norms for GMRES solve
  0 (restart 0) KSP residual norm 8.909042e-13
GMRES solver converged in 0 iterations
   NLEPS Armijo backtracks=9, alpha=1.953e-03, res_new=1.541335e-07
58 NLEPS (nconv=3, restart=1) residual norm 1.541335e-07
  Residual norms for GMRES solve
  0 (restart 0) KSP residual norm 8.899000e-13
GMRES solver converged in 0 iterations
   NLEPS Armijo backtracks=7, alpha=7.812e-03, res_new=1.541333e-07
59 NLEPS (nconv=3, restart=1) residual norm 1.541333e-07
  Residual norms for GMRES solve
  0 (restart 0) KSP residual norm 8.909046e-13
GMRES solver converged in 0 iterations
   NLEPS Armijo backtracks=9, alpha=1.953e-03, res_new=1.541335e-07
60 NLEPS (nconv=3, restart=1) residual norm 1.541335e-07
  Residual norms for GMRES solve
  0 (restart 0) KSP residual norm 8.898957e-13
GMRES solver converged in 0 iterations
   NLEPS Armijo backtracks=7, alpha=7.812e-03, res_new=1.541333e-07
61 NLEPS (nconv=3, restart=1) residual norm 1.541333e-07
  Residual norms for GMRES solve
  0 (restart 0) KSP residual norm 8.909244e-13
GMRES solver converged in 0 iterations
   NLEPS Armijo backtracks=9, alpha=1.953e-03, res_new=1.541335e-07
62 NLEPS (nconv=3, restart=1) residual norm 1.541335e-07
  Residual norms for GMRES solve
  0 (restart 0) KSP residual norm 8.899996e-13
GMRES solver converged in 0 iterations
   NLEPS Armijo backtracks=7, alpha=7.812e-03, res_new=1.541333e-07
63 NLEPS (nconv=3, restart=1) residual norm 1.541333e-07
  Residual norms for GMRES solve
  0 (restart 0) KSP residual norm 8.910359e-13
GMRES solver converged in 0 iterations
   NLEPS Armijo backtracks=9, alpha=1.953e-03, res_new=1.541335e-07
64 NLEPS (nconv=3, restart=1) residual norm 1.541335e-07
  Residual norms for GMRES solve
  0 (restart 0) KSP residual norm 8.900314e-13
GMRES solver converged in 0 iterations
   NLEPS Armijo backtracks=7, alpha=7.812e-03, res_new=1.541333e-07
65 NLEPS (nconv=3, restart=1) residual norm 1.541333e-07
  Residual norms for GMRES solve
  0 (restart 0) KSP residual norm 8.910639e-13
GMRES solver converged in 0 iterations
   NLEPS Armijo backtracks=9, alpha=1.953e-03, res_new=1.541335e-07
66 NLEPS (nconv=3, restart=1) residual norm 1.541335e-07
  Residual norms for GMRES solve
  0 (restart 0) KSP residual norm 8.900383e-13
GMRES solver converged in 0 iterations
   NLEPS Armijo backtracks=7, alpha=7.812e-03, res_new=1.541333e-07
67 NLEPS (nconv=3, restart=1) residual norm 1.541333e-07
  Residual norms for GMRES solve
  0 (restart 0) KSP residual norm 8.909452e-13
GMRES solver converged in 0 iterations
   NLEPS Armijo backtracks=9, alpha=1.953e-03, res_new=1.541335e-07
68 NLEPS (nconv=3, restart=1) residual norm 1.541335e-07
  Residual norms for GMRES solve
  0 (restart 0) KSP residual norm 8.900361e-13
GMRES solver converged in 0 iterations
   NLEPS Armijo backtracks=7, alpha=7.812e-03, res_new=1.541333e-07
69 NLEPS (nconv=3, restart=1) residual norm 1.541333e-07
  Residual norms for GMRES solve
  0 (restart 0) KSP residual norm 8.909958e-13
GMRES solver converged in 0 iterations
   NLEPS Armijo backtracks=9, alpha=1.953e-03, res_new=1.541335e-07
70 NLEPS (nconv=3, restart=1) residual norm 1.541335e-07
  Residual norms for GMRES solve
  0 (restart 0) KSP residual norm 8.900312e-13
GMRES solver converged in 0 iterations
   NLEPS Armijo backtracks=7, alpha=7.812e-03, res_new=1.541333e-07
71 NLEPS (nconv=3, restart=1) residual norm 1.541333e-07
  Residual norms for GMRES solve
  0 (restart 0) KSP residual norm 8.910371e-13
GMRES solver converged in 0 iterations
   NLEPS Armijo backtracks=9, alpha=1.953e-03, res_new=1.541335e-07
72 NLEPS (nconv=3, restart=1) residual norm 1.541335e-07
  Residual norms for GMRES solve
  0 (restart 0) KSP residual norm 8.900619e-13
GMRES solver converged in 0 iterations
   NLEPS Armijo backtracks=7, alpha=7.812e-03, res_new=1.541333e-07
73 NLEPS (nconv=3, restart=1) residual norm 1.541333e-07
  Residual norms for GMRES solve
  0 (restart 0) KSP residual norm 8.910929e-13
GMRES solver converged in 0 iterations
   NLEPS Armijo backtracks=9, alpha=1.953e-03, res_new=1.541335e-07
74 NLEPS (nconv=3, restart=1) residual norm 1.541335e-07
  Residual norms for GMRES solve
  0 (restart 0) KSP residual norm 8.900223e-13
GMRES solver converged in 0 iterations
   NLEPS Armijo backtracks=7, alpha=7.812e-03, res_new=1.541333e-07
75 NLEPS (nconv=3, restart=1) residual norm 1.541333e-07
  Residual norms for GMRES solve
  0 (restart 0) KSP residual norm 8.910159e-13
GMRES solver converged in 0 iterations
   NLEPS Armijo backtracks=9, alpha=1.953e-03, res_new=1.541335e-07
76 NLEPS (nconv=3, restart=1) residual norm 1.541335e-07
  Residual norms for GMRES solve
  0 (restart 0) KSP residual norm 8.900033e-13
GMRES solver converged in 0 iterations
   NLEPS Armijo backtracks=7, alpha=7.812e-03, res_new=1.541333e-07
77 NLEPS (nconv=3, restart=1) residual norm 1.541333e-07
  Residual norms for GMRES solve
  0 (restart 0) KSP residual norm 8.910202e-13
GMRES solver converged in 0 iterations
   NLEPS Armijo backtracks=9, alpha=1.953e-03, res_new=1.541335e-07
78 NLEPS (nconv=3, restart=1) residual norm 1.541335e-07
  Residual norms for GMRES solve
  0 (restart 0) KSP residual norm 8.899948e-13
GMRES solver converged in 0 iterations
   NLEPS Armijo backtracks=7, alpha=7.812e-03, res_new=1.541333e-07
79 NLEPS (nconv=3, restart=1) residual norm 1.541333e-07
  Residual norms for GMRES solve
  0 (restart 0) KSP residual norm 8.909468e-13
GMRES solver converged in 0 iterations
   NLEPS Armijo backtracks=9, alpha=1.953e-03, res_new=1.541335e-07
80 NLEPS (nconv=3, restart=1) residual norm 1.541335e-07
  Residual norms for GMRES solve
  0 (restart 0) KSP residual norm 8.899550e-13
GMRES solver converged in 0 iterations
   NLEPS Armijo backtracks=7, alpha=7.812e-03, res_new=1.541333e-07
81 NLEPS (nconv=3, restart=1) residual norm 1.541333e-07
  Residual norms for GMRES solve
  0 (restart 0) KSP residual norm 8.909755e-13
GMRES solver converged in 0 iterations
   NLEPS Armijo backtracks=9, alpha=1.953e-03, res_new=1.541335e-07
82 NLEPS (nconv=3, restart=1) residual norm 1.541335e-07
  Residual norms for GMRES solve
  0 (restart 0) KSP residual norm 8.900258e-13
GMRES solver converged in 0 iterations
   NLEPS Armijo backtracks=7, alpha=7.812e-03, res_new=1.541333e-07
83 NLEPS (nconv=3, restart=1) residual norm 1.541333e-07
  Residual norms for GMRES solve
  0 (restart 0) KSP residual norm 8.908907e-13
GMRES solver converged in 0 iterations
   NLEPS Armijo backtracks=9, alpha=1.953e-03, res_new=1.541335e-07
84 NLEPS (nconv=3, restart=1) residual norm 1.541335e-07
  Residual norms for GMRES solve
  0 (restart 0) KSP residual norm 8.900374e-13
GMRES solver converged in 0 iterations
   NLEPS Armijo backtracks=7, alpha=7.812e-03, res_new=1.541333e-07
85 NLEPS (nconv=3, restart=1) residual norm 1.541333e-07
  Residual norms for GMRES solve
  0 (restart 0) KSP residual norm 8.909317e-13
GMRES solver converged in 0 iterations
   NLEPS Armijo backtracks=9, alpha=1.953e-03, res_new=1.541335e-07
86 NLEPS (nconv=3, restart=1) residual norm 1.541335e-07
  Residual norms for GMRES solve
  0 (restart 0) KSP residual norm 8.899695e-13
GMRES solver converged in 0 iterations
   NLEPS Armijo backtracks=7, alpha=7.812e-03, res_new=1.541333e-07
87 NLEPS (nconv=3, restart=1) residual norm 1.541333e-07
  Residual norms for GMRES solve
  0 (restart 0) KSP residual norm 8.909565e-13
GMRES solver converged in 0 iterations
   NLEPS Armijo backtracks=9, alpha=1.953e-03, res_new=1.541335e-07
88 NLEPS (nconv=3, restart=1) residual norm 1.541335e-07
  Residual norms for GMRES solve
  0 (restart 0) KSP residual norm 8.899225e-13
GMRES solver converged in 0 iterations
   NLEPS Armijo backtracks=7, alpha=7.812e-03, res_new=1.541333e-07
89 NLEPS (nconv=3, restart=1) residual norm 1.541333e-07
  Residual norms for GMRES solve
  0 (restart 0) KSP residual norm 8.910321e-13
GMRES solver converged in 0 iterations
   NLEPS Armijo backtracks=9, alpha=1.953e-03, res_new=1.541335e-07
90 NLEPS (nconv=3, restart=1) residual norm 1.541335e-07
  Residual norms for GMRES solve
  0 (restart 0) KSP residual norm 8.899647e-13
GMRES solver converged in 0 iterations
   NLEPS Armijo backtracks=7, alpha=7.812e-03, res_new=1.541333e-07
91 NLEPS (nconv=3, restart=1) residual norm 1.541333e-07
  Residual norms for GMRES solve
  0 (restart 0) KSP residual norm 8.911127e-13
GMRES solver converged in 0 iterations
   NLEPS Armijo backtracks=9, alpha=1.953e-03, res_new=1.541335e-07
92 NLEPS (nconv=3, restart=1) residual norm 1.541335e-07
  Residual norms for GMRES solve
  0 (restart 0) KSP residual norm 8.899152e-13
GMRES solver converged in 0 iterations
   NLEPS Armijo backtracks=7, alpha=7.812e-03, res_new=1.541333e-07
93 NLEPS (nconv=3, restart=1) residual norm 1.541333e-07
  Residual norms for GMRES solve
  0 (restart 0) KSP residual norm 8.909374e-13
GMRES solver converged in 0 iterations
   NLEPS Armijo backtracks=9, alpha=1.953e-03, res_new=1.541335e-07
94 NLEPS (nconv=3, restart=1) residual norm 1.541335e-07
  Residual norms for GMRES solve
  0 (restart 0) KSP residual norm 8.899106e-13
GMRES solver converged in 0 iterations
   NLEPS Armijo backtracks=7, alpha=7.812e-03, res_new=1.541333e-07
95 NLEPS (nconv=3, restart=1) residual norm 1.541333e-07
  Residual norms for GMRES solve
  0 (restart 0) KSP residual norm 8.909098e-13
GMRES solver converged in 0 iterations
   NLEPS Armijo backtracks=9, alpha=1.953e-03, res_new=1.541335e-07
96 NLEPS (nconv=3, restart=1) residual norm 1.541335e-07
  Residual norms for GMRES solve
  0 (restart 0) KSP residual norm 8.899398e-13
GMRES solver converged in 0 iterations
   NLEPS Armijo backtracks=7, alpha=7.812e-03, res_new=1.541333e-07
97 NLEPS (nconv=3, restart=1) residual norm 1.541333e-07
  Residual norms for GMRES solve
  0 (restart 0) KSP residual norm 8.909929e-13
GMRES solver converged in 0 iterations
   NLEPS Armijo backtracks=9, alpha=1.953e-03, res_new=1.541335e-07
98 NLEPS (nconv=3, restart=1) residual norm 1.541335e-07
  Residual norms for GMRES solve
  0 (restart 0) KSP residual norm 8.899864e-13
GMRES solver converged in 0 iterations
   NLEPS Armijo backtracks=7, alpha=7.812e-03, res_new=1.541333e-07
99 NLEPS (nconv=3, restart=1) residual norm 1.541333e-07
  Residual norms for GMRES solve
  0 (restart 0) KSP residual norm 8.908957e-13
GMRES solver converged in 0 iterations
   NLEPS Armijo backtracks=9, alpha=1.953e-03, res_new=1.541335e-07
100 NLEPS (nconv=3, restart=1) residual norm 1.541335e-07
  Residual norms for GMRES solve
  0 (restart 0) KSP residual norm 8.898919e-13
GMRES solver converged in 0 iterations
   NLEPS Armijo backtracks=7, alpha=7.812e-03, res_new=1.541333e-07
101 NLEPS (nconv=3, restart=1) residual norm 1.541333e-07
  Residual norms for GMRES solve
  0 (restart 0) KSP residual norm 8.908389e-13
GMRES solver converged in 0 iterations
   NLEPS Armijo backtracks=9, alpha=1.953e-03, res_new=1.541335e-07
102 NLEPS (nconv=3, restart=1) residual norm 1.541335e-07
  Residual norms for GMRES solve
  0 (restart 0) KSP residual norm 8.899870e-13
GMRES solver converged in 0 iterations
   NLEPS Armijo backtracks=7, alpha=7.812e-03, res_new=1.541333e-07
103 NLEPS (nconv=3, restart=1) residual norm 1.541333e-07
  Residual norms for GMRES solve
  0 (restart 0) KSP residual norm 8.909322e-13
GMRES solver converged in 0 iterations
   NLEPS Armijo backtracks=9, alpha=1.953e-03, res_new=1.541335e-07
104 NLEPS (nconv=3, restart=1) residual norm 1.541335e-07
  Residual norms for GMRES solve
  0 (restart 0) KSP residual norm 8.898881e-13
GMRES solver converged in 0 iterations
   NLEPS Armijo backtracks=7, alpha=7.812e-03, res_new=1.541333e-07
105 NLEPS (nconv=3, restart=1) residual norm 1.541333e-07
  Residual norms for GMRES solve
  0 (restart 0) KSP residual norm 8.909095e-13
GMRES solver converged in 0 iterations
   NLEPS Armijo backtracks=9, alpha=1.953e-03, res_new=1.541335e-07
106 NLEPS (nconv=3, restart=1) residual norm 1.541335e-07
  Residual norms for GMRES solve
  0 (restart 0) KSP residual norm 8.898709e-13
GMRES solver converged in 0 iterations
   NLEPS Armijo backtracks=7, alpha=7.812e-03, res_new=1.541333e-07
107 NLEPS (nconv=3, restart=1) residual norm 1.541333e-07
  Residual norms for GMRES solve
  0 (restart 0) KSP residual norm 8.908248e-13
GMRES solver converged in 0 iterations
   NLEPS Armijo backtracks=9, alpha=1.953e-03, res_new=1.541335e-07
108 NLEPS (nconv=3, restart=1) residual norm 1.541335e-07
  Residual norms for GMRES solve
  0 (restart 0) KSP residual norm 8.899432e-13
GMRES solver converged in 0 iterations
   NLEPS Armijo backtracks=7, alpha=7.812e-03, res_new=1.541333e-07
109 NLEPS (nconv=3, restart=1) residual norm 1.541333e-07
  Residual norms for GMRES solve
  0 (restart 0) KSP residual norm 8.909025e-13
GMRES solver converged in 0 iterations
   NLEPS Armijo backtracks=9, alpha=1.953e-03, res_new=1.541335e-07
110 NLEPS (nconv=3, restart=1) residual norm 1.541335e-07
  Residual norms for GMRES solve
  0 (restart 0) KSP residual norm 8.899447e-13
GMRES solver converged in 0 iterations
   NLEPS Armijo backtracks=7, alpha=7.812e-03, res_new=1.541333e-07
111 NLEPS (nconv=3, restart=1) residual norm 1.541333e-07
  Residual norms for GMRES solve
  0 (restart 0) KSP residual norm 8.908360e-13
GMRES solver converged in 0 iterations
   NLEPS Armijo backtracks=9, alpha=1.953e-03, res_new=1.541335e-07
112 NLEPS (nconv=3, restart=1) residual norm 1.541335e-07
  Residual norms for GMRES solve
  0 (restart 0) KSP residual norm 8.899250e-13
GMRES solver converged in 0 iterations
   NLEPS Armijo backtracks=7, alpha=7.812e-03, res_new=1.541333e-07
113 NLEPS (nconv=3, restart=1) residual norm 1.541333e-07
  Residual norms for GMRES solve
  0 (restart 0) KSP residual norm 8.908362e-13
GMRES solver converged in 0 iterations
   NLEPS Armijo backtracks=9, alpha=1.953e-03, res_new=1.541335e-07
114 NLEPS (nconv=3, restart=1) residual norm 1.541335e-07
  Residual norms for GMRES solve
  0 (restart 0) KSP residual norm 8.898932e-13
GMRES solver converged in 0 iterations
   NLEPS Armijo backtracks=7, alpha=7.812e-03, res_new=1.541333e-07
115 NLEPS (nconv=3, restart=1) residual norm 1.541333e-07
  Residual norms for GMRES solve
  0 (restart 0) KSP residual norm 8.908734e-13
GMRES solver converged in 0 iterations
   NLEPS Armijo backtracks=9, alpha=1.953e-03, res_new=1.541335e-07
116 NLEPS (nconv=3, restart=1) residual norm 1.541335e-07
  Residual norms for GMRES solve
  0 (restart 0) KSP residual norm 8.898813e-13
GMRES solver converged in 0 iterations
   NLEPS Armijo backtracks=7, alpha=7.812e-03, res_new=1.541333e-07
117 NLEPS (nconv=3, restart=1) residual norm 1.541333e-07
  Residual norms for GMRES solve
  0 (restart 0) KSP residual norm 8.909422e-13
GMRES solver converged in 0 iterations
   NLEPS Armijo backtracks=9, alpha=1.953e-03, res_new=1.541335e-07
118 NLEPS (nconv=3, restart=1) residual norm 1.541335e-07
  Residual norms for GMRES solve
  0 (restart 0) KSP residual norm 8.898974e-13
GMRES solver converged in 0 iterations
   NLEPS Armijo backtracks=7, alpha=7.812e-03, res_new=1.541333e-07
119 NLEPS (nconv=3, restart=1) residual norm 1.541333e-07
  Residual norms for GMRES solve
  0 (restart 0) KSP residual norm 8.908148e-13
GMRES solver converged in 0 iterations
   NLEPS Armijo backtracks=9, alpha=1.953e-03, res_new=1.541335e-07
120 NLEPS (nconv=3, restart=1) residual norm 1.541335e-07
  Residual norms for GMRES solve
  0 (restart 0) KSP residual norm 8.898661e-13
GMRES solver converged in 0 iterations
   NLEPS Armijo backtracks=7, alpha=7.812e-03, res_new=1.541333e-07
121 NLEPS (nconv=3, restart=1) residual norm 1.541333e-07
  Residual norms for GMRES solve
  0 (restart 0) KSP residual norm 8.909252e-13
GMRES solver converged in 0 iterations
   NLEPS Armijo backtracks=9, alpha=1.953e-03, res_new=1.541335e-07
122 NLEPS (nconv=3, restart=1) residual norm 1.541335e-07
  Residual norms for GMRES solve
  0 (restart 0) KSP residual norm 8.898757e-13
GMRES solver converged in 0 iterations
   NLEPS Armijo backtracks=7, alpha=7.812e-03, res_new=1.541333e-07
123 NLEPS (nconv=3, restart=1) residual norm 1.541333e-07
  Residual norms for GMRES solve
  0 (restart 0) KSP residual norm 8.909098e-13
GMRES solver converged in 0 iterations
   NLEPS Armijo backtracks=9, alpha=1.953e-03, res_new=1.541335e-07
124 NLEPS (nconv=3, restart=1) residual norm 1.541335e-07
  Residual norms for GMRES solve
  0 (restart 0) KSP residual norm 8.899535e-13
GMRES solver converged in 0 iterations
   NLEPS Armijo backtracks=7, alpha=7.812e-03, res_new=1.541333e-07
125 NLEPS (nconv=3, restart=1) residual norm 1.541333e-07
  Residual norms for GMRES solve
  0 (restart 0) KSP residual norm 8.910134e-13
GMRES solver converged in 0 iterations
   NLEPS Armijo backtracks=9, alpha=1.953e-03, res_new=1.541335e-07
126 NLEPS (nconv=3, restart=1) residual norm 1.541335e-07
  Residual norms for GMRES solve
  0 (restart 0) KSP residual norm 8.898711e-13
GMRES solver converged in 0 iterations
   NLEPS Armijo backtracks=7, alpha=7.812e-03, res_new=1.541333e-07
127 NLEPS (nconv=3, restart=1) residual norm 1.541333e-07
  Residual norms for GMRES solve
  0 (restart 0) KSP residual norm 8.909871e-13
GMRES solver converged in 0 iterations
   NLEPS Armijo backtracks=9, alpha=1.953e-03, res_new=1.541335e-07
128 NLEPS (nconv=3, restart=1) residual norm 1.541335e-07
  Residual norms for GMRES solve
  0 (restart 0) KSP residual norm 8.898388e-13
GMRES solver converged in 0 iterations
   NLEPS Armijo backtracks=7, alpha=7.812e-03, res_new=1.541333e-07
129 NLEPS (nconv=3, restart=1) residual norm 1.541333e-07
  Residual norms for GMRES solve
  0 (restart 0) KSP residual norm 8.909101e-13
GMRES solver converged in 0 iterations
   NLEPS Armijo backtracks=9, alpha=1.953e-03, res_new=1.541335e-07
130 NLEPS (nconv=3, restart=1) residual norm 1.541335e-07
  Residual norms for GMRES solve
  0 (restart 0) KSP residual norm 8.897708e-13
GMRES solver converged in 0 iterations
   NLEPS Armijo backtracks=7, alpha=7.812e-03, res_new=1.541333e-07
131 NLEPS (nconv=3, restart=1) residual norm 1.541333e-07
  Residual norms for GMRES solve
  0 (restart 0) KSP residual norm 8.909900e-13
GMRES solver converged in 0 iterations
   NLEPS Armijo backtracks=9, alpha=1.953e-03, res_new=1.541335e-07
132 NLEPS (nconv=3, restart=1) residual norm 1.541335e-07
  Residual norms for GMRES solve
  0 (restart 0) KSP residual norm 8.897260e-13
GMRES solver converged in 0 iterations
   NLEPS Armijo backtracks=7, alpha=7.812e-03, res_new=1.541333e-07
133 NLEPS (nconv=3, restart=1) residual norm 1.541333e-07
  Residual norms for GMRES solve
  0 (restart 0) KSP residual norm 8.909941e-13
GMRES solver converged in 0 iterations
   NLEPS Armijo backtracks=9, alpha=1.953e-03, res_new=1.541335e-07
134 NLEPS (nconv=3, restart=1) residual norm 1.541335e-07
  Residual norms for GMRES solve
  0 (restart 0) KSP residual norm 8.897886e-13
GMRES solver converged in 0 iterations
   NLEPS Armijo backtracks=7, alpha=7.812e-03, res_new=1.541333e-07
135 NLEPS (nconv=3, restart=1) residual norm 1.541333e-07
  Residual norms for GMRES solve
  0 (restart 0) KSP residual norm 8.909895e-13
GMRES solver converged in 0 iterations
   NLEPS Armijo backtracks=9, alpha=1.953e-03, res_new=1.541335e-07
136 NLEPS (nconv=3, restart=1) residual norm 1.541335e-07
  Residual norms for GMRES solve
  0 (restart 0) KSP residual norm 8.898297e-13
GMRES solver converged in 0 iterations
   NLEPS Armijo backtracks=7, alpha=7.812e-03, res_new=1.541333e-07
137 NLEPS (nconv=3, restart=1) residual norm 1.541333e-07
  Residual norms for GMRES solve
  0 (restart 0) KSP residual norm 8.908484e-13
GMRES solver converged in 0 iterations
   NLEPS Armijo backtracks=9, alpha=1.953e-03, res_new=1.541335e-07
138 NLEPS (nconv=3, restart=1) residual norm 1.541335e-07
  Residual norms for GMRES solve
  0 (restart 0) KSP residual norm 8.897960e-13
GMRES solver converged in 0 iterations
   NLEPS Armijo backtracks=7, alpha=7.812e-03, res_new=1.541333e-07
139 NLEPS (nconv=3, restart=1) residual norm 1.541333e-07
  Residual norms for GMRES solve
  0 (restart 0) KSP residual norm 8.909344e-13
GMRES solver converged in 0 iterations
   NLEPS Armijo backtracks=9, alpha=1.953e-03, res_new=1.541335e-07
140 NLEPS (nconv=3, restart=1) residual norm 1.541335e-07
  Residual norms for GMRES solve
  0 (restart 0) KSP residual norm 8.897235e-13
GMRES solver converged in 0 iterations
   NLEPS Armijo backtracks=7, alpha=7.812e-03, res_new=1.541333e-07
141 NLEPS (nconv=3, restart=1) residual norm 1.541333e-07
  Residual norms for GMRES solve
  0 (restart 0) KSP residual norm 8.908321e-13
GMRES solver converged in 0 iterations
   NLEPS Armijo backtracks=9, alpha=1.953e-03, res_new=1.541335e-07
142 NLEPS (nconv=3, restart=1) residual norm 1.541335e-07
  Residual norms for GMRES solve
  0 (restart 0) KSP residual norm 8.898325e-13
GMRES solver converged in 0 iterations
   NLEPS Armijo backtracks=7, alpha=7.812e-03, res_new=1.541333e-07
143 NLEPS (nconv=3, restart=1) residual norm 1.541333e-07
  Residual norms for GMRES solve
  0 (restart 0) KSP residual norm 8.908211e-13
GMRES solver converged in 0 iterations
   NLEPS Armijo backtracks=9, alpha=1.953e-03, res_new=1.541335e-07
144 NLEPS (nconv=3, restart=1) residual norm 1.541335e-07
  Residual norms for GMRES solve
  0 (restart 0) KSP residual norm 8.898065e-13
GMRES solver converged in 0 iterations
   NLEPS Armijo backtracks=7, alpha=7.812e-03, res_new=1.541333e-07
145 NLEPS (nconv=3, restart=1) residual norm 1.541333e-07
  Residual norms for GMRES solve
  0 (restart 0) KSP residual norm 8.908658e-13
GMRES solver converged in 0 iterations
   NLEPS Armijo backtracks=9, alpha=1.953e-03, res_new=1.541335e-07
146 NLEPS (nconv=3, restart=1) residual norm 1.541335e-07
  Residual norms for GMRES solve
  0 (restart 0) KSP residual norm 8.898403e-13
GMRES solver converged in 0 iterations
   NLEPS Armijo backtracks=7, alpha=7.812e-03, res_new=1.541333e-07
147 NLEPS (nconv=3, restart=1) residual norm 1.541333e-07
  Residual norms for GMRES solve
  0 (restart 0) KSP residual norm 8.909449e-13
GMRES solver converged in 0 iterations
   NLEPS Armijo backtracks=9, alpha=1.953e-03, res_new=1.541335e-07
148 NLEPS (nconv=3, restart=1) residual norm 1.541335e-07
  Residual norms for GMRES solve
  0 (restart 0) KSP residual norm 8.898261e-13
GMRES solver converged in 0 iterations
   NLEPS Armijo backtracks=7, alpha=7.812e-03, res_new=1.541333e-07
149 NLEPS (nconv=3, restart=1) residual norm 1.541333e-07
  Residual norms for GMRES solve
  0 (restart 0) KSP residual norm 8.909343e-13
GMRES solver converged in 0 iterations
   NLEPS Armijo backtracks=9, alpha=1.953e-03, res_new=1.541335e-07
150 NLEPS (nconv=3, restart=1) residual norm 1.541335e-07
  Residual norms for GMRES solve
  0 (restart 0) KSP residual norm 8.897421e-13
GMRES solver converged in 0 iterations
   NLEPS Armijo backtracks=7, alpha=7.812e-03, res_new=1.541333e-07
151 NLEPS (nconv=3, restart=1) residual norm 1.541333e-07
  Residual norms for GMRES solve
  0 (restart 0) KSP residual norm 8.908897e-13
GMRES solver converged in 0 iterations
   NLEPS Armijo backtracks=9, alpha=1.953e-03, res_new=1.541335e-07
152 NLEPS (nconv=3, restart=1) residual norm 1.541335e-07
  Residual norms for GMRES solve
  0 (restart 0) KSP residual norm 8.897356e-13
GMRES solver converged in 0 iterations
   NLEPS Armijo backtracks=7, alpha=7.812e-03, res_new=1.541333e-07
153 NLEPS (nconv=3, restart=1) residual norm 1.541333e-07
  Residual norms for GMRES solve
  0 (restart 0) KSP residual norm 8.908213e-13
GMRES solver converged in 0 iterations
   NLEPS Armijo backtracks=9, alpha=1.953e-03, res_new=1.541335e-07
154 NLEPS (nconv=3, restart=1) residual norm 1.541335e-07
  Residual norms for GMRES solve
  0 (restart 0) KSP residual norm 8.897930e-13
GMRES solver converged in 0 iterations
   NLEPS Armijo backtracks=7, alpha=7.812e-03, res_new=1.541333e-07
155 NLEPS (nconv=3, restart=1) residual norm 1.541333e-07
  Residual norms for GMRES solve
  0 (restart 0) KSP residual norm 8.908047e-13
GMRES solver converged in 0 iterations
   NLEPS Armijo backtracks=9, alpha=1.953e-03, res_new=1.541335e-07
156 NLEPS (nconv=3, restart=1) residual norm 1.541335e-07
  Residual norms for GMRES solve
  0 (restart 0) KSP residual norm 8.897547e-13
GMRES solver converged in 0 iterations
   NLEPS Armijo backtracks=7, alpha=7.812e-03, res_new=1.541333e-07
157 NLEPS (nconv=3, restart=1) residual norm 1.541333e-07
  Residual norms for GMRES solve
  0 (restart 0) KSP residual norm 8.908184e-13
GMRES solver converged in 0 iterations
   NLEPS Armijo backtracks=9, alpha=1.953e-03, res_new=1.541335e-07
158 NLEPS (nconv=3, restart=1) residual norm 1.541335e-07
  Residual norms for GMRES solve
  0 (restart 0) KSP residual norm 8.896460e-13
GMRES solver converged in 0 iterations
   NLEPS Armijo backtracks=7, alpha=7.812e-03, res_new=1.541333e-07
159 NLEPS (nconv=3, restart=1) residual norm 1.541333e-07
  Residual norms for GMRES solve
  0 (restart 0) KSP residual norm 8.907616e-13
GMRES solver converged in 0 iterations
   NLEPS Armijo backtracks=9, alpha=1.953e-03, res_new=1.541335e-07
160 NLEPS (nconv=3, restart=1) residual norm 1.541335e-07
  Residual norms for GMRES solve
  0 (restart 0) KSP residual norm 8.896669e-13
GMRES solver converged in 0 iterations
   NLEPS Armijo backtracks=7, alpha=7.812e-03, res_new=1.541333e-07
161 NLEPS (nconv=3, restart=1) residual norm 1.541333e-07
  Residual norms for GMRES solve
  0 (restart 0) KSP residual norm 8.907889e-13
GMRES solver converged in 0 iterations
   NLEPS Armijo backtracks=9, alpha=1.953e-03, res_new=1.541335e-07
162 NLEPS (nconv=3, restart=1) residual norm 1.541335e-07
  Residual norms for GMRES solve
  0 (restart 0) KSP residual norm 8.896527e-13
GMRES solver converged in 0 iterations
   NLEPS Armijo backtracks=7, alpha=7.812e-03, res_new=1.541333e-07
163 NLEPS (nconv=3, restart=1) residual norm 1.541333e-07
  Residual norms for GMRES solve
  0 (restart 0) KSP residual norm 8.907910e-13
GMRES solver converged in 0 iterations
   NLEPS Armijo backtracks=9, alpha=1.953e-03, res_new=1.541335e-07
164 NLEPS (nconv=3, restart=1) residual norm 1.541335e-07
  Residual norms for GMRES solve
  0 (restart 0) KSP residual norm 8.897189e-13
GMRES solver converged in 0 iterations
   NLEPS Armijo backtracks=7, alpha=7.812e-03, res_new=1.541333e-07
165 NLEPS (nconv=3, restart=1) residual norm 1.541333e-07
  Residual norms for GMRES solve
  0 (restart 0) KSP residual norm 8.907974e-13
GMRES solver converged in 0 iterations
   NLEPS Armijo backtracks=9, alpha=1.953e-03, res_new=1.541335e-07
166 NLEPS (nconv=3, restart=1) residual norm 1.541335e-07
  Residual norms for GMRES solve
  0 (restart 0) KSP residual norm 8.897105e-13
GMRES solver converged in 0 iterations
   NLEPS Armijo backtracks=7, alpha=7.812e-03, res_new=1.541333e-07
167 NLEPS (nconv=3, restart=1) residual norm 1.541333e-07
  Residual norms for GMRES solve
  0 (restart 0) KSP residual norm 8.907636e-13
GMRES solver converged in 0 iterations
   NLEPS Armijo backtracks=9, alpha=1.953e-03, res_new=1.541335e-07
168 NLEPS (nconv=3, restart=1) residual norm 1.541335e-07
  Residual norms for GMRES solve
  0 (restart 0) KSP residual norm 8.897385e-13
GMRES solver converged in 0 iterations
   NLEPS Armijo backtracks=7, alpha=7.812e-03, res_new=1.541333e-07
169 NLEPS (nconv=3, restart=1) residual norm 1.541333e-07
  Residual norms for GMRES solve
  0 (restart 0) KSP residual norm 8.906104e-13
GMRES solver converged in 0 iterations
   NLEPS Armijo backtracks=9, alpha=1.953e-03, res_new=1.541335e-07
170 NLEPS (nconv=3, restart=1) residual norm 1.541335e-07
  Residual norms for GMRES solve
  0 (restart 0) KSP residual norm 8.897092e-13
GMRES solver converged in 0 iterations
   NLEPS Armijo backtracks=7, alpha=7.812e-03, res_new=1.541333e-07
171 NLEPS (nconv=3, restart=1) residual norm 1.541333e-07
  Residual norms for GMRES solve
  0 (restart 0) KSP residual norm 8.907242e-13
GMRES solver converged in 0 iterations
   NLEPS Armijo backtracks=9, alpha=1.953e-03, res_new=1.541335e-07
172 NLEPS (nconv=3, restart=1) residual norm 1.541335e-07
  Residual norms for GMRES solve
  0 (restart 0) KSP residual norm 8.897176e-13
GMRES solver converged in 0 iterations
   NLEPS Armijo backtracks=7, alpha=7.812e-03, res_new=1.541333e-07
173 NLEPS (nconv=3, restart=1) residual norm 1.541333e-07
  Residual norms for GMRES solve
  0 (restart 0) KSP residual norm 8.907452e-13
GMRES solver converged in 0 iterations
   NLEPS Armijo backtracks=9, alpha=1.953e-03, res_new=1.541335e-07
174 NLEPS (nconv=3, restart=1) residual norm 1.541335e-07
  Residual norms for GMRES solve
  0 (restart 0) KSP residual norm 8.897217e-13
GMRES solver converged in 0 iterations
   NLEPS Armijo backtracks=7, alpha=7.812e-03, res_new=1.541333e-07
175 NLEPS (nconv=3, restart=1) residual norm 1.541333e-07
  Residual norms for GMRES solve
  0 (restart 0) KSP residual norm 8.907335e-13
GMRES solver converged in 0 iterations
   NLEPS Armijo backtracks=9, alpha=1.953e-03, res_new=1.541335e-07
176 NLEPS (nconv=3, restart=1) residual norm 1.541335e-07
  Residual norms for GMRES solve
  0 (restart 0) KSP residual norm 8.896552e-13
GMRES solver converged in 0 iterations
   NLEPS Armijo backtracks=7, alpha=7.812e-03, res_new=1.541333e-07
177 NLEPS (nconv=3, restart=1) residual norm 1.541333e-07
  Residual norms for GMRES solve
  0 (restart 0) KSP residual norm 8.906821e-13
GMRES solver converged in 0 iterations
   NLEPS Armijo backtracks=9, alpha=1.953e-03, res_new=1.541335e-07
178 NLEPS (nconv=3, restart=1) residual norm 1.541335e-07
  Residual norms for GMRES solve
  0 (restart 0) KSP residual norm 8.896619e-13
GMRES solver converged in 0 iterations
   NLEPS Armijo backtracks=7, alpha=7.812e-03, res_new=1.541333e-07
179 NLEPS (nconv=3, restart=1) residual norm 1.541333e-07
  Residual norms for GMRES solve
  0 (restart 0) KSP residual norm 8.908027e-13
GMRES solver converged in 0 iterations
   NLEPS Armijo backtracks=9, alpha=1.953e-03, res_new=1.541335e-07
180 NLEPS (nconv=3, restart=1) residual norm 1.541335e-07
  Residual norms for GMRES solve
  0 (restart 0) KSP residual norm 8.897760e-13
GMRES solver converged in 0 iterations
   NLEPS Armijo backtracks=7, alpha=7.812e-03, res_new=1.541333e-07
181 NLEPS (nconv=3, restart=1) residual norm 1.541333e-07
  Residual norms for GMRES solve
  0 (restart 0) KSP residual norm 8.907124e-13
GMRES solver converged in 0 iterations
   NLEPS Armijo backtracks=9, alpha=1.953e-03, res_new=1.541335e-07
182 NLEPS (nconv=3, restart=1) residual norm 1.541335e-07
  Residual norms for GMRES solve
  0 (restart 0) KSP residual norm 8.898124e-13
GMRES solver converged in 0 iterations
   NLEPS Armijo backtracks=7, alpha=7.812e-03, res_new=1.541333e-07
183 NLEPS (nconv=3, restart=1) residual norm 1.541333e-07
  Residual norms for GMRES solve
  0 (restart 0) KSP residual norm 8.907831e-13
GMRES solver converged in 0 iterations
   NLEPS Armijo backtracks=9, alpha=1.953e-03, res_new=1.541335e-07
184 NLEPS (nconv=3, restart=1) residual norm 1.541335e-07
  Residual norms for GMRES solve
  0 (restart 0) KSP residual norm 8.896957e-13
GMRES solver converged in 0 iterations
   NLEPS Armijo backtracks=7, alpha=7.812e-03, res_new=1.541333e-07
185 NLEPS (nconv=3, restart=1) residual norm 1.541333e-07
  Residual norms for GMRES solve
  0 (restart 0) KSP residual norm 8.906770e-13
GMRES solver converged in 0 iterations
   NLEPS Armijo backtracks=9, alpha=1.953e-03, res_new=1.541335e-07
186 NLEPS (nconv=3, restart=1) residual norm 1.541335e-07
  Residual norms for GMRES solve
  0 (restart 0) KSP residual norm 8.896499e-13
GMRES solver converged in 0 iterations
   NLEPS Armijo backtracks=7, alpha=7.812e-03, res_new=1.541333e-07
187 NLEPS (nconv=3, restart=1) residual norm 1.541333e-07
  Residual norms for GMRES solve
  0 (restart 0) KSP residual norm 8.906107e-13
GMRES solver converged in 0 iterations
   NLEPS Armijo backtracks=9, alpha=1.953e-03, res_new=1.541335e-07
188 NLEPS (nconv=3, restart=1) residual norm 1.541335e-07
  Residual norms for GMRES solve
  0 (restart 0) KSP residual norm 8.897130e-13
GMRES solver converged in 0 iterations
   NLEPS Armijo backtracks=7, alpha=7.812e-03, res_new=1.541333e-07
189 NLEPS (nconv=3, restart=1) residual norm 1.541333e-07
  Residual norms for GMRES solve
  0 (restart 0) KSP residual norm 8.906078e-13
GMRES solver converged in 0 iterations
   NLEPS Armijo backtracks=9, alpha=1.953e-03, res_new=1.541335e-07
190 NLEPS (nconv=3, restart=1) residual norm 1.541335e-07
  Residual norms for GMRES solve
  0 (restart 0) KSP residual norm 8.897996e-13
GMRES solver converged in 0 iterations
   NLEPS Armijo backtracks=7, alpha=7.812e-03, res_new=1.541333e-07
191 NLEPS (nconv=3, restart=1) residual norm 1.541333e-07
  Residual norms for GMRES solve
  0 (restart 0) KSP residual norm 8.905385e-13
GMRES solver converged in 0 iterations
   NLEPS Armijo backtracks=9, alpha=1.953e-03, res_new=1.541335e-07
192 NLEPS (nconv=3, restart=1) residual norm 1.541335e-07
  Residual norms for GMRES solve
  0 (restart 0) KSP residual norm 8.897107e-13
GMRES solver converged in 0 iterations
   NLEPS Armijo backtracks=7, alpha=7.812e-03, res_new=1.541333e-07
193 NLEPS (nconv=3, restart=1) residual norm 1.541333e-07
  Residual norms for GMRES solve
  0 (restart 0) KSP residual norm 8.906634e-13
GMRES solver converged in 0 iterations
   NLEPS Armijo backtracks=9, alpha=1.953e-03, res_new=1.541335e-07
194 NLEPS (nconv=3, restart=1) residual norm 1.541335e-07
  Residual norms for GMRES solve
  0 (restart 0) KSP residual norm 8.897031e-13
GMRES solver converged in 0 iterations
   NLEPS Armijo backtracks=7, alpha=7.812e-03, res_new=1.541333e-07
195 NLEPS (nconv=3, restart=1) residual norm 1.541333e-07
  Residual norms for GMRES solve
  0 (restart 0) KSP residual norm 8.907378e-13
GMRES solver converged in 0 iterations
   NLEPS Armijo backtracks=9, alpha=1.953e-03, res_new=1.541335e-07
196 NLEPS (nconv=3, restart=1) residual norm 1.541335e-07
  Residual norms for GMRES solve
  0 (restart 0) KSP residual norm 8.896726e-13
GMRES solver converged in 0 iterations
   NLEPS Armijo backtracks=7, alpha=7.812e-03, res_new=1.541333e-07
197 NLEPS (nconv=3, restart=1) residual norm 1.541333e-07
  Residual norms for GMRES solve
  0 (restart 0) KSP residual norm 8.906628e-13
GMRES solver converged in 0 iterations
   NLEPS Armijo backtracks=9, alpha=1.953e-03, res_new=1.541335e-07
198 NLEPS (nconv=3, restart=1) residual norm 1.541335e-07
  Residual norms for GMRES solve
  0 (restart 0) KSP residual norm 8.896047e-13
GMRES solver converged in 0 iterations
   NLEPS Armijo backtracks=7, alpha=7.812e-03, res_new=1.541333e-07
199 NLEPS (nconv=3, restart=1) residual norm 1.541333e-07
  Residual norms for GMRES solve
  0 (restart 0) KSP residual norm 8.906112e-13
GMRES solver converged in 0 iterations
   NLEPS Armijo backtracks=9, alpha=1.953e-03, res_new=1.541335e-07
Eigenvalue 3, Quasi-Newton did not converge in 200 iterations, restarting.
  Residual norms for GMRES solve
  0 (restart 0) KSP residual norm 3.178960e+01
  1 (restart 0) KSP residual norm 1.656523e+01
  2 (restart 0) KSP residual norm 2.414142e+00
  3 (restart 0) KSP residual norm 2.300792e+00
  4 (restart 0) KSP residual norm 1.377243e+00
  5 (restart 0) KSP residual norm 7.414274e-01
  6 (restart 0) KSP residual norm 4.777852e-01
  7 (restart 0) KSP residual norm 2.553769e-01
  8 (restart 0) KSP residual norm 9.120282e-02
  9 (restart 0) KSP residual norm 5.648383e-02
 10 (restart 0) KSP residual norm 5.351286e-02
 11 (restart 0) KSP residual norm 2.580223e-02
 12 (restart 0) KSP residual norm 2.313055e-02
 13 (restart 0) KSP residual norm 2.192830e-02
 14 (restart 0) KSP residual norm 2.177002e-02
 15 (restart 0) KSP residual norm 2.123944e-02
 16 (restart 0) KSP residual norm 2.031325e-02
 17 (restart 0) KSP residual norm 1.886913e-02
 18 (restart 0) KSP residual norm 1.835437e-02
 19 (restart 0) KSP residual norm 1.817462e-02
 20 (restart 0) KSP residual norm 1.809937e-02
 21 (restart 0) KSP residual norm 1.782194e-02
 22 (restart 0) KSP residual norm 1.747614e-02
 23 (restart 0) KSP residual norm 1.724710e-02
 24 (restart 0) KSP residual norm 1.655736e-02
 25 (restart 0) KSP residual norm 1.651824e-02
 26 (restart 0) KSP residual norm 1.629769e-02
 27 (restart 0) KSP residual norm 1.546334e-02
 28 (restart 0) KSP residual norm 1.509701e-02
 29 (restart 0) KSP residual norm 1.292968e-02
 30 (restart 0) KSP residual norm 1.107294e-02
 31 (restart 0) KSP residual norm 8.587696e-03
GMRES solver converged in 31 iterations (avg. reduction factor: 7.672e-01)
0 NLEPS (nconv=3, restart=2) residual norm 1.975914e-01
  Residual norms for GMRES solve
  0 (restart 0) KSP residual norm 2.074539e+01
  1 (restart 0) KSP residual norm 6.762779e+00
  2 (restart 0) KSP residual norm 3.361146e+00
  3 (restart 0) KSP residual norm 2.091542e+00
  4 (restart 0) KSP residual norm 2.058852e+00
  5 (restart 0) KSP residual norm 1.964487e+00
  6 (restart 0) KSP residual norm 9.261654e-01
  7 (restart 0) KSP residual norm 4.523160e-01
  8 (restart 0) KSP residual norm 4.075926e-01
  9 (restart 0) KSP residual norm 4.040782e-01
 10 (restart 0) KSP residual norm 4.015164e-01
 11 (restart 0) KSP residual norm 3.684153e-01
 12 (restart 0) KSP residual norm 2.579143e-01
 13 (restart 0) KSP residual norm 1.035186e-01
 14 (restart 0) KSP residual norm 3.467245e-02
 15 (restart 0) KSP residual norm 1.383635e-02
 16 (restart 0) KSP residual norm 6.039006e-03
GMRES solver converged in 16 iterations (avg. reduction factor: 6.012e-01)
1 NLEPS (nconv=3, restart=2) residual norm 3.730885e-03
  Residual norms for GMRES solve
  0 (restart 0) KSP residual norm 3.213457e-03
  1 (restart 0) KSP residual norm 3.178207e-03
  2 (restart 0) KSP residual norm 3.154439e-03
  3 (restart 0) KSP residual norm 3.946300e-04
  4 (restart 0) KSP residual norm 1.710256e-04
  5 (restart 0) KSP residual norm 1.332129e-04
  6 (restart 0) KSP residual norm 1.201151e-04
  7 (restart 0) KSP residual norm 1.018927e-04
  8 (restart 0) KSP residual norm 8.071222e-05
  9 (restart 0) KSP residual norm 7.359927e-05
 10 (restart 0) KSP residual norm 4.845382e-05
 11 (restart 0) KSP residual norm 4.311290e-05
 12 (restart 0) KSP residual norm 4.130744e-05
 13 (restart 0) KSP residual norm 3.942844e-05
 14 (restart 0) KSP residual norm 3.051241e-05
 15 (restart 0) KSP residual norm 2.231001e-05
 16 (restart 0) KSP residual norm 7.756786e-06
 17 (restart 0) KSP residual norm 3.300455e-06
 18 (restart 0) KSP residual norm 1.266734e-06
 19 (restart 0) KSP residual norm 8.682970e-07
GMRES solver converged in 19 iterations (avg. reduction factor: 6.489e-01)
2 NLEPS (nconv=3, restart=2) residual norm 1.598119e-03
  Residual norms for GMRES solve
  0 (restart 0) KSP residual norm 2.000462e-05
  1 (restart 0) KSP residual norm 1.990231e-05
  2 (restart 0) KSP residual norm 1.959115e-05
  3 (restart 0) KSP residual norm 2.389002e-06
  4 (restart 0) KSP residual norm 9.135538e-07
  5 (restart 0) KSP residual norm 6.062708e-07
  6 (restart 0) KSP residual norm 5.295538e-07
  7 (restart 0) KSP residual norm 4.982805e-07
  8 (restart 0) KSP residual norm 4.581297e-07
  9 (restart 0) KSP residual norm 4.269218e-07
 10 (restart 0) KSP residual norm 2.647623e-07
 11 (restart 0) KSP residual norm 1.779631e-07
 12 (restart 0) KSP residual norm 1.731374e-07
 13 (restart 0) KSP residual norm 1.692145e-07
 14 (restart 0) KSP residual norm 1.627863e-07
 15 (restart 0) KSP residual norm 1.599088e-07
 16 (restart 0) KSP residual norm 1.561826e-07
 17 (restart 0) KSP residual norm 1.502489e-07
 18 (restart 0) KSP residual norm 1.233513e-07
 19 (restart 0) KSP residual norm 1.053053e-07
 20 (restart 0) KSP residual norm 8.841135e-08
 21 (restart 0) KSP residual norm 6.700950e-08
 22 (restart 0) KSP residual norm 3.877545e-08
 23 (restart 0) KSP residual norm 2.698780e-08
 24 (restart 0) KSP residual norm 1.599884e-08
 25 (restart 0) KSP residual norm 1.064589e-08
 26 (restart 0) KSP residual norm 8.100031e-09
 27 (restart 0) KSP residual norm 6.569923e-09
 28 (restart 0) KSP residual norm 6.369524e-09
 29 (restart 0) KSP residual norm 6.354048e-09
 30 (restart 0) KSP residual norm 5.873984e-09
GMRES solver converged in 30 iterations (avg. reduction factor: 7.625e-01)
3 NLEPS (nconv=3, restart=2) residual norm 2.934890e-05
  Residual norms for GMRES solve
  0 (restart 0) KSP residual norm 3.270494e-07
  1 (restart 0) KSP residual norm 3.251213e-07
  2 (restart 0) KSP residual norm 3.195487e-07
  3 (restart 0) KSP residual norm 3.977377e-08
  4 (restart 0) KSP residual norm 1.260870e-08
  5 (restart 0) KSP residual norm 5.504133e-09
  6 (restart 0) KSP residual norm 3.535186e-09
  7 (restart 0) KSP residual norm 3.206167e-09
  8 (restart 0) KSP residual norm 3.192875e-09
  9 (restart 0) KSP residual norm 2.889298e-09
 10 (restart 0) KSP residual norm 2.695461e-09
 11 (restart 0) KSP residual norm 1.654450e-09
 12 (restart 0) KSP residual norm 1.472274e-09
 13 (restart 0) KSP residual norm 1.454197e-09
 14 (restart 0) KSP residual norm 1.265880e-09
 15 (restart 0) KSP residual norm 8.047577e-10
 16 (restart 0) KSP residual norm 7.518861e-10
 17 (restart 0) KSP residual norm 6.708339e-10
 18 (restart 0) KSP residual norm 5.024838e-10
 19 (restart 0) KSP residual norm 2.847455e-10
 20 (restart 0) KSP residual norm 1.496365e-10
 21 (restart 0) KSP residual norm 1.094386e-10
 22 (restart 0) KSP residual norm 8.883286e-11
 23 (restart 0) KSP residual norm 6.652042e-11
 24 (restart 0) KSP residual norm 5.003130e-11
 25 (restart 0) KSP residual norm 4.236585e-11
 26 (restart 0) KSP residual norm 3.609449e-11
 27 (restart 0) KSP residual norm 3.212674e-11
 28 (restart 0) KSP residual norm 3.008430e-11
 29 (restart 0) KSP residual norm 2.846262e-11
 30 (restart 0) KSP residual norm 2.768025e-11
 31 (restart 0) KSP residual norm 2.767613e-11
 32 (restart 0) KSP residual norm 2.716070e-11
 33 (restart 0) KSP residual norm 2.714841e-11
 34 (restart 0) KSP residual norm 2.712723e-11
 35 (restart 0) KSP residual norm 2.702715e-11
 36 (restart 0) KSP residual norm 2.696492e-11
 37 (restart 0) KSP residual norm 2.680334e-11
 38 (restart 0) KSP residual norm 2.673399e-11
 39 (restart 0) KSP residual norm 2.652860e-11
 40 (restart 0) KSP residual norm 2.629742e-11
 41 (restart 0) KSP residual norm 2.611447e-11
 42 (restart 0) KSP residual norm 2.601184e-11
 43 (restart 0) KSP residual norm 2.588454e-11
 44 (restart 0) KSP residual norm 2.581842e-11
 45 (restart 0) KSP residual norm 2.575577e-11
 46 (restart 0) KSP residual norm 2.558080e-11
 47 (restart 0) KSP residual norm 2.548422e-11
 48 (restart 0) KSP residual norm 2.509142e-11
 49 (restart 0) KSP residual norm 2.487030e-11
 50 (restart 0) KSP residual norm 2.337710e-11
 51 (restart 0) KSP residual norm 2.158874e-11
 52 (restart 0) KSP residual norm 1.867337e-11
 53 (restart 0) KSP residual norm 1.542903e-11
 54 (restart 0) KSP residual norm 1.191253e-11
 55 (restart 0) KSP residual norm 8.542054e-12
GMRES solver converged in 55 iterations (avg. reduction factor: 8.254e-01)
4 NLEPS (nconv=3, restart=2) residual norm 1.898871e-06
  Residual norms for GMRES solve
  0 (restart 0) KSP residual norm 2.526367e-10
  1 (restart 0) KSP residual norm 2.504270e-10
  2 (restart 0) KSP residual norm 2.487108e-10
  3 (restart 0) KSP residual norm 3.252977e-11
  4 (restart 0) KSP residual norm 1.441617e-11
  5 (restart 0) KSP residual norm 1.165702e-11
  6 (restart 0) KSP residual norm 8.753272e-12
  7 (restart 0) KSP residual norm 6.103228e-12
  8 (restart 0) KSP residual norm 5.534861e-12
  9 (restart 0) KSP residual norm 5.142527e-12
 10 (restart 0) KSP residual norm 3.449299e-12
 11 (restart 0) KSP residual norm 2.210623e-12
 12 (restart 0) KSP residual norm 1.947390e-12
 13 (restart 0) KSP residual norm 1.864916e-12
 14 (restart 0) KSP residual norm 1.709092e-12
 15 (restart 0) KSP residual norm 1.515516e-12
 16 (restart 0) KSP residual norm 1.515324e-12
 17 (restart 0) KSP residual norm 1.511226e-12
 18 (restart 0) KSP residual norm 1.509311e-12
 19 (restart 0) KSP residual norm 1.453015e-12
 20 (restart 0) KSP residual norm 1.381244e-12
 21 (restart 0) KSP residual norm 1.256477e-12
 22 (restart 0) KSP residual norm 1.071899e-12
 23 (restart 0) KSP residual norm 1.045655e-12
 24 (restart 0) KSP residual norm 1.030523e-12
 25 (restart 0) KSP residual norm 9.957088e-13
GMRES solver converged in 25 iterations (avg. reduction factor: 8.014e-01)
5 NLEPS (nconv=3, restart=2) residual norm 5.167313e-08
Eigenvalue 3, Quasi-Newton converged in 5 iterations (-1.261e-03+1.078e+01i).
  Residual norms for GMRES solve
  0 (restart 0) KSP residual norm 2.958991e+01
  1 (restart 0) KSP residual norm 1.936851e+00
  2 (restart 0) KSP residual norm 1.812436e+00
  3 (restart 0) KSP residual norm 1.765170e+00
  4 (restart 0) KSP residual norm 1.032519e+00
  5 (restart 0) KSP residual norm 1.009802e+00
  6 (restart 0) KSP residual norm 7.016849e-01
  7 (restart 0) KSP residual norm 6.498034e-01
  8 (restart 0) KSP residual norm 4.257997e-01
  9 (restart 0) KSP residual norm 2.489664e-01
 10 (restart 0) KSP residual norm 1.356715e-01
 11 (restart 0) KSP residual norm 8.215465e-02
 12 (restart 0) KSP residual norm 7.358288e-02
 13 (restart 0) KSP residual norm 5.835014e-02
 14 (restart 0) KSP residual norm 3.631560e-02
 15 (restart 0) KSP residual norm 3.195038e-02
 16 (restart 0) KSP residual norm 3.176577e-02
 17 (restart 0) KSP residual norm 3.174023e-02
 18 (restart 0) KSP residual norm 3.145096e-02
 19 (restart 0) KSP residual norm 3.063726e-02
 20 (restart 0) KSP residual norm 3.057515e-02
 21 (restart 0) KSP residual norm 3.003423e-02
 22 (restart 0) KSP residual norm 2.977114e-02
 23 (restart 0) KSP residual norm 2.972068e-02
 24 (restart 0) KSP residual norm 2.951701e-02
 25 (restart 0) KSP residual norm 2.913433e-02
 26 (restart 0) KSP residual norm 2.857707e-02
 27 (restart 0) KSP residual norm 2.440766e-02
 28 (restart 0) KSP residual norm 1.566092e-02
 29 (restart 0) KSP residual norm 7.724294e-03
GMRES solver converged in 29 iterations (avg. reduction factor: 7.524e-01)
0 NLEPS (nconv=4, restart=0) residual norm 1.786786e-01
  Residual norms for GMRES solve
  0 (restart 0) KSP residual norm 1.949724e+00
  1 (restart 0) KSP residual norm 6.932029e-01
  2 (restart 0) KSP residual norm 5.381275e-01
  3 (restart 0) KSP residual norm 5.309296e-01
  4 (restart 0) KSP residual norm 3.151482e-01
  5 (restart 0) KSP residual norm 3.147274e-01
  6 (restart 0) KSP residual norm 2.017157e-01
  7 (restart 0) KSP residual norm 1.474228e-01
  8 (restart 0) KSP residual norm 1.304304e-01
  9 (restart 0) KSP residual norm 1.300058e-01
 10 (restart 0) KSP residual norm 1.178889e-01
 11 (restart 0) KSP residual norm 1.115167e-01
 12 (restart 0) KSP residual norm 1.104080e-01
 13 (restart 0) KSP residual norm 9.186877e-02
 14 (restart 0) KSP residual norm 6.098297e-02
 15 (restart 0) KSP residual norm 3.326348e-02
 16 (restart 0) KSP residual norm 1.486372e-02
 17 (restart 0) KSP residual norm 9.080890e-03
 18 (restart 0) KSP residual norm 6.970869e-03
 19 (restart 0) KSP residual norm 6.324860e-03
 20 (restart 0) KSP residual norm 5.852533e-03
 21 (restart 0) KSP residual norm 5.835392e-03
 22 (restart 0) KSP residual norm 5.765132e-03
 23 (restart 0) KSP residual norm 5.637389e-03
 24 (restart 0) KSP residual norm 5.330773e-03
 25 (restart 0) KSP residual norm 5.301132e-03
 26 (restart 0) KSP residual norm 5.269931e-03
 27 (restart 0) KSP residual norm 5.237458e-03
 28 (restart 0) KSP residual norm 5.140137e-03
 29 (restart 0) KSP residual norm 4.610298e-03
 30 (restart 0) KSP residual norm 3.590666e-03
 31 (restart 0) KSP residual norm 1.814238e-03
 32 (restart 0) KSP residual norm 7.412151e-04
 33 (restart 0) KSP residual norm 3.888853e-04
GMRES solver converged in 33 iterations (avg. reduction factor: 7.725e-01)
1 NLEPS (nconv=4, restart=0) residual norm 3.622214e-03
  Residual norms for GMRES solve
  0 (restart 0) KSP residual norm 2.679352e-07
  1 (restart 0) KSP residual norm 1.809305e-07
  2 (restart 0) KSP residual norm 1.746289e-07
  3 (restart 0) KSP residual norm 1.169730e-07
  4 (restart 0) KSP residual norm 7.742313e-08
  5 (restart 0) KSP residual norm 6.968200e-08
  6 (restart 0) KSP residual norm 6.593934e-08
  7 (restart 0) KSP residual norm 5.665652e-08
  8 (restart 0) KSP residual norm 5.270188e-08
  9 (restart 0) KSP residual norm 4.788141e-08
 10 (restart 0) KSP residual norm 4.554967e-08
 11 (restart 0) KSP residual norm 4.444134e-08
 12 (restart 0) KSP residual norm 3.840078e-08
 13 (restart 0) KSP residual norm 3.645754e-08
 14 (restart 0) KSP residual norm 3.426444e-08
 15 (restart 0) KSP residual norm 2.979222e-08
 16 (restart 0) KSP residual norm 2.212959e-08
 17 (restart 0) KSP residual norm 1.600446e-08
 18 (restart 0) KSP residual norm 8.902182e-09
 19 (restart 0) KSP residual norm 7.634497e-09
 20 (restart 0) KSP residual norm 7.217540e-09
 21 (restart 0) KSP residual norm 7.198814e-09
 22 (restart 0) KSP residual norm 7.163587e-09
 23 (restart 0) KSP residual norm 7.059825e-09
 24 (restart 0) KSP residual norm 6.503984e-09
 25 (restart 0) KSP residual norm 6.189437e-09
 26 (restart 0) KSP residual norm 5.932163e-09
 27 (restart 0) KSP residual norm 5.562253e-09
 28 (restart 0) KSP residual norm 5.230018e-09
 29 (restart 0) KSP residual norm 4.962065e-09
 30 (restart 0) KSP residual norm 4.882269e-09
 31 (restart 0) KSP residual norm 4.777271e-09
 32 (restart 0) KSP residual norm 4.462485e-09
 33 (restart 0) KSP residual norm 4.050306e-09
 34 (restart 0) KSP residual norm 3.725663e-09
 35 (restart 0) KSP residual norm 3.481106e-09
 36 (restart 0) KSP residual norm 3.462145e-09
 37 (restart 0) KSP residual norm 3.366858e-09
 38 (restart 0) KSP residual norm 3.178985e-09
 39 (restart 0) KSP residual norm 3.066577e-09
 40 (restart 0) KSP residual norm 3.037795e-09
 41 (restart 0) KSP residual norm 2.961637e-09
 42 (restart 0) KSP residual norm 2.640203e-09
 43 (restart 0) KSP residual norm 2.048467e-09
 44 (restart 0) KSP residual norm 1.561248e-09
 45 (restart 0) KSP residual norm 1.104685e-09
 46 (restart 0) KSP residual norm 7.815301e-10
 47 (restart 0) KSP residual norm 5.541697e-10
 48 (restart 0) KSP residual norm 3.692575e-10
 49 (restart 0) KSP residual norm 2.408379e-10
 50 (restart 0) KSP residual norm 1.558246e-10
 51 (restart 0) KSP residual norm 9.904485e-11
 52 (restart 0) KSP residual norm 6.283403e-11
GMRES solver converged in 52 iterations (avg. reduction factor: 8.515e-01)
2 NLEPS (nconv=4, restart=0) residual norm 1.208951e-05
  Residual norms for GMRES solve
  0 (restart 0) KSP residual norm 2.314570e-08
  1 (restart 0) KSP residual norm 2.011149e-08
  2 (restart 0) KSP residual norm 1.524654e-08
  3 (restart 0) KSP residual norm 1.262516e-08
  4 (restart 0) KSP residual norm 9.559702e-09
  5 (restart 0) KSP residual norm 8.637810e-09
  6 (restart 0) KSP residual norm 8.037148e-09
  7 (restart 0) KSP residual norm 6.450962e-09
  8 (restart 0) KSP residual norm 4.623821e-09
  9 (restart 0) KSP residual norm 3.419035e-09
 10 (restart 0) KSP residual norm 2.411649e-09
 11 (restart 0) KSP residual norm 1.925314e-09
 12 (restart 0) KSP residual norm 1.708815e-09
 13 (restart 0) KSP residual norm 1.026997e-09
 14 (restart 0) KSP residual norm 6.865174e-10
 15 (restart 0) KSP residual norm 5.711332e-10
 16 (restart 0) KSP residual norm 4.815623e-10
 17 (restart 0) KSP residual norm 4.624432e-10
 18 (restart 0) KSP residual norm 4.616645e-10
 19 (restart 0) KSP residual norm 4.606692e-10
 20 (restart 0) KSP residual norm 4.596255e-10
 21 (restart 0) KSP residual norm 4.524082e-10
 22 (restart 0) KSP residual norm 4.459834e-10
 23 (restart 0) KSP residual norm 4.416254e-10
 24 (restart 0) KSP residual norm 4.398740e-10
 25 (restart 0) KSP residual norm 4.386402e-10
 26 (restart 0) KSP residual norm 4.334976e-10
 27 (restart 0) KSP residual norm 4.307135e-10
 28 (restart 0) KSP residual norm 4.234513e-10
 29 (restart 0) KSP residual norm 4.193304e-10
 30 (restart 0) KSP residual norm 4.042654e-10
 31 (restart 0) KSP residual norm 4.010380e-10
 32 (restart 0) KSP residual norm 3.924659e-10
 33 (restart 0) KSP residual norm 3.773166e-10
 34 (restart 0) KSP residual norm 3.443049e-10
 35 (restart 0) KSP residual norm 2.917996e-10
 36 (restart 0) KSP residual norm 2.453526e-10
 37 (restart 0) KSP residual norm 1.940449e-10
 38 (restart 0) KSP residual norm 1.486636e-10
 39 (restart 0) KSP residual norm 1.094200e-10
 40 (restart 0) KSP residual norm 7.830093e-11
 41 (restart 0) KSP residual norm 5.664450e-11
 42 (restart 0) KSP residual norm 3.633344e-11
 43 (restart 0) KSP residual norm 2.376850e-11
 44 (restart 0) KSP residual norm 1.679560e-11
 45 (restart 0) KSP residual norm 1.194080e-11
 46 (restart 0) KSP residual norm 8.488789e-12
 47 (restart 0) KSP residual norm 6.015833e-12
 48 (restart 0) KSP residual norm 4.285569e-12
 49 (restart 0) KSP residual norm 3.173449e-12
 50 (restart 0) KSP residual norm 2.234442e-12
 51 (restart 0) KSP residual norm 1.524232e-12
 52 (restart 0) KSP residual norm 1.031961e-12
 53 (restart 0) KSP residual norm 6.579903e-13
GMRES solver converged in 53 iterations (avg. reduction factor: 8.208e-01)
3 NLEPS (nconv=4, restart=0) residual norm 7.352435e-08
Eigenvalue 4, Quasi-Newton converged in 3 iterations (-2.631e-04+1.118e+01i).
  Residual norms for GMRES solve
  0 (restart 0) KSP residual norm 2.958474e+01
  1 (restart 0) KSP residual norm 1.919071e+00
  2 (restart 0) KSP residual norm 1.793267e+00
  3 (restart 0) KSP residual norm 1.757743e+00
  4 (restart 0) KSP residual norm 1.023876e+00
  5 (restart 0) KSP residual norm 9.934776e-01
  6 (restart 0) KSP residual norm 6.941738e-01
  7 (restart 0) KSP residual norm 6.531504e-01
  8 (restart 0) KSP residual norm 4.520252e-01
  9 (restart 0) KSP residual norm 2.789715e-01
 10 (restart 0) KSP residual norm 1.582256e-01
 11 (restart 0) KSP residual norm 9.909723e-02
 12 (restart 0) KSP residual norm 9.046603e-02
 13 (restart 0) KSP residual norm 6.933222e-02
 14 (restart 0) KSP residual norm 4.277068e-02
 15 (restart 0) KSP residual norm 3.786167e-02
 16 (restart 0) KSP residual norm 3.774302e-02
 17 (restart 0) KSP residual norm 3.613653e-02
 18 (restart 0) KSP residual norm 2.957246e-02
 19 (restart 0) KSP residual norm 2.082518e-02
 20 (restart 0) KSP residual norm 1.058406e-02
 21 (restart 0) KSP residual norm 7.684740e-03
GMRES solver converged in 21 iterations (avg. reduction factor: 6.749e-01)
0 NLEPS (nconv=5, restart=0) residual norm 1.496591e-01
  Residual norms for GMRES solve
  0 (restart 0) KSP residual norm 4.976779e+00
  1 (restart 0) KSP residual norm 3.287302e+00
  2 (restart 0) KSP residual norm 3.061355e+00
  3 (restart 0) KSP residual norm 2.993687e+00
  4 (restart 0) KSP residual norm 2.570074e+00
  5 (restart 0) KSP residual norm 9.575417e-01
  6 (restart 0) KSP residual norm 9.470557e-01
  7 (restart 0) KSP residual norm 7.512670e-01
  8 (restart 0) KSP residual norm 7.412814e-01
  9 (restart 0) KSP residual norm 7.245922e-01
 10 (restart 0) KSP residual norm 5.860740e-01
 11 (restart 0) KSP residual norm 4.541474e-01
 12 (restart 0) KSP residual norm 3.687055e-01
 13 (restart 0) KSP residual norm 3.131707e-01
 14 (restart 0) KSP residual norm 2.259682e-01
 15 (restart 0) KSP residual norm 1.935608e-01
 16 (restart 0) KSP residual norm 1.096135e-01
 17 (restart 0) KSP residual norm 5.120654e-02
 18 (restart 0) KSP residual norm 2.060319e-02
 19 (restart 0) KSP residual norm 6.718810e-03
 20 (restart 0) KSP residual norm 3.870469e-03
 21 (restart 0) KSP residual norm 2.466516e-03
 22 (restart 0) KSP residual norm 2.225282e-03
 23 (restart 0) KSP residual norm 2.215284e-03
 24 (restart 0) KSP residual norm 2.212074e-03
 25 (restart 0) KSP residual norm 2.205333e-03
 26 (restart 0) KSP residual norm 2.197451e-03
 27 (restart 0) KSP residual norm 2.197019e-03
 28 (restart 0) KSP residual norm 2.191748e-03
 29 (restart 0) KSP residual norm 2.175662e-03
 30 (restart 0) KSP residual norm 2.133208e-03
 31 (restart 0) KSP residual norm 2.052262e-03
 32 (restart 0) KSP residual norm 1.713020e-03
 33 (restart 0) KSP residual norm 1.271443e-03
GMRES solver converged in 33 iterations (avg. reduction factor: 7.783e-01)
1 NLEPS (nconv=5, restart=0) residual norm 2.517291e-03
  Residual norms for GMRES solve
  0 (restart 0) KSP residual norm 5.652233e-06
  1 (restart 0) KSP residual norm 5.523846e-06
  2 (restart 0) KSP residual norm 5.231585e-06
  3 (restart 0) KSP residual norm 4.884259e-06
  4 (restart 0) KSP residual norm 3.228170e-06
  5 (restart 0) KSP residual norm 2.734652e-06
  6 (restart 0) KSP residual norm 1.883941e-06
  7 (restart 0) KSP residual norm 1.446772e-06
  8 (restart 0) KSP residual norm 1.325301e-06
  9 (restart 0) KSP residual norm 1.050319e-06
 10 (restart 0) KSP residual norm 7.924237e-07
 11 (restart 0) KSP residual norm 5.431658e-07
 12 (restart 0) KSP residual norm 3.459974e-07
 13 (restart 0) KSP residual norm 2.319457e-07
 14 (restart 0) KSP residual norm 1.412485e-07
 15 (restart 0) KSP residual norm 1.155802e-07
 16 (restart 0) KSP residual norm 7.567280e-08
 17 (restart 0) KSP residual norm 6.888552e-08
 18 (restart 0) KSP residual norm 5.592534e-08
 19 (restart 0) KSP residual norm 5.158463e-08
 20 (restart 0) KSP residual norm 4.587197e-08
 21 (restart 0) KSP residual norm 4.271070e-08
 22 (restart 0) KSP residual norm 4.128647e-08
 23 (restart 0) KSP residual norm 4.073743e-08
 24 (restart 0) KSP residual norm 4.045481e-08
 25 (restart 0) KSP residual norm 3.997468e-08
 26 (restart 0) KSP residual norm 3.962246e-08
 27 (restart 0) KSP residual norm 3.899835e-08
 28 (restart 0) KSP residual norm 3.845796e-08
 29 (restart 0) KSP residual norm 3.814485e-08
 30 (restart 0) KSP residual norm 3.809585e-08
 31 (restart 0) KSP residual norm 3.803677e-08
 32 (restart 0) KSP residual norm 3.755323e-08
 33 (restart 0) KSP residual norm 3.690976e-08
 34 (restart 0) KSP residual norm 3.548474e-08
 35 (restart 0) KSP residual norm 3.370539e-08
 36 (restart 0) KSP residual norm 3.200121e-08
 37 (restart 0) KSP residual norm 3.017310e-08
 38 (restart 0) KSP residual norm 2.773836e-08
 39 (restart 0) KSP residual norm 2.494182e-08
 40 (restart 0) KSP residual norm 2.169923e-08
 41 (restart 0) KSP residual norm 1.741163e-08
 42 (restart 0) KSP residual norm 1.384420e-08
 43 (restart 0) KSP residual norm 8.783661e-09
 44 (restart 0) KSP residual norm 6.183840e-09
 45 (restart 0) KSP residual norm 4.209380e-09
 46 (restart 0) KSP residual norm 2.571401e-09
 47 (restart 0) KSP residual norm 1.581105e-09
GMRES solver converged in 47 iterations (avg. reduction factor: 8.402e-01)
2 NLEPS (nconv=5, restart=0) residual norm 8.322377e-05
  Residual norms for GMRES solve
  0 (restart 0) KSP residual norm 1.836207e-08
  1 (restart 0) KSP residual norm 1.757114e-08
  2 (restart 0) KSP residual norm 1.729943e-08
  3 (restart 0) KSP residual norm 1.718520e-08
  4 (restart 0) KSP residual norm 1.572611e-08
  5 (restart 0) KSP residual norm 1.542263e-08
  6 (restart 0) KSP residual norm 1.424912e-08
  7 (restart 0) KSP residual norm 1.340698e-08
  8 (restart 0) KSP residual norm 1.240288e-08
  9 (restart 0) KSP residual norm 1.192308e-08
 10 (restart 0) KSP residual norm 9.617467e-09
 11 (restart 0) KSP residual norm 7.195063e-09
 12 (restart 0) KSP residual norm 4.836677e-09
 13 (restart 0) KSP residual norm 3.209563e-09
 14 (restart 0) KSP residual norm 2.485248e-09
 15 (restart 0) KSP residual norm 2.218921e-09
 16 (restart 0) KSP residual norm 2.126910e-09
 17 (restart 0) KSP residual norm 2.098522e-09
 18 (restart 0) KSP residual norm 2.085651e-09
 19 (restart 0) KSP residual norm 2.065846e-09
 20 (restart 0) KSP residual norm 2.055428e-09
 21 (restart 0) KSP residual norm 2.054906e-09
 22 (restart 0) KSP residual norm 2.051624e-09
 23 (restart 0) KSP residual norm 2.021484e-09
 24 (restart 0) KSP residual norm 1.968771e-09
 25 (restart 0) KSP residual norm 1.867608e-09
 26 (restart 0) KSP residual norm 1.799648e-09
 27 (restart 0) KSP residual norm 1.769993e-09
 28 (restart 0) KSP residual norm 1.744142e-09
 29 (restart 0) KSP residual norm 1.582330e-09
 30 (restart 0) KSP residual norm 1.463766e-09
 31 (restart 0) KSP residual norm 1.411229e-09
 32 (restart 0) KSP residual norm 1.359236e-09
 33 (restart 0) KSP residual norm 1.339595e-09
 34 (restart 0) KSP residual norm 1.246326e-09
 35 (restart 0) KSP residual norm 1.091523e-09
 36 (restart 0) KSP residual norm 8.669512e-10
 37 (restart 0) KSP residual norm 6.373896e-10
 38 (restart 0) KSP residual norm 4.365389e-10
 39 (restart 0) KSP residual norm 3.190106e-10
 40 (restart 0) KSP residual norm 2.254268e-10
 41 (restart 0) KSP residual norm 1.642793e-10
 42 (restart 0) KSP residual norm 1.091802e-10
 43 (restart 0) KSP residual norm 7.237743e-11
 44 (restart 0) KSP residual norm 5.092269e-11
 45 (restart 0) KSP residual norm 3.544246e-11
 46 (restart 0) KSP residual norm 2.490468e-11
 47 (restart 0) KSP residual norm 1.744458e-11
 48 (restart 0) KSP residual norm 1.250990e-11
 49 (restart 0) KSP residual norm 9.170958e-12
 50 (restart 0) KSP residual norm 6.725748e-12
 51 (restart 0) KSP residual norm 4.852330e-12
 52 (restart 0) KSP residual norm 3.355897e-12
 53 (restart 0) KSP residual norm 2.331963e-12
 54 (restart 0) KSP residual norm 1.638567e-12
 55 (restart 0) KSP residual norm 1.125561e-12
GMRES solver converged in 55 iterations (avg. reduction factor: 8.383e-01)
3 NLEPS (nconv=5, restart=0) residual norm 1.072836e-07
  Residual norms for GMRES solve
  0 (restart 0) KSP residual norm 2.292783e-12
  1 (restart 0) KSP residual norm 1.837283e-12
  2 (restart 0) KSP residual norm 1.818243e-12
  3 (restart 0) KSP residual norm 1.813194e-12
  4 (restart 0) KSP residual norm 1.698702e-12
  5 (restart 0) KSP residual norm 1.661554e-12
  6 (restart 0) KSP residual norm 1.656292e-12
  7 (restart 0) KSP residual norm 1.596236e-12
  8 (restart 0) KSP residual norm 1.477873e-12
  9 (restart 0) KSP residual norm 1.289932e-12
 10 (restart 0) KSP residual norm 1.159481e-12
 11 (restart 0) KSP residual norm 1.127793e-12
 12 (restart 0) KSP residual norm 1.126744e-12
 13 (restart 0) KSP residual norm 1.123832e-12
 14 (restart 0) KSP residual norm 1.120360e-12
 15 (restart 0) KSP residual norm 1.115927e-12
 16 (restart 0) KSP residual norm 1.109253e-12
 17 (restart 0) KSP residual norm 1.099951e-12
 18 (restart 0) KSP residual norm 1.066134e-12
 19 (restart 0) KSP residual norm 1.023215e-12
 20 (restart 0) KSP residual norm 9.565004e-13
GMRES solver converged in 20 iterations (avg. reduction factor: 9.572e-01)
   NLEPS Armijo backtracks=3, alpha=1.250e-01, res_new=1.072591e-07
4 NLEPS (nconv=5, restart=0) residual norm 1.072591e-07
  Residual norms for GMRES solve
  0 (restart 0) KSP residual norm 2.088493e-12
  1 (restart 0) KSP residual norm 1.691444e-12
  2 (restart 0) KSP residual norm 1.640466e-12
  3 (restart 0) KSP residual norm 1.629201e-12
  4 (restart 0) KSP residual norm 1.546585e-12
  5 (restart 0) KSP residual norm 1.514241e-12
  6 (restart 0) KSP residual norm 1.509304e-12
  7 (restart 0) KSP residual norm 1.454570e-12
  8 (restart 0) KSP residual norm 1.337068e-12
  9 (restart 0) KSP residual norm 1.181616e-12
 10 (restart 0) KSP residual norm 1.099598e-12
 11 (restart 0) KSP residual norm 1.088461e-12
 12 (restart 0) KSP residual norm 1.085675e-12
 13 (restart 0) KSP residual norm 1.082479e-12
 14 (restart 0) KSP residual norm 1.079695e-12
 15 (restart 0) KSP residual norm 1.075648e-12
 16 (restart 0) KSP residual norm 1.070966e-12
 17 (restart 0) KSP residual norm 1.063072e-12
 18 (restart 0) KSP residual norm 1.036161e-12
 19 (restart 0) KSP residual norm 9.962850e-13
GMRES solver converged in 19 iterations (avg. reduction factor: 9.618e-01)
   NLEPS Armijo backtracks=9, alpha=1.953e-03, res_new=1.072849e-07
5 NLEPS (nconv=5, restart=0) residual norm 1.072849e-07
  Residual norms for GMRES solve
  0 (restart 0) KSP residual norm 2.086071e-12
  1 (restart 0) KSP residual norm 1.689695e-12
  2 (restart 0) KSP residual norm 1.638209e-12
  3 (restart 0) KSP residual norm 1.626946e-12
  4 (restart 0) KSP residual norm 1.544563e-12
  5 (restart 0) KSP residual norm 1.512252e-12
  6 (restart 0) KSP residual norm 1.507334e-12
  7 (restart 0) KSP residual norm 1.452740e-12
  8 (restart 0) KSP residual norm 1.335380e-12
  9 (restart 0) KSP residual norm 1.180460e-12
 10 (restart 0) KSP residual norm 1.099155e-12
 11 (restart 0) KSP residual norm 1.088173e-12
 12 (restart 0) KSP residual norm 1.085349e-12
 13 (restart 0) KSP residual norm 1.082129e-12
 14 (restart 0) KSP residual norm 1.079351e-12
 15 (restart 0) KSP residual norm 1.075330e-12
 16 (restart 0) KSP residual norm 1.070653e-12
 17 (restart 0) KSP residual norm 1.062790e-12
 18 (restart 0) KSP residual norm 1.035851e-12
 19 (restart 0) KSP residual norm 9.961207e-13
GMRES solver converged in 19 iterations (avg. reduction factor: 9.618e-01)
   NLEPS Armijo backtracks=9, alpha=1.953e-03, res_new=1.073107e-07
6 NLEPS (nconv=5, restart=0) residual norm 1.073107e-07
  Residual norms for GMRES solve
  0 (restart 0) KSP residual norm 2.083765e-12
  1 (restart 0) KSP residual norm 1.687954e-12
  2 (restart 0) KSP residual norm 1.635961e-12
  3 (restart 0) KSP residual norm 1.624683e-12
  4 (restart 0) KSP residual norm 1.542682e-12
  5 (restart 0) KSP residual norm 1.510503e-12
  6 (restart 0) KSP residual norm 1.505577e-12
  7 (restart 0) KSP residual norm 1.451051e-12
  8 (restart 0) KSP residual norm 1.333838e-12
  9 (restart 0) KSP residual norm 1.179379e-12
 10 (restart 0) KSP residual norm 1.098696e-12
 11 (restart 0) KSP residual norm 1.087840e-12
 12 (restart 0) KSP residual norm 1.085000e-12
 13 (restart 0) KSP residual norm 1.081765e-12
 14 (restart 0) KSP residual norm 1.078998e-12
 15 (restart 0) KSP residual norm 1.075016e-12
 16 (restart 0) KSP residual norm 1.070333e-12
 17 (restart 0) KSP residual norm 1.062488e-12
 18 (restart 0) KSP residual norm 1.035469e-12
 19 (restart 0) KSP residual norm 9.958747e-13
GMRES solver converged in 19 iterations (avg. reduction factor: 9.619e-01)
   NLEPS Armijo backtracks=9, alpha=1.953e-03, res_new=1.073364e-07
7 NLEPS (nconv=5, restart=0) residual norm 1.073364e-07
  Residual norms for GMRES solve
  0 (restart 0) KSP residual norm 2.081001e-12
  1 (restart 0) KSP residual norm 1.686326e-12
  2 (restart 0) KSP residual norm 1.633854e-12
  3 (restart 0) KSP residual norm 1.622396e-12
  4 (restart 0) KSP residual norm 1.540741e-12
  5 (restart 0) KSP residual norm 1.508672e-12
  6 (restart 0) KSP residual norm 1.503748e-12
  7 (restart 0) KSP residual norm 1.449336e-12
  8 (restart 0) KSP residual norm 1.332294e-12
  9 (restart 0) KSP residual norm 1.178280e-12
 10 (restart 0) KSP residual norm 1.098253e-12
 11 (restart 0) KSP residual norm 1.087545e-12
 12 (restart 0) KSP residual norm 1.084676e-12
 13 (restart 0) KSP residual norm 1.081423e-12
 14 (restart 0) KSP residual norm 1.078662e-12
 15 (restart 0) KSP residual norm 1.074697e-12
 16 (restart 0) KSP residual norm 1.070025e-12
 17 (restart 0) KSP residual norm 1.062219e-12
 18 (restart 0) KSP residual norm 1.035186e-12
 19 (restart 0) KSP residual norm 9.957212e-13
GMRES solver converged in 19 iterations (avg. reduction factor: 9.619e-01)
   NLEPS Armijo backtracks=9, alpha=1.953e-03, res_new=1.073621e-07
8 NLEPS (nconv=5, restart=0) residual norm 1.073621e-07
  Residual norms for GMRES solve
  0 (restart 0) KSP residual norm 2.078555e-12
  1 (restart 0) KSP residual norm 1.684610e-12
  2 (restart 0) KSP residual norm 1.631612e-12
  3 (restart 0) KSP residual norm 1.620082e-12
  4 (restart 0) KSP residual norm 1.538796e-12
  5 (restart 0) KSP residual norm 1.506849e-12
  6 (restart 0) KSP residual norm 1.501924e-12
  7 (restart 0) KSP residual norm 1.447639e-12
  8 (restart 0) KSP residual norm 1.330795e-12
  9 (restart 0) KSP residual norm 1.177216e-12
 10 (restart 0) KSP residual norm 1.097799e-12
 11 (restart 0) KSP residual norm 1.087242e-12
 12 (restart 0) KSP residual norm 1.084347e-12
 13 (restart 0) KSP residual norm 1.081081e-12
 14 (restart 0) KSP residual norm 1.078322e-12
 15 (restart 0) KSP residual norm 1.074372e-12
 16 (restart 0) KSP residual norm 1.069714e-12
 17 (restart 0) KSP residual norm 1.061943e-12
 18 (restart 0) KSP residual norm 1.034879e-12
 19 (restart 0) KSP residual norm 9.955304e-13
GMRES solver converged in 19 iterations (avg. reduction factor: 9.620e-01)
   NLEPS Armijo backtracks=9, alpha=1.953e-03, res_new=1.073877e-07
9 NLEPS (nconv=5, restart=0) residual norm 1.073877e-07
  Residual norms for GMRES solve
  0 (restart 0) KSP residual norm 2.076054e-12
  1 (restart 0) KSP residual norm 1.682953e-12
  2 (restart 0) KSP residual norm 1.629484e-12
  3 (restart 0) KSP residual norm 1.617886e-12
  4 (restart 0) KSP residual norm 1.536816e-12
  5 (restart 0) KSP residual norm 1.504894e-12
  6 (restart 0) KSP residual norm 1.499985e-12
  7 (restart 0) KSP residual norm 1.445792e-12
  8 (restart 0) KSP residual norm 1.329018e-12
  9 (restart 0) KSP residual norm 1.176006e-12
 10 (restart 0) KSP residual norm 1.097403e-12
 11 (restart 0) KSP residual norm 1.087005e-12
 12 (restart 0) KSP residual norm 1.084056e-12
 13 (restart 0) KSP residual norm 1.080754e-12
 14 (restart 0) KSP residual norm 1.078004e-12
 15 (restart 0) KSP residual norm 1.074082e-12
 16 (restart 0) KSP residual norm 1.069423e-12
 17 (restart 0) KSP residual norm 1.061680e-12
 18 (restart 0) KSP residual norm 1.034567e-12
 19 (restart 0) KSP residual norm 9.953463e-13
GMRES solver converged in 19 iterations (avg. reduction factor: 9.620e-01)
   NLEPS Armijo backtracks=9, alpha=1.953e-03, res_new=1.074132e-07
10 NLEPS (nconv=5, restart=0) residual norm 1.074132e-07
  Residual norms for GMRES solve
  0 (restart 0) KSP residual norm 2.073671e-12
  1 (restart 0) KSP residual norm 1.681366e-12
  2 (restart 0) KSP residual norm 1.627388e-12
  3 (restart 0) KSP residual norm 1.615738e-12
  4 (restart 0) KSP residual norm 1.535024e-12
  5 (restart 0) KSP residual norm 1.503183e-12
  6 (restart 0) KSP residual norm 1.498285e-12
  7 (restart 0) KSP residual norm 1.444231e-12
  8 (restart 0) KSP residual norm 1.327633e-12
  9 (restart 0) KSP residual norm 1.175051e-12
 10 (restart 0) KSP residual norm 1.096953e-12
 11 (restart 0) KSP residual norm 1.086656e-12
 12 (restart 0) KSP residual norm 1.083699e-12
 13 (restart 0) KSP residual norm 1.080391e-12
 14 (restart 0) KSP residual norm 1.077652e-12
 15 (restart 0) KSP residual norm 1.073756e-12
 16 (restart 0) KSP residual norm 1.069102e-12
 17 (restart 0) KSP residual norm 1.061381e-12
 18 (restart 0) KSP residual norm 1.034222e-12
 19 (restart 0) KSP residual norm 9.951303e-13
GMRES solver converged in 19 iterations (avg. reduction factor: 9.621e-01)
   NLEPS Armijo backtracks=9, alpha=1.953e-03, res_new=1.074386e-07
11 NLEPS (nconv=5, restart=0) residual norm 1.074386e-07
  Residual norms for GMRES solve
  0 (restart 0) KSP residual norm 2.071260e-12
  1 (restart 0) KSP residual norm 1.679637e-12
  2 (restart 0) KSP residual norm 1.625127e-12
  3 (restart 0) KSP residual norm 1.613430e-12
  4 (restart 0) KSP residual norm 1.533086e-12
  5 (restart 0) KSP residual norm 1.501324e-12
  6 (restart 0) KSP residual norm 1.496448e-12
  7 (restart 0) KSP residual norm 1.442467e-12
  8 (restart 0) KSP residual norm 1.325981e-12
  9 (restart 0) KSP residual norm 1.173911e-12
 10 (restart 0) KSP residual norm 1.096518e-12
 11 (restart 0) KSP residual norm 1.086366e-12
 12 (restart 0) KSP residual norm 1.083382e-12
 13 (restart 0) KSP residual norm 1.080047e-12
 14 (restart 0) KSP residual norm 1.077318e-12
 15 (restart 0) KSP residual norm 1.073450e-12
 16 (restart 0) KSP residual norm 1.068791e-12
 17 (restart 0) KSP residual norm 1.061096e-12
 18 (restart 0) KSP residual norm 1.033889e-12
 19 (restart 0) KSP residual norm 9.949304e-13
GMRES solver converged in 19 iterations (avg. reduction factor: 9.621e-01)
   NLEPS Armijo backtracks=9, alpha=1.953e-03, res_new=1.074640e-07
12 NLEPS (nconv=5, restart=0) residual norm 1.074640e-07
  Residual norms for GMRES solve
  0 (restart 0) KSP residual norm 2.068586e-12
  1 (restart 0) KSP residual norm 1.677997e-12
  2 (restart 0) KSP residual norm 1.622993e-12
  3 (restart 0) KSP residual norm 1.611222e-12
  4 (restart 0) KSP residual norm 1.531182e-12
  5 (restart 0) KSP residual norm 1.499529e-12
  6 (restart 0) KSP residual norm 1.494666e-12
  7 (restart 0) KSP residual norm 1.440798e-12
  8 (restart 0) KSP residual norm 1.324497e-12
  9 (restart 0) KSP residual norm 1.172846e-12
 10 (restart 0) KSP residual norm 1.096051e-12
 11 (restart 0) KSP residual norm 1.086026e-12
 12 (restart 0) KSP residual norm 1.083025e-12
 13 (restart 0) KSP residual norm 1.079681e-12
 14 (restart 0) KSP residual norm 1.076957e-12
 15 (restart 0) KSP residual norm 1.073123e-12
 16 (restart 0) KSP residual norm 1.068469e-12
 17 (restart 0) KSP residual norm 1.060807e-12
 18 (restart 0) KSP residual norm 1.033564e-12
 19 (restart 0) KSP residual norm 9.947508e-13
GMRES solver converged in 19 iterations (avg. reduction factor: 9.622e-01)
   NLEPS Armijo backtracks=9, alpha=1.953e-03, res_new=1.074893e-07
13 NLEPS (nconv=5, restart=0) residual norm 1.074893e-07
  Residual norms for GMRES solve
  0 (restart 0) KSP residual norm 2.066017e-12
  1 (restart 0) KSP residual norm 1.676483e-12
  2 (restart 0) KSP residual norm 1.620962e-12
  3 (restart 0) KSP residual norm 1.609004e-12
  4 (restart 0) KSP residual norm 1.529343e-12
  5 (restart 0) KSP residual norm 1.497744e-12
  6 (restart 0) KSP residual norm 1.492894e-12
  7 (restart 0) KSP residual norm 1.439151e-12
  8 (restart 0) KSP residual norm 1.323021e-12
  9 (restart 0) KSP residual norm 1.171854e-12
 10 (restart 0) KSP residual norm 1.095653e-12
 11 (restart 0) KSP residual norm 1.085758e-12
 12 (restart 0) KSP residual norm 1.082724e-12
 13 (restart 0) KSP residual norm 1.079362e-12
 14 (restart 0) KSP residual norm 1.076645e-12
 15 (restart 0) KSP residual norm 1.072829e-12
 16 (restart 0) KSP residual norm 1.068184e-12
 17 (restart 0) KSP residual norm 1.060550e-12
 18 (restart 0) KSP residual norm 1.033281e-12
 19 (restart 0) KSP residual norm 9.945940e-13
GMRES solver converged in 19 iterations (avg. reduction factor: 9.623e-01)
   NLEPS Armijo backtracks=9, alpha=1.953e-03, res_new=1.075145e-07
14 NLEPS (nconv=5, restart=0) residual norm 1.075145e-07
  Residual norms for GMRES solve
  0 (restart 0) KSP residual norm 2.064032e-12
  1 (restart 0) KSP residual norm 1.674872e-12
  2 (restart 0) KSP residual norm 1.618800e-12
  3 (restart 0) KSP residual norm 1.606904e-12
  4 (restart 0) KSP residual norm 1.527536e-12
  5 (restart 0) KSP residual norm 1.496004e-12
  6 (restart 0) KSP residual norm 1.491176e-12
  7 (restart 0) KSP residual norm 1.437525e-12
  8 (restart 0) KSP residual norm 1.321483e-12
  9 (restart 0) KSP residual norm 1.170762e-12
 10 (restart 0) KSP residual norm 1.095225e-12
 11 (restart 0) KSP residual norm 1.085457e-12
 12 (restart 0) KSP residual norm 1.082399e-12
 13 (restart 0) KSP residual norm 1.079017e-12
 14 (restart 0) KSP residual norm 1.076311e-12
 15 (restart 0) KSP residual norm 1.072524e-12
 16 (restart 0) KSP residual norm 1.067877e-12
 17 (restart 0) KSP residual norm 1.060267e-12
 18 (restart 0) KSP residual norm 1.032944e-12
 19 (restart 0) KSP residual norm 9.943868e-13
GMRES solver converged in 19 iterations (avg. reduction factor: 9.623e-01)
   NLEPS Armijo backtracks=9, alpha=1.953e-03, res_new=1.075397e-07
15 NLEPS (nconv=5, restart=0) residual norm 1.075397e-07
  Residual norms for GMRES solve
  0 (restart 0) KSP residual norm 2.061443e-12
  1 (restart 0) KSP residual norm 1.673127e-12
  2 (restart 0) KSP residual norm 1.616533e-12
  3 (restart 0) KSP residual norm 1.604602e-12
  4 (restart 0) KSP residual norm 1.525623e-12
  5 (restart 0) KSP residual norm 1.494228e-12
  6 (restart 0) KSP residual norm 1.489398e-12
  7 (restart 0) KSP residual norm 1.435845e-12
  8 (restart 0) KSP residual norm 1.319991e-12
  9 (restart 0) KSP residual norm 1.169736e-12
 10 (restart 0) KSP residual norm 1.094774e-12
 11 (restart 0) KSP residual norm 1.085127e-12
 12 (restart 0) KSP residual norm 1.082046e-12
 13 (restart 0) KSP residual norm 1.078654e-12
 14 (restart 0) KSP residual norm 1.075958e-12
 15 (restart 0) KSP residual norm 1.072195e-12
 16 (restart 0) KSP residual norm 1.067557e-12
 17 (restart 0) KSP residual norm 1.059978e-12
 18 (restart 0) KSP residual norm 1.032625e-12
 19 (restart 0) KSP residual norm 9.942030e-13
GMRES solver converged in 19 iterations (avg. reduction factor: 9.623e-01)
   NLEPS Armijo backtracks=9, alpha=1.953e-03, res_new=1.075648e-07
16 NLEPS (nconv=5, restart=0) residual norm 1.075648e-07
  Residual norms for GMRES solve
  0 (restart 0) KSP residual norm 2.058800e-12
  1 (restart 0) KSP residual norm 1.671490e-12
  2 (restart 0) KSP residual norm 1.614378e-12
  3 (restart 0) KSP residual norm 1.602318e-12
  4 (restart 0) KSP residual norm 1.523694e-12
  5 (restart 0) KSP residual norm 1.492378e-12
  6 (restart 0) KSP residual norm 1.487550e-12
  7 (restart 0) KSP residual norm 1.434103e-12
  8 (restart 0) KSP residual norm 1.318445e-12
  9 (restart 0) KSP residual norm 1.168684e-12
 10 (restart 0) KSP residual norm 1.094341e-12
 11 (restart 0) KSP residual norm 1.084828e-12
 12 (restart 0) KSP residual norm 1.081721e-12
 13 (restart 0) KSP residual norm 1.078310e-12
 14 (restart 0) KSP residual norm 1.075621e-12
 15 (restart 0) KSP residual norm 1.071884e-12
 16 (restart 0) KSP residual norm 1.067250e-12
 17 (restart 0) KSP residual norm 1.059702e-12
 18 (restart 0) KSP residual norm 1.032309e-12
 19 (restart 0) KSP residual norm 9.940054e-13
GMRES solver converged in 19 iterations (avg. reduction factor: 9.624e-01)
   NLEPS Armijo backtracks=9, alpha=1.953e-03, res_new=1.075899e-07
17 NLEPS (nconv=5, restart=0) residual norm 1.075899e-07
  Residual norms for GMRES solve
  0 (restart 0) KSP residual norm 2.056087e-12
  1 (restart 0) KSP residual norm 1.670053e-12
  2 (restart 0) KSP residual norm 1.612441e-12
  3 (restart 0) KSP residual norm 1.600200e-12
  4 (restart 0) KSP residual norm 1.521950e-12
  5 (restart 0) KSP residual norm 1.490704e-12
  6 (restart 0) KSP residual norm 1.485896e-12
  7 (restart 0) KSP residual norm 1.432556e-12
  8 (restart 0) KSP residual norm 1.317006e-12
  9 (restart 0) KSP residual norm 1.167706e-12
 10 (restart 0) KSP residual norm 1.093925e-12
 11 (restart 0) KSP residual norm 1.084518e-12
 12 (restart 0) KSP residual norm 1.081392e-12
 13 (restart 0) KSP residual norm 1.077968e-12
 14 (restart 0) KSP residual norm 1.075290e-12
 15 (restart 0) KSP residual norm 1.071583e-12
 16 (restart 0) KSP residual norm 1.066949e-12
 17 (restart 0) KSP residual norm 1.059423e-12
 18 (restart 0) KSP residual norm 1.031992e-12
 19 (restart 0) KSP residual norm 9.938421e-13
GMRES solver converged in 19 iterations (avg. reduction factor: 9.625e-01)
   NLEPS Armijo backtracks=9, alpha=1.953e-03, res_new=1.076149e-07
18 NLEPS (nconv=5, restart=0) residual norm 1.076149e-07
  Residual norms for GMRES solve
  0 (restart 0) KSP residual norm 2.053478e-12
  1 (restart 0) KSP residual norm 1.668278e-12
  2 (restart 0) KSP residual norm 1.610145e-12
  3 (restart 0) KSP residual norm 1.597865e-12
  4 (restart 0) KSP residual norm 1.519983e-12
  5 (restart 0) KSP residual norm 1.488819e-12
  6 (restart 0) KSP residual norm 1.484040e-12
  7 (restart 0) KSP residual norm 1.430814e-12
  8 (restart 0) KSP residual norm 1.315442e-12
  9 (restart 0) KSP residual norm 1.166627e-12
 10 (restart 0) KSP residual norm 1.093530e-12
 11 (restart 0) KSP residual norm 1.084256e-12
 12 (restart 0) KSP residual norm 1.081088e-12
 13 (restart 0) KSP residual norm 1.077640e-12
 14 (restart 0) KSP residual norm 1.074967e-12
 15 (restart 0) KSP residual norm 1.071284e-12
 16 (restart 0) KSP residual norm 1.066656e-12
 17 (restart 0) KSP residual norm 1.059173e-12
 18 (restart 0) KSP residual norm 1.031720e-12
 19 (restart 0) KSP residual norm 9.937014e-13
GMRES solver converged in 19 iterations (avg. reduction factor: 9.625e-01)
   NLEPS Armijo backtracks=9, alpha=1.953e-03, res_new=1.076398e-07
19 NLEPS (nconv=5, restart=0) residual norm 1.076398e-07
  Residual norms for GMRES solve
  0 (restart 0) KSP residual norm 2.051456e-12
  1 (restart 0) KSP residual norm 1.666840e-12
  2 (restart 0) KSP residual norm 1.608171e-12
  3 (restart 0) KSP residual norm 1.595848e-12
  4 (restart 0) KSP residual norm 1.518187e-12
  5 (restart 0) KSP residual norm 1.487130e-12
  6 (restart 0) KSP residual norm 1.482325e-12
  7 (restart 0) KSP residual norm 1.429201e-12
  8 (restart 0) KSP residual norm 1.313995e-12
  9 (restart 0) KSP residual norm 1.165632e-12
 10 (restart 0) KSP residual norm 1.093091e-12
 11 (restart 0) KSP residual norm 1.083935e-12
 12 (restart 0) KSP residual norm 1.080749e-12
 13 (restart 0) KSP residual norm 1.077288e-12
 14 (restart 0) KSP residual norm 1.074626e-12
 15 (restart 0) KSP residual norm 1.070966e-12
 16 (restart 0) KSP residual norm 1.066339e-12
 17 (restart 0) KSP residual norm 1.058870e-12
 18 (restart 0) KSP residual norm 1.031359e-12
 19 (restart 0) KSP residual norm 9.934616e-13
GMRES solver converged in 19 iterations (avg. reduction factor: 9.626e-01)
   NLEPS Armijo backtracks=9, alpha=1.953e-03, res_new=1.076647e-07
20 NLEPS (nconv=5, restart=0) residual norm 1.076647e-07
  Residual norms for GMRES solve
  0 (restart 0) KSP residual norm 2.048950e-12
  1 (restart 0) KSP residual norm 1.665283e-12
  2 (restart 0) KSP residual norm 1.606093e-12
  3 (restart 0) KSP residual norm 1.593702e-12
  4 (restart 0) KSP residual norm 1.516331e-12
  5 (restart 0) KSP residual norm 1.485336e-12
  6 (restart 0) KSP residual norm 1.480555e-12
  7 (restart 0) KSP residual norm 1.427533e-12
  8 (restart 0) KSP residual norm 1.312453e-12
  9 (restart 0) KSP residual norm 1.164576e-12
 10 (restart 0) KSP residual norm 1.092678e-12
 11 (restart 0) KSP residual norm 1.083652e-12
 12 (restart 0) KSP residual norm 1.080436e-12
 13 (restart 0) KSP residual norm 1.076957e-12
 14 (restart 0) KSP residual norm 1.074300e-12
 15 (restart 0) KSP residual norm 1.070661e-12
 16 (restart 0) KSP residual norm 1.066041e-12
 17 (restart 0) KSP residual norm 1.058606e-12
 18 (restart 0) KSP residual norm 1.031074e-12
 19 (restart 0) KSP residual norm 9.932841e-13
GMRES solver converged in 19 iterations (avg. reduction factor: 9.626e-01)
   NLEPS Armijo backtracks=9, alpha=1.953e-03, res_new=1.076895e-07
21 NLEPS (nconv=5, restart=0) residual norm 1.076895e-07
  Residual norms for GMRES solve
  0 (restart 0) KSP residual norm 2.046403e-12
  1 (restart 0) KSP residual norm 1.663580e-12
  2 (restart 0) KSP residual norm 1.603856e-12
  3 (restart 0) KSP residual norm 1.591406e-12
  4 (restart 0) KSP residual norm 1.514352e-12
  5 (restart 0) KSP residual norm 1.483400e-12
  6 (restart 0) KSP residual norm 1.478651e-12
  7 (restart 0) KSP residual norm 1.425733e-12
  8 (restart 0) KSP residual norm 1.310824e-12
  9 (restart 0) KSP residual norm 1.163482e-12
 10 (restart 0) KSP residual norm 1.092269e-12
 11 (restart 0) KSP residual norm 1.083392e-12
 12 (restart 0) KSP residual norm 1.080133e-12
 13 (restart 0) KSP residual norm 1.076629e-12
 14 (restart 0) KSP residual norm 1.073974e-12
 15 (restart 0) KSP residual norm 1.070357e-12
 16 (restart 0) KSP residual norm 1.065741e-12
 17 (restart 0) KSP residual norm 1.058344e-12
 18 (restart 0) KSP residual norm 1.030783e-12
 19 (restart 0) KSP residual norm 9.931150e-13
GMRES solver converged in 19 iterations (avg. reduction factor: 9.627e-01)
   NLEPS Armijo backtracks=9, alpha=1.953e-03, res_new=1.077142e-07
22 NLEPS (nconv=5, restart=0) residual norm 1.077142e-07
  Residual norms for GMRES solve
  0 (restart 0) KSP residual norm 2.043982e-12
  1 (restart 0) KSP residual norm 1.662189e-12
  2 (restart 0) KSP residual norm 1.601919e-12
  3 (restart 0) KSP residual norm 1.589304e-12
  4 (restart 0) KSP residual norm 1.512677e-12
  5 (restart 0) KSP residual norm 1.481868e-12
  6 (restart 0) KSP residual norm 1.477092e-12
  7 (restart 0) KSP residual norm 1.424250e-12
  8 (restart 0) KSP residual norm 1.309484e-12
  9 (restart 0) KSP residual norm 1.162567e-12
 10 (restart 0) KSP residual norm 1.091857e-12
 11 (restart 0) KSP residual norm 1.083077e-12
 12 (restart 0) KSP residual norm 1.079803e-12
 13 (restart 0) KSP residual norm 1.076291e-12
 14 (restart 0) KSP residual norm 1.073650e-12
 15 (restart 0) KSP residual norm 1.070062e-12
 16 (restart 0) KSP residual norm 1.065450e-12
 17 (restart 0) KSP residual norm 1.058077e-12
 18 (restart 0) KSP residual norm 1.030481e-12
 19 (restart 0) KSP residual norm 9.929528e-13
GMRES solver converged in 19 iterations (avg. reduction factor: 9.627e-01)
   NLEPS Armijo backtracks=9, alpha=1.953e-03, res_new=1.077389e-07
23 NLEPS (nconv=5, restart=0) residual norm 1.077389e-07
  Residual norms for GMRES solve
  0 (restart 0) KSP residual norm 2.041975e-12
  1 (restart 0) KSP residual norm 1.660542e-12
  2 (restart 0) KSP residual norm 1.599731e-12
  3 (restart 0) KSP residual norm 1.587196e-12
  4 (restart 0) KSP residual norm 1.510803e-12
  5 (restart 0) KSP residual norm 1.480066e-12
  6 (restart 0) KSP residual norm 1.475308e-12
  7 (restart 0) KSP residual norm 1.422596e-12
  8 (restart 0) KSP residual norm 1.308033e-12
  9 (restart 0) KSP residual norm 1.161581e-12
 10 (restart 0) KSP residual norm 1.091434e-12
 11 (restart 0) KSP residual norm 1.082760e-12
 12 (restart 0) KSP residual norm 1.079465e-12
 13 (restart 0) KSP residual norm 1.075939e-12
 14 (restart 0) KSP residual norm 1.073309e-12
 15 (restart 0) KSP residual norm 1.069747e-12
 16 (restart 0) KSP residual norm 1.065135e-12
 17 (restart 0) KSP residual norm 1.057778e-12
 18 (restart 0) KSP residual norm 1.030124e-12
 19 (restart 0) KSP residual norm 9.927165e-13
GMRES solver converged in 19 iterations (avg. reduction factor: 9.628e-01)
   NLEPS Armijo backtracks=9, alpha=1.953e-03, res_new=1.077635e-07
24 NLEPS (nconv=5, restart=0) residual norm 1.077635e-07
  Residual norms for GMRES solve
  0 (restart 0) KSP residual norm 2.039176e-12
  1 (restart 0) KSP residual norm 1.658934e-12
  2 (restart 0) KSP residual norm 1.597592e-12
  3 (restart 0) KSP residual norm 1.584960e-12
  4 (restart 0) KSP residual norm 1.508959e-12
  5 (restart 0) KSP residual norm 1.478253e-12
  6 (restart 0) KSP residual norm 1.473543e-12
  7 (restart 0) KSP residual norm 1.420948e-12
  8 (restart 0) KSP residual norm 1.306497e-12
  9 (restart 0) KSP residual norm 1.160556e-12
 10 (restart 0) KSP residual norm 1.091012e-12
 11 (restart 0) KSP residual norm 1.082447e-12
 12 (restart 0) KSP residual norm 1.079128e-12
 13 (restart 0) KSP residual norm 1.075586e-12
 14 (restart 0) KSP residual norm 1.072967e-12
 15 (restart 0) KSP residual norm 1.069433e-12
 16 (restart 0) KSP residual norm 1.064824e-12
 17 (restart 0) KSP residual norm 1.057494e-12
 18 (restart 0) KSP residual norm 1.029812e-12
 19 (restart 0) KSP residual norm 9.925445e-13
GMRES solver converged in 19 iterations (avg. reduction factor: 9.628e-01)
   NLEPS Armijo backtracks=9, alpha=1.953e-03, res_new=1.077880e-07
25 NLEPS (nconv=5, restart=0) residual norm 1.077880e-07
  Residual norms for GMRES solve
  0 (restart 0) KSP residual norm 2.036405e-12
  1 (restart 0) KSP residual norm 1.657485e-12
  2 (restart 0) KSP residual norm 1.595628e-12
  3 (restart 0) KSP residual norm 1.582756e-12
  4 (restart 0) KSP residual norm 1.507171e-12
  5 (restart 0) KSP residual norm 1.476590e-12
  6 (restart 0) KSP residual norm 1.471872e-12
  7 (restart 0) KSP residual norm 1.419374e-12
  8 (restart 0) KSP residual norm 1.305104e-12
  9 (restart 0) KSP residual norm 1.159597e-12
 10 (restart 0) KSP residual norm 1.090619e-12
 11 (restart 0) KSP residual norm 1.082166e-12
 12 (restart 0) KSP residual norm 1.078818e-12
 13 (restart 0) KSP residual norm 1.075260e-12
 14 (restart 0) KSP residual norm 1.072648e-12
 15 (restart 0) KSP residual norm 1.069134e-12
 16 (restart 0) KSP residual norm 1.064532e-12
 17 (restart 0) KSP residual norm 1.057235e-12
 18 (restart 0) KSP residual norm 1.029531e-12
 19 (restart 0) KSP residual norm 9.923941e-13
GMRES solver converged in 19 iterations (avg. reduction factor: 9.629e-01)
   NLEPS Armijo backtracks=9, alpha=1.953e-03, res_new=1.078125e-07
26 NLEPS (nconv=5, restart=0) residual norm 1.078125e-07
  Residual norms for GMRES solve
  0 (restart 0) KSP residual norm 2.034081e-12
  1 (restart 0) KSP residual norm 1.655782e-12
  2 (restart 0) KSP residual norm 1.593394e-12
  3 (restart 0) KSP residual norm 1.580547e-12
  4 (restart 0) KSP residual norm 1.505196e-12
  5 (restart 0) KSP residual norm 1.474703e-12
  6 (restart 0) KSP residual norm 1.469970e-12
  7 (restart 0) KSP residual norm 1.417564e-12
  8 (restart 0) KSP residual norm 1.303489e-12
  9 (restart 0) KSP residual norm 1.158542e-12
 10 (restart 0) KSP residual norm 1.090217e-12
 11 (restart 0) KSP residual norm 1.081902e-12
 12 (restart 0) KSP residual norm 1.078510e-12
 13 (restart 0) KSP residual norm 1.074930e-12
 14 (restart 0) KSP residual norm 1.072323e-12
 15 (restart 0) KSP residual norm 1.068830e-12
 16 (restart 0) KSP residual norm 1.064235e-12
 17 (restart 0) KSP residual norm 1.056973e-12
 18 (restart 0) KSP residual norm 1.029249e-12
 19 (restart 0) KSP residual norm 9.922226e-13
GMRES solver converged in 19 iterations (avg. reduction factor: 9.629e-01)
   NLEPS Armijo backtracks=9, alpha=1.953e-03, res_new=1.078369e-07
27 NLEPS (nconv=5, restart=0) residual norm 1.078369e-07
  Residual norms for GMRES solve
  0 (restart 0) KSP residual norm 2.031540e-12
  1 (restart 0) KSP residual norm 1.654394e-12
  2 (restart 0) KSP residual norm 1.591478e-12
  3 (restart 0) KSP residual norm 1.578463e-12
  4 (restart 0) KSP residual norm 1.503453e-12
  5 (restart 0) KSP residual norm 1.473038e-12
  6 (restart 0) KSP residual norm 1.468328e-12
  7 (restart 0) KSP residual norm 1.416044e-12
  8 (restart 0) KSP residual norm 1.302128e-12
  9 (restart 0) KSP residual norm 1.157609e-12
 10 (restart 0) KSP residual norm 1.089824e-12
 11 (restart 0) KSP residual norm 1.081614e-12
 12 (restart 0) KSP residual norm 1.078200e-12
 13 (restart 0) KSP residual norm 1.074607e-12
 14 (restart 0) KSP residual norm 1.072006e-12
 15 (restart 0) KSP residual norm 1.068533e-12
 16 (restart 0) KSP residual norm 1.063945e-12
 17 (restart 0) KSP residual norm 1.056715e-12
 18 (restart 0) KSP residual norm 1.028974e-12
 19 (restart 0) KSP residual norm 9.920743e-13
GMRES solver converged in 19 iterations (avg. reduction factor: 9.630e-01)
   NLEPS Armijo backtracks=9, alpha=1.953e-03, res_new=1.078613e-07
28 NLEPS (nconv=5, restart=0) residual norm 1.078613e-07
  Residual norms for GMRES solve
  0 (restart 0) KSP residual norm 2.029491e-12
  1 (restart 0) KSP residual norm 1.652751e-12
  2 (restart 0) KSP residual norm 1.589279e-12
  3 (restart 0) KSP residual norm 1.576343e-12
  4 (restart 0) KSP residual norm 1.501630e-12
  5 (restart 0) KSP residual norm 1.471269e-12
  6 (restart 0) KSP residual norm 1.466573e-12
  7 (restart 0) KSP residual norm 1.414376e-12
  8 (restart 0) KSP residual norm 1.300549e-12
  9 (restart 0) KSP residual norm 1.156573e-12
 10 (restart 0) KSP residual norm 1.089418e-12
 11 (restart 0) KSP residual norm 1.081313e-12
 12 (restart 0) KSP residual norm 1.077870e-12
 13 (restart 0) KSP residual norm 1.074254e-12
 14 (restart 0) KSP residual norm 1.071668e-12
 15 (restart 0) KSP residual norm 1.068229e-12
 16 (restart 0) KSP residual norm 1.063630e-12
 17 (restart 0) KSP residual norm 1.056411e-12
 18 (restart 0) KSP residual norm 1.028594e-12
 19 (restart 0) KSP residual norm 9.918264e-13
GMRES solver converged in 19 iterations (avg. reduction factor: 9.630e-01)
   NLEPS Armijo backtracks=9, alpha=1.953e-03, res_new=1.078856e-07
29 NLEPS (nconv=5, restart=0) residual norm 1.078856e-07
  Residual norms for GMRES solve
  0 (restart 0) KSP residual norm 2.027084e-12
  1 (restart 0) KSP residual norm 1.651281e-12
  2 (restart 0) KSP residual norm 1.587270e-12
  3 (restart 0) KSP residual norm 1.574233e-12
  4 (restart 0) KSP residual norm 1.499855e-12
  5 (restart 0) KSP residual norm 1.469612e-12
  6 (restart 0) KSP residual norm 1.464903e-12
  7 (restart 0) KSP residual norm 1.412809e-12
  8 (restart 0) KSP residual norm 1.299215e-12
  9 (restart 0) KSP residual norm 1.155667e-12
 10 (restart 0) KSP residual norm 1.089010e-12
 11 (restart 0) KSP residual norm 1.081019e-12
 12 (restart 0) KSP residual norm 1.077552e-12
 13 (restart 0) KSP residual norm 1.073930e-12
 14 (restart 0) KSP residual norm 1.071349e-12
 15 (restart 0) KSP residual norm 1.067926e-12
 16 (restart 0) KSP residual norm 1.063341e-12
 17 (restart 0) KSP residual norm 1.056156e-12
 18 (restart 0) KSP residual norm 1.028325e-12
 19 (restart 0) KSP residual norm 9.916666e-13
GMRES solver converged in 19 iterations (avg. reduction factor: 9.631e-01)
   NLEPS Armijo backtracks=9, alpha=1.953e-03, res_new=1.079098e-07
30 NLEPS (nconv=5, restart=0) residual norm 1.079098e-07
  Residual norms for GMRES solve
  0 (restart 0) KSP residual norm 2.024510e-12
  1 (restart 0) KSP residual norm 1.649691e-12
  2 (restart 0) KSP residual norm 1.585152e-12
  3 (restart 0) KSP residual norm 1.572067e-12
  4 (restart 0) KSP residual norm 1.498024e-12
  5 (restart 0) KSP residual norm 1.467822e-12
  6 (restart 0) KSP residual norm 1.463157e-12
  7 (restart 0) KSP residual norm 1.411187e-12
  8 (restart 0) KSP residual norm 1.297751e-12
  9 (restart 0) KSP residual norm 1.154686e-12
 10 (restart 0) KSP residual norm 1.088603e-12
 11 (restart 0) KSP residual norm 1.080716e-12
 12 (restart 0) KSP residual norm 1.077221e-12
 13 (restart 0) KSP residual norm 1.073583e-12
 14 (restart 0) KSP residual norm 1.071013e-12
 15 (restart 0) KSP residual norm 1.067616e-12
 16 (restart 0) KSP residual norm 1.063034e-12
 17 (restart 0) KSP residual norm 1.055876e-12
 18 (restart 0) KSP residual norm 1.028020e-12
 19 (restart 0) KSP residual norm 9.914938e-13
GMRES solver converged in 19 iterations (avg. reduction factor: 9.631e-01)
   NLEPS Armijo backtracks=9, alpha=1.953e-03, res_new=1.079340e-07
31 NLEPS (nconv=5, restart=0) residual norm 1.079340e-07
  Residual norms for GMRES solve
  0 (restart 0) KSP residual norm 2.021992e-12
  1 (restart 0) KSP residual norm 1.648305e-12
  2 (restart 0) KSP residual norm 1.583232e-12
  3 (restart 0) KSP residual norm 1.569973e-12
  4 (restart 0) KSP residual norm 1.496275e-12
  5 (restart 0) KSP residual norm 1.466182e-12
  6 (restart 0) KSP residual norm 1.461512e-12
  7 (restart 0) KSP residual norm 1.409633e-12
  8 (restart 0) KSP residual norm 1.296308e-12
  9 (restart 0) KSP residual norm 1.153727e-12
 10 (restart 0) KSP residual norm 1.088230e-12
 11 (restart 0) KSP residual norm 1.080451e-12
 12 (restart 0) KSP residual norm 1.076925e-12
 13 (restart 0) KSP residual norm 1.073268e-12
 14 (restart 0) KSP residual norm 1.070707e-12
 15 (restart 0) KSP residual norm 1.067329e-12
 16 (restart 0) KSP residual norm 1.062750e-12
 17 (restart 0) KSP residual norm 1.055617e-12
 18 (restart 0) KSP residual norm 1.027732e-12
 19 (restart 0) KSP residual norm 9.913314e-13
GMRES solver converged in 19 iterations (avg. reduction factor: 9.632e-01)
   NLEPS Armijo backtracks=9, alpha=1.953e-03, res_new=1.079581e-07
32 NLEPS (nconv=5, restart=0) residual norm 1.079581e-07
  Residual norms for GMRES solve
  0 (restart 0) KSP residual norm 2.019668e-12
  1 (restart 0) KSP residual norm 1.646869e-12
  2 (restart 0) KSP residual norm 1.581216e-12
  3 (restart 0) KSP residual norm 1.567872e-12
  4 (restart 0) KSP residual norm 1.494561e-12
  5 (restart 0) KSP residual norm 1.464582e-12
  6 (restart 0) KSP residual norm 1.459905e-12
  7 (restart 0) KSP residual norm 1.408099e-12
  8 (restart 0) KSP residual norm 1.294957e-12
  9 (restart 0) KSP residual norm 1.152820e-12
 10 (restart 0) KSP residual norm 1.087831e-12
 11 (restart 0) KSP residual norm 1.080144e-12
 12 (restart 0) KSP residual norm 1.076601e-12
 13 (restart 0) KSP residual norm 1.072935e-12
 14 (restart 0) KSP residual norm 1.070385e-12
 15 (restart 0) KSP residual norm 1.067036e-12
 16 (restart 0) KSP residual norm 1.062461e-12
 17 (restart 0) KSP residual norm 1.055353e-12
 18 (restart 0) KSP residual norm 1.027440e-12
 19 (restart 0) KSP residual norm 9.911692e-13
GMRES solver converged in 19 iterations (avg. reduction factor: 9.632e-01)
   NLEPS Armijo backtracks=9, alpha=1.953e-03, res_new=1.079821e-07
33 NLEPS (nconv=5, restart=0) residual norm 1.079821e-07
  Residual norms for GMRES solve
  0 (restart 0) KSP residual norm 2.017100e-12
  1 (restart 0) KSP residual norm 1.645307e-12
  2 (restart 0) KSP residual norm 1.579145e-12
  3 (restart 0) KSP residual norm 1.565758e-12
  4 (restart 0) KSP residual norm 1.492728e-12
  5 (restart 0) KSP residual norm 1.462784e-12
  6 (restart 0) KSP residual norm 1.458143e-12
  7 (restart 0) KSP residual norm 1.406459e-12
  8 (restart 0) KSP residual norm 1.293483e-12
  9 (restart 0) KSP residual norm 1.151861e-12
 10 (restart 0) KSP residual norm 1.087429e-12
 11 (restart 0) KSP residual norm 1.079855e-12
 12 (restart 0) KSP residual norm 1.076284e-12
 13 (restart 0) KSP residual norm 1.072601e-12
 14 (restart 0) KSP residual norm 1.070058e-12
 15 (restart 0) KSP residual norm 1.066733e-12
 16 (restart 0) KSP residual norm 1.062158e-12
 17 (restart 0) KSP residual norm 1.055081e-12
 18 (restart 0) KSP residual norm 1.027133e-12
 19 (restart 0) KSP residual norm 9.909816e-13
GMRES solver converged in 19 iterations (avg. reduction factor: 9.633e-01)
   NLEPS Armijo backtracks=9, alpha=1.953e-03, res_new=1.080061e-07
34 NLEPS (nconv=5, restart=0) residual norm 1.080061e-07
  Residual norms for GMRES solve
  0 (restart 0) KSP residual norm 2.014971e-12
  1 (restart 0) KSP residual norm 1.643827e-12
  2 (restart 0) KSP residual norm 1.577102e-12
  3 (restart 0) KSP residual norm 1.563714e-12
  4 (restart 0) KSP residual norm 1.490942e-12
  5 (restart 0) KSP residual norm 1.461090e-12
  6 (restart 0) KSP residual norm 1.456450e-12
  7 (restart 0) KSP residual norm 1.404855e-12
  8 (restart 0) KSP residual norm 1.292008e-12
  9 (restart 0) KSP residual norm 1.150892e-12
 10 (restart 0) KSP residual norm 1.087064e-12
 11 (restart 0) KSP residual norm 1.079598e-12
 12 (restart 0) KSP residual norm 1.075991e-12
 13 (restart 0) KSP residual norm 1.072286e-12
 14 (restart 0) KSP residual norm 1.069752e-12
 15 (restart 0) KSP residual norm 1.066450e-12
 16 (restart 0) KSP residual norm 1.061878e-12
 17 (restart 0) KSP residual norm 1.054827e-12
 18 (restart 0) KSP residual norm 1.026864e-12
 19 (restart 0) KSP residual norm 9.908453e-13
GMRES solver converged in 19 iterations (avg. reduction factor: 9.633e-01)
   NLEPS Armijo backtracks=9, alpha=1.953e-03, res_new=1.080301e-07
35 NLEPS (nconv=5, restart=0) residual norm 1.080301e-07
  Residual norms for GMRES solve
  0 (restart 0) KSP residual norm 2.012372e-12
  1 (restart 0) KSP residual norm 1.642484e-12
  2 (restart 0) KSP residual norm 1.575209e-12
  3 (restart 0) KSP residual norm 1.561635e-12
  4 (restart 0) KSP residual norm 1.489255e-12
  5 (restart 0) KSP residual norm 1.459469e-12
  6 (restart 0) KSP residual norm 1.454856e-12
  7 (restart 0) KSP residual norm 1.403392e-12
  8 (restart 0) KSP residual norm 1.290753e-12
  9 (restart 0) KSP residual norm 1.150033e-12
 10 (restart 0) KSP residual norm 1.086649e-12
 11 (restart 0) KSP residual norm 1.079268e-12
 12 (restart 0) KSP residual norm 1.075650e-12
 13 (restart 0) KSP residual norm 1.071944e-12
 14 (restart 0) KSP residual norm 1.069420e-12
 15 (restart 0) KSP residual norm 1.066144e-12
 16 (restart 0) KSP residual norm 1.061577e-12
 17 (restart 0) KSP residual norm 1.054555e-12
 18 (restart 0) KSP residual norm 1.026560e-12
 19 (restart 0) KSP residual norm 9.906594e-13
GMRES solver converged in 19 iterations (avg. reduction factor: 9.634e-01)
   NLEPS Armijo backtracks=9, alpha=1.953e-03, res_new=1.080539e-07
36 NLEPS (nconv=5, restart=0) residual norm 1.080539e-07
  Residual norms for GMRES solve
  0 (restart 0) KSP residual norm 2.010008e-12
  1 (restart 0) KSP residual norm 1.640867e-12
  2 (restart 0) KSP residual norm 1.573035e-12
  3 (restart 0) KSP residual norm 1.559414e-12
  4 (restart 0) KSP residual norm 1.487376e-12
  5 (restart 0) KSP residual norm 1.457680e-12
  6 (restart 0) KSP residual norm 1.453053e-12
  7 (restart 0) KSP residual norm 1.401652e-12
  8 (restart 0) KSP residual norm 1.289161e-12
  9 (restart 0) KSP residual norm 1.149007e-12
 10 (restart 0) KSP residual norm 1.086308e-12
 11 (restart 0) KSP residual norm 1.079047e-12
 12 (restart 0) KSP residual norm 1.075373e-12
 13 (restart 0) KSP residual norm 1.071637e-12
 14 (restart 0) KSP residual norm 1.069121e-12
 15 (restart 0) KSP residual norm 1.065864e-12
 16 (restart 0) KSP residual norm 1.061302e-12
 17 (restart 0) KSP residual norm 1.054309e-12
 18 (restart 0) KSP residual norm 1.026295e-12
 19 (restart 0) KSP residual norm 9.905128e-13
GMRES solver converged in 19 iterations (avg. reduction factor: 9.634e-01)
   NLEPS Armijo backtracks=9, alpha=1.953e-03, res_new=1.080777e-07
37 NLEPS (nconv=5, restart=0) residual norm 1.080777e-07
  Residual norms for GMRES solve
  0 (restart 0) KSP residual norm 2.008079e-12
  1 (restart 0) KSP residual norm 1.639557e-12
  2 (restart 0) KSP residual norm 1.571151e-12
  3 (restart 0) KSP residual norm 1.557541e-12
  4 (restart 0) KSP residual norm 1.485770e-12
  5 (restart 0) KSP residual norm 1.456142e-12
  6 (restart 0) KSP residual norm 1.451533e-12
  7 (restart 0) KSP residual norm 1.400236e-12
  8 (restart 0) KSP residual norm 1.287909e-12
  9 (restart 0) KSP residual norm 1.148187e-12
 10 (restart 0) KSP residual norm 1.085910e-12
 11 (restart 0) KSP residual norm 1.078732e-12
 12 (restart 0) KSP residual norm 1.075050e-12
 13 (restart 0) KSP residual norm 1.071310e-12
 14 (restart 0) KSP residual norm 1.068804e-12
 15 (restart 0) KSP residual norm 1.065572e-12
 16 (restart 0) KSP residual norm 1.061009e-12
 17 (restart 0) KSP residual norm 1.054033e-12
 18 (restart 0) KSP residual norm 1.025974e-12
 19 (restart 0) KSP residual norm 9.903166e-13
GMRES solver converged in 19 iterations (avg. reduction factor: 9.635e-01)
   NLEPS Armijo backtracks=9, alpha=1.953e-03, res_new=1.081015e-07
38 NLEPS (nconv=5, restart=0) residual norm 1.081015e-07
  Residual norms for GMRES solve
  0 (restart 0) KSP residual norm 2.005114e-12
  1 (restart 0) KSP residual norm 1.637983e-12
  2 (restart 0) KSP residual norm 1.569083e-12
  3 (restart 0) KSP residual norm 1.555286e-12
  4 (restart 0) KSP residual norm 1.483813e-12
  5 (restart 0) KSP residual norm 1.454240e-12
  6 (restart 0) KSP residual norm 1.449647e-12
  7 (restart 0) KSP residual norm 1.398463e-12
  8 (restart 0) KSP residual norm 1.286314e-12
  9 (restart 0) KSP residual norm 1.147163e-12
 10 (restart 0) KSP residual norm 1.085537e-12
 11 (restart 0) KSP residual norm 1.078481e-12
 12 (restart 0) KSP residual norm 1.074750e-12
 13 (restart 0) KSP residual norm 1.070985e-12
 14 (restart 0) KSP residual norm 1.068486e-12
 15 (restart 0) KSP residual norm 1.065273e-12
 16 (restart 0) KSP residual norm 1.060717e-12
 17 (restart 0) KSP residual norm 1.053770e-12
 18 (restart 0) KSP residual norm 1.025690e-12
 19 (restart 0) KSP residual norm 9.901319e-13
GMRES solver converged in 19 iterations (avg. reduction factor: 9.635e-01)
   NLEPS Armijo backtracks=9, alpha=1.953e-03, res_new=1.081252e-07
39 NLEPS (nconv=5, restart=0) residual norm 1.081252e-07
  Residual norms for GMRES solve
  0 (restart 0) KSP residual norm 2.003381e-12
  1 (restart 0) KSP residual norm 1.636682e-12
  2 (restart 0) KSP residual norm 1.567185e-12
  3 (restart 0) KSP residual norm 1.553461e-12
  4 (restart 0) KSP residual norm 1.482214e-12
  5 (restart 0) KSP residual norm 1.452718e-12
  6 (restart 0) KSP residual norm 1.448137e-12
  7 (restart 0) KSP residual norm 1.397056e-12
  8 (restart 0) KSP residual norm 1.285040e-12
  9 (restart 0) KSP residual norm 1.146304e-12
 10 (restart 0) KSP residual norm 1.085163e-12
 11 (restart 0) KSP residual norm 1.078196e-12
 12 (restart 0) KSP residual norm 1.074443e-12
 13 (restart 0) KSP residual norm 1.070668e-12
 14 (restart 0) KSP residual norm 1.068176e-12
 15 (restart 0) KSP residual norm 1.064986e-12
 16 (restart 0) KSP residual norm 1.060436e-12
 17 (restart 0) KSP residual norm 1.053525e-12
 18 (restart 0) KSP residual norm 1.025441e-12
 19 (restart 0) KSP residual norm 9.900218e-13
GMRES solver converged in 19 iterations (avg. reduction factor: 9.636e-01)
   NLEPS Armijo backtracks=9, alpha=1.953e-03, res_new=1.081488e-07
40 NLEPS (nconv=5, restart=0) residual norm 1.081488e-07
  Residual norms for GMRES solve
  0 (restart 0) KSP residual norm 2.000606e-12
  1 (restart 0) KSP residual norm 1.635184e-12
  2 (restart 0) KSP residual norm 1.565157e-12
  3 (restart 0) KSP residual norm 1.551200e-12
  4 (restart 0) KSP residual norm 1.480325e-12
  5 (restart 0) KSP residual norm 1.450954e-12
  6 (restart 0) KSP residual norm 1.446362e-12
  7 (restart 0) KSP residual norm 1.395412e-12
  8 (restart 0) KSP residual norm 1.283615e-12
  9 (restart 0) KSP residual norm 1.145377e-12
 10 (restart 0) KSP residual norm 1.084790e-12
 11 (restart 0) KSP residual norm 1.077927e-12
 12 (restart 0) KSP residual norm 1.074137e-12
 13 (restart 0) KSP residual norm 1.070347e-12
 14 (restart 0) KSP residual norm 1.067864e-12
 15 (restart 0) KSP residual norm 1.064688e-12
 16 (restart 0) KSP residual norm 1.060146e-12
 17 (restart 0) KSP residual norm 1.053264e-12
 18 (restart 0) KSP residual norm 1.025161e-12
 19 (restart 0) KSP residual norm 9.898306e-13
GMRES solver converged in 19 iterations (avg. reduction factor: 9.636e-01)
   NLEPS Armijo backtracks=9, alpha=1.953e-03, res_new=1.081724e-07
41 NLEPS (nconv=5, restart=0) residual norm 1.081724e-07
  Residual norms for GMRES solve
  0 (restart 0) KSP residual norm 1.998463e-12
  1 (restart 0) KSP residual norm 1.633823e-12
  2 (restart 0) KSP residual norm 1.563236e-12
  3 (restart 0) KSP residual norm 1.549317e-12
  4 (restart 0) KSP residual norm 1.478791e-12
  5 (restart 0) KSP residual norm 1.449426e-12
  6 (restart 0) KSP residual norm 1.444882e-12
  7 (restart 0) KSP residual norm 1.394012e-12
  8 (restart 0) KSP residual norm 1.282396e-12
  9 (restart 0) KSP residual norm 1.144578e-12
 10 (restart 0) KSP residual norm 1.084395e-12
 11 (restart 0) KSP residual norm 1.077603e-12
 12 (restart 0) KSP residual norm 1.073807e-12
 13 (restart 0) KSP residual norm 1.070014e-12
 14 (restart 0) KSP residual norm 1.067544e-12
 15 (restart 0) KSP residual norm 1.064396e-12
 16 (restart 0) KSP residual norm 1.059855e-12
 17 (restart 0) KSP residual norm 1.052988e-12
 18 (restart 0) KSP residual norm 1.024860e-12
 19 (restart 0) KSP residual norm 9.896761e-13
GMRES solver converged in 19 iterations (avg. reduction factor: 9.637e-01)
   NLEPS Armijo backtracks=9, alpha=1.953e-03, res_new=1.081959e-07
42 NLEPS (nconv=5, restart=0) residual norm 1.081959e-07
  Residual norms for GMRES solve
  0 (restart 0) KSP residual norm 1.995904e-12
  1 (restart 0) KSP residual norm 1.632364e-12
  2 (restart 0) KSP residual norm 1.561244e-12
  3 (restart 0) KSP residual norm 1.547169e-12
  4 (restart 0) KSP residual norm 1.476964e-12
  5 (restart 0) KSP residual norm 1.447726e-12
  6 (restart 0) KSP residual norm 1.443172e-12
  7 (restart 0) KSP residual norm 1.392391e-12
  8 (restart 0) KSP residual norm 1.280897e-12
  9 (restart 0) KSP residual norm 1.143595e-12
 10 (restart 0) KSP residual norm 1.084037e-12
 11 (restart 0) KSP residual norm 1.077349e-12
 12 (restart 0) KSP residual norm 1.073514e-12
 13 (restart 0) KSP residual norm 1.069698e-12
 14 (restart 0) KSP residual norm 1.067236e-12
 15 (restart 0) KSP residual norm 1.064111e-12
 16 (restart 0) KSP residual norm 1.059574e-12
 17 (restart 0) KSP residual norm 1.052739e-12
 18 (restart 0) KSP residual norm 1.024584e-12
 19 (restart 0) KSP residual norm 9.895036e-13
GMRES solver converged in 19 iterations (avg. reduction factor: 9.637e-01)
   NLEPS Armijo backtracks=9, alpha=1.953e-03, res_new=1.082193e-07
43 NLEPS (nconv=5, restart=0) residual norm 1.082193e-07
  Residual norms for GMRES solve
  0 (restart 0) KSP residual norm 1.993653e-12
  1 (restart 0) KSP residual norm 1.630882e-12
  2 (restart 0) KSP residual norm 1.559177e-12
  3 (restart 0) KSP residual norm 1.545094e-12
  4 (restart 0) KSP residual norm 1.475295e-12
  5 (restart 0) KSP residual norm 1.446105e-12
  6 (restart 0) KSP residual norm 1.441572e-12
  7 (restart 0) KSP residual norm 1.390844e-12
  8 (restart 0) KSP residual norm 1.279517e-12
  9 (restart 0) KSP residual norm 1.142708e-12
 10 (restart 0) KSP residual norm 1.083662e-12
 11 (restart 0) KSP residual norm 1.077064e-12
 12 (restart 0) KSP residual norm 1.073201e-12
 13 (restart 0) KSP residual norm 1.069372e-12
 14 (restart 0) KSP residual norm 1.066925e-12
 15 (restart 0) KSP residual norm 1.063826e-12
 16 (restart 0) KSP residual norm 1.059285e-12
 17 (restart 0) KSP residual norm 1.052463e-12
 18 (restart 0) KSP residual norm 1.024254e-12
 19 (restart 0) KSP residual norm 9.893119e-13
GMRES solver converged in 19 iterations (avg. reduction factor: 9.638e-01)
   NLEPS Armijo backtracks=9, alpha=1.953e-03, res_new=1.082427e-07
44 NLEPS (nconv=5, restart=0) residual norm 1.082427e-07
  Residual norms for GMRES solve
  0 (restart 0) KSP residual norm 1.991216e-12
  1 (restart 0) KSP residual norm 1.629520e-12
  2 (restart 0) KSP residual norm 1.557281e-12
  3 (restart 0) KSP residual norm 1.543122e-12
  4 (restart 0) KSP residual norm 1.473581e-12
  5 (restart 0) KSP residual norm 1.444478e-12
  6 (restart 0) KSP residual norm 1.439959e-12
  7 (restart 0) KSP residual norm 1.389405e-12
  8 (restart 0) KSP residual norm 1.278305e-12
  9 (restart 0) KSP residual norm 1.141904e-12
 10 (restart 0) KSP residual norm 1.083266e-12
 11 (restart 0) KSP residual norm 1.076752e-12
 12 (restart 0) KSP residual norm 1.072874e-12
 13 (restart 0) KSP residual norm 1.069042e-12
 14 (restart 0) KSP residual norm 1.066601e-12
 15 (restart 0) KSP residual norm 1.063516e-12
 16 (restart 0) KSP residual norm 1.058989e-12
 17 (restart 0) KSP residual norm 1.052201e-12
 18 (restart 0) KSP residual norm 1.024004e-12
 19 (restart 0) KSP residual norm 9.891853e-13
GMRES solver converged in 19 iterations (avg. reduction factor: 9.638e-01)
   NLEPS Armijo backtracks=9, alpha=1.953e-03, res_new=1.082660e-07
45 NLEPS (nconv=5, restart=0) residual norm 1.082660e-07
  Residual norms for GMRES solve
  0 (restart 0) KSP residual norm 1.989027e-12
  1 (restart 0) KSP residual norm 1.628139e-12
  2 (restart 0) KSP residual norm 1.555313e-12
  3 (restart 0) KSP residual norm 1.541105e-12
  4 (restart 0) KSP residual norm 1.471912e-12
  5 (restart 0) KSP residual norm 1.442881e-12
  6 (restart 0) KSP residual norm 1.438380e-12
  7 (restart 0) KSP residual norm 1.387925e-12
  8 (restart 0) KSP residual norm 1.276955e-12
  9 (restart 0) KSP residual norm 1.141022e-12
 10 (restart 0) KSP residual norm 1.082892e-12
 11 (restart 0) KSP residual norm 1.076466e-12
 12 (restart 0) KSP residual norm 1.072561e-12
 13 (restart 0) KSP residual norm 1.068718e-12
 14 (restart 0) KSP residual norm 1.066288e-12
 15 (restart 0) KSP residual norm 1.063226e-12
 16 (restart 0) KSP residual norm 1.058704e-12
 17 (restart 0) KSP residual norm 1.051942e-12
 18 (restart 0) KSP residual norm 1.023723e-12
 19 (restart 0) KSP residual norm 9.890138e-13
GMRES solver converged in 19 iterations (avg. reduction factor: 9.639e-01)
   NLEPS Armijo backtracks=9, alpha=1.953e-03, res_new=1.082893e-07
46 NLEPS (nconv=5, restart=0) residual norm 1.082893e-07
  Residual norms for GMRES solve
  0 (restart 0) KSP residual norm 1.986137e-12
  1 (restart 0) KSP residual norm 1.626799e-12
  2 (restart 0) KSP residual norm 1.553493e-12
  3 (restart 0) KSP residual norm 1.538992e-12
  4 (restart 0) KSP residual norm 1.470125e-12
  5 (restart 0) KSP residual norm 1.441204e-12
  6 (restart 0) KSP residual norm 1.436686e-12
  7 (restart 0) KSP residual norm 1.386308e-12
  8 (restart 0) KSP residual norm 1.275544e-12
  9 (restart 0) KSP residual norm 1.140136e-12
 10 (restart 0) KSP residual norm 1.082539e-12
 11 (restart 0) KSP residual norm 1.076211e-12
 12 (restart 0) KSP residual norm 1.072271e-12
 13 (restart 0) KSP residual norm 1.068411e-12
 14 (restart 0) KSP residual norm 1.065989e-12
 15 (restart 0) KSP residual norm 1.062951e-12
 16 (restart 0) KSP residual norm 1.058432e-12
 17 (restart 0) KSP residual norm 1.051699e-12
 18 (restart 0) KSP residual norm 1.023469e-12
 19 (restart 0) KSP residual norm 9.888782e-13
GMRES solver converged in 19 iterations (avg. reduction factor: 9.640e-01)
   NLEPS Armijo backtracks=9, alpha=1.953e-03, res_new=1.083126e-07
47 NLEPS (nconv=5, restart=0) residual norm 1.083126e-07
  Residual norms for GMRES solve
  0 (restart 0) KSP residual norm 1.984036e-12
  1 (restart 0) KSP residual norm 1.625442e-12
  2 (restart 0) KSP residual norm 1.551583e-12
  3 (restart 0) KSP residual norm 1.537129e-12
  4 (restart 0) KSP residual norm 1.468506e-12
  5 (restart 0) KSP residual norm 1.439602e-12
  6 (restart 0) KSP residual norm 1.435153e-12
  7 (restart 0) KSP residual norm 1.384905e-12
  8 (restart 0) KSP residual norm 1.274307e-12
  9 (restart 0) KSP residual norm 1.139299e-12
 10 (restart 0) KSP residual norm 1.082171e-12
 11 (restart 0) KSP residual norm 1.075914e-12
 12 (restart 0) KSP residual norm 1.071959e-12
 13 (restart 0) KSP residual norm 1.068091e-12
 14 (restart 0) KSP residual norm 1.065679e-12
 15 (restart 0) KSP residual norm 1.062665e-12
 16 (restart 0) KSP residual norm 1.058148e-12
 17 (restart 0) KSP residual norm 1.051444e-12
 18 (restart 0) KSP residual norm 1.023190e-12
 19 (restart 0) KSP residual norm 9.886981e-13
GMRES solver converged in 19 iterations (avg. reduction factor: 9.640e-01)
   NLEPS Armijo backtracks=9, alpha=1.953e-03, res_new=1.083357e-07
48 NLEPS (nconv=5, restart=0) residual norm 1.083357e-07
  Residual norms for GMRES solve
  0 (restart 0) KSP residual norm 1.982213e-12
  1 (restart 0) KSP residual norm 1.624016e-12
  2 (restart 0) KSP residual norm 1.549522e-12
  3 (restart 0) KSP residual norm 1.535136e-12
  4 (restart 0) KSP residual norm 1.466817e-12
  5 (restart 0) KSP residual norm 1.438059e-12
  6 (restart 0) KSP residual norm 1.433576e-12
  7 (restart 0) KSP residual norm 1.383399e-12
  8 (restart 0) KSP residual norm 1.272922e-12
  9 (restart 0) KSP residual norm 1.138409e-12
 10 (restart 0) KSP residual norm 1.081797e-12
 11 (restart 0) KSP residual norm 1.075630e-12
 12 (restart 0) KSP residual norm 1.071652e-12
 13 (restart 0) KSP residual norm 1.067768e-12
 14 (restart 0) KSP residual norm 1.065366e-12
 15 (restart 0) KSP residual norm 1.062375e-12
 16 (restart 0) KSP residual norm 1.057855e-12
 17 (restart 0) KSP residual norm 1.051171e-12
 18 (restart 0) KSP residual norm 1.022888e-12
 19 (restart 0) KSP residual norm 9.885327e-13
GMRES solver converged in 19 iterations (avg. reduction factor: 9.640e-01)
   NLEPS Armijo backtracks=9, alpha=1.953e-03, res_new=1.083589e-07
49 NLEPS (nconv=5, restart=0) residual norm 1.083589e-07
  Residual norms for GMRES solve
  0 (restart 0) KSP residual norm 1.979660e-12
  1 (restart 0) KSP residual norm 1.622501e-12
  2 (restart 0) KSP residual norm 1.547453e-12
  3 (restart 0) KSP residual norm 1.532966e-12
  4 (restart 0) KSP residual norm 1.465012e-12
  5 (restart 0) KSP residual norm 1.436294e-12
  6 (restart 0) KSP residual norm 1.431829e-12
  7 (restart 0) KSP residual norm 1.381751e-12
  8 (restart 0) KSP residual norm 1.271483e-12
  9 (restart 0) KSP residual norm 1.137508e-12
 10 (restart 0) KSP residual norm 1.081463e-12
 11 (restart 0) KSP residual norm 1.075402e-12
 12 (restart 0) KSP residual norm 1.071369e-12
 13 (restart 0) KSP residual norm 1.067467e-12
 14 (restart 0) KSP residual norm 1.065071e-12
 15 (restart 0) KSP residual norm 1.062091e-12
 16 (restart 0) KSP residual norm 1.057587e-12
 17 (restart 0) KSP residual norm 1.050940e-12
 18 (restart 0) KSP residual norm 1.022672e-12
 19 (restart 0) KSP residual norm 9.884176e-13
GMRES solver converged in 19 iterations (avg. reduction factor: 9.641e-01)
   NLEPS Armijo backtracks=9, alpha=1.953e-03, res_new=1.083819e-07
50 NLEPS (nconv=5, restart=0) residual norm 1.083819e-07
  Residual norms for GMRES solve
  0 (restart 0) KSP residual norm 1.977128e-12
  1 (restart 0) KSP residual norm 1.621190e-12
  2 (restart 0) KSP residual norm 1.545632e-12
  3 (restart 0) KSP residual norm 1.530983e-12
  4 (restart 0) KSP residual norm 1.463289e-12
  5 (restart 0) KSP residual norm 1.434626e-12
  6 (restart 0) KSP residual norm 1.430186e-12
  7 (restart 0) KSP residual norm 1.380239e-12
  8 (restart 0) KSP residual norm 1.270185e-12
  9 (restart 0) KSP residual norm 1.136670e-12
 10 (restart 0) KSP residual norm 1.081101e-12
 11 (restart 0) KSP residual norm 1.075118e-12
 12 (restart 0) KSP residual norm 1.071063e-12
 13 (restart 0) KSP residual norm 1.067150e-12
 14 (restart 0) KSP residual norm 1.064761e-12
 15 (restart 0) KSP residual norm 1.061805e-12
 16 (restart 0) KSP residual norm 1.057304e-12
 17 (restart 0) KSP residual norm 1.050683e-12
 18 (restart 0) KSP residual norm 1.022391e-12
 19 (restart 0) KSP residual norm 9.882368e-13
GMRES solver converged in 19 iterations (avg. reduction factor: 9.642e-01)
   NLEPS Armijo backtracks=9, alpha=1.953e-03, res_new=1.084049e-07
51 NLEPS (nconv=5, restart=0) residual norm 1.084049e-07
  Residual norms for GMRES solve
  0 (restart 0) KSP residual norm 1.974803e-12
  1 (restart 0) KSP residual norm 1.619878e-12
  2 (restart 0) KSP residual norm 1.543769e-12
  3 (restart 0) KSP residual norm 1.528988e-12
  4 (restart 0) KSP residual norm 1.461654e-12
  5 (restart 0) KSP residual norm 1.433094e-12
  6 (restart 0) KSP residual norm 1.428639e-12
  7 (restart 0) KSP residual norm 1.378756e-12
  8 (restart 0) KSP residual norm 1.268823e-12
  9 (restart 0) KSP residual norm 1.135835e-12
 10 (restart 0) KSP residual norm 1.080755e-12
 11 (restart 0) KSP residual norm 1.074849e-12
 12 (restart 0) KSP residual norm 1.070762e-12
 13 (restart 0) KSP residual norm 1.066835e-12
 14 (restart 0) KSP residual norm 1.064463e-12
 15 (restart 0) KSP residual norm 1.061528e-12
 16 (restart 0) KSP residual norm 1.057025e-12
 17 (restart 0) KSP residual norm 1.050414e-12
 18 (restart 0) KSP residual norm 1.022066e-12
 19 (restart 0) KSP residual norm 9.880186e-13
GMRES solver converged in 19 iterations (avg. reduction factor: 9.642e-01)
   NLEPS Armijo backtracks=9, alpha=1.953e-03, res_new=1.084278e-07
52 NLEPS (nconv=5, restart=0) residual norm 1.084278e-07
  Residual norms for GMRES solve
  0 (restart 0) KSP residual norm 1.972397e-12
  1 (restart 0) KSP residual norm 1.618594e-12
  2 (restart 0) KSP residual norm 1.541946e-12
  3 (restart 0) KSP residual norm 1.527063e-12
  4 (restart 0) KSP residual norm 1.460001e-12
  5 (restart 0) KSP residual norm 1.431473e-12
  6 (restart 0) KSP residual norm 1.427053e-12
  7 (restart 0) KSP residual norm 1.377313e-12
  8 (restart 0) KSP residual norm 1.267564e-12
  9 (restart 0) KSP residual norm 1.135026e-12
 10 (restart 0) KSP residual norm 1.080390e-12
 11 (restart 0) KSP residual norm 1.074564e-12
 12 (restart 0) KSP residual norm 1.070457e-12
 13 (restart 0) KSP residual norm 1.066521e-12
 14 (restart 0) KSP residual norm 1.064157e-12
 15 (restart 0) KSP residual norm 1.061244e-12
 16 (restart 0) KSP residual norm 1.056747e-12
 17 (restart 0) KSP residual norm 1.050165e-12
 18 (restart 0) KSP residual norm 1.021819e-12
 19 (restart 0) KSP residual norm 9.878921e-13
GMRES solver converged in 19 iterations (avg. reduction factor: 9.643e-01)
   NLEPS Armijo backtracks=9, alpha=1.953e-03, res_new=1.084507e-07
53 NLEPS (nconv=5, restart=0) residual norm 1.084507e-07
  Residual norms for GMRES solve
  0 (restart 0) KSP residual norm 1.970548e-12
  1 (restart 0) KSP residual norm 1.617351e-12
  2 (restart 0) KSP residual norm 1.540080e-12
  3 (restart 0) KSP residual norm 1.525239e-12
  4 (restart 0) KSP residual norm 1.458465e-12
  5 (restart 0) KSP residual norm 1.430024e-12
  6 (restart 0) KSP residual norm 1.425593e-12
  7 (restart 0) KSP residual norm 1.375943e-12
  8 (restart 0) KSP residual norm 1.266361e-12
  9 (restart 0) KSP residual norm 1.134260e-12
 10 (restart 0) KSP residual norm 1.080002e-12
 11 (restart 0) KSP residual norm 1.074247e-12
 12 (restart 0) KSP residual norm 1.070128e-12
 13 (restart 0) KSP residual norm 1.066192e-12
 14 (restart 0) KSP residual norm 1.063841e-12
 15 (restart 0) KSP residual norm 1.060953e-12
 16 (restart 0) KSP residual norm 1.056459e-12
 17 (restart 0) KSP residual norm 1.049896e-12
 18 (restart 0) KSP residual norm 1.021533e-12
 19 (restart 0) KSP residual norm 9.877412e-13
GMRES solver converged in 19 iterations (avg. reduction factor: 9.643e-01)
   NLEPS Armijo backtracks=9, alpha=1.953e-03, res_new=1.084735e-07
54 NLEPS (nconv=5, restart=0) residual norm 1.084735e-07
  Residual norms for GMRES solve
  0 (restart 0) KSP residual norm 1.968053e-12
  1 (restart 0) KSP residual norm 1.615857e-12
  2 (restart 0) KSP residual norm 1.538061e-12
  3 (restart 0) KSP residual norm 1.523160e-12
  4 (restart 0) KSP residual norm 1.456656e-12
  5 (restart 0) KSP residual norm 1.428314e-12
  6 (restart 0) KSP residual norm 1.423886e-12
  7 (restart 0) KSP residual norm 1.374311e-12
  8 (restart 0) KSP residual norm 1.264902e-12
  9 (restart 0) KSP residual norm 1.133351e-12
 10 (restart 0) KSP residual norm 1.079675e-12
 11 (restart 0) KSP residual norm 1.074009e-12
 12 (restart 0) KSP residual norm 1.069847e-12
 13 (restart 0) KSP residual norm 1.065885e-12
 14 (restart 0) KSP residual norm 1.063543e-12
 15 (restart 0) KSP residual norm 1.060677e-12
 16 (restart 0) KSP residual norm 1.056181e-12
 17 (restart 0) KSP residual norm 1.049649e-12
 18 (restart 0) KSP residual norm 1.021269e-12
 19 (restart 0) KSP residual norm 9.875988e-13
GMRES solver converged in 19 iterations (avg. reduction factor: 9.644e-01)
   NLEPS Armijo backtracks=9, alpha=1.953e-03, res_new=1.084963e-07
55 NLEPS (nconv=5, restart=0) residual norm 1.084963e-07
  Residual norms for GMRES solve
  0 (restart 0) KSP residual norm 1.965807e-12
  1 (restart 0) KSP residual norm 1.614628e-12
  2 (restart 0) KSP residual norm 1.536265e-12
  3 (restart 0) KSP residual norm 1.521267e-12
  4 (restart 0) KSP residual norm 1.455088e-12
  5 (restart 0) KSP residual norm 1.426805e-12
  6 (restart 0) KSP residual norm 1.422416e-12
  7 (restart 0) KSP residual norm 1.372952e-12
  8 (restart 0) KSP residual norm 1.263763e-12
  9 (restart 0) KSP residual norm 1.132577e-12
 10 (restart 0) KSP residual norm 1.079294e-12
 11 (restart 0) KSP residual norm 1.073702e-12
 12 (restart 0) KSP residual norm 1.069533e-12
 13 (restart 0) KSP residual norm 1.065571e-12
 14 (restart 0) KSP residual norm 1.063236e-12
 15 (restart 0) KSP residual norm 1.060393e-12
 16 (restart 0) KSP residual norm 1.055903e-12
 17 (restart 0) KSP residual norm 1.049399e-12
 18 (restart 0) KSP residual norm 1.021008e-12
 19 (restart 0) KSP residual norm 9.874298e-13
GMRES solver converged in 19 iterations (avg. reduction factor: 9.644e-01)
   NLEPS Armijo backtracks=9, alpha=1.953e-03, res_new=1.085190e-07
56 NLEPS (nconv=5, restart=0) residual norm 1.085190e-07
  Residual norms for GMRES solve
  0 (restart 0) KSP residual norm 1.963063e-12
  1 (restart 0) KSP residual norm 1.613296e-12
  2 (restart 0) KSP residual norm 1.534415e-12
  3 (restart 0) KSP residual norm 1.519171e-12
  4 (restart 0) KSP residual norm 1.453367e-12
  5 (restart 0) KSP residual norm 1.425224e-12
  6 (restart 0) KSP residual norm 1.420817e-12
  7 (restart 0) KSP residual norm 1.371453e-12
  8 (restart 0) KSP residual norm 1.262414e-12
  9 (restart 0) KSP residual norm 1.131729e-12
 10 (restart 0) KSP residual norm 1.078962e-12
 11 (restart 0) KSP residual norm 1.073455e-12
 12 (restart 0) KSP residual norm 1.069247e-12
 13 (restart 0) KSP residual norm 1.065272e-12
 14 (restart 0) KSP residual norm 1.062946e-12
 15 (restart 0) KSP residual norm 1.060111e-12
 16 (restart 0) KSP residual norm 1.055635e-12
 17 (restart 0) KSP residual norm 1.049160e-12
 18 (restart 0) KSP residual norm 1.020772e-12
 19 (restart 0) KSP residual norm 9.872777e-13
GMRES solver converged in 19 iterations (avg. reduction factor: 9.645e-01)
   NLEPS Armijo backtracks=9, alpha=1.953e-03, res_new=1.085417e-07
57 NLEPS (nconv=5, restart=0) residual norm 1.085417e-07
  Residual norms for GMRES solve
  0 (restart 0) KSP residual norm 1.961157e-12
  1 (restart 0) KSP residual norm 1.611866e-12
  2 (restart 0) KSP residual norm 1.532388e-12
  3 (restart 0) KSP residual norm 1.517248e-12
  4 (restart 0) KSP residual norm 1.451669e-12
  5 (restart 0) KSP residual norm 1.423569e-12
  6 (restart 0) KSP residual norm 1.419165e-12
  7 (restart 0) KSP residual norm 1.369877e-12
  8 (restart 0) KSP residual norm 1.261034e-12
  9 (restart 0) KSP residual norm 1.130893e-12
 10 (restart 0) KSP residual norm 1.078623e-12
 11 (restart 0) KSP residual norm 1.073192e-12
 12 (restart 0) KSP residual norm 1.068945e-12
 13 (restart 0) KSP residual norm 1.064951e-12
 14 (restart 0) KSP residual norm 1.062636e-12
 15 (restart 0) KSP residual norm 1.059835e-12
 16 (restart 0) KSP residual norm 1.055353e-12
 17 (restart 0) KSP residual norm 1.048899e-12
 18 (restart 0) KSP residual norm 1.020483e-12
 19 (restart 0) KSP residual norm 9.871465e-13
GMRES solver converged in 19 iterations (avg. reduction factor: 9.645e-01)
   NLEPS Armijo backtracks=9, alpha=1.953e-03, res_new=1.085643e-07
58 NLEPS (nconv=5, restart=0) residual norm 1.085643e-07
  Residual norms for GMRES solve
  0 (restart 0) KSP residual norm 1.958618e-12
  1 (restart 0) KSP residual norm 1.610670e-12
  2 (restart 0) KSP residual norm 1.530694e-12
  3 (restart 0) KSP residual norm 1.515365e-12
  4 (restart 0) KSP residual norm 1.450109e-12
  5 (restart 0) KSP residual norm 1.422070e-12
  6 (restart 0) KSP residual norm 1.417688e-12
  7 (restart 0) KSP residual norm 1.368522e-12
  8 (restart 0) KSP residual norm 1.259868e-12
  9 (restart 0) KSP residual norm 1.130145e-12
 10 (restart 0) KSP residual norm 1.078258e-12
 11 (restart 0) KSP residual norm 1.072900e-12
 12 (restart 0) KSP residual norm 1.068640e-12
 13 (restart 0) KSP residual norm 1.064645e-12
 14 (restart 0) KSP residual norm 1.062340e-12
 15 (restart 0) KSP residual norm 1.059557e-12
 16 (restart 0) KSP residual norm 1.055081e-12
 17 (restart 0) KSP residual norm 1.048657e-12
 18 (restart 0) KSP residual norm 1.020236e-12
 19 (restart 0) KSP residual norm 9.869817e-13
GMRES solver converged in 19 iterations (avg. reduction factor: 9.646e-01)
   NLEPS Armijo backtracks=9, alpha=1.953e-03, res_new=1.085868e-07
59 NLEPS (nconv=5, restart=0) residual norm 1.085868e-07
  Residual norms for GMRES solve
  0 (restart 0) KSP residual norm 1.957011e-12
  1 (restart 0) KSP residual norm 1.609355e-12
  2 (restart 0) KSP residual norm 1.528752e-12
  3 (restart 0) KSP residual norm 1.513541e-12
  4 (restart 0) KSP residual norm 1.448520e-12
  5 (restart 0) KSP residual norm 1.420558e-12
  6 (restart 0) KSP residual norm 1.416180e-12
  7 (restart 0) KSP residual norm 1.367095e-12
  8 (restart 0) KSP residual norm 1.258586e-12
  9 (restart 0) KSP residual norm 1.129316e-12
 10 (restart 0) KSP residual norm 1.077917e-12
 11 (restart 0) KSP residual norm 1.072641e-12
 12 (restart 0) KSP residual norm 1.068354e-12
 13 (restart 0) KSP residual norm 1.064345e-12
 14 (restart 0) KSP residual norm 1.062049e-12
 15 (restart 0) KSP residual norm 1.059280e-12
 16 (restart 0) KSP residual norm 1.054809e-12
 17 (restart 0) KSP residual norm 1.048400e-12
 18 (restart 0) KSP residual norm 1.019952e-12
 19 (restart 0) KSP residual norm 9.867990e-13
GMRES solver converged in 19 iterations (avg. reduction factor: 9.646e-01)
   NLEPS Armijo backtracks=9, alpha=1.953e-03, res_new=1.086093e-07
60 NLEPS (nconv=5, restart=0) residual norm 1.086093e-07
  Residual norms for GMRES solve
  0 (restart 0) KSP residual norm 1.954265e-12
  1 (restart 0) KSP residual norm 1.608119e-12
  2 (restart 0) KSP residual norm 1.526993e-12
  3 (restart 0) KSP residual norm 1.511533e-12
  4 (restart 0) KSP residual norm 1.446952e-12
  5 (restart 0) KSP residual norm 1.419043e-12
  6 (restart 0) KSP residual norm 1.414708e-12
  7 (restart 0) KSP residual norm 1.365718e-12
  8 (restart 0) KSP residual norm 1.257379e-12
  9 (restart 0) KSP residual norm 1.128551e-12
 10 (restart 0) KSP residual norm 1.077573e-12
 11 (restart 0) KSP residual norm 1.072358e-12
 12 (restart 0) KSP residual norm 1.068054e-12
 13 (restart 0) KSP residual norm 1.064037e-12
 14 (restart 0) KSP residual norm 1.061755e-12
 15 (restart 0) KSP residual norm 1.059011e-12
 16 (restart 0) KSP residual norm 1.054541e-12
 17 (restart 0) KSP residual norm 1.048158e-12
 18 (restart 0) KSP residual norm 1.019701e-12
 19 (restart 0) KSP residual norm 9.866736e-13
GMRES solver converged in 19 iterations (avg. reduction factor: 9.647e-01)
   NLEPS Armijo backtracks=9, alpha=1.953e-03, res_new=1.086317e-07
61 NLEPS (nconv=5, restart=0) residual norm 1.086317e-07
  Residual norms for GMRES solve
  0 (restart 0) KSP residual norm 1.951651e-12
  1 (restart 0) KSP residual norm 1.606699e-12
  2 (restart 0) KSP residual norm 1.525087e-12
  3 (restart 0) KSP residual norm 1.509509e-12
  4 (restart 0) KSP residual norm 1.445110e-12
  5 (restart 0) KSP residual norm 1.417256e-12
  6 (restart 0) KSP residual norm 1.412922e-12
  7 (restart 0) KSP residual norm 1.364047e-12
  8 (restart 0) KSP residual norm 1.255922e-12
  9 (restart 0) KSP residual norm 1.127674e-12
 10 (restart 0) KSP residual norm 1.077259e-12
 11 (restart 0) KSP residual norm 1.072140e-12
 12 (restart 0) KSP residual norm 1.067780e-12
 13 (restart 0) KSP residual norm 1.063739e-12
 14 (restart 0) KSP residual norm 1.061461e-12
 15 (restart 0) KSP residual norm 1.058734e-12
 16 (restart 0) KSP residual norm 1.054273e-12
 17 (restart 0) KSP residual norm 1.047923e-12
 18 (restart 0) KSP residual norm 1.019467e-12
 19 (restart 0) KSP residual norm 9.865354e-13
GMRES solver converged in 19 iterations (avg. reduction factor: 9.647e-01)
   NLEPS Armijo backtracks=9, alpha=1.953e-03, res_new=1.086541e-07
62 NLEPS (nconv=5, restart=0) residual norm 1.086541e-07
  Residual norms for GMRES solve
  0 (restart 0) KSP residual norm 1.949377e-12
  1 (restart 0) KSP residual norm 1.605293e-12
  2 (restart 0) KSP residual norm 1.523082e-12
  3 (restart 0) KSP residual norm 1.507470e-12
  4 (restart 0) KSP residual norm 1.443486e-12
  5 (restart 0) KSP residual norm 1.415697e-12
  6 (restart 0) KSP residual norm 1.411377e-12
  7 (restart 0) KSP residual norm 1.362593e-12
  8 (restart 0) KSP residual norm 1.254660e-12
  9 (restart 0) KSP residual norm 1.126890e-12
 10 (restart 0) KSP residual norm 1.076923e-12
 11 (restart 0) KSP residual norm 1.071875e-12
 12 (restart 0) KSP residual norm 1.067480e-12
 13 (restart 0) KSP residual norm 1.063433e-12
 14 (restart 0) KSP residual norm 1.061169e-12
 15 (restart 0) KSP residual norm 1.058458e-12
 16 (restart 0) KSP residual norm 1.054000e-12
 17 (restart 0) KSP residual norm 1.047672e-12
 18 (restart 0) KSP residual norm 1.019212e-12
 19 (restart 0) KSP residual norm 9.864041e-13
GMRES solver converged in 19 iterations (avg. reduction factor: 9.648e-01)
   NLEPS Armijo backtracks=9, alpha=1.953e-03, res_new=1.086764e-07
63 NLEPS (nconv=5, restart=0) residual norm 1.086764e-07
  Residual norms for GMRES solve
  0 (restart 0) KSP residual norm 1.947799e-12
  1 (restart 0) KSP residual norm 1.604262e-12
  2 (restart 0) KSP residual norm 1.521448e-12
  3 (restart 0) KSP residual norm 1.505840e-12
  4 (restart 0) KSP residual norm 1.442023e-12
  5 (restart 0) KSP residual norm 1.414323e-12
  6 (restart 0) KSP residual norm 1.410013e-12
  7 (restart 0) KSP residual norm 1.361346e-12
  8 (restart 0) KSP residual norm 1.253579e-12
  9 (restart 0) KSP residual norm 1.126173e-12
 10 (restart 0) KSP residual norm 1.076565e-12
 11 (restart 0) KSP residual norm 1.071580e-12
 12 (restart 0) KSP residual norm 1.067184e-12
 13 (restart 0) KSP residual norm 1.063134e-12
 14 (restart 0) KSP residual norm 1.060876e-12
 15 (restart 0) KSP residual norm 1.058184e-12
 16 (restart 0) KSP residual norm 1.053734e-12
 17 (restart 0) KSP residual norm 1.047432e-12
 18 (restart 0) KSP residual norm 1.018965e-12
 19 (restart 0) KSP residual norm 9.862308e-13
GMRES solver converged in 19 iterations (avg. reduction factor: 9.648e-01)
   NLEPS Armijo backtracks=9, alpha=1.953e-03, res_new=1.086987e-07
64 NLEPS (nconv=5, restart=0) residual norm 1.086987e-07
  Residual norms for GMRES solve
  0 (restart 0) KSP residual norm 1.945199e-12
  1 (restart 0) KSP residual norm 1.602899e-12
  2 (restart 0) KSP residual norm 1.519538e-12
  3 (restart 0) KSP residual norm 1.503784e-12
  4 (restart 0) KSP residual norm 1.440350e-12
  5 (restart 0) KSP residual norm 1.412703e-12
  6 (restart 0) KSP residual norm 1.408405e-12
  7 (restart 0) KSP residual norm 1.359824e-12
  8 (restart 0) KSP residual norm 1.252221e-12
  9 (restart 0) KSP residual norm 1.125371e-12
 10 (restart 0) KSP residual norm 1.076250e-12
 11 (restart 0) KSP residual norm 1.071334e-12
 12 (restart 0) KSP residual norm 1.066891e-12
 13 (restart 0) KSP residual norm 1.062826e-12
 14 (restart 0) KSP residual norm 1.060584e-12
 15 (restart 0) KSP residual norm 1.057918e-12
 16 (restart 0) KSP residual norm 1.053463e-12
 17 (restart 0) KSP residual norm 1.047172e-12
 18 (restart 0) KSP residual norm 1.018674e-12
 19 (restart 0) KSP residual norm 9.860938e-13
GMRES solver converged in 19 iterations (avg. reduction factor: 9.649e-01)
   NLEPS Armijo backtracks=9, alpha=1.953e-03, res_new=1.087209e-07
65 NLEPS (nconv=5, restart=0) residual norm 1.087209e-07
  Residual norms for GMRES solve
  0 (restart 0) KSP residual norm 1.943334e-12
  1 (restart 0) KSP residual norm 1.601695e-12
  2 (restart 0) KSP residual norm 1.517749e-12
  3 (restart 0) KSP residual norm 1.502022e-12
  4 (restart 0) KSP residual norm 1.438927e-12
  5 (restart 0) KSP residual norm 1.411357e-12
  6 (restart 0) KSP residual norm 1.407079e-12
  7 (restart 0) KSP residual norm 1.358578e-12
  8 (restart 0) KSP residual norm 1.251158e-12
  9 (restart 0) KSP residual norm 1.124659e-12
 10 (restart 0) KSP residual norm 1.075885e-12
 11 (restart 0) KSP residual norm 1.071029e-12
 12 (restart 0) KSP residual norm 1.066588e-12
 13 (restart 0) KSP residual norm 1.062522e-12
 14 (restart 0) KSP residual norm 1.060290e-12
 15 (restart 0) KSP residual norm 1.057644e-12
 16 (restart 0) KSP residual norm 1.053194e-12
 17 (restart 0) KSP residual norm 1.046928e-12
 18 (restart 0) KSP residual norm 1.018428e-12
 19 (restart 0) KSP residual norm 9.859349e-13
GMRES solver converged in 19 iterations (avg. reduction factor: 9.649e-01)
   NLEPS Armijo backtracks=9, alpha=1.953e-03, res_new=1.087431e-07
66 NLEPS (nconv=5, restart=0) residual norm 1.087431e-07
  Residual norms for GMRES solve
  0 (restart 0) KSP residual norm 1.940926e-12
  1 (restart 0) KSP residual norm 1.600404e-12
  2 (restart 0) KSP residual norm 1.515962e-12
  3 (restart 0) KSP residual norm 1.500093e-12
  4 (restart 0) KSP residual norm 1.437211e-12
  5 (restart 0) KSP residual norm 1.409712e-12
  6 (restart 0) KSP residual norm 1.405430e-12
  7 (restart 0) KSP residual norm 1.357029e-12
  8 (restart 0) KSP residual norm 1.249752e-12
  9 (restart 0) KSP residual norm 1.123831e-12
 10 (restart 0) KSP residual norm 1.075584e-12
 11 (restart 0) KSP residual norm 1.070806e-12
 12 (restart 0) KSP residual norm 1.066316e-12
 13 (restart 0) KSP residual norm 1.062229e-12
 14 (restart 0) KSP residual norm 1.060007e-12
 15 (restart 0) KSP residual norm 1.057377e-12
 16 (restart 0) KSP residual norm 1.052928e-12
 17 (restart 0) KSP residual norm 1.046683e-12
 18 (restart 0) KSP residual norm 1.018159e-12
 19 (restart 0) KSP residual norm 9.857605e-13
GMRES solver converged in 19 iterations (avg. reduction factor: 9.650e-01)
   NLEPS Armijo backtracks=9, alpha=1.953e-03, res_new=1.087652e-07
67 NLEPS (nconv=5, restart=0) residual norm 1.087652e-07
  Residual norms for GMRES solve
  0 (restart 0) KSP residual norm 1.938180e-12
  1 (restart 0) KSP residual norm 1.599010e-12
  2 (restart 0) KSP residual norm 1.514038e-12
  3 (restart 0) KSP residual norm 1.498020e-12
  4 (restart 0) KSP residual norm 1.435493e-12
  5 (restart 0) KSP residual norm 1.408047e-12
  6 (restart 0) KSP residual norm 1.403793e-12
  7 (restart 0) KSP residual norm 1.355532e-12
  8 (restart 0) KSP residual norm 1.248510e-12
  9 (restart 0) KSP residual norm 1.123066e-12
 10 (restart 0) KSP residual norm 1.075216e-12
 11 (restart 0) KSP residual norm 1.070510e-12
 12 (restart 0) KSP residual norm 1.065994e-12
 13 (restart 0) KSP residual norm 1.061903e-12
 14 (restart 0) KSP residual norm 1.059691e-12
 15 (restart 0) KSP residual norm 1.057079e-12
 16 (restart 0) KSP residual norm 1.052640e-12
 17 (restart 0) KSP residual norm 1.046422e-12
 18 (restart 0) KSP residual norm 1.017910e-12
 19 (restart 0) KSP residual norm 9.856197e-13
GMRES solver converged in 19 iterations (avg. reduction factor: 9.650e-01)
   NLEPS Armijo backtracks=9, alpha=1.953e-03, res_new=1.087872e-07
68 NLEPS (nconv=5, restart=0) residual norm 1.087872e-07
  Residual norms for GMRES solve
  0 (restart 0) KSP residual norm 1.936069e-12
  1 (restart 0) KSP residual norm 1.597754e-12
  2 (restart 0) KSP residual norm 1.512210e-12
  3 (restart 0) KSP residual norm 1.496194e-12
  4 (restart 0) KSP residual norm 1.433994e-12
  5 (restart 0) KSP residual norm 1.406623e-12
  6 (restart 0) KSP residual norm 1.402385e-12
  7 (restart 0) KSP residual norm 1.354189e-12
  8 (restart 0) KSP residual norm 1.247333e-12
  9 (restart 0) KSP residual norm 1.122319e-12
 10 (restart 0) KSP residual norm 1.074869e-12
 11 (restart 0) KSP residual norm 1.070226e-12
 12 (restart 0) KSP residual norm 1.065694e-12
 13 (restart 0) KSP residual norm 1.061599e-12
 14 (restart 0) KSP residual norm 1.059398e-12
 15 (restart 0) KSP residual norm 1.056810e-12
 16 (restart 0) KSP residual norm 1.052375e-12
 17 (restart 0) KSP residual norm 1.046183e-12
 18 (restart 0) KSP residual norm 1.017664e-12
 19 (restart 0) KSP residual norm 9.854795e-13
GMRES solver converged in 19 iterations (avg. reduction factor: 9.651e-01)
   NLEPS Armijo backtracks=9, alpha=1.953e-03, res_new=1.088092e-07
69 NLEPS (nconv=5, restart=0) residual norm 1.088092e-07
  Residual norms for GMRES solve
  0 (restart 0) KSP residual norm 1.933884e-12
  1 (restart 0) KSP residual norm 1.596535e-12
  2 (restart 0) KSP residual norm 1.510449e-12
  3 (restart 0) KSP residual norm 1.494341e-12
  4 (restart 0) KSP residual norm 1.432447e-12
  5 (restart 0) KSP residual norm 1.405142e-12
  6 (restart 0) KSP residual norm 1.400933e-12
  7 (restart 0) KSP residual norm 1.352862e-12
  8 (restart 0) KSP residual norm 1.246161e-12
  9 (restart 0) KSP residual norm 1.121575e-12
 10 (restart 0) KSP residual norm 1.074544e-12
 11 (restart 0) KSP residual norm 1.069958e-12
 12 (restart 0) KSP residual norm 1.065402e-12
 13 (restart 0) KSP residual norm 1.061299e-12
 14 (restart 0) KSP residual norm 1.059111e-12
 15 (restart 0) KSP residual norm 1.056542e-12
 16 (restart 0) KSP residual norm 1.052107e-12
 17 (restart 0) KSP residual norm 1.045933e-12
 18 (restart 0) KSP residual norm 1.017403e-12
 19 (restart 0) KSP residual norm 9.853402e-13
GMRES solver converged in 19 iterations (avg. reduction factor: 9.651e-01)
   NLEPS Armijo backtracks=9, alpha=1.953e-03, res_new=1.088311e-07
70 NLEPS (nconv=5, restart=0) residual norm 1.088311e-07
  Residual norms for GMRES solve
  0 (restart 0) KSP residual norm 1.931548e-12
  1 (restart 0) KSP residual norm 1.595204e-12
  2 (restart 0) KSP residual norm 1.508594e-12
  3 (restart 0) KSP residual norm 1.492350e-12
  4 (restart 0) KSP residual norm 1.430680e-12
  5 (restart 0) KSP residual norm 1.403495e-12
  6 (restart 0) KSP residual norm 1.399230e-12
  7 (restart 0) KSP residual norm 1.351232e-12
  8 (restart 0) KSP residual norm 1.244769e-12
  9 (restart 0) KSP residual norm 1.120763e-12
 10 (restart 0) KSP residual norm 1.074254e-12
 11 (restart 0) KSP residual norm 1.069757e-12
 12 (restart 0) KSP residual norm 1.065146e-12
 13 (restart 0) KSP residual norm 1.061019e-12
 14 (restart 0) KSP residual norm 1.058834e-12
 15 (restart 0) KSP residual norm 1.056277e-12
 16 (restart 0) KSP residual norm 1.051853e-12
 17 (restart 0) KSP residual norm 1.045714e-12
 18 (restart 0) KSP residual norm 1.017190e-12
 19 (restart 0) KSP residual norm 9.851952e-13
GMRES solver converged in 19 iterations (avg. reduction factor: 9.652e-01)
   NLEPS Armijo backtracks=9, alpha=1.953e-03, res_new=1.088530e-07
71 NLEPS (nconv=5, restart=0) residual norm 1.088530e-07
  Residual norms for GMRES solve
  0 (restart 0) KSP residual norm 1.929341e-12
  1 (restart 0) KSP residual norm 1.593946e-12
  2 (restart 0) KSP residual norm 1.506773e-12
  3 (restart 0) KSP residual norm 1.490512e-12
  4 (restart 0) KSP residual norm 1.429200e-12
  5 (restart 0) KSP residual norm 1.402070e-12
  6 (restart 0) KSP residual norm 1.397847e-12
  7 (restart 0) KSP residual norm 1.349946e-12
  8 (restart 0) KSP residual norm 1.243636e-12
  9 (restart 0) KSP residual norm 1.120040e-12
 10 (restart 0) KSP residual norm 1.073917e-12
 11 (restart 0) KSP residual norm 1.069474e-12
 12 (restart 0) KSP residual norm 1.064847e-12
 13 (restart 0) KSP residual norm 1.060716e-12
 14 (restart 0) KSP residual norm 1.058544e-12
 15 (restart 0) KSP residual norm 1.056009e-12
 16 (restart 0) KSP residual norm 1.051586e-12
 17 (restart 0) KSP residual norm 1.045468e-12
 18 (restart 0) KSP residual norm 1.016922e-12
 19 (restart 0) KSP residual norm 9.850389e-13
GMRES solver converged in 19 iterations (avg. reduction factor: 9.652e-01)
   NLEPS Armijo backtracks=9, alpha=1.953e-03, res_new=1.088748e-07
72 NLEPS (nconv=5, restart=0) residual norm 1.088748e-07
  Residual norms for GMRES solve
  0 (restart 0) KSP residual norm 1.927236e-12
  1 (restart 0) KSP residual norm 1.592679e-12
  2 (restart 0) KSP residual norm 1.504936e-12
  3 (restart 0) KSP residual norm 1.488667e-12
  4 (restart 0) KSP residual norm 1.427543e-12
  5 (restart 0) KSP residual norm 1.400455e-12
  6 (restart 0) KSP residual norm 1.396234e-12
  7 (restart 0) KSP residual norm 1.348442e-12
  8 (restart 0) KSP residual norm 1.242373e-12
  9 (restart 0) KSP residual norm 1.119288e-12
 10 (restart 0) KSP residual norm 1.073587e-12
 11 (restart 0) KSP residual norm 1.069216e-12
 12 (restart 0) KSP residual norm 1.064557e-12
 13 (restart 0) KSP residual norm 1.060417e-12
 14 (restart 0) KSP residual norm 1.058253e-12
 15 (restart 0) KSP residual norm 1.055734e-12
 16 (restart 0) KSP residual norm 1.051320e-12
 17 (restart 0) KSP residual norm 1.045232e-12
 18 (restart 0) KSP residual norm 1.016692e-12
 19 (restart 0) KSP residual norm 9.848865e-13
GMRES solver converged in 19 iterations (avg. reduction factor: 9.653e-01)
   NLEPS Armijo backtracks=9, alpha=1.953e-03, res_new=1.088966e-07
73 NLEPS (nconv=5, restart=0) residual norm 1.088966e-07
  Residual norms for GMRES solve
  0 (restart 0) KSP residual norm 1.925049e-12
  1 (restart 0) KSP residual norm 1.591738e-12
  2 (restart 0) KSP residual norm 1.503506e-12
  3 (restart 0) KSP residual norm 1.487038e-12
  4 (restart 0) KSP residual norm 1.426178e-12
  5 (restart 0) KSP residual norm 1.399139e-12
  6 (restart 0) KSP residual norm 1.394960e-12
  7 (restart 0) KSP residual norm 1.347264e-12
  8 (restart 0) KSP residual norm 1.241307e-12
  9 (restart 0) KSP residual norm 1.118618e-12
 10 (restart 0) KSP residual norm 1.073266e-12
 11 (restart 0) KSP residual norm 1.068943e-12
 12 (restart 0) KSP residual norm 1.064273e-12
 13 (restart 0) KSP residual norm 1.060130e-12
 14 (restart 0) KSP residual norm 1.057979e-12
 15 (restart 0) KSP residual norm 1.055485e-12
 16 (restart 0) KSP residual norm 1.051068e-12
 17 (restart 0) KSP residual norm 1.044995e-12
 18 (restart 0) KSP residual norm 1.016445e-12
 19 (restart 0) KSP residual norm 9.847641e-13
GMRES solver converged in 19 iterations (avg. reduction factor: 9.653e-01)
   NLEPS Armijo backtracks=9, alpha=1.953e-03, res_new=1.089183e-07
74 NLEPS (nconv=5, restart=0) residual norm 1.089183e-07
  Residual norms for GMRES solve
  0 (restart 0) KSP residual norm 1.922957e-12
  1 (restart 0) KSP residual norm 1.590361e-12
  2 (restart 0) KSP residual norm 1.501511e-12
  3 (restart 0) KSP residual norm 1.485021e-12
  4 (restart 0) KSP residual norm 1.424560e-12
  5 (restart 0) KSP residual norm 1.397652e-12
  6 (restart 0) KSP residual norm 1.393451e-12
  7 (restart 0) KSP residual norm 1.345829e-12
  8 (restart 0) KSP residual norm 1.240080e-12
  9 (restart 0) KSP residual norm 1.117848e-12
 10 (restart 0) KSP residual norm 1.072945e-12
 11 (restart 0) KSP residual norm 1.068691e-12
 12 (restart 0) KSP residual norm 1.063984e-12
 13 (restart 0) KSP residual norm 1.059832e-12
 14 (restart 0) KSP residual norm 1.057692e-12
 15 (restart 0) KSP residual norm 1.055210e-12
 16 (restart 0) KSP residual norm 1.050798e-12
 17 (restart 0) KSP residual norm 1.044743e-12
 18 (restart 0) KSP residual norm 1.016183e-12
 19 (restart 0) KSP residual norm 9.845973e-13
GMRES solver converged in 19 iterations (avg. reduction factor: 9.654e-01)
   NLEPS Armijo backtracks=9, alpha=1.953e-03, res_new=1.089400e-07
75 NLEPS (nconv=5, restart=0) residual norm 1.089400e-07
  Residual norms for GMRES solve
  0 (restart 0) KSP residual norm 1.920424e-12
  1 (restart 0) KSP residual norm 1.589183e-12
  2 (restart 0) KSP residual norm 1.499842e-12
  3 (restart 0) KSP residual norm 1.483221e-12
  4 (restart 0) KSP residual norm 1.423037e-12
  5 (restart 0) KSP residual norm 1.396142e-12
  6 (restart 0) KSP residual norm 1.391993e-12
  7 (restart 0) KSP residual norm 1.344514e-12
  8 (restart 0) KSP residual norm 1.238964e-12
  9 (restart 0) KSP residual norm 1.117162e-12
 10 (restart 0) KSP residual norm 1.072596e-12
 11 (restart 0) KSP residual norm 1.068397e-12
 12 (restart 0) KSP residual norm 1.063675e-12
 13 (restart 0) KSP residual norm 1.059521e-12
 14 (restart 0) KSP residual norm 1.057390e-12
 15 (restart 0) KSP residual norm 1.054931e-12
 16 (restart 0) KSP residual norm 1.050527e-12
 17 (restart 0) KSP residual norm 1.044502e-12
 18 (restart 0) KSP residual norm 1.015950e-12
 19 (restart 0) KSP residual norm 9.844756e-13
GMRES solver converged in 19 iterations (avg. reduction factor: 9.654e-01)
   NLEPS Armijo backtracks=9, alpha=1.953e-03, res_new=1.089616e-07
76 NLEPS (nconv=5, restart=0) residual norm 1.089616e-07
  Residual norms for GMRES solve
  0 (restart 0) KSP residual norm 1.918470e-12
  1 (restart 0) KSP residual norm 1.587853e-12
  2 (restart 0) KSP residual norm 1.497909e-12
  3 (restart 0) KSP residual norm 1.481277e-12
  4 (restart 0) KSP residual norm 1.421384e-12
  5 (restart 0) KSP residual norm 1.394582e-12
  6 (restart 0) KSP residual norm 1.390409e-12
  7 (restart 0) KSP residual norm 1.343004e-12
  8 (restart 0) KSP residual norm 1.237677e-12
  9 (restart 0) KSP residual norm 1.116401e-12
 10 (restart 0) KSP residual norm 1.072309e-12
 11 (restart 0) KSP residual norm 1.068181e-12
 12 (restart 0) KSP residual norm 1.063416e-12
 13 (restart 0) KSP residual norm 1.059245e-12
 14 (restart 0) KSP residual norm 1.057122e-12
 15 (restart 0) KSP residual norm 1.054674e-12
 16 (restart 0) KSP residual norm 1.050277e-12
 17 (restart 0) KSP residual norm 1.044271e-12
 18 (restart 0) KSP residual norm 1.015717e-12
 19 (restart 0) KSP residual norm 9.843248e-13
GMRES solver converged in 19 iterations (avg. reduction factor: 9.655e-01)
   NLEPS Armijo backtracks=9, alpha=1.953e-03, res_new=1.089831e-07
77 NLEPS (nconv=5, restart=0) residual norm 1.089831e-07
  Residual norms for GMRES solve
  0 (restart 0) KSP residual norm 1.916594e-12
  1 (restart 0) KSP residual norm 1.586879e-12
  2 (restart 0) KSP residual norm 1.496414e-12
  3 (restart 0) KSP residual norm 1.479721e-12
  4 (restart 0) KSP residual norm 1.419984e-12
  5 (restart 0) KSP residual norm 1.393254e-12
  6 (restart 0) KSP residual norm 1.389090e-12
  7 (restart 0) KSP residual norm 1.341787e-12
  8 (restart 0) KSP residual norm 1.236632e-12
  9 (restart 0) KSP residual norm 1.115731e-12
 10 (restart 0) KSP residual norm 1.071980e-12
 11 (restart 0) KSP residual norm 1.067910e-12
 12 (restart 0) KSP residual norm 1.063133e-12
 13 (restart 0) KSP residual norm 1.058960e-12
 14 (restart 0) KSP residual norm 1.056846e-12
 15 (restart 0) KSP residual norm 1.054417e-12
 16 (restart 0) KSP residual norm 1.050024e-12
 17 (restart 0) KSP residual norm 1.044043e-12
 18 (restart 0) KSP residual norm 1.015488e-12
 19 (restart 0) KSP residual norm 9.841764e-13
GMRES solver converged in 19 iterations (avg. reduction factor: 9.655e-01)
   NLEPS Armijo backtracks=9, alpha=1.953e-03, res_new=1.090046e-07
78 NLEPS (nconv=5, restart=0) residual norm 1.090046e-07
  Residual norms for GMRES solve
  0 (restart 0) KSP residual norm 1.914368e-12
  1 (restart 0) KSP residual norm 1.585542e-12
  2 (restart 0) KSP residual norm 1.494519e-12
  3 (restart 0) KSP residual norm 1.477775e-12
  4 (restart 0) KSP residual norm 1.418380e-12
  5 (restart 0) KSP residual norm 1.391689e-12
  6 (restart 0) KSP residual norm 1.387552e-12
  7 (restart 0) KSP residual norm 1.340336e-12
  8 (restart 0) KSP residual norm 1.235341e-12
  9 (restart 0) KSP residual norm 1.114984e-12
 10 (restart 0) KSP residual norm 1.071686e-12
 11 (restart 0) KSP residual norm 1.067675e-12
 12 (restart 0) KSP residual norm 1.062861e-12
 13 (restart 0) KSP residual norm 1.058671e-12
 14 (restart 0) KSP residual norm 1.056571e-12
 15 (restart 0) KSP residual norm 1.054160e-12
 16 (restart 0) KSP residual norm 1.049763e-12
 17 (restart 0) KSP residual norm 1.043791e-12
 18 (restart 0) KSP residual norm 1.015207e-12
 19 (restart 0) KSP residual norm 9.840093e-13
GMRES solver converged in 19 iterations (avg. reduction factor: 9.656e-01)
   NLEPS Armijo backtracks=9, alpha=1.953e-03, res_new=1.090261e-07
79 NLEPS (nconv=5, restart=0) residual norm 1.090261e-07
  Residual norms for GMRES solve
  0 (restart 0) KSP residual norm 1.912278e-12
  1 (restart 0) KSP residual norm 1.584325e-12
  2 (restart 0) KSP residual norm 1.492751e-12
  3 (restart 0) KSP residual norm 1.475957e-12
  4 (restart 0) KSP residual norm 1.416814e-12
  5 (restart 0) KSP residual norm 1.390204e-12
  6 (restart 0) KSP residual norm 1.386061e-12
  7 (restart 0) KSP residual norm 1.338975e-12
  8 (restart 0) KSP residual norm 1.234212e-12
  9 (restart 0) KSP residual norm 1.114289e-12
 10 (restart 0) KSP residual norm 1.071372e-12
 11 (restart 0) KSP residual norm 1.067417e-12
 12 (restart 0) KSP residual norm 1.062573e-12
 13 (restart 0) KSP residual norm 1.058380e-12
 14 (restart 0) KSP residual norm 1.056288e-12
 15 (restart 0) KSP residual norm 1.053890e-12
 16 (restart 0) KSP residual norm 1.049506e-12
 17 (restart 0) KSP residual norm 1.043566e-12
 18 (restart 0) KSP residual norm 1.014996e-12
 19 (restart 0) KSP residual norm 9.838711e-13
GMRES solver converged in 19 iterations (avg. reduction factor: 9.656e-01)
   NLEPS Armijo backtracks=9, alpha=1.953e-03, res_new=1.090474e-07
80 NLEPS (nconv=5, restart=0) residual norm 1.090474e-07
  Residual norms for GMRES solve
  0 (restart 0) KSP residual norm 1.909401e-12
  1 (restart 0) KSP residual norm 1.583030e-12
  2 (restart 0) KSP residual norm 1.491003e-12
  3 (restart 0) KSP residual norm 1.473937e-12
  4 (restart 0) KSP residual norm 1.415158e-12
  5 (restart 0) KSP residual norm 1.388673e-12
  6 (restart 0) KSP residual norm 1.384522e-12
  7 (restart 0) KSP residual norm 1.337514e-12
  8 (restart 0) KSP residual norm 1.232982e-12
  9 (restart 0) KSP residual norm 1.113554e-12
 10 (restart 0) KSP residual norm 1.071058e-12
 11 (restart 0) KSP residual norm 1.067169e-12
 12 (restart 0) KSP residual norm 1.062290e-12
 13 (restart 0) KSP residual norm 1.058087e-12
 14 (restart 0) KSP residual norm 1.056005e-12
 15 (restart 0) KSP residual norm 1.053622e-12
 16 (restart 0) KSP residual norm 1.049246e-12
 17 (restart 0) KSP residual norm 1.043331e-12
 18 (restart 0) KSP residual norm 1.014765e-12
 19 (restart 0) KSP residual norm 9.837310e-13
GMRES solver converged in 19 iterations (avg. reduction factor: 9.657e-01)
   NLEPS Armijo backtracks=9, alpha=1.953e-03, res_new=1.090688e-07
81 NLEPS (nconv=5, restart=0) residual norm 1.090688e-07
  Residual norms for GMRES solve
  0 (restart 0) KSP residual norm 1.907681e-12
  1 (restart 0) KSP residual norm 1.581757e-12
  2 (restart 0) KSP residual norm 1.489136e-12
  3 (restart 0) KSP residual norm 1.472200e-12
  4 (restart 0) KSP residual norm 1.413613e-12
  5 (restart 0) KSP residual norm 1.387149e-12
  6 (restart 0) KSP residual norm 1.383010e-12
  7 (restart 0) KSP residual norm 1.336074e-12
  8 (restart 0) KSP residual norm 1.231709e-12
  9 (restart 0) KSP residual norm 1.112822e-12
 10 (restart 0) KSP residual norm 1.070761e-12
 11 (restart 0) KSP residual norm 1.066930e-12
 12 (restart 0) KSP residual norm 1.062014e-12
 13 (restart 0) KSP residual norm 1.057793e-12
 14 (restart 0) KSP residual norm 1.055721e-12
 15 (restart 0) KSP residual norm 1.053364e-12
 16 (restart 0) KSP residual norm 1.048979e-12
 17 (restart 0) KSP residual norm 1.043082e-12
 18 (restart 0) KSP residual norm 1.014495e-12
 19 (restart 0) KSP residual norm 9.835866e-13
GMRES solver converged in 19 iterations (avg. reduction factor: 9.657e-01)
   NLEPS Armijo backtracks=9, alpha=1.953e-03, res_new=1.090900e-07
82 NLEPS (nconv=5, restart=0) residual norm 1.090900e-07
  Residual norms for GMRES solve
  0 (restart 0) KSP residual norm 1.905467e-12
  1 (restart 0) KSP residual norm 1.580841e-12
  2 (restart 0) KSP residual norm 1.487716e-12
  3 (restart 0) KSP residual norm 1.470598e-12
  4 (restart 0) KSP residual norm 1.412309e-12
  5 (restart 0) KSP residual norm 1.385903e-12
  6 (restart 0) KSP residual norm 1.381811e-12
  7 (restart 0) KSP residual norm 1.334991e-12
  8 (restart 0) KSP residual norm 1.230778e-12
  9 (restart 0) KSP residual norm 1.112200e-12
 10 (restart 0) KSP residual norm 1.070418e-12
 11 (restart 0) KSP residual norm 1.066630e-12
 12 (restart 0) KSP residual norm 1.061717e-12
 13 (restart 0) KSP residual norm 1.057505e-12
 14 (restart 0) KSP residual norm 1.055444e-12
 15 (restart 0) KSP residual norm 1.053104e-12
 16 (restart 0) KSP residual norm 1.048731e-12
 17 (restart 0) KSP residual norm 1.042860e-12
 18 (restart 0) KSP residual norm 1.014289e-12
 19 (restart 0) KSP residual norm 9.834487e-13
GMRES solver converged in 19 iterations (avg. reduction factor: 9.658e-01)
   NLEPS Armijo backtracks=9, alpha=1.953e-03, res_new=1.091112e-07
83 NLEPS (nconv=5, restart=0) residual norm 1.091112e-07
  Residual norms for GMRES solve
  0 (restart 0) KSP residual norm 1.903079e-12
  1 (restart 0) KSP residual norm 1.579529e-12
  2 (restart 0) KSP residual norm 1.485888e-12
  3 (restart 0) KSP residual norm 1.468653e-12
  4 (restart 0) KSP residual norm 1.410649e-12
  5 (restart 0) KSP residual norm 1.384335e-12
  6 (restart 0) KSP residual norm 1.380211e-12
  7 (restart 0) KSP residual norm 1.333474e-12
  8 (restart 0) KSP residual norm 1.229503e-12
  9 (restart 0) KSP residual norm 1.111483e-12
 10 (restart 0) KSP residual norm 1.070133e-12
 11 (restart 0) KSP residual norm 1.066406e-12
 12 (restart 0) KSP residual norm 1.061445e-12
 13 (restart 0) KSP residual norm 1.057217e-12
 14 (restart 0) KSP residual norm 1.055170e-12
 15 (restart 0) KSP residual norm 1.052845e-12
 16 (restart 0) KSP residual norm 1.048469e-12
 17 (restart 0) KSP residual norm 1.042613e-12
 18 (restart 0) KSP residual norm 1.014035e-12
 19 (restart 0) KSP residual norm 9.833182e-13
GMRES solver converged in 19 iterations (avg. reduction factor: 9.658e-01)
   NLEPS Armijo backtracks=9, alpha=1.953e-03, res_new=1.091324e-07
84 NLEPS (nconv=5, restart=0) residual norm 1.091324e-07
  Residual norms for GMRES solve
  0 (restart 0) KSP residual norm 1.900975e-12
  1 (restart 0) KSP residual norm 1.578370e-12
  2 (restart 0) KSP residual norm 1.484160e-12
  3 (restart 0) KSP residual norm 1.466886e-12
  4 (restart 0) KSP residual norm 1.409274e-12
  5 (restart 0) KSP residual norm 1.383038e-12
  6 (restart 0) KSP residual norm 1.378946e-12
  7 (restart 0) KSP residual norm 1.332298e-12
  8 (restart 0) KSP residual norm 1.228504e-12
  9 (restart 0) KSP residual norm 1.110839e-12
 10 (restart 0) KSP residual norm 1.069789e-12
 11 (restart 0) KSP residual norm 1.066103e-12
 12 (restart 0) KSP residual norm 1.061140e-12
 13 (restart 0) KSP residual norm 1.056914e-12
 14 (restart 0) KSP residual norm 1.054879e-12
 15 (restart 0) KSP residual norm 1.052575e-12
 16 (restart 0) KSP residual norm 1.048204e-12
 17 (restart 0) KSP residual norm 1.042370e-12
 18 (restart 0) KSP residual norm 1.013804e-12
 19 (restart 0) KSP residual norm 9.831991e-13
GMRES solver converged in 19 iterations (avg. reduction factor: 9.659e-01)
   NLEPS Armijo backtracks=9, alpha=1.953e-03, res_new=1.091535e-07
85 NLEPS (nconv=5, restart=0) residual norm 1.091535e-07
  Residual norms for GMRES solve
  0 (restart 0) KSP residual norm 1.898616e-12
  1 (restart 0) KSP residual norm 1.577190e-12
  2 (restart 0) KSP residual norm 1.482474e-12
  3 (restart 0) KSP residual norm 1.465091e-12
  4 (restart 0) KSP residual norm 1.407737e-12
  5 (restart 0) KSP residual norm 1.381511e-12
  6 (restart 0) KSP residual norm 1.377459e-12
  7 (restart 0) KSP residual norm 1.330928e-12
  8 (restart 0) KSP residual norm 1.227328e-12
  9 (restart 0) KSP residual norm 1.110138e-12
 10 (restart 0) KSP residual norm 1.069485e-12
 11 (restart 0) KSP residual norm 1.065861e-12
 12 (restart 0) KSP residual norm 1.060860e-12
 13 (restart 0) KSP residual norm 1.056629e-12
 14 (restart 0) KSP residual norm 1.054605e-12
 15 (restart 0) KSP residual norm 1.052317e-12
 16 (restart 0) KSP residual norm 1.047955e-12
 17 (restart 0) KSP residual norm 1.042146e-12
 18 (restart 0) KSP residual norm 1.013593e-12
 19 (restart 0) KSP residual norm 9.830782e-13
GMRES solver converged in 19 iterations (avg. reduction factor: 9.660e-01)
   NLEPS Armijo backtracks=9, alpha=1.953e-03, res_new=1.091746e-07
86 NLEPS (nconv=5, restart=0) residual norm 1.091746e-07
  Residual norms for GMRES solve
  0 (restart 0) KSP residual norm 1.896136e-12
  1 (restart 0) KSP residual norm 1.575945e-12
  2 (restart 0) KSP residual norm 1.480763e-12
  3 (restart 0) KSP residual norm 1.463232e-12
  4 (restart 0) KSP residual norm 1.406103e-12
  5 (restart 0) KSP residual norm 1.379994e-12
  6 (restart 0) KSP residual norm 1.375927e-12
  7 (restart 0) KSP residual norm 1.329494e-12
  8 (restart 0) KSP residual norm 1.226098e-12
  9 (restart 0) KSP residual norm 1.109413e-12
 10 (restart 0) KSP residual norm 1.069188e-12
 11 (restart 0) KSP residual norm 1.065623e-12
 12 (restart 0) KSP residual norm 1.060592e-12
 13 (restart 0) KSP residual norm 1.056345e-12
 14 (restart 0) KSP residual norm 1.054327e-12
 15 (restart 0) KSP residual norm 1.052055e-12
 16 (restart 0) KSP residual norm 1.047701e-12
 17 (restart 0) KSP residual norm 1.041925e-12
 18 (restart 0) KSP residual norm 1.013387e-12
 19 (restart 0) KSP residual norm 9.829529e-13
GMRES solver converged in 19 iterations (avg. reduction factor: 9.660e-01)
   NLEPS Armijo backtracks=9, alpha=1.953e-03, res_new=1.091956e-07
87 NLEPS (nconv=5, restart=0) residual norm 1.091956e-07
  Residual norms for GMRES solve
  0 (restart 0) KSP residual norm 1.894560e-12
  1 (restart 0) KSP residual norm 1.574905e-12
  2 (restart 0) KSP residual norm 1.479124e-12
  3 (restart 0) KSP residual norm 1.461628e-12
  4 (restart 0) KSP residual norm 1.404725e-12
  5 (restart 0) KSP residual norm 1.378650e-12
  6 (restart 0) KSP residual norm 1.374596e-12
  7 (restart 0) KSP residual norm 1.328270e-12
  8 (restart 0) KSP residual norm 1.225075e-12
  9 (restart 0) KSP residual norm 1.108787e-12
 10 (restart 0) KSP residual norm 1.068876e-12
 11 (restart 0) KSP residual norm 1.065359e-12
 12 (restart 0) KSP residual norm 1.060308e-12
 13 (restart 0) KSP residual norm 1.056063e-12
 14 (restart 0) KSP residual norm 1.054057e-12
 15 (restart 0) KSP residual norm 1.051801e-12
 16 (restart 0) KSP residual norm 1.047448e-12
 17 (restart 0) KSP residual norm 1.041683e-12
 18 (restart 0) KSP residual norm 1.013133e-12
 19 (restart 0) KSP residual norm 9.827848e-13
GMRES solver converged in 19 iterations (avg. reduction factor: 9.660e-01)
   NLEPS Armijo backtracks=9, alpha=1.953e-03, res_new=1.092166e-07
88 NLEPS (nconv=5, restart=0) residual norm 1.092166e-07
  Residual norms for GMRES solve
  0 (restart 0) KSP residual norm 1.892146e-12
  1 (restart 0) KSP residual norm 1.573719e-12
  2 (restart 0) KSP residual norm 1.477442e-12
  3 (restart 0) KSP residual norm 1.459755e-12
  4 (restart 0) KSP residual norm 1.403143e-12
  5 (restart 0) KSP residual norm 1.377149e-12
  6 (restart 0) KSP residual norm 1.373114e-12
  7 (restart 0) KSP residual norm 1.326911e-12
  8 (restart 0) KSP residual norm 1.223943e-12
  9 (restart 0) KSP residual norm 1.108101e-12
 10 (restart 0) KSP residual norm 1.068580e-12
 11 (restart 0) KSP residual norm 1.065121e-12
 12 (restart 0) KSP residual norm 1.060045e-12
 13 (restart 0) KSP residual norm 1.055788e-12
 14 (restart 0) KSP residual norm 1.053788e-12
 15 (restart 0) KSP residual norm 1.051543e-12
 16 (restart 0) KSP residual norm 1.047204e-12
 17 (restart 0) KSP residual norm 1.041473e-12
 18 (restart 0) KSP residual norm 1.012941e-12
 19 (restart 0) KSP residual norm 9.826524e-13
GMRES solver converged in 19 iterations (avg. reduction factor: 9.661e-01)
   NLEPS Armijo backtracks=9, alpha=1.953e-03, res_new=1.092375e-07
89 NLEPS (nconv=5, restart=0) residual norm 1.092375e-07
  Residual norms for GMRES solve
  0 (restart 0) KSP residual norm 1.889902e-12
  1 (restart 0) KSP residual norm 1.572530e-12
  2 (restart 0) KSP residual norm 1.475701e-12
  3 (restart 0) KSP residual norm 1.457935e-12
  4 (restart 0) KSP residual norm 1.401707e-12
  5 (restart 0) KSP residual norm 1.375757e-12
  6 (restart 0) KSP residual norm 1.371751e-12
  7 (restart 0) KSP residual norm 1.325624e-12
  8 (restart 0) KSP residual norm 1.222813e-12
  9 (restart 0) KSP residual norm 1.107440e-12
 10 (restart 0) KSP residual norm 1.068273e-12
 11 (restart 0) KSP residual norm 1.064859e-12
 12 (restart 0) KSP residual norm 1.059759e-12
 13 (restart 0) KSP residual norm 1.055497e-12
 14 (restart 0) KSP residual norm 1.053512e-12
 15 (restart 0) KSP residual norm 1.051295e-12
 16 (restart 0) KSP residual norm 1.046951e-12
 17 (restart 0) KSP residual norm 1.041235e-12
 18 (restart 0) KSP residual norm 1.012696e-12
 19 (restart 0) KSP residual norm 9.825443e-13
GMRES solver converged in 19 iterations (avg. reduction factor: 9.662e-01)
   NLEPS Armijo backtracks=9, alpha=1.953e-03, res_new=1.092584e-07
90 NLEPS (nconv=5, restart=0) residual norm 1.092584e-07
  Residual norms for GMRES solve
  0 (restart 0) KSP residual norm 1.888090e-12
  1 (restart 0) KSP residual norm 1.571442e-12
  2 (restart 0) KSP residual norm 1.474090e-12
  3 (restart 0) KSP residual norm 1.456342e-12
  4 (restart 0) KSP residual norm 1.400294e-12
  5 (restart 0) KSP residual norm 1.374414e-12
  6 (restart 0) KSP residual norm 1.370404e-12
  7 (restart 0) KSP residual norm 1.324347e-12
  8 (restart 0) KSP residual norm 1.221757e-12
  9 (restart 0) KSP residual norm 1.106797e-12
 10 (restart 0) KSP residual norm 1.067961e-12
 11 (restart 0) KSP residual norm 1.064599e-12
 12 (restart 0) KSP residual norm 1.059475e-12
 13 (restart 0) KSP residual norm 1.055214e-12
 14 (restart 0) KSP residual norm 1.053239e-12
 15 (restart 0) KSP residual norm 1.051036e-12
 16 (restart 0) KSP residual norm 1.046695e-12
 17 (restart 0) KSP residual norm 1.040993e-12
 18 (restart 0) KSP residual norm 1.012451e-12
 19 (restart 0) KSP residual norm 9.823780e-13
GMRES solver converged in 19 iterations (avg. reduction factor: 9.662e-01)
   NLEPS Armijo backtracks=9, alpha=1.953e-03, res_new=1.092792e-07
91 NLEPS (nconv=5, restart=0) residual norm 1.092792e-07
  Residual norms for GMRES solve
  0 (restart 0) KSP residual norm 1.885786e-12
  1 (restart 0) KSP residual norm 1.570182e-12
  2 (restart 0) KSP residual norm 1.472267e-12
  3 (restart 0) KSP residual norm 1.454461e-12
  4 (restart 0) KSP residual norm 1.398752e-12
  5 (restart 0) KSP residual norm 1.372941e-12
  6 (restart 0) KSP residual norm 1.368950e-12
  7 (restart 0) KSP residual norm 1.323012e-12
  8 (restart 0) KSP residual norm 1.220634e-12
  9 (restart 0) KSP residual norm 1.106126e-12
 10 (restart 0) KSP residual norm 1.067644e-12
 11 (restart 0) KSP residual norm 1.064335e-12
 12 (restart 0) KSP residual norm 1.059186e-12
 13 (restart 0) KSP residual norm 1.054919e-12
 14 (restart 0) KSP residual norm 1.052956e-12
 15 (restart 0) KSP residual norm 1.050764e-12
 16 (restart 0) KSP residual norm 1.046433e-12
 17 (restart 0) KSP residual norm 1.040756e-12
 18 (restart 0) KSP residual norm 1.012241e-12
 19 (restart 0) KSP residual norm 9.822602e-13
GMRES solver converged in 19 iterations (avg. reduction factor: 9.663e-01)
   NLEPS Armijo backtracks=9, alpha=1.953e-03, res_new=1.092999e-07
92 NLEPS (nconv=5, restart=0) residual norm 1.092999e-07
  Residual norms for GMRES solve
  0 (restart 0) KSP residual norm 1.883735e-12
  1 (restart 0) KSP residual norm 1.569021e-12
  2 (restart 0) KSP residual norm 1.470590e-12
  3 (restart 0) KSP residual norm 1.452706e-12
  4 (restart 0) KSP residual norm 1.397205e-12
  5 (restart 0) KSP residual norm 1.371427e-12
  6 (restart 0) KSP residual norm 1.367451e-12
  7 (restart 0) KSP residual norm 1.321611e-12
  8 (restart 0) KSP residual norm 1.219423e-12
  9 (restart 0) KSP residual norm 1.105460e-12
 10 (restart 0) KSP residual norm 1.067411e-12
 11 (restart 0) KSP residual norm 1.064146e-12
 12 (restart 0) KSP residual norm 1.058949e-12
 13 (restart 0) KSP residual norm 1.054662e-12
 14 (restart 0) KSP residual norm 1.052706e-12
 15 (restart 0) KSP residual norm 1.050536e-12
 16 (restart 0) KSP residual norm 1.046206e-12
 17 (restart 0) KSP residual norm 1.040552e-12
 18 (restart 0) KSP residual norm 1.012037e-12
 19 (restart 0) KSP residual norm 9.821609e-13
GMRES solver converged in 19 iterations (avg. reduction factor: 9.663e-01)
   NLEPS Armijo backtracks=9, alpha=1.953e-03, res_new=1.093207e-07
93 NLEPS (nconv=5, restart=0) residual norm 1.093207e-07
  Residual norms for GMRES solve
  0 (restart 0) KSP residual norm 1.881782e-12
  1 (restart 0) KSP residual norm 1.568079e-12
  2 (restart 0) KSP residual norm 1.469137e-12
  3 (restart 0) KSP residual norm 1.451169e-12
  4 (restart 0) KSP residual norm 1.395963e-12
  5 (restart 0) KSP residual norm 1.370233e-12
  6 (restart 0) KSP residual norm 1.366283e-12
  7 (restart 0) KSP residual norm 1.320517e-12
  8 (restart 0) KSP residual norm 1.218521e-12
  9 (restart 0) KSP residual norm 1.104882e-12
 10 (restart 0) KSP residual norm 1.067068e-12
 11 (restart 0) KSP residual norm 1.063848e-12
 12 (restart 0) KSP residual norm 1.058656e-12
 13 (restart 0) KSP residual norm 1.054378e-12
 14 (restart 0) KSP residual norm 1.052435e-12
 15 (restart 0) KSP residual norm 1.050285e-12
 16 (restart 0) KSP residual norm 1.045954e-12
 17 (restart 0) KSP residual norm 1.040313e-12
 18 (restart 0) KSP residual norm 1.011788e-12
 19 (restart 0) KSP residual norm 9.820001e-13
GMRES solver converged in 19 iterations (avg. reduction factor: 9.663e-01)
   NLEPS Armijo backtracks=9, alpha=1.953e-03, res_new=1.093413e-07
94 NLEPS (nconv=5, restart=0) residual norm 1.093413e-07
  Residual norms for GMRES solve
  0 (restart 0) KSP residual norm 1.879665e-12
  1 (restart 0) KSP residual norm 1.566812e-12
  2 (restart 0) KSP residual norm 1.467330e-12
  3 (restart 0) KSP residual norm 1.449323e-12
  4 (restart 0) KSP residual norm 1.394329e-12
  5 (restart 0) KSP residual norm 1.368698e-12
  6 (restart 0) KSP residual norm 1.364734e-12
  7 (restart 0) KSP residual norm 1.319095e-12
  8 (restart 0) KSP residual norm 1.217336e-12
  9 (restart 0) KSP residual norm 1.104187e-12
 10 (restart 0) KSP residual norm 1.066774e-12
 11 (restart 0) KSP residual norm 1.063616e-12
 12 (restart 0) KSP residual norm 1.058386e-12
 13 (restart 0) KSP residual norm 1.054098e-12
 14 (restart 0) KSP residual norm 1.052163e-12
 15 (restart 0) KSP residual norm 1.050017e-12
 16 (restart 0) KSP residual norm 1.045703e-12
 17 (restart 0) KSP residual norm 1.040093e-12
 18 (restart 0) KSP residual norm 1.011598e-12
 19 (restart 0) KSP residual norm 9.818502e-13
GMRES solver converged in 19 iterations (avg. reduction factor: 9.664e-01)
   NLEPS Armijo backtracks=9, alpha=1.953e-03, res_new=1.093619e-07
95 NLEPS (nconv=5, restart=0) residual norm 1.093619e-07
  Residual norms for GMRES solve
  0 (restart 0) KSP residual norm 1.877171e-12
  1 (restart 0) KSP residual norm 1.565655e-12
  2 (restart 0) KSP residual norm 1.465707e-12
  3 (restart 0) KSP residual norm 1.447543e-12
  4 (restart 0) KSP residual norm 1.392920e-12
  5 (restart 0) KSP residual norm 1.367388e-12
  6 (restart 0) KSP residual norm 1.363408e-12
  7 (restart 0) KSP residual norm 1.317835e-12
  8 (restart 0) KSP residual norm 1.216253e-12
  9 (restart 0) KSP residual norm 1.103556e-12
 10 (restart 0) KSP residual norm 1.066466e-12
 11 (restart 0) KSP residual norm 1.063346e-12
 12 (restart 0) KSP residual norm 1.058092e-12
 13 (restart 0) KSP residual norm 1.053803e-12
 14 (restart 0) KSP residual norm 1.051884e-12
 15 (restart 0) KSP residual norm 1.049760e-12
 16 (restart 0) KSP residual norm 1.045446e-12
 17 (restart 0) KSP residual norm 1.039849e-12
 18 (restart 0) KSP residual norm 1.011349e-12
 19 (restart 0) KSP residual norm 9.817212e-13
GMRES solver converged in 19 iterations (avg. reduction factor: 9.665e-01)
   NLEPS Armijo backtracks=9, alpha=1.953e-03, res_new=1.093825e-07
96 NLEPS (nconv=5, restart=0) residual norm 1.093825e-07
  Residual norms for GMRES solve
  0 (restart 0) KSP residual norm 1.875006e-12
  1 (restart 0) KSP residual norm 1.564494e-12
  2 (restart 0) KSP residual norm 1.464077e-12
  3 (restart 0) KSP residual norm 1.445821e-12
  4 (restart 0) KSP residual norm 1.391383e-12
  5 (restart 0) KSP residual norm 1.365822e-12
  6 (restart 0) KSP residual norm 1.361924e-12
  7 (restart 0) KSP residual norm 1.316501e-12
  8 (restart 0) KSP residual norm 1.215134e-12
  9 (restart 0) KSP residual norm 1.102898e-12
 10 (restart 0) KSP residual norm 1.066194e-12
 11 (restart 0) KSP residual norm 1.063128e-12
 12 (restart 0) KSP residual norm 1.057847e-12
 13 (restart 0) KSP residual norm 1.053544e-12
 14 (restart 0) KSP residual norm 1.051627e-12
 15 (restart 0) KSP residual norm 1.049516e-12
 16 (restart 0) KSP residual norm 1.045211e-12
 17 (restart 0) KSP residual norm 1.039644e-12
 18 (restart 0) KSP residual norm 1.011163e-12
 19 (restart 0) KSP residual norm 9.815905e-13
GMRES solver converged in 19 iterations (avg. reduction factor: 9.665e-01)
   NLEPS Armijo backtracks=9, alpha=1.953e-03, res_new=1.094030e-07
97 NLEPS (nconv=5, restart=0) residual norm 1.094030e-07
  Residual norms for GMRES solve
  0 (restart 0) KSP residual norm 1.873212e-12
  1 (restart 0) KSP residual norm 1.563207e-12
  2 (restart 0) KSP residual norm 1.462143e-12
  3 (restart 0) KSP residual norm 1.443989e-12
  4 (restart 0) KSP residual norm 1.389940e-12
  5 (restart 0) KSP residual norm 1.364504e-12
  6 (restart 0) KSP residual norm 1.360579e-12
  7 (restart 0) KSP residual norm 1.315208e-12
  8 (restart 0) KSP residual norm 1.214055e-12
  9 (restart 0) KSP residual norm 1.102255e-12
 10 (restart 0) KSP residual norm 1.065879e-12
 11 (restart 0) KSP residual norm 1.062860e-12
 12 (restart 0) KSP residual norm 1.057552e-12
 13 (restart 0) KSP residual norm 1.053249e-12
 14 (restart 0) KSP residual norm 1.051348e-12
 15 (restart 0) KSP residual norm 1.049251e-12
 16 (restart 0) KSP residual norm 1.044946e-12
 17 (restart 0) KSP residual norm 1.039392e-12
 18 (restart 0) KSP residual norm 1.010915e-12
 19 (restart 0) KSP residual norm 9.814515e-13
GMRES solver converged in 19 iterations (avg. reduction factor: 9.666e-01)
   NLEPS Armijo backtracks=9, alpha=1.953e-03, res_new=1.094234e-07
98 NLEPS (nconv=5, restart=0) residual norm 1.094234e-07
  Residual norms for GMRES solve
  0 (restart 0) KSP residual norm 1.871257e-12
  1 (restart 0) KSP residual norm 1.562202e-12
  2 (restart 0) KSP residual norm 1.460631e-12
  3 (restart 0) KSP residual norm 1.442370e-12
  4 (restart 0) KSP residual norm 1.388504e-12
  5 (restart 0) KSP residual norm 1.363154e-12
  6 (restart 0) KSP residual norm 1.359207e-12
  7 (restart 0) KSP residual norm 1.313944e-12
  8 (restart 0) KSP residual norm 1.212997e-12
  9 (restart 0) KSP residual norm 1.101644e-12
 10 (restart 0) KSP residual norm 1.065607e-12
 11 (restart 0) KSP residual norm 1.062627e-12
 12 (restart 0) KSP residual norm 1.057285e-12
 13 (restart 0) KSP residual norm 1.052978e-12
 14 (restart 0) KSP residual norm 1.051085e-12
 15 (restart 0) KSP residual norm 1.049007e-12
 16 (restart 0) KSP residual norm 1.044709e-12
 17 (restart 0) KSP residual norm 1.039181e-12
 18 (restart 0) KSP residual norm 1.010711e-12
 19 (restart 0) KSP residual norm 9.813389e-13
GMRES solver converged in 19 iterations (avg. reduction factor: 9.666e-01)
   NLEPS Armijo backtracks=9, alpha=1.953e-03, res_new=1.094438e-07
99 NLEPS (nconv=5, restart=0) residual norm 1.094438e-07
  Residual norms for GMRES solve
  0 (restart 0) KSP residual norm 1.868826e-12
  1 (restart 0) KSP residual norm 1.561190e-12
  2 (restart 0) KSP residual norm 1.459211e-12
  3 (restart 0) KSP residual norm 1.440733e-12
  4 (restart 0) KSP residual norm 1.387073e-12
  5 (restart 0) KSP residual norm 1.361773e-12
  6 (restart 0) KSP residual norm 1.357858e-12
  7 (restart 0) KSP residual norm 1.312701e-12
  8 (restart 0) KSP residual norm 1.211970e-12
  9 (restart 0) KSP residual norm 1.101018e-12
 10 (restart 0) KSP residual norm 1.065311e-12
 11 (restart 0) KSP residual norm 1.062378e-12
 12 (restart 0) KSP residual norm 1.057021e-12
 13 (restart 0) KSP residual norm 1.052710e-12
 14 (restart 0) KSP residual norm 1.050825e-12
 15 (restart 0) KSP residual norm 1.048761e-12
 16 (restart 0) KSP residual norm 1.044474e-12
 17 (restart 0) KSP residual norm 1.038973e-12
 18 (restart 0) KSP residual norm 1.010513e-12
 19 (restart 0) KSP residual norm 9.811872e-13
GMRES solver converged in 19 iterations (avg. reduction factor: 9.667e-01)
   NLEPS Armijo backtracks=9, alpha=1.953e-03, res_new=1.094642e-07
100 NLEPS (nconv=5, restart=0) residual norm 1.094642e-07
  Residual norms for GMRES solve
  0 (restart 0) KSP residual norm 1.866830e-12
  1 (restart 0) KSP residual norm 1.560029e-12
  2 (restart 0) KSP residual norm 1.457494e-12
  3 (restart 0) KSP residual norm 1.438997e-12
  4 (restart 0) KSP residual norm 1.385654e-12
  5 (restart 0) KSP residual norm 1.360386e-12
  6 (restart 0) KSP residual norm 1.356496e-12
  7 (restart 0) KSP residual norm 1.311444e-12
  8 (restart 0) KSP residual norm 1.210904e-12
  9 (restart 0) KSP residual norm 1.100415e-12
 10 (restart 0) KSP residual norm 1.065032e-12
 11 (restart 0) KSP residual norm 1.062139e-12
 12 (restart 0) KSP residual norm 1.056747e-12
 13 (restart 0) KSP residual norm 1.052433e-12
 14 (restart 0) KSP residual norm 1.050562e-12
 15 (restart 0) KSP residual norm 1.048515e-12
 16 (restart 0) KSP residual norm 1.044229e-12
 17 (restart 0) KSP residual norm 1.038743e-12
 18 (restart 0) KSP residual norm 1.010308e-12
 19 (restart 0) KSP residual norm 9.811108e-13
GMRES solver converged in 19 iterations (avg. reduction factor: 9.667e-01)
   NLEPS Armijo backtracks=9, alpha=1.953e-03, res_new=1.094845e-07
101 NLEPS (nconv=5, restart=0) residual norm 1.094845e-07
  Residual norms for GMRES solve
  0 (restart 0) KSP residual norm 1.864877e-12
  1 (restart 0) KSP residual norm 1.559115e-12
  2 (restart 0) KSP residual norm 1.456100e-12
  3 (restart 0) KSP residual norm 1.437479e-12
  4 (restart 0) KSP residual norm 1.384365e-12
  5 (restart 0) KSP residual norm 1.359150e-12
  6 (restart 0) KSP residual norm 1.355271e-12
  7 (restart 0) KSP residual norm 1.310312e-12
  8 (restart 0) KSP residual norm 1.209963e-12
  9 (restart 0) KSP residual norm 1.099853e-12
 10 (restart 0) KSP residual norm 1.064740e-12
 11 (restart 0) KSP residual norm 1.061885e-12
 12 (restart 0) KSP residual norm 1.056487e-12
 13 (restart 0) KSP residual norm 1.052169e-12
 14 (restart 0) KSP residual norm 1.050310e-12
 15 (restart 0) KSP residual norm 1.048280e-12
 16 (restart 0) KSP residual norm 1.043996e-12
 17 (restart 0) KSP residual norm 1.038527e-12
 18 (restart 0) KSP residual norm 1.010094e-12
 19 (restart 0) KSP residual norm 9.809770e-13
GMRES solver converged in 19 iterations (avg. reduction factor: 9.668e-01)
   NLEPS Armijo backtracks=9, alpha=1.953e-03, res_new=1.095047e-07
102 NLEPS (nconv=5, restart=0) residual norm 1.095047e-07
  Residual norms for GMRES solve
  0 (restart 0) KSP residual norm 1.862693e-12
  1 (restart 0) KSP residual norm 1.557898e-12
  2 (restart 0) KSP residual norm 1.454363e-12
  3 (restart 0) KSP residual norm 1.435682e-12
  4 (restart 0) KSP residual norm 1.382863e-12
  5 (restart 0) KSP residual norm 1.357714e-12
  6 (restart 0) KSP residual norm 1.353847e-12
  7 (restart 0) KSP residual norm 1.308980e-12
  8 (restart 0) KSP residual norm 1.208854e-12
  9 (restart 0) KSP residual norm 1.099204e-12
 10 (restart 0) KSP residual norm 1.064456e-12
 11 (restart 0) KSP residual norm 1.061648e-12
 12 (restart 0) KSP residual norm 1.056216e-12
 13 (restart 0) KSP residual norm 1.051892e-12
 14 (restart 0) KSP residual norm 1.050045e-12
 15 (restart 0) KSP residual norm 1.048029e-12
 16 (restart 0) KSP residual norm 1.043747e-12
 17 (restart 0) KSP residual norm 1.038294e-12
 18 (restart 0) KSP residual norm 1.009865e-12
 19 (restart 0) KSP residual norm 9.808258e-13
GMRES solver converged in 19 iterations (avg. reduction factor: 9.668e-01)
   NLEPS Armijo backtracks=9, alpha=1.953e-03, res_new=1.095250e-07
103 NLEPS (nconv=5, restart=0) residual norm 1.095250e-07
  Residual norms for GMRES solve
  0 (restart 0) KSP residual norm 1.860780e-12
  1 (restart 0) KSP residual norm 1.556836e-12
  2 (restart 0) KSP residual norm 1.452798e-12
  3 (restart 0) KSP residual norm 1.434037e-12
  4 (restart 0) KSP residual norm 1.381390e-12
  5 (restart 0) KSP residual norm 1.356314e-12
  6 (restart 0) KSP residual norm 1.352434e-12
  7 (restart 0) KSP residual norm 1.307648e-12
  8 (restart 0) KSP residual norm 1.207747e-12
  9 (restart 0) KSP residual norm 1.098586e-12
 10 (restart 0) KSP residual norm 1.064196e-12
 11 (restart 0) KSP residual norm 1.061435e-12
 12 (restart 0) KSP residual norm 1.055969e-12
 13 (restart 0) KSP residual norm 1.051634e-12
 14 (restart 0) KSP residual norm 1.049792e-12
 15 (restart 0) KSP residual norm 1.047790e-12
 16 (restart 0) KSP residual norm 1.043517e-12
 17 (restart 0) KSP residual norm 1.038089e-12
 18 (restart 0) KSP residual norm 1.009659e-12
 19 (restart 0) KSP residual norm 9.806791e-13
GMRES solver converged in 19 iterations (avg. reduction factor: 9.669e-01)
   NLEPS Armijo backtracks=9, alpha=1.953e-03, res_new=1.095451e-07
104 NLEPS (nconv=5, restart=0) residual norm 1.095451e-07
  Residual norms for GMRES solve
  0 (restart 0) KSP residual norm 1.858762e-12
  1 (restart 0) KSP residual norm 1.555722e-12
  2 (restart 0) KSP residual norm 1.451176e-12
  3 (restart 0) KSP residual norm 1.432377e-12
  4 (restart 0) KSP residual norm 1.379993e-12
  5 (restart 0) KSP residual norm 1.355023e-12
  6 (restart 0) KSP residual norm 1.351133e-12
  7 (restart 0) KSP residual norm 1.306448e-12
  8 (restart 0) KSP residual norm 1.206737e-12
  9 (restart 0) KSP residual norm 1.097982e-12
 10 (restart 0) KSP residual norm 1.063885e-12
 11 (restart 0) KSP residual norm 1.061166e-12
 12 (restart 0) KSP residual norm 1.055683e-12
 13 (restart 0) KSP residual norm 1.051351e-12
 14 (restart 0) KSP residual norm 1.049521e-12
 15 (restart 0) KSP residual norm 1.047530e-12
 16 (restart 0) KSP residual norm 1.043266e-12
 17 (restart 0) KSP residual norm 1.037859e-12
 18 (restart 0) KSP residual norm 1.009459e-12
 19 (restart 0) KSP residual norm 9.805650e-13
GMRES solver converged in 19 iterations (avg. reduction factor: 9.669e-01)
   NLEPS Armijo backtracks=9, alpha=1.953e-03, res_new=1.095652e-07
105 NLEPS (nconv=5, restart=0) residual norm 1.095652e-07
  Residual norms for GMRES solve
  0 (restart 0) KSP residual norm 1.856825e-12
  1 (restart 0) KSP residual norm 1.554674e-12
  2 (restart 0) KSP residual norm 1.449619e-12
  3 (restart 0) KSP residual norm 1.430773e-12
  4 (restart 0) KSP residual norm 1.378643e-12
  5 (restart 0) KSP residual norm 1.353678e-12
  6 (restart 0) KSP residual norm 1.349817e-12
  7 (restart 0) KSP residual norm 1.305226e-12
  8 (restart 0) KSP residual norm 1.205733e-12
  9 (restart 0) KSP residual norm 1.097419e-12
 10 (restart 0) KSP residual norm 1.063614e-12
 11 (restart 0) KSP residual norm 1.060927e-12
 12 (restart 0) KSP residual norm 1.055418e-12
 13 (restart 0) KSP residual norm 1.051083e-12
 14 (restart 0) KSP residual norm 1.049267e-12
 15 (restart 0) KSP residual norm 1.047302e-12
 16 (restart 0) KSP residual norm 1.043029e-12
 17 (restart 0) KSP residual norm 1.037633e-12
 18 (restart 0) KSP residual norm 1.009220e-12
 19 (restart 0) KSP residual norm 9.804381e-13
GMRES solver converged in 19 iterations (avg. reduction factor: 9.669e-01)
   NLEPS Armijo backtracks=9, alpha=1.953e-03, res_new=1.095852e-07
106 NLEPS (nconv=5, restart=0) residual norm 1.095852e-07
  Residual norms for GMRES solve
  0 (restart 0) KSP residual norm 1.854999e-12
  1 (restart 0) KSP residual norm 1.553705e-12
  2 (restart 0) KSP residual norm 1.448126e-12
  3 (restart 0) KSP residual norm 1.429236e-12
  4 (restart 0) KSP residual norm 1.377335e-12
  5 (restart 0) KSP residual norm 1.352444e-12
  6 (restart 0) KSP residual norm 1.348601e-12
  7 (restart 0) KSP residual norm 1.304102e-12
  8 (restart 0) KSP residual norm 1.204764e-12
  9 (restart 0) KSP residual norm 1.096830e-12
 10 (restart 0) KSP residual norm 1.063315e-12
 11 (restart 0) KSP residual norm 1.060669e-12
 12 (restart 0) KSP residual norm 1.055152e-12
 13 (restart 0) KSP residual norm 1.050815e-12
 14 (restart 0) KSP residual norm 1.049007e-12
 15 (restart 0) KSP residual norm 1.047057e-12
 16 (restart 0) KSP residual norm 1.042792e-12
 17 (restart 0) KSP residual norm 1.037415e-12
 18 (restart 0) KSP residual norm 1.009014e-12
 19 (restart 0) KSP residual norm 9.803064e-13
GMRES solver converged in 19 iterations (avg. reduction factor: 9.670e-01)
   NLEPS Armijo backtracks=9, alpha=1.953e-03, res_new=1.096052e-07
107 NLEPS (nconv=5, restart=0) residual norm 1.096052e-07
  Residual norms for GMRES solve
  0 (restart 0) KSP residual norm 1.852536e-12
  1 (restart 0) KSP residual norm 1.552450e-12
  2 (restart 0) KSP residual norm 1.446391e-12
  3 (restart 0) KSP residual norm 1.427394e-12
  4 (restart 0) KSP residual norm 1.375870e-12
  5 (restart 0) KSP residual norm 1.351049e-12
  6 (restart 0) KSP residual norm 1.347221e-12
  7 (restart 0) KSP residual norm 1.302818e-12
  8 (restart 0) KSP residual norm 1.203755e-12
  9 (restart 0) KSP residual norm 1.096229e-12
 10 (restart 0) KSP residual norm 1.063019e-12
 11 (restart 0) KSP residual norm 1.060412e-12
 12 (restart 0) KSP residual norm 1.054867e-12
 13 (restart 0) KSP residual norm 1.050531e-12
 14 (restart 0) KSP residual norm 1.048734e-12
 15 (restart 0) KSP residual norm 1.046799e-12
 16 (restart 0) KSP residual norm 1.042543e-12
 17 (restart 0) KSP residual norm 1.037193e-12
 18 (restart 0) KSP residual norm 1.008815e-12
 19 (restart 0) KSP residual norm 9.801940e-13
GMRES solver converged in 19 iterations (avg. reduction factor: 9.671e-01)
   NLEPS Armijo backtracks=9, alpha=1.953e-03, res_new=1.096252e-07
108 NLEPS (nconv=5, restart=0) residual norm 1.096252e-07
  Residual norms for GMRES solve
  0 (restart 0) KSP residual norm 1.850425e-12
  1 (restart 0) KSP residual norm 1.551309e-12
  2 (restart 0) KSP residual norm 1.444764e-12
  3 (restart 0) KSP residual norm 1.425692e-12
  4 (restart 0) KSP residual norm 1.374379e-12
  5 (restart 0) KSP residual norm 1.349665e-12
  6 (restart 0) KSP residual norm 1.345836e-12
  7 (restart 0) KSP residual norm 1.301551e-12
  8 (restart 0) KSP residual norm 1.202650e-12
  9 (restart 0) KSP residual norm 1.095593e-12
 10 (restart 0) KSP residual norm 1.062760e-12
 11 (restart 0) KSP residual norm 1.060193e-12
 12 (restart 0) KSP residual norm 1.054613e-12
 13 (restart 0) KSP residual norm 1.050266e-12
 14 (restart 0) KSP residual norm 1.048481e-12
 15 (restart 0) KSP residual norm 1.046550e-12
 16 (restart 0) KSP residual norm 1.042301e-12
 17 (restart 0) KSP residual norm 1.036974e-12
 18 (restart 0) KSP residual norm 1.008638e-12
 19 (restart 0) KSP residual norm 9.800896e-13
GMRES solver converged in 19 iterations (avg. reduction factor: 9.671e-01)
   NLEPS Armijo backtracks=9, alpha=1.953e-03, res_new=1.096451e-07
109 NLEPS (nconv=5, restart=0) residual norm 1.096451e-07
  Residual norms for GMRES solve
  0 (restart 0) KSP residual norm 1.848104e-12
  1 (restart 0) KSP residual norm 1.550291e-12
  2 (restart 0) KSP residual norm 1.443308e-12
  3 (restart 0) KSP residual norm 1.424003e-12
  4 (restart 0) KSP residual norm 1.372986e-12
  5 (restart 0) KSP residual norm 1.348262e-12
  6 (restart 0) KSP residual norm 1.344459e-12
  7 (restart 0) KSP residual norm 1.300237e-12
  8 (restart 0) KSP residual norm 1.201556e-12
  9 (restart 0) KSP residual norm 1.095024e-12
 10 (restart 0) KSP residual norm 1.062508e-12
 11 (restart 0) KSP residual norm 1.059980e-12
 12 (restart 0) KSP residual norm 1.054362e-12
 13 (restart 0) KSP residual norm 1.050006e-12
 14 (restart 0) KSP residual norm 1.048235e-12
 15 (restart 0) KSP residual norm 1.046331e-12
 16 (restart 0) KSP residual norm 1.042076e-12
 17 (restart 0) KSP residual norm 1.036753e-12
 18 (restart 0) KSP residual norm 1.008391e-12
 19 (restart 0) KSP residual norm 9.799554e-13
GMRES solver converged in 19 iterations (avg. reduction factor: 9.672e-01)
   NLEPS Armijo backtracks=9, alpha=1.953e-03, res_new=1.096649e-07
110 NLEPS (nconv=5, restart=0) residual norm 1.096649e-07
  Residual norms for GMRES solve
  0 (restart 0) KSP residual norm 1.846185e-12
  1 (restart 0) KSP residual norm 1.549192e-12
  2 (restart 0) KSP residual norm 1.441720e-12
  3 (restart 0) KSP residual norm 1.422422e-12
  4 (restart 0) KSP residual norm 1.371634e-12
  5 (restart 0) KSP residual norm 1.347017e-12
  6 (restart 0) KSP residual norm 1.343218e-12
  7 (restart 0) KSP residual norm 1.299139e-12
  8 (restart 0) KSP residual norm 1.200702e-12
  9 (restart 0) KSP residual norm 1.094472e-12
 10 (restart 0) KSP residual norm 1.062203e-12
 11 (restart 0) KSP residual norm 1.059712e-12
 12 (restart 0) KSP residual norm 1.054090e-12
 13 (restart 0) KSP residual norm 1.049740e-12
 14 (restart 0) KSP residual norm 1.047974e-12
 15 (restart 0) KSP residual norm 1.046073e-12
 16 (restart 0) KSP residual norm 1.041839e-12
 17 (restart 0) KSP residual norm 1.036552e-12
 18 (restart 0) KSP residual norm 1.008245e-12
 19 (restart 0) KSP residual norm 9.798513e-13
GMRES solver converged in 19 iterations (avg. reduction factor: 9.672e-01)
   NLEPS Armijo backtracks=9, alpha=1.953e-03, res_new=1.096847e-07
111 NLEPS (nconv=5, restart=0) residual norm 1.096847e-07
  Residual norms for GMRES solve
  0 (restart 0) KSP residual norm 1.844155e-12
  1 (restart 0) KSP residual norm 1.548240e-12
  2 (restart 0) KSP residual norm 1.440294e-12
  3 (restart 0) KSP residual norm 1.420891e-12
  4 (restart 0) KSP residual norm 1.370372e-12
  5 (restart 0) KSP residual norm 1.345804e-12
  6 (restart 0) KSP residual norm 1.342022e-12
  7 (restart 0) KSP residual norm 1.298006e-12
  8 (restart 0) KSP residual norm 1.199755e-12
  9 (restart 0) KSP residual norm 1.093923e-12
 10 (restart 0) KSP residual norm 1.061887e-12
 11 (restart 0) KSP residual norm 1.059429e-12
 12 (restart 0) KSP residual norm 1.053797e-12
 13 (restart 0) KSP residual norm 1.049454e-12
 14 (restart 0) KSP residual norm 1.047705e-12
 15 (restart 0) KSP residual norm 1.045834e-12
 16 (restart 0) KSP residual norm 1.041590e-12
 17 (restart 0) KSP residual norm 1.036304e-12
 18 (restart 0) KSP residual norm 1.007989e-12
 19 (restart 0) KSP residual norm 9.797287e-13
GMRES solver converged in 19 iterations (avg. reduction factor: 9.673e-01)
   NLEPS Armijo backtracks=9, alpha=1.953e-03, res_new=1.097045e-07
112 NLEPS (nconv=5, restart=0) residual norm 1.097045e-07
  Residual norms for GMRES solve
  0 (restart 0) KSP residual norm 1.842214e-12
  1 (restart 0) KSP residual norm 1.546947e-12
  2 (restart 0) KSP residual norm 1.438492e-12
  3 (restart 0) KSP residual norm 1.419158e-12
  4 (restart 0) KSP residual norm 1.368782e-12
  5 (restart 0) KSP residual norm 1.344233e-12
  6 (restart 0) KSP residual norm 1.340463e-12
  7 (restart 0) KSP residual norm 1.296567e-12
  8 (restart 0) KSP residual norm 1.198583e-12
  9 (restart 0) KSP residual norm 1.093291e-12
 10 (restart 0) KSP residual norm 1.061668e-12
 11 (restart 0) KSP residual norm 1.059256e-12
 12 (restart 0) KSP residual norm 1.053572e-12
 13 (restart 0) KSP residual norm 1.049210e-12
 14 (restart 0) KSP residual norm 1.047463e-12
 15 (restart 0) KSP residual norm 1.045593e-12
 16 (restart 0) KSP residual norm 1.041365e-12
 17 (restart 0) KSP residual norm 1.036117e-12
 18 (restart 0) KSP residual norm 1.007832e-12
 19 (restart 0) KSP residual norm 9.795900e-13
GMRES solver converged in 19 iterations (avg. reduction factor: 9.673e-01)
   NLEPS Armijo backtracks=9, alpha=1.953e-03, res_new=1.097242e-07
113 NLEPS (nconv=5, restart=0) residual norm 1.097242e-07
  Residual norms for GMRES solve
  0 (restart 0) KSP residual norm 1.839844e-12
  1 (restart 0) KSP residual norm 1.545835e-12
  2 (restart 0) KSP residual norm 1.436949e-12
  3 (restart 0) KSP residual norm 1.417395e-12
  4 (restart 0) KSP residual norm 1.367311e-12
  5 (restart 0) KSP residual norm 1.342849e-12
  6 (restart 0) KSP residual norm 1.339075e-12
  7 (restart 0) KSP residual norm 1.295279e-12
  8 (restart 0) KSP residual norm 1.197535e-12
  9 (restart 0) KSP residual norm 1.092703e-12
 10 (restart 0) KSP residual norm 1.061411e-12
 11 (restart 0) KSP residual norm 1.059038e-12
 12 (restart 0) KSP residual norm 1.053312e-12
 13 (restart 0) KSP residual norm 1.048946e-12
 14 (restart 0) KSP residual norm 1.047212e-12
 15 (restart 0) KSP residual norm 1.045355e-12
 16 (restart 0) KSP residual norm 1.041133e-12
 17 (restart 0) KSP residual norm 1.035897e-12
 18 (restart 0) KSP residual norm 1.007609e-12
 19 (restart 0) KSP residual norm 9.794355e-13
GMRES solver converged in 19 iterations (avg. reduction factor: 9.674e-01)
   NLEPS Armijo backtracks=9, alpha=1.953e-03, res_new=1.097439e-07
114 NLEPS (nconv=5, restart=0) residual norm 1.097439e-07
  Residual norms for GMRES solve
  0 (restart 0) KSP residual norm 1.838352e-12
  1 (restart 0) KSP residual norm 1.544884e-12
  2 (restart 0) KSP residual norm 1.435405e-12
  3 (restart 0) KSP residual norm 1.415954e-12
  4 (restart 0) KSP residual norm 1.366067e-12
  5 (restart 0) KSP residual norm 1.341662e-12
  6 (restart 0) KSP residual norm 1.337905e-12
  7 (restart 0) KSP residual norm 1.294196e-12
  8 (restart 0) KSP residual norm 1.196602e-12
  9 (restart 0) KSP residual norm 1.092139e-12
 10 (restart 0) KSP residual norm 1.061111e-12
 11 (restart 0) KSP residual norm 1.058769e-12
 12 (restart 0) KSP residual norm 1.053035e-12
 13 (restart 0) KSP residual norm 1.048671e-12
 14 (restart 0) KSP residual norm 1.046949e-12
 15 (restart 0) KSP residual norm 1.045112e-12
 16 (restart 0) KSP residual norm 1.040891e-12
 17 (restart 0) KSP residual norm 1.035673e-12
 18 (restart 0) KSP residual norm 1.007402e-12
 19 (restart 0) KSP residual norm 9.793343e-13
GMRES solver converged in 19 iterations (avg. reduction factor: 9.674e-01)
   NLEPS Armijo backtracks=9, alpha=1.953e-03, res_new=1.097635e-07
115 NLEPS (nconv=5, restart=0) residual norm 1.097635e-07
  Residual norms for GMRES solve
  0 (restart 0) KSP residual norm 1.835987e-12
  1 (restart 0) KSP residual norm 1.543920e-12
  2 (restart 0) KSP residual norm 1.434083e-12
  3 (restart 0) KSP residual norm 1.414390e-12
  4 (restart 0) KSP residual norm 1.364795e-12
  5 (restart 0) KSP residual norm 1.340397e-12
  6 (restart 0) KSP residual norm 1.336677e-12
  7 (restart 0) KSP residual norm 1.293084e-12
  8 (restart 0) KSP residual norm 1.195720e-12
  9 (restart 0) KSP residual norm 1.091633e-12
 10 (restart 0) KSP residual norm 1.060835e-12
 11 (restart 0) KSP residual norm 1.058529e-12
 12 (restart 0) KSP residual norm 1.052782e-12
 13 (restart 0) KSP residual norm 1.048420e-12
 14 (restart 0) KSP residual norm 1.046707e-12
 15 (restart 0) KSP residual norm 1.044877e-12
 16 (restart 0) KSP residual norm 1.040666e-12
 17 (restart 0) KSP residual norm 1.035467e-12
 18 (restart 0) KSP residual norm 1.007222e-12
 19 (restart 0) KSP residual norm 9.792076e-13
GMRES solver converged in 19 iterations (avg. reduction factor: 9.675e-01)
   NLEPS Armijo backtracks=9, alpha=1.953e-03, res_new=1.097830e-07
116 NLEPS (nconv=5, restart=0) residual norm 1.097830e-07
  Residual norms for GMRES solve
  0 (restart 0) KSP residual norm 1.834174e-12
  1 (restart 0) KSP residual norm 1.542965e-12
  2 (restart 0) KSP residual norm 1.432578e-12
  3 (restart 0) KSP residual norm 1.412836e-12
  4 (restart 0) KSP residual norm 1.363506e-12
  5 (restart 0) KSP residual norm 1.339270e-12
  6 (restart 0) KSP residual norm 1.335511e-12
  7 (restart 0) KSP residual norm 1.291990e-12
  8 (restart 0) KSP residual norm 1.194827e-12
  9 (restart 0) KSP residual norm 1.091090e-12
 10 (restart 0) KSP residual norm 1.060534e-12
 11 (restart 0) KSP residual norm 1.058258e-12
 12 (restart 0) KSP residual norm 1.052505e-12
 13 (restart 0) KSP residual norm 1.048148e-12
 14 (restart 0) KSP residual norm 1.046445e-12
 15 (restart 0) KSP residual norm 1.044634e-12
 16 (restart 0) KSP residual norm 1.040433e-12
 17 (restart 0) KSP residual norm 1.035267e-12
 18 (restart 0) KSP residual norm 1.007069e-12
 19 (restart 0) KSP residual norm 9.791493e-13
GMRES solver converged in 19 iterations (avg. reduction factor: 9.675e-01)
   NLEPS Armijo backtracks=9, alpha=1.953e-03, res_new=1.098025e-07
117 NLEPS (nconv=5, restart=0) residual norm 1.098025e-07
  Residual norms for GMRES solve
  0 (restart 0) KSP residual norm 1.831869e-12
  1 (restart 0) KSP residual norm 1.541760e-12
  2 (restart 0) KSP residual norm 1.430940e-12
  3 (restart 0) KSP residual norm 1.411094e-12
  4 (restart 0) KSP residual norm 1.362099e-12
  5 (restart 0) KSP residual norm 1.337847e-12
  6 (restart 0) KSP residual norm 1.334138e-12
  7 (restart 0) KSP residual norm 1.290710e-12
  8 (restart 0) KSP residual norm 1.193810e-12
  9 (restart 0) KSP residual norm 1.090521e-12
 10 (restart 0) KSP residual norm 1.060276e-12
 11 (restart 0) KSP residual norm 1.058035e-12
 12 (restart 0) KSP residual norm 1.052247e-12
 13 (restart 0) KSP residual norm 1.047888e-12
 14 (restart 0) KSP residual norm 1.046201e-12
 15 (restart 0) KSP residual norm 1.044406e-12
 16 (restart 0) KSP residual norm 1.040201e-12
 17 (restart 0) KSP residual norm 1.035039e-12
 18 (restart 0) KSP residual norm 1.006833e-12
 19 (restart 0) KSP residual norm 9.789988e-13
GMRES solver converged in 19 iterations (avg. reduction factor: 9.676e-01)
   NLEPS Armijo backtracks=9, alpha=1.953e-03, res_new=1.098220e-07
118 NLEPS (nconv=5, restart=0) residual norm 1.098220e-07
  Residual norms for GMRES solve
  0 (restart 0) KSP residual norm 1.830153e-12
  1 (restart 0) KSP residual norm 1.540818e-12
  2 (restart 0) KSP residual norm 1.429519e-12
  3 (restart 0) KSP residual norm 1.409651e-12
  4 (restart 0) KSP residual norm 1.360749e-12
  5 (restart 0) KSP residual norm 1.336579e-12
  6 (restart 0) KSP residual norm 1.332855e-12
  7 (restart 0) KSP residual norm 1.289521e-12
  8 (restart 0) KSP residual norm 1.192795e-12
  9 (restart 0) KSP residual norm 1.089966e-12
 10 (restart 0) KSP residual norm 1.060028e-12
 11 (restart 0) KSP residual norm 1.057821e-12
 12 (restart 0) KSP residual norm 1.052002e-12
 13 (restart 0) KSP residual norm 1.047635e-12
 14 (restart 0) KSP residual norm 1.045956e-12
 15 (restart 0) KSP residual norm 1.044174e-12
 16 (restart 0) KSP residual norm 1.039974e-12
 17 (restart 0) KSP residual norm 1.034831e-12
 18 (restart 0) KSP residual norm 1.006646e-12
 19 (restart 0) KSP residual norm 9.788862e-13
GMRES solver converged in 19 iterations (avg. reduction factor: 9.676e-01)
   NLEPS Armijo backtracks=9, alpha=1.953e-03, res_new=1.098414e-07
119 NLEPS (nconv=5, restart=0) residual norm 1.098414e-07
  Residual norms for GMRES solve
  0 (restart 0) KSP residual norm 1.828212e-12
  1 (restart 0) KSP residual norm 1.539671e-12
  2 (restart 0) KSP residual norm 1.427808e-12
  3 (restart 0) KSP residual norm 1.407945e-12
  4 (restart 0) KSP residual norm 1.359441e-12
  5 (restart 0) KSP residual norm 1.335320e-12
  6 (restart 0) KSP residual norm 1.331626e-12
  7 (restart 0) KSP residual norm 1.288372e-12
  8 (restart 0) KSP residual norm 1.191835e-12
  9 (restart 0) KSP residual norm 1.089400e-12
 10 (restart 0) KSP residual norm 1.059760e-12
 11 (restart 0) KSP residual norm 1.057586e-12
 12 (restart 0) KSP residual norm 1.051739e-12
 13 (restart 0) KSP residual norm 1.047372e-12
 14 (restart 0) KSP residual norm 1.045706e-12
 15 (restart 0) KSP residual norm 1.043938e-12
 16 (restart 0) KSP residual norm 1.039744e-12
 17 (restart 0) KSP residual norm 1.034618e-12
 18 (restart 0) KSP residual norm 1.006458e-12
 19 (restart 0) KSP residual norm 9.787906e-13
GMRES solver converged in 19 iterations (avg. reduction factor: 9.677e-01)
   NLEPS Armijo backtracks=9, alpha=1.953e-03, res_new=1.098608e-07
120 NLEPS (nconv=5, restart=0) residual norm 1.098608e-07
  Residual norms for GMRES solve
  0 (restart 0) KSP residual norm 1.825635e-12
  1 (restart 0) KSP residual norm 1.538480e-12
  2 (restart 0) KSP residual norm 1.426268e-12
  3 (restart 0) KSP residual norm 1.406145e-12
  4 (restart 0) KSP residual norm 1.357838e-12
  5 (restart 0) KSP residual norm 1.333837e-12
  6 (restart 0) KSP residual norm 1.330124e-12
  7 (restart 0) KSP residual norm 1.286980e-12
  8 (restart 0) KSP residual norm 1.190745e-12
  9 (restart 0) KSP residual norm 1.088817e-12
 10 (restart 0) KSP residual norm 1.059529e-12
 11 (restart 0) KSP residual norm 1.057390e-12
 12 (restart 0) KSP residual norm 1.051497e-12
 13 (restart 0) KSP residual norm 1.047117e-12
 14 (restart 0) KSP residual norm 1.045459e-12
 15 (restart 0) KSP residual norm 1.043700e-12
 16 (restart 0) KSP residual norm 1.039515e-12
 17 (restart 0) KSP residual norm 1.034419e-12
 18 (restart 0) KSP residual norm 1.006278e-12
 19 (restart 0) KSP residual norm 9.786593e-13
GMRES solver converged in 19 iterations (avg. reduction factor: 9.677e-01)
   NLEPS Armijo backtracks=9, alpha=1.953e-03, res_new=1.098801e-07
121 NLEPS (nconv=5, restart=0) residual norm 1.098801e-07
  Residual norms for GMRES solve
  0 (restart 0) KSP residual norm 1.823809e-12
  1 (restart 0) KSP residual norm 1.537627e-12
  2 (restart 0) KSP residual norm 1.424972e-12
  3 (restart 0) KSP residual norm 1.404775e-12
  4 (restart 0) KSP residual norm 1.356685e-12
  5 (restart 0) KSP residual norm 1.332712e-12
  6 (restart 0) KSP residual norm 1.329023e-12
  7 (restart 0) KSP residual norm 1.285991e-12
  8 (restart 0) KSP residual norm 1.189911e-12
  9 (restart 0) KSP residual norm 1.088318e-12
 10 (restart 0) KSP residual norm 1.059224e-12
 11 (restart 0) KSP residual norm 1.057115e-12
 12 (restart 0) KSP residual norm 1.051225e-12
 13 (restart 0) KSP residual norm 1.046851e-12
 14 (restart 0) KSP residual norm 1.045205e-12
 15 (restart 0) KSP residual norm 1.043461e-12
 16 (restart 0) KSP residual norm 1.039280e-12
 17 (restart 0) KSP residual norm 1.034196e-12
 18 (restart 0) KSP residual norm 1.006089e-12
 19 (restart 0) KSP residual norm 9.785615e-13
GMRES solver converged in 19 iterations (avg. reduction factor: 9.678e-01)
   NLEPS Armijo backtracks=9, alpha=1.953e-03, res_new=1.098994e-07
122 NLEPS (nconv=5, restart=0) residual norm 1.098994e-07
  Residual norms for GMRES solve
  0 (restart 0) KSP residual norm 1.821922e-12
  1 (restart 0) KSP residual norm 1.536657e-12
  2 (restart 0) KSP residual norm 1.423507e-12
  3 (restart 0) KSP residual norm 1.403258e-12
  4 (restart 0) KSP residual norm 1.355482e-12
  5 (restart 0) KSP residual norm 1.331575e-12
  6 (restart 0) KSP residual norm 1.327911e-12
  7 (restart 0) KSP residual norm 1.284967e-12
  8 (restart 0) KSP residual norm 1.189093e-12
  9 (restart 0) KSP residual norm 1.087811e-12
 10 (restart 0) KSP residual norm 1.058925e-12
 11 (restart 0) KSP residual norm 1.056844e-12
 12 (restart 0) KSP residual norm 1.050955e-12
 13 (restart 0) KSP residual norm 1.046590e-12
 14 (restart 0) KSP residual norm 1.044955e-12
 15 (restart 0) KSP residual norm 1.043226e-12
 16 (restart 0) KSP residual norm 1.039050e-12
 17 (restart 0) KSP residual norm 1.033986e-12
 18 (restart 0) KSP residual norm 1.005901e-12
 19 (restart 0) KSP residual norm 9.784474e-13
GMRES solver converged in 19 iterations (avg. reduction factor: 9.678e-01)
   NLEPS Armijo backtracks=9, alpha=1.953e-03, res_new=1.099187e-07
123 NLEPS (nconv=5, restart=0) residual norm 1.099187e-07
  Residual norms for GMRES solve
  0 (restart 0) KSP residual norm 1.819953e-12
  1 (restart 0) KSP residual norm 1.535379e-12
  2 (restart 0) KSP residual norm 1.421754e-12
  3 (restart 0) KSP residual norm 1.401552e-12
  4 (restart 0) KSP residual norm 1.353900e-12
  5 (restart 0) KSP residual norm 1.330010e-12
  6 (restart 0) KSP residual norm 1.326356e-12
  7 (restart 0) KSP residual norm 1.283506e-12
  8 (restart 0) KSP residual norm 1.187910e-12
  9 (restart 0) KSP residual norm 1.087210e-12
 10 (restart 0) KSP residual norm 1.058715e-12
 11 (restart 0) KSP residual norm 1.056671e-12
 12 (restart 0) KSP residual norm 1.050722e-12
 13 (restart 0) KSP residual norm 1.046341e-12
 14 (restart 0) KSP residual norm 1.044711e-12
 15 (restart 0) KSP residual norm 1.043003e-12
 16 (restart 0) KSP residual norm 1.038832e-12
 17 (restart 0) KSP residual norm 1.033785e-12
 18 (restart 0) KSP residual norm 1.005691e-12
 19 (restart 0) KSP residual norm 9.783087e-13
GMRES solver converged in 19 iterations (avg. reduction factor: 9.679e-01)
   NLEPS Armijo backtracks=9, alpha=1.953e-03, res_new=1.099378e-07
124 NLEPS (nconv=5, restart=0) residual norm 1.099378e-07
  Residual norms for GMRES solve
  0 (restart 0) KSP residual norm 1.818202e-12
  1 (restart 0) KSP residual norm 1.534569e-12
  2 (restart 0) KSP residual norm 1.420454e-12
  3 (restart 0) KSP residual norm 1.400126e-12
  4 (restart 0) KSP residual norm 1.352712e-12
  5 (restart 0) KSP residual norm 1.328893e-12
  6 (restart 0) KSP residual norm 1.325251e-12
  7 (restart 0) KSP residual norm 1.282495e-12
  8 (restart 0) KSP residual norm 1.187093e-12
  9 (restart 0) KSP residual norm 1.086717e-12
 10 (restart 0) KSP residual norm 1.058441e-12
 11 (restart 0) KSP residual norm 1.056426e-12
 12 (restart 0) KSP residual norm 1.050471e-12
 13 (restart 0) KSP residual norm 1.046094e-12
 14 (restart 0) KSP residual norm 1.044476e-12
 15 (restart 0) KSP residual norm 1.042778e-12
 16 (restart 0) KSP residual norm 1.038613e-12
 17 (restart 0) KSP residual norm 1.033583e-12
 18 (restart 0) KSP residual norm 1.005503e-12
 19 (restart 0) KSP residual norm 9.781738e-13
GMRES solver converged in 19 iterations (avg. reduction factor: 9.679e-01)
   NLEPS Armijo backtracks=9, alpha=1.953e-03, res_new=1.099570e-07
125 NLEPS (nconv=5, restart=0) residual norm 1.099570e-07
  Residual norms for GMRES solve
  0 (restart 0) KSP residual norm 1.816146e-12
  1 (restart 0) KSP residual norm 1.533371e-12
  2 (restart 0) KSP residual norm 1.418786e-12
  3 (restart 0) KSP residual norm 1.398480e-12
  4 (restart 0) KSP residual norm 1.351335e-12
  5 (restart 0) KSP residual norm 1.327554e-12
  6 (restart 0) KSP residual norm 1.323914e-12
  7 (restart 0) KSP residual norm 1.281266e-12
  8 (restart 0) KSP residual norm 1.186077e-12
  9 (restart 0) KSP residual norm 1.086157e-12
 10 (restart 0) KSP residual norm 1.058176e-12
 11 (restart 0) KSP residual norm 1.056195e-12
 12 (restart 0) KSP residual norm 1.050213e-12
 13 (restart 0) KSP residual norm 1.045831e-12
 14 (restart 0) KSP residual norm 1.044222e-12
 15 (restart 0) KSP residual norm 1.042531e-12
 16 (restart 0) KSP residual norm 1.038382e-12
 17 (restart 0) KSP residual norm 1.033382e-12
 18 (restart 0) KSP residual norm 1.005356e-12
 19 (restart 0) KSP residual norm 9.780965e-13
GMRES solver converged in 19 iterations (avg. reduction factor: 9.680e-01)
   NLEPS Armijo backtracks=9, alpha=1.953e-03, res_new=1.099760e-07
126 NLEPS (nconv=5, restart=0) residual norm 1.099760e-07
  Residual norms for GMRES solve
  0 (restart 0) KSP residual norm 1.813921e-12
  1 (restart 0) KSP residual norm 1.532512e-12
  2 (restart 0) KSP residual norm 1.417562e-12
  3 (restart 0) KSP residual norm 1.397010e-12
  4 (restart 0) KSP residual norm 1.350166e-12
  5 (restart 0) KSP residual norm 1.326449e-12
  6 (restart 0) KSP residual norm 1.322841e-12
  7 (restart 0) KSP residual norm 1.280278e-12
  8 (restart 0) KSP residual norm 1.185280e-12
  9 (restart 0) KSP residual norm 1.085675e-12
 10 (restart 0) KSP residual norm 1.057909e-12
 11 (restart 0) KSP residual norm 1.055950e-12
 12 (restart 0) KSP residual norm 1.049960e-12
 13 (restart 0) KSP residual norm 1.045584e-12
 14 (restart 0) KSP residual norm 1.043987e-12
 15 (restart 0) KSP residual norm 1.042311e-12
 16 (restart 0) KSP residual norm 1.038163e-12
 17 (restart 0) KSP residual norm 1.033179e-12
 18 (restart 0) KSP residual norm 1.005178e-12
 19 (restart 0) KSP residual norm 9.780088e-13
GMRES solver converged in 19 iterations (avg. reduction factor: 9.680e-01)
   NLEPS Armijo backtracks=9, alpha=1.953e-03, res_new=1.099951e-07
127 NLEPS (nconv=5, restart=0) residual norm 1.099951e-07
  Residual norms for GMRES solve
  0 (restart 0) KSP residual norm 1.811962e-12
  1 (restart 0) KSP residual norm 1.531505e-12
  2 (restart 0) KSP residual norm 1.416092e-12
  3 (restart 0) KSP residual norm 1.395450e-12
  4 (restart 0) KSP residual norm 1.348844e-12
  5 (restart 0) KSP residual norm 1.325178e-12
  6 (restart 0) KSP residual norm 1.321583e-12
  7 (restart 0) KSP residual norm 1.279134e-12
  8 (restart 0) KSP residual norm 1.184367e-12
  9 (restart 0) KSP residual norm 1.085169e-12
 10 (restart 0) KSP residual norm 1.057639e-12
 11 (restart 0) KSP residual norm 1.055711e-12
 12 (restart 0) KSP residual norm 1.049701e-12
 13 (restart 0) KSP residual norm 1.045326e-12
 14 (restart 0) KSP residual norm 1.043742e-12
 15 (restart 0) KSP residual norm 1.042080e-12
 16 (restart 0) KSP residual norm 1.037930e-12
 17 (restart 0) KSP residual norm 1.032957e-12
 18 (restart 0) KSP residual norm 1.004989e-12
 19 (restart 0) KSP residual norm 9.779140e-13
GMRES solver converged in 19 iterations (avg. reduction factor: 9.681e-01)
   NLEPS Armijo backtracks=9, alpha=1.953e-03, res_new=1.100141e-07
128 NLEPS (nconv=5, restart=0) residual norm 1.100141e-07
  Residual norms for GMRES solve
  0 (restart 0) KSP residual norm 1.809962e-12
  1 (restart 0) KSP residual norm 1.530332e-12
  2 (restart 0) KSP residual norm 1.414475e-12
  3 (restart 0) KSP residual norm 1.393829e-12
  4 (restart 0) KSP residual norm 1.347406e-12
  5 (restart 0) KSP residual norm 1.323790e-12
  6 (restart 0) KSP residual norm 1.320188e-12
  7 (restart 0) KSP residual norm 1.277849e-12
  8 (restart 0) KSP residual norm 1.183365e-12
  9 (restart 0) KSP residual norm 1.084627e-12
 10 (restart 0) KSP residual norm 1.057391e-12
 11 (restart 0) KSP residual norm 1.055493e-12
 12 (restart 0) KSP residual norm 1.049449e-12
 13 (restart 0) KSP residual norm 1.045069e-12
 14 (restart 0) KSP residual norm 1.043493e-12
 15 (restart 0) KSP residual norm 1.041839e-12
 16 (restart 0) KSP residual norm 1.037707e-12
 17 (restart 0) KSP residual norm 1.032761e-12
 18 (restart 0) KSP residual norm 1.004817e-12
 19 (restart 0) KSP residual norm 9.777822e-13
GMRES solver converged in 19 iterations (avg. reduction factor: 9.681e-01)
   NLEPS Armijo backtracks=9, alpha=1.953e-03, res_new=1.100331e-07
129 NLEPS (nconv=5, restart=0) residual norm 1.100331e-07
  Residual norms for GMRES solve
  0 (restart 0) KSP residual norm 1.808098e-12
  1 (restart 0) KSP residual norm 1.529417e-12
  2 (restart 0) KSP residual norm 1.413093e-12
  3 (restart 0) KSP residual norm 1.392349e-12
  4 (restart 0) KSP residual norm 1.346191e-12
  5 (restart 0) KSP residual norm 1.322648e-12
  6 (restart 0) KSP residual norm 1.319059e-12
  7 (restart 0) KSP residual norm 1.276791e-12
  8 (restart 0) KSP residual norm 1.182490e-12
  9 (restart 0) KSP residual norm 1.084121e-12
 10 (restart 0) KSP residual norm 1.057140e-12
 11 (restart 0) KSP residual norm 1.055268e-12
 12 (restart 0) KSP residual norm 1.049199e-12
 13 (restart 0) KSP residual norm 1.044822e-12
 14 (restart 0) KSP residual norm 1.043260e-12
 15 (restart 0) KSP residual norm 1.041621e-12
 16 (restart 0) KSP residual norm 1.037489e-12
 17 (restart 0) KSP residual norm 1.032556e-12
 18 (restart 0) KSP residual norm 1.004628e-12
 19 (restart 0) KSP residual norm 9.776710e-13
GMRES solver converged in 19 iterations (avg. reduction factor: 9.682e-01)
   NLEPS Armijo backtracks=9, alpha=1.953e-03, res_new=1.100520e-07
130 NLEPS (nconv=5, restart=0) residual norm 1.100520e-07
  Residual norms for GMRES solve
  0 (restart 0) KSP residual norm 1.806027e-12
  1 (restart 0) KSP residual norm 1.528254e-12
  2 (restart 0) KSP residual norm 1.411486e-12
  3 (restart 0) KSP residual norm 1.390702e-12
  4 (restart 0) KSP residual norm 1.344771e-12
  5 (restart 0) KSP residual norm 1.321314e-12
  6 (restart 0) KSP residual norm 1.317719e-12
  7 (restart 0) KSP residual norm 1.275563e-12
  8 (restart 0) KSP residual norm 1.181557e-12
  9 (restart 0) KSP residual norm 1.083586e-12
 10 (restart 0) KSP residual norm 1.056875e-12
 11 (restart 0) KSP residual norm 1.055034e-12
 12 (restart 0) KSP residual norm 1.048944e-12
 13 (restart 0) KSP residual norm 1.044564e-12
 14 (restart 0) KSP residual norm 1.043009e-12
 15 (restart 0) KSP residual norm 1.041379e-12
 16 (restart 0) KSP residual norm 1.037257e-12
 17 (restart 0) KSP residual norm 1.032350e-12
 18 (restart 0) KSP residual norm 1.004446e-12
 19 (restart 0) KSP residual norm 9.775393e-13
GMRES solver converged in 19 iterations (avg. reduction factor: 9.682e-01)
   NLEPS Armijo backtracks=9, alpha=1.953e-03, res_new=1.100709e-07
131 NLEPS (nconv=5, restart=0) residual norm 1.100709e-07
  Residual norms for GMRES solve
  0 (restart 0) KSP residual norm 1.803744e-12
  1 (restart 0) KSP residual norm 1.527309e-12
  2 (restart 0) KSP residual norm 1.410221e-12
  3 (restart 0) KSP residual norm 1.389224e-12
  4 (restart 0) KSP residual norm 1.343486e-12
  5 (restart 0) KSP residual norm 1.320092e-12
  6 (restart 0) KSP residual norm 1.316492e-12
  7 (restart 0) KSP residual norm 1.274391e-12
  8 (restart 0) KSP residual norm 1.180607e-12
  9 (restart 0) KSP residual norm 1.083090e-12
 10 (restart 0) KSP residual norm 1.056634e-12
 11 (restart 0) KSP residual norm 1.054819e-12
 12 (restart 0) KSP residual norm 1.048702e-12
 13 (restart 0) KSP residual norm 1.044320e-12
 14 (restart 0) KSP residual norm 1.042773e-12
 15 (restart 0) KSP residual norm 1.041165e-12
 16 (restart 0) KSP residual norm 1.037050e-12
 17 (restart 0) KSP residual norm 1.032162e-12
 18 (restart 0) KSP residual norm 1.004274e-12
 19 (restart 0) KSP residual norm 9.774545e-13
GMRES solver converged in 19 iterations (avg. reduction factor: 9.683e-01)
   NLEPS Armijo backtracks=9, alpha=1.953e-03, res_new=1.100897e-07
132 NLEPS (nconv=5, restart=0) residual norm 1.100897e-07
  Residual norms for GMRES solve
  0 (restart 0) KSP residual norm 1.801981e-12
  1 (restart 0) KSP residual norm 1.526353e-12
  2 (restart 0) KSP residual norm 1.408784e-12
  3 (restart 0) KSP residual norm 1.387791e-12
  4 (restart 0) KSP residual norm 1.342303e-12
  5 (restart 0) KSP residual norm 1.318926e-12
  6 (restart 0) KSP residual norm 1.315382e-12
  7 (restart 0) KSP residual norm 1.273417e-12
  8 (restart 0) KSP residual norm 1.179780e-12
  9 (restart 0) KSP residual norm 1.082587e-12
 10 (restart 0) KSP residual norm 1.056336e-12
 11 (restart 0) KSP residual norm 1.054545e-12
 12 (restart 0) KSP residual norm 1.048430e-12
 13 (restart 0) KSP residual norm 1.044055e-12
 14 (restart 0) KSP residual norm 1.042521e-12
 15 (restart 0) KSP residual norm 1.040929e-12
 16 (restart 0) KSP residual norm 1.036818e-12
 17 (restart 0) KSP residual norm 1.031950e-12
 18 (restart 0) KSP residual norm 1.004100e-12
 19 (restart 0) KSP residual norm 9.773703e-13
GMRES solver converged in 19 iterations (avg. reduction factor: 9.683e-01)
   NLEPS Armijo backtracks=9, alpha=1.953e-03, res_new=1.101085e-07
133 NLEPS (nconv=5, restart=0) residual norm 1.101085e-07
  Residual norms for GMRES solve
  0 (restart 0) KSP residual norm 1.799930e-12
  1 (restart 0) KSP residual norm 1.525259e-12
  2 (restart 0) KSP residual norm 1.407282e-12
  3 (restart 0) KSP residual norm 1.386241e-12
  4 (restart 0) KSP residual norm 1.340986e-12
  5 (restart 0) KSP residual norm 1.317649e-12
  6 (restart 0) KSP residual norm 1.314121e-12
  7 (restart 0) KSP residual norm 1.272252e-12
  8 (restart 0) KSP residual norm 1.178872e-12
  9 (restart 0) KSP residual norm 1.082077e-12
 10 (restart 0) KSP residual norm 1.056080e-12
 11 (restart 0) KSP residual norm 1.054319e-12
 12 (restart 0) KSP residual norm 1.048175e-12
 13 (restart 0) KSP residual norm 1.043800e-12
 14 (restart 0) KSP residual norm 1.042278e-12
 15 (restart 0) KSP residual norm 1.040693e-12
 16 (restart 0) KSP residual norm 1.036587e-12
 17 (restart 0) KSP residual norm 1.031730e-12
 18 (restart 0) KSP residual norm 1.003898e-12
 19 (restart 0) KSP residual norm 9.772230e-13
GMRES solver converged in 19 iterations (avg. reduction factor: 9.684e-01)
   NLEPS Armijo backtracks=9, alpha=1.953e-03, res_new=1.101272e-07
134 NLEPS (nconv=5, restart=0) residual norm 1.101272e-07
  Residual norms for GMRES solve
  0 (restart 0) KSP residual norm 1.798121e-12
  1 (restart 0) KSP residual norm 1.524179e-12
  2 (restart 0) KSP residual norm 1.405656e-12
  3 (restart 0) KSP residual norm 1.384634e-12
  4 (restart 0) KSP residual norm 1.339695e-12
  5 (restart 0) KSP residual norm 1.316421e-12
  6 (restart 0) KSP residual norm 1.312907e-12
  7 (restart 0) KSP residual norm 1.271124e-12
  8 (restart 0) KSP residual norm 1.177968e-12
  9 (restart 0) KSP residual norm 1.081585e-12
 10 (restart 0) KSP residual norm 1.055825e-12
 11 (restart 0) KSP residual norm 1.054084e-12
 12 (restart 0) KSP residual norm 1.047920e-12
 13 (restart 0) KSP residual norm 1.043547e-12
 14 (restart 0) KSP residual norm 1.042035e-12
 15 (restart 0) KSP residual norm 1.040475e-12
 16 (restart 0) KSP residual norm 1.036370e-12
 17 (restart 0) KSP residual norm 1.031533e-12
 18 (restart 0) KSP residual norm 1.003738e-12
 19 (restart 0) KSP residual norm 9.771805e-13
GMRES solver converged in 19 iterations (avg. reduction factor: 9.684e-01)
   NLEPS Armijo backtracks=9, alpha=1.953e-03, res_new=1.101459e-07
135 NLEPS (nconv=5, restart=0) residual norm 1.101459e-07
  Residual norms for GMRES solve
  0 (restart 0) KSP residual norm 1.795582e-12
  1 (restart 0) KSP residual norm 1.523110e-12
  2 (restart 0) KSP residual norm 1.404336e-12
  3 (restart 0) KSP residual norm 1.383023e-12
  4 (restart 0) KSP residual norm 1.338275e-12
  5 (restart 0) KSP residual norm 1.315043e-12
  6 (restart 0) KSP residual norm 1.311541e-12
  7 (restart 0) KSP residual norm 1.269883e-12
  8 (restart 0) KSP residual norm 1.176996e-12
  9 (restart 0) KSP residual norm 1.081071e-12
 10 (restart 0) KSP residual norm 1.055614e-12
 11 (restart 0) KSP residual norm 1.053899e-12
 12 (restart 0) KSP residual norm 1.047689e-12
 13 (restart 0) KSP residual norm 1.043308e-12
 14 (restart 0) KSP residual norm 1.041807e-12
 15 (restart 0) KSP residual norm 1.040251e-12
 16 (restart 0) KSP residual norm 1.036152e-12
 17 (restart 0) KSP residual norm 1.031327e-12
 18 (restart 0) KSP residual norm 1.003542e-12
 19 (restart 0) KSP residual norm 9.770255e-13
GMRES solver converged in 19 iterations (avg. reduction factor: 9.685e-01)
   NLEPS Armijo backtracks=9, alpha=1.953e-03, res_new=1.101645e-07
136 NLEPS (nconv=5, restart=0) residual norm 1.101645e-07
  Residual norms for GMRES solve
  0 (restart 0) KSP residual norm 1.794135e-12
  1 (restart 0) KSP residual norm 1.522228e-12
  2 (restart 0) KSP residual norm 1.402923e-12
  3 (restart 0) KSP residual norm 1.381671e-12
  4 (restart 0) KSP residual norm 1.337129e-12
  5 (restart 0) KSP residual norm 1.313997e-12
  6 (restart 0) KSP residual norm 1.310479e-12
  7 (restart 0) KSP residual norm 1.268901e-12
  8 (restart 0) KSP residual norm 1.176193e-12
  9 (restart 0) KSP residual norm 1.080599e-12
 10 (restart 0) KSP residual norm 1.055339e-12
 11 (restart 0) KSP residual norm 1.053650e-12
 12 (restart 0) KSP residual norm 1.047436e-12
 13 (restart 0) KSP residual norm 1.043061e-12
 14 (restart 0) KSP residual norm 1.041572e-12
 15 (restart 0) KSP residual norm 1.040026e-12
 16 (restart 0) KSP residual norm 1.035936e-12
 17 (restart 0) KSP residual norm 1.031134e-12
 18 (restart 0) KSP residual norm 1.003390e-12
 19 (restart 0) KSP residual norm 9.769362e-13
GMRES solver converged in 19 iterations (avg. reduction factor: 9.685e-01)
   NLEPS Armijo backtracks=9, alpha=1.953e-03, res_new=1.101831e-07
137 NLEPS (nconv=5, restart=0) residual norm 1.101831e-07
  Residual norms for GMRES solve
  0 (restart 0) KSP residual norm 1.792408e-12
  1 (restart 0) KSP residual norm 1.521230e-12
  2 (restart 0) KSP residual norm 1.401437e-12
  3 (restart 0) KSP residual norm 1.380165e-12
  4 (restart 0) KSP residual norm 1.335904e-12
  5 (restart 0) KSP residual norm 1.312803e-12
  6 (restart 0) KSP residual norm 1.309305e-12
  7 (restart 0) KSP residual norm 1.267787e-12
  8 (restart 0) KSP residual norm 1.175320e-12
  9 (restart 0) KSP residual norm 1.080109e-12
 10 (restart 0) KSP residual norm 1.055086e-12
 11 (restart 0) KSP residual norm 1.053421e-12
 12 (restart 0) KSP residual norm 1.047182e-12
 13 (restart 0) KSP residual norm 1.042812e-12
 14 (restart 0) KSP residual norm 1.041335e-12
 15 (restart 0) KSP residual norm 1.039811e-12
 16 (restart 0) KSP residual norm 1.035713e-12
 17 (restart 0) KSP residual norm 1.030909e-12
 18 (restart 0) KSP residual norm 1.003152e-12
 19 (restart 0) KSP residual norm 9.767945e-13
GMRES solver converged in 19 iterations (avg. reduction factor: 9.686e-01)
   NLEPS Armijo backtracks=9, alpha=1.953e-03, res_new=1.102017e-07
138 NLEPS (nconv=5, restart=0) residual norm 1.102017e-07
  Residual norms for GMRES solve
  0 (restart 0) KSP residual norm 1.790370e-12
  1 (restart 0) KSP residual norm 1.520148e-12
  2 (restart 0) KSP residual norm 1.399953e-12
  3 (restart 0) KSP residual norm 1.378627e-12
  4 (restart 0) KSP residual norm 1.334538e-12
  5 (restart 0) KSP residual norm 1.311494e-12
  6 (restart 0) KSP residual norm 1.307998e-12
  7 (restart 0) KSP residual norm 1.266584e-12
  8 (restart 0) KSP residual norm 1.174341e-12
  9 (restart 0) KSP residual norm 1.079595e-12
 10 (restart 0) KSP residual norm 1.054841e-12
 11 (restart 0) KSP residual norm 1.053203e-12
 12 (restart 0) KSP residual norm 1.046940e-12
 13 (restart 0) KSP residual norm 1.042564e-12
 14 (restart 0) KSP residual norm 1.041093e-12
 15 (restart 0) KSP residual norm 1.039581e-12
 16 (restart 0) KSP residual norm 1.035497e-12
 17 (restart 0) KSP residual norm 1.030720e-12
 18 (restart 0) KSP residual norm 1.002996e-12
 19 (restart 0) KSP residual norm 9.766982e-13
GMRES solver converged in 19 iterations (avg. reduction factor: 9.686e-01)
   NLEPS Armijo backtracks=9, alpha=1.953e-03, res_new=1.102202e-07
139 NLEPS (nconv=5, restart=0) residual norm 1.102202e-07
  Residual norms for GMRES solve
  0 (restart 0) KSP residual norm 1.788063e-12
  1 (restart 0) KSP residual norm 1.519119e-12
  2 (restart 0) KSP residual norm 1.398568e-12
  3 (restart 0) KSP residual norm 1.377040e-12
  4 (restart 0) KSP residual norm 1.333229e-12
  5 (restart 0) KSP residual norm 1.310234e-12
  6 (restart 0) KSP residual norm 1.306766e-12
  7 (restart 0) KSP residual norm 1.265502e-12
  8 (restart 0) KSP residual norm 1.173504e-12
  9 (restart 0) KSP residual norm 1.079112e-12
 10 (restart 0) KSP residual norm 1.054600e-12
 11 (restart 0) KSP residual norm 1.052985e-12
 12 (restart 0) KSP residual norm 1.046701e-12
 13 (restart 0) KSP residual norm 1.042324e-12
 14 (restart 0) KSP residual norm 1.040861e-12
 15 (restart 0) KSP residual norm 1.039349e-12
 16 (restart 0) KSP residual norm 1.035287e-12
 17 (restart 0) KSP residual norm 1.030552e-12
 18 (restart 0) KSP residual norm 1.002918e-12
 19 (restart 0) KSP residual norm 9.766660e-13
GMRES solver converged in 19 iterations (avg. reduction factor: 9.687e-01)
   NLEPS Armijo backtracks=9, alpha=1.953e-03, res_new=1.102387e-07
140 NLEPS (nconv=5, restart=0) residual norm 1.102387e-07
  Residual norms for GMRES solve
  0 (restart 0) KSP residual norm 1.786473e-12
  1 (restart 0) KSP residual norm 1.518128e-12
  2 (restart 0) KSP residual norm 1.397061e-12
  3 (restart 0) KSP residual norm 1.375571e-12
  4 (restart 0) KSP residual norm 1.332074e-12
  5 (restart 0) KSP residual norm 1.309158e-12
  6 (restart 0) KSP residual norm 1.305692e-12
  7 (restart 0) KSP residual norm 1.264475e-12
  8 (restart 0) KSP residual norm 1.172703e-12
  9 (restart 0) KSP residual norm 1.078638e-12
 10 (restart 0) KSP residual norm 1.054343e-12
 11 (restart 0) KSP residual norm 1.052754e-12
 12 (restart 0) KSP residual norm 1.046455e-12
 13 (restart 0) KSP residual norm 1.042084e-12
 14 (restart 0) KSP residual norm 1.040635e-12
 15 (restart 0) KSP residual norm 1.039139e-12
 16 (restart 0) KSP residual norm 1.035073e-12
 17 (restart 0) KSP residual norm 1.030340e-12
 18 (restart 0) KSP residual norm 1.002695e-12
 19 (restart 0) KSP residual norm 9.765163e-13
GMRES solver converged in 19 iterations (avg. reduction factor: 9.687e-01)
   NLEPS Armijo backtracks=9, alpha=1.953e-03, res_new=1.102571e-07
141 NLEPS (nconv=5, restart=0) residual norm 1.102571e-07
  Residual norms for GMRES solve
  0 (restart 0) KSP residual norm 1.784181e-12
  1 (restart 0) KSP residual norm 1.517124e-12
  2 (restart 0) KSP residual norm 1.395783e-12
  3 (restart 0) KSP residual norm 1.374149e-12
  4 (restart 0) KSP residual norm 1.330791e-12
  5 (restart 0) KSP residual norm 1.307908e-12
  6 (restart 0) KSP residual norm 1.304471e-12
  7 (restart 0) KSP residual norm 1.263380e-12
  8 (restart 0) KSP residual norm 1.171796e-12
  9 (restart 0) KSP residual norm 1.078156e-12
 10 (restart 0) KSP residual norm 1.054077e-12
 11 (restart 0) KSP residual norm 1.052504e-12
 12 (restart 0) KSP residual norm 1.046188e-12
 13 (restart 0) KSP residual norm 1.041820e-12
 14 (restart 0) KSP residual norm 1.040383e-12
 15 (restart 0) KSP residual norm 1.038907e-12
 16 (restart 0) KSP residual norm 1.034842e-12
 17 (restart 0) KSP residual norm 1.030121e-12
 18 (restart 0) KSP residual norm 1.002519e-12
 19 (restart 0) KSP residual norm 9.764474e-13
GMRES solver converged in 19 iterations (avg. reduction factor: 9.688e-01)
   NLEPS Armijo backtracks=9, alpha=1.953e-03, res_new=1.102755e-07
142 NLEPS (nconv=5, restart=0) residual norm 1.102755e-07
  Residual norms for GMRES solve
  0 (restart 0) KSP residual norm 1.782551e-12
  1 (restart 0) KSP residual norm 1.516192e-12
  2 (restart 0) KSP residual norm 1.394395e-12
  3 (restart 0) KSP residual norm 1.372727e-12
  4 (restart 0) KSP residual norm 1.329578e-12
  5 (restart 0) KSP residual norm 1.306754e-12
  6 (restart 0) KSP residual norm 1.303315e-12
  7 (restart 0) KSP residual norm 1.262331e-12
  8 (restart 0) KSP residual norm 1.170999e-12
  9 (restart 0) KSP residual norm 1.077702e-12
 10 (restart 0) KSP residual norm 1.053831e-12
 11 (restart 0) KSP residual norm 1.052283e-12
 12 (restart 0) KSP residual norm 1.045951e-12
 13 (restart 0) KSP residual norm 1.041584e-12
 14 (restart 0) KSP residual norm 1.040156e-12
 15 (restart 0) KSP residual norm 1.038686e-12
 16 (restart 0) KSP residual norm 1.034630e-12
 17 (restart 0) KSP residual norm 1.029929e-12
 18 (restart 0) KSP residual norm 1.002347e-12
 19 (restart 0) KSP residual norm 9.763092e-13
GMRES solver converged in 19 iterations (avg. reduction factor: 9.688e-01)
   NLEPS Armijo backtracks=9, alpha=1.953e-03, res_new=1.102938e-07
143 NLEPS (nconv=5, restart=0) residual norm 1.102938e-07
  Residual norms for GMRES solve
  0 (restart 0) KSP residual norm 1.780219e-12
  1 (restart 0) KSP residual norm 1.515126e-12
  2 (restart 0) KSP residual norm 1.393060e-12
  3 (restart 0) KSP residual norm 1.371214e-12
  4 (restart 0) KSP residual norm 1.328259e-12
  5 (restart 0) KSP residual norm 1.305507e-12
  6 (restart 0) KSP residual norm 1.302066e-12
  7 (restart 0) KSP residual norm 1.261191e-12
  8 (restart 0) KSP residual norm 1.170132e-12
  9 (restart 0) KSP residual norm 1.077228e-12
 10 (restart 0) KSP residual norm 1.053575e-12
 11 (restart 0) KSP residual norm 1.052050e-12
 12 (restart 0) KSP residual norm 1.045704e-12
 13 (restart 0) KSP residual norm 1.041338e-12
 14 (restart 0) KSP residual norm 1.039919e-12
 15 (restart 0) KSP residual norm 1.038457e-12
 16 (restart 0) KSP residual norm 1.034415e-12
 17 (restart 0) KSP residual norm 1.029736e-12
 18 (restart 0) KSP residual norm 1.002194e-12
 19 (restart 0) KSP residual norm 9.762066e-13
GMRES solver converged in 19 iterations (avg. reduction factor: 9.689e-01)
   NLEPS Armijo backtracks=9, alpha=1.953e-03, res_new=1.103121e-07
144 NLEPS (nconv=5, restart=0) residual norm 1.103121e-07
  Residual norms for GMRES solve
  0 (restart 0) KSP residual norm 1.778435e-12
  1 (restart 0) KSP residual norm 1.514182e-12
  2 (restart 0) KSP residual norm 1.391649e-12
  3 (restart 0) KSP residual norm 1.369766e-12
  4 (restart 0) KSP residual norm 1.327080e-12
  5 (restart 0) KSP residual norm 1.304369e-12
  6 (restart 0) KSP residual norm 1.300959e-12
  7 (restart 0) KSP residual norm 1.260158e-12
  8 (restart 0) KSP residual norm 1.169286e-12
  9 (restart 0) KSP residual norm 1.076762e-12
 10 (restart 0) KSP residual norm 1.053347e-12
 11 (restart 0) KSP residual norm 1.051841e-12
 12 (restart 0) KSP residual norm 1.045464e-12
 13 (restart 0) KSP residual norm 1.041103e-12
 14 (restart 0) KSP residual norm 1.039695e-12
 15 (restart 0) KSP residual norm 1.038255e-12
 16 (restart 0) KSP residual norm 1.034212e-12
 17 (restart 0) KSP residual norm 1.029546e-12
 18 (restart 0) KSP residual norm 1.002010e-12
 19 (restart 0) KSP residual norm 9.761149e-13
GMRES solver converged in 19 iterations (avg. reduction factor: 9.689e-01)
   NLEPS Armijo backtracks=9, alpha=1.953e-03, res_new=1.103304e-07
145 NLEPS (nconv=5, restart=0) residual norm 1.103304e-07
  Residual norms for GMRES solve
  0 (restart 0) KSP residual norm 1.776537e-12
  1 (restart 0) KSP residual norm 1.513043e-12
  2 (restart 0) KSP residual norm 1.390078e-12
  3 (restart 0) KSP residual norm 1.368197e-12
  4 (restart 0) KSP residual norm 1.325707e-12
  5 (restart 0) KSP residual norm 1.303070e-12
  6 (restart 0) KSP residual norm 1.299637e-12
  7 (restart 0) KSP residual norm 1.258930e-12
  8 (restart 0) KSP residual norm 1.168335e-12
  9 (restart 0) KSP residual norm 1.076270e-12
 10 (restart 0) KSP residual norm 1.053114e-12
 11 (restart 0) KSP residual norm 1.051633e-12
 12 (restart 0) KSP residual norm 1.045225e-12
 13 (restart 0) KSP residual norm 1.040855e-12
 14 (restart 0) KSP residual norm 1.039458e-12
 15 (restart 0) KSP residual norm 1.038024e-12
 16 (restart 0) KSP residual norm 1.033988e-12
 17 (restart 0) KSP residual norm 1.029341e-12
 18 (restart 0) KSP residual norm 1.001838e-12
 19 (restart 0) KSP residual norm 9.759883e-13
GMRES solver converged in 19 iterations (avg. reduction factor: 9.690e-01)
   NLEPS Armijo backtracks=9, alpha=1.953e-03, res_new=1.103486e-07
146 NLEPS (nconv=5, restart=0) residual norm 1.103486e-07
  Residual norms for GMRES solve
  0 (restart 0) KSP residual norm 1.774421e-12
  1 (restart 0) KSP residual norm 1.512129e-12
  2 (restart 0) KSP residual norm 1.388846e-12
  3 (restart 0) KSP residual norm 1.366781e-12
  4 (restart 0) KSP residual norm 1.324485e-12
  5 (restart 0) KSP residual norm 1.301881e-12
  6 (restart 0) KSP residual norm 1.298483e-12
  7 (restart 0) KSP residual norm 1.257891e-12
  8 (restart 0) KSP residual norm 1.167529e-12
  9 (restart 0) KSP residual norm 1.075824e-12
 10 (restart 0) KSP residual norm 1.052883e-12
 11 (restart 0) KSP residual norm 1.051418e-12
 12 (restart 0) KSP residual norm 1.044991e-12
 13 (restart 0) KSP residual norm 1.040624e-12
 14 (restart 0) KSP residual norm 1.039236e-12
 15 (restart 0) KSP residual norm 1.037811e-12
 16 (restart 0) KSP residual norm 1.033783e-12
 17 (restart 0) KSP residual norm 1.029153e-12
 18 (restart 0) KSP residual norm 1.001694e-12
 19 (restart 0) KSP residual norm 9.759163e-13
GMRES solver converged in 19 iterations (avg. reduction factor: 9.690e-01)
   NLEPS Armijo backtracks=9, alpha=1.953e-03, res_new=1.103667e-07
147 NLEPS (nconv=5, restart=0) residual norm 1.103667e-07
  Residual norms for GMRES solve
  0 (restart 0) KSP residual norm 1.772368e-12
  1 (restart 0) KSP residual norm 1.511022e-12
  2 (restart 0) KSP residual norm 1.387345e-12
  3 (restart 0) KSP residual norm 1.365232e-12
  4 (restart 0) KSP residual norm 1.323203e-12
  5 (restart 0) KSP residual norm 1.300679e-12
  6 (restart 0) KSP residual norm 1.297282e-12
  7 (restart 0) KSP residual norm 1.256826e-12
  8 (restart 0) KSP residual norm 1.166694e-12
  9 (restart 0) KSP residual norm 1.075342e-12
 10 (restart 0) KSP residual norm 1.052598e-12
 11 (restart 0) KSP residual norm 1.051157e-12
 12 (restart 0) KSP residual norm 1.044723e-12
 13 (restart 0) KSP residual norm 1.040363e-12
 14 (restart 0) KSP residual norm 1.038986e-12
 15 (restart 0) KSP residual norm 1.037568e-12
 16 (restart 0) KSP residual norm 1.033554e-12
 17 (restart 0) KSP residual norm 1.028949e-12
 18 (restart 0) KSP residual norm 1.001552e-12
 19 (restart 0) KSP residual norm 9.758328e-13
GMRES solver converged in 19 iterations (avg. reduction factor: 9.691e-01)
   NLEPS Armijo backtracks=9, alpha=1.953e-03, res_new=1.103849e-07
148 NLEPS (nconv=5, restart=0) residual norm 1.103849e-07
  Residual norms for GMRES solve
  0 (restart 0) KSP residual norm 1.770751e-12
  1 (restart 0) KSP residual norm 1.510197e-12
  2 (restart 0) KSP residual norm 1.386078e-12
  3 (restart 0) KSP residual norm 1.363940e-12
  4 (restart 0) KSP residual norm 1.322148e-12
  5 (restart 0) KSP residual norm 1.299610e-12
  6 (restart 0) KSP residual norm 1.296264e-12
  7 (restart 0) KSP residual norm 1.255897e-12
  8 (restart 0) KSP residual norm 1.165949e-12
  9 (restart 0) KSP residual norm 1.074920e-12
 10 (restart 0) KSP residual norm 1.052365e-12
 11 (restart 0) KSP residual norm 1.050939e-12
 12 (restart 0) KSP residual norm 1.044480e-12
 13 (restart 0) KSP residual norm 1.040131e-12
 14 (restart 0) KSP residual norm 1.038768e-12
 15 (restart 0) KSP residual norm 1.037371e-12
 16 (restart 0) KSP residual norm 1.033351e-12
 17 (restart 0) KSP residual norm 1.028747e-12
 18 (restart 0) KSP residual norm 1.001358e-12
 19 (restart 0) KSP residual norm 9.757425e-13
GMRES solver converged in 19 iterations (avg. reduction factor: 9.691e-01)
   NLEPS Armijo backtracks=9, alpha=1.953e-03, res_new=1.104029e-07
149 NLEPS (nconv=5, restart=0) residual norm 1.104029e-07
  Residual norms for GMRES solve
  0 (restart 0) KSP residual norm 1.768437e-12
  1 (restart 0) KSP residual norm 1.508981e-12
  2 (restart 0) KSP residual norm 1.384547e-12
  3 (restart 0) KSP residual norm 1.362307e-12
  4 (restart 0) KSP residual norm 1.320739e-12
  5 (restart 0) KSP residual norm 1.298319e-12
  6 (restart 0) KSP residual norm 1.294938e-12
  7 (restart 0) KSP residual norm 1.254641e-12
  8 (restart 0) KSP residual norm 1.165016e-12
  9 (restart 0) KSP residual norm 1.074422e-12
 10 (restart 0) KSP residual norm 1.052125e-12
 11 (restart 0) KSP residual norm 1.050723e-12
 12 (restart 0) KSP residual norm 1.044242e-12
 13 (restart 0) KSP residual norm 1.039885e-12
 14 (restart 0) KSP residual norm 1.038529e-12
 15 (restart 0) KSP residual norm 1.037137e-12
 16 (restart 0) KSP residual norm 1.033133e-12
 17 (restart 0) KSP residual norm 1.028556e-12
 18 (restart 0) KSP residual norm 1.001198e-12
 19 (restart 0) KSP residual norm 9.756144e-13
GMRES solver converged in 19 iterations (avg. reduction factor: 9.692e-01)
   NLEPS Armijo backtracks=9, alpha=1.953e-03, res_new=1.104210e-07
150 NLEPS (nconv=5, restart=0) residual norm 1.104210e-07
  Residual norms for GMRES solve
  0 (restart 0) KSP residual norm 1.766662e-12
  1 (restart 0) KSP residual norm 1.508243e-12
  2 (restart 0) KSP residual norm 1.383424e-12
  3 (restart 0) KSP residual norm 1.360994e-12
  4 (restart 0) KSP residual norm 1.319666e-12
  5 (restart 0) KSP residual norm 1.297278e-12
  6 (restart 0) KSP residual norm 1.293936e-12
  7 (restart 0) KSP residual norm 1.253722e-12
  8 (restart 0) KSP residual norm 1.164254e-12
  9 (restart 0) KSP residual norm 1.073992e-12
 10 (restart 0) KSP residual norm 1.051895e-12
 11 (restart 0) KSP residual norm 1.050508e-12
 12 (restart 0) KSP residual norm 1.044009e-12
 13 (restart 0) KSP residual norm 1.039661e-12
 14 (restart 0) KSP residual norm 1.038319e-12
 15 (restart 0) KSP residual norm 1.036942e-12
 16 (restart 0) KSP residual norm 1.032937e-12
 17 (restart 0) KSP residual norm 1.028365e-12
 18 (restart 0) KSP residual norm 1.001030e-12
 19 (restart 0) KSP residual norm 9.755324e-13
GMRES solver converged in 19 iterations (avg. reduction factor: 9.692e-01)
   NLEPS Armijo backtracks=9, alpha=1.953e-03, res_new=1.104390e-07
151 NLEPS (nconv=5, restart=0) residual norm 1.104390e-07
  Residual norms for GMRES solve
  0 (restart 0) KSP residual norm 1.764994e-12
  1 (restart 0) KSP residual norm 1.507205e-12
  2 (restart 0) KSP residual norm 1.381955e-12
  3 (restart 0) KSP residual norm 1.359573e-12
  4 (restart 0) KSP residual norm 1.318412e-12
  5 (restart 0) KSP residual norm 1.296052e-12
  6 (restart 0) KSP residual norm 1.292717e-12
  7 (restart 0) KSP residual norm 1.252610e-12
  8 (restart 0) KSP residual norm 1.163426e-12
  9 (restart 0) KSP residual norm 1.073549e-12
 10 (restart 0) KSP residual norm 1.051668e-12
 11 (restart 0) KSP residual norm 1.050305e-12
 12 (restart 0) KSP residual norm 1.043789e-12
 13 (restart 0) KSP residual norm 1.039434e-12
 14 (restart 0) KSP residual norm 1.038098e-12
 15 (restart 0) KSP residual norm 1.036727e-12
 16 (restart 0) KSP residual norm 1.032732e-12
 17 (restart 0) KSP residual norm 1.028186e-12
 18 (restart 0) KSP residual norm 1.000879e-12
 19 (restart 0) KSP residual norm 9.754057e-13
GMRES solver converged in 19 iterations (avg. reduction factor: 9.693e-01)
   NLEPS Armijo backtracks=9, alpha=1.953e-03, res_new=1.104569e-07
152 NLEPS (nconv=5, restart=0) residual norm 1.104569e-07
  Residual norms for GMRES solve
  0 (restart 0) KSP residual norm 1.762957e-12
  1 (restart 0) KSP residual norm 1.506327e-12
  2 (restart 0) KSP residual norm 1.380810e-12
  3 (restart 0) KSP residual norm 1.358264e-12
  4 (restart 0) KSP residual norm 1.317349e-12
  5 (restart 0) KSP residual norm 1.295052e-12
  6 (restart 0) KSP residual norm 1.291747e-12
  7 (restart 0) KSP residual norm 1.251769e-12
  8 (restart 0) KSP residual norm 1.162767e-12
  9 (restart 0) KSP residual norm 1.073135e-12
 10 (restart 0) KSP residual norm 1.051389e-12
 11 (restart 0) KSP residual norm 1.050042e-12
 12 (restart 0) KSP residual norm 1.043528e-12
 13 (restart 0) KSP residual norm 1.039191e-12
 14 (restart 0) KSP residual norm 1.037867e-12
 15 (restart 0) KSP residual norm 1.036512e-12
 16 (restart 0) KSP residual norm 1.032519e-12
 17 (restart 0) KSP residual norm 1.027983e-12
 18 (restart 0) KSP residual norm 1.000718e-12
 19 (restart 0) KSP residual norm 9.753307e-13
GMRES solver converged in 19 iterations (avg. reduction factor: 9.693e-01)
   NLEPS Armijo backtracks=9, alpha=1.953e-03, res_new=1.104748e-07
153 NLEPS (nconv=5, restart=0) residual norm 1.104748e-07
  Residual norms for GMRES solve
  0 (restart 0) KSP residual norm 1.760997e-12
  1 (restart 0) KSP residual norm 1.505265e-12
  2 (restart 0) KSP residual norm 1.379333e-12
  3 (restart 0) KSP residual norm 1.356746e-12
  4 (restart 0) KSP residual norm 1.316093e-12
  5 (restart 0) KSP residual norm 1.293873e-12
  6 (restart 0) KSP residual norm 1.290546e-12
  7 (restart 0) KSP residual norm 1.250622e-12
  8 (restart 0) KSP residual norm 1.161878e-12
  9 (restart 0) KSP residual norm 1.072672e-12
 10 (restart 0) KSP residual norm 1.051143e-12
 11 (restart 0) KSP residual norm 1.049816e-12
 12 (restart 0) KSP residual norm 1.043271e-12
 13 (restart 0) KSP residual norm 1.038937e-12
 14 (restart 0) KSP residual norm 1.037628e-12
 15 (restart 0) KSP residual norm 1.036286e-12
 16 (restart 0) KSP residual norm 1.032294e-12
 17 (restart 0) KSP residual norm 1.027765e-12
 18 (restart 0) KSP residual norm 1.000519e-12
 19 (restart 0) KSP residual norm 9.752111e-13
GMRES solver converged in 19 iterations (avg. reduction factor: 9.694e-01)
   NLEPS Armijo backtracks=9, alpha=1.953e-03, res_new=1.104927e-07
154 NLEPS (nconv=5, restart=0) residual norm 1.104927e-07
  Residual norms for GMRES solve
  0 (restart 0) KSP residual norm 1.759212e-12
  1 (restart 0) KSP residual norm 1.504175e-12
  2 (restart 0) KSP residual norm 1.377832e-12
  3 (restart 0) KSP residual norm 1.355243e-12
  4 (restart 0) KSP residual norm 1.314716e-12
  5 (restart 0) KSP residual norm 1.292518e-12
  6 (restart 0) KSP residual norm 1.289209e-12
  7 (restart 0) KSP residual norm 1.249425e-12
  8 (restart 0) KSP residual norm 1.160966e-12
  9 (restart 0) KSP residual norm 1.072215e-12
 10 (restart 0) KSP residual norm 1.050953e-12
 11 (restart 0) KSP residual norm 1.049644e-12
 12 (restart 0) KSP residual norm 1.043066e-12
 13 (restart 0) KSP residual norm 1.038719e-12
 14 (restart 0) KSP residual norm 1.037414e-12
 15 (restart 0) KSP residual norm 1.036072e-12
 16 (restart 0) KSP residual norm 1.032101e-12
 17 (restart 0) KSP residual norm 1.027604e-12
 18 (restart 0) KSP residual norm 1.000409e-12
 19 (restart 0) KSP residual norm 9.751128e-13
GMRES solver converged in 19 iterations (avg. reduction factor: 9.694e-01)
   NLEPS Armijo backtracks=9, alpha=1.953e-03, res_new=1.105105e-07
155 NLEPS (nconv=5, restart=0) residual norm 1.105105e-07
  Residual norms for GMRES solve
  0 (restart 0) KSP residual norm 1.757348e-12
  1 (restart 0) KSP residual norm 1.503285e-12
  2 (restart 0) KSP residual norm 1.376593e-12
  3 (restart 0) KSP residual norm 1.353864e-12
  4 (restart 0) KSP residual norm 1.313552e-12
  5 (restart 0) KSP residual norm 1.291426e-12
  6 (restart 0) KSP residual norm 1.288131e-12
  7 (restart 0) KSP residual norm 1.248473e-12
  8 (restart 0) KSP residual norm 1.160207e-12
  9 (restart 0) KSP residual norm 1.071787e-12
 10 (restart 0) KSP residual norm 1.050717e-12
 11 (restart 0) KSP residual norm 1.049424e-12
 12 (restart 0) KSP residual norm 1.042837e-12
 13 (restart 0) KSP residual norm 1.038492e-12
 14 (restart 0) KSP residual norm 1.037196e-12
 15 (restart 0) KSP residual norm 1.035864e-12
 16 (restart 0) KSP residual norm 1.031898e-12
 17 (restart 0) KSP residual norm 1.027418e-12
 18 (restart 0) KSP residual norm 1.000258e-12
 19 (restart 0) KSP residual norm 9.750261e-13
GMRES solver converged in 19 iterations (avg. reduction factor: 9.695e-01)
   NLEPS Armijo backtracks=9, alpha=1.953e-03, res_new=1.105283e-07
156 NLEPS (nconv=5, restart=0) residual norm 1.105283e-07
  Residual norms for GMRES solve
  0 (restart 0) KSP residual norm 1.755743e-12
  1 (restart 0) KSP residual norm 1.502562e-12
  2 (restart 0) KSP residual norm 1.375517e-12
  3 (restart 0) KSP residual norm 1.352712e-12
  4 (restart 0) KSP residual norm 1.312573e-12
  5 (restart 0) KSP residual norm 1.290507e-12
  6 (restart 0) KSP residual norm 1.287211e-12
  7 (restart 0) KSP residual norm 1.247583e-12
  8 (restart 0) KSP residual norm 1.159522e-12
  9 (restart 0) KSP residual norm 1.071397e-12
 10 (restart 0) KSP residual norm 1.050474e-12
 11 (restart 0) KSP residual norm 1.049196e-12
 12 (restart 0) KSP residual norm 1.042599e-12
 13 (restart 0) KSP residual norm 1.038266e-12
 14 (restart 0) KSP residual norm 1.036983e-12
 15 (restart 0) KSP residual norm 1.035673e-12
 16 (restart 0) KSP residual norm 1.031703e-12
 17 (restart 0) KSP residual norm 1.027227e-12
 18 (restart 0) KSP residual norm 1.000086e-12
 19 (restart 0) KSP residual norm 9.749487e-13
GMRES solver converged in 19 iterations (avg. reduction factor: 9.695e-01)
   NLEPS Armijo backtracks=9, alpha=1.953e-03, res_new=1.105460e-07
157 NLEPS (nconv=5, restart=0) residual norm 1.105460e-07
  Residual norms for GMRES solve
  0 (restart 0) KSP residual norm 1.753927e-12
  1 (restart 0) KSP residual norm 1.501475e-12
  2 (restart 0) KSP residual norm 1.374015e-12
  3 (restart 0) KSP residual norm 1.351260e-12
  4 (restart 0) KSP residual norm 1.311337e-12
  5 (restart 0) KSP residual norm 1.289282e-12
  6 (restart 0) KSP residual norm 1.286012e-12
  7 (restart 0) KSP residual norm 1.246500e-12
  8 (restart 0) KSP residual norm 1.158674e-12
  9 (restart 0) KSP residual norm 1.070947e-12
 10 (restart 0) KSP residual norm 1.050228e-12
 11 (restart 0) KSP residual norm 1.048970e-12
 12 (restart 0) KSP residual norm 1.042357e-12
 13 (restart 0) KSP residual norm 1.038026e-12
 14 (restart 0) KSP residual norm 1.036751e-12
 15 (restart 0) KSP residual norm 1.035452e-12
 16 (restart 0) KSP residual norm 1.031487e-12
 17 (restart 0) KSP residual norm 1.027029e-12
 18 (restart 0) KSP residual norm 9.999208e-13
GMRES solver converged in 18 iterations (avg. reduction factor: 9.693e-01)
   NLEPS Armijo backtracks=9, alpha=1.953e-03, res_new=1.105739e-07
158 NLEPS (nconv=5, restart=0) residual norm 1.105739e-07
  Residual norms for GMRES solve
  0 (restart 0) KSP residual norm 1.752082e-12
  1 (restart 0) KSP residual norm 1.500467e-12
  2 (restart 0) KSP residual norm 1.372647e-12
  3 (restart 0) KSP residual norm 1.349839e-12
  4 (restart 0) KSP residual norm 1.310141e-12
  5 (restart 0) KSP residual norm 1.288152e-12
  6 (restart 0) KSP residual norm 1.284906e-12
  7 (restart 0) KSP residual norm 1.245471e-12
  8 (restart 0) KSP residual norm 1.157789e-12
  9 (restart 0) KSP residual norm 1.070562e-12
 10 (restart 0) KSP residual norm 1.050118e-12
 11 (restart 0) KSP residual norm 1.048869e-12
 12 (restart 0) KSP residual norm 1.042226e-12
 13 (restart 0) KSP residual norm 1.037889e-12
 14 (restart 0) KSP residual norm 1.036625e-12
 15 (restart 0) KSP residual norm 1.035340e-12
 16 (restart 0) KSP residual norm 1.031385e-12
 17 (restart 0) KSP residual norm 1.026936e-12
 18 (restart 0) KSP residual norm 9.998731e-13
GMRES solver converged in 18 iterations (avg. reduction factor: 9.693e-01)
   NLEPS Armijo backtracks=9, alpha=1.953e-03, res_new=1.106018e-07
159 NLEPS (nconv=5, restart=0) residual norm 1.106018e-07
  Residual norms for GMRES solve
  0 (restart 0) KSP residual norm 1.750188e-12
  1 (restart 0) KSP residual norm 1.499506e-12
  2 (restart 0) KSP residual norm 1.371443e-12
  3 (restart 0) KSP residual norm 1.348563e-12
  4 (restart 0) KSP residual norm 1.308982e-12
  5 (restart 0) KSP residual norm 1.287149e-12
  6 (restart 0) KSP residual norm 1.283880e-12
  7 (restart 0) KSP residual norm 1.244529e-12
  8 (restart 0) KSP residual norm 1.156990e-12
  9 (restart 0) KSP residual norm 1.070201e-12
 10 (restart 0) KSP residual norm 1.049973e-12
 11 (restart 0) KSP residual norm 1.048729e-12
 12 (restart 0) KSP residual norm 1.042080e-12
 13 (restart 0) KSP residual norm 1.037737e-12
 14 (restart 0) KSP residual norm 1.036482e-12
 15 (restart 0) KSP residual norm 1.035209e-12
 16 (restart 0) KSP residual norm 1.031260e-12
 17 (restart 0) KSP residual norm 1.026823e-12
 18 (restart 0) KSP residual norm 9.998286e-13
GMRES solver converged in 18 iterations (avg. reduction factor: 9.694e-01)
   NLEPS Armijo backtracks=9, alpha=1.953e-03, res_new=1.106297e-07
160 NLEPS (nconv=5, restart=0) residual norm 1.106297e-07
  Residual norms for GMRES solve
  0 (restart 0) KSP residual norm 1.748077e-12
  1 (restart 0) KSP residual norm 1.498440e-12
  2 (restart 0) KSP residual norm 1.370092e-12
  3 (restart 0) KSP residual norm 1.347141e-12
  4 (restart 0) KSP residual norm 1.307862e-12
  5 (restart 0) KSP residual norm 1.286039e-12
  6 (restart 0) KSP residual norm 1.282833e-12
  7 (restart 0) KSP residual norm 1.243550e-12
  8 (restart 0) KSP residual norm 1.156123e-12
  9 (restart 0) KSP residual norm 1.069831e-12
 10 (restart 0) KSP residual norm 1.049856e-12
 11 (restart 0) KSP residual norm 1.048620e-12
 12 (restart 0) KSP residual norm 1.041940e-12
 13 (restart 0) KSP residual norm 1.037593e-12
 14 (restart 0) KSP residual norm 1.036351e-12
 15 (restart 0) KSP residual norm 1.035098e-12
 16 (restart 0) KSP residual norm 1.031141e-12
 17 (restart 0) KSP residual norm 1.026702e-12
 18 (restart 0) KSP residual norm 9.997502e-13
GMRES solver converged in 18 iterations (avg. reduction factor: 9.694e-01)
   NLEPS Armijo backtracks=9, alpha=1.953e-03, res_new=1.106575e-07
161 NLEPS (nconv=5, restart=0) residual norm 1.106575e-07
  Residual norms for GMRES solve
  0 (restart 0) KSP residual norm 1.746470e-12
  1 (restart 0) KSP residual norm 1.497500e-12
  2 (restart 0) KSP residual norm 1.368798e-12
  3 (restart 0) KSP residual norm 1.345871e-12
  4 (restart 0) KSP residual norm 1.306703e-12
  5 (restart 0) KSP residual norm 1.284901e-12
  6 (restart 0) KSP residual norm 1.281741e-12
  7 (restart 0) KSP residual norm 1.242526e-12
  8 (restart 0) KSP residual norm 1.155279e-12
  9 (restart 0) KSP residual norm 1.069477e-12
 10 (restart 0) KSP residual norm 1.049746e-12
 11 (restart 0) KSP residual norm 1.048519e-12
 12 (restart 0) KSP residual norm 1.041818e-12
 13 (restart 0) KSP residual norm 1.037465e-12
 14 (restart 0) KSP residual norm 1.036231e-12
 15 (restart 0) KSP residual norm 1.034994e-12
 16 (restart 0) KSP residual norm 1.031040e-12
 17 (restart 0) KSP residual norm 1.026606e-12
 18 (restart 0) KSP residual norm 9.997078e-13
GMRES solver converged in 18 iterations (avg. reduction factor: 9.695e-01)
   NLEPS Armijo backtracks=9, alpha=1.953e-03, res_new=1.106852e-07
162 NLEPS (nconv=5, restart=0) residual norm 1.106852e-07
  Residual norms for GMRES solve
  0 (restart 0) KSP residual norm 1.744765e-12
  1 (restart 0) KSP residual norm 1.496585e-12
  2 (restart 0) KSP residual norm 1.367538e-12
  3 (restart 0) KSP residual norm 1.344618e-12
  4 (restart 0) KSP residual norm 1.305701e-12
  5 (restart 0) KSP residual norm 1.284001e-12
  6 (restart 0) KSP residual norm 1.280854e-12
  7 (restart 0) KSP residual norm 1.241720e-12
  8 (restart 0) KSP residual norm 1.154582e-12
  9 (restart 0) KSP residual norm 1.069143e-12
 10 (restart 0) KSP residual norm 1.049587e-12
 11 (restart 0) KSP residual norm 1.048368e-12
 12 (restart 0) KSP residual norm 1.041667e-12
 13 (restart 0) KSP residual norm 1.037317e-12
 14 (restart 0) KSP residual norm 1.036095e-12
 15 (restart 0) KSP residual norm 1.034879e-12
 16 (restart 0) KSP residual norm 1.030921e-12
 17 (restart 0) KSP residual norm 1.026490e-12
 18 (restart 0) KSP residual norm 9.996340e-13
GMRES solver converged in 18 iterations (avg. reduction factor: 9.695e-01)
   NLEPS Armijo backtracks=9, alpha=1.953e-03, res_new=1.107129e-07
163 NLEPS (nconv=5, restart=0) residual norm 1.107129e-07
  Residual norms for GMRES solve
  0 (restart 0) KSP residual norm 1.742832e-12
  1 (restart 0) KSP residual norm 1.495554e-12
  2 (restart 0) KSP residual norm 1.366264e-12
  3 (restart 0) KSP residual norm 1.343282e-12
  4 (restart 0) KSP residual norm 1.304510e-12
  5 (restart 0) KSP residual norm 1.282884e-12
  6 (restart 0) KSP residual norm 1.279747e-12
  7 (restart 0) KSP residual norm 1.240716e-12
  8 (restart 0) KSP residual norm 1.153716e-12
  9 (restart 0) KSP residual norm 1.068775e-12
 10 (restart 0) KSP residual norm 1.049468e-12
 11 (restart 0) KSP residual norm 1.048257e-12
 12 (restart 0) KSP residual norm 1.041536e-12
 13 (restart 0) KSP residual norm 1.037177e-12
 14 (restart 0) KSP residual norm 1.035964e-12
 15 (restart 0) KSP residual norm 1.034751e-12
 16 (restart 0) KSP residual norm 1.030799e-12
 17 (restart 0) KSP residual norm 1.026379e-12
 18 (restart 0) KSP residual norm 9.996024e-13
GMRES solver converged in 18 iterations (avg. reduction factor: 9.696e-01)
   NLEPS Armijo backtracks=9, alpha=1.953e-03, res_new=1.107406e-07
164 NLEPS (nconv=5, restart=0) residual norm 1.107406e-07
  Residual norms for GMRES solve
  0 (restart 0) KSP residual norm 1.741149e-12
  1 (restart 0) KSP residual norm 1.494652e-12
  2 (restart 0) KSP residual norm 1.365065e-12
  3 (restart 0) KSP residual norm 1.342110e-12
  4 (restart 0) KSP residual norm 1.303467e-12
  5 (restart 0) KSP residual norm 1.281903e-12
  6 (restart 0) KSP residual norm 1.278803e-12
  7 (restart 0) KSP residual norm 1.239817e-12
  8 (restart 0) KSP residual norm 1.152916e-12
  9 (restart 0) KSP residual norm 1.068417e-12
 10 (restart 0) KSP residual norm 1.049345e-12
 11 (restart 0) KSP residual norm 1.048140e-12
 12 (restart 0) KSP residual norm 1.041399e-12
 13 (restart 0) KSP residual norm 1.037038e-12
 14 (restart 0) KSP residual norm 1.035835e-12
 15 (restart 0) KSP residual norm 1.034645e-12
 16 (restart 0) KSP residual norm 1.030695e-12
 17 (restart 0) KSP residual norm 1.026276e-12
 18 (restart 0) KSP residual norm 9.995401e-13
GMRES solver converged in 18 iterations (avg. reduction factor: 9.696e-01)
   NLEPS Armijo backtracks=9, alpha=1.953e-03, res_new=1.107683e-07
165 NLEPS (nconv=5, restart=0) residual norm 1.107683e-07
  Residual norms for GMRES solve
  0 (restart 0) KSP residual norm 1.739477e-12
  1 (restart 0) KSP residual norm 1.493821e-12
  2 (restart 0) KSP residual norm 1.363892e-12
  3 (restart 0) KSP residual norm 1.340846e-12
  4 (restart 0) KSP residual norm 1.302495e-12
  5 (restart 0) KSP residual norm 1.280998e-12
  6 (restart 0) KSP residual norm 1.277918e-12
  7 (restart 0) KSP residual norm 1.238984e-12
  8 (restart 0) KSP residual norm 1.152235e-12
  9 (restart 0) KSP residual norm 1.068112e-12
 10 (restart 0) KSP residual norm 1.049212e-12
 11 (restart 0) KSP residual norm 1.048016e-12
 12 (restart 0) KSP residual norm 1.041270e-12
 13 (restart 0) KSP residual norm 1.036912e-12
 14 (restart 0) KSP residual norm 1.035722e-12
 15 (restart 0) KSP residual norm 1.034545e-12
 16 (restart 0) KSP residual norm 1.030593e-12
 17 (restart 0) KSP residual norm 1.026176e-12
 18 (restart 0) KSP residual norm 9.994973e-13
GMRES solver converged in 18 iterations (avg. reduction factor: 9.697e-01)
   NLEPS Armijo backtracks=9, alpha=1.953e-03, res_new=1.107959e-07
166 NLEPS (nconv=5, restart=0) residual norm 1.107959e-07
  Residual norms for GMRES solve
  0 (restart 0) KSP residual norm 1.737697e-12
  1 (restart 0) KSP residual norm 1.492736e-12
  2 (restart 0) KSP residual norm 1.362545e-12
  3 (restart 0) KSP residual norm 1.339588e-12
  4 (restart 0) KSP residual norm 1.301291e-12
  5 (restart 0) KSP residual norm 1.279820e-12
  6 (restart 0) KSP residual norm 1.276766e-12
  7 (restart 0) KSP residual norm 1.237916e-12
  8 (restart 0) KSP residual norm 1.151322e-12
  9 (restart 0) KSP residual norm 1.067757e-12
 10 (restart 0) KSP residual norm 1.049106e-12
 11 (restart 0) KSP residual norm 1.047914e-12
 12 (restart 0) KSP residual norm 1.041135e-12
 13 (restart 0) KSP residual norm 1.036767e-12
 14 (restart 0) KSP residual norm 1.035586e-12
 15 (restart 0) KSP residual norm 1.034426e-12
 16 (restart 0) KSP residual norm 1.030471e-12
 17 (restart 0) KSP residual norm 1.026054e-12
 18 (restart 0) KSP residual norm 9.994287e-13
GMRES solver converged in 18 iterations (avg. reduction factor: 9.697e-01)
   NLEPS Armijo backtracks=9, alpha=1.953e-03, res_new=1.108235e-07
167 NLEPS (nconv=5, restart=0) residual norm 1.108235e-07
  Residual norms for GMRES solve
  0 (restart 0) KSP residual norm 1.736000e-12
  1 (restart 0) KSP residual norm 1.491808e-12
  2 (restart 0) KSP residual norm 1.361295e-12
  3 (restart 0) KSP residual norm 1.338313e-12
  4 (restart 0) KSP residual norm 1.300241e-12
  5 (restart 0) KSP residual norm 1.278860e-12
  6 (restart 0) KSP residual norm 1.275823e-12
  7 (restart 0) KSP residual norm 1.237068e-12
  8 (restart 0) KSP residual norm 1.150602e-12
  9 (restart 0) KSP residual norm 1.067422e-12
 10 (restart 0) KSP residual norm 1.048962e-12
 11 (restart 0) KSP residual norm 1.047779e-12
 12 (restart 0) KSP residual norm 1.040994e-12
 13 (restart 0) KSP residual norm 1.036628e-12
 14 (restart 0) KSP residual norm 1.035456e-12
 15 (restart 0) KSP residual norm 1.034309e-12
 16 (restart 0) KSP residual norm 1.030358e-12
 17 (restart 0) KSP residual norm 1.025947e-12
 18 (restart 0) KSP residual norm 9.993923e-13
GMRES solver converged in 18 iterations (avg. reduction factor: 9.698e-01)
   NLEPS Armijo backtracks=9, alpha=1.953e-03, res_new=1.108510e-07
168 NLEPS (nconv=5, restart=0) residual norm 1.108510e-07
  Residual norms for GMRES solve
  0 (restart 0) KSP residual norm 1.734027e-12
  1 (restart 0) KSP residual norm 1.490810e-12
  2 (restart 0) KSP residual norm 1.360081e-12
  3 (restart 0) KSP residual norm 1.336995e-12
  4 (restart 0) KSP residual norm 1.299045e-12
  5 (restart 0) KSP residual norm 1.277743e-12
  6 (restart 0) KSP residual norm 1.274713e-12
  7 (restart 0) KSP residual norm 1.236054e-12
  8 (restart 0) KSP residual norm 1.149800e-12
  9 (restart 0) KSP residual norm 1.067090e-12
 10 (restart 0) KSP residual norm 1.048869e-12
 11 (restart 0) KSP residual norm 1.047691e-12
 12 (restart 0) KSP residual norm 1.040888e-12
 13 (restart 0) KSP residual norm 1.036508e-12
 14 (restart 0) KSP residual norm 1.035346e-12
 15 (restart 0) KSP residual norm 1.034203e-12
 16 (restart 0) KSP residual norm 1.030257e-12
 17 (restart 0) KSP residual norm 1.025859e-12
 18 (restart 0) KSP residual norm 9.993511e-13
GMRES solver converged in 18 iterations (avg. reduction factor: 9.698e-01)
   NLEPS Armijo backtracks=9, alpha=1.953e-03, res_new=1.108785e-07
169 NLEPS (nconv=5, restart=0) residual norm 1.108785e-07
  Residual norms for GMRES solve
  0 (restart 0) KSP residual norm 1.732469e-12
  1 (restart 0) KSP residual norm 1.489980e-12
  2 (restart 0) KSP residual norm 1.358939e-12
  3 (restart 0) KSP residual norm 1.335871e-12
  4 (restart 0) KSP residual norm 1.298105e-12
  5 (restart 0) KSP residual norm 1.276836e-12
  6 (restart 0) KSP residual norm 1.273853e-12
  7 (restart 0) KSP residual norm 1.235242e-12
  8 (restart 0) KSP residual norm 1.149054e-12
  9 (restart 0) KSP residual norm 1.066751e-12
 10 (restart 0) KSP residual norm 1.048710e-12
 11 (restart 0) KSP residual norm 1.047542e-12
 12 (restart 0) KSP residual norm 1.040731e-12
 13 (restart 0) KSP residual norm 1.036359e-12
 14 (restart 0) KSP residual norm 1.035207e-12
 15 (restart 0) KSP residual norm 1.034091e-12
 16 (restart 0) KSP residual norm 1.030138e-12
 17 (restart 0) KSP residual norm 1.025734e-12
 18 (restart 0) KSP residual norm 9.992591e-13
GMRES solver converged in 18 iterations (avg. reduction factor: 9.699e-01)
   NLEPS Armijo backtracks=9, alpha=1.953e-03, res_new=1.109059e-07
170 NLEPS (nconv=5, restart=0) residual norm 1.109059e-07
  Residual norms for GMRES solve
  0 (restart 0) KSP residual norm 1.730410e-12
  1 (restart 0) KSP residual norm 1.488959e-12
  2 (restart 0) KSP residual norm 1.357690e-12
  3 (restart 0) KSP residual norm 1.334536e-12
  4 (restart 0) KSP residual norm 1.297006e-12
  5 (restart 0) KSP residual norm 1.275838e-12
  6 (restart 0) KSP residual norm 1.272871e-12
  7 (restart 0) KSP residual norm 1.234319e-12
  8 (restart 0) KSP residual norm 1.148307e-12
  9 (restart 0) KSP residual norm 1.066418e-12
 10 (restart 0) KSP residual norm 1.048581e-12
 11 (restart 0) KSP residual norm 1.047420e-12
 12 (restart 0) KSP residual norm 1.040590e-12
 13 (restart 0) KSP residual norm 1.036218e-12
 14 (restart 0) KSP residual norm 1.035075e-12
 15 (restart 0) KSP residual norm 1.033975e-12
 16 (restart 0) KSP residual norm 1.030024e-12
 17 (restart 0) KSP residual norm 1.025626e-12
 18 (restart 0) KSP residual norm 9.992052e-13
GMRES solver converged in 18 iterations (avg. reduction factor: 9.700e-01)
   NLEPS Armijo backtracks=9, alpha=1.953e-03, res_new=1.109333e-07
171 NLEPS (nconv=5, restart=0) residual norm 1.109333e-07
  Residual norms for GMRES solve
  0 (restart 0) KSP residual norm 1.728499e-12
  1 (restart 0) KSP residual norm 1.487976e-12
  2 (restart 0) KSP residual norm 1.356469e-12
  3 (restart 0) KSP residual norm 1.333271e-12
  4 (restart 0) KSP residual norm 1.295918e-12
  5 (restart 0) KSP residual norm 1.274767e-12
  6 (restart 0) KSP residual norm 1.271837e-12
  7 (restart 0) KSP residual norm 1.233369e-12
  8 (restart 0) KSP residual norm 1.147521e-12
  9 (restart 0) KSP residual norm 1.066089e-12
 10 (restart 0) KSP residual norm 1.048459e-12
 11 (restart 0) KSP residual norm 1.047306e-12
 12 (restart 0) KSP residual norm 1.040460e-12
 13 (restart 0) KSP residual norm 1.036084e-12
 14 (restart 0) KSP residual norm 1.034952e-12
 15 (restart 0) KSP residual norm 1.033858e-12
 16 (restart 0) KSP residual norm 1.029912e-12
 17 (restart 0) KSP residual norm 1.025522e-12
 18 (restart 0) KSP residual norm 9.991806e-13
GMRES solver converged in 18 iterations (avg. reduction factor: 9.700e-01)
   NLEPS Armijo backtracks=9, alpha=1.953e-03, res_new=1.109607e-07
172 NLEPS (nconv=5, restart=0) residual norm 1.109607e-07
  Residual norms for GMRES solve
  0 (restart 0) KSP residual norm 1.726486e-12
  1 (restart 0) KSP residual norm 1.486921e-12
  2 (restart 0) KSP residual norm 1.355245e-12
  3 (restart 0) KSP residual norm 1.331998e-12
  4 (restart 0) KSP residual norm 1.294746e-12
  5 (restart 0) KSP residual norm 1.273666e-12
  6 (restart 0) KSP residual norm 1.270752e-12
  7 (restart 0) KSP residual norm 1.232384e-12
  8 (restart 0) KSP residual norm 1.146693e-12
  9 (restart 0) KSP residual norm 1.065748e-12
 10 (restart 0) KSP residual norm 1.048343e-12
 11 (restart 0) KSP residual norm 1.047194e-12
 12 (restart 0) KSP residual norm 1.040318e-12
 13 (restart 0) KSP residual norm 1.035939e-12
 14 (restart 0) KSP residual norm 1.034818e-12
 15 (restart 0) KSP residual norm 1.033740e-12
 16 (restart 0) KSP residual norm 1.029796e-12
 17 (restart 0) KSP residual norm 1.025405e-12
 18 (restart 0) KSP residual norm 9.991069e-13
GMRES solver converged in 18 iterations (avg. reduction factor: 9.701e-01)
   NLEPS Armijo backtracks=9, alpha=1.953e-03, res_new=1.109880e-07
173 NLEPS (nconv=5, restart=0) residual norm 1.109880e-07
  Residual norms for GMRES solve
  0 (restart 0) KSP residual norm 1.725201e-12
  1 (restart 0) KSP residual norm 1.486104e-12
  2 (restart 0) KSP residual norm 1.354020e-12
  3 (restart 0) KSP residual norm 1.330867e-12
  4 (restart 0) KSP residual norm 1.293815e-12
  5 (restart 0) KSP residual norm 1.272801e-12
  6 (restart 0) KSP residual norm 1.269909e-12
  7 (restart 0) KSP residual norm 1.231628e-12
  8 (restart 0) KSP residual norm 1.146050e-12
  9 (restart 0) KSP residual norm 1.065437e-12
 10 (restart 0) KSP residual norm 1.048190e-12
 11 (restart 0) KSP residual norm 1.047050e-12
 12 (restart 0) KSP residual norm 1.040185e-12
 13 (restart 0) KSP residual norm 1.035807e-12
 14 (restart 0) KSP residual norm 1.034694e-12
 15 (restart 0) KSP residual norm 1.033623e-12
 16 (restart 0) KSP residual norm 1.029683e-12
 17 (restart 0) KSP residual norm 1.025304e-12
 18 (restart 0) KSP residual norm 9.990859e-13
GMRES solver converged in 18 iterations (avg. reduction factor: 9.701e-01)
   NLEPS Armijo backtracks=9, alpha=1.953e-03, res_new=1.110154e-07
174 NLEPS (nconv=5, restart=0) residual norm 1.110154e-07
  Residual norms for GMRES solve
  0 (restart 0) KSP residual norm 1.723600e-12
  1 (restart 0) KSP residual norm 1.485208e-12
  2 (restart 0) KSP residual norm 1.352782e-12
  3 (restart 0) KSP residual norm 1.329631e-12
  4 (restart 0) KSP residual norm 1.292733e-12
  5 (restart 0) KSP residual norm 1.271802e-12
  6 (restart 0) KSP residual norm 1.268918e-12
  7 (restart 0) KSP residual norm 1.230688e-12
  8 (restart 0) KSP residual norm 1.145263e-12
  9 (restart 0) KSP residual norm 1.065112e-12
 10 (restart 0) KSP residual norm 1.048075e-12
 11 (restart 0) KSP residual norm 1.046940e-12
 12 (restart 0) KSP residual norm 1.040048e-12
 13 (restart 0) KSP residual norm 1.035672e-12
 14 (restart 0) KSP residual norm 1.034568e-12
 15 (restart 0) KSP residual norm 1.033515e-12
 16 (restart 0) KSP residual norm 1.029577e-12
 17 (restart 0) KSP residual norm 1.025199e-12
 18 (restart 0) KSP residual norm 9.990392e-13
GMRES solver converged in 18 iterations (avg. reduction factor: 9.702e-01)
   NLEPS Armijo backtracks=9, alpha=1.953e-03, res_new=1.110426e-07
175 NLEPS (nconv=5, restart=0) residual norm 1.110426e-07
  Residual norms for GMRES solve
  0 (restart 0) KSP residual norm 1.721588e-12
  1 (restart 0) KSP residual norm 1.484169e-12
  2 (restart 0) KSP residual norm 1.351522e-12
  3 (restart 0) KSP residual norm 1.328247e-12
  4 (restart 0) KSP residual norm 1.291519e-12
  5 (restart 0) KSP residual norm 1.270628e-12
  6 (restart 0) KSP residual norm 1.267778e-12
  7 (restart 0) KSP residual norm 1.229638e-12
  8 (restart 0) KSP residual norm 1.144431e-12
  9 (restart 0) KSP residual norm 1.064793e-12
 10 (restart 0) KSP residual norm 1.048007e-12
 11 (restart 0) KSP residual norm 1.046874e-12
 12 (restart 0) KSP residual norm 1.039944e-12
 13 (restart 0) KSP residual norm 1.035554e-12
 14 (restart 0) KSP residual norm 1.034461e-12
 15 (restart 0) KSP residual norm 1.033416e-12
 16 (restart 0) KSP residual norm 1.029479e-12
 17 (restart 0) KSP residual norm 1.025107e-12
 18 (restart 0) KSP residual norm 9.990049e-13
GMRES solver converged in 18 iterations (avg. reduction factor: 9.702e-01)
   NLEPS Armijo backtracks=9, alpha=1.953e-03, res_new=1.110698e-07
176 NLEPS (nconv=5, restart=0) residual norm 1.110698e-07
  Residual norms for GMRES solve
  0 (restart 0) KSP residual norm 1.719929e-12
  1 (restart 0) KSP residual norm 1.483134e-12
  2 (restart 0) KSP residual norm 1.350108e-12
  3 (restart 0) KSP residual norm 1.326923e-12
  4 (restart 0) KSP residual norm 1.290455e-12
  5 (restart 0) KSP residual norm 1.269589e-12
  6 (restart 0) KSP residual norm 1.266784e-12
  7 (restart 0) KSP residual norm 1.228734e-12
  8 (restart 0) KSP residual norm 1.143685e-12
  9 (restart 0) KSP residual norm 1.064457e-12
 10 (restart 0) KSP residual norm 1.047861e-12
 11 (restart 0) KSP residual norm 1.046734e-12
 12 (restart 0) KSP residual norm 1.039800e-12
 13 (restart 0) KSP residual norm 1.035407e-12
 14 (restart 0) KSP residual norm 1.034322e-12
 15 (restart 0) KSP residual norm 1.033294e-12
 16 (restart 0) KSP residual norm 1.029362e-12
 17 (restart 0) KSP residual norm 1.025004e-12
 18 (restart 0) KSP residual norm 9.989767e-13
GMRES solver converged in 18 iterations (avg. reduction factor: 9.703e-01)
   NLEPS Armijo backtracks=9, alpha=1.953e-03, res_new=1.110970e-07
177 NLEPS (nconv=5, restart=0) residual norm 1.110970e-07
  Residual norms for GMRES solve
  0 (restart 0) KSP residual norm 1.718147e-12
  1 (restart 0) KSP residual norm 1.482351e-12
  2 (restart 0) KSP residual norm 1.349161e-12
  3 (restart 0) KSP residual norm 1.325912e-12
  4 (restart 0) KSP residual norm 1.289588e-12
  5 (restart 0) KSP residual norm 1.268790e-12
  6 (restart 0) KSP residual norm 1.266019e-12
  7 (restart 0) KSP residual norm 1.228030e-12
  8 (restart 0) KSP residual norm 1.143065e-12
  9 (restart 0) KSP residual norm 1.064165e-12
 10 (restart 0) KSP residual norm 1.047705e-12
 11 (restart 0) KSP residual norm 1.046586e-12
 12 (restart 0) KSP residual norm 1.039649e-12
 13 (restart 0) KSP residual norm 1.035269e-12
 14 (restart 0) KSP residual norm 1.034198e-12
 15 (restart 0) KSP residual norm 1.033185e-12
 16 (restart 0) KSP residual norm 1.029249e-12
 17 (restart 0) KSP residual norm 1.024889e-12
 18 (restart 0) KSP residual norm 9.989318e-13
GMRES solver converged in 18 iterations (avg. reduction factor: 9.703e-01)
   NLEPS Armijo backtracks=9, alpha=1.953e-03, res_new=1.111242e-07
178 NLEPS (nconv=5, restart=0) residual norm 1.111242e-07
  Residual norms for GMRES solve
  0 (restart 0) KSP residual norm 1.716406e-12
  1 (restart 0) KSP residual norm 1.481350e-12
  2 (restart 0) KSP residual norm 1.347895e-12
  3 (restart 0) KSP residual norm 1.324618e-12
  4 (restart 0) KSP residual norm 1.288450e-12
  5 (restart 0) KSP residual norm 1.267737e-12
  6 (restart 0) KSP residual norm 1.264960e-12
  7 (restart 0) KSP residual norm 1.227083e-12
  8 (restart 0) KSP residual norm 1.142331e-12
  9 (restart 0) KSP residual norm 1.063858e-12
 10 (restart 0) KSP residual norm 1.047619e-12
 11 (restart 0) KSP residual norm 1.046503e-12
 12 (restart 0) KSP residual norm 1.039550e-12
 13 (restart 0) KSP residual norm 1.035157e-12
 14 (restart 0) KSP residual norm 1.034090e-12
 15 (restart 0) KSP residual norm 1.033078e-12
 16 (restart 0) KSP residual norm 1.029160e-12
 17 (restart 0) KSP residual norm 1.024823e-12
 18 (restart 0) KSP residual norm 9.989264e-13
GMRES solver converged in 18 iterations (avg. reduction factor: 9.704e-01)
   NLEPS Armijo backtracks=9, alpha=1.953e-03, res_new=1.111513e-07
179 NLEPS (nconv=5, restart=0) residual norm 1.111513e-07
  Residual norms for GMRES solve
  0 (restart 0) KSP residual norm 1.714551e-12
  1 (restart 0) KSP residual norm 1.480428e-12
  2 (restart 0) KSP residual norm 1.346745e-12
  3 (restart 0) KSP residual norm 1.323405e-12
  4 (restart 0) KSP residual norm 1.287401e-12
  5 (restart 0) KSP residual norm 1.266756e-12
  6 (restart 0) KSP residual norm 1.264007e-12
  7 (restart 0) KSP residual norm 1.226183e-12
  8 (restart 0) KSP residual norm 1.141573e-12
  9 (restart 0) KSP residual norm 1.063539e-12
 10 (restart 0) KSP residual norm 1.047500e-12
 11 (restart 0) KSP residual norm 1.046386e-12
 12 (restart 0) KSP residual norm 1.039408e-12
 13 (restart 0) KSP residual norm 1.035017e-12
 14 (restart 0) KSP residual norm 1.033962e-12
 15 (restart 0) KSP residual norm 1.032970e-12
 16 (restart 0) KSP residual norm 1.029047e-12
 17 (restart 0) KSP residual norm 1.024709e-12
 18 (restart 0) KSP residual norm 9.988655e-13
GMRES solver converged in 18 iterations (avg. reduction factor: 9.704e-01)
   NLEPS Armijo backtracks=9, alpha=1.953e-03, res_new=1.111784e-07
180 NLEPS (nconv=5, restart=0) residual norm 1.111784e-07
  Residual norms for GMRES solve
  0 (restart 0) KSP residual norm 1.713053e-12
  1 (restart 0) KSP residual norm 1.479527e-12
  2 (restart 0) KSP residual norm 1.345478e-12
  3 (restart 0) KSP residual norm 1.322207e-12
  4 (restart 0) KSP residual norm 1.286420e-12
  5 (restart 0) KSP residual norm 1.265823e-12
  6 (restart 0) KSP residual norm 1.263103e-12
  7 (restart 0) KSP residual norm 1.225351e-12
  8 (restart 0) KSP residual norm 1.140926e-12
  9 (restart 0) KSP residual norm 1.063242e-12
 10 (restart 0) KSP residual norm 1.047344e-12
 11 (restart 0) KSP residual norm 1.046240e-12
 12 (restart 0) KSP residual norm 1.039265e-12
 13 (restart 0) KSP residual norm 1.034880e-12
 14 (restart 0) KSP residual norm 1.033835e-12
 15 (restart 0) KSP residual norm 1.032855e-12
 16 (restart 0) KSP residual norm 1.028937e-12
 17 (restart 0) KSP residual norm 1.024606e-12
 18 (restart 0) KSP residual norm 9.988286e-13
GMRES solver converged in 18 iterations (avg. reduction factor: 9.705e-01)
   NLEPS Armijo backtracks=9, alpha=1.953e-03, res_new=1.112055e-07
181 NLEPS (nconv=5, restart=0) residual norm 1.112055e-07
  Residual norms for GMRES solve
  0 (restart 0) KSP residual norm 1.711011e-12
  1 (restart 0) KSP residual norm 1.478632e-12
  2 (restart 0) KSP residual norm 1.344496e-12
  3 (restart 0) KSP residual norm 1.321057e-12
  4 (restart 0) KSP residual norm 1.285368e-12
  5 (restart 0) KSP residual norm 1.264850e-12
  6 (restart 0) KSP residual norm 1.262133e-12
  7 (restart 0) KSP residual norm 1.224478e-12
  8 (restart 0) KSP residual norm 1.140216e-12
  9 (restart 0) KSP residual norm 1.062945e-12
 10 (restart 0) KSP residual norm 1.047241e-12
 11 (restart 0) KSP residual norm 1.046138e-12
 12 (restart 0) KSP residual norm 1.039143e-12
 13 (restart 0) KSP residual norm 1.034757e-12
 14 (restart 0) KSP residual norm 1.033720e-12
 15 (restart 0) KSP residual norm 1.032748e-12
 16 (restart 0) KSP residual norm 1.028839e-12
 17 (restart 0) KSP residual norm 1.024522e-12
 18 (restart 0) KSP residual norm 9.988198e-13
GMRES solver converged in 18 iterations (avg. reduction factor: 9.705e-01)
   NLEPS Armijo backtracks=9, alpha=1.953e-03, res_new=1.112325e-07
182 NLEPS (nconv=5, restart=0) residual norm 1.112325e-07
  Residual norms for GMRES solve
  0 (restart 0) KSP residual norm 1.709268e-12
  1 (restart 0) KSP residual norm 1.477515e-12
  2 (restart 0) KSP residual norm 1.343040e-12
  3 (restart 0) KSP residual norm 1.319674e-12
  4 (restart 0) KSP residual norm 1.284212e-12
  5 (restart 0) KSP residual norm 1.263718e-12
  6 (restart 0) KSP residual norm 1.261046e-12
  7 (restart 0) KSP residual norm 1.223470e-12
  8 (restart 0) KSP residual norm 1.139393e-12
  9 (restart 0) KSP residual norm 1.062627e-12
 10 (restart 0) KSP residual norm 1.047150e-12
 11 (restart 0) KSP residual norm 1.046050e-12
 12 (restart 0) KSP residual norm 1.039023e-12
 13 (restart 0) KSP residual norm 1.034627e-12
 14 (restart 0) KSP residual norm 1.033601e-12
 15 (restart 0) KSP residual norm 1.032635e-12
 16 (restart 0) KSP residual norm 1.028726e-12
 17 (restart 0) KSP residual norm 1.024411e-12
 18 (restart 0) KSP residual norm 9.987760e-13
GMRES solver converged in 18 iterations (avg. reduction factor: 9.706e-01)
   NLEPS Armijo backtracks=9, alpha=1.953e-03, res_new=1.112595e-07
183 NLEPS (nconv=5, restart=0) residual norm 1.112595e-07
  Residual norms for GMRES solve
  0 (restart 0) KSP residual norm 1.707422e-12
  1 (restart 0) KSP residual norm 1.476553e-12
  2 (restart 0) KSP residual norm 1.341903e-12
  3 (restart 0) KSP residual norm 1.318523e-12
  4 (restart 0) KSP residual norm 1.283137e-12
  5 (restart 0) KSP residual norm 1.262729e-12
  6 (restart 0) KSP residual norm 1.260059e-12
  7 (restart 0) KSP residual norm 1.222545e-12
  8 (restart 0) KSP residual norm 1.138659e-12
  9 (restart 0) KSP residual norm 1.062316e-12
 10 (restart 0) KSP residual norm 1.047022e-12
 11 (restart 0) KSP residual norm 1.045927e-12
 12 (restart 0) KSP residual norm 1.038886e-12
 13 (restart 0) KSP residual norm 1.034489e-12
 14 (restart 0) KSP residual norm 1.033470e-12
 15 (restart 0) KSP residual norm 1.032521e-12
 16 (restart 0) KSP residual norm 1.028619e-12
 17 (restart 0) KSP residual norm 1.024316e-12
 18 (restart 0) KSP residual norm 9.987331e-13
GMRES solver converged in 18 iterations (avg. reduction factor: 9.706e-01)
   NLEPS Armijo backtracks=9, alpha=1.953e-03, res_new=1.112864e-07
184 NLEPS (nconv=5, restart=0) residual norm 1.112864e-07
  Residual norms for GMRES solve
  0 (restart 0) KSP residual norm 1.706049e-12
  1 (restart 0) KSP residual norm 1.475936e-12
  2 (restart 0) KSP residual norm 1.341035e-12
  3 (restart 0) KSP residual norm 1.317635e-12
  4 (restart 0) KSP residual norm 1.282413e-12
  5 (restart 0) KSP residual norm 1.262033e-12
  6 (restart 0) KSP residual norm 1.259403e-12
  7 (restart 0) KSP residual norm 1.221970e-12
  8 (restart 0) KSP residual norm 1.138164e-12
  9 (restart 0) KSP residual norm 1.062072e-12
 10 (restart 0) KSP residual norm 1.046862e-12
 11 (restart 0) KSP residual norm 1.045777e-12
 12 (restart 0) KSP residual norm 1.038749e-12
 13 (restart 0) KSP residual norm 1.034368e-12
 14 (restart 0) KSP residual norm 1.033362e-12
 15 (restart 0) KSP residual norm 1.032426e-12
 16 (restart 0) KSP residual norm 1.028519e-12
 17 (restart 0) KSP residual norm 1.024212e-12
 18 (restart 0) KSP residual norm 9.987107e-13
GMRES solver converged in 18 iterations (avg. reduction factor: 9.707e-01)
   NLEPS Armijo backtracks=9, alpha=1.953e-03, res_new=1.113133e-07
185 NLEPS (nconv=5, restart=0) residual norm 1.113133e-07
  Residual norms for GMRES solve
  0 (restart 0) KSP residual norm 1.704131e-12
  1 (restart 0) KSP residual norm 1.474863e-12
  2 (restart 0) KSP residual norm 1.339691e-12
  3 (restart 0) KSP residual norm 1.316229e-12
  4 (restart 0) KSP residual norm 1.281192e-12
  5 (restart 0) KSP residual norm 1.260873e-12
  6 (restart 0) KSP residual norm 1.258262e-12
  7 (restart 0) KSP residual norm 1.220944e-12
  8 (restart 0) KSP residual norm 1.137396e-12
  9 (restart 0) KSP residual norm 1.061753e-12
 10 (restart 0) KSP residual norm 1.046778e-12
 11 (restart 0) KSP residual norm 1.045693e-12
 12 (restart 0) KSP residual norm 1.038639e-12
 13 (restart 0) KSP residual norm 1.034246e-12
 14 (restart 0) KSP residual norm 1.033245e-12
 15 (restart 0) KSP residual norm 1.032313e-12
 16 (restart 0) KSP residual norm 1.028428e-12
 17 (restart 0) KSP residual norm 1.024144e-12
 18 (restart 0) KSP residual norm 9.987032e-13
GMRES solver converged in 18 iterations (avg. reduction factor: 9.708e-01)
   NLEPS Armijo backtracks=9, alpha=1.953e-03, res_new=1.113402e-07
186 NLEPS (nconv=5, restart=0) residual norm 1.113402e-07
  Residual norms for GMRES solve
  0 (restart 0) KSP residual norm 1.703047e-12
  1 (restart 0) KSP residual norm 1.474169e-12
  2 (restart 0) KSP residual norm 1.338565e-12
  3 (restart 0) KSP residual norm 1.315201e-12
  4 (restart 0) KSP residual norm 1.280355e-12
  5 (restart 0) KSP residual norm 1.260115e-12
  6 (restart 0) KSP residual norm 1.257518e-12
  7 (restart 0) KSP residual norm 1.220231e-12
  8 (restart 0) KSP residual norm 1.136786e-12
  9 (restart 0) KSP residual norm 1.061474e-12
 10 (restart 0) KSP residual norm 1.046631e-12
 11 (restart 0) KSP residual norm 1.045554e-12
 12 (restart 0) KSP residual norm 1.038496e-12
 13 (restart 0) KSP residual norm 1.034114e-12
 14 (restart 0) KSP residual norm 1.033125e-12
 15 (restart 0) KSP residual norm 1.032210e-12
 16 (restart 0) KSP residual norm 1.028316e-12
 17 (restart 0) KSP residual norm 1.024028e-12
 18 (restart 0) KSP residual norm 9.986424e-13
GMRES solver converged in 18 iterations (avg. reduction factor: 9.708e-01)
   NLEPS Armijo backtracks=9, alpha=1.953e-03, res_new=1.113671e-07
187 NLEPS (nconv=5, restart=0) residual norm 1.113671e-07
  Residual norms for GMRES solve
  0 (restart 0) KSP residual norm 1.700736e-12
  1 (restart 0) KSP residual norm 1.473310e-12
  2 (restart 0) KSP residual norm 1.337792e-12
  3 (restart 0) KSP residual norm 1.314182e-12
  4 (restart 0) KSP residual norm 1.279408e-12
  5 (restart 0) KSP residual norm 1.259233e-12
  6 (restart 0) KSP residual norm 1.256659e-12
  7 (restart 0) KSP residual norm 1.219441e-12
  8 (restart 0) KSP residual norm 1.136136e-12
  9 (restart 0) KSP residual norm 1.061200e-12
 10 (restart 0) KSP residual norm 1.046535e-12
 11 (restart 0) KSP residual norm 1.045460e-12
 12 (restart 0) KSP residual norm 1.038386e-12
 13 (restart 0) KSP residual norm 1.034008e-12
 14 (restart 0) KSP residual norm 1.033028e-12
 15 (restart 0) KSP residual norm 1.032123e-12
 16 (restart 0) KSP residual norm 1.028235e-12
 17 (restart 0) KSP residual norm 1.023954e-12
 18 (restart 0) KSP residual norm 9.986273e-13
GMRES solver converged in 18 iterations (avg. reduction factor: 9.709e-01)
   NLEPS Armijo backtracks=9, alpha=1.953e-03, res_new=1.113939e-07
188 NLEPS (nconv=5, restart=0) residual norm 1.113939e-07
  Residual norms for GMRES solve
  0 (restart 0) KSP residual norm 1.699464e-12
  1 (restart 0) KSP residual norm 1.472326e-12
  2 (restart 0) KSP residual norm 1.336337e-12
  3 (restart 0) KSP residual norm 1.312896e-12
  4 (restart 0) KSP residual norm 1.278337e-12
  5 (restart 0) KSP residual norm 1.258202e-12
  6 (restart 0) KSP residual norm 1.255651e-12
  7 (restart 0) KSP residual norm 1.218530e-12
  8 (restart 0) KSP residual norm 1.135415e-12
  9 (restart 0) KSP residual norm 1.060907e-12
 10 (restart 0) KSP residual norm 1.046422e-12
 11 (restart 0) KSP residual norm 1.045349e-12
 12 (restart 0) KSP residual norm 1.038258e-12
 13 (restart 0) KSP residual norm 1.033876e-12
 14 (restart 0) KSP residual norm 1.032904e-12
 15 (restart 0) KSP residual norm 1.032008e-12
 16 (restart 0) KSP residual norm 1.028125e-12
 17 (restart 0) KSP residual norm 1.023857e-12
 18 (restart 0) KSP residual norm 9.986065e-13
GMRES solver converged in 18 iterations (avg. reduction factor: 9.709e-01)
   NLEPS Armijo backtracks=9, alpha=1.953e-03, res_new=1.114207e-07
189 NLEPS (nconv=5, restart=0) residual norm 1.114207e-07
  Residual norms for GMRES solve
  0 (restart 0) KSP residual norm 1.697386e-12
  1 (restart 0) KSP residual norm 1.471322e-12
  2 (restart 0) KSP residual norm 1.335213e-12
  3 (restart 0) KSP residual norm 1.311680e-12
  4 (restart 0) KSP residual norm 1.277265e-12
  5 (restart 0) KSP residual norm 1.257183e-12
  6 (restart 0) KSP residual norm 1.254662e-12
  7 (restart 0) KSP residual norm 1.217631e-12
  8 (restart 0) KSP residual norm 1.134729e-12
  9 (restart 0) KSP residual norm 1.060617e-12
 10 (restart 0) KSP residual norm 1.046300e-12
 11 (restart 0) KSP residual norm 1.045231e-12
 12 (restart 0) KSP residual norm 1.038119e-12
 13 (restart 0) KSP residual norm 1.033742e-12
 14 (restart 0) KSP residual norm 1.032779e-12
 15 (restart 0) KSP residual norm 1.031892e-12
 16 (restart 0) KSP residual norm 1.028016e-12
 17 (restart 0) KSP residual norm 1.023755e-12
 18 (restart 0) KSP residual norm 9.985754e-13
GMRES solver converged in 18 iterations (avg. reduction factor: 9.710e-01)
   NLEPS Armijo backtracks=9, alpha=1.953e-03, res_new=1.114475e-07
190 NLEPS (nconv=5, restart=0) residual norm 1.114475e-07
  Residual norms for GMRES solve
  0 (restart 0) KSP residual norm 1.696196e-12
  1 (restart 0) KSP residual norm 1.470528e-12
  2 (restart 0) KSP residual norm 1.333998e-12
  3 (restart 0) KSP residual norm 1.310555e-12
  4 (restart 0) KSP residual norm 1.276333e-12
  5 (restart 0) KSP residual norm 1.256293e-12
  6 (restart 0) KSP residual norm 1.253787e-12
  7 (restart 0) KSP residual norm 1.216829e-12
  8 (restart 0) KSP residual norm 1.134091e-12
  9 (restart 0) KSP residual norm 1.060350e-12
 10 (restart 0) KSP residual norm 1.046183e-12
 11 (restart 0) KSP residual norm 1.045116e-12
 12 (restart 0) KSP residual norm 1.037993e-12
 13 (restart 0) KSP residual norm 1.033619e-12
 14 (restart 0) KSP residual norm 1.032668e-12
 15 (restart 0) KSP residual norm 1.031791e-12
 16 (restart 0) KSP residual norm 1.027914e-12
 17 (restart 0) KSP residual norm 1.023659e-12
 18 (restart 0) KSP residual norm 9.985685e-13
GMRES solver converged in 18 iterations (avg. reduction factor: 9.710e-01)
   NLEPS Armijo backtracks=9, alpha=1.953e-03, res_new=1.114742e-07
191 NLEPS (nconv=5, restart=0) residual norm 1.114742e-07
  Residual norms for GMRES solve
  0 (restart 0) KSP residual norm 1.694476e-12
  1 (restart 0) KSP residual norm 1.469607e-12
  2 (restart 0) KSP residual norm 1.332886e-12
  3 (restart 0) KSP residual norm 1.309416e-12
  4 (restart 0) KSP residual norm 1.275348e-12
  5 (restart 0) KSP residual norm 1.255340e-12
  6 (restart 0) KSP residual norm 1.252874e-12
  7 (restart 0) KSP residual norm 1.216006e-12
  8 (restart 0) KSP residual norm 1.133440e-12
  9 (restart 0) KSP residual norm 1.060076e-12
 10 (restart 0) KSP residual norm 1.046079e-12
 11 (restart 0) KSP residual norm 1.045015e-12
 12 (restart 0) KSP residual norm 1.037871e-12
 13 (restart 0) KSP residual norm 1.033499e-12
 14 (restart 0) KSP residual norm 1.032555e-12
 15 (restart 0) KSP residual norm 1.031688e-12
 16 (restart 0) KSP residual norm 1.027815e-12
 17 (restart 0) KSP residual norm 1.023561e-12
 18 (restart 0) KSP residual norm 9.985264e-13
GMRES solver converged in 18 iterations (avg. reduction factor: 9.710e-01)
   NLEPS Armijo backtracks=9, alpha=1.953e-03, res_new=1.115009e-07
192 NLEPS (nconv=5, restart=0) residual norm 1.115009e-07
  Residual norms for GMRES solve
  0 (restart 0) KSP residual norm 1.692537e-12
  1 (restart 0) KSP residual norm 1.468693e-12
  2 (restart 0) KSP residual norm 1.331829e-12
  3 (restart 0) KSP residual norm 1.308233e-12
  4 (restart 0) KSP residual norm 1.274318e-12
  5 (restart 0) KSP residual norm 1.254414e-12
  6 (restart 0) KSP residual norm 1.251943e-12
  7 (restart 0) KSP residual norm 1.215146e-12
  8 (restart 0) KSP residual norm 1.132776e-12
  9 (restart 0) KSP residual norm 1.059794e-12
 10 (restart 0) KSP residual norm 1.045958e-12
 11 (restart 0) KSP residual norm 1.044900e-12
 12 (restart 0) KSP residual norm 1.037746e-12
 13 (restart 0) KSP residual norm 1.033376e-12
 14 (restart 0) KSP residual norm 1.032442e-12
 15 (restart 0) KSP residual norm 1.031584e-12
 16 (restart 0) KSP residual norm 1.027721e-12
 17 (restart 0) KSP residual norm 1.023479e-12
 18 (restart 0) KSP residual norm 9.985105e-13
GMRES solver converged in 18 iterations (avg. reduction factor: 9.711e-01)
   NLEPS Armijo backtracks=9, alpha=1.953e-03, res_new=1.115276e-07
193 NLEPS (nconv=5, restart=0) residual norm 1.115276e-07
  Residual norms for GMRES solve
  0 (restart 0) KSP residual norm 1.690934e-12
  1 (restart 0) KSP residual norm 1.467840e-12
  2 (restart 0) KSP residual norm 1.330714e-12
  3 (restart 0) KSP residual norm 1.307111e-12
  4 (restart 0) KSP residual norm 1.273413e-12
  5 (restart 0) KSP residual norm 1.253582e-12
  6 (restart 0) KSP residual norm 1.251130e-12
  7 (restart 0) KSP residual norm 1.214372e-12
  8 (restart 0) KSP residual norm 1.132148e-12
  9 (restart 0) KSP residual norm 1.059519e-12
 10 (restart 0) KSP residual norm 1.045840e-12
 11 (restart 0) KSP residual norm 1.044786e-12
 12 (restart 0) KSP residual norm 1.037610e-12
 13 (restart 0) KSP residual norm 1.033248e-12
 14 (restart 0) KSP residual norm 1.032325e-12
 15 (restart 0) KSP residual norm 1.031477e-12
 16 (restart 0) KSP residual norm 1.027611e-12
 17 (restart 0) KSP residual norm 1.023369e-12
 18 (restart 0) KSP residual norm 9.984730e-13
GMRES solver converged in 18 iterations (avg. reduction factor: 9.712e-01)
   NLEPS Armijo backtracks=9, alpha=1.953e-03, res_new=1.115542e-07
194 NLEPS (nconv=5, restart=0) residual norm 1.115542e-07
  Residual norms for GMRES solve
  0 (restart 0) KSP residual norm 1.688987e-12
  1 (restart 0) KSP residual norm 1.466739e-12
  2 (restart 0) KSP residual norm 1.329424e-12
  3 (restart 0) KSP residual norm 1.305779e-12
  4 (restart 0) KSP residual norm 1.272174e-12
  5 (restart 0) KSP residual norm 1.252364e-12
  6 (restart 0) KSP residual norm 1.249930e-12
  7 (restart 0) KSP residual norm 1.213307e-12
  8 (restart 0) KSP residual norm 1.131402e-12
  9 (restart 0) KSP residual norm 1.059242e-12
 10 (restart 0) KSP residual norm 1.045754e-12
 11 (restart 0) KSP residual norm 1.044699e-12
 12 (restart 0) KSP residual norm 1.037502e-12
 13 (restart 0) KSP residual norm 1.033129e-12
 14 (restart 0) KSP residual norm 1.032211e-12
 15 (restart 0) KSP residual norm 1.031370e-12
 16 (restart 0) KSP residual norm 1.027523e-12
 17 (restart 0) KSP residual norm 1.023303e-12
 18 (restart 0) KSP residual norm 9.984654e-13
GMRES solver converged in 18 iterations (avg. reduction factor: 9.712e-01)
   NLEPS Armijo backtracks=9, alpha=1.953e-03, res_new=1.115808e-07
195 NLEPS (nconv=5, restart=0) residual norm 1.115808e-07
  Residual norms for GMRES solve
  0 (restart 0) KSP residual norm 1.687289e-12
  1 (restart 0) KSP residual norm 1.465793e-12
  2 (restart 0) KSP residual norm 1.328283e-12
  3 (restart 0) KSP residual norm 1.304676e-12
  4 (restart 0) KSP residual norm 1.271203e-12
  5 (restart 0) KSP residual norm 1.251447e-12
  6 (restart 0) KSP residual norm 1.249034e-12
  7 (restart 0) KSP residual norm 1.212469e-12
  8 (restart 0) KSP residual norm 1.130706e-12
  9 (restart 0) KSP residual norm 1.058964e-12
 10 (restart 0) KSP residual norm 1.045645e-12
 11 (restart 0) KSP residual norm 1.044591e-12
 12 (restart 0) KSP residual norm 1.037372e-12
 13 (restart 0) KSP residual norm 1.033001e-12
 14 (restart 0) KSP residual norm 1.032094e-12
 15 (restart 0) KSP residual norm 1.031263e-12
 16 (restart 0) KSP residual norm 1.027409e-12
 17 (restart 0) KSP residual norm 1.023187e-12
 18 (restart 0) KSP residual norm 9.984213e-13
GMRES solver converged in 18 iterations (avg. reduction factor: 9.713e-01)
   NLEPS Armijo backtracks=9, alpha=1.953e-03, res_new=1.116074e-07
196 NLEPS (nconv=5, restart=0) residual norm 1.116074e-07
  Residual norms for GMRES solve
  0 (restart 0) KSP residual norm 1.685965e-12
  1 (restart 0) KSP residual norm 1.465144e-12
  2 (restart 0) KSP residual norm 1.327381e-12
  3 (restart 0) KSP residual norm 1.303744e-12
  4 (restart 0) KSP residual norm 1.270389e-12
  5 (restart 0) KSP residual norm 1.250679e-12
  6 (restart 0) KSP residual norm 1.248314e-12
  7 (restart 0) KSP residual norm 1.211830e-12
  8 (restart 0) KSP residual norm 1.130190e-12
  9 (restart 0) KSP residual norm 1.058720e-12
 10 (restart 0) KSP residual norm 1.045532e-12
 11 (restart 0) KSP residual norm 1.044482e-12
 12 (restart 0) KSP residual norm 1.037259e-12
 13 (restart 0) KSP residual norm 1.032898e-12
 14 (restart 0) KSP residual norm 1.031999e-12
 15 (restart 0) KSP residual norm 1.031182e-12
 16 (restart 0) KSP residual norm 1.027330e-12
 17 (restart 0) KSP residual norm 1.023113e-12
 18 (restart 0) KSP residual norm 9.984045e-13
GMRES solver converged in 18 iterations (avg. reduction factor: 9.713e-01)
   NLEPS Armijo backtracks=9, alpha=1.953e-03, res_new=1.116339e-07
197 NLEPS (nconv=5, restart=0) residual norm 1.116339e-07
  Residual norms for GMRES solve
  0 (restart 0) KSP residual norm 1.683983e-12
  1 (restart 0) KSP residual norm 1.464157e-12
  2 (restart 0) KSP residual norm 1.326287e-12
  3 (restart 0) KSP residual norm 1.302588e-12
  4 (restart 0) KSP residual norm 1.269406e-12
  5 (restart 0) KSP residual norm 1.249740e-12
  6 (restart 0) KSP residual norm 1.247383e-12
  7 (restart 0) KSP residual norm 1.210986e-12
  8 (restart 0) KSP residual norm 1.129564e-12
  9 (restart 0) KSP residual norm 1.058455e-12
 10 (restart 0) KSP residual norm 1.045392e-12
 11 (restart 0) KSP residual norm 1.044345e-12
 12 (restart 0) KSP residual norm 1.037115e-12
 13 (restart 0) KSP residual norm 1.032760e-12
 14 (restart 0) KSP residual norm 1.031871e-12
 15 (restart 0) KSP residual norm 1.031061e-12
 16 (restart 0) KSP residual norm 1.027214e-12
 17 (restart 0) KSP residual norm 1.023007e-12
 18 (restart 0) KSP residual norm 9.983969e-13
GMRES solver converged in 18 iterations (avg. reduction factor: 9.714e-01)
   NLEPS Armijo backtracks=9, alpha=1.953e-03, res_new=1.116604e-07
198 NLEPS (nconv=5, restart=0) residual norm 1.116604e-07
  Residual norms for GMRES solve
  0 (restart 0) KSP residual norm 1.682588e-12
  1 (restart 0) KSP residual norm 1.463255e-12
  2 (restart 0) KSP residual norm 1.325033e-12
  3 (restart 0) KSP residual norm 1.301391e-12
  4 (restart 0) KSP residual norm 1.268392e-12
  5 (restart 0) KSP residual norm 1.248804e-12
  6 (restart 0) KSP residual norm 1.246463e-12
  7 (restart 0) KSP residual norm 1.210163e-12
  8 (restart 0) KSP residual norm 1.128962e-12
  9 (restart 0) KSP residual norm 1.058187e-12
 10 (restart 0) KSP residual norm 1.045287e-12
 11 (restart 0) KSP residual norm 1.044246e-12
 12 (restart 0) KSP residual norm 1.037002e-12
 13 (restart 0) KSP residual norm 1.032647e-12
 14 (restart 0) KSP residual norm 1.031765e-12
 15 (restart 0) KSP residual norm 1.030957e-12
 16 (restart 0) KSP residual norm 1.027127e-12
 17 (restart 0) KSP residual norm 1.022931e-12
 18 (restart 0) KSP residual norm 9.983597e-13
GMRES solver converged in 18 iterations (avg. reduction factor: 9.714e-01)
   NLEPS Armijo backtracks=9, alpha=1.953e-03, res_new=1.116869e-07
199 NLEPS (nconv=5, restart=0) residual norm 1.116869e-07
  Residual norms for GMRES solve
  0 (restart 0) KSP residual norm 1.680822e-12
  1 (restart 0) KSP residual norm 1.462431e-12
  2 (restart 0) KSP residual norm 1.324030e-12
  3 (restart 0) KSP residual norm 1.300285e-12
  4 (restart 0) KSP residual norm 1.267462e-12
  5 (restart 0) KSP residual norm 1.247935e-12
  6 (restart 0) KSP residual norm 1.245615e-12
  7 (restart 0) KSP residual norm 1.209387e-12
  8 (restart 0) KSP residual norm 1.128357e-12
  9 (restart 0) KSP residual norm 1.057930e-12
 10 (restart 0) KSP residual norm 1.045173e-12
 11 (restart 0) KSP residual norm 1.044132e-12
 12 (restart 0) KSP residual norm 1.036876e-12
 13 (restart 0) KSP residual norm 1.032526e-12
 14 (restart 0) KSP residual norm 1.031655e-12
 15 (restart 0) KSP residual norm 1.030860e-12
 16 (restart 0) KSP residual norm 1.027030e-12
 17 (restart 0) KSP residual norm 1.022843e-12
 18 (restart 0) KSP residual norm 9.983654e-13
GMRES solver converged in 18 iterations (avg. reduction factor: 9.715e-01)
   NLEPS Armijo backtracks=9, alpha=1.953e-03, res_new=1.117133e-07
Eigenvalue 5, Quasi-Newton did not converge in 200 iterations, restarting.
  Residual norms for GMRES solve
  0 (restart 0) KSP residual norm 2.958469e+01
  1 (restart 0) KSP residual norm 1.919068e+00
  2 (restart 0) KSP residual norm 1.793264e+00
  3 (restart 0) KSP residual norm 1.757739e+00
  4 (restart 0) KSP residual norm 1.023874e+00
  5 (restart 0) KSP residual norm 9.934758e-01
  6 (restart 0) KSP residual norm 6.941725e-01
  7 (restart 0) KSP residual norm 6.531491e-01
  8 (restart 0) KSP residual norm 4.520244e-01
  9 (restart 0) KSP residual norm 2.789709e-01
 10 (restart 0) KSP residual norm 1.582253e-01
 11 (restart 0) KSP residual norm 9.909704e-02
 12 (restart 0) KSP residual norm 9.046586e-02
 13 (restart 0) KSP residual norm 6.933209e-02
 14 (restart 0) KSP residual norm 4.277060e-02
 15 (restart 0) KSP residual norm 3.786159e-02
 16 (restart 0) KSP residual norm 3.774295e-02
 17 (restart 0) KSP residual norm 3.613646e-02
 18 (restart 0) KSP residual norm 2.957240e-02
 19 (restart 0) KSP residual norm 2.082514e-02
 20 (restart 0) KSP residual norm 1.058404e-02
 21 (restart 0) KSP residual norm 7.684726e-03
GMRES solver converged in 21 iterations (avg. reduction factor: 6.749e-01)
0 NLEPS (nconv=5, restart=1) residual norm 1.591112e-01
  Residual norms for GMRES solve
  0 (restart 0) KSP residual norm 4.530555e+00
  1 (restart 0) KSP residual norm 3.203754e+00
  2 (restart 0) KSP residual norm 3.053707e+00
  3 (restart 0) KSP residual norm 3.041941e+00
  4 (restart 0) KSP residual norm 2.845805e+00
  5 (restart 0) KSP residual norm 1.588020e+00
  6 (restart 0) KSP residual norm 1.318379e+00
  7 (restart 0) KSP residual norm 1.066894e+00
  8 (restart 0) KSP residual norm 9.852215e-01
  9 (restart 0) KSP residual norm 8.757100e-01
 10 (restart 0) KSP residual norm 6.386964e-01
 11 (restart 0) KSP residual norm 4.414179e-01
 12 (restart 0) KSP residual norm 2.755711e-01
 13 (restart 0) KSP residual norm 2.421964e-01
 14 (restart 0) KSP residual norm 2.296353e-01
 15 (restart 0) KSP residual norm 1.913936e-01
 16 (restart 0) KSP residual norm 9.967005e-02
 17 (restart 0) KSP residual norm 5.798215e-02
 18 (restart 0) KSP residual norm 1.876878e-02
 19 (restart 0) KSP residual norm 7.761668e-03
 20 (restart 0) KSP residual norm 4.833657e-03
 21 (restart 0) KSP residual norm 3.643489e-03
 22 (restart 0) KSP residual norm 3.596830e-03
 23 (restart 0) KSP residual norm 3.543472e-03
 24 (restart 0) KSP residual norm 3.520041e-03
 25 (restart 0) KSP residual norm 3.508307e-03
 26 (restart 0) KSP residual norm 3.501124e-03
 27 (restart 0) KSP residual norm 3.497165e-03
 28 (restart 0) KSP residual norm 3.479572e-03
 29 (restart 0) KSP residual norm 3.422831e-03
 30 (restart 0) KSP residual norm 3.260610e-03
 31 (restart 0) KSP residual norm 2.875036e-03
 32 (restart 0) KSP residual norm 2.149430e-03
 33 (restart 0) KSP residual norm 1.342952e-03
GMRES solver converged in 33 iterations (avg. reduction factor: 7.818e-01)
1 NLEPS (nconv=5, restart=1) residual norm 2.840074e-03
  Residual norms for GMRES solve
  0 (restart 0) KSP residual norm 1.741109e-06
  1 (restart 0) KSP residual norm 1.738501e-06
  2 (restart 0) KSP residual norm 1.636437e-06
  3 (restart 0) KSP residual norm 1.595014e-06
  4 (restart 0) KSP residual norm 1.073714e-06
  5 (restart 0) KSP residual norm 9.728340e-07
  6 (restart 0) KSP residual norm 9.281781e-07
  7 (restart 0) KSP residual norm 8.594423e-07
  8 (restart 0) KSP residual norm 8.028293e-07
  9 (restart 0) KSP residual norm 6.896421e-07
 10 (restart 0) KSP residual norm 6.330466e-07
 11 (restart 0) KSP residual norm 5.419545e-07
 12 (restart 0) KSP residual norm 3.789855e-07
 13 (restart 0) KSP residual norm 2.043940e-07
 14 (restart 0) KSP residual norm 1.235893e-07
 15 (restart 0) KSP residual norm 9.465612e-08
 16 (restart 0) KSP residual norm 6.321573e-08
 17 (restart 0) KSP residual norm 5.525141e-08
 18 (restart 0) KSP residual norm 4.957211e-08
 19 (restart 0) KSP residual norm 4.650155e-08
 20 (restart 0) KSP residual norm 4.612090e-08
 21 (restart 0) KSP residual norm 4.518557e-08
 22 (restart 0) KSP residual norm 4.343241e-08
 23 (restart 0) KSP residual norm 3.865241e-08
 24 (restart 0) KSP residual norm 3.554393e-08
 25 (restart 0) KSP residual norm 3.311616e-08
 26 (restart 0) KSP residual norm 3.145909e-08
 27 (restart 0) KSP residual norm 3.081145e-08
 28 (restart 0) KSP residual norm 3.021585e-08
 29 (restart 0) KSP residual norm 2.993648e-08
 30 (restart 0) KSP residual norm 2.993512e-08
 31 (restart 0) KSP residual norm 2.980143e-08
 32 (restart 0) KSP residual norm 2.888970e-08
 33 (restart 0) KSP residual norm 2.811399e-08
 34 (restart 0) KSP residual norm 2.659485e-08
 35 (restart 0) KSP residual norm 2.513134e-08
 36 (restart 0) KSP residual norm 2.339021e-08
 37 (restart 0) KSP residual norm 2.152701e-08
 38 (restart 0) KSP residual norm 1.891872e-08
 39 (restart 0) KSP residual norm 1.579752e-08
 40 (restart 0) KSP residual norm 1.276256e-08
 41 (restart 0) KSP residual norm 9.669572e-09
 42 (restart 0) KSP residual norm 6.844276e-09
 43 (restart 0) KSP residual norm 4.416725e-09
 44 (restart 0) KSP residual norm 3.097671e-09
 45 (restart 0) KSP residual norm 2.065538e-09
 46 (restart 0) KSP residual norm 1.318943e-09
 47 (restart 0) KSP residual norm 8.474322e-10
 48 (restart 0) KSP residual norm 5.255409e-10
GMRES solver converged in 48 iterations (avg. reduction factor: 8.446e-01)
2 NLEPS (nconv=5, restart=1) residual norm 4.567278e-05
  Residual norms for GMRES solve
  0 (restart 0) KSP residual norm 1.089677e-08
  1 (restart 0) KSP residual norm 1.088638e-08
  2 (restart 0) KSP residual norm 1.079535e-08
  3 (restart 0) KSP residual norm 9.744667e-09
  4 (restart 0) KSP residual norm 9.641819e-09
  5 (restart 0) KSP residual norm 8.350602e-09
  6 (restart 0) KSP residual norm 8.338773e-09
  7 (restart 0) KSP residual norm 6.152332e-09
  8 (restart 0) KSP residual norm 4.217941e-09
  9 (restart 0) KSP residual norm 2.523759e-09
 10 (restart 0) KSP residual norm 1.438949e-09
 11 (restart 0) KSP residual norm 1.090972e-09
 12 (restart 0) KSP residual norm 1.063708e-09
 13 (restart 0) KSP residual norm 9.801864e-10
 14 (restart 0) KSP residual norm 9.270958e-10
 15 (restart 0) KSP residual norm 8.762358e-10
 16 (restart 0) KSP residual norm 7.188749e-10
 17 (restart 0) KSP residual norm 6.558098e-10
 18 (restart 0) KSP residual norm 6.143417e-10
 19 (restart 0) KSP residual norm 5.956673e-10
 20 (restart 0) KSP residual norm 5.938592e-10
 21 (restart 0) KSP residual norm 5.881083e-10
 22 (restart 0) KSP residual norm 5.809383e-10
 23 (restart 0) KSP residual norm 5.741785e-10
 24 (restart 0) KSP residual norm 5.663831e-10
 25 (restart 0) KSP residual norm 5.524792e-10
 26 (restart 0) KSP residual norm 5.488526e-10
 27 (restart 0) KSP residual norm 5.358603e-10
 28 (restart 0) KSP residual norm 5.188991e-10
 29 (restart 0) KSP residual norm 5.020483e-10
 30 (restart 0) KSP residual norm 4.699139e-10
 31 (restart 0) KSP residual norm 4.442103e-10
 32 (restart 0) KSP residual norm 4.162528e-10
 33 (restart 0) KSP residual norm 3.970964e-10
 34 (restart 0) KSP residual norm 3.791210e-10
 35 (restart 0) KSP residual norm 3.699453e-10
 36 (restart 0) KSP residual norm 3.479721e-10
 37 (restart 0) KSP residual norm 3.102457e-10
 38 (restart 0) KSP residual norm 2.457718e-10
 39 (restart 0) KSP residual norm 1.712292e-10
 40 (restart 0) KSP residual norm 1.144190e-10
 41 (restart 0) KSP residual norm 7.616362e-11
 42 (restart 0) KSP residual norm 5.255195e-11
 43 (restart 0) KSP residual norm 3.502666e-11
 44 (restart 0) KSP residual norm 2.411469e-11
 45 (restart 0) KSP residual norm 1.760384e-11
 46 (restart 0) KSP residual norm 1.270970e-11
 47 (restart 0) KSP residual norm 9.182582e-12
 48 (restart 0) KSP residual norm 6.507372e-12
 49 (restart 0) KSP residual norm 4.491938e-12
 50 (restart 0) KSP residual norm 3.251717e-12
 51 (restart 0) KSP residual norm 2.401507e-12
 52 (restart 0) KSP residual norm 1.656164e-12
 53 (restart 0) KSP residual norm 1.115822e-12
 54 (restart 0) KSP residual norm 7.627763e-13
GMRES solver converged in 54 iterations (avg. reduction factor: 8.376e-01)
3 NLEPS (nconv=5, restart=1) residual norm 9.113384e-08
Eigenvalue 5, Quasi-Newton converged in 3 iterations (-2.632e-04+1.118e+01i).
  Residual norms for GMRES solve
  0 (restart 0) KSP residual norm 2.877071e+01
  1 (restart 0) KSP residual norm 1.639134e+00
  2 (restart 0) KSP residual norm 1.303569e+00
  3 (restart 0) KSP residual norm 8.144315e-01
  4 (restart 0) KSP residual norm 1.549160e-01
  5 (restart 0) KSP residual norm 1.131136e-01
  6 (restart 0) KSP residual norm 1.083029e-01
  7 (restart 0) KSP residual norm 1.080923e-01
  8 (restart 0) KSP residual norm 1.080555e-01
  9 (restart 0) KSP residual norm 1.074731e-01
 10 (restart 0) KSP residual norm 1.058239e-01
 11 (restart 0) KSP residual norm 1.015283e-01
 12 (restart 0) KSP residual norm 7.147011e-02
 13 (restart 0) KSP residual norm 3.333530e-02
 14 (restart 0) KSP residual norm 1.681038e-02
 15 (restart 0) KSP residual norm 1.060646e-02
 16 (restart 0) KSP residual norm 7.254369e-03
GMRES solver converged in 16 iterations (avg. reduction factor: 5.958e-01)
0 NLEPS (nconv=6, restart=0) residual norm 1.863385e-01
  Residual norms for GMRES solve
  0 (restart 0) KSP residual norm 2.334240e+00
  1 (restart 0) KSP residual norm 1.412635e+00
  2 (restart 0) KSP residual norm 1.127846e+00
  3 (restart 0) KSP residual norm 7.378564e-01
  4 (restart 0) KSP residual norm 3.165998e-01
  5 (restart 0) KSP residual norm 2.631551e-01
  6 (restart 0) KSP residual norm 2.410339e-01
  7 (restart 0) KSP residual norm 2.326323e-01
  8 (restart 0) KSP residual norm 2.213051e-01
  9 (restart 0) KSP residual norm 2.019782e-01
 10 (restart 0) KSP residual norm 1.472979e-01
 11 (restart 0) KSP residual norm 9.770184e-02
 12 (restart 0) KSP residual norm 8.674308e-02
 13 (restart 0) KSP residual norm 8.412940e-02
 14 (restart 0) KSP residual norm 7.728738e-02
 15 (restart 0) KSP residual norm 7.648229e-02
 16 (restart 0) KSP residual norm 7.287104e-02
 17 (restart 0) KSP residual norm 5.905851e-02
 18 (restart 0) KSP residual norm 4.373811e-02
 19 (restart 0) KSP residual norm 3.665844e-02
 20 (restart 0) KSP residual norm 3.277647e-02
 21 (restart 0) KSP residual norm 2.951075e-02
 22 (restart 0) KSP residual norm 2.655060e-02
 23 (restart 0) KSP residual norm 2.593581e-02
 24 (restart 0) KSP residual norm 2.435895e-02
 25 (restart 0) KSP residual norm 2.283383e-02
 26 (restart 0) KSP residual norm 2.205227e-02
 27 (restart 0) KSP residual norm 2.145549e-02
 28 (restart 0) KSP residual norm 2.008246e-02
 29 (restart 0) KSP residual norm 1.605688e-02
 30 (restart 0) KSP residual norm 1.319708e-02
 31 (restart 0) KSP residual norm 1.052998e-02
 32 (restart 0) KSP residual norm 7.510004e-03
 33 (restart 0) KSP residual norm 5.514166e-03
 34 (restart 0) KSP residual norm 4.050774e-03
 35 (restart 0) KSP residual norm 2.645998e-03
 36 (restart 0) KSP residual norm 1.666468e-03
 37 (restart 0) KSP residual norm 1.108424e-03
 38 (restart 0) KSP residual norm 8.020254e-04
 39 (restart 0) KSP residual norm 5.429893e-04
GMRES solver converged in 39 iterations (avg. reduction factor: 8.069e-01)
1 NLEPS (nconv=6, restart=0) residual norm 2.610138e-02
  Residual norms for GMRES solve
  0 (restart 0) KSP residual norm 6.711968e-07
  1 (restart 0) KSP residual norm 3.715664e-07
  2 (restart 0) KSP residual norm 2.926596e-07
  3 (restart 0) KSP residual norm 1.612391e-07
  4 (restart 0) KSP residual norm 9.639608e-08
  5 (restart 0) KSP residual norm 9.339827e-08
  6 (restart 0) KSP residual norm 9.242696e-08
  7 (restart 0) KSP residual norm 8.751837e-08
  8 (restart 0) KSP residual norm 8.143844e-08
  9 (restart 0) KSP residual norm 7.218765e-08
 10 (restart 0) KSP residual norm 6.325864e-08
 11 (restart 0) KSP residual norm 6.243283e-08
 12 (restart 0) KSP residual norm 5.733621e-08
 13 (restart 0) KSP residual norm 4.245407e-08
 14 (restart 0) KSP residual norm 3.986471e-08
 15 (restart 0) KSP residual norm 3.939270e-08
 16 (restart 0) KSP residual norm 3.908014e-08
 17 (restart 0) KSP residual norm 3.814241e-08
 18 (restart 0) KSP residual norm 3.813151e-08
 19 (restart 0) KSP residual norm 3.628207e-08
 20 (restart 0) KSP residual norm 3.399531e-08
 21 (restart 0) KSP residual norm 3.253664e-08
 22 (restart 0) KSP residual norm 2.909683e-08
 23 (restart 0) KSP residual norm 2.625049e-08
 24 (restart 0) KSP residual norm 2.532300e-08
 25 (restart 0) KSP residual norm 2.518416e-08
 26 (restart 0) KSP residual norm 2.385158e-08
 27 (restart 0) KSP residual norm 2.182190e-08
 28 (restart 0) KSP residual norm 2.128290e-08
 29 (restart 0) KSP residual norm 2.116039e-08
 30 (restart 0) KSP residual norm 2.072424e-08
 31 (restart 0) KSP residual norm 1.964940e-08
 32 (restart 0) KSP residual norm 1.930905e-08
 33 (restart 0) KSP residual norm 1.919056e-08
 34 (restart 0) KSP residual norm 1.917409e-08
 35 (restart 0) KSP residual norm 1.913686e-08
 36 (restart 0) KSP residual norm 1.876651e-08
 37 (restart 0) KSP residual norm 1.853802e-08
 38 (restart 0) KSP residual norm 1.831253e-08
 39 (restart 0) KSP residual norm 1.813084e-08
 40 (restart 0) KSP residual norm 1.794049e-08
 41 (restart 0) KSP residual norm 1.777201e-08
 42 (restart 0) KSP residual norm 1.755466e-08
 43 (restart 0) KSP residual norm 1.735732e-08
 44 (restart 0) KSP residual norm 1.653969e-08
 45 (restart 0) KSP residual norm 1.456600e-08
 46 (restart 0) KSP residual norm 1.162261e-08
 47 (restart 0) KSP residual norm 9.274407e-09
 48 (restart 0) KSP residual norm 7.159336e-09
 49 (restart 0) KSP residual norm 5.098506e-09
 50 (restart 0) KSP residual norm 3.299614e-09
 51 (restart 0) KSP residual norm 2.070395e-09
 52 (restart 0) KSP residual norm 1.276791e-09
 53 (restart 0) KSP residual norm 8.089249e-10
 54 (restart 0) KSP residual norm 5.237349e-10
 55 (restart 0) KSP residual norm 3.537038e-10
 56 (restart 0) KSP residual norm 2.353273e-10
 57 (restart 0) KSP residual norm 1.631328e-10
GMRES solver converged in 57 iterations (avg. reduction factor: 8.642e-01)
2 NLEPS (nconv=6, restart=0) residual norm 1.170348e-04
  Residual norms for GMRES solve
  0 (restart 0) KSP residual norm 2.759415e-07
  1 (restart 0) KSP residual norm 1.652141e-07
  2 (restart 0) KSP residual norm 1.409821e-07
  3 (restart 0) KSP residual norm 1.222515e-07
  4 (restart 0) KSP residual norm 1.041864e-07
  5 (restart 0) KSP residual norm 1.034573e-07
  6 (restart 0) KSP residual norm 9.706511e-08
  7 (restart 0) KSP residual norm 7.902986e-08
  8 (restart 0) KSP residual norm 6.407270e-08
  9 (restart 0) KSP residual norm 5.000313e-08
 10 (restart 0) KSP residual norm 3.665769e-08
 11 (restart 0) KSP residual norm 2.890299e-08
 12 (restart 0) KSP residual norm 2.522709e-08
 13 (restart 0) KSP residual norm 2.511467e-08
 14 (restart 0) KSP residual norm 2.206973e-08
 15 (restart 0) KSP residual norm 1.900956e-08
 16 (restart 0) KSP residual norm 1.563070e-08
 17 (restart 0) KSP residual norm 1.156511e-08
 18 (restart 0) KSP residual norm 1.022393e-08
 19 (restart 0) KSP residual norm 1.018367e-08
 20 (restart 0) KSP residual norm 1.015047e-08
 21 (restart 0) KSP residual norm 1.013821e-08
 22 (restart 0) KSP residual norm 9.999265e-09
 23 (restart 0) KSP residual norm 9.994929e-09
 24 (restart 0) KSP residual norm 9.968745e-09
 25 (restart 0) KSP residual norm 9.886191e-09
 26 (restart 0) KSP residual norm 9.876126e-09
 27 (restart 0) KSP residual norm 9.858158e-09
 28 (restart 0) KSP residual norm 9.675613e-09
 29 (restart 0) KSP residual norm 9.661313e-09
 30 (restart 0) KSP residual norm 9.611216e-09
 31 (restart 0) KSP residual norm 9.610892e-09
 32 (restart 0) KSP residual norm 9.527850e-09
 33 (restart 0) KSP residual norm 9.467713e-09
 34 (restart 0) KSP residual norm 9.348455e-09
 35 (restart 0) KSP residual norm 8.891709e-09
 36 (restart 0) KSP residual norm 8.175876e-09
 37 (restart 0) KSP residual norm 7.495965e-09
 38 (restart 0) KSP residual norm 6.167799e-09
 39 (restart 0) KSP residual norm 5.001813e-09
 40 (restart 0) KSP residual norm 3.663912e-09
 41 (restart 0) KSP residual norm 2.462616e-09
 42 (restart 0) KSP residual norm 1.690282e-09
 43 (restart 0) KSP residual norm 1.151665e-09
 44 (restart 0) KSP residual norm 8.049246e-10
 45 (restart 0) KSP residual norm 5.500018e-10
 46 (restart 0) KSP residual norm 3.829339e-10
 47 (restart 0) KSP residual norm 2.841659e-10
 48 (restart 0) KSP residual norm 2.144881e-10
 49 (restart 0) KSP residual norm 1.584050e-10
 50 (restart 0) KSP residual norm 1.165277e-10
 51 (restart 0) KSP residual norm 8.468571e-11
 52 (restart 0) KSP residual norm 5.953727e-11
 53 (restart 0) KSP residual norm 4.246596e-11
 54 (restart 0) KSP residual norm 2.912319e-11
GMRES solver converged in 54 iterations (avg. reduction factor: 8.440e-01)
3 NLEPS (nconv=6, restart=0) residual norm 3.234715e-06
  Residual norms for GMRES solve
  0 (restart 0) KSP residual norm 3.324495e-11
  1 (restart 0) KSP residual norm 3.321450e-11
  2 (restart 0) KSP residual norm 3.302966e-11
  3 (restart 0) KSP residual norm 3.288993e-11
  4 (restart 0) KSP residual norm 3.243348e-11
  5 (restart 0) KSP residual norm 3.173504e-11
  6 (restart 0) KSP residual norm 3.136639e-11
  7 (restart 0) KSP residual norm 2.876084e-11
  8 (restart 0) KSP residual norm 2.718783e-11
  9 (restart 0) KSP residual norm 2.627698e-11
 10 (restart 0) KSP residual norm 2.442380e-11
 11 (restart 0) KSP residual norm 2.253196e-11
 12 (restart 0) KSP residual norm 2.161362e-11
 13 (restart 0) KSP residual norm 2.093664e-11
 14 (restart 0) KSP residual norm 2.093132e-11
 15 (restart 0) KSP residual norm 2.062656e-11
 16 (restart 0) KSP residual norm 2.038708e-11
 17 (restart 0) KSP residual norm 2.030250e-11
 18 (restart 0) KSP residual norm 1.996267e-11
 19 (restart 0) KSP residual norm 1.965677e-11
 20 (restart 0) KSP residual norm 1.956483e-11
 21 (restart 0) KSP residual norm 1.953077e-11
 22 (restart 0) KSP residual norm 1.929695e-11
 23 (restart 0) KSP residual norm 1.869657e-11
 24 (restart 0) KSP residual norm 1.838724e-11
 25 (restart 0) KSP residual norm 1.833905e-11
 26 (restart 0) KSP residual norm 1.802666e-11
 27 (restart 0) KSP residual norm 1.763308e-11
 28 (restart 0) KSP residual norm 1.677320e-11
 29 (restart 0) KSP residual norm 1.624993e-11
 30 (restart 0) KSP residual norm 1.580077e-11
 31 (restart 0) KSP residual norm 1.398785e-11
 32 (restart 0) KSP residual norm 1.357420e-11
 33 (restart 0) KSP residual norm 1.301555e-11
 34 (restart 0) KSP residual norm 1.161602e-11
 35 (restart 0) KSP residual norm 1.125839e-11
 36 (restart 0) KSP residual norm 1.065060e-11
 37 (restart 0) KSP residual norm 1.012367e-11
 38 (restart 0) KSP residual norm 9.769425e-12
 39 (restart 0) KSP residual norm 9.173268e-12
 40 (restart 0) KSP residual norm 8.622381e-12
 41 (restart 0) KSP residual norm 8.584617e-12
 42 (restart 0) KSP residual norm 8.060015e-12
 43 (restart 0) KSP residual norm 7.597021e-12
 44 (restart 0) KSP residual norm 7.385861e-12
 45 (restart 0) KSP residual norm 7.128164e-12
 46 (restart 0) KSP residual norm 6.341745e-12
 47 (restart 0) KSP residual norm 5.774065e-12
 48 (restart 0) KSP residual norm 5.589374e-12
 49 (restart 0) KSP residual norm 5.427694e-12
 50 (restart 0) KSP residual norm 5.100350e-12
 51 (restart 0) KSP residual norm 4.198150e-12
 52 (restart 0) KSP residual norm 2.897821e-12
 53 (restart 0) KSP residual norm 2.008985e-12
 54 (restart 0) KSP residual norm 1.385315e-12
 55 (restart 0) KSP residual norm 9.458044e-13
GMRES solver converged in 55 iterations (avg. reduction factor: 9.373e-01)
4 NLEPS (nconv=6, restart=0) residual norm 1.682477e-07
  Residual norms for GMRES solve
  0 (restart 0) KSP residual norm 1.050498e-12
  1 (restart 0) KSP residual norm 1.048150e-12
  2 (restart 0) KSP residual norm 9.796926e-13
GMRES solver converged in 2 iterations (avg. reduction factor: 9.657e-01)
5 NLEPS (nconv=6, restart=0) residual norm 1.641136e-07
  Residual norms for GMRES solve
  0 (restart 0) KSP residual norm 9.912315e-13
GMRES solver converged in 0 iterations
   NLEPS Armijo backtracks=9, alpha=1.953e-03, res_new=1.641136e-07
6 NLEPS (nconv=6, restart=0) residual norm 1.641136e-07
  Residual norms for GMRES solve
  0 (restart 0) KSP residual norm 9.910936e-13
GMRES solver converged in 0 iterations
   NLEPS Armijo backtracks=9, alpha=1.953e-03, res_new=1.641136e-07
7 NLEPS (nconv=6, restart=0) residual norm 1.641136e-07
  Residual norms for GMRES solve
  0 (restart 0) KSP residual norm 9.910861e-13
GMRES solver converged in 0 iterations
   NLEPS Armijo backtracks=9, alpha=1.953e-03, res_new=1.641136e-07
8 NLEPS (nconv=6, restart=0) residual norm 1.641136e-07
  Residual norms for GMRES solve
  0 (restart 0) KSP residual norm 9.910864e-13
GMRES solver converged in 0 iterations
   NLEPS Armijo backtracks=9, alpha=1.953e-03, res_new=1.641136e-07
9 NLEPS (nconv=6, restart=0) residual norm 1.641136e-07
  Residual norms for GMRES solve
  0 (restart 0) KSP residual norm 9.911113e-13
GMRES solver converged in 0 iterations
   NLEPS Armijo backtracks=9, alpha=1.953e-03, res_new=1.641136e-07
10 NLEPS (nconv=6, restart=0) residual norm 1.641136e-07
  Residual norms for GMRES solve
  0 (restart 0) KSP residual norm 9.910823e-13
GMRES solver converged in 0 iterations
   NLEPS Armijo backtracks=9, alpha=1.953e-03, res_new=1.641136e-07
11 NLEPS (nconv=6, restart=0) residual norm 1.641136e-07
  Residual norms for GMRES solve
  0 (restart 0) KSP residual norm 9.910586e-13
GMRES solver converged in 0 iterations
   NLEPS Armijo backtracks=9, alpha=1.953e-03, res_new=1.641136e-07
12 NLEPS (nconv=6, restart=0) residual norm 1.641136e-07
  Residual norms for GMRES solve
  0 (restart 0) KSP residual norm 9.910999e-13
GMRES solver converged in 0 iterations
   NLEPS Armijo backtracks=9, alpha=1.953e-03, res_new=1.641136e-07
13 NLEPS (nconv=6, restart=0) residual norm 1.641136e-07
  Residual norms for GMRES solve
  0 (restart 0) KSP residual norm 9.910973e-13
GMRES solver converged in 0 iterations
   NLEPS Armijo backtracks=9, alpha=1.953e-03, res_new=1.641136e-07
14 NLEPS (nconv=6, restart=0) residual norm 1.641136e-07
  Residual norms for GMRES solve
  0 (restart 0) KSP residual norm 9.911026e-13
GMRES solver converged in 0 iterations
   NLEPS Armijo backtracks=9, alpha=1.953e-03, res_new=1.641136e-07
15 NLEPS (nconv=6, restart=0) residual norm 1.641136e-07
  Residual norms for GMRES solve
  0 (restart 0) KSP residual norm 9.910976e-13
GMRES solver converged in 0 iterations
   NLEPS Armijo backtracks=9, alpha=1.953e-03, res_new=1.641136e-07
16 NLEPS (nconv=6, restart=0) residual norm 1.641136e-07
  Residual norms for GMRES solve
  0 (restart 0) KSP residual norm 9.910885e-13
GMRES solver converged in 0 iterations
   NLEPS Armijo backtracks=9, alpha=1.953e-03, res_new=1.641136e-07
17 NLEPS (nconv=6, restart=0) residual norm 1.641136e-07
  Residual norms for GMRES solve
  0 (restart 0) KSP residual norm 9.910588e-13
GMRES solver converged in 0 iterations
   NLEPS Armijo backtracks=9, alpha=1.953e-03, res_new=1.641136e-07
18 NLEPS (nconv=6, restart=0) residual norm 1.641136e-07
  Residual norms for GMRES solve
  0 (restart 0) KSP residual norm 9.910032e-13
GMRES solver converged in 0 iterations
   NLEPS Armijo backtracks=9, alpha=1.953e-03, res_new=1.641136e-07
19 NLEPS (nconv=6, restart=0) residual norm 1.641136e-07
  Residual norms for GMRES solve
  0 (restart 0) KSP residual norm 9.910262e-13
GMRES solver converged in 0 iterations
   NLEPS Armijo backtracks=9, alpha=1.953e-03, res_new=1.641136e-07
20 NLEPS (nconv=6, restart=0) residual norm 1.641136e-07
  Residual norms for GMRES solve
  0 (restart 0) KSP residual norm 9.910128e-13
GMRES solver converged in 0 iterations
   NLEPS Armijo backtracks=9, alpha=1.953e-03, res_new=1.641136e-07
21 NLEPS (nconv=6, restart=0) residual norm 1.641136e-07
  Residual norms for GMRES solve
  0 (restart 0) KSP residual norm 9.910234e-13
GMRES solver converged in 0 iterations
   NLEPS Armijo backtracks=9, alpha=1.953e-03, res_new=1.641136e-07
22 NLEPS (nconv=6, restart=0) residual norm 1.641136e-07
  Residual norms for GMRES solve
  0 (restart 0) KSP residual norm 9.910258e-13
GMRES solver converged in 0 iterations
   NLEPS Armijo backtracks=9, alpha=1.953e-03, res_new=1.641136e-07
23 NLEPS (nconv=6, restart=0) residual norm 1.641136e-07
  Residual norms for GMRES solve
  0 (restart 0) KSP residual norm 9.910253e-13
GMRES solver converged in 0 iterations
   NLEPS Armijo backtracks=9, alpha=1.953e-03, res_new=1.641136e-07
24 NLEPS (nconv=6, restart=0) residual norm 1.641136e-07
  Residual norms for GMRES solve
  0 (restart 0) KSP residual norm 9.910230e-13
GMRES solver converged in 0 iterations
   NLEPS Armijo backtracks=9, alpha=1.953e-03, res_new=1.641136e-07
25 NLEPS (nconv=6, restart=0) residual norm 1.641136e-07
  Residual norms for GMRES solve
  0 (restart 0) KSP residual norm 9.910672e-13
GMRES solver converged in 0 iterations
   NLEPS Armijo backtracks=9, alpha=1.953e-03, res_new=1.641136e-07
26 NLEPS (nconv=6, restart=0) residual norm 1.641136e-07
  Residual norms for GMRES solve
  0 (restart 0) KSP residual norm 9.910523e-13
GMRES solver converged in 0 iterations
   NLEPS Armijo backtracks=9, alpha=1.953e-03, res_new=1.641136e-07
27 NLEPS (nconv=6, restart=0) residual norm 1.641136e-07
  Residual norms for GMRES solve
  0 (restart 0) KSP residual norm 9.910392e-13
GMRES solver converged in 0 iterations
   NLEPS Armijo backtracks=9, alpha=1.953e-03, res_new=1.641136e-07
28 NLEPS (nconv=6, restart=0) residual norm 1.641136e-07
  Residual norms for GMRES solve
  0 (restart 0) KSP residual norm 9.910130e-13
GMRES solver converged in 0 iterations
   NLEPS Armijo backtracks=9, alpha=1.953e-03, res_new=1.641136e-07
29 NLEPS (nconv=6, restart=0) residual norm 1.641136e-07
  Residual norms for GMRES solve
  0 (restart 0) KSP residual norm 9.910357e-13
GMRES solver converged in 0 iterations
   NLEPS Armijo backtracks=9, alpha=1.953e-03, res_new=1.641136e-07
30 NLEPS (nconv=6, restart=0) residual norm 1.641136e-07
  Residual norms for GMRES solve
  0 (restart 0) KSP residual norm 9.910495e-13
GMRES solver converged in 0 iterations
   NLEPS Armijo backtracks=9, alpha=1.953e-03, res_new=1.641136e-07
31 NLEPS (nconv=6, restart=0) residual norm 1.641136e-07
  Residual norms for GMRES solve
  0 (restart 0) KSP residual norm 9.910681e-13
GMRES solver converged in 0 iterations
   NLEPS Armijo backtracks=9, alpha=1.953e-03, res_new=1.641136e-07
32 NLEPS (nconv=6, restart=0) residual norm 1.641136e-07
  Residual norms for GMRES solve
  0 (restart 0) KSP residual norm 9.910452e-13
GMRES solver converged in 0 iterations
   NLEPS Armijo backtracks=9, alpha=1.953e-03, res_new=1.641136e-07
33 NLEPS (nconv=6, restart=0) residual norm 1.641136e-07
  Residual norms for GMRES solve
  0 (restart 0) KSP residual norm 9.910402e-13
GMRES solver converged in 0 iterations
   NLEPS Armijo backtracks=9, alpha=1.953e-03, res_new=1.641136e-07
34 NLEPS (nconv=6, restart=0) residual norm 1.641136e-07
  Residual norms for GMRES solve
  0 (restart 0) KSP residual norm 9.910320e-13
GMRES solver converged in 0 iterations
   NLEPS Armijo backtracks=9, alpha=1.953e-03, res_new=1.641136e-07
35 NLEPS (nconv=6, restart=0) residual norm 1.641136e-07
  Residual norms for GMRES solve
  0 (restart 0) KSP residual norm 9.910263e-13
GMRES solver converged in 0 iterations
   NLEPS Armijo backtracks=9, alpha=1.953e-03, res_new=1.641136e-07
36 NLEPS (nconv=6, restart=0) residual norm 1.641136e-07
  Residual norms for GMRES solve
  0 (restart 0) KSP residual norm 9.910083e-13
GMRES solver converged in 0 iterations
   NLEPS Armijo backtracks=9, alpha=1.953e-03, res_new=1.641136e-07
37 NLEPS (nconv=6, restart=0) residual norm 1.641136e-07
  Residual norms for GMRES solve
  0 (restart 0) KSP residual norm 9.909936e-13
GMRES solver converged in 0 iterations
   NLEPS Armijo backtracks=9, alpha=1.953e-03, res_new=1.641136e-07
38 NLEPS (nconv=6, restart=0) residual norm 1.641136e-07
  Residual norms for GMRES solve
  0 (restart 0) KSP residual norm 9.910080e-13
GMRES solver converged in 0 iterations
   NLEPS Armijo backtracks=9, alpha=1.953e-03, res_new=1.641136e-07
39 NLEPS (nconv=6, restart=0) residual norm 1.641136e-07
  Residual norms for GMRES solve
  0 (restart 0) KSP residual norm 9.909981e-13
GMRES solver converged in 0 iterations
   NLEPS Armijo backtracks=9, alpha=1.953e-03, res_new=1.641136e-07
40 NLEPS (nconv=6, restart=0) residual norm 1.641136e-07
  Residual norms for GMRES solve
  0 (restart 0) KSP residual norm 9.910053e-13
GMRES solver converged in 0 iterations
   NLEPS Armijo backtracks=9, alpha=1.953e-03, res_new=1.641136e-07
41 NLEPS (nconv=6, restart=0) residual norm 1.641136e-07
  Residual norms for GMRES solve
  0 (restart 0) KSP residual norm 9.909909e-13
GMRES solver converged in 0 iterations
   NLEPS Armijo backtracks=9, alpha=1.953e-03, res_new=1.641136e-07
42 NLEPS (nconv=6, restart=0) residual norm 1.641136e-07
  Residual norms for GMRES solve
  0 (restart 0) KSP residual norm 9.909849e-13
GMRES solver converged in 0 iterations
   NLEPS Armijo backtracks=9, alpha=1.953e-03, res_new=1.641136e-07
43 NLEPS (nconv=6, restart=0) residual norm 1.641136e-07
  Residual norms for GMRES solve
  0 (restart 0) KSP residual norm 9.909908e-13
GMRES solver converged in 0 iterations
   NLEPS Armijo backtracks=9, alpha=1.953e-03, res_new=1.641136e-07
44 NLEPS (nconv=6, restart=0) residual norm 1.641136e-07
  Residual norms for GMRES solve
  0 (restart 0) KSP residual norm 9.910061e-13
GMRES solver converged in 0 iterations
   NLEPS Armijo backtracks=9, alpha=1.953e-03, res_new=1.641136e-07
45 NLEPS (nconv=6, restart=0) residual norm 1.641136e-07
  Residual norms for GMRES solve
  0 (restart 0) KSP residual norm 9.910035e-13
GMRES solver converged in 0 iterations
   NLEPS Armijo backtracks=9, alpha=1.953e-03, res_new=1.641136e-07
46 NLEPS (nconv=6, restart=0) residual norm 1.641136e-07
  Residual norms for GMRES solve
  0 (restart 0) KSP residual norm 9.909989e-13
GMRES solver converged in 0 iterations
   NLEPS Armijo backtracks=9, alpha=1.953e-03, res_new=1.641136e-07
47 NLEPS (nconv=6, restart=0) residual norm 1.641136e-07
  Residual norms for GMRES solve
  0 (restart 0) KSP residual norm 9.909988e-13
GMRES solver converged in 0 iterations
   NLEPS Armijo backtracks=9, alpha=1.953e-03, res_new=1.641136e-07
48 NLEPS (nconv=6, restart=0) residual norm 1.641136e-07
  Residual norms for GMRES solve
  0 (restart 0) KSP residual norm 9.910110e-13
GMRES solver converged in 0 iterations
   NLEPS Armijo backtracks=9, alpha=1.953e-03, res_new=1.641136e-07
49 NLEPS (nconv=6, restart=0) residual norm 1.641136e-07
  Residual norms for GMRES solve
  0 (restart 0) KSP residual norm 9.910178e-13
GMRES solver converged in 0 iterations
   NLEPS Armijo backtracks=9, alpha=1.953e-03, res_new=1.641136e-07
50 NLEPS (nconv=6, restart=0) residual norm 1.641136e-07
  Residual norms for GMRES solve
  0 (restart 0) KSP residual norm 9.910264e-13
GMRES solver converged in 0 iterations
   NLEPS Armijo backtracks=9, alpha=1.953e-03, res_new=1.641136e-07
51 NLEPS (nconv=6, restart=0) residual norm 1.641136e-07
  Residual norms for GMRES solve
  0 (restart 0) KSP residual norm 9.910037e-13
GMRES solver converged in 0 iterations
   NLEPS Armijo backtracks=9, alpha=1.953e-03, res_new=1.641136e-07
52 NLEPS (nconv=6, restart=0) residual norm 1.641136e-07
  Residual norms for GMRES solve
  0 (restart 0) KSP residual norm 9.910244e-13
GMRES solver converged in 0 iterations
   NLEPS Armijo backtracks=9, alpha=1.953e-03, res_new=1.641136e-07
53 NLEPS (nconv=6, restart=0) residual norm 1.641136e-07
  Residual norms for GMRES solve
  0 (restart 0) KSP residual norm 9.910097e-13
GMRES solver converged in 0 iterations
   NLEPS Armijo backtracks=9, alpha=1.953e-03, res_new=1.641136e-07
54 NLEPS (nconv=6, restart=0) residual norm 1.641136e-07
  Residual norms for GMRES solve
  0 (restart 0) KSP residual norm 9.910138e-13
GMRES solver converged in 0 iterations
   NLEPS Armijo backtracks=9, alpha=1.953e-03, res_new=1.641136e-07
55 NLEPS (nconv=6, restart=0) residual norm 1.641136e-07
  Residual norms for GMRES solve
  0 (restart 0) KSP residual norm 9.910050e-13
GMRES solver converged in 0 iterations
   NLEPS Armijo backtracks=9, alpha=1.953e-03, res_new=1.641136e-07
56 NLEPS (nconv=6, restart=0) residual norm 1.641136e-07
  Residual norms for GMRES solve
  0 (restart 0) KSP residual norm 9.910423e-13
GMRES solver converged in 0 iterations
   NLEPS Armijo backtracks=9, alpha=1.953e-03, res_new=1.641136e-07
57 NLEPS (nconv=6, restart=0) residual norm 1.641136e-07
  Residual norms for GMRES solve
  0 (restart 0) KSP residual norm 9.910340e-13
GMRES solver converged in 0 iterations
   NLEPS Armijo backtracks=9, alpha=1.953e-03, res_new=1.641136e-07
58 NLEPS (nconv=6, restart=0) residual norm 1.641136e-07
  Residual norms for GMRES solve
  0 (restart 0) KSP residual norm 9.910443e-13
GMRES solver converged in 0 iterations
   NLEPS Armijo backtracks=9, alpha=1.953e-03, res_new=1.641136e-07
59 NLEPS (nconv=6, restart=0) residual norm 1.641136e-07
  Residual norms for GMRES solve
  0 (restart 0) KSP residual norm 9.910580e-13
GMRES solver converged in 0 iterations
   NLEPS Armijo backtracks=9, alpha=1.953e-03, res_new=1.641136e-07
60 NLEPS (nconv=6, restart=0) residual norm 1.641136e-07
  Residual norms for GMRES solve
  0 (restart 0) KSP residual norm 9.910561e-13
GMRES solver converged in 0 iterations
   NLEPS Armijo backtracks=9, alpha=1.953e-03, res_new=1.641136e-07
61 NLEPS (nconv=6, restart=0) residual norm 1.641136e-07
  Residual norms for GMRES solve
  0 (restart 0) KSP residual norm 9.910686e-13
GMRES solver converged in 0 iterations
   NLEPS Armijo backtracks=9, alpha=1.953e-03, res_new=1.641136e-07
62 NLEPS (nconv=6, restart=0) residual norm 1.641136e-07
  Residual norms for GMRES solve
  0 (restart 0) KSP residual norm 9.910647e-13
GMRES solver converged in 0 iterations
   NLEPS Armijo backtracks=9, alpha=1.953e-03, res_new=1.641136e-07
63 NLEPS (nconv=6, restart=0) residual norm 1.641136e-07
  Residual norms for GMRES solve
  0 (restart 0) KSP residual norm 9.910625e-13
GMRES solver converged in 0 iterations
   NLEPS Armijo backtracks=9, alpha=1.953e-03, res_new=1.641136e-07
64 NLEPS (nconv=6, restart=0) residual norm 1.641136e-07
  Residual norms for GMRES solve
  0 (restart 0) KSP residual norm 9.910846e-13
GMRES solver converged in 0 iterations
   NLEPS Armijo backtracks=9, alpha=1.953e-03, res_new=1.641136e-07
65 NLEPS (nconv=6, restart=0) residual norm 1.641136e-07
  Residual norms for GMRES solve
  0 (restart 0) KSP residual norm 9.910948e-13
GMRES solver converged in 0 iterations
   NLEPS Armijo backtracks=9, alpha=1.953e-03, res_new=1.641136e-07
66 NLEPS (nconv=6, restart=0) residual norm 1.641136e-07
  Residual norms for GMRES solve
  0 (restart 0) KSP residual norm 9.910962e-13
GMRES solver converged in 0 iterations
   NLEPS Armijo backtracks=9, alpha=1.953e-03, res_new=1.641136e-07
67 NLEPS (nconv=6, restart=0) residual norm 1.641136e-07
  Residual norms for GMRES solve
  0 (restart 0) KSP residual norm 9.910800e-13
GMRES solver converged in 0 iterations
   NLEPS Armijo backtracks=9, alpha=1.953e-03, res_new=1.641136e-07
68 NLEPS (nconv=6, restart=0) residual norm 1.641136e-07
  Residual norms for GMRES solve
  0 (restart 0) KSP residual norm 9.910437e-13
GMRES solver converged in 0 iterations
   NLEPS Armijo backtracks=9, alpha=1.953e-03, res_new=1.641136e-07
69 NLEPS (nconv=6, restart=0) residual norm 1.641136e-07
  Residual norms for GMRES solve
  0 (restart 0) KSP residual norm 9.910443e-13
GMRES solver converged in 0 iterations
   NLEPS Armijo backtracks=9, alpha=1.953e-03, res_new=1.641136e-07
70 NLEPS (nconv=6, restart=0) residual norm 1.641136e-07
  Residual norms for GMRES solve
  0 (restart 0) KSP residual norm 9.910228e-13
GMRES solver converged in 0 iterations
   NLEPS Armijo backtracks=9, alpha=1.953e-03, res_new=1.641136e-07
71 NLEPS (nconv=6, restart=0) residual norm 1.641136e-07
  Residual norms for GMRES solve
  0 (restart 0) KSP residual norm 9.910536e-13
GMRES solver converged in 0 iterations
   NLEPS Armijo backtracks=9, alpha=1.953e-03, res_new=1.641136e-07
72 NLEPS (nconv=6, restart=0) residual norm 1.641136e-07
  Residual norms for GMRES solve
  0 (restart 0) KSP residual norm 9.910633e-13
GMRES solver converged in 0 iterations
   NLEPS Armijo backtracks=9, alpha=1.953e-03, res_new=1.641136e-07
73 NLEPS (nconv=6, restart=0) residual norm 1.641136e-07
  Residual norms for GMRES solve
  0 (restart 0) KSP residual norm 9.910742e-13
GMRES solver converged in 0 iterations
   NLEPS Armijo backtracks=9, alpha=1.953e-03, res_new=1.641136e-07
74 NLEPS (nconv=6, restart=0) residual norm 1.641136e-07
  Residual norms for GMRES solve
  0 (restart 0) KSP residual norm 9.911049e-13
GMRES solver converged in 0 iterations
   NLEPS Armijo backtracks=9, alpha=1.953e-03, res_new=1.641136e-07
75 NLEPS (nconv=6, restart=0) residual norm 1.641136e-07
  Residual norms for GMRES solve
  0 (restart 0) KSP residual norm 9.911098e-13
GMRES solver converged in 0 iterations
   NLEPS Armijo backtracks=9, alpha=1.953e-03, res_new=1.641136e-07
76 NLEPS (nconv=6, restart=0) residual norm 1.641136e-07
  Residual norms for GMRES solve
  0 (restart 0) KSP residual norm 9.910634e-13
GMRES solver converged in 0 iterations
   NLEPS Armijo backtracks=9, alpha=1.953e-03, res_new=1.641136e-07
77 NLEPS (nconv=6, restart=0) residual norm 1.641136e-07
  Residual norms for GMRES solve
  0 (restart 0) KSP residual norm 9.910476e-13
GMRES solver converged in 0 iterations
   NLEPS Armijo backtracks=9, alpha=1.953e-03, res_new=1.641136e-07
78 NLEPS (nconv=6, restart=0) residual norm 1.641136e-07
  Residual norms for GMRES solve
  0 (restart 0) KSP residual norm 9.910397e-13
GMRES solver converged in 0 iterations
   NLEPS Armijo backtracks=9, alpha=1.953e-03, res_new=1.641136e-07
79 NLEPS (nconv=6, restart=0) residual norm 1.641136e-07
  Residual norms for GMRES solve
  0 (restart 0) KSP residual norm 9.910484e-13
GMRES solver converged in 0 iterations
   NLEPS Armijo backtracks=9, alpha=1.953e-03, res_new=1.641136e-07
80 NLEPS (nconv=6, restart=0) residual norm 1.641136e-07
  Residual norms for GMRES solve
  0 (restart 0) KSP residual norm 9.910248e-13
GMRES solver converged in 0 iterations
   NLEPS Armijo backtracks=9, alpha=1.953e-03, res_new=1.641136e-07
81 NLEPS (nconv=6, restart=0) residual norm 1.641136e-07
  Residual norms for GMRES solve
  0 (restart 0) KSP residual norm 9.910579e-13
GMRES solver converged in 0 iterations
   NLEPS Armijo backtracks=9, alpha=1.953e-03, res_new=1.641136e-07
82 NLEPS (nconv=6, restart=0) residual norm 1.641136e-07
  Residual norms for GMRES solve
  0 (restart 0) KSP residual norm 9.910936e-13
GMRES solver converged in 0 iterations
   NLEPS Armijo backtracks=9, alpha=1.953e-03, res_new=1.641136e-07
83 NLEPS (nconv=6, restart=0) residual norm 1.641136e-07
  Residual norms for GMRES solve
  0 (restart 0) KSP residual norm 9.910580e-13
GMRES solver converged in 0 iterations
   NLEPS Armijo backtracks=9, alpha=1.953e-03, res_new=1.641136e-07
84 NLEPS (nconv=6, restart=0) residual norm 1.641136e-07
  Residual norms for GMRES solve
  0 (restart 0) KSP residual norm 9.910608e-13
GMRES solver converged in 0 iterations
   NLEPS Armijo backtracks=9, alpha=1.953e-03, res_new=1.641136e-07
85 NLEPS (nconv=6, restart=0) residual norm 1.641136e-07
  Residual norms for GMRES solve
  0 (restart 0) KSP residual norm 9.910643e-13
GMRES solver converged in 0 iterations
   NLEPS Armijo backtracks=9, alpha=1.953e-03, res_new=1.641136e-07
86 NLEPS (nconv=6, restart=0) residual norm 1.641136e-07
  Residual norms for GMRES solve
  0 (restart 0) KSP residual norm 9.910959e-13
GMRES solver converged in 0 iterations
   NLEPS Armijo backtracks=9, alpha=1.953e-03, res_new=1.641136e-07
87 NLEPS (nconv=6, restart=0) residual norm 1.641136e-07
  Residual norms for GMRES solve
  0 (restart 0) KSP residual norm 9.911026e-13
GMRES solver converged in 0 iterations
   NLEPS Armijo backtracks=9, alpha=1.953e-03, res_new=1.641136e-07
88 NLEPS (nconv=6, restart=0) residual norm 1.641136e-07
  Residual norms for GMRES solve
  0 (restart 0) KSP residual norm 9.911389e-13
GMRES solver converged in 0 iterations
   NLEPS Armijo backtracks=9, alpha=1.953e-03, res_new=1.641136e-07
89 NLEPS (nconv=6, restart=0) residual norm 1.641136e-07
  Residual norms for GMRES solve
  0 (restart 0) KSP residual norm 9.911249e-13
GMRES solver converged in 0 iterations
   NLEPS Armijo backtracks=9, alpha=1.953e-03, res_new=1.641136e-07
90 NLEPS (nconv=6, restart=0) residual norm 1.641136e-07
  Residual norms for GMRES solve
  0 (restart 0) KSP residual norm 9.910794e-13
GMRES solver converged in 0 iterations
   NLEPS Armijo backtracks=9, alpha=1.953e-03, res_new=1.641136e-07
91 NLEPS (nconv=6, restart=0) residual norm 1.641136e-07
  Residual norms for GMRES solve
  0 (restart 0) KSP residual norm 9.910661e-13
GMRES solver converged in 0 iterations
   NLEPS Armijo backtracks=9, alpha=1.953e-03, res_new=1.641136e-07
92 NLEPS (nconv=6, restart=0) residual norm 1.641136e-07
  Residual norms for GMRES solve
  0 (restart 0) KSP residual norm 9.910562e-13
GMRES solver converged in 0 iterations
   NLEPS Armijo backtracks=9, alpha=1.953e-03, res_new=1.641136e-07
93 NLEPS (nconv=6, restart=0) residual norm 1.641136e-07
  Residual norms for GMRES solve
  0 (restart 0) KSP residual norm 9.910654e-13
GMRES solver converged in 0 iterations
   NLEPS Armijo backtracks=9, alpha=1.953e-03, res_new=1.641136e-07
94 NLEPS (nconv=6, restart=0) residual norm 1.641136e-07
  Residual norms for GMRES solve
  0 (restart 0) KSP residual norm 9.910624e-13
GMRES solver converged in 0 iterations
   NLEPS Armijo backtracks=9, alpha=1.953e-03, res_new=1.641136e-07
95 NLEPS (nconv=6, restart=0) residual norm 1.641136e-07
  Residual norms for GMRES solve
  0 (restart 0) KSP residual norm 9.910649e-13
GMRES solver converged in 0 iterations
   NLEPS Armijo backtracks=9, alpha=1.953e-03, res_new=1.641136e-07
96 NLEPS (nconv=6, restart=0) residual norm 1.641136e-07
  Residual norms for GMRES solve
  0 (restart 0) KSP residual norm 9.910782e-13
GMRES solver converged in 0 iterations
   NLEPS Armijo backtracks=9, alpha=1.953e-03, res_new=1.641136e-07
97 NLEPS (nconv=6, restart=0) residual norm 1.641136e-07
  Residual norms for GMRES solve
  0 (restart 0) KSP residual norm 9.910445e-13
GMRES solver converged in 0 iterations
   NLEPS Armijo backtracks=9, alpha=1.953e-03, res_new=1.641136e-07
98 NLEPS (nconv=6, restart=0) residual norm 1.641136e-07
  Residual norms for GMRES solve
  0 (restart 0) KSP residual norm 9.910520e-13
GMRES solver converged in 0 iterations
   NLEPS Armijo backtracks=9, alpha=1.953e-03, res_new=1.641136e-07
99 NLEPS (nconv=6, restart=0) residual norm 1.641136e-07
  Residual norms for GMRES solve
  0 (restart 0) KSP residual norm 9.910690e-13
GMRES solver converged in 0 iterations
   NLEPS Armijo backtracks=9, alpha=1.953e-03, res_new=1.641136e-07
100 NLEPS (nconv=6, restart=0) residual norm 1.641136e-07
  Residual norms for GMRES solve
  0 (restart 0) KSP residual norm 9.910868e-13
GMRES solver converged in 0 iterations
   NLEPS Armijo backtracks=9, alpha=1.953e-03, res_new=1.641136e-07
101 NLEPS (nconv=6, restart=0) residual norm 1.641136e-07
  Residual norms for GMRES solve
  0 (restart 0) KSP residual norm 9.910792e-13
GMRES solver converged in 0 iterations
   NLEPS Armijo backtracks=9, alpha=1.953e-03, res_new=1.641136e-07
102 NLEPS (nconv=6, restart=0) residual norm 1.641136e-07
  Residual norms for GMRES solve
  0 (restart 0) KSP residual norm 9.910372e-13
GMRES solver converged in 0 iterations
   NLEPS Armijo backtracks=9, alpha=1.953e-03, res_new=1.641136e-07
103 NLEPS (nconv=6, restart=0) residual norm 1.641136e-07
  Residual norms for GMRES solve
  0 (restart 0) KSP residual norm 9.910363e-13
GMRES solver converged in 0 iterations
   NLEPS Armijo backtracks=9, alpha=1.953e-03, res_new=1.641136e-07
104 NLEPS (nconv=6, restart=0) residual norm 1.641136e-07
  Residual norms for GMRES solve
  0 (restart 0) KSP residual norm 9.910799e-13
GMRES solver converged in 0 iterations
   NLEPS Armijo backtracks=9, alpha=1.953e-03, res_new=1.641136e-07
105 NLEPS (nconv=6, restart=0) residual norm 1.641136e-07
  Residual norms for GMRES solve
  0 (restart 0) KSP residual norm 9.910759e-13
GMRES solver converged in 0 iterations
   NLEPS Armijo backtracks=9, alpha=1.953e-03, res_new=1.641136e-07
106 NLEPS (nconv=6, restart=0) residual norm 1.641136e-07
  Residual norms for GMRES solve
  0 (restart 0) KSP residual norm 9.910537e-13
GMRES solver converged in 0 iterations
   NLEPS Armijo backtracks=9, alpha=1.953e-03, res_new=1.641136e-07
107 NLEPS (nconv=6, restart=0) residual norm 1.641136e-07
  Residual norms for GMRES solve
  0 (restart 0) KSP residual norm 9.910588e-13
GMRES solver converged in 0 iterations
   NLEPS Armijo backtracks=9, alpha=1.953e-03, res_new=1.641136e-07
108 NLEPS (nconv=6, restart=0) residual norm 1.641136e-07
  Residual norms for GMRES solve
  0 (restart 0) KSP residual norm 9.910491e-13
GMRES solver converged in 0 iterations
   NLEPS Armijo backtracks=9, alpha=1.953e-03, res_new=1.641136e-07
109 NLEPS (nconv=6, restart=0) residual norm 1.641136e-07
  Residual norms for GMRES solve
  0 (restart 0) KSP residual norm 9.910583e-13
GMRES solver converged in 0 iterations
   NLEPS Armijo backtracks=9, alpha=1.953e-03, res_new=1.641136e-07
110 NLEPS (nconv=6, restart=0) residual norm 1.641136e-07
  Residual norms for GMRES solve
  0 (restart 0) KSP residual norm 9.910548e-13
GMRES solver converged in 0 iterations
   NLEPS Armijo backtracks=9, alpha=1.953e-03, res_new=1.641136e-07
111 NLEPS (nconv=6, restart=0) residual norm 1.641136e-07
  Residual norms for GMRES solve
  0 (restart 0) KSP residual norm 9.910510e-13
GMRES solver converged in 0 iterations
   NLEPS Armijo backtracks=9, alpha=1.953e-03, res_new=1.641136e-07
112 NLEPS (nconv=6, restart=0) residual norm 1.641136e-07
  Residual norms for GMRES solve
  0 (restart 0) KSP residual norm 9.910492e-13
GMRES solver converged in 0 iterations
   NLEPS Armijo backtracks=9, alpha=1.953e-03, res_new=1.641136e-07
113 NLEPS (nconv=6, restart=0) residual norm 1.641136e-07
  Residual norms for GMRES solve
  0 (restart 0) KSP residual norm 9.910334e-13
GMRES solver converged in 0 iterations
   NLEPS Armijo backtracks=9, alpha=1.953e-03, res_new=1.641136e-07
114 NLEPS (nconv=6, restart=0) residual norm 1.641136e-07
  Residual norms for GMRES solve
  0 (restart 0) KSP residual norm 9.910506e-13
GMRES solver converged in 0 iterations
   NLEPS Armijo backtracks=9, alpha=1.953e-03, res_new=1.641136e-07
115 NLEPS (nconv=6, restart=0) residual norm 1.641136e-07
  Residual norms for GMRES solve
  0 (restart 0) KSP residual norm 9.910463e-13
GMRES solver converged in 0 iterations
   NLEPS Armijo backtracks=9, alpha=1.953e-03, res_new=1.641136e-07
116 NLEPS (nconv=6, restart=0) residual norm 1.641136e-07
  Residual norms for GMRES solve
  0 (restart 0) KSP residual norm 9.910710e-13
GMRES solver converged in 0 iterations
   NLEPS Armijo backtracks=9, alpha=1.953e-03, res_new=1.641136e-07
117 NLEPS (nconv=6, restart=0) residual norm 1.641136e-07
  Residual norms for GMRES solve
  0 (restart 0) KSP residual norm 9.910838e-13
GMRES solver converged in 0 iterations
   NLEPS Armijo backtracks=9, alpha=1.953e-03, res_new=1.641136e-07
118 NLEPS (nconv=6, restart=0) residual norm 1.641136e-07
  Residual norms for GMRES solve
  0 (restart 0) KSP residual norm 9.910801e-13
GMRES solver converged in 0 iterations
   NLEPS Armijo backtracks=9, alpha=1.953e-03, res_new=1.641136e-07
119 NLEPS (nconv=6, restart=0) residual norm 1.641136e-07
  Residual norms for GMRES solve
  0 (restart 0) KSP residual norm 9.910944e-13
GMRES solver converged in 0 iterations
   NLEPS Armijo backtracks=9, alpha=1.953e-03, res_new=1.641136e-07
120 NLEPS (nconv=6, restart=0) residual norm 1.641136e-07
  Residual norms for GMRES solve
  0 (restart 0) KSP residual norm 9.911035e-13
GMRES solver converged in 0 iterations
   NLEPS Armijo backtracks=9, alpha=1.953e-03, res_new=1.641136e-07
121 NLEPS (nconv=6, restart=0) residual norm 1.641136e-07
  Residual norms for GMRES solve
  0 (restart 0) KSP residual norm 9.911020e-13
GMRES solver converged in 0 iterations
   NLEPS Armijo backtracks=9, alpha=1.953e-03, res_new=1.641136e-07
122 NLEPS (nconv=6, restart=0) residual norm 1.641136e-07
  Residual norms for GMRES solve
  0 (restart 0) KSP residual norm 9.911085e-13
GMRES solver converged in 0 iterations
   NLEPS Armijo backtracks=9, alpha=1.953e-03, res_new=1.641136e-07
123 NLEPS (nconv=6, restart=0) residual norm 1.641136e-07
  Residual norms for GMRES solve
  0 (restart 0) KSP residual norm 9.910949e-13
GMRES solver converged in 0 iterations
   NLEPS Armijo backtracks=9, alpha=1.953e-03, res_new=1.641136e-07
124 NLEPS (nconv=6, restart=0) residual norm 1.641136e-07
  Residual norms for GMRES solve
  0 (restart 0) KSP residual norm 9.911018e-13
GMRES solver converged in 0 iterations
   NLEPS Armijo backtracks=9, alpha=1.953e-03, res_new=1.641136e-07
125 NLEPS (nconv=6, restart=0) residual norm 1.641136e-07
  Residual norms for GMRES solve
  0 (restart 0) KSP residual norm 9.911121e-13
GMRES solver converged in 0 iterations
   NLEPS Armijo backtracks=9, alpha=1.953e-03, res_new=1.641136e-07
126 NLEPS (nconv=6, restart=0) residual norm 1.641136e-07
  Residual norms for GMRES solve
  0 (restart 0) KSP residual norm 9.910781e-13
GMRES solver converged in 0 iterations
   NLEPS Armijo backtracks=9, alpha=1.953e-03, res_new=1.641136e-07
127 NLEPS (nconv=6, restart=0) residual norm 1.641136e-07
  Residual norms for GMRES solve
  0 (restart 0) KSP residual norm 9.910840e-13
GMRES solver converged in 0 iterations
   NLEPS Armijo backtracks=9, alpha=1.953e-03, res_new=1.641136e-07
128 NLEPS (nconv=6, restart=0) residual norm 1.641136e-07
  Residual norms for GMRES solve
  0 (restart 0) KSP residual norm 9.910902e-13
GMRES solver converged in 0 iterations
   NLEPS Armijo backtracks=9, alpha=1.953e-03, res_new=1.641136e-07
129 NLEPS (nconv=6, restart=0) residual norm 1.641136e-07
  Residual norms for GMRES solve
  0 (restart 0) KSP residual norm 9.910870e-13
GMRES solver converged in 0 iterations
   NLEPS Armijo backtracks=9, alpha=1.953e-03, res_new=1.641136e-07
130 NLEPS (nconv=6, restart=0) residual norm 1.641136e-07
  Residual norms for GMRES solve
  0 (restart 0) KSP residual norm 9.910886e-13
GMRES solver converged in 0 iterations
   NLEPS Armijo backtracks=9, alpha=1.953e-03, res_new=1.641136e-07
131 NLEPS (nconv=6, restart=0) residual norm 1.641136e-07
  Residual norms for GMRES solve
  0 (restart 0) KSP residual norm 9.910853e-13
GMRES solver converged in 0 iterations
   NLEPS Armijo backtracks=9, alpha=1.953e-03, res_new=1.641136e-07
132 NLEPS (nconv=6, restart=0) residual norm 1.641136e-07
  Residual norms for GMRES solve
  0 (restart 0) KSP residual norm 9.910806e-13
GMRES solver converged in 0 iterations
   NLEPS Armijo backtracks=9, alpha=1.953e-03, res_new=1.641136e-07
133 NLEPS (nconv=6, restart=0) residual norm 1.641136e-07
  Residual norms for GMRES solve
  0 (restart 0) KSP residual norm 9.911069e-13
GMRES solver converged in 0 iterations
   NLEPS Armijo backtracks=9, alpha=1.953e-03, res_new=1.641136e-07
134 NLEPS (nconv=6, restart=0) residual norm 1.641136e-07
  Residual norms for GMRES solve
  0 (restart 0) KSP residual norm 9.911074e-13
GMRES solver converged in 0 iterations
   NLEPS Armijo backtracks=9, alpha=1.953e-03, res_new=1.641136e-07
135 NLEPS (nconv=6, restart=0) residual norm 1.641136e-07
  Residual norms for GMRES solve
  0 (restart 0) KSP residual norm 9.911153e-13
GMRES solver converged in 0 iterations
   NLEPS Armijo backtracks=9, alpha=1.953e-03, res_new=1.641136e-07
136 NLEPS (nconv=6, restart=0) residual norm 1.641136e-07
  Residual norms for GMRES solve
  0 (restart 0) KSP residual norm 9.911320e-13
GMRES solver converged in 0 iterations
   NLEPS Armijo backtracks=9, alpha=1.953e-03, res_new=1.641136e-07
137 NLEPS (nconv=6, restart=0) residual norm 1.641136e-07
  Residual norms for GMRES solve
  0 (restart 0) KSP residual norm 9.911721e-13
GMRES solver converged in 0 iterations
   NLEPS Armijo backtracks=9, alpha=1.953e-03, res_new=1.641136e-07
138 NLEPS (nconv=6, restart=0) residual norm 1.641136e-07
  Residual norms for GMRES solve
  0 (restart 0) KSP residual norm 9.911854e-13
GMRES solver converged in 0 iterations
   NLEPS Armijo backtracks=9, alpha=1.953e-03, res_new=1.641136e-07
139 NLEPS (nconv=6, restart=0) residual norm 1.641136e-07
  Residual norms for GMRES solve
  0 (restart 0) KSP residual norm 9.911412e-13
GMRES solver converged in 0 iterations
   NLEPS Armijo backtracks=9, alpha=1.953e-03, res_new=1.641136e-07
140 NLEPS (nconv=6, restart=0) residual norm 1.641136e-07
  Residual norms for GMRES solve
  0 (restart 0) KSP residual norm 9.911489e-13
GMRES solver converged in 0 iterations
   NLEPS Armijo backtracks=9, alpha=1.953e-03, res_new=1.641136e-07
141 NLEPS (nconv=6, restart=0) residual norm 1.641136e-07
  Residual norms for GMRES solve
  0 (restart 0) KSP residual norm 9.911228e-13
GMRES solver converged in 0 iterations
   NLEPS Armijo backtracks=9, alpha=1.953e-03, res_new=1.641136e-07
142 NLEPS (nconv=6, restart=0) residual norm 1.641136e-07
  Residual norms for GMRES solve
  0 (restart 0) KSP residual norm 9.910879e-13
GMRES solver converged in 0 iterations
   NLEPS Armijo backtracks=9, alpha=1.953e-03, res_new=1.641136e-07
143 NLEPS (nconv=6, restart=0) residual norm 1.641136e-07
  Residual norms for GMRES solve
  0 (restart 0) KSP residual norm 9.910899e-13
GMRES solver converged in 0 iterations
   NLEPS Armijo backtracks=9, alpha=1.953e-03, res_new=1.641136e-07
144 NLEPS (nconv=6, restart=0) residual norm 1.641136e-07
  Residual norms for GMRES solve
  0 (restart 0) KSP residual norm 9.910968e-13
GMRES solver converged in 0 iterations
   NLEPS Armijo backtracks=9, alpha=1.953e-03, res_new=1.641136e-07
145 NLEPS (nconv=6, restart=0) residual norm 1.641136e-07
  Residual norms for GMRES solve
  0 (restart 0) KSP residual norm 9.911095e-13
GMRES solver converged in 0 iterations
   NLEPS Armijo backtracks=9, alpha=1.953e-03, res_new=1.641136e-07
146 NLEPS (nconv=6, restart=0) residual norm 1.641136e-07
  Residual norms for GMRES solve
  0 (restart 0) KSP residual norm 9.911066e-13
GMRES solver converged in 0 iterations
   NLEPS Armijo backtracks=9, alpha=1.953e-03, res_new=1.641136e-07
147 NLEPS (nconv=6, restart=0) residual norm 1.641136e-07
  Residual norms for GMRES solve
  0 (restart 0) KSP residual norm 9.910924e-13
GMRES solver converged in 0 iterations
   NLEPS Armijo backtracks=9, alpha=1.953e-03, res_new=1.641136e-07
148 NLEPS (nconv=6, restart=0) residual norm 1.641136e-07
  Residual norms for GMRES solve
  0 (restart 0) KSP residual norm 9.910873e-13
GMRES solver converged in 0 iterations
   NLEPS Armijo backtracks=9, alpha=1.953e-03, res_new=1.641136e-07
149 NLEPS (nconv=6, restart=0) residual norm 1.641136e-07
  Residual norms for GMRES solve
  0 (restart 0) KSP residual norm 9.910951e-13
GMRES solver converged in 0 iterations
   NLEPS Armijo backtracks=9, alpha=1.953e-03, res_new=1.641136e-07
150 NLEPS (nconv=6, restart=0) residual norm 1.641136e-07
  Residual norms for GMRES solve
  0 (restart 0) KSP residual norm 9.910984e-13
GMRES solver converged in 0 iterations
   NLEPS Armijo backtracks=9, alpha=1.953e-03, res_new=1.641136e-07
151 NLEPS (nconv=6, restart=0) residual norm 1.641136e-07
  Residual norms for GMRES solve
  0 (restart 0) KSP residual norm 9.911097e-13
GMRES solver converged in 0 iterations
   NLEPS Armijo backtracks=9, alpha=1.953e-03, res_new=1.641136e-07
152 NLEPS (nconv=6, restart=0) residual norm 1.641136e-07
  Residual norms for GMRES solve
  0 (restart 0) KSP residual norm 9.911196e-13
GMRES solver converged in 0 iterations
   NLEPS Armijo backtracks=9, alpha=1.953e-03, res_new=1.641136e-07
153 NLEPS (nconv=6, restart=0) residual norm 1.641136e-07
  Residual norms for GMRES solve
  0 (restart 0) KSP residual norm 9.911413e-13
GMRES solver converged in 0 iterations
   NLEPS Armijo backtracks=9, alpha=1.953e-03, res_new=1.641136e-07
154 NLEPS (nconv=6, restart=0) residual norm 1.641136e-07
  Residual norms for GMRES solve
  0 (restart 0) KSP residual norm 9.911361e-13
GMRES solver converged in 0 iterations
   NLEPS Armijo backtracks=9, alpha=1.953e-03, res_new=1.641136e-07
155 NLEPS (nconv=6, restart=0) residual norm 1.641136e-07
  Residual norms for GMRES solve
  0 (restart 0) KSP residual norm 9.911178e-13
GMRES solver converged in 0 iterations
   NLEPS Armijo backtracks=9, alpha=1.953e-03, res_new=1.641136e-07
156 NLEPS (nconv=6, restart=0) residual norm 1.641136e-07
  Residual norms for GMRES solve
  0 (restart 0) KSP residual norm 9.911469e-13
GMRES solver converged in 0 iterations
   NLEPS Armijo backtracks=9, alpha=1.953e-03, res_new=1.641136e-07
157 NLEPS (nconv=6, restart=0) residual norm 1.641136e-07
  Residual norms for GMRES solve
  0 (restart 0) KSP residual norm 9.911379e-13
GMRES solver converged in 0 iterations
   NLEPS Armijo backtracks=9, alpha=1.953e-03, res_new=1.641136e-07
158 NLEPS (nconv=6, restart=0) residual norm 1.641136e-07
  Residual norms for GMRES solve
  0 (restart 0) KSP residual norm 9.911515e-13
GMRES solver converged in 0 iterations
   NLEPS Armijo backtracks=9, alpha=1.953e-03, res_new=1.641136e-07
159 NLEPS (nconv=6, restart=0) residual norm 1.641136e-07
  Residual norms for GMRES solve
  0 (restart 0) KSP residual norm 9.911693e-13
GMRES solver converged in 0 iterations
   NLEPS Armijo backtracks=9, alpha=1.953e-03, res_new=1.641136e-07
160 NLEPS (nconv=6, restart=0) residual norm 1.641136e-07
  Residual norms for GMRES solve
  0 (restart 0) KSP residual norm 9.911560e-13
GMRES solver converged in 0 iterations
   NLEPS Armijo backtracks=9, alpha=1.953e-03, res_new=1.641136e-07
161 NLEPS (nconv=6, restart=0) residual norm 1.641136e-07
  Residual norms for GMRES solve
  0 (restart 0) KSP residual norm 9.911532e-13
GMRES solver converged in 0 iterations
   NLEPS Armijo backtracks=9, alpha=1.953e-03, res_new=1.641136e-07
162 NLEPS (nconv=6, restart=0) residual norm 1.641136e-07
  Residual norms for GMRES solve
  0 (restart 0) KSP residual norm 9.911673e-13
GMRES solver converged in 0 iterations
   NLEPS Armijo backtracks=9, alpha=1.953e-03, res_new=1.641136e-07
163 NLEPS (nconv=6, restart=0) residual norm 1.641136e-07
  Residual norms for GMRES solve
  0 (restart 0) KSP residual norm 9.911791e-13
GMRES solver converged in 0 iterations
   NLEPS Armijo backtracks=9, alpha=1.953e-03, res_new=1.641136e-07
164 NLEPS (nconv=6, restart=0) residual norm 1.641136e-07
  Residual norms for GMRES solve
  0 (restart 0) KSP residual norm 9.911613e-13
GMRES solver converged in 0 iterations
   NLEPS Armijo backtracks=9, alpha=1.953e-03, res_new=1.641136e-07
165 NLEPS (nconv=6, restart=0) residual norm 1.641136e-07
  Residual norms for GMRES solve
  0 (restart 0) KSP residual norm 9.911606e-13
GMRES solver converged in 0 iterations
   NLEPS Armijo backtracks=9, alpha=1.953e-03, res_new=1.641136e-07
166 NLEPS (nconv=6, restart=0) residual norm 1.641136e-07
  Residual norms for GMRES solve
  0 (restart 0) KSP residual norm 9.911788e-13
GMRES solver converged in 0 iterations
   NLEPS Armijo backtracks=9, alpha=1.953e-03, res_new=1.641136e-07
167 NLEPS (nconv=6, restart=0) residual norm 1.641136e-07
  Residual norms for GMRES solve
  0 (restart 0) KSP residual norm 9.911620e-13
GMRES solver converged in 0 iterations
   NLEPS Armijo backtracks=9, alpha=1.953e-03, res_new=1.641136e-07
168 NLEPS (nconv=6, restart=0) residual norm 1.641136e-07
  Residual norms for GMRES solve
  0 (restart 0) KSP residual norm 9.911816e-13
GMRES solver converged in 0 iterations
   NLEPS Armijo backtracks=9, alpha=1.953e-03, res_new=1.641136e-07
169 NLEPS (nconv=6, restart=0) residual norm 1.641136e-07
  Residual norms for GMRES solve
  0 (restart 0) KSP residual norm 9.912118e-13
GMRES solver converged in 0 iterations
   NLEPS Armijo backtracks=9, alpha=1.953e-03, res_new=1.641136e-07
170 NLEPS (nconv=6, restart=0) residual norm 1.641136e-07
  Residual norms for GMRES solve
  0 (restart 0) KSP residual norm 9.912063e-13
GMRES solver converged in 0 iterations
   NLEPS Armijo backtracks=9, alpha=1.953e-03, res_new=1.641136e-07
171 NLEPS (nconv=6, restart=0) residual norm 1.641136e-07
  Residual norms for GMRES solve
  0 (restart 0) KSP residual norm 9.912121e-13
GMRES solver converged in 0 iterations
   NLEPS Armijo backtracks=9, alpha=1.953e-03, res_new=1.641136e-07
172 NLEPS (nconv=6, restart=0) residual norm 1.641136e-07
  Residual norms for GMRES solve
  0 (restart 0) KSP residual norm 9.912010e-13
GMRES solver converged in 0 iterations
   NLEPS Armijo backtracks=9, alpha=1.953e-03, res_new=1.641136e-07
173 NLEPS (nconv=6, restart=0) residual norm 1.641136e-07
  Residual norms for GMRES solve
  0 (restart 0) KSP residual norm 9.911845e-13
GMRES solver converged in 0 iterations
   NLEPS Armijo backtracks=9, alpha=1.953e-03, res_new=1.641136e-07
174 NLEPS (nconv=6, restart=0) residual norm 1.641136e-07
  Residual norms for GMRES solve
  0 (restart 0) KSP residual norm 9.912023e-13
GMRES solver converged in 0 iterations
   NLEPS Armijo backtracks=9, alpha=1.953e-03, res_new=1.641136e-07
175 NLEPS (nconv=6, restart=0) residual norm 1.641136e-07
  Residual norms for GMRES solve
  0 (restart 0) KSP residual norm 9.911839e-13
GMRES solver converged in 0 iterations
   NLEPS Armijo backtracks=9, alpha=1.953e-03, res_new=1.641136e-07
176 NLEPS (nconv=6, restart=0) residual norm 1.641136e-07
  Residual norms for GMRES solve
  0 (restart 0) KSP residual norm 9.911755e-13
GMRES solver converged in 0 iterations
   NLEPS Armijo backtracks=9, alpha=1.953e-03, res_new=1.641136e-07
177 NLEPS (nconv=6, restart=0) residual norm 1.641136e-07
  Residual norms for GMRES solve
  0 (restart 0) KSP residual norm 9.912148e-13
GMRES solver converged in 0 iterations
   NLEPS Armijo backtracks=9, alpha=1.953e-03, res_new=1.641136e-07
178 NLEPS (nconv=6, restart=0) residual norm 1.641136e-07
  Residual norms for GMRES solve
  0 (restart 0) KSP residual norm 9.912042e-13
GMRES solver converged in 0 iterations
   NLEPS Armijo backtracks=9, alpha=1.953e-03, res_new=1.641136e-07
179 NLEPS (nconv=6, restart=0) residual norm 1.641136e-07
  Residual norms for GMRES solve
  0 (restart 0) KSP residual norm 9.911874e-13
GMRES solver converged in 0 iterations
   NLEPS Armijo backtracks=9, alpha=1.953e-03, res_new=1.641136e-07
180 NLEPS (nconv=6, restart=0) residual norm 1.641136e-07
  Residual norms for GMRES solve
  0 (restart 0) KSP residual norm 9.911820e-13
GMRES solver converged in 0 iterations
   NLEPS Armijo backtracks=9, alpha=1.953e-03, res_new=1.641136e-07
181 NLEPS (nconv=6, restart=0) residual norm 1.641136e-07
  Residual norms for GMRES solve
  0 (restart 0) KSP residual norm 9.911836e-13
GMRES solver converged in 0 iterations
   NLEPS Armijo backtracks=9, alpha=1.953e-03, res_new=1.641136e-07
182 NLEPS (nconv=6, restart=0) residual norm 1.641136e-07
  Residual norms for GMRES solve
  0 (restart 0) KSP residual norm 9.912074e-13
GMRES solver converged in 0 iterations
   NLEPS Armijo backtracks=9, alpha=1.953e-03, res_new=1.641136e-07
183 NLEPS (nconv=6, restart=0) residual norm 1.641136e-07
  Residual norms for GMRES solve
  0 (restart 0) KSP residual norm 9.912019e-13
GMRES solver converged in 0 iterations
   NLEPS Armijo backtracks=9, alpha=1.953e-03, res_new=1.641136e-07
184 NLEPS (nconv=6, restart=0) residual norm 1.641136e-07
  Residual norms for GMRES solve
  0 (restart 0) KSP residual norm 9.912263e-13
GMRES solver converged in 0 iterations
   NLEPS Armijo backtracks=9, alpha=1.953e-03, res_new=1.641136e-07
185 NLEPS (nconv=6, restart=0) residual norm 1.641136e-07
  Residual norms for GMRES solve
  0 (restart 0) KSP residual norm 9.912452e-13
GMRES solver converged in 0 iterations
   NLEPS Armijo backtracks=9, alpha=1.953e-03, res_new=1.641136e-07
186 NLEPS (nconv=6, restart=0) residual norm 1.641136e-07
  Residual norms for GMRES solve
  0 (restart 0) KSP residual norm 9.912340e-13
GMRES solver converged in 0 iterations
   NLEPS Armijo backtracks=9, alpha=1.953e-03, res_new=1.641136e-07
187 NLEPS (nconv=6, restart=0) residual norm 1.641136e-07
  Residual norms for GMRES solve
  0 (restart 0) KSP residual norm 9.912278e-13
GMRES solver converged in 0 iterations
   NLEPS Armijo backtracks=9, alpha=1.953e-03, res_new=1.641136e-07
188 NLEPS (nconv=6, restart=0) residual norm 1.641136e-07
  Residual norms for GMRES solve
  0 (restart 0) KSP residual norm 9.912694e-13
GMRES solver converged in 0 iterations
   NLEPS Armijo backtracks=9, alpha=1.953e-03, res_new=1.641136e-07
189 NLEPS (nconv=6, restart=0) residual norm 1.641136e-07
  Residual norms for GMRES solve
  0 (restart 0) KSP residual norm 9.912572e-13
GMRES solver converged in 0 iterations
   NLEPS Armijo backtracks=9, alpha=1.953e-03, res_new=1.641136e-07
190 NLEPS (nconv=6, restart=0) residual norm 1.641136e-07
  Residual norms for GMRES solve
  0 (restart 0) KSP residual norm 9.912604e-13
GMRES solver converged in 0 iterations
   NLEPS Armijo backtracks=9, alpha=1.953e-03, res_new=1.641136e-07
191 NLEPS (nconv=6, restart=0) residual norm 1.641136e-07
  Residual norms for GMRES solve
  0 (restart 0) KSP residual norm 9.912485e-13
GMRES solver converged in 0 iterations
   NLEPS Armijo backtracks=9, alpha=1.953e-03, res_new=1.641136e-07
192 NLEPS (nconv=6, restart=0) residual norm 1.641136e-07
  Residual norms for GMRES solve
  0 (restart 0) KSP residual norm 9.912641e-13
GMRES solver converged in 0 iterations
   NLEPS Armijo backtracks=9, alpha=1.953e-03, res_new=1.641136e-07
193 NLEPS (nconv=6, restart=0) residual norm 1.641136e-07
  Residual norms for GMRES solve
  0 (restart 0) KSP residual norm 9.912559e-13
GMRES solver converged in 0 iterations
   NLEPS Armijo backtracks=9, alpha=1.953e-03, res_new=1.641136e-07
194 NLEPS (nconv=6, restart=0) residual norm 1.641136e-07
  Residual norms for GMRES solve
  0 (restart 0) KSP residual norm 9.912229e-13
GMRES solver converged in 0 iterations
   NLEPS Armijo backtracks=9, alpha=1.953e-03, res_new=1.641136e-07
195 NLEPS (nconv=6, restart=0) residual norm 1.641136e-07
  Residual norms for GMRES solve
  0 (restart 0) KSP residual norm 9.912391e-13
GMRES solver converged in 0 iterations
   NLEPS Armijo backtracks=9, alpha=1.953e-03, res_new=1.641136e-07
196 NLEPS (nconv=6, restart=0) residual norm 1.641136e-07
  Residual norms for GMRES solve
  0 (restart 0) KSP residual norm 9.912502e-13
GMRES solver converged in 0 iterations
   NLEPS Armijo backtracks=9, alpha=1.953e-03, res_new=1.641136e-07
197 NLEPS (nconv=6, restart=0) residual norm 1.641136e-07
  Residual norms for GMRES solve
  0 (restart 0) KSP residual norm 9.912692e-13
GMRES solver converged in 0 iterations
   NLEPS Armijo backtracks=9, alpha=1.953e-03, res_new=1.641136e-07
198 NLEPS (nconv=6, restart=0) residual norm 1.641136e-07
  Residual norms for GMRES solve
  0 (restart 0) KSP residual norm 9.912415e-13
GMRES solver converged in 0 iterations
   NLEPS Armijo backtracks=9, alpha=1.953e-03, res_new=1.641136e-07
199 NLEPS (nconv=6, restart=0) residual norm 1.641136e-07
  Residual norms for GMRES solve
  0 (restart 0) KSP residual norm 9.912151e-13
GMRES solver converged in 0 iterations
   NLEPS Armijo backtracks=9, alpha=1.953e-03, res_new=1.641136e-07
Eigenvalue 6, Quasi-Newton did not converge in 200 iterations, restarting.
  Residual norms for GMRES solve
  0 (restart 0) KSP residual norm 2.877064e+01
  1 (restart 0) KSP residual norm 1.639130e+00
  2 (restart 0) KSP residual norm 1.303566e+00
  3 (restart 0) KSP residual norm 8.144295e-01
  4 (restart 0) KSP residual norm 1.549156e-01
  5 (restart 0) KSP residual norm 1.131133e-01
  6 (restart 0) KSP residual norm 1.083026e-01
  7 (restart 0) KSP residual norm 1.080921e-01
  8 (restart 0) KSP residual norm 1.080552e-01
  9 (restart 0) KSP residual norm 1.074728e-01
 10 (restart 0) KSP residual norm 1.058237e-01
 11 (restart 0) KSP residual norm 1.015280e-01
 12 (restart 0) KSP residual norm 7.146995e-02
 13 (restart 0) KSP residual norm 3.333522e-02
 14 (restart 0) KSP residual norm 1.681034e-02
 15 (restart 0) KSP residual norm 1.060644e-02
 16 (restart 0) KSP residual norm 7.254352e-03
GMRES solver converged in 16 iterations (avg. reduction factor: 5.958e-01)
0 NLEPS (nconv=6, restart=1) residual norm 1.701286e-01
  Residual norms for GMRES solve
  0 (restart 0) KSP residual norm 2.290728e+00
  1 (restart 0) KSP residual norm 1.448885e+00
  2 (restart 0) KSP residual norm 9.477452e-01
  3 (restart 0) KSP residual norm 6.515786e-01
  4 (restart 0) KSP residual norm 2.186505e-01
  5 (restart 0) KSP residual norm 1.685677e-01
  6 (restart 0) KSP residual norm 1.446745e-01
  7 (restart 0) KSP residual norm 1.337068e-01
  8 (restart 0) KSP residual norm 1.268284e-01
  9 (restart 0) KSP residual norm 1.179405e-01
 10 (restart 0) KSP residual norm 8.867978e-02
 11 (restart 0) KSP residual norm 6.500457e-02
 12 (restart 0) KSP residual norm 6.019576e-02
 13 (restart 0) KSP residual norm 5.272437e-02
 14 (restart 0) KSP residual norm 4.334289e-02
 15 (restart 0) KSP residual norm 3.946330e-02
 16 (restart 0) KSP residual norm 3.819280e-02
 17 (restart 0) KSP residual norm 3.242558e-02
 18 (restart 0) KSP residual norm 2.383643e-02
 19 (restart 0) KSP residual norm 2.265316e-02
 20 (restart 0) KSP residual norm 1.897595e-02
 21 (restart 0) KSP residual norm 1.753668e-02
 22 (restart 0) KSP residual norm 1.530984e-02
 23 (restart 0) KSP residual norm 1.444090e-02
 24 (restart 0) KSP residual norm 1.428705e-02
 25 (restart 0) KSP residual norm 1.389442e-02
 26 (restart 0) KSP residual norm 1.318272e-02
 27 (restart 0) KSP residual norm 1.254077e-02
 28 (restart 0) KSP residual norm 1.203614e-02
 29 (restart 0) KSP residual norm 1.076583e-02
 30 (restart 0) KSP residual norm 8.769867e-03
 31 (restart 0) KSP residual norm 6.804974e-03
 32 (restart 0) KSP residual norm 4.962905e-03
 33 (restart 0) KSP residual norm 3.480643e-03
 34 (restart 0) KSP residual norm 2.638601e-03
 35 (restart 0) KSP residual norm 1.885306e-03
 36 (restart 0) KSP residual norm 1.176916e-03
 37 (restart 0) KSP residual norm 7.313835e-04
 38 (restart 0) KSP residual norm 5.392180e-04
GMRES solver converged in 38 iterations (avg. reduction factor: 8.026e-01)
1 NLEPS (nconv=6, restart=1) residual norm 1.467707e-02
  Residual norms for GMRES solve
  0 (restart 0) KSP residual norm 3.735092e-07
  1 (restart 0) KSP residual norm 2.544221e-07
  2 (restart 0) KSP residual norm 1.915888e-07
  3 (restart 0) KSP residual norm 1.275971e-07
  4 (restart 0) KSP residual norm 8.596843e-08
  5 (restart 0) KSP residual norm 8.205734e-08
  6 (restart 0) KSP residual norm 7.999335e-08
  7 (restart 0) KSP residual norm 7.837016e-08
  8 (restart 0) KSP residual norm 7.657155e-08
  9 (restart 0) KSP residual norm 7.536700e-08
 10 (restart 0) KSP residual norm 7.448300e-08
 11 (restart 0) KSP residual norm 7.261762e-08
 12 (restart 0) KSP residual norm 5.720311e-08
 13 (restart 0) KSP residual norm 4.288552e-08
 14 (restart 0) KSP residual norm 4.233152e-08
 15 (restart 0) KSP residual norm 4.021080e-08
 16 (restart 0) KSP residual norm 3.936605e-08
 17 (restart 0) KSP residual norm 3.901566e-08
 18 (restart 0) KSP residual norm 3.684110e-08
 19 (restart 0) KSP residual norm 3.479780e-08
 20 (restart 0) KSP residual norm 3.333916e-08
 21 (restart 0) KSP residual norm 3.086385e-08
 22 (restart 0) KSP residual norm 2.941604e-08
 23 (restart 0) KSP residual norm 2.792284e-08
 24 (restart 0) KSP residual norm 2.741000e-08
 25 (restart 0) KSP residual norm 2.632310e-08
 26 (restart 0) KSP residual norm 2.481542e-08
 27 (restart 0) KSP residual norm 2.395169e-08
 28 (restart 0) KSP residual norm 2.274324e-08
 29 (restart 0) KSP residual norm 2.252167e-08
 30 (restart 0) KSP residual norm 1.985189e-08
 31 (restart 0) KSP residual norm 1.947037e-08
 32 (restart 0) KSP residual norm 1.903476e-08
 33 (restart 0) KSP residual norm 1.839938e-08
 34 (restart 0) KSP residual norm 1.661606e-08
 35 (restart 0) KSP residual norm 1.631744e-08
 36 (restart 0) KSP residual norm 1.616722e-08
 37 (restart 0) KSP residual norm 1.601343e-08
 38 (restart 0) KSP residual norm 1.563993e-08
 39 (restart 0) KSP residual norm 1.488408e-08
 40 (restart 0) KSP residual norm 1.458870e-08
 41 (restart 0) KSP residual norm 1.457150e-08
 42 (restart 0) KSP residual norm 1.313844e-08
 43 (restart 0) KSP residual norm 1.211532e-08
 44 (restart 0) KSP residual norm 1.163937e-08
 45 (restart 0) KSP residual norm 1.120534e-08
 46 (restart 0) KSP residual norm 1.089674e-08
 47 (restart 0) KSP residual norm 1.007754e-08
 48 (restart 0) KSP residual norm 8.224771e-09
 49 (restart 0) KSP residual norm 5.322857e-09
 50 (restart 0) KSP residual norm 3.705046e-09
 51 (restart 0) KSP residual norm 2.453669e-09
 52 (restart 0) KSP residual norm 1.608263e-09
 53 (restart 0) KSP residual norm 1.029640e-09
 54 (restart 0) KSP residual norm 6.501674e-10
 55 (restart 0) KSP residual norm 4.476437e-10
 56 (restart 0) KSP residual norm 3.068397e-10
 57 (restart 0) KSP residual norm 2.086332e-10
 58 (restart 0) KSP residual norm 1.448870e-10
 59 (restart 0) KSP residual norm 9.625442e-11
GMRES solver converged in 59 iterations (avg. reduction factor: 8.693e-01)
2 NLEPS (nconv=6, restart=1) residual norm 4.142850e-05
  Residual norms for GMRES solve
  0 (restart 0) KSP residual norm 8.805462e-08
  1 (restart 0) KSP residual norm 5.271321e-08
  2 (restart 0) KSP residual norm 4.385705e-08
  3 (restart 0) KSP residual norm 3.903177e-08
  4 (restart 0) KSP residual norm 3.330571e-08
  5 (restart 0) KSP residual norm 3.307477e-08
  6 (restart 0) KSP residual norm 3.099624e-08
  7 (restart 0) KSP residual norm 2.521741e-08
  8 (restart 0) KSP residual norm 2.051561e-08
  9 (restart 0) KSP residual norm 1.596524e-08
 10 (restart 0) KSP residual norm 1.167274e-08
 11 (restart 0) KSP residual norm 9.214553e-09
 12 (restart 0) KSP residual norm 8.061938e-09
 13 (restart 0) KSP residual norm 8.024484e-09
 14 (restart 0) KSP residual norm 7.021974e-09
 15 (restart 0) KSP residual norm 6.043962e-09
 16 (restart 0) KSP residual norm 4.971791e-09
 17 (restart 0) KSP residual norm 3.706085e-09
 18 (restart 0) KSP residual norm 3.294789e-09
 19 (restart 0) KSP residual norm 3.282884e-09
 20 (restart 0) KSP residual norm 3.262486e-09
 21 (restart 0) KSP residual norm 3.257749e-09
 22 (restart 0) KSP residual norm 3.208530e-09
 23 (restart 0) KSP residual norm 3.207441e-09
 24 (restart 0) KSP residual norm 3.198057e-09
 25 (restart 0) KSP residual norm 3.169654e-09
 26 (restart 0) KSP residual norm 3.164202e-09
 27 (restart 0) KSP residual norm 3.155775e-09
 28 (restart 0) KSP residual norm 3.109494e-09
 29 (restart 0) KSP residual norm 3.096798e-09
 30 (restart 0) KSP residual norm 3.084857e-09
 31 (restart 0) KSP residual norm 3.083091e-09
 32 (restart 0) KSP residual norm 3.063885e-09
 33 (restart 0) KSP residual norm 3.057196e-09
 34 (restart 0) KSP residual norm 3.031468e-09
 35 (restart 0) KSP residual norm 2.952435e-09
 36 (restart 0) KSP residual norm 2.836911e-09
 37 (restart 0) KSP residual norm 2.728278e-09
 38 (restart 0) KSP residual norm 2.465712e-09
 39 (restart 0) KSP residual norm 2.158158e-09
 40 (restart 0) KSP residual norm 1.736768e-09
 41 (restart 0) KSP residual norm 1.243910e-09
 42 (restart 0) KSP residual norm 8.763245e-10
 43 (restart 0) KSP residual norm 5.966873e-10
 44 (restart 0) KSP residual norm 4.270595e-10
 45 (restart 0) KSP residual norm 2.911116e-10
 46 (restart 0) KSP residual norm 1.864739e-10
 47 (restart 0) KSP residual norm 1.282479e-10
 48 (restart 0) KSP residual norm 8.661002e-11
 49 (restart 0) KSP residual norm 5.830727e-11
 50 (restart 0) KSP residual norm 4.175552e-11
 51 (restart 0) KSP residual norm 3.139988e-11
 52 (restart 0) KSP residual norm 2.303903e-11
 53 (restart 0) KSP residual norm 1.675160e-11
 54 (restart 0) KSP residual norm 1.192311e-11
 55 (restart 0) KSP residual norm 8.326975e-12
 56 (restart 0) KSP residual norm 5.644735e-12
 57 (restart 0) KSP residual norm 3.735551e-12
 58 (restart 0) KSP residual norm 2.414816e-12
GMRES solver converged in 58 iterations (avg. reduction factor: 8.343e-01)
3 NLEPS (nconv=6, restart=1) residual norm 2.109968e-07
  Residual norms for GMRES solve
  0 (restart 0) KSP residual norm 4.559443e-12
  1 (restart 0) KSP residual norm 4.518622e-12
  2 (restart 0) KSP residual norm 4.236581e-12
  3 (restart 0) KSP residual norm 3.923478e-12
  4 (restart 0) KSP residual norm 3.837643e-12
  5 (restart 0) KSP residual norm 3.823712e-12
  6 (restart 0) KSP residual norm 3.809695e-12
  7 (restart 0) KSP residual norm 3.802913e-12
  8 (restart 0) KSP residual norm 3.760781e-12
  9 (restart 0) KSP residual norm 3.680807e-12
 10 (restart 0) KSP residual norm 3.463057e-12
 11 (restart 0) KSP residual norm 3.350485e-12
 12 (restart 0) KSP residual norm 3.092668e-12
 13 (restart 0) KSP residual norm 2.804193e-12
 14 (restart 0) KSP residual norm 2.794304e-12
 15 (restart 0) KSP residual norm 2.694782e-12
 16 (restart 0) KSP residual norm 2.635489e-12
 17 (restart 0) KSP residual norm 2.609743e-12
 18 (restart 0) KSP residual norm 2.548126e-12
 19 (restart 0) KSP residual norm 2.507010e-12
 20 (restart 0) KSP residual norm 2.452466e-12
 21 (restart 0) KSP residual norm 2.299161e-12
 22 (restart 0) KSP residual norm 2.258634e-12
 23 (restart 0) KSP residual norm 2.204195e-12
 24 (restart 0) KSP residual norm 2.161132e-12
 25 (restart 0) KSP residual norm 2.152893e-12
 26 (restart 0) KSP residual norm 2.139378e-12
 27 (restart 0) KSP residual norm 2.106206e-12
 28 (restart 0) KSP residual norm 2.081402e-12
 29 (restart 0) KSP residual norm 2.055680e-12
 30 (restart 0) KSP residual norm 2.003838e-12
 31 (restart 0) KSP residual norm 1.993744e-12
 32 (restart 0) KSP residual norm 1.971279e-12
 33 (restart 0) KSP residual norm 1.890324e-12
 34 (restart 0) KSP residual norm 1.804371e-12
 35 (restart 0) KSP residual norm 1.782436e-12
 36 (restart 0) KSP residual norm 1.731961e-12
 37 (restart 0) KSP residual norm 1.668271e-12
 38 (restart 0) KSP residual norm 1.582527e-12
 39 (restart 0) KSP residual norm 1.496468e-12
 40 (restart 0) KSP residual norm 1.465280e-12
 41 (restart 0) KSP residual norm 1.390713e-12
 42 (restart 0) KSP residual norm 1.307343e-12
 43 (restart 0) KSP residual norm 1.260226e-12
 44 (restart 0) KSP residual norm 1.186708e-12
 45 (restart 0) KSP residual norm 1.077313e-12
 46 (restart 0) KSP residual norm 1.020331e-12
 47 (restart 0) KSP residual norm 9.859162e-13
GMRES solver converged in 47 iterations (avg. reduction factor: 9.679e-01)
4 NLEPS (nconv=6, restart=1) residual norm 7.981373e-08
Eigenvalue 6, Quasi-Newton converged in 4 iterations (-3.047e-04+1.133e+01i).
  Residual norms for GMRES solve
  0 (restart 0) KSP residual norm 2.876669e+01
  1 (restart 0) KSP residual norm 1.644358e+00
  2 (restart 0) KSP residual norm 1.302512e+00
  3 (restart 0) KSP residual norm 8.164488e-01
  4 (restart 0) KSP residual norm 1.543747e-01
  5 (restart 0) KSP residual norm 1.118009e-01
  6 (restart 0) KSP residual norm 1.066045e-01
  7 (restart 0) KSP residual norm 1.062206e-01
  8 (restart 0) KSP residual norm 1.061947e-01
  9 (restart 0) KSP residual norm 1.061637e-01
 10 (restart 0) KSP residual norm 1.060718e-01
 11 (restart 0) KSP residual norm 1.055593e-01
 12 (restart 0) KSP residual norm 1.027403e-01
 13 (restart 0) KSP residual norm 9.362382e-02
 14 (restart 0) KSP residual norm 8.802135e-02
 15 (restart 0) KSP residual norm 8.777553e-02
 16 (restart 0) KSP residual norm 7.051091e-02
 17 (restart 0) KSP residual norm 4.538571e-02
 18 (restart 0) KSP residual norm 4.026172e-02
 19 (restart 0) KSP residual norm 3.763820e-02
 20 (restart 0) KSP residual norm 3.261164e-02
 21 (restart 0) KSP residual norm 2.978673e-02
 22 (restart 0) KSP residual norm 2.905715e-02
 23 (restart 0) KSP residual norm 2.842099e-02
 24 (restart 0) KSP residual norm 2.718902e-02
 25 (restart 0) KSP residual norm 2.594462e-02
 26 (restart 0) KSP residual norm 2.572391e-02
 27 (restart 0) KSP residual norm 2.501358e-02
 28 (restart 0) KSP residual norm 2.361634e-02
 29 (restart 0) KSP residual norm 2.062359e-02
 30 (restart 0) KSP residual norm 1.570480e-02
 31 (restart 0) KSP residual norm 1.289021e-02
 32 (restart 0) KSP residual norm 1.058550e-02
 33 (restart 0) KSP residual norm 7.954486e-03
GMRES solver converged in 33 iterations (avg. reduction factor: 7.801e-01)
0 NLEPS (nconv=7, restart=0) residual norm 1.891241e-01
  Residual norms for GMRES solve
  0 (restart 0) KSP residual norm 2.470837e+00
  1 (restart 0) KSP residual norm 2.025527e+00
  2 (restart 0) KSP residual norm 1.897503e+00
  3 (restart 0) KSP residual norm 1.718462e+00
  4 (restart 0) KSP residual norm 1.667915e+00
  5 (restart 0) KSP residual norm 1.654970e+00
  6 (restart 0) KSP residual norm 1.511901e+00
  7 (restart 0) KSP residual norm 1.361039e+00
  8 (restart 0) KSP residual norm 1.171577e+00
  9 (restart 0) KSP residual norm 9.585466e-01
 10 (restart 0) KSP residual norm 6.874668e-01
 11 (restart 0) KSP residual norm 6.012925e-01
 12 (restart 0) KSP residual norm 4.900111e-01
 13 (restart 0) KSP residual norm 1.636382e-01
 14 (restart 0) KSP residual norm 5.103099e-02
 15 (restart 0) KSP residual norm 3.825400e-02
 16 (restart 0) KSP residual norm 3.034381e-02
 17 (restart 0) KSP residual norm 1.966083e-02
 18 (restart 0) KSP residual norm 1.804436e-02
 19 (restart 0) KSP residual norm 1.717388e-02
 20 (restart 0) KSP residual norm 1.683710e-02
 21 (restart 0) KSP residual norm 1.630411e-02
 22 (restart 0) KSP residual norm 1.608407e-02
 23 (restart 0) KSP residual norm 1.592648e-02
 24 (restart 0) KSP residual norm 1.557188e-02
 25 (restart 0) KSP residual norm 1.497145e-02
 26 (restart 0) KSP residual norm 1.466648e-02
 27 (restart 0) KSP residual norm 1.409598e-02
 28 (restart 0) KSP residual norm 1.375470e-02
 29 (restart 0) KSP residual norm 1.313687e-02
 30 (restart 0) KSP residual norm 1.284270e-02
 31 (restart 0) KSP residual norm 1.121408e-02
 32 (restart 0) KSP residual norm 8.719647e-03
 33 (restart 0) KSP residual norm 6.418767e-03
 34 (restart 0) KSP residual norm 4.659064e-03
 35 (restart 0) KSP residual norm 3.051230e-03
 36 (restart 0) KSP residual norm 2.120061e-03
 37 (restart 0) KSP residual norm 1.433284e-03
 38 (restart 0) KSP residual norm 1.027385e-03
 39 (restart 0) KSP residual norm 6.833869e-04
GMRES solver converged in 39 iterations (avg. reduction factor: 8.105e-01)
1 NLEPS (nconv=7, restart=0) residual norm 6.158175e-03
  Residual norms for GMRES solve
  0 (restart 0) KSP residual norm 5.532737e-07
  1 (restart 0) KSP residual norm 4.834832e-07
  2 (restart 0) KSP residual norm 4.638969e-07
  3 (restart 0) KSP residual norm 4.198291e-07
  4 (restart 0) KSP residual norm 4.025614e-07
  5 (restart 0) KSP residual norm 4.009636e-07
  6 (restart 0) KSP residual norm 3.830907e-07
  7 (restart 0) KSP residual norm 3.514468e-07
  8 (restart 0) KSP residual norm 3.427438e-07
  9 (restart 0) KSP residual norm 3.353065e-07
 10 (restart 0) KSP residual norm 3.176715e-07
 11 (restart 0) KSP residual norm 2.393728e-07
 12 (restart 0) KSP residual norm 1.643419e-07
 13 (restart 0) KSP residual norm 1.158555e-07
 14 (restart 0) KSP residual norm 1.110250e-07
 15 (restart 0) KSP residual norm 1.087546e-07
 16 (restart 0) KSP residual norm 1.087453e-07
 17 (restart 0) KSP residual norm 1.067686e-07
 18 (restart 0) KSP residual norm 9.224093e-08
 19 (restart 0) KSP residual norm 7.940192e-08
 20 (restart 0) KSP residual norm 5.882370e-08
 21 (restart 0) KSP residual norm 3.658135e-08
 22 (restart 0) KSP residual norm 2.907627e-08
 23 (restart 0) KSP residual norm 2.299166e-08
 24 (restart 0) KSP residual norm 2.193994e-08
 25 (restart 0) KSP residual norm 2.185579e-08
 26 (restart 0) KSP residual norm 2.171469e-08
 27 (restart 0) KSP residual norm 2.157788e-08
 28 (restart 0) KSP residual norm 2.125528e-08
 29 (restart 0) KSP residual norm 2.122811e-08
 30 (restart 0) KSP residual norm 2.078979e-08
 31 (restart 0) KSP residual norm 2.010917e-08
 32 (restart 0) KSP residual norm 1.937647e-08
 33 (restart 0) KSP residual norm 1.935318e-08
 34 (restart 0) KSP residual norm 1.892793e-08
 35 (restart 0) KSP residual norm 1.848587e-08
 36 (restart 0) KSP residual norm 1.808026e-08
 37 (restart 0) KSP residual norm 1.758515e-08
 38 (restart 0) KSP residual norm 1.748027e-08
 39 (restart 0) KSP residual norm 1.648505e-08
 40 (restart 0) KSP residual norm 1.610712e-08
 41 (restart 0) KSP residual norm 1.598753e-08
 42 (restart 0) KSP residual norm 1.544469e-08
 43 (restart 0) KSP residual norm 1.527870e-08
 44 (restart 0) KSP residual norm 1.525055e-08
 45 (restart 0) KSP residual norm 1.468827e-08
 46 (restart 0) KSP residual norm 1.419259e-08
 47 (restart 0) KSP residual norm 1.341150e-08
 48 (restart 0) KSP residual norm 1.263804e-08
 49 (restart 0) KSP residual norm 1.091242e-08
 50 (restart 0) KSP residual norm 8.667886e-09
 51 (restart 0) KSP residual norm 6.520754e-09
 52 (restart 0) KSP residual norm 4.404856e-09
 53 (restart 0) KSP residual norm 2.978499e-09
 54 (restart 0) KSP residual norm 2.030609e-09
 55 (restart 0) KSP residual norm 1.315465e-09
 56 (restart 0) KSP residual norm 8.566142e-10
 57 (restart 0) KSP residual norm 5.422398e-10
 58 (restart 0) KSP residual norm 3.616560e-10
 59 (restart 0) KSP residual norm 2.429615e-10
 60 (restart 0) KSP residual norm 1.607877e-10
GMRES solver converged in 60 iterations (avg. reduction factor: 8.731e-01)
2 NLEPS (nconv=7, restart=0) residual norm 2.844993e-05
  Residual norms for GMRES solve
  0 (restart 0) KSP residual norm 1.862678e-08
  1 (restart 0) KSP residual norm 4.872211e-09
  2 (restart 0) KSP residual norm 4.514624e-09
  3 (restart 0) KSP residual norm 3.748486e-09
  4 (restart 0) KSP residual norm 3.742211e-09
  5 (restart 0) KSP residual norm 3.720425e-09
  6 (restart 0) KSP residual norm 3.688489e-09
  7 (restart 0) KSP residual norm 3.587160e-09
  8 (restart 0) KSP residual norm 3.548041e-09
  9 (restart 0) KSP residual norm 3.490605e-09
 10 (restart 0) KSP residual norm 3.327323e-09
 11 (restart 0) KSP residual norm 3.220963e-09
 12 (restart 0) KSP residual norm 3.195436e-09
 13 (restart 0) KSP residual norm 3.055471e-09
 14 (restart 0) KSP residual norm 2.961830e-09
 15 (restart 0) KSP residual norm 2.894519e-09
 16 (restart 0) KSP residual norm 2.818994e-09
 17 (restart 0) KSP residual norm 2.514917e-09
 18 (restart 0) KSP residual norm 2.120294e-09
 19 (restart 0) KSP residual norm 2.032303e-09
 20 (restart 0) KSP residual norm 2.003801e-09
 21 (restart 0) KSP residual norm 1.968630e-09
 22 (restart 0) KSP residual norm 1.897011e-09
 23 (restart 0) KSP residual norm 1.772479e-09
 24 (restart 0) KSP residual norm 1.761818e-09
 25 (restart 0) KSP residual norm 1.761311e-09
 26 (restart 0) KSP residual norm 1.746674e-09
 27 (restart 0) KSP residual norm 1.735589e-09
 28 (restart 0) KSP residual norm 1.732838e-09
 29 (restart 0) KSP residual norm 1.725636e-09
 30 (restart 0) KSP residual norm 1.711667e-09
 31 (restart 0) KSP residual norm 1.678180e-09
 32 (restart 0) KSP residual norm 1.662520e-09
 33 (restart 0) KSP residual norm 1.636763e-09
 34 (restart 0) KSP residual norm 1.619456e-09
 35 (restart 0) KSP residual norm 1.604222e-09
 36 (restart 0) KSP residual norm 1.555085e-09
 37 (restart 0) KSP residual norm 1.476523e-09
 38 (restart 0) KSP residual norm 1.433898e-09
 39 (restart 0) KSP residual norm 1.333955e-09
 40 (restart 0) KSP residual norm 1.221070e-09
 41 (restart 0) KSP residual norm 1.073096e-09
 42 (restart 0) KSP residual norm 9.098457e-10
 43 (restart 0) KSP residual norm 7.014222e-10
 44 (restart 0) KSP residual norm 4.907136e-10
 45 (restart 0) KSP residual norm 3.282078e-10
 46 (restart 0) KSP residual norm 2.319624e-10
 47 (restart 0) KSP residual norm 1.632669e-10
 48 (restart 0) KSP residual norm 1.178645e-10
 49 (restart 0) KSP residual norm 8.551405e-11
 50 (restart 0) KSP residual norm 6.202099e-11
 51 (restart 0) KSP residual norm 4.390123e-11
 52 (restart 0) KSP residual norm 3.096437e-11
 53 (restart 0) KSP residual norm 2.101632e-11
 54 (restart 0) KSP residual norm 1.428306e-11
 55 (restart 0) KSP residual norm 1.015955e-11
 56 (restart 0) KSP residual norm 7.431353e-12
 57 (restart 0) KSP residual norm 5.122210e-12
 58 (restart 0) KSP residual norm 3.367919e-12
 59 (restart 0) KSP residual norm 2.254149e-12
 60 (restart 0) KSP residual norm 1.543958e-12
 61 (restart 0) KSP residual norm 1.018081e-12
 62 (restart 0) KSP residual norm 6.733713e-13
GMRES solver converged in 62 iterations (avg. reduction factor: 8.479e-01)
3 NLEPS (nconv=7, restart=0) residual norm 8.209886e-08
Eigenvalue 7, Quasi-Newton converged in 3 iterations (-3.046e-04+1.134e+01i).

Computing solution error estimates and performing postprocessing

     m,        Re{f} (GHz),        Im{f} (GHz),                  Q,      Error (Bkwd.),       Error (Abs.)
     1,      +2.439268e+00,      +7.395426e-05,      +1.649173e+04,      +3.204554e-15,      +6.258720e-08
     2,      +2.598111e+00,      +8.051834e-05,      +1.613366e+04,      +5.027238e-15,      +9.818555e-08
     3,      +2.605911e+00,      +6.883863e-05,      +1.892768e+04,      +5.101906e-15,      +9.964389e-08
     4,      +2.606235e+00,      +3.048889e-04,      +4.274074e+03,      +2.592942e-15,      +5.064202e-08
     5,      +2.701275e+00,      +6.358330e-05,      +2.124202e+04,      +3.763886e-15,      +7.351141e-08
     6,      +2.701504e+00,      +6.361231e-05,      +2.123413e+04,      +4.665726e-15,      +9.112500e-08
     7,      +2.739540e+00,      +7.365395e-05,      +1.859738e+04,      +4.085751e-15,      +7.979768e-08
     8,      +2.739734e+00,      +7.361011e-05,      +1.860977e+04,      +4.203506e-15,      +8.209753e-08

Completed 0 iterations of adaptive mesh refinement (AMR):
 Indicator norm = 4.606e-02, global unknowns = 517516
 Max. iterations = 0, tol. = 1.000e-02

Estimated peak per-rank memory usage is: Min. 299.6M, Max. 349.2M, Avg. 323.8M, Total 10.1G
Estimated peak per-node memory usage is: Min. 10.1G, Max. 10.1G, Avg. 10.1G, Total 10.1G

Elapsed Time Report (s)           Min.        Max.        Avg.
==============================================================
Initialization                   0.218       0.568       0.557
  Mesh Preprocessing             0.387       0.737       0.398
Operator Construction            1.773       1.828       1.820
Linear Solve                   145.292     149.687     147.530
  Setup                         13.381      13.383      13.382
  Preconditioner              1665.418    1677.583    1673.931
  Coarse Solve                 103.311     111.601     105.218
Eigenvalue Solve               502.903     503.183     503.087
Div.-Free Projection            11.649      11.667      11.661
Estimation                       0.080       0.086       0.083
  Construction                   0.317       0.317       0.317
  Solve                         17.492      17.499      17.498
Postprocessing                   1.045       1.052       1.046
Disk IO                          0.855       0.855       0.855
--------------------------------------------------------------
Total                         2478.524    2478.542    2478.534

Peak Memory                   Per-Node       Total   Total HWM
==============================================================
Initialization                   48.1M       48.1M       48.1M
  Mesh Preprocessing            132.8M      132.8M      180.9M
Operator Construction             1.6G        1.6G        1.8G
Linear Solve                    268.0K      268.0K        1.8G
  Setup                         938.4M      938.4M        2.7G
  Preconditioner                  1.8M        1.8M        2.7G
  Coarse Solve                    5.2G        5.2G        7.9G
Eigenvalue Solve                385.3M      385.3M        8.3G
Div.-Free Projection            255.3M      255.3M        8.5G
Estimation                      141.6M      141.6M        8.7G
  Construction                  416.0M      416.0M        9.1G
  Solve                          87.8M       87.8M        9.2G
Postprocessing                    8.2M        8.2M        9.2G
Disk IO                          78.5M       78.5M        9.3G
--------------------------------------------------------------
Total                             9.7G        9.7G        9.7G

