>> /opt/amip/envs/emsim/bin/mpirun -n 32 /opt/amip/palace/bin/palace-x86_64.bin h3-azim-01.71364f1e_azim_h2_L10.2_strip5x1_pec.json

_____________     _______
_____   __   \____ __   /____ ____________
____   /_/  /  __ ` /  /  __ ` /  ___/  _ \
___   _____/  /_/  /  /  /_/  /  /__/  ___/
  /__/     \___,__/__/\___,__/\_____\_____/

Git changeset ID: v0.17.0-293-g3c83b9db0
Running with 32 MPI processes, 1 OpenMP thread
Device configuration: omp,cpu
Memory configuration: host-std
libCEED backend: /cpu/self/xsmm/blocked

Added 10 duplicate vertices for interior boundaries in the mesh
Added 42 duplicate boundary elements for interior boundaries in the mesh
Added 17233 boundary elements for material interfaces to the mesh

Characteristic length and time scales:
 Lc = 1.974e-01 m, tc = 6.585e-01 ns
Finished partitioning mesh into 32 subdomains

Mesh curvature order: 2
Mesh bounding box:
 (Xmin, Ymin, Zmin) = (-8.800e-02, -8.800e-02, -9.871e-02) m
 (Xmax, Ymax, Zmax) = (+8.800e-02, +8.800e-02, +9.871e-02) m

Parallel Mesh Stats:

                minimum     average     maximum       total
 vertices           304         443         583       14194
 edges             2507        2915        3337       93286
 faces             4535        4846        5207      155084
 elements          2310        2374        2446       75990
 neighbors            2           7          16

            minimum     maximum
 h      0.000158879    0.171339
 kappa       1.0332     237.106

Estimated current per-rank memory usage is: Min. 33.0M, Max. 96.5M, Avg. 35.5M, Total 1.1G
Estimated current per-node memory usage is: Min. 1.1G, Max. 1.1G, Avg. 1.1G, Total 1.1G

Configuring Robin finite conductivity BC at attributes:
 90: σ = 3.500e+07 S/m, n = (-0.1,+0.3,-1.0)
 92: σ = 5.800e+07 S/m, n = (-1.0,-0.0,+0.1)

Configuring Dirichlet PEC BC at attributes:
 91

Assembling system matrices, number of global unknowns:
 H1 (p = 2): 107480, ND (p = 2): 496740, RT (p = 2): 693222
 Operator assembly level: Partial
 Mesh geometries:
  Tetrahedron: P = 20, Q = 14 (quadrature order = 4)

Configuring SLEPc eigenvalue solver:
 Scaling γ = 8.677e+01, δ = 3.449e-07
 Configuring divergence-free projection
 Using random starting vector
 Shift-and-invert σ = 2.380e+00 GHz (9.847e+00)

Assembling multigrid hierarchy:
 Level 0 (p = 1): 93286 unknowns
 Level 1 (p = 2): 496740 unknowns
 Level 0 (auxiliary) (p = 1): 14194 unknowns
 Level 1 (auxiliary) (p = 2): 107480 unknowns

#PETSc Option Table entries:
-eps_monitor # (source: code)
#End of PETSc Option Table entries

  Residual norms for GMRES solve
  0 (restart 0) KSP residual norm 9.604349e-01
  1 (restart 0) KSP residual norm 5.657010e-01
  2 (restart 0) KSP residual norm 1.431001e-01
  3 (restart 0) KSP residual norm 5.359985e-02
  4 (restart 0) KSP residual norm 2.107069e-02
  5 (restart 0) KSP residual norm 4.946537e-03
  6 (restart 0) KSP residual norm 2.238706e-03
  7 (restart 0) KSP residual norm 1.314621e-03
  8 (restart 0) KSP residual norm 5.803751e-04
  9 (restart 0) KSP residual norm 3.424576e-04
 10 (restart 0) KSP residual norm 2.399404e-04
 11 (restart 0) KSP residual norm 1.495726e-04
 12 (restart 0) KSP residual norm 1.016556e-04
 13 (restart 0) KSP residual norm 6.290745e-05
 14 (restart 0) KSP residual norm 4.125768e-05
 15 (restart 0) KSP residual norm 3.074889e-05
 16 (restart 0) KSP residual norm 1.637088e-05
 17 (restart 0) KSP residual norm 9.775169e-06
 18 (restart 0) KSP residual norm 6.734138e-06
 19 (restart 0) KSP residual norm 4.080333e-06
 20 (restart 0) KSP residual norm 2.324574e-06
 21 (restart 0) KSP residual norm 1.439724e-06
 22 (restart 0) KSP residual norm 9.676890e-07
 23 (restart 0) KSP residual norm 6.669781e-07
 24 (restart 0) KSP residual norm 4.219180e-07
 25 (restart 0) KSP residual norm 2.400477e-07
 26 (restart 0) KSP residual norm 1.306590e-07
 27 (restart 0) KSP residual norm 7.898006e-08
 28 (restart 0) KSP residual norm 4.781086e-08
 29 (restart 0) KSP residual norm 2.677314e-08
 30 (restart 0) KSP residual norm 1.558733e-08
 31 (restart 0) KSP residual norm 9.436326e-09
GMRES solver converged in 31 iterations (avg. reduction factor: 5.517e-01)
  Residual norms for GMRES solve
  0 (restart 0) KSP residual norm 3.096370e+01
  1 (restart 0) KSP residual norm 2.710493e+01
  2 (restart 0) KSP residual norm 8.513598e+00
  3 (restart 0) KSP residual norm 1.259843e+00
  4 (restart 0) KSP residual norm 6.467658e-01
  5 (restart 0) KSP residual norm 4.205996e-01
  6 (restart 0) KSP residual norm 7.104607e-02
  7 (restart 0) KSP residual norm 1.338958e-02
  8 (restart 0) KSP residual norm 3.443392e-03
  9 (restart 0) KSP residual norm 1.684475e-03
 10 (restart 0) KSP residual norm 6.658934e-04
 11 (restart 0) KSP residual norm 2.586193e-04
 12 (restart 0) KSP residual norm 1.375925e-04
 13 (restart 0) KSP residual norm 9.686301e-05
 14 (restart 0) KSP residual norm 6.089077e-05
 15 (restart 0) KSP residual norm 3.648649e-05
 16 (restart 0) KSP residual norm 2.109593e-05
 17 (restart 0) KSP residual norm 1.446103e-05
 18 (restart 0) KSP residual norm 9.505630e-06
 19 (restart 0) KSP residual norm 4.834270e-06
 20 (restart 0) KSP residual norm 2.856869e-06
 21 (restart 0) KSP residual norm 1.620956e-06
 22 (restart 0) KSP residual norm 9.109928e-07
 23 (restart 0) KSP residual norm 6.075031e-07
 24 (restart 0) KSP residual norm 3.872375e-07
 25 (restart 0) KSP residual norm 2.131524e-07
GMRES solver converged in 25 iterations (avg. reduction factor: 4.715e-01)
  Residual norms for GMRES solve
  0 (restart 0) KSP residual norm 4.367095e+01
  1 (restart 0) KSP residual norm 2.003273e+01
  2 (restart 0) KSP residual norm 1.097903e+01
  3 (restart 0) KSP residual norm 1.065892e+00
  4 (restart 0) KSP residual norm 5.132337e-01
  5 (restart 0) KSP residual norm 3.219803e-01
  6 (restart 0) KSP residual norm 6.046254e-02
  7 (restart 0) KSP residual norm 1.277740e-02
  8 (restart 0) KSP residual norm 3.042259e-03
  9 (restart 0) KSP residual norm 1.402441e-03
 10 (restart 0) KSP residual norm 6.924805e-04
 11 (restart 0) KSP residual norm 2.980799e-04
 12 (restart 0) KSP residual norm 1.788899e-04
 13 (restart 0) KSP residual norm 1.230512e-04
 14 (restart 0) KSP residual norm 7.424579e-05
 15 (restart 0) KSP residual norm 4.593327e-05
 16 (restart 0) KSP residual norm 2.770845e-05
 17 (restart 0) KSP residual norm 1.872360e-05
 18 (restart 0) KSP residual norm 1.125197e-05
 19 (restart 0) KSP residual norm 5.942650e-06
 20 (restart 0) KSP residual norm 3.738978e-06
 21 (restart 0) KSP residual norm 2.005196e-06
 22 (restart 0) KSP residual norm 1.148365e-06
 23 (restart 0) KSP residual norm 7.797367e-07
 24 (restart 0) KSP residual norm 4.999693e-07
 25 (restart 0) KSP residual norm 2.699760e-07
GMRES solver converged in 25 iterations (avg. reduction factor: 4.695e-01)
  Residual norms for GMRES solve
  0 (restart 0) KSP residual norm 1.602754e+02
  1 (restart 0) KSP residual norm 5.690765e+00
  2 (restart 0) KSP residual norm 3.740047e+00
  3 (restart 0) KSP residual norm 7.972539e-01
  4 (restart 0) KSP residual norm 2.054649e-01
  5 (restart 0) KSP residual norm 9.370137e-02
  6 (restart 0) KSP residual norm 3.350174e-02
  7 (restart 0) KSP residual norm 8.369679e-03
  8 (restart 0) KSP residual norm 1.980299e-03
  9 (restart 0) KSP residual norm 5.085237e-04
 10 (restart 0) KSP residual norm 2.587126e-04
 11 (restart 0) KSP residual norm 1.674648e-04
 12 (restart 0) KSP residual norm 8.062575e-05
 13 (restart 0) KSP residual norm 5.814193e-05
 14 (restart 0) KSP residual norm 3.780605e-05
 15 (restart 0) KSP residual norm 2.143894e-05
 16 (restart 0) KSP residual norm 1.380624e-05
 17 (restart 0) KSP residual norm 8.842882e-06
 18 (restart 0) KSP residual norm 5.647417e-06
 19 (restart 0) KSP residual norm 3.213390e-06
 20 (restart 0) KSP residual norm 1.864343e-06
 21 (restart 0) KSP residual norm 1.092224e-06
GMRES solver converged in 21 iterations (avg. reduction factor: 4.084e-01)
  Residual norms for GMRES solve
  0 (restart 0) KSP residual norm 6.143915e+01
  1 (restart 0) KSP residual norm 2.819788e+01
  2 (restart 0) KSP residual norm 1.528029e+01
  3 (restart 0) KSP residual norm 1.519838e+00
  4 (restart 0) KSP residual norm 6.330672e-01
  5 (restart 0) KSP residual norm 4.729327e-01
  6 (restart 0) KSP residual norm 1.084150e-01
  7 (restart 0) KSP residual norm 1.968092e-02
  8 (restart 0) KSP residual norm 3.868102e-03
  9 (restart 0) KSP residual norm 1.549485e-03
 10 (restart 0) KSP residual norm 7.379581e-04
 11 (restart 0) KSP residual norm 2.523504e-04
 12 (restart 0) KSP residual norm 7.387562e-05
 13 (restart 0) KSP residual norm 3.026681e-05
 14 (restart 0) KSP residual norm 1.759827e-05
 15 (restart 0) KSP residual norm 1.154364e-05
 16 (restart 0) KSP residual norm 6.978138e-06
 17 (restart 0) KSP residual norm 3.756861e-06
 18 (restart 0) KSP residual norm 2.715434e-06
 19 (restart 0) KSP residual norm 1.984599e-06
 20 (restart 0) KSP residual norm 1.056784e-06
 21 (restart 0) KSP residual norm 5.635120e-07
GMRES solver converged in 21 iterations (avg. reduction factor: 4.142e-01)
  Residual norms for GMRES solve
  0 (restart 0) KSP residual norm 5.048665e+01
  1 (restart 0) KSP residual norm 2.138968e+01
  2 (restart 0) KSP residual norm 1.362064e+01
  3 (restart 0) KSP residual norm 1.366101e+00
  4 (restart 0) KSP residual norm 5.106557e-01
  5 (restart 0) KSP residual norm 3.464443e-01
  6 (restart 0) KSP residual norm 1.253595e-01
  7 (restart 0) KSP residual norm 1.831186e-02
  8 (restart 0) KSP residual norm 3.755457e-03
  9 (restart 0) KSP residual norm 1.176495e-03
 10 (restart 0) KSP residual norm 6.158900e-04
 11 (restart 0) KSP residual norm 2.290162e-04
 12 (restart 0) KSP residual norm 8.749713e-05
 13 (restart 0) KSP residual norm 5.166136e-05
 14 (restart 0) KSP residual norm 3.482412e-05
 15 (restart 0) KSP residual norm 2.062077e-05
 16 (restart 0) KSP residual norm 1.212656e-05
 17 (restart 0) KSP residual norm 7.458587e-06
 18 (restart 0) KSP residual norm 5.550664e-06
 19 (restart 0) KSP residual norm 2.968065e-06
 20 (restart 0) KSP residual norm 1.657616e-06
 21 (restart 0) KSP residual norm 9.475929e-07
 22 (restart 0) KSP residual norm 5.435499e-07
 23 (restart 0) KSP residual norm 3.342325e-07
GMRES solver converged in 23 iterations (avg. reduction factor: 4.409e-01)
  Residual norms for GMRES solve
  0 (restart 0) KSP residual norm 1.280315e+01
  1 (restart 0) KSP residual norm 6.997292e+00
  2 (restart 0) KSP residual norm 1.468540e+00
  3 (restart 0) KSP residual norm 8.640121e-01
  4 (restart 0) KSP residual norm 1.587378e-01
  5 (restart 0) KSP residual norm 4.895251e-02
  6 (restart 0) KSP residual norm 2.580018e-02
  7 (restart 0) KSP residual norm 8.605955e-03
  8 (restart 0) KSP residual norm 1.647415e-03
  9 (restart 0) KSP residual norm 2.986804e-04
 10 (restart 0) KSP residual norm 1.072222e-04
 11 (restart 0) KSP residual norm 7.272969e-05
 12 (restart 0) KSP residual norm 3.895642e-05
 13 (restart 0) KSP residual norm 2.246171e-05
 14 (restart 0) KSP residual norm 1.664792e-05
 15 (restart 0) KSP residual norm 8.921995e-06
 16 (restart 0) KSP residual norm 5.623616e-06
 17 (restart 0) KSP residual norm 3.623852e-06
 18 (restart 0) KSP residual norm 2.143008e-06
 19 (restart 0) KSP residual norm 1.158715e-06
 20 (restart 0) KSP residual norm 6.805263e-07
 21 (restart 0) KSP residual norm 4.435849e-07
 22 (restart 0) KSP residual norm 2.329629e-07
 23 (restart 0) KSP residual norm 1.361901e-07
 24 (restart 0) KSP residual norm 9.082669e-08
GMRES solver converged in 24 iterations (avg. reduction factor: 4.576e-01)
  Residual norms for GMRES solve
  0 (restart 0) KSP residual norm 8.902509e+00
  1 (restart 0) KSP residual norm 5.822143e+00
  2 (restart 0) KSP residual norm 7.356119e-01
  3 (restart 0) KSP residual norm 2.273029e-01
  4 (restart 0) KSP residual norm 8.488754e-02
  5 (restart 0) KSP residual norm 1.933220e-02
  6 (restart 0) KSP residual norm 4.623720e-03
  7 (restart 0) KSP residual norm 2.939595e-03
  8 (restart 0) KSP residual norm 8.414948e-04
  9 (restart 0) KSP residual norm 2.570677e-04
 10 (restart 0) KSP residual norm 1.511947e-04
 11 (restart 0) KSP residual norm 7.994752e-05
 12 (restart 0) KSP residual norm 5.127016e-05
 13 (restart 0) KSP residual norm 3.510535e-05
 14 (restart 0) KSP residual norm 1.951257e-05
 15 (restart 0) KSP residual norm 1.360327e-05
 16 (restart 0) KSP residual norm 9.908217e-06
 17 (restart 0) KSP residual norm 5.607915e-06
 18 (restart 0) KSP residual norm 3.437233e-06
 19 (restart 0) KSP residual norm 2.271195e-06
 20 (restart 0) KSP residual norm 1.264348e-06
 21 (restart 0) KSP residual norm 6.933705e-07
 22 (restart 0) KSP residual norm 4.167334e-07
 23 (restart 0) KSP residual norm 2.785764e-07
 24 (restart 0) KSP residual norm 1.924917e-07
 25 (restart 0) KSP residual norm 1.123793e-07
 26 (restart 0) KSP residual norm 6.143195e-08
GMRES solver converged in 26 iterations (avg. reduction factor: 4.854e-01)
  Residual norms for GMRES solve
  0 (restart 0) KSP residual norm 6.883181e+00
  1 (restart 0) KSP residual norm 3.132527e+00
  2 (restart 0) KSP residual norm 2.077071e+00
  3 (restart 0) KSP residual norm 1.087229e+00
  4 (restart 0) KSP residual norm 1.459948e-01
  5 (restart 0) KSP residual norm 4.157166e-02
  6 (restart 0) KSP residual norm 3.239580e-02
  7 (restart 0) KSP residual norm 1.211886e-02
  8 (restart 0) KSP residual norm 1.802865e-03
  9 (restart 0) KSP residual norm 3.298705e-04
 10 (restart 0) KSP residual norm 1.632550e-04
 11 (restart 0) KSP residual norm 1.081645e-04
 12 (restart 0) KSP residual norm 4.736451e-05
 13 (restart 0) KSP residual norm 3.188828e-05
 14 (restart 0) KSP residual norm 1.832299e-05
 15 (restart 0) KSP residual norm 1.087989e-05
 16 (restart 0) KSP residual norm 6.970672e-06
 17 (restart 0) KSP residual norm 4.571191e-06
 18 (restart 0) KSP residual norm 3.011564e-06
 19 (restart 0) KSP residual norm 1.679804e-06
 20 (restart 0) KSP residual norm 9.788970e-07
 21 (restart 0) KSP residual norm 5.592679e-07
 22 (restart 0) KSP residual norm 3.091467e-07
 23 (restart 0) KSP residual norm 2.041409e-07
 24 (restart 0) KSP residual norm 1.284073e-07
 25 (restart 0) KSP residual norm 7.133286e-08
 26 (restart 0) KSP residual norm 4.069603e-08
GMRES solver converged in 26 iterations (avg. reduction factor: 4.825e-01)
  Residual norms for GMRES solve
  0 (restart 0) KSP residual norm 7.793086e+00
  1 (restart 0) KSP residual norm 5.129199e+00
  2 (restart 0) KSP residual norm 1.035003e+00
  3 (restart 0) KSP residual norm 4.805484e-01
  4 (restart 0) KSP residual norm 1.738256e-01
  5 (restart 0) KSP residual norm 4.613346e-02
  6 (restart 0) KSP residual norm 1.982212e-02
  7 (restart 0) KSP residual norm 4.952789e-03
  8 (restart 0) KSP residual norm 8.087865e-04
  9 (restart 0) KSP residual norm 2.192839e-04
 10 (restart 0) KSP residual norm 1.141316e-04
 11 (restart 0) KSP residual norm 5.404297e-05
 12 (restart 0) KSP residual norm 3.529080e-05
 13 (restart 0) KSP residual norm 2.527559e-05
 14 (restart 0) KSP residual norm 1.405117e-05
 15 (restart 0) KSP residual norm 9.274106e-06
 16 (restart 0) KSP residual norm 6.596659e-06
 17 (restart 0) KSP residual norm 3.977361e-06
 18 (restart 0) KSP residual norm 2.434686e-06
 19 (restart 0) KSP residual norm 1.395576e-06
 20 (restart 0) KSP residual norm 8.472279e-07
 21 (restart 0) KSP residual norm 5.081968e-07
 22 (restart 0) KSP residual norm 2.721574e-07
 23 (restart 0) KSP residual norm 1.629738e-07
 24 (restart 0) KSP residual norm 1.138841e-07
 25 (restart 0) KSP residual norm 6.428642e-08
GMRES solver converged in 25 iterations (avg. reduction factor: 4.750e-01)
  Residual norms for GMRES solve
  0 (restart 0) KSP residual norm 6.041123e+00
  1 (restart 0) KSP residual norm 3.894290e+00
  2 (restart 0) KSP residual norm 1.189636e+00
  3 (restart 0) KSP residual norm 5.766426e-01
  4 (restart 0) KSP residual norm 1.369953e-01
  5 (restart 0) KSP residual norm 4.411043e-02
  6 (restart 0) KSP residual norm 2.276136e-02
  7 (restart 0) KSP residual norm 6.155577e-03
  8 (restart 0) KSP residual norm 1.102553e-03
  9 (restart 0) KSP residual norm 2.818744e-04
 10 (restart 0) KSP residual norm 1.724540e-04
 11 (restart 0) KSP residual norm 1.087269e-04
 12 (restart 0) KSP residual norm 5.763995e-05
 13 (restart 0) KSP residual norm 4.340720e-05
 14 (restart 0) KSP residual norm 2.600302e-05
 15 (restart 0) KSP residual norm 1.533207e-05
 16 (restart 0) KSP residual norm 1.005267e-05
 17 (restart 0) KSP residual norm 6.761306e-06
 18 (restart 0) KSP residual norm 4.100183e-06
 19 (restart 0) KSP residual norm 2.417999e-06
 20 (restart 0) KSP residual norm 1.467861e-06
 21 (restart 0) KSP residual norm 8.046448e-07
 22 (restart 0) KSP residual norm 4.737180e-07
 23 (restart 0) KSP residual norm 3.274047e-07
 24 (restart 0) KSP residual norm 2.075789e-07
 25 (restart 0) KSP residual norm 1.152322e-07
 26 (restart 0) KSP residual norm 6.648913e-08
 27 (restart 0) KSP residual norm 3.969554e-08
GMRES solver converged in 27 iterations (avg. reduction factor: 4.977e-01)
  Residual norms for GMRES solve
  0 (restart 0) KSP residual norm 6.064050e+00
  1 (restart 0) KSP residual norm 2.945721e+00
  2 (restart 0) KSP residual norm 1.163188e+00
  3 (restart 0) KSP residual norm 6.572836e-01
  4 (restart 0) KSP residual norm 1.425833e-01
  5 (restart 0) KSP residual norm 2.733639e-02
  6 (restart 0) KSP residual norm 1.178295e-02
  7 (restart 0) KSP residual norm 6.552170e-03
  8 (restart 0) KSP residual norm 1.292376e-03
  9 (restart 0) KSP residual norm 2.941916e-04
 10 (restart 0) KSP residual norm 1.935661e-04
 11 (restart 0) KSP residual norm 1.292730e-04
 12 (restart 0) KSP residual norm 6.596546e-05
 13 (restart 0) KSP residual norm 5.194236e-05
 14 (restart 0) KSP residual norm 3.025993e-05
 15 (restart 0) KSP residual norm 1.869525e-05
 16 (restart 0) KSP residual norm 1.219203e-05
 17 (restart 0) KSP residual norm 7.536850e-06
 18 (restart 0) KSP residual norm 4.639255e-06
 19 (restart 0) KSP residual norm 2.812447e-06
 20 (restart 0) KSP residual norm 1.655156e-06
 21 (restart 0) KSP residual norm 9.515961e-07
 22 (restart 0) KSP residual norm 5.171181e-07
 23 (restart 0) KSP residual norm 3.534533e-07
 24 (restart 0) KSP residual norm 2.338900e-07
 25 (restart 0) KSP residual norm 1.282781e-07
 26 (restart 0) KSP residual norm 7.295053e-08
 27 (restart 0) KSP residual norm 4.438037e-08
GMRES solver converged in 27 iterations (avg. reduction factor: 4.997e-01)
  Residual norms for GMRES solve
  0 (restart 0) KSP residual norm 8.883346e+00
  1 (restart 0) KSP residual norm 5.690216e+00
  2 (restart 0) KSP residual norm 1.120550e+00
  3 (restart 0) KSP residual norm 5.773204e-01
  4 (restart 0) KSP residual norm 1.948999e-01
  5 (restart 0) KSP residual norm 4.666446e-02
  6 (restart 0) KSP residual norm 2.231752e-02
  7 (restart 0) KSP residual norm 7.612383e-03
  8 (restart 0) KSP residual norm 1.320635e-03
  9 (restart 0) KSP residual norm 3.573493e-04
 10 (restart 0) KSP residual norm 1.884034e-04
 11 (restart 0) KSP residual norm 9.275653e-05
 12 (restart 0) KSP residual norm 5.751481e-05
 13 (restart 0) KSP residual norm 3.948486e-05
 14 (restart 0) KSP residual norm 1.924850e-05
 15 (restart 0) KSP residual norm 1.363293e-05
 16 (restart 0) KSP residual norm 9.016009e-06
 17 (restart 0) KSP residual norm 5.565975e-06
 18 (restart 0) KSP residual norm 3.936248e-06
 19 (restart 0) KSP residual norm 2.309813e-06
 20 (restart 0) KSP residual norm 1.387686e-06
 21 (restart 0) KSP residual norm 8.131370e-07
 22 (restart 0) KSP residual norm 4.641239e-07
 23 (restart 0) KSP residual norm 3.018369e-07
 24 (restart 0) KSP residual norm 2.036513e-07
 25 (restart 0) KSP residual norm 1.158473e-07
 26 (restart 0) KSP residual norm 6.537244e-08
GMRES solver converged in 26 iterations (avg. reduction factor: 4.866e-01)
  Residual norms for GMRES solve
  0 (restart 0) KSP residual norm 8.197539e+00
  1 (restart 0) KSP residual norm 5.720093e+00
  2 (restart 0) KSP residual norm 1.249331e+00
  3 (restart 0) KSP residual norm 5.815544e-01
  4 (restart 0) KSP residual norm 1.197006e-01
  5 (restart 0) KSP residual norm 1.872691e-02
  6 (restart 0) KSP residual norm 7.576626e-03
  7 (restart 0) KSP residual norm 5.800494e-03
  8 (restart 0) KSP residual norm 1.294575e-03
  9 (restart 0) KSP residual norm 2.711924e-04
 10 (restart 0) KSP residual norm 1.899286e-04
 11 (restart 0) KSP residual norm 1.110697e-04
 12 (restart 0) KSP residual norm 4.835493e-05
 13 (restart 0) KSP residual norm 3.758854e-05
 14 (restart 0) KSP residual norm 2.211145e-05
 15 (restart 0) KSP residual norm 1.303413e-05
 16 (restart 0) KSP residual norm 8.613518e-06
 17 (restart 0) KSP residual norm 5.500285e-06
 18 (restart 0) KSP residual norm 2.964035e-06
 19 (restart 0) KSP residual norm 1.762766e-06
 20 (restart 0) KSP residual norm 9.840712e-07
 21 (restart 0) KSP residual norm 5.497503e-07
 22 (restart 0) KSP residual norm 3.450777e-07
 23 (restart 0) KSP residual norm 2.212538e-07
 24 (restart 0) KSP residual norm 1.327143e-07
 25 (restart 0) KSP residual norm 8.036635e-08
GMRES solver converged in 25 iterations (avg. reduction factor: 4.783e-01)
  Residual norms for GMRES solve
  0 (restart 0) KSP residual norm 8.230802e+00
  1 (restart 0) KSP residual norm 5.746513e+00
  2 (restart 0) KSP residual norm 2.200259e+00
  3 (restart 0) KSP residual norm 1.050875e+00
  4 (restart 0) KSP residual norm 1.661804e-01
  5 (restart 0) KSP residual norm 6.135589e-02
  6 (restart 0) KSP residual norm 3.097831e-02
  7 (restart 0) KSP residual norm 1.093295e-02
  8 (restart 0) KSP residual norm 1.309909e-03
  9 (restart 0) KSP residual norm 3.213970e-04
 10 (restart 0) KSP residual norm 1.943238e-04
 11 (restart 0) KSP residual norm 1.211040e-04
 12 (restart 0) KSP residual norm 5.236270e-05
 13 (restart 0) KSP residual norm 3.908174e-05
 14 (restart 0) KSP residual norm 2.593457e-05
 15 (restart 0) KSP residual norm 1.339099e-05
 16 (restart 0) KSP residual norm 8.137568e-06
 17 (restart 0) KSP residual norm 5.658245e-06
 18 (restart 0) KSP residual norm 3.210916e-06
 19 (restart 0) KSP residual norm 1.637523e-06
 20 (restart 0) KSP residual norm 8.543576e-07
 21 (restart 0) KSP residual norm 5.137753e-07
 22 (restart 0) KSP residual norm 3.347625e-07
 23 (restart 0) KSP residual norm 1.896922e-07
 24 (restart 0) KSP residual norm 1.094973e-07
 25 (restart 0) KSP residual norm 6.204074e-08
GMRES solver converged in 25 iterations (avg. reduction factor: 4.732e-01)
  Residual norms for GMRES solve
  0 (restart 0) KSP residual norm 9.366760e+00
  1 (restart 0) KSP residual norm 5.881126e+00
  2 (restart 0) KSP residual norm 4.865387e+00
  3 (restart 0) KSP residual norm 1.296738e+00
  4 (restart 0) KSP residual norm 2.100846e-01
  5 (restart 0) KSP residual norm 1.404323e-01
  6 (restart 0) KSP residual norm 6.612644e-02
  7 (restart 0) KSP residual norm 1.659748e-02
  8 (restart 0) KSP residual norm 2.653209e-03
  9 (restart 0) KSP residual norm 5.599072e-04
 10 (restart 0) KSP residual norm 2.630880e-04
 11 (restart 0) KSP residual norm 1.382291e-04
 12 (restart 0) KSP residual norm 4.894013e-05
 13 (restart 0) KSP residual norm 2.999979e-05
 14 (restart 0) KSP residual norm 2.063722e-05
 15 (restart 0) KSP residual norm 1.213541e-05
 16 (restart 0) KSP residual norm 7.248761e-06
 17 (restart 0) KSP residual norm 4.463239e-06
 18 (restart 0) KSP residual norm 3.112713e-06
 19 (restart 0) KSP residual norm 1.702655e-06
 20 (restart 0) KSP residual norm 9.208507e-07
 21 (restart 0) KSP residual norm 5.421395e-07
 22 (restart 0) KSP residual norm 2.823119e-07
 23 (restart 0) KSP residual norm 1.735793e-07
 24 (restart 0) KSP residual norm 1.188322e-07
 25 (restart 0) KSP residual norm 6.887555e-08
GMRES solver converged in 25 iterations (avg. reduction factor: 4.728e-01)
  Residual norms for GMRES solve
  0 (restart 0) KSP residual norm 9.414532e+00
  1 (restart 0) KSP residual norm 6.687756e+00
  2 (restart 0) KSP residual norm 3.419970e+00
  3 (restart 0) KSP residual norm 9.890357e-01
  4 (restart 0) KSP residual norm 1.611848e-01
  5 (restart 0) KSP residual norm 9.130730e-02
  6 (restart 0) KSP residual norm 5.383309e-02
  7 (restart 0) KSP residual norm 1.317592e-02
  8 (restart 0) KSP residual norm 2.504654e-03
  9 (restart 0) KSP residual norm 5.381818e-04
 10 (restart 0) KSP residual norm 2.099835e-04
 11 (restart 0) KSP residual norm 1.328114e-04
 12 (restart 0) KSP residual norm 6.153328e-05
 13 (restart 0) KSP residual norm 4.407932e-05
 14 (restart 0) KSP residual norm 2.928131e-05
 15 (restart 0) KSP residual norm 1.559685e-05
 16 (restart 0) KSP residual norm 9.627185e-06
 17 (restart 0) KSP residual norm 6.422995e-06
 18 (restart 0) KSP residual norm 3.415737e-06
 19 (restart 0) KSP residual norm 1.657027e-06
 20 (restart 0) KSP residual norm 9.435567e-07
 21 (restart 0) KSP residual norm 5.543731e-07
 22 (restart 0) KSP residual norm 3.420569e-07
 23 (restart 0) KSP residual norm 2.007895e-07
 24 (restart 0) KSP residual norm 1.257489e-07
 25 (restart 0) KSP residual norm 7.010423e-08
GMRES solver converged in 25 iterations (avg. reduction factor: 4.730e-01)
  Residual norms for GMRES solve
  0 (restart 0) KSP residual norm 7.095357e+00
  1 (restart 0) KSP residual norm 5.048176e+00
  2 (restart 0) KSP residual norm 2.334429e+00
  3 (restart 0) KSP residual norm 8.248406e-01
  4 (restart 0) KSP residual norm 1.399473e-01
  5 (restart 0) KSP residual norm 7.645684e-02
  6 (restart 0) KSP residual norm 3.785861e-02
  7 (restart 0) KSP residual norm 1.030803e-02
  8 (restart 0) KSP residual norm 1.414156e-03
  9 (restart 0) KSP residual norm 3.823279e-04
 10 (restart 0) KSP residual norm 1.848467e-04
 11 (restart 0) KSP residual norm 1.088083e-04
 12 (restart 0) KSP residual norm 3.439959e-05
 13 (restart 0) KSP residual norm 1.946152e-05
 14 (restart 0) KSP residual norm 1.360616e-05
 15 (restart 0) KSP residual norm 7.957257e-06
 16 (restart 0) KSP residual norm 4.577860e-06
 17 (restart 0) KSP residual norm 2.920009e-06
 18 (restart 0) KSP residual norm 2.199096e-06
 19 (restart 0) KSP residual norm 1.243713e-06
 20 (restart 0) KSP residual norm 6.292687e-07
 21 (restart 0) KSP residual norm 3.474945e-07
 22 (restart 0) KSP residual norm 1.957962e-07
 23 (restart 0) KSP residual norm 1.266513e-07
 24 (restart 0) KSP residual norm 8.083268e-08
 25 (restart 0) KSP residual norm 4.543906e-08
GMRES solver converged in 25 iterations (avg. reduction factor: 4.702e-01)
  Residual norms for GMRES solve
  0 (restart 0) KSP residual norm 1.127138e+01
  1 (restart 0) KSP residual norm 5.524108e+00
  2 (restart 0) KSP residual norm 1.438765e+00
  3 (restart 0) KSP residual norm 6.847275e-01
  4 (restart 0) KSP residual norm 1.328457e-01
  5 (restart 0) KSP residual norm 3.883996e-02
  6 (restart 0) KSP residual norm 2.041238e-02
  7 (restart 0) KSP residual norm 8.353701e-03
  8 (restart 0) KSP residual norm 1.234247e-03
  9 (restart 0) KSP residual norm 3.421642e-04
 10 (restart 0) KSP residual norm 2.265140e-04
 11 (restart 0) KSP residual norm 1.478469e-04
 12 (restart 0) KSP residual norm 8.991616e-05
 13 (restart 0) KSP residual norm 7.085303e-05
 14 (restart 0) KSP residual norm 3.716492e-05
 15 (restart 0) KSP residual norm 2.304790e-05
 16 (restart 0) KSP residual norm 1.603419e-05
 17 (restart 0) KSP residual norm 8.726708e-06
 18 (restart 0) KSP residual norm 4.660441e-06
 19 (restart 0) KSP residual norm 2.636550e-06
 20 (restart 0) KSP residual norm 1.518365e-06
 21 (restart 0) KSP residual norm 9.043709e-07
 22 (restart 0) KSP residual norm 5.204868e-07
 23 (restart 0) KSP residual norm 3.183557e-07
 24 (restart 0) KSP residual norm 2.022126e-07
 25 (restart 0) KSP residual norm 1.063223e-07
GMRES solver converged in 25 iterations (avg. reduction factor: 4.775e-01)
  Residual norms for GMRES solve
  0 (restart 0) KSP residual norm 1.211434e+01
  1 (restart 0) KSP residual norm 7.214322e+00
  2 (restart 0) KSP residual norm 1.459532e+00
  3 (restart 0) KSP residual norm 6.161612e-01
  4 (restart 0) KSP residual norm 1.173095e-01
  5 (restart 0) KSP residual norm 3.410685e-02
  6 (restart 0) KSP residual norm 1.952195e-02
  7 (restart 0) KSP residual norm 8.162512e-03
  8 (restart 0) KSP residual norm 1.427584e-03
  9 (restart 0) KSP residual norm 4.346242e-04
 10 (restart 0) KSP residual norm 2.688508e-04
 11 (restart 0) KSP residual norm 1.873214e-04
 12 (restart 0) KSP residual norm 1.126606e-04
 13 (restart 0) KSP residual norm 8.836900e-05
 14 (restart 0) KSP residual norm 4.633694e-05
 15 (restart 0) KSP residual norm 3.057566e-05
 16 (restart 0) KSP residual norm 2.151457e-05
 17 (restart 0) KSP residual norm 1.066759e-05
 18 (restart 0) KSP residual norm 5.893931e-06
 19 (restart 0) KSP residual norm 3.565848e-06
 20 (restart 0) KSP residual norm 2.027097e-06
 21 (restart 0) KSP residual norm 1.200656e-06
 22 (restart 0) KSP residual norm 6.910089e-07
 23 (restart 0) KSP residual norm 4.310459e-07
 24 (restart 0) KSP residual norm 2.825407e-07
 25 (restart 0) KSP residual norm 1.529315e-07
 26 (restart 0) KSP residual norm 8.825619e-08
GMRES solver converged in 26 iterations (avg. reduction factor: 4.864e-01)
  Residual norms for GMRES solve
  0 (restart 0) KSP residual norm 8.232149e+00
  1 (restart 0) KSP residual norm 5.615656e+00
  2 (restart 0) KSP residual norm 1.869925e+00
  3 (restart 0) KSP residual norm 8.845236e-01
  4 (restart 0) KSP residual norm 1.339485e-01
  5 (restart 0) KSP residual norm 4.905567e-02
  6 (restart 0) KSP residual norm 2.989474e-02
  7 (restart 0) KSP residual norm 8.201858e-03
  8 (restart 0) KSP residual norm 1.433481e-03
  9 (restart 0) KSP residual norm 4.673078e-04
 10 (restart 0) KSP residual norm 3.415745e-04
 11 (restart 0) KSP residual norm 2.475937e-04
 12 (restart 0) KSP residual norm 1.402344e-04
 13 (restart 0) KSP residual norm 1.052494e-04
 14 (restart 0) KSP residual norm 5.515386e-05
 15 (restart 0) KSP residual norm 3.919082e-05
 16 (restart 0) KSP residual norm 2.553954e-05
 17 (restart 0) KSP residual norm 1.180031e-05
 18 (restart 0) KSP residual norm 7.128630e-06
 19 (restart 0) KSP residual norm 4.380010e-06
 20 (restart 0) KSP residual norm 2.418844e-06
 21 (restart 0) KSP residual norm 1.319243e-06
 22 (restart 0) KSP residual norm 7.641591e-07
 23 (restart 0) KSP residual norm 5.280780e-07
 24 (restart 0) KSP residual norm 3.207306e-07
 25 (restart 0) KSP residual norm 1.739010e-07
 26 (restart 0) KSP residual norm 1.019150e-07
 27 (restart 0) KSP residual norm 5.737991e-08
GMRES solver converged in 27 iterations (avg. reduction factor: 4.988e-01)
  Residual norms for GMRES solve
  0 (restart 0) KSP residual norm 5.768885e+00
  1 (restart 0) KSP residual norm 3.974772e+00
  2 (restart 0) KSP residual norm 1.332839e+00
  3 (restart 0) KSP residual norm 6.308300e-01
  4 (restart 0) KSP residual norm 1.451818e-01
  5 (restart 0) KSP residual norm 3.885835e-02
  6 (restart 0) KSP residual norm 1.877675e-02
  7 (restart 0) KSP residual norm 5.534955e-03
  8 (restart 0) KSP residual norm 1.325736e-03
  9 (restart 0) KSP residual norm 2.441841e-04
 10 (restart 0) KSP residual norm 1.449297e-04
 11 (restart 0) KSP residual norm 1.014213e-04
 12 (restart 0) KSP residual norm 4.461240e-05
 13 (restart 0) KSP residual norm 3.405858e-05
 14 (restart 0) KSP residual norm 2.155331e-05
 15 (restart 0) KSP residual norm 1.215609e-05
 16 (restart 0) KSP residual norm 8.192799e-06
 17 (restart 0) KSP residual norm 4.933024e-06
 18 (restart 0) KSP residual norm 2.910616e-06
 19 (restart 0) KSP residual norm 1.664173e-06
 20 (restart 0) KSP residual norm 9.315594e-07
 21 (restart 0) KSP residual norm 5.202288e-07
 22 (restart 0) KSP residual norm 2.590495e-07
 23 (restart 0) KSP residual norm 1.624605e-07
 24 (restart 0) KSP residual norm 1.068852e-07
 25 (restart 0) KSP residual norm 6.086591e-08
 26 (restart 0) KSP residual norm 3.650688e-08
GMRES solver converged in 26 iterations (avg. reduction factor: 4.838e-01)
  Residual norms for GMRES solve
  0 (restart 0) KSP residual norm 4.985466e+00
  1 (restart 0) KSP residual norm 2.376223e+00
  2 (restart 0) KSP residual norm 7.767290e-01
  3 (restart 0) KSP residual norm 3.195275e-01
  4 (restart 0) KSP residual norm 9.952099e-02
  5 (restart 0) KSP residual norm 2.859641e-02
  6 (restart 0) KSP residual norm 1.267338e-02
  7 (restart 0) KSP residual norm 3.484933e-03
  8 (restart 0) KSP residual norm 8.174895e-04
  9 (restart 0) KSP residual norm 2.789177e-04
 10 (restart 0) KSP residual norm 1.824584e-04
 11 (restart 0) KSP residual norm 1.189437e-04
 12 (restart 0) KSP residual norm 7.092676e-05
 13 (restart 0) KSP residual norm 5.039336e-05
 14 (restart 0) KSP residual norm 3.067960e-05
 15 (restart 0) KSP residual norm 2.049568e-05
 16 (restart 0) KSP residual norm 1.488534e-05
 17 (restart 0) KSP residual norm 6.747090e-06
 18 (restart 0) KSP residual norm 4.118902e-06
 19 (restart 0) KSP residual norm 2.644607e-06
 20 (restart 0) KSP residual norm 1.419810e-06
 21 (restart 0) KSP residual norm 8.180962e-07
 22 (restart 0) KSP residual norm 5.128379e-07
 23 (restart 0) KSP residual norm 3.079117e-07
 24 (restart 0) KSP residual norm 2.005917e-07
 25 (restart 0) KSP residual norm 1.123372e-07
 26 (restart 0) KSP residual norm 6.604843e-08
 27 (restart 0) KSP residual norm 3.897290e-08
GMRES solver converged in 27 iterations (avg. reduction factor: 5.009e-01)
  1 EPS nconv=2 first unconverged value (error) -3.74311e-06+0.124244i (3.74817656e-03)
  Residual norms for GMRES solve
  0 (restart 0) KSP residual norm 5.616214e+00
  1 (restart 0) KSP residual norm 3.644461e+00
  2 (restart 0) KSP residual norm 1.221933e+00
  3 (restart 0) KSP residual norm 5.884626e-01
  4 (restart 0) KSP residual norm 1.504131e-01
  5 (restart 0) KSP residual norm 2.433667e-02
  6 (restart 0) KSP residual norm 1.533546e-02
  7 (restart 0) KSP residual norm 6.771345e-03
  8 (restart 0) KSP residual norm 1.643481e-03
  9 (restart 0) KSP residual norm 3.076863e-04
 10 (restart 0) KSP residual norm 1.725209e-04
 11 (restart 0) KSP residual norm 1.324560e-04
 12 (restart 0) KSP residual norm 7.495245e-05
 13 (restart 0) KSP residual norm 5.871015e-05
 14 (restart 0) KSP residual norm 3.430887e-05
 15 (restart 0) KSP residual norm 1.957850e-05
 16 (restart 0) KSP residual norm 1.426153e-05
 17 (restart 0) KSP residual norm 8.067258e-06
 18 (restart 0) KSP residual norm 3.920505e-06
 19 (restart 0) KSP residual norm 2.440643e-06
 20 (restart 0) KSP residual norm 1.403469e-06
 21 (restart 0) KSP residual norm 8.405198e-07
 22 (restart 0) KSP residual norm 5.194912e-07
 23 (restart 0) KSP residual norm 3.288117e-07
 24 (restart 0) KSP residual norm 1.888656e-07
 25 (restart 0) KSP residual norm 9.378983e-08
 26 (restart 0) KSP residual norm 5.746610e-08
 27 (restart 0) KSP residual norm 3.493682e-08
GMRES solver converged in 27 iterations (avg. reduction factor: 4.967e-01)
  Residual norms for GMRES solve
  0 (restart 0) KSP residual norm 2.613383e+01
  1 (restart 0) KSP residual norm 2.393544e+01
  2 (restart 0) KSP residual norm 1.048746e+01
  3 (restart 0) KSP residual norm 1.264737e+00
  4 (restart 0) KSP residual norm 5.366970e-01
  5 (restart 0) KSP residual norm 3.809137e-01
  6 (restart 0) KSP residual norm 1.160954e-01
  7 (restart 0) KSP residual norm 2.231368e-02
  8 (restart 0) KSP residual norm 3.082209e-03
  9 (restart 0) KSP residual norm 1.311173e-03
 10 (restart 0) KSP residual norm 5.834379e-04
 11 (restart 0) KSP residual norm 2.197008e-04
 12 (restart 0) KSP residual norm 5.803713e-05
 13 (restart 0) KSP residual norm 1.941489e-05
 14 (restart 0) KSP residual norm 7.189641e-06
 15 (restart 0) KSP residual norm 3.470043e-06
 16 (restart 0) KSP residual norm 2.169392e-06
 17 (restart 0) KSP residual norm 1.448843e-06
 18 (restart 0) KSP residual norm 7.793097e-07
 19 (restart 0) KSP residual norm 4.037606e-07
 20 (restart 0) KSP residual norm 2.539325e-07
GMRES solver converged in 20 iterations (avg. reduction factor: 3.975e-01)
  Residual norms for GMRES solve
  0 (restart 0) KSP residual norm 2.727823e+01
  1 (restart 0) KSP residual norm 2.541826e+01
  2 (restart 0) KSP residual norm 1.032560e+01
  3 (restart 0) KSP residual norm 1.258811e+00
  4 (restart 0) KSP residual norm 5.759066e-01
  5 (restart 0) KSP residual norm 3.791123e-01
  6 (restart 0) KSP residual norm 1.075849e-01
  7 (restart 0) KSP residual norm 2.326334e-02
  8 (restart 0) KSP residual norm 3.383384e-03
  9 (restart 0) KSP residual norm 1.394510e-03
 10 (restart 0) KSP residual norm 6.150896e-04
 11 (restart 0) KSP residual norm 2.518675e-04
 12 (restart 0) KSP residual norm 6.466311e-05
 13 (restart 0) KSP residual norm 2.467026e-05
 14 (restart 0) KSP residual norm 8.193987e-06
 15 (restart 0) KSP residual norm 3.999430e-06
 16 (restart 0) KSP residual norm 2.683000e-06
 17 (restart 0) KSP residual norm 1.805928e-06
 18 (restart 0) KSP residual norm 1.021507e-06
 19 (restart 0) KSP residual norm 5.811416e-07
 20 (restart 0) KSP residual norm 3.829126e-07
 21 (restart 0) KSP residual norm 2.082909e-07
GMRES solver converged in 21 iterations (avg. reduction factor: 4.106e-01)
  Residual norms for GMRES solve
  0 (restart 0) KSP residual norm 1.025313e+01
  1 (restart 0) KSP residual norm 8.321916e+00
  2 (restart 0) KSP residual norm 5.720202e+00
  3 (restart 0) KSP residual norm 1.041423e+00
  4 (restart 0) KSP residual norm 2.081036e-01
  5 (restart 0) KSP residual norm 1.416657e-01
  6 (restart 0) KSP residual norm 4.655547e-02
  7 (restart 0) KSP residual norm 1.095540e-02
  8 (restart 0) KSP residual norm 1.921870e-03
  9 (restart 0) KSP residual norm 6.310746e-04
 10 (restart 0) KSP residual norm 3.589422e-04
 11 (restart 0) KSP residual norm 2.037911e-04
 12 (restart 0) KSP residual norm 1.011692e-04
 13 (restart 0) KSP residual norm 7.529235e-05
 14 (restart 0) KSP residual norm 4.449070e-05
 15 (restart 0) KSP residual norm 2.437938e-05
 16 (restart 0) KSP residual norm 1.522338e-05
 17 (restart 0) KSP residual norm 1.059091e-05
 18 (restart 0) KSP residual norm 5.763611e-06
 19 (restart 0) KSP residual norm 2.852948e-06
 20 (restart 0) KSP residual norm 1.581998e-06
 21 (restart 0) KSP residual norm 9.778201e-07
 22 (restart 0) KSP residual norm 5.944141e-07
 23 (restart 0) KSP residual norm 3.627512e-07
 24 (restart 0) KSP residual norm 2.194109e-07
 25 (restart 0) KSP residual norm 1.125576e-07
 26 (restart 0) KSP residual norm 6.559024e-08
GMRES solver converged in 26 iterations (avg. reduction factor: 4.840e-01)
  Residual norms for GMRES solve
  0 (restart 0) KSP residual norm 3.477975e+01
  1 (restart 0) KSP residual norm 3.258372e+01
  2 (restart 0) KSP residual norm 1.051147e+01
  3 (restart 0) KSP residual norm 1.394572e+00
  4 (restart 0) KSP residual norm 7.625984e-01
  5 (restart 0) KSP residual norm 5.211485e-01
  6 (restart 0) KSP residual norm 8.567108e-02
  7 (restart 0) KSP residual norm 1.633175e-02
  8 (restart 0) KSP residual norm 4.078613e-03
  9 (restart 0) KSP residual norm 2.014600e-03
 10 (restart 0) KSP residual norm 7.762802e-04
 11 (restart 0) KSP residual norm 2.630951e-04
 12 (restart 0) KSP residual norm 7.838132e-05
 13 (restart 0) KSP residual norm 2.969564e-05
 14 (restart 0) KSP residual norm 1.330696e-05
 15 (restart 0) KSP residual norm 8.824748e-06
 16 (restart 0) KSP residual norm 6.255958e-06
 17 (restart 0) KSP residual norm 3.233136e-06
 18 (restart 0) KSP residual norm 1.914158e-06
 19 (restart 0) KSP residual norm 1.181345e-06
 20 (restart 0) KSP residual norm 6.632469e-07
 21 (restart 0) KSP residual norm 3.823292e-07
 22 (restart 0) KSP residual norm 2.188197e-07
GMRES solver converged in 22 iterations (avg. reduction factor: 4.239e-01)
  Residual norms for GMRES solve
  0 (restart 0) KSP residual norm 1.097966e+01
  1 (restart 0) KSP residual norm 7.833304e+00
  2 (restart 0) KSP residual norm 5.505502e+00
  3 (restart 0) KSP residual norm 1.274024e+00
  4 (restart 0) KSP residual norm 2.579538e-01
  5 (restart 0) KSP residual norm 1.514414e-01
  6 (restart 0) KSP residual norm 6.795848e-02
  7 (restart 0) KSP residual norm 1.602977e-02
  8 (restart 0) KSP residual norm 2.631904e-03
  9 (restart 0) KSP residual norm 6.514554e-04
 10 (restart 0) KSP residual norm 3.394213e-04
 11 (restart 0) KSP residual norm 1.613390e-04
 12 (restart 0) KSP residual norm 4.714406e-05
 13 (restart 0) KSP residual norm 2.458955e-05
 14 (restart 0) KSP residual norm 1.636499e-05
 15 (restart 0) KSP residual norm 1.147834e-05
 16 (restart 0) KSP residual norm 6.213373e-06
 17 (restart 0) KSP residual norm 3.593047e-06
 18 (restart 0) KSP residual norm 2.478631e-06
 19 (restart 0) KSP residual norm 1.369585e-06
 20 (restart 0) KSP residual norm 6.008502e-07
 21 (restart 0) KSP residual norm 2.876222e-07
 22 (restart 0) KSP residual norm 1.708721e-07
 23 (restart 0) KSP residual norm 1.150880e-07
 24 (restart 0) KSP residual norm 6.277544e-08
GMRES solver converged in 24 iterations (avg. reduction factor: 4.535e-01)
  Residual norms for GMRES solve
  0 (restart 0) KSP residual norm 5.938313e+00
  1 (restart 0) KSP residual norm 3.933932e+00
  2 (restart 0) KSP residual norm 1.100852e+00
  3 (restart 0) KSP residual norm 5.024920e-01
  4 (restart 0) KSP residual norm 1.103192e-01
  5 (restart 0) KSP residual norm 2.075390e-02
  6 (restart 0) KSP residual norm 1.047470e-02
  7 (restart 0) KSP residual norm 7.595177e-03
  8 (restart 0) KSP residual norm 1.815863e-03
  9 (restart 0) KSP residual norm 3.786040e-04
 10 (restart 0) KSP residual norm 2.119957e-04
 11 (restart 0) KSP residual norm 1.585515e-04
 12 (restart 0) KSP residual norm 9.329173e-05
 13 (restart 0) KSP residual norm 7.215197e-05
 14 (restart 0) KSP residual norm 4.141993e-05
 15 (restart 0) KSP residual norm 2.367690e-05
 16 (restart 0) KSP residual norm 1.683374e-05
 17 (restart 0) KSP residual norm 1.005496e-05
 18 (restart 0) KSP residual norm 4.835365e-06
 19 (restart 0) KSP residual norm 2.956219e-06
 20 (restart 0) KSP residual norm 1.727800e-06
 21 (restart 0) KSP residual norm 1.012971e-06
 22 (restart 0) KSP residual norm 6.248813e-07
 23 (restart 0) KSP residual norm 4.097061e-07
 24 (restart 0) KSP residual norm 2.220968e-07
 25 (restart 0) KSP residual norm 1.142020e-07
 26 (restart 0) KSP residual norm 7.005933e-08
 27 (restart 0) KSP residual norm 4.049695e-08
GMRES solver converged in 27 iterations (avg. reduction factor: 4.984e-01)
  Residual norms for GMRES solve
  0 (restart 0) KSP residual norm 9.052418e+00
  1 (restart 0) KSP residual norm 6.033187e+00
  2 (restart 0) KSP residual norm 2.123296e+00
  3 (restart 0) KSP residual norm 9.018407e-01
  4 (restart 0) KSP residual norm 1.370736e-01
  5 (restart 0) KSP residual norm 4.907792e-02
  6 (restart 0) KSP residual norm 3.352991e-02
  7 (restart 0) KSP residual norm 1.241898e-02
  8 (restart 0) KSP residual norm 2.047168e-03
  9 (restart 0) KSP residual norm 4.193597e-04
 10 (restart 0) KSP residual norm 2.001228e-04
 11 (restart 0) KSP residual norm 1.445691e-04
 12 (restart 0) KSP residual norm 8.650972e-05
 13 (restart 0) KSP residual norm 6.428702e-05
 14 (restart 0) KSP residual norm 3.860390e-05
 15 (restart 0) KSP residual norm 2.151519e-05
 16 (restart 0) KSP residual norm 1.414242e-05
 17 (restart 0) KSP residual norm 8.532200e-06
 18 (restart 0) KSP residual norm 4.330266e-06
 19 (restart 0) KSP residual norm 2.473200e-06
 20 (restart 0) KSP residual norm 1.432119e-06
 21 (restart 0) KSP residual norm 8.311283e-07
 22 (restart 0) KSP residual norm 4.841289e-07
 23 (restart 0) KSP residual norm 3.091247e-07
 24 (restart 0) KSP residual norm 1.929562e-07
 25 (restart 0) KSP residual norm 9.670364e-08
 26 (restart 0) KSP residual norm 5.658632e-08
GMRES solver converged in 26 iterations (avg. reduction factor: 4.836e-01)
  Residual norms for GMRES solve
  0 (restart 0) KSP residual norm 8.165688e+00
  1 (restart 0) KSP residual norm 5.602401e+00
  2 (restart 0) KSP residual norm 2.346402e+00
  3 (restart 0) KSP residual norm 9.847664e-01
  4 (restart 0) KSP residual norm 1.126998e-01
  5 (restart 0) KSP residual norm 4.327384e-02
  6 (restart 0) KSP residual norm 2.604567e-02
  7 (restart 0) KSP residual norm 1.072679e-02
  8 (restart 0) KSP residual norm 2.016185e-03
  9 (restart 0) KSP residual norm 5.063218e-04
 10 (restart 0) KSP residual norm 2.654029e-04
 11 (restart 0) KSP residual norm 2.079419e-04
 12 (restart 0) KSP residual norm 1.151459e-04
 13 (restart 0) KSP residual norm 8.600040e-05
 14 (restart 0) KSP residual norm 4.980539e-05
 15 (restart 0) KSP residual norm 2.989063e-05
 16 (restart 0) KSP residual norm 2.006333e-05
 17 (restart 0) KSP residual norm 1.132752e-05
 18 (restart 0) KSP residual norm 5.768889e-06
 19 (restart 0) KSP residual norm 3.564225e-06
 20 (restart 0) KSP residual norm 1.998243e-06
 21 (restart 0) KSP residual norm 1.212002e-06
 22 (restart 0) KSP residual norm 7.147429e-07
 23 (restart 0) KSP residual norm 4.578898e-07
 24 (restart 0) KSP residual norm 2.573342e-07
 25 (restart 0) KSP residual norm 1.355428e-07
 26 (restart 0) KSP residual norm 8.227475e-08
 27 (restart 0) KSP residual norm 4.958264e-08
GMRES solver converged in 27 iterations (avg. reduction factor: 4.962e-01)
  Residual norms for GMRES solve
  0 (restart 0) KSP residual norm 7.175080e+00
  1 (restart 0) KSP residual norm 4.707992e+00
  2 (restart 0) KSP residual norm 1.497349e+00
  3 (restart 0) KSP residual norm 8.184454e-01
  4 (restart 0) KSP residual norm 1.018878e-01
  5 (restart 0) KSP residual norm 2.822963e-02
  6 (restart 0) KSP residual norm 1.763009e-02
  7 (restart 0) KSP residual norm 1.084136e-02
  8 (restart 0) KSP residual norm 2.062421e-03
  9 (restart 0) KSP residual norm 4.109814e-04
 10 (restart 0) KSP residual norm 2.036261e-04
 11 (restart 0) KSP residual norm 1.529559e-04
 12 (restart 0) KSP residual norm 8.913058e-05
 13 (restart 0) KSP residual norm 6.683504e-05
 14 (restart 0) KSP residual norm 3.863178e-05
 15 (restart 0) KSP residual norm 2.324821e-05
 16 (restart 0) KSP residual norm 1.506468e-05
 17 (restart 0) KSP residual norm 8.471025e-06
 18 (restart 0) KSP residual norm 4.228953e-06
 19 (restart 0) KSP residual norm 2.471732e-06
 20 (restart 0) KSP residual norm 1.368886e-06
 21 (restart 0) KSP residual norm 8.245654e-07
 22 (restart 0) KSP residual norm 4.920890e-07
 23 (restart 0) KSP residual norm 3.143709e-07
 24 (restart 0) KSP residual norm 1.890103e-07
 25 (restart 0) KSP residual norm 9.927761e-08
 26 (restart 0) KSP residual norm 5.897308e-08
GMRES solver converged in 26 iterations (avg. reduction factor: 4.887e-01)
  Residual norms for GMRES solve
  0 (restart 0) KSP residual norm 7.585420e+00
  1 (restart 0) KSP residual norm 4.283605e+00
  2 (restart 0) KSP residual norm 8.492933e-01
  3 (restart 0) KSP residual norm 4.425587e-01
  4 (restart 0) KSP residual norm 1.212688e-01
  5 (restart 0) KSP residual norm 4.291116e-02
  6 (restart 0) KSP residual norm 1.192657e-02
  7 (restart 0) KSP residual norm 3.811008e-03
  8 (restart 0) KSP residual norm 8.564100e-04
  9 (restart 0) KSP residual norm 3.517326e-04
 10 (restart 0) KSP residual norm 2.095750e-04
 11 (restart 0) KSP residual norm 1.410568e-04
 12 (restart 0) KSP residual norm 9.650820e-05
 13 (restart 0) KSP residual norm 5.190191e-05
 14 (restart 0) KSP residual norm 3.481336e-05
 15 (restart 0) KSP residual norm 2.168021e-05
 16 (restart 0) KSP residual norm 1.282684e-05
 17 (restart 0) KSP residual norm 8.869977e-06
 18 (restart 0) KSP residual norm 5.171269e-06
 19 (restart 0) KSP residual norm 2.910425e-06
 20 (restart 0) KSP residual norm 1.894189e-06
 21 (restart 0) KSP residual norm 1.102999e-06
 22 (restart 0) KSP residual norm 6.683629e-07
 23 (restart 0) KSP residual norm 4.558729e-07
 24 (restart 0) KSP residual norm 2.518948e-07
 25 (restart 0) KSP residual norm 1.261620e-07
 26 (restart 0) KSP residual norm 7.620904e-08
 27 (restart 0) KSP residual norm 4.516047e-08
GMRES solver converged in 27 iterations (avg. reduction factor: 4.959e-01)
  2 EPS nconv=4 first unconverged value (error) -8.33412e-07+0.128833i (2.04022927e-03)
  Residual norms for GMRES solve
  0 (restart 0) KSP residual norm 4.900757e+00
  1 (restart 0) KSP residual norm 3.160836e+00
  2 (restart 0) KSP residual norm 5.169268e-01
  3 (restart 0) KSP residual norm 2.542422e-01
  4 (restart 0) KSP residual norm 6.516826e-02
  5 (restart 0) KSP residual norm 2.628607e-02
  6 (restart 0) KSP residual norm 1.033788e-02
  7 (restart 0) KSP residual norm 2.895354e-03
  8 (restart 0) KSP residual norm 8.665952e-04
  9 (restart 0) KSP residual norm 5.517307e-04
 10 (restart 0) KSP residual norm 3.603863e-04
 11 (restart 0) KSP residual norm 2.093818e-04
 12 (restart 0) KSP residual norm 1.396692e-04
 13 (restart 0) KSP residual norm 9.281717e-05
 14 (restart 0) KSP residual norm 6.232325e-05
 15 (restart 0) KSP residual norm 3.809260e-05
 16 (restart 0) KSP residual norm 2.017340e-05
 17 (restart 0) KSP residual norm 1.264462e-05
 18 (restart 0) KSP residual norm 7.904085e-06
 19 (restart 0) KSP residual norm 4.490781e-06
 20 (restart 0) KSP residual norm 2.739977e-06
 21 (restart 0) KSP residual norm 1.718366e-06
 22 (restart 0) KSP residual norm 1.021322e-06
 23 (restart 0) KSP residual norm 6.354430e-07
 24 (restart 0) KSP residual norm 3.512649e-07
 25 (restart 0) KSP residual norm 2.023804e-07
 26 (restart 0) KSP residual norm 1.201949e-07
 27 (restart 0) KSP residual norm 7.065356e-08
 28 (restart 0) KSP residual norm 4.389294e-08
GMRES solver converged in 28 iterations (avg. reduction factor: 5.159e-01)
  Residual norms for GMRES solve
  0 (restart 0) KSP residual norm 1.938625e+01
  1 (restart 0) KSP residual norm 1.762228e+01
  2 (restart 0) KSP residual norm 9.127531e+00
  3 (restart 0) KSP residual norm 8.828820e-01
  4 (restart 0) KSP residual norm 3.757109e-01
  5 (restart 0) KSP residual norm 2.690628e-01
  6 (restart 0) KSP residual norm 8.025064e-02
  7 (restart 0) KSP residual norm 1.086481e-02
  8 (restart 0) KSP residual norm 2.445270e-03
  9 (restart 0) KSP residual norm 1.150753e-03
 10 (restart 0) KSP residual norm 5.773635e-04
 11 (restart 0) KSP residual norm 2.044328e-04
 12 (restart 0) KSP residual norm 1.120964e-04
 13 (restart 0) KSP residual norm 8.172901e-05
 14 (restart 0) KSP residual norm 5.373562e-05
 15 (restart 0) KSP residual norm 2.933124e-05
 16 (restart 0) KSP residual norm 1.722985e-05
 17 (restart 0) KSP residual norm 1.254213e-05
 18 (restart 0) KSP residual norm 7.292900e-06
 19 (restart 0) KSP residual norm 3.373465e-06
 20 (restart 0) KSP residual norm 1.694660e-06
 21 (restart 0) KSP residual norm 1.052634e-06
 22 (restart 0) KSP residual norm 6.539990e-07
 23 (restart 0) KSP residual norm 3.820292e-07
 24 (restart 0) KSP residual norm 2.277242e-07
 25 (restart 0) KSP residual norm 1.274249e-07
GMRES solver converged in 25 iterations (avg. reduction factor: 4.707e-01)
  Residual norms for GMRES solve
  0 (restart 0) KSP residual norm 3.092077e+01
  1 (restart 0) KSP residual norm 2.861882e+01
  2 (restart 0) KSP residual norm 1.010057e+01
  3 (restart 0) KSP residual norm 1.105317e+00
  4 (restart 0) KSP residual norm 6.107005e-01
  5 (restart 0) KSP residual norm 3.476535e-01
  6 (restart 0) KSP residual norm 6.730732e-02
  7 (restart 0) KSP residual norm 1.339742e-02
  8 (restart 0) KSP residual norm 3.211167e-03
  9 (restart 0) KSP residual norm 1.707810e-03
 10 (restart 0) KSP residual norm 7.300023e-04
 11 (restart 0) KSP residual norm 2.497549e-04
 12 (restart 0) KSP residual norm 9.728810e-05
 13 (restart 0) KSP residual norm 6.263850e-05
 14 (restart 0) KSP residual norm 4.481746e-05
 15 (restart 0) KSP residual norm 2.629692e-05
 16 (restart 0) KSP residual norm 1.431406e-05
 17 (restart 0) KSP residual norm 9.476580e-06
 18 (restart 0) KSP residual norm 6.391744e-06
 19 (restart 0) KSP residual norm 3.186984e-06
 20 (restart 0) KSP residual norm 1.504128e-06
 21 (restart 0) KSP residual norm 8.584176e-07
 22 (restart 0) KSP residual norm 5.775468e-07
 23 (restart 0) KSP residual norm 3.514653e-07
 24 (restart 0) KSP residual norm 2.019538e-07
GMRES solver converged in 24 iterations (avg. reduction factor: 4.560e-01)
  Residual norms for GMRES solve
  0 (restart 0) KSP residual norm 6.669450e+00
  1 (restart 0) KSP residual norm 5.530090e+00
  2 (restart 0) KSP residual norm 3.679051e+00
  3 (restart 0) KSP residual norm 5.919080e-01
  4 (restart 0) KSP residual norm 1.045227e-01
  5 (restart 0) KSP residual norm 5.143770e-02
  6 (restart 0) KSP residual norm 2.545446e-02
  7 (restart 0) KSP residual norm 7.824176e-03
  8 (restart 0) KSP residual norm 2.211155e-03
  9 (restart 0) KSP residual norm 6.318288e-04
 10 (restart 0) KSP residual norm 4.679317e-04
 11 (restart 0) KSP residual norm 3.137989e-04
 12 (restart 0) KSP residual norm 1.622545e-04
 13 (restart 0) KSP residual norm 1.249315e-04
 14 (restart 0) KSP residual norm 7.581345e-05
 15 (restart 0) KSP residual norm 4.698602e-05
 16 (restart 0) KSP residual norm 2.997700e-05
 17 (restart 0) KSP residual norm 1.584128e-05
 18 (restart 0) KSP residual norm 9.101654e-06
 19 (restart 0) KSP residual norm 5.700488e-06
 20 (restart 0) KSP residual norm 3.109542e-06
 21 (restart 0) KSP residual norm 1.930153e-06
 22 (restart 0) KSP residual norm 1.202451e-06
 23 (restart 0) KSP residual norm 7.444708e-07
 24 (restart 0) KSP residual norm 3.967594e-07
 25 (restart 0) KSP residual norm 2.270937e-07
 26 (restart 0) KSP residual norm 1.393401e-07
 27 (restart 0) KSP residual norm 7.820481e-08
 28 (restart 0) KSP residual norm 4.814684e-08
GMRES solver converged in 28 iterations (avg. reduction factor: 5.120e-01)
  Residual norms for GMRES solve
  0 (restart 0) KSP residual norm 3.658551e+01
  1 (restart 0) KSP residual norm 3.340613e+01
  2 (restart 0) KSP residual norm 9.977533e+00
  3 (restart 0) KSP residual norm 1.296889e+00
  4 (restart 0) KSP residual norm 6.782297e-01
  5 (restart 0) KSP residual norm 4.055012e-01
  6 (restart 0) KSP residual norm 8.920409e-02
  7 (restart 0) KSP residual norm 1.683578e-02
  8 (restart 0) KSP residual norm 3.502921e-03
  9 (restart 0) KSP residual norm 1.441941e-03
 10 (restart 0) KSP residual norm 6.291531e-04
 11 (restart 0) KSP residual norm 2.286077e-04
 12 (restart 0) KSP residual norm 7.693413e-05
 13 (restart 0) KSP residual norm 4.226310e-05
 14 (restart 0) KSP residual norm 3.029723e-05
 15 (restart 0) KSP residual norm 1.961365e-05
 16 (restart 0) KSP residual norm 1.068550e-05
 17 (restart 0) KSP residual norm 6.485061e-06
 18 (restart 0) KSP residual norm 4.283461e-06
 19 (restart 0) KSP residual norm 2.232455e-06
 20 (restart 0) KSP residual norm 1.173519e-06
 21 (restart 0) KSP residual norm 6.533044e-07
 22 (restart 0) KSP residual norm 4.223560e-07
 23 (restart 0) KSP residual norm 2.707834e-07
GMRES solver converged in 23 iterations (avg. reduction factor: 4.431e-01)
  Residual norms for GMRES solve
  0 (restart 0) KSP residual norm 1.150544e+01
  1 (restart 0) KSP residual norm 9.158181e+00
  2 (restart 0) KSP residual norm 5.818331e+00
  3 (restart 0) KSP residual norm 8.359581e-01
  4 (restart 0) KSP residual norm 2.071514e-01
  5 (restart 0) KSP residual norm 1.382295e-01
  6 (restart 0) KSP residual norm 6.884859e-02
  7 (restart 0) KSP residual norm 1.233025e-02
  8 (restart 0) KSP residual norm 2.363349e-03
  9 (restart 0) KSP residual norm 5.042562e-04
 10 (restart 0) KSP residual norm 2.478978e-04
 11 (restart 0) KSP residual norm 1.246631e-04
 12 (restart 0) KSP residual norm 5.556311e-05
 13 (restart 0) KSP residual norm 3.965660e-05
 14 (restart 0) KSP residual norm 2.572401e-05
 15 (restart 0) KSP residual norm 1.475539e-05
 16 (restart 0) KSP residual norm 7.817893e-06
 17 (restart 0) KSP residual norm 5.560725e-06
 18 (restart 0) KSP residual norm 3.337643e-06
 19 (restart 0) KSP residual norm 1.742306e-06
 20 (restart 0) KSP residual norm 1.018378e-06
 21 (restart 0) KSP residual norm 6.637695e-07
 22 (restart 0) KSP residual norm 3.994730e-07
 23 (restart 0) KSP residual norm 2.404259e-07
 24 (restart 0) KSP residual norm 1.401984e-07
 25 (restart 0) KSP residual norm 7.670370e-08
GMRES solver converged in 25 iterations (avg. reduction factor: 4.709e-01)
  Residual norms for GMRES solve
  0 (restart 0) KSP residual norm 9.138070e+00
  1 (restart 0) KSP residual norm 5.801828e+00
  2 (restart 0) KSP residual norm 2.727570e+00
  3 (restart 0) KSP residual norm 6.809819e-01
  4 (restart 0) KSP residual norm 1.228289e-01
  5 (restart 0) KSP residual norm 6.852120e-02
  6 (restart 0) KSP residual norm 3.741921e-02
  7 (restart 0) KSP residual norm 8.335171e-03
  8 (restart 0) KSP residual norm 1.778287e-03
  9 (restart 0) KSP residual norm 3.850513e-04
 10 (restart 0) KSP residual norm 2.321083e-04
 11 (restart 0) KSP residual norm 1.689316e-04
 12 (restart 0) KSP residual norm 1.025387e-04
 13 (restart 0) KSP residual norm 6.994653e-05
 14 (restart 0) KSP residual norm 4.094896e-05
 15 (restart 0) KSP residual norm 2.766005e-05
 16 (restart 0) KSP residual norm 1.710470e-05
 17 (restart 0) KSP residual norm 8.622686e-06
 18 (restart 0) KSP residual norm 4.614496e-06
 19 (restart 0) KSP residual norm 2.860026e-06
 20 (restart 0) KSP residual norm 1.553717e-06
 21 (restart 0) KSP residual norm 9.231697e-07
 22 (restart 0) KSP residual norm 5.463636e-07
 23 (restart 0) KSP residual norm 3.482531e-07
 24 (restart 0) KSP residual norm 2.036234e-07
 25 (restart 0) KSP residual norm 1.126560e-07
 26 (restart 0) KSP residual norm 7.085506e-08
GMRES solver converged in 26 iterations (avg. reduction factor: 4.876e-01)
  Residual norms for GMRES solve
  0 (restart 0) KSP residual norm 9.369044e+00
  1 (restart 0) KSP residual norm 6.087453e+00
  2 (restart 0) KSP residual norm 3.112791e+00
  3 (restart 0) KSP residual norm 8.660164e-01
  4 (restart 0) KSP residual norm 1.428373e-01
  5 (restart 0) KSP residual norm 8.738798e-02
  6 (restart 0) KSP residual norm 4.404441e-02
  7 (restart 0) KSP residual norm 1.128402e-02
  8 (restart 0) KSP residual norm 2.053180e-03
  9 (restart 0) KSP residual norm 5.997743e-04
 10 (restart 0) KSP residual norm 3.994972e-04
 11 (restart 0) KSP residual norm 2.901755e-04
 12 (restart 0) KSP residual norm 1.757052e-04
 13 (restart 0) KSP residual norm 1.233554e-04
 14 (restart 0) KSP residual norm 6.875000e-05
 15 (restart 0) KSP residual norm 4.270864e-05
 16 (restart 0) KSP residual norm 2.830959e-05
 17 (restart 0) KSP residual norm 1.546525e-05
 18 (restart 0) KSP residual norm 8.430813e-06
 19 (restart 0) KSP residual norm 5.017352e-06
 20 (restart 0) KSP residual norm 2.852619e-06
 21 (restart 0) KSP residual norm 1.742508e-06
 22 (restart 0) KSP residual norm 1.068271e-06
 23 (restart 0) KSP residual norm 6.657547e-07
 24 (restart 0) KSP residual norm 3.587013e-07
 25 (restart 0) KSP residual norm 1.883669e-07
 26 (restart 0) KSP residual norm 1.174739e-07
 27 (restart 0) KSP residual norm 6.784575e-08
GMRES solver converged in 27 iterations (avg. reduction factor: 4.995e-01)
  Residual norms for GMRES solve
  0 (restart 0) KSP residual norm 7.284183e+00
  1 (restart 0) KSP residual norm 5.153019e+00
  2 (restart 0) KSP residual norm 2.058315e+00
  3 (restart 0) KSP residual norm 9.942665e-01
  4 (restart 0) KSP residual norm 1.619152e-01
  5 (restart 0) KSP residual norm 5.710726e-02
  6 (restart 0) KSP residual norm 3.490303e-02
  7 (restart 0) KSP residual norm 7.902292e-03
  8 (restart 0) KSP residual norm 1.579668e-03
  9 (restart 0) KSP residual norm 3.989459e-04
 10 (restart 0) KSP residual norm 2.568246e-04
 11 (restart 0) KSP residual norm 1.906695e-04
 12 (restart 0) KSP residual norm 1.165522e-04
 13 (restart 0) KSP residual norm 8.372988e-05
 14 (restart 0) KSP residual norm 4.661383e-05
 15 (restart 0) KSP residual norm 3.082563e-05
 16 (restart 0) KSP residual norm 1.884120e-05
 17 (restart 0) KSP residual norm 9.636018e-06
 18 (restart 0) KSP residual norm 5.046816e-06
 19 (restart 0) KSP residual norm 3.091207e-06
 20 (restart 0) KSP residual norm 1.705053e-06
 21 (restart 0) KSP residual norm 9.866704e-07
 22 (restart 0) KSP residual norm 5.730778e-07
 23 (restart 0) KSP residual norm 3.691362e-07
 24 (restart 0) KSP residual norm 2.147289e-07
 25 (restart 0) KSP residual norm 1.125154e-07
 26 (restart 0) KSP residual norm 7.050805e-08
GMRES solver converged in 26 iterations (avg. reduction factor: 4.918e-01)
  Residual norms for GMRES solve
  0 (restart 0) KSP residual norm 7.665604e+00
  1 (restart 0) KSP residual norm 4.013752e+00
  2 (restart 0) KSP residual norm 1.122024e+00
  3 (restart 0) KSP residual norm 5.974060e-01
  4 (restart 0) KSP residual norm 1.237977e-01
  5 (restart 0) KSP residual norm 5.193567e-02
  6 (restart 0) KSP residual norm 2.120597e-02
  7 (restart 0) KSP residual norm 5.039620e-03
  8 (restart 0) KSP residual norm 1.161712e-03
  9 (restart 0) KSP residual norm 6.898792e-04
 10 (restart 0) KSP residual norm 5.046072e-04
 11 (restart 0) KSP residual norm 2.833859e-04
 12 (restart 0) KSP residual norm 1.872125e-04
 13 (restart 0) KSP residual norm 1.450725e-04
 14 (restart 0) KSP residual norm 8.644947e-05
 15 (restart 0) KSP residual norm 5.512872e-05
 16 (restart 0) KSP residual norm 3.395163e-05
 17 (restart 0) KSP residual norm 1.739046e-05
 18 (restart 0) KSP residual norm 1.050279e-05
 19 (restart 0) KSP residual norm 6.298397e-06
 20 (restart 0) KSP residual norm 3.440404e-06
 21 (restart 0) KSP residual norm 2.172201e-06
 22 (restart 0) KSP residual norm 1.355837e-06
 23 (restart 0) KSP residual norm 8.024184e-07
 24 (restart 0) KSP residual norm 4.321401e-07
 25 (restart 0) KSP residual norm 2.480384e-07
 26 (restart 0) KSP residual norm 1.485543e-07
 27 (restart 0) KSP residual norm 8.465332e-08
 28 (restart 0) KSP residual norm 5.316628e-08
GMRES solver converged in 28 iterations (avg. reduction factor: 5.112e-01)
  3 EPS nconv=10 first unconverged value (error) -4.54694e-06+0.142136i (4.09077329e-03)

 Linear eigensolve converged (10 eigenpairs) due to CONVERGED_TOL; iterations 3
 Total number of linear systems solved: 44
 Total number of linear solver iterations: 1116
 Found 10 converged eigenvalues (first = -1.152e-04+1.009e+01i)

 Refining eigenvalues with Quasi-Newton solver
  Residual norms for GMRES solve
  0 (restart 0) KSP residual norm 2.680535e+01
  1 (restart 0) KSP residual norm 1.423102e+00
  2 (restart 0) KSP residual norm 2.266067e-01
  3 (restart 0) KSP residual norm 1.842280e-01
  4 (restart 0) KSP residual norm 1.830868e-01
  5 (restart 0) KSP residual norm 1.803452e-01
  6 (restart 0) KSP residual norm 1.613885e-01
  7 (restart 0) KSP residual norm 1.416040e-01
  8 (restart 0) KSP residual norm 1.138799e-01
  9 (restart 0) KSP residual norm 7.498238e-02
 10 (restart 0) KSP residual norm 6.937238e-02
 11 (restart 0) KSP residual norm 5.222519e-02
 12 (restart 0) KSP residual norm 4.276015e-02
 13 (restart 0) KSP residual norm 4.229182e-02
 14 (restart 0) KSP residual norm 4.012309e-02
 15 (restart 0) KSP residual norm 3.572243e-02
 16 (restart 0) KSP residual norm 2.948748e-02
 17 (restart 0) KSP residual norm 1.446507e-02
 18 (restart 0) KSP residual norm 5.989662e-03
GMRES solver converged in 18 iterations (avg. reduction factor: 6.269e-01)
0 NLEPS (nconv=0, restart=0) residual norm 1.153213e-03
  Residual norms for GMRES solve
  0 (restart 0) KSP residual norm 9.064297e-07
  1 (restart 0) KSP residual norm 4.720181e-07
  2 (restart 0) KSP residual norm 2.683662e-07
  3 (restart 0) KSP residual norm 2.498183e-07
  4 (restart 0) KSP residual norm 2.435549e-07
  5 (restart 0) KSP residual norm 2.344948e-07
  6 (restart 0) KSP residual norm 2.266938e-07
  7 (restart 0) KSP residual norm 2.057017e-07
  8 (restart 0) KSP residual norm 1.853047e-07
  9 (restart 0) KSP residual norm 1.811497e-07
 10 (restart 0) KSP residual norm 1.716200e-07
 11 (restart 0) KSP residual norm 1.694314e-07
 12 (restart 0) KSP residual norm 1.689888e-07
 13 (restart 0) KSP residual norm 1.669314e-07
 14 (restart 0) KSP residual norm 1.669056e-07
 15 (restart 0) KSP residual norm 1.654009e-07
 16 (restart 0) KSP residual norm 1.641831e-07
 17 (restart 0) KSP residual norm 1.638406e-07
 18 (restart 0) KSP residual norm 1.636096e-07
 19 (restart 0) KSP residual norm 1.635411e-07
 20 (restart 0) KSP residual norm 1.626097e-07
 21 (restart 0) KSP residual norm 1.610245e-07
 22 (restart 0) KSP residual norm 1.601030e-07
 23 (restart 0) KSP residual norm 1.488201e-07
 24 (restart 0) KSP residual norm 1.351768e-07
 25 (restart 0) KSP residual norm 1.095181e-07
 26 (restart 0) KSP residual norm 8.208416e-08
 27 (restart 0) KSP residual norm 5.208017e-08
 28 (restart 0) KSP residual norm 3.344045e-08
 29 (restart 0) KSP residual norm 2.072914e-08
 30 (restart 0) KSP residual norm 1.329994e-08
 31 (restart 0) KSP residual norm 8.537403e-09
 32 (restart 0) KSP residual norm 5.479346e-09
 33 (restart 0) KSP residual norm 3.630494e-09
 34 (restart 0) KSP residual norm 2.370302e-09
 35 (restart 0) KSP residual norm 1.383124e-09
 36 (restart 0) KSP residual norm 8.170996e-10
 37 (restart 0) KSP residual norm 4.897691e-10
 38 (restart 0) KSP residual norm 2.739888e-10
GMRES solver converged in 38 iterations (avg. reduction factor: 8.079e-01)
1 NLEPS (nconv=0, restart=0) residual norm 9.280447e-06
  Residual norms for GMRES solve
  0 (restart 0) KSP residual norm 4.084029e-10
  1 (restart 0) KSP residual norm 3.485890e-10
  2 (restart 0) KSP residual norm 2.725171e-10
  3 (restart 0) KSP residual norm 2.359417e-10
  4 (restart 0) KSP residual norm 2.100876e-10
  5 (restart 0) KSP residual norm 1.874738e-10
  6 (restart 0) KSP residual norm 1.761438e-10
  7 (restart 0) KSP residual norm 1.681916e-10
  8 (restart 0) KSP residual norm 1.644347e-10
  9 (restart 0) KSP residual norm 1.616520e-10
 10 (restart 0) KSP residual norm 1.585873e-10
 11 (restart 0) KSP residual norm 1.550989e-10
 12 (restart 0) KSP residual norm 1.480945e-10
 13 (restart 0) KSP residual norm 1.422629e-10
 14 (restart 0) KSP residual norm 1.311116e-10
 15 (restart 0) KSP residual norm 1.276777e-10
 16 (restart 0) KSP residual norm 1.243905e-10
 17 (restart 0) KSP residual norm 1.196123e-10
 18 (restart 0) KSP residual norm 1.171071e-10
 19 (restart 0) KSP residual norm 1.146740e-10
 20 (restart 0) KSP residual norm 1.139372e-10
 21 (restart 0) KSP residual norm 1.133273e-10
 22 (restart 0) KSP residual norm 1.129142e-10
 23 (restart 0) KSP residual norm 1.128263e-10
 24 (restart 0) KSP residual norm 1.126390e-10
 25 (restart 0) KSP residual norm 1.113522e-10
 26 (restart 0) KSP residual norm 1.081400e-10
 27 (restart 0) KSP residual norm 1.058605e-10
 28 (restart 0) KSP residual norm 1.048445e-10
 29 (restart 0) KSP residual norm 1.024231e-10
 30 (restart 0) KSP residual norm 9.085496e-11
 31 (restart 0) KSP residual norm 7.101013e-11
 32 (restart 0) KSP residual norm 4.837730e-11
 33 (restart 0) KSP residual norm 3.167986e-11
 34 (restart 0) KSP residual norm 2.139447e-11
 35 (restart 0) KSP residual norm 1.557255e-11
 36 (restart 0) KSP residual norm 1.014967e-11
 37 (restart 0) KSP residual norm 5.871962e-12
 38 (restart 0) KSP residual norm 3.369075e-12
 39 (restart 0) KSP residual norm 1.936902e-12
 40 (restart 0) KSP residual norm 1.178394e-12
 41 (restart 0) KSP residual norm 6.491111e-13
GMRES solver converged in 41 iterations (avg. reduction factor: 8.545e-01)
2 NLEPS (nconv=0, restart=0) residual norm 2.288882e-08
Eigenvalue 0, Quasi-Newton converged in 2 iterations (-1.151e-04+1.009e+01i).
  Residual norms for GMRES solve
  0 (restart 0) KSP residual norm 2.363180e+01
  1 (restart 0) KSP residual norm 1.840616e+00
  2 (restart 0) KSP residual norm 1.239601e+00
  3 (restart 0) KSP residual norm 1.028586e+00
  4 (restart 0) KSP residual norm 9.470701e-01
  5 (restart 0) KSP residual norm 8.787908e-01
  6 (restart 0) KSP residual norm 5.175172e-01
  7 (restart 0) KSP residual norm 3.947204e-01
  8 (restart 0) KSP residual norm 2.358735e-01
  9 (restart 0) KSP residual norm 2.007627e-01
 10 (restart 0) KSP residual norm 1.521754e-01
 11 (restart 0) KSP residual norm 8.577550e-02
 12 (restart 0) KSP residual norm 7.018344e-02
 13 (restart 0) KSP residual norm 6.604556e-02
 14 (restart 0) KSP residual norm 6.297899e-02
 15 (restart 0) KSP residual norm 6.242829e-02
 16 (restart 0) KSP residual norm 6.234442e-02
 17 (restart 0) KSP residual norm 6.196967e-02
 18 (restart 0) KSP residual norm 5.675918e-02
 19 (restart 0) KSP residual norm 3.157332e-02
 20 (restart 0) KSP residual norm 1.042617e-02
 21 (restart 0) KSP residual norm 4.979227e-03
GMRES solver converged in 21 iterations (avg. reduction factor: 6.682e-01)
0 NLEPS (nconv=1, restart=0) residual norm 1.227094e-01
  Residual norms for GMRES solve
  0 (restart 0) KSP residual norm 8.288249e-01
  1 (restart 0) KSP residual norm 4.852039e-01
  2 (restart 0) KSP residual norm 2.298129e-01
  3 (restart 0) KSP residual norm 4.029382e-02
  4 (restart 0) KSP residual norm 2.503223e-02
  5 (restart 0) KSP residual norm 1.354557e-02
  6 (restart 0) KSP residual norm 9.964535e-03
  7 (restart 0) KSP residual norm 4.464101e-03
  8 (restart 0) KSP residual norm 3.640404e-03
  9 (restart 0) KSP residual norm 3.581387e-03
 10 (restart 0) KSP residual norm 2.920506e-03
 11 (restart 0) KSP residual norm 1.849475e-03
 12 (restart 0) KSP residual norm 1.484151e-03
 13 (restart 0) KSP residual norm 1.018084e-03
 14 (restart 0) KSP residual norm 1.013993e-03
 15 (restart 0) KSP residual norm 1.012726e-03
 16 (restart 0) KSP residual norm 8.701679e-04
 17 (restart 0) KSP residual norm 8.332870e-04
 18 (restart 0) KSP residual norm 7.231201e-04
 19 (restart 0) KSP residual norm 6.690743e-04
 20 (restart 0) KSP residual norm 6.055152e-04
 21 (restart 0) KSP residual norm 5.500623e-04
 22 (restart 0) KSP residual norm 4.297065e-04
 23 (restart 0) KSP residual norm 2.288082e-04
GMRES solver converged in 23 iterations (avg. reduction factor: 7.003e-01)
1 NLEPS (nconv=1, restart=0) residual norm 5.583296e-04
  Residual norms for GMRES solve
  0 (restart 0) KSP residual norm 1.419291e-06
  1 (restart 0) KSP residual norm 1.324604e-06
  2 (restart 0) KSP residual norm 3.702816e-07
  3 (restart 0) KSP residual norm 1.133441e-07
  4 (restart 0) KSP residual norm 7.050531e-08
  5 (restart 0) KSP residual norm 2.293919e-08
  6 (restart 0) KSP residual norm 1.599643e-08
  7 (restart 0) KSP residual norm 8.483457e-09
  8 (restart 0) KSP residual norm 6.917783e-09
  9 (restart 0) KSP residual norm 4.308462e-09
 10 (restart 0) KSP residual norm 3.252741e-09
 11 (restart 0) KSP residual norm 2.241921e-09
 12 (restart 0) KSP residual norm 2.073052e-09
 13 (restart 0) KSP residual norm 1.623289e-09
 14 (restart 0) KSP residual norm 1.459343e-09
 15 (restart 0) KSP residual norm 1.226387e-09
 16 (restart 0) KSP residual norm 1.210527e-09
 17 (restart 0) KSP residual norm 1.206772e-09
 18 (restart 0) KSP residual norm 1.186913e-09
 19 (restart 0) KSP residual norm 1.151070e-09
 20 (restart 0) KSP residual norm 1.141787e-09
 21 (restart 0) KSP residual norm 1.085448e-09
 22 (restart 0) KSP residual norm 1.079473e-09
 23 (restart 0) KSP residual norm 1.037952e-09
 24 (restart 0) KSP residual norm 1.021848e-09
 25 (restart 0) KSP residual norm 1.016565e-09
 26 (restart 0) KSP residual norm 1.002299e-09
 27 (restart 0) KSP residual norm 9.997807e-10
 28 (restart 0) KSP residual norm 9.810526e-10
 29 (restart 0) KSP residual norm 9.766967e-10
 30 (restart 0) KSP residual norm 9.591988e-10
 31 (restart 0) KSP residual norm 9.080722e-10
 32 (restart 0) KSP residual norm 8.563071e-10
 33 (restart 0) KSP residual norm 7.707217e-10
 34 (restart 0) KSP residual norm 6.255341e-10
 35 (restart 0) KSP residual norm 4.540935e-10
 36 (restart 0) KSP residual norm 3.334329e-10
GMRES solver converged in 36 iterations (avg. reduction factor: 7.929e-01)
2 NLEPS (nconv=1, restart=0) residual norm 1.698545e-05
  Residual norms for GMRES solve
  0 (restart 0) KSP residual norm 7.325927e-10
  1 (restart 0) KSP residual norm 7.279052e-10
  2 (restart 0) KSP residual norm 5.467229e-10
  3 (restart 0) KSP residual norm 2.504299e-10
  4 (restart 0) KSP residual norm 1.935786e-10
  5 (restart 0) KSP residual norm 1.848970e-10
  6 (restart 0) KSP residual norm 1.356133e-10
  7 (restart 0) KSP residual norm 1.129243e-10
  8 (restart 0) KSP residual norm 8.151711e-11
  9 (restart 0) KSP residual norm 5.577340e-11
 10 (restart 0) KSP residual norm 3.820248e-11
 11 (restart 0) KSP residual norm 2.888035e-11
 12 (restart 0) KSP residual norm 2.830010e-11
 13 (restart 0) KSP residual norm 2.738813e-11
 14 (restart 0) KSP residual norm 2.527632e-11
 15 (restart 0) KSP residual norm 2.306850e-11
 16 (restart 0) KSP residual norm 2.184441e-11
 17 (restart 0) KSP residual norm 1.931822e-11
 18 (restart 0) KSP residual norm 1.773076e-11
 19 (restart 0) KSP residual norm 1.717277e-11
 20 (restart 0) KSP residual norm 1.658451e-11
 21 (restart 0) KSP residual norm 1.633405e-11
 22 (restart 0) KSP residual norm 1.580762e-11
 23 (restart 0) KSP residual norm 1.577646e-11
 24 (restart 0) KSP residual norm 1.518570e-11
 25 (restart 0) KSP residual norm 1.480485e-11
 26 (restart 0) KSP residual norm 1.443329e-11
 27 (restart 0) KSP residual norm 1.421591e-11
 28 (restart 0) KSP residual norm 1.374239e-11
 29 (restart 0) KSP residual norm 1.322081e-11
 30 (restart 0) KSP residual norm 1.317247e-11
 31 (restart 0) KSP residual norm 1.259627e-11
 32 (restart 0) KSP residual norm 1.092297e-11
 33 (restart 0) KSP residual norm 9.095539e-12
 34 (restart 0) KSP residual norm 6.766847e-12
 35 (restart 0) KSP residual norm 5.066885e-12
 36 (restart 0) KSP residual norm 3.525385e-12
 37 (restart 0) KSP residual norm 2.254278e-12
 38 (restart 0) KSP residual norm 1.390065e-12
 39 (restart 0) KSP residual norm 8.310102e-13
GMRES solver converged in 39 iterations (avg. reduction factor: 8.404e-01)
3 NLEPS (nconv=1, restart=0) residual norm 4.079638e-08
Eigenvalue 1, Quasi-Newton converged in 3 iterations (-3.338e-04+1.075e+01i).
  Residual norms for GMRES solve
  0 (restart 0) KSP residual norm 2.368327e+01
  1 (restart 0) KSP residual norm 1.312382e+01
  2 (restart 0) KSP residual norm 1.392966e+00
  3 (restart 0) KSP residual norm 6.853430e-01
  4 (restart 0) KSP residual norm 5.458875e-01
  5 (restart 0) KSP residual norm 3.648624e-01
  6 (restart 0) KSP residual norm 1.967477e-01
  7 (restart 0) KSP residual norm 7.109165e-02
  8 (restart 0) KSP residual norm 6.087838e-02
  9 (restart 0) KSP residual norm 5.644242e-02
 10 (restart 0) KSP residual norm 5.519269e-02
 11 (restart 0) KSP residual norm 3.379466e-02
 12 (restart 0) KSP residual norm 3.280646e-02
 13 (restart 0) KSP residual norm 2.617177e-02
 14 (restart 0) KSP residual norm 2.485378e-02
 15 (restart 0) KSP residual norm 2.482449e-02
 16 (restart 0) KSP residual norm 2.449437e-02
 17 (restart 0) KSP residual norm 2.429561e-02
 18 (restart 0) KSP residual norm 2.407662e-02
 19 (restart 0) KSP residual norm 2.396031e-02
 20 (restart 0) KSP residual norm 2.380070e-02
 21 (restart 0) KSP residual norm 2.108002e-02
 22 (restart 0) KSP residual norm 1.661551e-02
 23 (restart 0) KSP residual norm 9.374092e-03
 24 (restart 0) KSP residual norm 5.113192e-03
GMRES solver converged in 24 iterations (avg. reduction factor: 7.035e-01)
0 NLEPS (nconv=2, restart=0) residual norm 1.056476e-01
  Residual norms for GMRES solve
  0 (restart 0) KSP residual norm 2.879726e+00
  1 (restart 0) KSP residual norm 2.861897e+00
  2 (restart 0) KSP residual norm 2.615973e+00
  3 (restart 0) KSP residual norm 2.302386e+00
  4 (restart 0) KSP residual norm 1.523295e+00
  5 (restart 0) KSP residual norm 2.281759e-01
  6 (restart 0) KSP residual norm 8.429330e-02
  7 (restart 0) KSP residual norm 5.057817e-02
  8 (restart 0) KSP residual norm 1.679605e-02
  9 (restart 0) KSP residual norm 4.981953e-03
 10 (restart 0) KSP residual norm 3.118217e-03
 11 (restart 0) KSP residual norm 2.949513e-03
 12 (restart 0) KSP residual norm 2.820641e-03
 13 (restart 0) KSP residual norm 2.820002e-03
 14 (restart 0) KSP residual norm 2.716676e-03
 15 (restart 0) KSP residual norm 2.697425e-03
 16 (restart 0) KSP residual norm 2.615322e-03
 17 (restart 0) KSP residual norm 2.578313e-03
 18 (restart 0) KSP residual norm 2.569393e-03
 19 (restart 0) KSP residual norm 2.550657e-03
 20 (restart 0) KSP residual norm 2.550299e-03
 21 (restart 0) KSP residual norm 2.547174e-03
 22 (restart 0) KSP residual norm 2.532933e-03
 23 (restart 0) KSP residual norm 2.433631e-03
 24 (restart 0) KSP residual norm 2.346048e-03
 25 (restart 0) KSP residual norm 1.751384e-03
 26 (restart 0) KSP residual norm 1.290981e-03
 27 (restart 0) KSP residual norm 5.918088e-04
GMRES solver converged in 27 iterations (avg. reduction factor: 7.302e-01)
1 NLEPS (nconv=2, restart=0) residual norm 3.591173e-03
  Residual norms for GMRES solve
  0 (restart 0) KSP residual norm 7.260168e-06
  1 (restart 0) KSP residual norm 4.006436e-07
  2 (restart 0) KSP residual norm 3.092393e-07
  3 (restart 0) KSP residual norm 2.777037e-07
  4 (restart 0) KSP residual norm 2.047515e-07
  5 (restart 0) KSP residual norm 1.803387e-07
  6 (restart 0) KSP residual norm 1.583254e-07
  7 (restart 0) KSP residual norm 8.839934e-08
  8 (restart 0) KSP residual norm 7.380125e-08
  9 (restart 0) KSP residual norm 5.151147e-08
 10 (restart 0) KSP residual norm 5.096817e-08
 11 (restart 0) KSP residual norm 3.260159e-08
 12 (restart 0) KSP residual norm 2.876814e-08
 13 (restart 0) KSP residual norm 2.381036e-08
 14 (restart 0) KSP residual norm 2.066322e-08
 15 (restart 0) KSP residual norm 1.330533e-08
 16 (restart 0) KSP residual norm 8.801421e-09
 17 (restart 0) KSP residual norm 7.316245e-09
 18 (restart 0) KSP residual norm 5.736785e-09
 19 (restart 0) KSP residual norm 4.118466e-09
 20 (restart 0) KSP residual norm 3.603098e-09
 21 (restart 0) KSP residual norm 3.461087e-09
 22 (restart 0) KSP residual norm 3.317365e-09
 23 (restart 0) KSP residual norm 3.271127e-09
 24 (restart 0) KSP residual norm 3.258051e-09
 25 (restart 0) KSP residual norm 3.253002e-09
 26 (restart 0) KSP residual norm 3.232429e-09
 27 (restart 0) KSP residual norm 3.232252e-09
 28 (restart 0) KSP residual norm 3.215573e-09
 29 (restart 0) KSP residual norm 3.210996e-09
 30 (restart 0) KSP residual norm 3.210553e-09
 31 (restart 0) KSP residual norm 3.189368e-09
 32 (restart 0) KSP residual norm 3.189317e-09
 33 (restart 0) KSP residual norm 3.175595e-09
 34 (restart 0) KSP residual norm 3.141527e-09
 35 (restart 0) KSP residual norm 3.057733e-09
 36 (restart 0) KSP residual norm 3.015465e-09
 37 (restart 0) KSP residual norm 2.888006e-09
 38 (restart 0) KSP residual norm 2.634704e-09
 39 (restart 0) KSP residual norm 2.111387e-09
GMRES solver converged in 39 iterations (avg. reduction factor: 8.116e-01)
2 NLEPS (nconv=2, restart=0) residual norm 9.079910e-05
  Residual norms for GMRES solve
  0 (restart 0) KSP residual norm 2.225592e-07
  1 (restart 0) KSP residual norm 7.277462e-09
  2 (restart 0) KSP residual norm 3.234253e-09
  3 (restart 0) KSP residual norm 3.231815e-09
  4 (restart 0) KSP residual norm 3.185471e-09
  5 (restart 0) KSP residual norm 3.162329e-09
  6 (restart 0) KSP residual norm 1.891208e-09
  7 (restart 0) KSP residual norm 1.147386e-09
  8 (restart 0) KSP residual norm 1.077766e-09
  9 (restart 0) KSP residual norm 7.614340e-10
 10 (restart 0) KSP residual norm 7.199623e-10
 11 (restart 0) KSP residual norm 3.478326e-10
 12 (restart 0) KSP residual norm 3.474954e-10
 13 (restart 0) KSP residual norm 2.773560e-10
 14 (restart 0) KSP residual norm 2.076322e-10
 15 (restart 0) KSP residual norm 1.280222e-10
 16 (restart 0) KSP residual norm 8.395131e-11
 17 (restart 0) KSP residual norm 5.981914e-11
 18 (restart 0) KSP residual norm 4.367488e-11
 19 (restart 0) KSP residual norm 3.211470e-11
 20 (restart 0) KSP residual norm 2.680719e-11
 21 (restart 0) KSP residual norm 2.472744e-11
 22 (restart 0) KSP residual norm 2.390862e-11
 23 (restart 0) KSP residual norm 2.346074e-11
 24 (restart 0) KSP residual norm 2.295144e-11
 25 (restart 0) KSP residual norm 2.285951e-11
 26 (restart 0) KSP residual norm 2.280440e-11
 27 (restart 0) KSP residual norm 2.279753e-11
 28 (restart 0) KSP residual norm 2.277370e-11
 29 (restart 0) KSP residual norm 2.265785e-11
 30 (restart 0) KSP residual norm 2.262388e-11
 31 (restart 0) KSP residual norm 2.256480e-11
 32 (restart 0) KSP residual norm 2.256462e-11
 33 (restart 0) KSP residual norm 2.245404e-11
 34 (restart 0) KSP residual norm 2.241999e-11
 35 (restart 0) KSP residual norm 2.220514e-11
 36 (restart 0) KSP residual norm 2.217414e-11
 37 (restart 0) KSP residual norm 2.194057e-11
 38 (restart 0) KSP residual norm 2.127241e-11
 39 (restart 0) KSP residual norm 2.027305e-11
 40 (restart 0) KSP residual norm 1.650741e-11
GMRES solver converged in 40 iterations (avg. reduction factor: 7.884e-01)
3 NLEPS (nconv=2, restart=0) residual norm 4.320090e-07
  Residual norms for GMRES solve
  0 (restart 0) KSP residual norm 2.437995e-09
  1 (restart 0) KSP residual norm 7.341287e-11
  2 (restart 0) KSP residual norm 2.088525e-11
  3 (restart 0) KSP residual norm 1.920692e-11
  4 (restart 0) KSP residual norm 1.770304e-11
  5 (restart 0) KSP residual norm 1.711996e-11
  6 (restart 0) KSP residual norm 1.275209e-11
  7 (restart 0) KSP residual norm 7.322583e-12
  8 (restart 0) KSP residual norm 2.762044e-12
  9 (restart 0) KSP residual norm 2.511465e-12
 10 (restart 0) KSP residual norm 2.112999e-12
 11 (restart 0) KSP residual norm 1.658232e-12
 12 (restart 0) KSP residual norm 1.443493e-12
 13 (restart 0) KSP residual norm 1.330063e-12
 14 (restart 0) KSP residual norm 1.006485e-12
 15 (restart 0) KSP residual norm 9.615506e-13
GMRES solver converged in 15 iterations (avg. reduction factor: 5.930e-01)
4 NLEPS (nconv=2, restart=0) residual norm 1.803622e-08
Eigenvalue 2, Quasi-Newton converged in 4 iterations (-2.569e-04+1.078e+01i).
  Residual norms for GMRES solve
  0 (restart 0) KSP residual norm 2.424823e+01
  1 (restart 0) KSP residual norm 2.088394e+01
  2 (restart 0) KSP residual norm 1.469446e+00
  3 (restart 0) KSP residual norm 7.405232e-01
  4 (restart 0) KSP residual norm 5.173091e-01
  5 (restart 0) KSP residual norm 3.514499e-01
  6 (restart 0) KSP residual norm 2.040133e-01
  7 (restart 0) KSP residual norm 9.260774e-02
  8 (restart 0) KSP residual norm 8.676260e-02
  9 (restart 0) KSP residual norm 8.676033e-02
 10 (restart 0) KSP residual norm 7.046881e-02
 11 (restart 0) KSP residual norm 6.054885e-02
 12 (restart 0) KSP residual norm 4.000749e-02
 13 (restart 0) KSP residual norm 3.310478e-02
 14 (restart 0) KSP residual norm 1.907460e-02
 15 (restart 0) KSP residual norm 1.883677e-02
 16 (restart 0) KSP residual norm 1.875350e-02
 17 (restart 0) KSP residual norm 1.785036e-02
 18 (restart 0) KSP residual norm 1.762184e-02
 19 (restart 0) KSP residual norm 1.344259e-02
 20 (restart 0) KSP residual norm 1.302873e-02
 21 (restart 0) KSP residual norm 1.116278e-02
 22 (restart 0) KSP residual norm 1.052041e-02
 23 (restart 0) KSP residual norm 7.481229e-03
GMRES solver converged in 23 iterations (avg. reduction factor: 7.037e-01)
0 NLEPS (nconv=3, restart=0) residual norm 1.509121e-01
  Residual norms for GMRES solve
  0 (restart 0) KSP residual norm 1.182590e+02
  1 (restart 0) KSP residual norm 2.936707e+00
  2 (restart 0) KSP residual norm 2.605625e+00
  3 (restart 0) KSP residual norm 2.568608e+00
  4 (restart 0) KSP residual norm 2.469593e+00
  5 (restart 0) KSP residual norm 1.025530e+00
  6 (restart 0) KSP residual norm 9.055937e-01
  7 (restart 0) KSP residual norm 8.007764e-01
  8 (restart 0) KSP residual norm 6.855675e-01
  9 (restart 0) KSP residual norm 3.137864e-01
 10 (restart 0) KSP residual norm 1.140510e-01
 11 (restart 0) KSP residual norm 2.415896e-02
GMRES solver converged in 11 iterations (avg. reduction factor: 4.619e-01)
   NLEPS Armijo backtracks=2, alpha=2.500e-01, res_new=1.438983e-01
1 NLEPS (nconv=3, restart=0) residual norm 1.438983e-01
  Residual norms for GMRES solve
  0 (restart 0) KSP residual norm 9.605413e+01
  1 (restart 0) KSP residual norm 2.397589e+00
  2 (restart 0) KSP residual norm 2.116548e+00
  3 (restart 0) KSP residual norm 2.091982e+00
  4 (restart 0) KSP residual norm 2.001237e+00
  5 (restart 0) KSP residual norm 8.269561e-01
  6 (restart 0) KSP residual norm 7.286352e-01
  7 (restart 0) KSP residual norm 6.517397e-01
  8 (restart 0) KSP residual norm 5.525852e-01
  9 (restart 0) KSP residual norm 2.533105e-01
 10 (restart 0) KSP residual norm 9.361714e-02
 11 (restart 0) KSP residual norm 2.002741e-02
GMRES solver converged in 11 iterations (avg. reduction factor: 4.628e-01)
   NLEPS Armijo backtracks=9, alpha=1.953e-03, res_new=1.439061e-01
2 NLEPS (nconv=3, restart=0) residual norm 1.439061e-01
  Residual norms for GMRES solve
  0 (restart 0) KSP residual norm 9.589659e+01
  1 (restart 0) KSP residual norm 2.393729e+00
  2 (restart 0) KSP residual norm 2.113076e+00
  3 (restart 0) KSP residual norm 2.088583e+00
  4 (restart 0) KSP residual norm 1.997922e+00
  5 (restart 0) KSP residual norm 8.255614e-01
  6 (restart 0) KSP residual norm 7.273990e-01
  7 (restart 0) KSP residual norm 6.506778e-01
  8 (restart 0) KSP residual norm 5.516513e-01
  9 (restart 0) KSP residual norm 2.528852e-01
 10 (restart 0) KSP residual norm 9.346829e-02
 11 (restart 0) KSP residual norm 1.999703e-02
GMRES solver converged in 11 iterations (avg. reduction factor: 4.628e-01)
   NLEPS Armijo backtracks=9, alpha=1.953e-03, res_new=1.439143e-01
3 NLEPS (nconv=3, restart=0) residual norm 1.439143e-01
  Residual norms for GMRES solve
  0 (restart 0) KSP residual norm 9.573907e+01
  1 (restart 0) KSP residual norm 2.389870e+00
  2 (restart 0) KSP residual norm 2.109604e+00
  3 (restart 0) KSP residual norm 2.085183e+00
  4 (restart 0) KSP residual norm 1.994606e+00
  5 (restart 0) KSP residual norm 8.241669e-01
  6 (restart 0) KSP residual norm 7.261630e-01
  7 (restart 0) KSP residual norm 6.496160e-01
  8 (restart 0) KSP residual norm 5.507175e-01
  9 (restart 0) KSP residual norm 2.524599e-01
 10 (restart 0) KSP residual norm 9.331942e-02
 11 (restart 0) KSP residual norm 1.996664e-02
GMRES solver converged in 11 iterations (avg. reduction factor: 4.628e-01)
   NLEPS Armijo backtracks=9, alpha=1.953e-03, res_new=1.439229e-01
4 NLEPS (nconv=3, restart=0) residual norm 1.439229e-01
  Residual norms for GMRES solve
  0 (restart 0) KSP residual norm 9.558155e+01
  1 (restart 0) KSP residual norm 2.386011e+00
  2 (restart 0) KSP residual norm 2.106132e+00
  3 (restart 0) KSP residual norm 2.081784e+00
  4 (restart 0) KSP residual norm 1.991291e+00
  5 (restart 0) KSP residual norm 8.227725e-01
  6 (restart 0) KSP residual norm 7.249272e-01
  7 (restart 0) KSP residual norm 6.485541e-01
  8 (restart 0) KSP residual norm 5.497839e-01
  9 (restart 0) KSP residual norm 2.520347e-01
 10 (restart 0) KSP residual norm 9.317053e-02
 11 (restart 0) KSP residual norm 1.993625e-02
GMRES solver converged in 11 iterations (avg. reduction factor: 4.628e-01)
   NLEPS Armijo backtracks=9, alpha=1.953e-03, res_new=1.439319e-01
5 NLEPS (nconv=3, restart=0) residual norm 1.439319e-01
  Residual norms for GMRES solve
  0 (restart 0) KSP residual norm 9.542405e+01
  1 (restart 0) KSP residual norm 2.382152e+00
  2 (restart 0) KSP residual norm 2.102661e+00
  3 (restart 0) KSP residual norm 2.078384e+00
  4 (restart 0) KSP residual norm 1.987976e+00
  5 (restart 0) KSP residual norm 8.213784e-01
  6 (restart 0) KSP residual norm 7.236917e-01
  7 (restart 0) KSP residual norm 6.474923e-01
  8 (restart 0) KSP residual norm 5.488504e-01
  9 (restart 0) KSP residual norm 2.516095e-01
 10 (restart 0) KSP residual norm 9.302163e-02
 11 (restart 0) KSP residual norm 1.990586e-02
GMRES solver converged in 11 iterations (avg. reduction factor: 4.628e-01)
   NLEPS Armijo backtracks=9, alpha=1.953e-03, res_new=1.439412e-01
6 NLEPS (nconv=3, restart=0) residual norm 1.439412e-01
  Residual norms for GMRES solve
  0 (restart 0) KSP residual norm 9.526655e+01
  1 (restart 0) KSP residual norm 2.378293e+00
  2 (restart 0) KSP residual norm 2.099189e+00
  3 (restart 0) KSP residual norm 2.074985e+00
  4 (restart 0) KSP residual norm 1.984662e+00
  5 (restart 0) KSP residual norm 8.199845e-01
  6 (restart 0) KSP residual norm 7.224564e-01
  7 (restart 0) KSP residual norm 6.464306e-01
  8 (restart 0) KSP residual norm 5.479170e-01
  9 (restart 0) KSP residual norm 2.511844e-01
 10 (restart 0) KSP residual norm 9.287272e-02
 11 (restart 0) KSP residual norm 1.987545e-02
GMRES solver converged in 11 iterations (avg. reduction factor: 4.628e-01)
   NLEPS Armijo backtracks=9, alpha=1.953e-03, res_new=1.439508e-01
7 NLEPS (nconv=3, restart=0) residual norm 1.439508e-01
  Residual norms for GMRES solve
  0 (restart 0) KSP residual norm 9.510907e+01
  1 (restart 0) KSP residual norm 2.374434e+00
  2 (restart 0) KSP residual norm 2.095718e+00
  3 (restart 0) KSP residual norm 2.071586e+00
  4 (restart 0) KSP residual norm 1.981347e+00
  5 (restart 0) KSP residual norm 8.185908e-01
  6 (restart 0) KSP residual norm 7.212213e-01
  7 (restart 0) KSP residual norm 6.453689e-01
  8 (restart 0) KSP residual norm 5.469838e-01
  9 (restart 0) KSP residual norm 2.507594e-01
 10 (restart 0) KSP residual norm 9.272379e-02
 11 (restart 0) KSP residual norm 1.984505e-02
GMRES solver converged in 11 iterations (avg. reduction factor: 4.628e-01)
   NLEPS Armijo backtracks=9, alpha=1.953e-03, res_new=1.439608e-01
8 NLEPS (nconv=3, restart=0) residual norm 1.439608e-01
  Residual norms for GMRES solve
  0 (restart 0) KSP residual norm 9.495161e+01
  1 (restart 0) KSP residual norm 2.370576e+00
  2 (restart 0) KSP residual norm 2.092248e+00
  3 (restart 0) KSP residual norm 2.068187e+00
  4 (restart 0) KSP residual norm 1.978034e+00
  5 (restart 0) KSP residual norm 8.171973e-01
  6 (restart 0) KSP residual norm 7.199865e-01
  7 (restart 0) KSP residual norm 6.443074e-01
  8 (restart 0) KSP residual norm 5.460507e-01
  9 (restart 0) KSP residual norm 2.503344e-01
 10 (restart 0) KSP residual norm 9.257486e-02
 11 (restart 0) KSP residual norm 1.981464e-02
GMRES solver converged in 11 iterations (avg. reduction factor: 4.628e-01)
   NLEPS Armijo backtracks=9, alpha=1.953e-03, res_new=1.439712e-01
9 NLEPS (nconv=3, restart=0) residual norm 1.439712e-01
  Residual norms for GMRES solve
  0 (restart 0) KSP residual norm 9.479417e+01
  1 (restart 0) KSP residual norm 2.366717e+00
  2 (restart 0) KSP residual norm 2.088777e+00
  3 (restart 0) KSP residual norm 2.064788e+00
  4 (restart 0) KSP residual norm 1.974720e+00
  5 (restart 0) KSP residual norm 8.158041e-01
  6 (restart 0) KSP residual norm 7.187520e-01
  7 (restart 0) KSP residual norm 6.432459e-01
  8 (restart 0) KSP residual norm 5.451179e-01
  9 (restart 0) KSP residual norm 2.499095e-01
 10 (restart 0) KSP residual norm 9.242592e-02
 11 (restart 0) KSP residual norm 1.978423e-02
GMRES solver converged in 11 iterations (avg. reduction factor: 4.628e-01)
   NLEPS Armijo backtracks=9, alpha=1.953e-03, res_new=1.439818e-01
10 NLEPS (nconv=3, restart=0) residual norm 1.439818e-01
  Residual norms for GMRES solve
  0 (restart 0) KSP residual norm 9.463674e+01
  1 (restart 0) KSP residual norm 2.362859e+00
  2 (restart 0) KSP residual norm 2.085307e+00
  3 (restart 0) KSP residual norm 2.061390e+00
  4 (restart 0) KSP residual norm 1.971407e+00
  5 (restart 0) KSP residual norm 8.144112e-01
  6 (restart 0) KSP residual norm 7.175178e-01
  7 (restart 0) KSP residual norm 6.421845e-01
  8 (restart 0) KSP residual norm 5.441852e-01
  9 (restart 0) KSP residual norm 2.494847e-01
 10 (restart 0) KSP residual norm 9.227697e-02
 11 (restart 0) KSP residual norm 1.975381e-02
GMRES solver converged in 11 iterations (avg. reduction factor: 4.628e-01)
   NLEPS Armijo backtracks=9, alpha=1.953e-03, res_new=1.439928e-01
  Residual norms for GMRES solve
  0 (restart 0) KSP residual norm 4.555976e+01
  1 (restart 0) KSP residual norm 2.321603e+01
  2 (restart 0) KSP residual norm 1.560983e+00
  3 (restart 0) KSP residual norm 8.107166e-01
  4 (restart 0) KSP residual norm 5.181352e-01
  5 (restart 0) KSP residual norm 3.832841e-01
  6 (restart 0) KSP residual norm 2.160330e-01
  7 (restart 0) KSP residual norm 9.486443e-02
  8 (restart 0) KSP residual norm 8.387406e-02
  9 (restart 0) KSP residual norm 8.339163e-02
 10 (restart 0) KSP residual norm 5.272334e-02
 11 (restart 0) KSP residual norm 3.625141e-02
 12 (restart 0) KSP residual norm 2.087377e-02
 13 (restart 0) KSP residual norm 1.624947e-02
 14 (restart 0) KSP residual norm 1.539197e-02
 15 (restart 0) KSP residual norm 1.368300e-02
GMRES solver converged in 15 iterations (avg. reduction factor: 5.823e-01)
11 NLEPS (nconv=3, restart=0) residual norm 1.439928e-01
  Residual norms for GMRES solve
  0 (restart 0) KSP residual norm 6.169778e+02
  1 (restart 0) KSP residual norm 2.526640e+00
  2 (restart 0) KSP residual norm 2.066359e+00
  3 (restart 0) KSP residual norm 2.038087e+00
  4 (restart 0) KSP residual norm 1.912307e+00
  5 (restart 0) KSP residual norm 9.024858e-01
  6 (restart 0) KSP residual norm 6.848422e-01
  7 (restart 0) KSP residual norm 6.630193e-01
  8 (restart 0) KSP residual norm 3.962142e-01
  9 (restart 0) KSP residual norm 2.167416e-01
 10 (restart 0) KSP residual norm 9.595512e-02
GMRES solver converged in 10 iterations (avg. reduction factor: 4.161e-01)
   NLEPS Armijo backtracks=3, alpha=1.250e-01, res_new=1.436068e-01
12 NLEPS (nconv=3, restart=0) residual norm 1.436068e-01
  Residual norms for GMRES solve
  0 (restart 0) KSP residual norm 4.990330e+02
  1 (restart 0) KSP residual norm 2.028727e+00
  2 (restart 0) KSP residual norm 1.666124e+00
  3 (restart 0) KSP residual norm 1.639321e+00
  4 (restart 0) KSP residual norm 1.543804e+00
  5 (restart 0) KSP residual norm 7.240487e-01
  6 (restart 0) KSP residual norm 5.628984e-01
  7 (restart 0) KSP residual norm 5.464458e-01
  8 (restart 0) KSP residual norm 3.202303e-01
  9 (restart 0) KSP residual norm 1.756854e-01
 10 (restart 0) KSP residual norm 7.451605e-02
GMRES solver converged in 10 iterations (avg. reduction factor: 4.144e-01)
   NLEPS Armijo backtracks=9, alpha=1.953e-03, res_new=1.436083e-01
13 NLEPS (nconv=3, restart=0) residual norm 1.436083e-01
  Residual norms for GMRES solve
  0 (restart 0) KSP residual norm 4.973841e+02
  1 (restart 0) KSP residual norm 2.021818e+00
  2 (restart 0) KSP residual norm 1.660546e+00
  3 (restart 0) KSP residual norm 1.633761e+00
  4 (restart 0) KSP residual norm 1.538609e+00
  5 (restart 0) KSP residual norm 7.215706e-01
  6 (restart 0) KSP residual norm 5.612227e-01
  7 (restart 0) KSP residual norm 5.447640e-01
  8 (restart 0) KSP residual norm 3.191727e-01
  9 (restart 0) KSP residual norm 1.751169e-01
 10 (restart 0) KSP residual norm 7.423233e-02
GMRES solver converged in 10 iterations (avg. reduction factor: 4.144e-01)
   NLEPS Armijo backtracks=9, alpha=1.953e-03, res_new=1.436097e-01
14 NLEPS (nconv=3, restart=0) residual norm 1.436097e-01
  Residual norms for GMRES solve
  0 (restart 0) KSP residual norm 4.957388e+02
  1 (restart 0) KSP residual norm 2.014924e+00
  2 (restart 0) KSP residual norm 1.654980e+00
  3 (restart 0) KSP residual norm 1.628213e+00
  4 (restart 0) KSP residual norm 1.533425e+00
  5 (restart 0) KSP residual norm 7.190983e-01
  6 (restart 0) KSP residual norm 5.595514e-01
  7 (restart 0) KSP residual norm 5.430847e-01
  8 (restart 0) KSP residual norm 3.181181e-01
  9 (restart 0) KSP residual norm 1.745495e-01
 10 (restart 0) KSP residual norm 7.394970e-02
GMRES solver converged in 10 iterations (avg. reduction factor: 4.144e-01)
   NLEPS Armijo backtracks=9, alpha=1.953e-03, res_new=1.436111e-01
15 NLEPS (nconv=3, restart=0) residual norm 1.436111e-01
  Residual norms for GMRES solve
  0 (restart 0) KSP residual norm 4.940973e+02
  1 (restart 0) KSP residual norm 2.008048e+00
  2 (restart 0) KSP residual norm 1.649427e+00
  3 (restart 0) KSP residual norm 1.622678e+00
  4 (restart 0) KSP residual norm 1.528253e+00
  5 (restart 0) KSP residual norm 7.166320e-01
  6 (restart 0) KSP residual norm 5.578845e-01
  7 (restart 0) KSP residual norm 5.414077e-01
  8 (restart 0) KSP residual norm 3.170666e-01
  9 (restart 0) KSP residual norm 1.739835e-01
 10 (restart 0) KSP residual norm 7.366815e-02
GMRES solver converged in 10 iterations (avg. reduction factor: 4.143e-01)
   NLEPS Armijo backtracks=9, alpha=1.953e-03, res_new=1.436124e-01
16 NLEPS (nconv=3, restart=0) residual norm 1.436124e-01
  Residual norms for GMRES solve
  0 (restart 0) KSP residual norm 4.924594e+02
  1 (restart 0) KSP residual norm 2.001187e+00
  2 (restart 0) KSP residual norm 1.643887e+00
  3 (restart 0) KSP residual norm 1.617156e+00
  4 (restart 0) KSP residual norm 1.523092e+00
  5 (restart 0) KSP residual norm 7.141718e-01
  6 (restart 0) KSP residual norm 5.562220e-01
  7 (restart 0) KSP residual norm 5.397332e-01
  8 (restart 0) KSP residual norm 3.160183e-01
  9 (restart 0) KSP residual norm 1.734186e-01
 10 (restart 0) KSP residual norm 7.338771e-02
GMRES solver converged in 10 iterations (avg. reduction factor: 4.143e-01)
   NLEPS Armijo backtracks=9, alpha=1.953e-03, res_new=1.436135e-01
17 NLEPS (nconv=3, restart=0) residual norm 1.436135e-01
  Residual norms for GMRES solve
  0 (restart 0) KSP residual norm 4.908253e+02
  1 (restart 0) KSP residual norm 1.994344e+00
  2 (restart 0) KSP residual norm 1.638360e+00
  3 (restart 0) KSP residual norm 1.611647e+00
  4 (restart 0) KSP residual norm 1.517942e+00
  5 (restart 0) KSP residual norm 7.117177e-01
  6 (restart 0) KSP residual norm 5.545639e-01
  7 (restart 0) KSP residual norm 5.380612e-01
  8 (restart 0) KSP residual norm 3.149731e-01
  9 (restart 0) KSP residual norm 1.728550e-01
 10 (restart 0) KSP residual norm 7.310837e-02
GMRES solver converged in 10 iterations (avg. reduction factor: 4.143e-01)
   NLEPS Armijo backtracks=9, alpha=1.953e-03, res_new=1.436145e-01
18 NLEPS (nconv=3, restart=0) residual norm 1.436145e-01
  Residual norms for GMRES solve
  0 (restart 0) KSP residual norm 4.891950e+02
  1 (restart 0) KSP residual norm 1.987517e+00
  2 (restart 0) KSP residual norm 1.632846e+00
  3 (restart 0) KSP residual norm 1.606151e+00
  4 (restart 0) KSP residual norm 1.512804e+00
  5 (restart 0) KSP residual norm 7.092697e-01
  6 (restart 0) KSP residual norm 5.529102e-01
  7 (restart 0) KSP residual norm 5.363917e-01
  8 (restart 0) KSP residual norm 3.139311e-01
  9 (restart 0) KSP residual norm 1.722927e-01
 10 (restart 0) KSP residual norm 7.283014e-02
GMRES solver converged in 10 iterations (avg. reduction factor: 4.143e-01)
   NLEPS Armijo backtracks=9, alpha=1.953e-03, res_new=1.436154e-01
19 NLEPS (nconv=3, restart=0) residual norm 1.436154e-01
  Residual norms for GMRES solve
  0 (restart 0) KSP residual norm 4.875686e+02
  1 (restart 0) KSP residual norm 1.980708e+00
  2 (restart 0) KSP residual norm 1.627345e+00
  3 (restart 0) KSP residual norm 1.600668e+00
  4 (restart 0) KSP residual norm 1.507678e+00
  5 (restart 0) KSP residual norm 7.068279e-01
  6 (restart 0) KSP residual norm 5.512610e-01
  7 (restart 0) KSP residual norm 5.347247e-01
  8 (restart 0) KSP residual norm 3.128923e-01
  9 (restart 0) KSP residual norm 1.717315e-01
 10 (restart 0) KSP residual norm 7.255303e-02
GMRES solver converged in 10 iterations (avg. reduction factor: 4.142e-01)
   NLEPS Armijo backtracks=9, alpha=1.953e-03, res_new=1.436161e-01
20 NLEPS (nconv=3, restart=0) residual norm 1.436161e-01
  Residual norms for GMRES solve
  0 (restart 0) KSP residual norm 4.859460e+02
  1 (restart 0) KSP residual norm 1.973916e+00
  2 (restart 0) KSP residual norm 1.621857e+00
  3 (restart 0) KSP residual norm 1.595198e+00
  4 (restart 0) KSP residual norm 1.502564e+00
  5 (restart 0) KSP residual norm 7.043924e-01
  6 (restart 0) KSP residual norm 5.496163e-01
  7 (restart 0) KSP residual norm 5.330603e-01
  8 (restart 0) KSP residual norm 3.118568e-01
  9 (restart 0) KSP residual norm 1.711717e-01
 10 (restart 0) KSP residual norm 7.227705e-02
GMRES solver converged in 10 iterations (avg. reduction factor: 4.142e-01)
   NLEPS Armijo backtracks=9, alpha=1.953e-03, res_new=1.436166e-01
  Residual norms for GMRES solve
  0 (restart 0) KSP residual norm 2.561949e+01
  1 (restart 0) KSP residual norm 2.226798e+01
  2 (restart 0) KSP residual norm 1.504261e+00
  3 (restart 0) KSP residual norm 7.618012e-01
  4 (restart 0) KSP residual norm 5.019121e-01
  5 (restart 0) KSP residual norm 3.310008e-01
  6 (restart 0) KSP residual norm 2.097176e-01
  7 (restart 0) KSP residual norm 1.193313e-01
  8 (restart 0) KSP residual norm 1.182231e-01
  9 (restart 0) KSP residual norm 1.063520e-01
 10 (restart 0) KSP residual norm 4.871887e-02
 11 (restart 0) KSP residual norm 4.580636e-02
 12 (restart 0) KSP residual norm 3.764822e-02
 13 (restart 0) KSP residual norm 2.428502e-02
 14 (restart 0) KSP residual norm 2.134922e-02
 15 (restart 0) KSP residual norm 1.210167e-02
 16 (restart 0) KSP residual norm 5.237438e-03
GMRES solver converged in 16 iterations (avg. reduction factor: 5.880e-01)
21 NLEPS (nconv=3, restart=0) residual norm 1.436166e-01
  Residual norms for GMRES solve
  0 (restart 0) KSP residual norm 1.271975e+02
  1 (restart 0) KSP residual norm 1.825525e+00
  2 (restart 0) KSP residual norm 1.613347e+00
  3 (restart 0) KSP residual norm 1.589187e+00
  4 (restart 0) KSP residual norm 1.552173e+00
  5 (restart 0) KSP residual norm 8.185866e-01
  6 (restart 0) KSP residual norm 7.939902e-01
  7 (restart 0) KSP residual norm 7.286642e-01
  8 (restart 0) KSP residual norm 2.847820e-01
  9 (restart 0) KSP residual norm 1.086233e-01
 10 (restart 0) KSP residual norm 4.794780e-02
 11 (restart 0) KSP residual norm 2.556731e-02
GMRES solver converged in 11 iterations (avg. reduction factor: 4.612e-01)
22 NLEPS (nconv=3, restart=0) residual norm 1.136514e-01
  Residual norms for GMRES solve
  0 (restart 0) KSP residual norm 4.981312e-01
  1 (restart 0) KSP residual norm 2.543197e-01
  2 (restart 0) KSP residual norm 2.188456e-02
  3 (restart 0) KSP residual norm 1.519073e-02
  4 (restart 0) KSP residual norm 1.512688e-02
  5 (restart 0) KSP residual norm 1.336029e-02
  6 (restart 0) KSP residual norm 1.273533e-02
  7 (restart 0) KSP residual norm 1.046187e-02
  8 (restart 0) KSP residual norm 1.039877e-02
  9 (restart 0) KSP residual norm 7.306165e-03
 10 (restart 0) KSP residual norm 2.619926e-03
 11 (restart 0) KSP residual norm 9.352547e-04
 12 (restart 0) KSP residual norm 2.423719e-04
 13 (restart 0) KSP residual norm 1.417733e-04
GMRES solver converged in 13 iterations (avg. reduction factor: 5.336e-01)
23 NLEPS (nconv=3, restart=0) residual norm 3.450459e-03
  Residual norms for GMRES solve
  0 (restart 0) KSP residual norm 6.480171e-03
  1 (restart 0) KSP residual norm 3.565627e-03
  2 (restart 0) KSP residual norm 3.329447e-04
  3 (restart 0) KSP residual norm 2.044720e-04
  4 (restart 0) KSP residual norm 2.016906e-04
  5 (restart 0) KSP residual norm 1.963263e-04
  6 (restart 0) KSP residual norm 1.910698e-04
  7 (restart 0) KSP residual norm 1.213657e-04
  8 (restart 0) KSP residual norm 1.173605e-04
  9 (restart 0) KSP residual norm 1.095508e-04
 10 (restart 0) KSP residual norm 5.336318e-05
 11 (restart 0) KSP residual norm 2.330997e-05
 12 (restart 0) KSP residual norm 6.662663e-06
 13 (restart 0) KSP residual norm 5.816903e-06
 14 (restart 0) KSP residual norm 5.290683e-06
 15 (restart 0) KSP residual norm 4.773941e-06
 16 (restart 0) KSP residual norm 2.949200e-06
 17 (restart 0) KSP residual norm 1.182200e-06
GMRES solver converged in 17 iterations (avg. reduction factor: 6.026e-01)
24 NLEPS (nconv=3, restart=0) residual norm 2.921164e-03
  Residual norms for GMRES solve
  0 (restart 0) KSP residual norm 4.839353e-05
  1 (restart 0) KSP residual norm 2.074473e-05
  2 (restart 0) KSP residual norm 2.502629e-06
  3 (restart 0) KSP residual norm 1.843341e-06
  4 (restart 0) KSP residual norm 1.772385e-06
  5 (restart 0) KSP residual norm 1.631837e-06
  6 (restart 0) KSP residual norm 1.609728e-06
  7 (restart 0) KSP residual norm 9.068410e-07
  8 (restart 0) KSP residual norm 8.288408e-07
  9 (restart 0) KSP residual norm 7.885154e-07
 10 (restart 0) KSP residual norm 3.561851e-07
 11 (restart 0) KSP residual norm 1.236358e-07
 12 (restart 0) KSP residual norm 8.284666e-08
 13 (restart 0) KSP residual norm 7.781168e-08
 14 (restart 0) KSP residual norm 7.603659e-08
 15 (restart 0) KSP residual norm 7.447922e-08
 16 (restart 0) KSP residual norm 7.321959e-08
 17 (restart 0) KSP residual norm 5.694946e-08
 18 (restart 0) KSP residual norm 4.811095e-08
 19 (restart 0) KSP residual norm 3.396674e-08
 20 (restart 0) KSP residual norm 2.521719e-08
 21 (restart 0) KSP residual norm 1.556084e-08
 22 (restart 0) KSP residual norm 8.485006e-09
GMRES solver converged in 22 iterations (avg. reduction factor: 6.749e-01)
25 NLEPS (nconv=3, restart=0) residual norm 1.722457e-04
  Residual norms for GMRES solve
  0 (restart 0) KSP residual norm 2.392558e-07
  1 (restart 0) KSP residual norm 7.482287e-08
  2 (restart 0) KSP residual norm 1.102032e-08
  3 (restart 0) KSP residual norm 1.019861e-08
  4 (restart 0) KSP residual norm 9.753896e-09
  5 (restart 0) KSP residual norm 9.700201e-09
  6 (restart 0) KSP residual norm 7.126041e-09
  7 (restart 0) KSP residual norm 3.490980e-09
  8 (restart 0) KSP residual norm 3.161238e-09
  9 (restart 0) KSP residual norm 3.049547e-09
 10 (restart 0) KSP residual norm 2.672140e-09
 11 (restart 0) KSP residual norm 1.949063e-09
 12 (restart 0) KSP residual norm 1.681539e-09
 13 (restart 0) KSP residual norm 1.302663e-09
 14 (restart 0) KSP residual norm 1.067918e-09
 15 (restart 0) KSP residual norm 7.866679e-10
 16 (restart 0) KSP residual norm 6.663965e-10
 17 (restart 0) KSP residual norm 6.567997e-10
 18 (restart 0) KSP residual norm 5.712777e-10
 19 (restart 0) KSP residual norm 5.563869e-10
 20 (restart 0) KSP residual norm 5.083696e-10
 21 (restart 0) KSP residual norm 3.524095e-10
 22 (restart 0) KSP residual norm 2.540242e-10
 23 (restart 0) KSP residual norm 1.583883e-10
 24 (restart 0) KSP residual norm 8.903536e-11
 25 (restart 0) KSP residual norm 5.079281e-11
 26 (restart 0) KSP residual norm 2.919982e-11
GMRES solver converged in 26 iterations (avg. reduction factor: 7.071e-01)
26 NLEPS (nconv=3, restart=0) residual norm 1.647471e-06
  Residual norms for GMRES solve
  0 (restart 0) KSP residual norm 1.187693e-09
  1 (restart 0) KSP residual norm 2.348101e-10
  2 (restart 0) KSP residual norm 3.989928e-11
  3 (restart 0) KSP residual norm 3.845981e-11
  4 (restart 0) KSP residual norm 3.658396e-11
  5 (restart 0) KSP residual norm 3.558483e-11
  6 (restart 0) KSP residual norm 2.101122e-11
  7 (restart 0) KSP residual norm 1.507263e-11
  8 (restart 0) KSP residual norm 1.012794e-11
  9 (restart 0) KSP residual norm 9.918579e-12
 10 (restart 0) KSP residual norm 9.852668e-12
 11 (restart 0) KSP residual norm 9.162642e-12
 12 (restart 0) KSP residual norm 8.176985e-12
 13 (restart 0) KSP residual norm 5.801475e-12
 14 (restart 0) KSP residual norm 4.613159e-12
 15 (restart 0) KSP residual norm 4.271667e-12
 16 (restart 0) KSP residual norm 4.270349e-12
 17 (restart 0) KSP residual norm 4.051648e-12
 18 (restart 0) KSP residual norm 3.309391e-12
 19 (restart 0) KSP residual norm 3.046631e-12
 20 (restart 0) KSP residual norm 2.277114e-12
 21 (restart 0) KSP residual norm 1.728878e-12
 22 (restart 0) KSP residual norm 1.116679e-12
 23 (restart 0) KSP residual norm 7.703372e-13
GMRES solver converged in 23 iterations (avg. reduction factor: 7.268e-01)
27 NLEPS (nconv=3, restart=0) residual norm 4.111729e-08
Eigenvalue 3, Quasi-Newton converged in 27 iterations (-2.611e-04+1.078e+01i).
  Residual norms for GMRES solve
  0 (restart 0) KSP residual norm 2.186912e+01
  1 (restart 0) KSP residual norm 1.543059e+00
  2 (restart 0) KSP residual norm 1.498119e+00
  3 (restart 0) KSP residual norm 9.263338e-01
  4 (restart 0) KSP residual norm 5.248228e-01
  5 (restart 0) KSP residual norm 2.449200e-01
  6 (restart 0) KSP residual norm 1.743001e-01
  7 (restart 0) KSP residual norm 1.725994e-01
  8 (restart 0) KSP residual norm 1.204941e-01
  9 (restart 0) KSP residual norm 6.090044e-02
 10 (restart 0) KSP residual norm 2.733919e-02
 11 (restart 0) KSP residual norm 1.094229e-02
 12 (restart 0) KSP residual norm 1.083817e-02
 13 (restart 0) KSP residual norm 9.075735e-03
 14 (restart 0) KSP residual norm 8.767982e-03
 15 (restart 0) KSP residual norm 8.371653e-03
 16 (restart 0) KSP residual norm 7.890259e-03
 17 (restart 0) KSP residual norm 7.877369e-03
 18 (restart 0) KSP residual norm 7.757727e-03
 19 (restart 0) KSP residual norm 7.581269e-03
 20 (restart 0) KSP residual norm 7.508010e-03
 21 (restart 0) KSP residual norm 7.493402e-03
 22 (restart 0) KSP residual norm 7.422497e-03
 23 (restart 0) KSP residual norm 7.413734e-03
 24 (restart 0) KSP residual norm 7.364081e-03
 25 (restart 0) KSP residual norm 6.858511e-03
GMRES solver converged in 25 iterations (avg. reduction factor: 7.242e-01)
0 NLEPS (nconv=4, restart=0) residual norm 1.686835e-01
  Residual norms for GMRES solve
  0 (restart 0) KSP residual norm 1.850951e+00
  1 (restart 0) KSP residual norm 8.148737e-01
  2 (restart 0) KSP residual norm 7.756689e-01
  3 (restart 0) KSP residual norm 3.325442e-01
  4 (restart 0) KSP residual norm 2.495560e-01
  5 (restart 0) KSP residual norm 2.144200e-01
  6 (restart 0) KSP residual norm 1.849291e-01
  7 (restart 0) KSP residual norm 1.842878e-01
  8 (restart 0) KSP residual norm 1.834248e-01
  9 (restart 0) KSP residual norm 1.764103e-01
 10 (restart 0) KSP residual norm 1.694523e-01
 11 (restart 0) KSP residual norm 1.277350e-01
 12 (restart 0) KSP residual norm 6.402951e-02
 13 (restart 0) KSP residual norm 4.527557e-02
 14 (restart 0) KSP residual norm 1.668248e-02
 15 (restart 0) KSP residual norm 1.059378e-02
 16 (restart 0) KSP residual norm 8.689673e-03
 17 (restart 0) KSP residual norm 8.165438e-03
 18 (restart 0) KSP residual norm 7.523044e-03
 19 (restart 0) KSP residual norm 5.880292e-03
 20 (restart 0) KSP residual norm 4.206526e-03
 21 (restart 0) KSP residual norm 3.810160e-03
 22 (restart 0) KSP residual norm 3.729181e-03
 23 (restart 0) KSP residual norm 3.689891e-03
 24 (restart 0) KSP residual norm 3.682450e-03
 25 (restart 0) KSP residual norm 3.657540e-03
 26 (restart 0) KSP residual norm 3.434633e-03
 27 (restart 0) KSP residual norm 1.967775e-03
 28 (restart 0) KSP residual norm 8.060889e-04
 29 (restart 0) KSP residual norm 2.525598e-04
GMRES solver converged in 29 iterations (avg. reduction factor: 7.357e-01)
1 NLEPS (nconv=4, restart=0) residual norm 2.333231e-03
  Residual norms for GMRES solve
  0 (restart 0) KSP residual norm 2.700194e-07
  1 (restart 0) KSP residual norm 2.269083e-07
  2 (restart 0) KSP residual norm 1.307953e-07
  3 (restart 0) KSP residual norm 8.187709e-08
  4 (restart 0) KSP residual norm 7.967022e-08
  5 (restart 0) KSP residual norm 7.084833e-08
  6 (restart 0) KSP residual norm 7.009625e-08
  7 (restart 0) KSP residual norm 5.731259e-08
  8 (restart 0) KSP residual norm 4.561153e-08
  9 (restart 0) KSP residual norm 3.211263e-08
 10 (restart 0) KSP residual norm 1.438598e-08
 11 (restart 0) KSP residual norm 9.970950e-09
 12 (restart 0) KSP residual norm 9.157991e-09
 13 (restart 0) KSP residual norm 8.365538e-09
 14 (restart 0) KSP residual norm 8.361563e-09
 15 (restart 0) KSP residual norm 7.088420e-09
 16 (restart 0) KSP residual norm 5.836385e-09
 17 (restart 0) KSP residual norm 3.846353e-09
 18 (restart 0) KSP residual norm 2.877031e-09
 19 (restart 0) KSP residual norm 1.837934e-09
 20 (restart 0) KSP residual norm 1.366763e-09
 21 (restart 0) KSP residual norm 1.055871e-09
 22 (restart 0) KSP residual norm 8.398667e-10
 23 (restart 0) KSP residual norm 7.458196e-10
 24 (restart 0) KSP residual norm 6.734340e-10
 25 (restart 0) KSP residual norm 6.433205e-10
 26 (restart 0) KSP residual norm 6.081954e-10
 27 (restart 0) KSP residual norm 5.959283e-10
 28 (restart 0) KSP residual norm 5.868745e-10
 29 (restart 0) KSP residual norm 5.734576e-10
 30 (restart 0) KSP residual norm 5.525346e-10
 31 (restart 0) KSP residual norm 5.456766e-10
 32 (restart 0) KSP residual norm 5.397553e-10
 33 (restart 0) KSP residual norm 5.380095e-10
 34 (restart 0) KSP residual norm 5.352824e-10
 35 (restart 0) KSP residual norm 5.300544e-10
 36 (restart 0) KSP residual norm 5.239604e-10
 37 (restart 0) KSP residual norm 5.061715e-10
 38 (restart 0) KSP residual norm 4.687745e-10
 39 (restart 0) KSP residual norm 4.052585e-10
 40 (restart 0) KSP residual norm 3.104730e-10
 41 (restart 0) KSP residual norm 2.206148e-10
 42 (restart 0) KSP residual norm 1.454713e-10
 43 (restart 0) KSP residual norm 9.850091e-11
 44 (restart 0) KSP residual norm 7.071808e-11
GMRES solver converged in 44 iterations (avg. reduction factor: 8.291e-01)
2 NLEPS (nconv=4, restart=0) residual norm 3.670256e-06
  Residual norms for GMRES solve
  0 (restart 0) KSP residual norm 8.026577e-09
  1 (restart 0) KSP residual norm 7.295358e-09
  2 (restart 0) KSP residual norm 3.997114e-09
  3 (restart 0) KSP residual norm 2.622003e-09
  4 (restart 0) KSP residual norm 2.264255e-09
  5 (restart 0) KSP residual norm 2.037384e-09
  6 (restart 0) KSP residual norm 1.801511e-09
  7 (restart 0) KSP residual norm 1.419413e-09
  8 (restart 0) KSP residual norm 1.316213e-09
  9 (restart 0) KSP residual norm 1.080060e-09
 10 (restart 0) KSP residual norm 4.818922e-10
 11 (restart 0) KSP residual norm 2.711151e-10
 12 (restart 0) KSP residual norm 2.210546e-10
 13 (restart 0) KSP residual norm 2.113387e-10
 14 (restart 0) KSP residual norm 2.082834e-10
 15 (restart 0) KSP residual norm 2.065702e-10
 16 (restart 0) KSP residual norm 1.948839e-10
 17 (restart 0) KSP residual norm 1.928088e-10
 18 (restart 0) KSP residual norm 1.906507e-10
 19 (restart 0) KSP residual norm 1.905002e-10
 20 (restart 0) KSP residual norm 1.849053e-10
 21 (restart 0) KSP residual norm 1.820139e-10
 22 (restart 0) KSP residual norm 1.794393e-10
 23 (restart 0) KSP residual norm 1.757584e-10
 24 (restart 0) KSP residual norm 1.714016e-10
 25 (restart 0) KSP residual norm 1.693067e-10
 26 (restart 0) KSP residual norm 1.674840e-10
 27 (restart 0) KSP residual norm 1.670793e-10
 28 (restart 0) KSP residual norm 1.667835e-10
 29 (restart 0) KSP residual norm 1.659030e-10
 30 (restart 0) KSP residual norm 1.614934e-10
 31 (restart 0) KSP residual norm 1.574034e-10
 32 (restart 0) KSP residual norm 1.383401e-10
 33 (restart 0) KSP residual norm 1.125915e-10
 34 (restart 0) KSP residual norm 8.226793e-11
 35 (restart 0) KSP residual norm 5.809989e-11
 36 (restart 0) KSP residual norm 3.851822e-11
 37 (restart 0) KSP residual norm 2.432550e-11
 38 (restart 0) KSP residual norm 1.541663e-11
 39 (restart 0) KSP residual norm 9.676856e-12
 40 (restart 0) KSP residual norm 5.845261e-12
 41 (restart 0) KSP residual norm 3.861907e-12
 42 (restart 0) KSP residual norm 2.577059e-12
 43 (restart 0) KSP residual norm 1.589301e-12
 44 (restart 0) KSP residual norm 9.978638e-13
GMRES solver converged in 44 iterations (avg. reduction factor: 8.152e-01)
3 NLEPS (nconv=4, restart=0) residual norm 5.427623e-08
Eigenvalue 4, Quasi-Newton converged in 3 iterations (-2.632e-04+1.118e+01i).
  Residual norms for GMRES solve
  0 (restart 0) KSP residual norm 2.186649e+01
  1 (restart 0) KSP residual norm 1.535300e+00
  2 (restart 0) KSP residual norm 1.479670e+00
  3 (restart 0) KSP residual norm 9.296637e-01
  4 (restart 0) KSP residual norm 5.135348e-01
  5 (restart 0) KSP residual norm 2.459258e-01
  6 (restart 0) KSP residual norm 1.727157e-01
  7 (restart 0) KSP residual norm 1.717526e-01
  8 (restart 0) KSP residual norm 1.270582e-01
  9 (restart 0) KSP residual norm 7.018490e-02
 10 (restart 0) KSP residual norm 3.735017e-02
 11 (restart 0) KSP residual norm 1.910749e-02
 12 (restart 0) KSP residual norm 1.382922e-02
 13 (restart 0) KSP residual norm 1.324247e-02
 14 (restart 0) KSP residual norm 1.319396e-02
 15 (restart 0) KSP residual norm 1.292303e-02
 16 (restart 0) KSP residual norm 1.161869e-02
 17 (restart 0) KSP residual norm 7.708237e-03
 18 (restart 0) KSP residual norm 4.083425e-03
GMRES solver converged in 18 iterations (avg. reduction factor: 6.207e-01)
0 NLEPS (nconv=5, restart=0) residual norm 1.672006e-01
  Residual norms for GMRES solve
  0 (restart 0) KSP residual norm 3.647701e+00
  1 (restart 0) KSP residual norm 2.632225e+00
  2 (restart 0) KSP residual norm 2.390035e+00
  3 (restart 0) KSP residual norm 2.389950e+00
  4 (restart 0) KSP residual norm 1.871777e+00
  5 (restart 0) KSP residual norm 1.869405e+00
  6 (restart 0) KSP residual norm 1.393743e+00
  7 (restart 0) KSP residual norm 1.351118e+00
  8 (restart 0) KSP residual norm 1.198249e+00
  9 (restart 0) KSP residual norm 7.460801e-01
 10 (restart 0) KSP residual norm 3.090882e-01
 11 (restart 0) KSP residual norm 1.655127e-01
 12 (restart 0) KSP residual norm 1.546359e-01
 13 (restart 0) KSP residual norm 1.245240e-01
 14 (restart 0) KSP residual norm 9.598305e-02
 15 (restart 0) KSP residual norm 4.424163e-02
 16 (restart 0) KSP residual norm 1.467201e-02
 17 (restart 0) KSP residual norm 7.565045e-03
 18 (restart 0) KSP residual norm 5.005913e-03
 19 (restart 0) KSP residual norm 4.177562e-03
 20 (restart 0) KSP residual norm 4.165335e-03
 21 (restart 0) KSP residual norm 4.143061e-03
 22 (restart 0) KSP residual norm 4.122759e-03
 23 (restart 0) KSP residual norm 4.105265e-03
 24 (restart 0) KSP residual norm 4.103573e-03
 25 (restart 0) KSP residual norm 4.095593e-03
 26 (restart 0) KSP residual norm 3.853037e-03
 27 (restart 0) KSP residual norm 3.106659e-03
 28 (restart 0) KSP residual norm 1.623504e-03
 29 (restart 0) KSP residual norm 9.143072e-04
GMRES solver converged in 29 iterations (avg. reduction factor: 7.513e-01)
1 NLEPS (nconv=5, restart=0) residual norm 5.249371e-03
  Residual norms for GMRES solve
  0 (restart 0) KSP residual norm 9.143416e-07
  1 (restart 0) KSP residual norm 8.927255e-07
  2 (restart 0) KSP residual norm 8.718734e-07
  3 (restart 0) KSP residual norm 8.301100e-07
  4 (restart 0) KSP residual norm 8.242452e-07
  5 (restart 0) KSP residual norm 7.678215e-07
  6 (restart 0) KSP residual norm 7.664082e-07
  7 (restart 0) KSP residual norm 7.225697e-07
  8 (restart 0) KSP residual norm 5.816839e-07
  9 (restart 0) KSP residual norm 4.364058e-07
 10 (restart 0) KSP residual norm 3.059689e-07
 11 (restart 0) KSP residual norm 2.523198e-07
 12 (restart 0) KSP residual norm 2.030072e-07
 13 (restart 0) KSP residual norm 1.115899e-07
 14 (restart 0) KSP residual norm 7.715895e-08
 15 (restart 0) KSP residual norm 3.298909e-08
 16 (restart 0) KSP residual norm 2.358235e-08
 17 (restart 0) KSP residual norm 1.510368e-08
 18 (restart 0) KSP residual norm 1.288160e-08
 19 (restart 0) KSP residual norm 1.056747e-08
 20 (restart 0) KSP residual norm 9.637462e-09
 21 (restart 0) KSP residual norm 8.219057e-09
 22 (restart 0) KSP residual norm 7.646343e-09
 23 (restart 0) KSP residual norm 7.314533e-09
 24 (restart 0) KSP residual norm 6.975576e-09
 25 (restart 0) KSP residual norm 6.722833e-09
 26 (restart 0) KSP residual norm 6.606349e-09
 27 (restart 0) KSP residual norm 6.540164e-09
 28 (restart 0) KSP residual norm 6.453037e-09
 29 (restart 0) KSP residual norm 6.327536e-09
 30 (restart 0) KSP residual norm 6.299443e-09
 31 (restart 0) KSP residual norm 6.287729e-09
 32 (restart 0) KSP residual norm 6.269502e-09
 33 (restart 0) KSP residual norm 6.240284e-09
 34 (restart 0) KSP residual norm 6.229105e-09
 35 (restart 0) KSP residual norm 6.074934e-09
 36 (restart 0) KSP residual norm 5.695610e-09
 37 (restart 0) KSP residual norm 4.705353e-09
 38 (restart 0) KSP residual norm 3.387709e-09
 39 (restart 0) KSP residual norm 2.155406e-09
 40 (restart 0) KSP residual norm 1.425174e-09
 41 (restart 0) KSP residual norm 8.400453e-10
 42 (restart 0) KSP residual norm 4.727663e-10
 43 (restart 0) KSP residual norm 2.759754e-10
GMRES solver converged in 43 iterations (avg. reduction factor: 8.282e-01)
2 NLEPS (nconv=5, restart=0) residual norm 1.605323e-05
  Residual norms for GMRES solve
  0 (restart 0) KSP residual norm 9.315793e-09
  1 (restart 0) KSP residual norm 8.471734e-09
  2 (restart 0) KSP residual norm 5.976642e-09
  3 (restart 0) KSP residual norm 5.450006e-09
  4 (restart 0) KSP residual norm 3.078206e-09
  5 (restart 0) KSP residual norm 2.613290e-09
  6 (restart 0) KSP residual norm 1.952647e-09
  7 (restart 0) KSP residual norm 1.237421e-09
  8 (restart 0) KSP residual norm 9.232201e-10
  9 (restart 0) KSP residual norm 9.111706e-10
 10 (restart 0) KSP residual norm 7.686908e-10
 11 (restart 0) KSP residual norm 6.566599e-10
 12 (restart 0) KSP residual norm 6.172588e-10
 13 (restart 0) KSP residual norm 5.679658e-10
 14 (restart 0) KSP residual norm 4.058881e-10
 15 (restart 0) KSP residual norm 3.444265e-10
 16 (restart 0) KSP residual norm 3.213623e-10
 17 (restart 0) KSP residual norm 3.084982e-10
 18 (restart 0) KSP residual norm 3.017208e-10
 19 (restart 0) KSP residual norm 2.959610e-10
 20 (restart 0) KSP residual norm 2.912768e-10
 21 (restart 0) KSP residual norm 2.813999e-10
 22 (restart 0) KSP residual norm 2.772715e-10
 23 (restart 0) KSP residual norm 2.633796e-10
 24 (restart 0) KSP residual norm 2.539063e-10
 25 (restart 0) KSP residual norm 2.509986e-10
 26 (restart 0) KSP residual norm 2.485614e-10
 27 (restart 0) KSP residual norm 2.460840e-10
 28 (restart 0) KSP residual norm 2.399551e-10
 29 (restart 0) KSP residual norm 2.350779e-10
 30 (restart 0) KSP residual norm 2.319972e-10
 31 (restart 0) KSP residual norm 2.260112e-10
 32 (restart 0) KSP residual norm 2.183135e-10
 33 (restart 0) KSP residual norm 2.014945e-10
 34 (restart 0) KSP residual norm 1.712799e-10
 35 (restart 0) KSP residual norm 1.216247e-10
 36 (restart 0) KSP residual norm 8.873172e-11
 37 (restart 0) KSP residual norm 6.185772e-11
 38 (restart 0) KSP residual norm 3.722258e-11
 39 (restart 0) KSP residual norm 2.163139e-11
 40 (restart 0) KSP residual norm 1.342495e-11
 41 (restart 0) KSP residual norm 8.585055e-12
 42 (restart 0) KSP residual norm 5.011232e-12
 43 (restart 0) KSP residual norm 2.759753e-12
 44 (restart 0) KSP residual norm 1.452023e-12
 45 (restart 0) KSP residual norm 8.095207e-13
GMRES solver converged in 45 iterations (avg. reduction factor: 8.124e-01)
3 NLEPS (nconv=5, restart=0) residual norm 2.808629e-08
Eigenvalue 5, Quasi-Newton converged in 3 iterations (-2.633e-04+1.118e+01i).
  Residual norms for GMRES solve
  0 (restart 0) KSP residual norm 2.130064e+01
  1 (restart 0) KSP residual norm 2.893662e+00
  2 (restart 0) KSP residual norm 8.420562e-01
  3 (restart 0) KSP residual norm 1.739532e-01
  4 (restart 0) KSP residual norm 6.363448e-02
  5 (restart 0) KSP residual norm 5.292709e-02
  6 (restart 0) KSP residual norm 5.180564e-02
  7 (restart 0) KSP residual norm 5.173795e-02
  8 (restart 0) KSP residual norm 5.158500e-02
  9 (restart 0) KSP residual norm 5.119032e-02
 10 (restart 0) KSP residual norm 4.943821e-02
 11 (restart 0) KSP residual norm 3.339993e-02
 12 (restart 0) KSP residual norm 1.240787e-02
 13 (restart 0) KSP residual norm 1.056857e-02
 14 (restart 0) KSP residual norm 1.048449e-02
 15 (restart 0) KSP residual norm 1.019153e-02
 16 (restart 0) KSP residual norm 9.921644e-03
 17 (restart 0) KSP residual norm 9.736643e-03
 18 (restart 0) KSP residual norm 9.112632e-03
 19 (restart 0) KSP residual norm 8.397905e-03
 20 (restart 0) KSP residual norm 8.108326e-03
 21 (restart 0) KSP residual norm 8.099506e-03
 22 (restart 0) KSP residual norm 8.039435e-03
 23 (restart 0) KSP residual norm 7.872924e-03
 24 (restart 0) KSP residual norm 7.829288e-03
 25 (restart 0) KSP residual norm 7.702357e-03
 26 (restart 0) KSP residual norm 6.658610e-03
GMRES solver converged in 26 iterations (avg. reduction factor: 7.331e-01)
0 NLEPS (nconv=6, restart=0) residual norm 1.787797e-01
  Residual norms for GMRES solve
  0 (restart 0) KSP residual norm 1.543526e+00
  1 (restart 0) KSP residual norm 6.677466e-01
  2 (restart 0) KSP residual norm 4.203390e-01
  3 (restart 0) KSP residual norm 1.411871e-01
  4 (restart 0) KSP residual norm 6.859931e-02
  5 (restart 0) KSP residual norm 5.072144e-02
  6 (restart 0) KSP residual norm 4.655746e-02
  7 (restart 0) KSP residual norm 4.580477e-02
  8 (restart 0) KSP residual norm 4.477002e-02
  9 (restart 0) KSP residual norm 4.446477e-02
 10 (restart 0) KSP residual norm 4.407762e-02
 11 (restart 0) KSP residual norm 4.405367e-02
 12 (restart 0) KSP residual norm 4.226724e-02
 13 (restart 0) KSP residual norm 4.152975e-02
 14 (restart 0) KSP residual norm 4.053023e-02
 15 (restart 0) KSP residual norm 3.745553e-02
 16 (restart 0) KSP residual norm 3.554448e-02
 17 (restart 0) KSP residual norm 3.436030e-02
 18 (restart 0) KSP residual norm 3.363683e-02
 19 (restart 0) KSP residual norm 3.358322e-02
 20 (restart 0) KSP residual norm 3.294553e-02
 21 (restart 0) KSP residual norm 3.227669e-02
 22 (restart 0) KSP residual norm 3.068624e-02
 23 (restart 0) KSP residual norm 2.613023e-02
 24 (restart 0) KSP residual norm 1.893439e-02
 25 (restart 0) KSP residual norm 1.058827e-02
 26 (restart 0) KSP residual norm 4.239903e-03
 27 (restart 0) KSP residual norm 1.942488e-03
 28 (restart 0) KSP residual norm 9.872355e-04
 29 (restart 0) KSP residual norm 6.257195e-04
 30 (restart 0) KSP residual norm 3.935662e-04
GMRES solver converged in 30 iterations (avg. reduction factor: 7.590e-01)
1 NLEPS (nconv=6, restart=0) residual norm 6.640589e-03
  Residual norms for GMRES solve
  0 (restart 0) KSP residual norm 4.806435e-07
  1 (restart 0) KSP residual norm 4.508655e-07
  2 (restart 0) KSP residual norm 4.458632e-07
  3 (restart 0) KSP residual norm 4.383800e-07
  4 (restart 0) KSP residual norm 4.302206e-07
  5 (restart 0) KSP residual norm 4.074104e-07
  6 (restart 0) KSP residual norm 3.902500e-07
  7 (restart 0) KSP residual norm 3.829774e-07
  8 (restart 0) KSP residual norm 3.554616e-07
  9 (restart 0) KSP residual norm 2.901064e-07
 10 (restart 0) KSP residual norm 2.605430e-07
 11 (restart 0) KSP residual norm 2.541450e-07
 12 (restart 0) KSP residual norm 2.476822e-07
 13 (restart 0) KSP residual norm 2.318509e-07
 14 (restart 0) KSP residual norm 2.137603e-07
 15 (restart 0) KSP residual norm 2.008365e-07
 16 (restart 0) KSP residual norm 2.000120e-07
 17 (restart 0) KSP residual norm 1.760841e-07
 18 (restart 0) KSP residual norm 1.744003e-07
 19 (restart 0) KSP residual norm 1.578928e-07
 20 (restart 0) KSP residual norm 1.490664e-07
 21 (restart 0) KSP residual norm 1.350215e-07
 22 (restart 0) KSP residual norm 1.347490e-07
 23 (restart 0) KSP residual norm 1.309296e-07
 24 (restart 0) KSP residual norm 1.296525e-07
 25 (restart 0) KSP residual norm 1.292462e-07
 26 (restart 0) KSP residual norm 1.215560e-07
 27 (restart 0) KSP residual norm 1.193230e-07
 28 (restart 0) KSP residual norm 1.177566e-07
 29 (restart 0) KSP residual norm 1.137644e-07
 30 (restart 0) KSP residual norm 1.125078e-07
 31 (restart 0) KSP residual norm 1.089891e-07
 32 (restart 0) KSP residual norm 1.075915e-07
 33 (restart 0) KSP residual norm 1.060390e-07
 34 (restart 0) KSP residual norm 1.038854e-07
 35 (restart 0) KSP residual norm 9.987242e-08
 36 (restart 0) KSP residual norm 9.478488e-08
 37 (restart 0) KSP residual norm 7.654549e-08
 38 (restart 0) KSP residual norm 5.567517e-08
 39 (restart 0) KSP residual norm 3.008388e-08
 40 (restart 0) KSP residual norm 1.863082e-08
 41 (restart 0) KSP residual norm 1.117711e-08
 42 (restart 0) KSP residual norm 6.425434e-09
 43 (restart 0) KSP residual norm 3.479663e-09
 44 (restart 0) KSP residual norm 1.724227e-09
 45 (restart 0) KSP residual norm 9.563155e-10
 46 (restart 0) KSP residual norm 5.452677e-10
 47 (restart 0) KSP residual norm 3.031545e-10
 48 (restart 0) KSP residual norm 1.723008e-10
 49 (restart 0) KSP residual norm 9.675273e-11
GMRES solver converged in 49 iterations (avg. reduction factor: 8.406e-01)
2 NLEPS (nconv=6, restart=0) residual norm 6.068380e-06
  Residual norms for GMRES solve
  0 (restart 0) KSP residual norm 1.437613e-08
  1 (restart 0) KSP residual norm 5.971474e-09
  2 (restart 0) KSP residual norm 3.720258e-09
  3 (restart 0) KSP residual norm 3.147040e-09
  4 (restart 0) KSP residual norm 3.037435e-09
  5 (restart 0) KSP residual norm 3.037196e-09
  6 (restart 0) KSP residual norm 3.014642e-09
  7 (restart 0) KSP residual norm 2.846280e-09
  8 (restart 0) KSP residual norm 2.747265e-09
  9 (restart 0) KSP residual norm 2.530683e-09
 10 (restart 0) KSP residual norm 2.216197e-09
 11 (restart 0) KSP residual norm 2.107321e-09
 12 (restart 0) KSP residual norm 2.094326e-09
 13 (restart 0) KSP residual norm 1.951922e-09
 14 (restart 0) KSP residual norm 1.714134e-09
 15 (restart 0) KSP residual norm 1.535173e-09
 16 (restart 0) KSP residual norm 1.497630e-09
 17 (restart 0) KSP residual norm 1.317887e-09
 18 (restart 0) KSP residual norm 1.224069e-09
 19 (restart 0) KSP residual norm 1.015451e-09
 20 (restart 0) KSP residual norm 8.185287e-10
 21 (restart 0) KSP residual norm 7.805290e-10
 22 (restart 0) KSP residual norm 7.452878e-10
 23 (restart 0) KSP residual norm 7.292898e-10
 24 (restart 0) KSP residual norm 7.130866e-10
 25 (restart 0) KSP residual norm 6.997563e-10
 26 (restart 0) KSP residual norm 6.840995e-10
 27 (restart 0) KSP residual norm 6.684361e-10
 28 (restart 0) KSP residual norm 6.359760e-10
 29 (restart 0) KSP residual norm 5.932542e-10
 30 (restart 0) KSP residual norm 5.851925e-10
 31 (restart 0) KSP residual norm 5.824073e-10
 32 (restart 0) KSP residual norm 5.822884e-10
 33 (restart 0) KSP residual norm 5.575091e-10
 34 (restart 0) KSP residual norm 4.908978e-10
 35 (restart 0) KSP residual norm 4.269478e-10
 36 (restart 0) KSP residual norm 3.311135e-10
 37 (restart 0) KSP residual norm 2.278770e-10
 38 (restart 0) KSP residual norm 1.400467e-10
 39 (restart 0) KSP residual norm 9.028082e-11
 40 (restart 0) KSP residual norm 5.607410e-11
 41 (restart 0) KSP residual norm 3.364744e-11
 42 (restart 0) KSP residual norm 1.896421e-11
 43 (restart 0) KSP residual norm 1.098954e-11
 44 (restart 0) KSP residual norm 6.617842e-12
 45 (restart 0) KSP residual norm 4.009281e-12
 46 (restart 0) KSP residual norm 2.555703e-12
 47 (restart 0) KSP residual norm 1.638568e-12
 48 (restart 0) KSP residual norm 1.036110e-12
 49 (restart 0) KSP residual norm 6.613149e-13
GMRES solver converged in 49 iterations (avg. reduction factor: 8.156e-01)
3 NLEPS (nconv=6, restart=0) residual norm 3.043616e-08
Eigenvalue 6, Quasi-Newton converged in 3 iterations (-3.054e-04+1.133e+01i).
  Residual norms for GMRES solve
  0 (restart 0) KSP residual norm 2.129798e+01
  1 (restart 0) KSP residual norm 2.924036e+00
  2 (restart 0) KSP residual norm 8.434673e-01
  3 (restart 0) KSP residual norm 1.751606e-01
  4 (restart 0) KSP residual norm 6.304573e-02
  5 (restart 0) KSP residual norm 5.199415e-02
  6 (restart 0) KSP residual norm 5.070905e-02
  7 (restart 0) KSP residual norm 5.044775e-02
  8 (restart 0) KSP residual norm 5.044161e-02
  9 (restart 0) KSP residual norm 5.038774e-02
 10 (restart 0) KSP residual norm 5.033533e-02
 11 (restart 0) KSP residual norm 4.993912e-02
 12 (restart 0) KSP residual norm 4.966093e-02
 13 (restart 0) KSP residual norm 4.965118e-02
 14 (restart 0) KSP residual norm 4.598244e-02
 15 (restart 0) KSP residual norm 4.397126e-02
 16 (restart 0) KSP residual norm 3.939369e-02
 17 (restart 0) KSP residual norm 3.912865e-02
 18 (restart 0) KSP residual norm 3.611210e-02
 19 (restart 0) KSP residual norm 3.586686e-02
 20 (restart 0) KSP residual norm 3.346046e-02
 21 (restart 0) KSP residual norm 3.166486e-02
 22 (restart 0) KSP residual norm 3.155739e-02
 23 (restart 0) KSP residual norm 2.969508e-02
 24 (restart 0) KSP residual norm 2.430202e-02
 25 (restart 0) KSP residual norm 2.061385e-02
 26 (restart 0) KSP residual norm 1.307604e-02
 27 (restart 0) KSP residual norm 7.683873e-03
 28 (restart 0) KSP residual norm 4.077094e-03
GMRES solver converged in 28 iterations (avg. reduction factor: 7.366e-01)
0 NLEPS (nconv=7, restart=0) residual norm 1.795084e-01
  Residual norms for GMRES solve
  0 (restart 0) KSP residual norm 2.748102e+00
  1 (restart 0) KSP residual norm 1.516649e+00
  2 (restart 0) KSP residual norm 9.802614e-01
  3 (restart 0) KSP residual norm 7.387564e-01
  4 (restart 0) KSP residual norm 7.035000e-01
  5 (restart 0) KSP residual norm 6.845763e-01
  6 (restart 0) KSP residual norm 6.795851e-01
  7 (restart 0) KSP residual norm 6.795279e-01
  8 (restart 0) KSP residual norm 6.768704e-01
  9 (restart 0) KSP residual norm 5.727474e-01
 10 (restart 0) KSP residual norm 3.903509e-01
 11 (restart 0) KSP residual norm 1.587222e-01
 12 (restart 0) KSP residual norm 4.742071e-02
 13 (restart 0) KSP residual norm 1.645557e-02
 14 (restart 0) KSP residual norm 1.272158e-02
 15 (restart 0) KSP residual norm 1.140260e-02
 16 (restart 0) KSP residual norm 1.081041e-02
 17 (restart 0) KSP residual norm 1.077104e-02
 18 (restart 0) KSP residual norm 1.075337e-02
 19 (restart 0) KSP residual norm 1.061765e-02
 20 (restart 0) KSP residual norm 1.002004e-02
 21 (restart 0) KSP residual norm 9.827134e-03
 22 (restart 0) KSP residual norm 9.805565e-03
 23 (restart 0) KSP residual norm 9.760436e-03
 24 (restart 0) KSP residual norm 9.413272e-03
 25 (restart 0) KSP residual norm 8.970419e-03
 26 (restart 0) KSP residual norm 6.842895e-03
 27 (restart 0) KSP residual norm 4.908067e-03
 28 (restart 0) KSP residual norm 2.975077e-03
 29 (restart 0) KSP residual norm 2.169097e-03
 30 (restart 0) KSP residual norm 1.462141e-03
 31 (restart 0) KSP residual norm 9.828301e-04
 32 (restart 0) KSP residual norm 4.879467e-04
GMRES solver converged in 32 iterations (avg. reduction factor: 7.635e-01)
1 NLEPS (nconv=7, restart=0) residual norm 4.975326e-03
  Residual norms for GMRES solve
  0 (restart 0) KSP residual norm 5.582382e-07
  1 (restart 0) KSP residual norm 4.395548e-07
  2 (restart 0) KSP residual norm 3.717028e-07
  3 (restart 0) KSP residual norm 3.444506e-07
  4 (restart 0) KSP residual norm 3.387335e-07
  5 (restart 0) KSP residual norm 3.229818e-07
  6 (restart 0) KSP residual norm 3.186515e-07
  7 (restart 0) KSP residual norm 3.111406e-07
  8 (restart 0) KSP residual norm 3.096197e-07
  9 (restart 0) KSP residual norm 2.365043e-07
 10 (restart 0) KSP residual norm 1.970243e-07
 11 (restart 0) KSP residual norm 1.840597e-07
 12 (restart 0) KSP residual norm 1.819052e-07
 13 (restart 0) KSP residual norm 1.711427e-07
 14 (restart 0) KSP residual norm 1.369051e-07
 15 (restart 0) KSP residual norm 7.889504e-08
 16 (restart 0) KSP residual norm 4.667220e-08
 17 (restart 0) KSP residual norm 3.536692e-08
 18 (restart 0) KSP residual norm 2.061608e-08
 19 (restart 0) KSP residual norm 1.373056e-08
 20 (restart 0) KSP residual norm 1.189202e-08
 21 (restart 0) KSP residual norm 9.784988e-09
 22 (restart 0) KSP residual norm 8.515059e-09
 23 (restart 0) KSP residual norm 7.532061e-09
 24 (restart 0) KSP residual norm 7.468111e-09
 25 (restart 0) KSP residual norm 7.342194e-09
 26 (restart 0) KSP residual norm 7.248905e-09
 27 (restart 0) KSP residual norm 6.908903e-09
 28 (restart 0) KSP residual norm 6.563587e-09
 29 (restart 0) KSP residual norm 6.562576e-09
 30 (restart 0) KSP residual norm 6.303720e-09
 31 (restart 0) KSP residual norm 6.275043e-09
 32 (restart 0) KSP residual norm 6.258915e-09
 33 (restart 0) KSP residual norm 6.180723e-09
 34 (restart 0) KSP residual norm 6.159258e-09
 35 (restart 0) KSP residual norm 6.058674e-09
 36 (restart 0) KSP residual norm 6.047363e-09
 37 (restart 0) KSP residual norm 5.978537e-09
 38 (restart 0) KSP residual norm 5.977082e-09
 39 (restart 0) KSP residual norm 5.876213e-09
 40 (restart 0) KSP residual norm 5.770152e-09
 41 (restart 0) KSP residual norm 5.304631e-09
 42 (restart 0) KSP residual norm 4.615072e-09
 43 (restart 0) KSP residual norm 3.530121e-09
 44 (restart 0) KSP residual norm 2.411705e-09
 45 (restart 0) KSP residual norm 1.520842e-09
 46 (restart 0) KSP residual norm 8.884910e-10
 47 (restart 0) KSP residual norm 5.147817e-10
 48 (restart 0) KSP residual norm 2.911459e-10
 49 (restart 0) KSP residual norm 1.611906e-10
GMRES solver converged in 49 iterations (avg. reduction factor: 8.468e-01)
2 NLEPS (nconv=7, restart=0) residual norm 8.023798e-06
  Residual norms for GMRES solve
  0 (restart 0) KSP residual norm 5.905452e-09
  1 (restart 0) KSP residual norm 2.643984e-09
  2 (restart 0) KSP residual norm 1.538428e-09
  3 (restart 0) KSP residual norm 1.279083e-09
  4 (restart 0) KSP residual norm 1.188034e-09
  5 (restart 0) KSP residual norm 1.172342e-09
  6 (restart 0) KSP residual norm 1.159555e-09
  7 (restart 0) KSP residual norm 1.128546e-09
  8 (restart 0) KSP residual norm 1.088611e-09
  9 (restart 0) KSP residual norm 1.080042e-09
 10 (restart 0) KSP residual norm 1.079208e-09
 11 (restart 0) KSP residual norm 1.043855e-09
 12 (restart 0) KSP residual norm 9.409420e-10
 13 (restart 0) KSP residual norm 9.342546e-10
 14 (restart 0) KSP residual norm 8.893582e-10
 15 (restart 0) KSP residual norm 8.632096e-10
 16 (restart 0) KSP residual norm 8.319441e-10
 17 (restart 0) KSP residual norm 7.310906e-10
 18 (restart 0) KSP residual norm 7.001653e-10
 19 (restart 0) KSP residual norm 6.927099e-10
 20 (restart 0) KSP residual norm 6.758262e-10
 21 (restart 0) KSP residual norm 6.740871e-10
 22 (restart 0) KSP residual norm 6.599589e-10
 23 (restart 0) KSP residual norm 6.097963e-10
 24 (restart 0) KSP residual norm 6.080352e-10
 25 (restart 0) KSP residual norm 5.587082e-10
 26 (restart 0) KSP residual norm 5.442745e-10
 27 (restart 0) KSP residual norm 5.240343e-10
 28 (restart 0) KSP residual norm 4.876671e-10
 29 (restart 0) KSP residual norm 4.790278e-10
 30 (restart 0) KSP residual norm 4.366460e-10
 31 (restart 0) KSP residual norm 4.164655e-10
 32 (restart 0) KSP residual norm 4.042299e-10
 33 (restart 0) KSP residual norm 3.930488e-10
 34 (restart 0) KSP residual norm 3.925796e-10
 35 (restart 0) KSP residual norm 3.758567e-10
 36 (restart 0) KSP residual norm 3.283340e-10
 37 (restart 0) KSP residual norm 2.684299e-10
 38 (restart 0) KSP residual norm 1.883532e-10
 39 (restart 0) KSP residual norm 1.326364e-10
 40 (restart 0) KSP residual norm 8.994310e-11
 41 (restart 0) KSP residual norm 5.562635e-11
 42 (restart 0) KSP residual norm 3.288053e-11
 43 (restart 0) KSP residual norm 1.841868e-11
 44 (restart 0) KSP residual norm 1.135129e-11
 45 (restart 0) KSP residual norm 7.298765e-12
 46 (restart 0) KSP residual norm 4.825018e-12
 47 (restart 0) KSP residual norm 3.232265e-12
 48 (restart 0) KSP residual norm 2.097370e-12
 49 (restart 0) KSP residual norm 1.294185e-12
 50 (restart 0) KSP residual norm 7.574185e-13
GMRES solver converged in 50 iterations (avg. reduction factor: 8.359e-01)
3 NLEPS (nconv=7, restart=0) residual norm 3.117938e-08
Eigenvalue 7, Quasi-Newton converged in 3 iterations (-3.047e-04+1.134e+01i).

Computing solution error estimates and performing postprocessing

     m,        Re{f} (GHz),        Im{f} (GHz),                  Q,      Error (Bkwd.),       Error (Abs.)
     1,      +2.439239e+00,      +2.782455e-05,      +4.383250e+04,      +9.167184e-15,      +2.288881e-08
     2,      +2.598891e+00,      +8.068589e-05,      +1.610499e+04,      +1.633931e-14,      +4.079637e-08
     3,      +2.605490e+00,      +6.209537e-05,      +2.097974e+04,      +7.223326e-15,      +1.803537e-08
     4,      +2.606404e+00,      +6.311688e-05,      +2.064744e+04,      +1.646639e-14,      +4.111369e-08
     5,      +2.701564e+00,      +6.361821e-05,      +2.123263e+04,      +2.173521e-14,      +5.426906e-08
     6,      +2.701726e+00,      +6.364439e-05,      +2.122517e+04,      +1.124564e-14,      +2.807840e-08
     7,      +2.739435e+00,      +7.381003e-05,      +1.855734e+04,      +1.218979e-14,      +3.043580e-08
     8,      +2.739637e+00,      +7.364392e-05,      +1.860057e+04,      +1.248160e-14,      +3.116439e-08

Completed 0 iterations of adaptive mesh refinement (AMR):
 Indicator norm = 4.554e-02, global unknowns = 496740
 Max. iterations = 0, tol. = 1.000e-02

Estimated peak per-rank memory usage is: Min. 284.8M, Max. 336.8M, Avg. 303.8M, Total 9.5G
Estimated peak per-node memory usage is: Min. 9.5G, Max. 9.5G, Avg. 9.5G, Total 9.5G

Elapsed Time Report (s)           Min.        Max.        Avg.
==============================================================
Initialization                   0.208       0.568       0.557
  Mesh Preprocessing             0.378       0.739       0.390
Operator Construction            1.874       1.929       1.926
Linear Solve                    39.590      40.329      39.922
  Setup                         11.698      11.700      11.699
  Preconditioner               452.771     453.755     453.362
  Coarse Solve                  29.667      30.474      30.032
Eigenvalue Solve                11.978      12.067      12.041
Div.-Free Projection            10.371      10.388      10.382
Estimation                       0.074       0.079       0.077
  Construction                   0.443       0.443       0.443
  Solve                         14.799      14.805      14.804
Postprocessing                   0.977       0.983       0.979
Disk IO                          0.810       0.810       0.810
--------------------------------------------------------------
Total                          578.555     578.573     578.565

Peak Memory                   Per-Node       Total   Total HWM
==============================================================
Initialization                   48.5M       48.5M       48.5M
  Mesh Preprocessing            134.7M      134.7M      183.3M
Operator Construction             1.6G        1.6G        1.8G
Linear Solve                    256.0K      256.0K        1.8G
  Setup                         905.4M      905.4M        2.7G
  Preconditioner                  3.2M        3.2M        2.7G
  Coarse Solve                    4.7G        4.7G        7.3G
Eigenvalue Solve                368.0M      368.0M        7.7G
Div.-Free Projection            255.3M      255.3M        8.0G
Estimation                      140.2M      140.2M        8.1G
  Construction                  386.4M      386.4M        8.5G
  Solve                          78.9M       78.9M        8.5G
Postprocessing                  568.0K      568.0K        8.5G
Disk IO                          78.2M       78.2M        8.6G
--------------------------------------------------------------
Total                             9.1G        9.1G        9.1G

