>> /opt/amip/envs/emsim/bin/mpirun -n 32 /opt/amip/palace/bin/palace-x86_64.bin h3_driven_n19p00_wide.json

_____________     _______
_____   __   \____ __   /____ ____________
____   /_/  /  __ ` /  /  __ ` /  ___/  _ \
___   _____/  /_/  /  /  /_/  /  /__/  ___/
  /__/     \___,__/__/\___,__/\_____\_____/


[38;2;255;255;000m--> Warning![0m
Output folder is not empty; program will overwrite content! (postpro/h3_driven_n19p00_wide)
Git changeset ID: v0.17.0-293-g3c83b9db0
Running with 32 MPI processes, 1 OpenMP thread
Device configuration: omp,cpu
Memory configuration: host-std
libCEED backend: /cpu/self/xsmm/blocked

Added 11380 boundary elements for material interfaces to the mesh

Characteristic length and time scales:
 Lc = 1.760e-01 m, tc = 5.871e-01 ns
Finished partitioning mesh into 32 subdomains

Mesh curvature order: 2
Mesh bounding box:
 (Xmin, Ymin, Zmin) = (-8.800e-02, -8.800e-02, -6.771e-02) m
 (Xmax, Ymax, Zmax) = (+8.800e-02, +8.800e-02, +6.771e-02) m

Parallel Mesh Stats:

                minimum     average     maximum       total
 vertices           278         451         680       14446
 edges             2500        3050        3690       97603
 faces             4741        5118        5460      163779
 elements          2446        2519        2591       80621
 neighbors            3           9          16

            minimum     maximum
 h      0.000647523    0.184372
 kappa      1.01192     31.4577

Estimated current per-rank memory usage is: Min. 32.9M, Max. 92.7M, Avg. 35.3M, Total 1.1G
Estimated current per-node memory usage is: Min. 1.1G, Max. 1.1G, Avg. 1.1G, Total 1.1G

Configuring Robin finite conductivity BC at attributes:
 90: σ = 3.500e+07 S/m, n = (+0.4,-0.1,+0.9)

Configuring Robin impedance BC for lumped ports at attributes:
 91: Rs = 3.000e+02 Ω/sq, n = (-0.0,-0.0,+1.0)

Configuring lumped port circuit properties:
 Index = 1: R = 5.000e+01 Ω

Configuring lumped port excitation source term at attributes:
 91: Index = 1

Computing adaptive fast frequency response for:
Excitation with index 1 has contributions from:
 Lumped port  1

Beginning PROM construction offline phase:
 1751 points for frequency sweep over [2.300e+00, 2.650e+00] GHz

Assembling system matrices, number of global unknowns:
 H1 (p = 2): 112049, ND (p = 2): 522764, RT (p = 2): 733200
 Operator assembly level: Partial
 Mesh geometries:
  Tetrahedron: P = 20, Q = 14 (quadrature order = 4)

Assembling multigrid hierarchy:
 Level 0 (p = 1): 97603 unknowns
 Level 1 (p = 2): 522764 unknowns
 Level 0 (auxiliary) (p = 1): 14446 unknowns
 Level 1 (auxiliary) (p = 2): 112049 unknowns

  Residual norms for GMRES solve
  0 (restart 0) KSP residual norm 4.092034e+01
  1 (restart 0) KSP residual norm 3.902730e+01
  2 (restart 0) KSP residual norm 2.444541e+01
  3 (restart 0) KSP residual norm 1.197605e+00
  4 (restart 0) KSP residual norm 5.662240e-01
  5 (restart 0) KSP residual norm 2.899289e-01
  6 (restart 0) KSP residual norm 2.045607e-01
  7 (restart 0) KSP residual norm 1.330464e-01
  8 (restart 0) KSP residual norm 4.449085e-02
  9 (restart 0) KSP residual norm 2.950003e-02
 10 (restart 0) KSP residual norm 1.493037e-02
 11 (restart 0) KSP residual norm 7.792752e-03
 12 (restart 0) KSP residual norm 4.908456e-03
 13 (restart 0) KSP residual norm 3.733178e-03
 14 (restart 0) KSP residual norm 2.637010e-03
 15 (restart 0) KSP residual norm 1.886309e-03
 16 (restart 0) KSP residual norm 1.192306e-03
 17 (restart 0) KSP residual norm 7.624234e-04
 18 (restart 0) KSP residual norm 5.781552e-04
 19 (restart 0) KSP residual norm 3.439730e-04
 20 (restart 0) KSP residual norm 2.463103e-04
 21 (restart 0) KSP residual norm 1.833716e-04
 22 (restart 0) KSP residual norm 1.301872e-04
 23 (restart 0) KSP residual norm 9.655931e-05
 24 (restart 0) KSP residual norm 7.042362e-05
 25 (restart 0) KSP residual norm 5.374976e-05
 26 (restart 0) KSP residual norm 4.050351e-05
 27 (restart 0) KSP residual norm 3.194651e-05
 28 (restart 0) KSP residual norm 2.357859e-05
 29 (restart 0) KSP residual norm 1.760578e-05
 30 (restart 0) KSP residual norm 1.404582e-05
 31 (restart 0) KSP residual norm 1.072255e-05
 32 (restart 0) KSP residual norm 8.502698e-06
 33 (restart 0) KSP residual norm 6.860548e-06
 34 (restart 0) KSP residual norm 5.188768e-06
 35 (restart 0) KSP residual norm 4.170023e-06
 36 (restart 0) KSP residual norm 3.478834e-06
 37 (restart 0) KSP residual norm 2.869715e-06
 38 (restart 0) KSP residual norm 2.421648e-06
 39 (restart 0) KSP residual norm 2.100853e-06
 40 (restart 0) KSP residual norm 1.821130e-06
 41 (restart 0) KSP residual norm 1.606251e-06
 42 (restart 0) KSP residual norm 1.396486e-06
 43 (restart 0) KSP residual norm 1.195657e-06
 44 (restart 0) KSP residual norm 1.035043e-06
 45 (restart 0) KSP residual norm 8.556449e-07
 46 (restart 0) KSP residual norm 6.894011e-07
 47 (restart 0) KSP residual norm 5.556665e-07
 48 (restart 0) KSP residual norm 4.514541e-07
 49 (restart 0) KSP residual norm 3.790903e-07
GMRES solver converged in 49 iterations (avg. reduction factor: 6.856e-01)
 Field energy E (4.067e-11 J) + H (4.403e-11 J) = 8.470e-11 J

  Residual norms for GMRES solve
  0 (restart 0) KSP residual norm 4.574991e+01
  1 (restart 0) KSP residual norm 4.247777e+01
  2 (restart 0) KSP residual norm 3.098130e+01
  3 (restart 0) KSP residual norm 2.572883e+01
  4 (restart 0) KSP residual norm 4.863952e+00
  5 (restart 0) KSP residual norm 2.579001e+00
  6 (restart 0) KSP residual norm 1.652544e+00
  7 (restart 0) KSP residual norm 1.142518e+00
  8 (restart 0) KSP residual norm 4.481301e-01
  9 (restart 0) KSP residual norm 2.449282e-01
 10 (restart 0) KSP residual norm 2.183640e-01
 11 (restart 0) KSP residual norm 1.745145e-01
 12 (restart 0) KSP residual norm 1.008842e-01
 13 (restart 0) KSP residual norm 4.962485e-02
 14 (restart 0) KSP residual norm 3.328361e-02
 15 (restart 0) KSP residual norm 1.977321e-02
 16 (restart 0) KSP residual norm 1.268125e-02
 17 (restart 0) KSP residual norm 8.173591e-03
 18 (restart 0) KSP residual norm 5.820344e-03
 19 (restart 0) KSP residual norm 3.984245e-03
 20 (restart 0) KSP residual norm 2.965815e-03
 21 (restart 0) KSP residual norm 2.155547e-03
 22 (restart 0) KSP residual norm 1.441874e-03
 23 (restart 0) KSP residual norm 1.126376e-03
 24 (restart 0) KSP residual norm 8.423090e-04
 25 (restart 0) KSP residual norm 5.439416e-04
 26 (restart 0) KSP residual norm 3.729947e-04
 27 (restart 0) KSP residual norm 2.268208e-04
 28 (restart 0) KSP residual norm 1.686809e-04
 29 (restart 0) KSP residual norm 1.220063e-04
 30 (restart 0) KSP residual norm 9.274710e-05
 31 (restart 0) KSP residual norm 6.825646e-05
 32 (restart 0) KSP residual norm 5.097201e-05
 33 (restart 0) KSP residual norm 3.931812e-05
 34 (restart 0) KSP residual norm 2.907520e-05
 35 (restart 0) KSP residual norm 2.371999e-05
 36 (restart 0) KSP residual norm 1.865615e-05
 37 (restart 0) KSP residual norm 1.359017e-05
 38 (restart 0) KSP residual norm 1.091356e-05
 39 (restart 0) KSP residual norm 8.644403e-06
 40 (restart 0) KSP residual norm 6.759675e-06
 41 (restart 0) KSP residual norm 5.550704e-06
 42 (restart 0) KSP residual norm 4.517393e-06
 43 (restart 0) KSP residual norm 3.544664e-06
 44 (restart 0) KSP residual norm 2.982340e-06
 45 (restart 0) KSP residual norm 2.535312e-06
 46 (restart 0) KSP residual norm 2.156863e-06
 47 (restart 0) KSP residual norm 1.895161e-06
 48 (restart 0) KSP residual norm 1.680136e-06
 49 (restart 0) KSP residual norm 1.424080e-06
 50 (restart 0) KSP residual norm 1.229461e-06
 51 (restart 0) KSP residual norm 1.075832e-06
 52 (restart 0) KSP residual norm 8.944222e-07
 53 (restart 0) KSP residual norm 7.431258e-07
 54 (restart 0) KSP residual norm 6.170268e-07
 55 (restart 0) KSP residual norm 4.908189e-07
 56 (restart 0) KSP residual norm 3.989048e-07
GMRES solver converged in 56 iterations (avg. reduction factor: 7.179e-01)
 Field energy E (4.480e-11 J) + H (4.069e-11 J) = 8.549e-11 J

  Residual norms for GMRES solve
  0 (restart 0) KSP residual norm 3.882915e+01
  1 (restart 0) KSP residual norm 2.694265e+00
  2 (restart 0) KSP residual norm 1.759728e+00
  3 (restart 0) KSP residual norm 1.593896e+00
  4 (restart 0) KSP residual norm 9.484040e-01
  5 (restart 0) KSP residual norm 7.507478e-01
  6 (restart 0) KSP residual norm 3.647309e-01
  7 (restart 0) KSP residual norm 1.593264e-01
  8 (restart 0) KSP residual norm 1.144107e-01
  9 (restart 0) KSP residual norm 7.720875e-02
 10 (restart 0) KSP residual norm 3.984072e-02
 11 (restart 0) KSP residual norm 2.199457e-02
 12 (restart 0) KSP residual norm 1.529084e-02
 13 (restart 0) KSP residual norm 9.183000e-03
 14 (restart 0) KSP residual norm 4.977505e-03
 15 (restart 0) KSP residual norm 3.096591e-03
 16 (restart 0) KSP residual norm 1.955786e-03
 17 (restart 0) KSP residual norm 1.415603e-03
 18 (restart 0) KSP residual norm 1.095669e-03
 19 (restart 0) KSP residual norm 7.591356e-04
 20 (restart 0) KSP residual norm 5.398526e-04
 21 (restart 0) KSP residual norm 3.659101e-04
 22 (restart 0) KSP residual norm 2.288727e-04
 23 (restart 0) KSP residual norm 1.562239e-04
 24 (restart 0) KSP residual norm 1.136327e-04
 25 (restart 0) KSP residual norm 8.585579e-05
 26 (restart 0) KSP residual norm 6.506432e-05
 27 (restart 0) KSP residual norm 4.873607e-05
 28 (restart 0) KSP residual norm 3.630017e-05
 29 (restart 0) KSP residual norm 2.839658e-05
 30 (restart 0) KSP residual norm 2.244973e-05
 31 (restart 0) KSP residual norm 1.737674e-05
 32 (restart 0) KSP residual norm 1.405693e-05
 33 (restart 0) KSP residual norm 1.107753e-05
 34 (restart 0) KSP residual norm 8.829346e-06
 35 (restart 0) KSP residual norm 7.249200e-06
 36 (restart 0) KSP residual norm 5.530348e-06
 37 (restart 0) KSP residual norm 4.464191e-06
 38 (restart 0) KSP residual norm 3.641727e-06
 39 (restart 0) KSP residual norm 2.898186e-06
 40 (restart 0) KSP residual norm 2.441751e-06
 41 (restart 0) KSP residual norm 2.142639e-06
 42 (restart 0) KSP residual norm 1.857701e-06
 43 (restart 0) KSP residual norm 1.628073e-06
 44 (restart 0) KSP residual norm 1.446866e-06
 45 (restart 0) KSP residual norm 1.247915e-06
 46 (restart 0) KSP residual norm 1.053439e-06
 47 (restart 0) KSP residual norm 8.921670e-07
 48 (restart 0) KSP residual norm 7.238943e-07
 49 (restart 0) KSP residual norm 5.726428e-07
 50 (restart 0) KSP residual norm 4.564000e-07
 51 (restart 0) KSP residual norm 3.719951e-07
GMRES solver converged in 51 iterations (avg. reduction factor: 6.963e-01)

Greedy iteration 1 (n = 4): ω* = 2.481e+00 GHz (9.153e+00), error = 3.557e-01, memory = 0/2
 Field energy E (7.039e-11 J) + H (7.097e-11 J) = 1.414e-10 J

  Residual norms for GMRES solve
  0 (restart 0) KSP residual norm 9.479609e+01
  1 (restart 0) KSP residual norm 3.852794e+01
  2 (restart 0) KSP residual norm 2.132465e+00
  3 (restart 0) KSP residual norm 1.160576e+00
  4 (restart 0) KSP residual norm 8.928665e-01
  5 (restart 0) KSP residual norm 5.300913e-01
  6 (restart 0) KSP residual norm 3.819138e-01
  7 (restart 0) KSP residual norm 1.165025e-01
  8 (restart 0) KSP residual norm 7.503952e-02
  9 (restart 0) KSP residual norm 5.299941e-02
 10 (restart 0) KSP residual norm 2.697687e-02
 11 (restart 0) KSP residual norm 1.513886e-02
 12 (restart 0) KSP residual norm 9.487465e-03
 13 (restart 0) KSP residual norm 6.655568e-03
 14 (restart 0) KSP residual norm 3.687853e-03
 15 (restart 0) KSP residual norm 2.528284e-03
 16 (restart 0) KSP residual norm 1.628024e-03
 17 (restart 0) KSP residual norm 1.128100e-03
 18 (restart 0) KSP residual norm 9.107013e-04
 19 (restart 0) KSP residual norm 6.392622e-04
 20 (restart 0) KSP residual norm 4.337324e-04
 21 (restart 0) KSP residual norm 3.005174e-04
 22 (restart 0) KSP residual norm 1.981976e-04
 23 (restart 0) KSP residual norm 1.427356e-04
 24 (restart 0) KSP residual norm 1.063732e-04
 25 (restart 0) KSP residual norm 7.907494e-05
 26 (restart 0) KSP residual norm 5.683139e-05
 27 (restart 0) KSP residual norm 4.237814e-05
 28 (restart 0) KSP residual norm 3.116852e-05
 29 (restart 0) KSP residual norm 2.503971e-05
 30 (restart 0) KSP residual norm 1.957628e-05
 31 (restart 0) KSP residual norm 1.557583e-05
 32 (restart 0) KSP residual norm 1.244235e-05
 33 (restart 0) KSP residual norm 9.631855e-06
 34 (restart 0) KSP residual norm 7.643127e-06
 35 (restart 0) KSP residual norm 6.256343e-06
 36 (restart 0) KSP residual norm 4.911781e-06
 37 (restart 0) KSP residual norm 4.076645e-06
 38 (restart 0) KSP residual norm 3.183015e-06
 39 (restart 0) KSP residual norm 2.506113e-06
 40 (restart 0) KSP residual norm 2.201625e-06
 41 (restart 0) KSP residual norm 1.935004e-06
 42 (restart 0) KSP residual norm 1.660109e-06
 43 (restart 0) KSP residual norm 1.464870e-06
 44 (restart 0) KSP residual norm 1.290233e-06
 45 (restart 0) KSP residual norm 1.102316e-06
 46 (restart 0) KSP residual norm 9.413764e-07
GMRES solver converged in 46 iterations (avg. reduction factor: 6.699e-01)

Greedy iteration 2 (n = 6): ω* = 2.424e+00 GHz (8.940e+00), error = 2.087e-01, memory = 0/2
 Field energy E (6.390e-11 J) + H (6.534e-11 J) = 1.292e-10 J

  Residual norms for GMRES solve
  0 (restart 0) KSP residual norm 3.804167e+01
  1 (restart 0) KSP residual norm 7.334672e+00
  2 (restart 0) KSP residual norm 6.383034e+00
  3 (restart 0) KSP residual norm 2.871895e+00
  4 (restart 0) KSP residual norm 2.214227e+00
  5 (restart 0) KSP residual norm 6.775769e-01
  6 (restart 0) KSP residual norm 4.285578e-01
  7 (restart 0) KSP residual norm 3.238606e-01
  8 (restart 0) KSP residual norm 2.304217e-01
  9 (restart 0) KSP residual norm 1.488865e-01
 10 (restart 0) KSP residual norm 9.277969e-02
 11 (restart 0) KSP residual norm 6.839020e-02
 12 (restart 0) KSP residual norm 5.111697e-02
 13 (restart 0) KSP residual norm 3.217073e-02
 14 (restart 0) KSP residual norm 1.772376e-02
 15 (restart 0) KSP residual norm 9.014492e-03
 16 (restart 0) KSP residual norm 4.497523e-03
 17 (restart 0) KSP residual norm 3.035849e-03
 18 (restart 0) KSP residual norm 2.021712e-03
 19 (restart 0) KSP residual norm 1.456551e-03
 20 (restart 0) KSP residual norm 1.081036e-03
 21 (restart 0) KSP residual norm 7.236620e-04
 22 (restart 0) KSP residual norm 5.010197e-04
 23 (restart 0) KSP residual norm 3.065035e-04
 24 (restart 0) KSP residual norm 2.030783e-04
 25 (restart 0) KSP residual norm 1.437407e-04
 26 (restart 0) KSP residual norm 1.021356e-04
 27 (restart 0) KSP residual norm 7.827043e-05
 28 (restart 0) KSP residual norm 5.722798e-05
 29 (restart 0) KSP residual norm 4.172558e-05
 30 (restart 0) KSP residual norm 3.112068e-05
 31 (restart 0) KSP residual norm 2.335922e-05
 32 (restart 0) KSP residual norm 1.849299e-05
 33 (restart 0) KSP residual norm 1.400663e-05
 34 (restart 0) KSP residual norm 1.103548e-05
 35 (restart 0) KSP residual norm 8.991242e-06
 36 (restart 0) KSP residual norm 7.162885e-06
 37 (restart 0) KSP residual norm 5.523865e-06
 38 (restart 0) KSP residual norm 4.446860e-06
 39 (restart 0) KSP residual norm 3.570440e-06
 40 (restart 0) KSP residual norm 2.833132e-06
 41 (restart 0) KSP residual norm 2.427406e-06
 42 (restart 0) KSP residual norm 2.109136e-06
 43 (restart 0) KSP residual norm 1.818354e-06
 44 (restart 0) KSP residual norm 1.614479e-06
 45 (restart 0) KSP residual norm 1.430178e-06
 46 (restart 0) KSP residual norm 1.234749e-06
 47 (restart 0) KSP residual norm 1.044127e-06
 48 (restart 0) KSP residual norm 8.878580e-07
 49 (restart 0) KSP residual norm 7.385463e-07
 50 (restart 0) KSP residual norm 5.926672e-07
 51 (restart 0) KSP residual norm 4.706958e-07
 52 (restart 0) KSP residual norm 3.773971e-07
GMRES solver converged in 52 iterations (avg. reduction factor: 7.016e-01)

Greedy iteration 3 (n = 8): ω* = 2.368e+00 GHz (8.734e+00), error = 3.677e-02, memory = 0/2
 Field energy E (5.742e-10 J) + H (5.739e-10 J) = 1.148e-09 J

  Residual norms for GMRES solve
  0 (restart 0) KSP residual norm 1.557304e+02
  1 (restart 0) KSP residual norm 4.204380e+01
  2 (restart 0) KSP residual norm 3.517014e+01
  3 (restart 0) KSP residual norm 2.493635e+01
  4 (restart 0) KSP residual norm 4.769554e+00
  5 (restart 0) KSP residual norm 1.968035e+00
  6 (restart 0) KSP residual norm 1.003577e+00
  7 (restart 0) KSP residual norm 6.092714e-01
  8 (restart 0) KSP residual norm 3.482016e-01
  9 (restart 0) KSP residual norm 1.526009e-01
 10 (restart 0) KSP residual norm 9.646261e-02
 11 (restart 0) KSP residual norm 7.090843e-02
 12 (restart 0) KSP residual norm 3.742680e-02
 13 (restart 0) KSP residual norm 2.495667e-02
 14 (restart 0) KSP residual norm 1.883665e-02
 15 (restart 0) KSP residual norm 1.403318e-02
 16 (restart 0) KSP residual norm 1.004974e-02
 17 (restart 0) KSP residual norm 7.202350e-03
 18 (restart 0) KSP residual norm 4.327173e-03
 19 (restart 0) KSP residual norm 2.675198e-03
 20 (restart 0) KSP residual norm 1.787520e-03
 21 (restart 0) KSP residual norm 1.016465e-03
 22 (restart 0) KSP residual norm 5.693235e-04
 23 (restart 0) KSP residual norm 3.982160e-04
 24 (restart 0) KSP residual norm 2.770427e-04
 25 (restart 0) KSP residual norm 2.051405e-04
 26 (restart 0) KSP residual norm 1.615442e-04
 27 (restart 0) KSP residual norm 1.302231e-04
 28 (restart 0) KSP residual norm 1.052838e-04
 29 (restart 0) KSP residual norm 8.288365e-05
 30 (restart 0) KSP residual norm 6.196323e-05
 31 (restart 0) KSP residual norm 4.782790e-05
 32 (restart 0) KSP residual norm 3.666525e-05
 33 (restart 0) KSP residual norm 2.534486e-05
 34 (restart 0) KSP residual norm 1.747596e-05
 35 (restart 0) KSP residual norm 1.370544e-05
 36 (restart 0) KSP residual norm 1.044801e-05
 37 (restart 0) KSP residual norm 8.273291e-06
 38 (restart 0) KSP residual norm 7.103770e-06
 39 (restart 0) KSP residual norm 5.924232e-06
 40 (restart 0) KSP residual norm 4.596008e-06
 41 (restart 0) KSP residual norm 3.808454e-06
 42 (restart 0) KSP residual norm 2.970531e-06
 43 (restart 0) KSP residual norm 2.457143e-06
 44 (restart 0) KSP residual norm 2.130608e-06
 45 (restart 0) KSP residual norm 1.843712e-06
 46 (restart 0) KSP residual norm 1.636606e-06
 47 (restart 0) KSP residual norm 1.461830e-06
GMRES solver converged in 47 iterations (avg. reduction factor: 6.748e-01)

Greedy iteration 4 (n = 10): ω* = 2.596e+00 GHz (9.575e+00), error = 1.430e-01, memory = 0/2
 Field energy E (6.070e-11 J) + H (5.776e-11 J) = 1.185e-10 J

  Residual norms for GMRES solve
  0 (restart 0) KSP residual norm 4.592868e+01
  1 (restart 0) KSP residual norm 4.317790e+01
  2 (restart 0) KSP residual norm 3.765564e+01
  3 (restart 0) KSP residual norm 3.201603e+01
  4 (restart 0) KSP residual norm 1.230709e+01
  5 (restart 0) KSP residual norm 3.441998e+00
  6 (restart 0) KSP residual norm 3.252717e+00
  7 (restart 0) KSP residual norm 1.293338e+00
  8 (restart 0) KSP residual norm 8.523361e-01
  9 (restart 0) KSP residual norm 3.804644e-01
 10 (restart 0) KSP residual norm 2.511668e-01
 11 (restart 0) KSP residual norm 2.042171e-01
 12 (restart 0) KSP residual norm 1.667808e-01
 13 (restart 0) KSP residual norm 1.530208e-01
 14 (restart 0) KSP residual norm 1.483547e-01
 15 (restart 0) KSP residual norm 1.466093e-01
 16 (restart 0) KSP residual norm 1.406336e-01
 17 (restart 0) KSP residual norm 1.404402e-01
 18 (restart 0) KSP residual norm 1.360128e-01
 19 (restart 0) KSP residual norm 1.160168e-01
 20 (restart 0) KSP residual norm 1.059859e-01
 21 (restart 0) KSP residual norm 9.289344e-02
 22 (restart 0) KSP residual norm 7.514003e-02
 23 (restart 0) KSP residual norm 5.615513e-02
 24 (restart 0) KSP residual norm 4.885445e-02
 25 (restart 0) KSP residual norm 4.125025e-02
 26 (restart 0) KSP residual norm 3.095658e-02
 27 (restart 0) KSP residual norm 2.923140e-02
 28 (restart 0) KSP residual norm 2.634034e-02
 29 (restart 0) KSP residual norm 2.430291e-02
 30 (restart 0) KSP residual norm 2.384527e-02
 31 (restart 0) KSP residual norm 2.317634e-02
 32 (restart 0) KSP residual norm 2.195835e-02
 33 (restart 0) KSP residual norm 2.135919e-02
 34 (restart 0) KSP residual norm 2.023235e-02
 35 (restart 0) KSP residual norm 1.842084e-02
 36 (restart 0) KSP residual norm 1.609989e-02
 37 (restart 0) KSP residual norm 1.405630e-02
 38 (restart 0) KSP residual norm 1.092118e-02
 39 (restart 0) KSP residual norm 8.474638e-03
 40 (restart 0) KSP residual norm 6.374510e-03
 41 (restart 0) KSP residual norm 4.558876e-03
 42 (restart 0) KSP residual norm 3.508047e-03
 43 (restart 0) KSP residual norm 2.545299e-03
 44 (restart 0) KSP residual norm 1.822910e-03
 45 (restart 0) KSP residual norm 1.406809e-03
 46 (restart 0) KSP residual norm 1.074172e-03
 47 (restart 0) KSP residual norm 8.223702e-04
 48 (restart 0) KSP residual norm 6.419857e-04
 49 (restart 0) KSP residual norm 4.858327e-04
 50 (restart 0) KSP residual norm 3.612956e-04
 51 (restart 0) KSP residual norm 2.689066e-04
 52 (restart 0) KSP residual norm 2.009065e-04
 53 (restart 0) KSP residual norm 1.460568e-04
 54 (restart 0) KSP residual norm 1.122060e-04
 55 (restart 0) KSP residual norm 8.585300e-05
 56 (restart 0) KSP residual norm 6.624799e-05
 57 (restart 0) KSP residual norm 5.123553e-05
 58 (restart 0) KSP residual norm 3.860392e-05
 59 (restart 0) KSP residual norm 3.093152e-05
 60 (restart 0) KSP residual norm 2.585470e-05
 61 (restart 0) KSP residual norm 2.118704e-05
 62 (restart 0) KSP residual norm 1.747353e-05
 63 (restart 0) KSP residual norm 1.470000e-05
 64 (restart 0) KSP residual norm 1.237659e-05
 65 (restart 0) KSP residual norm 1.037185e-05
 66 (restart 0) KSP residual norm 8.858354e-06
 67 (restart 0) KSP residual norm 7.571393e-06
 68 (restart 0) KSP residual norm 6.442968e-06
 69 (restart 0) KSP residual norm 5.268400e-06
 70 (restart 0) KSP residual norm 4.026370e-06
 71 (restart 0) KSP residual norm 3.030528e-06
 72 (restart 0) KSP residual norm 2.389155e-06
 73 (restart 0) KSP residual norm 1.905334e-06
 74 (restart 0) KSP residual norm 1.582191e-06
 75 (restart 0) KSP residual norm 1.340543e-06
 76 (restart 0) KSP residual norm 1.145263e-06
 77 (restart 0) KSP residual norm 9.775969e-07
 78 (restart 0) KSP residual norm 8.348462e-07
 79 (restart 0) KSP residual norm 7.000335e-07
 80 (restart 0) KSP residual norm 5.900142e-07
 81 (restart 0) KSP residual norm 4.972601e-07
 82 (restart 0) KSP residual norm 4.144797e-07
GMRES solver converged in 82 iterations (avg. reduction factor: 7.978e-01)

Greedy iteration 5 (n = 12): ω* = 2.606e+00 GHz (9.614e+00), error = 5.124e-01, memory = 0/2
 Field energy E (1.081e-07 J) + H (1.080e-07 J) = 2.161e-07 J

  Residual norms for GMRES solve
  0 (restart 0) KSP residual norm 1.475283e+02
  1 (restart 0) KSP residual norm 4.967410e+01
  2 (restart 0) KSP residual norm 4.015945e+01
  3 (restart 0) KSP residual norm 3.032856e+01
  4 (restart 0) KSP residual norm 6.857498e+00
  5 (restart 0) KSP residual norm 1.640106e+00
  6 (restart 0) KSP residual norm 9.589607e-01
  7 (restart 0) KSP residual norm 5.973226e-01
  8 (restart 0) KSP residual norm 3.159458e-01
  9 (restart 0) KSP residual norm 2.428962e-01
 10 (restart 0) KSP residual norm 1.873856e-01
 11 (restart 0) KSP residual norm 1.123451e-01
 12 (restart 0) KSP residual norm 5.732531e-02
 13 (restart 0) KSP residual norm 4.894666e-02
 14 (restart 0) KSP residual norm 3.854424e-02
 15 (restart 0) KSP residual norm 2.732987e-02
 16 (restart 0) KSP residual norm 1.593408e-02
 17 (restart 0) KSP residual norm 8.189616e-03
 18 (restart 0) KSP residual norm 6.330979e-03
 19 (restart 0) KSP residual norm 3.852320e-03
 20 (restart 0) KSP residual norm 2.855491e-03
 21 (restart 0) KSP residual norm 1.874812e-03
 22 (restart 0) KSP residual norm 1.354118e-03
 23 (restart 0) KSP residual norm 9.921963e-04
 24 (restart 0) KSP residual norm 7.066430e-04
 25 (restart 0) KSP residual norm 5.101191e-04
 26 (restart 0) KSP residual norm 3.316660e-04
 27 (restart 0) KSP residual norm 2.312220e-04
 28 (restart 0) KSP residual norm 1.690047e-04
 29 (restart 0) KSP residual norm 1.106935e-04
 30 (restart 0) KSP residual norm 8.298880e-05
 31 (restart 0) KSP residual norm 6.264639e-05
 32 (restart 0) KSP residual norm 4.400466e-05
 33 (restart 0) KSP residual norm 3.477912e-05
 34 (restart 0) KSP residual norm 2.689395e-05
 35 (restart 0) KSP residual norm 2.099447e-05
 36 (restart 0) KSP residual norm 1.704364e-05
 37 (restart 0) KSP residual norm 1.326520e-05
 38 (restart 0) KSP residual norm 1.010140e-05
 39 (restart 0) KSP residual norm 7.980895e-06
 40 (restart 0) KSP residual norm 6.403521e-06
 41 (restart 0) KSP residual norm 5.126777e-06
 42 (restart 0) KSP residual norm 4.221947e-06
 43 (restart 0) KSP residual norm 3.415170e-06
 44 (restart 0) KSP residual norm 2.805680e-06
 45 (restart 0) KSP residual norm 2.390638e-06
 46 (restart 0) KSP residual norm 2.088741e-06
 47 (restart 0) KSP residual norm 1.837697e-06
 48 (restart 0) KSP residual norm 1.587341e-06
 49 (restart 0) KSP residual norm 1.358022e-06
GMRES solver converged in 49 iterations (avg. reduction factor: 6.855e-01)

Greedy iteration 6 (n = 14): ω* = 2.630e+00 GHz (9.702e+00), error = 6.392e-03, memory = 0/2
 Field energy E (4.387e-11 J) + H (4.035e-11 J) = 8.422e-11 J

  Residual norms for GMRES solve
  0 (restart 0) KSP residual norm 4.627508e+01
  1 (restart 0) KSP residual norm 4.357357e+01
  2 (restart 0) KSP residual norm 3.780966e+01
  3 (restart 0) KSP residual norm 3.147550e+01
  4 (restart 0) KSP residual norm 1.159836e+01
  5 (restart 0) KSP residual norm 3.760135e+00
  6 (restart 0) KSP residual norm 3.296992e+00
  7 (restart 0) KSP residual norm 1.224071e+00
  8 (restart 0) KSP residual norm 8.163075e-01
  9 (restart 0) KSP residual norm 3.642298e-01
 10 (restart 0) KSP residual norm 2.424008e-01
 11 (restart 0) KSP residual norm 1.964550e-01
 12 (restart 0) KSP residual norm 1.590436e-01
 13 (restart 0) KSP residual norm 1.449686e-01
 14 (restart 0) KSP residual norm 1.389388e-01
 15 (restart 0) KSP residual norm 1.361747e-01
 16 (restart 0) KSP residual norm 1.275248e-01
 17 (restart 0) KSP residual norm 1.248352e-01
 18 (restart 0) KSP residual norm 1.133198e-01
 19 (restart 0) KSP residual norm 8.565839e-02
 20 (restart 0) KSP residual norm 7.056396e-02
 21 (restart 0) KSP residual norm 5.306185e-02
 22 (restart 0) KSP residual norm 3.824994e-02
 23 (restart 0) KSP residual norm 2.745703e-02
 24 (restart 0) KSP residual norm 2.326047e-02
 25 (restart 0) KSP residual norm 1.940873e-02
 26 (restart 0) KSP residual norm 1.482062e-02
 27 (restart 0) KSP residual norm 1.390183e-02
 28 (restart 0) KSP residual norm 1.263652e-02
 29 (restart 0) KSP residual norm 1.152496e-02
 30 (restart 0) KSP residual norm 1.106016e-02
 31 (restart 0) KSP residual norm 1.037671e-02
 32 (restart 0) KSP residual norm 8.999461e-03
 33 (restart 0) KSP residual norm 8.036984e-03
 34 (restart 0) KSP residual norm 6.756125e-03
 35 (restart 0) KSP residual norm 5.254834e-03
 36 (restart 0) KSP residual norm 3.998005e-03
 37 (restart 0) KSP residual norm 3.081678e-03
 38 (restart 0) KSP residual norm 2.140076e-03
 39 (restart 0) KSP residual norm 1.592919e-03
 40 (restart 0) KSP residual norm 1.152392e-03
 41 (restart 0) KSP residual norm 8.027683e-04
 42 (restart 0) KSP residual norm 6.142793e-04
 43 (restart 0) KSP residual norm 4.367866e-04
 44 (restart 0) KSP residual norm 3.097278e-04
 45 (restart 0) KSP residual norm 2.352885e-04
 46 (restart 0) KSP residual norm 1.774378e-04
 47 (restart 0) KSP residual norm 1.354070e-04
 48 (restart 0) KSP residual norm 1.050186e-04
 49 (restart 0) KSP residual norm 7.905220e-05
 50 (restart 0) KSP residual norm 5.865867e-05
 51 (restart 0) KSP residual norm 4.362974e-05
 52 (restart 0) KSP residual norm 3.251451e-05
 53 (restart 0) KSP residual norm 2.368881e-05
 54 (restart 0) KSP residual norm 1.819829e-05
 55 (restart 0) KSP residual norm 1.382264e-05
 56 (restart 0) KSP residual norm 1.058538e-05
 57 (restart 0) KSP residual norm 7.964892e-06
 58 (restart 0) KSP residual norm 5.728709e-06
 59 (restart 0) KSP residual norm 4.427148e-06
 60 (restart 0) KSP residual norm 3.568965e-06
 61 (restart 0) KSP residual norm 2.798441e-06
 62 (restart 0) KSP residual norm 2.212300e-06
 63 (restart 0) KSP residual norm 1.784477e-06
 64 (restart 0) KSP residual norm 1.450310e-06
 65 (restart 0) KSP residual norm 1.176206e-06
 66 (restart 0) KSP residual norm 9.864266e-07
 67 (restart 0) KSP residual norm 8.475445e-07
 68 (restart 0) KSP residual norm 7.388019e-07
 69 (restart 0) KSP residual norm 6.271600e-07
 70 (restart 0) KSP residual norm 5.028736e-07
 71 (restart 0) KSP residual norm 3.897865e-07
GMRES solver converged in 71 iterations (avg. reduction factor: 7.696e-01)

Greedy iteration 7 (n = 16): ω* = 2.606e+00 GHz (9.613e+00), error = 6.216e-04, memory = 1/2
 Field energy E (1.977e-08 J) + H (1.976e-08 J) = 3.953e-08 J

  Residual norms for GMRES solve
  0 (restart 0) KSP residual norm 4.219397e+01
  1 (restart 0) KSP residual norm 3.533575e+01
  2 (restart 0) KSP residual norm 2.319301e+00
  3 (restart 0) KSP residual norm 1.325522e+00
  4 (restart 0) KSP residual norm 1.101481e+00
  5 (restart 0) KSP residual norm 1.083276e+00
  6 (restart 0) KSP residual norm 5.168425e-01
  7 (restart 0) KSP residual norm 4.337433e-01
  8 (restart 0) KSP residual norm 2.177185e-01
  9 (restart 0) KSP residual norm 1.454115e-01
 10 (restart 0) KSP residual norm 7.264489e-02
 11 (restart 0) KSP residual norm 3.310713e-02
 12 (restart 0) KSP residual norm 2.136307e-02
 13 (restart 0) KSP residual norm 1.255991e-02
 14 (restart 0) KSP residual norm 7.177218e-03
 15 (restart 0) KSP residual norm 4.844561e-03
 16 (restart 0) KSP residual norm 3.117101e-03
 17 (restart 0) KSP residual norm 2.221729e-03
 18 (restart 0) KSP residual norm 1.691482e-03
 19 (restart 0) KSP residual norm 9.303317e-04
 20 (restart 0) KSP residual norm 6.587850e-04
 21 (restart 0) KSP residual norm 4.803438e-04
 22 (restart 0) KSP residual norm 3.141841e-04
 23 (restart 0) KSP residual norm 2.372045e-04
 24 (restart 0) KSP residual norm 1.657844e-04
 25 (restart 0) KSP residual norm 1.252315e-04
 26 (restart 0) KSP residual norm 8.942560e-05
 27 (restart 0) KSP residual norm 6.166675e-05
 28 (restart 0) KSP residual norm 4.602301e-05
 29 (restart 0) KSP residual norm 3.351886e-05
 30 (restart 0) KSP residual norm 2.575009e-05
 31 (restart 0) KSP residual norm 1.979733e-05
 32 (restart 0) KSP residual norm 1.550276e-05
 33 (restart 0) KSP residual norm 1.247266e-05
 34 (restart 0) KSP residual norm 9.628437e-06
 35 (restart 0) KSP residual norm 7.766183e-06
 36 (restart 0) KSP residual norm 6.201359e-06
 37 (restart 0) KSP residual norm 4.828823e-06
 38 (restart 0) KSP residual norm 3.924157e-06
 39 (restart 0) KSP residual norm 3.311340e-06
 40 (restart 0) KSP residual norm 2.667947e-06
 41 (restart 0) KSP residual norm 2.281874e-06
 42 (restart 0) KSP residual norm 1.998144e-06
 43 (restart 0) KSP residual norm 1.710166e-06
 44 (restart 0) KSP residual norm 1.490396e-06
 45 (restart 0) KSP residual norm 1.303196e-06
 46 (restart 0) KSP residual norm 1.127464e-06
 47 (restart 0) KSP residual norm 9.606285e-07
 48 (restart 0) KSP residual norm 7.807773e-07
 49 (restart 0) KSP residual norm 6.323829e-07
 50 (restart 0) KSP residual norm 5.200293e-07
 51 (restart 0) KSP residual norm 4.250886e-07
 52 (restart 0) KSP residual norm 3.500292e-07
GMRES solver converged in 52 iterations (avg. reduction factor: 6.992e-01)

Greedy iteration 8 (n = 18): ω* = 2.335e+00 GHz (8.615e+00), error = 3.462e-03, memory = 0/2
 Field energy E (7.088e-11 J) + H (7.264e-11 J) = 1.435e-10 J

  Residual norms for GMRES solve
  0 (restart 0) KSP residual norm 3.828428e+01
  1 (restart 0) KSP residual norm 1.518408e+01
  2 (restart 0) KSP residual norm 4.794600e+00
  3 (restart 0) KSP residual norm 1.984191e+00
  4 (restart 0) KSP residual norm 1.269529e+00
  5 (restart 0) KSP residual norm 3.596039e-01
  6 (restart 0) KSP residual norm 3.041408e-01
  7 (restart 0) KSP residual norm 2.706928e-01
  8 (restart 0) KSP residual norm 2.254215e-01
  9 (restart 0) KSP residual norm 2.037178e-01
 10 (restart 0) KSP residual norm 1.355465e-01
 11 (restart 0) KSP residual norm 8.499618e-02
 12 (restart 0) KSP residual norm 5.600949e-02
 13 (restart 0) KSP residual norm 3.375019e-02
 14 (restart 0) KSP residual norm 1.675514e-02
 15 (restart 0) KSP residual norm 9.031990e-03
 16 (restart 0) KSP residual norm 5.092347e-03
 17 (restart 0) KSP residual norm 3.591176e-03
 18 (restart 0) KSP residual norm 2.718048e-03
 19 (restart 0) KSP residual norm 1.751742e-03
 20 (restart 0) KSP residual norm 1.280663e-03
 21 (restart 0) KSP residual norm 8.569689e-04
 22 (restart 0) KSP residual norm 5.718220e-04
 23 (restart 0) KSP residual norm 3.849399e-04
 24 (restart 0) KSP residual norm 2.447635e-04
 25 (restart 0) KSP residual norm 1.793712e-04
 26 (restart 0) KSP residual norm 1.271374e-04
 27 (restart 0) KSP residual norm 9.230362e-05
 28 (restart 0) KSP residual norm 6.647693e-05
 29 (restart 0) KSP residual norm 4.838488e-05
 30 (restart 0) KSP residual norm 3.737384e-05
 31 (restart 0) KSP residual norm 2.712039e-05
 32 (restart 0) KSP residual norm 2.113365e-05
 33 (restart 0) KSP residual norm 1.589632e-05
 34 (restart 0) KSP residual norm 1.226664e-05
 35 (restart 0) KSP residual norm 1.012261e-05
 36 (restart 0) KSP residual norm 8.158084e-06
 37 (restart 0) KSP residual norm 6.302490e-06
 38 (restart 0) KSP residual norm 5.056444e-06
 39 (restart 0) KSP residual norm 4.029404e-06
 40 (restart 0) KSP residual norm 3.226326e-06
 41 (restart 0) KSP residual norm 2.692320e-06
 42 (restart 0) KSP residual norm 2.257497e-06
 43 (restart 0) KSP residual norm 1.919343e-06
 44 (restart 0) KSP residual norm 1.692175e-06
 45 (restart 0) KSP residual norm 1.473751e-06
 46 (restart 0) KSP residual norm 1.275853e-06
 47 (restart 0) KSP residual norm 1.112406e-06
 48 (restart 0) KSP residual norm 9.567506e-07
 49 (restart 0) KSP residual norm 8.022468e-07
 50 (restart 0) KSP residual norm 6.458668e-07
 51 (restart 0) KSP residual norm 5.118952e-07
 52 (restart 0) KSP residual norm 4.187484e-07
 53 (restart 0) KSP residual norm 3.484341e-07
GMRES solver converged in 53 iterations (avg. reduction factor: 7.052e-01)

Greedy iteration 9 (n = 20): ω* = 2.352e+00 GHz (8.678e+00), error = 3.821e-05, memory = 1/2
 Field energy E (1.534e-10 J) + H (1.538e-10 J) = 3.072e-10 J

  Residual norms for GMRES solve
  0 (restart 0) KSP residual norm 3.864723e+01
  1 (restart 0) KSP residual norm 4.908398e+00
  2 (restart 0) KSP residual norm 4.245353e+00
  3 (restart 0) KSP residual norm 3.968472e+00
  4 (restart 0) KSP residual norm 2.444080e+00
  5 (restart 0) KSP residual norm 1.144488e+00
  6 (restart 0) KSP residual norm 6.199754e-01
  7 (restart 0) KSP residual norm 2.812763e-01
  8 (restart 0) KSP residual norm 1.910045e-01
  9 (restart 0) KSP residual norm 1.266333e-01
 10 (restart 0) KSP residual norm 7.616289e-02
 11 (restart 0) KSP residual norm 3.877106e-02
 12 (restart 0) KSP residual norm 2.360761e-02
 13 (restart 0) KSP residual norm 1.432597e-02
 14 (restart 0) KSP residual norm 7.375918e-03
 15 (restart 0) KSP residual norm 4.619940e-03
 16 (restart 0) KSP residual norm 2.932286e-03
 17 (restart 0) KSP residual norm 2.010386e-03
 18 (restart 0) KSP residual norm 1.589194e-03
 19 (restart 0) KSP residual norm 1.087887e-03
 20 (restart 0) KSP residual norm 7.617452e-04
 21 (restart 0) KSP residual norm 5.168344e-04
 22 (restart 0) KSP residual norm 3.353388e-04
 23 (restart 0) KSP residual norm 2.331134e-04
 24 (restart 0) KSP residual norm 1.626897e-04
 25 (restart 0) KSP residual norm 1.204731e-04
 26 (restart 0) KSP residual norm 9.045518e-05
 27 (restart 0) KSP residual norm 6.884769e-05
 28 (restart 0) KSP residual norm 4.996568e-05
 29 (restart 0) KSP residual norm 3.881659e-05
 30 (restart 0) KSP residual norm 3.042779e-05
 31 (restart 0) KSP residual norm 2.306170e-05
 32 (restart 0) KSP residual norm 1.872019e-05
 33 (restart 0) KSP residual norm 1.426738e-05
 34 (restart 0) KSP residual norm 1.123017e-05
 35 (restart 0) KSP residual norm 9.129676e-06
 36 (restart 0) KSP residual norm 7.070654e-06
 37 (restart 0) KSP residual norm 5.737729e-06
 38 (restart 0) KSP residual norm 4.516274e-06
 39 (restart 0) KSP residual norm 3.467514e-06
 40 (restart 0) KSP residual norm 2.881736e-06
 41 (restart 0) KSP residual norm 2.477291e-06
 42 (restart 0) KSP residual norm 2.121079e-06
 43 (restart 0) KSP residual norm 1.843759e-06
 44 (restart 0) KSP residual norm 1.639211e-06
 45 (restart 0) KSP residual norm 1.426531e-06
 46 (restart 0) KSP residual norm 1.225533e-06
 47 (restart 0) KSP residual norm 1.057886e-06
 48 (restart 0) KSP residual norm 8.702827e-07
 49 (restart 0) KSP residual norm 6.901569e-07
 50 (restart 0) KSP residual norm 5.562134e-07
 51 (restart 0) KSP residual norm 4.541799e-07
 52 (restart 0) KSP residual norm 3.704827e-07
GMRES solver converged in 52 iterations (avg. reduction factor: 7.011e-01)

Greedy iteration 10 (n = 22): ω* = 2.459e+00 GHz (9.070e+00), error = 3.988e-05, memory = 2/2
 Field energy E (1.694e-10 J) + H (1.698e-10 J) = 3.392e-10 J

Adaptive sampling converged with 12 frequency samples:
 n = 24, error = 3.988e-05, tol = 1.000e-03, memory = 2/2
 Sampled frequencies (GHz): 2.300e+00, 2.650e+00, 2.481e+00, 2.424e+00,
                            2.368e+00, 2.596e+00, 2.606e+00, 2.630e+00,
                            2.606e+00, 2.335e+00, 2.352e+00, 2.459e+00
 Sample errors: inf, inf, 3.557e-01, 2.087e-01, 3.677e-02,
                1.430e-01, 5.124e-01, 6.392e-03, 6.216e-04, 3.462e-03,
                3.821e-05, 3.988e-05
 Total offline phase elapsed time: 1.91e+02 s

Beginning fast frequency sweep online phase

It 1/1751: ω/2π = 2.300e+00 GHz (total elapsed time = 1.91e+02 s)

 Sol. ||E|| = 3.812544e+01
 Field energy E (4.067e-11 J) + H (4.403e-11 J) = 8.470e-11 J
 S[1][1] = +9.972e-01+4.870e-02i, |S[1][1]| = -1.412e-02, arg(S[1][1]) = +2.796e+00

It 2/1751: ω/2π = 2.300e+00 GHz (total elapsed time = 1.91e+02 s)

 Sol. ||E|| = 3.812635e+01
 Field energy E (4.073e-11 J) + H (4.408e-11 J) = 8.482e-11 J
 S[1][1] = +9.972e-01+4.860e-02i, |S[1][1]| = -1.417e-02, arg(S[1][1]) = +2.790e+00

It 3/1751: ω/2π = 2.300e+00 GHz (total elapsed time = 1.91e+02 s)

 Sol. ||E|| = 3.812727e+01
 Field energy E (4.080e-11 J) + H (4.414e-11 J) = 8.494e-11 J
 S[1][1] = +9.972e-01+4.849e-02i, |S[1][1]| = -1.423e-02, arg(S[1][1]) = +2.784e+00

It 4/1751: ω/2π = 2.301e+00 GHz (total elapsed time = 1.91e+02 s)

 Sol. ||E|| = 3.812819e+01
 Field energy E (4.086e-11 J) + H (4.420e-11 J) = 8.506e-11 J
 S[1][1] = +9.972e-01+4.838e-02i, |S[1][1]| = -1.429e-02, arg(S[1][1]) = +2.778e+00

It 5/1751: ω/2π = 2.301e+00 GHz (total elapsed time = 1.91e+02 s)

 Sol. ||E|| = 3.812911e+01
 Field energy E (4.093e-11 J) + H (4.425e-11 J) = 8.518e-11 J
 S[1][1] = +9.972e-01+4.828e-02i, |S[1][1]| = -1.434e-02, arg(S[1][1]) = +2.772e+00

It 6/1751: ω/2π = 2.301e+00 GHz (total elapsed time = 1.91e+02 s)

 Sol. ||E|| = 3.813005e+01
 Field energy E (4.099e-11 J) + H (4.431e-11 J) = 8.530e-11 J
 S[1][1] = +9.972e-01+4.817e-02i, |S[1][1]| = -1.440e-02, arg(S[1][1]) = +2.766e+00

It 7/1751: ω/2π = 2.301e+00 GHz (total elapsed time = 1.91e+02 s)

 Sol. ||E|| = 3.813099e+01
 Field energy E (4.106e-11 J) + H (4.437e-11 J) = 8.543e-11 J
 S[1][1] = +9.972e-01+4.807e-02i, |S[1][1]| = -1.446e-02, arg(S[1][1]) = +2.760e+00

It 8/1751: ω/2π = 2.301e+00 GHz (total elapsed time = 1.91e+02 s)

 Sol. ||E|| = 3.813193e+01
 Field energy E (4.113e-11 J) + H (4.443e-11 J) = 8.555e-11 J
 S[1][1] = +9.972e-01+4.796e-02i, |S[1][1]| = -1.452e-02, arg(S[1][1]) = +2.754e+00

It 9/1751: ω/2π = 2.302e+00 GHz (total elapsed time = 1.91e+02 s)

 Sol. ||E|| = 3.813289e+01
 Field energy E (4.119e-11 J) + H (4.449e-11 J) = 8.568e-11 J
 S[1][1] = +9.972e-01+4.785e-02i, |S[1][1]| = -1.458e-02, arg(S[1][1]) = +2.747e+00

It 10/1751: ω/2π = 2.302e+00 GHz (total elapsed time = 1.91e+02 s)

 Sol. ||E|| = 3.813385e+01
 Field energy E (4.126e-11 J) + H (4.455e-11 J) = 8.581e-11 J
 S[1][1] = +9.972e-01+4.775e-02i, |S[1][1]| = -1.464e-02, arg(S[1][1]) = +2.741e+00

It 11/1751: ω/2π = 2.302e+00 GHz (total elapsed time = 1.91e+02 s)

 Sol. ||E|| = 3.813481e+01
 Field energy E (4.133e-11 J) + H (4.461e-11 J) = 8.594e-11 J
 S[1][1] = +9.972e-01+4.764e-02i, |S[1][1]| = -1.470e-02, arg(S[1][1]) = +2.735e+00

It 12/1751: ω/2π = 2.302e+00 GHz (total elapsed time = 1.91e+02 s)

 Sol. ||E|| = 3.813579e+01
 Field energy E (4.140e-11 J) + H (4.467e-11 J) = 8.607e-11 J
 S[1][1] = +9.972e-01+4.753e-02i, |S[1][1]| = -1.476e-02, arg(S[1][1]) = +2.729e+00

It 13/1751: ω/2π = 2.302e+00 GHz (total elapsed time = 1.91e+02 s)

 Sol. ||E|| = 3.813677e+01
 Field energy E (4.147e-11 J) + H (4.473e-11 J) = 8.620e-11 J
 S[1][1] = +9.972e-01+4.742e-02i, |S[1][1]| = -1.482e-02, arg(S[1][1]) = +2.723e+00

It 14/1751: ω/2π = 2.303e+00 GHz (total elapsed time = 1.91e+02 s)

 Sol. ||E|| = 3.813776e+01
 Field energy E (4.154e-11 J) + H (4.479e-11 J) = 8.633e-11 J
 S[1][1] = +9.972e-01+4.732e-02i, |S[1][1]| = -1.488e-02, arg(S[1][1]) = +2.717e+00

It 15/1751: ω/2π = 2.303e+00 GHz (total elapsed time = 1.91e+02 s)

 Sol. ||E|| = 3.813875e+01
 Field energy E (4.161e-11 J) + H (4.485e-11 J) = 8.646e-11 J
 S[1][1] = +9.972e-01+4.721e-02i, |S[1][1]| = -1.494e-02, arg(S[1][1]) = +2.710e+00

It 16/1751: ω/2π = 2.303e+00 GHz (total elapsed time = 1.91e+02 s)

 Sol. ||E|| = 3.813975e+01
 Field energy E (4.168e-11 J) + H (4.492e-11 J) = 8.660e-11 J
 S[1][1] = +9.972e-01+4.710e-02i, |S[1][1]| = -1.500e-02, arg(S[1][1]) = +2.704e+00

It 17/1751: ω/2π = 2.303e+00 GHz (total elapsed time = 1.91e+02 s)

 Sol. ||E|| = 3.814076e+01
 Field energy E (4.175e-11 J) + H (4.498e-11 J) = 8.673e-11 J
 S[1][1] = +9.972e-01+4.699e-02i, |S[1][1]| = -1.507e-02, arg(S[1][1]) = +2.698e+00

It 18/1751: ω/2π = 2.303e+00 GHz (total elapsed time = 1.91e+02 s)

 Sol. ||E|| = 3.814178e+01
 Field energy E (4.182e-11 J) + H (4.505e-11 J) = 8.687e-11 J
 S[1][1] = +9.972e-01+4.688e-02i, |S[1][1]| = -1.513e-02, arg(S[1][1]) = +2.692e+00

It 19/1751: ω/2π = 2.304e+00 GHz (total elapsed time = 1.91e+02 s)

 Sol. ||E|| = 3.814281e+01
 Field energy E (4.189e-11 J) + H (4.511e-11 J) = 8.701e-11 J
 S[1][1] = +9.972e-01+4.678e-02i, |S[1][1]| = -1.519e-02, arg(S[1][1]) = +2.686e+00

It 20/1751: ω/2π = 2.304e+00 GHz (total elapsed time = 1.91e+02 s)

 Sol. ||E|| = 3.814384e+01
 Field energy E (4.197e-11 J) + H (4.518e-11 J) = 8.715e-11 J
 S[1][1] = +9.972e-01+4.667e-02i, |S[1][1]| = -1.526e-02, arg(S[1][1]) = +2.679e+00

It 21/1751: ω/2π = 2.304e+00 GHz (total elapsed time = 1.92e+02 s)

 Sol. ||E|| = 3.814488e+01
 Field energy E (4.204e-11 J) + H (4.524e-11 J) = 8.729e-11 J
 S[1][1] = +9.972e-01+4.656e-02i, |S[1][1]| = -1.532e-02, arg(S[1][1]) = +2.673e+00

It 22/1751: ω/2π = 2.304e+00 GHz (total elapsed time = 1.92e+02 s)

 Sol. ||E|| = 3.814593e+01
 Field energy E (4.212e-11 J) + H (4.531e-11 J) = 8.743e-11 J
 S[1][1] = +9.971e-01+4.645e-02i, |S[1][1]| = -1.539e-02, arg(S[1][1]) = +2.667e+00

It 23/1751: ω/2π = 2.304e+00 GHz (total elapsed time = 1.92e+02 s)

 Sol. ||E|| = 3.814698e+01
 Field energy E (4.219e-11 J) + H (4.538e-11 J) = 8.757e-11 J
 S[1][1] = +9.971e-01+4.634e-02i, |S[1][1]| = -1.546e-02, arg(S[1][1]) = +2.661e+00

It 24/1751: ω/2π = 2.305e+00 GHz (total elapsed time = 1.92e+02 s)

 Sol. ||E|| = 3.814805e+01
 Field energy E (4.227e-11 J) + H (4.545e-11 J) = 8.772e-11 J
 S[1][1] = +9.971e-01+4.623e-02i, |S[1][1]| = -1.552e-02, arg(S[1][1]) = +2.655e+00

It 25/1751: ω/2π = 2.305e+00 GHz (total elapsed time = 1.92e+02 s)

 Sol. ||E|| = 3.814912e+01
 Field energy E (4.235e-11 J) + H (4.552e-11 J) = 8.786e-11 J
 S[1][1] = +9.971e-01+4.612e-02i, |S[1][1]| = -1.559e-02, arg(S[1][1]) = +2.648e+00

It 26/1751: ω/2π = 2.305e+00 GHz (total elapsed time = 1.92e+02 s)

 Sol. ||E|| = 3.815020e+01
 Field energy E (4.242e-11 J) + H (4.558e-11 J) = 8.801e-11 J
 S[1][1] = +9.971e-01+4.601e-02i, |S[1][1]| = -1.566e-02, arg(S[1][1]) = +2.642e+00

It 27/1751: ω/2π = 2.305e+00 GHz (total elapsed time = 1.92e+02 s)

 Sol. ||E|| = 3.815129e+01
 Field energy E (4.250e-11 J) + H (4.566e-11 J) = 8.816e-11 J
 S[1][1] = +9.971e-01+4.590e-02i, |S[1][1]| = -1.573e-02, arg(S[1][1]) = +2.636e+00

It 28/1751: ω/2π = 2.305e+00 GHz (total elapsed time = 1.92e+02 s)

 Sol. ||E|| = 3.815238e+01
 Field energy E (4.258e-11 J) + H (4.573e-11 J) = 8.831e-11 J
 S[1][1] = +9.971e-01+4.579e-02i, |S[1][1]| = -1.580e-02, arg(S[1][1]) = +2.629e+00

It 29/1751: ω/2π = 2.306e+00 GHz (total elapsed time = 1.92e+02 s)

 Sol. ||E|| = 3.815349e+01
 Field energy E (4.266e-11 J) + H (4.580e-11 J) = 8.846e-11 J
 S[1][1] = +9.971e-01+4.568e-02i, |S[1][1]| = -1.587e-02, arg(S[1][1]) = +2.623e+00

It 30/1751: ω/2π = 2.306e+00 GHz (total elapsed time = 1.92e+02 s)

 Sol. ||E|| = 3.815460e+01
 Field energy E (4.274e-11 J) + H (4.587e-11 J) = 8.861e-11 J
 S[1][1] = +9.971e-01+4.557e-02i, |S[1][1]| = -1.594e-02, arg(S[1][1]) = +2.617e+00

It 31/1751: ω/2π = 2.306e+00 GHz (total elapsed time = 1.92e+02 s)

 Sol. ||E|| = 3.815572e+01
 Field energy E (4.282e-11 J) + H (4.594e-11 J) = 8.876e-11 J
 S[1][1] = +9.971e-01+4.546e-02i, |S[1][1]| = -1.601e-02, arg(S[1][1]) = +2.610e+00

It 32/1751: ω/2π = 2.306e+00 GHz (total elapsed time = 1.92e+02 s)

 Sol. ||E|| = 3.815685e+01
 Field energy E (4.290e-11 J) + H (4.602e-11 J) = 8.892e-11 J
 S[1][1] = +9.971e-01+4.535e-02i, |S[1][1]| = -1.608e-02, arg(S[1][1]) = +2.604e+00

It 33/1751: ω/2π = 2.306e+00 GHz (total elapsed time = 1.92e+02 s)

 Sol. ||E|| = 3.815799e+01
 Field energy E (4.298e-11 J) + H (4.609e-11 J) = 8.907e-11 J
 S[1][1] = +9.971e-01+4.524e-02i, |S[1][1]| = -1.615e-02, arg(S[1][1]) = +2.598e+00

It 34/1751: ω/2π = 2.307e+00 GHz (total elapsed time = 1.92e+02 s)

 Sol. ||E|| = 3.815914e+01
 Field energy E (4.307e-11 J) + H (4.617e-11 J) = 8.923e-11 J
 S[1][1] = +9.971e-01+4.513e-02i, |S[1][1]| = -1.623e-02, arg(S[1][1]) = +2.591e+00

It 35/1751: ω/2π = 2.307e+00 GHz (total elapsed time = 1.92e+02 s)

 Sol. ||E|| = 3.816030e+01
 Field energy E (4.315e-11 J) + H (4.624e-11 J) = 8.939e-11 J
 S[1][1] = +9.971e-01+4.502e-02i, |S[1][1]| = -1.630e-02, arg(S[1][1]) = +2.585e+00

It 36/1751: ω/2π = 2.307e+00 GHz (total elapsed time = 1.92e+02 s)

 Sol. ||E|| = 3.816146e+01
 Field energy E (4.323e-11 J) + H (4.632e-11 J) = 8.955e-11 J
 S[1][1] = +9.971e-01+4.491e-02i, |S[1][1]| = -1.638e-02, arg(S[1][1]) = +2.579e+00

It 37/1751: ω/2π = 2.307e+00 GHz (total elapsed time = 1.92e+02 s)

 Sol. ||E|| = 3.816264e+01
 Field energy E (4.332e-11 J) + H (4.639e-11 J) = 8.971e-11 J
 S[1][1] = +9.971e-01+4.479e-02i, |S[1][1]| = -1.645e-02, arg(S[1][1]) = +2.572e+00

It 38/1751: ω/2π = 2.307e+00 GHz (total elapsed time = 1.92e+02 s)

 Sol. ||E|| = 3.816382e+01
 Field energy E (4.341e-11 J) + H (4.647e-11 J) = 8.988e-11 J
 S[1][1] = +9.971e-01+4.468e-02i, |S[1][1]| = -1.653e-02, arg(S[1][1]) = +2.566e+00

It 39/1751: ω/2π = 2.308e+00 GHz (total elapsed time = 1.92e+02 s)

 Sol. ||E|| = 3.816502e+01
 Field energy E (4.349e-11 J) + H (4.655e-11 J) = 9.004e-11 J
 S[1][1] = +9.971e-01+4.457e-02i, |S[1][1]| = -1.661e-02, arg(S[1][1]) = +2.559e+00

It 40/1751: ω/2π = 2.308e+00 GHz (total elapsed time = 1.93e+02 s)

 Sol. ||E|| = 3.816622e+01
 Field energy E (4.358e-11 J) + H (4.663e-11 J) = 9.021e-11 J
 S[1][1] = +9.971e-01+4.446e-02i, |S[1][1]| = -1.668e-02, arg(S[1][1]) = +2.553e+00

It 41/1751: ω/2π = 2.308e+00 GHz (total elapsed time = 1.93e+02 s)

 Sol. ||E|| = 3.816744e+01
 Field energy E (4.367e-11 J) + H (4.671e-11 J) = 9.038e-11 J
 S[1][1] = +9.971e-01+4.435e-02i, |S[1][1]| = -1.676e-02, arg(S[1][1]) = +2.547e+00

It 42/1751: ω/2π = 2.308e+00 GHz (total elapsed time = 1.93e+02 s)

 Sol. ||E|| = 3.816866e+01
 Field energy E (4.376e-11 J) + H (4.679e-11 J) = 9.055e-11 J
 S[1][1] = +9.971e-01+4.423e-02i, |S[1][1]| = -1.684e-02, arg(S[1][1]) = +2.540e+00

It 43/1751: ω/2π = 2.308e+00 GHz (total elapsed time = 1.93e+02 s)

 Sol. ||E|| = 3.816989e+01
 Field energy E (4.385e-11 J) + H (4.687e-11 J) = 9.072e-11 J
 S[1][1] = +9.971e-01+4.412e-02i, |S[1][1]| = -1.692e-02, arg(S[1][1]) = +2.534e+00

It 44/1751: ω/2π = 2.309e+00 GHz (total elapsed time = 1.93e+02 s)

 Sol. ||E|| = 3.817114e+01
 Field energy E (4.394e-11 J) + H (4.696e-11 J) = 9.089e-11 J
 S[1][1] = +9.971e-01+4.401e-02i, |S[1][1]| = -1.700e-02, arg(S[1][1]) = +2.527e+00

It 45/1751: ω/2π = 2.309e+00 GHz (total elapsed time = 1.93e+02 s)

 Sol. ||E|| = 3.817239e+01
 Field energy E (4.403e-11 J) + H (4.704e-11 J) = 9.107e-11 J
 S[1][1] = +9.971e-01+4.389e-02i, |S[1][1]| = -1.708e-02, arg(S[1][1]) = +2.521e+00

It 46/1751: ω/2π = 2.309e+00 GHz (total elapsed time = 1.93e+02 s)

 Sol. ||E|| = 3.817365e+01
 Field energy E (4.412e-11 J) + H (4.712e-11 J) = 9.124e-11 J
 S[1][1] = +9.971e-01+4.378e-02i, |S[1][1]| = -1.716e-02, arg(S[1][1]) = +2.514e+00

It 47/1751: ω/2π = 2.309e+00 GHz (total elapsed time = 1.93e+02 s)

 Sol. ||E|| = 3.817493e+01
 Field energy E (4.421e-11 J) + H (4.721e-11 J) = 9.142e-11 J
 S[1][1] = +9.971e-01+4.367e-02i, |S[1][1]| = -1.725e-02, arg(S[1][1]) = +2.508e+00

It 48/1751: ω/2π = 2.309e+00 GHz (total elapsed time = 1.93e+02 s)

 Sol. ||E|| = 3.817621e+01
 Field energy E (4.431e-11 J) + H (4.729e-11 J) = 9.160e-11 J
 S[1][1] = +9.971e-01+4.355e-02i, |S[1][1]| = -1.733e-02, arg(S[1][1]) = +2.501e+00

It 49/1751: ω/2π = 2.310e+00 GHz (total elapsed time = 1.93e+02 s)

 Sol. ||E|| = 3.817751e+01
 Field energy E (4.440e-11 J) + H (4.738e-11 J) = 9.178e-11 J
 S[1][1] = +9.971e-01+4.344e-02i, |S[1][1]| = -1.741e-02, arg(S[1][1]) = +2.495e+00

It 50/1751: ω/2π = 2.310e+00 GHz (total elapsed time = 1.93e+02 s)

 Sol. ||E|| = 3.817881e+01
 Field energy E (4.450e-11 J) + H (4.747e-11 J) = 9.197e-11 J
 S[1][1] = +9.970e-01+4.333e-02i, |S[1][1]| = -1.750e-02, arg(S[1][1]) = +2.488e+00

It 51/1751: ω/2π = 2.310e+00 GHz (total elapsed time = 1.93e+02 s)

 Sol. ||E|| = 3.818013e+01
 Field energy E (4.459e-11 J) + H (4.756e-11 J) = 9.215e-11 J
 S[1][1] = +9.970e-01+4.321e-02i, |S[1][1]| = -1.759e-02, arg(S[1][1]) = +2.482e+00

It 52/1751: ω/2π = 2.310e+00 GHz (total elapsed time = 1.93e+02 s)

 Sol. ||E|| = 3.818146e+01
 Field energy E (4.469e-11 J) + H (4.765e-11 J) = 9.234e-11 J
 S[1][1] = +9.970e-01+4.310e-02i, |S[1][1]| = -1.767e-02, arg(S[1][1]) = +2.475e+00

It 53/1751: ω/2π = 2.310e+00 GHz (total elapsed time = 1.93e+02 s)

 Sol. ||E|| = 3.818279e+01
 Field energy E (4.479e-11 J) + H (4.774e-11 J) = 9.253e-11 J
 S[1][1] = +9.970e-01+4.298e-02i, |S[1][1]| = -1.776e-02, arg(S[1][1]) = +2.468e+00

It 54/1751: ω/2π = 2.311e+00 GHz (total elapsed time = 1.93e+02 s)

 Sol. ||E|| = 3.818414e+01
 Field energy E (4.489e-11 J) + H (4.783e-11 J) = 9.272e-11 J
 S[1][1] = +9.970e-01+4.287e-02i, |S[1][1]| = -1.785e-02, arg(S[1][1]) = +2.462e+00

It 55/1751: ω/2π = 2.311e+00 GHz (total elapsed time = 1.93e+02 s)

 Sol. ||E|| = 3.818551e+01
 Field energy E (4.499e-11 J) + H (4.792e-11 J) = 9.291e-11 J
 S[1][1] = +9.970e-01+4.275e-02i, |S[1][1]| = -1.794e-02, arg(S[1][1]) = +2.455e+00

It 56/1751: ω/2π = 2.311e+00 GHz (total elapsed time = 1.93e+02 s)

 Sol. ||E|| = 3.818688e+01
 Field energy E (4.509e-11 J) + H (4.801e-11 J) = 9.310e-11 J
 S[1][1] = +9.970e-01+4.263e-02i, |S[1][1]| = -1.803e-02, arg(S[1][1]) = +2.449e+00

It 57/1751: ω/2π = 2.311e+00 GHz (total elapsed time = 1.93e+02 s)

 Sol. ||E|| = 3.818826e+01
 Field energy E (4.519e-11 J) + H (4.811e-11 J) = 9.330e-11 J
 S[1][1] = +9.970e-01+4.252e-02i, |S[1][1]| = -1.812e-02, arg(S[1][1]) = +2.442e+00

It 58/1751: ω/2π = 2.311e+00 GHz (total elapsed time = 1.93e+02 s)

 Sol. ||E|| = 3.818966e+01
 Field energy E (4.530e-11 J) + H (4.820e-11 J) = 9.350e-11 J
 S[1][1] = +9.970e-01+4.240e-02i, |S[1][1]| = -1.821e-02, arg(S[1][1]) = +2.435e+00

It 59/1751: ω/2π = 2.312e+00 GHz (total elapsed time = 1.94e+02 s)

 Sol. ||E|| = 3.819107e+01
 Field energy E (4.540e-11 J) + H (4.830e-11 J) = 9.370e-11 J
 S[1][1] = +9.970e-01+4.229e-02i, |S[1][1]| = -1.831e-02, arg(S[1][1]) = +2.429e+00

It 60/1751: ω/2π = 2.312e+00 GHz (total elapsed time = 1.94e+02 s)

 Sol. ||E|| = 3.819249e+01
 Field energy E (4.551e-11 J) + H (4.839e-11 J) = 9.390e-11 J
 S[1][1] = +9.970e-01+4.217e-02i, |S[1][1]| = -1.840e-02, arg(S[1][1]) = +2.422e+00

It 61/1751: ω/2π = 2.312e+00 GHz (total elapsed time = 1.94e+02 s)

 Sol. ||E|| = 3.819392e+01
 Field energy E (4.561e-11 J) + H (4.849e-11 J) = 9.410e-11 J
 S[1][1] = +9.970e-01+4.205e-02i, |S[1][1]| = -1.849e-02, arg(S[1][1]) = +2.415e+00

It 62/1751: ω/2π = 2.312e+00 GHz (total elapsed time = 1.94e+02 s)

 Sol. ||E|| = 3.819537e+01
 Field energy E (4.572e-11 J) + H (4.859e-11 J) = 9.431e-11 J
 S[1][1] = +9.970e-01+4.194e-02i, |S[1][1]| = -1.859e-02, arg(S[1][1]) = +2.409e+00

It 63/1751: ω/2π = 2.312e+00 GHz (total elapsed time = 1.94e+02 s)

 Sol. ||E|| = 3.819682e+01
 Field energy E (4.583e-11 J) + H (4.869e-11 J) = 9.452e-11 J
 S[1][1] = +9.970e-01+4.182e-02i, |S[1][1]| = -1.869e-02, arg(S[1][1]) = +2.402e+00

It 64/1751: ω/2π = 2.313e+00 GHz (total elapsed time = 1.94e+02 s)

 Sol. ||E|| = 3.819829e+01
 Field energy E (4.594e-11 J) + H (4.879e-11 J) = 9.473e-11 J
 S[1][1] = +9.970e-01+4.170e-02i, |S[1][1]| = -1.878e-02, arg(S[1][1]) = +2.395e+00

It 65/1751: ω/2π = 2.313e+00 GHz (total elapsed time = 1.94e+02 s)

 Sol. ||E|| = 3.819978e+01
 Field energy E (4.605e-11 J) + H (4.889e-11 J) = 9.494e-11 J
 S[1][1] = +9.970e-01+4.158e-02i, |S[1][1]| = -1.888e-02, arg(S[1][1]) = +2.388e+00

It 66/1751: ω/2π = 2.313e+00 GHz (total elapsed time = 1.94e+02 s)

 Sol. ||E|| = 3.820128e+01
 Field energy E (4.616e-11 J) + H (4.900e-11 J) = 9.515e-11 J
 S[1][1] = +9.970e-01+4.147e-02i, |S[1][1]| = -1.898e-02, arg(S[1][1]) = +2.382e+00

It 67/1751: ω/2π = 2.313e+00 GHz (total elapsed time = 1.94e+02 s)

 Sol. ||E|| = 3.820278e+01
 Field energy E (4.627e-11 J) + H (4.910e-11 J) = 9.537e-11 J
 S[1][1] = +9.969e-01+4.135e-02i, |S[1][1]| = -1.908e-02, arg(S[1][1]) = +2.375e+00

It 68/1751: ω/2π = 2.313e+00 GHz (total elapsed time = 1.94e+02 s)

 Sol. ||E|| = 3.820431e+01
 Field energy E (4.638e-11 J) + H (4.920e-11 J) = 9.559e-11 J
 S[1][1] = +9.969e-01+4.123e-02i, |S[1][1]| = -1.918e-02, arg(S[1][1]) = +2.368e+00

It 69/1751: ω/2π = 2.314e+00 GHz (total elapsed time = 1.94e+02 s)

 Sol. ||E|| = 3.820585e+01
 Field energy E (4.650e-11 J) + H (4.931e-11 J) = 9.581e-11 J
 S[1][1] = +9.969e-01+4.111e-02i, |S[1][1]| = -1.929e-02, arg(S[1][1]) = +2.361e+00

It 70/1751: ω/2π = 2.314e+00 GHz (total elapsed time = 1.94e+02 s)

 Sol. ||E|| = 3.820740e+01
 Field energy E (4.661e-11 J) + H (4.942e-11 J) = 9.603e-11 J
 S[1][1] = +9.969e-01+4.099e-02i, |S[1][1]| = -1.939e-02, arg(S[1][1]) = +2.355e+00

It 71/1751: ω/2π = 2.314e+00 GHz (total elapsed time = 1.94e+02 s)

 Sol. ||E|| = 3.820896e+01
 Field energy E (4.673e-11 J) + H (4.953e-11 J) = 9.626e-11 J
 S[1][1] = +9.969e-01+4.087e-02i, |S[1][1]| = -1.950e-02, arg(S[1][1]) = +2.348e+00

It 72/1751: ω/2π = 2.314e+00 GHz (total elapsed time = 1.94e+02 s)

 Sol. ||E|| = 3.821054e+01
 Field energy E (4.685e-11 J) + H (4.964e-11 J) = 9.648e-11 J
 S[1][1] = +9.969e-01+4.075e-02i, |S[1][1]| = -1.960e-02, arg(S[1][1]) = +2.341e+00

It 73/1751: ω/2π = 2.314e+00 GHz (total elapsed time = 1.94e+02 s)

 Sol. ||E|| = 3.821213e+01
 Field energy E (4.697e-11 J) + H (4.975e-11 J) = 9.671e-11 J
 S[1][1] = +9.969e-01+4.063e-02i, |S[1][1]| = -1.971e-02, arg(S[1][1]) = +2.334e+00

It 74/1751: ω/2π = 2.315e+00 GHz (total elapsed time = 1.94e+02 s)

 Sol. ||E|| = 3.821374e+01
 Field energy E (4.709e-11 J) + H (4.986e-11 J) = 9.694e-11 J
 S[1][1] = +9.969e-01+4.051e-02i, |S[1][1]| = -1.982e-02, arg(S[1][1]) = +2.327e+00

It 75/1751: ω/2π = 2.315e+00 GHz (total elapsed time = 1.94e+02 s)

 Sol. ||E|| = 3.821536e+01
 Field energy E (4.721e-11 J) + H (4.997e-11 J) = 9.718e-11 J
 S[1][1] = +9.969e-01+4.039e-02i, |S[1][1]| = -1.993e-02, arg(S[1][1]) = +2.320e+00

It 76/1751: ω/2π = 2.315e+00 GHz (total elapsed time = 1.94e+02 s)

 Sol. ||E|| = 3.821700e+01
 Field energy E (4.733e-11 J) + H (5.008e-11 J) = 9.742e-11 J
 S[1][1] = +9.969e-01+4.027e-02i, |S[1][1]| = -2.004e-02, arg(S[1][1]) = +2.313e+00

It 77/1751: ω/2π = 2.315e+00 GHz (total elapsed time = 1.94e+02 s)

 Sol. ||E|| = 3.821865e+01
 Field energy E (4.745e-11 J) + H (5.020e-11 J) = 9.765e-11 J
 S[1][1] = +9.969e-01+4.015e-02i, |S[1][1]| = -2.015e-02, arg(S[1][1]) = +2.306e+00

It 78/1751: ω/2π = 2.315e+00 GHz (total elapsed time = 1.94e+02 s)

 Sol. ||E|| = 3.822032e+01
 Field energy E (4.758e-11 J) + H (5.032e-11 J) = 9.790e-11 J
 S[1][1] = +9.969e-01+4.003e-02i, |S[1][1]| = -2.026e-02, arg(S[1][1]) = +2.300e+00

It 79/1751: ω/2π = 2.316e+00 GHz (total elapsed time = 1.95e+02 s)

 Sol. ||E|| = 3.822200e+01
 Field energy E (4.771e-11 J) + H (5.043e-11 J) = 9.814e-11 J
 S[1][1] = +9.969e-01+3.991e-02i, |S[1][1]| = -2.037e-02, arg(S[1][1]) = +2.293e+00

It 80/1751: ω/2π = 2.316e+00 GHz (total elapsed time = 1.95e+02 s)

 Sol. ||E|| = 3.822370e+01
 Field energy E (4.783e-11 J) + H (5.055e-11 J) = 9.839e-11 J
 S[1][1] = +9.969e-01+3.979e-02i, |S[1][1]| = -2.049e-02, arg(S[1][1]) = +2.286e+00

It 81/1751: ω/2π = 2.316e+00 GHz (total elapsed time = 1.95e+02 s)

 Sol. ||E|| = 3.822541e+01
 Field energy E (4.796e-11 J) + H (5.067e-11 J) = 9.864e-11 J
 S[1][1] = +9.968e-01+3.966e-02i, |S[1][1]| = -2.061e-02, arg(S[1][1]) = +2.279e+00

It 82/1751: ω/2π = 2.316e+00 GHz (total elapsed time = 1.95e+02 s)

 Sol. ||E|| = 3.822714e+01
 Field energy E (4.809e-11 J) + H (5.080e-11 J) = 9.889e-11 J
 S[1][1] = +9.968e-01+3.954e-02i, |S[1][1]| = -2.072e-02, arg(S[1][1]) = +2.272e+00

It 83/1751: ω/2π = 2.316e+00 GHz (total elapsed time = 1.95e+02 s)

 Sol. ||E|| = 3.822889e+01
 Field energy E (4.822e-11 J) + H (5.092e-11 J) = 9.914e-11 J
 S[1][1] = +9.968e-01+3.942e-02i, |S[1][1]| = -2.084e-02, arg(S[1][1]) = +2.265e+00

It 84/1751: ω/2π = 2.317e+00 GHz (total elapsed time = 1.95e+02 s)

 Sol. ||E|| = 3.823065e+01
 Field energy E (4.836e-11 J) + H (5.104e-11 J) = 9.940e-11 J
 S[1][1] = +9.968e-01+3.930e-02i, |S[1][1]| = -2.096e-02, arg(S[1][1]) = +2.258e+00

It 85/1751: ω/2π = 2.317e+00 GHz (total elapsed time = 1.95e+02 s)

 Sol. ||E|| = 3.823243e+01
 Field energy E (4.849e-11 J) + H (5.117e-11 J) = 9.966e-11 J
 S[1][1] = +9.968e-01+3.917e-02i, |S[1][1]| = -2.108e-02, arg(S[1][1]) = +2.251e+00

It 86/1751: ω/2π = 2.317e+00 GHz (total elapsed time = 1.95e+02 s)

 Sol. ||E|| = 3.823423e+01
 Field energy E (4.863e-11 J) + H (5.129e-11 J) = 9.992e-11 J
 S[1][1] = +9.968e-01+3.905e-02i, |S[1][1]| = -2.121e-02, arg(S[1][1]) = +2.243e+00

It 87/1751: ω/2π = 2.317e+00 GHz (total elapsed time = 1.95e+02 s)

 Sol. ||E|| = 3.823604e+01
 Field energy E (4.876e-11 J) + H (5.142e-11 J) = 1.002e-10 J
 S[1][1] = +9.968e-01+3.893e-02i, |S[1][1]| = -2.133e-02, arg(S[1][1]) = +2.236e+00

It 88/1751: ω/2π = 2.317e+00 GHz (total elapsed time = 1.95e+02 s)

 Sol. ||E|| = 3.823788e+01
 Field energy E (4.890e-11 J) + H (5.155e-11 J) = 1.005e-10 J
 S[1][1] = +9.968e-01+3.880e-02i, |S[1][1]| = -2.145e-02, arg(S[1][1]) = +2.229e+00

It 89/1751: ω/2π = 2.318e+00 GHz (total elapsed time = 1.95e+02 s)

 Sol. ||E|| = 3.823973e+01
 Field energy E (4.904e-11 J) + H (5.168e-11 J) = 1.007e-10 J
 S[1][1] = +9.968e-01+3.868e-02i, |S[1][1]| = -2.158e-02, arg(S[1][1]) = +2.222e+00

It 90/1751: ω/2π = 2.318e+00 GHz (total elapsed time = 1.95e+02 s)

 Sol. ||E|| = 3.824159e+01
 Field energy E (4.918e-11 J) + H (5.182e-11 J) = 1.010e-10 J
 S[1][1] = +9.968e-01+3.855e-02i, |S[1][1]| = -2.171e-02, arg(S[1][1]) = +2.215e+00

It 91/1751: ω/2π = 2.318e+00 GHz (total elapsed time = 1.95e+02 s)

 Sol. ||E|| = 3.824348e+01
 Field energy E (4.933e-11 J) + H (5.195e-11 J) = 1.013e-10 J
 S[1][1] = +9.967e-01+3.843e-02i, |S[1][1]| = -2.184e-02, arg(S[1][1]) = +2.208e+00

It 92/1751: ω/2π = 2.318e+00 GHz (total elapsed time = 1.95e+02 s)

 Sol. ||E|| = 3.824538e+01
 Field energy E (4.947e-11 J) + H (5.209e-11 J) = 1.016e-10 J
 S[1][1] = +9.967e-01+3.830e-02i, |S[1][1]| = -2.197e-02, arg(S[1][1]) = +2.201e+00

It 93/1751: ω/2π = 2.318e+00 GHz (total elapsed time = 1.95e+02 s)

 Sol. ||E|| = 3.824730e+01
 Field energy E (4.962e-11 J) + H (5.222e-11 J) = 1.018e-10 J
 S[1][1] = +9.967e-01+3.818e-02i, |S[1][1]| = -2.210e-02, arg(S[1][1]) = +2.193e+00

It 94/1751: ω/2π = 2.319e+00 GHz (total elapsed time = 1.95e+02 s)

 Sol. ||E|| = 3.824925e+01
 Field energy E (4.977e-11 J) + H (5.236e-11 J) = 1.021e-10 J
 S[1][1] = +9.967e-01+3.805e-02i, |S[1][1]| = -2.223e-02, arg(S[1][1]) = +2.186e+00

It 95/1751: ω/2π = 2.319e+00 GHz (total elapsed time = 1.95e+02 s)

 Sol. ||E|| = 3.825121e+01
 Field energy E (4.991e-11 J) + H (5.250e-11 J) = 1.024e-10 J
 S[1][1] = +9.967e-01+3.792e-02i, |S[1][1]| = -2.237e-02, arg(S[1][1]) = +2.179e+00

It 96/1751: ω/2π = 2.319e+00 GHz (total elapsed time = 1.95e+02 s)

 Sol. ||E|| = 3.825319e+01
 Field energy E (5.006e-11 J) + H (5.264e-11 J) = 1.027e-10 J
 S[1][1] = +9.967e-01+3.780e-02i, |S[1][1]| = -2.250e-02, arg(S[1][1]) = +2.172e+00

It 97/1751: ω/2π = 2.319e+00 GHz (total elapsed time = 1.95e+02 s)

 Sol. ||E|| = 3.825519e+01
 Field energy E (5.022e-11 J) + H (5.279e-11 J) = 1.030e-10 J
 S[1][1] = +9.967e-01+3.767e-02i, |S[1][1]| = -2.264e-02, arg(S[1][1]) = +2.165e+00

It 98/1751: ω/2π = 2.319e+00 GHz (total elapsed time = 1.96e+02 s)

 Sol. ||E|| = 3.825721e+01
 Field energy E (5.037e-11 J) + H (5.293e-11 J) = 1.033e-10 J
 S[1][1] = +9.967e-01+3.754e-02i, |S[1][1]| = -2.278e-02, arg(S[1][1]) = +2.157e+00

It 99/1751: ω/2π = 2.320e+00 GHz (total elapsed time = 1.96e+02 s)

 Sol. ||E|| = 3.825925e+01
 Field energy E (5.053e-11 J) + H (5.308e-11 J) = 1.036e-10 J
 S[1][1] = +9.967e-01+3.742e-02i, |S[1][1]| = -2.292e-02, arg(S[1][1]) = +2.150e+00

It 100/1751: ω/2π = 2.320e+00 GHz (total elapsed time = 1.96e+02 s)

 Sol. ||E|| = 3.826131e+01
 Field energy E (5.068e-11 J) + H (5.323e-11 J) = 1.039e-10 J
 S[1][1] = +9.967e-01+3.729e-02i, |S[1][1]| = -2.307e-02, arg(S[1][1]) = +2.143e+00

It 101/1751: ω/2π = 2.320e+00 GHz (total elapsed time = 1.96e+02 s)

 Sol. ||E|| = 3.826339e+01
 Field energy E (5.084e-11 J) + H (5.338e-11 J) = 1.042e-10 J
 S[1][1] = +9.966e-01+3.716e-02i, |S[1][1]| = -2.321e-02, arg(S[1][1]) = +2.135e+00

It 102/1751: ω/2π = 2.320e+00 GHz (total elapsed time = 1.96e+02 s)

 Sol. ||E|| = 3.826549e+01
 Field energy E (5.100e-11 J) + H (5.353e-11 J) = 1.045e-10 J
 S[1][1] = +9.966e-01+3.703e-02i, |S[1][1]| = -2.336e-02, arg(S[1][1]) = +2.128e+00

It 103/1751: ω/2π = 2.320e+00 GHz (total elapsed time = 1.96e+02 s)

 Sol. ||E|| = 3.826761e+01
 Field energy E (5.117e-11 J) + H (5.368e-11 J) = 1.048e-10 J
 S[1][1] = +9.966e-01+3.690e-02i, |S[1][1]| = -2.350e-02, arg(S[1][1]) = +2.121e+00

It 104/1751: ω/2π = 2.321e+00 GHz (total elapsed time = 1.96e+02 s)

 Sol. ||E|| = 3.826976e+01
 Field energy E (5.133e-11 J) + H (5.384e-11 J) = 1.052e-10 J
 S[1][1] = +9.966e-01+3.677e-02i, |S[1][1]| = -2.365e-02, arg(S[1][1]) = +2.113e+00

It 105/1751: ω/2π = 2.321e+00 GHz (total elapsed time = 1.96e+02 s)

 Sol. ||E|| = 3.827193e+01
 Field energy E (5.150e-11 J) + H (5.399e-11 J) = 1.055e-10 J
 S[1][1] = +9.966e-01+3.664e-02i, |S[1][1]| = -2.380e-02, arg(S[1][1]) = +2.106e+00

It 106/1751: ω/2π = 2.321e+00 GHz (total elapsed time = 1.96e+02 s)

 Sol. ||E|| = 3.827412e+01
 Field energy E (5.166e-11 J) + H (5.415e-11 J) = 1.058e-10 J
 S[1][1] = +9.966e-01+3.651e-02i, |S[1][1]| = -2.396e-02, arg(S[1][1]) = +2.098e+00

It 107/1751: ω/2π = 2.321e+00 GHz (total elapsed time = 1.96e+02 s)

 Sol. ||E|| = 3.827633e+01
 Field energy E (5.183e-11 J) + H (5.431e-11 J) = 1.061e-10 J
 S[1][1] = +9.966e-01+3.638e-02i, |S[1][1]| = -2.411e-02, arg(S[1][1]) = +2.091e+00

It 108/1751: ω/2π = 2.321e+00 GHz (total elapsed time = 1.96e+02 s)

 Sol. ||E|| = 3.827857e+01
 Field energy E (5.200e-11 J) + H (5.447e-11 J) = 1.065e-10 J
 S[1][1] = +9.966e-01+3.625e-02i, |S[1][1]| = -2.427e-02, arg(S[1][1]) = +2.083e+00

It 109/1751: ω/2π = 2.322e+00 GHz (total elapsed time = 1.96e+02 s)

 Sol. ||E|| = 3.828083e+01
 Field energy E (5.218e-11 J) + H (5.464e-11 J) = 1.068e-10 J
 S[1][1] = +9.965e-01+3.612e-02i, |S[1][1]| = -2.442e-02, arg(S[1][1]) = +2.076e+00

It 110/1751: ω/2π = 2.322e+00 GHz (total elapsed time = 1.96e+02 s)

 Sol. ||E|| = 3.828311e+01
 Field energy E (5.235e-11 J) + H (5.481e-11 J) = 1.072e-10 J
 S[1][1] = +9.965e-01+3.599e-02i, |S[1][1]| = -2.458e-02, arg(S[1][1]) = +2.068e+00

It 111/1751: ω/2π = 2.322e+00 GHz (total elapsed time = 1.96e+02 s)

 Sol. ||E|| = 3.828542e+01
 Field energy E (5.253e-11 J) + H (5.497e-11 J) = 1.075e-10 J
 S[1][1] = +9.965e-01+3.586e-02i, |S[1][1]| = -2.475e-02, arg(S[1][1]) = +2.061e+00

It 112/1751: ω/2π = 2.322e+00 GHz (total elapsed time = 1.96e+02 s)

 Sol. ||E|| = 3.828775e+01
 Field energy E (5.271e-11 J) + H (5.514e-11 J) = 1.079e-10 J
 S[1][1] = +9.965e-01+3.572e-02i, |S[1][1]| = -2.491e-02, arg(S[1][1]) = +2.053e+00

It 113/1751: ω/2π = 2.322e+00 GHz (total elapsed time = 1.96e+02 s)

 Sol. ||E|| = 3.829011e+01
 Field energy E (5.289e-11 J) + H (5.532e-11 J) = 1.082e-10 J
 S[1][1] = +9.965e-01+3.559e-02i, |S[1][1]| = -2.507e-02, arg(S[1][1]) = +2.045e+00

It 114/1751: ω/2π = 2.323e+00 GHz (total elapsed time = 1.96e+02 s)

 Sol. ||E|| = 3.829249e+01
 Field energy E (5.308e-11 J) + H (5.549e-11 J) = 1.086e-10 J
 S[1][1] = +9.965e-01+3.546e-02i, |S[1][1]| = -2.524e-02, arg(S[1][1]) = +2.038e+00

It 115/1751: ω/2π = 2.323e+00 GHz (total elapsed time = 1.96e+02 s)

 Sol. ||E|| = 3.829490e+01
 Field energy E (5.326e-11 J) + H (5.567e-11 J) = 1.089e-10 J
 S[1][1] = +9.965e-01+3.532e-02i, |S[1][1]| = -2.541e-02, arg(S[1][1]) = +2.030e+00

It 116/1751: ω/2π = 2.323e+00 GHz (total elapsed time = 1.96e+02 s)

 Sol. ||E|| = 3.829733e+01
 Field energy E (5.345e-11 J) + H (5.584e-11 J) = 1.093e-10 J
 S[1][1] = +9.964e-01+3.519e-02i, |S[1][1]| = -2.558e-02, arg(S[1][1]) = +2.023e+00

It 117/1751: ω/2π = 2.323e+00 GHz (total elapsed time = 1.97e+02 s)

 Sol. ||E|| = 3.829979e+01
 Field energy E (5.364e-11 J) + H (5.602e-11 J) = 1.097e-10 J
 S[1][1] = +9.964e-01+3.505e-02i, |S[1][1]| = -2.576e-02, arg(S[1][1]) = +2.015e+00

It 118/1751: ω/2π = 2.323e+00 GHz (total elapsed time = 1.97e+02 s)

 Sol. ||E|| = 3.830228e+01
 Field energy E (5.383e-11 J) + H (5.621e-11 J) = 1.100e-10 J
 S[1][1] = +9.964e-01+3.492e-02i, |S[1][1]| = -2.593e-02, arg(S[1][1]) = +2.007e+00

It 119/1751: ω/2π = 2.324e+00 GHz (total elapsed time = 1.97e+02 s)

 Sol. ||E|| = 3.830479e+01
 Field energy E (5.402e-11 J) + H (5.639e-11 J) = 1.104e-10 J
 S[1][1] = +9.964e-01+3.478e-02i, |S[1][1]| = -2.611e-02, arg(S[1][1]) = +1.999e+00

It 120/1751: ω/2π = 2.324e+00 GHz (total elapsed time = 1.97e+02 s)

 Sol. ||E|| = 3.830733e+01
 Field energy E (5.422e-11 J) + H (5.658e-11 J) = 1.108e-10 J
 S[1][1] = +9.964e-01+3.465e-02i, |S[1][1]| = -2.629e-02, arg(S[1][1]) = +1.992e+00

It 121/1751: ω/2π = 2.324e+00 GHz (total elapsed time = 1.97e+02 s)

 Sol. ||E|| = 3.830990e+01
 Field energy E (5.442e-11 J) + H (5.677e-11 J) = 1.112e-10 J
 S[1][1] = +9.964e-01+3.451e-02i, |S[1][1]| = -2.647e-02, arg(S[1][1]) = +1.984e+00

It 122/1751: ω/2π = 2.324e+00 GHz (total elapsed time = 1.97e+02 s)

 Sol. ||E|| = 3.831250e+01
 Field energy E (5.462e-11 J) + H (5.696e-11 J) = 1.116e-10 J
 S[1][1] = +9.963e-01+3.438e-02i, |S[1][1]| = -2.665e-02, arg(S[1][1]) = +1.976e+00

It 123/1751: ω/2π = 2.324e+00 GHz (total elapsed time = 1.97e+02 s)

 Sol. ||E|| = 3.831513e+01
 Field energy E (5.482e-11 J) + H (5.715e-11 J) = 1.120e-10 J
 S[1][1] = +9.963e-01+3.424e-02i, |S[1][1]| = -2.684e-02, arg(S[1][1]) = +1.968e+00

It 124/1751: ω/2π = 2.325e+00 GHz (total elapsed time = 1.97e+02 s)

 Sol. ||E|| = 3.831778e+01
 Field energy E (5.503e-11 J) + H (5.735e-11 J) = 1.124e-10 J
 S[1][1] = +9.963e-01+3.410e-02i, |S[1][1]| = -2.703e-02, arg(S[1][1]) = +1.960e+00

It 125/1751: ω/2π = 2.325e+00 GHz (total elapsed time = 1.97e+02 s)

 Sol. ||E|| = 3.832047e+01
 Field energy E (5.524e-11 J) + H (5.755e-11 J) = 1.128e-10 J
 S[1][1] = +9.963e-01+3.396e-02i, |S[1][1]| = -2.722e-02, arg(S[1][1]) = +1.952e+00

It 126/1751: ω/2π = 2.325e+00 GHz (total elapsed time = 1.97e+02 s)

 Sol. ||E|| = 3.832318e+01
 Field energy E (5.545e-11 J) + H (5.775e-11 J) = 1.132e-10 J
 S[1][1] = +9.963e-01+3.382e-02i, |S[1][1]| = -2.741e-02, arg(S[1][1]) = +1.944e+00

It 127/1751: ω/2π = 2.325e+00 GHz (total elapsed time = 1.97e+02 s)

 Sol. ||E|| = 3.832593e+01
 Field energy E (5.566e-11 J) + H (5.795e-11 J) = 1.136e-10 J
 S[1][1] = +9.963e-01+3.369e-02i, |S[1][1]| = -2.761e-02, arg(S[1][1]) = +1.937e+00

It 128/1751: ω/2π = 2.325e+00 GHz (total elapsed time = 1.97e+02 s)

 Sol. ||E|| = 3.832871e+01
 Field energy E (5.588e-11 J) + H (5.816e-11 J) = 1.140e-10 J
 S[1][1] = +9.962e-01+3.355e-02i, |S[1][1]| = -2.781e-02, arg(S[1][1]) = +1.929e+00

It 129/1751: ω/2π = 2.326e+00 GHz (total elapsed time = 1.97e+02 s)

 Sol. ||E|| = 3.833152e+01
 Field energy E (5.610e-11 J) + H (5.837e-11 J) = 1.145e-10 J
 S[1][1] = +9.962e-01+3.341e-02i, |S[1][1]| = -2.801e-02, arg(S[1][1]) = +1.921e+00

It 130/1751: ω/2π = 2.326e+00 GHz (total elapsed time = 1.97e+02 s)

 Sol. ||E|| = 3.833436e+01
 Field energy E (5.632e-11 J) + H (5.858e-11 J) = 1.149e-10 J
 S[1][1] = +9.962e-01+3.327e-02i, |S[1][1]| = -2.821e-02, arg(S[1][1]) = +1.913e+00

It 131/1751: ω/2π = 2.326e+00 GHz (total elapsed time = 1.97e+02 s)

 Sol. ||E|| = 3.833723e+01
 Field energy E (5.654e-11 J) + H (5.879e-11 J) = 1.153e-10 J
 S[1][1] = +9.962e-01+3.313e-02i, |S[1][1]| = -2.841e-02, arg(S[1][1]) = +1.905e+00

It 132/1751: ω/2π = 2.326e+00 GHz (total elapsed time = 1.97e+02 s)

 Sol. ||E|| = 3.834014e+01
 Field energy E (5.677e-11 J) + H (5.901e-11 J) = 1.158e-10 J
 S[1][1] = +9.962e-01+3.298e-02i, |S[1][1]| = -2.862e-02, arg(S[1][1]) = +1.896e+00

It 133/1751: ω/2π = 2.326e+00 GHz (total elapsed time = 1.97e+02 s)

 Sol. ||E|| = 3.834308e+01
 Field energy E (5.700e-11 J) + H (5.923e-11 J) = 1.162e-10 J
 S[1][1] = +9.961e-01+3.284e-02i, |S[1][1]| = -2.883e-02, arg(S[1][1]) = +1.888e+00

It 134/1751: ω/2π = 2.327e+00 GHz (total elapsed time = 1.97e+02 s)

 Sol. ||E|| = 3.834606e+01
 Field energy E (5.723e-11 J) + H (5.945e-11 J) = 1.167e-10 J
 S[1][1] = +9.961e-01+3.270e-02i, |S[1][1]| = -2.905e-02, arg(S[1][1]) = +1.880e+00

It 135/1751: ω/2π = 2.327e+00 GHz (total elapsed time = 1.97e+02 s)

 Sol. ||E|| = 3.834907e+01
 Field energy E (5.747e-11 J) + H (5.968e-11 J) = 1.171e-10 J
 S[1][1] = +9.961e-01+3.256e-02i, |S[1][1]| = -2.926e-02, arg(S[1][1]) = +1.872e+00

It 136/1751: ω/2π = 2.327e+00 GHz (total elapsed time = 1.97e+02 s)

 Sol. ||E|| = 3.835211e+01
 Field energy E (5.770e-11 J) + H (5.991e-11 J) = 1.176e-10 J
 S[1][1] = +9.961e-01+3.241e-02i, |S[1][1]| = -2.948e-02, arg(S[1][1]) = +1.864e+00

It 137/1751: ω/2π = 2.327e+00 GHz (total elapsed time = 1.98e+02 s)

 Sol. ||E|| = 3.835519e+01
 Field energy E (5.794e-11 J) + H (6.014e-11 J) = 1.181e-10 J
 S[1][1] = +9.961e-01+3.227e-02i, |S[1][1]| = -2.970e-02, arg(S[1][1]) = +1.856e+00

It 138/1751: ω/2π = 2.327e+00 GHz (total elapsed time = 1.98e+02 s)

 Sol. ||E|| = 3.835831e+01
 Field energy E (5.819e-11 J) + H (6.037e-11 J) = 1.186e-10 J
 S[1][1] = +9.960e-01+3.213e-02i, |S[1][1]| = -2.993e-02, arg(S[1][1]) = +1.847e+00

It 139/1751: ω/2π = 2.328e+00 GHz (total elapsed time = 1.98e+02 s)

 Sol. ||E|| = 3.836147e+01
 Field energy E (5.844e-11 J) + H (6.061e-11 J) = 1.190e-10 J
 S[1][1] = +9.960e-01+3.198e-02i, |S[1][1]| = -3.015e-02, arg(S[1][1]) = +1.839e+00

It 140/1751: ω/2π = 2.328e+00 GHz (total elapsed time = 1.98e+02 s)

 Sol. ||E|| = 3.836466e+01
 Field energy E (5.869e-11 J) + H (6.085e-11 J) = 1.195e-10 J
 S[1][1] = +9.960e-01+3.184e-02i, |S[1][1]| = -3.038e-02, arg(S[1][1]) = +1.831e+00

It 141/1751: ω/2π = 2.328e+00 GHz (total elapsed time = 1.98e+02 s)

 Sol. ||E|| = 3.836789e+01
 Field energy E (5.894e-11 J) + H (6.109e-11 J) = 1.200e-10 J
 S[1][1] = +9.960e-01+3.169e-02i, |S[1][1]| = -3.062e-02, arg(S[1][1]) = +1.822e+00

It 142/1751: ω/2π = 2.328e+00 GHz (total elapsed time = 1.98e+02 s)

 Sol. ||E|| = 3.837116e+01
 Field energy E (5.919e-11 J) + H (6.134e-11 J) = 1.205e-10 J
 S[1][1] = +9.960e-01+3.154e-02i, |S[1][1]| = -3.085e-02, arg(S[1][1]) = +1.814e+00

It 143/1751: ω/2π = 2.328e+00 GHz (total elapsed time = 1.98e+02 s)

 Sol. ||E|| = 3.837447e+01
 Field energy E (5.945e-11 J) + H (6.159e-11 J) = 1.210e-10 J
 S[1][1] = +9.959e-01+3.140e-02i, |S[1][1]| = -3.109e-02, arg(S[1][1]) = +1.806e+00

It 144/1751: ω/2π = 2.329e+00 GHz (total elapsed time = 1.98e+02 s)

 Sol. ||E|| = 3.837782e+01
 Field energy E (5.972e-11 J) + H (6.184e-11 J) = 1.216e-10 J
 S[1][1] = +9.959e-01+3.125e-02i, |S[1][1]| = -3.133e-02, arg(S[1][1]) = +1.797e+00

It 145/1751: ω/2π = 2.329e+00 GHz (total elapsed time = 1.98e+02 s)

 Sol. ||E|| = 3.838121e+01
 Field energy E (5.998e-11 J) + H (6.209e-11 J) = 1.221e-10 J
 S[1][1] = +9.959e-01+3.110e-02i, |S[1][1]| = -3.158e-02, arg(S[1][1]) = +1.789e+00

It 146/1751: ω/2π = 2.329e+00 GHz (total elapsed time = 1.98e+02 s)

 Sol. ||E|| = 3.838465e+01
 Field energy E (6.025e-11 J) + H (6.235e-11 J) = 1.226e-10 J
 S[1][1] = +9.959e-01+3.095e-02i, |S[1][1]| = -3.183e-02, arg(S[1][1]) = +1.780e+00

It 147/1751: ω/2π = 2.329e+00 GHz (total elapsed time = 1.98e+02 s)

 Sol. ||E|| = 3.838812e+01
 Field energy E (6.053e-11 J) + H (6.262e-11 J) = 1.231e-10 J
 S[1][1] = +9.958e-01+3.080e-02i, |S[1][1]| = -3.208e-02, arg(S[1][1]) = +1.772e+00

It 148/1751: ω/2π = 2.329e+00 GHz (total elapsed time = 1.98e+02 s)

 Sol. ||E|| = 3.839164e+01
 Field energy E (6.080e-11 J) + H (6.288e-11 J) = 1.237e-10 J
 S[1][1] = +9.958e-01+3.065e-02i, |S[1][1]| = -3.234e-02, arg(S[1][1]) = +1.763e+00

It 149/1751: ω/2π = 2.330e+00 GHz (total elapsed time = 1.98e+02 s)

 Sol. ||E|| = 3.839520e+01
 Field energy E (6.108e-11 J) + H (6.315e-11 J) = 1.242e-10 J
 S[1][1] = +9.958e-01+3.050e-02i, |S[1][1]| = -3.260e-02, arg(S[1][1]) = +1.755e+00

It 150/1751: ω/2π = 2.330e+00 GHz (total elapsed time = 1.98e+02 s)

 Sol. ||E|| = 3.839881e+01
 Field energy E (6.137e-11 J) + H (6.343e-11 J) = 1.248e-10 J
 S[1][1] = +9.958e-01+3.035e-02i, |S[1][1]| = -3.286e-02, arg(S[1][1]) = +1.746e+00

It 151/1751: ω/2π = 2.330e+00 GHz (total elapsed time = 1.98e+02 s)

 Sol. ||E|| = 3.840246e+01
 Field energy E (6.166e-11 J) + H (6.370e-11 J) = 1.254e-10 J
 S[1][1] = +9.957e-01+3.020e-02i, |S[1][1]| = -3.312e-02, arg(S[1][1]) = +1.737e+00

It 152/1751: ω/2π = 2.330e+00 GHz (total elapsed time = 1.98e+02 s)

 Sol. ||E|| = 3.840616e+01
 Field energy E (6.195e-11 J) + H (6.398e-11 J) = 1.259e-10 J
 S[1][1] = +9.957e-01+3.005e-02i, |S[1][1]| = -3.339e-02, arg(S[1][1]) = +1.729e+00

It 153/1751: ω/2π = 2.330e+00 GHz (total elapsed time = 1.98e+02 s)

 Sol. ||E|| = 3.840990e+01
 Field energy E (6.224e-11 J) + H (6.427e-11 J) = 1.265e-10 J
 S[1][1] = +9.957e-01+2.990e-02i, |S[1][1]| = -3.367e-02, arg(S[1][1]) = +1.720e+00

It 154/1751: ω/2π = 2.331e+00 GHz (total elapsed time = 1.98e+02 s)

 Sol. ||E|| = 3.841370e+01
 Field energy E (6.254e-11 J) + H (6.456e-11 J) = 1.271e-10 J
 S[1][1] = +9.957e-01+2.974e-02i, |S[1][1]| = -3.394e-02, arg(S[1][1]) = +1.711e+00

It 155/1751: ω/2π = 2.331e+00 GHz (total elapsed time = 1.98e+02 s)

 Sol. ||E|| = 3.841754e+01
 Field energy E (6.285e-11 J) + H (6.485e-11 J) = 1.277e-10 J
 S[1][1] = +9.956e-01+2.959e-02i, |S[1][1]| = -3.423e-02, arg(S[1][1]) = +1.702e+00

It 156/1751: ω/2π = 2.331e+00 GHz (total elapsed time = 1.99e+02 s)

 Sol. ||E|| = 3.842143e+01
 Field energy E (6.315e-11 J) + H (6.515e-11 J) = 1.283e-10 J
 S[1][1] = +9.956e-01+2.943e-02i, |S[1][1]| = -3.451e-02, arg(S[1][1]) = +1.693e+00

It 157/1751: ω/2π = 2.331e+00 GHz (total elapsed time = 1.99e+02 s)

 Sol. ||E|| = 3.842537e+01
 Field energy E (6.347e-11 J) + H (6.545e-11 J) = 1.289e-10 J
 S[1][1] = +9.956e-01+2.928e-02i, |S[1][1]| = -3.480e-02, arg(S[1][1]) = +1.684e+00

It 158/1751: ω/2π = 2.331e+00 GHz (total elapsed time = 1.99e+02 s)

 Sol. ||E|| = 3.842936e+01
 Field energy E (6.378e-11 J) + H (6.575e-11 J) = 1.295e-10 J
 S[1][1] = +9.955e-01+2.912e-02i, |S[1][1]| = -3.509e-02, arg(S[1][1]) = +1.676e+00

It 159/1751: ω/2π = 2.332e+00 GHz (total elapsed time = 1.99e+02 s)

 Sol. ||E|| = 3.843340e+01
 Field energy E (6.410e-11 J) + H (6.606e-11 J) = 1.302e-10 J
 S[1][1] = +9.955e-01+2.897e-02i, |S[1][1]| = -3.539e-02, arg(S[1][1]) = +1.667e+00

It 160/1751: ω/2π = 2.332e+00 GHz (total elapsed time = 1.99e+02 s)

 Sol. ||E|| = 3.843750e+01
 Field energy E (6.443e-11 J) + H (6.638e-11 J) = 1.308e-10 J
 S[1][1] = +9.955e-01+2.881e-02i, |S[1][1]| = -3.569e-02, arg(S[1][1]) = +1.658e+00

It 161/1751: ω/2π = 2.332e+00 GHz (total elapsed time = 1.99e+02 s)

 Sol. ||E|| = 3.844165e+01
 Field energy E (6.476e-11 J) + H (6.670e-11 J) = 1.315e-10 J
 S[1][1] = +9.955e-01+2.865e-02i, |S[1][1]| = -3.600e-02, arg(S[1][1]) = +1.649e+00

It 162/1751: ω/2π = 2.332e+00 GHz (total elapsed time = 1.99e+02 s)

 Sol. ||E|| = 3.844586e+01
 Field energy E (6.509e-11 J) + H (6.702e-11 J) = 1.321e-10 J
 S[1][1] = +9.954e-01+2.849e-02i, |S[1][1]| = -3.631e-02, arg(S[1][1]) = +1.639e+00

It 163/1751: ω/2π = 2.332e+00 GHz (total elapsed time = 1.99e+02 s)

 Sol. ||E|| = 3.845012e+01
 Field energy E (6.543e-11 J) + H (6.735e-11 J) = 1.328e-10 J
 S[1][1] = +9.954e-01+2.833e-02i, |S[1][1]| = -3.662e-02, arg(S[1][1]) = +1.630e+00

It 164/1751: ω/2π = 2.333e+00 GHz (total elapsed time = 1.99e+02 s)

 Sol. ||E|| = 3.845443e+01
 Field energy E (6.577e-11 J) + H (6.768e-11 J) = 1.334e-10 J
 S[1][1] = +9.954e-01+2.817e-02i, |S[1][1]| = -3.694e-02, arg(S[1][1]) = +1.621e+00

It 165/1751: ω/2π = 2.333e+00 GHz (total elapsed time = 1.99e+02 s)

 Sol. ||E|| = 3.845881e+01
 Field energy E (6.612e-11 J) + H (6.801e-11 J) = 1.341e-10 J
 S[1][1] = +9.953e-01+2.801e-02i, |S[1][1]| = -3.726e-02, arg(S[1][1]) = +1.612e+00

It 166/1751: ω/2π = 2.333e+00 GHz (total elapsed time = 1.99e+02 s)

 Sol. ||E|| = 3.846325e+01
 Field energy E (6.647e-11 J) + H (6.836e-11 J) = 1.348e-10 J
 S[1][1] = +9.953e-01+2.785e-02i, |S[1][1]| = -3.759e-02, arg(S[1][1]) = +1.603e+00

It 167/1751: ω/2π = 2.333e+00 GHz (total elapsed time = 1.99e+02 s)

 Sol. ||E|| = 3.846774e+01
 Field energy E (6.683e-11 J) + H (6.870e-11 J) = 1.355e-10 J
 S[1][1] = +9.953e-01+2.769e-02i, |S[1][1]| = -3.792e-02, arg(S[1][1]) = +1.594e+00

It 168/1751: ω/2π = 2.333e+00 GHz (total elapsed time = 1.99e+02 s)

 Sol. ||E|| = 3.847230e+01
 Field energy E (6.719e-11 J) + H (6.905e-11 J) = 1.362e-10 J
 S[1][1] = +9.952e-01+2.752e-02i, |S[1][1]| = -3.826e-02, arg(S[1][1]) = +1.584e+00

It 169/1751: ω/2π = 2.334e+00 GHz (total elapsed time = 1.99e+02 s)

 Sol. ||E|| = 3.847691e+01
 Field energy E (6.756e-11 J) + H (6.941e-11 J) = 1.370e-10 J
 S[1][1] = +9.952e-01+2.736e-02i, |S[1][1]| = -3.860e-02, arg(S[1][1]) = +1.575e+00

It 170/1751: ω/2π = 2.334e+00 GHz (total elapsed time = 1.99e+02 s)

 Sol. ||E|| = 3.848160e+01
 Field energy E (6.793e-11 J) + H (6.977e-11 J) = 1.377e-10 J
 S[1][1] = +9.952e-01+2.720e-02i, |S[1][1]| = -3.895e-02, arg(S[1][1]) = +1.565e+00

It 171/1751: ω/2π = 2.334e+00 GHz (total elapsed time = 1.99e+02 s)

 Sol. ||E|| = 3.848634e+01
 Field energy E (6.831e-11 J) + H (7.014e-11 J) = 1.384e-10 J
 S[1][1] = +9.951e-01+2.703e-02i, |S[1][1]| = -3.930e-02, arg(S[1][1]) = +1.556e+00

It 172/1751: ω/2π = 2.334e+00 GHz (total elapsed time = 1.99e+02 s)

 Sol. ||E|| = 3.849115e+01
 Field energy E (6.869e-11 J) + H (7.051e-11 J) = 1.392e-10 J
 S[1][1] = +9.951e-01+2.687e-02i, |S[1][1]| = -3.966e-02, arg(S[1][1]) = +1.546e+00

It 173/1751: ω/2π = 2.334e+00 GHz (total elapsed time = 1.99e+02 s)

 Sol. ||E|| = 3.849603e+01
 Field energy E (6.908e-11 J) + H (7.089e-11 J) = 1.400e-10 J
 S[1][1] = +9.950e-01+2.670e-02i, |S[1][1]| = -4.002e-02, arg(S[1][1]) = +1.537e+00

It 174/1751: ω/2π = 2.335e+00 GHz (total elapsed time = 1.99e+02 s)

 Sol. ||E|| = 3.850098e+01
 Field energy E (6.948e-11 J) + H (7.127e-11 J) = 1.408e-10 J
 S[1][1] = +9.950e-01+2.653e-02i, |S[1][1]| = -4.039e-02, arg(S[1][1]) = +1.527e+00

It 175/1751: ω/2π = 2.335e+00 GHz (total elapsed time = 2.00e+02 s)

 Sol. ||E|| = 3.850599e+01
 Field energy E (6.988e-11 J) + H (7.166e-11 J) = 1.415e-10 J
 S[1][1] = +9.950e-01+2.636e-02i, |S[1][1]| = -4.076e-02, arg(S[1][1]) = +1.518e+00

It 176/1751: ω/2π = 2.335e+00 GHz (total elapsed time = 2.00e+02 s)

 Sol. ||E|| = 3.851108e+01
 Field energy E (7.029e-11 J) + H (7.206e-11 J) = 1.423e-10 J
 S[1][1] = +9.949e-01+2.619e-02i, |S[1][1]| = -4.114e-02, arg(S[1][1]) = +1.508e+00

It 177/1751: ω/2π = 2.335e+00 GHz (total elapsed time = 2.00e+02 s)

 Sol. ||E|| = 3.851624e+01
 Field energy E (7.070e-11 J) + H (7.246e-11 J) = 1.432e-10 J
 S[1][1] = +9.949e-01+2.602e-02i, |S[1][1]| = -4.153e-02, arg(S[1][1]) = +1.498e+00

It 178/1751: ω/2π = 2.335e+00 GHz (total elapsed time = 2.00e+02 s)

 Sol. ||E|| = 3.852147e+01
 Field energy E (7.112e-11 J) + H (7.286e-11 J) = 1.440e-10 J
 S[1][1] = +9.948e-01+2.585e-02i, |S[1][1]| = -4.192e-02, arg(S[1][1]) = +1.489e+00

It 179/1751: ω/2π = 2.336e+00 GHz (total elapsed time = 2.00e+02 s)

 Sol. ||E|| = 3.852678e+01
 Field energy E (7.154e-11 J) + H (7.328e-11 J) = 1.448e-10 J
 S[1][1] = +9.948e-01+2.568e-02i, |S[1][1]| = -4.232e-02, arg(S[1][1]) = +1.479e+00

It 180/1751: ω/2π = 2.336e+00 GHz (total elapsed time = 2.00e+02 s)

 Sol. ||E|| = 3.853216e+01
 Field energy E (7.198e-11 J) + H (7.370e-11 J) = 1.457e-10 J
 S[1][1] = +9.948e-01+2.551e-02i, |S[1][1]| = -4.272e-02, arg(S[1][1]) = +1.469e+00

It 181/1751: ω/2π = 2.336e+00 GHz (total elapsed time = 2.00e+02 s)

 Sol. ||E|| = 3.853762e+01
 Field energy E (7.241e-11 J) + H (7.412e-11 J) = 1.465e-10 J
 S[1][1] = +9.947e-01+2.534e-02i, |S[1][1]| = -4.313e-02, arg(S[1][1]) = +1.459e+00

It 182/1751: ω/2π = 2.336e+00 GHz (total elapsed time = 2.00e+02 s)

 Sol. ||E|| = 3.854316e+01
 Field energy E (7.286e-11 J) + H (7.456e-11 J) = 1.474e-10 J
 S[1][1] = +9.947e-01+2.516e-02i, |S[1][1]| = -4.355e-02, arg(S[1][1]) = +1.449e+00

It 183/1751: ω/2π = 2.336e+00 GHz (total elapsed time = 2.00e+02 s)

 Sol. ||E|| = 3.854879e+01
 Field energy E (7.331e-11 J) + H (7.500e-11 J) = 1.483e-10 J
 S[1][1] = +9.946e-01+2.499e-02i, |S[1][1]| = -4.397e-02, arg(S[1][1]) = +1.439e+00

It 184/1751: ω/2π = 2.337e+00 GHz (total elapsed time = 2.00e+02 s)

 Sol. ||E|| = 3.855449e+01
 Field energy E (7.377e-11 J) + H (7.544e-11 J) = 1.492e-10 J
 S[1][1] = +9.946e-01+2.481e-02i, |S[1][1]| = -4.440e-02, arg(S[1][1]) = +1.429e+00

It 185/1751: ω/2π = 2.337e+00 GHz (total elapsed time = 2.00e+02 s)

 Sol. ||E|| = 3.856028e+01
 Field energy E (7.423e-11 J) + H (7.589e-11 J) = 1.501e-10 J
 S[1][1] = +9.945e-01+2.463e-02i, |S[1][1]| = -4.484e-02, arg(S[1][1]) = +1.419e+00

It 186/1751: ω/2π = 2.337e+00 GHz (total elapsed time = 2.00e+02 s)

 Sol. ||E|| = 3.856615e+01
 Field energy E (7.471e-11 J) + H (7.635e-11 J) = 1.511e-10 J
 S[1][1] = +9.945e-01+2.446e-02i, |S[1][1]| = -4.528e-02, arg(S[1][1]) = +1.409e+00

It 187/1751: ω/2π = 2.337e+00 GHz (total elapsed time = 2.00e+02 s)

 Sol. ||E|| = 3.857211e+01
 Field energy E (7.519e-11 J) + H (7.682e-11 J) = 1.520e-10 J
 S[1][1] = +9.945e-01+2.428e-02i, |S[1][1]| = -4.573e-02, arg(S[1][1]) = +1.398e+00

It 188/1751: ω/2π = 2.337e+00 GHz (total elapsed time = 2.00e+02 s)

 Sol. ||E|| = 3.857816e+01
 Field energy E (7.567e-11 J) + H (7.730e-11 J) = 1.530e-10 J
 S[1][1] = +9.944e-01+2.410e-02i, |S[1][1]| = -4.618e-02, arg(S[1][1]) = +1.388e+00

It 189/1751: ω/2π = 2.338e+00 GHz (total elapsed time = 2.00e+02 s)

 Sol. ||E|| = 3.858430e+01
 Field energy E (7.617e-11 J) + H (7.778e-11 J) = 1.539e-10 J
 S[1][1] = +9.944e-01+2.392e-02i, |S[1][1]| = -4.665e-02, arg(S[1][1]) = +1.378e+00

It 190/1751: ω/2π = 2.338e+00 GHz (total elapsed time = 2.00e+02 s)

 Sol. ||E|| = 3.859054e+01
 Field energy E (7.667e-11 J) + H (7.827e-11 J) = 1.549e-10 J
 S[1][1] = +9.943e-01+2.374e-02i, |S[1][1]| = -4.712e-02, arg(S[1][1]) = +1.367e+00

It 191/1751: ω/2π = 2.338e+00 GHz (total elapsed time = 2.00e+02 s)

 Sol. ||E|| = 3.859686e+01
 Field energy E (7.718e-11 J) + H (7.877e-11 J) = 1.559e-10 J
 S[1][1] = +9.943e-01+2.355e-02i, |S[1][1]| = -4.760e-02, arg(S[1][1]) = +1.357e+00

It 192/1751: ω/2π = 2.338e+00 GHz (total elapsed time = 2.00e+02 s)

 Sol. ||E|| = 3.860329e+01
 Field energy E (7.770e-11 J) + H (7.927e-11 J) = 1.570e-10 J
 S[1][1] = +9.942e-01+2.337e-02i, |S[1][1]| = -4.809e-02, arg(S[1][1]) = +1.347e+00

It 193/1751: ω/2π = 2.338e+00 GHz (total elapsed time = 2.00e+02 s)

 Sol. ||E|| = 3.860981e+01
 Field energy E (7.823e-11 J) + H (7.979e-11 J) = 1.580e-10 J
 S[1][1] = +9.942e-01+2.319e-02i, |S[1][1]| = -4.858e-02, arg(S[1][1]) = +1.336e+00

It 194/1751: ω/2π = 2.339e+00 GHz (total elapsed time = 2.01e+02 s)

 Sol. ||E|| = 3.861643e+01
 Field energy E (7.876e-11 J) + H (8.031e-11 J) = 1.591e-10 J
 S[1][1] = +9.941e-01+2.300e-02i, |S[1][1]| = -4.909e-02, arg(S[1][1]) = +1.325e+00

It 195/1751: ω/2π = 2.339e+00 GHz (total elapsed time = 2.01e+02 s)

 Sol. ||E|| = 3.862316e+01
 Field energy E (7.930e-11 J) + H (8.084e-11 J) = 1.601e-10 J
 S[1][1] = +9.940e-01+2.281e-02i, |S[1][1]| = -4.960e-02, arg(S[1][1]) = +1.315e+00

It 196/1751: ω/2π = 2.339e+00 GHz (total elapsed time = 2.01e+02 s)

 Sol. ||E|| = 3.862999e+01
 Field energy E (7.986e-11 J) + H (8.138e-11 J) = 1.612e-10 J
 S[1][1] = +9.940e-01+2.263e-02i, |S[1][1]| = -5.012e-02, arg(S[1][1]) = +1.304e+00

It 197/1751: ω/2π = 2.339e+00 GHz (total elapsed time = 2.01e+02 s)

 Sol. ||E|| = 3.863692e+01
 Field energy E (8.042e-11 J) + H (8.193e-11 J) = 1.623e-10 J
 S[1][1] = +9.939e-01+2.244e-02i, |S[1][1]| = -5.065e-02, arg(S[1][1]) = +1.293e+00

It 198/1751: ω/2π = 2.339e+00 GHz (total elapsed time = 2.01e+02 s)

 Sol. ||E|| = 3.864397e+01
 Field energy E (8.099e-11 J) + H (8.249e-11 J) = 1.635e-10 J
 S[1][1] = +9.939e-01+2.225e-02i, |S[1][1]| = -5.118e-02, arg(S[1][1]) = +1.282e+00

It 199/1751: ω/2π = 2.340e+00 GHz (total elapsed time = 2.01e+02 s)

 Sol. ||E|| = 3.865112e+01
 Field energy E (8.157e-11 J) + H (8.305e-11 J) = 1.646e-10 J
 S[1][1] = +9.938e-01+2.206e-02i, |S[1][1]| = -5.173e-02, arg(S[1][1]) = +1.271e+00

It 200/1751: ω/2π = 2.340e+00 GHz (total elapsed time = 2.01e+02 s)

 Sol. ||E|| = 3.865839e+01
 Field energy E (8.216e-11 J) + H (8.363e-11 J) = 1.658e-10 J
 S[1][1] = +9.938e-01+2.187e-02i, |S[1][1]| = -5.229e-02, arg(S[1][1]) = +1.261e+00

It 201/1751: ω/2π = 2.340e+00 GHz (total elapsed time = 2.01e+02 s)

 Sol. ||E|| = 3.866578e+01
 Field energy E (8.276e-11 J) + H (8.422e-11 J) = 1.670e-10 J
 S[1][1] = +9.937e-01+2.167e-02i, |S[1][1]| = -5.285e-02, arg(S[1][1]) = +1.249e+00

It 202/1751: ω/2π = 2.340e+00 GHz (total elapsed time = 2.01e+02 s)

 Sol. ||E|| = 3.867328e+01
 Field energy E (8.337e-11 J) + H (8.481e-11 J) = 1.682e-10 J
 S[1][1] = +9.936e-01+2.148e-02i, |S[1][1]| = -5.343e-02, arg(S[1][1]) = +1.238e+00

It 203/1751: ω/2π = 2.340e+00 GHz (total elapsed time = 2.01e+02 s)

 Sol. ||E|| = 3.868090e+01
 Field energy E (8.399e-11 J) + H (8.542e-11 J) = 1.694e-10 J
 S[1][1] = +9.936e-01+2.129e-02i, |S[1][1]| = -5.401e-02, arg(S[1][1]) = +1.227e+00

It 204/1751: ω/2π = 2.341e+00 GHz (total elapsed time = 2.01e+02 s)

 Sol. ||E|| = 3.868865e+01
 Field energy E (8.462e-11 J) + H (8.603e-11 J) = 1.707e-10 J
 S[1][1] = +9.935e-01+2.109e-02i, |S[1][1]| = -5.461e-02, arg(S[1][1]) = +1.216e+00

It 205/1751: ω/2π = 2.341e+00 GHz (total elapsed time = 2.01e+02 s)

 Sol. ||E|| = 3.869652e+01
 Field energy E (8.526e-11 J) + H (8.666e-11 J) = 1.719e-10 J
 S[1][1] = +9.934e-01+2.089e-02i, |S[1][1]| = -5.521e-02, arg(S[1][1]) = +1.205e+00

It 206/1751: ω/2π = 2.341e+00 GHz (total elapsed time = 2.01e+02 s)

 Sol. ||E|| = 3.870452e+01
 Field energy E (8.591e-11 J) + H (8.730e-11 J) = 1.732e-10 J
 S[1][1] = +9.934e-01+2.069e-02i, |S[1][1]| = -5.583e-02, arg(S[1][1]) = +1.193e+00

It 207/1751: ω/2π = 2.341e+00 GHz (total elapsed time = 2.01e+02 s)

 Sol. ||E|| = 3.871265e+01
 Field energy E (8.657e-11 J) + H (8.795e-11 J) = 1.745e-10 J
 S[1][1] = +9.933e-01+2.049e-02i, |S[1][1]| = -5.646e-02, arg(S[1][1]) = +1.182e+00

It 208/1751: ω/2π = 2.341e+00 GHz (total elapsed time = 2.01e+02 s)

 Sol. ||E|| = 3.872091e+01
 Field energy E (8.725e-11 J) + H (8.861e-11 J) = 1.759e-10 J
 S[1][1] = +9.932e-01+2.029e-02i, |S[1][1]| = -5.709e-02, arg(S[1][1]) = +1.170e+00

It 209/1751: ω/2π = 2.342e+00 GHz (total elapsed time = 2.01e+02 s)

 Sol. ||E|| = 3.872931e+01
 Field energy E (8.793e-11 J) + H (8.928e-11 J) = 1.772e-10 J
 S[1][1] = +9.932e-01+2.009e-02i, |S[1][1]| = -5.774e-02, arg(S[1][1]) = +1.159e+00

It 210/1751: ω/2π = 2.342e+00 GHz (total elapsed time = 2.01e+02 s)

 Sol. ||E|| = 3.873785e+01
 Field energy E (8.863e-11 J) + H (8.996e-11 J) = 1.786e-10 J
 S[1][1] = +9.931e-01+1.989e-02i, |S[1][1]| = -5.840e-02, arg(S[1][1]) = +1.147e+00

It 211/1751: ω/2π = 2.342e+00 GHz (total elapsed time = 2.01e+02 s)

 Sol. ||E|| = 3.874654e+01
 Field energy E (8.934e-11 J) + H (9.066e-11 J) = 1.800e-10 J
 S[1][1] = +9.930e-01+1.968e-02i, |S[1][1]| = -5.907e-02, arg(S[1][1]) = +1.136e+00

It 212/1751: ω/2π = 2.342e+00 GHz (total elapsed time = 2.01e+02 s)

 Sol. ||E|| = 3.875536e+01
 Field energy E (9.006e-11 J) + H (9.137e-11 J) = 1.814e-10 J
 S[1][1] = +9.930e-01+1.948e-02i, |S[1][1]| = -5.976e-02, arg(S[1][1]) = +1.124e+00

It 213/1751: ω/2π = 2.342e+00 GHz (total elapsed time = 2.02e+02 s)

 Sol. ||E|| = 3.876434e+01
 Field energy E (9.079e-11 J) + H (9.209e-11 J) = 1.829e-10 J
 S[1][1] = +9.929e-01+1.927e-02i, |S[1][1]| = -6.046e-02, arg(S[1][1]) = +1.112e+00

It 214/1751: ω/2π = 2.343e+00 GHz (total elapsed time = 2.02e+02 s)

 Sol. ||E|| = 3.877347e+01
 Field energy E (9.154e-11 J) + H (9.282e-11 J) = 1.844e-10 J
 S[1][1] = +9.928e-01+1.906e-02i, |S[1][1]| = -6.116e-02, arg(S[1][1]) = +1.100e+00

It 215/1751: ω/2π = 2.343e+00 GHz (total elapsed time = 2.02e+02 s)

 Sol. ||E|| = 3.878275e+01
 Field energy E (9.230e-11 J) + H (9.356e-11 J) = 1.859e-10 J
 S[1][1] = +9.927e-01+1.885e-02i, |S[1][1]| = -6.189e-02, arg(S[1][1]) = +1.088e+00

It 216/1751: ω/2π = 2.343e+00 GHz (total elapsed time = 2.02e+02 s)

 Sol. ||E|| = 3.879219e+01
 Field energy E (9.308e-11 J) + H (9.432e-11 J) = 1.874e-10 J
 S[1][1] = +9.926e-01+1.864e-02i, |S[1][1]| = -6.262e-02, arg(S[1][1]) = +1.076e+00

It 217/1751: ω/2π = 2.343e+00 GHz (total elapsed time = 2.02e+02 s)

 Sol. ||E|| = 3.880179e+01
 Field energy E (9.386e-11 J) + H (9.510e-11 J) = 1.890e-10 J
 S[1][1] = +9.926e-01+1.843e-02i, |S[1][1]| = -6.337e-02, arg(S[1][1]) = +1.064e+00

It 218/1751: ω/2π = 2.343e+00 GHz (total elapsed time = 2.02e+02 s)

 Sol. ||E|| = 3.881156e+01
 Field energy E (9.467e-11 J) + H (9.589e-11 J) = 1.906e-10 J
 S[1][1] = +9.925e-01+1.822e-02i, |S[1][1]| = -6.413e-02, arg(S[1][1]) = +1.052e+00

It 219/1751: ω/2π = 2.344e+00 GHz (total elapsed time = 2.02e+02 s)

 Sol. ||E|| = 3.882150e+01
 Field energy E (9.548e-11 J) + H (9.669e-11 J) = 1.922e-10 J
 S[1][1] = +9.924e-01+1.800e-02i, |S[1][1]| = -6.491e-02, arg(S[1][1]) = +1.039e+00

It 220/1751: ω/2π = 2.344e+00 GHz (total elapsed time = 2.02e+02 s)

 Sol. ||E|| = 3.883161e+01
 Field energy E (9.631e-11 J) + H (9.750e-11 J) = 1.938e-10 J
 S[1][1] = +9.923e-01+1.779e-02i, |S[1][1]| = -6.570e-02, arg(S[1][1]) = +1.027e+00

It 221/1751: ω/2π = 2.344e+00 GHz (total elapsed time = 2.02e+02 s)

 Sol. ||E|| = 3.884190e+01
 Field energy E (9.716e-11 J) + H (9.833e-11 J) = 1.955e-10 J
 S[1][1] = +9.922e-01+1.757e-02i, |S[1][1]| = -6.651e-02, arg(S[1][1]) = +1.015e+00

It 222/1751: ω/2π = 2.344e+00 GHz (total elapsed time = 2.02e+02 s)

 Sol. ||E|| = 3.885236e+01
 Field energy E (9.802e-11 J) + H (9.918e-11 J) = 1.972e-10 J
 S[1][1] = +9.921e-01+1.735e-02i, |S[1][1]| = -6.733e-02, arg(S[1][1]) = +1.002e+00

It 223/1751: ω/2π = 2.344e+00 GHz (total elapsed time = 2.02e+02 s)

 Sol. ||E|| = 3.886301e+01
 Field energy E (9.890e-11 J) + H (1.000e-10 J) = 1.989e-10 J
 S[1][1] = +9.920e-01+1.713e-02i, |S[1][1]| = -6.817e-02, arg(S[1][1]) = +9.894e-01

It 224/1751: ω/2π = 2.345e+00 GHz (total elapsed time = 2.02e+02 s)

 Sol. ||E|| = 3.887386e+01
 Field energy E (9.979e-11 J) + H (1.009e-10 J) = 2.007e-10 J
 S[1][1] = +9.919e-01+1.691e-02i, |S[1][1]| = -6.902e-02, arg(S[1][1]) = +9.767e-01

It 225/1751: ω/2π = 2.345e+00 GHz (total elapsed time = 2.02e+02 s)

 Sol. ||E|| = 3.888489e+01
 Field energy E (1.007e-10 J) + H (1.018e-10 J) = 2.025e-10 J
 S[1][1] = +9.918e-01+1.669e-02i, |S[1][1]| = -6.989e-02, arg(S[1][1]) = +9.639e-01

It 226/1751: ω/2π = 2.345e+00 GHz (total elapsed time = 2.02e+02 s)

 Sol. ||E|| = 3.889612e+01
 Field energy E (1.016e-10 J) + H (1.027e-10 J) = 2.044e-10 J
 S[1][1] = +9.917e-01+1.646e-02i, |S[1][1]| = -7.077e-02, arg(S[1][1]) = +9.510e-01

It 227/1751: ω/2π = 2.345e+00 GHz (total elapsed time = 2.02e+02 s)

 Sol. ||E|| = 3.890755e+01
 Field energy E (1.026e-10 J) + H (1.037e-10 J) = 2.062e-10 J
 S[1][1] = +9.916e-01+1.624e-02i, |S[1][1]| = -7.168e-02, arg(S[1][1]) = +9.381e-01

It 228/1751: ω/2π = 2.345e+00 GHz (total elapsed time = 2.02e+02 s)

 Sol. ||E|| = 3.891919e+01
 Field energy E (1.035e-10 J) + H (1.046e-10 J) = 2.081e-10 J
 S[1][1] = +9.915e-01+1.601e-02i, |S[1][1]| = -7.260e-02, arg(S[1][1]) = +9.250e-01

It 229/1751: ω/2π = 2.346e+00 GHz (total elapsed time = 2.02e+02 s)

 Sol. ||E|| = 3.893104e+01
 Field energy E (1.045e-10 J) + H (1.056e-10 J) = 2.101e-10 J
 S[1][1] = +9.914e-01+1.578e-02i, |S[1][1]| = -7.353e-02, arg(S[1][1]) = +9.119e-01

It 230/1751: ω/2π = 2.346e+00 GHz (total elapsed time = 2.02e+02 s)

 Sol. ||E|| = 3.894311e+01
 Field energy E (1.055e-10 J) + H (1.066e-10 J) = 2.121e-10 J
 S[1][1] = +9.913e-01+1.555e-02i, |S[1][1]| = -7.449e-02, arg(S[1][1]) = +8.987e-01

It 231/1751: ω/2π = 2.346e+00 GHz (total elapsed time = 2.02e+02 s)

 Sol. ||E|| = 3.895539e+01
 Field energy E (1.065e-10 J) + H (1.076e-10 J) = 2.141e-10 J
 S[1][1] = +9.912e-01+1.532e-02i, |S[1][1]| = -7.547e-02, arg(S[1][1]) = +8.854e-01

It 232/1751: ω/2π = 2.346e+00 GHz (total elapsed time = 2.03e+02 s)

 Sol. ||E|| = 3.896791e+01
 Field energy E (1.076e-10 J) + H (1.086e-10 J) = 2.162e-10 J
 S[1][1] = +9.911e-01+1.509e-02i, |S[1][1]| = -7.646e-02, arg(S[1][1]) = +8.720e-01

It 233/1751: ω/2π = 2.346e+00 GHz (total elapsed time = 2.03e+02 s)

 Sol. ||E|| = 3.898065e+01
 Field energy E (1.086e-10 J) + H (1.096e-10 J) = 2.183e-10 J
 S[1][1] = +9.910e-01+1.485e-02i, |S[1][1]| = -7.748e-02, arg(S[1][1]) = +8.585e-01

It 234/1751: ω/2π = 2.347e+00 GHz (total elapsed time = 2.03e+02 s)

 Sol. ||E|| = 3.899363e+01
 Field energy E (1.097e-10 J) + H (1.107e-10 J) = 2.204e-10 J
 S[1][1] = +9.909e-01+1.461e-02i, |S[1][1]| = -7.851e-02, arg(S[1][1]) = +8.449e-01

It 235/1751: ω/2π = 2.347e+00 GHz (total elapsed time = 2.03e+02 s)

 Sol. ||E|| = 3.900686e+01
 Field energy E (1.108e-10 J) + H (1.118e-10 J) = 2.226e-10 J
 S[1][1] = +9.908e-01+1.438e-02i, |S[1][1]| = -7.957e-02, arg(S[1][1]) = +8.313e-01

It 236/1751: ω/2π = 2.347e+00 GHz (total elapsed time = 2.03e+02 s)

 Sol. ||E|| = 3.902033e+01
 Field energy E (1.119e-10 J) + H (1.129e-10 J) = 2.248e-10 J
 S[1][1] = +9.907e-01+1.414e-02i, |S[1][1]| = -8.064e-02, arg(S[1][1]) = +8.175e-01

It 237/1751: ω/2π = 2.347e+00 GHz (total elapsed time = 2.03e+02 s)

 Sol. ||E|| = 3.903406e+01
 Field energy E (1.131e-10 J) + H (1.140e-10 J) = 2.271e-10 J
 S[1][1] = +9.905e-01+1.389e-02i, |S[1][1]| = -8.174e-02, arg(S[1][1]) = +8.037e-01

It 238/1751: ω/2π = 2.347e+00 GHz (total elapsed time = 2.03e+02 s)

 Sol. ||E|| = 3.904805e+01
 Field energy E (1.143e-10 J) + H (1.152e-10 J) = 2.294e-10 J
 S[1][1] = +9.904e-01+1.365e-02i, |S[1][1]| = -8.286e-02, arg(S[1][1]) = +7.897e-01

It 239/1751: ω/2π = 2.348e+00 GHz (total elapsed time = 2.03e+02 s)

 Sol. ||E|| = 3.906230e+01
 Field energy E (1.154e-10 J) + H (1.163e-10 J) = 2.318e-10 J
 S[1][1] = +9.903e-01+1.341e-02i, |S[1][1]| = -8.401e-02, arg(S[1][1]) = +7.757e-01

It 240/1751: ω/2π = 2.348e+00 GHz (total elapsed time = 2.03e+02 s)

 Sol. ||E|| = 3.907683e+01
 Field energy E (1.167e-10 J) + H (1.175e-10 J) = 2.342e-10 J
 S[1][1] = +9.902e-01+1.316e-02i, |S[1][1]| = -8.518e-02, arg(S[1][1]) = +7.615e-01

It 241/1751: ω/2π = 2.348e+00 GHz (total elapsed time = 2.03e+02 s)

 Sol. ||E|| = 3.909164e+01
 Field energy E (1.179e-10 J) + H (1.187e-10 J) = 2.366e-10 J
 S[1][1] = +9.900e-01+1.291e-02i, |S[1][1]| = -8.637e-02, arg(S[1][1]) = +7.473e-01

It 242/1751: ω/2π = 2.348e+00 GHz (total elapsed time = 2.03e+02 s)

 Sol. ||E|| = 3.910674e+01
 Field energy E (1.192e-10 J) + H (1.200e-10 J) = 2.392e-10 J
 S[1][1] = +9.899e-01+1.266e-02i, |S[1][1]| = -8.759e-02, arg(S[1][1]) = +7.329e-01

It 243/1751: ω/2π = 2.348e+00 GHz (total elapsed time = 2.03e+02 s)

 Sol. ||E|| = 3.912214e+01
 Field energy E (1.204e-10 J) + H (1.213e-10 J) = 2.417e-10 J
 S[1][1] = +9.897e-01+1.241e-02i, |S[1][1]| = -8.883e-02, arg(S[1][1]) = +7.185e-01

It 244/1751: ω/2π = 2.349e+00 GHz (total elapsed time = 2.03e+02 s)

 Sol. ||E|| = 3.913783e+01
 Field energy E (1.218e-10 J) + H (1.226e-10 J) = 2.443e-10 J
 S[1][1] = +9.896e-01+1.216e-02i, |S[1][1]| = -9.010e-02, arg(S[1][1]) = +7.039e-01

It 245/1751: ω/2π = 2.349e+00 GHz (total elapsed time = 2.03e+02 s)

 Sol. ||E|| = 3.915384e+01
 Field energy E (1.231e-10 J) + H (1.239e-10 J) = 2.470e-10 J
 S[1][1] = +9.895e-01+1.190e-02i, |S[1][1]| = -9.139e-02, arg(S[1][1]) = +6.893e-01

It 246/1751: ω/2π = 2.349e+00 GHz (total elapsed time = 2.03e+02 s)

 Sol. ||E|| = 3.917017e+01
 Field energy E (1.245e-10 J) + H (1.252e-10 J) = 2.497e-10 J
 S[1][1] = +9.893e-01+1.165e-02i, |S[1][1]| = -9.272e-02, arg(S[1][1]) = +6.745e-01

It 247/1751: ω/2π = 2.349e+00 GHz (total elapsed time = 2.03e+02 s)

 Sol. ||E|| = 3.918682e+01
 Field energy E (1.259e-10 J) + H (1.266e-10 J) = 2.525e-10 J
 S[1][1] = +9.892e-01+1.139e-02i, |S[1][1]| = -9.407e-02, arg(S[1][1]) = +6.597e-01

It 248/1751: ω/2π = 2.349e+00 GHz (total elapsed time = 2.03e+02 s)

 Sol. ||E|| = 3.920381e+01
 Field energy E (1.273e-10 J) + H (1.280e-10 J) = 2.553e-10 J
 S[1][1] = +9.890e-01+1.113e-02i, |S[1][1]| = -9.545e-02, arg(S[1][1]) = +6.447e-01

It 249/1751: ω/2π = 2.350e+00 GHz (total elapsed time = 2.03e+02 s)

 Sol. ||E|| = 3.922114e+01
 Field energy E (1.288e-10 J) + H (1.295e-10 J) = 2.582e-10 J
 S[1][1] = +9.889e-01+1.087e-02i, |S[1][1]| = -9.686e-02, arg(S[1][1]) = +6.297e-01

It 250/1751: ω/2π = 2.350e+00 GHz (total elapsed time = 2.04e+02 s)

 Sol. ||E|| = 3.923883e+01
 Field energy E (1.303e-10 J) + H (1.309e-10 J) = 2.612e-10 J
 S[1][1] = +9.887e-01+1.060e-02i, |S[1][1]| = -9.830e-02, arg(S[1][1]) = +6.145e-01

It 251/1751: ω/2π = 2.350e+00 GHz (total elapsed time = 2.04e+02 s)

 Sol. ||E|| = 3.925688e+01
 Field energy E (1.318e-10 J) + H (1.325e-10 J) = 2.642e-10 J
 S[1][1] = +9.885e-01+1.034e-02i, |S[1][1]| = -9.978e-02, arg(S[1][1]) = +5.992e-01

It 252/1751: ω/2π = 2.350e+00 GHz (total elapsed time = 2.04e+02 s)

 Sol. ||E|| = 3.927530e+01
 Field energy E (1.333e-10 J) + H (1.340e-10 J) = 2.673e-10 J
 S[1][1] = +9.884e-01+1.007e-02i, |S[1][1]| = -1.013e-01, arg(S[1][1]) = +5.838e-01

It 253/1751: ω/2π = 2.350e+00 GHz (total elapsed time = 2.04e+02 s)

 Sol. ||E|| = 3.929411e+01
 Field energy E (1.349e-10 J) + H (1.356e-10 J) = 2.705e-10 J
 S[1][1] = +9.882e-01+9.802e-03i, |S[1][1]| = -1.028e-01, arg(S[1][1]) = +5.683e-01

It 254/1751: ω/2π = 2.351e+00 GHz (total elapsed time = 2.04e+02 s)

 Sol. ||E|| = 3.931331e+01
 Field energy E (1.365e-10 J) + H (1.372e-10 J) = 2.737e-10 J
 S[1][1] = +9.880e-01+9.531e-03i, |S[1][1]| = -1.044e-01, arg(S[1][1]) = +5.527e-01

It 255/1751: ω/2π = 2.351e+00 GHz (total elapsed time = 2.04e+02 s)

 Sol. ||E|| = 3.933291e+01
 Field energy E (1.382e-10 J) + H (1.388e-10 J) = 2.770e-10 J
 S[1][1] = +9.878e-01+9.259e-03i, |S[1][1]| = -1.060e-01, arg(S[1][1]) = +5.370e-01

It 256/1751: ω/2π = 2.351e+00 GHz (total elapsed time = 2.04e+02 s)

 Sol. ||E|| = 3.935293e+01
 Field energy E (1.399e-10 J) + H (1.405e-10 J) = 2.804e-10 J
 S[1][1] = +9.876e-01+8.984e-03i, |S[1][1]| = -1.077e-01, arg(S[1][1]) = +5.212e-01

It 257/1751: ω/2π = 2.351e+00 GHz (total elapsed time = 2.04e+02 s)

 Sol. ||E|| = 3.937337e+01
 Field energy E (1.416e-10 J) + H (1.422e-10 J) = 2.838e-10 J
 S[1][1] = +9.875e-01+8.708e-03i, |S[1][1]| = -1.093e-01, arg(S[1][1]) = +5.052e-01

It 258/1751: ω/2π = 2.351e+00 GHz (total elapsed time = 2.04e+02 s)

 Sol. ||E|| = 3.939425e+01
 Field energy E (1.434e-10 J) + H (1.439e-10 J) = 2.873e-10 J
 S[1][1] = +9.873e-01+8.430e-03i, |S[1][1]| = -1.111e-01, arg(S[1][1]) = +4.892e-01

It 259/1751: ω/2π = 2.352e+00 GHz (total elapsed time = 2.04e+02 s)

 Sol. ||E|| = 3.941558e+01
 Field energy E (1.452e-10 J) + H (1.457e-10 J) = 2.909e-10 J
 S[1][1] = +9.871e-01+8.150e-03i, |S[1][1]| = -1.128e-01, arg(S[1][1]) = +4.731e-01

It 260/1751: ω/2π = 2.352e+00 GHz (total elapsed time = 2.04e+02 s)

 Sol. ||E|| = 3.943738e+01
 Field energy E (1.470e-10 J) + H (1.476e-10 J) = 2.946e-10 J
 S[1][1] = +9.869e-01+7.868e-03i, |S[1][1]| = -1.146e-01, arg(S[1][1]) = +4.568e-01

It 261/1751: ω/2π = 2.352e+00 GHz (total elapsed time = 2.04e+02 s)

 Sol. ||E|| = 3.945964e+01
 Field energy E (1.489e-10 J) + H (1.494e-10 J) = 2.984e-10 J
 S[1][1] = +9.867e-01+7.584e-03i, |S[1][1]| = -1.165e-01, arg(S[1][1]) = +4.404e-01

It 262/1751: ω/2π = 2.352e+00 GHz (total elapsed time = 2.04e+02 s)

 Sol. ||E|| = 3.948240e+01
 Field energy E (1.509e-10 J) + H (1.513e-10 J) = 3.022e-10 J
 S[1][1] = +9.864e-01+7.299e-03i, |S[1][1]| = -1.184e-01, arg(S[1][1]) = +4.239e-01

It 263/1751: ω/2π = 2.352e+00 GHz (total elapsed time = 2.04e+02 s)

 Sol. ||E|| = 3.950565e+01
 Field energy E (1.528e-10 J) + H (1.533e-10 J) = 3.061e-10 J
 S[1][1] = +9.862e-01+7.012e-03i, |S[1][1]| = -1.203e-01, arg(S[1][1]) = +4.073e-01

It 264/1751: ω/2π = 2.353e+00 GHz (total elapsed time = 2.04e+02 s)

 Sol. ||E|| = 3.952942e+01
 Field energy E (1.549e-10 J) + H (1.553e-10 J) = 3.102e-10 J
 S[1][1] = +9.860e-01+6.723e-03i, |S[1][1]| = -1.223e-01, arg(S[1][1]) = +3.906e-01

It 265/1751: ω/2π = 2.353e+00 GHz (total elapsed time = 2.04e+02 s)

 Sol. ||E|| = 3.955372e+01
 Field energy E (1.569e-10 J) + H (1.574e-10 J) = 3.143e-10 J
 S[1][1] = +9.858e-01+6.432e-03i, |S[1][1]| = -1.243e-01, arg(S[1][1]) = +3.738e-01

It 266/1751: ω/2π = 2.353e+00 GHz (total elapsed time = 2.04e+02 s)

 Sol. ||E|| = 3.957856e+01
 Field energy E (1.591e-10 J) + H (1.595e-10 J) = 3.185e-10 J
 S[1][1] = +9.855e-01+6.139e-03i, |S[1][1]| = -1.264e-01, arg(S[1][1]) = +3.569e-01

It 267/1751: ω/2π = 2.353e+00 GHz (total elapsed time = 2.04e+02 s)

 Sol. ||E|| = 3.960395e+01
 Field energy E (1.612e-10 J) + H (1.616e-10 J) = 3.228e-10 J
 S[1][1] = +9.853e-01+5.845e-03i, |S[1][1]| = -1.285e-01, arg(S[1][1]) = +3.399e-01

It 268/1751: ω/2π = 2.353e+00 GHz (total elapsed time = 2.04e+02 s)

 Sol. ||E|| = 3.962992e+01
 Field energy E (1.634e-10 J) + H (1.638e-10 J) = 3.272e-10 J
 S[1][1] = +9.851e-01+5.549e-03i, |S[1][1]| = -1.307e-01, arg(S[1][1]) = +3.228e-01

It 269/1751: ω/2π = 2.354e+00 GHz (total elapsed time = 2.05e+02 s)

 Sol. ||E|| = 3.965648e+01
 Field energy E (1.657e-10 J) + H (1.660e-10 J) = 3.318e-10 J
 S[1][1] = +9.848e-01+5.252e-03i, |S[1][1]| = -1.329e-01, arg(S[1][1]) = +3.055e-01

It 270/1751: ω/2π = 2.354e+00 GHz (total elapsed time = 2.05e+02 s)

 Sol. ||E|| = 3.968364e+01
 Field energy E (1.680e-10 J) + H (1.683e-10 J) = 3.364e-10 J
 S[1][1] = +9.845e-01+4.953e-03i, |S[1][1]| = -1.352e-01, arg(S[1][1]) = +2.882e-01

It 271/1751: ω/2π = 2.354e+00 GHz (total elapsed time = 2.05e+02 s)

 Sol. ||E|| = 3.971143e+01
 Field energy E (1.704e-10 J) + H (1.707e-10 J) = 3.411e-10 J
 S[1][1] = +9.843e-01+4.652e-03i, |S[1][1]| = -1.375e-01, arg(S[1][1]) = +2.708e-01

It 272/1751: ω/2π = 2.354e+00 GHz (total elapsed time = 2.05e+02 s)

 Sol. ||E|| = 3.973985e+01
 Field energy E (1.729e-10 J) + H (1.731e-10 J) = 3.460e-10 J
 S[1][1] = +9.840e-01+4.350e-03i, |S[1][1]| = -1.399e-01, arg(S[1][1]) = +2.533e-01

It 273/1751: ω/2π = 2.354e+00 GHz (total elapsed time = 2.05e+02 s)

 Sol. ||E|| = 3.976892e+01
 Field energy E (1.753e-10 J) + H (1.756e-10 J) = 3.509e-10 J
 S[1][1] = +9.837e-01+4.046e-03i, |S[1][1]| = -1.424e-01, arg(S[1][1]) = +2.356e-01

It 274/1751: ω/2π = 2.355e+00 GHz (total elapsed time = 2.05e+02 s)

 Sol. ||E|| = 3.979867e+01
 Field energy E (1.779e-10 J) + H (1.781e-10 J) = 3.560e-10 J
 S[1][1] = +9.834e-01+3.741e-03i, |S[1][1]| = -1.449e-01, arg(S[1][1]) = +2.179e-01

It 275/1751: ω/2π = 2.355e+00 GHz (total elapsed time = 2.05e+02 s)

 Sol. ||E|| = 3.982911e+01
 Field energy E (1.805e-10 J) + H (1.807e-10 J) = 3.612e-10 J
 S[1][1] = +9.832e-01+3.434e-03i, |S[1][1]| = -1.475e-01, arg(S[1][1]) = +2.001e-01

It 276/1751: ω/2π = 2.355e+00 GHz (total elapsed time = 2.05e+02 s)

 Sol. ||E|| = 3.986026e+01
 Field energy E (1.832e-10 J) + H (1.834e-10 J) = 3.666e-10 J
 S[1][1] = +9.829e-01+3.126e-03i, |S[1][1]| = -1.501e-01, arg(S[1][1]) = +1.822e-01

It 277/1751: ω/2π = 2.355e+00 GHz (total elapsed time = 2.05e+02 s)

 Sol. ||E|| = 3.989214e+01
 Field energy E (1.859e-10 J) + H (1.861e-10 J) = 3.721e-10 J
 S[1][1] = +9.826e-01+2.817e-03i, |S[1][1]| = -1.529e-01, arg(S[1][1]) = +1.643e-01

It 278/1751: ω/2π = 2.355e+00 GHz (total elapsed time = 2.05e+02 s)

 Sol. ||E|| = 3.992476e+01
 Field energy E (1.888e-10 J) + H (1.889e-10 J) = 3.777e-10 J
 S[1][1] = +9.822e-01+2.507e-03i, |S[1][1]| = -1.556e-01, arg(S[1][1]) = +1.462e-01

It 279/1751: ω/2π = 2.356e+00 GHz (total elapsed time = 2.05e+02 s)

 Sol. ||E|| = 3.995815e+01
 Field energy E (1.916e-10 J) + H (1.918e-10 J) = 3.834e-10 J
 S[1][1] = +9.819e-01+2.196e-03i, |S[1][1]| = -1.585e-01, arg(S[1][1]) = +1.281e-01

It 280/1751: ω/2π = 2.356e+00 GHz (total elapsed time = 2.05e+02 s)

 Sol. ||E|| = 3.999234e+01
 Field energy E (1.946e-10 J) + H (1.947e-10 J) = 3.893e-10 J
 S[1][1] = +9.816e-01+1.883e-03i, |S[1][1]| = -1.614e-01, arg(S[1][1]) = +1.099e-01

It 281/1751: ω/2π = 2.356e+00 GHz (total elapsed time = 2.05e+02 s)

 Sol. ||E|| = 4.002732e+01
 Field energy E (1.976e-10 J) + H (1.977e-10 J) = 3.953e-10 J
 S[1][1] = +9.812e-01+1.570e-03i, |S[1][1]| = -1.644e-01, arg(S[1][1]) = +9.169e-02

It 282/1751: ω/2π = 2.356e+00 GHz (total elapsed time = 2.05e+02 s)

 Sol. ||E|| = 4.006315e+01
 Field energy E (2.007e-10 J) + H (2.008e-10 J) = 4.015e-10 J
 S[1][1] = +9.809e-01+1.256e-03i, |S[1][1]| = -1.675e-01, arg(S[1][1]) = +7.339e-02

It 283/1751: ω/2π = 2.356e+00 GHz (total elapsed time = 2.05e+02 s)

 Sol. ||E|| = 4.009982e+01
 Field energy E (2.039e-10 J) + H (2.039e-10 J) = 4.078e-10 J
 S[1][1] = +9.805e-01+9.419e-04i, |S[1][1]| = -1.707e-01, arg(S[1][1]) = +5.504e-02

It 284/1751: ω/2π = 2.357e+00 GHz (total elapsed time = 2.05e+02 s)

 Sol. ||E|| = 4.013736e+01
 Field energy E (2.072e-10 J) + H (2.072e-10 J) = 4.143e-10 J
 S[1][1] = +9.802e-01+6.269e-04i, |S[1][1]| = -1.739e-01, arg(S[1][1]) = +3.665e-02

It 285/1751: ω/2π = 2.357e+00 GHz (total elapsed time = 2.05e+02 s)

 Sol. ||E|| = 4.017581e+01
 Field energy E (2.105e-10 J) + H (2.105e-10 J) = 4.210e-10 J
 S[1][1] = +9.798e-01+3.116e-04i, |S[1][1]| = -1.773e-01, arg(S[1][1]) = +1.822e-02

It 286/1751: ω/2π = 2.357e+00 GHz (total elapsed time = 2.05e+02 s)

 Sol. ||E|| = 4.021517e+01
 Field energy E (2.139e-10 J) + H (2.139e-10 J) = 4.278e-10 J
 S[1][1] = +9.794e-01-3.962e-06i, |S[1][1]| = -1.807e-01, arg(S[1][1]) = -2.318e-04

It 287/1751: ω/2π = 2.357e+00 GHz (total elapsed time = 2.05e+02 s)

 Sol. ||E|| = 4.025548e+01
 Field energy E (2.174e-10 J) + H (2.174e-10 J) = 4.348e-10 J
 S[1][1] = +9.790e-01-3.195e-04i, |S[1][1]| = -1.842e-01, arg(S[1][1]) = -1.870e-02

It 288/1751: ω/2π = 2.357e+00 GHz (total elapsed time = 2.06e+02 s)

 Sol. ||E|| = 4.029676e+01
 Field energy E (2.210e-10 J) + H (2.210e-10 J) = 4.420e-10 J
 S[1][1] = +9.786e-01-6.349e-04i, |S[1][1]| = -1.878e-01, arg(S[1][1]) = -3.717e-02

It 289/1751: ω/2π = 2.358e+00 GHz (total elapsed time = 2.06e+02 s)

 Sol. ||E|| = 4.033903e+01
 Field energy E (2.247e-10 J) + H (2.246e-10 J) = 4.494e-10 J
 S[1][1] = +9.782e-01-9.500e-04i, |S[1][1]| = -1.915e-01, arg(S[1][1]) = -5.564e-02

It 290/1751: ω/2π = 2.358e+00 GHz (total elapsed time = 2.06e+02 s)

 Sol. ||E|| = 4.038232e+01
 Field energy E (2.285e-10 J) + H (2.284e-10 J) = 4.569e-10 J
 S[1][1] = +9.778e-01-1.264e-03i, |S[1][1]| = -1.953e-01, arg(S[1][1]) = -7.410e-02

It 291/1751: ω/2π = 2.358e+00 GHz (total elapsed time = 2.06e+02 s)

 Sol. ||E|| = 4.042664e+01
 Field energy E (2.324e-10 J) + H (2.323e-10 J) = 4.647e-10 J
 S[1][1] = +9.773e-01-1.578e-03i, |S[1][1]| = -1.992e-01, arg(S[1][1]) = -9.252e-02

It 292/1751: ω/2π = 2.358e+00 GHz (total elapsed time = 2.06e+02 s)

 Sol. ||E|| = 4.047204e+01
 Field energy E (2.364e-10 J) + H (2.362e-10 J) = 4.726e-10 J
 S[1][1] = +9.769e-01-1.891e-03i, |S[1][1]| = -2.032e-01, arg(S[1][1]) = -1.109e-01

It 293/1751: ω/2π = 2.358e+00 GHz (total elapsed time = 2.06e+02 s)

 Sol. ||E|| = 4.051853e+01
 Field energy E (2.405e-10 J) + H (2.403e-10 J) = 4.807e-10 J
 S[1][1] = +9.764e-01-2.202e-03i, |S[1][1]| = -2.074e-01, arg(S[1][1]) = -1.292e-01

It 294/1751: ω/2π = 2.359e+00 GHz (total elapsed time = 2.06e+02 s)

 Sol. ||E|| = 4.056614e+01
 Field energy E (2.446e-10 J) + H (2.445e-10 J) = 4.891e-10 J
 S[1][1] = +9.759e-01-2.512e-03i, |S[1][1]| = -2.116e-01, arg(S[1][1]) = -1.475e-01

It 295/1751: ω/2π = 2.359e+00 GHz (total elapsed time = 2.06e+02 s)

 Sol. ||E|| = 4.061489e+01
 Field energy E (2.489e-10 J) + H (2.487e-10 J) = 4.977e-10 J
 S[1][1] = +9.754e-01-2.820e-03i, |S[1][1]| = -2.159e-01, arg(S[1][1]) = -1.656e-01

It 296/1751: ω/2π = 2.359e+00 GHz (total elapsed time = 2.06e+02 s)

 Sol. ||E|| = 4.066482e+01
 Field energy E (2.533e-10 J) + H (2.531e-10 J) = 5.065e-10 J
 S[1][1] = +9.749e-01-3.126e-03i, |S[1][1]| = -2.204e-01, arg(S[1][1]) = -1.837e-01

It 297/1751: ω/2π = 2.359e+00 GHz (total elapsed time = 2.06e+02 s)

 Sol. ||E|| = 4.071595e+01
 Field energy E (2.579e-10 J) + H (2.576e-10 J) = 5.155e-10 J
 S[1][1] = +9.744e-01-3.429e-03i, |S[1][1]| = -2.250e-01, arg(S[1][1]) = -2.016e-01

It 298/1751: ω/2π = 2.359e+00 GHz (total elapsed time = 2.06e+02 s)

 Sol. ||E|| = 4.076829e+01
 Field energy E (2.625e-10 J) + H (2.622e-10 J) = 5.247e-10 J
 S[1][1] = +9.739e-01-3.729e-03i, |S[1][1]| = -2.297e-01, arg(S[1][1]) = -2.194e-01

It 299/1751: ω/2π = 2.360e+00 GHz (total elapsed time = 2.06e+02 s)

 Sol. ||E|| = 4.082189e+01
 Field energy E (2.673e-10 J) + H (2.670e-10 J) = 5.342e-10 J
 S[1][1] = +9.734e-01-4.026e-03i, |S[1][1]| = -2.345e-01, arg(S[1][1]) = -2.370e-01

It 300/1751: ω/2π = 2.360e+00 GHz (total elapsed time = 2.06e+02 s)

 Sol. ||E|| = 4.087677e+01
 Field energy E (2.721e-10 J) + H (2.718e-10 J) = 5.439e-10 J
 S[1][1] = +9.728e-01-4.320e-03i, |S[1][1]| = -2.395e-01, arg(S[1][1]) = -2.544e-01

It 301/1751: ω/2π = 2.360e+00 GHz (total elapsed time = 2.06e+02 s)

 Sol. ||E|| = 4.093295e+01
 Field energy E (2.771e-10 J) + H (2.768e-10 J) = 5.539e-10 J
 S[1][1] = +9.722e-01-4.609e-03i, |S[1][1]| = -2.446e-01, arg(S[1][1]) = -2.716e-01

It 302/1751: ω/2π = 2.360e+00 GHz (total elapsed time = 2.06e+02 s)

 Sol. ||E|| = 4.099045e+01
 Field energy E (2.822e-10 J) + H (2.819e-10 J) = 5.641e-10 J
 S[1][1] = +9.716e-01-4.894e-03i, |S[1][1]| = -2.498e-01, arg(S[1][1]) = -2.886e-01

It 303/1751: ω/2π = 2.360e+00 GHz (total elapsed time = 2.06e+02 s)

 Sol. ||E|| = 4.104931e+01
 Field energy E (2.875e-10 J) + H (2.871e-10 J) = 5.746e-10 J
 S[1][1] = +9.710e-01-5.173e-03i, |S[1][1]| = -2.552e-01, arg(S[1][1]) = -3.052e-01

It 304/1751: ω/2π = 2.361e+00 GHz (total elapsed time = 2.06e+02 s)

 Sol. ||E|| = 4.110954e+01
 Field energy E (2.929e-10 J) + H (2.925e-10 J) = 5.854e-10 J
 S[1][1] = +9.704e-01-5.447e-03i, |S[1][1]| = -2.607e-01, arg(S[1][1]) = -3.216e-01

It 305/1751: ω/2π = 2.361e+00 GHz (total elapsed time = 2.06e+02 s)

 Sol. ||E|| = 4.117118e+01
 Field energy E (2.984e-10 J) + H (2.980e-10 J) = 5.964e-10 J
 S[1][1] = +9.698e-01-5.714e-03i, |S[1][1]| = -2.664e-01, arg(S[1][1]) = -3.376e-01

It 306/1751: ω/2π = 2.361e+00 GHz (total elapsed time = 2.07e+02 s)

 Sol. ||E|| = 4.123423e+01
 Field energy E (3.041e-10 J) + H (3.036e-10 J) = 6.077e-10 J
 S[1][1] = +9.691e-01-5.975e-03i, |S[1][1]| = -2.722e-01, arg(S[1][1]) = -3.532e-01

It 307/1751: ω/2π = 2.361e+00 GHz (total elapsed time = 2.07e+02 s)

 Sol. ||E|| = 4.129873e+01
 Field energy E (3.099e-10 J) + H (3.094e-10 J) = 6.193e-10 J
 S[1][1] = +9.685e-01-6.228e-03i, |S[1][1]| = -2.782e-01, arg(S[1][1]) = -3.684e-01

It 308/1751: ω/2π = 2.361e+00 GHz (total elapsed time = 2.07e+02 s)

 Sol. ||E|| = 4.136469e+01
 Field energy E (3.158e-10 J) + H (3.153e-10 J) = 6.312e-10 J
 S[1][1] = +9.678e-01-6.473e-03i, |S[1][1]| = -2.843e-01, arg(S[1][1]) = -3.832e-01

It 309/1751: ω/2π = 2.362e+00 GHz (total elapsed time = 2.07e+02 s)

 Sol. ||E|| = 4.143213e+01
 Field energy E (3.219e-10 J) + H (3.214e-10 J) = 6.433e-10 J
 S[1][1] = +9.671e-01-6.709e-03i, |S[1][1]| = -2.906e-01, arg(S[1][1]) = -3.975e-01

It 310/1751: ω/2π = 2.362e+00 GHz (total elapsed time = 2.07e+02 s)

 Sol. ||E|| = 4.150108e+01
 Field energy E (3.281e-10 J) + H (3.276e-10 J) = 6.558e-10 J
 S[1][1] = +9.663e-01-6.935e-03i, |S[1][1]| = -2.971e-01, arg(S[1][1]) = -4.112e-01

It 311/1751: ω/2π = 2.362e+00 GHz (total elapsed time = 2.07e+02 s)

 Sol. ||E|| = 4.157153e+01
 Field energy E (3.345e-10 J) + H (3.340e-10 J) = 6.685e-10 J
 S[1][1] = +9.656e-01-7.150e-03i, |S[1][1]| = -3.037e-01, arg(S[1][1]) = -4.243e-01

It 312/1751: ω/2π = 2.362e+00 GHz (total elapsed time = 2.07e+02 s)

 Sol. ||E|| = 4.164350e+01
 Field energy E (3.411e-10 J) + H (3.405e-10 J) = 6.816e-10 J
 S[1][1] = +9.649e-01-7.355e-03i, |S[1][1]| = -3.105e-01, arg(S[1][1]) = -4.367e-01

It 313/1751: ω/2π = 2.362e+00 GHz (total elapsed time = 2.07e+02 s)

 Sol. ||E|| = 4.171701e+01
 Field energy E (3.478e-10 J) + H (3.472e-10 J) = 6.950e-10 J
 S[1][1] = +9.641e-01-7.547e-03i, |S[1][1]| = -3.175e-01, arg(S[1][1]) = -4.485e-01

It 314/1751: ω/2π = 2.363e+00 GHz (total elapsed time = 2.07e+02 s)

 Sol. ||E|| = 4.179206e+01
 Field energy E (3.546e-10 J) + H (3.540e-10 J) = 7.086e-10 J
 S[1][1] = +9.633e-01-7.725e-03i, |S[1][1]| = -3.247e-01, arg(S[1][1]) = -4.595e-01

It 315/1751: ω/2π = 2.363e+00 GHz (total elapsed time = 2.07e+02 s)

 Sol. ||E|| = 4.186865e+01
 Field energy E (3.616e-10 J) + H (3.610e-10 J) = 7.226e-10 J
 S[1][1] = +9.625e-01-7.890e-03i, |S[1][1]| = -3.320e-01, arg(S[1][1]) = -4.697e-01

It 316/1751: ω/2π = 2.363e+00 GHz (total elapsed time = 2.07e+02 s)

 Sol. ||E|| = 4.194678e+01
 Field energy E (3.688e-10 J) + H (3.682e-10 J) = 7.369e-10 J
 S[1][1] = +9.616e-01-8.039e-03i, |S[1][1]| = -3.395e-01, arg(S[1][1]) = -4.789e-01

It 317/1751: ω/2π = 2.363e+00 GHz (total elapsed time = 2.07e+02 s)

 Sol. ||E|| = 4.202645e+01
 Field energy E (3.761e-10 J) + H (3.755e-10 J) = 7.516e-10 J
 S[1][1] = +9.608e-01-8.171e-03i, |S[1][1]| = -3.472e-01, arg(S[1][1]) = -4.873e-01

It 318/1751: ω/2π = 2.363e+00 GHz (total elapsed time = 2.07e+02 s)

 Sol. ||E|| = 4.210765e+01
 Field energy E (3.836e-10 J) + H (3.830e-10 J) = 7.665e-10 J
 S[1][1] = +9.599e-01-8.286e-03i, |S[1][1]| = -3.551e-01, arg(S[1][1]) = -4.946e-01

It 319/1751: ω/2π = 2.364e+00 GHz (total elapsed time = 2.07e+02 s)

 Sol. ||E|| = 4.219036e+01
 Field energy E (3.912e-10 J) + H (3.906e-10 J) = 7.818e-10 J
 S[1][1] = +9.590e-01-8.382e-03i, |S[1][1]| = -3.632e-01, arg(S[1][1]) = -5.008e-01

It 320/1751: ω/2π = 2.364e+00 GHz (total elapsed time = 2.07e+02 s)

 Sol. ||E|| = 4.227456e+01
 Field energy E (3.990e-10 J) + H (3.984e-10 J) = 7.974e-10 J
 S[1][1] = +9.581e-01-8.458e-03i, |S[1][1]| = -3.715e-01, arg(S[1][1]) = -5.058e-01

It 321/1751: ω/2π = 2.364e+00 GHz (total elapsed time = 2.07e+02 s)

 Sol. ||E|| = 4.236022e+01
 Field energy E (4.069e-10 J) + H (4.063e-10 J) = 8.132e-10 J
 S[1][1] = +9.572e-01-8.512e-03i, |S[1][1]| = -3.799e-01, arg(S[1][1]) = -5.095e-01

It 322/1751: ω/2π = 2.364e+00 GHz (total elapsed time = 2.07e+02 s)

 Sol. ||E|| = 4.244732e+01
 Field energy E (4.150e-10 J) + H (4.144e-10 J) = 8.294e-10 J
 S[1][1] = +9.562e-01-8.543e-03i, |S[1][1]| = -3.886e-01, arg(S[1][1]) = -5.119e-01

It 323/1751: ω/2π = 2.364e+00 GHz (total elapsed time = 2.07e+02 s)

 Sol. ||E|| = 4.253582e+01
 Field energy E (4.233e-10 J) + H (4.227e-10 J) = 8.459e-10 J
 S[1][1] = +9.552e-01-8.550e-03i, |S[1][1]| = -3.974e-01, arg(S[1][1]) = -5.128e-01

It 324/1751: ω/2π = 2.365e+00 GHz (total elapsed time = 2.07e+02 s)

 Sol. ||E|| = 4.262566e+01
 Field energy E (4.317e-10 J) + H (4.311e-10 J) = 8.627e-10 J
 S[1][1] = +9.543e-01-8.532e-03i, |S[1][1]| = -4.064e-01, arg(S[1][1]) = -5.122e-01

It 325/1751: ω/2π = 2.365e+00 GHz (total elapsed time = 2.08e+02 s)

 Sol. ||E|| = 4.271680e+01
 Field energy E (4.402e-10 J) + H (4.396e-10 J) = 8.798e-10 J
 S[1][1] = +9.532e-01-8.486e-03i, |S[1][1]| = -4.156e-01, arg(S[1][1]) = -5.100e-01

It 326/1751: ω/2π = 2.365e+00 GHz (total elapsed time = 2.08e+02 s)

 Sol. ||E|| = 4.280916e+01
 Field energy E (4.489e-10 J) + H (4.483e-10 J) = 8.972e-10 J
 S[1][1] = +9.522e-01-8.410e-03i, |S[1][1]| = -4.249e-01, arg(S[1][1]) = -5.061e-01

It 327/1751: ω/2π = 2.365e+00 GHz (total elapsed time = 2.08e+02 s)

 Sol. ||E|| = 4.290268e+01
 Field energy E (4.577e-10 J) + H (4.571e-10 J) = 9.148e-10 J
 S[1][1] = +9.512e-01-8.305e-03i, |S[1][1]| = -4.344e-01, arg(S[1][1]) = -5.002e-01

It 328/1751: ω/2π = 2.365e+00 GHz (total elapsed time = 2.08e+02 s)

 Sol. ||E|| = 4.299726e+01
 Field energy E (4.666e-10 J) + H (4.661e-10 J) = 9.327e-10 J
 S[1][1] = +9.501e-01-8.167e-03i, |S[1][1]| = -4.441e-01, arg(S[1][1]) = -4.925e-01

It 329/1751: ω/2π = 2.366e+00 GHz (total elapsed time = 2.08e+02 s)

 Sol. ||E|| = 4.309283e+01
 Field energy E (4.757e-10 J) + H (4.751e-10 J) = 9.508e-10 J
 S[1][1] = +9.490e-01-7.995e-03i, |S[1][1]| = -4.540e-01, arg(S[1][1]) = -4.827e-01

It 330/1751: ω/2π = 2.366e+00 GHz (total elapsed time = 2.08e+02 s)

 Sol. ||E|| = 4.318927e+01
 Field energy E (4.849e-10 J) + H (4.843e-10 J) = 9.692e-10 J
 S[1][1] = +9.480e-01-7.788e-03i, |S[1][1]| = -4.640e-01, arg(S[1][1]) = -4.707e-01

It 331/1751: ω/2π = 2.366e+00 GHz (total elapsed time = 2.08e+02 s)

 Sol. ||E|| = 4.328647e+01
 Field energy E (4.941e-10 J) + H (4.936e-10 J) = 9.877e-10 J
 S[1][1] = +9.468e-01-7.543e-03i, |S[1][1]| = -4.741e-01, arg(S[1][1]) = -4.565e-01

It 332/1751: ω/2π = 2.366e+00 GHz (total elapsed time = 2.08e+02 s)

 Sol. ||E|| = 4.338430e+01
 Field energy E (5.035e-10 J) + H (5.029e-10 J) = 1.006e-09 J
 S[1][1] = +9.457e-01-7.260e-03i, |S[1][1]| = -4.844e-01, arg(S[1][1]) = -4.398e-01

It 333/1751: ω/2π = 2.366e+00 GHz (total elapsed time = 2.08e+02 s)

 Sol. ||E|| = 4.348261e+01
 Field energy E (5.129e-10 J) + H (5.124e-10 J) = 1.025e-09 J
 S[1][1] = +9.446e-01-6.935e-03i, |S[1][1]| = -4.948e-01, arg(S[1][1]) = -4.207e-01

It 334/1751: ω/2π = 2.367e+00 GHz (total elapsed time = 2.08e+02 s)

 Sol. ||E|| = 4.358126e+01
 Field energy E (5.224e-10 J) + H (5.219e-10 J) = 1.044e-09 J
 S[1][1] = +9.435e-01-6.569e-03i, |S[1][1]| = -5.052e-01, arg(S[1][1]) = -3.989e-01

It 335/1751: ω/2π = 2.367e+00 GHz (total elapsed time = 2.08e+02 s)

 Sol. ||E|| = 4.368008e+01
 Field energy E (5.319e-10 J) + H (5.315e-10 J) = 1.063e-09 J
 S[1][1] = +9.423e-01-6.158e-03i, |S[1][1]| = -5.158e-01, arg(S[1][1]) = -3.744e-01

It 336/1751: ω/2π = 2.367e+00 GHz (total elapsed time = 2.08e+02 s)

 Sol. ||E|| = 4.377889e+01
 Field energy E (5.415e-10 J) + H (5.410e-10 J) = 1.083e-09 J
 S[1][1] = +9.412e-01-5.701e-03i, |S[1][1]| = -5.265e-01, arg(S[1][1]) = -3.470e-01

It 337/1751: ω/2π = 2.367e+00 GHz (total elapsed time = 2.08e+02 s)

 Sol. ||E|| = 4.387749e+01
 Field energy E (5.510e-10 J) + H (5.506e-10 J) = 1.102e-09 J
 S[1][1] = +9.400e-01-5.197e-03i, |S[1][1]| = -5.371e-01, arg(S[1][1]) = -3.168e-01

It 338/1751: ω/2π = 2.367e+00 GHz (total elapsed time = 2.08e+02 s)

 Sol. ||E|| = 4.397567e+01
 Field energy E (5.606e-10 J) + H (5.602e-10 J) = 1.121e-09 J
 S[1][1] = +9.389e-01-4.644e-03i, |S[1][1]| = -5.479e-01, arg(S[1][1]) = -2.834e-01

It 339/1751: ω/2π = 2.368e+00 GHz (total elapsed time = 2.08e+02 s)

 Sol. ||E|| = 4.407323e+01
 Field energy E (5.701e-10 J) + H (5.698e-10 J) = 1.140e-09 J
 S[1][1] = +9.377e-01-4.041e-03i, |S[1][1]| = -5.586e-01, arg(S[1][1]) = -2.469e-01

It 340/1751: ω/2π = 2.368e+00 GHz (total elapsed time = 2.08e+02 s)

 Sol. ||E|| = 4.416992e+01
 Field energy E (5.796e-10 J) + H (5.793e-10 J) = 1.159e-09 J
 S[1][1] = +9.366e-01-3.387e-03i, |S[1][1]| = -5.693e-01, arg(S[1][1]) = -2.072e-01

It 341/1751: ω/2π = 2.368e+00 GHz (total elapsed time = 2.08e+02 s)

 Sol. ||E|| = 4.426550e+01
 Field energy E (5.890e-10 J) + H (5.888e-10 J) = 1.178e-09 J
 S[1][1] = +9.354e-01-2.680e-03i, |S[1][1]| = -5.799e-01, arg(S[1][1]) = -1.642e-01

It 342/1751: ω/2π = 2.368e+00 GHz (total elapsed time = 2.08e+02 s)

 Sol. ||E|| = 4.435972e+01
 Field energy E (5.983e-10 J) + H (5.981e-10 J) = 1.196e-09 J
 S[1][1] = +9.343e-01-1.920e-03i, |S[1][1]| = -5.905e-01, arg(S[1][1]) = -1.177e-01

It 343/1751: ω/2π = 2.368e+00 GHz (total elapsed time = 2.09e+02 s)

 Sol. ||E|| = 4.445230e+01
 Field energy E (6.075e-10 J) + H (6.073e-10 J) = 1.215e-09 J
 S[1][1] = +9.331e-01-1.105e-03i, |S[1][1]| = -6.010e-01, arg(S[1][1]) = -6.787e-02

It 344/1751: ω/2π = 2.369e+00 GHz (total elapsed time = 2.09e+02 s)

 Sol. ||E|| = 4.454296e+01
 Field energy E (6.165e-10 J) + H (6.164e-10 J) = 1.233e-09 J
 S[1][1] = +9.320e-01-2.359e-04i, |S[1][1]| = -6.113e-01, arg(S[1][1]) = -1.450e-02

It 345/1751: ω/2π = 2.369e+00 GHz (total elapsed time = 2.09e+02 s)

 Sol. ||E|| = 4.463143e+01
 Field energy E (6.253e-10 J) + H (6.253e-10 J) = 1.251e-09 J
 S[1][1] = +9.309e-01+6.886e-04i, |S[1][1]| = -6.215e-01, arg(S[1][1]) = +4.238e-02

It 346/1751: ω/2π = 2.369e+00 GHz (total elapsed time = 2.09e+02 s)

 Sol. ||E|| = 4.471740e+01
 Field energy E (6.339e-10 J) + H (6.339e-10 J) = 1.268e-09 J
 S[1][1] = +9.299e-01+1.668e-03i, |S[1][1]| = -6.314e-01, arg(S[1][1]) = +1.028e-01

It 347/1751: ω/2π = 2.369e+00 GHz (total elapsed time = 2.09e+02 s)

 Sol. ||E|| = 4.480058e+01
 Field energy E (6.422e-10 J) + H (6.423e-10 J) = 1.285e-09 J
 S[1][1] = +9.288e-01+2.703e-03i, |S[1][1]| = -6.412e-01, arg(S[1][1]) = +1.668e-01

It 348/1751: ω/2π = 2.369e+00 GHz (total elapsed time = 2.09e+02 s)

 Sol. ||E|| = 4.488067e+01
 Field energy E (6.503e-10 J) + H (6.505e-10 J) = 1.301e-09 J
 S[1][1] = +9.278e-01+3.793e-03i, |S[1][1]| = -6.506e-01, arg(S[1][1]) = +2.342e-01

It 349/1751: ω/2π = 2.370e+00 GHz (total elapsed time = 2.09e+02 s)

 Sol. ||E|| = 4.495736e+01
 Field energy E (6.581e-10 J) + H (6.583e-10 J) = 1.316e-09 J
 S[1][1] = +9.268e-01+4.936e-03i, |S[1][1]| = -6.597e-01, arg(S[1][1]) = +3.051e-01

It 350/1751: ω/2π = 2.370e+00 GHz (total elapsed time = 2.09e+02 s)

 Sol. ||E|| = 4.503035e+01
 Field energy E (6.655e-10 J) + H (6.658e-10 J) = 1.331e-09 J
 S[1][1] = +9.259e-01+6.133e-03i, |S[1][1]| = -6.685e-01, arg(S[1][1]) = +3.795e-01

It 351/1751: ω/2π = 2.370e+00 GHz (total elapsed time = 2.09e+02 s)

 Sol. ||E|| = 4.509934e+01
 Field energy E (6.725e-10 J) + H (6.729e-10 J) = 1.345e-09 J
 S[1][1] = +9.250e-01+7.380e-03i, |S[1][1]| = -6.768e-01, arg(S[1][1]) = +4.571e-01

It 352/1751: ω/2π = 2.370e+00 GHz (total elapsed time = 2.09e+02 s)

 Sol. ||E|| = 4.516405e+01
 Field energy E (6.791e-10 J) + H (6.797e-10 J) = 1.359e-09 J
 S[1][1] = +9.242e-01+8.678e-03i, |S[1][1]| = -6.847e-01, arg(S[1][1]) = +5.380e-01

It 353/1751: ω/2π = 2.370e+00 GHz (total elapsed time = 2.09e+02 s)

 Sol. ||E|| = 4.522418e+01
 Field energy E (6.853e-10 J) + H (6.860e-10 J) = 1.371e-09 J
 S[1][1] = +9.233e-01+1.002e-02i, |S[1][1]| = -6.922e-01, arg(S[1][1]) = +6.219e-01

It 354/1751: ω/2π = 2.371e+00 GHz (total elapsed time = 2.09e+02 s)

 Sol. ||E|| = 4.527946e+01
 Field energy E (6.911e-10 J) + H (6.918e-10 J) = 1.383e-09 J
 S[1][1] = +9.226e-01+1.141e-02i, |S[1][1]| = -6.992e-01, arg(S[1][1]) = +7.088e-01

It 355/1751: ω/2π = 2.371e+00 GHz (total elapsed time = 2.09e+02 s)

 Sol. ||E|| = 4.532965e+01
 Field energy E (6.963e-10 J) + H (6.971e-10 J) = 1.393e-09 J
 S[1][1] = +9.219e-01+1.285e-02i, |S[1][1]| = -7.056e-01, arg(S[1][1]) = +7.984e-01

It 356/1751: ω/2π = 2.371e+00 GHz (total elapsed time = 2.09e+02 s)

 Sol. ||E|| = 4.537450e+01
 Field energy E (7.011e-10 J) + H (7.019e-10 J) = 1.403e-09 J
 S[1][1] = +9.212e-01+1.432e-02i, |S[1][1]| = -7.114e-01, arg(S[1][1]) = +8.905e-01

It 357/1751: ω/2π = 2.371e+00 GHz (total elapsed time = 2.09e+02 s)

 Sol. ||E|| = 4.541378e+01
 Field energy E (7.052e-10 J) + H (7.062e-10 J) = 1.411e-09 J
 S[1][1] = +9.207e-01+1.583e-02i, |S[1][1]| = -7.166e-01, arg(S[1][1]) = +9.849e-01

It 358/1751: ω/2π = 2.371e+00 GHz (total elapsed time = 2.09e+02 s)

 Sol. ||E|| = 4.544731e+01
 Field energy E (7.089e-10 J) + H (7.100e-10 J) = 1.419e-09 J
 S[1][1] = +9.202e-01+1.737e-02i, |S[1][1]| = -7.212e-01, arg(S[1][1]) = +1.081e+00

It 359/1751: ω/2π = 2.372e+00 GHz (total elapsed time = 2.09e+02 s)

 Sol. ||E|| = 4.547490e+01
 Field energy E (7.119e-10 J) + H (7.131e-10 J) = 1.425e-09 J
 S[1][1] = +9.197e-01+1.894e-02i, |S[1][1]| = -7.252e-01, arg(S[1][1]) = +1.180e+00

It 360/1751: ω/2π = 2.372e+00 GHz (total elapsed time = 2.09e+02 s)

 Sol. ||E|| = 4.549642e+01
 Field energy E (7.143e-10 J) + H (7.156e-10 J) = 1.430e-09 J
 S[1][1] = +9.193e-01+2.053e-02i, |S[1][1]| = -7.284e-01, arg(S[1][1]) = +1.279e+00

It 361/1751: ω/2π = 2.372e+00 GHz (total elapsed time = 2.10e+02 s)

 Sol. ||E|| = 4.551175e+01
 Field energy E (7.161e-10 J) + H (7.176e-10 J) = 1.434e-09 J
 S[1][1] = +9.190e-01+2.215e-02i, |S[1][1]| = -7.310e-01, arg(S[1][1]) = +1.380e+00

It 362/1751: ω/2π = 2.372e+00 GHz (total elapsed time = 2.10e+02 s)

 Sol. ||E|| = 4.552079e+01
 Field energy E (7.173e-10 J) + H (7.189e-10 J) = 1.436e-09 J
 S[1][1] = +9.188e-01+2.378e-02i, |S[1][1]| = -7.328e-01, arg(S[1][1]) = +1.482e+00

It 363/1751: ω/2π = 2.372e+00 GHz (total elapsed time = 2.10e+02 s)

 Sol. ||E|| = 4.552350e+01
 Field energy E (7.179e-10 J) + H (7.195e-10 J) = 1.437e-09 J
 S[1][1] = +9.186e-01+2.542e-02i, |S[1][1]| = -7.339e-01, arg(S[1][1]) = +1.585e+00

It 364/1751: ω/2π = 2.373e+00 GHz (total elapsed time = 2.10e+02 s)

 Sol. ||E|| = 4.551986e+01
 Field energy E (7.178e-10 J) + H (7.196e-10 J) = 1.437e-09 J
 S[1][1] = +9.185e-01+2.706e-02i, |S[1][1]| = -7.343e-01, arg(S[1][1]) = +1.688e+00

It 365/1751: ω/2π = 2.373e+00 GHz (total elapsed time = 2.10e+02 s)

 Sol. ||E|| = 4.550986e+01
 Field energy E (7.171e-10 J) + H (7.190e-10 J) = 1.436e-09 J
 S[1][1] = +9.185e-01+2.871e-02i, |S[1][1]| = -7.340e-01, arg(S[1][1]) = +1.790e+00

It 366/1751: ω/2π = 2.373e+00 GHz (total elapsed time = 2.10e+02 s)

 Sol. ||E|| = 4.549356e+01
 Field energy E (7.158e-10 J) + H (7.178e-10 J) = 1.434e-09 J
 S[1][1] = +9.186e-01+3.036e-02i, |S[1][1]| = -7.329e-01, arg(S[1][1]) = +1.893e+00

It 367/1751: ω/2π = 2.373e+00 GHz (total elapsed time = 2.10e+02 s)

 Sol. ||E|| = 4.547102e+01
 Field energy E (7.139e-10 J) + H (7.159e-10 J) = 1.430e-09 J
 S[1][1] = +9.187e-01+3.199e-02i, |S[1][1]| = -7.311e-01, arg(S[1][1]) = +1.994e+00

It 368/1751: ω/2π = 2.373e+00 GHz (total elapsed time = 2.10e+02 s)

 Sol. ||E|| = 4.544236e+01
 Field energy E (7.113e-10 J) + H (7.135e-10 J) = 1.425e-09 J
 S[1][1] = +9.189e-01+3.362e-02i, |S[1][1]| = -7.286e-01, arg(S[1][1]) = +2.095e+00

It 369/1751: ω/2π = 2.374e+00 GHz (total elapsed time = 2.10e+02 s)

 Sol. ||E|| = 4.540770e+01
 Field energy E (7.081e-10 J) + H (7.104e-10 J) = 1.419e-09 J
 S[1][1] = +9.192e-01+3.522e-02i, |S[1][1]| = -7.255e-01, arg(S[1][1]) = +2.195e+00

It 370/1751: ω/2π = 2.374e+00 GHz (total elapsed time = 2.10e+02 s)

 Sol. ||E|| = 4.536721e+01
 Field energy E (7.044e-10 J) + H (7.068e-10 J) = 1.411e-09 J
 S[1][1] = +9.195e-01+3.681e-02i, |S[1][1]| = -7.216e-01, arg(S[1][1]) = +2.292e+00

It 371/1751: ω/2π = 2.374e+00 GHz (total elapsed time = 2.10e+02 s)

 Sol. ||E|| = 4.532107e+01
 Field energy E (7.001e-10 J) + H (7.026e-10 J) = 1.403e-09 J
 S[1][1] = +9.200e-01+3.837e-02i, |S[1][1]| = -7.171e-01, arg(S[1][1]) = +2.388e+00

It 372/1751: ω/2π = 2.374e+00 GHz (total elapsed time = 2.10e+02 s)

 Sol. ||E|| = 4.526951e+01
 Field energy E (6.953e-10 J) + H (6.979e-10 J) = 1.393e-09 J
 S[1][1] = +9.204e-01+3.990e-02i, |S[1][1]| = -7.120e-01, arg(S[1][1]) = +2.482e+00

It 373/1751: ω/2π = 2.374e+00 GHz (total elapsed time = 2.10e+02 s)

 Sol. ||E|| = 4.521275e+01
 Field energy E (6.899e-10 J) + H (6.926e-10 J) = 1.383e-09 J
 S[1][1] = +9.210e-01+4.139e-02i, |S[1][1]| = -7.063e-01, arg(S[1][1]) = +2.573e+00

It 374/1751: ω/2π = 2.375e+00 GHz (total elapsed time = 2.10e+02 s)

 Sol. ||E|| = 4.515105e+01
 Field energy E (6.841e-10 J) + H (6.869e-10 J) = 1.371e-09 J
 S[1][1] = +9.216e-01+4.285e-02i, |S[1][1]| = -7.000e-01, arg(S[1][1]) = +2.662e+00

It 375/1751: ω/2π = 2.375e+00 GHz (total elapsed time = 2.10e+02 s)

 Sol. ||E|| = 4.508467e+01
 Field energy E (6.778e-10 J) + H (6.807e-10 J) = 1.358e-09 J
 S[1][1] = +9.222e-01+4.427e-02i, |S[1][1]| = -6.932e-01, arg(S[1][1]) = +2.748e+00

It 376/1751: ω/2π = 2.375e+00 GHz (total elapsed time = 2.10e+02 s)

 Sol. ||E|| = 4.501390e+01
 Field energy E (6.710e-10 J) + H (6.740e-10 J) = 1.345e-09 J
 S[1][1] = +9.229e-01+4.565e-02i, |S[1][1]| = -6.859e-01, arg(S[1][1]) = +2.832e+00

It 377/1751: ω/2π = 2.375e+00 GHz (total elapsed time = 2.10e+02 s)

 Sol. ||E|| = 4.493903e+01
 Field energy E (6.639e-10 J) + H (6.670e-10 J) = 1.331e-09 J
 S[1][1] = +9.237e-01+4.698e-02i, |S[1][1]| = -6.781e-01, arg(S[1][1]) = +2.912e+00

It 378/1751: ω/2π = 2.375e+00 GHz (total elapsed time = 2.10e+02 s)

 Sol. ||E|| = 4.486036e+01
 Field energy E (6.564e-10 J) + H (6.596e-10 J) = 1.316e-09 J
 S[1][1] = +9.245e-01+4.827e-02i, |S[1][1]| = -6.699e-01, arg(S[1][1]) = +2.989e+00

It 379/1751: ω/2π = 2.376e+00 GHz (total elapsed time = 2.10e+02 s)

 Sol. ||E|| = 4.477820e+01
 Field energy E (6.486e-10 J) + H (6.518e-10 J) = 1.300e-09 J
 S[1][1] = +9.254e-01+4.950e-02i, |S[1][1]| = -6.614e-01, arg(S[1][1]) = +3.062e+00

It 380/1751: ω/2π = 2.376e+00 GHz (total elapsed time = 2.11e+02 s)

 Sol. ||E|| = 4.469285e+01
 Field energy E (6.404e-10 J) + H (6.437e-10 J) = 1.284e-09 J
 S[1][1] = +9.262e-01+5.069e-02i, |S[1][1]| = -6.525e-01, arg(S[1][1]) = +3.132e+00

It 381/1751: ω/2π = 2.376e+00 GHz (total elapsed time = 2.11e+02 s)

 Sol. ||E|| = 4.460463e+01
 Field energy E (6.320e-10 J) + H (6.354e-10 J) = 1.267e-09 J
 S[1][1] = +9.272e-01+5.182e-02i, |S[1][1]| = -6.433e-01, arg(S[1][1]) = +3.199e+00

It 382/1751: ω/2π = 2.376e+00 GHz (total elapsed time = 2.11e+02 s)

 Sol. ||E|| = 4.451383e+01
 Field energy E (6.233e-10 J) + H (6.268e-10 J) = 1.250e-09 J
 S[1][1] = +9.281e-01+5.291e-02i, |S[1][1]| = -6.338e-01, arg(S[1][1]) = +3.263e+00

It 383/1751: ω/2π = 2.376e+00 GHz (total elapsed time = 2.11e+02 s)

 Sol. ||E|| = 4.442076e+01
 Field energy E (6.145e-10 J) + H (6.180e-10 J) = 1.232e-09 J
 S[1][1] = +9.291e-01+5.394e-02i, |S[1][1]| = -6.241e-01, arg(S[1][1]) = +3.322e+00

It 384/1751: ω/2π = 2.377e+00 GHz (total elapsed time = 2.11e+02 s)

 Sol. ||E|| = 4.432572e+01
 Field energy E (6.054e-10 J) + H (6.090e-10 J) = 1.214e-09 J
 S[1][1] = +9.301e-01+5.491e-02i, |S[1][1]| = -6.142e-01, arg(S[1][1]) = +3.379e+00

It 385/1751: ω/2π = 2.377e+00 GHz (total elapsed time = 2.11e+02 s)

 Sol. ||E|| = 4.422899e+01
 Field energy E (5.962e-10 J) + H (5.999e-10 J) = 1.196e-09 J
 S[1][1] = +9.311e-01+5.584e-02i, |S[1][1]| = -6.042e-01, arg(S[1][1]) = +3.432e+00

It 386/1751: ω/2π = 2.377e+00 GHz (total elapsed time = 2.11e+02 s)

 Sol. ||E|| = 4.413084e+01
 Field energy E (5.868e-10 J) + H (5.906e-10 J) = 1.177e-09 J
 S[1][1] = +9.322e-01+5.671e-02i, |S[1][1]| = -5.940e-01, arg(S[1][1]) = +3.481e+00

It 387/1751: ω/2π = 2.377e+00 GHz (total elapsed time = 2.11e+02 s)

 Sol. ||E|| = 4.403154e+01
 Field energy E (5.774e-10 J) + H (5.812e-10 J) = 1.159e-09 J
 S[1][1] = +9.332e-01+5.753e-02i, |S[1][1]| = -5.837e-01, arg(S[1][1]) = +3.528e+00

It 388/1751: ω/2π = 2.377e+00 GHz (total elapsed time = 2.11e+02 s)

 Sol. ||E|| = 4.393136e+01
 Field energy E (5.679e-10 J) + H (5.718e-10 J) = 1.140e-09 J
 S[1][1] = +9.343e-01+5.830e-02i, |S[1][1]| = -5.733e-01, arg(S[1][1]) = +3.570e+00

It 389/1751: ω/2π = 2.378e+00 GHz (total elapsed time = 2.11e+02 s)

 Sol. ||E|| = 4.383053e+01
 Field energy E (5.583e-10 J) + H (5.622e-10 J) = 1.121e-09 J
 S[1][1] = +9.354e-01+5.901e-02i, |S[1][1]| = -5.629e-01, arg(S[1][1]) = +3.610e+00

It 390/1751: ω/2π = 2.378e+00 GHz (total elapsed time = 2.11e+02 s)

 Sol. ||E|| = 4.372927e+01
 Field energy E (5.488e-10 J) + H (5.527e-10 J) = 1.101e-09 J
 S[1][1] = +9.365e-01+5.968e-02i, |S[1][1]| = -5.525e-01, arg(S[1][1]) = +3.647e+00

It 391/1751: ω/2π = 2.378e+00 GHz (total elapsed time = 2.11e+02 s)

 Sol. ||E|| = 4.362782e+01
 Field energy E (5.392e-10 J) + H (5.432e-10 J) = 1.082e-09 J
 S[1][1] = +9.376e-01+6.030e-02i, |S[1][1]| = -5.421e-01, arg(S[1][1]) = +3.680e+00

It 392/1751: ω/2π = 2.378e+00 GHz (total elapsed time = 2.11e+02 s)

 Sol. ||E|| = 4.352636e+01
 Field energy E (5.296e-10 J) + H (5.336e-10 J) = 1.063e-09 J
 S[1][1] = +9.386e-01+6.087e-02i, |S[1][1]| = -5.317e-01, arg(S[1][1]) = +3.710e+00

It 393/1751: ω/2π = 2.378e+00 GHz (total elapsed time = 2.11e+02 s)

 Sol. ||E|| = 4.342509e+01
 Field energy E (5.201e-10 J) + H (5.241e-10 J) = 1.044e-09 J
 S[1][1] = +9.397e-01+6.140e-02i, |S[1][1]| = -5.214e-01, arg(S[1][1]) = +3.738e+00

It 394/1751: ω/2π = 2.379e+00 GHz (total elapsed time = 2.11e+02 s)

 Sol. ||E|| = 4.332418e+01
 Field energy E (5.106e-10 J) + H (5.147e-10 J) = 1.025e-09 J
 S[1][1] = +9.408e-01+6.188e-02i, |S[1][1]| = -5.111e-01, arg(S[1][1]) = +3.763e+00

It 395/1751: ω/2π = 2.379e+00 GHz (total elapsed time = 2.11e+02 s)

 Sol. ||E|| = 4.322379e+01
 Field energy E (5.011e-10 J) + H (5.053e-10 J) = 1.006e-09 J
 S[1][1] = +9.419e-01+6.231e-02i, |S[1][1]| = -5.009e-01, arg(S[1][1]) = +3.785e+00

It 396/1751: ω/2π = 2.379e+00 GHz (total elapsed time = 2.11e+02 s)

 Sol. ||E|| = 4.312407e+01
 Field energy E (4.918e-10 J) + H (4.959e-10 J) = 9.877e-10 J
 S[1][1] = +9.430e-01+6.271e-02i, |S[1][1]| = -4.908e-01, arg(S[1][1]) = +3.805e+00

It 397/1751: ω/2π = 2.379e+00 GHz (total elapsed time = 2.11e+02 s)

 Sol. ||E|| = 4.302515e+01
 Field energy E (4.825e-10 J) + H (4.867e-10 J) = 9.692e-10 J
 S[1][1] = +9.440e-01+6.307e-02i, |S[1][1]| = -4.809e-01, arg(S[1][1]) = +3.822e+00

It 398/1751: ω/2π = 2.379e+00 GHz (total elapsed time = 2.12e+02 s)

 Sol. ||E|| = 4.292716e+01
 Field energy E (4.734e-10 J) + H (4.776e-10 J) = 9.509e-10 J
 S[1][1] = +9.451e-01+6.338e-02i, |S[1][1]| = -4.710e-01, arg(S[1][1]) = +3.837e+00

It 399/1751: ω/2π = 2.380e+00 GHz (total elapsed time = 2.12e+02 s)

 Sol. ||E|| = 4.283021e+01
 Field energy E (4.643e-10 J) + H (4.685e-10 J) = 9.329e-10 J
 S[1][1] = +9.461e-01+6.366e-02i, |S[1][1]| = -4.613e-01, arg(S[1][1]) = +3.849e+00

It 400/1751: ω/2π = 2.380e+00 GHz (total elapsed time = 2.12e+02 s)

 Sol. ||E|| = 4.273439e+01
 Field energy E (4.554e-10 J) + H (4.596e-10 J) = 9.150e-10 J
 S[1][1] = +9.472e-01+6.391e-02i, |S[1][1]| = -4.517e-01, arg(S[1][1]) = +3.860e+00

It 401/1751: ω/2π = 2.380e+00 GHz (total elapsed time = 2.12e+02 s)

 Sol. ||E|| = 4.263980e+01
 Field energy E (4.466e-10 J) + H (4.508e-10 J) = 8.974e-10 J
 S[1][1] = +9.482e-01+6.412e-02i, |S[1][1]| = -4.423e-01, arg(S[1][1]) = +3.869e+00

It 402/1751: ω/2π = 2.380e+00 GHz (total elapsed time = 2.12e+02 s)

 Sol. ||E|| = 4.254650e+01
 Field energy E (4.379e-10 J) + H (4.422e-10 J) = 8.801e-10 J
 S[1][1] = +9.492e-01+6.430e-02i, |S[1][1]| = -4.330e-01, arg(S[1][1]) = +3.875e+00

It 403/1751: ω/2π = 2.380e+00 GHz (total elapsed time = 2.12e+02 s)

 Sol. ||E|| = 4.245456e+01
 Field energy E (4.294e-10 J) + H (4.337e-10 J) = 8.631e-10 J
 S[1][1] = +9.502e-01+6.445e-02i, |S[1][1]| = -4.239e-01, arg(S[1][1]) = +3.880e+00

It 404/1751: ω/2π = 2.381e+00 GHz (total elapsed time = 2.12e+02 s)

 Sol. ||E|| = 4.236405e+01
 Field energy E (4.210e-10 J) + H (4.253e-10 J) = 8.464e-10 J
 S[1][1] = +9.512e-01+6.457e-02i, |S[1][1]| = -4.150e-01, arg(S[1][1]) = +3.883e+00

It 405/1751: ω/2π = 2.381e+00 GHz (total elapsed time = 2.12e+02 s)

 Sol. ||E|| = 4.227502e+01
 Field energy E (4.128e-10 J) + H (4.171e-10 J) = 8.299e-10 J
 S[1][1] = +9.521e-01+6.466e-02i, |S[1][1]| = -4.062e-01, arg(S[1][1]) = +3.885e+00

It 406/1751: ω/2π = 2.381e+00 GHz (total elapsed time = 2.12e+02 s)

 Sol. ||E|| = 4.218749e+01
 Field energy E (4.047e-10 J) + H (4.090e-10 J) = 8.138e-10 J
 S[1][1] = +9.531e-01+6.472e-02i, |S[1][1]| = -3.977e-01, arg(S[1][1]) = +3.885e+00

It 407/1751: ω/2π = 2.381e+00 GHz (total elapsed time = 2.12e+02 s)

 Sol. ||E|| = 4.210151e+01
 Field energy E (3.968e-10 J) + H (4.011e-10 J) = 7.979e-10 J
 S[1][1] = +9.540e-01+6.476e-02i, |S[1][1]| = -3.892e-01, arg(S[1][1]) = +3.884e+00

It 408/1751: ω/2π = 2.381e+00 GHz (total elapsed time = 2.12e+02 s)

 Sol. ||E|| = 4.201711e+01
 Field energy E (3.891e-10 J) + H (3.934e-10 J) = 7.824e-10 J
 S[1][1] = +9.549e-01+6.478e-02i, |S[1][1]| = -3.810e-01, arg(S[1][1]) = +3.881e+00

It 409/1751: ω/2π = 2.382e+00 GHz (total elapsed time = 2.12e+02 s)

 Sol. ||E|| = 4.193429e+01
 Field energy E (3.815e-10 J) + H (3.858e-10 J) = 7.672e-10 J
 S[1][1] = +9.558e-01+6.478e-02i, |S[1][1]| = -3.730e-01, arg(S[1][1]) = +3.877e+00

It 410/1751: ω/2π = 2.382e+00 GHz (total elapsed time = 2.12e+02 s)

 Sol. ||E|| = 4.185309e+01
 Field energy E (3.740e-10 J) + H (3.783e-10 J) = 7.523e-10 J
 S[1][1] = +9.567e-01+6.475e-02i, |S[1][1]| = -3.651e-01, arg(S[1][1]) = +3.872e+00

It 411/1751: ω/2π = 2.382e+00 GHz (total elapsed time = 2.12e+02 s)

 Sol. ||E|| = 4.177350e+01
 Field energy E (3.667e-10 J) + H (3.710e-10 J) = 7.378e-10 J
 S[1][1] = +9.575e-01+6.470e-02i, |S[1][1]| = -3.574e-01, arg(S[1][1]) = +3.866e+00

It 412/1751: ω/2π = 2.382e+00 GHz (total elapsed time = 2.12e+02 s)

 Sol. ||E|| = 4.169554e+01
 Field energy E (3.596e-10 J) + H (3.639e-10 J) = 7.235e-10 J
 S[1][1] = +9.583e-01+6.464e-02i, |S[1][1]| = -3.499e-01, arg(S[1][1]) = +3.859e+00

It 413/1751: ω/2π = 2.382e+00 GHz (total elapsed time = 2.12e+02 s)

 Sol. ||E|| = 4.161920e+01
 Field energy E (3.526e-10 J) + H (3.569e-10 J) = 7.096e-10 J
 S[1][1] = +9.592e-01+6.456e-02i, |S[1][1]| = -3.425e-01, arg(S[1][1]) = +3.851e+00

It 414/1751: ω/2π = 2.383e+00 GHz (total elapsed time = 2.12e+02 s)

 Sol. ||E|| = 4.154448e+01
 Field energy E (3.458e-10 J) + H (3.501e-10 J) = 6.959e-10 J
 S[1][1] = +9.600e-01+6.446e-02i, |S[1][1]| = -3.353e-01, arg(S[1][1]) = +3.842e+00

It 415/1751: ω/2π = 2.383e+00 GHz (total elapsed time = 2.12e+02 s)

 Sol. ||E|| = 4.147136e+01
 Field energy E (3.392e-10 J) + H (3.434e-10 J) = 6.826e-10 J
 S[1][1] = +9.608e-01+6.435e-02i, |S[1][1]| = -3.283e-01, arg(S[1][1]) = +3.832e+00

It 416/1751: ω/2π = 2.383e+00 GHz (total elapsed time = 2.13e+02 s)

 Sol. ||E|| = 4.139985e+01
 Field energy E (3.327e-10 J) + H (3.369e-10 J) = 6.696e-10 J
 S[1][1] = +9.615e-01+6.422e-02i, |S[1][1]| = -3.215e-01, arg(S[1][1]) = +3.821e+00

It 417/1751: ω/2π = 2.383e+00 GHz (total elapsed time = 2.13e+02 s)

 Sol. ||E|| = 4.132993e+01
 Field energy E (3.263e-10 J) + H (3.306e-10 J) = 6.569e-10 J
 S[1][1] = +9.623e-01+6.408e-02i, |S[1][1]| = -3.149e-01, arg(S[1][1]) = +3.810e+00

It 418/1751: ω/2π = 2.383e+00 GHz (total elapsed time = 2.13e+02 s)

 Sol. ||E|| = 4.126157e+01
 Field energy E (3.201e-10 J) + H (3.244e-10 J) = 6.445e-10 J
 S[1][1] = +9.630e-01+6.393e-02i, |S[1][1]| = -3.084e-01, arg(S[1][1]) = +3.798e+00

It 419/1751: ω/2π = 2.384e+00 GHz (total elapsed time = 2.13e+02 s)

 Sol. ||E|| = 4.119477e+01
 Field energy E (3.141e-10 J) + H (3.183e-10 J) = 6.324e-10 J
 S[1][1] = +9.637e-01+6.377e-02i, |S[1][1]| = -3.020e-01, arg(S[1][1]) = +3.786e+00

It 420/1751: ω/2π = 2.384e+00 GHz (total elapsed time = 2.13e+02 s)

 Sol. ||E|| = 4.112950e+01
 Field energy E (3.082e-10 J) + H (3.124e-10 J) = 6.206e-10 J
 S[1][1] = +9.644e-01+6.359e-02i, |S[1][1]| = -2.958e-01, arg(S[1][1]) = +3.773e+00

It 421/1751: ω/2π = 2.384e+00 GHz (total elapsed time = 2.13e+02 s)

 Sol. ||E|| = 4.106575e+01
 Field energy E (3.024e-10 J) + H (3.066e-10 J) = 6.091e-10 J
 S[1][1] = +9.651e-01+6.341e-02i, |S[1][1]| = -2.898e-01, arg(S[1][1]) = +3.759e+00

It 422/1751: ω/2π = 2.384e+00 GHz (total elapsed time = 2.13e+02 s)

 Sol. ||E|| = 4.100348e+01
 Field energy E (2.968e-10 J) + H (3.010e-10 J) = 5.978e-10 J
 S[1][1] = +9.658e-01+6.321e-02i, |S[1][1]| = -2.840e-01, arg(S[1][1]) = +3.745e+00

It 423/1751: ω/2π = 2.384e+00 GHz (total elapsed time = 2.13e+02 s)

 Sol. ||E|| = 4.094267e+01
 Field energy E (2.913e-10 J) + H (2.955e-10 J) = 5.869e-10 J
 S[1][1] = +9.664e-01+6.301e-02i, |S[1][1]| = -2.782e-01, arg(S[1][1]) = +3.730e+00

It 424/1751: ω/2π = 2.385e+00 GHz (total elapsed time = 2.13e+02 s)

 Sol. ||E|| = 4.088330e+01
 Field energy E (2.860e-10 J) + H (2.902e-10 J) = 5.762e-10 J
 S[1][1] = +9.671e-01+6.280e-02i, |S[1][1]| = -2.727e-01, arg(S[1][1]) = +3.716e+00

It 425/1751: ω/2π = 2.385e+00 GHz (total elapsed time = 2.13e+02 s)

 Sol. ||E|| = 4.082535e+01
 Field energy E (2.808e-10 J) + H (2.849e-10 J) = 5.657e-10 J
 S[1][1] = +9.677e-01+6.258e-02i, |S[1][1]| = -2.672e-01, arg(S[1][1]) = +3.700e+00

It 426/1751: ω/2π = 2.385e+00 GHz (total elapsed time = 2.13e+02 s)

 Sol. ||E|| = 4.076878e+01
 Field energy E (2.757e-10 J) + H (2.798e-10 J) = 5.556e-10 J
 S[1][1] = +9.683e-01+6.236e-02i, |S[1][1]| = -2.620e-01, arg(S[1][1]) = +3.685e+00

It 427/1751: ω/2π = 2.385e+00 GHz (total elapsed time = 2.13e+02 s)

 Sol. ||E|| = 4.071357e+01
 Field energy E (2.708e-10 J) + H (2.749e-10 J) = 5.456e-10 J
 S[1][1] = +9.689e-01+6.213e-02i, |S[1][1]| = -2.568e-01, arg(S[1][1]) = +3.669e+00

It 428/1751: ω/2π = 2.385e+00 GHz (total elapsed time = 2.13e+02 s)

 Sol. ||E|| = 4.065969e+01
 Field energy E (2.659e-10 J) + H (2.700e-10 J) = 5.360e-10 J
 S[1][1] = +9.695e-01+6.189e-02i, |S[1][1]| = -2.518e-01, arg(S[1][1]) = +3.653e+00

It 429/1751: ω/2π = 2.386e+00 GHz (total elapsed time = 2.13e+02 s)

 Sol. ||E|| = 4.060711e+01
 Field energy E (2.612e-10 J) + H (2.653e-10 J) = 5.265e-10 J
 S[1][1] = +9.700e-01+6.165e-02i, |S[1][1]| = -2.469e-01, arg(S[1][1]) = +3.636e+00

It 430/1751: ω/2π = 2.386e+00 GHz (total elapsed time = 2.13e+02 s)

 Sol. ||E|| = 4.055581e+01
 Field energy E (2.566e-10 J) + H (2.607e-10 J) = 5.173e-10 J
 S[1][1] = +9.706e-01+6.140e-02i, |S[1][1]| = -2.421e-01, arg(S[1][1]) = +3.620e+00

It 431/1751: ω/2π = 2.386e+00 GHz (total elapsed time = 2.13e+02 s)

 Sol. ||E|| = 4.050575e+01
 Field energy E (2.522e-10 J) + H (2.562e-10 J) = 5.084e-10 J
 S[1][1] = +9.711e-01+6.115e-02i, |S[1][1]| = -2.375e-01, arg(S[1][1]) = +3.603e+00

It 432/1751: ω/2π = 2.386e+00 GHz (total elapsed time = 2.13e+02 s)

 Sol. ||E|| = 4.045691e+01
 Field energy E (2.478e-10 J) + H (2.518e-10 J) = 4.996e-10 J
 S[1][1] = +9.716e-01+6.090e-02i, |S[1][1]| = -2.330e-01, arg(S[1][1]) = +3.586e+00

It 433/1751: ω/2π = 2.386e+00 GHz (total elapsed time = 2.13e+02 s)

 Sol. ||E|| = 4.040926e+01
 Field energy E (2.436e-10 J) + H (2.476e-10 J) = 4.911e-10 J
 S[1][1] = +9.721e-01+6.064e-02i, |S[1][1]| = -2.286e-01, arg(S[1][1]) = +3.569e+00

It 434/1751: ω/2π = 2.387e+00 GHz (total elapsed time = 2.14e+02 s)

 Sol. ||E|| = 4.036277e+01
 Field energy E (2.394e-10 J) + H (2.434e-10 J) = 4.828e-10 J
 S[1][1] = +9.726e-01+6.038e-02i, |S[1][1]| = -2.243e-01, arg(S[1][1]) = +3.552e+00

It 435/1751: ω/2π = 2.387e+00 GHz (total elapsed time = 2.14e+02 s)

 Sol. ||E|| = 4.031742e+01
 Field energy E (2.354e-10 J) + H (2.394e-10 J) = 4.747e-10 J
 S[1][1] = +9.731e-01+6.011e-02i, |S[1][1]| = -2.201e-01, arg(S[1][1]) = +3.535e+00

It 436/1751: ω/2π = 2.387e+00 GHz (total elapsed time = 2.14e+02 s)

 Sol. ||E|| = 4.027317e+01
 Field energy E (2.314e-10 J) + H (2.354e-10 J) = 4.668e-10 J
 S[1][1] = +9.736e-01+5.984e-02i, |S[1][1]| = -2.160e-01, arg(S[1][1]) = +3.517e+00

It 437/1751: ω/2π = 2.387e+00 GHz (total elapsed time = 2.14e+02 s)

 Sol. ||E|| = 4.023000e+01
 Field energy E (2.276e-10 J) + H (2.315e-10 J) = 4.592e-10 J
 S[1][1] = +9.741e-01+5.957e-02i, |S[1][1]| = -2.121e-01, arg(S[1][1]) = +3.500e+00

It 438/1751: ω/2π = 2.387e+00 GHz (total elapsed time = 2.14e+02 s)

 Sol. ||E|| = 4.018789e+01
 Field energy E (2.239e-10 J) + H (2.278e-10 J) = 4.517e-10 J
 S[1][1] = +9.745e-01+5.930e-02i, |S[1][1]| = -2.082e-01, arg(S[1][1]) = +3.482e+00

It 439/1751: ω/2π = 2.388e+00 GHz (total elapsed time = 2.14e+02 s)

 Sol. ||E|| = 4.014680e+01
 Field energy E (2.202e-10 J) + H (2.241e-10 J) = 4.443e-10 J
 S[1][1] = +9.750e-01+5.903e-02i, |S[1][1]| = -2.044e-01, arg(S[1][1]) = +3.465e+00

It 440/1751: ω/2π = 2.388e+00 GHz (total elapsed time = 2.14e+02 s)

 Sol. ||E|| = 4.010671e+01
 Field energy E (2.167e-10 J) + H (2.206e-10 J) = 4.372e-10 J
 S[1][1] = +9.754e-01+5.875e-02i, |S[1][1]| = -2.008e-01, arg(S[1][1]) = +3.447e+00

It 441/1751: ω/2π = 2.388e+00 GHz (total elapsed time = 2.14e+02 s)

 Sol. ||E|| = 4.006759e+01
 Field energy E (2.132e-10 J) + H (2.171e-10 J) = 4.303e-10 J
 S[1][1] = +9.758e-01+5.848e-02i, |S[1][1]| = -1.972e-01, arg(S[1][1]) = +3.430e+00

It 442/1751: ω/2π = 2.388e+00 GHz (total elapsed time = 2.14e+02 s)

 Sol. ||E|| = 4.002943e+01
 Field energy E (2.098e-10 J) + H (2.137e-10 J) = 4.235e-10 J
 S[1][1] = +9.762e-01+5.820e-02i, |S[1][1]| = -1.937e-01, arg(S[1][1]) = +3.412e+00

It 443/1751: ω/2π = 2.388e+00 GHz (total elapsed time = 2.14e+02 s)

 Sol. ||E|| = 3.999219e+01
 Field energy E (2.065e-10 J) + H (2.104e-10 J) = 4.169e-10 J
 S[1][1] = +9.766e-01+5.792e-02i, |S[1][1]| = -1.903e-01, arg(S[1][1]) = +3.394e+00

It 444/1751: ω/2π = 2.389e+00 GHz (total elapsed time = 2.14e+02 s)

 Sol. ||E|| = 3.995585e+01
 Field energy E (2.033e-10 J) + H (2.071e-10 J) = 4.104e-10 J
 S[1][1] = +9.770e-01+5.764e-02i, |S[1][1]| = -1.870e-01, arg(S[1][1]) = +3.377e+00

It 445/1751: ω/2π = 2.389e+00 GHz (total elapsed time = 2.14e+02 s)

 Sol. ||E|| = 3.992039e+01
 Field energy E (2.002e-10 J) + H (2.040e-10 J) = 4.041e-10 J
 S[1][1] = +9.774e-01+5.736e-02i, |S[1][1]| = -1.838e-01, arg(S[1][1]) = +3.359e+00

It 446/1751: ω/2π = 2.389e+00 GHz (total elapsed time = 2.14e+02 s)

 Sol. ||E|| = 3.988578e+01
 Field energy E (1.971e-10 J) + H (2.009e-10 J) = 3.980e-10 J
 S[1][1] = +9.778e-01+5.708e-02i, |S[1][1]| = -1.806e-01, arg(S[1][1]) = +3.341e+00

It 447/1751: ω/2π = 2.389e+00 GHz (total elapsed time = 2.14e+02 s)

 Sol. ||E|| = 3.985200e+01
 Field energy E (1.941e-10 J) + H (1.979e-10 J) = 3.920e-10 J
 S[1][1] = +9.781e-01+5.680e-02i, |S[1][1]| = -1.776e-01, arg(S[1][1]) = +3.324e+00

It 448/1751: ω/2π = 2.389e+00 GHz (total elapsed time = 2.14e+02 s)

 Sol. ||E|| = 3.981904e+01
 Field energy E (1.912e-10 J) + H (1.950e-10 J) = 3.862e-10 J
 S[1][1] = +9.785e-01+5.652e-02i, |S[1][1]| = -1.746e-01, arg(S[1][1]) = +3.306e+00

It 449/1751: ω/2π = 2.390e+00 GHz (total elapsed time = 2.14e+02 s)

 Sol. ||E|| = 3.978686e+01
 Field energy E (1.884e-10 J) + H (1.921e-10 J) = 3.805e-10 J
 S[1][1] = +9.788e-01+5.624e-02i, |S[1][1]| = -1.717e-01, arg(S[1][1]) = +3.289e+00

It 450/1751: ω/2π = 2.390e+00 GHz (total elapsed time = 2.14e+02 s)

 Sol. ||E|| = 3.975545e+01
 Field energy E (1.856e-10 J) + H (1.893e-10 J) = 3.750e-10 J
 S[1][1] = +9.792e-01+5.596e-02i, |S[1][1]| = -1.688e-01, arg(S[1][1]) = +3.271e+00

It 451/1751: ω/2π = 2.390e+00 GHz (total elapsed time = 2.14e+02 s)

 Sol. ||E|| = 3.972479e+01
 Field energy E (1.829e-10 J) + H (1.866e-10 J) = 3.695e-10 J
 S[1][1] = +9.795e-01+5.568e-02i, |S[1][1]| = -1.660e-01, arg(S[1][1]) = +3.254e+00

It 452/1751: ω/2π = 2.390e+00 GHz (total elapsed time = 2.15e+02 s)

 Sol. ||E|| = 3.969485e+01
 Field energy E (1.803e-10 J) + H (1.840e-10 J) = 3.642e-10 J
 S[1][1] = +9.798e-01+5.540e-02i, |S[1][1]| = -1.633e-01, arg(S[1][1]) = +3.236e+00

It 453/1751: ω/2π = 2.390e+00 GHz (total elapsed time = 2.15e+02 s)

 Sol. ||E|| = 3.966562e+01
 Field energy E (1.777e-10 J) + H (1.814e-10 J) = 3.591e-10 J
 S[1][1] = +9.801e-01+5.513e-02i, |S[1][1]| = -1.607e-01, arg(S[1][1]) = +3.219e+00

It 454/1751: ω/2π = 2.391e+00 GHz (total elapsed time = 2.15e+02 s)

 Sol. ||E|| = 3.963708e+01
 Field energy E (1.752e-10 J) + H (1.788e-10 J) = 3.541e-10 J
 S[1][1] = +9.804e-01+5.485e-02i, |S[1][1]| = -1.581e-01, arg(S[1][1]) = +3.202e+00

It 455/1751: ω/2π = 2.391e+00 GHz (total elapsed time = 2.15e+02 s)

 Sol. ||E|| = 3.960921e+01
 Field energy E (1.728e-10 J) + H (1.764e-10 J) = 3.491e-10 J
 S[1][1] = +9.807e-01+5.457e-02i, |S[1][1]| = -1.556e-01, arg(S[1][1]) = +3.185e+00

It 456/1751: ω/2π = 2.391e+00 GHz (total elapsed time = 2.15e+02 s)

 Sol. ||E|| = 3.958199e+01
 Field energy E (1.704e-10 J) + H (1.740e-10 J) = 3.443e-10 J
 S[1][1] = +9.810e-01+5.429e-02i, |S[1][1]| = -1.532e-01, arg(S[1][1]) = +3.168e+00

It 457/1751: ω/2π = 2.391e+00 GHz (total elapsed time = 2.15e+02 s)

 Sol. ||E|| = 3.955540e+01
 Field energy E (1.680e-10 J) + H (1.716e-10 J) = 3.396e-10 J
 S[1][1] = +9.813e-01+5.401e-02i, |S[1][1]| = -1.508e-01, arg(S[1][1]) = +3.151e+00

It 458/1751: ω/2π = 2.391e+00 GHz (total elapsed time = 2.15e+02 s)

 Sol. ||E|| = 3.952944e+01
 Field energy E (1.658e-10 J) + H (1.693e-10 J) = 3.351e-10 J
 S[1][1] = +9.816e-01+5.374e-02i, |S[1][1]| = -1.484e-01, arg(S[1][1]) = +3.134e+00

It 459/1751: ω/2π = 2.392e+00 GHz (total elapsed time = 2.15e+02 s)

 Sol. ||E|| = 3.950407e+01
 Field energy E (1.635e-10 J) + H (1.671e-10 J) = 3.306e-10 J
 S[1][1] = +9.819e-01+5.346e-02i, |S[1][1]| = -1.462e-01, arg(S[1][1]) = +3.117e+00

It 460/1751: ω/2π = 2.392e+00 GHz (total elapsed time = 2.15e+02 s)

 Sol. ||E|| = 3.947929e+01
 Field energy E (1.614e-10 J) + H (1.649e-10 J) = 3.262e-10 J
 S[1][1] = +9.821e-01+5.319e-02i, |S[1][1]| = -1.439e-01, arg(S[1][1]) = +3.100e+00

It 461/1751: ω/2π = 2.392e+00 GHz (total elapsed time = 2.15e+02 s)

 Sol. ||E|| = 3.945508e+01
 Field energy E (1.592e-10 J) + H (1.627e-10 J) = 3.220e-10 J
 S[1][1] = +9.824e-01+5.292e-02i, |S[1][1]| = -1.418e-01, arg(S[1][1]) = +3.083e+00

It 462/1751: ω/2π = 2.392e+00 GHz (total elapsed time = 2.15e+02 s)

 Sol. ||E|| = 3.943142e+01
 Field energy E (1.572e-10 J) + H (1.607e-10 J) = 3.178e-10 J
 S[1][1] = +9.826e-01+5.265e-02i, |S[1][1]| = -1.396e-01, arg(S[1][1]) = +3.067e+00

It 463/1751: ω/2π = 2.392e+00 GHz (total elapsed time = 2.15e+02 s)

 Sol. ||E|| = 3.940830e+01
 Field energy E (1.551e-10 J) + H (1.586e-10 J) = 3.138e-10 J
 S[1][1] = +9.829e-01+5.238e-02i, |S[1][1]| = -1.376e-01, arg(S[1][1]) = +3.050e+00

It 464/1751: ω/2π = 2.393e+00 GHz (total elapsed time = 2.15e+02 s)

 Sol. ||E|| = 3.938571e+01
 Field energy E (1.532e-10 J) + H (1.566e-10 J) = 3.098e-10 J
 S[1][1] = +9.831e-01+5.211e-02i, |S[1][1]| = -1.355e-01, arg(S[1][1]) = +3.034e+00

It 465/1751: ω/2π = 2.393e+00 GHz (total elapsed time = 2.15e+02 s)

 Sol. ||E|| = 3.936363e+01
 Field energy E (1.512e-10 J) + H (1.547e-10 J) = 3.059e-10 J
 S[1][1] = +9.834e-01+5.184e-02i, |S[1][1]| = -1.336e-01, arg(S[1][1]) = +3.017e+00

It 466/1751: ω/2π = 2.393e+00 GHz (total elapsed time = 2.15e+02 s)

 Sol. ||E|| = 3.934204e+01
 Field energy E (1.494e-10 J) + H (1.528e-10 J) = 3.021e-10 J
 S[1][1] = +9.836e-01+5.157e-02i, |S[1][1]| = -1.316e-01, arg(S[1][1]) = +3.001e+00

It 467/1751: ω/2π = 2.393e+00 GHz (total elapsed time = 2.15e+02 s)

 Sol. ||E|| = 3.932094e+01
 Field energy E (1.475e-10 J) + H (1.509e-10 J) = 2.984e-10 J
 S[1][1] = +9.838e-01+5.130e-02i, |S[1][1]| = -1.297e-01, arg(S[1][1]) = +2.985e+00

It 468/1751: ω/2π = 2.393e+00 GHz (total elapsed time = 2.15e+02 s)

 Sol. ||E|| = 3.930031e+01
 Field energy E (1.457e-10 J) + H (1.491e-10 J) = 2.948e-10 J
 S[1][1] = +9.841e-01+5.104e-02i, |S[1][1]| = -1.279e-01, arg(S[1][1]) = +2.969e+00

It 469/1751: ω/2π = 2.394e+00 GHz (total elapsed time = 2.15e+02 s)

 Sol. ||E|| = 3.928014e+01
 Field energy E (1.439e-10 J) + H (1.473e-10 J) = 2.912e-10 J
 S[1][1] = +9.843e-01+5.078e-02i, |S[1][1]| = -1.261e-01, arg(S[1][1]) = +2.953e+00

It 470/1751: ω/2π = 2.394e+00 GHz (total elapsed time = 2.16e+02 s)

 Sol. ||E|| = 3.926041e+01
 Field energy E (1.422e-10 J) + H (1.456e-10 J) = 2.878e-10 J
 S[1][1] = +9.845e-01+5.051e-02i, |S[1][1]| = -1.243e-01, arg(S[1][1]) = +2.937e+00

It 471/1751: ω/2π = 2.394e+00 GHz (total elapsed time = 2.16e+02 s)

 Sol. ||E|| = 3.924113e+01
 Field energy E (1.405e-10 J) + H (1.439e-10 J) = 2.844e-10 J
 S[1][1] = +9.847e-01+5.025e-02i, |S[1][1]| = -1.226e-01, arg(S[1][1]) = +2.921e+00

It 472/1751: ω/2π = 2.394e+00 GHz (total elapsed time = 2.16e+02 s)

 Sol. ||E|| = 3.922226e+01
 Field energy E (1.389e-10 J) + H (1.422e-10 J) = 2.811e-10 J
 S[1][1] = +9.849e-01+4.999e-02i, |S[1][1]| = -1.209e-01, arg(S[1][1]) = +2.906e+00

It 473/1751: ω/2π = 2.394e+00 GHz (total elapsed time = 2.16e+02 s)

 Sol. ||E|| = 3.920381e+01
 Field energy E (1.373e-10 J) + H (1.406e-10 J) = 2.778e-10 J
 S[1][1] = +9.851e-01+4.973e-02i, |S[1][1]| = -1.193e-01, arg(S[1][1]) = +2.890e+00

It 474/1751: ω/2π = 2.395e+00 GHz (total elapsed time = 2.16e+02 s)

 Sol. ||E|| = 3.918576e+01
 Field energy E (1.357e-10 J) + H (1.390e-10 J) = 2.747e-10 J
 S[1][1] = +9.853e-01+4.948e-02i, |S[1][1]| = -1.177e-01, arg(S[1][1]) = +2.875e+00

It 475/1751: ω/2π = 2.395e+00 GHz (total elapsed time = 2.16e+02 s)

 Sol. ||E|| = 3.916810e+01
 Field energy E (1.342e-10 J) + H (1.374e-10 J) = 2.716e-10 J
 S[1][1] = +9.855e-01+4.922e-02i, |S[1][1]| = -1.161e-01, arg(S[1][1]) = +2.859e+00

It 476/1751: ω/2π = 2.395e+00 GHz (total elapsed time = 2.16e+02 s)

 Sol. ||E|| = 3.915083e+01
 Field energy E (1.327e-10 J) + H (1.359e-10 J) = 2.686e-10 J
 S[1][1] = +9.857e-01+4.897e-02i, |S[1][1]| = -1.146e-01, arg(S[1][1]) = +2.844e+00

It 477/1751: ω/2π = 2.395e+00 GHz (total elapsed time = 2.16e+02 s)

 Sol. ||E|| = 3.913392e+01
 Field energy E (1.312e-10 J) + H (1.344e-10 J) = 2.656e-10 J
 S[1][1] = +9.859e-01+4.871e-02i, |S[1][1]| = -1.131e-01, arg(S[1][1]) = +2.829e+00

It 478/1751: ω/2π = 2.395e+00 GHz (total elapsed time = 2.16e+02 s)

 Sol. ||E|| = 3.911738e+01
 Field energy E (1.298e-10 J) + H (1.329e-10 J) = 2.627e-10 J
 S[1][1] = +9.860e-01+4.846e-02i, |S[1][1]| = -1.116e-01, arg(S[1][1]) = +2.814e+00

It 479/1751: ω/2π = 2.396e+00 GHz (total elapsed time = 2.16e+02 s)

 Sol. ||E|| = 3.910119e+01
 Field energy E (1.283e-10 J) + H (1.315e-10 J) = 2.599e-10 J
 S[1][1] = +9.862e-01+4.821e-02i, |S[1][1]| = -1.102e-01, arg(S[1][1]) = +2.799e+00

It 480/1751: ω/2π = 2.396e+00 GHz (total elapsed time = 2.16e+02 s)

 Sol. ||E|| = 3.908534e+01
 Field energy E (1.270e-10 J) + H (1.301e-10 J) = 2.571e-10 J
 S[1][1] = +9.864e-01+4.796e-02i, |S[1][1]| = -1.088e-01, arg(S[1][1]) = +2.784e+00

It 481/1751: ω/2π = 2.396e+00 GHz (total elapsed time = 2.16e+02 s)

 Sol. ||E|| = 3.906983e+01
 Field energy E (1.256e-10 J) + H (1.288e-10 J) = 2.544e-10 J
 S[1][1] = +9.866e-01+4.771e-02i, |S[1][1]| = -1.074e-01, arg(S[1][1]) = +2.769e+00

It 482/1751: ω/2π = 2.396e+00 GHz (total elapsed time = 2.16e+02 s)

 Sol. ||E|| = 3.905465e+01
 Field energy E (1.243e-10 J) + H (1.274e-10 J) = 2.517e-10 J
 S[1][1] = +9.867e-01+4.747e-02i, |S[1][1]| = -1.060e-01, arg(S[1][1]) = +2.754e+00

It 483/1751: ω/2π = 2.396e+00 GHz (total elapsed time = 2.16e+02 s)

 Sol. ||E|| = 3.903979e+01
 Field energy E (1.230e-10 J) + H (1.261e-10 J) = 2.491e-10 J
 S[1][1] = +9.869e-01+4.722e-02i, |S[1][1]| = -1.047e-01, arg(S[1][1]) = +2.739e+00

It 484/1751: ω/2π = 2.397e+00 GHz (total elapsed time = 2.16e+02 s)

 Sol. ||E|| = 3.902523e+01
 Field energy E (1.217e-10 J) + H (1.248e-10 J) = 2.466e-10 J
 S[1][1] = +9.870e-01+4.698e-02i, |S[1][1]| = -1.034e-01, arg(S[1][1]) = +2.725e+00

It 485/1751: ω/2π = 2.397e+00 GHz (total elapsed time = 2.16e+02 s)

 Sol. ||E|| = 3.901098e+01
 Field energy E (1.205e-10 J) + H (1.236e-10 J) = 2.441e-10 J
 S[1][1] = +9.872e-01+4.673e-02i, |S[1][1]| = -1.022e-01, arg(S[1][1]) = +2.710e+00

It 486/1751: ω/2π = 2.397e+00 GHz (total elapsed time = 2.16e+02 s)

 Sol. ||E|| = 3.899702e+01
 Field energy E (1.193e-10 J) + H (1.224e-10 J) = 2.416e-10 J
 S[1][1] = +9.874e-01+4.649e-02i, |S[1][1]| = -1.009e-01, arg(S[1][1]) = +2.696e+00

It 487/1751: ω/2π = 2.397e+00 GHz (total elapsed time = 2.16e+02 s)

 Sol. ||E|| = 3.898336e+01
 Field energy E (1.181e-10 J) + H (1.212e-10 J) = 2.393e-10 J
 S[1][1] = +9.875e-01+4.625e-02i, |S[1][1]| = -9.971e-02, arg(S[1][1]) = +2.682e+00

It 488/1751: ω/2π = 2.397e+00 GHz (total elapsed time = 2.17e+02 s)

 Sol. ||E|| = 3.896997e+01
 Field energy E (1.169e-10 J) + H (1.200e-10 J) = 2.369e-10 J
 S[1][1] = +9.876e-01+4.601e-02i, |S[1][1]| = -9.852e-02, arg(S[1][1]) = +2.667e+00

It 489/1751: ω/2π = 2.398e+00 GHz (total elapsed time = 2.17e+02 s)

 Sol. ||E|| = 3.895686e+01
 Field energy E (1.158e-10 J) + H (1.188e-10 J) = 2.346e-10 J
 S[1][1] = +9.878e-01+4.578e-02i, |S[1][1]| = -9.736e-02, arg(S[1][1]) = +2.653e+00

It 490/1751: ω/2π = 2.398e+00 GHz (total elapsed time = 2.17e+02 s)

 Sol. ||E|| = 3.894401e+01
 Field energy E (1.147e-10 J) + H (1.177e-10 J) = 2.324e-10 J
 S[1][1] = +9.879e-01+4.554e-02i, |S[1][1]| = -9.623e-02, arg(S[1][1]) = +2.639e+00

It 491/1751: ω/2π = 2.398e+00 GHz (total elapsed time = 2.17e+02 s)

 Sol. ||E|| = 3.893142e+01
 Field energy E (1.136e-10 J) + H (1.166e-10 J) = 2.302e-10 J
 S[1][1] = +9.881e-01+4.531e-02i, |S[1][1]| = -9.512e-02, arg(S[1][1]) = +2.625e+00

It 492/1751: ω/2π = 2.398e+00 GHz (total elapsed time = 2.17e+02 s)

 Sol. ||E|| = 3.891909e+01
 Field energy E (1.125e-10 J) + H (1.155e-10 J) = 2.280e-10 J
 S[1][1] = +9.882e-01+4.507e-02i, |S[1][1]| = -9.403e-02, arg(S[1][1]) = +2.612e+00

It 493/1751: ω/2π = 2.398e+00 GHz (total elapsed time = 2.17e+02 s)

 Sol. ||E|| = 3.890701e+01
 Field energy E (1.115e-10 J) + H (1.144e-10 J) = 2.259e-10 J
 S[1][1] = +9.883e-01+4.484e-02i, |S[1][1]| = -9.296e-02, arg(S[1][1]) = +2.598e+00

It 494/1751: ω/2π = 2.399e+00 GHz (total elapsed time = 2.17e+02 s)

 Sol. ||E|| = 3.889517e+01
 Field energy E (1.105e-10 J) + H (1.134e-10 J) = 2.238e-10 J
 S[1][1] = +9.885e-01+4.461e-02i, |S[1][1]| = -9.192e-02, arg(S[1][1]) = +2.584e+00

It 495/1751: ω/2π = 2.399e+00 GHz (total elapsed time = 2.17e+02 s)

 Sol. ||E|| = 3.888356e+01
 Field energy E (1.094e-10 J) + H (1.124e-10 J) = 2.218e-10 J
 S[1][1] = +9.886e-01+4.438e-02i, |S[1][1]| = -9.089e-02, arg(S[1][1]) = +2.570e+00

It 496/1751: ω/2π = 2.399e+00 GHz (total elapsed time = 2.17e+02 s)

 Sol. ||E|| = 3.887219e+01
 Field energy E (1.085e-10 J) + H (1.114e-10 J) = 2.198e-10 J
 S[1][1] = +9.887e-01+4.415e-02i, |S[1][1]| = -8.989e-02, arg(S[1][1]) = +2.557e+00

It 497/1751: ω/2π = 2.399e+00 GHz (total elapsed time = 2.17e+02 s)

 Sol. ||E|| = 3.886104e+01
 Field energy E (1.075e-10 J) + H (1.104e-10 J) = 2.179e-10 J
 S[1][1] = +9.888e-01+4.393e-02i, |S[1][1]| = -8.891e-02, arg(S[1][1]) = +2.543e+00

It 498/1751: ω/2π = 2.399e+00 GHz (total elapsed time = 2.17e+02 s)

 Sol. ||E|| = 3.885012e+01
 Field energy E (1.066e-10 J) + H (1.094e-10 J) = 2.160e-10 J
 S[1][1] = +9.890e-01+4.370e-02i, |S[1][1]| = -8.795e-02, arg(S[1][1]) = +2.530e+00

It 499/1751: ω/2π = 2.400e+00 GHz (total elapsed time = 2.17e+02 s)

 Sol. ||E|| = 3.883940e+01
 Field energy E (1.056e-10 J) + H (1.085e-10 J) = 2.141e-10 J
 S[1][1] = +9.891e-01+4.347e-02i, |S[1][1]| = -8.700e-02, arg(S[1][1]) = +2.517e+00

It 500/1751: ω/2π = 2.400e+00 GHz (total elapsed time = 2.17e+02 s)

 Sol. ||E|| = 3.882890e+01
 Field energy E (1.047e-10 J) + H (1.076e-10 J) = 2.123e-10 J
 S[1][1] = +9.892e-01+4.325e-02i, |S[1][1]| = -8.608e-02, arg(S[1][1]) = +2.504e+00

It 501/1751: ω/2π = 2.400e+00 GHz (total elapsed time = 2.17e+02 s)

 Sol. ||E|| = 3.881860e+01
 Field energy E (1.038e-10 J) + H (1.067e-10 J) = 2.105e-10 J
 S[1][1] = +9.893e-01+4.303e-02i, |S[1][1]| = -8.517e-02, arg(S[1][1]) = +2.490e+00

It 502/1751: ω/2π = 2.400e+00 GHz (total elapsed time = 2.17e+02 s)

 Sol. ||E|| = 3.880850e+01
 Field energy E (1.030e-10 J) + H (1.058e-10 J) = 2.087e-10 J
 S[1][1] = +9.894e-01+4.281e-02i, |S[1][1]| = -8.429e-02, arg(S[1][1]) = +2.477e+00

It 503/1751: ω/2π = 2.400e+00 GHz (total elapsed time = 2.17e+02 s)

 Sol. ||E|| = 3.879860e+01
 Field energy E (1.021e-10 J) + H (1.049e-10 J) = 2.070e-10 J
 S[1][1] = +9.895e-01+4.259e-02i, |S[1][1]| = -8.342e-02, arg(S[1][1]) = +2.464e+00

It 504/1751: ω/2π = 2.401e+00 GHz (total elapsed time = 2.17e+02 s)

 Sol. ||E|| = 3.878889e+01
 Field energy E (1.013e-10 J) + H (1.041e-10 J) = 2.053e-10 J
 S[1][1] = +9.896e-01+4.237e-02i, |S[1][1]| = -8.256e-02, arg(S[1][1]) = +2.452e+00

It 505/1751: ω/2π = 2.401e+00 GHz (total elapsed time = 2.17e+02 s)

 Sol. ||E|| = 3.877936e+01
 Field energy E (1.004e-10 J) + H (1.032e-10 J) = 2.037e-10 J
 S[1][1] = +9.897e-01+4.215e-02i, |S[1][1]| = -8.173e-02, arg(S[1][1]) = +2.439e+00

It 506/1751: ω/2π = 2.401e+00 GHz (total elapsed time = 2.18e+02 s)

 Sol. ||E|| = 3.877002e+01
 Field energy E (9.964e-11 J) + H (1.024e-10 J) = 2.020e-10 J
 S[1][1] = +9.898e-01+4.194e-02i, |S[1][1]| = -8.091e-02, arg(S[1][1]) = +2.426e+00

It 507/1751: ω/2π = 2.401e+00 GHz (total elapsed time = 2.18e+02 s)

 Sol. ||E|| = 3.876086e+01
 Field energy E (9.885e-11 J) + H (1.016e-10 J) = 2.004e-10 J
 S[1][1] = +9.899e-01+4.172e-02i, |S[1][1]| = -8.011e-02, arg(S[1][1]) = +2.413e+00

It 508/1751: ω/2π = 2.401e+00 GHz (total elapsed time = 2.18e+02 s)

 Sol. ||E|| = 3.875187e+01
 Field energy E (9.807e-11 J) + H (1.008e-10 J) = 1.989e-10 J
 S[1][1] = +9.900e-01+4.151e-02i, |S[1][1]| = -7.932e-02, arg(S[1][1]) = +2.401e+00

It 509/1751: ω/2π = 2.402e+00 GHz (total elapsed time = 2.18e+02 s)

 Sol. ||E|| = 3.874305e+01
 Field energy E (9.731e-11 J) + H (1.000e-10 J) = 1.973e-10 J
 S[1][1] = +9.901e-01+4.129e-02i, |S[1][1]| = -7.855e-02, arg(S[1][1]) = +2.388e+00

It 510/1751: ω/2π = 2.402e+00 GHz (total elapsed time = 2.18e+02 s)

 Sol. ||E|| = 3.873439e+01
 Field energy E (9.657e-11 J) + H (9.927e-11 J) = 1.958e-10 J
 S[1][1] = +9.902e-01+4.108e-02i, |S[1][1]| = -7.779e-02, arg(S[1][1]) = +2.376e+00

It 511/1751: ω/2π = 2.402e+00 GHz (total elapsed time = 2.18e+02 s)

 Sol. ||E|| = 3.872590e+01
 Field energy E (9.584e-11 J) + H (9.853e-11 J) = 1.944e-10 J
 S[1][1] = +9.903e-01+4.087e-02i, |S[1][1]| = -7.705e-02, arg(S[1][1]) = +2.363e+00

It 512/1751: ω/2π = 2.402e+00 GHz (total elapsed time = 2.18e+02 s)

 Sol. ||E|| = 3.871757e+01
 Field energy E (9.512e-11 J) + H (9.780e-11 J) = 1.929e-10 J
 S[1][1] = +9.904e-01+4.066e-02i, |S[1][1]| = -7.632e-02, arg(S[1][1]) = +2.351e+00

It 513/1751: ω/2π = 2.402e+00 GHz (total elapsed time = 2.18e+02 s)

 Sol. ||E|| = 3.870940e+01
 Field energy E (9.442e-11 J) + H (9.708e-11 J) = 1.915e-10 J
 S[1][1] = +9.905e-01+4.045e-02i, |S[1][1]| = -7.561e-02, arg(S[1][1]) = +2.339e+00

It 514/1751: ω/2π = 2.403e+00 GHz (total elapsed time = 2.18e+02 s)

 Sol. ||E|| = 3.870138e+01
 Field energy E (9.373e-11 J) + H (9.638e-11 J) = 1.901e-10 J
 S[1][1] = +9.906e-01+4.024e-02i, |S[1][1]| = -7.491e-02, arg(S[1][1]) = +2.326e+00

It 515/1751: ω/2π = 2.403e+00 GHz (total elapsed time = 2.18e+02 s)

 Sol. ||E|| = 3.869350e+01
 Field energy E (9.305e-11 J) + H (9.569e-11 J) = 1.887e-10 J
 S[1][1] = +9.907e-01+4.004e-02i, |S[1][1]| = -7.422e-02, arg(S[1][1]) = +2.314e+00

It 516/1751: ω/2π = 2.403e+00 GHz (total elapsed time = 2.18e+02 s)

 Sol. ||E|| = 3.868578e+01
 Field energy E (9.239e-11 J) + H (9.501e-11 J) = 1.874e-10 J
 S[1][1] = +9.908e-01+3.983e-02i, |S[1][1]| = -7.355e-02, arg(S[1][1]) = +2.302e+00

It 517/1751: ω/2π = 2.403e+00 GHz (total elapsed time = 2.18e+02 s)

 Sol. ||E|| = 3.867819e+01
 Field energy E (9.174e-11 J) + H (9.434e-11 J) = 1.861e-10 J
 S[1][1] = +9.909e-01+3.963e-02i, |S[1][1]| = -7.289e-02, arg(S[1][1]) = +2.290e+00

It 518/1751: ω/2π = 2.403e+00 GHz (total elapsed time = 2.18e+02 s)

 Sol. ||E|| = 3.867075e+01
 Field energy E (9.110e-11 J) + H (9.369e-11 J) = 1.848e-10 J
 S[1][1] = +9.909e-01+3.942e-02i, |S[1][1]| = -7.224e-02, arg(S[1][1]) = +2.278e+00

It 519/1751: ω/2π = 2.404e+00 GHz (total elapsed time = 2.18e+02 s)

 Sol. ||E|| = 3.866344e+01
 Field energy E (9.047e-11 J) + H (9.305e-11 J) = 1.835e-10 J
 S[1][1] = +9.910e-01+3.922e-02i, |S[1][1]| = -7.161e-02, arg(S[1][1]) = +2.266e+00

It 520/1751: ω/2π = 2.404e+00 GHz (total elapsed time = 2.18e+02 s)

 Sol. ||E|| = 3.865626e+01
 Field energy E (8.986e-11 J) + H (9.242e-11 J) = 1.823e-10 J
 S[1][1] = +9.911e-01+3.902e-02i, |S[1][1]| = -7.099e-02, arg(S[1][1]) = +2.255e+00

It 521/1751: ω/2π = 2.404e+00 GHz (total elapsed time = 2.18e+02 s)

 Sol. ||E|| = 3.864922e+01
 Field energy E (8.925e-11 J) + H (9.181e-11 J) = 1.811e-10 J
 S[1][1] = +9.912e-01+3.882e-02i, |S[1][1]| = -7.038e-02, arg(S[1][1]) = +2.243e+00

It 522/1751: ω/2π = 2.404e+00 GHz (total elapsed time = 2.18e+02 s)

 Sol. ||E|| = 3.864230e+01
 Field energy E (8.866e-11 J) + H (9.120e-11 J) = 1.799e-10 J
 S[1][1] = +9.912e-01+3.862e-02i, |S[1][1]| = -6.978e-02, arg(S[1][1]) = +2.231e+00

It 523/1751: ω/2π = 2.404e+00 GHz (total elapsed time = 2.18e+02 s)

 Sol. ||E|| = 3.863552e+01
 Field energy E (8.808e-11 J) + H (9.061e-11 J) = 1.787e-10 J
 S[1][1] = +9.913e-01+3.842e-02i, |S[1][1]| = -6.919e-02, arg(S[1][1]) = +2.219e+00

It 524/1751: ω/2π = 2.405e+00 GHz (total elapsed time = 2.19e+02 s)

 Sol. ||E|| = 3.862885e+01
 Field energy E (8.751e-11 J) + H (9.002e-11 J) = 1.775e-10 J
 S[1][1] = +9.914e-01+3.822e-02i, |S[1][1]| = -6.861e-02, arg(S[1][1]) = +2.208e+00

It 525/1751: ω/2π = 2.405e+00 GHz (total elapsed time = 2.19e+02 s)

 Sol. ||E|| = 3.862230e+01
 Field energy E (8.695e-11 J) + H (8.945e-11 J) = 1.764e-10 J
 S[1][1] = +9.915e-01+3.802e-02i, |S[1][1]| = -6.805e-02, arg(S[1][1]) = +2.196e+00

It 526/1751: ω/2π = 2.405e+00 GHz (total elapsed time = 2.19e+02 s)

 Sol. ||E|| = 3.861587e+01
 Field energy E (8.640e-11 J) + H (8.889e-11 J) = 1.753e-10 J
 S[1][1] = +9.915e-01+3.783e-02i, |S[1][1]| = -6.749e-02, arg(S[1][1]) = +2.185e+00

It 527/1751: ω/2π = 2.405e+00 GHz (total elapsed time = 2.19e+02 s)

 Sol. ||E|| = 3.860956e+01
 Field energy E (8.587e-11 J) + H (8.834e-11 J) = 1.742e-10 J
 S[1][1] = +9.916e-01+3.763e-02i, |S[1][1]| = -6.695e-02, arg(S[1][1]) = +2.173e+00

It 528/1751: ω/2π = 2.405e+00 GHz (total elapsed time = 2.19e+02 s)

 Sol. ||E|| = 3.860336e+01
 Field energy E (8.534e-11 J) + H (8.780e-11 J) = 1.731e-10 J
 S[1][1] = +9.917e-01+3.744e-02i, |S[1][1]| = -6.642e-02, arg(S[1][1]) = +2.162e+00

It 529/1751: ω/2π = 2.406e+00 GHz (total elapsed time = 2.19e+02 s)

 Sol. ||E|| = 3.859727e+01
 Field energy E (8.482e-11 J) + H (8.727e-11 J) = 1.721e-10 J
 S[1][1] = +9.917e-01+3.725e-02i, |S[1][1]| = -6.589e-02, arg(S[1][1]) = +2.151e+00

It 530/1751: ω/2π = 2.406e+00 GHz (total elapsed time = 2.19e+02 s)

 Sol. ||E|| = 3.859129e+01
 Field energy E (8.431e-11 J) + H (8.674e-11 J) = 1.711e-10 J
 S[1][1] = +9.918e-01+3.705e-02i, |S[1][1]| = -6.538e-02, arg(S[1][1]) = +2.139e+00

It 531/1751: ω/2π = 2.406e+00 GHz (total elapsed time = 2.19e+02 s)

 Sol. ||E|| = 3.858542e+01
 Field energy E (8.381e-11 J) + H (8.623e-11 J) = 1.700e-10 J
 S[1][1] = +9.919e-01+3.686e-02i, |S[1][1]| = -6.487e-02, arg(S[1][1]) = +2.128e+00

It 532/1751: ω/2π = 2.406e+00 GHz (total elapsed time = 2.19e+02 s)

 Sol. ||E|| = 3.857965e+01
 Field energy E (8.332e-11 J) + H (8.573e-11 J) = 1.690e-10 J
 S[1][1] = +9.919e-01+3.667e-02i, |S[1][1]| = -6.438e-02, arg(S[1][1]) = +2.117e+00

It 533/1751: ω/2π = 2.406e+00 GHz (total elapsed time = 2.19e+02 s)

 Sol. ||E|| = 3.857399e+01
 Field energy E (8.284e-11 J) + H (8.523e-11 J) = 1.681e-10 J
 S[1][1] = +9.920e-01+3.648e-02i, |S[1][1]| = -6.390e-02, arg(S[1][1]) = +2.106e+00

It 534/1751: ω/2π = 2.407e+00 GHz (total elapsed time = 2.19e+02 s)

 Sol. ||E|| = 3.856842e+01
 Field energy E (8.237e-11 J) + H (8.475e-11 J) = 1.671e-10 J
 S[1][1] = +9.921e-01+3.629e-02i, |S[1][1]| = -6.342e-02, arg(S[1][1]) = +2.095e+00

It 535/1751: ω/2π = 2.407e+00 GHz (total elapsed time = 2.19e+02 s)

 Sol. ||E|| = 3.856295e+01
 Field energy E (8.190e-11 J) + H (8.427e-11 J) = 1.662e-10 J
 S[1][1] = +9.921e-01+3.610e-02i, |S[1][1]| = -6.295e-02, arg(S[1][1]) = +2.084e+00

It 536/1751: ω/2π = 2.407e+00 GHz (total elapsed time = 2.19e+02 s)

 Sol. ||E|| = 3.855758e+01
 Field energy E (8.145e-11 J) + H (8.380e-11 J) = 1.653e-10 J
 S[1][1] = +9.922e-01+3.591e-02i, |S[1][1]| = -6.250e-02, arg(S[1][1]) = +2.073e+00

It 537/1751: ω/2π = 2.407e+00 GHz (total elapsed time = 2.19e+02 s)

 Sol. ||E|| = 3.855231e+01
 Field energy E (8.100e-11 J) + H (8.335e-11 J) = 1.643e-10 J
 S[1][1] = +9.922e-01+3.573e-02i, |S[1][1]| = -6.205e-02, arg(S[1][1]) = +2.062e+00

It 538/1751: ω/2π = 2.407e+00 GHz (total elapsed time = 2.19e+02 s)

 Sol. ||E|| = 3.854713e+01
 Field energy E (8.056e-11 J) + H (8.289e-11 J) = 1.635e-10 J
 S[1][1] = +9.923e-01+3.554e-02i, |S[1][1]| = -6.161e-02, arg(S[1][1]) = +2.051e+00

It 539/1751: ω/2π = 2.408e+00 GHz (total elapsed time = 2.19e+02 s)

 Sol. ||E|| = 3.854203e+01
 Field energy E (8.013e-11 J) + H (8.245e-11 J) = 1.626e-10 J
 S[1][1] = +9.924e-01+3.536e-02i, |S[1][1]| = -6.118e-02, arg(S[1][1]) = +2.040e+00

It 540/1751: ω/2π = 2.408e+00 GHz (total elapsed time = 2.19e+02 s)

 Sol. ||E|| = 3.853703e+01
 Field energy E (7.971e-11 J) + H (8.202e-11 J) = 1.617e-10 J
 S[1][1] = +9.924e-01+3.517e-02i, |S[1][1]| = -6.075e-02, arg(S[1][1]) = +2.030e+00

It 541/1751: ω/2π = 2.408e+00 GHz (total elapsed time = 2.20e+02 s)

 Sol. ||E|| = 3.853212e+01
 Field energy E (7.930e-11 J) + H (8.159e-11 J) = 1.609e-10 J
 S[1][1] = +9.925e-01+3.499e-02i, |S[1][1]| = -6.034e-02, arg(S[1][1]) = +2.019e+00

It 542/1751: ω/2π = 2.408e+00 GHz (total elapsed time = 2.20e+02 s)

 Sol. ||E|| = 3.852729e+01
 Field energy E (7.889e-11 J) + H (8.117e-11 J) = 1.601e-10 J
 S[1][1] = +9.925e-01+3.480e-02i, |S[1][1]| = -5.993e-02, arg(S[1][1]) = +2.008e+00

It 543/1751: ω/2π = 2.408e+00 GHz (total elapsed time = 2.20e+02 s)

 Sol. ||E|| = 3.852255e+01
 Field energy E (7.849e-11 J) + H (8.076e-11 J) = 1.593e-10 J
 S[1][1] = +9.926e-01+3.462e-02i, |S[1][1]| = -5.953e-02, arg(S[1][1]) = +1.998e+00

It 544/1751: ω/2π = 2.409e+00 GHz (total elapsed time = 2.20e+02 s)

 Sol. ||E|| = 3.851789e+01
 Field energy E (7.810e-11 J) + H (8.036e-11 J) = 1.585e-10 J
 S[1][1] = +9.926e-01+3.444e-02i, |S[1][1]| = -5.914e-02, arg(S[1][1]) = +1.987e+00

It 545/1751: ω/2π = 2.409e+00 GHz (total elapsed time = 2.20e+02 s)

 Sol. ||E|| = 3.851331e+01
 Field energy E (7.771e-11 J) + H (7.996e-11 J) = 1.577e-10 J
 S[1][1] = +9.927e-01+3.426e-02i, |S[1][1]| = -5.876e-02, arg(S[1][1]) = +1.977e+00

It 546/1751: ω/2π = 2.409e+00 GHz (total elapsed time = 2.20e+02 s)

 Sol. ||E|| = 3.850881e+01
 Field energy E (7.734e-11 J) + H (7.957e-11 J) = 1.569e-10 J
 S[1][1] = +9.927e-01+3.408e-02i, |S[1][1]| = -5.838e-02, arg(S[1][1]) = +1.966e+00

It 547/1751: ω/2π = 2.409e+00 GHz (total elapsed time = 2.20e+02 s)

 Sol. ||E|| = 3.850439e+01
 Field energy E (7.697e-11 J) + H (7.919e-11 J) = 1.562e-10 J
 S[1][1] = +9.928e-01+3.390e-02i, |S[1][1]| = -5.801e-02, arg(S[1][1]) = +1.956e+00

It 548/1751: ω/2π = 2.409e+00 GHz (total elapsed time = 2.20e+02 s)

 Sol. ||E|| = 3.850005e+01
 Field energy E (7.660e-11 J) + H (7.881e-11 J) = 1.554e-10 J
 S[1][1] = +9.928e-01+3.372e-02i, |S[1][1]| = -5.765e-02, arg(S[1][1]) = +1.945e+00

It 549/1751: ω/2π = 2.410e+00 GHz (total elapsed time = 2.20e+02 s)

 Sol. ||E|| = 3.849578e+01
 Field energy E (7.625e-11 J) + H (7.845e-11 J) = 1.547e-10 J
 S[1][1] = +9.929e-01+3.354e-02i, |S[1][1]| = -5.729e-02, arg(S[1][1]) = +1.935e+00

It 550/1751: ω/2π = 2.410e+00 GHz (total elapsed time = 2.20e+02 s)

 Sol. ||E|| = 3.849159e+01
 Field energy E (7.590e-11 J) + H (7.808e-11 J) = 1.540e-10 J
 S[1][1] = +9.929e-01+3.336e-02i, |S[1][1]| = -5.695e-02, arg(S[1][1]) = +1.925e+00

It 551/1751: ω/2π = 2.410e+00 GHz (total elapsed time = 2.20e+02 s)

 Sol. ||E|| = 3.848747e+01
 Field energy E (7.555e-11 J) + H (7.773e-11 J) = 1.533e-10 J
 S[1][1] = +9.929e-01+3.319e-02i, |S[1][1]| = -5.660e-02, arg(S[1][1]) = +1.914e+00

It 552/1751: ω/2π = 2.410e+00 GHz (total elapsed time = 2.20e+02 s)

 Sol. ||E|| = 3.848342e+01
 Field energy E (7.522e-11 J) + H (7.738e-11 J) = 1.526e-10 J
 S[1][1] = +9.930e-01+3.301e-02i, |S[1][1]| = -5.627e-02, arg(S[1][1]) = +1.904e+00

It 553/1751: ω/2π = 2.410e+00 GHz (total elapsed time = 2.20e+02 s)

 Sol. ||E|| = 3.847945e+01
 Field energy E (7.489e-11 J) + H (7.704e-11 J) = 1.519e-10 J
 S[1][1] = +9.930e-01+3.283e-02i, |S[1][1]| = -5.594e-02, arg(S[1][1]) = +1.894e+00

It 554/1751: ω/2π = 2.411e+00 GHz (total elapsed time = 2.20e+02 s)

 Sol. ||E|| = 3.847554e+01
 Field energy E (7.456e-11 J) + H (7.670e-11 J) = 1.513e-10 J
 S[1][1] = +9.931e-01+3.266e-02i, |S[1][1]| = -5.562e-02, arg(S[1][1]) = +1.884e+00

It 555/1751: ω/2π = 2.411e+00 GHz (total elapsed time = 2.20e+02 s)

 Sol. ||E|| = 3.847170e+01
 Field energy E (7.425e-11 J) + H (7.637e-11 J) = 1.506e-10 J
 S[1][1] = +9.931e-01+3.248e-02i, |S[1][1]| = -5.531e-02, arg(S[1][1]) = +1.873e+00

It 556/1751: ω/2π = 2.411e+00 GHz (total elapsed time = 2.20e+02 s)

 Sol. ||E|| = 3.846793e+01
 Field energy E (7.393e-11 J) + H (7.605e-11 J) = 1.500e-10 J
 S[1][1] = +9.932e-01+3.231e-02i, |S[1][1]| = -5.500e-02, arg(S[1][1]) = +1.863e+00

It 557/1751: ω/2π = 2.411e+00 GHz (total elapsed time = 2.20e+02 s)

 Sol. ||E|| = 3.846423e+01
 Field energy E (7.363e-11 J) + H (7.573e-11 J) = 1.494e-10 J
 S[1][1] = +9.932e-01+3.214e-02i, |S[1][1]| = -5.470e-02, arg(S[1][1]) = +1.853e+00

It 558/1751: ω/2π = 2.411e+00 GHz (total elapsed time = 2.20e+02 s)

 Sol. ||E|| = 3.846059e+01
 Field energy E (7.333e-11 J) + H (7.542e-11 J) = 1.488e-10 J
 S[1][1] = +9.932e-01+3.196e-02i, |S[1][1]| = -5.441e-02, arg(S[1][1]) = +1.843e+00

It 559/1751: ω/2π = 2.412e+00 GHz (total elapsed time = 2.21e+02 s)

 Sol. ||E|| = 3.845701e+01
 Field energy E (7.304e-11 J) + H (7.512e-11 J) = 1.482e-10 J
 S[1][1] = +9.933e-01+3.179e-02i, |S[1][1]| = -5.412e-02, arg(S[1][1]) = +1.833e+00

It 560/1751: ω/2π = 2.412e+00 GHz (total elapsed time = 2.21e+02 s)

 Sol. ||E|| = 3.845350e+01
 Field energy E (7.275e-11 J) + H (7.482e-11 J) = 1.476e-10 J
 S[1][1] = +9.933e-01+3.162e-02i, |S[1][1]| = -5.383e-02, arg(S[1][1]) = +1.823e+00

It 561/1751: ω/2π = 2.412e+00 GHz (total elapsed time = 2.21e+02 s)

 Sol. ||E|| = 3.845005e+01
 Field energy E (7.247e-11 J) + H (7.452e-11 J) = 1.470e-10 J
 S[1][1] = +9.934e-01+3.145e-02i, |S[1][1]| = -5.356e-02, arg(S[1][1]) = +1.813e+00

It 562/1751: ω/2π = 2.412e+00 GHz (total elapsed time = 2.21e+02 s)

 Sol. ||E|| = 3.844666e+01
 Field energy E (7.219e-11 J) + H (7.424e-11 J) = 1.464e-10 J
 S[1][1] = +9.934e-01+3.128e-02i, |S[1][1]| = -5.329e-02, arg(S[1][1]) = +1.803e+00

It 563/1751: ω/2π = 2.412e+00 GHz (total elapsed time = 2.21e+02 s)

 Sol. ||E|| = 3.844334e+01
 Field energy E (7.192e-11 J) + H (7.395e-11 J) = 1.459e-10 J
 S[1][1] = +9.934e-01+3.111e-02i, |S[1][1]| = -5.302e-02, arg(S[1][1]) = +1.794e+00

It 564/1751: ω/2π = 2.413e+00 GHz (total elapsed time = 2.21e+02 s)

 Sol. ||E|| = 3.844007e+01
 Field energy E (7.165e-11 J) + H (7.368e-11 J) = 1.453e-10 J
 S[1][1] = +9.935e-01+3.094e-02i, |S[1][1]| = -5.276e-02, arg(S[1][1]) = +1.784e+00

It 565/1751: ω/2π = 2.413e+00 GHz (total elapsed time = 2.21e+02 s)

 Sol. ||E|| = 3.843685e+01
 Field energy E (7.139e-11 J) + H (7.340e-11 J) = 1.448e-10 J
 S[1][1] = +9.935e-01+3.077e-02i, |S[1][1]| = -5.251e-02, arg(S[1][1]) = +1.774e+00

It 566/1751: ω/2π = 2.413e+00 GHz (total elapsed time = 2.21e+02 s)

 Sol. ||E|| = 3.843370e+01
 Field energy E (7.114e-11 J) + H (7.314e-11 J) = 1.443e-10 J
 S[1][1] = +9.935e-01+3.060e-02i, |S[1][1]| = -5.226e-02, arg(S[1][1]) = +1.764e+00

It 567/1751: ω/2π = 2.413e+00 GHz (total elapsed time = 2.21e+02 s)

 Sol. ||E|| = 3.843060e+01
 Field energy E (7.089e-11 J) + H (7.288e-11 J) = 1.438e-10 J
 S[1][1] = +9.936e-01+3.043e-02i, |S[1][1]| = -5.202e-02, arg(S[1][1]) = +1.754e+00

It 568/1751: ω/2π = 2.413e+00 GHz (total elapsed time = 2.21e+02 s)

 Sol. ||E|| = 3.842756e+01
 Field energy E (7.064e-11 J) + H (7.262e-11 J) = 1.433e-10 J
 S[1][1] = +9.936e-01+3.026e-02i, |S[1][1]| = -5.178e-02, arg(S[1][1]) = +1.745e+00

It 569/1751: ω/2π = 2.414e+00 GHz (total elapsed time = 2.21e+02 s)

 Sol. ||E|| = 3.842458e+01
 Field energy E (7.040e-11 J) + H (7.237e-11 J) = 1.428e-10 J
 S[1][1] = +9.936e-01+3.010e-02i, |S[1][1]| = -5.155e-02, arg(S[1][1]) = +1.735e+00

It 570/1751: ω/2π = 2.414e+00 GHz (total elapsed time = 2.21e+02 s)

 Sol. ||E|| = 3.842164e+01
 Field energy E (7.017e-11 J) + H (7.212e-11 J) = 1.423e-10 J
 S[1][1] = +9.937e-01+2.993e-02i, |S[1][1]| = -5.132e-02, arg(S[1][1]) = +1.725e+00

It 571/1751: ω/2π = 2.414e+00 GHz (total elapsed time = 2.21e+02 s)

 Sol. ||E|| = 3.841877e+01
 Field energy E (6.994e-11 J) + H (7.188e-11 J) = 1.418e-10 J
 S[1][1] = +9.937e-01+2.976e-02i, |S[1][1]| = -5.110e-02, arg(S[1][1]) = +1.716e+00

It 572/1751: ω/2π = 2.414e+00 GHz (total elapsed time = 2.21e+02 s)

 Sol. ||E|| = 3.841594e+01
 Field energy E (6.971e-11 J) + H (7.165e-11 J) = 1.414e-10 J
 S[1][1] = +9.937e-01+2.960e-02i, |S[1][1]| = -5.089e-02, arg(S[1][1]) = +1.706e+00

It 573/1751: ω/2π = 2.414e+00 GHz (total elapsed time = 2.21e+02 s)

 Sol. ||E|| = 3.841317e+01
 Field energy E (6.949e-11 J) + H (7.142e-11 J) = 1.409e-10 J
 S[1][1] = +9.937e-01+2.943e-02i, |S[1][1]| = -5.068e-02, arg(S[1][1]) = +1.696e+00

It 574/1751: ω/2π = 2.415e+00 GHz (total elapsed time = 2.21e+02 s)

 Sol. ||E|| = 3.841044e+01
 Field energy E (6.928e-11 J) + H (7.119e-11 J) = 1.405e-10 J
 S[1][1] = +9.938e-01+2.927e-02i, |S[1][1]| = -5.047e-02, arg(S[1][1]) = +1.687e+00

It 575/1751: ω/2π = 2.415e+00 GHz (total elapsed time = 2.21e+02 s)

 Sol. ||E|| = 3.840777e+01
 Field energy E (6.907e-11 J) + H (7.097e-11 J) = 1.400e-10 J
 S[1][1] = +9.938e-01+2.910e-02i, |S[1][1]| = -5.027e-02, arg(S[1][1]) = +1.677e+00

It 576/1751: ω/2π = 2.415e+00 GHz (total elapsed time = 2.21e+02 s)

 Sol. ||E|| = 3.840515e+01
 Field energy E (6.886e-11 J) + H (7.075e-11 J) = 1.396e-10 J
 S[1][1] = +9.938e-01+2.894e-02i, |S[1][1]| = -5.007e-02, arg(S[1][1]) = +1.668e+00

It 577/1751: ω/2π = 2.415e+00 GHz (total elapsed time = 2.22e+02 s)

 Sol. ||E|| = 3.840257e+01
 Field energy E (6.866e-11 J) + H (7.054e-11 J) = 1.392e-10 J
 S[1][1] = +9.939e-01+2.878e-02i, |S[1][1]| = -4.988e-02, arg(S[1][1]) = +1.658e+00

It 578/1751: ω/2π = 2.415e+00 GHz (total elapsed time = 2.22e+02 s)

 Sol. ||E|| = 3.840005e+01
 Field energy E (6.846e-11 J) + H (7.033e-11 J) = 1.388e-10 J
 S[1][1] = +9.939e-01+2.861e-02i, |S[1][1]| = -4.970e-02, arg(S[1][1]) = +1.649e+00

It 579/1751: ω/2π = 2.416e+00 GHz (total elapsed time = 2.22e+02 s)

 Sol. ||E|| = 3.839757e+01
 Field energy E (6.827e-11 J) + H (7.013e-11 J) = 1.384e-10 J
 S[1][1] = +9.939e-01+2.845e-02i, |S[1][1]| = -4.952e-02, arg(S[1][1]) = +1.640e+00

It 580/1751: ω/2π = 2.416e+00 GHz (total elapsed time = 2.22e+02 s)

 Sol. ||E|| = 3.839514e+01
 Field energy E (6.808e-11 J) + H (6.993e-11 J) = 1.380e-10 J
 S[1][1] = +9.939e-01+2.829e-02i, |S[1][1]| = -4.934e-02, arg(S[1][1]) = +1.630e+00

It 581/1751: ω/2π = 2.416e+00 GHz (total elapsed time = 2.22e+02 s)

 Sol. ||E|| = 3.839276e+01
 Field energy E (6.790e-11 J) + H (6.974e-11 J) = 1.376e-10 J
 S[1][1] = +9.940e-01+2.813e-02i, |S[1][1]| = -4.917e-02, arg(S[1][1]) = +1.621e+00

It 582/1751: ω/2π = 2.416e+00 GHz (total elapsed time = 2.22e+02 s)

 Sol. ||E|| = 3.839042e+01
 Field energy E (6.772e-11 J) + H (6.955e-11 J) = 1.373e-10 J
 S[1][1] = +9.940e-01+2.796e-02i, |S[1][1]| = -4.901e-02, arg(S[1][1]) = +1.611e+00

It 583/1751: ω/2π = 2.416e+00 GHz (total elapsed time = 2.22e+02 s)

 Sol. ||E|| = 3.838813e+01
 Field energy E (6.754e-11 J) + H (6.936e-11 J) = 1.369e-10 J
 S[1][1] = +9.940e-01+2.780e-02i, |S[1][1]| = -4.885e-02, arg(S[1][1]) = +1.602e+00

It 584/1751: ω/2π = 2.417e+00 GHz (total elapsed time = 2.22e+02 s)

 Sol. ||E|| = 3.838588e+01
 Field energy E (6.737e-11 J) + H (6.918e-11 J) = 1.366e-10 J
 S[1][1] = +9.940e-01+2.764e-02i, |S[1][1]| = -4.869e-02, arg(S[1][1]) = +1.593e+00

It 585/1751: ω/2π = 2.417e+00 GHz (total elapsed time = 2.22e+02 s)

 Sol. ||E|| = 3.838368e+01
 Field energy E (6.721e-11 J) + H (6.900e-11 J) = 1.362e-10 J
 S[1][1] = +9.940e-01+2.748e-02i, |S[1][1]| = -4.854e-02, arg(S[1][1]) = +1.584e+00

It 586/1751: ω/2π = 2.417e+00 GHz (total elapsed time = 2.22e+02 s)

 Sol. ||E|| = 3.838152e+01
 Field energy E (6.705e-11 J) + H (6.883e-11 J) = 1.359e-10 J
 S[1][1] = +9.941e-01+2.732e-02i, |S[1][1]| = -4.839e-02, arg(S[1][1]) = +1.574e+00

It 587/1751: ω/2π = 2.417e+00 GHz (total elapsed time = 2.22e+02 s)

 Sol. ||E|| = 3.837941e+01
 Field energy E (6.689e-11 J) + H (6.866e-11 J) = 1.355e-10 J
 S[1][1] = +9.941e-01+2.716e-02i, |S[1][1]| = -4.825e-02, arg(S[1][1]) = +1.565e+00

It 588/1751: ω/2π = 2.417e+00 GHz (total elapsed time = 2.22e+02 s)

 Sol. ||E|| = 3.837734e+01
 Field energy E (6.673e-11 J) + H (6.850e-11 J) = 1.352e-10 J
 S[1][1] = +9.941e-01+2.700e-02i, |S[1][1]| = -4.811e-02, arg(S[1][1]) = +1.556e+00

It 589/1751: ω/2π = 2.418e+00 GHz (total elapsed time = 2.22e+02 s)

 Sol. ||E|| = 3.837531e+01
 Field energy E (6.658e-11 J) + H (6.834e-11 J) = 1.349e-10 J
 S[1][1] = +9.941e-01+2.684e-02i, |S[1][1]| = -4.798e-02, arg(S[1][1]) = +1.547e+00

It 590/1751: ω/2π = 2.418e+00 GHz (total elapsed time = 2.22e+02 s)

 Sol. ||E|| = 3.837332e+01
 Field energy E (6.644e-11 J) + H (6.818e-11 J) = 1.346e-10 J
 S[1][1] = +9.941e-01+2.668e-02i, |S[1][1]| = -4.785e-02, arg(S[1][1]) = +1.538e+00

It 591/1751: ω/2π = 2.418e+00 GHz (total elapsed time = 2.22e+02 s)

 Sol. ||E|| = 3.837138e+01
 Field energy E (6.630e-11 J) + H (6.803e-11 J) = 1.343e-10 J
 S[1][1] = +9.942e-01+2.653e-02i, |S[1][1]| = -4.772e-02, arg(S[1][1]) = +1.528e+00

It 592/1751: ω/2π = 2.418e+00 GHz (total elapsed time = 2.22e+02 s)

 Sol. ||E|| = 3.836947e+01
 Field energy E (6.616e-11 J) + H (6.788e-11 J) = 1.340e-10 J
 S[1][1] = +9.942e-01+2.637e-02i, |S[1][1]| = -4.760e-02, arg(S[1][1]) = +1.519e+00

It 593/1751: ω/2π = 2.418e+00 GHz (total elapsed time = 2.22e+02 s)

 Sol. ||E|| = 3.836761e+01
 Field energy E (6.603e-11 J) + H (6.774e-11 J) = 1.338e-10 J
 S[1][1] = +9.942e-01+2.621e-02i, |S[1][1]| = -4.749e-02, arg(S[1][1]) = +1.510e+00

It 594/1751: ω/2π = 2.419e+00 GHz (total elapsed time = 2.23e+02 s)

 Sol. ||E|| = 3.836579e+01
 Field energy E (6.590e-11 J) + H (6.760e-11 J) = 1.335e-10 J
 S[1][1] = +9.942e-01+2.605e-02i, |S[1][1]| = -4.737e-02, arg(S[1][1]) = +1.501e+00

It 595/1751: ω/2π = 2.419e+00 GHz (total elapsed time = 2.23e+02 s)

 Sol. ||E|| = 3.836401e+01
 Field energy E (6.577e-11 J) + H (6.746e-11 J) = 1.332e-10 J
 S[1][1] = +9.942e-01+2.589e-02i, |S[1][1]| = -4.727e-02, arg(S[1][1]) = +1.492e+00

It 596/1751: ω/2π = 2.419e+00 GHz (total elapsed time = 2.23e+02 s)

 Sol. ||E|| = 3.836227e+01
 Field energy E (6.565e-11 J) + H (6.733e-11 J) = 1.330e-10 J
 S[1][1] = +9.943e-01+2.574e-02i, |S[1][1]| = -4.717e-02, arg(S[1][1]) = +1.483e+00

It 597/1751: ω/2π = 2.419e+00 GHz (total elapsed time = 2.23e+02 s)

 Sol. ||E|| = 3.836056e+01
 Field energy E (6.553e-11 J) + H (6.720e-11 J) = 1.327e-10 J
 S[1][1] = +9.943e-01+2.558e-02i, |S[1][1]| = -4.707e-02, arg(S[1][1]) = +1.474e+00

It 598/1751: ω/2π = 2.419e+00 GHz (total elapsed time = 2.23e+02 s)

 Sol. ||E|| = 3.835890e+01
 Field energy E (6.542e-11 J) + H (6.708e-11 J) = 1.325e-10 J
 S[1][1] = +9.943e-01+2.543e-02i, |S[1][1]| = -4.697e-02, arg(S[1][1]) = +1.465e+00

It 599/1751: ω/2π = 2.420e+00 GHz (total elapsed time = 2.23e+02 s)

 Sol. ||E|| = 3.835727e+01
 Field energy E (6.531e-11 J) + H (6.696e-11 J) = 1.323e-10 J
 S[1][1] = +9.943e-01+2.527e-02i, |S[1][1]| = -4.688e-02, arg(S[1][1]) = +1.456e+00

It 600/1751: ω/2π = 2.420e+00 GHz (total elapsed time = 2.23e+02 s)

 Sol. ||E|| = 3.835569e+01
 Field energy E (6.520e-11 J) + H (6.684e-11 J) = 1.320e-10 J
 S[1][1] = +9.943e-01+2.511e-02i, |S[1][1]| = -4.680e-02, arg(S[1][1]) = +1.447e+00

It 601/1751: ω/2π = 2.420e+00 GHz (total elapsed time = 2.23e+02 s)

 Sol. ||E|| = 3.835414e+01
 Field energy E (6.510e-11 J) + H (6.673e-11 J) = 1.318e-10 J
 S[1][1] = +9.943e-01+2.496e-02i, |S[1][1]| = -4.672e-02, arg(S[1][1]) = +1.438e+00

It 602/1751: ω/2π = 2.420e+00 GHz (total elapsed time = 2.23e+02 s)

 Sol. ||E|| = 3.835263e+01
 Field energy E (6.500e-11 J) + H (6.662e-11 J) = 1.316e-10 J
 S[1][1] = +9.943e-01+2.480e-02i, |S[1][1]| = -4.664e-02, arg(S[1][1]) = +1.429e+00

It 603/1751: ω/2π = 2.420e+00 GHz (total elapsed time = 2.23e+02 s)

 Sol. ||E|| = 3.835116e+01
 Field energy E (6.491e-11 J) + H (6.651e-11 J) = 1.314e-10 J
 S[1][1] = +9.943e-01+2.465e-02i, |S[1][1]| = -4.657e-02, arg(S[1][1]) = +1.420e+00

It 604/1751: ω/2π = 2.421e+00 GHz (total elapsed time = 2.23e+02 s)

 Sol. ||E|| = 3.834972e+01
 Field energy E (6.482e-11 J) + H (6.641e-11 J) = 1.312e-10 J
 S[1][1] = +9.944e-01+2.449e-02i, |S[1][1]| = -4.650e-02, arg(S[1][1]) = +1.411e+00

It 605/1751: ω/2π = 2.421e+00 GHz (total elapsed time = 2.23e+02 s)

 Sol. ||E|| = 3.834832e+01
 Field energy E (6.473e-11 J) + H (6.631e-11 J) = 1.310e-10 J
 S[1][1] = +9.944e-01+2.434e-02i, |S[1][1]| = -4.644e-02, arg(S[1][1]) = +1.402e+00

It 606/1751: ω/2π = 2.421e+00 GHz (total elapsed time = 2.23e+02 s)

 Sol. ||E|| = 3.834696e+01
 Field energy E (6.465e-11 J) + H (6.622e-11 J) = 1.309e-10 J
 S[1][1] = +9.944e-01+2.418e-02i, |S[1][1]| = -4.638e-02, arg(S[1][1]) = +1.393e+00

It 607/1751: ω/2π = 2.421e+00 GHz (total elapsed time = 2.23e+02 s)

 Sol. ||E|| = 3.834563e+01
 Field energy E (6.457e-11 J) + H (6.613e-11 J) = 1.307e-10 J
 S[1][1] = +9.944e-01+2.403e-02i, |S[1][1]| = -4.632e-02, arg(S[1][1]) = +1.384e+00

It 608/1751: ω/2π = 2.421e+00 GHz (total elapsed time = 2.23e+02 s)

 Sol. ||E|| = 3.834434e+01
 Field energy E (6.449e-11 J) + H (6.604e-11 J) = 1.305e-10 J
 S[1][1] = +9.944e-01+2.388e-02i, |S[1][1]| = -4.627e-02, arg(S[1][1]) = +1.375e+00

It 609/1751: ω/2π = 2.422e+00 GHz (total elapsed time = 2.23e+02 s)

 Sol. ||E|| = 3.834309e+01
 Field energy E (6.442e-11 J) + H (6.596e-11 J) = 1.304e-10 J
 S[1][1] = +9.944e-01+2.372e-02i, |S[1][1]| = -4.622e-02, arg(S[1][1]) = +1.367e+00

It 610/1751: ω/2π = 2.422e+00 GHz (total elapsed time = 2.23e+02 s)

 Sol. ||E|| = 3.834188e+01
 Field energy E (6.435e-11 J) + H (6.588e-11 J) = 1.302e-10 J
 S[1][1] = +9.944e-01+2.357e-02i, |S[1][1]| = -4.618e-02, arg(S[1][1]) = +1.358e+00

It 611/1751: ω/2π = 2.422e+00 GHz (total elapsed time = 2.23e+02 s)

 Sol. ||E|| = 3.834069e+01
 Field energy E (6.428e-11 J) + H (6.581e-11 J) = 1.301e-10 J
 S[1][1] = +9.944e-01+2.341e-02i, |S[1][1]| = -4.614e-02, arg(S[1][1]) = +1.349e+00

It 612/1751: ω/2π = 2.422e+00 GHz (total elapsed time = 2.24e+02 s)

 Sol. ||E|| = 3.833955e+01
 Field energy E (6.422e-11 J) + H (6.573e-11 J) = 1.300e-10 J
 S[1][1] = +9.944e-01+2.326e-02i, |S[1][1]| = -4.611e-02, arg(S[1][1]) = +1.340e+00

It 613/1751: ω/2π = 2.422e+00 GHz (total elapsed time = 2.24e+02 s)

 Sol. ||E|| = 3.833844e+01
 Field energy E (6.416e-11 J) + H (6.567e-11 J) = 1.298e-10 J
 S[1][1] = +9.944e-01+2.311e-02i, |S[1][1]| = -4.608e-02, arg(S[1][1]) = +1.331e+00

It 614/1751: ω/2π = 2.423e+00 GHz (total elapsed time = 2.24e+02 s)

 Sol. ||E|| = 3.833736e+01
 Field energy E (6.411e-11 J) + H (6.560e-11 J) = 1.297e-10 J
 S[1][1] = +9.944e-01+2.296e-02i, |S[1][1]| = -4.605e-02, arg(S[1][1]) = +1.322e+00

It 615/1751: ω/2π = 2.423e+00 GHz (total elapsed time = 2.24e+02 s)

 Sol. ||E|| = 3.833632e+01
 Field energy E (6.406e-11 J) + H (6.554e-11 J) = 1.296e-10 J
 S[1][1] = +9.945e-01+2.280e-02i, |S[1][1]| = -4.603e-02, arg(S[1][1]) = +1.314e+00

It 616/1751: ω/2π = 2.423e+00 GHz (total elapsed time = 2.24e+02 s)

 Sol. ||E|| = 3.833532e+01
 Field energy E (6.401e-11 J) + H (6.549e-11 J) = 1.295e-10 J
 S[1][1] = +9.945e-01+2.265e-02i, |S[1][1]| = -4.601e-02, arg(S[1][1]) = +1.305e+00

It 617/1751: ω/2π = 2.423e+00 GHz (total elapsed time = 2.24e+02 s)

 Sol. ||E|| = 3.833435e+01
 Field energy E (6.397e-11 J) + H (6.543e-11 J) = 1.294e-10 J
 S[1][1] = +9.945e-01+2.250e-02i, |S[1][1]| = -4.600e-02, arg(S[1][1]) = +1.296e+00

It 618/1751: ω/2π = 2.423e+00 GHz (total elapsed time = 2.24e+02 s)

 Sol. ||E|| = 3.833342e+01
 Field energy E (6.393e-11 J) + H (6.538e-11 J) = 1.293e-10 J
 S[1][1] = +9.945e-01+2.235e-02i, |S[1][1]| = -4.599e-02, arg(S[1][1]) = +1.287e+00

It 619/1751: ω/2π = 2.424e+00 GHz (total elapsed time = 2.24e+02 s)

 Sol. ||E|| = 3.833252e+01
 Field energy E (6.389e-11 J) + H (6.534e-11 J) = 1.292e-10 J
 S[1][1] = +9.945e-01+2.220e-02i, |S[1][1]| = -4.599e-02, arg(S[1][1]) = +1.279e+00

It 620/1751: ω/2π = 2.424e+00 GHz (total elapsed time = 2.24e+02 s)

 Sol. ||E|| = 3.833165e+01
 Field energy E (6.386e-11 J) + H (6.529e-11 J) = 1.292e-10 J
 S[1][1] = +9.945e-01+2.204e-02i, |S[1][1]| = -4.599e-02, arg(S[1][1]) = +1.270e+00

It 621/1751: ω/2π = 2.424e+00 GHz (total elapsed time = 2.24e+02 s)

 Sol. ||E|| = 3.833082e+01
 Field energy E (6.383e-11 J) + H (6.526e-11 J) = 1.291e-10 J
 S[1][1] = +9.945e-01+2.189e-02i, |S[1][1]| = -4.599e-02, arg(S[1][1]) = +1.261e+00

It 622/1751: ω/2π = 2.424e+00 GHz (total elapsed time = 2.24e+02 s)

 Sol. ||E|| = 3.833002e+01
 Field energy E (6.381e-11 J) + H (6.522e-11 J) = 1.290e-10 J
 S[1][1] = +9.945e-01+2.174e-02i, |S[1][1]| = -4.600e-02, arg(S[1][1]) = +1.252e+00

It 623/1751: ω/2π = 2.424e+00 GHz (total elapsed time = 2.24e+02 s)

 Sol. ||E|| = 3.832926e+01
 Field energy E (6.379e-11 J) + H (6.519e-11 J) = 1.290e-10 J
 S[1][1] = +9.945e-01+2.159e-02i, |S[1][1]| = -4.602e-02, arg(S[1][1]) = +1.244e+00

It 624/1751: ω/2π = 2.425e+00 GHz (total elapsed time = 2.24e+02 s)

 Sol. ||E|| = 3.832853e+01
 Field energy E (6.377e-11 J) + H (6.516e-11 J) = 1.289e-10 J
 S[1][1] = +9.945e-01+2.144e-02i, |S[1][1]| = -4.603e-02, arg(S[1][1]) = +1.235e+00

It 625/1751: ω/2π = 2.425e+00 GHz (total elapsed time = 2.24e+02 s)

 Sol. ||E|| = 3.832784e+01
 Field energy E (6.376e-11 J) + H (6.514e-11 J) = 1.289e-10 J
 S[1][1] = +9.945e-01+2.129e-02i, |S[1][1]| = -4.605e-02, arg(S[1][1]) = +1.226e+00

It 626/1751: ω/2π = 2.425e+00 GHz (total elapsed time = 2.24e+02 s)

 Sol. ||E|| = 3.832718e+01
 Field energy E (6.375e-11 J) + H (6.512e-11 J) = 1.289e-10 J
 S[1][1] = +9.945e-01+2.114e-02i, |S[1][1]| = -4.608e-02, arg(S[1][1]) = +1.218e+00

It 627/1751: ω/2π = 2.425e+00 GHz (total elapsed time = 2.24e+02 s)

 Sol. ||E|| = 3.832656e+01
 Field energy E (6.374e-11 J) + H (6.510e-11 J) = 1.288e-10 J
 S[1][1] = +9.945e-01+2.099e-02i, |S[1][1]| = -4.611e-02, arg(S[1][1]) = +1.209e+00

It 628/1751: ω/2π = 2.425e+00 GHz (total elapsed time = 2.24e+02 s)

 Sol. ||E|| = 3.832597e+01
 Field energy E (6.374e-11 J) + H (6.509e-11 J) = 1.288e-10 J
 S[1][1] = +9.945e-01+2.083e-02i, |S[1][1]| = -4.615e-02, arg(S[1][1]) = +1.200e+00

It 629/1751: ω/2π = 2.426e+00 GHz (total elapsed time = 2.25e+02 s)

 Sol. ||E|| = 3.832541e+01
 Field energy E (6.374e-11 J) + H (6.508e-11 J) = 1.288e-10 J
 S[1][1] = +9.945e-01+2.068e-02i, |S[1][1]| = -4.619e-02, arg(S[1][1]) = +1.192e+00

It 630/1751: ω/2π = 2.426e+00 GHz (total elapsed time = 2.25e+02 s)

 Sol. ||E|| = 3.832489e+01
 Field energy E (6.374e-11 J) + H (6.508e-11 J) = 1.288e-10 J
 S[1][1] = +9.945e-01+2.053e-02i, |S[1][1]| = -4.623e-02, arg(S[1][1]) = +1.183e+00

It 631/1751: ω/2π = 2.426e+00 GHz (total elapsed time = 2.25e+02 s)

 Sol. ||E|| = 3.832441e+01
 Field energy E (6.375e-11 J) + H (6.508e-11 J) = 1.288e-10 J
 S[1][1] = +9.945e-01+2.038e-02i, |S[1][1]| = -4.628e-02, arg(S[1][1]) = +1.174e+00

It 632/1751: ω/2π = 2.426e+00 GHz (total elapsed time = 2.25e+02 s)

 Sol. ||E|| = 3.832396e+01
 Field energy E (6.377e-11 J) + H (6.508e-11 J) = 1.288e-10 J
 S[1][1] = +9.945e-01+2.023e-02i, |S[1][1]| = -4.633e-02, arg(S[1][1]) = +1.166e+00

It 633/1751: ω/2π = 2.426e+00 GHz (total elapsed time = 2.25e+02 s)

 Sol. ||E|| = 3.832354e+01
 Field energy E (6.378e-11 J) + H (6.509e-11 J) = 1.289e-10 J
 S[1][1] = +9.945e-01+2.008e-02i, |S[1][1]| = -4.639e-02, arg(S[1][1]) = +1.157e+00

It 634/1751: ω/2π = 2.427e+00 GHz (total elapsed time = 2.25e+02 s)

 Sol. ||E|| = 3.832316e+01
 Field energy E (6.380e-11 J) + H (6.510e-11 J) = 1.289e-10 J
 S[1][1] = +9.945e-01+1.993e-02i, |S[1][1]| = -4.646e-02, arg(S[1][1]) = +1.148e+00

It 635/1751: ω/2π = 2.427e+00 GHz (total elapsed time = 2.25e+02 s)

 Sol. ||E|| = 3.832281e+01
 Field energy E (6.383e-11 J) + H (6.511e-11 J) = 1.289e-10 J
 S[1][1] = +9.945e-01+1.978e-02i, |S[1][1]| = -4.652e-02, arg(S[1][1]) = +1.140e+00

It 636/1751: ω/2π = 2.427e+00 GHz (total elapsed time = 2.25e+02 s)

 Sol. ||E|| = 3.832250e+01
 Field energy E (6.386e-11 J) + H (6.513e-11 J) = 1.290e-10 J
 S[1][1] = +9.945e-01+1.963e-02i, |S[1][1]| = -4.660e-02, arg(S[1][1]) = +1.131e+00

It 637/1751: ω/2π = 2.427e+00 GHz (total elapsed time = 2.25e+02 s)

 Sol. ||E|| = 3.832222e+01
 Field energy E (6.389e-11 J) + H (6.515e-11 J) = 1.290e-10 J
 S[1][1] = +9.945e-01+1.948e-02i, |S[1][1]| = -4.667e-02, arg(S[1][1]) = +1.122e+00

It 638/1751: ω/2π = 2.427e+00 GHz (total elapsed time = 2.25e+02 s)

 Sol. ||E|| = 3.832198e+01
 Field energy E (6.392e-11 J) + H (6.518e-11 J) = 1.291e-10 J
 S[1][1] = +9.944e-01+1.933e-02i, |S[1][1]| = -4.676e-02, arg(S[1][1]) = +1.114e+00

It 639/1751: ω/2π = 2.428e+00 GHz (total elapsed time = 2.25e+02 s)

 Sol. ||E|| = 3.832177e+01
 Field energy E (6.396e-11 J) + H (6.521e-11 J) = 1.292e-10 J
 S[1][1] = +9.944e-01+1.918e-02i, |S[1][1]| = -4.684e-02, arg(S[1][1]) = +1.105e+00

It 640/1751: ω/2π = 2.428e+00 GHz (total elapsed time = 2.25e+02 s)

 Sol. ||E|| = 3.832160e+01
 Field energy E (6.401e-11 J) + H (6.524e-11 J) = 1.292e-10 J
 S[1][1] = +9.944e-01+1.903e-02i, |S[1][1]| = -4.693e-02, arg(S[1][1]) = +1.097e+00

It 641/1751: ω/2π = 2.428e+00 GHz (total elapsed time = 2.25e+02 s)

 Sol. ||E|| = 3.832146e+01
 Field energy E (6.406e-11 J) + H (6.528e-11 J) = 1.293e-10 J
 S[1][1] = +9.944e-01+1.888e-02i, |S[1][1]| = -4.703e-02, arg(S[1][1]) = +1.088e+00

It 642/1751: ω/2π = 2.428e+00 GHz (total elapsed time = 2.25e+02 s)

 Sol. ||E|| = 3.832136e+01
 Field energy E (6.411e-11 J) + H (6.532e-11 J) = 1.294e-10 J
 S[1][1] = +9.944e-01+1.874e-02i, |S[1][1]| = -4.713e-02, arg(S[1][1]) = +1.079e+00

It 643/1751: ω/2π = 2.428e+00 GHz (total elapsed time = 2.25e+02 s)

 Sol. ||E|| = 3.832130e+01
 Field energy E (6.417e-11 J) + H (6.537e-11 J) = 1.295e-10 J
 S[1][1] = +9.944e-01+1.859e-02i, |S[1][1]| = -4.724e-02, arg(S[1][1]) = +1.071e+00

It 644/1751: ω/2π = 2.429e+00 GHz (total elapsed time = 2.25e+02 s)

 Sol. ||E|| = 3.832127e+01
 Field energy E (6.423e-11 J) + H (6.542e-11 J) = 1.296e-10 J
 S[1][1] = +9.944e-01+1.844e-02i, |S[1][1]| = -4.735e-02, arg(S[1][1]) = +1.062e+00

It 645/1751: ω/2π = 2.429e+00 GHz (total elapsed time = 2.25e+02 s)

 Sol. ||E|| = 3.832128e+01
 Field energy E (6.429e-11 J) + H (6.547e-11 J) = 1.298e-10 J
 S[1][1] = +9.944e-01+1.829e-02i, |S[1][1]| = -4.747e-02, arg(S[1][1]) = +1.054e+00

It 646/1751: ω/2π = 2.429e+00 GHz (total elapsed time = 2.25e+02 s)

 Sol. ||E|| = 3.832133e+01
 Field energy E (6.436e-11 J) + H (6.553e-11 J) = 1.299e-10 J
 S[1][1] = +9.944e-01+1.814e-02i, |S[1][1]| = -4.759e-02, arg(S[1][1]) = +1.045e+00

It 647/1751: ω/2π = 2.429e+00 GHz (total elapsed time = 2.26e+02 s)

 Sol. ||E|| = 3.832141e+01
 Field energy E (6.443e-11 J) + H (6.560e-11 J) = 1.300e-10 J
 S[1][1] = +9.944e-01+1.799e-02i, |S[1][1]| = -4.772e-02, arg(S[1][1]) = +1.036e+00

It 648/1751: ω/2π = 2.429e+00 GHz (total elapsed time = 2.26e+02 s)

 Sol. ||E|| = 3.832153e+01
 Field energy E (6.451e-11 J) + H (6.566e-11 J) = 1.302e-10 J
 S[1][1] = +9.943e-01+1.784e-02i, |S[1][1]| = -4.785e-02, arg(S[1][1]) = +1.028e+00

It 649/1751: ω/2π = 2.430e+00 GHz (total elapsed time = 2.26e+02 s)

 Sol. ||E|| = 3.832168e+01
 Field energy E (6.459e-11 J) + H (6.574e-11 J) = 1.303e-10 J
 S[1][1] = +9.943e-01+1.769e-02i, |S[1][1]| = -4.799e-02, arg(S[1][1]) = +1.019e+00

It 650/1751: ω/2π = 2.430e+00 GHz (total elapsed time = 2.26e+02 s)

 Sol. ||E|| = 3.832188e+01
 Field energy E (6.468e-11 J) + H (6.581e-11 J) = 1.305e-10 J
 S[1][1] = +9.943e-01+1.754e-02i, |S[1][1]| = -4.814e-02, arg(S[1][1]) = +1.011e+00

It 651/1751: ω/2π = 2.430e+00 GHz (total elapsed time = 2.26e+02 s)

 Sol. ||E|| = 3.832211e+01
 Field energy E (6.477e-11 J) + H (6.589e-11 J) = 1.307e-10 J
 S[1][1] = +9.943e-01+1.739e-02i, |S[1][1]| = -4.829e-02, arg(S[1][1]) = +1.002e+00

It 652/1751: ω/2π = 2.430e+00 GHz (total elapsed time = 2.26e+02 s)

 Sol. ||E|| = 3.832238e+01
 Field energy E (6.486e-11 J) + H (6.598e-11 J) = 1.308e-10 J
 S[1][1] = +9.943e-01+1.724e-02i, |S[1][1]| = -4.844e-02, arg(S[1][1]) = +9.935e-01

It 653/1751: ω/2π = 2.430e+00 GHz (total elapsed time = 2.26e+02 s)

 Sol. ||E|| = 3.832269e+01
 Field energy E (6.496e-11 J) + H (6.607e-11 J) = 1.310e-10 J
 S[1][1] = +9.943e-01+1.709e-02i, |S[1][1]| = -4.860e-02, arg(S[1][1]) = +9.849e-01

It 654/1751: ω/2π = 2.431e+00 GHz (total elapsed time = 2.26e+02 s)

 Sol. ||E|| = 3.832304e+01
 Field energy E (6.507e-11 J) + H (6.616e-11 J) = 1.312e-10 J
 S[1][1] = +9.943e-01+1.694e-02i, |S[1][1]| = -4.877e-02, arg(S[1][1]) = +9.763e-01

It 655/1751: ω/2π = 2.431e+00 GHz (total elapsed time = 2.26e+02 s)

 Sol. ||E|| = 3.832343e+01
 Field energy E (6.518e-11 J) + H (6.626e-11 J) = 1.314e-10 J
 S[1][1] = +9.942e-01+1.679e-02i, |S[1][1]| = -4.894e-02, arg(S[1][1]) = +9.677e-01

It 656/1751: ω/2π = 2.431e+00 GHz (total elapsed time = 2.26e+02 s)

 Sol. ||E|| = 3.832386e+01
 Field energy E (6.529e-11 J) + H (6.637e-11 J) = 1.317e-10 J
 S[1][1] = +9.942e-01+1.665e-02i, |S[1][1]| = -4.912e-02, arg(S[1][1]) = +9.592e-01

It 657/1751: ω/2π = 2.431e+00 GHz (total elapsed time = 2.26e+02 s)

 Sol. ||E|| = 3.832433e+01
 Field energy E (6.541e-11 J) + H (6.648e-11 J) = 1.319e-10 J
 S[1][1] = +9.942e-01+1.650e-02i, |S[1][1]| = -4.931e-02, arg(S[1][1]) = +9.506e-01

It 658/1751: ω/2π = 2.431e+00 GHz (total elapsed time = 2.26e+02 s)

 Sol. ||E|| = 3.832484e+01
 Field energy E (6.553e-11 J) + H (6.659e-11 J) = 1.321e-10 J
 S[1][1] = +9.942e-01+1.635e-02i, |S[1][1]| = -4.950e-02, arg(S[1][1]) = +9.420e-01

It 659/1751: ω/2π = 2.432e+00 GHz (total elapsed time = 2.26e+02 s)

 Sol. ||E|| = 3.832539e+01
 Field energy E (6.566e-11 J) + H (6.671e-11 J) = 1.324e-10 J
 S[1][1] = +9.942e-01+1.620e-02i, |S[1][1]| = -4.970e-02, arg(S[1][1]) = +9.334e-01

It 660/1751: ω/2π = 2.432e+00 GHz (total elapsed time = 2.26e+02 s)

 Sol. ||E|| = 3.832598e+01
 Field energy E (6.579e-11 J) + H (6.683e-11 J) = 1.326e-10 J
 S[1][1] = +9.941e-01+1.605e-02i, |S[1][1]| = -4.990e-02, arg(S[1][1]) = +9.249e-01

It 661/1751: ω/2π = 2.432e+00 GHz (total elapsed time = 2.26e+02 s)

 Sol. ||E|| = 3.832661e+01
 Field energy E (6.593e-11 J) + H (6.696e-11 J) = 1.329e-10 J
 S[1][1] = +9.941e-01+1.590e-02i, |S[1][1]| = -5.011e-02, arg(S[1][1]) = +9.163e-01

It 662/1751: ω/2π = 2.432e+00 GHz (total elapsed time = 2.26e+02 s)

 Sol. ||E|| = 3.832729e+01
 Field energy E (6.608e-11 J) + H (6.709e-11 J) = 1.332e-10 J
 S[1][1] = +9.941e-01+1.575e-02i, |S[1][1]| = -5.032e-02, arg(S[1][1]) = +9.077e-01

It 663/1751: ω/2π = 2.432e+00 GHz (total elapsed time = 2.26e+02 s)

 Sol. ||E|| = 3.832800e+01
 Field energy E (6.622e-11 J) + H (6.723e-11 J) = 1.335e-10 J
 S[1][1] = +9.941e-01+1.560e-02i, |S[1][1]| = -5.055e-02, arg(S[1][1]) = +8.991e-01

It 664/1751: ω/2π = 2.433e+00 GHz (total elapsed time = 2.27e+02 s)

 Sol. ||E|| = 3.832877e+01
 Field energy E (6.638e-11 J) + H (6.737e-11 J) = 1.338e-10 J
 S[1][1] = +9.941e-01+1.545e-02i, |S[1][1]| = -5.078e-02, arg(S[1][1]) = +8.906e-01

It 665/1751: ω/2π = 2.433e+00 GHz (total elapsed time = 2.27e+02 s)

 Sol. ||E|| = 3.832957e+01
 Field energy E (6.654e-11 J) + H (6.752e-11 J) = 1.341e-10 J
 S[1][1] = +9.940e-01+1.530e-02i, |S[1][1]| = -5.101e-02, arg(S[1][1]) = +8.820e-01

It 666/1751: ω/2π = 2.433e+00 GHz (total elapsed time = 2.27e+02 s)

 Sol. ||E|| = 3.833042e+01
 Field energy E (6.670e-11 J) + H (6.768e-11 J) = 1.344e-10 J
 S[1][1] = +9.940e-01+1.515e-02i, |S[1][1]| = -5.126e-02, arg(S[1][1]) = +8.734e-01

It 667/1751: ω/2π = 2.433e+00 GHz (total elapsed time = 2.27e+02 s)

 Sol. ||E|| = 3.833132e+01
 Field energy E (6.687e-11 J) + H (6.784e-11 J) = 1.347e-10 J
 S[1][1] = +9.940e-01+1.500e-02i, |S[1][1]| = -5.151e-02, arg(S[1][1]) = +8.648e-01

It 668/1751: ω/2π = 2.433e+00 GHz (total elapsed time = 2.27e+02 s)

 Sol. ||E|| = 3.833226e+01
 Field energy E (6.705e-11 J) + H (6.800e-11 J) = 1.350e-10 J
 S[1][1] = +9.939e-01+1.485e-02i, |S[1][1]| = -5.176e-02, arg(S[1][1]) = +8.562e-01

It 669/1751: ω/2π = 2.434e+00 GHz (total elapsed time = 2.27e+02 s)

 Sol. ||E|| = 3.833325e+01
 Field energy E (6.723e-11 J) + H (6.817e-11 J) = 1.354e-10 J
 S[1][1] = +9.939e-01+1.471e-02i, |S[1][1]| = -5.203e-02, arg(S[1][1]) = +8.477e-01

It 670/1751: ω/2π = 2.434e+00 GHz (total elapsed time = 2.27e+02 s)

 Sol. ||E|| = 3.833428e+01
 Field energy E (6.741e-11 J) + H (6.835e-11 J) = 1.358e-10 J
 S[1][1] = +9.939e-01+1.456e-02i, |S[1][1]| = -5.230e-02, arg(S[1][1]) = +8.391e-01

It 671/1751: ω/2π = 2.434e+00 GHz (total elapsed time = 2.27e+02 s)

 Sol. ||E|| = 3.833537e+01
 Field energy E (6.761e-11 J) + H (6.853e-11 J) = 1.361e-10 J
 S[1][1] = +9.939e-01+1.441e-02i, |S[1][1]| = -5.258e-02, arg(S[1][1]) = +8.305e-01

It 672/1751: ω/2π = 2.434e+00 GHz (total elapsed time = 2.27e+02 s)

 Sol. ||E|| = 3.833650e+01
 Field energy E (6.780e-11 J) + H (6.872e-11 J) = 1.365e-10 J
 S[1][1] = +9.938e-01+1.426e-02i, |S[1][1]| = -5.287e-02, arg(S[1][1]) = +8.219e-01

It 673/1751: ω/2π = 2.434e+00 GHz (total elapsed time = 2.27e+02 s)

 Sol. ||E|| = 3.833768e+01
 Field energy E (6.801e-11 J) + H (6.892e-11 J) = 1.369e-10 J
 S[1][1] = +9.938e-01+1.411e-02i, |S[1][1]| = -5.316e-02, arg(S[1][1]) = +8.133e-01

It 674/1751: ω/2π = 2.435e+00 GHz (total elapsed time = 2.27e+02 s)

 Sol. ||E|| = 3.833891e+01
 Field energy E (6.822e-11 J) + H (6.912e-11 J) = 1.373e-10 J
 S[1][1] = +9.938e-01+1.396e-02i, |S[1][1]| = -5.347e-02, arg(S[1][1]) = +8.048e-01

It 675/1751: ω/2π = 2.435e+00 GHz (total elapsed time = 2.27e+02 s)

 Sol. ||E|| = 3.834019e+01
 Field energy E (6.843e-11 J) + H (6.932e-11 J) = 1.378e-10 J
 S[1][1] = +9.937e-01+1.381e-02i, |S[1][1]| = -5.378e-02, arg(S[1][1]) = +7.962e-01

It 676/1751: ω/2π = 2.435e+00 GHz (total elapsed time = 2.27e+02 s)

 Sol. ||E|| = 3.834152e+01
 Field energy E (6.866e-11 J) + H (6.954e-11 J) = 1.382e-10 J
 S[1][1] = +9.937e-01+1.366e-02i, |S[1][1]| = -5.410e-02, arg(S[1][1]) = +7.876e-01

It 677/1751: ω/2π = 2.435e+00 GHz (total elapsed time = 2.27e+02 s)

 Sol. ||E|| = 3.834290e+01
 Field energy E (6.889e-11 J) + H (6.976e-11 J) = 1.386e-10 J
 S[1][1] = +9.937e-01+1.351e-02i, |S[1][1]| = -5.442e-02, arg(S[1][1]) = +7.790e-01

It 678/1751: ω/2π = 2.435e+00 GHz (total elapsed time = 2.27e+02 s)

 Sol. ||E|| = 3.834434e+01
 Field energy E (6.912e-11 J) + H (6.998e-11 J) = 1.391e-10 J
 S[1][1] = +9.936e-01+1.336e-02i, |S[1][1]| = -5.476e-02, arg(S[1][1]) = +7.704e-01

It 679/1751: ω/2π = 2.436e+00 GHz (total elapsed time = 2.27e+02 s)

 Sol. ||E|| = 3.834583e+01
 Field energy E (6.936e-11 J) + H (7.021e-11 J) = 1.396e-10 J
 S[1][1] = +9.936e-01+1.321e-02i, |S[1][1]| = -5.510e-02, arg(S[1][1]) = +7.618e-01

It 680/1751: ω/2π = 2.436e+00 GHz (total elapsed time = 2.27e+02 s)

 Sol. ||E|| = 3.834737e+01
 Field energy E (6.961e-11 J) + H (7.045e-11 J) = 1.401e-10 J
 S[1][1] = +9.935e-01+1.306e-02i, |S[1][1]| = -5.546e-02, arg(S[1][1]) = +7.532e-01

It 681/1751: ω/2π = 2.436e+00 GHz (total elapsed time = 2.27e+02 s)

 Sol. ||E|| = 3.834897e+01
 Field energy E (6.987e-11 J) + H (7.070e-11 J) = 1.406e-10 J
 S[1][1] = +9.935e-01+1.291e-02i, |S[1][1]| = -5.582e-02, arg(S[1][1]) = +7.446e-01

It 682/1751: ω/2π = 2.436e+00 GHz (total elapsed time = 2.28e+02 s)

 Sol. ||E|| = 3.835063e+01
 Field energy E (7.013e-11 J) + H (7.095e-11 J) = 1.411e-10 J
 S[1][1] = +9.935e-01+1.276e-02i, |S[1][1]| = -5.619e-02, arg(S[1][1]) = +7.361e-01

It 683/1751: ω/2π = 2.436e+00 GHz (total elapsed time = 2.28e+02 s)

 Sol. ||E|| = 3.835234e+01
 Field energy E (7.040e-11 J) + H (7.121e-11 J) = 1.416e-10 J
 S[1][1] = +9.934e-01+1.261e-02i, |S[1][1]| = -5.657e-02, arg(S[1][1]) = +7.275e-01

It 684/1751: ω/2π = 2.437e+00 GHz (total elapsed time = 2.28e+02 s)

 Sol. ||E|| = 3.835411e+01
 Field energy E (7.068e-11 J) + H (7.148e-11 J) = 1.422e-10 J
 S[1][1] = +9.934e-01+1.246e-02i, |S[1][1]| = -5.696e-02, arg(S[1][1]) = +7.189e-01

It 685/1751: ω/2π = 2.437e+00 GHz (total elapsed time = 2.28e+02 s)

 Sol. ||E|| = 3.835594e+01
 Field energy E (7.096e-11 J) + H (7.175e-11 J) = 1.427e-10 J
 S[1][1] = +9.933e-01+1.232e-02i, |S[1][1]| = -5.736e-02, arg(S[1][1]) = +7.103e-01

It 686/1751: ω/2π = 2.437e+00 GHz (total elapsed time = 2.28e+02 s)

 Sol. ||E|| = 3.835783e+01
 Field energy E (7.125e-11 J) + H (7.204e-11 J) = 1.433e-10 J
 S[1][1] = +9.933e-01+1.217e-02i, |S[1][1]| = -5.777e-02, arg(S[1][1]) = +7.017e-01

It 687/1751: ω/2π = 2.437e+00 GHz (total elapsed time = 2.28e+02 s)

 Sol. ||E|| = 3.835978e+01
 Field energy E (7.155e-11 J) + H (7.232e-11 J) = 1.439e-10 J
 S[1][1] = +9.933e-01+1.202e-02i, |S[1][1]| = -5.819e-02, arg(S[1][1]) = +6.931e-01

It 688/1751: ω/2π = 2.437e+00 GHz (total elapsed time = 2.28e+02 s)

 Sol. ||E|| = 3.836180e+01
 Field energy E (7.186e-11 J) + H (7.262e-11 J) = 1.445e-10 J
 S[1][1] = +9.932e-01+1.187e-02i, |S[1][1]| = -5.862e-02, arg(S[1][1]) = +6.845e-01

It 689/1751: ω/2π = 2.438e+00 GHz (total elapsed time = 2.28e+02 s)

 Sol. ||E|| = 3.836388e+01
 Field energy E (7.218e-11 J) + H (7.293e-11 J) = 1.451e-10 J
 S[1][1] = +9.932e-01+1.172e-02i, |S[1][1]| = -5.905e-02, arg(S[1][1]) = +6.760e-01

It 690/1751: ω/2π = 2.438e+00 GHz (total elapsed time = 2.28e+02 s)

 Sol. ||E|| = 3.836602e+01
 Field energy E (7.250e-11 J) + H (7.324e-11 J) = 1.457e-10 J
 S[1][1] = +9.931e-01+1.157e-02i, |S[1][1]| = -5.950e-02, arg(S[1][1]) = +6.674e-01

It 691/1751: ω/2π = 2.438e+00 GHz (total elapsed time = 2.28e+02 s)

 Sol. ||E|| = 3.836823e+01
 Field energy E (7.283e-11 J) + H (7.356e-11 J) = 1.464e-10 J
 S[1][1] = +9.931e-01+1.142e-02i, |S[1][1]| = -5.997e-02, arg(S[1][1]) = +6.588e-01

It 692/1751: ω/2π = 2.438e+00 GHz (total elapsed time = 2.28e+02 s)

 Sol. ||E|| = 3.837051e+01
 Field energy E (7.317e-11 J) + H (7.389e-11 J) = 1.471e-10 J
 S[1][1] = +9.930e-01+1.127e-02i, |S[1][1]| = -6.044e-02, arg(S[1][1]) = +6.502e-01

It 693/1751: ω/2π = 2.438e+00 GHz (total elapsed time = 2.28e+02 s)

 Sol. ||E|| = 3.837285e+01
 Field energy E (7.352e-11 J) + H (7.423e-11 J) = 1.477e-10 J
 S[1][1] = +9.929e-01+1.112e-02i, |S[1][1]| = -6.092e-02, arg(S[1][1]) = +6.417e-01

It 694/1751: ω/2π = 2.439e+00 GHz (total elapsed time = 2.28e+02 s)

 Sol. ||E|| = 3.837526e+01
 Field energy E (7.387e-11 J) + H (7.458e-11 J) = 1.484e-10 J
 S[1][1] = +9.929e-01+1.097e-02i, |S[1][1]| = -6.142e-02, arg(S[1][1]) = +6.331e-01

It 695/1751: ω/2π = 2.439e+00 GHz (total elapsed time = 2.28e+02 s)

 Sol. ||E|| = 3.837775e+01
 Field energy E (7.424e-11 J) + H (7.493e-11 J) = 1.492e-10 J
 S[1][1] = +9.928e-01+1.082e-02i, |S[1][1]| = -6.192e-02, arg(S[1][1]) = +6.245e-01

It 696/1751: ω/2π = 2.439e+00 GHz (total elapsed time = 2.28e+02 s)

 Sol. ||E|| = 3.838030e+01
 Field energy E (7.461e-11 J) + H (7.530e-11 J) = 1.499e-10 J
 S[1][1] = +9.928e-01+1.067e-02i, |S[1][1]| = -6.244e-02, arg(S[1][1]) = +6.160e-01

It 697/1751: ω/2π = 2.439e+00 GHz (total elapsed time = 2.28e+02 s)

 Sol. ||E|| = 3.838293e+01
 Field energy E (7.500e-11 J) + H (7.567e-11 J) = 1.507e-10 J
 S[1][1] = +9.927e-01+1.052e-02i, |S[1][1]| = -6.297e-02, arg(S[1][1]) = +6.074e-01

It 698/1751: ω/2π = 2.439e+00 GHz (total elapsed time = 2.28e+02 s)

 Sol. ||E|| = 3.838564e+01
 Field energy E (7.539e-11 J) + H (7.605e-11 J) = 1.514e-10 J
 S[1][1] = +9.927e-01+1.038e-02i, |S[1][1]| = -6.351e-02, arg(S[1][1]) = +5.989e-01

It 699/1751: ω/2π = 2.440e+00 GHz (total elapsed time = 2.29e+02 s)

 Sol. ||E|| = 3.838842e+01
 Field energy E (7.579e-11 J) + H (7.645e-11 J) = 1.522e-10 J
 S[1][1] = +9.926e-01+1.023e-02i, |S[1][1]| = -6.407e-02, arg(S[1][1]) = +5.904e-01

It 700/1751: ω/2π = 2.440e+00 GHz (total elapsed time = 2.29e+02 s)

 Sol. ||E|| = 3.839128e+01
 Field energy E (7.620e-11 J) + H (7.685e-11 J) = 1.531e-10 J
 S[1][1] = +9.925e-01+1.008e-02i, |S[1][1]| = -6.464e-02, arg(S[1][1]) = +5.818e-01

It 701/1751: ω/2π = 2.440e+00 GHz (total elapsed time = 2.29e+02 s)

 Sol. ||E|| = 3.839422e+01
 Field energy E (7.663e-11 J) + H (7.726e-11 J) = 1.539e-10 J
 S[1][1] = +9.925e-01+9.931e-03i, |S[1][1]| = -6.522e-02, arg(S[1][1]) = +5.733e-01

It 702/1751: ω/2π = 2.440e+00 GHz (total elapsed time = 2.29e+02 s)

 Sol. ||E|| = 3.839724e+01
 Field energy E (7.706e-11 J) + H (7.768e-11 J) = 1.547e-10 J
 S[1][1] = +9.924e-01+9.783e-03i, |S[1][1]| = -6.581e-02, arg(S[1][1]) = +5.648e-01

It 703/1751: ω/2π = 2.440e+00 GHz (total elapsed time = 2.29e+02 s)

 Sol. ||E|| = 3.840034e+01
 Field energy E (7.750e-11 J) + H (7.811e-11 J) = 1.556e-10 J
 S[1][1] = +9.923e-01+9.635e-03i, |S[1][1]| = -6.642e-02, arg(S[1][1]) = +5.563e-01

It 704/1751: ω/2π = 2.441e+00 GHz (total elapsed time = 2.29e+02 s)

 Sol. ||E|| = 3.840352e+01
 Field energy E (7.795e-11 J) + H (7.856e-11 J) = 1.565e-10 J
 S[1][1] = +9.923e-01+9.488e-03i, |S[1][1]| = -6.704e-02, arg(S[1][1]) = +5.478e-01

It 705/1751: ω/2π = 2.441e+00 GHz (total elapsed time = 2.29e+02 s)

 Sol. ||E|| = 3.840679e+01
 Field energy E (7.841e-11 J) + H (7.901e-11 J) = 1.574e-10 J
 S[1][1] = +9.922e-01+9.340e-03i, |S[1][1]| = -6.768e-02, arg(S[1][1]) = +5.394e-01

It 706/1751: ω/2π = 2.441e+00 GHz (total elapsed time = 2.29e+02 s)

 Sol. ||E|| = 3.841015e+01
 Field energy E (7.889e-11 J) + H (7.947e-11 J) = 1.584e-10 J
 S[1][1] = +9.921e-01+9.193e-03i, |S[1][1]| = -6.833e-02, arg(S[1][1]) = +5.309e-01

It 707/1751: ω/2π = 2.441e+00 GHz (total elapsed time = 2.29e+02 s)

 Sol. ||E|| = 3.841360e+01
 Field energy E (7.937e-11 J) + H (7.995e-11 J) = 1.593e-10 J
 S[1][1] = +9.920e-01+9.046e-03i, |S[1][1]| = -6.899e-02, arg(S[1][1]) = +5.225e-01

It 708/1751: ω/2π = 2.441e+00 GHz (total elapsed time = 2.29e+02 s)

 Sol. ||E|| = 3.841713e+01
 Field energy E (7.987e-11 J) + H (8.043e-11 J) = 1.603e-10 J
 S[1][1] = +9.920e-01+8.900e-03i, |S[1][1]| = -6.967e-02, arg(S[1][1]) = +5.140e-01

It 709/1751: ω/2π = 2.442e+00 GHz (total elapsed time = 2.29e+02 s)

 Sol. ||E|| = 3.842076e+01
 Field energy E (8.038e-11 J) + H (8.093e-11 J) = 1.613e-10 J
 S[1][1] = +9.919e-01+8.754e-03i, |S[1][1]| = -7.037e-02, arg(S[1][1]) = +5.056e-01

It 710/1751: ω/2π = 2.442e+00 GHz (total elapsed time = 2.29e+02 s)

 Sol. ||E|| = 3.842449e+01
 Field energy E (8.089e-11 J) + H (8.144e-11 J) = 1.623e-10 J
 S[1][1] = +9.918e-01+8.608e-03i, |S[1][1]| = -7.108e-02, arg(S[1][1]) = +4.972e-01

It 711/1751: ω/2π = 2.442e+00 GHz (total elapsed time = 2.30e+02 s)

 Sol. ||E|| = 3.842831e+01
 Field energy E (8.143e-11 J) + H (8.196e-11 J) = 1.634e-10 J
 S[1][1] = +9.917e-01+8.462e-03i, |S[1][1]| = -7.181e-02, arg(S[1][1]) = +4.889e-01

It 712/1751: ω/2π = 2.442e+00 GHz (total elapsed time = 2.30e+02 s)

 Sol. ||E|| = 3.843223e+01
 Field energy E (8.197e-11 J) + H (8.250e-11 J) = 1.645e-10 J
 S[1][1] = +9.916e-01+8.317e-03i, |S[1][1]| = -7.255e-02, arg(S[1][1]) = +4.805e-01

It 713/1751: ω/2π = 2.442e+00 GHz (total elapsed time = 2.30e+02 s)

 Sol. ||E|| = 3.843624e+01
 Field energy E (8.252e-11 J) + H (8.304e-11 J) = 1.656e-10 J
 S[1][1] = +9.916e-01+8.173e-03i, |S[1][1]| = -7.331e-02, arg(S[1][1]) = +4.722e-01

It 714/1751: ω/2π = 2.443e+00 GHz (total elapsed time = 2.30e+02 s)

 Sol. ||E|| = 3.844036e+01
 Field energy E (8.309e-11 J) + H (8.360e-11 J) = 1.667e-10 J
 S[1][1] = +9.915e-01+8.028e-03i, |S[1][1]| = -7.409e-02, arg(S[1][1]) = +4.639e-01

It 715/1751: ω/2π = 2.443e+00 GHz (total elapsed time = 2.30e+02 s)

 Sol. ||E|| = 3.844458e+01
 Field energy E (8.367e-11 J) + H (8.417e-11 J) = 1.678e-10 J
 S[1][1] = +9.914e-01+7.885e-03i, |S[1][1]| = -7.488e-02, arg(S[1][1]) = +4.557e-01

It 716/1751: ω/2π = 2.443e+00 GHz (total elapsed time = 2.30e+02 s)

 Sol. ||E|| = 3.844891e+01
 Field energy E (8.427e-11 J) + H (8.476e-11 J) = 1.690e-10 J
 S[1][1] = +9.913e-01+7.742e-03i, |S[1][1]| = -7.569e-02, arg(S[1][1]) = +4.475e-01

It 717/1751: ω/2π = 2.443e+00 GHz (total elapsed time = 2.30e+02 s)

 Sol. ||E|| = 3.845335e+01
 Field energy E (8.487e-11 J) + H (8.536e-11 J) = 1.702e-10 J
 S[1][1] = +9.912e-01+7.599e-03i, |S[1][1]| = -7.652e-02, arg(S[1][1]) = +4.393e-01

It 718/1751: ω/2π = 2.443e+00 GHz (total elapsed time = 2.30e+02 s)

 Sol. ||E|| = 3.845789e+01
 Field energy E (8.549e-11 J) + H (8.597e-11 J) = 1.715e-10 J
 S[1][1] = +9.911e-01+7.457e-03i, |S[1][1]| = -7.737e-02, arg(S[1][1]) = +4.311e-01

It 719/1751: ω/2π = 2.444e+00 GHz (total elapsed time = 2.30e+02 s)

 Sol. ||E|| = 3.846255e+01
 Field energy E (8.613e-11 J) + H (8.659e-11 J) = 1.727e-10 J
 S[1][1] = +9.910e-01+7.316e-03i, |S[1][1]| = -7.824e-02, arg(S[1][1]) = +4.230e-01

It 720/1751: ω/2π = 2.444e+00 GHz (total elapsed time = 2.30e+02 s)

 Sol. ||E|| = 3.846732e+01
 Field energy E (8.678e-11 J) + H (8.723e-11 J) = 1.740e-10 J
 S[1][1] = +9.909e-01+7.176e-03i, |S[1][1]| = -7.912e-02, arg(S[1][1]) = +4.149e-01

It 721/1751: ω/2π = 2.444e+00 GHz (total elapsed time = 2.30e+02 s)

 Sol. ||E|| = 3.847220e+01
 Field energy E (8.744e-11 J) + H (8.788e-11 J) = 1.753e-10 J
 S[1][1] = +9.908e-01+7.036e-03i, |S[1][1]| = -8.003e-02, arg(S[1][1]) = +4.069e-01

It 722/1751: ω/2π = 2.444e+00 GHz (total elapsed time = 2.30e+02 s)

 Sol. ||E|| = 3.847721e+01
 Field energy E (8.812e-11 J) + H (8.855e-11 J) = 1.767e-10 J
 S[1][1] = +9.907e-01+6.897e-03i, |S[1][1]| = -8.095e-02, arg(S[1][1]) = +3.989e-01

It 723/1751: ω/2π = 2.444e+00 GHz (total elapsed time = 2.30e+02 s)

 Sol. ||E|| = 3.848233e+01
 Field energy E (8.881e-11 J) + H (8.924e-11 J) = 1.780e-10 J
 S[1][1] = +9.906e-01+6.759e-03i, |S[1][1]| = -8.190e-02, arg(S[1][1]) = +3.909e-01

It 724/1751: ω/2π = 2.445e+00 GHz (total elapsed time = 2.30e+02 s)

 Sol. ||E|| = 3.848758e+01
 Field energy E (8.952e-11 J) + H (8.993e-11 J) = 1.794e-10 J
 S[1][1] = +9.905e-01+6.622e-03i, |S[1][1]| = -8.286e-02, arg(S[1][1]) = +3.830e-01

It 725/1751: ω/2π = 2.445e+00 GHz (total elapsed time = 2.30e+02 s)

 Sol. ||E|| = 3.849295e+01
 Field energy E (9.024e-11 J) + H (9.065e-11 J) = 1.809e-10 J
 S[1][1] = +9.904e-01+6.486e-03i, |S[1][1]| = -8.384e-02, arg(S[1][1]) = +3.752e-01

It 726/1751: ω/2π = 2.445e+00 GHz (total elapsed time = 2.30e+02 s)

 Sol. ||E|| = 3.849844e+01
 Field energy E (9.098e-11 J) + H (9.137e-11 J) = 1.823e-10 J
 S[1][1] = +9.903e-01+6.351e-03i, |S[1][1]| = -8.485e-02, arg(S[1][1]) = +3.674e-01

It 727/1751: ω/2π = 2.445e+00 GHz (total elapsed time = 2.31e+02 s)

 Sol. ||E|| = 3.850407e+01
 Field energy E (9.173e-11 J) + H (9.212e-11 J) = 1.838e-10 J
 S[1][1] = +9.901e-01+6.217e-03i, |S[1][1]| = -8.588e-02, arg(S[1][1]) = +3.597e-01

It 728/1751: ω/2π = 2.445e+00 GHz (total elapsed time = 2.31e+02 s)

 Sol. ||E|| = 3.850982e+01
 Field energy E (9.250e-11 J) + H (9.288e-11 J) = 1.854e-10 J
 S[1][1] = +9.900e-01+6.084e-03i, |S[1][1]| = -8.693e-02, arg(S[1][1]) = +3.521e-01

It 729/1751: ω/2π = 2.446e+00 GHz (total elapsed time = 2.31e+02 s)

 Sol. ||E|| = 3.851571e+01
 Field energy E (9.328e-11 J) + H (9.366e-11 J) = 1.869e-10 J
 S[1][1] = +9.899e-01+5.952e-03i, |S[1][1]| = -8.800e-02, arg(S[1][1]) = +3.445e-01

It 730/1751: ω/2π = 2.446e+00 GHz (total elapsed time = 2.31e+02 s)

 Sol. ||E|| = 3.852173e+01
 Field energy E (9.408e-11 J) + H (9.445e-11 J) = 1.885e-10 J
 S[1][1] = +9.898e-01+5.822e-03i, |S[1][1]| = -8.909e-02, arg(S[1][1]) = +3.370e-01

It 731/1751: ω/2π = 2.446e+00 GHz (total elapsed time = 2.31e+02 s)

 Sol. ||E|| = 3.852789e+01
 Field energy E (9.490e-11 J) + H (9.526e-11 J) = 1.902e-10 J
 S[1][1] = +9.897e-01+5.693e-03i, |S[1][1]| = -9.021e-02, arg(S[1][1]) = +3.296e-01

It 732/1751: ω/2π = 2.446e+00 GHz (total elapsed time = 2.31e+02 s)

 Sol. ||E|| = 3.853419e+01
 Field energy E (9.574e-11 J) + H (9.609e-11 J) = 1.918e-10 J
 S[1][1] = +9.895e-01+5.565e-03i, |S[1][1]| = -9.134e-02, arg(S[1][1]) = +3.222e-01

It 733/1751: ω/2π = 2.446e+00 GHz (total elapsed time = 2.31e+02 s)

 Sol. ||E|| = 3.854062e+01
 Field energy E (9.659e-11 J) + H (9.693e-11 J) = 1.935e-10 J
 S[1][1] = +9.894e-01+5.439e-03i, |S[1][1]| = -9.251e-02, arg(S[1][1]) = +3.150e-01

It 734/1751: ω/2π = 2.447e+00 GHz (total elapsed time = 2.31e+02 s)

 Sol. ||E|| = 3.854720e+01
 Field energy E (9.746e-11 J) + H (9.779e-11 J) = 1.952e-10 J
 S[1][1] = +9.893e-01+5.315e-03i, |S[1][1]| = -9.369e-02, arg(S[1][1]) = +3.078e-01

It 735/1751: ω/2π = 2.447e+00 GHz (total elapsed time = 2.31e+02 s)

 Sol. ||E|| = 3.855393e+01
 Field energy E (9.834e-11 J) + H (9.867e-11 J) = 1.970e-10 J
 S[1][1] = +9.891e-01+5.193e-03i, |S[1][1]| = -9.490e-02, arg(S[1][1]) = +3.008e-01

It 736/1751: ω/2π = 2.447e+00 GHz (total elapsed time = 2.31e+02 s)

 Sol. ||E|| = 3.856080e+01
 Field energy E (9.925e-11 J) + H (9.957e-11 J) = 1.988e-10 J
 S[1][1] = +9.890e-01+5.072e-03i, |S[1][1]| = -9.613e-02, arg(S[1][1]) = +2.938e-01

It 737/1751: ω/2π = 2.447e+00 GHz (total elapsed time = 2.31e+02 s)

 Sol. ||E|| = 3.856782e+01
 Field energy E (1.002e-10 J) + H (1.005e-10 J) = 2.007e-10 J
 S[1][1] = +9.888e-01+4.953e-03i, |S[1][1]| = -9.739e-02, arg(S[1][1]) = +2.870e-01

It 738/1751: ω/2π = 2.447e+00 GHz (total elapsed time = 2.31e+02 s)

 Sol. ||E|| = 3.857499e+01
 Field energy E (1.011e-10 J) + H (1.014e-10 J) = 2.025e-10 J
 S[1][1] = +9.887e-01+4.836e-03i, |S[1][1]| = -9.868e-02, arg(S[1][1]) = +2.803e-01

It 739/1751: ω/2π = 2.448e+00 GHz (total elapsed time = 2.31e+02 s)

 Sol. ||E|| = 3.858231e+01
 Field energy E (1.021e-10 J) + H (1.024e-10 J) = 2.044e-10 J
 S[1][1] = +9.885e-01+4.721e-03i, |S[1][1]| = -9.998e-02, arg(S[1][1]) = +2.736e-01

It 740/1751: ω/2π = 2.448e+00 GHz (total elapsed time = 2.31e+02 s)

 Sol. ||E|| = 3.858978e+01
 Field energy E (1.030e-10 J) + H (1.033e-10 J) = 2.064e-10 J
 S[1][1] = +9.884e-01+4.609e-03i, |S[1][1]| = -1.013e-01, arg(S[1][1]) = +2.672e-01

It 741/1751: ω/2π = 2.448e+00 GHz (total elapsed time = 2.31e+02 s)

 Sol. ||E|| = 3.859741e+01
 Field energy E (1.040e-10 J) + H (1.043e-10 J) = 2.084e-10 J
 S[1][1] = +9.882e-01+4.499e-03i, |S[1][1]| = -1.027e-01, arg(S[1][1]) = +2.608e-01

It 742/1751: ω/2π = 2.448e+00 GHz (total elapsed time = 2.31e+02 s)

 Sol. ||E|| = 3.860519e+01
 Field energy E (1.051e-10 J) + H (1.053e-10 J) = 2.104e-10 J
 S[1][1] = +9.881e-01+4.391e-03i, |S[1][1]| = -1.041e-01, arg(S[1][1]) = +2.546e-01

It 743/1751: ω/2π = 2.448e+00 GHz (total elapsed time = 2.31e+02 s)

 Sol. ||E|| = 3.861313e+01
 Field energy E (1.061e-10 J) + H (1.063e-10 J) = 2.124e-10 J
 S[1][1] = +9.879e-01+4.286e-03i, |S[1][1]| = -1.055e-01, arg(S[1][1]) = +2.486e-01

It 744/1751: ω/2π = 2.449e+00 GHz (total elapsed time = 2.32e+02 s)

 Sol. ||E|| = 3.862122e+01
 Field energy E (1.071e-10 J) + H (1.074e-10 J) = 2.145e-10 J
 S[1][1] = +9.878e-01+4.184e-03i, |S[1][1]| = -1.069e-01, arg(S[1][1]) = +2.427e-01

It 745/1751: ω/2π = 2.449e+00 GHz (total elapsed time = 2.32e+02 s)

 Sol. ||E|| = 3.862947e+01
 Field energy E (1.082e-10 J) + H (1.085e-10 J) = 2.167e-10 J
 S[1][1] = +9.876e-01+4.084e-03i, |S[1][1]| = -1.084e-01, arg(S[1][1]) = +2.369e-01

It 746/1751: ω/2π = 2.449e+00 GHz (total elapsed time = 2.32e+02 s)

 Sol. ||E|| = 3.863788e+01
 Field energy E (1.093e-10 J) + H (1.095e-10 J) = 2.188e-10 J
 S[1][1] = +9.874e-01+3.988e-03i, |S[1][1]| = -1.098e-01, arg(S[1][1]) = +2.314e-01

It 747/1751: ω/2π = 2.449e+00 GHz (total elapsed time = 2.32e+02 s)

 Sol. ||E|| = 3.864645e+01
 Field energy E (1.104e-10 J) + H (1.106e-10 J) = 2.210e-10 J
 S[1][1] = +9.873e-01+3.894e-03i, |S[1][1]| = -1.114e-01, arg(S[1][1]) = +2.260e-01

It 748/1751: ω/2π = 2.449e+00 GHz (total elapsed time = 2.32e+02 s)

 Sol. ||E|| = 3.865518e+01
 Field energy E (1.115e-10 J) + H (1.118e-10 J) = 2.233e-10 J
 S[1][1] = +9.871e-01+3.804e-03i, |S[1][1]| = -1.129e-01, arg(S[1][1]) = +2.208e-01

It 749/1751: ω/2π = 2.450e+00 GHz (total elapsed time = 2.32e+02 s)

 Sol. ||E|| = 3.866407e+01
 Field energy E (1.127e-10 J) + H (1.129e-10 J) = 2.256e-10 J
 S[1][1] = +9.869e-01+3.718e-03i, |S[1][1]| = -1.145e-01, arg(S[1][1]) = +2.158e-01

It 750/1751: ω/2π = 2.450e+00 GHz (total elapsed time = 2.32e+02 s)

 Sol. ||E|| = 3.867311e+01
 Field energy E (1.138e-10 J) + H (1.140e-10 J) = 2.279e-10 J
 S[1][1] = +9.867e-01+3.635e-03i, |S[1][1]| = -1.160e-01, arg(S[1][1]) = +2.110e-01

It 751/1751: ω/2π = 2.450e+00 GHz (total elapsed time = 2.32e+02 s)

 Sol. ||E|| = 3.868231e+01
 Field energy E (1.150e-10 J) + H (1.152e-10 J) = 2.302e-10 J
 S[1][1] = +9.865e-01+3.555e-03i, |S[1][1]| = -1.177e-01, arg(S[1][1]) = +2.065e-01

It 752/1751: ω/2π = 2.450e+00 GHz (total elapsed time = 2.32e+02 s)

 Sol. ||E|| = 3.869167e+01
 Field energy E (1.162e-10 J) + H (1.164e-10 J) = 2.326e-10 J
 S[1][1] = +9.864e-01+3.480e-03i, |S[1][1]| = -1.193e-01, arg(S[1][1]) = +2.021e-01

It 753/1751: ω/2π = 2.450e+00 GHz (total elapsed time = 2.32e+02 s)

 Sol. ||E|| = 3.870118e+01
 Field energy E (1.174e-10 J) + H (1.176e-10 J) = 2.350e-10 J
 S[1][1] = +9.862e-01+3.409e-03i, |S[1][1]| = -1.210e-01, arg(S[1][1]) = +1.980e-01

It 754/1751: ω/2π = 2.451e+00 GHz (total elapsed time = 2.32e+02 s)

 Sol. ||E|| = 3.871084e+01
 Field energy E (1.186e-10 J) + H (1.188e-10 J) = 2.375e-10 J
 S[1][1] = +9.860e-01+3.341e-03i, |S[1][1]| = -1.226e-01, arg(S[1][1]) = +1.942e-01

It 755/1751: ω/2π = 2.451e+00 GHz (total elapsed time = 2.32e+02 s)

 Sol. ||E|| = 3.872066e+01
 Field energy E (1.199e-10 J) + H (1.201e-10 J) = 2.400e-10 J
 S[1][1] = +9.858e-01+3.279e-03i, |S[1][1]| = -1.243e-01, arg(S[1][1]) = +1.906e-01

It 756/1751: ω/2π = 2.451e+00 GHz (total elapsed time = 2.32e+02 s)

 Sol. ||E|| = 3.873062e+01
 Field energy E (1.212e-10 J) + H (1.213e-10 J) = 2.425e-10 J
 S[1][1] = +9.856e-01+3.221e-03i, |S[1][1]| = -1.261e-01, arg(S[1][1]) = +1.872e-01

It 757/1751: ω/2π = 2.451e+00 GHz (total elapsed time = 2.32e+02 s)

 Sol. ||E|| = 3.874073e+01
 Field energy E (1.224e-10 J) + H (1.226e-10 J) = 2.451e-10 J
 S[1][1] = +9.854e-01+3.168e-03i, |S[1][1]| = -1.278e-01, arg(S[1][1]) = +1.842e-01

It 758/1751: ω/2π = 2.451e+00 GHz (total elapsed time = 2.32e+02 s)

 Sol. ||E|| = 3.875098e+01
 Field energy E (1.237e-10 J) + H (1.239e-10 J) = 2.476e-10 J
 S[1][1] = +9.852e-01+3.119e-03i, |S[1][1]| = -1.296e-01, arg(S[1][1]) = +1.814e-01

It 759/1751: ω/2π = 2.452e+00 GHz (total elapsed time = 2.32e+02 s)

 Sol. ||E|| = 3.876136e+01
 Field energy E (1.250e-10 J) + H (1.252e-10 J) = 2.503e-10 J
 S[1][1] = +9.850e-01+3.076e-03i, |S[1][1]| = -1.314e-01, arg(S[1][1]) = +1.789e-01

It 760/1751: ω/2π = 2.452e+00 GHz (total elapsed time = 2.32e+02 s)

 Sol. ||E|| = 3.877188e+01
 Field energy E (1.264e-10 J) + H (1.265e-10 J) = 2.529e-10 J
 S[1][1] = +9.848e-01+3.038e-03i, |S[1][1]| = -1.332e-01, arg(S[1][1]) = +1.768e-01

It 761/1751: ω/2π = 2.452e+00 GHz (total elapsed time = 2.33e+02 s)

 Sol. ||E|| = 3.878252e+01
 Field energy E (1.277e-10 J) + H (1.279e-10 J) = 2.556e-10 J
 S[1][1] = +9.846e-01+3.006e-03i, |S[1][1]| = -1.351e-01, arg(S[1][1]) = +1.749e-01

It 762/1751: ω/2π = 2.452e+00 GHz (total elapsed time = 2.33e+02 s)

 Sol. ||E|| = 3.879329e+01
 Field energy E (1.290e-10 J) + H (1.292e-10 J) = 2.583e-10 J
 S[1][1] = +9.844e-01+2.980e-03i, |S[1][1]| = -1.369e-01, arg(S[1][1]) = +1.734e-01

It 763/1751: ω/2π = 2.452e+00 GHz (total elapsed time = 2.33e+02 s)

 Sol. ||E|| = 3.880417e+01
 Field energy E (1.304e-10 J) + H (1.306e-10 J) = 2.610e-10 J
 S[1][1] = +9.841e-01+2.959e-03i, |S[1][1]| = -1.388e-01, arg(S[1][1]) = +1.723e-01

It 764/1751: ω/2π = 2.453e+00 GHz (total elapsed time = 2.33e+02 s)

 Sol. ||E|| = 3.881516e+01
 Field energy E (1.318e-10 J) + H (1.320e-10 J) = 2.637e-10 J
 S[1][1] = +9.839e-01+2.945e-03i, |S[1][1]| = -1.407e-01, arg(S[1][1]) = +1.715e-01

It 765/1751: ω/2π = 2.453e+00 GHz (total elapsed time = 2.33e+02 s)

 Sol. ||E|| = 3.882625e+01
 Field energy E (1.332e-10 J) + H (1.333e-10 J) = 2.665e-10 J
 S[1][1] = +9.837e-01+2.937e-03i, |S[1][1]| = -1.426e-01, arg(S[1][1]) = +1.710e-01

It 766/1751: ω/2π = 2.453e+00 GHz (total elapsed time = 2.33e+02 s)

 Sol. ||E|| = 3.883743e+01
 Field energy E (1.345e-10 J) + H (1.347e-10 J) = 2.693e-10 J
 S[1][1] = +9.835e-01+2.935e-03i, |S[1][1]| = -1.445e-01, arg(S[1][1]) = +1.710e-01

It 767/1751: ω/2π = 2.453e+00 GHz (total elapsed time = 2.33e+02 s)

 Sol. ||E|| = 3.884869e+01
 Field energy E (1.359e-10 J) + H (1.361e-10 J) = 2.721e-10 J
 S[1][1] = +9.833e-01+2.940e-03i, |S[1][1]| = -1.464e-01, arg(S[1][1]) = +1.713e-01

It 768/1751: ω/2π = 2.453e+00 GHz (total elapsed time = 2.33e+02 s)

 Sol. ||E|| = 3.886003e+01
 Field energy E (1.373e-10 J) + H (1.375e-10 J) = 2.749e-10 J
 S[1][1] = +9.831e-01+2.952e-03i, |S[1][1]| = -1.483e-01, arg(S[1][1]) = +1.720e-01

It 769/1751: ω/2π = 2.454e+00 GHz (total elapsed time = 2.33e+02 s)

 Sol. ||E|| = 3.887143e+01
 Field energy E (1.387e-10 J) + H (1.389e-10 J) = 2.777e-10 J
 S[1][1] = +9.828e-01+2.971e-03i, |S[1][1]| = -1.503e-01, arg(S[1][1]) = +1.732e-01

It 770/1751: ω/2π = 2.454e+00 GHz (total elapsed time = 2.33e+02 s)

 Sol. ||E|| = 3.888288e+01
 Field energy E (1.402e-10 J) + H (1.403e-10 J) = 2.805e-10 J
 S[1][1] = +9.826e-01+2.997e-03i, |S[1][1]| = -1.522e-01, arg(S[1][1]) = +1.748e-01

It 771/1751: ω/2π = 2.454e+00 GHz (total elapsed time = 2.33e+02 s)

 Sol. ||E|| = 3.889437e+01
 Field energy E (1.416e-10 J) + H (1.417e-10 J) = 2.833e-10 J
 S[1][1] = +9.824e-01+3.031e-03i, |S[1][1]| = -1.542e-01, arg(S[1][1]) = +1.767e-01

It 772/1751: ω/2π = 2.454e+00 GHz (total elapsed time = 2.33e+02 s)

 Sol. ||E|| = 3.890588e+01
 Field energy E (1.430e-10 J) + H (1.432e-10 J) = 2.861e-10 J
 S[1][1] = +9.822e-01+3.072e-03i, |S[1][1]| = -1.561e-01, arg(S[1][1]) = +1.792e-01

It 773/1751: ω/2π = 2.454e+00 GHz (total elapsed time = 2.33e+02 s)

 Sol. ||E|| = 3.891741e+01
 Field energy E (1.444e-10 J) + H (1.446e-10 J) = 2.889e-10 J
 S[1][1] = +9.820e-01+3.120e-03i, |S[1][1]| = -1.580e-01, arg(S[1][1]) = +1.821e-01

It 774/1751: ω/2π = 2.455e+00 GHz (total elapsed time = 2.33e+02 s)

 Sol. ||E|| = 3.892893e+01
 Field energy E (1.458e-10 J) + H (1.460e-10 J) = 2.917e-10 J
 S[1][1] = +9.817e-01+3.177e-03i, |S[1][1]| = -1.600e-01, arg(S[1][1]) = +1.854e-01

It 775/1751: ω/2π = 2.455e+00 GHz (total elapsed time = 2.33e+02 s)

 Sol. ||E|| = 3.894044e+01
 Field energy E (1.472e-10 J) + H (1.474e-10 J) = 2.945e-10 J
 S[1][1] = +9.815e-01+3.242e-03i, |S[1][1]| = -1.619e-01, arg(S[1][1]) = +1.892e-01

It 776/1751: ω/2π = 2.455e+00 GHz (total elapsed time = 2.33e+02 s)

 Sol. ||E|| = 3.895192e+01
 Field energy E (1.485e-10 J) + H (1.487e-10 J) = 2.973e-10 J
 S[1][1] = +9.813e-01+3.314e-03i, |S[1][1]| = -1.638e-01, arg(S[1][1]) = +1.935e-01

It 777/1751: ω/2π = 2.455e+00 GHz (total elapsed time = 2.33e+02 s)

 Sol. ||E|| = 3.896334e+01
 Field energy E (1.499e-10 J) + H (1.501e-10 J) = 3.000e-10 J
 S[1][1] = +9.811e-01+3.395e-03i, |S[1][1]| = -1.657e-01, arg(S[1][1]) = +1.983e-01

It 778/1751: ω/2π = 2.455e+00 GHz (total elapsed time = 2.34e+02 s)

 Sol. ||E|| = 3.897470e+01
 Field energy E (1.513e-10 J) + H (1.515e-10 J) = 3.028e-10 J
 S[1][1] = +9.809e-01+3.484e-03i, |S[1][1]| = -1.676e-01, arg(S[1][1]) = +2.035e-01

It 779/1751: ω/2π = 2.456e+00 GHz (total elapsed time = 2.34e+02 s)

 Sol. ||E|| = 3.898597e+01
 Field energy E (1.526e-10 J) + H (1.528e-10 J) = 3.055e-10 J
 S[1][1] = +9.807e-01+3.581e-03i, |S[1][1]| = -1.695e-01, arg(S[1][1]) = +2.092e-01

It 780/1751: ω/2π = 2.456e+00 GHz (total elapsed time = 2.34e+02 s)

 Sol. ||E|| = 3.899714e+01
 Field energy E (1.539e-10 J) + H (1.542e-10 J) = 3.081e-10 J
 S[1][1] = +9.805e-01+3.687e-03i, |S[1][1]| = -1.713e-01, arg(S[1][1]) = +2.154e-01

It 781/1751: ω/2π = 2.456e+00 GHz (total elapsed time = 2.34e+02 s)

 Sol. ||E|| = 3.900818e+01
 Field energy E (1.552e-10 J) + H (1.555e-10 J) = 3.107e-10 J
 S[1][1] = +9.803e-01+3.801e-03i, |S[1][1]| = -1.731e-01, arg(S[1][1]) = +2.222e-01

It 782/1751: ω/2π = 2.456e+00 GHz (total elapsed time = 2.34e+02 s)

 Sol. ||E|| = 3.901908e+01
 Field energy E (1.565e-10 J) + H (1.568e-10 J) = 3.133e-10 J
 S[1][1] = +9.801e-01+3.923e-03i, |S[1][1]| = -1.749e-01, arg(S[1][1]) = +2.293e-01

It 783/1751: ω/2π = 2.456e+00 GHz (total elapsed time = 2.34e+02 s)

 Sol. ||E|| = 3.902981e+01
 Field energy E (1.578e-10 J) + H (1.580e-10 J) = 3.158e-10 J
 S[1][1] = +9.799e-01+4.054e-03i, |S[1][1]| = -1.766e-01, arg(S[1][1]) = +2.370e-01

It 784/1751: ω/2π = 2.457e+00 GHz (total elapsed time = 2.34e+02 s)

 Sol. ||E|| = 3.904036e+01
 Field energy E (1.590e-10 J) + H (1.593e-10 J) = 3.183e-10 J
 S[1][1] = +9.797e-01+4.193e-03i, |S[1][1]| = -1.783e-01, arg(S[1][1]) = +2.452e-01

It 785/1751: ω/2π = 2.457e+00 GHz (total elapsed time = 2.34e+02 s)

 Sol. ||E|| = 3.905070e+01
 Field energy E (1.602e-10 J) + H (1.605e-10 J) = 3.207e-10 J
 S[1][1] = +9.795e-01+4.340e-03i, |S[1][1]| = -1.800e-01, arg(S[1][1]) = +2.539e-01

It 786/1751: ω/2π = 2.457e+00 GHz (total elapsed time = 2.34e+02 s)

 Sol. ||E|| = 3.906081e+01
 Field energy E (1.614e-10 J) + H (1.616e-10 J) = 3.230e-10 J
 S[1][1] = +9.793e-01+4.495e-03i, |S[1][1]| = -1.816e-01, arg(S[1][1]) = +2.630e-01

It 787/1751: ω/2π = 2.457e+00 GHz (total elapsed time = 2.34e+02 s)

 Sol. ||E|| = 3.907067e+01
 Field energy E (1.625e-10 J) + H (1.628e-10 J) = 3.252e-10 J
 S[1][1] = +9.791e-01+4.658e-03i, |S[1][1]| = -1.832e-01, arg(S[1][1]) = +2.726e-01

It 788/1751: ω/2π = 2.457e+00 GHz (total elapsed time = 2.34e+02 s)

 Sol. ||E|| = 3.908026e+01
 Field energy E (1.636e-10 J) + H (1.639e-10 J) = 3.274e-10 J
 S[1][1] = +9.789e-01+4.829e-03i, |S[1][1]| = -1.847e-01, arg(S[1][1]) = +2.827e-01

It 789/1751: ω/2π = 2.458e+00 GHz (total elapsed time = 2.34e+02 s)

 Sol. ||E|| = 3.908955e+01
 Field energy E (1.646e-10 J) + H (1.649e-10 J) = 3.295e-10 J
 S[1][1] = +9.788e-01+5.008e-03i, |S[1][1]| = -1.862e-01, arg(S[1][1]) = +2.932e-01

It 790/1751: ω/2π = 2.458e+00 GHz (total elapsed time = 2.34e+02 s)

 Sol. ||E|| = 3.909853e+01
 Field energy E (1.656e-10 J) + H (1.659e-10 J) = 3.315e-10 J
 S[1][1] = +9.786e-01+5.194e-03i, |S[1][1]| = -1.876e-01, arg(S[1][1]) = +3.041e-01

It 791/1751: ω/2π = 2.458e+00 GHz (total elapsed time = 2.34e+02 s)

 Sol. ||E|| = 3.910717e+01
 Field energy E (1.665e-10 J) + H (1.669e-10 J) = 3.334e-10 J
 S[1][1] = +9.785e-01+5.388e-03i, |S[1][1]| = -1.889e-01, arg(S[1][1]) = +3.155e-01

It 792/1751: ω/2π = 2.458e+00 GHz (total elapsed time = 2.34e+02 s)

 Sol. ||E|| = 3.911545e+01
 Field energy E (1.674e-10 J) + H (1.678e-10 J) = 3.352e-10 J
 S[1][1] = +9.783e-01+5.588e-03i, |S[1][1]| = -1.901e-01, arg(S[1][1]) = +3.273e-01

It 793/1751: ω/2π = 2.458e+00 GHz (total elapsed time = 2.34e+02 s)

 Sol. ||E|| = 3.912335e+01
 Field energy E (1.683e-10 J) + H (1.686e-10 J) = 3.369e-10 J
 S[1][1] = +9.782e-01+5.795e-03i, |S[1][1]| = -1.913e-01, arg(S[1][1]) = +3.394e-01

It 794/1751: ω/2π = 2.459e+00 GHz (total elapsed time = 2.34e+02 s)

 Sol. ||E|| = 3.913085e+01
 Field energy E (1.691e-10 J) + H (1.694e-10 J) = 3.385e-10 J
 S[1][1] = +9.781e-01+6.008e-03i, |S[1][1]| = -1.924e-01, arg(S[1][1]) = +3.520e-01

It 795/1751: ω/2π = 2.459e+00 GHz (total elapsed time = 2.35e+02 s)

 Sol. ||E|| = 3.913794e+01
 Field energy E (1.698e-10 J) + H (1.702e-10 J) = 3.399e-10 J
 S[1][1] = +9.780e-01+6.228e-03i, |S[1][1]| = -1.935e-01, arg(S[1][1]) = +3.648e-01

It 796/1751: ω/2π = 2.459e+00 GHz (total elapsed time = 2.35e+02 s)

 Sol. ||E|| = 3.914458e+01
 Field energy E (1.704e-10 J) + H (1.708e-10 J) = 3.413e-10 J
 S[1][1] = +9.778e-01+6.452e-03i, |S[1][1]| = -1.944e-01, arg(S[1][1]) = +3.781e-01

It 797/1751: ω/2π = 2.459e+00 GHz (total elapsed time = 2.35e+02 s)

 Sol. ||E|| = 3.915077e+01
 Field energy E (1.711e-10 J) + H (1.715e-10 J) = 3.425e-10 J
 S[1][1] = +9.777e-01+6.682e-03i, |S[1][1]| = -1.953e-01, arg(S[1][1]) = +3.916e-01

It 798/1751: ω/2π = 2.459e+00 GHz (total elapsed time = 2.35e+02 s)

 Sol. ||E|| = 3.915648e+01
 Field energy E (1.716e-10 J) + H (1.720e-10 J) = 3.436e-10 J
 S[1][1] = +9.777e-01+6.917e-03i, |S[1][1]| = -1.960e-01, arg(S[1][1]) = +4.054e-01

It 799/1751: ω/2π = 2.460e+00 GHz (total elapsed time = 2.35e+02 s)

 Sol. ||E|| = 3.916171e+01
 Field energy E (1.721e-10 J) + H (1.725e-10 J) = 3.446e-10 J
 S[1][1] = +9.776e-01+7.156e-03i, |S[1][1]| = -1.967e-01, arg(S[1][1]) = +4.194e-01

It 800/1751: ω/2π = 2.460e+00 GHz (total elapsed time = 2.35e+02 s)

 Sol. ||E|| = 3.916644e+01
 Field energy E (1.725e-10 J) + H (1.729e-10 J) = 3.454e-10 J
 S[1][1] = +9.775e-01+7.398e-03i, |S[1][1]| = -1.973e-01, arg(S[1][1]) = +4.336e-01

It 801/1751: ω/2π = 2.460e+00 GHz (total elapsed time = 2.35e+02 s)

 Sol. ||E|| = 3.917065e+01
 Field energy E (1.728e-10 J) + H (1.733e-10 J) = 3.461e-10 J
 S[1][1] = +9.775e-01+7.644e-03i, |S[1][1]| = -1.978e-01, arg(S[1][1]) = +4.481e-01

It 802/1751: ω/2π = 2.460e+00 GHz (total elapsed time = 2.35e+02 s)

 Sol. ||E|| = 3.917433e+01
 Field energy E (1.731e-10 J) + H (1.736e-10 J) = 3.466e-10 J
 S[1][1] = +9.774e-01+7.893e-03i, |S[1][1]| = -1.982e-01, arg(S[1][1]) = +4.627e-01

It 803/1751: ω/2π = 2.460e+00 GHz (total elapsed time = 2.35e+02 s)

 Sol. ||E|| = 3.917748e+01
 Field energy E (1.733e-10 J) + H (1.738e-10 J) = 3.471e-10 J
 S[1][1] = +9.774e-01+8.144e-03i, |S[1][1]| = -1.985e-01, arg(S[1][1]) = +4.774e-01

It 804/1751: ω/2π = 2.461e+00 GHz (total elapsed time = 2.35e+02 s)

 Sol. ||E|| = 3.918008e+01
 Field energy E (1.734e-10 J) + H (1.739e-10 J) = 3.473e-10 J
 S[1][1] = +9.774e-01+8.397e-03i, |S[1][1]| = -1.987e-01, arg(S[1][1]) = +4.922e-01

It 805/1751: ω/2π = 2.461e+00 GHz (total elapsed time = 2.35e+02 s)

 Sol. ||E|| = 3.918214e+01
 Field energy E (1.734e-10 J) + H (1.740e-10 J) = 3.474e-10 J
 S[1][1] = +9.773e-01+8.650e-03i, |S[1][1]| = -1.988e-01, arg(S[1][1]) = +5.071e-01

It 806/1751: ω/2π = 2.461e+00 GHz (total elapsed time = 2.35e+02 s)

 Sol. ||E|| = 3.918363e+01
 Field energy E (1.734e-10 J) + H (1.740e-10 J) = 3.474e-10 J
 S[1][1] = +9.773e-01+8.905e-03i, |S[1][1]| = -1.987e-01, arg(S[1][1]) = +5.220e-01

It 807/1751: ω/2π = 2.461e+00 GHz (total elapsed time = 2.35e+02 s)

 Sol. ||E|| = 3.918457e+01
 Field energy E (1.733e-10 J) + H (1.739e-10 J) = 3.472e-10 J
 S[1][1] = +9.773e-01+9.159e-03i, |S[1][1]| = -1.986e-01, arg(S[1][1]) = +5.369e-01

It 808/1751: ω/2π = 2.461e+00 GHz (total elapsed time = 2.35e+02 s)

 Sol. ||E|| = 3.918495e+01
 Field energy E (1.732e-10 J) + H (1.738e-10 J) = 3.469e-10 J
 S[1][1] = +9.774e-01+9.413e-03i, |S[1][1]| = -1.984e-01, arg(S[1][1]) = +5.518e-01

It 809/1751: ω/2π = 2.462e+00 GHz (total elapsed time = 2.35e+02 s)

 Sol. ||E|| = 3.918478e+01
 Field energy E (1.729e-10 J) + H (1.735e-10 J) = 3.465e-10 J
 S[1][1] = +9.774e-01+9.666e-03i, |S[1][1]| = -1.981e-01, arg(S[1][1]) = +5.666e-01

It 810/1751: ω/2π = 2.462e+00 GHz (total elapsed time = 2.35e+02 s)

 Sol. ||E|| = 3.918404e+01
 Field energy E (1.726e-10 J) + H (1.732e-10 J) = 3.459e-10 J
 S[1][1] = +9.774e-01+9.918e-03i, |S[1][1]| = -1.977e-01, arg(S[1][1]) = +5.813e-01

It 811/1751: ω/2π = 2.462e+00 GHz (total elapsed time = 2.36e+02 s)

 Sol. ||E|| = 3.918275e+01
 Field energy E (1.722e-10 J) + H (1.729e-10 J) = 3.451e-10 J
 S[1][1] = +9.775e-01+1.017e-02i, |S[1][1]| = -1.972e-01, arg(S[1][1]) = +5.959e-01

It 812/1751: ω/2π = 2.462e+00 GHz (total elapsed time = 2.36e+02 s)

 Sol. ||E|| = 3.918092e+01
 Field energy E (1.718e-10 J) + H (1.725e-10 J) = 3.442e-10 J
 S[1][1] = +9.776e-01+1.041e-02i, |S[1][1]| = -1.966e-01, arg(S[1][1]) = +6.103e-01

It 813/1751: ω/2π = 2.462e+00 GHz (total elapsed time = 2.36e+02 s)

 Sol. ||E|| = 3.917854e+01
 Field energy E (1.713e-10 J) + H (1.719e-10 J) = 3.432e-10 J
 S[1][1] = +9.776e-01+1.066e-02i, |S[1][1]| = -1.959e-01, arg(S[1][1]) = +6.246e-01

It 814/1751: ω/2π = 2.463e+00 GHz (total elapsed time = 2.36e+02 s)

 Sol. ||E|| = 3.917564e+01
 Field energy E (1.707e-10 J) + H (1.714e-10 J) = 3.421e-10 J
 S[1][1] = +9.777e-01+1.090e-02i, |S[1][1]| = -1.951e-01, arg(S[1][1]) = +6.386e-01

It 815/1751: ω/2π = 2.463e+00 GHz (total elapsed time = 2.36e+02 s)

 Sol. ||E|| = 3.917221e+01
 Field energy E (1.700e-10 J) + H (1.707e-10 J) = 3.408e-10 J
 S[1][1] = +9.778e-01+1.113e-02i, |S[1][1]| = -1.943e-01, arg(S[1][1]) = +6.523e-01

It 816/1751: ω/2π = 2.463e+00 GHz (total elapsed time = 2.36e+02 s)

 Sol. ||E|| = 3.916828e+01
 Field energy E (1.693e-10 J) + H (1.701e-10 J) = 3.394e-10 J
 S[1][1] = +9.779e-01+1.136e-02i, |S[1][1]| = -1.933e-01, arg(S[1][1]) = +6.658e-01

It 817/1751: ω/2π = 2.463e+00 GHz (total elapsed time = 2.36e+02 s)

 Sol. ||E|| = 3.916385e+01
 Field energy E (1.686e-10 J) + H (1.693e-10 J) = 3.379e-10 J
 S[1][1] = +9.780e-01+1.159e-02i, |S[1][1]| = -1.922e-01, arg(S[1][1]) = +6.789e-01

It 818/1751: ω/2π = 2.463e+00 GHz (total elapsed time = 2.36e+02 s)

 Sol. ||E|| = 3.915895e+01
 Field energy E (1.677e-10 J) + H (1.685e-10 J) = 3.362e-10 J
 S[1][1] = +9.782e-01+1.181e-02i, |S[1][1]| = -1.911e-01, arg(S[1][1]) = +6.918e-01

It 819/1751: ω/2π = 2.464e+00 GHz (total elapsed time = 2.36e+02 s)

 Sol. ||E|| = 3.915357e+01
 Field energy E (1.668e-10 J) + H (1.676e-10 J) = 3.344e-10 J
 S[1][1] = +9.783e-01+1.203e-02i, |S[1][1]| = -1.899e-01, arg(S[1][1]) = +7.043e-01

It 820/1751: ω/2π = 2.464e+00 GHz (total elapsed time = 2.36e+02 s)

 Sol. ||E|| = 3.914775e+01
 Field energy E (1.659e-10 J) + H (1.667e-10 J) = 3.326e-10 J
 S[1][1] = +9.784e-01+1.223e-02i, |S[1][1]| = -1.886e-01, arg(S[1][1]) = +7.164e-01

It 821/1751: ω/2π = 2.464e+00 GHz (total elapsed time = 2.36e+02 s)

 Sol. ||E|| = 3.914150e+01
 Field energy E (1.649e-10 J) + H (1.657e-10 J) = 3.306e-10 J
 S[1][1] = +9.786e-01+1.244e-02i, |S[1][1]| = -1.873e-01, arg(S[1][1]) = +7.281e-01

It 822/1751: ω/2π = 2.464e+00 GHz (total elapsed time = 2.36e+02 s)

 Sol. ||E|| = 3.913483e+01
 Field energy E (1.639e-10 J) + H (1.647e-10 J) = 3.285e-10 J
 S[1][1] = +9.788e-01+1.263e-02i, |S[1][1]| = -1.858e-01, arg(S[1][1]) = +7.395e-01

It 823/1751: ω/2π = 2.464e+00 GHz (total elapsed time = 2.36e+02 s)

 Sol. ||E|| = 3.912777e+01
 Field energy E (1.628e-10 J) + H (1.636e-10 J) = 3.263e-10 J
 S[1][1] = +9.789e-01+1.282e-02i, |S[1][1]| = -1.844e-01, arg(S[1][1]) = +7.504e-01

It 824/1751: ω/2π = 2.465e+00 GHz (total elapsed time = 2.36e+02 s)

 Sol. ||E|| = 3.912034e+01
 Field energy E (1.616e-10 J) + H (1.625e-10 J) = 3.241e-10 J
 S[1][1] = +9.791e-01+1.300e-02i, |S[1][1]| = -1.828e-01, arg(S[1][1]) = +7.609e-01

It 825/1751: ω/2π = 2.465e+00 GHz (total elapsed time = 2.36e+02 s)

 Sol. ||E|| = 3.911256e+01
 Field energy E (1.605e-10 J) + H (1.613e-10 J) = 3.217e-10 J
 S[1][1] = +9.793e-01+1.318e-02i, |S[1][1]| = -1.812e-01, arg(S[1][1]) = +7.709e-01

It 826/1751: ω/2π = 2.465e+00 GHz (total elapsed time = 2.36e+02 s)

 Sol. ||E|| = 3.910444e+01
 Field energy E (1.592e-10 J) + H (1.601e-10 J) = 3.193e-10 J
 S[1][1] = +9.795e-01+1.334e-02i, |S[1][1]| = -1.795e-01, arg(S[1][1]) = +7.805e-01

It 827/1751: ω/2π = 2.465e+00 GHz (total elapsed time = 2.36e+02 s)

 Sol. ||E|| = 3.909600e+01
 Field energy E (1.580e-10 J) + H (1.588e-10 J) = 3.168e-10 J
 S[1][1] = +9.796e-01+1.350e-02i, |S[1][1]| = -1.778e-01, arg(S[1][1]) = +7.896e-01

It 828/1751: ω/2π = 2.465e+00 GHz (total elapsed time = 2.37e+02 s)

 Sol. ||E|| = 3.908728e+01
 Field energy E (1.567e-10 J) + H (1.576e-10 J) = 3.143e-10 J
 S[1][1] = +9.798e-01+1.365e-02i, |S[1][1]| = -1.761e-01, arg(S[1][1]) = +7.983e-01

It 829/1751: ω/2π = 2.466e+00 GHz (total elapsed time = 2.37e+02 s)

 Sol. ||E|| = 3.907828e+01
 Field energy E (1.554e-10 J) + H (1.563e-10 J) = 3.117e-10 J
 S[1][1] = +9.800e-01+1.379e-02i, |S[1][1]| = -1.743e-01, arg(S[1][1]) = +8.064e-01

It 830/1751: ω/2π = 2.466e+00 GHz (total elapsed time = 2.37e+02 s)

 Sol. ||E|| = 3.906903e+01
 Field energy E (1.541e-10 J) + H (1.549e-10 J) = 3.090e-10 J
 S[1][1] = +9.802e-01+1.393e-02i, |S[1][1]| = -1.725e-01, arg(S[1][1]) = +8.141e-01

It 831/1751: ω/2π = 2.466e+00 GHz (total elapsed time = 2.37e+02 s)

 Sol. ||E|| = 3.905954e+01
 Field energy E (1.527e-10 J) + H (1.536e-10 J) = 3.063e-10 J
 S[1][1] = +9.805e-01+1.406e-02i, |S[1][1]| = -1.706e-01, arg(S[1][1]) = +8.213e-01

It 832/1751: ω/2π = 2.466e+00 GHz (total elapsed time = 2.37e+02 s)

 Sol. ||E|| = 3.904985e+01
 Field energy E (1.513e-10 J) + H (1.522e-10 J) = 3.035e-10 J
 S[1][1] = +9.807e-01+1.417e-02i, |S[1][1]| = -1.687e-01, arg(S[1][1]) = +8.281e-01

It 833/1751: ω/2π = 2.466e+00 GHz (total elapsed time = 2.37e+02 s)

 Sol. ||E|| = 3.903997e+01
 Field energy E (1.499e-10 J) + H (1.508e-10 J) = 3.007e-10 J
 S[1][1] = +9.809e-01+1.428e-02i, |S[1][1]| = -1.668e-01, arg(S[1][1]) = +8.343e-01

It 834/1751: ω/2π = 2.467e+00 GHz (total elapsed time = 2.37e+02 s)

 Sol. ||E|| = 3.902991e+01
 Field energy E (1.485e-10 J) + H (1.494e-10 J) = 2.979e-10 J
 S[1][1] = +9.811e-01+1.439e-02i, |S[1][1]| = -1.648e-01, arg(S[1][1]) = +8.401e-01

It 835/1751: ω/2π = 2.467e+00 GHz (total elapsed time = 2.37e+02 s)

 Sol. ||E|| = 3.901970e+01
 Field energy E (1.470e-10 J) + H (1.480e-10 J) = 2.950e-10 J
 S[1][1] = +9.813e-01+1.448e-02i, |S[1][1]| = -1.629e-01, arg(S[1][1]) = +8.454e-01

It 836/1751: ω/2π = 2.467e+00 GHz (total elapsed time = 2.37e+02 s)

 Sol. ||E|| = 3.900936e+01
 Field energy E (1.456e-10 J) + H (1.465e-10 J) = 2.921e-10 J
 S[1][1] = +9.815e-01+1.457e-02i, |S[1][1]| = -1.609e-01, arg(S[1][1]) = +8.502e-01

It 837/1751: ω/2π = 2.467e+00 GHz (total elapsed time = 2.37e+02 s)

 Sol. ||E|| = 3.899889e+01
 Field energy E (1.441e-10 J) + H (1.451e-10 J) = 2.892e-10 J
 S[1][1] = +9.818e-01+1.464e-02i, |S[1][1]| = -1.589e-01, arg(S[1][1]) = +8.546e-01

It 838/1751: ω/2π = 2.467e+00 GHz (total elapsed time = 2.37e+02 s)

 Sol. ||E|| = 3.898833e+01
 Field energy E (1.427e-10 J) + H (1.436e-10 J) = 2.863e-10 J
 S[1][1] = +9.820e-01+1.471e-02i, |S[1][1]| = -1.569e-01, arg(S[1][1]) = +8.585e-01

It 839/1751: ω/2π = 2.468e+00 GHz (total elapsed time = 2.37e+02 s)

 Sol. ||E|| = 3.897769e+01
 Field energy E (1.412e-10 J) + H (1.421e-10 J) = 2.833e-10 J
 S[1][1] = +9.822e-01+1.478e-02i, |S[1][1]| = -1.549e-01, arg(S[1][1]) = +8.620e-01

It 840/1751: ω/2π = 2.468e+00 GHz (total elapsed time = 2.37e+02 s)

 Sol. ||E|| = 3.896697e+01
 Field energy E (1.397e-10 J) + H (1.407e-10 J) = 2.804e-10 J
 S[1][1] = +9.824e-01+1.483e-02i, |S[1][1]| = -1.529e-01, arg(S[1][1]) = +8.650e-01

It 841/1751: ω/2π = 2.468e+00 GHz (total elapsed time = 2.37e+02 s)

 Sol. ||E|| = 3.895621e+01
 Field energy E (1.382e-10 J) + H (1.392e-10 J) = 2.774e-10 J
 S[1][1] = +9.827e-01+1.488e-02i, |S[1][1]| = -1.509e-01, arg(S[1][1]) = +8.675e-01

It 842/1751: ω/2π = 2.468e+00 GHz (total elapsed time = 2.37e+02 s)

 Sol. ||E|| = 3.894541e+01
 Field energy E (1.368e-10 J) + H (1.377e-10 J) = 2.745e-10 J
 S[1][1] = +9.829e-01+1.492e-02i, |S[1][1]| = -1.488e-01, arg(S[1][1]) = +8.697e-01

It 843/1751: ω/2π = 2.468e+00 GHz (total elapsed time = 2.37e+02 s)

 Sol. ||E|| = 3.893458e+01
 Field energy E (1.353e-10 J) + H (1.362e-10 J) = 2.715e-10 J
 S[1][1] = +9.831e-01+1.495e-02i, |S[1][1]| = -1.468e-01, arg(S[1][1]) = +8.714e-01

It 844/1751: ω/2π = 2.469e+00 GHz (total elapsed time = 2.37e+02 s)

 Sol. ||E|| = 3.892375e+01
 Field energy E (1.338e-10 J) + H (1.348e-10 J) = 2.686e-10 J
 S[1][1] = +9.833e-01+1.498e-02i, |S[1][1]| = -1.448e-01, arg(S[1][1]) = +8.727e-01

It 845/1751: ω/2π = 2.469e+00 GHz (total elapsed time = 2.38e+02 s)

 Sol. ||E|| = 3.891291e+01
 Field energy E (1.323e-10 J) + H (1.333e-10 J) = 2.656e-10 J
 S[1][1] = +9.836e-01+1.500e-02i, |S[1][1]| = -1.428e-01, arg(S[1][1]) = +8.736e-01

It 846/1751: ω/2π = 2.469e+00 GHz (total elapsed time = 2.38e+02 s)

 Sol. ||E|| = 3.890209e+01
 Field energy E (1.309e-10 J) + H (1.318e-10 J) = 2.627e-10 J
 S[1][1] = +9.838e-01+1.501e-02i, |S[1][1]| = -1.408e-01, arg(S[1][1]) = +8.742e-01

It 847/1751: ω/2π = 2.469e+00 GHz (total elapsed time = 2.38e+02 s)

 Sol. ||E|| = 3.889130e+01
 Field energy E (1.294e-10 J) + H (1.304e-10 J) = 2.598e-10 J
 S[1][1] = +9.840e-01+1.502e-02i, |S[1][1]| = -1.389e-01, arg(S[1][1]) = +8.743e-01

It 848/1751: ω/2π = 2.469e+00 GHz (total elapsed time = 2.38e+02 s)

 Sol. ||E|| = 3.888054e+01
 Field energy E (1.280e-10 J) + H (1.289e-10 J) = 2.569e-10 J
 S[1][1] = +9.842e-01+1.502e-02i, |S[1][1]| = -1.369e-01, arg(S[1][1]) = +8.741e-01

It 849/1751: ω/2π = 2.470e+00 GHz (total elapsed time = 2.38e+02 s)

 Sol. ||E|| = 3.886982e+01
 Field energy E (1.265e-10 J) + H (1.275e-10 J) = 2.540e-10 J
 S[1][1] = +9.845e-01+1.501e-02i, |S[1][1]| = -1.349e-01, arg(S[1][1]) = +8.736e-01

It 850/1751: ω/2π = 2.470e+00 GHz (total elapsed time = 2.38e+02 s)

 Sol. ||E|| = 3.885916e+01
 Field energy E (1.251e-10 J) + H (1.261e-10 J) = 2.512e-10 J
 S[1][1] = +9.847e-01+1.500e-02i, |S[1][1]| = -1.330e-01, arg(S[1][1]) = +8.727e-01

It 851/1751: ω/2π = 2.470e+00 GHz (total elapsed time = 2.38e+02 s)

 Sol. ||E|| = 3.884856e+01
 Field energy E (1.237e-10 J) + H (1.247e-10 J) = 2.484e-10 J
 S[1][1] = +9.849e-01+1.498e-02i, |S[1][1]| = -1.311e-01, arg(S[1][1]) = +8.715e-01

It 852/1751: ω/2π = 2.470e+00 GHz (total elapsed time = 2.38e+02 s)

 Sol. ||E|| = 3.883803e+01
 Field energy E (1.223e-10 J) + H (1.233e-10 J) = 2.456e-10 J
 S[1][1] = +9.851e-01+1.496e-02i, |S[1][1]| = -1.292e-01, arg(S[1][1]) = +8.699e-01

It 853/1751: ω/2π = 2.470e+00 GHz (total elapsed time = 2.38e+02 s)

 Sol. ||E|| = 3.882758e+01
 Field energy E (1.209e-10 J) + H (1.219e-10 J) = 2.428e-10 J
 S[1][1] = +9.853e-01+1.493e-02i, |S[1][1]| = -1.273e-01, arg(S[1][1]) = +8.681e-01

It 854/1751: ω/2π = 2.471e+00 GHz (total elapsed time = 2.38e+02 s)

 Sol. ||E|| = 3.881721e+01
 Field energy E (1.196e-10 J) + H (1.205e-10 J) = 2.401e-10 J
 S[1][1] = +9.855e-01+1.490e-02i, |S[1][1]| = -1.254e-01, arg(S[1][1]) = +8.659e-01

It 855/1751: ω/2π = 2.471e+00 GHz (total elapsed time = 2.38e+02 s)

 Sol. ||E|| = 3.880693e+01
 Field energy E (1.182e-10 J) + H (1.191e-10 J) = 2.373e-10 J
 S[1][1] = +9.858e-01+1.486e-02i, |S[1][1]| = -1.236e-01, arg(S[1][1]) = +8.635e-01

It 856/1751: ω/2π = 2.471e+00 GHz (total elapsed time = 2.38e+02 s)

 Sol. ||E|| = 3.879675e+01
 Field energy E (1.169e-10 J) + H (1.178e-10 J) = 2.347e-10 J
 S[1][1] = +9.860e-01+1.481e-02i, |S[1][1]| = -1.218e-01, arg(S[1][1]) = +8.608e-01

It 857/1751: ω/2π = 2.471e+00 GHz (total elapsed time = 2.38e+02 s)

 Sol. ||E|| = 3.878667e+01
 Field energy E (1.155e-10 J) + H (1.165e-10 J) = 2.320e-10 J
 S[1][1] = +9.862e-01+1.477e-02i, |S[1][1]| = -1.200e-01, arg(S[1][1]) = +8.578e-01

It 858/1751: ω/2π = 2.471e+00 GHz (total elapsed time = 2.38e+02 s)

 Sol. ||E|| = 3.877669e+01
 Field energy E (1.142e-10 J) + H (1.152e-10 J) = 2.294e-10 J
 S[1][1] = +9.864e-01+1.471e-02i, |S[1][1]| = -1.182e-01, arg(S[1][1]) = +8.546e-01

It 859/1751: ω/2π = 2.472e+00 GHz (total elapsed time = 2.38e+02 s)

 Sol. ||E|| = 3.876682e+01
 Field energy E (1.129e-10 J) + H (1.139e-10 J) = 2.268e-10 J
 S[1][1] = +9.866e-01+1.466e-02i, |S[1][1]| = -1.165e-01, arg(S[1][1]) = +8.511e-01

It 860/1751: ω/2π = 2.472e+00 GHz (total elapsed time = 2.38e+02 s)

 Sol. ||E|| = 3.875707e+01
 Field energy E (1.117e-10 J) + H (1.126e-10 J) = 2.243e-10 J
 S[1][1] = +9.868e-01+1.460e-02i, |S[1][1]| = -1.147e-01, arg(S[1][1]) = +8.474e-01

It 861/1751: ω/2π = 2.472e+00 GHz (total elapsed time = 2.38e+02 s)

 Sol. ||E|| = 3.874743e+01
 Field energy E (1.104e-10 J) + H (1.113e-10 J) = 2.217e-10 J
 S[1][1] = +9.870e-01+1.453e-02i, |S[1][1]| = -1.130e-01, arg(S[1][1]) = +8.435e-01

It 862/1751: ω/2π = 2.472e+00 GHz (total elapsed time = 2.39e+02 s)

 Sol. ||E|| = 3.873791e+01
 Field energy E (1.092e-10 J) + H (1.101e-10 J) = 2.193e-10 J
 S[1][1] = +9.872e-01+1.446e-02i, |S[1][1]| = -1.113e-01, arg(S[1][1]) = +8.393e-01

It 863/1751: ω/2π = 2.472e+00 GHz (total elapsed time = 2.39e+02 s)

 Sol. ||E|| = 3.872851e+01
 Field energy E (1.080e-10 J) + H (1.089e-10 J) = 2.168e-10 J
 S[1][1] = +9.873e-01+1.439e-02i, |S[1][1]| = -1.097e-01, arg(S[1][1]) = +8.350e-01

It 864/1751: ω/2π = 2.473e+00 GHz (total elapsed time = 2.39e+02 s)

 Sol. ||E|| = 3.871923e+01
 Field energy E (1.068e-10 J) + H (1.077e-10 J) = 2.144e-10 J
 S[1][1] = +9.875e-01+1.431e-02i, |S[1][1]| = -1.081e-01, arg(S[1][1]) = +8.305e-01

It 865/1751: ω/2π = 2.473e+00 GHz (total elapsed time = 2.39e+02 s)

 Sol. ||E|| = 3.871008e+01
 Field energy E (1.056e-10 J) + H (1.065e-10 J) = 2.120e-10 J
 S[1][1] = +9.877e-01+1.424e-02i, |S[1][1]| = -1.065e-01, arg(S[1][1]) = +8.258e-01

It 866/1751: ω/2π = 2.473e+00 GHz (total elapsed time = 2.39e+02 s)

 Sol. ||E|| = 3.870105e+01
 Field energy E (1.044e-10 J) + H (1.053e-10 J) = 2.097e-10 J
 S[1][1] = +9.879e-01+1.415e-02i, |S[1][1]| = -1.049e-01, arg(S[1][1]) = +8.209e-01

It 867/1751: ω/2π = 2.473e+00 GHz (total elapsed time = 2.39e+02 s)

 Sol. ||E|| = 3.869215e+01
 Field energy E (1.033e-10 J) + H (1.041e-10 J) = 2.074e-10 J
 S[1][1] = +9.881e-01+1.407e-02i, |S[1][1]| = -1.033e-01, arg(S[1][1]) = +8.158e-01

It 868/1751: ω/2π = 2.473e+00 GHz (total elapsed time = 2.39e+02 s)

 Sol. ||E|| = 3.868338e+01
 Field energy E (1.021e-10 J) + H (1.030e-10 J) = 2.051e-10 J
 S[1][1] = +9.882e-01+1.398e-02i, |S[1][1]| = -1.018e-01, arg(S[1][1]) = +8.106e-01

It 869/1751: ω/2π = 2.474e+00 GHz (total elapsed time = 2.39e+02 s)

 Sol. ||E|| = 3.867474e+01
 Field energy E (1.010e-10 J) + H (1.019e-10 J) = 2.029e-10 J
 S[1][1] = +9.884e-01+1.389e-02i, |S[1][1]| = -1.003e-01, arg(S[1][1]) = +8.053e-01

It 870/1751: ω/2π = 2.474e+00 GHz (total elapsed time = 2.39e+02 s)

 Sol. ||E|| = 3.866622e+01
 Field energy E (9.993e-11 J) + H (1.008e-10 J) = 2.007e-10 J
 S[1][1] = +9.886e-01+1.380e-02i, |S[1][1]| = -9.883e-02, arg(S[1][1]) = +7.998e-01

It 871/1751: ω/2π = 2.474e+00 GHz (total elapsed time = 2.39e+02 s)

 Sol. ||E|| = 3.865784e+01
 Field energy E (9.885e-11 J) + H (9.972e-11 J) = 1.986e-10 J
 S[1][1] = +9.888e-01+1.370e-02i, |S[1][1]| = -9.738e-02, arg(S[1][1]) = +7.941e-01

It 872/1751: ω/2π = 2.474e+00 GHz (total elapsed time = 2.39e+02 s)

 Sol. ||E|| = 3.864958e+01
 Field energy E (9.780e-11 J) + H (9.866e-11 J) = 1.965e-10 J
 S[1][1] = +9.889e-01+1.361e-02i, |S[1][1]| = -9.595e-02, arg(S[1][1]) = +7.883e-01

It 873/1751: ω/2π = 2.474e+00 GHz (total elapsed time = 2.39e+02 s)

 Sol. ||E|| = 3.864145e+01
 Field energy E (9.676e-11 J) + H (9.762e-11 J) = 1.944e-10 J
 S[1][1] = +9.891e-01+1.351e-02i, |S[1][1]| = -9.455e-02, arg(S[1][1]) = +7.824e-01

It 874/1751: ω/2π = 2.475e+00 GHz (total elapsed time = 2.39e+02 s)

 Sol. ||E|| = 3.863346e+01
 Field energy E (9.574e-11 J) + H (9.659e-11 J) = 1.923e-10 J
 S[1][1] = +9.892e-01+1.341e-02i, |S[1][1]| = -9.318e-02, arg(S[1][1]) = +7.764e-01

It 875/1751: ω/2π = 2.475e+00 GHz (total elapsed time = 2.39e+02 s)

 Sol. ||E|| = 3.862559e+01
 Field energy E (9.474e-11 J) + H (9.559e-11 J) = 1.903e-10 J
 S[1][1] = +9.894e-01+1.330e-02i, |S[1][1]| = -9.182e-02, arg(S[1][1]) = +7.703e-01

It 876/1751: ω/2π = 2.475e+00 GHz (total elapsed time = 2.39e+02 s)

 Sol. ||E|| = 3.861785e+01
 Field energy E (9.376e-11 J) + H (9.460e-11 J) = 1.884e-10 J
 S[1][1] = +9.895e-01+1.320e-02i, |S[1][1]| = -9.050e-02, arg(S[1][1]) = +7.641e-01

It 877/1751: ω/2π = 2.475e+00 GHz (total elapsed time = 2.39e+02 s)

 Sol. ||E|| = 3.861023e+01
 Field energy E (9.280e-11 J) + H (9.362e-11 J) = 1.864e-10 J
 S[1][1] = +9.897e-01+1.309e-02i, |S[1][1]| = -8.919e-02, arg(S[1][1]) = +7.578e-01

It 878/1751: ω/2π = 2.475e+00 GHz (total elapsed time = 2.39e+02 s)

 Sol. ||E|| = 3.860274e+01
 Field energy E (9.185e-11 J) + H (9.267e-11 J) = 1.845e-10 J
 S[1][1] = +9.898e-01+1.298e-02i, |S[1][1]| = -8.791e-02, arg(S[1][1]) = +7.514e-01

It 879/1751: ω/2π = 2.476e+00 GHz (total elapsed time = 2.40e+02 s)

 Sol. ||E|| = 3.859537e+01
 Field energy E (9.092e-11 J) + H (9.173e-11 J) = 1.826e-10 J
 S[1][1] = +9.900e-01+1.287e-02i, |S[1][1]| = -8.666e-02, arg(S[1][1]) = +7.449e-01

It 880/1751: ω/2π = 2.476e+00 GHz (total elapsed time = 2.40e+02 s)

 Sol. ||E|| = 3.858813e+01
 Field energy E (9.000e-11 J) + H (9.081e-11 J) = 1.808e-10 J
 S[1][1] = +9.901e-01+1.276e-02i, |S[1][1]| = -8.542e-02, arg(S[1][1]) = +7.383e-01

It 881/1751: ω/2π = 2.476e+00 GHz (total elapsed time = 2.40e+02 s)

 Sol. ||E|| = 3.858101e+01
 Field energy E (8.910e-11 J) + H (8.990e-11 J) = 1.790e-10 J
 S[1][1] = +9.903e-01+1.265e-02i, |S[1][1]| = -8.421e-02, arg(S[1][1]) = +7.317e-01

It 882/1751: ω/2π = 2.476e+00 GHz (total elapsed time = 2.40e+02 s)

 Sol. ||E|| = 3.857402e+01
 Field energy E (8.822e-11 J) + H (8.901e-11 J) = 1.772e-10 J
 S[1][1] = +9.904e-01+1.253e-02i, |S[1][1]| = -8.302e-02, arg(S[1][1]) = +7.249e-01

It 883/1751: ω/2π = 2.476e+00 GHz (total elapsed time = 2.40e+02 s)

 Sol. ||E|| = 3.856714e+01
 Field energy E (8.736e-11 J) + H (8.814e-11 J) = 1.755e-10 J
 S[1][1] = +9.905e-01+1.242e-02i, |S[1][1]| = -8.185e-02, arg(S[1][1]) = +7.181e-01

It 884/1751: ω/2π = 2.477e+00 GHz (total elapsed time = 2.40e+02 s)

 Sol. ||E|| = 3.856038e+01
 Field energy E (8.651e-11 J) + H (8.729e-11 J) = 1.738e-10 J
 S[1][1] = +9.907e-01+1.230e-02i, |S[1][1]| = -8.071e-02, arg(S[1][1]) = +7.113e-01

It 885/1751: ω/2π = 2.477e+00 GHz (total elapsed time = 2.40e+02 s)

 Sol. ||E|| = 3.855373e+01
 Field energy E (8.568e-11 J) + H (8.645e-11 J) = 1.721e-10 J
 S[1][1] = +9.908e-01+1.218e-02i, |S[1][1]| = -7.959e-02, arg(S[1][1]) = +7.044e-01

It 886/1751: ω/2π = 2.477e+00 GHz (total elapsed time = 2.40e+02 s)

 Sol. ||E|| = 3.854721e+01
 Field energy E (8.486e-11 J) + H (8.562e-11 J) = 1.705e-10 J
 S[1][1] = +9.909e-01+1.206e-02i, |S[1][1]| = -7.848e-02, arg(S[1][1]) = +6.974e-01

It 887/1751: ω/2π = 2.477e+00 GHz (total elapsed time = 2.40e+02 s)

 Sol. ||E|| = 3.854079e+01
 Field energy E (8.406e-11 J) + H (8.481e-11 J) = 1.689e-10 J
 S[1][1] = +9.911e-01+1.194e-02i, |S[1][1]| = -7.740e-02, arg(S[1][1]) = +6.904e-01

It 888/1751: ω/2π = 2.477e+00 GHz (total elapsed time = 2.40e+02 s)

 Sol. ||E|| = 3.853449e+01
 Field energy E (8.327e-11 J) + H (8.402e-11 J) = 1.673e-10 J
 S[1][1] = +9.912e-01+1.182e-02i, |S[1][1]| = -7.634e-02, arg(S[1][1]) = +6.834e-01

It 889/1751: ω/2π = 2.478e+00 GHz (total elapsed time = 2.40e+02 s)

 Sol. ||E|| = 3.852830e+01
 Field energy E (8.250e-11 J) + H (8.323e-11 J) = 1.657e-10 J
 S[1][1] = +9.913e-01+1.170e-02i, |S[1][1]| = -7.530e-02, arg(S[1][1]) = +6.763e-01

It 890/1751: ω/2π = 2.478e+00 GHz (total elapsed time = 2.40e+02 s)

 Sol. ||E|| = 3.852222e+01
 Field energy E (8.174e-11 J) + H (8.247e-11 J) = 1.642e-10 J
 S[1][1] = +9.914e-01+1.158e-02i, |S[1][1]| = -7.428e-02, arg(S[1][1]) = +6.691e-01

It 891/1751: ω/2π = 2.478e+00 GHz (total elapsed time = 2.40e+02 s)

 Sol. ||E|| = 3.851624e+01
 Field energy E (8.100e-11 J) + H (8.172e-11 J) = 1.627e-10 J
 S[1][1] = +9.915e-01+1.146e-02i, |S[1][1]| = -7.328e-02, arg(S[1][1]) = +6.619e-01

It 892/1751: ω/2π = 2.478e+00 GHz (total elapsed time = 2.40e+02 s)

 Sol. ||E|| = 3.851037e+01
 Field energy E (8.027e-11 J) + H (8.098e-11 J) = 1.612e-10 J
 S[1][1] = +9.916e-01+1.133e-02i, |S[1][1]| = -7.229e-02, arg(S[1][1]) = +6.547e-01

It 893/1751: ω/2π = 2.478e+00 GHz (total elapsed time = 2.40e+02 s)

 Sol. ||E|| = 3.850460e+01
 Field energy E (7.955e-11 J) + H (8.026e-11 J) = 1.598e-10 J
 S[1][1] = +9.918e-01+1.121e-02i, |S[1][1]| = -7.133e-02, arg(S[1][1]) = +6.475e-01

It 894/1751: ω/2π = 2.479e+00 GHz (total elapsed time = 2.40e+02 s)

 Sol. ||E|| = 3.849894e+01
 Field energy E (7.885e-11 J) + H (7.954e-11 J) = 1.584e-10 J
 S[1][1] = +9.919e-01+1.108e-02i, |S[1][1]| = -7.038e-02, arg(S[1][1]) = +6.402e-01

It 895/1751: ω/2π = 2.479e+00 GHz (total elapsed time = 2.41e+02 s)

 Sol. ||E|| = 3.849338e+01
 Field energy E (7.816e-11 J) + H (7.885e-11 J) = 1.570e-10 J
 S[1][1] = +9.920e-01+1.096e-02i, |S[1][1]| = -6.946e-02, arg(S[1][1]) = +6.329e-01

It 896/1751: ω/2π = 2.479e+00 GHz (total elapsed time = 2.41e+02 s)

 Sol. ||E|| = 3.848791e+01
 Field energy E (7.748e-11 J) + H (7.816e-11 J) = 1.556e-10 J
 S[1][1] = +9.921e-01+1.083e-02i, |S[1][1]| = -6.854e-02, arg(S[1][1]) = +6.256e-01

It 897/1751: ω/2π = 2.479e+00 GHz (total elapsed time = 2.41e+02 s)

 Sol. ||E|| = 3.848255e+01
 Field energy E (7.682e-11 J) + H (7.749e-11 J) = 1.543e-10 J
 S[1][1] = +9.922e-01+1.071e-02i, |S[1][1]| = -6.765e-02, arg(S[1][1]) = +6.182e-01

It 898/1751: ω/2π = 2.479e+00 GHz (total elapsed time = 2.41e+02 s)

 Sol. ||E|| = 3.847728e+01
 Field energy E (7.617e-11 J) + H (7.683e-11 J) = 1.530e-10 J
 S[1][1] = +9.923e-01+1.058e-02i, |S[1][1]| = -6.677e-02, arg(S[1][1]) = +6.109e-01

It 899/1751: ω/2π = 2.480e+00 GHz (total elapsed time = 2.41e+02 s)

 Sol. ||E|| = 3.847210e+01
 Field energy E (7.553e-11 J) + H (7.619e-11 J) = 1.517e-10 J
 S[1][1] = +9.924e-01+1.045e-02i, |S[1][1]| = -6.592e-02, arg(S[1][1]) = +6.035e-01

It 900/1751: ω/2π = 2.480e+00 GHz (total elapsed time = 2.41e+02 s)

 Sol. ||E|| = 3.846701e+01
 Field energy E (7.490e-11 J) + H (7.555e-11 J) = 1.505e-10 J
 S[1][1] = +9.925e-01+1.033e-02i, |S[1][1]| = -6.507e-02, arg(S[1][1]) = +5.961e-01

It 901/1751: ω/2π = 2.480e+00 GHz (total elapsed time = 2.41e+02 s)

 Sol. ||E|| = 3.846202e+01
 Field energy E (7.429e-11 J) + H (7.493e-11 J) = 1.492e-10 J
 S[1][1] = +9.926e-01+1.020e-02i, |S[1][1]| = -6.424e-02, arg(S[1][1]) = +5.887e-01

It 902/1751: ω/2π = 2.480e+00 GHz (total elapsed time = 2.41e+02 s)

 Sol. ||E|| = 3.845711e+01
 Field energy E (7.368e-11 J) + H (7.432e-11 J) = 1.480e-10 J
 S[1][1] = +9.927e-01+1.007e-02i, |S[1][1]| = -6.343e-02, arg(S[1][1]) = +5.813e-01

It 903/1751: ω/2π = 2.480e+00 GHz (total elapsed time = 2.41e+02 s)

 Sol. ||E|| = 3.845229e+01
 Field energy E (7.309e-11 J) + H (7.372e-11 J) = 1.468e-10 J
 S[1][1] = +9.928e-01+9.943e-03i, |S[1][1]| = -6.264e-02, arg(S[1][1]) = +5.739e-01

It 904/1751: ω/2π = 2.481e+00 GHz (total elapsed time = 2.41e+02 s)

 Sol. ||E|| = 3.844756e+01
 Field energy E (7.251e-11 J) + H (7.313e-11 J) = 1.456e-10 J
 S[1][1] = +9.929e-01+9.816e-03i, |S[1][1]| = -6.185e-02, arg(S[1][1]) = +5.664e-01

It 905/1751: ω/2π = 2.481e+00 GHz (total elapsed time = 2.41e+02 s)

 Sol. ||E|| = 3.844291e+01
 Field energy E (7.194e-11 J) + H (7.255e-11 J) = 1.445e-10 J
 S[1][1] = +9.929e-01+9.687e-03i, |S[1][1]| = -6.109e-02, arg(S[1][1]) = +5.590e-01

It 906/1751: ω/2π = 2.481e+00 GHz (total elapsed time = 2.41e+02 s)

 Sol. ||E|| = 3.843835e+01
 Field energy E (7.138e-11 J) + H (7.198e-11 J) = 1.434e-10 J
 S[1][1] = +9.930e-01+9.559e-03i, |S[1][1]| = -6.033e-02, arg(S[1][1]) = +5.515e-01

It 907/1751: ω/2π = 2.481e+00 GHz (total elapsed time = 2.41e+02 s)

 Sol. ||E|| = 3.843386e+01
 Field energy E (7.083e-11 J) + H (7.142e-11 J) = 1.423e-10 J
 S[1][1] = +9.931e-01+9.431e-03i, |S[1][1]| = -5.960e-02, arg(S[1][1]) = +5.441e-01

It 908/1751: ω/2π = 2.481e+00 GHz (total elapsed time = 2.41e+02 s)

 Sol. ||E|| = 3.842945e+01
 Field energy E (7.029e-11 J) + H (7.088e-11 J) = 1.412e-10 J
 S[1][1] = +9.932e-01+9.303e-03i, |S[1][1]| = -5.887e-02, arg(S[1][1]) = +5.366e-01

It 909/1751: ω/2π = 2.482e+00 GHz (total elapsed time = 2.41e+02 s)

 Sol. ||E|| = 3.842512e+01
 Field energy E (6.976e-11 J) + H (7.034e-11 J) = 1.401e-10 J
 S[1][1] = +9.933e-01+9.174e-03i, |S[1][1]| = -5.816e-02, arg(S[1][1]) = +5.292e-01

It 910/1751: ω/2π = 2.482e+00 GHz (total elapsed time = 2.41e+02 s)

 Sol. ||E|| = 3.842087e+01
 Field energy E (6.925e-11 J) + H (6.981e-11 J) = 1.391e-10 J
 S[1][1] = +9.934e-01+9.046e-03i, |S[1][1]| = -5.746e-02, arg(S[1][1]) = +5.217e-01

It 911/1751: ω/2π = 2.482e+00 GHz (total elapsed time = 2.41e+02 s)

 Sol. ||E|| = 3.841669e+01
 Field energy E (6.874e-11 J) + H (6.929e-11 J) = 1.380e-10 J
 S[1][1] = +9.934e-01+8.917e-03i, |S[1][1]| = -5.678e-02, arg(S[1][1]) = +5.143e-01

It 912/1751: ω/2π = 2.482e+00 GHz (total elapsed time = 2.42e+02 s)

 Sol. ||E|| = 3.841259e+01
 Field energy E (6.824e-11 J) + H (6.879e-11 J) = 1.370e-10 J
 S[1][1] = +9.935e-01+8.789e-03i, |S[1][1]| = -5.611e-02, arg(S[1][1]) = +5.068e-01

It 913/1751: ω/2π = 2.482e+00 GHz (total elapsed time = 2.42e+02 s)

 Sol. ||E|| = 3.840856e+01
 Field energy E (6.775e-11 J) + H (6.829e-11 J) = 1.360e-10 J
 S[1][1] = +9.936e-01+8.660e-03i, |S[1][1]| = -5.545e-02, arg(S[1][1]) = +4.994e-01

It 914/1751: ω/2π = 2.483e+00 GHz (total elapsed time = 2.42e+02 s)

 Sol. ||E|| = 3.840460e+01
 Field energy E (6.726e-11 J) + H (6.780e-11 J) = 1.351e-10 J
 S[1][1] = +9.937e-01+8.532e-03i, |S[1][1]| = -5.480e-02, arg(S[1][1]) = +4.920e-01

It 915/1751: ω/2π = 2.483e+00 GHz (total elapsed time = 2.42e+02 s)

 Sol. ||E|| = 3.840071e+01
 Field energy E (6.679e-11 J) + H (6.732e-11 J) = 1.341e-10 J
 S[1][1] = +9.937e-01+8.404e-03i, |S[1][1]| = -5.416e-02, arg(S[1][1]) = +4.845e-01

It 916/1751: ω/2π = 2.483e+00 GHz (total elapsed time = 2.42e+02 s)

 Sol. ||E|| = 3.839688e+01
 Field energy E (6.633e-11 J) + H (6.684e-11 J) = 1.332e-10 J
 S[1][1] = +9.938e-01+8.276e-03i, |S[1][1]| = -5.354e-02, arg(S[1][1]) = +4.771e-01

It 917/1751: ω/2π = 2.483e+00 GHz (total elapsed time = 2.42e+02 s)

 Sol. ||E|| = 3.839312e+01
 Field energy E (6.587e-11 J) + H (6.638e-11 J) = 1.322e-10 J
 S[1][1] = +9.939e-01+8.147e-03i, |S[1][1]| = -5.293e-02, arg(S[1][1]) = +4.697e-01

It 918/1751: ω/2π = 2.483e+00 GHz (total elapsed time = 2.42e+02 s)

 Sol. ||E|| = 3.838943e+01
 Field energy E (6.542e-11 J) + H (6.592e-11 J) = 1.313e-10 J
 S[1][1] = +9.940e-01+8.019e-03i, |S[1][1]| = -5.232e-02, arg(S[1][1]) = +4.623e-01

It 919/1751: ω/2π = 2.484e+00 GHz (total elapsed time = 2.42e+02 s)

 Sol. ||E|| = 3.838580e+01
 Field energy E (6.498e-11 J) + H (6.548e-11 J) = 1.305e-10 J
 S[1][1] = +9.940e-01+7.891e-03i, |S[1][1]| = -5.173e-02, arg(S[1][1]) = +4.548e-01

It 920/1751: ω/2π = 2.484e+00 GHz (total elapsed time = 2.42e+02 s)

 Sol. ||E|| = 3.838224e+01
 Field energy E (6.455e-11 J) + H (6.504e-11 J) = 1.296e-10 J
 S[1][1] = +9.941e-01+7.764e-03i, |S[1][1]| = -5.115e-02, arg(S[1][1]) = +4.475e-01

It 921/1751: ω/2π = 2.484e+00 GHz (total elapsed time = 2.42e+02 s)

 Sol. ||E|| = 3.837873e+01
 Field energy E (6.413e-11 J) + H (6.460e-11 J) = 1.287e-10 J
 S[1][1] = +9.942e-01+7.636e-03i, |S[1][1]| = -5.058e-02, arg(S[1][1]) = +4.401e-01

It 922/1751: ω/2π = 2.484e+00 GHz (total elapsed time = 2.42e+02 s)

 Sol. ||E|| = 3.837529e+01
 Field energy E (6.371e-11 J) + H (6.418e-11 J) = 1.279e-10 J
 S[1][1] = +9.942e-01+7.508e-03i, |S[1][1]| = -5.002e-02, arg(S[1][1]) = +4.327e-01

It 923/1751: ω/2π = 2.484e+00 GHz (total elapsed time = 2.42e+02 s)

 Sol. ||E|| = 3.837190e+01
 Field energy E (6.330e-11 J) + H (6.376e-11 J) = 1.271e-10 J
 S[1][1] = +9.943e-01+7.381e-03i, |S[1][1]| = -4.947e-02, arg(S[1][1]) = +4.253e-01

It 924/1751: ω/2π = 2.485e+00 GHz (total elapsed time = 2.42e+02 s)

 Sol. ||E|| = 3.836858e+01
 Field energy E (6.290e-11 J) + H (6.335e-11 J) = 1.263e-10 J
 S[1][1] = +9.944e-01+7.254e-03i, |S[1][1]| = -4.893e-02, arg(S[1][1]) = +4.180e-01

It 925/1751: ω/2π = 2.485e+00 GHz (total elapsed time = 2.42e+02 s)

 Sol. ||E|| = 3.836530e+01
 Field energy E (6.251e-11 J) + H (6.295e-11 J) = 1.255e-10 J
 S[1][1] = +9.944e-01+7.127e-03i, |S[1][1]| = -4.840e-02, arg(S[1][1]) = +4.106e-01

It 926/1751: ω/2π = 2.485e+00 GHz (total elapsed time = 2.42e+02 s)

 Sol. ||E|| = 3.836209e+01
 Field energy E (6.212e-11 J) + H (6.256e-11 J) = 1.247e-10 J
 S[1][1] = +9.945e-01+7.000e-03i, |S[1][1]| = -4.788e-02, arg(S[1][1]) = +4.033e-01

It 927/1751: ω/2π = 2.485e+00 GHz (total elapsed time = 2.42e+02 s)

 Sol. ||E|| = 3.835893e+01
 Field energy E (6.174e-11 J) + H (6.217e-11 J) = 1.239e-10 J
 S[1][1] = +9.945e-01+6.873e-03i, |S[1][1]| = -4.737e-02, arg(S[1][1]) = +3.960e-01

It 928/1751: ω/2π = 2.485e+00 GHz (total elapsed time = 2.43e+02 s)

 Sol. ||E|| = 3.835582e+01
 Field energy E (6.137e-11 J) + H (6.178e-11 J) = 1.232e-10 J
 S[1][1] = +9.946e-01+6.747e-03i, |S[1][1]| = -4.687e-02, arg(S[1][1]) = +3.887e-01

It 929/1751: ω/2π = 2.486e+00 GHz (total elapsed time = 2.43e+02 s)

 Sol. ||E|| = 3.835277e+01
 Field energy E (6.100e-11 J) + H (6.141e-11 J) = 1.224e-10 J
 S[1][1] = +9.947e-01+6.621e-03i, |S[1][1]| = -4.638e-02, arg(S[1][1]) = +3.814e-01

It 930/1751: ω/2π = 2.486e+00 GHz (total elapsed time = 2.43e+02 s)

 Sol. ||E|| = 3.834976e+01
 Field energy E (6.064e-11 J) + H (6.104e-11 J) = 1.217e-10 J
 S[1][1] = +9.947e-01+6.494e-03i, |S[1][1]| = -4.589e-02, arg(S[1][1]) = +3.741e-01

It 931/1751: ω/2π = 2.486e+00 GHz (total elapsed time = 2.43e+02 s)

 Sol. ||E|| = 3.834681e+01
 Field energy E (6.028e-11 J) + H (6.068e-11 J) = 1.210e-10 J
 S[1][1] = +9.948e-01+6.369e-03i, |S[1][1]| = -4.542e-02, arg(S[1][1]) = +3.668e-01

It 932/1751: ω/2π = 2.486e+00 GHz (total elapsed time = 2.43e+02 s)

 Sol. ||E|| = 3.834391e+01
 Field energy E (5.994e-11 J) + H (6.032e-11 J) = 1.203e-10 J
 S[1][1] = +9.948e-01+6.243e-03i, |S[1][1]| = -4.495e-02, arg(S[1][1]) = +3.596e-01

It 933/1751: ω/2π = 2.486e+00 GHz (total elapsed time = 2.43e+02 s)

 Sol. ||E|| = 3.834105e+01
 Field energy E (5.959e-11 J) + H (5.997e-11 J) = 1.196e-10 J
 S[1][1] = +9.949e-01+6.118e-03i, |S[1][1]| = -4.449e-02, arg(S[1][1]) = +3.523e-01

It 934/1751: ω/2π = 2.487e+00 GHz (total elapsed time = 2.43e+02 s)

 Sol. ||E|| = 3.833824e+01
 Field energy E (5.926e-11 J) + H (5.963e-11 J) = 1.189e-10 J
 S[1][1] = +9.949e-01+5.993e-03i, |S[1][1]| = -4.403e-02, arg(S[1][1]) = +3.451e-01

It 935/1751: ω/2π = 2.487e+00 GHz (total elapsed time = 2.43e+02 s)

 Sol. ||E|| = 3.833548e+01
 Field energy E (5.893e-11 J) + H (5.929e-11 J) = 1.182e-10 J
 S[1][1] = +9.950e-01+5.868e-03i, |S[1][1]| = -4.359e-02, arg(S[1][1]) = +3.379e-01

It 936/1751: ω/2π = 2.487e+00 GHz (total elapsed time = 2.43e+02 s)

 Sol. ||E|| = 3.833276e+01
 Field energy E (5.860e-11 J) + H (5.896e-11 J) = 1.176e-10 J
 S[1][1] = +9.950e-01+5.743e-03i, |S[1][1]| = -4.315e-02, arg(S[1][1]) = +3.307e-01

It 937/1751: ω/2π = 2.487e+00 GHz (total elapsed time = 2.43e+02 s)

 Sol. ||E|| = 3.833009e+01
 Field energy E (5.828e-11 J) + H (5.863e-11 J) = 1.169e-10 J
 S[1][1] = +9.951e-01+5.619e-03i, |S[1][1]| = -4.272e-02, arg(S[1][1]) = +3.235e-01

It 938/1751: ω/2π = 2.487e+00 GHz (total elapsed time = 2.43e+02 s)

 Sol. ||E|| = 3.832746e+01
 Field energy E (5.797e-11 J) + H (5.831e-11 J) = 1.163e-10 J
 S[1][1] = +9.951e-01+5.494e-03i, |S[1][1]| = -4.230e-02, arg(S[1][1]) = +3.163e-01

It 939/1751: ω/2π = 2.488e+00 GHz (total elapsed time = 2.43e+02 s)

 Sol. ||E|| = 3.832488e+01
 Field energy E (5.766e-11 J) + H (5.799e-11 J) = 1.156e-10 J
 S[1][1] = +9.952e-01+5.370e-03i, |S[1][1]| = -4.189e-02, arg(S[1][1]) = +3.092e-01

It 940/1751: ω/2π = 2.488e+00 GHz (total elapsed time = 2.43e+02 s)

 Sol. ||E|| = 3.832233e+01
 Field energy E (5.735e-11 J) + H (5.768e-11 J) = 1.150e-10 J
 S[1][1] = +9.952e-01+5.247e-03i, |S[1][1]| = -4.148e-02, arg(S[1][1]) = +3.021e-01

It 941/1751: ω/2π = 2.488e+00 GHz (total elapsed time = 2.43e+02 s)

 Sol. ||E|| = 3.831983e+01
 Field energy E (5.706e-11 J) + H (5.737e-11 J) = 1.144e-10 J
 S[1][1] = +9.953e-01+5.123e-03i, |S[1][1]| = -4.108e-02, arg(S[1][1]) = +2.949e-01

It 942/1751: ω/2π = 2.488e+00 GHz (total elapsed time = 2.43e+02 s)

 Sol. ||E|| = 3.831737e+01
 Field energy E (5.676e-11 J) + H (5.707e-11 J) = 1.138e-10 J
 S[1][1] = +9.953e-01+5.000e-03i, |S[1][1]| = -4.068e-02, arg(S[1][1]) = +2.878e-01

It 943/1751: ω/2π = 2.488e+00 GHz (total elapsed time = 2.43e+02 s)

 Sol. ||E|| = 3.831495e+01
 Field energy E (5.647e-11 J) + H (5.677e-11 J) = 1.132e-10 J
 S[1][1] = +9.954e-01+4.877e-03i, |S[1][1]| = -4.029e-02, arg(S[1][1]) = +2.807e-01

It 944/1751: ω/2π = 2.489e+00 GHz (total elapsed time = 2.43e+02 s)

 Sol. ||E|| = 3.831256e+01
 Field energy E (5.619e-11 J) + H (5.648e-11 J) = 1.127e-10 J
 S[1][1] = +9.954e-01+4.754e-03i, |S[1][1]| = -3.991e-02, arg(S[1][1]) = +2.737e-01

It 945/1751: ω/2π = 2.489e+00 GHz (total elapsed time = 2.44e+02 s)

 Sol. ||E|| = 3.831022e+01
 Field energy E (5.591e-11 J) + H (5.619e-11 J) = 1.121e-10 J
 S[1][1] = +9.954e-01+4.632e-03i, |S[1][1]| = -3.954e-02, arg(S[1][1]) = +2.666e-01

It 946/1751: ω/2π = 2.489e+00 GHz (total elapsed time = 2.44e+02 s)

 Sol. ||E|| = 3.830791e+01
 Field energy E (5.564e-11 J) + H (5.591e-11 J) = 1.115e-10 J
 S[1][1] = +9.955e-01+4.510e-03i, |S[1][1]| = -3.917e-02, arg(S[1][1]) = +2.596e-01

It 947/1751: ω/2π = 2.489e+00 GHz (total elapsed time = 2.44e+02 s)

 Sol. ||E|| = 3.830564e+01
 Field energy E (5.537e-11 J) + H (5.563e-11 J) = 1.110e-10 J
 S[1][1] = +9.955e-01+4.388e-03i, |S[1][1]| = -3.880e-02, arg(S[1][1]) = +2.525e-01

It 948/1751: ω/2π = 2.489e+00 GHz (total elapsed time = 2.44e+02 s)

 Sol. ||E|| = 3.830340e+01
 Field energy E (5.510e-11 J) + H (5.536e-11 J) = 1.105e-10 J
 S[1][1] = +9.956e-01+4.266e-03i, |S[1][1]| = -3.845e-02, arg(S[1][1]) = +2.455e-01

It 949/1751: ω/2π = 2.490e+00 GHz (total elapsed time = 2.44e+02 s)

 Sol. ||E|| = 3.830120e+01
 Field energy E (5.484e-11 J) + H (5.509e-11 J) = 1.099e-10 J
 S[1][1] = +9.956e-01+4.145e-03i, |S[1][1]| = -3.809e-02, arg(S[1][1]) = +2.385e-01

It 950/1751: ω/2π = 2.490e+00 GHz (total elapsed time = 2.44e+02 s)

 Sol. ||E|| = 3.829904e+01
 Field energy E (5.458e-11 J) + H (5.483e-11 J) = 1.094e-10 J
 S[1][1] = +9.957e-01+4.024e-03i, |S[1][1]| = -3.775e-02, arg(S[1][1]) = +2.316e-01

It 951/1751: ω/2π = 2.490e+00 GHz (total elapsed time = 2.44e+02 s)

 Sol. ||E|| = 3.829691e+01
 Field energy E (5.433e-11 J) + H (5.457e-11 J) = 1.089e-10 J
 S[1][1] = +9.957e-01+3.903e-03i, |S[1][1]| = -3.741e-02, arg(S[1][1]) = +2.246e-01

It 952/1751: ω/2π = 2.490e+00 GHz (total elapsed time = 2.44e+02 s)

 Sol. ||E|| = 3.829481e+01
 Field energy E (5.408e-11 J) + H (5.431e-11 J) = 1.084e-10 J
 S[1][1] = +9.957e-01+3.783e-03i, |S[1][1]| = -3.707e-02, arg(S[1][1]) = +2.177e-01

It 953/1751: ω/2π = 2.490e+00 GHz (total elapsed time = 2.44e+02 s)

 Sol. ||E|| = 3.829274e+01
 Field energy E (5.384e-11 J) + H (5.406e-11 J) = 1.079e-10 J
 S[1][1] = +9.958e-01+3.662e-03i, |S[1][1]| = -3.674e-02, arg(S[1][1]) = +2.107e-01

It 954/1751: ω/2π = 2.491e+00 GHz (total elapsed time = 2.44e+02 s)

 Sol. ||E|| = 3.829071e+01
 Field energy E (5.360e-11 J) + H (5.381e-11 J) = 1.074e-10 J
 S[1][1] = +9.958e-01+3.542e-03i, |S[1][1]| = -3.642e-02, arg(S[1][1]) = +2.038e-01

It 955/1751: ω/2π = 2.491e+00 GHz (total elapsed time = 2.44e+02 s)

 Sol. ||E|| = 3.828871e+01
 Field energy E (5.336e-11 J) + H (5.356e-11 J) = 1.069e-10 J
 S[1][1] = +9.958e-01+3.423e-03i, |S[1][1]| = -3.610e-02, arg(S[1][1]) = +1.969e-01

It 956/1751: ω/2π = 2.491e+00 GHz (total elapsed time = 2.44e+02 s)

 Sol. ||E|| = 3.828674e+01
 Field energy E (5.313e-11 J) + H (5.332e-11 J) = 1.064e-10 J
 S[1][1] = +9.959e-01+3.303e-03i, |S[1][1]| = -3.579e-02, arg(S[1][1]) = +1.900e-01

It 957/1751: ω/2π = 2.491e+00 GHz (total elapsed time = 2.44e+02 s)

 Sol. ||E|| = 3.828480e+01
 Field energy E (5.290e-11 J) + H (5.309e-11 J) = 1.060e-10 J
 S[1][1] = +9.959e-01+3.184e-03i, |S[1][1]| = -3.548e-02, arg(S[1][1]) = +1.832e-01

It 958/1751: ω/2π = 2.491e+00 GHz (total elapsed time = 2.44e+02 s)

 Sol. ||E|| = 3.828288e+01
 Field energy E (5.267e-11 J) + H (5.285e-11 J) = 1.055e-10 J
 S[1][1] = +9.960e-01+3.065e-03i, |S[1][1]| = -3.517e-02, arg(S[1][1]) = +1.763e-01

It 959/1751: ω/2π = 2.492e+00 GHz (total elapsed time = 2.44e+02 s)

 Sol. ||E|| = 3.828100e+01
 Field energy E (5.245e-11 J) + H (5.262e-11 J) = 1.051e-10 J
 S[1][1] = +9.960e-01+2.946e-03i, |S[1][1]| = -3.487e-02, arg(S[1][1]) = +1.695e-01

It 960/1751: ω/2π = 2.492e+00 GHz (total elapsed time = 2.44e+02 s)

 Sol. ||E|| = 3.827915e+01
 Field energy E (5.223e-11 J) + H (5.240e-11 J) = 1.046e-10 J
 S[1][1] = +9.960e-01+2.828e-03i, |S[1][1]| = -3.458e-02, arg(S[1][1]) = +1.627e-01

It 961/1751: ω/2π = 2.492e+00 GHz (total elapsed time = 2.45e+02 s)

 Sol. ||E|| = 3.827732e+01
 Field energy E (5.201e-11 J) + H (5.217e-11 J) = 1.042e-10 J
 S[1][1] = +9.961e-01+2.710e-03i, |S[1][1]| = -3.429e-02, arg(S[1][1]) = +1.559e-01

It 962/1751: ω/2π = 2.492e+00 GHz (total elapsed time = 2.45e+02 s)

 Sol. ||E|| = 3.827552e+01
 Field energy E (5.180e-11 J) + H (5.195e-11 J) = 1.038e-10 J
 S[1][1] = +9.961e-01+2.592e-03i, |S[1][1]| = -3.400e-02, arg(S[1][1]) = +1.491e-01

It 963/1751: ω/2π = 2.492e+00 GHz (total elapsed time = 2.45e+02 s)

 Sol. ||E|| = 3.827375e+01
 Field energy E (5.159e-11 J) + H (5.174e-11 J) = 1.033e-10 J
 S[1][1] = +9.961e-01+2.474e-03i, |S[1][1]| = -3.372e-02, arg(S[1][1]) = +1.423e-01

It 964/1751: ω/2π = 2.493e+00 GHz (total elapsed time = 2.45e+02 s)

 Sol. ||E|| = 3.827201e+01
 Field energy E (5.139e-11 J) + H (5.152e-11 J) = 1.029e-10 J
 S[1][1] = +9.962e-01+2.357e-03i, |S[1][1]| = -3.344e-02, arg(S[1][1]) = +1.356e-01

It 965/1751: ω/2π = 2.493e+00 GHz (total elapsed time = 2.45e+02 s)

 Sol. ||E|| = 3.827029e+01
 Field energy E (5.118e-11 J) + H (5.131e-11 J) = 1.025e-10 J
 S[1][1] = +9.962e-01+2.240e-03i, |S[1][1]| = -3.317e-02, arg(S[1][1]) = +1.288e-01

It 966/1751: ω/2π = 2.493e+00 GHz (total elapsed time = 2.45e+02 s)

 Sol. ||E|| = 3.826860e+01
 Field energy E (5.098e-11 J) + H (5.111e-11 J) = 1.021e-10 J
 S[1][1] = +9.962e-01+2.123e-03i, |S[1][1]| = -3.290e-02, arg(S[1][1]) = +1.221e-01

It 967/1751: ω/2π = 2.493e+00 GHz (total elapsed time = 2.45e+02 s)

 Sol. ||E|| = 3.826693e+01
 Field energy E (5.079e-11 J) + H (5.090e-11 J) = 1.017e-10 J
 S[1][1] = +9.962e-01+2.006e-03i, |S[1][1]| = -3.263e-02, arg(S[1][1]) = +1.154e-01

It 968/1751: ω/2π = 2.493e+00 GHz (total elapsed time = 2.45e+02 s)

 Sol. ||E|| = 3.826529e+01
 Field energy E (5.059e-11 J) + H (5.070e-11 J) = 1.013e-10 J
 S[1][1] = +9.963e-01+1.890e-03i, |S[1][1]| = -3.237e-02, arg(S[1][1]) = +1.087e-01

It 969/1751: ω/2π = 2.494e+00 GHz (total elapsed time = 2.45e+02 s)

 Sol. ||E|| = 3.826367e+01
 Field energy E (5.040e-11 J) + H (5.050e-11 J) = 1.009e-10 J
 S[1][1] = +9.963e-01+1.774e-03i, |S[1][1]| = -3.212e-02, arg(S[1][1]) = +1.020e-01

It 970/1751: ω/2π = 2.494e+00 GHz (total elapsed time = 2.45e+02 s)

 Sol. ||E|| = 3.826207e+01
 Field energy E (5.021e-11 J) + H (5.031e-11 J) = 1.005e-10 J
 S[1][1] = +9.963e-01+1.658e-03i, |S[1][1]| = -3.186e-02, arg(S[1][1]) = +9.535e-02

It 971/1751: ω/2π = 2.494e+00 GHz (total elapsed time = 2.45e+02 s)

 Sol. ||E|| = 3.826050e+01
 Field energy E (5.003e-11 J) + H (5.012e-11 J) = 1.001e-10 J
 S[1][1] = +9.964e-01+1.543e-03i, |S[1][1]| = -3.161e-02, arg(S[1][1]) = +8.870e-02

It 972/1751: ω/2π = 2.494e+00 GHz (total elapsed time = 2.45e+02 s)

 Sol. ||E|| = 3.825895e+01
 Field energy E (4.985e-11 J) + H (4.993e-11 J) = 9.977e-11 J
 S[1][1] = +9.964e-01+1.427e-03i, |S[1][1]| = -3.137e-02, arg(S[1][1]) = +8.207e-02

It 973/1751: ω/2π = 2.494e+00 GHz (total elapsed time = 2.45e+02 s)

 Sol. ||E|| = 3.825742e+01
 Field energy E (4.967e-11 J) + H (4.974e-11 J) = 9.941e-11 J
 S[1][1] = +9.964e-01+1.312e-03i, |S[1][1]| = -3.112e-02, arg(S[1][1]) = +7.545e-02

It 974/1751: ω/2π = 2.495e+00 GHz (total elapsed time = 2.45e+02 s)

 Sol. ||E|| = 3.825592e+01
 Field energy E (4.949e-11 J) + H (4.955e-11 J) = 9.905e-11 J
 S[1][1] = +9.964e-01+1.197e-03i, |S[1][1]| = -3.088e-02, arg(S[1][1]) = +6.885e-02

It 975/1751: ω/2π = 2.495e+00 GHz (total elapsed time = 2.45e+02 s)

 Sol. ||E|| = 3.825444e+01
 Field energy E (4.932e-11 J) + H (4.937e-11 J) = 9.869e-11 J
 S[1][1] = +9.965e-01+1.083e-03i, |S[1][1]| = -3.065e-02, arg(S[1][1]) = +6.226e-02

It 976/1751: ω/2π = 2.495e+00 GHz (total elapsed time = 2.45e+02 s)

 Sol. ||E|| = 3.825297e+01
 Field energy E (4.914e-11 J) + H (4.919e-11 J) = 9.834e-11 J
 S[1][1] = +9.965e-01+9.685e-04i, |S[1][1]| = -3.042e-02, arg(S[1][1]) = +5.569e-02

It 977/1751: ω/2π = 2.495e+00 GHz (total elapsed time = 2.46e+02 s)

 Sol. ||E|| = 3.825153e+01
 Field energy E (4.898e-11 J) + H (4.902e-11 J) = 9.799e-11 J
 S[1][1] = +9.965e-01+8.544e-04i, |S[1][1]| = -3.019e-02, arg(S[1][1]) = +4.913e-02

It 978/1751: ω/2π = 2.495e+00 GHz (total elapsed time = 2.46e+02 s)

 Sol. ||E|| = 3.825011e+01
 Field energy E (4.881e-11 J) + H (4.884e-11 J) = 9.765e-11 J
 S[1][1] = +9.966e-01+7.406e-04i, |S[1][1]| = -2.996e-02, arg(S[1][1]) = +4.258e-02

It 979/1751: ω/2π = 2.496e+00 GHz (total elapsed time = 2.46e+02 s)

 Sol. ||E|| = 3.824871e+01
 Field energy E (4.864e-11 J) + H (4.867e-11 J) = 9.732e-11 J
 S[1][1] = +9.966e-01+6.270e-04i, |S[1][1]| = -2.974e-02, arg(S[1][1]) = +3.605e-02

It 980/1751: ω/2π = 2.496e+00 GHz (total elapsed time = 2.46e+02 s)

 Sol. ||E|| = 3.824733e+01
 Field energy E (4.848e-11 J) + H (4.850e-11 J) = 9.698e-11 J
 S[1][1] = +9.966e-01+5.137e-04i, |S[1][1]| = -2.952e-02, arg(S[1][1]) = +2.953e-02

It 981/1751: ω/2π = 2.496e+00 GHz (total elapsed time = 2.46e+02 s)

 Sol. ||E|| = 3.824597e+01
 Field energy E (4.832e-11 J) + H (4.834e-11 J) = 9.666e-11 J
 S[1][1] = +9.966e-01+4.006e-04i, |S[1][1]| = -2.931e-02, arg(S[1][1]) = +2.303e-02

It 982/1751: ω/2π = 2.496e+00 GHz (total elapsed time = 2.46e+02 s)

 Sol. ||E|| = 3.824463e+01
 Field energy E (4.817e-11 J) + H (4.817e-11 J) = 9.634e-11 J
 S[1][1] = +9.967e-01+2.877e-04i, |S[1][1]| = -2.909e-02, arg(S[1][1]) = +1.654e-02

It 983/1751: ω/2π = 2.496e+00 GHz (total elapsed time = 2.46e+02 s)

 Sol. ||E|| = 3.824331e+01
 Field energy E (4.801e-11 J) + H (4.801e-11 J) = 9.602e-11 J
 S[1][1] = +9.967e-01+1.751e-04i, |S[1][1]| = -2.888e-02, arg(S[1][1]) = +1.007e-02

It 984/1751: ω/2π = 2.497e+00 GHz (total elapsed time = 2.46e+02 s)

 Sol. ||E|| = 3.824201e+01
 Field energy E (4.786e-11 J) + H (4.785e-11 J) = 9.571e-11 J
 S[1][1] = +9.967e-01+6.273e-05i, |S[1][1]| = -2.868e-02, arg(S[1][1]) = +3.606e-03

It 985/1751: ω/2π = 2.497e+00 GHz (total elapsed time = 2.46e+02 s)

 Sol. ||E|| = 3.824072e+01
 Field energy E (4.771e-11 J) + H (4.769e-11 J) = 9.540e-11 J
 S[1][1] = +9.967e-01-4.943e-05i, |S[1][1]| = -2.847e-02, arg(S[1][1]) = -2.841e-03

It 986/1751: ω/2π = 2.497e+00 GHz (total elapsed time = 2.46e+02 s)

 Sol. ||E|| = 3.823945e+01
 Field energy E (4.756e-11 J) + H (4.753e-11 J) = 9.509e-11 J
 S[1][1] = +9.968e-01-1.614e-04i, |S[1][1]| = -2.827e-02, arg(S[1][1]) = -9.275e-03

It 987/1751: ω/2π = 2.497e+00 GHz (total elapsed time = 2.46e+02 s)

 Sol. ||E|| = 3.823820e+01
 Field energy E (4.741e-11 J) + H (4.738e-11 J) = 9.479e-11 J
 S[1][1] = +9.968e-01-2.730e-04i, |S[1][1]| = -2.807e-02, arg(S[1][1]) = -1.570e-02

It 988/1751: ω/2π = 2.497e+00 GHz (total elapsed time = 2.46e+02 s)

 Sol. ||E|| = 3.823697e+01
 Field energy E (4.727e-11 J) + H (4.723e-11 J) = 9.450e-11 J
 S[1][1] = +9.968e-01-3.845e-04i, |S[1][1]| = -2.788e-02, arg(S[1][1]) = -2.210e-02

It 989/1751: ω/2π = 2.498e+00 GHz (total elapsed time = 2.46e+02 s)

 Sol. ||E|| = 3.823575e+01
 Field energy E (4.712e-11 J) + H (4.708e-11 J) = 9.420e-11 J
 S[1][1] = +9.968e-01-4.958e-04i, |S[1][1]| = -2.768e-02, arg(S[1][1]) = -2.850e-02

It 990/1751: ω/2π = 2.498e+00 GHz (total elapsed time = 2.46e+02 s)

 Sol. ||E|| = 3.823455e+01
 Field energy E (4.698e-11 J) + H (4.693e-11 J) = 9.392e-11 J
 S[1][1] = +9.968e-01-6.068e-04i, |S[1][1]| = -2.749e-02, arg(S[1][1]) = -3.488e-02

It 991/1751: ω/2π = 2.498e+00 GHz (total elapsed time = 2.46e+02 s)

 Sol. ||E|| = 3.823337e+01
 Field energy E (4.685e-11 J) + H (4.679e-11 J) = 9.363e-11 J
 S[1][1] = +9.969e-01-7.176e-04i, |S[1][1]| = -2.730e-02, arg(S[1][1]) = -4.124e-02

It 992/1751: ω/2π = 2.498e+00 GHz (total elapsed time = 2.46e+02 s)

 Sol. ||E|| = 3.823221e+01
 Field energy E (4.671e-11 J) + H (4.664e-11 J) = 9.335e-11 J
 S[1][1] = +9.969e-01-8.281e-04i, |S[1][1]| = -2.712e-02, arg(S[1][1]) = -4.760e-02

It 993/1751: ω/2π = 2.498e+00 GHz (total elapsed time = 2.47e+02 s)

 Sol. ||E|| = 3.823105e+01
 Field energy E (4.657e-11 J) + H (4.650e-11 J) = 9.308e-11 J
 S[1][1] = +9.969e-01-9.385e-04i, |S[1][1]| = -2.694e-02, arg(S[1][1]) = -5.394e-02

It 994/1751: ω/2π = 2.499e+00 GHz (total elapsed time = 2.47e+02 s)

 Sol. ||E|| = 3.822992e+01
 Field energy E (4.644e-11 J) + H (4.636e-11 J) = 9.280e-11 J
 S[1][1] = +9.969e-01-1.049e-03i, |S[1][1]| = -2.676e-02, arg(S[1][1]) = -6.027e-02

It 995/1751: ω/2π = 2.499e+00 GHz (total elapsed time = 2.47e+02 s)

 Sol. ||E|| = 3.822880e+01
 Field energy E (4.631e-11 J) + H (4.622e-11 J) = 9.253e-11 J
 S[1][1] = +9.969e-01-1.159e-03i, |S[1][1]| = -2.658e-02, arg(S[1][1]) = -6.658e-02

It 996/1751: ω/2π = 2.499e+00 GHz (total elapsed time = 2.47e+02 s)

 Sol. ||E|| = 3.822770e+01
 Field energy E (4.618e-11 J) + H (4.609e-11 J) = 9.227e-11 J
 S[1][1] = +9.970e-01-1.268e-03i, |S[1][1]| = -2.640e-02, arg(S[1][1]) = -7.288e-02

It 997/1751: ω/2π = 2.499e+00 GHz (total elapsed time = 2.47e+02 s)

 Sol. ||E|| = 3.822661e+01
 Field energy E (4.605e-11 J) + H (4.595e-11 J) = 9.201e-11 J
 S[1][1] = +9.970e-01-1.378e-03i, |S[1][1]| = -2.623e-02, arg(S[1][1]) = -7.918e-02

It 998/1751: ω/2π = 2.499e+00 GHz (total elapsed time = 2.47e+02 s)

 Sol. ||E|| = 3.822553e+01
 Field energy E (4.593e-11 J) + H (4.582e-11 J) = 9.175e-11 J
 S[1][1] = +9.970e-01-1.487e-03i, |S[1][1]| = -2.606e-02, arg(S[1][1]) = -8.545e-02

It 999/1751: ω/2π = 2.500e+00 GHz (total elapsed time = 2.47e+02 s)

 Sol. ||E|| = 3.822447e+01
 Field energy E (4.580e-11 J) + H (4.569e-11 J) = 9.149e-11 J
 S[1][1] = +9.970e-01-1.596e-03i, |S[1][1]| = -2.589e-02, arg(S[1][1]) = -9.172e-02

It 1000/1751: ω/2π = 2.500e+00 GHz (total elapsed time = 2.47e+02 s)

 Sol. ||E|| = 3.822342e+01
 Field energy E (4.568e-11 J) + H (4.556e-11 J) = 9.124e-11 J
 S[1][1] = +9.970e-01-1.705e-03i, |S[1][1]| = -2.572e-02, arg(S[1][1]) = -9.797e-02

It 1001/1751: ω/2π = 2.500e+00 GHz (total elapsed time = 2.47e+02 s)

 Sol. ||E|| = 3.822239e+01
 Field energy E (4.556e-11 J) + H (4.543e-11 J) = 9.099e-11 J
 S[1][1] = +9.971e-01-1.814e-03i, |S[1][1]| = -2.556e-02, arg(S[1][1]) = -1.042e-01

It 1002/1751: ω/2π = 2.500e+00 GHz (total elapsed time = 2.47e+02 s)

 Sol. ||E|| = 3.822137e+01
 Field energy E (4.544e-11 J) + H (4.531e-11 J) = 9.075e-11 J
 S[1][1] = +9.971e-01-1.922e-03i, |S[1][1]| = -2.540e-02, arg(S[1][1]) = -1.104e-01

It 1003/1751: ω/2π = 2.500e+00 GHz (total elapsed time = 2.47e+02 s)

 Sol. ||E|| = 3.822037e+01
 Field energy E (4.532e-11 J) + H (4.518e-11 J) = 9.050e-11 J
 S[1][1] = +9.971e-01-2.030e-03i, |S[1][1]| = -2.524e-02, arg(S[1][1]) = -1.167e-01

It 1004/1751: ω/2π = 2.501e+00 GHz (total elapsed time = 2.47e+02 s)

 Sol. ||E|| = 3.821938e+01
 Field energy E (4.521e-11 J) + H (4.506e-11 J) = 9.027e-11 J
 S[1][1] = +9.971e-01-2.138e-03i, |S[1][1]| = -2.508e-02, arg(S[1][1]) = -1.229e-01

It 1005/1751: ω/2π = 2.501e+00 GHz (total elapsed time = 2.47e+02 s)

 Sol. ||E|| = 3.821840e+01
 Field energy E (4.509e-11 J) + H (4.494e-11 J) = 9.003e-11 J
 S[1][1] = +9.971e-01-2.246e-03i, |S[1][1]| = -2.492e-02, arg(S[1][1]) = -1.291e-01

It 1006/1751: ω/2π = 2.501e+00 GHz (total elapsed time = 2.47e+02 s)

 Sol. ||E|| = 3.821743e+01
 Field energy E (4.498e-11 J) + H (4.482e-11 J) = 8.980e-11 J
 S[1][1] = +9.971e-01-2.354e-03i, |S[1][1]| = -2.477e-02, arg(S[1][1]) = -1.352e-01

It 1007/1751: ω/2π = 2.501e+00 GHz (total elapsed time = 2.47e+02 s)

 Sol. ||E|| = 3.821648e+01
 Field energy E (4.487e-11 J) + H (4.470e-11 J) = 8.957e-11 J
 S[1][1] = +9.972e-01-2.461e-03i, |S[1][1]| = -2.462e-02, arg(S[1][1]) = -1.414e-01

It 1008/1751: ω/2π = 2.501e+00 GHz (total elapsed time = 2.47e+02 s)

 Sol. ||E|| = 3.821554e+01
 Field energy E (4.476e-11 J) + H (4.458e-11 J) = 8.934e-11 J
 S[1][1] = +9.972e-01-2.568e-03i, |S[1][1]| = -2.447e-02, arg(S[1][1]) = -1.476e-01

It 1009/1751: ω/2π = 2.502e+00 GHz (total elapsed time = 2.48e+02 s)

 Sol. ||E|| = 3.821461e+01
 Field energy E (4.465e-11 J) + H (4.447e-11 J) = 8.912e-11 J
 S[1][1] = +9.972e-01-2.675e-03i, |S[1][1]| = -2.432e-02, arg(S[1][1]) = -1.537e-01

It 1010/1751: ω/2π = 2.502e+00 GHz (total elapsed time = 2.48e+02 s)

 Sol. ||E|| = 3.821369e+01
 Field energy E (4.454e-11 J) + H (4.435e-11 J) = 8.889e-11 J
 S[1][1] = +9.972e-01-2.782e-03i, |S[1][1]| = -2.417e-02, arg(S[1][1]) = -1.599e-01

It 1011/1751: ω/2π = 2.502e+00 GHz (total elapsed time = 2.48e+02 s)

 Sol. ||E|| = 3.821279e+01
 Field energy E (4.444e-11 J) + H (4.424e-11 J) = 8.868e-11 J
 S[1][1] = +9.972e-01-2.889e-03i, |S[1][1]| = -2.403e-02, arg(S[1][1]) = -1.660e-01

It 1012/1751: ω/2π = 2.502e+00 GHz (total elapsed time = 2.48e+02 s)

 Sol. ||E|| = 3.821190e+01
 Field energy E (4.433e-11 J) + H (4.413e-11 J) = 8.846e-11 J
 S[1][1] = +9.972e-01-2.995e-03i, |S[1][1]| = -2.388e-02, arg(S[1][1]) = -1.721e-01

It 1013/1751: ω/2π = 2.502e+00 GHz (total elapsed time = 2.48e+02 s)

 Sol. ||E|| = 3.821101e+01
 Field energy E (4.423e-11 J) + H (4.402e-11 J) = 8.825e-11 J
 S[1][1] = +9.973e-01-3.102e-03i, |S[1][1]| = -2.374e-02, arg(S[1][1]) = -1.782e-01

It 1014/1751: ω/2π = 2.503e+00 GHz (total elapsed time = 2.48e+02 s)

 Sol. ||E|| = 3.821014e+01
 Field energy E (4.413e-11 J) + H (4.391e-11 J) = 8.804e-11 J
 S[1][1] = +9.973e-01-3.208e-03i, |S[1][1]| = -2.360e-02, arg(S[1][1]) = -1.843e-01

It 1015/1751: ω/2π = 2.503e+00 GHz (total elapsed time = 2.48e+02 s)

 Sol. ||E|| = 3.820929e+01
 Field energy E (4.403e-11 J) + H (4.380e-11 J) = 8.783e-11 J
 S[1][1] = +9.973e-01-3.314e-03i, |S[1][1]| = -2.347e-02, arg(S[1][1]) = -1.904e-01

It 1016/1751: ω/2π = 2.503e+00 GHz (total elapsed time = 2.48e+02 s)

 Sol. ||E|| = 3.820844e+01
 Field energy E (4.393e-11 J) + H (4.370e-11 J) = 8.762e-11 J
 S[1][1] = +9.973e-01-3.420e-03i, |S[1][1]| = -2.333e-02, arg(S[1][1]) = -1.965e-01

It 1017/1751: ω/2π = 2.503e+00 GHz (total elapsed time = 2.48e+02 s)

 Sol. ||E|| = 3.820760e+01
 Field energy E (4.383e-11 J) + H (4.359e-11 J) = 8.742e-11 J
 S[1][1] = +9.973e-01-3.525e-03i, |S[1][1]| = -2.320e-02, arg(S[1][1]) = -2.025e-01

It 1018/1751: ω/2π = 2.503e+00 GHz (total elapsed time = 2.48e+02 s)

 Sol. ||E|| = 3.820678e+01
 Field energy E (4.373e-11 J) + H (4.349e-11 J) = 8.722e-11 J
 S[1][1] = +9.973e-01-3.631e-03i, |S[1][1]| = -2.306e-02, arg(S[1][1]) = -2.086e-01

It 1019/1751: ω/2π = 2.504e+00 GHz (total elapsed time = 2.48e+02 s)

 Sol. ||E|| = 3.820596e+01
 Field energy E (4.364e-11 J) + H (4.339e-11 J) = 8.702e-11 J
 S[1][1] = +9.974e-01-3.736e-03i, |S[1][1]| = -2.293e-02, arg(S[1][1]) = -2.146e-01

It 1020/1751: ω/2π = 2.504e+00 GHz (total elapsed time = 2.48e+02 s)

 Sol. ||E|| = 3.820515e+01
 Field energy E (4.354e-11 J) + H (4.329e-11 J) = 8.683e-11 J
 S[1][1] = +9.974e-01-3.841e-03i, |S[1][1]| = -2.280e-02, arg(S[1][1]) = -2.206e-01

It 1021/1751: ω/2π = 2.504e+00 GHz (total elapsed time = 2.48e+02 s)

 Sol. ||E|| = 3.820436e+01
 Field energy E (4.345e-11 J) + H (4.319e-11 J) = 8.663e-11 J
 S[1][1] = +9.974e-01-3.946e-03i, |S[1][1]| = -2.267e-02, arg(S[1][1]) = -2.267e-01

It 1022/1751: ω/2π = 2.504e+00 GHz (total elapsed time = 2.48e+02 s)

 Sol. ||E|| = 3.820357e+01
 Field energy E (4.336e-11 J) + H (4.309e-11 J) = 8.644e-11 J
 S[1][1] = +9.974e-01-4.050e-03i, |S[1][1]| = -2.255e-02, arg(S[1][1]) = -2.327e-01

It 1023/1751: ω/2π = 2.504e+00 GHz (total elapsed time = 2.48e+02 s)

 Sol. ||E|| = 3.820280e+01
 Field energy E (4.327e-11 J) + H (4.299e-11 J) = 8.626e-11 J
 S[1][1] = +9.974e-01-4.155e-03i, |S[1][1]| = -2.242e-02, arg(S[1][1]) = -2.387e-01

It 1024/1751: ω/2π = 2.505e+00 GHz (total elapsed time = 2.48e+02 s)

 Sol. ||E|| = 3.820203e+01
 Field energy E (4.318e-11 J) + H (4.289e-11 J) = 8.607e-11 J
 S[1][1] = +9.974e-01-4.259e-03i, |S[1][1]| = -2.230e-02, arg(S[1][1]) = -2.447e-01

It 1025/1751: ω/2π = 2.505e+00 GHz (total elapsed time = 2.48e+02 s)

 Sol. ||E|| = 3.820128e+01
 Field energy E (4.309e-11 J) + H (4.280e-11 J) = 8.589e-11 J
 S[1][1] = +9.974e-01-4.363e-03i, |S[1][1]| = -2.218e-02, arg(S[1][1]) = -2.506e-01

It 1026/1751: ω/2π = 2.505e+00 GHz (total elapsed time = 2.49e+02 s)

 Sol. ||E|| = 3.820053e+01
 Field energy E (4.300e-11 J) + H (4.270e-11 J) = 8.570e-11 J
 S[1][1] = +9.975e-01-4.467e-03i, |S[1][1]| = -2.206e-02, arg(S[1][1]) = -2.566e-01

It 1027/1751: ω/2π = 2.505e+00 GHz (total elapsed time = 2.49e+02 s)

 Sol. ||E|| = 3.819979e+01
 Field energy E (4.291e-11 J) + H (4.261e-11 J) = 8.552e-11 J
 S[1][1] = +9.975e-01-4.571e-03i, |S[1][1]| = -2.194e-02, arg(S[1][1]) = -2.626e-01

It 1028/1751: ω/2π = 2.505e+00 GHz (total elapsed time = 2.49e+02 s)

 Sol. ||E|| = 3.819907e+01
 Field energy E (4.283e-11 J) + H (4.252e-11 J) = 8.535e-11 J
 S[1][1] = +9.975e-01-4.675e-03i, |S[1][1]| = -2.182e-02, arg(S[1][1]) = -2.685e-01

It 1029/1751: ω/2π = 2.506e+00 GHz (total elapsed time = 2.49e+02 s)

 Sol. ||E|| = 3.819835e+01
 Field energy E (4.274e-11 J) + H (4.243e-11 J) = 8.517e-11 J
 S[1][1] = +9.975e-01-4.778e-03i, |S[1][1]| = -2.171e-02, arg(S[1][1]) = -2.745e-01

It 1030/1751: ω/2π = 2.506e+00 GHz (total elapsed time = 2.49e+02 s)

 Sol. ||E|| = 3.819764e+01
 Field energy E (4.266e-11 J) + H (4.234e-11 J) = 8.500e-11 J
 S[1][1] = +9.975e-01-4.882e-03i, |S[1][1]| = -2.159e-02, arg(S[1][1]) = -2.804e-01

It 1031/1751: ω/2π = 2.506e+00 GHz (total elapsed time = 2.49e+02 s)

 Sol. ||E|| = 3.819694e+01
 Field energy E (4.258e-11 J) + H (4.225e-11 J) = 8.483e-11 J
 S[1][1] = +9.975e-01-4.985e-03i, |S[1][1]| = -2.148e-02, arg(S[1][1]) = -2.863e-01

It 1032/1751: ω/2π = 2.506e+00 GHz (total elapsed time = 2.49e+02 s)

 Sol. ||E|| = 3.819624e+01
 Field energy E (4.250e-11 J) + H (4.216e-11 J) = 8.466e-11 J
 S[1][1] = +9.975e-01-5.088e-03i, |S[1][1]| = -2.137e-02, arg(S[1][1]) = -2.922e-01

It 1033/1751: ω/2π = 2.506e+00 GHz (total elapsed time = 2.49e+02 s)

 Sol. ||E|| = 3.819556e+01
 Field energy E (4.242e-11 J) + H (4.207e-11 J) = 8.449e-11 J
 S[1][1] = +9.975e-01-5.191e-03i, |S[1][1]| = -2.125e-02, arg(S[1][1]) = -2.981e-01

It 1034/1751: ω/2π = 2.507e+00 GHz (total elapsed time = 2.49e+02 s)

 Sol. ||E|| = 3.819489e+01
 Field energy E (4.234e-11 J) + H (4.199e-11 J) = 8.433e-11 J
 S[1][1] = +9.976e-01-5.294e-03i, |S[1][1]| = -2.115e-02, arg(S[1][1]) = -3.040e-01

It 1035/1751: ω/2π = 2.507e+00 GHz (total elapsed time = 2.49e+02 s)

 Sol. ||E|| = 3.819422e+01
 Field energy E (4.226e-11 J) + H (4.190e-11 J) = 8.416e-11 J
 S[1][1] = +9.976e-01-5.396e-03i, |S[1][1]| = -2.104e-02, arg(S[1][1]) = -3.099e-01

It 1036/1751: ω/2π = 2.507e+00 GHz (total elapsed time = 2.49e+02 s)

 Sol. ||E|| = 3.819356e+01
 Field energy E (4.218e-11 J) + H (4.182e-11 J) = 8.400e-11 J
 S[1][1] = +9.976e-01-5.499e-03i, |S[1][1]| = -2.093e-02, arg(S[1][1]) = -3.158e-01

It 1037/1751: ω/2π = 2.507e+00 GHz (total elapsed time = 2.49e+02 s)

 Sol. ||E|| = 3.819291e+01
 Field energy E (4.211e-11 J) + H (4.174e-11 J) = 8.384e-11 J
 S[1][1] = +9.976e-01-5.601e-03i, |S[1][1]| = -2.082e-02, arg(S[1][1]) = -3.217e-01

It 1038/1751: ω/2π = 2.507e+00 GHz (total elapsed time = 2.49e+02 s)

 Sol. ||E|| = 3.819227e+01
 Field energy E (4.203e-11 J) + H (4.166e-11 J) = 8.368e-11 J
 S[1][1] = +9.976e-01-5.703e-03i, |S[1][1]| = -2.072e-02, arg(S[1][1]) = -3.275e-01

It 1039/1751: ω/2π = 2.508e+00 GHz (total elapsed time = 2.49e+02 s)

 Sol. ||E|| = 3.819163e+01
 Field energy E (4.195e-11 J) + H (4.157e-11 J) = 8.353e-11 J
 S[1][1] = +9.976e-01-5.805e-03i, |S[1][1]| = -2.062e-02, arg(S[1][1]) = -3.334e-01

It 1040/1751: ω/2π = 2.508e+00 GHz (total elapsed time = 2.49e+02 s)

 Sol. ||E|| = 3.819100e+01
 Field energy E (4.188e-11 J) + H (4.149e-11 J) = 8.337e-11 J
 S[1][1] = +9.976e-01-5.907e-03i, |S[1][1]| = -2.051e-02, arg(S[1][1]) = -3.392e-01

It 1041/1751: ω/2π = 2.508e+00 GHz (total elapsed time = 2.49e+02 s)

 Sol. ||E|| = 3.819039e+01
 Field energy E (4.181e-11 J) + H (4.141e-11 J) = 8.322e-11 J
 S[1][1] = +9.976e-01-6.008e-03i, |S[1][1]| = -2.041e-02, arg(S[1][1]) = -3.451e-01

It 1042/1751: ω/2π = 2.508e+00 GHz (total elapsed time = 2.50e+02 s)

 Sol. ||E|| = 3.818977e+01
 Field energy E (4.174e-11 J) + H (4.134e-11 J) = 8.307e-11 J
 S[1][1] = +9.976e-01-6.110e-03i, |S[1][1]| = -2.031e-02, arg(S[1][1]) = -3.509e-01

It 1043/1751: ω/2π = 2.508e+00 GHz (total elapsed time = 2.50e+02 s)

 Sol. ||E|| = 3.818917e+01
 Field energy E (4.166e-11 J) + H (4.126e-11 J) = 8.292e-11 J
 S[1][1] = +9.977e-01-6.211e-03i, |S[1][1]| = -2.021e-02, arg(S[1][1]) = -3.567e-01

It 1044/1751: ω/2π = 2.509e+00 GHz (total elapsed time = 2.50e+02 s)

 Sol. ||E|| = 3.818857e+01
 Field energy E (4.159e-11 J) + H (4.118e-11 J) = 8.278e-11 J
 S[1][1] = +9.977e-01-6.312e-03i, |S[1][1]| = -2.012e-02, arg(S[1][1]) = -3.625e-01

It 1045/1751: ω/2π = 2.509e+00 GHz (total elapsed time = 2.50e+02 s)

 Sol. ||E|| = 3.818798e+01
 Field energy E (4.152e-11 J) + H (4.111e-11 J) = 8.263e-11 J
 S[1][1] = +9.977e-01-6.414e-03i, |S[1][1]| = -2.002e-02, arg(S[1][1]) = -3.683e-01

It 1046/1751: ω/2π = 2.509e+00 GHz (total elapsed time = 2.50e+02 s)

 Sol. ||E|| = 3.818740e+01
 Field energy E (4.146e-11 J) + H (4.103e-11 J) = 8.249e-11 J
 S[1][1] = +9.977e-01-6.515e-03i, |S[1][1]| = -1.992e-02, arg(S[1][1]) = -3.741e-01

It 1047/1751: ω/2π = 2.509e+00 GHz (total elapsed time = 2.50e+02 s)

 Sol. ||E|| = 3.818682e+01
 Field energy E (4.139e-11 J) + H (4.096e-11 J) = 8.234e-11 J
 S[1][1] = +9.977e-01-6.615e-03i, |S[1][1]| = -1.983e-02, arg(S[1][1]) = -3.799e-01

It 1048/1751: ω/2π = 2.509e+00 GHz (total elapsed time = 2.50e+02 s)

 Sol. ||E|| = 3.818625e+01
 Field energy E (4.132e-11 J) + H (4.088e-11 J) = 8.220e-11 J
 S[1][1] = +9.977e-01-6.716e-03i, |S[1][1]| = -1.973e-02, arg(S[1][1]) = -3.857e-01

It 1049/1751: ω/2π = 2.510e+00 GHz (total elapsed time = 2.50e+02 s)

 Sol. ||E|| = 3.818569e+01
 Field energy E (4.125e-11 J) + H (4.081e-11 J) = 8.206e-11 J
 S[1][1] = +9.977e-01-6.817e-03i, |S[1][1]| = -1.964e-02, arg(S[1][1]) = -3.914e-01

It 1050/1751: ω/2π = 2.510e+00 GHz (total elapsed time = 2.50e+02 s)

 Sol. ||E|| = 3.818514e+01
 Field energy E (4.119e-11 J) + H (4.074e-11 J) = 8.193e-11 J
 S[1][1] = +9.977e-01-6.917e-03i, |S[1][1]| = -1.955e-02, arg(S[1][1]) = -3.972e-01

It 1051/1751: ω/2π = 2.510e+00 GHz (total elapsed time = 2.50e+02 s)

 Sol. ||E|| = 3.818459e+01
 Field energy E (4.112e-11 J) + H (4.067e-11 J) = 8.179e-11 J
 S[1][1] = +9.977e-01-7.017e-03i, |S[1][1]| = -1.946e-02, arg(S[1][1]) = -4.030e-01

It 1052/1751: ω/2π = 2.510e+00 GHz (total elapsed time = 2.50e+02 s)

 Sol. ||E|| = 3.818405e+01
 Field energy E (4.106e-11 J) + H (4.060e-11 J) = 8.166e-11 J
 S[1][1] = +9.977e-01-7.117e-03i, |S[1][1]| = -1.937e-02, arg(S[1][1]) = -4.087e-01

It 1053/1751: ω/2π = 2.510e+00 GHz (total elapsed time = 2.50e+02 s)

 Sol. ||E|| = 3.818351e+01
 Field energy E (4.100e-11 J) + H (4.053e-11 J) = 8.152e-11 J
 S[1][1] = +9.978e-01-7.217e-03i, |S[1][1]| = -1.928e-02, arg(S[1][1]) = -4.144e-01

It 1054/1751: ω/2π = 2.511e+00 GHz (total elapsed time = 2.50e+02 s)

 Sol. ||E|| = 3.818298e+01
 Field energy E (4.093e-11 J) + H (4.046e-11 J) = 8.139e-11 J
 S[1][1] = +9.978e-01-7.317e-03i, |S[1][1]| = -1.919e-02, arg(S[1][1]) = -4.202e-01

It 1055/1751: ω/2π = 2.511e+00 GHz (total elapsed time = 2.50e+02 s)

 Sol. ||E|| = 3.818246e+01
 Field energy E (4.087e-11 J) + H (4.039e-11 J) = 8.126e-11 J
 S[1][1] = +9.978e-01-7.417e-03i, |S[1][1]| = -1.911e-02, arg(S[1][1]) = -4.259e-01

It 1056/1751: ω/2π = 2.511e+00 GHz (total elapsed time = 2.50e+02 s)

 Sol. ||E|| = 3.818194e+01
 Field energy E (4.081e-11 J) + H (4.032e-11 J) = 8.113e-11 J
 S[1][1] = +9.978e-01-7.517e-03i, |S[1][1]| = -1.902e-02, arg(S[1][1]) = -4.316e-01

It 1057/1751: ω/2π = 2.511e+00 GHz (total elapsed time = 2.50e+02 s)

 Sol. ||E|| = 3.818143e+01
 Field energy E (4.075e-11 J) + H (4.026e-11 J) = 8.101e-11 J
 S[1][1] = +9.978e-01-7.616e-03i, |S[1][1]| = -1.894e-02, arg(S[1][1]) = -4.373e-01

It 1058/1751: ω/2π = 2.511e+00 GHz (total elapsed time = 2.51e+02 s)

 Sol. ||E|| = 3.818093e+01
 Field energy E (4.069e-11 J) + H (4.019e-11 J) = 8.088e-11 J
 S[1][1] = +9.978e-01-7.715e-03i, |S[1][1]| = -1.885e-02, arg(S[1][1]) = -4.430e-01

It 1059/1751: ω/2π = 2.512e+00 GHz (total elapsed time = 2.51e+02 s)

 Sol. ||E|| = 3.818043e+01
 Field energy E (4.063e-11 J) + H (4.012e-11 J) = 8.076e-11 J
 S[1][1] = +9.978e-01-7.815e-03i, |S[1][1]| = -1.877e-02, arg(S[1][1]) = -4.487e-01

It 1060/1751: ω/2π = 2.512e+00 GHz (total elapsed time = 2.51e+02 s)

 Sol. ||E|| = 3.817994e+01
 Field energy E (4.057e-11 J) + H (4.006e-11 J) = 8.063e-11 J
 S[1][1] = +9.978e-01-7.914e-03i, |S[1][1]| = -1.869e-02, arg(S[1][1]) = -4.544e-01

It 1061/1751: ω/2π = 2.512e+00 GHz (total elapsed time = 2.51e+02 s)

 Sol. ||E|| = 3.817945e+01
 Field energy E (4.052e-11 J) + H (4.000e-11 J) = 8.051e-11 J
 S[1][1] = +9.978e-01-8.013e-03i, |S[1][1]| = -1.861e-02, arg(S[1][1]) = -4.601e-01

It 1062/1751: ω/2π = 2.512e+00 GHz (total elapsed time = 2.51e+02 s)

 Sol. ||E|| = 3.817897e+01
 Field energy E (4.046e-11 J) + H (3.993e-11 J) = 8.039e-11 J
 S[1][1] = +9.978e-01-8.112e-03i, |S[1][1]| = -1.853e-02, arg(S[1][1]) = -4.658e-01

It 1063/1751: ω/2π = 2.512e+00 GHz (total elapsed time = 2.51e+02 s)

 Sol. ||E|| = 3.817850e+01
 Field energy E (4.040e-11 J) + H (3.987e-11 J) = 8.027e-11 J
 S[1][1] = +9.978e-01-8.210e-03i, |S[1][1]| = -1.845e-02, arg(S[1][1]) = -4.714e-01

It 1064/1751: ω/2π = 2.513e+00 GHz (total elapsed time = 2.51e+02 s)

 Sol. ||E|| = 3.817803e+01
 Field energy E (4.035e-11 J) + H (3.981e-11 J) = 8.015e-11 J
 S[1][1] = +9.979e-01-8.309e-03i, |S[1][1]| = -1.837e-02, arg(S[1][1]) = -4.771e-01

It 1065/1751: ω/2π = 2.513e+00 GHz (total elapsed time = 2.51e+02 s)

 Sol. ||E|| = 3.817757e+01
 Field energy E (4.029e-11 J) + H (3.975e-11 J) = 8.004e-11 J
 S[1][1] = +9.979e-01-8.408e-03i, |S[1][1]| = -1.829e-02, arg(S[1][1]) = -4.827e-01

It 1066/1751: ω/2π = 2.513e+00 GHz (total elapsed time = 2.51e+02 s)

 Sol. ||E|| = 3.817711e+01
 Field energy E (4.024e-11 J) + H (3.969e-11 J) = 7.992e-11 J
 S[1][1] = +9.979e-01-8.506e-03i, |S[1][1]| = -1.821e-02, arg(S[1][1]) = -4.884e-01

It 1067/1751: ω/2π = 2.513e+00 GHz (total elapsed time = 2.51e+02 s)

 Sol. ||E|| = 3.817666e+01
 Field energy E (4.018e-11 J) + H (3.963e-11 J) = 7.981e-11 J
 S[1][1] = +9.979e-01-8.604e-03i, |S[1][1]| = -1.814e-02, arg(S[1][1]) = -4.940e-01

It 1068/1751: ω/2π = 2.513e+00 GHz (total elapsed time = 2.51e+02 s)

 Sol. ||E|| = 3.817621e+01
 Field energy E (4.013e-11 J) + H (3.957e-11 J) = 7.970e-11 J
 S[1][1] = +9.979e-01-8.703e-03i, |S[1][1]| = -1.806e-02, arg(S[1][1]) = -4.997e-01

It 1069/1751: ω/2π = 2.514e+00 GHz (total elapsed time = 2.51e+02 s)

 Sol. ||E|| = 3.817577e+01
 Field energy E (4.008e-11 J) + H (3.951e-11 J) = 7.958e-11 J
 S[1][1] = +9.979e-01-8.801e-03i, |S[1][1]| = -1.799e-02, arg(S[1][1]) = -5.053e-01

It 1070/1751: ω/2π = 2.514e+00 GHz (total elapsed time = 2.51e+02 s)

 Sol. ||E|| = 3.817533e+01
 Field energy E (4.002e-11 J) + H (3.945e-11 J) = 7.947e-11 J
 S[1][1] = +9.979e-01-8.899e-03i, |S[1][1]| = -1.791e-02, arg(S[1][1]) = -5.109e-01

It 1071/1751: ω/2π = 2.514e+00 GHz (total elapsed time = 2.51e+02 s)

 Sol. ||E|| = 3.817490e+01
 Field energy E (3.997e-11 J) + H (3.939e-11 J) = 7.936e-11 J
 S[1][1] = +9.979e-01-8.996e-03i, |S[1][1]| = -1.784e-02, arg(S[1][1]) = -5.165e-01

It 1072/1751: ω/2π = 2.514e+00 GHz (total elapsed time = 2.51e+02 s)

 Sol. ||E|| = 3.817447e+01
 Field energy E (3.992e-11 J) + H (3.933e-11 J) = 7.926e-11 J
 S[1][1] = +9.979e-01-9.094e-03i, |S[1][1]| = -1.777e-02, arg(S[1][1]) = -5.221e-01

It 1073/1751: ω/2π = 2.514e+00 GHz (total elapsed time = 2.51e+02 s)

 Sol. ||E|| = 3.817405e+01
 Field energy E (3.987e-11 J) + H (3.928e-11 J) = 7.915e-11 J
 S[1][1] = +9.979e-01-9.192e-03i, |S[1][1]| = -1.769e-02, arg(S[1][1]) = -5.277e-01

It 1074/1751: ω/2π = 2.515e+00 GHz (total elapsed time = 2.52e+02 s)

 Sol. ||E|| = 3.817364e+01
 Field energy E (3.982e-11 J) + H (3.922e-11 J) = 7.904e-11 J
 S[1][1] = +9.979e-01-9.289e-03i, |S[1][1]| = -1.762e-02, arg(S[1][1]) = -5.333e-01

It 1075/1751: ω/2π = 2.515e+00 GHz (total elapsed time = 2.52e+02 s)

 Sol. ||E|| = 3.817322e+01
 Field energy E (3.977e-11 J) + H (3.917e-11 J) = 7.894e-11 J
 S[1][1] = +9.979e-01-9.387e-03i, |S[1][1]| = -1.755e-02, arg(S[1][1]) = -5.389e-01

It 1076/1751: ω/2π = 2.515e+00 GHz (total elapsed time = 2.52e+02 s)

 Sol. ||E|| = 3.817282e+01
 Field energy E (3.972e-11 J) + H (3.911e-11 J) = 7.883e-11 J
 S[1][1] = +9.979e-01-9.484e-03i, |S[1][1]| = -1.748e-02, arg(S[1][1]) = -5.445e-01

It 1077/1751: ω/2π = 2.515e+00 GHz (total elapsed time = 2.52e+02 s)

 Sol. ||E|| = 3.817242e+01
 Field energy E (3.968e-11 J) + H (3.906e-11 J) = 7.873e-11 J
 S[1][1] = +9.980e-01-9.581e-03i, |S[1][1]| = -1.741e-02, arg(S[1][1]) = -5.501e-01

It 1078/1751: ω/2π = 2.515e+00 GHz (total elapsed time = 2.52e+02 s)

 Sol. ||E|| = 3.817202e+01
 Field energy E (3.963e-11 J) + H (3.900e-11 J) = 7.863e-11 J
 S[1][1] = +9.980e-01-9.678e-03i, |S[1][1]| = -1.735e-02, arg(S[1][1]) = -5.556e-01

It 1079/1751: ω/2π = 2.516e+00 GHz (total elapsed time = 2.52e+02 s)

 Sol. ||E|| = 3.817163e+01
 Field energy E (3.958e-11 J) + H (3.895e-11 J) = 7.853e-11 J
 S[1][1] = +9.980e-01-9.775e-03i, |S[1][1]| = -1.728e-02, arg(S[1][1]) = -5.612e-01

It 1080/1751: ω/2π = 2.516e+00 GHz (total elapsed time = 2.52e+02 s)

 Sol. ||E|| = 3.817124e+01
 Field energy E (3.953e-11 J) + H (3.890e-11 J) = 7.843e-11 J
 S[1][1] = +9.980e-01-9.872e-03i, |S[1][1]| = -1.721e-02, arg(S[1][1]) = -5.668e-01

It 1081/1751: ω/2π = 2.516e+00 GHz (total elapsed time = 2.52e+02 s)

 Sol. ||E|| = 3.817086e+01
 Field energy E (3.949e-11 J) + H (3.884e-11 J) = 7.833e-11 J
 S[1][1] = +9.980e-01-9.969e-03i, |S[1][1]| = -1.714e-02, arg(S[1][1]) = -5.723e-01

It 1082/1751: ω/2π = 2.516e+00 GHz (total elapsed time = 2.52e+02 s)

 Sol. ||E|| = 3.817048e+01
 Field energy E (3.944e-11 J) + H (3.879e-11 J) = 7.824e-11 J
 S[1][1] = +9.980e-01-1.007e-02i, |S[1][1]| = -1.708e-02, arg(S[1][1]) = -5.779e-01

It 1083/1751: ω/2π = 2.516e+00 GHz (total elapsed time = 2.52e+02 s)

 Sol. ||E|| = 3.817011e+01
 Field energy E (3.940e-11 J) + H (3.874e-11 J) = 7.814e-11 J
 S[1][1] = +9.980e-01-1.016e-02i, |S[1][1]| = -1.701e-02, arg(S[1][1]) = -5.834e-01

It 1084/1751: ω/2π = 2.517e+00 GHz (total elapsed time = 2.52e+02 s)

 Sol. ||E|| = 3.816974e+01
 Field energy E (3.935e-11 J) + H (3.869e-11 J) = 7.804e-11 J
 S[1][1] = +9.980e-01-1.026e-02i, |S[1][1]| = -1.695e-02, arg(S[1][1]) = -5.889e-01

It 1085/1751: ω/2π = 2.517e+00 GHz (total elapsed time = 2.52e+02 s)

 Sol. ||E|| = 3.816937e+01
 Field energy E (3.931e-11 J) + H (3.864e-11 J) = 7.795e-11 J
 S[1][1] = +9.980e-01-1.035e-02i, |S[1][1]| = -1.689e-02, arg(S[1][1]) = -5.945e-01

It 1086/1751: ω/2π = 2.517e+00 GHz (total elapsed time = 2.52e+02 s)

 Sol. ||E|| = 3.816901e+01
 Field energy E (3.926e-11 J) + H (3.859e-11 J) = 7.786e-11 J
 S[1][1] = +9.980e-01-1.045e-02i, |S[1][1]| = -1.682e-02, arg(S[1][1]) = -6.000e-01

It 1087/1751: ω/2π = 2.517e+00 GHz (total elapsed time = 2.52e+02 s)

 Sol. ||E|| = 3.816865e+01
 Field energy E (3.922e-11 J) + H (3.854e-11 J) = 7.776e-11 J
 S[1][1] = +9.980e-01-1.055e-02i, |S[1][1]| = -1.676e-02, arg(S[1][1]) = -6.055e-01

It 1088/1751: ω/2π = 2.517e+00 GHz (total elapsed time = 2.52e+02 s)

 Sol. ||E|| = 3.816830e+01
 Field energy E (3.918e-11 J) + H (3.849e-11 J) = 7.767e-11 J
 S[1][1] = +9.980e-01-1.064e-02i, |S[1][1]| = -1.670e-02, arg(S[1][1]) = -6.110e-01

It 1089/1751: ω/2π = 2.518e+00 GHz (total elapsed time = 2.53e+02 s)

 Sol. ||E|| = 3.816795e+01
 Field energy E (3.914e-11 J) + H (3.845e-11 J) = 7.758e-11 J
 S[1][1] = +9.980e-01-1.074e-02i, |S[1][1]| = -1.664e-02, arg(S[1][1]) = -6.165e-01

It 1090/1751: ω/2π = 2.518e+00 GHz (total elapsed time = 2.53e+02 s)

 Sol. ||E|| = 3.816761e+01
 Field energy E (3.909e-11 J) + H (3.840e-11 J) = 7.749e-11 J
 S[1][1] = +9.980e-01-1.084e-02i, |S[1][1]| = -1.658e-02, arg(S[1][1]) = -6.220e-01

It 1091/1751: ω/2π = 2.518e+00 GHz (total elapsed time = 2.53e+02 s)

 Sol. ||E|| = 3.816727e+01
 Field energy E (3.905e-11 J) + H (3.835e-11 J) = 7.740e-11 J
 S[1][1] = +9.980e-01-1.093e-02i, |S[1][1]| = -1.652e-02, arg(S[1][1]) = -6.275e-01

It 1092/1751: ω/2π = 2.518e+00 GHz (total elapsed time = 2.53e+02 s)

 Sol. ||E|| = 3.816693e+01
 Field energy E (3.901e-11 J) + H (3.830e-11 J) = 7.732e-11 J
 S[1][1] = +9.980e-01-1.103e-02i, |S[1][1]| = -1.646e-02, arg(S[1][1]) = -6.330e-01

It 1093/1751: ω/2π = 2.518e+00 GHz (total elapsed time = 2.53e+02 s)

 Sol. ||E|| = 3.816660e+01
 Field energy E (3.897e-11 J) + H (3.826e-11 J) = 7.723e-11 J
 S[1][1] = +9.981e-01-1.112e-02i, |S[1][1]| = -1.640e-02, arg(S[1][1]) = -6.385e-01

It 1094/1751: ω/2π = 2.519e+00 GHz (total elapsed time = 2.53e+02 s)

 Sol. ||E|| = 3.816627e+01
 Field energy E (3.893e-11 J) + H (3.821e-11 J) = 7.714e-11 J
 S[1][1] = +9.981e-01-1.122e-02i, |S[1][1]| = -1.634e-02, arg(S[1][1]) = -6.440e-01

It 1095/1751: ω/2π = 2.519e+00 GHz (total elapsed time = 2.53e+02 s)

 Sol. ||E|| = 3.816595e+01
 Field energy E (3.889e-11 J) + H (3.817e-11 J) = 7.706e-11 J
 S[1][1] = +9.981e-01-1.131e-02i, |S[1][1]| = -1.628e-02, arg(S[1][1]) = -6.494e-01

It 1096/1751: ω/2π = 2.519e+00 GHz (total elapsed time = 2.53e+02 s)

 Sol. ||E|| = 3.816563e+01
 Field energy E (3.885e-11 J) + H (3.812e-11 J) = 7.697e-11 J
 S[1][1] = +9.981e-01-1.141e-02i, |S[1][1]| = -1.622e-02, arg(S[1][1]) = -6.549e-01

It 1097/1751: ω/2π = 2.519e+00 GHz (total elapsed time = 2.53e+02 s)

 Sol. ||E|| = 3.816531e+01
 Field energy E (3.881e-11 J) + H (3.808e-11 J) = 7.689e-11 J
 S[1][1] = +9.981e-01-1.150e-02i, |S[1][1]| = -1.617e-02, arg(S[1][1]) = -6.604e-01

It 1098/1751: ω/2π = 2.519e+00 GHz (total elapsed time = 2.53e+02 s)

 Sol. ||E|| = 3.816500e+01
 Field energy E (3.878e-11 J) + H (3.803e-11 J) = 7.681e-11 J
 S[1][1] = +9.981e-01-1.160e-02i, |S[1][1]| = -1.611e-02, arg(S[1][1]) = -6.658e-01

It 1099/1751: ω/2π = 2.520e+00 GHz (total elapsed time = 2.53e+02 s)

 Sol. ||E|| = 3.816469e+01
 Field energy E (3.874e-11 J) + H (3.799e-11 J) = 7.673e-11 J
 S[1][1] = +9.981e-01-1.169e-02i, |S[1][1]| = -1.606e-02, arg(S[1][1]) = -6.713e-01

It 1100/1751: ω/2π = 2.520e+00 GHz (total elapsed time = 2.53e+02 s)

 Sol. ||E|| = 3.816439e+01
 Field energy E (3.870e-11 J) + H (3.794e-11 J) = 7.665e-11 J
 S[1][1] = +9.981e-01-1.179e-02i, |S[1][1]| = -1.600e-02, arg(S[1][1]) = -6.767e-01

It 1101/1751: ω/2π = 2.520e+00 GHz (total elapsed time = 2.53e+02 s)

 Sol. ||E|| = 3.816409e+01
 Field energy E (3.866e-11 J) + H (3.790e-11 J) = 7.657e-11 J
 S[1][1] = +9.981e-01-1.188e-02i, |S[1][1]| = -1.595e-02, arg(S[1][1]) = -6.822e-01

It 1102/1751: ω/2π = 2.520e+00 GHz (total elapsed time = 2.53e+02 s)

 Sol. ||E|| = 3.816379e+01
 Field energy E (3.863e-11 J) + H (3.786e-11 J) = 7.649e-11 J
 S[1][1] = +9.981e-01-1.198e-02i, |S[1][1]| = -1.589e-02, arg(S[1][1]) = -6.876e-01

It 1103/1751: ω/2π = 2.520e+00 GHz (total elapsed time = 2.53e+02 s)

 Sol. ||E|| = 3.816350e+01
 Field energy E (3.859e-11 J) + H (3.782e-11 J) = 7.641e-11 J
 S[1][1] = +9.981e-01-1.207e-02i, |S[1][1]| = -1.584e-02, arg(S[1][1]) = -6.930e-01

It 1104/1751: ω/2π = 2.521e+00 GHz (total elapsed time = 2.53e+02 s)

 Sol. ||E|| = 3.816321e+01
 Field energy E (3.856e-11 J) + H (3.778e-11 J) = 7.633e-11 J
 S[1][1] = +9.981e-01-1.217e-02i, |S[1][1]| = -1.578e-02, arg(S[1][1]) = -6.985e-01

It 1105/1751: ω/2π = 2.521e+00 GHz (total elapsed time = 2.54e+02 s)

 Sol. ||E|| = 3.816292e+01
 Field energy E (3.852e-11 J) + H (3.773e-11 J) = 7.625e-11 J
 S[1][1] = +9.981e-01-1.226e-02i, |S[1][1]| = -1.573e-02, arg(S[1][1]) = -7.039e-01

It 1106/1751: ω/2π = 2.521e+00 GHz (total elapsed time = 2.54e+02 s)

 Sol. ||E|| = 3.816264e+01
 Field energy E (3.849e-11 J) + H (3.769e-11 J) = 7.618e-11 J
 S[1][1] = +9.981e-01-1.236e-02i, |S[1][1]| = -1.568e-02, arg(S[1][1]) = -7.093e-01

It 1107/1751: ω/2π = 2.521e+00 GHz (total elapsed time = 2.54e+02 s)

 Sol. ||E|| = 3.816236e+01
 Field energy E (3.845e-11 J) + H (3.765e-11 J) = 7.610e-11 J
 S[1][1] = +9.981e-01-1.245e-02i, |S[1][1]| = -1.563e-02, arg(S[1][1]) = -7.147e-01

It 1108/1751: ω/2π = 2.521e+00 GHz (total elapsed time = 2.54e+02 s)

 Sol. ||E|| = 3.816208e+01
 Field energy E (3.842e-11 J) + H (3.761e-11 J) = 7.603e-11 J
 S[1][1] = +9.981e-01-1.255e-02i, |S[1][1]| = -1.558e-02, arg(S[1][1]) = -7.201e-01

It 1109/1751: ω/2π = 2.522e+00 GHz (total elapsed time = 2.54e+02 s)

 Sol. ||E|| = 3.816181e+01
 Field energy E (3.838e-11 J) + H (3.757e-11 J) = 7.595e-11 J
 S[1][1] = +9.981e-01-1.264e-02i, |S[1][1]| = -1.553e-02, arg(S[1][1]) = -7.256e-01

It 1110/1751: ω/2π = 2.522e+00 GHz (total elapsed time = 2.54e+02 s)

 Sol. ||E|| = 3.816154e+01
 Field energy E (3.835e-11 J) + H (3.753e-11 J) = 7.588e-11 J
 S[1][1] = +9.981e-01-1.273e-02i, |S[1][1]| = -1.548e-02, arg(S[1][1]) = -7.310e-01

It 1111/1751: ω/2π = 2.522e+00 GHz (total elapsed time = 2.54e+02 s)

 Sol. ||E|| = 3.816127e+01
 Field energy E (3.832e-11 J) + H (3.749e-11 J) = 7.581e-11 J
 S[1][1] = +9.981e-01-1.283e-02i, |S[1][1]| = -1.543e-02, arg(S[1][1]) = -7.364e-01

It 1112/1751: ω/2π = 2.522e+00 GHz (total elapsed time = 2.54e+02 s)

 Sol. ||E|| = 3.816101e+01
 Field energy E (3.828e-11 J) + H (3.746e-11 J) = 7.574e-11 J
 S[1][1] = +9.981e-01-1.292e-02i, |S[1][1]| = -1.538e-02, arg(S[1][1]) = -7.417e-01

It 1113/1751: ω/2π = 2.522e+00 GHz (total elapsed time = 2.54e+02 s)

 Sol. ||E|| = 3.816075e+01
 Field energy E (3.825e-11 J) + H (3.742e-11 J) = 7.567e-11 J
 S[1][1] = +9.982e-01-1.302e-02i, |S[1][1]| = -1.533e-02, arg(S[1][1]) = -7.471e-01

It 1114/1751: ω/2π = 2.523e+00 GHz (total elapsed time = 2.54e+02 s)

 Sol. ||E|| = 3.816049e+01
 Field energy E (3.822e-11 J) + H (3.738e-11 J) = 7.560e-11 J
 S[1][1] = +9.982e-01-1.311e-02i, |S[1][1]| = -1.528e-02, arg(S[1][1]) = -7.525e-01

It 1115/1751: ω/2π = 2.523e+00 GHz (total elapsed time = 2.54e+02 s)

 Sol. ||E|| = 3.816024e+01
 Field energy E (3.819e-11 J) + H (3.734e-11 J) = 7.553e-11 J
 S[1][1] = +9.982e-01-1.320e-02i, |S[1][1]| = -1.523e-02, arg(S[1][1]) = -7.579e-01

It 1116/1751: ω/2π = 2.523e+00 GHz (total elapsed time = 2.54e+02 s)

 Sol. ||E|| = 3.815999e+01
 Field energy E (3.816e-11 J) + H (3.730e-11 J) = 7.546e-11 J
 S[1][1] = +9.982e-01-1.330e-02i, |S[1][1]| = -1.518e-02, arg(S[1][1]) = -7.633e-01

It 1117/1751: ω/2π = 2.523e+00 GHz (total elapsed time = 2.54e+02 s)

 Sol. ||E|| = 3.815974e+01
 Field energy E (3.812e-11 J) + H (3.727e-11 J) = 7.539e-11 J
 S[1][1] = +9.982e-01-1.339e-02i, |S[1][1]| = -1.514e-02, arg(S[1][1]) = -7.686e-01

It 1118/1751: ω/2π = 2.523e+00 GHz (total elapsed time = 2.54e+02 s)

 Sol. ||E|| = 3.815950e+01
 Field energy E (3.809e-11 J) + H (3.723e-11 J) = 7.532e-11 J
 S[1][1] = +9.982e-01-1.349e-02i, |S[1][1]| = -1.509e-02, arg(S[1][1]) = -7.740e-01

It 1119/1751: ω/2π = 2.524e+00 GHz (total elapsed time = 2.54e+02 s)

 Sol. ||E|| = 3.815925e+01
 Field energy E (3.806e-11 J) + H (3.719e-11 J) = 7.526e-11 J
 S[1][1] = +9.982e-01-1.358e-02i, |S[1][1]| = -1.504e-02, arg(S[1][1]) = -7.794e-01

It 1120/1751: ω/2π = 2.524e+00 GHz (total elapsed time = 2.54e+02 s)

 Sol. ||E|| = 3.815902e+01
 Field energy E (3.803e-11 J) + H (3.716e-11 J) = 7.519e-11 J
 S[1][1] = +9.982e-01-1.367e-02i, |S[1][1]| = -1.500e-02, arg(S[1][1]) = -7.847e-01

It 1121/1751: ω/2π = 2.524e+00 GHz (total elapsed time = 2.55e+02 s)

 Sol. ||E|| = 3.815878e+01
 Field energy E (3.800e-11 J) + H (3.712e-11 J) = 7.513e-11 J
 S[1][1] = +9.982e-01-1.377e-02i, |S[1][1]| = -1.495e-02, arg(S[1][1]) = -7.901e-01

It 1122/1751: ω/2π = 2.524e+00 GHz (total elapsed time = 2.55e+02 s)

 Sol. ||E|| = 3.815855e+01
 Field energy E (3.797e-11 J) + H (3.709e-11 J) = 7.506e-11 J
 S[1][1] = +9.982e-01-1.386e-02i, |S[1][1]| = -1.491e-02, arg(S[1][1]) = -7.954e-01

It 1123/1751: ω/2π = 2.524e+00 GHz (total elapsed time = 2.55e+02 s)

 Sol. ||E|| = 3.815832e+01
 Field energy E (3.795e-11 J) + H (3.705e-11 J) = 7.500e-11 J
 S[1][1] = +9.982e-01-1.395e-02i, |S[1][1]| = -1.486e-02, arg(S[1][1]) = -8.008e-01

It 1124/1751: ω/2π = 2.525e+00 GHz (total elapsed time = 2.55e+02 s)

 Sol. ||E|| = 3.815809e+01
 Field energy E (3.792e-11 J) + H (3.702e-11 J) = 7.494e-11 J
 S[1][1] = +9.982e-01-1.405e-02i, |S[1][1]| = -1.482e-02, arg(S[1][1]) = -8.061e-01

It 1125/1751: ω/2π = 2.525e+00 GHz (total elapsed time = 2.55e+02 s)

 Sol. ||E|| = 3.815787e+01
 Field energy E (3.789e-11 J) + H (3.698e-11 J) = 7.487e-11 J
 S[1][1] = +9.982e-01-1.414e-02i, |S[1][1]| = -1.478e-02, arg(S[1][1]) = -8.115e-01

It 1126/1751: ω/2π = 2.525e+00 GHz (total elapsed time = 2.55e+02 s)

 Sol. ||E|| = 3.815765e+01
 Field energy E (3.786e-11 J) + H (3.695e-11 J) = 7.481e-11 J
 S[1][1] = +9.982e-01-1.423e-02i, |S[1][1]| = -1.473e-02, arg(S[1][1]) = -8.168e-01

It 1127/1751: ω/2π = 2.525e+00 GHz (total elapsed time = 2.55e+02 s)

 Sol. ||E|| = 3.815743e+01
 Field energy E (3.783e-11 J) + H (3.692e-11 J) = 7.475e-11 J
 S[1][1] = +9.982e-01-1.432e-02i, |S[1][1]| = -1.469e-02, arg(S[1][1]) = -8.221e-01

It 1128/1751: ω/2π = 2.525e+00 GHz (total elapsed time = 2.55e+02 s)

 Sol. ||E|| = 3.815722e+01
 Field energy E (3.780e-11 J) + H (3.688e-11 J) = 7.469e-11 J
 S[1][1] = +9.982e-01-1.442e-02i, |S[1][1]| = -1.465e-02, arg(S[1][1]) = -8.275e-01

It 1129/1751: ω/2π = 2.526e+00 GHz (total elapsed time = 2.55e+02 s)

 Sol. ||E|| = 3.815701e+01
 Field energy E (3.778e-11 J) + H (3.685e-11 J) = 7.463e-11 J
 S[1][1] = +9.982e-01-1.451e-02i, |S[1][1]| = -1.460e-02, arg(S[1][1]) = -8.328e-01

It 1130/1751: ω/2π = 2.526e+00 GHz (total elapsed time = 2.55e+02 s)

 Sol. ||E|| = 3.815680e+01
 Field energy E (3.775e-11 J) + H (3.682e-11 J) = 7.457e-11 J
 S[1][1] = +9.982e-01-1.460e-02i, |S[1][1]| = -1.456e-02, arg(S[1][1]) = -8.381e-01

It 1131/1751: ω/2π = 2.526e+00 GHz (total elapsed time = 2.55e+02 s)

 Sol. ||E|| = 3.815659e+01
 Field energy E (3.772e-11 J) + H (3.679e-11 J) = 7.451e-11 J
 S[1][1] = +9.982e-01-1.470e-02i, |S[1][1]| = -1.452e-02, arg(S[1][1]) = -8.434e-01

It 1132/1751: ω/2π = 2.526e+00 GHz (total elapsed time = 2.55e+02 s)

 Sol. ||E|| = 3.815639e+01
 Field energy E (3.770e-11 J) + H (3.675e-11 J) = 7.445e-11 J
 S[1][1] = +9.982e-01-1.479e-02i, |S[1][1]| = -1.448e-02, arg(S[1][1]) = -8.487e-01

It 1133/1751: ω/2π = 2.526e+00 GHz (total elapsed time = 2.55e+02 s)

 Sol. ||E|| = 3.815618e+01
 Field energy E (3.767e-11 J) + H (3.672e-11 J) = 7.439e-11 J
 S[1][1] = +9.982e-01-1.488e-02i, |S[1][1]| = -1.444e-02, arg(S[1][1]) = -8.540e-01

It 1134/1751: ω/2π = 2.527e+00 GHz (total elapsed time = 2.55e+02 s)

 Sol. ||E|| = 3.815599e+01
 Field energy E (3.765e-11 J) + H (3.669e-11 J) = 7.434e-11 J
 S[1][1] = +9.982e-01-1.497e-02i, |S[1][1]| = -1.440e-02, arg(S[1][1]) = -8.593e-01

It 1135/1751: ω/2π = 2.527e+00 GHz (total elapsed time = 2.55e+02 s)

 Sol. ||E|| = 3.815579e+01
 Field energy E (3.762e-11 J) + H (3.666e-11 J) = 7.428e-11 J
 S[1][1] = +9.982e-01-1.507e-02i, |S[1][1]| = -1.436e-02, arg(S[1][1]) = -8.646e-01

It 1136/1751: ω/2π = 2.527e+00 GHz (total elapsed time = 2.55e+02 s)

 Sol. ||E|| = 3.815560e+01
 Field energy E (3.760e-11 J) + H (3.663e-11 J) = 7.422e-11 J
 S[1][1] = +9.982e-01-1.516e-02i, |S[1][1]| = -1.432e-02, arg(S[1][1]) = -8.699e-01

It 1137/1751: ω/2π = 2.527e+00 GHz (total elapsed time = 2.56e+02 s)

 Sol. ||E|| = 3.815541e+01
 Field energy E (3.757e-11 J) + H (3.660e-11 J) = 7.417e-11 J
 S[1][1] = +9.982e-01-1.525e-02i, |S[1][1]| = -1.428e-02, arg(S[1][1]) = -8.752e-01

It 1138/1751: ω/2π = 2.527e+00 GHz (total elapsed time = 2.56e+02 s)

 Sol. ||E|| = 3.815522e+01
 Field energy E (3.755e-11 J) + H (3.657e-11 J) = 7.411e-11 J
 S[1][1] = +9.982e-01-1.534e-02i, |S[1][1]| = -1.424e-02, arg(S[1][1]) = -8.805e-01

It 1139/1751: ω/2π = 2.528e+00 GHz (total elapsed time = 2.56e+02 s)

 Sol. ||E|| = 3.815503e+01
 Field energy E (3.752e-11 J) + H (3.654e-11 J) = 7.406e-11 J
 S[1][1] = +9.982e-01-1.543e-02i, |S[1][1]| = -1.420e-02, arg(S[1][1]) = -8.858e-01

It 1140/1751: ω/2π = 2.528e+00 GHz (total elapsed time = 2.56e+02 s)

 Sol. ||E|| = 3.815485e+01
 Field energy E (3.750e-11 J) + H (3.651e-11 J) = 7.401e-11 J
 S[1][1] = +9.983e-01-1.553e-02i, |S[1][1]| = -1.416e-02, arg(S[1][1]) = -8.911e-01

It 1141/1751: ω/2π = 2.528e+00 GHz (total elapsed time = 2.56e+02 s)

 Sol. ||E|| = 3.815467e+01
 Field energy E (3.747e-11 J) + H (3.648e-11 J) = 7.395e-11 J
 S[1][1] = +9.983e-01-1.562e-02i, |S[1][1]| = -1.412e-02, arg(S[1][1]) = -8.964e-01

It 1142/1751: ω/2π = 2.528e+00 GHz (total elapsed time = 2.56e+02 s)

 Sol. ||E|| = 3.815449e+01
 Field energy E (3.745e-11 J) + H (3.645e-11 J) = 7.390e-11 J
 S[1][1] = +9.983e-01-1.571e-02i, |S[1][1]| = -1.409e-02, arg(S[1][1]) = -9.017e-01

It 1143/1751: ω/2π = 2.528e+00 GHz (total elapsed time = 2.56e+02 s)

 Sol. ||E|| = 3.815431e+01
 Field energy E (3.743e-11 J) + H (3.642e-11 J) = 7.385e-11 J
 S[1][1] = +9.983e-01-1.580e-02i, |S[1][1]| = -1.405e-02, arg(S[1][1]) = -9.069e-01

It 1144/1751: ω/2π = 2.529e+00 GHz (total elapsed time = 2.56e+02 s)

 Sol. ||E|| = 3.815414e+01
 Field energy E (3.741e-11 J) + H (3.639e-11 J) = 7.380e-11 J
 S[1][1] = +9.983e-01-1.589e-02i, |S[1][1]| = -1.401e-02, arg(S[1][1]) = -9.122e-01

It 1145/1751: ω/2π = 2.529e+00 GHz (total elapsed time = 2.56e+02 s)

 Sol. ||E|| = 3.815397e+01
 Field energy E (3.738e-11 J) + H (3.636e-11 J) = 7.375e-11 J
 S[1][1] = +9.983e-01-1.599e-02i, |S[1][1]| = -1.397e-02, arg(S[1][1]) = -9.175e-01

It 1146/1751: ω/2π = 2.529e+00 GHz (total elapsed time = 2.56e+02 s)

 Sol. ||E|| = 3.815380e+01
 Field energy E (3.736e-11 J) + H (3.634e-11 J) = 7.370e-11 J
 S[1][1] = +9.983e-01-1.608e-02i, |S[1][1]| = -1.394e-02, arg(S[1][1]) = -9.227e-01

It 1147/1751: ω/2π = 2.529e+00 GHz (total elapsed time = 2.56e+02 s)

 Sol. ||E|| = 3.815364e+01
 Field energy E (3.734e-11 J) + H (3.631e-11 J) = 7.365e-11 J
 S[1][1] = +9.983e-01-1.617e-02i, |S[1][1]| = -1.390e-02, arg(S[1][1]) = -9.280e-01

It 1148/1751: ω/2π = 2.529e+00 GHz (total elapsed time = 2.56e+02 s)

 Sol. ||E|| = 3.815347e+01
 Field energy E (3.732e-11 J) + H (3.628e-11 J) = 7.360e-11 J
 S[1][1] = +9.983e-01-1.626e-02i, |S[1][1]| = -1.387e-02, arg(S[1][1]) = -9.333e-01

It 1149/1751: ω/2π = 2.530e+00 GHz (total elapsed time = 2.56e+02 s)

 Sol. ||E|| = 3.815331e+01
 Field energy E (3.729e-11 J) + H (3.625e-11 J) = 7.355e-11 J
 S[1][1] = +9.983e-01-1.635e-02i, |S[1][1]| = -1.383e-02, arg(S[1][1]) = -9.385e-01

It 1150/1751: ω/2π = 2.530e+00 GHz (total elapsed time = 2.56e+02 s)

 Sol. ||E|| = 3.815315e+01
 Field energy E (3.727e-11 J) + H (3.623e-11 J) = 7.350e-11 J
 S[1][1] = +9.983e-01-1.644e-02i, |S[1][1]| = -1.380e-02, arg(S[1][1]) = -9.438e-01

It 1151/1751: ω/2π = 2.530e+00 GHz (total elapsed time = 2.56e+02 s)

 Sol. ||E|| = 3.815300e+01
 Field energy E (3.725e-11 J) + H (3.620e-11 J) = 7.345e-11 J
 S[1][1] = +9.983e-01-1.654e-02i, |S[1][1]| = -1.376e-02, arg(S[1][1]) = -9.490e-01

It 1152/1751: ω/2π = 2.530e+00 GHz (total elapsed time = 2.56e+02 s)

 Sol. ||E|| = 3.815284e+01
 Field energy E (3.723e-11 J) + H (3.617e-11 J) = 7.341e-11 J
 S[1][1] = +9.983e-01-1.663e-02i, |S[1][1]| = -1.373e-02, arg(S[1][1]) = -9.543e-01

It 1153/1751: ω/2π = 2.530e+00 GHz (total elapsed time = 2.57e+02 s)

 Sol. ||E|| = 3.815269e+01
 Field energy E (3.721e-11 J) + H (3.615e-11 J) = 7.336e-11 J
 S[1][1] = +9.983e-01-1.672e-02i, |S[1][1]| = -1.369e-02, arg(S[1][1]) = -9.595e-01

It 1154/1751: ω/2π = 2.531e+00 GHz (total elapsed time = 2.57e+02 s)

 Sol. ||E|| = 3.815254e+01
 Field energy E (3.719e-11 J) + H (3.612e-11 J) = 7.331e-11 J
 S[1][1] = +9.983e-01-1.681e-02i, |S[1][1]| = -1.366e-02, arg(S[1][1]) = -9.647e-01

It 1155/1751: ω/2π = 2.531e+00 GHz (total elapsed time = 2.57e+02 s)

 Sol. ||E|| = 3.815239e+01
 Field energy E (3.717e-11 J) + H (3.610e-11 J) = 7.327e-11 J
 S[1][1] = +9.983e-01-1.690e-02i, |S[1][1]| = -1.362e-02, arg(S[1][1]) = -9.700e-01

It 1156/1751: ω/2π = 2.531e+00 GHz (total elapsed time = 2.57e+02 s)

 Sol. ||E|| = 3.815225e+01
 Field energy E (3.715e-11 J) + H (3.607e-11 J) = 7.322e-11 J
 S[1][1] = +9.983e-01-1.699e-02i, |S[1][1]| = -1.359e-02, arg(S[1][1]) = -9.752e-01

It 1157/1751: ω/2π = 2.531e+00 GHz (total elapsed time = 2.57e+02 s)

 Sol. ||E|| = 3.815210e+01
 Field energy E (3.713e-11 J) + H (3.605e-11 J) = 7.318e-11 J
 S[1][1] = +9.983e-01-1.708e-02i, |S[1][1]| = -1.356e-02, arg(S[1][1]) = -9.804e-01

It 1158/1751: ω/2π = 2.531e+00 GHz (total elapsed time = 2.57e+02 s)

 Sol. ||E|| = 3.815196e+01
 Field energy E (3.711e-11 J) + H (3.602e-11 J) = 7.313e-11 J
 S[1][1] = +9.983e-01-1.718e-02i, |S[1][1]| = -1.352e-02, arg(S[1][1]) = -9.857e-01

It 1159/1751: ω/2π = 2.532e+00 GHz (total elapsed time = 2.57e+02 s)

 Sol. ||E|| = 3.815182e+01
 Field energy E (3.709e-11 J) + H (3.600e-11 J) = 7.309e-11 J
 S[1][1] = +9.983e-01-1.727e-02i, |S[1][1]| = -1.349e-02, arg(S[1][1]) = -9.909e-01

It 1160/1751: ω/2π = 2.532e+00 GHz (total elapsed time = 2.57e+02 s)

 Sol. ||E|| = 3.815169e+01
 Field energy E (3.707e-11 J) + H (3.597e-11 J) = 7.304e-11 J
 S[1][1] = +9.983e-01-1.736e-02i, |S[1][1]| = -1.346e-02, arg(S[1][1]) = -9.961e-01

It 1161/1751: ω/2π = 2.532e+00 GHz (total elapsed time = 2.57e+02 s)

 Sol. ||E|| = 3.815155e+01
 Field energy E (3.706e-11 J) + H (3.595e-11 J) = 7.300e-11 J
 S[1][1] = +9.983e-01-1.745e-02i, |S[1][1]| = -1.343e-02, arg(S[1][1]) = -1.001e+00

It 1162/1751: ω/2π = 2.532e+00 GHz (total elapsed time = 2.57e+02 s)

 Sol. ||E|| = 3.815142e+01
 Field energy E (3.704e-11 J) + H (3.592e-11 J) = 7.296e-11 J
 S[1][1] = +9.983e-01-1.754e-02i, |S[1][1]| = -1.339e-02, arg(S[1][1]) = -1.007e+00

It 1163/1751: ω/2π = 2.532e+00 GHz (total elapsed time = 2.57e+02 s)

 Sol. ||E|| = 3.815129e+01
 Field energy E (3.702e-11 J) + H (3.590e-11 J) = 7.292e-11 J
 S[1][1] = +9.983e-01-1.763e-02i, |S[1][1]| = -1.336e-02, arg(S[1][1]) = -1.012e+00

It 1164/1751: ω/2π = 2.533e+00 GHz (total elapsed time = 2.57e+02 s)

 Sol. ||E|| = 3.815116e+01
 Field energy E (3.700e-11 J) + H (3.588e-11 J) = 7.288e-11 J
 S[1][1] = +9.983e-01-1.772e-02i, |S[1][1]| = -1.333e-02, arg(S[1][1]) = -1.017e+00

It 1165/1751: ω/2π = 2.533e+00 GHz (total elapsed time = 2.57e+02 s)

 Sol. ||E|| = 3.815104e+01
 Field energy E (3.698e-11 J) + H (3.585e-11 J) = 7.283e-11 J
 S[1][1] = +9.983e-01-1.781e-02i, |S[1][1]| = -1.330e-02, arg(S[1][1]) = -1.022e+00

It 1166/1751: ω/2π = 2.533e+00 GHz (total elapsed time = 2.57e+02 s)

 Sol. ||E|| = 3.815091e+01
 Field energy E (3.697e-11 J) + H (3.583e-11 J) = 7.279e-11 J
 S[1][1] = +9.983e-01-1.790e-02i, |S[1][1]| = -1.327e-02, arg(S[1][1]) = -1.027e+00

It 1167/1751: ω/2π = 2.533e+00 GHz (total elapsed time = 2.57e+02 s)

 Sol. ||E|| = 3.815079e+01
 Field energy E (3.695e-11 J) + H (3.581e-11 J) = 7.275e-11 J
 S[1][1] = +9.983e-01-1.799e-02i, |S[1][1]| = -1.324e-02, arg(S[1][1]) = -1.033e+00

It 1168/1751: ω/2π = 2.533e+00 GHz (total elapsed time = 2.57e+02 s)

 Sol. ||E|| = 3.815067e+01
 Field energy E (3.693e-11 J) + H (3.578e-11 J) = 7.271e-11 J
 S[1][1] = +9.983e-01-1.808e-02i, |S[1][1]| = -1.321e-02, arg(S[1][1]) = -1.038e+00

It 1169/1751: ω/2π = 2.534e+00 GHz (total elapsed time = 2.58e+02 s)

 Sol. ||E|| = 3.815055e+01
 Field energy E (3.691e-11 J) + H (3.576e-11 J) = 7.267e-11 J
 S[1][1] = +9.983e-01-1.818e-02i, |S[1][1]| = -1.318e-02, arg(S[1][1]) = -1.043e+00

It 1170/1751: ω/2π = 2.534e+00 GHz (total elapsed time = 2.58e+02 s)

 Sol. ||E|| = 3.815043e+01
 Field energy E (3.690e-11 J) + H (3.574e-11 J) = 7.264e-11 J
 S[1][1] = +9.983e-01-1.827e-02i, |S[1][1]| = -1.315e-02, arg(S[1][1]) = -1.048e+00

It 1171/1751: ω/2π = 2.534e+00 GHz (total elapsed time = 2.58e+02 s)

 Sol. ||E|| = 3.815032e+01
 Field energy E (3.688e-11 J) + H (3.572e-11 J) = 7.260e-11 J
 S[1][1] = +9.983e-01-1.836e-02i, |S[1][1]| = -1.312e-02, arg(S[1][1]) = -1.053e+00

It 1172/1751: ω/2π = 2.534e+00 GHz (total elapsed time = 2.58e+02 s)

 Sol. ||E|| = 3.815021e+01
 Field energy E (3.687e-11 J) + H (3.569e-11 J) = 7.256e-11 J
 S[1][1] = +9.983e-01-1.845e-02i, |S[1][1]| = -1.309e-02, arg(S[1][1]) = -1.059e+00

It 1173/1751: ω/2π = 2.534e+00 GHz (total elapsed time = 2.58e+02 s)

 Sol. ||E|| = 3.815010e+01
 Field energy E (3.685e-11 J) + H (3.567e-11 J) = 7.252e-11 J
 S[1][1] = +9.983e-01-1.854e-02i, |S[1][1]| = -1.306e-02, arg(S[1][1]) = -1.064e+00

It 1174/1751: ω/2π = 2.535e+00 GHz (total elapsed time = 2.58e+02 s)

 Sol. ||E|| = 3.814999e+01
 Field energy E (3.683e-11 J) + H (3.565e-11 J) = 7.249e-11 J
 S[1][1] = +9.983e-01-1.863e-02i, |S[1][1]| = -1.303e-02, arg(S[1][1]) = -1.069e+00

It 1175/1751: ω/2π = 2.535e+00 GHz (total elapsed time = 2.58e+02 s)

 Sol. ||E|| = 3.814988e+01
 Field energy E (3.682e-11 J) + H (3.563e-11 J) = 7.245e-11 J
 S[1][1] = +9.983e-01-1.872e-02i, |S[1][1]| = -1.300e-02, arg(S[1][1]) = -1.074e+00

It 1176/1751: ω/2π = 2.535e+00 GHz (total elapsed time = 2.58e+02 s)

 Sol. ||E|| = 3.814978e+01
 Field energy E (3.680e-11 J) + H (3.561e-11 J) = 7.241e-11 J
 S[1][1] = +9.983e-01-1.881e-02i, |S[1][1]| = -1.298e-02, arg(S[1][1]) = -1.079e+00

It 1177/1751: ω/2π = 2.535e+00 GHz (total elapsed time = 2.58e+02 s)

 Sol. ||E|| = 3.814968e+01
 Field energy E (3.679e-11 J) + H (3.559e-11 J) = 7.238e-11 J
 S[1][1] = +9.983e-01-1.890e-02i, |S[1][1]| = -1.295e-02, arg(S[1][1]) = -1.084e+00

It 1178/1751: ω/2π = 2.535e+00 GHz (total elapsed time = 2.58e+02 s)

 Sol. ||E|| = 3.814958e+01
 Field energy E (3.677e-11 J) + H (3.557e-11 J) = 7.234e-11 J
 S[1][1] = +9.983e-01-1.899e-02i, |S[1][1]| = -1.292e-02, arg(S[1][1]) = -1.090e+00

It 1179/1751: ω/2π = 2.536e+00 GHz (total elapsed time = 2.58e+02 s)

 Sol. ||E|| = 3.814948e+01
 Field energy E (3.676e-11 J) + H (3.555e-11 J) = 7.231e-11 J
 S[1][1] = +9.983e-01-1.908e-02i, |S[1][1]| = -1.289e-02, arg(S[1][1]) = -1.095e+00

It 1180/1751: ω/2π = 2.536e+00 GHz (total elapsed time = 2.58e+02 s)

 Sol. ||E|| = 3.814938e+01
 Field energy E (3.674e-11 J) + H (3.553e-11 J) = 7.227e-11 J
 S[1][1] = +9.983e-01-1.917e-02i, |S[1][1]| = -1.287e-02, arg(S[1][1]) = -1.100e+00

It 1181/1751: ω/2π = 2.536e+00 GHz (total elapsed time = 2.58e+02 s)

 Sol. ||E|| = 3.814929e+01
 Field energy E (3.673e-11 J) + H (3.551e-11 J) = 7.224e-11 J
 S[1][1] = +9.983e-01-1.926e-02i, |S[1][1]| = -1.284e-02, arg(S[1][1]) = -1.105e+00

It 1182/1751: ω/2π = 2.536e+00 GHz (total elapsed time = 2.58e+02 s)

 Sol. ||E|| = 3.814919e+01
 Field energy E (3.672e-11 J) + H (3.549e-11 J) = 7.220e-11 J
 S[1][1] = +9.983e-01-1.935e-02i, |S[1][1]| = -1.281e-02, arg(S[1][1]) = -1.110e+00

It 1183/1751: ω/2π = 2.536e+00 GHz (total elapsed time = 2.58e+02 s)

 Sol. ||E|| = 3.814910e+01
 Field energy E (3.670e-11 J) + H (3.547e-11 J) = 7.217e-11 J
 S[1][1] = +9.983e-01-1.944e-02i, |S[1][1]| = -1.278e-02, arg(S[1][1]) = -1.116e+00

It 1184/1751: ω/2π = 2.537e+00 GHz (total elapsed time = 2.59e+02 s)

 Sol. ||E|| = 3.814901e+01
 Field energy E (3.669e-11 J) + H (3.545e-11 J) = 7.214e-11 J
 S[1][1] = +9.983e-01-1.953e-02i, |S[1][1]| = -1.276e-02, arg(S[1][1]) = -1.121e+00

It 1185/1751: ω/2π = 2.537e+00 GHz (total elapsed time = 2.59e+02 s)

 Sol. ||E|| = 3.814893e+01
 Field energy E (3.667e-11 J) + H (3.543e-11 J) = 7.211e-11 J
 S[1][1] = +9.983e-01-1.962e-02i, |S[1][1]| = -1.273e-02, arg(S[1][1]) = -1.126e+00

It 1186/1751: ω/2π = 2.537e+00 GHz (total elapsed time = 2.59e+02 s)

 Sol. ||E|| = 3.814884e+01
 Field energy E (3.666e-11 J) + H (3.541e-11 J) = 7.207e-11 J
 S[1][1] = +9.983e-01-1.971e-02i, |S[1][1]| = -1.271e-02, arg(S[1][1]) = -1.131e+00

It 1187/1751: ω/2π = 2.537e+00 GHz (total elapsed time = 2.59e+02 s)

 Sol. ||E|| = 3.814876e+01
 Field energy E (3.665e-11 J) + H (3.539e-11 J) = 7.204e-11 J
 S[1][1] = +9.983e-01-1.980e-02i, |S[1][1]| = -1.268e-02, arg(S[1][1]) = -1.136e+00

It 1188/1751: ω/2π = 2.537e+00 GHz (total elapsed time = 2.59e+02 s)

 Sol. ||E|| = 3.814868e+01
 Field energy E (3.663e-11 J) + H (3.538e-11 J) = 7.201e-11 J
 S[1][1] = +9.983e-01-1.989e-02i, |S[1][1]| = -1.265e-02, arg(S[1][1]) = -1.141e+00

It 1189/1751: ω/2π = 2.538e+00 GHz (total elapsed time = 2.59e+02 s)

 Sol. ||E|| = 3.814860e+01
 Field energy E (3.662e-11 J) + H (3.536e-11 J) = 7.198e-11 J
 S[1][1] = +9.983e-01-1.998e-02i, |S[1][1]| = -1.263e-02, arg(S[1][1]) = -1.146e+00

It 1190/1751: ω/2π = 2.538e+00 GHz (total elapsed time = 2.59e+02 s)

 Sol. ||E|| = 3.814852e+01
 Field energy E (3.661e-11 J) + H (3.534e-11 J) = 7.195e-11 J
 S[1][1] = +9.983e-01-2.007e-02i, |S[1][1]| = -1.260e-02, arg(S[1][1]) = -1.152e+00

It 1191/1751: ω/2π = 2.538e+00 GHz (total elapsed time = 2.59e+02 s)

 Sol. ||E|| = 3.814844e+01
 Field energy E (3.660e-11 J) + H (3.532e-11 J) = 7.192e-11 J
 S[1][1] = +9.983e-01-2.016e-02i, |S[1][1]| = -1.258e-02, arg(S[1][1]) = -1.157e+00

It 1192/1751: ω/2π = 2.538e+00 GHz (total elapsed time = 2.59e+02 s)

 Sol. ||E|| = 3.814837e+01
 Field energy E (3.659e-11 J) + H (3.530e-11 J) = 7.189e-11 J
 S[1][1] = +9.984e-01-2.025e-02i, |S[1][1]| = -1.255e-02, arg(S[1][1]) = -1.162e+00

It 1193/1751: ω/2π = 2.538e+00 GHz (total elapsed time = 2.59e+02 s)

 Sol. ||E|| = 3.814829e+01
 Field energy E (3.657e-11 J) + H (3.529e-11 J) = 7.186e-11 J
 S[1][1] = +9.984e-01-2.034e-02i, |S[1][1]| = -1.253e-02, arg(S[1][1]) = -1.167e+00

It 1194/1751: ω/2π = 2.539e+00 GHz (total elapsed time = 2.59e+02 s)

 Sol. ||E|| = 3.814822e+01
 Field energy E (3.656e-11 J) + H (3.527e-11 J) = 7.183e-11 J
 S[1][1] = +9.984e-01-2.043e-02i, |S[1][1]| = -1.250e-02, arg(S[1][1]) = -1.172e+00

It 1195/1751: ω/2π = 2.539e+00 GHz (total elapsed time = 2.59e+02 s)

 Sol. ||E|| = 3.814815e+01
 Field energy E (3.655e-11 J) + H (3.525e-11 J) = 7.180e-11 J
 S[1][1] = +9.984e-01-2.052e-02i, |S[1][1]| = -1.248e-02, arg(S[1][1]) = -1.177e+00

It 1196/1751: ω/2π = 2.539e+00 GHz (total elapsed time = 2.59e+02 s)

 Sol. ||E|| = 3.814808e+01
 Field energy E (3.654e-11 J) + H (3.524e-11 J) = 7.177e-11 J
 S[1][1] = +9.984e-01-2.061e-02i, |S[1][1]| = -1.246e-02, arg(S[1][1]) = -1.183e+00

It 1197/1751: ω/2π = 2.539e+00 GHz (total elapsed time = 2.59e+02 s)

 Sol. ||E|| = 3.814802e+01
 Field energy E (3.653e-11 J) + H (3.522e-11 J) = 7.175e-11 J
 S[1][1] = +9.984e-01-2.070e-02i, |S[1][1]| = -1.243e-02, arg(S[1][1]) = -1.188e+00

It 1198/1751: ω/2π = 2.539e+00 GHz (total elapsed time = 2.59e+02 s)

 Sol. ||E|| = 3.814795e+01
 Field energy E (3.652e-11 J) + H (3.520e-11 J) = 7.172e-11 J
 S[1][1] = +9.984e-01-2.079e-02i, |S[1][1]| = -1.241e-02, arg(S[1][1]) = -1.193e+00

It 1199/1751: ω/2π = 2.540e+00 GHz (total elapsed time = 2.59e+02 s)

 Sol. ||E|| = 3.814789e+01
 Field energy E (3.651e-11 J) + H (3.519e-11 J) = 7.169e-11 J
 S[1][1] = +9.984e-01-2.088e-02i, |S[1][1]| = -1.238e-02, arg(S[1][1]) = -1.198e+00

It 1200/1751: ω/2π = 2.540e+00 GHz (total elapsed time = 2.60e+02 s)

 Sol. ||E|| = 3.814783e+01
 Field energy E (3.650e-11 J) + H (3.517e-11 J) = 7.167e-11 J
 S[1][1] = +9.984e-01-2.097e-02i, |S[1][1]| = -1.236e-02, arg(S[1][1]) = -1.203e+00

It 1201/1751: ω/2π = 2.540e+00 GHz (total elapsed time = 2.60e+02 s)

 Sol. ||E|| = 3.814777e+01
 Field energy E (3.649e-11 J) + H (3.515e-11 J) = 7.164e-11 J
 S[1][1] = +9.984e-01-2.106e-02i, |S[1][1]| = -1.234e-02, arg(S[1][1]) = -1.208e+00

It 1202/1751: ω/2π = 2.540e+00 GHz (total elapsed time = 2.60e+02 s)

 Sol. ||E|| = 3.814771e+01
 Field energy E (3.647e-11 J) + H (3.514e-11 J) = 7.161e-11 J
 S[1][1] = +9.984e-01-2.114e-02i, |S[1][1]| = -1.232e-02, arg(S[1][1]) = -1.213e+00

It 1203/1751: ω/2π = 2.540e+00 GHz (total elapsed time = 2.60e+02 s)

 Sol. ||E|| = 3.814765e+01
 Field energy E (3.646e-11 J) + H (3.512e-11 J) = 7.159e-11 J
 S[1][1] = +9.984e-01-2.123e-02i, |S[1][1]| = -1.229e-02, arg(S[1][1]) = -1.218e+00

It 1204/1751: ω/2π = 2.541e+00 GHz (total elapsed time = 2.60e+02 s)

 Sol. ||E|| = 3.814760e+01
 Field energy E (3.646e-11 J) + H (3.511e-11 J) = 7.156e-11 J
 S[1][1] = +9.984e-01-2.132e-02i, |S[1][1]| = -1.227e-02, arg(S[1][1]) = -1.224e+00

It 1205/1751: ω/2π = 2.541e+00 GHz (total elapsed time = 2.60e+02 s)

 Sol. ||E|| = 3.814755e+01
 Field energy E (3.645e-11 J) + H (3.509e-11 J) = 7.154e-11 J
 S[1][1] = +9.984e-01-2.141e-02i, |S[1][1]| = -1.225e-02, arg(S[1][1]) = -1.229e+00

It 1206/1751: ω/2π = 2.541e+00 GHz (total elapsed time = 2.60e+02 s)

 Sol. ||E|| = 3.814750e+01
 Field energy E (3.644e-11 J) + H (3.508e-11 J) = 7.151e-11 J
 S[1][1] = +9.984e-01-2.150e-02i, |S[1][1]| = -1.223e-02, arg(S[1][1]) = -1.234e+00

It 1207/1751: ω/2π = 2.541e+00 GHz (total elapsed time = 2.60e+02 s)

 Sol. ||E|| = 3.814745e+01
 Field energy E (3.643e-11 J) + H (3.506e-11 J) = 7.149e-11 J
 S[1][1] = +9.984e-01-2.159e-02i, |S[1][1]| = -1.220e-02, arg(S[1][1]) = -1.239e+00

It 1208/1751: ω/2π = 2.541e+00 GHz (total elapsed time = 2.60e+02 s)

 Sol. ||E|| = 3.814740e+01
 Field energy E (3.642e-11 J) + H (3.505e-11 J) = 7.147e-11 J
 S[1][1] = +9.984e-01-2.168e-02i, |S[1][1]| = -1.218e-02, arg(S[1][1]) = -1.244e+00

It 1209/1751: ω/2π = 2.542e+00 GHz (total elapsed time = 2.60e+02 s)

 Sol. ||E|| = 3.814735e+01
 Field energy E (3.641e-11 J) + H (3.503e-11 J) = 7.144e-11 J
 S[1][1] = +9.984e-01-2.177e-02i, |S[1][1]| = -1.216e-02, arg(S[1][1]) = -1.249e+00

It 1210/1751: ω/2π = 2.542e+00 GHz (total elapsed time = 2.60e+02 s)

 Sol. ||E|| = 3.814731e+01
 Field energy E (3.640e-11 J) + H (3.502e-11 J) = 7.142e-11 J
 S[1][1] = +9.984e-01-2.186e-02i, |S[1][1]| = -1.214e-02, arg(S[1][1]) = -1.254e+00

It 1211/1751: ω/2π = 2.542e+00 GHz (total elapsed time = 2.60e+02 s)

 Sol. ||E|| = 3.814726e+01
 Field energy E (3.639e-11 J) + H (3.501e-11 J) = 7.140e-11 J
 S[1][1] = +9.984e-01-2.195e-02i, |S[1][1]| = -1.212e-02, arg(S[1][1]) = -1.259e+00

It 1212/1751: ω/2π = 2.542e+00 GHz (total elapsed time = 2.60e+02 s)

 Sol. ||E|| = 3.814722e+01
 Field energy E (3.638e-11 J) + H (3.499e-11 J) = 7.137e-11 J
 S[1][1] = +9.984e-01-2.204e-02i, |S[1][1]| = -1.210e-02, arg(S[1][1]) = -1.265e+00

It 1213/1751: ω/2π = 2.542e+00 GHz (total elapsed time = 2.60e+02 s)

 Sol. ||E|| = 3.814718e+01
 Field energy E (3.637e-11 J) + H (3.498e-11 J) = 7.135e-11 J
 S[1][1] = +9.984e-01-2.213e-02i, |S[1][1]| = -1.208e-02, arg(S[1][1]) = -1.270e+00

It 1214/1751: ω/2π = 2.543e+00 GHz (total elapsed time = 2.60e+02 s)

 Sol. ||E|| = 3.814715e+01
 Field energy E (3.637e-11 J) + H (3.496e-11 J) = 7.133e-11 J
 S[1][1] = +9.984e-01-2.222e-02i, |S[1][1]| = -1.206e-02, arg(S[1][1]) = -1.275e+00

It 1215/1751: ω/2π = 2.543e+00 GHz (total elapsed time = 2.60e+02 s)

 Sol. ||E|| = 3.814711e+01
 Field energy E (3.636e-11 J) + H (3.495e-11 J) = 7.131e-11 J
 S[1][1] = +9.984e-01-2.231e-02i, |S[1][1]| = -1.203e-02, arg(S[1][1]) = -1.280e+00

It 1216/1751: ω/2π = 2.543e+00 GHz (total elapsed time = 2.61e+02 s)

 Sol. ||E|| = 3.814707e+01
 Field energy E (3.635e-11 J) + H (3.494e-11 J) = 7.129e-11 J
 S[1][1] = +9.984e-01-2.239e-02i, |S[1][1]| = -1.201e-02, arg(S[1][1]) = -1.285e+00

It 1217/1751: ω/2π = 2.543e+00 GHz (total elapsed time = 2.61e+02 s)

 Sol. ||E|| = 3.814704e+01
 Field energy E (3.634e-11 J) + H (3.493e-11 J) = 7.127e-11 J
 S[1][1] = +9.984e-01-2.248e-02i, |S[1][1]| = -1.199e-02, arg(S[1][1]) = -1.290e+00

It 1218/1751: ω/2π = 2.543e+00 GHz (total elapsed time = 2.61e+02 s)

 Sol. ||E|| = 3.814701e+01
 Field energy E (3.634e-11 J) + H (3.491e-11 J) = 7.125e-11 J
 S[1][1] = +9.984e-01-2.257e-02i, |S[1][1]| = -1.197e-02, arg(S[1][1]) = -1.295e+00

It 1219/1751: ω/2π = 2.544e+00 GHz (total elapsed time = 2.61e+02 s)

 Sol. ||E|| = 3.814698e+01
 Field energy E (3.633e-11 J) + H (3.490e-11 J) = 7.123e-11 J
 S[1][1] = +9.984e-01-2.266e-02i, |S[1][1]| = -1.195e-02, arg(S[1][1]) = -1.300e+00

It 1220/1751: ω/2π = 2.544e+00 GHz (total elapsed time = 2.61e+02 s)

 Sol. ||E|| = 3.814695e+01
 Field energy E (3.632e-11 J) + H (3.489e-11 J) = 7.121e-11 J
 S[1][1] = +9.984e-01-2.275e-02i, |S[1][1]| = -1.193e-02, arg(S[1][1]) = -1.305e+00

It 1221/1751: ω/2π = 2.544e+00 GHz (total elapsed time = 2.61e+02 s)

 Sol. ||E|| = 3.814692e+01
 Field energy E (3.632e-11 J) + H (3.488e-11 J) = 7.119e-11 J
 S[1][1] = +9.984e-01-2.284e-02i, |S[1][1]| = -1.192e-02, arg(S[1][1]) = -1.311e+00

It 1222/1751: ω/2π = 2.544e+00 GHz (total elapsed time = 2.61e+02 s)

 Sol. ||E|| = 3.814690e+01
 Field energy E (3.631e-11 J) + H (3.486e-11 J) = 7.117e-11 J
 S[1][1] = +9.984e-01-2.293e-02i, |S[1][1]| = -1.190e-02, arg(S[1][1]) = -1.316e+00

It 1223/1751: ω/2π = 2.544e+00 GHz (total elapsed time = 2.61e+02 s)

 Sol. ||E|| = 3.814687e+01
 Field energy E (3.630e-11 J) + H (3.485e-11 J) = 7.115e-11 J
 S[1][1] = +9.984e-01-2.302e-02i, |S[1][1]| = -1.188e-02, arg(S[1][1]) = -1.321e+00

It 1224/1751: ω/2π = 2.545e+00 GHz (total elapsed time = 2.61e+02 s)

 Sol. ||E|| = 3.814685e+01
 Field energy E (3.630e-11 J) + H (3.484e-11 J) = 7.114e-11 J
 S[1][1] = +9.984e-01-2.311e-02i, |S[1][1]| = -1.186e-02, arg(S[1][1]) = -1.326e+00

It 1225/1751: ω/2π = 2.545e+00 GHz (total elapsed time = 2.61e+02 s)

 Sol. ||E|| = 3.814683e+01
 Field energy E (3.629e-11 J) + H (3.483e-11 J) = 7.112e-11 J
 S[1][1] = +9.984e-01-2.319e-02i, |S[1][1]| = -1.184e-02, arg(S[1][1]) = -1.331e+00

It 1226/1751: ω/2π = 2.545e+00 GHz (total elapsed time = 2.61e+02 s)

 Sol. ||E|| = 3.814681e+01
 Field energy E (3.628e-11 J) + H (3.482e-11 J) = 7.110e-11 J
 S[1][1] = +9.984e-01-2.328e-02i, |S[1][1]| = -1.182e-02, arg(S[1][1]) = -1.336e+00

It 1227/1751: ω/2π = 2.545e+00 GHz (total elapsed time = 2.61e+02 s)

 Sol. ||E|| = 3.814679e+01
 Field energy E (3.628e-11 J) + H (3.481e-11 J) = 7.108e-11 J
 S[1][1] = +9.984e-01-2.337e-02i, |S[1][1]| = -1.180e-02, arg(S[1][1]) = -1.341e+00

It 1228/1751: ω/2π = 2.545e+00 GHz (total elapsed time = 2.61e+02 s)

 Sol. ||E|| = 3.814678e+01
 Field energy E (3.627e-11 J) + H (3.479e-11 J) = 7.107e-11 J
 S[1][1] = +9.984e-01-2.346e-02i, |S[1][1]| = -1.178e-02, arg(S[1][1]) = -1.346e+00

It 1229/1751: ω/2π = 2.546e+00 GHz (total elapsed time = 2.61e+02 s)

 Sol. ||E|| = 3.814676e+01
 Field energy E (3.627e-11 J) + H (3.478e-11 J) = 7.105e-11 J
 S[1][1] = +9.984e-01-2.355e-02i, |S[1][1]| = -1.176e-02, arg(S[1][1]) = -1.351e+00

It 1230/1751: ω/2π = 2.546e+00 GHz (total elapsed time = 2.61e+02 s)

 Sol. ||E|| = 3.814675e+01
 Field energy E (3.626e-11 J) + H (3.477e-11 J) = 7.104e-11 J
 S[1][1] = +9.984e-01-2.364e-02i, |S[1][1]| = -1.175e-02, arg(S[1][1]) = -1.356e+00

It 1231/1751: ω/2π = 2.546e+00 GHz (total elapsed time = 2.61e+02 s)

 Sol. ||E|| = 3.814674e+01
 Field energy E (3.626e-11 J) + H (3.476e-11 J) = 7.102e-11 J
 S[1][1] = +9.984e-01-2.373e-02i, |S[1][1]| = -1.173e-02, arg(S[1][1]) = -1.361e+00

It 1232/1751: ω/2π = 2.546e+00 GHz (total elapsed time = 2.62e+02 s)

 Sol. ||E|| = 3.814673e+01
 Field energy E (3.625e-11 J) + H (3.475e-11 J) = 7.100e-11 J
 S[1][1] = +9.984e-01-2.382e-02i, |S[1][1]| = -1.171e-02, arg(S[1][1]) = -1.367e+00

It 1233/1751: ω/2π = 2.546e+00 GHz (total elapsed time = 2.62e+02 s)

 Sol. ||E|| = 3.814672e+01
 Field energy E (3.625e-11 J) + H (3.474e-11 J) = 7.099e-11 J
 S[1][1] = +9.984e-01-2.391e-02i, |S[1][1]| = -1.169e-02, arg(S[1][1]) = -1.372e+00

It 1234/1751: ω/2π = 2.547e+00 GHz (total elapsed time = 2.62e+02 s)

 Sol. ||E|| = 3.814671e+01
 Field energy E (3.624e-11 J) + H (3.473e-11 J) = 7.098e-11 J
 S[1][1] = +9.984e-01-2.399e-02i, |S[1][1]| = -1.167e-02, arg(S[1][1]) = -1.377e+00

It 1235/1751: ω/2π = 2.547e+00 GHz (total elapsed time = 2.62e+02 s)

 Sol. ||E|| = 3.814671e+01
 Field energy E (3.624e-11 J) + H (3.472e-11 J) = 7.096e-11 J
 S[1][1] = +9.984e-01-2.408e-02i, |S[1][1]| = -1.166e-02, arg(S[1][1]) = -1.382e+00

It 1236/1751: ω/2π = 2.547e+00 GHz (total elapsed time = 2.62e+02 s)

 Sol. ||E|| = 3.814670e+01
 Field energy E (3.623e-11 J) + H (3.471e-11 J) = 7.095e-11 J
 S[1][1] = +9.984e-01-2.417e-02i, |S[1][1]| = -1.164e-02, arg(S[1][1]) = -1.387e+00

It 1237/1751: ω/2π = 2.547e+00 GHz (total elapsed time = 2.62e+02 s)

 Sol. ||E|| = 3.814670e+01
 Field energy E (3.623e-11 J) + H (3.470e-11 J) = 7.093e-11 J
 S[1][1] = +9.984e-01-2.426e-02i, |S[1][1]| = -1.162e-02, arg(S[1][1]) = -1.392e+00

It 1238/1751: ω/2π = 2.547e+00 GHz (total elapsed time = 2.62e+02 s)

 Sol. ||E|| = 3.814670e+01
 Field energy E (3.623e-11 J) + H (3.469e-11 J) = 7.092e-11 J
 S[1][1] = +9.984e-01-2.435e-02i, |S[1][1]| = -1.161e-02, arg(S[1][1]) = -1.397e+00

It 1239/1751: ω/2π = 2.548e+00 GHz (total elapsed time = 2.62e+02 s)

 Sol. ||E|| = 3.814670e+01
 Field energy E (3.622e-11 J) + H (3.468e-11 J) = 7.091e-11 J
 S[1][1] = +9.984e-01-2.444e-02i, |S[1][1]| = -1.159e-02, arg(S[1][1]) = -1.402e+00

It 1240/1751: ω/2π = 2.548e+00 GHz (total elapsed time = 2.62e+02 s)

 Sol. ||E|| = 3.814670e+01
 Field energy E (3.622e-11 J) + H (3.468e-11 J) = 7.090e-11 J
 S[1][1] = +9.984e-01-2.453e-02i, |S[1][1]| = -1.157e-02, arg(S[1][1]) = -1.407e+00

It 1241/1751: ω/2π = 2.548e+00 GHz (total elapsed time = 2.62e+02 s)

 Sol. ||E|| = 3.814671e+01
 Field energy E (3.622e-11 J) + H (3.467e-11 J) = 7.088e-11 J
 S[1][1] = +9.984e-01-2.461e-02i, |S[1][1]| = -1.156e-02, arg(S[1][1]) = -1.412e+00

It 1242/1751: ω/2π = 2.548e+00 GHz (total elapsed time = 2.62e+02 s)

 Sol. ||E|| = 3.814671e+01
 Field energy E (3.621e-11 J) + H (3.466e-11 J) = 7.087e-11 J
 S[1][1] = +9.984e-01-2.470e-02i, |S[1][1]| = -1.154e-02, arg(S[1][1]) = -1.417e+00

It 1243/1751: ω/2π = 2.548e+00 GHz (total elapsed time = 2.62e+02 s)

 Sol. ||E|| = 3.814672e+01
 Field energy E (3.621e-11 J) + H (3.465e-11 J) = 7.086e-11 J
 S[1][1] = +9.984e-01-2.479e-02i, |S[1][1]| = -1.152e-02, arg(S[1][1]) = -1.423e+00

It 1244/1751: ω/2π = 2.549e+00 GHz (total elapsed time = 2.62e+02 s)

 Sol. ||E|| = 3.814673e+01
 Field energy E (3.621e-11 J) + H (3.464e-11 J) = 7.085e-11 J
 S[1][1] = +9.984e-01-2.488e-02i, |S[1][1]| = -1.151e-02, arg(S[1][1]) = -1.428e+00

It 1245/1751: ω/2π = 2.549e+00 GHz (total elapsed time = 2.62e+02 s)

 Sol. ||E|| = 3.814674e+01
 Field energy E (3.620e-11 J) + H (3.463e-11 J) = 7.084e-11 J
 S[1][1] = +9.984e-01-2.497e-02i, |S[1][1]| = -1.149e-02, arg(S[1][1]) = -1.433e+00

It 1246/1751: ω/2π = 2.549e+00 GHz (total elapsed time = 2.62e+02 s)

 Sol. ||E|| = 3.814675e+01
 Field energy E (3.620e-11 J) + H (3.463e-11 J) = 7.083e-11 J
 S[1][1] = +9.984e-01-2.506e-02i, |S[1][1]| = -1.147e-02, arg(S[1][1]) = -1.438e+00

It 1247/1751: ω/2π = 2.549e+00 GHz (total elapsed time = 2.63e+02 s)

 Sol. ||E|| = 3.814676e+01
 Field energy E (3.620e-11 J) + H (3.462e-11 J) = 7.082e-11 J
 S[1][1] = +9.984e-01-2.515e-02i, |S[1][1]| = -1.146e-02, arg(S[1][1]) = -1.443e+00

It 1248/1751: ω/2π = 2.549e+00 GHz (total elapsed time = 2.63e+02 s)

 Sol. ||E|| = 3.814678e+01
 Field energy E (3.620e-11 J) + H (3.461e-11 J) = 7.081e-11 J
 S[1][1] = +9.984e-01-2.523e-02i, |S[1][1]| = -1.144e-02, arg(S[1][1]) = -1.448e+00

It 1249/1751: ω/2π = 2.550e+00 GHz (total elapsed time = 2.63e+02 s)

 Sol. ||E|| = 3.814679e+01
 Field energy E (3.620e-11 J) + H (3.460e-11 J) = 7.080e-11 J
 S[1][1] = +9.984e-01-2.532e-02i, |S[1][1]| = -1.143e-02, arg(S[1][1]) = -1.453e+00

It 1250/1751: ω/2π = 2.550e+00 GHz (total elapsed time = 2.63e+02 s)

 Sol. ||E|| = 3.814681e+01
 Field energy E (3.619e-11 J) + H (3.460e-11 J) = 7.079e-11 J
 S[1][1] = +9.984e-01-2.541e-02i, |S[1][1]| = -1.141e-02, arg(S[1][1]) = -1.458e+00

It 1251/1751: ω/2π = 2.550e+00 GHz (total elapsed time = 2.63e+02 s)

 Sol. ||E|| = 3.814683e+01
 Field energy E (3.619e-11 J) + H (3.459e-11 J) = 7.078e-11 J
 S[1][1] = +9.984e-01-2.550e-02i, |S[1][1]| = -1.140e-02, arg(S[1][1]) = -1.463e+00

It 1252/1751: ω/2π = 2.550e+00 GHz (total elapsed time = 2.63e+02 s)

 Sol. ||E|| = 3.814685e+01
 Field energy E (3.619e-11 J) + H (3.458e-11 J) = 7.077e-11 J
 S[1][1] = +9.984e-01-2.559e-02i, |S[1][1]| = -1.138e-02, arg(S[1][1]) = -1.468e+00

It 1253/1751: ω/2π = 2.550e+00 GHz (total elapsed time = 2.63e+02 s)

 Sol. ||E|| = 3.814687e+01
 Field energy E (3.619e-11 J) + H (3.458e-11 J) = 7.077e-11 J
 S[1][1] = +9.984e-01-2.568e-02i, |S[1][1]| = -1.137e-02, arg(S[1][1]) = -1.473e+00

It 1254/1751: ω/2π = 2.551e+00 GHz (total elapsed time = 2.63e+02 s)

 Sol. ||E|| = 3.814690e+01
 Field energy E (3.619e-11 J) + H (3.457e-11 J) = 7.076e-11 J
 S[1][1] = +9.984e-01-2.577e-02i, |S[1][1]| = -1.135e-02, arg(S[1][1]) = -1.478e+00

It 1255/1751: ω/2π = 2.551e+00 GHz (total elapsed time = 2.63e+02 s)

 Sol. ||E|| = 3.814692e+01
 Field energy E (3.619e-11 J) + H (3.456e-11 J) = 7.075e-11 J
 S[1][1] = +9.984e-01-2.585e-02i, |S[1][1]| = -1.134e-02, arg(S[1][1]) = -1.483e+00

It 1256/1751: ω/2π = 2.551e+00 GHz (total elapsed time = 2.63e+02 s)

 Sol. ||E|| = 3.814695e+01
 Field energy E (3.619e-11 J) + H (3.456e-11 J) = 7.074e-11 J
 S[1][1] = +9.984e-01-2.594e-02i, |S[1][1]| = -1.132e-02, arg(S[1][1]) = -1.489e+00

It 1257/1751: ω/2π = 2.551e+00 GHz (total elapsed time = 2.63e+02 s)

 Sol. ||E|| = 3.814698e+01
 Field energy E (3.619e-11 J) + H (3.455e-11 J) = 7.074e-11 J
 S[1][1] = +9.984e-01-2.603e-02i, |S[1][1]| = -1.131e-02, arg(S[1][1]) = -1.494e+00

It 1258/1751: ω/2π = 2.551e+00 GHz (total elapsed time = 2.63e+02 s)

 Sol. ||E|| = 3.814701e+01
 Field energy E (3.619e-11 J) + H (3.455e-11 J) = 7.073e-11 J
 S[1][1] = +9.984e-01-2.612e-02i, |S[1][1]| = -1.129e-02, arg(S[1][1]) = -1.499e+00

It 1259/1751: ω/2π = 2.552e+00 GHz (total elapsed time = 2.63e+02 s)

 Sol. ||E|| = 3.814704e+01
 Field energy E (3.619e-11 J) + H (3.454e-11 J) = 7.073e-11 J
 S[1][1] = +9.984e-01-2.621e-02i, |S[1][1]| = -1.128e-02, arg(S[1][1]) = -1.504e+00

It 1260/1751: ω/2π = 2.552e+00 GHz (total elapsed time = 2.63e+02 s)

 Sol. ||E|| = 3.814707e+01
 Field energy E (3.619e-11 J) + H (3.453e-11 J) = 7.072e-11 J
 S[1][1] = +9.984e-01-2.630e-02i, |S[1][1]| = -1.127e-02, arg(S[1][1]) = -1.509e+00

It 1261/1751: ω/2π = 2.552e+00 GHz (total elapsed time = 2.63e+02 s)

 Sol. ||E|| = 3.814710e+01
 Field energy E (3.619e-11 J) + H (3.453e-11 J) = 7.072e-11 J
 S[1][1] = +9.984e-01-2.639e-02i, |S[1][1]| = -1.125e-02, arg(S[1][1]) = -1.514e+00

It 1262/1751: ω/2π = 2.552e+00 GHz (total elapsed time = 2.63e+02 s)

 Sol. ||E|| = 3.814714e+01
 Field energy E (3.619e-11 J) + H (3.452e-11 J) = 7.071e-11 J
 S[1][1] = +9.984e-01-2.647e-02i, |S[1][1]| = -1.124e-02, arg(S[1][1]) = -1.519e+00

It 1263/1751: ω/2π = 2.552e+00 GHz (total elapsed time = 2.64e+02 s)

 Sol. ||E|| = 3.814718e+01
 Field energy E (3.619e-11 J) + H (3.452e-11 J) = 7.071e-11 J
 S[1][1] = +9.984e-01-2.656e-02i, |S[1][1]| = -1.122e-02, arg(S[1][1]) = -1.524e+00

It 1264/1751: ω/2π = 2.553e+00 GHz (total elapsed time = 2.64e+02 s)

 Sol. ||E|| = 3.814722e+01
 Field energy E (3.619e-11 J) + H (3.451e-11 J) = 7.070e-11 J
 S[1][1] = +9.984e-01-2.665e-02i, |S[1][1]| = -1.121e-02, arg(S[1][1]) = -1.529e+00

It 1265/1751: ω/2π = 2.553e+00 GHz (total elapsed time = 2.64e+02 s)

 Sol. ||E|| = 3.814726e+01
 Field energy E (3.619e-11 J) + H (3.451e-11 J) = 7.070e-11 J
 S[1][1] = +9.984e-01-2.674e-02i, |S[1][1]| = -1.120e-02, arg(S[1][1]) = -1.534e+00

It 1266/1751: ω/2π = 2.553e+00 GHz (total elapsed time = 2.64e+02 s)

 Sol. ||E|| = 3.814730e+01
 Field energy E (3.619e-11 J) + H (3.451e-11 J) = 7.070e-11 J
 S[1][1] = +9.984e-01-2.683e-02i, |S[1][1]| = -1.118e-02, arg(S[1][1]) = -1.539e+00

It 1267/1751: ω/2π = 2.553e+00 GHz (total elapsed time = 2.64e+02 s)

 Sol. ||E|| = 3.814735e+01
 Field energy E (3.619e-11 J) + H (3.450e-11 J) = 7.069e-11 J
 S[1][1] = +9.984e-01-2.692e-02i, |S[1][1]| = -1.117e-02, arg(S[1][1]) = -1.544e+00

It 1268/1751: ω/2π = 2.553e+00 GHz (total elapsed time = 2.64e+02 s)

 Sol. ||E|| = 3.814739e+01
 Field energy E (3.619e-11 J) + H (3.450e-11 J) = 7.069e-11 J
 S[1][1] = +9.984e-01-2.700e-02i, |S[1][1]| = -1.116e-02, arg(S[1][1]) = -1.549e+00

It 1269/1751: ω/2π = 2.554e+00 GHz (total elapsed time = 2.64e+02 s)

 Sol. ||E|| = 3.814744e+01
 Field energy E (3.619e-11 J) + H (3.449e-11 J) = 7.069e-11 J
 S[1][1] = +9.984e-01-2.709e-02i, |S[1][1]| = -1.114e-02, arg(S[1][1]) = -1.554e+00

It 1270/1751: ω/2π = 2.554e+00 GHz (total elapsed time = 2.64e+02 s)

 Sol. ||E|| = 3.814749e+01
 Field energy E (3.620e-11 J) + H (3.449e-11 J) = 7.069e-11 J
 S[1][1] = +9.983e-01-2.718e-02i, |S[1][1]| = -1.113e-02, arg(S[1][1]) = -1.560e+00

It 1271/1751: ω/2π = 2.554e+00 GHz (total elapsed time = 2.64e+02 s)

 Sol. ||E|| = 3.814754e+01
 Field energy E (3.620e-11 J) + H (3.449e-11 J) = 7.069e-11 J
 S[1][1] = +9.983e-01-2.727e-02i, |S[1][1]| = -1.112e-02, arg(S[1][1]) = -1.565e+00

It 1272/1751: ω/2π = 2.554e+00 GHz (total elapsed time = 2.64e+02 s)

 Sol. ||E|| = 3.814759e+01
 Field energy E (3.620e-11 J) + H (3.448e-11 J) = 7.068e-11 J
 S[1][1] = +9.983e-01-2.736e-02i, |S[1][1]| = -1.111e-02, arg(S[1][1]) = -1.570e+00

It 1273/1751: ω/2π = 2.554e+00 GHz (total elapsed time = 2.64e+02 s)

 Sol. ||E|| = 3.814764e+01
 Field energy E (3.620e-11 J) + H (3.448e-11 J) = 7.068e-11 J
 S[1][1] = +9.983e-01-2.745e-02i, |S[1][1]| = -1.109e-02, arg(S[1][1]) = -1.575e+00

It 1274/1751: ω/2π = 2.555e+00 GHz (total elapsed time = 2.64e+02 s)

 Sol. ||E|| = 3.814770e+01
 Field energy E (3.621e-11 J) + H (3.448e-11 J) = 7.068e-11 J
 S[1][1] = +9.983e-01-2.753e-02i, |S[1][1]| = -1.108e-02, arg(S[1][1]) = -1.580e+00

It 1275/1751: ω/2π = 2.555e+00 GHz (total elapsed time = 2.64e+02 s)

 Sol. ||E|| = 3.814776e+01
 Field energy E (3.621e-11 J) + H (3.448e-11 J) = 7.068e-11 J
 S[1][1] = +9.983e-01-2.762e-02i, |S[1][1]| = -1.107e-02, arg(S[1][1]) = -1.585e+00

It 1276/1751: ω/2π = 2.555e+00 GHz (total elapsed time = 2.64e+02 s)

 Sol. ||E|| = 3.814781e+01
 Field energy E (3.621e-11 J) + H (3.447e-11 J) = 7.068e-11 J
 S[1][1] = +9.983e-01-2.771e-02i, |S[1][1]| = -1.106e-02, arg(S[1][1]) = -1.590e+00

It 1277/1751: ω/2π = 2.555e+00 GHz (total elapsed time = 2.64e+02 s)

 Sol. ||E|| = 3.814787e+01
 Field energy E (3.621e-11 J) + H (3.447e-11 J) = 7.069e-11 J
 S[1][1] = +9.983e-01-2.780e-02i, |S[1][1]| = -1.104e-02, arg(S[1][1]) = -1.595e+00

It 1278/1751: ω/2π = 2.555e+00 GHz (total elapsed time = 2.65e+02 s)

 Sol. ||E|| = 3.814794e+01
 Field energy E (3.622e-11 J) + H (3.447e-11 J) = 7.069e-11 J
 S[1][1] = +9.983e-01-2.789e-02i, |S[1][1]| = -1.103e-02, arg(S[1][1]) = -1.600e+00

It 1279/1751: ω/2π = 2.556e+00 GHz (total elapsed time = 2.65e+02 s)

 Sol. ||E|| = 3.814800e+01
 Field energy E (3.622e-11 J) + H (3.447e-11 J) = 7.069e-11 J
 S[1][1] = +9.983e-01-2.798e-02i, |S[1][1]| = -1.102e-02, arg(S[1][1]) = -1.605e+00

It 1280/1751: ω/2π = 2.556e+00 GHz (total elapsed time = 2.65e+02 s)

 Sol. ||E|| = 3.814806e+01
 Field energy E (3.622e-11 J) + H (3.447e-11 J) = 7.069e-11 J
 S[1][1] = +9.983e-01-2.806e-02i, |S[1][1]| = -1.101e-02, arg(S[1][1]) = -1.610e+00

It 1281/1751: ω/2π = 2.556e+00 GHz (total elapsed time = 2.65e+02 s)

 Sol. ||E|| = 3.814813e+01
 Field energy E (3.623e-11 J) + H (3.446e-11 J) = 7.069e-11 J
 S[1][1] = +9.983e-01-2.815e-02i, |S[1][1]| = -1.100e-02, arg(S[1][1]) = -1.615e+00

It 1282/1751: ω/2π = 2.556e+00 GHz (total elapsed time = 2.65e+02 s)

 Sol. ||E|| = 3.814820e+01
 Field energy E (3.623e-11 J) + H (3.446e-11 J) = 7.070e-11 J
 S[1][1] = +9.983e-01-2.824e-02i, |S[1][1]| = -1.099e-02, arg(S[1][1]) = -1.620e+00

It 1283/1751: ω/2π = 2.556e+00 GHz (total elapsed time = 2.65e+02 s)

 Sol. ||E|| = 3.814827e+01
 Field energy E (3.624e-11 J) + H (3.446e-11 J) = 7.070e-11 J
 S[1][1] = +9.983e-01-2.833e-02i, |S[1][1]| = -1.097e-02, arg(S[1][1]) = -1.625e+00

It 1284/1751: ω/2π = 2.557e+00 GHz (total elapsed time = 2.65e+02 s)

 Sol. ||E|| = 3.814834e+01
 Field energy E (3.624e-11 J) + H (3.446e-11 J) = 7.070e-11 J
 S[1][1] = +9.983e-01-2.842e-02i, |S[1][1]| = -1.096e-02, arg(S[1][1]) = -1.631e+00

It 1285/1751: ω/2π = 2.557e+00 GHz (total elapsed time = 2.65e+02 s)

 Sol. ||E|| = 3.814842e+01
 Field energy E (3.625e-11 J) + H (3.446e-11 J) = 7.071e-11 J
 S[1][1] = +9.983e-01-2.851e-02i, |S[1][1]| = -1.095e-02, arg(S[1][1]) = -1.636e+00

It 1286/1751: ω/2π = 2.557e+00 GHz (total elapsed time = 2.65e+02 s)

 Sol. ||E|| = 3.814849e+01
 Field energy E (3.625e-11 J) + H (3.446e-11 J) = 7.071e-11 J
 S[1][1] = +9.983e-01-2.860e-02i, |S[1][1]| = -1.094e-02, arg(S[1][1]) = -1.641e+00

It 1287/1751: ω/2π = 2.557e+00 GHz (total elapsed time = 2.65e+02 s)

 Sol. ||E|| = 3.814857e+01
 Field energy E (3.626e-11 J) + H (3.446e-11 J) = 7.072e-11 J
 S[1][1] = +9.983e-01-2.868e-02i, |S[1][1]| = -1.093e-02, arg(S[1][1]) = -1.646e+00

It 1288/1751: ω/2π = 2.557e+00 GHz (total elapsed time = 2.65e+02 s)

 Sol. ||E|| = 3.814865e+01
 Field energy E (3.626e-11 J) + H (3.446e-11 J) = 7.072e-11 J
 S[1][1] = +9.983e-01-2.877e-02i, |S[1][1]| = -1.092e-02, arg(S[1][1]) = -1.651e+00

It 1289/1751: ω/2π = 2.558e+00 GHz (total elapsed time = 2.65e+02 s)

 Sol. ||E|| = 3.814873e+01
 Field energy E (3.627e-11 J) + H (3.446e-11 J) = 7.073e-11 J
 S[1][1] = +9.983e-01-2.886e-02i, |S[1][1]| = -1.091e-02, arg(S[1][1]) = -1.656e+00

It 1290/1751: ω/2π = 2.558e+00 GHz (total elapsed time = 2.65e+02 s)

 Sol. ||E|| = 3.814881e+01
 Field energy E (3.627e-11 J) + H (3.446e-11 J) = 7.073e-11 J
 S[1][1] = +9.983e-01-2.895e-02i, |S[1][1]| = -1.090e-02, arg(S[1][1]) = -1.661e+00

It 1291/1751: ω/2π = 2.558e+00 GHz (total elapsed time = 2.65e+02 s)

 Sol. ||E|| = 3.814890e+01
 Field energy E (3.628e-11 J) + H (3.446e-11 J) = 7.074e-11 J
 S[1][1] = +9.983e-01-2.904e-02i, |S[1][1]| = -1.089e-02, arg(S[1][1]) = -1.666e+00

It 1292/1751: ω/2π = 2.558e+00 GHz (total elapsed time = 2.65e+02 s)

 Sol. ||E|| = 3.814898e+01
 Field energy E (3.629e-11 J) + H (3.446e-11 J) = 7.075e-11 J
 S[1][1] = +9.983e-01-2.913e-02i, |S[1][1]| = -1.088e-02, arg(S[1][1]) = -1.671e+00

It 1293/1751: ω/2π = 2.558e+00 GHz (total elapsed time = 2.65e+02 s)

 Sol. ||E|| = 3.814907e+01
 Field energy E (3.629e-11 J) + H (3.446e-11 J) = 7.075e-11 J
 S[1][1] = +9.983e-01-2.921e-02i, |S[1][1]| = -1.087e-02, arg(S[1][1]) = -1.676e+00

It 1294/1751: ω/2π = 2.559e+00 GHz (total elapsed time = 2.66e+02 s)

 Sol. ||E|| = 3.814916e+01
 Field energy E (3.630e-11 J) + H (3.446e-11 J) = 7.076e-11 J
 S[1][1] = +9.983e-01-2.930e-02i, |S[1][1]| = -1.085e-02, arg(S[1][1]) = -1.681e+00

It 1295/1751: ω/2π = 2.559e+00 GHz (total elapsed time = 2.66e+02 s)

 Sol. ||E|| = 3.814925e+01
 Field energy E (3.630e-11 J) + H (3.447e-11 J) = 7.077e-11 J
 S[1][1] = +9.983e-01-2.939e-02i, |S[1][1]| = -1.084e-02, arg(S[1][1]) = -1.686e+00

It 1296/1751: ω/2π = 2.559e+00 GHz (total elapsed time = 2.66e+02 s)

 Sol. ||E|| = 3.814934e+01
 Field energy E (3.631e-11 J) + H (3.447e-11 J) = 7.078e-11 J
 S[1][1] = +9.983e-01-2.948e-02i, |S[1][1]| = -1.083e-02, arg(S[1][1]) = -1.691e+00

It 1297/1751: ω/2π = 2.559e+00 GHz (total elapsed time = 2.66e+02 s)

 Sol. ||E|| = 3.814944e+01
 Field energy E (3.632e-11 J) + H (3.447e-11 J) = 7.079e-11 J
 S[1][1] = +9.983e-01-2.957e-02i, |S[1][1]| = -1.082e-02, arg(S[1][1]) = -1.697e+00

It 1298/1751: ω/2π = 2.559e+00 GHz (total elapsed time = 2.66e+02 s)

 Sol. ||E|| = 3.814954e+01
 Field energy E (3.633e-11 J) + H (3.447e-11 J) = 7.080e-11 J
 S[1][1] = +9.983e-01-2.966e-02i, |S[1][1]| = -1.081e-02, arg(S[1][1]) = -1.702e+00

It 1299/1751: ω/2π = 2.560e+00 GHz (total elapsed time = 2.66e+02 s)

 Sol. ||E|| = 3.814964e+01
 Field energy E (3.633e-11 J) + H (3.447e-11 J) = 7.081e-11 J
 S[1][1] = +9.983e-01-2.975e-02i, |S[1][1]| = -1.080e-02, arg(S[1][1]) = -1.707e+00

It 1300/1751: ω/2π = 2.560e+00 GHz (total elapsed time = 2.66e+02 s)

 Sol. ||E|| = 3.814974e+01
 Field energy E (3.634e-11 J) + H (3.448e-11 J) = 7.082e-11 J
 S[1][1] = +9.983e-01-2.983e-02i, |S[1][1]| = -1.080e-02, arg(S[1][1]) = -1.712e+00

It 1301/1751: ω/2π = 2.560e+00 GHz (total elapsed time = 2.66e+02 s)

 Sol. ||E|| = 3.814984e+01
 Field energy E (3.635e-11 J) + H (3.448e-11 J) = 7.083e-11 J
 S[1][1] = +9.983e-01-2.992e-02i, |S[1][1]| = -1.079e-02, arg(S[1][1]) = -1.717e+00

It 1302/1751: ω/2π = 2.560e+00 GHz (total elapsed time = 2.66e+02 s)

 Sol. ||E|| = 3.814994e+01
 Field energy E (3.636e-11 J) + H (3.448e-11 J) = 7.084e-11 J
 S[1][1] = +9.983e-01-3.001e-02i, |S[1][1]| = -1.078e-02, arg(S[1][1]) = -1.722e+00

It 1303/1751: ω/2π = 2.560e+00 GHz (total elapsed time = 2.66e+02 s)

 Sol. ||E|| = 3.815005e+01
 Field energy E (3.637e-11 J) + H (3.449e-11 J) = 7.085e-11 J
 S[1][1] = +9.983e-01-3.010e-02i, |S[1][1]| = -1.077e-02, arg(S[1][1]) = -1.727e+00

It 1304/1751: ω/2π = 2.561e+00 GHz (total elapsed time = 2.66e+02 s)

 Sol. ||E|| = 3.815016e+01
 Field energy E (3.638e-11 J) + H (3.449e-11 J) = 7.086e-11 J
 S[1][1] = +9.983e-01-3.019e-02i, |S[1][1]| = -1.076e-02, arg(S[1][1]) = -1.732e+00

It 1305/1751: ω/2π = 2.561e+00 GHz (total elapsed time = 2.66e+02 s)

 Sol. ||E|| = 3.815027e+01
 Field energy E (3.639e-11 J) + H (3.449e-11 J) = 7.088e-11 J
 S[1][1] = +9.983e-01-3.028e-02i, |S[1][1]| = -1.075e-02, arg(S[1][1]) = -1.737e+00

It 1306/1751: ω/2π = 2.561e+00 GHz (total elapsed time = 2.66e+02 s)

 Sol. ||E|| = 3.815038e+01
 Field energy E (3.639e-11 J) + H (3.450e-11 J) = 7.089e-11 J
 S[1][1] = +9.983e-01-3.037e-02i, |S[1][1]| = -1.074e-02, arg(S[1][1]) = -1.742e+00

It 1307/1751: ω/2π = 2.561e+00 GHz (total elapsed time = 2.66e+02 s)

 Sol. ||E|| = 3.815050e+01
 Field energy E (3.640e-11 J) + H (3.450e-11 J) = 7.090e-11 J
 S[1][1] = +9.983e-01-3.046e-02i, |S[1][1]| = -1.073e-02, arg(S[1][1]) = -1.747e+00

It 1308/1751: ω/2π = 2.561e+00 GHz (total elapsed time = 2.66e+02 s)

 Sol. ||E|| = 3.815062e+01
 Field energy E (3.641e-11 J) + H (3.450e-11 J) = 7.092e-11 J
 S[1][1] = +9.983e-01-3.054e-02i, |S[1][1]| = -1.072e-02, arg(S[1][1]) = -1.752e+00

It 1309/1751: ω/2π = 2.562e+00 GHz (total elapsed time = 2.67e+02 s)

 Sol. ||E|| = 3.815074e+01
 Field energy E (3.642e-11 J) + H (3.451e-11 J) = 7.093e-11 J
 S[1][1] = +9.983e-01-3.063e-02i, |S[1][1]| = -1.071e-02, arg(S[1][1]) = -1.758e+00

It 1310/1751: ω/2π = 2.562e+00 GHz (total elapsed time = 2.67e+02 s)

 Sol. ||E|| = 3.815086e+01
 Field energy E (3.643e-11 J) + H (3.451e-11 J) = 7.095e-11 J
 S[1][1] = +9.983e-01-3.072e-02i, |S[1][1]| = -1.070e-02, arg(S[1][1]) = -1.763e+00

It 1311/1751: ω/2π = 2.562e+00 GHz (total elapsed time = 2.67e+02 s)

 Sol. ||E|| = 3.815098e+01
 Field energy E (3.645e-11 J) + H (3.452e-11 J) = 7.097e-11 J
 S[1][1] = +9.983e-01-3.081e-02i, |S[1][1]| = -1.069e-02, arg(S[1][1]) = -1.768e+00

It 1312/1751: ω/2π = 2.562e+00 GHz (total elapsed time = 2.67e+02 s)

 Sol. ||E|| = 3.815111e+01
 Field energy E (3.646e-11 J) + H (3.453e-11 J) = 7.098e-11 J
 S[1][1] = +9.983e-01-3.090e-02i, |S[1][1]| = -1.069e-02, arg(S[1][1]) = -1.773e+00

It 1313/1751: ω/2π = 2.562e+00 GHz (total elapsed time = 2.67e+02 s)

 Sol. ||E|| = 3.815123e+01
 Field energy E (3.647e-11 J) + H (3.453e-11 J) = 7.100e-11 J
 S[1][1] = +9.983e-01-3.099e-02i, |S[1][1]| = -1.068e-02, arg(S[1][1]) = -1.778e+00

It 1314/1751: ω/2π = 2.563e+00 GHz (total elapsed time = 2.67e+02 s)

 Sol. ||E|| = 3.815136e+01
 Field energy E (3.648e-11 J) + H (3.454e-11 J) = 7.102e-11 J
 S[1][1] = +9.983e-01-3.108e-02i, |S[1][1]| = -1.067e-02, arg(S[1][1]) = -1.783e+00

It 1315/1751: ω/2π = 2.563e+00 GHz (total elapsed time = 2.67e+02 s)

 Sol. ||E|| = 3.815150e+01
 Field energy E (3.649e-11 J) + H (3.454e-11 J) = 7.103e-11 J
 S[1][1] = +9.983e-01-3.117e-02i, |S[1][1]| = -1.066e-02, arg(S[1][1]) = -1.788e+00

It 1316/1751: ω/2π = 2.563e+00 GHz (total elapsed time = 2.67e+02 s)

 Sol. ||E|| = 3.815163e+01
 Field energy E (3.650e-11 J) + H (3.455e-11 J) = 7.105e-11 J
 S[1][1] = +9.983e-01-3.125e-02i, |S[1][1]| = -1.065e-02, arg(S[1][1]) = -1.793e+00

It 1317/1751: ω/2π = 2.563e+00 GHz (total elapsed time = 2.67e+02 s)

 Sol. ||E|| = 3.815177e+01
 Field energy E (3.651e-11 J) + H (3.456e-11 J) = 7.107e-11 J
 S[1][1] = +9.983e-01-3.134e-02i, |S[1][1]| = -1.064e-02, arg(S[1][1]) = -1.798e+00

It 1318/1751: ω/2π = 2.563e+00 GHz (total elapsed time = 2.67e+02 s)

 Sol. ||E|| = 3.815191e+01
 Field energy E (3.653e-11 J) + H (3.456e-11 J) = 7.109e-11 J
 S[1][1] = +9.983e-01-3.143e-02i, |S[1][1]| = -1.064e-02, arg(S[1][1]) = -1.803e+00

It 1319/1751: ω/2π = 2.564e+00 GHz (total elapsed time = 2.67e+02 s)

 Sol. ||E|| = 3.815205e+01
 Field energy E (3.654e-11 J) + H (3.457e-11 J) = 7.111e-11 J
 S[1][1] = +9.983e-01-3.152e-02i, |S[1][1]| = -1.063e-02, arg(S[1][1]) = -1.809e+00

It 1320/1751: ω/2π = 2.564e+00 GHz (total elapsed time = 2.67e+02 s)

 Sol. ||E|| = 3.815219e+01
 Field energy E (3.655e-11 J) + H (3.458e-11 J) = 7.113e-11 J
 S[1][1] = +9.983e-01-3.161e-02i, |S[1][1]| = -1.062e-02, arg(S[1][1]) = -1.814e+00

It 1321/1751: ω/2π = 2.564e+00 GHz (total elapsed time = 2.67e+02 s)

 Sol. ||E|| = 3.815234e+01
 Field energy E (3.657e-11 J) + H (3.459e-11 J) = 7.115e-11 J
 S[1][1] = +9.983e-01-3.170e-02i, |S[1][1]| = -1.061e-02, arg(S[1][1]) = -1.819e+00

It 1322/1751: ω/2π = 2.564e+00 GHz (total elapsed time = 2.67e+02 s)

 Sol. ||E|| = 3.815248e+01
 Field energy E (3.658e-11 J) + H (3.459e-11 J) = 7.117e-11 J
 S[1][1] = +9.983e-01-3.179e-02i, |S[1][1]| = -1.060e-02, arg(S[1][1]) = -1.824e+00

It 1323/1751: ω/2π = 2.564e+00 GHz (total elapsed time = 2.67e+02 s)

 Sol. ||E|| = 3.815264e+01
 Field energy E (3.659e-11 J) + H (3.460e-11 J) = 7.120e-11 J
 S[1][1] = +9.983e-01-3.188e-02i, |S[1][1]| = -1.060e-02, arg(S[1][1]) = -1.829e+00

It 1324/1751: ω/2π = 2.565e+00 GHz (total elapsed time = 2.68e+02 s)

 Sol. ||E|| = 3.815279e+01
 Field energy E (3.661e-11 J) + H (3.461e-11 J) = 7.122e-11 J
 S[1][1] = +9.983e-01-3.197e-02i, |S[1][1]| = -1.059e-02, arg(S[1][1]) = -1.834e+00

It 1325/1751: ω/2π = 2.565e+00 GHz (total elapsed time = 2.68e+02 s)

 Sol. ||E|| = 3.815294e+01
 Field energy E (3.662e-11 J) + H (3.462e-11 J) = 7.124e-11 J
 S[1][1] = +9.983e-01-3.206e-02i, |S[1][1]| = -1.058e-02, arg(S[1][1]) = -1.839e+00

It 1326/1751: ω/2π = 2.565e+00 GHz (total elapsed time = 2.68e+02 s)

 Sol. ||E|| = 3.815310e+01
 Field energy E (3.664e-11 J) + H (3.463e-11 J) = 7.127e-11 J
 S[1][1] = +9.983e-01-3.215e-02i, |S[1][1]| = -1.057e-02, arg(S[1][1]) = -1.844e+00

It 1327/1751: ω/2π = 2.565e+00 GHz (total elapsed time = 2.68e+02 s)

 Sol. ||E|| = 3.815326e+01
 Field energy E (3.665e-11 J) + H (3.464e-11 J) = 7.129e-11 J
 S[1][1] = +9.983e-01-3.223e-02i, |S[1][1]| = -1.057e-02, arg(S[1][1]) = -1.849e+00

It 1328/1751: ω/2π = 2.565e+00 GHz (total elapsed time = 2.68e+02 s)

 Sol. ||E|| = 3.815343e+01
 Field energy E (3.667e-11 J) + H (3.465e-11 J) = 7.132e-11 J
 S[1][1] = +9.983e-01-3.232e-02i, |S[1][1]| = -1.056e-02, arg(S[1][1]) = -1.855e+00

It 1329/1751: ω/2π = 2.566e+00 GHz (total elapsed time = 2.68e+02 s)

 Sol. ||E|| = 3.815359e+01
 Field energy E (3.668e-11 J) + H (3.466e-11 J) = 7.134e-11 J
 S[1][1] = +9.983e-01-3.241e-02i, |S[1][1]| = -1.055e-02, arg(S[1][1]) = -1.860e+00

It 1330/1751: ω/2π = 2.566e+00 GHz (total elapsed time = 2.68e+02 s)

 Sol. ||E|| = 3.815376e+01
 Field energy E (3.670e-11 J) + H (3.467e-11 J) = 7.137e-11 J
 S[1][1] = +9.983e-01-3.250e-02i, |S[1][1]| = -1.055e-02, arg(S[1][1]) = -1.865e+00

It 1331/1751: ω/2π = 2.566e+00 GHz (total elapsed time = 2.68e+02 s)

 Sol. ||E|| = 3.815393e+01
 Field energy E (3.672e-11 J) + H (3.468e-11 J) = 7.140e-11 J
 S[1][1] = +9.983e-01-3.259e-02i, |S[1][1]| = -1.054e-02, arg(S[1][1]) = -1.870e+00

It 1332/1751: ω/2π = 2.566e+00 GHz (total elapsed time = 2.68e+02 s)

 Sol. ||E|| = 3.815411e+01
 Field energy E (3.673e-11 J) + H (3.469e-11 J) = 7.143e-11 J
 S[1][1] = +9.983e-01-3.268e-02i, |S[1][1]| = -1.053e-02, arg(S[1][1]) = -1.875e+00

It 1333/1751: ω/2π = 2.566e+00 GHz (total elapsed time = 2.68e+02 s)

 Sol. ||E|| = 3.815429e+01
 Field energy E (3.675e-11 J) + H (3.471e-11 J) = 7.145e-11 J
 S[1][1] = +9.983e-01-3.277e-02i, |S[1][1]| = -1.053e-02, arg(S[1][1]) = -1.880e+00

It 1334/1751: ω/2π = 2.567e+00 GHz (total elapsed time = 2.68e+02 s)

 Sol. ||E|| = 3.815447e+01
 Field energy E (3.677e-11 J) + H (3.472e-11 J) = 7.148e-11 J
 S[1][1] = +9.982e-01-3.286e-02i, |S[1][1]| = -1.052e-02, arg(S[1][1]) = -1.885e+00

It 1335/1751: ω/2π = 2.567e+00 GHz (total elapsed time = 2.68e+02 s)

 Sol. ||E|| = 3.815465e+01
 Field energy E (3.678e-11 J) + H (3.473e-11 J) = 7.151e-11 J
 S[1][1] = +9.982e-01-3.295e-02i, |S[1][1]| = -1.051e-02, arg(S[1][1]) = -1.890e+00

It 1336/1751: ω/2π = 2.567e+00 GHz (total elapsed time = 2.68e+02 s)

 Sol. ||E|| = 3.815483e+01
 Field energy E (3.680e-11 J) + H (3.474e-11 J) = 7.154e-11 J
 S[1][1] = +9.982e-01-3.304e-02i, |S[1][1]| = -1.051e-02, arg(S[1][1]) = -1.896e+00

It 1337/1751: ω/2π = 2.567e+00 GHz (total elapsed time = 2.68e+02 s)

 Sol. ||E|| = 3.815502e+01
 Field energy E (3.682e-11 J) + H (3.476e-11 J) = 7.158e-11 J
 S[1][1] = +9.982e-01-3.313e-02i, |S[1][1]| = -1.050e-02, arg(S[1][1]) = -1.901e+00

It 1338/1751: ω/2π = 2.567e+00 GHz (total elapsed time = 2.68e+02 s)

 Sol. ||E|| = 3.815521e+01
 Field energy E (3.684e-11 J) + H (3.477e-11 J) = 7.161e-11 J
 S[1][1] = +9.982e-01-3.322e-02i, |S[1][1]| = -1.049e-02, arg(S[1][1]) = -1.906e+00

It 1339/1751: ω/2π = 2.568e+00 GHz (total elapsed time = 2.68e+02 s)

 Sol. ||E|| = 3.815541e+01
 Field energy E (3.686e-11 J) + H (3.478e-11 J) = 7.164e-11 J
 S[1][1] = +9.982e-01-3.331e-02i, |S[1][1]| = -1.049e-02, arg(S[1][1]) = -1.911e+00

It 1340/1751: ω/2π = 2.568e+00 GHz (total elapsed time = 2.69e+02 s)

 Sol. ||E|| = 3.815561e+01
 Field energy E (3.688e-11 J) + H (3.480e-11 J) = 7.167e-11 J
 S[1][1] = +9.982e-01-3.340e-02i, |S[1][1]| = -1.048e-02, arg(S[1][1]) = -1.916e+00

It 1341/1751: ω/2π = 2.568e+00 GHz (total elapsed time = 2.69e+02 s)

 Sol. ||E|| = 3.815581e+01
 Field energy E (3.690e-11 J) + H (3.481e-11 J) = 7.171e-11 J
 S[1][1] = +9.982e-01-3.349e-02i, |S[1][1]| = -1.047e-02, arg(S[1][1]) = -1.921e+00

It 1342/1751: ω/2π = 2.568e+00 GHz (total elapsed time = 2.69e+02 s)

 Sol. ||E|| = 3.815601e+01
 Field energy E (3.692e-11 J) + H (3.483e-11 J) = 7.174e-11 J
 S[1][1] = +9.982e-01-3.358e-02i, |S[1][1]| = -1.047e-02, arg(S[1][1]) = -1.926e+00

It 1343/1751: ω/2π = 2.568e+00 GHz (total elapsed time = 2.69e+02 s)

 Sol. ||E|| = 3.815622e+01
 Field energy E (3.694e-11 J) + H (3.484e-11 J) = 7.178e-11 J
 S[1][1] = +9.982e-01-3.367e-02i, |S[1][1]| = -1.046e-02, arg(S[1][1]) = -1.932e+00

It 1344/1751: ω/2π = 2.569e+00 GHz (total elapsed time = 2.69e+02 s)

 Sol. ||E|| = 3.815643e+01
 Field energy E (3.696e-11 J) + H (3.486e-11 J) = 7.182e-11 J
 S[1][1] = +9.982e-01-3.376e-02i, |S[1][1]| = -1.046e-02, arg(S[1][1]) = -1.937e+00

It 1345/1751: ω/2π = 2.569e+00 GHz (total elapsed time = 2.69e+02 s)

 Sol. ||E|| = 3.815665e+01
 Field energy E (3.698e-11 J) + H (3.487e-11 J) = 7.186e-11 J
 S[1][1] = +9.982e-01-3.385e-02i, |S[1][1]| = -1.045e-02, arg(S[1][1]) = -1.942e+00

It 1346/1751: ω/2π = 2.569e+00 GHz (total elapsed time = 2.69e+02 s)

 Sol. ||E|| = 3.815686e+01
 Field energy E (3.700e-11 J) + H (3.489e-11 J) = 7.189e-11 J
 S[1][1] = +9.982e-01-3.394e-02i, |S[1][1]| = -1.044e-02, arg(S[1][1]) = -1.947e+00

It 1347/1751: ω/2π = 2.569e+00 GHz (total elapsed time = 2.69e+02 s)

 Sol. ||E|| = 3.815708e+01
 Field energy E (3.703e-11 J) + H (3.491e-11 J) = 7.193e-11 J
 S[1][1] = +9.982e-01-3.403e-02i, |S[1][1]| = -1.044e-02, arg(S[1][1]) = -1.952e+00

It 1348/1751: ω/2π = 2.569e+00 GHz (total elapsed time = 2.69e+02 s)

 Sol. ||E|| = 3.815731e+01
 Field energy E (3.705e-11 J) + H (3.492e-11 J) = 7.197e-11 J
 S[1][1] = +9.982e-01-3.412e-02i, |S[1][1]| = -1.043e-02, arg(S[1][1]) = -1.957e+00

It 1349/1751: ω/2π = 2.570e+00 GHz (total elapsed time = 2.69e+02 s)

 Sol. ||E|| = 3.815754e+01
 Field energy E (3.707e-11 J) + H (3.494e-11 J) = 7.201e-11 J
 S[1][1] = +9.982e-01-3.421e-02i, |S[1][1]| = -1.043e-02, arg(S[1][1]) = -1.963e+00

It 1350/1751: ω/2π = 2.570e+00 GHz (total elapsed time = 2.69e+02 s)

 Sol. ||E|| = 3.815777e+01
 Field energy E (3.710e-11 J) + H (3.496e-11 J) = 7.206e-11 J
 S[1][1] = +9.982e-01-3.430e-02i, |S[1][1]| = -1.042e-02, arg(S[1][1]) = -1.968e+00

It 1351/1751: ω/2π = 2.570e+00 GHz (total elapsed time = 2.69e+02 s)

 Sol. ||E|| = 3.815801e+01
 Field energy E (3.712e-11 J) + H (3.498e-11 J) = 7.210e-11 J
 S[1][1] = +9.982e-01-3.439e-02i, |S[1][1]| = -1.042e-02, arg(S[1][1]) = -1.973e+00

It 1352/1751: ω/2π = 2.570e+00 GHz (total elapsed time = 2.69e+02 s)

 Sol. ||E|| = 3.815824e+01
 Field energy E (3.714e-11 J) + H (3.500e-11 J) = 7.214e-11 J
 S[1][1] = +9.982e-01-3.448e-02i, |S[1][1]| = -1.041e-02, arg(S[1][1]) = -1.978e+00

It 1353/1751: ω/2π = 2.570e+00 GHz (total elapsed time = 2.69e+02 s)

 Sol. ||E|| = 3.815849e+01
 Field energy E (3.717e-11 J) + H (3.502e-11 J) = 7.219e-11 J
 S[1][1] = +9.982e-01-3.457e-02i, |S[1][1]| = -1.041e-02, arg(S[1][1]) = -1.983e+00

It 1354/1751: ω/2π = 2.571e+00 GHz (total elapsed time = 2.69e+02 s)

 Sol. ||E|| = 3.815874e+01
 Field energy E (3.720e-11 J) + H (3.504e-11 J) = 7.223e-11 J
 S[1][1] = +9.982e-01-3.466e-02i, |S[1][1]| = -1.040e-02, arg(S[1][1]) = -1.988e+00

It 1355/1751: ω/2π = 2.571e+00 GHz (total elapsed time = 2.70e+02 s)

 Sol. ||E|| = 3.815899e+01
 Field energy E (3.722e-11 J) + H (3.506e-11 J) = 7.228e-11 J
 S[1][1] = +9.982e-01-3.475e-02i, |S[1][1]| = -1.040e-02, arg(S[1][1]) = -1.994e+00

It 1356/1751: ω/2π = 2.571e+00 GHz (total elapsed time = 2.70e+02 s)

 Sol. ||E|| = 3.815924e+01
 Field energy E (3.725e-11 J) + H (3.508e-11 J) = 7.233e-11 J
 S[1][1] = +9.982e-01-3.484e-02i, |S[1][1]| = -1.039e-02, arg(S[1][1]) = -1.999e+00

It 1357/1751: ω/2π = 2.571e+00 GHz (total elapsed time = 2.70e+02 s)

 Sol. ||E|| = 3.815950e+01
 Field energy E (3.727e-11 J) + H (3.510e-11 J) = 7.238e-11 J
 S[1][1] = +9.982e-01-3.493e-02i, |S[1][1]| = -1.039e-02, arg(S[1][1]) = -2.004e+00

It 1358/1751: ω/2π = 2.571e+00 GHz (total elapsed time = 2.70e+02 s)

 Sol. ||E|| = 3.815977e+01
 Field energy E (3.730e-11 J) + H (3.512e-11 J) = 7.243e-11 J
 S[1][1] = +9.982e-01-3.502e-02i, |S[1][1]| = -1.038e-02, arg(S[1][1]) = -2.009e+00

It 1359/1751: ω/2π = 2.572e+00 GHz (total elapsed time = 2.70e+02 s)

 Sol. ||E|| = 3.816003e+01
 Field energy E (3.733e-11 J) + H (3.515e-11 J) = 7.248e-11 J
 S[1][1] = +9.982e-01-3.511e-02i, |S[1][1]| = -1.038e-02, arg(S[1][1]) = -2.014e+00

It 1360/1751: ω/2π = 2.572e+00 GHz (total elapsed time = 2.70e+02 s)

 Sol. ||E|| = 3.816031e+01
 Field energy E (3.736e-11 J) + H (3.517e-11 J) = 7.253e-11 J
 S[1][1] = +9.982e-01-3.520e-02i, |S[1][1]| = -1.037e-02, arg(S[1][1]) = -2.020e+00

It 1361/1751: ω/2π = 2.572e+00 GHz (total elapsed time = 2.70e+02 s)

 Sol. ||E|| = 3.816058e+01
 Field energy E (3.739e-11 J) + H (3.519e-11 J) = 7.258e-11 J
 S[1][1] = +9.982e-01-3.529e-02i, |S[1][1]| = -1.037e-02, arg(S[1][1]) = -2.025e+00

It 1362/1751: ω/2π = 2.572e+00 GHz (total elapsed time = 2.70e+02 s)

 Sol. ||E|| = 3.816087e+01
 Field energy E (3.742e-11 J) + H (3.522e-11 J) = 7.264e-11 J
 S[1][1] = +9.982e-01-3.538e-02i, |S[1][1]| = -1.036e-02, arg(S[1][1]) = -2.030e+00

It 1363/1751: ω/2π = 2.572e+00 GHz (total elapsed time = 2.70e+02 s)

 Sol. ||E|| = 3.816115e+01
 Field energy E (3.745e-11 J) + H (3.524e-11 J) = 7.269e-11 J
 S[1][1] = +9.982e-01-3.547e-02i, |S[1][1]| = -1.036e-02, arg(S[1][1]) = -2.035e+00

It 1364/1751: ω/2π = 2.573e+00 GHz (total elapsed time = 2.70e+02 s)

 Sol. ||E|| = 3.816144e+01
 Field energy E (3.748e-11 J) + H (3.527e-11 J) = 7.275e-11 J
 S[1][1] = +9.982e-01-3.556e-02i, |S[1][1]| = -1.036e-02, arg(S[1][1]) = -2.041e+00

It 1365/1751: ω/2π = 2.573e+00 GHz (total elapsed time = 2.70e+02 s)

 Sol. ||E|| = 3.816174e+01
 Field energy E (3.751e-11 J) + H (3.529e-11 J) = 7.280e-11 J
 S[1][1] = +9.982e-01-3.566e-02i, |S[1][1]| = -1.035e-02, arg(S[1][1]) = -2.046e+00

It 1366/1751: ω/2π = 2.573e+00 GHz (total elapsed time = 2.70e+02 s)

 Sol. ||E|| = 3.816204e+01
 Field energy E (3.754e-11 J) + H (3.532e-11 J) = 7.286e-11 J
 S[1][1] = +9.982e-01-3.575e-02i, |S[1][1]| = -1.035e-02, arg(S[1][1]) = -2.051e+00

It 1367/1751: ω/2π = 2.573e+00 GHz (total elapsed time = 2.70e+02 s)

 Sol. ||E|| = 3.816235e+01
 Field energy E (3.758e-11 J) + H (3.535e-11 J) = 7.292e-11 J
 S[1][1] = +9.982e-01-3.584e-02i, |S[1][1]| = -1.034e-02, arg(S[1][1]) = -2.056e+00

It 1368/1751: ω/2π = 2.573e+00 GHz (total elapsed time = 2.70e+02 s)

 Sol. ||E|| = 3.816266e+01
 Field energy E (3.761e-11 J) + H (3.538e-11 J) = 7.298e-11 J
 S[1][1] = +9.982e-01-3.593e-02i, |S[1][1]| = -1.034e-02, arg(S[1][1]) = -2.061e+00

It 1369/1751: ω/2π = 2.574e+00 GHz (total elapsed time = 2.70e+02 s)

 Sol. ||E|| = 3.816297e+01
 Field energy E (3.764e-11 J) + H (3.540e-11 J) = 7.305e-11 J
 S[1][1] = +9.982e-01-3.602e-02i, |S[1][1]| = -1.033e-02, arg(S[1][1]) = -2.067e+00

It 1370/1751: ω/2π = 2.574e+00 GHz (total elapsed time = 2.71e+02 s)

 Sol. ||E|| = 3.816330e+01
 Field energy E (3.768e-11 J) + H (3.543e-11 J) = 7.311e-11 J
 S[1][1] = +9.982e-01-3.611e-02i, |S[1][1]| = -1.033e-02, arg(S[1][1]) = -2.072e+00

It 1371/1751: ω/2π = 2.574e+00 GHz (total elapsed time = 2.71e+02 s)

 Sol. ||E|| = 3.816362e+01
 Field energy E (3.771e-11 J) + H (3.546e-11 J) = 7.318e-11 J
 S[1][1] = +9.982e-01-3.620e-02i, |S[1][1]| = -1.033e-02, arg(S[1][1]) = -2.077e+00

It 1372/1751: ω/2π = 2.574e+00 GHz (total elapsed time = 2.71e+02 s)

 Sol. ||E|| = 3.816396e+01
 Field energy E (3.775e-11 J) + H (3.549e-11 J) = 7.324e-11 J
 S[1][1] = +9.982e-01-3.629e-02i, |S[1][1]| = -1.032e-02, arg(S[1][1]) = -2.082e+00

It 1373/1751: ω/2π = 2.574e+00 GHz (total elapsed time = 2.71e+02 s)

 Sol. ||E|| = 3.816430e+01
 Field energy E (3.779e-11 J) + H (3.552e-11 J) = 7.331e-11 J
 S[1][1] = +9.981e-01-3.639e-02i, |S[1][1]| = -1.032e-02, arg(S[1][1]) = -2.088e+00

It 1374/1751: ω/2π = 2.575e+00 GHz (total elapsed time = 2.71e+02 s)

 Sol. ||E|| = 3.816464e+01
 Field energy E (3.782e-11 J) + H (3.556e-11 J) = 7.338e-11 J
 S[1][1] = +9.981e-01-3.648e-02i, |S[1][1]| = -1.032e-02, arg(S[1][1]) = -2.093e+00

It 1375/1751: ω/2π = 2.575e+00 GHz (total elapsed time = 2.71e+02 s)

 Sol. ||E|| = 3.816499e+01
 Field energy E (3.786e-11 J) + H (3.559e-11 J) = 7.345e-11 J
 S[1][1] = +9.981e-01-3.657e-02i, |S[1][1]| = -1.031e-02, arg(S[1][1]) = -2.098e+00

It 1376/1751: ω/2π = 2.575e+00 GHz (total elapsed time = 2.71e+02 s)

 Sol. ||E|| = 3.816535e+01
 Field energy E (3.790e-11 J) + H (3.562e-11 J) = 7.352e-11 J
 S[1][1] = +9.981e-01-3.666e-02i, |S[1][1]| = -1.031e-02, arg(S[1][1]) = -2.104e+00

It 1377/1751: ω/2π = 2.575e+00 GHz (total elapsed time = 2.71e+02 s)

 Sol. ||E|| = 3.816572e+01
 Field energy E (3.794e-11 J) + H (3.566e-11 J) = 7.360e-11 J
 S[1][1] = +9.981e-01-3.675e-02i, |S[1][1]| = -1.031e-02, arg(S[1][1]) = -2.109e+00

It 1378/1751: ω/2π = 2.575e+00 GHz (total elapsed time = 2.71e+02 s)

 Sol. ||E|| = 3.816609e+01
 Field energy E (3.798e-11 J) + H (3.569e-11 J) = 7.367e-11 J
 S[1][1] = +9.981e-01-3.685e-02i, |S[1][1]| = -1.030e-02, arg(S[1][1]) = -2.114e+00

It 1379/1751: ω/2π = 2.576e+00 GHz (total elapsed time = 2.71e+02 s)

 Sol. ||E|| = 3.816646e+01
 Field energy E (3.802e-11 J) + H (3.573e-11 J) = 7.375e-11 J
 S[1][1] = +9.981e-01-3.694e-02i, |S[1][1]| = -1.030e-02, arg(S[1][1]) = -2.119e+00

It 1380/1751: ω/2π = 2.576e+00 GHz (total elapsed time = 2.71e+02 s)

 Sol. ||E|| = 3.816685e+01
 Field energy E (3.806e-11 J) + H (3.576e-11 J) = 7.383e-11 J
 S[1][1] = +9.981e-01-3.703e-02i, |S[1][1]| = -1.030e-02, arg(S[1][1]) = -2.125e+00

It 1381/1751: ω/2π = 2.576e+00 GHz (total elapsed time = 2.71e+02 s)

 Sol. ||E|| = 3.816724e+01
 Field energy E (3.811e-11 J) + H (3.580e-11 J) = 7.391e-11 J
 S[1][1] = +9.981e-01-3.712e-02i, |S[1][1]| = -1.029e-02, arg(S[1][1]) = -2.130e+00

It 1382/1751: ω/2π = 2.576e+00 GHz (total elapsed time = 2.71e+02 s)

 Sol. ||E|| = 3.816764e+01
 Field energy E (3.815e-11 J) + H (3.584e-11 J) = 7.399e-11 J
 S[1][1] = +9.981e-01-3.722e-02i, |S[1][1]| = -1.029e-02, arg(S[1][1]) = -2.135e+00

It 1383/1751: ω/2π = 2.576e+00 GHz (total elapsed time = 2.71e+02 s)

 Sol. ||E|| = 3.816804e+01
 Field energy E (3.819e-11 J) + H (3.588e-11 J) = 7.407e-11 J
 S[1][1] = +9.981e-01-3.731e-02i, |S[1][1]| = -1.029e-02, arg(S[1][1]) = -2.141e+00

It 1384/1751: ω/2π = 2.577e+00 GHz (total elapsed time = 2.71e+02 s)

 Sol. ||E|| = 3.816845e+01
 Field energy E (3.824e-11 J) + H (3.592e-11 J) = 7.416e-11 J
 S[1][1] = +9.981e-01-3.740e-02i, |S[1][1]| = -1.028e-02, arg(S[1][1]) = -2.146e+00

It 1385/1751: ω/2π = 2.577e+00 GHz (total elapsed time = 2.72e+02 s)

 Sol. ||E|| = 3.816887e+01
 Field energy E (3.829e-11 J) + H (3.596e-11 J) = 7.425e-11 J
 S[1][1] = +9.981e-01-3.749e-02i, |S[1][1]| = -1.028e-02, arg(S[1][1]) = -2.151e+00

It 1386/1751: ω/2π = 2.577e+00 GHz (total elapsed time = 2.72e+02 s)

 Sol. ||E|| = 3.816930e+01
 Field energy E (3.833e-11 J) + H (3.600e-11 J) = 7.434e-11 J
 S[1][1] = +9.981e-01-3.759e-02i, |S[1][1]| = -1.028e-02, arg(S[1][1]) = -2.157e+00

It 1387/1751: ω/2π = 2.577e+00 GHz (total elapsed time = 2.72e+02 s)

 Sol. ||E|| = 3.816974e+01
 Field energy E (3.838e-11 J) + H (3.604e-11 J) = 7.443e-11 J
 S[1][1] = +9.981e-01-3.768e-02i, |S[1][1]| = -1.028e-02, arg(S[1][1]) = -2.162e+00

It 1388/1751: ω/2π = 2.577e+00 GHz (total elapsed time = 2.72e+02 s)

 Sol. ||E|| = 3.817018e+01
 Field energy E (3.843e-11 J) + H (3.609e-11 J) = 7.452e-11 J
 S[1][1] = +9.981e-01-3.777e-02i, |S[1][1]| = -1.027e-02, arg(S[1][1]) = -2.167e+00

It 1389/1751: ω/2π = 2.578e+00 GHz (total elapsed time = 2.72e+02 s)

 Sol. ||E|| = 3.817064e+01
 Field energy E (3.848e-11 J) + H (3.613e-11 J) = 7.462e-11 J
 S[1][1] = +9.981e-01-3.787e-02i, |S[1][1]| = -1.027e-02, arg(S[1][1]) = -2.173e+00

It 1390/1751: ω/2π = 2.578e+00 GHz (total elapsed time = 2.72e+02 s)

 Sol. ||E|| = 3.817110e+01
 Field energy E (3.853e-11 J) + H (3.618e-11 J) = 7.471e-11 J
 S[1][1] = +9.981e-01-3.796e-02i, |S[1][1]| = -1.027e-02, arg(S[1][1]) = -2.178e+00

It 1391/1751: ω/2π = 2.578e+00 GHz (total elapsed time = 2.72e+02 s)

 Sol. ||E|| = 3.817157e+01
 Field energy E (3.859e-11 J) + H (3.623e-11 J) = 7.481e-11 J
 S[1][1] = +9.981e-01-3.805e-02i, |S[1][1]| = -1.027e-02, arg(S[1][1]) = -2.183e+00

It 1392/1751: ω/2π = 2.578e+00 GHz (total elapsed time = 2.72e+02 s)

 Sol. ||E|| = 3.817205e+01
 Field energy E (3.864e-11 J) + H (3.627e-11 J) = 7.492e-11 J
 S[1][1] = +9.981e-01-3.815e-02i, |S[1][1]| = -1.026e-02, arg(S[1][1]) = -2.189e+00

It 1393/1751: ω/2π = 2.578e+00 GHz (total elapsed time = 2.72e+02 s)

 Sol. ||E|| = 3.817254e+01
 Field energy E (3.870e-11 J) + H (3.632e-11 J) = 7.502e-11 J
 S[1][1] = +9.981e-01-3.824e-02i, |S[1][1]| = -1.026e-02, arg(S[1][1]) = -2.194e+00

It 1394/1751: ω/2π = 2.579e+00 GHz (total elapsed time = 2.72e+02 s)

 Sol. ||E|| = 3.817304e+01
 Field energy E (3.875e-11 J) + H (3.637e-11 J) = 7.513e-11 J
 S[1][1] = +9.981e-01-3.833e-02i, |S[1][1]| = -1.026e-02, arg(S[1][1]) = -2.200e+00

It 1395/1751: ω/2π = 2.579e+00 GHz (total elapsed time = 2.72e+02 s)

 Sol. ||E|| = 3.817355e+01
 Field energy E (3.881e-11 J) + H (3.643e-11 J) = 7.524e-11 J
 S[1][1] = +9.981e-01-3.843e-02i, |S[1][1]| = -1.026e-02, arg(S[1][1]) = -2.205e+00

It 1396/1751: ω/2π = 2.579e+00 GHz (total elapsed time = 2.72e+02 s)

 Sol. ||E|| = 3.817407e+01
 Field energy E (3.887e-11 J) + H (3.648e-11 J) = 7.535e-11 J
 S[1][1] = +9.981e-01-3.852e-02i, |S[1][1]| = -1.026e-02, arg(S[1][1]) = -2.210e+00

It 1397/1751: ω/2π = 2.579e+00 GHz (total elapsed time = 2.72e+02 s)

 Sol. ||E|| = 3.817460e+01
 Field energy E (3.893e-11 J) + H (3.653e-11 J) = 7.546e-11 J
 S[1][1] = +9.981e-01-3.862e-02i, |S[1][1]| = -1.025e-02, arg(S[1][1]) = -2.216e+00

It 1398/1751: ω/2π = 2.579e+00 GHz (total elapsed time = 2.72e+02 s)

 Sol. ||E|| = 3.817514e+01
 Field energy E (3.899e-11 J) + H (3.659e-11 J) = 7.558e-11 J
 S[1][1] = +9.981e-01-3.871e-02i, |S[1][1]| = -1.025e-02, arg(S[1][1]) = -2.221e+00

It 1399/1751: ω/2π = 2.580e+00 GHz (total elapsed time = 2.72e+02 s)

 Sol. ||E|| = 3.817570e+01
 Field energy E (3.905e-11 J) + H (3.665e-11 J) = 7.570e-11 J
 S[1][1] = +9.981e-01-3.881e-02i, |S[1][1]| = -1.025e-02, arg(S[1][1]) = -2.227e+00

It 1400/1751: ω/2π = 2.580e+00 GHz (total elapsed time = 2.72e+02 s)

 Sol. ||E|| = 3.817626e+01
 Field energy E (3.912e-11 J) + H (3.670e-11 J) = 7.582e-11 J
 S[1][1] = +9.981e-01-3.890e-02i, |S[1][1]| = -1.025e-02, arg(S[1][1]) = -2.232e+00

It 1401/1751: ω/2π = 2.580e+00 GHz (total elapsed time = 2.73e+02 s)

 Sol. ||E|| = 3.817684e+01
 Field energy E (3.918e-11 J) + H (3.676e-11 J) = 7.595e-11 J
 S[1][1] = +9.981e-01-3.900e-02i, |S[1][1]| = -1.025e-02, arg(S[1][1]) = -2.238e+00

It 1402/1751: ω/2π = 2.580e+00 GHz (total elapsed time = 2.73e+02 s)

 Sol. ||E|| = 3.817743e+01
 Field energy E (3.925e-11 J) + H (3.683e-11 J) = 7.607e-11 J
 S[1][1] = +9.981e-01-3.909e-02i, |S[1][1]| = -1.024e-02, arg(S[1][1]) = -2.243e+00

It 1403/1751: ω/2π = 2.580e+00 GHz (total elapsed time = 2.73e+02 s)

 Sol. ||E|| = 3.817803e+01
 Field energy E (3.932e-11 J) + H (3.689e-11 J) = 7.620e-11 J
 S[1][1] = +9.981e-01-3.919e-02i, |S[1][1]| = -1.024e-02, arg(S[1][1]) = -2.248e+00

It 1404/1751: ω/2π = 2.581e+00 GHz (total elapsed time = 2.73e+02 s)

 Sol. ||E|| = 3.817864e+01
 Field energy E (3.939e-11 J) + H (3.695e-11 J) = 7.634e-11 J
 S[1][1] = +9.980e-01-3.928e-02i, |S[1][1]| = -1.024e-02, arg(S[1][1]) = -2.254e+00

It 1405/1751: ω/2π = 2.581e+00 GHz (total elapsed time = 2.73e+02 s)

 Sol. ||E|| = 3.817927e+01
 Field energy E (3.946e-11 J) + H (3.702e-11 J) = 7.648e-11 J
 S[1][1] = +9.980e-01-3.938e-02i, |S[1][1]| = -1.024e-02, arg(S[1][1]) = -2.259e+00

It 1406/1751: ω/2π = 2.581e+00 GHz (total elapsed time = 2.73e+02 s)

 Sol. ||E|| = 3.817991e+01
 Field energy E (3.953e-11 J) + H (3.709e-11 J) = 7.662e-11 J
 S[1][1] = +9.980e-01-3.947e-02i, |S[1][1]| = -1.024e-02, arg(S[1][1]) = -2.265e+00

It 1407/1751: ω/2π = 2.581e+00 GHz (total elapsed time = 2.73e+02 s)

 Sol. ||E|| = 3.818057e+01
 Field energy E (3.961e-11 J) + H (3.715e-11 J) = 7.676e-11 J
 S[1][1] = +9.980e-01-3.957e-02i, |S[1][1]| = -1.024e-02, arg(S[1][1]) = -2.270e+00

It 1408/1751: ω/2π = 2.581e+00 GHz (total elapsed time = 2.73e+02 s)

 Sol. ||E|| = 3.818124e+01
 Field energy E (3.968e-11 J) + H (3.723e-11 J) = 7.691e-11 J
 S[1][1] = +9.980e-01-3.967e-02i, |S[1][1]| = -1.024e-02, arg(S[1][1]) = -2.276e+00

It 1409/1751: ω/2π = 2.582e+00 GHz (total elapsed time = 2.73e+02 s)

 Sol. ||E|| = 3.818192e+01
 Field energy E (3.976e-11 J) + H (3.730e-11 J) = 7.706e-11 J
 S[1][1] = +9.980e-01-3.976e-02i, |S[1][1]| = -1.023e-02, arg(S[1][1]) = -2.281e+00

It 1410/1751: ω/2π = 2.582e+00 GHz (total elapsed time = 2.73e+02 s)

 Sol. ||E|| = 3.818262e+01
 Field energy E (3.984e-11 J) + H (3.737e-11 J) = 7.721e-11 J
 S[1][1] = +9.980e-01-3.986e-02i, |S[1][1]| = -1.023e-02, arg(S[1][1]) = -2.287e+00

It 1411/1751: ω/2π = 2.582e+00 GHz (total elapsed time = 2.73e+02 s)

 Sol. ||E|| = 3.818334e+01
 Field energy E (3.992e-11 J) + H (3.745e-11 J) = 7.737e-11 J
 S[1][1] = +9.980e-01-3.995e-02i, |S[1][1]| = -1.023e-02, arg(S[1][1]) = -2.293e+00

It 1412/1751: ω/2π = 2.582e+00 GHz (total elapsed time = 2.73e+02 s)

 Sol. ||E|| = 3.818407e+01
 Field energy E (4.001e-11 J) + H (3.753e-11 J) = 7.754e-11 J
 S[1][1] = +9.980e-01-4.005e-02i, |S[1][1]| = -1.023e-02, arg(S[1][1]) = -2.298e+00

It 1413/1751: ω/2π = 2.582e+00 GHz (total elapsed time = 2.73e+02 s)

 Sol. ||E|| = 3.818482e+01
 Field energy E (4.009e-11 J) + H (3.761e-11 J) = 7.770e-11 J
 S[1][1] = +9.980e-01-4.015e-02i, |S[1][1]| = -1.023e-02, arg(S[1][1]) = -2.304e+00

It 1414/1751: ω/2π = 2.583e+00 GHz (total elapsed time = 2.73e+02 s)

 Sol. ||E|| = 3.818559e+01
 Field energy E (4.018e-11 J) + H (3.769e-11 J) = 7.787e-11 J
 S[1][1] = +9.980e-01-4.025e-02i, |S[1][1]| = -1.023e-02, arg(S[1][1]) = -2.309e+00

It 1415/1751: ω/2π = 2.583e+00 GHz (total elapsed time = 2.73e+02 s)

 Sol. ||E|| = 3.818638e+01
 Field energy E (4.027e-11 J) + H (3.778e-11 J) = 7.805e-11 J
 S[1][1] = +9.980e-01-4.034e-02i, |S[1][1]| = -1.023e-02, arg(S[1][1]) = -2.315e+00

It 1416/1751: ω/2π = 2.583e+00 GHz (total elapsed time = 2.74e+02 s)

 Sol. ||E|| = 3.818719e+01
 Field energy E (4.037e-11 J) + H (3.786e-11 J) = 7.823e-11 J
 S[1][1] = +9.980e-01-4.044e-02i, |S[1][1]| = -1.023e-02, arg(S[1][1]) = -2.320e+00

It 1417/1751: ω/2π = 2.583e+00 GHz (total elapsed time = 2.74e+02 s)

 Sol. ||E|| = 3.818801e+01
 Field energy E (4.046e-11 J) + H (3.795e-11 J) = 7.841e-11 J
 S[1][1] = +9.980e-01-4.054e-02i, |S[1][1]| = -1.023e-02, arg(S[1][1]) = -2.326e+00

It 1418/1751: ω/2π = 2.583e+00 GHz (total elapsed time = 2.74e+02 s)

 Sol. ||E|| = 3.818886e+01
 Field energy E (4.056e-11 J) + H (3.804e-11 J) = 7.860e-11 J
 S[1][1] = +9.980e-01-4.064e-02i, |S[1][1]| = -1.023e-02, arg(S[1][1]) = -2.332e+00

It 1419/1751: ω/2π = 2.584e+00 GHz (total elapsed time = 2.74e+02 s)

 Sol. ||E|| = 3.818972e+01
 Field energy E (4.066e-11 J) + H (3.814e-11 J) = 7.880e-11 J
 S[1][1] = +9.980e-01-4.074e-02i, |S[1][1]| = -1.023e-02, arg(S[1][1]) = -2.337e+00

It 1420/1751: ω/2π = 2.584e+00 GHz (total elapsed time = 2.74e+02 s)

 Sol. ||E|| = 3.819061e+01
 Field energy E (4.076e-11 J) + H (3.824e-11 J) = 7.900e-11 J
 S[1][1] = +9.980e-01-4.083e-02i, |S[1][1]| = -1.023e-02, arg(S[1][1]) = -2.343e+00

It 1421/1751: ω/2π = 2.584e+00 GHz (total elapsed time = 2.74e+02 s)

 Sol. ||E|| = 3.819152e+01
 Field energy E (4.087e-11 J) + H (3.834e-11 J) = 7.920e-11 J
 S[1][1] = +9.980e-01-4.093e-02i, |S[1][1]| = -1.023e-02, arg(S[1][1]) = -2.349e+00

It 1422/1751: ω/2π = 2.584e+00 GHz (total elapsed time = 2.74e+02 s)

 Sol. ||E|| = 3.819246e+01
 Field energy E (4.098e-11 J) + H (3.844e-11 J) = 7.941e-11 J
 S[1][1] = +9.980e-01-4.103e-02i, |S[1][1]| = -1.023e-02, arg(S[1][1]) = -2.354e+00

It 1423/1751: ω/2π = 2.584e+00 GHz (total elapsed time = 2.74e+02 s)

 Sol. ||E|| = 3.819342e+01
 Field energy E (4.109e-11 J) + H (3.854e-11 J) = 7.963e-11 J
 S[1][1] = +9.980e-01-4.113e-02i, |S[1][1]| = -1.023e-02, arg(S[1][1]) = -2.360e+00

It 1424/1751: ω/2π = 2.585e+00 GHz (total elapsed time = 2.74e+02 s)

 Sol. ||E|| = 3.819440e+01
 Field energy E (4.120e-11 J) + H (3.865e-11 J) = 7.985e-11 J
 S[1][1] = +9.980e-01-4.123e-02i, |S[1][1]| = -1.023e-02, arg(S[1][1]) = -2.366e+00

It 1425/1751: ω/2π = 2.585e+00 GHz (total elapsed time = 2.74e+02 s)

 Sol. ||E|| = 3.819541e+01
 Field energy E (4.132e-11 J) + H (3.876e-11 J) = 8.008e-11 J
 S[1][1] = +9.980e-01-4.133e-02i, |S[1][1]| = -1.023e-02, arg(S[1][1]) = -2.372e+00

It 1426/1751: ω/2π = 2.585e+00 GHz (total elapsed time = 2.74e+02 s)

 Sol. ||E|| = 3.819645e+01
 Field energy E (4.144e-11 J) + H (3.888e-11 J) = 8.032e-11 J
 S[1][1] = +9.980e-01-4.143e-02i, |S[1][1]| = -1.023e-02, arg(S[1][1]) = -2.377e+00

It 1427/1751: ω/2π = 2.585e+00 GHz (total elapsed time = 2.74e+02 s)

 Sol. ||E|| = 3.819751e+01
 Field energy E (4.156e-11 J) + H (3.900e-11 J) = 8.056e-11 J
 S[1][1] = +9.980e-01-4.153e-02i, |S[1][1]| = -1.023e-02, arg(S[1][1]) = -2.383e+00

It 1428/1751: ω/2π = 2.585e+00 GHz (total elapsed time = 2.74e+02 s)

 Sol. ||E|| = 3.819860e+01
 Field energy E (4.169e-11 J) + H (3.912e-11 J) = 8.081e-11 J
 S[1][1] = +9.980e-01-4.163e-02i, |S[1][1]| = -1.023e-02, arg(S[1][1]) = -2.389e+00

It 1429/1751: ω/2π = 2.586e+00 GHz (total elapsed time = 2.74e+02 s)

 Sol. ||E|| = 3.819973e+01
 Field energy E (4.182e-11 J) + H (3.924e-11 J) = 8.106e-11 J
 S[1][1] = +9.980e-01-4.174e-02i, |S[1][1]| = -1.023e-02, arg(S[1][1]) = -2.395e+00

It 1430/1751: ω/2π = 2.586e+00 GHz (total elapsed time = 2.74e+02 s)

 Sol. ||E|| = 3.820088e+01
 Field energy E (4.196e-11 J) + H (3.937e-11 J) = 8.133e-11 J
 S[1][1] = +9.979e-01-4.184e-02i, |S[1][1]| = -1.023e-02, arg(S[1][1]) = -2.401e+00

It 1431/1751: ω/2π = 2.586e+00 GHz (total elapsed time = 2.75e+02 s)

 Sol. ||E|| = 3.820207e+01
 Field energy E (4.209e-11 J) + H (3.950e-11 J) = 8.160e-11 J
 S[1][1] = +9.979e-01-4.194e-02i, |S[1][1]| = -1.023e-02, arg(S[1][1]) = -2.406e+00

It 1432/1751: ω/2π = 2.586e+00 GHz (total elapsed time = 2.75e+02 s)

 Sol. ||E|| = 3.820329e+01
 Field energy E (4.224e-11 J) + H (3.964e-11 J) = 8.188e-11 J
 S[1][1] = +9.979e-01-4.204e-02i, |S[1][1]| = -1.023e-02, arg(S[1][1]) = -2.412e+00

It 1433/1751: ω/2π = 2.586e+00 GHz (total elapsed time = 2.75e+02 s)

 Sol. ||E|| = 3.820455e+01
 Field energy E (4.238e-11 J) + H (3.978e-11 J) = 8.216e-11 J
 S[1][1] = +9.979e-01-4.214e-02i, |S[1][1]| = -1.023e-02, arg(S[1][1]) = -2.418e+00

It 1434/1751: ω/2π = 2.587e+00 GHz (total elapsed time = 2.75e+02 s)

 Sol. ||E|| = 3.820584e+01
 Field energy E (4.253e-11 J) + H (3.992e-11 J) = 8.246e-11 J
 S[1][1] = +9.979e-01-4.225e-02i, |S[1][1]| = -1.023e-02, arg(S[1][1]) = -2.424e+00

It 1435/1751: ω/2π = 2.587e+00 GHz (total elapsed time = 2.75e+02 s)

 Sol. ||E|| = 3.820717e+01
 Field energy E (4.269e-11 J) + H (4.007e-11 J) = 8.276e-11 J
 S[1][1] = +9.979e-01-4.235e-02i, |S[1][1]| = -1.023e-02, arg(S[1][1]) = -2.430e+00

It 1436/1751: ω/2π = 2.587e+00 GHz (total elapsed time = 2.75e+02 s)

 Sol. ||E|| = 3.820854e+01
 Field energy E (4.285e-11 J) + H (4.023e-11 J) = 8.308e-11 J
 S[1][1] = +9.979e-01-4.245e-02i, |S[1][1]| = -1.023e-02, arg(S[1][1]) = -2.436e+00

It 1437/1751: ω/2π = 2.587e+00 GHz (total elapsed time = 2.75e+02 s)

 Sol. ||E|| = 3.820996e+01
 Field energy E (4.302e-11 J) + H (4.039e-11 J) = 8.340e-11 J
 S[1][1] = +9.979e-01-4.256e-02i, |S[1][1]| = -1.023e-02, arg(S[1][1]) = -2.442e+00

It 1438/1751: ω/2π = 2.587e+00 GHz (total elapsed time = 2.75e+02 s)

 Sol. ||E|| = 3.821141e+01
 Field energy E (4.319e-11 J) + H (4.055e-11 J) = 8.374e-11 J
 S[1][1] = +9.979e-01-4.266e-02i, |S[1][1]| = -1.023e-02, arg(S[1][1]) = -2.448e+00

It 1439/1751: ω/2π = 2.588e+00 GHz (total elapsed time = 2.75e+02 s)

 Sol. ||E|| = 3.821291e+01
 Field energy E (4.336e-11 J) + H (4.072e-11 J) = 8.408e-11 J
 S[1][1] = +9.979e-01-4.277e-02i, |S[1][1]| = -1.023e-02, arg(S[1][1]) = -2.454e+00

It 1440/1751: ω/2π = 2.588e+00 GHz (total elapsed time = 2.75e+02 s)

 Sol. ||E|| = 3.821446e+01
 Field energy E (4.354e-11 J) + H (4.089e-11 J) = 8.444e-11 J
 S[1][1] = +9.979e-01-4.287e-02i, |S[1][1]| = -1.023e-02, arg(S[1][1]) = -2.460e+00

It 1441/1751: ω/2π = 2.588e+00 GHz (total elapsed time = 2.75e+02 s)

 Sol. ||E|| = 3.821606e+01
 Field energy E (4.373e-11 J) + H (4.108e-11 J) = 8.481e-11 J
 S[1][1] = +9.979e-01-4.298e-02i, |S[1][1]| = -1.023e-02, arg(S[1][1]) = -2.466e+00

It 1442/1751: ω/2π = 2.588e+00 GHz (total elapsed time = 2.75e+02 s)

 Sol. ||E|| = 3.821771e+01
 Field energy E (4.392e-11 J) + H (4.126e-11 J) = 8.519e-11 J
 S[1][1] = +9.979e-01-4.309e-02i, |S[1][1]| = -1.023e-02, arg(S[1][1]) = -2.472e+00

It 1443/1751: ω/2π = 2.588e+00 GHz (total elapsed time = 2.75e+02 s)

 Sol. ||E|| = 3.821941e+01
 Field energy E (4.412e-11 J) + H (4.146e-11 J) = 8.558e-11 J
 S[1][1] = +9.979e-01-4.319e-02i, |S[1][1]| = -1.024e-02, arg(S[1][1]) = -2.478e+00

It 1444/1751: ω/2π = 2.589e+00 GHz (total elapsed time = 2.75e+02 s)

 Sol. ||E|| = 3.822116e+01
 Field energy E (4.433e-11 J) + H (4.165e-11 J) = 8.598e-11 J
 S[1][1] = +9.979e-01-4.330e-02i, |S[1][1]| = -1.024e-02, arg(S[1][1]) = -2.485e+00

It 1445/1751: ω/2π = 2.589e+00 GHz (total elapsed time = 2.75e+02 s)

 Sol. ||E|| = 3.822298e+01
 Field energy E (4.454e-11 J) + H (4.186e-11 J) = 8.640e-11 J
 S[1][1] = +9.979e-01-4.341e-02i, |S[1][1]| = -1.024e-02, arg(S[1][1]) = -2.491e+00

It 1446/1751: ω/2π = 2.589e+00 GHz (total elapsed time = 2.76e+02 s)

 Sol. ||E|| = 3.822486e+01
 Field energy E (4.476e-11 J) + H (4.207e-11 J) = 8.684e-11 J
 S[1][1] = +9.979e-01-4.352e-02i, |S[1][1]| = -1.024e-02, arg(S[1][1]) = -2.497e+00

It 1447/1751: ω/2π = 2.589e+00 GHz (total elapsed time = 2.76e+02 s)

 Sol. ||E|| = 3.822680e+01
 Field energy E (4.499e-11 J) + H (4.230e-11 J) = 8.728e-11 J
 S[1][1] = +9.979e-01-4.362e-02i, |S[1][1]| = -1.024e-02, arg(S[1][1]) = -2.503e+00

It 1448/1751: ω/2π = 2.589e+00 GHz (total elapsed time = 2.76e+02 s)

 Sol. ||E|| = 3.822881e+01
 Field energy E (4.522e-11 J) + H (4.252e-11 J) = 8.775e-11 J
 S[1][1] = +9.979e-01-4.373e-02i, |S[1][1]| = -1.024e-02, arg(S[1][1]) = -2.510e+00

It 1449/1751: ω/2π = 2.590e+00 GHz (total elapsed time = 2.76e+02 s)

 Sol. ||E|| = 3.823088e+01
 Field energy E (4.547e-11 J) + H (4.276e-11 J) = 8.823e-11 J
 S[1][1] = +9.979e-01-4.384e-02i, |S[1][1]| = -1.024e-02, arg(S[1][1]) = -2.516e+00

It 1450/1751: ω/2π = 2.590e+00 GHz (total elapsed time = 2.76e+02 s)

 Sol. ||E|| = 3.823304e+01
 Field energy E (4.572e-11 J) + H (4.301e-11 J) = 8.873e-11 J
 S[1][1] = +9.979e-01-4.395e-02i, |S[1][1]| = -1.025e-02, arg(S[1][1]) = -2.522e+00

It 1451/1751: ω/2π = 2.590e+00 GHz (total elapsed time = 2.76e+02 s)

 Sol. ||E|| = 3.823527e+01
 Field energy E (4.598e-11 J) + H (4.326e-11 J) = 8.925e-11 J
 S[1][1] = +9.978e-01-4.407e-02i, |S[1][1]| = -1.025e-02, arg(S[1][1]) = -2.529e+00

It 1452/1751: ω/2π = 2.590e+00 GHz (total elapsed time = 2.76e+02 s)

 Sol. ||E|| = 3.823758e+01
 Field energy E (4.625e-11 J) + H (4.353e-11 J) = 8.978e-11 J
 S[1][1] = +9.978e-01-4.418e-02i, |S[1][1]| = -1.025e-02, arg(S[1][1]) = -2.535e+00

It 1453/1751: ω/2π = 2.590e+00 GHz (total elapsed time = 2.76e+02 s)

 Sol. ||E|| = 3.823998e+01
 Field energy E (4.653e-11 J) + H (4.380e-11 J) = 9.034e-11 J
 S[1][1] = +9.978e-01-4.429e-02i, |S[1][1]| = -1.025e-02, arg(S[1][1]) = -2.542e+00

It 1454/1751: ω/2π = 2.591e+00 GHz (total elapsed time = 2.76e+02 s)

 Sol. ||E|| = 3.824246e+01
 Field energy E (4.683e-11 J) + H (4.409e-11 J) = 9.091e-11 J
 S[1][1] = +9.978e-01-4.440e-02i, |S[1][1]| = -1.025e-02, arg(S[1][1]) = -2.548e+00

It 1455/1751: ω/2π = 2.591e+00 GHz (total elapsed time = 2.76e+02 s)

 Sol. ||E|| = 3.824504e+01
 Field energy E (4.713e-11 J) + H (4.438e-11 J) = 9.151e-11 J
 S[1][1] = +9.978e-01-4.452e-02i, |S[1][1]| = -1.026e-02, arg(S[1][1]) = -2.555e+00

It 1456/1751: ω/2π = 2.591e+00 GHz (total elapsed time = 2.76e+02 s)

 Sol. ||E|| = 3.824772e+01
 Field energy E (4.744e-11 J) + H (4.469e-11 J) = 9.213e-11 J
 S[1][1] = +9.978e-01-4.463e-02i, |S[1][1]| = -1.026e-02, arg(S[1][1]) = -2.561e+00

It 1457/1751: ω/2π = 2.591e+00 GHz (total elapsed time = 2.76e+02 s)

 Sol. ||E|| = 3.825051e+01
 Field energy E (4.777e-11 J) + H (4.501e-11 J) = 9.278e-11 J
 S[1][1] = +9.978e-01-4.475e-02i, |S[1][1]| = -1.026e-02, arg(S[1][1]) = -2.568e+00

It 1458/1751: ω/2π = 2.591e+00 GHz (total elapsed time = 2.76e+02 s)

 Sol. ||E|| = 3.825341e+01
 Field energy E (4.811e-11 J) + H (4.534e-11 J) = 9.345e-11 J
 S[1][1] = +9.978e-01-4.487e-02i, |S[1][1]| = -1.026e-02, arg(S[1][1]) = -2.575e+00

It 1459/1751: ω/2π = 2.592e+00 GHz (total elapsed time = 2.76e+02 s)

 Sol. ||E|| = 3.825642e+01
 Field energy E (4.846e-11 J) + H (4.569e-11 J) = 9.415e-11 J
 S[1][1] = +9.978e-01-4.498e-02i, |S[1][1]| = -1.026e-02, arg(S[1][1]) = -2.581e+00

It 1460/1751: ω/2π = 2.592e+00 GHz (total elapsed time = 2.76e+02 s)

 Sol. ||E|| = 3.825956e+01
 Field energy E (4.883e-11 J) + H (4.605e-11 J) = 9.488e-11 J
 S[1][1] = +9.978e-01-4.510e-02i, |S[1][1]| = -1.027e-02, arg(S[1][1]) = -2.588e+00

It 1461/1751: ω/2π = 2.592e+00 GHz (total elapsed time = 2.76e+02 s)

 Sol. ||E|| = 3.826282e+01
 Field energy E (4.922e-11 J) + H (4.643e-11 J) = 9.564e-11 J
 S[1][1] = +9.978e-01-4.522e-02i, |S[1][1]| = -1.027e-02, arg(S[1][1]) = -2.595e+00

It 1462/1751: ω/2π = 2.592e+00 GHz (total elapsed time = 2.77e+02 s)

 Sol. ||E|| = 3.826623e+01
 Field energy E (4.961e-11 J) + H (4.682e-11 J) = 9.643e-11 J
 S[1][1] = +9.978e-01-4.534e-02i, |S[1][1]| = -1.027e-02, arg(S[1][1]) = -2.602e+00

It 1463/1751: ω/2π = 2.592e+00 GHz (total elapsed time = 2.77e+02 s)

 Sol. ||E|| = 3.826978e+01
 Field energy E (5.003e-11 J) + H (4.723e-11 J) = 9.726e-11 J
 S[1][1] = +9.978e-01-4.546e-02i, |S[1][1]| = -1.028e-02, arg(S[1][1]) = -2.609e+00

It 1464/1751: ω/2π = 2.593e+00 GHz (total elapsed time = 2.77e+02 s)

 Sol. ||E|| = 3.827348e+01
 Field energy E (5.047e-11 J) + H (4.766e-11 J) = 9.812e-11 J
 S[1][1] = +9.978e-01-4.558e-02i, |S[1][1]| = -1.028e-02, arg(S[1][1]) = -2.616e+00

It 1465/1751: ω/2π = 2.593e+00 GHz (total elapsed time = 2.77e+02 s)

 Sol. ||E|| = 3.827735e+01
 Field energy E (5.092e-11 J) + H (4.810e-11 J) = 9.902e-11 J
 S[1][1] = +9.978e-01-4.571e-02i, |S[1][1]| = -1.028e-02, arg(S[1][1]) = -2.623e+00

It 1466/1751: ω/2π = 2.593e+00 GHz (total elapsed time = 2.77e+02 s)

 Sol. ||E|| = 3.828139e+01
 Field energy E (5.139e-11 J) + H (4.857e-11 J) = 9.996e-11 J
 S[1][1] = +9.978e-01-4.583e-02i, |S[1][1]| = -1.028e-02, arg(S[1][1]) = -2.630e+00

It 1467/1751: ω/2π = 2.593e+00 GHz (total elapsed time = 2.77e+02 s)

 Sol. ||E|| = 3.828562e+01
 Field energy E (5.189e-11 J) + H (4.906e-11 J) = 1.009e-10 J
 S[1][1] = +9.978e-01-4.596e-02i, |S[1][1]| = -1.029e-02, arg(S[1][1]) = -2.637e+00

It 1468/1751: ω/2π = 2.593e+00 GHz (total elapsed time = 2.77e+02 s)

 Sol. ||E|| = 3.829004e+01
 Field energy E (5.241e-11 J) + H (4.957e-11 J) = 1.020e-10 J
 S[1][1] = +9.978e-01-4.608e-02i, |S[1][1]| = -1.029e-02, arg(S[1][1]) = -2.645e+00

It 1469/1751: ω/2π = 2.594e+00 GHz (total elapsed time = 2.77e+02 s)

 Sol. ||E|| = 3.829467e+01
 Field energy E (5.295e-11 J) + H (5.010e-11 J) = 1.030e-10 J
 S[1][1] = +9.977e-01-4.621e-02i, |S[1][1]| = -1.029e-02, arg(S[1][1]) = -2.652e+00

It 1470/1751: ω/2π = 2.594e+00 GHz (total elapsed time = 2.77e+02 s)

 Sol. ||E|| = 3.829952e+01
 Field energy E (5.352e-11 J) + H (5.066e-11 J) = 1.042e-10 J
 S[1][1] = +9.977e-01-4.634e-02i, |S[1][1]| = -1.030e-02, arg(S[1][1]) = -2.659e+00

It 1471/1751: ω/2π = 2.594e+00 GHz (total elapsed time = 2.77e+02 s)

 Sol. ||E|| = 3.830461e+01
 Field energy E (5.411e-11 J) + H (5.125e-11 J) = 1.054e-10 J
 S[1][1] = +9.977e-01-4.647e-02i, |S[1][1]| = -1.030e-02, arg(S[1][1]) = -2.667e+00

It 1472/1751: ω/2π = 2.594e+00 GHz (total elapsed time = 2.77e+02 s)

 Sol. ||E|| = 3.830994e+01
 Field energy E (5.474e-11 J) + H (5.186e-11 J) = 1.066e-10 J
 S[1][1] = +9.977e-01-4.661e-02i, |S[1][1]| = -1.031e-02, arg(S[1][1]) = -2.674e+00

It 1473/1751: ω/2π = 2.594e+00 GHz (total elapsed time = 2.77e+02 s)

 Sol. ||E|| = 3.831555e+01
 Field energy E (5.539e-11 J) + H (5.251e-11 J) = 1.079e-10 J
 S[1][1] = +9.977e-01-4.674e-02i, |S[1][1]| = -1.031e-02, arg(S[1][1]) = -2.682e+00

It 1474/1751: ω/2π = 2.595e+00 GHz (total elapsed time = 2.77e+02 s)

 Sol. ||E|| = 3.832145e+01
 Field energy E (5.608e-11 J) + H (5.319e-11 J) = 1.093e-10 J
 S[1][1] = +9.977e-01-4.688e-02i, |S[1][1]| = -1.031e-02, arg(S[1][1]) = -2.690e+00

It 1475/1751: ω/2π = 2.595e+00 GHz (total elapsed time = 2.77e+02 s)

 Sol. ||E|| = 3.832765e+01
 Field energy E (5.681e-11 J) + H (5.391e-11 J) = 1.107e-10 J
 S[1][1] = +9.977e-01-4.701e-02i, |S[1][1]| = -1.032e-02, arg(S[1][1]) = -2.698e+00

It 1476/1751: ω/2π = 2.595e+00 GHz (total elapsed time = 2.77e+02 s)

 Sol. ||E|| = 3.833419e+01
 Field energy E (5.757e-11 J) + H (5.467e-11 J) = 1.122e-10 J
 S[1][1] = +9.977e-01-4.715e-02i, |S[1][1]| = -1.032e-02, arg(S[1][1]) = -2.706e+00

It 1477/1751: ω/2π = 2.595e+00 GHz (total elapsed time = 2.78e+02 s)

 Sol. ||E|| = 3.834108e+01
 Field energy E (5.838e-11 J) + H (5.546e-11 J) = 1.138e-10 J
 S[1][1] = +9.977e-01-4.729e-02i, |S[1][1]| = -1.033e-02, arg(S[1][1]) = -2.714e+00

It 1478/1751: ω/2π = 2.595e+00 GHz (total elapsed time = 2.78e+02 s)

 Sol. ||E|| = 3.834835e+01
 Field energy E (5.922e-11 J) + H (5.630e-11 J) = 1.155e-10 J
 S[1][1] = +9.977e-01-4.744e-02i, |S[1][1]| = -1.033e-02, arg(S[1][1]) = -2.722e+00

It 1479/1751: ω/2π = 2.596e+00 GHz (total elapsed time = 2.78e+02 s)

 Sol. ||E|| = 3.835602e+01
 Field energy E (6.012e-11 J) + H (5.719e-11 J) = 1.173e-10 J
 S[1][1] = +9.977e-01-4.758e-02i, |S[1][1]| = -1.034e-02, arg(S[1][1]) = -2.731e+00

It 1480/1751: ω/2π = 2.596e+00 GHz (total elapsed time = 2.78e+02 s)

 Sol. ||E|| = 3.836414e+01
 Field energy E (6.107e-11 J) + H (5.813e-11 J) = 1.192e-10 J
 S[1][1] = +9.977e-01-4.773e-02i, |S[1][1]| = -1.034e-02, arg(S[1][1]) = -2.739e+00

It 1481/1751: ω/2π = 2.596e+00 GHz (total elapsed time = 2.78e+02 s)

 Sol. ||E|| = 3.837274e+01
 Field energy E (6.207e-11 J) + H (5.912e-11 J) = 1.212e-10 J
 S[1][1] = +9.977e-01-4.788e-02i, |S[1][1]| = -1.035e-02, arg(S[1][1]) = -2.748e+00

It 1482/1751: ω/2π = 2.596e+00 GHz (total elapsed time = 2.78e+02 s)

 Sol. ||E|| = 3.838185e+01
 Field energy E (6.313e-11 J) + H (6.018e-11 J) = 1.233e-10 J
 S[1][1] = +9.977e-01-4.804e-02i, |S[1][1]| = -1.035e-02, arg(S[1][1]) = -2.757e+00

It 1483/1751: ω/2π = 2.596e+00 GHz (total elapsed time = 2.78e+02 s)

 Sol. ||E|| = 3.839151e+01
 Field energy E (6.426e-11 J) + H (6.129e-11 J) = 1.256e-10 J
 S[1][1] = +9.976e-01-4.819e-02i, |S[1][1]| = -1.036e-02, arg(S[1][1]) = -2.766e+00

It 1484/1751: ω/2π = 2.597e+00 GHz (total elapsed time = 2.78e+02 s)

 Sol. ||E|| = 3.840178e+01
 Field energy E (6.546e-11 J) + H (6.248e-11 J) = 1.279e-10 J
 S[1][1] = +9.976e-01-4.835e-02i, |S[1][1]| = -1.037e-02, arg(S[1][1]) = -2.775e+00

It 1485/1751: ω/2π = 2.597e+00 GHz (total elapsed time = 2.78e+02 s)

 Sol. ||E|| = 3.841270e+01
 Field energy E (6.673e-11 J) + H (6.374e-11 J) = 1.305e-10 J
 S[1][1] = +9.976e-01-4.851e-02i, |S[1][1]| = -1.037e-02, arg(S[1][1]) = -2.784e+00

It 1486/1751: ω/2π = 2.597e+00 GHz (total elapsed time = 2.78e+02 s)

 Sol. ||E|| = 3.842433e+01
 Field energy E (6.808e-11 J) + H (6.509e-11 J) = 1.332e-10 J
 S[1][1] = +9.976e-01-4.868e-02i, |S[1][1]| = -1.038e-02, arg(S[1][1]) = -2.793e+00

It 1487/1751: ω/2π = 2.597e+00 GHz (total elapsed time = 2.78e+02 s)

 Sol. ||E|| = 3.843673e+01
 Field energy E (6.953e-11 J) + H (6.652e-11 J) = 1.360e-10 J
 S[1][1] = +9.976e-01-4.885e-02i, |S[1][1]| = -1.039e-02, arg(S[1][1]) = -2.803e+00

It 1488/1751: ω/2π = 2.597e+00 GHz (total elapsed time = 2.78e+02 s)

 Sol. ||E|| = 3.844998e+01
 Field energy E (7.107e-11 J) + H (6.805e-11 J) = 1.391e-10 J
 S[1][1] = +9.976e-01-4.902e-02i, |S[1][1]| = -1.040e-02, arg(S[1][1]) = -2.813e+00

It 1489/1751: ω/2π = 2.598e+00 GHz (total elapsed time = 2.78e+02 s)

 Sol. ||E|| = 3.846414e+01
 Field energy E (7.272e-11 J) + H (6.969e-11 J) = 1.424e-10 J
 S[1][1] = +9.976e-01-4.919e-02i, |S[1][1]| = -1.040e-02, arg(S[1][1]) = -2.823e+00

It 1490/1751: ω/2π = 2.598e+00 GHz (total elapsed time = 2.78e+02 s)

 Sol. ||E|| = 3.847932e+01
 Field energy E (7.448e-11 J) + H (7.144e-11 J) = 1.459e-10 J
 S[1][1] = +9.976e-01-4.937e-02i, |S[1][1]| = -1.041e-02, arg(S[1][1]) = -2.833e+00

It 1491/1751: ω/2π = 2.598e+00 GHz (total elapsed time = 2.78e+02 s)

 Sol. ||E|| = 3.849561e+01
 Field energy E (7.637e-11 J) + H (7.333e-11 J) = 1.497e-10 J
 S[1][1] = +9.976e-01-4.956e-02i, |S[1][1]| = -1.042e-02, arg(S[1][1]) = -2.844e+00

It 1492/1751: ω/2π = 2.598e+00 GHz (total elapsed time = 2.79e+02 s)

 Sol. ||E|| = 3.851311e+01
 Field energy E (7.841e-11 J) + H (7.535e-11 J) = 1.538e-10 J
 S[1][1] = +9.976e-01-4.975e-02i, |S[1][1]| = -1.043e-02, arg(S[1][1]) = -2.855e+00

It 1493/1751: ω/2π = 2.598e+00 GHz (total elapsed time = 2.79e+02 s)

 Sol. ||E|| = 3.853195e+01
 Field energy E (8.060e-11 J) + H (7.753e-11 J) = 1.581e-10 J
 S[1][1] = +9.975e-01-4.994e-02i, |S[1][1]| = -1.044e-02, arg(S[1][1]) = -2.866e+00

It 1494/1751: ω/2π = 2.599e+00 GHz (total elapsed time = 2.79e+02 s)

 Sol. ||E|| = 3.855228e+01
 Field energy E (8.296e-11 J) + H (7.987e-11 J) = 1.628e-10 J
 S[1][1] = +9.975e-01-5.015e-02i, |S[1][1]| = -1.045e-02, arg(S[1][1]) = -2.878e+00

It 1495/1751: ω/2π = 2.599e+00 GHz (total elapsed time = 2.79e+02 s)

 Sol. ||E|| = 3.857426e+01
 Field energy E (8.551e-11 J) + H (8.241e-11 J) = 1.679e-10 J
 S[1][1] = +9.975e-01-5.035e-02i, |S[1][1]| = -1.047e-02, arg(S[1][1]) = -2.890e+00

It 1496/1751: ω/2π = 2.599e+00 GHz (total elapsed time = 2.79e+02 s)

 Sol. ||E|| = 3.859806e+01
 Field energy E (8.827e-11 J) + H (8.516e-11 J) = 1.734e-10 J
 S[1][1] = +9.975e-01-5.057e-02i, |S[1][1]| = -1.048e-02, arg(S[1][1]) = -2.902e+00

It 1497/1751: ω/2π = 2.599e+00 GHz (total elapsed time = 2.79e+02 s)

 Sol. ||E|| = 3.862389e+01
 Field energy E (9.127e-11 J) + H (8.815e-11 J) = 1.794e-10 J
 S[1][1] = +9.975e-01-5.079e-02i, |S[1][1]| = -1.049e-02, arg(S[1][1]) = -2.915e+00

It 1498/1751: ω/2π = 2.599e+00 GHz (total elapsed time = 2.79e+02 s)

 Sol. ||E|| = 3.865199e+01
 Field energy E (9.453e-11 J) + H (9.139e-11 J) = 1.859e-10 J
 S[1][1] = +9.975e-01-5.102e-02i, |S[1][1]| = -1.051e-02, arg(S[1][1]) = -2.928e+00

It 1499/1751: ω/2π = 2.600e+00 GHz (total elapsed time = 2.79e+02 s)

 Sol. ||E|| = 3.868264e+01
 Field energy E (9.809e-11 J) + H (9.494e-11 J) = 1.930e-10 J
 S[1][1] = +9.975e-01-5.125e-02i, |S[1][1]| = -1.053e-02, arg(S[1][1]) = -2.941e+00

It 1500/1751: ω/2π = 2.600e+00 GHz (total elapsed time = 2.79e+02 s)

 Sol. ||E|| = 3.871614e+01
 Field energy E (1.020e-10 J) + H (9.881e-11 J) = 2.008e-10 J
 S[1][1] = +9.975e-01-5.150e-02i, |S[1][1]| = -1.054e-02, arg(S[1][1]) = -2.956e+00

It 1501/1751: ω/2π = 2.600e+00 GHz (total elapsed time = 2.79e+02 s)

 Sol. ||E|| = 3.875287e+01
 Field energy E (1.062e-10 J) + H (1.031e-10 J) = 2.093e-10 J
 S[1][1] = +9.974e-01-5.176e-02i, |S[1][1]| = -1.056e-02, arg(S[1][1]) = -2.970e+00

It 1502/1751: ω/2π = 2.600e+00 GHz (total elapsed time = 2.79e+02 s)

 Sol. ||E|| = 3.879325e+01
 Field energy E (1.109e-10 J) + H (1.077e-10 J) = 2.186e-10 J
 S[1][1] = +9.974e-01-5.202e-02i, |S[1][1]| = -1.059e-02, arg(S[1][1]) = -2.986e+00

It 1503/1751: ω/2π = 2.600e+00 GHz (total elapsed time = 2.79e+02 s)

 Sol. ||E|| = 3.883778e+01
 Field energy E (1.161e-10 J) + H (1.129e-10 J) = 2.290e-10 J
 S[1][1] = +9.974e-01-5.230e-02i, |S[1][1]| = -1.061e-02, arg(S[1][1]) = -3.002e+00

It 1504/1751: ω/2π = 2.601e+00 GHz (total elapsed time = 2.79e+02 s)

 Sol. ||E|| = 3.888704e+01
 Field energy E (1.218e-10 J) + H (1.186e-10 J) = 2.404e-10 J
 S[1][1] = +9.974e-01-5.260e-02i, |S[1][1]| = -1.064e-02, arg(S[1][1]) = -3.019e+00

It 1505/1751: ω/2π = 2.601e+00 GHz (total elapsed time = 2.79e+02 s)

 Sol. ||E|| = 3.894173e+01
 Field energy E (1.282e-10 J) + H (1.249e-10 J) = 2.531e-10 J
 S[1][1] = +9.974e-01-5.291e-02i, |S[1][1]| = -1.067e-02, arg(S[1][1]) = -3.036e+00

It 1506/1751: ω/2π = 2.601e+00 GHz (total elapsed time = 2.80e+02 s)

 Sol. ||E|| = 3.900267e+01
 Field energy E (1.352e-10 J) + H (1.320e-10 J) = 2.672e-10 J
 S[1][1] = +9.973e-01-5.323e-02i, |S[1][1]| = -1.070e-02, arg(S[1][1]) = -3.055e+00

It 1507/1751: ω/2π = 2.601e+00 GHz (total elapsed time = 2.80e+02 s)

 Sol. ||E|| = 3.907084e+01
 Field energy E (1.432e-10 J) + H (1.399e-10 J) = 2.831e-10 J
 S[1][1] = +9.973e-01-5.358e-02i, |S[1][1]| = -1.074e-02, arg(S[1][1]) = -3.075e+00

It 1508/1751: ω/2π = 2.601e+00 GHz (total elapsed time = 2.80e+02 s)

 Sol. ||E|| = 3.914743e+01
 Field energy E (1.521e-10 J) + H (1.488e-10 J) = 3.009e-10 J
 S[1][1] = +9.973e-01-5.394e-02i, |S[1][1]| = -1.078e-02, arg(S[1][1]) = -3.096e+00

It 1509/1751: ω/2π = 2.602e+00 GHz (total elapsed time = 2.80e+02 s)

 Sol. ||E|| = 3.923386e+01
 Field energy E (1.622e-10 J) + H (1.588e-10 J) = 3.210e-10 J
 S[1][1] = +9.973e-01-5.433e-02i, |S[1][1]| = -1.083e-02, arg(S[1][1]) = -3.118e+00

It 1510/1751: ω/2π = 2.602e+00 GHz (total elapsed time = 2.80e+02 s)

 Sol. ||E|| = 3.933189e+01
 Field energy E (1.736e-10 J) + H (1.702e-10 J) = 3.438e-10 J
 S[1][1] = +9.972e-01-5.475e-02i, |S[1][1]| = -1.089e-02, arg(S[1][1]) = -3.142e+00

It 1511/1751: ω/2π = 2.602e+00 GHz (total elapsed time = 2.80e+02 s)

 Sol. ||E|| = 3.944368e+01
 Field energy E (1.867e-10 J) + H (1.833e-10 J) = 3.700e-10 J
 S[1][1] = +9.972e-01-5.519e-02i, |S[1][1]| = -1.095e-02, arg(S[1][1]) = -3.168e+00

It 1512/1751: ω/2π = 2.602e+00 GHz (total elapsed time = 2.80e+02 s)

 Sol. ||E|| = 3.957190e+01
 Field energy E (2.017e-10 J) + H (1.983e-10 J) = 4.000e-10 J
 S[1][1] = +9.972e-01-5.568e-02i, |S[1][1]| = -1.103e-02, arg(S[1][1]) = -3.196e+00

It 1513/1751: ω/2π = 2.602e+00 GHz (total elapsed time = 2.80e+02 s)

 Sol. ||E|| = 3.971991e+01
 Field energy E (2.191e-10 J) + H (2.156e-10 J) = 4.347e-10 J
 S[1][1] = +9.971e-01-5.620e-02i, |S[1][1]| = -1.112e-02, arg(S[1][1]) = -3.226e+00

It 1514/1751: ω/2π = 2.603e+00 GHz (total elapsed time = 2.80e+02 s)

 Sol. ||E|| = 3.989194e+01
 Field energy E (2.393e-10 J) + H (2.359e-10 J) = 4.752e-10 J
 S[1][1] = +9.971e-01-5.677e-02i, |S[1][1]| = -1.122e-02, arg(S[1][1]) = -3.258e+00

It 1515/1751: ω/2π = 2.603e+00 GHz (total elapsed time = 2.80e+02 s)

 Sol. ||E|| = 4.009345e+01
 Field energy E (2.632e-10 J) + H (2.596e-10 J) = 5.228e-10 J
 S[1][1] = +9.970e-01-5.739e-02i, |S[1][1]| = -1.135e-02, arg(S[1][1]) = -3.294e+00

It 1516/1751: ω/2π = 2.603e+00 GHz (total elapsed time = 2.80e+02 s)

 Sol. ||E|| = 4.033149e+01
 Field energy E (2.914e-10 J) + H (2.879e-10 J) = 5.793e-10 J
 S[1][1] = +9.970e-01-5.808e-02i, |S[1][1]| = -1.150e-02, arg(S[1][1]) = -3.334e+00

It 1517/1751: ω/2π = 2.603e+00 GHz (total elapsed time = 2.80e+02 s)

 Sol. ||E|| = 4.061533e+01
 Field energy E (3.253e-10 J) + H (3.217e-10 J) = 6.471e-10 J
 S[1][1] = +9.969e-01-5.884e-02i, |S[1][1]| = -1.168e-02, arg(S[1][1]) = -3.378e+00

It 1518/1751: ω/2π = 2.603e+00 GHz (total elapsed time = 2.80e+02 s)

 Sol. ||E|| = 4.095735e+01
 Field energy E (3.665e-10 J) + H (3.628e-10 J) = 7.293e-10 J
 S[1][1] = +9.968e-01-5.970e-02i, |S[1][1]| = -1.190e-02, arg(S[1][1]) = -3.428e+00

It 1519/1751: ω/2π = 2.604e+00 GHz (total elapsed time = 2.80e+02 s)

 Sol. ||E|| = 4.137438e+01
 Field energy E (4.170e-10 J) + H (4.133e-10 J) = 8.303e-10 J
 S[1][1] = +9.968e-01-6.068e-02i, |S[1][1]| = -1.218e-02, arg(S[1][1]) = -3.484e+00

It 1520/1751: ω/2π = 2.604e+00 GHz (total elapsed time = 2.80e+02 s)

 Sol. ||E|| = 4.188966e+01
 Field energy E (4.801e-10 J) + H (4.763e-10 J) = 9.565e-10 J
 S[1][1] = +9.966e-01-6.179e-02i, |S[1][1]| = -1.254e-02, arg(S[1][1]) = -3.548e+00

It 1521/1751: ω/2π = 2.604e+00 GHz (total elapsed time = 2.81e+02 s)

 Sol. ||E|| = 4.253608e+01
 Field energy E (5.603e-10 J) + H (5.564e-10 J) = 1.117e-09 J
 S[1][1] = +9.965e-01-6.308e-02i, |S[1][1]| = -1.300e-02, arg(S[1][1]) = -3.622e+00

It 1522/1751: ω/2π = 2.604e+00 GHz (total elapsed time = 2.81e+02 s)

 Sol. ||E|| = 4.336128e+01
 Field energy E (6.644e-10 J) + H (6.604e-10 J) = 1.325e-09 J
 S[1][1] = +9.963e-01-6.460e-02i, |S[1][1]| = -1.361e-02, arg(S[1][1]) = -3.710e+00

It 1523/1751: ω/2π = 2.604e+00 GHz (total elapsed time = 2.81e+02 s)

 Sol. ||E|| = 4.443625e+01
 Field energy E (8.028e-10 J) + H (7.987e-10 J) = 1.602e-09 J
 S[1][1] = +9.961e-01-6.642e-02i, |S[1][1]| = -1.443e-02, arg(S[1][1]) = -3.815e+00

It 1524/1751: ω/2π = 2.605e+00 GHz (total elapsed time = 2.81e+02 s)

 Sol. ||E|| = 4.587030e+01
 Field energy E (9.926e-10 J) + H (9.883e-10 J) = 1.981e-09 J
 S[1][1] = +9.958e-01-6.864e-02i, |S[1][1]| = -1.557e-02, arg(S[1][1]) = -3.943e+00

It 1525/1751: ω/2π = 2.605e+00 GHz (total elapsed time = 2.81e+02 s)

 Sol. ||E|| = 4.783847e+01
 Field energy E (1.262e-09 J) + H (1.258e-09 J) = 2.521e-09 J
 S[1][1] = +9.955e-01-7.142e-02i, |S[1][1]| = -1.724e-02, arg(S[1][1]) = -4.104e+00

It 1526/1751: ω/2π = 2.605e+00 GHz (total elapsed time = 2.81e+02 s)

 Sol. ||E|| = 5.063472e+01
 Field energy E (1.665e-09 J) + H (1.660e-09 J) = 3.326e-09 J
 S[1][1] = +9.949e-01-7.501e-02i, |S[1][1]| = -1.976e-02, arg(S[1][1]) = -4.312e+00

It 1527/1751: ω/2π = 2.605e+00 GHz (total elapsed time = 2.81e+02 s)

 Sol. ||E|| = 5.478319e+01
 Field energy E (2.304e-09 J) + H (2.299e-09 J) = 4.603e-09 J
 S[1][1] = +9.941e-01-7.985e-02i, |S[1][1]| = -2.383e-02, arg(S[1][1]) = -4.593e+00

It 1528/1751: ω/2π = 2.605e+00 GHz (total elapsed time = 2.81e+02 s)

 Sol. ||E|| = 6.129524e+01
 Field energy E (3.407e-09 J) + H (3.402e-09 J) = 6.809e-09 J
 S[1][1] = +9.927e-01-8.674e-02i, |S[1][1]| = -3.101e-02, arg(S[1][1]) = -4.994e+00

It 1529/1751: ω/2π = 2.606e+00 GHz (total elapsed time = 2.81e+02 s)

 Sol. ||E|| = 7.235175e+01
 Field energy E (5.561e-09 J) + H (5.555e-09 J) = 1.112e-08 J
 S[1][1] = +9.900e-01-9.735e-02i, |S[1][1]| = -4.532e-02, arg(S[1][1]) = -5.616e+00

It 1530/1751: ω/2π = 2.606e+00 GHz (total elapsed time = 2.81e+02 s)

 Sol. ||E|| = 9.353047e+01
 Field energy E (1.068e-08 J) + H (1.067e-08 J) = 2.135e-08 J
 S[1][1] = +9.840e-01-1.157e-01i, |S[1][1]| = -8.013e-02, arg(S[1][1]) = -6.709e+00

It 1531/1751: ω/2π = 2.606e+00 GHz (total elapsed time = 2.81e+02 s)

 Sol. ||E|| = 1.439880e+02
 Field energy E (2.812e-08 J) + H (2.811e-08 J) = 5.623e-08 J
 S[1][1] = +9.646e-01-1.546e-01i, |S[1][1]| = -2.032e-01, arg(S[1][1]) = -9.108e+00

It 1532/1751: ω/2π = 2.606e+00 GHz (total elapsed time = 2.81e+02 s)

 Sol. ||E|| = 3.375416e+02
 Field energy E (1.637e-07 J) + H (1.637e-07 J) = 3.274e-07 J
 S[1][1] = +8.224e-01-2.453e-01i, |S[1][1]| = -1.328e+00, arg(S[1][1]) = -1.661e+01

It 1533/1751: ω/2π = 2.606e+00 GHz (total elapsed time = 2.81e+02 s)

 Sol. ||E|| = 3.712224e+02
 Field energy E (1.973e-07 J) + H (1.973e-07 J) = 3.945e-07 J
 S[1][1] = +8.043e-01+1.622e-01i, |S[1][1]| = -1.718e+00, arg(S[1][1]) = +1.140e+01

It 1534/1751: ω/2π = 2.607e+00 GHz (total elapsed time = 2.81e+02 s)

 Sol. ||E|| = 1.511537e+02
 Field energy E (3.095e-08 J) + H (3.096e-08 J) = 6.191e-08 J
 S[1][1] = +9.700e-01+6.389e-02i, |S[1][1]| = -2.461e-01, arg(S[1][1]) = +3.768e+00

It 1535/1751: ω/2π = 2.607e+00 GHz (total elapsed time = 2.81e+02 s)

 Sol. ||E|| = 9.633632e+01
 Field energy E (1.133e-08 J) + H (1.133e-08 J) = 2.265e-08 J
 S[1][1] = +9.886e-01+2.072e-02i, |S[1][1]| = -9.804e-02, arg(S[1][1]) = +1.201e+00

It 1536/1751: ω/2π = 2.607e+00 GHz (total elapsed time = 2.82e+02 s)

 Sol. ||E|| = 7.388148e+01
 Field energy E (5.800e-09 J) + H (5.800e-09 J) = 1.160e-08 J
 S[1][1] = +9.935e-01+9.750e-04i, |S[1][1]| = -5.655e-02, arg(S[1][1]) = +5.623e-02

It 1537/1751: ω/2π = 2.607e+00 GHz (total elapsed time = 2.82e+02 s)

 Sol. ||E|| = 6.228767e+01
 Field energy E (3.519e-09 J) + H (3.518e-09 J) = 7.038e-09 J
 S[1][1] = +9.954e-01-1.021e-02i, |S[1][1]| = -3.926e-02, arg(S[1][1]) = -5.876e-01

It 1538/1751: ω/2π = 2.607e+00 GHz (total elapsed time = 2.82e+02 s)

 Sol. ||E|| = 5.549868e+01
 Field energy E (2.365e-09 J) + H (2.364e-09 J) = 4.729e-09 J
 S[1][1] = +9.964e-01-1.740e-02i, |S[1][1]| = -3.040e-02, arg(S[1][1]) = -1.000e+00

It 1539/1751: ω/2π = 2.608e+00 GHz (total elapsed time = 2.82e+02 s)

 Sol. ||E|| = 5.118770e+01
 Field energy E (1.702e-09 J) + H (1.700e-09 J) = 3.402e-09 J
 S[1][1] = +9.968e-01-2.241e-02i, |S[1][1]| = -2.524e-02, arg(S[1][1]) = -1.288e+00

It 1540/1751: ω/2π = 2.608e+00 GHz (total elapsed time = 2.82e+02 s)

 Sol. ||E|| = 4.828706e+01
 Field energy E (1.286e-09 J) + H (1.285e-09 J) = 2.571e-09 J
 S[1][1] = +9.971e-01-2.611e-02i, |S[1][1]| = -2.196e-02, arg(S[1][1]) = -1.500e+00

It 1541/1751: ω/2π = 2.608e+00 GHz (total elapsed time = 2.82e+02 s)

 Sol. ||E|| = 4.624719e+01
 Field energy E (1.009e-09 J) + H (1.007e-09 J) = 2.016e-09 J
 S[1][1] = +9.973e-01-2.897e-02i, |S[1][1]| = -1.974e-02, arg(S[1][1]) = -1.664e+00

It 1542/1751: ω/2π = 2.608e+00 GHz (total elapsed time = 2.82e+02 s)

 Sol. ||E|| = 4.476131e+01
 Field energy E (8.143e-10 J) + H (8.123e-10 J) = 1.627e-09 J
 S[1][1] = +9.974e-01-3.124e-02i, |S[1][1]| = -1.817e-02, arg(S[1][1]) = -1.794e+00

It 1543/1751: ω/2π = 2.608e+00 GHz (total elapsed time = 2.82e+02 s)

 Sol. ||E|| = 4.364734e+01
 Field energy E (6.728e-10 J) + H (6.707e-10 J) = 1.344e-09 J
 S[1][1] = +9.975e-01-3.309e-02i, |S[1][1]| = -1.701e-02, arg(S[1][1]) = -1.900e+00

It 1544/1751: ω/2π = 2.609e+00 GHz (total elapsed time = 2.82e+02 s)

 Sol. ||E|| = 4.279184e+01
 Field energy E (5.667e-10 J) + H (5.645e-10 J) = 1.131e-09 J
 S[1][1] = +9.975e-01-3.464e-02i, |S[1][1]| = -1.613e-02, arg(S[1][1]) = -1.989e+00

It 1545/1751: ω/2π = 2.609e+00 GHz (total elapsed time = 2.82e+02 s)

 Sol. ||E|| = 4.212125e+01
 Field energy E (4.851e-10 J) + H (4.828e-10 J) = 9.679e-10 J
 S[1][1] = +9.976e-01-3.595e-02i, |S[1][1]| = -1.545e-02, arg(S[1][1]) = -2.064e+00

It 1546/1751: ω/2π = 2.609e+00 GHz (total elapsed time = 2.82e+02 s)

 Sol. ||E|| = 4.158629e+01
 Field energy E (4.209e-10 J) + H (4.186e-10 J) = 8.396e-10 J
 S[1][1] = +9.976e-01-3.708e-02i, |S[1][1]| = -1.491e-02, arg(S[1][1]) = -2.129e+00

It 1547/1751: ω/2π = 2.609e+00 GHz (total elapsed time = 2.82e+02 s)

 Sol. ||E|| = 4.115294e+01
 Field energy E (3.696e-10 J) + H (3.673e-10 J) = 7.369e-10 J
 S[1][1] = +9.976e-01-3.807e-02i, |S[1][1]| = -1.447e-02, arg(S[1][1]) = -2.186e+00

It 1548/1751: ω/2π = 2.609e+00 GHz (total elapsed time = 2.82e+02 s)

 Sol. ||E|| = 4.079717e+01
 Field energy E (3.280e-10 J) + H (3.256e-10 J) = 6.535e-10 J
 S[1][1] = +9.976e-01-3.894e-02i, |S[1][1]| = -1.411e-02, arg(S[1][1]) = -2.235e+00

It 1549/1751: ω/2π = 2.610e+00 GHz (total elapsed time = 2.82e+02 s)

 Sol. ||E|| = 4.050161e+01
 Field energy E (2.937e-10 J) + H (2.912e-10 J) = 5.849e-10 J
 S[1][1] = +9.976e-01-3.972e-02i, |S[1][1]| = -1.381e-02, arg(S[1][1]) = -2.280e+00

It 1550/1751: ω/2π = 2.610e+00 GHz (total elapsed time = 2.83e+02 s)

 Sol. ||E|| = 4.025347e+01
 Field energy E (2.651e-10 J) + H (2.626e-10 J) = 5.277e-10 J
 S[1][1] = +9.976e-01-4.042e-02i, |S[1][1]| = -1.356e-02, arg(S[1][1]) = -2.320e+00

It 1551/1751: ω/2π = 2.610e+00 GHz (total elapsed time = 2.83e+02 s)

 Sol. ||E|| = 4.004316e+01
 Field energy E (2.410e-10 J) + H (2.385e-10 J) = 4.795e-10 J
 S[1][1] = +9.976e-01-4.105e-02i, |S[1][1]| = -1.335e-02, arg(S[1][1]) = -2.356e+00

It 1552/1751: ω/2π = 2.610e+00 GHz (total elapsed time = 2.83e+02 s)

 Sol. ||E|| = 3.986341e+01
 Field energy E (2.206e-10 J) + H (2.180e-10 J) = 4.386e-10 J
 S[1][1] = +9.976e-01-4.162e-02i, |S[1][1]| = -1.317e-02, arg(S[1][1]) = -2.389e+00

It 1553/1751: ω/2π = 2.610e+00 GHz (total elapsed time = 2.83e+02 s)

 Sol. ||E|| = 3.970859e+01
 Field energy E (2.030e-10 J) + H (2.004e-10 J) = 4.035e-10 J
 S[1][1] = +9.976e-01-4.215e-02i, |S[1][1]| = -1.302e-02, arg(S[1][1]) = -2.419e+00

It 1554/1751: ω/2π = 2.611e+00 GHz (total elapsed time = 2.83e+02 s)

 Sol. ||E|| = 3.957430e+01
 Field energy E (1.879e-10 J) + H (1.853e-10 J) = 3.732e-10 J
 S[1][1] = +9.976e-01-4.264e-02i, |S[1][1]| = -1.288e-02, arg(S[1][1]) = -2.447e+00

It 1555/1751: ω/2π = 2.611e+00 GHz (total elapsed time = 2.83e+02 s)

 Sol. ||E|| = 3.945709e+01
 Field energy E (1.748e-10 J) + H (1.721e-10 J) = 3.469e-10 J
 S[1][1] = +9.976e-01-4.309e-02i, |S[1][1]| = -1.277e-02, arg(S[1][1]) = -2.473e+00

It 1556/1751: ω/2π = 2.611e+00 GHz (total elapsed time = 2.83e+02 s)

 Sol. ||E|| = 3.935418e+01
 Field energy E (1.632e-10 J) + H (1.606e-10 J) = 3.238e-10 J
 S[1][1] = +9.976e-01-4.351e-02i, |S[1][1]| = -1.267e-02, arg(S[1][1]) = -2.497e+00

It 1557/1751: ω/2π = 2.611e+00 GHz (total elapsed time = 2.83e+02 s)

 Sol. ||E|| = 3.926335e+01
 Field energy E (1.531e-10 J) + H (1.504e-10 J) = 3.036e-10 J
 S[1][1] = +9.976e-01-4.390e-02i, |S[1][1]| = -1.258e-02, arg(S[1][1]) = -2.520e+00

It 1558/1751: ω/2π = 2.611e+00 GHz (total elapsed time = 2.83e+02 s)

 Sol. ||E|| = 3.918278e+01
 Field energy E (1.442e-10 J) + H (1.415e-10 J) = 2.856e-10 J
 S[1][1] = +9.976e-01-4.427e-02i, |S[1][1]| = -1.250e-02, arg(S[1][1]) = -2.541e+00

It 1559/1751: ω/2π = 2.612e+00 GHz (total elapsed time = 2.83e+02 s)

 Sol. ||E|| = 3.911098e+01
 Field energy E (1.362e-10 J) + H (1.335e-10 J) = 2.697e-10 J
 S[1][1] = +9.976e-01-4.462e-02i, |S[1][1]| = -1.243e-02, arg(S[1][1]) = -2.561e+00

It 1560/1751: ω/2π = 2.612e+00 GHz (total elapsed time = 2.83e+02 s)

 Sol. ||E|| = 3.904674e+01
 Field energy E (1.291e-10 J) + H (1.264e-10 J) = 2.555e-10 J
 S[1][1] = +9.976e-01-4.495e-02i, |S[1][1]| = -1.237e-02, arg(S[1][1]) = -2.580e+00

It 1561/1751: ω/2π = 2.612e+00 GHz (total elapsed time = 2.83e+02 s)

 Sol. ||E|| = 3.898903e+01
 Field energy E (1.228e-10 J) + H (1.200e-10 J) = 2.428e-10 J
 S[1][1] = +9.976e-01-4.526e-02i, |S[1][1]| = -1.231e-02, arg(S[1][1]) = -2.598e+00

It 1562/1751: ω/2π = 2.612e+00 GHz (total elapsed time = 2.83e+02 s)

 Sol. ||E|| = 3.893699e+01
 Field energy E (1.170e-10 J) + H (1.143e-10 J) = 2.313e-10 J
 S[1][1] = +9.975e-01-4.556e-02i, |S[1][1]| = -1.226e-02, arg(S[1][1]) = -2.615e+00

It 1563/1751: ω/2π = 2.612e+00 GHz (total elapsed time = 2.83e+02 s)

 Sol. ||E|| = 3.888991e+01
 Field energy E (1.119e-10 J) + H (1.091e-10 J) = 2.209e-10 J
 S[1][1] = +9.975e-01-4.584e-02i, |S[1][1]| = -1.222e-02, arg(S[1][1]) = -2.631e+00

It 1564/1751: ω/2π = 2.613e+00 GHz (total elapsed time = 2.83e+02 s)

 Sol. ||E|| = 3.884718e+01
 Field energy E (1.072e-10 J) + H (1.044e-10 J) = 2.116e-10 J
 S[1][1] = +9.975e-01-4.611e-02i, |S[1][1]| = -1.218e-02, arg(S[1][1]) = -2.647e+00

It 1565/1751: ω/2π = 2.613e+00 GHz (total elapsed time = 2.84e+02 s)

 Sol. ||E|| = 3.880828e+01
 Field energy E (1.029e-10 J) + H (1.001e-10 J) = 2.031e-10 J
 S[1][1] = +9.975e-01-4.637e-02i, |S[1][1]| = -1.215e-02, arg(S[1][1]) = -2.662e+00

It 1566/1751: ω/2π = 2.613e+00 GHz (total elapsed time = 2.84e+02 s)

 Sol. ||E|| = 3.877277e+01
 Field energy E (9.907e-11 J) + H (9.622e-11 J) = 1.953e-10 J
 S[1][1] = +9.975e-01-4.662e-02i, |S[1][1]| = -1.212e-02, arg(S[1][1]) = -2.676e+00

It 1567/1751: ω/2π = 2.613e+00 GHz (total elapsed time = 2.84e+02 s)

 Sol. ||E|| = 3.874027e+01
 Field energy E (9.553e-11 J) + H (9.267e-11 J) = 1.882e-10 J
 S[1][1] = +9.975e-01-4.686e-02i, |S[1][1]| = -1.209e-02, arg(S[1][1]) = -2.690e+00

It 1568/1751: ω/2π = 2.613e+00 GHz (total elapsed time = 2.84e+02 s)

 Sol. ||E|| = 3.871045e+01
 Field energy E (9.229e-11 J) + H (8.941e-11 J) = 1.817e-10 J
 S[1][1] = +9.975e-01-4.709e-02i, |S[1][1]| = -1.206e-02, arg(S[1][1]) = -2.703e+00

It 1569/1751: ω/2π = 2.614e+00 GHz (total elapsed time = 2.84e+02 s)

 Sol. ||E|| = 3.868302e+01
 Field energy E (8.931e-11 J) + H (8.642e-11 J) = 1.757e-10 J
 S[1][1] = +9.975e-01-4.732e-02i, |S[1][1]| = -1.204e-02, arg(S[1][1]) = -2.716e+00

It 1570/1751: ω/2π = 2.614e+00 GHz (total elapsed time = 2.84e+02 s)

 Sol. ||E|| = 3.865773e+01
 Field energy E (8.657e-11 J) + H (8.366e-11 J) = 1.702e-10 J
 S[1][1] = +9.975e-01-4.753e-02i, |S[1][1]| = -1.202e-02, arg(S[1][1]) = -2.728e+00

It 1571/1751: ω/2π = 2.614e+00 GHz (total elapsed time = 2.84e+02 s)

 Sol. ||E|| = 3.863438e+01
 Field energy E (8.404e-11 J) + H (8.112e-11 J) = 1.652e-10 J
 S[1][1] = +9.975e-01-4.774e-02i, |S[1][1]| = -1.201e-02, arg(S[1][1]) = -2.740e+00

It 1572/1751: ω/2π = 2.614e+00 GHz (total elapsed time = 2.84e+02 s)

 Sol. ||E|| = 3.861277e+01
 Field energy E (8.171e-11 J) + H (7.877e-11 J) = 1.605e-10 J
 S[1][1] = +9.975e-01-4.795e-02i, |S[1][1]| = -1.199e-02, arg(S[1][1]) = -2.752e+00

It 1573/1751: ω/2π = 2.614e+00 GHz (total elapsed time = 2.84e+02 s)

 Sol. ||E|| = 3.859272e+01
 Field energy E (7.954e-11 J) + H (7.660e-11 J) = 1.561e-10 J
 S[1][1] = +9.975e-01-4.815e-02i, |S[1][1]| = -1.198e-02, arg(S[1][1]) = -2.763e+00

It 1574/1751: ω/2π = 2.615e+00 GHz (total elapsed time = 2.84e+02 s)

 Sol. ||E|| = 3.857411e+01
 Field energy E (7.753e-11 J) + H (7.458e-11 J) = 1.521e-10 J
 S[1][1] = +9.975e-01-4.834e-02i, |S[1][1]| = -1.197e-02, arg(S[1][1]) = -2.774e+00

It 1575/1751: ω/2π = 2.615e+00 GHz (total elapsed time = 2.84e+02 s)

 Sol. ||E|| = 3.855678e+01
 Field energy E (7.567e-11 J) + H (7.270e-11 J) = 1.484e-10 J
 S[1][1] = +9.974e-01-4.853e-02i, |S[1][1]| = -1.196e-02, arg(S[1][1]) = -2.785e+00

It 1576/1751: ω/2π = 2.615e+00 GHz (total elapsed time = 2.84e+02 s)

 Sol. ||E|| = 3.854063e+01
 Field energy E (7.393e-11 J) + H (7.095e-11 J) = 1.449e-10 J
 S[1][1] = +9.974e-01-4.871e-02i, |S[1][1]| = -1.195e-02, arg(S[1][1]) = -2.796e+00

It 1577/1751: ω/2π = 2.615e+00 GHz (total elapsed time = 2.84e+02 s)

 Sol. ||E|| = 3.852556e+01
 Field energy E (7.231e-11 J) + H (6.932e-11 J) = 1.416e-10 J
 S[1][1] = +9.974e-01-4.889e-02i, |S[1][1]| = -1.194e-02, arg(S[1][1]) = -2.806e+00

It 1578/1751: ω/2π = 2.615e+00 GHz (total elapsed time = 2.84e+02 s)

 Sol. ||E|| = 3.851147e+01
 Field energy E (7.080e-11 J) + H (6.780e-11 J) = 1.386e-10 J
 S[1][1] = +9.974e-01-4.906e-02i, |S[1][1]| = -1.193e-02, arg(S[1][1]) = -2.816e+00

It 1579/1751: ω/2π = 2.616e+00 GHz (total elapsed time = 2.85e+02 s)

 Sol. ||E|| = 3.849829e+01
 Field energy E (6.938e-11 J) + H (6.637e-11 J) = 1.358e-10 J
 S[1][1] = +9.974e-01-4.924e-02i, |S[1][1]| = -1.193e-02, arg(S[1][1]) = -2.826e+00

It 1580/1751: ω/2π = 2.616e+00 GHz (total elapsed time = 2.85e+02 s)

 Sol. ||E|| = 3.848592e+01
 Field energy E (6.806e-11 J) + H (6.504e-11 J) = 1.331e-10 J
 S[1][1] = +9.974e-01-4.940e-02i, |S[1][1]| = -1.193e-02, arg(S[1][1]) = -2.836e+00

It 1581/1751: ω/2π = 2.616e+00 GHz (total elapsed time = 2.85e+02 s)

 Sol. ||E|| = 3.847432e+01
 Field energy E (6.681e-11 J) + H (6.379e-11 J) = 1.306e-10 J
 S[1][1] = +9.974e-01-4.957e-02i, |S[1][1]| = -1.192e-02, arg(S[1][1]) = -2.845e+00

It 1582/1751: ω/2π = 2.616e+00 GHz (total elapsed time = 2.85e+02 s)

 Sol. ||E|| = 3.846342e+01
 Field energy E (6.565e-11 J) + H (6.261e-11 J) = 1.283e-10 J
 S[1][1] = +9.974e-01-4.973e-02i, |S[1][1]| = -1.192e-02, arg(S[1][1]) = -2.854e+00

It 1583/1751: ω/2π = 2.616e+00 GHz (total elapsed time = 2.85e+02 s)

 Sol. ||E|| = 3.845316e+01
 Field energy E (6.455e-11 J) + H (6.150e-11 J) = 1.261e-10 J
 S[1][1] = +9.974e-01-4.989e-02i, |S[1][1]| = -1.192e-02, arg(S[1][1]) = -2.864e+00

It 1584/1751: ω/2π = 2.617e+00 GHz (total elapsed time = 2.85e+02 s)

 Sol. ||E|| = 3.844350e+01
 Field energy E (6.352e-11 J) + H (6.046e-11 J) = 1.240e-10 J
 S[1][1] = +9.974e-01-5.005e-02i, |S[1][1]| = -1.192e-02, arg(S[1][1]) = -2.873e+00

It 1585/1751: ω/2π = 2.617e+00 GHz (total elapsed time = 2.85e+02 s)

 Sol. ||E|| = 3.843440e+01
 Field energy E (6.255e-11 J) + H (5.948e-11 J) = 1.220e-10 J
 S[1][1] = +9.974e-01-5.020e-02i, |S[1][1]| = -1.192e-02, arg(S[1][1]) = -2.881e+00

It 1586/1751: ω/2π = 2.617e+00 GHz (total elapsed time = 2.85e+02 s)

 Sol. ||E|| = 3.842580e+01
 Field energy E (6.163e-11 J) + H (5.856e-11 J) = 1.202e-10 J
 S[1][1] = +9.974e-01-5.035e-02i, |S[1][1]| = -1.192e-02, arg(S[1][1]) = -2.890e+00

It 1587/1751: ω/2π = 2.617e+00 GHz (total elapsed time = 2.85e+02 s)

 Sol. ||E|| = 3.841768e+01
 Field energy E (6.077e-11 J) + H (5.768e-11 J) = 1.184e-10 J
 S[1][1] = +9.974e-01-5.050e-02i, |S[1][1]| = -1.193e-02, arg(S[1][1]) = -2.899e+00

It 1588/1751: ω/2π = 2.617e+00 GHz (total elapsed time = 2.85e+02 s)

 Sol. ||E|| = 3.841000e+01
 Field energy E (5.995e-11 J) + H (5.686e-11 J) = 1.168e-10 J
 S[1][1] = +9.973e-01-5.065e-02i, |S[1][1]| = -1.193e-02, arg(S[1][1]) = -2.907e+00

It 1589/1751: ω/2π = 2.618e+00 GHz (total elapsed time = 2.85e+02 s)

 Sol. ||E|| = 3.840274e+01
 Field energy E (5.918e-11 J) + H (5.608e-11 J) = 1.153e-10 J
 S[1][1] = +9.973e-01-5.079e-02i, |S[1][1]| = -1.193e-02, arg(S[1][1]) = -2.915e+00

It 1590/1751: ω/2π = 2.618e+00 GHz (total elapsed time = 2.85e+02 s)

 Sol. ||E|| = 3.839585e+01
 Field energy E (5.844e-11 J) + H (5.533e-11 J) = 1.138e-10 J
 S[1][1] = +9.973e-01-5.093e-02i, |S[1][1]| = -1.194e-02, arg(S[1][1]) = -2.924e+00

It 1591/1751: ω/2π = 2.618e+00 GHz (total elapsed time = 2.85e+02 s)

 Sol. ||E|| = 3.838933e+01
 Field energy E (5.775e-11 J) + H (5.463e-11 J) = 1.124e-10 J
 S[1][1] = +9.973e-01-5.108e-02i, |S[1][1]| = -1.194e-02, arg(S[1][1]) = -2.932e+00

It 1592/1751: ω/2π = 2.618e+00 GHz (total elapsed time = 2.85e+02 s)

 Sol. ||E|| = 3.838314e+01
 Field energy E (5.709e-11 J) + H (5.397e-11 J) = 1.111e-10 J
 S[1][1] = +9.973e-01-5.122e-02i, |S[1][1]| = -1.195e-02, arg(S[1][1]) = -2.940e+00

It 1593/1751: ω/2π = 2.618e+00 GHz (total elapsed time = 2.85e+02 s)

 Sol. ||E|| = 3.837726e+01
 Field energy E (5.647e-11 J) + H (5.334e-11 J) = 1.098e-10 J
 S[1][1] = +9.973e-01-5.135e-02i, |S[1][1]| = -1.195e-02, arg(S[1][1]) = -2.948e+00

It 1594/1751: ω/2π = 2.619e+00 GHz (total elapsed time = 2.86e+02 s)

 Sol. ||E|| = 3.837168e+01
 Field energy E (5.588e-11 J) + H (5.273e-11 J) = 1.086e-10 J
 S[1][1] = +9.973e-01-5.149e-02i, |S[1][1]| = -1.196e-02, arg(S[1][1]) = -2.956e+00

It 1595/1751: ω/2π = 2.619e+00 GHz (total elapsed time = 2.86e+02 s)

 Sol. ||E|| = 3.836637e+01
 Field energy E (5.531e-11 J) + H (5.216e-11 J) = 1.075e-10 J
 S[1][1] = +9.973e-01-5.162e-02i, |S[1][1]| = -1.197e-02, arg(S[1][1]) = -2.963e+00

It 1596/1751: ω/2π = 2.619e+00 GHz (total elapsed time = 2.86e+02 s)

 Sol. ||E|| = 3.836132e+01
 Field energy E (5.478e-11 J) + H (5.162e-11 J) = 1.064e-10 J
 S[1][1] = +9.973e-01-5.176e-02i, |S[1][1]| = -1.197e-02, arg(S[1][1]) = -2.971e+00

It 1597/1751: ω/2π = 2.619e+00 GHz (total elapsed time = 2.86e+02 s)

 Sol. ||E|| = 3.835651e+01
 Field energy E (5.427e-11 J) + H (5.110e-11 J) = 1.054e-10 J
 S[1][1] = +9.973e-01-5.189e-02i, |S[1][1]| = -1.198e-02, arg(S[1][1]) = -2.979e+00

It 1598/1751: ω/2π = 2.619e+00 GHz (total elapsed time = 2.86e+02 s)

 Sol. ||E|| = 3.835193e+01
 Field energy E (5.378e-11 J) + H (5.061e-11 J) = 1.044e-10 J
 S[1][1] = +9.973e-01-5.202e-02i, |S[1][1]| = -1.199e-02, arg(S[1][1]) = -2.986e+00

It 1599/1751: ω/2π = 2.620e+00 GHz (total elapsed time = 2.86e+02 s)

 Sol. ||E|| = 3.834756e+01
 Field energy E (5.332e-11 J) + H (5.014e-11 J) = 1.035e-10 J
 S[1][1] = +9.973e-01-5.215e-02i, |S[1][1]| = -1.200e-02, arg(S[1][1]) = -2.994e+00

It 1600/1751: ω/2π = 2.620e+00 GHz (total elapsed time = 2.86e+02 s)

 Sol. ||E|| = 3.834340e+01
 Field energy E (5.288e-11 J) + H (4.969e-11 J) = 1.026e-10 J
 S[1][1] = +9.972e-01-5.228e-02i, |S[1][1]| = -1.201e-02, arg(S[1][1]) = -3.001e+00

It 1601/1751: ω/2π = 2.620e+00 GHz (total elapsed time = 2.86e+02 s)

 Sol. ||E|| = 3.833943e+01
 Field energy E (5.246e-11 J) + H (4.926e-11 J) = 1.017e-10 J
 S[1][1] = +9.972e-01-5.241e-02i, |S[1][1]| = -1.201e-02, arg(S[1][1]) = -3.008e+00

It 1602/1751: ω/2π = 2.620e+00 GHz (total elapsed time = 2.86e+02 s)

 Sol. ||E|| = 3.833564e+01
 Field energy E (5.206e-11 J) + H (4.885e-11 J) = 1.009e-10 J
 S[1][1] = +9.972e-01-5.253e-02i, |S[1][1]| = -1.202e-02, arg(S[1][1]) = -3.016e+00

It 1603/1751: ω/2π = 2.620e+00 GHz (total elapsed time = 2.86e+02 s)

 Sol. ||E|| = 3.833201e+01
 Field energy E (5.167e-11 J) + H (4.846e-11 J) = 1.001e-10 J
 S[1][1] = +9.972e-01-5.266e-02i, |S[1][1]| = -1.203e-02, arg(S[1][1]) = -3.023e+00

It 1604/1751: ω/2π = 2.621e+00 GHz (total elapsed time = 2.86e+02 s)

 Sol. ||E|| = 3.832855e+01
 Field energy E (5.131e-11 J) + H (4.809e-11 J) = 9.940e-11 J
 S[1][1] = +9.972e-01-5.278e-02i, |S[1][1]| = -1.204e-02, arg(S[1][1]) = -3.030e+00

It 1605/1751: ω/2π = 2.621e+00 GHz (total elapsed time = 2.86e+02 s)

 Sol. ||E|| = 3.832524e+01
 Field energy E (5.096e-11 J) + H (4.773e-11 J) = 9.869e-11 J
 S[1][1] = +9.972e-01-5.291e-02i, |S[1][1]| = -1.205e-02, arg(S[1][1]) = -3.037e+00

It 1606/1751: ω/2π = 2.621e+00 GHz (total elapsed time = 2.86e+02 s)

 Sol. ||E|| = 3.832208e+01
 Field energy E (5.062e-11 J) + H (4.739e-11 J) = 9.802e-11 J
 S[1][1] = +9.972e-01-5.303e-02i, |S[1][1]| = -1.207e-02, arg(S[1][1]) = -3.044e+00

It 1607/1751: ω/2π = 2.621e+00 GHz (total elapsed time = 2.86e+02 s)

 Sol. ||E|| = 3.831905e+01
 Field energy E (5.030e-11 J) + H (4.706e-11 J) = 9.737e-11 J
 S[1][1] = +9.972e-01-5.315e-02i, |S[1][1]| = -1.208e-02, arg(S[1][1]) = -3.051e+00

It 1608/1751: ω/2π = 2.621e+00 GHz (total elapsed time = 2.87e+02 s)

 Sol. ||E|| = 3.831615e+01
 Field energy E (5.000e-11 J) + H (4.675e-11 J) = 9.675e-11 J
 S[1][1] = +9.972e-01-5.327e-02i, |S[1][1]| = -1.209e-02, arg(S[1][1]) = -3.058e+00

It 1609/1751: ω/2π = 2.622e+00 GHz (total elapsed time = 2.87e+02 s)

 Sol. ||E|| = 3.831338e+01
 Field energy E (4.970e-11 J) + H (4.645e-11 J) = 9.615e-11 J
 S[1][1] = +9.972e-01-5.339e-02i, |S[1][1]| = -1.210e-02, arg(S[1][1]) = -3.065e+00

It 1610/1751: ω/2π = 2.622e+00 GHz (total elapsed time = 2.87e+02 s)

 Sol. ||E|| = 3.831072e+01
 Field energy E (4.942e-11 J) + H (4.616e-11 J) = 9.559e-11 J
 S[1][1] = +9.972e-01-5.351e-02i, |S[1][1]| = -1.211e-02, arg(S[1][1]) = -3.072e+00

It 1611/1751: ω/2π = 2.622e+00 GHz (total elapsed time = 2.87e+02 s)

 Sol. ||E|| = 3.830817e+01
 Field energy E (4.915e-11 J) + H (4.589e-11 J) = 9.504e-11 J
 S[1][1] = +9.972e-01-5.363e-02i, |S[1][1]| = -1.212e-02, arg(S[1][1]) = -3.079e+00

It 1612/1751: ω/2π = 2.622e+00 GHz (total elapsed time = 2.87e+02 s)

 Sol. ||E|| = 3.830573e+01
 Field energy E (4.890e-11 J) + H (4.562e-11 J) = 9.452e-11 J
 S[1][1] = +9.972e-01-5.375e-02i, |S[1][1]| = -1.214e-02, arg(S[1][1]) = -3.085e+00

It 1613/1751: ω/2π = 2.622e+00 GHz (total elapsed time = 2.87e+02 s)

 Sol. ||E|| = 3.830339e+01
 Field energy E (4.865e-11 J) + H (4.537e-11 J) = 9.402e-11 J
 S[1][1] = +9.971e-01-5.387e-02i, |S[1][1]| = -1.215e-02, arg(S[1][1]) = -3.092e+00

It 1614/1751: ω/2π = 2.623e+00 GHz (total elapsed time = 2.87e+02 s)

 Sol. ||E|| = 3.830115e+01
 Field energy E (4.841e-11 J) + H (4.512e-11 J) = 9.353e-11 J
 S[1][1] = +9.971e-01-5.398e-02i, |S[1][1]| = -1.216e-02, arg(S[1][1]) = -3.099e+00

It 1615/1751: ω/2π = 2.623e+00 GHz (total elapsed time = 2.87e+02 s)

 Sol. ||E|| = 3.829900e+01
 Field energy E (4.818e-11 J) + H (4.489e-11 J) = 9.307e-11 J
 S[1][1] = +9.971e-01-5.410e-02i, |S[1][1]| = -1.218e-02, arg(S[1][1]) = -3.106e+00

It 1616/1751: ω/2π = 2.623e+00 GHz (total elapsed time = 2.87e+02 s)

 Sol. ||E|| = 3.829693e+01
 Field energy E (4.796e-11 J) + H (4.466e-11 J) = 9.263e-11 J
 S[1][1] = +9.971e-01-5.422e-02i, |S[1][1]| = -1.219e-02, arg(S[1][1]) = -3.112e+00

It 1617/1751: ω/2π = 2.623e+00 GHz (total elapsed time = 2.87e+02 s)

 Sol. ||E|| = 3.829495e+01
 Field energy E (4.775e-11 J) + H (4.445e-11 J) = 9.220e-11 J
 S[1][1] = +9.971e-01-5.433e-02i, |S[1][1]| = -1.220e-02, arg(S[1][1]) = -3.119e+00

It 1618/1751: ω/2π = 2.623e+00 GHz (total elapsed time = 2.87e+02 s)

 Sol. ||E|| = 3.829305e+01
 Field energy E (4.755e-11 J) + H (4.424e-11 J) = 9.179e-11 J
 S[1][1] = +9.971e-01-5.445e-02i, |S[1][1]| = -1.222e-02, arg(S[1][1]) = -3.125e+00

It 1619/1751: ω/2π = 2.624e+00 GHz (total elapsed time = 2.87e+02 s)

 Sol. ||E|| = 3.829123e+01
 Field energy E (4.736e-11 J) + H (4.404e-11 J) = 9.140e-11 J
 S[1][1] = +9.971e-01-5.456e-02i, |S[1][1]| = -1.223e-02, arg(S[1][1]) = -3.132e+00

It 1620/1751: ω/2π = 2.624e+00 GHz (total elapsed time = 2.87e+02 s)

 Sol. ||E|| = 3.828947e+01
 Field energy E (4.717e-11 J) + H (4.385e-11 J) = 9.102e-11 J
 S[1][1] = +9.971e-01-5.467e-02i, |S[1][1]| = -1.225e-02, arg(S[1][1]) = -3.139e+00

It 1621/1751: ω/2π = 2.624e+00 GHz (total elapsed time = 2.87e+02 s)

 Sol. ||E|| = 3.828779e+01
 Field energy E (4.700e-11 J) + H (4.366e-11 J) = 9.066e-11 J
 S[1][1] = +9.971e-01-5.479e-02i, |S[1][1]| = -1.226e-02, arg(S[1][1]) = -3.145e+00

It 1622/1751: ω/2π = 2.624e+00 GHz (total elapsed time = 2.87e+02 s)

 Sol. ||E|| = 3.828618e+01
 Field energy E (4.682e-11 J) + H (4.348e-11 J) = 9.031e-11 J
 S[1][1] = +9.971e-01-5.490e-02i, |S[1][1]| = -1.228e-02, arg(S[1][1]) = -3.151e+00

It 1623/1751: ω/2π = 2.624e+00 GHz (total elapsed time = 2.88e+02 s)

 Sol. ||E|| = 3.828462e+01
 Field energy E (4.666e-11 J) + H (4.331e-11 J) = 8.997e-11 J
 S[1][1] = +9.971e-01-5.501e-02i, |S[1][1]| = -1.229e-02, arg(S[1][1]) = -3.158e+00

It 1624/1751: ω/2π = 2.625e+00 GHz (total elapsed time = 2.88e+02 s)

 Sol. ||E|| = 3.828313e+01
 Field energy E (4.650e-11 J) + H (4.315e-11 J) = 8.965e-11 J
 S[1][1] = +9.971e-01-5.512e-02i, |S[1][1]| = -1.231e-02, arg(S[1][1]) = -3.164e+00

It 1625/1751: ω/2π = 2.625e+00 GHz (total elapsed time = 2.88e+02 s)

 Sol. ||E|| = 3.828170e+01
 Field energy E (4.635e-11 J) + H (4.299e-11 J) = 8.934e-11 J
 S[1][1] = +9.971e-01-5.523e-02i, |S[1][1]| = -1.232e-02, arg(S[1][1]) = -3.171e+00

It 1626/1751: ω/2π = 2.625e+00 GHz (total elapsed time = 2.88e+02 s)

 Sol. ||E|| = 3.828032e+01
 Field energy E (4.620e-11 J) + H (4.284e-11 J) = 8.904e-11 J
 S[1][1] = +9.970e-01-5.535e-02i, |S[1][1]| = -1.234e-02, arg(S[1][1]) = -3.177e+00

It 1627/1751: ω/2π = 2.625e+00 GHz (total elapsed time = 2.88e+02 s)

 Sol. ||E|| = 3.827900e+01
 Field energy E (4.606e-11 J) + H (4.269e-11 J) = 8.875e-11 J
 S[1][1] = +9.970e-01-5.546e-02i, |S[1][1]| = -1.236e-02, arg(S[1][1]) = -3.184e+00

It 1628/1751: ω/2π = 2.625e+00 GHz (total elapsed time = 2.88e+02 s)

 Sol. ||E|| = 3.827773e+01
 Field energy E (4.593e-11 J) + H (4.255e-11 J) = 8.847e-11 J
 S[1][1] = +9.970e-01-5.557e-02i, |S[1][1]| = -1.237e-02, arg(S[1][1]) = -3.190e+00

It 1629/1751: ω/2π = 2.626e+00 GHz (total elapsed time = 2.88e+02 s)

 Sol. ||E|| = 3.827651e+01
 Field energy E (4.580e-11 J) + H (4.241e-11 J) = 8.821e-11 J
 S[1][1] = +9.970e-01-5.568e-02i, |S[1][1]| = -1.239e-02, arg(S[1][1]) = -3.196e+00

It 1630/1751: ω/2π = 2.626e+00 GHz (total elapsed time = 2.88e+02 s)

 Sol. ||E|| = 3.827534e+01
 Field energy E (4.567e-11 J) + H (4.228e-11 J) = 8.795e-11 J
 S[1][1] = +9.970e-01-5.579e-02i, |S[1][1]| = -1.241e-02, arg(S[1][1]) = -3.203e+00

It 1631/1751: ω/2π = 2.626e+00 GHz (total elapsed time = 2.88e+02 s)

 Sol. ||E|| = 3.827422e+01
 Field energy E (4.555e-11 J) + H (4.215e-11 J) = 8.770e-11 J
 S[1][1] = +9.970e-01-5.589e-02i, |S[1][1]| = -1.242e-02, arg(S[1][1]) = -3.209e+00

It 1632/1751: ω/2π = 2.626e+00 GHz (total elapsed time = 2.88e+02 s)

 Sol. ||E|| = 3.827314e+01
 Field energy E (4.544e-11 J) + H (4.203e-11 J) = 8.747e-11 J
 S[1][1] = +9.970e-01-5.600e-02i, |S[1][1]| = -1.244e-02, arg(S[1][1]) = -3.215e+00

It 1633/1751: ω/2π = 2.626e+00 GHz (total elapsed time = 2.88e+02 s)

 Sol. ||E|| = 3.827210e+01
 Field energy E (4.532e-11 J) + H (4.191e-11 J) = 8.724e-11 J
 S[1][1] = +9.970e-01-5.611e-02i, |S[1][1]| = -1.246e-02, arg(S[1][1]) = -3.221e+00

It 1634/1751: ω/2π = 2.627e+00 GHz (total elapsed time = 2.88e+02 s)

 Sol. ||E|| = 3.827110e+01
 Field energy E (4.522e-11 J) + H (4.180e-11 J) = 8.702e-11 J
 S[1][1] = +9.970e-01-5.622e-02i, |S[1][1]| = -1.248e-02, arg(S[1][1]) = -3.228e+00

It 1635/1751: ω/2π = 2.627e+00 GHz (total elapsed time = 2.88e+02 s)

 Sol. ||E|| = 3.827014e+01
 Field energy E (4.511e-11 J) + H (4.169e-11 J) = 8.680e-11 J
 S[1][1] = +9.970e-01-5.633e-02i, |S[1][1]| = -1.249e-02, arg(S[1][1]) = -3.234e+00

It 1636/1751: ω/2π = 2.627e+00 GHz (total elapsed time = 2.88e+02 s)

 Sol. ||E|| = 3.826922e+01
 Field energy E (4.502e-11 J) + H (4.159e-11 J) = 8.660e-11 J
 S[1][1] = +9.970e-01-5.644e-02i, |S[1][1]| = -1.251e-02, arg(S[1][1]) = -3.240e+00

It 1637/1751: ω/2π = 2.627e+00 GHz (total elapsed time = 2.89e+02 s)

 Sol. ||E|| = 3.826834e+01
 Field energy E (4.492e-11 J) + H (4.148e-11 J) = 8.640e-11 J
 S[1][1] = +9.970e-01-5.654e-02i, |S[1][1]| = -1.253e-02, arg(S[1][1]) = -3.246e+00

It 1638/1751: ω/2π = 2.627e+00 GHz (total elapsed time = 2.89e+02 s)

 Sol. ||E|| = 3.826750e+01
 Field energy E (4.483e-11 J) + H (4.139e-11 J) = 8.621e-11 J
 S[1][1] = +9.969e-01-5.665e-02i, |S[1][1]| = -1.255e-02, arg(S[1][1]) = -3.252e+00

It 1639/1751: ω/2π = 2.628e+00 GHz (total elapsed time = 2.89e+02 s)

 Sol. ||E|| = 3.826668e+01
 Field energy E (4.474e-11 J) + H (4.129e-11 J) = 8.603e-11 J
 S[1][1] = +9.969e-01-5.676e-02i, |S[1][1]| = -1.257e-02, arg(S[1][1]) = -3.259e+00

It 1640/1751: ω/2π = 2.628e+00 GHz (total elapsed time = 2.89e+02 s)

 Sol. ||E|| = 3.826590e+01
 Field energy E (4.466e-11 J) + H (4.120e-11 J) = 8.586e-11 J
 S[1][1] = +9.969e-01-5.687e-02i, |S[1][1]| = -1.259e-02, arg(S[1][1]) = -3.265e+00

It 1641/1751: ω/2π = 2.628e+00 GHz (total elapsed time = 2.89e+02 s)

 Sol. ||E|| = 3.826516e+01
 Field energy E (4.458e-11 J) + H (4.111e-11 J) = 8.569e-11 J
 S[1][1] = +9.969e-01-5.697e-02i, |S[1][1]| = -1.261e-02, arg(S[1][1]) = -3.271e+00

It 1642/1751: ω/2π = 2.628e+00 GHz (total elapsed time = 2.89e+02 s)

 Sol. ||E|| = 3.826444e+01
 Field energy E (4.450e-11 J) + H (4.103e-11 J) = 8.553e-11 J
 S[1][1] = +9.969e-01-5.708e-02i, |S[1][1]| = -1.262e-02, arg(S[1][1]) = -3.277e+00

It 1643/1751: ω/2π = 2.628e+00 GHz (total elapsed time = 2.89e+02 s)

 Sol. ||E|| = 3.826376e+01
 Field energy E (4.442e-11 J) + H (4.095e-11 J) = 8.537e-11 J
 S[1][1] = +9.969e-01-5.719e-02i, |S[1][1]| = -1.264e-02, arg(S[1][1]) = -3.283e+00

It 1644/1751: ω/2π = 2.629e+00 GHz (total elapsed time = 2.89e+02 s)

 Sol. ||E|| = 3.826310e+01
 Field energy E (4.435e-11 J) + H (4.087e-11 J) = 8.522e-11 J
 S[1][1] = +9.969e-01-5.729e-02i, |S[1][1]| = -1.266e-02, arg(S[1][1]) = -3.289e+00

It 1645/1751: ω/2π = 2.629e+00 GHz (total elapsed time = 2.89e+02 s)

 Sol. ||E|| = 3.826247e+01
 Field energy E (4.428e-11 J) + H (4.080e-11 J) = 8.508e-11 J
 S[1][1] = +9.969e-01-5.740e-02i, |S[1][1]| = -1.268e-02, arg(S[1][1]) = -3.295e+00

It 1646/1751: ω/2π = 2.629e+00 GHz (total elapsed time = 2.89e+02 s)

 Sol. ||E|| = 3.826187e+01
 Field energy E (4.422e-11 J) + H (4.072e-11 J) = 8.494e-11 J
 S[1][1] = +9.969e-01-5.750e-02i, |S[1][1]| = -1.270e-02, arg(S[1][1]) = -3.301e+00

It 1647/1751: ω/2π = 2.629e+00 GHz (total elapsed time = 2.89e+02 s)

 Sol. ||E|| = 3.826130e+01
 Field energy E (4.415e-11 J) + H (4.065e-11 J) = 8.481e-11 J
 S[1][1] = +9.969e-01-5.761e-02i, |S[1][1]| = -1.272e-02, arg(S[1][1]) = -3.307e+00

It 1648/1751: ω/2π = 2.629e+00 GHz (total elapsed time = 2.89e+02 s)

 Sol. ||E|| = 3.826075e+01
 Field energy E (4.409e-11 J) + H (4.059e-11 J) = 8.468e-11 J
 S[1][1] = +9.969e-01-5.771e-02i, |S[1][1]| = -1.275e-02, arg(S[1][1]) = -3.313e+00

It 1649/1751: ω/2π = 2.630e+00 GHz (total elapsed time = 2.89e+02 s)

 Sol. ||E|| = 3.826023e+01
 Field energy E (4.403e-11 J) + H (4.052e-11 J) = 8.455e-11 J
 S[1][1] = +9.969e-01-5.782e-02i, |S[1][1]| = -1.277e-02, arg(S[1][1]) = -3.319e+00

It 1650/1751: ω/2π = 2.630e+00 GHz (total elapsed time = 2.89e+02 s)

 Sol. ||E|| = 3.825973e+01
 Field energy E (4.398e-11 J) + H (4.046e-11 J) = 8.444e-11 J
 S[1][1] = +9.968e-01-5.792e-02i, |S[1][1]| = -1.279e-02, arg(S[1][1]) = -3.326e+00

It 1651/1751: ω/2π = 2.630e+00 GHz (total elapsed time = 2.89e+02 s)

 Sol. ||E|| = 3.825925e+01
 Field energy E (4.392e-11 J) + H (4.040e-11 J) = 8.432e-11 J
 S[1][1] = +9.968e-01-5.803e-02i, |S[1][1]| = -1.281e-02, arg(S[1][1]) = -3.332e+00

It 1652/1751: ω/2π = 2.630e+00 GHz (total elapsed time = 2.90e+02 s)

 Sol. ||E|| = 3.825879e+01
 Field energy E (4.387e-11 J) + H (4.034e-11 J) = 8.422e-11 J
 S[1][1] = +9.968e-01-5.813e-02i, |S[1][1]| = -1.283e-02, arg(S[1][1]) = -3.338e+00

It 1653/1751: ω/2π = 2.630e+00 GHz (total elapsed time = 2.90e+02 s)

 Sol. ||E|| = 3.825836e+01
 Field energy E (4.382e-11 J) + H (4.029e-11 J) = 8.411e-11 J
 S[1][1] = +9.968e-01-5.824e-02i, |S[1][1]| = -1.285e-02, arg(S[1][1]) = -3.344e+00

It 1654/1751: ω/2π = 2.631e+00 GHz (total elapsed time = 2.90e+02 s)

 Sol. ||E|| = 3.825795e+01
 Field energy E (4.378e-11 J) + H (4.024e-11 J) = 8.401e-11 J
 S[1][1] = +9.968e-01-5.834e-02i, |S[1][1]| = -1.287e-02, arg(S[1][1]) = -3.350e+00

It 1655/1751: ω/2π = 2.631e+00 GHz (total elapsed time = 2.90e+02 s)

 Sol. ||E|| = 3.825756e+01
 Field energy E (4.373e-11 J) + H (4.018e-11 J) = 8.392e-11 J
 S[1][1] = +9.968e-01-5.845e-02i, |S[1][1]| = -1.289e-02, arg(S[1][1]) = -3.356e+00

It 1656/1751: ω/2π = 2.631e+00 GHz (total elapsed time = 2.90e+02 s)

 Sol. ||E|| = 3.825719e+01
 Field energy E (4.369e-11 J) + H (4.014e-11 J) = 8.383e-11 J
 S[1][1] = +9.968e-01-5.855e-02i, |S[1][1]| = -1.292e-02, arg(S[1][1]) = -3.362e+00

It 1657/1751: ω/2π = 2.631e+00 GHz (total elapsed time = 2.90e+02 s)

 Sol. ||E|| = 3.825684e+01
 Field energy E (4.365e-11 J) + H (4.009e-11 J) = 8.374e-11 J
 S[1][1] = +9.968e-01-5.865e-02i, |S[1][1]| = -1.294e-02, arg(S[1][1]) = -3.368e+00

It 1658/1751: ω/2π = 2.631e+00 GHz (total elapsed time = 2.90e+02 s)

 Sol. ||E|| = 3.825651e+01
 Field energy E (4.361e-11 J) + H (4.004e-11 J) = 8.365e-11 J
 S[1][1] = +9.968e-01-5.876e-02i, |S[1][1]| = -1.296e-02, arg(S[1][1]) = -3.374e+00

It 1659/1751: ω/2π = 2.632e+00 GHz (total elapsed time = 2.90e+02 s)

 Sol. ||E|| = 3.825620e+01
 Field energy E (4.357e-11 J) + H (4.000e-11 J) = 8.357e-11 J
 S[1][1] = +9.968e-01-5.886e-02i, |S[1][1]| = -1.298e-02, arg(S[1][1]) = -3.380e+00

It 1660/1751: ω/2π = 2.632e+00 GHz (total elapsed time = 2.90e+02 s)

 Sol. ||E|| = 3.825591e+01
 Field energy E (4.354e-11 J) + H (3.996e-11 J) = 8.350e-11 J
 S[1][1] = +9.968e-01-5.897e-02i, |S[1][1]| = -1.301e-02, arg(S[1][1]) = -3.386e+00

It 1661/1751: ω/2π = 2.632e+00 GHz (total elapsed time = 2.90e+02 s)

 Sol. ||E|| = 3.825563e+01
 Field energy E (4.350e-11 J) + H (3.992e-11 J) = 8.343e-11 J
 S[1][1] = +9.968e-01-5.907e-02i, |S[1][1]| = -1.303e-02, arg(S[1][1]) = -3.391e+00

It 1662/1751: ω/2π = 2.632e+00 GHz (total elapsed time = 2.90e+02 s)

 Sol. ||E|| = 3.825537e+01
 Field energy E (4.347e-11 J) + H (3.988e-11 J) = 8.336e-11 J
 S[1][1] = +9.967e-01-5.917e-02i, |S[1][1]| = -1.305e-02, arg(S[1][1]) = -3.397e+00

It 1663/1751: ω/2π = 2.632e+00 GHz (total elapsed time = 2.90e+02 s)

 Sol. ||E|| = 3.825513e+01
 Field energy E (4.344e-11 J) + H (3.985e-11 J) = 8.329e-11 J
 S[1][1] = +9.967e-01-5.928e-02i, |S[1][1]| = -1.308e-02, arg(S[1][1]) = -3.403e+00

It 1664/1751: ω/2π = 2.633e+00 GHz (total elapsed time = 2.90e+02 s)

 Sol. ||E|| = 3.825490e+01
 Field energy E (4.342e-11 J) + H (3.981e-11 J) = 8.323e-11 J
 S[1][1] = +9.967e-01-5.938e-02i, |S[1][1]| = -1.310e-02, arg(S[1][1]) = -3.409e+00

It 1665/1751: ω/2π = 2.633e+00 GHz (total elapsed time = 2.90e+02 s)

 Sol. ||E|| = 3.825469e+01
 Field energy E (4.339e-11 J) + H (3.978e-11 J) = 8.317e-11 J
 S[1][1] = +9.967e-01-5.948e-02i, |S[1][1]| = -1.313e-02, arg(S[1][1]) = -3.415e+00

It 1666/1751: ω/2π = 2.633e+00 GHz (total elapsed time = 2.91e+02 s)

 Sol. ||E|| = 3.825450e+01
 Field energy E (4.336e-11 J) + H (3.975e-11 J) = 8.312e-11 J
 S[1][1] = +9.967e-01-5.959e-02i, |S[1][1]| = -1.315e-02, arg(S[1][1]) = -3.421e+00

It 1667/1751: ω/2π = 2.633e+00 GHz (total elapsed time = 2.91e+02 s)

 Sol. ||E|| = 3.825432e+01
 Field energy E (4.334e-11 J) + H (3.972e-11 J) = 8.306e-11 J
 S[1][1] = +9.967e-01-5.969e-02i, |S[1][1]| = -1.317e-02, arg(S[1][1]) = -3.427e+00

It 1668/1751: ω/2π = 2.633e+00 GHz (total elapsed time = 2.91e+02 s)

 Sol. ||E|| = 3.825415e+01
 Field energy E (4.332e-11 J) + H (3.969e-11 J) = 8.301e-11 J
 S[1][1] = +9.967e-01-5.979e-02i, |S[1][1]| = -1.320e-02, arg(S[1][1]) = -3.433e+00

It 1669/1751: ω/2π = 2.634e+00 GHz (total elapsed time = 2.91e+02 s)

 Sol. ||E|| = 3.825400e+01
 Field energy E (4.330e-11 J) + H (3.967e-11 J) = 8.297e-11 J
 S[1][1] = +9.967e-01-5.990e-02i, |S[1][1]| = -1.322e-02, arg(S[1][1]) = -3.439e+00

It 1670/1751: ω/2π = 2.634e+00 GHz (total elapsed time = 2.91e+02 s)

 Sol. ||E|| = 3.825387e+01
 Field energy E (4.328e-11 J) + H (3.964e-11 J) = 8.292e-11 J
 S[1][1] = +9.967e-01-6.000e-02i, |S[1][1]| = -1.325e-02, arg(S[1][1]) = -3.445e+00

It 1671/1751: ω/2π = 2.634e+00 GHz (total elapsed time = 2.91e+02 s)

 Sol. ||E|| = 3.825375e+01
 Field energy E (4.326e-11 J) + H (3.962e-11 J) = 8.288e-11 J
 S[1][1] = +9.967e-01-6.010e-02i, |S[1][1]| = -1.328e-02, arg(S[1][1]) = -3.451e+00

It 1672/1751: ω/2π = 2.634e+00 GHz (total elapsed time = 2.91e+02 s)

 Sol. ||E|| = 3.825364e+01
 Field energy E (4.325e-11 J) + H (3.960e-11 J) = 8.284e-11 J
 S[1][1] = +9.967e-01-6.020e-02i, |S[1][1]| = -1.330e-02, arg(S[1][1]) = -3.457e+00

It 1673/1751: ω/2π = 2.634e+00 GHz (total elapsed time = 2.91e+02 s)

 Sol. ||E|| = 3.825354e+01
 Field energy E (4.323e-11 J) + H (3.958e-11 J) = 8.281e-11 J
 S[1][1] = +9.966e-01-6.031e-02i, |S[1][1]| = -1.333e-02, arg(S[1][1]) = -3.463e+00

It 1674/1751: ω/2π = 2.635e+00 GHz (total elapsed time = 2.91e+02 s)

 Sol. ||E|| = 3.825346e+01
 Field energy E (4.322e-11 J) + H (3.956e-11 J) = 8.277e-11 J
 S[1][1] = +9.966e-01-6.041e-02i, |S[1][1]| = -1.335e-02, arg(S[1][1]) = -3.469e+00

It 1675/1751: ω/2π = 2.635e+00 GHz (total elapsed time = 2.91e+02 s)

 Sol. ||E|| = 3.825339e+01
 Field energy E (4.320e-11 J) + H (3.954e-11 J) = 8.274e-11 J
 S[1][1] = +9.966e-01-6.051e-02i, |S[1][1]| = -1.338e-02, arg(S[1][1]) = -3.475e+00

It 1676/1751: ω/2π = 2.635e+00 GHz (total elapsed time = 2.91e+02 s)

 Sol. ||E|| = 3.825333e+01
 Field energy E (4.319e-11 J) + H (3.952e-11 J) = 8.271e-11 J
 S[1][1] = +9.966e-01-6.061e-02i, |S[1][1]| = -1.340e-02, arg(S[1][1]) = -3.480e+00

It 1677/1751: ω/2π = 2.635e+00 GHz (total elapsed time = 2.91e+02 s)

 Sol. ||E|| = 3.825329e+01
 Field energy E (4.318e-11 J) + H (3.951e-11 J) = 8.269e-11 J
 S[1][1] = +9.966e-01-6.072e-02i, |S[1][1]| = -1.343e-02, arg(S[1][1]) = -3.486e+00

It 1678/1751: ω/2π = 2.635e+00 GHz (total elapsed time = 2.91e+02 s)

 Sol. ||E|| = 3.825325e+01
 Field energy E (4.317e-11 J) + H (3.949e-11 J) = 8.267e-11 J
 S[1][1] = +9.966e-01-6.082e-02i, |S[1][1]| = -1.346e-02, arg(S[1][1]) = -3.492e+00

It 1679/1751: ω/2π = 2.636e+00 GHz (total elapsed time = 2.92e+02 s)

 Sol. ||E|| = 3.825323e+01
 Field energy E (4.317e-11 J) + H (3.948e-11 J) = 8.264e-11 J
 S[1][1] = +9.966e-01-6.092e-02i, |S[1][1]| = -1.349e-02, arg(S[1][1]) = -3.498e+00

It 1680/1751: ω/2π = 2.636e+00 GHz (total elapsed time = 2.92e+02 s)

 Sol. ||E|| = 3.825322e+01
 Field energy E (4.316e-11 J) + H (3.947e-11 J) = 8.263e-11 J
 S[1][1] = +9.966e-01-6.102e-02i, |S[1][1]| = -1.351e-02, arg(S[1][1]) = -3.504e+00

It 1681/1751: ω/2π = 2.636e+00 GHz (total elapsed time = 2.92e+02 s)

 Sol. ||E|| = 3.825322e+01
 Field energy E (4.316e-11 J) + H (3.945e-11 J) = 8.261e-11 J
 S[1][1] = +9.966e-01-6.113e-02i, |S[1][1]| = -1.354e-02, arg(S[1][1]) = -3.510e+00

It 1682/1751: ω/2π = 2.636e+00 GHz (total elapsed time = 2.92e+02 s)

 Sol. ||E|| = 3.825324e+01
 Field energy E (4.315e-11 J) + H (3.944e-11 J) = 8.259e-11 J
 S[1][1] = +9.966e-01-6.123e-02i, |S[1][1]| = -1.357e-02, arg(S[1][1]) = -3.516e+00

It 1683/1751: ω/2π = 2.636e+00 GHz (total elapsed time = 2.92e+02 s)

 Sol. ||E|| = 3.825326e+01
 Field energy E (4.315e-11 J) + H (3.943e-11 J) = 8.258e-11 J
 S[1][1] = +9.966e-01-6.133e-02i, |S[1][1]| = -1.360e-02, arg(S[1][1]) = -3.522e+00

It 1684/1751: ω/2π = 2.637e+00 GHz (total elapsed time = 2.92e+02 s)

 Sol. ||E|| = 3.825329e+01
 Field energy E (4.315e-11 J) + H (3.943e-11 J) = 8.257e-11 J
 S[1][1] = +9.965e-01-6.143e-02i, |S[1][1]| = -1.362e-02, arg(S[1][1]) = -3.528e+00

It 1685/1751: ω/2π = 2.637e+00 GHz (total elapsed time = 2.92e+02 s)

 Sol. ||E|| = 3.825334e+01
 Field energy E (4.314e-11 J) + H (3.942e-11 J) = 8.256e-11 J
 S[1][1] = +9.965e-01-6.154e-02i, |S[1][1]| = -1.365e-02, arg(S[1][1]) = -3.533e+00

It 1686/1751: ω/2π = 2.637e+00 GHz (total elapsed time = 2.92e+02 s)

 Sol. ||E|| = 3.825339e+01
 Field energy E (4.314e-11 J) + H (3.941e-11 J) = 8.256e-11 J
 S[1][1] = +9.965e-01-6.164e-02i, |S[1][1]| = -1.368e-02, arg(S[1][1]) = -3.539e+00

It 1687/1751: ω/2π = 2.637e+00 GHz (total elapsed time = 2.92e+02 s)

 Sol. ||E|| = 3.825346e+01
 Field energy E (4.315e-11 J) + H (3.941e-11 J) = 8.255e-11 J
 S[1][1] = +9.965e-01-6.174e-02i, |S[1][1]| = -1.371e-02, arg(S[1][1]) = -3.545e+00

It 1688/1751: ω/2π = 2.637e+00 GHz (total elapsed time = 2.92e+02 s)

 Sol. ||E|| = 3.825353e+01
 Field energy E (4.315e-11 J) + H (3.940e-11 J) = 8.255e-11 J
 S[1][1] = +9.965e-01-6.184e-02i, |S[1][1]| = -1.374e-02, arg(S[1][1]) = -3.551e+00

It 1689/1751: ω/2π = 2.638e+00 GHz (total elapsed time = 2.92e+02 s)

 Sol. ||E|| = 3.825362e+01
 Field energy E (4.315e-11 J) + H (3.940e-11 J) = 8.255e-11 J
 S[1][1] = +9.965e-01-6.194e-02i, |S[1][1]| = -1.377e-02, arg(S[1][1]) = -3.557e+00

It 1690/1751: ω/2π = 2.638e+00 GHz (total elapsed time = 2.92e+02 s)

 Sol. ||E|| = 3.825371e+01
 Field energy E (4.315e-11 J) + H (3.940e-11 J) = 8.255e-11 J
 S[1][1] = +9.965e-01-6.205e-02i, |S[1][1]| = -1.380e-02, arg(S[1][1]) = -3.563e+00

It 1691/1751: ω/2π = 2.638e+00 GHz (total elapsed time = 2.92e+02 s)

 Sol. ||E|| = 3.825382e+01
 Field energy E (4.316e-11 J) + H (3.940e-11 J) = 8.256e-11 J
 S[1][1] = +9.965e-01-6.215e-02i, |S[1][1]| = -1.383e-02, arg(S[1][1]) = -3.569e+00

It 1692/1751: ω/2π = 2.638e+00 GHz (total elapsed time = 2.93e+02 s)

 Sol. ||E|| = 3.825393e+01
 Field energy E (4.316e-11 J) + H (3.940e-11 J) = 8.256e-11 J
 S[1][1] = +9.965e-01-6.225e-02i, |S[1][1]| = -1.386e-02, arg(S[1][1]) = -3.575e+00

It 1693/1751: ω/2π = 2.638e+00 GHz (total elapsed time = 2.93e+02 s)

 Sol. ||E|| = 3.825405e+01
 Field energy E (4.317e-11 J) + H (3.940e-11 J) = 8.257e-11 J
 S[1][1] = +9.965e-01-6.235e-02i, |S[1][1]| = -1.389e-02, arg(S[1][1]) = -3.581e+00

It 1694/1751: ω/2π = 2.639e+00 GHz (total elapsed time = 2.93e+02 s)

 Sol. ||E|| = 3.825418e+01
 Field energy E (4.318e-11 J) + H (3.940e-11 J) = 8.258e-11 J
 S[1][1] = +9.964e-01-6.245e-02i, |S[1][1]| = -1.392e-02, arg(S[1][1]) = -3.586e+00

It 1695/1751: ω/2π = 2.639e+00 GHz (total elapsed time = 2.93e+02 s)

 Sol. ||E|| = 3.825432e+01
 Field energy E (4.319e-11 J) + H (3.940e-11 J) = 8.259e-11 J
 S[1][1] = +9.964e-01-6.256e-02i, |S[1][1]| = -1.395e-02, arg(S[1][1]) = -3.592e+00

It 1696/1751: ω/2π = 2.639e+00 GHz (total elapsed time = 2.93e+02 s)

 Sol. ||E|| = 3.825447e+01
 Field energy E (4.320e-11 J) + H (3.941e-11 J) = 8.260e-11 J
 S[1][1] = +9.964e-01-6.266e-02i, |S[1][1]| = -1.398e-02, arg(S[1][1]) = -3.598e+00

It 1697/1751: ω/2π = 2.639e+00 GHz (total elapsed time = 2.93e+02 s)

 Sol. ||E|| = 3.825463e+01
 Field energy E (4.321e-11 J) + H (3.941e-11 J) = 8.262e-11 J
 S[1][1] = +9.964e-01-6.276e-02i, |S[1][1]| = -1.401e-02, arg(S[1][1]) = -3.604e+00

It 1698/1751: ω/2π = 2.639e+00 GHz (total elapsed time = 2.93e+02 s)

 Sol. ||E|| = 3.825479e+01
 Field energy E (4.322e-11 J) + H (3.942e-11 J) = 8.263e-11 J
 S[1][1] = +9.964e-01-6.286e-02i, |S[1][1]| = -1.404e-02, arg(S[1][1]) = -3.610e+00

It 1699/1751: ω/2π = 2.640e+00 GHz (total elapsed time = 2.93e+02 s)

 Sol. ||E|| = 3.825497e+01
 Field energy E (4.323e-11 J) + H (3.942e-11 J) = 8.265e-11 J
 S[1][1] = +9.964e-01-6.297e-02i, |S[1][1]| = -1.408e-02, arg(S[1][1]) = -3.616e+00

It 1700/1751: ω/2π = 2.640e+00 GHz (total elapsed time = 2.93e+02 s)

 Sol. ||E|| = 3.825515e+01
 Field energy E (4.324e-11 J) + H (3.943e-11 J) = 8.267e-11 J
 S[1][1] = +9.964e-01-6.307e-02i, |S[1][1]| = -1.411e-02, arg(S[1][1]) = -3.622e+00

It 1701/1751: ω/2π = 2.640e+00 GHz (total elapsed time = 2.93e+02 s)

 Sol. ||E|| = 3.825534e+01
 Field energy E (4.326e-11 J) + H (3.944e-11 J) = 8.269e-11 J
 S[1][1] = +9.964e-01-6.317e-02i, |S[1][1]| = -1.414e-02, arg(S[1][1]) = -3.628e+00

It 1702/1751: ω/2π = 2.640e+00 GHz (total elapsed time = 2.93e+02 s)

 Sol. ||E|| = 3.825554e+01
 Field energy E (4.327e-11 J) + H (3.944e-11 J) = 8.271e-11 J
 S[1][1] = +9.964e-01-6.327e-02i, |S[1][1]| = -1.417e-02, arg(S[1][1]) = -3.634e+00

It 1703/1751: ω/2π = 2.640e+00 GHz (total elapsed time = 2.93e+02 s)

 Sol. ||E|| = 3.825575e+01
 Field energy E (4.328e-11 J) + H (3.945e-11 J) = 8.274e-11 J
 S[1][1] = +9.964e-01-6.337e-02i, |S[1][1]| = -1.420e-02, arg(S[1][1]) = -3.639e+00

It 1704/1751: ω/2π = 2.641e+00 GHz (total elapsed time = 2.93e+02 s)

 Sol. ||E|| = 3.825597e+01
 Field energy E (4.330e-11 J) + H (3.946e-11 J) = 8.276e-11 J
 S[1][1] = +9.963e-01-6.348e-02i, |S[1][1]| = -1.424e-02, arg(S[1][1]) = -3.645e+00

It 1705/1751: ω/2π = 2.641e+00 GHz (total elapsed time = 2.93e+02 s)

 Sol. ||E|| = 3.825619e+01
 Field energy E (4.332e-11 J) + H (3.947e-11 J) = 8.279e-11 J
 S[1][1] = +9.963e-01-6.358e-02i, |S[1][1]| = -1.427e-02, arg(S[1][1]) = -3.651e+00

It 1706/1751: ω/2π = 2.641e+00 GHz (total elapsed time = 2.93e+02 s)

 Sol. ||E|| = 3.825642e+01
 Field energy E (4.333e-11 J) + H (3.949e-11 J) = 8.282e-11 J
 S[1][1] = +9.963e-01-6.368e-02i, |S[1][1]| = -1.430e-02, arg(S[1][1]) = -3.657e+00

It 1707/1751: ω/2π = 2.641e+00 GHz (total elapsed time = 2.94e+02 s)

 Sol. ||E|| = 3.825666e+01
 Field energy E (4.335e-11 J) + H (3.950e-11 J) = 8.285e-11 J
 S[1][1] = +9.963e-01-6.378e-02i, |S[1][1]| = -1.434e-02, arg(S[1][1]) = -3.663e+00

It 1708/1751: ω/2π = 2.641e+00 GHz (total elapsed time = 2.94e+02 s)

 Sol. ||E|| = 3.825691e+01
 Field energy E (4.337e-11 J) + H (3.951e-11 J) = 8.288e-11 J
 S[1][1] = +9.963e-01-6.389e-02i, |S[1][1]| = -1.437e-02, arg(S[1][1]) = -3.669e+00

It 1709/1751: ω/2π = 2.642e+00 GHz (total elapsed time = 2.94e+02 s)

 Sol. ||E|| = 3.825716e+01
 Field energy E (4.339e-11 J) + H (3.952e-11 J) = 8.291e-11 J
 S[1][1] = +9.963e-01-6.399e-02i, |S[1][1]| = -1.441e-02, arg(S[1][1]) = -3.675e+00

It 1710/1751: ω/2π = 2.642e+00 GHz (total elapsed time = 2.94e+02 s)

 Sol. ||E|| = 3.825742e+01
 Field energy E (4.341e-11 J) + H (3.954e-11 J) = 8.295e-11 J
 S[1][1] = +9.963e-01-6.409e-02i, |S[1][1]| = -1.444e-02, arg(S[1][1]) = -3.681e+00

It 1711/1751: ω/2π = 2.642e+00 GHz (total elapsed time = 2.94e+02 s)

 Sol. ||E|| = 3.825769e+01
 Field energy E (4.343e-11 J) + H (3.955e-11 J) = 8.298e-11 J
 S[1][1] = +9.963e-01-6.419e-02i, |S[1][1]| = -1.448e-02, arg(S[1][1]) = -3.687e+00

It 1712/1751: ω/2π = 2.642e+00 GHz (total elapsed time = 2.94e+02 s)

 Sol. ||E|| = 3.825797e+01
 Field energy E (4.345e-11 J) + H (3.957e-11 J) = 8.302e-11 J
 S[1][1] = +9.963e-01-6.430e-02i, |S[1][1]| = -1.451e-02, arg(S[1][1]) = -3.693e+00

It 1713/1751: ω/2π = 2.642e+00 GHz (total elapsed time = 2.94e+02 s)

 Sol. ||E|| = 3.825825e+01
 Field energy E (4.347e-11 J) + H (3.959e-11 J) = 8.306e-11 J
 S[1][1] = +9.962e-01-6.440e-02i, |S[1][1]| = -1.455e-02, arg(S[1][1]) = -3.699e+00

It 1714/1751: ω/2π = 2.643e+00 GHz (total elapsed time = 2.94e+02 s)

 Sol. ||E|| = 3.825854e+01
 Field energy E (4.350e-11 J) + H (3.960e-11 J) = 8.310e-11 J
 S[1][1] = +9.962e-01-6.450e-02i, |S[1][1]| = -1.458e-02, arg(S[1][1]) = -3.704e+00

It 1715/1751: ω/2π = 2.643e+00 GHz (total elapsed time = 2.94e+02 s)

 Sol. ||E|| = 3.825884e+01
 Field energy E (4.352e-11 J) + H (3.962e-11 J) = 8.314e-11 J
 S[1][1] = +9.962e-01-6.460e-02i, |S[1][1]| = -1.462e-02, arg(S[1][1]) = -3.710e+00

It 1716/1751: ω/2π = 2.643e+00 GHz (total elapsed time = 2.94e+02 s)

 Sol. ||E|| = 3.825915e+01
 Field energy E (4.355e-11 J) + H (3.964e-11 J) = 8.318e-11 J
 S[1][1] = +9.962e-01-6.471e-02i, |S[1][1]| = -1.466e-02, arg(S[1][1]) = -3.716e+00

It 1717/1751: ω/2π = 2.643e+00 GHz (total elapsed time = 2.94e+02 s)

 Sol. ||E|| = 3.825946e+01
 Field energy E (4.357e-11 J) + H (3.966e-11 J) = 8.323e-11 J
 S[1][1] = +9.962e-01-6.481e-02i, |S[1][1]| = -1.469e-02, arg(S[1][1]) = -3.722e+00

It 1718/1751: ω/2π = 2.643e+00 GHz (total elapsed time = 2.94e+02 s)

 Sol. ||E|| = 3.825978e+01
 Field energy E (4.360e-11 J) + H (3.968e-11 J) = 8.327e-11 J
 S[1][1] = +9.962e-01-6.491e-02i, |S[1][1]| = -1.473e-02, arg(S[1][1]) = -3.728e+00

It 1719/1751: ω/2π = 2.644e+00 GHz (total elapsed time = 2.94e+02 s)

 Sol. ||E|| = 3.826010e+01
 Field energy E (4.362e-11 J) + H (3.970e-11 J) = 8.332e-11 J
 S[1][1] = +9.962e-01-6.501e-02i, |S[1][1]| = -1.477e-02, arg(S[1][1]) = -3.734e+00

It 1720/1751: ω/2π = 2.644e+00 GHz (total elapsed time = 2.94e+02 s)

 Sol. ||E|| = 3.826044e+01
 Field energy E (4.365e-11 J) + H (3.972e-11 J) = 8.337e-11 J
 S[1][1] = +9.962e-01-6.512e-02i, |S[1][1]| = -1.480e-02, arg(S[1][1]) = -3.740e+00

It 1721/1751: ω/2π = 2.644e+00 GHz (total elapsed time = 2.95e+02 s)

 Sol. ||E|| = 3.826078e+01
 Field energy E (4.368e-11 J) + H (3.974e-11 J) = 8.342e-11 J
 S[1][1] = +9.962e-01-6.522e-02i, |S[1][1]| = -1.484e-02, arg(S[1][1]) = -3.746e+00

It 1722/1751: ω/2π = 2.644e+00 GHz (total elapsed time = 2.95e+02 s)

 Sol. ||E|| = 3.826112e+01
 Field energy E (4.371e-11 J) + H (3.976e-11 J) = 8.347e-11 J
 S[1][1] = +9.961e-01-6.532e-02i, |S[1][1]| = -1.488e-02, arg(S[1][1]) = -3.752e+00

It 1723/1751: ω/2π = 2.644e+00 GHz (total elapsed time = 2.95e+02 s)

 Sol. ||E|| = 3.826148e+01
 Field energy E (4.374e-11 J) + H (3.979e-11 J) = 8.352e-11 J
 S[1][1] = +9.961e-01-6.543e-02i, |S[1][1]| = -1.492e-02, arg(S[1][1]) = -3.758e+00

It 1724/1751: ω/2π = 2.645e+00 GHz (total elapsed time = 2.95e+02 s)

 Sol. ||E|| = 3.826184e+01
 Field energy E (4.377e-11 J) + H (3.981e-11 J) = 8.358e-11 J
 S[1][1] = +9.961e-01-6.553e-02i, |S[1][1]| = -1.496e-02, arg(S[1][1]) = -3.764e+00

It 1725/1751: ω/2π = 2.645e+00 GHz (total elapsed time = 2.95e+02 s)

 Sol. ||E|| = 3.826220e+01
 Field energy E (4.380e-11 J) + H (3.984e-11 J) = 8.363e-11 J
 S[1][1] = +9.961e-01-6.563e-02i, |S[1][1]| = -1.500e-02, arg(S[1][1]) = -3.770e+00

It 1726/1751: ω/2π = 2.645e+00 GHz (total elapsed time = 2.95e+02 s)

 Sol. ||E|| = 3.826258e+01
 Field energy E (4.383e-11 J) + H (3.986e-11 J) = 8.369e-11 J
 S[1][1] = +9.961e-01-6.573e-02i, |S[1][1]| = -1.503e-02, arg(S[1][1]) = -3.776e+00

It 1727/1751: ω/2π = 2.645e+00 GHz (total elapsed time = 2.95e+02 s)

 Sol. ||E|| = 3.826296e+01
 Field energy E (4.386e-11 J) + H (3.989e-11 J) = 8.374e-11 J
 S[1][1] = +9.961e-01-6.584e-02i, |S[1][1]| = -1.507e-02, arg(S[1][1]) = -3.782e+00

It 1728/1751: ω/2π = 2.645e+00 GHz (total elapsed time = 2.95e+02 s)

 Sol. ||E|| = 3.826335e+01
 Field energy E (4.389e-11 J) + H (3.991e-11 J) = 8.380e-11 J
 S[1][1] = +9.961e-01-6.594e-02i, |S[1][1]| = -1.511e-02, arg(S[1][1]) = -3.787e+00

It 1729/1751: ω/2π = 2.646e+00 GHz (total elapsed time = 2.95e+02 s)

 Sol. ||E|| = 3.826374e+01
 Field energy E (4.392e-11 J) + H (3.994e-11 J) = 8.386e-11 J
 S[1][1] = +9.961e-01-6.604e-02i, |S[1][1]| = -1.515e-02, arg(S[1][1]) = -3.793e+00

It 1730/1751: ω/2π = 2.646e+00 GHz (total elapsed time = 2.95e+02 s)

 Sol. ||E|| = 3.826414e+01
 Field energy E (4.396e-11 J) + H (3.997e-11 J) = 8.392e-11 J
 S[1][1] = +9.961e-01-6.615e-02i, |S[1][1]| = -1.519e-02, arg(S[1][1]) = -3.799e+00

It 1731/1751: ω/2π = 2.646e+00 GHz (total elapsed time = 2.95e+02 s)

 Sol. ||E|| = 3.826455e+01
 Field energy E (4.399e-11 J) + H (4.000e-11 J) = 8.399e-11 J
 S[1][1] = +9.960e-01-6.625e-02i, |S[1][1]| = -1.524e-02, arg(S[1][1]) = -3.805e+00

It 1732/1751: ω/2π = 2.646e+00 GHz (total elapsed time = 2.95e+02 s)

 Sol. ||E|| = 3.826496e+01
 Field energy E (4.403e-11 J) + H (4.002e-11 J) = 8.405e-11 J
 S[1][1] = +9.960e-01-6.635e-02i, |S[1][1]| = -1.528e-02, arg(S[1][1]) = -3.811e+00

It 1733/1751: ω/2π = 2.646e+00 GHz (total elapsed time = 2.95e+02 s)

 Sol. ||E|| = 3.826538e+01
 Field energy E (4.406e-11 J) + H (4.005e-11 J) = 8.411e-11 J
 S[1][1] = +9.960e-01-6.646e-02i, |S[1][1]| = -1.532e-02, arg(S[1][1]) = -3.817e+00

It 1734/1751: ω/2π = 2.647e+00 GHz (total elapsed time = 2.95e+02 s)

 Sol. ||E|| = 3.826581e+01
 Field energy E (4.410e-11 J) + H (4.008e-11 J) = 8.418e-11 J
 S[1][1] = +9.960e-01-6.656e-02i, |S[1][1]| = -1.536e-02, arg(S[1][1]) = -3.823e+00

It 1735/1751: ω/2π = 2.647e+00 GHz (total elapsed time = 2.95e+02 s)

 Sol. ||E|| = 3.826624e+01
 Field energy E (4.413e-11 J) + H (4.011e-11 J) = 8.425e-11 J
 S[1][1] = +9.960e-01-6.666e-02i, |S[1][1]| = -1.540e-02, arg(S[1][1]) = -3.829e+00

It 1736/1751: ω/2π = 2.647e+00 GHz (total elapsed time = 2.96e+02 s)

 Sol. ||E|| = 3.826668e+01
 Field energy E (4.417e-11 J) + H (4.015e-11 J) = 8.432e-11 J
 S[1][1] = +9.960e-01-6.677e-02i, |S[1][1]| = -1.544e-02, arg(S[1][1]) = -3.835e+00

It 1737/1751: ω/2π = 2.647e+00 GHz (total elapsed time = 2.96e+02 s)

 Sol. ||E|| = 3.826713e+01
 Field energy E (4.421e-11 J) + H (4.018e-11 J) = 8.439e-11 J
 S[1][1] = +9.960e-01-6.687e-02i, |S[1][1]| = -1.549e-02, arg(S[1][1]) = -3.841e+00

It 1738/1751: ω/2π = 2.647e+00 GHz (total elapsed time = 2.96e+02 s)

 Sol. ||E|| = 3.826758e+01
 Field energy E (4.425e-11 J) + H (4.021e-11 J) = 8.446e-11 J
 S[1][1] = +9.960e-01-6.698e-02i, |S[1][1]| = -1.553e-02, arg(S[1][1]) = -3.847e+00

It 1739/1751: ω/2π = 2.648e+00 GHz (total elapsed time = 2.96e+02 s)

 Sol. ||E|| = 3.826804e+01
 Field energy E (4.429e-11 J) + H (4.024e-11 J) = 8.453e-11 J
 S[1][1] = +9.960e-01-6.708e-02i, |S[1][1]| = -1.557e-02, arg(S[1][1]) = -3.853e+00

It 1740/1751: ω/2π = 2.648e+00 GHz (total elapsed time = 2.96e+02 s)

 Sol. ||E|| = 3.826850e+01
 Field energy E (4.433e-11 J) + H (4.028e-11 J) = 8.460e-11 J
 S[1][1] = +9.959e-01-6.718e-02i, |S[1][1]| = -1.562e-02, arg(S[1][1]) = -3.859e+00

It 1741/1751: ω/2π = 2.648e+00 GHz (total elapsed time = 2.96e+02 s)

 Sol. ||E|| = 3.826897e+01
 Field energy E (4.437e-11 J) + H (4.031e-11 J) = 8.468e-11 J
 S[1][1] = +9.959e-01-6.729e-02i, |S[1][1]| = -1.566e-02, arg(S[1][1]) = -3.865e+00

It 1742/1751: ω/2π = 2.648e+00 GHz (total elapsed time = 2.96e+02 s)

 Sol. ||E|| = 3.826945e+01
 Field energy E (4.441e-11 J) + H (4.035e-11 J) = 8.475e-11 J
 S[1][1] = +9.959e-01-6.739e-02i, |S[1][1]| = -1.571e-02, arg(S[1][1]) = -3.871e+00

It 1743/1751: ω/2π = 2.648e+00 GHz (total elapsed time = 2.96e+02 s)

 Sol. ||E|| = 3.826994e+01
 Field energy E (4.445e-11 J) + H (4.038e-11 J) = 8.483e-11 J
 S[1][1] = +9.959e-01-6.750e-02i, |S[1][1]| = -1.575e-02, arg(S[1][1]) = -3.877e+00

It 1744/1751: ω/2π = 2.649e+00 GHz (total elapsed time = 2.96e+02 s)

 Sol. ||E|| = 3.827043e+01
 Field energy E (4.449e-11 J) + H (4.042e-11 J) = 8.491e-11 J
 S[1][1] = +9.959e-01-6.760e-02i, |S[1][1]| = -1.580e-02, arg(S[1][1]) = -3.883e+00

It 1745/1751: ω/2π = 2.649e+00 GHz (total elapsed time = 2.96e+02 s)

 Sol. ||E|| = 3.827092e+01
 Field energy E (4.453e-11 J) + H (4.045e-11 J) = 8.499e-11 J
 S[1][1] = +9.959e-01-6.771e-02i, |S[1][1]| = -1.584e-02, arg(S[1][1]) = -3.889e+00

It 1746/1751: ω/2π = 2.649e+00 GHz (total elapsed time = 2.96e+02 s)

 Sol. ||E|| = 3.827143e+01
 Field energy E (4.458e-11 J) + H (4.049e-11 J) = 8.507e-11 J
 S[1][1] = +9.959e-01-6.781e-02i, |S[1][1]| = -1.589e-02, arg(S[1][1]) = -3.895e+00

It 1747/1751: ω/2π = 2.649e+00 GHz (total elapsed time = 2.96e+02 s)

 Sol. ||E|| = 3.827194e+01
 Field energy E (4.462e-11 J) + H (4.053e-11 J) = 8.515e-11 J
 S[1][1] = +9.959e-01-6.791e-02i, |S[1][1]| = -1.593e-02, arg(S[1][1]) = -3.901e+00

It 1748/1751: ω/2π = 2.649e+00 GHz (total elapsed time = 2.96e+02 s)

 Sol. ||E|| = 3.827245e+01
 Field energy E (4.466e-11 J) + H (4.057e-11 J) = 8.523e-11 J
 S[1][1] = +9.958e-01-6.802e-02i, |S[1][1]| = -1.598e-02, arg(S[1][1]) = -3.907e+00

It 1749/1751: ω/2π = 2.650e+00 GHz (total elapsed time = 2.96e+02 s)

 Sol. ||E|| = 3.827298e+01
 Field energy E (4.471e-11 J) + H (4.061e-11 J) = 8.532e-11 J
 S[1][1] = +9.958e-01-6.812e-02i, |S[1][1]| = -1.603e-02, arg(S[1][1]) = -3.913e+00

It 1750/1751: ω/2π = 2.650e+00 GHz (total elapsed time = 2.97e+02 s)

 Sol. ||E|| = 3.827351e+01
 Field energy E (4.476e-11 J) + H (4.065e-11 J) = 8.540e-11 J
 S[1][1] = +9.958e-01-6.823e-02i, |S[1][1]| = -1.608e-02, arg(S[1][1]) = -3.919e+00

It 1751/1751: ω/2π = 2.650e+00 GHz (total elapsed time = 2.97e+02 s)

 Sol. ||E|| = 3.827404e+01
 Field energy E (4.480e-11 J) + H (4.069e-11 J) = 8.549e-11 J
 S[1][1] = +9.958e-01-6.833e-02i, |S[1][1]| = -1.612e-02, arg(S[1][1]) = -3.926e+00

Completed 0 iterations of adaptive mesh refinement (AMR):
 Indicator norm = nan, global unknowns = 522764
 Max. iterations = 0, tol. = 1.000e-02

Estimated peak per-rank memory usage is: Min. 306.5M, Max. 344.2M, Avg. 320.8M, Total 10.0G
Estimated peak per-node memory usage is: Min. 10.0G, Max. 10.0G, Avg. 10.0G, Total 10.0G

Elapsed Time Report (s)           Min.        Max.        Avg.
==============================================================
Initialization                   0.229       0.610       0.598
  Mesh Preprocessing             0.435       0.815       0.447
Operator Construction            0.101       0.253       0.113
  Wave Ports                     0.002       0.003       0.002
Linear Solve                    13.340      13.765      13.492
  Setup                         13.845      13.846      13.846
  Preconditioner               129.070     129.596     129.447
  Coarse Solve                  15.002      15.146      15.039
PROM Construction                0.852       0.862       0.853
PROM Solve                       0.855       1.738       1.545
Estimation                       0.125       0.139       0.129
  Construction                   0.465       0.466       0.465
  Solve                         17.050      17.062      17.060
Postprocessing                 104.988     105.721     105.174
Disk IO                          0.911       0.912       0.911
--------------------------------------------------------------
Total                          300.257     300.273     300.265

Peak Memory                   Per-Node       Total   Total HWM
==============================================================
Initialization                   54.9M       54.9M       54.9M
  Mesh Preprocessing            127.5M      127.5M      182.4M
Operator Construction           348.8M      348.8M      531.2M
  Wave Ports                      0.0K        0.0K      531.2M
Linear Solve                      2.1M        2.1M      533.3M
  Setup                           1.2G        1.2G        1.7G
  Preconditioner                 30.0M       30.0M        1.7G
  Coarse Solve                    6.8G        6.8G        8.5G
PROM Construction                 0.0K        0.0K        8.5G
PROM Solve                        0.0K        0.0K        8.5G
Estimation                        2.2M        2.2M        8.5G
  Construction                  582.2M      582.2M        9.1G
  Solve                           0.0K        0.0K        9.1G
Postprocessing                    0.0K        0.0K        9.1G
Disk IO                          81.3M       81.3M        9.2G
--------------------------------------------------------------
Total                             9.6G        9.6G        9.6G

