>> /opt/amip/envs/emsim/bin/mpirun -n 32 /opt/amip/palace/bin/palace-x86_64.bin h3-ehratio-01.d6043449_11x8_barrel_g2-0.5_lumped.json

_____________     _______
_____   __   \____ __   /____ ____________
____   /_/  /  __ ` /  /  __ ` /  ___/  _ \
___   _____/  /_/  /  /  /_/  /  /__/  ___/
  /__/     \___,__/__/\___,__/\_____\_____/

Git changeset ID: v0.17.0-293-g3c83b9db0
Running with 32 MPI processes, 1 OpenMP thread
Device configuration: omp,cpu
Memory configuration: host-std
libCEED backend: /cpu/self/xsmm/blocked

Added 17307 boundary elements for material interfaces to the mesh

Characteristic length and time scales:
 Lc = 1.974e-01 m, tc = 6.585e-01 ns
Finished partitioning mesh into 32 subdomains

Mesh curvature order: 2
Mesh bounding box:
 (Xmin, Ymin, Zmin) = (-8.800e-02, -8.800e-02, -9.871e-02) m
 (Xmax, Ymax, Zmax) = (+8.800e-02, +8.800e-02, +9.871e-02) m

Parallel Mesh Stats:

                minimum     average     maximum       total
 vertices           298         455         645       14567
 edges             2484        2963        3550       94823
 faces             4607        4906        5330      156994
 elements          2328        2398        2470       76736
 neighbors            3           7          18

            minimum     maximum
 h      0.000688673    0.174426
 kappa      1.02098     57.4104

Estimated current per-rank memory usage is: Min. 32.8M, Max. 91.3M, Avg. 35.3M, Total 1.1G
Estimated current per-node memory usage is: Min. 1.1G, Max. 1.1G, Avg. 1.1G, Total 1.1G

Configuring Robin finite conductivity BC at attributes:
 90: σ = 3.500e+07 S/m, n = (-0.7,-0.2,-0.7)

Configuring Robin impedance BC for lumped ports at attributes:
 91: Rs = 3.000e+02 Ω/sq, n = (+0.0,+0.0,+1.0)

Configuring lumped port circuit properties:
 Index = 1: R = 5.000e+01 Ω

Assembling system matrices, number of global unknowns:
 H1 (p = 2): 109390, ND (p = 2): 503634, RT (p = 2): 701190
 Operator assembly level: Partial
 Mesh geometries:
  Tetrahedron: P = 20, Q = 14 (quadrature order = 4)

Configuring SLEPc eigenvalue solver:
 Scaling γ = 3.152e+01, δ = 3.824e-07
 Configuring divergence-free projection
 Using random starting vector
 Shift-and-invert σ = 2.380e+00 GHz (9.847e+00)

Assembling multigrid hierarchy:
 Level 0 (p = 1): 94823 unknowns
 Level 1 (p = 2): 503634 unknowns
 Level 0 (auxiliary) (p = 1): 14567 unknowns
 Level 1 (auxiliary) (p = 2): 109390 unknowns

#PETSc Option Table entries:
-eps_monitor # (source: code)
#End of PETSc Option Table entries

  Residual norms for GMRES solve
  0 (restart 0) KSP residual norm 9.274384e-01
  1 (restart 0) KSP residual norm 4.806874e-01
  2 (restart 0) KSP residual norm 1.342455e-01
  3 (restart 0) KSP residual norm 5.739990e-02
  4 (restart 0) KSP residual norm 4.089903e-02
  5 (restart 0) KSP residual norm 2.087082e-02
  6 (restart 0) KSP residual norm 1.014536e-02
  7 (restart 0) KSP residual norm 5.632521e-03
  8 (restart 0) KSP residual norm 2.913337e-03
  9 (restart 0) KSP residual norm 1.308550e-03
 10 (restart 0) KSP residual norm 7.146380e-04
 11 (restart 0) KSP residual norm 4.807900e-04
 12 (restart 0) KSP residual norm 3.124446e-04
 13 (restart 0) KSP residual norm 2.109323e-04
 14 (restart 0) KSP residual norm 1.391330e-04
 15 (restart 0) KSP residual norm 8.896310e-05
 16 (restart 0) KSP residual norm 7.102296e-05
 17 (restart 0) KSP residual norm 4.974711e-05
 18 (restart 0) KSP residual norm 3.723572e-05
 19 (restart 0) KSP residual norm 2.992716e-05
 20 (restart 0) KSP residual norm 2.468601e-05
 21 (restart 0) KSP residual norm 1.982759e-05
 22 (restart 0) KSP residual norm 1.423009e-05
 23 (restart 0) KSP residual norm 1.254260e-05
 24 (restart 0) KSP residual norm 1.023047e-05
 25 (restart 0) KSP residual norm 8.274169e-06
 26 (restart 0) KSP residual norm 6.899071e-06
 27 (restart 0) KSP residual norm 5.559724e-06
 28 (restart 0) KSP residual norm 4.647900e-06
 29 (restart 0) KSP residual norm 3.747063e-06
 30 (restart 0) KSP residual norm 3.053697e-06
 31 (restart 0) KSP residual norm 2.527393e-06
 32 (restart 0) KSP residual norm 2.124976e-06
 33 (restart 0) KSP residual norm 1.793760e-06
 34 (restart 0) KSP residual norm 1.502266e-06
 35 (restart 0) KSP residual norm 1.239716e-06
 36 (restart 0) KSP residual norm 1.007510e-06
 37 (restart 0) KSP residual norm 8.189126e-07
 38 (restart 0) KSP residual norm 6.559658e-07
 39 (restart 0) KSP residual norm 5.173958e-07
 40 (restart 0) KSP residual norm 4.041556e-07
 41 (restart 0) KSP residual norm 3.120857e-07
 42 (restart 0) KSP residual norm 2.405154e-07
 43 (restart 0) KSP residual norm 1.831026e-07
 44 (restart 0) KSP residual norm 1.400342e-07
 45 (restart 0) KSP residual norm 1.060020e-07
 46 (restart 0) KSP residual norm 7.862211e-08
 47 (restart 0) KSP residual norm 5.760588e-08
 48 (restart 0) KSP residual norm 4.294011e-08
 49 (restart 0) KSP residual norm 3.218119e-08
 50 (restart 0) KSP residual norm 2.423930e-08
 51 (restart 0) KSP residual norm 1.801405e-08
 52 (restart 0) KSP residual norm 1.336480e-08
 53 (restart 0) KSP residual norm 1.002272e-08
 54 (restart 0) KSP residual norm 7.356732e-09
GMRES solver converged in 54 iterations (avg. reduction factor: 7.079e-01)
  Residual norms for GMRES solve
  0 (restart 0) KSP residual norm 1.046761e+01
  1 (restart 0) KSP residual norm 9.083646e+00
  2 (restart 0) KSP residual norm 5.625281e+00
  3 (restart 0) KSP residual norm 2.879578e+00
  4 (restart 0) KSP residual norm 1.453808e+00
  5 (restart 0) KSP residual norm 7.060964e-01
  6 (restart 0) KSP residual norm 2.150457e-01
  7 (restart 0) KSP residual norm 7.610288e-02
  8 (restart 0) KSP residual norm 6.880238e-02
  9 (restart 0) KSP residual norm 2.363933e-02
 10 (restart 0) KSP residual norm 3.215494e-03
 11 (restart 0) KSP residual norm 1.174641e-03
 12 (restart 0) KSP residual norm 9.199093e-04
 13 (restart 0) KSP residual norm 4.253161e-04
 14 (restart 0) KSP residual norm 2.623038e-04
 15 (restart 0) KSP residual norm 1.700965e-04
 16 (restart 0) KSP residual norm 1.113215e-04
 17 (restart 0) KSP residual norm 7.837210e-05
 18 (restart 0) KSP residual norm 5.146566e-05
 19 (restart 0) KSP residual norm 3.693224e-05
 20 (restart 0) KSP residual norm 2.805407e-05
 21 (restart 0) KSP residual norm 2.161535e-05
 22 (restart 0) KSP residual norm 1.625508e-05
 23 (restart 0) KSP residual norm 1.271502e-05
 24 (restart 0) KSP residual norm 9.974421e-06
 25 (restart 0) KSP residual norm 8.051484e-06
 26 (restart 0) KSP residual norm 6.630421e-06
 27 (restart 0) KSP residual norm 5.196573e-06
 28 (restart 0) KSP residual norm 3.916595e-06
 29 (restart 0) KSP residual norm 2.962955e-06
 30 (restart 0) KSP residual norm 2.272504e-06
 31 (restart 0) KSP residual norm 1.790117e-06
 32 (restart 0) KSP residual norm 1.458854e-06
 33 (restart 0) KSP residual norm 1.225885e-06
 34 (restart 0) KSP residual norm 1.045294e-06
 35 (restart 0) KSP residual norm 9.103576e-07
 36 (restart 0) KSP residual norm 7.742683e-07
 37 (restart 0) KSP residual norm 6.605750e-07
 38 (restart 0) KSP residual norm 5.575669e-07
 39 (restart 0) KSP residual norm 4.564244e-07
 40 (restart 0) KSP residual norm 3.626121e-07
 41 (restart 0) KSP residual norm 2.865135e-07
 42 (restart 0) KSP residual norm 2.147868e-07
 43 (restart 0) KSP residual norm 1.594046e-07
 44 (restart 0) KSP residual norm 1.171302e-07
 45 (restart 0) KSP residual norm 8.507134e-08
GMRES solver converged in 45 iterations (avg. reduction factor: 6.610e-01)
  Residual norms for GMRES solve
  0 (restart 0) KSP residual norm 3.682606e+01
  1 (restart 0) KSP residual norm 2.930130e+01
  2 (restart 0) KSP residual norm 1.619565e+01
  3 (restart 0) KSP residual norm 9.996825e+00
  4 (restart 0) KSP residual norm 3.823548e+00
  5 (restart 0) KSP residual norm 1.838887e+00
  6 (restart 0) KSP residual norm 5.139567e-01
  7 (restart 0) KSP residual norm 2.602342e-01
  8 (restart 0) KSP residual norm 2.183784e-01
  9 (restart 0) KSP residual norm 4.135762e-02
 10 (restart 0) KSP residual norm 7.203173e-03
 11 (restart 0) KSP residual norm 3.839814e-03
 12 (restart 0) KSP residual norm 2.566711e-03
 13 (restart 0) KSP residual norm 1.098014e-03
 14 (restart 0) KSP residual norm 6.230978e-04
 15 (restart 0) KSP residual norm 3.406451e-04
 16 (restart 0) KSP residual norm 1.993507e-04
 17 (restart 0) KSP residual norm 1.209838e-04
 18 (restart 0) KSP residual norm 6.510558e-05
 19 (restart 0) KSP residual norm 3.733142e-05
 20 (restart 0) KSP residual norm 2.301042e-05
 21 (restart 0) KSP residual norm 1.625032e-05
 22 (restart 0) KSP residual norm 1.209257e-05
 23 (restart 0) KSP residual norm 9.101730e-06
 24 (restart 0) KSP residual norm 6.639793e-06
 25 (restart 0) KSP residual norm 4.776779e-06
 26 (restart 0) KSP residual norm 3.862748e-06
 27 (restart 0) KSP residual norm 3.150623e-06
 28 (restart 0) KSP residual norm 2.539674e-06
 29 (restart 0) KSP residual norm 2.090568e-06
 30 (restart 0) KSP residual norm 1.708362e-06
 31 (restart 0) KSP residual norm 1.400578e-06
 32 (restart 0) KSP residual norm 1.138630e-06
 33 (restart 0) KSP residual norm 9.354552e-07
 34 (restart 0) KSP residual norm 7.765602e-07
 35 (restart 0) KSP residual norm 6.705527e-07
 36 (restart 0) KSP residual norm 5.756001e-07
 37 (restart 0) KSP residual norm 4.951148e-07
 38 (restart 0) KSP residual norm 4.109555e-07
 39 (restart 0) KSP residual norm 3.289125e-07
GMRES solver converged in 39 iterations (avg. reduction factor: 6.217e-01)
  Residual norms for GMRES solve
  0 (restart 0) KSP residual norm 1.013708e+02
  1 (restart 0) KSP residual norm 7.601529e+00
  2 (restart 0) KSP residual norm 4.906595e+00
  3 (restart 0) KSP residual norm 3.047375e+00
  4 (restart 0) KSP residual norm 1.101208e+00
  5 (restart 0) KSP residual norm 2.701375e-01
  6 (restart 0) KSP residual norm 1.827694e-01
  7 (restart 0) KSP residual norm 6.146193e-02
  8 (restart 0) KSP residual norm 2.044557e-02
  9 (restart 0) KSP residual norm 1.636052e-02
 10 (restart 0) KSP residual norm 5.896087e-03
 11 (restart 0) KSP residual norm 1.146630e-03
 12 (restart 0) KSP residual norm 5.990667e-04
 13 (restart 0) KSP residual norm 3.123702e-04
 14 (restart 0) KSP residual norm 1.394554e-04
 15 (restart 0) KSP residual norm 1.049161e-04
 16 (restart 0) KSP residual norm 7.062357e-05
 17 (restart 0) KSP residual norm 3.358574e-05
 18 (restart 0) KSP residual norm 1.864745e-05
 19 (restart 0) KSP residual norm 1.352314e-05
 20 (restart 0) KSP residual norm 9.700548e-06
 21 (restart 0) KSP residual norm 6.556744e-06
 22 (restart 0) KSP residual norm 5.128361e-06
 23 (restart 0) KSP residual norm 3.953266e-06
 24 (restart 0) KSP residual norm 2.873310e-06
 25 (restart 0) KSP residual norm 2.205467e-06
 26 (restart 0) KSP residual norm 1.768012e-06
 27 (restart 0) KSP residual norm 1.388674e-06
 28 (restart 0) KSP residual norm 1.084890e-06
 29 (restart 0) KSP residual norm 7.962283e-07
GMRES solver converged in 29 iterations (avg. reduction factor: 5.254e-01)
  Residual norms for GMRES solve
  0 (restart 0) KSP residual norm 1.090819e+02
  1 (restart 0) KSP residual norm 2.686508e+01
  2 (restart 0) KSP residual norm 9.640510e+00
  3 (restart 0) KSP residual norm 4.581519e+00
  4 (restart 0) KSP residual norm 1.976701e+00
  5 (restart 0) KSP residual norm 1.205259e+00
  6 (restart 0) KSP residual norm 4.479222e-01
  7 (restart 0) KSP residual norm 1.843354e-01
  8 (restart 0) KSP residual norm 1.103129e-01
  9 (restart 0) KSP residual norm 3.529435e-02
 10 (restart 0) KSP residual norm 7.036263e-03
 11 (restart 0) KSP residual norm 2.181976e-03
 12 (restart 0) KSP residual norm 1.135170e-03
 13 (restart 0) KSP residual norm 6.079155e-04
 14 (restart 0) KSP residual norm 3.406535e-04
 15 (restart 0) KSP residual norm 2.042980e-04
 16 (restart 0) KSP residual norm 1.057128e-04
 17 (restart 0) KSP residual norm 5.798867e-05
 18 (restart 0) KSP residual norm 3.460284e-05
 19 (restart 0) KSP residual norm 1.953087e-05
 20 (restart 0) KSP residual norm 1.110941e-05
 21 (restart 0) KSP residual norm 7.551739e-06
 22 (restart 0) KSP residual norm 6.027545e-06
 23 (restart 0) KSP residual norm 4.638562e-06
 24 (restart 0) KSP residual norm 3.486520e-06
 25 (restart 0) KSP residual norm 2.499897e-06
 26 (restart 0) KSP residual norm 1.831422e-06
 27 (restart 0) KSP residual norm 1.367248e-06
 28 (restart 0) KSP residual norm 1.040011e-06
GMRES solver converged in 28 iterations (avg. reduction factor: 5.171e-01)
  Residual norms for GMRES solve
  0 (restart 0) KSP residual norm 9.554215e+01
  1 (restart 0) KSP residual norm 2.497895e+01
  2 (restart 0) KSP residual norm 1.104146e+01
  3 (restart 0) KSP residual norm 4.762973e+00
  4 (restart 0) KSP residual norm 1.357943e+00
  5 (restart 0) KSP residual norm 5.519762e-01
  6 (restart 0) KSP residual norm 3.464584e-01
  7 (restart 0) KSP residual norm 1.167991e-01
  8 (restart 0) KSP residual norm 7.618183e-02
  9 (restart 0) KSP residual norm 3.094383e-02
 10 (restart 0) KSP residual norm 5.942987e-03
 11 (restart 0) KSP residual norm 1.508172e-03
 12 (restart 0) KSP residual norm 9.077951e-04
 13 (restart 0) KSP residual norm 4.387569e-04
 14 (restart 0) KSP residual norm 2.466638e-04
 15 (restart 0) KSP residual norm 1.723481e-04
 16 (restart 0) KSP residual norm 8.419039e-05
 17 (restart 0) KSP residual norm 4.378716e-05
 18 (restart 0) KSP residual norm 2.774484e-05
 19 (restart 0) KSP residual norm 1.748578e-05
 20 (restart 0) KSP residual norm 9.953120e-06
 21 (restart 0) KSP residual norm 6.372744e-06
 22 (restart 0) KSP residual norm 4.967257e-06
 23 (restart 0) KSP residual norm 3.874503e-06
 24 (restart 0) KSP residual norm 2.872573e-06
 25 (restart 0) KSP residual norm 2.203870e-06
 26 (restart 0) KSP residual norm 1.584006e-06
 27 (restart 0) KSP residual norm 1.219874e-06
 28 (restart 0) KSP residual norm 9.981035e-07
 29 (restart 0) KSP residual norm 7.700942e-07
GMRES solver converged in 29 iterations (avg. reduction factor: 5.259e-01)
  Residual norms for GMRES solve
  0 (restart 0) KSP residual norm 3.223042e+01
  1 (restart 0) KSP residual norm 8.404198e+00
  2 (restart 0) KSP residual norm 3.607846e+00
  3 (restart 0) KSP residual norm 2.088976e+00
  4 (restart 0) KSP residual norm 1.183626e+00
  5 (restart 0) KSP residual norm 3.210462e-01
  6 (restart 0) KSP residual norm 2.223482e-01
  7 (restart 0) KSP residual norm 8.959933e-02
  8 (restart 0) KSP residual norm 4.237524e-02
  9 (restart 0) KSP residual norm 2.523519e-02
 10 (restart 0) KSP residual norm 5.103875e-03
 11 (restart 0) KSP residual norm 1.068324e-03
 12 (restart 0) KSP residual norm 4.799144e-04
 13 (restart 0) KSP residual norm 3.163280e-04
 14 (restart 0) KSP residual norm 1.410816e-04
 15 (restart 0) KSP residual norm 9.756400e-05
 16 (restart 0) KSP residual norm 7.161773e-05
 17 (restart 0) KSP residual norm 4.216240e-05
 18 (restart 0) KSP residual norm 2.608755e-05
 19 (restart 0) KSP residual norm 1.913072e-05
 20 (restart 0) KSP residual norm 1.375453e-05
 21 (restart 0) KSP residual norm 9.680563e-06
 22 (restart 0) KSP residual norm 7.249135e-06
 23 (restart 0) KSP residual norm 5.576068e-06
 24 (restart 0) KSP residual norm 4.260359e-06
 25 (restart 0) KSP residual norm 3.302588e-06
 26 (restart 0) KSP residual norm 2.694677e-06
 27 (restart 0) KSP residual norm 2.196193e-06
 28 (restart 0) KSP residual norm 1.753004e-06
 29 (restart 0) KSP residual norm 1.351898e-06
 30 (restart 0) KSP residual norm 1.050529e-06
 31 (restart 0) KSP residual norm 8.280534e-07
 32 (restart 0) KSP residual norm 6.676718e-07
 33 (restart 0) KSP residual norm 5.683783e-07
 34 (restart 0) KSP residual norm 4.882395e-07
 35 (restart 0) KSP residual norm 4.156004e-07
 36 (restart 0) KSP residual norm 3.631378e-07
 37 (restart 0) KSP residual norm 3.148441e-07
GMRES solver converged in 37 iterations (avg. reduction factor: 6.074e-01)
  Residual norms for GMRES solve
  0 (restart 0) KSP residual norm 1.023068e+01
  1 (restart 0) KSP residual norm 6.184185e+00
  2 (restart 0) KSP residual norm 1.888692e+00
  3 (restart 0) KSP residual norm 1.344903e+00
  4 (restart 0) KSP residual norm 8.559085e-01
  5 (restart 0) KSP residual norm 1.961615e-01
  6 (restart 0) KSP residual norm 4.876390e-02
  7 (restart 0) KSP residual norm 3.181164e-02
  8 (restart 0) KSP residual norm 1.743288e-02
  9 (restart 0) KSP residual norm 9.585117e-03
 10 (restart 0) KSP residual norm 4.296377e-03
 11 (restart 0) KSP residual norm 8.977790e-04
 12 (restart 0) KSP residual norm 2.524724e-04
 13 (restart 0) KSP residual norm 1.743998e-04
 14 (restart 0) KSP residual norm 1.164216e-04
 15 (restart 0) KSP residual norm 8.684953e-05
 16 (restart 0) KSP residual norm 6.880192e-05
 17 (restart 0) KSP residual norm 3.476130e-05
 18 (restart 0) KSP residual norm 2.409502e-05
 19 (restart 0) KSP residual norm 1.834469e-05
 20 (restart 0) KSP residual norm 1.245879e-05
 21 (restart 0) KSP residual norm 8.773643e-06
 22 (restart 0) KSP residual norm 6.782439e-06
 23 (restart 0) KSP residual norm 5.081228e-06
 24 (restart 0) KSP residual norm 3.927101e-06
 25 (restart 0) KSP residual norm 3.172043e-06
 26 (restart 0) KSP residual norm 2.588279e-06
 27 (restart 0) KSP residual norm 2.107077e-06
 28 (restart 0) KSP residual norm 1.687985e-06
 29 (restart 0) KSP residual norm 1.319885e-06
 30 (restart 0) KSP residual norm 1.020249e-06
 31 (restart 0) KSP residual norm 8.063013e-07
 32 (restart 0) KSP residual norm 6.546873e-07
 33 (restart 0) KSP residual norm 5.468040e-07
 34 (restart 0) KSP residual norm 4.667649e-07
 35 (restart 0) KSP residual norm 4.009666e-07
 36 (restart 0) KSP residual norm 3.511914e-07
 37 (restart 0) KSP residual norm 3.025620e-07
 38 (restart 0) KSP residual norm 2.517653e-07
 39 (restart 0) KSP residual norm 2.096076e-07
 40 (restart 0) KSP residual norm 1.644546e-07
 41 (restart 0) KSP residual norm 1.239050e-07
 42 (restart 0) KSP residual norm 9.345395e-08
GMRES solver converged in 42 iterations (avg. reduction factor: 6.436e-01)
  Residual norms for GMRES solve
  0 (restart 0) KSP residual norm 1.402497e+01
  1 (restart 0) KSP residual norm 5.764836e+00
  2 (restart 0) KSP residual norm 1.130135e+00
  3 (restart 0) KSP residual norm 7.699861e-01
  4 (restart 0) KSP residual norm 5.033943e-01
  5 (restart 0) KSP residual norm 1.730391e-01
  6 (restart 0) KSP residual norm 4.102783e-02
  7 (restart 0) KSP residual norm 1.667583e-02
  8 (restart 0) KSP residual norm 9.366224e-03
  9 (restart 0) KSP residual norm 3.104322e-03
 10 (restart 0) KSP residual norm 1.534616e-03
 11 (restart 0) KSP residual norm 6.447815e-04
 12 (restart 0) KSP residual norm 2.081557e-04
 13 (restart 0) KSP residual norm 1.407035e-04
 14 (restart 0) KSP residual norm 8.276199e-05
 15 (restart 0) KSP residual norm 3.474155e-05
 16 (restart 0) KSP residual norm 2.864712e-05
 17 (restart 0) KSP residual norm 2.004396e-05
 18 (restart 0) KSP residual norm 1.196502e-05
 19 (restart 0) KSP residual norm 8.315866e-06
 20 (restart 0) KSP residual norm 6.268075e-06
 21 (restart 0) KSP residual norm 4.780569e-06
 22 (restart 0) KSP residual norm 3.377805e-06
 23 (restart 0) KSP residual norm 2.570892e-06
 24 (restart 0) KSP residual norm 2.045543e-06
 25 (restart 0) KSP residual norm 1.561001e-06
 26 (restart 0) KSP residual norm 1.252478e-06
 27 (restart 0) KSP residual norm 9.863860e-07
 28 (restart 0) KSP residual norm 7.579873e-07
 29 (restart 0) KSP residual norm 5.855179e-07
 30 (restart 0) KSP residual norm 4.412791e-07
 31 (restart 0) KSP residual norm 3.372687e-07
 32 (restart 0) KSP residual norm 2.680711e-07
 33 (restart 0) KSP residual norm 2.205792e-07
 34 (restart 0) KSP residual norm 1.848861e-07
 35 (restart 0) KSP residual norm 1.592390e-07
 36 (restart 0) KSP residual norm 1.388836e-07
GMRES solver converged in 36 iterations (avg. reduction factor: 5.993e-01)
  Residual norms for GMRES solve
  0 (restart 0) KSP residual norm 8.901335e+00
  1 (restart 0) KSP residual norm 5.786427e+00
  2 (restart 0) KSP residual norm 2.053617e+00
  3 (restart 0) KSP residual norm 1.442295e+00
  4 (restart 0) KSP residual norm 9.124310e-01
  5 (restart 0) KSP residual norm 4.679136e-01
  6 (restart 0) KSP residual norm 2.044137e-01
  7 (restart 0) KSP residual norm 6.138343e-02
  8 (restart 0) KSP residual norm 2.740666e-02
  9 (restart 0) KSP residual norm 1.405975e-02
 10 (restart 0) KSP residual norm 3.819327e-03
 11 (restart 0) KSP residual norm 1.011787e-03
 12 (restart 0) KSP residual norm 5.498270e-04
 13 (restart 0) KSP residual norm 3.473759e-04
 14 (restart 0) KSP residual norm 1.918564e-04
 15 (restart 0) KSP residual norm 1.331466e-04
 16 (restart 0) KSP residual norm 8.598897e-05
 17 (restart 0) KSP residual norm 6.147813e-05
 18 (restart 0) KSP residual norm 4.290089e-05
 19 (restart 0) KSP residual norm 2.997754e-05
 20 (restart 0) KSP residual norm 2.356444e-05
 21 (restart 0) KSP residual norm 1.752994e-05
 22 (restart 0) KSP residual norm 1.356660e-05
 23 (restart 0) KSP residual norm 1.013248e-05
 24 (restart 0) KSP residual norm 8.023864e-06
 25 (restart 0) KSP residual norm 6.592888e-06
 26 (restart 0) KSP residual norm 5.302343e-06
 27 (restart 0) KSP residual norm 4.291848e-06
 28 (restart 0) KSP residual norm 3.403306e-06
 29 (restart 0) KSP residual norm 2.553458e-06
 30 (restart 0) KSP residual norm 1.941712e-06
 31 (restart 0) KSP residual norm 1.520827e-06
 32 (restart 0) KSP residual norm 1.232837e-06
 33 (restart 0) KSP residual norm 1.009869e-06
 34 (restart 0) KSP residual norm 8.803616e-07
 35 (restart 0) KSP residual norm 7.570412e-07
 36 (restart 0) KSP residual norm 6.525184e-07
 37 (restart 0) KSP residual norm 5.650009e-07
 38 (restart 0) KSP residual norm 4.782169e-07
 39 (restart 0) KSP residual norm 3.909320e-07
 40 (restart 0) KSP residual norm 3.114229e-07
 41 (restart 0) KSP residual norm 2.445786e-07
 42 (restart 0) KSP residual norm 1.854075e-07
 43 (restart 0) KSP residual norm 1.396914e-07
 44 (restart 0) KSP residual norm 1.025935e-07
 45 (restart 0) KSP residual norm 7.363078e-08
GMRES solver converged in 45 iterations (avg. reduction factor: 6.613e-01)
  Residual norms for GMRES solve
  0 (restart 0) KSP residual norm 7.765699e+00
  1 (restart 0) KSP residual norm 5.635570e+00
  2 (restart 0) KSP residual norm 2.107557e+00
  3 (restart 0) KSP residual norm 1.719082e+00
  4 (restart 0) KSP residual norm 1.108924e+00
  5 (restart 0) KSP residual norm 4.380796e-01
  6 (restart 0) KSP residual norm 2.768400e-01
  7 (restart 0) KSP residual norm 9.519913e-02
  8 (restart 0) KSP residual norm 4.292098e-02
  9 (restart 0) KSP residual norm 1.802369e-02
 10 (restart 0) KSP residual norm 4.567546e-03
 11 (restart 0) KSP residual norm 1.038103e-03
 12 (restart 0) KSP residual norm 5.148656e-04
 13 (restart 0) KSP residual norm 3.336017e-04
 14 (restart 0) KSP residual norm 1.882395e-04
 15 (restart 0) KSP residual norm 1.313680e-04
 16 (restart 0) KSP residual norm 9.448735e-05
 17 (restart 0) KSP residual norm 6.113381e-05
 18 (restart 0) KSP residual norm 4.493243e-05
 19 (restart 0) KSP residual norm 3.181475e-05
 20 (restart 0) KSP residual norm 2.243091e-05
 21 (restart 0) KSP residual norm 1.724809e-05
 22 (restart 0) KSP residual norm 1.294007e-05
 23 (restart 0) KSP residual norm 9.692479e-06
 24 (restart 0) KSP residual norm 7.731954e-06
 25 (restart 0) KSP residual norm 6.296216e-06
 26 (restart 0) KSP residual norm 5.209382e-06
 27 (restart 0) KSP residual norm 4.312879e-06
 28 (restart 0) KSP residual norm 3.446406e-06
 29 (restart 0) KSP residual norm 2.633011e-06
 30 (restart 0) KSP residual norm 2.055101e-06
 31 (restart 0) KSP residual norm 1.660491e-06
 32 (restart 0) KSP residual norm 1.361003e-06
 33 (restart 0) KSP residual norm 1.143970e-06
 34 (restart 0) KSP residual norm 9.913651e-07
 35 (restart 0) KSP residual norm 8.549380e-07
 36 (restart 0) KSP residual norm 7.464904e-07
 37 (restart 0) KSP residual norm 6.332989e-07
 38 (restart 0) KSP residual norm 5.249487e-07
 39 (restart 0) KSP residual norm 4.316374e-07
 40 (restart 0) KSP residual norm 3.325851e-07
 41 (restart 0) KSP residual norm 2.489937e-07
 42 (restart 0) KSP residual norm 1.839081e-07
 43 (restart 0) KSP residual norm 1.353314e-07
 44 (restart 0) KSP residual norm 1.006987e-07
 45 (restart 0) KSP residual norm 7.417335e-08
GMRES solver converged in 45 iterations (avg. reduction factor: 6.634e-01)
  Residual norms for GMRES solve
  0 (restart 0) KSP residual norm 1.037938e+01
  1 (restart 0) KSP residual norm 5.786618e+00
  2 (restart 0) KSP residual norm 1.928056e+00
  3 (restart 0) KSP residual norm 1.448209e+00
  4 (restart 0) KSP residual norm 8.965284e-01
  5 (restart 0) KSP residual norm 3.940319e-01
  6 (restart 0) KSP residual norm 2.615118e-01
  7 (restart 0) KSP residual norm 1.055082e-01
  8 (restart 0) KSP residual norm 3.623621e-02
  9 (restart 0) KSP residual norm 1.508113e-02
 10 (restart 0) KSP residual norm 5.352103e-03
 11 (restart 0) KSP residual norm 1.228264e-03
 12 (restart 0) KSP residual norm 4.871293e-04
 13 (restart 0) KSP residual norm 2.955863e-04
 14 (restart 0) KSP residual norm 1.899831e-04
 15 (restart 0) KSP residual norm 1.135674e-04
 16 (restart 0) KSP residual norm 7.106217e-05
 17 (restart 0) KSP residual norm 4.850379e-05
 18 (restart 0) KSP residual norm 3.098389e-05
 19 (restart 0) KSP residual norm 2.171451e-05
 20 (restart 0) KSP residual norm 1.595455e-05
 21 (restart 0) KSP residual norm 1.197999e-05
 22 (restart 0) KSP residual norm 9.117645e-06
 23 (restart 0) KSP residual norm 6.728747e-06
 24 (restart 0) KSP residual norm 5.370072e-06
 25 (restart 0) KSP residual norm 4.351778e-06
 26 (restart 0) KSP residual norm 3.590137e-06
 27 (restart 0) KSP residual norm 2.982497e-06
 28 (restart 0) KSP residual norm 2.393693e-06
 29 (restart 0) KSP residual norm 1.830846e-06
 30 (restart 0) KSP residual norm 1.427334e-06
 31 (restart 0) KSP residual norm 1.143427e-06
 32 (restart 0) KSP residual norm 9.403467e-07
 33 (restart 0) KSP residual norm 7.954983e-07
 34 (restart 0) KSP residual norm 6.921682e-07
 35 (restart 0) KSP residual norm 5.966988e-07
 36 (restart 0) KSP residual norm 5.220654e-07
 37 (restart 0) KSP residual norm 4.455468e-07
 38 (restart 0) KSP residual norm 3.694815e-07
 39 (restart 0) KSP residual norm 3.033969e-07
 40 (restart 0) KSP residual norm 2.330104e-07
 41 (restart 0) KSP residual norm 1.736684e-07
 42 (restart 0) KSP residual norm 1.276874e-07
 43 (restart 0) KSP residual norm 9.210420e-08
GMRES solver converged in 43 iterations (avg. reduction factor: 6.498e-01)
  Residual norms for GMRES solve
  0 (restart 0) KSP residual norm 7.174062e+00
  1 (restart 0) KSP residual norm 4.661908e+00
  2 (restart 0) KSP residual norm 1.578854e+00
  3 (restart 0) KSP residual norm 1.223101e+00
  4 (restart 0) KSP residual norm 8.403635e-01
  5 (restart 0) KSP residual norm 2.815545e-01
  6 (restart 0) KSP residual norm 1.920202e-01
  7 (restart 0) KSP residual norm 8.163107e-02
  8 (restart 0) KSP residual norm 2.802833e-02
  9 (restart 0) KSP residual norm 1.385664e-02
 10 (restart 0) KSP residual norm 5.486030e-03
 11 (restart 0) KSP residual norm 9.393233e-04
 12 (restart 0) KSP residual norm 4.062074e-04
 13 (restart 0) KSP residual norm 2.890515e-04
 14 (restart 0) KSP residual norm 1.852269e-04
 15 (restart 0) KSP residual norm 1.169564e-04
 16 (restart 0) KSP residual norm 8.837179e-05
 17 (restart 0) KSP residual norm 5.237682e-05
 18 (restart 0) KSP residual norm 4.044565e-05
 19 (restart 0) KSP residual norm 2.899560e-05
 20 (restart 0) KSP residual norm 1.952455e-05
 21 (restart 0) KSP residual norm 1.515725e-05
 22 (restart 0) KSP residual norm 1.162926e-05
 23 (restart 0) KSP residual norm 8.671747e-06
 24 (restart 0) KSP residual norm 6.957365e-06
 25 (restart 0) KSP residual norm 5.629420e-06
 26 (restart 0) KSP residual norm 4.591527e-06
 27 (restart 0) KSP residual norm 3.737283e-06
 28 (restart 0) KSP residual norm 2.949722e-06
 29 (restart 0) KSP residual norm 2.243931e-06
 30 (restart 0) KSP residual norm 1.735541e-06
 31 (restart 0) KSP residual norm 1.397673e-06
 32 (restart 0) KSP residual norm 1.112127e-06
 33 (restart 0) KSP residual norm 9.354678e-07
 34 (restart 0) KSP residual norm 8.000602e-07
 35 (restart 0) KSP residual norm 6.911400e-07
 36 (restart 0) KSP residual norm 6.030698e-07
 37 (restart 0) KSP residual norm 5.151281e-07
 38 (restart 0) KSP residual norm 4.297501e-07
 39 (restart 0) KSP residual norm 3.543424e-07
 40 (restart 0) KSP residual norm 2.789939e-07
 41 (restart 0) KSP residual norm 2.157665e-07
 42 (restart 0) KSP residual norm 1.652634e-07
 43 (restart 0) KSP residual norm 1.240250e-07
 44 (restart 0) KSP residual norm 9.206000e-08
 45 (restart 0) KSP residual norm 6.687496e-08
GMRES solver converged in 45 iterations (avg. reduction factor: 6.630e-01)
  Residual norms for GMRES solve
  0 (restart 0) KSP residual norm 8.210605e+00
  1 (restart 0) KSP residual norm 5.841662e+00
  2 (restart 0) KSP residual norm 2.692590e+00
  3 (restart 0) KSP residual norm 1.103179e+00
  4 (restart 0) KSP residual norm 7.559412e-01
  5 (restart 0) KSP residual norm 3.309680e-01
  6 (restart 0) KSP residual norm 1.976392e-01
  7 (restart 0) KSP residual norm 6.294055e-02
  8 (restart 0) KSP residual norm 2.288776e-02
  9 (restart 0) KSP residual norm 1.861916e-02
 10 (restart 0) KSP residual norm 5.853780e-03
 11 (restart 0) KSP residual norm 9.380072e-04
 12 (restart 0) KSP residual norm 3.520831e-04
 13 (restart 0) KSP residual norm 2.535354e-04
 14 (restart 0) KSP residual norm 1.353498e-04
 15 (restart 0) KSP residual norm 9.379485e-05
 16 (restart 0) KSP residual norm 6.857551e-05
 17 (restart 0) KSP residual norm 3.977361e-05
 18 (restart 0) KSP residual norm 2.840805e-05
 19 (restart 0) KSP residual norm 1.958475e-05
 20 (restart 0) KSP residual norm 1.395510e-05
 21 (restart 0) KSP residual norm 1.052583e-05
 22 (restart 0) KSP residual norm 7.854634e-06
 23 (restart 0) KSP residual norm 5.877164e-06
 24 (restart 0) KSP residual norm 4.760324e-06
 25 (restart 0) KSP residual norm 3.820256e-06
 26 (restart 0) KSP residual norm 3.067233e-06
 27 (restart 0) KSP residual norm 2.472851e-06
 28 (restart 0) KSP residual norm 1.947005e-06
 29 (restart 0) KSP residual norm 1.500023e-06
 30 (restart 0) KSP residual norm 1.162652e-06
 31 (restart 0) KSP residual norm 9.136590e-07
 32 (restart 0) KSP residual norm 7.405199e-07
 33 (restart 0) KSP residual norm 6.236451e-07
 34 (restart 0) KSP residual norm 5.342521e-07
 35 (restart 0) KSP residual norm 4.633857e-07
 36 (restart 0) KSP residual norm 4.070297e-07
 37 (restart 0) KSP residual norm 3.505308e-07
 38 (restart 0) KSP residual norm 2.932540e-07
 39 (restart 0) KSP residual norm 2.393620e-07
 40 (restart 0) KSP residual norm 1.868293e-07
 41 (restart 0) KSP residual norm 1.411315e-07
 42 (restart 0) KSP residual norm 1.040271e-07
 43 (restart 0) KSP residual norm 7.619889e-08
GMRES solver converged in 43 iterations (avg. reduction factor: 6.504e-01)
  Residual norms for GMRES solve
  0 (restart 0) KSP residual norm 7.659811e+00
  1 (restart 0) KSP residual norm 5.251703e+00
  2 (restart 0) KSP residual norm 1.605781e+00
  3 (restart 0) KSP residual norm 8.725235e-01
  4 (restart 0) KSP residual norm 4.907023e-01
  5 (restart 0) KSP residual norm 2.295926e-01
  6 (restart 0) KSP residual norm 1.280394e-01
  7 (restart 0) KSP residual norm 5.865806e-02
  8 (restart 0) KSP residual norm 2.108930e-02
  9 (restart 0) KSP residual norm 1.084733e-02
 10 (restart 0) KSP residual norm 3.807589e-03
 11 (restart 0) KSP residual norm 8.412777e-04
 12 (restart 0) KSP residual norm 2.832043e-04
 13 (restart 0) KSP residual norm 1.822202e-04
 14 (restart 0) KSP residual norm 1.254245e-04
 15 (restart 0) KSP residual norm 7.899903e-05
 16 (restart 0) KSP residual norm 6.524805e-05
 17 (restart 0) KSP residual norm 3.869248e-05
 18 (restart 0) KSP residual norm 2.608473e-05
 19 (restart 0) KSP residual norm 1.959378e-05
 20 (restart 0) KSP residual norm 1.342237e-05
 21 (restart 0) KSP residual norm 9.628455e-06
 22 (restart 0) KSP residual norm 7.267487e-06
 23 (restart 0) KSP residual norm 5.464173e-06
 24 (restart 0) KSP residual norm 4.263735e-06
 25 (restart 0) KSP residual norm 3.378439e-06
 26 (restart 0) KSP residual norm 2.770033e-06
 27 (restart 0) KSP residual norm 2.257444e-06
 28 (restart 0) KSP residual norm 1.825092e-06
 29 (restart 0) KSP residual norm 1.445009e-06
 30 (restart 0) KSP residual norm 1.139188e-06
 31 (restart 0) KSP residual norm 8.878299e-07
 32 (restart 0) KSP residual norm 7.183977e-07
 33 (restart 0) KSP residual norm 5.980893e-07
 34 (restart 0) KSP residual norm 5.055047e-07
 35 (restart 0) KSP residual norm 4.364873e-07
 36 (restart 0) KSP residual norm 3.796087e-07
 37 (restart 0) KSP residual norm 3.245158e-07
 38 (restart 0) KSP residual norm 2.737185e-07
 39 (restart 0) KSP residual norm 2.257660e-07
 40 (restart 0) KSP residual norm 1.772741e-07
 41 (restart 0) KSP residual norm 1.377718e-07
 42 (restart 0) KSP residual norm 1.051995e-07
 43 (restart 0) KSP residual norm 7.721508e-08
 44 (restart 0) KSP residual norm 5.731817e-08
GMRES solver converged in 44 iterations (avg. reduction factor: 6.536e-01)
  Residual norms for GMRES solve
  0 (restart 0) KSP residual norm 7.418344e+00
  1 (restart 0) KSP residual norm 4.593288e+00
  2 (restart 0) KSP residual norm 1.639540e+00
  3 (restart 0) KSP residual norm 1.103184e+00
  4 (restart 0) KSP residual norm 8.261560e-01
  5 (restart 0) KSP residual norm 3.309523e-01
  6 (restart 0) KSP residual norm 1.939829e-01
  7 (restart 0) KSP residual norm 8.388041e-02
  8 (restart 0) KSP residual norm 3.139727e-02
  9 (restart 0) KSP residual norm 1.777304e-02
 10 (restart 0) KSP residual norm 4.843085e-03
 11 (restart 0) KSP residual norm 9.558276e-04
 12 (restart 0) KSP residual norm 3.487078e-04
 13 (restart 0) KSP residual norm 2.471706e-04
 14 (restart 0) KSP residual norm 1.267434e-04
 15 (restart 0) KSP residual norm 7.637612e-05
 16 (restart 0) KSP residual norm 5.952307e-05
 17 (restart 0) KSP residual norm 3.416933e-05
 18 (restart 0) KSP residual norm 2.416771e-05
 19 (restart 0) KSP residual norm 1.750184e-05
 20 (restart 0) KSP residual norm 1.179175e-05
 21 (restart 0) KSP residual norm 8.627452e-06
 22 (restart 0) KSP residual norm 6.600205e-06
 23 (restart 0) KSP residual norm 4.901643e-06
 24 (restart 0) KSP residual norm 3.741330e-06
 25 (restart 0) KSP residual norm 2.976992e-06
 26 (restart 0) KSP residual norm 2.354143e-06
 27 (restart 0) KSP residual norm 1.906703e-06
 28 (restart 0) KSP residual norm 1.514148e-06
 29 (restart 0) KSP residual norm 1.133780e-06
 30 (restart 0) KSP residual norm 8.730418e-07
 31 (restart 0) KSP residual norm 6.881242e-07
 32 (restart 0) KSP residual norm 5.545871e-07
 33 (restart 0) KSP residual norm 4.591403e-07
 34 (restart 0) KSP residual norm 3.932733e-07
 35 (restart 0) KSP residual norm 3.413190e-07
 36 (restart 0) KSP residual norm 2.937488e-07
 37 (restart 0) KSP residual norm 2.531152e-07
 38 (restart 0) KSP residual norm 2.172166e-07
 39 (restart 0) KSP residual norm 1.781949e-07
 40 (restart 0) KSP residual norm 1.418424e-07
 41 (restart 0) KSP residual norm 1.120729e-07
 42 (restart 0) KSP residual norm 8.317114e-08
 43 (restart 0) KSP residual norm 6.158182e-08
GMRES solver converged in 43 iterations (avg. reduction factor: 6.487e-01)
  Residual norms for GMRES solve
  0 (restart 0) KSP residual norm 7.782318e+00
  1 (restart 0) KSP residual norm 4.483544e+00
  2 (restart 0) KSP residual norm 1.263518e+00
  3 (restart 0) KSP residual norm 6.299613e-01
  4 (restart 0) KSP residual norm 3.354977e-01
  5 (restart 0) KSP residual norm 1.398725e-01
  6 (restart 0) KSP residual norm 5.116346e-02
  7 (restart 0) KSP residual norm 3.276912e-02
  8 (restart 0) KSP residual norm 1.399563e-02
  9 (restart 0) KSP residual norm 5.975948e-03
 10 (restart 0) KSP residual norm 3.229681e-03
 11 (restart 0) KSP residual norm 9.308289e-04
 12 (restart 0) KSP residual norm 3.159747e-04
 13 (restart 0) KSP residual norm 1.911701e-04
 14 (restart 0) KSP residual norm 1.249573e-04
 15 (restart 0) KSP residual norm 7.996698e-05
 16 (restart 0) KSP residual norm 6.486943e-05
 17 (restart 0) KSP residual norm 3.750614e-05
 18 (restart 0) KSP residual norm 2.343070e-05
 19 (restart 0) KSP residual norm 1.844901e-05
 20 (restart 0) KSP residual norm 1.349767e-05
 21 (restart 0) KSP residual norm 9.369838e-06
 22 (restart 0) KSP residual norm 7.038254e-06
 23 (restart 0) KSP residual norm 5.490540e-06
 24 (restart 0) KSP residual norm 4.220774e-06
 25 (restart 0) KSP residual norm 3.409326e-06
 26 (restart 0) KSP residual norm 2.829419e-06
 27 (restart 0) KSP residual norm 2.301632e-06
 28 (restart 0) KSP residual norm 1.836582e-06
 29 (restart 0) KSP residual norm 1.450283e-06
 30 (restart 0) KSP residual norm 1.142261e-06
 31 (restart 0) KSP residual norm 9.052833e-07
 32 (restart 0) KSP residual norm 7.302550e-07
 33 (restart 0) KSP residual norm 6.059437e-07
 34 (restart 0) KSP residual norm 5.147395e-07
 35 (restart 0) KSP residual norm 4.442066e-07
 36 (restart 0) KSP residual norm 3.856888e-07
 37 (restart 0) KSP residual norm 3.316389e-07
 38 (restart 0) KSP residual norm 2.765332e-07
 39 (restart 0) KSP residual norm 2.278644e-07
 40 (restart 0) KSP residual norm 1.805182e-07
 41 (restart 0) KSP residual norm 1.391147e-07
 42 (restart 0) KSP residual norm 1.046317e-07
 43 (restart 0) KSP residual norm 7.881845e-08
 44 (restart 0) KSP residual norm 5.880493e-08
GMRES solver converged in 44 iterations (avg. reduction factor: 6.538e-01)
  Residual norms for GMRES solve
  0 (restart 0) KSP residual norm 9.753040e+00
  1 (restart 0) KSP residual norm 4.846112e+00
  2 (restart 0) KSP residual norm 1.721045e+00
  3 (restart 0) KSP residual norm 1.378392e+00
  4 (restart 0) KSP residual norm 1.045571e+00
  5 (restart 0) KSP residual norm 4.424767e-01
  6 (restart 0) KSP residual norm 2.136255e-01
  7 (restart 0) KSP residual norm 9.842267e-02
  8 (restart 0) KSP residual norm 3.563897e-02
  9 (restart 0) KSP residual norm 1.651369e-02
 10 (restart 0) KSP residual norm 5.995876e-03
 11 (restart 0) KSP residual norm 1.259006e-03
 12 (restart 0) KSP residual norm 4.189214e-04
 13 (restart 0) KSP residual norm 2.725368e-04
 14 (restart 0) KSP residual norm 1.254967e-04
 15 (restart 0) KSP residual norm 7.266417e-05
 16 (restart 0) KSP residual norm 5.601104e-05
 17 (restart 0) KSP residual norm 2.964692e-05
 18 (restart 0) KSP residual norm 1.916609e-05
 19 (restart 0) KSP residual norm 1.365091e-05
 20 (restart 0) KSP residual norm 8.727566e-06
 21 (restart 0) KSP residual norm 6.166638e-06
 22 (restart 0) KSP residual norm 4.729873e-06
 23 (restart 0) KSP residual norm 3.565240e-06
 24 (restart 0) KSP residual norm 2.660798e-06
 25 (restart 0) KSP residual norm 1.975525e-06
 26 (restart 0) KSP residual norm 1.506956e-06
 27 (restart 0) KSP residual norm 1.173132e-06
 28 (restart 0) KSP residual norm 9.636532e-07
 29 (restart 0) KSP residual norm 7.218307e-07
 30 (restart 0) KSP residual norm 5.337712e-07
 31 (restart 0) KSP residual norm 4.084073e-07
 32 (restart 0) KSP residual norm 3.037731e-07
 33 (restart 0) KSP residual norm 2.241788e-07
 34 (restart 0) KSP residual norm 1.632510e-07
 35 (restart 0) KSP residual norm 1.223029e-07
 36 (restart 0) KSP residual norm 8.952015e-08
GMRES solver converged in 36 iterations (avg. reduction factor: 5.981e-01)
  Residual norms for GMRES solve
  0 (restart 0) KSP residual norm 9.138509e+00
  1 (restart 0) KSP residual norm 5.893492e+00
  2 (restart 0) KSP residual norm 2.136603e+00
  3 (restart 0) KSP residual norm 1.563793e+00
  4 (restart 0) KSP residual norm 1.123376e+00
  5 (restart 0) KSP residual norm 3.905948e-01
  6 (restart 0) KSP residual norm 2.440731e-01
  7 (restart 0) KSP residual norm 7.791989e-02
  8 (restart 0) KSP residual norm 3.686867e-02
  9 (restart 0) KSP residual norm 1.664734e-02
 10 (restart 0) KSP residual norm 3.502120e-03
 11 (restart 0) KSP residual norm 9.067955e-04
 12 (restart 0) KSP residual norm 4.344202e-04
 13 (restart 0) KSP residual norm 2.916825e-04
 14 (restart 0) KSP residual norm 1.372925e-04
 15 (restart 0) KSP residual norm 9.547314e-05
 16 (restart 0) KSP residual norm 7.089357e-05
 17 (restart 0) KSP residual norm 3.957399e-05
 18 (restart 0) KSP residual norm 2.841072e-05
 19 (restart 0) KSP residual norm 1.974778e-05
 20 (restart 0) KSP residual norm 1.381492e-05
 21 (restart 0) KSP residual norm 1.069478e-05
 22 (restart 0) KSP residual norm 8.221904e-06
 23 (restart 0) KSP residual norm 5.999850e-06
 24 (restart 0) KSP residual norm 4.561780e-06
 25 (restart 0) KSP residual norm 3.605008e-06
 26 (restart 0) KSP residual norm 2.814469e-06
 27 (restart 0) KSP residual norm 2.177630e-06
 28 (restart 0) KSP residual norm 1.639853e-06
 29 (restart 0) KSP residual norm 1.111579e-06
 30 (restart 0) KSP residual norm 8.182533e-07
 31 (restart 0) KSP residual norm 6.398263e-07
 32 (restart 0) KSP residual norm 4.878493e-07
 33 (restart 0) KSP residual norm 3.900045e-07
 34 (restart 0) KSP residual norm 3.224052e-07
 35 (restart 0) KSP residual norm 2.726286e-07
 36 (restart 0) KSP residual norm 2.338631e-07
 37 (restart 0) KSP residual norm 2.018563e-07
 38 (restart 0) KSP residual norm 1.732168e-07
 39 (restart 0) KSP residual norm 1.460642e-07
 40 (restart 0) KSP residual norm 1.177629e-07
 41 (restart 0) KSP residual norm 9.302441e-08
 42 (restart 0) KSP residual norm 6.738132e-08
GMRES solver converged in 42 iterations (avg. reduction factor: 6.403e-01)
  Residual norms for GMRES solve
  0 (restart 0) KSP residual norm 7.529416e+00
  1 (restart 0) KSP residual norm 6.265334e+00
  2 (restart 0) KSP residual norm 4.440249e+00
  3 (restart 0) KSP residual norm 1.638096e+00
  4 (restart 0) KSP residual norm 1.056597e+00
  5 (restart 0) KSP residual norm 4.846869e-01
  6 (restart 0) KSP residual norm 2.462826e-01
  7 (restart 0) KSP residual norm 6.453145e-02
  8 (restart 0) KSP residual norm 3.988335e-02
  9 (restart 0) KSP residual norm 2.852494e-02
 10 (restart 0) KSP residual norm 5.986591e-03
 11 (restart 0) KSP residual norm 1.153802e-03
 12 (restart 0) KSP residual norm 5.004724e-04
 13 (restart 0) KSP residual norm 3.067562e-04
 14 (restart 0) KSP residual norm 1.641867e-04
 15 (restart 0) KSP residual norm 1.054785e-04
 16 (restart 0) KSP residual norm 6.357485e-05
 17 (restart 0) KSP residual norm 4.059249e-05
 18 (restart 0) KSP residual norm 2.782570e-05
 19 (restart 0) KSP residual norm 1.847703e-05
 20 (restart 0) KSP residual norm 1.284861e-05
 21 (restart 0) KSP residual norm 9.659123e-06
 22 (restart 0) KSP residual norm 7.374314e-06
 23 (restart 0) KSP residual norm 5.384585e-06
 24 (restart 0) KSP residual norm 4.194831e-06
 25 (restart 0) KSP residual norm 3.352114e-06
 26 (restart 0) KSP residual norm 2.697070e-06
 27 (restart 0) KSP residual norm 2.221801e-06
 28 (restart 0) KSP residual norm 1.722909e-06
 29 (restart 0) KSP residual norm 1.291282e-06
 30 (restart 0) KSP residual norm 9.973445e-07
 31 (restart 0) KSP residual norm 7.901645e-07
 32 (restart 0) KSP residual norm 6.352034e-07
 33 (restart 0) KSP residual norm 5.284048e-07
 34 (restart 0) KSP residual norm 4.510005e-07
 35 (restart 0) KSP residual norm 3.902061e-07
 36 (restart 0) KSP residual norm 3.385084e-07
 37 (restart 0) KSP residual norm 2.933455e-07
 38 (restart 0) KSP residual norm 2.466759e-07
 39 (restart 0) KSP residual norm 2.013330e-07
 40 (restart 0) KSP residual norm 1.593270e-07
 41 (restart 0) KSP residual norm 1.215805e-07
 42 (restart 0) KSP residual norm 9.090721e-08
 43 (restart 0) KSP residual norm 6.715664e-08
GMRES solver converged in 43 iterations (avg. reduction factor: 6.498e-01)
  Residual norms for GMRES solve
  0 (restart 0) KSP residual norm 8.469204e+00
  1 (restart 0) KSP residual norm 6.254441e+00
  2 (restart 0) KSP residual norm 3.133359e+00
  3 (restart 0) KSP residual norm 1.243392e+00
  4 (restart 0) KSP residual norm 8.092284e-01
  5 (restart 0) KSP residual norm 3.328699e-01
  6 (restart 0) KSP residual norm 1.988390e-01
  7 (restart 0) KSP residual norm 5.691971e-02
  8 (restart 0) KSP residual norm 2.955965e-02
  9 (restart 0) KSP residual norm 1.669339e-02
 10 (restart 0) KSP residual norm 4.967384e-03
 11 (restart 0) KSP residual norm 1.110046e-03
 12 (restart 0) KSP residual norm 3.228391e-04
 13 (restart 0) KSP residual norm 2.138138e-04
 14 (restart 0) KSP residual norm 1.202712e-04
 15 (restart 0) KSP residual norm 7.264980e-05
 16 (restart 0) KSP residual norm 5.223431e-05
 17 (restart 0) KSP residual norm 3.525085e-05
 18 (restart 0) KSP residual norm 2.484286e-05
 19 (restart 0) KSP residual norm 1.754920e-05
 20 (restart 0) KSP residual norm 1.267179e-05
 21 (restart 0) KSP residual norm 9.756613e-06
 22 (restart 0) KSP residual norm 7.564829e-06
 23 (restart 0) KSP residual norm 5.872057e-06
 24 (restart 0) KSP residual norm 4.504904e-06
 25 (restart 0) KSP residual norm 3.463477e-06
 26 (restart 0) KSP residual norm 2.664842e-06
 27 (restart 0) KSP residual norm 2.071019e-06
 28 (restart 0) KSP residual norm 1.542616e-06
 29 (restart 0) KSP residual norm 1.120937e-06
 30 (restart 0) KSP residual norm 8.442289e-07
 31 (restart 0) KSP residual norm 6.483161e-07
 32 (restart 0) KSP residual norm 5.030234e-07
 33 (restart 0) KSP residual norm 4.025452e-07
 34 (restart 0) KSP residual norm 3.307052e-07
 35 (restart 0) KSP residual norm 2.753616e-07
 36 (restart 0) KSP residual norm 2.390511e-07
 37 (restart 0) KSP residual norm 2.075212e-07
 38 (restart 0) KSP residual norm 1.783915e-07
 39 (restart 0) KSP residual norm 1.503770e-07
 40 (restart 0) KSP residual norm 1.218547e-07
 41 (restart 0) KSP residual norm 9.475400e-08
 42 (restart 0) KSP residual norm 7.128418e-08
GMRES solver converged in 42 iterations (avg. reduction factor: 6.423e-01)
  Residual norms for GMRES solve
  0 (restart 0) KSP residual norm 6.444125e+00
  1 (restart 0) KSP residual norm 3.423812e+00
  2 (restart 0) KSP residual norm 1.336992e+00
  3 (restart 0) KSP residual norm 9.059906e-01
  4 (restart 0) KSP residual norm 6.365360e-01
  5 (restart 0) KSP residual norm 1.975679e-01
  6 (restart 0) KSP residual norm 1.157618e-01
  7 (restart 0) KSP residual norm 4.767883e-02
  8 (restart 0) KSP residual norm 1.617797e-02
  9 (restart 0) KSP residual norm 5.533195e-03
 10 (restart 0) KSP residual norm 1.649869e-03
 11 (restart 0) KSP residual norm 6.413296e-04
 12 (restart 0) KSP residual norm 3.506698e-04
 13 (restart 0) KSP residual norm 2.310898e-04
 14 (restart 0) KSP residual norm 1.788236e-04
 15 (restart 0) KSP residual norm 1.155110e-04
 16 (restart 0) KSP residual norm 7.737028e-05
 17 (restart 0) KSP residual norm 5.945615e-05
 18 (restart 0) KSP residual norm 4.079589e-05
 19 (restart 0) KSP residual norm 3.177360e-05
 20 (restart 0) KSP residual norm 2.400156e-05
 21 (restart 0) KSP residual norm 1.868715e-05
 22 (restart 0) KSP residual norm 1.493703e-05
 23 (restart 0) KSP residual norm 1.176530e-05
 24 (restart 0) KSP residual norm 9.271458e-06
 25 (restart 0) KSP residual norm 7.284850e-06
 26 (restart 0) KSP residual norm 5.660224e-06
 27 (restart 0) KSP residual norm 4.217142e-06
 28 (restart 0) KSP residual norm 3.113850e-06
 29 (restart 0) KSP residual norm 2.281363e-06
 30 (restart 0) KSP residual norm 1.789171e-06
 31 (restart 0) KSP residual norm 1.441731e-06
 32 (restart 0) KSP residual norm 1.180931e-06
 33 (restart 0) KSP residual norm 9.993152e-07
 34 (restart 0) KSP residual norm 8.630830e-07
 35 (restart 0) KSP residual norm 7.369754e-07
 36 (restart 0) KSP residual norm 6.402950e-07
 37 (restart 0) KSP residual norm 5.509357e-07
 38 (restart 0) KSP residual norm 4.551812e-07
 39 (restart 0) KSP residual norm 3.736414e-07
 40 (restart 0) KSP residual norm 2.853120e-07
 41 (restart 0) KSP residual norm 2.095568e-07
 42 (restart 0) KSP residual norm 1.536323e-07
 43 (restart 0) KSP residual norm 1.122221e-07
 44 (restart 0) KSP residual norm 8.047505e-08
 45 (restart 0) KSP residual norm 5.834378e-08
GMRES solver converged in 45 iterations (avg. reduction factor: 6.626e-01)
  Residual norms for GMRES solve
  0 (restart 0) KSP residual norm 7.012324e+00
  1 (restart 0) KSP residual norm 3.652757e+00
  2 (restart 0) KSP residual norm 9.374324e-01
  3 (restart 0) KSP residual norm 5.077571e-01
  4 (restart 0) KSP residual norm 3.323242e-01
  5 (restart 0) KSP residual norm 1.657135e-01
  6 (restart 0) KSP residual norm 9.039942e-02
  7 (restart 0) KSP residual norm 3.583677e-02
  8 (restart 0) KSP residual norm 1.565051e-02
  9 (restart 0) KSP residual norm 7.313996e-03
 10 (restart 0) KSP residual norm 2.669974e-03
 11 (restart 0) KSP residual norm 6.313606e-04
 12 (restart 0) KSP residual norm 2.590918e-04
 13 (restart 0) KSP residual norm 1.458825e-04
 14 (restart 0) KSP residual norm 1.159879e-04
 15 (restart 0) KSP residual norm 7.373548e-05
 16 (restart 0) KSP residual norm 5.205091e-05
 17 (restart 0) KSP residual norm 3.675085e-05
 18 (restart 0) KSP residual norm 2.475788e-05
 19 (restart 0) KSP residual norm 1.965289e-05
 20 (restart 0) KSP residual norm 1.434239e-05
 21 (restart 0) KSP residual norm 1.061033e-05
 22 (restart 0) KSP residual norm 8.299585e-06
 23 (restart 0) KSP residual norm 6.348607e-06
 24 (restart 0) KSP residual norm 4.950597e-06
 25 (restart 0) KSP residual norm 3.992585e-06
 26 (restart 0) KSP residual norm 3.211093e-06
 27 (restart 0) KSP residual norm 2.511944e-06
 28 (restart 0) KSP residual norm 1.892223e-06
 29 (restart 0) KSP residual norm 1.454274e-06
 30 (restart 0) KSP residual norm 1.122774e-06
 31 (restart 0) KSP residual norm 8.946650e-07
 32 (restart 0) KSP residual norm 7.375954e-07
 33 (restart 0) KSP residual norm 6.282946e-07
 34 (restart 0) KSP residual norm 5.407152e-07
 35 (restart 0) KSP residual norm 4.666905e-07
 36 (restart 0) KSP residual norm 4.056973e-07
 37 (restart 0) KSP residual norm 3.427726e-07
 38 (restart 0) KSP residual norm 2.868985e-07
 39 (restart 0) KSP residual norm 2.367322e-07
 40 (restart 0) KSP residual norm 1.847054e-07
 41 (restart 0) KSP residual norm 1.389189e-07
 42 (restart 0) KSP residual norm 1.033962e-07
 43 (restart 0) KSP residual norm 7.483131e-08
 44 (restart 0) KSP residual norm 5.484882e-08
GMRES solver converged in 44 iterations (avg. reduction factor: 6.543e-01)
  1 EPS nconv=4 first unconverged value (error) -2.52169e-07+0.354661i (3.67970365e-03)
  Residual norms for GMRES solve
  0 (restart 0) KSP residual norm 5.671554e+00
  1 (restart 0) KSP residual norm 4.285724e+00
  2 (restart 0) KSP residual norm 1.549732e+00
  3 (restart 0) KSP residual norm 7.649844e-01
  4 (restart 0) KSP residual norm 4.490921e-01
  5 (restart 0) KSP residual norm 1.795382e-01
  6 (restart 0) KSP residual norm 1.176178e-01
  7 (restart 0) KSP residual norm 4.260341e-02
  8 (restart 0) KSP residual norm 1.502463e-02
  9 (restart 0) KSP residual norm 1.061102e-02
 10 (restart 0) KSP residual norm 3.498367e-03
 11 (restart 0) KSP residual norm 6.596890e-04
 12 (restart 0) KSP residual norm 2.225269e-04
 13 (restart 0) KSP residual norm 1.588900e-04
 14 (restart 0) KSP residual norm 1.091442e-04
 15 (restart 0) KSP residual norm 7.863659e-05
 16 (restart 0) KSP residual norm 6.112272e-05
 17 (restart 0) KSP residual norm 3.759464e-05
 18 (restart 0) KSP residual norm 2.874151e-05
 19 (restart 0) KSP residual norm 2.120985e-05
 20 (restart 0) KSP residual norm 1.561796e-05
 21 (restart 0) KSP residual norm 1.192346e-05
 22 (restart 0) KSP residual norm 9.312537e-06
 23 (restart 0) KSP residual norm 7.185887e-06
 24 (restart 0) KSP residual norm 5.622352e-06
 25 (restart 0) KSP residual norm 4.359103e-06
 26 (restart 0) KSP residual norm 3.351263e-06
 27 (restart 0) KSP residual norm 2.462381e-06
 28 (restart 0) KSP residual norm 1.755470e-06
 29 (restart 0) KSP residual norm 1.261581e-06
 30 (restart 0) KSP residual norm 9.560490e-07
 31 (restart 0) KSP residual norm 7.518782e-07
 32 (restart 0) KSP residual norm 6.009211e-07
 33 (restart 0) KSP residual norm 4.959708e-07
 34 (restart 0) KSP residual norm 4.215730e-07
 35 (restart 0) KSP residual norm 3.606740e-07
 36 (restart 0) KSP residual norm 3.098038e-07
 37 (restart 0) KSP residual norm 2.698452e-07
 38 (restart 0) KSP residual norm 2.302088e-07
 39 (restart 0) KSP residual norm 1.862524e-07
 40 (restart 0) KSP residual norm 1.473284e-07
 41 (restart 0) KSP residual norm 1.104853e-07
 42 (restart 0) KSP residual norm 7.825605e-08
 43 (restart 0) KSP residual norm 5.663702e-08
GMRES solver converged in 43 iterations (avg. reduction factor: 6.515e-01)
  Residual norms for GMRES solve
  0 (restart 0) KSP residual norm 2.371598e+01
  1 (restart 0) KSP residual norm 1.814383e+01
  2 (restart 0) KSP residual norm 1.189881e+01
  3 (restart 0) KSP residual norm 7.241222e+00
  4 (restart 0) KSP residual norm 2.768468e+00
  5 (restart 0) KSP residual norm 1.493784e+00
  6 (restart 0) KSP residual norm 4.855686e-01
  7 (restart 0) KSP residual norm 1.408729e-01
  8 (restart 0) KSP residual norm 6.639681e-02
  9 (restart 0) KSP residual norm 2.784040e-02
 10 (restart 0) KSP residual norm 5.748440e-03
 11 (restart 0) KSP residual norm 2.297426e-03
 12 (restart 0) KSP residual norm 2.038200e-03
 13 (restart 0) KSP residual norm 7.440133e-04
 14 (restart 0) KSP residual norm 3.582935e-04
 15 (restart 0) KSP residual norm 2.855739e-04
 16 (restart 0) KSP residual norm 1.379466e-04
 17 (restart 0) KSP residual norm 9.456908e-05
 18 (restart 0) KSP residual norm 5.742796e-05
 19 (restart 0) KSP residual norm 3.143025e-05
 20 (restart 0) KSP residual norm 2.123086e-05
 21 (restart 0) KSP residual norm 1.520176e-05
 22 (restart 0) KSP residual norm 1.187771e-05
 23 (restart 0) KSP residual norm 8.992935e-06
 24 (restart 0) KSP residual norm 6.791507e-06
 25 (restart 0) KSP residual norm 5.074165e-06
 26 (restart 0) KSP residual norm 4.005057e-06
 27 (restart 0) KSP residual norm 3.312052e-06
 28 (restart 0) KSP residual norm 2.562134e-06
 29 (restart 0) KSP residual norm 1.986394e-06
 30 (restart 0) KSP residual norm 1.504274e-06
 31 (restart 0) KSP residual norm 1.134205e-06
 32 (restart 0) KSP residual norm 8.722717e-07
 33 (restart 0) KSP residual norm 6.932856e-07
 34 (restart 0) KSP residual norm 5.865738e-07
 35 (restart 0) KSP residual norm 5.125701e-07
 36 (restart 0) KSP residual norm 4.548596e-07
 37 (restart 0) KSP residual norm 3.916547e-07
 38 (restart 0) KSP residual norm 3.295153e-07
 39 (restart 0) KSP residual norm 2.625359e-07
 40 (restart 0) KSP residual norm 1.998125e-07
GMRES solver converged in 40 iterations (avg. reduction factor: 6.283e-01)
  Residual norms for GMRES solve
  0 (restart 0) KSP residual norm 2.799185e+01
  1 (restart 0) KSP residual norm 2.452120e+01
  2 (restart 0) KSP residual norm 1.540696e+01
  3 (restart 0) KSP residual norm 9.114062e+00
  4 (restart 0) KSP residual norm 3.403865e+00
  5 (restart 0) KSP residual norm 1.734119e+00
  6 (restart 0) KSP residual norm 5.047184e-01
  7 (restart 0) KSP residual norm 1.814915e-01
  8 (restart 0) KSP residual norm 8.386998e-02
  9 (restart 0) KSP residual norm 3.901356e-02
 10 (restart 0) KSP residual norm 5.560781e-03
 11 (restart 0) KSP residual norm 3.277573e-03
 12 (restart 0) KSP residual norm 2.487318e-03
 13 (restart 0) KSP residual norm 7.700318e-04
 14 (restart 0) KSP residual norm 4.883415e-04
 15 (restart 0) KSP residual norm 3.299511e-04
 16 (restart 0) KSP residual norm 1.680785e-04
 17 (restart 0) KSP residual norm 1.114210e-04
 18 (restart 0) KSP residual norm 6.335952e-05
 19 (restart 0) KSP residual norm 3.391720e-05
 20 (restart 0) KSP residual norm 2.158369e-05
 21 (restart 0) KSP residual norm 1.493852e-05
 22 (restart 0) KSP residual norm 1.166575e-05
 23 (restart 0) KSP residual norm 9.193644e-06
 24 (restart 0) KSP residual norm 7.027025e-06
 25 (restart 0) KSP residual norm 5.149585e-06
 26 (restart 0) KSP residual norm 3.887511e-06
 27 (restart 0) KSP residual norm 3.059206e-06
 28 (restart 0) KSP residual norm 2.259996e-06
 29 (restart 0) KSP residual norm 1.696040e-06
 30 (restart 0) KSP residual norm 1.291265e-06
 31 (restart 0) KSP residual norm 1.013677e-06
 32 (restart 0) KSP residual norm 7.921348e-07
 33 (restart 0) KSP residual norm 6.135294e-07
 34 (restart 0) KSP residual norm 4.920293e-07
 35 (restart 0) KSP residual norm 3.973712e-07
 36 (restart 0) KSP residual norm 3.333325e-07
 37 (restart 0) KSP residual norm 2.797338e-07
GMRES solver converged in 37 iterations (avg. reduction factor: 6.078e-01)
  Residual norms for GMRES solve
  0 (restart 0) KSP residual norm 1.123700e+01
  1 (restart 0) KSP residual norm 5.107469e+00
  2 (restart 0) KSP residual norm 2.294801e+00
  3 (restart 0) KSP residual norm 1.102951e+00
  4 (restart 0) KSP residual norm 6.226642e-01
  5 (restart 0) KSP residual norm 2.556013e-01
  6 (restart 0) KSP residual norm 1.529994e-01
  7 (restart 0) KSP residual norm 5.959880e-02
  8 (restart 0) KSP residual norm 1.617367e-02
  9 (restart 0) KSP residual norm 6.320214e-03
 10 (restart 0) KSP residual norm 3.714957e-03
 11 (restart 0) KSP residual norm 8.299142e-04
 12 (restart 0) KSP residual norm 3.202496e-04
 13 (restart 0) KSP residual norm 2.742965e-04
 14 (restart 0) KSP residual norm 1.620433e-04
 15 (restart 0) KSP residual norm 1.324098e-04
 16 (restart 0) KSP residual norm 9.182185e-05
 17 (restart 0) KSP residual norm 6.024191e-05
 18 (restart 0) KSP residual norm 4.495449e-05
 19 (restart 0) KSP residual norm 3.363963e-05
 20 (restart 0) KSP residual norm 2.523104e-05
 21 (restart 0) KSP residual norm 1.975665e-05
 22 (restart 0) KSP residual norm 1.515605e-05
 23 (restart 0) KSP residual norm 1.141987e-05
 24 (restart 0) KSP residual norm 8.997550e-06
 25 (restart 0) KSP residual norm 6.879120e-06
 26 (restart 0) KSP residual norm 5.272020e-06
 27 (restart 0) KSP residual norm 3.914470e-06
 28 (restart 0) KSP residual norm 2.828447e-06
 29 (restart 0) KSP residual norm 2.059162e-06
 30 (restart 0) KSP residual norm 1.567926e-06
 31 (restart 0) KSP residual norm 1.240972e-06
 32 (restart 0) KSP residual norm 9.965793e-07
 33 (restart 0) KSP residual norm 8.365169e-07
 34 (restart 0) KSP residual norm 7.111625e-07
 35 (restart 0) KSP residual norm 6.129269e-07
 36 (restart 0) KSP residual norm 5.269893e-07
 37 (restart 0) KSP residual norm 4.559968e-07
 38 (restart 0) KSP residual norm 3.818536e-07
 39 (restart 0) KSP residual norm 3.082537e-07
 40 (restart 0) KSP residual norm 2.358401e-07
 41 (restart 0) KSP residual norm 1.758052e-07
 42 (restart 0) KSP residual norm 1.253065e-07
 43 (restart 0) KSP residual norm 9.061601e-08
GMRES solver converged in 43 iterations (avg. reduction factor: 6.483e-01)
  Residual norms for GMRES solve
  0 (restart 0) KSP residual norm 1.635951e+01
  1 (restart 0) KSP residual norm 6.244858e+00
  2 (restart 0) KSP residual norm 2.762970e+00
  3 (restart 0) KSP residual norm 1.600089e+00
  4 (restart 0) KSP residual norm 8.930818e-01
  5 (restart 0) KSP residual norm 3.127146e-01
  6 (restart 0) KSP residual norm 1.831244e-01
  7 (restart 0) KSP residual norm 6.999403e-02
  8 (restart 0) KSP residual norm 2.603119e-02
  9 (restart 0) KSP residual norm 1.299166e-02
 10 (restart 0) KSP residual norm 3.680422e-03
 11 (restart 0) KSP residual norm 8.229639e-04
 12 (restart 0) KSP residual norm 3.218825e-04
 13 (restart 0) KSP residual norm 2.313683e-04
 14 (restart 0) KSP residual norm 1.041462e-04
 15 (restart 0) KSP residual norm 6.939380e-05
 16 (restart 0) KSP residual norm 4.711837e-05
 17 (restart 0) KSP residual norm 2.402620e-05
 18 (restart 0) KSP residual norm 1.463978e-05
 19 (restart 0) KSP residual norm 1.040415e-05
 20 (restart 0) KSP residual norm 7.225765e-06
 21 (restart 0) KSP residual norm 5.224075e-06
 22 (restart 0) KSP residual norm 4.161518e-06
 23 (restart 0) KSP residual norm 3.273346e-06
 24 (restart 0) KSP residual norm 2.463492e-06
 25 (restart 0) KSP residual norm 1.784503e-06
 26 (restart 0) KSP residual norm 1.389203e-06
 27 (restart 0) KSP residual norm 1.102801e-06
 28 (restart 0) KSP residual norm 8.160712e-07
 29 (restart 0) KSP residual norm 5.783183e-07
 30 (restart 0) KSP residual norm 3.873729e-07
 31 (restart 0) KSP residual norm 2.672420e-07
 32 (restart 0) KSP residual norm 2.011590e-07
 33 (restart 0) KSP residual norm 1.527895e-07
GMRES solver converged in 33 iterations (avg. reduction factor: 5.711e-01)
  Residual norms for GMRES solve
  0 (restart 0) KSP residual norm 1.695198e+01
  1 (restart 0) KSP residual norm 6.610690e+00
  2 (restart 0) KSP residual norm 3.591671e+00
  3 (restart 0) KSP residual norm 2.212751e+00
  4 (restart 0) KSP residual norm 9.245276e-01
  5 (restart 0) KSP residual norm 3.173394e-01
  6 (restart 0) KSP residual norm 1.930819e-01
  7 (restart 0) KSP residual norm 7.468926e-02
  8 (restart 0) KSP residual norm 3.577613e-02
  9 (restart 0) KSP residual norm 2.109355e-02
 10 (restart 0) KSP residual norm 4.958098e-03
 11 (restart 0) KSP residual norm 1.164433e-03
 12 (restart 0) KSP residual norm 4.451425e-04
 13 (restart 0) KSP residual norm 3.018511e-04
 14 (restart 0) KSP residual norm 1.636639e-04
 15 (restart 0) KSP residual norm 1.225846e-04
 16 (restart 0) KSP residual norm 8.830447e-05
 17 (restart 0) KSP residual norm 5.398038e-05
 18 (restart 0) KSP residual norm 3.842236e-05
 19 (restart 0) KSP residual norm 2.903960e-05
 20 (restart 0) KSP residual norm 2.017341e-05
 21 (restart 0) KSP residual norm 1.545483e-05
 22 (restart 0) KSP residual norm 1.218850e-05
 23 (restart 0) KSP residual norm 8.996215e-06
 24 (restart 0) KSP residual norm 7.011047e-06
 25 (restart 0) KSP residual norm 5.569178e-06
 26 (restart 0) KSP residual norm 4.223705e-06
 27 (restart 0) KSP residual norm 3.126457e-06
 28 (restart 0) KSP residual norm 2.276733e-06
 29 (restart 0) KSP residual norm 1.590540e-06
 30 (restart 0) KSP residual norm 1.147146e-06
 31 (restart 0) KSP residual norm 8.794114e-07
 32 (restart 0) KSP residual norm 6.863400e-07
 33 (restart 0) KSP residual norm 5.595470e-07
 34 (restart 0) KSP residual norm 4.573631e-07
 35 (restart 0) KSP residual norm 3.867938e-07
 36 (restart 0) KSP residual norm 3.317407e-07
 37 (restart 0) KSP residual norm 2.854810e-07
 38 (restart 0) KSP residual norm 2.467491e-07
 39 (restart 0) KSP residual norm 2.113845e-07
 40 (restart 0) KSP residual norm 1.713873e-07
 41 (restart 0) KSP residual norm 1.345237e-07
GMRES solver converged in 41 iterations (avg. reduction factor: 6.345e-01)
  Residual norms for GMRES solve
  0 (restart 0) KSP residual norm 1.314749e+01
  1 (restart 0) KSP residual norm 5.461573e+00
  2 (restart 0) KSP residual norm 2.168902e+00
  3 (restart 0) KSP residual norm 1.705176e+00
  4 (restart 0) KSP residual norm 9.116917e-01
  5 (restart 0) KSP residual norm 3.189569e-01
  6 (restart 0) KSP residual norm 2.555481e-01
  7 (restart 0) KSP residual norm 8.367223e-02
  8 (restart 0) KSP residual norm 2.106433e-02
  9 (restart 0) KSP residual norm 1.022849e-02
 10 (restart 0) KSP residual norm 3.120240e-03
 11 (restart 0) KSP residual norm 1.106066e-03
 12 (restart 0) KSP residual norm 4.393587e-04
 13 (restart 0) KSP residual norm 2.222769e-04
 14 (restart 0) KSP residual norm 1.701771e-04
 15 (restart 0) KSP residual norm 8.692310e-05
 16 (restart 0) KSP residual norm 4.584187e-05
 17 (restart 0) KSP residual norm 3.599224e-05
 18 (restart 0) KSP residual norm 2.236347e-05
 19 (restart 0) KSP residual norm 1.532632e-05
 20 (restart 0) KSP residual norm 1.209703e-05
 21 (restart 0) KSP residual norm 9.044321e-06
 22 (restart 0) KSP residual norm 7.403690e-06
 23 (restart 0) KSP residual norm 5.349824e-06
 24 (restart 0) KSP residual norm 4.032930e-06
 25 (restart 0) KSP residual norm 3.134166e-06
 26 (restart 0) KSP residual norm 2.485444e-06
 27 (restart 0) KSP residual norm 1.979179e-06
 28 (restart 0) KSP residual norm 1.441903e-06
 29 (restart 0) KSP residual norm 9.896097e-07
 30 (restart 0) KSP residual norm 7.197071e-07
 31 (restart 0) KSP residual norm 5.515204e-07
 32 (restart 0) KSP residual norm 4.283802e-07
 33 (restart 0) KSP residual norm 3.504590e-07
 34 (restart 0) KSP residual norm 2.985415e-07
 35 (restart 0) KSP residual norm 2.605922e-07
 36 (restart 0) KSP residual norm 2.284217e-07
 37 (restart 0) KSP residual norm 1.967453e-07
 38 (restart 0) KSP residual norm 1.647511e-07
 39 (restart 0) KSP residual norm 1.330250e-07
 40 (restart 0) KSP residual norm 1.000801e-07
GMRES solver converged in 40 iterations (avg. reduction factor: 6.267e-01)
  Residual norms for GMRES solve
  0 (restart 0) KSP residual norm 1.555591e+01
  1 (restart 0) KSP residual norm 5.155933e+00
  2 (restart 0) KSP residual norm 1.405365e+00
  3 (restart 0) KSP residual norm 1.068674e+00
  4 (restart 0) KSP residual norm 6.776861e-01
  5 (restart 0) KSP residual norm 2.713761e-01
  6 (restart 0) KSP residual norm 1.207780e-01
  7 (restart 0) KSP residual norm 4.432209e-02
  8 (restart 0) KSP residual norm 2.079562e-02
  9 (restart 0) KSP residual norm 8.283546e-03
 10 (restart 0) KSP residual norm 2.829491e-03
 11 (restart 0) KSP residual norm 8.516563e-04
 12 (restart 0) KSP residual norm 3.885320e-04
 13 (restart 0) KSP residual norm 2.602336e-04
 14 (restart 0) KSP residual norm 1.560364e-04
 15 (restart 0) KSP residual norm 9.659896e-05
 16 (restart 0) KSP residual norm 6.988448e-05
 17 (restart 0) KSP residual norm 4.572843e-05
 18 (restart 0) KSP residual norm 3.399148e-05
 19 (restart 0) KSP residual norm 2.583665e-05
 20 (restart 0) KSP residual norm 2.044471e-05
 21 (restart 0) KSP residual norm 1.634450e-05
 22 (restart 0) KSP residual norm 1.261064e-05
 23 (restart 0) KSP residual norm 9.485481e-06
 24 (restart 0) KSP residual norm 7.585184e-06
 25 (restart 0) KSP residual norm 6.159609e-06
 26 (restart 0) KSP residual norm 4.620977e-06
 27 (restart 0) KSP residual norm 3.558905e-06
 28 (restart 0) KSP residual norm 2.569559e-06
 29 (restart 0) KSP residual norm 1.779712e-06
 30 (restart 0) KSP residual norm 1.370394e-06
 31 (restart 0) KSP residual norm 1.075867e-06
 32 (restart 0) KSP residual norm 8.368885e-07
 33 (restart 0) KSP residual norm 6.940095e-07
 34 (restart 0) KSP residual norm 5.963830e-07
 35 (restart 0) KSP residual norm 5.097601e-07
 36 (restart 0) KSP residual norm 4.393376e-07
 37 (restart 0) KSP residual norm 3.825029e-07
 38 (restart 0) KSP residual norm 3.167007e-07
 39 (restart 0) KSP residual norm 2.637248e-07
 40 (restart 0) KSP residual norm 2.030035e-07
 41 (restart 0) KSP residual norm 1.551844e-07
GMRES solver converged in 41 iterations (avg. reduction factor: 6.380e-01)
  Residual norms for GMRES solve
  0 (restart 0) KSP residual norm 1.496425e+01
  1 (restart 0) KSP residual norm 5.041306e+00
  2 (restart 0) KSP residual norm 1.318520e+00
  3 (restart 0) KSP residual norm 1.045510e+00
  4 (restart 0) KSP residual norm 6.042931e-01
  5 (restart 0) KSP residual norm 1.943449e-01
  6 (restart 0) KSP residual norm 1.343238e-01
  7 (restart 0) KSP residual norm 8.862625e-02
  8 (restart 0) KSP residual norm 2.509402e-02
  9 (restart 0) KSP residual norm 9.918720e-03
 10 (restart 0) KSP residual norm 3.509675e-03
 11 (restart 0) KSP residual norm 7.436197e-04
 12 (restart 0) KSP residual norm 3.630216e-04
 13 (restart 0) KSP residual norm 2.621179e-04
 14 (restart 0) KSP residual norm 1.378332e-04
 15 (restart 0) KSP residual norm 1.125096e-04
 16 (restart 0) KSP residual norm 8.236146e-05
 17 (restart 0) KSP residual norm 4.887872e-05
 18 (restart 0) KSP residual norm 3.997215e-05
 19 (restart 0) KSP residual norm 2.767181e-05
 20 (restart 0) KSP residual norm 2.015268e-05
 21 (restart 0) KSP residual norm 1.584848e-05
 22 (restart 0) KSP residual norm 1.195005e-05
 23 (restart 0) KSP residual norm 9.033411e-06
 24 (restart 0) KSP residual norm 6.976987e-06
 25 (restart 0) KSP residual norm 5.523172e-06
 26 (restart 0) KSP residual norm 4.153198e-06
 27 (restart 0) KSP residual norm 3.093104e-06
 28 (restart 0) KSP residual norm 2.243878e-06
 29 (restart 0) KSP residual norm 1.598488e-06
 30 (restart 0) KSP residual norm 1.216989e-06
 31 (restart 0) KSP residual norm 9.675589e-07
 32 (restart 0) KSP residual norm 7.634084e-07
 33 (restart 0) KSP residual norm 6.288583e-07
 34 (restart 0) KSP residual norm 5.388469e-07
 35 (restart 0) KSP residual norm 4.667765e-07
 36 (restart 0) KSP residual norm 4.035670e-07
 37 (restart 0) KSP residual norm 3.519880e-07
 38 (restart 0) KSP residual norm 2.913389e-07
 39 (restart 0) KSP residual norm 2.393459e-07
 40 (restart 0) KSP residual norm 1.847879e-07
 41 (restart 0) KSP residual norm 1.331443e-07
GMRES solver converged in 41 iterations (avg. reduction factor: 6.363e-01)
  Residual norms for GMRES solve
  0 (restart 0) KSP residual norm 9.111774e+00
  1 (restart 0) KSP residual norm 5.250122e+00
  2 (restart 0) KSP residual norm 2.005088e+00
  3 (restart 0) KSP residual norm 1.135604e+00
  4 (restart 0) KSP residual norm 7.120954e-01
  5 (restart 0) KSP residual norm 2.068834e-01
  6 (restart 0) KSP residual norm 5.519300e-02
  7 (restart 0) KSP residual norm 1.844786e-02
  8 (restart 0) KSP residual norm 9.093397e-03
  9 (restart 0) KSP residual norm 2.528802e-03
 10 (restart 0) KSP residual norm 1.110081e-03
 11 (restart 0) KSP residual norm 7.764394e-04
 12 (restart 0) KSP residual norm 3.453421e-04
 13 (restart 0) KSP residual norm 2.472937e-04
 14 (restart 0) KSP residual norm 1.919960e-04
 15 (restart 0) KSP residual norm 1.303000e-04
 16 (restart 0) KSP residual norm 1.035493e-04
 17 (restart 0) KSP residual norm 5.940567e-05
 18 (restart 0) KSP residual norm 4.786755e-05
 19 (restart 0) KSP residual norm 3.864943e-05
 20 (restart 0) KSP residual norm 2.680736e-05
 21 (restart 0) KSP residual norm 2.043967e-05
 22 (restart 0) KSP residual norm 1.677547e-05
 23 (restart 0) KSP residual norm 1.271689e-05
 24 (restart 0) KSP residual norm 9.293950e-06
 25 (restart 0) KSP residual norm 7.546060e-06
 26 (restart 0) KSP residual norm 5.775497e-06
 27 (restart 0) KSP residual norm 4.079261e-06
 28 (restart 0) KSP residual norm 2.958213e-06
 29 (restart 0) KSP residual norm 2.273937e-06
 30 (restart 0) KSP residual norm 1.721563e-06
 31 (restart 0) KSP residual norm 1.337596e-06
 32 (restart 0) KSP residual norm 1.086750e-06
 33 (restart 0) KSP residual norm 9.156439e-07
 34 (restart 0) KSP residual norm 7.718000e-07
 35 (restart 0) KSP residual norm 6.591877e-07
 36 (restart 0) KSP residual norm 5.725625e-07
 37 (restart 0) KSP residual norm 4.973836e-07
 38 (restart 0) KSP residual norm 4.177243e-07
 39 (restart 0) KSP residual norm 3.455227e-07
 40 (restart 0) KSP residual norm 2.657957e-07
 41 (restart 0) KSP residual norm 1.963800e-07
 42 (restart 0) KSP residual norm 1.435483e-07
 43 (restart 0) KSP residual norm 1.043508e-07
 44 (restart 0) KSP residual norm 7.562860e-08
GMRES solver converged in 44 iterations (avg. reduction factor: 6.552e-01)
  2 EPS nconv=4 first unconverged value (error) -8.93732e-06+0.354676i (1.40437395e-03)
  Residual norms for GMRES solve
  0 (restart 0) KSP residual norm 8.276907e+00
  1 (restart 0) KSP residual norm 5.782586e+00
  2 (restart 0) KSP residual norm 2.761959e+00
  3 (restart 0) KSP residual norm 1.372097e+00
  4 (restart 0) KSP residual norm 7.977840e-01
  5 (restart 0) KSP residual norm 2.490191e-01
  6 (restart 0) KSP residual norm 1.159776e-01
  7 (restart 0) KSP residual norm 5.329450e-02
  8 (restart 0) KSP residual norm 1.901130e-02
  9 (restart 0) KSP residual norm 7.941915e-03
 10 (restart 0) KSP residual norm 3.932641e-03
 11 (restart 0) KSP residual norm 9.035817e-04
 12 (restart 0) KSP residual norm 2.330290e-04
 13 (restart 0) KSP residual norm 1.369074e-04
 14 (restart 0) KSP residual norm 8.491006e-05
 15 (restart 0) KSP residual norm 5.177119e-05
 16 (restart 0) KSP residual norm 3.961638e-05
 17 (restart 0) KSP residual norm 2.426431e-05
 18 (restart 0) KSP residual norm 1.718967e-05
 19 (restart 0) KSP residual norm 1.323637e-05
 20 (restart 0) KSP residual norm 9.237523e-06
 21 (restart 0) KSP residual norm 6.431254e-06
 22 (restart 0) KSP residual norm 5.287803e-06
 23 (restart 0) KSP residual norm 4.015293e-06
 24 (restart 0) KSP residual norm 3.102336e-06
 25 (restart 0) KSP residual norm 2.329889e-06
 26 (restart 0) KSP residual norm 1.754402e-06
 27 (restart 0) KSP residual norm 1.365286e-06
 28 (restart 0) KSP residual norm 9.866022e-07
 29 (restart 0) KSP residual norm 6.869872e-07
 30 (restart 0) KSP residual norm 4.878431e-07
 31 (restart 0) KSP residual norm 3.698274e-07
 32 (restart 0) KSP residual norm 2.860168e-07
 33 (restart 0) KSP residual norm 2.237487e-07
 34 (restart 0) KSP residual norm 1.838613e-07
 35 (restart 0) KSP residual norm 1.546807e-07
 36 (restart 0) KSP residual norm 1.349195e-07
 37 (restart 0) KSP residual norm 1.162400e-07
 38 (restart 0) KSP residual norm 9.999791e-08
 39 (restart 0) KSP residual norm 8.231661e-08
GMRES solver converged in 39 iterations (avg. reduction factor: 6.235e-01)
  Residual norms for GMRES solve
  0 (restart 0) KSP residual norm 3.256625e+01
  1 (restart 0) KSP residual norm 2.817786e+01
  2 (restart 0) KSP residual norm 1.611992e+01
  3 (restart 0) KSP residual norm 9.541851e+00
  4 (restart 0) KSP residual norm 4.127520e+00
  5 (restart 0) KSP residual norm 2.133465e+00
  6 (restart 0) KSP residual norm 6.237117e-01
  7 (restart 0) KSP residual norm 2.588433e-01
  8 (restart 0) KSP residual norm 1.798585e-01
  9 (restart 0) KSP residual norm 6.071104e-02
 10 (restart 0) KSP residual norm 9.314056e-03
 11 (restart 0) KSP residual norm 3.443859e-03
 12 (restart 0) KSP residual norm 2.686991e-03
 13 (restart 0) KSP residual norm 1.111588e-03
 14 (restart 0) KSP residual norm 6.220916e-04
 15 (restart 0) KSP residual norm 3.681023e-04
 16 (restart 0) KSP residual norm 2.031181e-04
 17 (restart 0) KSP residual norm 1.296564e-04
 18 (restart 0) KSP residual norm 6.894509e-05
 19 (restart 0) KSP residual norm 3.570370e-05
 20 (restart 0) KSP residual norm 2.096805e-05
 21 (restart 0) KSP residual norm 1.356926e-05
 22 (restart 0) KSP residual norm 9.673099e-06
 23 (restart 0) KSP residual norm 7.206058e-06
 24 (restart 0) KSP residual norm 5.360217e-06
 25 (restart 0) KSP residual norm 3.733644e-06
 26 (restart 0) KSP residual norm 2.823285e-06
 27 (restart 0) KSP residual norm 2.223178e-06
 28 (restart 0) KSP residual norm 1.715906e-06
 29 (restart 0) KSP residual norm 1.390069e-06
 30 (restart 0) KSP residual norm 1.136906e-06
 31 (restart 0) KSP residual norm 9.666007e-07
 32 (restart 0) KSP residual norm 7.948252e-07
 33 (restart 0) KSP residual norm 6.495219e-07
 34 (restart 0) KSP residual norm 5.332552e-07
 35 (restart 0) KSP residual norm 4.463964e-07
 36 (restart 0) KSP residual norm 3.761791e-07
 37 (restart 0) KSP residual norm 3.126366e-07
GMRES solver converged in 37 iterations (avg. reduction factor: 6.072e-01)
  Residual norms for GMRES solve
  0 (restart 0) KSP residual norm 1.811848e+01
  1 (restart 0) KSP residual norm 1.344885e+01
  2 (restart 0) KSP residual norm 9.632339e+00
  3 (restart 0) KSP residual norm 6.454677e+00
  4 (restart 0) KSP residual norm 2.597132e+00
  5 (restart 0) KSP residual norm 1.233782e+00
  6 (restart 0) KSP residual norm 5.463830e-01
  7 (restart 0) KSP residual norm 1.528521e-01
  8 (restart 0) KSP residual norm 9.279369e-02
  9 (restart 0) KSP residual norm 6.104374e-02
 10 (restart 0) KSP residual norm 1.029265e-02
 11 (restart 0) KSP residual norm 2.243468e-03
 12 (restart 0) KSP residual norm 1.568210e-03
 13 (restart 0) KSP residual norm 9.017705e-04
 14 (restart 0) KSP residual norm 3.945189e-04
 15 (restart 0) KSP residual norm 2.529623e-04
 16 (restart 0) KSP residual norm 1.385713e-04
 17 (restart 0) KSP residual norm 8.038916e-05
 18 (restart 0) KSP residual norm 4.696938e-05
 19 (restart 0) KSP residual norm 2.586367e-05
 20 (restart 0) KSP residual norm 1.462148e-05
 21 (restart 0) KSP residual norm 9.594539e-06
 22 (restart 0) KSP residual norm 6.936693e-06
 23 (restart 0) KSP residual norm 5.359589e-06
 24 (restart 0) KSP residual norm 4.149537e-06
 25 (restart 0) KSP residual norm 3.129797e-06
 26 (restart 0) KSP residual norm 2.290358e-06
 27 (restart 0) KSP residual norm 1.831832e-06
 28 (restart 0) KSP residual norm 1.389294e-06
 29 (restart 0) KSP residual norm 1.036780e-06
 30 (restart 0) KSP residual norm 8.071909e-07
 31 (restart 0) KSP residual norm 6.241703e-07
 32 (restart 0) KSP residual norm 4.991715e-07
 33 (restart 0) KSP residual norm 3.849238e-07
 34 (restart 0) KSP residual norm 3.090146e-07
 35 (restart 0) KSP residual norm 2.493742e-07
 36 (restart 0) KSP residual norm 2.061385e-07
 37 (restart 0) KSP residual norm 1.717576e-07
GMRES solver converged in 37 iterations (avg. reduction factor: 6.070e-01)
  Residual norms for GMRES solve
  0 (restart 0) KSP residual norm 3.247102e+01
  1 (restart 0) KSP residual norm 2.707195e+01
  2 (restart 0) KSP residual norm 9.614499e+00
  3 (restart 0) KSP residual norm 3.639278e+00
  4 (restart 0) KSP residual norm 1.317843e+00
  5 (restart 0) KSP residual norm 6.215923e-01
  6 (restart 0) KSP residual norm 3.785370e-01
  7 (restart 0) KSP residual norm 1.528878e-01
  8 (restart 0) KSP residual norm 4.817193e-02
  9 (restart 0) KSP residual norm 2.385714e-02
 10 (restart 0) KSP residual norm 8.337617e-03
 11 (restart 0) KSP residual norm 1.935754e-03
 12 (restart 0) KSP residual norm 6.322044e-04
 13 (restart 0) KSP residual norm 4.228628e-04
 14 (restart 0) KSP residual norm 2.255609e-04
 15 (restart 0) KSP residual norm 1.076757e-04
 16 (restart 0) KSP residual norm 7.830258e-05
 17 (restart 0) KSP residual norm 4.219234e-05
 18 (restart 0) KSP residual norm 2.703903e-05
 19 (restart 0) KSP residual norm 1.815687e-05
 20 (restart 0) KSP residual norm 1.081929e-05
 21 (restart 0) KSP residual norm 7.730022e-06
 22 (restart 0) KSP residual norm 6.294986e-06
 23 (restart 0) KSP residual norm 5.068962e-06
 24 (restart 0) KSP residual norm 3.805395e-06
 25 (restart 0) KSP residual norm 2.766329e-06
 26 (restart 0) KSP residual norm 1.866056e-06
 27 (restart 0) KSP residual norm 1.394489e-06
 28 (restart 0) KSP residual norm 1.074364e-06
 29 (restart 0) KSP residual norm 7.637386e-07
 30 (restart 0) KSP residual norm 5.565304e-07
 31 (restart 0) KSP residual norm 4.112213e-07
 32 (restart 0) KSP residual norm 3.011147e-07
GMRES solver converged in 32 iterations (avg. reduction factor: 5.610e-01)
  Residual norms for GMRES solve
  0 (restart 0) KSP residual norm 2.968158e+01
  1 (restart 0) KSP residual norm 2.645545e+01
  2 (restart 0) KSP residual norm 1.054498e+01
  3 (restart 0) KSP residual norm 1.956455e+00
  4 (restart 0) KSP residual norm 1.328479e+00
  5 (restart 0) KSP residual norm 8.466048e-01
  6 (restart 0) KSP residual norm 4.147605e-01
  7 (restart 0) KSP residual norm 1.118138e-01
  8 (restart 0) KSP residual norm 6.457458e-02
  9 (restart 0) KSP residual norm 3.941474e-02
 10 (restart 0) KSP residual norm 7.738087e-03
 11 (restart 0) KSP residual norm 1.757410e-03
 12 (restart 0) KSP residual norm 8.119140e-04
 13 (restart 0) KSP residual norm 3.663544e-04
 14 (restart 0) KSP residual norm 1.651071e-04
 15 (restart 0) KSP residual norm 1.010307e-04
 16 (restart 0) KSP residual norm 6.230091e-05
 17 (restart 0) KSP residual norm 3.371484e-05
 18 (restart 0) KSP residual norm 2.157139e-05
 19 (restart 0) KSP residual norm 1.559773e-05
 20 (restart 0) KSP residual norm 1.074264e-05
 21 (restart 0) KSP residual norm 7.747723e-06
 22 (restart 0) KSP residual norm 6.247775e-06
 23 (restart 0) KSP residual norm 5.010806e-06
 24 (restart 0) KSP residual norm 3.830742e-06
 25 (restart 0) KSP residual norm 2.770042e-06
 26 (restart 0) KSP residual norm 1.941975e-06
 27 (restart 0) KSP residual norm 1.481844e-06
 28 (restart 0) KSP residual norm 1.136756e-06
 29 (restart 0) KSP residual norm 8.186653e-07
 30 (restart 0) KSP residual norm 5.842198e-07
 31 (restart 0) KSP residual norm 4.285625e-07
 32 (restart 0) KSP residual norm 3.212473e-07
 33 (restart 0) KSP residual norm 2.473887e-07
GMRES solver converged in 33 iterations (avg. reduction factor: 5.691e-01)
  Residual norms for GMRES solve
  0 (restart 0) KSP residual norm 1.794298e+01
  1 (restart 0) KSP residual norm 5.366776e+00
  2 (restart 0) KSP residual norm 3.433316e+00
  3 (restart 0) KSP residual norm 2.073748e+00
  4 (restart 0) KSP residual norm 8.333409e-01
  5 (restart 0) KSP residual norm 4.155253e-01
  6 (restart 0) KSP residual norm 2.487872e-01
  7 (restart 0) KSP residual norm 8.071831e-02
  8 (restart 0) KSP residual norm 3.524762e-02
  9 (restart 0) KSP residual norm 2.066439e-02
 10 (restart 0) KSP residual norm 4.441733e-03
 11 (restart 0) KSP residual norm 8.421040e-04
 12 (restart 0) KSP residual norm 4.615965e-04
 13 (restart 0) KSP residual norm 3.112153e-04
 14 (restart 0) KSP residual norm 1.403514e-04
 15 (restart 0) KSP residual norm 9.454546e-05
 16 (restart 0) KSP residual norm 6.046836e-05
 17 (restart 0) KSP residual norm 3.650492e-05
 18 (restart 0) KSP residual norm 2.615473e-05
 19 (restart 0) KSP residual norm 1.922319e-05
 20 (restart 0) KSP residual norm 1.403611e-05
 21 (restart 0) KSP residual norm 1.122661e-05
 22 (restart 0) KSP residual norm 8.718598e-06
 23 (restart 0) KSP residual norm 6.485164e-06
 24 (restart 0) KSP residual norm 4.905936e-06
 25 (restart 0) KSP residual norm 3.831818e-06
 26 (restart 0) KSP residual norm 3.053748e-06
 27 (restart 0) KSP residual norm 2.337287e-06
 28 (restart 0) KSP residual norm 1.617621e-06
 29 (restart 0) KSP residual norm 1.099145e-06
 30 (restart 0) KSP residual norm 7.793029e-07
 31 (restart 0) KSP residual norm 5.929264e-07
 32 (restart 0) KSP residual norm 4.577695e-07
 33 (restart 0) KSP residual norm 3.623317e-07
 34 (restart 0) KSP residual norm 2.957364e-07
 35 (restart 0) KSP residual norm 2.510338e-07
 36 (restart 0) KSP residual norm 2.124654e-07
 37 (restart 0) KSP residual norm 1.820682e-07
 38 (restart 0) KSP residual norm 1.569336e-07
GMRES solver converged in 38 iterations (avg. reduction factor: 6.137e-01)
  Residual norms for GMRES solve
  0 (restart 0) KSP residual norm 1.348976e+01
  1 (restart 0) KSP residual norm 4.938641e+00
  2 (restart 0) KSP residual norm 1.875934e+00
  3 (restart 0) KSP residual norm 1.434624e+00
  4 (restart 0) KSP residual norm 7.893363e-01
  5 (restart 0) KSP residual norm 2.544345e-01
  6 (restart 0) KSP residual norm 1.918833e-01
  7 (restart 0) KSP residual norm 8.135716e-02
  8 (restart 0) KSP residual norm 2.553728e-02
  9 (restart 0) KSP residual norm 1.100051e-02
 10 (restart 0) KSP residual norm 3.253411e-03
 11 (restart 0) KSP residual norm 8.989603e-04
 12 (restart 0) KSP residual norm 2.958065e-04
 13 (restart 0) KSP residual norm 1.990117e-04
 14 (restart 0) KSP residual norm 1.049355e-04
 15 (restart 0) KSP residual norm 6.484285e-05
 16 (restart 0) KSP residual norm 4.715965e-05
 17 (restart 0) KSP residual norm 2.148122e-05
 18 (restart 0) KSP residual norm 1.172763e-05
 19 (restart 0) KSP residual norm 7.228156e-06
 20 (restart 0) KSP residual norm 3.962436e-06
 21 (restart 0) KSP residual norm 2.242285e-06
 22 (restart 0) KSP residual norm 1.561994e-06
 23 (restart 0) KSP residual norm 1.165878e-06
 24 (restart 0) KSP residual norm 8.723530e-07
 25 (restart 0) KSP residual norm 6.371575e-07
 26 (restart 0) KSP residual norm 4.613925e-07
 27 (restart 0) KSP residual norm 3.493529e-07
 28 (restart 0) KSP residual norm 2.756556e-07
 29 (restart 0) KSP residual norm 2.125098e-07
 30 (restart 0) KSP residual norm 1.644862e-07
 31 (restart 0) KSP residual norm 1.311381e-07
GMRES solver converged in 31 iterations (avg. reduction factor: 5.515e-01)
  Residual norms for GMRES solve
  0 (restart 0) KSP residual norm 1.289157e+01
  1 (restart 0) KSP residual norm 6.058655e+00
  2 (restart 0) KSP residual norm 2.735895e+00
  3 (restart 0) KSP residual norm 1.628919e+00
  4 (restart 0) KSP residual norm 8.374698e-01
  5 (restart 0) KSP residual norm 2.236674e-01
  6 (restart 0) KSP residual norm 1.794070e-01
  7 (restart 0) KSP residual norm 8.417156e-02
  8 (restart 0) KSP residual norm 2.021158e-02
  9 (restart 0) KSP residual norm 1.021581e-02
 10 (restart 0) KSP residual norm 4.713887e-03
 11 (restart 0) KSP residual norm 1.156036e-03
 12 (restart 0) KSP residual norm 2.912152e-04
 13 (restart 0) KSP residual norm 2.217651e-04
 14 (restart 0) KSP residual norm 1.315580e-04
 15 (restart 0) KSP residual norm 7.891827e-05
 16 (restart 0) KSP residual norm 6.101949e-05
 17 (restart 0) KSP residual norm 3.641195e-05
 18 (restart 0) KSP residual norm 2.622357e-05
 19 (restart 0) KSP residual norm 1.978370e-05
 20 (restart 0) KSP residual norm 1.406898e-05
 21 (restart 0) KSP residual norm 1.110515e-05
 22 (restart 0) KSP residual norm 8.803282e-06
 23 (restart 0) KSP residual norm 6.374378e-06
 24 (restart 0) KSP residual norm 4.846318e-06
 25 (restart 0) KSP residual norm 3.845647e-06
 26 (restart 0) KSP residual norm 2.873562e-06
 27 (restart 0) KSP residual norm 2.184880e-06
 28 (restart 0) KSP residual norm 1.553082e-06
 29 (restart 0) KSP residual norm 1.020493e-06
 30 (restart 0) KSP residual norm 7.328864e-07
 31 (restart 0) KSP residual norm 5.548569e-07
 32 (restart 0) KSP residual norm 4.196224e-07
 33 (restart 0) KSP residual norm 3.359732e-07
 34 (restart 0) KSP residual norm 2.780944e-07
 35 (restart 0) KSP residual norm 2.318470e-07
 36 (restart 0) KSP residual norm 2.007131e-07
 37 (restart 0) KSP residual norm 1.732538e-07
 38 (restart 0) KSP residual norm 1.459265e-07
 39 (restart 0) KSP residual norm 1.238090e-07
GMRES solver converged in 39 iterations (avg. reduction factor: 6.229e-01)
  Residual norms for GMRES solve
  0 (restart 0) KSP residual norm 1.471053e+01
  1 (restart 0) KSP residual norm 6.144088e+00
  2 (restart 0) KSP residual norm 3.149995e+00
  3 (restart 0) KSP residual norm 2.260754e+00
  4 (restart 0) KSP residual norm 1.084104e+00
  5 (restart 0) KSP residual norm 4.310816e-01
  6 (restart 0) KSP residual norm 2.573047e-01
  7 (restart 0) KSP residual norm 6.878889e-02
  8 (restart 0) KSP residual norm 2.906592e-02
  9 (restart 0) KSP residual norm 1.995032e-02
 10 (restart 0) KSP residual norm 5.839479e-03
 11 (restart 0) KSP residual norm 1.209566e-03
 12 (restart 0) KSP residual norm 4.849589e-04
 13 (restart 0) KSP residual norm 3.483347e-04
 14 (restart 0) KSP residual norm 1.629430e-04
 15 (restart 0) KSP residual norm 9.293831e-05
 16 (restart 0) KSP residual norm 6.388940e-05
 17 (restart 0) KSP residual norm 3.750835e-05
 18 (restart 0) KSP residual norm 2.496387e-05
 19 (restart 0) KSP residual norm 1.709847e-05
 20 (restart 0) KSP residual norm 1.154743e-05
 21 (restart 0) KSP residual norm 9.044698e-06
 22 (restart 0) KSP residual norm 7.144016e-06
 23 (restart 0) KSP residual norm 5.289911e-06
 24 (restart 0) KSP residual norm 4.014711e-06
 25 (restart 0) KSP residual norm 3.142373e-06
 26 (restart 0) KSP residual norm 2.402165e-06
 27 (restart 0) KSP residual norm 1.955552e-06
 28 (restart 0) KSP residual norm 1.454744e-06
 29 (restart 0) KSP residual norm 1.007615e-06
 30 (restart 0) KSP residual norm 7.568306e-07
 31 (restart 0) KSP residual norm 5.664618e-07
 32 (restart 0) KSP residual norm 4.351235e-07
 33 (restart 0) KSP residual norm 3.655163e-07
 34 (restart 0) KSP residual norm 3.165289e-07
 35 (restart 0) KSP residual norm 2.750998e-07
 36 (restart 0) KSP residual norm 2.405502e-07
 37 (restart 0) KSP residual norm 2.025115e-07
 38 (restart 0) KSP residual norm 1.642555e-07
 39 (restart 0) KSP residual norm 1.302081e-07
GMRES solver converged in 39 iterations (avg. reduction factor: 6.216e-01)
  Residual norms for GMRES solve
  0 (restart 0) KSP residual norm 7.290572e+00
  1 (restart 0) KSP residual norm 5.192942e+00
  2 (restart 0) KSP residual norm 2.570491e+00
  3 (restart 0) KSP residual norm 9.559642e-01
  4 (restart 0) KSP residual norm 5.700345e-01
  5 (restart 0) KSP residual norm 1.933850e-01
  6 (restart 0) KSP residual norm 1.308374e-01
  7 (restart 0) KSP residual norm 5.271682e-02
  8 (restart 0) KSP residual norm 1.782666e-02
  9 (restart 0) KSP residual norm 8.560987e-03
 10 (restart 0) KSP residual norm 3.673886e-03
 11 (restart 0) KSP residual norm 1.010351e-03
 12 (restart 0) KSP residual norm 2.247677e-04
 13 (restart 0) KSP residual norm 1.525306e-04
 14 (restart 0) KSP residual norm 1.051921e-04
 15 (restart 0) KSP residual norm 7.097886e-05
 16 (restart 0) KSP residual norm 5.994658e-05
 17 (restart 0) KSP residual norm 3.796564e-05
 18 (restart 0) KSP residual norm 2.746810e-05
 19 (restart 0) KSP residual norm 2.116115e-05
 20 (restart 0) KSP residual norm 1.542917e-05
 21 (restart 0) KSP residual norm 1.227219e-05
 22 (restart 0) KSP residual norm 9.732956e-06
 23 (restart 0) KSP residual norm 7.354485e-06
 24 (restart 0) KSP residual norm 5.644126e-06
 25 (restart 0) KSP residual norm 4.239946e-06
 26 (restart 0) KSP residual norm 3.309213e-06
 27 (restart 0) KSP residual norm 2.431635e-06
 28 (restart 0) KSP residual norm 1.613474e-06
 29 (restart 0) KSP residual norm 1.147426e-06
 30 (restart 0) KSP residual norm 8.333688e-07
 31 (restart 0) KSP residual norm 6.290708e-07
 32 (restart 0) KSP residual norm 4.782694e-07
 33 (restart 0) KSP residual norm 3.822103e-07
 34 (restart 0) KSP residual norm 3.145630e-07
 35 (restart 0) KSP residual norm 2.651311e-07
 36 (restart 0) KSP residual norm 2.291372e-07
 37 (restart 0) KSP residual norm 1.990481e-07
 38 (restart 0) KSP residual norm 1.720007e-07
 39 (restart 0) KSP residual norm 1.441797e-07
 40 (restart 0) KSP residual norm 1.137499e-07
 41 (restart 0) KSP residual norm 8.601085e-08
 42 (restart 0) KSP residual norm 6.301443e-08
GMRES solver converged in 42 iterations (avg. reduction factor: 6.427e-01)
  3 EPS nconv=10 first unconverged value (error) -2.83269e-05+0.391334i (7.87180524e-03)

 Linear eigensolve converged (10 eigenpairs) due to CONVERGED_TOL; iterations 3
 Total number of linear systems solved: 43
 Total number of linear solver iterations: 1713
 Found 10 converged eigenvalues (first = -4.633e-03+1.010e+01i)

 Refining eigenvalues with Quasi-Newton solver
  Residual norms for GMRES solve
  0 (restart 0) KSP residual norm 2.361488e+01
  1 (restart 0) KSP residual norm 1.436762e+00
  2 (restart 0) KSP residual norm 2.655691e-01
  3 (restart 0) KSP residual norm 2.136669e-01
  4 (restart 0) KSP residual norm 1.685826e-01
  5 (restart 0) KSP residual norm 1.321064e-01
  6 (restart 0) KSP residual norm 1.282147e-01
  7 (restart 0) KSP residual norm 1.221477e-01
  8 (restart 0) KSP residual norm 1.033761e-01
  9 (restart 0) KSP residual norm 8.542018e-02
 10 (restart 0) KSP residual norm 6.754827e-02
 11 (restart 0) KSP residual norm 3.563404e-02
 12 (restart 0) KSP residual norm 2.956816e-02
 13 (restart 0) KSP residual norm 2.906345e-02
 14 (restart 0) KSP residual norm 2.638492e-02
 15 (restart 0) KSP residual norm 2.310427e-02
 16 (restart 0) KSP residual norm 1.872612e-02
 17 (restart 0) KSP residual norm 1.789558e-02
 18 (restart 0) KSP residual norm 1.781046e-02
 19 (restart 0) KSP residual norm 1.768148e-02
 20 (restart 0) KSP residual norm 1.690549e-02
 21 (restart 0) KSP residual norm 1.645055e-02
 22 (restart 0) KSP residual norm 1.562923e-02
 23 (restart 0) KSP residual norm 1.549563e-02
 24 (restart 0) KSP residual norm 1.477476e-02
 25 (restart 0) KSP residual norm 1.369878e-02
 26 (restart 0) KSP residual norm 1.243918e-02
 27 (restart 0) KSP residual norm 1.113501e-02
 28 (restart 0) KSP residual norm 9.557285e-03
 29 (restart 0) KSP residual norm 8.466502e-03
 30 (restart 0) KSP residual norm 7.461933e-03
 31 (restart 0) KSP residual norm 6.082767e-03
 32 (restart 0) KSP residual norm 5.166836e-03
 33 (restart 0) KSP residual norm 3.735004e-03
 34 (restart 0) KSP residual norm 3.052979e-03
 35 (restart 0) KSP residual norm 2.568242e-03
 36 (restart 0) KSP residual norm 2.119072e-03
GMRES solver converged in 36 iterations (avg. reduction factor: 7.719e-01)
0 NLEPS (nconv=0, restart=0) residual norm 8.073227e-04
  Residual norms for GMRES solve
  0 (restart 0) KSP residual norm 8.682279e-07
  1 (restart 0) KSP residual norm 6.080112e-07
  2 (restart 0) KSP residual norm 5.503342e-07
  3 (restart 0) KSP residual norm 3.607350e-07
  4 (restart 0) KSP residual norm 3.520808e-07
  5 (restart 0) KSP residual norm 2.489612e-07
  6 (restart 0) KSP residual norm 2.250978e-07
  7 (restart 0) KSP residual norm 2.043819e-07
  8 (restart 0) KSP residual norm 1.582389e-07
  9 (restart 0) KSP residual norm 1.576488e-07
 10 (restart 0) KSP residual norm 1.455321e-07
 11 (restart 0) KSP residual norm 1.409318e-07
 12 (restart 0) KSP residual norm 1.401376e-07
 13 (restart 0) KSP residual norm 1.326798e-07
 14 (restart 0) KSP residual norm 1.316235e-07
 15 (restart 0) KSP residual norm 1.292090e-07
 16 (restart 0) KSP residual norm 1.279604e-07
 17 (restart 0) KSP residual norm 1.275034e-07
 18 (restart 0) KSP residual norm 1.269890e-07
 19 (restart 0) KSP residual norm 1.249079e-07
 20 (restart 0) KSP residual norm 1.217609e-07
 21 (restart 0) KSP residual norm 1.204338e-07
 22 (restart 0) KSP residual norm 1.200330e-07
 23 (restart 0) KSP residual norm 1.192023e-07
 24 (restart 0) KSP residual norm 1.185332e-07
 25 (restart 0) KSP residual norm 1.184868e-07
 26 (restart 0) KSP residual norm 1.179134e-07
 27 (restart 0) KSP residual norm 1.159877e-07
 28 (restart 0) KSP residual norm 1.142073e-07
 29 (restart 0) KSP residual norm 1.133560e-07
 30 (restart 0) KSP residual norm 1.129745e-07
 31 (restart 0) KSP residual norm 1.122072e-07
 32 (restart 0) KSP residual norm 1.116923e-07
 33 (restart 0) KSP residual norm 1.116512e-07
 34 (restart 0) KSP residual norm 1.114466e-07
 35 (restart 0) KSP residual norm 1.110720e-07
 36 (restart 0) KSP residual norm 1.109172e-07
 37 (restart 0) KSP residual norm 1.092943e-07
 38 (restart 0) KSP residual norm 1.086903e-07
 39 (restart 0) KSP residual norm 1.062763e-07
 40 (restart 0) KSP residual norm 1.050683e-07
 41 (restart 0) KSP residual norm 1.017916e-07
 42 (restart 0) KSP residual norm 9.803646e-08
 43 (restart 0) KSP residual norm 9.243677e-08
 44 (restart 0) KSP residual norm 8.502489e-08
 45 (restart 0) KSP residual norm 7.539727e-08
 46 (restart 0) KSP residual norm 6.677304e-08
 47 (restart 0) KSP residual norm 5.503975e-08
 48 (restart 0) KSP residual norm 4.638231e-08
 49 (restart 0) KSP residual norm 3.625168e-08
 50 (restart 0) KSP residual norm 2.762485e-08
 51 (restart 0) KSP residual norm 2.009839e-08
 52 (restart 0) KSP residual norm 1.549544e-08
 53 (restart 0) KSP residual norm 1.185091e-08
 54 (restart 0) KSP residual norm 9.035477e-09
 55 (restart 0) KSP residual norm 7.062679e-09
 56 (restart 0) KSP residual norm 5.502646e-09
 57 (restart 0) KSP residual norm 4.234837e-09
 58 (restart 0) KSP residual norm 3.322960e-09
 59 (restart 0) KSP residual norm 2.537880e-09
 60 (restart 0) KSP residual norm 1.885112e-09
 61 (restart 0) KSP residual norm 1.408267e-09
 62 (restart 0) KSP residual norm 1.042517e-09
 63 (restart 0) KSP residual norm 7.782518e-10
 64 (restart 0) KSP residual norm 5.829513e-10
 65 (restart 0) KSP residual norm 4.330866e-10
 66 (restart 0) KSP residual norm 3.195773e-10
 67 (restart 0) KSP residual norm 2.319322e-10
 68 (restart 0) KSP residual norm 1.650681e-10
 69 (restart 0) KSP residual norm 1.176492e-10
 70 (restart 0) KSP residual norm 8.628943e-11
GMRES solver converged in 70 iterations (avg. reduction factor: 8.766e-01)
1 NLEPS (nconv=0, restart=0) residual norm 8.378006e-07
  Residual norms for GMRES solve
  0 (restart 0) KSP residual norm 1.001616e-10
  1 (restart 0) KSP residual norm 8.646185e-11
  2 (restart 0) KSP residual norm 7.631831e-11
  3 (restart 0) KSP residual norm 6.949590e-11
  4 (restart 0) KSP residual norm 5.525568e-11
  5 (restart 0) KSP residual norm 4.296727e-11
  6 (restart 0) KSP residual norm 3.796534e-11
  7 (restart 0) KSP residual norm 3.270297e-11
  8 (restart 0) KSP residual norm 2.374108e-11
  9 (restart 0) KSP residual norm 1.597577e-11
 10 (restart 0) KSP residual norm 1.254431e-11
 11 (restart 0) KSP residual norm 1.143590e-11
 12 (restart 0) KSP residual norm 1.076539e-11
 13 (restart 0) KSP residual norm 1.020478e-11
 14 (restart 0) KSP residual norm 9.057975e-12
 15 (restart 0) KSP residual norm 7.595895e-12
 16 (restart 0) KSP residual norm 6.254649e-12
 17 (restart 0) KSP residual norm 5.533372e-12
 18 (restart 0) KSP residual norm 5.097708e-12
 19 (restart 0) KSP residual norm 4.778247e-12
 20 (restart 0) KSP residual norm 4.376754e-12
 21 (restart 0) KSP residual norm 3.867804e-12
 22 (restart 0) KSP residual norm 3.485378e-12
 23 (restart 0) KSP residual norm 3.167794e-12
 24 (restart 0) KSP residual norm 3.163936e-12
 25 (restart 0) KSP residual norm 3.136573e-12
 26 (restart 0) KSP residual norm 3.105545e-12
 27 (restart 0) KSP residual norm 3.061253e-12
 28 (restart 0) KSP residual norm 3.011725e-12
 29 (restart 0) KSP residual norm 2.777928e-12
 30 (restart 0) KSP residual norm 2.668498e-12
 31 (restart 0) KSP residual norm 2.548996e-12
 32 (restart 0) KSP residual norm 2.422428e-12
 33 (restart 0) KSP residual norm 2.381963e-12
 34 (restart 0) KSP residual norm 2.363178e-12
 35 (restart 0) KSP residual norm 2.345432e-12
 36 (restart 0) KSP residual norm 2.217073e-12
 37 (restart 0) KSP residual norm 2.121197e-12
 38 (restart 0) KSP residual norm 2.057500e-12
 39 (restart 0) KSP residual norm 2.038762e-12
 40 (restart 0) KSP residual norm 2.036596e-12
 41 (restart 0) KSP residual norm 2.033090e-12
 42 (restart 0) KSP residual norm 2.032138e-12
 43 (restart 0) KSP residual norm 2.026348e-12
 44 (restart 0) KSP residual norm 2.009980e-12
 45 (restart 0) KSP residual norm 1.968338e-12
 46 (restart 0) KSP residual norm 1.957488e-12
 47 (restart 0) KSP residual norm 1.938465e-12
 48 (restart 0) KSP residual norm 1.892427e-12
 49 (restart 0) KSP residual norm 1.847389e-12
 50 (restart 0) KSP residual norm 1.791683e-12
 51 (restart 0) KSP residual norm 1.770721e-12
 52 (restart 0) KSP residual norm 1.765106e-12
 53 (restart 0) KSP residual norm 1.752962e-12
 54 (restart 0) KSP residual norm 1.709246e-12
 55 (restart 0) KSP residual norm 1.684016e-12
 56 (restart 0) KSP residual norm 1.676210e-12
 57 (restart 0) KSP residual norm 1.664221e-12
 58 (restart 0) KSP residual norm 1.640154e-12
 59 (restart 0) KSP residual norm 1.582372e-12
 60 (restart 0) KSP residual norm 1.505959e-12
 61 (restart 0) KSP residual norm 1.392607e-12
 62 (restart 0) KSP residual norm 1.302211e-12
 63 (restart 0) KSP residual norm 1.193652e-12
 64 (restart 0) KSP residual norm 1.077649e-12
 65 (restart 0) KSP residual norm 8.891924e-13
GMRES solver converged in 65 iterations (avg. reduction factor: 9.299e-01)
2 NLEPS (nconv=0, restart=0) residual norm 6.018981e-09
Eigenvalue 0, Quasi-Newton converged in 2 iterations (-4.633e-03+1.010e+01i).
  Residual norms for GMRES solve
  0 (restart 0) KSP residual norm 2.053233e+01
  1 (restart 0) KSP residual norm 1.659577e+00
  2 (restart 0) KSP residual norm 1.178516e+00
  3 (restart 0) KSP residual norm 8.072393e-01
  4 (restart 0) KSP residual norm 6.068121e-01
  5 (restart 0) KSP residual norm 2.656098e-01
  6 (restart 0) KSP residual norm 1.509041e-01
  7 (restart 0) KSP residual norm 1.381369e-01
  8 (restart 0) KSP residual norm 1.130298e-01
  9 (restart 0) KSP residual norm 7.653525e-02
 10 (restart 0) KSP residual norm 6.397785e-02
 11 (restart 0) KSP residual norm 5.516715e-02
 12 (restart 0) KSP residual norm 5.089733e-02
 13 (restart 0) KSP residual norm 3.893805e-02
 14 (restart 0) KSP residual norm 3.700591e-02
 15 (restart 0) KSP residual norm 3.650801e-02
 16 (restart 0) KSP residual norm 3.596466e-02
 17 (restart 0) KSP residual norm 3.511753e-02
 18 (restart 0) KSP residual norm 2.756471e-02
 19 (restart 0) KSP residual norm 2.519693e-02
 20 (restart 0) KSP residual norm 2.348567e-02
 21 (restart 0) KSP residual norm 2.162319e-02
 22 (restart 0) KSP residual norm 2.116668e-02
 23 (restart 0) KSP residual norm 2.110537e-02
 24 (restart 0) KSP residual norm 2.109563e-02
 25 (restart 0) KSP residual norm 2.080207e-02
 26 (restart 0) KSP residual norm 2.030581e-02
 27 (restart 0) KSP residual norm 1.973833e-02
 28 (restart 0) KSP residual norm 1.905182e-02
 29 (restart 0) KSP residual norm 1.779073e-02
 30 (restart 0) KSP residual norm 1.549751e-02
 31 (restart 0) KSP residual norm 1.383304e-02
 32 (restart 0) KSP residual norm 1.175744e-02
 33 (restart 0) KSP residual norm 9.331256e-03
 34 (restart 0) KSP residual norm 7.224325e-03
 35 (restart 0) KSP residual norm 5.910281e-03
 36 (restart 0) KSP residual norm 4.814793e-03
 37 (restart 0) KSP residual norm 4.150767e-03
 38 (restart 0) KSP residual norm 3.479664e-03
 39 (restart 0) KSP residual norm 2.919155e-03
 40 (restart 0) KSP residual norm 2.421777e-03
 41 (restart 0) KSP residual norm 1.968110e-03
GMRES solver converged in 41 iterations (avg. reduction factor: 7.980e-01)
0 NLEPS (nconv=1, restart=0) residual norm 1.391125e-01
  Residual norms for GMRES solve
  0 (restart 0) KSP residual norm 6.371761e-01
  1 (restart 0) KSP residual norm 4.058795e-01
  2 (restart 0) KSP residual norm 1.725356e-01
  3 (restart 0) KSP residual norm 1.717003e-01
  4 (restart 0) KSP residual norm 1.069976e-01
  5 (restart 0) KSP residual norm 7.083911e-02
  6 (restart 0) KSP residual norm 7.082948e-02
  7 (restart 0) KSP residual norm 6.644430e-02
  8 (restart 0) KSP residual norm 6.468031e-02
  9 (restart 0) KSP residual norm 6.392042e-02
 10 (restart 0) KSP residual norm 5.094909e-02
 11 (restart 0) KSP residual norm 3.682936e-02
 12 (restart 0) KSP residual norm 2.135828e-02
 13 (restart 0) KSP residual norm 1.934947e-02
 14 (restart 0) KSP residual norm 1.603581e-02
 15 (restart 0) KSP residual norm 1.534390e-02
 16 (restart 0) KSP residual norm 1.341582e-02
 17 (restart 0) KSP residual norm 1.219579e-02
 18 (restart 0) KSP residual norm 1.010135e-02
 19 (restart 0) KSP residual norm 7.130521e-03
 20 (restart 0) KSP residual norm 6.530660e-03
 21 (restart 0) KSP residual norm 6.201916e-03
 22 (restart 0) KSP residual norm 6.096704e-03
 23 (restart 0) KSP residual norm 6.082903e-03
 24 (restart 0) KSP residual norm 5.960509e-03
 25 (restart 0) KSP residual norm 5.865139e-03
 26 (restart 0) KSP residual norm 5.636516e-03
 27 (restart 0) KSP residual norm 5.354650e-03
 28 (restart 0) KSP residual norm 5.104507e-03
 29 (restart 0) KSP residual norm 4.405130e-03
 30 (restart 0) KSP residual norm 3.858405e-03
 31 (restart 0) KSP residual norm 3.271398e-03
 32 (restart 0) KSP residual norm 2.612847e-03
 33 (restart 0) KSP residual norm 2.102691e-03
 34 (restart 0) KSP residual norm 1.639865e-03
 35 (restart 0) KSP residual norm 1.356217e-03
 36 (restart 0) KSP residual norm 1.103087e-03
 37 (restart 0) KSP residual norm 9.218128e-04
 38 (restart 0) KSP residual norm 7.761259e-04
 39 (restart 0) KSP residual norm 6.583871e-04
 40 (restart 0) KSP residual norm 5.341725e-04
 41 (restart 0) KSP residual norm 4.151059e-04
 42 (restart 0) KSP residual norm 3.136125e-04
 43 (restart 0) KSP residual norm 2.306833e-04
 44 (restart 0) KSP residual norm 1.813735e-04
 45 (restart 0) KSP residual norm 1.443158e-04
 46 (restart 0) KSP residual norm 1.168773e-04
 47 (restart 0) KSP residual norm 9.269023e-05
 48 (restart 0) KSP residual norm 7.291950e-05
 49 (restart 0) KSP residual norm 5.716624e-05
GMRES solver converged in 49 iterations (avg. reduction factor: 8.268e-01)
1 NLEPS (nconv=1, restart=0) residual norm 4.217171e-03
  Residual norms for GMRES solve
  0 (restart 0) KSP residual norm 1.903988e-06
  1 (restart 0) KSP residual norm 8.582630e-07
  2 (restart 0) KSP residual norm 3.631333e-07
  3 (restart 0) KSP residual norm 1.314637e-07
  4 (restart 0) KSP residual norm 1.313028e-07
  5 (restart 0) KSP residual norm 9.065424e-08
  6 (restart 0) KSP residual norm 8.484807e-08
  7 (restart 0) KSP residual norm 8.386413e-08
  8 (restart 0) KSP residual norm 8.301359e-08
  9 (restart 0) KSP residual norm 7.489452e-08
 10 (restart 0) KSP residual norm 6.943788e-08
 11 (restart 0) KSP residual norm 6.838414e-08
 12 (restart 0) KSP residual norm 6.531765e-08
 13 (restart 0) KSP residual norm 6.321091e-08
 14 (restart 0) KSP residual norm 6.306040e-08
 15 (restart 0) KSP residual norm 5.129776e-08
 16 (restart 0) KSP residual norm 4.143101e-08
 17 (restart 0) KSP residual norm 3.812182e-08
 18 (restart 0) KSP residual norm 3.802960e-08
 19 (restart 0) KSP residual norm 3.584805e-08
 20 (restart 0) KSP residual norm 3.388488e-08
 21 (restart 0) KSP residual norm 3.346216e-08
 22 (restart 0) KSP residual norm 3.341040e-08
 23 (restart 0) KSP residual norm 3.314542e-08
 24 (restart 0) KSP residual norm 3.280708e-08
 25 (restart 0) KSP residual norm 3.262518e-08
 26 (restart 0) KSP residual norm 3.255794e-08
 27 (restart 0) KSP residual norm 3.250273e-08
 28 (restart 0) KSP residual norm 3.228958e-08
 29 (restart 0) KSP residual norm 3.225987e-08
 30 (restart 0) KSP residual norm 3.222948e-08
 31 (restart 0) KSP residual norm 3.222129e-08
 32 (restart 0) KSP residual norm 3.217825e-08
 33 (restart 0) KSP residual norm 3.183653e-08
 34 (restart 0) KSP residual norm 3.143824e-08
 35 (restart 0) KSP residual norm 3.113666e-08
 36 (restart 0) KSP residual norm 3.069411e-08
 37 (restart 0) KSP residual norm 2.999066e-08
 38 (restart 0) KSP residual norm 2.952094e-08
 39 (restart 0) KSP residual norm 2.873372e-08
 40 (restart 0) KSP residual norm 2.658988e-08
 41 (restart 0) KSP residual norm 2.379099e-08
 42 (restart 0) KSP residual norm 1.949939e-08
 43 (restart 0) KSP residual norm 1.522585e-08
 44 (restart 0) KSP residual norm 1.146514e-08
 45 (restart 0) KSP residual norm 8.720140e-09
 46 (restart 0) KSP residual norm 6.285269e-09
 47 (restart 0) KSP residual norm 4.831644e-09
 48 (restart 0) KSP residual norm 3.821975e-09
 49 (restart 0) KSP residual norm 3.130191e-09
 50 (restart 0) KSP residual norm 2.516444e-09
 51 (restart 0) KSP residual norm 1.935490e-09
 52 (restart 0) KSP residual norm 1.476168e-09
 53 (restart 0) KSP residual norm 1.103981e-09
 54 (restart 0) KSP residual norm 8.621156e-10
 55 (restart 0) KSP residual norm 6.297150e-10
 56 (restart 0) KSP residual norm 4.630244e-10
 57 (restart 0) KSP residual norm 3.315452e-10
 58 (restart 0) KSP residual norm 2.385364e-10
 59 (restart 0) KSP residual norm 1.800930e-10
GMRES solver converged in 59 iterations (avg. reduction factor: 8.547e-01)
2 NLEPS (nconv=1, restart=0) residual norm 4.483720e-06
  Residual norms for GMRES solve
  0 (restart 0) KSP residual norm 2.208225e-06
  1 (restart 0) KSP residual norm 1.040846e-06
  2 (restart 0) KSP residual norm 4.252431e-07
  3 (restart 0) KSP residual norm 1.600487e-07
  4 (restart 0) KSP residual norm 1.599687e-07
  5 (restart 0) KSP residual norm 1.122903e-07
  6 (restart 0) KSP residual norm 1.032364e-07
  7 (restart 0) KSP residual norm 1.019772e-07
  8 (restart 0) KSP residual norm 1.009355e-07
  9 (restart 0) KSP residual norm 9.201971e-08
 10 (restart 0) KSP residual norm 8.726764e-08
 11 (restart 0) KSP residual norm 8.441531e-08
 12 (restart 0) KSP residual norm 7.901603e-08
 13 (restart 0) KSP residual norm 7.764862e-08
 14 (restart 0) KSP residual norm 7.741875e-08
 15 (restart 0) KSP residual norm 6.168717e-08
 16 (restart 0) KSP residual norm 5.010521e-08
 17 (restart 0) KSP residual norm 4.132398e-08
 18 (restart 0) KSP residual norm 3.990602e-08
 19 (restart 0) KSP residual norm 3.988613e-08
 20 (restart 0) KSP residual norm 3.942251e-08
 21 (restart 0) KSP residual norm 3.912675e-08
 22 (restart 0) KSP residual norm 3.864318e-08
 23 (restart 0) KSP residual norm 3.855021e-08
 24 (restart 0) KSP residual norm 3.825602e-08
 25 (restart 0) KSP residual norm 3.741785e-08
 26 (restart 0) KSP residual norm 3.730633e-08
 27 (restart 0) KSP residual norm 3.656280e-08
 28 (restart 0) KSP residual norm 3.536574e-08
 29 (restart 0) KSP residual norm 3.344988e-08
 30 (restart 0) KSP residual norm 3.031655e-08
 31 (restart 0) KSP residual norm 2.762044e-08
 32 (restart 0) KSP residual norm 2.463113e-08
 33 (restart 0) KSP residual norm 2.061098e-08
 34 (restart 0) KSP residual norm 1.717623e-08
 35 (restart 0) KSP residual norm 1.374610e-08
 36 (restart 0) KSP residual norm 1.122127e-08
 37 (restart 0) KSP residual norm 8.888835e-09
 38 (restart 0) KSP residual norm 6.994957e-09
 39 (restart 0) KSP residual norm 5.892982e-09
 40 (restart 0) KSP residual norm 4.949743e-09
 41 (restart 0) KSP residual norm 4.310887e-09
 42 (restart 0) KSP residual norm 3.702595e-09
 43 (restart 0) KSP residual norm 3.136231e-09
 44 (restart 0) KSP residual norm 2.652571e-09
 45 (restart 0) KSP residual norm 2.187535e-09
 46 (restart 0) KSP residual norm 1.750390e-09
 47 (restart 0) KSP residual norm 1.382319e-09
 48 (restart 0) KSP residual norm 1.100313e-09
 49 (restart 0) KSP residual norm 8.376550e-10
 50 (restart 0) KSP residual norm 6.344552e-10
 51 (restart 0) KSP residual norm 4.809074e-10
 52 (restart 0) KSP residual norm 3.526498e-10
 53 (restart 0) KSP residual norm 2.653173e-10
 54 (restart 0) KSP residual norm 2.026992e-10
 55 (restart 0) KSP residual norm 1.550479e-10
 56 (restart 0) KSP residual norm 1.194295e-10
 57 (restart 0) KSP residual norm 9.321967e-11
 58 (restart 0) KSP residual norm 7.141531e-11
 59 (restart 0) KSP residual norm 5.499552e-11
 60 (restart 0) KSP residual norm 4.134318e-11
 61 (restart 0) KSP residual norm 3.235482e-11
 62 (restart 0) KSP residual norm 2.426481e-11
 63 (restart 0) KSP residual norm 1.800642e-11
 64 (restart 0) KSP residual norm 1.369039e-11
 65 (restart 0) KSP residual norm 1.008310e-11
 66 (restart 0) KSP residual norm 7.842709e-12
GMRES solver converged in 66 iterations (avg. reduction factor: 8.269e-01)
3 NLEPS (nconv=1, restart=0) residual norm 6.653239e-08
  Residual norms for GMRES solve
  0 (restart 0) KSP residual norm 2.375735e-11
  1 (restart 0) KSP residual norm 7.393032e-12
  2 (restart 0) KSP residual norm 6.768703e-12
  3 (restart 0) KSP residual norm 6.184612e-12
  4 (restart 0) KSP residual norm 5.769617e-12
  5 (restart 0) KSP residual norm 5.198548e-12
  6 (restart 0) KSP residual norm 5.028324e-12
  7 (restart 0) KSP residual norm 5.026695e-12
  8 (restart 0) KSP residual norm 5.002903e-12
  9 (restart 0) KSP residual norm 4.758551e-12
 10 (restart 0) KSP residual norm 4.262282e-12
 11 (restart 0) KSP residual norm 3.467607e-12
 12 (restart 0) KSP residual norm 3.182249e-12
 13 (restart 0) KSP residual norm 3.028945e-12
 14 (restart 0) KSP residual norm 2.438298e-12
 15 (restart 0) KSP residual norm 1.892294e-12
 16 (restart 0) KSP residual norm 1.756929e-12
 17 (restart 0) KSP residual norm 1.520622e-12
 18 (restart 0) KSP residual norm 1.401787e-12
 19 (restart 0) KSP residual norm 1.369632e-12
 20 (restart 0) KSP residual norm 1.368100e-12
 21 (restart 0) KSP residual norm 1.271189e-12
 22 (restart 0) KSP residual norm 1.223088e-12
 23 (restart 0) KSP residual norm 1.109819e-12
 24 (restart 0) KSP residual norm 1.022398e-12
 25 (restart 0) KSP residual norm 9.373763e-13
GMRES solver converged in 25 iterations (avg. reduction factor: 8.787e-01)
4 NLEPS (nconv=1, restart=0) residual norm 5.166119e-09
Eigenvalue 1, Quasi-Newton converged in 4 iterations (-2.997e-02+1.084e+01i).
  Residual norms for GMRES solve
  0 (restart 0) KSP residual norm 1.931940e+01
  1 (restart 0) KSP residual norm 1.974697e+00
  2 (restart 0) KSP residual norm 1.944382e+00
  3 (restart 0) KSP residual norm 1.405743e+00
  4 (restart 0) KSP residual norm 1.383740e+00
  5 (restart 0) KSP residual norm 1.075118e+00
  6 (restart 0) KSP residual norm 8.450394e-01
  7 (restart 0) KSP residual norm 6.517200e-01
  8 (restart 0) KSP residual norm 3.830331e-01
  9 (restart 0) KSP residual norm 2.548161e-01
 10 (restart 0) KSP residual norm 1.790074e-01
 11 (restart 0) KSP residual norm 1.659619e-01
 12 (restart 0) KSP residual norm 1.655679e-01
 13 (restart 0) KSP residual norm 1.517813e-01
 14 (restart 0) KSP residual norm 1.009180e-01
 15 (restart 0) KSP residual norm 5.010272e-02
 16 (restart 0) KSP residual norm 3.801539e-02
 17 (restart 0) KSP residual norm 3.679901e-02
 18 (restart 0) KSP residual norm 3.581180e-02
 19 (restart 0) KSP residual norm 2.050810e-02
 20 (restart 0) KSP residual norm 1.291170e-02
 21 (restart 0) KSP residual norm 6.359611e-03
 22 (restart 0) KSP residual norm 3.291665e-03
 23 (restart 0) KSP residual norm 2.495902e-03
 24 (restart 0) KSP residual norm 2.253113e-03
 25 (restart 0) KSP residual norm 2.174594e-03
 26 (restart 0) KSP residual norm 2.134868e-03
 27 (restart 0) KSP residual norm 2.130663e-03
 28 (restart 0) KSP residual norm 2.129042e-03
 29 (restart 0) KSP residual norm 2.128834e-03
 30 (restart 0) KSP residual norm 2.122272e-03
 31 (restart 0) KSP residual norm 2.098067e-03
 32 (restart 0) KSP residual norm 2.076050e-03
 33 (restart 0) KSP residual norm 2.035212e-03
 34 (restart 0) KSP residual norm 1.953995e-03
 35 (restart 0) KSP residual norm 1.714613e-03
GMRES solver converged in 35 iterations (avg. reduction factor: 7.660e-01)
0 NLEPS (nconv=2, restart=0) residual norm 1.351081e-01
  Residual norms for GMRES solve
  0 (restart 0) KSP residual norm 1.773285e+00
  1 (restart 0) KSP residual norm 6.987620e-01
  2 (restart 0) KSP residual norm 5.476664e-01
  3 (restart 0) KSP residual norm 5.130394e-01
  4 (restart 0) KSP residual norm 3.599208e-01
  5 (restart 0) KSP residual norm 3.585805e-01
  6 (restart 0) KSP residual norm 2.440078e-01
  7 (restart 0) KSP residual norm 1.680058e-01
  8 (restart 0) KSP residual norm 1.645123e-01
  9 (restart 0) KSP residual norm 1.633393e-01
 10 (restart 0) KSP residual norm 1.546463e-01
 11 (restart 0) KSP residual norm 9.592131e-02
 12 (restart 0) KSP residual norm 6.497102e-02
 13 (restart 0) KSP residual norm 6.256574e-02
 14 (restart 0) KSP residual norm 4.335320e-02
 15 (restart 0) KSP residual norm 2.427825e-02
 16 (restart 0) KSP residual norm 1.031512e-02
 17 (restart 0) KSP residual norm 6.047829e-03
 18 (restart 0) KSP residual norm 4.160371e-03
 19 (restart 0) KSP residual norm 3.287335e-03
 20 (restart 0) KSP residual norm 3.195782e-03
 21 (restart 0) KSP residual norm 3.055271e-03
 22 (restart 0) KSP residual norm 3.050674e-03
 23 (restart 0) KSP residual norm 3.017161e-03
 24 (restart 0) KSP residual norm 3.003363e-03
 25 (restart 0) KSP residual norm 2.990985e-03
 26 (restart 0) KSP residual norm 2.978270e-03
 27 (restart 0) KSP residual norm 2.975927e-03
 28 (restart 0) KSP residual norm 2.972776e-03
 29 (restart 0) KSP residual norm 2.865473e-03
 30 (restart 0) KSP residual norm 2.773701e-03
 31 (restart 0) KSP residual norm 2.413015e-03
 32 (restart 0) KSP residual norm 1.719188e-03
 33 (restart 0) KSP residual norm 1.066429e-03
 34 (restart 0) KSP residual norm 7.182849e-04
 35 (restart 0) KSP residual norm 4.407535e-04
 36 (restart 0) KSP residual norm 2.875563e-04
 37 (restart 0) KSP residual norm 1.646380e-04
GMRES solver converged in 37 iterations (avg. reduction factor: 7.781e-01)
1 NLEPS (nconv=2, restart=0) residual norm 1.548133e-03
  Residual norms for GMRES solve
  0 (restart 0) KSP residual norm 2.382458e-07
  1 (restart 0) KSP residual norm 1.848763e-07
  2 (restart 0) KSP residual norm 1.797872e-07
  3 (restart 0) KSP residual norm 1.753846e-07
  4 (restart 0) KSP residual norm 1.683779e-07
  5 (restart 0) KSP residual norm 1.635650e-07
  6 (restart 0) KSP residual norm 1.617183e-07
  7 (restart 0) KSP residual norm 1.374004e-07
  8 (restart 0) KSP residual norm 1.250406e-07
  9 (restart 0) KSP residual norm 1.245548e-07
 10 (restart 0) KSP residual norm 1.030983e-07
 11 (restart 0) KSP residual norm 8.648230e-08
 12 (restart 0) KSP residual norm 8.233093e-08
 13 (restart 0) KSP residual norm 7.631040e-08
 14 (restart 0) KSP residual norm 7.544839e-08
 15 (restart 0) KSP residual norm 7.236755e-08
 16 (restart 0) KSP residual norm 6.459002e-08
 17 (restart 0) KSP residual norm 5.966429e-08
 18 (restart 0) KSP residual norm 5.925383e-08
 19 (restart 0) KSP residual norm 5.605102e-08
 20 (restart 0) KSP residual norm 5.179949e-08
 21 (restart 0) KSP residual norm 4.644655e-08
 22 (restart 0) KSP residual norm 4.492509e-08
 23 (restart 0) KSP residual norm 3.622162e-08
 24 (restart 0) KSP residual norm 2.461400e-08
 25 (restart 0) KSP residual norm 1.884575e-08
 26 (restart 0) KSP residual norm 1.539580e-08
 27 (restart 0) KSP residual norm 1.405704e-08
 28 (restart 0) KSP residual norm 1.151383e-08
 29 (restart 0) KSP residual norm 1.136705e-08
 30 (restart 0) KSP residual norm 1.077366e-08
 31 (restart 0) KSP residual norm 9.704424e-09
 32 (restart 0) KSP residual norm 8.125541e-09
 33 (restart 0) KSP residual norm 7.415345e-09
 34 (restart 0) KSP residual norm 7.145926e-09
 35 (restart 0) KSP residual norm 7.054647e-09
 36 (restart 0) KSP residual norm 6.901585e-09
 37 (restart 0) KSP residual norm 6.814696e-09
 38 (restart 0) KSP residual norm 6.712452e-09
 39 (restart 0) KSP residual norm 6.398446e-09
 40 (restart 0) KSP residual norm 5.756882e-09
 41 (restart 0) KSP residual norm 5.331250e-09
 42 (restart 0) KSP residual norm 5.222616e-09
 43 (restart 0) KSP residual norm 5.132493e-09
 44 (restart 0) KSP residual norm 4.806051e-09
 45 (restart 0) KSP residual norm 4.580451e-09
 46 (restart 0) KSP residual norm 4.392611e-09
 47 (restart 0) KSP residual norm 4.313297e-09
 48 (restart 0) KSP residual norm 4.284212e-09
 49 (restart 0) KSP residual norm 4.185800e-09
 50 (restart 0) KSP residual norm 3.917917e-09
 51 (restart 0) KSP residual norm 3.489755e-09
 52 (restart 0) KSP residual norm 2.928913e-09
 53 (restart 0) KSP residual norm 2.447294e-09
 54 (restart 0) KSP residual norm 1.971099e-09
 55 (restart 0) KSP residual norm 1.596396e-09
 56 (restart 0) KSP residual norm 1.241089e-09
 57 (restart 0) KSP residual norm 9.769636e-10
 58 (restart 0) KSP residual norm 7.651214e-10
 59 (restart 0) KSP residual norm 5.833739e-10
 60 (restart 0) KSP residual norm 4.370769e-10
 61 (restart 0) KSP residual norm 3.243600e-10
 62 (restart 0) KSP residual norm 2.257105e-10
 63 (restart 0) KSP residual norm 1.668601e-10
 64 (restart 0) KSP residual norm 1.219424e-10
 65 (restart 0) KSP residual norm 8.975622e-11
 66 (restart 0) KSP residual norm 6.605631e-11
 67 (restart 0) KSP residual norm 5.097329e-11
 68 (restart 0) KSP residual norm 3.758106e-11
 69 (restart 0) KSP residual norm 2.819875e-11
 70 (restart 0) KSP residual norm 2.213229e-11
GMRES solver converged in 70 iterations (avg. reduction factor: 8.758e-01)
2 NLEPS (nconv=2, restart=0) residual norm 6.306025e-07
  Residual norms for GMRES solve
  0 (restart 0) KSP residual norm 3.157475e-09
  1 (restart 0) KSP residual norm 2.157245e-09
  2 (restart 0) KSP residual norm 1.995901e-09
  3 (restart 0) KSP residual norm 1.944813e-09
  4 (restart 0) KSP residual norm 1.781323e-09
  5 (restart 0) KSP residual norm 1.629516e-09
  6 (restart 0) KSP residual norm 1.621865e-09
  7 (restart 0) KSP residual norm 1.278904e-09
  8 (restart 0) KSP residual norm 1.015587e-09
  9 (restart 0) KSP residual norm 6.950968e-10
 10 (restart 0) KSP residual norm 6.640413e-10
 11 (restart 0) KSP residual norm 3.272818e-10
 12 (restart 0) KSP residual norm 1.858014e-10
 13 (restart 0) KSP residual norm 1.382445e-10
 14 (restart 0) KSP residual norm 1.207237e-10
 15 (restart 0) KSP residual norm 9.206184e-11
 16 (restart 0) KSP residual norm 7.872526e-11
 17 (restart 0) KSP residual norm 7.197575e-11
 18 (restart 0) KSP residual norm 7.174706e-11
 19 (restart 0) KSP residual norm 7.167941e-11
 20 (restart 0) KSP residual norm 7.007180e-11
 21 (restart 0) KSP residual norm 6.954942e-11
 22 (restart 0) KSP residual norm 6.785406e-11
 23 (restart 0) KSP residual norm 6.768752e-11
 24 (restart 0) KSP residual norm 6.685241e-11
 25 (restart 0) KSP residual norm 6.682724e-11
 26 (restart 0) KSP residual norm 6.636350e-11
 27 (restart 0) KSP residual norm 6.628721e-11
 28 (restart 0) KSP residual norm 6.626150e-11
 29 (restart 0) KSP residual norm 6.592213e-11
 30 (restart 0) KSP residual norm 6.591545e-11
 31 (restart 0) KSP residual norm 6.556250e-11
 32 (restart 0) KSP residual norm 6.555688e-11
 33 (restart 0) KSP residual norm 6.489374e-11
 34 (restart 0) KSP residual norm 6.450894e-11
 35 (restart 0) KSP residual norm 6.355057e-11
 36 (restart 0) KSP residual norm 6.157642e-11
 37 (restart 0) KSP residual norm 5.936003e-11
 38 (restart 0) KSP residual norm 5.656002e-11
 39 (restart 0) KSP residual norm 5.343508e-11
 40 (restart 0) KSP residual norm 5.089882e-11
 41 (restart 0) KSP residual norm 4.799883e-11
 42 (restart 0) KSP residual norm 4.543844e-11
 43 (restart 0) KSP residual norm 4.202301e-11
 44 (restart 0) KSP residual norm 3.681413e-11
 45 (restart 0) KSP residual norm 3.049615e-11
 46 (restart 0) KSP residual norm 2.371546e-11
 47 (restart 0) KSP residual norm 1.891654e-11
 48 (restart 0) KSP residual norm 1.490099e-11
 49 (restart 0) KSP residual norm 1.194828e-11
 50 (restart 0) KSP residual norm 9.640544e-12
 51 (restart 0) KSP residual norm 7.701767e-12
 52 (restart 0) KSP residual norm 5.877891e-12
 53 (restart 0) KSP residual norm 4.527152e-12
 54 (restart 0) KSP residual norm 3.575520e-12
 55 (restart 0) KSP residual norm 2.837797e-12
 56 (restart 0) KSP residual norm 2.128685e-12
 57 (restart 0) KSP residual norm 1.519076e-12
 58 (restart 0) KSP residual norm 1.054614e-12
 59 (restart 0) KSP residual norm 7.545050e-13
GMRES solver converged in 59 iterations (avg. reduction factor: 8.682e-01)
3 NLEPS (nconv=2, restart=0) residual norm 6.393996e-09
Eigenvalue 2, Quasi-Newton converged in 3 iterations (-2.647e-04+1.118e+01i).
  Residual norms for GMRES solve
  0 (restart 0) KSP residual norm 1.931638e+01
  1 (restart 0) KSP residual norm 1.953936e+00
  2 (restart 0) KSP residual norm 1.932327e+00
  3 (restart 0) KSP residual norm 1.389303e+00
  4 (restart 0) KSP residual norm 1.375392e+00
  5 (restart 0) KSP residual norm 1.061927e+00
  6 (restart 0) KSP residual norm 8.573136e-01
  7 (restart 0) KSP residual norm 6.743825e-01
  8 (restart 0) KSP residual norm 3.998988e-01
  9 (restart 0) KSP residual norm 2.697676e-01
 10 (restart 0) KSP residual norm 1.938485e-01
 11 (restart 0) KSP residual norm 1.798293e-01
 12 (restart 0) KSP residual norm 1.792715e-01
 13 (restart 0) KSP residual norm 1.642317e-01
 14 (restart 0) KSP residual norm 1.082787e-01
 15 (restart 0) KSP residual norm 5.086509e-02
 16 (restart 0) KSP residual norm 3.321942e-02
 17 (restart 0) KSP residual norm 2.718007e-02
 18 (restart 0) KSP residual norm 2.581638e-02
 19 (restart 0) KSP residual norm 2.572844e-02
 20 (restart 0) KSP residual norm 2.468471e-02
 21 (restart 0) KSP residual norm 2.303572e-02
 22 (restart 0) KSP residual norm 2.270723e-02
 23 (restart 0) KSP residual norm 2.257441e-02
 24 (restart 0) KSP residual norm 2.242433e-02
 25 (restart 0) KSP residual norm 2.237401e-02
 26 (restart 0) KSP residual norm 2.226316e-02
 27 (restart 0) KSP residual norm 2.180429e-02
 28 (restart 0) KSP residual norm 2.142641e-02
 29 (restart 0) KSP residual norm 2.004768e-02
 30 (restart 0) KSP residual norm 1.822967e-02
 31 (restart 0) KSP residual norm 1.338388e-02
 32 (restart 0) KSP residual norm 9.362530e-03
 33 (restart 0) KSP residual norm 6.344370e-03
 34 (restart 0) KSP residual norm 4.839744e-03
 35 (restart 0) KSP residual norm 3.027053e-03
 36 (restart 0) KSP residual norm 1.925411e-03
GMRES solver converged in 36 iterations (avg. reduction factor: 7.742e-01)
0 NLEPS (nconv=3, restart=0) residual norm 1.498021e-01
  Residual norms for GMRES solve
  0 (restart 0) KSP residual norm 3.767448e+00
  1 (restart 0) KSP residual norm 3.068905e+00
  2 (restart 0) KSP residual norm 2.995605e+00
  3 (restart 0) KSP residual norm 2.747985e+00
  4 (restart 0) KSP residual norm 2.370760e+00
  5 (restart 0) KSP residual norm 2.005973e+00
  6 (restart 0) KSP residual norm 1.385042e+00
  7 (restart 0) KSP residual norm 8.077477e-01
  8 (restart 0) KSP residual norm 7.277371e-01
  9 (restart 0) KSP residual norm 6.956919e-01
 10 (restart 0) KSP residual norm 4.320887e-01
 11 (restart 0) KSP residual norm 3.087799e-01
 12 (restart 0) KSP residual norm 2.846429e-01
 13 (restart 0) KSP residual norm 2.336731e-01
 14 (restart 0) KSP residual norm 2.186695e-01
 15 (restart 0) KSP residual norm 2.079849e-01
 16 (restart 0) KSP residual norm 2.053751e-01
 17 (restart 0) KSP residual norm 1.991206e-01
 18 (restart 0) KSP residual norm 1.717356e-01
 19 (restart 0) KSP residual norm 1.020542e-01
 20 (restart 0) KSP residual norm 5.642247e-02
 21 (restart 0) KSP residual norm 3.446405e-02
 22 (restart 0) KSP residual norm 2.032973e-02
 23 (restart 0) KSP residual norm 1.041925e-02
 24 (restart 0) KSP residual norm 7.445069e-03
 25 (restart 0) KSP residual norm 6.346561e-03
 26 (restart 0) KSP residual norm 5.957200e-03
 27 (restart 0) KSP residual norm 5.607058e-03
 28 (restart 0) KSP residual norm 5.376150e-03
 29 (restart 0) KSP residual norm 5.301041e-03
 30 (restart 0) KSP residual norm 5.251071e-03
 31 (restart 0) KSP residual norm 5.197130e-03
 32 (restart 0) KSP residual norm 5.175300e-03
 33 (restart 0) KSP residual norm 5.090751e-03
 34 (restart 0) KSP residual norm 4.933748e-03
 35 (restart 0) KSP residual norm 4.687711e-03
 36 (restart 0) KSP residual norm 4.292416e-03
 37 (restart 0) KSP residual norm 3.740430e-03
 38 (restart 0) KSP residual norm 3.001106e-03
 39 (restart 0) KSP residual norm 2.286745e-03
 40 (restart 0) KSP residual norm 1.646427e-03
 41 (restart 0) KSP residual norm 1.162305e-03
 42 (restart 0) KSP residual norm 8.378839e-04
 43 (restart 0) KSP residual norm 6.075932e-04
 44 (restart 0) KSP residual norm 4.521717e-04
 45 (restart 0) KSP residual norm 3.144790e-04
GMRES solver converged in 45 iterations (avg. reduction factor: 8.116e-01)
1 NLEPS (nconv=3, restart=0) residual norm 3.566304e-03
  Residual norms for GMRES solve
  0 (restart 0) KSP residual norm 3.973273e-07
  1 (restart 0) KSP residual norm 3.221901e-07
  2 (restart 0) KSP residual norm 3.183299e-07
  3 (restart 0) KSP residual norm 2.792666e-07
  4 (restart 0) KSP residual norm 2.475772e-07
  5 (restart 0) KSP residual norm 2.010767e-07
  6 (restart 0) KSP residual norm 1.451149e-07
  7 (restart 0) KSP residual norm 8.881099e-08
  8 (restart 0) KSP residual norm 6.015231e-08
  9 (restart 0) KSP residual norm 4.960687e-08
 10 (restart 0) KSP residual norm 4.751969e-08
 11 (restart 0) KSP residual norm 4.433686e-08
 12 (restart 0) KSP residual norm 4.248983e-08
 13 (restart 0) KSP residual norm 3.966731e-08
 14 (restart 0) KSP residual norm 3.873647e-08
 15 (restart 0) KSP residual norm 3.814340e-08
 16 (restart 0) KSP residual norm 3.808974e-08
 17 (restart 0) KSP residual norm 3.807124e-08
 18 (restart 0) KSP residual norm 3.703693e-08
 19 (restart 0) KSP residual norm 3.461519e-08
 20 (restart 0) KSP residual norm 2.748471e-08
 21 (restart 0) KSP residual norm 1.894925e-08
 22 (restart 0) KSP residual norm 1.212783e-08
 23 (restart 0) KSP residual norm 9.252507e-09
 24 (restart 0) KSP residual norm 6.899503e-09
 25 (restart 0) KSP residual norm 5.665049e-09
 26 (restart 0) KSP residual norm 4.740358e-09
 27 (restart 0) KSP residual norm 4.219109e-09
 28 (restart 0) KSP residual norm 3.423288e-09
 29 (restart 0) KSP residual norm 2.860006e-09
 30 (restart 0) KSP residual norm 2.185499e-09
 31 (restart 0) KSP residual norm 1.893891e-09
 32 (restart 0) KSP residual norm 1.373233e-09
 33 (restart 0) KSP residual norm 1.181810e-09
 34 (restart 0) KSP residual norm 9.694262e-10
 35 (restart 0) KSP residual norm 8.564368e-10
 36 (restart 0) KSP residual norm 7.485984e-10
 37 (restart 0) KSP residual norm 6.871809e-10
 38 (restart 0) KSP residual norm 6.530591e-10
 39 (restart 0) KSP residual norm 6.188040e-10
 40 (restart 0) KSP residual norm 5.793565e-10
 41 (restart 0) KSP residual norm 5.375441e-10
 42 (restart 0) KSP residual norm 5.100006e-10
 43 (restart 0) KSP residual norm 4.958237e-10
 44 (restart 0) KSP residual norm 4.697006e-10
 45 (restart 0) KSP residual norm 4.621978e-10
 46 (restart 0) KSP residual norm 4.529655e-10
 47 (restart 0) KSP residual norm 4.398458e-10
 48 (restart 0) KSP residual norm 4.210217e-10
 49 (restart 0) KSP residual norm 4.103140e-10
 50 (restart 0) KSP residual norm 4.049429e-10
 51 (restart 0) KSP residual norm 3.993056e-10
 52 (restart 0) KSP residual norm 3.892972e-10
 53 (restart 0) KSP residual norm 3.820566e-10
 54 (restart 0) KSP residual norm 3.686832e-10
 55 (restart 0) KSP residual norm 3.517119e-10
 56 (restart 0) KSP residual norm 3.262679e-10
 57 (restart 0) KSP residual norm 2.895618e-10
 58 (restart 0) KSP residual norm 2.302072e-10
 59 (restart 0) KSP residual norm 1.747842e-10
 60 (restart 0) KSP residual norm 1.230089e-10
 61 (restart 0) KSP residual norm 8.422117e-11
 62 (restart 0) KSP residual norm 6.224813e-11
 63 (restart 0) KSP residual norm 4.710014e-11
 64 (restart 0) KSP residual norm 3.388355e-11
GMRES solver converged in 64 iterations (avg. reduction factor: 8.638e-01)
2 NLEPS (nconv=3, restart=0) residual norm 3.335096e-06
  Residual norms for GMRES solve
  0 (restart 0) KSP residual norm 1.081227e-08
  1 (restart 0) KSP residual norm 1.074720e-08
  2 (restart 0) KSP residual norm 9.392693e-09
  3 (restart 0) KSP residual norm 9.078821e-09
  4 (restart 0) KSP residual norm 8.246754e-09
  5 (restart 0) KSP residual norm 7.082851e-09
  6 (restart 0) KSP residual norm 6.022189e-09
  7 (restart 0) KSP residual norm 3.660419e-09
  8 (restart 0) KSP residual norm 2.361981e-09
  9 (restart 0) KSP residual norm 1.353995e-09
 10 (restart 0) KSP residual norm 1.309945e-09
 11 (restart 0) KSP residual norm 9.540315e-10
 12 (restart 0) KSP residual norm 7.322124e-10
 13 (restart 0) KSP residual norm 5.440041e-10
 14 (restart 0) KSP residual norm 3.896422e-10
 15 (restart 0) KSP residual norm 3.665082e-10
 16 (restart 0) KSP residual norm 3.540457e-10
 17 (restart 0) KSP residual norm 3.360287e-10
 18 (restart 0) KSP residual norm 3.254436e-10
 19 (restart 0) KSP residual norm 3.221383e-10
 20 (restart 0) KSP residual norm 3.212244e-10
 21 (restart 0) KSP residual norm 3.206088e-10
 22 (restart 0) KSP residual norm 3.204383e-10
 23 (restart 0) KSP residual norm 3.203835e-10
 24 (restart 0) KSP residual norm 3.147819e-10
 25 (restart 0) KSP residual norm 3.132643e-10
 26 (restart 0) KSP residual norm 3.128807e-10
 27 (restart 0) KSP residual norm 3.121633e-10
 28 (restart 0) KSP residual norm 3.000789e-10
 29 (restart 0) KSP residual norm 2.907669e-10
 30 (restart 0) KSP residual norm 2.806125e-10
 31 (restart 0) KSP residual norm 2.458895e-10
 32 (restart 0) KSP residual norm 2.071311e-10
 33 (restart 0) KSP residual norm 1.738315e-10
 34 (restart 0) KSP residual norm 1.393650e-10
 35 (restart 0) KSP residual norm 1.070911e-10
 36 (restart 0) KSP residual norm 8.162364e-11
 37 (restart 0) KSP residual norm 6.471724e-11
 38 (restart 0) KSP residual norm 5.188373e-11
 39 (restart 0) KSP residual norm 4.274662e-11
 40 (restart 0) KSP residual norm 3.553869e-11
 41 (restart 0) KSP residual norm 2.902374e-11
 42 (restart 0) KSP residual norm 2.432459e-11
 43 (restart 0) KSP residual norm 1.998505e-11
 44 (restart 0) KSP residual norm 1.700118e-11
 45 (restart 0) KSP residual norm 1.459070e-11
 46 (restart 0) KSP residual norm 1.240156e-11
 47 (restart 0) KSP residual norm 1.048631e-11
 48 (restart 0) KSP residual norm 8.547095e-12
 49 (restart 0) KSP residual norm 6.899303e-12
 50 (restart 0) KSP residual norm 5.690294e-12
 51 (restart 0) KSP residual norm 4.629219e-12
 52 (restart 0) KSP residual norm 3.852755e-12
 53 (restart 0) KSP residual norm 3.178590e-12
 54 (restart 0) KSP residual norm 2.615999e-12
 55 (restart 0) KSP residual norm 2.107151e-12
 56 (restart 0) KSP residual norm 1.652460e-12
 57 (restart 0) KSP residual norm 1.286033e-12
 58 (restart 0) KSP residual norm 9.613248e-13
GMRES solver converged in 58 iterations (avg. reduction factor: 8.514e-01)
3 NLEPS (nconv=3, restart=0) residual norm 7.859294e-09
Eigenvalue 3, Quasi-Newton converged in 3 iterations (-2.648e-04+1.118e+01i).
  Residual norms for GMRES solve
  0 (restart 0) KSP residual norm 1.880683e+01
  1 (restart 0) KSP residual norm 2.200201e+00
  2 (restart 0) KSP residual norm 7.768043e-01
  3 (restart 0) KSP residual norm 2.461520e-01
  4 (restart 0) KSP residual norm 2.035725e-01
  5 (restart 0) KSP residual norm 1.773231e-01
  6 (restart 0) KSP residual norm 1.619998e-01
  7 (restart 0) KSP residual norm 1.563604e-01
  8 (restart 0) KSP residual norm 1.557283e-01
  9 (restart 0) KSP residual norm 1.549581e-01
 10 (restart 0) KSP residual norm 1.423737e-01
 11 (restart 0) KSP residual norm 1.274607e-01
 12 (restart 0) KSP residual norm 1.187301e-01
 13 (restart 0) KSP residual norm 5.906196e-02
 14 (restart 0) KSP residual norm 2.828359e-02
 15 (restart 0) KSP residual norm 2.546211e-02
 16 (restart 0) KSP residual norm 2.468081e-02
 17 (restart 0) KSP residual norm 2.310734e-02
 18 (restart 0) KSP residual norm 2.183191e-02
 19 (restart 0) KSP residual norm 1.863428e-02
 20 (restart 0) KSP residual norm 1.275169e-02
 21 (restart 0) KSP residual norm 1.233157e-02
 22 (restart 0) KSP residual norm 1.214646e-02
 23 (restart 0) KSP residual norm 1.158898e-02
 24 (restart 0) KSP residual norm 1.109373e-02
 25 (restart 0) KSP residual norm 1.097326e-02
 26 (restart 0) KSP residual norm 9.287509e-03
 27 (restart 0) KSP residual norm 8.900569e-03
 28 (restart 0) KSP residual norm 8.628118e-03
 29 (restart 0) KSP residual norm 8.599985e-03
 30 (restart 0) KSP residual norm 7.279887e-03
 31 (restart 0) KSP residual norm 5.767753e-03
 32 (restart 0) KSP residual norm 5.128188e-03
 33 (restart 0) KSP residual norm 5.118477e-03
 34 (restart 0) KSP residual norm 4.866057e-03
 35 (restart 0) KSP residual norm 4.673606e-03
 36 (restart 0) KSP residual norm 4.216336e-03
 37 (restart 0) KSP residual norm 3.580995e-03
 38 (restart 0) KSP residual norm 3.065981e-03
 39 (restart 0) KSP residual norm 2.728987e-03
 40 (restart 0) KSP residual norm 2.312738e-03
 41 (restart 0) KSP residual norm 1.950747e-03
 42 (restart 0) KSP residual norm 1.574511e-03
GMRES solver converged in 42 iterations (avg. reduction factor: 7.997e-01)
0 NLEPS (nconv=4, restart=0) residual norm 1.620498e-01
  Residual norms for GMRES solve
  0 (restart 0) KSP residual norm 2.349445e+00
  1 (restart 0) KSP residual norm 1.296127e+00
  2 (restart 0) KSP residual norm 7.934522e-01
  3 (restart 0) KSP residual norm 4.849161e-01
  4 (restart 0) KSP residual norm 1.377910e-01
  5 (restart 0) KSP residual norm 6.079038e-02
  6 (restart 0) KSP residual norm 4.599656e-02
  7 (restart 0) KSP residual norm 2.844418e-02
  8 (restart 0) KSP residual norm 1.882549e-02
  9 (restart 0) KSP residual norm 1.569109e-02
 10 (restart 0) KSP residual norm 1.431653e-02
 11 (restart 0) KSP residual norm 1.401703e-02
 12 (restart 0) KSP residual norm 1.392394e-02
 13 (restart 0) KSP residual norm 1.267384e-02
 14 (restart 0) KSP residual norm 9.473610e-03
 15 (restart 0) KSP residual norm 5.537017e-03
 16 (restart 0) KSP residual norm 4.277862e-03
 17 (restart 0) KSP residual norm 3.125654e-03
 18 (restart 0) KSP residual norm 2.928343e-03
 19 (restart 0) KSP residual norm 2.927880e-03
 20 (restart 0) KSP residual norm 2.872424e-03
 21 (restart 0) KSP residual norm 2.603763e-03
 22 (restart 0) KSP residual norm 2.452209e-03
 23 (restart 0) KSP residual norm 2.182446e-03
 24 (restart 0) KSP residual norm 2.116545e-03
 25 (restart 0) KSP residual norm 1.982217e-03
 26 (restart 0) KSP residual norm 1.809600e-03
 27 (restart 0) KSP residual norm 1.674273e-03
 28 (restart 0) KSP residual norm 1.651275e-03
 29 (restart 0) KSP residual norm 1.586830e-03
 30 (restart 0) KSP residual norm 1.575524e-03
 31 (restart 0) KSP residual norm 1.533176e-03
 32 (restart 0) KSP residual norm 1.527264e-03
 33 (restart 0) KSP residual norm 1.499157e-03
 34 (restart 0) KSP residual norm 1.433906e-03
 35 (restart 0) KSP residual norm 1.370270e-03
 36 (restart 0) KSP residual norm 1.329589e-03
 37 (restart 0) KSP residual norm 1.183882e-03
 38 (restart 0) KSP residual norm 1.056711e-03
 39 (restart 0) KSP residual norm 9.701911e-04
 40 (restart 0) KSP residual norm 8.445772e-04
 41 (restart 0) KSP residual norm 7.295039e-04
 42 (restart 0) KSP residual norm 5.500658e-04
 43 (restart 0) KSP residual norm 4.078451e-04
 44 (restart 0) KSP residual norm 3.029175e-04
 45 (restart 0) KSP residual norm 2.327968e-04
GMRES solver converged in 45 iterations (avg. reduction factor: 8.147e-01)
1 NLEPS (nconv=4, restart=0) residual norm 1.569681e-03
  Residual norms for GMRES solve
  0 (restart 0) KSP residual norm 7.512022e-07
  1 (restart 0) KSP residual norm 6.128377e-07
  2 (restart 0) KSP residual norm 4.522562e-07
  3 (restart 0) KSP residual norm 4.220773e-07
  4 (restart 0) KSP residual norm 4.215454e-07
  5 (restart 0) KSP residual norm 4.113969e-07
  6 (restart 0) KSP residual norm 3.036346e-07
  7 (restart 0) KSP residual norm 2.826523e-07
  8 (restart 0) KSP residual norm 2.810649e-07
  9 (restart 0) KSP residual norm 2.503105e-07
 10 (restart 0) KSP residual norm 1.909550e-07
 11 (restart 0) KSP residual norm 1.672230e-07
 12 (restart 0) KSP residual norm 1.387765e-07
 13 (restart 0) KSP residual norm 1.162417e-07
 14 (restart 0) KSP residual norm 1.113709e-07
 15 (restart 0) KSP residual norm 1.108928e-07
 16 (restart 0) KSP residual norm 1.086734e-07
 17 (restart 0) KSP residual norm 1.024481e-07
 18 (restart 0) KSP residual norm 9.881350e-08
 19 (restart 0) KSP residual norm 9.262235e-08
 20 (restart 0) KSP residual norm 8.484831e-08
 21 (restart 0) KSP residual norm 8.325609e-08
 22 (restart 0) KSP residual norm 8.309223e-08
 23 (restart 0) KSP residual norm 8.210555e-08
 24 (restart 0) KSP residual norm 8.176519e-08
 25 (restart 0) KSP residual norm 8.159888e-08
 26 (restart 0) KSP residual norm 7.849127e-08
 27 (restart 0) KSP residual norm 7.580910e-08
 28 (restart 0) KSP residual norm 7.575738e-08
 29 (restart 0) KSP residual norm 7.574954e-08
 30 (restart 0) KSP residual norm 7.538863e-08
 31 (restart 0) KSP residual norm 7.503203e-08
 32 (restart 0) KSP residual norm 7.498195e-08
 33 (restart 0) KSP residual norm 7.449794e-08
 34 (restart 0) KSP residual norm 7.386356e-08
 35 (restart 0) KSP residual norm 7.358811e-08
 36 (restart 0) KSP residual norm 7.350755e-08
 37 (restart 0) KSP residual norm 7.330458e-08
 38 (restart 0) KSP residual norm 7.247037e-08
 39 (restart 0) KSP residual norm 7.124029e-08
 40 (restart 0) KSP residual norm 7.033564e-08
 41 (restart 0) KSP residual norm 6.811360e-08
 42 (restart 0) KSP residual norm 6.585494e-08
 43 (restart 0) KSP residual norm 6.406548e-08
 44 (restart 0) KSP residual norm 6.365902e-08
 45 (restart 0) KSP residual norm 6.351048e-08
 46 (restart 0) KSP residual norm 6.316170e-08
 47 (restart 0) KSP residual norm 6.259468e-08
 48 (restart 0) KSP residual norm 6.170808e-08
 49 (restart 0) KSP residual norm 6.106788e-08
 50 (restart 0) KSP residual norm 6.095538e-08
 51 (restart 0) KSP residual norm 6.095418e-08
 52 (restart 0) KSP residual norm 6.068807e-08
 53 (restart 0) KSP residual norm 6.036829e-08
 54 (restart 0) KSP residual norm 5.989762e-08
 55 (restart 0) KSP residual norm 5.907223e-08
 56 (restart 0) KSP residual norm 5.777951e-08
 57 (restart 0) KSP residual norm 5.651325e-08
 58 (restart 0) KSP residual norm 5.500742e-08
 59 (restart 0) KSP residual norm 5.304978e-08
 60 (restart 0) KSP residual norm 5.018293e-08
 61 (restart 0) KSP residual norm 4.572261e-08
 62 (restart 0) KSP residual norm 4.153998e-08
 63 (restart 0) KSP residual norm 3.641331e-08
 64 (restart 0) KSP residual norm 3.119974e-08
 65 (restart 0) KSP residual norm 2.580498e-08
 66 (restart 0) KSP residual norm 2.108089e-08
 67 (restart 0) KSP residual norm 1.680168e-08
 68 (restart 0) KSP residual norm 1.295363e-08
 69 (restart 0) KSP residual norm 9.833188e-09
 70 (restart 0) KSP residual norm 7.345547e-09
 71 (restart 0) KSP residual norm 5.495630e-09
 72 (restart 0) KSP residual norm 4.252155e-09
 73 (restart 0) KSP residual norm 3.277358e-09
 74 (restart 0) KSP residual norm 2.482564e-09
 75 (restart 0) KSP residual norm 1.841467e-09
 76 (restart 0) KSP residual norm 1.326328e-09
 77 (restart 0) KSP residual norm 9.302475e-10
 78 (restart 0) KSP residual norm 6.565803e-10
 79 (restart 0) KSP residual norm 4.500477e-10
 80 (restart 0) KSP residual norm 3.201167e-10
 81 (restart 0) KSP residual norm 2.241056e-10
 82 (restart 0) KSP residual norm 1.612532e-10
 83 (restart 0) KSP residual norm 1.224084e-10
 84 (restart 0) KSP residual norm 9.329820e-11
 85 (restart 0) KSP residual norm 7.176344e-11
GMRES solver converged in 85 iterations (avg. reduction factor: 8.968e-01)
2 NLEPS (nconv=4, restart=0) residual norm 6.560284e-07
  Residual norms for GMRES solve
  0 (restart 0) KSP residual norm 3.613846e-10
  1 (restart 0) KSP residual norm 2.337625e-10
  2 (restart 0) KSP residual norm 2.006307e-10
  3 (restart 0) KSP residual norm 1.889691e-10
  4 (restart 0) KSP residual norm 1.789495e-10
  5 (restart 0) KSP residual norm 1.788301e-10
  6 (restart 0) KSP residual norm 1.653892e-10
  7 (restart 0) KSP residual norm 1.380850e-10
  8 (restart 0) KSP residual norm 1.348824e-10
  9 (restart 0) KSP residual norm 1.276242e-10
 10 (restart 0) KSP residual norm 1.101746e-10
 11 (restart 0) KSP residual norm 9.672259e-11
 12 (restart 0) KSP residual norm 8.666318e-11
 13 (restart 0) KSP residual norm 7.800962e-11
 14 (restart 0) KSP residual norm 7.564872e-11
 15 (restart 0) KSP residual norm 7.355106e-11
 16 (restart 0) KSP residual norm 7.292597e-11
 17 (restart 0) KSP residual norm 7.141041e-11
 18 (restart 0) KSP residual norm 6.977356e-11
 19 (restart 0) KSP residual norm 6.776255e-11
 20 (restart 0) KSP residual norm 6.757567e-11
 21 (restart 0) KSP residual norm 6.547744e-11
 22 (restart 0) KSP residual norm 6.249035e-11
 23 (restart 0) KSP residual norm 6.155681e-11
 24 (restart 0) KSP residual norm 5.669561e-11
 25 (restart 0) KSP residual norm 5.239143e-11
 26 (restart 0) KSP residual norm 4.820535e-11
 27 (restart 0) KSP residual norm 4.721118e-11
 28 (restart 0) KSP residual norm 4.713995e-11
 29 (restart 0) KSP residual norm 4.456260e-11
 30 (restart 0) KSP residual norm 4.443083e-11
 31 (restart 0) KSP residual norm 4.393744e-11
 32 (restart 0) KSP residual norm 4.353235e-11
 33 (restart 0) KSP residual norm 4.116206e-11
 34 (restart 0) KSP residual norm 3.924032e-11
 35 (restart 0) KSP residual norm 3.882381e-11
 36 (restart 0) KSP residual norm 3.738164e-11
 37 (restart 0) KSP residual norm 3.533065e-11
 38 (restart 0) KSP residual norm 3.378000e-11
 39 (restart 0) KSP residual norm 3.308532e-11
 40 (restart 0) KSP residual norm 3.264778e-11
 41 (restart 0) KSP residual norm 3.105631e-11
 42 (restart 0) KSP residual norm 3.075591e-11
 43 (restart 0) KSP residual norm 3.063825e-11
 44 (restart 0) KSP residual norm 2.945843e-11
 45 (restart 0) KSP residual norm 2.897966e-11
 46 (restart 0) KSP residual norm 2.864107e-11
 47 (restart 0) KSP residual norm 2.780023e-11
 48 (restart 0) KSP residual norm 2.600546e-11
 49 (restart 0) KSP residual norm 2.514364e-11
 50 (restart 0) KSP residual norm 2.502857e-11
 51 (restart 0) KSP residual norm 2.470266e-11
 52 (restart 0) KSP residual norm 2.398170e-11
 53 (restart 0) KSP residual norm 2.325335e-11
 54 (restart 0) KSP residual norm 2.237580e-11
 55 (restart 0) KSP residual norm 2.162086e-11
 56 (restart 0) KSP residual norm 2.143613e-11
 57 (restart 0) KSP residual norm 2.143482e-11
 58 (restart 0) KSP residual norm 2.112362e-11
 59 (restart 0) KSP residual norm 2.029336e-11
 60 (restart 0) KSP residual norm 1.838522e-11
 61 (restart 0) KSP residual norm 1.547871e-11
 62 (restart 0) KSP residual norm 1.322330e-11
 63 (restart 0) KSP residual norm 1.113738e-11
 64 (restart 0) KSP residual norm 9.501811e-12
 65 (restart 0) KSP residual norm 7.744835e-12
 66 (restart 0) KSP residual norm 6.035282e-12
 67 (restart 0) KSP residual norm 4.534827e-12
 68 (restart 0) KSP residual norm 3.405429e-12
 69 (restart 0) KSP residual norm 2.495560e-12
 70 (restart 0) KSP residual norm 1.820511e-12
 71 (restart 0) KSP residual norm 1.356423e-12
 72 (restart 0) KSP residual norm 1.017527e-12
 73 (restart 0) KSP residual norm 7.603608e-13
GMRES solver converged in 73 iterations (avg. reduction factor: 9.190e-01)
3 NLEPS (nconv=4, restart=0) residual norm 6.041258e-09
Eigenvalue 4, Quasi-Newton converged in 3 iterations (-3.050e-04+1.133e+01i).
  Residual norms for GMRES solve
  0 (restart 0) KSP residual norm 1.880380e+01
  1 (restart 0) KSP residual norm 2.218166e+00
  2 (restart 0) KSP residual norm 7.778720e-01
  3 (restart 0) KSP residual norm 2.449171e-01
  4 (restart 0) KSP residual norm 2.019676e-01
  5 (restart 0) KSP residual norm 1.749957e-01
  6 (restart 0) KSP residual norm 1.581779e-01
  7 (restart 0) KSP residual norm 1.511849e-01
  8 (restart 0) KSP residual norm 1.500717e-01
  9 (restart 0) KSP residual norm 1.498924e-01
 10 (restart 0) KSP residual norm 1.496651e-01
 11 (restart 0) KSP residual norm 1.496555e-01
 12 (restart 0) KSP residual norm 1.495916e-01
 13 (restart 0) KSP residual norm 1.480076e-01
 14 (restart 0) KSP residual norm 1.479061e-01
 15 (restart 0) KSP residual norm 1.477927e-01
 16 (restart 0) KSP residual norm 1.466320e-01
 17 (restart 0) KSP residual norm 1.460293e-01
 18 (restart 0) KSP residual norm 1.456349e-01
 19 (restart 0) KSP residual norm 1.438247e-01
 20 (restart 0) KSP residual norm 1.330464e-01
 21 (restart 0) KSP residual norm 1.297214e-01
 22 (restart 0) KSP residual norm 1.295938e-01
 23 (restart 0) KSP residual norm 1.194078e-01
 24 (restart 0) KSP residual norm 1.151391e-01
 25 (restart 0) KSP residual norm 1.128901e-01
 26 (restart 0) KSP residual norm 1.081955e-01
 27 (restart 0) KSP residual norm 1.030429e-01
 28 (restart 0) KSP residual norm 8.325306e-02
 29 (restart 0) KSP residual norm 7.334344e-02
 30 (restart 0) KSP residual norm 5.518328e-02
 31 (restart 0) KSP residual norm 3.472273e-02
 32 (restart 0) KSP residual norm 2.131750e-02
 33 (restart 0) KSP residual norm 1.576555e-02
 34 (restart 0) KSP residual norm 1.123416e-02
 35 (restart 0) KSP residual norm 7.928256e-03
 36 (restart 0) KSP residual norm 5.641439e-03
 37 (restart 0) KSP residual norm 4.074296e-03
 38 (restart 0) KSP residual norm 2.991312e-03
 39 (restart 0) KSP residual norm 2.341317e-03
 40 (restart 0) KSP residual norm 1.776074e-03
GMRES solver converged in 40 iterations (avg. reduction factor: 7.932e-01)
0 NLEPS (nconv=5, restart=0) residual norm 1.770579e-01
  Residual norms for GMRES solve
  0 (restart 0) KSP residual norm 2.101155e+00
  1 (restart 0) KSP residual norm 1.915162e+00
  2 (restart 0) KSP residual norm 1.825040e+00
  3 (restart 0) KSP residual norm 1.817279e+00
  4 (restart 0) KSP residual norm 1.787325e+00
  5 (restart 0) KSP residual norm 1.730726e+00
  6 (restart 0) KSP residual norm 1.136014e+00
  7 (restart 0) KSP residual norm 7.107819e-01
  8 (restart 0) KSP residual norm 6.351136e-01
  9 (restart 0) KSP residual norm 5.814566e-01
 10 (restart 0) KSP residual norm 5.740728e-01
 11 (restart 0) KSP residual norm 5.332338e-01
 12 (restart 0) KSP residual norm 2.301509e-01
 13 (restart 0) KSP residual norm 8.485318e-02
 14 (restart 0) KSP residual norm 6.952551e-02
 15 (restart 0) KSP residual norm 5.339195e-02
 16 (restart 0) KSP residual norm 4.066191e-02
 17 (restart 0) KSP residual norm 3.762295e-02
 18 (restart 0) KSP residual norm 3.491440e-02
 19 (restart 0) KSP residual norm 3.402035e-02
 20 (restart 0) KSP residual norm 3.381578e-02
 21 (restart 0) KSP residual norm 3.329922e-02
 22 (restart 0) KSP residual norm 3.240789e-02
 23 (restart 0) KSP residual norm 3.211306e-02
 24 (restart 0) KSP residual norm 3.184014e-02
 25 (restart 0) KSP residual norm 3.170239e-02
 26 (restart 0) KSP residual norm 3.138454e-02
 27 (restart 0) KSP residual norm 3.067322e-02
 28 (restart 0) KSP residual norm 2.856784e-02
 29 (restart 0) KSP residual norm 2.504751e-02
 30 (restart 0) KSP residual norm 2.384519e-02
 31 (restart 0) KSP residual norm 2.305939e-02
 32 (restart 0) KSP residual norm 2.304518e-02
 33 (restart 0) KSP residual norm 2.289706e-02
 34 (restart 0) KSP residual norm 2.262634e-02
 35 (restart 0) KSP residual norm 2.160512e-02
 36 (restart 0) KSP residual norm 1.887896e-02
 37 (restart 0) KSP residual norm 1.796517e-02
 38 (restart 0) KSP residual norm 1.475263e-02
 39 (restart 0) KSP residual norm 1.270326e-02
 40 (restart 0) KSP residual norm 9.732477e-03
 41 (restart 0) KSP residual norm 7.304048e-03
 42 (restart 0) KSP residual norm 4.923229e-03
 43 (restart 0) KSP residual norm 3.563199e-03
 44 (restart 0) KSP residual norm 2.656738e-03
 45 (restart 0) KSP residual norm 2.179903e-03
 46 (restart 0) KSP residual norm 1.630858e-03
 47 (restart 0) KSP residual norm 1.153931e-03
 48 (restart 0) KSP residual norm 8.895900e-04
 49 (restart 0) KSP residual norm 6.897591e-04
 50 (restart 0) KSP residual norm 5.410408e-04
 51 (restart 0) KSP residual norm 4.054574e-04
 52 (restart 0) KSP residual norm 3.285531e-04
 53 (restart 0) KSP residual norm 2.858155e-04
 54 (restart 0) KSP residual norm 2.524158e-04
 55 (restart 0) KSP residual norm 2.207810e-04
 56 (restart 0) KSP residual norm 1.883860e-04
GMRES solver converged in 56 iterations (avg. reduction factor: 8.467e-01)
1 NLEPS (nconv=5, restart=0) residual norm 5.007439e-03
  Residual norms for GMRES solve
  0 (restart 0) KSP residual norm 4.621554e-07
  1 (restart 0) KSP residual norm 4.529258e-07
  2 (restart 0) KSP residual norm 4.527649e-07
  3 (restart 0) KSP residual norm 4.486679e-07
  4 (restart 0) KSP residual norm 4.423632e-07
  5 (restart 0) KSP residual norm 4.088086e-07
  6 (restart 0) KSP residual norm 2.551637e-07
  7 (restart 0) KSP residual norm 1.667402e-07
  8 (restart 0) KSP residual norm 1.614472e-07
  9 (restart 0) KSP residual norm 1.600922e-07
 10 (restart 0) KSP residual norm 1.521856e-07
 11 (restart 0) KSP residual norm 1.326214e-07
 12 (restart 0) KSP residual norm 8.465997e-08
 13 (restart 0) KSP residual norm 5.039977e-08
 14 (restart 0) KSP residual norm 4.198763e-08
 15 (restart 0) KSP residual norm 3.065206e-08
 16 (restart 0) KSP residual norm 2.862067e-08
 17 (restart 0) KSP residual norm 2.785842e-08
 18 (restart 0) KSP residual norm 2.553931e-08
 19 (restart 0) KSP residual norm 2.475002e-08
 20 (restart 0) KSP residual norm 2.336811e-08
 21 (restart 0) KSP residual norm 2.168596e-08
 22 (restart 0) KSP residual norm 2.020828e-08
 23 (restart 0) KSP residual norm 1.961013e-08
 24 (restart 0) KSP residual norm 1.917862e-08
 25 (restart 0) KSP residual norm 1.786291e-08
 26 (restart 0) KSP residual norm 1.768796e-08
 27 (restart 0) KSP residual norm 1.743677e-08
 28 (restart 0) KSP residual norm 1.688175e-08
 29 (restart 0) KSP residual norm 1.638890e-08
 30 (restart 0) KSP residual norm 1.517672e-08
 31 (restart 0) KSP residual norm 1.461631e-08
 32 (restart 0) KSP residual norm 1.459762e-08
 33 (restart 0) KSP residual norm 1.454751e-08
 34 (restart 0) KSP residual norm 1.422491e-08
 35 (restart 0) KSP residual norm 1.401610e-08
 36 (restart 0) KSP residual norm 1.346898e-08
 37 (restart 0) KSP residual norm 1.304380e-08
 38 (restart 0) KSP residual norm 1.288406e-08
 39 (restart 0) KSP residual norm 1.286333e-08
 40 (restart 0) KSP residual norm 1.277112e-08
 41 (restart 0) KSP residual norm 1.273604e-08
 42 (restart 0) KSP residual norm 1.272801e-08
 43 (restart 0) KSP residual norm 1.234087e-08
 44 (restart 0) KSP residual norm 1.191586e-08
 45 (restart 0) KSP residual norm 1.172937e-08
 46 (restart 0) KSP residual norm 1.136982e-08
 47 (restart 0) KSP residual norm 1.130203e-08
 48 (restart 0) KSP residual norm 1.119571e-08
 49 (restart 0) KSP residual norm 1.081456e-08
 50 (restart 0) KSP residual norm 1.065167e-08
 51 (restart 0) KSP residual norm 1.064601e-08
 52 (restart 0) KSP residual norm 1.054794e-08
 53 (restart 0) KSP residual norm 1.020317e-08
 54 (restart 0) KSP residual norm 9.808035e-09
 55 (restart 0) KSP residual norm 9.587017e-09
 56 (restart 0) KSP residual norm 9.472700e-09
 57 (restart 0) KSP residual norm 9.351332e-09
 58 (restart 0) KSP residual norm 8.904171e-09
 59 (restart 0) KSP residual norm 8.105252e-09
 60 (restart 0) KSP residual norm 6.970289e-09
 61 (restart 0) KSP residual norm 5.892645e-09
 62 (restart 0) KSP residual norm 4.760549e-09
 63 (restart 0) KSP residual norm 3.737411e-09
 64 (restart 0) KSP residual norm 2.758306e-09
 65 (restart 0) KSP residual norm 1.905224e-09
 66 (restart 0) KSP residual norm 1.239348e-09
 67 (restart 0) KSP residual norm 7.574692e-10
 68 (restart 0) KSP residual norm 4.754451e-10
 69 (restart 0) KSP residual norm 2.931537e-10
 70 (restart 0) KSP residual norm 1.922155e-10
 71 (restart 0) KSP residual norm 1.335240e-10
 72 (restart 0) KSP residual norm 9.463842e-11
 73 (restart 0) KSP residual norm 6.972900e-11
 74 (restart 0) KSP residual norm 5.214959e-11
 75 (restart 0) KSP residual norm 3.846074e-11
GMRES solver converged in 75 iterations (avg. reduction factor: 8.823e-01)
2 NLEPS (nconv=5, restart=0) residual norm 4.356073e-06
  Residual norms for GMRES solve
  0 (restart 0) KSP residual norm 1.208883e-08
  1 (restart 0) KSP residual norm 7.633593e-09
  2 (restart 0) KSP residual norm 5.731793e-09
  3 (restart 0) KSP residual norm 4.369506e-09
  4 (restart 0) KSP residual norm 3.628904e-09
  5 (restart 0) KSP residual norm 3.477966e-09
  6 (restart 0) KSP residual norm 3.466005e-09
  7 (restart 0) KSP residual norm 3.325987e-09
  8 (restart 0) KSP residual norm 3.220646e-09
  9 (restart 0) KSP residual norm 2.986922e-09
 10 (restart 0) KSP residual norm 2.867225e-09
 11 (restart 0) KSP residual norm 2.759516e-09
 12 (restart 0) KSP residual norm 2.751613e-09
 13 (restart 0) KSP residual norm 2.648314e-09
 14 (restart 0) KSP residual norm 2.612571e-09
 15 (restart 0) KSP residual norm 2.595162e-09
 16 (restart 0) KSP residual norm 2.554429e-09
 17 (restart 0) KSP residual norm 2.524502e-09
 18 (restart 0) KSP residual norm 2.332193e-09
 19 (restart 0) KSP residual norm 2.290973e-09
 20 (restart 0) KSP residual norm 2.165792e-09
 21 (restart 0) KSP residual norm 1.690032e-09
 22 (restart 0) KSP residual norm 1.285927e-09
 23 (restart 0) KSP residual norm 1.181933e-09
 24 (restart 0) KSP residual norm 9.721318e-10
 25 (restart 0) KSP residual norm 9.570059e-10
 26 (restart 0) KSP residual norm 8.976565e-10
 27 (restart 0) KSP residual norm 8.563124e-10
 28 (restart 0) KSP residual norm 7.808722e-10
 29 (restart 0) KSP residual norm 7.159643e-10
 30 (restart 0) KSP residual norm 6.714332e-10
 31 (restart 0) KSP residual norm 6.190982e-10
 32 (restart 0) KSP residual norm 6.139544e-10
 33 (restart 0) KSP residual norm 5.919785e-10
 34 (restart 0) KSP residual norm 5.852891e-10
 35 (restart 0) KSP residual norm 5.352229e-10
 36 (restart 0) KSP residual norm 5.002764e-10
 37 (restart 0) KSP residual norm 4.675926e-10
 38 (restart 0) KSP residual norm 4.465822e-10
 39 (restart 0) KSP residual norm 4.300093e-10
 40 (restart 0) KSP residual norm 4.282809e-10
 41 (restart 0) KSP residual norm 4.176493e-10
 42 (restart 0) KSP residual norm 3.855696e-10
 43 (restart 0) KSP residual norm 3.329873e-10
 44 (restart 0) KSP residual norm 2.697863e-10
 45 (restart 0) KSP residual norm 2.320048e-10
 46 (restart 0) KSP residual norm 2.081284e-10
 47 (restart 0) KSP residual norm 1.852728e-10
 48 (restart 0) KSP residual norm 1.614264e-10
 49 (restart 0) KSP residual norm 1.403332e-10
 50 (restart 0) KSP residual norm 1.198664e-10
 51 (restart 0) KSP residual norm 1.001050e-10
 52 (restart 0) KSP residual norm 8.553718e-11
 53 (restart 0) KSP residual norm 7.061257e-11
 54 (restart 0) KSP residual norm 5.856746e-11
 55 (restart 0) KSP residual norm 4.710547e-11
 56 (restart 0) KSP residual norm 3.613536e-11
 57 (restart 0) KSP residual norm 2.744367e-11
 58 (restart 0) KSP residual norm 2.018609e-11
 59 (restart 0) KSP residual norm 1.525871e-11
 60 (restart 0) KSP residual norm 1.201340e-11
 61 (restart 0) KSP residual norm 9.568010e-12
 62 (restart 0) KSP residual norm 7.563512e-12
 63 (restart 0) KSP residual norm 5.780775e-12
 64 (restart 0) KSP residual norm 4.268436e-12
 65 (restart 0) KSP residual norm 3.138118e-12
 66 (restart 0) KSP residual norm 2.353643e-12
 67 (restart 0) KSP residual norm 1.792105e-12
 68 (restart 0) KSP residual norm 1.357686e-12
 69 (restart 0) KSP residual norm 1.033799e-12
 70 (restart 0) KSP residual norm 7.585206e-13
GMRES solver converged in 70 iterations (avg. reduction factor: 8.709e-01)
3 NLEPS (nconv=5, restart=0) residual norm 6.109086e-09
Eigenvalue 5, Quasi-Newton converged in 3 iterations (-3.044e-04+1.134e+01i).
  Residual norms for GMRES solve
  0 (restart 0) KSP residual norm 1.818388e+01
  1 (restart 0) KSP residual norm 7.393346e+00
  2 (restart 0) KSP residual norm 2.697997e+00
  3 (restart 0) KSP residual norm 2.172245e+00
  4 (restart 0) KSP residual norm 1.352243e+00
  5 (restart 0) KSP residual norm 5.445210e-01
  6 (restart 0) KSP residual norm 3.556299e-01
  7 (restart 0) KSP residual norm 2.138835e-01
  8 (restart 0) KSP residual norm 1.468375e-01
  9 (restart 0) KSP residual norm 8.112300e-02
 10 (restart 0) KSP residual norm 6.526485e-02
 11 (restart 0) KSP residual norm 6.268203e-02
 12 (restart 0) KSP residual norm 6.238482e-02
 13 (restart 0) KSP residual norm 6.227068e-02
 14 (restart 0) KSP residual norm 6.220029e-02
 15 (restart 0) KSP residual norm 6.214773e-02
 16 (restart 0) KSP residual norm 6.150271e-02
 17 (restart 0) KSP residual norm 5.739275e-02
 18 (restart 0) KSP residual norm 5.306742e-02
 19 (restart 0) KSP residual norm 4.907149e-02
 20 (restart 0) KSP residual norm 3.602203e-02
 21 (restart 0) KSP residual norm 2.633487e-02
 22 (restart 0) KSP residual norm 2.043752e-02
 23 (restart 0) KSP residual norm 1.499524e-02
 24 (restart 0) KSP residual norm 1.179117e-02
 25 (restart 0) KSP residual norm 7.341205e-03
 26 (restart 0) KSP residual norm 4.727487e-03
 27 (restart 0) KSP residual norm 3.371327e-03
 28 (restart 0) KSP residual norm 2.109655e-03
 29 (restart 0) KSP residual norm 1.295277e-03
GMRES solver converged in 29 iterations (avg. reduction factor: 7.194e-01)
0 NLEPS (nconv=6, restart=0) residual norm 1.635905e-01
  Residual norms for GMRES solve
  0 (restart 0) KSP residual norm 1.399895e+00
  1 (restart 0) KSP residual norm 8.431746e-01
  2 (restart 0) KSP residual norm 6.791456e-01
  3 (restart 0) KSP residual norm 6.709081e-01
  4 (restart 0) KSP residual norm 5.951611e-01
  5 (restart 0) KSP residual norm 5.035872e-01
  6 (restart 0) KSP residual norm 3.122378e-01
  7 (restart 0) KSP residual norm 1.753472e-01
  8 (restart 0) KSP residual norm 8.207559e-02
  9 (restart 0) KSP residual norm 2.950129e-02
 10 (restart 0) KSP residual norm 1.978747e-02
 11 (restart 0) KSP residual norm 1.363494e-02
 12 (restart 0) KSP residual norm 1.238262e-02
 13 (restart 0) KSP residual norm 1.129385e-02
 14 (restart 0) KSP residual norm 1.106688e-02
 15 (restart 0) KSP residual norm 1.089720e-02
 16 (restart 0) KSP residual norm 1.082082e-02
 17 (restart 0) KSP residual norm 1.053431e-02
 18 (restart 0) KSP residual norm 1.050916e-02
 19 (restart 0) KSP residual norm 1.049942e-02
 20 (restart 0) KSP residual norm 1.010602e-02
 21 (restart 0) KSP residual norm 8.793951e-03
 22 (restart 0) KSP residual norm 7.700955e-03
 23 (restart 0) KSP residual norm 6.963796e-03
 24 (restart 0) KSP residual norm 4.210757e-03
 25 (restart 0) KSP residual norm 2.525420e-03
 26 (restart 0) KSP residual norm 2.029853e-03
 27 (restart 0) KSP residual norm 1.567132e-03
 28 (restart 0) KSP residual norm 1.066179e-03
 29 (restart 0) KSP residual norm 6.520591e-04
 30 (restart 0) KSP residual norm 4.772724e-04
 31 (restart 0) KSP residual norm 3.054354e-04
 32 (restart 0) KSP residual norm 2.399013e-04
 33 (restart 0) KSP residual norm 1.799481e-04
 34 (restart 0) KSP residual norm 1.306165e-04
GMRES solver converged in 34 iterations (avg. reduction factor: 7.611e-01)
1 NLEPS (nconv=6, restart=0) residual norm 6.699106e-03
  Residual norms for GMRES solve
  0 (restart 0) KSP residual norm 1.010990e-06
  1 (restart 0) KSP residual norm 8.484874e-07
  2 (restart 0) KSP residual norm 7.678041e-07
  3 (restart 0) KSP residual norm 7.243181e-07
  4 (restart 0) KSP residual norm 5.655273e-07
  5 (restart 0) KSP residual norm 4.531955e-07
  6 (restart 0) KSP residual norm 3.342062e-07
  7 (restart 0) KSP residual norm 1.874410e-07
  8 (restart 0) KSP residual norm 9.168995e-08
  9 (restart 0) KSP residual norm 4.704518e-08
 10 (restart 0) KSP residual norm 4.259448e-08
 11 (restart 0) KSP residual norm 3.909851e-08
 12 (restart 0) KSP residual norm 3.747560e-08
 13 (restart 0) KSP residual norm 3.068317e-08
 14 (restart 0) KSP residual norm 2.470846e-08
 15 (restart 0) KSP residual norm 2.248481e-08
 16 (restart 0) KSP residual norm 2.119917e-08
 17 (restart 0) KSP residual norm 1.964833e-08
 18 (restart 0) KSP residual norm 1.826218e-08
 19 (restart 0) KSP residual norm 1.760737e-08
 20 (restart 0) KSP residual norm 1.716378e-08
 21 (restart 0) KSP residual norm 1.715832e-08
 22 (restart 0) KSP residual norm 1.683710e-08
 23 (restart 0) KSP residual norm 1.671431e-08
 24 (restart 0) KSP residual norm 1.637242e-08
 25 (restart 0) KSP residual norm 1.613978e-08
 26 (restart 0) KSP residual norm 1.582220e-08
 27 (restart 0) KSP residual norm 1.555129e-08
 28 (restart 0) KSP residual norm 1.513819e-08
 29 (restart 0) KSP residual norm 1.509534e-08
 30 (restart 0) KSP residual norm 1.504748e-08
 31 (restart 0) KSP residual norm 1.495851e-08
 32 (restart 0) KSP residual norm 1.492309e-08
 33 (restart 0) KSP residual norm 1.487733e-08
 34 (restart 0) KSP residual norm 1.482195e-08
 35 (restart 0) KSP residual norm 1.476851e-08
 36 (restart 0) KSP residual norm 1.475056e-08
 37 (restart 0) KSP residual norm 1.470042e-08
 38 (restart 0) KSP residual norm 1.438794e-08
 39 (restart 0) KSP residual norm 1.416496e-08
 40 (restart 0) KSP residual norm 1.367059e-08
 41 (restart 0) KSP residual norm 1.266269e-08
 42 (restart 0) KSP residual norm 1.237609e-08
 43 (restart 0) KSP residual norm 1.181033e-08
 44 (restart 0) KSP residual norm 1.009184e-08
 45 (restart 0) KSP residual norm 8.990631e-09
 46 (restart 0) KSP residual norm 7.523584e-09
 47 (restart 0) KSP residual norm 5.984819e-09
 48 (restart 0) KSP residual norm 4.413884e-09
 49 (restart 0) KSP residual norm 3.446319e-09
 50 (restart 0) KSP residual norm 2.727439e-09
 51 (restart 0) KSP residual norm 1.942835e-09
 52 (restart 0) KSP residual norm 1.476402e-09
 53 (restart 0) KSP residual norm 1.114362e-09
 54 (restart 0) KSP residual norm 8.710451e-10
 55 (restart 0) KSP residual norm 6.764064e-10
 56 (restart 0) KSP residual norm 5.075211e-10
 57 (restart 0) KSP residual norm 3.890974e-10
 58 (restart 0) KSP residual norm 2.910543e-10
 59 (restart 0) KSP residual norm 2.255605e-10
 60 (restart 0) KSP residual norm 1.641792e-10
 61 (restart 0) KSP residual norm 1.239674e-10
 62 (restart 0) KSP residual norm 9.214690e-11
GMRES solver converged in 62 iterations (avg. reduction factor: 8.607e-01)
2 NLEPS (nconv=6, restart=0) residual norm 8.509085e-06
  Residual norms for GMRES solve
  0 (restart 0) KSP residual norm 8.664036e-08
  1 (restart 0) KSP residual norm 7.845388e-08
  2 (restart 0) KSP residual norm 7.768407e-08
  3 (restart 0) KSP residual norm 7.166887e-08
  4 (restart 0) KSP residual norm 6.466581e-08
  5 (restart 0) KSP residual norm 3.573145e-08
  6 (restart 0) KSP residual norm 2.298845e-08
  7 (restart 0) KSP residual norm 1.135351e-08
  8 (restart 0) KSP residual norm 4.733891e-09
  9 (restart 0) KSP residual norm 2.916744e-09
 10 (restart 0) KSP residual norm 2.795037e-09
 11 (restart 0) KSP residual norm 2.761229e-09
 12 (restart 0) KSP residual norm 2.734716e-09
 13 (restart 0) KSP residual norm 2.651455e-09
 14 (restart 0) KSP residual norm 2.644475e-09
 15 (restart 0) KSP residual norm 2.610303e-09
 16 (restart 0) KSP residual norm 2.587950e-09
 17 (restart 0) KSP residual norm 2.536332e-09
 18 (restart 0) KSP residual norm 2.457374e-09
 19 (restart 0) KSP residual norm 2.440180e-09
 20 (restart 0) KSP residual norm 2.402386e-09
 21 (restart 0) KSP residual norm 2.387731e-09
 22 (restart 0) KSP residual norm 2.269892e-09
 23 (restart 0) KSP residual norm 2.235268e-09
 24 (restart 0) KSP residual norm 2.130388e-09
 25 (restart 0) KSP residual norm 1.948934e-09
 26 (restart 0) KSP residual norm 1.831816e-09
 27 (restart 0) KSP residual norm 1.666581e-09
 28 (restart 0) KSP residual norm 1.432371e-09
 29 (restart 0) KSP residual norm 1.177250e-09
 30 (restart 0) KSP residual norm 8.921690e-10
 31 (restart 0) KSP residual norm 6.857207e-10
 32 (restart 0) KSP residual norm 5.449340e-10
 33 (restart 0) KSP residual norm 4.027503e-10
 34 (restart 0) KSP residual norm 3.434012e-10
 35 (restart 0) KSP residual norm 2.703432e-10
 36 (restart 0) KSP residual norm 2.315524e-10
 37 (restart 0) KSP residual norm 1.992842e-10
 38 (restart 0) KSP residual norm 1.746061e-10
 39 (restart 0) KSP residual norm 1.532701e-10
 40 (restart 0) KSP residual norm 1.342923e-10
 41 (restart 0) KSP residual norm 1.161783e-10
 42 (restart 0) KSP residual norm 9.764169e-11
 43 (restart 0) KSP residual norm 7.787467e-11
 44 (restart 0) KSP residual norm 6.292163e-11
 45 (restart 0) KSP residual norm 5.023686e-11
 46 (restart 0) KSP residual norm 3.941005e-11
 47 (restart 0) KSP residual norm 3.107952e-11
 48 (restart 0) KSP residual norm 2.394920e-11
 49 (restart 0) KSP residual norm 1.928729e-11
 50 (restart 0) KSP residual norm 1.446049e-11
 51 (restart 0) KSP residual norm 1.148792e-11
 52 (restart 0) KSP residual norm 8.826456e-12
 53 (restart 0) KSP residual norm 7.012189e-12
 54 (restart 0) KSP residual norm 5.584698e-12
 55 (restart 0) KSP residual norm 4.292662e-12
 56 (restart 0) KSP residual norm 3.458134e-12
 57 (restart 0) KSP residual norm 2.675199e-12
 58 (restart 0) KSP residual norm 2.143704e-12
 59 (restart 0) KSP residual norm 1.602378e-12
 60 (restart 0) KSP residual norm 1.221267e-12
 61 (restart 0) KSP residual norm 9.015005e-13
GMRES solver converged in 61 iterations (avg. reduction factor: 8.285e-01)
3 NLEPS (nconv=6, restart=0) residual norm 8.441748e-09
Eigenvalue 6, Quasi-Newton converged in 3 iterations (-4.536e-04+1.158e+01i).
  Residual norms for GMRES solve
  0 (restart 0) KSP residual norm 1.702522e+01
  1 (restart 0) KSP residual norm 1.397495e+01
  2 (restart 0) KSP residual norm 1.388274e+01
  3 (restart 0) KSP residual norm 1.799619e+00
  4 (restart 0) KSP residual norm 1.593348e+00
  5 (restart 0) KSP residual norm 1.482562e+00
  6 (restart 0) KSP residual norm 1.417369e+00
  7 (restart 0) KSP residual norm 1.040512e+00
  8 (restart 0) KSP residual norm 9.432983e-01
  9 (restart 0) KSP residual norm 9.053274e-01
 10 (restart 0) KSP residual norm 8.507991e-01
 11 (restart 0) KSP residual norm 8.272884e-01
 12 (restart 0) KSP residual norm 7.978874e-01
 13 (restart 0) KSP residual norm 5.916738e-01
 14 (restart 0) KSP residual norm 4.375101e-01
 15 (restart 0) KSP residual norm 2.801796e-01
 16 (restart 0) KSP residual norm 1.973233e-01
 17 (restart 0) KSP residual norm 1.447601e-01
 18 (restart 0) KSP residual norm 1.010102e-01
 19 (restart 0) KSP residual norm 6.286207e-02
 20 (restart 0) KSP residual norm 4.111062e-02
 21 (restart 0) KSP residual norm 2.771840e-02
 22 (restart 0) KSP residual norm 1.972295e-02
 23 (restart 0) KSP residual norm 1.394861e-02
 24 (restart 0) KSP residual norm 8.309792e-03
 25 (restart 0) KSP residual norm 6.307494e-03
 26 (restart 0) KSP residual norm 4.076647e-03
 27 (restart 0) KSP residual norm 2.913345e-03
 28 (restart 0) KSP residual norm 2.207536e-03
 29 (restart 0) KSP residual norm 1.626948e-03
GMRES solver converged in 29 iterations (avg. reduction factor: 7.268e-01)
0 NLEPS (nconv=7, restart=0) residual norm 2.015595e-01
  Residual norms for GMRES solve
  0 (restart 0) KSP residual norm 1.358511e+00
  1 (restart 0) KSP residual norm 1.192922e+00
  2 (restart 0) KSP residual norm 1.021703e+00
  3 (restart 0) KSP residual norm 4.560966e-01
  4 (restart 0) KSP residual norm 3.563096e-01
  5 (restart 0) KSP residual norm 3.480059e-01
  6 (restart 0) KSP residual norm 3.416936e-01
  7 (restart 0) KSP residual norm 3.225999e-01
  8 (restart 0) KSP residual norm 2.535733e-01
  9 (restart 0) KSP residual norm 2.320471e-01
 10 (restart 0) KSP residual norm 1.794211e-01
 11 (restart 0) KSP residual norm 9.432810e-02
 12 (restart 0) KSP residual norm 7.944335e-02
 13 (restart 0) KSP residual norm 7.292624e-02
 14 (restart 0) KSP residual norm 5.509017e-02
 15 (restart 0) KSP residual norm 4.709673e-02
 16 (restart 0) KSP residual norm 3.947433e-02
 17 (restart 0) KSP residual norm 3.625534e-02
 18 (restart 0) KSP residual norm 3.417905e-02
 19 (restart 0) KSP residual norm 2.584719e-02
 20 (restart 0) KSP residual norm 1.709031e-02
 21 (restart 0) KSP residual norm 9.505674e-03
 22 (restart 0) KSP residual norm 4.781363e-03
 23 (restart 0) KSP residual norm 3.268202e-03
 24 (restart 0) KSP residual norm 2.187211e-03
 25 (restart 0) KSP residual norm 1.306030e-03
 26 (restart 0) KSP residual norm 9.925031e-04
 27 (restart 0) KSP residual norm 7.208135e-04
 28 (restart 0) KSP residual norm 4.921132e-04
 29 (restart 0) KSP residual norm 3.687168e-04
 30 (restart 0) KSP residual norm 2.758765e-04
 31 (restart 0) KSP residual norm 2.345673e-04
 32 (restart 0) KSP residual norm 1.762461e-04
 33 (restart 0) KSP residual norm 1.354174e-04
GMRES solver converged in 33 iterations (avg. reduction factor: 7.564e-01)
1 NLEPS (nconv=7, restart=0) residual norm 1.995643e-02
  Residual norms for GMRES solve
  0 (restart 0) KSP residual norm 6.983914e-06
  1 (restart 0) KSP residual norm 5.599883e-06
  2 (restart 0) KSP residual norm 5.447355e-06
  3 (restart 0) KSP residual norm 3.033806e-06
  4 (restart 0) KSP residual norm 2.552923e-06
  5 (restart 0) KSP residual norm 2.155788e-06
  6 (restart 0) KSP residual norm 2.133912e-06
  7 (restart 0) KSP residual norm 1.154032e-06
  8 (restart 0) KSP residual norm 7.500382e-07
  9 (restart 0) KSP residual norm 6.445066e-07
 10 (restart 0) KSP residual norm 4.386251e-07
 11 (restart 0) KSP residual norm 3.714305e-07
 12 (restart 0) KSP residual norm 3.607503e-07
 13 (restart 0) KSP residual norm 3.539355e-07
 14 (restart 0) KSP residual norm 3.490664e-07
 15 (restart 0) KSP residual norm 3.268341e-07
 16 (restart 0) KSP residual norm 2.952818e-07
 17 (restart 0) KSP residual norm 2.854655e-07
 18 (restart 0) KSP residual norm 2.804109e-07
 19 (restart 0) KSP residual norm 2.735425e-07
 20 (restart 0) KSP residual norm 2.696047e-07
 21 (restart 0) KSP residual norm 2.521590e-07
 22 (restart 0) KSP residual norm 2.304362e-07
 23 (restart 0) KSP residual norm 2.224204e-07
 24 (restart 0) KSP residual norm 2.173700e-07
 25 (restart 0) KSP residual norm 2.148111e-07
 26 (restart 0) KSP residual norm 2.099077e-07
 27 (restart 0) KSP residual norm 1.894213e-07
 28 (restart 0) KSP residual norm 1.643823e-07
 29 (restart 0) KSP residual norm 1.494941e-07
 30 (restart 0) KSP residual norm 1.384179e-07
 31 (restart 0) KSP residual norm 1.259206e-07
 32 (restart 0) KSP residual norm 1.146737e-07
 33 (restart 0) KSP residual norm 8.622745e-08
 34 (restart 0) KSP residual norm 7.189470e-08
 35 (restart 0) KSP residual norm 5.291032e-08
 36 (restart 0) KSP residual norm 4.434471e-08
 37 (restart 0) KSP residual norm 3.313798e-08
 38 (restart 0) KSP residual norm 2.773468e-08
 39 (restart 0) KSP residual norm 2.507588e-08
 40 (restart 0) KSP residual norm 2.253401e-08
 41 (restart 0) KSP residual norm 1.952019e-08
 42 (restart 0) KSP residual norm 1.612696e-08
 43 (restart 0) KSP residual norm 1.345730e-08
 44 (restart 0) KSP residual norm 1.079618e-08
 45 (restart 0) KSP residual norm 8.896389e-09
 46 (restart 0) KSP residual norm 7.250110e-09
 47 (restart 0) KSP residual norm 5.881828e-09
 48 (restart 0) KSP residual norm 4.688148e-09
 49 (restart 0) KSP residual norm 3.678870e-09
 50 (restart 0) KSP residual norm 2.875742e-09
 51 (restart 0) KSP residual norm 2.080384e-09
 52 (restart 0) KSP residual norm 1.600052e-09
 53 (restart 0) KSP residual norm 1.147780e-09
 54 (restart 0) KSP residual norm 8.502692e-10
 55 (restart 0) KSP residual norm 5.743793e-10
GMRES solver converged in 55 iterations (avg. reduction factor: 8.428e-01)
2 NLEPS (nconv=7, restart=0) residual norm 9.139123e-05
  Residual norms for GMRES solve
  0 (restart 0) KSP residual norm 4.070709e-06
  1 (restart 0) KSP residual norm 3.251628e-06
  2 (restart 0) KSP residual norm 2.954009e-06
  3 (restart 0) KSP residual norm 2.077448e-06
  4 (restart 0) KSP residual norm 1.585416e-06
  5 (restart 0) KSP residual norm 1.292443e-06
  6 (restart 0) KSP residual norm 1.286592e-06
  7 (restart 0) KSP residual norm 7.457301e-07
  8 (restart 0) KSP residual norm 4.058543e-07
  9 (restart 0) KSP residual norm 3.662108e-07
 10 (restart 0) KSP residual norm 2.730616e-07
 11 (restart 0) KSP residual norm 2.534240e-07
 12 (restart 0) KSP residual norm 2.244844e-07
 13 (restart 0) KSP residual norm 1.804062e-07
 14 (restart 0) KSP residual norm 1.297510e-07
 15 (restart 0) KSP residual norm 1.212686e-07
 16 (restart 0) KSP residual norm 1.183440e-07
 17 (restart 0) KSP residual norm 1.115183e-07
 18 (restart 0) KSP residual norm 1.030939e-07
 19 (restart 0) KSP residual norm 8.404406e-08
 20 (restart 0) KSP residual norm 7.210285e-08
 21 (restart 0) KSP residual norm 6.253730e-08
 22 (restart 0) KSP residual norm 4.999200e-08
 23 (restart 0) KSP residual norm 3.954885e-08
 24 (restart 0) KSP residual norm 3.332686e-08
 25 (restart 0) KSP residual norm 2.680021e-08
 26 (restart 0) KSP residual norm 1.965447e-08
 27 (restart 0) KSP residual norm 1.605616e-08
 28 (restart 0) KSP residual norm 1.255323e-08
 29 (restart 0) KSP residual norm 9.898696e-09
 30 (restart 0) KSP residual norm 7.712576e-09
 31 (restart 0) KSP residual norm 6.151218e-09
 32 (restart 0) KSP residual norm 4.698295e-09
 33 (restart 0) KSP residual norm 3.666067e-09
 34 (restart 0) KSP residual norm 3.040275e-09
 35 (restart 0) KSP residual norm 2.423021e-09
 36 (restart 0) KSP residual norm 2.026663e-09
 37 (restart 0) KSP residual norm 1.633407e-09
 38 (restart 0) KSP residual norm 1.403255e-09
 39 (restart 0) KSP residual norm 1.143063e-09
 40 (restart 0) KSP residual norm 9.442284e-10
 41 (restart 0) KSP residual norm 7.985411e-10
 42 (restart 0) KSP residual norm 6.761531e-10
 43 (restart 0) KSP residual norm 5.749325e-10
 44 (restart 0) KSP residual norm 4.793045e-10
 45 (restart 0) KSP residual norm 4.184005e-10
 46 (restart 0) KSP residual norm 3.565775e-10
GMRES solver converged in 46 iterations (avg. reduction factor: 8.162e-01)
3 NLEPS (nconv=7, restart=0) residual norm 2.730906e-06
  Residual norms for GMRES solve
  0 (restart 0) KSP residual norm 5.788457e-10
  1 (restart 0) KSP residual norm 5.320642e-10
  2 (restart 0) KSP residual norm 4.089961e-10
  3 (restart 0) KSP residual norm 3.855298e-10
  4 (restart 0) KSP residual norm 3.569460e-10
  5 (restart 0) KSP residual norm 3.393910e-10
  6 (restart 0) KSP residual norm 3.056527e-10
  7 (restart 0) KSP residual norm 2.862038e-10
  8 (restart 0) KSP residual norm 2.622133e-10
  9 (restart 0) KSP residual norm 2.397190e-10
 10 (restart 0) KSP residual norm 2.172000e-10
 11 (restart 0) KSP residual norm 1.767128e-10
 12 (restart 0) KSP residual norm 1.559720e-10
 13 (restart 0) KSP residual norm 1.232338e-10
 14 (restart 0) KSP residual norm 1.049509e-10
 15 (restart 0) KSP residual norm 8.386700e-11
 16 (restart 0) KSP residual norm 6.904084e-11
 17 (restart 0) KSP residual norm 6.145311e-11
 18 (restart 0) KSP residual norm 5.200098e-11
 19 (restart 0) KSP residual norm 4.623330e-11
 20 (restart 0) KSP residual norm 4.051087e-11
 21 (restart 0) KSP residual norm 3.552923e-11
 22 (restart 0) KSP residual norm 2.768327e-11
 23 (restart 0) KSP residual norm 2.116398e-11
 24 (restart 0) KSP residual norm 1.605624e-11
 25 (restart 0) KSP residual norm 1.314480e-11
 26 (restart 0) KSP residual norm 1.255233e-11
 27 (restart 0) KSP residual norm 1.184080e-11
 28 (restart 0) KSP residual norm 1.093803e-11
 29 (restart 0) KSP residual norm 1.015029e-11
 30 (restart 0) KSP residual norm 9.919702e-12
 31 (restart 0) KSP residual norm 9.600472e-12
 32 (restart 0) KSP residual norm 9.336201e-12
 33 (restart 0) KSP residual norm 9.111674e-12
 34 (restart 0) KSP residual norm 8.883991e-12
 35 (restart 0) KSP residual norm 8.764424e-12
 36 (restart 0) KSP residual norm 8.657657e-12
 37 (restart 0) KSP residual norm 8.559323e-12
 38 (restart 0) KSP residual norm 8.271630e-12
 39 (restart 0) KSP residual norm 7.914079e-12
 40 (restart 0) KSP residual norm 7.666424e-12
 41 (restart 0) KSP residual norm 7.637786e-12
 42 (restart 0) KSP residual norm 7.625983e-12
 43 (restart 0) KSP residual norm 7.562929e-12
 44 (restart 0) KSP residual norm 7.459156e-12
 45 (restart 0) KSP residual norm 7.222681e-12
 46 (restart 0) KSP residual norm 7.180555e-12
 47 (restart 0) KSP residual norm 7.178399e-12
 48 (restart 0) KSP residual norm 6.982636e-12
 49 (restart 0) KSP residual norm 6.787167e-12
 50 (restart 0) KSP residual norm 6.724629e-12
 51 (restart 0) KSP residual norm 6.476144e-12
 52 (restart 0) KSP residual norm 5.756356e-12
 53 (restart 0) KSP residual norm 5.161673e-12
 54 (restart 0) KSP residual norm 4.394415e-12
 55 (restart 0) KSP residual norm 3.971220e-12
 56 (restart 0) KSP residual norm 3.695001e-12
 57 (restart 0) KSP residual norm 3.246921e-12
 58 (restart 0) KSP residual norm 2.407163e-12
 59 (restart 0) KSP residual norm 1.896343e-12
 60 (restart 0) KSP residual norm 1.445961e-12
 61 (restart 0) KSP residual norm 1.105683e-12
 62 (restart 0) KSP residual norm 7.688431e-13
GMRES solver converged in 62 iterations (avg. reduction factor: 8.987e-01)
4 NLEPS (nconv=7, restart=0) residual norm 6.703921e-09
Eigenvalue 7, Quasi-Newton converged in 4 iterations (-8.377e-04+1.192e+01i).

Computing solution error estimates and performing postprocessing

     m,        Re{f} (GHz),        Im{f} (GHz),                  Q,      Error (Bkwd.),       Error (Abs.)
     1,      +2.441661e+00,      +1.119696e-03,      +1.090323e+03,      +9.038632e-14,      +6.018981e-09
     2,      +2.620447e+00,      +7.244484e-03,      +1.808588e+02,      +7.747134e-14,      +5.159534e-09
     3,      +2.701631e+00,      +6.396372e-05,      +2.111846e+04,      +9.600155e-14,      +6.393975e-09
     4,      +2.701827e+00,      +6.399288e-05,      +2.111037e+04,      +1.179897e-13,      +7.858448e-09
     5,      +2.739553e+00,      +7.372457e-05,      +1.857965e+04,      +9.069191e-14,      +6.040492e-09
     6,      +2.739810e+00,      +7.356952e-05,      +1.862055e+04,      +9.170082e-14,      +6.107691e-09
     7,      +2.799578e+00,      +1.096387e-04,      +1.276729e+04,      +1.266784e-13,      +8.437700e-09
     8,      +2.880686e+00,      +2.024696e-04,      +7.113873e+03,      +9.978872e-14,      +6.647031e-09

Completed 0 iterations of adaptive mesh refinement (AMR):
 Indicator norm = 5.127e-02, global unknowns = 503634
 Max. iterations = 0, tol. = 1.000e-02

Estimated peak per-rank memory usage is: Min. 307.5M, Max. 351.1M, Avg. 327.8M, Total 10.2G
Estimated peak per-node memory usage is: Min. 10.2G, Max. 10.2G, Avg. 10.2G, Total 10.2G

Elapsed Time Report (s)           Min.        Max.        Avg.
==============================================================
Initialization                   0.215       0.568       0.557
  Mesh Preprocessing             0.385       0.738       0.396
Operator Construction            1.481       1.543       1.534
Linear Solve                    63.530      64.349      63.754
  Setup                          7.889       7.891       7.890
  Preconditioner               650.475     652.280     651.639
  Coarse Solve                  42.050      43.154      42.514
Eigenvalue Solve                 4.385       4.522       4.474
Div.-Free Projection            12.452      12.478      12.468
Estimation                       0.081       0.088       0.085
  Construction                   0.489       0.489       0.489
  Solve                         12.808      12.816      12.814
Postprocessing                   1.214       1.223       1.217
Disk IO                          0.841       0.842       0.842
--------------------------------------------------------------
Total                          801.819     801.837     801.829

Peak Memory                   Per-Node       Total   Total HWM
==============================================================
Initialization                   47.4M       47.4M       47.4M
  Mesh Preprocessing            128.3M      128.3M      175.7M
Operator Construction             1.6G        1.6G        1.8G
Linear Solve                      0.0K        0.0K        1.8G
  Setup                         919.2M      919.2M        2.7G
  Preconditioner                  2.5M        2.5M        2.7G
  Coarse Solve                    5.2G        5.2G        7.8G
Eigenvalue Solve                375.5M      375.5M        8.2G
Div.-Free Projection            267.9M      267.9M        8.5G
Estimation                      238.0M      238.0M        8.7G
  Construction                  394.4M      394.4M        9.1G
  Solve                         189.7M      189.7M        9.3G
Postprocessing                   29.9M       29.9M        9.3G
Disk IO                          80.3M       80.3M        9.4G
--------------------------------------------------------------
Total                             9.8G        9.8G        9.8G

