>> /opt/amip/envs/emsim/bin/mpirun -n 32 /opt/amip/palace/bin/palace-x86_64.bin h3-groove-gap-01.2ec5f088_gw5_g2-0.75_lumped.json

_____________     _______
_____   __   \____ __   /____ ____________
____   /_/  /  __ ` /  /  __ ` /  ___/  _ \
___   _____/  /_/  /  /  /_/  /  /__/  ___/
  /__/     \___,__/__/\___,__/\_____\_____/

Git changeset ID: v0.17.0-293-g3c83b9db0
Running with 32 MPI processes, 1 OpenMP thread
Device configuration: omp,cpu
Memory configuration: host-std
libCEED backend: /cpu/self/xsmm/blocked

Added 17253 boundary elements for material interfaces to the mesh

Characteristic length and time scales:
 Lc = 1.974e-01 m, tc = 6.585e-01 ns
Finished partitioning mesh into 32 subdomains

Mesh curvature order: 2
Mesh bounding box:
 (Xmin, Ymin, Zmin) = (-8.800e-02, -8.800e-02, -9.871e-02) m
 (Xmax, Ymax, Zmax) = (+8.800e-02, +8.800e-02, +9.871e-02) m

Parallel Mesh Stats:

                minimum     average     maximum       total
 vertices           322         455         583       14563
 edges             2578        2965        3338       94909
 faces             4585        4911        5195      157178
 elements          2241        2400        2473       76830
 neighbors            3           8          18

            minimum     maximum
 h      0.000306531    0.168942
 kappa      1.02098     235.884

Estimated current per-rank memory usage is: Min. 33.0M, Max. 91.3M, Avg. 35.3M, Total 1.1G
Estimated current per-node memory usage is: Min. 1.1G, Max. 1.1G, Avg. 1.1G, Total 1.1G

Configuring Robin finite conductivity BC at attributes:
 90: σ = 3.500e+07 S/m, n = (+0.1,+0.2,-1.0)

Configuring Robin impedance BC for lumped ports at attributes:
 91: Rs = 3.000e+02 Ω/sq, n = (+0.0,+0.0,+1.0)

Configuring lumped port circuit properties:
 Index = 1: R = 5.000e+01 Ω

Assembling system matrices, number of global unknowns:
 H1 (p = 2): 109472, ND (p = 2): 504174, RT (p = 2): 702024
 Operator assembly level: Partial
 Mesh geometries:
  Tetrahedron: P = 20, Q = 14 (quadrature order = 4)

Configuring SLEPc eigenvalue solver:
 Scaling γ = 3.193e+01, δ = 3.809e-07
 Configuring divergence-free projection
 Using random starting vector
 Shift-and-invert σ = 2.420e+00 GHz (1.001e+01)

Assembling multigrid hierarchy:
 Level 0 (p = 1): 94909 unknowns
 Level 1 (p = 2): 504174 unknowns
 Level 0 (auxiliary) (p = 1): 14563 unknowns
 Level 1 (auxiliary) (p = 2): 109472 unknowns

#PETSc Option Table entries:
-eps_monitor # (source: code)
#End of PETSc Option Table entries

  Residual norms for GMRES solve
  0 (restart 0) KSP residual norm 9.448108e-01
  1 (restart 0) KSP residual norm 3.179423e-01
  2 (restart 0) KSP residual norm 2.570827e-01
  3 (restart 0) KSP residual norm 1.001835e-01
  4 (restart 0) KSP residual norm 6.207612e-02
  5 (restart 0) KSP residual norm 2.934611e-02
  6 (restart 0) KSP residual norm 1.390564e-02
  7 (restart 0) KSP residual norm 7.643468e-03
  8 (restart 0) KSP residual norm 3.793319e-03
  9 (restart 0) KSP residual norm 1.784212e-03
 10 (restart 0) KSP residual norm 9.211146e-04
 11 (restart 0) KSP residual norm 6.261270e-04
 12 (restart 0) KSP residual norm 4.196442e-04
 13 (restart 0) KSP residual norm 2.786246e-04
 14 (restart 0) KSP residual norm 1.863225e-04
 15 (restart 0) KSP residual norm 1.365147e-04
 16 (restart 0) KSP residual norm 9.784151e-05
 17 (restart 0) KSP residual norm 7.192937e-05
 18 (restart 0) KSP residual norm 5.234630e-05
 19 (restart 0) KSP residual norm 4.086013e-05
 20 (restart 0) KSP residual norm 3.036744e-05
 21 (restart 0) KSP residual norm 2.261967e-05
 22 (restart 0) KSP residual norm 1.710694e-05
 23 (restart 0) KSP residual norm 1.361689e-05
 24 (restart 0) KSP residual norm 1.037816e-05
 25 (restart 0) KSP residual norm 8.247628e-06
 26 (restart 0) KSP residual norm 6.239956e-06
 27 (restart 0) KSP residual norm 4.839910e-06
 28 (restart 0) KSP residual norm 3.609896e-06
 29 (restart 0) KSP residual norm 2.820176e-06
 30 (restart 0) KSP residual norm 2.245380e-06
 31 (restart 0) KSP residual norm 1.867866e-06
 32 (restart 0) KSP residual norm 1.576984e-06
 33 (restart 0) KSP residual norm 1.335328e-06
 34 (restart 0) KSP residual norm 1.123669e-06
 35 (restart 0) KSP residual norm 9.257210e-07
 36 (restart 0) KSP residual norm 7.437755e-07
 37 (restart 0) KSP residual norm 5.936829e-07
 38 (restart 0) KSP residual norm 4.749739e-07
 39 (restart 0) KSP residual norm 3.805488e-07
 40 (restart 0) KSP residual norm 3.011510e-07
 41 (restart 0) KSP residual norm 2.375468e-07
 42 (restart 0) KSP residual norm 1.835680e-07
 43 (restart 0) KSP residual norm 1.376959e-07
 44 (restart 0) KSP residual norm 1.006254e-07
 45 (restart 0) KSP residual norm 7.357079e-08
 46 (restart 0) KSP residual norm 5.468757e-08
 47 (restart 0) KSP residual norm 4.014514e-08
 48 (restart 0) KSP residual norm 2.951794e-08
 49 (restart 0) KSP residual norm 2.208182e-08
 50 (restart 0) KSP residual norm 1.649337e-08
 51 (restart 0) KSP residual norm 1.222478e-08
 52 (restart 0) KSP residual norm 9.104268e-09
GMRES solver converged in 52 iterations (avg. reduction factor: 7.012e-01)
  Residual norms for GMRES solve
  0 (restart 0) KSP residual norm 3.349481e+01
  1 (restart 0) KSP residual norm 1.111362e+01
  2 (restart 0) KSP residual norm 6.805104e+00
  3 (restart 0) KSP residual norm 5.170820e+00
  4 (restart 0) KSP residual norm 1.934386e+00
  5 (restart 0) KSP residual norm 9.736689e-01
  6 (restart 0) KSP residual norm 3.442089e-01
  7 (restart 0) KSP residual norm 9.156911e-02
  8 (restart 0) KSP residual norm 4.130092e-02
  9 (restart 0) KSP residual norm 8.915872e-03
 10 (restart 0) KSP residual norm 3.956426e-03
 11 (restart 0) KSP residual norm 2.241696e-03
 12 (restart 0) KSP residual norm 1.064335e-03
 13 (restart 0) KSP residual norm 7.104540e-04
 14 (restart 0) KSP residual norm 3.061881e-04
 15 (restart 0) KSP residual norm 2.226679e-04
 16 (restart 0) KSP residual norm 1.544956e-04
 17 (restart 0) KSP residual norm 1.047495e-04
 18 (restart 0) KSP residual norm 7.527325e-05
 19 (restart 0) KSP residual norm 5.655438e-05
 20 (restart 0) KSP residual norm 4.424103e-05
 21 (restart 0) KSP residual norm 3.322436e-05
 22 (restart 0) KSP residual norm 2.576551e-05
 23 (restart 0) KSP residual norm 1.992657e-05
 24 (restart 0) KSP residual norm 1.467259e-05
 25 (restart 0) KSP residual norm 1.068535e-05
 26 (restart 0) KSP residual norm 7.677071e-06
 27 (restart 0) KSP residual norm 5.349058e-06
 28 (restart 0) KSP residual norm 3.913579e-06
 29 (restart 0) KSP residual norm 2.797784e-06
 30 (restart 0) KSP residual norm 2.064476e-06
 31 (restart 0) KSP residual norm 1.621455e-06
 32 (restart 0) KSP residual norm 1.266934e-06
 33 (restart 0) KSP residual norm 9.749832e-07
 34 (restart 0) KSP residual norm 7.631705e-07
 35 (restart 0) KSP residual norm 6.194863e-07
 36 (restart 0) KSP residual norm 5.091069e-07
 37 (restart 0) KSP residual norm 4.265911e-07
 38 (restart 0) KSP residual norm 3.645792e-07
 39 (restart 0) KSP residual norm 3.079017e-07
GMRES solver converged in 39 iterations (avg. reduction factor: 6.222e-01)
  Residual norms for GMRES solve
  0 (restart 0) KSP residual norm 7.822732e+01
  1 (restart 0) KSP residual norm 1.291265e+01
  2 (restart 0) KSP residual norm 1.032930e+01
  3 (restart 0) KSP residual norm 5.839007e+00
  4 (restart 0) KSP residual norm 2.050273e+00
  5 (restart 0) KSP residual norm 1.410548e+00
  6 (restart 0) KSP residual norm 3.766807e-01
  7 (restart 0) KSP residual norm 8.283860e-02
  8 (restart 0) KSP residual norm 3.578217e-02
  9 (restart 0) KSP residual norm 1.221217e-02
 10 (restart 0) KSP residual norm 7.639837e-03
 11 (restart 0) KSP residual norm 3.275763e-03
 12 (restart 0) KSP residual norm 2.047955e-03
 13 (restart 0) KSP residual norm 9.856585e-04
 14 (restart 0) KSP residual norm 3.575990e-04
 15 (restart 0) KSP residual norm 2.731822e-04
 16 (restart 0) KSP residual norm 1.563540e-04
 17 (restart 0) KSP residual norm 1.005597e-04
 18 (restart 0) KSP residual norm 5.908612e-05
 19 (restart 0) KSP residual norm 3.781186e-05
 20 (restart 0) KSP residual norm 2.577406e-05
 21 (restart 0) KSP residual norm 1.642067e-05
 22 (restart 0) KSP residual norm 1.175146e-05
 23 (restart 0) KSP residual norm 8.805610e-06
 24 (restart 0) KSP residual norm 6.895817e-06
 25 (restart 0) KSP residual norm 5.491658e-06
 26 (restart 0) KSP residual norm 4.146668e-06
 27 (restart 0) KSP residual norm 2.976986e-06
 28 (restart 0) KSP residual norm 2.133503e-06
 29 (restart 0) KSP residual norm 1.536272e-06
 30 (restart 0) KSP residual norm 1.046148e-06
 31 (restart 0) KSP residual norm 7.903918e-07
 32 (restart 0) KSP residual norm 6.268061e-07
GMRES solver converged in 32 iterations (avg. reduction factor: 5.585e-01)
  Residual norms for GMRES solve
  0 (restart 0) KSP residual norm 3.125624e+01
  1 (restart 0) KSP residual norm 2.639843e+01
  2 (restart 0) KSP residual norm 1.364155e+01
  3 (restart 0) KSP residual norm 7.252151e+00
  4 (restart 0) KSP residual norm 2.829480e+00
  5 (restart 0) KSP residual norm 1.408229e+00
  6 (restart 0) KSP residual norm 4.735621e-01
  7 (restart 0) KSP residual norm 1.812281e-01
  8 (restart 0) KSP residual norm 7.985698e-02
  9 (restart 0) KSP residual norm 1.342061e-02
 10 (restart 0) KSP residual norm 4.879337e-03
 11 (restart 0) KSP residual norm 2.828812e-03
 12 (restart 0) KSP residual norm 1.098620e-03
 13 (restart 0) KSP residual norm 7.179229e-04
 14 (restart 0) KSP residual norm 3.303364e-04
 15 (restart 0) KSP residual norm 1.880805e-04
 16 (restart 0) KSP residual norm 1.245228e-04
 17 (restart 0) KSP residual norm 7.233037e-05
 18 (restart 0) KSP residual norm 4.318173e-05
 19 (restart 0) KSP residual norm 2.803135e-05
 20 (restart 0) KSP residual norm 1.940158e-05
 21 (restart 0) KSP residual norm 1.392313e-05
 22 (restart 0) KSP residual norm 1.041732e-05
 23 (restart 0) KSP residual norm 8.145203e-06
 24 (restart 0) KSP residual norm 6.476865e-06
 25 (restart 0) KSP residual norm 5.046149e-06
 26 (restart 0) KSP residual norm 3.594861e-06
 27 (restart 0) KSP residual norm 2.515824e-06
 28 (restart 0) KSP residual norm 1.743931e-06
 29 (restart 0) KSP residual norm 1.245989e-06
 30 (restart 0) KSP residual norm 8.746207e-07
 31 (restart 0) KSP residual norm 6.698578e-07
 32 (restart 0) KSP residual norm 5.257780e-07
 33 (restart 0) KSP residual norm 3.986490e-07
 34 (restart 0) KSP residual norm 2.981143e-07
GMRES solver converged in 34 iterations (avg. reduction factor: 5.809e-01)
  Residual norms for GMRES solve
  0 (restart 0) KSP residual norm 1.606169e+01
  1 (restart 0) KSP residual norm 1.383219e+01
  2 (restart 0) KSP residual norm 5.718990e+00
  3 (restart 0) KSP residual norm 2.052823e+00
  4 (restart 0) KSP residual norm 8.424701e-01
  5 (restart 0) KSP residual norm 5.423268e-01
  6 (restart 0) KSP residual norm 3.382572e-01
  7 (restart 0) KSP residual norm 1.229114e-01
  8 (restart 0) KSP residual norm 5.112531e-02
  9 (restart 0) KSP residual norm 1.244038e-02
 10 (restart 0) KSP residual norm 2.586696e-03
 11 (restart 0) KSP residual norm 1.123610e-03
 12 (restart 0) KSP residual norm 4.917815e-04
 13 (restart 0) KSP residual norm 2.754596e-04
 14 (restart 0) KSP residual norm 1.863245e-04
 15 (restart 0) KSP residual norm 8.958838e-05
 16 (restart 0) KSP residual norm 6.997053e-05
 17 (restart 0) KSP residual norm 4.722302e-05
 18 (restart 0) KSP residual norm 3.445522e-05
 19 (restart 0) KSP residual norm 2.421478e-05
 20 (restart 0) KSP residual norm 1.856965e-05
 21 (restart 0) KSP residual norm 1.412768e-05
 22 (restart 0) KSP residual norm 1.063346e-05
 23 (restart 0) KSP residual norm 8.287110e-06
 24 (restart 0) KSP residual norm 6.259038e-06
 25 (restart 0) KSP residual norm 4.554284e-06
 26 (restart 0) KSP residual norm 3.265203e-06
 27 (restart 0) KSP residual norm 2.333001e-06
 28 (restart 0) KSP residual norm 1.659820e-06
 29 (restart 0) KSP residual norm 1.197468e-06
 30 (restart 0) KSP residual norm 9.191248e-07
 31 (restart 0) KSP residual norm 7.054134e-07
 32 (restart 0) KSP residual norm 5.467111e-07
 33 (restart 0) KSP residual norm 4.252452e-07
 34 (restart 0) KSP residual norm 3.336139e-07
 35 (restart 0) KSP residual norm 2.702333e-07
 36 (restart 0) KSP residual norm 2.210500e-07
 37 (restart 0) KSP residual norm 1.847906e-07
 38 (restart 0) KSP residual norm 1.574788e-07
GMRES solver converged in 38 iterations (avg. reduction factor: 6.155e-01)
  Residual norms for GMRES solve
  0 (restart 0) KSP residual norm 1.807460e+01
  1 (restart 0) KSP residual norm 1.564352e+01
  2 (restart 0) KSP residual norm 1.252706e+01
  3 (restart 0) KSP residual norm 5.249418e+00
  4 (restart 0) KSP residual norm 3.210101e+00
  5 (restart 0) KSP residual norm 1.432661e+00
  6 (restart 0) KSP residual norm 5.385270e-01
  7 (restart 0) KSP residual norm 1.697583e-01
  8 (restart 0) KSP residual norm 8.155696e-02
  9 (restart 0) KSP residual norm 1.554786e-02
 10 (restart 0) KSP residual norm 3.886988e-03
 11 (restart 0) KSP residual norm 2.530145e-03
 12 (restart 0) KSP residual norm 8.180309e-04
 13 (restart 0) KSP residual norm 5.457943e-04
 14 (restart 0) KSP residual norm 2.803181e-04
 15 (restart 0) KSP residual norm 1.326115e-04
 16 (restart 0) KSP residual norm 8.342856e-05
 17 (restart 0) KSP residual norm 5.157735e-05
 18 (restart 0) KSP residual norm 2.809334e-05
 19 (restart 0) KSP residual norm 1.740622e-05
 20 (restart 0) KSP residual norm 1.082673e-05
 21 (restart 0) KSP residual norm 6.797606e-06
 22 (restart 0) KSP residual norm 4.681170e-06
 23 (restart 0) KSP residual norm 3.207810e-06
 24 (restart 0) KSP residual norm 2.422116e-06
 25 (restart 0) KSP residual norm 1.934473e-06
 26 (restart 0) KSP residual norm 1.452005e-06
 27 (restart 0) KSP residual norm 1.095673e-06
 28 (restart 0) KSP residual norm 8.130528e-07
 29 (restart 0) KSP residual norm 6.041899e-07
 30 (restart 0) KSP residual norm 4.464908e-07
 31 (restart 0) KSP residual norm 3.307678e-07
 32 (restart 0) KSP residual norm 2.593544e-07
 33 (restart 0) KSP residual norm 2.083170e-07
 34 (restart 0) KSP residual norm 1.653466e-07
GMRES solver converged in 34 iterations (avg. reduction factor: 5.802e-01)
  Residual norms for GMRES solve
  0 (restart 0) KSP residual norm 2.207246e+01
  1 (restart 0) KSP residual norm 1.971171e+01
  2 (restart 0) KSP residual norm 1.139418e+01
  3 (restart 0) KSP residual norm 5.302424e+00
  4 (restart 0) KSP residual norm 3.460057e+00
  5 (restart 0) KSP residual norm 1.557365e+00
  6 (restart 0) KSP residual norm 5.205301e-01
  7 (restart 0) KSP residual norm 1.813347e-01
  8 (restart 0) KSP residual norm 7.662072e-02
  9 (restart 0) KSP residual norm 1.402298e-02
 10 (restart 0) KSP residual norm 5.266516e-03
 11 (restart 0) KSP residual norm 3.123157e-03
 12 (restart 0) KSP residual norm 1.000511e-03
 13 (restart 0) KSP residual norm 7.003155e-04
 14 (restart 0) KSP residual norm 3.291764e-04
 15 (restart 0) KSP residual norm 1.784197e-04
 16 (restart 0) KSP residual norm 1.195964e-04
 17 (restart 0) KSP residual norm 7.446126e-05
 18 (restart 0) KSP residual norm 3.994593e-05
 19 (restart 0) KSP residual norm 2.439964e-05
 20 (restart 0) KSP residual norm 1.520013e-05
 21 (restart 0) KSP residual norm 9.689499e-06
 22 (restart 0) KSP residual norm 6.947080e-06
 23 (restart 0) KSP residual norm 5.084639e-06
 24 (restart 0) KSP residual norm 4.082541e-06
 25 (restart 0) KSP residual norm 3.358803e-06
 26 (restart 0) KSP residual norm 2.488473e-06
 27 (restart 0) KSP residual norm 1.819700e-06
 28 (restart 0) KSP residual norm 1.288316e-06
 29 (restart 0) KSP residual norm 8.687915e-07
 30 (restart 0) KSP residual norm 5.649763e-07
 31 (restart 0) KSP residual norm 3.948432e-07
 32 (restart 0) KSP residual norm 2.970119e-07
 33 (restart 0) KSP residual norm 2.228997e-07
 34 (restart 0) KSP residual norm 1.585202e-07
GMRES solver converged in 34 iterations (avg. reduction factor: 5.761e-01)
  Residual norms for GMRES solve
  0 (restart 0) KSP residual norm 1.522910e+01
  1 (restart 0) KSP residual norm 1.274434e+01
  2 (restart 0) KSP residual norm 2.871996e+00
  3 (restart 0) KSP residual norm 1.794425e+00
  4 (restart 0) KSP residual norm 8.842578e-01
  5 (restart 0) KSP residual norm 3.442429e-01
  6 (restart 0) KSP residual norm 2.084913e-01
  7 (restart 0) KSP residual norm 6.414642e-02
  8 (restart 0) KSP residual norm 1.503639e-02
  9 (restart 0) KSP residual norm 8.327663e-03
 10 (restart 0) KSP residual norm 2.421374e-03
 11 (restart 0) KSP residual norm 1.063511e-03
 12 (restart 0) KSP residual norm 4.783137e-04
 13 (restart 0) KSP residual norm 2.840256e-04
 14 (restart 0) KSP residual norm 1.458389e-04
 15 (restart 0) KSP residual norm 6.202606e-05
 16 (restart 0) KSP residual norm 4.870999e-05
 17 (restart 0) KSP residual norm 3.003247e-05
 18 (restart 0) KSP residual norm 2.179972e-05
 19 (restart 0) KSP residual norm 1.523843e-05
 20 (restart 0) KSP residual norm 1.201535e-05
 21 (restart 0) KSP residual norm 9.244611e-06
 22 (restart 0) KSP residual norm 6.680338e-06
 23 (restart 0) KSP residual norm 5.058970e-06
 24 (restart 0) KSP residual norm 3.931119e-06
 25 (restart 0) KSP residual norm 2.939622e-06
 26 (restart 0) KSP residual norm 2.120781e-06
 27 (restart 0) KSP residual norm 1.545305e-06
 28 (restart 0) KSP residual norm 1.095035e-06
 29 (restart 0) KSP residual norm 8.249547e-07
 30 (restart 0) KSP residual norm 6.207572e-07
 31 (restart 0) KSP residual norm 4.522271e-07
 32 (restart 0) KSP residual norm 3.514124e-07
 33 (restart 0) KSP residual norm 2.702901e-07
 34 (restart 0) KSP residual norm 2.069118e-07
 35 (restart 0) KSP residual norm 1.628095e-07
 36 (restart 0) KSP residual norm 1.353052e-07
GMRES solver converged in 36 iterations (avg. reduction factor: 5.975e-01)
  Residual norms for GMRES solve
  0 (restart 0) KSP residual norm 1.087212e+01
  1 (restart 0) KSP residual norm 1.084835e+01
  2 (restart 0) KSP residual norm 3.672598e+00
  3 (restart 0) KSP residual norm 1.901000e+00
  4 (restart 0) KSP residual norm 1.452774e+00
  5 (restart 0) KSP residual norm 5.348456e-01
  6 (restart 0) KSP residual norm 3.090274e-01
  7 (restart 0) KSP residual norm 8.126375e-02
  8 (restart 0) KSP residual norm 1.745153e-02
  9 (restart 0) KSP residual norm 6.839852e-03
 10 (restart 0) KSP residual norm 2.551343e-03
 11 (restart 0) KSP residual norm 1.248826e-03
 12 (restart 0) KSP residual norm 5.035922e-04
 13 (restart 0) KSP residual norm 3.104669e-04
 14 (restart 0) KSP residual norm 1.589516e-04
 15 (restart 0) KSP residual norm 8.905513e-05
 16 (restart 0) KSP residual norm 7.156576e-05
 17 (restart 0) KSP residual norm 4.144811e-05
 18 (restart 0) KSP residual norm 3.335122e-05
 19 (restart 0) KSP residual norm 2.197496e-05
 20 (restart 0) KSP residual norm 1.845801e-05
 21 (restart 0) KSP residual norm 1.324399e-05
 22 (restart 0) KSP residual norm 1.088635e-05
 23 (restart 0) KSP residual norm 8.105491e-06
 24 (restart 0) KSP residual norm 6.433488e-06
 25 (restart 0) KSP residual norm 4.601146e-06
 26 (restart 0) KSP residual norm 3.357198e-06
 27 (restart 0) KSP residual norm 2.375970e-06
 28 (restart 0) KSP residual norm 1.711061e-06
 29 (restart 0) KSP residual norm 1.263025e-06
 30 (restart 0) KSP residual norm 9.623056e-07
 31 (restart 0) KSP residual norm 7.419180e-07
 32 (restart 0) KSP residual norm 5.964601e-07
 33 (restart 0) KSP residual norm 4.703529e-07
 34 (restart 0) KSP residual norm 3.688769e-07
 35 (restart 0) KSP residual norm 2.969075e-07
 36 (restart 0) KSP residual norm 2.493336e-07
 37 (restart 0) KSP residual norm 2.081305e-07
 38 (restart 0) KSP residual norm 1.775362e-07
 39 (restart 0) KSP residual norm 1.514156e-07
 40 (restart 0) KSP residual norm 1.272568e-07
 41 (restart 0) KSP residual norm 1.016878e-07
GMRES solver converged in 41 iterations (avg. reduction factor: 6.370e-01)
  Residual norms for GMRES solve
  0 (restart 0) KSP residual norm 1.338582e+01
  1 (restart 0) KSP residual norm 1.274489e+01
  2 (restart 0) KSP residual norm 4.163726e+00
  3 (restart 0) KSP residual norm 2.452287e+00
  4 (restart 0) KSP residual norm 1.753500e+00
  5 (restart 0) KSP residual norm 6.885739e-01
  6 (restart 0) KSP residual norm 4.256869e-01
  7 (restart 0) KSP residual norm 7.315646e-02
  8 (restart 0) KSP residual norm 1.798681e-02
  9 (restart 0) KSP residual norm 7.613953e-03
 10 (restart 0) KSP residual norm 3.040387e-03
 11 (restart 0) KSP residual norm 1.375709e-03
 12 (restart 0) KSP residual norm 6.462237e-04
 13 (restart 0) KSP residual norm 3.546039e-04
 14 (restart 0) KSP residual norm 1.754012e-04
 15 (restart 0) KSP residual norm 1.002140e-04
 16 (restart 0) KSP residual norm 7.208455e-05
 17 (restart 0) KSP residual norm 4.083452e-05
 18 (restart 0) KSP residual norm 2.963961e-05
 19 (restart 0) KSP residual norm 2.010576e-05
 20 (restart 0) KSP residual norm 1.602662e-05
 21 (restart 0) KSP residual norm 1.138824e-05
 22 (restart 0) KSP residual norm 9.038545e-06
 23 (restart 0) KSP residual norm 6.566399e-06
 24 (restart 0) KSP residual norm 5.375464e-06
 25 (restart 0) KSP residual norm 3.876453e-06
 26 (restart 0) KSP residual norm 3.003371e-06
 27 (restart 0) KSP residual norm 2.123480e-06
 28 (restart 0) KSP residual norm 1.552488e-06
 29 (restart 0) KSP residual norm 1.155874e-06
 30 (restart 0) KSP residual norm 8.849313e-07
 31 (restart 0) KSP residual norm 6.450602e-07
 32 (restart 0) KSP residual norm 5.112194e-07
 33 (restart 0) KSP residual norm 4.020826e-07
 34 (restart 0) KSP residual norm 3.153927e-07
 35 (restart 0) KSP residual norm 2.560066e-07
 36 (restart 0) KSP residual norm 2.165875e-07
 37 (restart 0) KSP residual norm 1.838107e-07
 38 (restart 0) KSP residual norm 1.588544e-07
 39 (restart 0) KSP residual norm 1.347280e-07
 40 (restart 0) KSP residual norm 1.100590e-07
GMRES solver converged in 40 iterations (avg. reduction factor: 6.279e-01)
  Residual norms for GMRES solve
  0 (restart 0) KSP residual norm 1.084966e+01
  1 (restart 0) KSP residual norm 9.262028e+00
  2 (restart 0) KSP residual norm 2.653061e+00
  3 (restart 0) KSP residual norm 1.351000e+00
  4 (restart 0) KSP residual norm 8.333347e-01
  5 (restart 0) KSP residual norm 2.686393e-01
  6 (restart 0) KSP residual norm 8.161955e-02
  7 (restart 0) KSP residual norm 4.901010e-02
  8 (restart 0) KSP residual norm 1.489462e-02
  9 (restart 0) KSP residual norm 6.918659e-03
 10 (restart 0) KSP residual norm 2.384579e-03
 11 (restart 0) KSP residual norm 6.773371e-04
 12 (restart 0) KSP residual norm 4.826336e-04
 13 (restart 0) KSP residual norm 3.495935e-04
 14 (restart 0) KSP residual norm 2.308156e-04
 15 (restart 0) KSP residual norm 1.423894e-04
 16 (restart 0) KSP residual norm 1.134579e-04
 17 (restart 0) KSP residual norm 8.091336e-05
 18 (restart 0) KSP residual norm 6.603749e-05
 19 (restart 0) KSP residual norm 4.836154e-05
 20 (restart 0) KSP residual norm 3.974277e-05
 21 (restart 0) KSP residual norm 2.863361e-05
 22 (restart 0) KSP residual norm 2.269084e-05
 23 (restart 0) KSP residual norm 1.641979e-05
 24 (restart 0) KSP residual norm 1.275751e-05
 25 (restart 0) KSP residual norm 8.788155e-06
 26 (restart 0) KSP residual norm 6.832837e-06
 27 (restart 0) KSP residual norm 4.843146e-06
 28 (restart 0) KSP residual norm 3.680219e-06
 29 (restart 0) KSP residual norm 2.789727e-06
 30 (restart 0) KSP residual norm 2.245860e-06
 31 (restart 0) KSP residual norm 1.761247e-06
 32 (restart 0) KSP residual norm 1.417733e-06
 33 (restart 0) KSP residual norm 1.150664e-06
 34 (restart 0) KSP residual norm 9.291662e-07
 35 (restart 0) KSP residual norm 7.665484e-07
 36 (restart 0) KSP residual norm 6.448249e-07
 37 (restart 0) KSP residual norm 5.484076e-07
 38 (restart 0) KSP residual norm 4.671037e-07
 39 (restart 0) KSP residual norm 3.890627e-07
 40 (restart 0) KSP residual norm 3.141228e-07
 41 (restart 0) KSP residual norm 2.453160e-07
 42 (restart 0) KSP residual norm 1.901047e-07
 43 (restart 0) KSP residual norm 1.425562e-07
 44 (restart 0) KSP residual norm 1.066331e-07
GMRES solver converged in 44 iterations (avg. reduction factor: 6.577e-01)
  Residual norms for GMRES solve
  0 (restart 0) KSP residual norm 1.067794e+01
  1 (restart 0) KSP residual norm 2.270094e+00
  2 (restart 0) KSP residual norm 2.235662e+00
  3 (restart 0) KSP residual norm 1.686926e+00
  4 (restart 0) KSP residual norm 1.393558e+00
  5 (restart 0) KSP residual norm 6.343348e-01
  6 (restart 0) KSP residual norm 3.135158e-01
  7 (restart 0) KSP residual norm 1.053240e-01
  8 (restart 0) KSP residual norm 2.440687e-02
  9 (restart 0) KSP residual norm 1.038828e-02
 10 (restart 0) KSP residual norm 3.382847e-03
 11 (restart 0) KSP residual norm 1.220140e-03
 12 (restart 0) KSP residual norm 6.421384e-04
 13 (restart 0) KSP residual norm 3.599198e-04
 14 (restart 0) KSP residual norm 2.084418e-04
 15 (restart 0) KSP residual norm 1.199424e-04
 16 (restart 0) KSP residual norm 8.995820e-05
 17 (restart 0) KSP residual norm 5.629966e-05
 18 (restart 0) KSP residual norm 4.451982e-05
 19 (restart 0) KSP residual norm 3.290847e-05
 20 (restart 0) KSP residual norm 2.695484e-05
 21 (restart 0) KSP residual norm 1.940113e-05
 22 (restart 0) KSP residual norm 1.504538e-05
 23 (restart 0) KSP residual norm 1.121761e-05
 24 (restart 0) KSP residual norm 8.888992e-06
 25 (restart 0) KSP residual norm 6.424488e-06
 26 (restart 0) KSP residual norm 4.760316e-06
 27 (restart 0) KSP residual norm 3.421844e-06
 28 (restart 0) KSP residual norm 2.513698e-06
 29 (restart 0) KSP residual norm 1.904987e-06
 30 (restart 0) KSP residual norm 1.449061e-06
 31 (restart 0) KSP residual norm 1.135053e-06
 32 (restart 0) KSP residual norm 9.141766e-07
 33 (restart 0) KSP residual norm 7.346478e-07
 34 (restart 0) KSP residual norm 5.868114e-07
 35 (restart 0) KSP residual norm 4.839393e-07
 36 (restart 0) KSP residual norm 4.073731e-07
 37 (restart 0) KSP residual norm 3.423729e-07
 38 (restart 0) KSP residual norm 2.924302e-07
 39 (restart 0) KSP residual norm 2.413455e-07
 40 (restart 0) KSP residual norm 1.956733e-07
 41 (restart 0) KSP residual norm 1.555639e-07
 42 (restart 0) KSP residual norm 1.215735e-07
 43 (restart 0) KSP residual norm 9.207734e-08
GMRES solver converged in 43 iterations (avg. reduction factor: 6.493e-01)
  Residual norms for GMRES solve
  0 (restart 0) KSP residual norm 8.491724e+00
  1 (restart 0) KSP residual norm 8.081184e+00
  2 (restart 0) KSP residual norm 2.624856e+00
  3 (restart 0) KSP residual norm 9.256389e-01
  4 (restart 0) KSP residual norm 6.006584e-01
  5 (restart 0) KSP residual norm 2.994018e-01
  6 (restart 0) KSP residual norm 1.560351e-01
  7 (restart 0) KSP residual norm 6.653146e-02
  8 (restart 0) KSP residual norm 1.886656e-02
  9 (restart 0) KSP residual norm 8.674287e-03
 10 (restart 0) KSP residual norm 2.166588e-03
 11 (restart 0) KSP residual norm 7.360902e-04
 12 (restart 0) KSP residual norm 3.870700e-04
 13 (restart 0) KSP residual norm 2.777559e-04
 14 (restart 0) KSP residual norm 1.807525e-04
 15 (restart 0) KSP residual norm 1.160445e-04
 16 (restart 0) KSP residual norm 8.883525e-05
 17 (restart 0) KSP residual norm 6.075629e-05
 18 (restart 0) KSP residual norm 4.931316e-05
 19 (restart 0) KSP residual norm 3.648959e-05
 20 (restart 0) KSP residual norm 2.934341e-05
 21 (restart 0) KSP residual norm 2.202109e-05
 22 (restart 0) KSP residual norm 1.697450e-05
 23 (restart 0) KSP residual norm 1.277229e-05
 24 (restart 0) KSP residual norm 9.585584e-06
 25 (restart 0) KSP residual norm 6.851500e-06
 26 (restart 0) KSP residual norm 4.960743e-06
 27 (restart 0) KSP residual norm 3.586291e-06
 28 (restart 0) KSP residual norm 2.628183e-06
 29 (restart 0) KSP residual norm 1.977330e-06
 30 (restart 0) KSP residual norm 1.518262e-06
 31 (restart 0) KSP residual norm 1.187408e-06
 32 (restart 0) KSP residual norm 9.503336e-07
 33 (restart 0) KSP residual norm 7.485061e-07
 34 (restart 0) KSP residual norm 5.960828e-07
 35 (restart 0) KSP residual norm 4.859514e-07
 36 (restart 0) KSP residual norm 4.035765e-07
 37 (restart 0) KSP residual norm 3.416707e-07
 38 (restart 0) KSP residual norm 2.926088e-07
 39 (restart 0) KSP residual norm 2.457231e-07
 40 (restart 0) KSP residual norm 2.033412e-07
 41 (restart 0) KSP residual norm 1.644302e-07
 42 (restart 0) KSP residual norm 1.275764e-07
 43 (restart 0) KSP residual norm 9.776972e-08
 44 (restart 0) KSP residual norm 7.419255e-08
GMRES solver converged in 44 iterations (avg. reduction factor: 6.559e-01)
  Residual norms for GMRES solve
  0 (restart 0) KSP residual norm 6.880979e+00
  1 (restart 0) KSP residual norm 3.357953e+00
  2 (restart 0) KSP residual norm 2.641937e+00
  3 (restart 0) KSP residual norm 1.395567e+00
  4 (restart 0) KSP residual norm 7.637279e-01
  5 (restart 0) KSP residual norm 3.652138e-01
  6 (restart 0) KSP residual norm 1.588007e-01
  7 (restart 0) KSP residual norm 6.907563e-02
  8 (restart 0) KSP residual norm 1.542831e-02
  9 (restart 0) KSP residual norm 6.195679e-03
 10 (restart 0) KSP residual norm 1.802948e-03
 11 (restart 0) KSP residual norm 6.635742e-04
 12 (restart 0) KSP residual norm 3.790712e-04
 13 (restart 0) KSP residual norm 2.000205e-04
 14 (restart 0) KSP residual norm 1.202278e-04
 15 (restart 0) KSP residual norm 7.827740e-05
 16 (restart 0) KSP residual norm 6.017594e-05
 17 (restart 0) KSP residual norm 4.114133e-05
 18 (restart 0) KSP residual norm 3.025829e-05
 19 (restart 0) KSP residual norm 2.382161e-05
 20 (restart 0) KSP residual norm 1.823549e-05
 21 (restart 0) KSP residual norm 1.443775e-05
 22 (restart 0) KSP residual norm 1.075327e-05
 23 (restart 0) KSP residual norm 8.511203e-06
 24 (restart 0) KSP residual norm 6.301873e-06
 25 (restart 0) KSP residual norm 4.502901e-06
 26 (restart 0) KSP residual norm 3.288006e-06
 27 (restart 0) KSP residual norm 2.406246e-06
 28 (restart 0) KSP residual norm 1.747632e-06
 29 (restart 0) KSP residual norm 1.343079e-06
 30 (restart 0) KSP residual norm 1.044563e-06
 31 (restart 0) KSP residual norm 8.444984e-07
 32 (restart 0) KSP residual norm 6.739935e-07
 33 (restart 0) KSP residual norm 5.407046e-07
 34 (restart 0) KSP residual norm 4.326292e-07
 35 (restart 0) KSP residual norm 3.583377e-07
 36 (restart 0) KSP residual norm 2.984683e-07
 37 (restart 0) KSP residual norm 2.508599e-07
 38 (restart 0) KSP residual norm 2.140466e-07
 39 (restart 0) KSP residual norm 1.791033e-07
 40 (restart 0) KSP residual norm 1.473904e-07
 41 (restart 0) KSP residual norm 1.165229e-07
 42 (restart 0) KSP residual norm 8.934350e-08
 43 (restart 0) KSP residual norm 6.662685e-08
GMRES solver converged in 43 iterations (avg. reduction factor: 6.511e-01)
  Residual norms for GMRES solve
  0 (restart 0) KSP residual norm 6.892091e+00
  1 (restart 0) KSP residual norm 2.927992e+00
  2 (restart 0) KSP residual norm 2.395647e+00
  3 (restart 0) KSP residual norm 1.784712e+00
  4 (restart 0) KSP residual norm 1.042968e+00
  5 (restart 0) KSP residual norm 5.339760e-01
  6 (restart 0) KSP residual norm 2.499452e-01
  7 (restart 0) KSP residual norm 6.328737e-02
  8 (restart 0) KSP residual norm 1.505502e-02
  9 (restart 0) KSP residual norm 6.221637e-03
 10 (restart 0) KSP residual norm 2.016859e-03
 11 (restart 0) KSP residual norm 1.133137e-03
 12 (restart 0) KSP residual norm 5.941624e-04
 13 (restart 0) KSP residual norm 2.978837e-04
 14 (restart 0) KSP residual norm 1.542469e-04
 15 (restart 0) KSP residual norm 9.496769e-05
 16 (restart 0) KSP residual norm 7.029577e-05
 17 (restart 0) KSP residual norm 4.241977e-05
 18 (restart 0) KSP residual norm 3.422908e-05
 19 (restart 0) KSP residual norm 2.534245e-05
 20 (restart 0) KSP residual norm 2.048409e-05
 21 (restart 0) KSP residual norm 1.510065e-05
 22 (restart 0) KSP residual norm 1.153465e-05
 23 (restart 0) KSP residual norm 8.280229e-06
 24 (restart 0) KSP residual norm 6.470553e-06
 25 (restart 0) KSP residual norm 4.724076e-06
 26 (restart 0) KSP residual norm 3.452031e-06
 27 (restart 0) KSP residual norm 2.511151e-06
 28 (restart 0) KSP residual norm 1.844296e-06
 29 (restart 0) KSP residual norm 1.373683e-06
 30 (restart 0) KSP residual norm 1.027397e-06
 31 (restart 0) KSP residual norm 7.828557e-07
 32 (restart 0) KSP residual norm 6.185969e-07
 33 (restart 0) KSP residual norm 4.874877e-07
 34 (restart 0) KSP residual norm 3.823887e-07
 35 (restart 0) KSP residual norm 3.133720e-07
 36 (restart 0) KSP residual norm 2.623498e-07
 37 (restart 0) KSP residual norm 2.193708e-07
 38 (restart 0) KSP residual norm 1.886386e-07
 39 (restart 0) KSP residual norm 1.587234e-07
 40 (restart 0) KSP residual norm 1.300666e-07
 41 (restart 0) KSP residual norm 1.039459e-07
 42 (restart 0) KSP residual norm 8.359937e-08
 43 (restart 0) KSP residual norm 6.472906e-08
GMRES solver converged in 43 iterations (avg. reduction factor: 6.506e-01)
  Residual norms for GMRES solve
  0 (restart 0) KSP residual norm 8.088379e+00
  1 (restart 0) KSP residual norm 5.818171e+00
  2 (restart 0) KSP residual norm 2.776111e+00
  3 (restart 0) KSP residual norm 1.983040e+00
  4 (restart 0) KSP residual norm 1.116569e+00
  5 (restart 0) KSP residual norm 6.239548e-01
  6 (restart 0) KSP residual norm 2.068685e-01
  7 (restart 0) KSP residual norm 8.973614e-02
  8 (restart 0) KSP residual norm 1.734528e-02
  9 (restart 0) KSP residual norm 4.386615e-03
 10 (restart 0) KSP residual norm 2.315624e-03
 11 (restart 0) KSP residual norm 1.175738e-03
 12 (restart 0) KSP residual norm 6.031958e-04
 13 (restart 0) KSP residual norm 3.207637e-04
 14 (restart 0) KSP residual norm 1.631772e-04
 15 (restart 0) KSP residual norm 1.129938e-04
 16 (restart 0) KSP residual norm 7.327663e-05
 17 (restart 0) KSP residual norm 5.202356e-05
 18 (restart 0) KSP residual norm 3.627253e-05
 19 (restart 0) KSP residual norm 2.826613e-05
 20 (restart 0) KSP residual norm 2.124281e-05
 21 (restart 0) KSP residual norm 1.725580e-05
 22 (restart 0) KSP residual norm 1.312081e-05
 23 (restart 0) KSP residual norm 1.062020e-05
 24 (restart 0) KSP residual norm 7.546403e-06
 25 (restart 0) KSP residual norm 5.843125e-06
 26 (restart 0) KSP residual norm 3.967967e-06
 27 (restart 0) KSP residual norm 3.003219e-06
 28 (restart 0) KSP residual norm 2.129067e-06
 29 (restart 0) KSP residual norm 1.626874e-06
 30 (restart 0) KSP residual norm 1.262480e-06
 31 (restart 0) KSP residual norm 1.015772e-06
 32 (restart 0) KSP residual norm 8.029255e-07
 33 (restart 0) KSP residual norm 6.359343e-07
 34 (restart 0) KSP residual norm 5.009819e-07
 35 (restart 0) KSP residual norm 4.077043e-07
 36 (restart 0) KSP residual norm 3.431482e-07
 37 (restart 0) KSP residual norm 2.884811e-07
 38 (restart 0) KSP residual norm 2.485554e-07
 39 (restart 0) KSP residual norm 2.113907e-07
 40 (restart 0) KSP residual norm 1.764563e-07
 41 (restart 0) KSP residual norm 1.391933e-07
 42 (restart 0) KSP residual norm 1.083526e-07
 43 (restart 0) KSP residual norm 8.186158e-08
 44 (restart 0) KSP residual norm 6.090540e-08
GMRES solver converged in 44 iterations (avg. reduction factor: 6.537e-01)
  Residual norms for GMRES solve
  0 (restart 0) KSP residual norm 9.000839e+00
  1 (restart 0) KSP residual norm 6.805256e+00
  2 (restart 0) KSP residual norm 3.821463e+00
  3 (restart 0) KSP residual norm 3.029156e+00
  4 (restart 0) KSP residual norm 1.852268e+00
  5 (restart 0) KSP residual norm 7.797225e-01
  6 (restart 0) KSP residual norm 3.275584e-01
  7 (restart 0) KSP residual norm 8.332987e-02
  8 (restart 0) KSP residual norm 2.446690e-02
  9 (restart 0) KSP residual norm 1.302483e-02
 10 (restart 0) KSP residual norm 3.719296e-03
 11 (restart 0) KSP residual norm 1.982817e-03
 12 (restart 0) KSP residual norm 9.721812e-04
 13 (restart 0) KSP residual norm 3.985412e-04
 14 (restart 0) KSP residual norm 2.064071e-04
 15 (restart 0) KSP residual norm 1.198252e-04
 16 (restart 0) KSP residual norm 8.038171e-05
 17 (restart 0) KSP residual norm 4.440780e-05
 18 (restart 0) KSP residual norm 2.642060e-05
 19 (restart 0) KSP residual norm 1.709359e-05
 20 (restart 0) KSP residual norm 1.092829e-05
 21 (restart 0) KSP residual norm 7.652060e-06
 22 (restart 0) KSP residual norm 5.325920e-06
 23 (restart 0) KSP residual norm 4.109655e-06
 24 (restart 0) KSP residual norm 3.238280e-06
 25 (restart 0) KSP residual norm 2.649860e-06
 26 (restart 0) KSP residual norm 1.969132e-06
 27 (restart 0) KSP residual norm 1.449096e-06
 28 (restart 0) KSP residual norm 1.028034e-06
 29 (restart 0) KSP residual norm 7.248625e-07
 30 (restart 0) KSP residual norm 4.924840e-07
 31 (restart 0) KSP residual norm 3.623659e-07
 32 (restart 0) KSP residual norm 2.806115e-07
 33 (restart 0) KSP residual norm 2.252465e-07
 34 (restart 0) KSP residual norm 1.727966e-07
 35 (restart 0) KSP residual norm 1.385376e-07
 36 (restart 0) KSP residual norm 1.140744e-07
 37 (restart 0) KSP residual norm 9.745922e-08
 38 (restart 0) KSP residual norm 8.329799e-08
GMRES solver converged in 38 iterations (avg. reduction factor: 6.146e-01)
  Residual norms for GMRES solve
  0 (restart 0) KSP residual norm 1.034030e+01
  1 (restart 0) KSP residual norm 3.845346e+00
  2 (restart 0) KSP residual norm 3.225885e+00
  3 (restart 0) KSP residual norm 2.817374e+00
  4 (restart 0) KSP residual norm 1.568773e+00
  5 (restart 0) KSP residual norm 7.386623e-01
  6 (restart 0) KSP residual norm 2.901085e-01
  7 (restart 0) KSP residual norm 7.547359e-02
  8 (restart 0) KSP residual norm 2.903689e-02
  9 (restart 0) KSP residual norm 1.058957e-02
 10 (restart 0) KSP residual norm 3.151607e-03
 11 (restart 0) KSP residual norm 1.821446e-03
 12 (restart 0) KSP residual norm 8.369849e-04
 13 (restart 0) KSP residual norm 3.666248e-04
 14 (restart 0) KSP residual norm 2.090544e-04
 15 (restart 0) KSP residual norm 1.141750e-04
 16 (restart 0) KSP residual norm 8.020518e-05
 17 (restart 0) KSP residual norm 4.908074e-05
 18 (restart 0) KSP residual norm 3.247934e-05
 19 (restart 0) KSP residual norm 2.305117e-05
 20 (restart 0) KSP residual norm 1.726465e-05
 21 (restart 0) KSP residual norm 1.303902e-05
 22 (restart 0) KSP residual norm 1.000059e-05
 23 (restart 0) KSP residual norm 7.634339e-06
 24 (restart 0) KSP residual norm 5.952183e-06
 25 (restart 0) KSP residual norm 4.473746e-06
 26 (restart 0) KSP residual norm 3.271974e-06
 27 (restart 0) KSP residual norm 2.336519e-06
 28 (restart 0) KSP residual norm 1.719307e-06
 29 (restart 0) KSP residual norm 1.318203e-06
 30 (restart 0) KSP residual norm 9.802698e-07
 31 (restart 0) KSP residual norm 7.334725e-07
 32 (restart 0) KSP residual norm 5.807718e-07
 33 (restart 0) KSP residual norm 4.546529e-07
 34 (restart 0) KSP residual norm 3.561297e-07
 35 (restart 0) KSP residual norm 2.935351e-07
 36 (restart 0) KSP residual norm 2.490396e-07
 37 (restart 0) KSP residual norm 2.137530e-07
 38 (restart 0) KSP residual norm 1.839991e-07
 39 (restart 0) KSP residual norm 1.546754e-07
 40 (restart 0) KSP residual norm 1.253214e-07
 41 (restart 0) KSP residual norm 9.594033e-08
GMRES solver converged in 41 iterations (avg. reduction factor: 6.369e-01)
  Residual norms for GMRES solve
  0 (restart 0) KSP residual norm 9.989064e+00
  1 (restart 0) KSP residual norm 9.957473e+00
  2 (restart 0) KSP residual norm 3.085396e+00
  3 (restart 0) KSP residual norm 2.362988e+00
  4 (restart 0) KSP residual norm 1.521590e+00
  5 (restart 0) KSP residual norm 7.117446e-01
  6 (restart 0) KSP residual norm 3.293408e-01
  7 (restart 0) KSP residual norm 8.444425e-02
  8 (restart 0) KSP residual norm 1.887878e-02
  9 (restart 0) KSP residual norm 8.010723e-03
 10 (restart 0) KSP residual norm 3.082739e-03
 11 (restart 0) KSP residual norm 1.651893e-03
 12 (restart 0) KSP residual norm 9.142800e-04
 13 (restart 0) KSP residual norm 4.012656e-04
 14 (restart 0) KSP residual norm 1.844482e-04
 15 (restart 0) KSP residual norm 1.055220e-04
 16 (restart 0) KSP residual norm 7.440361e-05
 17 (restart 0) KSP residual norm 4.151714e-05
 18 (restart 0) KSP residual norm 2.733786e-05
 19 (restart 0) KSP residual norm 1.737200e-05
 20 (restart 0) KSP residual norm 1.302263e-05
 21 (restart 0) KSP residual norm 9.242341e-06
 22 (restart 0) KSP residual norm 7.462998e-06
 23 (restart 0) KSP residual norm 5.774503e-06
 24 (restart 0) KSP residual norm 4.619866e-06
 25 (restart 0) KSP residual norm 3.562353e-06
 26 (restart 0) KSP residual norm 2.679851e-06
 27 (restart 0) KSP residual norm 1.926545e-06
 28 (restart 0) KSP residual norm 1.363909e-06
 29 (restart 0) KSP residual norm 1.006841e-06
 30 (restart 0) KSP residual norm 7.750178e-07
 31 (restart 0) KSP residual norm 6.112671e-07
 32 (restart 0) KSP residual norm 5.122610e-07
 33 (restart 0) KSP residual norm 4.149522e-07
 34 (restart 0) KSP residual norm 3.250802e-07
 35 (restart 0) KSP residual norm 2.592288e-07
 36 (restart 0) KSP residual norm 2.164766e-07
 37 (restart 0) KSP residual norm 1.817029e-07
 38 (restart 0) KSP residual norm 1.522195e-07
 39 (restart 0) KSP residual norm 1.269575e-07
 40 (restart 0) KSP residual norm 1.038715e-07
 41 (restart 0) KSP residual norm 8.012307e-08
GMRES solver converged in 41 iterations (avg. reduction factor: 6.347e-01)
  Residual norms for GMRES solve
  0 (restart 0) KSP residual norm 6.329542e+00
  1 (restart 0) KSP residual norm 4.055400e+00
  2 (restart 0) KSP residual norm 2.145458e+00
  3 (restart 0) KSP residual norm 1.136063e+00
  4 (restart 0) KSP residual norm 7.257985e-01
  5 (restart 0) KSP residual norm 2.315402e-01
  6 (restart 0) KSP residual norm 1.377298e-01
  7 (restart 0) KSP residual norm 5.842673e-02
  8 (restart 0) KSP residual norm 1.740042e-02
  9 (restart 0) KSP residual norm 6.296666e-03
 10 (restart 0) KSP residual norm 1.647425e-03
 11 (restart 0) KSP residual norm 6.201628e-04
 12 (restart 0) KSP residual norm 3.391083e-04
 13 (restart 0) KSP residual norm 1.910477e-04
 14 (restart 0) KSP residual norm 1.161120e-04
 15 (restart 0) KSP residual norm 6.709095e-05
 16 (restart 0) KSP residual norm 5.250767e-05
 17 (restart 0) KSP residual norm 3.491766e-05
 18 (restart 0) KSP residual norm 2.629092e-05
 19 (restart 0) KSP residual norm 2.034786e-05
 20 (restart 0) KSP residual norm 1.580599e-05
 21 (restart 0) KSP residual norm 1.175915e-05
 22 (restart 0) KSP residual norm 8.751558e-06
 23 (restart 0) KSP residual norm 6.820106e-06
 24 (restart 0) KSP residual norm 4.803694e-06
 25 (restart 0) KSP residual norm 3.476575e-06
 26 (restart 0) KSP residual norm 2.521893e-06
 27 (restart 0) KSP residual norm 1.878068e-06
 28 (restart 0) KSP residual norm 1.353016e-06
 29 (restart 0) KSP residual norm 9.489760e-07
 30 (restart 0) KSP residual norm 6.798322e-07
 31 (restart 0) KSP residual norm 5.047557e-07
 32 (restart 0) KSP residual norm 3.881835e-07
 33 (restart 0) KSP residual norm 3.040115e-07
 34 (restart 0) KSP residual norm 2.362991e-07
 35 (restart 0) KSP residual norm 1.859973e-07
 36 (restart 0) KSP residual norm 1.511313e-07
 37 (restart 0) KSP residual norm 1.259217e-07
 38 (restart 0) KSP residual norm 1.063725e-07
 39 (restart 0) KSP residual norm 9.031230e-08
 40 (restart 0) KSP residual norm 7.586873e-08
 41 (restart 0) KSP residual norm 6.098058e-08
GMRES solver converged in 41 iterations (avg. reduction factor: 6.375e-01)
  Residual norms for GMRES solve
  0 (restart 0) KSP residual norm 6.588854e+00
  1 (restart 0) KSP residual norm 5.956627e+00
  2 (restart 0) KSP residual norm 3.773947e+00
  3 (restart 0) KSP residual norm 1.365529e+00
  4 (restart 0) KSP residual norm 8.674911e-01
  5 (restart 0) KSP residual norm 4.647296e-01
  6 (restart 0) KSP residual norm 2.563671e-01
  7 (restart 0) KSP residual norm 7.357446e-02
  8 (restart 0) KSP residual norm 3.058085e-02
  9 (restart 0) KSP residual norm 6.996053e-03
 10 (restart 0) KSP residual norm 1.737108e-03
 11 (restart 0) KSP residual norm 8.670548e-04
 12 (restart 0) KSP residual norm 4.279441e-04
 13 (restart 0) KSP residual norm 2.375077e-04
 14 (restart 0) KSP residual norm 1.706116e-04
 15 (restart 0) KSP residual norm 9.632313e-05
 16 (restart 0) KSP residual norm 7.801790e-05
 17 (restart 0) KSP residual norm 5.081671e-05
 18 (restart 0) KSP residual norm 3.813768e-05
 19 (restart 0) KSP residual norm 2.854298e-05
 20 (restart 0) KSP residual norm 2.134775e-05
 21 (restart 0) KSP residual norm 1.586351e-05
 22 (restart 0) KSP residual norm 1.218180e-05
 23 (restart 0) KSP residual norm 9.175398e-06
 24 (restart 0) KSP residual norm 6.782961e-06
 25 (restart 0) KSP residual norm 4.874317e-06
 26 (restart 0) KSP residual norm 3.452266e-06
 27 (restart 0) KSP residual norm 2.421901e-06
 28 (restart 0) KSP residual norm 1.719101e-06
 29 (restart 0) KSP residual norm 1.199987e-06
 30 (restart 0) KSP residual norm 8.598072e-07
 31 (restart 0) KSP residual norm 6.278183e-07
 32 (restart 0) KSP residual norm 4.698638e-07
 33 (restart 0) KSP residual norm 3.415216e-07
 34 (restart 0) KSP residual norm 2.501795e-07
 35 (restart 0) KSP residual norm 1.834027e-07
 36 (restart 0) KSP residual norm 1.323256e-07
 37 (restart 0) KSP residual norm 9.644599e-08
 38 (restart 0) KSP residual norm 7.218377e-08
 39 (restart 0) KSP residual norm 5.509630e-08
GMRES solver converged in 39 iterations (avg. reduction factor: 6.207e-01)
  1 EPS nconv=3 first unconverged value (error) -0.00157251+0.340193i (3.55606648e-03)
  Residual norms for GMRES solve
  0 (restart 0) KSP residual norm 5.953902e+00
  1 (restart 0) KSP residual norm 5.261388e+00
  2 (restart 0) KSP residual norm 3.289299e+00
  3 (restart 0) KSP residual norm 1.212583e+00
  4 (restart 0) KSP residual norm 7.629692e-01
  5 (restart 0) KSP residual norm 1.865670e-01
  6 (restart 0) KSP residual norm 9.612046e-02
  7 (restart 0) KSP residual norm 4.245242e-02
  8 (restart 0) KSP residual norm 1.743167e-02
  9 (restart 0) KSP residual norm 5.858952e-03
 10 (restart 0) KSP residual norm 1.309975e-03
 11 (restart 0) KSP residual norm 5.099674e-04
 12 (restart 0) KSP residual norm 2.830939e-04
 13 (restart 0) KSP residual norm 1.905686e-04
 14 (restart 0) KSP residual norm 1.486488e-04
 15 (restart 0) KSP residual norm 8.120352e-05
 16 (restart 0) KSP residual norm 6.633533e-05
 17 (restart 0) KSP residual norm 4.547566e-05
 18 (restart 0) KSP residual norm 3.414558e-05
 19 (restart 0) KSP residual norm 2.558810e-05
 20 (restart 0) KSP residual norm 1.962497e-05
 21 (restart 0) KSP residual norm 1.472690e-05
 22 (restart 0) KSP residual norm 1.118417e-05
 23 (restart 0) KSP residual norm 8.425610e-06
 24 (restart 0) KSP residual norm 5.956186e-06
 25 (restart 0) KSP residual norm 4.217036e-06
 26 (restart 0) KSP residual norm 3.100048e-06
 27 (restart 0) KSP residual norm 2.295834e-06
 28 (restart 0) KSP residual norm 1.643355e-06
 29 (restart 0) KSP residual norm 1.141553e-06
 30 (restart 0) KSP residual norm 8.287046e-07
 31 (restart 0) KSP residual norm 6.312902e-07
 32 (restart 0) KSP residual norm 4.816140e-07
 33 (restart 0) KSP residual norm 3.743642e-07
 34 (restart 0) KSP residual norm 2.979841e-07
 35 (restart 0) KSP residual norm 2.375223e-07
 36 (restart 0) KSP residual norm 1.909126e-07
 37 (restart 0) KSP residual norm 1.593799e-07
 38 (restart 0) KSP residual norm 1.377070e-07
 39 (restart 0) KSP residual norm 1.153558e-07
 40 (restart 0) KSP residual norm 9.501983e-08
 41 (restart 0) KSP residual norm 7.558484e-08
 42 (restart 0) KSP residual norm 5.827040e-08
GMRES solver converged in 42 iterations (avg. reduction factor: 6.446e-01)
  Residual norms for GMRES solve
  0 (restart 0) KSP residual norm 2.134916e+01
  1 (restart 0) KSP residual norm 4.080746e+00
  2 (restart 0) KSP residual norm 2.345145e+00
  3 (restart 0) KSP residual norm 1.660889e+00
  4 (restart 0) KSP residual norm 9.547631e-01
  5 (restart 0) KSP residual norm 2.393686e-01
  6 (restart 0) KSP residual norm 8.382956e-02
  7 (restart 0) KSP residual norm 3.096848e-02
  8 (restart 0) KSP residual norm 1.174398e-02
  9 (restart 0) KSP residual norm 4.163871e-03
 10 (restart 0) KSP residual norm 1.452855e-03
 11 (restart 0) KSP residual norm 5.340275e-04
 12 (restart 0) KSP residual norm 2.480835e-04
 13 (restart 0) KSP residual norm 1.030796e-04
 14 (restart 0) KSP residual norm 6.552839e-05
 15 (restart 0) KSP residual norm 3.847696e-05
 16 (restart 0) KSP residual norm 1.879661e-05
 17 (restart 0) KSP residual norm 1.546724e-05
 18 (restart 0) KSP residual norm 9.197263e-06
 19 (restart 0) KSP residual norm 7.372301e-06
 20 (restart 0) KSP residual norm 5.047371e-06
 21 (restart 0) KSP residual norm 4.247351e-06
 22 (restart 0) KSP residual norm 3.013360e-06
 23 (restart 0) KSP residual norm 2.286534e-06
 24 (restart 0) KSP residual norm 1.696146e-06
 25 (restart 0) KSP residual norm 1.218465e-06
 26 (restart 0) KSP residual norm 8.806282e-07
 27 (restart 0) KSP residual norm 6.367343e-07
 28 (restart 0) KSP residual norm 4.564643e-07
 29 (restart 0) KSP residual norm 3.380119e-07
 30 (restart 0) KSP residual norm 2.501396e-07
 31 (restart 0) KSP residual norm 1.857847e-07
GMRES solver converged in 31 iterations (avg. reduction factor: 5.495e-01)
  Residual norms for GMRES solve
  0 (restart 0) KSP residual norm 8.750886e+00
  1 (restart 0) KSP residual norm 8.337194e+00
  2 (restart 0) KSP residual norm 5.238972e+00
  3 (restart 0) KSP residual norm 2.140574e+00
  4 (restart 0) KSP residual norm 1.045293e+00
  5 (restart 0) KSP residual norm 3.446251e-01
  6 (restart 0) KSP residual norm 2.375796e-01
  7 (restart 0) KSP residual norm 6.829935e-02
  8 (restart 0) KSP residual norm 2.698229e-02
  9 (restart 0) KSP residual norm 8.279544e-03
 10 (restart 0) KSP residual norm 1.943684e-03
 11 (restart 0) KSP residual norm 1.186066e-03
 12 (restart 0) KSP residual norm 4.761721e-04
 13 (restart 0) KSP residual norm 3.014749e-04
 14 (restart 0) KSP residual norm 1.819172e-04
 15 (restart 0) KSP residual norm 6.686728e-05
 16 (restart 0) KSP residual norm 5.082167e-05
 17 (restart 0) KSP residual norm 3.410458e-05
 18 (restart 0) KSP residual norm 2.369511e-05
 19 (restart 0) KSP residual norm 1.634730e-05
 20 (restart 0) KSP residual norm 1.280237e-05
 21 (restart 0) KSP residual norm 9.901807e-06
 22 (restart 0) KSP residual norm 7.193253e-06
 23 (restart 0) KSP residual norm 5.461868e-06
 24 (restart 0) KSP residual norm 4.061482e-06
 25 (restart 0) KSP residual norm 2.927869e-06
 26 (restart 0) KSP residual norm 2.031418e-06
 27 (restart 0) KSP residual norm 1.446340e-06
 28 (restart 0) KSP residual norm 1.099551e-06
 29 (restart 0) KSP residual norm 8.237060e-07
 30 (restart 0) KSP residual norm 5.924284e-07
 31 (restart 0) KSP residual norm 4.343505e-07
 32 (restart 0) KSP residual norm 3.365683e-07
 33 (restart 0) KSP residual norm 2.592269e-07
 34 (restart 0) KSP residual norm 1.998820e-07
 35 (restart 0) KSP residual norm 1.607511e-07
 36 (restart 0) KSP residual norm 1.345932e-07
 37 (restart 0) KSP residual norm 1.122016e-07
 38 (restart 0) KSP residual norm 9.302234e-08
 39 (restart 0) KSP residual norm 7.754074e-08
GMRES solver converged in 39 iterations (avg. reduction factor: 6.216e-01)
  Residual norms for GMRES solve
  0 (restart 0) KSP residual norm 1.383959e+01
  1 (restart 0) KSP residual norm 1.339012e+01
  2 (restart 0) KSP residual norm 4.853924e+00
  3 (restart 0) KSP residual norm 3.701214e+00
  4 (restart 0) KSP residual norm 1.607833e+00
  5 (restart 0) KSP residual norm 7.569814e-01
  6 (restart 0) KSP residual norm 4.783642e-01
  7 (restart 0) KSP residual norm 8.929388e-02
  8 (restart 0) KSP residual norm 2.414230e-02
  9 (restart 0) KSP residual norm 1.045696e-02
 10 (restart 0) KSP residual norm 4.044734e-03
 11 (restart 0) KSP residual norm 2.124666e-03
 12 (restart 0) KSP residual norm 8.832286e-04
 13 (restart 0) KSP residual norm 5.498017e-04
 14 (restart 0) KSP residual norm 2.411561e-04
 15 (restart 0) KSP residual norm 1.295146e-04
 16 (restart 0) KSP residual norm 1.006022e-04
 17 (restart 0) KSP residual norm 5.242580e-05
 18 (restart 0) KSP residual norm 4.015392e-05
 19 (restart 0) KSP residual norm 2.448005e-05
 20 (restart 0) KSP residual norm 1.968681e-05
 21 (restart 0) KSP residual norm 1.416663e-05
 22 (restart 0) KSP residual norm 1.114154e-05
 23 (restart 0) KSP residual norm 8.375938e-06
 24 (restart 0) KSP residual norm 6.405873e-06
 25 (restart 0) KSP residual norm 4.786415e-06
 26 (restart 0) KSP residual norm 3.227956e-06
 27 (restart 0) KSP residual norm 2.287781e-06
 28 (restart 0) KSP residual norm 1.680849e-06
 29 (restart 0) KSP residual norm 1.220309e-06
 30 (restart 0) KSP residual norm 8.609381e-07
 31 (restart 0) KSP residual norm 6.274175e-07
 32 (restart 0) KSP residual norm 4.822918e-07
 33 (restart 0) KSP residual norm 3.508625e-07
 34 (restart 0) KSP residual norm 2.477537e-07
 35 (restart 0) KSP residual norm 1.943029e-07
 36 (restart 0) KSP residual norm 1.523999e-07
 37 (restart 0) KSP residual norm 1.216494e-07
GMRES solver converged in 37 iterations (avg. reduction factor: 6.057e-01)
  Residual norms for GMRES solve
  0 (restart 0) KSP residual norm 1.501990e+01
  1 (restart 0) KSP residual norm 1.406324e+01
  2 (restart 0) KSP residual norm 4.391786e+00
  3 (restart 0) KSP residual norm 3.532543e+00
  4 (restart 0) KSP residual norm 2.007782e+00
  5 (restart 0) KSP residual norm 9.537763e-01
  6 (restart 0) KSP residual norm 4.958256e-01
  7 (restart 0) KSP residual norm 7.895870e-02
  8 (restart 0) KSP residual norm 2.094735e-02
  9 (restart 0) KSP residual norm 1.178868e-02
 10 (restart 0) KSP residual norm 4.256976e-03
 11 (restart 0) KSP residual norm 2.523689e-03
 12 (restart 0) KSP residual norm 9.832217e-04
 13 (restart 0) KSP residual norm 5.865466e-04
 14 (restart 0) KSP residual norm 2.409710e-04
 15 (restart 0) KSP residual norm 1.307543e-04
 16 (restart 0) KSP residual norm 9.560271e-05
 17 (restart 0) KSP residual norm 4.895972e-05
 18 (restart 0) KSP residual norm 3.532905e-05
 19 (restart 0) KSP residual norm 1.960628e-05
 20 (restart 0) KSP residual norm 1.370408e-05
 21 (restart 0) KSP residual norm 9.053886e-06
 22 (restart 0) KSP residual norm 6.313807e-06
 23 (restart 0) KSP residual norm 4.665879e-06
 24 (restart 0) KSP residual norm 3.600268e-06
 25 (restart 0) KSP residual norm 2.905244e-06
 26 (restart 0) KSP residual norm 2.160441e-06
 27 (restart 0) KSP residual norm 1.540728e-06
 28 (restart 0) KSP residual norm 1.091518e-06
 29 (restart 0) KSP residual norm 7.471185e-07
 30 (restart 0) KSP residual norm 4.786879e-07
 31 (restart 0) KSP residual norm 3.548467e-07
 32 (restart 0) KSP residual norm 2.767380e-07
 33 (restart 0) KSP residual norm 2.118805e-07
 34 (restart 0) KSP residual norm 1.573575e-07
 35 (restart 0) KSP residual norm 1.248562e-07
GMRES solver converged in 35 iterations (avg. reduction factor: 5.877e-01)
  Residual norms for GMRES solve
  0 (restart 0) KSP residual norm 1.216109e+01
  1 (restart 0) KSP residual norm 1.009992e+01
  2 (restart 0) KSP residual norm 2.556033e+00
  3 (restart 0) KSP residual norm 1.999816e+00
  4 (restart 0) KSP residual norm 1.132306e+00
  5 (restart 0) KSP residual norm 5.534375e-01
  6 (restart 0) KSP residual norm 3.141970e-01
  7 (restart 0) KSP residual norm 6.110129e-02
  8 (restart 0) KSP residual norm 1.756289e-02
  9 (restart 0) KSP residual norm 8.943255e-03
 10 (restart 0) KSP residual norm 3.347784e-03
 11 (restart 0) KSP residual norm 1.672671e-03
 12 (restart 0) KSP residual norm 6.894519e-04
 13 (restart 0) KSP residual norm 3.995756e-04
 14 (restart 0) KSP residual norm 1.705446e-04
 15 (restart 0) KSP residual norm 1.042969e-04
 16 (restart 0) KSP residual norm 7.702657e-05
 17 (restart 0) KSP residual norm 4.540814e-05
 18 (restart 0) KSP residual norm 3.557425e-05
 19 (restart 0) KSP residual norm 2.369389e-05
 20 (restart 0) KSP residual norm 1.968845e-05
 21 (restart 0) KSP residual norm 1.444511e-05
 22 (restart 0) KSP residual norm 1.088634e-05
 23 (restart 0) KSP residual norm 8.058759e-06
 24 (restart 0) KSP residual norm 6.118076e-06
 25 (restart 0) KSP residual norm 4.470647e-06
 26 (restart 0) KSP residual norm 3.078981e-06
 27 (restart 0) KSP residual norm 2.253649e-06
 28 (restart 0) KSP residual norm 1.660335e-06
 29 (restart 0) KSP residual norm 1.198416e-06
 30 (restart 0) KSP residual norm 8.648005e-07
 31 (restart 0) KSP residual norm 6.499071e-07
 32 (restart 0) KSP residual norm 4.920129e-07
 33 (restart 0) KSP residual norm 3.534990e-07
 34 (restart 0) KSP residual norm 2.599296e-07
 35 (restart 0) KSP residual norm 2.052401e-07
 36 (restart 0) KSP residual norm 1.653490e-07
 37 (restart 0) KSP residual norm 1.363531e-07
 38 (restart 0) KSP residual norm 1.127009e-07
GMRES solver converged in 38 iterations (avg. reduction factor: 6.146e-01)
  Residual norms for GMRES solve
  0 (restart 0) KSP residual norm 1.287791e+01
  1 (restart 0) KSP residual norm 1.059391e+01
  2 (restart 0) KSP residual norm 2.388300e+00
  3 (restart 0) KSP residual norm 1.357012e+00
  4 (restart 0) KSP residual norm 9.788057e-01
  5 (restart 0) KSP residual norm 5.667501e-01
  6 (restart 0) KSP residual norm 2.910380e-01
  7 (restart 0) KSP residual norm 6.908322e-02
  8 (restart 0) KSP residual norm 1.262394e-02
  9 (restart 0) KSP residual norm 5.101958e-03
 10 (restart 0) KSP residual norm 2.623579e-03
 11 (restart 0) KSP residual norm 9.853419e-04
 12 (restart 0) KSP residual norm 5.406152e-04
 13 (restart 0) KSP residual norm 2.704188e-04
 14 (restart 0) KSP residual norm 1.632347e-04
 15 (restart 0) KSP residual norm 8.527784e-05
 16 (restart 0) KSP residual norm 6.303686e-05
 17 (restart 0) KSP residual norm 3.771786e-05
 18 (restart 0) KSP residual norm 2.466898e-05
 19 (restart 0) KSP residual norm 1.908449e-05
 20 (restart 0) KSP residual norm 1.304121e-05
 21 (restart 0) KSP residual norm 1.057758e-05
 22 (restart 0) KSP residual norm 7.381592e-06
 23 (restart 0) KSP residual norm 5.985866e-06
 24 (restart 0) KSP residual norm 4.280448e-06
 25 (restart 0) KSP residual norm 3.279599e-06
 26 (restart 0) KSP residual norm 2.335141e-06
 27 (restart 0) KSP residual norm 1.699973e-06
 28 (restart 0) KSP residual norm 1.248844e-06
 29 (restart 0) KSP residual norm 9.479292e-07
 30 (restart 0) KSP residual norm 6.892829e-07
 31 (restart 0) KSP residual norm 5.117294e-07
 32 (restart 0) KSP residual norm 4.000895e-07
 33 (restart 0) KSP residual norm 3.023633e-07
 34 (restart 0) KSP residual norm 2.227018e-07
 35 (restart 0) KSP residual norm 1.790155e-07
 36 (restart 0) KSP residual norm 1.449753e-07
 37 (restart 0) KSP residual norm 1.192339e-07
GMRES solver converged in 37 iterations (avg. reduction factor: 6.066e-01)
  Residual norms for GMRES solve
  0 (restart 0) KSP residual norm 8.447748e+00
  1 (restart 0) KSP residual norm 8.147524e+00
  2 (restart 0) KSP residual norm 2.319421e+00
  3 (restart 0) KSP residual norm 1.027865e+00
  4 (restart 0) KSP residual norm 5.628775e-01
  5 (restart 0) KSP residual norm 4.244395e-01
  6 (restart 0) KSP residual norm 2.457519e-01
  7 (restart 0) KSP residual norm 7.993980e-02
  8 (restart 0) KSP residual norm 1.741445e-02
  9 (restart 0) KSP residual norm 6.988278e-03
 10 (restart 0) KSP residual norm 2.199628e-03
 11 (restart 0) KSP residual norm 1.027024e-03
 12 (restart 0) KSP residual norm 5.317487e-04
 13 (restart 0) KSP residual norm 3.359287e-04
 14 (restart 0) KSP residual norm 2.086608e-04
 15 (restart 0) KSP residual norm 1.409118e-04
 16 (restart 0) KSP residual norm 1.106080e-04
 17 (restart 0) KSP residual norm 7.128466e-05
 18 (restart 0) KSP residual norm 5.849601e-05
 19 (restart 0) KSP residual norm 4.226203e-05
 20 (restart 0) KSP residual norm 3.419897e-05
 21 (restart 0) KSP residual norm 2.411751e-05
 22 (restart 0) KSP residual norm 1.906497e-05
 23 (restart 0) KSP residual norm 1.399212e-05
 24 (restart 0) KSP residual norm 1.006492e-05
 25 (restart 0) KSP residual norm 7.174364e-06
 26 (restart 0) KSP residual norm 5.340526e-06
 27 (restart 0) KSP residual norm 3.958819e-06
 28 (restart 0) KSP residual norm 2.821788e-06
 29 (restart 0) KSP residual norm 2.040749e-06
 30 (restart 0) KSP residual norm 1.453546e-06
 31 (restart 0) KSP residual norm 1.101893e-06
 32 (restart 0) KSP residual norm 8.732888e-07
 33 (restart 0) KSP residual norm 6.801832e-07
 34 (restart 0) KSP residual norm 5.377935e-07
 35 (restart 0) KSP residual norm 4.372017e-07
 36 (restart 0) KSP residual norm 3.597018e-07
 37 (restart 0) KSP residual norm 3.017424e-07
 38 (restart 0) KSP residual norm 2.567356e-07
 39 (restart 0) KSP residual norm 2.156282e-07
 40 (restart 0) KSP residual norm 1.747942e-07
 41 (restart 0) KSP residual norm 1.379017e-07
 42 (restart 0) KSP residual norm 1.040079e-07
 43 (restart 0) KSP residual norm 7.836918e-08
GMRES solver converged in 43 iterations (avg. reduction factor: 6.504e-01)
  Residual norms for GMRES solve
  0 (restart 0) KSP residual norm 8.076219e+00
  1 (restart 0) KSP residual norm 6.431472e+00
  2 (restart 0) KSP residual norm 2.704352e+00
  3 (restart 0) KSP residual norm 9.770700e-01
  4 (restart 0) KSP residual norm 6.762481e-01
  5 (restart 0) KSP residual norm 3.179916e-01
  6 (restart 0) KSP residual norm 8.191022e-02
  7 (restart 0) KSP residual norm 5.217387e-02
  8 (restart 0) KSP residual norm 1.126836e-02
  9 (restart 0) KSP residual norm 2.988887e-03
 10 (restart 0) KSP residual norm 1.437200e-03
 11 (restart 0) KSP residual norm 4.250403e-04
 12 (restart 0) KSP residual norm 2.206783e-04
 13 (restart 0) KSP residual norm 1.385975e-04
 14 (restart 0) KSP residual norm 8.612391e-05
 15 (restart 0) KSP residual norm 5.055986e-05
 16 (restart 0) KSP residual norm 3.712367e-05
 17 (restart 0) KSP residual norm 2.618111e-05
 18 (restart 0) KSP residual norm 1.868930e-05
 19 (restart 0) KSP residual norm 1.472179e-05
 20 (restart 0) KSP residual norm 1.083909e-05
 21 (restart 0) KSP residual norm 8.732396e-06
 22 (restart 0) KSP residual norm 6.011927e-06
 23 (restart 0) KSP residual norm 4.866525e-06
 24 (restart 0) KSP residual norm 3.503745e-06
 25 (restart 0) KSP residual norm 2.598953e-06
 26 (restart 0) KSP residual norm 1.899595e-06
 27 (restart 0) KSP residual norm 1.429537e-06
 28 (restart 0) KSP residual norm 1.040488e-06
 29 (restart 0) KSP residual norm 7.910005e-07
 30 (restart 0) KSP residual norm 5.946039e-07
 31 (restart 0) KSP residual norm 4.313336e-07
 32 (restart 0) KSP residual norm 3.414018e-07
 33 (restart 0) KSP residual norm 2.730699e-07
 34 (restart 0) KSP residual norm 2.214001e-07
 35 (restart 0) KSP residual norm 1.792014e-07
 36 (restart 0) KSP residual norm 1.450445e-07
 37 (restart 0) KSP residual norm 1.199088e-07
 38 (restart 0) KSP residual norm 1.009689e-07
 39 (restart 0) KSP residual norm 8.511780e-08
 40 (restart 0) KSP residual norm 6.888054e-08
GMRES solver converged in 40 iterations (avg. reduction factor: 6.285e-01)
  2 EPS nconv=4 first unconverged value (error) -8.81644e-06+0.350068i (2.25883324e-03)
  Residual norms for GMRES solve
  0 (restart 0) KSP residual norm 1.029027e+01
  1 (restart 0) KSP residual norm 1.005347e+01
  2 (restart 0) KSP residual norm 2.870257e+00
  3 (restart 0) KSP residual norm 1.449713e+00
  4 (restart 0) KSP residual norm 1.101890e+00
  5 (restart 0) KSP residual norm 6.484340e-01
  6 (restart 0) KSP residual norm 2.503561e-01
  7 (restart 0) KSP residual norm 8.929313e-02
  8 (restart 0) KSP residual norm 1.829435e-02
  9 (restart 0) KSP residual norm 7.538491e-03
 10 (restart 0) KSP residual norm 2.466859e-03
 11 (restart 0) KSP residual norm 9.880443e-04
 12 (restart 0) KSP residual norm 5.604442e-04
 13 (restart 0) KSP residual norm 2.572670e-04
 14 (restart 0) KSP residual norm 1.484681e-04
 15 (restart 0) KSP residual norm 8.812422e-05
 16 (restart 0) KSP residual norm 6.604703e-05
 17 (restart 0) KSP residual norm 4.249058e-05
 18 (restart 0) KSP residual norm 3.265505e-05
 19 (restart 0) KSP residual norm 2.421282e-05
 20 (restart 0) KSP residual norm 1.914661e-05
 21 (restart 0) KSP residual norm 1.489388e-05
 22 (restart 0) KSP residual norm 1.089121e-05
 23 (restart 0) KSP residual norm 8.551883e-06
 24 (restart 0) KSP residual norm 6.033324e-06
 25 (restart 0) KSP residual norm 4.535971e-06
 26 (restart 0) KSP residual norm 3.179264e-06
 27 (restart 0) KSP residual norm 2.381475e-06
 28 (restart 0) KSP residual norm 1.726797e-06
 29 (restart 0) KSP residual norm 1.273374e-06
 30 (restart 0) KSP residual norm 8.929024e-07
 31 (restart 0) KSP residual norm 6.608378e-07
 32 (restart 0) KSP residual norm 5.121641e-07
 33 (restart 0) KSP residual norm 3.992616e-07
 34 (restart 0) KSP residual norm 3.075673e-07
 35 (restart 0) KSP residual norm 2.489486e-07
 36 (restart 0) KSP residual norm 2.013677e-07
 37 (restart 0) KSP residual norm 1.658703e-07
 38 (restart 0) KSP residual norm 1.389138e-07
 39 (restart 0) KSP residual norm 1.173564e-07
 40 (restart 0) KSP residual norm 9.714871e-08
GMRES solver converged in 40 iterations (avg. reduction factor: 6.301e-01)
  Residual norms for GMRES solve
  0 (restart 0) KSP residual norm 1.602230e+01
  1 (restart 0) KSP residual norm 1.518378e+01
  2 (restart 0) KSP residual norm 7.649190e+00
  3 (restart 0) KSP residual norm 6.269987e+00
  4 (restart 0) KSP residual norm 4.091049e+00
  5 (restart 0) KSP residual norm 1.685326e+00
  6 (restart 0) KSP residual norm 9.247722e-01
  7 (restart 0) KSP residual norm 1.875979e-01
  8 (restart 0) KSP residual norm 6.897307e-02
  9 (restart 0) KSP residual norm 2.036107e-02
 10 (restart 0) KSP residual norm 5.875770e-03
 11 (restart 0) KSP residual norm 3.551793e-03
 12 (restart 0) KSP residual norm 1.322883e-03
 13 (restart 0) KSP residual norm 7.604625e-04
 14 (restart 0) KSP residual norm 4.017715e-04
 15 (restart 0) KSP residual norm 2.028619e-04
 16 (restart 0) KSP residual norm 1.448644e-04
 17 (restart 0) KSP residual norm 7.611420e-05
 18 (restart 0) KSP residual norm 4.995897e-05
 19 (restart 0) KSP residual norm 2.949314e-05
 20 (restart 0) KSP residual norm 1.928708e-05
 21 (restart 0) KSP residual norm 1.200406e-05
 22 (restart 0) KSP residual norm 8.458618e-06
 23 (restart 0) KSP residual norm 5.905388e-06
 24 (restart 0) KSP residual norm 4.607580e-06
 25 (restart 0) KSP residual norm 3.791368e-06
 26 (restart 0) KSP residual norm 2.756029e-06
 27 (restart 0) KSP residual norm 2.047006e-06
 28 (restart 0) KSP residual norm 1.462417e-06
 29 (restart 0) KSP residual norm 9.568581e-07
 30 (restart 0) KSP residual norm 6.207209e-07
 31 (restart 0) KSP residual norm 4.537408e-07
 32 (restart 0) KSP residual norm 3.403743e-07
 33 (restart 0) KSP residual norm 2.522094e-07
 34 (restart 0) KSP residual norm 1.788612e-07
 35 (restart 0) KSP residual norm 1.313542e-07
GMRES solver converged in 35 iterations (avg. reduction factor: 5.874e-01)
  Residual norms for GMRES solve
  0 (restart 0) KSP residual norm 2.053452e+01
  1 (restart 0) KSP residual norm 2.046773e+01
  2 (restart 0) KSP residual norm 1.227196e+01
  3 (restart 0) KSP residual norm 7.201343e+00
  4 (restart 0) KSP residual norm 3.938683e+00
  5 (restart 0) KSP residual norm 1.917511e+00
  6 (restart 0) KSP residual norm 6.801362e-01
  7 (restart 0) KSP residual norm 2.226087e-01
  8 (restart 0) KSP residual norm 9.176628e-02
  9 (restart 0) KSP residual norm 1.826854e-02
 10 (restart 0) KSP residual norm 6.286831e-03
 11 (restart 0) KSP residual norm 3.702522e-03
 12 (restart 0) KSP residual norm 1.233225e-03
 13 (restart 0) KSP residual norm 8.173803e-04
 14 (restart 0) KSP residual norm 3.985094e-04
 15 (restart 0) KSP residual norm 2.200590e-04
 16 (restart 0) KSP residual norm 1.335499e-04
 17 (restart 0) KSP residual norm 7.925340e-05
 18 (restart 0) KSP residual norm 4.471848e-05
 19 (restart 0) KSP residual norm 2.706348e-05
 20 (restart 0) KSP residual norm 1.669712e-05
 21 (restart 0) KSP residual norm 9.875397e-06
 22 (restart 0) KSP residual norm 6.555288e-06
 23 (restart 0) KSP residual norm 4.398293e-06
 24 (restart 0) KSP residual norm 3.359291e-06
 25 (restart 0) KSP residual norm 2.755243e-06
 26 (restart 0) KSP residual norm 2.093282e-06
 27 (restart 0) KSP residual norm 1.595127e-06
 28 (restart 0) KSP residual norm 1.170444e-06
 29 (restart 0) KSP residual norm 7.352570e-07
 30 (restart 0) KSP residual norm 4.931470e-07
 31 (restart 0) KSP residual norm 3.549761e-07
 32 (restart 0) KSP residual norm 2.677046e-07
 33 (restart 0) KSP residual norm 2.015246e-07
GMRES solver converged in 33 iterations (avg. reduction factor: 5.719e-01)
  Residual norms for GMRES solve
  0 (restart 0) KSP residual norm 1.918718e+01
  1 (restart 0) KSP residual norm 1.729061e+01
  2 (restart 0) KSP residual norm 9.363717e+00
  3 (restart 0) KSP residual norm 4.089906e+00
  4 (restart 0) KSP residual norm 1.804723e+00
  5 (restart 0) KSP residual norm 4.393480e-01
  6 (restart 0) KSP residual norm 2.640239e-01
  7 (restart 0) KSP residual norm 1.412402e-01
  8 (restart 0) KSP residual norm 6.535349e-02
  9 (restart 0) KSP residual norm 1.251911e-02
 10 (restart 0) KSP residual norm 2.829478e-03
 11 (restart 0) KSP residual norm 1.752334e-03
 12 (restart 0) KSP residual norm 7.245137e-04
 13 (restart 0) KSP residual norm 5.151794e-04
 14 (restart 0) KSP residual norm 2.956185e-04
 15 (restart 0) KSP residual norm 1.161004e-04
 16 (restart 0) KSP residual norm 7.980774e-05
 17 (restart 0) KSP residual norm 5.324171e-05
 18 (restart 0) KSP residual norm 3.671655e-05
 19 (restart 0) KSP residual norm 2.376500e-05
 20 (restart 0) KSP residual norm 1.781674e-05
 21 (restart 0) KSP residual norm 1.345525e-05
 22 (restart 0) KSP residual norm 1.012180e-05
 23 (restart 0) KSP residual norm 7.809761e-06
 24 (restart 0) KSP residual norm 5.869246e-06
 25 (restart 0) KSP residual norm 4.226401e-06
 26 (restart 0) KSP residual norm 2.932276e-06
 27 (restart 0) KSP residual norm 2.041431e-06
 28 (restart 0) KSP residual norm 1.491509e-06
 29 (restart 0) KSP residual norm 1.112860e-06
 30 (restart 0) KSP residual norm 8.017156e-07
 31 (restart 0) KSP residual norm 5.811416e-07
 32 (restart 0) KSP residual norm 4.437976e-07
 33 (restart 0) KSP residual norm 3.472272e-07
 34 (restart 0) KSP residual norm 2.558616e-07
 35 (restart 0) KSP residual norm 2.048016e-07
 36 (restart 0) KSP residual norm 1.691751e-07
GMRES solver converged in 36 iterations (avg. reduction factor: 5.974e-01)
  Residual norms for GMRES solve
  0 (restart 0) KSP residual norm 1.482168e+01
  1 (restart 0) KSP residual norm 1.169751e+01
  2 (restart 0) KSP residual norm 8.518480e+00
  3 (restart 0) KSP residual norm 3.730876e+00
  4 (restart 0) KSP residual norm 2.035910e+00
  5 (restart 0) KSP residual norm 8.119787e-01
  6 (restart 0) KSP residual norm 3.524630e-01
  7 (restart 0) KSP residual norm 1.262154e-01
  8 (restart 0) KSP residual norm 6.100198e-02
  9 (restart 0) KSP residual norm 1.317614e-02
 10 (restart 0) KSP residual norm 2.697917e-03
 11 (restart 0) KSP residual norm 1.672510e-03
 12 (restart 0) KSP residual norm 7.213923e-04
 13 (restart 0) KSP residual norm 4.447225e-04
 14 (restart 0) KSP residual norm 2.682500e-04
 15 (restart 0) KSP residual norm 1.546873e-04
 16 (restart 0) KSP residual norm 1.150483e-04
 17 (restart 0) KSP residual norm 8.226293e-05
 18 (restart 0) KSP residual norm 5.666571e-05
 19 (restart 0) KSP residual norm 4.285323e-05
 20 (restart 0) KSP residual norm 3.350375e-05
 21 (restart 0) KSP residual norm 2.375864e-05
 22 (restart 0) KSP residual norm 1.872421e-05
 23 (restart 0) KSP residual norm 1.365808e-05
 24 (restart 0) KSP residual norm 9.832596e-06
 25 (restart 0) KSP residual norm 7.093533e-06
 26 (restart 0) KSP residual norm 4.967981e-06
 27 (restart 0) KSP residual norm 3.749697e-06
 28 (restart 0) KSP residual norm 2.767723e-06
 29 (restart 0) KSP residual norm 1.924369e-06
 30 (restart 0) KSP residual norm 1.349573e-06
 31 (restart 0) KSP residual norm 1.020172e-06
 32 (restart 0) KSP residual norm 7.900512e-07
 33 (restart 0) KSP residual norm 6.132905e-07
 34 (restart 0) KSP residual norm 4.878751e-07
 35 (restart 0) KSP residual norm 3.896897e-07
 36 (restart 0) KSP residual norm 3.180745e-07
 37 (restart 0) KSP residual norm 2.645456e-07
 38 (restart 0) KSP residual norm 2.228264e-07
 39 (restart 0) KSP residual norm 1.884815e-07
 40 (restart 0) KSP residual norm 1.554690e-07
 41 (restart 0) KSP residual norm 1.227873e-07
GMRES solver converged in 41 iterations (avg. reduction factor: 6.352e-01)
  Residual norms for GMRES solve
  0 (restart 0) KSP residual norm 1.815254e+01
  1 (restart 0) KSP residual norm 1.550158e+01
  2 (restart 0) KSP residual norm 9.036200e+00
  3 (restart 0) KSP residual norm 3.375777e+00
  4 (restart 0) KSP residual norm 2.151964e+00
  5 (restart 0) KSP residual norm 1.009924e+00
  6 (restart 0) KSP residual norm 4.077844e-01
  7 (restart 0) KSP residual norm 1.365203e-01
  8 (restart 0) KSP residual norm 6.517851e-02
  9 (restart 0) KSP residual norm 1.331849e-02
 10 (restart 0) KSP residual norm 3.250521e-03
 11 (restart 0) KSP residual norm 1.963680e-03
 12 (restart 0) KSP residual norm 7.608173e-04
 13 (restart 0) KSP residual norm 4.336842e-04
 14 (restart 0) KSP residual norm 2.461979e-04
 15 (restart 0) KSP residual norm 1.331605e-04
 16 (restart 0) KSP residual norm 9.526455e-05
 17 (restart 0) KSP residual norm 6.097812e-05
 18 (restart 0) KSP residual norm 3.996341e-05
 19 (restart 0) KSP residual norm 2.969164e-05
 20 (restart 0) KSP residual norm 2.255284e-05
 21 (restart 0) KSP residual norm 1.645753e-05
 22 (restart 0) KSP residual norm 1.241636e-05
 23 (restart 0) KSP residual norm 9.154674e-06
 24 (restart 0) KSP residual norm 6.803628e-06
 25 (restart 0) KSP residual norm 4.972881e-06
 26 (restart 0) KSP residual norm 3.464270e-06
 27 (restart 0) KSP residual norm 2.548808e-06
 28 (restart 0) KSP residual norm 1.897804e-06
 29 (restart 0) KSP residual norm 1.345686e-06
 30 (restart 0) KSP residual norm 9.730475e-07
 31 (restart 0) KSP residual norm 7.326838e-07
 32 (restart 0) KSP residual norm 5.556192e-07
 33 (restart 0) KSP residual norm 4.128959e-07
 34 (restart 0) KSP residual norm 3.072207e-07
 35 (restart 0) KSP residual norm 2.448782e-07
 36 (restart 0) KSP residual norm 2.009244e-07
 37 (restart 0) KSP residual norm 1.652765e-07
GMRES solver converged in 37 iterations (avg. reduction factor: 6.063e-01)
  Residual norms for GMRES solve
  0 (restart 0) KSP residual norm 6.338729e+00
  1 (restart 0) KSP residual norm 5.982257e+00
  2 (restart 0) KSP residual norm 2.728388e+00
  3 (restart 0) KSP residual norm 2.031908e+00
  4 (restart 0) KSP residual norm 1.145156e+00
  5 (restart 0) KSP residual norm 4.577100e-01
  6 (restart 0) KSP residual norm 2.772822e-01
  7 (restart 0) KSP residual norm 6.826776e-02
  8 (restart 0) KSP residual norm 2.128217e-02
  9 (restart 0) KSP residual norm 7.917520e-03
 10 (restart 0) KSP residual norm 2.224949e-03
 11 (restart 0) KSP residual norm 1.216187e-03
 12 (restart 0) KSP residual norm 5.388468e-04
 13 (restart 0) KSP residual norm 3.519083e-04
 14 (restart 0) KSP residual norm 2.258026e-04
 15 (restart 0) KSP residual norm 1.485088e-04
 16 (restart 0) KSP residual norm 1.185940e-04
 17 (restart 0) KSP residual norm 7.132431e-05
 18 (restart 0) KSP residual norm 5.914326e-05
 19 (restart 0) KSP residual norm 4.389213e-05
 20 (restart 0) KSP residual norm 3.559944e-05
 21 (restart 0) KSP residual norm 2.463069e-05
 22 (restart 0) KSP residual norm 1.909336e-05
 23 (restart 0) KSP residual norm 1.402065e-05
 24 (restart 0) KSP residual norm 1.046609e-05
 25 (restart 0) KSP residual norm 7.612769e-06
 26 (restart 0) KSP residual norm 5.636348e-06
 27 (restart 0) KSP residual norm 4.156622e-06
 28 (restart 0) KSP residual norm 3.008080e-06
 29 (restart 0) KSP residual norm 2.153898e-06
 30 (restart 0) KSP residual norm 1.533138e-06
 31 (restart 0) KSP residual norm 1.190479e-06
 32 (restart 0) KSP residual norm 9.354626e-07
 33 (restart 0) KSP residual norm 7.300396e-07
 34 (restart 0) KSP residual norm 5.858785e-07
 35 (restart 0) KSP residual norm 4.721454e-07
 36 (restart 0) KSP residual norm 3.879888e-07
 37 (restart 0) KSP residual norm 3.237585e-07
 38 (restart 0) KSP residual norm 2.766009e-07
 39 (restart 0) KSP residual norm 2.338980e-07
 40 (restart 0) KSP residual norm 1.890739e-07
 41 (restart 0) KSP residual norm 1.475817e-07
 42 (restart 0) KSP residual norm 1.131660e-07
 43 (restart 0) KSP residual norm 8.571441e-08
 44 (restart 0) KSP residual norm 6.351857e-08
 45 (restart 0) KSP residual norm 4.704023e-08
GMRES solver converged in 45 iterations (avg. reduction factor: 6.597e-01)
  Residual norms for GMRES solve
  0 (restart 0) KSP residual norm 8.183445e+00
  1 (restart 0) KSP residual norm 8.182151e+00
  2 (restart 0) KSP residual norm 2.189666e+00
  3 (restart 0) KSP residual norm 1.436635e+00
  4 (restart 0) KSP residual norm 6.101597e-01
  5 (restart 0) KSP residual norm 2.436612e-01
  6 (restart 0) KSP residual norm 1.271394e-01
  7 (restart 0) KSP residual norm 5.847829e-02
  8 (restart 0) KSP residual norm 1.536332e-02
  9 (restart 0) KSP residual norm 6.563483e-03
 10 (restart 0) KSP residual norm 1.622261e-03
 11 (restart 0) KSP residual norm 6.041401e-04
 12 (restart 0) KSP residual norm 3.581141e-04
 13 (restart 0) KSP residual norm 2.439314e-04
 14 (restart 0) KSP residual norm 1.585577e-04
 15 (restart 0) KSP residual norm 1.069611e-04
 16 (restart 0) KSP residual norm 8.216882e-05
 17 (restart 0) KSP residual norm 5.553242e-05
 18 (restart 0) KSP residual norm 4.367284e-05
 19 (restart 0) KSP residual norm 3.480839e-05
 20 (restart 0) KSP residual norm 2.486441e-05
 21 (restart 0) KSP residual norm 1.976466e-05
 22 (restart 0) KSP residual norm 1.450975e-05
 23 (restart 0) KSP residual norm 1.134810e-05
 24 (restart 0) KSP residual norm 7.919446e-06
 25 (restart 0) KSP residual norm 5.838665e-06
 26 (restart 0) KSP residual norm 4.288772e-06
 27 (restart 0) KSP residual norm 3.220543e-06
 28 (restart 0) KSP residual norm 2.306746e-06
 29 (restart 0) KSP residual norm 1.651575e-06
 30 (restart 0) KSP residual norm 1.172111e-06
 31 (restart 0) KSP residual norm 8.745300e-07
 32 (restart 0) KSP residual norm 6.780932e-07
 33 (restart 0) KSP residual norm 5.305176e-07
 34 (restart 0) KSP residual norm 4.092380e-07
 35 (restart 0) KSP residual norm 3.301278e-07
 36 (restart 0) KSP residual norm 2.659675e-07
 37 (restart 0) KSP residual norm 2.213464e-07
 38 (restart 0) KSP residual norm 1.892157e-07
 39 (restart 0) KSP residual norm 1.608262e-07
 40 (restart 0) KSP residual norm 1.327758e-07
 41 (restart 0) KSP residual norm 1.052731e-07
 42 (restart 0) KSP residual norm 8.251347e-08
 43 (restart 0) KSP residual norm 6.219735e-08
GMRES solver converged in 43 iterations (avg. reduction factor: 6.474e-01)
  Residual norms for GMRES solve
  0 (restart 0) KSP residual norm 7.690795e+00
  1 (restart 0) KSP residual norm 7.647577e+00
  2 (restart 0) KSP residual norm 2.832754e+00
  3 (restart 0) KSP residual norm 1.224884e+00
  4 (restart 0) KSP residual norm 8.945950e-01
  5 (restart 0) KSP residual norm 4.633545e-01
  6 (restart 0) KSP residual norm 2.444996e-01
  7 (restart 0) KSP residual norm 6.209620e-02
  8 (restart 0) KSP residual norm 2.511455e-02
  9 (restart 0) KSP residual norm 7.637620e-03
 10 (restart 0) KSP residual norm 1.896086e-03
 11 (restart 0) KSP residual norm 8.877049e-04
 12 (restart 0) KSP residual norm 4.303659e-04
 13 (restart 0) KSP residual norm 2.424505e-04
 14 (restart 0) KSP residual norm 1.419649e-04
 15 (restart 0) KSP residual norm 7.334399e-05
 16 (restart 0) KSP residual norm 5.758667e-05
 17 (restart 0) KSP residual norm 3.664166e-05
 18 (restart 0) KSP residual norm 2.639562e-05
 19 (restart 0) KSP residual norm 1.936671e-05
 20 (restart 0) KSP residual norm 1.480222e-05
 21 (restart 0) KSP residual norm 1.105794e-05
 22 (restart 0) KSP residual norm 8.105828e-06
 23 (restart 0) KSP residual norm 6.073338e-06
 24 (restart 0) KSP residual norm 4.542030e-06
 25 (restart 0) KSP residual norm 3.390996e-06
 26 (restart 0) KSP residual norm 2.538624e-06
 27 (restart 0) KSP residual norm 1.893448e-06
 28 (restart 0) KSP residual norm 1.407133e-06
 29 (restart 0) KSP residual norm 1.061636e-06
 30 (restart 0) KSP residual norm 7.948626e-07
 31 (restart 0) KSP residual norm 6.064058e-07
 32 (restart 0) KSP residual norm 4.889643e-07
 33 (restart 0) KSP residual norm 3.806195e-07
 34 (restart 0) KSP residual norm 2.999990e-07
 35 (restart 0) KSP residual norm 2.475250e-07
 36 (restart 0) KSP residual norm 2.051904e-07
 37 (restart 0) KSP residual norm 1.684874e-07
 38 (restart 0) KSP residual norm 1.403350e-07
 39 (restart 0) KSP residual norm 1.178668e-07
 40 (restart 0) KSP residual norm 9.551300e-08
 41 (restart 0) KSP residual norm 7.349515e-08
GMRES solver converged in 41 iterations (avg. reduction factor: 6.374e-01)
  3 EPS nconv=10 first unconverged value (error) -5.0195e-05+0.386276i (8.59608329e-03)

 Linear eigensolve converged (10 eigenpairs) due to CONVERGED_TOL; iterations 3
 Total number of linear systems solved: 39
 Total number of linear solver iterations: 1534
 Found 10 converged eigenvalues (first = -7.550e-03+1.010e+01i)

 Refining eigenvalues with Quasi-Newton solver
  Residual norms for GMRES solve
  0 (restart 0) KSP residual norm 2.336566e+01
  1 (restart 0) KSP residual norm 1.303941e+00
  2 (restart 0) KSP residual norm 4.418225e-01
  3 (restart 0) KSP residual norm 3.987460e-01
  4 (restart 0) KSP residual norm 3.332607e-01
  5 (restart 0) KSP residual norm 2.786839e-01
  6 (restart 0) KSP residual norm 2.741784e-01
  7 (restart 0) KSP residual norm 2.699263e-01
  8 (restart 0) KSP residual norm 2.466664e-01
  9 (restart 0) KSP residual norm 2.373285e-01
 10 (restart 0) KSP residual norm 2.371792e-01
 11 (restart 0) KSP residual norm 2.106606e-01
 12 (restart 0) KSP residual norm 1.875461e-01
 13 (restart 0) KSP residual norm 1.189356e-01
 14 (restart 0) KSP residual norm 8.628452e-02
 15 (restart 0) KSP residual norm 7.526663e-02
 16 (restart 0) KSP residual norm 6.809114e-02
 17 (restart 0) KSP residual norm 6.138161e-02
 18 (restart 0) KSP residual norm 5.542129e-02
 19 (restart 0) KSP residual norm 5.073461e-02
 20 (restart 0) KSP residual norm 4.871120e-02
 21 (restart 0) KSP residual norm 4.856019e-02
 22 (restart 0) KSP residual norm 4.501000e-02
 23 (restart 0) KSP residual norm 4.097525e-02
 24 (restart 0) KSP residual norm 3.841124e-02
 25 (restart 0) KSP residual norm 3.751683e-02
 26 (restart 0) KSP residual norm 3.643842e-02
 27 (restart 0) KSP residual norm 3.435371e-02
 28 (restart 0) KSP residual norm 2.931825e-02
 29 (restart 0) KSP residual norm 2.170111e-02
 30 (restart 0) KSP residual norm 1.774391e-02
 31 (restart 0) KSP residual norm 1.534222e-02
 32 (restart 0) KSP residual norm 1.215896e-02
 33 (restart 0) KSP residual norm 1.005577e-02
 34 (restart 0) KSP residual norm 7.651276e-03
 35 (restart 0) KSP residual norm 6.201517e-03
 36 (restart 0) KSP residual norm 5.022280e-03
 37 (restart 0) KSP residual norm 4.188904e-03
 38 (restart 0) KSP residual norm 3.561691e-03
 39 (restart 0) KSP residual norm 2.901988e-03
 40 (restart 0) KSP residual norm 2.422369e-03
 41 (restart 0) KSP residual norm 1.906431e-03
GMRES solver converged in 41 iterations (avg. reduction factor: 7.948e-01)
0 NLEPS (nconv=0, restart=0) residual norm 2.976003e-04
  Residual norms for GMRES solve
  0 (restart 0) KSP residual norm 3.763418e-07
  1 (restart 0) KSP residual norm 3.747463e-07
  2 (restart 0) KSP residual norm 3.745222e-07
  3 (restart 0) KSP residual norm 2.887621e-07
  4 (restart 0) KSP residual norm 2.549227e-07
  5 (restart 0) KSP residual norm 1.803839e-07
  6 (restart 0) KSP residual norm 1.384120e-07
  7 (restart 0) KSP residual norm 1.365900e-07
  8 (restart 0) KSP residual norm 1.291375e-07
  9 (restart 0) KSP residual norm 1.269914e-07
 10 (restart 0) KSP residual norm 1.085414e-07
 11 (restart 0) KSP residual norm 1.062381e-07
 12 (restart 0) KSP residual norm 7.875447e-08
 13 (restart 0) KSP residual norm 6.374168e-08
 14 (restart 0) KSP residual norm 6.345951e-08
 15 (restart 0) KSP residual norm 5.768525e-08
 16 (restart 0) KSP residual norm 5.449712e-08
 17 (restart 0) KSP residual norm 5.442405e-08
 18 (restart 0) KSP residual norm 5.437527e-08
 19 (restart 0) KSP residual norm 5.435858e-08
 20 (restart 0) KSP residual norm 5.373050e-08
 21 (restart 0) KSP residual norm 5.313494e-08
 22 (restart 0) KSP residual norm 5.313301e-08
 23 (restart 0) KSP residual norm 5.131445e-08
 24 (restart 0) KSP residual norm 5.121129e-08
 25 (restart 0) KSP residual norm 5.046737e-08
 26 (restart 0) KSP residual norm 4.987542e-08
 27 (restart 0) KSP residual norm 4.985606e-08
 28 (restart 0) KSP residual norm 4.899605e-08
 29 (restart 0) KSP residual norm 4.884814e-08
 30 (restart 0) KSP residual norm 4.861395e-08
 31 (restart 0) KSP residual norm 4.855100e-08
 32 (restart 0) KSP residual norm 4.824421e-08
 33 (restart 0) KSP residual norm 4.770744e-08
 34 (restart 0) KSP residual norm 4.739541e-08
 35 (restart 0) KSP residual norm 4.690147e-08
 36 (restart 0) KSP residual norm 4.632586e-08
 37 (restart 0) KSP residual norm 4.575187e-08
 38 (restart 0) KSP residual norm 4.562118e-08
 39 (restart 0) KSP residual norm 4.561648e-08
 40 (restart 0) KSP residual norm 4.505861e-08
 41 (restart 0) KSP residual norm 4.373086e-08
 42 (restart 0) KSP residual norm 4.148073e-08
 43 (restart 0) KSP residual norm 3.882282e-08
 44 (restart 0) KSP residual norm 3.552182e-08
 45 (restart 0) KSP residual norm 3.138155e-08
 46 (restart 0) KSP residual norm 2.713455e-08
 47 (restart 0) KSP residual norm 2.180496e-08
 48 (restart 0) KSP residual norm 1.776776e-08
 49 (restart 0) KSP residual norm 1.338458e-08
 50 (restart 0) KSP residual norm 1.005503e-08
 51 (restart 0) KSP residual norm 7.550883e-09
 52 (restart 0) KSP residual norm 5.608163e-09
 53 (restart 0) KSP residual norm 3.967229e-09
 54 (restart 0) KSP residual norm 2.883855e-09
 55 (restart 0) KSP residual norm 2.145351e-09
 56 (restart 0) KSP residual norm 1.643585e-09
 57 (restart 0) KSP residual norm 1.256412e-09
 58 (restart 0) KSP residual norm 9.308345e-10
 59 (restart 0) KSP residual norm 6.620743e-10
 60 (restart 0) KSP residual norm 4.713044e-10
 61 (restart 0) KSP residual norm 3.350057e-10
 62 (restart 0) KSP residual norm 2.396881e-10
 63 (restart 0) KSP residual norm 1.748909e-10
 64 (restart 0) KSP residual norm 1.294931e-10
 65 (restart 0) KSP residual norm 9.352719e-11
 66 (restart 0) KSP residual norm 6.767217e-11
 67 (restart 0) KSP residual norm 4.961573e-11
 68 (restart 0) KSP residual norm 3.563637e-11
GMRES solver converged in 68 iterations (avg. reduction factor: 8.726e-01)
1 NLEPS (nconv=0, restart=0) residual norm 3.060308e-07
  Residual norms for GMRES solve
  0 (restart 0) KSP residual norm 3.669596e-11
  1 (restart 0) KSP residual norm 3.472682e-11
  2 (restart 0) KSP residual norm 3.355896e-11
  3 (restart 0) KSP residual norm 3.344384e-11
  4 (restart 0) KSP residual norm 3.265799e-11
  5 (restart 0) KSP residual norm 2.878744e-11
  6 (restart 0) KSP residual norm 2.170278e-11
  7 (restart 0) KSP residual norm 1.754620e-11
  8 (restart 0) KSP residual norm 1.524341e-11
  9 (restart 0) KSP residual norm 1.481748e-11
 10 (restart 0) KSP residual norm 1.458954e-11
 11 (restart 0) KSP residual norm 1.322375e-11
 12 (restart 0) KSP residual norm 1.198022e-11
 13 (restart 0) KSP residual norm 1.129042e-11
 14 (restart 0) KSP residual norm 1.068847e-11
 15 (restart 0) KSP residual norm 1.041201e-11
 16 (restart 0) KSP residual norm 9.916948e-12
 17 (restart 0) KSP residual norm 9.593909e-12
 18 (restart 0) KSP residual norm 9.457246e-12
 19 (restart 0) KSP residual norm 8.970226e-12
 20 (restart 0) KSP residual norm 8.763492e-12
 21 (restart 0) KSP residual norm 8.736851e-12
 22 (restart 0) KSP residual norm 8.591237e-12
 23 (restart 0) KSP residual norm 8.188498e-12
 24 (restart 0) KSP residual norm 8.099447e-12
 25 (restart 0) KSP residual norm 7.973076e-12
 26 (restart 0) KSP residual norm 7.856020e-12
 27 (restart 0) KSP residual norm 7.467941e-12
 28 (restart 0) KSP residual norm 7.332235e-12
 29 (restart 0) KSP residual norm 7.317319e-12
 30 (restart 0) KSP residual norm 7.237138e-12
 31 (restart 0) KSP residual norm 7.112199e-12
 32 (restart 0) KSP residual norm 7.043972e-12
 33 (restart 0) KSP residual norm 7.030162e-12
 34 (restart 0) KSP residual norm 7.020715e-12
 35 (restart 0) KSP residual norm 6.881300e-12
 36 (restart 0) KSP residual norm 6.631885e-12
 37 (restart 0) KSP residual norm 6.518753e-12
 38 (restart 0) KSP residual norm 6.496447e-12
 39 (restart 0) KSP residual norm 6.361521e-12
 40 (restart 0) KSP residual norm 6.239552e-12
 41 (restart 0) KSP residual norm 6.106005e-12
 42 (restart 0) KSP residual norm 6.093876e-12
 43 (restart 0) KSP residual norm 6.057439e-12
 44 (restart 0) KSP residual norm 6.022946e-12
 45 (restart 0) KSP residual norm 5.775432e-12
 46 (restart 0) KSP residual norm 5.719179e-12
 47 (restart 0) KSP residual norm 5.673300e-12
 48 (restart 0) KSP residual norm 5.487499e-12
 49 (restart 0) KSP residual norm 5.325811e-12
 50 (restart 0) KSP residual norm 5.210653e-12
 51 (restart 0) KSP residual norm 5.181880e-12
 52 (restart 0) KSP residual norm 5.161017e-12
 53 (restart 0) KSP residual norm 5.145394e-12
 54 (restart 0) KSP residual norm 5.029461e-12
 55 (restart 0) KSP residual norm 4.714681e-12
 56 (restart 0) KSP residual norm 4.435038e-12
 57 (restart 0) KSP residual norm 4.105979e-12
 58 (restart 0) KSP residual norm 3.627739e-12
 59 (restart 0) KSP residual norm 3.197293e-12
 60 (restart 0) KSP residual norm 2.559733e-12
 61 (restart 0) KSP residual norm 1.840789e-12
 62 (restart 0) KSP residual norm 1.267967e-12
 63 (restart 0) KSP residual norm 8.996443e-13
GMRES solver converged in 63 iterations (avg. reduction factor: 9.428e-01)
2 NLEPS (nconv=0, restart=0) residual norm 7.572016e-09
Eigenvalue 0, Quasi-Newton converged in 2 iterations (-7.550e-03+1.010e+01i).
  Residual norms for GMRES solve
  0 (restart 0) KSP residual norm 2.090423e+01
  1 (restart 0) KSP residual norm 1.187196e+01
  2 (restart 0) KSP residual norm 1.847868e+00
  3 (restart 0) KSP residual norm 1.195506e+00
  4 (restart 0) KSP residual norm 1.041723e+00
  5 (restart 0) KSP residual norm 8.407917e-01
  6 (restart 0) KSP residual norm 8.201415e-01
  7 (restart 0) KSP residual norm 8.024000e-01
  8 (restart 0) KSP residual norm 7.628635e-01
  9 (restart 0) KSP residual norm 7.157703e-01
 10 (restart 0) KSP residual norm 6.576713e-01
 11 (restart 0) KSP residual norm 6.136523e-01
 12 (restart 0) KSP residual norm 6.017233e-01
 13 (restart 0) KSP residual norm 5.726111e-01
 14 (restart 0) KSP residual norm 2.900204e-01
 15 (restart 0) KSP residual norm 1.643843e-01
 16 (restart 0) KSP residual norm 1.030227e-01
 17 (restart 0) KSP residual norm 9.035917e-02
 18 (restart 0) KSP residual norm 9.027283e-02
 19 (restart 0) KSP residual norm 8.192256e-02
 20 (restart 0) KSP residual norm 6.802073e-02
 21 (restart 0) KSP residual norm 5.359144e-02
 22 (restart 0) KSP residual norm 4.762775e-02
 23 (restart 0) KSP residual norm 3.775624e-02
 24 (restart 0) KSP residual norm 2.368493e-02
 25 (restart 0) KSP residual norm 1.696060e-02
 26 (restart 0) KSP residual norm 1.132039e-02
 27 (restart 0) KSP residual norm 9.248640e-03
 28 (restart 0) KSP residual norm 5.785732e-03
 29 (restart 0) KSP residual norm 3.668266e-03
 30 (restart 0) KSP residual norm 2.452897e-03
 31 (restart 0) KSP residual norm 1.756265e-03
GMRES solver converged in 31 iterations (avg. reduction factor: 7.388e-01)
0 NLEPS (nconv=1, restart=0) residual norm 1.167753e-01
  Residual norms for GMRES solve
  0 (restart 0) KSP residual norm 1.040548e+00
  1 (restart 0) KSP residual norm 8.872691e-01
  2 (restart 0) KSP residual norm 4.506136e-01
  3 (restart 0) KSP residual norm 3.733766e-01
  4 (restart 0) KSP residual norm 8.499639e-02
  5 (restart 0) KSP residual norm 4.446066e-02
  6 (restart 0) KSP residual norm 2.069375e-02
  7 (restart 0) KSP residual norm 1.106187e-02
  8 (restart 0) KSP residual norm 8.928587e-03
  9 (restart 0) KSP residual norm 8.862084e-03
 10 (restart 0) KSP residual norm 8.648641e-03
 11 (restart 0) KSP residual norm 8.566242e-03
 12 (restart 0) KSP residual norm 8.528313e-03
 13 (restart 0) KSP residual norm 8.217341e-03
 14 (restart 0) KSP residual norm 6.510045e-03
 15 (restart 0) KSP residual norm 5.671028e-03
 16 (restart 0) KSP residual norm 5.529203e-03
 17 (restart 0) KSP residual norm 4.500923e-03
 18 (restart 0) KSP residual norm 3.045078e-03
 19 (restart 0) KSP residual norm 2.246927e-03
 20 (restart 0) KSP residual norm 2.206177e-03
 21 (restart 0) KSP residual norm 2.136723e-03
 22 (restart 0) KSP residual norm 1.695366e-03
 23 (restart 0) KSP residual norm 1.337235e-03
 24 (restart 0) KSP residual norm 1.104766e-03
 25 (restart 0) KSP residual norm 1.077752e-03
 26 (restart 0) KSP residual norm 1.050373e-03
 27 (restart 0) KSP residual norm 9.965798e-04
 28 (restart 0) KSP residual norm 7.455805e-04
 29 (restart 0) KSP residual norm 4.335028e-04
 30 (restart 0) KSP residual norm 2.989059e-04
 31 (restart 0) KSP residual norm 2.201283e-04
 32 (restart 0) KSP residual norm 1.673013e-04
 33 (restart 0) KSP residual norm 1.303904e-04
 34 (restart 0) KSP residual norm 9.916241e-05
GMRES solver converged in 34 iterations (avg. reduction factor: 7.616e-01)
1 NLEPS (nconv=1, restart=0) residual norm 2.162267e-04
  Residual norms for GMRES solve
  0 (restart 0) KSP residual norm 1.123475e-07
  1 (restart 0) KSP residual norm 1.081631e-07
  2 (restart 0) KSP residual norm 9.628630e-08
  3 (restart 0) KSP residual norm 7.921622e-08
  4 (restart 0) KSP residual norm 7.520678e-08
  5 (restart 0) KSP residual norm 6.483775e-08
  6 (restart 0) KSP residual norm 5.808194e-08
  7 (restart 0) KSP residual norm 5.416078e-08
  8 (restart 0) KSP residual norm 4.632137e-08
  9 (restart 0) KSP residual norm 3.452813e-08
 10 (restart 0) KSP residual norm 2.636565e-08
 11 (restart 0) KSP residual norm 2.114473e-08
 12 (restart 0) KSP residual norm 1.310734e-08
 13 (restart 0) KSP residual norm 8.761300e-09
 14 (restart 0) KSP residual norm 6.716590e-09
 15 (restart 0) KSP residual norm 5.846045e-09
 16 (restart 0) KSP residual norm 5.101834e-09
 17 (restart 0) KSP residual norm 4.850306e-09
 18 (restart 0) KSP residual norm 3.955050e-09
 19 (restart 0) KSP residual norm 2.770468e-09
 20 (restart 0) KSP residual norm 2.370076e-09
 21 (restart 0) KSP residual norm 2.219299e-09
 22 (restart 0) KSP residual norm 2.109824e-09
 23 (restart 0) KSP residual norm 2.059190e-09
 24 (restart 0) KSP residual norm 1.924837e-09
 25 (restart 0) KSP residual norm 1.717409e-09
 26 (restart 0) KSP residual norm 1.295756e-09
 27 (restart 0) KSP residual norm 1.193167e-09
 28 (restart 0) KSP residual norm 1.077998e-09
 29 (restart 0) KSP residual norm 1.034338e-09
 30 (restart 0) KSP residual norm 9.743429e-10
 31 (restart 0) KSP residual norm 9.716467e-10
 32 (restart 0) KSP residual norm 9.394511e-10
 33 (restart 0) KSP residual norm 8.109288e-10
 34 (restart 0) KSP residual norm 7.552239e-10
 35 (restart 0) KSP residual norm 7.513776e-10
 36 (restart 0) KSP residual norm 7.057525e-10
 37 (restart 0) KSP residual norm 6.772848e-10
 38 (restart 0) KSP residual norm 6.747654e-10
 39 (restart 0) KSP residual norm 6.568832e-10
 40 (restart 0) KSP residual norm 6.442429e-10
 41 (restart 0) KSP residual norm 6.363611e-10
 42 (restart 0) KSP residual norm 6.303307e-10
 43 (restart 0) KSP residual norm 6.149009e-10
 44 (restart 0) KSP residual norm 6.054221e-10
 45 (restart 0) KSP residual norm 6.030265e-10
 46 (restart 0) KSP residual norm 5.962693e-10
 47 (restart 0) KSP residual norm 5.915665e-10
 48 (restart 0) KSP residual norm 5.813321e-10
 49 (restart 0) KSP residual norm 5.626676e-10
 50 (restart 0) KSP residual norm 5.554112e-10
 51 (restart 0) KSP residual norm 5.510422e-10
 52 (restart 0) KSP residual norm 5.445153e-10
 53 (restart 0) KSP residual norm 5.417001e-10
 54 (restart 0) KSP residual norm 5.293674e-10
 55 (restart 0) KSP residual norm 5.077445e-10
 56 (restart 0) KSP residual norm 4.602606e-10
 57 (restart 0) KSP residual norm 4.166969e-10
 58 (restart 0) KSP residual norm 3.611050e-10
 59 (restart 0) KSP residual norm 3.123659e-10
 60 (restart 0) KSP residual norm 2.613365e-10
 61 (restart 0) KSP residual norm 2.185552e-10
 62 (restart 0) KSP residual norm 1.747509e-10
 63 (restart 0) KSP residual norm 1.317608e-10
 64 (restart 0) KSP residual norm 9.524952e-11
 65 (restart 0) KSP residual norm 6.545376e-11
 66 (restart 0) KSP residual norm 4.563073e-11
 67 (restart 0) KSP residual norm 3.155109e-11
 68 (restart 0) KSP residual norm 2.254302e-11
 69 (restart 0) KSP residual norm 1.747506e-11
 70 (restart 0) KSP residual norm 1.375929e-11
 71 (restart 0) KSP residual norm 1.055935e-11
GMRES solver converged in 71 iterations (avg. reduction factor: 8.776e-01)
2 NLEPS (nconv=1, restart=0) residual norm 7.686728e-08
  Residual norms for GMRES solve
  0 (restart 0) KSP residual norm 1.152612e-10
  1 (restart 0) KSP residual norm 5.265751e-11
  2 (restart 0) KSP residual norm 2.371685e-11
  3 (restart 0) KSP residual norm 2.188828e-11
  4 (restart 0) KSP residual norm 2.151926e-11
  5 (restart 0) KSP residual norm 1.887952e-11
  6 (restart 0) KSP residual norm 1.733596e-11
  7 (restart 0) KSP residual norm 1.694159e-11
  8 (restart 0) KSP residual norm 1.621209e-11
  9 (restart 0) KSP residual norm 1.328995e-11
 10 (restart 0) KSP residual norm 1.134575e-11
 11 (restart 0) KSP residual norm 9.703928e-12
 12 (restart 0) KSP residual norm 9.402828e-12
 13 (restart 0) KSP residual norm 9.385852e-12
 14 (restart 0) KSP residual norm 9.330702e-12
 15 (restart 0) KSP residual norm 8.827286e-12
 16 (restart 0) KSP residual norm 8.644864e-12
 17 (restart 0) KSP residual norm 8.387708e-12
 18 (restart 0) KSP residual norm 8.043859e-12
 19 (restart 0) KSP residual norm 7.476658e-12
 20 (restart 0) KSP residual norm 7.253656e-12
 21 (restart 0) KSP residual norm 7.183409e-12
 22 (restart 0) KSP residual norm 7.060740e-12
 23 (restart 0) KSP residual norm 6.694221e-12
 24 (restart 0) KSP residual norm 6.443656e-12
 25 (restart 0) KSP residual norm 6.357580e-12
 26 (restart 0) KSP residual norm 6.199291e-12
 27 (restart 0) KSP residual norm 5.839556e-12
 28 (restart 0) KSP residual norm 5.713906e-12
 29 (restart 0) KSP residual norm 5.599046e-12
 30 (restart 0) KSP residual norm 5.332404e-12
 31 (restart 0) KSP residual norm 5.039965e-12
 32 (restart 0) KSP residual norm 4.829212e-12
 33 (restart 0) KSP residual norm 4.630556e-12
 34 (restart 0) KSP residual norm 4.416326e-12
 35 (restart 0) KSP residual norm 4.238756e-12
 36 (restart 0) KSP residual norm 4.070987e-12
 37 (restart 0) KSP residual norm 3.823198e-12
 38 (restart 0) KSP residual norm 3.688629e-12
 39 (restart 0) KSP residual norm 3.675619e-12
 40 (restart 0) KSP residual norm 3.561734e-12
 41 (restart 0) KSP residual norm 3.375155e-12
 42 (restart 0) KSP residual norm 3.241125e-12
 43 (restart 0) KSP residual norm 3.049247e-12
 44 (restart 0) KSP residual norm 2.875093e-12
 45 (restart 0) KSP residual norm 2.841057e-12
 46 (restart 0) KSP residual norm 2.758938e-12
 47 (restart 0) KSP residual norm 2.579973e-12
 48 (restart 0) KSP residual norm 2.286360e-12
 49 (restart 0) KSP residual norm 1.854212e-12
 50 (restart 0) KSP residual norm 1.537573e-12
 51 (restart 0) KSP residual norm 1.263803e-12
 52 (restart 0) KSP residual norm 1.016296e-12
 53 (restart 0) KSP residual norm 8.013918e-13
GMRES solver converged in 53 iterations (avg. reduction factor: 9.105e-01)
3 NLEPS (nconv=1, restart=0) residual norm 7.794621e-09
Eigenvalue 1, Quasi-Newton converged in 3 iterations (-3.670e-04+1.075e+01i).
  Residual norms for GMRES solve
  0 (restart 0) KSP residual norm 2.025449e+01
  1 (restart 0) KSP residual norm 2.742497e+00
  2 (restart 0) KSP residual norm 2.125973e+00
  3 (restart 0) KSP residual norm 1.334417e+00
  4 (restart 0) KSP residual norm 1.127693e+00
  5 (restart 0) KSP residual norm 1.115371e+00
  6 (restart 0) KSP residual norm 1.067963e+00
  7 (restart 0) KSP residual norm 7.395894e-01
  8 (restart 0) KSP residual norm 5.212634e-01
  9 (restart 0) KSP residual norm 4.422130e-01
 10 (restart 0) KSP residual norm 4.243286e-01
 11 (restart 0) KSP residual norm 3.361417e-01
 12 (restart 0) KSP residual norm 2.816193e-01
 13 (restart 0) KSP residual norm 1.678278e-01
 14 (restart 0) KSP residual norm 1.442457e-01
 15 (restart 0) KSP residual norm 1.065423e-01
 16 (restart 0) KSP residual norm 7.942947e-02
 17 (restart 0) KSP residual norm 6.789901e-02
 18 (restart 0) KSP residual norm 5.505558e-02
 19 (restart 0) KSP residual norm 4.791715e-02
 20 (restart 0) KSP residual norm 4.535538e-02
 21 (restart 0) KSP residual norm 4.477016e-02
 22 (restart 0) KSP residual norm 4.340774e-02
 23 (restart 0) KSP residual norm 4.275084e-02
 24 (restart 0) KSP residual norm 4.195624e-02
 25 (restart 0) KSP residual norm 4.113364e-02
 26 (restart 0) KSP residual norm 3.971563e-02
 27 (restart 0) KSP residual norm 3.510377e-02
 28 (restart 0) KSP residual norm 2.701364e-02
 29 (restart 0) KSP residual norm 2.242281e-02
 30 (restart 0) KSP residual norm 1.688216e-02
 31 (restart 0) KSP residual norm 1.258143e-02
 32 (restart 0) KSP residual norm 9.859663e-03
 33 (restart 0) KSP residual norm 8.165287e-03
 34 (restart 0) KSP residual norm 6.633239e-03
 35 (restart 0) KSP residual norm 4.453277e-03
 36 (restart 0) KSP residual norm 3.061066e-03
 37 (restart 0) KSP residual norm 2.236638e-03
 38 (restart 0) KSP residual norm 1.700688e-03
GMRES solver converged in 38 iterations (avg. reduction factor: 7.812e-01)
0 NLEPS (nconv=2, restart=0) residual norm 1.696769e-01
  Residual norms for GMRES solve
  0 (restart 0) KSP residual norm 4.460298e+00
  1 (restart 0) KSP residual norm 3.798118e+00
  2 (restart 0) KSP residual norm 2.495658e+00
  3 (restart 0) KSP residual norm 2.059597e+00
  4 (restart 0) KSP residual norm 2.010402e+00
  5 (restart 0) KSP residual norm 1.778605e+00
  6 (restart 0) KSP residual norm 1.750992e+00
  7 (restart 0) KSP residual norm 1.645940e+00
  8 (restart 0) KSP residual norm 1.620511e+00
  9 (restart 0) KSP residual norm 1.446340e+00
 10 (restart 0) KSP residual norm 1.325875e+00
 11 (restart 0) KSP residual norm 6.683521e-01
 12 (restart 0) KSP residual norm 3.857355e-01
 13 (restart 0) KSP residual norm 3.463542e-01
 14 (restart 0) KSP residual norm 3.276117e-01
 15 (restart 0) KSP residual norm 1.899544e-01
 16 (restart 0) KSP residual norm 1.067326e-01
 17 (restart 0) KSP residual norm 8.761958e-02
 18 (restart 0) KSP residual norm 8.500664e-02
 19 (restart 0) KSP residual norm 8.418754e-02
 20 (restart 0) KSP residual norm 8.292930e-02
 21 (restart 0) KSP residual norm 8.288547e-02
 22 (restart 0) KSP residual norm 8.272730e-02
 23 (restart 0) KSP residual norm 8.271541e-02
 24 (restart 0) KSP residual norm 7.777404e-02
 25 (restart 0) KSP residual norm 7.234610e-02
 26 (restart 0) KSP residual norm 6.235120e-02
 27 (restart 0) KSP residual norm 5.062257e-02
 28 (restart 0) KSP residual norm 3.859308e-02
 29 (restart 0) KSP residual norm 2.824123e-02
 30 (restart 0) KSP residual norm 2.224496e-02
 31 (restart 0) KSP residual norm 1.753802e-02
 32 (restart 0) KSP residual norm 1.374539e-02
 33 (restart 0) KSP residual norm 1.019591e-02
 34 (restart 0) KSP residual norm 7.614178e-03
 35 (restart 0) KSP residual norm 5.084054e-03
 36 (restart 0) KSP residual norm 3.523222e-03
 37 (restart 0) KSP residual norm 2.580675e-03
 38 (restart 0) KSP residual norm 1.937693e-03
 39 (restart 0) KSP residual norm 1.470790e-03
 40 (restart 0) KSP residual norm 1.086258e-03
 41 (restart 0) KSP residual norm 8.407435e-04
 42 (restart 0) KSP residual norm 6.982056e-04
 43 (restart 0) KSP residual norm 5.920630e-04
 44 (restart 0) KSP residual norm 5.209103e-04
 45 (restart 0) KSP residual norm 4.372529e-04
GMRES solver converged in 45 iterations (avg. reduction factor: 8.146e-01)
1 NLEPS (nconv=2, restart=0) residual norm 6.502457e-02
  Residual norms for GMRES solve
  0 (restart 0) KSP residual norm 3.337470e-04
  1 (restart 0) KSP residual norm 1.496692e-04
  2 (restart 0) KSP residual norm 1.308605e-04
  3 (restart 0) KSP residual norm 1.238403e-04
  4 (restart 0) KSP residual norm 1.215442e-04
  5 (restart 0) KSP residual norm 9.758877e-05
  6 (restart 0) KSP residual norm 9.192486e-05
  7 (restart 0) KSP residual norm 8.159761e-05
  8 (restart 0) KSP residual norm 6.712123e-05
  9 (restart 0) KSP residual norm 5.236506e-05
 10 (restart 0) KSP residual norm 4.812464e-05
 11 (restart 0) KSP residual norm 4.734443e-05
 12 (restart 0) KSP residual norm 4.499038e-05
 13 (restart 0) KSP residual norm 4.185908e-05
 14 (restart 0) KSP residual norm 3.848003e-05
 15 (restart 0) KSP residual norm 2.067368e-05
 16 (restart 0) KSP residual norm 1.423247e-05
 17 (restart 0) KSP residual norm 1.329443e-05
 18 (restart 0) KSP residual norm 1.306653e-05
 19 (restart 0) KSP residual norm 1.305854e-05
 20 (restart 0) KSP residual norm 1.286074e-05
 21 (restart 0) KSP residual norm 1.280813e-05
 22 (restart 0) KSP residual norm 1.277672e-05
 23 (restart 0) KSP residual norm 1.253279e-05
 24 (restart 0) KSP residual norm 1.194511e-05
 25 (restart 0) KSP residual norm 1.014435e-05
 26 (restart 0) KSP residual norm 8.611447e-06
 27 (restart 0) KSP residual norm 6.731599e-06
 28 (restart 0) KSP residual norm 4.861932e-06
 29 (restart 0) KSP residual norm 3.943423e-06
 30 (restart 0) KSP residual norm 3.189283e-06
 31 (restart 0) KSP residual norm 2.463234e-06
 32 (restart 0) KSP residual norm 1.911582e-06
 33 (restart 0) KSP residual norm 1.422928e-06
 34 (restart 0) KSP residual norm 9.777877e-07
 35 (restart 0) KSP residual norm 6.890402e-07
 36 (restart 0) KSP residual norm 5.257995e-07
 37 (restart 0) KSP residual norm 4.228920e-07
 38 (restart 0) KSP residual norm 3.281821e-07
 39 (restart 0) KSP residual norm 2.569283e-07
 40 (restart 0) KSP residual norm 2.084187e-07
 41 (restart 0) KSP residual norm 1.766805e-07
 42 (restart 0) KSP residual norm 1.512945e-07
 43 (restart 0) KSP residual norm 1.292041e-07
 44 (restart 0) KSP residual norm 1.079671e-07
 45 (restart 0) KSP residual norm 7.803423e-08
 46 (restart 0) KSP residual norm 5.556145e-08
 47 (restart 0) KSP residual norm 3.984572e-08
 48 (restart 0) KSP residual norm 2.982532e-08
GMRES solver converged in 48 iterations (avg. reduction factor: 8.235e-01)
2 NLEPS (nconv=2, restart=0) residual norm 1.006411e-03
  Residual norms for GMRES solve
  0 (restart 0) KSP residual norm 9.074847e-06
  1 (restart 0) KSP residual norm 4.063993e-06
  2 (restart 0) KSP residual norm 3.551138e-06
  3 (restart 0) KSP residual norm 3.359835e-06
  4 (restart 0) KSP residual norm 3.297118e-06
  5 (restart 0) KSP residual norm 2.645679e-06
  6 (restart 0) KSP residual norm 2.492134e-06
  7 (restart 0) KSP residual norm 2.210781e-06
  8 (restart 0) KSP residual norm 1.816918e-06
  9 (restart 0) KSP residual norm 1.418498e-06
 10 (restart 0) KSP residual norm 1.305323e-06
 11 (restart 0) KSP residual norm 1.284802e-06
 12 (restart 0) KSP residual norm 1.220331e-06
 13 (restart 0) KSP residual norm 1.134873e-06
 14 (restart 0) KSP residual norm 1.043396e-06
 15 (restart 0) KSP residual norm 5.611483e-07
 16 (restart 0) KSP residual norm 3.868614e-07
 17 (restart 0) KSP residual norm 3.613818e-07
 18 (restart 0) KSP residual norm 3.553148e-07
 19 (restart 0) KSP residual norm 3.550933e-07
 20 (restart 0) KSP residual norm 3.497656e-07
 21 (restart 0) KSP residual norm 3.484512e-07
 22 (restart 0) KSP residual norm 3.477438e-07
 23 (restart 0) KSP residual norm 3.417809e-07
 24 (restart 0) KSP residual norm 3.275376e-07
 25 (restart 0) KSP residual norm 2.839849e-07
 26 (restart 0) KSP residual norm 2.491196e-07
 27 (restart 0) KSP residual norm 2.083179e-07
 28 (restart 0) KSP residual norm 1.654014e-07
 29 (restart 0) KSP residual norm 1.418357e-07
 30 (restart 0) KSP residual norm 1.184590e-07
 31 (restart 0) KSP residual norm 9.407201e-08
 32 (restart 0) KSP residual norm 7.408543e-08
 33 (restart 0) KSP residual norm 5.703330e-08
 34 (restart 0) KSP residual norm 4.267675e-08
 35 (restart 0) KSP residual norm 3.430821e-08
 36 (restart 0) KSP residual norm 2.894247e-08
 37 (restart 0) KSP residual norm 2.483079e-08
 38 (restart 0) KSP residual norm 2.018658e-08
 39 (restart 0) KSP residual norm 1.633530e-08
 40 (restart 0) KSP residual norm 1.322163e-08
 41 (restart 0) KSP residual norm 1.080774e-08
 42 (restart 0) KSP residual norm 8.793683e-09
 43 (restart 0) KSP residual norm 6.779037e-09
 44 (restart 0) KSP residual norm 5.225311e-09
 45 (restart 0) KSP residual norm 3.643100e-09
 46 (restart 0) KSP residual norm 2.424983e-09
 47 (restart 0) KSP residual norm 1.602647e-09
 48 (restart 0) KSP residual norm 1.187869e-09
 49 (restart 0) KSP residual norm 8.736471e-10
GMRES solver converged in 49 iterations (avg. reduction factor: 8.280e-01)
3 NLEPS (nconv=2, restart=0) residual norm 4.664540e-04
  Residual norms for GMRES solve
  0 (restart 0) KSP residual norm 3.535995e-06
  1 (restart 0) KSP residual norm 1.592058e-06
  2 (restart 0) KSP residual norm 1.401614e-06
  3 (restart 0) KSP residual norm 1.307279e-06
  4 (restart 0) KSP residual norm 1.285052e-06
  5 (restart 0) KSP residual norm 1.037656e-06
  6 (restart 0) KSP residual norm 9.724347e-07
  7 (restart 0) KSP residual norm 8.698588e-07
  8 (restart 0) KSP residual norm 7.249316e-07
  9 (restart 0) KSP residual norm 5.554725e-07
 10 (restart 0) KSP residual norm 5.031083e-07
 11 (restart 0) KSP residual norm 4.958067e-07
 12 (restart 0) KSP residual norm 4.662669e-07
 13 (restart 0) KSP residual norm 4.423844e-07
 14 (restart 0) KSP residual norm 4.103371e-07
 15 (restart 0) KSP residual norm 2.773454e-07
 16 (restart 0) KSP residual norm 2.394056e-07
 17 (restart 0) KSP residual norm 2.201830e-07
 18 (restart 0) KSP residual norm 1.812676e-07
 19 (restart 0) KSP residual norm 1.678472e-07
 20 (restart 0) KSP residual norm 1.647740e-07
 21 (restart 0) KSP residual norm 1.602025e-07
 22 (restart 0) KSP residual norm 1.537275e-07
 23 (restart 0) KSP residual norm 1.516431e-07
 24 (restart 0) KSP residual norm 1.487056e-07
 25 (restart 0) KSP residual norm 1.448647e-07
 26 (restart 0) KSP residual norm 1.441871e-07
 27 (restart 0) KSP residual norm 1.437152e-07
 28 (restart 0) KSP residual norm 1.431763e-07
 29 (restart 0) KSP residual norm 1.422024e-07
 30 (restart 0) KSP residual norm 1.421463e-07
 31 (restart 0) KSP residual norm 1.420124e-07
 32 (restart 0) KSP residual norm 1.416628e-07
 33 (restart 0) KSP residual norm 1.404785e-07
 34 (restart 0) KSP residual norm 1.391094e-07
 35 (restart 0) KSP residual norm 1.381290e-07
 36 (restart 0) KSP residual norm 1.368128e-07
 37 (restart 0) KSP residual norm 1.347478e-07
 38 (restart 0) KSP residual norm 1.284549e-07
 39 (restart 0) KSP residual norm 1.177711e-07
 40 (restart 0) KSP residual norm 1.040716e-07
 41 (restart 0) KSP residual norm 8.702817e-08
 42 (restart 0) KSP residual norm 7.239460e-08
 43 (restart 0) KSP residual norm 5.488036e-08
 44 (restart 0) KSP residual norm 4.125487e-08
 45 (restart 0) KSP residual norm 3.037755e-08
 46 (restart 0) KSP residual norm 2.277564e-08
 47 (restart 0) KSP residual norm 1.627060e-08
 48 (restart 0) KSP residual norm 1.143347e-08
 49 (restart 0) KSP residual norm 8.302858e-09
 50 (restart 0) KSP residual norm 6.236854e-09
 51 (restart 0) KSP residual norm 4.897825e-09
 52 (restart 0) KSP residual norm 3.723167e-09
 53 (restart 0) KSP residual norm 2.674367e-09
 54 (restart 0) KSP residual norm 1.970790e-09
 55 (restart 0) KSP residual norm 1.432080e-09
 56 (restart 0) KSP residual norm 1.091317e-09
 57 (restart 0) KSP residual norm 7.942360e-10
 58 (restart 0) KSP residual norm 5.812815e-10
 59 (restart 0) KSP residual norm 4.231367e-10
 60 (restart 0) KSP residual norm 3.057559e-10
GMRES solver converged in 60 iterations (avg. reduction factor: 8.556e-01)
4 NLEPS (nconv=2, restart=0) residual norm 1.971164e-06
  Residual norms for GMRES solve
  0 (restart 0) KSP residual norm 1.910604e-09
  1 (restart 0) KSP residual norm 8.979866e-10
  2 (restart 0) KSP residual norm 8.741419e-10
  3 (restart 0) KSP residual norm 6.281089e-10
  4 (restart 0) KSP residual norm 5.054173e-10
  5 (restart 0) KSP residual norm 4.392148e-10
  6 (restart 0) KSP residual norm 3.766745e-10
  7 (restart 0) KSP residual norm 3.382032e-10
  8 (restart 0) KSP residual norm 2.967014e-10
  9 (restart 0) KSP residual norm 2.663532e-10
 10 (restart 0) KSP residual norm 2.529761e-10
 11 (restart 0) KSP residual norm 2.313479e-10
 12 (restart 0) KSP residual norm 2.208927e-10
 13 (restart 0) KSP residual norm 2.062009e-10
 14 (restart 0) KSP residual norm 1.867304e-10
 15 (restart 0) KSP residual norm 1.468010e-10
 16 (restart 0) KSP residual norm 1.145055e-10
 17 (restart 0) KSP residual norm 1.027517e-10
 18 (restart 0) KSP residual norm 1.017628e-10
 19 (restart 0) KSP residual norm 9.660070e-11
 20 (restart 0) KSP residual norm 9.254128e-11
 21 (restart 0) KSP residual norm 9.121371e-11
 22 (restart 0) KSP residual norm 8.981806e-11
 23 (restart 0) KSP residual norm 8.734144e-11
 24 (restart 0) KSP residual norm 7.348758e-11
 25 (restart 0) KSP residual norm 6.737935e-11
 26 (restart 0) KSP residual norm 5.985527e-11
 27 (restart 0) KSP residual norm 5.699744e-11
 28 (restart 0) KSP residual norm 5.416129e-11
 29 (restart 0) KSP residual norm 5.284547e-11
 30 (restart 0) KSP residual norm 5.245475e-11
 31 (restart 0) KSP residual norm 5.026054e-11
 32 (restart 0) KSP residual norm 4.951849e-11
 33 (restart 0) KSP residual norm 4.829484e-11
 34 (restart 0) KSP residual norm 4.716346e-11
 35 (restart 0) KSP residual norm 4.676539e-11
 36 (restart 0) KSP residual norm 4.672018e-11
 37 (restart 0) KSP residual norm 4.650884e-11
 38 (restart 0) KSP residual norm 4.631444e-11
 39 (restart 0) KSP residual norm 4.618197e-11
 40 (restart 0) KSP residual norm 4.515708e-11
 41 (restart 0) KSP residual norm 4.351123e-11
 42 (restart 0) KSP residual norm 4.238193e-11
 43 (restart 0) KSP residual norm 4.015850e-11
 44 (restart 0) KSP residual norm 3.903023e-11
 45 (restart 0) KSP residual norm 3.662451e-11
 46 (restart 0) KSP residual norm 3.459976e-11
 47 (restart 0) KSP residual norm 3.160930e-11
 48 (restart 0) KSP residual norm 2.926204e-11
 49 (restart 0) KSP residual norm 2.597683e-11
 50 (restart 0) KSP residual norm 2.192327e-11
 51 (restart 0) KSP residual norm 1.848429e-11
 52 (restart 0) KSP residual norm 1.472986e-11
 53 (restart 0) KSP residual norm 1.239891e-11
 54 (restart 0) KSP residual norm 1.028671e-11
 55 (restart 0) KSP residual norm 8.453379e-12
 56 (restart 0) KSP residual norm 7.060354e-12
 57 (restart 0) KSP residual norm 5.741598e-12
 58 (restart 0) KSP residual norm 4.684041e-12
 59 (restart 0) KSP residual norm 3.739860e-12
 60 (restart 0) KSP residual norm 2.736063e-12
 61 (restart 0) KSP residual norm 1.996634e-12
 62 (restart 0) KSP residual norm 1.363960e-12
 63 (restart 0) KSP residual norm 1.000525e-12
 64 (restart 0) KSP residual norm 7.444032e-13
GMRES solver converged in 64 iterations (avg. reduction factor: 8.846e-01)
5 NLEPS (nconv=2, restart=0) residual norm 6.097232e-09
Eigenvalue 2, Quasi-Newton converged in 5 iterations (-5.018e-02+1.086e+01i).
  Residual norms for GMRES solve
  0 (restart 0) KSP residual norm 2.068210e+01
  1 (restart 0) KSP residual norm 4.444817e+00
  2 (restart 0) KSP residual norm 2.443060e+00
  3 (restart 0) KSP residual norm 1.501003e+00
  4 (restart 0) KSP residual norm 1.156615e+00
  5 (restart 0) KSP residual norm 7.521500e-01
  6 (restart 0) KSP residual norm 6.154032e-01
  7 (restart 0) KSP residual norm 5.373281e-01
  8 (restart 0) KSP residual norm 4.199131e-01
  9 (restart 0) KSP residual norm 1.311777e-01
 10 (restart 0) KSP residual norm 6.281649e-02
 11 (restart 0) KSP residual norm 5.916653e-02
 12 (restart 0) KSP residual norm 5.505585e-02
 13 (restart 0) KSP residual norm 4.895294e-02
 14 (restart 0) KSP residual norm 4.804161e-02
 15 (restart 0) KSP residual norm 4.778874e-02
 16 (restart 0) KSP residual norm 4.640726e-02
 17 (restart 0) KSP residual norm 4.613734e-02
 18 (restart 0) KSP residual norm 4.562024e-02
 19 (restart 0) KSP residual norm 4.552398e-02
 20 (restart 0) KSP residual norm 4.249857e-02
 21 (restart 0) KSP residual norm 4.198745e-02
 22 (restart 0) KSP residual norm 3.830909e-02
 23 (restart 0) KSP residual norm 3.679521e-02
 24 (restart 0) KSP residual norm 1.991268e-02
 25 (restart 0) KSP residual norm 1.390845e-02
 26 (restart 0) KSP residual norm 8.420866e-03
 27 (restart 0) KSP residual norm 6.596593e-03
 28 (restart 0) KSP residual norm 4.309201e-03
 29 (restart 0) KSP residual norm 2.909947e-03
 30 (restart 0) KSP residual norm 2.122666e-03
 31 (restart 0) KSP residual norm 1.795204e-03
GMRES solver converged in 31 iterations (avg. reduction factor: 7.396e-01)
0 NLEPS (nconv=3, restart=0) residual norm 2.034553e-01
  Residual norms for GMRES solve
  0 (restart 0) KSP residual norm 8.798998e+00
  1 (restart 0) KSP residual norm 4.414119e+00
  2 (restart 0) KSP residual norm 3.348594e+00
  3 (restart 0) KSP residual norm 2.882226e+00
  4 (restart 0) KSP residual norm 2.865730e+00
  5 (restart 0) KSP residual norm 1.873590e+00
  6 (restart 0) KSP residual norm 1.824713e+00
  7 (restart 0) KSP residual norm 1.137420e+00
  8 (restart 0) KSP residual norm 5.874619e-01
  9 (restart 0) KSP residual norm 1.432780e-01
 10 (restart 0) KSP residual norm 1.083192e-01
 11 (restart 0) KSP residual norm 1.053213e-01
 12 (restart 0) KSP residual norm 1.042060e-01
 13 (restart 0) KSP residual norm 1.037516e-01
 14 (restart 0) KSP residual norm 1.018848e-01
 15 (restart 0) KSP residual norm 1.002965e-01
 16 (restart 0) KSP residual norm 9.880034e-02
 17 (restart 0) KSP residual norm 9.756704e-02
 18 (restart 0) KSP residual norm 9.755489e-02
 19 (restart 0) KSP residual norm 9.499173e-02
 20 (restart 0) KSP residual norm 9.470991e-02
 21 (restart 0) KSP residual norm 9.255581e-02
 22 (restart 0) KSP residual norm 7.338251e-02
 23 (restart 0) KSP residual norm 6.095770e-02
 24 (restart 0) KSP residual norm 4.598547e-02
 25 (restart 0) KSP residual norm 3.355949e-02
 26 (restart 0) KSP residual norm 2.132341e-02
 27 (restart 0) KSP residual norm 1.333134e-02
 28 (restart 0) KSP residual norm 7.695278e-03
 29 (restart 0) KSP residual norm 4.511299e-03
 30 (restart 0) KSP residual norm 3.062402e-03
 31 (restart 0) KSP residual norm 2.189783e-03
 32 (restart 0) KSP residual norm 1.694052e-03
 33 (restart 0) KSP residual norm 1.366419e-03
 34 (restart 0) KSP residual norm 1.083227e-03
 35 (restart 0) KSP residual norm 8.043865e-04
GMRES solver converged in 35 iterations (avg. reduction factor: 7.667e-01)
1 NLEPS (nconv=3, restart=0) residual norm 3.607583e-02
  Residual norms for GMRES solve
  0 (restart 0) KSP residual norm 2.025408e-05
  1 (restart 0) KSP residual norm 1.061600e-05
  2 (restart 0) KSP residual norm 4.708641e-06
  3 (restart 0) KSP residual norm 2.369132e-06
  4 (restart 0) KSP residual norm 1.919600e-06
  5 (restart 0) KSP residual norm 1.609090e-06
  6 (restart 0) KSP residual norm 1.298256e-06
  7 (restart 0) KSP residual norm 7.723919e-07
  8 (restart 0) KSP residual norm 6.751832e-07
  9 (restart 0) KSP residual norm 3.637842e-07
 10 (restart 0) KSP residual norm 3.006694e-07
 11 (restart 0) KSP residual norm 2.835129e-07
 12 (restart 0) KSP residual norm 2.800807e-07
 13 (restart 0) KSP residual norm 2.800197e-07
 14 (restart 0) KSP residual norm 2.774162e-07
 15 (restart 0) KSP residual norm 2.749854e-07
 16 (restart 0) KSP residual norm 2.650200e-07
 17 (restart 0) KSP residual norm 2.633169e-07
 18 (restart 0) KSP residual norm 2.607815e-07
 19 (restart 0) KSP residual norm 2.582702e-07
 20 (restart 0) KSP residual norm 2.526212e-07
 21 (restart 0) KSP residual norm 2.511844e-07
 22 (restart 0) KSP residual norm 2.470901e-07
 23 (restart 0) KSP residual norm 2.469367e-07
 24 (restart 0) KSP residual norm 2.445987e-07
 25 (restart 0) KSP residual norm 2.396649e-07
 26 (restart 0) KSP residual norm 2.343497e-07
 27 (restart 0) KSP residual norm 2.282359e-07
 28 (restart 0) KSP residual norm 2.271559e-07
 29 (restart 0) KSP residual norm 2.252765e-07
 30 (restart 0) KSP residual norm 2.230422e-07
 31 (restart 0) KSP residual norm 2.213246e-07
 32 (restart 0) KSP residual norm 2.107403e-07
 33 (restart 0) KSP residual norm 1.848813e-07
 34 (restart 0) KSP residual norm 1.518358e-07
 35 (restart 0) KSP residual norm 1.215393e-07
 36 (restart 0) KSP residual norm 8.708714e-08
 37 (restart 0) KSP residual norm 6.860435e-08
 38 (restart 0) KSP residual norm 5.571047e-08
 39 (restart 0) KSP residual norm 4.494692e-08
 40 (restart 0) KSP residual norm 3.313774e-08
 41 (restart 0) KSP residual norm 2.430816e-08
 42 (restart 0) KSP residual norm 1.734801e-08
 43 (restart 0) KSP residual norm 1.269950e-08
 44 (restart 0) KSP residual norm 9.216664e-09
 45 (restart 0) KSP residual norm 6.672594e-09
 46 (restart 0) KSP residual norm 4.998287e-09
 47 (restart 0) KSP residual norm 3.616000e-09
 48 (restart 0) KSP residual norm 2.738606e-09
 49 (restart 0) KSP residual norm 1.953931e-09
GMRES solver converged in 49 iterations (avg. reduction factor: 8.280e-01)
2 NLEPS (nconv=3, restart=0) residual norm 2.609184e-04
  Residual norms for GMRES solve
  0 (restart 0) KSP residual norm 2.762723e-05
  1 (restart 0) KSP residual norm 1.510028e-05
  2 (restart 0) KSP residual norm 6.759265e-06
  3 (restart 0) KSP residual norm 3.070465e-06
  4 (restart 0) KSP residual norm 2.256708e-06
  5 (restart 0) KSP residual norm 1.760967e-06
  6 (restart 0) KSP residual norm 1.134912e-06
  7 (restart 0) KSP residual norm 4.834260e-07
  8 (restart 0) KSP residual norm 3.929565e-07
  9 (restart 0) KSP residual norm 3.671712e-07
 10 (restart 0) KSP residual norm 3.506216e-07
 11 (restart 0) KSP residual norm 3.479188e-07
 12 (restart 0) KSP residual norm 3.302945e-07
 13 (restart 0) KSP residual norm 3.284854e-07
 14 (restart 0) KSP residual norm 3.256798e-07
 15 (restart 0) KSP residual norm 3.232302e-07
 16 (restart 0) KSP residual norm 3.076877e-07
 17 (restart 0) KSP residual norm 2.994923e-07
 18 (restart 0) KSP residual norm 2.914826e-07
 19 (restart 0) KSP residual norm 2.851086e-07
 20 (restart 0) KSP residual norm 2.813653e-07
 21 (restart 0) KSP residual norm 2.790395e-07
 22 (restart 0) KSP residual norm 2.752937e-07
 23 (restart 0) KSP residual norm 2.675708e-07
 24 (restart 0) KSP residual norm 2.595879e-07
 25 (restart 0) KSP residual norm 2.434736e-07
 26 (restart 0) KSP residual norm 2.194910e-07
 27 (restart 0) KSP residual norm 1.825957e-07
 28 (restart 0) KSP residual norm 1.426875e-07
 29 (restart 0) KSP residual norm 1.164907e-07
 30 (restart 0) KSP residual norm 9.316025e-08
 31 (restart 0) KSP residual norm 7.562027e-08
 32 (restart 0) KSP residual norm 5.965309e-08
 33 (restart 0) KSP residual norm 4.777628e-08
 34 (restart 0) KSP residual norm 3.840936e-08
 35 (restart 0) KSP residual norm 3.089839e-08
 36 (restart 0) KSP residual norm 2.524954e-08
 37 (restart 0) KSP residual norm 2.078831e-08
 38 (restart 0) KSP residual norm 1.649735e-08
 39 (restart 0) KSP residual norm 1.372111e-08
 40 (restart 0) KSP residual norm 1.099533e-08
 41 (restart 0) KSP residual norm 9.087085e-09
 42 (restart 0) KSP residual norm 7.463095e-09
 43 (restart 0) KSP residual norm 6.036185e-09
 44 (restart 0) KSP residual norm 4.738199e-09
 45 (restart 0) KSP residual norm 3.604021e-09
 46 (restart 0) KSP residual norm 2.671609e-09
GMRES solver converged in 46 iterations (avg. reduction factor: 8.180e-01)
3 NLEPS (nconv=3, restart=0) residual norm 1.671541e-05
  Residual norms for GMRES solve
  0 (restart 0) KSP residual norm 4.804166e-09
  1 (restart 0) KSP residual norm 3.548947e-09
  2 (restart 0) KSP residual norm 3.034437e-09
  3 (restart 0) KSP residual norm 2.519513e-09
  4 (restart 0) KSP residual norm 2.288159e-09
  5 (restart 0) KSP residual norm 2.254170e-09
  6 (restart 0) KSP residual norm 2.195670e-09
  7 (restart 0) KSP residual norm 1.972215e-09
  8 (restart 0) KSP residual norm 1.560898e-09
  9 (restart 0) KSP residual norm 1.106760e-09
 10 (restart 0) KSP residual norm 9.261779e-10
 11 (restart 0) KSP residual norm 8.355488e-10
 12 (restart 0) KSP residual norm 6.993891e-10
 13 (restart 0) KSP residual norm 5.575112e-10
 14 (restart 0) KSP residual norm 4.893285e-10
 15 (restart 0) KSP residual norm 4.388078e-10
 16 (restart 0) KSP residual norm 3.783190e-10
 17 (restart 0) KSP residual norm 3.182804e-10
 18 (restart 0) KSP residual norm 2.970577e-10
 19 (restart 0) KSP residual norm 2.409487e-10
 20 (restart 0) KSP residual norm 2.096090e-10
 21 (restart 0) KSP residual norm 1.957195e-10
 22 (restart 0) KSP residual norm 1.930801e-10
 23 (restart 0) KSP residual norm 1.813221e-10
 24 (restart 0) KSP residual norm 1.714920e-10
 25 (restart 0) KSP residual norm 1.604789e-10
 26 (restart 0) KSP residual norm 1.594855e-10
 27 (restart 0) KSP residual norm 1.558820e-10
 28 (restart 0) KSP residual norm 1.538050e-10
 29 (restart 0) KSP residual norm 1.530182e-10
 30 (restart 0) KSP residual norm 1.515595e-10
 31 (restart 0) KSP residual norm 1.513269e-10
 32 (restart 0) KSP residual norm 1.503828e-10
 33 (restart 0) KSP residual norm 1.490423e-10
 34 (restart 0) KSP residual norm 1.486642e-10
 35 (restart 0) KSP residual norm 1.473473e-10
 36 (restart 0) KSP residual norm 1.464212e-10
 37 (restart 0) KSP residual norm 1.447431e-10
 38 (restart 0) KSP residual norm 1.446212e-10
 39 (restart 0) KSP residual norm 1.423141e-10
 40 (restart 0) KSP residual norm 1.405883e-10
 41 (restart 0) KSP residual norm 1.388848e-10
 42 (restart 0) KSP residual norm 1.378672e-10
 43 (restart 0) KSP residual norm 1.360832e-10
 44 (restart 0) KSP residual norm 1.347153e-10
 45 (restart 0) KSP residual norm 1.340323e-10
 46 (restart 0) KSP residual norm 1.332902e-10
 47 (restart 0) KSP residual norm 1.310560e-10
 48 (restart 0) KSP residual norm 1.261998e-10
 49 (restart 0) KSP residual norm 1.221341e-10
 50 (restart 0) KSP residual norm 1.112966e-10
 51 (restart 0) KSP residual norm 9.857568e-11
 52 (restart 0) KSP residual norm 8.945217e-11
 53 (restart 0) KSP residual norm 7.847029e-11
 54 (restart 0) KSP residual norm 6.475954e-11
 55 (restart 0) KSP residual norm 5.016400e-11
 56 (restart 0) KSP residual norm 3.587881e-11
 57 (restart 0) KSP residual norm 2.571900e-11
 58 (restart 0) KSP residual norm 1.796680e-11
 59 (restart 0) KSP residual norm 1.255332e-11
 60 (restart 0) KSP residual norm 9.306569e-12
 61 (restart 0) KSP residual norm 6.984734e-12
 62 (restart 0) KSP residual norm 5.202591e-12
 63 (restart 0) KSP residual norm 3.778507e-12
 64 (restart 0) KSP residual norm 2.786528e-12
 65 (restart 0) KSP residual norm 1.970260e-12
 66 (restart 0) KSP residual norm 1.398566e-12
 67 (restart 0) KSP residual norm 1.012955e-12
 68 (restart 0) KSP residual norm 7.381113e-13
GMRES solver converged in 68 iterations (avg. reduction factor: 8.789e-01)
4 NLEPS (nconv=3, restart=0) residual norm 6.712300e-09
Eigenvalue 3, Quasi-Newton converged in 4 iterations (-2.649e-03+1.077e+01i).
  Residual norms for GMRES solve
  0 (restart 0) KSP residual norm 1.912520e+01
  1 (restart 0) KSP residual norm 2.151534e+00
  2 (restart 0) KSP residual norm 1.947628e+00
  3 (restart 0) KSP residual norm 1.370661e+00
  4 (restart 0) KSP residual norm 1.336721e+00
  5 (restart 0) KSP residual norm 1.154708e+00
  6 (restart 0) KSP residual norm 9.956249e-01
  7 (restart 0) KSP residual norm 8.275187e-01
  8 (restart 0) KSP residual norm 6.208678e-01
  9 (restart 0) KSP residual norm 4.735878e-01
 10 (restart 0) KSP residual norm 3.857624e-01
 11 (restart 0) KSP residual norm 3.646094e-01
 12 (restart 0) KSP residual norm 3.638390e-01
 13 (restart 0) KSP residual norm 3.618326e-01
 14 (restart 0) KSP residual norm 3.491943e-01
 15 (restart 0) KSP residual norm 1.526547e-01
 16 (restart 0) KSP residual norm 4.460209e-02
 17 (restart 0) KSP residual norm 2.041220e-02
 18 (restart 0) KSP residual norm 1.773492e-02
 19 (restart 0) KSP residual norm 1.664050e-02
 20 (restart 0) KSP residual norm 1.663893e-02
 21 (restart 0) KSP residual norm 1.599189e-02
 22 (restart 0) KSP residual norm 1.558749e-02
 23 (restart 0) KSP residual norm 1.537201e-02
 24 (restart 0) KSP residual norm 1.511604e-02
 25 (restart 0) KSP residual norm 1.483711e-02
 26 (restart 0) KSP residual norm 1.448882e-02
 27 (restart 0) KSP residual norm 1.414389e-02
 28 (restart 0) KSP residual norm 1.391168e-02
 29 (restart 0) KSP residual norm 1.355775e-02
 30 (restart 0) KSP residual norm 1.284136e-02
 31 (restart 0) KSP residual norm 1.202639e-02
 32 (restart 0) KSP residual norm 1.042806e-02
 33 (restart 0) KSP residual norm 7.106696e-03
 34 (restart 0) KSP residual norm 4.468583e-03
 35 (restart 0) KSP residual norm 3.458257e-03
 36 (restart 0) KSP residual norm 2.565930e-03
 37 (restart 0) KSP residual norm 2.017491e-03
 38 (restart 0) KSP residual norm 1.578006e-03
GMRES solver converged in 38 iterations (avg. reduction factor: 7.808e-01)
0 NLEPS (nconv=4, restart=0) residual norm 1.682093e-01
  Residual norms for GMRES solve
  0 (restart 0) KSP residual norm 1.862599e+00
  1 (restart 0) KSP residual norm 7.506471e-01
  2 (restart 0) KSP residual norm 6.797137e-01
  3 (restart 0) KSP residual norm 5.748635e-01
  4 (restart 0) KSP residual norm 4.651478e-01
  5 (restart 0) KSP residual norm 4.459960e-01
  6 (restart 0) KSP residual norm 3.736478e-01
  7 (restart 0) KSP residual norm 3.551490e-01
  8 (restart 0) KSP residual norm 3.195753e-01
  9 (restart 0) KSP residual norm 1.805348e-01
 10 (restart 0) KSP residual norm 1.388330e-01
 11 (restart 0) KSP residual norm 1.330726e-01
 12 (restart 0) KSP residual norm 1.272893e-01
 13 (restart 0) KSP residual norm 1.252065e-01
 14 (restart 0) KSP residual norm 9.715338e-02
 15 (restart 0) KSP residual norm 4.548770e-02
 16 (restart 0) KSP residual norm 1.716667e-02
 17 (restart 0) KSP residual norm 1.060322e-02
 18 (restart 0) KSP residual norm 9.287155e-03
 19 (restart 0) KSP residual norm 9.210134e-03
 20 (restart 0) KSP residual norm 8.978079e-03
 21 (restart 0) KSP residual norm 8.965197e-03
 22 (restart 0) KSP residual norm 8.826462e-03
 23 (restart 0) KSP residual norm 8.682658e-03
 24 (restart 0) KSP residual norm 8.466056e-03
 25 (restart 0) KSP residual norm 8.353854e-03
 26 (restart 0) KSP residual norm 8.352410e-03
 27 (restart 0) KSP residual norm 8.300843e-03
 28 (restart 0) KSP residual norm 7.862820e-03
 29 (restart 0) KSP residual norm 7.053049e-03
 30 (restart 0) KSP residual norm 6.299947e-03
 31 (restart 0) KSP residual norm 4.835792e-03
 32 (restart 0) KSP residual norm 3.458354e-03
 33 (restart 0) KSP residual norm 2.183680e-03
 34 (restart 0) KSP residual norm 1.551434e-03
 35 (restart 0) KSP residual norm 1.072768e-03
 36 (restart 0) KSP residual norm 7.993657e-04
 37 (restart 0) KSP residual norm 5.803919e-04
 38 (restart 0) KSP residual norm 4.570644e-04
 39 (restart 0) KSP residual norm 3.615291e-04
 40 (restart 0) KSP residual norm 2.771350e-04
 41 (restart 0) KSP residual norm 2.084045e-04
 42 (restart 0) KSP residual norm 1.420364e-04
GMRES solver converged in 42 iterations (avg. reduction factor: 7.979e-01)
1 NLEPS (nconv=4, restart=0) residual norm 4.961867e-03
  Residual norms for GMRES solve
  0 (restart 0) KSP residual norm 2.379022e-07
  1 (restart 0) KSP residual norm 7.827242e-08
  2 (restart 0) KSP residual norm 6.106471e-08
  3 (restart 0) KSP residual norm 5.894411e-08
  4 (restart 0) KSP residual norm 4.534424e-08
  5 (restart 0) KSP residual norm 3.805119e-08
  6 (restart 0) KSP residual norm 3.595422e-08
  7 (restart 0) KSP residual norm 3.202504e-08
  8 (restart 0) KSP residual norm 3.166447e-08
  9 (restart 0) KSP residual norm 2.224459e-08
 10 (restart 0) KSP residual norm 1.888445e-08
 11 (restart 0) KSP residual norm 1.883981e-08
 12 (restart 0) KSP residual norm 1.882461e-08
 13 (restart 0) KSP residual norm 1.816882e-08
 14 (restart 0) KSP residual norm 1.799434e-08
 15 (restart 0) KSP residual norm 1.593144e-08
 16 (restart 0) KSP residual norm 1.118765e-08
 17 (restart 0) KSP residual norm 9.128993e-09
 18 (restart 0) KSP residual norm 8.372287e-09
 19 (restart 0) KSP residual norm 8.065717e-09
 20 (restart 0) KSP residual norm 8.021280e-09
 21 (restart 0) KSP residual norm 7.937336e-09
 22 (restart 0) KSP residual norm 7.636424e-09
 23 (restart 0) KSP residual norm 6.643338e-09
 24 (restart 0) KSP residual norm 4.869317e-09
 25 (restart 0) KSP residual norm 3.184484e-09
 26 (restart 0) KSP residual norm 1.998349e-09
 27 (restart 0) KSP residual norm 1.459055e-09
 28 (restart 0) KSP residual norm 1.090042e-09
 29 (restart 0) KSP residual norm 8.372867e-10
 30 (restart 0) KSP residual norm 7.522572e-10
 31 (restart 0) KSP residual norm 6.394069e-10
 32 (restart 0) KSP residual norm 5.055269e-10
 33 (restart 0) KSP residual norm 3.565284e-10
 34 (restart 0) KSP residual norm 2.929484e-10
 35 (restart 0) KSP residual norm 2.723477e-10
 36 (restart 0) KSP residual norm 2.659268e-10
 37 (restart 0) KSP residual norm 2.441455e-10
 38 (restart 0) KSP residual norm 2.026017e-10
 39 (restart 0) KSP residual norm 1.767043e-10
 40 (restart 0) KSP residual norm 1.605788e-10
 41 (restart 0) KSP residual norm 1.508651e-10
 42 (restart 0) KSP residual norm 1.429463e-10
 43 (restart 0) KSP residual norm 1.371612e-10
 44 (restart 0) KSP residual norm 1.306017e-10
 45 (restart 0) KSP residual norm 1.224842e-10
 46 (restart 0) KSP residual norm 1.158535e-10
 47 (restart 0) KSP residual norm 1.129307e-10
 48 (restart 0) KSP residual norm 1.117872e-10
 49 (restart 0) KSP residual norm 1.117079e-10
 50 (restart 0) KSP residual norm 1.113192e-10
 51 (restart 0) KSP residual norm 1.093755e-10
 52 (restart 0) KSP residual norm 1.059617e-10
 53 (restart 0) KSP residual norm 1.007799e-10
 54 (restart 0) KSP residual norm 9.632722e-11
 55 (restart 0) KSP residual norm 9.171987e-11
 56 (restart 0) KSP residual norm 8.889230e-11
 57 (restart 0) KSP residual norm 8.636297e-11
 58 (restart 0) KSP residual norm 8.330838e-11
 59 (restart 0) KSP residual norm 7.902015e-11
 60 (restart 0) KSP residual norm 7.248417e-11
 61 (restart 0) KSP residual norm 6.387770e-11
 62 (restart 0) KSP residual norm 5.256802e-11
 63 (restart 0) KSP residual norm 4.118853e-11
 64 (restart 0) KSP residual norm 3.072219e-11
 65 (restart 0) KSP residual norm 2.314124e-11
GMRES solver converged in 65 iterations (avg. reduction factor: 8.675e-01)
2 NLEPS (nconv=4, restart=0) residual norm 6.105010e-06
  Residual norms for GMRES solve
  0 (restart 0) KSP residual norm 4.095939e-08
  1 (restart 0) KSP residual norm 3.357285e-08
  2 (restart 0) KSP residual norm 2.891058e-08
  3 (restart 0) KSP residual norm 2.481787e-08
  4 (restart 0) KSP residual norm 2.390540e-08
  5 (restart 0) KSP residual norm 2.148681e-08
  6 (restart 0) KSP residual norm 2.107573e-08
  7 (restart 0) KSP residual norm 1.658299e-08
  8 (restart 0) KSP residual norm 1.116618e-08
  9 (restart 0) KSP residual norm 7.680633e-09
 10 (restart 0) KSP residual norm 7.672474e-09
 11 (restart 0) KSP residual norm 5.037013e-09
 12 (restart 0) KSP residual norm 3.470535e-09
 13 (restart 0) KSP residual norm 2.658008e-09
 14 (restart 0) KSP residual norm 1.599975e-09
 15 (restart 0) KSP residual norm 1.286029e-09
 16 (restart 0) KSP residual norm 9.612486e-10
 17 (restart 0) KSP residual norm 8.585304e-10
 18 (restart 0) KSP residual norm 8.581375e-10
 19 (restart 0) KSP residual norm 8.420884e-10
 20 (restart 0) KSP residual norm 8.185705e-10
 21 (restart 0) KSP residual norm 8.049280e-10
 22 (restart 0) KSP residual norm 8.004472e-10
 23 (restart 0) KSP residual norm 7.994883e-10
 24 (restart 0) KSP residual norm 7.972154e-10
 25 (restart 0) KSP residual norm 7.897519e-10
 26 (restart 0) KSP residual norm 7.823751e-10
 27 (restart 0) KSP residual norm 7.772962e-10
 28 (restart 0) KSP residual norm 7.539065e-10
 29 (restart 0) KSP residual norm 7.478197e-10
 30 (restart 0) KSP residual norm 6.937169e-10
 31 (restart 0) KSP residual norm 6.345909e-10
 32 (restart 0) KSP residual norm 5.320911e-10
 33 (restart 0) KSP residual norm 4.499527e-10
 34 (restart 0) KSP residual norm 3.677071e-10
 35 (restart 0) KSP residual norm 2.981337e-10
 36 (restart 0) KSP residual norm 2.327751e-10
 37 (restart 0) KSP residual norm 1.898716e-10
 38 (restart 0) KSP residual norm 1.513435e-10
 39 (restart 0) KSP residual norm 1.206555e-10
 40 (restart 0) KSP residual norm 9.421531e-11
 41 (restart 0) KSP residual norm 7.449997e-11
 42 (restart 0) KSP residual norm 5.877151e-11
 43 (restart 0) KSP residual norm 4.508708e-11
 44 (restart 0) KSP residual norm 3.558606e-11
 45 (restart 0) KSP residual norm 2.914297e-11
 46 (restart 0) KSP residual norm 2.366928e-11
 47 (restart 0) KSP residual norm 1.979827e-11
 48 (restart 0) KSP residual norm 1.602226e-11
 49 (restart 0) KSP residual norm 1.344054e-11
 50 (restart 0) KSP residual norm 1.113621e-11
 51 (restart 0) KSP residual norm 9.134196e-12
 52 (restart 0) KSP residual norm 7.352506e-12
 53 (restart 0) KSP residual norm 5.677136e-12
 54 (restart 0) KSP residual norm 4.342091e-12
 55 (restart 0) KSP residual norm 3.254483e-12
 56 (restart 0) KSP residual norm 2.338062e-12
 57 (restart 0) KSP residual norm 1.745082e-12
 58 (restart 0) KSP residual norm 1.235335e-12
 59 (restart 0) KSP residual norm 8.683018e-13
GMRES solver converged in 59 iterations (avg. reduction factor: 8.333e-01)
3 NLEPS (nconv=4, restart=0) residual norm 7.625312e-09
Eigenvalue 4, Quasi-Newton converged in 3 iterations (-2.652e-04+1.118e+01i).
  Residual norms for GMRES solve
  0 (restart 0) KSP residual norm 1.912327e+01
  1 (restart 0) KSP residual norm 2.133576e+00
  2 (restart 0) KSP residual norm 1.944662e+00
  3 (restart 0) KSP residual norm 1.365842e+00
  4 (restart 0) KSP residual norm 1.326107e+00
  5 (restart 0) KSP residual norm 1.155085e+00
  6 (restart 0) KSP residual norm 1.003859e+00
  7 (restart 0) KSP residual norm 8.427194e-01
  8 (restart 0) KSP residual norm 6.352406e-01
  9 (restart 0) KSP residual norm 4.901661e-01
 10 (restart 0) KSP residual norm 3.966140e-01
 11 (restart 0) KSP residual norm 3.680309e-01
 12 (restart 0) KSP residual norm 3.653940e-01
 13 (restart 0) KSP residual norm 3.630315e-01
 14 (restart 0) KSP residual norm 2.967899e-01
 15 (restart 0) KSP residual norm 9.683145e-02
 16 (restart 0) KSP residual norm 6.522428e-02
 17 (restart 0) KSP residual norm 5.787996e-02
 18 (restart 0) KSP residual norm 5.105630e-02
 19 (restart 0) KSP residual norm 4.370279e-02
 20 (restart 0) KSP residual norm 4.282838e-02
 21 (restart 0) KSP residual norm 3.843397e-02
 22 (restart 0) KSP residual norm 3.501287e-02
 23 (restart 0) KSP residual norm 3.265743e-02
 24 (restart 0) KSP residual norm 3.040451e-02
 25 (restart 0) KSP residual norm 2.909963e-02
 26 (restart 0) KSP residual norm 2.763454e-02
 27 (restart 0) KSP residual norm 2.710236e-02
 28 (restart 0) KSP residual norm 2.683132e-02
 29 (restart 0) KSP residual norm 2.471185e-02
 30 (restart 0) KSP residual norm 2.144369e-02
 31 (restart 0) KSP residual norm 1.856920e-02
 32 (restart 0) KSP residual norm 1.443825e-02
 33 (restart 0) KSP residual norm 8.383743e-03
 34 (restart 0) KSP residual norm 4.648403e-03
 35 (restart 0) KSP residual norm 3.375532e-03
 36 (restart 0) KSP residual norm 2.374601e-03
 37 (restart 0) KSP residual norm 1.793577e-03
GMRES solver converged in 37 iterations (avg. reduction factor: 7.783e-01)
0 NLEPS (nconv=5, restart=0) residual norm 1.617930e-01
  Residual norms for GMRES solve
  0 (restart 0) KSP residual norm 3.887945e+00
  1 (restart 0) KSP residual norm 2.925305e+00
  2 (restart 0) KSP residual norm 2.701214e+00
  3 (restart 0) KSP residual norm 2.417250e+00
  4 (restart 0) KSP residual norm 1.850985e+00
  5 (restart 0) KSP residual norm 1.716483e+00
  6 (restart 0) KSP residual norm 1.505220e+00
  7 (restart 0) KSP residual norm 1.161578e+00
  8 (restart 0) KSP residual norm 1.098360e+00
  9 (restart 0) KSP residual norm 1.041828e+00
 10 (restart 0) KSP residual norm 6.812898e-01
 11 (restart 0) KSP residual norm 4.105504e-01
 12 (restart 0) KSP residual norm 3.366900e-01
 13 (restart 0) KSP residual norm 2.576534e-01
 14 (restart 0) KSP residual norm 1.539704e-01
 15 (restart 0) KSP residual norm 1.146858e-01
 16 (restart 0) KSP residual norm 7.940980e-02
 17 (restart 0) KSP residual norm 4.814229e-02
 18 (restart 0) KSP residual norm 1.733041e-02
 19 (restart 0) KSP residual norm 7.449437e-03
 20 (restart 0) KSP residual norm 4.472406e-03
 21 (restart 0) KSP residual norm 4.116391e-03
 22 (restart 0) KSP residual norm 4.007294e-03
 23 (restart 0) KSP residual norm 3.947491e-03
 24 (restart 0) KSP residual norm 3.945141e-03
 25 (restart 0) KSP residual norm 3.943871e-03
 26 (restart 0) KSP residual norm 3.941176e-03
 27 (restart 0) KSP residual norm 3.913233e-03
 28 (restart 0) KSP residual norm 3.903144e-03
 29 (restart 0) KSP residual norm 3.901311e-03
 30 (restart 0) KSP residual norm 3.897049e-03
 31 (restart 0) KSP residual norm 3.893694e-03
 32 (restart 0) KSP residual norm 3.860301e-03
 33 (restart 0) KSP residual norm 3.819952e-03
 34 (restart 0) KSP residual norm 3.732692e-03
 35 (restart 0) KSP residual norm 3.679317e-03
 36 (restart 0) KSP residual norm 3.536136e-03
 37 (restart 0) KSP residual norm 3.388004e-03
 38 (restart 0) KSP residual norm 3.033117e-03
 39 (restart 0) KSP residual norm 2.710838e-03
 40 (restart 0) KSP residual norm 2.072634e-03
 41 (restart 0) KSP residual norm 1.735587e-03
 42 (restart 0) KSP residual norm 1.366335e-03
 43 (restart 0) KSP residual norm 1.082407e-03
 44 (restart 0) KSP residual norm 8.608220e-04
 45 (restart 0) KSP residual norm 6.718816e-04
 46 (restart 0) KSP residual norm 5.809107e-04
 47 (restart 0) KSP residual norm 4.951174e-04
 48 (restart 0) KSP residual norm 4.186072e-04
 49 (restart 0) KSP residual norm 3.346388e-04
GMRES solver converged in 49 iterations (avg. reduction factor: 8.261e-01)
1 NLEPS (nconv=5, restart=0) residual norm 2.941588e-03
  Residual norms for GMRES solve
  0 (restart 0) KSP residual norm 5.773188e-07
  1 (restart 0) KSP residual norm 3.840766e-07
  2 (restart 0) KSP residual norm 3.670903e-07
  3 (restart 0) KSP residual norm 3.069613e-07
  4 (restart 0) KSP residual norm 2.525179e-07
  5 (restart 0) KSP residual norm 2.343758e-07
  6 (restart 0) KSP residual norm 1.995947e-07
  7 (restart 0) KSP residual norm 1.780460e-07
  8 (restart 0) KSP residual norm 1.601539e-07
  9 (restart 0) KSP residual norm 1.356725e-07
 10 (restart 0) KSP residual norm 9.102431e-08
 11 (restart 0) KSP residual norm 7.489611e-08
 12 (restart 0) KSP residual norm 6.627595e-08
 13 (restart 0) KSP residual norm 5.770499e-08
 14 (restart 0) KSP residual norm 4.895372e-08
 15 (restart 0) KSP residual norm 4.422666e-08
 16 (restart 0) KSP residual norm 3.641198e-08
 17 (restart 0) KSP residual norm 3.027428e-08
 18 (restart 0) KSP residual norm 2.216657e-08
 19 (restart 0) KSP residual norm 1.750982e-08
 20 (restart 0) KSP residual norm 1.578737e-08
 21 (restart 0) KSP residual norm 1.361986e-08
 22 (restart 0) KSP residual norm 1.170461e-08
 23 (restart 0) KSP residual norm 9.615776e-09
 24 (restart 0) KSP residual norm 7.878325e-09
 25 (restart 0) KSP residual norm 5.898358e-09
 26 (restart 0) KSP residual norm 4.504414e-09
 27 (restart 0) KSP residual norm 3.139534e-09
 28 (restart 0) KSP residual norm 2.487862e-09
 29 (restart 0) KSP residual norm 1.789590e-09
 30 (restart 0) KSP residual norm 1.318718e-09
 31 (restart 0) KSP residual norm 9.961870e-10
 32 (restart 0) KSP residual norm 8.021814e-10
 33 (restart 0) KSP residual norm 6.877350e-10
 34 (restart 0) KSP residual norm 6.064554e-10
 35 (restart 0) KSP residual norm 5.434632e-10
 36 (restart 0) KSP residual norm 4.818796e-10
 37 (restart 0) KSP residual norm 4.510181e-10
 38 (restart 0) KSP residual norm 4.410876e-10
 39 (restart 0) KSP residual norm 4.400948e-10
 40 (restart 0) KSP residual norm 4.334537e-10
 41 (restart 0) KSP residual norm 4.262122e-10
 42 (restart 0) KSP residual norm 4.173440e-10
 43 (restart 0) KSP residual norm 4.133545e-10
 44 (restart 0) KSP residual norm 3.957133e-10
 45 (restart 0) KSP residual norm 3.872097e-10
 46 (restart 0) KSP residual norm 3.830838e-10
 47 (restart 0) KSP residual norm 3.825934e-10
 48 (restart 0) KSP residual norm 3.811336e-10
 49 (restart 0) KSP residual norm 3.758602e-10
 50 (restart 0) KSP residual norm 3.745806e-10
 51 (restart 0) KSP residual norm 3.733248e-10
 52 (restart 0) KSP residual norm 3.716280e-10
 53 (restart 0) KSP residual norm 3.682407e-10
 54 (restart 0) KSP residual norm 3.597817e-10
 55 (restart 0) KSP residual norm 3.516590e-10
 56 (restart 0) KSP residual norm 3.458731e-10
 57 (restart 0) KSP residual norm 3.399397e-10
 58 (restart 0) KSP residual norm 3.335281e-10
 59 (restart 0) KSP residual norm 3.217278e-10
 60 (restart 0) KSP residual norm 3.000031e-10
 61 (restart 0) KSP residual norm 2.566280e-10
 62 (restart 0) KSP residual norm 2.059759e-10
 63 (restart 0) KSP residual norm 1.610042e-10
 64 (restart 0) KSP residual norm 1.267621e-10
 65 (restart 0) KSP residual norm 9.768756e-11
 66 (restart 0) KSP residual norm 7.651662e-11
 67 (restart 0) KSP residual norm 5.817837e-11
 68 (restart 0) KSP residual norm 4.383643e-11
GMRES solver converged in 68 iterations (avg. reduction factor: 8.698e-01)
2 NLEPS (nconv=5, restart=0) residual norm 2.286457e-06
  Residual norms for GMRES solve
  0 (restart 0) KSP residual norm 7.759384e-09
  1 (restart 0) KSP residual norm 6.912305e-09
  2 (restart 0) KSP residual norm 6.505244e-09
  3 (restart 0) KSP residual norm 6.265098e-09
  4 (restart 0) KSP residual norm 5.989744e-09
  5 (restart 0) KSP residual norm 4.674046e-09
  6 (restart 0) KSP residual norm 4.497834e-09
  7 (restart 0) KSP residual norm 3.002286e-09
  8 (restart 0) KSP residual norm 2.507639e-09
  9 (restart 0) KSP residual norm 2.387705e-09
 10 (restart 0) KSP residual norm 2.203788e-09
 11 (restart 0) KSP residual norm 1.475757e-09
 12 (restart 0) KSP residual norm 1.294135e-09
 13 (restart 0) KSP residual norm 1.126310e-09
 14 (restart 0) KSP residual norm 7.822321e-10
 15 (restart 0) KSP residual norm 4.368529e-10
 16 (restart 0) KSP residual norm 3.588927e-10
 17 (restart 0) KSP residual norm 3.440565e-10
 18 (restart 0) KSP residual norm 2.639007e-10
 19 (restart 0) KSP residual norm 2.466311e-10
 20 (restart 0) KSP residual norm 2.431317e-10
 21 (restart 0) KSP residual norm 2.423533e-10
 22 (restart 0) KSP residual norm 2.416484e-10
 23 (restart 0) KSP residual norm 2.414420e-10
 24 (restart 0) KSP residual norm 2.383305e-10
 25 (restart 0) KSP residual norm 2.368100e-10
 26 (restart 0) KSP residual norm 2.346017e-10
 27 (restart 0) KSP residual norm 2.333038e-10
 28 (restart 0) KSP residual norm 2.312570e-10
 29 (restart 0) KSP residual norm 2.308090e-10
 30 (restart 0) KSP residual norm 2.301416e-10
 31 (restart 0) KSP residual norm 2.299837e-10
 32 (restart 0) KSP residual norm 2.298197e-10
 33 (restart 0) KSP residual norm 2.294684e-10
 34 (restart 0) KSP residual norm 2.277674e-10
 35 (restart 0) KSP residual norm 2.227832e-10
 36 (restart 0) KSP residual norm 2.173686e-10
 37 (restart 0) KSP residual norm 2.114398e-10
 38 (restart 0) KSP residual norm 1.966655e-10
 39 (restart 0) KSP residual norm 1.797878e-10
 40 (restart 0) KSP residual norm 1.577055e-10
 41 (restart 0) KSP residual norm 1.297894e-10
 42 (restart 0) KSP residual norm 1.036906e-10
 43 (restart 0) KSP residual norm 8.488821e-11
 44 (restart 0) KSP residual norm 6.620027e-11
 45 (restart 0) KSP residual norm 5.257604e-11
 46 (restart 0) KSP residual norm 4.303079e-11
 47 (restart 0) KSP residual norm 3.616753e-11
 48 (restart 0) KSP residual norm 3.090260e-11
 49 (restart 0) KSP residual norm 2.533686e-11
 50 (restart 0) KSP residual norm 2.100541e-11
 51 (restart 0) KSP residual norm 1.714610e-11
 52 (restart 0) KSP residual norm 1.396303e-11
 53 (restart 0) KSP residual norm 1.109890e-11
 54 (restart 0) KSP residual norm 8.880951e-12
 55 (restart 0) KSP residual norm 6.990846e-12
 56 (restart 0) KSP residual norm 5.621190e-12
 57 (restart 0) KSP residual norm 4.489765e-12
 58 (restart 0) KSP residual norm 3.564716e-12
 59 (restart 0) KSP residual norm 2.784078e-12
 60 (restart 0) KSP residual norm 2.109689e-12
 61 (restart 0) KSP residual norm 1.571162e-12
 62 (restart 0) KSP residual norm 1.183278e-12
 63 (restart 0) KSP residual norm 8.742237e-13
GMRES solver converged in 63 iterations (avg. reduction factor: 8.656e-01)
3 NLEPS (nconv=5, restart=0) residual norm 8.878194e-09
Eigenvalue 5, Quasi-Newton converged in 3 iterations (-2.655e-04+1.118e+01i).

Computing solution error estimates and performing postprocessing

     m,        Re{f} (GHz),        Im{f} (GHz),                  Q,      Error (Bkwd.),       Error (Abs.)
     1,      +2.442074e+00,      +1.824754e-03,      +6.691519e+02,      +1.067126e-14,      +7.572017e-09
     2,      +2.599091e+00,      +8.870916e-05,      +1.464951e+04,      +1.098491e-14,      +7.794614e-09
     3,      +2.601922e+00,      +6.403218e-04,      +2.031730e+03,      +9.177342e-15,      +6.512009e-09
     4,      +2.625587e+00,      +1.212886e-02,      +1.082384e+02,      +8.534368e-15,      +6.055776e-09
     5,      +2.701774e+00,      +6.410509e-05,      +2.107300e+04,      +1.074494e-14,      +7.624357e-09
     6,      +2.701893e+00,      +6.417890e-05,      +2.104970e+04,      +1.251109e-14,      +8.877580e-09

Completed 0 iterations of adaptive mesh refinement (AMR):
 Indicator norm = 4.788e-02, global unknowns = 504174
 Max. iterations = 0, tol. = 1.000e-02

Estimated peak per-rank memory usage is: Min. 290.0M, Max. 334.9M, Avg. 308.1M, Total 9.6G
Estimated peak per-node memory usage is: Min. 9.6G, Max. 9.6G, Avg. 9.6G, Total 9.6G

Elapsed Time Report (s)           Min.        Max.        Avg.
==============================================================
Initialization                   0.221       0.571       0.559
  Mesh Preprocessing             0.368       0.717       0.379
Operator Construction            1.423       1.474       1.466
Linear Solve                    48.835      50.296      49.260
  Setup                          8.474       8.475       8.474
  Preconditioner               520.075     521.920     521.353
  Coarse Solve                  33.653      34.216      33.814
Eigenvalue Solve                 3.374       3.443       3.428
Div.-Free Projection            10.940      10.958      10.949
Estimation                       0.055       0.062       0.060
  Construction                   0.385       0.385       0.385
  Solve                          7.568       7.573       7.572
Postprocessing                   0.825       0.829       0.826
Disk IO                          0.828       0.828       0.828
--------------------------------------------------------------
Total                          640.491     640.506     640.498

Peak Memory                   Per-Node       Total   Total HWM
==============================================================
Initialization                   49.5M       49.5M       49.5M
  Mesh Preprocessing            127.9M      127.9M      177.4M
Operator Construction             1.6G        1.6G        1.8G
Linear Solve                      0.0K        0.0K        1.8G
  Setup                         906.3M      906.3M        2.7G
  Preconditioner                  2.5M        2.5M        2.7G
  Coarse Solve                    4.8G        4.8G        7.4G
Eigenvalue Solve                343.3M      343.3M        7.8G
Div.-Free Projection            262.5M      262.5M        8.0G
Estimation                      166.0M      166.0M        8.2G
  Construction                  405.4M      405.4M        8.6G
  Solve                         111.0M      111.0M        8.7G
Postprocessing                    8.0M        8.0M        8.7G
Disk IO                          79.6M       79.6M        8.8G
--------------------------------------------------------------
Total                             9.2G        9.2G        9.2G

