>> /opt/amip/envs/emsim/bin/mpirun -n 32 /opt/amip/palace/bin/palace-x86_64.bin h3_ladder_design.json

_____________     _______
_____   __   \____ __   /____ ____________
____   /_/  /  __ ` /  /  __ ` /  ___/  _ \
___   _____/  /_/  /  /  /_/  /  /__/  ___/
  /__/     \___,__/__/\___,__/\_____\_____/


[38;2;255;255;000m--> Warning![0m
Output folder is not empty; program will overwrite content! (postpro/h3_ladder_design)
Git changeset ID: v0.17.0-293-g3c83b9db0
Running with 32 MPI processes, 1 OpenMP thread
Device configuration: omp,cpu
Memory configuration: host-std
libCEED backend: /cpu/self/xsmm/blocked

Added 8334 boundary elements for material interfaces to the mesh

Characteristic length and time scales:
 Lc = 1.760e-01 m, tc = 5.871e-01 ns
Finished partitioning mesh into 32 subdomains

Mesh curvature order: 2
Mesh bounding box:
 (Xmin, Ymin, Zmin) = (-8.800e-02, -8.800e-02, -6.771e-02) m
 (Xmax, Ymax, Zmax) = (+8.800e-02, +8.800e-02, +6.771e-02) m

Parallel Mesh Stats:

                minimum     average     maximum       total
 vertices           153         261         389        8355
 edges             1340        1692        2066       54171
 faces             2549        2796        3031       89502
 elements          1329        1365        1406       43685
 neighbors            5          10          19

            minimum     maximum
 h      0.000719029    0.196523
 kappa      1.02061     28.9906

Estimated current per-rank memory usage is: Min. 32.7M, Max. 67.1M, Avg. 34.3M, Total 1.1G
Estimated current per-node memory usage is: Min. 1.1G, Max. 1.1G, Avg. 1.1G, Total 1.1G

Configuring Robin finite conductivity BC at attributes:
 90: σ = 3.500e+07 S/m, n = (+0.1,+0.2,+1.0)

Assembling system matrices, number of global unknowns:
 H1 (p = 2): 62526, ND (p = 2): 287346, RT (p = 2): 399561
 Operator assembly level: Partial
 Mesh geometries:
  Tetrahedron: P = 20, Q = 14 (quadrature order = 4)

Configuring SLEPc eigenvalue solver:
 Scaling γ = 1.245e+01, δ = 9.112e-07
 Configuring divergence-free projection
 Using random starting vector
 Shift-and-invert σ = 1.050e+00 GHz (3.873e+00)

Assembling multigrid hierarchy:
 Level 0 (p = 1): 54171 unknowns
 Level 1 (p = 2): 287346 unknowns
 Level 0 (auxiliary) (p = 1): 8355 unknowns
 Level 1 (auxiliary) (p = 2): 62526 unknowns

#PETSc Option Table entries:
-eps_monitor # (source: code)
#End of PETSc Option Table entries

  Residual norms for GMRES solve
  0 (restart 0) KSP residual norm 9.071944e-01
  1 (restart 0) KSP residual norm 1.339257e-01
  2 (restart 0) KSP residual norm 3.796752e-02
  3 (restart 0) KSP residual norm 1.241124e-02
  4 (restart 0) KSP residual norm 4.496853e-03
  5 (restart 0) KSP residual norm 2.020286e-03
  6 (restart 0) KSP residual norm 1.202372e-03
  7 (restart 0) KSP residual norm 8.396844e-04
  8 (restart 0) KSP residual norm 5.320958e-04
  9 (restart 0) KSP residual norm 3.576158e-04
 10 (restart 0) KSP residual norm 2.378554e-04
 11 (restart 0) KSP residual norm 1.739122e-04
 12 (restart 0) KSP residual norm 1.256607e-04
 13 (restart 0) KSP residual norm 9.441300e-05
 14 (restart 0) KSP residual norm 6.278851e-05
 15 (restart 0) KSP residual norm 4.604821e-05
 16 (restart 0) KSP residual norm 3.329412e-05
 17 (restart 0) KSP residual norm 2.686383e-05
 18 (restart 0) KSP residual norm 1.998867e-05
 19 (restart 0) KSP residual norm 1.542974e-05
 20 (restart 0) KSP residual norm 1.221561e-05
 21 (restart 0) KSP residual norm 9.789651e-06
 22 (restart 0) KSP residual norm 7.889957e-06
 23 (restart 0) KSP residual norm 6.109833e-06
 24 (restart 0) KSP residual norm 4.705264e-06
 25 (restart 0) KSP residual norm 3.589544e-06
 26 (restart 0) KSP residual norm 2.776556e-06
 27 (restart 0) KSP residual norm 2.199854e-06
 28 (restart 0) KSP residual norm 1.685261e-06
 29 (restart 0) KSP residual norm 1.281006e-06
 30 (restart 0) KSP residual norm 9.555680e-07
 31 (restart 0) KSP residual norm 7.208776e-07
 32 (restart 0) KSP residual norm 5.324008e-07
 33 (restart 0) KSP residual norm 4.073534e-07
 34 (restart 0) KSP residual norm 3.154196e-07
 35 (restart 0) KSP residual norm 2.442086e-07
 36 (restart 0) KSP residual norm 1.900063e-07
 37 (restart 0) KSP residual norm 1.505597e-07
 38 (restart 0) KSP residual norm 1.194799e-07
 39 (restart 0) KSP residual norm 9.311691e-08
 40 (restart 0) KSP residual norm 7.143443e-08
 41 (restart 0) KSP residual norm 5.450747e-08
 42 (restart 0) KSP residual norm 4.108443e-08
 43 (restart 0) KSP residual norm 3.144939e-08
 44 (restart 0) KSP residual norm 2.435449e-08
 45 (restart 0) KSP residual norm 1.867318e-08
 46 (restart 0) KSP residual norm 1.420344e-08
 47 (restart 0) KSP residual norm 1.097628e-08
 48 (restart 0) KSP residual norm 8.462660e-09
GMRES solver converged in 48 iterations (avg. reduction factor: 6.803e-01)
  Residual norms for GMRES solve
  0 (restart 0) KSP residual norm 3.464632e-01
  1 (restart 0) KSP residual norm 6.675819e-02
  2 (restart 0) KSP residual norm 1.309381e-02
  3 (restart 0) KSP residual norm 5.483977e-03
  4 (restart 0) KSP residual norm 2.473767e-03
  5 (restart 0) KSP residual norm 1.459714e-03
  6 (restart 0) KSP residual norm 9.904641e-04
  7 (restart 0) KSP residual norm 6.337767e-04
  8 (restart 0) KSP residual norm 4.363538e-04
  9 (restart 0) KSP residual norm 2.998308e-04
 10 (restart 0) KSP residual norm 2.125486e-04
 11 (restart 0) KSP residual norm 1.618613e-04
 12 (restart 0) KSP residual norm 1.102870e-04
 13 (restart 0) KSP residual norm 8.109219e-05
 14 (restart 0) KSP residual norm 6.196371e-05
 15 (restart 0) KSP residual norm 4.884226e-05
 16 (restart 0) KSP residual norm 3.970287e-05
 17 (restart 0) KSP residual norm 2.994128e-05
 18 (restart 0) KSP residual norm 2.387074e-05
 19 (restart 0) KSP residual norm 1.914771e-05
 20 (restart 0) KSP residual norm 1.571936e-05
 21 (restart 0) KSP residual norm 1.266269e-05
 22 (restart 0) KSP residual norm 1.000969e-05
 23 (restart 0) KSP residual norm 7.811621e-06
 24 (restart 0) KSP residual norm 5.945738e-06
 25 (restart 0) KSP residual norm 4.456646e-06
 26 (restart 0) KSP residual norm 3.387944e-06
 27 (restart 0) KSP residual norm 2.549029e-06
 28 (restart 0) KSP residual norm 1.944516e-06
 29 (restart 0) KSP residual norm 1.445004e-06
 30 (restart 0) KSP residual norm 1.076237e-06
 31 (restart 0) KSP residual norm 8.036485e-07
 32 (restart 0) KSP residual norm 6.133854e-07
 33 (restart 0) KSP residual norm 4.767873e-07
 34 (restart 0) KSP residual norm 3.701009e-07
 35 (restart 0) KSP residual norm 2.878693e-07
 36 (restart 0) KSP residual norm 2.228893e-07
 37 (restart 0) KSP residual norm 1.725190e-07
 38 (restart 0) KSP residual norm 1.334436e-07
 39 (restart 0) KSP residual norm 1.028472e-07
 40 (restart 0) KSP residual norm 7.729773e-08
 41 (restart 0) KSP residual norm 5.730105e-08
 42 (restart 0) KSP residual norm 4.293600e-08
 43 (restart 0) KSP residual norm 3.209450e-08
 44 (restart 0) KSP residual norm 2.420672e-08
 45 (restart 0) KSP residual norm 1.814261e-08
 46 (restart 0) KSP residual norm 1.408347e-08
 47 (restart 0) KSP residual norm 1.091530e-08
 48 (restart 0) KSP residual norm 8.462324e-09
 49 (restart 0) KSP residual norm 6.481171e-09
 50 (restart 0) KSP residual norm 4.950669e-09
 51 (restart 0) KSP residual norm 3.747517e-09
 52 (restart 0) KSP residual norm 2.811758e-09
GMRES solver converged in 52 iterations (avg. reduction factor: 6.989e-01)
  Residual norms for GMRES solve
  0 (restart 0) KSP residual norm 2.626274e+00
  1 (restart 0) KSP residual norm 9.312524e-02
  2 (restart 0) KSP residual norm 2.653887e-02
  3 (restart 0) KSP residual norm 7.883589e-03
  4 (restart 0) KSP residual norm 3.635037e-03
  5 (restart 0) KSP residual norm 1.881511e-03
  6 (restart 0) KSP residual norm 1.307081e-03
  7 (restart 0) KSP residual norm 7.754670e-04
  8 (restart 0) KSP residual norm 5.089792e-04
  9 (restart 0) KSP residual norm 3.576287e-04
 10 (restart 0) KSP residual norm 2.424136e-04
 11 (restart 0) KSP residual norm 1.920540e-04
 12 (restart 0) KSP residual norm 1.273342e-04
 13 (restart 0) KSP residual norm 8.882368e-05
 14 (restart 0) KSP residual norm 6.634580e-05
 15 (restart 0) KSP residual norm 5.214417e-05
 16 (restart 0) KSP residual norm 4.189164e-05
 17 (restart 0) KSP residual norm 3.101568e-05
 18 (restart 0) KSP residual norm 2.385029e-05
 19 (restart 0) KSP residual norm 1.876857e-05
 20 (restart 0) KSP residual norm 1.550254e-05
 21 (restart 0) KSP residual norm 1.254079e-05
 22 (restart 0) KSP residual norm 9.943080e-06
 23 (restart 0) KSP residual norm 7.807788e-06
 24 (restart 0) KSP residual norm 6.060806e-06
 25 (restart 0) KSP residual norm 4.604412e-06
 26 (restart 0) KSP residual norm 3.485937e-06
 27 (restart 0) KSP residual norm 2.668057e-06
 28 (restart 0) KSP residual norm 2.038981e-06
 29 (restart 0) KSP residual norm 1.510255e-06
 30 (restart 0) KSP residual norm 1.123773e-06
 31 (restart 0) KSP residual norm 8.424471e-07
 32 (restart 0) KSP residual norm 6.383251e-07
 33 (restart 0) KSP residual norm 5.000901e-07
 34 (restart 0) KSP residual norm 3.918158e-07
 35 (restart 0) KSP residual norm 3.084090e-07
 36 (restart 0) KSP residual norm 2.426714e-07
 37 (restart 0) KSP residual norm 1.902844e-07
 38 (restart 0) KSP residual norm 1.486514e-07
 39 (restart 0) KSP residual norm 1.164104e-07
 40 (restart 0) KSP residual norm 8.834313e-08
 41 (restart 0) KSP residual norm 6.510483e-08
 42 (restart 0) KSP residual norm 4.909814e-08
 43 (restart 0) KSP residual norm 3.694589e-08
 44 (restart 0) KSP residual norm 2.772036e-08
 45 (restart 0) KSP residual norm 2.068557e-08
GMRES solver converged in 45 iterations (avg. reduction factor: 6.606e-01)
  Residual norms for GMRES solve
  0 (restart 0) KSP residual norm 4.542944e+00
  1 (restart 0) KSP residual norm 1.098413e-01
  2 (restart 0) KSP residual norm 3.290503e-02
  3 (restart 0) KSP residual norm 8.420082e-03
  4 (restart 0) KSP residual norm 2.852626e-03
  5 (restart 0) KSP residual norm 1.253372e-03
  6 (restart 0) KSP residual norm 7.744133e-04
  7 (restart 0) KSP residual norm 4.984884e-04
  8 (restart 0) KSP residual norm 3.244420e-04
  9 (restart 0) KSP residual norm 2.225330e-04
 10 (restart 0) KSP residual norm 1.488355e-04
 11 (restart 0) KSP residual norm 1.111487e-04
 12 (restart 0) KSP residual norm 7.683374e-05
 13 (restart 0) KSP residual norm 5.202766e-05
 14 (restart 0) KSP residual norm 3.840351e-05
 15 (restart 0) KSP residual norm 3.019837e-05
 16 (restart 0) KSP residual norm 2.411354e-05
 17 (restart 0) KSP residual norm 1.726238e-05
 18 (restart 0) KSP residual norm 1.323007e-05
 19 (restart 0) KSP residual norm 1.014408e-05
 20 (restart 0) KSP residual norm 8.341634e-06
 21 (restart 0) KSP residual norm 6.874755e-06
 22 (restart 0) KSP residual norm 5.459058e-06
 23 (restart 0) KSP residual norm 4.232143e-06
 24 (restart 0) KSP residual norm 3.252871e-06
 25 (restart 0) KSP residual norm 2.470789e-06
 26 (restart 0) KSP residual norm 1.891702e-06
 27 (restart 0) KSP residual norm 1.434625e-06
 28 (restart 0) KSP residual norm 1.098098e-06
 29 (restart 0) KSP residual norm 8.202810e-07
 30 (restart 0) KSP residual norm 6.092973e-07
 31 (restart 0) KSP residual norm 4.549445e-07
 32 (restart 0) KSP residual norm 3.483553e-07
 33 (restart 0) KSP residual norm 2.697639e-07
 34 (restart 0) KSP residual norm 2.114306e-07
 35 (restart 0) KSP residual norm 1.666378e-07
 36 (restart 0) KSP residual norm 1.319995e-07
 37 (restart 0) KSP residual norm 1.048358e-07
 38 (restart 0) KSP residual norm 8.210484e-08
 39 (restart 0) KSP residual norm 6.442181e-08
 40 (restart 0) KSP residual norm 4.995494e-08
 41 (restart 0) KSP residual norm 3.692631e-08
GMRES solver converged in 41 iterations (avg. reduction factor: 6.349e-01)
  Residual norms for GMRES solve
  0 (restart 0) KSP residual norm 1.928686e+00
  1 (restart 0) KSP residual norm 1.159042e-01
  2 (restart 0) KSP residual norm 2.288017e-02
  3 (restart 0) KSP residual norm 5.812512e-03
  4 (restart 0) KSP residual norm 1.746779e-03
  5 (restart 0) KSP residual norm 8.790391e-04
  6 (restart 0) KSP residual norm 6.066248e-04
  7 (restart 0) KSP residual norm 3.579247e-04
  8 (restart 0) KSP residual norm 2.709468e-04
  9 (restart 0) KSP residual norm 1.876138e-04
 10 (restart 0) KSP residual norm 1.259946e-04
 11 (restart 0) KSP residual norm 8.880850e-05
 12 (restart 0) KSP residual norm 6.784335e-05
 13 (restart 0) KSP residual norm 5.115033e-05
 14 (restart 0) KSP residual norm 4.008641e-05
 15 (restart 0) KSP residual norm 3.163309e-05
 16 (restart 0) KSP residual norm 2.544099e-05
 17 (restart 0) KSP residual norm 2.065793e-05
 18 (restart 0) KSP residual norm 1.640386e-05
 19 (restart 0) KSP residual norm 1.303756e-05
 20 (restart 0) KSP residual norm 1.025259e-05
 21 (restart 0) KSP residual norm 7.803584e-06
 22 (restart 0) KSP residual norm 5.960637e-06
 23 (restart 0) KSP residual norm 4.517275e-06
 24 (restart 0) KSP residual norm 3.453670e-06
 25 (restart 0) KSP residual norm 2.627872e-06
 26 (restart 0) KSP residual norm 2.050244e-06
 27 (restart 0) KSP residual norm 1.543660e-06
 28 (restart 0) KSP residual norm 1.210523e-06
 29 (restart 0) KSP residual norm 9.192513e-07
 30 (restart 0) KSP residual norm 6.873554e-07
 31 (restart 0) KSP residual norm 5.288047e-07
 32 (restart 0) KSP residual norm 4.037813e-07
 33 (restart 0) KSP residual norm 3.053665e-07
 34 (restart 0) KSP residual norm 2.318610e-07
 35 (restart 0) KSP residual norm 1.765131e-07
 36 (restart 0) KSP residual norm 1.344283e-07
 37 (restart 0) KSP residual norm 1.007760e-07
 38 (restart 0) KSP residual norm 7.601342e-08
 39 (restart 0) KSP residual norm 5.626244e-08
 40 (restart 0) KSP residual norm 4.133599e-08
 41 (restart 0) KSP residual norm 3.053390e-08
 42 (restart 0) KSP residual norm 2.248508e-08
 43 (restart 0) KSP residual norm 1.661871e-08
GMRES solver converged in 43 iterations (avg. reduction factor: 6.493e-01)
  Residual norms for GMRES solve
  0 (restart 0) KSP residual norm 2.212405e+00
  1 (restart 0) KSP residual norm 6.581954e-02
  2 (restart 0) KSP residual norm 1.538093e-02
  3 (restart 0) KSP residual norm 4.772819e-03
  4 (restart 0) KSP residual norm 2.185279e-03
  5 (restart 0) KSP residual norm 1.338373e-03
  6 (restart 0) KSP residual norm 8.986435e-04
  7 (restart 0) KSP residual norm 6.118829e-04
  8 (restart 0) KSP residual norm 4.745804e-04
  9 (restart 0) KSP residual norm 2.905438e-04
 10 (restart 0) KSP residual norm 2.049411e-04
 11 (restart 0) KSP residual norm 1.483907e-04
 12 (restart 0) KSP residual norm 1.124359e-04
 13 (restart 0) KSP residual norm 8.633548e-05
 14 (restart 0) KSP residual norm 6.810329e-05
 15 (restart 0) KSP residual norm 5.255359e-05
 16 (restart 0) KSP residual norm 4.316274e-05
 17 (restart 0) KSP residual norm 3.465936e-05
 18 (restart 0) KSP residual norm 2.752138e-05
 19 (restart 0) KSP residual norm 2.213963e-05
 20 (restart 0) KSP residual norm 1.708007e-05
 21 (restart 0) KSP residual norm 1.293213e-05
 22 (restart 0) KSP residual norm 9.998889e-06
 23 (restart 0) KSP residual norm 7.354265e-06
 24 (restart 0) KSP residual norm 5.779527e-06
 25 (restart 0) KSP residual norm 4.478531e-06
 26 (restart 0) KSP residual norm 3.407612e-06
 27 (restart 0) KSP residual norm 2.600237e-06
 28 (restart 0) KSP residual norm 2.037326e-06
 29 (restart 0) KSP residual norm 1.540608e-06
 30 (restart 0) KSP residual norm 1.171148e-06
 31 (restart 0) KSP residual norm 8.944240e-07
 32 (restart 0) KSP residual norm 6.823166e-07
 33 (restart 0) KSP residual norm 5.131251e-07
 34 (restart 0) KSP residual norm 3.905482e-07
 35 (restart 0) KSP residual norm 2.989500e-07
 36 (restart 0) KSP residual norm 2.277873e-07
 37 (restart 0) KSP residual norm 1.721708e-07
 38 (restart 0) KSP residual norm 1.291663e-07
 39 (restart 0) KSP residual norm 9.462664e-08
 40 (restart 0) KSP residual norm 7.022514e-08
 41 (restart 0) KSP residual norm 5.163814e-08
 42 (restart 0) KSP residual norm 3.778495e-08
 43 (restart 0) KSP residual norm 2.820691e-08
 44 (restart 0) KSP residual norm 2.160694e-08
GMRES solver converged in 44 iterations (avg. reduction factor: 6.576e-01)
  Residual norms for GMRES solve
  0 (restart 0) KSP residual norm 8.419606e-01
  1 (restart 0) KSP residual norm 6.366692e-02
  2 (restart 0) KSP residual norm 1.980247e-02
  3 (restart 0) KSP residual norm 1.012245e-02
  4 (restart 0) KSP residual norm 5.805034e-03
  5 (restart 0) KSP residual norm 3.678643e-03
  6 (restart 0) KSP residual norm 2.419726e-03
  7 (restart 0) KSP residual norm 1.715305e-03
  8 (restart 0) KSP residual norm 1.237357e-03
  9 (restart 0) KSP residual norm 7.913328e-04
 10 (restart 0) KSP residual norm 5.517050e-04
 11 (restart 0) KSP residual norm 4.046609e-04
 12 (restart 0) KSP residual norm 3.093255e-04
 13 (restart 0) KSP residual norm 2.430719e-04
 14 (restart 0) KSP residual norm 1.922131e-04
 15 (restart 0) KSP residual norm 1.525138e-04
 16 (restart 0) KSP residual norm 1.220702e-04
 17 (restart 0) KSP residual norm 9.705118e-05
 18 (restart 0) KSP residual norm 7.809099e-05
 19 (restart 0) KSP residual norm 6.258224e-05
 20 (restart 0) KSP residual norm 4.870595e-05
 21 (restart 0) KSP residual norm 3.582088e-05
 22 (restart 0) KSP residual norm 2.680828e-05
 23 (restart 0) KSP residual norm 1.988260e-05
 24 (restart 0) KSP residual norm 1.565984e-05
 25 (restart 0) KSP residual norm 1.235989e-05
 26 (restart 0) KSP residual norm 9.378950e-06
 27 (restart 0) KSP residual norm 7.164989e-06
 28 (restart 0) KSP residual norm 5.442330e-06
 29 (restart 0) KSP residual norm 4.210247e-06
 30 (restart 0) KSP residual norm 3.180861e-06
 31 (restart 0) KSP residual norm 2.423650e-06
 32 (restart 0) KSP residual norm 1.854170e-06
 33 (restart 0) KSP residual norm 1.372946e-06
 34 (restart 0) KSP residual norm 1.057009e-06
 35 (restart 0) KSP residual norm 8.136875e-07
 36 (restart 0) KSP residual norm 6.179765e-07
 37 (restart 0) KSP residual norm 4.676756e-07
 38 (restart 0) KSP residual norm 3.458085e-07
 39 (restart 0) KSP residual norm 2.531230e-07
 40 (restart 0) KSP residual norm 1.860406e-07
 41 (restart 0) KSP residual norm 1.364103e-07
 42 (restart 0) KSP residual norm 1.012535e-07
 43 (restart 0) KSP residual norm 7.722198e-08
 44 (restart 0) KSP residual norm 6.001946e-08
 45 (restart 0) KSP residual norm 4.709810e-08
 46 (restart 0) KSP residual norm 3.695280e-08
 47 (restart 0) KSP residual norm 2.826812e-08
 48 (restart 0) KSP residual norm 2.167954e-08
 49 (restart 0) KSP residual norm 1.669977e-08
 50 (restart 0) KSP residual norm 1.278988e-08
 51 (restart 0) KSP residual norm 9.555858e-09
 52 (restart 0) KSP residual norm 7.135664e-09
GMRES solver converged in 52 iterations (avg. reduction factor: 6.995e-01)
  Residual norms for GMRES solve
  0 (restart 0) KSP residual norm 1.732711e+00
  1 (restart 0) KSP residual norm 5.891454e-02
  2 (restart 0) KSP residual norm 1.444385e-02
  3 (restart 0) KSP residual norm 5.249602e-03
  4 (restart 0) KSP residual norm 2.771949e-03
  5 (restart 0) KSP residual norm 1.656545e-03
  6 (restart 0) KSP residual norm 1.108676e-03
  7 (restart 0) KSP residual norm 7.308203e-04
  8 (restart 0) KSP residual norm 5.350002e-04
  9 (restart 0) KSP residual norm 3.398922e-04
 10 (restart 0) KSP residual norm 2.315693e-04
 11 (restart 0) KSP residual norm 1.637122e-04
 12 (restart 0) KSP residual norm 1.194562e-04
 13 (restart 0) KSP residual norm 8.997424e-05
 14 (restart 0) KSP residual norm 6.897598e-05
 15 (restart 0) KSP residual norm 5.166218e-05
 16 (restart 0) KSP residual norm 3.919319e-05
 17 (restart 0) KSP residual norm 3.051782e-05
 18 (restart 0) KSP residual norm 2.355891e-05
 19 (restart 0) KSP residual norm 1.909034e-05
 20 (restart 0) KSP residual norm 1.492630e-05
 21 (restart 0) KSP residual norm 1.110741e-05
 22 (restart 0) KSP residual norm 8.543762e-06
 23 (restart 0) KSP residual norm 6.344799e-06
 24 (restart 0) KSP residual norm 4.984036e-06
 25 (restart 0) KSP residual norm 3.980271e-06
 26 (restart 0) KSP residual norm 3.020988e-06
 27 (restart 0) KSP residual norm 2.266829e-06
 28 (restart 0) KSP residual norm 1.729646e-06
 29 (restart 0) KSP residual norm 1.363139e-06
 30 (restart 0) KSP residual norm 1.067674e-06
 31 (restart 0) KSP residual norm 8.090793e-07
 32 (restart 0) KSP residual norm 6.305215e-07
 33 (restart 0) KSP residual norm 4.864068e-07
 34 (restart 0) KSP residual norm 3.738144e-07
 35 (restart 0) KSP residual norm 2.954554e-07
 36 (restart 0) KSP residual norm 2.360621e-07
 37 (restart 0) KSP residual norm 1.826852e-07
 38 (restart 0) KSP residual norm 1.360048e-07
 39 (restart 0) KSP residual norm 1.013849e-07
 40 (restart 0) KSP residual norm 7.654492e-08
 41 (restart 0) KSP residual norm 5.726072e-08
 42 (restart 0) KSP residual norm 4.179002e-08
 43 (restart 0) KSP residual norm 3.164626e-08
 44 (restart 0) KSP residual norm 2.420460e-08
 45 (restart 0) KSP residual norm 1.902934e-08
 46 (restart 0) KSP residual norm 1.507727e-08
GMRES solver converged in 46 iterations (avg. reduction factor: 6.680e-01)
  Residual norms for GMRES solve
  0 (restart 0) KSP residual norm 1.351896e+00
  1 (restart 0) KSP residual norm 9.118577e-02
  2 (restart 0) KSP residual norm 2.383217e-02
  3 (restart 0) KSP residual norm 8.758833e-03
  4 (restart 0) KSP residual norm 4.312572e-03
  5 (restart 0) KSP residual norm 2.324914e-03
  6 (restart 0) KSP residual norm 1.504527e-03
  7 (restart 0) KSP residual norm 1.017927e-03
  8 (restart 0) KSP residual norm 7.183107e-04
  9 (restart 0) KSP residual norm 5.264252e-04
 10 (restart 0) KSP residual norm 3.917825e-04
 11 (restart 0) KSP residual norm 2.959877e-04
 12 (restart 0) KSP residual norm 2.225664e-04
 13 (restart 0) KSP residual norm 1.718194e-04
 14 (restart 0) KSP residual norm 1.359793e-04
 15 (restart 0) KSP residual norm 1.113076e-04
 16 (restart 0) KSP residual norm 8.476659e-05
 17 (restart 0) KSP residual norm 6.872534e-05
 18 (restart 0) KSP residual norm 5.222894e-05
 19 (restart 0) KSP residual norm 4.103074e-05
 20 (restart 0) KSP residual norm 3.122372e-05
 21 (restart 0) KSP residual norm 2.358172e-05
 22 (restart 0) KSP residual norm 1.865295e-05
 23 (restart 0) KSP residual norm 1.432794e-05
 24 (restart 0) KSP residual norm 1.072292e-05
 25 (restart 0) KSP residual norm 8.279077e-06
 26 (restart 0) KSP residual norm 6.503313e-06
 27 (restart 0) KSP residual norm 5.207968e-06
 28 (restart 0) KSP residual norm 4.132789e-06
 29 (restart 0) KSP residual norm 3.226294e-06
 30 (restart 0) KSP residual norm 2.505619e-06
 31 (restart 0) KSP residual norm 1.928688e-06
 32 (restart 0) KSP residual norm 1.491312e-06
 33 (restart 0) KSP residual norm 1.125100e-06
 34 (restart 0) KSP residual norm 8.377438e-07
 35 (restart 0) KSP residual norm 6.253509e-07
 36 (restart 0) KSP residual norm 4.661383e-07
 37 (restart 0) KSP residual norm 3.527300e-07
 38 (restart 0) KSP residual norm 2.631803e-07
 39 (restart 0) KSP residual norm 1.992454e-07
 40 (restart 0) KSP residual norm 1.481084e-07
 41 (restart 0) KSP residual norm 1.107540e-07
 42 (restart 0) KSP residual norm 8.139367e-08
 43 (restart 0) KSP residual norm 6.092915e-08
 44 (restart 0) KSP residual norm 4.634355e-08
 45 (restart 0) KSP residual norm 3.524290e-08
 46 (restart 0) KSP residual norm 2.731085e-08
 47 (restart 0) KSP residual norm 2.113452e-08
 48 (restart 0) KSP residual norm 1.591028e-08
 49 (restart 0) KSP residual norm 1.190487e-08
GMRES solver converged in 49 iterations (avg. reduction factor: 6.849e-01)
  Residual norms for GMRES solve
  0 (restart 0) KSP residual norm 1.221533e+00
  1 (restart 0) KSP residual norm 6.801670e-02
  2 (restart 0) KSP residual norm 1.486662e-02
  3 (restart 0) KSP residual norm 6.978323e-03
  4 (restart 0) KSP residual norm 3.826102e-03
  5 (restart 0) KSP residual norm 2.064283e-03
  6 (restart 0) KSP residual norm 1.355521e-03
  7 (restart 0) KSP residual norm 9.671620e-04
  8 (restart 0) KSP residual norm 6.854933e-04
  9 (restart 0) KSP residual norm 5.083928e-04
 10 (restart 0) KSP residual norm 3.991322e-04
 11 (restart 0) KSP residual norm 3.082444e-04
 12 (restart 0) KSP residual norm 2.314751e-04
 13 (restart 0) KSP residual norm 1.813719e-04
 14 (restart 0) KSP residual norm 1.462567e-04
 15 (restart 0) KSP residual norm 1.183610e-04
 16 (restart 0) KSP residual norm 9.067240e-05
 17 (restart 0) KSP residual norm 7.267603e-05
 18 (restart 0) KSP residual norm 5.570784e-05
 19 (restart 0) KSP residual norm 4.357010e-05
 20 (restart 0) KSP residual norm 3.287528e-05
 21 (restart 0) KSP residual norm 2.540439e-05
 22 (restart 0) KSP residual norm 1.985477e-05
 23 (restart 0) KSP residual norm 1.515707e-05
 24 (restart 0) KSP residual norm 1.142023e-05
 25 (restart 0) KSP residual norm 8.721595e-06
 26 (restart 0) KSP residual norm 6.916294e-06
 27 (restart 0) KSP residual norm 5.516210e-06
 28 (restart 0) KSP residual norm 4.366173e-06
 29 (restart 0) KSP residual norm 3.393631e-06
 30 (restart 0) KSP residual norm 2.626239e-06
 31 (restart 0) KSP residual norm 1.982385e-06
 32 (restart 0) KSP residual norm 1.526508e-06
 33 (restart 0) KSP residual norm 1.146319e-06
 34 (restart 0) KSP residual norm 8.460759e-07
 35 (restart 0) KSP residual norm 6.394598e-07
 36 (restart 0) KSP residual norm 4.779749e-07
 37 (restart 0) KSP residual norm 3.596083e-07
 38 (restart 0) KSP residual norm 2.685467e-07
 39 (restart 0) KSP residual norm 2.027732e-07
 40 (restart 0) KSP residual norm 1.520240e-07
 41 (restart 0) KSP residual norm 1.138501e-07
 42 (restart 0) KSP residual norm 8.415003e-08
 43 (restart 0) KSP residual norm 6.399008e-08
 44 (restart 0) KSP residual norm 4.918895e-08
 45 (restart 0) KSP residual norm 3.775806e-08
 46 (restart 0) KSP residual norm 2.927483e-08
 47 (restart 0) KSP residual norm 2.253344e-08
 48 (restart 0) KSP residual norm 1.713632e-08
 49 (restart 0) KSP residual norm 1.279927e-08
 50 (restart 0) KSP residual norm 9.455732e-09
GMRES solver converged in 50 iterations (avg. reduction factor: 6.883e-01)
  Residual norms for GMRES solve
  0 (restart 0) KSP residual norm 1.442108e+00
  1 (restart 0) KSP residual norm 7.019416e-02
  2 (restart 0) KSP residual norm 1.613466e-02
  3 (restart 0) KSP residual norm 6.356869e-03
  4 (restart 0) KSP residual norm 3.183139e-03
  5 (restart 0) KSP residual norm 1.745277e-03
  6 (restart 0) KSP residual norm 1.088434e-03
  7 (restart 0) KSP residual norm 7.590867e-04
  8 (restart 0) KSP residual norm 5.249604e-04
  9 (restart 0) KSP residual norm 3.784232e-04
 10 (restart 0) KSP residual norm 2.954139e-04
 11 (restart 0) KSP residual norm 2.287798e-04
 12 (restart 0) KSP residual norm 1.659563e-04
 13 (restart 0) KSP residual norm 1.266414e-04
 14 (restart 0) KSP residual norm 1.009450e-04
 15 (restart 0) KSP residual norm 7.941986e-05
 16 (restart 0) KSP residual norm 5.829375e-05
 17 (restart 0) KSP residual norm 4.805798e-05
 18 (restart 0) KSP residual norm 3.622494e-05
 19 (restart 0) KSP residual norm 2.887527e-05
 20 (restart 0) KSP residual norm 2.220226e-05
 21 (restart 0) KSP residual norm 1.778218e-05
 22 (restart 0) KSP residual norm 1.404548e-05
 23 (restart 0) KSP residual norm 1.055712e-05
 24 (restart 0) KSP residual norm 7.857023e-06
 25 (restart 0) KSP residual norm 5.908377e-06
 26 (restart 0) KSP residual norm 4.616925e-06
 27 (restart 0) KSP residual norm 3.628785e-06
 28 (restart 0) KSP residual norm 2.870429e-06
 29 (restart 0) KSP residual norm 2.231064e-06
 30 (restart 0) KSP residual norm 1.708249e-06
 31 (restart 0) KSP residual norm 1.274084e-06
 32 (restart 0) KSP residual norm 9.881608e-07
 33 (restart 0) KSP residual norm 7.527809e-07
 34 (restart 0) KSP residual norm 5.607301e-07
 35 (restart 0) KSP residual norm 4.224799e-07
 36 (restart 0) KSP residual norm 3.193768e-07
 37 (restart 0) KSP residual norm 2.404757e-07
 38 (restart 0) KSP residual norm 1.790287e-07
 39 (restart 0) KSP residual norm 1.378348e-07
 40 (restart 0) KSP residual norm 1.036784e-07
 41 (restart 0) KSP residual norm 7.810712e-08
 42 (restart 0) KSP residual norm 5.804642e-08
 43 (restart 0) KSP residual norm 4.499448e-08
 44 (restart 0) KSP residual norm 3.528135e-08
 45 (restart 0) KSP residual norm 2.733602e-08
 46 (restart 0) KSP residual norm 2.129216e-08
 47 (restart 0) KSP residual norm 1.652430e-08
 48 (restart 0) KSP residual norm 1.262520e-08
GMRES solver converged in 48 iterations (avg. reduction factor: 6.794e-01)
  Residual norms for GMRES solve
  0 (restart 0) KSP residual norm 1.013143e+00
  1 (restart 0) KSP residual norm 8.867171e-02
  2 (restart 0) KSP residual norm 2.395778e-02
  3 (restart 0) KSP residual norm 1.039092e-02
  4 (restart 0) KSP residual norm 5.179874e-03
  5 (restart 0) KSP residual norm 3.289048e-03
  6 (restart 0) KSP residual norm 2.263133e-03
  7 (restart 0) KSP residual norm 1.494208e-03
  8 (restart 0) KSP residual norm 1.072210e-03
  9 (restart 0) KSP residual norm 7.784051e-04
 10 (restart 0) KSP residual norm 6.110903e-04
 11 (restart 0) KSP residual norm 4.429020e-04
 12 (restart 0) KSP residual norm 3.328987e-04
 13 (restart 0) KSP residual norm 2.554691e-04
 14 (restart 0) KSP residual norm 2.082009e-04
 15 (restart 0) KSP residual norm 1.530414e-04
 16 (restart 0) KSP residual norm 1.239233e-04
 17 (restart 0) KSP residual norm 9.456786e-05
 18 (restart 0) KSP residual norm 7.600412e-05
 19 (restart 0) KSP residual norm 5.817329e-05
 20 (restart 0) KSP residual norm 4.557301e-05
 21 (restart 0) KSP residual norm 3.655235e-05
 22 (restart 0) KSP residual norm 2.826858e-05
 23 (restart 0) KSP residual norm 2.150061e-05
 24 (restart 0) KSP residual norm 1.635442e-05
 25 (restart 0) KSP residual norm 1.246439e-05
 26 (restart 0) KSP residual norm 9.472129e-06
 27 (restart 0) KSP residual norm 7.280621e-06
 28 (restart 0) KSP residual norm 5.748482e-06
 29 (restart 0) KSP residual norm 4.493537e-06
 30 (restart 0) KSP residual norm 3.417872e-06
 31 (restart 0) KSP residual norm 2.603426e-06
 32 (restart 0) KSP residual norm 1.990397e-06
 33 (restart 0) KSP residual norm 1.490997e-06
 34 (restart 0) KSP residual norm 1.139058e-06
 35 (restart 0) KSP residual norm 8.687032e-07
 36 (restart 0) KSP residual norm 6.646814e-07
 37 (restart 0) KSP residual norm 5.007576e-07
 38 (restart 0) KSP residual norm 3.720169e-07
 39 (restart 0) KSP residual norm 2.805274e-07
 40 (restart 0) KSP residual norm 2.176258e-07
 41 (restart 0) KSP residual norm 1.621097e-07
 42 (restart 0) KSP residual norm 1.229326e-07
 43 (restart 0) KSP residual norm 9.436314e-08
 44 (restart 0) KSP residual norm 7.285669e-08
 45 (restart 0) KSP residual norm 5.707820e-08
 46 (restart 0) KSP residual norm 4.445351e-08
 47 (restart 0) KSP residual norm 3.427433e-08
 48 (restart 0) KSP residual norm 2.627085e-08
 49 (restart 0) KSP residual norm 2.011317e-08
 50 (restart 0) KSP residual norm 1.464047e-08
 51 (restart 0) KSP residual norm 1.072061e-08
 52 (restart 0) KSP residual norm 7.954544e-09
GMRES solver converged in 52 iterations (avg. reduction factor: 6.984e-01)
  Residual norms for GMRES solve
  0 (restart 0) KSP residual norm 1.464188e+00
  1 (restart 0) KSP residual norm 7.101551e-02
  2 (restart 0) KSP residual norm 1.738777e-02
  3 (restart 0) KSP residual norm 7.822577e-03
  4 (restart 0) KSP residual norm 4.543124e-03
  5 (restart 0) KSP residual norm 2.640386e-03
  6 (restart 0) KSP residual norm 1.831260e-03
  7 (restart 0) KSP residual norm 1.204088e-03
  8 (restart 0) KSP residual norm 8.390248e-04
  9 (restart 0) KSP residual norm 6.077269e-04
 10 (restart 0) KSP residual norm 4.681052e-04
 11 (restart 0) KSP residual norm 3.330301e-04
 12 (restart 0) KSP residual norm 2.444344e-04
 13 (restart 0) KSP residual norm 1.826322e-04
 14 (restart 0) KSP residual norm 1.492131e-04
 15 (restart 0) KSP residual norm 1.068986e-04
 16 (restart 0) KSP residual norm 8.442406e-05
 17 (restart 0) KSP residual norm 6.408996e-05
 18 (restart 0) KSP residual norm 5.022087e-05
 19 (restart 0) KSP residual norm 3.703053e-05
 20 (restart 0) KSP residual norm 2.931210e-05
 21 (restart 0) KSP residual norm 2.365935e-05
 22 (restart 0) KSP residual norm 1.798764e-05
 23 (restart 0) KSP residual norm 1.397150e-05
 24 (restart 0) KSP residual norm 1.065776e-05
 25 (restart 0) KSP residual norm 8.283432e-06
 26 (restart 0) KSP residual norm 6.414867e-06
 27 (restart 0) KSP residual norm 4.859302e-06
 28 (restart 0) KSP residual norm 3.814136e-06
 29 (restart 0) KSP residual norm 2.994588e-06
 30 (restart 0) KSP residual norm 2.324350e-06
 31 (restart 0) KSP residual norm 1.780626e-06
 32 (restart 0) KSP residual norm 1.364586e-06
 33 (restart 0) KSP residual norm 1.034425e-06
 34 (restart 0) KSP residual norm 8.010175e-07
 35 (restart 0) KSP residual norm 6.150677e-07
 36 (restart 0) KSP residual norm 4.739361e-07
 37 (restart 0) KSP residual norm 3.633709e-07
 38 (restart 0) KSP residual norm 2.758662e-07
 39 (restart 0) KSP residual norm 2.094682e-07
 40 (restart 0) KSP residual norm 1.630056e-07
 41 (restart 0) KSP residual norm 1.220044e-07
 42 (restart 0) KSP residual norm 9.328741e-08
 43 (restart 0) KSP residual norm 7.163259e-08
 44 (restart 0) KSP residual norm 5.546666e-08
 45 (restart 0) KSP residual norm 4.358183e-08
 46 (restart 0) KSP residual norm 3.375441e-08
 47 (restart 0) KSP residual norm 2.600888e-08
 48 (restart 0) KSP residual norm 2.020572e-08
 49 (restart 0) KSP residual norm 1.540742e-08
 50 (restart 0) KSP residual norm 1.120232e-08
GMRES solver converged in 50 iterations (avg. reduction factor: 6.881e-01)
  Residual norms for GMRES solve
  0 (restart 0) KSP residual norm 2.081114e+00
  1 (restart 0) KSP residual norm 6.460447e-02
  2 (restart 0) KSP residual norm 1.542769e-02
  3 (restart 0) KSP residual norm 4.923126e-03
  4 (restart 0) KSP residual norm 2.680329e-03
  5 (restart 0) KSP residual norm 1.615895e-03
  6 (restart 0) KSP residual norm 9.746455e-04
  7 (restart 0) KSP residual norm 6.637927e-04
  8 (restart 0) KSP residual norm 4.356934e-04
  9 (restart 0) KSP residual norm 3.081490e-04
 10 (restart 0) KSP residual norm 2.327003e-04
 11 (restart 0) KSP residual norm 1.711641e-04
 12 (restart 0) KSP residual norm 1.297741e-04
 13 (restart 0) KSP residual norm 9.938897e-05
 14 (restart 0) KSP residual norm 7.736902e-05
 15 (restart 0) KSP residual norm 6.023237e-05
 16 (restart 0) KSP residual norm 4.766609e-05
 17 (restart 0) KSP residual norm 3.623220e-05
 18 (restart 0) KSP residual norm 2.812288e-05
 19 (restart 0) KSP residual norm 2.072827e-05
 20 (restart 0) KSP residual norm 1.609060e-05
 21 (restart 0) KSP residual norm 1.260436e-05
 22 (restart 0) KSP residual norm 9.227919e-06
 23 (restart 0) KSP residual norm 7.165235e-06
 24 (restart 0) KSP residual norm 5.532237e-06
 25 (restart 0) KSP residual norm 4.341832e-06
 26 (restart 0) KSP residual norm 3.436406e-06
 27 (restart 0) KSP residual norm 2.508180e-06
 28 (restart 0) KSP residual norm 1.957044e-06
 29 (restart 0) KSP residual norm 1.554473e-06
 30 (restart 0) KSP residual norm 1.244065e-06
 31 (restart 0) KSP residual norm 9.762553e-07
 32 (restart 0) KSP residual norm 7.517671e-07
 33 (restart 0) KSP residual norm 5.766264e-07
 34 (restart 0) KSP residual norm 4.425484e-07
 35 (restart 0) KSP residual norm 3.384130e-07
 36 (restart 0) KSP residual norm 2.634213e-07
 37 (restart 0) KSP residual norm 2.061348e-07
 38 (restart 0) KSP residual norm 1.575046e-07
 39 (restart 0) KSP residual norm 1.214156e-07
 40 (restart 0) KSP residual norm 9.261820e-08
 41 (restart 0) KSP residual norm 6.884249e-08
 42 (restart 0) KSP residual norm 5.118874e-08
 43 (restart 0) KSP residual norm 3.814822e-08
 44 (restart 0) KSP residual norm 2.879166e-08
 45 (restart 0) KSP residual norm 2.176769e-08
 46 (restart 0) KSP residual norm 1.643984e-08
GMRES solver converged in 46 iterations (avg. reduction factor: 6.666e-01)
  Residual norms for GMRES solve
  0 (restart 0) KSP residual norm 1.048778e+00
  1 (restart 0) KSP residual norm 8.760335e-02
  2 (restart 0) KSP residual norm 2.387802e-02
  3 (restart 0) KSP residual norm 8.416301e-03
  4 (restart 0) KSP residual norm 4.890520e-03
  5 (restart 0) KSP residual norm 3.035938e-03
  6 (restart 0) KSP residual norm 1.882667e-03
  7 (restart 0) KSP residual norm 1.341122e-03
  8 (restart 0) KSP residual norm 9.734598e-04
  9 (restart 0) KSP residual norm 7.102774e-04
 10 (restart 0) KSP residual norm 5.555649e-04
 11 (restart 0) KSP residual norm 4.372451e-04
 12 (restart 0) KSP residual norm 3.528544e-04
 13 (restart 0) KSP residual norm 2.865695e-04
 14 (restart 0) KSP residual norm 2.329324e-04
 15 (restart 0) KSP residual norm 1.829093e-04
 16 (restart 0) KSP residual norm 1.440804e-04
 17 (restart 0) KSP residual norm 1.118388e-04
 18 (restart 0) KSP residual norm 8.299272e-05
 19 (restart 0) KSP residual norm 6.185441e-05
 20 (restart 0) KSP residual norm 4.651080e-05
 21 (restart 0) KSP residual norm 3.497610e-05
 22 (restart 0) KSP residual norm 2.715505e-05
 23 (restart 0) KSP residual norm 2.161893e-05
 24 (restart 0) KSP residual norm 1.654642e-05
 25 (restart 0) KSP residual norm 1.308058e-05
 26 (restart 0) KSP residual norm 1.026517e-05
 27 (restart 0) KSP residual norm 7.892268e-06
 28 (restart 0) KSP residual norm 6.159260e-06
 29 (restart 0) KSP residual norm 4.690792e-06
 30 (restart 0) KSP residual norm 3.634466e-06
 31 (restart 0) KSP residual norm 2.715999e-06
 32 (restart 0) KSP residual norm 2.022263e-06
 33 (restart 0) KSP residual norm 1.514848e-06
 34 (restart 0) KSP residual norm 1.123339e-06
 35 (restart 0) KSP residual norm 8.473340e-07
 36 (restart 0) KSP residual norm 6.352944e-07
 37 (restart 0) KSP residual norm 4.837734e-07
 38 (restart 0) KSP residual norm 3.609559e-07
 39 (restart 0) KSP residual norm 2.692038e-07
 40 (restart 0) KSP residual norm 2.033672e-07
 41 (restart 0) KSP residual norm 1.520215e-07
 42 (restart 0) KSP residual norm 1.116387e-07
 43 (restart 0) KSP residual norm 8.291737e-08
 44 (restart 0) KSP residual norm 6.142813e-08
 45 (restart 0) KSP residual norm 4.684831e-08
 46 (restart 0) KSP residual norm 3.615761e-08
 47 (restart 0) KSP residual norm 2.794474e-08
 48 (restart 0) KSP residual norm 2.075951e-08
 49 (restart 0) KSP residual norm 1.551944e-08
 50 (restart 0) KSP residual norm 1.132564e-08
 51 (restart 0) KSP residual norm 8.280466e-09
GMRES solver converged in 51 iterations (avg. reduction factor: 6.936e-01)
  Residual norms for GMRES solve
  0 (restart 0) KSP residual norm 1.229059e+00
  1 (restart 0) KSP residual norm 7.127531e-02
  2 (restart 0) KSP residual norm 1.736248e-02
  3 (restart 0) KSP residual norm 7.992850e-03
  4 (restart 0) KSP residual norm 4.866027e-03
  5 (restart 0) KSP residual norm 3.147008e-03
  6 (restart 0) KSP residual norm 2.002232e-03
  7 (restart 0) KSP residual norm 1.424495e-03
  8 (restart 0) KSP residual norm 1.050080e-03
  9 (restart 0) KSP residual norm 7.643031e-04
 10 (restart 0) KSP residual norm 5.958254e-04
 11 (restart 0) KSP residual norm 4.516652e-04
 12 (restart 0) KSP residual norm 3.586428e-04
 13 (restart 0) KSP residual norm 2.883622e-04
 14 (restart 0) KSP residual norm 2.303350e-04
 15 (restart 0) KSP residual norm 1.822981e-04
 16 (restart 0) KSP residual norm 1.431105e-04
 17 (restart 0) KSP residual norm 1.130931e-04
 18 (restart 0) KSP residual norm 8.453929e-05
 19 (restart 0) KSP residual norm 6.525455e-05
 20 (restart 0) KSP residual norm 4.986702e-05
 21 (restart 0) KSP residual norm 3.777106e-05
 22 (restart 0) KSP residual norm 2.940085e-05
 23 (restart 0) KSP residual norm 2.247595e-05
 24 (restart 0) KSP residual norm 1.690946e-05
 25 (restart 0) KSP residual norm 1.343226e-05
 26 (restart 0) KSP residual norm 1.077871e-05
 27 (restart 0) KSP residual norm 8.164074e-06
 28 (restart 0) KSP residual norm 6.289700e-06
 29 (restart 0) KSP residual norm 4.866445e-06
 30 (restart 0) KSP residual norm 3.745811e-06
 31 (restart 0) KSP residual norm 2.781861e-06
 32 (restart 0) KSP residual norm 2.103758e-06
 33 (restart 0) KSP residual norm 1.576035e-06
 34 (restart 0) KSP residual norm 1.189515e-06
 35 (restart 0) KSP residual norm 8.894183e-07
 36 (restart 0) KSP residual norm 6.589572e-07
 37 (restart 0) KSP residual norm 5.062158e-07
 38 (restart 0) KSP residual norm 3.828556e-07
 39 (restart 0) KSP residual norm 2.843790e-07
 40 (restart 0) KSP residual norm 2.122513e-07
 41 (restart 0) KSP residual norm 1.590422e-07
 42 (restart 0) KSP residual norm 1.195636e-07
 43 (restart 0) KSP residual norm 9.118476e-08
 44 (restart 0) KSP residual norm 6.989277e-08
 45 (restart 0) KSP residual norm 5.424329e-08
 46 (restart 0) KSP residual norm 4.200122e-08
 47 (restart 0) KSP residual norm 3.184349e-08
 48 (restart 0) KSP residual norm 2.332519e-08
 49 (restart 0) KSP residual norm 1.733374e-08
 50 (restart 0) KSP residual norm 1.277252e-08
 51 (restart 0) KSP residual norm 9.337545e-09
GMRES solver converged in 51 iterations (avg. reduction factor: 6.931e-01)
  Residual norms for GMRES solve
  0 (restart 0) KSP residual norm 1.207694e+00
  1 (restart 0) KSP residual norm 9.559426e-02
  2 (restart 0) KSP residual norm 2.206343e-02
  3 (restart 0) KSP residual norm 8.325315e-03
  4 (restart 0) KSP residual norm 4.449577e-03
  5 (restart 0) KSP residual norm 2.870826e-03
  6 (restart 0) KSP residual norm 1.868302e-03
  7 (restart 0) KSP residual norm 1.292067e-03
  8 (restart 0) KSP residual norm 9.481047e-04
  9 (restart 0) KSP residual norm 6.642691e-04
 10 (restart 0) KSP residual norm 5.171738e-04
 11 (restart 0) KSP residual norm 3.827567e-04
 12 (restart 0) KSP residual norm 2.950761e-04
 13 (restart 0) KSP residual norm 2.293819e-04
 14 (restart 0) KSP residual norm 1.798632e-04
 15 (restart 0) KSP residual norm 1.425399e-04
 16 (restart 0) KSP residual norm 1.097230e-04
 17 (restart 0) KSP residual norm 8.504019e-05
 18 (restart 0) KSP residual norm 6.402789e-05
 19 (restart 0) KSP residual norm 4.909693e-05
 20 (restart 0) KSP residual norm 3.857493e-05
 21 (restart 0) KSP residual norm 2.991518e-05
 22 (restart 0) KSP residual norm 2.326284e-05
 23 (restart 0) KSP residual norm 1.804846e-05
 24 (restart 0) KSP residual norm 1.335706e-05
 25 (restart 0) KSP residual norm 1.052153e-05
 26 (restart 0) KSP residual norm 8.545264e-06
 27 (restart 0) KSP residual norm 6.587564e-06
 28 (restart 0) KSP residual norm 5.040171e-06
 29 (restart 0) KSP residual norm 3.993011e-06
 30 (restart 0) KSP residual norm 3.082085e-06
 31 (restart 0) KSP residual norm 2.302089e-06
 32 (restart 0) KSP residual norm 1.762460e-06
 33 (restart 0) KSP residual norm 1.338107e-06
 34 (restart 0) KSP residual norm 1.037399e-06
 35 (restart 0) KSP residual norm 7.786558e-07
 36 (restart 0) KSP residual norm 5.859078e-07
 37 (restart 0) KSP residual norm 4.537643e-07
 38 (restart 0) KSP residual norm 3.494876e-07
 39 (restart 0) KSP residual norm 2.607649e-07
 40 (restart 0) KSP residual norm 1.954968e-07
 41 (restart 0) KSP residual norm 1.459675e-07
 42 (restart 0) KSP residual norm 1.102661e-07
 43 (restart 0) KSP residual norm 8.455591e-08
 44 (restart 0) KSP residual norm 6.519713e-08
 45 (restart 0) KSP residual norm 5.083363e-08
 46 (restart 0) KSP residual norm 3.947201e-08
 47 (restart 0) KSP residual norm 3.024805e-08
 48 (restart 0) KSP residual norm 2.223007e-08
 49 (restart 0) KSP residual norm 1.637754e-08
 50 (restart 0) KSP residual norm 1.211146e-08
 51 (restart 0) KSP residual norm 8.963048e-09
GMRES solver converged in 51 iterations (avg. reduction factor: 6.928e-01)
  Residual norms for GMRES solve
  0 (restart 0) KSP residual norm 1.034332e+00
  1 (restart 0) KSP residual norm 8.187981e-02
  2 (restart 0) KSP residual norm 1.975031e-02
  3 (restart 0) KSP residual norm 8.029702e-03
  4 (restart 0) KSP residual norm 4.172945e-03
  5 (restart 0) KSP residual norm 2.642018e-03
  6 (restart 0) KSP residual norm 1.822700e-03
  7 (restart 0) KSP residual norm 1.192800e-03
  8 (restart 0) KSP residual norm 8.583678e-04
  9 (restart 0) KSP residual norm 6.108557e-04
 10 (restart 0) KSP residual norm 4.956358e-04
 11 (restart 0) KSP residual norm 3.676164e-04
 12 (restart 0) KSP residual norm 2.752039e-04
 13 (restart 0) KSP residual norm 2.134991e-04
 14 (restart 0) KSP residual norm 1.692742e-04
 15 (restart 0) KSP residual norm 1.411730e-04
 16 (restart 0) KSP residual norm 1.049905e-04
 17 (restart 0) KSP residual norm 8.053417e-05
 18 (restart 0) KSP residual norm 6.124071e-05
 19 (restart 0) KSP residual norm 4.533458e-05
 20 (restart 0) KSP residual norm 3.548730e-05
 21 (restart 0) KSP residual norm 2.669413e-05
 22 (restart 0) KSP residual norm 2.047654e-05
 23 (restart 0) KSP residual norm 1.586904e-05
 24 (restart 0) KSP residual norm 1.157460e-05
 25 (restart 0) KSP residual norm 8.941624e-06
 26 (restart 0) KSP residual norm 7.275330e-06
 27 (restart 0) KSP residual norm 5.739287e-06
 28 (restart 0) KSP residual norm 4.458014e-06
 29 (restart 0) KSP residual norm 3.637405e-06
 30 (restart 0) KSP residual norm 2.836401e-06
 31 (restart 0) KSP residual norm 2.151511e-06
 32 (restart 0) KSP residual norm 1.657111e-06
 33 (restart 0) KSP residual norm 1.275974e-06
 34 (restart 0) KSP residual norm 1.002860e-06
 35 (restart 0) KSP residual norm 7.540945e-07
 36 (restart 0) KSP residual norm 5.719160e-07
 37 (restart 0) KSP residual norm 4.484096e-07
 38 (restart 0) KSP residual norm 3.516152e-07
 39 (restart 0) KSP residual norm 2.661934e-07
 40 (restart 0) KSP residual norm 1.987137e-07
 41 (restart 0) KSP residual norm 1.473768e-07
 42 (restart 0) KSP residual norm 1.109509e-07
 43 (restart 0) KSP residual norm 8.198147e-08
 44 (restart 0) KSP residual norm 6.149198e-08
 45 (restart 0) KSP residual norm 4.665030e-08
 46 (restart 0) KSP residual norm 3.617117e-08
 47 (restart 0) KSP residual norm 2.766303e-08
 48 (restart 0) KSP residual norm 2.058204e-08
 49 (restart 0) KSP residual norm 1.513561e-08
 50 (restart 0) KSP residual norm 1.116593e-08
 51 (restart 0) KSP residual norm 8.198870e-09
GMRES solver converged in 51 iterations (avg. reduction factor: 6.937e-01)
  Residual norms for GMRES solve
  0 (restart 0) KSP residual norm 1.130932e+00
  1 (restart 0) KSP residual norm 7.215647e-02
  2 (restart 0) KSP residual norm 1.458826e-02
  3 (restart 0) KSP residual norm 6.094797e-03
  4 (restart 0) KSP residual norm 3.308147e-03
  5 (restart 0) KSP residual norm 2.176571e-03
  6 (restart 0) KSP residual norm 1.595885e-03
  7 (restart 0) KSP residual norm 1.114460e-03
  8 (restart 0) KSP residual norm 7.985215e-04
  9 (restart 0) KSP residual norm 5.908300e-04
 10 (restart 0) KSP residual norm 4.922422e-04
 11 (restart 0) KSP residual norm 3.627179e-04
 12 (restart 0) KSP residual norm 2.859130e-04
 13 (restart 0) KSP residual norm 2.342053e-04
 14 (restart 0) KSP residual norm 1.948100e-04
 15 (restart 0) KSP residual norm 1.666785e-04
 16 (restart 0) KSP residual norm 1.167165e-04
 17 (restart 0) KSP residual norm 8.713435e-05
 18 (restart 0) KSP residual norm 6.388909e-05
 19 (restart 0) KSP residual norm 4.636350e-05
 20 (restart 0) KSP residual norm 3.624475e-05
 21 (restart 0) KSP residual norm 2.703744e-05
 22 (restart 0) KSP residual norm 2.039453e-05
 23 (restart 0) KSP residual norm 1.589969e-05
 24 (restart 0) KSP residual norm 1.227914e-05
 25 (restart 0) KSP residual norm 1.006907e-05
 26 (restart 0) KSP residual norm 8.312857e-06
 27 (restart 0) KSP residual norm 6.604918e-06
 28 (restart 0) KSP residual norm 5.163182e-06
 29 (restart 0) KSP residual norm 4.063763e-06
 30 (restart 0) KSP residual norm 3.084810e-06
 31 (restart 0) KSP residual norm 2.238645e-06
 32 (restart 0) KSP residual norm 1.620023e-06
 33 (restart 0) KSP residual norm 1.188388e-06
 34 (restart 0) KSP residual norm 8.934987e-07
 35 (restart 0) KSP residual norm 6.448861e-07
 36 (restart 0) KSP residual norm 4.816009e-07
 37 (restart 0) KSP residual norm 3.743271e-07
 38 (restart 0) KSP residual norm 2.863906e-07
 39 (restart 0) KSP residual norm 2.171421e-07
 40 (restart 0) KSP residual norm 1.616630e-07
 41 (restart 0) KSP residual norm 1.214500e-07
 42 (restart 0) KSP residual norm 8.887001e-08
 43 (restart 0) KSP residual norm 6.292796e-08
 44 (restart 0) KSP residual norm 4.548533e-08
 45 (restart 0) KSP residual norm 3.348588e-08
 46 (restart 0) KSP residual norm 2.532688e-08
 47 (restart 0) KSP residual norm 1.914642e-08
 48 (restart 0) KSP residual norm 1.432652e-08
 49 (restart 0) KSP residual norm 1.053980e-08
GMRES solver converged in 49 iterations (avg. reduction factor: 6.857e-01)
  Residual norms for GMRES solve
  0 (restart 0) KSP residual norm 8.836902e-01
  1 (restart 0) KSP residual norm 7.879892e-02
  2 (restart 0) KSP residual norm 2.427807e-02
  3 (restart 0) KSP residual norm 1.075673e-02
  4 (restart 0) KSP residual norm 6.090660e-03
  5 (restart 0) KSP residual norm 4.189172e-03
  6 (restart 0) KSP residual norm 2.846499e-03
  7 (restart 0) KSP residual norm 2.029520e-03
  8 (restart 0) KSP residual norm 1.551267e-03
  9 (restart 0) KSP residual norm 1.151730e-03
 10 (restart 0) KSP residual norm 8.813870e-04
 11 (restart 0) KSP residual norm 6.880115e-04
 12 (restart 0) KSP residual norm 5.488455e-04
 13 (restart 0) KSP residual norm 4.415106e-04
 14 (restart 0) KSP residual norm 3.685558e-04
 15 (restart 0) KSP residual norm 3.083498e-04
 16 (restart 0) KSP residual norm 2.166044e-04
 17 (restart 0) KSP residual norm 1.625061e-04
 18 (restart 0) KSP residual norm 1.206314e-04
 19 (restart 0) KSP residual norm 9.057664e-05
 20 (restart 0) KSP residual norm 7.291998e-05
 21 (restart 0) KSP residual norm 5.403152e-05
 22 (restart 0) KSP residual norm 4.108977e-05
 23 (restart 0) KSP residual norm 3.178292e-05
 24 (restart 0) KSP residual norm 2.449927e-05
 25 (restart 0) KSP residual norm 2.016278e-05
 26 (restart 0) KSP residual norm 1.630993e-05
 27 (restart 0) KSP residual norm 1.258119e-05
 28 (restart 0) KSP residual norm 9.789922e-06
 29 (restart 0) KSP residual norm 7.450364e-06
 30 (restart 0) KSP residual norm 5.611833e-06
 31 (restart 0) KSP residual norm 4.187380e-06
 32 (restart 0) KSP residual norm 3.113698e-06
 33 (restart 0) KSP residual norm 2.294018e-06
 34 (restart 0) KSP residual norm 1.715019e-06
 35 (restart 0) KSP residual norm 1.275131e-06
 36 (restart 0) KSP residual norm 9.710559e-07
 37 (restart 0) KSP residual norm 7.425831e-07
 38 (restart 0) KSP residual norm 5.692971e-07
 39 (restart 0) KSP residual norm 4.300566e-07
 40 (restart 0) KSP residual norm 3.196009e-07
 41 (restart 0) KSP residual norm 2.420508e-07
 42 (restart 0) KSP residual norm 1.784014e-07
 43 (restart 0) KSP residual norm 1.290378e-07
 44 (restart 0) KSP residual norm 9.512189e-08
 45 (restart 0) KSP residual norm 7.206279e-08
 46 (restart 0) KSP residual norm 5.452807e-08
 47 (restart 0) KSP residual norm 4.089165e-08
 48 (restart 0) KSP residual norm 3.009160e-08
 49 (restart 0) KSP residual norm 2.197064e-08
 50 (restart 0) KSP residual norm 1.602645e-08
 51 (restart 0) KSP residual norm 1.173673e-08
 52 (restart 0) KSP residual norm 8.717266e-09
GMRES solver converged in 52 iterations (avg. reduction factor: 7.015e-01)
  Residual norms for GMRES solve
  0 (restart 0) KSP residual norm 9.435352e-01
  1 (restart 0) KSP residual norm 7.389269e-02
  2 (restart 0) KSP residual norm 2.052210e-02
  3 (restart 0) KSP residual norm 8.016858e-03
  4 (restart 0) KSP residual norm 4.630446e-03
  5 (restart 0) KSP residual norm 3.139353e-03
  6 (restart 0) KSP residual norm 2.041854e-03
  7 (restart 0) KSP residual norm 1.509762e-03
  8 (restart 0) KSP residual norm 1.098934e-03
  9 (restart 0) KSP residual norm 7.855714e-04
 10 (restart 0) KSP residual norm 6.012567e-04
 11 (restart 0) KSP residual norm 4.601233e-04
 12 (restart 0) KSP residual norm 3.756514e-04
 13 (restart 0) KSP residual norm 2.978437e-04
 14 (restart 0) KSP residual norm 2.426892e-04
 15 (restart 0) KSP residual norm 1.905019e-04
 16 (restart 0) KSP residual norm 1.437176e-04
 17 (restart 0) KSP residual norm 1.111178e-04
 18 (restart 0) KSP residual norm 8.465013e-05
 19 (restart 0) KSP residual norm 6.342790e-05
 20 (restart 0) KSP residual norm 4.976901e-05
 21 (restart 0) KSP residual norm 3.780389e-05
 22 (restart 0) KSP residual norm 2.889383e-05
 23 (restart 0) KSP residual norm 2.218680e-05
 24 (restart 0) KSP residual norm 1.708117e-05
 25 (restart 0) KSP residual norm 1.350006e-05
 26 (restart 0) KSP residual norm 1.083539e-05
 27 (restart 0) KSP residual norm 8.466580e-06
 28 (restart 0) KSP residual norm 6.668965e-06
 29 (restart 0) KSP residual norm 5.119193e-06
 30 (restart 0) KSP residual norm 3.917342e-06
 31 (restart 0) KSP residual norm 2.967992e-06
 32 (restart 0) KSP residual norm 2.251092e-06
 33 (restart 0) KSP residual norm 1.677592e-06
 34 (restart 0) KSP residual norm 1.244100e-06
 35 (restart 0) KSP residual norm 9.323702e-07
 36 (restart 0) KSP residual norm 7.069783e-07
 37 (restart 0) KSP residual norm 5.348584e-07
 38 (restart 0) KSP residual norm 4.082105e-07
 39 (restart 0) KSP residual norm 3.089697e-07
 40 (restart 0) KSP residual norm 2.321124e-07
 41 (restart 0) KSP residual norm 1.776248e-07
 42 (restart 0) KSP residual norm 1.329480e-07
 43 (restart 0) KSP residual norm 9.829434e-08
 44 (restart 0) KSP residual norm 7.327569e-08
 45 (restart 0) KSP residual norm 5.534732e-08
 46 (restart 0) KSP residual norm 4.227892e-08
 47 (restart 0) KSP residual norm 3.164454e-08
 48 (restart 0) KSP residual norm 2.320696e-08
 49 (restart 0) KSP residual norm 1.695891e-08
 50 (restart 0) KSP residual norm 1.243485e-08
 51 (restart 0) KSP residual norm 9.094615e-09
GMRES solver converged in 51 iterations (avg. reduction factor: 6.963e-01)
  Residual norms for GMRES solve
  0 (restart 0) KSP residual norm 9.957375e-01
  1 (restart 0) KSP residual norm 8.313521e-02
  2 (restart 0) KSP residual norm 2.420091e-02
  3 (restart 0) KSP residual norm 9.753487e-03
  4 (restart 0) KSP residual norm 5.157356e-03
  5 (restart 0) KSP residual norm 3.384091e-03
  6 (restart 0) KSP residual norm 2.512141e-03
  7 (restart 0) KSP residual norm 1.993347e-03
  8 (restart 0) KSP residual norm 1.325926e-03
  9 (restart 0) KSP residual norm 9.385032e-04
 10 (restart 0) KSP residual norm 7.117521e-04
 11 (restart 0) KSP residual norm 5.669355e-04
 12 (restart 0) KSP residual norm 4.717233e-04
 13 (restart 0) KSP residual norm 3.717459e-04
 14 (restart 0) KSP residual norm 3.132338e-04
 15 (restart 0) KSP residual norm 2.406849e-04
 16 (restart 0) KSP residual norm 1.821461e-04
 17 (restart 0) KSP residual norm 1.380663e-04
 18 (restart 0) KSP residual norm 1.027157e-04
 19 (restart 0) KSP residual norm 8.085739e-05
 20 (restart 0) KSP residual norm 6.277943e-05
 21 (restart 0) KSP residual norm 4.721438e-05
 22 (restart 0) KSP residual norm 3.603675e-05
 23 (restart 0) KSP residual norm 2.767823e-05
 24 (restart 0) KSP residual norm 2.132717e-05
 25 (restart 0) KSP residual norm 1.665605e-05
 26 (restart 0) KSP residual norm 1.322027e-05
 27 (restart 0) KSP residual norm 1.021732e-05
 28 (restart 0) KSP residual norm 8.030189e-06
 29 (restart 0) KSP residual norm 6.090820e-06
 30 (restart 0) KSP residual norm 4.638024e-06
 31 (restart 0) KSP residual norm 3.519367e-06
 32 (restart 0) KSP residual norm 2.647075e-06
 33 (restart 0) KSP residual norm 1.992301e-06
 34 (restart 0) KSP residual norm 1.487480e-06
 35 (restart 0) KSP residual norm 1.120291e-06
 36 (restart 0) KSP residual norm 8.548879e-07
 37 (restart 0) KSP residual norm 6.498044e-07
 38 (restart 0) KSP residual norm 4.920265e-07
 39 (restart 0) KSP residual norm 3.736422e-07
 40 (restart 0) KSP residual norm 2.754627e-07
 41 (restart 0) KSP residual norm 2.051919e-07
 42 (restart 0) KSP residual norm 1.542128e-07
 43 (restart 0) KSP residual norm 1.130271e-07
 44 (restart 0) KSP residual norm 8.428576e-08
 45 (restart 0) KSP residual norm 6.281293e-08
 46 (restart 0) KSP residual norm 4.693839e-08
 47 (restart 0) KSP residual norm 3.537919e-08
 48 (restart 0) KSP residual norm 2.618818e-08
 49 (restart 0) KSP residual norm 1.930199e-08
 50 (restart 0) KSP residual norm 1.411575e-08
 51 (restart 0) KSP residual norm 1.029750e-08
 52 (restart 0) KSP residual norm 7.335723e-09
GMRES solver converged in 52 iterations (avg. reduction factor: 6.976e-01)
  Residual norms for GMRES solve
  0 (restart 0) KSP residual norm 1.118372e+00
  1 (restart 0) KSP residual norm 7.371137e-02
  2 (restart 0) KSP residual norm 2.082839e-02
  3 (restart 0) KSP residual norm 9.316596e-03
  4 (restart 0) KSP residual norm 4.973420e-03
  5 (restart 0) KSP residual norm 3.264958e-03
  6 (restart 0) KSP residual norm 2.556196e-03
  7 (restart 0) KSP residual norm 2.043397e-03
  8 (restart 0) KSP residual norm 1.282085e-03
  9 (restart 0) KSP residual norm 9.463938e-04
 10 (restart 0) KSP residual norm 7.327177e-04
 11 (restart 0) KSP residual norm 5.766461e-04
 12 (restart 0) KSP residual norm 4.831942e-04
 13 (restart 0) KSP residual norm 3.793089e-04
 14 (restart 0) KSP residual norm 3.275079e-04
 15 (restart 0) KSP residual norm 2.475567e-04
 16 (restart 0) KSP residual norm 1.866188e-04
 17 (restart 0) KSP residual norm 1.381939e-04
 18 (restart 0) KSP residual norm 1.060655e-04
 19 (restart 0) KSP residual norm 8.305910e-05
 20 (restart 0) KSP residual norm 6.244342e-05
 21 (restart 0) KSP residual norm 4.853411e-05
 22 (restart 0) KSP residual norm 3.754522e-05
 23 (restart 0) KSP residual norm 2.860236e-05
 24 (restart 0) KSP residual norm 2.205063e-05
 25 (restart 0) KSP residual norm 1.671785e-05
 26 (restart 0) KSP residual norm 1.349913e-05
 27 (restart 0) KSP residual norm 1.051962e-05
 28 (restart 0) KSP residual norm 8.135518e-06
 29 (restart 0) KSP residual norm 6.171596e-06
 30 (restart 0) KSP residual norm 4.670021e-06
 31 (restart 0) KSP residual norm 3.506305e-06
 32 (restart 0) KSP residual norm 2.647814e-06
 33 (restart 0) KSP residual norm 1.975908e-06
 34 (restart 0) KSP residual norm 1.479376e-06
 35 (restart 0) KSP residual norm 1.124017e-06
 36 (restart 0) KSP residual norm 8.621338e-07
 37 (restart 0) KSP residual norm 6.531849e-07
 38 (restart 0) KSP residual norm 4.911746e-07
 39 (restart 0) KSP residual norm 3.727421e-07
 40 (restart 0) KSP residual norm 2.737448e-07
 41 (restart 0) KSP residual norm 2.021927e-07
 42 (restart 0) KSP residual norm 1.513058e-07
 43 (restart 0) KSP residual norm 1.103261e-07
 44 (restart 0) KSP residual norm 8.265655e-08
 45 (restart 0) KSP residual norm 6.252627e-08
 46 (restart 0) KSP residual norm 4.639191e-08
 47 (restart 0) KSP residual norm 3.451774e-08
 48 (restart 0) KSP residual norm 2.599375e-08
 49 (restart 0) KSP residual norm 1.937161e-08
 50 (restart 0) KSP residual norm 1.392395e-08
 51 (restart 0) KSP residual norm 1.011953e-08
GMRES solver converged in 51 iterations (avg. reduction factor: 6.955e-01)
  Residual norms for GMRES solve
  0 (restart 0) KSP residual norm 1.372408e+00
  1 (restart 0) KSP residual norm 8.111638e-02
  2 (restart 0) KSP residual norm 2.111337e-02
  3 (restart 0) KSP residual norm 8.280445e-03
  4 (restart 0) KSP residual norm 4.323786e-03
  5 (restart 0) KSP residual norm 2.839516e-03
  6 (restart 0) KSP residual norm 2.108268e-03
  7 (restart 0) KSP residual norm 1.643447e-03
  8 (restart 0) KSP residual norm 1.061966e-03
  9 (restart 0) KSP residual norm 7.546139e-04
 10 (restart 0) KSP residual norm 5.849391e-04
 11 (restart 0) KSP residual norm 4.698476e-04
 12 (restart 0) KSP residual norm 3.835671e-04
 13 (restart 0) KSP residual norm 3.026335e-04
 14 (restart 0) KSP residual norm 2.592560e-04
 15 (restart 0) KSP residual norm 1.982765e-04
 16 (restart 0) KSP residual norm 1.540489e-04
 17 (restart 0) KSP residual norm 1.167323e-04
 18 (restart 0) KSP residual norm 8.835524e-05
 19 (restart 0) KSP residual norm 6.856770e-05
 20 (restart 0) KSP residual norm 5.189821e-05
 21 (restart 0) KSP residual norm 4.173668e-05
 22 (restart 0) KSP residual norm 3.192673e-05
 23 (restart 0) KSP residual norm 2.380188e-05
 24 (restart 0) KSP residual norm 1.804449e-05
 25 (restart 0) KSP residual norm 1.359492e-05
 26 (restart 0) KSP residual norm 1.093957e-05
 27 (restart 0) KSP residual norm 8.625036e-06
 28 (restart 0) KSP residual norm 6.599304e-06
 29 (restart 0) KSP residual norm 5.001706e-06
 30 (restart 0) KSP residual norm 3.791958e-06
 31 (restart 0) KSP residual norm 2.845784e-06
 32 (restart 0) KSP residual norm 2.144333e-06
 33 (restart 0) KSP residual norm 1.624849e-06
 34 (restart 0) KSP residual norm 1.233879e-06
 35 (restart 0) KSP residual norm 9.388262e-07
 36 (restart 0) KSP residual norm 7.123977e-07
 37 (restart 0) KSP residual norm 5.295060e-07
 38 (restart 0) KSP residual norm 3.924173e-07
 39 (restart 0) KSP residual norm 2.981562e-07
 40 (restart 0) KSP residual norm 2.206214e-07
 41 (restart 0) KSP residual norm 1.637457e-07
 42 (restart 0) KSP residual norm 1.231370e-07
 43 (restart 0) KSP residual norm 9.096278e-08
 44 (restart 0) KSP residual norm 6.947395e-08
 45 (restart 0) KSP residual norm 5.312196e-08
 46 (restart 0) KSP residual norm 3.911790e-08
 47 (restart 0) KSP residual norm 2.998144e-08
 48 (restart 0) KSP residual norm 2.275706e-08
 49 (restart 0) KSP residual norm 1.686966e-08
 50 (restart 0) KSP residual norm 1.229501e-08
GMRES solver converged in 50 iterations (avg. reduction factor: 6.903e-01)
  Residual norms for GMRES solve
  0 (restart 0) KSP residual norm 9.495152e-01
  1 (restart 0) KSP residual norm 8.536437e-02
  2 (restart 0) KSP residual norm 2.277091e-02
  3 (restart 0) KSP residual norm 9.619432e-03
  4 (restart 0) KSP residual norm 5.747054e-03
  5 (restart 0) KSP residual norm 3.803336e-03
  6 (restart 0) KSP residual norm 2.745478e-03
  7 (restart 0) KSP residual norm 2.093377e-03
  8 (restart 0) KSP residual norm 1.399394e-03
  9 (restart 0) KSP residual norm 1.007522e-03
 10 (restart 0) KSP residual norm 8.044904e-04
 11 (restart 0) KSP residual norm 6.302703e-04
 12 (restart 0) KSP residual norm 5.050611e-04
 13 (restart 0) KSP residual norm 4.137153e-04
 14 (restart 0) KSP residual norm 3.455484e-04
 15 (restart 0) KSP residual norm 2.569465e-04
 16 (restart 0) KSP residual norm 2.018508e-04
 17 (restart 0) KSP residual norm 1.530439e-04
 18 (restart 0) KSP residual norm 1.173494e-04
 19 (restart 0) KSP residual norm 9.128317e-05
 20 (restart 0) KSP residual norm 7.345545e-05
 21 (restart 0) KSP residual norm 5.775476e-05
 22 (restart 0) KSP residual norm 4.325099e-05
 23 (restart 0) KSP residual norm 3.263627e-05
 24 (restart 0) KSP residual norm 2.468868e-05
 25 (restart 0) KSP residual norm 1.872211e-05
 26 (restart 0) KSP residual norm 1.484882e-05
 27 (restart 0) KSP residual norm 1.153082e-05
 28 (restart 0) KSP residual norm 8.747986e-06
 29 (restart 0) KSP residual norm 6.641233e-06
 30 (restart 0) KSP residual norm 5.027724e-06
 31 (restart 0) KSP residual norm 3.797093e-06
 32 (restart 0) KSP residual norm 2.895265e-06
 33 (restart 0) KSP residual norm 2.201253e-06
 34 (restart 0) KSP residual norm 1.673836e-06
 35 (restart 0) KSP residual norm 1.267397e-06
 36 (restart 0) KSP residual norm 9.527861e-07
 37 (restart 0) KSP residual norm 7.051722e-07
 38 (restart 0) KSP residual norm 5.295689e-07
 39 (restart 0) KSP residual norm 4.030927e-07
 40 (restart 0) KSP residual norm 2.998263e-07
 41 (restart 0) KSP residual norm 2.243155e-07
 42 (restart 0) KSP residual norm 1.693335e-07
 43 (restart 0) KSP residual norm 1.256145e-07
 44 (restart 0) KSP residual norm 9.746241e-08
 45 (restart 0) KSP residual norm 7.398484e-08
 46 (restart 0) KSP residual norm 5.554675e-08
 47 (restart 0) KSP residual norm 4.293190e-08
 48 (restart 0) KSP residual norm 3.247540e-08
 49 (restart 0) KSP residual norm 2.370571e-08
 50 (restart 0) KSP residual norm 1.699758e-08
 51 (restart 0) KSP residual norm 1.219900e-08
 52 (restart 0) KSP residual norm 8.672094e-09
GMRES solver converged in 52 iterations (avg. reduction factor: 7.005e-01)
  Residual norms for GMRES solve
  0 (restart 0) KSP residual norm 7.849783e-01
  1 (restart 0) KSP residual norm 8.354948e-02
  2 (restart 0) KSP residual norm 2.188027e-02
  3 (restart 0) KSP residual norm 9.234850e-03
  4 (restart 0) KSP residual norm 5.633514e-03
  5 (restart 0) KSP residual norm 3.572092e-03
  6 (restart 0) KSP residual norm 2.547356e-03
  7 (restart 0) KSP residual norm 1.878069e-03
  8 (restart 0) KSP residual norm 1.330943e-03
  9 (restart 0) KSP residual norm 9.469741e-04
 10 (restart 0) KSP residual norm 7.680262e-04
 11 (restart 0) KSP residual norm 5.926785e-04
 12 (restart 0) KSP residual norm 4.831992e-04
 13 (restart 0) KSP residual norm 3.991075e-04
 14 (restart 0) KSP residual norm 3.290686e-04
 15 (restart 0) KSP residual norm 2.565853e-04
 16 (restart 0) KSP residual norm 1.941199e-04
 17 (restart 0) KSP residual norm 1.489002e-04
 18 (restart 0) KSP residual norm 1.135767e-04
 19 (restart 0) KSP residual norm 8.784996e-05
 20 (restart 0) KSP residual norm 7.416991e-05
 21 (restart 0) KSP residual norm 5.395040e-05
 22 (restart 0) KSP residual norm 3.998787e-05
 23 (restart 0) KSP residual norm 3.087237e-05
 24 (restart 0) KSP residual norm 2.310700e-05
 25 (restart 0) KSP residual norm 1.778809e-05
 26 (restart 0) KSP residual norm 1.389556e-05
 27 (restart 0) KSP residual norm 1.081485e-05
 28 (restart 0) KSP residual norm 8.393269e-06
 29 (restart 0) KSP residual norm 6.312757e-06
 30 (restart 0) KSP residual norm 4.738590e-06
 31 (restart 0) KSP residual norm 3.614596e-06
 32 (restart 0) KSP residual norm 2.735562e-06
 33 (restart 0) KSP residual norm 2.076609e-06
 34 (restart 0) KSP residual norm 1.584768e-06
 35 (restart 0) KSP residual norm 1.177112e-06
 36 (restart 0) KSP residual norm 8.874913e-07
 37 (restart 0) KSP residual norm 6.657686e-07
 38 (restart 0) KSP residual norm 5.008598e-07
 39 (restart 0) KSP residual norm 3.783715e-07
 40 (restart 0) KSP residual norm 2.840302e-07
 41 (restart 0) KSP residual norm 2.099782e-07
 42 (restart 0) KSP residual norm 1.566572e-07
 43 (restart 0) KSP residual norm 1.159984e-07
 44 (restart 0) KSP residual norm 8.834298e-08
 45 (restart 0) KSP residual norm 6.620976e-08
 46 (restart 0) KSP residual norm 5.064933e-08
 47 (restart 0) KSP residual norm 3.918967e-08
 48 (restart 0) KSP residual norm 2.959059e-08
 49 (restart 0) KSP residual norm 2.142747e-08
 50 (restart 0) KSP residual norm 1.534164e-08
 51 (restart 0) KSP residual norm 1.075807e-08
 52 (restart 0) KSP residual norm 7.596535e-09
GMRES solver converged in 52 iterations (avg. reduction factor: 7.013e-01)
  Residual norms for GMRES solve
  0 (restart 0) KSP residual norm 9.584231e-01
  1 (restart 0) KSP residual norm 8.679857e-02
  2 (restart 0) KSP residual norm 2.480602e-02
  3 (restart 0) KSP residual norm 1.145003e-02
  4 (restart 0) KSP residual norm 6.810484e-03
  5 (restart 0) KSP residual norm 4.333660e-03
  6 (restart 0) KSP residual norm 3.380643e-03
  7 (restart 0) KSP residual norm 2.440755e-03
  8 (restart 0) KSP residual norm 1.696087e-03
  9 (restart 0) KSP residual norm 1.239648e-03
 10 (restart 0) KSP residual norm 9.576433e-04
 11 (restart 0) KSP residual norm 7.552393e-04
 12 (restart 0) KSP residual norm 6.193737e-04
 13 (restart 0) KSP residual norm 5.129978e-04
 14 (restart 0) KSP residual norm 4.229398e-04
 15 (restart 0) KSP residual norm 3.334694e-04
 16 (restart 0) KSP residual norm 2.526152e-04
 17 (restart 0) KSP residual norm 1.931416e-04
 18 (restart 0) KSP residual norm 1.425024e-04
 19 (restart 0) KSP residual norm 1.132992e-04
 20 (restart 0) KSP residual norm 9.262952e-05
 21 (restart 0) KSP residual norm 6.613439e-05
 22 (restart 0) KSP residual norm 4.912517e-05
 23 (restart 0) KSP residual norm 3.826481e-05
 24 (restart 0) KSP residual norm 2.886017e-05
 25 (restart 0) KSP residual norm 2.242666e-05
 26 (restart 0) KSP residual norm 1.756029e-05
 27 (restart 0) KSP residual norm 1.369496e-05
 28 (restart 0) KSP residual norm 1.062579e-05
 29 (restart 0) KSP residual norm 7.990483e-06
 30 (restart 0) KSP residual norm 6.007657e-06
 31 (restart 0) KSP residual norm 4.541159e-06
 32 (restart 0) KSP residual norm 3.429662e-06
 33 (restart 0) KSP residual norm 2.589136e-06
 34 (restart 0) KSP residual norm 1.948181e-06
 35 (restart 0) KSP residual norm 1.449214e-06
 36 (restart 0) KSP residual norm 1.089800e-06
 37 (restart 0) KSP residual norm 8.234232e-07
 38 (restart 0) KSP residual norm 6.171213e-07
 39 (restart 0) KSP residual norm 4.634967e-07
 40 (restart 0) KSP residual norm 3.495305e-07
 41 (restart 0) KSP residual norm 2.557839e-07
 42 (restart 0) KSP residual norm 1.891409e-07
 43 (restart 0) KSP residual norm 1.395428e-07
 44 (restart 0) KSP residual norm 1.046415e-07
 45 (restart 0) KSP residual norm 7.710605e-08
 46 (restart 0) KSP residual norm 5.849488e-08
 47 (restart 0) KSP residual norm 4.514672e-08
 48 (restart 0) KSP residual norm 3.393169e-08
 49 (restart 0) KSP residual norm 2.447811e-08
 50 (restart 0) KSP residual norm 1.765861e-08
 51 (restart 0) KSP residual norm 1.240083e-08
 52 (restart 0) KSP residual norm 8.735292e-09
GMRES solver converged in 52 iterations (avg. reduction factor: 7.005e-01)
  1 EPS nconv=4 first unconverged value (error) 4.90473e-05+0.603472i (9.91160293e-03)
  Residual norms for GMRES solve
  0 (restart 0) KSP residual norm 1.224578e+00
  1 (restart 0) KSP residual norm 9.824454e-02
  2 (restart 0) KSP residual norm 2.115353e-02
  3 (restart 0) KSP residual norm 8.052850e-03
  4 (restart 0) KSP residual norm 4.480897e-03
  5 (restart 0) KSP residual norm 3.003262e-03
  6 (restart 0) KSP residual norm 2.244762e-03
  7 (restart 0) KSP residual norm 1.628723e-03
  8 (restart 0) KSP residual norm 1.130177e-03
  9 (restart 0) KSP residual norm 8.460803e-04
 10 (restart 0) KSP residual norm 6.206285e-04
 11 (restart 0) KSP residual norm 4.954123e-04
 12 (restart 0) KSP residual norm 3.909085e-04
 13 (restart 0) KSP residual norm 3.232594e-04
 14 (restart 0) KSP residual norm 2.765325e-04
 15 (restart 0) KSP residual norm 2.155588e-04
 16 (restart 0) KSP residual norm 1.637651e-04
 17 (restart 0) KSP residual norm 1.232437e-04
 18 (restart 0) KSP residual norm 9.196014e-05
 19 (restart 0) KSP residual norm 7.523912e-05
 20 (restart 0) KSP residual norm 5.513132e-05
 21 (restart 0) KSP residual norm 4.010614e-05
 22 (restart 0) KSP residual norm 3.106061e-05
 23 (restart 0) KSP residual norm 2.417989e-05
 24 (restart 0) KSP residual norm 1.840638e-05
 25 (restart 0) KSP residual norm 1.423230e-05
 26 (restart 0) KSP residual norm 1.140381e-05
 27 (restart 0) KSP residual norm 9.013085e-06
 28 (restart 0) KSP residual norm 6.982187e-06
 29 (restart 0) KSP residual norm 5.339923e-06
 30 (restart 0) KSP residual norm 3.987557e-06
 31 (restart 0) KSP residual norm 2.978349e-06
 32 (restart 0) KSP residual norm 2.238777e-06
 33 (restart 0) KSP residual norm 1.671235e-06
 34 (restart 0) KSP residual norm 1.230507e-06
 35 (restart 0) KSP residual norm 9.096267e-07
 36 (restart 0) KSP residual norm 6.795879e-07
 37 (restart 0) KSP residual norm 5.146947e-07
 38 (restart 0) KSP residual norm 3.877651e-07
 39 (restart 0) KSP residual norm 2.938514e-07
 40 (restart 0) KSP residual norm 2.216949e-07
 41 (restart 0) KSP residual norm 1.642367e-07
 42 (restart 0) KSP residual norm 1.212103e-07
 43 (restart 0) KSP residual norm 8.809850e-08
 44 (restart 0) KSP residual norm 6.510043e-08
 45 (restart 0) KSP residual norm 4.745614e-08
 46 (restart 0) KSP residual norm 3.602745e-08
 47 (restart 0) KSP residual norm 2.772510e-08
 48 (restart 0) KSP residual norm 2.085970e-08
 49 (restart 0) KSP residual norm 1.520444e-08
 50 (restart 0) KSP residual norm 1.078387e-08
GMRES solver converged in 50 iterations (avg. reduction factor: 6.901e-01)
  Residual norms for GMRES solve
  0 (restart 0) KSP residual norm 8.620095e-01
  1 (restart 0) KSP residual norm 7.526487e-02
  2 (restart 0) KSP residual norm 2.229893e-02
  3 (restart 0) KSP residual norm 1.021911e-02
  4 (restart 0) KSP residual norm 6.113024e-03
  5 (restart 0) KSP residual norm 3.973874e-03
  6 (restart 0) KSP residual norm 3.055346e-03
  7 (restart 0) KSP residual norm 2.200259e-03
  8 (restart 0) KSP residual norm 1.544140e-03
  9 (restart 0) KSP residual norm 1.186308e-03
 10 (restart 0) KSP residual norm 8.398279e-04
 11 (restart 0) KSP residual norm 6.649812e-04
 12 (restart 0) KSP residual norm 5.248918e-04
 13 (restart 0) KSP residual norm 4.324077e-04
 14 (restart 0) KSP residual norm 3.650618e-04
 15 (restart 0) KSP residual norm 2.931983e-04
 16 (restart 0) KSP residual norm 2.287289e-04
 17 (restart 0) KSP residual norm 1.740377e-04
 18 (restart 0) KSP residual norm 1.301022e-04
 19 (restart 0) KSP residual norm 1.027009e-04
 20 (restart 0) KSP residual norm 7.628247e-05
 21 (restart 0) KSP residual norm 5.538151e-05
 22 (restart 0) KSP residual norm 4.273971e-05
 23 (restart 0) KSP residual norm 3.331602e-05
 24 (restart 0) KSP residual norm 2.498568e-05
 25 (restart 0) KSP residual norm 1.936157e-05
 26 (restart 0) KSP residual norm 1.557475e-05
 27 (restart 0) KSP residual norm 1.237995e-05
 28 (restart 0) KSP residual norm 9.704715e-06
 29 (restart 0) KSP residual norm 7.494156e-06
 30 (restart 0) KSP residual norm 5.628900e-06
 31 (restart 0) KSP residual norm 4.211635e-06
 32 (restart 0) KSP residual norm 3.168631e-06
 33 (restart 0) KSP residual norm 2.348580e-06
 34 (restart 0) KSP residual norm 1.719322e-06
 35 (restart 0) KSP residual norm 1.270699e-06
 36 (restart 0) KSP residual norm 9.417648e-07
 37 (restart 0) KSP residual norm 7.117668e-07
 38 (restart 0) KSP residual norm 5.340126e-07
 39 (restart 0) KSP residual norm 4.039868e-07
 40 (restart 0) KSP residual norm 3.069940e-07
 41 (restart 0) KSP residual norm 2.287614e-07
 42 (restart 0) KSP residual norm 1.699502e-07
 43 (restart 0) KSP residual norm 1.241166e-07
 44 (restart 0) KSP residual norm 9.175759e-08
 45 (restart 0) KSP residual norm 6.664978e-08
 46 (restart 0) KSP residual norm 5.037891e-08
 47 (restart 0) KSP residual norm 3.855758e-08
 48 (restart 0) KSP residual norm 2.913923e-08
 49 (restart 0) KSP residual norm 2.137336e-08
 50 (restart 0) KSP residual norm 1.521440e-08
 51 (restart 0) KSP residual norm 1.094599e-08
 52 (restart 0) KSP residual norm 7.828789e-09
GMRES solver converged in 52 iterations (avg. reduction factor: 7.004e-01)
  Residual norms for GMRES solve
  0 (restart 0) KSP residual norm 1.151790e+00
  1 (restart 0) KSP residual norm 8.058224e-02
  2 (restart 0) KSP residual norm 1.691783e-02
  3 (restart 0) KSP residual norm 6.113697e-03
  4 (restart 0) KSP residual norm 3.122094e-03
  5 (restart 0) KSP residual norm 1.916885e-03
  6 (restart 0) KSP residual norm 1.296090e-03
  7 (restart 0) KSP residual norm 9.277994e-04
  8 (restart 0) KSP residual norm 6.934975e-04
  9 (restart 0) KSP residual norm 5.500365e-04
 10 (restart 0) KSP residual norm 3.768098e-04
 11 (restart 0) KSP residual norm 2.952773e-04
 12 (restart 0) KSP residual norm 2.230992e-04
 13 (restart 0) KSP residual norm 1.819876e-04
 14 (restart 0) KSP residual norm 1.561058e-04
 15 (restart 0) KSP residual norm 1.250494e-04
 16 (restart 0) KSP residual norm 1.000694e-04
 17 (restart 0) KSP residual norm 7.696071e-05
 18 (restart 0) KSP residual norm 6.007179e-05
 19 (restart 0) KSP residual norm 4.639576e-05
 20 (restart 0) KSP residual norm 3.248491e-05
 21 (restart 0) KSP residual norm 2.378383e-05
 22 (restart 0) KSP residual norm 1.820670e-05
 23 (restart 0) KSP residual norm 1.423648e-05
 24 (restart 0) KSP residual norm 1.091037e-05
 25 (restart 0) KSP residual norm 8.449609e-06
 26 (restart 0) KSP residual norm 6.785039e-06
 27 (restart 0) KSP residual norm 5.437193e-06
 28 (restart 0) KSP residual norm 4.277348e-06
 29 (restart 0) KSP residual norm 3.354728e-06
 30 (restart 0) KSP residual norm 2.561157e-06
 31 (restart 0) KSP residual norm 1.949156e-06
 32 (restart 0) KSP residual norm 1.480586e-06
 33 (restart 0) KSP residual norm 1.104230e-06
 34 (restart 0) KSP residual norm 7.862665e-07
 35 (restart 0) KSP residual norm 5.702178e-07
 36 (restart 0) KSP residual norm 4.232685e-07
 37 (restart 0) KSP residual norm 3.212223e-07
 38 (restart 0) KSP residual norm 2.443086e-07
 39 (restart 0) KSP residual norm 1.819880e-07
 40 (restart 0) KSP residual norm 1.342604e-07
 41 (restart 0) KSP residual norm 9.761695e-08
 42 (restart 0) KSP residual norm 7.105040e-08
 43 (restart 0) KSP residual norm 5.055522e-08
 44 (restart 0) KSP residual norm 3.618983e-08
 45 (restart 0) KSP residual norm 2.659397e-08
 46 (restart 0) KSP residual norm 1.973273e-08
 47 (restart 0) KSP residual norm 1.499444e-08
 48 (restart 0) KSP residual norm 1.132342e-08
GMRES solver converged in 48 iterations (avg. reduction factor: 6.811e-01)
  Residual norms for GMRES solve
  0 (restart 0) KSP residual norm 1.144310e+00
  1 (restart 0) KSP residual norm 7.109710e-02
  2 (restart 0) KSP residual norm 1.890998e-02
  3 (restart 0) KSP residual norm 8.688667e-03
  4 (restart 0) KSP residual norm 5.161029e-03
  5 (restart 0) KSP residual norm 3.416545e-03
  6 (restart 0) KSP residual norm 2.609772e-03
  7 (restart 0) KSP residual norm 1.992850e-03
  8 (restart 0) KSP residual norm 1.524955e-03
  9 (restart 0) KSP residual norm 1.053440e-03
 10 (restart 0) KSP residual norm 7.910179e-04
 11 (restart 0) KSP residual norm 6.554790e-04
 12 (restart 0) KSP residual norm 5.194211e-04
 13 (restart 0) KSP residual norm 4.500484e-04
 14 (restart 0) KSP residual norm 3.697433e-04
 15 (restart 0) KSP residual norm 2.880128e-04
 16 (restart 0) KSP residual norm 2.132226e-04
 17 (restart 0) KSP residual norm 1.653624e-04
 18 (restart 0) KSP residual norm 1.252260e-04
 19 (restart 0) KSP residual norm 9.294069e-05
 20 (restart 0) KSP residual norm 7.269348e-05
 21 (restart 0) KSP residual norm 5.432373e-05
 22 (restart 0) KSP residual norm 4.079434e-05
 23 (restart 0) KSP residual norm 3.130725e-05
 24 (restart 0) KSP residual norm 2.380354e-05
 25 (restart 0) KSP residual norm 1.908840e-05
 26 (restart 0) KSP residual norm 1.523875e-05
 27 (restart 0) KSP residual norm 1.183634e-05
 28 (restart 0) KSP residual norm 9.183241e-06
 29 (restart 0) KSP residual norm 6.884533e-06
 30 (restart 0) KSP residual norm 5.175861e-06
 31 (restart 0) KSP residual norm 3.911372e-06
 32 (restart 0) KSP residual norm 2.943353e-06
 33 (restart 0) KSP residual norm 2.184834e-06
 34 (restart 0) KSP residual norm 1.630485e-06
 35 (restart 0) KSP residual norm 1.218021e-06
 36 (restart 0) KSP residual norm 9.226766e-07
 37 (restart 0) KSP residual norm 6.926424e-07
 38 (restart 0) KSP residual norm 5.180830e-07
 39 (restart 0) KSP residual norm 3.805466e-07
 40 (restart 0) KSP residual norm 2.833988e-07
 41 (restart 0) KSP residual norm 2.059385e-07
 42 (restart 0) KSP residual norm 1.501117e-07
 43 (restart 0) KSP residual norm 1.074958e-07
 44 (restart 0) KSP residual norm 7.960228e-08
 45 (restart 0) KSP residual norm 5.993940e-08
 46 (restart 0) KSP residual norm 4.453125e-08
 47 (restart 0) KSP residual norm 3.409808e-08
 48 (restart 0) KSP residual norm 2.540462e-08
 49 (restart 0) KSP residual norm 1.880125e-08
 50 (restart 0) KSP residual norm 1.351367e-08
 51 (restart 0) KSP residual norm 9.692606e-09
GMRES solver converged in 51 iterations (avg. reduction factor: 6.946e-01)
  Residual norms for GMRES solve
  0 (restart 0) KSP residual norm 1.169168e+00
  1 (restart 0) KSP residual norm 8.418609e-02
  2 (restart 0) KSP residual norm 2.198441e-02
  3 (restart 0) KSP residual norm 9.992918e-03
  4 (restart 0) KSP residual norm 5.633317e-03
  5 (restart 0) KSP residual norm 3.752913e-03
  6 (restart 0) KSP residual norm 2.825750e-03
  7 (restart 0) KSP residual norm 2.148507e-03
  8 (restart 0) KSP residual norm 1.618179e-03
  9 (restart 0) KSP residual norm 1.096204e-03
 10 (restart 0) KSP residual norm 8.396590e-04
 11 (restart 0) KSP residual norm 6.705629e-04
 12 (restart 0) KSP residual norm 5.481728e-04
 13 (restart 0) KSP residual norm 4.699859e-04
 14 (restart 0) KSP residual norm 3.828217e-04
 15 (restart 0) KSP residual norm 3.001850e-04
 16 (restart 0) KSP residual norm 2.250497e-04
 17 (restart 0) KSP residual norm 1.757036e-04
 18 (restart 0) KSP residual norm 1.292586e-04
 19 (restart 0) KSP residual norm 9.617955e-05
 20 (restart 0) KSP residual norm 7.732907e-05
 21 (restart 0) KSP residual norm 5.704383e-05
 22 (restart 0) KSP residual norm 4.242290e-05
 23 (restart 0) KSP residual norm 3.251048e-05
 24 (restart 0) KSP residual norm 2.501649e-05
 25 (restart 0) KSP residual norm 2.030599e-05
 26 (restart 0) KSP residual norm 1.604153e-05
 27 (restart 0) KSP residual norm 1.239800e-05
 28 (restart 0) KSP residual norm 9.696612e-06
 29 (restart 0) KSP residual norm 7.186344e-06
 30 (restart 0) KSP residual norm 5.452963e-06
 31 (restart 0) KSP residual norm 4.097741e-06
 32 (restart 0) KSP residual norm 3.080417e-06
 33 (restart 0) KSP residual norm 2.300062e-06
 34 (restart 0) KSP residual norm 1.728839e-06
 35 (restart 0) KSP residual norm 1.283371e-06
 36 (restart 0) KSP residual norm 9.694911e-07
 37 (restart 0) KSP residual norm 7.264226e-07
 38 (restart 0) KSP residual norm 5.419033e-07
 39 (restart 0) KSP residual norm 4.016705e-07
 40 (restart 0) KSP residual norm 3.034706e-07
 41 (restart 0) KSP residual norm 2.232458e-07
 42 (restart 0) KSP residual norm 1.621901e-07
 43 (restart 0) KSP residual norm 1.180807e-07
 44 (restart 0) KSP residual norm 8.823319e-08
 45 (restart 0) KSP residual norm 6.579713e-08
 46 (restart 0) KSP residual norm 4.893772e-08
 47 (restart 0) KSP residual norm 3.754113e-08
 48 (restart 0) KSP residual norm 2.817736e-08
 49 (restart 0) KSP residual norm 2.063974e-08
 50 (restart 0) KSP residual norm 1.496747e-08
 51 (restart 0) KSP residual norm 1.068611e-08
GMRES solver converged in 51 iterations (avg. reduction factor: 6.956e-01)
  Residual norms for GMRES solve
  0 (restart 0) KSP residual norm 1.246184e+00
  1 (restart 0) KSP residual norm 9.864602e-02
  2 (restart 0) KSP residual norm 2.279281e-02
  3 (restart 0) KSP residual norm 8.757383e-03
  4 (restart 0) KSP residual norm 4.704563e-03
  5 (restart 0) KSP residual norm 3.150435e-03
  6 (restart 0) KSP residual norm 2.188771e-03
  7 (restart 0) KSP residual norm 1.609871e-03
  8 (restart 0) KSP residual norm 1.284578e-03
  9 (restart 0) KSP residual norm 8.807497e-04
 10 (restart 0) KSP residual norm 6.479667e-04
 11 (restart 0) KSP residual norm 4.980538e-04
 12 (restart 0) KSP residual norm 4.107377e-04
 13 (restart 0) KSP residual norm 3.455432e-04
 14 (restart 0) KSP residual norm 2.816928e-04
 15 (restart 0) KSP residual norm 2.271169e-04
 16 (restart 0) KSP residual norm 1.751874e-04
 17 (restart 0) KSP residual norm 1.407699e-04
 18 (restart 0) KSP residual norm 1.021056e-04
 19 (restart 0) KSP residual norm 7.364768e-05
 20 (restart 0) KSP residual norm 5.674810e-05
 21 (restart 0) KSP residual norm 4.263170e-05
 22 (restart 0) KSP residual norm 3.222097e-05
 23 (restart 0) KSP residual norm 2.448246e-05
 24 (restart 0) KSP residual norm 1.897420e-05
 25 (restart 0) KSP residual norm 1.525696e-05
 26 (restart 0) KSP residual norm 1.223698e-05
 27 (restart 0) KSP residual norm 9.623980e-06
 28 (restart 0) KSP residual norm 7.616850e-06
 29 (restart 0) KSP residual norm 5.693698e-06
 30 (restart 0) KSP residual norm 4.347090e-06
 31 (restart 0) KSP residual norm 3.259644e-06
 32 (restart 0) KSP residual norm 2.467015e-06
 33 (restart 0) KSP residual norm 1.817982e-06
 34 (restart 0) KSP residual norm 1.336701e-06
 35 (restart 0) KSP residual norm 9.748916e-07
 36 (restart 0) KSP residual norm 7.257444e-07
 37 (restart 0) KSP residual norm 5.461210e-07
 38 (restart 0) KSP residual norm 4.021587e-07
 39 (restart 0) KSP residual norm 2.991833e-07
 40 (restart 0) KSP residual norm 2.301987e-07
 41 (restart 0) KSP residual norm 1.705867e-07
 42 (restart 0) KSP residual norm 1.255823e-07
 43 (restart 0) KSP residual norm 9.225265e-08
 44 (restart 0) KSP residual norm 6.869977e-08
 45 (restart 0) KSP residual norm 5.072028e-08
 46 (restart 0) KSP residual norm 3.777530e-08
 47 (restart 0) KSP residual norm 2.911120e-08
 48 (restart 0) KSP residual norm 2.219912e-08
 49 (restart 0) KSP residual norm 1.658332e-08
 50 (restart 0) KSP residual norm 1.208648e-08
GMRES solver converged in 50 iterations (avg. reduction factor: 6.914e-01)
  Residual norms for GMRES solve
  0 (restart 0) KSP residual norm 9.719562e-01
  1 (restart 0) KSP residual norm 7.688701e-02
  2 (restart 0) KSP residual norm 2.137869e-02
  3 (restart 0) KSP residual norm 1.002838e-02
  4 (restart 0) KSP residual norm 5.459487e-03
  5 (restart 0) KSP residual norm 3.828672e-03
  6 (restart 0) KSP residual norm 2.825879e-03
  7 (restart 0) KSP residual norm 2.055051e-03
  8 (restart 0) KSP residual norm 1.581678e-03
  9 (restart 0) KSP residual norm 1.058652e-03
 10 (restart 0) KSP residual norm 8.275867e-04
 11 (restart 0) KSP residual norm 6.576918e-04
 12 (restart 0) KSP residual norm 5.628641e-04
 13 (restart 0) KSP residual norm 4.598564e-04
 14 (restart 0) KSP residual norm 3.783776e-04
 15 (restart 0) KSP residual norm 2.958371e-04
 16 (restart 0) KSP residual norm 2.258176e-04
 17 (restart 0) KSP residual norm 1.802725e-04
 18 (restart 0) KSP residual norm 1.317972e-04
 19 (restart 0) KSP residual norm 9.548089e-05
 20 (restart 0) KSP residual norm 7.277075e-05
 21 (restart 0) KSP residual norm 5.464113e-05
 22 (restart 0) KSP residual norm 4.206195e-05
 23 (restart 0) KSP residual norm 3.214351e-05
 24 (restart 0) KSP residual norm 2.491029e-05
 25 (restart 0) KSP residual norm 1.973946e-05
 26 (restart 0) KSP residual norm 1.602833e-05
 27 (restart 0) KSP residual norm 1.249421e-05
 28 (restart 0) KSP residual norm 9.849361e-06
 29 (restart 0) KSP residual norm 7.300194e-06
 30 (restart 0) KSP residual norm 5.581905e-06
 31 (restart 0) KSP residual norm 4.203456e-06
 32 (restart 0) KSP residual norm 3.153551e-06
 33 (restart 0) KSP residual norm 2.305936e-06
 34 (restart 0) KSP residual norm 1.672729e-06
 35 (restart 0) KSP residual norm 1.230379e-06
 36 (restart 0) KSP residual norm 9.334088e-07
 37 (restart 0) KSP residual norm 7.067848e-07
 38 (restart 0) KSP residual norm 5.152657e-07
 39 (restart 0) KSP residual norm 3.791170e-07
 40 (restart 0) KSP residual norm 2.863344e-07
 41 (restart 0) KSP residual norm 2.040708e-07
 42 (restart 0) KSP residual norm 1.485182e-07
 43 (restart 0) KSP residual norm 1.071527e-07
 44 (restart 0) KSP residual norm 7.782243e-08
 45 (restart 0) KSP residual norm 5.708405e-08
 46 (restart 0) KSP residual norm 4.231840e-08
 47 (restart 0) KSP residual norm 3.212934e-08
 48 (restart 0) KSP residual norm 2.437567e-08
 49 (restart 0) KSP residual norm 1.847431e-08
 50 (restart 0) KSP residual norm 1.354131e-08
 51 (restart 0) KSP residual norm 9.834829e-09
 52 (restart 0) KSP residual norm 7.104504e-09
GMRES solver converged in 52 iterations (avg. reduction factor: 6.975e-01)
  Residual norms for GMRES solve
  0 (restart 0) KSP residual norm 1.013967e+00
  1 (restart 0) KSP residual norm 7.858777e-02
  2 (restart 0) KSP residual norm 2.050362e-02
  3 (restart 0) KSP residual norm 9.116833e-03
  4 (restart 0) KSP residual norm 5.134997e-03
  5 (restart 0) KSP residual norm 3.762433e-03
  6 (restart 0) KSP residual norm 2.830111e-03
  7 (restart 0) KSP residual norm 1.982697e-03
  8 (restart 0) KSP residual norm 1.460547e-03
  9 (restart 0) KSP residual norm 9.828598e-04
 10 (restart 0) KSP residual norm 7.753981e-04
 11 (restart 0) KSP residual norm 6.250609e-04
 12 (restart 0) KSP residual norm 5.326610e-04
 13 (restart 0) KSP residual norm 4.233107e-04
 14 (restart 0) KSP residual norm 3.540513e-04
 15 (restart 0) KSP residual norm 2.739954e-04
 16 (restart 0) KSP residual norm 2.083455e-04
 17 (restart 0) KSP residual norm 1.630296e-04
 18 (restart 0) KSP residual norm 1.243607e-04
 19 (restart 0) KSP residual norm 9.098741e-05
 20 (restart 0) KSP residual norm 6.948225e-05
 21 (restart 0) KSP residual norm 5.245104e-05
 22 (restart 0) KSP residual norm 3.941517e-05
 23 (restart 0) KSP residual norm 3.016688e-05
 24 (restart 0) KSP residual norm 2.339844e-05
 25 (restart 0) KSP residual norm 1.838190e-05
 26 (restart 0) KSP residual norm 1.468279e-05
 27 (restart 0) KSP residual norm 1.130815e-05
 28 (restart 0) KSP residual norm 8.868171e-06
 29 (restart 0) KSP residual norm 6.715975e-06
 30 (restart 0) KSP residual norm 5.088854e-06
 31 (restart 0) KSP residual norm 3.808847e-06
 32 (restart 0) KSP residual norm 2.840151e-06
 33 (restart 0) KSP residual norm 2.112878e-06
 34 (restart 0) KSP residual norm 1.567588e-06
 35 (restart 0) KSP residual norm 1.181504e-06
 36 (restart 0) KSP residual norm 9.006576e-07
 37 (restart 0) KSP residual norm 6.723082e-07
 38 (restart 0) KSP residual norm 4.905680e-07
 39 (restart 0) KSP residual norm 3.624971e-07
 40 (restart 0) KSP residual norm 2.689447e-07
 41 (restart 0) KSP residual norm 1.941770e-07
 42 (restart 0) KSP residual norm 1.435431e-07
 43 (restart 0) KSP residual norm 1.038191e-07
 44 (restart 0) KSP residual norm 7.607742e-08
 45 (restart 0) KSP residual norm 5.542412e-08
 46 (restart 0) KSP residual norm 4.096958e-08
 47 (restart 0) KSP residual norm 3.059671e-08
 48 (restart 0) KSP residual norm 2.300094e-08
 49 (restart 0) KSP residual norm 1.723011e-08
 50 (restart 0) KSP residual norm 1.254888e-08
 51 (restart 0) KSP residual norm 9.055391e-09
GMRES solver converged in 51 iterations (avg. reduction factor: 6.953e-01)
  Residual norms for GMRES solve
  0 (restart 0) KSP residual norm 1.034944e+00
  1 (restart 0) KSP residual norm 9.029652e-02
  2 (restart 0) KSP residual norm 2.392249e-02
  3 (restart 0) KSP residual norm 1.056379e-02
  4 (restart 0) KSP residual norm 6.199231e-03
  5 (restart 0) KSP residual norm 4.600575e-03
  6 (restart 0) KSP residual norm 3.324747e-03
  7 (restart 0) KSP residual norm 2.290742e-03
  8 (restart 0) KSP residual norm 1.630247e-03
  9 (restart 0) KSP residual norm 1.145168e-03
 10 (restart 0) KSP residual norm 9.023701e-04
 11 (restart 0) KSP residual norm 7.219017e-04
 12 (restart 0) KSP residual norm 6.017040e-04
 13 (restart 0) KSP residual norm 4.835163e-04
 14 (restart 0) KSP residual norm 4.082404e-04
 15 (restart 0) KSP residual norm 3.187102e-04
 16 (restart 0) KSP residual norm 2.431635e-04
 17 (restart 0) KSP residual norm 1.889989e-04
 18 (restart 0) KSP residual norm 1.450957e-04
 19 (restart 0) KSP residual norm 1.054559e-04
 20 (restart 0) KSP residual norm 8.155664e-05
 21 (restart 0) KSP residual norm 6.119287e-05
 22 (restart 0) KSP residual norm 4.530713e-05
 23 (restart 0) KSP residual norm 3.455125e-05
 24 (restart 0) KSP residual norm 2.685693e-05
 25 (restart 0) KSP residual norm 2.136122e-05
 26 (restart 0) KSP residual norm 1.693661e-05
 27 (restart 0) KSP residual norm 1.310596e-05
 28 (restart 0) KSP residual norm 1.035746e-05
 29 (restart 0) KSP residual norm 7.892749e-06
 30 (restart 0) KSP residual norm 5.911412e-06
 31 (restart 0) KSP residual norm 4.403303e-06
 32 (restart 0) KSP residual norm 3.291964e-06
 33 (restart 0) KSP residual norm 2.466165e-06
 34 (restart 0) KSP residual norm 1.853837e-06
 35 (restart 0) KSP residual norm 1.396138e-06
 36 (restart 0) KSP residual norm 1.046478e-06
 37 (restart 0) KSP residual norm 7.741467e-07
 38 (restart 0) KSP residual norm 5.620583e-07
 39 (restart 0) KSP residual norm 4.176178e-07
 40 (restart 0) KSP residual norm 3.115244e-07
 41 (restart 0) KSP residual norm 2.294220e-07
 42 (restart 0) KSP residual norm 1.711826e-07
 43 (restart 0) KSP residual norm 1.252105e-07
 44 (restart 0) KSP residual norm 9.153193e-08
 45 (restart 0) KSP residual norm 6.741089e-08
 46 (restart 0) KSP residual norm 4.990344e-08
 47 (restart 0) KSP residual norm 3.722559e-08
 48 (restart 0) KSP residual norm 2.805589e-08
 49 (restart 0) KSP residual norm 2.114585e-08
 50 (restart 0) KSP residual norm 1.564361e-08
 51 (restart 0) KSP residual norm 1.139274e-08
 52 (restart 0) KSP residual norm 7.987923e-09
GMRES solver converged in 52 iterations (avg. reduction factor: 6.982e-01)
  Residual norms for GMRES solve
  0 (restart 0) KSP residual norm 9.743852e-01
  1 (restart 0) KSP residual norm 8.018494e-02
  2 (restart 0) KSP residual norm 2.138014e-02
  3 (restart 0) KSP residual norm 8.731500e-03
  4 (restart 0) KSP residual norm 5.017421e-03
  5 (restart 0) KSP residual norm 3.622648e-03
  6 (restart 0) KSP residual norm 2.425227e-03
  7 (restart 0) KSP residual norm 1.582802e-03
  8 (restart 0) KSP residual norm 1.158422e-03
  9 (restart 0) KSP residual norm 8.410408e-04
 10 (restart 0) KSP residual norm 6.695497e-04
 11 (restart 0) KSP residual norm 5.253902e-04
 12 (restart 0) KSP residual norm 4.312258e-04
 13 (restart 0) KSP residual norm 3.528027e-04
 14 (restart 0) KSP residual norm 2.997085e-04
 15 (restart 0) KSP residual norm 2.380348e-04
 16 (restart 0) KSP residual norm 1.815841e-04
 17 (restart 0) KSP residual norm 1.354433e-04
 18 (restart 0) KSP residual norm 9.954524e-05
 19 (restart 0) KSP residual norm 7.511022e-05
 20 (restart 0) KSP residual norm 5.674136e-05
 21 (restart 0) KSP residual norm 4.102628e-05
 22 (restart 0) KSP residual norm 3.100421e-05
 23 (restart 0) KSP residual norm 2.372332e-05
 24 (restart 0) KSP residual norm 1.892566e-05
 25 (restart 0) KSP residual norm 1.603101e-05
 26 (restart 0) KSP residual norm 1.271890e-05
 27 (restart 0) KSP residual norm 1.003923e-05
 28 (restart 0) KSP residual norm 8.004721e-06
 29 (restart 0) KSP residual norm 6.241273e-06
 30 (restart 0) KSP residual norm 4.619524e-06
 31 (restart 0) KSP residual norm 3.287778e-06
 32 (restart 0) KSP residual norm 2.415464e-06
 33 (restart 0) KSP residual norm 1.792940e-06
 34 (restart 0) KSP residual norm 1.339712e-06
 35 (restart 0) KSP residual norm 9.816345e-07
 36 (restart 0) KSP residual norm 7.240091e-07
 37 (restart 0) KSP residual norm 5.305872e-07
 38 (restart 0) KSP residual norm 3.855909e-07
 39 (restart 0) KSP residual norm 2.858755e-07
 40 (restart 0) KSP residual norm 2.146122e-07
 41 (restart 0) KSP residual norm 1.614585e-07
 42 (restart 0) KSP residual norm 1.204653e-07
 43 (restart 0) KSP residual norm 8.740113e-08
 44 (restart 0) KSP residual norm 6.357529e-08
 45 (restart 0) KSP residual norm 4.676379e-08
 46 (restart 0) KSP residual norm 3.435648e-08
 47 (restart 0) KSP residual norm 2.558814e-08
 48 (restart 0) KSP residual norm 1.935976e-08
 49 (restart 0) KSP residual norm 1.468803e-08
 50 (restart 0) KSP residual norm 1.092070e-08
 51 (restart 0) KSP residual norm 8.170847e-09
GMRES solver converged in 51 iterations (avg. reduction factor: 6.944e-01)
  Residual norms for GMRES solve
  0 (restart 0) KSP residual norm 9.089178e-01
  1 (restart 0) KSP residual norm 8.018719e-02
  2 (restart 0) KSP residual norm 2.517145e-02
  3 (restart 0) KSP residual norm 1.152417e-02
  4 (restart 0) KSP residual norm 6.735034e-03
  5 (restart 0) KSP residual norm 5.028277e-03
  6 (restart 0) KSP residual norm 3.515266e-03
  7 (restart 0) KSP residual norm 2.460052e-03
  8 (restart 0) KSP residual norm 1.820688e-03
  9 (restart 0) KSP residual norm 1.380002e-03
 10 (restart 0) KSP residual norm 1.111292e-03
 11 (restart 0) KSP residual norm 9.053444e-04
 12 (restart 0) KSP residual norm 7.558223e-04
 13 (restart 0) KSP residual norm 6.230944e-04
 14 (restart 0) KSP residual norm 5.344375e-04
 15 (restart 0) KSP residual norm 4.087835e-04
 16 (restart 0) KSP residual norm 2.826235e-04
 17 (restart 0) KSP residual norm 2.115398e-04
 18 (restart 0) KSP residual norm 1.540755e-04
 19 (restart 0) KSP residual norm 1.219577e-04
 20 (restart 0) KSP residual norm 9.054794e-05
 21 (restart 0) KSP residual norm 6.462437e-05
 22 (restart 0) KSP residual norm 4.953618e-05
 23 (restart 0) KSP residual norm 3.899452e-05
 24 (restart 0) KSP residual norm 3.243722e-05
 25 (restart 0) KSP residual norm 2.713782e-05
 26 (restart 0) KSP residual norm 2.149880e-05
 27 (restart 0) KSP residual norm 1.640360e-05
 28 (restart 0) KSP residual norm 1.258140e-05
 29 (restart 0) KSP residual norm 9.667418e-06
 30 (restart 0) KSP residual norm 7.097784e-06
 31 (restart 0) KSP residual norm 4.954580e-06
 32 (restart 0) KSP residual norm 3.597769e-06
 33 (restart 0) KSP residual norm 2.631962e-06
 34 (restart 0) KSP residual norm 1.947608e-06
 35 (restart 0) KSP residual norm 1.432004e-06
 36 (restart 0) KSP residual norm 1.085859e-06
 37 (restart 0) KSP residual norm 8.270810e-07
 38 (restart 0) KSP residual norm 6.253582e-07
 39 (restart 0) KSP residual norm 4.708348e-07
 40 (restart 0) KSP residual norm 3.504445e-07
 41 (restart 0) KSP residual norm 2.570786e-07
 42 (restart 0) KSP residual norm 1.824021e-07
 43 (restart 0) KSP residual norm 1.274475e-07
 44 (restart 0) KSP residual norm 9.040969e-08
 45 (restart 0) KSP residual norm 6.714745e-08
 46 (restart 0) KSP residual norm 4.954613e-08
 47 (restart 0) KSP residual norm 3.710749e-08
 48 (restart 0) KSP residual norm 2.785621e-08
 49 (restart 0) KSP residual norm 2.066779e-08
 50 (restart 0) KSP residual norm 1.495919e-08
 51 (restart 0) KSP residual norm 1.058515e-08
 52 (restart 0) KSP residual norm 7.616200e-09
GMRES solver converged in 52 iterations (avg. reduction factor: 6.993e-01)
  Residual norms for GMRES solve
  0 (restart 0) KSP residual norm 1.066465e+00
  1 (restart 0) KSP residual norm 7.441277e-02
  2 (restart 0) KSP residual norm 1.977072e-02
  3 (restart 0) KSP residual norm 9.428053e-03
  4 (restart 0) KSP residual norm 5.844180e-03
  5 (restart 0) KSP residual norm 3.854285e-03
  6 (restart 0) KSP residual norm 2.933281e-03
  7 (restart 0) KSP residual norm 2.088456e-03
  8 (restart 0) KSP residual norm 1.533559e-03
  9 (restart 0) KSP residual norm 1.114075e-03
 10 (restart 0) KSP residual norm 8.730882e-04
 11 (restart 0) KSP residual norm 7.074857e-04
 12 (restart 0) KSP residual norm 6.081797e-04
 13 (restart 0) KSP residual norm 4.889013e-04
 14 (restart 0) KSP residual norm 4.155360e-04
 15 (restart 0) KSP residual norm 3.216487e-04
 16 (restart 0) KSP residual norm 2.253358e-04
 17 (restart 0) KSP residual norm 1.698144e-04
 18 (restart 0) KSP residual norm 1.244565e-04
 19 (restart 0) KSP residual norm 9.740315e-05
 20 (restart 0) KSP residual norm 7.259270e-05
 21 (restart 0) KSP residual norm 5.243189e-05
 22 (restart 0) KSP residual norm 3.975947e-05
 23 (restart 0) KSP residual norm 3.143414e-05
 24 (restart 0) KSP residual norm 2.562900e-05
 25 (restart 0) KSP residual norm 2.115399e-05
 26 (restart 0) KSP residual norm 1.670576e-05
 27 (restart 0) KSP residual norm 1.275130e-05
 28 (restart 0) KSP residual norm 9.759160e-06
 29 (restart 0) KSP residual norm 7.565197e-06
 30 (restart 0) KSP residual norm 5.597365e-06
 31 (restart 0) KSP residual norm 4.010741e-06
 32 (restart 0) KSP residual norm 2.926534e-06
 33 (restart 0) KSP residual norm 2.145983e-06
 34 (restart 0) KSP residual norm 1.582423e-06
 35 (restart 0) KSP residual norm 1.170957e-06
 36 (restart 0) KSP residual norm 8.842022e-07
 37 (restart 0) KSP residual norm 6.757438e-07
 38 (restart 0) KSP residual norm 5.088473e-07
 39 (restart 0) KSP residual norm 3.780303e-07
 40 (restart 0) KSP residual norm 2.775584e-07
 41 (restart 0) KSP residual norm 1.994399e-07
 42 (restart 0) KSP residual norm 1.441899e-07
 43 (restart 0) KSP residual norm 1.019071e-07
 44 (restart 0) KSP residual norm 7.303865e-08
 45 (restart 0) KSP residual norm 5.471262e-08
 46 (restart 0) KSP residual norm 4.060735e-08
 47 (restart 0) KSP residual norm 3.060301e-08
 48 (restart 0) KSP residual norm 2.303109e-08
 49 (restart 0) KSP residual norm 1.710250e-08
 50 (restart 0) KSP residual norm 1.240731e-08
 51 (restart 0) KSP residual norm 8.813233e-09
GMRES solver converged in 51 iterations (avg. reduction factor: 6.942e-01)
  2 EPS nconv=9 first unconverged value (error) 0.0017444+0.708701i (2.54794244e-02)
  Residual norms for GMRES solve
  0 (restart 0) KSP residual norm 1.112330e+00
  1 (restart 0) KSP residual norm 9.321807e-02
  2 (restart 0) KSP residual norm 2.644717e-02
  3 (restart 0) KSP residual norm 9.493863e-03
  4 (restart 0) KSP residual norm 5.384310e-03
  5 (restart 0) KSP residual norm 3.381118e-03
  6 (restart 0) KSP residual norm 2.708503e-03
  7 (restart 0) KSP residual norm 1.826269e-03
  8 (restart 0) KSP residual norm 1.312900e-03
  9 (restart 0) KSP residual norm 9.477450e-04
 10 (restart 0) KSP residual norm 7.482494e-04
 11 (restart 0) KSP residual norm 5.836248e-04
 12 (restart 0) KSP residual norm 4.888055e-04
 13 (restart 0) KSP residual norm 3.959637e-04
 14 (restart 0) KSP residual norm 3.365758e-04
 15 (restart 0) KSP residual norm 2.654523e-04
 16 (restart 0) KSP residual norm 1.970124e-04
 17 (restart 0) KSP residual norm 1.473574e-04
 18 (restart 0) KSP residual norm 1.067943e-04
 19 (restart 0) KSP residual norm 8.307706e-05
 20 (restart 0) KSP residual norm 6.246069e-05
 21 (restart 0) KSP residual norm 4.644053e-05
 22 (restart 0) KSP residual norm 3.448729e-05
 23 (restart 0) KSP residual norm 2.649093e-05
 24 (restart 0) KSP residual norm 2.103561e-05
 25 (restart 0) KSP residual norm 1.679453e-05
 26 (restart 0) KSP residual norm 1.339545e-05
 27 (restart 0) KSP residual norm 1.054716e-05
 28 (restart 0) KSP residual norm 8.108498e-06
 29 (restart 0) KSP residual norm 6.282721e-06
 30 (restart 0) KSP residual norm 4.781306e-06
 31 (restart 0) KSP residual norm 3.552829e-06
 32 (restart 0) KSP residual norm 2.601505e-06
 33 (restart 0) KSP residual norm 1.921371e-06
 34 (restart 0) KSP residual norm 1.415030e-06
 35 (restart 0) KSP residual norm 1.041760e-06
 36 (restart 0) KSP residual norm 7.810513e-07
 37 (restart 0) KSP residual norm 5.868332e-07
 38 (restart 0) KSP residual norm 4.411637e-07
 39 (restart 0) KSP residual norm 3.257317e-07
 40 (restart 0) KSP residual norm 2.426271e-07
 41 (restart 0) KSP residual norm 1.719304e-07
 42 (restart 0) KSP residual norm 1.265740e-07
 43 (restart 0) KSP residual norm 9.004628e-08
 44 (restart 0) KSP residual norm 6.505309e-08
 45 (restart 0) KSP residual norm 4.793018e-08
 46 (restart 0) KSP residual norm 3.580284e-08
 47 (restart 0) KSP residual norm 2.745445e-08
 48 (restart 0) KSP residual norm 2.032645e-08
 49 (restart 0) KSP residual norm 1.508171e-08
 50 (restart 0) KSP residual norm 1.101543e-08
GMRES solver converged in 50 iterations (avg. reduction factor: 6.917e-01)
  Residual norms for GMRES solve
  0 (restart 0) KSP residual norm 9.835002e-01
  1 (restart 0) KSP residual norm 7.259873e-02
  2 (restart 0) KSP residual norm 1.954837e-02
  3 (restart 0) KSP residual norm 9.091724e-03
  4 (restart 0) KSP residual norm 5.507807e-03
  5 (restart 0) KSP residual norm 3.416062e-03
  6 (restart 0) KSP residual norm 2.654925e-03
  7 (restart 0) KSP residual norm 1.791383e-03
  8 (restart 0) KSP residual norm 1.259141e-03
  9 (restart 0) KSP residual norm 9.353608e-04
 10 (restart 0) KSP residual norm 7.268041e-04
 11 (restart 0) KSP residual norm 5.410279e-04
 12 (restart 0) KSP residual norm 4.454254e-04
 13 (restart 0) KSP residual norm 3.588089e-04
 14 (restart 0) KSP residual norm 3.081364e-04
 15 (restart 0) KSP residual norm 2.469776e-04
 16 (restart 0) KSP residual norm 1.906440e-04
 17 (restart 0) KSP residual norm 1.410145e-04
 18 (restart 0) KSP residual norm 1.082722e-04
 19 (restart 0) KSP residual norm 8.257429e-05
 20 (restart 0) KSP residual norm 6.228303e-05
 21 (restart 0) KSP residual norm 4.764553e-05
 22 (restart 0) KSP residual norm 3.578349e-05
 23 (restart 0) KSP residual norm 2.735418e-05
 24 (restart 0) KSP residual norm 2.130392e-05
 25 (restart 0) KSP residual norm 1.633503e-05
 26 (restart 0) KSP residual norm 1.300902e-05
 27 (restart 0) KSP residual norm 1.022526e-05
 28 (restart 0) KSP residual norm 7.881714e-06
 29 (restart 0) KSP residual norm 6.211054e-06
 30 (restart 0) KSP residual norm 4.730256e-06
 31 (restart 0) KSP residual norm 3.611933e-06
 32 (restart 0) KSP residual norm 2.690213e-06
 33 (restart 0) KSP residual norm 1.985311e-06
 34 (restart 0) KSP residual norm 1.474949e-06
 35 (restart 0) KSP residual norm 1.088282e-06
 36 (restart 0) KSP residual norm 8.108906e-07
 37 (restart 0) KSP residual norm 6.132222e-07
 38 (restart 0) KSP residual norm 4.578969e-07
 39 (restart 0) KSP residual norm 3.428563e-07
 40 (restart 0) KSP residual norm 2.557286e-07
 41 (restart 0) KSP residual norm 1.812718e-07
 42 (restart 0) KSP residual norm 1.338548e-07
 43 (restart 0) KSP residual norm 9.624721e-08
 44 (restart 0) KSP residual norm 6.910944e-08
 45 (restart 0) KSP residual norm 5.073882e-08
 46 (restart 0) KSP residual norm 3.800926e-08
 47 (restart 0) KSP residual norm 2.877047e-08
 48 (restart 0) KSP residual norm 2.152843e-08
 49 (restart 0) KSP residual norm 1.603667e-08
 50 (restart 0) KSP residual norm 1.171151e-08
 51 (restart 0) KSP residual norm 8.511958e-09
GMRES solver converged in 51 iterations (avg. reduction factor: 6.949e-01)
  Residual norms for GMRES solve
  0 (restart 0) KSP residual norm 8.305365e-01
  1 (restart 0) KSP residual norm 9.050020e-02
  2 (restart 0) KSP residual norm 2.288123e-02
  3 (restart 0) KSP residual norm 8.542153e-03
  4 (restart 0) KSP residual norm 4.430998e-03
  5 (restart 0) KSP residual norm 2.912383e-03
  6 (restart 0) KSP residual norm 2.233789e-03
  7 (restart 0) KSP residual norm 1.450279e-03
  8 (restart 0) KSP residual norm 1.115640e-03
  9 (restart 0) KSP residual norm 7.505320e-04
 10 (restart 0) KSP residual norm 5.888007e-04
 11 (restart 0) KSP residual norm 4.504455e-04
 12 (restart 0) KSP residual norm 3.670059e-04
 13 (restart 0) KSP residual norm 3.021791e-04
 14 (restart 0) KSP residual norm 2.525133e-04
 15 (restart 0) KSP residual norm 2.033514e-04
 16 (restart 0) KSP residual norm 1.578192e-04
 17 (restart 0) KSP residual norm 1.187470e-04
 18 (restart 0) KSP residual norm 9.334155e-05
 19 (restart 0) KSP residual norm 6.721355e-05
 20 (restart 0) KSP residual norm 5.130361e-05
 21 (restart 0) KSP residual norm 3.845279e-05
 22 (restart 0) KSP residual norm 2.924806e-05
 23 (restart 0) KSP residual norm 2.217541e-05
 24 (restart 0) KSP residual norm 1.708460e-05
 25 (restart 0) KSP residual norm 1.332412e-05
 26 (restart 0) KSP residual norm 1.046337e-05
 27 (restart 0) KSP residual norm 8.280654e-06
 28 (restart 0) KSP residual norm 6.562358e-06
 29 (restart 0) KSP residual norm 5.221309e-06
 30 (restart 0) KSP residual norm 3.928672e-06
 31 (restart 0) KSP residual norm 2.984317e-06
 32 (restart 0) KSP residual norm 2.330866e-06
 33 (restart 0) KSP residual norm 1.750795e-06
 34 (restart 0) KSP residual norm 1.292648e-06
 35 (restart 0) KSP residual norm 9.361616e-07
 36 (restart 0) KSP residual norm 6.873216e-07
 37 (restart 0) KSP residual norm 4.966115e-07
 38 (restart 0) KSP residual norm 3.576215e-07
 39 (restart 0) KSP residual norm 2.608899e-07
 40 (restart 0) KSP residual norm 1.910331e-07
 41 (restart 0) KSP residual norm 1.362127e-07
 42 (restart 0) KSP residual norm 9.723978e-08
 43 (restart 0) KSP residual norm 6.860504e-08
 44 (restart 0) KSP residual norm 4.777373e-08
 45 (restart 0) KSP residual norm 3.435839e-08
 46 (restart 0) KSP residual norm 2.531734e-08
 47 (restart 0) KSP residual norm 1.884690e-08
 48 (restart 0) KSP residual norm 1.415320e-08
 49 (restart 0) KSP residual norm 1.065351e-08
 50 (restart 0) KSP residual norm 7.844715e-09
GMRES solver converged in 50 iterations (avg. reduction factor: 6.910e-01)
  Residual norms for GMRES solve
  0 (restart 0) KSP residual norm 9.427454e-01
  1 (restart 0) KSP residual norm 7.382968e-02
  2 (restart 0) KSP residual norm 1.932324e-02
  3 (restart 0) KSP residual norm 9.113331e-03
  4 (restart 0) KSP residual norm 5.591763e-03
  5 (restart 0) KSP residual norm 3.853101e-03
  6 (restart 0) KSP residual norm 3.002340e-03
  7 (restart 0) KSP residual norm 1.891966e-03
  8 (restart 0) KSP residual norm 1.431055e-03
  9 (restart 0) KSP residual norm 1.054508e-03
 10 (restart 0) KSP residual norm 8.697498e-04
 11 (restart 0) KSP residual norm 6.679947e-04
 12 (restart 0) KSP residual norm 5.511569e-04
 13 (restart 0) KSP residual norm 4.594083e-04
 14 (restart 0) KSP residual norm 3.854156e-04
 15 (restart 0) KSP residual norm 2.991677e-04
 16 (restart 0) KSP residual norm 2.154948e-04
 17 (restart 0) KSP residual norm 1.560791e-04
 18 (restart 0) KSP residual norm 1.173481e-04
 19 (restart 0) KSP residual norm 8.981558e-05
 20 (restart 0) KSP residual norm 7.136532e-05
 21 (restart 0) KSP residual norm 5.068675e-05
 22 (restart 0) KSP residual norm 3.822838e-05
 23 (restart 0) KSP residual norm 2.947516e-05
 24 (restart 0) KSP residual norm 2.360103e-05
 25 (restart 0) KSP residual norm 1.905546e-05
 26 (restart 0) KSP residual norm 1.548167e-05
 27 (restart 0) KSP residual norm 1.198123e-05
 28 (restart 0) KSP residual norm 9.215451e-06
 29 (restart 0) KSP residual norm 7.059315e-06
 30 (restart 0) KSP residual norm 5.258846e-06
 31 (restart 0) KSP residual norm 3.873802e-06
 32 (restart 0) KSP residual norm 2.903699e-06
 33 (restart 0) KSP residual norm 2.142482e-06
 34 (restart 0) KSP residual norm 1.581159e-06
 35 (restart 0) KSP residual norm 1.154076e-06
 36 (restart 0) KSP residual norm 8.487502e-07
 37 (restart 0) KSP residual norm 6.245229e-07
 38 (restart 0) KSP residual norm 4.595646e-07
 39 (restart 0) KSP residual norm 3.406335e-07
 40 (restart 0) KSP residual norm 2.500340e-07
 41 (restart 0) KSP residual norm 1.776225e-07
 42 (restart 0) KSP residual norm 1.256857e-07
 43 (restart 0) KSP residual norm 8.824464e-08
 44 (restart 0) KSP residual norm 6.292743e-08
 45 (restart 0) KSP residual norm 4.669758e-08
 46 (restart 0) KSP residual norm 3.485085e-08
 47 (restart 0) KSP residual norm 2.600859e-08
 48 (restart 0) KSP residual norm 1.969957e-08
 49 (restart 0) KSP residual norm 1.464417e-08
 50 (restart 0) KSP residual norm 1.052296e-08
 51 (restart 0) KSP residual norm 7.625044e-09
GMRES solver converged in 51 iterations (avg. reduction factor: 6.940e-01)
  Residual norms for GMRES solve
  0 (restart 0) KSP residual norm 1.071793e+00
  1 (restart 0) KSP residual norm 9.695378e-02
  2 (restart 0) KSP residual norm 2.618702e-02
  3 (restart 0) KSP residual norm 1.016744e-02
  4 (restart 0) KSP residual norm 6.193416e-03
  5 (restart 0) KSP residual norm 4.402774e-03
  6 (restart 0) KSP residual norm 3.251341e-03
  7 (restart 0) KSP residual norm 2.218363e-03
  8 (restart 0) KSP residual norm 1.610868e-03
  9 (restart 0) KSP residual norm 1.163261e-03
 10 (restart 0) KSP residual norm 9.405899e-04
 11 (restart 0) KSP residual norm 7.207849e-04
 12 (restart 0) KSP residual norm 6.015781e-04
 13 (restart 0) KSP residual norm 4.985968e-04
 14 (restart 0) KSP residual norm 4.202071e-04
 15 (restart 0) KSP residual norm 3.295399e-04
 16 (restart 0) KSP residual norm 2.338432e-04
 17 (restart 0) KSP residual norm 1.724822e-04
 18 (restart 0) KSP residual norm 1.299525e-04
 19 (restart 0) KSP residual norm 9.950856e-05
 20 (restart 0) KSP residual norm 7.853074e-05
 21 (restart 0) KSP residual norm 5.588151e-05
 22 (restart 0) KSP residual norm 4.135848e-05
 23 (restart 0) KSP residual norm 3.181096e-05
 24 (restart 0) KSP residual norm 2.532192e-05
 25 (restart 0) KSP residual norm 2.046233e-05
 26 (restart 0) KSP residual norm 1.653634e-05
 27 (restart 0) KSP residual norm 1.271081e-05
 28 (restart 0) KSP residual norm 9.826781e-06
 29 (restart 0) KSP residual norm 7.508270e-06
 30 (restart 0) KSP residual norm 5.758146e-06
 31 (restart 0) KSP residual norm 4.231672e-06
 32 (restart 0) KSP residual norm 3.154173e-06
 33 (restart 0) KSP residual norm 2.337972e-06
 34 (restart 0) KSP residual norm 1.726959e-06
 35 (restart 0) KSP residual norm 1.258573e-06
 36 (restart 0) KSP residual norm 9.187528e-07
 37 (restart 0) KSP residual norm 6.753872e-07
 38 (restart 0) KSP residual norm 4.944387e-07
 39 (restart 0) KSP residual norm 3.652791e-07
 40 (restart 0) KSP residual norm 2.652487e-07
 41 (restart 0) KSP residual norm 1.905815e-07
 42 (restart 0) KSP residual norm 1.337598e-07
 43 (restart 0) KSP residual norm 9.442991e-08
 44 (restart 0) KSP residual norm 6.779483e-08
 45 (restart 0) KSP residual norm 5.007338e-08
 46 (restart 0) KSP residual norm 3.695670e-08
 47 (restart 0) KSP residual norm 2.770108e-08
 48 (restart 0) KSP residual norm 2.091212e-08
 49 (restart 0) KSP residual norm 1.555442e-08
 50 (restart 0) KSP residual norm 1.132619e-08
 51 (restart 0) KSP residual norm 8.176998e-09
GMRES solver converged in 51 iterations (avg. reduction factor: 6.932e-01)
  Residual norms for GMRES solve
  0 (restart 0) KSP residual norm 7.123055e-01
  1 (restart 0) KSP residual norm 6.397223e-02
  2 (restart 0) KSP residual norm 1.894730e-02
  3 (restart 0) KSP residual norm 8.218382e-03
  4 (restart 0) KSP residual norm 4.931802e-03
  5 (restart 0) KSP residual norm 3.504143e-03
  6 (restart 0) KSP residual norm 2.620755e-03
  7 (restart 0) KSP residual norm 1.739968e-03
  8 (restart 0) KSP residual norm 1.276767e-03
  9 (restart 0) KSP residual norm 9.179477e-04
 10 (restart 0) KSP residual norm 7.189435e-04
 11 (restart 0) KSP residual norm 5.510471e-04
 12 (restart 0) KSP residual norm 4.593600e-04
 13 (restart 0) KSP residual norm 3.745516e-04
 14 (restart 0) KSP residual norm 3.160699e-04
 15 (restart 0) KSP residual norm 2.445619e-04
 16 (restart 0) KSP residual norm 1.837508e-04
 17 (restart 0) KSP residual norm 1.389044e-04
 18 (restart 0) KSP residual norm 1.021566e-04
 19 (restart 0) KSP residual norm 7.839810e-05
 20 (restart 0) KSP residual norm 6.073980e-05
 21 (restart 0) KSP residual norm 4.494122e-05
 22 (restart 0) KSP residual norm 3.376471e-05
 23 (restart 0) KSP residual norm 2.578746e-05
 24 (restart 0) KSP residual norm 1.976731e-05
 25 (restart 0) KSP residual norm 1.581557e-05
 26 (restart 0) KSP residual norm 1.277719e-05
 27 (restart 0) KSP residual norm 9.942380e-06
 28 (restart 0) KSP residual norm 7.759609e-06
 29 (restart 0) KSP residual norm 6.076247e-06
 30 (restart 0) KSP residual norm 4.682736e-06
 31 (restart 0) KSP residual norm 3.513198e-06
 32 (restart 0) KSP residual norm 2.704396e-06
 33 (restart 0) KSP residual norm 2.010510e-06
 34 (restart 0) KSP residual norm 1.488244e-06
 35 (restart 0) KSP residual norm 1.083114e-06
 36 (restart 0) KSP residual norm 7.945840e-07
 37 (restart 0) KSP residual norm 5.680051e-07
 38 (restart 0) KSP residual norm 4.116747e-07
 39 (restart 0) KSP residual norm 2.997684e-07
 40 (restart 0) KSP residual norm 2.169268e-07
 41 (restart 0) KSP residual norm 1.557322e-07
 42 (restart 0) KSP residual norm 1.100356e-07
 43 (restart 0) KSP residual norm 7.683686e-08
 44 (restart 0) KSP residual norm 5.464308e-08
 45 (restart 0) KSP residual norm 3.958407e-08
 46 (restart 0) KSP residual norm 2.855448e-08
 47 (restart 0) KSP residual norm 2.107378e-08
 48 (restart 0) KSP residual norm 1.576107e-08
 49 (restart 0) KSP residual norm 1.184628e-08
 50 (restart 0) KSP residual norm 8.694840e-09
 51 (restart 0) KSP residual norm 6.420005e-09
GMRES solver converged in 51 iterations (avg. reduction factor: 6.954e-01)
  Residual norms for GMRES solve
  0 (restart 0) KSP residual norm 1.301023e+00
  1 (restart 0) KSP residual norm 9.385608e-02
  2 (restart 0) KSP residual norm 2.229040e-02
  3 (restart 0) KSP residual norm 9.887982e-03
  4 (restart 0) KSP residual norm 5.985731e-03
  5 (restart 0) KSP residual norm 4.062110e-03
  6 (restart 0) KSP residual norm 2.991578e-03
  7 (restart 0) KSP residual norm 2.073856e-03
  8 (restart 0) KSP residual norm 1.505579e-03
  9 (restart 0) KSP residual norm 1.136470e-03
 10 (restart 0) KSP residual norm 9.085121e-04
 11 (restart 0) KSP residual norm 7.465708e-04
 12 (restart 0) KSP residual norm 6.187771e-04
 13 (restart 0) KSP residual norm 5.017283e-04
 14 (restart 0) KSP residual norm 4.276646e-04
 15 (restart 0) KSP residual norm 3.178447e-04
 16 (restart 0) KSP residual norm 2.279129e-04
 17 (restart 0) KSP residual norm 1.668104e-04
 18 (restart 0) KSP residual norm 1.227251e-04
 19 (restart 0) KSP residual norm 8.882354e-05
 20 (restart 0) KSP residual norm 6.771792e-05
 21 (restart 0) KSP residual norm 5.119024e-05
 22 (restart 0) KSP residual norm 3.929245e-05
 23 (restart 0) KSP residual norm 3.093661e-05
 24 (restart 0) KSP residual norm 2.405900e-05
 25 (restart 0) KSP residual norm 1.959493e-05
 26 (restart 0) KSP residual norm 1.629479e-05
 27 (restart 0) KSP residual norm 1.275070e-05
 28 (restart 0) KSP residual norm 9.975592e-06
 29 (restart 0) KSP residual norm 7.542388e-06
 30 (restart 0) KSP residual norm 5.473671e-06
 31 (restart 0) KSP residual norm 4.006403e-06
 32 (restart 0) KSP residual norm 2.954630e-06
 33 (restart 0) KSP residual norm 2.101919e-06
 34 (restart 0) KSP residual norm 1.491228e-06
 35 (restart 0) KSP residual norm 1.079499e-06
 36 (restart 0) KSP residual norm 7.960211e-07
 37 (restart 0) KSP residual norm 5.877297e-07
 38 (restart 0) KSP residual norm 4.388500e-07
 39 (restart 0) KSP residual norm 3.313142e-07
 40 (restart 0) KSP residual norm 2.496419e-07
 41 (restart 0) KSP residual norm 1.783523e-07
 42 (restart 0) KSP residual norm 1.281821e-07
 43 (restart 0) KSP residual norm 8.996721e-08
 44 (restart 0) KSP residual norm 6.407422e-08
 45 (restart 0) KSP residual norm 4.633139e-08
 46 (restart 0) KSP residual norm 3.453841e-08
 47 (restart 0) KSP residual norm 2.620196e-08
 48 (restart 0) KSP residual norm 2.003943e-08
 49 (restart 0) KSP residual norm 1.481640e-08
 50 (restart 0) KSP residual norm 1.075888e-08
GMRES solver converged in 50 iterations (avg. reduction factor: 6.892e-01)
  Residual norms for GMRES solve
  0 (restart 0) KSP residual norm 9.847320e-01
  1 (restart 0) KSP residual norm 7.779495e-02
  2 (restart 0) KSP residual norm 2.338505e-02
  3 (restart 0) KSP residual norm 1.165874e-02
  4 (restart 0) KSP residual norm 7.702404e-03
  5 (restart 0) KSP residual norm 4.921299e-03
  6 (restart 0) KSP residual norm 3.679996e-03
  7 (restart 0) KSP residual norm 2.615620e-03
  8 (restart 0) KSP residual norm 1.894983e-03
  9 (restart 0) KSP residual norm 1.422089e-03
 10 (restart 0) KSP residual norm 1.136364e-03
 11 (restart 0) KSP residual norm 9.225433e-04
 12 (restart 0) KSP residual norm 7.660869e-04
 13 (restart 0) KSP residual norm 6.290295e-04
 14 (restart 0) KSP residual norm 5.463071e-04
 15 (restart 0) KSP residual norm 3.961520e-04
 16 (restart 0) KSP residual norm 2.829241e-04
 17 (restart 0) KSP residual norm 2.073250e-04
 18 (restart 0) KSP residual norm 1.541536e-04
 19 (restart 0) KSP residual norm 1.124213e-04
 20 (restart 0) KSP residual norm 8.527311e-05
 21 (restart 0) KSP residual norm 6.395753e-05
 22 (restart 0) KSP residual norm 4.893821e-05
 23 (restart 0) KSP residual norm 3.855050e-05
 24 (restart 0) KSP residual norm 3.049386e-05
 25 (restart 0) KSP residual norm 2.501430e-05
 26 (restart 0) KSP residual norm 2.074022e-05
 27 (restart 0) KSP residual norm 1.609527e-05
 28 (restart 0) KSP residual norm 1.245810e-05
 29 (restart 0) KSP residual norm 9.280904e-06
 30 (restart 0) KSP residual norm 6.873847e-06
 31 (restart 0) KSP residual norm 5.052200e-06
 32 (restart 0) KSP residual norm 3.669270e-06
 33 (restart 0) KSP residual norm 2.626998e-06
 34 (restart 0) KSP residual norm 1.864627e-06
 35 (restart 0) KSP residual norm 1.356161e-06
 36 (restart 0) KSP residual norm 1.007809e-06
 37 (restart 0) KSP residual norm 7.561759e-07
 38 (restart 0) KSP residual norm 5.645214e-07
 39 (restart 0) KSP residual norm 4.228026e-07
 40 (restart 0) KSP residual norm 3.139932e-07
 41 (restart 0) KSP residual norm 2.242109e-07
 42 (restart 0) KSP residual norm 1.617789e-07
 43 (restart 0) KSP residual norm 1.146817e-07
 44 (restart 0) KSP residual norm 8.257037e-08
 45 (restart 0) KSP residual norm 5.982426e-08
 46 (restart 0) KSP residual norm 4.490144e-08
 47 (restart 0) KSP residual norm 3.394737e-08
 48 (restart 0) KSP residual norm 2.570620e-08
 49 (restart 0) KSP residual norm 1.910306e-08
 50 (restart 0) KSP residual norm 1.387038e-08
 51 (restart 0) KSP residual norm 9.947651e-09
 52 (restart 0) KSP residual norm 7.114452e-09
GMRES solver converged in 52 iterations (avg. reduction factor: 6.973e-01)
  Residual norms for GMRES solve
  0 (restart 0) KSP residual norm 9.813424e-01
  1 (restart 0) KSP residual norm 8.401071e-02
  2 (restart 0) KSP residual norm 2.144827e-02
  3 (restart 0) KSP residual norm 1.050680e-02
  4 (restart 0) KSP residual norm 6.395360e-03
  5 (restart 0) KSP residual norm 3.806897e-03
  6 (restart 0) KSP residual norm 2.748953e-03
  7 (restart 0) KSP residual norm 2.012071e-03
  8 (restart 0) KSP residual norm 1.435707e-03
  9 (restart 0) KSP residual norm 1.099866e-03
 10 (restart 0) KSP residual norm 8.613100e-04
 11 (restart 0) KSP residual norm 6.969129e-04
 12 (restart 0) KSP residual norm 5.638240e-04
 13 (restart 0) KSP residual norm 4.714652e-04
 14 (restart 0) KSP residual norm 4.034642e-04
 15 (restart 0) KSP residual norm 3.037303e-04
 16 (restart 0) KSP residual norm 2.189821e-04
 17 (restart 0) KSP residual norm 1.607937e-04
 18 (restart 0) KSP residual norm 1.123654e-04
 19 (restart 0) KSP residual norm 8.217389e-05
 20 (restart 0) KSP residual norm 6.553351e-05
 21 (restart 0) KSP residual norm 4.866050e-05
 22 (restart 0) KSP residual norm 3.683017e-05
 23 (restart 0) KSP residual norm 2.864842e-05
 24 (restart 0) KSP residual norm 2.236412e-05
 25 (restart 0) KSP residual norm 1.896615e-05
 26 (restart 0) KSP residual norm 1.565618e-05
 27 (restart 0) KSP residual norm 1.222046e-05
 28 (restart 0) KSP residual norm 9.562411e-06
 29 (restart 0) KSP residual norm 7.276064e-06
 30 (restart 0) KSP residual norm 5.571960e-06
 31 (restart 0) KSP residual norm 4.135151e-06
 32 (restart 0) KSP residual norm 2.948611e-06
 33 (restart 0) KSP residual norm 2.093208e-06
 34 (restart 0) KSP residual norm 1.485830e-06
 35 (restart 0) KSP residual norm 1.061512e-06
 36 (restart 0) KSP residual norm 7.908223e-07
 37 (restart 0) KSP residual norm 5.975408e-07
 38 (restart 0) KSP residual norm 4.552200e-07
 39 (restart 0) KSP residual norm 3.413086e-07
 40 (restart 0) KSP residual norm 2.566604e-07
 41 (restart 0) KSP residual norm 1.892826e-07
 42 (restart 0) KSP residual norm 1.388404e-07
 43 (restart 0) KSP residual norm 9.971682e-08
 44 (restart 0) KSP residual norm 7.188982e-08
 45 (restart 0) KSP residual norm 5.190549e-08
 46 (restart 0) KSP residual norm 3.889154e-08
 47 (restart 0) KSP residual norm 2.911101e-08
 48 (restart 0) KSP residual norm 2.200556e-08
 49 (restart 0) KSP residual norm 1.618534e-08
 50 (restart 0) KSP residual norm 1.147672e-08
 51 (restart 0) KSP residual norm 8.125505e-09
GMRES solver converged in 51 iterations (avg. reduction factor: 6.943e-01)
  3 EPS nconv=12 first unconverged value (error) -1.19725e-05+0.772408i (2.70911074e-03)

 Linear eigensolve converged (12 eigenpairs) due to CONVERGED_TOL; iterations 3
 Total number of linear systems solved: 48
 Total number of linear solver iterations: 2399
 Found 12 converged eigenvalues (first = -1.425e-04+4.745e+00i)

 Refining eigenvalues with Quasi-Newton solver
  Residual norms for GMRES solve
  0 (restart 0) KSP residual norm 1.286269e+02
  1 (restart 0) KSP residual norm 7.797125e+00
  2 (restart 0) KSP residual norm 3.354227e+00
  3 (restart 0) KSP residual norm 3.321651e+00
  4 (restart 0) KSP residual norm 3.277748e+00
  5 (restart 0) KSP residual norm 3.125642e+00
  6 (restart 0) KSP residual norm 2.832893e+00
  7 (restart 0) KSP residual norm 2.612999e+00
  8 (restart 0) KSP residual norm 2.538739e+00
  9 (restart 0) KSP residual norm 2.514722e+00
 10 (restart 0) KSP residual norm 1.578862e+00
 11 (restart 0) KSP residual norm 7.075739e-01
 12 (restart 0) KSP residual norm 2.484392e-01
 13 (restart 0) KSP residual norm 1.554304e-01
 14 (restart 0) KSP residual norm 9.234696e-02
 15 (restart 0) KSP residual norm 4.579771e-02
 16 (restart 0) KSP residual norm 2.590905e-02
 17 (restart 0) KSP residual norm 1.447833e-02
 18 (restart 0) KSP residual norm 1.039311e-02
GMRES solver converged in 18 iterations (avg. reduction factor: 5.924e-01)
0 NLEPS (nconv=0, restart=0) residual norm 2.332833e-03
  Residual norms for GMRES solve
  0 (restart 0) KSP residual norm 1.924466e-05
  1 (restart 0) KSP residual norm 4.375811e-06
  2 (restart 0) KSP residual norm 4.244769e-06
  3 (restart 0) KSP residual norm 2.752009e-06
  4 (restart 0) KSP residual norm 2.472384e-06
  5 (restart 0) KSP residual norm 2.257699e-06
  6 (restart 0) KSP residual norm 2.160451e-06
  7 (restart 0) KSP residual norm 2.156004e-06
  8 (restart 0) KSP residual norm 2.133331e-06
  9 (restart 0) KSP residual norm 1.997177e-06
 10 (restart 0) KSP residual norm 1.990569e-06
 11 (restart 0) KSP residual norm 1.903754e-06
 12 (restart 0) KSP residual norm 1.801410e-06
 13 (restart 0) KSP residual norm 1.625968e-06
 14 (restart 0) KSP residual norm 1.502476e-06
 15 (restart 0) KSP residual norm 1.320775e-06
 16 (restart 0) KSP residual norm 1.173171e-06
 17 (restart 0) KSP residual norm 9.769653e-07
 18 (restart 0) KSP residual norm 8.102656e-07
 19 (restart 0) KSP residual norm 6.154520e-07
 20 (restart 0) KSP residual norm 4.918541e-07
 21 (restart 0) KSP residual norm 3.856128e-07
 22 (restart 0) KSP residual norm 3.017956e-07
 23 (restart 0) KSP residual norm 2.382890e-07
 24 (restart 0) KSP residual norm 1.762660e-07
 25 (restart 0) KSP residual norm 1.339552e-07
 26 (restart 0) KSP residual norm 1.016913e-07
 27 (restart 0) KSP residual norm 7.526721e-08
 28 (restart 0) KSP residual norm 5.537234e-08
 29 (restart 0) KSP residual norm 4.440745e-08
 30 (restart 0) KSP residual norm 3.529446e-08
 31 (restart 0) KSP residual norm 2.608772e-08
 32 (restart 0) KSP residual norm 2.064810e-08
 33 (restart 0) KSP residual norm 1.620448e-08
 34 (restart 0) KSP residual norm 1.238269e-08
 35 (restart 0) KSP residual norm 9.497467e-09
 36 (restart 0) KSP residual norm 7.345628e-09
 37 (restart 0) KSP residual norm 5.520935e-09
 38 (restart 0) KSP residual norm 4.139187e-09
 39 (restart 0) KSP residual norm 3.085644e-09
 40 (restart 0) KSP residual norm 2.338334e-09
 41 (restart 0) KSP residual norm 1.667499e-09
GMRES solver converged in 41 iterations (avg. reduction factor: 7.960e-01)
1 NLEPS (nconv=0, restart=0) residual norm 1.221343e-05
  Residual norms for GMRES solve
  0 (restart 0) KSP residual norm 4.949950e-09
  1 (restart 0) KSP residual norm 4.553876e-09
  2 (restart 0) KSP residual norm 3.917035e-09
  3 (restart 0) KSP residual norm 3.291214e-09
  4 (restart 0) KSP residual norm 3.005833e-09
  5 (restart 0) KSP residual norm 2.307233e-09
  6 (restart 0) KSP residual norm 2.123559e-09
  7 (restart 0) KSP residual norm 2.010418e-09
  8 (restart 0) KSP residual norm 1.685012e-09
  9 (restart 0) KSP residual norm 1.604887e-09
 10 (restart 0) KSP residual norm 1.580392e-09
 11 (restart 0) KSP residual norm 1.415533e-09
 12 (restart 0) KSP residual norm 1.411682e-09
 13 (restart 0) KSP residual norm 1.319137e-09
 14 (restart 0) KSP residual norm 1.309201e-09
 15 (restart 0) KSP residual norm 1.296564e-09
 16 (restart 0) KSP residual norm 1.247548e-09
 17 (restart 0) KSP residual norm 1.246595e-09
 18 (restart 0) KSP residual norm 1.229452e-09
 19 (restart 0) KSP residual norm 1.166638e-09
 20 (restart 0) KSP residual norm 1.128498e-09
 21 (restart 0) KSP residual norm 1.121946e-09
 22 (restart 0) KSP residual norm 1.112778e-09
 23 (restart 0) KSP residual norm 1.103740e-09
 24 (restart 0) KSP residual norm 1.089464e-09
 25 (restart 0) KSP residual norm 1.080420e-09
 26 (restart 0) KSP residual norm 1.059819e-09
 27 (restart 0) KSP residual norm 1.053239e-09
 28 (restart 0) KSP residual norm 1.048514e-09
 29 (restart 0) KSP residual norm 9.647710e-10
 30 (restart 0) KSP residual norm 8.976601e-10
 31 (restart 0) KSP residual norm 8.635401e-10
 32 (restart 0) KSP residual norm 8.264066e-10
 33 (restart 0) KSP residual norm 7.941828e-10
 34 (restart 0) KSP residual norm 7.800781e-10
 35 (restart 0) KSP residual norm 7.194153e-10
 36 (restart 0) KSP residual norm 6.600209e-10
 37 (restart 0) KSP residual norm 5.952208e-10
 38 (restart 0) KSP residual norm 4.930111e-10
 39 (restart 0) KSP residual norm 3.641639e-10
 40 (restart 0) KSP residual norm 2.714993e-10
 41 (restart 0) KSP residual norm 2.086051e-10
 42 (restart 0) KSP residual norm 1.692902e-10
 43 (restart 0) KSP residual norm 1.387264e-10
 44 (restart 0) KSP residual norm 1.060255e-10
 45 (restart 0) KSP residual norm 8.010449e-11
 46 (restart 0) KSP residual norm 6.042898e-11
 47 (restart 0) KSP residual norm 4.416157e-11
 48 (restart 0) KSP residual norm 3.183722e-11
 49 (restart 0) KSP residual norm 2.284336e-11
 50 (restart 0) KSP residual norm 1.671523e-11
 51 (restart 0) KSP residual norm 1.197179e-11
 52 (restart 0) KSP residual norm 8.654599e-12
 53 (restart 0) KSP residual norm 6.588716e-12
 54 (restart 0) KSP residual norm 5.042174e-12
 55 (restart 0) KSP residual norm 3.812214e-12
 56 (restart 0) KSP residual norm 2.828787e-12
 57 (restart 0) KSP residual norm 2.067611e-12
 58 (restart 0) KSP residual norm 1.496703e-12
 59 (restart 0) KSP residual norm 1.112554e-12
 60 (restart 0) KSP residual norm 8.078073e-13
GMRES solver converged in 60 iterations (avg. reduction factor: 8.647e-01)
2 NLEPS (nconv=0, restart=0) residual norm 4.482252e-09
Eigenvalue 0, Quasi-Newton converged in 2 iterations (-1.418e-04+4.745e+00i).
  Residual norms for GMRES solve
  0 (restart 0) KSP residual norm 8.258889e+01
  1 (restart 0) KSP residual norm 5.534679e+01
  2 (restart 0) KSP residual norm 2.901868e+01
  3 (restart 0) KSP residual norm 6.250734e+00
  4 (restart 0) KSP residual norm 6.074463e-01
  5 (restart 0) KSP residual norm 1.729516e-01
  6 (restart 0) KSP residual norm 1.314578e-01
  7 (restart 0) KSP residual norm 1.310098e-01
  8 (restart 0) KSP residual norm 1.302548e-01
  9 (restart 0) KSP residual norm 1.296408e-01
 10 (restart 0) KSP residual norm 1.271813e-01
 11 (restart 0) KSP residual norm 1.269756e-01
 12 (restart 0) KSP residual norm 1.240565e-01
 13 (restart 0) KSP residual norm 1.231822e-01
 14 (restart 0) KSP residual norm 1.225452e-01
 15 (restart 0) KSP residual norm 1.179026e-01
 16 (restart 0) KSP residual norm 1.078045e-01
 17 (restart 0) KSP residual norm 7.491787e-02
 18 (restart 0) KSP residual norm 4.284750e-02
 19 (restart 0) KSP residual norm 2.421032e-02
 20 (restart 0) KSP residual norm 1.515307e-02
 21 (restart 0) KSP residual norm 7.754666e-03
GMRES solver converged in 21 iterations (avg. reduction factor: 6.430e-01)
0 NLEPS (nconv=1, restart=0) residual norm 5.716050e-02
  Residual norms for GMRES solve
  0 (restart 0) KSP residual norm 2.215581e+00
  1 (restart 0) KSP residual norm 4.378483e-01
  2 (restart 0) KSP residual norm 1.698842e-01
  3 (restart 0) KSP residual norm 2.886207e-02
  4 (restart 0) KSP residual norm 5.123749e-03
  5 (restart 0) KSP residual norm 1.876335e-03
  6 (restart 0) KSP residual norm 1.142724e-03
  7 (restart 0) KSP residual norm 1.101359e-03
  8 (restart 0) KSP residual norm 1.058053e-03
  9 (restart 0) KSP residual norm 1.056825e-03
 10 (restart 0) KSP residual norm 1.024408e-03
 11 (restart 0) KSP residual norm 1.010792e-03
 12 (restart 0) KSP residual norm 1.003694e-03
 13 (restart 0) KSP residual norm 9.999494e-04
 14 (restart 0) KSP residual norm 9.880778e-04
 15 (restart 0) KSP residual norm 9.780679e-04
 16 (restart 0) KSP residual norm 9.557264e-04
 17 (restart 0) KSP residual norm 7.244852e-04
 18 (restart 0) KSP residual norm 4.452537e-04
 19 (restart 0) KSP residual norm 2.537895e-04
 20 (restart 0) KSP residual norm 1.782049e-04
GMRES solver converged in 20 iterations (avg. reduction factor: 6.241e-01)
1 NLEPS (nconv=1, restart=0) residual norm 1.601134e-04
  Residual norms for GMRES solve
  0 (restart 0) KSP residual norm 4.597161e-06
  1 (restart 0) KSP residual norm 4.107475e-06
  2 (restart 0) KSP residual norm 2.332072e-07
  3 (restart 0) KSP residual norm 1.771284e-07
  4 (restart 0) KSP residual norm 8.871372e-08
  5 (restart 0) KSP residual norm 5.633207e-08
  6 (restart 0) KSP residual norm 2.733272e-08
  7 (restart 0) KSP residual norm 1.500183e-08
  8 (restart 0) KSP residual norm 1.247698e-08
  9 (restart 0) KSP residual norm 9.956306e-09
 10 (restart 0) KSP residual norm 7.904456e-09
 11 (restart 0) KSP residual norm 6.450198e-09
 12 (restart 0) KSP residual norm 5.529453e-09
 13 (restart 0) KSP residual norm 4.906555e-09
 14 (restart 0) KSP residual norm 3.575021e-09
 15 (restart 0) KSP residual norm 2.684520e-09
 16 (restart 0) KSP residual norm 2.335465e-09
 17 (restart 0) KSP residual norm 1.992383e-09
 18 (restart 0) KSP residual norm 1.648896e-09
 19 (restart 0) KSP residual norm 1.367905e-09
 20 (restart 0) KSP residual norm 1.245631e-09
 21 (restart 0) KSP residual norm 1.143542e-09
 22 (restart 0) KSP residual norm 1.109845e-09
 23 (restart 0) KSP residual norm 1.085989e-09
 24 (restart 0) KSP residual norm 1.068070e-09
 25 (restart 0) KSP residual norm 1.057794e-09
 26 (restart 0) KSP residual norm 1.049466e-09
 27 (restart 0) KSP residual norm 1.043360e-09
 28 (restart 0) KSP residual norm 1.036189e-09
 29 (restart 0) KSP residual norm 1.026651e-09
 30 (restart 0) KSP residual norm 1.024860e-09
 31 (restart 0) KSP residual norm 1.023557e-09
 32 (restart 0) KSP residual norm 1.022089e-09
 33 (restart 0) KSP residual norm 1.018243e-09
 34 (restart 0) KSP residual norm 1.018176e-09
 35 (restart 0) KSP residual norm 1.015935e-09
 36 (restart 0) KSP residual norm 1.013898e-09
 37 (restart 0) KSP residual norm 1.003190e-09
 38 (restart 0) KSP residual norm 9.983474e-10
 39 (restart 0) KSP residual norm 9.849627e-10
 40 (restart 0) KSP residual norm 9.749838e-10
 41 (restart 0) KSP residual norm 9.676946e-10
 42 (restart 0) KSP residual norm 9.505955e-10
 43 (restart 0) KSP residual norm 9.211750e-10
 44 (restart 0) KSP residual norm 8.837587e-10
 45 (restart 0) KSP residual norm 7.744681e-10
 46 (restart 0) KSP residual norm 6.372903e-10
 47 (restart 0) KSP residual norm 4.859408e-10
 48 (restart 0) KSP residual norm 3.818342e-10
GMRES solver converged in 48 iterations (avg. reduction factor: 8.222e-01)
2 NLEPS (nconv=1, restart=0) residual norm 2.012311e-06
  Residual norms for GMRES solve
  0 (restart 0) KSP residual norm 2.677479e-08
  1 (restart 0) KSP residual norm 2.443356e-08
  2 (restart 0) KSP residual norm 4.790096e-10
  3 (restart 0) KSP residual norm 3.409923e-10
  4 (restart 0) KSP residual norm 3.149234e-10
  5 (restart 0) KSP residual norm 2.282827e-10
  6 (restart 0) KSP residual norm 1.945724e-10
  7 (restart 0) KSP residual norm 1.476570e-10
  8 (restart 0) KSP residual norm 1.158560e-10
  9 (restart 0) KSP residual norm 9.086678e-11
 10 (restart 0) KSP residual norm 7.259011e-11
 11 (restart 0) KSP residual norm 5.614537e-11
 12 (restart 0) KSP residual norm 4.593045e-11
 13 (restart 0) KSP residual norm 3.896275e-11
 14 (restart 0) KSP residual norm 3.506878e-11
 15 (restart 0) KSP residual norm 3.362410e-11
 16 (restart 0) KSP residual norm 3.156088e-11
 17 (restart 0) KSP residual norm 3.074894e-11
 18 (restart 0) KSP residual norm 2.942194e-11
 19 (restart 0) KSP residual norm 2.912780e-11
 20 (restart 0) KSP residual norm 2.897829e-11
 21 (restart 0) KSP residual norm 2.843802e-11
 22 (restart 0) KSP residual norm 2.831699e-11
 23 (restart 0) KSP residual norm 2.805638e-11
 24 (restart 0) KSP residual norm 2.798100e-11
 25 (restart 0) KSP residual norm 2.795627e-11
 26 (restart 0) KSP residual norm 2.786897e-11
 27 (restart 0) KSP residual norm 2.785751e-11
 28 (restart 0) KSP residual norm 2.769896e-11
 29 (restart 0) KSP residual norm 2.763236e-11
 30 (restart 0) KSP residual norm 2.759914e-11
 31 (restart 0) KSP residual norm 2.754199e-11
 32 (restart 0) KSP residual norm 2.722996e-11
 33 (restart 0) KSP residual norm 2.722541e-11
 34 (restart 0) KSP residual norm 2.708712e-11
 35 (restart 0) KSP residual norm 2.670882e-11
 36 (restart 0) KSP residual norm 2.600719e-11
 37 (restart 0) KSP residual norm 2.554203e-11
 38 (restart 0) KSP residual norm 2.388439e-11
 39 (restart 0) KSP residual norm 2.308741e-11
 40 (restart 0) KSP residual norm 2.147940e-11
 41 (restart 0) KSP residual norm 1.916116e-11
 42 (restart 0) KSP residual norm 1.684462e-11
 43 (restart 0) KSP residual norm 1.451115e-11
 44 (restart 0) KSP residual norm 1.210378e-11
 45 (restart 0) KSP residual norm 9.334676e-12
 46 (restart 0) KSP residual norm 7.009147e-12
 47 (restart 0) KSP residual norm 5.371721e-12
 48 (restart 0) KSP residual norm 4.250147e-12
 49 (restart 0) KSP residual norm 3.349216e-12
 50 (restart 0) KSP residual norm 2.627658e-12
 51 (restart 0) KSP residual norm 2.034105e-12
 52 (restart 0) KSP residual norm 1.602274e-12
 53 (restart 0) KSP residual norm 1.224436e-12
 54 (restart 0) KSP residual norm 9.053223e-13
GMRES solver converged in 54 iterations (avg. reduction factor: 8.264e-01)
3 NLEPS (nconv=1, restart=0) residual norm 5.587897e-09
Eigenvalue 1, Quasi-Newton converged in 3 iterations (-1.473e-04+6.005e+00i).
  Residual norms for GMRES solve
  0 (restart 0) KSP residual norm 8.176506e+01
  1 (restart 0) KSP residual norm 5.674880e+01
  2 (restart 0) KSP residual norm 3.771245e+01
  3 (restart 0) KSP residual norm 8.002152e+00
  4 (restart 0) KSP residual norm 8.074571e-01
  5 (restart 0) KSP residual norm 2.688299e-01
  6 (restart 0) KSP residual norm 2.594781e-01
  7 (restart 0) KSP residual norm 1.872071e-01
  8 (restart 0) KSP residual norm 6.559309e-02
  9 (restart 0) KSP residual norm 1.642073e-02
 10 (restart 0) KSP residual norm 9.158948e-03
 11 (restart 0) KSP residual norm 5.411551e-03
GMRES solver converged in 11 iterations (avg. reduction factor: 4.169e-01)
0 NLEPS (nconv=2, restart=0) residual norm 6.960170e-02
  Residual norms for GMRES solve
  0 (restart 0) KSP residual norm 7.680640e+02
  1 (restart 0) KSP residual norm 8.193636e+01
  2 (restart 0) KSP residual norm 2.026780e+00
  3 (restart 0) KSP residual norm 7.332895e-01
  4 (restart 0) KSP residual norm 6.935626e-01
  5 (restart 0) KSP residual norm 3.878732e-01
  6 (restart 0) KSP residual norm 3.472839e-01
  7 (restart 0) KSP residual norm 3.445408e-01
  8 (restart 0) KSP residual norm 3.435052e-01
  9 (restart 0) KSP residual norm 3.338711e-01
 10 (restart 0) KSP residual norm 3.336049e-01
 11 (restart 0) KSP residual norm 3.295846e-01
 12 (restart 0) KSP residual norm 3.109596e-01
 13 (restart 0) KSP residual norm 2.934550e-01
 14 (restart 0) KSP residual norm 2.703021e-01
 15 (restart 0) KSP residual norm 2.187796e-01
 16 (restart 0) KSP residual norm 1.569696e-01
 17 (restart 0) KSP residual norm 1.066814e-01
 18 (restart 0) KSP residual norm 6.952536e-02
GMRES solver converged in 18 iterations (avg. reduction factor: 5.962e-01)
1 NLEPS (nconv=2, restart=0) residual norm 5.748601e-02
  Residual norms for GMRES solve
  0 (restart 0) KSP residual norm 4.713502e-03
  1 (restart 0) KSP residual norm 2.730458e-05
  2 (restart 0) KSP residual norm 1.963033e-05
  3 (restart 0) KSP residual norm 2.278260e-06
  4 (restart 0) KSP residual norm 2.128362e-06
  5 (restart 0) KSP residual norm 1.780459e-06
  6 (restart 0) KSP residual norm 1.772802e-06
  7 (restart 0) KSP residual norm 1.735557e-06
  8 (restart 0) KSP residual norm 1.686095e-06
  9 (restart 0) KSP residual norm 1.684544e-06
 10 (restart 0) KSP residual norm 1.666778e-06
 11 (restart 0) KSP residual norm 1.625193e-06
 12 (restart 0) KSP residual norm 1.612276e-06
 13 (restart 0) KSP residual norm 1.607201e-06
 14 (restart 0) KSP residual norm 1.598467e-06
 15 (restart 0) KSP residual norm 1.597780e-06
 16 (restart 0) KSP residual norm 1.571241e-06
 17 (restart 0) KSP residual norm 1.568535e-06
 18 (restart 0) KSP residual norm 1.557746e-06
 19 (restart 0) KSP residual norm 1.553681e-06
 20 (restart 0) KSP residual norm 1.543389e-06
 21 (restart 0) KSP residual norm 1.473852e-06
 22 (restart 0) KSP residual norm 1.466172e-06
 23 (restart 0) KSP residual norm 1.432742e-06
 24 (restart 0) KSP residual norm 1.369356e-06
 25 (restart 0) KSP residual norm 1.255572e-06
 26 (restart 0) KSP residual norm 1.131833e-06
 27 (restart 0) KSP residual norm 9.970865e-07
 28 (restart 0) KSP residual norm 8.762237e-07
 29 (restart 0) KSP residual norm 7.680358e-07
 30 (restart 0) KSP residual norm 6.150486e-07
 31 (restart 0) KSP residual norm 4.793456e-07
 32 (restart 0) KSP residual norm 3.657188e-07
GMRES solver converged in 32 iterations (avg. reduction factor: 7.440e-01)
2 NLEPS (nconv=2, restart=0) residual norm 3.725060e-03
  Residual norms for GMRES solve
  0 (restart 0) KSP residual norm 4.335218e-03
  1 (restart 0) KSP residual norm 2.055375e-05
  2 (restart 0) KSP residual norm 1.775701e-05
  3 (restart 0) KSP residual norm 2.163166e-06
  4 (restart 0) KSP residual norm 1.975292e-06
  5 (restart 0) KSP residual norm 1.619807e-06
  6 (restart 0) KSP residual norm 1.604135e-06
  7 (restart 0) KSP residual norm 1.595109e-06
  8 (restart 0) KSP residual norm 1.576617e-06
  9 (restart 0) KSP residual norm 1.560649e-06
 10 (restart 0) KSP residual norm 1.554500e-06
 11 (restart 0) KSP residual norm 1.533518e-06
 12 (restart 0) KSP residual norm 1.517688e-06
 13 (restart 0) KSP residual norm 1.516865e-06
 14 (restart 0) KSP residual norm 1.513544e-06
 15 (restart 0) KSP residual norm 1.511076e-06
 16 (restart 0) KSP residual norm 1.500011e-06
 17 (restart 0) KSP residual norm 1.497751e-06
 18 (restart 0) KSP residual norm 1.485603e-06
 19 (restart 0) KSP residual norm 1.483589e-06
 20 (restart 0) KSP residual norm 1.483425e-06
 21 (restart 0) KSP residual norm 1.482769e-06
 22 (restart 0) KSP residual norm 1.470024e-06
 23 (restart 0) KSP residual norm 1.469813e-06
 24 (restart 0) KSP residual norm 1.468067e-06
 25 (restart 0) KSP residual norm 1.454327e-06
 26 (restart 0) KSP residual norm 1.419255e-06
 27 (restart 0) KSP residual norm 1.410472e-06
 28 (restart 0) KSP residual norm 1.399618e-06
 29 (restart 0) KSP residual norm 1.358651e-06
 30 (restart 0) KSP residual norm 1.284049e-06
 31 (restart 0) KSP residual norm 1.206539e-06
 32 (restart 0) KSP residual norm 1.069233e-06
 33 (restart 0) KSP residual norm 8.886416e-07
 34 (restart 0) KSP residual norm 6.966430e-07
 35 (restart 0) KSP residual norm 5.236610e-07
 36 (restart 0) KSP residual norm 4.038206e-07
GMRES solver converged in 36 iterations (avg. reduction factor: 7.727e-01)
3 NLEPS (nconv=2, restart=0) residual norm 1.753330e-03
  Residual norms for GMRES solve
  0 (restart 0) KSP residual norm 5.592370e-04
  1 (restart 0) KSP residual norm 2.266333e-06
  2 (restart 0) KSP residual norm 7.002312e-07
  3 (restart 0) KSP residual norm 3.851610e-07
  4 (restart 0) KSP residual norm 3.062420e-07
  5 (restart 0) KSP residual norm 2.601129e-07
  6 (restart 0) KSP residual norm 2.186592e-07
  7 (restart 0) KSP residual norm 1.937197e-07
  8 (restart 0) KSP residual norm 1.933751e-07
  9 (restart 0) KSP residual norm 1.915265e-07
 10 (restart 0) KSP residual norm 1.602460e-07
 11 (restart 0) KSP residual norm 1.457808e-07
 12 (restart 0) KSP residual norm 1.211558e-07
 13 (restart 0) KSP residual norm 1.043053e-07
 14 (restart 0) KSP residual norm 9.199152e-08
 15 (restart 0) KSP residual norm 9.007587e-08
 16 (restart 0) KSP residual norm 8.652547e-08
 17 (restart 0) KSP residual norm 8.474862e-08
 18 (restart 0) KSP residual norm 8.204873e-08
 19 (restart 0) KSP residual norm 8.179460e-08
 20 (restart 0) KSP residual norm 8.172524e-08
 21 (restart 0) KSP residual norm 8.131345e-08
 22 (restart 0) KSP residual norm 8.122475e-08
 23 (restart 0) KSP residual norm 8.111229e-08
 24 (restart 0) KSP residual norm 8.106280e-08
 25 (restart 0) KSP residual norm 8.104646e-08
 26 (restart 0) KSP residual norm 8.087807e-08
 27 (restart 0) KSP residual norm 8.081722e-08
 28 (restart 0) KSP residual norm 8.056003e-08
 29 (restart 0) KSP residual norm 8.050099e-08
 30 (restart 0) KSP residual norm 8.016312e-08
 31 (restart 0) KSP residual norm 7.988442e-08
 32 (restart 0) KSP residual norm 7.960367e-08
 33 (restart 0) KSP residual norm 7.873589e-08
 34 (restart 0) KSP residual norm 7.853269e-08
 35 (restart 0) KSP residual norm 7.813669e-08
 36 (restart 0) KSP residual norm 7.661671e-08
 37 (restart 0) KSP residual norm 7.531630e-08
 38 (restart 0) KSP residual norm 7.384703e-08
 39 (restart 0) KSP residual norm 6.941839e-08
 40 (restart 0) KSP residual norm 6.300580e-08
 41 (restart 0) KSP residual norm 5.571823e-08
GMRES solver converged in 41 iterations (avg. reduction factor: 7.987e-01)
4 NLEPS (nconv=2, restart=0) residual norm 3.821321e-04
  Residual norms for GMRES solve
  0 (restart 0) KSP residual norm 1.583583e-04
  1 (restart 0) KSP residual norm 6.417775e-07
  2 (restart 0) KSP residual norm 3.371111e-07
  3 (restart 0) KSP residual norm 6.264985e-08
  4 (restart 0) KSP residual norm 4.115511e-08
  5 (restart 0) KSP residual norm 3.403913e-08
  6 (restart 0) KSP residual norm 2.794364e-08
  7 (restart 0) KSP residual norm 2.643817e-08
  8 (restart 0) KSP residual norm 2.594375e-08
  9 (restart 0) KSP residual norm 2.250885e-08
 10 (restart 0) KSP residual norm 1.804185e-08
 11 (restart 0) KSP residual norm 1.497525e-08
GMRES solver converged in 11 iterations (avg. reduction factor: 4.307e-01)
5 NLEPS (nconv=2, restart=0) residual norm 9.257682e-05
  Residual norms for GMRES solve
  0 (restart 0) KSP residual norm 3.943147e-05
  1 (restart 0) KSP residual norm 1.570764e-07
  2 (restart 0) KSP residual norm 3.609250e-08
  3 (restart 0) KSP residual norm 2.312613e-08
  4 (restart 0) KSP residual norm 2.219933e-08
  5 (restart 0) KSP residual norm 1.882171e-08
  6 (restart 0) KSP residual norm 1.821970e-08
  7 (restart 0) KSP residual norm 1.821223e-08
  8 (restart 0) KSP residual norm 1.787762e-08
  9 (restart 0) KSP residual norm 1.676947e-08
 10 (restart 0) KSP residual norm 1.631295e-08
 11 (restart 0) KSP residual norm 1.541417e-08
 12 (restart 0) KSP residual norm 1.458797e-08
 13 (restart 0) KSP residual norm 1.458157e-08
 14 (restart 0) KSP residual norm 1.449012e-08
 15 (restart 0) KSP residual norm 1.414756e-08
 16 (restart 0) KSP residual norm 1.398967e-08
 17 (restart 0) KSP residual norm 1.389416e-08
 18 (restart 0) KSP residual norm 1.385335e-08
 19 (restart 0) KSP residual norm 1.380108e-08
 20 (restart 0) KSP residual norm 1.366997e-08
 21 (restart 0) KSP residual norm 1.361994e-08
 22 (restart 0) KSP residual norm 1.361338e-08
 23 (restart 0) KSP residual norm 1.348956e-08
 24 (restart 0) KSP residual norm 1.343579e-08
 25 (restart 0) KSP residual norm 1.342756e-08
 26 (restart 0) KSP residual norm 1.338870e-08
 27 (restart 0) KSP residual norm 1.337865e-08
 28 (restart 0) KSP residual norm 1.325110e-08
 29 (restart 0) KSP residual norm 1.315932e-08
 30 (restart 0) KSP residual norm 1.293562e-08
 31 (restart 0) KSP residual norm 1.290112e-08
 32 (restart 0) KSP residual norm 1.266630e-08
 33 (restart 0) KSP residual norm 1.224642e-08
 34 (restart 0) KSP residual norm 1.161230e-08
 35 (restart 0) KSP residual norm 1.078395e-08
 36 (restart 0) KSP residual norm 1.010642e-08
 37 (restart 0) KSP residual norm 8.773070e-09
 38 (restart 0) KSP residual norm 7.256921e-09
 39 (restart 0) KSP residual norm 5.857512e-09
 40 (restart 0) KSP residual norm 4.330005e-09
 41 (restart 0) KSP residual norm 3.308195e-09
GMRES solver converged in 41 iterations (avg. reduction factor: 7.954e-01)
6 NLEPS (nconv=2, restart=0) residual norm 2.123517e-05
  Residual norms for GMRES solve
  0 (restart 0) KSP residual norm 9.339053e-06
  1 (restart 0) KSP residual norm 3.696170e-08
  2 (restart 0) KSP residual norm 9.379215e-09
  3 (restart 0) KSP residual norm 4.067429e-09
  4 (restart 0) KSP residual norm 3.530267e-09
  5 (restart 0) KSP residual norm 2.991457e-09
  6 (restart 0) KSP residual norm 2.689927e-09
  7 (restart 0) KSP residual norm 2.621448e-09
  8 (restart 0) KSP residual norm 2.488688e-09
  9 (restart 0) KSP residual norm 2.455407e-09
 10 (restart 0) KSP residual norm 2.373949e-09
 11 (restart 0) KSP residual norm 2.279023e-09
 12 (restart 0) KSP residual norm 2.187104e-09
 13 (restart 0) KSP residual norm 2.089178e-09
 14 (restart 0) KSP residual norm 2.070136e-09
 15 (restart 0) KSP residual norm 2.044063e-09
 16 (restart 0) KSP residual norm 2.035311e-09
 17 (restart 0) KSP residual norm 2.025619e-09
 18 (restart 0) KSP residual norm 1.997874e-09
 19 (restart 0) KSP residual norm 1.992733e-09
 20 (restart 0) KSP residual norm 1.981239e-09
 21 (restart 0) KSP residual norm 1.981112e-09
 22 (restart 0) KSP residual norm 1.979325e-09
 23 (restart 0) KSP residual norm 1.975782e-09
 24 (restart 0) KSP residual norm 1.974027e-09
 25 (restart 0) KSP residual norm 1.971316e-09
 26 (restart 0) KSP residual norm 1.966880e-09
 27 (restart 0) KSP residual norm 1.963475e-09
 28 (restart 0) KSP residual norm 1.957951e-09
 29 (restart 0) KSP residual norm 1.949944e-09
 30 (restart 0) KSP residual norm 1.946936e-09
 31 (restart 0) KSP residual norm 1.945008e-09
 32 (restart 0) KSP residual norm 1.927881e-09
 33 (restart 0) KSP residual norm 1.876887e-09
 34 (restart 0) KSP residual norm 1.833224e-09
 35 (restart 0) KSP residual norm 1.764642e-09
 36 (restart 0) KSP residual norm 1.614569e-09
 37 (restart 0) KSP residual norm 1.452947e-09
 38 (restart 0) KSP residual norm 1.297543e-09
 39 (restart 0) KSP residual norm 1.151066e-09
 40 (restart 0) KSP residual norm 1.008085e-09
 41 (restart 0) KSP residual norm 8.424358e-10
 42 (restart 0) KSP residual norm 6.489806e-10
 43 (restart 0) KSP residual norm 5.021927e-10
 44 (restart 0) KSP residual norm 3.877145e-10
 45 (restart 0) KSP residual norm 3.013058e-10
 46 (restart 0) KSP residual norm 2.356140e-10
 47 (restart 0) KSP residual norm 1.826344e-10
GMRES solver converged in 47 iterations (avg. reduction factor: 7.940e-01)
7 NLEPS (nconv=2, restart=0) residual norm 1.079746e-06
  Residual norms for GMRES solve
  0 (restart 0) KSP residual norm 5.154458e-07
  1 (restart 0) KSP residual norm 2.043304e-09
  2 (restart 0) KSP residual norm 5.501607e-10
  3 (restart 0) KSP residual norm 2.254770e-10
  4 (restart 0) KSP residual norm 1.959491e-10
  5 (restart 0) KSP residual norm 1.840875e-10
  6 (restart 0) KSP residual norm 1.575447e-10
  7 (restart 0) KSP residual norm 1.388608e-10
  8 (restart 0) KSP residual norm 1.297075e-10
  9 (restart 0) KSP residual norm 1.216067e-10
 10 (restart 0) KSP residual norm 1.207096e-10
 11 (restart 0) KSP residual norm 1.206803e-10
 12 (restart 0) KSP residual norm 1.181311e-10
 13 (restart 0) KSP residual norm 1.167290e-10
 14 (restart 0) KSP residual norm 1.128024e-10
 15 (restart 0) KSP residual norm 1.098790e-10
 16 (restart 0) KSP residual norm 1.093045e-10
 17 (restart 0) KSP residual norm 1.091128e-10
 18 (restart 0) KSP residual norm 1.077238e-10
 19 (restart 0) KSP residual norm 1.073958e-10
 20 (restart 0) KSP residual norm 1.072865e-10
 21 (restart 0) KSP residual norm 1.070621e-10
 22 (restart 0) KSP residual norm 1.066789e-10
 23 (restart 0) KSP residual norm 1.064401e-10
 24 (restart 0) KSP residual norm 1.062152e-10
 25 (restart 0) KSP residual norm 1.057155e-10
 26 (restart 0) KSP residual norm 1.052364e-10
 27 (restart 0) KSP residual norm 1.049086e-10
 28 (restart 0) KSP residual norm 1.048638e-10
 29 (restart 0) KSP residual norm 1.046211e-10
 30 (restart 0) KSP residual norm 1.040559e-10
 31 (restart 0) KSP residual norm 1.040257e-10
 32 (restart 0) KSP residual norm 1.027846e-10
 33 (restart 0) KSP residual norm 1.003235e-10
 34 (restart 0) KSP residual norm 9.889765e-11
 35 (restart 0) KSP residual norm 9.653215e-11
 36 (restart 0) KSP residual norm 9.523681e-11
 37 (restart 0) KSP residual norm 8.831855e-11
 38 (restart 0) KSP residual norm 8.032817e-11
 39 (restart 0) KSP residual norm 7.150171e-11
 40 (restart 0) KSP residual norm 6.064729e-11
 41 (restart 0) KSP residual norm 5.265865e-11
 42 (restart 0) KSP residual norm 4.266890e-11
 43 (restart 0) KSP residual norm 3.285492e-11
 44 (restart 0) KSP residual norm 2.594294e-11
 45 (restart 0) KSP residual norm 2.056652e-11
 46 (restart 0) KSP residual norm 1.669042e-11
 47 (restart 0) KSP residual norm 1.316735e-11
 48 (restart 0) KSP residual norm 9.563188e-12
 49 (restart 0) KSP residual norm 7.066284e-12
 50 (restart 0) KSP residual norm 5.057232e-12
 51 (restart 0) KSP residual norm 3.814720e-12
 52 (restart 0) KSP residual norm 3.032982e-12
 53 (restart 0) KSP residual norm 2.416280e-12
 54 (restart 0) KSP residual norm 1.859222e-12
 55 (restart 0) KSP residual norm 1.350699e-12
 56 (restart 0) KSP residual norm 9.669850e-13
GMRES solver converged in 56 iterations (avg. reduction factor: 7.902e-01)
8 NLEPS (nconv=2, restart=0) residual norm 5.999077e-09
Eigenvalue 2, Quasi-Newton converged in 8 iterations (-1.466e-04+6.006e+00i).
  Residual norms for GMRES solve
  0 (restart 0) KSP residual norm 7.420626e+01
  1 (restart 0) KSP residual norm 5.286933e+01
  2 (restart 0) KSP residual norm 1.154721e+01
  3 (restart 0) KSP residual norm 2.198706e+00
  4 (restart 0) KSP residual norm 1.418516e+00
  5 (restart 0) KSP residual norm 1.410643e+00
  6 (restart 0) KSP residual norm 1.361184e+00
  7 (restart 0) KSP residual norm 1.360755e+00
  8 (restart 0) KSP residual norm 1.343061e+00
  9 (restart 0) KSP residual norm 1.154843e+00
 10 (restart 0) KSP residual norm 1.013929e+00
 11 (restart 0) KSP residual norm 8.654887e-01
 12 (restart 0) KSP residual norm 6.872482e-01
 13 (restart 0) KSP residual norm 4.416456e-01
 14 (restart 0) KSP residual norm 2.879755e-01
 15 (restart 0) KSP residual norm 1.788883e-01
 16 (restart 0) KSP residual norm 1.199874e-01
 17 (restart 0) KSP residual norm 8.653150e-02
 18 (restart 0) KSP residual norm 6.495990e-02
 19 (restart 0) KSP residual norm 4.699483e-02
 20 (restart 0) KSP residual norm 3.249890e-02
 21 (restart 0) KSP residual norm 2.171286e-02
 22 (restart 0) KSP residual norm 1.596197e-02
 23 (restart 0) KSP residual norm 1.268786e-02
 24 (restart 0) KSP residual norm 1.009207e-02
 25 (restart 0) KSP residual norm 8.121952e-03
 26 (restart 0) KSP residual norm 6.624316e-03
GMRES solver converged in 26 iterations (avg. reduction factor: 6.986e-01)
0 NLEPS (nconv=3, restart=0) residual norm 1.014578e-01
  Residual norms for GMRES solve
  0 (restart 0) KSP residual norm 1.091247e+01
  1 (restart 0) KSP residual norm 2.700031e+00
  2 (restart 0) KSP residual norm 4.706933e-01
  3 (restart 0) KSP residual norm 4.562345e-01
  4 (restart 0) KSP residual norm 4.540578e-01
  5 (restart 0) KSP residual norm 4.217695e-01
  6 (restart 0) KSP residual norm 4.206138e-01
  7 (restart 0) KSP residual norm 4.147620e-01
  8 (restart 0) KSP residual norm 3.755047e-01
  9 (restart 0) KSP residual norm 3.671015e-01
 10 (restart 0) KSP residual norm 3.376730e-01
 11 (restart 0) KSP residual norm 2.113798e-01
 12 (restart 0) KSP residual norm 1.375768e-01
 13 (restart 0) KSP residual norm 1.029585e-01
 14 (restart 0) KSP residual norm 6.374258e-02
 15 (restart 0) KSP residual norm 4.291522e-02
 16 (restart 0) KSP residual norm 3.103377e-02
 17 (restart 0) KSP residual norm 2.298803e-02
 18 (restart 0) KSP residual norm 1.783022e-02
 19 (restart 0) KSP residual norm 1.220175e-02
 20 (restart 0) KSP residual norm 7.953950e-03
 21 (restart 0) KSP residual norm 5.884851e-03
 22 (restart 0) KSP residual norm 4.727787e-03
 23 (restart 0) KSP residual norm 3.624055e-03
 24 (restart 0) KSP residual norm 2.968195e-03
 25 (restart 0) KSP residual norm 2.499955e-03
 26 (restart 0) KSP residual norm 1.945929e-03
 27 (restart 0) KSP residual norm 1.506716e-03
 28 (restart 0) KSP residual norm 1.157566e-03
 29 (restart 0) KSP residual norm 9.028681e-04
GMRES solver converged in 29 iterations (avg. reduction factor: 7.232e-01)
1 NLEPS (nconv=3, restart=0) residual norm 5.526783e-02
  Residual norms for GMRES solve
  0 (restart 0) KSP residual norm 4.779906e-04
  1 (restart 0) KSP residual norm 2.137795e-04
  2 (restart 0) KSP residual norm 2.110273e-05
  3 (restart 0) KSP residual norm 1.879394e-05
  4 (restart 0) KSP residual norm 1.793661e-05
  5 (restart 0) KSP residual norm 1.676755e-05
  6 (restart 0) KSP residual norm 1.676419e-05
  7 (restart 0) KSP residual norm 1.591981e-05
  8 (restart 0) KSP residual norm 1.547222e-05
  9 (restart 0) KSP residual norm 1.479525e-05
 10 (restart 0) KSP residual norm 1.411154e-05
 11 (restart 0) KSP residual norm 1.034126e-05
 12 (restart 0) KSP residual norm 6.789066e-06
 13 (restart 0) KSP residual norm 4.884333e-06
 14 (restart 0) KSP residual norm 3.270103e-06
 15 (restart 0) KSP residual norm 2.158080e-06
 16 (restart 0) KSP residual norm 1.573876e-06
 17 (restart 0) KSP residual norm 1.166536e-06
 18 (restart 0) KSP residual norm 8.658029e-07
 19 (restart 0) KSP residual norm 6.687996e-07
 20 (restart 0) KSP residual norm 4.422814e-07
 21 (restart 0) KSP residual norm 3.325809e-07
 22 (restart 0) KSP residual norm 2.645834e-07
 23 (restart 0) KSP residual norm 2.184954e-07
 24 (restart 0) KSP residual norm 1.764992e-07
 25 (restart 0) KSP residual norm 1.456013e-07
 26 (restart 0) KSP residual norm 1.186284e-07
 27 (restart 0) KSP residual norm 9.046589e-08
 28 (restart 0) KSP residual norm 6.689559e-08
 29 (restart 0) KSP residual norm 5.129670e-08
 30 (restart 0) KSP residual norm 3.903997e-08
GMRES solver converged in 30 iterations (avg. reduction factor: 7.307e-01)
2 NLEPS (nconv=3, restart=0) residual norm 1.792496e-03
  Residual norms for GMRES solve
  0 (restart 0) KSP residual norm 4.361683e-05
  1 (restart 0) KSP residual norm 1.949928e-05
  2 (restart 0) KSP residual norm 1.924911e-06
  3 (restart 0) KSP residual norm 1.714946e-06
  4 (restart 0) KSP residual norm 1.636647e-06
  5 (restart 0) KSP residual norm 1.530109e-06
  6 (restart 0) KSP residual norm 1.529727e-06
  7 (restart 0) KSP residual norm 1.451280e-06
  8 (restart 0) KSP residual norm 1.411320e-06
  9 (restart 0) KSP residual norm 1.349010e-06
 10 (restart 0) KSP residual norm 1.286963e-06
 11 (restart 0) KSP residual norm 9.483683e-07
 12 (restart 0) KSP residual norm 6.331238e-07
 13 (restart 0) KSP residual norm 4.669637e-07
 14 (restart 0) KSP residual norm 3.246790e-07
 15 (restart 0) KSP residual norm 2.239975e-07
 16 (restart 0) KSP residual norm 1.686263e-07
 17 (restart 0) KSP residual norm 1.295634e-07
 18 (restart 0) KSP residual norm 9.979276e-08
 19 (restart 0) KSP residual norm 8.229611e-08
 20 (restart 0) KSP residual norm 6.352488e-08
 21 (restart 0) KSP residual norm 5.225368e-08
 22 (restart 0) KSP residual norm 4.371067e-08
 23 (restart 0) KSP residual norm 3.645229e-08
 24 (restart 0) KSP residual norm 2.801338e-08
 25 (restart 0) KSP residual norm 2.249791e-08
 26 (restart 0) KSP residual norm 1.694725e-08
 27 (restart 0) KSP residual norm 1.243674e-08
 28 (restart 0) KSP residual norm 8.944099e-09
 29 (restart 0) KSP residual norm 6.676285e-09
 30 (restart 0) KSP residual norm 5.053242e-09
 31 (restart 0) KSP residual norm 3.491895e-09
GMRES solver converged in 31 iterations (avg. reduction factor: 7.377e-01)
3 NLEPS (nconv=3, restart=0) residual norm 1.800001e-04
  Residual norms for GMRES solve
  0 (restart 0) KSP residual norm 4.851691e-06
  1 (restart 0) KSP residual norm 2.174331e-06
  2 (restart 0) KSP residual norm 2.147886e-07
  3 (restart 0) KSP residual norm 1.967660e-07
  4 (restart 0) KSP residual norm 1.876434e-07
  5 (restart 0) KSP residual norm 1.803406e-07
  6 (restart 0) KSP residual norm 1.784123e-07
  7 (restart 0) KSP residual norm 1.723924e-07
  8 (restart 0) KSP residual norm 1.717499e-07
  9 (restart 0) KSP residual norm 1.713191e-07
 10 (restart 0) KSP residual norm 1.676040e-07
 11 (restart 0) KSP residual norm 1.665699e-07
 12 (restart 0) KSP residual norm 1.648369e-07
 13 (restart 0) KSP residual norm 1.552156e-07
 14 (restart 0) KSP residual norm 1.527635e-07
 15 (restart 0) KSP residual norm 1.495696e-07
 16 (restart 0) KSP residual norm 1.485533e-07
 17 (restart 0) KSP residual norm 1.453096e-07
 18 (restart 0) KSP residual norm 1.414287e-07
 19 (restart 0) KSP residual norm 1.322191e-07
 20 (restart 0) KSP residual norm 1.213019e-07
 21 (restart 0) KSP residual norm 1.142340e-07
 22 (restart 0) KSP residual norm 9.978339e-08
 23 (restart 0) KSP residual norm 8.541298e-08
 24 (restart 0) KSP residual norm 7.581949e-08
 25 (restart 0) KSP residual norm 6.572468e-08
 26 (restart 0) KSP residual norm 5.447527e-08
 27 (restart 0) KSP residual norm 4.355907e-08
 28 (restart 0) KSP residual norm 3.346657e-08
 29 (restart 0) KSP residual norm 2.362219e-08
 30 (restart 0) KSP residual norm 1.757374e-08
 31 (restart 0) KSP residual norm 1.326988e-08
 32 (restart 0) KSP residual norm 1.083377e-08
 33 (restart 0) KSP residual norm 8.528581e-09
 34 (restart 0) KSP residual norm 6.907220e-09
 35 (restart 0) KSP residual norm 5.467880e-09
 36 (restart 0) KSP residual norm 3.955585e-09
 37 (restart 0) KSP residual norm 2.679562e-09
 38 (restart 0) KSP residual norm 1.877591e-09
 39 (restart 0) KSP residual norm 1.338560e-09
 40 (restart 0) KSP residual norm 1.009244e-09
 41 (restart 0) KSP residual norm 7.787082e-10
 42 (restart 0) KSP residual norm 5.808727e-10
 43 (restart 0) KSP residual norm 4.419434e-10
GMRES solver converged in 43 iterations (avg. reduction factor: 8.054e-01)
4 NLEPS (nconv=3, restart=0) residual norm 2.703316e-06
  Residual norms for GMRES solve
  0 (restart 0) KSP residual norm 3.116569e-09
  1 (restart 0) KSP residual norm 7.295305e-10
  2 (restart 0) KSP residual norm 5.791447e-10
  3 (restart 0) KSP residual norm 5.189429e-10
  4 (restart 0) KSP residual norm 4.875946e-10
  5 (restart 0) KSP residual norm 4.234980e-10
  6 (restart 0) KSP residual norm 3.719370e-10
  7 (restart 0) KSP residual norm 3.251695e-10
  8 (restart 0) KSP residual norm 2.657673e-10
  9 (restart 0) KSP residual norm 2.109912e-10
 10 (restart 0) KSP residual norm 1.688131e-10
 11 (restart 0) KSP residual norm 1.216002e-10
 12 (restart 0) KSP residual norm 9.014622e-11
 13 (restart 0) KSP residual norm 6.803068e-11
 14 (restart 0) KSP residual norm 5.724520e-11
 15 (restart 0) KSP residual norm 5.261499e-11
 16 (restart 0) KSP residual norm 4.859137e-11
 17 (restart 0) KSP residual norm 4.551775e-11
 18 (restart 0) KSP residual norm 4.293309e-11
 19 (restart 0) KSP residual norm 4.115581e-11
 20 (restart 0) KSP residual norm 4.016663e-11
 21 (restart 0) KSP residual norm 3.948721e-11
 22 (restart 0) KSP residual norm 3.820453e-11
 23 (restart 0) KSP residual norm 3.718540e-11
 24 (restart 0) KSP residual norm 3.709553e-11
 25 (restart 0) KSP residual norm 3.697060e-11
 26 (restart 0) KSP residual norm 3.622307e-11
 27 (restart 0) KSP residual norm 3.561868e-11
 28 (restart 0) KSP residual norm 3.505458e-11
 29 (restart 0) KSP residual norm 3.442306e-11
 30 (restart 0) KSP residual norm 3.371695e-11
 31 (restart 0) KSP residual norm 3.341751e-11
 32 (restart 0) KSP residual norm 3.269451e-11
 33 (restart 0) KSP residual norm 3.098783e-11
 34 (restart 0) KSP residual norm 2.738906e-11
 35 (restart 0) KSP residual norm 2.433257e-11
 36 (restart 0) KSP residual norm 2.174835e-11
 37 (restart 0) KSP residual norm 1.950003e-11
 38 (restart 0) KSP residual norm 1.680533e-11
 39 (restart 0) KSP residual norm 1.411019e-11
 40 (restart 0) KSP residual norm 1.200545e-11
 41 (restart 0) KSP residual norm 1.012292e-11
 42 (restart 0) KSP residual norm 8.210497e-12
 43 (restart 0) KSP residual norm 6.325790e-12
 44 (restart 0) KSP residual norm 4.808068e-12
 45 (restart 0) KSP residual norm 3.594128e-12
 46 (restart 0) KSP residual norm 2.639478e-12
 47 (restart 0) KSP residual norm 2.047548e-12
 48 (restart 0) KSP residual norm 1.580476e-12
 49 (restart 0) KSP residual norm 1.230793e-12
 50 (restart 0) KSP residual norm 9.328621e-13
GMRES solver converged in 50 iterations (avg. reduction factor: 8.502e-01)
5 NLEPS (nconv=3, restart=0) residual norm 8.477300e-09
Eigenvalue 3, Quasi-Newton converged in 5 iterations (-2.701e-04+6.611e+00i).
  Residual norms for GMRES solve
  0 (restart 0) KSP residual norm 5.204987e+01
  1 (restart 0) KSP residual norm 1.025664e+01
  2 (restart 0) KSP residual norm 8.265024e+00
  3 (restart 0) KSP residual norm 3.277822e+00
  4 (restart 0) KSP residual norm 2.862976e+00
  5 (restart 0) KSP residual norm 2.489598e+00
  6 (restart 0) KSP residual norm 1.647227e+00
  7 (restart 0) KSP residual norm 1.305761e+00
  8 (restart 0) KSP residual norm 1.149802e+00
  9 (restart 0) KSP residual norm 1.134339e+00
 10 (restart 0) KSP residual norm 1.103750e+00
 11 (restart 0) KSP residual norm 1.038441e+00
 12 (restart 0) KSP residual norm 9.791809e-01
 13 (restart 0) KSP residual norm 8.396117e-01
 14 (restart 0) KSP residual norm 4.783160e-01
 15 (restart 0) KSP residual norm 2.369772e-01
 16 (restart 0) KSP residual norm 1.549691e-01
 17 (restart 0) KSP residual norm 8.860951e-02
 18 (restart 0) KSP residual norm 3.840121e-02
 19 (restart 0) KSP residual norm 2.221076e-02
 20 (restart 0) KSP residual norm 1.429622e-02
 21 (restart 0) KSP residual norm 9.112160e-03
 22 (restart 0) KSP residual norm 6.482812e-03
 23 (restart 0) KSP residual norm 4.863436e-03
GMRES solver converged in 23 iterations (avg. reduction factor: 6.680e-01)
0 NLEPS (nconv=4, restart=0) residual norm 1.538292e-01
  Residual norms for GMRES solve
  0 (restart 0) KSP residual norm 5.427685e+00
  1 (restart 0) KSP residual norm 4.063019e+00
  2 (restart 0) KSP residual norm 4.031048e+00
  3 (restart 0) KSP residual norm 2.585218e+00
  4 (restart 0) KSP residual norm 1.279685e+00
  5 (restart 0) KSP residual norm 1.253338e+00
  6 (restart 0) KSP residual norm 1.121442e+00
  7 (restart 0) KSP residual norm 1.070159e+00
  8 (restart 0) KSP residual norm 9.946595e-01
  9 (restart 0) KSP residual norm 8.753136e-01
 10 (restart 0) KSP residual norm 8.716957e-01
 11 (restart 0) KSP residual norm 8.521438e-01
 12 (restart 0) KSP residual norm 7.054411e-01
 13 (restart 0) KSP residual norm 4.380808e-01
 14 (restart 0) KSP residual norm 2.716524e-01
 15 (restart 0) KSP residual norm 1.562396e-01
 16 (restart 0) KSP residual norm 9.105406e-02
 17 (restart 0) KSP residual norm 5.510657e-02
 18 (restart 0) KSP residual norm 3.483010e-02
 19 (restart 0) KSP residual norm 2.670216e-02
 20 (restart 0) KSP residual norm 2.092473e-02
 21 (restart 0) KSP residual norm 1.489866e-02
 22 (restart 0) KSP residual norm 1.003625e-02
 23 (restart 0) KSP residual norm 7.118727e-03
 24 (restart 0) KSP residual norm 5.209284e-03
 25 (restart 0) KSP residual norm 3.739827e-03
 26 (restart 0) KSP residual norm 2.775918e-03
 27 (restart 0) KSP residual norm 2.183905e-03
 28 (restart 0) KSP residual norm 1.747519e-03
 29 (restart 0) KSP residual norm 1.410277e-03
 30 (restart 0) KSP residual norm 1.101312e-03
 31 (restart 0) KSP residual norm 8.634599e-04
 32 (restart 0) KSP residual norm 6.779192e-04
 33 (restart 0) KSP residual norm 5.191598e-04
GMRES solver converged in 33 iterations (avg. reduction factor: 7.554e-01)
   NLEPS Armijo backtracks=1, alpha=5.000e-01, res_new=9.925660e-02
1 NLEPS (nconv=4, restart=0) residual norm 9.925660e-02
  Residual norms for GMRES solve
  0 (restart 0) KSP residual norm 8.523549e-04
  1 (restart 0) KSP residual norm 8.463591e-04
  2 (restart 0) KSP residual norm 7.139584e-04
  3 (restart 0) KSP residual norm 4.985409e-04
  4 (restart 0) KSP residual norm 1.507271e-04
  5 (restart 0) KSP residual norm 1.359449e-04
  6 (restart 0) KSP residual norm 1.120784e-04
  7 (restart 0) KSP residual norm 1.009552e-04
  8 (restart 0) KSP residual norm 1.007173e-04
  9 (restart 0) KSP residual norm 9.739052e-05
 10 (restart 0) KSP residual norm 8.852589e-05
 11 (restart 0) KSP residual norm 8.640997e-05
 12 (restart 0) KSP residual norm 7.652598e-05
 13 (restart 0) KSP residual norm 6.234016e-05
 14 (restart 0) KSP residual norm 4.269237e-05
 15 (restart 0) KSP residual norm 2.739047e-05
 16 (restart 0) KSP residual norm 1.536570e-05
 17 (restart 0) KSP residual norm 1.047005e-05
 18 (restart 0) KSP residual norm 6.042598e-06
 19 (restart 0) KSP residual norm 4.188079e-06
 20 (restart 0) KSP residual norm 3.379318e-06
 21 (restart 0) KSP residual norm 2.409293e-06
 22 (restart 0) KSP residual norm 1.708287e-06
 23 (restart 0) KSP residual norm 1.112239e-06
 24 (restart 0) KSP residual norm 7.924199e-07
 25 (restart 0) KSP residual norm 5.511181e-07
 26 (restart 0) KSP residual norm 3.750947e-07
 27 (restart 0) KSP residual norm 2.791745e-07
 28 (restart 0) KSP residual norm 2.120714e-07
 29 (restart 0) KSP residual norm 1.642623e-07
 30 (restart 0) KSP residual norm 1.297156e-07
 31 (restart 0) KSP residual norm 9.827148e-08
 32 (restart 0) KSP residual norm 7.530930e-08
GMRES solver converged in 32 iterations (avg. reduction factor: 7.470e-01)
2 NLEPS (nconv=4, restart=0) residual norm 4.471418e-03
  Residual norms for GMRES solve
  0 (restart 0) KSP residual norm 2.908193e-05
  1 (restart 0) KSP residual norm 2.876673e-05
  2 (restart 0) KSP residual norm 2.417156e-05
  3 (restart 0) KSP residual norm 1.702364e-05
  4 (restart 0) KSP residual norm 5.115201e-06
  5 (restart 0) KSP residual norm 4.571473e-06
  6 (restart 0) KSP residual norm 3.789627e-06
  7 (restart 0) KSP residual norm 3.404714e-06
  8 (restart 0) KSP residual norm 3.400241e-06
  9 (restart 0) KSP residual norm 3.291150e-06
 10 (restart 0) KSP residual norm 2.974913e-06
 11 (restart 0) KSP residual norm 2.910639e-06
 12 (restart 0) KSP residual norm 2.586739e-06
 13 (restart 0) KSP residual norm 2.173184e-06
 14 (restart 0) KSP residual norm 1.617793e-06
 15 (restart 0) KSP residual norm 1.197543e-06
 16 (restart 0) KSP residual norm 8.815290e-07
 17 (restart 0) KSP residual norm 7.276844e-07
 18 (restart 0) KSP residual norm 5.638039e-07
 19 (restart 0) KSP residual norm 4.640330e-07
 20 (restart 0) KSP residual norm 3.930830e-07
 21 (restart 0) KSP residual norm 2.829554e-07
 22 (restart 0) KSP residual norm 2.172081e-07
 23 (restart 0) KSP residual norm 1.594130e-07
 24 (restart 0) KSP residual norm 1.204887e-07
 25 (restart 0) KSP residual norm 9.022156e-08
 26 (restart 0) KSP residual norm 6.851706e-08
 27 (restart 0) KSP residual norm 5.438094e-08
 28 (restart 0) KSP residual norm 4.450242e-08
 29 (restart 0) KSP residual norm 3.452177e-08
 30 (restart 0) KSP residual norm 2.645823e-08
 31 (restart 0) KSP residual norm 2.014222e-08
 32 (restart 0) KSP residual norm 1.598436e-08
 33 (restart 0) KSP residual norm 1.289300e-08
 34 (restart 0) KSP residual norm 1.040026e-08
 35 (restart 0) KSP residual norm 8.326654e-09
 36 (restart 0) KSP residual norm 6.594658e-09
 37 (restart 0) KSP residual norm 4.996492e-09
 38 (restart 0) KSP residual norm 3.552222e-09
 39 (restart 0) KSP residual norm 2.628662e-09
GMRES solver converged in 39 iterations (avg. reduction factor: 7.876e-01)
3 NLEPS (nconv=4, restart=0) residual norm 9.017695e-04
  Residual norms for GMRES solve
  0 (restart 0) KSP residual norm 1.069552e-04
  1 (restart 0) KSP residual norm 1.058174e-04
  2 (restart 0) KSP residual norm 8.893431e-05
  3 (restart 0) KSP residual norm 6.248754e-05
  4 (restart 0) KSP residual norm 1.883217e-05
  5 (restart 0) KSP residual norm 1.682716e-05
  6 (restart 0) KSP residual norm 1.393986e-05
  7 (restart 0) KSP residual norm 1.253069e-05
  8 (restart 0) KSP residual norm 1.250449e-05
  9 (restart 0) KSP residual norm 1.212599e-05
 10 (restart 0) KSP residual norm 1.157704e-05
 11 (restart 0) KSP residual norm 1.088214e-05
 12 (restart 0) KSP residual norm 1.020895e-05
 13 (restart 0) KSP residual norm 1.016485e-05
 14 (restart 0) KSP residual norm 1.005588e-05
 15 (restart 0) KSP residual norm 9.767662e-06
 16 (restart 0) KSP residual norm 9.547515e-06
 17 (restart 0) KSP residual norm 9.190751e-06
 18 (restart 0) KSP residual norm 8.868205e-06
 19 (restart 0) KSP residual norm 8.065244e-06
 20 (restart 0) KSP residual norm 7.323650e-06
 21 (restart 0) KSP residual norm 6.589787e-06
 22 (restart 0) KSP residual norm 5.906659e-06
 23 (restart 0) KSP residual norm 4.932030e-06
 24 (restart 0) KSP residual norm 3.718220e-06
 25 (restart 0) KSP residual norm 2.883469e-06
 26 (restart 0) KSP residual norm 2.366026e-06
 27 (restart 0) KSP residual norm 1.897597e-06
 28 (restart 0) KSP residual norm 1.563636e-06
 29 (restart 0) KSP residual norm 1.216849e-06
 30 (restart 0) KSP residual norm 9.234993e-07
 31 (restart 0) KSP residual norm 7.230407e-07
 32 (restart 0) KSP residual norm 5.671545e-07
 33 (restart 0) KSP residual norm 4.510111e-07
 34 (restart 0) KSP residual norm 3.687513e-07
 35 (restart 0) KSP residual norm 2.917691e-07
 36 (restart 0) KSP residual norm 2.221263e-07
 37 (restart 0) KSP residual norm 1.596554e-07
 38 (restart 0) KSP residual norm 1.182276e-07
 39 (restart 0) KSP residual norm 9.115984e-08
 40 (restart 0) KSP residual norm 6.996283e-08
 41 (restart 0) KSP residual norm 5.604569e-08
 42 (restart 0) KSP residual norm 4.261672e-08
 43 (restart 0) KSP residual norm 3.279480e-08
 44 (restart 0) KSP residual norm 2.599837e-08
 45 (restart 0) KSP residual norm 2.028435e-08
 46 (restart 0) KSP residual norm 1.530404e-08
 47 (restart 0) KSP residual norm 1.131348e-08
 48 (restart 0) KSP residual norm 7.797687e-09
GMRES solver converged in 48 iterations (avg. reduction factor: 8.200e-01)
4 NLEPS (nconv=4, restart=0) residual norm 1.614391e-05
  Residual norms for GMRES solve
  0 (restart 0) KSP residual norm 2.531500e-09
  1 (restart 0) KSP residual norm 2.434075e-09
  2 (restart 0) KSP residual norm 2.232158e-09
  3 (restart 0) KSP residual norm 1.913034e-09
  4 (restart 0) KSP residual norm 1.785848e-09
  5 (restart 0) KSP residual norm 1.701643e-09
  6 (restart 0) KSP residual norm 1.698997e-09
  7 (restart 0) KSP residual norm 1.421510e-09
  8 (restart 0) KSP residual norm 9.790133e-10
  9 (restart 0) KSP residual norm 7.860201e-10
 10 (restart 0) KSP residual norm 7.555174e-10
 11 (restart 0) KSP residual norm 7.139955e-10
 12 (restart 0) KSP residual norm 5.788574e-10
 13 (restart 0) KSP residual norm 4.439152e-10
 14 (restart 0) KSP residual norm 3.983436e-10
 15 (restart 0) KSP residual norm 3.785951e-10
 16 (restart 0) KSP residual norm 3.504559e-10
 17 (restart 0) KSP residual norm 3.395934e-10
 18 (restart 0) KSP residual norm 3.315733e-10
 19 (restart 0) KSP residual norm 3.196823e-10
 20 (restart 0) KSP residual norm 3.153570e-10
 21 (restart 0) KSP residual norm 3.129369e-10
 22 (restart 0) KSP residual norm 3.098550e-10
 23 (restart 0) KSP residual norm 3.088880e-10
 24 (restart 0) KSP residual norm 3.002480e-10
 25 (restart 0) KSP residual norm 2.957657e-10
 26 (restart 0) KSP residual norm 2.937727e-10
 27 (restart 0) KSP residual norm 2.886296e-10
 28 (restart 0) KSP residual norm 2.771698e-10
 29 (restart 0) KSP residual norm 2.587043e-10
 30 (restart 0) KSP residual norm 2.494014e-10
 31 (restart 0) KSP residual norm 2.392672e-10
 32 (restart 0) KSP residual norm 2.362025e-10
 33 (restart 0) KSP residual norm 2.321970e-10
 34 (restart 0) KSP residual norm 2.229047e-10
 35 (restart 0) KSP residual norm 2.081396e-10
 36 (restart 0) KSP residual norm 1.991093e-10
 37 (restart 0) KSP residual norm 1.947940e-10
 38 (restart 0) KSP residual norm 1.933724e-10
 39 (restart 0) KSP residual norm 1.803055e-10
 40 (restart 0) KSP residual norm 1.494619e-10
 41 (restart 0) KSP residual norm 1.336307e-10
 42 (restart 0) KSP residual norm 1.255341e-10
 43 (restart 0) KSP residual norm 1.199465e-10
 44 (restart 0) KSP residual norm 1.089979e-10
 45 (restart 0) KSP residual norm 9.660087e-11
 46 (restart 0) KSP residual norm 8.397608e-11
 47 (restart 0) KSP residual norm 6.744493e-11
 48 (restart 0) KSP residual norm 4.937811e-11
 49 (restart 0) KSP residual norm 3.434927e-11
 50 (restart 0) KSP residual norm 2.448609e-11
 51 (restart 0) KSP residual norm 1.784399e-11
 52 (restart 0) KSP residual norm 1.354690e-11
 53 (restart 0) KSP residual norm 1.035262e-11
 54 (restart 0) KSP residual norm 7.859160e-12
 55 (restart 0) KSP residual norm 5.926956e-12
 56 (restart 0) KSP residual norm 4.475873e-12
 57 (restart 0) KSP residual norm 3.414302e-12
 58 (restart 0) KSP residual norm 2.699793e-12
 59 (restart 0) KSP residual norm 2.151990e-12
 60 (restart 0) KSP residual norm 1.655580e-12
 61 (restart 0) KSP residual norm 1.196586e-12
 62 (restart 0) KSP residual norm 8.219806e-13
GMRES solver converged in 62 iterations (avg. reduction factor: 8.785e-01)
5 NLEPS (nconv=4, restart=0) residual norm 6.091613e-09
Eigenvalue 4, Quasi-Newton converged in 5 iterations (-2.021e-04+7.515e+00i).
  Residual norms for GMRES solve
  0 (restart 0) KSP residual norm 5.168167e+01
  1 (restart 0) KSP residual norm 5.524435e+00
  2 (restart 0) KSP residual norm 2.580923e+00
  3 (restart 0) KSP residual norm 2.551834e+00
  4 (restart 0) KSP residual norm 2.463018e+00
  5 (restart 0) KSP residual norm 2.380114e+00
  6 (restart 0) KSP residual norm 2.223564e+00
  7 (restart 0) KSP residual norm 1.942530e+00
  8 (restart 0) KSP residual norm 1.620021e+00
  9 (restart 0) KSP residual norm 9.149262e-01
 10 (restart 0) KSP residual norm 6.240311e-01
 11 (restart 0) KSP residual norm 4.832923e-01
 12 (restart 0) KSP residual norm 4.272127e-01
 13 (restart 0) KSP residual norm 4.113863e-01
 14 (restart 0) KSP residual norm 4.080510e-01
 15 (restart 0) KSP residual norm 3.720556e-01
 16 (restart 0) KSP residual norm 3.406347e-01
 17 (restart 0) KSP residual norm 2.870359e-01
 18 (restart 0) KSP residual norm 2.478185e-01
 19 (restart 0) KSP residual norm 1.947825e-01
 20 (restart 0) KSP residual norm 1.456290e-01
 21 (restart 0) KSP residual norm 1.137205e-01
 22 (restart 0) KSP residual norm 9.183100e-02
 23 (restart 0) KSP residual norm 7.066107e-02
 24 (restart 0) KSP residual norm 4.894848e-02
 25 (restart 0) KSP residual norm 3.730162e-02
 26 (restart 0) KSP residual norm 2.557922e-02
 27 (restart 0) KSP residual norm 1.827228e-02
 28 (restart 0) KSP residual norm 1.296936e-02
 29 (restart 0) KSP residual norm 9.371964e-03
 30 (restart 0) KSP residual norm 7.141912e-03
 31 (restart 0) KSP residual norm 5.544329e-03
 32 (restart 0) KSP residual norm 4.247600e-03
GMRES solver converged in 32 iterations (avg. reduction factor: 7.453e-01)
0 NLEPS (nconv=5, restart=0) residual norm 1.225616e-01
  Residual norms for GMRES solve
  0 (restart 0) KSP residual norm 4.028608e+00
  1 (restart 0) KSP residual norm 3.485196e+00
  2 (restart 0) KSP residual norm 3.105371e+00
  3 (restart 0) KSP residual norm 1.598935e+00
  4 (restart 0) KSP residual norm 7.833217e-01
  5 (restart 0) KSP residual norm 7.019332e-01
  6 (restart 0) KSP residual norm 5.051023e-01
  7 (restart 0) KSP residual norm 4.446876e-01
  8 (restart 0) KSP residual norm 4.331306e-01
  9 (restart 0) KSP residual norm 4.128721e-01
 10 (restart 0) KSP residual norm 4.124378e-01
 11 (restart 0) KSP residual norm 4.103418e-01
 12 (restart 0) KSP residual norm 4.085396e-01
 13 (restart 0) KSP residual norm 4.077780e-01
 14 (restart 0) KSP residual norm 3.980360e-01
 15 (restart 0) KSP residual norm 3.132642e-01
 16 (restart 0) KSP residual norm 2.881535e-01
 17 (restart 0) KSP residual norm 2.471166e-01
 18 (restart 0) KSP residual norm 1.884503e-01
 19 (restart 0) KSP residual norm 1.561248e-01
 20 (restart 0) KSP residual norm 1.302307e-01
 21 (restart 0) KSP residual norm 9.394019e-02
 22 (restart 0) KSP residual norm 7.539314e-02
 23 (restart 0) KSP residual norm 5.700989e-02
 24 (restart 0) KSP residual norm 4.226469e-02
 25 (restart 0) KSP residual norm 3.168949e-02
 26 (restart 0) KSP residual norm 2.278347e-02
 27 (restart 0) KSP residual norm 1.646865e-02
 28 (restart 0) KSP residual norm 1.272708e-02
 29 (restart 0) KSP residual norm 9.788307e-03
 30 (restart 0) KSP residual norm 7.660629e-03
 31 (restart 0) KSP residual norm 5.885606e-03
 32 (restart 0) KSP residual norm 4.570224e-03
 33 (restart 0) KSP residual norm 3.537255e-03
 34 (restart 0) KSP residual norm 2.640710e-03
 35 (restart 0) KSP residual norm 2.033827e-03
 36 (restart 0) KSP residual norm 1.589699e-03
 37 (restart 0) KSP residual norm 1.205334e-03
 38 (restart 0) KSP residual norm 9.260805e-04
 39 (restart 0) KSP residual norm 7.050860e-04
 40 (restart 0) KSP residual norm 5.376096e-04
 41 (restart 0) KSP residual norm 4.251053e-04
 42 (restart 0) KSP residual norm 3.432866e-04
GMRES solver converged in 42 iterations (avg. reduction factor: 8.000e-01)
1 NLEPS (nconv=5, restart=0) residual norm 1.210793e-01
  Residual norms for GMRES solve
  0 (restart 0) KSP residual norm 1.315863e-03
  1 (restart 0) KSP residual norm 1.239196e-03
  2 (restart 0) KSP residual norm 5.240030e-04
  3 (restart 0) KSP residual norm 2.022628e-04
  4 (restart 0) KSP residual norm 1.826103e-04
  5 (restart 0) KSP residual norm 1.267519e-04
  6 (restart 0) KSP residual norm 1.038976e-04
  7 (restart 0) KSP residual norm 9.562810e-05
  8 (restart 0) KSP residual norm 9.526845e-05
  9 (restart 0) KSP residual norm 9.300648e-05
 10 (restart 0) KSP residual norm 8.907679e-05
 11 (restart 0) KSP residual norm 8.817727e-05
 12 (restart 0) KSP residual norm 8.541284e-05
 13 (restart 0) KSP residual norm 8.391418e-05
 14 (restart 0) KSP residual norm 8.311523e-05
 15 (restart 0) KSP residual norm 7.361145e-05
 16 (restart 0) KSP residual norm 6.878500e-05
 17 (restart 0) KSP residual norm 6.396633e-05
 18 (restart 0) KSP residual norm 5.168694e-05
 19 (restart 0) KSP residual norm 4.370050e-05
 20 (restart 0) KSP residual norm 3.598676e-05
 21 (restart 0) KSP residual norm 2.904378e-05
 22 (restart 0) KSP residual norm 2.157364e-05
 23 (restart 0) KSP residual norm 1.650680e-05
 24 (restart 0) KSP residual norm 1.280888e-05
 25 (restart 0) KSP residual norm 9.306404e-06
 26 (restart 0) KSP residual norm 6.851403e-06
 27 (restart 0) KSP residual norm 5.199058e-06
 28 (restart 0) KSP residual norm 3.827054e-06
 29 (restart 0) KSP residual norm 3.054270e-06
 30 (restart 0) KSP residual norm 2.451084e-06
 31 (restart 0) KSP residual norm 1.861872e-06
 32 (restart 0) KSP residual norm 1.422085e-06
 33 (restart 0) KSP residual norm 1.104859e-06
 34 (restart 0) KSP residual norm 8.330755e-07
 35 (restart 0) KSP residual norm 6.250258e-07
 36 (restart 0) KSP residual norm 4.876787e-07
 37 (restart 0) KSP residual norm 3.753753e-07
 38 (restart 0) KSP residual norm 2.840322e-07
 39 (restart 0) KSP residual norm 2.059467e-07
 40 (restart 0) KSP residual norm 1.550353e-07
 41 (restart 0) KSP residual norm 1.254118e-07
GMRES solver converged in 41 iterations (avg. reduction factor: 7.979e-01)
2 NLEPS (nconv=5, restart=0) residual norm 7.128002e-03
  Residual norms for GMRES solve
  0 (restart 0) KSP residual norm 4.050951e-06
  1 (restart 0) KSP residual norm 3.815840e-06
  2 (restart 0) KSP residual norm 1.612660e-06
  3 (restart 0) KSP residual norm 6.224064e-07
  4 (restart 0) KSP residual norm 5.618768e-07
  5 (restart 0) KSP residual norm 3.901422e-07
  6 (restart 0) KSP residual norm 3.199067e-07
  7 (restart 0) KSP residual norm 2.944669e-07
  8 (restart 0) KSP residual norm 2.933780e-07
  9 (restart 0) KSP residual norm 2.863716e-07
 10 (restart 0) KSP residual norm 2.742040e-07
 11 (restart 0) KSP residual norm 2.714929e-07
 12 (restart 0) KSP residual norm 2.632467e-07
 13 (restart 0) KSP residual norm 2.591584e-07
 14 (restart 0) KSP residual norm 2.575052e-07
 15 (restart 0) KSP residual norm 2.403932e-07
 16 (restart 0) KSP residual norm 2.354161e-07
 17 (restart 0) KSP residual norm 2.304794e-07
 18 (restart 0) KSP residual norm 2.197121e-07
 19 (restart 0) KSP residual norm 2.113646e-07
 20 (restart 0) KSP residual norm 2.005137e-07
 21 (restart 0) KSP residual norm 1.823288e-07
 22 (restart 0) KSP residual norm 1.525607e-07
 23 (restart 0) KSP residual norm 1.319386e-07
 24 (restart 0) KSP residual norm 1.129603e-07
 25 (restart 0) KSP residual norm 9.370927e-08
 26 (restart 0) KSP residual norm 7.681321e-08
 27 (restart 0) KSP residual norm 6.153262e-08
 28 (restart 0) KSP residual norm 4.631433e-08
 29 (restart 0) KSP residual norm 3.536632e-08
 30 (restart 0) KSP residual norm 2.704918e-08
 31 (restart 0) KSP residual norm 2.054185e-08
 32 (restart 0) KSP residual norm 1.635824e-08
 33 (restart 0) KSP residual norm 1.335579e-08
 34 (restart 0) KSP residual norm 1.074033e-08
 35 (restart 0) KSP residual norm 8.562636e-09
 36 (restart 0) KSP residual norm 6.730505e-09
 37 (restart 0) KSP residual norm 4.739698e-09
 38 (restart 0) KSP residual norm 3.288807e-09
 39 (restart 0) KSP residual norm 2.308912e-09
 40 (restart 0) KSP residual norm 1.762368e-09
 41 (restart 0) KSP residual norm 1.413320e-09
 42 (restart 0) KSP residual norm 1.169533e-09
 43 (restart 0) KSP residual norm 9.545635e-10
 44 (restart 0) KSP residual norm 7.525159e-10
 45 (restart 0) KSP residual norm 5.659399e-10
 46 (restart 0) KSP residual norm 4.163242e-10
 47 (restart 0) KSP residual norm 3.261218e-10
GMRES solver converged in 47 iterations (avg. reduction factor: 8.183e-01)
3 NLEPS (nconv=5, restart=0) residual norm 2.443839e-05
  Residual norms for GMRES solve
  0 (restart 0) KSP residual norm 2.262010e-06
  1 (restart 0) KSP residual norm 2.130610e-06
  2 (restart 0) KSP residual norm 9.005159e-07
  3 (restart 0) KSP residual norm 3.474586e-07
  4 (restart 0) KSP residual norm 3.137255e-07
  5 (restart 0) KSP residual norm 2.178451e-07
  6 (restart 0) KSP residual norm 1.785860e-07
  7 (restart 0) KSP residual norm 1.643586e-07
  8 (restart 0) KSP residual norm 1.637425e-07
  9 (restart 0) KSP residual norm 1.598539e-07
 10 (restart 0) KSP residual norm 1.531456e-07
 11 (restart 0) KSP residual norm 1.515439e-07
 12 (restart 0) KSP residual norm 1.467311e-07
 13 (restart 0) KSP residual norm 1.442880e-07
 14 (restart 0) KSP residual norm 1.435182e-07
 15 (restart 0) KSP residual norm 1.357442e-07
 16 (restart 0) KSP residual norm 1.343460e-07
 17 (restart 0) KSP residual norm 1.320666e-07
 18 (restart 0) KSP residual norm 1.265050e-07
 19 (restart 0) KSP residual norm 1.217828e-07
 20 (restart 0) KSP residual norm 1.174131e-07
 21 (restart 0) KSP residual norm 1.096999e-07
 22 (restart 0) KSP residual norm 9.424655e-08
 23 (restart 0) KSP residual norm 8.378119e-08
 24 (restart 0) KSP residual norm 7.167233e-08
 25 (restart 0) KSP residual norm 5.971932e-08
 26 (restart 0) KSP residual norm 4.584360e-08
 27 (restart 0) KSP residual norm 3.607405e-08
 28 (restart 0) KSP residual norm 2.725128e-08
 29 (restart 0) KSP residual norm 2.081328e-08
 30 (restart 0) KSP residual norm 1.610141e-08
 31 (restart 0) KSP residual norm 1.253412e-08
 32 (restart 0) KSP residual norm 9.680141e-09
 33 (restart 0) KSP residual norm 7.494287e-09
 34 (restart 0) KSP residual norm 5.715740e-09
 35 (restart 0) KSP residual norm 4.293161e-09
 36 (restart 0) KSP residual norm 3.284920e-09
 37 (restart 0) KSP residual norm 2.404127e-09
 38 (restart 0) KSP residual norm 1.830637e-09
 39 (restart 0) KSP residual norm 1.432037e-09
 40 (restart 0) KSP residual norm 1.148089e-09
 41 (restart 0) KSP residual norm 9.196712e-10
 42 (restart 0) KSP residual norm 7.539941e-10
 43 (restart 0) KSP residual norm 6.019590e-10
 44 (restart 0) KSP residual norm 4.687375e-10
 45 (restart 0) KSP residual norm 3.717251e-10
 46 (restart 0) KSP residual norm 2.986645e-10
 47 (restart 0) KSP residual norm 2.449080e-10
 48 (restart 0) KSP residual norm 1.943671e-10
 49 (restart 0) KSP residual norm 1.460638e-10
 50 (restart 0) KSP residual norm 1.066137e-10
 51 (restart 0) KSP residual norm 7.697258e-11
 52 (restart 0) KSP residual norm 5.538610e-11
 53 (restart 0) KSP residual norm 4.109989e-11
GMRES solver converged in 53 iterations (avg. reduction factor: 8.139e-01)
   NLEPS Armijo backtracks=1, alpha=5.000e-01, res_new=1.335329e-05
4 NLEPS (nconv=5, restart=0) residual norm 1.335329e-05
  Residual norms for GMRES solve
  0 (restart 0) KSP residual norm 2.260695e-06
  1 (restart 0) KSP residual norm 2.129368e-06
  2 (restart 0) KSP residual norm 9.000104e-07
  3 (restart 0) KSP residual norm 3.472836e-07
  4 (restart 0) KSP residual norm 3.135427e-07
  5 (restart 0) KSP residual norm 2.177166e-07
  6 (restart 0) KSP residual norm 1.784935e-07
  7 (restart 0) KSP residual norm 1.642742e-07
  8 (restart 0) KSP residual norm 1.636577e-07
  9 (restart 0) KSP residual norm 1.597695e-07
 10 (restart 0) KSP residual norm 1.530816e-07
 11 (restart 0) KSP residual norm 1.514635e-07
 12 (restart 0) KSP residual norm 1.466264e-07
 13 (restart 0) KSP residual norm 1.441829e-07
 14 (restart 0) KSP residual norm 1.433875e-07
 15 (restart 0) KSP residual norm 1.356948e-07
 16 (restart 0) KSP residual norm 1.343061e-07
 17 (restart 0) KSP residual norm 1.319750e-07
 18 (restart 0) KSP residual norm 1.263537e-07
 19 (restart 0) KSP residual norm 1.216898e-07
 20 (restart 0) KSP residual norm 1.174198e-07
 21 (restart 0) KSP residual norm 1.097625e-07
 22 (restart 0) KSP residual norm 9.465913e-08
 23 (restart 0) KSP residual norm 8.424382e-08
 24 (restart 0) KSP residual norm 7.222774e-08
 25 (restart 0) KSP residual norm 6.021533e-08
 26 (restart 0) KSP residual norm 4.639784e-08
 27 (restart 0) KSP residual norm 3.671351e-08
 28 (restart 0) KSP residual norm 2.788399e-08
 29 (restart 0) KSP residual norm 2.132105e-08
 30 (restart 0) KSP residual norm 1.646604e-08
 31 (restart 0) KSP residual norm 1.275211e-08
 32 (restart 0) KSP residual norm 9.799355e-09
 33 (restart 0) KSP residual norm 7.579616e-09
 34 (restart 0) KSP residual norm 5.794417e-09
 35 (restart 0) KSP residual norm 4.354862e-09
 36 (restart 0) KSP residual norm 3.345913e-09
 37 (restart 0) KSP residual norm 2.486169e-09
 38 (restart 0) KSP residual norm 1.902164e-09
 39 (restart 0) KSP residual norm 1.480371e-09
 40 (restart 0) KSP residual norm 1.186753e-09
 41 (restart 0) KSP residual norm 9.475687e-10
 42 (restart 0) KSP residual norm 7.652884e-10
 43 (restart 0) KSP residual norm 6.026056e-10
 44 (restart 0) KSP residual norm 4.706626e-10
 45 (restart 0) KSP residual norm 3.765079e-10
 46 (restart 0) KSP residual norm 3.049260e-10
 47 (restart 0) KSP residual norm 2.499307e-10
 48 (restart 0) KSP residual norm 1.979865e-10
 49 (restart 0) KSP residual norm 1.491267e-10
 50 (restart 0) KSP residual norm 1.091211e-10
 51 (restart 0) KSP residual norm 8.006262e-11
 52 (restart 0) KSP residual norm 5.820472e-11
 53 (restart 0) KSP residual norm 4.242477e-11
 54 (restart 0) KSP residual norm 3.096116e-11
 55 (restart 0) KSP residual norm 2.229997e-11
GMRES solver converged in 55 iterations (avg. reduction factor: 8.109e-01)
   NLEPS Armijo backtracks=1, alpha=5.000e-01, res_new=9.104138e-06
5 NLEPS (nconv=5, restart=0) residual norm 9.104138e-06
  Residual norms for GMRES solve
  0 (restart 0) KSP residual norm 2.257840e-06
  1 (restart 0) KSP residual norm 2.126686e-06
  2 (restart 0) KSP residual norm 8.988619e-07
  3 (restart 0) KSP residual norm 3.468391e-07
  4 (restart 0) KSP residual norm 3.131551e-07
  5 (restart 0) KSP residual norm 2.174390e-07
  6 (restart 0) KSP residual norm 1.782629e-07
  7 (restart 0) KSP residual norm 1.640659e-07
  8 (restart 0) KSP residual norm 1.634499e-07
  9 (restart 0) KSP residual norm 1.595696e-07
 10 (restart 0) KSP residual norm 1.528830e-07
 11 (restart 0) KSP residual norm 1.512709e-07
 12 (restart 0) KSP residual norm 1.464605e-07
 13 (restart 0) KSP residual norm 1.440371e-07
 14 (restart 0) KSP residual norm 1.432360e-07
 15 (restart 0) KSP residual norm 1.356196e-07
 16 (restart 0) KSP residual norm 1.342337e-07
 17 (restart 0) KSP residual norm 1.318658e-07
 18 (restart 0) KSP residual norm 1.262084e-07
 19 (restart 0) KSP residual norm 1.215405e-07
 20 (restart 0) KSP residual norm 1.172292e-07
 21 (restart 0) KSP residual norm 1.095658e-07
 22 (restart 0) KSP residual norm 9.454159e-08
 23 (restart 0) KSP residual norm 8.414039e-08
 24 (restart 0) KSP residual norm 7.215068e-08
 25 (restart 0) KSP residual norm 6.024571e-08
 26 (restart 0) KSP residual norm 4.650687e-08
 27 (restart 0) KSP residual norm 3.687544e-08
 28 (restart 0) KSP residual norm 2.806688e-08
 29 (restart 0) KSP residual norm 2.150117e-08
 30 (restart 0) KSP residual norm 1.662109e-08
 31 (restart 0) KSP residual norm 1.286604e-08
 32 (restart 0) KSP residual norm 9.889808e-09
 33 (restart 0) KSP residual norm 7.644146e-09
 34 (restart 0) KSP residual norm 5.839295e-09
 35 (restart 0) KSP residual norm 4.390961e-09
 36 (restart 0) KSP residual norm 3.388620e-09
 37 (restart 0) KSP residual norm 2.529090e-09
 38 (restart 0) KSP residual norm 1.933254e-09
 39 (restart 0) KSP residual norm 1.506795e-09
 40 (restart 0) KSP residual norm 1.209277e-09
 41 (restart 0) KSP residual norm 9.607261e-10
 42 (restart 0) KSP residual norm 7.713203e-10
 43 (restart 0) KSP residual norm 6.064914e-10
 44 (restart 0) KSP residual norm 4.742610e-10
 45 (restart 0) KSP residual norm 3.798711e-10
 46 (restart 0) KSP residual norm 3.081444e-10
 47 (restart 0) KSP residual norm 2.527721e-10
 48 (restart 0) KSP residual norm 2.004050e-10
 49 (restart 0) KSP residual norm 1.507457e-10
 50 (restart 0) KSP residual norm 1.102825e-10
 51 (restart 0) KSP residual norm 8.125997e-11
 52 (restart 0) KSP residual norm 5.933392e-11
 53 (restart 0) KSP residual norm 4.337538e-11
 54 (restart 0) KSP residual norm 3.179652e-11
 55 (restart 0) KSP residual norm 2.299419e-11
 56 (restart 0) KSP residual norm 1.665535e-11
GMRES solver converged in 56 iterations (avg. reduction factor: 8.098e-01)
   NLEPS Armijo backtracks=1, alpha=5.000e-01, res_new=7.964599e-06
6 NLEPS (nconv=5, restart=0) residual norm 7.964599e-06
  Residual norms for GMRES solve
  0 (restart 0) KSP residual norm 2.252145e-06
  1 (restart 0) KSP residual norm 2.121326e-06
  2 (restart 0) KSP residual norm 8.965893e-07
  3 (restart 0) KSP residual norm 3.459605e-07
  4 (restart 0) KSP residual norm 3.123700e-07
  5 (restart 0) KSP residual norm 2.168897e-07
  6 (restart 0) KSP residual norm 1.778109e-07
  7 (restart 0) KSP residual norm 1.636519e-07
  8 (restart 0) KSP residual norm 1.630376e-07
  9 (restart 0) KSP residual norm 1.591679e-07
 10 (restart 0) KSP residual norm 1.524921e-07
 11 (restart 0) KSP residual norm 1.508889e-07
 12 (restart 0) KSP residual norm 1.461078e-07
 13 (restart 0) KSP residual norm 1.437053e-07
 14 (restart 0) KSP residual norm 1.428993e-07
 15 (restart 0) KSP residual norm 1.353553e-07
 16 (restart 0) KSP residual norm 1.339707e-07
 17 (restart 0) KSP residual norm 1.315783e-07
 18 (restart 0) KSP residual norm 1.259030e-07
 19 (restart 0) KSP residual norm 1.212285e-07
 20 (restart 0) KSP residual norm 1.168667e-07
 21 (restart 0) KSP residual norm 1.092024e-07
 22 (restart 0) KSP residual norm 9.424644e-08
 23 (restart 0) KSP residual norm 8.389341e-08
 24 (restart 0) KSP residual norm 7.192235e-08
 25 (restart 0) KSP residual norm 6.014046e-08
 26 (restart 0) KSP residual norm 4.652559e-08
 27 (restart 0) KSP residual norm 3.694640e-08
 28 (restart 0) KSP residual norm 2.814947e-08
 29 (restart 0) KSP residual norm 2.159398e-08
 30 (restart 0) KSP residual norm 1.671512e-08
 31 (restart 0) KSP residual norm 1.294338e-08
 32 (restart 0) KSP residual norm 9.958274e-09
 33 (restart 0) KSP residual norm 7.694756e-09
 34 (restart 0) KSP residual norm 5.872186e-09
 35 (restart 0) KSP residual norm 4.419988e-09
 36 (restart 0) KSP residual norm 3.422866e-09
 37 (restart 0) KSP residual norm 2.561337e-09
 38 (restart 0) KSP residual norm 1.959173e-09
 39 (restart 0) KSP residual norm 1.531208e-09
 40 (restart 0) KSP residual norm 1.229095e-09
 41 (restart 0) KSP residual norm 9.728807e-10
 42 (restart 0) KSP residual norm 7.790051e-10
 43 (restart 0) KSP residual norm 6.128340e-10
 44 (restart 0) KSP residual norm 4.788453e-10
 45 (restart 0) KSP residual norm 3.830289e-10
 46 (restart 0) KSP residual norm 3.105953e-10
 47 (restart 0) KSP residual norm 2.551870e-10
 48 (restart 0) KSP residual norm 2.025019e-10
 49 (restart 0) KSP residual norm 1.519746e-10
 50 (restart 0) KSP residual norm 1.109377e-10
 51 (restart 0) KSP residual norm 8.152219e-11
 52 (restart 0) KSP residual norm 5.931781e-11
 53 (restart 0) KSP residual norm 4.344993e-11
 54 (restart 0) KSP residual norm 3.175874e-11
 55 (restart 0) KSP residual norm 2.294868e-11
 56 (restart 0) KSP residual norm 1.667411e-11
GMRES solver converged in 56 iterations (avg. reduction factor: 8.098e-01)
   NLEPS Armijo backtracks=1, alpha=5.000e-01, res_new=7.768911e-06
7 NLEPS (nconv=5, restart=0) residual norm 7.768911e-06
  Residual norms for GMRES solve
  0 (restart 0) KSP residual norm 2.240787e-06
  1 (restart 0) KSP residual norm 2.110632e-06
  2 (restart 0) KSP residual norm 8.920628e-07
  3 (restart 0) KSP residual norm 3.442139e-07
  4 (restart 0) KSP residual norm 3.107992e-07
  5 (restart 0) KSP residual norm 2.157957e-07
  6 (restart 0) KSP residual norm 1.769125e-07
  7 (restart 0) KSP residual norm 1.628272e-07
  8 (restart 0) KSP residual norm 1.622161e-07
  9 (restart 0) KSP residual norm 1.583665e-07
 10 (restart 0) KSP residual norm 1.517182e-07
 11 (restart 0) KSP residual norm 1.501286e-07
 12 (restart 0) KSP residual norm 1.453893e-07
 13 (restart 0) KSP residual norm 1.430141e-07
 14 (restart 0) KSP residual norm 1.422045e-07
 15 (restart 0) KSP residual norm 1.347574e-07
 16 (restart 0) KSP residual norm 1.333805e-07
 17 (restart 0) KSP residual norm 1.309748e-07
 18 (restart 0) KSP residual norm 1.253087e-07
 19 (restart 0) KSP residual norm 1.206435e-07
 20 (restart 0) KSP residual norm 1.162338e-07
 21 (restart 0) KSP residual norm 1.085918e-07
 22 (restart 0) KSP residual norm 9.372634e-08
 23 (restart 0) KSP residual norm 8.344837e-08
 24 (restart 0) KSP residual norm 7.151113e-08
 25 (restart 0) KSP residual norm 5.989022e-08
 26 (restart 0) KSP residual norm 4.642932e-08
 27 (restart 0) KSP residual norm 3.693057e-08
 28 (restart 0) KSP residual norm 2.817383e-08
 29 (restart 0) KSP residual norm 2.165167e-08
 30 (restart 0) KSP residual norm 1.678172e-08
 31 (restart 0) KSP residual norm 1.299497e-08
 32 (restart 0) KSP residual norm 1.000835e-08
 33 (restart 0) KSP residual norm 7.734589e-09
 34 (restart 0) KSP residual norm 5.898819e-09
 35 (restart 0) KSP residual norm 4.443872e-09
 36 (restart 0) KSP residual norm 3.454203e-09
 37 (restart 0) KSP residual norm 2.593138e-09
 38 (restart 0) KSP residual norm 1.983686e-09
 39 (restart 0) KSP residual norm 1.554041e-09
 40 (restart 0) KSP residual norm 1.248050e-09
 41 (restart 0) KSP residual norm 9.846402e-10
 42 (restart 0) KSP residual norm 7.860603e-10
 43 (restart 0) KSP residual norm 6.186157e-10
 44 (restart 0) KSP residual norm 4.830089e-10
 45 (restart 0) KSP residual norm 3.858431e-10
 46 (restart 0) KSP residual norm 3.127317e-10
 47 (restart 0) KSP residual norm 2.571374e-10
 48 (restart 0) KSP residual norm 2.042494e-10
 49 (restart 0) KSP residual norm 1.530811e-10
 50 (restart 0) KSP residual norm 1.116468e-10
 51 (restart 0) KSP residual norm 8.197768e-11
 52 (restart 0) KSP residual norm 5.971415e-11
 53 (restart 0) KSP residual norm 4.390658e-11
 54 (restart 0) KSP residual norm 3.217530e-11
 55 (restart 0) KSP residual norm 2.334613e-11
 56 (restart 0) KSP residual norm 1.705017e-11
GMRES solver converged in 56 iterations (avg. reduction factor: 8.102e-01)
8 NLEPS (nconv=5, restart=0) residual norm 6.660624e-06
  Residual norms for GMRES solve
  0 (restart 0) KSP residual norm 1.421292e-09
  1 (restart 0) KSP residual norm 1.272551e-09
  2 (restart 0) KSP residual norm 1.052346e-09
  3 (restart 0) KSP residual norm 9.746728e-10
  4 (restart 0) KSP residual norm 9.339319e-10
  5 (restart 0) KSP residual norm 8.239945e-10
  6 (restart 0) KSP residual norm 7.766180e-10
  7 (restart 0) KSP residual norm 7.286503e-10
  8 (restart 0) KSP residual norm 6.513526e-10
  9 (restart 0) KSP residual norm 4.693908e-10
 10 (restart 0) KSP residual norm 3.680790e-10
 11 (restart 0) KSP residual norm 2.872258e-10
 12 (restart 0) KSP residual norm 2.754781e-10
 13 (restart 0) KSP residual norm 2.597188e-10
 14 (restart 0) KSP residual norm 2.585736e-10
 15 (restart 0) KSP residual norm 2.435569e-10
 16 (restart 0) KSP residual norm 2.319532e-10
 17 (restart 0) KSP residual norm 2.216362e-10
 18 (restart 0) KSP residual norm 2.214443e-10
 19 (restart 0) KSP residual norm 2.168475e-10
 20 (restart 0) KSP residual norm 2.027509e-10
 21 (restart 0) KSP residual norm 1.965143e-10
 22 (restart 0) KSP residual norm 1.919313e-10
 23 (restart 0) KSP residual norm 1.857022e-10
 24 (restart 0) KSP residual norm 1.737763e-10
 25 (restart 0) KSP residual norm 1.694582e-10
 26 (restart 0) KSP residual norm 1.676907e-10
 27 (restart 0) KSP residual norm 1.664643e-10
 28 (restart 0) KSP residual norm 1.643637e-10
 29 (restart 0) KSP residual norm 1.613083e-10
 30 (restart 0) KSP residual norm 1.601845e-10
 31 (restart 0) KSP residual norm 1.570535e-10
 32 (restart 0) KSP residual norm 1.515753e-10
 33 (restart 0) KSP residual norm 1.498227e-10
 34 (restart 0) KSP residual norm 1.496952e-10
 35 (restart 0) KSP residual norm 1.484383e-10
 36 (restart 0) KSP residual norm 1.465164e-10
 37 (restart 0) KSP residual norm 1.419165e-10
 38 (restart 0) KSP residual norm 1.378803e-10
 39 (restart 0) KSP residual norm 1.329955e-10
 40 (restart 0) KSP residual norm 1.237370e-10
 41 (restart 0) KSP residual norm 1.123943e-10
 42 (restart 0) KSP residual norm 1.102174e-10
 43 (restart 0) KSP residual norm 1.044690e-10
 44 (restart 0) KSP residual norm 1.014877e-10
 45 (restart 0) KSP residual norm 9.946054e-11
 46 (restart 0) KSP residual norm 9.870620e-11
 47 (restart 0) KSP residual norm 9.792088e-11
 48 (restart 0) KSP residual norm 9.730014e-11
 49 (restart 0) KSP residual norm 9.201191e-11
 50 (restart 0) KSP residual norm 8.258537e-11
 51 (restart 0) KSP residual norm 7.725164e-11
 52 (restart 0) KSP residual norm 7.265127e-11
 53 (restart 0) KSP residual norm 6.179451e-11
 54 (restart 0) KSP residual norm 4.739651e-11
 55 (restart 0) KSP residual norm 3.524239e-11
 56 (restart 0) KSP residual norm 2.709468e-11
 57 (restart 0) KSP residual norm 2.205689e-11
 58 (restart 0) KSP residual norm 1.727260e-11
 59 (restart 0) KSP residual norm 1.288450e-11
 60 (restart 0) KSP residual norm 9.356344e-12
 61 (restart 0) KSP residual norm 7.000258e-12
 62 (restart 0) KSP residual norm 5.518815e-12
 63 (restart 0) KSP residual norm 4.349105e-12
 64 (restart 0) KSP residual norm 3.390992e-12
 65 (restart 0) KSP residual norm 2.580214e-12
 66 (restart 0) KSP residual norm 1.863747e-12
 67 (restart 0) KSP residual norm 1.402181e-12
 68 (restart 0) KSP residual norm 1.049268e-12
 69 (restart 0) KSP residual norm 7.678970e-13
GMRES solver converged in 69 iterations (avg. reduction factor: 8.967e-01)
9 NLEPS (nconv=5, restart=0) residual norm 5.807877e-09
Eigenvalue 5, Quasi-Newton converged in 9 iterations (-2.067e-04+7.559e+00i).
  Residual norms for GMRES solve
  0 (restart 0) KSP residual norm 5.601197e+01
  1 (restart 0) KSP residual norm 3.014453e+01
  2 (restart 0) KSP residual norm 2.988719e+00
  3 (restart 0) KSP residual norm 8.888708e-01
  4 (restart 0) KSP residual norm 4.521776e-01
  5 (restart 0) KSP residual norm 3.442650e-01
  6 (restart 0) KSP residual norm 1.972876e-01
  7 (restart 0) KSP residual norm 1.710821e-01
  8 (restart 0) KSP residual norm 1.661689e-01
  9 (restart 0) KSP residual norm 1.653295e-01
 10 (restart 0) KSP residual norm 1.607303e-01
 11 (restart 0) KSP residual norm 1.593000e-01
 12 (restart 0) KSP residual norm 1.564689e-01
 13 (restart 0) KSP residual norm 1.486223e-01
 14 (restart 0) KSP residual norm 1.483994e-01
 15 (restart 0) KSP residual norm 1.445108e-01
 16 (restart 0) KSP residual norm 1.439551e-01
 17 (restart 0) KSP residual norm 1.290596e-01
 18 (restart 0) KSP residual norm 1.213415e-01
 19 (restart 0) KSP residual norm 6.995386e-02
 20 (restart 0) KSP residual norm 5.446923e-02
 21 (restart 0) KSP residual norm 2.512490e-02
 22 (restart 0) KSP residual norm 1.733890e-02
 23 (restart 0) KSP residual norm 9.072368e-03
 24 (restart 0) KSP residual norm 4.845086e-03
GMRES solver converged in 24 iterations (avg. reduction factor: 6.772e-01)
0 NLEPS (nconv=6, restart=0) residual norm 1.038257e+00
  Residual norms for GMRES solve
  0 (restart 0) KSP residual norm 2.135004e+01
  1 (restart 0) KSP residual norm 1.476842e+00
  2 (restart 0) KSP residual norm 4.148979e-01
  3 (restart 0) KSP residual norm 4.029363e-01
  4 (restart 0) KSP residual norm 3.929690e-01
  5 (restart 0) KSP residual norm 2.559659e-01
  6 (restart 0) KSP residual norm 2.420592e-01
  7 (restart 0) KSP residual norm 2.083493e-01
  8 (restart 0) KSP residual norm 2.067428e-01
  9 (restart 0) KSP residual norm 2.036670e-01
 10 (restart 0) KSP residual norm 1.945062e-01
 11 (restart 0) KSP residual norm 1.800578e-01
 12 (restart 0) KSP residual norm 1.633232e-01
 13 (restart 0) KSP residual norm 1.583300e-01
 14 (restart 0) KSP residual norm 1.535941e-01
 15 (restart 0) KSP residual norm 1.501501e-01
 16 (restart 0) KSP residual norm 1.153075e-01
 17 (restart 0) KSP residual norm 5.986596e-02
 18 (restart 0) KSP residual norm 3.259935e-02
 19 (restart 0) KSP residual norm 2.051463e-02
 20 (restart 0) KSP residual norm 1.257792e-02
 21 (restart 0) KSP residual norm 6.413072e-03
 22 (restart 0) KSP residual norm 3.800468e-03
 23 (restart 0) KSP residual norm 2.284676e-03
 24 (restart 0) KSP residual norm 1.437985e-03
GMRES solver converged in 24 iterations (avg. reduction factor: 6.702e-01)
1 NLEPS (nconv=6, restart=0) residual norm 6.209062e-02
  Residual norms for GMRES solve
  0 (restart 0) KSP residual norm 8.441232e-04
  1 (restart 0) KSP residual norm 1.100412e-04
  2 (restart 0) KSP residual norm 2.866564e-05
  3 (restart 0) KSP residual norm 2.352118e-05
  4 (restart 0) KSP residual norm 1.165326e-05
  5 (restart 0) KSP residual norm 8.408686e-06
  6 (restart 0) KSP residual norm 8.407889e-06
  7 (restart 0) KSP residual norm 8.070836e-06
  8 (restart 0) KSP residual norm 7.820841e-06
  9 (restart 0) KSP residual norm 7.657429e-06
 10 (restart 0) KSP residual norm 7.552445e-06
 11 (restart 0) KSP residual norm 7.323832e-06
 12 (restart 0) KSP residual norm 7.244372e-06
 13 (restart 0) KSP residual norm 7.114812e-06
 14 (restart 0) KSP residual norm 7.106879e-06
 15 (restart 0) KSP residual norm 7.052647e-06
 16 (restart 0) KSP residual norm 6.445570e-06
 17 (restart 0) KSP residual norm 5.465246e-06
 18 (restart 0) KSP residual norm 5.291166e-06
 19 (restart 0) KSP residual norm 4.029474e-06
 20 (restart 0) KSP residual norm 2.634258e-06
 21 (restart 0) KSP residual norm 1.945799e-06
 22 (restart 0) KSP residual norm 1.222234e-06
 23 (restart 0) KSP residual norm 7.540219e-07
 24 (restart 0) KSP residual norm 5.080575e-07
 25 (restart 0) KSP residual norm 3.704298e-07
 26 (restart 0) KSP residual norm 2.676208e-07
 27 (restart 0) KSP residual norm 1.855963e-07
 28 (restart 0) KSP residual norm 1.271202e-07
 29 (restart 0) KSP residual norm 8.846348e-08
 30 (restart 0) KSP residual norm 6.343381e-08
GMRES solver converged in 30 iterations (avg. reduction factor: 7.287e-01)
2 NLEPS (nconv=6, restart=0) residual norm 1.417111e-03
  Residual norms for GMRES solve
  0 (restart 0) KSP residual norm 5.026471e-04
  1 (restart 0) KSP residual norm 6.642298e-05
  2 (restart 0) KSP residual norm 1.746549e-05
  3 (restart 0) KSP residual norm 1.375973e-05
  4 (restart 0) KSP residual norm 6.768762e-06
  5 (restart 0) KSP residual norm 4.953430e-06
  6 (restart 0) KSP residual norm 4.953099e-06
  7 (restart 0) KSP residual norm 4.770028e-06
  8 (restart 0) KSP residual norm 4.616231e-06
  9 (restart 0) KSP residual norm 4.523611e-06
 10 (restart 0) KSP residual norm 4.436933e-06
 11 (restart 0) KSP residual norm 4.327958e-06
 12 (restart 0) KSP residual norm 4.301700e-06
 13 (restart 0) KSP residual norm 4.216122e-06
 14 (restart 0) KSP residual norm 4.212868e-06
 15 (restart 0) KSP residual norm 4.148119e-06
 16 (restart 0) KSP residual norm 3.615170e-06
 17 (restart 0) KSP residual norm 2.848598e-06
 18 (restart 0) KSP residual norm 2.669780e-06
 19 (restart 0) KSP residual norm 2.126879e-06
 20 (restart 0) KSP residual norm 1.477237e-06
 21 (restart 0) KSP residual norm 1.144299e-06
 22 (restart 0) KSP residual norm 8.527237e-07
 23 (restart 0) KSP residual norm 6.172338e-07
 24 (restart 0) KSP residual norm 4.670152e-07
 25 (restart 0) KSP residual norm 3.559356e-07
 26 (restart 0) KSP residual norm 2.554408e-07
 27 (restart 0) KSP residual norm 1.842012e-07
 28 (restart 0) KSP residual norm 1.364483e-07
 29 (restart 0) KSP residual norm 1.005185e-07
 30 (restart 0) KSP residual norm 6.788743e-08
 31 (restart 0) KSP residual norm 4.383370e-08
GMRES solver converged in 31 iterations (avg. reduction factor: 7.397e-01)
3 NLEPS (nconv=6, restart=0) residual norm 3.122392e-04
  Residual norms for GMRES solve
  0 (restart 0) KSP residual norm 1.010425e-06
  1 (restart 0) KSP residual norm 1.541679e-07
  2 (restart 0) KSP residual norm 8.883608e-08
  3 (restart 0) KSP residual norm 7.519183e-08
  4 (restart 0) KSP residual norm 6.492614e-08
  5 (restart 0) KSP residual norm 5.745394e-08
  6 (restart 0) KSP residual norm 3.635257e-08
  7 (restart 0) KSP residual norm 2.878837e-08
  8 (restart 0) KSP residual norm 2.504316e-08
  9 (restart 0) KSP residual norm 2.185604e-08
 10 (restart 0) KSP residual norm 1.960198e-08
 11 (restart 0) KSP residual norm 1.674296e-08
 12 (restart 0) KSP residual norm 1.586678e-08
 13 (restart 0) KSP residual norm 1.553502e-08
 14 (restart 0) KSP residual norm 1.437937e-08
 15 (restart 0) KSP residual norm 1.332118e-08
 16 (restart 0) KSP residual norm 1.330222e-08
 17 (restart 0) KSP residual norm 1.324895e-08
 18 (restart 0) KSP residual norm 1.305115e-08
 19 (restart 0) KSP residual norm 1.254751e-08
 20 (restart 0) KSP residual norm 1.254211e-08
 21 (restart 0) KSP residual norm 1.249226e-08
 22 (restart 0) KSP residual norm 1.241686e-08
 23 (restart 0) KSP residual norm 1.234734e-08
 24 (restart 0) KSP residual norm 1.231848e-08
 25 (restart 0) KSP residual norm 1.230075e-08
 26 (restart 0) KSP residual norm 1.227763e-08
 27 (restart 0) KSP residual norm 1.199668e-08
 28 (restart 0) KSP residual norm 1.194069e-08
 29 (restart 0) KSP residual norm 1.192583e-08
 30 (restart 0) KSP residual norm 1.182271e-08
 31 (restart 0) KSP residual norm 1.146486e-08
 32 (restart 0) KSP residual norm 1.132926e-08
 33 (restart 0) KSP residual norm 1.106992e-08
 34 (restart 0) KSP residual norm 1.057287e-08
 35 (restart 0) KSP residual norm 9.969870e-09
 36 (restart 0) KSP residual norm 9.058684e-09
 37 (restart 0) KSP residual norm 7.813512e-09
 38 (restart 0) KSP residual norm 6.458749e-09
 39 (restart 0) KSP residual norm 5.092280e-09
 40 (restart 0) KSP residual norm 3.880030e-09
 41 (restart 0) KSP residual norm 2.846754e-09
 42 (restart 0) KSP residual norm 2.232295e-09
 43 (restart 0) KSP residual norm 1.779651e-09
 44 (restart 0) KSP residual norm 1.385018e-09
 45 (restart 0) KSP residual norm 1.051148e-09
 46 (restart 0) KSP residual norm 7.538037e-10
 47 (restart 0) KSP residual norm 5.802597e-10
 48 (restart 0) KSP residual norm 4.567158e-10
 49 (restart 0) KSP residual norm 3.745265e-10
 50 (restart 0) KSP residual norm 2.979143e-10
 51 (restart 0) KSP residual norm 2.376543e-10
 52 (restart 0) KSP residual norm 1.684606e-10
 53 (restart 0) KSP residual norm 1.244064e-10
 54 (restart 0) KSP residual norm 9.390900e-11
GMRES solver converged in 54 iterations (avg. reduction factor: 8.420e-01)
4 NLEPS (nconv=6, restart=0) residual norm 7.891568e-07
  Residual norms for GMRES solve
  0 (restart 0) KSP residual norm 1.069355e-09
  1 (restart 0) KSP residual norm 6.061623e-10
  2 (restart 0) KSP residual norm 1.474869e-10
  3 (restart 0) KSP residual norm 9.914928e-11
  4 (restart 0) KSP residual norm 8.974120e-11
  5 (restart 0) KSP residual norm 8.131599e-11
  6 (restart 0) KSP residual norm 6.065951e-11
  7 (restart 0) KSP residual norm 5.088505e-11
  8 (restart 0) KSP residual norm 3.713687e-11
  9 (restart 0) KSP residual norm 2.746748e-11
 10 (restart 0) KSP residual norm 2.149431e-11
 11 (restart 0) KSP residual norm 1.534081e-11
 12 (restart 0) KSP residual norm 1.297942e-11
 13 (restart 0) KSP residual norm 9.449160e-12
 14 (restart 0) KSP residual norm 7.936262e-12
 15 (restart 0) KSP residual norm 6.353927e-12
 16 (restart 0) KSP residual norm 5.505736e-12
 17 (restart 0) KSP residual norm 4.578938e-12
 18 (restart 0) KSP residual norm 4.237444e-12
 19 (restart 0) KSP residual norm 3.760179e-12
 20 (restart 0) KSP residual norm 3.679710e-12
 21 (restart 0) KSP residual norm 3.424177e-12
 22 (restart 0) KSP residual norm 3.325397e-12
 23 (restart 0) KSP residual norm 3.286557e-12
 24 (restart 0) KSP residual norm 3.258830e-12
 25 (restart 0) KSP residual norm 3.207765e-12
 26 (restart 0) KSP residual norm 3.197251e-12
 27 (restart 0) KSP residual norm 3.196028e-12
 28 (restart 0) KSP residual norm 3.188203e-12
 29 (restart 0) KSP residual norm 3.175458e-12
 30 (restart 0) KSP residual norm 3.170471e-12
 31 (restart 0) KSP residual norm 3.167418e-12
 32 (restart 0) KSP residual norm 3.166965e-12
 33 (restart 0) KSP residual norm 3.165177e-12
 34 (restart 0) KSP residual norm 3.160792e-12
 35 (restart 0) KSP residual norm 3.151233e-12
 36 (restart 0) KSP residual norm 3.140643e-12
 37 (restart 0) KSP residual norm 3.121572e-12
 38 (restart 0) KSP residual norm 3.066303e-12
 39 (restart 0) KSP residual norm 3.014034e-12
 40 (restart 0) KSP residual norm 2.925623e-12
 41 (restart 0) KSP residual norm 2.770917e-12
 42 (restart 0) KSP residual norm 2.552786e-12
 43 (restart 0) KSP residual norm 2.391002e-12
 44 (restart 0) KSP residual norm 2.068291e-12
 45 (restart 0) KSP residual norm 1.711418e-12
 46 (restart 0) KSP residual norm 1.360274e-12
 47 (restart 0) KSP residual norm 1.068782e-12
 48 (restart 0) KSP residual norm 8.210152e-13
GMRES solver converged in 48 iterations (avg. reduction factor: 8.612e-01)
5 NLEPS (nconv=6, restart=0) residual norm 5.068386e-09
Eigenvalue 6, Quasi-Newton converged in 5 iterations (-1.891e-04+7.709e+00i).
  Residual norms for GMRES solve
  0 (restart 0) KSP residual norm 5.963890e+01
  1 (restart 0) KSP residual norm 3.581509e+01
  2 (restart 0) KSP residual norm 3.223452e+00
  3 (restart 0) KSP residual norm 9.801723e-01
  4 (restart 0) KSP residual norm 5.450768e-01
  5 (restart 0) KSP residual norm 3.479222e-01
  6 (restart 0) KSP residual norm 2.962869e-01
  7 (restart 0) KSP residual norm 1.851194e-01
  8 (restart 0) KSP residual norm 1.233980e-01
  9 (restart 0) KSP residual norm 3.475725e-02
 10 (restart 0) KSP residual norm 2.469739e-02
 11 (restart 0) KSP residual norm 1.004508e-02
 12 (restart 0) KSP residual norm 6.903100e-03
 13 (restart 0) KSP residual norm 6.815639e-03
 14 (restart 0) KSP residual norm 6.593570e-03
 15 (restart 0) KSP residual norm 6.575830e-03
 16 (restart 0) KSP residual norm 6.515517e-03
 17 (restart 0) KSP residual norm 6.450903e-03
 18 (restart 0) KSP residual norm 6.432441e-03
 19 (restart 0) KSP residual norm 6.209248e-03
 20 (restart 0) KSP residual norm 6.112254e-03
 21 (restart 0) KSP residual norm 4.984247e-03
GMRES solver converged in 21 iterations (avg. reduction factor: 6.395e-01)
0 NLEPS (nconv=7, restart=0) residual norm 2.638678e+00
  Residual norms for GMRES solve
  0 (restart 0) KSP residual norm 2.183015e+01
  1 (restart 0) KSP residual norm 2.613957e+00
  2 (restart 0) KSP residual norm 5.130631e-01
  3 (restart 0) KSP residual norm 3.498895e-01
  4 (restart 0) KSP residual norm 2.992254e-01
  5 (restart 0) KSP residual norm 2.727955e-01
  6 (restart 0) KSP residual norm 1.662673e-01
  7 (restart 0) KSP residual norm 9.447679e-02
  8 (restart 0) KSP residual norm 4.796091e-02
  9 (restart 0) KSP residual norm 4.295150e-02
 10 (restart 0) KSP residual norm 4.150423e-02
 11 (restart 0) KSP residual norm 4.142170e-02
 12 (restart 0) KSP residual norm 4.141816e-02
 13 (restart 0) KSP residual norm 4.133952e-02
 14 (restart 0) KSP residual norm 4.067972e-02
 15 (restart 0) KSP residual norm 3.967374e-02
 16 (restart 0) KSP residual norm 3.122870e-02
 17 (restart 0) KSP residual norm 1.850303e-02
 18 (restart 0) KSP residual norm 9.663856e-03
 19 (restart 0) KSP residual norm 6.688122e-03
 20 (restart 0) KSP residual norm 4.134495e-03
 21 (restart 0) KSP residual norm 2.203997e-03
 22 (restart 0) KSP residual norm 1.242738e-03
GMRES solver converged in 22 iterations (avg. reduction factor: 6.413e-01)
1 NLEPS (nconv=7, restart=0) residual norm 1.390952e-02
  Residual norms for GMRES solve
  0 (restart 0) KSP residual norm 2.186618e-04
  1 (restart 0) KSP residual norm 2.129375e-05
  2 (restart 0) KSP residual norm 4.164494e-06
  3 (restart 0) KSP residual norm 2.746570e-06
  4 (restart 0) KSP residual norm 2.630237e-06
  5 (restart 0) KSP residual norm 2.475536e-06
  6 (restart 0) KSP residual norm 2.207314e-06
  7 (restart 0) KSP residual norm 2.039177e-06
  8 (restart 0) KSP residual norm 1.591110e-06
  9 (restart 0) KSP residual norm 1.528987e-06
 10 (restart 0) KSP residual norm 1.331080e-06
 11 (restart 0) KSP residual norm 1.288214e-06
 12 (restart 0) KSP residual norm 1.155152e-06
 13 (restart 0) KSP residual norm 1.137194e-06
 14 (restart 0) KSP residual norm 1.130083e-06
 15 (restart 0) KSP residual norm 1.121310e-06
 16 (restart 0) KSP residual norm 1.106680e-06
 17 (restart 0) KSP residual norm 1.104101e-06
 18 (restart 0) KSP residual norm 1.098659e-06
 19 (restart 0) KSP residual norm 1.086921e-06
 20 (restart 0) KSP residual norm 1.080365e-06
 21 (restart 0) KSP residual norm 1.074266e-06
 22 (restart 0) KSP residual norm 1.037172e-06
 23 (restart 0) KSP residual norm 1.018700e-06
 24 (restart 0) KSP residual norm 9.740105e-07
 25 (restart 0) KSP residual norm 9.402800e-07
 26 (restart 0) KSP residual norm 8.550153e-07
 27 (restart 0) KSP residual norm 7.518668e-07
 28 (restart 0) KSP residual norm 6.456101e-07
 29 (restart 0) KSP residual norm 5.601015e-07
 30 (restart 0) KSP residual norm 4.732332e-07
 31 (restart 0) KSP residual norm 3.970178e-07
 32 (restart 0) KSP residual norm 3.361611e-07
 33 (restart 0) KSP residual norm 2.693920e-07
 34 (restart 0) KSP residual norm 2.218640e-07
 35 (restart 0) KSP residual norm 1.623285e-07
 36 (restart 0) KSP residual norm 1.235175e-07
 37 (restart 0) KSP residual norm 9.303429e-08
 38 (restart 0) KSP residual norm 7.064960e-08
 39 (restart 0) KSP residual norm 5.228696e-08
 40 (restart 0) KSP residual norm 4.136006e-08
 41 (restart 0) KSP residual norm 3.183610e-08
 42 (restart 0) KSP residual norm 2.500731e-08
 43 (restart 0) KSP residual norm 1.923071e-08
GMRES solver converged in 43 iterations (avg. reduction factor: 8.048e-01)
2 NLEPS (nconv=7, restart=0) residual norm 1.197681e-04
  Residual norms for GMRES solve
  0 (restart 0) KSP residual norm 1.819068e-06
  1 (restart 0) KSP residual norm 5.708613e-07
  2 (restart 0) KSP residual norm 1.460734e-07
  3 (restart 0) KSP residual norm 1.459467e-07
  4 (restart 0) KSP residual norm 4.407687e-08
  5 (restart 0) KSP residual norm 3.432506e-08
  6 (restart 0) KSP residual norm 2.735257e-08
  7 (restart 0) KSP residual norm 2.669890e-08
  8 (restart 0) KSP residual norm 2.628339e-08
  9 (restart 0) KSP residual norm 2.617209e-08
 10 (restart 0) KSP residual norm 2.561840e-08
 11 (restart 0) KSP residual norm 2.449307e-08
 12 (restart 0) KSP residual norm 2.427292e-08
 13 (restart 0) KSP residual norm 2.327409e-08
 14 (restart 0) KSP residual norm 2.317795e-08
 15 (restart 0) KSP residual norm 2.265172e-08
 16 (restart 0) KSP residual norm 2.236219e-08
 17 (restart 0) KSP residual norm 2.201684e-08
 18 (restart 0) KSP residual norm 2.195303e-08
 19 (restart 0) KSP residual norm 2.188565e-08
 20 (restart 0) KSP residual norm 2.178905e-08
 21 (restart 0) KSP residual norm 2.166342e-08
 22 (restart 0) KSP residual norm 2.149478e-08
 23 (restart 0) KSP residual norm 2.147310e-08
 24 (restart 0) KSP residual norm 2.130486e-08
 25 (restart 0) KSP residual norm 2.125675e-08
 26 (restart 0) KSP residual norm 2.096024e-08
 27 (restart 0) KSP residual norm 2.056105e-08
 28 (restart 0) KSP residual norm 2.009458e-08
 29 (restart 0) KSP residual norm 1.907019e-08
 30 (restart 0) KSP residual norm 1.825838e-08
 31 (restart 0) KSP residual norm 1.660582e-08
 32 (restart 0) KSP residual norm 1.464816e-08
 33 (restart 0) KSP residual norm 1.189546e-08
 34 (restart 0) KSP residual norm 9.832331e-09
 35 (restart 0) KSP residual norm 8.405670e-09
 36 (restart 0) KSP residual norm 7.004299e-09
 37 (restart 0) KSP residual norm 5.628386e-09
 38 (restart 0) KSP residual norm 4.390523e-09
 39 (restart 0) KSP residual norm 3.515119e-09
 40 (restart 0) KSP residual norm 2.676427e-09
 41 (restart 0) KSP residual norm 1.958114e-09
 42 (restart 0) KSP residual norm 1.512180e-09
 43 (restart 0) KSP residual norm 1.202241e-09
 44 (restart 0) KSP residual norm 9.512793e-10
 45 (restart 0) KSP residual norm 6.901562e-10
 46 (restart 0) KSP residual norm 5.056046e-10
 47 (restart 0) KSP residual norm 3.962611e-10
 48 (restart 0) KSP residual norm 3.150281e-10
 49 (restart 0) KSP residual norm 2.521535e-10
 50 (restart 0) KSP residual norm 1.945625e-10
 51 (restart 0) KSP residual norm 1.416869e-10
GMRES solver converged in 51 iterations (avg. reduction factor: 8.307e-01)
3 NLEPS (nconv=7, restart=0) residual norm 1.228907e-06
  Residual norms for GMRES solve
  0 (restart 0) KSP residual norm 3.196495e-09
  1 (restart 0) KSP residual norm 1.110449e-09
  2 (restart 0) KSP residual norm 1.707467e-10
  3 (restart 0) KSP residual norm 1.590720e-10
  4 (restart 0) KSP residual norm 1.251856e-10
  5 (restart 0) KSP residual norm 1.045350e-10
  6 (restart 0) KSP residual norm 8.580564e-11
  7 (restart 0) KSP residual norm 8.503296e-11
  8 (restart 0) KSP residual norm 7.904266e-11
  9 (restart 0) KSP residual norm 6.736502e-11
 10 (restart 0) KSP residual norm 6.358390e-11
 11 (restart 0) KSP residual norm 6.223652e-11
 12 (restart 0) KSP residual norm 5.988919e-11
 13 (restart 0) KSP residual norm 5.980985e-11
 14 (restart 0) KSP residual norm 5.839558e-11
 15 (restart 0) KSP residual norm 5.787430e-11
 16 (restart 0) KSP residual norm 5.619626e-11
 17 (restart 0) KSP residual norm 5.474092e-11
 18 (restart 0) KSP residual norm 5.268345e-11
 19 (restart 0) KSP residual norm 5.245147e-11
 20 (restart 0) KSP residual norm 5.155244e-11
 21 (restart 0) KSP residual norm 5.150851e-11
 22 (restart 0) KSP residual norm 5.074697e-11
 23 (restart 0) KSP residual norm 5.070084e-11
 24 (restart 0) KSP residual norm 5.062259e-11
 25 (restart 0) KSP residual norm 5.021175e-11
 26 (restart 0) KSP residual norm 5.020617e-11
 27 (restart 0) KSP residual norm 4.990604e-11
 28 (restart 0) KSP residual norm 4.966924e-11
 29 (restart 0) KSP residual norm 4.901196e-11
 30 (restart 0) KSP residual norm 4.754442e-11
 31 (restart 0) KSP residual norm 4.694741e-11
 32 (restart 0) KSP residual norm 4.366387e-11
 33 (restart 0) KSP residual norm 4.132933e-11
 34 (restart 0) KSP residual norm 3.703856e-11
 35 (restart 0) KSP residual norm 3.284233e-11
 36 (restart 0) KSP residual norm 2.841787e-11
 37 (restart 0) KSP residual norm 2.363717e-11
 38 (restart 0) KSP residual norm 1.969482e-11
 39 (restart 0) KSP residual norm 1.602090e-11
 40 (restart 0) KSP residual norm 1.355054e-11
 41 (restart 0) KSP residual norm 1.072667e-11
 42 (restart 0) KSP residual norm 8.491357e-12
 43 (restart 0) KSP residual norm 6.519459e-12
 44 (restart 0) KSP residual norm 5.127802e-12
 45 (restart 0) KSP residual norm 4.058392e-12
 46 (restart 0) KSP residual norm 3.110050e-12
 47 (restart 0) KSP residual norm 2.425210e-12
 48 (restart 0) KSP residual norm 1.973235e-12
 49 (restart 0) KSP residual norm 1.614006e-12
 50 (restart 0) KSP residual norm 1.299255e-12
 51 (restart 0) KSP residual norm 9.902571e-13
GMRES solver converged in 51 iterations (avg. reduction factor: 8.535e-01)
4 NLEPS (nconv=7, restart=0) residual norm 6.529751e-09
Eigenvalue 7, Quasi-Newton converged in 4 iterations (-1.866e-04+7.711e+00i).
  Residual norms for GMRES solve
  0 (restart 0) KSP residual norm 4.803216e+01
  1 (restart 0) KSP residual norm 3.061865e+01
  2 (restart 0) KSP residual norm 8.197980e+00
  3 (restart 0) KSP residual norm 8.169948e+00
  4 (restart 0) KSP residual norm 6.064535e+00
  5 (restart 0) KSP residual norm 2.002273e+00
  6 (restart 0) KSP residual norm 1.744133e+00
  7 (restart 0) KSP residual norm 1.690508e+00
  8 (restart 0) KSP residual norm 1.568993e+00
  9 (restart 0) KSP residual norm 1.276455e+00
 10 (restart 0) KSP residual norm 8.382779e-01
 11 (restart 0) KSP residual norm 5.918738e-01
 12 (restart 0) KSP residual norm 4.970009e-01
 13 (restart 0) KSP residual norm 4.725451e-01
 14 (restart 0) KSP residual norm 3.012596e-01
 15 (restart 0) KSP residual norm 9.932594e-02
 16 (restart 0) KSP residual norm 5.470783e-02
 17 (restart 0) KSP residual norm 3.628897e-02
 18 (restart 0) KSP residual norm 2.315981e-02
 19 (restart 0) KSP residual norm 1.238965e-02
 20 (restart 0) KSP residual norm 6.883956e-03
 21 (restart 0) KSP residual norm 3.911337e-03
GMRES solver converged in 21 iterations (avg. reduction factor: 6.387e-01)
0 NLEPS (nconv=8, restart=0) residual norm 9.852974e-01
  Residual norms for GMRES solve
  0 (restart 0) KSP residual norm 2.487053e+02
  1 (restart 0) KSP residual norm 6.887675e+01
  2 (restart 0) KSP residual norm 2.995713e+01
  3 (restart 0) KSP residual norm 1.693344e+01
  4 (restart 0) KSP residual norm 1.372189e+01
  5 (restart 0) KSP residual norm 1.325147e+01
  6 (restart 0) KSP residual norm 1.262824e+01
  7 (restart 0) KSP residual norm 1.262572e+01
  8 (restart 0) KSP residual norm 1.246991e+01
  9 (restart 0) KSP residual norm 1.089172e+01
 10 (restart 0) KSP residual norm 8.171288e+00
 11 (restart 0) KSP residual norm 7.736644e+00
 12 (restart 0) KSP residual norm 6.913707e+00
 13 (restart 0) KSP residual norm 4.099961e+00
 14 (restart 0) KSP residual norm 1.272335e+00
 15 (restart 0) KSP residual norm 6.940927e-01
 16 (restart 0) KSP residual norm 4.072434e-01
 17 (restart 0) KSP residual norm 2.347293e-01
 18 (restart 0) KSP residual norm 1.295474e-01
 19 (restart 0) KSP residual norm 7.582104e-02
 20 (restart 0) KSP residual norm 4.200254e-02
 21 (restart 0) KSP residual norm 2.686311e-02
 22 (restart 0) KSP residual norm 2.017782e-02
GMRES solver converged in 22 iterations (avg. reduction factor: 6.517e-01)
   NLEPS Armijo backtracks=4, alpha=6.250e-02, res_new=5.825371e-01
1 NLEPS (nconv=8, restart=0) residual norm 5.825371e-01
  Residual norms for GMRES solve
  0 (restart 0) KSP residual norm 7.939889e-01
  1 (restart 0) KSP residual norm 2.180902e-01
  2 (restart 0) KSP residual norm 9.301167e-02
  3 (restart 0) KSP residual norm 4.935142e-02
  4 (restart 0) KSP residual norm 4.125727e-02
  5 (restart 0) KSP residual norm 4.121459e-02
  6 (restart 0) KSP residual norm 3.936432e-02
  7 (restart 0) KSP residual norm 3.910590e-02
  8 (restart 0) KSP residual norm 3.887261e-02
  9 (restart 0) KSP residual norm 3.053056e-02
 10 (restart 0) KSP residual norm 2.334863e-02
 11 (restart 0) KSP residual norm 2.260619e-02
 12 (restart 0) KSP residual norm 2.034758e-02
 13 (restart 0) KSP residual norm 9.258662e-03
 14 (restart 0) KSP residual norm 3.652005e-03
 15 (restart 0) KSP residual norm 2.025761e-03
 16 (restart 0) KSP residual norm 1.254664e-03
 17 (restart 0) KSP residual norm 6.939001e-04
 18 (restart 0) KSP residual norm 3.965717e-04
 19 (restart 0) KSP residual norm 2.282978e-04
 20 (restart 0) KSP residual norm 1.270803e-04
 21 (restart 0) KSP residual norm 8.546362e-05
 22 (restart 0) KSP residual norm 6.297433e-05
GMRES solver converged in 22 iterations (avg. reduction factor: 6.510e-01)
2 NLEPS (nconv=8, restart=0) residual norm 1.866302e-01
  Residual norms for GMRES solve
  0 (restart 0) KSP residual norm 1.509016e-01
  1 (restart 0) KSP residual norm 4.139393e-02
  2 (restart 0) KSP residual norm 1.777523e-02
  3 (restart 0) KSP residual norm 9.425907e-03
  4 (restart 0) KSP residual norm 7.818740e-03
  5 (restart 0) KSP residual norm 7.802020e-03
  6 (restart 0) KSP residual norm 7.375203e-03
  7 (restart 0) KSP residual norm 7.335393e-03
  8 (restart 0) KSP residual norm 7.306846e-03
  9 (restart 0) KSP residual norm 5.769550e-03
 10 (restart 0) KSP residual norm 4.462866e-03
 11 (restart 0) KSP residual norm 4.326925e-03
 12 (restart 0) KSP residual norm 3.859037e-03
 13 (restart 0) KSP residual norm 1.786549e-03
 14 (restart 0) KSP residual norm 6.929237e-04
 15 (restart 0) KSP residual norm 3.836436e-04
 16 (restart 0) KSP residual norm 2.394899e-04
 17 (restart 0) KSP residual norm 1.320401e-04
 18 (restart 0) KSP residual norm 7.566658e-05
 19 (restart 0) KSP residual norm 4.370293e-05
 20 (restart 0) KSP residual norm 2.445308e-05
 21 (restart 0) KSP residual norm 1.656882e-05
 22 (restart 0) KSP residual norm 1.227215e-05
GMRES solver converged in 22 iterations (avg. reduction factor: 6.518e-01)
3 NLEPS (nconv=8, restart=0) residual norm 4.014310e-02
  Residual norms for GMRES solve
  0 (restart 0) KSP residual norm 3.780746e-03
  1 (restart 0) KSP residual norm 1.037202e-03
  2 (restart 0) KSP residual norm 4.453939e-04
  3 (restart 0) KSP residual norm 2.361944e-04
  4 (restart 0) KSP residual norm 1.958030e-04
  5 (restart 0) KSP residual norm 1.954044e-04
  6 (restart 0) KSP residual norm 1.849893e-04
  7 (restart 0) KSP residual norm 1.840640e-04
  8 (restart 0) KSP residual norm 1.834084e-04
  9 (restart 0) KSP residual norm 1.443198e-04
 10 (restart 0) KSP residual norm 1.113778e-04
 11 (restart 0) KSP residual norm 1.079479e-04
 12 (restart 0) KSP residual norm 9.663018e-05
 13 (restart 0) KSP residual norm 4.545027e-05
 14 (restart 0) KSP residual norm 1.785253e-05
 15 (restart 0) KSP residual norm 1.013846e-05
 16 (restart 0) KSP residual norm 6.492937e-06
 17 (restart 0) KSP residual norm 3.650154e-06
 18 (restart 0) KSP residual norm 2.175452e-06
 19 (restart 0) KSP residual norm 1.375482e-06
 20 (restart 0) KSP residual norm 9.167611e-07
 21 (restart 0) KSP residual norm 7.144592e-07
 22 (restart 0) KSP residual norm 5.537840e-07
 23 (restart 0) KSP residual norm 4.124355e-07
 24 (restart 0) KSP residual norm 2.930065e-07
GMRES solver converged in 24 iterations (avg. reduction factor: 6.741e-01)
4 NLEPS (nconv=8, restart=0) residual norm 1.192275e-03
  Residual norms for GMRES solve
  0 (restart 0) KSP residual norm 4.266730e-03
  1 (restart 0) KSP residual norm 1.170541e-03
  2 (restart 0) KSP residual norm 5.023004e-04
  3 (restart 0) KSP residual norm 2.663694e-04
  4 (restart 0) KSP residual norm 2.209866e-04
  5 (restart 0) KSP residual norm 2.205365e-04
  6 (restart 0) KSP residual norm 2.086129e-04
  7 (restart 0) KSP residual norm 2.075011e-04
  8 (restart 0) KSP residual norm 2.066410e-04
  9 (restart 0) KSP residual norm 1.631117e-04
 10 (restart 0) KSP residual norm 1.262390e-04
 11 (restart 0) KSP residual norm 1.224173e-04
 12 (restart 0) KSP residual norm 1.091910e-04
 13 (restart 0) KSP residual norm 5.041794e-05
 14 (restart 0) KSP residual norm 1.942886e-05
 15 (restart 0) KSP residual norm 1.070780e-05
 16 (restart 0) KSP residual norm 6.732404e-06
 17 (restart 0) KSP residual norm 3.806794e-06
 18 (restart 0) KSP residual norm 2.266616e-06
 19 (restart 0) KSP residual norm 1.396415e-06
 20 (restart 0) KSP residual norm 9.017346e-07
 21 (restart 0) KSP residual norm 7.009290e-07
 22 (restart 0) KSP residual norm 5.617856e-07
 23 (restart 0) KSP residual norm 4.409676e-07
 24 (restart 0) KSP residual norm 3.274561e-07
GMRES solver converged in 24 iterations (avg. reduction factor: 6.738e-01)
   NLEPS Armijo backtracks=1, alpha=5.000e-01, res_new=1.056127e-03
5 NLEPS (nconv=8, restart=0) residual norm 1.056127e-03
  Residual norms for GMRES solve
  0 (restart 0) KSP residual norm 4.273497e-03
  1 (restart 0) KSP residual norm 1.172271e-03
  2 (restart 0) KSP residual norm 5.033069e-04
  3 (restart 0) KSP residual norm 2.668817e-04
  4 (restart 0) KSP residual norm 2.214200e-04
  5 (restart 0) KSP residual norm 2.209615e-04
  6 (restart 0) KSP residual norm 2.090119e-04
  7 (restart 0) KSP residual norm 2.079278e-04
  8 (restart 0) KSP residual norm 2.070830e-04
  9 (restart 0) KSP residual norm 1.632645e-04
 10 (restart 0) KSP residual norm 1.263777e-04
 11 (restart 0) KSP residual norm 1.225345e-04
 12 (restart 0) KSP residual norm 1.091174e-04
 13 (restart 0) KSP residual norm 5.036095e-05
 14 (restart 0) KSP residual norm 1.954820e-05
 15 (restart 0) KSP residual norm 1.082065e-05
 16 (restart 0) KSP residual norm 6.762870e-06
 17 (restart 0) KSP residual norm 3.764294e-06
 18 (restart 0) KSP residual norm 2.191007e-06
 19 (restart 0) KSP residual norm 1.314065e-06
 20 (restart 0) KSP residual norm 8.012185e-07
 21 (restart 0) KSP residual norm 5.880206e-07
 22 (restart 0) KSP residual norm 4.633355e-07
 23 (restart 0) KSP residual norm 3.739914e-07
GMRES solver converged in 23 iterations (avg. reduction factor: 6.661e-01)
   NLEPS Armijo backtracks=9, alpha=1.953e-03, res_new=1.056474e-03
6 NLEPS (nconv=8, restart=0) residual norm 1.056474e-03
  Residual norms for GMRES solve
  0 (restart 0) KSP residual norm 4.273521e-03
  1 (restart 0) KSP residual norm 1.172278e-03
  2 (restart 0) KSP residual norm 5.033100e-04
  3 (restart 0) KSP residual norm 2.668835e-04
  4 (restart 0) KSP residual norm 2.214217e-04
  5 (restart 0) KSP residual norm 2.209633e-04
  6 (restart 0) KSP residual norm 2.090132e-04
  7 (restart 0) KSP residual norm 2.079291e-04
  8 (restart 0) KSP residual norm 2.070843e-04
  9 (restart 0) KSP residual norm 1.632656e-04
 10 (restart 0) KSP residual norm 1.263786e-04
 11 (restart 0) KSP residual norm 1.225354e-04
 12 (restart 0) KSP residual norm 1.091177e-04
 13 (restart 0) KSP residual norm 5.036032e-05
 14 (restart 0) KSP residual norm 1.954798e-05
 15 (restart 0) KSP residual norm 1.082033e-05
 16 (restart 0) KSP residual norm 6.762444e-06
 17 (restart 0) KSP residual norm 3.763943e-06
 18 (restart 0) KSP residual norm 2.190649e-06
 19 (restart 0) KSP residual norm 1.313679e-06
 20 (restart 0) KSP residual norm 8.007546e-07
 21 (restart 0) KSP residual norm 5.875027e-07
 22 (restart 0) KSP residual norm 4.628527e-07
 23 (restart 0) KSP residual norm 3.736065e-07
GMRES solver converged in 23 iterations (avg. reduction factor: 6.661e-01)
   NLEPS Armijo backtracks=9, alpha=1.953e-03, res_new=1.056827e-03
7 NLEPS (nconv=8, restart=0) residual norm 1.056827e-03
  Residual norms for GMRES solve
  0 (restart 0) KSP residual norm 4.273545e-03
  1 (restart 0) KSP residual norm 1.172284e-03
  2 (restart 0) KSP residual norm 5.033131e-04
  3 (restart 0) KSP residual norm 2.668854e-04
  4 (restart 0) KSP residual norm 2.214235e-04
  5 (restart 0) KSP residual norm 2.209650e-04
  6 (restart 0) KSP residual norm 2.090146e-04
  7 (restart 0) KSP residual norm 2.079305e-04
  8 (restart 0) KSP residual norm 2.070857e-04
  9 (restart 0) KSP residual norm 1.632667e-04
 10 (restart 0) KSP residual norm 1.263796e-04
 11 (restart 0) KSP residual norm 1.225363e-04
 12 (restart 0) KSP residual norm 1.091181e-04
 13 (restart 0) KSP residual norm 5.035969e-05
 14 (restart 0) KSP residual norm 1.954776e-05
 15 (restart 0) KSP residual norm 1.082000e-05
 16 (restart 0) KSP residual norm 6.762018e-06
 17 (restart 0) KSP residual norm 3.763593e-06
 18 (restart 0) KSP residual norm 2.190291e-06
 19 (restart 0) KSP residual norm 1.313294e-06
 20 (restart 0) KSP residual norm 8.002918e-07
 21 (restart 0) KSP residual norm 5.869858e-07
 22 (restart 0) KSP residual norm 4.623705e-07
 23 (restart 0) KSP residual norm 3.732219e-07
GMRES solver converged in 23 iterations (avg. reduction factor: 6.661e-01)
   NLEPS Armijo backtracks=9, alpha=1.953e-03, res_new=1.057184e-03
8 NLEPS (nconv=8, restart=0) residual norm 1.057184e-03
  Residual norms for GMRES solve
  0 (restart 0) KSP residual norm 4.273569e-03
  1 (restart 0) KSP residual norm 1.172290e-03
  2 (restart 0) KSP residual norm 5.033163e-04
  3 (restart 0) KSP residual norm 2.668872e-04
  4 (restart 0) KSP residual norm 2.214252e-04
  5 (restart 0) KSP residual norm 2.209668e-04
  6 (restart 0) KSP residual norm 2.090159e-04
  7 (restart 0) KSP residual norm 2.079318e-04
  8 (restart 0) KSP residual norm 2.070870e-04
  9 (restart 0) KSP residual norm 1.632678e-04
 10 (restart 0) KSP residual norm 1.263805e-04
 11 (restart 0) KSP residual norm 1.225372e-04
 12 (restart 0) KSP residual norm 1.091184e-04
 13 (restart 0) KSP residual norm 5.035906e-05
 14 (restart 0) KSP residual norm 1.954754e-05
 15 (restart 0) KSP residual norm 1.081967e-05
 16 (restart 0) KSP residual norm 6.761593e-06
 17 (restart 0) KSP residual norm 3.763243e-06
 18 (restart 0) KSP residual norm 2.189934e-06
 19 (restart 0) KSP residual norm 1.312910e-06
 20 (restart 0) KSP residual norm 7.998302e-07
 21 (restart 0) KSP residual norm 5.864699e-07
 22 (restart 0) KSP residual norm 4.618890e-07
 23 (restart 0) KSP residual norm 3.728375e-07
GMRES solver converged in 23 iterations (avg. reduction factor: 6.661e-01)
   NLEPS Armijo backtracks=9, alpha=1.953e-03, res_new=1.057546e-03
9 NLEPS (nconv=8, restart=0) residual norm 1.057546e-03
  Residual norms for GMRES solve
  0 (restart 0) KSP residual norm 4.273593e-03
  1 (restart 0) KSP residual norm 1.172297e-03
  2 (restart 0) KSP residual norm 5.033194e-04
  3 (restart 0) KSP residual norm 2.668890e-04
  4 (restart 0) KSP residual norm 2.214269e-04
  5 (restart 0) KSP residual norm 2.209686e-04
  6 (restart 0) KSP residual norm 2.090173e-04
  7 (restart 0) KSP residual norm 2.079332e-04
  8 (restart 0) KSP residual norm 2.070884e-04
  9 (restart 0) KSP residual norm 1.632689e-04
 10 (restart 0) KSP residual norm 1.263814e-04
 11 (restart 0) KSP residual norm 1.225382e-04
 12 (restart 0) KSP residual norm 1.091188e-04
 13 (restart 0) KSP residual norm 5.035843e-05
 14 (restart 0) KSP residual norm 1.954733e-05
 15 (restart 0) KSP residual norm 1.081935e-05
 16 (restart 0) KSP residual norm 6.761168e-06
 17 (restart 0) KSP residual norm 3.762894e-06
 18 (restart 0) KSP residual norm 2.189578e-06
 19 (restart 0) KSP residual norm 1.312527e-06
 20 (restart 0) KSP residual norm 7.993698e-07
 21 (restart 0) KSP residual norm 5.859551e-07
 22 (restart 0) KSP residual norm 4.614082e-07
 23 (restart 0) KSP residual norm 3.724534e-07
GMRES solver converged in 23 iterations (avg. reduction factor: 6.660e-01)
   NLEPS Armijo backtracks=9, alpha=1.953e-03, res_new=1.057912e-03
10 NLEPS (nconv=8, restart=0) residual norm 1.057912e-03
  Residual norms for GMRES solve
  0 (restart 0) KSP residual norm 4.273617e-03
  1 (restart 0) KSP residual norm 1.172303e-03
  2 (restart 0) KSP residual norm 5.033225e-04
  3 (restart 0) KSP residual norm 2.668908e-04
  4 (restart 0) KSP residual norm 2.214287e-04
  5 (restart 0) KSP residual norm 2.209703e-04
  6 (restart 0) KSP residual norm 2.090186e-04
  7 (restart 0) KSP residual norm 2.079346e-04
  8 (restart 0) KSP residual norm 2.070897e-04
  9 (restart 0) KSP residual norm 1.632700e-04
 10 (restart 0) KSP residual norm 1.263824e-04
 11 (restart 0) KSP residual norm 1.225391e-04
 12 (restart 0) KSP residual norm 1.091191e-04
 13 (restart 0) KSP residual norm 5.035780e-05
 14 (restart 0) KSP residual norm 1.954711e-05
 15 (restart 0) KSP residual norm 1.081902e-05
 16 (restart 0) KSP residual norm 6.760743e-06
 17 (restart 0) KSP residual norm 3.762546e-06
 18 (restart 0) KSP residual norm 2.189223e-06
 19 (restart 0) KSP residual norm 1.312145e-06
 20 (restart 0) KSP residual norm 7.989106e-07
 21 (restart 0) KSP residual norm 5.854413e-07
 22 (restart 0) KSP residual norm 4.609280e-07
 23 (restart 0) KSP residual norm 3.720696e-07
GMRES solver converged in 23 iterations (avg. reduction factor: 6.660e-01)
   NLEPS Armijo backtracks=9, alpha=1.953e-03, res_new=1.058284e-03
  Residual norms for GMRES solve
  0 (restart 0) KSP residual norm 5.000386e+01
  1 (restart 0) KSP residual norm 3.089485e+01
  2 (restart 0) KSP residual norm 7.973255e+00
  3 (restart 0) KSP residual norm 7.815403e+00
  4 (restart 0) KSP residual norm 6.017816e+00
  5 (restart 0) KSP residual norm 1.899684e+00
  6 (restart 0) KSP residual norm 1.487549e+00
  7 (restart 0) KSP residual norm 1.380060e+00
  8 (restart 0) KSP residual norm 1.304465e+00
  9 (restart 0) KSP residual norm 9.869167e-01
 10 (restart 0) KSP residual norm 5.334446e-01
 11 (restart 0) KSP residual norm 2.999882e-01
 12 (restart 0) KSP residual norm 1.744948e-01
 13 (restart 0) KSP residual norm 1.118328e-01
 14 (restart 0) KSP residual norm 3.791954e-02
 15 (restart 0) KSP residual norm 1.062574e-02
 16 (restart 0) KSP residual norm 6.039804e-03
 17 (restart 0) KSP residual norm 3.998921e-03
GMRES solver converged in 17 iterations (avg. reduction factor: 5.741e-01)
11 NLEPS (nconv=8, restart=0) residual norm 1.058284e-03
  Residual norms for GMRES solve
  0 (restart 0) KSP residual norm 4.292084e-03
  1 (restart 0) KSP residual norm 1.118310e-03
  2 (restart 0) KSP residual norm 5.357249e-04
  3 (restart 0) KSP residual norm 2.722224e-04
  4 (restart 0) KSP residual norm 2.151419e-04
  5 (restart 0) KSP residual norm 1.893231e-04
  6 (restart 0) KSP residual norm 1.430555e-04
  7 (restart 0) KSP residual norm 1.394884e-04
  8 (restart 0) KSP residual norm 1.333552e-04
  9 (restart 0) KSP residual norm 9.105032e-05
 10 (restart 0) KSP residual norm 5.235665e-05
 11 (restart 0) KSP residual norm 3.648969e-05
 12 (restart 0) KSP residual norm 1.660819e-05
 13 (restart 0) KSP residual norm 5.534450e-06
 14 (restart 0) KSP residual norm 2.058650e-06
 15 (restart 0) KSP residual norm 1.170658e-06
 16 (restart 0) KSP residual norm 7.558777e-07
 17 (restart 0) KSP residual norm 4.517013e-07
 18 (restart 0) KSP residual norm 2.713686e-07
GMRES solver converged in 18 iterations (avg. reduction factor: 5.844e-01)
12 NLEPS (nconv=8, restart=0) residual norm 4.063037e-04
  Residual norms for GMRES solve
  0 (restart 0) KSP residual norm 1.815279e-06
  1 (restart 0) KSP residual norm 7.436589e-07
  2 (restart 0) KSP residual norm 5.561224e-07
  3 (restart 0) KSP residual norm 5.239518e-07
  4 (restart 0) KSP residual norm 5.195034e-07
  5 (restart 0) KSP residual norm 4.790784e-07
  6 (restart 0) KSP residual norm 4.305541e-07
  7 (restart 0) KSP residual norm 3.349568e-07
  8 (restart 0) KSP residual norm 3.141042e-07
  9 (restart 0) KSP residual norm 2.945897e-07
 10 (restart 0) KSP residual norm 2.549773e-07
 11 (restart 0) KSP residual norm 1.386619e-07
 12 (restart 0) KSP residual norm 8.769623e-08
 13 (restart 0) KSP residual norm 6.480271e-08
 14 (restart 0) KSP residual norm 6.146556e-08
 15 (restart 0) KSP residual norm 5.801840e-08
 16 (restart 0) KSP residual norm 4.910932e-08
 17 (restart 0) KSP residual norm 3.133132e-08
 18 (restart 0) KSP residual norm 2.524733e-08
 19 (restart 0) KSP residual norm 2.384078e-08
 20 (restart 0) KSP residual norm 2.235572e-08
 21 (restart 0) KSP residual norm 1.767320e-08
 22 (restart 0) KSP residual norm 1.225212e-08
 23 (restart 0) KSP residual norm 9.715918e-09
 24 (restart 0) KSP residual norm 7.802170e-09
 25 (restart 0) KSP residual norm 6.370368e-09
 26 (restart 0) KSP residual norm 4.909515e-09
 27 (restart 0) KSP residual norm 3.645089e-09
 28 (restart 0) KSP residual norm 2.750986e-09
 29 (restart 0) KSP residual norm 2.244657e-09
 30 (restart 0) KSP residual norm 1.835717e-09
 31 (restart 0) KSP residual norm 1.447393e-09
 32 (restart 0) KSP residual norm 1.100305e-09
 33 (restart 0) KSP residual norm 9.177799e-10
 34 (restart 0) KSP residual norm 7.106641e-10
 35 (restart 0) KSP residual norm 5.622398e-10
 36 (restart 0) KSP residual norm 4.522680e-10
 37 (restart 0) KSP residual norm 3.384506e-10
 38 (restart 0) KSP residual norm 2.620135e-10
 39 (restart 0) KSP residual norm 2.092542e-10
 40 (restart 0) KSP residual norm 1.673188e-10
GMRES solver converged in 40 iterations (avg. reduction factor: 7.927e-01)
13 NLEPS (nconv=8, restart=0) residual norm 9.510086e-07
  Residual norms for GMRES solve
  0 (restart 0) KSP residual norm 2.362087e-07
  1 (restart 0) KSP residual norm 1.562074e-07
  2 (restart 0) KSP residual norm 6.333082e-08
  3 (restart 0) KSP residual norm 4.156000e-08
  4 (restart 0) KSP residual norm 2.413512e-08
  5 (restart 0) KSP residual norm 1.508187e-08
  6 (restart 0) KSP residual norm 9.501054e-09
  7 (restart 0) KSP residual norm 8.890741e-09
  8 (restart 0) KSP residual norm 8.005672e-09
  9 (restart 0) KSP residual norm 5.476850e-09
 10 (restart 0) KSP residual norm 3.123974e-09
 11 (restart 0) KSP residual norm 2.558817e-09
 12 (restart 0) KSP residual norm 1.657251e-09
 13 (restart 0) KSP residual norm 7.743766e-10
 14 (restart 0) KSP residual norm 3.030767e-10
 15 (restart 0) KSP residual norm 1.655402e-10
 16 (restart 0) KSP residual norm 1.327267e-10
 17 (restart 0) KSP residual norm 1.106742e-10
 18 (restart 0) KSP residual norm 9.536703e-11
 19 (restart 0) KSP residual norm 7.965829e-11
 20 (restart 0) KSP residual norm 6.503670e-11
 21 (restart 0) KSP residual norm 5.026655e-11
 22 (restart 0) KSP residual norm 3.974379e-11
 23 (restart 0) KSP residual norm 3.231540e-11
 24 (restart 0) KSP residual norm 2.510566e-11
 25 (restart 0) KSP residual norm 1.907850e-11
 26 (restart 0) KSP residual norm 1.427752e-11
 27 (restart 0) KSP residual norm 1.087338e-11
 28 (restart 0) KSP residual norm 8.529798e-12
 29 (restart 0) KSP residual norm 7.018560e-12
 30 (restart 0) KSP residual norm 5.665967e-12
 31 (restart 0) KSP residual norm 4.449453e-12
 32 (restart 0) KSP residual norm 3.537553e-12
 33 (restart 0) KSP residual norm 2.691288e-12
 34 (restart 0) KSP residual norm 2.132961e-12
 35 (restart 0) KSP residual norm 1.704703e-12
 36 (restart 0) KSP residual norm 1.310260e-12
 37 (restart 0) KSP residual norm 1.002045e-12
 38 (restart 0) KSP residual norm 7.440184e-13
GMRES solver converged in 38 iterations (avg. reduction factor: 7.165e-01)
14 NLEPS (nconv=8, restart=0) residual norm 5.633901e-09
Eigenvalue 8, Quasi-Newton converged in 14 iterations (-6.725e-04+8.714e+00i).
  Residual norms for GMRES solve
  0 (restart 0) KSP residual norm 5.024412e+01
  1 (restart 0) KSP residual norm 3.071190e+01
  2 (restart 0) KSP residual norm 7.650208e+00
  3 (restart 0) KSP residual norm 7.344976e+00
  4 (restart 0) KSP residual norm 6.522939e+00
  5 (restart 0) KSP residual norm 3.974580e+00
  6 (restart 0) KSP residual norm 3.698792e+00
  7 (restart 0) KSP residual norm 2.494143e+00
  8 (restart 0) KSP residual norm 2.095508e+00
  9 (restart 0) KSP residual norm 1.864213e+00
 10 (restart 0) KSP residual norm 1.206276e+00
 11 (restart 0) KSP residual norm 8.250618e-01
 12 (restart 0) KSP residual norm 6.204504e-01
 13 (restart 0) KSP residual norm 5.852480e-01
 14 (restart 0) KSP residual norm 4.236912e-01
 15 (restart 0) KSP residual norm 1.624219e-01
 16 (restart 0) KSP residual norm 8.799662e-02
 17 (restart 0) KSP residual norm 5.410635e-02
 18 (restart 0) KSP residual norm 3.795206e-02
 19 (restart 0) KSP residual norm 2.174084e-02
 20 (restart 0) KSP residual norm 1.204711e-02
 21 (restart 0) KSP residual norm 6.390862e-03
 22 (restart 0) KSP residual norm 3.901851e-03
GMRES solver converged in 22 iterations (avg. reduction factor: 6.504e-01)
0 NLEPS (nconv=9, restart=0) residual norm 1.502830e+00
  Residual norms for GMRES solve
  0 (restart 0) KSP residual norm 1.498357e+01
  1 (restart 0) KSP residual norm 1.232626e+01
  2 (restart 0) KSP residual norm 5.673010e+00
  3 (restart 0) KSP residual norm 4.072643e+00
  4 (restart 0) KSP residual norm 3.175111e+00
  5 (restart 0) KSP residual norm 3.010227e+00
  6 (restart 0) KSP residual norm 2.948610e+00
  7 (restart 0) KSP residual norm 2.939396e+00
  8 (restart 0) KSP residual norm 2.637855e+00
  9 (restart 0) KSP residual norm 2.450205e+00
 10 (restart 0) KSP residual norm 2.205876e+00
 11 (restart 0) KSP residual norm 1.867315e+00
 12 (restart 0) KSP residual norm 1.377787e+00
 13 (restart 0) KSP residual norm 8.424165e-01
 14 (restart 0) KSP residual norm 3.456726e-01
 15 (restart 0) KSP residual norm 1.551102e-01
 16 (restart 0) KSP residual norm 8.842078e-02
 17 (restart 0) KSP residual norm 4.582634e-02
 18 (restart 0) KSP residual norm 1.843828e-02
 19 (restart 0) KSP residual norm 9.446631e-03
 20 (restart 0) KSP residual norm 4.885169e-03
 21 (restart 0) KSP residual norm 2.603369e-03
 22 (restart 0) KSP residual norm 1.577335e-03
 23 (restart 0) KSP residual norm 1.078635e-03
GMRES solver converged in 23 iterations (avg. reduction factor: 6.605e-01)
1 NLEPS (nconv=9, restart=0) residual norm 1.026496e+00
  Residual norms for GMRES solve
  0 (restart 0) KSP residual norm 2.126328e-01
  1 (restart 0) KSP residual norm 1.751155e-01
  2 (restart 0) KSP residual norm 1.388328e-01
  3 (restart 0) KSP residual norm 5.193583e-02
  4 (restart 0) KSP residual norm 3.129765e-02
  5 (restart 0) KSP residual norm 3.090378e-02
  6 (restart 0) KSP residual norm 3.063986e-02
  7 (restart 0) KSP residual norm 3.027948e-02
  8 (restart 0) KSP residual norm 2.518401e-02
  9 (restart 0) KSP residual norm 2.467656e-02
 10 (restart 0) KSP residual norm 2.451157e-02
 11 (restart 0) KSP residual norm 2.383372e-02
 12 (restart 0) KSP residual norm 1.653629e-02
 13 (restart 0) KSP residual norm 1.126307e-02
 14 (restart 0) KSP residual norm 5.427196e-03
 15 (restart 0) KSP residual norm 2.174551e-03
 16 (restart 0) KSP residual norm 1.285729e-03
 17 (restart 0) KSP residual norm 7.711716e-04
 18 (restart 0) KSP residual norm 3.669760e-04
 19 (restart 0) KSP residual norm 1.572799e-04
 20 (restart 0) KSP residual norm 7.610889e-05
 21 (restart 0) KSP residual norm 3.910625e-05
 22 (restart 0) KSP residual norm 2.148940e-05
 23 (restart 0) KSP residual norm 1.529346e-05
GMRES solver converged in 23 iterations (avg. reduction factor: 6.605e-01)
2 NLEPS (nconv=9, restart=0) residual norm 3.089958e-01
  Residual norms for GMRES solve
  0 (restart 0) KSP residual norm 4.035790e-02
  1 (restart 0) KSP residual norm 3.324205e-02
  2 (restart 0) KSP residual norm 2.634634e-02
  3 (restart 0) KSP residual norm 9.853713e-03
  4 (restart 0) KSP residual norm 5.940963e-03
  5 (restart 0) KSP residual norm 5.866915e-03
  6 (restart 0) KSP residual norm 5.816836e-03
  7 (restart 0) KSP residual norm 5.748086e-03
  8 (restart 0) KSP residual norm 4.781168e-03
  9 (restart 0) KSP residual norm 4.685247e-03
 10 (restart 0) KSP residual norm 4.653540e-03
 11 (restart 0) KSP residual norm 4.523628e-03
 12 (restart 0) KSP residual norm 3.136171e-03
 13 (restart 0) KSP residual norm 2.135686e-03
 14 (restart 0) KSP residual norm 1.029313e-03
 15 (restart 0) KSP residual norm 4.124466e-04
 16 (restart 0) KSP residual norm 2.438768e-04
 17 (restart 0) KSP residual norm 1.463252e-04
 18 (restart 0) KSP residual norm 6.961193e-05
 19 (restart 0) KSP residual norm 2.984475e-05
 20 (restart 0) KSP residual norm 1.443700e-05
 21 (restart 0) KSP residual norm 7.415885e-06
 22 (restart 0) KSP residual norm 4.075033e-06
 23 (restart 0) KSP residual norm 2.899615e-06
GMRES solver converged in 23 iterations (avg. reduction factor: 6.605e-01)
3 NLEPS (nconv=9, restart=0) residual norm 6.295595e-02
  Residual norms for GMRES solve
  0 (restart 0) KSP residual norm 2.710673e-03
  1 (restart 0) KSP residual norm 2.232696e-03
  2 (restart 0) KSP residual norm 1.769532e-03
  3 (restart 0) KSP residual norm 6.620566e-04
  4 (restart 0) KSP residual norm 3.991626e-04
  5 (restart 0) KSP residual norm 3.941837e-04
  6 (restart 0) KSP residual norm 3.908582e-04
  7 (restart 0) KSP residual norm 3.861907e-04
  8 (restart 0) KSP residual norm 3.211734e-04
  9 (restart 0) KSP residual norm 3.147529e-04
 10 (restart 0) KSP residual norm 3.125645e-04
 11 (restart 0) KSP residual norm 3.041417e-04
 12 (restart 0) KSP residual norm 2.114193e-04
 13 (restart 0) KSP residual norm 1.441511e-04
 14 (restart 0) KSP residual norm 6.961647e-05
 15 (restart 0) KSP residual norm 2.797147e-05
 16 (restart 0) KSP residual norm 1.658876e-05
 17 (restart 0) KSP residual norm 9.954484e-06
 18 (restart 0) KSP residual norm 4.706366e-06
 19 (restart 0) KSP residual norm 1.996898e-06
 20 (restart 0) KSP residual norm 9.489258e-07
 21 (restart 0) KSP residual norm 4.709509e-07
 22 (restart 0) KSP residual norm 2.401321e-07
GMRES solver converged in 22 iterations (avg. reduction factor: 6.543e-01)
4 NLEPS (nconv=9, restart=0) residual norm 3.170477e-03
  Residual norms for GMRES solve
  0 (restart 0) KSP residual norm 1.552404e-03
  1 (restart 0) KSP residual norm 1.278651e-03
  2 (restart 0) KSP residual norm 1.013125e-03
  3 (restart 0) KSP residual norm 3.793701e-04
  4 (restart 0) KSP residual norm 2.288825e-04
  5 (restart 0) KSP residual norm 2.260308e-04
  6 (restart 0) KSP residual norm 2.242155e-04
  7 (restart 0) KSP residual norm 2.214144e-04
  8 (restart 0) KSP residual norm 1.839343e-04
  9 (restart 0) KSP residual norm 1.803189e-04
 10 (restart 0) KSP residual norm 1.789342e-04
 11 (restart 0) KSP residual norm 1.748736e-04
 12 (restart 0) KSP residual norm 1.231403e-04
 13 (restart 0) KSP residual norm 8.467754e-05
 14 (restart 0) KSP residual norm 4.143447e-05
 15 (restart 0) KSP residual norm 1.699826e-05
 16 (restart 0) KSP residual norm 1.024851e-05
 17 (restart 0) KSP residual norm 6.095375e-06
 18 (restart 0) KSP residual norm 2.785250e-06
 19 (restart 0) KSP residual norm 1.156671e-06
 20 (restart 0) KSP residual norm 5.485891e-07
 21 (restart 0) KSP residual norm 2.861144e-07
 22 (restart 0) KSP residual norm 1.708529e-07
 23 (restart 0) KSP residual norm 1.374806e-07
GMRES solver converged in 23 iterations (avg. reduction factor: 6.665e-01)
   NLEPS Armijo backtracks=1, alpha=5.000e-01, res_new=2.440610e-03
5 NLEPS (nconv=9, restart=0) residual norm 2.440610e-03
  Residual norms for GMRES solve
  0 (restart 0) KSP residual norm 1.552683e-03
  1 (restart 0) KSP residual norm 1.278883e-03
  2 (restart 0) KSP residual norm 1.013285e-03
  3 (restart 0) KSP residual norm 3.793197e-04
  4 (restart 0) KSP residual norm 2.288272e-04
  5 (restart 0) KSP residual norm 2.259778e-04
  6 (restart 0) KSP residual norm 2.241433e-04
  7 (restart 0) KSP residual norm 2.213713e-04
  8 (restart 0) KSP residual norm 1.839362e-04
  9 (restart 0) KSP residual norm 1.803079e-04
 10 (restart 0) KSP residual norm 1.789555e-04
 11 (restart 0) KSP residual norm 1.747145e-04
 12 (restart 0) KSP residual norm 1.226389e-04
 13 (restart 0) KSP residual norm 8.417681e-05
 14 (restart 0) KSP residual norm 4.106109e-05
 15 (restart 0) KSP residual norm 1.676288e-05
 16 (restart 0) KSP residual norm 1.006982e-05
 17 (restart 0) KSP residual norm 6.014276e-06
 18 (restart 0) KSP residual norm 2.812395e-06
 19 (restart 0) KSP residual norm 1.265169e-06
 20 (restart 0) KSP residual norm 7.407454e-07
 21 (restart 0) KSP residual norm 5.471742e-07
 22 (restart 0) KSP residual norm 4.661759e-07
 23 (restart 0) KSP residual norm 4.153567e-07
 24 (restart 0) KSP residual norm 3.346314e-07
 25 (restart 0) KSP residual norm 2.494905e-07
 26 (restart 0) KSP residual norm 1.749508e-07
 27 (restart 0) KSP residual norm 1.193517e-07
GMRES solver converged in 27 iterations (avg. reduction factor: 7.041e-01)
   NLEPS Armijo backtracks=1, alpha=5.000e-01, res_new=2.156582e-03
6 NLEPS (nconv=9, restart=0) residual norm 2.156582e-03
  Residual norms for GMRES solve
  0 (restart 0) KSP residual norm 1.552879e-03
  1 (restart 0) KSP residual norm 1.279094e-03
  2 (restart 0) KSP residual norm 1.013430e-03
  3 (restart 0) KSP residual norm 3.798421e-04
  4 (restart 0) KSP residual norm 2.289625e-04
  5 (restart 0) KSP residual norm 2.261065e-04
  6 (restart 0) KSP residual norm 2.243495e-04
  7 (restart 0) KSP residual norm 2.214896e-04
  8 (restart 0) KSP residual norm 1.839586e-04
  9 (restart 0) KSP residual norm 1.803822e-04
 10 (restart 0) KSP residual norm 1.789022e-04
 11 (restart 0) KSP residual norm 1.751352e-04
 12 (restart 0) KSP residual norm 1.244205e-04
 13 (restart 0) KSP residual norm 8.575258e-05
 14 (restart 0) KSP residual norm 4.184432e-05
 15 (restart 0) KSP residual norm 1.720873e-05
 16 (restart 0) KSP residual norm 1.042135e-05
 17 (restart 0) KSP residual norm 6.216880e-06
 18 (restart 0) KSP residual norm 2.902114e-06
 19 (restart 0) KSP residual norm 1.356578e-06
 20 (restart 0) KSP residual norm 8.611936e-07
 21 (restart 0) KSP residual norm 6.845573e-07
 22 (restart 0) KSP residual norm 6.045288e-07
 23 (restart 0) KSP residual norm 5.385287e-07
 24 (restart 0) KSP residual norm 4.275353e-07
 25 (restart 0) KSP residual norm 3.063119e-07
 26 (restart 0) KSP residual norm 2.063497e-07
 27 (restart 0) KSP residual norm 1.414633e-07
GMRES solver converged in 27 iterations (avg. reduction factor: 7.085e-01)
   NLEPS Armijo backtracks=2, alpha=2.500e-01, res_new=2.130759e-03
7 NLEPS (nconv=9, restart=0) residual norm 2.130759e-03
  Residual norms for GMRES solve
  0 (restart 0) KSP residual norm 1.553042e-03
  1 (restart 0) KSP residual norm 1.279220e-03
  2 (restart 0) KSP residual norm 1.013517e-03
  3 (restart 0) KSP residual norm 3.800169e-04
  4 (restart 0) KSP residual norm 2.290359e-04
  5 (restart 0) KSP residual norm 2.261787e-04
  6 (restart 0) KSP residual norm 2.244445e-04
  7 (restart 0) KSP residual norm 2.215545e-04
  8 (restart 0) KSP residual norm 1.839821e-04
  9 (restart 0) KSP residual norm 1.804219e-04
 10 (restart 0) KSP residual norm 1.789002e-04
 11 (restart 0) KSP residual norm 1.752965e-04
 12 (restart 0) KSP residual norm 1.250400e-04
 13 (restart 0) KSP residual norm 8.631988e-05
 14 (restart 0) KSP residual norm 4.215902e-05
 15 (restart 0) KSP residual norm 1.740006e-05
 16 (restart 0) KSP residual norm 1.057179e-05
 17 (restart 0) KSP residual norm 6.300944e-06
 18 (restart 0) KSP residual norm 2.938414e-06
 19 (restart 0) KSP residual norm 1.392251e-06
 20 (restart 0) KSP residual norm 9.046131e-07
 21 (restart 0) KSP residual norm 7.322624e-07
 22 (restart 0) KSP residual norm 6.517629e-07
 23 (restart 0) KSP residual norm 5.823092e-07
 24 (restart 0) KSP residual norm 4.701940e-07
 25 (restart 0) KSP residual norm 3.339653e-07
 26 (restart 0) KSP residual norm 2.189796e-07
 27 (restart 0) KSP residual norm 1.465277e-07
GMRES solver converged in 27 iterations (avg. reduction factor: 7.094e-01)
   NLEPS Armijo backtracks=3, alpha=1.250e-01, res_new=2.126845e-03
8 NLEPS (nconv=9, restart=0) residual norm 2.126845e-03
  Residual norms for GMRES solve
  0 (restart 0) KSP residual norm 1.553128e-03
  1 (restart 0) KSP residual norm 1.279287e-03
  2 (restart 0) KSP residual norm 1.013565e-03
  3 (restart 0) KSP residual norm 3.800912e-04
  4 (restart 0) KSP residual norm 2.290720e-04
  5 (restart 0) KSP residual norm 2.262145e-04
  6 (restart 0) KSP residual norm 2.244890e-04
  7 (restart 0) KSP residual norm 2.215866e-04
  8 (restart 0) KSP residual norm 1.839955e-04
  9 (restart 0) KSP residual norm 1.804417e-04
 10 (restart 0) KSP residual norm 1.789031e-04
 11 (restart 0) KSP residual norm 1.753672e-04
 12 (restart 0) KSP residual norm 1.252977e-04
 13 (restart 0) KSP residual norm 8.656130e-05
 14 (restart 0) KSP residual norm 4.229930e-05
 15 (restart 0) KSP residual norm 1.748698e-05
 16 (restart 0) KSP residual norm 1.063953e-05
 17 (restart 0) KSP residual norm 6.338211e-06
 18 (restart 0) KSP residual norm 2.953969e-06
 19 (restart 0) KSP residual norm 1.407358e-06
 20 (restart 0) KSP residual norm 9.227946e-07
 21 (restart 0) KSP residual norm 7.521038e-07
 22 (restart 0) KSP residual norm 6.713404e-07
 23 (restart 0) KSP residual norm 6.003630e-07
 24 (restart 0) KSP residual norm 4.867103e-07
 25 (restart 0) KSP residual norm 3.430348e-07
 26 (restart 0) KSP residual norm 2.219364e-07
 27 (restart 0) KSP residual norm 1.468376e-07
GMRES solver converged in 27 iterations (avg. reduction factor: 7.095e-01)
   NLEPS Armijo backtracks=4, alpha=6.250e-02, res_new=2.126060e-03
9 NLEPS (nconv=9, restart=0) residual norm 2.126060e-03
  Residual norms for GMRES solve
  0 (restart 0) KSP residual norm 1.553170e-03
  1 (restart 0) KSP residual norm 1.279320e-03
  2 (restart 0) KSP residual norm 1.013589e-03
  3 (restart 0) KSP residual norm 3.801257e-04
  4 (restart 0) KSP residual norm 2.290893e-04
  5 (restart 0) KSP residual norm 2.262317e-04
  6 (restart 0) KSP residual norm 2.245102e-04
  7 (restart 0) KSP residual norm 2.216020e-04
  8 (restart 0) KSP residual norm 1.840022e-04
  9 (restart 0) KSP residual norm 1.804513e-04
 10 (restart 0) KSP residual norm 1.789049e-04
 11 (restart 0) KSP residual norm 1.754001e-04
 12 (restart 0) KSP residual norm 1.254163e-04
 13 (restart 0) KSP residual norm 8.667320e-05
 14 (restart 0) KSP residual norm 4.236515e-05
 15 (restart 0) KSP residual norm 1.752798e-05
 16 (restart 0) KSP residual norm 1.067134e-05
 17 (restart 0) KSP residual norm 6.355587e-06
 18 (restart 0) KSP residual norm 2.961110e-06
 19 (restart 0) KSP residual norm 1.414227e-06
 20 (restart 0) KSP residual norm 9.310115e-07
 21 (restart 0) KSP residual norm 7.610441e-07
 22 (restart 0) KSP residual norm 6.801523e-07
 23 (restart 0) KSP residual norm 6.084749e-07
 24 (restart 0) KSP residual norm 4.939787e-07
 25 (restart 0) KSP residual norm 3.467986e-07
 26 (restart 0) KSP residual norm 2.229824e-07
 27 (restart 0) KSP residual norm 1.467609e-07
GMRES solver converged in 27 iterations (avg. reduction factor: 7.095e-01)
   NLEPS Armijo backtracks=5, alpha=3.125e-02, res_new=2.125896e-03
10 NLEPS (nconv=9, restart=0) residual norm 2.125896e-03
  Residual norms for GMRES solve
  0 (restart 0) KSP residual norm 1.553191e-03
  1 (restart 0) KSP residual norm 1.279336e-03
  2 (restart 0) KSP residual norm 1.013601e-03
  3 (restart 0) KSP residual norm 3.801424e-04
  4 (restart 0) KSP residual norm 2.290978e-04
  5 (restart 0) KSP residual norm 2.262401e-04
  6 (restart 0) KSP residual norm 2.245205e-04
  7 (restart 0) KSP residual norm 2.216096e-04
  8 (restart 0) KSP residual norm 1.840055e-04
  9 (restart 0) KSP residual norm 1.804560e-04
 10 (restart 0) KSP residual norm 1.789059e-04
 11 (restart 0) KSP residual norm 1.754160e-04
 12 (restart 0) KSP residual norm 1.254733e-04
 13 (restart 0) KSP residual norm 8.672713e-05
 14 (restart 0) KSP residual norm 4.239706e-05
 15 (restart 0) KSP residual norm 1.754787e-05
 16 (restart 0) KSP residual norm 1.068675e-05
 17 (restart 0) KSP residual norm 6.363976e-06
 18 (restart 0) KSP residual norm 2.964532e-06
 19 (restart 0) KSP residual norm 1.417505e-06
 20 (restart 0) KSP residual norm 9.349201e-07
 21 (restart 0) KSP residual norm 7.652911e-07
 22 (restart 0) KSP residual norm 6.843364e-07
 23 (restart 0) KSP residual norm 6.123237e-07
 24 (restart 0) KSP residual norm 4.973980e-07
 25 (restart 0) KSP residual norm 3.485244e-07
 26 (restart 0) KSP residual norm 2.234239e-07
 27 (restart 0) KSP residual norm 1.466818e-07
GMRES solver converged in 27 iterations (avg. reduction factor: 7.095e-01)
   NLEPS Armijo backtracks=6, alpha=1.562e-02, res_new=2.125865e-03
  Residual norms for GMRES solve
  0 (restart 0) KSP residual norm 4.944339e+01
  1 (restart 0) KSP residual norm 3.066765e+01
  2 (restart 0) KSP residual norm 7.819674e+00
  3 (restart 0) KSP residual norm 7.626616e+00
  4 (restart 0) KSP residual norm 6.433498e+00
  5 (restart 0) KSP residual norm 3.027642e+00
  6 (restart 0) KSP residual norm 2.965126e+00
  7 (restart 0) KSP residual norm 2.653118e+00
  8 (restart 0) KSP residual norm 2.336113e+00
  9 (restart 0) KSP residual norm 2.316707e+00
 10 (restart 0) KSP residual norm 1.941536e+00
 11 (restart 0) KSP residual norm 1.277946e+00
 12 (restart 0) KSP residual norm 7.013016e-01
 13 (restart 0) KSP residual norm 3.931560e-01
 14 (restart 0) KSP residual norm 1.245447e-01
 15 (restart 0) KSP residual norm 3.436248e-02
 16 (restart 0) KSP residual norm 1.825861e-02
 17 (restart 0) KSP residual norm 1.157624e-02
 18 (restart 0) KSP residual norm 7.917767e-03
 19 (restart 0) KSP residual norm 4.421525e-03
GMRES solver converged in 19 iterations (avg. reduction factor: 6.122e-01)
11 NLEPS (nconv=9, restart=0) residual norm 2.125865e-03
  Residual norms for GMRES solve
  0 (restart 0) KSP residual norm 1.561711e-03
  1 (restart 0) KSP residual norm 1.301618e-03
  2 (restart 0) KSP residual norm 9.912131e-04
  3 (restart 0) KSP residual norm 3.410907e-04
  4 (restart 0) KSP residual norm 1.998519e-04
  5 (restart 0) KSP residual norm 1.907703e-04
  6 (restart 0) KSP residual norm 1.817569e-04
  7 (restart 0) KSP residual norm 1.565633e-04
  8 (restart 0) KSP residual norm 1.310327e-04
  9 (restart 0) KSP residual norm 1.294628e-04
 10 (restart 0) KSP residual norm 1.286974e-04
 11 (restart 0) KSP residual norm 1.083730e-04
 12 (restart 0) KSP residual norm 4.337453e-05
 13 (restart 0) KSP residual norm 2.216571e-05
 14 (restart 0) KSP residual norm 9.180126e-06
 15 (restart 0) KSP residual norm 3.618286e-06
 16 (restart 0) KSP residual norm 2.168188e-06
 17 (restart 0) KSP residual norm 1.319593e-06
 18 (restart 0) KSP residual norm 6.147213e-07
 19 (restart 0) KSP residual norm 2.820464e-07
 20 (restart 0) KSP residual norm 1.689450e-07
 21 (restart 0) KSP residual norm 1.284742e-07
GMRES solver converged in 21 iterations (avg. reduction factor: 6.390e-01)
12 NLEPS (nconv=9, restart=0) residual norm 4.433804e-04
  Residual norms for GMRES solve
  0 (restart 0) KSP residual norm 7.694770e-07
  1 (restart 0) KSP residual norm 4.108757e-07
  2 (restart 0) KSP residual norm 2.829819e-07
  3 (restart 0) KSP residual norm 2.392069e-07
  4 (restart 0) KSP residual norm 2.232305e-07
  5 (restart 0) KSP residual norm 2.001773e-07
  6 (restart 0) KSP residual norm 1.807987e-07
  7 (restart 0) KSP residual norm 1.799906e-07
  8 (restart 0) KSP residual norm 1.728055e-07
  9 (restart 0) KSP residual norm 1.696772e-07
 10 (restart 0) KSP residual norm 1.696706e-07
 11 (restart 0) KSP residual norm 1.690101e-07
 12 (restart 0) KSP residual norm 1.630065e-07
 13 (restart 0) KSP residual norm 1.493150e-07
 14 (restart 0) KSP residual norm 1.337131e-07
 15 (restart 0) KSP residual norm 9.801779e-08
 16 (restart 0) KSP residual norm 5.116784e-08
 17 (restart 0) KSP residual norm 2.580902e-08
 18 (restart 0) KSP residual norm 2.187199e-08
 19 (restart 0) KSP residual norm 2.115568e-08
 20 (restart 0) KSP residual norm 2.001350e-08
 21 (restart 0) KSP residual norm 1.664016e-08
 22 (restart 0) KSP residual norm 1.246165e-08
 23 (restart 0) KSP residual norm 8.851002e-09
 24 (restart 0) KSP residual norm 5.983239e-09
 25 (restart 0) KSP residual norm 4.248490e-09
 26 (restart 0) KSP residual norm 3.260683e-09
 27 (restart 0) KSP residual norm 2.385557e-09
 28 (restart 0) KSP residual norm 2.039667e-09
 29 (restart 0) KSP residual norm 1.816351e-09
 30 (restart 0) KSP residual norm 1.478279e-09
 31 (restart 0) KSP residual norm 1.065573e-09
 32 (restart 0) KSP residual norm 7.670955e-10
 33 (restart 0) KSP residual norm 5.149623e-10
 34 (restart 0) KSP residual norm 3.461661e-10
 35 (restart 0) KSP residual norm 2.424380e-10
 36 (restart 0) KSP residual norm 1.715167e-10
 37 (restart 0) KSP residual norm 1.259589e-10
 38 (restart 0) KSP residual norm 9.541824e-11
 39 (restart 0) KSP residual norm 7.471364e-11
GMRES solver converged in 39 iterations (avg. reduction factor: 7.891e-01)
13 NLEPS (nconv=9, restart=0) residual norm 5.344294e-07
  Residual norms for GMRES solve
  0 (restart 0) KSP residual norm 5.646533e-08
  1 (restart 0) KSP residual norm 8.021105e-09
  2 (restart 0) KSP residual norm 6.139735e-09
  3 (restart 0) KSP residual norm 2.120030e-09
  4 (restart 0) KSP residual norm 1.761294e-09
  5 (restart 0) KSP residual norm 1.681247e-09
  6 (restart 0) KSP residual norm 6.416339e-10
  7 (restart 0) KSP residual norm 3.903887e-10
  8 (restart 0) KSP residual norm 3.661116e-10
  9 (restart 0) KSP residual norm 3.277065e-10
 10 (restart 0) KSP residual norm 2.709509e-10
 11 (restart 0) KSP residual norm 2.566807e-10
 12 (restart 0) KSP residual norm 2.401960e-10
 13 (restart 0) KSP residual norm 1.674938e-10
 14 (restart 0) KSP residual norm 9.431827e-11
 15 (restart 0) KSP residual norm 5.913843e-11
 16 (restart 0) KSP residual norm 3.943597e-11
 17 (restart 0) KSP residual norm 3.134379e-11
 18 (restart 0) KSP residual norm 2.606990e-11
 19 (restart 0) KSP residual norm 2.254310e-11
 20 (restart 0) KSP residual norm 1.920472e-11
 21 (restart 0) KSP residual norm 1.524798e-11
 22 (restart 0) KSP residual norm 1.230090e-11
 23 (restart 0) KSP residual norm 9.314515e-12
 24 (restart 0) KSP residual norm 6.166844e-12
 25 (restart 0) KSP residual norm 4.188328e-12
 26 (restart 0) KSP residual norm 2.942307e-12
 27 (restart 0) KSP residual norm 2.173034e-12
 28 (restart 0) KSP residual norm 1.758809e-12
 29 (restart 0) KSP residual norm 1.456108e-12
 30 (restart 0) KSP residual norm 1.193755e-12
 31 (restart 0) KSP residual norm 9.530734e-13
GMRES solver converged in 31 iterations (avg. reduction factor: 7.015e-01)
14 NLEPS (nconv=9, restart=0) residual norm 7.671095e-09
Eigenvalue 9, Quasi-Newton converged in 14 iterations (-3.384e-04+8.722e+00i).
  Residual norms for GMRES solve
  0 (restart 0) KSP residual norm 8.466130e+01
  1 (restart 0) KSP residual norm 4.528279e+01
  2 (restart 0) KSP residual norm 6.128136e+00
  3 (restart 0) KSP residual norm 6.123990e+00
  4 (restart 0) KSP residual norm 3.908531e+00
  5 (restart 0) KSP residual norm 1.538321e+00
  6 (restart 0) KSP residual norm 9.317749e-01
  7 (restart 0) KSP residual norm 8.645213e-01
  8 (restart 0) KSP residual norm 5.766499e-01
  9 (restart 0) KSP residual norm 2.547316e-01
 10 (restart 0) KSP residual norm 1.995389e-01
 11 (restart 0) KSP residual norm 1.045922e-01
 12 (restart 0) KSP residual norm 4.359769e-02
 13 (restart 0) KSP residual norm 1.972403e-02
 14 (restart 0) KSP residual norm 1.130491e-02
 15 (restart 0) KSP residual norm 3.768720e-03
GMRES solver converged in 15 iterations (avg. reduction factor: 5.127e-01)
0 NLEPS (nconv=10, restart=0) residual norm 1.776884e+00
  Residual norms for GMRES solve
  0 (restart 0) KSP residual norm 4.267866e+01
  1 (restart 0) KSP residual norm 2.521835e+01
  2 (restart 0) KSP residual norm 9.300256e+00
  3 (restart 0) KSP residual norm 7.447752e+00
  4 (restart 0) KSP residual norm 6.685424e+00
  5 (restart 0) KSP residual norm 4.966568e+00
  6 (restart 0) KSP residual norm 4.173767e+00
  7 (restart 0) KSP residual norm 2.645326e+00
  8 (restart 0) KSP residual norm 1.386455e+00
  9 (restart 0) KSP residual norm 5.624586e-01
 10 (restart 0) KSP residual norm 2.992829e-01
 11 (restart 0) KSP residual norm 2.108894e-01
 12 (restart 0) KSP residual norm 1.015804e-01
 13 (restart 0) KSP residual norm 4.126145e-02
 14 (restart 0) KSP residual norm 1.803428e-02
 15 (restart 0) KSP residual norm 1.260182e-02
 16 (restart 0) KSP residual norm 8.483508e-03
 17 (restart 0) KSP residual norm 4.740977e-03
 18 (restart 0) KSP residual norm 3.057881e-03
GMRES solver converged in 18 iterations (avg. reduction factor: 5.885e-01)
   NLEPS Armijo backtracks=2, alpha=2.500e-01, res_new=1.398993e+00
1 NLEPS (nconv=10, restart=0) residual norm 1.398993e+00
  Residual norms for GMRES solve
  0 (restart 0) KSP residual norm 2.952694e-01
  1 (restart 0) KSP residual norm 1.422098e-01
  2 (restart 0) KSP residual norm 1.066236e-01
  3 (restart 0) KSP residual norm 3.389689e-02
  4 (restart 0) KSP residual norm 2.517529e-02
  5 (restart 0) KSP residual norm 2.342471e-02
  6 (restart 0) KSP residual norm 2.180436e-02
  7 (restart 0) KSP residual norm 1.433621e-02
  8 (restart 0) KSP residual norm 7.878484e-03
  9 (restart 0) KSP residual norm 4.030075e-03
 10 (restart 0) KSP residual norm 1.971823e-03
 11 (restart 0) KSP residual norm 1.201632e-03
 12 (restart 0) KSP residual norm 5.716685e-04
 13 (restart 0) KSP residual norm 2.756993e-04
 14 (restart 0) KSP residual norm 1.081040e-04
 15 (restart 0) KSP residual norm 6.463687e-05
 16 (restart 0) KSP residual norm 5.100700e-05
 17 (restart 0) KSP residual norm 2.587625e-05
GMRES solver converged in 17 iterations (avg. reduction factor: 5.772e-01)
2 NLEPS (nconv=10, restart=0) residual norm 4.053531e-01
  Residual norms for GMRES solve
  0 (restart 0) KSP residual norm 7.886720e-02
  1 (restart 0) KSP residual norm 3.691651e-02
  2 (restart 0) KSP residual norm 2.930825e-02
  3 (restart 0) KSP residual norm 8.489525e-03
  4 (restart 0) KSP residual norm 5.689149e-03
  5 (restart 0) KSP residual norm 5.062832e-03
  6 (restart 0) KSP residual norm 4.882085e-03
  7 (restart 0) KSP residual norm 3.080590e-03
  8 (restart 0) KSP residual norm 2.039884e-03
  9 (restart 0) KSP residual norm 1.408549e-03
 10 (restart 0) KSP residual norm 6.021641e-04
 11 (restart 0) KSP residual norm 3.276390e-04
 12 (restart 0) KSP residual norm 1.812751e-04
 13 (restart 0) KSP residual norm 7.829403e-05
 14 (restart 0) KSP residual norm 2.862894e-05
 15 (restart 0) KSP residual norm 1.681717e-05
 16 (restart 0) KSP residual norm 1.294619e-05
 17 (restart 0) KSP residual norm 7.058260e-06
GMRES solver converged in 17 iterations (avg. reduction factor: 5.779e-01)
3 NLEPS (nconv=10, restart=0) residual norm 1.083806e-01
  Residual norms for GMRES solve
  0 (restart 0) KSP residual norm 2.056638e-02
  1 (restart 0) KSP residual norm 9.626162e-03
  2 (restart 0) KSP residual norm 7.643622e-03
  3 (restart 0) KSP residual norm 2.213278e-03
  4 (restart 0) KSP residual norm 1.483928e-03
  5 (restart 0) KSP residual norm 1.321699e-03
  6 (restart 0) KSP residual norm 1.274658e-03
  7 (restart 0) KSP residual norm 8.048710e-04
  8 (restart 0) KSP residual norm 5.334340e-04
  9 (restart 0) KSP residual norm 3.663577e-04
 10 (restart 0) KSP residual norm 1.565506e-04
 11 (restart 0) KSP residual norm 8.492123e-05
 12 (restart 0) KSP residual norm 4.693023e-05
 13 (restart 0) KSP residual norm 2.023242e-05
 14 (restart 0) KSP residual norm 7.310282e-06
 15 (restart 0) KSP residual norm 4.226641e-06
 16 (restart 0) KSP residual norm 3.242512e-06
 17 (restart 0) KSP residual norm 1.753059e-06
GMRES solver converged in 17 iterations (avg. reduction factor: 5.763e-01)
4 NLEPS (nconv=10, restart=0) residual norm 2.360752e-02
  Residual norms for GMRES solve
  0 (restart 0) KSP residual norm 2.195656e-02
  1 (restart 0) KSP residual norm 1.028826e-02
  2 (restart 0) KSP residual norm 8.169564e-03
  3 (restart 0) KSP residual norm 2.367431e-03
  4 (restart 0) KSP residual norm 1.593799e-03
  5 (restart 0) KSP residual norm 1.422495e-03
  6 (restart 0) KSP residual norm 1.371171e-03
  7 (restart 0) KSP residual norm 8.707578e-04
  8 (restart 0) KSP residual norm 5.774022e-04
  9 (restart 0) KSP residual norm 3.912872e-04
 10 (restart 0) KSP residual norm 1.686844e-04
 11 (restart 0) KSP residual norm 9.022319e-05
 12 (restart 0) KSP residual norm 4.978352e-05
 13 (restart 0) KSP residual norm 2.162685e-05
 14 (restart 0) KSP residual norm 8.492942e-06
 15 (restart 0) KSP residual norm 5.433644e-06
 16 (restart 0) KSP residual norm 4.293784e-06
 17 (restart 0) KSP residual norm 2.560966e-06
 18 (restart 0) KSP residual norm 1.799592e-06
GMRES solver converged in 18 iterations (avg. reduction factor: 5.929e-01)
5 NLEPS (nconv=10, restart=0) residual norm 3.293655e-03
  Residual norms for GMRES solve
  0 (restart 0) KSP residual norm 4.199658e-05
  1 (restart 0) KSP residual norm 7.920195e-06
  2 (restart 0) KSP residual norm 6.666688e-06
  3 (restart 0) KSP residual norm 4.404179e-06
  4 (restart 0) KSP residual norm 3.542476e-06
  5 (restart 0) KSP residual norm 3.538221e-06
  6 (restart 0) KSP residual norm 3.435784e-06
  7 (restart 0) KSP residual norm 3.296065e-06
  8 (restart 0) KSP residual norm 3.164929e-06
  9 (restart 0) KSP residual norm 3.001854e-06
 10 (restart 0) KSP residual norm 2.327280e-06
 11 (restart 0) KSP residual norm 1.721948e-06
 12 (restart 0) KSP residual norm 1.304644e-06
 13 (restart 0) KSP residual norm 1.181102e-06
 14 (restart 0) KSP residual norm 1.018877e-06
 15 (restart 0) KSP residual norm 6.065645e-07
 16 (restart 0) KSP residual norm 4.895069e-07
 17 (restart 0) KSP residual norm 3.148522e-07
 18 (restart 0) KSP residual norm 2.609919e-07
 19 (restart 0) KSP residual norm 2.311734e-07
 20 (restart 0) KSP residual norm 1.695046e-07
 21 (restart 0) KSP residual norm 1.231940e-07
 22 (restart 0) KSP residual norm 9.000555e-08
 23 (restart 0) KSP residual norm 7.279600e-08
 24 (restart 0) KSP residual norm 5.621489e-08
 25 (restart 0) KSP residual norm 4.590113e-08
 26 (restart 0) KSP residual norm 3.180430e-08
 27 (restart 0) KSP residual norm 2.330852e-08
 28 (restart 0) KSP residual norm 1.842533e-08
 29 (restart 0) KSP residual norm 1.464869e-08
 30 (restart 0) KSP residual norm 1.229428e-08
 31 (restart 0) KSP residual norm 9.765537e-09
 32 (restart 0) KSP residual norm 7.515682e-09
 33 (restart 0) KSP residual norm 5.937009e-09
 34 (restart 0) KSP residual norm 4.724708e-09
 35 (restart 0) KSP residual norm 3.826059e-09
GMRES solver converged in 35 iterations (avg. reduction factor: 7.666e-01)
6 NLEPS (nconv=10, restart=0) residual norm 1.902883e-05
  Residual norms for GMRES solve
  0 (restart 0) KSP residual norm 5.135602e-06
  1 (restart 0) KSP residual norm 4.293554e-07
  2 (restart 0) KSP residual norm 3.665024e-07
  3 (restart 0) KSP residual norm 3.653341e-07
  4 (restart 0) KSP residual norm 2.295684e-07
  5 (restart 0) KSP residual norm 5.584056e-08
  6 (restart 0) KSP residual norm 3.347761e-08
  7 (restart 0) KSP residual norm 3.070717e-08
  8 (restart 0) KSP residual norm 2.709334e-08
  9 (restart 0) KSP residual norm 1.810099e-08
 10 (restart 0) KSP residual norm 1.156412e-08
 11 (restart 0) KSP residual norm 5.824107e-09
 12 (restart 0) KSP residual norm 3.393923e-09
 13 (restart 0) KSP residual norm 2.901146e-09
 14 (restart 0) KSP residual norm 2.406178e-09
 15 (restart 0) KSP residual norm 1.987336e-09
 16 (restart 0) KSP residual norm 1.632503e-09
 17 (restart 0) KSP residual norm 1.272747e-09
 18 (restart 0) KSP residual norm 9.896676e-10
 19 (restart 0) KSP residual norm 7.903780e-10
 20 (restart 0) KSP residual norm 6.842510e-10
 21 (restart 0) KSP residual norm 5.492591e-10
 22 (restart 0) KSP residual norm 4.329637e-10
 23 (restart 0) KSP residual norm 3.429227e-10
 24 (restart 0) KSP residual norm 2.693109e-10
 25 (restart 0) KSP residual norm 2.030196e-10
 26 (restart 0) KSP residual norm 1.602005e-10
 27 (restart 0) KSP residual norm 1.315081e-10
 28 (restart 0) KSP residual norm 9.992822e-11
 29 (restart 0) KSP residual norm 8.078912e-11
GMRES solver converged in 29 iterations (avg. reduction factor: 6.829e-01)
7 NLEPS (nconv=10, restart=0) residual norm 3.690594e-07
  Residual norms for GMRES solve
  0 (restart 0) KSP residual norm 6.212787e-08
  1 (restart 0) KSP residual norm 4.826063e-09
  2 (restart 0) KSP residual norm 4.171806e-09
  3 (restart 0) KSP residual norm 4.156368e-09
  4 (restart 0) KSP residual norm 2.469821e-09
  5 (restart 0) KSP residual norm 6.444296e-10
  6 (restart 0) KSP residual norm 3.792945e-10
  7 (restart 0) KSP residual norm 3.519053e-10
  8 (restart 0) KSP residual norm 3.178253e-10
  9 (restart 0) KSP residual norm 2.152454e-10
 10 (restart 0) KSP residual norm 1.416279e-10
 11 (restart 0) KSP residual norm 8.415323e-11
 12 (restart 0) KSP residual norm 6.445438e-11
 13 (restart 0) KSP residual norm 5.684643e-11
 14 (restart 0) KSP residual norm 4.408301e-11
 15 (restart 0) KSP residual norm 3.616516e-11
 16 (restart 0) KSP residual norm 2.866936e-11
 17 (restart 0) KSP residual norm 2.149862e-11
 18 (restart 0) KSP residual norm 1.716047e-11
 19 (restart 0) KSP residual norm 1.361278e-11
 20 (restart 0) KSP residual norm 1.134706e-11
 21 (restart 0) KSP residual norm 8.724980e-12
 22 (restart 0) KSP residual norm 7.125893e-12
 23 (restart 0) KSP residual norm 5.419244e-12
 24 (restart 0) KSP residual norm 4.030137e-12
 25 (restart 0) KSP residual norm 3.219093e-12
 26 (restart 0) KSP residual norm 2.779503e-12
 27 (restart 0) KSP residual norm 2.392211e-12
 28 (restart 0) KSP residual norm 1.952250e-12
 29 (restart 0) KSP residual norm 1.595239e-12
 30 (restart 0) KSP residual norm 1.074947e-12
 31 (restart 0) KSP residual norm 7.480358e-13
GMRES solver converged in 31 iterations (avg. reduction factor: 6.939e-01)
8 NLEPS (nconv=10, restart=0) residual norm 5.917513e-09
Eigenvalue 10, Quasi-Newton converged in 8 iterations (-3.639e-04+9.001e+00i).
  Residual norms for GMRES solve
  0 (restart 0) KSP residual norm 4.247214e+01
  1 (restart 0) KSP residual norm 3.278307e+01
  2 (restart 0) KSP residual norm 1.306936e+01
  3 (restart 0) KSP residual norm 5.568613e+00
  4 (restart 0) KSP residual norm 1.756854e+00
  5 (restart 0) KSP residual norm 1.275895e+00
  6 (restart 0) KSP residual norm 1.127973e+00
  7 (restart 0) KSP residual norm 9.826431e-01
  8 (restart 0) KSP residual norm 5.143555e-01
  9 (restart 0) KSP residual norm 3.509302e-01
 10 (restart 0) KSP residual norm 2.506457e-01
 11 (restart 0) KSP residual norm 1.147572e-01
 12 (restart 0) KSP residual norm 7.389552e-02
 13 (restart 0) KSP residual norm 4.663895e-02
 14 (restart 0) KSP residual norm 2.629524e-02
 15 (restart 0) KSP residual norm 9.550350e-03
 16 (restart 0) KSP residual norm 6.950982e-03
 17 (restart 0) KSP residual norm 4.745062e-03
 18 (restart 0) KSP residual norm 3.373003e-03
GMRES solver converged in 18 iterations (avg. reduction factor: 5.919e-01)
0 NLEPS (nconv=11, restart=0) residual norm 1.103952e+00
  Residual norms for GMRES solve
  0 (restart 0) KSP residual norm 2.224171e+02
  1 (restart 0) KSP residual norm 4.189908e+01
  2 (restart 0) KSP residual norm 3.342550e+01
  3 (restart 0) KSP residual norm 2.441637e+01
  4 (restart 0) KSP residual norm 1.713084e+01
  5 (restart 0) KSP residual norm 1.260474e+01
  6 (restart 0) KSP residual norm 1.090657e+01
  7 (restart 0) KSP residual norm 8.175950e+00
  8 (restart 0) KSP residual norm 3.091608e+00
  9 (restart 0) KSP residual norm 1.463419e+00
 10 (restart 0) KSP residual norm 1.307379e+00
 11 (restart 0) KSP residual norm 8.905505e-01
 12 (restart 0) KSP residual norm 5.635562e-01
 13 (restart 0) KSP residual norm 3.403661e-01
 14 (restart 0) KSP residual norm 1.396199e-01
 15 (restart 0) KSP residual norm 8.434716e-02
 16 (restart 0) KSP residual norm 6.467502e-02
 17 (restart 0) KSP residual norm 4.435939e-02
 18 (restart 0) KSP residual norm 2.362342e-02
 19 (restart 0) KSP residual norm 1.515064e-02
GMRES solver converged in 19 iterations (avg. reduction factor: 6.035e-01)
   NLEPS Armijo backtracks=5, alpha=3.125e-02, res_new=7.889618e-01
1 NLEPS (nconv=11, restart=0) residual norm 7.889618e-01
  Residual norms for GMRES solve
  0 (restart 0) KSP residual norm 1.138380e-01
  1 (restart 0) KSP residual norm 8.115591e-02
  2 (restart 0) KSP residual norm 5.871174e-02
  3 (restart 0) KSP residual norm 2.905775e-02
  4 (restart 0) KSP residual norm 1.298812e-02
  5 (restart 0) KSP residual norm 3.976650e-03
  6 (restart 0) KSP residual norm 2.883852e-03
  7 (restart 0) KSP residual norm 2.699918e-03
  8 (restart 0) KSP residual norm 2.452175e-03
  9 (restart 0) KSP residual norm 1.990972e-03
 10 (restart 0) KSP residual norm 1.626479e-03
 11 (restart 0) KSP residual norm 6.806151e-04
 12 (restart 0) KSP residual norm 2.207933e-04
 13 (restart 0) KSP residual norm 1.531141e-04
 14 (restart 0) KSP residual norm 1.059474e-04
 15 (restart 0) KSP residual norm 6.033858e-05
 16 (restart 0) KSP residual norm 2.895591e-05
 17 (restart 0) KSP residual norm 1.730153e-05
 18 (restart 0) KSP residual norm 1.265146e-05
 19 (restart 0) KSP residual norm 6.839459e-06
GMRES solver converged in 19 iterations (avg. reduction factor: 5.996e-01)
2 NLEPS (nconv=11, restart=0) residual norm 2.081588e-01
  Residual norms for GMRES solve
  0 (restart 0) KSP residual norm 2.185294e-02
  1 (restart 0) KSP residual norm 6.401742e-03
  2 (restart 0) KSP residual norm 4.152447e-03
  3 (restart 0) KSP residual norm 3.069815e-03
  4 (restart 0) KSP residual norm 1.887292e-03
  5 (restart 0) KSP residual norm 1.319809e-03
  6 (restart 0) KSP residual norm 1.124295e-03
  7 (restart 0) KSP residual norm 7.573616e-04
  8 (restart 0) KSP residual norm 3.277003e-04
  9 (restart 0) KSP residual norm 1.387344e-04
 10 (restart 0) KSP residual norm 1.179168e-04
 11 (restart 0) KSP residual norm 8.408172e-05
 12 (restart 0) KSP residual norm 6.210163e-05
 13 (restart 0) KSP residual norm 3.519176e-05
 14 (restart 0) KSP residual norm 1.423000e-05
 15 (restart 0) KSP residual norm 8.763912e-06
 16 (restart 0) KSP residual norm 6.483095e-06
 17 (restart 0) KSP residual norm 4.504545e-06
 18 (restart 0) KSP residual norm 2.465007e-06
 19 (restart 0) KSP residual norm 1.429316e-06
GMRES solver converged in 19 iterations (avg. reduction factor: 6.022e-01)
3 NLEPS (nconv=11, restart=0) residual norm 4.172026e-02
  Residual norms for GMRES solve
  0 (restart 0) KSP residual norm 3.866224e-02
  1 (restart 0) KSP residual norm 1.129503e-02
  2 (restart 0) KSP residual norm 7.287584e-03
  3 (restart 0) KSP residual norm 5.411751e-03
  4 (restart 0) KSP residual norm 3.332455e-03
  5 (restart 0) KSP residual norm 2.336026e-03
  6 (restart 0) KSP residual norm 1.987989e-03
  7 (restart 0) KSP residual norm 1.344561e-03
  8 (restart 0) KSP residual norm 5.775678e-04
  9 (restart 0) KSP residual norm 2.447447e-04
 10 (restart 0) KSP residual norm 2.085652e-04
 11 (restart 0) KSP residual norm 1.494496e-04
 12 (restart 0) KSP residual norm 1.102509e-04
 13 (restart 0) KSP residual norm 6.228001e-05
 14 (restart 0) KSP residual norm 2.544968e-05
 15 (restart 0) KSP residual norm 1.579099e-05
 16 (restart 0) KSP residual norm 1.176796e-05
 17 (restart 0) KSP residual norm 8.245365e-06
 18 (restart 0) KSP residual norm 4.619938e-06
 19 (restart 0) KSP residual norm 2.842119e-06
GMRES solver converged in 19 iterations (avg. reduction factor: 6.060e-01)
4 NLEPS (nconv=11, restart=0) residual norm 7.842325e-04
  Residual norms for GMRES solve
  0 (restart 0) KSP residual norm 1.240199e-04
  1 (restart 0) KSP residual norm 3.570455e-05
  2 (restart 0) KSP residual norm 2.337036e-05
  3 (restart 0) KSP residual norm 1.803266e-05
  4 (restart 0) KSP residual norm 1.146998e-05
  5 (restart 0) KSP residual norm 7.831265e-06
  6 (restart 0) KSP residual norm 6.464922e-06
  7 (restart 0) KSP residual norm 4.140408e-06
  8 (restart 0) KSP residual norm 1.803823e-06
  9 (restart 0) KSP residual norm 9.817214e-07
 10 (restart 0) KSP residual norm 8.975083e-07
 11 (restart 0) KSP residual norm 7.917855e-07
 12 (restart 0) KSP residual norm 6.799371e-07
 13 (restart 0) KSP residual norm 4.890200e-07
 14 (restart 0) KSP residual norm 3.444341e-07
 15 (restart 0) KSP residual norm 2.907912e-07
 16 (restart 0) KSP residual norm 2.259086e-07
 17 (restart 0) KSP residual norm 1.588443e-07
 18 (restart 0) KSP residual norm 1.175331e-07
 19 (restart 0) KSP residual norm 8.607175e-08
 20 (restart 0) KSP residual norm 6.675457e-08
 21 (restart 0) KSP residual norm 5.455377e-08
 22 (restart 0) KSP residual norm 4.550123e-08
 23 (restart 0) KSP residual norm 3.495746e-08
 24 (restart 0) KSP residual norm 2.796264e-08
 25 (restart 0) KSP residual norm 2.056582e-08
 26 (restart 0) KSP residual norm 1.632163e-08
 27 (restart 0) KSP residual norm 1.271917e-08
 28 (restart 0) KSP residual norm 1.075379e-08
GMRES solver converged in 28 iterations (avg. reduction factor: 7.160e-01)
5 NLEPS (nconv=11, restart=0) residual norm 2.569624e-05
  Residual norms for GMRES solve
  0 (restart 0) KSP residual norm 2.284314e-08
  1 (restart 0) KSP residual norm 1.363561e-08
  2 (restart 0) KSP residual norm 1.181684e-08
  3 (restart 0) KSP residual norm 1.155427e-08
  4 (restart 0) KSP residual norm 1.088837e-08
  5 (restart 0) KSP residual norm 1.029272e-08
  6 (restart 0) KSP residual norm 1.001915e-08
  7 (restart 0) KSP residual norm 9.859869e-09
  8 (restart 0) KSP residual norm 9.840249e-09
  9 (restart 0) KSP residual norm 9.659898e-09
 10 (restart 0) KSP residual norm 9.319069e-09
 11 (restart 0) KSP residual norm 7.722593e-09
 12 (restart 0) KSP residual norm 6.624261e-09
 13 (restart 0) KSP residual norm 5.466213e-09
 14 (restart 0) KSP residual norm 4.489630e-09
 15 (restart 0) KSP residual norm 3.886712e-09
 16 (restart 0) KSP residual norm 3.359793e-09
 17 (restart 0) KSP residual norm 3.128033e-09
 18 (restart 0) KSP residual norm 2.565795e-09
 19 (restart 0) KSP residual norm 1.679800e-09
 20 (restart 0) KSP residual norm 1.282979e-09
 21 (restart 0) KSP residual norm 1.032367e-09
 22 (restart 0) KSP residual norm 8.796924e-10
 23 (restart 0) KSP residual norm 5.900887e-10
 24 (restart 0) KSP residual norm 5.011231e-10
 25 (restart 0) KSP residual norm 4.090210e-10
 26 (restart 0) KSP residual norm 3.254109e-10
 27 (restart 0) KSP residual norm 2.313838e-10
 28 (restart 0) KSP residual norm 1.714570e-10
 29 (restart 0) KSP residual norm 1.372432e-10
 30 (restart 0) KSP residual norm 1.078690e-10
 31 (restart 0) KSP residual norm 8.942527e-11
 32 (restart 0) KSP residual norm 7.584130e-11
 33 (restart 0) KSP residual norm 6.177990e-11
 34 (restart 0) KSP residual norm 5.129924e-11
 35 (restart 0) KSP residual norm 4.158010e-11
 36 (restart 0) KSP residual norm 2.935406e-11
 37 (restart 0) KSP residual norm 2.129776e-11
 38 (restart 0) KSP residual norm 1.657027e-11
 39 (restart 0) KSP residual norm 1.160456e-11
 40 (restart 0) KSP residual norm 8.672668e-12
 41 (restart 0) KSP residual norm 6.442083e-12
 42 (restart 0) KSP residual norm 4.874093e-12
 43 (restart 0) KSP residual norm 3.796218e-12
 44 (restart 0) KSP residual norm 3.067415e-12
 45 (restart 0) KSP residual norm 2.399236e-12
 46 (restart 0) KSP residual norm 1.863158e-12
 47 (restart 0) KSP residual norm 1.414353e-12
 48 (restart 0) KSP residual norm 1.090527e-12
 49 (restart 0) KSP residual norm 8.365917e-13
GMRES solver converged in 49 iterations (avg. reduction factor: 8.118e-01)
6 NLEPS (nconv=11, restart=0) residual norm 8.959170e-09
Eigenvalue 11, Quasi-Newton converged in 6 iterations (-1.286e-03+9.202e+00i).

Computing solution error estimates and performing postprocessing

     m,        Re{f} (GHz),        Im{f} (GHz),                  Q,      Error (Bkwd.),       Error (Abs.)
     1,      +1.286319e+00,      +3.844842e-05,      +1.672785e+04,      +6.622851e-14,      +4.482252e-09
     2,      +1.627799e+00,      +3.992254e-05,      +2.038697e+04,      +8.256181e-14,      +5.587903e-09
     3,      +1.628195e+00,      +3.975435e-05,      +2.047820e+04,      +8.863429e-14,      +5.998898e-09
     4,      +1.792273e+00,      +7.323043e-05,      +1.223721e+04,      +1.265106e-13,      +8.562629e-09
     5,      +2.037122e+00,      +5.477537e-05,      +1.859524e+04,      +9.365203e-14,      +6.338909e-09
     6,      +2.049030e+00,      +5.602926e-05,      +1.828536e+04,      +8.713472e-14,      +5.897792e-09
     7,      +2.089819e+00,      +5.125844e-05,      +2.038512e+04,      +7.304428e-14,      +4.944103e-09
     8,      +2.090462e+00,      +5.058615e-05,      +2.066239e+04,      +9.649445e-14,      +6.531362e-09
     9,      +2.362271e+00,      +1.822928e-04,      +6.479331e+03,      +9.788178e-14,      +6.625605e-09
    10,      +2.364327e+00,      +9.173729e-05,      +1.288640e+04,      +1.438913e-13,      +9.739990e-09
    11,      +2.440003e+00,      +9.864539e-05,      +1.236755e+04,      +4.506656e-14,      +3.050598e-09
    12,      +2.494440e+00,      +3.487464e-04,      +3.576295e+03,      +6.171655e-14,      +4.177699e-09

Completed 0 iterations of adaptive mesh refinement (AMR):
 Indicator norm = 5.235e-02, global unknowns = 287346
 Max. iterations = 0, tol. = 1.000e-02

Estimated peak per-rank memory usage is: Min. 192.1M, Max. 219.7M, Avg. 200.6M, Total 6.3G
Estimated peak per-node memory usage is: Min. 6.3G, Max. 6.3G, Avg. 6.3G, Total 6.3G

Elapsed Time Report (s)           Min.        Max.        Avg.
==============================================================
Initialization                   0.121       0.311       0.305
  Mesh Preprocessing             0.235       0.424       0.241
Operator Construction            0.723       0.735       0.734
Linear Solve                    39.369      39.760      39.569
  Setup                          6.759       6.760       6.759
  Preconditioner               550.271     550.994     550.635
  Coarse Solve                  39.513      40.074      39.774
Eigenvalue Solve                 5.196       5.245       5.228
Div.-Free Projection             6.024       6.052       6.043
Estimation                       0.060       0.072       0.063
  Construction                   0.238       0.238       0.238
  Solve                          7.930       7.941       7.940
Postprocessing                   0.584       0.594       0.586
Disk IO                          0.466       0.466       0.466
--------------------------------------------------------------
Total                          659.805     659.842     659.826

Peak Memory                   Per-Node       Total   Total HWM
==============================================================
Initialization                   57.6M       57.6M       57.6M
  Mesh Preprocessing            110.4M      110.4M      168.0M
Operator Construction          1001.6M     1001.6M        1.1G
Linear Solve                      1.3M        1.3M        1.1G
  Setup                         525.2M      525.2M        1.7G
  Preconditioner                  7.6M        7.6M        1.7G
  Coarse Solve                    2.6G        2.6G        4.3G
Eigenvalue Solve                250.8M      250.8M        4.5G
Div.-Free Projection            205.5M      205.5M        4.7G
Estimation                      139.0M      139.0M        4.9G
  Construction                  228.7M      228.7M        5.1G
  Solve                         132.8M      132.8M        5.2G
Postprocessing                  143.9M      143.9M        5.3G
Disk IO                          51.5M       51.5M        5.4G
--------------------------------------------------------------
Total                             5.8G        5.8G        5.8G

