>> /opt/amip/envs/emsim/bin/mpirun -n 32 /opt/amip/palace/bin/palace-x86_64.bin h3-loop-gap2-01.02a32c7f_11x8_barrel_g2-0.35_pec.json

_____________     _______
_____   __   \____ __   /____ ____________
____   /_/  /  __ ` /  /  __ ` /  ___/  _ \
___   _____/  /_/  /  /  /_/  /  /__/  ___/
  /__/     \___,__/__/\___,__/\_____\_____/


[38;2;255;255;000m--> Warning![0m
Output folder is not empty; program will overwrite content! (postpro/h3-loop-gap2-01.02a32c7f_11x8_barrel_g2-0.35_pec)
Git changeset ID: v0.17.0-293-g3c83b9db0
Running with 32 MPI processes, 1 OpenMP thread
Device configuration: omp,cpu
Memory configuration: host-std
libCEED backend: /cpu/self/xsmm/blocked

Added 28 duplicate vertices for interior boundaries in the mesh
Added 42 duplicate boundary elements for interior boundaries in the mesh
Added 8322 boundary elements for material interfaces to the mesh

Characteristic length and time scales:
 Lc = 1.760e-01 m, tc = 5.871e-01 ns
Finished partitioning mesh into 32 subdomains

Mesh curvature order: 2
Mesh bounding box:
 (Xmin, Ymin, Zmin) = (-8.800e-02, -8.800e-02, -6.771e-02) m
 (Xmax, Ymax, Zmax) = (+8.800e-02, +8.800e-02, +6.771e-02) m

Parallel Mesh Stats:

                minimum     average     maximum       total
 vertices           182         263         384        8430
 edges             1446        1704        2091       54550
 faces             2604        2814        3092       90048
 elements          1334        1372        1413       43927
 neighbors            4          10          20

            minimum     maximum
 h      0.000772431    0.194429
 kappa      1.02082     26.0966

Estimated current per-rank memory usage is: Min. 31.8M, Max. 69.1M, Avg. 33.4M, Total 1.0G
Estimated current per-node memory usage is: Min. 1.0G, Max. 1.0G, Avg. 1.0G, Total 1.0G

Configuring Robin finite conductivity BC at attributes:
 90: σ = 3.500e+07 S/m, n = (-0.1,+0.1,-1.0)

Configuring Dirichlet PEC BC at attributes:
 91

Assembling system matrices, number of global unknowns:
 H1 (p = 2): 62980, ND (p = 2): 289196, RT (p = 2): 401925
 Operator assembly level: Partial
 Mesh geometries:
  Tetrahedron: P = 20, Q = 14 (quadrature order = 4)

Configuring SLEPc eigenvalue solver:
 Scaling γ = 2.800e+01, δ = 4.308e-07
 Configuring divergence-free projection
 Using random starting vector
 Shift-and-invert σ = 2.380e+00 GHz (8.780e+00)

Assembling multigrid hierarchy:
 Level 0 (p = 1): 54550 unknowns
 Level 1 (p = 2): 289196 unknowns
 Level 0 (auxiliary) (p = 1): 8430 unknowns
 Level 1 (auxiliary) (p = 2): 62980 unknowns

#PETSc Option Table entries:
-eps_monitor # (source: code)
#End of PETSc Option Table entries

  Residual norms for GMRES solve
  0 (restart 0) KSP residual norm 9.567960e-01
  1 (restart 0) KSP residual norm 4.160880e-01
  2 (restart 0) KSP residual norm 3.806018e-01
  3 (restart 0) KSP residual norm 2.551413e-01
  4 (restart 0) KSP residual norm 9.961065e-02
  5 (restart 0) KSP residual norm 9.236549e-02
  6 (restart 0) KSP residual norm 7.872411e-02
  7 (restart 0) KSP residual norm 5.004170e-02
  8 (restart 0) KSP residual norm 2.056015e-02
  9 (restart 0) KSP residual norm 6.349341e-03
 10 (restart 0) KSP residual norm 2.560551e-03
 11 (restart 0) KSP residual norm 1.496333e-03
 12 (restart 0) KSP residual norm 9.843083e-04
 13 (restart 0) KSP residual norm 5.702861e-04
 14 (restart 0) KSP residual norm 3.521761e-04
 15 (restart 0) KSP residual norm 2.361482e-04
 16 (restart 0) KSP residual norm 1.621932e-04
 17 (restart 0) KSP residual norm 1.115916e-04
 18 (restart 0) KSP residual norm 8.708807e-05
 19 (restart 0) KSP residual norm 6.770558e-05
 20 (restart 0) KSP residual norm 5.074084e-05
 21 (restart 0) KSP residual norm 4.216401e-05
 22 (restart 0) KSP residual norm 3.412486e-05
 23 (restart 0) KSP residual norm 2.622284e-05
 24 (restart 0) KSP residual norm 2.042108e-05
 25 (restart 0) KSP residual norm 1.601695e-05
 26 (restart 0) KSP residual norm 1.202950e-05
 27 (restart 0) KSP residual norm 8.740239e-06
 28 (restart 0) KSP residual norm 6.526025e-06
 29 (restart 0) KSP residual norm 4.822347e-06
 30 (restart 0) KSP residual norm 3.598474e-06
 31 (restart 0) KSP residual norm 2.744124e-06
 32 (restart 0) KSP residual norm 2.199850e-06
 33 (restart 0) KSP residual norm 1.865850e-06
 34 (restart 0) KSP residual norm 1.652035e-06
 35 (restart 0) KSP residual norm 1.482806e-06
 36 (restart 0) KSP residual norm 1.291395e-06
 37 (restart 0) KSP residual norm 1.061935e-06
 38 (restart 0) KSP residual norm 7.987641e-07
 39 (restart 0) KSP residual norm 5.695431e-07
 40 (restart 0) KSP residual norm 4.048308e-07
 41 (restart 0) KSP residual norm 2.966582e-07
 42 (restart 0) KSP residual norm 2.185004e-07
 43 (restart 0) KSP residual norm 1.625617e-07
 44 (restart 0) KSP residual norm 1.227890e-07
 45 (restart 0) KSP residual norm 9.331090e-08
 46 (restart 0) KSP residual norm 7.104147e-08
 47 (restart 0) KSP residual norm 5.518980e-08
 48 (restart 0) KSP residual norm 4.300085e-08
 49 (restart 0) KSP residual norm 3.379863e-08
 50 (restart 0) KSP residual norm 2.637196e-08
 51 (restart 0) KSP residual norm 2.000850e-08
 52 (restart 0) KSP residual norm 1.453114e-08
 53 (restart 0) KSP residual norm 1.046178e-08
 54 (restart 0) KSP residual norm 7.328737e-09
GMRES solver converged in 54 iterations (avg. reduction factor: 7.075e-01)
  Residual norms for GMRES solve
  0 (restart 0) KSP residual norm 5.797168e+01
  1 (restart 0) KSP residual norm 3.310440e+01
  2 (restart 0) KSP residual norm 1.202842e+01
  3 (restart 0) KSP residual norm 1.196304e+01
  4 (restart 0) KSP residual norm 1.002838e+01
  5 (restart 0) KSP residual norm 8.229531e+00
  6 (restart 0) KSP residual norm 2.434157e+00
  7 (restart 0) KSP residual norm 5.139796e-01
  8 (restart 0) KSP residual norm 1.199517e-01
  9 (restart 0) KSP residual norm 4.229096e-02
 10 (restart 0) KSP residual norm 1.711175e-02
 11 (restart 0) KSP residual norm 8.067776e-03
 12 (restart 0) KSP residual norm 3.485757e-03
 13 (restart 0) KSP residual norm 1.676239e-03
 14 (restart 0) KSP residual norm 9.754107e-04
 15 (restart 0) KSP residual norm 6.006912e-04
 16 (restart 0) KSP residual norm 3.682687e-04
 17 (restart 0) KSP residual norm 2.395927e-04
 18 (restart 0) KSP residual norm 1.461007e-04
 19 (restart 0) KSP residual norm 7.454004e-05
 20 (restart 0) KSP residual norm 4.660942e-05
 21 (restart 0) KSP residual norm 2.872593e-05
 22 (restart 0) KSP residual norm 1.954764e-05
 23 (restart 0) KSP residual norm 1.418594e-05
 24 (restart 0) KSP residual norm 1.045533e-05
 25 (restart 0) KSP residual norm 7.937342e-06
 26 (restart 0) KSP residual norm 6.035225e-06
 27 (restart 0) KSP residual norm 4.623598e-06
 28 (restart 0) KSP residual norm 3.602489e-06
 29 (restart 0) KSP residual norm 2.946659e-06
 30 (restart 0) KSP residual norm 2.404777e-06
 31 (restart 0) KSP residual norm 1.913583e-06
 32 (restart 0) KSP residual norm 1.515464e-06
 33 (restart 0) KSP residual norm 1.175420e-06
 34 (restart 0) KSP residual norm 8.910216e-07
 35 (restart 0) KSP residual norm 6.722410e-07
 36 (restart 0) KSP residual norm 5.180718e-07
GMRES solver converged in 36 iterations (avg. reduction factor: 5.976e-01)
  Residual norms for GMRES solve
  0 (restart 0) KSP residual norm 2.255896e+01
  1 (restart 0) KSP residual norm 6.580069e+00
  2 (restart 0) KSP residual norm 5.220238e+00
  3 (restart 0) KSP residual norm 5.115495e+00
  4 (restart 0) KSP residual norm 4.238687e+00
  5 (restart 0) KSP residual norm 3.134489e+00
  6 (restart 0) KSP residual norm 1.117830e+00
  7 (restart 0) KSP residual norm 2.640794e-01
  8 (restart 0) KSP residual norm 5.996533e-02
  9 (restart 0) KSP residual norm 2.019262e-02
 10 (restart 0) KSP residual norm 8.083963e-03
 11 (restart 0) KSP residual norm 3.654694e-03
 12 (restart 0) KSP residual norm 1.716281e-03
 13 (restart 0) KSP residual norm 7.590106e-04
 14 (restart 0) KSP residual norm 4.749577e-04
 15 (restart 0) KSP residual norm 3.024715e-04
 16 (restart 0) KSP residual norm 1.909730e-04
 17 (restart 0) KSP residual norm 1.342806e-04
 18 (restart 0) KSP residual norm 9.802112e-05
 19 (restart 0) KSP residual norm 6.917301e-05
 20 (restart 0) KSP residual norm 5.253142e-05
 21 (restart 0) KSP residual norm 4.196032e-05
 22 (restart 0) KSP residual norm 3.450560e-05
 23 (restart 0) KSP residual norm 2.744304e-05
 24 (restart 0) KSP residual norm 2.157623e-05
 25 (restart 0) KSP residual norm 1.693714e-05
 26 (restart 0) KSP residual norm 1.269638e-05
 27 (restart 0) KSP residual norm 9.485779e-06
 28 (restart 0) KSP residual norm 7.279670e-06
 29 (restart 0) KSP residual norm 5.499848e-06
 30 (restart 0) KSP residual norm 4.181905e-06
 31 (restart 0) KSP residual norm 3.310412e-06
 32 (restart 0) KSP residual norm 2.647538e-06
 33 (restart 0) KSP residual norm 2.199549e-06
 34 (restart 0) KSP residual norm 1.878489e-06
 35 (restart 0) KSP residual norm 1.607690e-06
 36 (restart 0) KSP residual norm 1.350361e-06
 37 (restart 0) KSP residual norm 1.095876e-06
 38 (restart 0) KSP residual norm 8.405407e-07
 39 (restart 0) KSP residual norm 6.390035e-07
 40 (restart 0) KSP residual norm 4.721153e-07
 41 (restart 0) KSP residual norm 3.459093e-07
 42 (restart 0) KSP residual norm 2.545611e-07
 43 (restart 0) KSP residual norm 1.868247e-07
GMRES solver converged in 43 iterations (avg. reduction factor: 6.487e-01)
  Residual norms for GMRES solve
  0 (restart 0) KSP residual norm 6.965413e+01
  1 (restart 0) KSP residual norm 2.023287e+01
  2 (restart 0) KSP residual norm 8.546008e+00
  3 (restart 0) KSP residual norm 8.243573e+00
  4 (restart 0) KSP residual norm 5.804809e+00
  5 (restart 0) KSP residual norm 3.911696e+00
  6 (restart 0) KSP residual norm 1.608079e+00
  7 (restart 0) KSP residual norm 3.923411e-01
  8 (restart 0) KSP residual norm 9.772626e-02
  9 (restart 0) KSP residual norm 2.743455e-02
 10 (restart 0) KSP residual norm 1.241139e-02
 11 (restart 0) KSP residual norm 7.406620e-03
 12 (restart 0) KSP residual norm 2.787422e-03
 13 (restart 0) KSP residual norm 9.986560e-04
 14 (restart 0) KSP residual norm 5.469825e-04
 15 (restart 0) KSP residual norm 3.512359e-04
 16 (restart 0) KSP residual norm 1.930834e-04
 17 (restart 0) KSP residual norm 1.262220e-04
 18 (restart 0) KSP residual norm 8.499390e-05
 19 (restart 0) KSP residual norm 4.320930e-05
 20 (restart 0) KSP residual norm 2.320024e-05
 21 (restart 0) KSP residual norm 1.477267e-05
 22 (restart 0) KSP residual norm 1.034292e-05
 23 (restart 0) KSP residual norm 7.830877e-06
 24 (restart 0) KSP residual norm 6.254817e-06
 25 (restart 0) KSP residual norm 5.060659e-06
 26 (restart 0) KSP residual norm 4.047803e-06
 27 (restart 0) KSP residual norm 3.111572e-06
 28 (restart 0) KSP residual norm 2.365797e-06
 29 (restart 0) KSP residual norm 1.711451e-06
 30 (restart 0) KSP residual norm 1.254532e-06
 31 (restart 0) KSP residual norm 8.998822e-07
 32 (restart 0) KSP residual norm 6.694268e-07
GMRES solver converged in 32 iterations (avg. reduction factor: 5.616e-01)
  Residual norms for GMRES solve
  0 (restart 0) KSP residual norm 2.743202e+01
  1 (restart 0) KSP residual norm 8.052573e+00
  2 (restart 0) KSP residual norm 6.807739e+00
  3 (restart 0) KSP residual norm 3.453235e+00
  4 (restart 0) KSP residual norm 2.714534e+00
  5 (restart 0) KSP residual norm 2.700300e+00
  6 (restart 0) KSP residual norm 1.461630e+00
  7 (restart 0) KSP residual norm 4.161686e-01
  8 (restart 0) KSP residual norm 8.615424e-02
  9 (restart 0) KSP residual norm 2.508060e-02
 10 (restart 0) KSP residual norm 8.224170e-03
 11 (restart 0) KSP residual norm 3.768927e-03
 12 (restart 0) KSP residual norm 1.870475e-03
 13 (restart 0) KSP residual norm 6.820573e-04
 14 (restart 0) KSP residual norm 3.315400e-04
 15 (restart 0) KSP residual norm 2.226938e-04
 16 (restart 0) KSP residual norm 1.389790e-04
 17 (restart 0) KSP residual norm 8.308138e-05
 18 (restart 0) KSP residual norm 5.122005e-05
 19 (restart 0) KSP residual norm 3.176070e-05
 20 (restart 0) KSP residual norm 1.644506e-05
 21 (restart 0) KSP residual norm 9.502363e-06
 22 (restart 0) KSP residual norm 6.156932e-06
 23 (restart 0) KSP residual norm 4.496538e-06
 24 (restart 0) KSP residual norm 3.523542e-06
 25 (restart 0) KSP residual norm 2.654628e-06
 26 (restart 0) KSP residual norm 2.137697e-06
 27 (restart 0) KSP residual norm 1.609018e-06
 28 (restart 0) KSP residual norm 1.180183e-06
 29 (restart 0) KSP residual norm 8.537197e-07
 30 (restart 0) KSP residual norm 6.387804e-07
 31 (restart 0) KSP residual norm 4.623513e-07
 32 (restart 0) KSP residual norm 3.386569e-07
 33 (restart 0) KSP residual norm 2.473333e-07
GMRES solver converged in 33 iterations (avg. reduction factor: 5.704e-01)
  Residual norms for GMRES solve
  0 (restart 0) KSP residual norm 6.091979e+01
  1 (restart 0) KSP residual norm 7.223648e+00
  2 (restart 0) KSP residual norm 6.150590e+00
  3 (restart 0) KSP residual norm 1.608895e+00
  4 (restart 0) KSP residual norm 1.007028e+00
  5 (restart 0) KSP residual norm 9.391070e-01
  6 (restart 0) KSP residual norm 7.549127e-01
  7 (restart 0) KSP residual norm 3.293073e-01
  8 (restart 0) KSP residual norm 8.362964e-02
  9 (restart 0) KSP residual norm 2.002343e-02
 10 (restart 0) KSP residual norm 6.881138e-03
 11 (restart 0) KSP residual norm 3.768952e-03
 12 (restart 0) KSP residual norm 1.875069e-03
 13 (restart 0) KSP residual norm 5.505809e-04
 14 (restart 0) KSP residual norm 2.352690e-04
 15 (restart 0) KSP residual norm 1.553174e-04
 16 (restart 0) KSP residual norm 9.950565e-05
 17 (restart 0) KSP residual norm 6.177141e-05
 18 (restart 0) KSP residual norm 3.888830e-05
 19 (restart 0) KSP residual norm 2.750287e-05
 20 (restart 0) KSP residual norm 1.890085e-05
 21 (restart 0) KSP residual norm 1.392945e-05
 22 (restart 0) KSP residual norm 1.056898e-05
 23 (restart 0) KSP residual norm 8.562187e-06
 24 (restart 0) KSP residual norm 7.029368e-06
 25 (restart 0) KSP residual norm 5.649236e-06
 26 (restart 0) KSP residual norm 4.116803e-06
 27 (restart 0) KSP residual norm 3.098884e-06
 28 (restart 0) KSP residual norm 2.280507e-06
 29 (restart 0) KSP residual norm 1.704262e-06
 30 (restart 0) KSP residual norm 1.328492e-06
 31 (restart 0) KSP residual norm 9.965739e-07
 32 (restart 0) KSP residual norm 7.654326e-07
 33 (restart 0) KSP residual norm 6.145648e-07
 34 (restart 0) KSP residual norm 5.099577e-07
GMRES solver converged in 34 iterations (avg. reduction factor: 5.787e-01)
  Residual norms for GMRES solve
  0 (restart 0) KSP residual norm 2.680478e+01
  1 (restart 0) KSP residual norm 5.939977e+00
  2 (restart 0) KSP residual norm 5.776204e+00
  3 (restart 0) KSP residual norm 2.798738e+00
  4 (restart 0) KSP residual norm 1.924964e+00
  5 (restart 0) KSP residual norm 1.752215e+00
  6 (restart 0) KSP residual norm 1.224199e+00
  7 (restart 0) KSP residual norm 4.193245e-01
  8 (restart 0) KSP residual norm 8.350944e-02
  9 (restart 0) KSP residual norm 2.369780e-02
 10 (restart 0) KSP residual norm 7.686448e-03
 11 (restart 0) KSP residual norm 3.380007e-03
 12 (restart 0) KSP residual norm 1.768825e-03
 13 (restart 0) KSP residual norm 7.262859e-04
 14 (restart 0) KSP residual norm 3.681798e-04
 15 (restart 0) KSP residual norm 2.273570e-04
 16 (restart 0) KSP residual norm 1.492219e-04
 17 (restart 0) KSP residual norm 9.566642e-05
 18 (restart 0) KSP residual norm 6.633267e-05
 19 (restart 0) KSP residual norm 4.813238e-05
 20 (restart 0) KSP residual norm 3.292745e-05
 21 (restart 0) KSP residual norm 2.476712e-05
 22 (restart 0) KSP residual norm 1.890599e-05
 23 (restart 0) KSP residual norm 1.502401e-05
 24 (restart 0) KSP residual norm 1.186776e-05
 25 (restart 0) KSP residual norm 9.602448e-06
 26 (restart 0) KSP residual norm 7.563357e-06
 27 (restart 0) KSP residual norm 5.741535e-06
 28 (restart 0) KSP residual norm 4.331406e-06
 29 (restart 0) KSP residual norm 3.387265e-06
 30 (restart 0) KSP residual norm 2.551105e-06
 31 (restart 0) KSP residual norm 1.887914e-06
 32 (restart 0) KSP residual norm 1.457043e-06
 33 (restart 0) KSP residual norm 1.167259e-06
 34 (restart 0) KSP residual norm 9.636109e-07
 35 (restart 0) KSP residual norm 8.140808e-07
 36 (restart 0) KSP residual norm 7.020089e-07
 37 (restart 0) KSP residual norm 6.050218e-07
 38 (restart 0) KSP residual norm 5.016854e-07
 39 (restart 0) KSP residual norm 3.949455e-07
 40 (restart 0) KSP residual norm 2.983651e-07
 41 (restart 0) KSP residual norm 2.128343e-07
GMRES solver converged in 41 iterations (avg. reduction factor: 6.345e-01)
  Residual norms for GMRES solve
  0 (restart 0) KSP residual norm 9.365809e+00
  1 (restart 0) KSP residual norm 4.299647e+00
  2 (restart 0) KSP residual norm 3.450630e+00
  3 (restart 0) KSP residual norm 2.287047e+00
  4 (restart 0) KSP residual norm 1.332476e+00
  5 (restart 0) KSP residual norm 8.537961e-01
  6 (restart 0) KSP residual norm 7.865446e-01
  7 (restart 0) KSP residual norm 4.043297e-01
  8 (restart 0) KSP residual norm 7.513115e-02
  9 (restart 0) KSP residual norm 1.766784e-02
 10 (restart 0) KSP residual norm 6.397001e-03
 11 (restart 0) KSP residual norm 3.441205e-03
 12 (restart 0) KSP residual norm 1.593629e-03
 13 (restart 0) KSP residual norm 6.069657e-04
 14 (restart 0) KSP residual norm 2.757267e-04
 15 (restart 0) KSP residual norm 1.700235e-04
 16 (restart 0) KSP residual norm 1.113743e-04
 17 (restart 0) KSP residual norm 7.008416e-05
 18 (restart 0) KSP residual norm 4.543299e-05
 19 (restart 0) KSP residual norm 2.946212e-05
 20 (restart 0) KSP residual norm 2.036604e-05
 21 (restart 0) KSP residual norm 1.505792e-05
 22 (restart 0) KSP residual norm 1.136701e-05
 23 (restart 0) KSP residual norm 8.881166e-06
 24 (restart 0) KSP residual norm 7.104012e-06
 25 (restart 0) KSP residual norm 5.597399e-06
 26 (restart 0) KSP residual norm 4.493925e-06
 27 (restart 0) KSP residual norm 3.439127e-06
 28 (restart 0) KSP residual norm 2.571330e-06
 29 (restart 0) KSP residual norm 2.028317e-06
 30 (restart 0) KSP residual norm 1.572974e-06
 31 (restart 0) KSP residual norm 1.148806e-06
 32 (restart 0) KSP residual norm 8.782228e-07
 33 (restart 0) KSP residual norm 6.750313e-07
 34 (restart 0) KSP residual norm 5.522074e-07
 35 (restart 0) KSP residual norm 4.570194e-07
 36 (restart 0) KSP residual norm 3.910966e-07
 37 (restart 0) KSP residual norm 3.436026e-07
 38 (restart 0) KSP residual norm 2.923855e-07
 39 (restart 0) KSP residual norm 2.386826e-07
 40 (restart 0) KSP residual norm 1.851254e-07
 41 (restart 0) KSP residual norm 1.323090e-07
 42 (restart 0) KSP residual norm 9.277224e-08
GMRES solver converged in 42 iterations (avg. reduction factor: 6.448e-01)
  Residual norms for GMRES solve
  0 (restart 0) KSP residual norm 9.787125e+00
  1 (restart 0) KSP residual norm 4.746461e+00
  2 (restart 0) KSP residual norm 3.296711e+00
  3 (restart 0) KSP residual norm 2.046505e+00
  4 (restart 0) KSP residual norm 1.020225e+00
  5 (restart 0) KSP residual norm 8.674400e-01
  6 (restart 0) KSP residual norm 7.888899e-01
  7 (restart 0) KSP residual norm 3.481033e-01
  8 (restart 0) KSP residual norm 7.505901e-02
  9 (restart 0) KSP residual norm 1.916495e-02
 10 (restart 0) KSP residual norm 5.677188e-03
 11 (restart 0) KSP residual norm 2.631128e-03
 12 (restart 0) KSP residual norm 1.280032e-03
 13 (restart 0) KSP residual norm 5.476812e-04
 14 (restart 0) KSP residual norm 2.371259e-04
 15 (restart 0) KSP residual norm 1.280593e-04
 16 (restart 0) KSP residual norm 8.043812e-05
 17 (restart 0) KSP residual norm 5.247775e-05
 18 (restart 0) KSP residual norm 3.638219e-05
 19 (restart 0) KSP residual norm 2.477056e-05
 20 (restart 0) KSP residual norm 1.793869e-05
 21 (restart 0) KSP residual norm 1.410050e-05
 22 (restart 0) KSP residual norm 1.078056e-05
 23 (restart 0) KSP residual norm 8.408809e-06
 24 (restart 0) KSP residual norm 6.628303e-06
 25 (restart 0) KSP residual norm 5.219442e-06
 26 (restart 0) KSP residual norm 4.180407e-06
 27 (restart 0) KSP residual norm 3.249751e-06
 28 (restart 0) KSP residual norm 2.391671e-06
 29 (restart 0) KSP residual norm 1.850345e-06
 30 (restart 0) KSP residual norm 1.409191e-06
 31 (restart 0) KSP residual norm 1.049656e-06
 32 (restart 0) KSP residual norm 8.162399e-07
 33 (restart 0) KSP residual norm 6.495912e-07
 34 (restart 0) KSP residual norm 5.428875e-07
 35 (restart 0) KSP residual norm 4.525900e-07
 36 (restart 0) KSP residual norm 3.906978e-07
 37 (restart 0) KSP residual norm 3.345588e-07
 38 (restart 0) KSP residual norm 2.746188e-07
 39 (restart 0) KSP residual norm 2.141399e-07
 40 (restart 0) KSP residual norm 1.594807e-07
 41 (restart 0) KSP residual norm 1.147905e-07
 42 (restart 0) KSP residual norm 8.441088e-08
GMRES solver converged in 42 iterations (avg. reduction factor: 6.427e-01)
  Residual norms for GMRES solve
  0 (restart 0) KSP residual norm 7.205263e+00
  1 (restart 0) KSP residual norm 2.830409e+00
  2 (restart 0) KSP residual norm 2.732830e+00
  3 (restart 0) KSP residual norm 1.676216e+00
  4 (restart 0) KSP residual norm 5.850383e-01
  5 (restart 0) KSP residual norm 5.809852e-01
  6 (restart 0) KSP residual norm 4.077533e-01
  7 (restart 0) KSP residual norm 1.155857e-01
  8 (restart 0) KSP residual norm 3.988846e-02
  9 (restart 0) KSP residual norm 1.370774e-02
 10 (restart 0) KSP residual norm 4.195626e-03
 11 (restart 0) KSP residual norm 1.903975e-03
 12 (restart 0) KSP residual norm 1.062286e-03
 13 (restart 0) KSP residual norm 5.083485e-04
 14 (restart 0) KSP residual norm 2.943318e-04
 15 (restart 0) KSP residual norm 1.841413e-04
 16 (restart 0) KSP residual norm 1.336888e-04
 17 (restart 0) KSP residual norm 8.844224e-05
 18 (restart 0) KSP residual norm 6.212379e-05
 19 (restart 0) KSP residual norm 4.804395e-05
 20 (restart 0) KSP residual norm 3.913412e-05
 21 (restart 0) KSP residual norm 2.956579e-05
 22 (restart 0) KSP residual norm 2.257088e-05
 23 (restart 0) KSP residual norm 1.853655e-05
 24 (restart 0) KSP residual norm 1.428482e-05
 25 (restart 0) KSP residual norm 1.124433e-05
 26 (restart 0) KSP residual norm 8.913984e-06
 27 (restart 0) KSP residual norm 6.717970e-06
 28 (restart 0) KSP residual norm 5.018768e-06
 29 (restart 0) KSP residual norm 3.877764e-06
 30 (restart 0) KSP residual norm 2.917039e-06
 31 (restart 0) KSP residual norm 2.262723e-06
 32 (restart 0) KSP residual norm 1.842963e-06
 33 (restart 0) KSP residual norm 1.483343e-06
 34 (restart 0) KSP residual norm 1.247761e-06
 35 (restart 0) KSP residual norm 1.083963e-06
 36 (restart 0) KSP residual norm 9.133934e-07
 37 (restart 0) KSP residual norm 7.473532e-07
 38 (restart 0) KSP residual norm 5.994054e-07
 39 (restart 0) KSP residual norm 4.683388e-07
 40 (restart 0) KSP residual norm 3.513546e-07
 41 (restart 0) KSP residual norm 2.631348e-07
 42 (restart 0) KSP residual norm 1.935080e-07
 43 (restart 0) KSP residual norm 1.393889e-07
 44 (restart 0) KSP residual norm 1.003989e-07
 45 (restart 0) KSP residual norm 7.469826e-08
 46 (restart 0) KSP residual norm 5.889220e-08
GMRES solver converged in 46 iterations (avg. reduction factor: 6.671e-01)
  Residual norms for GMRES solve
  0 (restart 0) KSP residual norm 8.775653e+00
  1 (restart 0) KSP residual norm 4.761001e+00
  2 (restart 0) KSP residual norm 3.915825e+00
  3 (restart 0) KSP residual norm 2.043724e+00
  4 (restart 0) KSP residual norm 9.768027e-01
  5 (restart 0) KSP residual norm 8.914095e-01
  6 (restart 0) KSP residual norm 8.218603e-01
  7 (restart 0) KSP residual norm 3.766017e-01
  8 (restart 0) KSP residual norm 7.628332e-02
  9 (restart 0) KSP residual norm 2.088927e-02
 10 (restart 0) KSP residual norm 5.703260e-03
 11 (restart 0) KSP residual norm 2.971787e-03
 12 (restart 0) KSP residual norm 1.288710e-03
 13 (restart 0) KSP residual norm 5.034182e-04
 14 (restart 0) KSP residual norm 1.897581e-04
 15 (restart 0) KSP residual norm 1.042834e-04
 16 (restart 0) KSP residual norm 6.767925e-05
 17 (restart 0) KSP residual norm 4.149899e-05
 18 (restart 0) KSP residual norm 2.814366e-05
 19 (restart 0) KSP residual norm 1.694855e-05
 20 (restart 0) KSP residual norm 1.034126e-05
 21 (restart 0) KSP residual norm 6.397132e-06
 22 (restart 0) KSP residual norm 4.249342e-06
 23 (restart 0) KSP residual norm 3.166135e-06
 24 (restart 0) KSP residual norm 2.508594e-06
 25 (restart 0) KSP residual norm 2.002479e-06
 26 (restart 0) KSP residual norm 1.621142e-06
 27 (restart 0) KSP residual norm 1.244295e-06
 28 (restart 0) KSP residual norm 8.924275e-07
 29 (restart 0) KSP residual norm 6.346610e-07
 30 (restart 0) KSP residual norm 4.707469e-07
 31 (restart 0) KSP residual norm 3.496511e-07
 32 (restart 0) KSP residual norm 2.543271e-07
 33 (restart 0) KSP residual norm 1.920728e-07
 34 (restart 0) KSP residual norm 1.499706e-07
 35 (restart 0) KSP residual norm 1.170413e-07
 36 (restart 0) KSP residual norm 9.625134e-08
 37 (restart 0) KSP residual norm 8.244449e-08
GMRES solver converged in 37 iterations (avg. reduction factor: 6.068e-01)
  Residual norms for GMRES solve
  0 (restart 0) KSP residual norm 7.765367e+00
  1 (restart 0) KSP residual norm 4.438335e+00
  2 (restart 0) KSP residual norm 4.237074e+00
  3 (restart 0) KSP residual norm 2.063430e+00
  4 (restart 0) KSP residual norm 9.781925e-01
  5 (restart 0) KSP residual norm 7.407790e-01
  6 (restart 0) KSP residual norm 6.611394e-01
  7 (restart 0) KSP residual norm 3.009317e-01
  8 (restart 0) KSP residual norm 6.198854e-02
  9 (restart 0) KSP residual norm 1.584538e-02
 10 (restart 0) KSP residual norm 5.680738e-03
 11 (restart 0) KSP residual norm 3.128439e-03
 12 (restart 0) KSP residual norm 1.534781e-03
 13 (restart 0) KSP residual norm 7.200120e-04
 14 (restart 0) KSP residual norm 4.588561e-04
 15 (restart 0) KSP residual norm 3.038816e-04
 16 (restart 0) KSP residual norm 2.048390e-04
 17 (restart 0) KSP residual norm 1.380381e-04
 18 (restart 0) KSP residual norm 9.888781e-05
 19 (restart 0) KSP residual norm 7.622633e-05
 20 (restart 0) KSP residual norm 5.777754e-05
 21 (restart 0) KSP residual norm 4.562145e-05
 22 (restart 0) KSP residual norm 3.594152e-05
 23 (restart 0) KSP residual norm 2.812285e-05
 24 (restart 0) KSP residual norm 2.253955e-05
 25 (restart 0) KSP residual norm 1.789277e-05
 26 (restart 0) KSP residual norm 1.393890e-05
 27 (restart 0) KSP residual norm 1.071566e-05
 28 (restart 0) KSP residual norm 8.045953e-06
 29 (restart 0) KSP residual norm 6.155262e-06
 30 (restart 0) KSP residual norm 4.691363e-06
 31 (restart 0) KSP residual norm 3.606929e-06
 32 (restart 0) KSP residual norm 2.902094e-06
 33 (restart 0) KSP residual norm 2.404238e-06
 34 (restart 0) KSP residual norm 2.009525e-06
 35 (restart 0) KSP residual norm 1.721209e-06
 36 (restart 0) KSP residual norm 1.471911e-06
 37 (restart 0) KSP residual norm 1.210730e-06
 38 (restart 0) KSP residual norm 9.616283e-07
 39 (restart 0) KSP residual norm 7.390474e-07
 40 (restart 0) KSP residual norm 5.526885e-07
 41 (restart 0) KSP residual norm 4.023780e-07
 42 (restart 0) KSP residual norm 2.935192e-07
 43 (restart 0) KSP residual norm 2.150456e-07
 44 (restart 0) KSP residual norm 1.563613e-07
 45 (restart 0) KSP residual norm 1.175308e-07
 46 (restart 0) KSP residual norm 9.275032e-08
 47 (restart 0) KSP residual norm 7.571726e-08
GMRES solver converged in 47 iterations (avg. reduction factor: 6.754e-01)
  Residual norms for GMRES solve
  0 (restart 0) KSP residual norm 9.908332e+00
  1 (restart 0) KSP residual norm 7.891052e+00
  2 (restart 0) KSP residual norm 7.807704e+00
  3 (restart 0) KSP residual norm 2.136207e+00
  4 (restart 0) KSP residual norm 1.590545e+00
  5 (restart 0) KSP residual norm 1.535689e+00
  6 (restart 0) KSP residual norm 1.108225e+00
  7 (restart 0) KSP residual norm 4.068293e-01
  8 (restart 0) KSP residual norm 7.058760e-02
  9 (restart 0) KSP residual norm 1.845874e-02
 10 (restart 0) KSP residual norm 7.438451e-03
 11 (restart 0) KSP residual norm 3.863285e-03
 12 (restart 0) KSP residual norm 1.936432e-03
 13 (restart 0) KSP residual norm 7.655213e-04
 14 (restart 0) KSP residual norm 4.152942e-04
 15 (restart 0) KSP residual norm 2.676249e-04
 16 (restart 0) KSP residual norm 1.758209e-04
 17 (restart 0) KSP residual norm 1.178584e-04
 18 (restart 0) KSP residual norm 8.206607e-05
 19 (restart 0) KSP residual norm 6.066253e-05
 20 (restart 0) KSP residual norm 4.427594e-05
 21 (restart 0) KSP residual norm 3.495364e-05
 22 (restart 0) KSP residual norm 2.747333e-05
 23 (restart 0) KSP residual norm 2.067374e-05
 24 (restart 0) KSP residual norm 1.659526e-05
 25 (restart 0) KSP residual norm 1.338699e-05
 26 (restart 0) KSP residual norm 1.041817e-05
 27 (restart 0) KSP residual norm 8.082480e-06
 28 (restart 0) KSP residual norm 6.109575e-06
 29 (restart 0) KSP residual norm 4.594872e-06
 30 (restart 0) KSP residual norm 3.528676e-06
 31 (restart 0) KSP residual norm 2.667430e-06
 32 (restart 0) KSP residual norm 2.116475e-06
 33 (restart 0) KSP residual norm 1.745330e-06
 34 (restart 0) KSP residual norm 1.440907e-06
 35 (restart 0) KSP residual norm 1.227936e-06
 36 (restart 0) KSP residual norm 1.057233e-06
 37 (restart 0) KSP residual norm 8.819452e-07
 38 (restart 0) KSP residual norm 7.139393e-07
 39 (restart 0) KSP residual norm 5.554946e-07
 40 (restart 0) KSP residual norm 4.101865e-07
 41 (restart 0) KSP residual norm 3.035286e-07
 42 (restart 0) KSP residual norm 2.267280e-07
 43 (restart 0) KSP residual norm 1.668066e-07
 44 (restart 0) KSP residual norm 1.209574e-07
 45 (restart 0) KSP residual norm 8.927633e-08
GMRES solver converged in 45 iterations (avg. reduction factor: 6.625e-01)
  Residual norms for GMRES solve
  0 (restart 0) KSP residual norm 8.477498e+00
  1 (restart 0) KSP residual norm 6.076115e+00
  2 (restart 0) KSP residual norm 5.947732e+00
  3 (restart 0) KSP residual norm 2.602590e+00
  4 (restart 0) KSP residual norm 1.403265e+00
  5 (restart 0) KSP residual norm 1.373660e+00
  6 (restart 0) KSP residual norm 8.944874e-01
  7 (restart 0) KSP residual norm 3.926679e-01
  8 (restart 0) KSP residual norm 7.659453e-02
  9 (restart 0) KSP residual norm 1.915640e-02
 10 (restart 0) KSP residual norm 4.907634e-03
 11 (restart 0) KSP residual norm 2.223362e-03
 12 (restart 0) KSP residual norm 1.055007e-03
 13 (restart 0) KSP residual norm 5.072997e-04
 14 (restart 0) KSP residual norm 2.677409e-04
 15 (restart 0) KSP residual norm 1.658696e-04
 16 (restart 0) KSP residual norm 1.074029e-04
 17 (restart 0) KSP residual norm 7.046947e-05
 18 (restart 0) KSP residual norm 5.068664e-05
 19 (restart 0) KSP residual norm 3.697060e-05
 20 (restart 0) KSP residual norm 2.723962e-05
 21 (restart 0) KSP residual norm 2.099410e-05
 22 (restart 0) KSP residual norm 1.615242e-05
 23 (restart 0) KSP residual norm 1.255602e-05
 24 (restart 0) KSP residual norm 1.013631e-05
 25 (restart 0) KSP residual norm 8.152957e-06
 26 (restart 0) KSP residual norm 6.384294e-06
 27 (restart 0) KSP residual norm 4.881957e-06
 28 (restart 0) KSP residual norm 3.714652e-06
 29 (restart 0) KSP residual norm 2.801755e-06
 30 (restart 0) KSP residual norm 2.105605e-06
 31 (restart 0) KSP residual norm 1.589435e-06
 32 (restart 0) KSP residual norm 1.264500e-06
 33 (restart 0) KSP residual norm 1.032166e-06
 34 (restart 0) KSP residual norm 8.637385e-07
 35 (restart 0) KSP residual norm 7.324433e-07
 36 (restart 0) KSP residual norm 6.218827e-07
 37 (restart 0) KSP residual norm 5.190684e-07
 38 (restart 0) KSP residual norm 4.163825e-07
 39 (restart 0) KSP residual norm 3.250189e-07
 40 (restart 0) KSP residual norm 2.428984e-07
 41 (restart 0) KSP residual norm 1.727401e-07
 42 (restart 0) KSP residual norm 1.231769e-07
 43 (restart 0) KSP residual norm 9.031326e-08
 44 (restart 0) KSP residual norm 6.548541e-08
GMRES solver converged in 44 iterations (avg. reduction factor: 6.541e-01)
  Residual norms for GMRES solve
  0 (restart 0) KSP residual norm 7.402777e+00
  1 (restart 0) KSP residual norm 6.600023e+00
  2 (restart 0) KSP residual norm 5.528683e+00
  3 (restart 0) KSP residual norm 1.880655e+00
  4 (restart 0) KSP residual norm 1.535291e+00
  5 (restart 0) KSP residual norm 1.067880e+00
  6 (restart 0) KSP residual norm 5.376099e-01
  7 (restart 0) KSP residual norm 2.544708e-01
  8 (restart 0) KSP residual norm 8.414949e-02
  9 (restart 0) KSP residual norm 1.982802e-02
 10 (restart 0) KSP residual norm 4.692261e-03
 11 (restart 0) KSP residual norm 2.035971e-03
 12 (restart 0) KSP residual norm 1.112094e-03
 13 (restart 0) KSP residual norm 5.018509e-04
 14 (restart 0) KSP residual norm 2.241859e-04
 15 (restart 0) KSP residual norm 1.277075e-04
 16 (restart 0) KSP residual norm 8.556702e-05
 17 (restart 0) KSP residual norm 5.593496e-05
 18 (restart 0) KSP residual norm 3.946437e-05
 19 (restart 0) KSP residual norm 2.945261e-05
 20 (restart 0) KSP residual norm 2.120898e-05
 21 (restart 0) KSP residual norm 1.581341e-05
 22 (restart 0) KSP residual norm 1.246084e-05
 23 (restart 0) KSP residual norm 9.696465e-06
 24 (restart 0) KSP residual norm 7.592165e-06
 25 (restart 0) KSP residual norm 6.094188e-06
 26 (restart 0) KSP residual norm 4.763235e-06
 27 (restart 0) KSP residual norm 3.616963e-06
 28 (restart 0) KSP residual norm 2.769147e-06
 29 (restart 0) KSP residual norm 2.098178e-06
 30 (restart 0) KSP residual norm 1.585983e-06
 31 (restart 0) KSP residual norm 1.210582e-06
 32 (restart 0) KSP residual norm 9.379153e-07
 33 (restart 0) KSP residual norm 7.554839e-07
 34 (restart 0) KSP residual norm 6.231031e-07
 35 (restart 0) KSP residual norm 5.217975e-07
 36 (restart 0) KSP residual norm 4.477683e-07
 37 (restart 0) KSP residual norm 3.819110e-07
 38 (restart 0) KSP residual norm 3.188357e-07
 39 (restart 0) KSP residual norm 2.542043e-07
 40 (restart 0) KSP residual norm 1.968095e-07
 41 (restart 0) KSP residual norm 1.478884e-07
 42 (restart 0) KSP residual norm 1.088785e-07
 43 (restart 0) KSP residual norm 8.103046e-08
 44 (restart 0) KSP residual norm 5.930239e-08
GMRES solver converged in 44 iterations (avg. reduction factor: 6.546e-01)
  Residual norms for GMRES solve
  0 (restart 0) KSP residual norm 1.130050e+01
  1 (restart 0) KSP residual norm 1.092965e+01
  2 (restart 0) KSP residual norm 7.394671e+00
  3 (restart 0) KSP residual norm 2.198129e+00
  4 (restart 0) KSP residual norm 2.169111e+00
  5 (restart 0) KSP residual norm 1.112053e+00
  6 (restart 0) KSP residual norm 7.453523e-01
  7 (restart 0) KSP residual norm 2.829568e-01
  8 (restart 0) KSP residual norm 7.344390e-02
  9 (restart 0) KSP residual norm 1.598262e-02
 10 (restart 0) KSP residual norm 4.787395e-03
 11 (restart 0) KSP residual norm 2.089606e-03
 12 (restart 0) KSP residual norm 1.247359e-03
 13 (restart 0) KSP residual norm 5.211674e-04
 14 (restart 0) KSP residual norm 2.589748e-04
 15 (restart 0) KSP residual norm 1.667766e-04
 16 (restart 0) KSP residual norm 1.059047e-04
 17 (restart 0) KSP residual norm 6.952325e-05
 18 (restart 0) KSP residual norm 5.021643e-05
 19 (restart 0) KSP residual norm 3.654124e-05
 20 (restart 0) KSP residual norm 2.605830e-05
 21 (restart 0) KSP residual norm 1.986971e-05
 22 (restart 0) KSP residual norm 1.566103e-05
 23 (restart 0) KSP residual norm 1.216502e-05
 24 (restart 0) KSP residual norm 1.006461e-05
 25 (restart 0) KSP residual norm 8.153534e-06
 26 (restart 0) KSP residual norm 6.164135e-06
 27 (restart 0) KSP residual norm 4.772773e-06
 28 (restart 0) KSP residual norm 3.665774e-06
 29 (restart 0) KSP residual norm 2.760227e-06
 30 (restart 0) KSP residual norm 2.072904e-06
 31 (restart 0) KSP residual norm 1.591231e-06
 32 (restart 0) KSP residual norm 1.229424e-06
 33 (restart 0) KSP residual norm 9.913493e-07
 34 (restart 0) KSP residual norm 8.423913e-07
 35 (restart 0) KSP residual norm 7.219311e-07
 36 (restart 0) KSP residual norm 6.101153e-07
 37 (restart 0) KSP residual norm 5.073742e-07
 38 (restart 0) KSP residual norm 4.150938e-07
 39 (restart 0) KSP residual norm 3.177583e-07
 40 (restart 0) KSP residual norm 2.336516e-07
 41 (restart 0) KSP residual norm 1.679200e-07
 42 (restart 0) KSP residual norm 1.141501e-07
 43 (restart 0) KSP residual norm 8.060954e-08
GMRES solver converged in 43 iterations (avg. reduction factor: 6.465e-01)
  Residual norms for GMRES solve
  0 (restart 0) KSP residual norm 1.276026e+01
  1 (restart 0) KSP residual norm 1.271108e+01
  2 (restart 0) KSP residual norm 8.429034e+00
  3 (restart 0) KSP residual norm 2.289514e+00
  4 (restart 0) KSP residual norm 2.279299e+00
  5 (restart 0) KSP residual norm 1.232591e+00
  6 (restart 0) KSP residual norm 7.442708e-01
  7 (restart 0) KSP residual norm 2.351414e-01
  8 (restart 0) KSP residual norm 5.928233e-02
  9 (restart 0) KSP residual norm 1.397091e-02
 10 (restart 0) KSP residual norm 4.999348e-03
 11 (restart 0) KSP residual norm 2.460028e-03
 12 (restart 0) KSP residual norm 1.286163e-03
 13 (restart 0) KSP residual norm 5.113648e-04
 14 (restart 0) KSP residual norm 2.488562e-04
 15 (restart 0) KSP residual norm 1.581438e-04
 16 (restart 0) KSP residual norm 1.031410e-04
 17 (restart 0) KSP residual norm 6.230449e-05
 18 (restart 0) KSP residual norm 4.313846e-05
 19 (restart 0) KSP residual norm 3.204960e-05
 20 (restart 0) KSP residual norm 2.291889e-05
 21 (restart 0) KSP residual norm 1.669742e-05
 22 (restart 0) KSP residual norm 1.322096e-05
 23 (restart 0) KSP residual norm 1.019172e-05
 24 (restart 0) KSP residual norm 8.224062e-06
 25 (restart 0) KSP residual norm 6.581783e-06
 26 (restart 0) KSP residual norm 5.128937e-06
 27 (restart 0) KSP residual norm 3.955216e-06
 28 (restart 0) KSP residual norm 2.980701e-06
 29 (restart 0) KSP residual norm 2.302584e-06
 30 (restart 0) KSP residual norm 1.798972e-06
 31 (restart 0) KSP residual norm 1.339962e-06
 32 (restart 0) KSP residual norm 1.032818e-06
 33 (restart 0) KSP residual norm 8.347769e-07
 34 (restart 0) KSP residual norm 6.805589e-07
 35 (restart 0) KSP residual norm 5.719039e-07
 36 (restart 0) KSP residual norm 4.911435e-07
 37 (restart 0) KSP residual norm 4.182168e-07
 38 (restart 0) KSP residual norm 3.509524e-07
 39 (restart 0) KSP residual norm 2.841846e-07
 40 (restart 0) KSP residual norm 2.181928e-07
 41 (restart 0) KSP residual norm 1.573491e-07
 42 (restart 0) KSP residual norm 1.109884e-07
GMRES solver converged in 42 iterations (avg. reduction factor: 6.428e-01)
  Residual norms for GMRES solve
  0 (restart 0) KSP residual norm 6.629085e+00
  1 (restart 0) KSP residual norm 5.163114e+00
  2 (restart 0) KSP residual norm 5.016934e+00
  3 (restart 0) KSP residual norm 1.245850e+00
  4 (restart 0) KSP residual norm 1.056521e+00
  5 (restart 0) KSP residual norm 8.384278e-01
  6 (restart 0) KSP residual norm 5.574627e-01
  7 (restart 0) KSP residual norm 2.399517e-01
  8 (restart 0) KSP residual norm 4.928932e-02
  9 (restart 0) KSP residual norm 1.148251e-02
 10 (restart 0) KSP residual norm 3.920998e-03
 11 (restart 0) KSP residual norm 1.789476e-03
 12 (restart 0) KSP residual norm 9.224886e-04
 13 (restart 0) KSP residual norm 3.439620e-04
 14 (restart 0) KSP residual norm 1.589181e-04
 15 (restart 0) KSP residual norm 9.571046e-05
 16 (restart 0) KSP residual norm 5.967823e-05
 17 (restart 0) KSP residual norm 3.838363e-05
 18 (restart 0) KSP residual norm 2.697768e-05
 19 (restart 0) KSP residual norm 1.985576e-05
 20 (restart 0) KSP residual norm 1.424406e-05
 21 (restart 0) KSP residual norm 1.064568e-05
 22 (restart 0) KSP residual norm 8.336065e-06
 23 (restart 0) KSP residual norm 6.706323e-06
 24 (restart 0) KSP residual norm 5.236978e-06
 25 (restart 0) KSP residual norm 4.176739e-06
 26 (restart 0) KSP residual norm 3.336868e-06
 27 (restart 0) KSP residual norm 2.693156e-06
 28 (restart 0) KSP residual norm 2.110608e-06
 29 (restart 0) KSP residual norm 1.647452e-06
 30 (restart 0) KSP residual norm 1.229633e-06
 31 (restart 0) KSP residual norm 9.343062e-07
 32 (restart 0) KSP residual norm 7.350974e-07
 33 (restart 0) KSP residual norm 5.841775e-07
 34 (restart 0) KSP residual norm 4.773511e-07
 35 (restart 0) KSP residual norm 3.959538e-07
 36 (restart 0) KSP residual norm 3.326230e-07
 37 (restart 0) KSP residual norm 2.717273e-07
 38 (restart 0) KSP residual norm 2.133762e-07
 39 (restart 0) KSP residual norm 1.569498e-07
 40 (restart 0) KSP residual norm 1.094794e-07
 41 (restart 0) KSP residual norm 7.443006e-08
 42 (restart 0) KSP residual norm 5.028369e-08
GMRES solver converged in 42 iterations (avg. reduction factor: 6.407e-01)
  Residual norms for GMRES solve
  0 (restart 0) KSP residual norm 1.042145e+01
  1 (restart 0) KSP residual norm 9.660755e+00
  2 (restart 0) KSP residual norm 5.193119e+00
  3 (restart 0) KSP residual norm 1.192455e+00
  4 (restart 0) KSP residual norm 1.168011e+00
  5 (restart 0) KSP residual norm 5.258696e-01
  6 (restart 0) KSP residual norm 2.285762e-01
  7 (restart 0) KSP residual norm 8.762493e-02
  8 (restart 0) KSP residual norm 3.864274e-02
  9 (restart 0) KSP residual norm 1.558290e-02
 10 (restart 0) KSP residual norm 4.064844e-03
 11 (restart 0) KSP residual norm 1.171359e-03
 12 (restart 0) KSP residual norm 5.760861e-04
 13 (restart 0) KSP residual norm 3.270879e-04
 14 (restart 0) KSP residual norm 1.351662e-04
 15 (restart 0) KSP residual norm 6.912011e-05
 16 (restart 0) KSP residual norm 4.822054e-05
 17 (restart 0) KSP residual norm 3.134925e-05
 18 (restart 0) KSP residual norm 2.023413e-05
 19 (restart 0) KSP residual norm 1.450971e-05
 20 (restart 0) KSP residual norm 1.017504e-05
 21 (restart 0) KSP residual norm 7.350653e-06
 22 (restart 0) KSP residual norm 5.625961e-06
 23 (restart 0) KSP residual norm 4.523017e-06
 24 (restart 0) KSP residual norm 3.533975e-06
 25 (restart 0) KSP residual norm 2.904987e-06
 26 (restart 0) KSP residual norm 2.373474e-06
 27 (restart 0) KSP residual norm 1.824263e-06
 28 (restart 0) KSP residual norm 1.389393e-06
 29 (restart 0) KSP residual norm 1.064622e-06
 30 (restart 0) KSP residual norm 8.174112e-07
 31 (restart 0) KSP residual norm 6.260562e-07
 32 (restart 0) KSP residual norm 4.896842e-07
 33 (restart 0) KSP residual norm 3.872925e-07
 34 (restart 0) KSP residual norm 3.248800e-07
 35 (restart 0) KSP residual norm 2.751467e-07
 36 (restart 0) KSP residual norm 2.292523e-07
 37 (restart 0) KSP residual norm 1.916778e-07
 38 (restart 0) KSP residual norm 1.505198e-07
 39 (restart 0) KSP residual norm 1.131316e-07
 40 (restart 0) KSP residual norm 8.393342e-08
GMRES solver converged in 40 iterations (avg. reduction factor: 6.276e-01)
  Residual norms for GMRES solve
  0 (restart 0) KSP residual norm 6.201861e+00
  1 (restart 0) KSP residual norm 3.577348e+00
  2 (restart 0) KSP residual norm 3.485910e+00
  3 (restart 0) KSP residual norm 9.842058e-01
  4 (restart 0) KSP residual norm 5.251713e-01
  5 (restart 0) KSP residual norm 4.650882e-01
  6 (restart 0) KSP residual norm 2.057457e-01
  7 (restart 0) KSP residual norm 8.290910e-02
  8 (restart 0) KSP residual norm 3.315156e-02
  9 (restart 0) KSP residual norm 1.045577e-02
 10 (restart 0) KSP residual norm 2.800815e-03
 11 (restart 0) KSP residual norm 9.036967e-04
 12 (restart 0) KSP residual norm 5.293586e-04
 13 (restart 0) KSP residual norm 3.413593e-04
 14 (restart 0) KSP residual norm 1.706647e-04
 15 (restart 0) KSP residual norm 1.169740e-04
 16 (restart 0) KSP residual norm 8.513935e-05
 17 (restart 0) KSP residual norm 5.084026e-05
 18 (restart 0) KSP residual norm 3.547597e-05
 19 (restart 0) KSP residual norm 2.622546e-05
 20 (restart 0) KSP residual norm 1.890584e-05
 21 (restart 0) KSP residual norm 1.402315e-05
 22 (restart 0) KSP residual norm 1.085848e-05
 23 (restart 0) KSP residual norm 8.746192e-06
 24 (restart 0) KSP residual norm 7.060332e-06
 25 (restart 0) KSP residual norm 5.827612e-06
 26 (restart 0) KSP residual norm 4.460100e-06
 27 (restart 0) KSP residual norm 3.339558e-06
 28 (restart 0) KSP residual norm 2.524243e-06
 29 (restart 0) KSP residual norm 1.855456e-06
 30 (restart 0) KSP residual norm 1.396520e-06
 31 (restart 0) KSP residual norm 1.089052e-06
 32 (restart 0) KSP residual norm 9.077033e-07
 33 (restart 0) KSP residual norm 7.487677e-07
 34 (restart 0) KSP residual norm 6.305130e-07
 35 (restart 0) KSP residual norm 5.264885e-07
 36 (restart 0) KSP residual norm 4.267863e-07
 37 (restart 0) KSP residual norm 3.323468e-07
 38 (restart 0) KSP residual norm 2.495802e-07
 39 (restart 0) KSP residual norm 1.797496e-07
 40 (restart 0) KSP residual norm 1.283325e-07
 41 (restart 0) KSP residual norm 8.676131e-08
 42 (restart 0) KSP residual norm 5.939954e-08
GMRES solver converged in 42 iterations (avg. reduction factor: 6.443e-01)
  Residual norms for GMRES solve
  0 (restart 0) KSP residual norm 5.967209e+00
  1 (restart 0) KSP residual norm 4.820633e+00
  2 (restart 0) KSP residual norm 4.260133e+00
  3 (restart 0) KSP residual norm 1.005473e+00
  4 (restart 0) KSP residual norm 8.738053e-01
  5 (restart 0) KSP residual norm 5.290944e-01
  6 (restart 0) KSP residual norm 2.573968e-01
  7 (restart 0) KSP residual norm 1.319515e-01
  8 (restart 0) KSP residual norm 4.694752e-02
  9 (restart 0) KSP residual norm 9.731444e-03
 10 (restart 0) KSP residual norm 2.690708e-03
 11 (restart 0) KSP residual norm 1.142915e-03
 12 (restart 0) KSP residual norm 7.408083e-04
 13 (restart 0) KSP residual norm 3.867454e-04
 14 (restart 0) KSP residual norm 2.314041e-04
 15 (restart 0) KSP residual norm 1.655978e-04
 16 (restart 0) KSP residual norm 1.046595e-04
 17 (restart 0) KSP residual norm 6.804314e-05
 18 (restart 0) KSP residual norm 4.927739e-05
 19 (restart 0) KSP residual norm 3.505309e-05
 20 (restart 0) KSP residual norm 2.529419e-05
 21 (restart 0) KSP residual norm 1.949047e-05
 22 (restart 0) KSP residual norm 1.546127e-05
 23 (restart 0) KSP residual norm 1.244258e-05
 24 (restart 0) KSP residual norm 1.030360e-05
 25 (restart 0) KSP residual norm 8.426846e-06
 26 (restart 0) KSP residual norm 6.381391e-06
 27 (restart 0) KSP residual norm 4.724812e-06
 28 (restart 0) KSP residual norm 3.540897e-06
 29 (restart 0) KSP residual norm 2.615230e-06
 30 (restart 0) KSP residual norm 1.986384e-06
 31 (restart 0) KSP residual norm 1.584334e-06
 32 (restart 0) KSP residual norm 1.308564e-06
 33 (restart 0) KSP residual norm 1.101008e-06
 34 (restart 0) KSP residual norm 9.297761e-07
 35 (restart 0) KSP residual norm 7.698002e-07
 36 (restart 0) KSP residual norm 6.079178e-07
 37 (restart 0) KSP residual norm 4.648119e-07
 38 (restart 0) KSP residual norm 3.475505e-07
 39 (restart 0) KSP residual norm 2.476702e-07
 40 (restart 0) KSP residual norm 1.654052e-07
 41 (restart 0) KSP residual norm 1.124226e-07
 42 (restart 0) KSP residual norm 8.025459e-08
 43 (restart 0) KSP residual norm 5.772060e-08
GMRES solver converged in 43 iterations (avg. reduction factor: 6.511e-01)
  Residual norms for GMRES solve
  0 (restart 0) KSP residual norm 8.027103e+00
  1 (restart 0) KSP residual norm 7.939371e+00
  2 (restart 0) KSP residual norm 5.819355e+00
  3 (restart 0) KSP residual norm 9.445982e-01
  4 (restart 0) KSP residual norm 6.356830e-01
  5 (restart 0) KSP residual norm 4.195101e-01
  6 (restart 0) KSP residual norm 2.417713e-01
  7 (restart 0) KSP residual norm 9.990145e-02
  8 (restart 0) KSP residual norm 4.094116e-02
  9 (restart 0) KSP residual norm 8.936125e-03
 10 (restart 0) KSP residual norm 2.613155e-03
 11 (restart 0) KSP residual norm 9.226335e-04
 12 (restart 0) KSP residual norm 6.025274e-04
 13 (restart 0) KSP residual norm 3.127251e-04
 14 (restart 0) KSP residual norm 1.242947e-04
 15 (restart 0) KSP residual norm 7.726891e-05
 16 (restart 0) KSP residual norm 5.253788e-05
 17 (restart 0) KSP residual norm 3.121693e-05
 18 (restart 0) KSP residual norm 2.307092e-05
 19 (restart 0) KSP residual norm 1.726973e-05
 20 (restart 0) KSP residual norm 1.229747e-05
 21 (restart 0) KSP residual norm 8.952660e-06
 22 (restart 0) KSP residual norm 7.121381e-06
 23 (restart 0) KSP residual norm 5.620361e-06
 24 (restart 0) KSP residual norm 4.300152e-06
 25 (restart 0) KSP residual norm 3.474244e-06
 26 (restart 0) KSP residual norm 2.772172e-06
 27 (restart 0) KSP residual norm 2.087980e-06
 28 (restart 0) KSP residual norm 1.579460e-06
 29 (restart 0) KSP residual norm 1.207607e-06
 30 (restart 0) KSP residual norm 8.723449e-07
 31 (restart 0) KSP residual norm 6.164683e-07
 32 (restart 0) KSP residual norm 4.614133e-07
 33 (restart 0) KSP residual norm 3.600040e-07
 34 (restart 0) KSP residual norm 2.923226e-07
 35 (restart 0) KSP residual norm 2.491299e-07
 36 (restart 0) KSP residual norm 2.183970e-07
 37 (restart 0) KSP residual norm 1.910300e-07
 38 (restart 0) KSP residual norm 1.609679e-07
 39 (restart 0) KSP residual norm 1.270065e-07
 40 (restart 0) KSP residual norm 9.913634e-08
 41 (restart 0) KSP residual norm 7.482320e-08
GMRES solver converged in 41 iterations (avg. reduction factor: 6.370e-01)
  Residual norms for GMRES solve
  0 (restart 0) KSP residual norm 5.666536e+00
  1 (restart 0) KSP residual norm 3.498528e+00
  2 (restart 0) KSP residual norm 2.904661e+00
  3 (restart 0) KSP residual norm 1.197914e+00
  4 (restart 0) KSP residual norm 3.627305e-01
  5 (restart 0) KSP residual norm 3.597499e-01
  6 (restart 0) KSP residual norm 2.666482e-01
  7 (restart 0) KSP residual norm 1.140798e-01
  8 (restart 0) KSP residual norm 3.510474e-02
  9 (restart 0) KSP residual norm 7.236938e-03
 10 (restart 0) KSP residual norm 2.304771e-03
 11 (restart 0) KSP residual norm 1.350847e-03
 12 (restart 0) KSP residual norm 8.321377e-04
 13 (restart 0) KSP residual norm 4.001105e-04
 14 (restart 0) KSP residual norm 2.565496e-04
 15 (restart 0) KSP residual norm 1.855889e-04
 16 (restart 0) KSP residual norm 1.080559e-04
 17 (restart 0) KSP residual norm 7.396602e-05
 18 (restart 0) KSP residual norm 5.585280e-05
 19 (restart 0) KSP residual norm 3.766590e-05
 20 (restart 0) KSP residual norm 2.845003e-05
 21 (restart 0) KSP residual norm 2.235521e-05
 22 (restart 0) KSP residual norm 1.728002e-05
 23 (restart 0) KSP residual norm 1.411938e-05
 24 (restart 0) KSP residual norm 1.183135e-05
 25 (restart 0) KSP residual norm 9.143336e-06
 26 (restart 0) KSP residual norm 6.888276e-06
 27 (restart 0) KSP residual norm 5.339465e-06
 28 (restart 0) KSP residual norm 3.861545e-06
 29 (restart 0) KSP residual norm 2.817341e-06
 30 (restart 0) KSP residual norm 2.173734e-06
 31 (restart 0) KSP residual norm 1.718651e-06
 32 (restart 0) KSP residual norm 1.451211e-06
 33 (restart 0) KSP residual norm 1.220234e-06
 34 (restart 0) KSP residual norm 1.030705e-06
 35 (restart 0) KSP residual norm 8.594702e-07
 36 (restart 0) KSP residual norm 6.741896e-07
 37 (restart 0) KSP residual norm 5.078893e-07
 38 (restart 0) KSP residual norm 3.796495e-07
 39 (restart 0) KSP residual norm 2.646971e-07
 40 (restart 0) KSP residual norm 1.871195e-07
 41 (restart 0) KSP residual norm 1.277927e-07
 42 (restart 0) KSP residual norm 8.711895e-08
 43 (restart 0) KSP residual norm 6.397579e-08
 44 (restart 0) KSP residual norm 4.894206e-08
GMRES solver converged in 44 iterations (avg. reduction factor: 6.557e-01)
  1 EPS nconv=5 first unconverged value (error) -9.67491e-06+0.360988i (7.34147724e-03)
  Residual norms for GMRES solve
  0 (restart 0) KSP residual norm 6.734039e+00
  1 (restart 0) KSP residual norm 6.573137e+00
  2 (restart 0) KSP residual norm 4.433836e+00
  3 (restart 0) KSP residual norm 1.124382e+00
  4 (restart 0) KSP residual norm 6.274160e-01
  5 (restart 0) KSP residual norm 5.760967e-01
  6 (restart 0) KSP residual norm 4.069072e-01
  7 (restart 0) KSP residual norm 1.469979e-01
  8 (restart 0) KSP residual norm 5.204130e-02
  9 (restart 0) KSP residual norm 9.898321e-03
 10 (restart 0) KSP residual norm 3.032255e-03
 11 (restart 0) KSP residual norm 1.382384e-03
 12 (restart 0) KSP residual norm 8.470299e-04
 13 (restart 0) KSP residual norm 3.846914e-04
 14 (restart 0) KSP residual norm 2.065660e-04
 15 (restart 0) KSP residual norm 1.458500e-04
 16 (restart 0) KSP residual norm 9.165901e-05
 17 (restart 0) KSP residual norm 6.051511e-05
 18 (restart 0) KSP residual norm 4.462106e-05
 19 (restart 0) KSP residual norm 3.174788e-05
 20 (restart 0) KSP residual norm 2.178954e-05
 21 (restart 0) KSP residual norm 1.666464e-05
 22 (restart 0) KSP residual norm 1.339354e-05
 23 (restart 0) KSP residual norm 1.040657e-05
 24 (restart 0) KSP residual norm 8.406909e-06
 25 (restart 0) KSP residual norm 6.816691e-06
 26 (restart 0) KSP residual norm 5.427814e-06
 27 (restart 0) KSP residual norm 4.184854e-06
 28 (restart 0) KSP residual norm 3.101061e-06
 29 (restart 0) KSP residual norm 2.359348e-06
 30 (restart 0) KSP residual norm 1.768363e-06
 31 (restart 0) KSP residual norm 1.381489e-06
 32 (restart 0) KSP residual norm 1.141828e-06
 33 (restart 0) KSP residual norm 9.398930e-07
 34 (restart 0) KSP residual norm 7.825478e-07
 35 (restart 0) KSP residual norm 6.522169e-07
 36 (restart 0) KSP residual norm 5.339096e-07
 37 (restart 0) KSP residual norm 4.275637e-07
 38 (restart 0) KSP residual norm 3.142502e-07
 39 (restart 0) KSP residual norm 2.232719e-07
 40 (restart 0) KSP residual norm 1.611622e-07
 41 (restart 0) KSP residual norm 1.119809e-07
 42 (restart 0) KSP residual norm 7.491749e-08
 43 (restart 0) KSP residual norm 5.208054e-08
GMRES solver converged in 43 iterations (avg. reduction factor: 6.477e-01)
  Residual norms for GMRES solve
  0 (restart 0) KSP residual norm 5.523340e+00
  1 (restart 0) KSP residual norm 4.332958e+00
  2 (restart 0) KSP residual norm 4.302503e+00
  3 (restart 0) KSP residual norm 1.200674e+00
  4 (restart 0) KSP residual norm 4.228555e-01
  5 (restart 0) KSP residual norm 4.016704e-01
  6 (restart 0) KSP residual norm 2.417008e-01
  7 (restart 0) KSP residual norm 9.064565e-02
  8 (restart 0) KSP residual norm 3.942269e-02
  9 (restart 0) KSP residual norm 9.844363e-03
 10 (restart 0) KSP residual norm 2.536002e-03
 11 (restart 0) KSP residual norm 9.329761e-04
 12 (restart 0) KSP residual norm 5.301554e-04
 13 (restart 0) KSP residual norm 2.792272e-04
 14 (restart 0) KSP residual norm 1.127594e-04
 15 (restart 0) KSP residual norm 5.417958e-05
 16 (restart 0) KSP residual norm 3.815771e-05
 17 (restart 0) KSP residual norm 2.685702e-05
 18 (restart 0) KSP residual norm 2.100864e-05
 19 (restart 0) KSP residual norm 1.303358e-05
 20 (restart 0) KSP residual norm 7.691766e-06
 21 (restart 0) KSP residual norm 5.596597e-06
 22 (restart 0) KSP residual norm 4.373600e-06
 23 (restart 0) KSP residual norm 3.389115e-06
 24 (restart 0) KSP residual norm 2.628124e-06
 25 (restart 0) KSP residual norm 2.159875e-06
 26 (restart 0) KSP residual norm 1.832724e-06
 27 (restart 0) KSP residual norm 1.357967e-06
 28 (restart 0) KSP residual norm 1.033286e-06
 29 (restart 0) KSP residual norm 7.940675e-07
 30 (restart 0) KSP residual norm 5.623672e-07
 31 (restart 0) KSP residual norm 4.342911e-07
 32 (restart 0) KSP residual norm 3.446637e-07
 33 (restart 0) KSP residual norm 2.851232e-07
 34 (restart 0) KSP residual norm 2.394772e-07
 35 (restart 0) KSP residual norm 1.973996e-07
 36 (restart 0) KSP residual norm 1.630646e-07
 37 (restart 0) KSP residual norm 1.359008e-07
 38 (restart 0) KSP residual norm 1.018643e-07
 39 (restart 0) KSP residual norm 7.141381e-08
 40 (restart 0) KSP residual norm 5.239094e-08
GMRES solver converged in 40 iterations (avg. reduction factor: 6.301e-01)
  Residual norms for GMRES solve
  0 (restart 0) KSP residual norm 5.804919e+00
  1 (restart 0) KSP residual norm 5.336856e+00
  2 (restart 0) KSP residual norm 4.880685e+00
  3 (restart 0) KSP residual norm 8.488216e-01
  4 (restart 0) KSP residual norm 5.649654e-01
  5 (restart 0) KSP residual norm 5.294680e-01
  6 (restart 0) KSP residual norm 3.649061e-01
  7 (restart 0) KSP residual norm 1.283641e-01
  8 (restart 0) KSP residual norm 4.109574e-02
  9 (restart 0) KSP residual norm 8.590105e-03
 10 (restart 0) KSP residual norm 2.604722e-03
 11 (restart 0) KSP residual norm 1.255124e-03
 12 (restart 0) KSP residual norm 7.916391e-04
 13 (restart 0) KSP residual norm 4.113350e-04
 14 (restart 0) KSP residual norm 2.740772e-04
 15 (restart 0) KSP residual norm 1.897527e-04
 16 (restart 0) KSP residual norm 1.148895e-04
 17 (restart 0) KSP residual norm 8.151960e-05
 18 (restart 0) KSP residual norm 5.765558e-05
 19 (restart 0) KSP residual norm 4.081131e-05
 20 (restart 0) KSP residual norm 2.893402e-05
 21 (restart 0) KSP residual norm 2.249168e-05
 22 (restart 0) KSP residual norm 1.761184e-05
 23 (restart 0) KSP residual norm 1.407721e-05
 24 (restart 0) KSP residual norm 1.153694e-05
 25 (restart 0) KSP residual norm 9.268298e-06
 26 (restart 0) KSP residual norm 7.323424e-06
 27 (restart 0) KSP residual norm 5.723786e-06
 28 (restart 0) KSP residual norm 4.225846e-06
 29 (restart 0) KSP residual norm 3.117376e-06
 30 (restart 0) KSP residual norm 2.416367e-06
 31 (restart 0) KSP residual norm 1.902778e-06
 32 (restart 0) KSP residual norm 1.562573e-06
 33 (restart 0) KSP residual norm 1.295521e-06
 34 (restart 0) KSP residual norm 1.092247e-06
 35 (restart 0) KSP residual norm 9.179180e-07
 36 (restart 0) KSP residual norm 7.368522e-07
 37 (restart 0) KSP residual norm 5.700726e-07
 38 (restart 0) KSP residual norm 4.347274e-07
 39 (restart 0) KSP residual norm 3.034126e-07
 40 (restart 0) KSP residual norm 2.138389e-07
 41 (restart 0) KSP residual norm 1.527241e-07
 42 (restart 0) KSP residual norm 1.027613e-07
 43 (restart 0) KSP residual norm 7.008146e-08
 44 (restart 0) KSP residual norm 4.981219e-08
GMRES solver converged in 44 iterations (avg. reduction factor: 6.556e-01)
  Residual norms for GMRES solve
  0 (restart 0) KSP residual norm 5.633002e+00
  1 (restart 0) KSP residual norm 5.033590e+00
  2 (restart 0) KSP residual norm 4.573079e+00
  3 (restart 0) KSP residual norm 1.406410e+00
  4 (restart 0) KSP residual norm 1.112811e+00
  5 (restart 0) KSP residual norm 9.030203e-01
  6 (restart 0) KSP residual norm 5.402811e-01
  7 (restart 0) KSP residual norm 1.971930e-01
  8 (restart 0) KSP residual norm 4.091805e-02
  9 (restart 0) KSP residual norm 1.062668e-02
 10 (restart 0) KSP residual norm 2.975460e-03
 11 (restart 0) KSP residual norm 1.326609e-03
 12 (restart 0) KSP residual norm 6.760380e-04
 13 (restart 0) KSP residual norm 2.779383e-04
 14 (restart 0) KSP residual norm 1.124774e-04
 15 (restart 0) KSP residual norm 6.900083e-05
 16 (restart 0) KSP residual norm 4.610151e-05
 17 (restart 0) KSP residual norm 2.882301e-05
 18 (restart 0) KSP residual norm 1.941476e-05
 19 (restart 0) KSP residual norm 1.196770e-05
 20 (restart 0) KSP residual norm 7.094466e-06
 21 (restart 0) KSP residual norm 4.949474e-06
 22 (restart 0) KSP residual norm 3.807343e-06
 23 (restart 0) KSP residual norm 2.987678e-06
 24 (restart 0) KSP residual norm 2.383054e-06
 25 (restart 0) KSP residual norm 1.963241e-06
 26 (restart 0) KSP residual norm 1.574936e-06
 27 (restart 0) KSP residual norm 1.185928e-06
 28 (restart 0) KSP residual norm 9.420139e-07
 29 (restart 0) KSP residual norm 7.229557e-07
 30 (restart 0) KSP residual norm 5.187591e-07
 31 (restart 0) KSP residual norm 3.816143e-07
 32 (restart 0) KSP residual norm 2.920083e-07
 33 (restart 0) KSP residual norm 2.346510e-07
 34 (restart 0) KSP residual norm 1.959379e-07
 35 (restart 0) KSP residual norm 1.655865e-07
 36 (restart 0) KSP residual norm 1.423592e-07
 37 (restart 0) KSP residual norm 1.201510e-07
 38 (restart 0) KSP residual norm 9.638055e-08
 39 (restart 0) KSP residual norm 7.089800e-08
 40 (restart 0) KSP residual norm 5.084533e-08
GMRES solver converged in 40 iterations (avg. reduction factor: 6.293e-01)
  Residual norms for GMRES solve
  0 (restart 0) KSP residual norm 8.196472e+00
  1 (restart 0) KSP residual norm 6.751182e+00
  2 (restart 0) KSP residual norm 6.729714e+00
  3 (restart 0) KSP residual norm 1.798771e+00
  4 (restart 0) KSP residual norm 1.239148e+00
  5 (restart 0) KSP residual norm 9.087877e-01
  6 (restart 0) KSP residual norm 6.299108e-01
  7 (restart 0) KSP residual norm 3.236645e-01
  8 (restart 0) KSP residual norm 7.039795e-02
  9 (restart 0) KSP residual norm 1.472248e-02
 10 (restart 0) KSP residual norm 4.512145e-03
 11 (restart 0) KSP residual norm 1.683891e-03
 12 (restart 0) KSP residual norm 9.472147e-04
 13 (restart 0) KSP residual norm 4.991032e-04
 14 (restart 0) KSP residual norm 2.616202e-04
 15 (restart 0) KSP residual norm 1.776982e-04
 16 (restart 0) KSP residual norm 1.183984e-04
 17 (restart 0) KSP residual norm 7.612312e-05
 18 (restart 0) KSP residual norm 5.400920e-05
 19 (restart 0) KSP residual norm 3.667428e-05
 20 (restart 0) KSP residual norm 2.536228e-05
 21 (restart 0) KSP residual norm 1.868783e-05
 22 (restart 0) KSP residual norm 1.450376e-05
 23 (restart 0) KSP residual norm 1.138486e-05
 24 (restart 0) KSP residual norm 9.172905e-06
 25 (restart 0) KSP residual norm 7.437375e-06
 26 (restart 0) KSP residual norm 5.893727e-06
 27 (restart 0) KSP residual norm 4.567126e-06
 28 (restart 0) KSP residual norm 3.450450e-06
 29 (restart 0) KSP residual norm 2.578624e-06
 30 (restart 0) KSP residual norm 1.981057e-06
 31 (restart 0) KSP residual norm 1.577631e-06
 32 (restart 0) KSP residual norm 1.240898e-06
 33 (restart 0) KSP residual norm 1.007031e-06
 34 (restart 0) KSP residual norm 8.435729e-07
 35 (restart 0) KSP residual norm 7.062211e-07
 36 (restart 0) KSP residual norm 5.806740e-07
 37 (restart 0) KSP residual norm 4.661645e-07
 38 (restart 0) KSP residual norm 3.517855e-07
 39 (restart 0) KSP residual norm 2.593590e-07
 40 (restart 0) KSP residual norm 1.857370e-07
 41 (restart 0) KSP residual norm 1.300070e-07
 42 (restart 0) KSP residual norm 8.847140e-08
 43 (restart 0) KSP residual norm 5.951195e-08
GMRES solver converged in 43 iterations (avg. reduction factor: 6.467e-01)
  Residual norms for GMRES solve
  0 (restart 0) KSP residual norm 8.975891e+00
  1 (restart 0) KSP residual norm 5.495517e+00
  2 (restart 0) KSP residual norm 4.956324e+00
  3 (restart 0) KSP residual norm 2.062259e+00
  4 (restart 0) KSP residual norm 1.107616e+00
  5 (restart 0) KSP residual norm 1.080004e+00
  6 (restart 0) KSP residual norm 8.737025e-01
  7 (restart 0) KSP residual norm 3.714837e-01
  8 (restart 0) KSP residual norm 7.477434e-02
  9 (restart 0) KSP residual norm 1.569711e-02
 10 (restart 0) KSP residual norm 4.956294e-03
 11 (restart 0) KSP residual norm 1.832273e-03
 12 (restart 0) KSP residual norm 9.761135e-04
 13 (restart 0) KSP residual norm 3.865362e-04
 14 (restart 0) KSP residual norm 1.629801e-04
 15 (restart 0) KSP residual norm 8.322673e-05
 16 (restart 0) KSP residual norm 5.170148e-05
 17 (restart 0) KSP residual norm 3.283267e-05
 18 (restart 0) KSP residual norm 2.043062e-05
 19 (restart 0) KSP residual norm 1.253156e-05
 20 (restart 0) KSP residual norm 7.192914e-06
 21 (restart 0) KSP residual norm 4.432175e-06
 22 (restart 0) KSP residual norm 3.046737e-06
 23 (restart 0) KSP residual norm 2.346655e-06
 24 (restart 0) KSP residual norm 1.935789e-06
 25 (restart 0) KSP residual norm 1.628580e-06
 26 (restart 0) KSP residual norm 1.319614e-06
 27 (restart 0) KSP residual norm 1.016528e-06
 28 (restart 0) KSP residual norm 7.315658e-07
 29 (restart 0) KSP residual norm 5.455497e-07
 30 (restart 0) KSP residual norm 3.955776e-07
 31 (restart 0) KSP residual norm 3.034813e-07
 32 (restart 0) KSP residual norm 2.423741e-07
 33 (restart 0) KSP residual norm 2.019320e-07
 34 (restart 0) KSP residual norm 1.694203e-07
 35 (restart 0) KSP residual norm 1.436224e-07
 36 (restart 0) KSP residual norm 1.158981e-07
 37 (restart 0) KSP residual norm 8.986871e-08
 38 (restart 0) KSP residual norm 6.594410e-08
GMRES solver converged in 38 iterations (avg. reduction factor: 6.109e-01)
  Residual norms for GMRES solve
  0 (restart 0) KSP residual norm 8.790066e+00
  1 (restart 0) KSP residual norm 7.654462e+00
  2 (restart 0) KSP residual norm 7.547531e+00
  3 (restart 0) KSP residual norm 2.272899e+00
  4 (restart 0) KSP residual norm 1.435148e+00
  5 (restart 0) KSP residual norm 1.407970e+00
  6 (restart 0) KSP residual norm 9.095219e-01
  7 (restart 0) KSP residual norm 3.202966e-01
  8 (restart 0) KSP residual norm 6.576781e-02
  9 (restart 0) KSP residual norm 1.594890e-02
 10 (restart 0) KSP residual norm 5.146663e-03
 11 (restart 0) KSP residual norm 2.262587e-03
 12 (restart 0) KSP residual norm 1.174387e-03
 13 (restart 0) KSP residual norm 5.782696e-04
 14 (restart 0) KSP residual norm 3.266902e-04
 15 (restart 0) KSP residual norm 2.242713e-04
 16 (restart 0) KSP residual norm 1.453053e-04
 17 (restart 0) KSP residual norm 9.874528e-05
 18 (restart 0) KSP residual norm 6.855855e-05
 19 (restart 0) KSP residual norm 4.972416e-05
 20 (restart 0) KSP residual norm 3.638995e-05
 21 (restart 0) KSP residual norm 2.723913e-05
 22 (restart 0) KSP residual norm 2.097442e-05
 23 (restart 0) KSP residual norm 1.658458e-05
 24 (restart 0) KSP residual norm 1.352048e-05
 25 (restart 0) KSP residual norm 1.103478e-05
 26 (restart 0) KSP residual norm 8.737490e-06
 27 (restart 0) KSP residual norm 6.768462e-06
 28 (restart 0) KSP residual norm 5.151455e-06
 29 (restart 0) KSP residual norm 3.790971e-06
 30 (restart 0) KSP residual norm 2.871959e-06
 31 (restart 0) KSP residual norm 2.233828e-06
 32 (restart 0) KSP residual norm 1.819047e-06
 33 (restart 0) KSP residual norm 1.506596e-06
 34 (restart 0) KSP residual norm 1.254448e-06
 35 (restart 0) KSP residual norm 1.047625e-06
 36 (restart 0) KSP residual norm 8.604836e-07
 37 (restart 0) KSP residual norm 6.838603e-07
 38 (restart 0) KSP residual norm 5.107550e-07
 39 (restart 0) KSP residual norm 3.745782e-07
 40 (restart 0) KSP residual norm 2.567336e-07
 41 (restart 0) KSP residual norm 1.757842e-07
 42 (restart 0) KSP residual norm 1.207211e-07
 43 (restart 0) KSP residual norm 8.318640e-08
GMRES solver converged in 43 iterations (avg. reduction factor: 6.507e-01)
  Residual norms for GMRES solve
  0 (restart 0) KSP residual norm 7.313444e+00
  1 (restart 0) KSP residual norm 4.277913e+00
  2 (restart 0) KSP residual norm 3.902644e+00
  3 (restart 0) KSP residual norm 1.434515e+00
  4 (restart 0) KSP residual norm 4.534509e-01
  5 (restart 0) KSP residual norm 2.335440e-01
  6 (restart 0) KSP residual norm 2.164999e-01
  7 (restart 0) KSP residual norm 1.709580e-01
  8 (restart 0) KSP residual norm 5.506710e-02
  9 (restart 0) KSP residual norm 1.303222e-02
 10 (restart 0) KSP residual norm 3.788459e-03
 11 (restart 0) KSP residual norm 1.819885e-03
 12 (restart 0) KSP residual norm 9.753133e-04
 13 (restart 0) KSP residual norm 4.663864e-04
 14 (restart 0) KSP residual norm 2.304615e-04
 15 (restart 0) KSP residual norm 1.607281e-04
 16 (restart 0) KSP residual norm 1.038848e-04
 17 (restart 0) KSP residual norm 6.601222e-05
 18 (restart 0) KSP residual norm 4.954829e-05
 19 (restart 0) KSP residual norm 3.454303e-05
 20 (restart 0) KSP residual norm 2.448796e-05
 21 (restart 0) KSP residual norm 1.821660e-05
 22 (restart 0) KSP residual norm 1.448784e-05
 23 (restart 0) KSP residual norm 1.161358e-05
 24 (restart 0) KSP residual norm 9.330715e-06
 25 (restart 0) KSP residual norm 7.758822e-06
 26 (restart 0) KSP residual norm 6.142934e-06
 27 (restart 0) KSP residual norm 4.700980e-06
 28 (restart 0) KSP residual norm 3.567454e-06
 29 (restart 0) KSP residual norm 2.598803e-06
 30 (restart 0) KSP residual norm 1.976888e-06
 31 (restart 0) KSP residual norm 1.576296e-06
 32 (restart 0) KSP residual norm 1.286560e-06
 33 (restart 0) KSP residual norm 1.072953e-06
 34 (restart 0) KSP residual norm 8.975748e-07
 35 (restart 0) KSP residual norm 7.363831e-07
 36 (restart 0) KSP residual norm 6.042409e-07
 37 (restart 0) KSP residual norm 4.650308e-07
 38 (restart 0) KSP residual norm 3.347813e-07
 39 (restart 0) KSP residual norm 2.411490e-07
 40 (restart 0) KSP residual norm 1.668416e-07
 41 (restart 0) KSP residual norm 1.136543e-07
 42 (restart 0) KSP residual norm 7.902466e-08
 43 (restart 0) KSP residual norm 5.298929e-08
GMRES solver converged in 43 iterations (avg. reduction factor: 6.467e-01)
  Residual norms for GMRES solve
  0 (restart 0) KSP residual norm 6.485056e+00
  1 (restart 0) KSP residual norm 4.304400e+00
  2 (restart 0) KSP residual norm 4.209243e+00
  3 (restart 0) KSP residual norm 1.355827e+00
  4 (restart 0) KSP residual norm 8.376386e-01
  5 (restart 0) KSP residual norm 7.338623e-01
  6 (restart 0) KSP residual norm 5.012626e-01
  7 (restart 0) KSP residual norm 2.376752e-01
  8 (restart 0) KSP residual norm 6.194503e-02
  9 (restart 0) KSP residual norm 1.233262e-02
 10 (restart 0) KSP residual norm 3.708646e-03
 11 (restart 0) KSP residual norm 1.774247e-03
 12 (restart 0) KSP residual norm 1.066301e-03
 13 (restart 0) KSP residual norm 6.157994e-04
 14 (restart 0) KSP residual norm 3.759250e-04
 15 (restart 0) KSP residual norm 2.585430e-04
 16 (restart 0) KSP residual norm 1.670398e-04
 17 (restart 0) KSP residual norm 1.131095e-04
 18 (restart 0) KSP residual norm 7.957058e-05
 19 (restart 0) KSP residual norm 5.784151e-05
 20 (restart 0) KSP residual norm 4.119916e-05
 21 (restart 0) KSP residual norm 3.155334e-05
 22 (restart 0) KSP residual norm 2.495761e-05
 23 (restart 0) KSP residual norm 1.981770e-05
 24 (restart 0) KSP residual norm 1.595787e-05
 25 (restart 0) KSP residual norm 1.293978e-05
 26 (restart 0) KSP residual norm 1.026906e-05
 27 (restart 0) KSP residual norm 8.060954e-06
 28 (restart 0) KSP residual norm 5.876421e-06
 29 (restart 0) KSP residual norm 4.413766e-06
 30 (restart 0) KSP residual norm 3.362624e-06
 31 (restart 0) KSP residual norm 2.670062e-06
 32 (restart 0) KSP residual norm 2.173373e-06
 33 (restart 0) KSP residual norm 1.786638e-06
 34 (restart 0) KSP residual norm 1.506149e-06
 35 (restart 0) KSP residual norm 1.262551e-06
 36 (restart 0) KSP residual norm 1.025195e-06
 37 (restart 0) KSP residual norm 8.091635e-07
 38 (restart 0) KSP residual norm 6.077289e-07
 39 (restart 0) KSP residual norm 4.323544e-07
 40 (restart 0) KSP residual norm 3.113090e-07
 41 (restart 0) KSP residual norm 2.176282e-07
 42 (restart 0) KSP residual norm 1.495560e-07
 43 (restart 0) KSP residual norm 1.042583e-07
 44 (restart 0) KSP residual norm 7.356692e-08
 45 (restart 0) KSP residual norm 5.467381e-08
GMRES solver converged in 45 iterations (avg. reduction factor: 6.616e-01)
  2 EPS nconv=6 first unconverged value (error) 2.15682e-06+0.361723i (3.02783597e-02)
  Residual norms for GMRES solve
  0 (restart 0) KSP residual norm 6.843706e+00
  1 (restart 0) KSP residual norm 4.820466e+00
  2 (restart 0) KSP residual norm 4.792125e+00
  3 (restart 0) KSP residual norm 1.698824e+00
  4 (restart 0) KSP residual norm 1.048083e+00
  5 (restart 0) KSP residual norm 8.356960e-01
  6 (restart 0) KSP residual norm 4.920478e-01
  7 (restart 0) KSP residual norm 1.596700e-01
  8 (restart 0) KSP residual norm 5.605027e-02
  9 (restart 0) KSP residual norm 1.094290e-02
 10 (restart 0) KSP residual norm 3.773553e-03
 11 (restart 0) KSP residual norm 1.743105e-03
 12 (restart 0) KSP residual norm 9.373221e-04
 13 (restart 0) KSP residual norm 4.002988e-04
 14 (restart 0) KSP residual norm 1.407342e-04
 15 (restart 0) KSP residual norm 7.572914e-05
 16 (restart 0) KSP residual norm 4.722169e-05
 17 (restart 0) KSP residual norm 3.065591e-05
 18 (restart 0) KSP residual norm 2.214830e-05
 19 (restart 0) KSP residual norm 1.539915e-05
 20 (restart 0) KSP residual norm 1.085685e-05
 21 (restart 0) KSP residual norm 8.342235e-06
 22 (restart 0) KSP residual norm 6.478234e-06
 23 (restart 0) KSP residual norm 5.170989e-06
 24 (restart 0) KSP residual norm 4.239468e-06
 25 (restart 0) KSP residual norm 3.473186e-06
 26 (restart 0) KSP residual norm 2.665197e-06
 27 (restart 0) KSP residual norm 2.012823e-06
 28 (restart 0) KSP residual norm 1.532002e-06
 29 (restart 0) KSP residual norm 1.127816e-06
 30 (restart 0) KSP residual norm 8.075230e-07
 31 (restart 0) KSP residual norm 6.007184e-07
 32 (restart 0) KSP residual norm 4.793152e-07
 33 (restart 0) KSP residual norm 4.076660e-07
 34 (restart 0) KSP residual norm 3.533350e-07
 35 (restart 0) KSP residual norm 2.999292e-07
 36 (restart 0) KSP residual norm 2.489437e-07
 37 (restart 0) KSP residual norm 1.949653e-07
 38 (restart 0) KSP residual norm 1.451575e-07
 39 (restart 0) KSP residual norm 1.025647e-07
 40 (restart 0) KSP residual norm 7.006127e-08
 41 (restart 0) KSP residual norm 4.638545e-08
GMRES solver converged in 41 iterations (avg. reduction factor: 6.321e-01)
  Residual norms for GMRES solve
  0 (restart 0) KSP residual norm 8.899675e+00
  1 (restart 0) KSP residual norm 6.551942e+00
  2 (restart 0) KSP residual norm 6.131473e+00
  3 (restart 0) KSP residual norm 2.955392e+00
  4 (restart 0) KSP residual norm 1.872698e+00
  5 (restart 0) KSP residual norm 1.477818e+00
  6 (restart 0) KSP residual norm 1.237738e+00
  7 (restart 0) KSP residual norm 4.091973e-01
  8 (restart 0) KSP residual norm 8.390030e-02
  9 (restart 0) KSP residual norm 2.085370e-02
 10 (restart 0) KSP residual norm 6.677363e-03
 11 (restart 0) KSP residual norm 2.612738e-03
 12 (restart 0) KSP residual norm 1.201916e-03
 13 (restart 0) KSP residual norm 5.256663e-04
 14 (restart 0) KSP residual norm 2.248489e-04
 15 (restart 0) KSP residual norm 1.379892e-04
 16 (restart 0) KSP residual norm 8.254212e-05
 17 (restart 0) KSP residual norm 5.277808e-05
 18 (restart 0) KSP residual norm 3.245649e-05
 19 (restart 0) KSP residual norm 1.901786e-05
 20 (restart 0) KSP residual norm 1.081677e-05
 21 (restart 0) KSP residual norm 6.046462e-06
 22 (restart 0) KSP residual norm 3.757892e-06
 23 (restart 0) KSP residual norm 2.588044e-06
 24 (restart 0) KSP residual norm 1.859913e-06
 25 (restart 0) KSP residual norm 1.429737e-06
 26 (restart 0) KSP residual norm 1.087016e-06
 27 (restart 0) KSP residual norm 8.012670e-07
 28 (restart 0) KSP residual norm 5.935708e-07
 29 (restart 0) KSP residual norm 4.451228e-07
 30 (restart 0) KSP residual norm 3.356017e-07
 31 (restart 0) KSP residual norm 2.536891e-07
 32 (restart 0) KSP residual norm 1.899942e-07
 33 (restart 0) KSP residual norm 1.425502e-07
 34 (restart 0) KSP residual norm 1.100875e-07
 35 (restart 0) KSP residual norm 8.393029e-08
GMRES solver converged in 35 iterations (avg. reduction factor: 5.898e-01)
  Residual norms for GMRES solve
  0 (restart 0) KSP residual norm 1.214392e+01
  1 (restart 0) KSP residual norm 7.980918e+00
  2 (restart 0) KSP residual norm 7.951376e+00
  3 (restart 0) KSP residual norm 4.615913e+00
  4 (restart 0) KSP residual norm 3.078380e+00
  5 (restart 0) KSP residual norm 2.676935e+00
  6 (restart 0) KSP residual norm 1.912844e+00
  7 (restart 0) KSP residual norm 5.637491e-01
  8 (restart 0) KSP residual norm 1.027865e-01
  9 (restart 0) KSP residual norm 3.003637e-02
 10 (restart 0) KSP residual norm 9.462883e-03
 11 (restart 0) KSP residual norm 3.976406e-03
 12 (restart 0) KSP residual norm 1.911816e-03
 13 (restart 0) KSP residual norm 7.872450e-04
 14 (restart 0) KSP residual norm 3.783951e-04
 15 (restart 0) KSP residual norm 2.549930e-04
 16 (restart 0) KSP residual norm 1.503991e-04
 17 (restart 0) KSP residual norm 9.516455e-05
 18 (restart 0) KSP residual norm 5.723441e-05
 19 (restart 0) KSP residual norm 3.382171e-05
 20 (restart 0) KSP residual norm 1.808244e-05
 21 (restart 0) KSP residual norm 1.043347e-05
 22 (restart 0) KSP residual norm 6.822667e-06
 23 (restart 0) KSP residual norm 4.743644e-06
 24 (restart 0) KSP residual norm 3.336974e-06
 25 (restart 0) KSP residual norm 2.362859e-06
 26 (restart 0) KSP residual norm 1.797053e-06
 27 (restart 0) KSP residual norm 1.317932e-06
 28 (restart 0) KSP residual norm 1.011491e-06
 29 (restart 0) KSP residual norm 8.053811e-07
 30 (restart 0) KSP residual norm 6.870964e-07
 31 (restart 0) KSP residual norm 5.770045e-07
 32 (restart 0) KSP residual norm 4.880430e-07
 33 (restart 0) KSP residual norm 4.000018e-07
 34 (restart 0) KSP residual norm 3.186416e-07
 35 (restart 0) KSP residual norm 2.319405e-07
 36 (restart 0) KSP residual norm 1.667548e-07
 37 (restart 0) KSP residual norm 1.190425e-07
GMRES solver converged in 37 iterations (avg. reduction factor: 6.075e-01)
  Residual norms for GMRES solve
  0 (restart 0) KSP residual norm 1.050581e+01
  1 (restart 0) KSP residual norm 5.835754e+00
  2 (restart 0) KSP residual norm 5.825681e+00
  3 (restart 0) KSP residual norm 2.111880e+00
  4 (restart 0) KSP residual norm 1.687713e+00
  5 (restart 0) KSP residual norm 1.687342e+00
  6 (restart 0) KSP residual norm 1.179078e+00
  7 (restart 0) KSP residual norm 2.679473e-01
  8 (restart 0) KSP residual norm 4.909785e-02
  9 (restart 0) KSP residual norm 1.470812e-02
 10 (restart 0) KSP residual norm 4.649615e-03
 11 (restart 0) KSP residual norm 2.133785e-03
 12 (restart 0) KSP residual norm 1.037935e-03
 13 (restart 0) KSP residual norm 3.968413e-04
 14 (restart 0) KSP residual norm 1.838760e-04
 15 (restart 0) KSP residual norm 1.143309e-04
 16 (restart 0) KSP residual norm 6.874488e-05
 17 (restart 0) KSP residual norm 4.238159e-05
 18 (restart 0) KSP residual norm 2.769678e-05
 19 (restart 0) KSP residual norm 1.850430e-05
 20 (restart 0) KSP residual norm 1.183359e-05
 21 (restart 0) KSP residual norm 9.065699e-06
 22 (restart 0) KSP residual norm 7.456503e-06
 23 (restart 0) KSP residual norm 6.275463e-06
 24 (restart 0) KSP residual norm 5.096738e-06
 25 (restart 0) KSP residual norm 4.048907e-06
 26 (restart 0) KSP residual norm 3.001240e-06
 27 (restart 0) KSP residual norm 2.257426e-06
 28 (restart 0) KSP residual norm 1.628698e-06
 29 (restart 0) KSP residual norm 1.186152e-06
 30 (restart 0) KSP residual norm 9.272098e-07
 31 (restart 0) KSP residual norm 6.807055e-07
 32 (restart 0) KSP residual norm 5.539740e-07
 33 (restart 0) KSP residual norm 4.677432e-07
 34 (restart 0) KSP residual norm 4.037184e-07
 35 (restart 0) KSP residual norm 3.432832e-07
 36 (restart 0) KSP residual norm 2.739965e-07
 37 (restart 0) KSP residual norm 2.080418e-07
 38 (restart 0) KSP residual norm 1.500502e-07
 39 (restart 0) KSP residual norm 1.094481e-07
 40 (restart 0) KSP residual norm 7.688693e-08
GMRES solver converged in 40 iterations (avg. reduction factor: 6.261e-01)
  Residual norms for GMRES solve
  0 (restart 0) KSP residual norm 7.706593e+00
  1 (restart 0) KSP residual norm 7.117161e+00
  2 (restart 0) KSP residual norm 6.068060e+00
  3 (restart 0) KSP residual norm 1.331271e+00
  4 (restart 0) KSP residual norm 8.533495e-01
  5 (restart 0) KSP residual norm 8.205080e-01
  6 (restart 0) KSP residual norm 5.253308e-01
  7 (restart 0) KSP residual norm 2.058591e-01
  8 (restart 0) KSP residual norm 4.756021e-02
  9 (restart 0) KSP residual norm 1.157182e-02
 10 (restart 0) KSP residual norm 3.743934e-03
 11 (restart 0) KSP residual norm 1.901179e-03
 12 (restart 0) KSP residual norm 9.399023e-04
 13 (restart 0) KSP residual norm 3.499621e-04
 14 (restart 0) KSP residual norm 1.727126e-04
 15 (restart 0) KSP residual norm 1.193608e-04
 16 (restart 0) KSP residual norm 7.717827e-05
 17 (restart 0) KSP residual norm 5.058294e-05
 18 (restart 0) KSP residual norm 3.810762e-05
 19 (restart 0) KSP residual norm 2.728277e-05
 20 (restart 0) KSP residual norm 1.959954e-05
 21 (restart 0) KSP residual norm 1.536227e-05
 22 (restart 0) KSP residual norm 1.185422e-05
 23 (restart 0) KSP residual norm 9.657164e-06
 24 (restart 0) KSP residual norm 8.012369e-06
 25 (restart 0) KSP residual norm 6.383381e-06
 26 (restart 0) KSP residual norm 5.006418e-06
 27 (restart 0) KSP residual norm 3.763631e-06
 28 (restart 0) KSP residual norm 2.696475e-06
 29 (restart 0) KSP residual norm 1.973769e-06
 30 (restart 0) KSP residual norm 1.456712e-06
 31 (restart 0) KSP residual norm 1.133871e-06
 32 (restart 0) KSP residual norm 9.516848e-07
 33 (restart 0) KSP residual norm 8.263861e-07
 34 (restart 0) KSP residual norm 7.138632e-07
 35 (restart 0) KSP residual norm 5.963564e-07
 36 (restart 0) KSP residual norm 4.744924e-07
 37 (restart 0) KSP residual norm 3.666990e-07
 38 (restart 0) KSP residual norm 2.610078e-07
 39 (restart 0) KSP residual norm 1.840727e-07
 40 (restart 0) KSP residual norm 1.294076e-07
 41 (restart 0) KSP residual norm 8.586925e-08
 42 (restart 0) KSP residual norm 5.856822e-08
GMRES solver converged in 42 iterations (avg. reduction factor: 6.407e-01)
  Residual norms for GMRES solve
  0 (restart 0) KSP residual norm 8.197769e+00
  1 (restart 0) KSP residual norm 7.940720e+00
  2 (restart 0) KSP residual norm 5.652917e+00
  3 (restart 0) KSP residual norm 1.626011e+00
  4 (restart 0) KSP residual norm 9.547964e-01
  5 (restart 0) KSP residual norm 8.780931e-01
  6 (restart 0) KSP residual norm 4.109331e-01
  7 (restart 0) KSP residual norm 1.548486e-01
  8 (restart 0) KSP residual norm 5.013318e-02
  9 (restart 0) KSP residual norm 1.254307e-02
 10 (restart 0) KSP residual norm 3.701099e-03
 11 (restart 0) KSP residual norm 2.036983e-03
 12 (restart 0) KSP residual norm 1.099850e-03
 13 (restart 0) KSP residual norm 4.146770e-04
 14 (restart 0) KSP residual norm 1.401595e-04
 15 (restart 0) KSP residual norm 7.597012e-05
 16 (restart 0) KSP residual norm 4.770958e-05
 17 (restart 0) KSP residual norm 2.832623e-05
 18 (restart 0) KSP residual norm 2.131000e-05
 19 (restart 0) KSP residual norm 1.422255e-05
 20 (restart 0) KSP residual norm 9.003351e-06
 21 (restart 0) KSP residual norm 6.668605e-06
 22 (restart 0) KSP residual norm 5.142337e-06
 23 (restart 0) KSP residual norm 3.956287e-06
 24 (restart 0) KSP residual norm 3.272392e-06
 25 (restart 0) KSP residual norm 2.696788e-06
 26 (restart 0) KSP residual norm 2.191358e-06
 27 (restart 0) KSP residual norm 1.695949e-06
 28 (restart 0) KSP residual norm 1.270492e-06
 29 (restart 0) KSP residual norm 9.126303e-07
 30 (restart 0) KSP residual norm 6.907521e-07
 31 (restart 0) KSP residual norm 5.147910e-07
 32 (restart 0) KSP residual norm 3.881061e-07
 33 (restart 0) KSP residual norm 3.222475e-07
 34 (restart 0) KSP residual norm 2.782452e-07
 35 (restart 0) KSP residual norm 2.385341e-07
 36 (restart 0) KSP residual norm 2.014440e-07
 37 (restart 0) KSP residual norm 1.629032e-07
 38 (restart 0) KSP residual norm 1.213385e-07
 39 (restart 0) KSP residual norm 8.388039e-08
 40 (restart 0) KSP residual norm 5.628083e-08
GMRES solver converged in 40 iterations (avg. reduction factor: 6.251e-01)
  Residual norms for GMRES solve
  0 (restart 0) KSP residual norm 8.091266e+00
  1 (restart 0) KSP residual norm 6.934357e+00
  2 (restart 0) KSP residual norm 6.859798e+00
  3 (restart 0) KSP residual norm 2.158073e+00
  4 (restart 0) KSP residual norm 1.645305e+00
  5 (restart 0) KSP residual norm 1.353862e+00
  6 (restart 0) KSP residual norm 7.452314e-01
  7 (restart 0) KSP residual norm 2.882030e-01
  8 (restart 0) KSP residual norm 6.412632e-02
  9 (restart 0) KSP residual norm 1.528868e-02
 10 (restart 0) KSP residual norm 4.628391e-03
 11 (restart 0) KSP residual norm 1.980219e-03
 12 (restart 0) KSP residual norm 9.797386e-04
 13 (restart 0) KSP residual norm 4.432652e-04
 14 (restart 0) KSP residual norm 1.939080e-04
 15 (restart 0) KSP residual norm 1.219237e-04
 16 (restart 0) KSP residual norm 8.393543e-05
 17 (restart 0) KSP residual norm 5.502243e-05
 18 (restart 0) KSP residual norm 3.667450e-05
 19 (restart 0) KSP residual norm 2.170176e-05
 20 (restart 0) KSP residual norm 1.448534e-05
 21 (restart 0) KSP residual norm 1.053276e-05
 22 (restart 0) KSP residual norm 8.201273e-06
 23 (restart 0) KSP residual norm 6.544656e-06
 24 (restart 0) KSP residual norm 5.239194e-06
 25 (restart 0) KSP residual norm 4.261582e-06
 26 (restart 0) KSP residual norm 3.356809e-06
 27 (restart 0) KSP residual norm 2.587325e-06
 28 (restart 0) KSP residual norm 1.960768e-06
 29 (restart 0) KSP residual norm 1.428855e-06
 30 (restart 0) KSP residual norm 1.069665e-06
 31 (restart 0) KSP residual norm 7.974775e-07
 32 (restart 0) KSP residual norm 6.151750e-07
 33 (restart 0) KSP residual norm 5.007730e-07
 34 (restart 0) KSP residual norm 4.216488e-07
 35 (restart 0) KSP residual norm 3.579548e-07
 36 (restart 0) KSP residual norm 3.089250e-07
 37 (restart 0) KSP residual norm 2.542438e-07
 38 (restart 0) KSP residual norm 1.955073e-07
 39 (restart 0) KSP residual norm 1.462379e-07
 40 (restart 0) KSP residual norm 1.063507e-07
 41 (restart 0) KSP residual norm 7.351353e-08
GMRES solver converged in 41 iterations (avg. reduction factor: 6.366e-01)
  Residual norms for GMRES solve
  0 (restart 0) KSP residual norm 8.436654e+00
  1 (restart 0) KSP residual norm 8.435359e+00
  2 (restart 0) KSP residual norm 6.814590e+00
  3 (restart 0) KSP residual norm 1.807947e+00
  4 (restart 0) KSP residual norm 1.789585e+00
  5 (restart 0) KSP residual norm 8.280364e-01
  6 (restart 0) KSP residual norm 5.042983e-01
  7 (restart 0) KSP residual norm 2.632923e-01
  8 (restart 0) KSP residual norm 5.797310e-02
  9 (restart 0) KSP residual norm 1.383201e-02
 10 (restart 0) KSP residual norm 3.863529e-03
 11 (restart 0) KSP residual norm 1.688775e-03
 12 (restart 0) KSP residual norm 1.007366e-03
 13 (restart 0) KSP residual norm 5.302315e-04
 14 (restart 0) KSP residual norm 2.448783e-04
 15 (restart 0) KSP residual norm 1.682882e-04
 16 (restart 0) KSP residual norm 1.135277e-04
 17 (restart 0) KSP residual norm 7.291284e-05
 18 (restart 0) KSP residual norm 5.080346e-05
 19 (restart 0) KSP residual norm 3.451960e-05
 20 (restart 0) KSP residual norm 2.399455e-05
 21 (restart 0) KSP residual norm 1.864252e-05
 22 (restart 0) KSP residual norm 1.528177e-05
 23 (restart 0) KSP residual norm 1.236942e-05
 24 (restart 0) KSP residual norm 9.967828e-06
 25 (restart 0) KSP residual norm 8.038932e-06
 26 (restart 0) KSP residual norm 6.238265e-06
 27 (restart 0) KSP residual norm 4.590735e-06
 28 (restart 0) KSP residual norm 3.426578e-06
 29 (restart 0) KSP residual norm 2.469146e-06
 30 (restart 0) KSP residual norm 1.875635e-06
 31 (restart 0) KSP residual norm 1.481648e-06
 32 (restart 0) KSP residual norm 1.220364e-06
 33 (restart 0) KSP residual norm 1.053087e-06
 34 (restart 0) KSP residual norm 9.037334e-07
 35 (restart 0) KSP residual norm 7.679811e-07
 36 (restart 0) KSP residual norm 6.284282e-07
 37 (restart 0) KSP residual norm 4.780311e-07
 38 (restart 0) KSP residual norm 3.429697e-07
 39 (restart 0) KSP residual norm 2.386099e-07
 40 (restart 0) KSP residual norm 1.617384e-07
 41 (restart 0) KSP residual norm 1.134765e-07
 42 (restart 0) KSP residual norm 7.786529e-08
GMRES solver converged in 42 iterations (avg. reduction factor: 6.437e-01)
  Residual norms for GMRES solve
  0 (restart 0) KSP residual norm 9.324092e+00
  1 (restart 0) KSP residual norm 8.901709e+00
  2 (restart 0) KSP residual norm 7.450937e+00
  3 (restart 0) KSP residual norm 1.412919e+00
  4 (restart 0) KSP residual norm 1.143341e+00
  5 (restart 0) KSP residual norm 1.074484e+00
  6 (restart 0) KSP residual norm 7.861406e-01
  7 (restart 0) KSP residual norm 3.032546e-01
  8 (restart 0) KSP residual norm 5.849715e-02
  9 (restart 0) KSP residual norm 1.330304e-02
 10 (restart 0) KSP residual norm 4.005649e-03
 11 (restart 0) KSP residual norm 1.960284e-03
 12 (restart 0) KSP residual norm 9.352322e-04
 13 (restart 0) KSP residual norm 4.049718e-04
 14 (restart 0) KSP residual norm 1.774185e-04
 15 (restart 0) KSP residual norm 1.141556e-04
 16 (restart 0) KSP residual norm 7.822224e-05
 17 (restart 0) KSP residual norm 4.830029e-05
 18 (restart 0) KSP residual norm 3.519142e-05
 19 (restart 0) KSP residual norm 2.470770e-05
 20 (restart 0) KSP residual norm 1.721905e-05
 21 (restart 0) KSP residual norm 1.312911e-05
 22 (restart 0) KSP residual norm 1.046239e-05
 23 (restart 0) KSP residual norm 8.397859e-06
 24 (restart 0) KSP residual norm 6.864656e-06
 25 (restart 0) KSP residual norm 5.485040e-06
 26 (restart 0) KSP residual norm 4.256836e-06
 27 (restart 0) KSP residual norm 3.272689e-06
 28 (restart 0) KSP residual norm 2.494650e-06
 29 (restart 0) KSP residual norm 1.801347e-06
 30 (restart 0) KSP residual norm 1.285293e-06
 31 (restart 0) KSP residual norm 9.863752e-07
 32 (restart 0) KSP residual norm 8.026059e-07
 33 (restart 0) KSP residual norm 6.645071e-07
 34 (restart 0) KSP residual norm 5.737727e-07
 35 (restart 0) KSP residual norm 4.847943e-07
 36 (restart 0) KSP residual norm 3.984890e-07
 37 (restart 0) KSP residual norm 3.211787e-07
 38 (restart 0) KSP residual norm 2.467062e-07
 39 (restart 0) KSP residual norm 1.750682e-07
 40 (restart 0) KSP residual norm 1.208452e-07
 41 (restart 0) KSP residual norm 8.240113e-08
GMRES solver converged in 41 iterations (avg. reduction factor: 6.362e-01)
  3 EPS nconv=10 first unconverged value (error) -6.43736e-05+0.391876i (1.19400552e-02)

 Linear eigensolve converged (10 eigenpairs) due to CONVERGED_TOL; iterations 3
 Total number of linear systems solved: 41
 Total number of linear solver iterations: 1695
 Found 10 converged eigenvalues (first = -3.325e-04+8.805e+00i)

 Refining eigenvalues with Quasi-Newton solver
  Residual norms for GMRES solve
  0 (restart 0) KSP residual norm 3.648804e+01
  1 (restart 0) KSP residual norm 2.010093e+00
  2 (restart 0) KSP residual norm 4.182724e-01
  3 (restart 0) KSP residual norm 3.499442e-01
  4 (restart 0) KSP residual norm 2.658111e-01
  5 (restart 0) KSP residual norm 2.611484e-01
  6 (restart 0) KSP residual norm 2.363387e-01
  7 (restart 0) KSP residual norm 1.633151e-01
  8 (restart 0) KSP residual norm 1.058489e-01
  9 (restart 0) KSP residual norm 5.760938e-02
 10 (restart 0) KSP residual norm 3.394005e-02
 11 (restart 0) KSP residual norm 2.795736e-02
 12 (restart 0) KSP residual norm 2.747917e-02
 13 (restart 0) KSP residual norm 1.834909e-02
 14 (restart 0) KSP residual norm 1.119116e-02
 15 (restart 0) KSP residual norm 1.012871e-02
 16 (restart 0) KSP residual norm 9.995538e-03
 17 (restart 0) KSP residual norm 9.345933e-03
 18 (restart 0) KSP residual norm 9.031562e-03
 19 (restart 0) KSP residual norm 8.965843e-03
 20 (restart 0) KSP residual norm 8.250100e-03
 21 (restart 0) KSP residual norm 8.023487e-03
 22 (restart 0) KSP residual norm 7.911746e-03
 23 (restart 0) KSP residual norm 7.877282e-03
 24 (restart 0) KSP residual norm 7.699007e-03
 25 (restart 0) KSP residual norm 7.690138e-03
 26 (restart 0) KSP residual norm 7.582304e-03
 27 (restart 0) KSP residual norm 7.383050e-03
 28 (restart 0) KSP residual norm 7.376062e-03
 29 (restart 0) KSP residual norm 7.117438e-03
 30 (restart 0) KSP residual norm 7.068926e-03
 31 (restart 0) KSP residual norm 6.764916e-03
 32 (restart 0) KSP residual norm 6.451368e-03
 33 (restart 0) KSP residual norm 6.345357e-03
 34 (restart 0) KSP residual norm 6.243368e-03
 35 (restart 0) KSP residual norm 5.898967e-03
 36 (restart 0) KSP residual norm 5.348113e-03
 37 (restart 0) KSP residual norm 4.794949e-03
 38 (restart 0) KSP residual norm 4.319436e-03
 39 (restart 0) KSP residual norm 3.760659e-03
 40 (restart 0) KSP residual norm 3.250679e-03
GMRES solver converged in 40 iterations (avg. reduction factor: 7.920e-01)
0 NLEPS (nconv=0, restart=0) residual norm 1.740098e-04
  Residual norms for GMRES solve
  0 (restart 0) KSP residual norm 4.895053e-07
  1 (restart 0) KSP residual norm 3.562399e-07
  2 (restart 0) KSP residual norm 1.308655e-07
  3 (restart 0) KSP residual norm 1.182538e-07
  4 (restart 0) KSP residual norm 8.709681e-08
  5 (restart 0) KSP residual norm 6.655746e-08
  6 (restart 0) KSP residual norm 6.069684e-08
  7 (restart 0) KSP residual norm 4.885655e-08
  8 (restart 0) KSP residual norm 4.623943e-08
  9 (restart 0) KSP residual norm 4.571394e-08
 10 (restart 0) KSP residual norm 4.337515e-08
 11 (restart 0) KSP residual norm 4.234038e-08
 12 (restart 0) KSP residual norm 4.226755e-08
 13 (restart 0) KSP residual norm 4.110207e-08
 14 (restart 0) KSP residual norm 4.090130e-08
 15 (restart 0) KSP residual norm 4.042898e-08
 16 (restart 0) KSP residual norm 4.003538e-08
 17 (restart 0) KSP residual norm 3.986915e-08
 18 (restart 0) KSP residual norm 3.922271e-08
 19 (restart 0) KSP residual norm 3.914350e-08
 20 (restart 0) KSP residual norm 3.869701e-08
 21 (restart 0) KSP residual norm 3.864862e-08
 22 (restart 0) KSP residual norm 3.855246e-08
 23 (restart 0) KSP residual norm 3.840041e-08
 24 (restart 0) KSP residual norm 3.835060e-08
 25 (restart 0) KSP residual norm 3.833419e-08
 26 (restart 0) KSP residual norm 3.831732e-08
 27 (restart 0) KSP residual norm 3.825097e-08
 28 (restart 0) KSP residual norm 3.804978e-08
 29 (restart 0) KSP residual norm 3.789645e-08
 30 (restart 0) KSP residual norm 3.786988e-08
 31 (restart 0) KSP residual norm 3.766860e-08
 32 (restart 0) KSP residual norm 3.749222e-08
 33 (restart 0) KSP residual norm 3.736907e-08
 34 (restart 0) KSP residual norm 3.719864e-08
 35 (restart 0) KSP residual norm 3.717784e-08
 36 (restart 0) KSP residual norm 3.715502e-08
 37 (restart 0) KSP residual norm 3.709385e-08
 38 (restart 0) KSP residual norm 3.692708e-08
 39 (restart 0) KSP residual norm 3.664973e-08
 40 (restart 0) KSP residual norm 3.547849e-08
 41 (restart 0) KSP residual norm 3.457798e-08
 42 (restart 0) KSP residual norm 3.343492e-08
 43 (restart 0) KSP residual norm 3.215954e-08
 44 (restart 0) KSP residual norm 3.051580e-08
 45 (restart 0) KSP residual norm 2.809103e-08
 46 (restart 0) KSP residual norm 2.483274e-08
 47 (restart 0) KSP residual norm 1.988783e-08
 48 (restart 0) KSP residual norm 1.478908e-08
 49 (restart 0) KSP residual norm 1.074104e-08
 50 (restart 0) KSP residual norm 7.725511e-09
 51 (restart 0) KSP residual norm 5.387661e-09
 52 (restart 0) KSP residual norm 3.781343e-09
 53 (restart 0) KSP residual norm 2.687212e-09
 54 (restart 0) KSP residual norm 1.814817e-09
 55 (restart 0) KSP residual norm 1.235658e-09
 56 (restart 0) KSP residual norm 8.489592e-10
 57 (restart 0) KSP residual norm 5.766608e-10
 58 (restart 0) KSP residual norm 4.013147e-10
 59 (restart 0) KSP residual norm 2.811687e-10
 60 (restart 0) KSP residual norm 1.918914e-10
 61 (restart 0) KSP residual norm 1.287322e-10
 62 (restart 0) KSP residual norm 8.636553e-11
 63 (restart 0) KSP residual norm 5.323279e-11
 64 (restart 0) KSP residual norm 3.226035e-11
GMRES solver converged in 64 iterations (avg. reduction factor: 8.603e-01)
1 NLEPS (nconv=0, restart=0) residual norm 3.957799e-07
  Residual norms for GMRES solve
  0 (restart 0) KSP residual norm 1.461095e-10
  1 (restart 0) KSP residual norm 1.137084e-10
  2 (restart 0) KSP residual norm 9.205683e-11
  3 (restart 0) KSP residual norm 8.149931e-11
  4 (restart 0) KSP residual norm 7.765177e-11
  5 (restart 0) KSP residual norm 6.532093e-11
  6 (restart 0) KSP residual norm 6.308596e-11
  7 (restart 0) KSP residual norm 6.184241e-11
  8 (restart 0) KSP residual norm 6.045449e-11
  9 (restart 0) KSP residual norm 5.564607e-11
 10 (restart 0) KSP residual norm 5.067436e-11
 11 (restart 0) KSP residual norm 4.911680e-11
 12 (restart 0) KSP residual norm 4.856599e-11
 13 (restart 0) KSP residual norm 4.563680e-11
 14 (restart 0) KSP residual norm 4.406303e-11
 15 (restart 0) KSP residual norm 4.344113e-11
 16 (restart 0) KSP residual norm 4.056421e-11
 17 (restart 0) KSP residual norm 3.783922e-11
 18 (restart 0) KSP residual norm 3.754315e-11
 19 (restart 0) KSP residual norm 3.602609e-11
 20 (restart 0) KSP residual norm 3.486650e-11
 21 (restart 0) KSP residual norm 3.355447e-11
 22 (restart 0) KSP residual norm 3.116623e-11
 23 (restart 0) KSP residual norm 3.047308e-11
 24 (restart 0) KSP residual norm 2.880902e-11
 25 (restart 0) KSP residual norm 2.819855e-11
 26 (restart 0) KSP residual norm 2.692585e-11
 27 (restart 0) KSP residual norm 2.627531e-11
 28 (restart 0) KSP residual norm 2.594300e-11
 29 (restart 0) KSP residual norm 2.585232e-11
 30 (restart 0) KSP residual norm 2.529682e-11
 31 (restart 0) KSP residual norm 2.516628e-11
 32 (restart 0) KSP residual norm 2.486524e-11
 33 (restart 0) KSP residual norm 2.434691e-11
 34 (restart 0) KSP residual norm 2.407328e-11
 35 (restart 0) KSP residual norm 2.384389e-11
 36 (restart 0) KSP residual norm 2.329291e-11
 37 (restart 0) KSP residual norm 2.323893e-11
 38 (restart 0) KSP residual norm 2.292173e-11
 39 (restart 0) KSP residual norm 2.265691e-11
 40 (restart 0) KSP residual norm 2.248635e-11
 41 (restart 0) KSP residual norm 2.237073e-11
 42 (restart 0) KSP residual norm 2.196156e-11
 43 (restart 0) KSP residual norm 2.181531e-11
 44 (restart 0) KSP residual norm 2.179860e-11
 45 (restart 0) KSP residual norm 2.170698e-11
 46 (restart 0) KSP residual norm 2.140180e-11
 47 (restart 0) KSP residual norm 2.127651e-11
 48 (restart 0) KSP residual norm 2.107852e-11
 49 (restart 0) KSP residual norm 2.090220e-11
 50 (restart 0) KSP residual norm 2.057961e-11
 51 (restart 0) KSP residual norm 2.042909e-11
 52 (restart 0) KSP residual norm 1.975181e-11
 53 (restart 0) KSP residual norm 1.884685e-11
 54 (restart 0) KSP residual norm 1.732594e-11
 55 (restart 0) KSP residual norm 1.550469e-11
 56 (restart 0) KSP residual norm 1.341283e-11
 57 (restart 0) KSP residual norm 1.046727e-11
 58 (restart 0) KSP residual norm 7.504945e-12
 59 (restart 0) KSP residual norm 5.399810e-12
 60 (restart 0) KSP residual norm 3.709493e-12
 61 (restart 0) KSP residual norm 2.491691e-12
 62 (restart 0) KSP residual norm 1.615881e-12
 63 (restart 0) KSP residual norm 1.047102e-12
 64 (restart 0) KSP residual norm 6.731061e-13
GMRES solver converged in 64 iterations (avg. reduction factor: 9.194e-01)
2 NLEPS (nconv=0, restart=0) residual norm 6.634337e-09
Eigenvalue 0, Quasi-Newton converged in 2 iterations (-3.325e-04+8.805e+00i).
  Residual norms for GMRES solve
  0 (restart 0) KSP residual norm 3.647160e+01
  1 (restart 0) KSP residual norm 2.008291e+00
  2 (restart 0) KSP residual norm 4.129251e-01
  3 (restart 0) KSP residual norm 3.433015e-01
  4 (restart 0) KSP residual norm 2.520475e-01
  5 (restart 0) KSP residual norm 2.435222e-01
  6 (restart 0) KSP residual norm 2.429035e-01
  7 (restart 0) KSP residual norm 2.427994e-01
  8 (restart 0) KSP residual norm 2.293850e-01
  9 (restart 0) KSP residual norm 1.460898e-01
 10 (restart 0) KSP residual norm 8.633272e-02
 11 (restart 0) KSP residual norm 6.449629e-02
 12 (restart 0) KSP residual norm 6.419446e-02
 13 (restart 0) KSP residual norm 5.503406e-02
 14 (restart 0) KSP residual norm 3.561542e-02
 15 (restart 0) KSP residual norm 2.911154e-02
 16 (restart 0) KSP residual norm 2.849024e-02
 17 (restart 0) KSP residual norm 2.835407e-02
 18 (restart 0) KSP residual norm 2.824685e-02
 19 (restart 0) KSP residual norm 2.747718e-02
 20 (restart 0) KSP residual norm 2.745910e-02
 21 (restart 0) KSP residual norm 2.675419e-02
 22 (restart 0) KSP residual norm 2.325605e-02
 23 (restart 0) KSP residual norm 2.233111e-02
 24 (restart 0) KSP residual norm 2.230096e-02
 25 (restart 0) KSP residual norm 2.183908e-02
 26 (restart 0) KSP residual norm 2.166589e-02
 27 (restart 0) KSP residual norm 2.043594e-02
 28 (restart 0) KSP residual norm 1.857201e-02
 29 (restart 0) KSP residual norm 1.608088e-02
 30 (restart 0) KSP residual norm 1.416994e-02
 31 (restart 0) KSP residual norm 1.190376e-02
 32 (restart 0) KSP residual norm 9.902829e-03
 33 (restart 0) KSP residual norm 8.008047e-03
 34 (restart 0) KSP residual norm 6.118579e-03
 35 (restart 0) KSP residual norm 4.489696e-03
 36 (restart 0) KSP residual norm 3.352942e-03
GMRES solver converged in 36 iterations (avg. reduction factor: 7.725e-01)
0 NLEPS (nconv=1, restart=0) residual norm 1.146469e-01
  Residual norms for GMRES solve
  0 (restart 0) KSP residual norm 4.264910e+00
  1 (restart 0) KSP residual norm 2.979413e+00
  2 (restart 0) KSP residual norm 1.317944e+00
  3 (restart 0) KSP residual norm 1.314220e+00
  4 (restart 0) KSP residual norm 9.046141e-01
  5 (restart 0) KSP residual norm 2.736494e-01
  6 (restart 0) KSP residual norm 9.569581e-02
  7 (restart 0) KSP residual norm 4.361236e-02
  8 (restart 0) KSP residual norm 4.358511e-02
  9 (restart 0) KSP residual norm 3.598542e-02
 10 (restart 0) KSP residual norm 3.223544e-02
 11 (restart 0) KSP residual norm 3.188439e-02
 12 (restart 0) KSP residual norm 2.989701e-02
 13 (restart 0) KSP residual norm 1.955108e-02
 14 (restart 0) KSP residual norm 1.549627e-02
 15 (restart 0) KSP residual norm 1.437842e-02
 16 (restart 0) KSP residual norm 1.419666e-02
 17 (restart 0) KSP residual norm 1.357537e-02
 18 (restart 0) KSP residual norm 1.346170e-02
 19 (restart 0) KSP residual norm 1.319104e-02
 20 (restart 0) KSP residual norm 1.208262e-02
 21 (restart 0) KSP residual norm 1.180931e-02
 22 (restart 0) KSP residual norm 1.179827e-02
 23 (restart 0) KSP residual norm 1.177320e-02
 24 (restart 0) KSP residual norm 1.171520e-02
 25 (restart 0) KSP residual norm 1.169126e-02
 26 (restart 0) KSP residual norm 1.168692e-02
 27 (restart 0) KSP residual norm 1.167624e-02
 28 (restart 0) KSP residual norm 1.166260e-02
 29 (restart 0) KSP residual norm 1.157740e-02
 30 (restart 0) KSP residual norm 1.148097e-02
 31 (restart 0) KSP residual norm 1.125035e-02
 32 (restart 0) KSP residual norm 1.116699e-02
 33 (restart 0) KSP residual norm 1.094658e-02
 34 (restart 0) KSP residual norm 1.066328e-02
 35 (restart 0) KSP residual norm 1.020145e-02
 36 (restart 0) KSP residual norm 9.502759e-03
 37 (restart 0) KSP residual norm 8.704760e-03
 38 (restart 0) KSP residual norm 7.334131e-03
 39 (restart 0) KSP residual norm 5.726718e-03
 40 (restart 0) KSP residual norm 4.039518e-03
 41 (restart 0) KSP residual norm 2.897680e-03
 42 (restart 0) KSP residual norm 2.144488e-03
 43 (restart 0) KSP residual norm 1.735517e-03
 44 (restart 0) KSP residual norm 1.502313e-03
 45 (restart 0) KSP residual norm 1.332863e-03
 46 (restart 0) KSP residual norm 1.148667e-03
 47 (restart 0) KSP residual norm 9.303902e-04
 48 (restart 0) KSP residual norm 7.363873e-04
 49 (restart 0) KSP residual norm 5.498572e-04
 50 (restart 0) KSP residual norm 3.942804e-04
GMRES solver converged in 50 iterations (avg. reduction factor: 8.305e-01)
1 NLEPS (nconv=1, restart=0) residual norm 3.514391e-03
  Residual norms for GMRES solve
  0 (restart 0) KSP residual norm 2.374863e-08
  1 (restart 0) KSP residual norm 1.648673e-08
  2 (restart 0) KSP residual norm 8.053646e-09
  3 (restart 0) KSP residual norm 7.965570e-09
  4 (restart 0) KSP residual norm 5.549220e-09
  5 (restart 0) KSP residual norm 3.242648e-09
  6 (restart 0) KSP residual norm 3.182606e-09
  7 (restart 0) KSP residual norm 2.973145e-09
  8 (restart 0) KSP residual norm 2.724054e-09
  9 (restart 0) KSP residual norm 2.638386e-09
 10 (restart 0) KSP residual norm 2.525656e-09
 11 (restart 0) KSP residual norm 2.290267e-09
 12 (restart 0) KSP residual norm 2.182359e-09
 13 (restart 0) KSP residual norm 2.138535e-09
 14 (restart 0) KSP residual norm 2.126241e-09
 15 (restart 0) KSP residual norm 2.036404e-09
 16 (restart 0) KSP residual norm 1.978524e-09
 17 (restart 0) KSP residual norm 1.968353e-09
 18 (restart 0) KSP residual norm 1.823746e-09
 19 (restart 0) KSP residual norm 1.749749e-09
 20 (restart 0) KSP residual norm 1.719122e-09
 21 (restart 0) KSP residual norm 1.703624e-09
 22 (restart 0) KSP residual norm 1.667733e-09
 23 (restart 0) KSP residual norm 1.660852e-09
 24 (restart 0) KSP residual norm 1.656777e-09
 25 (restart 0) KSP residual norm 1.633778e-09
 26 (restart 0) KSP residual norm 1.609620e-09
 27 (restart 0) KSP residual norm 1.607549e-09
 28 (restart 0) KSP residual norm 1.575217e-09
 29 (restart 0) KSP residual norm 1.558816e-09
 30 (restart 0) KSP residual norm 1.537406e-09
 31 (restart 0) KSP residual norm 1.521073e-09
 32 (restart 0) KSP residual norm 1.496614e-09
 33 (restart 0) KSP residual norm 1.482125e-09
 34 (restart 0) KSP residual norm 1.460609e-09
 35 (restart 0) KSP residual norm 1.448811e-09
 36 (restart 0) KSP residual norm 1.433794e-09
 37 (restart 0) KSP residual norm 1.384238e-09
 38 (restart 0) KSP residual norm 1.342071e-09
 39 (restart 0) KSP residual norm 1.338763e-09
 40 (restart 0) KSP residual norm 1.287908e-09
 41 (restart 0) KSP residual norm 1.262721e-09
 42 (restart 0) KSP residual norm 1.247032e-09
 43 (restart 0) KSP residual norm 1.185359e-09
 44 (restart 0) KSP residual norm 1.142308e-09
 45 (restart 0) KSP residual norm 1.128064e-09
 46 (restart 0) KSP residual norm 1.121169e-09
 47 (restart 0) KSP residual norm 1.101526e-09
 48 (restart 0) KSP residual norm 1.048121e-09
 49 (restart 0) KSP residual norm 9.630002e-10
 50 (restart 0) KSP residual norm 8.709377e-10
 51 (restart 0) KSP residual norm 8.175165e-10
 52 (restart 0) KSP residual norm 7.624436e-10
 53 (restart 0) KSP residual norm 7.002236e-10
 54 (restart 0) KSP residual norm 5.908634e-10
 55 (restart 0) KSP residual norm 4.627870e-10
 56 (restart 0) KSP residual norm 3.485269e-10
 57 (restart 0) KSP residual norm 2.497161e-10
 58 (restart 0) KSP residual norm 1.678576e-10
 59 (restart 0) KSP residual norm 1.121681e-10
 60 (restart 0) KSP residual norm 7.789079e-11
 61 (restart 0) KSP residual norm 5.443683e-11
 62 (restart 0) KSP residual norm 3.599515e-11
 63 (restart 0) KSP residual norm 2.302838e-11
 64 (restart 0) KSP residual norm 1.491937e-11
 65 (restart 0) KSP residual norm 9.660236e-12
 66 (restart 0) KSP residual norm 6.382751e-12
 67 (restart 0) KSP residual norm 4.154177e-12
 68 (restart 0) KSP residual norm 2.643341e-12
 69 (restart 0) KSP residual norm 1.743328e-12
GMRES solver converged in 69 iterations (avg. reduction factor: 8.711e-01)
2 NLEPS (nconv=1, restart=0) residual norm 3.660792e-06
  Residual norms for GMRES solve
  0 (restart 0) KSP residual norm 7.518270e-09
  1 (restart 0) KSP residual norm 7.017328e-09
  2 (restart 0) KSP residual norm 2.591979e-09
  3 (restart 0) KSP residual norm 2.459663e-09
  4 (restart 0) KSP residual norm 1.404635e-09
  5 (restart 0) KSP residual norm 1.193011e-09
  6 (restart 0) KSP residual norm 9.952979e-10
  7 (restart 0) KSP residual norm 8.716255e-10
  8 (restart 0) KSP residual norm 8.596339e-10
  9 (restart 0) KSP residual norm 8.094163e-10
 10 (restart 0) KSP residual norm 7.533391e-10
 11 (restart 0) KSP residual norm 7.241453e-10
 12 (restart 0) KSP residual norm 7.169265e-10
 13 (restart 0) KSP residual norm 7.151561e-10
 14 (restart 0) KSP residual norm 7.016725e-10
 15 (restart 0) KSP residual norm 6.981712e-10
 16 (restart 0) KSP residual norm 6.943320e-10
 17 (restart 0) KSP residual norm 6.923262e-10
 18 (restart 0) KSP residual norm 6.907924e-10
 19 (restart 0) KSP residual norm 6.863138e-10
 20 (restart 0) KSP residual norm 6.862110e-10
 21 (restart 0) KSP residual norm 6.834200e-10
 22 (restart 0) KSP residual norm 6.831543e-10
 23 (restart 0) KSP residual norm 6.801636e-10
 24 (restart 0) KSP residual norm 6.734155e-10
 25 (restart 0) KSP residual norm 6.712049e-10
 26 (restart 0) KSP residual norm 6.567984e-10
 27 (restart 0) KSP residual norm 6.441779e-10
 28 (restart 0) KSP residual norm 6.193315e-10
 29 (restart 0) KSP residual norm 5.602161e-10
 30 (restart 0) KSP residual norm 4.753186e-10
 31 (restart 0) KSP residual norm 3.873558e-10
 32 (restart 0) KSP residual norm 3.190046e-10
 33 (restart 0) KSP residual norm 2.508175e-10
 34 (restart 0) KSP residual norm 1.951487e-10
 35 (restart 0) KSP residual norm 1.546016e-10
 36 (restart 0) KSP residual norm 1.234985e-10
 37 (restart 0) KSP residual norm 1.015437e-10
 38 (restart 0) KSP residual norm 8.036356e-11
 39 (restart 0) KSP residual norm 5.828834e-11
 40 (restart 0) KSP residual norm 4.296999e-11
 41 (restart 0) KSP residual norm 3.036107e-11
 42 (restart 0) KSP residual norm 2.140981e-11
 43 (restart 0) KSP residual norm 1.491894e-11
 44 (restart 0) KSP residual norm 1.001313e-11
 45 (restart 0) KSP residual norm 6.903533e-12
 46 (restart 0) KSP residual norm 4.893308e-12
 47 (restart 0) KSP residual norm 3.366076e-12
 48 (restart 0) KSP residual norm 2.383130e-12
 49 (restart 0) KSP residual norm 1.744579e-12
 50 (restart 0) KSP residual norm 1.338936e-12
 51 (restart 0) KSP residual norm 1.088522e-12
 52 (restart 0) KSP residual norm 9.006727e-13
GMRES solver converged in 52 iterations (avg. reduction factor: 8.406e-01)
3 NLEPS (nconv=1, restart=0) residual norm 5.738134e-09
Eigenvalue 1, Quasi-Newton converged in 3 iterations (-3.350e-04+8.807e+00i).
  Residual norms for GMRES solve
  0 (restart 0) KSP residual norm 3.454256e+01
  1 (restart 0) KSP residual norm 1.898290e+00
  2 (restart 0) KSP residual norm 4.149484e-01
  3 (restart 0) KSP residual norm 3.700359e-01
  4 (restart 0) KSP residual norm 3.649823e-01
  5 (restart 0) KSP residual norm 3.465814e-01
  6 (restart 0) KSP residual norm 2.590491e-01
  7 (restart 0) KSP residual norm 1.411179e-01
  8 (restart 0) KSP residual norm 9.752993e-02
  9 (restart 0) KSP residual norm 6.444467e-02
 10 (restart 0) KSP residual norm 4.504191e-02
 11 (restart 0) KSP residual norm 4.395087e-02
 12 (restart 0) KSP residual norm 4.367078e-02
 13 (restart 0) KSP residual norm 4.319014e-02
 14 (restart 0) KSP residual norm 4.265007e-02
 15 (restart 0) KSP residual norm 4.183775e-02
 16 (restart 0) KSP residual norm 4.069355e-02
 17 (restart 0) KSP residual norm 3.933685e-02
 18 (restart 0) KSP residual norm 3.381918e-02
 19 (restart 0) KSP residual norm 2.741427e-02
 20 (restart 0) KSP residual norm 2.472863e-02
 21 (restart 0) KSP residual norm 2.290414e-02
 22 (restart 0) KSP residual norm 2.046291e-02
 23 (restart 0) KSP residual norm 1.579784e-02
 24 (restart 0) KSP residual norm 1.387476e-02
 25 (restart 0) KSP residual norm 7.477844e-03
 26 (restart 0) KSP residual norm 6.008457e-03
 27 (restart 0) KSP residual norm 4.383247e-03
 28 (restart 0) KSP residual norm 3.626566e-03
 29 (restart 0) KSP residual norm 2.703897e-03
GMRES solver converged in 29 iterations (avg. reduction factor: 7.218e-01)
0 NLEPS (nconv=2, restart=0) residual norm 1.195840e-01
  Residual norms for GMRES solve
  0 (restart 0) KSP residual norm 1.575378e+00
  1 (restart 0) KSP residual norm 4.477373e-01
  2 (restart 0) KSP residual norm 2.251261e-01
  3 (restart 0) KSP residual norm 1.966281e-01
  4 (restart 0) KSP residual norm 1.929645e-01
  5 (restart 0) KSP residual norm 1.752288e-01
  6 (restart 0) KSP residual norm 1.506660e-01
  7 (restart 0) KSP residual norm 1.461656e-01
  8 (restart 0) KSP residual norm 1.273066e-01
  9 (restart 0) KSP residual norm 5.417364e-02
 10 (restart 0) KSP residual norm 4.747502e-02
 11 (restart 0) KSP residual norm 4.315158e-02
 12 (restart 0) KSP residual norm 4.036921e-02
 13 (restart 0) KSP residual norm 3.932240e-02
 14 (restart 0) KSP residual norm 3.043639e-02
 15 (restart 0) KSP residual norm 2.695221e-02
 16 (restart 0) KSP residual norm 2.681138e-02
 17 (restart 0) KSP residual norm 2.498366e-02
 18 (restart 0) KSP residual norm 2.196865e-02
 19 (restart 0) KSP residual norm 1.995222e-02
 20 (restart 0) KSP residual norm 1.779793e-02
 21 (restart 0) KSP residual norm 1.610872e-02
 22 (restart 0) KSP residual norm 1.115099e-02
 23 (restart 0) KSP residual norm 7.855150e-03
 24 (restart 0) KSP residual norm 6.277377e-03
 25 (restart 0) KSP residual norm 4.936426e-03
 26 (restart 0) KSP residual norm 3.707768e-03
 27 (restart 0) KSP residual norm 2.828207e-03
 28 (restart 0) KSP residual norm 1.995659e-03
 29 (restart 0) KSP residual norm 1.380264e-03
 30 (restart 0) KSP residual norm 1.041701e-03
 31 (restart 0) KSP residual norm 7.448917e-04
 32 (restart 0) KSP residual norm 5.442958e-04
 33 (restart 0) KSP residual norm 4.124026e-04
 34 (restart 0) KSP residual norm 3.172220e-04
 35 (restart 0) KSP residual norm 2.444173e-04
 36 (restart 0) KSP residual norm 1.924386e-04
 37 (restart 0) KSP residual norm 1.588799e-04
 38 (restart 0) KSP residual norm 1.371352e-04
GMRES solver converged in 38 iterations (avg. reduction factor: 7.819e-01)
1 NLEPS (nconv=2, restart=0) residual norm 4.913286e-03
  Residual norms for GMRES solve
  0 (restart 0) KSP residual norm 6.504202e-08
  1 (restart 0) KSP residual norm 2.095818e-08
  2 (restart 0) KSP residual norm 1.248086e-08
  3 (restart 0) KSP residual norm 1.160298e-08
  4 (restart 0) KSP residual norm 1.135536e-08
  5 (restart 0) KSP residual norm 1.023482e-08
  6 (restart 0) KSP residual norm 8.913081e-09
  7 (restart 0) KSP residual norm 8.785389e-09
  8 (restart 0) KSP residual norm 8.204271e-09
  9 (restart 0) KSP residual norm 8.197797e-09
 10 (restart 0) KSP residual norm 6.538225e-09
 11 (restart 0) KSP residual norm 4.827636e-09
 12 (restart 0) KSP residual norm 4.226588e-09
 13 (restart 0) KSP residual norm 3.143570e-09
 14 (restart 0) KSP residual norm 2.823381e-09
 15 (restart 0) KSP residual norm 2.552791e-09
 16 (restart 0) KSP residual norm 2.470342e-09
 17 (restart 0) KSP residual norm 1.997018e-09
 18 (restart 0) KSP residual norm 1.775853e-09
 19 (restart 0) KSP residual norm 1.657729e-09
 20 (restart 0) KSP residual norm 1.601574e-09
 21 (restart 0) KSP residual norm 1.510018e-09
 22 (restart 0) KSP residual norm 1.486421e-09
 23 (restart 0) KSP residual norm 1.453397e-09
 24 (restart 0) KSP residual norm 1.380425e-09
 25 (restart 0) KSP residual norm 1.358611e-09
 26 (restart 0) KSP residual norm 1.274616e-09
 27 (restart 0) KSP residual norm 1.209878e-09
 28 (restart 0) KSP residual norm 1.160356e-09
 29 (restart 0) KSP residual norm 1.137332e-09
 30 (restart 0) KSP residual norm 1.135340e-09
 31 (restart 0) KSP residual norm 1.134955e-09
 32 (restart 0) KSP residual norm 1.107204e-09
 33 (restart 0) KSP residual norm 1.085922e-09
 34 (restart 0) KSP residual norm 1.024663e-09
 35 (restart 0) KSP residual norm 9.940194e-10
 36 (restart 0) KSP residual norm 9.649568e-10
 37 (restart 0) KSP residual norm 9.283523e-10
 38 (restart 0) KSP residual norm 8.920579e-10
 39 (restart 0) KSP residual norm 8.425470e-10
 40 (restart 0) KSP residual norm 7.600161e-10
 41 (restart 0) KSP residual norm 6.546408e-10
 42 (restart 0) KSP residual norm 5.769821e-10
 43 (restart 0) KSP residual norm 4.998455e-10
 44 (restart 0) KSP residual norm 4.290501e-10
 45 (restart 0) KSP residual norm 3.497051e-10
 46 (restart 0) KSP residual norm 2.747392e-10
 47 (restart 0) KSP residual norm 1.986871e-10
 48 (restart 0) KSP residual norm 1.371773e-10
 49 (restart 0) KSP residual norm 9.716622e-11
 50 (restart 0) KSP residual norm 6.787846e-11
 51 (restart 0) KSP residual norm 4.740672e-11
 52 (restart 0) KSP residual norm 3.098877e-11
 53 (restart 0) KSP residual norm 1.974206e-11
 54 (restart 0) KSP residual norm 1.297339e-11
 55 (restart 0) KSP residual norm 8.519010e-12
 56 (restart 0) KSP residual norm 5.659071e-12
GMRES solver converged in 56 iterations (avg. reduction factor: 8.462e-01)
2 NLEPS (nconv=2, restart=0) residual norm 7.606755e-06
  Residual norms for GMRES solve
  0 (restart 0) KSP residual norm 6.255303e-08
  1 (restart 0) KSP residual norm 2.063322e-08
  2 (restart 0) KSP residual norm 1.227204e-08
  3 (restart 0) KSP residual norm 1.142232e-08
  4 (restart 0) KSP residual norm 1.124310e-08
  5 (restart 0) KSP residual norm 9.840532e-09
  6 (restart 0) KSP residual norm 7.954988e-09
  7 (restart 0) KSP residual norm 7.385072e-09
  8 (restart 0) KSP residual norm 4.804529e-09
  9 (restart 0) KSP residual norm 2.148338e-09
 10 (restart 0) KSP residual norm 1.802622e-09
 11 (restart 0) KSP residual norm 1.416285e-09
 12 (restart 0) KSP residual norm 1.313915e-09
 13 (restart 0) KSP residual norm 1.284258e-09
 14 (restart 0) KSP residual norm 1.241486e-09
 15 (restart 0) KSP residual norm 1.228426e-09
 16 (restart 0) KSP residual norm 1.165339e-09
 17 (restart 0) KSP residual norm 1.134716e-09
 18 (restart 0) KSP residual norm 1.121596e-09
 19 (restart 0) KSP residual norm 1.116318e-09
 20 (restart 0) KSP residual norm 1.109881e-09
 21 (restart 0) KSP residual norm 1.064539e-09
 22 (restart 0) KSP residual norm 9.989452e-10
 23 (restart 0) KSP residual norm 9.831614e-10
 24 (restart 0) KSP residual norm 9.322341e-10
 25 (restart 0) KSP residual norm 8.545280e-10
 26 (restart 0) KSP residual norm 7.849761e-10
 27 (restart 0) KSP residual norm 7.348811e-10
 28 (restart 0) KSP residual norm 6.982260e-10
 29 (restart 0) KSP residual norm 6.552199e-10
 30 (restart 0) KSP residual norm 5.559151e-10
 31 (restart 0) KSP residual norm 4.520560e-10
 32 (restart 0) KSP residual norm 3.361593e-10
 33 (restart 0) KSP residual norm 2.613478e-10
 34 (restart 0) KSP residual norm 1.940305e-10
 35 (restart 0) KSP residual norm 1.474338e-10
 36 (restart 0) KSP residual norm 1.130665e-10
 37 (restart 0) KSP residual norm 9.060560e-11
 38 (restart 0) KSP residual norm 7.440409e-11
 39 (restart 0) KSP residual norm 6.086547e-11
 40 (restart 0) KSP residual norm 4.858024e-11
 41 (restart 0) KSP residual norm 3.736456e-11
 42 (restart 0) KSP residual norm 2.814518e-11
 43 (restart 0) KSP residual norm 2.054148e-11
 44 (restart 0) KSP residual norm 1.458904e-11
 45 (restart 0) KSP residual norm 1.014966e-11
 46 (restart 0) KSP residual norm 6.856903e-12
 47 (restart 0) KSP residual norm 4.617850e-12
 48 (restart 0) KSP residual norm 3.127799e-12
 49 (restart 0) KSP residual norm 2.161049e-12
 50 (restart 0) KSP residual norm 1.514057e-12
 51 (restart 0) KSP residual norm 1.076262e-12
 52 (restart 0) KSP residual norm 7.923574e-13
GMRES solver converged in 52 iterations (avg. reduction factor: 8.050e-01)
3 NLEPS (nconv=2, restart=0) residual norm 6.502390e-09
Eigenvalue 2, Quasi-Newton converged in 3 iterations (-1.128e-04+9.050e+00i).
  Residual norms for GMRES solve
  0 (restart 0) KSP residual norm 3.080503e+01
  1 (restart 0) KSP residual norm 3.546909e+00
  2 (restart 0) KSP residual norm 3.380245e+00
  3 (restart 0) KSP residual norm 2.026295e+00
  4 (restart 0) KSP residual norm 4.608083e-01
  5 (restart 0) KSP residual norm 2.816264e-01
  6 (restart 0) KSP residual norm 1.651950e-01
  7 (restart 0) KSP residual norm 7.062964e-02
  8 (restart 0) KSP residual norm 7.039185e-02
  9 (restart 0) KSP residual norm 4.511051e-02
 10 (restart 0) KSP residual norm 4.509692e-02
 11 (restart 0) KSP residual norm 4.422393e-02
 12 (restart 0) KSP residual norm 4.391590e-02
 13 (restart 0) KSP residual norm 4.386813e-02
 14 (restart 0) KSP residual norm 4.375388e-02
 15 (restart 0) KSP residual norm 4.264939e-02
 16 (restart 0) KSP residual norm 4.243257e-02
 17 (restart 0) KSP residual norm 4.220228e-02
 18 (restart 0) KSP residual norm 4.036202e-02
 19 (restart 0) KSP residual norm 3.428551e-02
 20 (restart 0) KSP residual norm 2.373720e-02
 21 (restart 0) KSP residual norm 1.521563e-02
 22 (restart 0) KSP residual norm 1.038462e-02
 23 (restart 0) KSP residual norm 6.505003e-03
 24 (restart 0) KSP residual norm 4.098109e-03
 25 (restart 0) KSP residual norm 3.154707e-03
 26 (restart 0) KSP residual norm 2.481685e-03
GMRES solver converged in 26 iterations (avg. reduction factor: 6.959e-01)
0 NLEPS (nconv=3, restart=0) residual norm 1.478687e-01
  Residual norms for GMRES solve
  0 (restart 0) KSP residual norm 1.216879e+00
  1 (restart 0) KSP residual norm 1.189282e+00
  2 (restart 0) KSP residual norm 9.926788e-01
  3 (restart 0) KSP residual norm 2.162135e-01
  4 (restart 0) KSP residual norm 9.659302e-02
  5 (restart 0) KSP residual norm 7.177486e-02
  6 (restart 0) KSP residual norm 5.900926e-02
  7 (restart 0) KSP residual norm 5.193552e-02
  8 (restart 0) KSP residual norm 4.266568e-02
  9 (restart 0) KSP residual norm 4.243228e-02
 10 (restart 0) KSP residual norm 4.209804e-02
 11 (restart 0) KSP residual norm 3.989552e-02
 12 (restart 0) KSP residual norm 3.787387e-02
 13 (restart 0) KSP residual norm 3.766277e-02
 14 (restart 0) KSP residual norm 3.752057e-02
 15 (restart 0) KSP residual norm 3.689155e-02
 16 (restart 0) KSP residual norm 3.570099e-02
 17 (restart 0) KSP residual norm 3.405731e-02
 18 (restart 0) KSP residual norm 3.232293e-02
 19 (restart 0) KSP residual norm 2.662413e-02
 20 (restart 0) KSP residual norm 2.052877e-02
 21 (restart 0) KSP residual norm 1.505332e-02
 22 (restart 0) KSP residual norm 9.570671e-03
 23 (restart 0) KSP residual norm 6.684617e-03
 24 (restart 0) KSP residual norm 4.515956e-03
 25 (restart 0) KSP residual norm 2.865474e-03
 26 (restart 0) KSP residual norm 1.729983e-03
 27 (restart 0) KSP residual norm 1.220338e-03
 28 (restart 0) KSP residual norm 9.270898e-04
 29 (restart 0) KSP residual norm 7.677481e-04
 30 (restart 0) KSP residual norm 6.456463e-04
 31 (restart 0) KSP residual norm 5.235630e-04
 32 (restart 0) KSP residual norm 3.930270e-04
 33 (restart 0) KSP residual norm 3.120857e-04
 34 (restart 0) KSP residual norm 2.510064e-04
 35 (restart 0) KSP residual norm 1.849074e-04
 36 (restart 0) KSP residual norm 1.498948e-04
 37 (restart 0) KSP residual norm 1.107426e-04
GMRES solver converged in 37 iterations (avg. reduction factor: 7.777e-01)
1 NLEPS (nconv=3, restart=0) residual norm 1.452906e-02
  Residual norms for GMRES solve
  0 (restart 0) KSP residual norm 8.314185e-07
  1 (restart 0) KSP residual norm 7.869517e-07
  2 (restart 0) KSP residual norm 6.675846e-07
  3 (restart 0) KSP residual norm 1.305991e-07
  4 (restart 0) KSP residual norm 6.142944e-08
  5 (restart 0) KSP residual norm 4.925284e-08
  6 (restart 0) KSP residual norm 4.073457e-08
  7 (restart 0) KSP residual norm 4.027886e-08
  8 (restart 0) KSP residual norm 3.893211e-08
  9 (restart 0) KSP residual norm 3.615396e-08
 10 (restart 0) KSP residual norm 3.615188e-08
 11 (restart 0) KSP residual norm 3.518140e-08
 12 (restart 0) KSP residual norm 3.475653e-08
 13 (restart 0) KSP residual norm 3.459043e-08
 14 (restart 0) KSP residual norm 3.423575e-08
 15 (restart 0) KSP residual norm 3.420633e-08
 16 (restart 0) KSP residual norm 3.406419e-08
 17 (restart 0) KSP residual norm 3.393017e-08
 18 (restart 0) KSP residual norm 3.370481e-08
 19 (restart 0) KSP residual norm 3.365501e-08
 20 (restart 0) KSP residual norm 3.278009e-08
 21 (restart 0) KSP residual norm 3.256093e-08
 22 (restart 0) KSP residual norm 3.214639e-08
 23 (restart 0) KSP residual norm 3.207748e-08
 24 (restart 0) KSP residual norm 3.203679e-08
 25 (restart 0) KSP residual norm 3.191154e-08
 26 (restart 0) KSP residual norm 3.141618e-08
 27 (restart 0) KSP residual norm 3.079908e-08
 28 (restart 0) KSP residual norm 2.942386e-08
 29 (restart 0) KSP residual norm 2.811748e-08
 30 (restart 0) KSP residual norm 2.746437e-08
 31 (restart 0) KSP residual norm 2.688926e-08
 32 (restart 0) KSP residual norm 2.650205e-08
 33 (restart 0) KSP residual norm 2.610057e-08
 34 (restart 0) KSP residual norm 2.397972e-08
 35 (restart 0) KSP residual norm 2.010844e-08
 36 (restart 0) KSP residual norm 1.556894e-08
 37 (restart 0) KSP residual norm 1.094947e-08
 38 (restart 0) KSP residual norm 7.183772e-09
 39 (restart 0) KSP residual norm 4.833487e-09
 40 (restart 0) KSP residual norm 3.071046e-09
 41 (restart 0) KSP residual norm 2.267431e-09
 42 (restart 0) KSP residual norm 1.564131e-09
 43 (restart 0) KSP residual norm 1.157682e-09
 44 (restart 0) KSP residual norm 8.555965e-10
 45 (restart 0) KSP residual norm 6.528893e-10
 46 (restart 0) KSP residual norm 4.996810e-10
 47 (restart 0) KSP residual norm 3.865714e-10
 48 (restart 0) KSP residual norm 3.127839e-10
 49 (restart 0) KSP residual norm 2.542749e-10
 50 (restart 0) KSP residual norm 2.027892e-10
 51 (restart 0) KSP residual norm 1.536238e-10
 52 (restart 0) KSP residual norm 1.094966e-10
 53 (restart 0) KSP residual norm 7.949101e-11
GMRES solver converged in 53 iterations (avg. reduction factor: 8.398e-01)
2 NLEPS (nconv=3, restart=0) residual norm 5.211638e-05
  Residual norms for GMRES solve
  0 (restart 0) KSP residual norm 8.785986e-07
  1 (restart 0) KSP residual norm 8.395238e-07
  2 (restart 0) KSP residual norm 7.103072e-07
  3 (restart 0) KSP residual norm 1.342949e-07
  4 (restart 0) KSP residual norm 6.533883e-08
  5 (restart 0) KSP residual norm 5.084218e-08
  6 (restart 0) KSP residual norm 4.418792e-08
  7 (restart 0) KSP residual norm 4.333009e-08
  8 (restart 0) KSP residual norm 4.210633e-08
  9 (restart 0) KSP residual norm 3.873892e-08
 10 (restart 0) KSP residual norm 3.864723e-08
 11 (restart 0) KSP residual norm 3.781918e-08
 12 (restart 0) KSP residual norm 3.731938e-08
 13 (restart 0) KSP residual norm 3.729518e-08
 14 (restart 0) KSP residual norm 3.591775e-08
 15 (restart 0) KSP residual norm 3.552960e-08
 16 (restart 0) KSP residual norm 3.398886e-08
 17 (restart 0) KSP residual norm 3.302507e-08
 18 (restart 0) KSP residual norm 3.033430e-08
 19 (restart 0) KSP residual norm 2.892974e-08
 20 (restart 0) KSP residual norm 2.556276e-08
 21 (restart 0) KSP residual norm 2.471844e-08
 22 (restart 0) KSP residual norm 2.241253e-08
 23 (restart 0) KSP residual norm 1.914773e-08
 24 (restart 0) KSP residual norm 1.491565e-08
 25 (restart 0) KSP residual norm 1.215352e-08
 26 (restart 0) KSP residual norm 1.005915e-08
 27 (restart 0) KSP residual norm 7.897521e-09
 28 (restart 0) KSP residual norm 6.476539e-09
 29 (restart 0) KSP residual norm 4.991183e-09
 30 (restart 0) KSP residual norm 3.519944e-09
 31 (restart 0) KSP residual norm 2.750286e-09
 32 (restart 0) KSP residual norm 2.067214e-09
 33 (restart 0) KSP residual norm 1.605280e-09
 34 (restart 0) KSP residual norm 1.206420e-09
 35 (restart 0) KSP residual norm 9.562729e-10
 36 (restart 0) KSP residual norm 7.983758e-10
 37 (restart 0) KSP residual norm 6.394486e-10
 38 (restart 0) KSP residual norm 5.573049e-10
 39 (restart 0) KSP residual norm 4.658354e-10
 40 (restart 0) KSP residual norm 4.078195e-10
 41 (restart 0) KSP residual norm 3.438924e-10
 42 (restart 0) KSP residual norm 2.785101e-10
 43 (restart 0) KSP residual norm 2.137601e-10
 44 (restart 0) KSP residual norm 1.485718e-10
 45 (restart 0) KSP residual norm 1.093974e-10
 46 (restart 0) KSP residual norm 7.323225e-11
 47 (restart 0) KSP residual norm 5.020313e-11
 48 (restart 0) KSP residual norm 3.602801e-11
GMRES solver converged in 48 iterations (avg. reduction factor: 8.102e-01)
3 NLEPS (nconv=3, restart=0) residual norm 3.178431e-07
  Residual norms for GMRES solve
  0 (restart 0) KSP residual norm 1.613678e-10
  1 (restart 0) KSP residual norm 1.056931e-10
  2 (restart 0) KSP residual norm 4.971959e-11
  3 (restart 0) KSP residual norm 3.920094e-11
  4 (restart 0) KSP residual norm 3.542836e-11
  5 (restart 0) KSP residual norm 2.822609e-11
  6 (restart 0) KSP residual norm 2.419156e-11
  7 (restart 0) KSP residual norm 2.078707e-11
  8 (restart 0) KSP residual norm 1.789058e-11
  9 (restart 0) KSP residual norm 1.544859e-11
 10 (restart 0) KSP residual norm 1.410080e-11
 11 (restart 0) KSP residual norm 1.213733e-11
 12 (restart 0) KSP residual norm 9.026381e-12
 13 (restart 0) KSP residual norm 6.424607e-12
 14 (restart 0) KSP residual norm 5.174095e-12
 15 (restart 0) KSP residual norm 4.501643e-12
 16 (restart 0) KSP residual norm 4.021050e-12
 17 (restart 0) KSP residual norm 3.788075e-12
 18 (restart 0) KSP residual norm 3.499563e-12
 19 (restart 0) KSP residual norm 3.283092e-12
 20 (restart 0) KSP residual norm 2.950527e-12
 21 (restart 0) KSP residual norm 2.718273e-12
 22 (restart 0) KSP residual norm 2.605853e-12
 23 (restart 0) KSP residual norm 2.520954e-12
 24 (restart 0) KSP residual norm 2.413755e-12
 25 (restart 0) KSP residual norm 2.260948e-12
 26 (restart 0) KSP residual norm 2.188472e-12
 27 (restart 0) KSP residual norm 2.187102e-12
 28 (restart 0) KSP residual norm 2.180856e-12
 29 (restart 0) KSP residual norm 2.166127e-12
 30 (restart 0) KSP residual norm 2.156163e-12
 31 (restart 0) KSP residual norm 2.154638e-12
 32 (restart 0) KSP residual norm 2.154478e-12
 33 (restart 0) KSP residual norm 2.131104e-12
 34 (restart 0) KSP residual norm 2.127826e-12
 35 (restart 0) KSP residual norm 2.124103e-12
 36 (restart 0) KSP residual norm 2.098956e-12
 37 (restart 0) KSP residual norm 2.096568e-12
 38 (restart 0) KSP residual norm 2.083925e-12
 39 (restart 0) KSP residual norm 2.079492e-12
 40 (restart 0) KSP residual norm 2.074301e-12
 41 (restart 0) KSP residual norm 2.060537e-12
 42 (restart 0) KSP residual norm 2.041076e-12
 43 (restart 0) KSP residual norm 2.027022e-12
 44 (restart 0) KSP residual norm 2.010229e-12
 45 (restart 0) KSP residual norm 2.000956e-12
 46 (restart 0) KSP residual norm 1.998978e-12
 47 (restart 0) KSP residual norm 1.989163e-12
 48 (restart 0) KSP residual norm 1.977255e-12
 49 (restart 0) KSP residual norm 1.893176e-12
 50 (restart 0) KSP residual norm 1.738906e-12
 51 (restart 0) KSP residual norm 1.442232e-12
 52 (restart 0) KSP residual norm 1.153295e-12
 53 (restart 0) KSP residual norm 9.075241e-13
GMRES solver converged in 53 iterations (avg. reduction factor: 9.069e-01)
4 NLEPS (nconv=3, restart=0) residual norm 7.261887e-09
Eigenvalue 3, Quasi-Newton converged in 4 iterations (-2.362e-04+9.590e+00i).
  Residual norms for GMRES solve
  0 (restart 0) KSP residual norm 3.044629e+01
  1 (restart 0) KSP residual norm 2.241587e+01
  2 (restart 0) KSP residual norm 1.946429e+00
  3 (restart 0) KSP residual norm 5.967469e-01
  4 (restart 0) KSP residual norm 1.749553e-01
  5 (restart 0) KSP residual norm 1.154997e-01
  6 (restart 0) KSP residual norm 1.146338e-01
  7 (restart 0) KSP residual norm 9.299170e-02
  8 (restart 0) KSP residual norm 9.128151e-02
  9 (restart 0) KSP residual norm 9.001203e-02
 10 (restart 0) KSP residual norm 7.624281e-02
 11 (restart 0) KSP residual norm 7.438939e-02
 12 (restart 0) KSP residual norm 7.331049e-02
 13 (restart 0) KSP residual norm 6.637323e-02
 14 (restart 0) KSP residual norm 5.082502e-02
 15 (restart 0) KSP residual norm 4.450716e-02
 16 (restart 0) KSP residual norm 4.229580e-02
 17 (restart 0) KSP residual norm 4.165665e-02
 18 (restart 0) KSP residual norm 4.098046e-02
 19 (restart 0) KSP residual norm 4.092151e-02
 20 (restart 0) KSP residual norm 4.080006e-02
 21 (restart 0) KSP residual norm 3.983616e-02
 22 (restart 0) KSP residual norm 3.765721e-02
 23 (restart 0) KSP residual norm 3.412649e-02
 24 (restart 0) KSP residual norm 2.835348e-02
 25 (restart 0) KSP residual norm 1.903851e-02
 26 (restart 0) KSP residual norm 1.437858e-02
 27 (restart 0) KSP residual norm 1.138702e-02
 28 (restart 0) KSP residual norm 9.130579e-03
 29 (restart 0) KSP residual norm 7.011429e-03
 30 (restart 0) KSP residual norm 6.041318e-03
 31 (restart 0) KSP residual norm 4.093361e-03
 32 (restart 0) KSP residual norm 3.092529e-03
 33 (restart 0) KSP residual norm 2.109006e-03
GMRES solver converged in 33 iterations (avg. reduction factor: 7.481e-01)
0 NLEPS (nconv=4, restart=0) residual norm 1.805497e-01
  Residual norms for GMRES solve
  0 (restart 0) KSP residual norm 5.125954e+00
  1 (restart 0) KSP residual norm 3.804209e+00
  2 (restart 0) KSP residual norm 3.449465e+00
  3 (restart 0) KSP residual norm 1.308202e+00
  4 (restart 0) KSP residual norm 3.526673e-01
  5 (restart 0) KSP residual norm 1.788894e-01
  6 (restart 0) KSP residual norm 1.261391e-01
  7 (restart 0) KSP residual norm 1.092441e-01
  8 (restart 0) KSP residual norm 1.092409e-01
  9 (restart 0) KSP residual norm 9.862075e-02
 10 (restart 0) KSP residual norm 9.112173e-02
 11 (restart 0) KSP residual norm 8.594698e-02
 12 (restart 0) KSP residual norm 7.230584e-02
 13 (restart 0) KSP residual norm 5.286807e-02
 14 (restart 0) KSP residual norm 4.907489e-02
 15 (restart 0) KSP residual norm 4.782663e-02
 16 (restart 0) KSP residual norm 4.690433e-02
 17 (restart 0) KSP residual norm 4.645019e-02
 18 (restart 0) KSP residual norm 4.628917e-02
 19 (restart 0) KSP residual norm 4.530352e-02
 20 (restart 0) KSP residual norm 4.449307e-02
 21 (restart 0) KSP residual norm 4.191951e-02
 22 (restart 0) KSP residual norm 3.940239e-02
 23 (restart 0) KSP residual norm 3.511117e-02
 24 (restart 0) KSP residual norm 2.640174e-02
 25 (restart 0) KSP residual norm 2.008675e-02
 26 (restart 0) KSP residual norm 1.258912e-02
 27 (restart 0) KSP residual norm 9.869483e-03
 28 (restart 0) KSP residual norm 7.881930e-03
 29 (restart 0) KSP residual norm 6.452344e-03
 30 (restart 0) KSP residual norm 4.902716e-03
 31 (restart 0) KSP residual norm 3.662023e-03
 32 (restart 0) KSP residual norm 2.617093e-03
 33 (restart 0) KSP residual norm 1.906379e-03
 34 (restart 0) KSP residual norm 1.459001e-03
 35 (restart 0) KSP residual norm 9.975045e-04
 36 (restart 0) KSP residual norm 7.136681e-04
 37 (restart 0) KSP residual norm 5.246369e-04
 38 (restart 0) KSP residual norm 3.933004e-04
GMRES solver converged in 38 iterations (avg. reduction factor: 7.793e-01)
1 NLEPS (nconv=4, restart=0) residual norm 3.370272e-02
  Residual norms for GMRES solve
  0 (restart 0) KSP residual norm 1.930935e-05
  1 (restart 0) KSP residual norm 6.751955e-06
  2 (restart 0) KSP residual norm 5.034804e-06
  3 (restart 0) KSP residual norm 2.193741e-06
  4 (restart 0) KSP residual norm 7.060255e-07
  5 (restart 0) KSP residual norm 6.890233e-07
  6 (restart 0) KSP residual norm 6.616367e-07
  7 (restart 0) KSP residual norm 6.044122e-07
  8 (restart 0) KSP residual norm 5.387732e-07
  9 (restart 0) KSP residual norm 4.989374e-07
 10 (restart 0) KSP residual norm 4.741172e-07
 11 (restart 0) KSP residual norm 4.729949e-07
 12 (restart 0) KSP residual norm 4.063267e-07
 13 (restart 0) KSP residual norm 3.544150e-07
 14 (restart 0) KSP residual norm 2.888644e-07
 15 (restart 0) KSP residual norm 2.627532e-07
 16 (restart 0) KSP residual norm 2.625205e-07
 17 (restart 0) KSP residual norm 2.500867e-07
 18 (restart 0) KSP residual norm 2.478385e-07
 19 (restart 0) KSP residual norm 2.477269e-07
 20 (restart 0) KSP residual norm 2.465776e-07
 21 (restart 0) KSP residual norm 2.434947e-07
 22 (restart 0) KSP residual norm 2.434299e-07
 23 (restart 0) KSP residual norm 2.406702e-07
 24 (restart 0) KSP residual norm 2.376309e-07
 25 (restart 0) KSP residual norm 2.339936e-07
 26 (restart 0) KSP residual norm 2.323580e-07
 27 (restart 0) KSP residual norm 2.239501e-07
 28 (restart 0) KSP residual norm 2.163921e-07
 29 (restart 0) KSP residual norm 2.096230e-07
 30 (restart 0) KSP residual norm 1.942782e-07
 31 (restart 0) KSP residual norm 1.814266e-07
 32 (restart 0) KSP residual norm 1.651887e-07
 33 (restart 0) KSP residual norm 1.447552e-07
 34 (restart 0) KSP residual norm 1.262659e-07
 35 (restart 0) KSP residual norm 1.114788e-07
 36 (restart 0) KSP residual norm 9.402840e-08
 37 (restart 0) KSP residual norm 7.043177e-08
 38 (restart 0) KSP residual norm 5.246590e-08
 39 (restart 0) KSP residual norm 3.699631e-08
 40 (restart 0) KSP residual norm 2.213064e-08
 41 (restart 0) KSP residual norm 1.466562e-08
 42 (restart 0) KSP residual norm 8.632049e-09
 43 (restart 0) KSP residual norm 6.127711e-09
 44 (restart 0) KSP residual norm 4.330828e-09
 45 (restart 0) KSP residual norm 2.945525e-09
 46 (restart 0) KSP residual norm 1.940285e-09
 47 (restart 0) KSP residual norm 1.116041e-09
GMRES solver converged in 47 iterations (avg. reduction factor: 8.125e-01)
2 NLEPS (nconv=4, restart=0) residual norm 2.629181e-04
  Residual norms for GMRES solve
  0 (restart 0) KSP residual norm 2.536138e-05
  1 (restart 0) KSP residual norm 8.502912e-06
  2 (restart 0) KSP residual norm 6.140316e-06
  3 (restart 0) KSP residual norm 2.476893e-06
  4 (restart 0) KSP residual norm 8.912471e-07
  5 (restart 0) KSP residual norm 8.846116e-07
  6 (restart 0) KSP residual norm 8.566544e-07
  7 (restart 0) KSP residual norm 7.783986e-07
  8 (restart 0) KSP residual norm 6.912894e-07
  9 (restart 0) KSP residual norm 6.451026e-07
 10 (restart 0) KSP residual norm 6.132127e-07
 11 (restart 0) KSP residual norm 6.114691e-07
 12 (restart 0) KSP residual norm 5.235652e-07
 13 (restart 0) KSP residual norm 4.508149e-07
 14 (restart 0) KSP residual norm 3.582034e-07
 15 (restart 0) KSP residual norm 3.108170e-07
 16 (restart 0) KSP residual norm 3.034189e-07
 17 (restart 0) KSP residual norm 3.030187e-07
 18 (restart 0) KSP residual norm 3.028188e-07
 19 (restart 0) KSP residual norm 3.014383e-07
 20 (restart 0) KSP residual norm 2.964677e-07
 21 (restart 0) KSP residual norm 2.845189e-07
 22 (restart 0) KSP residual norm 2.752458e-07
 23 (restart 0) KSP residual norm 2.447932e-07
 24 (restart 0) KSP residual norm 2.045601e-07
 25 (restart 0) KSP residual norm 1.762200e-07
 26 (restart 0) KSP residual norm 1.545364e-07
 27 (restart 0) KSP residual norm 1.300697e-07
 28 (restart 0) KSP residual norm 1.078659e-07
 29 (restart 0) KSP residual norm 8.976618e-08
 30 (restart 0) KSP residual norm 7.118556e-08
 31 (restart 0) KSP residual norm 5.735739e-08
 32 (restart 0) KSP residual norm 4.652427e-08
 33 (restart 0) KSP residual norm 3.631486e-08
 34 (restart 0) KSP residual norm 2.867289e-08
 35 (restart 0) KSP residual norm 2.191646e-08
 36 (restart 0) KSP residual norm 1.792456e-08
 37 (restart 0) KSP residual norm 1.387161e-08
 38 (restart 0) KSP residual norm 1.147072e-08
 39 (restart 0) KSP residual norm 9.294831e-09
 40 (restart 0) KSP residual norm 7.834122e-09
 41 (restart 0) KSP residual norm 6.871528e-09
 42 (restart 0) KSP residual norm 5.560475e-09
 43 (restart 0) KSP residual norm 4.513111e-09
 44 (restart 0) KSP residual norm 3.390637e-09
 45 (restart 0) KSP residual norm 2.578398e-09
 46 (restart 0) KSP residual norm 1.917278e-09
GMRES solver converged in 46 iterations (avg. reduction factor: 8.136e-01)
3 NLEPS (nconv=4, restart=0) residual norm 1.814207e-05
  Residual norms for GMRES solve
  0 (restart 0) KSP residual norm 3.009298e-08
  1 (restart 0) KSP residual norm 1.874000e-09
  2 (restart 0) KSP residual norm 1.560917e-09
  3 (restart 0) KSP residual norm 1.495119e-09
  4 (restart 0) KSP residual norm 1.492203e-09
  5 (restart 0) KSP residual norm 1.478891e-09
  6 (restart 0) KSP residual norm 1.465329e-09
  7 (restart 0) KSP residual norm 1.413034e-09
  8 (restart 0) KSP residual norm 1.292539e-09
  9 (restart 0) KSP residual norm 1.250733e-09
 10 (restart 0) KSP residual norm 1.224690e-09
 11 (restart 0) KSP residual norm 1.100667e-09
 12 (restart 0) KSP residual norm 9.532934e-10
 13 (restart 0) KSP residual norm 8.187335e-10
 14 (restart 0) KSP residual norm 6.741033e-10
 15 (restart 0) KSP residual norm 6.027246e-10
 16 (restart 0) KSP residual norm 5.970686e-10
 17 (restart 0) KSP residual norm 5.633591e-10
 18 (restart 0) KSP residual norm 5.087223e-10
 19 (restart 0) KSP residual norm 4.505576e-10
 20 (restart 0) KSP residual norm 4.235354e-10
 21 (restart 0) KSP residual norm 3.913722e-10
 22 (restart 0) KSP residual norm 3.317200e-10
 23 (restart 0) KSP residual norm 3.098493e-10
 24 (restart 0) KSP residual norm 3.069689e-10
 25 (restart 0) KSP residual norm 3.064415e-10
 26 (restart 0) KSP residual norm 3.021331e-10
 27 (restart 0) KSP residual norm 2.974080e-10
 28 (restart 0) KSP residual norm 2.949489e-10
 29 (restart 0) KSP residual norm 2.944457e-10
 30 (restart 0) KSP residual norm 2.934455e-10
 31 (restart 0) KSP residual norm 2.933221e-10
 32 (restart 0) KSP residual norm 2.899851e-10
 33 (restart 0) KSP residual norm 2.882722e-10
 34 (restart 0) KSP residual norm 2.868570e-10
 35 (restart 0) KSP residual norm 2.805202e-10
 36 (restart 0) KSP residual norm 2.792045e-10
 37 (restart 0) KSP residual norm 2.788104e-10
 38 (restart 0) KSP residual norm 2.771822e-10
 39 (restart 0) KSP residual norm 2.729914e-10
 40 (restart 0) KSP residual norm 2.721975e-10
 41 (restart 0) KSP residual norm 2.688361e-10
 42 (restart 0) KSP residual norm 2.663871e-10
 43 (restart 0) KSP residual norm 2.627721e-10
 44 (restart 0) KSP residual norm 2.481813e-10
 45 (restart 0) KSP residual norm 2.057323e-10
 46 (restart 0) KSP residual norm 1.687815e-10
 47 (restart 0) KSP residual norm 1.286977e-10
 48 (restart 0) KSP residual norm 1.077124e-10
 49 (restart 0) KSP residual norm 8.616504e-11
 50 (restart 0) KSP residual norm 6.999194e-11
 51 (restart 0) KSP residual norm 5.774721e-11
 52 (restart 0) KSP residual norm 4.327457e-11
 53 (restart 0) KSP residual norm 3.176936e-11
 54 (restart 0) KSP residual norm 2.321210e-11
 55 (restart 0) KSP residual norm 1.642655e-11
 56 (restart 0) KSP residual norm 1.238160e-11
 57 (restart 0) KSP residual norm 8.790832e-12
 58 (restart 0) KSP residual norm 6.753138e-12
 59 (restart 0) KSP residual norm 4.914020e-12
 60 (restart 0) KSP residual norm 3.370952e-12
 61 (restart 0) KSP residual norm 2.312078e-12
 62 (restart 0) KSP residual norm 1.420409e-12
 63 (restart 0) KSP residual norm 8.660231e-13
GMRES solver converged in 63 iterations (avg. reduction factor: 8.471e-01)
4 NLEPS (nconv=4, restart=0) residual norm 9.504989e-09
Eigenvalue 4, Quasi-Newton converged in 4 iterations (-2.747e-04+9.673e+00i).
  Residual norms for GMRES solve
  0 (restart 0) KSP residual norm 2.662189e+01
  1 (restart 0) KSP residual norm 1.495293e+00
  2 (restart 0) KSP residual norm 4.801505e-01
  3 (restart 0) KSP residual norm 3.001681e-01
  4 (restart 0) KSP residual norm 2.988449e-01
  5 (restart 0) KSP residual norm 2.988379e-01
  6 (restart 0) KSP residual norm 2.724243e-01
  7 (restart 0) KSP residual norm 2.146169e-01
  8 (restart 0) KSP residual norm 1.264760e-01
  9 (restart 0) KSP residual norm 4.958623e-02
 10 (restart 0) KSP residual norm 3.372137e-02
 11 (restart 0) KSP residual norm 2.901560e-02
 12 (restart 0) KSP residual norm 2.518688e-02
 13 (restart 0) KSP residual norm 1.811942e-02
 14 (restart 0) KSP residual norm 1.498947e-02
 15 (restart 0) KSP residual norm 1.494733e-02
 16 (restart 0) KSP residual norm 1.448575e-02
 17 (restart 0) KSP residual norm 1.404936e-02
 18 (restart 0) KSP residual norm 1.339419e-02
 19 (restart 0) KSP residual norm 1.322209e-02
 20 (restart 0) KSP residual norm 1.292481e-02
 21 (restart 0) KSP residual norm 1.116636e-02
 22 (restart 0) KSP residual norm 6.464612e-03
 23 (restart 0) KSP residual norm 5.169887e-03
 24 (restart 0) KSP residual norm 3.333863e-03
 25 (restart 0) KSP residual norm 1.740328e-03
GMRES solver converged in 25 iterations (avg. reduction factor: 6.802e-01)
0 NLEPS (nconv=5, restart=0) residual norm 1.745650e-01
  Residual norms for GMRES solve
  0 (restart 0) KSP residual norm 7.112207e-01
  1 (restart 0) KSP residual norm 1.442400e-01
  2 (restart 0) KSP residual norm 6.131821e-02
  3 (restart 0) KSP residual norm 4.613911e-02
  4 (restart 0) KSP residual norm 4.550594e-02
  5 (restart 0) KSP residual norm 4.447395e-02
  6 (restart 0) KSP residual norm 4.032184e-02
  7 (restart 0) KSP residual norm 3.220531e-02
  8 (restart 0) KSP residual norm 1.879033e-02
  9 (restart 0) KSP residual norm 1.333864e-02
 10 (restart 0) KSP residual norm 8.800305e-03
 11 (restart 0) KSP residual norm 4.476104e-03
 12 (restart 0) KSP residual norm 3.584964e-03
 13 (restart 0) KSP residual norm 2.981699e-03
 14 (restart 0) KSP residual norm 2.577129e-03
 15 (restart 0) KSP residual norm 2.493920e-03
 16 (restart 0) KSP residual norm 2.473158e-03
 17 (restart 0) KSP residual norm 2.382467e-03
 18 (restart 0) KSP residual norm 2.249669e-03
 19 (restart 0) KSP residual norm 2.225182e-03
 20 (restart 0) KSP residual norm 2.215266e-03
 21 (restart 0) KSP residual norm 2.075718e-03
 22 (restart 0) KSP residual norm 1.731144e-03
 23 (restart 0) KSP residual norm 1.563780e-03
 24 (restart 0) KSP residual norm 9.225799e-04
 25 (restart 0) KSP residual norm 6.564440e-04
 26 (restart 0) KSP residual norm 4.871427e-04
 27 (restart 0) KSP residual norm 2.879961e-04
 28 (restart 0) KSP residual norm 1.971696e-04
 29 (restart 0) KSP residual norm 1.447643e-04
 30 (restart 0) KSP residual norm 9.099916e-05
 31 (restart 0) KSP residual norm 5.791838e-05
GMRES solver converged in 31 iterations (avg. reduction factor: 7.381e-01)
1 NLEPS (nconv=5, restart=0) residual norm 1.727427e-03
  Residual norms for GMRES solve
  0 (restart 0) KSP residual norm 2.136172e-07
  1 (restart 0) KSP residual norm 9.014799e-08
  2 (restart 0) KSP residual norm 8.141462e-08
  3 (restart 0) KSP residual norm 7.068859e-08
  4 (restart 0) KSP residual norm 5.915143e-08
  5 (restart 0) KSP residual norm 5.529112e-08
  6 (restart 0) KSP residual norm 5.265060e-08
  7 (restart 0) KSP residual norm 5.209426e-08
  8 (restart 0) KSP residual norm 5.132375e-08
  9 (restart 0) KSP residual norm 5.038843e-08
 10 (restart 0) KSP residual norm 4.706081e-08
 11 (restart 0) KSP residual norm 4.261352e-08
 12 (restart 0) KSP residual norm 3.415948e-08
 13 (restart 0) KSP residual norm 2.901053e-08
 14 (restart 0) KSP residual norm 2.365667e-08
 15 (restart 0) KSP residual norm 2.059481e-08
 16 (restart 0) KSP residual norm 1.779642e-08
 17 (restart 0) KSP residual norm 1.607132e-08
 18 (restart 0) KSP residual norm 1.484369e-08
 19 (restart 0) KSP residual norm 1.432549e-08
 20 (restart 0) KSP residual norm 1.427875e-08
 21 (restart 0) KSP residual norm 1.364156e-08
 22 (restart 0) KSP residual norm 1.318483e-08
 23 (restart 0) KSP residual norm 1.288690e-08
 24 (restart 0) KSP residual norm 1.168139e-08
 25 (restart 0) KSP residual norm 1.159859e-08
 26 (restart 0) KSP residual norm 1.112403e-08
 27 (restart 0) KSP residual norm 1.040843e-08
 28 (restart 0) KSP residual norm 9.412507e-09
 29 (restart 0) KSP residual norm 8.769052e-09
 30 (restart 0) KSP residual norm 8.686279e-09
 31 (restart 0) KSP residual norm 8.646520e-09
 32 (restart 0) KSP residual norm 8.561902e-09
 33 (restart 0) KSP residual norm 8.551609e-09
 34 (restart 0) KSP residual norm 8.509193e-09
 35 (restart 0) KSP residual norm 8.478693e-09
 36 (restart 0) KSP residual norm 7.955907e-09
 37 (restart 0) KSP residual norm 7.764702e-09
 38 (restart 0) KSP residual norm 7.544407e-09
 39 (restart 0) KSP residual norm 7.221297e-09
 40 (restart 0) KSP residual norm 6.952586e-09
 41 (restart 0) KSP residual norm 6.402298e-09
 42 (restart 0) KSP residual norm 5.154002e-09
 43 (restart 0) KSP residual norm 3.724557e-09
 44 (restart 0) KSP residual norm 1.834015e-09
 45 (restart 0) KSP residual norm 1.292202e-09
 46 (restart 0) KSP residual norm 9.452962e-10
 47 (restart 0) KSP residual norm 6.543964e-10
 48 (restart 0) KSP residual norm 4.818265e-10
 49 (restart 0) KSP residual norm 3.662754e-10
 50 (restart 0) KSP residual norm 2.701384e-10
 51 (restart 0) KSP residual norm 2.111913e-10
 52 (restart 0) KSP residual norm 1.610287e-10
 53 (restart 0) KSP residual norm 1.252451e-10
 54 (restart 0) KSP residual norm 9.781389e-11
 55 (restart 0) KSP residual norm 7.625408e-11
 56 (restart 0) KSP residual norm 6.171944e-11
 57 (restart 0) KSP residual norm 4.960531e-11
 58 (restart 0) KSP residual norm 3.916717e-11
 59 (restart 0) KSP residual norm 2.965844e-11
 60 (restart 0) KSP residual norm 2.092799e-11
GMRES solver converged in 60 iterations (avg. reduction factor: 8.574e-01)
2 NLEPS (nconv=5, restart=0) residual norm 6.197406e-07
  Residual norms for GMRES solve
  0 (restart 0) KSP residual norm 3.765154e-09
  1 (restart 0) KSP residual norm 2.232834e-09
  2 (restart 0) KSP residual norm 2.200215e-09
  3 (restart 0) KSP residual norm 1.612949e-09
  4 (restart 0) KSP residual norm 7.139873e-10
  5 (restart 0) KSP residual norm 4.356358e-10
  6 (restart 0) KSP residual norm 3.615016e-10
  7 (restart 0) KSP residual norm 3.124873e-10
  8 (restart 0) KSP residual norm 2.619549e-10
  9 (restart 0) KSP residual norm 2.436166e-10
 10 (restart 0) KSP residual norm 2.390232e-10
 11 (restart 0) KSP residual norm 1.978150e-10
 12 (restart 0) KSP residual norm 1.933837e-10
 13 (restart 0) KSP residual norm 1.912655e-10
 14 (restart 0) KSP residual norm 1.777611e-10
 15 (restart 0) KSP residual norm 1.729384e-10
 16 (restart 0) KSP residual norm 1.705701e-10
 17 (restart 0) KSP residual norm 1.661511e-10
 18 (restart 0) KSP residual norm 1.484977e-10
 19 (restart 0) KSP residual norm 1.441740e-10
 20 (restart 0) KSP residual norm 1.427827e-10
 21 (restart 0) KSP residual norm 1.366249e-10
 22 (restart 0) KSP residual norm 1.359612e-10
 23 (restart 0) KSP residual norm 1.356885e-10
 24 (restart 0) KSP residual norm 1.302374e-10
 25 (restart 0) KSP residual norm 1.218874e-10
 26 (restart 0) KSP residual norm 1.216088e-10
 27 (restart 0) KSP residual norm 1.186191e-10
 28 (restart 0) KSP residual norm 1.184253e-10
 29 (restart 0) KSP residual norm 1.080529e-10
 30 (restart 0) KSP residual norm 1.037618e-10
 31 (restart 0) KSP residual norm 8.488864e-11
 32 (restart 0) KSP residual norm 7.558172e-11
 33 (restart 0) KSP residual norm 5.826545e-11
 34 (restart 0) KSP residual norm 4.948810e-11
 35 (restart 0) KSP residual norm 4.188333e-11
 36 (restart 0) KSP residual norm 3.678276e-11
 37 (restart 0) KSP residual norm 3.281829e-11
 38 (restart 0) KSP residual norm 2.991603e-11
 39 (restart 0) KSP residual norm 2.653530e-11
 40 (restart 0) KSP residual norm 2.324300e-11
 41 (restart 0) KSP residual norm 1.859366e-11
 42 (restart 0) KSP residual norm 1.543199e-11
 43 (restart 0) KSP residual norm 1.166853e-11
 44 (restart 0) KSP residual norm 9.264730e-12
 45 (restart 0) KSP residual norm 6.897072e-12
 46 (restart 0) KSP residual norm 4.763279e-12
 47 (restart 0) KSP residual norm 3.321360e-12
 48 (restart 0) KSP residual norm 2.289322e-12
 49 (restart 0) KSP residual norm 1.565286e-12
 50 (restart 0) KSP residual norm 1.156565e-12
 51 (restart 0) KSP residual norm 9.178482e-13
GMRES solver converged in 51 iterations (avg. reduction factor: 8.495e-01)
3 NLEPS (nconv=5, restart=0) residual norm 5.522480e-09
Eigenvalue 5, Quasi-Newton converged in 3 iterations (-4.672e-04+1.031e+01i).
  Residual norms for GMRES solve
  0 (restart 0) KSP residual norm 2.771360e+01
  1 (restart 0) KSP residual norm 9.742855e+00
  2 (restart 0) KSP residual norm 1.987277e+00
  3 (restart 0) KSP residual norm 1.972004e+00
  4 (restart 0) KSP residual norm 5.836557e-01
  5 (restart 0) KSP residual norm 5.570701e-01
  6 (restart 0) KSP residual norm 3.449194e-01
  7 (restart 0) KSP residual norm 2.668046e-01
  8 (restart 0) KSP residual norm 2.539292e-01
  9 (restart 0) KSP residual norm 2.538559e-01
 10 (restart 0) KSP residual norm 2.463746e-01
 11 (restart 0) KSP residual norm 2.004036e-01
 12 (restart 0) KSP residual norm 1.142711e-01
 13 (restart 0) KSP residual norm 8.058715e-02
 14 (restart 0) KSP residual norm 7.689331e-02
 15 (restart 0) KSP residual norm 7.671730e-02
 16 (restart 0) KSP residual norm 6.545028e-02
 17 (restart 0) KSP residual norm 4.605816e-02
 18 (restart 0) KSP residual norm 4.168653e-02
 19 (restart 0) KSP residual norm 3.969233e-02
 20 (restart 0) KSP residual norm 3.965817e-02
 21 (restart 0) KSP residual norm 3.885795e-02
 22 (restart 0) KSP residual norm 3.872080e-02
 23 (restart 0) KSP residual norm 3.685033e-02
 24 (restart 0) KSP residual norm 3.627159e-02
 25 (restart 0) KSP residual norm 3.595862e-02
 26 (restart 0) KSP residual norm 3.359681e-02
 27 (restart 0) KSP residual norm 2.803418e-02
 28 (restart 0) KSP residual norm 1.959969e-02
 29 (restart 0) KSP residual norm 1.178755e-02
 30 (restart 0) KSP residual norm 7.616521e-03
 31 (restart 0) KSP residual norm 4.863577e-03
 32 (restart 0) KSP residual norm 3.065140e-03
 33 (restart 0) KSP residual norm 1.983031e-03
GMRES solver converged in 33 iterations (avg. reduction factor: 7.488e-01)
0 NLEPS (nconv=6, restart=0) residual norm 2.074862e-01
  Residual norms for GMRES solve
  0 (restart 0) KSP residual norm 4.990840e+00
  1 (restart 0) KSP residual norm 1.049545e+00
  2 (restart 0) KSP residual norm 7.268789e-01
  3 (restart 0) KSP residual norm 3.657704e-01
  4 (restart 0) KSP residual norm 3.160608e-01
  5 (restart 0) KSP residual norm 2.036127e-01
  6 (restart 0) KSP residual norm 1.156184e-01
  7 (restart 0) KSP residual norm 9.728272e-02
  8 (restart 0) KSP residual norm 9.671321e-02
  9 (restart 0) KSP residual norm 9.553840e-02
 10 (restart 0) KSP residual norm 9.226922e-02
 11 (restart 0) KSP residual norm 7.997788e-02
 12 (restart 0) KSP residual norm 5.732240e-02
 13 (restart 0) KSP residual norm 4.979778e-02
 14 (restart 0) KSP residual norm 4.616012e-02
 15 (restart 0) KSP residual norm 4.528390e-02
 16 (restart 0) KSP residual norm 3.289086e-02
 17 (restart 0) KSP residual norm 2.262224e-02
 18 (restart 0) KSP residual norm 2.002983e-02
 19 (restart 0) KSP residual norm 1.951152e-02
 20 (restart 0) KSP residual norm 1.885955e-02
 21 (restart 0) KSP residual norm 1.804259e-02
 22 (restart 0) KSP residual norm 1.750796e-02
 23 (restart 0) KSP residual norm 1.665866e-02
 24 (restart 0) KSP residual norm 1.586303e-02
 25 (restart 0) KSP residual norm 1.567723e-02
 26 (restart 0) KSP residual norm 1.466264e-02
 27 (restart 0) KSP residual norm 1.233894e-02
 28 (restart 0) KSP residual norm 1.085780e-02
 29 (restart 0) KSP residual norm 6.711154e-03
 30 (restart 0) KSP residual norm 4.045838e-03
 31 (restart 0) KSP residual norm 2.273335e-03
 32 (restart 0) KSP residual norm 1.403797e-03
 33 (restart 0) KSP residual norm 8.428566e-04
 34 (restart 0) KSP residual norm 5.190116e-04
 35 (restart 0) KSP residual norm 3.218491e-04
GMRES solver converged in 35 iterations (avg. reduction factor: 7.591e-01)
1 NLEPS (nconv=6, restart=0) residual norm 7.619136e-03
  Residual norms for GMRES solve
  0 (restart 0) KSP residual norm 3.983871e-05
  1 (restart 0) KSP residual norm 1.646794e-05
  2 (restart 0) KSP residual norm 1.463223e-05
  3 (restart 0) KSP residual norm 1.389447e-05
  4 (restart 0) KSP residual norm 1.262496e-05
  5 (restart 0) KSP residual norm 1.262267e-05
  6 (restart 0) KSP residual norm 1.024025e-05
  7 (restart 0) KSP residual norm 5.725301e-06
  8 (restart 0) KSP residual norm 4.987365e-06
  9 (restart 0) KSP residual norm 4.949725e-06
 10 (restart 0) KSP residual norm 4.813661e-06
 11 (restart 0) KSP residual norm 4.444103e-06
 12 (restart 0) KSP residual norm 4.350914e-06
 13 (restart 0) KSP residual norm 2.758261e-06
 14 (restart 0) KSP residual norm 2.454089e-06
 15 (restart 0) KSP residual norm 2.084753e-06
 16 (restart 0) KSP residual norm 1.976791e-06
 17 (restart 0) KSP residual norm 1.785480e-06
 18 (restart 0) KSP residual norm 1.355337e-06
 19 (restart 0) KSP residual norm 9.460275e-07
 20 (restart 0) KSP residual norm 7.207117e-07
 21 (restart 0) KSP residual norm 4.535479e-07
 22 (restart 0) KSP residual norm 3.775780e-07
 23 (restart 0) KSP residual norm 3.219916e-07
 24 (restart 0) KSP residual norm 2.754503e-07
 25 (restart 0) KSP residual norm 2.238612e-07
 26 (restart 0) KSP residual norm 1.985502e-07
 27 (restart 0) KSP residual norm 1.785138e-07
 28 (restart 0) KSP residual norm 1.506656e-07
 29 (restart 0) KSP residual norm 1.372303e-07
 30 (restart 0) KSP residual norm 1.320998e-07
 31 (restart 0) KSP residual norm 1.276188e-07
 32 (restart 0) KSP residual norm 1.256484e-07
 33 (restart 0) KSP residual norm 1.252167e-07
 34 (restart 0) KSP residual norm 1.240591e-07
 35 (restart 0) KSP residual norm 1.228754e-07
 36 (restart 0) KSP residual norm 1.204066e-07
 37 (restart 0) KSP residual norm 1.186495e-07
 38 (restart 0) KSP residual norm 1.184641e-07
 39 (restart 0) KSP residual norm 1.169864e-07
 40 (restart 0) KSP residual norm 1.169364e-07
 41 (restart 0) KSP residual norm 1.161594e-07
 42 (restart 0) KSP residual norm 1.157436e-07
 43 (restart 0) KSP residual norm 1.138094e-07
 44 (restart 0) KSP residual norm 1.122308e-07
 45 (restart 0) KSP residual norm 1.100318e-07
 46 (restart 0) KSP residual norm 1.094801e-07
 47 (restart 0) KSP residual norm 1.089276e-07
 48 (restart 0) KSP residual norm 1.055551e-07
 49 (restart 0) KSP residual norm 9.351051e-08
 50 (restart 0) KSP residual norm 7.697368e-08
 51 (restart 0) KSP residual norm 5.997599e-08
 52 (restart 0) KSP residual norm 4.906632e-08
 53 (restart 0) KSP residual norm 4.027632e-08
 54 (restart 0) KSP residual norm 3.335376e-08
 55 (restart 0) KSP residual norm 2.572755e-08
 56 (restart 0) KSP residual norm 1.966492e-08
 57 (restart 0) KSP residual norm 1.530522e-08
 58 (restart 0) KSP residual norm 1.206525e-08
 59 (restart 0) KSP residual norm 9.455537e-09
 60 (restart 0) KSP residual norm 7.500989e-09
 61 (restart 0) KSP residual norm 5.760438e-09
 62 (restart 0) KSP residual norm 4.345947e-09
 63 (restart 0) KSP residual norm 3.167768e-09
GMRES solver converged in 63 iterations (avg. reduction factor: 8.609e-01)
2 NLEPS (nconv=6, restart=0) residual norm 2.911807e-05
  Residual norms for GMRES solve
  0 (restart 0) KSP residual norm 1.138616e-06
  1 (restart 0) KSP residual norm 6.147966e-07
  2 (restart 0) KSP residual norm 5.284567e-07
  3 (restart 0) KSP residual norm 4.850643e-07
  4 (restart 0) KSP residual norm 3.708714e-07
  5 (restart 0) KSP residual norm 3.163591e-07
  6 (restart 0) KSP residual norm 3.132142e-07
  7 (restart 0) KSP residual norm 2.340768e-07
  8 (restart 0) KSP residual norm 2.034595e-07
  9 (restart 0) KSP residual norm 2.022360e-07
 10 (restart 0) KSP residual norm 1.897784e-07
 11 (restart 0) KSP residual norm 1.887049e-07
 12 (restart 0) KSP residual norm 1.549291e-07
 13 (restart 0) KSP residual norm 7.068556e-08
 14 (restart 0) KSP residual norm 2.884420e-08
 15 (restart 0) KSP residual norm 2.223343e-08
 16 (restart 0) KSP residual norm 1.818593e-08
 17 (restart 0) KSP residual norm 1.647399e-08
 18 (restart 0) KSP residual norm 1.079703e-08
 19 (restart 0) KSP residual norm 9.387995e-09
 20 (restart 0) KSP residual norm 7.080528e-09
 21 (restart 0) KSP residual norm 6.128082e-09
 22 (restart 0) KSP residual norm 4.660066e-09
 23 (restart 0) KSP residual norm 4.002334e-09
 24 (restart 0) KSP residual norm 3.419318e-09
 25 (restart 0) KSP residual norm 3.114542e-09
 26 (restart 0) KSP residual norm 2.917639e-09
 27 (restart 0) KSP residual norm 2.747271e-09
 28 (restart 0) KSP residual norm 2.530834e-09
 29 (restart 0) KSP residual norm 2.418336e-09
 30 (restart 0) KSP residual norm 2.377375e-09
 31 (restart 0) KSP residual norm 2.356989e-09
 32 (restart 0) KSP residual norm 2.349660e-09
 33 (restart 0) KSP residual norm 2.348583e-09
 34 (restart 0) KSP residual norm 2.346568e-09
 35 (restart 0) KSP residual norm 2.275541e-09
 36 (restart 0) KSP residual norm 2.250870e-09
 37 (restart 0) KSP residual norm 2.206577e-09
 38 (restart 0) KSP residual norm 2.192806e-09
 39 (restart 0) KSP residual norm 2.181184e-09
 40 (restart 0) KSP residual norm 2.169400e-09
 41 (restart 0) KSP residual norm 2.157385e-09
 42 (restart 0) KSP residual norm 2.133201e-09
 43 (restart 0) KSP residual norm 1.995051e-09
 44 (restart 0) KSP residual norm 1.901410e-09
 45 (restart 0) KSP residual norm 1.834279e-09
 46 (restart 0) KSP residual norm 1.795669e-09
 47 (restart 0) KSP residual norm 1.792486e-09
 48 (restart 0) KSP residual norm 1.755743e-09
 49 (restart 0) KSP residual norm 1.611961e-09
 50 (restart 0) KSP residual norm 1.312304e-09
 51 (restart 0) KSP residual norm 1.082935e-09
 52 (restart 0) KSP residual norm 9.217496e-10
 53 (restart 0) KSP residual norm 8.364476e-10
 54 (restart 0) KSP residual norm 7.075295e-10
 55 (restart 0) KSP residual norm 5.635152e-10
 56 (restart 0) KSP residual norm 4.151972e-10
 57 (restart 0) KSP residual norm 3.129668e-10
 58 (restart 0) KSP residual norm 2.422512e-10
 59 (restart 0) KSP residual norm 1.869750e-10
 60 (restart 0) KSP residual norm 1.406973e-10
 61 (restart 0) KSP residual norm 1.015255e-10
 62 (restart 0) KSP residual norm 7.480143e-11
 63 (restart 0) KSP residual norm 5.248568e-11
 64 (restart 0) KSP residual norm 3.844315e-11
 65 (restart 0) KSP residual norm 2.701755e-11
GMRES solver converged in 65 iterations (avg. reduction factor: 8.489e-01)
3 NLEPS (nconv=6, restart=0) residual norm 2.772987e-07
  Residual norms for GMRES solve
  0 (restart 0) KSP residual norm 3.283012e-08
  1 (restart 0) KSP residual norm 2.347383e-08
  2 (restart 0) KSP residual norm 1.971566e-08
  3 (restart 0) KSP residual norm 1.654350e-08
  4 (restart 0) KSP residual norm 9.162673e-09
  5 (restart 0) KSP residual norm 9.063111e-09
  6 (restart 0) KSP residual norm 7.265359e-09
  7 (restart 0) KSP residual norm 6.597700e-09
  8 (restart 0) KSP residual norm 6.568581e-09
  9 (restart 0) KSP residual norm 6.363744e-09
 10 (restart 0) KSP residual norm 5.782643e-09
 11 (restart 0) KSP residual norm 5.718840e-09
 12 (restart 0) KSP residual norm 3.987778e-09
 13 (restart 0) KSP residual norm 1.708988e-09
 14 (restart 0) KSP residual norm 6.838282e-10
 15 (restart 0) KSP residual norm 3.371696e-10
 16 (restart 0) KSP residual norm 1.892889e-10
 17 (restart 0) KSP residual norm 1.630261e-10
 18 (restart 0) KSP residual norm 1.271156e-10
 19 (restart 0) KSP residual norm 1.075805e-10
 20 (restart 0) KSP residual norm 7.549529e-11
 21 (restart 0) KSP residual norm 6.556425e-11
 22 (restart 0) KSP residual norm 6.217265e-11
 23 (restart 0) KSP residual norm 5.977504e-11
 24 (restart 0) KSP residual norm 5.415061e-11
 25 (restart 0) KSP residual norm 4.973659e-11
 26 (restart 0) KSP residual norm 4.670145e-11
 27 (restart 0) KSP residual norm 4.621218e-11
 28 (restart 0) KSP residual norm 4.613535e-11
 29 (restart 0) KSP residual norm 4.602719e-11
 30 (restart 0) KSP residual norm 4.579404e-11
 31 (restart 0) KSP residual norm 4.503624e-11
 32 (restart 0) KSP residual norm 4.326830e-11
 33 (restart 0) KSP residual norm 4.298673e-11
 34 (restart 0) KSP residual norm 4.226085e-11
 35 (restart 0) KSP residual norm 4.186713e-11
 36 (restart 0) KSP residual norm 4.180619e-11
 37 (restart 0) KSP residual norm 4.110618e-11
 38 (restart 0) KSP residual norm 4.026624e-11
 39 (restart 0) KSP residual norm 3.910108e-11
 40 (restart 0) KSP residual norm 3.744218e-11
 41 (restart 0) KSP residual norm 3.635537e-11
 42 (restart 0) KSP residual norm 3.447449e-11
 43 (restart 0) KSP residual norm 3.340209e-11
 44 (restart 0) KSP residual norm 2.875834e-11
 45 (restart 0) KSP residual norm 2.439171e-11
 46 (restart 0) KSP residual norm 2.148729e-11
 47 (restart 0) KSP residual norm 1.923273e-11
 48 (restart 0) KSP residual norm 1.790099e-11
 49 (restart 0) KSP residual norm 1.676145e-11
 50 (restart 0) KSP residual norm 1.561134e-11
 51 (restart 0) KSP residual norm 1.264440e-11
 52 (restart 0) KSP residual norm 9.801896e-12
 53 (restart 0) KSP residual norm 6.681579e-12
 54 (restart 0) KSP residual norm 4.841186e-12
 55 (restart 0) KSP residual norm 3.610696e-12
 56 (restart 0) KSP residual norm 2.662223e-12
 57 (restart 0) KSP residual norm 2.018955e-12
 58 (restart 0) KSP residual norm 1.531895e-12
 59 (restart 0) KSP residual norm 1.196284e-12
 60 (restart 0) KSP residual norm 9.233512e-13
GMRES solver converged in 60 iterations (avg. reduction factor: 8.398e-01)
4 NLEPS (nconv=6, restart=0) residual norm 6.574027e-09
Eigenvalue 6, Quasi-Newton converged in 4 iterations (-2.722e-04+1.011e+01i).
  Residual norms for GMRES solve
  0 (restart 0) KSP residual norm 2.771087e+01
  1 (restart 0) KSP residual norm 1.013209e+01
  2 (restart 0) KSP residual norm 1.970527e+00
  3 (restart 0) KSP residual norm 1.961473e+00
  4 (restart 0) KSP residual norm 5.756261e-01
  5 (restart 0) KSP residual norm 5.575413e-01
  6 (restart 0) KSP residual norm 3.470100e-01
  7 (restart 0) KSP residual norm 2.661179e-01
  8 (restart 0) KSP residual norm 2.516080e-01
  9 (restart 0) KSP residual norm 2.512435e-01
 10 (restart 0) KSP residual norm 2.477332e-01
 11 (restart 0) KSP residual norm 2.276434e-01
 12 (restart 0) KSP residual norm 1.840280e-01
 13 (restart 0) KSP residual norm 1.781838e-01
 14 (restart 0) KSP residual norm 9.274737e-02
 15 (restart 0) KSP residual norm 3.921365e-02
 16 (restart 0) KSP residual norm 1.634395e-02
 17 (restart 0) KSP residual norm 8.466439e-03
 18 (restart 0) KSP residual norm 6.960316e-03
 19 (restart 0) KSP residual norm 6.777111e-03
 20 (restart 0) KSP residual norm 6.759190e-03
 21 (restart 0) KSP residual norm 6.719249e-03
 22 (restart 0) KSP residual norm 6.684476e-03
 23 (restart 0) KSP residual norm 6.681932e-03
 24 (restart 0) KSP residual norm 6.625978e-03
 25 (restart 0) KSP residual norm 6.587905e-03
 26 (restart 0) KSP residual norm 6.582091e-03
 27 (restart 0) KSP residual norm 6.153823e-03
 28 (restart 0) KSP residual norm 5.614746e-03
 29 (restart 0) KSP residual norm 4.928666e-03
 30 (restart 0) KSP residual norm 4.542823e-03
 31 (restart 0) KSP residual norm 3.942705e-03
 32 (restart 0) KSP residual norm 2.914058e-03
 33 (restart 0) KSP residual norm 1.890064e-03
GMRES solver converged in 33 iterations (avg. reduction factor: 7.477e-01)
0 NLEPS (nconv=7, restart=0) residual norm 8.970361e-01
  Residual norms for GMRES solve
  0 (restart 0) KSP residual norm 1.451221e+01
  1 (restart 0) KSP residual norm 1.335597e+00
  2 (restart 0) KSP residual norm 1.320179e+00
  3 (restart 0) KSP residual norm 9.362349e-01
  4 (restart 0) KSP residual norm 9.272368e-01
  5 (restart 0) KSP residual norm 8.483121e-01
  6 (restart 0) KSP residual norm 8.479050e-01
  7 (restart 0) KSP residual norm 6.914860e-01
  8 (restart 0) KSP residual norm 5.512591e-01
  9 (restart 0) KSP residual norm 3.736621e-01
 10 (restart 0) KSP residual norm 3.222407e-01
 11 (restart 0) KSP residual norm 3.145643e-01
 12 (restart 0) KSP residual norm 3.091909e-01
 13 (restart 0) KSP residual norm 2.065532e-01
 14 (restart 0) KSP residual norm 7.443975e-02
 15 (restart 0) KSP residual norm 3.783871e-02
 16 (restart 0) KSP residual norm 2.973904e-02
 17 (restart 0) KSP residual norm 2.728226e-02
 18 (restart 0) KSP residual norm 2.588424e-02
 19 (restart 0) KSP residual norm 2.479009e-02
 20 (restart 0) KSP residual norm 2.474923e-02
 21 (restart 0) KSP residual norm 2.435868e-02
 22 (restart 0) KSP residual norm 2.356978e-02
 23 (restart 0) KSP residual norm 2.130686e-02
 24 (restart 0) KSP residual norm 2.125141e-02
 25 (restart 0) KSP residual norm 2.113313e-02
 26 (restart 0) KSP residual norm 2.089695e-02
 27 (restart 0) KSP residual norm 1.887688e-02
 28 (restart 0) KSP residual norm 1.384759e-02
 29 (restart 0) KSP residual norm 8.678642e-03
 30 (restart 0) KSP residual norm 6.306635e-03
 31 (restart 0) KSP residual norm 4.046833e-03
 32 (restart 0) KSP residual norm 2.408026e-03
 33 (restart 0) KSP residual norm 1.681758e-03
 34 (restart 0) KSP residual norm 1.270018e-03
GMRES solver converged in 34 iterations (avg. reduction factor: 7.597e-01)
1 NLEPS (nconv=7, restart=0) residual norm 7.725444e-03
  Residual norms for GMRES solve
  0 (restart 0) KSP residual norm 6.130398e-05
  1 (restart 0) KSP residual norm 3.064721e-05
  2 (restart 0) KSP residual norm 2.648361e-05
  3 (restart 0) KSP residual norm 2.362601e-05
  4 (restart 0) KSP residual norm 1.757234e-05
  5 (restart 0) KSP residual norm 1.661429e-05
  6 (restart 0) KSP residual norm 1.584353e-05
  7 (restart 0) KSP residual norm 1.153076e-05
  8 (restart 0) KSP residual norm 1.068037e-05
  9 (restart 0) KSP residual norm 1.027929e-05
 10 (restart 0) KSP residual norm 9.084485e-06
 11 (restart 0) KSP residual norm 7.997458e-06
 12 (restart 0) KSP residual norm 7.830345e-06
 13 (restart 0) KSP residual norm 6.264506e-06
 14 (restart 0) KSP residual norm 6.260530e-06
 15 (restart 0) KSP residual norm 5.597466e-06
 16 (restart 0) KSP residual norm 5.567719e-06
 17 (restart 0) KSP residual norm 5.543097e-06
 18 (restart 0) KSP residual norm 5.482004e-06
 19 (restart 0) KSP residual norm 5.464949e-06
 20 (restart 0) KSP residual norm 5.392406e-06
 21 (restart 0) KSP residual norm 5.334144e-06
 22 (restart 0) KSP residual norm 5.333675e-06
 23 (restart 0) KSP residual norm 5.206030e-06
 24 (restart 0) KSP residual norm 5.134851e-06
 25 (restart 0) KSP residual norm 5.042096e-06
 26 (restart 0) KSP residual norm 5.027961e-06
 27 (restart 0) KSP residual norm 5.008427e-06
 28 (restart 0) KSP residual norm 4.910988e-06
 29 (restart 0) KSP residual norm 4.889709e-06
 30 (restart 0) KSP residual norm 4.819644e-06
 31 (restart 0) KSP residual norm 4.504474e-06
 32 (restart 0) KSP residual norm 4.360293e-06
 33 (restart 0) KSP residual norm 4.279589e-06
 34 (restart 0) KSP residual norm 4.256615e-06
 35 (restart 0) KSP residual norm 4.192851e-06
 36 (restart 0) KSP residual norm 4.116573e-06
 37 (restart 0) KSP residual norm 4.031432e-06
 38 (restart 0) KSP residual norm 3.949712e-06
 39 (restart 0) KSP residual norm 3.906041e-06
 40 (restart 0) KSP residual norm 3.787299e-06
 41 (restart 0) KSP residual norm 3.715909e-06
 42 (restart 0) KSP residual norm 3.611190e-06
 43 (restart 0) KSP residual norm 3.421479e-06
 44 (restart 0) KSP residual norm 3.091277e-06
 45 (restart 0) KSP residual norm 2.507599e-06
 46 (restart 0) KSP residual norm 1.944268e-06
 47 (restart 0) KSP residual norm 1.362771e-06
 48 (restart 0) KSP residual norm 1.042953e-06
 49 (restart 0) KSP residual norm 7.243374e-07
 50 (restart 0) KSP residual norm 5.227253e-07
 51 (restart 0) KSP residual norm 3.539949e-07
 52 (restart 0) KSP residual norm 2.465532e-07
 53 (restart 0) KSP residual norm 1.705578e-07
 54 (restart 0) KSP residual norm 1.204401e-07
 55 (restart 0) KSP residual norm 8.417637e-08
 56 (restart 0) KSP residual norm 5.851181e-08
 57 (restart 0) KSP residual norm 4.294482e-08
 58 (restart 0) KSP residual norm 3.203285e-08
 59 (restart 0) KSP residual norm 2.384340e-08
 60 (restart 0) KSP residual norm 1.872457e-08
 61 (restart 0) KSP residual norm 1.501383e-08
 62 (restart 0) KSP residual norm 1.223916e-08
 63 (restart 0) KSP residual norm 9.768263e-09
 64 (restart 0) KSP residual norm 7.825803e-09
 65 (restart 0) KSP residual norm 5.848045e-09
GMRES solver converged in 65 iterations (avg. reduction factor: 8.673e-01)
2 NLEPS (nconv=7, restart=0) residual norm 5.028656e-05
  Residual norms for GMRES solve
  0 (restart 0) KSP residual norm 1.918535e-07
  1 (restart 0) KSP residual norm 3.943646e-08
  2 (restart 0) KSP residual norm 3.863029e-08
  3 (restart 0) KSP residual norm 2.157179e-08
  4 (restart 0) KSP residual norm 2.026070e-08
  5 (restart 0) KSP residual norm 1.790227e-08
  6 (restart 0) KSP residual norm 1.772379e-08
  7 (restart 0) KSP residual norm 1.683891e-08
  8 (restart 0) KSP residual norm 1.635499e-08
  9 (restart 0) KSP residual norm 1.626890e-08
 10 (restart 0) KSP residual norm 1.617589e-08
 11 (restart 0) KSP residual norm 1.424389e-08
 12 (restart 0) KSP residual norm 1.418669e-08
 13 (restart 0) KSP residual norm 1.400209e-08
 14 (restart 0) KSP residual norm 1.369255e-08
 15 (restart 0) KSP residual norm 1.312547e-08
 16 (restart 0) KSP residual norm 1.310397e-08
 17 (restart 0) KSP residual norm 1.265301e-08
 18 (restart 0) KSP residual norm 1.245864e-08
 19 (restart 0) KSP residual norm 1.235715e-08
 20 (restart 0) KSP residual norm 1.222199e-08
 21 (restart 0) KSP residual norm 1.138050e-08
 22 (restart 0) KSP residual norm 1.082142e-08
 23 (restart 0) KSP residual norm 9.997662e-09
 24 (restart 0) KSP residual norm 9.625941e-09
 25 (restart 0) KSP residual norm 9.300131e-09
 26 (restart 0) KSP residual norm 9.157070e-09
 27 (restart 0) KSP residual norm 9.094798e-09
 28 (restart 0) KSP residual norm 9.033288e-09
 29 (restart 0) KSP residual norm 8.725426e-09
 30 (restart 0) KSP residual norm 8.400837e-09
 31 (restart 0) KSP residual norm 7.924845e-09
 32 (restart 0) KSP residual norm 7.815049e-09
 33 (restart 0) KSP residual norm 7.768471e-09
 34 (restart 0) KSP residual norm 7.696222e-09
 35 (restart 0) KSP residual norm 7.635347e-09
 36 (restart 0) KSP residual norm 7.600392e-09
 37 (restart 0) KSP residual norm 7.214050e-09
 38 (restart 0) KSP residual norm 7.204221e-09
 39 (restart 0) KSP residual norm 6.896033e-09
 40 (restart 0) KSP residual norm 6.800655e-09
 41 (restart 0) KSP residual norm 6.451321e-09
 42 (restart 0) KSP residual norm 6.252967e-09
 43 (restart 0) KSP residual norm 5.773786e-09
 44 (restart 0) KSP residual norm 5.597839e-09
 45 (restart 0) KSP residual norm 5.399669e-09
 46 (restart 0) KSP residual norm 5.086334e-09
 47 (restart 0) KSP residual norm 4.416626e-09
 48 (restart 0) KSP residual norm 3.578200e-09
 49 (restart 0) KSP residual norm 2.939660e-09
 50 (restart 0) KSP residual norm 2.348063e-09
 51 (restart 0) KSP residual norm 1.777163e-09
 52 (restart 0) KSP residual norm 1.245532e-09
 53 (restart 0) KSP residual norm 9.784424e-10
 54 (restart 0) KSP residual norm 7.561125e-10
 55 (restart 0) KSP residual norm 5.918328e-10
 56 (restart 0) KSP residual norm 4.647719e-10
 57 (restart 0) KSP residual norm 3.628883e-10
 58 (restart 0) KSP residual norm 2.835453e-10
 59 (restart 0) KSP residual norm 2.130111e-10
 60 (restart 0) KSP residual norm 1.570566e-10
 61 (restart 0) KSP residual norm 1.110642e-10
 62 (restart 0) KSP residual norm 7.944636e-11
 63 (restart 0) KSP residual norm 5.885070e-11
 64 (restart 0) KSP residual norm 4.381499e-11
 65 (restart 0) KSP residual norm 3.010856e-11
 66 (restart 0) KSP residual norm 2.025005e-11
 67 (restart 0) KSP residual norm 1.323720e-11
 68 (restart 0) KSP residual norm 8.835258e-12
GMRES solver converged in 68 iterations (avg. reduction factor: 8.634e-01)
3 NLEPS (nconv=7, restart=0) residual norm 9.118013e-08
  Residual norms for GMRES solve
  0 (restart 0) KSP residual norm 1.197303e-11
  1 (restart 0) KSP residual norm 1.184312e-11
  2 (restart 0) KSP residual norm 1.148245e-11
  3 (restart 0) KSP residual norm 1.105662e-11
  4 (restart 0) KSP residual norm 1.011480e-11
  5 (restart 0) KSP residual norm 8.592834e-12
  6 (restart 0) KSP residual norm 7.377550e-12
  7 (restart 0) KSP residual norm 6.746446e-12
  8 (restart 0) KSP residual norm 6.487425e-12
  9 (restart 0) KSP residual norm 6.215773e-12
 10 (restart 0) KSP residual norm 5.783439e-12
 11 (restart 0) KSP residual norm 5.004143e-12
 12 (restart 0) KSP residual norm 4.340451e-12
 13 (restart 0) KSP residual norm 3.871620e-12
 14 (restart 0) KSP residual norm 3.696322e-12
 15 (restart 0) KSP residual norm 3.683722e-12
 16 (restart 0) KSP residual norm 3.512430e-12
 17 (restart 0) KSP residual norm 3.495985e-12
 18 (restart 0) KSP residual norm 3.486768e-12
 19 (restart 0) KSP residual norm 3.407858e-12
 20 (restart 0) KSP residual norm 3.002030e-12
 21 (restart 0) KSP residual norm 2.690070e-12
 22 (restart 0) KSP residual norm 2.480931e-12
 23 (restart 0) KSP residual norm 2.460932e-12
 24 (restart 0) KSP residual norm 2.441488e-12
 25 (restart 0) KSP residual norm 2.396548e-12
 26 (restart 0) KSP residual norm 2.355546e-12
 27 (restart 0) KSP residual norm 2.304665e-12
 28 (restart 0) KSP residual norm 2.173387e-12
 29 (restart 0) KSP residual norm 2.031189e-12
 30 (restart 0) KSP residual norm 1.977569e-12
 31 (restart 0) KSP residual norm 1.927334e-12
 32 (restart 0) KSP residual norm 1.789510e-12
 33 (restart 0) KSP residual norm 1.738221e-12
 34 (restart 0) KSP residual norm 1.633186e-12
 35 (restart 0) KSP residual norm 1.596224e-12
 36 (restart 0) KSP residual norm 1.539180e-12
 37 (restart 0) KSP residual norm 1.454164e-12
 38 (restart 0) KSP residual norm 1.387428e-12
 39 (restart 0) KSP residual norm 1.313640e-12
 40 (restart 0) KSP residual norm 1.255117e-12
 41 (restart 0) KSP residual norm 1.204675e-12
 42 (restart 0) KSP residual norm 1.186408e-12
 43 (restart 0) KSP residual norm 1.131177e-12
 44 (restart 0) KSP residual norm 1.113626e-12
 45 (restart 0) KSP residual norm 1.050145e-12
 46 (restart 0) KSP residual norm 1.005105e-12
 47 (restart 0) KSP residual norm 9.700612e-13
GMRES solver converged in 47 iterations (avg. reduction factor: 9.479e-01)
4 NLEPS (nconv=7, restart=0) residual norm 3.632892e-09
Eigenvalue 7, Quasi-Newton converged in 4 iterations (-2.717e-04+1.011e+01i).

Computing solution error estimates and performing postprocessing

     m,        Re{f} (GHz),        Im{f} (GHz),                  Q,      Error (Bkwd.),       Error (Abs.)
     1,      +2.387018e+00,      +9.013592e-05,      +1.324122e+04,      +1.261362e-13,      +6.634337e-09
     2,      +2.387553e+00,      +9.080732e-05,      +1.314626e+04,      +1.090657e-13,      +5.736491e-09
     3,      +2.453315e+00,      +3.058818e-05,      +4.010234e+04,      +1.235191e-13,      +6.496787e-09
     4,      +2.599577e+00,      +6.402371e-05,      +2.030167e+04,      +1.379278e-13,      +7.254892e-09
     5,      +2.622260e+00,      +7.447363e-05,      +1.760529e+04,      +1.791321e-13,      +9.422261e-09
     6,      +2.740007e+00,      +7.380031e-05,      +1.856366e+04,      +1.249394e-13,      +6.571945e-09
     7,      +2.740185e+00,      +7.364057e-05,      +1.860513e+04,      +6.901020e-14,      +3.630009e-09
     8,      +2.794762e+00,      +1.266560e-04,      +1.103289e+04,      +1.050303e-13,      +5.524782e-09

Completed 0 iterations of adaptive mesh refinement (AMR):
 Indicator norm = 5.219e-02, global unknowns = 289196
 Max. iterations = 0, tol. = 1.000e-02

Estimated peak per-rank memory usage is: Min. 189.7M, Max. 208.0M, Avg. 198.3M, Total 6.2G
Estimated peak per-node memory usage is: Min. 6.2G, Max. 6.2G, Avg. 6.2G, Total 6.2G

Elapsed Time Report (s)           Min.        Max.        Avg.
==============================================================
Initialization                   0.179       0.441       0.431
  Mesh Preprocessing             0.299       0.559       0.308
Operator Construction            0.953       0.965       0.964
Linear Solve                    26.427      26.760      26.499
  Setup                          5.713       5.714       5.714
  Preconditioner               360.333     361.082     360.742
  Coarse Solve                  25.751      26.399      26.023
Eigenvalue Solve                 1.910       1.930       1.923
Div.-Free Projection             5.067       5.085       5.078
Estimation                       0.042       0.047       0.045
  Construction                   0.186       0.186       0.186
  Solve                          5.051       5.058       5.056
Postprocessing                   0.558       0.566       0.559
Disk IO                          0.541       0.541       0.541
--------------------------------------------------------------
Total                          435.357     435.357     435.357

Peak Memory                   Per-Node       Total   Total HWM
==============================================================
Initialization                   60.3M       60.3M       60.3M
  Mesh Preprocessing            113.6M      113.6M      173.9M
Operator Construction          1001.1M     1001.1M        1.1G
Linear Solve                    528.0K      528.0K        1.1G
  Setup                         529.3M      529.3M        1.7G
  Preconditioner                  9.4M        9.4M        1.7G
  Coarse Solve                    2.5G        2.5G        4.2G
Eigenvalue Solve                222.1M      222.1M        4.4G
Div.-Free Projection            192.8M      192.8M        4.6G
Estimation                      137.2M      137.2M        4.7G
  Construction                  228.2M      228.2M        4.9G
  Solve                         138.0M      138.0M        5.1G
Postprocessing                  233.1M      233.1M        5.3G
Disk IO                          51.1M       51.1M        5.4G
--------------------------------------------------------------
Total                             5.8G        5.8G        5.8G

