>> /opt/amip/envs/emsim/bin/mpirun -n 32 /opt/amip/palace/bin/palace-x86_64.bin h3-loop-seriesc-01.8e2dce21_11x8_barrel_g2-0.5_fl-1.7_pec.json

_____________     _______
_____   __   \____ __   /____ ____________
____   /_/  /  __ ` /  /  __ ` /  ___/  _ \
___   _____/  /_/  /  /  /_/  /  /__/  ___/
  /__/     \___,__/__/\___,__/\_____\_____/

Git changeset ID: v0.17.0-293-g3c83b9db0
Running with 32 MPI processes, 1 OpenMP thread
Device configuration: omp,cpu
Memory configuration: host-std
libCEED backend: /cpu/self/xsmm/blocked

Added 28 duplicate vertices for interior boundaries in the mesh
Added 42 duplicate boundary elements for interior boundaries in the mesh
Added 8332 boundary elements for material interfaces to the mesh

Characteristic length and time scales:
 Lc = 1.760e-01 m, tc = 5.871e-01 ns
Finished partitioning mesh into 32 subdomains

Mesh curvature order: 2
Mesh bounding box:
 (Xmin, Ymin, Zmin) = (-8.800e-02, -8.800e-02, -6.771e-02) m
 (Xmax, Ymax, Zmax) = (+8.800e-02, +8.800e-02, +6.771e-02) m

Parallel Mesh Stats:

                minimum     average     maximum       total
 vertices           165         265         417        8493
 edges             1369        1720        2190       55041
 faces             2552        2840        3198       90883
 elements          1316        1385        1427       44334
 neighbors            4          10          22

            minimum     maximum
 h      0.000772431    0.197954
 kappa      1.02098     37.8593

Estimated current per-rank memory usage is: Min. 32.4M, Max. 70.4M, Avg. 34.2M, Total 1.1G
Estimated current per-node memory usage is: Min. 1.1G, Max. 1.1G, Avg. 1.1G, Total 1.1G

Configuring Robin finite conductivity BC at attributes:
 90: σ = 3.500e+07 S/m, n = (+0.1,+0.1,-1.0)

Configuring Dirichlet PEC BC at attributes:
 91

Assembling system matrices, number of global unknowns:
 H1 (p = 2): 63534, ND (p = 2): 291848, RT (p = 2): 405651
 Operator assembly level: Partial
 Mesh geometries:
  Tetrahedron: P = 20, Q = 14 (quadrature order = 4)

Configuring SLEPc eigenvalue solver:
 Scaling γ = 2.800e+01, δ = 4.194e-07
 Configuring divergence-free projection
 Using random starting vector
 Shift-and-invert σ = 2.380e+00 GHz (8.780e+00)

Assembling multigrid hierarchy:
 Level 0 (p = 1): 55041 unknowns
 Level 1 (p = 2): 291848 unknowns
 Level 0 (auxiliary) (p = 1): 8493 unknowns
 Level 1 (auxiliary) (p = 2): 63534 unknowns

#PETSc Option Table entries:
-eps_monitor # (source: code)
#End of PETSc Option Table entries

  Residual norms for GMRES solve
  0 (restart 0) KSP residual norm 9.342804e-01
  1 (restart 0) KSP residual norm 2.868494e-01
  2 (restart 0) KSP residual norm 2.750593e-01
  3 (restart 0) KSP residual norm 2.362646e-01
  4 (restart 0) KSP residual norm 7.777847e-02
  5 (restart 0) KSP residual norm 3.670372e-02
  6 (restart 0) KSP residual norm 3.000336e-02
  7 (restart 0) KSP residual norm 2.737538e-02
  8 (restart 0) KSP residual norm 1.626972e-02
  9 (restart 0) KSP residual norm 8.198367e-03
 10 (restart 0) KSP residual norm 4.065997e-03
 11 (restart 0) KSP residual norm 2.315739e-03
 12 (restart 0) KSP residual norm 1.417104e-03
 13 (restart 0) KSP residual norm 8.928940e-04
 14 (restart 0) KSP residual norm 6.129129e-04
 15 (restart 0) KSP residual norm 4.269592e-04
 16 (restart 0) KSP residual norm 2.728643e-04
 17 (restart 0) KSP residual norm 1.846482e-04
 18 (restart 0) KSP residual norm 1.331210e-04
 19 (restart 0) KSP residual norm 9.874984e-05
 20 (restart 0) KSP residual norm 6.390761e-05
 21 (restart 0) KSP residual norm 4.366429e-05
 22 (restart 0) KSP residual norm 3.067387e-05
 23 (restart 0) KSP residual norm 2.038422e-05
 24 (restart 0) KSP residual norm 1.402500e-05
 25 (restart 0) KSP residual norm 1.036185e-05
 26 (restart 0) KSP residual norm 8.165797e-06
 27 (restart 0) KSP residual norm 6.760938e-06
 28 (restart 0) KSP residual norm 5.467613e-06
 29 (restart 0) KSP residual norm 4.489663e-06
 30 (restart 0) KSP residual norm 3.740093e-06
 31 (restart 0) KSP residual norm 2.971088e-06
 32 (restart 0) KSP residual norm 2.246766e-06
 33 (restart 0) KSP residual norm 1.745315e-06
 34 (restart 0) KSP residual norm 1.392282e-06
 35 (restart 0) KSP residual norm 1.119676e-06
 36 (restart 0) KSP residual norm 9.199887e-07
 37 (restart 0) KSP residual norm 7.636873e-07
 38 (restart 0) KSP residual norm 6.463081e-07
 39 (restart 0) KSP residual norm 5.459958e-07
 40 (restart 0) KSP residual norm 4.552030e-07
 41 (restart 0) KSP residual norm 3.771348e-07
 42 (restart 0) KSP residual norm 3.143336e-07
 43 (restart 0) KSP residual norm 2.525546e-07
 44 (restart 0) KSP residual norm 1.934467e-07
 45 (restart 0) KSP residual norm 1.448352e-07
 46 (restart 0) KSP residual norm 1.106778e-07
 47 (restart 0) KSP residual norm 8.220465e-08
 48 (restart 0) KSP residual norm 5.800044e-08
 49 (restart 0) KSP residual norm 4.147503e-08
 50 (restart 0) KSP residual norm 2.884545e-08
 51 (restart 0) KSP residual norm 1.966635e-08
 52 (restart 0) KSP residual norm 1.366989e-08
 53 (restart 0) KSP residual norm 9.525889e-09
 54 (restart 0) KSP residual norm 6.720157e-09
GMRES solver converged in 54 iterations (avg. reduction factor: 7.066e-01)
  Residual norms for GMRES solve
  0 (restart 0) KSP residual norm 5.853826e+01
  1 (restart 0) KSP residual norm 2.783103e+01
  2 (restart 0) KSP residual norm 6.433857e+00
  3 (restart 0) KSP residual norm 4.919565e+00
  4 (restart 0) KSP residual norm 3.555514e+00
  5 (restart 0) KSP residual norm 1.722321e+00
  6 (restart 0) KSP residual norm 1.064901e+00
  7 (restart 0) KSP residual norm 4.242744e-01
  8 (restart 0) KSP residual norm 1.450092e-01
  9 (restart 0) KSP residual norm 3.685617e-02
 10 (restart 0) KSP residual norm 1.181102e-02
 11 (restart 0) KSP residual norm 4.768659e-03
 12 (restart 0) KSP residual norm 2.904796e-03
 13 (restart 0) KSP residual norm 1.395983e-03
 14 (restart 0) KSP residual norm 6.314522e-04
 15 (restart 0) KSP residual norm 3.696999e-04
 16 (restart 0) KSP residual norm 2.424047e-04
 17 (restart 0) KSP residual norm 1.490075e-04
 18 (restart 0) KSP residual norm 1.023370e-04
 19 (restart 0) KSP residual norm 7.550235e-05
 20 (restart 0) KSP residual norm 5.541900e-05
 21 (restart 0) KSP residual norm 4.042980e-05
 22 (restart 0) KSP residual norm 3.169562e-05
 23 (restart 0) KSP residual norm 2.472277e-05
 24 (restart 0) KSP residual norm 1.896072e-05
 25 (restart 0) KSP residual norm 1.470721e-05
 26 (restart 0) KSP residual norm 1.154208e-05
 27 (restart 0) KSP residual norm 9.195699e-06
 28 (restart 0) KSP residual norm 7.122099e-06
 29 (restart 0) KSP residual norm 5.554852e-06
 30 (restart 0) KSP residual norm 4.204343e-06
 31 (restart 0) KSP residual norm 3.143913e-06
 32 (restart 0) KSP residual norm 2.260450e-06
 33 (restart 0) KSP residual norm 1.713749e-06
 34 (restart 0) KSP residual norm 1.405493e-06
 35 (restart 0) KSP residual norm 1.184929e-06
 36 (restart 0) KSP residual norm 1.007242e-06
 37 (restart 0) KSP residual norm 8.828588e-07
 38 (restart 0) KSP residual norm 7.585792e-07
 39 (restart 0) KSP residual norm 6.354845e-07
 40 (restart 0) KSP residual norm 5.232516e-07
GMRES solver converged in 40 iterations (avg. reduction factor: 6.292e-01)
  Residual norms for GMRES solve
  0 (restart 0) KSP residual norm 3.234381e+01
  1 (restart 0) KSP residual norm 1.748697e+01
  2 (restart 0) KSP residual norm 5.403830e+00
  3 (restart 0) KSP residual norm 5.091029e+00
  4 (restart 0) KSP residual norm 3.499811e+00
  5 (restart 0) KSP residual norm 2.087446e+00
  6 (restart 0) KSP residual norm 1.096788e+00
  7 (restart 0) KSP residual norm 3.606782e-01
  8 (restart 0) KSP residual norm 1.151912e-01
  9 (restart 0) KSP residual norm 3.141212e-02
 10 (restart 0) KSP residual norm 1.135145e-02
 11 (restart 0) KSP residual norm 4.976538e-03
 12 (restart 0) KSP residual norm 2.783441e-03
 13 (restart 0) KSP residual norm 1.394913e-03
 14 (restart 0) KSP residual norm 7.528762e-04
 15 (restart 0) KSP residual norm 4.791252e-04
 16 (restart 0) KSP residual norm 3.183908e-04
 17 (restart 0) KSP residual norm 2.198406e-04
 18 (restart 0) KSP residual norm 1.606910e-04
 19 (restart 0) KSP residual norm 1.267640e-04
 20 (restart 0) KSP residual norm 8.880132e-05
 21 (restart 0) KSP residual norm 6.630642e-05
 22 (restart 0) KSP residual norm 5.304501e-05
 23 (restart 0) KSP residual norm 4.133853e-05
 24 (restart 0) KSP residual norm 3.280197e-05
 25 (restart 0) KSP residual norm 2.528093e-05
 26 (restart 0) KSP residual norm 1.943016e-05
 27 (restart 0) KSP residual norm 1.532582e-05
 28 (restart 0) KSP residual norm 1.146715e-05
 29 (restart 0) KSP residual norm 8.628580e-06
 30 (restart 0) KSP residual norm 6.289338e-06
 31 (restart 0) KSP residual norm 4.616713e-06
 32 (restart 0) KSP residual norm 3.480887e-06
 33 (restart 0) KSP residual norm 2.738167e-06
 34 (restart 0) KSP residual norm 2.285579e-06
 35 (restart 0) KSP residual norm 1.949424e-06
 36 (restart 0) KSP residual norm 1.671602e-06
 37 (restart 0) KSP residual norm 1.439554e-06
 38 (restart 0) KSP residual norm 1.223885e-06
 39 (restart 0) KSP residual norm 1.017640e-06
 40 (restart 0) KSP residual norm 8.243032e-07
 41 (restart 0) KSP residual norm 6.485439e-07
 42 (restart 0) KSP residual norm 4.967809e-07
 43 (restart 0) KSP residual norm 3.679961e-07
 44 (restart 0) KSP residual norm 2.592656e-07
GMRES solver converged in 44 iterations (avg. reduction factor: 6.546e-01)
  Residual norms for GMRES solve
  0 (restart 0) KSP residual norm 6.143122e+01
  1 (restart 0) KSP residual norm 2.910593e+01
  2 (restart 0) KSP residual norm 1.132998e+01
  3 (restart 0) KSP residual norm 1.024126e+01
  4 (restart 0) KSP residual norm 6.352812e+00
  5 (restart 0) KSP residual norm 4.606146e+00
  6 (restart 0) KSP residual norm 2.476052e+00
  7 (restart 0) KSP residual norm 7.321338e-01
  8 (restart 0) KSP residual norm 1.934595e-01
  9 (restart 0) KSP residual norm 6.220992e-02
 10 (restart 0) KSP residual norm 2.266872e-02
 11 (restart 0) KSP residual norm 1.083746e-02
 12 (restart 0) KSP residual norm 5.477479e-03
 13 (restart 0) KSP residual norm 2.521320e-03
 14 (restart 0) KSP residual norm 1.431371e-03
 15 (restart 0) KSP residual norm 8.218977e-04
 16 (restart 0) KSP residual norm 4.271278e-04
 17 (restart 0) KSP residual norm 2.417121e-04
 18 (restart 0) KSP residual norm 1.637044e-04
 19 (restart 0) KSP residual norm 9.241772e-05
 20 (restart 0) KSP residual norm 5.220832e-05
 21 (restart 0) KSP residual norm 3.470920e-05
 22 (restart 0) KSP residual norm 2.381179e-05
 23 (restart 0) KSP residual norm 1.723811e-05
 24 (restart 0) KSP residual norm 1.271684e-05
 25 (restart 0) KSP residual norm 9.212152e-06
 26 (restart 0) KSP residual norm 6.290224e-06
 27 (restart 0) KSP residual norm 4.226426e-06
 28 (restart 0) KSP residual norm 3.073840e-06
 29 (restart 0) KSP residual norm 2.403093e-06
 30 (restart 0) KSP residual norm 1.983440e-06
 31 (restart 0) KSP residual norm 1.674753e-06
 32 (restart 0) KSP residual norm 1.407619e-06
 33 (restart 0) KSP residual norm 1.196744e-06
 34 (restart 0) KSP residual norm 1.040444e-06
 35 (restart 0) KSP residual norm 8.851139e-07
 36 (restart 0) KSP residual norm 7.149162e-07
 37 (restart 0) KSP residual norm 5.555116e-07
GMRES solver converged in 37 iterations (avg. reduction factor: 6.062e-01)
  Residual norms for GMRES solve
  0 (restart 0) KSP residual norm 5.824882e+01
  1 (restart 0) KSP residual norm 8.014263e+00
  2 (restart 0) KSP residual norm 6.931167e+00
  3 (restart 0) KSP residual norm 1.971206e+00
  4 (restart 0) KSP residual norm 1.398893e+00
  5 (restart 0) KSP residual norm 1.396149e+00
  6 (restart 0) KSP residual norm 1.139376e+00
  7 (restart 0) KSP residual norm 4.811477e-01
  8 (restart 0) KSP residual norm 1.661011e-01
  9 (restart 0) KSP residual norm 4.360904e-02
 10 (restart 0) KSP residual norm 1.163834e-02
 11 (restart 0) KSP residual norm 4.957495e-03
 12 (restart 0) KSP residual norm 2.292172e-03
 13 (restart 0) KSP residual norm 1.183916e-03
 14 (restart 0) KSP residual norm 4.968762e-04
 15 (restart 0) KSP residual norm 2.723277e-04
 16 (restart 0) KSP residual norm 1.687337e-04
 17 (restart 0) KSP residual norm 9.688103e-05
 18 (restart 0) KSP residual norm 6.210283e-05
 19 (restart 0) KSP residual norm 4.245147e-05
 20 (restart 0) KSP residual norm 2.911851e-05
 21 (restart 0) KSP residual norm 1.997561e-05
 22 (restart 0) KSP residual norm 1.534315e-05
 23 (restart 0) KSP residual norm 1.251925e-05
 24 (restart 0) KSP residual norm 9.491769e-06
 25 (restart 0) KSP residual norm 7.271302e-06
 26 (restart 0) KSP residual norm 5.569357e-06
 27 (restart 0) KSP residual norm 4.084731e-06
 28 (restart 0) KSP residual norm 3.251212e-06
 29 (restart 0) KSP residual norm 2.544162e-06
 30 (restart 0) KSP residual norm 1.905274e-06
 31 (restart 0) KSP residual norm 1.387505e-06
 32 (restart 0) KSP residual norm 9.921940e-07
 33 (restart 0) KSP residual norm 7.132582e-07
 34 (restart 0) KSP residual norm 5.199568e-07
GMRES solver converged in 34 iterations (avg. reduction factor: 5.798e-01)
  Residual norms for GMRES solve
  0 (restart 0) KSP residual norm 4.038762e+01
  1 (restart 0) KSP residual norm 4.967935e+00
  2 (restart 0) KSP residual norm 4.932709e+00
  3 (restart 0) KSP residual norm 2.063646e+00
  4 (restart 0) KSP residual norm 1.119719e+00
  5 (restart 0) KSP residual norm 7.729447e-01
  6 (restart 0) KSP residual norm 7.510516e-01
  7 (restart 0) KSP residual norm 4.165422e-01
  8 (restart 0) KSP residual norm 1.137815e-01
  9 (restart 0) KSP residual norm 3.107624e-02
 10 (restart 0) KSP residual norm 9.174937e-03
 11 (restart 0) KSP residual norm 4.097830e-03
 12 (restart 0) KSP residual norm 1.825313e-03
 13 (restart 0) KSP residual norm 9.318304e-04
 14 (restart 0) KSP residual norm 3.686587e-04
 15 (restart 0) KSP residual norm 2.171929e-04
 16 (restart 0) KSP residual norm 1.307578e-04
 17 (restart 0) KSP residual norm 6.726567e-05
 18 (restart 0) KSP residual norm 4.215974e-05
 19 (restart 0) KSP residual norm 2.868075e-05
 20 (restart 0) KSP residual norm 2.042059e-05
 21 (restart 0) KSP residual norm 1.410144e-05
 22 (restart 0) KSP residual norm 1.049760e-05
 23 (restart 0) KSP residual norm 8.450485e-06
 24 (restart 0) KSP residual norm 6.459920e-06
 25 (restart 0) KSP residual norm 4.940877e-06
 26 (restart 0) KSP residual norm 3.660595e-06
 27 (restart 0) KSP residual norm 2.734542e-06
 28 (restart 0) KSP residual norm 2.137543e-06
 29 (restart 0) KSP residual norm 1.673820e-06
 30 (restart 0) KSP residual norm 1.326504e-06
 31 (restart 0) KSP residual norm 9.866374e-07
 32 (restart 0) KSP residual norm 7.044353e-07
 33 (restart 0) KSP residual norm 5.186233e-07
 34 (restart 0) KSP residual norm 3.910038e-07
GMRES solver converged in 34 iterations (avg. reduction factor: 5.812e-01)
  Residual norms for GMRES solve
  0 (restart 0) KSP residual norm 1.418392e+01
  1 (restart 0) KSP residual norm 5.442948e+00
  2 (restart 0) KSP residual norm 2.302431e+00
  3 (restart 0) KSP residual norm 2.086813e+00
  4 (restart 0) KSP residual norm 1.095101e+00
  5 (restart 0) KSP residual norm 5.716175e-01
  6 (restart 0) KSP residual norm 3.701227e-01
  7 (restart 0) KSP residual norm 3.356905e-01
  8 (restart 0) KSP residual norm 1.426477e-01
  9 (restart 0) KSP residual norm 3.863029e-02
 10 (restart 0) KSP residual norm 1.227971e-02
 11 (restart 0) KSP residual norm 4.649005e-03
 12 (restart 0) KSP residual norm 2.046014e-03
 13 (restart 0) KSP residual norm 1.003699e-03
 14 (restart 0) KSP residual norm 4.490480e-04
 15 (restart 0) KSP residual norm 2.806763e-04
 16 (restart 0) KSP residual norm 1.682047e-04
 17 (restart 0) KSP residual norm 1.002439e-04
 18 (restart 0) KSP residual norm 6.866640e-05
 19 (restart 0) KSP residual norm 4.952665e-05
 20 (restart 0) KSP residual norm 3.672375e-05
 21 (restart 0) KSP residual norm 2.649411e-05
 22 (restart 0) KSP residual norm 2.099577e-05
 23 (restart 0) KSP residual norm 1.636636e-05
 24 (restart 0) KSP residual norm 1.246897e-05
 25 (restart 0) KSP residual norm 9.927997e-06
 26 (restart 0) KSP residual norm 7.614719e-06
 27 (restart 0) KSP residual norm 6.041496e-06
 28 (restart 0) KSP residual norm 4.707125e-06
 29 (restart 0) KSP residual norm 3.648152e-06
 30 (restart 0) KSP residual norm 2.815790e-06
 31 (restart 0) KSP residual norm 2.064882e-06
 32 (restart 0) KSP residual norm 1.463985e-06
 33 (restart 0) KSP residual norm 1.090786e-06
 34 (restart 0) KSP residual norm 8.875944e-07
 35 (restart 0) KSP residual norm 7.371283e-07
 36 (restart 0) KSP residual norm 6.320625e-07
 37 (restart 0) KSP residual norm 5.507472e-07
 38 (restart 0) KSP residual norm 4.747401e-07
 39 (restart 0) KSP residual norm 3.956051e-07
 40 (restart 0) KSP residual norm 3.257826e-07
 41 (restart 0) KSP residual norm 2.585644e-07
 42 (restart 0) KSP residual norm 1.980198e-07
 43 (restart 0) KSP residual norm 1.530397e-07
 44 (restart 0) KSP residual norm 1.120486e-07
GMRES solver converged in 44 iterations (avg. reduction factor: 6.544e-01)
  Residual norms for GMRES solve
  0 (restart 0) KSP residual norm 8.086990e+00
  1 (restart 0) KSP residual norm 5.112816e+00
  2 (restart 0) KSP residual norm 4.930878e+00
  3 (restart 0) KSP residual norm 1.416235e+00
  4 (restart 0) KSP residual norm 8.778720e-01
  5 (restart 0) KSP residual norm 8.734781e-01
  6 (restart 0) KSP residual norm 5.826769e-01
  7 (restart 0) KSP residual norm 2.531149e-01
  8 (restart 0) KSP residual norm 8.351395e-02
  9 (restart 0) KSP residual norm 2.127253e-02
 10 (restart 0) KSP residual norm 9.175260e-03
 11 (restart 0) KSP residual norm 4.311110e-03
 12 (restart 0) KSP residual norm 1.923646e-03
 13 (restart 0) KSP residual norm 7.816353e-04
 14 (restart 0) KSP residual norm 4.663164e-04
 15 (restart 0) KSP residual norm 3.201403e-04
 16 (restart 0) KSP residual norm 2.002755e-04
 17 (restart 0) KSP residual norm 1.319510e-04
 18 (restart 0) KSP residual norm 9.579512e-05
 19 (restart 0) KSP residual norm 7.158876e-05
 20 (restart 0) KSP residual norm 5.096701e-05
 21 (restart 0) KSP residual norm 3.709657e-05
 22 (restart 0) KSP residual norm 2.916494e-05
 23 (restart 0) KSP residual norm 2.193067e-05
 24 (restart 0) KSP residual norm 1.731942e-05
 25 (restart 0) KSP residual norm 1.331485e-05
 26 (restart 0) KSP residual norm 1.033707e-05
 27 (restart 0) KSP residual norm 8.130156e-06
 28 (restart 0) KSP residual norm 6.373157e-06
 29 (restart 0) KSP residual norm 4.772388e-06
 30 (restart 0) KSP residual norm 3.491143e-06
 31 (restart 0) KSP residual norm 2.596690e-06
 32 (restart 0) KSP residual norm 1.850122e-06
 33 (restart 0) KSP residual norm 1.421746e-06
 34 (restart 0) KSP residual norm 1.137975e-06
 35 (restart 0) KSP residual norm 9.159465e-07
 36 (restart 0) KSP residual norm 7.769812e-07
 37 (restart 0) KSP residual norm 6.613259e-07
 38 (restart 0) KSP residual norm 5.645324e-07
 39 (restart 0) KSP residual norm 4.816370e-07
 40 (restart 0) KSP residual norm 4.038601e-07
 41 (restart 0) KSP residual norm 3.330281e-07
 42 (restart 0) KSP residual norm 2.677710e-07
 43 (restart 0) KSP residual norm 2.044236e-07
 44 (restart 0) KSP residual norm 1.522597e-07
 45 (restart 0) KSP residual norm 1.095126e-07
 46 (restart 0) KSP residual norm 7.676239e-08
GMRES solver converged in 46 iterations (avg. reduction factor: 6.693e-01)
  Residual norms for GMRES solve
  0 (restart 0) KSP residual norm 9.024606e+00
  1 (restart 0) KSP residual norm 4.280038e+00
  2 (restart 0) KSP residual norm 2.962433e+00
  3 (restart 0) KSP residual norm 2.445124e+00
  4 (restart 0) KSP residual norm 9.177659e-01
  5 (restart 0) KSP residual norm 7.910506e-01
  6 (restart 0) KSP residual norm 7.352132e-01
  7 (restart 0) KSP residual norm 2.804294e-01
  8 (restart 0) KSP residual norm 9.498153e-02
  9 (restart 0) KSP residual norm 2.441713e-02
 10 (restart 0) KSP residual norm 7.574392e-03
 11 (restart 0) KSP residual norm 2.460150e-03
 12 (restart 0) KSP residual norm 1.284425e-03
 13 (restart 0) KSP residual norm 6.163809e-04
 14 (restart 0) KSP residual norm 2.766590e-04
 15 (restart 0) KSP residual norm 1.519317e-04
 16 (restart 0) KSP residual norm 9.488257e-05
 17 (restart 0) KSP residual norm 5.418427e-05
 18 (restart 0) KSP residual norm 3.554629e-05
 19 (restart 0) KSP residual norm 2.524497e-05
 20 (restart 0) KSP residual norm 1.840608e-05
 21 (restart 0) KSP residual norm 1.284545e-05
 22 (restart 0) KSP residual norm 9.782777e-06
 23 (restart 0) KSP residual norm 7.578294e-06
 24 (restart 0) KSP residual norm 5.614763e-06
 25 (restart 0) KSP residual norm 4.446850e-06
 26 (restart 0) KSP residual norm 3.330187e-06
 27 (restart 0) KSP residual norm 2.525858e-06
 28 (restart 0) KSP residual norm 1.953067e-06
 29 (restart 0) KSP residual norm 1.525283e-06
 30 (restart 0) KSP residual norm 1.203975e-06
 31 (restart 0) KSP residual norm 9.146616e-07
 32 (restart 0) KSP residual norm 6.441313e-07
 33 (restart 0) KSP residual norm 4.544156e-07
 34 (restart 0) KSP residual norm 3.302397e-07
 35 (restart 0) KSP residual norm 2.444550e-07
 36 (restart 0) KSP residual norm 1.867294e-07
 37 (restart 0) KSP residual norm 1.468529e-07
 38 (restart 0) KSP residual norm 1.207251e-07
 39 (restart 0) KSP residual norm 1.011017e-07
 40 (restart 0) KSP residual norm 8.448075e-08
GMRES solver converged in 40 iterations (avg. reduction factor: 6.299e-01)
  Residual norms for GMRES solve
  0 (restart 0) KSP residual norm 7.336086e+00
  1 (restart 0) KSP residual norm 3.860133e+00
  2 (restart 0) KSP residual norm 3.403343e+00
  3 (restart 0) KSP residual norm 1.834801e+00
  4 (restart 0) KSP residual norm 6.964299e-01
  5 (restart 0) KSP residual norm 6.300374e-01
  6 (restart 0) KSP residual norm 5.612394e-01
  7 (restart 0) KSP residual norm 2.427810e-01
  8 (restart 0) KSP residual norm 1.020129e-01
  9 (restart 0) KSP residual norm 2.644789e-02
 10 (restart 0) KSP residual norm 6.416346e-03
 11 (restart 0) KSP residual norm 2.603723e-03
 12 (restart 0) KSP residual norm 1.557019e-03
 13 (restart 0) KSP residual norm 8.347404e-04
 14 (restart 0) KSP residual norm 4.124620e-04
 15 (restart 0) KSP residual norm 2.671891e-04
 16 (restart 0) KSP residual norm 1.799403e-04
 17 (restart 0) KSP residual norm 1.227414e-04
 18 (restart 0) KSP residual norm 8.755511e-05
 19 (restart 0) KSP residual norm 6.594956e-05
 20 (restart 0) KSP residual norm 4.965081e-05
 21 (restart 0) KSP residual norm 3.482652e-05
 22 (restart 0) KSP residual norm 2.737709e-05
 23 (restart 0) KSP residual norm 2.110884e-05
 24 (restart 0) KSP residual norm 1.640440e-05
 25 (restart 0) KSP residual norm 1.292389e-05
 26 (restart 0) KSP residual norm 1.000902e-05
 27 (restart 0) KSP residual norm 7.758865e-06
 28 (restart 0) KSP residual norm 6.059352e-06
 29 (restart 0) KSP residual norm 4.541074e-06
 30 (restart 0) KSP residual norm 3.344910e-06
 31 (restart 0) KSP residual norm 2.375037e-06
 32 (restart 0) KSP residual norm 1.770941e-06
 33 (restart 0) KSP residual norm 1.346645e-06
 34 (restart 0) KSP residual norm 1.067257e-06
 35 (restart 0) KSP residual norm 8.840573e-07
 36 (restart 0) KSP residual norm 7.490478e-07
 37 (restart 0) KSP residual norm 6.298860e-07
 38 (restart 0) KSP residual norm 5.428702e-07
 39 (restart 0) KSP residual norm 4.578977e-07
 40 (restart 0) KSP residual norm 3.838385e-07
 41 (restart 0) KSP residual norm 3.194524e-07
 42 (restart 0) KSP residual norm 2.563407e-07
 43 (restart 0) KSP residual norm 1.969634e-07
 44 (restart 0) KSP residual norm 1.463154e-07
 45 (restart 0) KSP residual norm 1.042178e-07
 46 (restart 0) KSP residual norm 7.545539e-08
 47 (restart 0) KSP residual norm 5.363640e-08
GMRES solver converged in 47 iterations (avg. reduction factor: 6.713e-01)
  Residual norms for GMRES solve
  0 (restart 0) KSP residual norm 7.408781e+00
  1 (restart 0) KSP residual norm 3.152030e+00
  2 (restart 0) KSP residual norm 1.814594e+00
  3 (restart 0) KSP residual norm 1.619022e+00
  4 (restart 0) KSP residual norm 7.407813e-01
  5 (restart 0) KSP residual norm 4.544299e-01
  6 (restart 0) KSP residual norm 4.391425e-01
  7 (restart 0) KSP residual norm 3.110436e-01
  8 (restart 0) KSP residual norm 9.484925e-02
  9 (restart 0) KSP residual norm 2.880588e-02
 10 (restart 0) KSP residual norm 7.867017e-03
 11 (restart 0) KSP residual norm 3.504898e-03
 12 (restart 0) KSP residual norm 1.465828e-03
 13 (restart 0) KSP residual norm 6.849608e-04
 14 (restart 0) KSP residual norm 2.965815e-04
 15 (restart 0) KSP residual norm 1.874924e-04
 16 (restart 0) KSP residual norm 1.123972e-04
 17 (restart 0) KSP residual norm 6.650232e-05
 18 (restart 0) KSP residual norm 4.539289e-05
 19 (restart 0) KSP residual norm 3.316406e-05
 20 (restart 0) KSP residual norm 2.480639e-05
 21 (restart 0) KSP residual norm 1.771898e-05
 22 (restart 0) KSP residual norm 1.372695e-05
 23 (restart 0) KSP residual norm 1.055800e-05
 24 (restart 0) KSP residual norm 8.178266e-06
 25 (restart 0) KSP residual norm 6.443059e-06
 26 (restart 0) KSP residual norm 4.760558e-06
 27 (restart 0) KSP residual norm 3.680195e-06
 28 (restart 0) KSP residual norm 2.877882e-06
 29 (restart 0) KSP residual norm 2.207538e-06
 30 (restart 0) KSP residual norm 1.671694e-06
 31 (restart 0) KSP residual norm 1.194097e-06
 32 (restart 0) KSP residual norm 8.776380e-07
 33 (restart 0) KSP residual norm 6.113332e-07
 34 (restart 0) KSP residual norm 4.593469e-07
 35 (restart 0) KSP residual norm 3.601712e-07
 36 (restart 0) KSP residual norm 2.843094e-07
 37 (restart 0) KSP residual norm 2.324368e-07
 38 (restart 0) KSP residual norm 1.967272e-07
 39 (restart 0) KSP residual norm 1.629564e-07
 40 (restart 0) KSP residual norm 1.381996e-07
 41 (restart 0) KSP residual norm 1.194321e-07
 42 (restart 0) KSP residual norm 1.018252e-07
 43 (restart 0) KSP residual norm 8.472549e-08
 44 (restart 0) KSP residual norm 6.675047e-08
GMRES solver converged in 44 iterations (avg. reduction factor: 6.564e-01)
  Residual norms for GMRES solve
  0 (restart 0) KSP residual norm 9.238576e+00
  1 (restart 0) KSP residual norm 3.054660e+00
  2 (restart 0) KSP residual norm 2.767173e+00
  3 (restart 0) KSP residual norm 1.731340e+00
  4 (restart 0) KSP residual norm 5.189594e-01
  5 (restart 0) KSP residual norm 3.883238e-01
  6 (restart 0) KSP residual norm 3.867804e-01
  7 (restart 0) KSP residual norm 2.562636e-01
  8 (restart 0) KSP residual norm 1.211587e-01
  9 (restart 0) KSP residual norm 2.347181e-02
 10 (restart 0) KSP residual norm 7.920342e-03
 11 (restart 0) KSP residual norm 4.178277e-03
 12 (restart 0) KSP residual norm 2.281625e-03
 13 (restart 0) KSP residual norm 9.912405e-04
 14 (restart 0) KSP residual norm 5.243752e-04
 15 (restart 0) KSP residual norm 3.623327e-04
 16 (restart 0) KSP residual norm 2.381631e-04
 17 (restart 0) KSP residual norm 1.556555e-04
 18 (restart 0) KSP residual norm 1.131249e-04
 19 (restart 0) KSP residual norm 8.523683e-05
 20 (restart 0) KSP residual norm 6.306258e-05
 21 (restart 0) KSP residual norm 4.557725e-05
 22 (restart 0) KSP residual norm 3.573816e-05
 23 (restart 0) KSP residual norm 2.784626e-05
 24 (restart 0) KSP residual norm 2.109879e-05
 25 (restart 0) KSP residual norm 1.670686e-05
 26 (restart 0) KSP residual norm 1.313510e-05
 27 (restart 0) KSP residual norm 1.026214e-05
 28 (restart 0) KSP residual norm 8.063009e-06
 29 (restart 0) KSP residual norm 6.073711e-06
 30 (restart 0) KSP residual norm 4.484254e-06
 31 (restart 0) KSP residual norm 3.222041e-06
 32 (restart 0) KSP residual norm 2.296320e-06
 33 (restart 0) KSP residual norm 1.804801e-06
 34 (restart 0) KSP residual norm 1.446520e-06
 35 (restart 0) KSP residual norm 1.188603e-06
 36 (restart 0) KSP residual norm 1.018840e-06
 37 (restart 0) KSP residual norm 8.715002e-07
 38 (restart 0) KSP residual norm 7.506346e-07
 39 (restart 0) KSP residual norm 6.334852e-07
 40 (restart 0) KSP residual norm 5.241517e-07
 41 (restart 0) KSP residual norm 4.304729e-07
 42 (restart 0) KSP residual norm 3.388899e-07
 43 (restart 0) KSP residual norm 2.576809e-07
 44 (restart 0) KSP residual norm 1.884733e-07
 45 (restart 0) KSP residual norm 1.305193e-07
 46 (restart 0) KSP residual norm 9.020500e-08
GMRES solver converged in 46 iterations (avg. reduction factor: 6.697e-01)
  Residual norms for GMRES solve
  0 (restart 0) KSP residual norm 5.695125e+00
  1 (restart 0) KSP residual norm 3.915140e+00
  2 (restart 0) KSP residual norm 3.896720e+00
  3 (restart 0) KSP residual norm 1.452301e+00
  4 (restart 0) KSP residual norm 8.568800e-01
  5 (restart 0) KSP residual norm 7.906239e-01
  6 (restart 0) KSP residual norm 6.108704e-01
  7 (restart 0) KSP residual norm 2.276503e-01
  8 (restart 0) KSP residual norm 8.084131e-02
  9 (restart 0) KSP residual norm 1.791087e-02
 10 (restart 0) KSP residual norm 6.665823e-03
 11 (restart 0) KSP residual norm 3.404499e-03
 12 (restart 0) KSP residual norm 1.926961e-03
 13 (restart 0) KSP residual norm 1.153229e-03
 14 (restart 0) KSP residual norm 7.411845e-04
 15 (restart 0) KSP residual norm 4.985954e-04
 16 (restart 0) KSP residual norm 3.469917e-04
 17 (restart 0) KSP residual norm 2.401899e-04
 18 (restart 0) KSP residual norm 1.794546e-04
 19 (restart 0) KSP residual norm 1.343003e-04
 20 (restart 0) KSP residual norm 9.565827e-05
 21 (restart 0) KSP residual norm 7.430648e-05
 22 (restart 0) KSP residual norm 5.673793e-05
 23 (restart 0) KSP residual norm 4.395117e-05
 24 (restart 0) KSP residual norm 3.427131e-05
 25 (restart 0) KSP residual norm 2.626916e-05
 26 (restart 0) KSP residual norm 2.106498e-05
 27 (restart 0) KSP residual norm 1.648134e-05
 28 (restart 0) KSP residual norm 1.248232e-05
 29 (restart 0) KSP residual norm 9.213464e-06
 30 (restart 0) KSP residual norm 6.723784e-06
 31 (restart 0) KSP residual norm 4.899626e-06
 32 (restart 0) KSP residual norm 3.553541e-06
 33 (restart 0) KSP residual norm 2.752722e-06
 34 (restart 0) KSP residual norm 2.209307e-06
 35 (restart 0) KSP residual norm 1.814898e-06
 36 (restart 0) KSP residual norm 1.528979e-06
 37 (restart 0) KSP residual norm 1.310465e-06
 38 (restart 0) KSP residual norm 1.116026e-06
 39 (restart 0) KSP residual norm 9.516600e-07
 40 (restart 0) KSP residual norm 8.072357e-07
 41 (restart 0) KSP residual norm 6.623407e-07
 42 (restart 0) KSP residual norm 5.281518e-07
 43 (restart 0) KSP residual norm 4.035000e-07
 44 (restart 0) KSP residual norm 2.969236e-07
 45 (restart 0) KSP residual norm 2.121392e-07
 46 (restart 0) KSP residual norm 1.498038e-07
 47 (restart 0) KSP residual norm 1.059774e-07
 48 (restart 0) KSP residual norm 7.454922e-08
 49 (restart 0) KSP residual norm 5.161582e-08
GMRES solver converged in 49 iterations (avg. reduction factor: 6.853e-01)
  Residual norms for GMRES solve
  0 (restart 0) KSP residual norm 7.800289e+00
  1 (restart 0) KSP residual norm 5.171314e+00
  2 (restart 0) KSP residual norm 4.789873e+00
  3 (restart 0) KSP residual norm 2.421860e+00
  4 (restart 0) KSP residual norm 1.005291e+00
  5 (restart 0) KSP residual norm 9.485764e-01
  6 (restart 0) KSP residual norm 4.017535e-01
  7 (restart 0) KSP residual norm 1.862206e-01
  8 (restart 0) KSP residual norm 7.513907e-02
  9 (restart 0) KSP residual norm 2.869171e-02
 10 (restart 0) KSP residual norm 7.813918e-03
 11 (restart 0) KSP residual norm 2.207074e-03
 12 (restart 0) KSP residual norm 1.103743e-03
 13 (restart 0) KSP residual norm 7.180318e-04
 14 (restart 0) KSP residual norm 4.243415e-04
 15 (restart 0) KSP residual norm 2.718510e-04
 16 (restart 0) KSP residual norm 1.794273e-04
 17 (restart 0) KSP residual norm 1.241825e-04
 18 (restart 0) KSP residual norm 8.827639e-05
 19 (restart 0) KSP residual norm 6.425006e-05
 20 (restart 0) KSP residual norm 4.973142e-05
 21 (restart 0) KSP residual norm 3.531256e-05
 22 (restart 0) KSP residual norm 2.750838e-05
 23 (restart 0) KSP residual norm 2.180612e-05
 24 (restart 0) KSP residual norm 1.658427e-05
 25 (restart 0) KSP residual norm 1.320401e-05
 26 (restart 0) KSP residual norm 1.037583e-05
 27 (restart 0) KSP residual norm 8.099981e-06
 28 (restart 0) KSP residual norm 6.345878e-06
 29 (restart 0) KSP residual norm 4.771511e-06
 30 (restart 0) KSP residual norm 3.567942e-06
 31 (restart 0) KSP residual norm 2.548866e-06
 32 (restart 0) KSP residual norm 1.869318e-06
 33 (restart 0) KSP residual norm 1.459273e-06
 34 (restart 0) KSP residual norm 1.184949e-06
 35 (restart 0) KSP residual norm 9.999414e-07
 36 (restart 0) KSP residual norm 8.608992e-07
 37 (restart 0) KSP residual norm 7.366942e-07
 38 (restart 0) KSP residual norm 6.271701e-07
 39 (restart 0) KSP residual norm 5.252720e-07
 40 (restart 0) KSP residual norm 4.319641e-07
 41 (restart 0) KSP residual norm 3.511405e-07
 42 (restart 0) KSP residual norm 2.722222e-07
 43 (restart 0) KSP residual norm 2.049491e-07
 44 (restart 0) KSP residual norm 1.479473e-07
 45 (restart 0) KSP residual norm 1.016127e-07
 46 (restart 0) KSP residual norm 7.307602e-08
GMRES solver converged in 46 iterations (avg. reduction factor: 6.691e-01)
  Residual norms for GMRES solve
  0 (restart 0) KSP residual norm 6.750857e+00
  1 (restart 0) KSP residual norm 4.667864e+00
  2 (restart 0) KSP residual norm 4.176445e+00
  3 (restart 0) KSP residual norm 1.389030e+00
  4 (restart 0) KSP residual norm 9.550256e-01
  5 (restart 0) KSP residual norm 7.478599e-01
  6 (restart 0) KSP residual norm 4.737634e-01
  7 (restart 0) KSP residual norm 2.475970e-01
  8 (restart 0) KSP residual norm 1.022920e-01
  9 (restart 0) KSP residual norm 2.774371e-02
 10 (restart 0) KSP residual norm 6.875787e-03
 11 (restart 0) KSP residual norm 2.536680e-03
 12 (restart 0) KSP residual norm 1.175045e-03
 13 (restart 0) KSP residual norm 6.894203e-04
 14 (restart 0) KSP residual norm 3.836048e-04
 15 (restart 0) KSP residual norm 2.398883e-04
 16 (restart 0) KSP residual norm 1.561472e-04
 17 (restart 0) KSP residual norm 1.105955e-04
 18 (restart 0) KSP residual norm 8.011407e-05
 19 (restart 0) KSP residual norm 5.875576e-05
 20 (restart 0) KSP residual norm 4.448705e-05
 21 (restart 0) KSP residual norm 3.191800e-05
 22 (restart 0) KSP residual norm 2.423229e-05
 23 (restart 0) KSP residual norm 1.934414e-05
 24 (restart 0) KSP residual norm 1.417366e-05
 25 (restart 0) KSP residual norm 1.107013e-05
 26 (restart 0) KSP residual norm 8.659328e-06
 27 (restart 0) KSP residual norm 6.531164e-06
 28 (restart 0) KSP residual norm 5.104405e-06
 29 (restart 0) KSP residual norm 3.842147e-06
 30 (restart 0) KSP residual norm 2.775800e-06
 31 (restart 0) KSP residual norm 1.985203e-06
 32 (restart 0) KSP residual norm 1.462990e-06
 33 (restart 0) KSP residual norm 1.100220e-06
 34 (restart 0) KSP residual norm 8.152584e-07
 35 (restart 0) KSP residual norm 6.242177e-07
 36 (restart 0) KSP residual norm 4.974696e-07
 37 (restart 0) KSP residual norm 4.011298e-07
 38 (restart 0) KSP residual norm 3.338253e-07
 39 (restart 0) KSP residual norm 2.854222e-07
 40 (restart 0) KSP residual norm 2.474570e-07
 41 (restart 0) KSP residual norm 2.182112e-07
 42 (restart 0) KSP residual norm 1.874470e-07
 43 (restart 0) KSP residual norm 1.537529e-07
 44 (restart 0) KSP residual norm 1.199752e-07
 45 (restart 0) KSP residual norm 8.738430e-08
 46 (restart 0) KSP residual norm 6.292465e-08
GMRES solver converged in 46 iterations (avg. reduction factor: 6.690e-01)
  Residual norms for GMRES solve
  0 (restart 0) KSP residual norm 6.631155e+00
  1 (restart 0) KSP residual norm 5.672899e+00
  2 (restart 0) KSP residual norm 4.162276e+00
  3 (restart 0) KSP residual norm 1.666366e+00
  4 (restart 0) KSP residual norm 1.248393e+00
  5 (restart 0) KSP residual norm 7.764694e-01
  6 (restart 0) KSP residual norm 5.350602e-01
  7 (restart 0) KSP residual norm 2.749631e-01
  8 (restart 0) KSP residual norm 9.155514e-02
  9 (restart 0) KSP residual norm 2.027374e-02
 10 (restart 0) KSP residual norm 6.089762e-03
 11 (restart 0) KSP residual norm 2.121623e-03
 12 (restart 0) KSP residual norm 1.123556e-03
 13 (restart 0) KSP residual norm 5.801955e-04
 14 (restart 0) KSP residual norm 2.847531e-04
 15 (restart 0) KSP residual norm 1.526516e-04
 16 (restart 0) KSP residual norm 1.018784e-04
 17 (restart 0) KSP residual norm 6.108168e-05
 18 (restart 0) KSP residual norm 4.364731e-05
 19 (restart 0) KSP residual norm 3.355531e-05
 20 (restart 0) KSP residual norm 2.495857e-05
 21 (restart 0) KSP residual norm 1.834698e-05
 22 (restart 0) KSP residual norm 1.466216e-05
 23 (restart 0) KSP residual norm 1.202411e-05
 24 (restart 0) KSP residual norm 9.039628e-06
 25 (restart 0) KSP residual norm 7.122793e-06
 26 (restart 0) KSP residual norm 5.605517e-06
 27 (restart 0) KSP residual norm 4.195932e-06
 28 (restart 0) KSP residual norm 3.386473e-06
 29 (restart 0) KSP residual norm 2.582927e-06
 30 (restart 0) KSP residual norm 1.944087e-06
 31 (restart 0) KSP residual norm 1.513424e-06
 32 (restart 0) KSP residual norm 1.183840e-06
 33 (restart 0) KSP residual norm 9.943090e-07
 34 (restart 0) KSP residual norm 8.441335e-07
 35 (restart 0) KSP residual norm 7.215592e-07
 36 (restart 0) KSP residual norm 6.154738e-07
 37 (restart 0) KSP residual norm 5.122611e-07
 38 (restart 0) KSP residual norm 4.171172e-07
 39 (restart 0) KSP residual norm 3.177867e-07
 40 (restart 0) KSP residual norm 2.384232e-07
 41 (restart 0) KSP residual norm 1.783314e-07
 42 (restart 0) KSP residual norm 1.291440e-07
 43 (restart 0) KSP residual norm 9.033614e-08
 44 (restart 0) KSP residual norm 6.283669e-08
GMRES solver converged in 44 iterations (avg. reduction factor: 6.571e-01)
  Residual norms for GMRES solve
  0 (restart 0) KSP residual norm 6.037718e+00
  1 (restart 0) KSP residual norm 4.363248e+00
  2 (restart 0) KSP residual norm 4.286518e+00
  3 (restart 0) KSP residual norm 1.416995e+00
  4 (restart 0) KSP residual norm 5.413237e-01
  5 (restart 0) KSP residual norm 4.889012e-01
  6 (restart 0) KSP residual norm 3.129078e-01
  7 (restart 0) KSP residual norm 1.441379e-01
  8 (restart 0) KSP residual norm 5.922694e-02
  9 (restart 0) KSP residual norm 1.465747e-02
 10 (restart 0) KSP residual norm 4.857932e-03
 11 (restart 0) KSP residual norm 1.816903e-03
 12 (restart 0) KSP residual norm 7.758293e-04
 13 (restart 0) KSP residual norm 3.988352e-04
 14 (restart 0) KSP residual norm 1.991313e-04
 15 (restart 0) KSP residual norm 1.172072e-04
 16 (restart 0) KSP residual norm 7.646605e-05
 17 (restart 0) KSP residual norm 4.806513e-05
 18 (restart 0) KSP residual norm 3.393721e-05
 19 (restart 0) KSP residual norm 2.434515e-05
 20 (restart 0) KSP residual norm 1.814280e-05
 21 (restart 0) KSP residual norm 1.305935e-05
 22 (restart 0) KSP residual norm 9.679696e-06
 23 (restart 0) KSP residual norm 7.243344e-06
 24 (restart 0) KSP residual norm 5.413511e-06
 25 (restart 0) KSP residual norm 4.091143e-06
 26 (restart 0) KSP residual norm 3.073829e-06
 27 (restart 0) KSP residual norm 2.384884e-06
 28 (restart 0) KSP residual norm 1.899927e-06
 29 (restart 0) KSP residual norm 1.534651e-06
 30 (restart 0) KSP residual norm 1.216666e-06
 31 (restart 0) KSP residual norm 9.524765e-07
 32 (restart 0) KSP residual norm 7.383588e-07
 33 (restart 0) KSP residual norm 5.755871e-07
 34 (restart 0) KSP residual norm 4.630683e-07
 35 (restart 0) KSP residual norm 3.677260e-07
 36 (restart 0) KSP residual norm 3.078259e-07
 37 (restart 0) KSP residual norm 2.641457e-07
 38 (restart 0) KSP residual norm 2.300043e-07
 39 (restart 0) KSP residual norm 2.033927e-07
 40 (restart 0) KSP residual norm 1.767034e-07
 41 (restart 0) KSP residual norm 1.481128e-07
 42 (restart 0) KSP residual norm 1.188645e-07
 43 (restart 0) KSP residual norm 8.893916e-08
 44 (restart 0) KSP residual norm 6.286551e-08
 45 (restart 0) KSP residual norm 4.411055e-08
GMRES solver converged in 45 iterations (avg. reduction factor: 6.595e-01)
  Residual norms for GMRES solve
  0 (restart 0) KSP residual norm 6.087954e+00
  1 (restart 0) KSP residual norm 4.496379e+00
  2 (restart 0) KSP residual norm 4.135355e+00
  3 (restart 0) KSP residual norm 1.497960e+00
  4 (restart 0) KSP residual norm 1.011739e+00
  5 (restart 0) KSP residual norm 7.685219e-01
  6 (restart 0) KSP residual norm 4.005451e-01
  7 (restart 0) KSP residual norm 2.056947e-01
  8 (restart 0) KSP residual norm 6.824287e-02
  9 (restart 0) KSP residual norm 1.848049e-02
 10 (restart 0) KSP residual norm 5.440700e-03
 11 (restart 0) KSP residual norm 1.734777e-03
 12 (restart 0) KSP residual norm 8.687047e-04
 13 (restart 0) KSP residual norm 4.730340e-04
 14 (restart 0) KSP residual norm 2.761932e-04
 15 (restart 0) KSP residual norm 1.679017e-04
 16 (restart 0) KSP residual norm 1.131873e-04
 17 (restart 0) KSP residual norm 7.512254e-05
 18 (restart 0) KSP residual norm 5.449657e-05
 19 (restart 0) KSP residual norm 4.228644e-05
 20 (restart 0) KSP residual norm 3.261361e-05
 21 (restart 0) KSP residual norm 2.418878e-05
 22 (restart 0) KSP residual norm 1.900278e-05
 23 (restart 0) KSP residual norm 1.513971e-05
 24 (restart 0) KSP residual norm 1.148083e-05
 25 (restart 0) KSP residual norm 9.285527e-06
 26 (restart 0) KSP residual norm 7.421413e-06
 27 (restart 0) KSP residual norm 6.029988e-06
 28 (restart 0) KSP residual norm 4.790969e-06
 29 (restart 0) KSP residual norm 3.689745e-06
 30 (restart 0) KSP residual norm 2.856514e-06
 31 (restart 0) KSP residual norm 2.272875e-06
 32 (restart 0) KSP residual norm 1.886498e-06
 33 (restart 0) KSP residual norm 1.596190e-06
 34 (restart 0) KSP residual norm 1.350288e-06
 35 (restart 0) KSP residual norm 1.162385e-06
 36 (restart 0) KSP residual norm 9.647934e-07
 37 (restart 0) KSP residual norm 7.465139e-07
 38 (restart 0) KSP residual norm 5.698663e-07
 39 (restart 0) KSP residual norm 4.123644e-07
 40 (restart 0) KSP residual norm 2.959083e-07
 41 (restart 0) KSP residual norm 2.147303e-07
 42 (restart 0) KSP residual norm 1.489997e-07
 43 (restart 0) KSP residual norm 1.058353e-07
 44 (restart 0) KSP residual norm 7.679822e-08
 45 (restart 0) KSP residual norm 5.375046e-08
GMRES solver converged in 45 iterations (avg. reduction factor: 6.622e-01)
  Residual norms for GMRES solve
  0 (restart 0) KSP residual norm 1.281278e+01
  1 (restart 0) KSP residual norm 1.213554e+01
  2 (restart 0) KSP residual norm 7.812738e+00
  3 (restart 0) KSP residual norm 2.738743e+00
  4 (restart 0) KSP residual norm 2.684643e+00
  5 (restart 0) KSP residual norm 1.021582e+00
  6 (restart 0) KSP residual norm 6.372282e-01
  7 (restart 0) KSP residual norm 2.713047e-01
  8 (restart 0) KSP residual norm 1.154391e-01
  9 (restart 0) KSP residual norm 2.633113e-02
 10 (restart 0) KSP residual norm 8.464756e-03
 11 (restart 0) KSP residual norm 2.472168e-03
 12 (restart 0) KSP residual norm 1.374078e-03
 13 (restart 0) KSP residual norm 8.102421e-04
 14 (restart 0) KSP residual norm 4.019200e-04
 15 (restart 0) KSP residual norm 2.596135e-04
 16 (restart 0) KSP residual norm 1.541145e-04
 17 (restart 0) KSP residual norm 9.909495e-05
 18 (restart 0) KSP residual norm 7.216577e-05
 19 (restart 0) KSP residual norm 5.410154e-05
 20 (restart 0) KSP residual norm 3.934931e-05
 21 (restart 0) KSP residual norm 3.003618e-05
 22 (restart 0) KSP residual norm 2.382487e-05
 23 (restart 0) KSP residual norm 1.913172e-05
 24 (restart 0) KSP residual norm 1.493847e-05
 25 (restart 0) KSP residual norm 1.210088e-05
 26 (restart 0) KSP residual norm 9.814591e-06
 27 (restart 0) KSP residual norm 7.827507e-06
 28 (restart 0) KSP residual norm 6.325122e-06
 29 (restart 0) KSP residual norm 4.707689e-06
 30 (restart 0) KSP residual norm 3.557584e-06
 31 (restart 0) KSP residual norm 2.800374e-06
 32 (restart 0) KSP residual norm 2.278308e-06
 33 (restart 0) KSP residual norm 1.942163e-06
 34 (restart 0) KSP residual norm 1.695848e-06
 35 (restart 0) KSP residual norm 1.447225e-06
 36 (restart 0) KSP residual norm 1.191871e-06
 37 (restart 0) KSP residual norm 9.485416e-07
 38 (restart 0) KSP residual norm 7.181164e-07
 39 (restart 0) KSP residual norm 5.431284e-07
 40 (restart 0) KSP residual norm 3.908931e-07
 41 (restart 0) KSP residual norm 2.715128e-07
 42 (restart 0) KSP residual norm 1.947900e-07
 43 (restart 0) KSP residual norm 1.384208e-07
 44 (restart 0) KSP residual norm 9.873000e-08
GMRES solver converged in 44 iterations (avg. reduction factor: 6.540e-01)
  Residual norms for GMRES solve
  0 (restart 0) KSP residual norm 1.101148e+01
  1 (restart 0) KSP residual norm 1.060020e+01
  2 (restart 0) KSP residual norm 5.752949e+00
  3 (restart 0) KSP residual norm 2.357635e+00
  4 (restart 0) KSP residual norm 2.292811e+00
  5 (restart 0) KSP residual norm 7.140256e-01
  6 (restart 0) KSP residual norm 3.487349e-01
  7 (restart 0) KSP residual norm 2.039589e-01
  8 (restart 0) KSP residual norm 9.605548e-02
  9 (restart 0) KSP residual norm 3.364381e-02
 10 (restart 0) KSP residual norm 9.624263e-03
 11 (restart 0) KSP residual norm 2.477444e-03
 12 (restart 0) KSP residual norm 9.077623e-04
 13 (restart 0) KSP residual norm 5.952543e-04
 14 (restart 0) KSP residual norm 3.482855e-04
 15 (restart 0) KSP residual norm 1.544710e-04
 16 (restart 0) KSP residual norm 8.627008e-05
 17 (restart 0) KSP residual norm 5.510011e-05
 18 (restart 0) KSP residual norm 3.644178e-05
 19 (restart 0) KSP residual norm 2.647845e-05
 20 (restart 0) KSP residual norm 1.968758e-05
 21 (restart 0) KSP residual norm 1.443045e-05
 22 (restart 0) KSP residual norm 1.089391e-05
 23 (restart 0) KSP residual norm 9.045973e-06
 24 (restart 0) KSP residual norm 7.162583e-06
 25 (restart 0) KSP residual norm 5.220506e-06
 26 (restart 0) KSP residual norm 4.022886e-06
 27 (restart 0) KSP residual norm 3.060306e-06
 28 (restart 0) KSP residual norm 2.370267e-06
 29 (restart 0) KSP residual norm 1.909671e-06
 30 (restart 0) KSP residual norm 1.506729e-06
 31 (restart 0) KSP residual norm 1.164863e-06
 32 (restart 0) KSP residual norm 9.030002e-07
 33 (restart 0) KSP residual norm 7.084368e-07
 34 (restart 0) KSP residual norm 5.693822e-07
 35 (restart 0) KSP residual norm 4.763566e-07
 36 (restart 0) KSP residual norm 4.056280e-07
 37 (restart 0) KSP residual norm 3.492421e-07
 38 (restart 0) KSP residual norm 2.961514e-07
 39 (restart 0) KSP residual norm 2.421495e-07
 40 (restart 0) KSP residual norm 1.951635e-07
 41 (restart 0) KSP residual norm 1.500871e-07
 42 (restart 0) KSP residual norm 1.110094e-07
 43 (restart 0) KSP residual norm 8.129127e-08
GMRES solver converged in 43 iterations (avg. reduction factor: 6.470e-01)
  Residual norms for GMRES solve
  0 (restart 0) KSP residual norm 7.980591e+00
  1 (restart 0) KSP residual norm 7.721384e+00
  2 (restart 0) KSP residual norm 5.254973e+00
  3 (restart 0) KSP residual norm 1.707377e+00
  4 (restart 0) KSP residual norm 1.687874e+00
  5 (restart 0) KSP residual norm 6.796236e-01
  6 (restart 0) KSP residual norm 3.202746e-01
  7 (restart 0) KSP residual norm 1.288353e-01
  8 (restart 0) KSP residual norm 4.406500e-02
  9 (restart 0) KSP residual norm 2.452700e-02
 10 (restart 0) KSP residual norm 1.362209e-02
 11 (restart 0) KSP residual norm 3.881436e-03
 12 (restart 0) KSP residual norm 1.396170e-03
 13 (restart 0) KSP residual norm 7.441612e-04
 14 (restart 0) KSP residual norm 5.523440e-04
 15 (restart 0) KSP residual norm 3.467477e-04
 16 (restart 0) KSP residual norm 2.170145e-04
 17 (restart 0) KSP residual norm 1.663646e-04
 18 (restart 0) KSP residual norm 1.267445e-04
 19 (restart 0) KSP residual norm 9.133838e-05
 20 (restart 0) KSP residual norm 7.043653e-05
 21 (restart 0) KSP residual norm 5.561906e-05
 22 (restart 0) KSP residual norm 4.360308e-05
 23 (restart 0) KSP residual norm 3.507784e-05
 24 (restart 0) KSP residual norm 2.765824e-05
 25 (restart 0) KSP residual norm 2.141048e-05
 26 (restart 0) KSP residual norm 1.735581e-05
 27 (restart 0) KSP residual norm 1.314190e-05
 28 (restart 0) KSP residual norm 1.000641e-05
 29 (restart 0) KSP residual norm 7.835602e-06
 30 (restart 0) KSP residual norm 6.165211e-06
 31 (restart 0) KSP residual norm 5.027114e-06
 32 (restart 0) KSP residual norm 4.237801e-06
 33 (restart 0) KSP residual norm 3.660597e-06
 34 (restart 0) KSP residual norm 3.114560e-06
 35 (restart 0) KSP residual norm 2.587814e-06
 36 (restart 0) KSP residual norm 2.098796e-06
 37 (restart 0) KSP residual norm 1.593343e-06
 38 (restart 0) KSP residual norm 1.185396e-06
 39 (restart 0) KSP residual norm 8.726591e-07
 40 (restart 0) KSP residual norm 6.059393e-07
 41 (restart 0) KSP residual norm 4.337565e-07
 42 (restart 0) KSP residual norm 3.060605e-07
 43 (restart 0) KSP residual norm 2.186160e-07
 44 (restart 0) KSP residual norm 1.576271e-07
 45 (restart 0) KSP residual norm 1.084788e-07
 46 (restart 0) KSP residual norm 7.481758e-08
GMRES solver converged in 46 iterations (avg. reduction factor: 6.691e-01)
  Residual norms for GMRES solve
  0 (restart 0) KSP residual norm 4.428477e+00
  1 (restart 0) KSP residual norm 3.430831e+00
  2 (restart 0) KSP residual norm 3.418266e+00
  3 (restart 0) KSP residual norm 1.236914e+00
  4 (restart 0) KSP residual norm 5.377528e-01
  5 (restart 0) KSP residual norm 5.045723e-01
  6 (restart 0) KSP residual norm 4.005944e-01
  7 (restart 0) KSP residual norm 1.892484e-01
  8 (restart 0) KSP residual norm 5.218045e-02
  9 (restart 0) KSP residual norm 1.553503e-02
 10 (restart 0) KSP residual norm 5.060367e-03
 11 (restart 0) KSP residual norm 2.537040e-03
 12 (restart 0) KSP residual norm 1.245073e-03
 13 (restart 0) KSP residual norm 7.404291e-04
 14 (restart 0) KSP residual norm 4.947082e-04
 15 (restart 0) KSP residual norm 3.358867e-04
 16 (restart 0) KSP residual norm 2.140341e-04
 17 (restart 0) KSP residual norm 1.617068e-04
 18 (restart 0) KSP residual norm 1.248136e-04
 19 (restart 0) KSP residual norm 8.674950e-05
 20 (restart 0) KSP residual norm 6.847025e-05
 21 (restart 0) KSP residual norm 5.366262e-05
 22 (restart 0) KSP residual norm 4.260782e-05
 23 (restart 0) KSP residual norm 3.347970e-05
 24 (restart 0) KSP residual norm 2.744983e-05
 25 (restart 0) KSP residual norm 2.142358e-05
 26 (restart 0) KSP residual norm 1.630887e-05
 27 (restart 0) KSP residual norm 1.276390e-05
 28 (restart 0) KSP residual norm 1.001522e-05
 29 (restart 0) KSP residual norm 7.505594e-06
 30 (restart 0) KSP residual norm 5.965253e-06
 31 (restart 0) KSP residual norm 4.837675e-06
 32 (restart 0) KSP residual norm 4.086032e-06
 33 (restart 0) KSP residual norm 3.575953e-06
 34 (restart 0) KSP residual norm 3.074367e-06
 35 (restart 0) KSP residual norm 2.532166e-06
 36 (restart 0) KSP residual norm 2.061108e-06
 37 (restart 0) KSP residual norm 1.582611e-06
 38 (restart 0) KSP residual norm 1.184917e-06
 39 (restart 0) KSP residual norm 8.460527e-07
 40 (restart 0) KSP residual norm 6.020556e-07
 41 (restart 0) KSP residual norm 4.363204e-07
 42 (restart 0) KSP residual norm 3.099803e-07
 43 (restart 0) KSP residual norm 2.164192e-07
 44 (restart 0) KSP residual norm 1.543522e-07
 45 (restart 0) KSP residual norm 1.075335e-07
 46 (restart 0) KSP residual norm 7.644582e-08
 47 (restart 0) KSP residual norm 5.313610e-08
 48 (restart 0) KSP residual norm 3.640895e-08
GMRES solver converged in 48 iterations (avg. reduction factor: 6.785e-01)
  Residual norms for GMRES solve
  0 (restart 0) KSP residual norm 5.116295e+00
  1 (restart 0) KSP residual norm 3.716554e+00
  2 (restart 0) KSP residual norm 3.713445e+00
  3 (restart 0) KSP residual norm 1.584875e+00
  4 (restart 0) KSP residual norm 7.587382e-01
  5 (restart 0) KSP residual norm 7.261047e-01
  6 (restart 0) KSP residual norm 5.144350e-01
  7 (restart 0) KSP residual norm 2.480701e-01
  8 (restart 0) KSP residual norm 6.770366e-02
  9 (restart 0) KSP residual norm 1.844459e-02
 10 (restart 0) KSP residual norm 4.833491e-03
 11 (restart 0) KSP residual norm 2.112349e-03
 12 (restart 0) KSP residual norm 1.182910e-03
 13 (restart 0) KSP residual norm 7.591670e-04
 14 (restart 0) KSP residual norm 4.510529e-04
 15 (restart 0) KSP residual norm 3.225514e-04
 16 (restart 0) KSP residual norm 2.016093e-04
 17 (restart 0) KSP residual norm 1.435431e-04
 18 (restart 0) KSP residual norm 1.143657e-04
 19 (restart 0) KSP residual norm 7.949373e-05
 20 (restart 0) KSP residual norm 6.223027e-05
 21 (restart 0) KSP residual norm 4.919036e-05
 22 (restart 0) KSP residual norm 3.843997e-05
 23 (restart 0) KSP residual norm 3.130866e-05
 24 (restart 0) KSP residual norm 2.507029e-05
 25 (restart 0) KSP residual norm 2.002750e-05
 26 (restart 0) KSP residual norm 1.539700e-05
 27 (restart 0) KSP residual norm 1.189282e-05
 28 (restart 0) KSP residual norm 9.247365e-06
 29 (restart 0) KSP residual norm 7.053063e-06
 30 (restart 0) KSP residual norm 5.621073e-06
 31 (restart 0) KSP residual norm 4.599739e-06
 32 (restart 0) KSP residual norm 3.911301e-06
 33 (restart 0) KSP residual norm 3.430934e-06
 34 (restart 0) KSP residual norm 2.925200e-06
 35 (restart 0) KSP residual norm 2.421789e-06
 36 (restart 0) KSP residual norm 1.916829e-06
 37 (restart 0) KSP residual norm 1.450813e-06
 38 (restart 0) KSP residual norm 1.080732e-06
 39 (restart 0) KSP residual norm 7.699644e-07
 40 (restart 0) KSP residual norm 5.368334e-07
 41 (restart 0) KSP residual norm 3.847650e-07
 42 (restart 0) KSP residual norm 2.669343e-07
 43 (restart 0) KSP residual norm 1.891587e-07
 44 (restart 0) KSP residual norm 1.342961e-07
 45 (restart 0) KSP residual norm 9.007231e-08
 46 (restart 0) KSP residual norm 6.174789e-08
 47 (restart 0) KSP residual norm 4.318827e-08
GMRES solver converged in 47 iterations (avg. reduction factor: 6.733e-01)
  1 EPS nconv=5 first unconverged value (error) -8.81263e-06+0.360951i (4.28821934e-03)
  Residual norms for GMRES solve
  0 (restart 0) KSP residual norm 7.566618e+00
  1 (restart 0) KSP residual norm 7.067160e+00
  2 (restart 0) KSP residual norm 6.368630e+00
  3 (restart 0) KSP residual norm 1.448698e+00
  4 (restart 0) KSP residual norm 4.546085e-01
  5 (restart 0) KSP residual norm 4.540505e-01
  6 (restart 0) KSP residual norm 2.643388e-01
  7 (restart 0) KSP residual norm 1.211819e-01
  8 (restart 0) KSP residual norm 4.320983e-02
  9 (restart 0) KSP residual norm 1.434461e-02
 10 (restart 0) KSP residual norm 3.636368e-03
 11 (restart 0) KSP residual norm 1.551579e-03
 12 (restart 0) KSP residual norm 7.432088e-04
 13 (restart 0) KSP residual norm 3.396274e-04
 14 (restart 0) KSP residual norm 1.540421e-04
 15 (restart 0) KSP residual norm 9.445537e-05
 16 (restart 0) KSP residual norm 6.265862e-05
 17 (restart 0) KSP residual norm 3.758739e-05
 18 (restart 0) KSP residual norm 2.730687e-05
 19 (restart 0) KSP residual norm 2.117808e-05
 20 (restart 0) KSP residual norm 1.564506e-05
 21 (restart 0) KSP residual norm 1.133722e-05
 22 (restart 0) KSP residual norm 8.924870e-06
 23 (restart 0) KSP residual norm 7.122735e-06
 24 (restart 0) KSP residual norm 5.356656e-06
 25 (restart 0) KSP residual norm 4.336684e-06
 26 (restart 0) KSP residual norm 3.308626e-06
 27 (restart 0) KSP residual norm 2.537029e-06
 28 (restart 0) KSP residual norm 2.037433e-06
 29 (restart 0) KSP residual norm 1.555839e-06
 30 (restart 0) KSP residual norm 1.194027e-06
 31 (restart 0) KSP residual norm 9.209735e-07
 32 (restart 0) KSP residual norm 7.219578e-07
 33 (restart 0) KSP residual norm 5.938538e-07
 34 (restart 0) KSP residual norm 5.014964e-07
 35 (restart 0) KSP residual norm 4.268227e-07
 36 (restart 0) KSP residual norm 3.623897e-07
 37 (restart 0) KSP residual norm 3.058695e-07
 38 (restart 0) KSP residual norm 2.502634e-07
 39 (restart 0) KSP residual norm 1.993355e-07
 40 (restart 0) KSP residual norm 1.529819e-07
 41 (restart 0) KSP residual norm 1.161325e-07
 42 (restart 0) KSP residual norm 8.322421e-08
 43 (restart 0) KSP residual norm 5.908879e-08
GMRES solver converged in 43 iterations (avg. reduction factor: 6.478e-01)
  Residual norms for GMRES solve
  0 (restart 0) KSP residual norm 5.295798e+00
  1 (restart 0) KSP residual norm 2.021359e+00
  2 (restart 0) KSP residual norm 1.531291e+00
  3 (restart 0) KSP residual norm 1.390135e+00
  4 (restart 0) KSP residual norm 3.411584e-01
  5 (restart 0) KSP residual norm 2.455260e-01
  6 (restart 0) KSP residual norm 1.770095e-01
  7 (restart 0) KSP residual norm 8.791821e-02
  8 (restart 0) KSP residual norm 2.986968e-02
  9 (restart 0) KSP residual norm 1.318104e-02
 10 (restart 0) KSP residual norm 5.274404e-03
 11 (restart 0) KSP residual norm 1.813597e-03
 12 (restart 0) KSP residual norm 5.951435e-04
 13 (restart 0) KSP residual norm 2.826211e-04
 14 (restart 0) KSP residual norm 1.541834e-04
 15 (restart 0) KSP residual norm 8.812993e-05
 16 (restart 0) KSP residual norm 3.675818e-05
 17 (restart 0) KSP residual norm 1.931014e-05
 18 (restart 0) KSP residual norm 1.233834e-05
 19 (restart 0) KSP residual norm 8.057357e-06
 20 (restart 0) KSP residual norm 5.977295e-06
 21 (restart 0) KSP residual norm 4.540284e-06
 22 (restart 0) KSP residual norm 3.412374e-06
 23 (restart 0) KSP residual norm 2.646639e-06
 24 (restart 0) KSP residual norm 2.159637e-06
 25 (restart 0) KSP residual norm 1.738113e-06
 26 (restart 0) KSP residual norm 1.330244e-06
 27 (restart 0) KSP residual norm 1.052214e-06
 28 (restart 0) KSP residual norm 8.134224e-07
 29 (restart 0) KSP residual norm 6.201310e-07
 30 (restart 0) KSP residual norm 4.992664e-07
 31 (restart 0) KSP residual norm 3.901159e-07
 32 (restart 0) KSP residual norm 3.091573e-07
 33 (restart 0) KSP residual norm 2.479570e-07
 34 (restart 0) KSP residual norm 2.040820e-07
 35 (restart 0) KSP residual norm 1.717205e-07
 36 (restart 0) KSP residual norm 1.424067e-07
 37 (restart 0) KSP residual norm 1.219134e-07
 38 (restart 0) KSP residual norm 1.011485e-07
 39 (restart 0) KSP residual norm 7.950786e-08
 40 (restart 0) KSP residual norm 6.283042e-08
 41 (restart 0) KSP residual norm 4.767434e-08
GMRES solver converged in 41 iterations (avg. reduction factor: 6.365e-01)
  Residual norms for GMRES solve
  0 (restart 0) KSP residual norm 6.502897e+00
  1 (restart 0) KSP residual norm 4.766301e+00
  2 (restart 0) KSP residual norm 4.726231e+00
  3 (restart 0) KSP residual norm 1.955624e+00
  4 (restart 0) KSP residual norm 7.141210e-01
  5 (restart 0) KSP residual norm 6.285994e-01
  6 (restart 0) KSP residual norm 2.291445e-01
  7 (restart 0) KSP residual norm 1.216928e-01
  8 (restart 0) KSP residual norm 3.693416e-02
  9 (restart 0) KSP residual norm 1.569895e-02
 10 (restart 0) KSP residual norm 7.426415e-03
 11 (restart 0) KSP residual norm 3.199035e-03
 12 (restart 0) KSP residual norm 8.306164e-04
 13 (restart 0) KSP residual norm 2.574046e-04
 14 (restart 0) KSP residual norm 1.290668e-04
 15 (restart 0) KSP residual norm 9.000203e-05
 16 (restart 0) KSP residual norm 5.090863e-05
 17 (restart 0) KSP residual norm 3.194706e-05
 18 (restart 0) KSP residual norm 2.336672e-05
 19 (restart 0) KSP residual norm 1.734402e-05
 20 (restart 0) KSP residual norm 1.249542e-05
 21 (restart 0) KSP residual norm 9.350928e-06
 22 (restart 0) KSP residual norm 7.162911e-06
 23 (restart 0) KSP residual norm 5.594845e-06
 24 (restart 0) KSP residual norm 4.478050e-06
 25 (restart 0) KSP residual norm 3.552403e-06
 26 (restart 0) KSP residual norm 2.622197e-06
 27 (restart 0) KSP residual norm 2.067627e-06
 28 (restart 0) KSP residual norm 1.582828e-06
 29 (restart 0) KSP residual norm 1.211629e-06
 30 (restart 0) KSP residual norm 9.476868e-07
 31 (restart 0) KSP residual norm 7.123386e-07
 32 (restart 0) KSP residual norm 5.670301e-07
 33 (restart 0) KSP residual norm 4.607232e-07
 34 (restart 0) KSP residual norm 3.835004e-07
 35 (restart 0) KSP residual norm 3.265034e-07
 36 (restart 0) KSP residual norm 2.779582e-07
 37 (restart 0) KSP residual norm 2.345420e-07
 38 (restart 0) KSP residual norm 1.948638e-07
 39 (restart 0) KSP residual norm 1.574545e-07
 40 (restart 0) KSP residual norm 1.226534e-07
 41 (restart 0) KSP residual norm 9.358991e-08
 42 (restart 0) KSP residual norm 6.795652e-08
 43 (restart 0) KSP residual norm 4.893700e-08
GMRES solver converged in 43 iterations (avg. reduction factor: 6.473e-01)
  Residual norms for GMRES solve
  0 (restart 0) KSP residual norm 6.567008e+00
  1 (restart 0) KSP residual norm 3.230838e+00
  2 (restart 0) KSP residual norm 2.916930e+00
  3 (restart 0) KSP residual norm 1.531765e+00
  4 (restart 0) KSP residual norm 5.545342e-01
  5 (restart 0) KSP residual norm 5.435407e-01
  6 (restart 0) KSP residual norm 2.979915e-01
  7 (restart 0) KSP residual norm 1.425868e-01
  8 (restart 0) KSP residual norm 4.049439e-02
  9 (restart 0) KSP residual norm 1.424045e-02
 10 (restart 0) KSP residual norm 4.151994e-03
 11 (restart 0) KSP residual norm 1.992648e-03
 12 (restart 0) KSP residual norm 8.508400e-04
 13 (restart 0) KSP residual norm 3.201857e-04
 14 (restart 0) KSP residual norm 1.035520e-04
 15 (restart 0) KSP residual norm 5.261825e-05
 16 (restart 0) KSP residual norm 3.055510e-05
 17 (restart 0) KSP residual norm 1.564634e-05
 18 (restart 0) KSP residual norm 8.548942e-06
 19 (restart 0) KSP residual norm 6.204569e-06
 20 (restart 0) KSP residual norm 4.472446e-06
 21 (restart 0) KSP residual norm 3.295026e-06
 22 (restart 0) KSP residual norm 2.561126e-06
 23 (restart 0) KSP residual norm 1.933944e-06
 24 (restart 0) KSP residual norm 1.563906e-06
 25 (restart 0) KSP residual norm 1.274910e-06
 26 (restart 0) KSP residual norm 9.766061e-07
 27 (restart 0) KSP residual norm 7.515277e-07
 28 (restart 0) KSP residual norm 5.962658e-07
 29 (restart 0) KSP residual norm 4.518017e-07
 30 (restart 0) KSP residual norm 3.488795e-07
 31 (restart 0) KSP residual norm 2.756988e-07
 32 (restart 0) KSP residual norm 2.127410e-07
 33 (restart 0) KSP residual norm 1.675472e-07
 34 (restart 0) KSP residual norm 1.380142e-07
 35 (restart 0) KSP residual norm 1.179893e-07
 36 (restart 0) KSP residual norm 9.900999e-08
 37 (restart 0) KSP residual norm 8.419284e-08
 38 (restart 0) KSP residual norm 7.129544e-08
 39 (restart 0) KSP residual norm 5.655873e-08
GMRES solver converged in 39 iterations (avg. reduction factor: 6.212e-01)
  Residual norms for GMRES solve
  0 (restart 0) KSP residual norm 8.519752e+00
  1 (restart 0) KSP residual norm 7.730056e+00
  2 (restart 0) KSP residual norm 6.831342e+00
  3 (restart 0) KSP residual norm 1.528203e+00
  4 (restart 0) KSP residual norm 9.323378e-01
  5 (restart 0) KSP residual norm 7.886038e-01
  6 (restart 0) KSP residual norm 5.302974e-01
  7 (restart 0) KSP residual norm 2.130585e-01
  8 (restart 0) KSP residual norm 8.815541e-02
  9 (restart 0) KSP residual norm 1.766207e-02
 10 (restart 0) KSP residual norm 6.291844e-03
 11 (restart 0) KSP residual norm 2.467430e-03
 12 (restart 0) KSP residual norm 1.197090e-03
 13 (restart 0) KSP residual norm 4.770772e-04
 14 (restart 0) KSP residual norm 2.162434e-04
 15 (restart 0) KSP residual norm 1.429579e-04
 16 (restart 0) KSP residual norm 9.249197e-05
 17 (restart 0) KSP residual norm 5.844925e-05
 18 (restart 0) KSP residual norm 4.405370e-05
 19 (restart 0) KSP residual norm 3.279870e-05
 20 (restart 0) KSP residual norm 2.400226e-05
 21 (restart 0) KSP residual norm 1.777904e-05
 22 (restart 0) KSP residual norm 1.427319e-05
 23 (restart 0) KSP residual norm 1.115482e-05
 24 (restart 0) KSP residual norm 8.656407e-06
 25 (restart 0) KSP residual norm 6.929740e-06
 26 (restart 0) KSP residual norm 5.218119e-06
 27 (restart 0) KSP residual norm 4.024024e-06
 28 (restart 0) KSP residual norm 3.151719e-06
 29 (restart 0) KSP residual norm 2.448378e-06
 30 (restart 0) KSP residual norm 1.818056e-06
 31 (restart 0) KSP residual norm 1.430335e-06
 32 (restart 0) KSP residual norm 1.160862e-06
 33 (restart 0) KSP residual norm 9.501881e-07
 34 (restart 0) KSP residual norm 8.101872e-07
 35 (restart 0) KSP residual norm 6.840744e-07
 36 (restart 0) KSP residual norm 5.846311e-07
 37 (restart 0) KSP residual norm 4.943906e-07
 38 (restart 0) KSP residual norm 4.023167e-07
 39 (restart 0) KSP residual norm 3.189376e-07
 40 (restart 0) KSP residual norm 2.453388e-07
 41 (restart 0) KSP residual norm 1.841952e-07
 42 (restart 0) KSP residual norm 1.344227e-07
 43 (restart 0) KSP residual norm 9.287828e-08
 44 (restart 0) KSP residual norm 6.563616e-08
GMRES solver converged in 44 iterations (avg. reduction factor: 6.540e-01)
  Residual norms for GMRES solve
  0 (restart 0) KSP residual norm 8.460150e+00
  1 (restart 0) KSP residual norm 5.630394e+00
  2 (restart 0) KSP residual norm 5.482258e+00
  3 (restart 0) KSP residual norm 2.580795e+00
  4 (restart 0) KSP residual norm 1.155888e+00
  5 (restart 0) KSP residual norm 9.996262e-01
  6 (restart 0) KSP residual norm 9.002155e-01
  7 (restart 0) KSP residual norm 3.489498e-01
  8 (restart 0) KSP residual norm 1.036409e-01
  9 (restart 0) KSP residual norm 2.693489e-02
 10 (restart 0) KSP residual norm 8.659595e-03
 11 (restart 0) KSP residual norm 2.809246e-03
 12 (restart 0) KSP residual norm 1.141752e-03
 13 (restart 0) KSP residual norm 5.725254e-04
 14 (restart 0) KSP residual norm 2.471715e-04
 15 (restart 0) KSP residual norm 1.305033e-04
 16 (restart 0) KSP residual norm 7.831271e-05
 17 (restart 0) KSP residual norm 4.286829e-05
 18 (restart 0) KSP residual norm 2.397573e-05
 19 (restart 0) KSP residual norm 1.666419e-05
 20 (restart 0) KSP residual norm 1.025471e-05
 21 (restart 0) KSP residual norm 7.166078e-06
 22 (restart 0) KSP residual norm 5.301575e-06
 23 (restart 0) KSP residual norm 3.998100e-06
 24 (restart 0) KSP residual norm 3.245351e-06
 25 (restart 0) KSP residual norm 2.530389e-06
 26 (restart 0) KSP residual norm 1.841779e-06
 27 (restart 0) KSP residual norm 1.378422e-06
 28 (restart 0) KSP residual norm 1.101541e-06
 29 (restart 0) KSP residual norm 8.858712e-07
 30 (restart 0) KSP residual norm 6.916994e-07
 31 (restart 0) KSP residual norm 5.271401e-07
 32 (restart 0) KSP residual norm 3.977708e-07
 33 (restart 0) KSP residual norm 2.975137e-07
 34 (restart 0) KSP residual norm 2.338077e-07
 35 (restart 0) KSP residual norm 1.896751e-07
 36 (restart 0) KSP residual norm 1.549951e-07
 37 (restart 0) KSP residual norm 1.318925e-07
 38 (restart 0) KSP residual norm 1.137767e-07
 39 (restart 0) KSP residual norm 9.833157e-08
 40 (restart 0) KSP residual norm 8.321079e-08
GMRES solver converged in 40 iterations (avg. reduction factor: 6.307e-01)
  Residual norms for GMRES solve
  0 (restart 0) KSP residual norm 1.045085e+01
  1 (restart 0) KSP residual norm 1.025941e+01
  2 (restart 0) KSP residual norm 8.219941e+00
  3 (restart 0) KSP residual norm 2.895908e+00
  4 (restart 0) KSP residual norm 2.361061e+00
  5 (restart 0) KSP residual norm 1.639981e+00
  6 (restart 0) KSP residual norm 6.214510e-01
  7 (restart 0) KSP residual norm 2.187190e-01
  8 (restart 0) KSP residual norm 8.290810e-02
  9 (restart 0) KSP residual norm 2.518898e-02
 10 (restart 0) KSP residual norm 8.096472e-03
 11 (restart 0) KSP residual norm 1.986721e-03
 12 (restart 0) KSP residual norm 1.061532e-03
 13 (restart 0) KSP residual norm 6.118523e-04
 14 (restart 0) KSP residual norm 3.127266e-04
 15 (restart 0) KSP residual norm 1.783951e-04
 16 (restart 0) KSP residual norm 1.229506e-04
 17 (restart 0) KSP residual norm 7.936653e-05
 18 (restart 0) KSP residual norm 5.281644e-05
 19 (restart 0) KSP residual norm 4.050206e-05
 20 (restart 0) KSP residual norm 2.984838e-05
 21 (restart 0) KSP residual norm 2.191789e-05
 22 (restart 0) KSP residual norm 1.743320e-05
 23 (restart 0) KSP residual norm 1.373515e-05
 24 (restart 0) KSP residual norm 1.042700e-05
 25 (restart 0) KSP residual norm 8.384538e-06
 26 (restart 0) KSP residual norm 6.481004e-06
 27 (restart 0) KSP residual norm 5.060500e-06
 28 (restart 0) KSP residual norm 4.028441e-06
 29 (restart 0) KSP residual norm 3.153153e-06
 30 (restart 0) KSP residual norm 2.448921e-06
 31 (restart 0) KSP residual norm 1.865405e-06
 32 (restart 0) KSP residual norm 1.464250e-06
 33 (restart 0) KSP residual norm 1.188695e-06
 34 (restart 0) KSP residual norm 1.006621e-06
 35 (restart 0) KSP residual norm 8.639125e-07
 36 (restart 0) KSP residual norm 7.297024e-07
 37 (restart 0) KSP residual norm 6.203053e-07
 38 (restart 0) KSP residual norm 5.106099e-07
 39 (restart 0) KSP residual norm 3.992262e-07
 40 (restart 0) KSP residual norm 3.060239e-07
 41 (restart 0) KSP residual norm 2.329697e-07
 42 (restart 0) KSP residual norm 1.691144e-07
 43 (restart 0) KSP residual norm 1.223683e-07
 44 (restart 0) KSP residual norm 8.443242e-08
GMRES solver converged in 44 iterations (avg. reduction factor: 6.548e-01)
  Residual norms for GMRES solve
  0 (restart 0) KSP residual norm 8.953879e+00
  1 (restart 0) KSP residual norm 8.313729e+00
  2 (restart 0) KSP residual norm 7.437932e+00
  3 (restart 0) KSP residual norm 2.127366e+00
  4 (restart 0) KSP residual norm 1.665130e+00
  5 (restart 0) KSP residual norm 9.389134e-01
  6 (restart 0) KSP residual norm 3.803297e-01
  7 (restart 0) KSP residual norm 1.479774e-01
  8 (restart 0) KSP residual norm 5.333936e-02
  9 (restart 0) KSP residual norm 1.974955e-02
 10 (restart 0) KSP residual norm 1.048424e-02
 11 (restart 0) KSP residual norm 3.380962e-03
 12 (restart 0) KSP residual norm 1.017206e-03
 13 (restart 0) KSP residual norm 3.893997e-04
 14 (restart 0) KSP residual norm 2.612878e-04
 15 (restart 0) KSP residual norm 1.446491e-04
 16 (restart 0) KSP residual norm 6.773158e-05
 17 (restart 0) KSP residual norm 4.101468e-05
 18 (restart 0) KSP residual norm 3.038346e-05
 19 (restart 0) KSP residual norm 2.221234e-05
 20 (restart 0) KSP residual norm 1.606910e-05
 21 (restart 0) KSP residual norm 1.195704e-05
 22 (restart 0) KSP residual norm 9.303531e-06
 23 (restart 0) KSP residual norm 7.333766e-06
 24 (restart 0) KSP residual norm 6.004903e-06
 25 (restart 0) KSP residual norm 4.648810e-06
 26 (restart 0) KSP residual norm 3.443814e-06
 27 (restart 0) KSP residual norm 2.702854e-06
 28 (restart 0) KSP residual norm 2.070211e-06
 29 (restart 0) KSP residual norm 1.603617e-06
 30 (restart 0) KSP residual norm 1.250144e-06
 31 (restart 0) KSP residual norm 9.436613e-07
 32 (restart 0) KSP residual norm 7.456991e-07
 33 (restart 0) KSP residual norm 6.062764e-07
 34 (restart 0) KSP residual norm 5.089886e-07
 35 (restart 0) KSP residual norm 4.338965e-07
 36 (restart 0) KSP residual norm 3.669151e-07
 37 (restart 0) KSP residual norm 3.118229e-07
 38 (restart 0) KSP residual norm 2.564119e-07
 39 (restart 0) KSP residual norm 2.043940e-07
 40 (restart 0) KSP residual norm 1.594861e-07
 41 (restart 0) KSP residual norm 1.189558e-07
 42 (restart 0) KSP residual norm 8.523575e-08
GMRES solver converged in 42 iterations (avg. reduction factor: 6.442e-01)
  Residual norms for GMRES solve
  0 (restart 0) KSP residual norm 6.229390e+00
  1 (restart 0) KSP residual norm 3.357054e+00
  2 (restart 0) KSP residual norm 3.233934e+00
  3 (restart 0) KSP residual norm 1.540227e+00
  4 (restart 0) KSP residual norm 6.703934e-01
  5 (restart 0) KSP residual norm 6.117946e-01
  6 (restart 0) KSP residual norm 3.476861e-01
  7 (restart 0) KSP residual norm 1.585619e-01
  8 (restart 0) KSP residual norm 6.360496e-02
  9 (restart 0) KSP residual norm 1.342592e-02
 10 (restart 0) KSP residual norm 5.476045e-03
 11 (restart 0) KSP residual norm 2.455641e-03
 12 (restart 0) KSP residual norm 1.096929e-03
 13 (restart 0) KSP residual norm 4.845970e-04
 14 (restart 0) KSP residual norm 3.303040e-04
 15 (restart 0) KSP residual norm 2.332156e-04
 16 (restart 0) KSP residual norm 1.365361e-04
 17 (restart 0) KSP residual norm 1.016012e-04
 18 (restart 0) KSP residual norm 7.899556e-05
 19 (restart 0) KSP residual norm 5.754394e-05
 20 (restart 0) KSP residual norm 4.212912e-05
 21 (restart 0) KSP residual norm 3.279437e-05
 22 (restart 0) KSP residual norm 2.608569e-05
 23 (restart 0) KSP residual norm 2.009321e-05
 24 (restart 0) KSP residual norm 1.611789e-05
 25 (restart 0) KSP residual norm 1.229783e-05
 26 (restart 0) KSP residual norm 9.296675e-06
 27 (restart 0) KSP residual norm 7.429109e-06
 28 (restart 0) KSP residual norm 5.712751e-06
 29 (restart 0) KSP residual norm 4.312360e-06
 30 (restart 0) KSP residual norm 3.348522e-06
 31 (restart 0) KSP residual norm 2.614745e-06
 32 (restart 0) KSP residual norm 2.129590e-06
 33 (restart 0) KSP residual norm 1.793118e-06
 34 (restart 0) KSP residual norm 1.503591e-06
 35 (restart 0) KSP residual norm 1.298337e-06
 36 (restart 0) KSP residual norm 1.102132e-06
 37 (restart 0) KSP residual norm 9.082119e-07
 38 (restart 0) KSP residual norm 7.332250e-07
 39 (restart 0) KSP residual norm 5.653783e-07
 40 (restart 0) KSP residual norm 4.235667e-07
 41 (restart 0) KSP residual norm 3.132691e-07
 42 (restart 0) KSP residual norm 2.192564e-07
 43 (restart 0) KSP residual norm 1.559414e-07
 44 (restart 0) KSP residual norm 1.105876e-07
 45 (restart 0) KSP residual norm 7.570374e-08
 46 (restart 0) KSP residual norm 5.320863e-08
GMRES solver converged in 46 iterations (avg. reduction factor: 6.677e-01)
  2 EPS nconv=5 first unconverged value (error) -8.14961e-06+0.360948i (4.87134211e-03)
  Residual norms for GMRES solve
  0 (restart 0) KSP residual norm 6.794566e+00
  1 (restart 0) KSP residual norm 6.562454e+00
  2 (restart 0) KSP residual norm 5.498018e+00
  3 (restart 0) KSP residual norm 1.170722e+00
  4 (restart 0) KSP residual norm 5.747693e-01
  5 (restart 0) KSP residual norm 3.952216e-01
  6 (restart 0) KSP residual norm 3.918885e-01
  7 (restart 0) KSP residual norm 1.808206e-01
  8 (restart 0) KSP residual norm 6.091829e-02
  9 (restart 0) KSP residual norm 1.660624e-02
 10 (restart 0) KSP residual norm 6.392676e-03
 11 (restart 0) KSP residual norm 3.023455e-03
 12 (restart 0) KSP residual norm 1.596535e-03
 13 (restart 0) KSP residual norm 9.306509e-04
 14 (restart 0) KSP residual norm 5.961320e-04
 15 (restart 0) KSP residual norm 4.277608e-04
 16 (restart 0) KSP residual norm 2.805812e-04
 17 (restart 0) KSP residual norm 2.016451e-04
 18 (restart 0) KSP residual norm 1.531057e-04
 19 (restart 0) KSP residual norm 1.167774e-04
 20 (restart 0) KSP residual norm 8.563840e-05
 21 (restart 0) KSP residual norm 6.761698e-05
 22 (restart 0) KSP residual norm 5.289726e-05
 23 (restart 0) KSP residual norm 4.082367e-05
 24 (restart 0) KSP residual norm 3.223582e-05
 25 (restart 0) KSP residual norm 2.502783e-05
 26 (restart 0) KSP residual norm 1.953469e-05
 27 (restart 0) KSP residual norm 1.531911e-05
 28 (restart 0) KSP residual norm 1.199099e-05
 29 (restart 0) KSP residual norm 8.962953e-06
 30 (restart 0) KSP residual norm 6.951918e-06
 31 (restart 0) KSP residual norm 5.522633e-06
 32 (restart 0) KSP residual norm 4.428623e-06
 33 (restart 0) KSP residual norm 3.746975e-06
 34 (restart 0) KSP residual norm 3.182884e-06
 35 (restart 0) KSP residual norm 2.695469e-06
 36 (restart 0) KSP residual norm 2.300180e-06
 37 (restart 0) KSP residual norm 1.894731e-06
 38 (restart 0) KSP residual norm 1.523586e-06
 39 (restart 0) KSP residual norm 1.175965e-06
 40 (restart 0) KSP residual norm 8.828402e-07
 41 (restart 0) KSP residual norm 6.588483e-07
 42 (restart 0) KSP residual norm 4.706976e-07
 43 (restart 0) KSP residual norm 3.305135e-07
 44 (restart 0) KSP residual norm 2.311160e-07
 45 (restart 0) KSP residual norm 1.594128e-07
 46 (restart 0) KSP residual norm 1.128366e-07
 47 (restart 0) KSP residual norm 8.008501e-08
 48 (restart 0) KSP residual norm 5.544741e-08
GMRES solver converged in 48 iterations (avg. reduction factor: 6.784e-01)
  Residual norms for GMRES solve
  0 (restart 0) KSP residual norm 9.029742e+00
  1 (restart 0) KSP residual norm 8.540997e+00
  2 (restart 0) KSP residual norm 6.383473e+00
  3 (restart 0) KSP residual norm 1.515932e+00
  4 (restart 0) KSP residual norm 1.193024e+00
  5 (restart 0) KSP residual norm 1.136402e+00
  6 (restart 0) KSP residual norm 8.705031e-01
  7 (restart 0) KSP residual norm 2.882867e-01
  8 (restart 0) KSP residual norm 7.275727e-02
  9 (restart 0) KSP residual norm 1.943738e-02
 10 (restart 0) KSP residual norm 6.536182e-03
 11 (restart 0) KSP residual norm 2.664325e-03
 12 (restart 0) KSP residual norm 1.264616e-03
 13 (restart 0) KSP residual norm 5.868020e-04
 14 (restart 0) KSP residual norm 2.863558e-04
 15 (restart 0) KSP residual norm 1.889323e-04
 16 (restart 0) KSP residual norm 1.160014e-04
 17 (restart 0) KSP residual norm 7.130709e-05
 18 (restart 0) KSP residual norm 5.401697e-05
 19 (restart 0) KSP residual norm 3.978147e-05
 20 (restart 0) KSP residual norm 2.935008e-05
 21 (restart 0) KSP residual norm 2.248280e-05
 22 (restart 0) KSP residual norm 1.766444e-05
 23 (restart 0) KSP residual norm 1.356113e-05
 24 (restart 0) KSP residual norm 1.055212e-05
 25 (restart 0) KSP residual norm 8.516313e-06
 26 (restart 0) KSP residual norm 6.555495e-06
 27 (restart 0) KSP residual norm 5.223013e-06
 28 (restart 0) KSP residual norm 4.207784e-06
 29 (restart 0) KSP residual norm 3.274942e-06
 30 (restart 0) KSP residual norm 2.498104e-06
 31 (restart 0) KSP residual norm 1.937852e-06
 32 (restart 0) KSP residual norm 1.488151e-06
 33 (restart 0) KSP residual norm 1.225222e-06
 34 (restart 0) KSP residual norm 1.024114e-06
 35 (restart 0) KSP residual norm 8.723571e-07
 36 (restart 0) KSP residual norm 7.454432e-07
 37 (restart 0) KSP residual norm 6.272318e-07
 38 (restart 0) KSP residual norm 5.165369e-07
 39 (restart 0) KSP residual norm 4.109191e-07
 40 (restart 0) KSP residual norm 3.123231e-07
 41 (restart 0) KSP residual norm 2.339413e-07
 42 (restart 0) KSP residual norm 1.692244e-07
 43 (restart 0) KSP residual norm 1.233330e-07
 44 (restart 0) KSP residual norm 8.635127e-08
GMRES solver converged in 44 iterations (avg. reduction factor: 6.573e-01)
  Residual norms for GMRES solve
  0 (restart 0) KSP residual norm 5.478096e+00
  1 (restart 0) KSP residual norm 3.300116e+00
  2 (restart 0) KSP residual norm 3.259395e+00
  3 (restart 0) KSP residual norm 9.139911e-01
  4 (restart 0) KSP residual norm 3.233950e-01
  5 (restart 0) KSP residual norm 1.675691e-01
  6 (restart 0) KSP residual norm 1.571651e-01
  7 (restart 0) KSP residual norm 1.257199e-01
  8 (restart 0) KSP residual norm 5.789558e-02
  9 (restart 0) KSP residual norm 1.266773e-02
 10 (restart 0) KSP residual norm 4.462886e-03
 11 (restart 0) KSP residual norm 2.404027e-03
 12 (restart 0) KSP residual norm 1.386256e-03
 13 (restart 0) KSP residual norm 7.745247e-04
 14 (restart 0) KSP residual norm 5.138917e-04
 15 (restart 0) KSP residual norm 3.466038e-04
 16 (restart 0) KSP residual norm 2.442660e-04
 17 (restart 0) KSP residual norm 1.751574e-04
 18 (restart 0) KSP residual norm 1.330195e-04
 19 (restart 0) KSP residual norm 9.916303e-05
 20 (restart 0) KSP residual norm 7.278355e-05
 21 (restart 0) KSP residual norm 5.760043e-05
 22 (restart 0) KSP residual norm 4.541599e-05
 23 (restart 0) KSP residual norm 3.525459e-05
 24 (restart 0) KSP residual norm 2.780877e-05
 25 (restart 0) KSP residual norm 2.161243e-05
 26 (restart 0) KSP residual norm 1.704640e-05
 27 (restart 0) KSP residual norm 1.353656e-05
 28 (restart 0) KSP residual norm 1.037212e-05
 29 (restart 0) KSP residual norm 7.905385e-06
 30 (restart 0) KSP residual norm 6.005326e-06
 31 (restart 0) KSP residual norm 4.751855e-06
 32 (restart 0) KSP residual norm 3.846525e-06
 33 (restart 0) KSP residual norm 3.212630e-06
 34 (restart 0) KSP residual norm 2.742802e-06
 35 (restart 0) KSP residual norm 2.325871e-06
 36 (restart 0) KSP residual norm 1.959874e-06
 37 (restart 0) KSP residual norm 1.636941e-06
 38 (restart 0) KSP residual norm 1.299247e-06
 39 (restart 0) KSP residual norm 1.011716e-06
 40 (restart 0) KSP residual norm 7.716388e-07
 41 (restart 0) KSP residual norm 5.547828e-07
 42 (restart 0) KSP residual norm 4.054980e-07
 43 (restart 0) KSP residual norm 2.898279e-07
 44 (restart 0) KSP residual norm 2.012678e-07
 45 (restart 0) KSP residual norm 1.403575e-07
 46 (restart 0) KSP residual norm 9.854586e-08
 47 (restart 0) KSP residual norm 7.002461e-08
 48 (restart 0) KSP residual norm 4.889616e-08
GMRES solver converged in 48 iterations (avg. reduction factor: 6.797e-01)
  Residual norms for GMRES solve
  0 (restart 0) KSP residual norm 6.690625e+00
  1 (restart 0) KSP residual norm 3.275723e+00
  2 (restart 0) KSP residual norm 2.955244e+00
  3 (restart 0) KSP residual norm 1.434643e+00
  4 (restart 0) KSP residual norm 7.963933e-01
  5 (restart 0) KSP residual norm 6.261910e-01
  6 (restart 0) KSP residual norm 6.215784e-01
  7 (restart 0) KSP residual norm 2.952567e-01
  8 (restart 0) KSP residual norm 7.915419e-02
  9 (restart 0) KSP residual norm 1.792163e-02
 10 (restart 0) KSP residual norm 6.277755e-03
 11 (restart 0) KSP residual norm 2.248164e-03
 12 (restart 0) KSP residual norm 1.078538e-03
 13 (restart 0) KSP residual norm 5.780494e-04
 14 (restart 0) KSP residual norm 2.892486e-04
 15 (restart 0) KSP residual norm 1.813565e-04
 16 (restart 0) KSP residual norm 1.210959e-04
 17 (restart 0) KSP residual norm 7.707692e-05
 18 (restart 0) KSP residual norm 5.690241e-05
 19 (restart 0) KSP residual norm 4.321587e-05
 20 (restart 0) KSP residual norm 3.294503e-05
 21 (restart 0) KSP residual norm 2.503795e-05
 22 (restart 0) KSP residual norm 2.004077e-05
 23 (restart 0) KSP residual norm 1.563831e-05
 24 (restart 0) KSP residual norm 1.243475e-05
 25 (restart 0) KSP residual norm 9.625755e-06
 26 (restart 0) KSP residual norm 7.392393e-06
 27 (restart 0) KSP residual norm 5.923382e-06
 28 (restart 0) KSP residual norm 4.647204e-06
 29 (restart 0) KSP residual norm 3.589249e-06
 30 (restart 0) KSP residual norm 2.717383e-06
 31 (restart 0) KSP residual norm 2.077324e-06
 32 (restart 0) KSP residual norm 1.635773e-06
 33 (restart 0) KSP residual norm 1.382794e-06
 34 (restart 0) KSP residual norm 1.161868e-06
 35 (restart 0) KSP residual norm 9.881279e-07
 36 (restart 0) KSP residual norm 8.493699e-07
 37 (restart 0) KSP residual norm 7.071642e-07
 38 (restart 0) KSP residual norm 5.646083e-07
 39 (restart 0) KSP residual norm 4.433345e-07
 40 (restart 0) KSP residual norm 3.382264e-07
 41 (restart 0) KSP residual norm 2.505863e-07
 42 (restart 0) KSP residual norm 1.803199e-07
 43 (restart 0) KSP residual norm 1.247650e-07
 44 (restart 0) KSP residual norm 8.894281e-08
 45 (restart 0) KSP residual norm 6.045758e-08
GMRES solver converged in 45 iterations (avg. reduction factor: 6.626e-01)
  Residual norms for GMRES solve
  0 (restart 0) KSP residual norm 6.324071e+00
  1 (restart 0) KSP residual norm 5.587850e+00
  2 (restart 0) KSP residual norm 5.273000e+00
  3 (restart 0) KSP residual norm 1.088401e+00
  4 (restart 0) KSP residual norm 8.275894e-01
  5 (restart 0) KSP residual norm 5.128472e-01
  6 (restart 0) KSP residual norm 2.925123e-01
  7 (restart 0) KSP residual norm 9.960223e-02
  8 (restart 0) KSP residual norm 5.012561e-02
  9 (restart 0) KSP residual norm 1.992452e-02
 10 (restart 0) KSP residual norm 6.563470e-03
 11 (restart 0) KSP residual norm 2.074401e-03
 12 (restart 0) KSP residual norm 1.226864e-03
 13 (restart 0) KSP residual norm 8.563162e-04
 14 (restart 0) KSP residual norm 5.234781e-04
 15 (restart 0) KSP residual norm 3.351867e-04
 16 (restart 0) KSP residual norm 2.428489e-04
 17 (restart 0) KSP residual norm 1.771658e-04
 18 (restart 0) KSP residual norm 1.269508e-04
 19 (restart 0) KSP residual norm 9.687730e-05
 20 (restart 0) KSP residual norm 7.540731e-05
 21 (restart 0) KSP residual norm 5.513809e-05
 22 (restart 0) KSP residual norm 4.464757e-05
 23 (restart 0) KSP residual norm 3.541161e-05
 24 (restart 0) KSP residual norm 2.660427e-05
 25 (restart 0) KSP residual norm 2.119897e-05
 26 (restart 0) KSP residual norm 1.649824e-05
 27 (restart 0) KSP residual norm 1.286391e-05
 28 (restart 0) KSP residual norm 1.020895e-05
 29 (restart 0) KSP residual norm 7.715302e-06
 30 (restart 0) KSP residual norm 5.961187e-06
 31 (restart 0) KSP residual norm 4.720361e-06
 32 (restart 0) KSP residual norm 3.807918e-06
 33 (restart 0) KSP residual norm 3.149821e-06
 34 (restart 0) KSP residual norm 2.703365e-06
 35 (restart 0) KSP residual norm 2.305311e-06
 36 (restart 0) KSP residual norm 1.940583e-06
 37 (restart 0) KSP residual norm 1.618769e-06
 38 (restart 0) KSP residual norm 1.325888e-06
 39 (restart 0) KSP residual norm 1.017309e-06
 40 (restart 0) KSP residual norm 7.850957e-07
 41 (restart 0) KSP residual norm 5.945935e-07
 42 (restart 0) KSP residual norm 4.178625e-07
 43 (restart 0) KSP residual norm 2.977589e-07
 44 (restart 0) KSP residual norm 2.121405e-07
 45 (restart 0) KSP residual norm 1.446089e-07
 46 (restart 0) KSP residual norm 1.031435e-07
 47 (restart 0) KSP residual norm 7.175764e-08
 48 (restart 0) KSP residual norm 5.006439e-08
GMRES solver converged in 48 iterations (avg. reduction factor: 6.780e-01)
  Residual norms for GMRES solve
  0 (restart 0) KSP residual norm 7.683885e+00
  1 (restart 0) KSP residual norm 7.296262e+00
  2 (restart 0) KSP residual norm 6.619099e+00
  3 (restart 0) KSP residual norm 2.011722e+00
  4 (restart 0) KSP residual norm 1.529714e+00
  5 (restart 0) KSP residual norm 1.189417e+00
  6 (restart 0) KSP residual norm 7.176596e-01
  7 (restart 0) KSP residual norm 2.864162e-01
  8 (restart 0) KSP residual norm 8.533817e-02
  9 (restart 0) KSP residual norm 2.287377e-02
 10 (restart 0) KSP residual norm 7.688063e-03
 11 (restart 0) KSP residual norm 2.481706e-03
 12 (restart 0) KSP residual norm 1.323797e-03
 13 (restart 0) KSP residual norm 6.739536e-04
 14 (restart 0) KSP residual norm 3.427312e-04
 15 (restart 0) KSP residual norm 2.242761e-04
 16 (restart 0) KSP residual norm 1.512411e-04
 17 (restart 0) KSP residual norm 9.859373e-05
 18 (restart 0) KSP residual norm 7.198415e-05
 19 (restart 0) KSP residual norm 5.455075e-05
 20 (restart 0) KSP residual norm 4.204413e-05
 21 (restart 0) KSP residual norm 3.117711e-05
 22 (restart 0) KSP residual norm 2.509242e-05
 23 (restart 0) KSP residual norm 1.968582e-05
 24 (restart 0) KSP residual norm 1.527526e-05
 25 (restart 0) KSP residual norm 1.213367e-05
 26 (restart 0) KSP residual norm 9.407445e-06
 27 (restart 0) KSP residual norm 7.366367e-06
 28 (restart 0) KSP residual norm 5.740041e-06
 29 (restart 0) KSP residual norm 4.345271e-06
 30 (restart 0) KSP residual norm 3.381007e-06
 31 (restart 0) KSP residual norm 2.568805e-06
 32 (restart 0) KSP residual norm 2.041260e-06
 33 (restart 0) KSP residual norm 1.717734e-06
 34 (restart 0) KSP residual norm 1.469236e-06
 35 (restart 0) KSP residual norm 1.249144e-06
 36 (restart 0) KSP residual norm 1.061120e-06
 37 (restart 0) KSP residual norm 8.966957e-07
 38 (restart 0) KSP residual norm 7.207512e-07
 39 (restart 0) KSP residual norm 5.537440e-07
 40 (restart 0) KSP residual norm 4.195946e-07
 41 (restart 0) KSP residual norm 3.066751e-07
 42 (restart 0) KSP residual norm 2.227641e-07
 43 (restart 0) KSP residual norm 1.633548e-07
 44 (restart 0) KSP residual norm 1.139719e-07
 45 (restart 0) KSP residual norm 7.781902e-08
 46 (restart 0) KSP residual norm 5.437359e-08
GMRES solver converged in 46 iterations (avg. reduction factor: 6.650e-01)
  Residual norms for GMRES solve
  0 (restart 0) KSP residual norm 8.047796e+00
  1 (restart 0) KSP residual norm 5.512113e+00
  2 (restart 0) KSP residual norm 5.465593e+00
  3 (restart 0) KSP residual norm 3.047455e+00
  4 (restart 0) KSP residual norm 1.000941e+00
  5 (restart 0) KSP residual norm 7.855191e-01
  6 (restart 0) KSP residual norm 7.186515e-01
  7 (restart 0) KSP residual norm 3.178531e-01
  8 (restart 0) KSP residual norm 9.656667e-02
  9 (restart 0) KSP residual norm 2.783357e-02
 10 (restart 0) KSP residual norm 8.326277e-03
 11 (restart 0) KSP residual norm 3.337226e-03
 12 (restart 0) KSP residual norm 1.627861e-03
 13 (restart 0) KSP residual norm 8.913687e-04
 14 (restart 0) KSP residual norm 4.933617e-04
 15 (restart 0) KSP residual norm 3.285566e-04
 16 (restart 0) KSP residual norm 2.187653e-04
 17 (restart 0) KSP residual norm 1.475503e-04
 18 (restart 0) KSP residual norm 1.087338e-04
 19 (restart 0) KSP residual norm 7.953563e-05
 20 (restart 0) KSP residual norm 6.008547e-05
 21 (restart 0) KSP residual norm 4.468537e-05
 22 (restart 0) KSP residual norm 3.564931e-05
 23 (restart 0) KSP residual norm 2.687713e-05
 24 (restart 0) KSP residual norm 2.060539e-05
 25 (restart 0) KSP residual norm 1.634535e-05
 26 (restart 0) KSP residual norm 1.258031e-05
 27 (restart 0) KSP residual norm 9.971409e-06
 28 (restart 0) KSP residual norm 7.876237e-06
 29 (restart 0) KSP residual norm 6.090397e-06
 30 (restart 0) KSP residual norm 4.736781e-06
 31 (restart 0) KSP residual norm 3.639150e-06
 32 (restart 0) KSP residual norm 2.833647e-06
 33 (restart 0) KSP residual norm 2.318475e-06
 34 (restart 0) KSP residual norm 1.924100e-06
 35 (restart 0) KSP residual norm 1.640700e-06
 36 (restart 0) KSP residual norm 1.403807e-06
 37 (restart 0) KSP residual norm 1.183059e-06
 38 (restart 0) KSP residual norm 9.904688e-07
 39 (restart 0) KSP residual norm 7.946107e-07
 40 (restart 0) KSP residual norm 6.158496e-07
 41 (restart 0) KSP residual norm 4.663777e-07
 42 (restart 0) KSP residual norm 3.346287e-07
 43 (restart 0) KSP residual norm 2.425221e-07
 44 (restart 0) KSP residual norm 1.715293e-07
 45 (restart 0) KSP residual norm 1.172775e-07
 46 (restart 0) KSP residual norm 8.195866e-08
 47 (restart 0) KSP residual norm 5.756442e-08
GMRES solver converged in 47 iterations (avg. reduction factor: 6.710e-01)
  Residual norms for GMRES solve
  0 (restart 0) KSP residual norm 8.735697e+00
  1 (restart 0) KSP residual norm 8.264525e+00
  2 (restart 0) KSP residual norm 7.775426e+00
  3 (restart 0) KSP residual norm 2.616674e+00
  4 (restart 0) KSP residual norm 2.193872e+00
  5 (restart 0) KSP residual norm 1.605932e+00
  6 (restart 0) KSP residual norm 8.795578e-01
  7 (restart 0) KSP residual norm 3.108890e-01
  8 (restart 0) KSP residual norm 9.637516e-02
  9 (restart 0) KSP residual norm 2.473425e-02
 10 (restart 0) KSP residual norm 8.612305e-03
 11 (restart 0) KSP residual norm 3.153215e-03
 12 (restart 0) KSP residual norm 1.650004e-03
 13 (restart 0) KSP residual norm 8.799711e-04
 14 (restart 0) KSP residual norm 5.109793e-04
 15 (restart 0) KSP residual norm 3.473340e-04
 16 (restart 0) KSP residual norm 2.280694e-04
 17 (restart 0) KSP residual norm 1.573719e-04
 18 (restart 0) KSP residual norm 1.183526e-04
 19 (restart 0) KSP residual norm 8.996178e-05
 20 (restart 0) KSP residual norm 6.578243e-05
 21 (restart 0) KSP residual norm 4.920408e-05
 22 (restart 0) KSP residual norm 3.940085e-05
 23 (restart 0) KSP residual norm 3.075451e-05
 24 (restart 0) KSP residual norm 2.405288e-05
 25 (restart 0) KSP residual norm 1.893338e-05
 26 (restart 0) KSP residual norm 1.467078e-05
 27 (restart 0) KSP residual norm 1.152234e-05
 28 (restart 0) KSP residual norm 9.025420e-06
 29 (restart 0) KSP residual norm 6.874797e-06
 30 (restart 0) KSP residual norm 5.225179e-06
 31 (restart 0) KSP residual norm 4.069679e-06
 32 (restart 0) KSP residual norm 3.292884e-06
 33 (restart 0) KSP residual norm 2.736881e-06
 34 (restart 0) KSP residual norm 2.310356e-06
 35 (restart 0) KSP residual norm 1.988616e-06
 36 (restart 0) KSP residual norm 1.692928e-06
 37 (restart 0) KSP residual norm 1.395310e-06
 38 (restart 0) KSP residual norm 1.137689e-06
 39 (restart 0) KSP residual norm 8.930555e-07
 40 (restart 0) KSP residual norm 6.885198e-07
 41 (restart 0) KSP residual norm 5.192437e-07
 42 (restart 0) KSP residual norm 3.708473e-07
 43 (restart 0) KSP residual norm 2.599182e-07
 44 (restart 0) KSP residual norm 1.819124e-07
 45 (restart 0) KSP residual norm 1.262804e-07
 46 (restart 0) KSP residual norm 9.029442e-08
 47 (restart 0) KSP residual norm 6.219727e-08
GMRES solver converged in 47 iterations (avg. reduction factor: 6.709e-01)
  Residual norms for GMRES solve
  0 (restart 0) KSP residual norm 7.025764e+00
  1 (restart 0) KSP residual norm 6.882261e+00
  2 (restart 0) KSP residual norm 5.962908e+00
  3 (restart 0) KSP residual norm 1.390176e+00
  4 (restart 0) KSP residual norm 1.280918e+00
  5 (restart 0) KSP residual norm 8.039981e-01
  6 (restart 0) KSP residual norm 4.902517e-01
  7 (restart 0) KSP residual norm 2.464690e-01
  8 (restart 0) KSP residual norm 8.596112e-02
  9 (restart 0) KSP residual norm 2.063147e-02
 10 (restart 0) KSP residual norm 6.711798e-03
 11 (restart 0) KSP residual norm 2.676814e-03
 12 (restart 0) KSP residual norm 1.274196e-03
 13 (restart 0) KSP residual norm 7.676601e-04
 14 (restart 0) KSP residual norm 3.941336e-04
 15 (restart 0) KSP residual norm 2.373962e-04
 16 (restart 0) KSP residual norm 1.685711e-04
 17 (restart 0) KSP residual norm 1.048144e-04
 18 (restart 0) KSP residual norm 7.575829e-05
 19 (restart 0) KSP residual norm 5.562859e-05
 20 (restart 0) KSP residual norm 4.113684e-05
 21 (restart 0) KSP residual norm 2.974510e-05
 22 (restart 0) KSP residual norm 2.276753e-05
 23 (restart 0) KSP residual norm 1.751752e-05
 24 (restart 0) KSP residual norm 1.249437e-05
 25 (restart 0) KSP residual norm 9.694047e-06
 26 (restart 0) KSP residual norm 7.601018e-06
 27 (restart 0) KSP residual norm 5.943946e-06
 28 (restart 0) KSP residual norm 4.893381e-06
 29 (restart 0) KSP residual norm 3.986795e-06
 30 (restart 0) KSP residual norm 3.098802e-06
 31 (restart 0) KSP residual norm 2.420469e-06
 32 (restart 0) KSP residual norm 1.893628e-06
 33 (restart 0) KSP residual norm 1.469530e-06
 34 (restart 0) KSP residual norm 1.188186e-06
 35 (restart 0) KSP residual norm 9.789392e-07
 36 (restart 0) KSP residual norm 8.242286e-07
 37 (restart 0) KSP residual norm 7.013982e-07
 38 (restart 0) KSP residual norm 5.996031e-07
 39 (restart 0) KSP residual norm 4.987040e-07
 40 (restart 0) KSP residual norm 4.065202e-07
 41 (restart 0) KSP residual norm 3.287251e-07
 42 (restart 0) KSP residual norm 2.511443e-07
 43 (restart 0) KSP residual norm 1.823069e-07
 44 (restart 0) KSP residual norm 1.325436e-07
 45 (restart 0) KSP residual norm 9.096218e-08
 46 (restart 0) KSP residual norm 6.255700e-08
GMRES solver converged in 46 iterations (avg. reduction factor: 6.683e-01)
  3 EPS nconv=10 first unconverged value (error) 0.000104335+0.391609i (1.73514180e-02)

 Linear eigensolve converged (10 eigenpairs) due to CONVERGED_TOL; iterations 3
 Total number of linear systems solved: 41
 Total number of linear solver iterations: 1814
 Found 10 converged eigenvalues (first = -3.321e-04+8.800e+00i)

 Refining eigenvalues with Quasi-Newton solver
  Residual norms for GMRES solve
  0 (restart 0) KSP residual norm 3.670005e+01
  1 (restart 0) KSP residual norm 2.153606e+00
  2 (restart 0) KSP residual norm 1.210563e+00
  3 (restart 0) KSP residual norm 7.305783e-01
  4 (restart 0) KSP residual norm 7.262138e-01
  5 (restart 0) KSP residual norm 6.822120e-01
  6 (restart 0) KSP residual norm 4.852607e-01
  7 (restart 0) KSP residual norm 4.115237e-01
  8 (restart 0) KSP residual norm 3.233438e-01
  9 (restart 0) KSP residual norm 1.920699e-01
 10 (restart 0) KSP residual norm 1.076243e-01
 11 (restart 0) KSP residual norm 6.429965e-02
 12 (restart 0) KSP residual norm 5.965574e-02
 13 (restart 0) KSP residual norm 5.899792e-02
 14 (restart 0) KSP residual norm 4.819788e-02
 15 (restart 0) KSP residual norm 3.808307e-02
 16 (restart 0) KSP residual norm 3.206897e-02
 17 (restart 0) KSP residual norm 2.979245e-02
 18 (restart 0) KSP residual norm 2.918787e-02
 19 (restart 0) KSP residual norm 2.902332e-02
 20 (restart 0) KSP residual norm 2.803005e-02
 21 (restart 0) KSP residual norm 2.799141e-02
 22 (restart 0) KSP residual norm 2.661134e-02
 23 (restart 0) KSP residual norm 2.338473e-02
 24 (restart 0) KSP residual norm 2.300219e-02
 25 (restart 0) KSP residual norm 2.295216e-02
 26 (restart 0) KSP residual norm 2.218852e-02
 27 (restart 0) KSP residual norm 2.212207e-02
 28 (restart 0) KSP residual norm 2.152284e-02
 29 (restart 0) KSP residual norm 2.019775e-02
 30 (restart 0) KSP residual norm 1.967217e-02
 31 (restart 0) KSP residual norm 1.879608e-02
 32 (restart 0) KSP residual norm 1.818025e-02
 33 (restart 0) KSP residual norm 1.736410e-02
 34 (restart 0) KSP residual norm 1.616485e-02
 35 (restart 0) KSP residual norm 1.454302e-02
 36 (restart 0) KSP residual norm 1.253561e-02
 37 (restart 0) KSP residual norm 1.040131e-02
 38 (restart 0) KSP residual norm 8.055055e-03
 39 (restart 0) KSP residual norm 6.105239e-03
 40 (restart 0) KSP residual norm 4.597838e-03
 41 (restart 0) KSP residual norm 3.322692e-03
GMRES solver converged in 41 iterations (avg. reduction factor: 7.969e-01)
0 NLEPS (nconv=0, restart=0) residual norm 1.362791e-04
  Residual norms for GMRES solve
  0 (restart 0) KSP residual norm 3.537391e-07
  1 (restart 0) KSP residual norm 2.763183e-07
  2 (restart 0) KSP residual norm 1.105163e-07
  3 (restart 0) KSP residual norm 6.777261e-08
  4 (restart 0) KSP residual norm 5.834785e-08
  5 (restart 0) KSP residual norm 4.418726e-08
  6 (restart 0) KSP residual norm 4.376285e-08
  7 (restart 0) KSP residual norm 4.280328e-08
  8 (restart 0) KSP residual norm 3.797335e-08
  9 (restart 0) KSP residual norm 3.737417e-08
 10 (restart 0) KSP residual norm 3.513379e-08
 11 (restart 0) KSP residual norm 3.285073e-08
 12 (restart 0) KSP residual norm 3.282461e-08
 13 (restart 0) KSP residual norm 3.129620e-08
 14 (restart 0) KSP residual norm 3.048333e-08
 15 (restart 0) KSP residual norm 3.030673e-08
 16 (restart 0) KSP residual norm 3.028475e-08
 17 (restart 0) KSP residual norm 2.947097e-08
 18 (restart 0) KSP residual norm 2.896594e-08
 19 (restart 0) KSP residual norm 2.863937e-08
 20 (restart 0) KSP residual norm 2.768382e-08
 21 (restart 0) KSP residual norm 2.743129e-08
 22 (restart 0) KSP residual norm 2.742092e-08
 23 (restart 0) KSP residual norm 2.740401e-08
 24 (restart 0) KSP residual norm 2.735131e-08
 25 (restart 0) KSP residual norm 2.726804e-08
 26 (restart 0) KSP residual norm 2.696183e-08
 27 (restart 0) KSP residual norm 2.691938e-08
 28 (restart 0) KSP residual norm 2.684128e-08
 29 (restart 0) KSP residual norm 2.660049e-08
 30 (restart 0) KSP residual norm 2.658106e-08
 31 (restart 0) KSP residual norm 2.654105e-08
 32 (restart 0) KSP residual norm 2.644454e-08
 33 (restart 0) KSP residual norm 2.621004e-08
 34 (restart 0) KSP residual norm 2.620740e-08
 35 (restart 0) KSP residual norm 2.618535e-08
 36 (restart 0) KSP residual norm 2.598859e-08
 37 (restart 0) KSP residual norm 2.595971e-08
 38 (restart 0) KSP residual norm 2.574594e-08
 39 (restart 0) KSP residual norm 2.563321e-08
 40 (restart 0) KSP residual norm 2.518718e-08
 41 (restart 0) KSP residual norm 2.485149e-08
 42 (restart 0) KSP residual norm 2.444747e-08
 43 (restart 0) KSP residual norm 2.250532e-08
 44 (restart 0) KSP residual norm 2.030236e-08
 45 (restart 0) KSP residual norm 1.634403e-08
 46 (restart 0) KSP residual norm 1.302663e-08
 47 (restart 0) KSP residual norm 9.909027e-09
 48 (restart 0) KSP residual norm 7.019186e-09
 49 (restart 0) KSP residual norm 4.852057e-09
 50 (restart 0) KSP residual norm 3.492361e-09
 51 (restart 0) KSP residual norm 2.493312e-09
 52 (restart 0) KSP residual norm 1.750785e-09
 53 (restart 0) KSP residual norm 1.194615e-09
 54 (restart 0) KSP residual norm 7.808509e-10
 55 (restart 0) KSP residual norm 4.965489e-10
 56 (restart 0) KSP residual norm 3.224562e-10
 57 (restart 0) KSP residual norm 2.176731e-10
 58 (restart 0) KSP residual norm 1.533552e-10
 59 (restart 0) KSP residual norm 1.050285e-10
 60 (restart 0) KSP residual norm 7.409083e-11
 61 (restart 0) KSP residual norm 4.931156e-11
 62 (restart 0) KSP residual norm 3.192962e-11
GMRES solver converged in 62 iterations (avg. reduction factor: 8.605e-01)
1 NLEPS (nconv=0, restart=0) residual norm 3.483957e-07
  Residual norms for GMRES solve
  0 (restart 0) KSP residual norm 5.189276e-11
  1 (restart 0) KSP residual norm 5.172058e-11
  2 (restart 0) KSP residual norm 5.152791e-11
  3 (restart 0) KSP residual norm 5.099203e-11
  4 (restart 0) KSP residual norm 5.069967e-11
  5 (restart 0) KSP residual norm 4.437552e-11
  6 (restart 0) KSP residual norm 4.128023e-11
  7 (restart 0) KSP residual norm 3.910116e-11
  8 (restart 0) KSP residual norm 3.568794e-11
  9 (restart 0) KSP residual norm 2.815163e-11
 10 (restart 0) KSP residual norm 2.594519e-11
 11 (restart 0) KSP residual norm 2.472893e-11
 12 (restart 0) KSP residual norm 2.468303e-11
 13 (restart 0) KSP residual norm 2.459923e-11
 14 (restart 0) KSP residual norm 2.290724e-11
 15 (restart 0) KSP residual norm 2.183735e-11
 16 (restart 0) KSP residual norm 2.139101e-11
 17 (restart 0) KSP residual norm 2.086832e-11
 18 (restart 0) KSP residual norm 1.803721e-11
 19 (restart 0) KSP residual norm 1.680484e-11
 20 (restart 0) KSP residual norm 1.633827e-11
 21 (restart 0) KSP residual norm 1.581755e-11
 22 (restart 0) KSP residual norm 1.482699e-11
 23 (restart 0) KSP residual norm 1.421229e-11
 24 (restart 0) KSP residual norm 1.400977e-11
 25 (restart 0) KSP residual norm 1.347113e-11
 26 (restart 0) KSP residual norm 1.289302e-11
 27 (restart 0) KSP residual norm 1.242745e-11
 28 (restart 0) KSP residual norm 1.216431e-11
 29 (restart 0) KSP residual norm 1.180143e-11
 30 (restart 0) KSP residual norm 1.155719e-11
 31 (restart 0) KSP residual norm 1.109819e-11
 32 (restart 0) KSP residual norm 1.080350e-11
 33 (restart 0) KSP residual norm 1.041847e-11
 34 (restart 0) KSP residual norm 1.022390e-11
 35 (restart 0) KSP residual norm 1.019202e-11
 36 (restart 0) KSP residual norm 9.803754e-12
 37 (restart 0) KSP residual norm 9.618128e-12
 38 (restart 0) KSP residual norm 9.554575e-12
 39 (restart 0) KSP residual norm 9.392881e-12
 40 (restart 0) KSP residual norm 9.026853e-12
 41 (restart 0) KSP residual norm 8.763749e-12
 42 (restart 0) KSP residual norm 8.731097e-12
 43 (restart 0) KSP residual norm 8.518341e-12
 44 (restart 0) KSP residual norm 8.040368e-12
 45 (restart 0) KSP residual norm 7.804635e-12
 46 (restart 0) KSP residual norm 7.745532e-12
 47 (restart 0) KSP residual norm 7.622406e-12
 48 (restart 0) KSP residual norm 7.238926e-12
 49 (restart 0) KSP residual norm 6.963063e-12
 50 (restart 0) KSP residual norm 6.752120e-12
 51 (restart 0) KSP residual norm 6.608607e-12
 52 (restart 0) KSP residual norm 6.602971e-12
 53 (restart 0) KSP residual norm 6.435446e-12
 54 (restart 0) KSP residual norm 5.840360e-12
 55 (restart 0) KSP residual norm 4.599847e-12
 56 (restart 0) KSP residual norm 3.557792e-12
 57 (restart 0) KSP residual norm 2.849783e-12
 58 (restart 0) KSP residual norm 2.233535e-12
 59 (restart 0) KSP residual norm 1.707545e-12
 60 (restart 0) KSP residual norm 1.206245e-12
 61 (restart 0) KSP residual norm 8.127630e-13
GMRES solver converged in 61 iterations (avg. reduction factor: 9.341e-01)
2 NLEPS (nconv=0, restart=0) residual norm 7.285067e-09
Eigenvalue 0, Quasi-Newton converged in 2 iterations (-3.320e-04+8.800e+00i).
  Residual norms for GMRES solve
  0 (restart 0) KSP residual norm 3.665075e+01
  1 (restart 0) KSP residual norm 2.158265e+00
  2 (restart 0) KSP residual norm 1.250741e+00
  3 (restart 0) KSP residual norm 6.327921e-01
  4 (restart 0) KSP residual norm 6.145499e-01
  5 (restart 0) KSP residual norm 6.026952e-01
  6 (restart 0) KSP residual norm 5.931892e-01
  7 (restart 0) KSP residual norm 5.492467e-01
  8 (restart 0) KSP residual norm 5.340837e-01
  9 (restart 0) KSP residual norm 4.296440e-01
 10 (restart 0) KSP residual norm 2.553638e-01
 11 (restart 0) KSP residual norm 1.127249e-01
 12 (restart 0) KSP residual norm 8.516891e-02
 13 (restart 0) KSP residual norm 7.713228e-02
 14 (restart 0) KSP residual norm 7.444003e-02
 15 (restart 0) KSP residual norm 7.324241e-02
 16 (restart 0) KSP residual norm 7.071436e-02
 17 (restart 0) KSP residual norm 5.520860e-02
 18 (restart 0) KSP residual norm 4.641704e-02
 19 (restart 0) KSP residual norm 4.358852e-02
 20 (restart 0) KSP residual norm 4.246608e-02
 21 (restart 0) KSP residual norm 4.138126e-02
 22 (restart 0) KSP residual norm 4.127910e-02
 23 (restart 0) KSP residual norm 3.809351e-02
 24 (restart 0) KSP residual norm 3.597665e-02
 25 (restart 0) KSP residual norm 3.099074e-02
 26 (restart 0) KSP residual norm 2.691910e-02
 27 (restart 0) KSP residual norm 2.336160e-02
 28 (restart 0) KSP residual norm 1.974064e-02
 29 (restart 0) KSP residual norm 1.676282e-02
 30 (restart 0) KSP residual norm 1.465664e-02
 31 (restart 0) KSP residual norm 1.217387e-02
 32 (restart 0) KSP residual norm 1.057741e-02
 33 (restart 0) KSP residual norm 9.001993e-03
 34 (restart 0) KSP residual norm 7.242304e-03
 35 (restart 0) KSP residual norm 5.692944e-03
 36 (restart 0) KSP residual norm 4.374871e-03
 37 (restart 0) KSP residual norm 3.443743e-03
GMRES solver converged in 37 iterations (avg. reduction factor: 7.783e-01)
0 NLEPS (nconv=1, restart=0) residual norm 1.120153e-01
  Residual norms for GMRES solve
  0 (restart 0) KSP residual norm 3.855496e+00
  1 (restart 0) KSP residual norm 3.236414e+00
  2 (restart 0) KSP residual norm 1.571690e+00
  3 (restart 0) KSP residual norm 1.526017e+00
  4 (restart 0) KSP residual norm 5.707222e-01
  5 (restart 0) KSP residual norm 1.790554e-01
  6 (restart 0) KSP residual norm 1.353794e-01
  7 (restart 0) KSP residual norm 1.034808e-01
  8 (restart 0) KSP residual norm 8.065709e-02
  9 (restart 0) KSP residual norm 4.933937e-02
 10 (restart 0) KSP residual norm 3.118580e-02
 11 (restart 0) KSP residual norm 2.302772e-02
 12 (restart 0) KSP residual norm 2.159015e-02
 13 (restart 0) KSP residual norm 2.158607e-02
 14 (restart 0) KSP residual norm 2.031709e-02
 15 (restart 0) KSP residual norm 1.939405e-02
 16 (restart 0) KSP residual norm 1.821224e-02
 17 (restart 0) KSP residual norm 1.785298e-02
 18 (restart 0) KSP residual norm 1.747638e-02
 19 (restart 0) KSP residual norm 1.635417e-02
 20 (restart 0) KSP residual norm 1.516765e-02
 21 (restart 0) KSP residual norm 1.458888e-02
 22 (restart 0) KSP residual norm 1.396332e-02
 23 (restart 0) KSP residual norm 1.195459e-02
 24 (restart 0) KSP residual norm 1.189529e-02
 25 (restart 0) KSP residual norm 1.094488e-02
 26 (restart 0) KSP residual norm 9.726788e-03
 27 (restart 0) KSP residual norm 9.467734e-03
 28 (restart 0) KSP residual norm 8.984858e-03
 29 (restart 0) KSP residual norm 8.266928e-03
 30 (restart 0) KSP residual norm 8.134334e-03
 31 (restart 0) KSP residual norm 8.113812e-03
 32 (restart 0) KSP residual norm 7.891361e-03
 33 (restart 0) KSP residual norm 7.503119e-03
 34 (restart 0) KSP residual norm 7.005138e-03
 35 (restart 0) KSP residual norm 6.379933e-03
 36 (restart 0) KSP residual norm 5.808205e-03
 37 (restart 0) KSP residual norm 5.184091e-03
 38 (restart 0) KSP residual norm 4.400921e-03
 39 (restart 0) KSP residual norm 3.846102e-03
 40 (restart 0) KSP residual norm 3.279716e-03
 41 (restart 0) KSP residual norm 2.770669e-03
 42 (restart 0) KSP residual norm 2.367229e-03
 43 (restart 0) KSP residual norm 2.010933e-03
 44 (restart 0) KSP residual norm 1.701775e-03
 45 (restart 0) KSP residual norm 1.453224e-03
 46 (restart 0) KSP residual norm 1.251547e-03
 47 (restart 0) KSP residual norm 1.038002e-03
 48 (restart 0) KSP residual norm 8.348404e-04
 49 (restart 0) KSP residual norm 6.483814e-04
 50 (restart 0) KSP residual norm 4.706593e-04
 51 (restart 0) KSP residual norm 3.387662e-04
GMRES solver converged in 51 iterations (avg. reduction factor: 8.327e-01)
1 NLEPS (nconv=1, restart=0) residual norm 1.674314e-03
  Residual norms for GMRES solve
  0 (restart 0) KSP residual norm 1.724761e-08
  1 (restart 0) KSP residual norm 1.534947e-08
  2 (restart 0) KSP residual norm 9.748473e-09
  3 (restart 0) KSP residual norm 9.626366e-09
  4 (restart 0) KSP residual norm 4.032724e-09
  5 (restart 0) KSP residual norm 2.522829e-09
  6 (restart 0) KSP residual norm 2.438656e-09
  7 (restart 0) KSP residual norm 2.338915e-09
  8 (restart 0) KSP residual norm 2.213776e-09
  9 (restart 0) KSP residual norm 2.187557e-09
 10 (restart 0) KSP residual norm 2.160948e-09
 11 (restart 0) KSP residual norm 2.101768e-09
 12 (restart 0) KSP residual norm 2.044409e-09
 13 (restart 0) KSP residual norm 1.956747e-09
 14 (restart 0) KSP residual norm 1.954088e-09
 15 (restart 0) KSP residual norm 1.888173e-09
 16 (restart 0) KSP residual norm 1.789728e-09
 17 (restart 0) KSP residual norm 1.718543e-09
 18 (restart 0) KSP residual norm 1.668273e-09
 19 (restart 0) KSP residual norm 1.629627e-09
 20 (restart 0) KSP residual norm 1.616946e-09
 21 (restart 0) KSP residual norm 1.609037e-09
 22 (restart 0) KSP residual norm 1.554997e-09
 23 (restart 0) KSP residual norm 1.546705e-09
 24 (restart 0) KSP residual norm 1.534419e-09
 25 (restart 0) KSP residual norm 1.500816e-09
 26 (restart 0) KSP residual norm 1.499866e-09
 27 (restart 0) KSP residual norm 1.462811e-09
 28 (restart 0) KSP residual norm 1.449539e-09
 29 (restart 0) KSP residual norm 1.411856e-09
 30 (restart 0) KSP residual norm 1.344238e-09
 31 (restart 0) KSP residual norm 1.291753e-09
 32 (restart 0) KSP residual norm 1.231407e-09
 33 (restart 0) KSP residual norm 1.129653e-09
 34 (restart 0) KSP residual norm 1.029165e-09
 35 (restart 0) KSP residual norm 9.416463e-10
 36 (restart 0) KSP residual norm 9.071062e-10
 37 (restart 0) KSP residual norm 8.567046e-10
 38 (restart 0) KSP residual norm 8.306447e-10
 39 (restart 0) KSP residual norm 8.206099e-10
 40 (restart 0) KSP residual norm 7.937382e-10
 41 (restart 0) KSP residual norm 7.759556e-10
 42 (restart 0) KSP residual norm 7.620510e-10
 43 (restart 0) KSP residual norm 7.552519e-10
 44 (restart 0) KSP residual norm 7.361861e-10
 45 (restart 0) KSP residual norm 7.226658e-10
 46 (restart 0) KSP residual norm 7.076576e-10
 47 (restart 0) KSP residual norm 6.896243e-10
 48 (restart 0) KSP residual norm 6.553478e-10
 49 (restart 0) KSP residual norm 5.688220e-10
 50 (restart 0) KSP residual norm 4.562105e-10
 51 (restart 0) KSP residual norm 3.384047e-10
 52 (restart 0) KSP residual norm 2.424046e-10
 53 (restart 0) KSP residual norm 1.732159e-10
 54 (restart 0) KSP residual norm 1.228653e-10
 55 (restart 0) KSP residual norm 8.447883e-11
 56 (restart 0) KSP residual norm 5.770406e-11
 57 (restart 0) KSP residual norm 3.765009e-11
 58 (restart 0) KSP residual norm 2.550928e-11
 59 (restart 0) KSP residual norm 1.770579e-11
 60 (restart 0) KSP residual norm 1.215007e-11
 61 (restart 0) KSP residual norm 8.452225e-12
 62 (restart 0) KSP residual norm 5.544806e-12
 63 (restart 0) KSP residual norm 3.659026e-12
 64 (restart 0) KSP residual norm 2.430741e-12
 65 (restart 0) KSP residual norm 1.663607e-12
GMRES solver converged in 65 iterations (avg. reduction factor: 8.674e-01)
2 NLEPS (nconv=1, restart=0) residual norm 8.022312e-07
  Residual norms for GMRES solve
  0 (restart 0) KSP residual norm 1.717180e-09
  1 (restart 0) KSP residual norm 9.676065e-10
  2 (restart 0) KSP residual norm 3.294036e-10
  3 (restart 0) KSP residual norm 1.887337e-10
  4 (restart 0) KSP residual norm 1.876627e-10
  5 (restart 0) KSP residual norm 1.493683e-10
  6 (restart 0) KSP residual norm 1.398848e-10
  7 (restart 0) KSP residual norm 1.386398e-10
  8 (restart 0) KSP residual norm 1.333317e-10
  9 (restart 0) KSP residual norm 1.306465e-10
 10 (restart 0) KSP residual norm 1.302533e-10
 11 (restart 0) KSP residual norm 1.301098e-10
 12 (restart 0) KSP residual norm 1.293129e-10
 13 (restart 0) KSP residual norm 1.288215e-10
 14 (restart 0) KSP residual norm 1.267326e-10
 15 (restart 0) KSP residual norm 1.267106e-10
 16 (restart 0) KSP residual norm 1.247399e-10
 17 (restart 0) KSP residual norm 1.240119e-10
 18 (restart 0) KSP residual norm 1.237898e-10
 19 (restart 0) KSP residual norm 1.233115e-10
 20 (restart 0) KSP residual norm 1.230022e-10
 21 (restart 0) KSP residual norm 1.217388e-10
 22 (restart 0) KSP residual norm 1.204449e-10
 23 (restart 0) KSP residual norm 1.177174e-10
 24 (restart 0) KSP residual norm 1.174842e-10
 25 (restart 0) KSP residual norm 1.170468e-10
 26 (restart 0) KSP residual norm 1.134286e-10
 27 (restart 0) KSP residual norm 1.097584e-10
 28 (restart 0) KSP residual norm 1.072115e-10
 29 (restart 0) KSP residual norm 1.024441e-10
 30 (restart 0) KSP residual norm 9.862837e-11
 31 (restart 0) KSP residual norm 9.571833e-11
 32 (restart 0) KSP residual norm 8.794203e-11
 33 (restart 0) KSP residual norm 7.929797e-11
 34 (restart 0) KSP residual norm 7.142260e-11
 35 (restart 0) KSP residual norm 6.058544e-11
 36 (restart 0) KSP residual norm 4.750427e-11
 37 (restart 0) KSP residual norm 3.536518e-11
 38 (restart 0) KSP residual norm 2.646969e-11
 39 (restart 0) KSP residual norm 1.958166e-11
 40 (restart 0) KSP residual norm 1.479315e-11
 41 (restart 0) KSP residual norm 1.152327e-11
 42 (restart 0) KSP residual norm 9.191502e-12
 43 (restart 0) KSP residual norm 7.274876e-12
 44 (restart 0) KSP residual norm 5.727741e-12
 45 (restart 0) KSP residual norm 4.537851e-12
 46 (restart 0) KSP residual norm 3.482313e-12
 47 (restart 0) KSP residual norm 2.615402e-12
 48 (restart 0) KSP residual norm 1.935867e-12
 49 (restart 0) KSP residual norm 1.394549e-12
 50 (restart 0) KSP residual norm 9.632490e-13
GMRES solver converged in 50 iterations (avg. reduction factor: 8.610e-01)
3 NLEPS (nconv=1, restart=0) residual norm 1.028972e-08
  Residual norms for GMRES solve
  0 (restart 0) KSP residual norm 2.390035e-12
  1 (restart 0) KSP residual norm 1.992898e-12
  2 (restart 0) KSP residual norm 1.676581e-12
  3 (restart 0) KSP residual norm 1.526826e-12
  4 (restart 0) KSP residual norm 1.490874e-12
  5 (restart 0) KSP residual norm 1.383473e-12
  6 (restart 0) KSP residual norm 1.338189e-12
  7 (restart 0) KSP residual norm 1.312891e-12
  8 (restart 0) KSP residual norm 1.265394e-12
  9 (restart 0) KSP residual norm 1.202132e-12
 10 (restart 0) KSP residual norm 1.122093e-12
 11 (restart 0) KSP residual norm 1.062319e-12
 12 (restart 0) KSP residual norm 9.041098e-13
GMRES solver converged in 12 iterations (avg. reduction factor: 9.222e-01)
4 NLEPS (nconv=1, restart=0) residual norm 8.427253e-09
Eigenvalue 1, Quasi-Newton converged in 4 iterations (-3.303e-04+8.806e+00i).
  Residual norms for GMRES solve
  0 (restart 0) KSP residual norm 3.472165e+01
  1 (restart 0) KSP residual norm 1.863967e+00
  2 (restart 0) KSP residual norm 2.270162e-01
  3 (restart 0) KSP residual norm 1.312431e-01
  4 (restart 0) KSP residual norm 3.569309e-02
  5 (restart 0) KSP residual norm 1.488090e-02
  6 (restart 0) KSP residual norm 1.483538e-02
  7 (restart 0) KSP residual norm 1.228721e-02
  8 (restart 0) KSP residual norm 9.974361e-03
  9 (restart 0) KSP residual norm 8.301621e-03
 10 (restart 0) KSP residual norm 4.926290e-03
 11 (restart 0) KSP residual norm 3.448902e-03
GMRES solver converged in 11 iterations (avg. reduction factor: 4.326e-01)
0 NLEPS (nconv=2, restart=0) residual norm 1.196228e-01
  Residual norms for GMRES solve
  0 (restart 0) KSP residual norm 1.608504e+00
  1 (restart 0) KSP residual norm 3.712025e-01
  2 (restart 0) KSP residual norm 1.951902e-01
  3 (restart 0) KSP residual norm 1.908047e-01
  4 (restart 0) KSP residual norm 1.698832e-01
  5 (restart 0) KSP residual norm 1.440840e-01
  6 (restart 0) KSP residual norm 1.124162e-01
  7 (restart 0) KSP residual norm 8.246431e-02
  8 (restart 0) KSP residual norm 6.690196e-02
  9 (restart 0) KSP residual norm 5.444419e-02
 10 (restart 0) KSP residual norm 2.241450e-02
 11 (restart 0) KSP residual norm 1.565611e-02
 12 (restart 0) KSP residual norm 1.545288e-02
 13 (restart 0) KSP residual norm 1.474728e-02
 14 (restart 0) KSP residual norm 1.464282e-02
 15 (restart 0) KSP residual norm 1.444413e-02
 16 (restart 0) KSP residual norm 1.394579e-02
 17 (restart 0) KSP residual norm 1.366769e-02
 18 (restart 0) KSP residual norm 1.320771e-02
 19 (restart 0) KSP residual norm 1.297808e-02
 20 (restart 0) KSP residual norm 1.191484e-02
 21 (restart 0) KSP residual norm 1.082181e-02
 22 (restart 0) KSP residual norm 9.624056e-03
 23 (restart 0) KSP residual norm 8.316639e-03
 24 (restart 0) KSP residual norm 6.713039e-03
 25 (restart 0) KSP residual norm 5.187679e-03
 26 (restart 0) KSP residual norm 3.989433e-03
 27 (restart 0) KSP residual norm 3.111517e-03
 28 (restart 0) KSP residual norm 2.354675e-03
 29 (restart 0) KSP residual norm 1.892035e-03
 30 (restart 0) KSP residual norm 1.589412e-03
 31 (restart 0) KSP residual norm 1.317570e-03
 32 (restart 0) KSP residual norm 1.083773e-03
 33 (restart 0) KSP residual norm 9.095378e-04
 34 (restart 0) KSP residual norm 7.440591e-04
 35 (restart 0) KSP residual norm 6.029763e-04
 36 (restart 0) KSP residual norm 4.654152e-04
 37 (restart 0) KSP residual norm 3.582195e-04
 38 (restart 0) KSP residual norm 2.654735e-04
 39 (restart 0) KSP residual norm 2.072719e-04
 40 (restart 0) KSP residual norm 1.709915e-04
 41 (restart 0) KSP residual norm 1.284657e-04
GMRES solver converged in 41 iterations (avg. reduction factor: 7.944e-01)
1 NLEPS (nconv=2, restart=0) residual norm 4.666961e-03
  Residual norms for GMRES solve
  0 (restart 0) KSP residual norm 2.161609e-08
  1 (restart 0) KSP residual norm 1.236644e-08
  2 (restart 0) KSP residual norm 1.150258e-08
  3 (restart 0) KSP residual norm 1.068420e-08
  4 (restart 0) KSP residual norm 6.144527e-09
  5 (restart 0) KSP residual norm 4.950320e-09
  6 (restart 0) KSP residual norm 4.447011e-09
  7 (restart 0) KSP residual norm 4.310430e-09
  8 (restart 0) KSP residual norm 3.312221e-09
  9 (restart 0) KSP residual norm 2.763662e-09
 10 (restart 0) KSP residual norm 2.677545e-09
 11 (restart 0) KSP residual norm 2.631099e-09
 12 (restart 0) KSP residual norm 2.538633e-09
 13 (restart 0) KSP residual norm 2.312692e-09
 14 (restart 0) KSP residual norm 2.046833e-09
 15 (restart 0) KSP residual norm 2.039696e-09
 16 (restart 0) KSP residual norm 1.896724e-09
 17 (restart 0) KSP residual norm 1.774001e-09
 18 (restart 0) KSP residual norm 1.563037e-09
 19 (restart 0) KSP residual norm 1.509429e-09
 20 (restart 0) KSP residual norm 1.371443e-09
 21 (restart 0) KSP residual norm 1.307678e-09
 22 (restart 0) KSP residual norm 1.263321e-09
 23 (restart 0) KSP residual norm 1.208660e-09
 24 (restart 0) KSP residual norm 1.144365e-09
 25 (restart 0) KSP residual norm 1.070985e-09
 26 (restart 0) KSP residual norm 1.029051e-09
 27 (restart 0) KSP residual norm 1.001828e-09
 28 (restart 0) KSP residual norm 9.742458e-10
 29 (restart 0) KSP residual norm 9.675385e-10
 30 (restart 0) KSP residual norm 9.436056e-10
 31 (restart 0) KSP residual norm 9.309905e-10
 32 (restart 0) KSP residual norm 9.161797e-10
 33 (restart 0) KSP residual norm 9.149926e-10
 34 (restart 0) KSP residual norm 9.056356e-10
 35 (restart 0) KSP residual norm 8.757339e-10
 36 (restart 0) KSP residual norm 8.693389e-10
 37 (restart 0) KSP residual norm 8.635493e-10
 38 (restart 0) KSP residual norm 8.612628e-10
 39 (restart 0) KSP residual norm 8.585554e-10
 40 (restart 0) KSP residual norm 8.570279e-10
 41 (restart 0) KSP residual norm 8.533890e-10
 42 (restart 0) KSP residual norm 8.305796e-10
 43 (restart 0) KSP residual norm 7.523306e-10
 44 (restart 0) KSP residual norm 6.507393e-10
 45 (restart 0) KSP residual norm 5.574381e-10
 46 (restart 0) KSP residual norm 4.436214e-10
 47 (restart 0) KSP residual norm 3.088401e-10
 48 (restart 0) KSP residual norm 2.030293e-10
 49 (restart 0) KSP residual norm 1.336687e-10
 50 (restart 0) KSP residual norm 8.703752e-11
 51 (restart 0) KSP residual norm 5.859743e-11
 52 (restart 0) KSP residual norm 3.949942e-11
 53 (restart 0) KSP residual norm 2.748634e-11
 54 (restart 0) KSP residual norm 2.040015e-11
 55 (restart 0) KSP residual norm 1.420113e-11
 56 (restart 0) KSP residual norm 8.879164e-12
 57 (restart 0) KSP residual norm 5.458758e-12
 58 (restart 0) KSP residual norm 3.350550e-12
 59 (restart 0) KSP residual norm 2.230026e-12
 60 (restart 0) KSP residual norm 1.588704e-12
GMRES solver converged in 60 iterations (avg. reduction factor: 8.533e-01)
2 NLEPS (nconv=2, restart=0) residual norm 6.873983e-06
  Residual norms for GMRES solve
  0 (restart 0) KSP residual norm 1.552740e-08
  1 (restart 0) KSP residual norm 7.464538e-09
  2 (restart 0) KSP residual norm 6.378635e-09
  3 (restart 0) KSP residual norm 5.567166e-09
  4 (restart 0) KSP residual norm 3.112658e-09
  5 (restart 0) KSP residual norm 2.203294e-09
  6 (restart 0) KSP residual norm 1.677824e-09
  7 (restart 0) KSP residual norm 1.275255e-09
  8 (restart 0) KSP residual norm 1.062648e-09
  9 (restart 0) KSP residual norm 7.856084e-10
 10 (restart 0) KSP residual norm 5.195600e-10
 11 (restart 0) KSP residual norm 4.910781e-10
 12 (restart 0) KSP residual norm 4.851425e-10
 13 (restart 0) KSP residual norm 4.827952e-10
 14 (restart 0) KSP residual norm 4.770755e-10
 15 (restart 0) KSP residual norm 4.681519e-10
 16 (restart 0) KSP residual norm 4.663999e-10
 17 (restart 0) KSP residual norm 4.581803e-10
 18 (restart 0) KSP residual norm 4.426320e-10
 19 (restart 0) KSP residual norm 4.358070e-10
 20 (restart 0) KSP residual norm 4.345764e-10
 21 (restart 0) KSP residual norm 4.317127e-10
 22 (restart 0) KSP residual norm 4.108649e-10
 23 (restart 0) KSP residual norm 3.697477e-10
 24 (restart 0) KSP residual norm 3.407675e-10
 25 (restart 0) KSP residual norm 2.994283e-10
 26 (restart 0) KSP residual norm 2.666851e-10
 27 (restart 0) KSP residual norm 2.255404e-10
 28 (restart 0) KSP residual norm 1.934465e-10
 29 (restart 0) KSP residual norm 1.689436e-10
 30 (restart 0) KSP residual norm 1.497656e-10
 31 (restart 0) KSP residual norm 1.301723e-10
 32 (restart 0) KSP residual norm 1.101075e-10
 33 (restart 0) KSP residual norm 9.264553e-11
 34 (restart 0) KSP residual norm 7.585257e-11
 35 (restart 0) KSP residual norm 6.036199e-11
 36 (restart 0) KSP residual norm 4.628380e-11
 37 (restart 0) KSP residual norm 3.481519e-11
 38 (restart 0) KSP residual norm 2.772550e-11
 39 (restart 0) KSP residual norm 2.194355e-11
 40 (restart 0) KSP residual norm 1.762776e-11
 41 (restart 0) KSP residual norm 1.444533e-11
 42 (restart 0) KSP residual norm 1.155869e-11
 43 (restart 0) KSP residual norm 9.131809e-12
 44 (restart 0) KSP residual norm 7.237236e-12
 45 (restart 0) KSP residual norm 5.557741e-12
 46 (restart 0) KSP residual norm 4.186189e-12
 47 (restart 0) KSP residual norm 3.070205e-12
 48 (restart 0) KSP residual norm 2.165946e-12
 49 (restart 0) KSP residual norm 1.532121e-12
 50 (restart 0) KSP residual norm 1.019907e-12
 51 (restart 0) KSP residual norm 6.713454e-13
GMRES solver converged in 51 iterations (avg. reduction factor: 8.212e-01)
3 NLEPS (nconv=2, restart=0) residual norm 6.189507e-09
Eigenvalue 2, Quasi-Newton converged in 3 iterations (-1.081e-04+9.047e+00i).
  Residual norms for GMRES solve
  0 (restart 0) KSP residual norm 3.109128e+01
  1 (restart 0) KSP residual norm 5.397831e+00
  2 (restart 0) KSP residual norm 5.099131e+00
  3 (restart 0) KSP residual norm 3.153504e+00
  4 (restart 0) KSP residual norm 6.034798e-01
  5 (restart 0) KSP residual norm 4.183551e-01
  6 (restart 0) KSP residual norm 3.453915e-01
  7 (restart 0) KSP residual norm 2.352311e-01
  8 (restart 0) KSP residual norm 1.805834e-01
  9 (restart 0) KSP residual norm 1.714357e-01
 10 (restart 0) KSP residual norm 1.258823e-01
 11 (restart 0) KSP residual norm 1.245283e-01
 12 (restart 0) KSP residual norm 1.196417e-01
 13 (restart 0) KSP residual norm 1.191869e-01
 14 (restart 0) KSP residual norm 1.172504e-01
 15 (restart 0) KSP residual norm 1.052709e-01
 16 (restart 0) KSP residual norm 9.981822e-02
 17 (restart 0) KSP residual norm 8.891680e-02
 18 (restart 0) KSP residual norm 8.313546e-02
 19 (restart 0) KSP residual norm 8.114170e-02
 20 (restart 0) KSP residual norm 6.303666e-02
 21 (restart 0) KSP residual norm 5.162427e-02
 22 (restart 0) KSP residual norm 3.198376e-02
 23 (restart 0) KSP residual norm 2.598154e-02
 24 (restart 0) KSP residual norm 1.939492e-02
 25 (restart 0) KSP residual norm 1.220083e-02
 26 (restart 0) KSP residual norm 8.856231e-03
 27 (restart 0) KSP residual norm 7.222028e-03
 28 (restart 0) KSP residual norm 5.809050e-03
 29 (restart 0) KSP residual norm 4.219118e-03
 30 (restart 0) KSP residual norm 3.247204e-03
 31 (restart 0) KSP residual norm 2.297739e-03
GMRES solver converged in 31 iterations (avg. reduction factor: 7.358e-01)
0 NLEPS (nconv=3, restart=0) residual norm 1.521557e-01
  Residual norms for GMRES solve
  0 (restart 0) KSP residual norm 1.126008e+00
  1 (restart 0) KSP residual norm 1.115319e+00
  2 (restart 0) KSP residual norm 1.057372e+00
  3 (restart 0) KSP residual norm 3.215204e-01
  4 (restart 0) KSP residual norm 1.216809e-01
  5 (restart 0) KSP residual norm 8.275756e-02
  6 (restart 0) KSP residual norm 8.186950e-02
  7 (restart 0) KSP residual norm 7.995678e-02
  8 (restart 0) KSP residual norm 7.848751e-02
  9 (restart 0) KSP residual norm 7.588655e-02
 10 (restart 0) KSP residual norm 7.241053e-02
 11 (restart 0) KSP residual norm 6.193341e-02
 12 (restart 0) KSP residual norm 5.653961e-02
 13 (restart 0) KSP residual norm 5.463266e-02
 14 (restart 0) KSP residual norm 5.357637e-02
 15 (restart 0) KSP residual norm 5.272218e-02
 16 (restart 0) KSP residual norm 5.146963e-02
 17 (restart 0) KSP residual norm 4.654443e-02
 18 (restart 0) KSP residual norm 4.229684e-02
 19 (restart 0) KSP residual norm 3.685442e-02
 20 (restart 0) KSP residual norm 2.934626e-02
 21 (restart 0) KSP residual norm 2.508948e-02
 22 (restart 0) KSP residual norm 1.962717e-02
 23 (restart 0) KSP residual norm 1.454912e-02
 24 (restart 0) KSP residual norm 1.006851e-02
 25 (restart 0) KSP residual norm 6.231211e-03
 26 (restart 0) KSP residual norm 4.511804e-03
 27 (restart 0) KSP residual norm 3.707507e-03
 28 (restart 0) KSP residual norm 2.838476e-03
 29 (restart 0) KSP residual norm 1.878516e-03
 30 (restart 0) KSP residual norm 1.435081e-03
 31 (restart 0) KSP residual norm 1.058981e-03
 32 (restart 0) KSP residual norm 7.822791e-04
 33 (restart 0) KSP residual norm 6.215843e-04
 34 (restart 0) KSP residual norm 4.825625e-04
 35 (restart 0) KSP residual norm 3.777892e-04
 36 (restart 0) KSP residual norm 2.446715e-04
 37 (restart 0) KSP residual norm 1.799525e-04
 38 (restart 0) KSP residual norm 1.197531e-04
 39 (restart 0) KSP residual norm 8.572464e-05
GMRES solver converged in 39 iterations (avg. reduction factor: 7.841e-01)
1 NLEPS (nconv=3, restart=0) residual norm 2.121498e-02
  Residual norms for GMRES solve
  0 (restart 0) KSP residual norm 2.271261e-06
  1 (restart 0) KSP residual norm 2.066745e-06
  2 (restart 0) KSP residual norm 2.038476e-06
  3 (restart 0) KSP residual norm 7.013989e-07
  4 (restart 0) KSP residual norm 2.212691e-07
  5 (restart 0) KSP residual norm 1.436504e-07
  6 (restart 0) KSP residual norm 1.412747e-07
  7 (restart 0) KSP residual norm 1.405853e-07
  8 (restart 0) KSP residual norm 1.399155e-07
  9 (restart 0) KSP residual norm 1.393613e-07
 10 (restart 0) KSP residual norm 1.351684e-07
 11 (restart 0) KSP residual norm 1.103785e-07
 12 (restart 0) KSP residual norm 1.059428e-07
 13 (restart 0) KSP residual norm 1.047083e-07
 14 (restart 0) KSP residual norm 1.040724e-07
 15 (restart 0) KSP residual norm 1.034864e-07
 16 (restart 0) KSP residual norm 9.925321e-08
 17 (restart 0) KSP residual norm 9.857647e-08
 18 (restart 0) KSP residual norm 9.780064e-08
 19 (restart 0) KSP residual norm 9.642798e-08
 20 (restart 0) KSP residual norm 9.532138e-08
 21 (restart 0) KSP residual norm 9.382832e-08
 22 (restart 0) KSP residual norm 9.178105e-08
 23 (restart 0) KSP residual norm 8.497368e-08
 24 (restart 0) KSP residual norm 7.537531e-08
 25 (restart 0) KSP residual norm 6.645867e-08
 26 (restart 0) KSP residual norm 5.274439e-08
 27 (restart 0) KSP residual norm 4.682518e-08
 28 (restart 0) KSP residual norm 3.573488e-08
 29 (restart 0) KSP residual norm 3.004305e-08
 30 (restart 0) KSP residual norm 2.467215e-08
 31 (restart 0) KSP residual norm 2.152547e-08
 32 (restart 0) KSP residual norm 1.603781e-08
 33 (restart 0) KSP residual norm 1.343646e-08
 34 (restart 0) KSP residual norm 1.061966e-08
 35 (restart 0) KSP residual norm 8.247935e-09
 36 (restart 0) KSP residual norm 6.472921e-09
 37 (restart 0) KSP residual norm 5.591033e-09
 38 (restart 0) KSP residual norm 4.885665e-09
 39 (restart 0) KSP residual norm 4.229008e-09
 40 (restart 0) KSP residual norm 3.750334e-09
 41 (restart 0) KSP residual norm 3.038849e-09
 42 (restart 0) KSP residual norm 2.461385e-09
 43 (restart 0) KSP residual norm 1.842042e-09
 44 (restart 0) KSP residual norm 1.349599e-09
 45 (restart 0) KSP residual norm 9.721654e-10
 46 (restart 0) KSP residual norm 6.732655e-10
 47 (restart 0) KSP residual norm 4.731726e-10
 48 (restart 0) KSP residual norm 3.443011e-10
 49 (restart 0) KSP residual norm 2.501775e-10
 50 (restart 0) KSP residual norm 1.809182e-10
GMRES solver converged in 50 iterations (avg. reduction factor: 8.280e-01)
2 NLEPS (nconv=3, restart=0) residual norm 1.146606e-04
  Residual norms for GMRES solve
  0 (restart 0) KSP residual norm 2.264000e-06
  1 (restart 0) KSP residual norm 2.064520e-06
  2 (restart 0) KSP residual norm 2.034984e-06
  3 (restart 0) KSP residual norm 7.010544e-07
  4 (restart 0) KSP residual norm 2.188096e-07
  5 (restart 0) KSP residual norm 1.423697e-07
  6 (restart 0) KSP residual norm 1.394468e-07
  7 (restart 0) KSP residual norm 1.385287e-07
  8 (restart 0) KSP residual norm 1.380005e-07
  9 (restart 0) KSP residual norm 1.376271e-07
 10 (restart 0) KSP residual norm 1.333990e-07
 11 (restart 0) KSP residual norm 1.110314e-07
 12 (restart 0) KSP residual norm 1.063077e-07
 13 (restart 0) KSP residual norm 1.049942e-07
 14 (restart 0) KSP residual norm 1.042242e-07
 15 (restart 0) KSP residual norm 1.038122e-07
 16 (restart 0) KSP residual norm 9.640459e-08
 17 (restart 0) KSP residual norm 9.249383e-08
 18 (restart 0) KSP residual norm 8.698397e-08
 19 (restart 0) KSP residual norm 7.504503e-08
 20 (restart 0) KSP residual norm 6.768725e-08
 21 (restart 0) KSP residual norm 6.045184e-08
 22 (restart 0) KSP residual norm 5.419970e-08
 23 (restart 0) KSP residual norm 4.385226e-08
 24 (restart 0) KSP residual norm 3.475994e-08
 25 (restart 0) KSP residual norm 2.446920e-08
 26 (restart 0) KSP residual norm 1.756784e-08
 27 (restart 0) KSP residual norm 1.453918e-08
 28 (restart 0) KSP residual norm 1.025367e-08
 29 (restart 0) KSP residual norm 7.603174e-09
 30 (restart 0) KSP residual norm 6.590733e-09
 31 (restart 0) KSP residual norm 5.818551e-09
 32 (restart 0) KSP residual norm 5.030540e-09
 33 (restart 0) KSP residual norm 4.509683e-09
 34 (restart 0) KSP residual norm 3.720257e-09
 35 (restart 0) KSP residual norm 3.074711e-09
 36 (restart 0) KSP residual norm 2.168224e-09
 37 (restart 0) KSP residual norm 1.722543e-09
 38 (restart 0) KSP residual norm 1.304004e-09
 39 (restart 0) KSP residual norm 1.021254e-09
 40 (restart 0) KSP residual norm 8.116945e-10
 41 (restart 0) KSP residual norm 6.099365e-10
 42 (restart 0) KSP residual norm 4.572725e-10
 43 (restart 0) KSP residual norm 3.284311e-10
 44 (restart 0) KSP residual norm 2.505546e-10
 45 (restart 0) KSP residual norm 1.852847e-10
GMRES solver converged in 45 iterations (avg. reduction factor: 8.113e-01)
3 NLEPS (nconv=3, restart=0) residual norm 1.722005e-06
  Residual norms for GMRES solve
  0 (restart 0) KSP residual norm 2.804152e-10
  1 (restart 0) KSP residual norm 2.604710e-10
  2 (restart 0) KSP residual norm 2.330508e-10
  3 (restart 0) KSP residual norm 2.150510e-10
  4 (restart 0) KSP residual norm 1.829451e-10
  5 (restart 0) KSP residual norm 1.636471e-10
  6 (restart 0) KSP residual norm 1.415838e-10
  7 (restart 0) KSP residual norm 1.266585e-10
  8 (restart 0) KSP residual norm 1.051270e-10
  9 (restart 0) KSP residual norm 9.063751e-11
 10 (restart 0) KSP residual norm 7.292983e-11
 11 (restart 0) KSP residual norm 6.398481e-11
 12 (restart 0) KSP residual norm 5.204682e-11
 13 (restart 0) KSP residual norm 3.922005e-11
 14 (restart 0) KSP residual norm 2.840970e-11
 15 (restart 0) KSP residual norm 2.188943e-11
 16 (restart 0) KSP residual norm 1.827272e-11
 17 (restart 0) KSP residual norm 1.343213e-11
 18 (restart 0) KSP residual norm 1.179142e-11
 19 (restart 0) KSP residual norm 1.044405e-11
 20 (restart 0) KSP residual norm 8.945645e-12
 21 (restart 0) KSP residual norm 7.425934e-12
 22 (restart 0) KSP residual norm 6.750178e-12
 23 (restart 0) KSP residual norm 6.380717e-12
 24 (restart 0) KSP residual norm 6.023533e-12
 25 (restart 0) KSP residual norm 5.505908e-12
 26 (restart 0) KSP residual norm 5.210139e-12
 27 (restart 0) KSP residual norm 4.745184e-12
 28 (restart 0) KSP residual norm 4.591521e-12
 29 (restart 0) KSP residual norm 4.440168e-12
 30 (restart 0) KSP residual norm 4.410168e-12
 31 (restart 0) KSP residual norm 4.351362e-12
 32 (restart 0) KSP residual norm 4.283381e-12
 33 (restart 0) KSP residual norm 4.222718e-12
 34 (restart 0) KSP residual norm 4.037070e-12
 35 (restart 0) KSP residual norm 3.991582e-12
 36 (restart 0) KSP residual norm 3.913429e-12
 37 (restart 0) KSP residual norm 3.892831e-12
 38 (restart 0) KSP residual norm 3.867589e-12
 39 (restart 0) KSP residual norm 3.791311e-12
 40 (restart 0) KSP residual norm 3.773841e-12
 41 (restart 0) KSP residual norm 3.745012e-12
 42 (restart 0) KSP residual norm 3.684517e-12
 43 (restart 0) KSP residual norm 3.679434e-12
 44 (restart 0) KSP residual norm 3.672547e-12
 45 (restart 0) KSP residual norm 3.665067e-12
 46 (restart 0) KSP residual norm 3.618418e-12
 47 (restart 0) KSP residual norm 3.580508e-12
 48 (restart 0) KSP residual norm 3.488333e-12
 49 (restart 0) KSP residual norm 3.440768e-12
 50 (restart 0) KSP residual norm 3.341246e-12
 51 (restart 0) KSP residual norm 3.127786e-12
 52 (restart 0) KSP residual norm 2.697477e-12
 53 (restart 0) KSP residual norm 2.125697e-12
 54 (restart 0) KSP residual norm 1.538901e-12
 55 (restart 0) KSP residual norm 1.017848e-12
 56 (restart 0) KSP residual norm 6.867781e-13
GMRES solver converged in 56 iterations (avg. reduction factor: 8.982e-01)
4 NLEPS (nconv=3, restart=0) residual norm 6.822026e-09
Eigenvalue 3, Quasi-Newton converged in 4 iterations (-2.377e-04+9.577e+00i).
  Residual norms for GMRES solve
  0 (restart 0) KSP residual norm 3.131735e+01
  1 (restart 0) KSP residual norm 3.128778e+01
  2 (restart 0) KSP residual norm 1.966615e+00
  3 (restart 0) KSP residual norm 5.031376e-01
  4 (restart 0) KSP residual norm 2.849237e-01
  5 (restart 0) KSP residual norm 7.828676e-02
  6 (restart 0) KSP residual norm 7.792379e-02
  7 (restart 0) KSP residual norm 7.418510e-02
  8 (restart 0) KSP residual norm 5.044821e-02
  9 (restart 0) KSP residual norm 4.715998e-02
 10 (restart 0) KSP residual norm 4.103693e-02
 11 (restart 0) KSP residual norm 4.060014e-02
 12 (restart 0) KSP residual norm 4.005395e-02
 13 (restart 0) KSP residual norm 4.005344e-02
 14 (restart 0) KSP residual norm 3.533265e-02
 15 (restart 0) KSP residual norm 3.326332e-02
 16 (restart 0) KSP residual norm 2.838082e-02
 17 (restart 0) KSP residual norm 2.763608e-02
 18 (restart 0) KSP residual norm 2.756107e-02
 19 (restart 0) KSP residual norm 2.743077e-02
 20 (restart 0) KSP residual norm 2.690268e-02
 21 (restart 0) KSP residual norm 2.639720e-02
 22 (restart 0) KSP residual norm 2.487324e-02
 23 (restart 0) KSP residual norm 2.417268e-02
 24 (restart 0) KSP residual norm 2.015138e-02
 25 (restart 0) KSP residual norm 1.712860e-02
 26 (restart 0) KSP residual norm 1.240776e-02
 27 (restart 0) KSP residual norm 9.294707e-03
 28 (restart 0) KSP residual norm 7.613141e-03
 29 (restart 0) KSP residual norm 6.144792e-03
 30 (restart 0) KSP residual norm 4.798915e-03
 31 (restart 0) KSP residual norm 3.823649e-03
 32 (restart 0) KSP residual norm 3.077703e-03
GMRES solver converged in 32 iterations (avg. reduction factor: 7.495e-01)
0 NLEPS (nconv=4, restart=0) residual norm 1.622341e-01
  Residual norms for GMRES solve
  0 (restart 0) KSP residual norm 1.294957e+01
  1 (restart 0) KSP residual norm 3.330242e+00
  2 (restart 0) KSP residual norm 2.669885e+00
  3 (restart 0) KSP residual norm 1.450069e+00
  4 (restart 0) KSP residual norm 3.235394e-01
  5 (restart 0) KSP residual norm 2.069640e-01
  6 (restart 0) KSP residual norm 1.297340e-01
  7 (restart 0) KSP residual norm 3.072618e-02
  8 (restart 0) KSP residual norm 1.515187e-02
  9 (restart 0) KSP residual norm 1.454999e-02
 10 (restart 0) KSP residual norm 1.442319e-02
 11 (restart 0) KSP residual norm 1.330176e-02
 12 (restart 0) KSP residual norm 1.297339e-02
 13 (restart 0) KSP residual norm 1.227079e-02
 14 (restart 0) KSP residual norm 1.180188e-02
 15 (restart 0) KSP residual norm 1.111009e-02
 16 (restart 0) KSP residual norm 1.079321e-02
 17 (restart 0) KSP residual norm 1.070419e-02
 18 (restart 0) KSP residual norm 1.056841e-02
 19 (restart 0) KSP residual norm 1.046267e-02
 20 (restart 0) KSP residual norm 1.021064e-02
 21 (restart 0) KSP residual norm 9.852773e-03
 22 (restart 0) KSP residual norm 9.470949e-03
 23 (restart 0) KSP residual norm 9.274352e-03
 24 (restart 0) KSP residual norm 8.968587e-03
 25 (restart 0) KSP residual norm 7.945252e-03
 26 (restart 0) KSP residual norm 7.158474e-03
 27 (restart 0) KSP residual norm 5.119543e-03
 28 (restart 0) KSP residual norm 3.810382e-03
 29 (restart 0) KSP residual norm 3.064899e-03
 30 (restart 0) KSP residual norm 2.234089e-03
 31 (restart 0) KSP residual norm 1.629937e-03
 32 (restart 0) KSP residual norm 1.136663e-03
GMRES solver converged in 32 iterations (avg. reduction factor: 7.468e-01)
1 NLEPS (nconv=4, restart=0) residual norm 6.803121e-03
  Residual norms for GMRES solve
  0 (restart 0) KSP residual norm 6.518251e-06
  1 (restart 0) KSP residual norm 4.498242e-07
  2 (restart 0) KSP residual norm 3.200034e-07
  3 (restart 0) KSP residual norm 2.079907e-07
  4 (restart 0) KSP residual norm 1.162500e-07
  5 (restart 0) KSP residual norm 7.163632e-08
  6 (restart 0) KSP residual norm 6.356533e-08
  7 (restart 0) KSP residual norm 5.280398e-08
  8 (restart 0) KSP residual norm 4.398948e-08
  9 (restart 0) KSP residual norm 3.548306e-08
 10 (restart 0) KSP residual norm 2.746373e-08
 11 (restart 0) KSP residual norm 2.375589e-08
 12 (restart 0) KSP residual norm 1.973164e-08
 13 (restart 0) KSP residual norm 1.732616e-08
 14 (restart 0) KSP residual norm 1.485282e-08
 15 (restart 0) KSP residual norm 1.363823e-08
 16 (restart 0) KSP residual norm 1.139771e-08
 17 (restart 0) KSP residual norm 9.533811e-09
 18 (restart 0) KSP residual norm 7.637973e-09
 19 (restart 0) KSP residual norm 6.415146e-09
 20 (restart 0) KSP residual norm 5.074923e-09
 21 (restart 0) KSP residual norm 3.735284e-09
 22 (restart 0) KSP residual norm 3.044835e-09
 23 (restart 0) KSP residual norm 2.351526e-09
 24 (restart 0) KSP residual norm 2.157150e-09
 25 (restart 0) KSP residual norm 2.078795e-09
 26 (restart 0) KSP residual norm 2.013229e-09
 27 (restart 0) KSP residual norm 1.827984e-09
 28 (restart 0) KSP residual norm 1.722409e-09
 29 (restart 0) KSP residual norm 1.642541e-09
 30 (restart 0) KSP residual norm 1.604002e-09
 31 (restart 0) KSP residual norm 1.561093e-09
 32 (restart 0) KSP residual norm 1.555218e-09
 33 (restart 0) KSP residual norm 1.533221e-09
 34 (restart 0) KSP residual norm 1.523777e-09
 35 (restart 0) KSP residual norm 1.510069e-09
 36 (restart 0) KSP residual norm 1.509813e-09
 37 (restart 0) KSP residual norm 1.498507e-09
 38 (restart 0) KSP residual norm 1.495155e-09
 39 (restart 0) KSP residual norm 1.479731e-09
 40 (restart 0) KSP residual norm 1.478407e-09
 41 (restart 0) KSP residual norm 1.461343e-09
 42 (restart 0) KSP residual norm 1.454519e-09
 43 (restart 0) KSP residual norm 1.451167e-09
 44 (restart 0) KSP residual norm 1.450638e-09
 45 (restart 0) KSP residual norm 1.448490e-09
 46 (restart 0) KSP residual norm 1.442228e-09
 47 (restart 0) KSP residual norm 1.433111e-09
 48 (restart 0) KSP residual norm 1.425825e-09
 49 (restart 0) KSP residual norm 1.422184e-09
 50 (restart 0) KSP residual norm 1.420365e-09
 51 (restart 0) KSP residual norm 1.412655e-09
 52 (restart 0) KSP residual norm 1.336998e-09
 53 (restart 0) KSP residual norm 1.170813e-09
 54 (restart 0) KSP residual norm 9.878823e-10
 55 (restart 0) KSP residual norm 7.806798e-10
 56 (restart 0) KSP residual norm 6.207527e-10
GMRES solver converged in 56 iterations (avg. reduction factor: 8.476e-01)
2 NLEPS (nconv=4, restart=0) residual norm 1.115237e-05
  Residual norms for GMRES solve
  0 (restart 0) KSP residual norm 2.620492e-07
  1 (restart 0) KSP residual norm 7.125828e-08
  2 (restart 0) KSP residual norm 4.892815e-08
  3 (restart 0) KSP residual norm 2.979339e-08
  4 (restart 0) KSP residual norm 1.516842e-08
  5 (restart 0) KSP residual norm 4.608668e-09
  6 (restart 0) KSP residual norm 3.290642e-09
  7 (restart 0) KSP residual norm 2.869266e-09
  8 (restart 0) KSP residual norm 2.583824e-09
  9 (restart 0) KSP residual norm 2.488683e-09
 10 (restart 0) KSP residual norm 2.453782e-09
 11 (restart 0) KSP residual norm 2.369703e-09
 12 (restart 0) KSP residual norm 2.323726e-09
 13 (restart 0) KSP residual norm 2.149162e-09
 14 (restart 0) KSP residual norm 2.119771e-09
 15 (restart 0) KSP residual norm 2.116036e-09
 16 (restart 0) KSP residual norm 2.069309e-09
 17 (restart 0) KSP residual norm 1.919832e-09
 18 (restart 0) KSP residual norm 1.868288e-09
 19 (restart 0) KSP residual norm 1.841571e-09
 20 (restart 0) KSP residual norm 1.720715e-09
 21 (restart 0) KSP residual norm 1.700602e-09
 22 (restart 0) KSP residual norm 1.695218e-09
 23 (restart 0) KSP residual norm 1.668648e-09
 24 (restart 0) KSP residual norm 1.668594e-09
 25 (restart 0) KSP residual norm 1.614076e-09
 26 (restart 0) KSP residual norm 1.593577e-09
 27 (restart 0) KSP residual norm 1.554227e-09
 28 (restart 0) KSP residual norm 1.519697e-09
 29 (restart 0) KSP residual norm 1.502169e-09
 30 (restart 0) KSP residual norm 1.502137e-09
 31 (restart 0) KSP residual norm 1.497616e-09
 32 (restart 0) KSP residual norm 1.487090e-09
 33 (restart 0) KSP residual norm 1.474924e-09
 34 (restart 0) KSP residual norm 1.464203e-09
 35 (restart 0) KSP residual norm 1.444618e-09
 36 (restart 0) KSP residual norm 1.422852e-09
 37 (restart 0) KSP residual norm 1.408283e-09
 38 (restart 0) KSP residual norm 1.387520e-09
 39 (restart 0) KSP residual norm 1.348031e-09
 40 (restart 0) KSP residual norm 1.296362e-09
 41 (restart 0) KSP residual norm 1.239478e-09
 42 (restart 0) KSP residual norm 1.128787e-09
 43 (restart 0) KSP residual norm 9.838396e-10
 44 (restart 0) KSP residual norm 7.962405e-10
 45 (restart 0) KSP residual norm 6.281565e-10
 46 (restart 0) KSP residual norm 4.922812e-10
 47 (restart 0) KSP residual norm 3.704048e-10
 48 (restart 0) KSP residual norm 2.826529e-10
 49 (restart 0) KSP residual norm 2.077891e-10
 50 (restart 0) KSP residual norm 1.473899e-10
 51 (restart 0) KSP residual norm 1.027771e-10
 52 (restart 0) KSP residual norm 7.284411e-11
 53 (restart 0) KSP residual norm 5.045173e-11
 54 (restart 0) KSP residual norm 3.450963e-11
 55 (restart 0) KSP residual norm 2.427554e-11
 56 (restart 0) KSP residual norm 1.714297e-11
 57 (restart 0) KSP residual norm 1.159652e-11
 58 (restart 0) KSP residual norm 8.309372e-12
 59 (restart 0) KSP residual norm 5.772559e-12
 60 (restart 0) KSP residual norm 3.861155e-12
 61 (restart 0) KSP residual norm 2.606643e-12
GMRES solver converged in 61 iterations (avg. reduction factor: 8.279e-01)
3 NLEPS (nconv=4, restart=0) residual norm 1.845306e-08
  Residual norms for GMRES solve
  0 (restart 0) KSP residual norm 7.625850e-11
  1 (restart 0) KSP residual norm 4.181638e-12
  2 (restart 0) KSP residual norm 2.544908e-12
  3 (restart 0) KSP residual norm 2.268638e-12
  4 (restart 0) KSP residual norm 2.203409e-12
  5 (restart 0) KSP residual norm 2.002026e-12
  6 (restart 0) KSP residual norm 1.361552e-12
  7 (restart 0) KSP residual norm 1.188641e-12
  8 (restart 0) KSP residual norm 9.868946e-13
GMRES solver converged in 8 iterations (avg. reduction factor: 5.808e-01)
4 NLEPS (nconv=4, restart=0) residual norm 5.213965e-09
Eigenvalue 4, Quasi-Newton converged in 4 iterations (-2.541e-04+9.656e+00i).
  Residual norms for GMRES solve
  0 (restart 0) KSP residual norm 2.674878e+01
  1 (restart 0) KSP residual norm 1.505362e+00
  2 (restart 0) KSP residual norm 6.170489e-01
  3 (restart 0) KSP residual norm 4.057739e-01
  4 (restart 0) KSP residual norm 4.043362e-01
  5 (restart 0) KSP residual norm 3.009877e-01
  6 (restart 0) KSP residual norm 2.155890e-01
  7 (restart 0) KSP residual norm 1.238707e-01
  8 (restart 0) KSP residual norm 8.563620e-02
  9 (restart 0) KSP residual norm 2.972266e-02
 10 (restart 0) KSP residual norm 2.004041e-02
 11 (restart 0) KSP residual norm 1.582855e-02
 12 (restart 0) KSP residual norm 1.561207e-02
 13 (restart 0) KSP residual norm 1.521206e-02
 14 (restart 0) KSP residual norm 1.520512e-02
 15 (restart 0) KSP residual norm 1.460444e-02
 16 (restart 0) KSP residual norm 1.250616e-02
 17 (restart 0) KSP residual norm 1.245099e-02
 18 (restart 0) KSP residual norm 1.230270e-02
 19 (restart 0) KSP residual norm 1.137019e-02
 20 (restart 0) KSP residual norm 1.109803e-02
 21 (restart 0) KSP residual norm 1.098284e-02
 22 (restart 0) KSP residual norm 1.087702e-02
 23 (restart 0) KSP residual norm 9.613567e-03
 24 (restart 0) KSP residual norm 8.932777e-03
 25 (restart 0) KSP residual norm 6.275456e-03
 26 (restart 0) KSP residual norm 4.914805e-03
 27 (restart 0) KSP residual norm 3.370809e-03
 28 (restart 0) KSP residual norm 2.100634e-03
GMRES solver converged in 28 iterations (avg. reduction factor: 7.135e-01)
0 NLEPS (nconv=5, restart=0) residual norm 1.743400e-01
  Residual norms for GMRES solve
  0 (restart 0) KSP residual norm 7.132823e-01
  1 (restart 0) KSP residual norm 2.157103e-01
  2 (restart 0) KSP residual norm 1.231244e-01
  3 (restart 0) KSP residual norm 1.207723e-01
  4 (restart 0) KSP residual norm 1.081554e-01
  5 (restart 0) KSP residual norm 9.080810e-02
  6 (restart 0) KSP residual norm 6.272764e-02
  7 (restart 0) KSP residual norm 2.761514e-02
  8 (restart 0) KSP residual norm 1.435541e-02
  9 (restart 0) KSP residual norm 1.152477e-02
 10 (restart 0) KSP residual norm 8.302722e-03
 11 (restart 0) KSP residual norm 5.476614e-03
 12 (restart 0) KSP residual norm 5.108685e-03
 13 (restart 0) KSP residual norm 4.785326e-03
 14 (restart 0) KSP residual norm 4.417082e-03
 15 (restart 0) KSP residual norm 4.385907e-03
 16 (restart 0) KSP residual norm 4.314639e-03
 17 (restart 0) KSP residual norm 4.282175e-03
 18 (restart 0) KSP residual norm 4.281257e-03
 19 (restart 0) KSP residual norm 4.194687e-03
 20 (restart 0) KSP residual norm 4.155272e-03
 21 (restart 0) KSP residual norm 4.071099e-03
 22 (restart 0) KSP residual norm 3.944416e-03
 23 (restart 0) KSP residual norm 3.891970e-03
 24 (restart 0) KSP residual norm 3.116479e-03
 25 (restart 0) KSP residual norm 2.452652e-03
 26 (restart 0) KSP residual norm 1.629492e-03
 27 (restart 0) KSP residual norm 1.311346e-03
 28 (restart 0) KSP residual norm 7.344173e-04
 29 (restart 0) KSP residual norm 4.616702e-04
 30 (restart 0) KSP residual norm 2.966974e-04
 31 (restart 0) KSP residual norm 2.277086e-04
 32 (restart 0) KSP residual norm 1.650527e-04
 33 (restart 0) KSP residual norm 1.076043e-04
 34 (restart 0) KSP residual norm 7.079605e-05
GMRES solver converged in 34 iterations (avg. reduction factor: 7.625e-01)
1 NLEPS (nconv=5, restart=0) residual norm 4.240600e-03
  Residual norms for GMRES solve
  0 (restart 0) KSP residual norm 2.265245e-07
  1 (restart 0) KSP residual norm 6.897158e-08
  2 (restart 0) KSP residual norm 4.546621e-08
  3 (restart 0) KSP residual norm 4.119138e-08
  4 (restart 0) KSP residual norm 3.947896e-08
  5 (restart 0) KSP residual norm 3.923986e-08
  6 (restart 0) KSP residual norm 3.911423e-08
  7 (restart 0) KSP residual norm 3.471665e-08
  8 (restart 0) KSP residual norm 2.743126e-08
  9 (restart 0) KSP residual norm 2.288008e-08
 10 (restart 0) KSP residual norm 1.927343e-08
 11 (restart 0) KSP residual norm 1.848590e-08
 12 (restart 0) KSP residual norm 1.692623e-08
 13 (restart 0) KSP residual norm 1.530169e-08
 14 (restart 0) KSP residual norm 1.291401e-08
 15 (restart 0) KSP residual norm 1.070759e-08
 16 (restart 0) KSP residual norm 9.410079e-09
 17 (restart 0) KSP residual norm 8.271733e-09
 18 (restart 0) KSP residual norm 6.851169e-09
 19 (restart 0) KSP residual norm 5.628986e-09
 20 (restart 0) KSP residual norm 4.909939e-09
 21 (restart 0) KSP residual norm 4.369022e-09
 22 (restart 0) KSP residual norm 3.761165e-09
 23 (restart 0) KSP residual norm 3.291436e-09
 24 (restart 0) KSP residual norm 3.051391e-09
 25 (restart 0) KSP residual norm 2.442805e-09
 26 (restart 0) KSP residual norm 2.059704e-09
 27 (restart 0) KSP residual norm 1.853772e-09
 28 (restart 0) KSP residual norm 1.686127e-09
 29 (restart 0) KSP residual norm 1.534687e-09
 30 (restart 0) KSP residual norm 1.304853e-09
 31 (restart 0) KSP residual norm 1.133180e-09
 32 (restart 0) KSP residual norm 9.256802e-10
 33 (restart 0) KSP residual norm 8.089080e-10
 34 (restart 0) KSP residual norm 6.738187e-10
 35 (restart 0) KSP residual norm 5.864546e-10
 36 (restart 0) KSP residual norm 4.721546e-10
 37 (restart 0) KSP residual norm 4.240323e-10
 38 (restart 0) KSP residual norm 3.812034e-10
 39 (restart 0) KSP residual norm 3.685507e-10
 40 (restart 0) KSP residual norm 3.589752e-10
 41 (restart 0) KSP residual norm 3.482253e-10
 42 (restart 0) KSP residual norm 3.467972e-10
 43 (restart 0) KSP residual norm 3.450545e-10
 44 (restart 0) KSP residual norm 3.432026e-10
 45 (restart 0) KSP residual norm 3.428342e-10
 46 (restart 0) KSP residual norm 3.382873e-10
 47 (restart 0) KSP residual norm 3.377924e-10
 48 (restart 0) KSP residual norm 3.304399e-10
 49 (restart 0) KSP residual norm 3.217240e-10
 50 (restart 0) KSP residual norm 3.058869e-10
 51 (restart 0) KSP residual norm 2.714480e-10
 52 (restart 0) KSP residual norm 2.325220e-10
 53 (restart 0) KSP residual norm 1.949002e-10
 54 (restart 0) KSP residual norm 1.528720e-10
 55 (restart 0) KSP residual norm 1.170636e-10
 56 (restart 0) KSP residual norm 8.162804e-11
 57 (restart 0) KSP residual norm 5.663418e-11
 58 (restart 0) KSP residual norm 3.766998e-11
 59 (restart 0) KSP residual norm 2.603316e-11
 60 (restart 0) KSP residual norm 1.904394e-11
GMRES solver converged in 60 iterations (avg. reduction factor: 8.552e-01)
2 NLEPS (nconv=5, restart=0) residual norm 3.461333e-06
  Residual norms for GMRES solve
  0 (restart 0) KSP residual norm 1.748216e-08
  1 (restart 0) KSP residual norm 1.204886e-08
  2 (restart 0) KSP residual norm 1.186974e-08
  3 (restart 0) KSP residual norm 5.991942e-09
  4 (restart 0) KSP residual norm 3.819904e-09
  5 (restart 0) KSP residual norm 3.262764e-09
  6 (restart 0) KSP residual norm 2.399940e-09
  7 (restart 0) KSP residual norm 1.289661e-09
  8 (restart 0) KSP residual norm 9.063950e-10
  9 (restart 0) KSP residual norm 7.809201e-10
 10 (restart 0) KSP residual norm 7.245828e-10
 11 (restart 0) KSP residual norm 7.009153e-10
 12 (restart 0) KSP residual norm 6.913467e-10
 13 (restart 0) KSP residual norm 6.828072e-10
 14 (restart 0) KSP residual norm 6.658242e-10
 15 (restart 0) KSP residual norm 6.658008e-10
 16 (restart 0) KSP residual norm 6.353006e-10
 17 (restart 0) KSP residual norm 6.275117e-10
 18 (restart 0) KSP residual norm 6.262239e-10
 19 (restart 0) KSP residual norm 6.185705e-10
 20 (restart 0) KSP residual norm 5.945011e-10
 21 (restart 0) KSP residual norm 5.905636e-10
 22 (restart 0) KSP residual norm 5.309382e-10
 23 (restart 0) KSP residual norm 5.284750e-10
 24 (restart 0) KSP residual norm 4.649205e-10
 25 (restart 0) KSP residual norm 4.561253e-10
 26 (restart 0) KSP residual norm 3.811877e-10
 27 (restart 0) KSP residual norm 3.116461e-10
 28 (restart 0) KSP residual norm 2.484835e-10
 29 (restart 0) KSP residual norm 1.928654e-10
 30 (restart 0) KSP residual norm 1.439432e-10
 31 (restart 0) KSP residual norm 1.093865e-10
 32 (restart 0) KSP residual norm 9.329453e-11
 33 (restart 0) KSP residual norm 6.985327e-11
 34 (restart 0) KSP residual norm 4.861708e-11
 35 (restart 0) KSP residual norm 3.955689e-11
 36 (restart 0) KSP residual norm 3.171453e-11
 37 (restart 0) KSP residual norm 2.217174e-11
 38 (restart 0) KSP residual norm 1.864509e-11
 39 (restart 0) KSP residual norm 1.510061e-11
 40 (restart 0) KSP residual norm 1.271196e-11
 41 (restart 0) KSP residual norm 1.120443e-11
 42 (restart 0) KSP residual norm 9.925970e-12
 43 (restart 0) KSP residual norm 8.717946e-12
 44 (restart 0) KSP residual norm 7.318137e-12
 45 (restart 0) KSP residual norm 5.914596e-12
 46 (restart 0) KSP residual norm 4.467918e-12
 47 (restart 0) KSP residual norm 3.650296e-12
 48 (restart 0) KSP residual norm 2.710766e-12
 49 (restart 0) KSP residual norm 1.970382e-12
 50 (restart 0) KSP residual norm 1.406140e-12
 51 (restart 0) KSP residual norm 9.520023e-13
GMRES solver converged in 51 iterations (avg. reduction factor: 8.249e-01)
3 NLEPS (nconv=5, restart=0) residual norm 8.062730e-09
Eigenvalue 5, Quasi-Newton converged in 3 iterations (-4.683e-04+1.031e+01i).
  Residual norms for GMRES solve
  0 (restart 0) KSP residual norm 2.783897e+01
  1 (restart 0) KSP residual norm 4.925308e+00
  2 (restart 0) KSP residual norm 2.523914e+00
  3 (restart 0) KSP residual norm 1.920501e+00
  4 (restart 0) KSP residual norm 9.125935e-01
  5 (restart 0) KSP residual norm 5.363852e-01
  6 (restart 0) KSP residual norm 2.077481e-01
  7 (restart 0) KSP residual norm 1.513413e-01
  8 (restart 0) KSP residual norm 1.183769e-01
  9 (restart 0) KSP residual norm 1.165854e-01
 10 (restart 0) KSP residual norm 1.158763e-01
 11 (restart 0) KSP residual norm 1.150194e-01
 12 (restart 0) KSP residual norm 1.147021e-01
 13 (restart 0) KSP residual norm 9.554603e-02
 14 (restart 0) KSP residual norm 9.377698e-02
 15 (restart 0) KSP residual norm 9.377620e-02
 16 (restart 0) KSP residual norm 9.167926e-02
 17 (restart 0) KSP residual norm 7.835934e-02
 18 (restart 0) KSP residual norm 7.813115e-02
 19 (restart 0) KSP residual norm 6.969465e-02
 20 (restart 0) KSP residual norm 5.451015e-02
 21 (restart 0) KSP residual norm 3.672956e-02
 22 (restart 0) KSP residual norm 3.403387e-02
 23 (restart 0) KSP residual norm 2.700230e-02
 24 (restart 0) KSP residual norm 2.684839e-02
 25 (restart 0) KSP residual norm 2.516855e-02
 26 (restart 0) KSP residual norm 1.877554e-02
 27 (restart 0) KSP residual norm 1.495022e-02
 28 (restart 0) KSP residual norm 1.308008e-02
 29 (restart 0) KSP residual norm 1.293733e-02
 30 (restart 0) KSP residual norm 1.115345e-02
 31 (restart 0) KSP residual norm 1.012671e-02
 32 (restart 0) KSP residual norm 9.828882e-03
 33 (restart 0) KSP residual norm 8.994391e-03
 34 (restart 0) KSP residual norm 7.757857e-03
 35 (restart 0) KSP residual norm 6.637717e-03
 36 (restart 0) KSP residual norm 5.767765e-03
 37 (restart 0) KSP residual norm 5.179629e-03
 38 (restart 0) KSP residual norm 4.296296e-03
 39 (restart 0) KSP residual norm 3.707134e-03
 40 (restart 0) KSP residual norm 3.192042e-03
 41 (restart 0) KSP residual norm 2.670129e-03
GMRES solver converged in 41 iterations (avg. reduction factor: 7.980e-01)
0 NLEPS (nconv=6, restart=0) residual norm 1.734338e-01
  Residual norms for GMRES solve
  0 (restart 0) KSP residual norm 3.119965e+00
  1 (restart 0) KSP residual norm 1.154169e+00
  2 (restart 0) KSP residual norm 1.148928e+00
  3 (restart 0) KSP residual norm 2.778761e-01
  4 (restart 0) KSP residual norm 1.943295e-01
  5 (restart 0) KSP residual norm 1.518397e-01
  6 (restart 0) KSP residual norm 6.969716e-02
  7 (restart 0) KSP residual norm 4.518502e-02
  8 (restart 0) KSP residual norm 3.712421e-02
  9 (restart 0) KSP residual norm 3.642199e-02
 10 (restart 0) KSP residual norm 3.626141e-02
 11 (restart 0) KSP residual norm 3.485892e-02
 12 (restart 0) KSP residual norm 3.145586e-02
 13 (restart 0) KSP residual norm 2.628161e-02
 14 (restart 0) KSP residual norm 2.183338e-02
 15 (restart 0) KSP residual norm 1.506099e-02
 16 (restart 0) KSP residual norm 1.424581e-02
 17 (restart 0) KSP residual norm 1.344914e-02
 18 (restart 0) KSP residual norm 1.343012e-02
 19 (restart 0) KSP residual norm 1.250164e-02
 20 (restart 0) KSP residual norm 1.203146e-02
 21 (restart 0) KSP residual norm 1.076884e-02
 22 (restart 0) KSP residual norm 1.003491e-02
 23 (restart 0) KSP residual norm 9.094094e-03
 24 (restart 0) KSP residual norm 8.550967e-03
 25 (restart 0) KSP residual norm 8.401294e-03
 26 (restart 0) KSP residual norm 8.379753e-03
 27 (restart 0) KSP residual norm 8.167938e-03
 28 (restart 0) KSP residual norm 7.041101e-03
 29 (restart 0) KSP residual norm 6.922231e-03
 30 (restart 0) KSP residual norm 6.398725e-03
 31 (restart 0) KSP residual norm 5.297635e-03
 32 (restart 0) KSP residual norm 3.893308e-03
 33 (restart 0) KSP residual norm 3.051289e-03
 34 (restart 0) KSP residual norm 2.154903e-03
 35 (restart 0) KSP residual norm 1.710902e-03
 36 (restart 0) KSP residual norm 1.290253e-03
 37 (restart 0) KSP residual norm 1.022534e-03
 38 (restart 0) KSP residual norm 7.501526e-04
 39 (restart 0) KSP residual norm 5.055970e-04
 40 (restart 0) KSP residual norm 3.279224e-04
 41 (restart 0) KSP residual norm 2.281435e-04
GMRES solver converged in 41 iterations (avg. reduction factor: 7.927e-01)
1 NLEPS (nconv=6, restart=0) residual norm 2.334995e-03
  Residual norms for GMRES solve
  0 (restart 0) KSP residual norm 3.671373e-07
  1 (restart 0) KSP residual norm 1.684538e-07
  2 (restart 0) KSP residual norm 1.512340e-07
  3 (restart 0) KSP residual norm 8.163769e-08
  4 (restart 0) KSP residual norm 5.850189e-08
  5 (restart 0) KSP residual norm 5.787835e-08
  6 (restart 0) KSP residual norm 5.413734e-08
  7 (restart 0) KSP residual norm 5.154772e-08
  8 (restart 0) KSP residual norm 5.040947e-08
  9 (restart 0) KSP residual norm 4.864938e-08
 10 (restart 0) KSP residual norm 4.486339e-08
 11 (restart 0) KSP residual norm 3.761170e-08
 12 (restart 0) KSP residual norm 2.886569e-08
 13 (restart 0) KSP residual norm 2.576388e-08
 14 (restart 0) KSP residual norm 2.548240e-08
 15 (restart 0) KSP residual norm 2.520327e-08
 16 (restart 0) KSP residual norm 2.440640e-08
 17 (restart 0) KSP residual norm 2.428386e-08
 18 (restart 0) KSP residual norm 2.419237e-08
 19 (restart 0) KSP residual norm 2.256978e-08
 20 (restart 0) KSP residual norm 2.196411e-08
 21 (restart 0) KSP residual norm 2.161259e-08
 22 (restart 0) KSP residual norm 2.078553e-08
 23 (restart 0) KSP residual norm 1.960519e-08
 24 (restart 0) KSP residual norm 1.743548e-08
 25 (restart 0) KSP residual norm 1.540190e-08
 26 (restart 0) KSP residual norm 1.339122e-08
 27 (restart 0) KSP residual norm 1.244757e-08
 28 (restart 0) KSP residual norm 1.143123e-08
 29 (restart 0) KSP residual norm 1.097572e-08
 30 (restart 0) KSP residual norm 1.051968e-08
 31 (restart 0) KSP residual norm 9.008367e-09
 32 (restart 0) KSP residual norm 7.691871e-09
 33 (restart 0) KSP residual norm 6.409635e-09
 34 (restart 0) KSP residual norm 6.048517e-09
 35 (restart 0) KSP residual norm 6.031390e-09
 36 (restart 0) KSP residual norm 5.974210e-09
 37 (restart 0) KSP residual norm 5.949463e-09
 38 (restart 0) KSP residual norm 5.874535e-09
 39 (restart 0) KSP residual norm 5.606949e-09
 40 (restart 0) KSP residual norm 5.416014e-09
 41 (restart 0) KSP residual norm 5.327127e-09
 42 (restart 0) KSP residual norm 5.296239e-09
 43 (restart 0) KSP residual norm 5.225132e-09
 44 (restart 0) KSP residual norm 5.192321e-09
 45 (restart 0) KSP residual norm 5.165788e-09
 46 (restart 0) KSP residual norm 5.156649e-09
 47 (restart 0) KSP residual norm 5.141097e-09
 48 (restart 0) KSP residual norm 5.105757e-09
 49 (restart 0) KSP residual norm 5.088143e-09
 50 (restart 0) KSP residual norm 5.083411e-09
 51 (restart 0) KSP residual norm 5.030327e-09
 52 (restart 0) KSP residual norm 4.951252e-09
 53 (restart 0) KSP residual norm 4.947348e-09
 54 (restart 0) KSP residual norm 4.921465e-09
 55 (restart 0) KSP residual norm 4.895134e-09
 56 (restart 0) KSP residual norm 4.842683e-09
 57 (restart 0) KSP residual norm 4.799566e-09
 58 (restart 0) KSP residual norm 4.640621e-09
 59 (restart 0) KSP residual norm 4.408478e-09
 60 (restart 0) KSP residual norm 3.956137e-09
 61 (restart 0) KSP residual norm 3.322731e-09
 62 (restart 0) KSP residual norm 2.574048e-09
 63 (restart 0) KSP residual norm 1.865839e-09
 64 (restart 0) KSP residual norm 1.252745e-09
 65 (restart 0) KSP residual norm 8.356688e-10
 66 (restart 0) KSP residual norm 5.852441e-10
 67 (restart 0) KSP residual norm 4.347622e-10
 68 (restart 0) KSP residual norm 3.234907e-10
 69 (restart 0) KSP residual norm 2.310658e-10
 70 (restart 0) KSP residual norm 1.579012e-10
 71 (restart 0) KSP residual norm 1.124810e-10
 72 (restart 0) KSP residual norm 7.766475e-11
 73 (restart 0) KSP residual norm 5.338458e-11
 74 (restart 0) KSP residual norm 3.400303e-11
GMRES solver converged in 74 iterations (avg. reduction factor: 8.821e-01)
2 NLEPS (nconv=6, restart=0) residual norm 1.090211e-06
  Residual norms for GMRES solve
  0 (restart 0) KSP residual norm 1.958897e-08
  1 (restart 0) KSP residual norm 5.258222e-09
  2 (restart 0) KSP residual norm 4.440629e-09
  3 (restart 0) KSP residual norm 1.593782e-09
  4 (restart 0) KSP residual norm 1.567263e-09
  5 (restart 0) KSP residual norm 1.062811e-09
  6 (restart 0) KSP residual norm 1.030807e-09
  7 (restart 0) KSP residual norm 9.545169e-10
  8 (restart 0) KSP residual norm 8.032544e-10
  9 (restart 0) KSP residual norm 6.836840e-10
 10 (restart 0) KSP residual norm 3.963811e-10
 11 (restart 0) KSP residual norm 3.112418e-10
 12 (restart 0) KSP residual norm 2.502610e-10
 13 (restart 0) KSP residual norm 2.318204e-10
 14 (restart 0) KSP residual norm 2.305098e-10
 15 (restart 0) KSP residual norm 2.037454e-10
 16 (restart 0) KSP residual norm 1.747188e-10
 17 (restart 0) KSP residual norm 1.723237e-10
 18 (restart 0) KSP residual norm 1.667123e-10
 19 (restart 0) KSP residual norm 1.596249e-10
 20 (restart 0) KSP residual norm 1.566884e-10
 21 (restart 0) KSP residual norm 1.525620e-10
 22 (restart 0) KSP residual norm 1.501039e-10
 23 (restart 0) KSP residual norm 1.360691e-10
 24 (restart 0) KSP residual norm 1.359701e-10
 25 (restart 0) KSP residual norm 1.339453e-10
 26 (restart 0) KSP residual norm 1.332432e-10
 27 (restart 0) KSP residual norm 1.319333e-10
 28 (restart 0) KSP residual norm 1.308339e-10
 29 (restart 0) KSP residual norm 1.291884e-10
 30 (restart 0) KSP residual norm 1.289010e-10
 31 (restart 0) KSP residual norm 1.282489e-10
 32 (restart 0) KSP residual norm 1.268409e-10
 33 (restart 0) KSP residual norm 1.265098e-10
 34 (restart 0) KSP residual norm 1.263087e-10
 35 (restart 0) KSP residual norm 1.255611e-10
 36 (restart 0) KSP residual norm 1.245351e-10
 37 (restart 0) KSP residual norm 1.234290e-10
 38 (restart 0) KSP residual norm 1.210443e-10
 39 (restart 0) KSP residual norm 1.198913e-10
 40 (restart 0) KSP residual norm 1.175894e-10
 41 (restart 0) KSP residual norm 1.166935e-10
 42 (restart 0) KSP residual norm 1.161180e-10
 43 (restart 0) KSP residual norm 1.125483e-10
 44 (restart 0) KSP residual norm 1.079938e-10
 45 (restart 0) KSP residual norm 1.012502e-10
 46 (restart 0) KSP residual norm 9.751843e-11
 47 (restart 0) KSP residual norm 9.220403e-11
 48 (restart 0) KSP residual norm 9.024424e-11
 49 (restart 0) KSP residual norm 8.342901e-11
 50 (restart 0) KSP residual norm 7.101519e-11
 51 (restart 0) KSP residual norm 5.541788e-11
 52 (restart 0) KSP residual norm 4.385506e-11
 53 (restart 0) KSP residual norm 3.355410e-11
 54 (restart 0) KSP residual norm 2.654611e-11
 55 (restart 0) KSP residual norm 2.088257e-11
 56 (restart 0) KSP residual norm 1.592428e-11
 57 (restart 0) KSP residual norm 1.213585e-11
 58 (restart 0) KSP residual norm 9.566635e-12
 59 (restart 0) KSP residual norm 7.413073e-12
 60 (restart 0) KSP residual norm 5.905890e-12
 61 (restart 0) KSP residual norm 4.558146e-12
 62 (restart 0) KSP residual norm 3.353958e-12
 63 (restart 0) KSP residual norm 2.486714e-12
 64 (restart 0) KSP residual norm 1.810306e-12
 65 (restart 0) KSP residual norm 1.326731e-12
 66 (restart 0) KSP residual norm 9.278882e-13
GMRES solver converged in 66 iterations (avg. reduction factor: 8.600e-01)
3 NLEPS (nconv=6, restart=0) residual norm 8.552964e-09
Eigenvalue 6, Quasi-Newton converged in 3 iterations (-2.728e-04+1.011e+01i).
  Residual norms for GMRES solve
  0 (restart 0) KSP residual norm 2.782931e+01
  1 (restart 0) KSP residual norm 5.296164e+00
  2 (restart 0) KSP residual norm 2.389401e+00
  3 (restart 0) KSP residual norm 1.937629e+00
  4 (restart 0) KSP residual norm 8.241441e-01
  5 (restart 0) KSP residual norm 5.594209e-01
  6 (restart 0) KSP residual norm 2.128791e-01
  7 (restart 0) KSP residual norm 1.514387e-01
  8 (restart 0) KSP residual norm 1.132417e-01
  9 (restart 0) KSP residual norm 1.096807e-01
 10 (restart 0) KSP residual norm 1.070016e-01
 11 (restart 0) KSP residual norm 1.047459e-01
 12 (restart 0) KSP residual norm 8.086764e-02
 13 (restart 0) KSP residual norm 3.339317e-02
 14 (restart 0) KSP residual norm 2.500667e-02
 15 (restart 0) KSP residual norm 2.101535e-02
 16 (restart 0) KSP residual norm 1.959138e-02
 17 (restart 0) KSP residual norm 1.789075e-02
 18 (restart 0) KSP residual norm 1.781550e-02
 19 (restart 0) KSP residual norm 1.776677e-02
 20 (restart 0) KSP residual norm 1.739392e-02
 21 (restart 0) KSP residual norm 1.716717e-02
 22 (restart 0) KSP residual norm 1.712707e-02
 23 (restart 0) KSP residual norm 1.700590e-02
 24 (restart 0) KSP residual norm 1.656398e-02
 25 (restart 0) KSP residual norm 1.648775e-02
 26 (restart 0) KSP residual norm 1.588353e-02
 27 (restart 0) KSP residual norm 1.570976e-02
 28 (restart 0) KSP residual norm 1.551980e-02
 29 (restart 0) KSP residual norm 1.541542e-02
 30 (restart 0) KSP residual norm 1.437683e-02
 31 (restart 0) KSP residual norm 1.385305e-02
 32 (restart 0) KSP residual norm 1.249552e-02
 33 (restart 0) KSP residual norm 1.047774e-02
 34 (restart 0) KSP residual norm 8.350384e-03
 35 (restart 0) KSP residual norm 6.581396e-03
 36 (restart 0) KSP residual norm 4.865025e-03
 37 (restart 0) KSP residual norm 3.732776e-03
 38 (restart 0) KSP residual norm 2.325262e-03
GMRES solver converged in 38 iterations (avg. reduction factor: 7.811e-01)
0 NLEPS (nconv=7, restart=0) residual norm 1.911763e-01
  Residual norms for GMRES solve
  0 (restart 0) KSP residual norm 9.519182e+00
  1 (restart 0) KSP residual norm 1.684749e+00
  2 (restart 0) KSP residual norm 1.421084e+00
  3 (restart 0) KSP residual norm 9.267981e-01
  4 (restart 0) KSP residual norm 9.214186e-01
  5 (restart 0) KSP residual norm 8.010558e-01
  6 (restart 0) KSP residual norm 7.981511e-01
  7 (restart 0) KSP residual norm 5.931636e-01
  8 (restart 0) KSP residual norm 4.309059e-01
  9 (restart 0) KSP residual norm 2.705642e-01
 10 (restart 0) KSP residual norm 2.358469e-01
 11 (restart 0) KSP residual norm 2.353074e-01
 12 (restart 0) KSP residual norm 1.936845e-01
 13 (restart 0) KSP residual norm 9.755314e-02
 14 (restart 0) KSP residual norm 3.060480e-02
 15 (restart 0) KSP residual norm 2.313758e-02
 16 (restart 0) KSP residual norm 2.046020e-02
 17 (restart 0) KSP residual norm 2.002107e-02
 18 (restart 0) KSP residual norm 1.959802e-02
 19 (restart 0) KSP residual norm 1.913464e-02
 20 (restart 0) KSP residual norm 1.907092e-02
 21 (restart 0) KSP residual norm 1.905317e-02
 22 (restart 0) KSP residual norm 1.893368e-02
 23 (restart 0) KSP residual norm 1.753321e-02
 24 (restart 0) KSP residual norm 1.716594e-02
 25 (restart 0) KSP residual norm 1.707401e-02
 26 (restart 0) KSP residual norm 1.692370e-02
 27 (restart 0) KSP residual norm 1.675267e-02
 28 (restart 0) KSP residual norm 1.615464e-02
 29 (restart 0) KSP residual norm 1.543342e-02
 30 (restart 0) KSP residual norm 1.460898e-02
 31 (restart 0) KSP residual norm 1.380894e-02
 32 (restart 0) KSP residual norm 1.236403e-02
 33 (restart 0) KSP residual norm 1.147014e-02
 34 (restart 0) KSP residual norm 1.010312e-02
 35 (restart 0) KSP residual norm 7.630954e-03
 36 (restart 0) KSP residual norm 6.384688e-03
 37 (restart 0) KSP residual norm 5.274102e-03
 38 (restart 0) KSP residual norm 4.193891e-03
 39 (restart 0) KSP residual norm 3.158962e-03
 40 (restart 0) KSP residual norm 2.436136e-03
 41 (restart 0) KSP residual norm 1.917829e-03
 42 (restart 0) KSP residual norm 1.570896e-03
 43 (restart 0) KSP residual norm 1.164460e-03
 44 (restart 0) KSP residual norm 8.866728e-04
GMRES solver converged in 44 iterations (avg. reduction factor: 8.098e-01)
1 NLEPS (nconv=7, restart=0) residual norm 3.217582e-03
  Residual norms for GMRES solve
  0 (restart 0) KSP residual norm 1.472783e-06
  1 (restart 0) KSP residual norm 3.797657e-07
  2 (restart 0) KSP residual norm 3.758355e-07
  3 (restart 0) KSP residual norm 3.341507e-07
  4 (restart 0) KSP residual norm 3.040600e-07
  5 (restart 0) KSP residual norm 3.030568e-07
  6 (restart 0) KSP residual norm 3.016312e-07
  7 (restart 0) KSP residual norm 2.945050e-07
  8 (restart 0) KSP residual norm 2.929713e-07
  9 (restart 0) KSP residual norm 2.729749e-07
 10 (restart 0) KSP residual norm 2.308268e-07
 11 (restart 0) KSP residual norm 1.705435e-07
 12 (restart 0) KSP residual norm 1.446302e-07
 13 (restart 0) KSP residual norm 1.347732e-07
 14 (restart 0) KSP residual norm 1.309386e-07
 15 (restart 0) KSP residual norm 1.264078e-07
 16 (restart 0) KSP residual norm 1.234476e-07
 17 (restart 0) KSP residual norm 1.210998e-07
 18 (restart 0) KSP residual norm 1.128632e-07
 19 (restart 0) KSP residual norm 1.077998e-07
 20 (restart 0) KSP residual norm 1.066622e-07
 21 (restart 0) KSP residual norm 1.063821e-07
 22 (restart 0) KSP residual norm 1.058972e-07
 23 (restart 0) KSP residual norm 1.058338e-07
 24 (restart 0) KSP residual norm 1.050240e-07
 25 (restart 0) KSP residual norm 1.023709e-07
 26 (restart 0) KSP residual norm 9.823420e-08
 27 (restart 0) KSP residual norm 9.646075e-08
 28 (restart 0) KSP residual norm 9.644518e-08
 29 (restart 0) KSP residual norm 9.620519e-08
 30 (restart 0) KSP residual norm 9.439894e-08
 31 (restart 0) KSP residual norm 9.425852e-08
 32 (restart 0) KSP residual norm 9.276166e-08
 33 (restart 0) KSP residual norm 8.973496e-08
 34 (restart 0) KSP residual norm 8.911168e-08
 35 (restart 0) KSP residual norm 8.779603e-08
 36 (restart 0) KSP residual norm 8.760794e-08
 37 (restart 0) KSP residual norm 8.576138e-08
 38 (restart 0) KSP residual norm 8.400108e-08
 39 (restart 0) KSP residual norm 8.362430e-08
 40 (restart 0) KSP residual norm 8.276523e-08
 41 (restart 0) KSP residual norm 8.240460e-08
 42 (restart 0) KSP residual norm 7.812888e-08
 43 (restart 0) KSP residual norm 7.730792e-08
 44 (restart 0) KSP residual norm 7.596544e-08
 45 (restart 0) KSP residual norm 7.505685e-08
 46 (restart 0) KSP residual norm 7.412575e-08
 47 (restart 0) KSP residual norm 7.348194e-08
 48 (restart 0) KSP residual norm 7.258998e-08
 49 (restart 0) KSP residual norm 6.893157e-08
 50 (restart 0) KSP residual norm 6.795965e-08
 51 (restart 0) KSP residual norm 6.586921e-08
 52 (restart 0) KSP residual norm 6.385088e-08
 53 (restart 0) KSP residual norm 6.013605e-08
 54 (restart 0) KSP residual norm 5.843889e-08
 55 (restart 0) KSP residual norm 5.380494e-08
 56 (restart 0) KSP residual norm 4.635341e-08
 57 (restart 0) KSP residual norm 3.522195e-08
 58 (restart 0) KSP residual norm 2.703887e-08
 59 (restart 0) KSP residual norm 1.997337e-08
 60 (restart 0) KSP residual norm 1.450915e-08
 61 (restart 0) KSP residual norm 1.037851e-08
 62 (restart 0) KSP residual norm 7.138133e-09
 63 (restart 0) KSP residual norm 4.838823e-09
 64 (restart 0) KSP residual norm 3.262055e-09
 65 (restart 0) KSP residual norm 2.150791e-09
 66 (restart 0) KSP residual norm 1.547875e-09
 67 (restart 0) KSP residual norm 1.024718e-09
 68 (restart 0) KSP residual norm 7.647117e-10
 69 (restart 0) KSP residual norm 5.266053e-10
 70 (restart 0) KSP residual norm 3.448835e-10
 71 (restart 0) KSP residual norm 2.344138e-10
 72 (restart 0) KSP residual norm 1.573873e-10
 73 (restart 0) KSP residual norm 1.117596e-10
GMRES solver converged in 73 iterations (avg. reduction factor: 8.781e-01)
2 NLEPS (nconv=7, restart=0) residual norm 1.882706e-06
  Residual norms for GMRES solve
  0 (restart 0) KSP residual norm 2.566360e-08
  1 (restart 0) KSP residual norm 1.483656e-08
  2 (restart 0) KSP residual norm 1.366666e-08
  3 (restart 0) KSP residual norm 4.281553e-09
  4 (restart 0) KSP residual norm 2.397305e-09
  5 (restart 0) KSP residual norm 2.369334e-09
  6 (restart 0) KSP residual norm 2.071787e-09
  7 (restart 0) KSP residual norm 2.002931e-09
  8 (restart 0) KSP residual norm 1.998415e-09
  9 (restart 0) KSP residual norm 1.987063e-09
 10 (restart 0) KSP residual norm 1.932933e-09
 11 (restart 0) KSP residual norm 1.860374e-09
 12 (restart 0) KSP residual norm 1.848558e-09
 13 (restart 0) KSP residual norm 1.845743e-09
 14 (restart 0) KSP residual norm 1.827164e-09
 15 (restart 0) KSP residual norm 1.825380e-09
 16 (restart 0) KSP residual norm 1.817265e-09
 17 (restart 0) KSP residual norm 1.726812e-09
 18 (restart 0) KSP residual norm 1.672817e-09
 19 (restart 0) KSP residual norm 1.580759e-09
 20 (restart 0) KSP residual norm 1.489621e-09
 21 (restart 0) KSP residual norm 1.481804e-09
 22 (restart 0) KSP residual norm 1.451894e-09
 23 (restart 0) KSP residual norm 1.335083e-09
 24 (restart 0) KSP residual norm 1.316105e-09
 25 (restart 0) KSP residual norm 1.293672e-09
 26 (restart 0) KSP residual norm 1.237010e-09
 27 (restart 0) KSP residual norm 1.137375e-09
 28 (restart 0) KSP residual norm 1.106075e-09
 29 (restart 0) KSP residual norm 1.093115e-09
 30 (restart 0) KSP residual norm 1.047441e-09
 31 (restart 0) KSP residual norm 1.003874e-09
 32 (restart 0) KSP residual norm 9.833057e-10
 33 (restart 0) KSP residual norm 8.985174e-10
 34 (restart 0) KSP residual norm 8.746138e-10
 35 (restart 0) KSP residual norm 8.672063e-10
 36 (restart 0) KSP residual norm 8.531152e-10
 37 (restart 0) KSP residual norm 8.087930e-10
 38 (restart 0) KSP residual norm 7.227985e-10
 39 (restart 0) KSP residual norm 6.426607e-10
 40 (restart 0) KSP residual norm 5.548418e-10
 41 (restart 0) KSP residual norm 5.234961e-10
 42 (restart 0) KSP residual norm 4.952356e-10
 43 (restart 0) KSP residual norm 4.397041e-10
 44 (restart 0) KSP residual norm 3.787383e-10
 45 (restart 0) KSP residual norm 3.199728e-10
 46 (restart 0) KSP residual norm 2.685617e-10
 47 (restart 0) KSP residual norm 2.277055e-10
 48 (restart 0) KSP residual norm 1.944796e-10
 49 (restart 0) KSP residual norm 1.596611e-10
 50 (restart 0) KSP residual norm 1.328658e-10
 51 (restart 0) KSP residual norm 1.070590e-10
 52 (restart 0) KSP residual norm 8.746277e-11
 53 (restart 0) KSP residual norm 7.045598e-11
 54 (restart 0) KSP residual norm 5.880429e-11
 55 (restart 0) KSP residual norm 4.914971e-11
 56 (restart 0) KSP residual norm 3.932170e-11
 57 (restart 0) KSP residual norm 3.149319e-11
 58 (restart 0) KSP residual norm 2.479308e-11
 59 (restart 0) KSP residual norm 1.934057e-11
 60 (restart 0) KSP residual norm 1.532900e-11
 61 (restart 0) KSP residual norm 1.171860e-11
 62 (restart 0) KSP residual norm 8.977585e-12
 63 (restart 0) KSP residual norm 6.639779e-12
 64 (restart 0) KSP residual norm 4.772995e-12
 65 (restart 0) KSP residual norm 3.425025e-12
 66 (restart 0) KSP residual norm 2.380712e-12
 67 (restart 0) KSP residual norm 1.714881e-12
 68 (restart 0) KSP residual norm 1.149220e-12
 69 (restart 0) KSP residual norm 7.718474e-13
GMRES solver converged in 69 iterations (avg. reduction factor: 8.599e-01)
3 NLEPS (nconv=7, restart=0) residual norm 7.388793e-09
Eigenvalue 7, Quasi-Newton converged in 3 iterations (-2.721e-04+1.011e+01i).

Computing solution error estimates and performing postprocessing

     m,        Re{f} (GHz),        Im{f} (GHz),                  Q,      Error (Bkwd.),       Error (Abs.)
     1,      +2.385597e+00,      +9.000638e-05,      +1.325238e+04,      +1.224922e-13,      +7.285067e-09
     2,      +2.387194e+00,      +8.952867e-05,      +1.333201e+04,      +1.416869e-13,      +8.426651e-09
     3,      +2.452600e+00,      +2.931177e-05,      +4.183643e+04,      +1.040637e-13,      +6.189150e-09
     4,      +2.596319e+00,      +6.443931e-05,      +2.014546e+04,      +1.145591e-13,      +6.813586e-09
     5,      +2.617583e+00,      +6.888618e-05,      +1.899933e+04,      +8.758827e-14,      +5.209478e-09
     6,      +2.739816e+00,      +7.393871e-05,      +1.852761e+04,      +1.437685e-13,      +8.551160e-09
     7,      +2.740309e+00,      +7.377284e-05,      +1.857261e+04,      +1.241132e-13,      +7.382089e-09
     8,      +2.794554e+00,      +1.269441e-04,      +1.100702e+04,      +1.355574e-13,      +8.062887e-09

Completed 0 iterations of adaptive mesh refinement (AMR):
 Indicator norm = 5.176e-02, global unknowns = 291848
 Max. iterations = 0, tol. = 1.000e-02

Estimated peak per-rank memory usage is: Min. 190.7M, Max. 225.9M, Avg. 202.3M, Total 6.3G
Estimated peak per-node memory usage is: Min. 6.3G, Max. 6.3G, Avg. 6.3G, Total 6.3G

Elapsed Time Report (s)           Min.        Max.        Avg.
==============================================================
Initialization                   0.130       0.354       0.347
  Mesh Preprocessing             0.239       0.463       0.246
Operator Construction            0.766       0.780       0.776
Linear Solve                    24.947      26.219      25.228
  Setup                          5.783       5.784       5.784
  Preconditioner               347.492     352.052     351.581
  Coarse Solve                  24.388      27.742      24.571
Eigenvalue Solve                 1.660       1.751       1.741
Div.-Free Projection             4.938       4.955       4.948
Estimation                       0.040       0.044       0.042
  Construction                   0.156       0.156       0.156
  Solve                          5.168       5.174       5.173
Postprocessing                   0.466       0.471       0.467
Disk IO                          0.512       0.512       0.512
--------------------------------------------------------------
Total                          422.711     422.728     422.720

Peak Memory                   Per-Node       Total   Total HWM
==============================================================
Initialization                   56.0M       56.0M       56.0M
  Mesh Preprocessing            114.6M      114.6M      170.6M
Operator Construction          1017.8M     1017.8M        1.2G
Linear Solve                    768.0K      768.0K        1.2G
  Setup                         536.9M      536.9M        1.7G
  Preconditioner                 15.2M       15.2M        1.7G
  Coarse Solve                    2.5G        2.5G        4.2G
Eigenvalue Solve                217.8M      217.8M        4.5G
Div.-Free Projection            184.8M      184.8M        4.6G
Estimation                      143.2M      143.2M        4.8G
  Construction                  226.4M      226.4M        5.0G
  Solve                         149.0M      149.0M        5.1G
Postprocessing                  272.3M      272.3M        5.4G
Disk IO                          51.1M       51.1M        5.5G
--------------------------------------------------------------
Total                             5.9G        5.9G        5.9G

