        f (GHz),               V_inc[1] (V),               Re{V[1]} (V),               Im{V[1]} (V)
 2.30000000e+00,        +7.071067811865e+00,        +1.080103673679e+01,        -3.193411024493e+00
 2.30020000e+00,        +7.071067811865e+00,        +1.080023282581e+01,        -3.193553820736e+00
 2.30040000e+00,        +7.071067811865e+00,        +1.079942866724e+01,        -3.193696460699e+00
 2.30060000e+00,        +7.071067811865e+00,        +1.079862426091e+01,        -3.193838944236e+00
 2.30080000e+00,        +7.071067811865e+00,        +1.079781960665e+01,        -3.193981271197e+00
 2.30100000e+00,        +7.071067811865e+00,        +1.079701470428e+01,        -3.194123441433e+00
 2.30120000e+00,        +7.071067811865e+00,        +1.079620955363e+01,        -3.194265454796e+00
 2.30140000e+00,        +7.071067811865e+00,        +1.079540415453e+01,        -3.194407311137e+00
 2.30160000e+00,        +7.071067811865e+00,        +1.079459850679e+01,        -3.194549010305e+00
 2.30180000e+00,        +7.071067811865e+00,        +1.079379261024e+01,        -3.194690552152e+00
 2.30200000e+00,        +7.071067811865e+00,        +1.079298646471e+01,        -3.194831936527e+00
 2.30220000e+00,        +7.071067811865e+00,        +1.079218007001e+01,        -3.194973163280e+00
 2.30240000e+00,        +7.071067811865e+00,        +1.079137342598e+01,        -3.195114232262e+00
 2.30260000e+00,        +7.071067811865e+00,        +1.079056653243e+01,        -3.195255143321e+00
 2.30280000e+00,        +7.071067811865e+00,        +1.078975938919e+01,        -3.195395896307e+00
 2.30300000e+00,        +7.071067811865e+00,        +1.078895199608e+01,        -3.195536491069e+00
 2.30320000e+00,        +7.071067811865e+00,        +1.078814435292e+01,        -3.195676927456e+00
 2.30340000e+00,        +7.071067811865e+00,        +1.078733645954e+01,        -3.195817205316e+00
 2.30360000e+00,        +7.071067811865e+00,        +1.078652831574e+01,        -3.195957324498e+00
 2.30380000e+00,        +7.071067811865e+00,        +1.078571992136e+01,        -3.196097284849e+00
 2.30400000e+00,        +7.071067811865e+00,        +1.078491127621e+01,        -3.196237086218e+00
 2.30420000e+00,        +7.071067811865e+00,        +1.078410238012e+01,        -3.196376728453e+00
 2.30440000e+00,        +7.071067811865e+00,        +1.078329323290e+01,        -3.196516211399e+00
 2.30460000e+00,        +7.071067811865e+00,        +1.078248383437e+01,        -3.196655534906e+00
 2.30480000e+00,        +7.071067811865e+00,        +1.078167418435e+01,        -3.196794698820e+00
 2.30500000e+00,        +7.071067811865e+00,        +1.078086428265e+01,        -3.196933702987e+00
 2.30520000e+00,        +7.071067811865e+00,        +1.078005412911e+01,        -3.197072547254e+00
 2.30540000e+00,        +7.071067811865e+00,        +1.077924372352e+01,        -3.197211231467e+00
 2.30560000e+00,        +7.071067811865e+00,        +1.077843306572e+01,        -3.197349755473e+00
 2.30580000e+00,        +7.071067811865e+00,        +1.077762215551e+01,        -3.197488119116e+00
 2.30600000e+00,        +7.071067811865e+00,        +1.077681099272e+01,        -3.197626322244e+00
 2.30620000e+00,        +7.071067811865e+00,        +1.077599957715e+01,        -3.197764364700e+00
 2.30640000e+00,        +7.071067811865e+00,        +1.077518790863e+01,        -3.197902246329e+00
 2.30660000e+00,        +7.071067811865e+00,        +1.077437598697e+01,        -3.198039966978e+00
 2.30680000e+00,        +7.071067811865e+00,        +1.077356381197e+01,        -3.198177526490e+00
 2.30700000e+00,        +7.071067811865e+00,        +1.077275138347e+01,        -3.198314924709e+00
 2.30720000e+00,        +7.071067811865e+00,        +1.077193870126e+01,        -3.198452161480e+00
 2.30740000e+00,        +7.071067811865e+00,        +1.077112576516e+01,        -3.198589236647e+00
 2.30760000e+00,        +7.071067811865e+00,        +1.077031257499e+01,        -3.198726150052e+00
 2.30780000e+00,        +7.071067811865e+00,        +1.076949913056e+01,        -3.198862901541e+00
 2.30800000e+00,        +7.071067811865e+00,        +1.076868543168e+01,        -3.198999490954e+00
 2.30820000e+00,        +7.071067811865e+00,        +1.076787147815e+01,        -3.199135918136e+00
 2.30840000e+00,        +7.071067811865e+00,        +1.076705726980e+01,        -3.199272182929e+00
 2.30860000e+00,        +7.071067811865e+00,        +1.076624280643e+01,        -3.199408285176e+00
 2.30880000e+00,        +7.071067811865e+00,        +1.076542808784e+01,        -3.199544224717e+00
 2.30900000e+00,        +7.071067811865e+00,        +1.076461311386e+01,        -3.199680001396e+00
 2.30920000e+00,        +7.071067811865e+00,        +1.076379788428e+01,        -3.199815615054e+00
 2.30940000e+00,        +7.071067811865e+00,        +1.076298239892e+01,        -3.199951065532e+00
 2.30960000e+00,        +7.071067811865e+00,        +1.076216665759e+01,        -3.200086352672e+00
 2.30980000e+00,        +7.071067811865e+00,        +1.076135066009e+01,        -3.200221476313e+00
 2.31000000e+00,        +7.071067811865e+00,        +1.076053440622e+01,        -3.200356436298e+00
 2.31020000e+00,        +7.071067811865e+00,        +1.075971789580e+01,        -3.200491232465e+00
 2.31040000e+00,        +7.071067811865e+00,        +1.075890112864e+01,        -3.200625864656e+00
 2.31060000e+00,        +7.071067811865e+00,        +1.075808410452e+01,        -3.200760332709e+00
 2.31080000e+00,        +7.071067811865e+00,        +1.075726682327e+01,        -3.200894636465e+00
 2.31100000e+00,        +7.071067811865e+00,        +1.075644928468e+01,        -3.201028775762e+00
 2.31120000e+00,        +7.071067811865e+00,        +1.075563148856e+01,        -3.201162750440e+00
 2.31140000e+00,        +7.071067811865e+00,        +1.075481343471e+01,        -3.201296560338e+00
 2.31160000e+00,        +7.071067811865e+00,        +1.075399512294e+01,        -3.201430205294e+00
 2.31180000e+00,        +7.071067811865e+00,        +1.075317655304e+01,        -3.201563685146e+00
 2.31200000e+00,        +7.071067811865e+00,        +1.075235772482e+01,        -3.201696999732e+00
 2.31220000e+00,        +7.071067811865e+00,        +1.075153863808e+01,        -3.201830148890e+00
 2.31240000e+00,        +7.071067811865e+00,        +1.075071929262e+01,        -3.201963132457e+00
 2.31260000e+00,        +7.071067811865e+00,        +1.074989968824e+01,        -3.202095950270e+00
 2.31280000e+00,        +7.071067811865e+00,        +1.074907982473e+01,        -3.202228602167e+00
 2.31300000e+00,        +7.071067811865e+00,        +1.074825970191e+01,        -3.202361087984e+00
 2.31320000e+00,        +7.071067811865e+00,        +1.074743931956e+01,        -3.202493407557e+00
 2.31340000e+00,        +7.071067811865e+00,        +1.074661867748e+01,        -3.202625560723e+00
 2.31360000e+00,        +7.071067811865e+00,        +1.074579777547e+01,        -3.202757547316e+00
 2.31380000e+00,        +7.071067811865e+00,        +1.074497661333e+01,        -3.202889367173e+00
 2.31400000e+00,        +7.071067811865e+00,        +1.074415519086e+01,        -3.203021020129e+00
 2.31420000e+00,        +7.071067811865e+00,        +1.074333350784e+01,        -3.203152506019e+00
 2.31440000e+00,        +7.071067811865e+00,        +1.074251156407e+01,        -3.203283824677e+00
 2.31460000e+00,        +7.071067811865e+00,        +1.074168935935e+01,        -3.203414975939e+00
 2.31480000e+00,        +7.071067811865e+00,        +1.074086689347e+01,        -3.203545959637e+00
 2.31500000e+00,        +7.071067811865e+00,        +1.074004416623e+01,        -3.203676775606e+00
 2.31520000e+00,        +7.071067811865e+00,        +1.073922117741e+01,        -3.203807423680e+00
 2.31540000e+00,        +7.071067811865e+00,        +1.073839792680e+01,        -3.203937903691e+00
 2.31560000e+00,        +7.071067811865e+00,        +1.073757441421e+01,        -3.204068215473e+00
 2.31580000e+00,        +7.071067811865e+00,        +1.073675063941e+01,        -3.204198358858e+00
 2.31600000e+00,        +7.071067811865e+00,        +1.073592660220e+01,        -3.204328333679e+00
 2.31620000e+00,        +7.071067811865e+00,        +1.073510230237e+01,        -3.204458139768e+00
 2.31640000e+00,        +7.071067811865e+00,        +1.073427773971e+01,        -3.204587776957e+00
 2.31660000e+00,        +7.071067811865e+00,        +1.073345291400e+01,        -3.204717245077e+00
 2.31680000e+00,        +7.071067811865e+00,        +1.073262782503e+01,        -3.204846543959e+00
 2.31700000e+00,        +7.071067811865e+00,        +1.073180247259e+01,        -3.204975673435e+00
 2.31720000e+00,        +7.071067811865e+00,        +1.073097685646e+01,        -3.205104633335e+00
 2.31740000e+00,        +7.071067811865e+00,        +1.073015097643e+01,        -3.205233423489e+00
 2.31760000e+00,        +7.071067811865e+00,        +1.072932483228e+01,        -3.205362043727e+00
 2.31780000e+00,        +7.071067811865e+00,        +1.072849842380e+01,        -3.205490493880e+00
 2.31800000e+00,        +7.071067811865e+00,        +1.072767175077e+01,        -3.205618773777e+00
 2.31820000e+00,        +7.071067811865e+00,        +1.072684481297e+01,        -3.205746883246e+00
 2.31840000e+00,        +7.071067811865e+00,        +1.072601761019e+01,        -3.205874822117e+00
 2.31860000e+00,        +7.071067811865e+00,        +1.072519014220e+01,        -3.206002590219e+00
 2.31880000e+00,        +7.071067811865e+00,        +1.072436240878e+01,        -3.206130187378e+00
 2.31900000e+00,        +7.071067811865e+00,        +1.072353440972e+01,        -3.206257613424e+00
 2.31920000e+00,        +7.071067811865e+00,        +1.072270614480e+01,        -3.206384868184e+00
 2.31940000e+00,        +7.071067811865e+00,        +1.072187761379e+01,        -3.206511951486e+00
 2.31960000e+00,        +7.071067811865e+00,        +1.072104881646e+01,        -3.206638863155e+00
 2.31980000e+00,        +7.071067811865e+00,        +1.072021975260e+01,        -3.206765603020e+00
 2.32000000e+00,        +7.071067811865e+00,        +1.071939042199e+01,        -3.206892170905e+00
 2.32020000e+00,        +7.071067811865e+00,        +1.071856082439e+01,        -3.207018566639e+00
 2.32040000e+00,        +7.071067811865e+00,        +1.071773095958e+01,        -3.207144790045e+00
 2.32060000e+00,        +7.071067811865e+00,        +1.071690082734e+01,        -3.207270840950e+00
 2.32080000e+00,        +7.071067811865e+00,        +1.071607042743e+01,        -3.207396719178e+00
 2.32100000e+00,        +7.071067811865e+00,        +1.071523975964e+01,        -3.207522424555e+00
 2.32120000e+00,        +7.071067811865e+00,        +1.071440882372e+01,        -3.207647956904e+00
 2.32140000e+00,        +7.071067811865e+00,        +1.071357761946e+01,        -3.207773316051e+00
 2.32160000e+00,        +7.071067811865e+00,        +1.071274614662e+01,        -3.207898501818e+00
 2.32180000e+00,        +7.071067811865e+00,        +1.071191440497e+01,        -3.208023514029e+00
 2.32200000e+00,        +7.071067811865e+00,        +1.071108239428e+01,        -3.208148352508e+00
 2.32220000e+00,        +7.071067811865e+00,        +1.071025011431e+01,        -3.208273017077e+00
 2.32240000e+00,        +7.071067811865e+00,        +1.070941756483e+01,        -3.208397507558e+00
 2.32260000e+00,        +7.071067811865e+00,        +1.070858474562e+01,        -3.208521823774e+00
 2.32280000e+00,        +7.071067811865e+00,        +1.070775165642e+01,        -3.208645965547e+00
 2.32300000e+00,        +7.071067811865e+00,        +1.070691829701e+01,        -3.208769932697e+00
 2.32320000e+00,        +7.071067811865e+00,        +1.070608466715e+01,        -3.208893725047e+00
 2.32340000e+00,        +7.071067811865e+00,        +1.070525076660e+01,        -3.209017342417e+00
 2.32360000e+00,        +7.071067811865e+00,        +1.070441659513e+01,        -3.209140784627e+00
 2.32380000e+00,        +7.071067811865e+00,        +1.070358215249e+01,        -3.209264051498e+00
 2.32400000e+00,        +7.071067811865e+00,        +1.070274743844e+01,        -3.209387142848e+00
 2.32420000e+00,        +7.071067811865e+00,        +1.070191245274e+01,        -3.209510058499e+00
 2.32440000e+00,        +7.071067811865e+00,        +1.070107719515e+01,        -3.209632798268e+00
 2.32460000e+00,        +7.071067811865e+00,        +1.070024166543e+01,        -3.209755361974e+00
 2.32480000e+00,        +7.071067811865e+00,        +1.069940586333e+01,        -3.209877749436e+00
 2.32500000e+00,        +7.071067811865e+00,        +1.069856978861e+01,        -3.209999960472e+00
 2.32520000e+00,        +7.071067811865e+00,        +1.069773344102e+01,        -3.210121994899e+00
 2.32540000e+00,        +7.071067811865e+00,        +1.069689682031e+01,        -3.210243852535e+00
 2.32560000e+00,        +7.071067811865e+00,        +1.069605992624e+01,        -3.210365533196e+00
 2.32580000e+00,        +7.071067811865e+00,        +1.069522275856e+01,        -3.210487036699e+00
 2.32600000e+00,        +7.071067811865e+00,        +1.069438531702e+01,        -3.210608362861e+00
 2.32620000e+00,        +7.071067811865e+00,        +1.069354760137e+01,        -3.210729511497e+00
 2.32640000e+00,        +7.071067811865e+00,        +1.069270961135e+01,        -3.210850482423e+00
 2.32660000e+00,        +7.071067811865e+00,        +1.069187134672e+01,        -3.210971275453e+00
 2.32680000e+00,        +7.071067811865e+00,        +1.069103280721e+01,        -3.211091890403e+00
 2.32700000e+00,        +7.071067811865e+00,        +1.069019399259e+01,        -3.211212327086e+00
 2.32720000e+00,        +7.071067811865e+00,        +1.068935490258e+01,        -3.211332585317e+00
 2.32740000e+00,        +7.071067811865e+00,        +1.068851553694e+01,        -3.211452664910e+00
 2.32760000e+00,        +7.071067811865e+00,        +1.068767589540e+01,        -3.211572565678e+00
 2.32780000e+00,        +7.071067811865e+00,        +1.068683597771e+01,        -3.211692287432e+00
 2.32800000e+00,        +7.071067811865e+00,        +1.068599578361e+01,        -3.211811829987e+00
 2.32820000e+00,        +7.071067811865e+00,        +1.068515531283e+01,        -3.211931193154e+00
 2.32840000e+00,        +7.071067811865e+00,        +1.068431456512e+01,        -3.212050376744e+00
 2.32860000e+00,        +7.071067811865e+00,        +1.068347354021e+01,        -3.212169380569e+00
 2.32880000e+00,        +7.071067811865e+00,        +1.068263223784e+01,        -3.212288204441e+00
 2.32900000e+00,        +7.071067811865e+00,        +1.068179065775e+01,        -3.212406848168e+00
 2.32920000e+00,        +7.071067811865e+00,        +1.068094879966e+01,        -3.212525311563e+00
 2.32940000e+00,        +7.071067811865e+00,        +1.068010666331e+01,        -3.212643594433e+00
 2.32960000e+00,        +7.071067811865e+00,        +1.067926424844e+01,        -3.212761696589e+00
 2.32980000e+00,        +7.071067811865e+00,        +1.067842155477e+01,        -3.212879617840e+00
 2.33000000e+00,        +7.071067811865e+00,        +1.067757858203e+01,        -3.212997357994e+00
 2.33020000e+00,        +7.071067811865e+00,        +1.067673532994e+01,        -3.213114916859e+00
 2.33040000e+00,        +7.071067811865e+00,        +1.067589179825e+01,        -3.213232294243e+00
 2.33060000e+00,        +7.071067811865e+00,        +1.067504798667e+01,        -3.213349489953e+00
 2.33080000e+00,        +7.071067811865e+00,        +1.067420389493e+01,        -3.213466503796e+00
 2.33100000e+00,        +7.071067811865e+00,        +1.067335952275e+01,        -3.213583335579e+00
 2.33120000e+00,        +7.071067811865e+00,        +1.067251486985e+01,        -3.213699985108e+00
 2.33140000e+00,        +7.071067811865e+00,        +1.067166993596e+01,        -3.213816452187e+00
 2.33160000e+00,        +7.071067811865e+00,        +1.067082472080e+01,        -3.213932736624e+00
 2.33180000e+00,        +7.071067811865e+00,        +1.066997922408e+01,        -3.214048838221e+00
 2.33200000e+00,        +7.071067811865e+00,        +1.066913344552e+01,        -3.214164756784e+00
 2.33220000e+00,        +7.071067811865e+00,        +1.066828738484e+01,        -3.214280492117e+00
 2.33240000e+00,        +7.071067811865e+00,        +1.066744104175e+01,        -3.214396044023e+00
 2.33260000e+00,        +7.071067811865e+00,        +1.066659441597e+01,        -3.214511412306e+00
 2.33280000e+00,        +7.071067811865e+00,        +1.066574750721e+01,        -3.214626596767e+00
 2.33300000e+00,        +7.071067811865e+00,        +1.066490031518e+01,        -3.214741597209e+00
 2.33320000e+00,        +7.071067811865e+00,        +1.066405283959e+01,        -3.214856413434e+00
 2.33340000e+00,        +7.071067811865e+00,        +1.066320508015e+01,        -3.214971045244e+00
 2.33360000e+00,        +7.071067811865e+00,        +1.066235703657e+01,        -3.215085492438e+00
 2.33380000e+00,        +7.071067811865e+00,        +1.066150870855e+01,        -3.215199754818e+00
 2.33400000e+00,        +7.071067811865e+00,        +1.066066009579e+01,        -3.215313832183e+00
 2.33420000e+00,        +7.071067811865e+00,        +1.065981119801e+01,        -3.215427724334e+00
 2.33440000e+00,        +7.071067811865e+00,        +1.065896201490e+01,        -3.215541431068e+00
 2.33460000e+00,        +7.071067811865e+00,        +1.065811254616e+01,        -3.215654952185e+00
 2.33480000e+00,        +7.071067811865e+00,        +1.065726279149e+01,        -3.215768287483e+00
 2.33500000e+00,        +7.071067811865e+00,        +1.065641275059e+01,        -3.215881436760e+00
 2.33520000e+00,        +7.071067811865e+00,        +1.065556242316e+01,        -3.215994399812e+00
 2.33540000e+00,        +7.071067811865e+00,        +1.065471180889e+01,        -3.216107176437e+00
 2.33560000e+00,        +7.071067811865e+00,        +1.065386090747e+01,        -3.216219766431e+00
 2.33580000e+00,        +7.071067811865e+00,        +1.065300971860e+01,        -3.216332169589e+00
 2.33600000e+00,        +7.071067811865e+00,        +1.065215824196e+01,        -3.216444385707e+00
 2.33620000e+00,        +7.071067811865e+00,        +1.065130647725e+01,        -3.216556414580e+00
 2.33640000e+00,        +7.071067811865e+00,        +1.065045442415e+01,        -3.216668256003e+00
 2.33660000e+00,        +7.071067811865e+00,        +1.064960208235e+01,        -3.216779909768e+00
 2.33680000e+00,        +7.071067811865e+00,        +1.064874945154e+01,        -3.216891375670e+00
 2.33700000e+00,        +7.071067811865e+00,        +1.064789653139e+01,        -3.217002653501e+00
 2.33720000e+00,        +7.071067811865e+00,        +1.064704332158e+01,        -3.217113743054e+00
 2.33740000e+00,        +7.071067811865e+00,        +1.064618982181e+01,        -3.217224644121e+00
 2.33760000e+00,        +7.071067811865e+00,        +1.064533603174e+01,        -3.217335356493e+00
 2.33780000e+00,        +7.071067811865e+00,        +1.064448195105e+01,        -3.217445879961e+00
 2.33800000e+00,        +7.071067811865e+00,        +1.064362757942e+01,        -3.217556214316e+00
 2.33820000e+00,        +7.071067811865e+00,        +1.064277291651e+01,        -3.217666359347e+00
 2.33840000e+00,        +7.071067811865e+00,        +1.064191796201e+01,        -3.217776314843e+00
 2.33860000e+00,        +7.071067811865e+00,        +1.064106271558e+01,        -3.217886080594e+00
 2.33880000e+00,        +7.071067811865e+00,        +1.064020717689e+01,        -3.217995656388e+00
 2.33900000e+00,        +7.071067811865e+00,        +1.063935134561e+01,        -3.218105042013e+00
 2.33920000e+00,        +7.071067811865e+00,        +1.063849522140e+01,        -3.218214237256e+00
 2.33940000e+00,        +7.071067811865e+00,        +1.063763880393e+01,        -3.218323241904e+00
 2.33960000e+00,        +7.071067811865e+00,        +1.063678209285e+01,        -3.218432055743e+00
 2.33980000e+00,        +7.071067811865e+00,        +1.063592508783e+01,        -3.218540678559e+00
 2.34000000e+00,        +7.071067811865e+00,        +1.063506778852e+01,        -3.218649110137e+00
 2.34020000e+00,        +7.071067811865e+00,        +1.063421019458e+01,        -3.218757350261e+00
 2.34040000e+00,        +7.071067811865e+00,        +1.063335230567e+01,        -3.218865398716e+00
 2.34060000e+00,        +7.071067811865e+00,        +1.063249412144e+01,        -3.218973255285e+00
 2.34080000e+00,        +7.071067811865e+00,        +1.063163564153e+01,        -3.219080919752e+00
 2.34100000e+00,        +7.071067811865e+00,        +1.063077686560e+01,        -3.219188391898e+00
 2.34120000e+00,        +7.071067811865e+00,        +1.062991779329e+01,        -3.219295671506e+00
 2.34140000e+00,        +7.071067811865e+00,        +1.062905842426e+01,        -3.219402758357e+00
 2.34160000e+00,        +7.071067811865e+00,        +1.062819875813e+01,        -3.219509652231e+00
 2.34180000e+00,        +7.071067811865e+00,        +1.062733879456e+01,        -3.219616352909e+00
 2.34200000e+00,        +7.071067811865e+00,        +1.062647853319e+01,        -3.219722860170e+00
 2.34220000e+00,        +7.071067811865e+00,        +1.062561797364e+01,        -3.219829173794e+00
 2.34240000e+00,        +7.071067811865e+00,        +1.062475711556e+01,        -3.219935293558e+00
 2.34260000e+00,        +7.071067811865e+00,        +1.062389595858e+01,        -3.220041219242e+00
 2.34280000e+00,        +7.071067811865e+00,        +1.062303450232e+01,        -3.220146950621e+00
 2.34300000e+00,        +7.071067811865e+00,        +1.062217274643e+01,        -3.220252487473e+00
 2.34320000e+00,        +7.071067811865e+00,        +1.062131069053e+01,        -3.220357829574e+00
 2.34340000e+00,        +7.071067811865e+00,        +1.062044833423e+01,        -3.220462976699e+00
 2.34360000e+00,        +7.071067811865e+00,        +1.061958567718e+01,        -3.220567928624e+00
 2.34380000e+00,        +7.071067811865e+00,        +1.061872271898e+01,        -3.220672685122e+00
 2.34400000e+00,        +7.071067811865e+00,        +1.061785945925e+01,        -3.220777245967e+00
 2.34420000e+00,        +7.071067811865e+00,        +1.061699589761e+01,        -3.220881610932e+00
 2.34440000e+00,        +7.071067811865e+00,        +1.061613203369e+01,        -3.220985779790e+00
 2.34460000e+00,        +7.071067811865e+00,        +1.061526786707e+01,        -3.221089752312e+00
 2.34480000e+00,        +7.071067811865e+00,        +1.061440339739e+01,        -3.221193528271e+00
 2.34500000e+00,        +7.071067811865e+00,        +1.061353862424e+01,        -3.221297107435e+00
 2.34520000e+00,        +7.071067811865e+00,        +1.061267354724e+01,        -3.221400489576e+00
 2.34540000e+00,        +7.071067811865e+00,        +1.061180816598e+01,        -3.221503674462e+00
 2.34560000e+00,        +7.071067811865e+00,        +1.061094248006e+01,        -3.221606661863e+00
 2.34580000e+00,        +7.071067811865e+00,        +1.061007648909e+01,        -3.221709451546e+00
 2.34600000e+00,        +7.071067811865e+00,        +1.060921019266e+01,        -3.221812043278e+00
 2.34620000e+00,        +7.071067811865e+00,        +1.060834359036e+01,        -3.221914436827e+00
 2.34640000e+00,        +7.071067811865e+00,        +1.060747668178e+01,        -3.222016631958e+00
 2.34660000e+00,        +7.071067811865e+00,        +1.060660946652e+01,        -3.222118628437e+00
 2.34680000e+00,        +7.071067811865e+00,        +1.060574194416e+01,        -3.222220426029e+00
 2.34700000e+00,        +7.071067811865e+00,        +1.060487411428e+01,        -3.222322024497e+00
 2.34720000e+00,        +7.071067811865e+00,        +1.060400597646e+01,        -3.222423423606e+00
 2.34740000e+00,        +7.071067811865e+00,        +1.060313753029e+01,        -3.222524623117e+00
 2.34760000e+00,        +7.071067811865e+00,        +1.060226877534e+01,        -3.222625622793e+00
 2.34780000e+00,        +7.071067811865e+00,        +1.060139971118e+01,        -3.222726422395e+00
 2.34800000e+00,        +7.071067811865e+00,        +1.060053033739e+01,        -3.222827021684e+00
 2.34820000e+00,        +7.071067811865e+00,        +1.059966065352e+01,        -3.222927420419e+00
 2.34840000e+00,        +7.071067811865e+00,        +1.059879065916e+01,        -3.223027618361e+00
 2.34860000e+00,        +7.071067811865e+00,        +1.059792035385e+01,        -3.223127615267e+00
 2.34880000e+00,        +7.071067811865e+00,        +1.059704973717e+01,        -3.223227410896e+00
 2.34900000e+00,        +7.071067811865e+00,        +1.059617880866e+01,        -3.223327005004e+00
 2.34920000e+00,        +7.071067811865e+00,        +1.059530756788e+01,        -3.223426397348e+00
 2.34940000e+00,        +7.071067811865e+00,        +1.059443601439e+01,        -3.223525587684e+00
 2.34960000e+00,        +7.071067811865e+00,        +1.059356414773e+01,        -3.223624575766e+00
 2.34980000e+00,        +7.071067811865e+00,        +1.059269196744e+01,        -3.223723361350e+00
 2.35000000e+00,        +7.071067811865e+00,        +1.059181947308e+01,        -3.223821944188e+00
 2.35020000e+00,        +7.071067811865e+00,        +1.059094666418e+01,        -3.223920324033e+00
 2.35040000e+00,        +7.071067811865e+00,        +1.059007354027e+01,        -3.224018500637e+00
 2.35060000e+00,        +7.071067811865e+00,        +1.058920010090e+01,        -3.224116473752e+00
 2.35080000e+00,        +7.071067811865e+00,        +1.058832634559e+01,        -3.224214243128e+00
 2.35100000e+00,        +7.071067811865e+00,        +1.058745227386e+01,        -3.224311808515e+00
 2.35120000e+00,        +7.071067811865e+00,        +1.058657788525e+01,        -3.224409169661e+00
 2.35140000e+00,        +7.071067811865e+00,        +1.058570317927e+01,        -3.224506326316e+00
 2.35160000e+00,        +7.071067811865e+00,        +1.058482815545e+01,        -3.224603278226e+00
 2.35180000e+00,        +7.071067811865e+00,        +1.058395281329e+01,        -3.224700025138e+00
 2.35200000e+00,        +7.071067811865e+00,        +1.058307715231e+01,        -3.224796566799e+00
 2.35220000e+00,        +7.071067811865e+00,        +1.058220117202e+01,        -3.224892902953e+00
 2.35240000e+00,        +7.071067811865e+00,        +1.058132487192e+01,        -3.224989033344e+00
 2.35260000e+00,        +7.071067811865e+00,        +1.058044825150e+01,        -3.225084957717e+00
 2.35280000e+00,        +7.071067811865e+00,        +1.057957131028e+01,        -3.225180675814e+00
 2.35300000e+00,        +7.071067811865e+00,        +1.057869404774e+01,        -3.225276187377e+00
 2.35320000e+00,        +7.071067811865e+00,        +1.057781646338e+01,        -3.225371492147e+00
 2.35340000e+00,        +7.071067811865e+00,        +1.057693855668e+01,        -3.225466589864e+00
 2.35360000e+00,        +7.071067811865e+00,        +1.057606032712e+01,        -3.225561480268e+00
 2.35380000e+00,        +7.071067811865e+00,        +1.057518177418e+01,        -3.225656163098e+00
 2.35400000e+00,        +7.071067811865e+00,        +1.057430289734e+01,        -3.225750638092e+00
 2.35420000e+00,        +7.071067811865e+00,        +1.057342369608e+01,        -3.225844904986e+00
 2.35440000e+00,        +7.071067811865e+00,        +1.057254416985e+01,        -3.225938963518e+00
 2.35460000e+00,        +7.071067811865e+00,        +1.057166431813e+01,        -3.226032813422e+00
 2.35480000e+00,        +7.071067811865e+00,        +1.057078414037e+01,        -3.226126454432e+00
 2.35500000e+00,        +7.071067811865e+00,        +1.056990363603e+01,        -3.226219886284e+00
 2.35520000e+00,        +7.071067811865e+00,        +1.056902280457e+01,        -3.226313108708e+00
 2.35540000e+00,        +7.071067811865e+00,        +1.056814164542e+01,        -3.226406121439e+00
 2.35560000e+00,        +7.071067811865e+00,        +1.056726015804e+01,        -3.226498924206e+00
 2.35580000e+00,        +7.071067811865e+00,        +1.056637834186e+01,        -3.226591516741e+00
 2.35600000e+00,        +7.071067811865e+00,        +1.056549619632e+01,        -3.226683898771e+00
 2.35620000e+00,        +7.071067811865e+00,        +1.056461372085e+01,        -3.226776070028e+00
 2.35640000e+00,        +7.071067811865e+00,        +1.056373091487e+01,        -3.226868030237e+00
 2.35660000e+00,        +7.071067811865e+00,        +1.056284777782e+01,        -3.226959779126e+00
 2.35680000e+00,        +7.071067811865e+00,        +1.056196430909e+01,        -3.227051316420e+00
 2.35700000e+00,        +7.071067811865e+00,        +1.056108050812e+01,        -3.227142641846e+00
 2.35720000e+00,        +7.071067811865e+00,        +1.056019637430e+01,        -3.227233755127e+00
 2.35740000e+00,        +7.071067811865e+00,        +1.055931190704e+01,        -3.227324655987e+00
 2.35760000e+00,        +7.071067811865e+00,        +1.055842710574e+01,        -3.227415344147e+00
 2.35780000e+00,        +7.071067811865e+00,        +1.055754196979e+01,        -3.227505819330e+00
 2.35800000e+00,        +7.071067811865e+00,        +1.055665649857e+01,        -3.227596081257e+00
 2.35820000e+00,        +7.071067811865e+00,        +1.055577069148e+01,        -3.227686129647e+00
 2.35840000e+00,        +7.071067811865e+00,        +1.055488454789e+01,        -3.227775964219e+00
 2.35860000e+00,        +7.071067811865e+00,        +1.055399806717e+01,        -3.227865584692e+00
 2.35880000e+00,        +7.071067811865e+00,        +1.055311124870e+01,        -3.227954990782e+00
 2.35900000e+00,        +7.071067811865e+00,        +1.055222409182e+01,        -3.228044182205e+00
 2.35920000e+00,        +7.071067811865e+00,        +1.055133659591e+01,        -3.228133158678e+00
 2.35940000e+00,        +7.071067811865e+00,        +1.055044876030e+01,        -3.228221919914e+00
 2.35960000e+00,        +7.071067811865e+00,        +1.054956058435e+01,        -3.228310465628e+00
 2.35980000e+00,        +7.071067811865e+00,        +1.054867206739e+01,        -3.228398795531e+00
 2.36000000e+00,        +7.071067811865e+00,        +1.054778320876e+01,        -3.228486909337e+00
 2.36020000e+00,        +7.071067811865e+00,        +1.054689400778e+01,        -3.228574806754e+00
 2.36040000e+00,        +7.071067811865e+00,        +1.054600446377e+01,        -3.228662487495e+00
 2.36060000e+00,        +7.071067811865e+00,        +1.054511457606e+01,        -3.228749951267e+00
 2.36080000e+00,        +7.071067811865e+00,        +1.054422434394e+01,        -3.228837197780e+00
 2.36100000e+00,        +7.071067811865e+00,        +1.054333376672e+01,        -3.228924226740e+00
 2.36120000e+00,        +7.071067811865e+00,        +1.054244284369e+01,        -3.229011037854e+00
 2.36140000e+00,        +7.071067811865e+00,        +1.054155157414e+01,        -3.229097630827e+00
 2.36160000e+00,        +7.071067811865e+00,        +1.054065995735e+01,        -3.229184005365e+00
 2.36180000e+00,        +7.071067811865e+00,        +1.053976799260e+01,        -3.229270161172e+00
 2.36200000e+00,        +7.071067811865e+00,        +1.053887567914e+01,        -3.229356097949e+00
 2.36220000e+00,        +7.071067811865e+00,        +1.053798301625e+01,        -3.229441815400e+00
 2.36240000e+00,        +7.071067811865e+00,        +1.053709000316e+01,        -3.229527313226e+00
 2.36260000e+00,        +7.071067811865e+00,        +1.053619663913e+01,        -3.229612591127e+00
 2.36280000e+00,        +7.071067811865e+00,        +1.053530292338e+01,        -3.229697648803e+00
 2.36300000e+00,        +7.071067811865e+00,        +1.053440885515e+01,        -3.229782485952e+00
 2.36320000e+00,        +7.071067811865e+00,        +1.053351443364e+01,        -3.229867102273e+00
 2.36340000e+00,        +7.071067811865e+00,        +1.053261965808e+01,        -3.229951497463e+00
 2.36360000e+00,        +7.071067811865e+00,        +1.053172452766e+01,        -3.230035671218e+00
 2.36380000e+00,        +7.071067811865e+00,        +1.053082904156e+01,        -3.230119623234e+00
 2.36400000e+00,        +7.071067811865e+00,        +1.052993319898e+01,        -3.230203353205e+00
 2.36420000e+00,        +7.071067811865e+00,        +1.052903699909e+01,        -3.230286860826e+00
 2.36440000e+00,        +7.071067811865e+00,        +1.052814044103e+01,        -3.230370145789e+00
 2.36460000e+00,        +7.071067811865e+00,        +1.052724352397e+01,        -3.230453207787e+00
 2.36480000e+00,        +7.071067811865e+00,        +1.052634624705e+01,        -3.230536046513e+00
 2.36500000e+00,        +7.071067811865e+00,        +1.052544860939e+01,        -3.230618661656e+00
 2.36520000e+00,        +7.071067811865e+00,        +1.052455061012e+01,        -3.230701052907e+00
 2.36540000e+00,        +7.071067811865e+00,        +1.052365224833e+01,        -3.230783219957e+00
 2.36560000e+00,        +7.071067811865e+00,        +1.052275352311e+01,        -3.230865162493e+00
 2.36580000e+00,        +7.071067811865e+00,        +1.052185443356e+01,        -3.230946880203e+00
 2.36600000e+00,        +7.071067811865e+00,        +1.052095497874e+01,        -3.231028372776e+00
 2.36620000e+00,        +7.071067811865e+00,        +1.052005515770e+01,        -3.231109639899e+00
 2.36640000e+00,        +7.071067811865e+00,        +1.051915496947e+01,        -3.231190681257e+00
 2.36660000e+00,        +7.071067811865e+00,        +1.051825441309e+01,        -3.231271496536e+00
 2.36680000e+00,        +7.071067811865e+00,        +1.051735348756e+01,        -3.231352085422e+00
 2.36700000e+00,        +7.071067811865e+00,        +1.051645219188e+01,        -3.231432447598e+00
 2.36720000e+00,        +7.071067811865e+00,        +1.051555052501e+01,        -3.231512582749e+00
 2.36740000e+00,        +7.071067811865e+00,        +1.051464848592e+01,        -3.231592490557e+00
 2.36760000e+00,        +7.071067811865e+00,        +1.051374607354e+01,        -3.231672170705e+00
 2.36780000e+00,        +7.071067811865e+00,        +1.051284328680e+01,        -3.231751622875e+00
 2.36800000e+00,        +7.071067811865e+00,        +1.051194012459e+01,        -3.231830846748e+00
 2.36820000e+00,        +7.071067811865e+00,        +1.051103658580e+01,        -3.231909842006e+00
 2.36840000e+00,        +7.071067811865e+00,        +1.051013266927e+01,        -3.231988608327e+00
 2.36860000e+00,        +7.071067811865e+00,        +1.050922837383e+01,        -3.232067145391e+00
 2.36880000e+00,        +7.071067811865e+00,        +1.050832369830e+01,        -3.232145452877e+00
 2.36900000e+00,        +7.071067811865e+00,        +1.050741864145e+01,        -3.232223530462e+00
 2.36920000e+00,        +7.071067811865e+00,        +1.050651320204e+01,        -3.232301377823e+00
 2.36940000e+00,        +7.071067811865e+00,        +1.050560737877e+01,        -3.232378994635e+00
 2.36960000e+00,        +7.071067811865e+00,        +1.050470117035e+01,        -3.232456380574e+00
 2.36980000e+00,        +7.071067811865e+00,        +1.050379457543e+01,        -3.232533535312e+00
 2.37000000e+00,        +7.071067811865e+00,        +1.050288759262e+01,        -3.232610458521e+00
 2.37020000e+00,        +7.071067811865e+00,        +1.050198022051e+01,        -3.232687149871e+00
 2.37040000e+00,        +7.071067811865e+00,        +1.050107245764e+01,        -3.232763609029e+00
 2.37060000e+00,        +7.071067811865e+00,        +1.050016430250e+01,        -3.232839835663e+00
 2.37080000e+00,        +7.071067811865e+00,        +1.049925575353e+01,        -3.232915829434e+00
 2.37100000e+00,        +7.071067811865e+00,        +1.049834680915e+01,        -3.232991590002e+00
 2.37120000e+00,        +7.071067811865e+00,        +1.049743746767e+01,        -3.233067117023e+00
 2.37140000e+00,        +7.071067811865e+00,        +1.049652772740e+01,        -3.233142410147e+00
 2.37160000e+00,        +7.071067811865e+00,        +1.049561758654e+01,        -3.233217469022e+00
 2.37180000e+00,        +7.071067811865e+00,        +1.049470704323e+01,        -3.233292293286e+00
 2.37200000e+00,        +7.071067811865e+00,        +1.049379609556e+01,        -3.233366882570e+00
 2.37220000e+00,        +7.071067811865e+00,        +1.049288474151e+01,        -3.233441236498e+00
 2.37240000e+00,        +7.071067811865e+00,        +1.049197297898e+01,        -3.233515354680e+00
 2.37260000e+00,        +7.071067811865e+00,        +1.049106080576e+01,        -3.233589236716e+00
 2.37280000e+00,        +7.071067811865e+00,        +1.049014821955e+01,        -3.233662882189e+00
 2.37300000e+00,        +7.071067811865e+00,        +1.048923521791e+01,        -3.233736290664e+00
 2.37320000e+00,        +7.071067811865e+00,        +1.048832179828e+01,        -3.233809461682e+00
 2.37340000e+00,        +7.071067811865e+00,        +1.048740795796e+01,        -3.233882394760e+00
 2.37360000e+00,        +7.071067811865e+00,        +1.048649369409e+01,        -3.233955089381e+00
 2.37380000e+00,        +7.071067811865e+00,        +1.048557900361e+01,        -3.234027544991e+00
 2.37400000e+00,        +7.071067811865e+00,        +1.048466388328e+01,        -3.234099760989e+00
 2.37420000e+00,        +7.071067811865e+00,        +1.048374832964e+01,        -3.234171736718e+00
 2.37440000e+00,        +7.071067811865e+00,        +1.048283233898e+01,        -3.234243471456e+00
 2.37460000e+00,        +7.071067811865e+00,        +1.048191590731e+01,        -3.234314964397e+00
 2.37480000e+00,        +7.071067811865e+00,        +1.048099903033e+01,        -3.234386214638e+00
 2.37500000e+00,        +7.071067811865e+00,        +1.048008170340e+01,        -3.234457221155e+00
 2.37520000e+00,        +7.071067811865e+00,        +1.047916392145e+01,        -3.234527982779e+00
 2.37540000e+00,        +7.071067811865e+00,        +1.047824567900e+01,        -3.234598498161e+00
 2.37560000e+00,        +7.071067811865e+00,        +1.047732697005e+01,        -3.234668765736e+00
 2.37580000e+00,        +7.071067811865e+00,        +1.047640778800e+01,        -3.234738783667e+00
 2.37600000e+00,        +7.071067811865e+00,        +1.047548812562e+01,        -3.234808549786e+00
 2.37620000e+00,        +7.071067811865e+00,        +1.047456797490e+01,        -3.234878061517e+00
 2.37640000e+00,        +7.071067811865e+00,        +1.047364732696e+01,        -3.234947315768e+00
 2.37660000e+00,        +7.071067811865e+00,        +1.047272617192e+01,        -3.235016308814e+00
 2.37680000e+00,        +7.071067811865e+00,        +1.047180449878e+01,        -3.235085036127e+00
 2.37700000e+00,        +7.071067811865e+00,        +1.047088229517e+01,        -3.235153492174e+00
 2.37720000e+00,        +7.071067811865e+00,        +1.046995954723e+01,        -3.235221670144e+00
 2.37740000e+00,        +7.071067811865e+00,        +1.046903623931e+01,        -3.235289561605e+00
 2.37760000e+00,        +7.071067811865e+00,        +1.046811235375e+01,        -3.235357156044e+00
 2.37780000e+00,        +7.071067811865e+00,        +1.046718787054e+01,        -3.235424440278e+00
 2.37800000e+00,        +7.071067811865e+00,        +1.046626276703e+01,        -3.235491397661e+00
 2.37820000e+00,        +7.071067811865e+00,        +1.046533701757e+01,        -3.235558007042e+00
 2.37840000e+00,        +7.071067811865e+00,        +1.046441059318e+01,        -3.235624241370e+00
 2.37860000e+00,        +7.071067811865e+00,        +1.046348346129e+01,        -3.235690065825e+00
 2.37880000e+00,        +7.071067811865e+00,        +1.046255558566e+01,        -3.235755435303e+00
 2.37900000e+00,        +7.071067811865e+00,        +1.046162692661e+01,        -3.235820291029e+00
 2.37920000e+00,        +7.071067811865e+00,        +1.046069744200e+01,        -3.235884556009e+00
 2.37940000e+00,        +7.071067811865e+00,        +1.045976708932e+01,        -3.235948128957e+00
 2.37960000e+00,        +7.071067811865e+00,        +1.045883583005e+01,        -3.236010876313e+00
 2.37980000e+00,        +7.071067811865e+00,        +1.045790363775e+01,        -3.236072622093e+00
 2.38000000e+00,        +7.071067811865e+00,        +1.045697051249e+01,        -3.236133135725e+00
 2.38020000e+00,        +7.071067811865e+00,        +1.045603650570e+01,        -3.236192119330e+00
 2.38040000e+00,        +7.071067811865e+00,        +1.045510176124e+01,        -3.236249198811e+00
 2.38060000e+00,        +7.071067811865e+00,        +1.045416657920e+01,        -3.236303929279e+00
 2.38080000e+00,        +7.071067811865e+00,        +1.045323150595e+01,        -3.236355836321e+00
 2.38100000e+00,        +7.071067811865e+00,        +1.045229743833e+01,        -3.236404529844e+00
 2.38120000e+00,        +7.071067811865e+00,        +1.045136568931e+01,        -3.236449935206e+00
 2.38140000e+00,        +7.071067811865e+00,        +1.045043789324e+01,        -3.236492650485e+00
 2.38160000e+00,        +7.071067811865e+00,        +1.044951558251e+01,        -3.236534301359e+00
 2.38180000e+00,        +7.071067811865e+00,        +1.044859940168e+01,        -3.236577545067e+00
 2.38200000e+00,        +7.071067811865e+00,        +1.044768835315e+01,        -3.236625354429e+00
 2.38220000e+00,        +7.071067811865e+00,        +1.044677980864e+01,        -3.236679763740e+00
 2.38240000e+00,        +7.071067811865e+00,        +1.044587054010e+01,        -3.236740986843e+00
 2.38260000e+00,        +7.071067811865e+00,        +1.044495801231e+01,        -3.236807614585e+00
 2.38280000e+00,        +7.071067811865e+00,        +1.044404100342e+01,        -3.236877554953e+00
 2.38300000e+00,        +7.071067811865e+00,        +1.044311942727e+01,        -3.236948893367e+00
 2.38320000e+00,        +7.071067811865e+00,        +1.044219382900e+01,        -3.237020273971e+00
 2.38340000e+00,        +7.071067811865e+00,        +1.044126495545e+01,        -3.237090901549e+00
 2.38360000e+00,        +7.071067811865e+00,        +1.044033351644e+01,        -3.237160392033e+00
 2.38380000e+00,        +7.071067811865e+00,        +1.043940009439e+01,        -3.237228615300e+00
 2.38400000e+00,        +7.071067811865e+00,        +1.043846513273e+01,        -3.237295579434e+00
 2.38420000e+00,        +7.071067811865e+00,        +1.043752895551e+01,        -3.237361358353e+00
 2.38440000e+00,        +7.071067811865e+00,        +1.043659179415e+01,        -3.237426050898e+00
 2.38460000e+00,        +7.071067811865e+00,        +1.043565381174e+01,        -3.237489759538e+00
 2.38480000e+00,        +7.071067811865e+00,        +1.043471512233e+01,        -3.237552580312e+00
 2.38500000e+00,        +7.071067811865e+00,        +1.043377580519e+01,        -3.237614598826e+00
 2.38520000e+00,        +7.071067811865e+00,        +1.043283591511e+01,        -3.237675889331e+00
 2.38540000e+00,        +7.071067811865e+00,        +1.043189548968e+01,        -3.237736515263e+00
 2.38560000e+00,        +7.071067811865e+00,        +1.043095455433e+01,        -3.237796530370e+00
 2.38580000e+00,        +7.071067811865e+00,        +1.043001312597e+01,        -3.237855980010e+00
 2.38600000e+00,        +7.071067811865e+00,        +1.042907121543e+01,        -3.237914902414e+00
 2.38620000e+00,        +7.071067811865e+00,        +1.042812882929e+01,        -3.237973329808e+00
 2.38640000e+00,        +7.071067811865e+00,        +1.042718597104e+01,        -3.238031289403e+00
 2.38660000e+00,        +7.071067811865e+00,        +1.042624264203e+01,        -3.238088804212e+00
 2.38680000e+00,        +7.071067811865e+00,        +1.042529884205e+01,        -3.238145893753e+00
 2.38700000e+00,        +7.071067811865e+00,        +1.042435456981e+01,        -3.238202574614e+00
 2.38720000e+00,        +7.071067811865e+00,        +1.042340982324e+01,        -3.238258860935e+00
 2.38740000e+00,        +7.071067811865e+00,        +1.042246459971e+01,        -3.238314764794e+00
 2.38760000e+00,        +7.071067811865e+00,        +1.042151889625e+01,        -3.238370296536e+00
 2.38780000e+00,        +7.071067811865e+00,        +1.042057270960e+01,        -3.238425465039e+00
 2.38800000e+00,        +7.071067811865e+00,        +1.041962603633e+01,        -3.238480277935e+00
 2.38820000e+00,        +7.071067811865e+00,        +1.041867887290e+01,        -3.238534741796e+00
 2.38840000e+00,        +7.071067811865e+00,        +1.041773121572e+01,        -3.238588862287e+00
 2.38860000e+00,        +7.071067811865e+00,        +1.041678306113e+01,        -3.238642644297e+00
 2.38880000e+00,        +7.071067811865e+00,        +1.041583440548e+01,        -3.238696092043e+00
 2.38900000e+00,        +7.071067811865e+00,        +1.041488524510e+01,        -3.238749209164e+00
 2.38920000e+00,        +7.071067811865e+00,        +1.041393557634e+01,        -3.238801998797e+00
 2.38940000e+00,        +7.071067811865e+00,        +1.041298539556e+01,        -3.238854463642e+00
 2.38960000e+00,        +7.071067811865e+00,        +1.041203469913e+01,        -3.238906606017e+00
 2.38980000e+00,        +7.071067811865e+00,        +1.041108348344e+01,        -3.238958427904e+00
 2.39000000e+00,        +7.071067811865e+00,        +1.041013174491e+01,        -3.239009930991e+00
 2.39020000e+00,        +7.071067811865e+00,        +1.040917947996e+01,        -3.239061116707e+00
 2.39040000e+00,        +7.071067811865e+00,        +1.040822668502e+01,        -3.239111986251e+00
 2.39060000e+00,        +7.071067811865e+00,        +1.040727335656e+01,        -3.239162540615e+00
 2.39080000e+00,        +7.071067811865e+00,        +1.040631949102e+01,        -3.239212780611e+00
 2.39100000e+00,        +7.071067811865e+00,        +1.040536508489e+01,        -3.239262706889e+00
 2.39120000e+00,        +7.071067811865e+00,        +1.040441013462e+01,        -3.239312319949e+00
 2.39140000e+00,        +7.071067811865e+00,        +1.040345463670e+01,        -3.239361620163e+00
 2.39160000e+00,        +7.071067811865e+00,        +1.040249858760e+01,        -3.239410607782e+00
 2.39180000e+00,        +7.071067811865e+00,        +1.040154198377e+01,        -3.239459282951e+00
 2.39200000e+00,        +7.071067811865e+00,        +1.040058482169e+01,        -3.239507645716e+00
 2.39220000e+00,        +7.071067811865e+00,        +1.039962709780e+01,        -3.239555696034e+00
 2.39240000e+00,        +7.071067811865e+00,        +1.039866880853e+01,        -3.239603433782e+00
 2.39260000e+00,        +7.071067811865e+00,        +1.039770995031e+01,        -3.239650858760e+00
 2.39280000e+00,        +7.071067811865e+00,        +1.039675051955e+01,        -3.239697970700e+00
 2.39300000e+00,        +7.071067811865e+00,        +1.039579051263e+01,        -3.239744769271e+00
 2.39320000e+00,        +7.071067811865e+00,        +1.039482992591e+01,        -3.239791254083e+00
 2.39340000e+00,        +7.071067811865e+00,        +1.039386875573e+01,        -3.239837424690e+00
 2.39360000e+00,        +7.071067811865e+00,        +1.039290699841e+01,        -3.239883280597e+00
 2.39380000e+00,        +7.071067811865e+00,        +1.039194465023e+01,        -3.239928821259e+00
 2.39400000e+00,        +7.071067811865e+00,        +1.039098170745e+01,        -3.239974046089e+00
 2.39420000e+00,        +7.071067811865e+00,        +1.039001816629e+01,        -3.240018954453e+00
 2.39440000e+00,        +7.071067811865e+00,        +1.038905402294e+01,        -3.240063545683e+00
 2.39460000e+00,        +7.071067811865e+00,        +1.038808927356e+01,        -3.240107819068e+00
 2.39480000e+00,        +7.071067811865e+00,        +1.038712391426e+01,        -3.240151773864e+00
 2.39500000e+00,        +7.071067811865e+00,        +1.038615794113e+01,        -3.240195409292e+00
 2.39520000e+00,        +7.071067811865e+00,        +1.038519135020e+01,        -3.240238724540e+00
 2.39540000e+00,        +7.071067811865e+00,        +1.038422413747e+01,        -3.240281718763e+00
 2.39560000e+00,        +7.071067811865e+00,        +1.038325629890e+01,        -3.240324391088e+00
 2.39580000e+00,        +7.071067811865e+00,        +1.038228783039e+01,        -3.240366740611e+00
 2.39600000e+00,        +7.071067811865e+00,        +1.038131872781e+01,        -3.240408766399e+00
 2.39620000e+00,        +7.071067811865e+00,        +1.038034898697e+01,        -3.240450467493e+00
 2.39640000e+00,        +7.071067811865e+00,        +1.037937860363e+01,        -3.240491842906e+00
 2.39660000e+00,        +7.071067811865e+00,        +1.037840757350e+01,        -3.240532891625e+00
 2.39680000e+00,        +7.071067811865e+00,        +1.037743589225e+01,        -3.240573612610e+00
 2.39700000e+00,        +7.071067811865e+00,        +1.037646355549e+01,        -3.240614004797e+00
 2.39720000e+00,        +7.071067811865e+00,        +1.037549055875e+01,        -3.240654067096e+00
 2.39740000e+00,        +7.071067811865e+00,        +1.037451689755e+01,        -3.240693798393e+00
 2.39760000e+00,        +7.071067811865e+00,        +1.037354256730e+01,        -3.240733197550e+00
 2.39780000e+00,        +7.071067811865e+00,        +1.037256756338e+01,        -3.240772263404e+00
 2.39800000e+00,        +7.071067811865e+00,        +1.037159188112e+01,        -3.240810994768e+00
 2.39820000e+00,        +7.071067811865e+00,        +1.037061551575e+01,        -3.240849390431e+00
 2.39840000e+00,        +7.071067811865e+00,        +1.036963846246e+01,        -3.240887449159e+00
 2.39860000e+00,        +7.071067811865e+00,        +1.036866071637e+01,        -3.240925169695e+00
 2.39880000e+00,        +7.071067811865e+00,        +1.036768227252e+01,        -3.240962550756e+00
 2.39900000e+00,        +7.071067811865e+00,        +1.036670312591e+01,        -3.240999591037e+00
 2.39920000e+00,        +7.071067811865e+00,        +1.036572327144e+01,        -3.241036289208e+00
 2.39940000e+00,        +7.071067811865e+00,        +1.036474270394e+01,        -3.241072643917e+00
 2.39960000e+00,        +7.071067811865e+00,        +1.036376141818e+01,        -3.241108653786e+00
 2.39980000e+00,        +7.071067811865e+00,        +1.036277940885e+01,        -3.241144317415e+00
 2.40000000e+00,        +7.071067811865e+00,        +1.036179667055e+01,        -3.241179633377e+00
 2.40020000e+00,        +7.071067811865e+00,        +1.036081319781e+01,        -3.241214600223e+00
 2.40040000e+00,        +7.071067811865e+00,        +1.035982898508e+01,        -3.241249216477e+00
 2.40060000e+00,        +7.071067811865e+00,        +1.035884402673e+01,        -3.241283480641e+00
 2.40080000e+00,        +7.071067811865e+00,        +1.035785831703e+01,        -3.241317391189e+00
 2.40100000e+00,        +7.071067811865e+00,        +1.035687185018e+01,        -3.241350946571e+00
 2.40120000e+00,        +7.071067811865e+00,        +1.035588462028e+01,        -3.241384145210e+00
 2.40140000e+00,        +7.071067811865e+00,        +1.035489662135e+01,        -3.241416985505e+00
 2.40160000e+00,        +7.071067811865e+00,        +1.035390784730e+01,        -3.241449465826e+00
 2.40180000e+00,        +7.071067811865e+00,        +1.035291829196e+01,        -3.241481584518e+00
 2.40200000e+00,        +7.071067811865e+00,        +1.035192794906e+01,        -3.241513339897e+00
 2.40220000e+00,        +7.071067811865e+00,        +1.035093681224e+01,        -3.241544730253e+00
 2.40240000e+00,        +7.071067811865e+00,        +1.034994487501e+01,        -3.241575753846e+00
 2.40260000e+00,        +7.071067811865e+00,        +1.034895213082e+01,        -3.241606408910e+00
 2.40280000e+00,        +7.071067811865e+00,        +1.034795857297e+01,        -3.241636693647e+00
 2.40300000e+00,        +7.071067811865e+00,        +1.034696419469e+01,        -3.241666606232e+00
 2.40320000e+00,        +7.071067811865e+00,        +1.034596898907e+01,        -3.241696144809e+00
 2.40340000e+00,        +7.071067811865e+00,        +1.034497294911e+01,        -3.241725307490e+00
 2.40360000e+00,        +7.071067811865e+00,        +1.034397606768e+01,        -3.241754092358e+00
 2.40380000e+00,        +7.071067811865e+00,        +1.034297833754e+01,        -3.241782497463e+00
 2.40400000e+00,        +7.071067811865e+00,        +1.034197975132e+01,        -3.241810520823e+00
 2.40420000e+00,        +7.071067811865e+00,        +1.034098030156e+01,        -3.241838160423e+00
 2.40440000e+00,        +7.071067811865e+00,        +1.033997998062e+01,        -3.241865414214e+00
 2.40460000e+00,        +7.071067811865e+00,        +1.033897878078e+01,        -3.241892280113e+00
 2.40480000e+00,        +7.071067811865e+00,        +1.033797669416e+01,        -3.241918756003e+00
 2.40500000e+00,        +7.071067811865e+00,        +1.033697371277e+01,        -3.241944839731e+00
 2.40520000e+00,        +7.071067811865e+00,        +1.033596982846e+01,        -3.241970529105e+00
 2.40540000e+00,        +7.071067811865e+00,        +1.033496503295e+01,        -3.241995821899e+00
 2.40560000e+00,        +7.071067811865e+00,        +1.033395931781e+01,        -3.242020715849e+00
 2.40580000e+00,        +7.071067811865e+00,        +1.033295267448e+01,        -3.242045208650e+00
 2.40600000e+00,        +7.071067811865e+00,        +1.033194509423e+01,        -3.242069297960e+00
 2.40620000e+00,        +7.071067811865e+00,        +1.033093656819e+01,        -3.242092981394e+00
 2.40640000e+00,        +7.071067811865e+00,        +1.032992708733e+01,        -3.242116256528e+00
 2.40660000e+00,        +7.071067811865e+00,        +1.032891664247e+01,        -3.242139120895e+00
 2.40680000e+00,        +7.071067811865e+00,        +1.032790522423e+01,        -3.242161571984e+00
 2.40700000e+00,        +7.071067811865e+00,        +1.032689282310e+01,        -3.242183607241e+00
 2.40720000e+00,        +7.071067811865e+00,        +1.032587942939e+01,        -3.242205224067e+00
 2.40740000e+00,        +7.071067811865e+00,        +1.032486503323e+01,        -3.242226419815e+00
 2.40760000e+00,        +7.071067811865e+00,        +1.032384962456e+01,        -3.242247191794e+00
 2.40780000e+00,        +7.071067811865e+00,        +1.032283319314e+01,        -3.242267537263e+00
 2.40800000e+00,        +7.071067811865e+00,        +1.032181572857e+01,        -3.242287453430e+00
 2.40820000e+00,        +7.071067811865e+00,        +1.032079722021e+01,        -3.242306937455e+00
 2.40840000e+00,        +7.071067811865e+00,        +1.031977765725e+01,        -3.242325986446e+00
 2.40860000e+00,        +7.071067811865e+00,        +1.031875702869e+01,        -3.242344597456e+00
 2.40880000e+00,        +7.071067811865e+00,        +1.031773532329e+01,        -3.242362767487e+00
 2.40900000e+00,        +7.071067811865e+00,        +1.031671252962e+01,        -3.242380493482e+00
 2.40920000e+00,        +7.071067811865e+00,        +1.031568863603e+01,        -3.242397772330e+00
 2.40940000e+00,        +7.071067811865e+00,        +1.031466363064e+01,        -3.242414600860e+00
 2.40960000e+00,        +7.071067811865e+00,        +1.031363750135e+01,        -3.242430975841e+00
 2.40980000e+00,        +7.071067811865e+00,        +1.031261023582e+01,        -3.242446893983e+00
 2.41000000e+00,        +7.071067811865e+00,        +1.031158182147e+01,        -3.242462351932e+00
 2.41020000e+00,        +7.071067811865e+00,        +1.031055224548e+01,        -3.242477346270e+00
 2.41040000e+00,        +7.071067811865e+00,        +1.030952149478e+01,        -3.242491873511e+00
 2.41060000e+00,        +7.071067811865e+00,        +1.030848955604e+01,        -3.242505930106e+00
 2.41080000e+00,        +7.071067811865e+00,        +1.030745641566e+01,        -3.242519512432e+00
 2.41100000e+00,        +7.071067811865e+00,        +1.030642205978e+01,        -3.242532616798e+00
 2.41120000e+00,        +7.071067811865e+00,        +1.030538647424e+01,        -3.242545239440e+00
 2.41140000e+00,        +7.071067811865e+00,        +1.030434964462e+01,        -3.242557376518e+00
 2.41160000e+00,        +7.071067811865e+00,        +1.030331155621e+01,        -3.242569024115e+00
 2.41180000e+00,        +7.071067811865e+00,        +1.030227219396e+01,        -3.242580178238e+00
 2.41200000e+00,        +7.071067811865e+00,        +1.030123154257e+01,        -3.242590834810e+00
 2.41220000e+00,        +7.071067811865e+00,        +1.030018958638e+01,        -3.242600989672e+00
 2.41240000e+00,        +7.071067811865e+00,        +1.029914630942e+01,        -3.242610638582e+00
 2.41260000e+00,        +7.071067811865e+00,        +1.029810169539e+01,        -3.242619777209e+00
 2.41280000e+00,        +7.071067811865e+00,        +1.029705572765e+01,        -3.242628401131e+00
 2.41300000e+00,        +7.071067811865e+00,        +1.029600838920e+01,        -3.242636505835e+00
 2.41320000e+00,        +7.071067811865e+00,        +1.029495966270e+01,        -3.242644086714e+00
 2.41340000e+00,        +7.071067811865e+00,        +1.029390953042e+01,        -3.242651139062e+00
 2.41360000e+00,        +7.071067811865e+00,        +1.029285797426e+01,        -3.242657658075e+00
 2.41380000e+00,        +7.071067811865e+00,        +1.029180497572e+01,        -3.242663638844e+00
 2.41400000e+00,        +7.071067811865e+00,        +1.029075051592e+01,        -3.242669076356e+00
 2.41420000e+00,        +7.071067811865e+00,        +1.028969457555e+01,        -3.242673965489e+00
 2.41440000e+00,        +7.071067811865e+00,        +1.028863713489e+01,        -3.242678301008e+00
 2.41460000e+00,        +7.071067811865e+00,        +1.028757817377e+01,        -3.242682077563e+00
 2.41480000e+00,        +7.071067811865e+00,        +1.028651767160e+01,        -3.242685289689e+00
 2.41500000e+00,        +7.071067811865e+00,        +1.028545560729e+01,        -3.242687931796e+00
 2.41520000e+00,        +7.071067811865e+00,        +1.028439195932e+01,        -3.242689998170e+00
 2.41540000e+00,        +7.071067811865e+00,        +1.028332670565e+01,        -3.242691482967e+00
 2.41560000e+00,        +7.071067811865e+00,        +1.028225982377e+01,        -3.242692380213e+00
 2.41580000e+00,        +7.071067811865e+00,        +1.028119129064e+01,        -3.242692683795e+00
 2.41600000e+00,        +7.071067811865e+00,        +1.028012108268e+01,        -3.242692387461e+00
 2.41620000e+00,        +7.071067811865e+00,        +1.027904917580e+01,        -3.242691484812e+00
 2.41640000e+00,        +7.071067811865e+00,        +1.027797554532e+01,        -3.242689969302e+00
 2.41660000e+00,        +7.071067811865e+00,        +1.027690016598e+01,        -3.242687834231e+00
 2.41680000e+00,        +7.071067811865e+00,        +1.027582301196e+01,        -3.242685072740e+00
 2.41700000e+00,        +7.071067811865e+00,        +1.027474405679e+01,        -3.242681677807e+00
 2.41720000e+00,        +7.071067811865e+00,        +1.027366327340e+01,        -3.242677642241e+00
 2.41740000e+00,        +7.071067811865e+00,        +1.027258063405e+01,        -3.242672958678e+00
 2.41760000e+00,        +7.071067811865e+00,        +1.027149611035e+01,        -3.242667619577e+00
 2.41780000e+00,        +7.071067811865e+00,        +1.027040967321e+01,        -3.242661617209e+00
 2.41800000e+00,        +7.071067811865e+00,        +1.026932129283e+01,        -3.242654943656e+00
 2.41820000e+00,        +7.071067811865e+00,        +1.026823093868e+01,        -3.242647590805e+00
 2.41840000e+00,        +7.071067811865e+00,        +1.026713857948e+01,        -3.242639550338e+00
 2.41860000e+00,        +7.071067811865e+00,        +1.026604418317e+01,        -3.242630813729e+00
 2.41880000e+00,        +7.071067811865e+00,        +1.026494771688e+01,        -3.242621372236e+00
 2.41900000e+00,        +7.071067811865e+00,        +1.026384914692e+01,        -3.242611216891e+00
 2.41920000e+00,        +7.071067811865e+00,        +1.026274843875e+01,        -3.242600338501e+00
 2.41940000e+00,        +7.071067811865e+00,        +1.026164555693e+01,        -3.242588727628e+00
 2.41960000e+00,        +7.071067811865e+00,        +1.026054046513e+01,        -3.242576374594e+00
 2.41980000e+00,        +7.071067811865e+00,        +1.025943312606e+01,        -3.242563269462e+00
 2.42000000e+00,        +7.071067811865e+00,        +1.025832350149e+01,        -3.242549402034e+00
 2.42020000e+00,        +7.071067811865e+00,        +1.025721155216e+01,        -3.242534761841e+00
 2.42040000e+00,        +7.071067811865e+00,        +1.025609723777e+01,        -3.242519338129e+00
 2.42060000e+00,        +7.071067811865e+00,        +1.025498051698e+01,        -3.242503119857e+00
 2.42080000e+00,        +7.071067811865e+00,        +1.025386134733e+01,        -3.242486095681e+00
 2.42100000e+00,        +7.071067811865e+00,        +1.025273968519e+01,        -3.242468253944e+00
 2.42120000e+00,        +7.071067811865e+00,        +1.025161548579e+01,        -3.242449582668e+00
 2.42140000e+00,        +7.071067811865e+00,        +1.025048870311e+01,        -3.242430069541e+00
 2.42160000e+00,        +7.071067811865e+00,        +1.024935928987e+01,        -3.242409701903e+00
 2.42180000e+00,        +7.071067811865e+00,        +1.024822719749e+01,        -3.242388466736e+00
 2.42200000e+00,        +7.071067811865e+00,        +1.024709237602e+01,        -3.242366350652e+00
 2.42220000e+00,        +7.071067811865e+00,        +1.024595477411e+01,        -3.242343339875e+00
 2.42240000e+00,        +7.071067811865e+00,        +1.024481433898e+01,        -3.242319420231e+00
 2.42260000e+00,        +7.071067811865e+00,        +1.024367101631e+01,        -3.242294577131e+00
 2.42280000e+00,        +7.071067811865e+00,        +1.024252475024e+01,        -3.242268795558e+00
 2.42300000e+00,        +7.071067811865e+00,        +1.024137548331e+01,        -3.242242060045e+00
 2.42320000e+00,        +7.071067811865e+00,        +1.024022315635e+01,        -3.242214354667e+00
 2.42340000e+00,        +7.071067811865e+00,        +1.023906770848e+01,        -3.242185663014e+00
 2.42360000e+00,        +7.071067811865e+00,        +1.023790907701e+01,        -3.242155968179e+00
 2.42380000e+00,        +7.071067811865e+00,        +1.023674719739e+01,        -3.242125252736e+00
 2.42400000e+00,        +7.071067811865e+00,        +1.023558200312e+01,        -3.242093498720e+00
 2.42420000e+00,        +7.071067811865e+00,        +1.023441342571e+01,        -3.242060687605e+00
 2.42440000e+00,        +7.071067811865e+00,        +1.023324139455e+01,        -3.242026800285e+00
 2.42460000e+00,        +7.071067811865e+00,        +1.023206583689e+01,        -3.241991817044e+00
 2.42480000e+00,        +7.071067811865e+00,        +1.023088667772e+01,        -3.241955717539e+00
 2.42500000e+00,        +7.071067811865e+00,        +1.022970383967e+01,        -3.241918480770e+00
 2.42520000e+00,        +7.071067811865e+00,        +1.022851724297e+01,        -3.241880085053e+00
 2.42540000e+00,        +7.071067811865e+00,        +1.022732680530e+01,        -3.241840507995e+00
 2.42560000e+00,        +7.071067811865e+00,        +1.022613244170e+01,        -3.241799726460e+00
 2.42580000e+00,        +7.071067811865e+00,        +1.022493406449e+01,        -3.241757716540e+00
 2.42600000e+00,        +7.071067811865e+00,        +1.022373158315e+01,        -3.241714453522e+00
 2.42620000e+00,        +7.071067811865e+00,        +1.022252490416e+01,        -3.241669911855e+00
 2.42640000e+00,        +7.071067811865e+00,        +1.022131393094e+01,        -3.241624065110e+00
 2.42660000e+00,        +7.071067811865e+00,        +1.022009856369e+01,        -3.241576885946e+00
 2.42680000e+00,        +7.071067811865e+00,        +1.021887869925e+01,        -3.241528346066e+00
 2.42700000e+00,        +7.071067811865e+00,        +1.021765423097e+01,        -3.241478416179e+00
 2.42720000e+00,        +7.071067811865e+00,        +1.021642504855e+01,        -3.241427065950e+00
 2.42740000e+00,        +7.071067811865e+00,        +1.021519103789e+01,        -3.241374263958e+00
 2.42760000e+00,        +7.071067811865e+00,        +1.021395208094e+01,        -3.241319977645e+00
 2.42780000e+00,        +7.071067811865e+00,        +1.021270805547e+01,        -3.241264173261e+00
 2.42800000e+00,        +7.071067811865e+00,        +1.021145883498e+01,        -3.241206815812e+00
 2.42820000e+00,        +7.071067811865e+00,        +1.021020428839e+01,        -3.241147869002e+00
 2.42840000e+00,        +7.071067811865e+00,        +1.020894427996e+01,        -3.241087295167e+00
 2.42860000e+00,        +7.071067811865e+00,        +1.020767866896e+01,        -3.241025055217e+00
 2.42880000e+00,        +7.071067811865e+00,        +1.020640730954e+01,        -3.240961108559e+00
 2.42900000e+00,        +7.071067811865e+00,        +1.020513005041e+01,        -3.240895413030e+00
 2.42920000e+00,        +7.071067811865e+00,        +1.020384673466e+01,        -3.240827924820e+00
 2.42940000e+00,        +7.071067811865e+00,        +1.020255719942e+01,        -3.240758598385e+00
 2.42960000e+00,        +7.071067811865e+00,        +1.020126127565e+01,        -3.240687386365e+00
 2.42980000e+00,        +7.071067811865e+00,        +1.019995878778e+01,        -3.240614239490e+00
 2.43000000e+00,        +7.071067811865e+00,        +1.019864955344e+01,        -3.240539106485e+00
 2.43020000e+00,        +7.071067811865e+00,        +1.019733338309e+01,        -3.240461933963e+00
 2.43040000e+00,        +7.071067811865e+00,        +1.019601007968e+01,        -3.240382666317e+00
 2.43060000e+00,        +7.071067811865e+00,        +1.019467943829e+01,        -3.240301245602e+00
 2.43080000e+00,        +7.071067811865e+00,        +1.019334124571e+01,        -3.240217611413e+00
 2.43100000e+00,        +7.071067811865e+00,        +1.019199528001e+01,        -3.240131700748e+00
 2.43120000e+00,        +7.071067811865e+00,        +1.019064131011e+01,        -3.240043447873e+00
 2.43140000e+00,        +7.071067811865e+00,        +1.018927909530e+01,        -3.239952784164e+00
 2.43160000e+00,        +7.071067811865e+00,        +1.018790838473e+01,        -3.239859637955e+00
 2.43180000e+00,        +7.071067811865e+00,        +1.018652891686e+01,        -3.239763934360e+00
 2.43200000e+00,        +7.071067811865e+00,        +1.018514041889e+01,        -3.239665595096e+00
 2.43220000e+00,        +7.071067811865e+00,        +1.018374260616e+01,        -3.239564538280e+00
 2.43240000e+00,        +7.071067811865e+00,        +1.018233518147e+01,        -3.239460678229e+00
 2.43260000e+00,        +7.071067811865e+00,        +1.018091783441e+01,        -3.239353925229e+00
 2.43280000e+00,        +7.071067811865e+00,        +1.017949024062e+01,        -3.239244185301e+00
 2.43300000e+00,        +7.071067811865e+00,        +1.017805206095e+01,        -3.239131359939e+00
 2.43320000e+00,        +7.071067811865e+00,        +1.017660294066e+01,        -3.239015345837e+00
 2.43340000e+00,        +7.071067811865e+00,        +1.017514250848e+01,        -3.238896034595e+00
 2.43360000e+00,        +7.071067811865e+00,        +1.017367037568e+01,        -3.238773312397e+00
 2.43380000e+00,        +7.071067811865e+00,        +1.017218613496e+01,        -3.238647059672e+00
 2.43400000e+00,        +7.071067811865e+00,        +1.017068935940e+01,        -3.238517150722e+00
 2.43420000e+00,        +7.071067811865e+00,        +1.016917960119e+01,        -3.238383453330e+00
 2.43440000e+00,        +7.071067811865e+00,        +1.016765639043e+01,        -3.238245828330e+00
 2.43460000e+00,        +7.071067811865e+00,        +1.016611923365e+01,        -3.238104129142e+00
 2.43480000e+00,        +7.071067811865e+00,        +1.016456761238e+01,        -3.237958201276e+00
 2.43500000e+00,        +7.071067811865e+00,        +1.016300098154e+01,        -3.237807881793e+00
 2.43520000e+00,        +7.071067811865e+00,        +1.016141876768e+01,        -3.237652998715e+00
 2.43540000e+00,        +7.071067811865e+00,        +1.015982036713e+01,        -3.237493370397e+00
 2.43560000e+00,        +7.071067811865e+00,        +1.015820514398e+01,        -3.237328804834e+00
 2.43580000e+00,        +7.071067811865e+00,        +1.015657242790e+01,        -3.237159098918e+00
 2.43600000e+00,        +7.071067811865e+00,        +1.015492151178e+01,        -3.236984037623e+00
 2.43620000e+00,        +7.071067811865e+00,        +1.015325164916e+01,        -3.236803393119e+00
 2.43640000e+00,        +7.071067811865e+00,        +1.015156205148e+01,        -3.236616923812e+00
 2.43660000e+00,        +7.071067811865e+00,        +1.014985188504e+01,        -3.236424373286e+00
 2.43680000e+00,        +7.071067811865e+00,        +1.014812026774e+01,        -3.236225469155e+00
 2.43700000e+00,        +7.071067811865e+00,        +1.014636626553e+01,        -3.236019921806e+00
 2.43720000e+00,        +7.071067811865e+00,        +1.014458888848e+01,        -3.235807423016e+00
 2.43740000e+00,        +7.071067811865e+00,        +1.014278708662e+01,        -3.235587644441e+00
 2.43760000e+00,        +7.071067811865e+00,        +1.014095974522e+01,        -3.235360235950e+00
 2.43780000e+00,        +7.071067811865e+00,        +1.013910567980e+01,        -3.235124823799e+00
 2.43800000e+00,        +7.071067811865e+00,        +1.013722363057e+01,        -3.234881008611e+00
 2.43820000e+00,        +7.071067811865e+00,        +1.013531225632e+01,        -3.234628363152e+00
 2.43840000e+00,        +7.071067811865e+00,        +1.013337012776e+01,        -3.234366429866e+00
 2.43860000e+00,        +7.071067811865e+00,        +1.013139572019e+01,        -3.234094718155e+00
 2.43880000e+00,        +7.071067811865e+00,        +1.012938740538e+01,        -3.233812701349e+00
 2.43900000e+00,        +7.071067811865e+00,        +1.012734344262e+01,        -3.233519813350e+00
 2.43920000e+00,        +7.071067811865e+00,        +1.012526196889e+01,        -3.233215444889e+00
 2.43940000e+00,        +7.071067811865e+00,        +1.012314098791e+01,        -3.232898939354e+00
 2.43960000e+00,        +7.071067811865e+00,        +1.012097835798e+01,        -3.232569588125e+00
 2.43980000e+00,        +7.071067811865e+00,        +1.011877177857e+01,        -3.232226625350e+00
 2.44000000e+00,        +7.071067811865e+00,        +1.011651877526e+01,        -3.231869222082e+00
 2.44020000e+00,        +7.071067811865e+00,        +1.011421668307e+01,        -3.231496479688e+00
 2.44040000e+00,        +7.071067811865e+00,        +1.011186262771e+01,        -3.231107422410e+00
 2.44060000e+00,        +7.071067811865e+00,        +1.010945350466e+01,        -3.230700988968e+00
 2.44080000e+00,        +7.071067811865e+00,        +1.010698595569e+01,        -3.230276023043e+00
 2.44100000e+00,        +7.071067811865e+00,        +1.010445634241e+01,        -3.229831262467e+00
 2.44120000e+00,        +7.071067811865e+00,        +1.010186071643e+01,        -3.229365326919e+00
 2.44140000e+00,        +7.071067811865e+00,        +1.009919478571e+01,        -3.228876703869e+00
 2.44160000e+00,        +7.071067811865e+00,        +1.009645387636e+01,        -3.228363732481e+00
 2.44180000e+00,        +7.071067811865e+00,        +1.009363288923e+01,        -3.227824585131e+00
 2.44200000e+00,        +7.071067811865e+00,        +1.009072625055e+01,        -3.227257246097e+00
 2.44220000e+00,        +7.071067811865e+00,        +1.008772785538e+01,        -3.226659486931e+00
 2.44240000e+00,        +7.071067811865e+00,        +1.008463100295e+01,        -3.226028837883e+00
 2.44260000e+00,        +7.071067811865e+00,        +1.008142832220e+01,        -3.225362554632e+00
 2.44280000e+00,        +7.071067811865e+00,        +1.007811168600e+01,        -3.224657579395e+00
 2.44300000e+00,        +7.071067811865e+00,        +1.007467211179e+01,        -3.223910495299e+00
 2.44320000e+00,        +7.071067811865e+00,        +1.007109964619e+01,        -3.223117472608e+00
 2.44340000e+00,        +7.071067811865e+00,        +1.006738323044e+01,        -3.222274205077e+00
 2.44360000e+00,        +7.071067811865e+00,        +1.006351054291e+01,        -3.221375834269e+00
 2.44380000e+00,        +7.071067811865e+00,        +1.005946781389e+01,        -3.220416859119e+00
 2.44400000e+00,        +7.071067811865e+00,        +1.005523960691e+01,        -3.219391027296e+00
 2.44420000e+00,        +7.071067811865e+00,        +1.005080855930e+01,        -3.218291203991e+00
 2.44440000e+00,        +7.071067811865e+00,        +1.004615507289e+01,        -3.217109212501e+00
 2.44460000e+00,        +7.071067811865e+00,        +1.004125694326e+01,        -3.215835639364e+00
 2.44480000e+00,        +7.071067811865e+00,        +1.003608891294e+01,        -3.214459594558e+00
 2.44500000e+00,        +7.071067811865e+00,        +1.003062212977e+01,        -3.212968414349e+00
 2.44520000e+00,        +7.071067811865e+00,        +1.002482348612e+01,        -3.211347290275e+00
 2.44540000e+00,        +7.071067811865e+00,        +1.001865480738e+01,        -3.209578802181e+00
 2.44560000e+00,        +7.071067811865e+00,        +1.001207184832e+01,        -3.207642325392e+00
 2.44580000e+00,        +7.071067811865e+00,        +1.000502304215e+01,        -3.205513271082e+00
 2.44600000e+00,        +7.071067811865e+00,        +9.997447928777e+00,        -3.203162103112e+00
 2.44620000e+00,        +7.071067811865e+00,        +9.989275162471e+00,        -3.200553051710e+00
 2.44640000e+00,        +7.071067811865e+00,        +9.980419962616e+00,        -3.197642410590e+00
 2.44660000e+00,        +7.071067811865e+00,        +9.970780818530e+00,        -3.194376253622e+00
 2.44680000e+00,        +7.071067811865e+00,        +9.960235183170e+00,        -3.190687330039e+00
 2.44700000e+00,        +7.071067811865e+00,        +9.948633778372e+00,        -3.186490777426e+00
 2.44720000e+00,        +7.071067811865e+00,        +9.935792966611e+00,        -3.181678101446e+00
 2.44740000e+00,        +7.071067811865e+00,        +9.921484389609e+00,        -3.176108561958e+00
 2.44760000e+00,        +7.071067811865e+00,        +9.905420680555e+00,        -3.169596589097e+00
 2.44780000e+00,        +7.071067811865e+00,        +9.887235437895e+00,        -3.161892966847e+00
 2.44800000e+00,        +7.071067811865e+00,        +9.866454658679e+00,        -3.152655950901e+00
 2.44820000e+00,        +7.071067811865e+00,        +9.842455220925e+00,        -3.141405601686e+00
 2.44840000e+00,        +7.071067811865e+00,        +9.814403361498e+00,        -3.127449092671e+00
 2.44860000e+00,        +7.071067811865e+00,        +9.781161753108e+00,        -3.109753699097e+00
 2.44880000e+00,        +7.071067811865e+00,        +9.741146846217e+00,        -3.086720852942e+00
 2.44900000e+00,        +7.071067811865e+00,        +9.692108263087e+00,        -3.055762450473e+00
 2.44920000e+00,        +7.071067811865e+00,        +9.630794272323e+00,        -3.012455577781e+00
 2.44940000e+00,        +7.071067811865e+00,        +9.552498197816e+00,        -2.948728867326e+00
 2.44960000e+00,        +7.071067811865e+00,        +9.450759408954e+00,        -2.848630848331e+00
 2.44980000e+00,        +7.071067811865e+00,        +9.319240211214e+00,        -2.677551387721e+00
 2.45000000e+00,        +7.071067811865e+00,        +9.168770213461e+00,        -2.353469353607e+00
 2.45020000e+00,        +7.071067811865e+00,        +9.141879263371e+00,        -1.693171035661e+00
 2.45040000e+00,        +7.071067811865e+00,        +9.969834434556e+00,        -7.468535900073e-01
 2.45060000e+00,        +7.071067811865e+00,        +1.152190048225e+01,        -1.281821300452e+00
 2.45080000e+00,        +7.071067811865e+00,        +1.164457685090e+01,        -2.409292855881e+00
 2.45100000e+00,        +7.071067811865e+00,        +1.132816500202e+01,        -2.904637536819e+00
 2.45120000e+00,        +7.071067811865e+00,        +1.107026858359e+01,        -3.101039716991e+00
 2.45140000e+00,        +7.071067811865e+00,        +1.089069909706e+01,        -3.187826475292e+00
 2.45160000e+00,        +7.071067811865e+00,        +1.076385481398e+01,        -3.230275661257e+00
 2.45180000e+00,        +7.071067811865e+00,        +1.067090239375e+01,        -3.252594897434e+00
 2.45200000e+00,        +7.071067811865e+00,        +1.060031697499e+01,        -3.264878207421e+00
 2.45220000e+00,        +7.071067811865e+00,        +1.054505014761e+01,        -3.271785550114e+00
 2.45240000e+00,        +7.071067811865e+00,        +1.050065224471e+01,        -3.275651714762e+00
 2.45260000e+00,        +7.071067811865e+00,        +1.046421000435e+01,        -3.277725369624e+00
 2.45280000e+00,        +7.071067811865e+00,        +1.043374944566e+01,        -3.278710152999e+00
 2.45300000e+00,        +7.071067811865e+00,        +1.040789133714e+01,        -3.279019650667e+00
 2.45320000e+00,        +7.071067811865e+00,        +1.038564562996e+01,        -3.278905404808e+00
 2.45340000e+00,        +7.071067811865e+00,        +1.036628461943e+01,        -3.278524684123e+00
 2.45360000e+00,        +7.071067811865e+00,        +1.034926219245e+01,        -3.277978010391e+00
 2.45380000e+00,        +7.071067811865e+00,        +1.033416092888e+01,        -3.277330749575e+00
 2.45400000e+00,        +7.071067811865e+00,        +1.032065654681e+01,        -3.276625950172e+00
 2.45420000e+00,        +7.071067811865e+00,        +1.030849344610e+01,        -3.275892197552e+00
 2.45440000e+00,        +7.071067811865e+00,        +1.029746753218e+01,        -3.275148539575e+00
 2.45460000e+00,        +7.071067811865e+00,        +1.028741392412e+01,        -3.274407642939e+00
 2.45480000e+00,        +7.071067811865e+00,        +1.027819800746e+01,        -3.273677854304e+00
 2.45500000e+00,        +7.071067811865e+00,        +1.026970882022e+01,        -3.272964568587e+00
 2.45520000e+00,        +7.071067811865e+00,        +1.026185409462e+01,        -3.272271150442e+00
 2.45540000e+00,        +7.071067811865e+00,        +1.025455649174e+01,        -3.271599562610e+00
 2.45560000e+00,        +7.071067811865e+00,        +1.024775070842e+01,        -3.270950798975e+00
 2.45580000e+00,        +7.071067811865e+00,        +1.024138122993e+01,        -3.270325185701e+00
 2.45600000e+00,        +7.071067811865e+00,        +1.023540056682e+01,        -3.269722592195e+00
 2.45620000e+00,        +7.071067811865e+00,        +1.022976785867e+01,        -3.269142579723e+00
 2.45640000e+00,        +7.071067811865e+00,        +1.022444775897e+01,        -3.268584506522e+00
 2.45660000e+00,        +7.071067811865e+00,        +1.021940953724e+01,        -3.268047602301e+00
 2.45680000e+00,        +7.071067811865e+00,        +1.021462635080e+01,        -3.267531021027e+00
 2.45700000e+00,        +7.071067811865e+00,        +1.021007464986e+01,        -3.267033878241e+00
 2.45720000e+00,        +7.071067811865e+00,        +1.020573368848e+01,        -3.266555277269e+00
 2.45740000e+00,        +7.071067811865e+00,        +1.020158511998e+01,        -3.266094327450e+00
 2.45760000e+00,        +7.071067811865e+00,        +1.019761266042e+01,        -3.265650156602e+00
 2.45780000e+00,        +7.071067811865e+00,        +1.019380180698e+01,        -3.265221919325e+00
 2.45800000e+00,        +7.071067811865e+00,        +1.019013960127e+01,        -3.264808802307e+00
 2.45820000e+00,        +7.071067811865e+00,        +1.018661442933e+01,        -3.264410027455e+00
 2.45840000e+00,        +7.071067811865e+00,        +1.018321585189e+01,        -3.264024853485e+00
 2.45860000e+00,        +7.071067811865e+00,        +1.017993445971e+01,        -3.263652576403e+00
 2.45880000e+00,        +7.071067811865e+00,        +1.017676174967e+01,        -3.263292529214e+00
 2.45900000e+00,        +7.071067811865e+00,        +1.017369001844e+01,        -3.262944081093e+00
 2.45920000e+00,        +7.071067811865e+00,        +1.017071227067e+01,        -3.262606636202e+00
 2.45940000e+00,        +7.071067811865e+00,        +1.016782213952e+01,        -3.262279632272e+00
 2.45960000e+00,        +7.071067811865e+00,        +1.016501381775e+01,        -3.261962539050e+00
 2.45980000e+00,        +7.071067811865e+00,        +1.016228199756e+01,        -3.261654856681e+00
 2.46000000e+00,        +7.071067811865e+00,        +1.015962181810e+01,        -3.261356114067e+00
 2.46020000e+00,        +7.071067811865e+00,        +1.015702881941e+01,        -3.261065867239e+00
 2.46040000e+00,        +7.071067811865e+00,        +1.015449890195e+01,        -3.260783697773e+00
 2.46060000e+00,        +7.071067811865e+00,        +1.015202829096e+01,        -3.260509211255e+00
 2.46080000e+00,        +7.071067811865e+00,        +1.014961350494e+01,        -3.260242035817e+00
 2.46100000e+00,        +7.071067811865e+00,        +1.014725132769e+01,        -3.259981820735e+00
 2.46120000e+00,        +7.071067811865e+00,        +1.014493878357e+01,        -3.259728235112e+00
 2.46140000e+00,        +7.071067811865e+00,        +1.014267311542e+01,        -3.259480966631e+00
 2.46160000e+00,        +7.071067811865e+00,        +1.014045176485e+01,        -3.259239720377e+00
 2.46180000e+00,        +7.071067811865e+00,        +1.013827235470e+01,        -3.259004217742e+00
 2.46200000e+00,        +7.071067811865e+00,        +1.013613267325e+01,        -3.258774195392e+00
 2.46220000e+00,        +7.071067811865e+00,        +1.013403066007e+01,        -3.258549404302e+00
 2.46240000e+00,        +7.071067811865e+00,        +1.013196439332e+01,        -3.258329608858e+00
 2.46260000e+00,        +7.071067811865e+00,        +1.012993207830e+01,        -3.258114586016e+00
 2.46280000e+00,        +7.071067811865e+00,        +1.012793203708e+01,        -3.257904124515e+00
 2.46300000e+00,        +7.071067811865e+00,        +1.012596269921e+01,        -3.257698024149e+00
 2.46320000e+00,        +7.071067811865e+00,        +1.012402259318e+01,        -3.257496095084e+00
 2.46340000e+00,        +7.071067811865e+00,        +1.012211033881e+01,        -3.257298157220e+00
 2.46360000e+00,        +7.071067811865e+00,        +1.012022464025e+01,        -3.257104039601e+00
 2.46380000e+00,        +7.071067811865e+00,        +1.011836427961e+01,        -3.256913579863e+00
 2.46400000e+00,        +7.071067811865e+00,        +1.011652811125e+01,        -3.256726623716e+00
 2.46420000e+00,        +7.071067811865e+00,        +1.011471505643e+01,        -3.256543024466e+00
 2.46440000e+00,        +7.071067811865e+00,        +1.011292409853e+01,        -3.256362642563e+00
 2.46460000e+00,        +7.071067811865e+00,        +1.011115427866e+01,        -3.256185345187e+00
 2.46480000e+00,        +7.071067811865e+00,        +1.010940469156e+01,        -3.256011005856e+00
 2.46500000e+00,        +7.071067811865e+00,        +1.010767448197e+01,        -3.255839504059e+00
 2.46520000e+00,        +7.071067811865e+00,        +1.010596284116e+01,        -3.255670724917e+00
 2.46540000e+00,        +7.071067811865e+00,        +1.010426900386e+01,        -3.255504558865e+00
 2.46560000e+00,        +7.071067811865e+00,        +1.010259224536e+01,        -3.255340901353e+00
 2.46580000e+00,        +7.071067811865e+00,        +1.010093187882e+01,        -3.255179652565e+00
 2.46600000e+00,        +7.071067811865e+00,        +1.009928725290e+01,        -3.255020717164e+00
 2.46620000e+00,        +7.071067811865e+00,        +1.009765774941e+01,        -3.254864004042e+00
 2.46640000e+00,        +7.071067811865e+00,        +1.009604278130e+01,        -3.254709426092e+00
 2.46660000e+00,        +7.071067811865e+00,        +1.009444179069e+01,        -3.254556899998e+00
 2.46680000e+00,        +7.071067811865e+00,        +1.009285424705e+01,        -3.254406346027e+00
 2.46700000e+00,        +7.071067811865e+00,        +1.009127964560e+01,        -3.254257687844e+00
 2.46720000e+00,        +7.071067811865e+00,        +1.008971750574e+01,        -3.254110852334e+00
 2.46740000e+00,        +7.071067811865e+00,        +1.008816736959e+01,        -3.253965769435e+00
 2.46760000e+00,        +7.071067811865e+00,        +1.008662880070e+01,        -3.253822371983e+00
 2.46780000e+00,        +7.071067811865e+00,        +1.008510138279e+01,        -3.253680595561e+00
 2.46800000e+00,        +7.071067811865e+00,        +1.008358471862e+01,        -3.253540378365e+00
 2.46820000e+00,        +7.071067811865e+00,        +1.008207842886e+01,        -3.253401661071e+00
 2.46840000e+00,        +7.071067811865e+00,        +1.008058215115e+01,        -3.253264386711e+00
 2.46860000e+00,        +7.071067811865e+00,        +1.007909553912e+01,        -3.253128500562e+00
 2.46880000e+00,        +7.071067811865e+00,        +1.007761826155e+01,        -3.252993950032e+00
 2.46900000e+00,        +7.071067811865e+00,        +1.007615000149e+01,        -3.252860684559e+00
 2.46920000e+00,        +7.071067811865e+00,        +1.007469045558e+01,        -3.252728655515e+00
 2.46940000e+00,        +7.071067811865e+00,        +1.007323933325e+01,        -3.252597816114e+00
 2.46960000e+00,        +7.071067811865e+00,        +1.007179635610e+01,        -3.252468121323e+00
 2.46980000e+00,        +7.071067811865e+00,        +1.007036125725e+01,        -3.252339527783e+00
 2.47000000e+00,        +7.071067811865e+00,        +1.006893378076e+01,        -3.252211993733e+00
 2.47020000e+00,        +7.071067811865e+00,        +1.006751368105e+01,        -3.252085478931e+00
 2.47040000e+00,        +7.071067811865e+00,        +1.006610072241e+01,        -3.251959944591e+00
 2.47060000e+00,        +7.071067811865e+00,        +1.006469467849e+01,        -3.251835353315e+00
 2.47080000e+00,        +7.071067811865e+00,        +1.006329533183e+01,        -3.251711669031e+00
 2.47100000e+00,        +7.071067811865e+00,        +1.006190247344e+01,        -3.251588856932e+00
 2.47120000e+00,        +7.071067811865e+00,        +1.006051590240e+01,        -3.251466883426e+00
 2.47140000e+00,        +7.071067811865e+00,        +1.005913542544e+01,        -3.251345716077e+00
 2.47160000e+00,        +7.071067811865e+00,        +1.005776085662e+01,        -3.251225323560e+00
 2.47180000e+00,        +7.071067811865e+00,        +1.005639201694e+01,        -3.251105675609e+00
 2.47200000e+00,        +7.071067811865e+00,        +1.005502873405e+01,        -3.250986742975e+00
 2.47220000e+00,        +7.071067811865e+00,        +1.005367084193e+01,        -3.250868497380e+00
 2.47240000e+00,        +7.071067811865e+00,        +1.005231818060e+01,        -3.250750911482e+00
 2.47260000e+00,        +7.071067811865e+00,        +1.005097059586e+01,        -3.250633958829e+00
 2.47280000e+00,        +7.071067811865e+00,        +1.004962793901e+01,        -3.250517613826e+00
 2.47300000e+00,        +7.071067811865e+00,        +1.004829006662e+01,        -3.250401851701e+00
 2.47320000e+00,        +7.071067811865e+00,        +1.004695684027e+01,        -3.250286648468e+00
 2.47340000e+00,        +7.071067811865e+00,        +1.004562812638e+01,        -3.250171980899e+00
 2.47360000e+00,        +7.071067811865e+00,        +1.004430379596e+01,        -3.250057826492e+00
 2.47380000e+00,        +7.071067811865e+00,        +1.004298372442e+01,        -3.249944163440e+00
 2.47400000e+00,        +7.071067811865e+00,        +1.004166779141e+01,        -3.249830970608e+00
 2.47420000e+00,        +7.071067811865e+00,        +1.004035588059e+01,        -3.249718227503e+00
 2.47440000e+00,        +7.071067811865e+00,        +1.003904787950e+01,        -3.249605914250e+00
 2.47460000e+00,        +7.071067811865e+00,        +1.003774367940e+01,        -3.249494011571e+00
 2.47480000e+00,        +7.071067811865e+00,        +1.003644317509e+01,        -3.249382500757e+00
 2.47500000e+00,        +7.071067811865e+00,        +1.003514626478e+01,        -3.249271363651e+00
 2.47520000e+00,        +7.071067811865e+00,        +1.003385284997e+01,        -3.249160582622e+00
 2.47540000e+00,        +7.071067811865e+00,        +1.003256283528e+01,        -3.249050140552e+00
 2.47560000e+00,        +7.071067811865e+00,        +1.003127612836e+01,        -3.248940020812e+00
 2.47580000e+00,        +7.071067811865e+00,        +1.002999263973e+01,        -3.248830207244e+00
 2.47600000e+00,        +7.071067811865e+00,        +1.002871228273e+01,        -3.248720684147e+00
 2.47620000e+00,        +7.071067811865e+00,        +1.002743497334e+01,        -3.248611436256e+00
 2.47640000e+00,        +7.071067811865e+00,        +1.002616063012e+01,        -3.248502448730e+00
 2.47660000e+00,        +7.071067811865e+00,        +1.002488917410e+01,        -3.248393707134e+00
 2.47680000e+00,        +7.071067811865e+00,        +1.002362052869e+01,        -3.248285197426e+00
 2.47700000e+00,        +7.071067811865e+00,        +1.002235461958e+01,        -3.248176905943e+00
 2.47720000e+00,        +7.071067811865e+00,        +1.002109137466e+01,        -3.248068819387e+00
 2.47740000e+00,        +7.071067811865e+00,        +1.001983072395e+01,        -3.247960924812e+00
 2.47760000e+00,        +7.071067811865e+00,        +1.001857259950e+01,        -3.247853209612e+00
 2.47780000e+00,        +7.071067811865e+00,        +1.001731693533e+01,        -3.247745661510e+00
 2.47800000e+00,        +7.071067811865e+00,        +1.001606366733e+01,        -3.247638268545e+00
 2.47820000e+00,        +7.071067811865e+00,        +1.001481273325e+01,        -3.247531019063e+00
 2.47840000e+00,        +7.071067811865e+00,        +1.001356407258e+01,        -3.247423901705e+00
 2.47860000e+00,        +7.071067811865e+00,        +1.001231762651e+01,        -3.247316905400e+00
 2.47880000e+00,        +7.071067811865e+00,        +1.001107333786e+01,        -3.247210019349e+00
 2.47900000e+00,        +7.071067811865e+00,        +1.000983115103e+01,        -3.247103233024e+00
 2.47920000e+00,        +7.071067811865e+00,        +1.000859101195e+01,        -3.246996536152e+00
 2.47940000e+00,        +7.071067811865e+00,        +1.000735286801e+01,        -3.246889918712e+00
 2.47960000e+00,        +7.071067811865e+00,        +1.000611666802e+01,        -3.246783370922e+00
 2.47980000e+00,        +7.071067811865e+00,        +1.000488236217e+01,        -3.246676883235e+00
 2.48000000e+00,        +7.071067811865e+00,        +1.000364990197e+01,        -3.246570446329e+00
 2.48020000e+00,        +7.071067811865e+00,        +1.000241924021e+01,        -3.246464051102e+00
 2.48040000e+00,        +7.071067811865e+00,        +1.000119033089e+01,        -3.246357688661e+00
 2.48060000e+00,        +7.071067811865e+00,        +9.999963129250e+00,        -3.246251350321e+00
 2.48080000e+00,        +7.071067811865e+00,        +9.998737591650e+00,        -3.246145027593e+00
 2.48100000e+00,        +7.071067811865e+00,        +9.997513675581e+00,        -3.246038712180e+00
 2.48120000e+00,        +7.071067811865e+00,        +9.996291339611e+00,        -3.245932395973e+00
 2.48140000e+00,        +7.071067811865e+00,        +9.995070543352e+00,        -3.245826071041e+00
 2.48160000e+00,        +7.071067811865e+00,        +9.993851247429e+00,        -3.245719729629e+00
 2.48180000e+00,        +7.071067811865e+00,        +9.992633413443e+00,        -3.245613364150e+00
 2.48200000e+00,        +7.071067811865e+00,        +9.991417003944e+00,        -3.245506967183e+00
 2.48220000e+00,        +7.071067811865e+00,        +9.990201982399e+00,        -3.245400531463e+00
 2.48240000e+00,        +7.071067811865e+00,        +9.988988313162e+00,        -3.245294049883e+00
 2.48260000e+00,        +7.071067811865e+00,        +9.987775961447e+00,        -3.245187515481e+00
 2.48280000e+00,        +7.071067811865e+00,        +9.986564893302e+00,        -3.245080921444e+00
 2.48300000e+00,        +7.071067811865e+00,        +9.985355075583e+00,        -3.244974261097e+00
 2.48320000e+00,        +7.071067811865e+00,        +9.984146475925e+00,        -3.244867527903e+00
 2.48340000e+00,        +7.071067811865e+00,        +9.982939062726e+00,        -3.244760715455e+00
 2.48360000e+00,        +7.071067811865e+00,        +9.981732805116e+00,        -3.244653817478e+00
 2.48380000e+00,        +7.071067811865e+00,        +9.980527672938e+00,        -3.244546827818e+00
 2.48400000e+00,        +7.071067811865e+00,        +9.979323636728e+00,        -3.244439740444e+00
 2.48420000e+00,        +7.071067811865e+00,        +9.978120667691e+00,        -3.244332549443e+00
 2.48440000e+00,        +7.071067811865e+00,        +9.976918737683e+00,        -3.244225249014e+00
 2.48460000e+00,        +7.071067811865e+00,        +9.975717819192e+00,        -3.244117833469e+00
 2.48480000e+00,        +7.071067811865e+00,        +9.974517885317e+00,        -3.244010297225e+00
 2.48500000e+00,        +7.071067811865e+00,        +9.973318909753e+00,        -3.243902634805e+00
 2.48520000e+00,        +7.071067811865e+00,        +9.972120866771e+00,        -3.243794840833e+00
 2.48540000e+00,        +7.071067811865e+00,        +9.970923731202e+00,        -3.243686910033e+00
 2.48560000e+00,        +7.071067811865e+00,        +9.969727478424e+00,        -3.243578837223e+00
 2.48580000e+00,        +7.071067811865e+00,        +9.968532084340e+00,        -3.243470617313e+00
 2.48600000e+00,        +7.071067811865e+00,        +9.967337525368e+00,        -3.243362245307e+00
 2.48620000e+00,        +7.071067811865e+00,        +9.966143778424e+00,        -3.243253716293e+00
 2.48640000e+00,        +7.071067811865e+00,        +9.964950820909e+00,        -3.243145025448e+00
 2.48660000e+00,        +7.071067811865e+00,        +9.963758630695e+00,        -3.243036168029e+00
 2.48680000e+00,        +7.071067811865e+00,        +9.962567186112e+00,        -3.242927139375e+00
 2.48700000e+00,        +7.071067811865e+00,        +9.961376465933e+00,        -3.242817934903e+00
 2.48720000e+00,        +7.071067811865e+00,        +9.960186449366e+00,        -3.242708550108e+00
 2.48740000e+00,        +7.071067811865e+00,        +9.958997116037e+00,        -3.242598980557e+00
 2.48760000e+00,        +7.071067811865e+00,        +9.957808445983e+00,        -3.242489221890e+00
 2.48780000e+00,        +7.071067811865e+00,        +9.956620419637e+00,        -3.242379269817e+00
 2.48800000e+00,        +7.071067811865e+00,        +9.955433017819e+00,        -3.242269120118e+00
 2.48820000e+00,        +7.071067811865e+00,        +9.954246221727e+00,        -3.242158768636e+00
 2.48840000e+00,        +7.071067811865e+00,        +9.953060012923e+00,        -3.242048211281e+00
 2.48860000e+00,        +7.071067811865e+00,        +9.951874373326e+00,        -3.241937444025e+00
 2.48880000e+00,        +7.071067811865e+00,        +9.950689285202e+00,        -3.241826462902e+00
 2.48900000e+00,        +7.071067811865e+00,        +9.949504731153e+00,        -3.241715264005e+00
 2.48920000e+00,        +7.071067811865e+00,        +9.948320694112e+00,        -3.241603843484e+00
 2.48940000e+00,        +7.071067811865e+00,        +9.947137157328e+00,        -3.241492197546e+00
 2.48960000e+00,        +7.071067811865e+00,        +9.945954104364e+00,        -3.241380322453e+00
 2.48980000e+00,        +7.071067811865e+00,        +9.944771519086e+00,        -3.241268214521e+00
 2.49000000e+00,        +7.071067811865e+00,        +9.943589385654e+00,        -3.241155870116e+00
 2.49020000e+00,        +7.071067811865e+00,        +9.942407688514e+00,        -3.241043285656e+00
 2.49040000e+00,        +7.071067811865e+00,        +9.941226412396e+00,        -3.240930457608e+00
 2.49060000e+00,        +7.071067811865e+00,        +9.940045542298e+00,        -3.240817382485e+00
 2.49080000e+00,        +7.071067811865e+00,        +9.938865063488e+00,        -3.240704056850e+00
 2.49100000e+00,        +7.071067811865e+00,        +9.937684961488e+00,        -3.240590477308e+00
 2.49120000e+00,        +7.071067811865e+00,        +9.936505222076e+00,        -3.240476640511e+00
 2.49140000e+00,        +7.071067811865e+00,        +9.935325831275e+00,        -3.240362543150e+00
 2.49160000e+00,        +7.071067811865e+00,        +9.934146775345e+00,        -3.240248181963e+00
 2.49180000e+00,        +7.071067811865e+00,        +9.932968040782e+00,        -3.240133553723e+00
 2.49200000e+00,        +7.071067811865e+00,        +9.931789614308e+00,        -3.240018655248e+00
 2.49220000e+00,        +7.071067811865e+00,        +9.930611482867e+00,        -3.239903483391e+00
 2.49240000e+00,        +7.071067811865e+00,        +9.929433633620e+00,        -3.239788035043e+00
 2.49260000e+00,        +7.071067811865e+00,        +9.928256053938e+00,        -3.239672307132e+00
 2.49280000e+00,        +7.071067811865e+00,        +9.927078731395e+00,        -3.239556296623e+00
 2.49300000e+00,        +7.071067811865e+00,        +9.925901653770e+00,        -3.239440000512e+00
 2.49320000e+00,        +7.071067811865e+00,        +9.924724809033e+00,        -3.239323415832e+00
 2.49340000e+00,        +7.071067811865e+00,        +9.923548185348e+00,        -3.239206539648e+00
 2.49360000e+00,        +7.071067811865e+00,        +9.922371771061e+00,        -3.239089369055e+00
 2.49380000e+00,        +7.071067811865e+00,        +9.921195554702e+00,        -3.238971901180e+00
 2.49400000e+00,        +7.071067811865e+00,        +9.920019524976e+00,        -3.238854133183e+00
 2.49420000e+00,        +7.071067811865e+00,        +9.918843670762e+00,        -3.238736062248e+00
 2.49440000e+00,        +7.071067811865e+00,        +9.917667981106e+00,        -3.238617685592e+00
 2.49460000e+00,        +7.071067811865e+00,        +9.916492445217e+00,        -3.238499000458e+00
 2.49480000e+00,        +7.071067811865e+00,        +9.915317052466e+00,        -3.238380004116e+00
 2.49500000e+00,        +7.071067811865e+00,        +9.914141792378e+00,        -3.238260693862e+00
 2.49520000e+00,        +7.071067811865e+00,        +9.912966654632e+00,        -3.238141067019e+00
 2.49540000e+00,        +7.071067811865e+00,        +9.911791629054e+00,        -3.238021120934e+00
 2.49560000e+00,        +7.071067811865e+00,        +9.910616705617e+00,        -3.237900852977e+00
 2.49580000e+00,        +7.071067811865e+00,        +9.909441874433e+00,        -3.237780260543e+00
 2.49600000e+00,        +7.071067811865e+00,        +9.908267125753e+00,        -3.237659341049e+00
 2.49620000e+00,        +7.071067811865e+00,        +9.907092449963e+00,        -3.237538091936e+00
 2.49640000e+00,        +7.071067811865e+00,        +9.905917837580e+00,        -3.237416510663e+00
 2.49660000e+00,        +7.071067811865e+00,        +9.904743279249e+00,        -3.237294594713e+00
 2.49680000e+00,        +7.071067811865e+00,        +9.903568765741e+00,        -3.237172341589e+00
 2.49700000e+00,        +7.071067811865e+00,        +9.902394287947e+00,        -3.237049748812e+00
 2.49720000e+00,        +7.071067811865e+00,        +9.901219836880e+00,        -3.236926813925e+00
 2.49740000e+00,        +7.071067811865e+00,        +9.900045403667e+00,        -3.236803534485e+00
 2.49760000e+00,        +7.071067811865e+00,        +9.898870979550e+00,        -3.236679908073e+00
 2.49780000e+00,        +7.071067811865e+00,        +9.897696555879e+00,        -3.236555932283e+00
 2.49800000e+00,        +7.071067811865e+00,        +9.896522124116e+00,        -3.236431604728e+00
 2.49820000e+00,        +7.071067811865e+00,        +9.895347675825e+00,        -3.236306923036e+00
 2.49840000e+00,        +7.071067811865e+00,        +9.894173202675e+00,        -3.236181884854e+00
 2.49860000e+00,        +7.071067811865e+00,        +9.892998696434e+00,        -3.236056487840e+00
 2.49880000e+00,        +7.071067811865e+00,        +9.891824148969e+00,        -3.235930729671e+00
 2.49900000e+00,        +7.071067811865e+00,        +9.890649552242e+00,        -3.235804608037e+00
 2.49920000e+00,        +7.071067811865e+00,        +9.889474898308e+00,        -3.235678120641e+00
 2.49940000e+00,        +7.071067811865e+00,        +9.888300179313e+00,        -3.235551265201e+00
 2.49960000e+00,        +7.071067811865e+00,        +9.887125387493e+00,        -3.235424039448e+00
 2.49980000e+00,        +7.071067811865e+00,        +9.885950515170e+00,        -3.235296441126e+00
 2.50000000e+00,        +7.071067811865e+00,        +9.884775554749e+00,        -3.235168467990e+00
 2.50020000e+00,        +7.071067811865e+00,        +9.883600498720e+00,        -3.235040117808e+00
 2.50040000e+00,        +7.071067811865e+00,        +9.882425339650e+00,        -3.234911388358e+00
 2.50060000e+00,        +7.071067811865e+00,        +9.881250070189e+00,        -3.234782277431e+00
 2.50080000e+00,        +7.071067811865e+00,        +9.880074683059e+00,        -3.234652782827e+00
 2.50100000e+00,        +7.071067811865e+00,        +9.878899171060e+00,        -3.234522902358e+00
 2.50120000e+00,        +7.071067811865e+00,        +9.877723527062e+00,        -3.234392633844e+00
 2.50140000e+00,        +7.071067811865e+00,        +9.876547744007e+00,        -3.234261975116e+00
 2.50160000e+00,        +7.071067811865e+00,        +9.875371814907e+00,        -3.234130924012e+00
 2.50180000e+00,        +7.071067811865e+00,        +9.874195732841e+00,        -3.233999478381e+00
 2.50200000e+00,        +7.071067811865e+00,        +9.873019490953e+00,        -3.233867636079e+00
 2.50220000e+00,        +7.071067811865e+00,        +9.871843082451e+00,        -3.233735394970e+00
 2.50240000e+00,        +7.071067811865e+00,        +9.870666500606e+00,        -3.233602752927e+00
 2.50260000e+00,        +7.071067811865e+00,        +9.869489738750e+00,        -3.233469707829e+00
 2.50280000e+00,        +7.071067811865e+00,        +9.868312790273e+00,        -3.233336257562e+00
 2.50300000e+00,        +7.071067811865e+00,        +9.867135648624e+00,        -3.233202400020e+00
 2.50320000e+00,        +7.071067811865e+00,        +9.865958307308e+00,        -3.233068133101e+00
 2.50340000e+00,        +7.071067811865e+00,        +9.864780759883e+00,        -3.232933454711e+00
 2.50360000e+00,        +7.071067811865e+00,        +9.863602999963e+00,        -3.232798362761e+00
 2.50380000e+00,        +7.071067811865e+00,        +9.862425021212e+00,        -3.232662855167e+00
 2.50400000e+00,        +7.071067811865e+00,        +9.861246817344e+00,        -3.232526929850e+00
 2.50420000e+00,        +7.071067811865e+00,        +9.860068382123e+00,        -3.232390584737e+00
 2.50440000e+00,        +7.071067811865e+00,        +9.858889709362e+00,        -3.232253817759e+00
 2.50460000e+00,        +7.071067811865e+00,        +9.857710792917e+00,        -3.232116626849e+00
 2.50480000e+00,        +7.071067811865e+00,        +9.856531626692e+00,        -3.231979009946e+00
 2.50500000e+00,        +7.071067811865e+00,        +9.855352204635e+00,        -3.231840964993e+00
 2.50520000e+00,        +7.071067811865e+00,        +9.854172520733e+00,        -3.231702489935e+00
 2.50540000e+00,        +7.071067811865e+00,        +9.852992569018e+00,        -3.231563582719e+00
 2.50560000e+00,        +7.071067811865e+00,        +9.851812343562e+00,        -3.231424241298e+00
 2.50580000e+00,        +7.071067811865e+00,        +9.850631838473e+00,        -3.231284463624e+00
 2.50600000e+00,        +7.071067811865e+00,        +9.849451047899e+00,        -3.231144247654e+00
 2.50620000e+00,        +7.071067811865e+00,        +9.848269966025e+00,        -3.231003591343e+00
 2.50640000e+00,        +7.071067811865e+00,        +9.847088587071e+00,        -3.230862492653e+00
 2.50660000e+00,        +7.071067811865e+00,        +9.845906905291e+00,        -3.230720949542e+00
 2.50680000e+00,        +7.071067811865e+00,        +9.844724914972e+00,        -3.230578959973e+00
 2.50700000e+00,        +7.071067811865e+00,        +9.843542610434e+00,        -3.230436521908e+00
 2.50720000e+00,        +7.071067811865e+00,        +9.842359986028e+00,        -3.230293633310e+00
 2.50740000e+00,        +7.071067811865e+00,        +9.841177036136e+00,        -3.230150292142e+00
 2.50760000e+00,        +7.071067811865e+00,        +9.839993755167e+00,        -3.230006496367e+00
 2.50780000e+00,        +7.071067811865e+00,        +9.838810137560e+00,        -3.229862243949e+00
 2.50800000e+00,        +7.071067811865e+00,        +9.837626177780e+00,        -3.229717532849e+00
 2.50820000e+00,        +7.071067811865e+00,        +9.836441870320e+00,        -3.229572361031e+00
 2.50840000e+00,        +7.071067811865e+00,        +9.835257209695e+00,        -3.229426726454e+00
 2.50860000e+00,        +7.071067811865e+00,        +9.834072190448e+00,        -3.229280627079e+00
 2.50880000e+00,        +7.071067811865e+00,        +9.832886807142e+00,        -3.229134060865e+00
 2.50900000e+00,        +7.071067811865e+00,        +9.831701054364e+00,        -3.228987025767e+00
 2.50920000e+00,        +7.071067811865e+00,        +9.830514926722e+00,        -3.228839519741e+00
 2.50940000e+00,        +7.071067811865e+00,        +9.829328418846e+00,        -3.228691540740e+00
 2.50960000e+00,        +7.071067811865e+00,        +9.828141525383e+00,        -3.228543086714e+00
 2.50980000e+00,        +7.071067811865e+00,        +9.826954241001e+00,        -3.228394155610e+00
 2.51000000e+00,        +7.071067811865e+00,        +9.825766560385e+00,        -3.228244745374e+00
 2.51020000e+00,        +7.071067811865e+00,        +9.824578478237e+00,        -3.228094853947e+00
 2.51040000e+00,        +7.071067811865e+00,        +9.823389989276e+00,        -3.227944479268e+00
 2.51060000e+00,        +7.071067811865e+00,        +9.822201088235e+00,        -3.227793619272e+00
 2.51080000e+00,        +7.071067811865e+00,        +9.821011769863e+00,        -3.227642271890e+00
 2.51100000e+00,        +7.071067811865e+00,        +9.819822028922e+00,        -3.227490435049e+00
 2.51120000e+00,        +7.071067811865e+00,        +9.818631860188e+00,        -3.227338106673e+00
 2.51140000e+00,        +7.071067811865e+00,        +9.817441258446e+00,        -3.227185284680e+00
 2.51160000e+00,        +7.071067811865e+00,        +9.816250218497e+00,        -3.227031966984e+00
 2.51180000e+00,        +7.071067811865e+00,        +9.815058735148e+00,        -3.226878151493e+00
 2.51200000e+00,        +7.071067811865e+00,        +9.813866803219e+00,        -3.226723836112e+00
 2.51220000e+00,        +7.071067811865e+00,        +9.812674417538e+00,        -3.226569018740e+00
 2.51240000e+00,        +7.071067811865e+00,        +9.811481572941e+00,        -3.226413697268e+00
 2.51260000e+00,        +7.071067811865e+00,        +9.810288264272e+00,        -3.226257869585e+00
 2.51280000e+00,        +7.071067811865e+00,        +9.809094486381e+00,        -3.226101533572e+00
 2.51300000e+00,        +7.071067811865e+00,        +9.807900234125e+00,        -3.225944687103e+00
 2.51320000e+00,        +7.071067811865e+00,        +9.806705502365e+00,        -3.225787328046e+00
 2.51340000e+00,        +7.071067811865e+00,        +9.805510285968e+00,        -3.225629454265e+00
 2.51360000e+00,        +7.071067811865e+00,        +9.804314579803e+00,        -3.225471063612e+00
 2.51380000e+00,        +7.071067811865e+00,        +9.803118378745e+00,        -3.225312153937e+00
 2.51400000e+00,        +7.071067811865e+00,        +9.801921677668e+00,        -3.225152723079e+00
 2.51420000e+00,        +7.071067811865e+00,        +9.800724471451e+00,        -3.224992768871e+00
 2.51440000e+00,        +7.071067811865e+00,        +9.799526754970e+00,        -3.224832289137e+00
 2.51460000e+00,        +7.071067811865e+00,        +9.798328523105e+00,        -3.224671281696e+00
 2.51480000e+00,        +7.071067811865e+00,        +9.797129770735e+00,        -3.224509744354e+00
 2.51500000e+00,        +7.071067811865e+00,        +9.795930492735e+00,        -3.224347674913e+00
 2.51520000e+00,        +7.071067811865e+00,        +9.794730683982e+00,        -3.224185071163e+00
 2.51540000e+00,        +7.071067811865e+00,        +9.793530339348e+00,        -3.224021930888e+00
 2.51560000e+00,        +7.071067811865e+00,        +9.792329453702e+00,        -3.223858251859e+00
 2.51580000e+00,        +7.071067811865e+00,        +9.791128021911e+00,        -3.223694031842e+00
 2.51600000e+00,        +7.071067811865e+00,        +9.789926038836e+00,        -3.223529268590e+00
 2.51620000e+00,        +7.071067811865e+00,        +9.788723499332e+00,        -3.223363959847e+00
 2.51640000e+00,        +7.071067811865e+00,        +9.787520398251e+00,        -3.223198103347e+00
 2.51660000e+00,        +7.071067811865e+00,        +9.786316730435e+00,        -3.223031696816e+00
 2.51680000e+00,        +7.071067811865e+00,        +9.785112490722e+00,        -3.222864737964e+00
 2.51700000e+00,        +7.071067811865e+00,        +9.783907673939e+00,        -3.222697224496e+00
 2.51720000e+00,        +7.071067811865e+00,        +9.782702274908e+00,        -3.222529154103e+00
 2.51740000e+00,        +7.071067811865e+00,        +9.781496288438e+00,        -3.222360524464e+00
 2.51760000e+00,        +7.071067811865e+00,        +9.780289709332e+00,        -3.222191333249e+00
 2.51780000e+00,        +7.071067811865e+00,        +9.779082532379e+00,        -3.222021578114e+00
 2.51800000e+00,        +7.071067811865e+00,        +9.777874752359e+00,        -3.221851256704e+00
 2.51820000e+00,        +7.071067811865e+00,        +9.776666364040e+00,        -3.221680366652e+00
 2.51840000e+00,        +7.071067811865e+00,        +9.775457362177e+00,        -3.221508905577e+00
 2.51860000e+00,        +7.071067811865e+00,        +9.774247741511e+00,        -3.221336871089e+00
 2.51880000e+00,        +7.071067811865e+00,        +9.773037496772e+00,        -3.221164260779e+00
 2.51900000e+00,        +7.071067811865e+00,        +9.771826622672e+00,        -3.220991072231e+00
 2.51920000e+00,        +7.071067811865e+00,        +9.770615113910e+00,        -3.220817303012e+00
 2.51940000e+00,        +7.071067811865e+00,        +9.769402965170e+00,        -3.220642950675e+00
 2.51960000e+00,        +7.071067811865e+00,        +9.768190171118e+00,        -3.220468012762e+00
 2.51980000e+00,        +7.071067811865e+00,        +9.766976726403e+00,        -3.220292486796e+00
 2.52000000e+00,        +7.071067811865e+00,        +9.765762625656e+00,        -3.220116370291e+00
 2.52020000e+00,        +7.071067811865e+00,        +9.764547863491e+00,        -3.219939660742e+00
 2.52040000e+00,        +7.071067811865e+00,        +9.763332434503e+00,        -3.219762355630e+00
 2.52060000e+00,        +7.071067811865e+00,        +9.762116333265e+00,        -3.219584452423e+00
 2.52080000e+00,        +7.071067811865e+00,        +9.760899554331e+00,        -3.219405948570e+00
 2.52100000e+00,        +7.071067811865e+00,        +9.759682092235e+00,        -3.219226841506e+00
 2.52120000e+00,        +7.071067811865e+00,        +9.758463941488e+00,        -3.219047128651e+00
 2.52140000e+00,        +7.071067811865e+00,        +9.757245096577e+00,        -3.218866807406e+00
 2.52160000e+00,        +7.071067811865e+00,        +9.756025551970e+00,        -3.218685875156e+00
 2.52180000e+00,        +7.071067811865e+00,        +9.754805302108e+00,        -3.218504329272e+00
 2.52200000e+00,        +7.071067811865e+00,        +9.753584341408e+00,        -3.218322167104e+00
 2.52220000e+00,        +7.071067811865e+00,        +9.752362664263e+00,        -3.218139385985e+00
 2.52240000e+00,        +7.071067811865e+00,        +9.751140265040e+00,        -3.217955983233e+00
 2.52260000e+00,        +7.071067811865e+00,        +9.749917138077e+00,        -3.217771956146e+00
 2.52280000e+00,        +7.071067811865e+00,        +9.748693277689e+00,        -3.217587302002e+00
 2.52300000e+00,        +7.071067811865e+00,        +9.747468678159e+00,        -3.217402018064e+00
 2.52320000e+00,        +7.071067811865e+00,        +9.746243333745e+00,        -3.217216101573e+00
 2.52340000e+00,        +7.071067811865e+00,        +9.745017238672e+00,        -3.217029549752e+00
 2.52360000e+00,        +7.071067811865e+00,        +9.743790387139e+00,        -3.216842359803e+00
 2.52380000e+00,        +7.071067811865e+00,        +9.742562773310e+00,        -3.216654528912e+00
 2.52400000e+00,        +7.071067811865e+00,        +9.741334391322e+00,        -3.216466054239e+00
 2.52420000e+00,        +7.071067811865e+00,        +9.740105235276e+00,        -3.216276932928e+00
 2.52440000e+00,        +7.071067811865e+00,        +9.738875299243e+00,        -3.216087162101e+00
 2.52460000e+00,        +7.071067811865e+00,        +9.737644577257e+00,        -3.215896738857e+00
 2.52480000e+00,        +7.071067811865e+00,        +9.736413063321e+00,        -3.215705660276e+00
 2.52500000e+00,        +7.071067811865e+00,        +9.735180751401e+00,        -3.215513923415e+00
 2.52520000e+00,        +7.071067811865e+00,        +9.733947635428e+00,        -3.215321525309e+00
 2.52540000e+00,        +7.071067811865e+00,        +9.732713709296e+00,        -3.215128462970e+00
 2.52560000e+00,        +7.071067811865e+00,        +9.731478966861e+00,        -3.214934733387e+00
 2.52580000e+00,        +7.071067811865e+00,        +9.730243401942e+00,        -3.214740333527e+00
 2.52600000e+00,        +7.071067811865e+00,        +9.729007008317e+00,        -3.214545260333e+00
 2.52620000e+00,        +7.071067811865e+00,        +9.727769779728e+00,        -3.214349510723e+00
 2.52640000e+00,        +7.071067811865e+00,        +9.726531709872e+00,        -3.214153081591e+00
 2.52660000e+00,        +7.071067811865e+00,        +9.725292792408e+00,        -3.213955969808e+00
 2.52680000e+00,        +7.071067811865e+00,        +9.724053020951e+00,        -3.213758172217e+00
 2.52700000e+00,        +7.071067811865e+00,        +9.722812389074e+00,        -3.213559685640e+00
 2.52720000e+00,        +7.071067811865e+00,        +9.721570890307e+00,        -3.213360506868e+00
 2.52740000e+00,        +7.071067811865e+00,        +9.720328518133e+00,        -3.213160632669e+00
 2.52760000e+00,        +7.071067811865e+00,        +9.719085265992e+00,        -3.212960059784e+00
 2.52780000e+00,        +7.071067811865e+00,        +9.717841127276e+00,        -3.212758784926e+00
 2.52800000e+00,        +7.071067811865e+00,        +9.716596095330e+00,        -3.212556804783e+00
 2.52820000e+00,        +7.071067811865e+00,        +9.715350163454e+00,        -3.212354116012e+00
 2.52840000e+00,        +7.071067811865e+00,        +9.714103324894e+00,        -3.212150715243e+00
 2.52860000e+00,        +7.071067811865e+00,        +9.712855572851e+00,        -3.211946599079e+00
 2.52880000e+00,        +7.071067811865e+00,        +9.711606900472e+00,        -3.211741764093e+00
 2.52900000e+00,        +7.071067811865e+00,        +9.710357300854e+00,        -3.211536206826e+00
 2.52920000e+00,        +7.071067811865e+00,        +9.709106767042e+00,        -3.211329923794e+00
 2.52940000e+00,        +7.071067811865e+00,        +9.707855292026e+00,        -3.211122911477e+00
 2.52960000e+00,        +7.071067811865e+00,        +9.706602868744e+00,        -3.210915166329e+00
 2.52980000e+00,        +7.071067811865e+00,        +9.705349490076e+00,        -3.210706684770e+00
 2.53000000e+00,        +7.071067811865e+00,        +9.704095148848e+00,        -3.210497463189e+00
 2.53020000e+00,        +7.071067811865e+00,        +9.702839837828e+00,        -3.210287497943e+00
 2.53040000e+00,        +7.071067811865e+00,        +9.701583549726e+00,        -3.210076785356e+00
 2.53060000e+00,        +7.071067811865e+00,        +9.700326277192e+00,        -3.209865321719e+00
 2.53080000e+00,        +7.071067811865e+00,        +9.699068012817e+00,        -3.209653103289e+00
 2.53100000e+00,        +7.071067811865e+00,        +9.697808749131e+00,        -3.209440126289e+00
 2.53120000e+00,        +7.071067811865e+00,        +9.696548478600e+00,        -3.209226386908e+00
 2.53140000e+00,        +7.071067811865e+00,        +9.695287193628e+00,        -3.209011881298e+00
 2.53160000e+00,        +7.071067811865e+00,        +9.694024886556e+00,        -3.208796605578e+00
 2.53180000e+00,        +7.071067811865e+00,        +9.692761549657e+00,        -3.208580555827e+00
 2.53200000e+00,        +7.071067811865e+00,        +9.691497175140e+00,        -3.208363728092e+00
 2.53220000e+00,        +7.071067811865e+00,        +9.690231755144e+00,        -3.208146118378e+00
 2.53240000e+00,        +7.071067811865e+00,        +9.688965281742e+00,        -3.207927722656e+00
 2.53260000e+00,        +7.071067811865e+00,        +9.687697746935e+00,        -3.207708536855e+00
 2.53280000e+00,        +7.071067811865e+00,        +9.686429142654e+00,        -3.207488556867e+00
 2.53300000e+00,        +7.071067811865e+00,        +9.685159460758e+00,        -3.207267778545e+00
 2.53320000e+00,        +7.071067811865e+00,        +9.683888693032e+00,        -3.207046197700e+00
 2.53340000e+00,        +7.071067811865e+00,        +9.682616831188e+00,        -3.206823810104e+00
 2.53360000e+00,        +7.071067811865e+00,        +9.681343866861e+00,        -3.206600611486e+00
 2.53380000e+00,        +7.071067811865e+00,        +9.680069791610e+00,        -3.206376597534e+00
 2.53400000e+00,        +7.071067811865e+00,        +9.678794596915e+00,        -3.206151763892e+00
 2.53420000e+00,        +7.071067811865e+00,        +9.677518274177e+00,        -3.205926106162e+00
 2.53440000e+00,        +7.071067811865e+00,        +9.676240814717e+00,        -3.205699619903e+00
 2.53460000e+00,        +7.071067811865e+00,        +9.674962209772e+00,        -3.205472300627e+00
 2.53480000e+00,        +7.071067811865e+00,        +9.673682450498e+00,        -3.205244143801e+00
 2.53500000e+00,        +7.071067811865e+00,        +9.672401527966e+00,        -3.205015144849e+00
 2.53520000e+00,        +7.071067811865e+00,        +9.671119433159e+00,        -3.204785299144e+00
 2.53540000e+00,        +7.071067811865e+00,        +9.669836156974e+00,        -3.204554602015e+00
 2.53560000e+00,        +7.071067811865e+00,        +9.668551690221e+00,        -3.204323048741e+00
 2.53580000e+00,        +7.071067811865e+00,        +9.667266023617e+00,        -3.204090634553e+00
 2.53600000e+00,        +7.071067811865e+00,        +9.665979147788e+00,        -3.203857354633e+00
 2.53620000e+00,        +7.071067811865e+00,        +9.664691053268e+00,        -3.203623204111e+00
 2.53640000e+00,        +7.071067811865e+00,        +9.663401730495e+00,        -3.203388178067e+00
 2.53660000e+00,        +7.071067811865e+00,        +9.662111169813e+00,        -3.203152271529e+00
 2.53680000e+00,        +7.071067811865e+00,        +9.660819361465e+00,        -3.202915479473e+00
 2.53700000e+00,        +7.071067811865e+00,        +9.659526295599e+00,        -3.202677796821e+00
 2.53720000e+00,        +7.071067811865e+00,        +9.658231962259e+00,        -3.202439218439e+00
 2.53740000e+00,        +7.071067811865e+00,        +9.656936351387e+00,        -3.202199739141e+00
 2.53760000e+00,        +7.071067811865e+00,        +9.655639452822e+00,        -3.201959353683e+00
 2.53780000e+00,        +7.071067811865e+00,        +9.654341256297e+00,        -3.201718056764e+00
 2.53800000e+00,        +7.071067811865e+00,        +9.653041751438e+00,        -3.201475843026e+00
 2.53820000e+00,        +7.071067811865e+00,        +9.651740927760e+00,        -3.201232707053e+00
 2.53840000e+00,        +7.071067811865e+00,        +9.650438774670e+00,        -3.200988643369e+00
 2.53860000e+00,        +7.071067811865e+00,        +9.649135281461e+00,        -3.200743646436e+00
 2.53880000e+00,        +7.071067811865e+00,        +9.647830437310e+00,        -3.200497710656e+00
 2.53900000e+00,        +7.071067811865e+00,        +9.646524231280e+00,        -3.200250830369e+00
 2.53920000e+00,        +7.071067811865e+00,        +9.645216652316e+00,        -3.200002999851e+00
 2.53940000e+00,        +7.071067811865e+00,        +9.643907689240e+00,        -3.199754213314e+00
 2.53960000e+00,        +7.071067811865e+00,        +9.642597330757e+00,        -3.199504464903e+00
 2.53980000e+00,        +7.071067811865e+00,        +9.641285565443e+00,        -3.199253748700e+00
 2.54000000e+00,        +7.071067811865e+00,        +9.639972381751e+00,        -3.199002058717e+00
 2.54020000e+00,        +7.071067811865e+00,        +9.638657768005e+00,        -3.198749388897e+00
 2.54040000e+00,        +7.071067811865e+00,        +9.637341712400e+00,        -3.198495733116e+00
 2.54060000e+00,        +7.071067811865e+00,        +9.636024202999e+00,        -3.198241085176e+00
 2.54080000e+00,        +7.071067811865e+00,        +9.634705227728e+00,        -3.197985438810e+00
 2.54100000e+00,        +7.071067811865e+00,        +9.633384774380e+00,        -3.197728787677e+00
 2.54120000e+00,        +7.071067811865e+00,        +9.632062830608e+00,        -3.197471125361e+00
 2.54140000e+00,        +7.071067811865e+00,        +9.630739383924e+00,        -3.197212445371e+00
 2.54160000e+00,        +7.071067811865e+00,        +9.629414421696e+00,        -3.196952741141e+00
 2.54180000e+00,        +7.071067811865e+00,        +9.628087931149e+00,        -3.196692006025e+00
 2.54200000e+00,        +7.071067811865e+00,        +9.626759899358e+00,        -3.196430233299e+00
 2.54220000e+00,        +7.071067811865e+00,        +9.625430313248e+00,        -3.196167416159e+00
 2.54240000e+00,        +7.071067811865e+00,        +9.624099159591e+00,        -3.195903547717e+00
 2.54260000e+00,        +7.071067811865e+00,        +9.622766425006e+00,        -3.195638621005e+00
 2.54280000e+00,        +7.071067811865e+00,        +9.621432095950e+00,        -3.195372628970e+00
 2.54300000e+00,        +7.071067811865e+00,        +9.620096158724e+00,        -3.195105564471e+00
 2.54320000e+00,        +7.071067811865e+00,        +9.618758599463e+00,        -3.194837420281e+00
 2.54340000e+00,        +7.071067811865e+00,        +9.617419404138e+00,        -3.194568189087e+00
 2.54360000e+00,        +7.071067811865e+00,        +9.616078558550e+00,        -3.194297863481e+00
 2.54380000e+00,        +7.071067811865e+00,        +9.614736048329e+00,        -3.194026435967e+00
 2.54400000e+00,        +7.071067811865e+00,        +9.613391858932e+00,        -3.193753898954e+00
 2.54420000e+00,        +7.071067811865e+00,        +9.612045975637e+00,        -3.193480244759e+00
 2.54440000e+00,        +7.071067811865e+00,        +9.610698383545e+00,        -3.193205465598e+00
 2.54460000e+00,        +7.071067811865e+00,        +9.609349067571e+00,        -3.192929553594e+00
 2.54480000e+00,        +7.071067811865e+00,        +9.607998012446e+00,        -3.192652500767e+00
 2.54500000e+00,        +7.071067811865e+00,        +9.606645202709e+00,        -3.192374299038e+00
 2.54520000e+00,        +7.071067811865e+00,        +9.605290622711e+00,        -3.192094940222e+00
 2.54540000e+00,        +7.071067811865e+00,        +9.603934256602e+00,        -3.191814416033e+00
 2.54560000e+00,        +7.071067811865e+00,        +9.602576088338e+00,        -3.191532718076e+00
 2.54580000e+00,        +7.071067811865e+00,        +9.601216101669e+00,        -3.191249837849e+00
 2.54600000e+00,        +7.071067811865e+00,        +9.599854280142e+00,        -3.190965766738e+00
 2.54620000e+00,        +7.071067811865e+00,        +9.598490607093e+00,        -3.190680496018e+00
 2.54640000e+00,        +7.071067811865e+00,        +9.597125065645e+00,        -3.190394016850e+00
 2.54660000e+00,        +7.071067811865e+00,        +9.595757638705e+00,        -3.190106320279e+00
 2.54680000e+00,        +7.071067811865e+00,        +9.594388308960e+00,        -3.189817397232e+00
 2.54700000e+00,        +7.071067811865e+00,        +9.593017058873e+00,        -3.189527238515e+00
 2.54720000e+00,        +7.071067811865e+00,        +9.591643870678e+00,        -3.189235834812e+00
 2.54740000e+00,        +7.071067811865e+00,        +9.590268726378e+00,        -3.188943176683e+00
 2.54760000e+00,        +7.071067811865e+00,        +9.588891607741e+00,        -3.188649254562e+00
 2.54780000e+00,        +7.071067811865e+00,        +9.587512496294e+00,        -3.188354058753e+00
 2.54800000e+00,        +7.071067811865e+00,        +9.586131373319e+00,        -3.188057579429e+00
 2.54820000e+00,        +7.071067811865e+00,        +9.584748219850e+00,        -3.187759806631e+00
 2.54840000e+00,        +7.071067811865e+00,        +9.583363016670e+00,        -3.187460730261e+00
 2.54860000e+00,        +7.071067811865e+00,        +9.581975744303e+00,        -3.187160340085e+00
 2.54880000e+00,        +7.071067811865e+00,        +9.580586383011e+00,        -3.186858625729e+00
 2.54900000e+00,        +7.071067811865e+00,        +9.579194912789e+00,        -3.186555576674e+00
 2.54920000e+00,        +7.071067811865e+00,        +9.577801313364e+00,        -3.186251182256e+00
 2.54940000e+00,        +7.071067811865e+00,        +9.576405564183e+00,        -3.185945431660e+00
 2.54960000e+00,        +7.071067811865e+00,        +9.575007644415e+00,        -3.185638313924e+00
 2.54980000e+00,        +7.071067811865e+00,        +9.573607532941e+00,        -3.185329817929e+00
 2.55000000e+00,        +7.071067811865e+00,        +9.572205208352e+00,        -3.185019932399e+00
 2.55020000e+00,        +7.071067811865e+00,        +9.570800648942e+00,        -3.184708645899e+00
 2.55040000e+00,        +7.071067811865e+00,        +9.569393832705e+00,        -3.184395946832e+00
 2.55060000e+00,        +7.071067811865e+00,        +9.567984737324e+00,        -3.184081823433e+00
 2.55080000e+00,        +7.071067811865e+00,        +9.566573340173e+00,        -3.183766263770e+00
 2.55100000e+00,        +7.071067811865e+00,        +9.565159618305e+00,        -3.183449255739e+00
 2.55120000e+00,        +7.071067811865e+00,        +9.563743548451e+00,        -3.183130787060e+00
 2.55140000e+00,        +7.071067811865e+00,        +9.562325107009e+00,        -3.182810845273e+00
 2.55160000e+00,        +7.071067811865e+00,        +9.560904270042e+00,        -3.182489417740e+00
 2.55180000e+00,        +7.071067811865e+00,        +9.559481013270e+00,        -3.182166491634e+00
 2.55200000e+00,        +7.071067811865e+00,        +9.558055312065e+00,        -3.181842053939e+00
 2.55220000e+00,        +7.071067811865e+00,        +9.556627141442e+00,        -3.181516091450e+00
 2.55240000e+00,        +7.071067811865e+00,        +9.555196476054e+00,        -3.181188590763e+00
 2.55260000e+00,        +7.071067811865e+00,        +9.553763290187e+00,        -3.180859538273e+00
 2.55280000e+00,        +7.071067811865e+00,        +9.552327557748e+00,        -3.180528920174e+00
 2.55300000e+00,        +7.071067811865e+00,        +9.550889252264e+00,        -3.180196722450e+00
 2.55320000e+00,        +7.071067811865e+00,        +9.549448346869e+00,        -3.179862930874e+00
 2.55340000e+00,        +7.071067811865e+00,        +9.548004814302e+00,        -3.179527531003e+00
 2.55360000e+00,        +7.071067811865e+00,        +9.546558626894e+00,        -3.179190508173e+00
 2.55380000e+00,        +7.071067811865e+00,        +9.545109756567e+00,        -3.178851847497e+00
 2.55400000e+00,        +7.071067811865e+00,        +9.543658174817e+00,        -3.178511533856e+00
 2.55420000e+00,        +7.071067811865e+00,        +9.542203852716e+00,        -3.178169551900e+00
 2.55440000e+00,        +7.071067811865e+00,        +9.540746760894e+00,        -3.177825886040e+00
 2.55460000e+00,        +7.071067811865e+00,        +9.539286869539e+00,        -3.177480520444e+00
 2.55480000e+00,        +7.071067811865e+00,        +9.537824148382e+00,        -3.177133439032e+00
 2.55500000e+00,        +7.071067811865e+00,        +9.536358566692e+00,        -3.176784625470e+00
 2.55520000e+00,        +7.071067811865e+00,        +9.534890093265e+00,        -3.176434063168e+00
 2.55540000e+00,        +7.071067811865e+00,        +9.533418696415e+00,        -3.176081735271e+00
 2.55560000e+00,        +7.071067811865e+00,        +9.531944343965e+00,        -3.175727624657e+00
 2.55580000e+00,        +7.071067811865e+00,        +9.530467003236e+00,        -3.175371713927e+00
 2.55600000e+00,        +7.071067811865e+00,        +9.528986641040e+00,        -3.175013985406e+00
 2.55620000e+00,        +7.071067811865e+00,        +9.527503223665e+00,        -3.174654421130e+00
 2.55640000e+00,        +7.071067811865e+00,        +9.526016716871e+00,        -3.174293002846e+00
 2.55660000e+00,        +7.071067811865e+00,        +9.524527085871e+00,        -3.173929712001e+00
 2.55680000e+00,        +7.071067811865e+00,        +9.523034295328e+00,        -3.173564529741e+00
 2.55700000e+00,        +7.071067811865e+00,        +9.521538309339e+00,        -3.173197436899e+00
 2.55720000e+00,        +7.071067811865e+00,        +9.520039091425e+00,        -3.172828413993e+00
 2.55740000e+00,        +7.071067811865e+00,        +9.518536604519e+00,        -3.172457441217e+00
 2.55760000e+00,        +7.071067811865e+00,        +9.517030810954e+00,        -3.172084498435e+00
 2.55780000e+00,        +7.071067811865e+00,        +9.515521672451e+00,        -3.171709565174e+00
 2.55800000e+00,        +7.071067811865e+00,        +9.514009150106e+00,        -3.171332620615e+00
 2.55820000e+00,        +7.071067811865e+00,        +9.512493204376e+00,        -3.170953643589e+00
 2.55840000e+00,        +7.071067811865e+00,        +9.510973795067e+00,        -3.170572612565e+00
 2.55860000e+00,        +7.071067811865e+00,        +9.509450881320e+00,        -3.170189505647e+00
 2.55880000e+00,        +7.071067811865e+00,        +9.507924421598e+00,        -3.169804300561e+00
 2.55900000e+00,        +7.071067811865e+00,        +9.506394373670e+00,        -3.169416974652e+00
 2.55920000e+00,        +7.071067811865e+00,        +9.504860694595e+00,        -3.169027504871e+00
 2.55940000e+00,        +7.071067811865e+00,        +9.503323340713e+00,        -3.168635867769e+00
 2.55960000e+00,        +7.071067811865e+00,        +9.501782267621e+00,        -3.168242039487e+00
 2.55980000e+00,        +7.071067811865e+00,        +9.500237430165e+00,        -3.167845995747e+00
 2.56000000e+00,        +7.071067811865e+00,        +9.498688782418e+00,        -3.167447711845e+00
 2.56020000e+00,        +7.071067811865e+00,        +9.497136277668e+00,        -3.167047162636e+00
 2.56040000e+00,        +7.071067811865e+00,        +9.495579868395e+00,        -3.166644322529e+00
 2.56060000e+00,        +7.071067811865e+00,        +9.494019506260e+00,        -3.166239165475e+00
 2.56080000e+00,        +7.071067811865e+00,        +9.492455142083e+00,        -3.165831664957e+00
 2.56100000e+00,        +7.071067811865e+00,        +9.490886725824e+00,        -3.165421793979e+00
 2.56120000e+00,        +7.071067811865e+00,        +9.489314206568e+00,        -3.165009525055e+00
 2.56140000e+00,        +7.071067811865e+00,        +9.487737532502e+00,        -3.164594830196e+00
 2.56160000e+00,        +7.071067811865e+00,        +9.486156650893e+00,        -3.164177680904e+00
 2.56180000e+00,        +7.071067811865e+00,        +9.484571508076e+00,        -3.163758048151e+00
 2.56200000e+00,        +7.071067811865e+00,        +9.482982049421e+00,        -3.163335902376e+00
 2.56220000e+00,        +7.071067811865e+00,        +9.481388219323e+00,        -3.162911213467e+00
 2.56240000e+00,        +7.071067811865e+00,        +9.479789961171e+00,        -3.162483950749e+00
 2.56260000e+00,        +7.071067811865e+00,        +9.478187217330e+00,        -3.162054082970e+00
 2.56280000e+00,        +7.071067811865e+00,        +9.476579929115e+00,        -3.161621578289e+00
 2.56300000e+00,        +7.071067811865e+00,        +9.474968036769e+00,        -3.161186404261e+00
 2.56320000e+00,        +7.071067811865e+00,        +9.473351479436e+00,        -3.160748527822e+00
 2.56340000e+00,        +7.071067811865e+00,        +9.471730195137e+00,        -3.160307915275e+00
 2.56360000e+00,        +7.071067811865e+00,        +9.470104120743e+00,        -3.159864532273e+00
 2.56380000e+00,        +7.071067811865e+00,        +9.468473191950e+00,        -3.159418343806e+00
 2.56400000e+00,        +7.071067811865e+00,        +9.466837343247e+00,        -3.158969314181e+00
 2.56420000e+00,        +7.071067811865e+00,        +9.465196507892e+00,        -3.158517407007e+00
 2.56440000e+00,        +7.071067811865e+00,        +9.463550617882e+00,        -3.158062585180e+00
 2.56460000e+00,        +7.071067811865e+00,        +9.461899603919e+00,        -3.157604810860e+00
 2.56480000e+00,        +7.071067811865e+00,        +9.460243395384e+00,        -3.157144045458e+00
 2.56500000e+00,        +7.071067811865e+00,        +9.458581920302e+00,        -3.156680249613e+00
 2.56520000e+00,        +7.071067811865e+00,        +9.456915105311e+00,        -3.156213383175e+00
 2.56540000e+00,        +7.071067811865e+00,        +9.455242875626e+00,        -3.155743405184e+00
 2.56560000e+00,        +7.071067811865e+00,        +9.453565155008e+00,        -3.155270273849e+00
 2.56580000e+00,        +7.071067811865e+00,        +9.451881865723e+00,        -3.154793946528e+00
 2.56600000e+00,        +7.071067811865e+00,        +9.450192928509e+00,        -3.154314379704e+00
 2.56620000e+00,        +7.071067811865e+00,        +9.448498262539e+00,        -3.153831528964e+00
 2.56640000e+00,        +7.071067811865e+00,        +9.446797785377e+00,        -3.153345348975e+00
 2.56660000e+00,        +7.071067811865e+00,        +9.445091412943e+00,        -3.152855793461e+00
 2.56680000e+00,        +7.071067811865e+00,        +9.443379059469e+00,        -3.152362815174e+00
 2.56700000e+00,        +7.071067811865e+00,        +9.441660637456e+00,        -3.151866365876e+00
 2.56720000e+00,        +7.071067811865e+00,        +9.439936057632e+00,        -3.151366396303e+00
 2.56740000e+00,        +7.071067811865e+00,        +9.438205228903e+00,        -3.150862856148e+00
 2.56760000e+00,        +7.071067811865e+00,        +9.436468058311e+00,        -3.150355694022e+00
 2.56780000e+00,        +7.071067811865e+00,        +9.434724450982e+00,        -3.149844857435e+00
 2.56800000e+00,        +7.071067811865e+00,        +9.432974310079e+00,        -3.149330292757e+00
 2.56820000e+00,        +7.071067811865e+00,        +9.431217536748e+00,        -3.148811945196e+00
 2.56840000e+00,        +7.071067811865e+00,        +9.429454030068e+00,        -3.148289758756e+00
 2.56860000e+00,        +7.071067811865e+00,        +9.427683686994e+00,        -3.147763676213e+00
 2.56880000e+00,        +7.071067811865e+00,        +9.425906402303e+00,        -3.147233639076e+00
 2.56900000e+00,        +7.071067811865e+00,        +9.424122068535e+00,        -3.146699587549e+00
 2.56920000e+00,        +7.071067811865e+00,        +9.422330575931e+00,        -3.146161460503e+00
 2.56940000e+00,        +7.071067811865e+00,        +9.420531812376e+00,        -3.145619195429e+00
 2.56960000e+00,        +7.071067811865e+00,        +9.418725663330e+00,        -3.145072728406e+00
 2.56980000e+00,        +7.071067811865e+00,        +9.416912011767e+00,        -3.144521994054e+00
 2.57000000e+00,        +7.071067811865e+00,        +9.415090738100e+00,        -3.143966925498e+00
 2.57020000e+00,        +7.071067811865e+00,        +9.413261720120e+00,        -3.143407454322e+00
 2.57040000e+00,        +7.071067811865e+00,        +9.411424832916e+00,        -3.142843510525e+00
 2.57060000e+00,        +7.071067811865e+00,        +9.409579948803e+00,        -3.142275022472e+00
 2.57080000e+00,        +7.071067811865e+00,        +9.407726937242e+00,        -3.141701916852e+00
 2.57100000e+00,        +7.071067811865e+00,        +9.405865664763e+00,        -3.141124118620e+00
 2.57120000e+00,        +7.071067811865e+00,        +9.403995994882e+00,        -3.140541550953e+00
 2.57140000e+00,        +7.071067811865e+00,        +9.402117788011e+00,        -3.139954135195e+00
 2.57160000e+00,        +7.071067811865e+00,        +9.400230901375e+00,        -3.139361790797e+00
 2.57180000e+00,        +7.071067811865e+00,        +9.398335188915e+00,        -3.138764435265e+00
 2.57200000e+00,        +7.071067811865e+00,        +9.396430501198e+00,        -3.138161984101e+00
 2.57220000e+00,        +7.071067811865e+00,        +9.394516685315e+00,        -3.137554350736e+00
 2.57240000e+00,        +7.071067811865e+00,        +9.392593584780e+00,        -3.136941446472e+00
 2.57260000e+00,        +7.071067811865e+00,        +9.390661039428e+00,        -3.136323180413e+00
 2.57280000e+00,        +7.071067811865e+00,        +9.388718885301e+00,        -3.135699459397e+00
 2.57300000e+00,        +7.071067811865e+00,        +9.386766954540e+00,        -3.135070187926e+00
 2.57320000e+00,        +7.071067811865e+00,        +9.384805075262e+00,        -3.134435268089e+00
 2.57340000e+00,        +7.071067811865e+00,        +9.382833071446e+00,        -3.133794599489e+00
 2.57360000e+00,        +7.071067811865e+00,        +9.380850762804e+00,        -3.133148079161e+00
 2.57380000e+00,        +7.071067811865e+00,        +9.378857964648e+00,        -3.132495601489e+00
 2.57400000e+00,        +7.071067811865e+00,        +9.376854487761e+00,        -3.131837058123e+00
 2.57420000e+00,        +7.071067811865e+00,        +9.374840138252e+00,        -3.131172337885e+00
 2.57440000e+00,        +7.071067811865e+00,        +9.372814717414e+00,        -3.130501326683e+00
 2.57460000e+00,        +7.071067811865e+00,        +9.370778021572e+00,        -3.129823907407e+00
 2.57480000e+00,        +7.071067811865e+00,        +9.368729841928e+00,        -3.129139959833e+00
 2.57500000e+00,        +7.071067811865e+00,        +9.366669964396e+00,        -3.128449360519e+00
 2.57520000e+00,        +7.071067811865e+00,        +9.364598169438e+00,        -3.127751982694e+00
 2.57540000e+00,        +7.071067811865e+00,        +9.362514231884e+00,        -3.127047696148e+00
 2.57560000e+00,        +7.071067811865e+00,        +9.360417920756e+00,        -3.126336367111e+00
 2.57580000e+00,        +7.071067811865e+00,        +9.358308999075e+00,        -3.125617858134e+00
 2.57600000e+00,        +7.071067811865e+00,        +9.356187223667e+00,        -3.124892027959e+00
 2.57620000e+00,        +7.071067811865e+00,        +9.354052344958e+00,        -3.124158731387e+00
 2.57640000e+00,        +7.071067811865e+00,        +9.351904106765e+00,        -3.123417819141e+00
 2.57660000e+00,        +7.071067811865e+00,        +9.349742246071e+00,        -3.122669137720e+00
 2.57680000e+00,        +7.071067811865e+00,        +9.347566492801e+00,        -3.121912529248e+00
 2.57700000e+00,        +7.071067811865e+00,        +9.345376569579e+00,        -3.121147831320e+00
 2.57720000e+00,        +7.071067811865e+00,        +9.343172191483e+00,        -3.120374876835e+00
 2.57740000e+00,        +7.071067811865e+00,        +9.340953065785e+00,        -3.119593493828e+00
 2.57760000e+00,        +7.071067811865e+00,        +9.338718891683e+00,        -3.118803505289e+00
 2.57780000e+00,        +7.071067811865e+00,        +9.336469360020e+00,        -3.118004728982e+00
 2.57800000e+00,        +7.071067811865e+00,        +9.334204152993e+00,        -3.117196977243e+00
 2.57820000e+00,        +7.071067811865e+00,        +9.331922943849e+00,        -3.116380056784e+00
 2.57840000e+00,        +7.071067811865e+00,        +9.329625396564e+00,        -3.115553768475e+00
 2.57860000e+00,        +7.071067811865e+00,        +9.327311165519e+00,        -3.114717907127e+00
 2.57880000e+00,        +7.071067811865e+00,        +9.324979895148e+00,        -3.113872261256e+00
 2.57900000e+00,        +7.071067811865e+00,        +9.322631219586e+00,        -3.113016612843e+00
 2.57920000e+00,        +7.071067811865e+00,        +9.320264762284e+00,        -3.112150737077e+00
 2.57940000e+00,        +7.071067811865e+00,        +9.317880135624e+00,        -3.111274402092e+00
 2.57960000e+00,        +7.071067811865e+00,        +9.315476940508e+00,        -3.110387368687e+00
 2.57980000e+00,        +7.071067811865e+00,        +9.313054765927e+00,        -3.109489390032e+00
 2.58000000e+00,        +7.071067811865e+00,        +9.310613188519e+00,        -3.108580211366e+00
 2.58020000e+00,        +7.071067811865e+00,        +9.308151772095e+00,        -3.107659569674e+00
 2.58040000e+00,        +7.071067811865e+00,        +9.305670067157e+00,        -3.106727193349e+00
 2.58060000e+00,        +7.071067811865e+00,        +9.303167610384e+00,        -3.105782801844e+00
 2.58080000e+00,        +7.071067811865e+00,        +9.300643924095e+00,        -3.104826105296e+00
 2.58100000e+00,        +7.071067811865e+00,        +9.298098515693e+00,        -3.103856804143e+00
 2.58120000e+00,        +7.071067811865e+00,        +9.295530877074e+00,        -3.102874588708e+00
 2.58140000e+00,        +7.071067811865e+00,        +9.292940484020e+00,        -3.101879138778e+00
 2.58160000e+00,        +7.071067811865e+00,        +9.290326795548e+00,        -3.100870123147e+00
 2.58180000e+00,        +7.071067811865e+00,        +9.287689253240e+00,        -3.099847199144e+00
 2.58200000e+00,        +7.071067811865e+00,        +9.285027280535e+00,        -3.098810012132e+00
 2.58220000e+00,        +7.071067811865e+00,        +9.282340281984e+00,        -3.097758194984e+00
 2.58240000e+00,        +7.071067811865e+00,        +9.279627642478e+00,        -3.096691367531e+00
 2.58260000e+00,        +7.071067811865e+00,        +9.276888726424e+00,        -3.095609135977e+00
 2.58280000e+00,        +7.071067811865e+00,        +9.274122876891e+00,        -3.094511092283e+00
 2.58300000e+00,        +7.071067811865e+00,        +9.271329414706e+00,        -3.093396813523e+00
 2.58320000e+00,        +7.071067811865e+00,        +9.268507637507e+00,        -3.092265861201e+00
 2.58340000e+00,        +7.071067811865e+00,        +9.265656818745e+00,        -3.091117780526e+00
 2.58360000e+00,        +7.071067811865e+00,        +9.262776206640e+00,        -3.089952099653e+00
 2.58380000e+00,        +7.071067811865e+00,        +9.259865023072e+00,        -3.088768328878e+00
 2.58400000e+00,        +7.071067811865e+00,        +9.256922462423e+00,        -3.087565959790e+00
 2.58420000e+00,        +7.071067811865e+00,        +9.253947690352e+00,        -3.086344464368e+00
 2.58440000e+00,        +7.071067811865e+00,        +9.250939842507e+00,        -3.085103294034e+00
 2.58460000e+00,        +7.071067811865e+00,        +9.247898023165e+00,        -3.083841878644e+00
 2.58480000e+00,        +7.071067811865e+00,        +9.244821303799e+00,        -3.082559625420e+00
 2.58500000e+00,        +7.071067811865e+00,        +9.241708721566e+00,        -3.081255917826e+00
 2.58520000e+00,        +7.071067811865e+00,        +9.238559277707e+00,        -3.079930114361e+00
 2.58540000e+00,        +7.071067811865e+00,        +9.235371935865e+00,        -3.078581547296e+00
 2.58560000e+00,        +7.071067811865e+00,        +9.232145620298e+00,        -3.077209521322e+00
 2.58580000e+00,        +7.071067811865e+00,        +9.228879213998e+00,        -3.075813312115e+00
 2.58600000e+00,        +7.071067811865e+00,        +9.225571556695e+00,        -3.074392164815e+00
 2.58620000e+00,        +7.071067811865e+00,        +9.222221442747e+00,        -3.072945292408e+00
 2.58640000e+00,        +7.071067811865e+00,        +9.218827618907e+00,        -3.071471873999e+00
 2.58660000e+00,        +7.071067811865e+00,        +9.215388781955e+00,        -3.069971052984e+00
 2.58680000e+00,        +7.071067811865e+00,        +9.211903576189e+00,        -3.068441935086e+00
 2.58700000e+00,        +7.071067811865e+00,        +9.208370590761e+00,        -3.066883586281e+00
 2.58720000e+00,        +7.071067811865e+00,        +9.204788356853e+00,        -3.065295030568e+00
 2.58740000e+00,        +7.071067811865e+00,        +9.201155344675e+00,        -3.063675247599e+00
 2.58760000e+00,        +7.071067811865e+00,        +9.197469960281e+00,        -3.062023170143e+00
 2.58780000e+00,        +7.071067811865e+00,        +9.193730542176e+00,        -3.060337681378e+00
 2.58800000e+00,        +7.071067811865e+00,        +9.189935357708e+00,        -3.058617611985e+00
 2.58820000e+00,        +7.071067811865e+00,        +9.186082599236e+00,        -3.056861737052e+00
 2.58840000e+00,        +7.071067811865e+00,        +9.182170380033e+00,        -3.055068772742e+00
 2.58860000e+00,        +7.071067811865e+00,        +9.178196729933e+00,        -3.053237372729e+00
 2.58880000e+00,        +7.071067811865e+00,        +9.174159590677e+00,        -3.051366124368e+00
 2.58900000e+00,        +7.071067811865e+00,        +9.170056810955e+00,        -3.049453544588e+00
 2.58920000e+00,        +7.071067811865e+00,        +9.165886141099e+00,        -3.047498075468e+00
 2.58940000e+00,        +7.071067811865e+00,        +9.161645227426e+00,        -3.045498079489e+00
 2.58960000e+00,        +7.071067811865e+00,        +9.157331606167e+00,        -3.043451834412e+00
 2.58980000e+00,        +7.071067811865e+00,        +9.152942696988e+00,        -3.041357527759e+00
 2.59000000e+00,        +7.071067811865e+00,        +9.148475796037e+00,        -3.039213250867e+00
 2.59020000e+00,        +7.071067811865e+00,        +9.143928068492e+00,        -3.037016992461e+00
 2.59040000e+00,        +7.071067811865e+00,        +9.139296540565e+00,        -3.034766631707e+00
 2.59060000e+00,        +7.071067811865e+00,        +9.134578090923e+00,        -3.032459930703e+00
 2.59080000e+00,        +7.071067811865e+00,        +9.129769441457e+00,        -3.030094526343e+00
 2.59100000e+00,        +7.071067811865e+00,        +9.124867147359e+00,        -3.027667921495e+00
 2.59120000e+00,        +7.071067811865e+00,        +9.119867586440e+00,        -3.025177475433e+00
 2.59140000e+00,        +7.071067811865e+00,        +9.114766947618e+00,        -3.022620393443e+00
 2.59160000e+00,        +7.071067811865e+00,        +9.109561218504e+00,        -3.019993715508e+00
 2.59180000e+00,        +7.071067811865e+00,        +9.104246171998e+00,        -3.017294304005e+00
 2.59200000e+00,        +7.071067811865e+00,        +9.098817351813e+00,        -3.014518830276e+00
 2.59220000e+00,        +7.071067811865e+00,        +9.093270056810e+00,        -3.011663759986e+00
 2.59240000e+00,        +7.071067811865e+00,        +9.087599324047e+00,        -3.008725337112e+00
 2.59260000e+00,        +7.071067811865e+00,        +9.081799910402e+00,        -3.005699566428e+00
 2.59280000e+00,        +7.071067811865e+00,        +9.075866272641e+00,        -3.002582194320e+00
 2.59300000e+00,        +7.071067811865e+00,        +9.069792545768e+00,        -2.999368687726e+00
 2.59320000e+00,        +7.071067811865e+00,        +9.063572519495e+00,        -2.996054211014e+00
 2.59340000e+00,        +7.071067811865e+00,        +9.057199612622e+00,        -2.992633600530e+00
 2.59360000e+00,        +7.071067811865e+00,        +9.050666845124e+00,        -2.989101336563e+00
 2.59380000e+00,        +7.071067811865e+00,        +9.043966807707e+00,        -2.985451512405e+00
 2.59400000e+00,        +7.071067811865e+00,        +9.037091628542e+00,        -2.981677800156e+00
 2.59420000e+00,        +7.071067811865e+00,        +9.030032936898e+00,        -2.977773412868e+00
 2.59440000e+00,        +7.071067811865e+00,        +9.022781823316e+00,        -2.973731062571e+00
 2.59460000e+00,        +7.071067811865e+00,        +9.015328795940e+00,        -2.969542913646e+00
 2.59480000e+00,        +7.071067811865e+00,        +9.007663732587e+00,        -2.965200530941e+00
 2.59500000e+00,        +7.071067811865e+00,        +8.999775828045e+00,        -2.960694821938e+00
 2.59520000e+00,        +7.071067811865e+00,        +8.991653536061e+00,        -2.956015972145e+00
 2.59540000e+00,        +7.071067811865e+00,        +8.983284505384e+00,        -2.951153372805e+00
 2.59560000e+00,        +7.071067811865e+00,        +8.974655509159e+00,        -2.946095539824e+00
 2.59580000e+00,        +7.071067811865e+00,        +8.965752366849e+00,        -2.940830022665e+00
 2.59600000e+00,        +7.071067811865e+00,        +8.956559857783e+00,        -2.935343301747e+00
 2.59620000e+00,        +7.071067811865e+00,        +8.947061625262e+00,        -2.929620672633e+00
 2.59640000e+00,        +7.071067811865e+00,        +8.937240070038e+00,        -2.923646114997e+00
 2.59660000e+00,        +7.071067811865e+00,        +8.927076231781e+00,        -2.917402144016e+00
 2.59680000e+00,        +7.071067811865e+00,        +8.916549656970e+00,        -2.910869641389e+00
 2.59700000e+00,        +7.071067811865e+00,        +8.905638251402e+00,        -2.904027662708e+00
 2.59720000e+00,        +7.071067811865e+00,        +8.894318115229e+00,        -2.896853217240e+00
 2.59740000e+00,        +7.071067811865e+00,        +8.882563358157e+00,        -2.889321015476e+00
 2.59760000e+00,        +7.071067811865e+00,        +8.870345892027e+00,        -2.881403178867e+00
 2.59780000e+00,        +7.071067811865e+00,        +8.857635197607e+00,        -2.873068905033e+00
 2.59800000e+00,        +7.071067811865e+00,        +8.844398061914e+00,        -2.864284080395e+00
 2.59820000e+00,        +7.071067811865e+00,        +8.830598281805e+00,        -2.855010830445e+00
 2.59840000e+00,        +7.071067811865e+00,        +8.816196328917e+00,        -2.845206995786e+00
 2.59860000e+00,        +7.071067811865e+00,        +8.801148970238e+00,        -2.834825519444e+00
 2.59880000e+00,        +7.071067811865e+00,        +8.785408837709e+00,        -2.823813727664e+00
 2.59900000e+00,        +7.071067811865e+00,        +8.768923939208e+00,        -2.812112482273e+00
 2.59920000e+00,        +7.071067811865e+00,        +8.751637102097e+00,        -2.799655177451e+00
 2.59940000e+00,        +7.071067811865e+00,        +8.733485339158e+00,        -2.786366547072e+00
 2.59960000e+00,        +7.071067811865e+00,        +8.714399125304e+00,        -2.772161240255e+00
 2.59980000e+00,        +7.071067811865e+00,        +8.694301571786e+00,        -2.756942111723e+00
 2.60000000e+00,        +7.071067811865e+00,        +8.673107483034e+00,        -2.740598159301e+00
 2.60020000e+00,        +7.071067811865e+00,        +8.650722279623e+00,        -2.723002022191e+00
 2.60040000e+00,        +7.071067811865e+00,        +8.627040769577e+00,        -2.704006929114e+00
 2.60060000e+00,        +7.071067811865e+00,        +8.601945749633e+00,        -2.683442952807e+00
 2.60080000e+00,        +7.071067811865e+00,        +8.575306418840e+00,        -2.661112383835e+00
 2.60100000e+00,        +7.071067811865e+00,        +8.546976590206e+00,        -2.636783978009e+00
 2.60120000e+00,        +7.071067811865e+00,        +8.516792693923e+00,        -2.610185751915e+00
 2.60140000e+00,        +7.071067811865e+00,        +8.484571581281e+00,        -2.580995891649e+00
 2.60160000e+00,        +7.071067811865e+00,        +8.450108167316e+00,        -2.548831188282e+00
 2.60180000e+00,        +7.071067811865e+00,        +8.413173001819e+00,        -2.513232201430e+00
 2.60200000e+00,        +7.071067811865e+00,        +8.373509948505e+00,        -2.473644052409e+00
 2.60220000e+00,        +7.071067811865e+00,        +8.330834308427e+00,        -2.429391319326e+00
 2.60240000e+00,        +7.071067811865e+00,        +8.284831993806e+00,        -2.379644885431e+00
 2.60260000e+00,        +7.071067811865e+00,        +8.235160826823e+00,        -2.323377681139e+00
 2.60280000e+00,        +7.071067811865e+00,        +8.181455856154e+00,        -2.259304905021e+00
 2.60300000e+00,        +7.071067811865e+00,        +8.123342029716e+00,        -2.185802258696e+00
 2.60320000e+00,        +7.071067811865e+00,        +8.060460155786e+00,        -2.100792562124e+00
 2.60340000e+00,        +7.071067811865e+00,        +7.992516833101e+00,        -2.001586070504e+00
 2.60360000e+00,        +7.071067811865e+00,        +7.919377966449e+00,        -1.884651384337e+00
 2.60380000e+00,        +7.071067811865e+00,        +7.841243005355e+00,        -1.745278510457e+00
 2.60400000e+00,        +7.071067811865e+00,        +7.758973909553e+00,        -1.577063149873e+00
 2.60420000e+00,        +7.071067811865e+00,        +7.674742149566e+00,        -1.371053182995e+00
 2.60440000e+00,        +7.071067811865e+00,        +7.593449476731e+00,        -1.114064838078e+00
 2.60460000e+00,        +7.071067811865e+00,        +7.527102317371e+00,        -7.838124245491e-01
 2.60480000e+00,        +7.071067811865e+00,        +7.532633846922e+00,        -3.241484187880e-01
 2.60500000e+00,        +7.071067811865e+00,        +7.671493255783e+00,        -1.637281000647e-01
 2.60520000e+00,        +7.071067811865e+00,        +7.612557532161e+00,        +5.285398379058e-01
 2.60540000e+00,        +7.071067811865e+00,        +7.910150634585e+00,        +1.284094868176e+00
 2.60560000e+00,        +7.071067811865e+00,        +8.550669721852e+00,        +2.070888964480e+00
 2.60580000e+00,        +7.071067811865e+00,        +9.642480396457e+00,        +2.695722424947e+00
 2.60600000e+00,        +7.071067811865e+00,        +1.111129814603e+01,        +2.812970823397e+00
 2.60620000e+00,        +7.071067811865e+00,        +1.254541945036e+01,        +2.190046509078e+00
 2.60640000e+00,        +7.071067811865e+00,        +1.346335566525e+01,        +1.035357343517e+00
 2.60660000e+00,        +7.071067811865e+00,        +1.375319039584e+01,        -1.892144203256e-01
 2.60680000e+00,        +7.071067811865e+00,        +1.362143378917e+01,        -1.189622911241e+00
 2.60700000e+00,        +7.071067811865e+00,        +1.330095611429e+01,        -1.910410537545e+00
 2.60720000e+00,        +7.071067811865e+00,        +1.293215240076e+01,        -2.403176529976e+00
 2.60740000e+00,        +7.071067811865e+00,        +1.257820501272e+01,        -2.734808538527e+00
 2.60760000e+00,        +7.071067811865e+00,        +1.226115631597e+01,        -2.958214099910e+00
 2.60780000e+00,        +7.071067811865e+00,        +1.198496453464e+01,        -3.109803568509e+00
 2.60800000e+00,        +7.071067811865e+00,        +1.174670915874e+01,        -3.213507780107e+00
 2.60820000e+00,        +7.071067811865e+00,        +1.154142693729e+01,        -3.284901562451e+00
 2.60840000e+00,        +7.071067811865e+00,        +1.136402712771e+01,        -3.334180331634e+00
 2.60860000e+00,        +7.071067811865e+00,        +1.120995864415e+01,        -3.368102355414e+00
 2.60880000e+00,        +7.071067811865e+00,        +1.107537045518e+01,        -3.391215826488e+00
 2.60900000e+00,        +7.071067811865e+00,        +1.095708090869e+01,        -3.406630000539e+00
 2.60920000e+00,        +7.071067811865e+00,        +1.085248649163e+01,        -3.416503087940e+00
 2.60940000e+00,        +7.071067811865e+00,        +1.075946164362e+01,        -3.422354749600e+00
 2.60960000e+00,        +7.071067811865e+00,        +1.067626815643e+01,        -3.425269204976e+00
 2.60980000e+00,        +7.071067811865e+00,        +1.060147917451e+01,        -3.426029294179e+00
 2.61000000e+00,        +7.071067811865e+00,        +1.053391760240e+01,        -3.425206334516e+00
 2.61020000e+00,        +7.071067811865e+00,        +1.047260699027e+01,        -3.423221247911e+00
 2.61040000e+00,        +7.071067811865e+00,        +1.041673263568e+01,        -3.420386735187e+00
 2.61060000e+00,        +7.071067811865e+00,        +1.036561082605e+01,        -3.416936762691e+00
 2.61080000e+00,        +7.071067811865e+00,        +1.031866448336e+01,        -3.413047435834e+00
 2.61100000e+00,        +7.071067811865e+00,        +1.027540381627e+01,        -3.408851947408e+00
 2.61120000e+00,        +7.071067811865e+00,        +1.023541088402e+01,        -3.404451398381e+00
 2.61140000e+00,        +7.071067811865e+00,        +1.019832722100e+01,        -3.399922709351e+00
 2.61160000e+00,        +7.071067811865e+00,        +1.016384386295e+01,        -3.395324458580e+00
 2.61180000e+00,        +7.071067811865e+00,        +1.013169326565e+01,        -3.390701226948e+00
 2.61200000e+00,        +7.071067811865e+00,        +1.010164272172e+01,        -3.386086857317e+00
 2.61220000e+00,        +7.071067811865e+00,        +1.007348896911e+01,        -3.381506917382e+00
 2.61240000e+00,        +7.071067811865e+00,        +1.004705375251e+01,        -3.376980573171e+00
 2.61260000e+00,        +7.071067811865e+00,        +1.002218015073e+01,        -3.372522022994e+00
 2.61280000e+00,        +7.071067811865e+00,        +9.998729522872e+00,        -3.368141601159e+00
 2.61300000e+00,        +7.071067811865e+00,        +9.976578956879e+00,        -3.363846631855e+00
 2.61320000e+00,        +7.071067811865e+00,        +9.955619128218e+00,        -3.359642092820e+00
 2.61340000e+00,        +7.071067811865e+00,        +9.935752494705e+00,        -3.355531133309e+00
 2.61360000e+00,        +7.071067811865e+00,        +9.916891768339e+00,        -3.351515479824e+00
 2.61380000e+00,        +7.071067811865e+00,        +9.898958616365e+00,        -3.347595754973e+00
 2.61400000e+00,        +7.071067811865e+00,        +9.881882552874e+00,        -3.343771728707e+00
 2.61420000e+00,        +7.071067811865e+00,        +9.865599989440e+00,        -3.340042516744e+00
 2.61440000e+00,        +7.071067811865e+00,        +9.850053419078e+00,        -3.336406737534e+00
 2.61460000e+00,        +7.071067811865e+00,        +9.835190712359e+00,        -3.332862636583e+00
 2.61480000e+00,        +7.071067811865e+00,        +9.820964508267e+00,        -3.329408184971e+00
 2.61500000e+00,        +7.071067811865e+00,        +9.807331685372e+00,        -3.326041157410e+00
 2.61520000e+00,        +7.071067811865e+00,        +9.794252901322e+00,        -3.322759194052e+00
 2.61540000e+00,        +7.071067811865e+00,        +9.781692190650e+00,        -3.319559849330e+00
 2.61560000e+00,        +7.071067811865e+00,        +9.769616612530e+00,        -3.316440630456e+00
 2.61580000e+00,        +7.071067811865e+00,        +9.757995941428e+00,        -3.313399027636e+00
 2.61600000e+00,        +7.071067811865e+00,        +9.746802394718e+00,        -3.310432537664e+00
 2.61620000e+00,        +7.071067811865e+00,        +9.736010392250e+00,        -3.307538682187e+00
 2.61640000e+00,        +7.071067811865e+00,        +9.725596343596e+00,        -3.304715021716e+00
 2.61660000e+00,        +7.071067811865e+00,        +9.715538459356e+00,        -3.301959166211e+00
 2.61680000e+00,        +7.071067811865e+00,        +9.705816583421e+00,        -3.299268782919e+00
 2.61700000e+00,        +7.071067811865e+00,        +9.696412043543e+00,        -3.296641602019e+00
 2.61720000e+00,        +7.071067811865e+00,        +9.687307517935e+00,        -3.294075420505e+00
 2.61740000e+00,        +7.071067811865e+00,        +9.678486915938e+00,        -3.291568104672e+00
 2.61760000e+00,        +7.071067811865e+00,        +9.669935271062e+00,        -3.289117591482e+00
 2.61780000e+00,        +7.071067811865e+00,        +9.661638644942e+00,        -3.286721889050e+00
 2.61800000e+00,        +7.071067811865e+00,        +9.653584040927e+00,        -3.284379076439e+00
 2.61820000e+00,        +7.071067811865e+00,        +9.645759326206e+00,        -3.282087302916e+00
 2.61840000e+00,        +7.071067811865e+00,        +9.638153161506e+00,        -3.279844786783e+00
 2.61860000e+00,        +7.071067811865e+00,        +9.630754937518e+00,        -3.277649813903e+00
 2.61880000e+00,        +7.071067811865e+00,        +9.623554717310e+00,        -3.275500735985e+00
 2.61900000e+00,        +7.071067811865e+00,        +9.616543184096e+00,        -3.273395968696e+00
 2.61920000e+00,        +7.071067811865e+00,        +9.609711593776e+00,        -3.271333989665e+00
 2.61940000e+00,        +7.071067811865e+00,        +9.603051731753e+00,        -3.269313336401e+00
 2.61960000e+00,        +7.071067811865e+00,        +9.596555873587e+00,        -3.267332604175e+00
 2.61980000e+00,        +7.071067811865e+00,        +9.590216749100e+00,        -3.265390443893e+00
 2.62000000e+00,        +7.071067811865e+00,        +9.584027509571e+00,        -3.263485559963e+00
 2.62020000e+00,        +7.071067811865e+00,        +9.577981697729e+00,        -3.261616708198e+00
 2.62040000e+00,        +7.071067811865e+00,        +9.572073220267e+00,        -3.259782693747e+00
 2.62060000e+00,        +7.071067811865e+00,        +9.566296322633e+00,        -3.257982369078e+00
 2.62080000e+00,        +7.071067811865e+00,        +9.560645565876e+00,        -3.256214632008e+00
 2.62100000e+00,        +7.071067811865e+00,        +9.555115805368e+00,        -3.254478423797e+00
 2.62120000e+00,        +7.071067811865e+00,        +9.549702171214e+00,        -3.252772727304e+00
 2.62140000e+00,        +7.071067811865e+00,        +9.544400050208e+00,        -3.251096565205e+00
 2.62160000e+00,        +7.071067811865e+00,        +9.539205069180e+00,        -3.249448998276e+00
 2.62180000e+00,        +7.071067811865e+00,        +9.534113079629e+00,        -3.247829123750e+00
 2.62200000e+00,        +7.071067811865e+00,        +9.529120143513e+00,        -3.246236073730e+00
 2.62220000e+00,        +7.071067811865e+00,        +9.524222520103e+00,        -3.244669013677e+00
 2.62240000e+00,        +7.071067811865e+00,        +9.519416653810e+00,        -3.243127140954e+00
 2.62260000e+00,        +7.071067811865e+00,        +9.514699162892e+00,        -3.241609683437e+00
 2.62280000e+00,        +7.071067811865e+00,        +9.510066828991e+00,        -3.240115898189e+00
 2.62300000e+00,        +7.071067811865e+00,        +9.505516587396e+00,        -3.238645070189e+00
 2.62320000e+00,        +7.071067811865e+00,        +9.501045518012e+00,        -3.237196511120e+00
 2.62340000e+00,        +7.071067811865e+00,        +9.496650836939e+00,        -3.235769558213e+00
 2.62360000e+00,        +7.071067811865e+00,        +9.492329888648e+00,        -3.234363573144e+00
 2.62380000e+00,        +7.071067811865e+00,        +9.488080138674e+00,        -3.232977940976e+00
 2.62400000e+00,        +7.071067811865e+00,        +9.483899166815e+00,        -3.231612069163e+00
 2.62420000e+00,        +7.071067811865e+00,        +9.479784660774e+00,        -3.230265386585e+00
 2.62440000e+00,        +7.071067811865e+00,        +9.475734410224e+00,        -3.228937342639e+00
 2.62460000e+00,        +7.071067811865e+00,        +9.471746301259e+00,        -3.227627406367e+00
 2.62480000e+00,        +7.071067811865e+00,        +9.467818311204e+00,        -3.226335065629e+00
 2.62500000e+00,        +7.071067811865e+00,        +9.463948503753e+00,        -3.225059826307e+00
 2.62520000e+00,        +7.071067811865e+00,        +9.460135024419e+00,        -3.223801211556e+00
 2.62540000e+00,        +7.071067811865e+00,        +9.456376096262e+00,        -3.222558761081e+00
 2.62560000e+00,        +7.071067811865e+00,        +9.452670015887e+00,        -3.221332030456e+00
 2.62580000e+00,        +7.071067811865e+00,        +9.449015149684e+00,        -3.220120590466e+00
 2.62600000e+00,        +7.071067811865e+00,        +9.445409930297e+00,        -3.218924026487e+00
 2.62620000e+00,        +7.071067811865e+00,        +9.441852853302e+00,        -3.217741937887e+00
 2.62640000e+00,        +7.071067811865e+00,        +9.438342474090e+00,        -3.216573937467e+00
 2.62660000e+00,        +7.071067811865e+00,        +9.434877404922e+00,        -3.215419650911e+00
 2.62680000e+00,        +7.071067811865e+00,        +9.431456312168e+00,        -3.214278716275e+00
 2.62700000e+00,        +7.071067811865e+00,        +9.428077913697e+00,        -3.213150783495e+00
 2.62720000e+00,        +7.071067811865e+00,        +9.424740976417e+00,        -3.212035513912e+00
 2.62740000e+00,        +7.071067811865e+00,        +9.421444313959e+00,        -3.210932579829e+00
 2.62760000e+00,        +7.071067811865e+00,        +9.418186784488e+00,        -3.209841664076e+00
 2.62780000e+00,        +7.071067811865e+00,        +9.414967288633e+00,        -3.208762459607e+00
 2.62800000e+00,        +7.071067811865e+00,        +9.411784767537e+00,        -3.207694669104e+00
 2.62820000e+00,        +7.071067811865e+00,        +9.408638201010e+00,        -3.206638004605e+00
 2.62840000e+00,        +7.071067811865e+00,        +9.405526605780e+00,        -3.205592187146e+00
 2.62860000e+00,        +7.071067811865e+00,        +9.402449033844e+00,        -3.204556946422e+00
 2.62880000e+00,        +7.071067811865e+00,        +9.399404570901e+00,        -3.203532020456e+00
 2.62900000e+00,        +7.071067811865e+00,        +9.396392334869e+00,        -3.202517155291e+00
 2.62920000e+00,        +7.071067811865e+00,        +9.393411474482e+00,        -3.201512104690e+00
 2.62940000e+00,        +7.071067811865e+00,        +9.390461167954e+00,        -3.200516629848e+00
 2.62960000e+00,        +7.071067811865e+00,        +9.387540621721e+00,        -3.199530499123e+00
 2.62980000e+00,        +7.071067811865e+00,        +9.384649069238e+00,        -3.198553487768e+00
 2.63000000e+00,        +7.071067811865e+00,        +9.381785769838e+00,        -3.197585377686e+00
 2.63020000e+00,        +7.071067811865e+00,        +9.378950007658e+00,        -3.196625957186e+00
 2.63040000e+00,        +7.071067811865e+00,        +9.376141090601e+00,        -3.195675020757e+00
 2.63060000e+00,        +7.071067811865e+00,        +9.373358349368e+00,        -3.194732368842e+00
 2.63080000e+00,        +7.071067811865e+00,        +9.370601136522e+00,        -3.193797807632e+00
 2.63100000e+00,        +7.071067811865e+00,        +9.367868825605e+00,        -3.192871148860e+00
 2.63120000e+00,        +7.071067811865e+00,        +9.365160810300e+00,        -3.191952209610e+00
 2.63140000e+00,        +7.071067811865e+00,        +9.362476503623e+00,        -3.191040812127e+00
 2.63160000e+00,        +7.071067811865e+00,        +9.359815337165e+00,        -3.190136783641e+00
 2.63180000e+00,        +7.071067811865e+00,        +9.357176760359e+00,        -3.189239956196e+00
 2.63200000e+00,        +7.071067811865e+00,        +9.354560239790e+00,        -3.188350166483e+00
 2.63220000e+00,        +7.071067811865e+00,        +9.351965258532e+00,        -3.187467255684e+00
 2.63240000e+00,        +7.071067811865e+00,        +9.349391315515e+00,        -3.186591069320e+00
 2.63260000e+00,        +7.071067811865e+00,        +9.346837924925e+00,        -3.185721457106e+00
 2.63280000e+00,        +7.071067811865e+00,        +9.344304615624e+00,        -3.184858272809e+00
 2.63300000e+00,        +7.071067811865e+00,        +9.341790930607e+00,        -3.184001374114e+00
 2.63320000e+00,        +7.071067811865e+00,        +9.339296426472e+00,        -3.183150622499e+00
 2.63340000e+00,        +7.071067811865e+00,        +9.336820672920e+00,        -3.182305883105e+00
 2.63360000e+00,        +7.071067811865e+00,        +9.334363252272e+00,        -3.181467024620e+00
 2.63380000e+00,        +7.071067811865e+00,        +9.331923759016e+00,        -3.180633919163e+00
 2.63400000e+00,        +7.071067811865e+00,        +9.329501799363e+00,        -3.179806442173e+00
 2.63420000e+00,        +7.071067811865e+00,        +9.327096990828e+00,        -3.178984472305e+00
 2.63440000e+00,        +7.071067811865e+00,        +9.324708961830e+00,        -3.178167891326e+00
 2.63460000e+00,        +7.071067811865e+00,        +9.322337351302e+00,        -3.177356584016e+00
 2.63480000e+00,        +7.071067811865e+00,        +9.319981808327e+00,        -3.176550438074e+00
 2.63500000e+00,        +7.071067811865e+00,        +9.317641991781e+00,        -3.175749344027e+00
 2.63520000e+00,        +7.071067811865e+00,        +9.315317569997e+00,        -3.174953195143e+00
 2.63540000e+00,        +7.071067811865e+00,        +9.313008220436e+00,        -3.174161887344e+00
 2.63560000e+00,        +7.071067811865e+00,        +9.310713629380e+00,        -3.173375319125e+00
 2.63580000e+00,        +7.071067811865e+00,        +9.308433491629e+00,        -3.172593391477e+00
 2.63600000e+00,        +7.071067811865e+00,        +9.306167510216e+00,        -3.171816007810e+00
 2.63620000e+00,        +7.071067811865e+00,        +9.303915396132e+00,        -3.171043073879e+00
 2.63640000e+00,        +7.071067811865e+00,        +9.301676868060e+00,        -3.170274497716e+00
 2.63660000e+00,        +7.071067811865e+00,        +9.299451652123e+00,        -3.169510189559e+00
 2.63680000e+00,        +7.071067811865e+00,        +9.297239481639e+00,        -3.168750061789e+00
 2.63700000e+00,        +7.071067811865e+00,        +9.295040096884e+00,        -3.167994028866e+00
 2.63720000e+00,        +7.071067811865e+00,        +9.292853244872e+00,        -3.167242007266e+00
 2.63740000e+00,        +7.071067811865e+00,        +9.290678679135e+00,        -3.166493915426e+00
 2.63760000e+00,        +7.071067811865e+00,        +9.288516159515e+00,        -3.165749673681e+00
 2.63780000e+00,        +7.071067811865e+00,        +9.286365451963e+00,        -3.165009204218e+00
 2.63800000e+00,        +7.071067811865e+00,        +9.284226328347e+00,        -3.164272431012e+00
 2.63820000e+00,        +7.071067811865e+00,        +9.282098566268e+00,        -3.163539279785e+00
 2.63840000e+00,        +7.071067811865e+00,        +9.279981948878e+00,        -3.162809677949e+00
 2.63860000e+00,        +7.071067811865e+00,        +9.277876264709e+00,        -3.162083554563e+00
 2.63880000e+00,        +7.071067811865e+00,        +9.275781307512e+00,        -3.161360840282e+00
 2.63900000e+00,        +7.071067811865e+00,        +9.273696876089e+00,        -3.160641467318e+00
 2.63920000e+00,        +7.071067811865e+00,        +9.271622774146e+00,        -3.159925369392e+00
 2.63940000e+00,        +7.071067811865e+00,        +9.269558810142e+00,        -3.159212481693e+00
 2.63960000e+00,        +7.071067811865e+00,        +9.267504797148e+00,        -3.158502740841e+00
 2.63980000e+00,        +7.071067811865e+00,        +9.265460552706e+00,        -3.157796084844e+00
 2.64000000e+00,        +7.071067811865e+00,        +9.263425898700e+00,        -3.157092453059e+00
 2.64020000e+00,        +7.071067811865e+00,        +9.261400661224e+00,        -3.156391786162e+00
 2.64040000e+00,        +7.071067811865e+00,        +9.259384670463e+00,        -3.155694026105e+00
 2.64060000e+00,        +7.071067811865e+00,        +9.257377760570e+00,        -3.154999116088e+00
 2.64080000e+00,        +7.071067811865e+00,        +9.255379769552e+00,        -3.154307000519e+00
 2.64100000e+00,        +7.071067811865e+00,        +9.253390539159e+00,        -3.153617624988e+00
 2.64120000e+00,        +7.071067811865e+00,        +9.251409914777e+00,        -3.152930936233e+00
 2.64140000e+00,        +7.071067811865e+00,        +9.249437745323e+00,        -3.152246882110e+00
 2.64160000e+00,        +7.071067811865e+00,        +9.247473883147e+00,        -3.151565411564e+00
 2.64180000e+00,        +7.071067811865e+00,        +9.245518183933e+00,        -3.150886474599e+00
 2.64200000e+00,        +7.071067811865e+00,        +9.243570506608e+00,        -3.150210022256e+00
 2.64220000e+00,        +7.071067811865e+00,        +9.241630713250e+00,        -3.149536006578e+00
 2.64240000e+00,        +7.071067811865e+00,        +9.239698668999e+00,        -3.148864380591e+00
 2.64260000e+00,        +7.071067811865e+00,        +9.237774241976e+00,        -3.148195098276e+00
 2.64280000e+00,        +7.071067811865e+00,        +9.235857303200e+00,        -3.147528114546e+00
 2.64300000e+00,        +7.071067811865e+00,        +9.233947726509e+00,        -3.146863385221e+00
 2.64320000e+00,        +7.071067811865e+00,        +9.232045388480e+00,        -3.146200867006e+00
 2.64340000e+00,        +7.071067811865e+00,        +9.230150168363e+00,        -3.145540517469e+00
 2.64360000e+00,        +7.071067811865e+00,        +9.228261948002e+00,        -3.144882295020e+00
 2.64380000e+00,        +7.071067811865e+00,        +9.226380611768e+00,        -3.144226158888e+00
 2.64400000e+00,        +7.071067811865e+00,        +9.224506046493e+00,        -3.143572069103e+00
 2.64420000e+00,        +7.071067811865e+00,        +9.222638141406e+00,        -3.142919986477e+00
 2.64440000e+00,        +7.071067811865e+00,        +9.220776788065e+00,        -3.142269872580e+00
 2.64460000e+00,        +7.071067811865e+00,        +9.218921880302e+00,        -3.141621689729e+00
 2.64480000e+00,        +7.071067811865e+00,        +9.217073314161e+00,        -3.140975400962e+00
 2.64500000e+00,        +7.071067811865e+00,        +9.215230987841e+00,        -3.140330970028e+00
 2.64520000e+00,        +7.071067811865e+00,        +9.213394801640e+00,        -3.139688361365e+00
 2.64540000e+00,        +7.071067811865e+00,        +9.211564657902e+00,        -3.139047540085e+00
 2.64560000e+00,        +7.071067811865e+00,        +9.209740460966e+00,        -3.138408471957e+00
 2.64580000e+00,        +7.071067811865e+00,        +9.207922117115e+00,        -3.137771123395e+00
 2.64600000e+00,        +7.071067811865e+00,        +9.206109534523e+00,        -3.137135461438e+00
 2.64620000e+00,        +7.071067811865e+00,        +9.204302623215e+00,        -3.136501453740e+00
 2.64640000e+00,        +7.071067811865e+00,        +9.202501295014e+00,        -3.135869068550e+00
 2.64660000e+00,        +7.071067811865e+00,        +9.200705463499e+00,        -3.135238274705e+00
 2.64680000e+00,        +7.071067811865e+00,        +9.198915043964e+00,        -3.134609041611e+00
 2.64700000e+00,        +7.071067811865e+00,        +9.197129953371e+00,        -3.133981339231e+00
 2.64720000e+00,        +7.071067811865e+00,        +9.195350110312e+00,        -3.133355138075e+00
 2.64740000e+00,        +7.071067811865e+00,        +9.193575434970e+00,        -3.132730409184e+00
 2.64760000e+00,        +7.071067811865e+00,        +9.191805849080e+00,        -3.132107124120e+00
 2.64780000e+00,        +7.071067811865e+00,        +9.190041275889e+00,        -3.131485254955e+00
 2.64800000e+00,        +7.071067811865e+00,        +9.188281640123e+00,        -3.130864774256e+00
 2.64820000e+00,        +7.071067811865e+00,        +9.186526867949e+00,        -3.130245655078e+00
 2.64840000e+00,        +7.071067811865e+00,        +9.184776886945e+00,        -3.129627870948e+00
 2.64860000e+00,        +7.071067811865e+00,        +9.183031626060e+00,        -3.129011395863e+00
 2.64880000e+00,        +7.071067811865e+00,        +9.181291015588e+00,        -3.128396204270e+00
 2.64900000e+00,        +7.071067811865e+00,        +9.179554987133e+00,        -3.127782271061e+00
 2.64920000e+00,        +7.071067811865e+00,        +9.177823473579e+00,        -3.127169571565e+00
 2.64940000e+00,        +7.071067811865e+00,        +9.176096409063e+00,        -3.126558081534e+00
 2.64960000e+00,        +7.071067811865e+00,        +9.174373728939e+00,        -3.125947777136e+00
 2.64980000e+00,        +7.071067811865e+00,        +9.172655369760e+00,        -3.125338634947e+00
 2.65000000e+00,        +7.071067811865e+00,        +9.170941269240e+00,        -3.124730631940e+00
