        f (GHz),               I_inc[1] (A),               Re{I[1]} (A),               Im{I[1]} (A)
 2.30000000e+00,        +1.414213562373e-01,        +2.160207347358e-01,        -6.386822048985e-02
 2.30020000e+00,        +1.414213562373e-01,        +2.160046565161e-01,        -6.387107641471e-02
 2.30040000e+00,        +1.414213562373e-01,        +2.159885733448e-01,        -6.387392921399e-02
 2.30060000e+00,        +1.414213562373e-01,        +2.159724852182e-01,        -6.387677888472e-02
 2.30080000e+00,        +1.414213562373e-01,        +2.159563921330e-01,        -6.387962542394e-02
 2.30100000e+00,        +1.414213562373e-01,        +2.159402940857e-01,        -6.388246882867e-02
 2.30120000e+00,        +1.414213562373e-01,        +2.159241910727e-01,        -6.388530909593e-02
 2.30140000e+00,        +1.414213562373e-01,        +2.159080830905e-01,        -6.388814622273e-02
 2.30160000e+00,        +1.414213562373e-01,        +2.158919701357e-01,        -6.389098020610e-02
 2.30180000e+00,        +1.414213562373e-01,        +2.158758522048e-01,        -6.389381104303e-02
 2.30200000e+00,        +1.414213562373e-01,        +2.158597292941e-01,        -6.389663873053e-02
 2.30220000e+00,        +1.414213562373e-01,        +2.158436014003e-01,        -6.389946326560e-02
 2.30240000e+00,        +1.414213562373e-01,        +2.158274685196e-01,        -6.390228464524e-02
 2.30260000e+00,        +1.414213562373e-01,        +2.158113306487e-01,        -6.390510286642e-02
 2.30280000e+00,        +1.414213562373e-01,        +2.157951877839e-01,        -6.390791792615e-02
 2.30300000e+00,        +1.414213562373e-01,        +2.157790399217e-01,        -6.391072982139e-02
 2.30320000e+00,        +1.414213562373e-01,        +2.157628870585e-01,        -6.391353854913e-02
 2.30340000e+00,        +1.414213562373e-01,        +2.157467291907e-01,        -6.391634410633e-02
 2.30360000e+00,        +1.414213562373e-01,        +2.157305663148e-01,        -6.391914648996e-02
 2.30380000e+00,        +1.414213562373e-01,        +2.157143984272e-01,        -6.392194569699e-02
 2.30400000e+00,        +1.414213562373e-01,        +2.156982255243e-01,        -6.392474172437e-02
 2.30420000e+00,        +1.414213562373e-01,        +2.156820476024e-01,        -6.392753456905e-02
 2.30440000e+00,        +1.414213562373e-01,        +2.156658646579e-01,        -6.393032422799e-02
 2.30460000e+00,        +1.414213562373e-01,        +2.156496766873e-01,        -6.393311069812e-02
 2.30480000e+00,        +1.414213562373e-01,        +2.156334836869e-01,        -6.393589397640e-02
 2.30500000e+00,        +1.414213562373e-01,        +2.156172856531e-01,        -6.393867405974e-02
 2.30520000e+00,        +1.414213562373e-01,        +2.156010825821e-01,        -6.394145094508e-02
 2.30540000e+00,        +1.414213562373e-01,        +2.155848744705e-01,        -6.394422462935e-02
 2.30560000e+00,        +1.414213562373e-01,        +2.155686613144e-01,        -6.394699510946e-02
 2.30580000e+00,        +1.414213562373e-01,        +2.155524431103e-01,        -6.394976238233e-02
 2.30600000e+00,        +1.414213562373e-01,        +2.155362198544e-01,        -6.395252644487e-02
 2.30620000e+00,        +1.414213562373e-01,        +2.155199915431e-01,        -6.395528729399e-02
 2.30640000e+00,        +1.414213562373e-01,        +2.155037581726e-01,        -6.395804492659e-02
 2.30660000e+00,        +1.414213562373e-01,        +2.154875197393e-01,        -6.396079933956e-02
 2.30680000e+00,        +1.414213562373e-01,        +2.154712762394e-01,        -6.396355052979e-02
 2.30700000e+00,        +1.414213562373e-01,        +2.154550276693e-01,        -6.396629849418e-02
 2.30720000e+00,        +1.414213562373e-01,        +2.154387740252e-01,        -6.396904322960e-02
 2.30740000e+00,        +1.414213562373e-01,        +2.154225153033e-01,        -6.397178473294e-02
 2.30760000e+00,        +1.414213562373e-01,        +2.154062514999e-01,        -6.397452300105e-02
 2.30780000e+00,        +1.414213562373e-01,        +2.153899826112e-01,        -6.397725803081e-02
 2.30800000e+00,        +1.414213562373e-01,        +2.153737086335e-01,        -6.397998981908e-02
 2.30820000e+00,        +1.414213562373e-01,        +2.153574295630e-01,        -6.398271836272e-02
 2.30840000e+00,        +1.414213562373e-01,        +2.153411453960e-01,        -6.398544365858e-02
 2.30860000e+00,        +1.414213562373e-01,        +2.153248561285e-01,        -6.398816570351e-02
 2.30880000e+00,        +1.414213562373e-01,        +2.153085617568e-01,        -6.399088449435e-02
 2.30900000e+00,        +1.414213562373e-01,        +2.152922622772e-01,        -6.399360002793e-02
 2.30920000e+00,        +1.414213562373e-01,        +2.152759576857e-01,        -6.399631230109e-02
 2.30940000e+00,        +1.414213562373e-01,        +2.152596479785e-01,        -6.399902131065e-02
 2.30960000e+00,        +1.414213562373e-01,        +2.152433331518e-01,        -6.400172705344e-02
 2.30980000e+00,        +1.414213562373e-01,        +2.152270132018e-01,        -6.400442952627e-02
 2.31000000e+00,        +1.414213562373e-01,        +2.152106881245e-01,        -6.400712872596e-02
 2.31020000e+00,        +1.414213562373e-01,        +2.151943579161e-01,        -6.400982464930e-02
 2.31040000e+00,        +1.414213562373e-01,        +2.151780225727e-01,        -6.401251729311e-02
 2.31060000e+00,        +1.414213562373e-01,        +2.151616820904e-01,        -6.401520665418e-02
 2.31080000e+00,        +1.414213562373e-01,        +2.151453364654e-01,        -6.401789272929e-02
 2.31100000e+00,        +1.414213562373e-01,        +2.151289856936e-01,        -6.402057551524e-02
 2.31120000e+00,        +1.414213562373e-01,        +2.151126297712e-01,        -6.402325500881e-02
 2.31140000e+00,        +1.414213562373e-01,        +2.150962686943e-01,        -6.402593120676e-02
 2.31160000e+00,        +1.414213562373e-01,        +2.150799024588e-01,        -6.402860410588e-02
 2.31180000e+00,        +1.414213562373e-01,        +2.150635310608e-01,        -6.403127370291e-02
 2.31200000e+00,        +1.414213562373e-01,        +2.150471544965e-01,        -6.403393999463e-02
 2.31220000e+00,        +1.414213562373e-01,        +2.150307727616e-01,        -6.403660297779e-02
 2.31240000e+00,        +1.414213562373e-01,        +2.150143858524e-01,        -6.403926264913e-02
 2.31260000e+00,        +1.414213562373e-01,        +2.149979937648e-01,        -6.404191900541e-02
 2.31280000e+00,        +1.414213562373e-01,        +2.149815964947e-01,        -6.404457204334e-02
 2.31300000e+00,        +1.414213562373e-01,        +2.149651940382e-01,        -6.404722175968e-02
 2.31320000e+00,        +1.414213562373e-01,        +2.149487863912e-01,        -6.404986815114e-02
 2.31340000e+00,        +1.414213562373e-01,        +2.149323735496e-01,        -6.405251121445e-02
 2.31360000e+00,        +1.414213562373e-01,        +2.149159555095e-01,        -6.405515094632e-02
 2.31380000e+00,        +1.414213562373e-01,        +2.148995322667e-01,        -6.405778734346e-02
 2.31400000e+00,        +1.414213562373e-01,        +2.148831038171e-01,        -6.406042040258e-02
 2.31420000e+00,        +1.414213562373e-01,        +2.148666701568e-01,        -6.406305012038e-02
 2.31440000e+00,        +1.414213562373e-01,        +2.148502312814e-01,        -6.406567649355e-02
 2.31460000e+00,        +1.414213562373e-01,        +2.148337871870e-01,        -6.406829951877e-02
 2.31480000e+00,        +1.414213562373e-01,        +2.148173378694e-01,        -6.407091919274e-02
 2.31500000e+00,        +1.414213562373e-01,        +2.148008833245e-01,        -6.407353551212e-02
 2.31520000e+00,        +1.414213562373e-01,        +2.147844235481e-01,        -6.407614847359e-02
 2.31540000e+00,        +1.414213562373e-01,        +2.147679585361e-01,        -6.407875807382e-02
 2.31560000e+00,        +1.414213562373e-01,        +2.147514882842e-01,        -6.408136430946e-02
 2.31580000e+00,        +1.414213562373e-01,        +2.147350127882e-01,        -6.408396717716e-02
 2.31600000e+00,        +1.414213562373e-01,        +2.147185320441e-01,        -6.408656667359e-02
 2.31620000e+00,        +1.414213562373e-01,        +2.147020460475e-01,        -6.408916279536e-02
 2.31640000e+00,        +1.414213562373e-01,        +2.146855547942e-01,        -6.409175553914e-02
 2.31660000e+00,        +1.414213562373e-01,        +2.146690582800e-01,        -6.409434490153e-02
 2.31680000e+00,        +1.414213562373e-01,        +2.146525565006e-01,        -6.409693087918e-02
 2.31700000e+00,        +1.414213562373e-01,        +2.146360494517e-01,        -6.409951346869e-02
 2.31720000e+00,        +1.414213562373e-01,        +2.146195371292e-01,        -6.410209266669e-02
 2.31740000e+00,        +1.414213562373e-01,        +2.146030195285e-01,        -6.410466846978e-02
 2.31760000e+00,        +1.414213562373e-01,        +2.145864966456e-01,        -6.410724087455e-02
 2.31780000e+00,        +1.414213562373e-01,        +2.145699684760e-01,        -6.410980987761e-02
 2.31800000e+00,        +1.414213562373e-01,        +2.145534350154e-01,        -6.411237547554e-02
 2.31820000e+00,        +1.414213562373e-01,        +2.145368962594e-01,        -6.411493766493e-02
 2.31840000e+00,        +1.414213562373e-01,        +2.145203522037e-01,        -6.411749644235e-02
 2.31860000e+00,        +1.414213562373e-01,        +2.145038028440e-01,        -6.412005180437e-02
 2.31880000e+00,        +1.414213562373e-01,        +2.144872481757e-01,        -6.412260374757e-02
 2.31900000e+00,        +1.414213562373e-01,        +2.144706881945e-01,        -6.412515226849e-02
 2.31920000e+00,        +1.414213562373e-01,        +2.144541228960e-01,        -6.412769736369e-02
 2.31940000e+00,        +1.414213562373e-01,        +2.144375522757e-01,        -6.413023902971e-02
 2.31960000e+00,        +1.414213562373e-01,        +2.144209763292e-01,        -6.413277726310e-02
 2.31980000e+00,        +1.414213562373e-01,        +2.144043950521e-01,        -6.413531206039e-02
 2.32000000e+00,        +1.414213562373e-01,        +2.143878084398e-01,        -6.413784341811e-02
 2.32020000e+00,        +1.414213562373e-01,        +2.143712164878e-01,        -6.414037133277e-02
 2.32040000e+00,        +1.414213562373e-01,        +2.143546191916e-01,        -6.414289580090e-02
 2.32060000e+00,        +1.414213562373e-01,        +2.143380165468e-01,        -6.414541681899e-02
 2.32080000e+00,        +1.414213562373e-01,        +2.143214085487e-01,        -6.414793438356e-02
 2.32100000e+00,        +1.414213562373e-01,        +2.143047951928e-01,        -6.415044849109e-02
 2.32120000e+00,        +1.414213562373e-01,        +2.142881764745e-01,        -6.415295913808e-02
 2.32140000e+00,        +1.414213562373e-01,        +2.142715523892e-01,        -6.415546632101e-02
 2.32160000e+00,        +1.414213562373e-01,        +2.142549229324e-01,        -6.415797003635e-02
 2.32180000e+00,        +1.414213562373e-01,        +2.142382880994e-01,        -6.416047028058e-02
 2.32200000e+00,        +1.414213562373e-01,        +2.142216478855e-01,        -6.416296705016e-02
 2.32220000e+00,        +1.414213562373e-01,        +2.142050022862e-01,        -6.416546034153e-02
 2.32240000e+00,        +1.414213562373e-01,        +2.141883512967e-01,        -6.416795015116e-02
 2.32260000e+00,        +1.414213562373e-01,        +2.141716949123e-01,        -6.417043647548e-02
 2.32280000e+00,        +1.414213562373e-01,        +2.141550331284e-01,        -6.417291931094e-02
 2.32300000e+00,        +1.414213562373e-01,        +2.141383659403e-01,        -6.417539865395e-02
 2.32320000e+00,        +1.414213562373e-01,        +2.141216933431e-01,        -6.417787450095e-02
 2.32340000e+00,        +1.414213562373e-01,        +2.141050153321e-01,        -6.418034684834e-02
 2.32360000e+00,        +1.414213562373e-01,        +2.140883319026e-01,        -6.418281569254e-02
 2.32380000e+00,        +1.414213562373e-01,        +2.140716430498e-01,        -6.418528102995e-02
 2.32400000e+00,        +1.414213562373e-01,        +2.140549487688e-01,        -6.418774285697e-02
 2.32420000e+00,        +1.414213562373e-01,        +2.140382490548e-01,        -6.419020116997e-02
 2.32440000e+00,        +1.414213562373e-01,        +2.140215439031e-01,        -6.419265596535e-02
 2.32460000e+00,        +1.414213562373e-01,        +2.140048333086e-01,        -6.419510723948e-02
 2.32480000e+00,        +1.414213562373e-01,        +2.139881172666e-01,        -6.419755498872e-02
 2.32500000e+00,        +1.414213562373e-01,        +2.139713957722e-01,        -6.419999920943e-02
 2.32520000e+00,        +1.414213562373e-01,        +2.139546688204e-01,        -6.420243989798e-02
 2.32540000e+00,        +1.414213562373e-01,        +2.139379364063e-01,        -6.420487705069e-02
 2.32560000e+00,        +1.414213562373e-01,        +2.139211985249e-01,        -6.420731066392e-02
 2.32580000e+00,        +1.414213562373e-01,        +2.139044551713e-01,        -6.420974073399e-02
 2.32600000e+00,        +1.414213562373e-01,        +2.138877063404e-01,        -6.421216725722e-02
 2.32620000e+00,        +1.414213562373e-01,        +2.138709520274e-01,        -6.421459022994e-02
 2.32640000e+00,        +1.414213562373e-01,        +2.138541922270e-01,        -6.421700964845e-02
 2.32660000e+00,        +1.414213562373e-01,        +2.138374269343e-01,        -6.421942550906e-02
 2.32680000e+00,        +1.414213562373e-01,        +2.138206561443e-01,        -6.422183780805e-02
 2.32700000e+00,        +1.414213562373e-01,        +2.138038798517e-01,        -6.422424654172e-02
 2.32720000e+00,        +1.414213562373e-01,        +2.137870980516e-01,        -6.422665170635e-02
 2.32740000e+00,        +1.414213562373e-01,        +2.137703107387e-01,        -6.422905329820e-02
 2.32760000e+00,        +1.414213562373e-01,        +2.137535179080e-01,        -6.423145131355e-02
 2.32780000e+00,        +1.414213562373e-01,        +2.137367195542e-01,        -6.423384574865e-02
 2.32800000e+00,        +1.414213562373e-01,        +2.137199156721e-01,        -6.423623659974e-02
 2.32820000e+00,        +1.414213562373e-01,        +2.137031062566e-01,        -6.423862386307e-02
 2.32840000e+00,        +1.414213562373e-01,        +2.136862913024e-01,        -6.424100753488e-02
 2.32860000e+00,        +1.414213562373e-01,        +2.136694708043e-01,        -6.424338761139e-02
 2.32880000e+00,        +1.414213562373e-01,        +2.136526447569e-01,        -6.424576408881e-02
 2.32900000e+00,        +1.414213562373e-01,        +2.136358131550e-01,        -6.424813696337e-02
 2.32920000e+00,        +1.414213562373e-01,        +2.136189759932e-01,        -6.425050623125e-02
 2.32940000e+00,        +1.414213562373e-01,        +2.136021332663e-01,        -6.425287188867e-02
 2.32960000e+00,        +1.414213562373e-01,        +2.135852849688e-01,        -6.425523393179e-02
 2.32980000e+00,        +1.414213562373e-01,        +2.135684310953e-01,        -6.425759235680e-02
 2.33000000e+00,        +1.414213562373e-01,        +2.135515716405e-01,        -6.425994715988e-02
 2.33020000e+00,        +1.414213562373e-01,        +2.135347065989e-01,        -6.426229833718e-02
 2.33040000e+00,        +1.414213562373e-01,        +2.135178359650e-01,        -6.426464588486e-02
 2.33060000e+00,        +1.414213562373e-01,        +2.135009597334e-01,        -6.426698979906e-02
 2.33080000e+00,        +1.414213562373e-01,        +2.134840778986e-01,        -6.426933007593e-02
 2.33100000e+00,        +1.414213562373e-01,        +2.134671904550e-01,        -6.427166671158e-02
 2.33120000e+00,        +1.414213562373e-01,        +2.134502973971e-01,        -6.427399970215e-02
 2.33140000e+00,        +1.414213562373e-01,        +2.134333987193e-01,        -6.427632904375e-02
 2.33160000e+00,        +1.414213562373e-01,        +2.134164944160e-01,        -6.427865473247e-02
 2.33180000e+00,        +1.414213562373e-01,        +2.133995844816e-01,        -6.428097676442e-02
 2.33200000e+00,        +1.414213562373e-01,        +2.133826689104e-01,        -6.428329513569e-02
 2.33220000e+00,        +1.414213562373e-01,        +2.133657476968e-01,        -6.428560984235e-02
 2.33240000e+00,        +1.414213562373e-01,        +2.133488208351e-01,        -6.428792088047e-02
 2.33260000e+00,        +1.414213562373e-01,        +2.133318883194e-01,        -6.429022824612e-02
 2.33280000e+00,        +1.414213562373e-01,        +2.133149501442e-01,        -6.429253193534e-02
 2.33300000e+00,        +1.414213562373e-01,        +2.132980063036e-01,        -6.429483194418e-02
 2.33320000e+00,        +1.414213562373e-01,        +2.132810567918e-01,        -6.429712826869e-02
 2.33340000e+00,        +1.414213562373e-01,        +2.132641016030e-01,        -6.429942090487e-02
 2.33360000e+00,        +1.414213562373e-01,        +2.132471407314e-01,        -6.430170984876e-02
 2.33380000e+00,        +1.414213562373e-01,        +2.132301741709e-01,        -6.430399509636e-02
 2.33400000e+00,        +1.414213562373e-01,        +2.132132019158e-01,        -6.430627664366e-02
 2.33420000e+00,        +1.414213562373e-01,        +2.131962239602e-01,        -6.430855448667e-02
 2.33440000e+00,        +1.414213562373e-01,        +2.131792402979e-01,        -6.431082862136e-02
 2.33460000e+00,        +1.414213562373e-01,        +2.131622509231e-01,        -6.431309904370e-02
 2.33480000e+00,        +1.414213562373e-01,        +2.131452558298e-01,        -6.431536574966e-02
 2.33500000e+00,        +1.414213562373e-01,        +2.131282550118e-01,        -6.431762873519e-02
 2.33520000e+00,        +1.414213562373e-01,        +2.131112484632e-01,        -6.431988799624e-02
 2.33540000e+00,        +1.414213562373e-01,        +2.130942361777e-01,        -6.432214352874e-02
 2.33560000e+00,        +1.414213562373e-01,        +2.130772181494e-01,        -6.432439532861e-02
 2.33580000e+00,        +1.414213562373e-01,        +2.130601943719e-01,        -6.432664339178e-02
 2.33600000e+00,        +1.414213562373e-01,        +2.130431648392e-01,        -6.432888771414e-02
 2.33620000e+00,        +1.414213562373e-01,        +2.130261295450e-01,        -6.433112829161e-02
 2.33640000e+00,        +1.414213562373e-01,        +2.130090884831e-01,        -6.433336512005e-02
 2.33660000e+00,        +1.414213562373e-01,        +2.129920416471e-01,        -6.433559819536e-02
 2.33680000e+00,        +1.414213562373e-01,        +2.129749890307e-01,        -6.433782751340e-02
 2.33700000e+00,        +1.414213562373e-01,        +2.129579306277e-01,        -6.434005307003e-02
 2.33720000e+00,        +1.414213562373e-01,        +2.129408664317e-01,        -6.434227486109e-02
 2.33740000e+00,        +1.414213562373e-01,        +2.129237964361e-01,        -6.434449288243e-02
 2.33760000e+00,        +1.414213562373e-01,        +2.129067206347e-01,        -6.434670712986e-02
 2.33780000e+00,        +1.414213562373e-01,        +2.128896390209e-01,        -6.434891759922e-02
 2.33800000e+00,        +1.414213562373e-01,        +2.128725515883e-01,        -6.435112428631e-02
 2.33820000e+00,        +1.414213562373e-01,        +2.128554583303e-01,        -6.435332718693e-02
 2.33840000e+00,        +1.414213562373e-01,        +2.128383592402e-01,        -6.435552629686e-02
 2.33860000e+00,        +1.414213562373e-01,        +2.128212543117e-01,        -6.435772161188e-02
 2.33880000e+00,        +1.414213562373e-01,        +2.128041435379e-01,        -6.435991312777e-02
 2.33900000e+00,        +1.414213562373e-01,        +2.127870269123e-01,        -6.436210084026e-02
 2.33920000e+00,        +1.414213562373e-01,        +2.127699044281e-01,        -6.436428474512e-02
 2.33940000e+00,        +1.414213562373e-01,        +2.127527760786e-01,        -6.436646483808e-02
 2.33960000e+00,        +1.414213562373e-01,        +2.127356418570e-01,        -6.436864111486e-02
 2.33980000e+00,        +1.414213562373e-01,        +2.127185017566e-01,        -6.437081357118e-02
 2.34000000e+00,        +1.414213562373e-01,        +2.127013557704e-01,        -6.437298220273e-02
 2.34020000e+00,        +1.414213562373e-01,        +2.126842038917e-01,        -6.437514700522e-02
 2.34040000e+00,        +1.414213562373e-01,        +2.126670461134e-01,        -6.437730797432e-02
 2.34060000e+00,        +1.414213562373e-01,        +2.126498824287e-01,        -6.437946510571e-02
 2.34080000e+00,        +1.414213562373e-01,        +2.126327128306e-01,        -6.438161839504e-02
 2.34100000e+00,        +1.414213562373e-01,        +2.126155373120e-01,        -6.438376783796e-02
 2.34120000e+00,        +1.414213562373e-01,        +2.125983558659e-01,        -6.438591343012e-02
 2.34140000e+00,        +1.414213562373e-01,        +2.125811684851e-01,        -6.438805516713e-02
 2.34160000e+00,        +1.414213562373e-01,        +2.125639751627e-01,        -6.439019304461e-02
 2.34180000e+00,        +1.414213562373e-01,        +2.125467758913e-01,        -6.439232705817e-02
 2.34200000e+00,        +1.414213562373e-01,        +2.125295706637e-01,        -6.439445720340e-02
 2.34220000e+00,        +1.414213562373e-01,        +2.125123594728e-01,        -6.439658347588e-02
 2.34240000e+00,        +1.414213562373e-01,        +2.124951423111e-01,        -6.439870587117e-02
 2.34260000e+00,        +1.414213562373e-01,        +2.124779191715e-01,        -6.440082438484e-02
 2.34280000e+00,        +1.414213562373e-01,        +2.124606900465e-01,        -6.440293901242e-02
 2.34300000e+00,        +1.414213562373e-01,        +2.124434549286e-01,        -6.440504974947e-02
 2.34320000e+00,        +1.414213562373e-01,        +2.124262138105e-01,        -6.440715659148e-02
 2.34340000e+00,        +1.414213562373e-01,        +2.124089666847e-01,        -6.440925953399e-02
 2.34360000e+00,        +1.414213562373e-01,        +2.123917135435e-01,        -6.441135857247e-02
 2.34380000e+00,        +1.414213562373e-01,        +2.123744543795e-01,        -6.441345370243e-02
 2.34400000e+00,        +1.414213562373e-01,        +2.123571891850e-01,        -6.441554491933e-02
 2.34420000e+00,        +1.414213562373e-01,        +2.123399179523e-01,        -6.441763221864e-02
 2.34440000e+00,        +1.414213562373e-01,        +2.123226406737e-01,        -6.441971559580e-02
 2.34460000e+00,        +1.414213562373e-01,        +2.123053573415e-01,        -6.442179504625e-02
 2.34480000e+00,        +1.414213562373e-01,        +2.122880679478e-01,        -6.442387056541e-02
 2.34500000e+00,        +1.414213562373e-01,        +2.122707724849e-01,        -6.442594214870e-02
 2.34520000e+00,        +1.414213562373e-01,        +2.122534709448e-01,        -6.442800979152e-02
 2.34540000e+00,        +1.414213562373e-01,        +2.122361633196e-01,        -6.443007348924e-02
 2.34560000e+00,        +1.414213562373e-01,        +2.122188496012e-01,        -6.443213323726e-02
 2.34580000e+00,        +1.414213562373e-01,        +2.122015297818e-01,        -6.443418903091e-02
 2.34600000e+00,        +1.414213562373e-01,        +2.121842038531e-01,        -6.443624086556e-02
 2.34620000e+00,        +1.414213562373e-01,        +2.121668718071e-01,        -6.443828873654e-02
 2.34640000e+00,        +1.414213562373e-01,        +2.121495336356e-01,        -6.444033263917e-02
 2.34660000e+00,        +1.414213562373e-01,        +2.121321893304e-01,        -6.444237256875e-02
 2.34680000e+00,        +1.414213562373e-01,        +2.121148388831e-01,        -6.444440852058e-02
 2.34700000e+00,        +1.414213562373e-01,        +2.120974822855e-01,        -6.444644048995e-02
 2.34720000e+00,        +1.414213562373e-01,        +2.120801195292e-01,        -6.444846847212e-02
 2.34740000e+00,        +1.414213562373e-01,        +2.120627506058e-01,        -6.445049246234e-02
 2.34760000e+00,        +1.414213562373e-01,        +2.120453755068e-01,        -6.445251245586e-02
 2.34780000e+00,        +1.414213562373e-01,        +2.120279942236e-01,        -6.445452844790e-02
 2.34800000e+00,        +1.414213562373e-01,        +2.120106067477e-01,        -6.445654043367e-02
 2.34820000e+00,        +1.414213562373e-01,        +2.119932130704e-01,        -6.445854840838e-02
 2.34840000e+00,        +1.414213562373e-01,        +2.119758131831e-01,        -6.446055236722e-02
 2.34860000e+00,        +1.414213562373e-01,        +2.119584070770e-01,        -6.446255230534e-02
 2.34880000e+00,        +1.414213562373e-01,        +2.119409947433e-01,        -6.446454821791e-02
 2.34900000e+00,        +1.414213562373e-01,        +2.119235761732e-01,        -6.446654010008e-02
 2.34920000e+00,        +1.414213562373e-01,        +2.119061513576e-01,        -6.446852794696e-02
 2.34940000e+00,        +1.414213562373e-01,        +2.118887202878e-01,        -6.447051175368e-02
 2.34960000e+00,        +1.414213562373e-01,        +2.118712829546e-01,        -6.447249151533e-02
 2.34980000e+00,        +1.414213562373e-01,        +2.118538393489e-01,        -6.447446722700e-02
 2.35000000e+00,        +1.414213562373e-01,        +2.118363894616e-01,        -6.447643888376e-02
 2.35020000e+00,        +1.414213562373e-01,        +2.118189332836e-01,        -6.447840648066e-02
 2.35040000e+00,        +1.414213562373e-01,        +2.118014708055e-01,        -6.448037001274e-02
 2.35060000e+00,        +1.414213562373e-01,        +2.117840020180e-01,        -6.448232947504e-02
 2.35080000e+00,        +1.414213562373e-01,        +2.117665269117e-01,        -6.448428486256e-02
 2.35100000e+00,        +1.414213562373e-01,        +2.117490454772e-01,        -6.448623617029e-02
 2.35120000e+00,        +1.414213562373e-01,        +2.117315577050e-01,        -6.448818339322e-02
 2.35140000e+00,        +1.414213562373e-01,        +2.117140635855e-01,        -6.449012652631e-02
 2.35160000e+00,        +1.414213562373e-01,        +2.116965631090e-01,        -6.449206556452e-02
 2.35180000e+00,        +1.414213562373e-01,        +2.116790562658e-01,        -6.449400050277e-02
 2.35200000e+00,        +1.414213562373e-01,        +2.116615430462e-01,        -6.449593133598e-02
 2.35220000e+00,        +1.414213562373e-01,        +2.116440234404e-01,        -6.449785805906e-02
 2.35240000e+00,        +1.414213562373e-01,        +2.116264974383e-01,        -6.449978066689e-02
 2.35260000e+00,        +1.414213562373e-01,        +2.116089650301e-01,        -6.450169915434e-02
 2.35280000e+00,        +1.414213562373e-01,        +2.115914262057e-01,        -6.450361351628e-02
 2.35300000e+00,        +1.414213562373e-01,        +2.115738809549e-01,        -6.450552374753e-02
 2.35320000e+00,        +1.414213562373e-01,        +2.115563292676e-01,        -6.450742984293e-02
 2.35340000e+00,        +1.414213562373e-01,        +2.115387711335e-01,        -6.450933179728e-02
 2.35360000e+00,        +1.414213562373e-01,        +2.115212065423e-01,        -6.451122960536e-02
 2.35380000e+00,        +1.414213562373e-01,        +2.115036354836e-01,        -6.451312326197e-02
 2.35400000e+00,        +1.414213562373e-01,        +2.114860579469e-01,        -6.451501276184e-02
 2.35420000e+00,        +1.414213562373e-01,        +2.114684739216e-01,        -6.451689809973e-02
 2.35440000e+00,        +1.414213562373e-01,        +2.114508833971e-01,        -6.451877927036e-02
 2.35460000e+00,        +1.414213562373e-01,        +2.114332863626e-01,        -6.452065626843e-02
 2.35480000e+00,        +1.414213562373e-01,        +2.114156828075e-01,        -6.452252908864e-02
 2.35500000e+00,        +1.414213562373e-01,        +2.113980727207e-01,        -6.452439772567e-02
 2.35520000e+00,        +1.414213562373e-01,        +2.113804560914e-01,        -6.452626217417e-02
 2.35540000e+00,        +1.414213562373e-01,        +2.113628329084e-01,        -6.452812242878e-02
 2.35560000e+00,        +1.414213562373e-01,        +2.113452031608e-01,        -6.452997848412e-02
 2.35580000e+00,        +1.414213562373e-01,        +2.113275668372e-01,        -6.453183033481e-02
 2.35600000e+00,        +1.414213562373e-01,        +2.113099239264e-01,        -6.453367797543e-02
 2.35620000e+00,        +1.414213562373e-01,        +2.112922744170e-01,        -6.453552140055e-02
 2.35640000e+00,        +1.414213562373e-01,        +2.112746182975e-01,        -6.453736060473e-02
 2.35660000e+00,        +1.414213562373e-01,        +2.112569555563e-01,        -6.453919558251e-02
 2.35680000e+00,        +1.414213562373e-01,        +2.112392861819e-01,        -6.454102632841e-02
 2.35700000e+00,        +1.414213562373e-01,        +2.112216101624e-01,        -6.454285283692e-02
 2.35720000e+00,        +1.414213562373e-01,        +2.112039274860e-01,        -6.454467510254e-02
 2.35740000e+00,        +1.414213562373e-01,        +2.111862381408e-01,        -6.454649311973e-02
 2.35760000e+00,        +1.414213562373e-01,        +2.111685421148e-01,        -6.454830688294e-02
 2.35780000e+00,        +1.414213562373e-01,        +2.111508393957e-01,        -6.455011638661e-02
 2.35800000e+00,        +1.414213562373e-01,        +2.111331299715e-01,        -6.455192162514e-02
 2.35820000e+00,        +1.414213562373e-01,        +2.111154138297e-01,        -6.455372259294e-02
 2.35840000e+00,        +1.414213562373e-01,        +2.110976909578e-01,        -6.455551928439e-02
 2.35860000e+00,        +1.414213562373e-01,        +2.110799613435e-01,        -6.455731169384e-02
 2.35880000e+00,        +1.414213562373e-01,        +2.110622249740e-01,        -6.455909981563e-02
 2.35900000e+00,        +1.414213562373e-01,        +2.110444818365e-01,        -6.456088364411e-02
 2.35920000e+00,        +1.414213562373e-01,        +2.110267319181e-01,        -6.456266317356e-02
 2.35940000e+00,        +1.414213562373e-01,        +2.110089752060e-01,        -6.456443839829e-02
 2.35960000e+00,        +1.414213562373e-01,        +2.109912116870e-01,        -6.456620931256e-02
 2.35980000e+00,        +1.414213562373e-01,        +2.109734413478e-01,        -6.456797591063e-02
 2.36000000e+00,        +1.414213562373e-01,        +2.109556641752e-01,        -6.456973818673e-02
 2.36020000e+00,        +1.414213562373e-01,        +2.109378801556e-01,        -6.457149613509e-02
 2.36040000e+00,        +1.414213562373e-01,        +2.109200892755e-01,        -6.457324974990e-02
 2.36060000e+00,        +1.414213562373e-01,        +2.109022915212e-01,        -6.457499902535e-02
 2.36080000e+00,        +1.414213562373e-01,        +2.108844868788e-01,        -6.457674395560e-02
 2.36100000e+00,        +1.414213562373e-01,        +2.108666753344e-01,        -6.457848453480e-02
 2.36120000e+00,        +1.414213562373e-01,        +2.108488568738e-01,        -6.458022075707e-02
 2.36140000e+00,        +1.414213562373e-01,        +2.108310314828e-01,        -6.458195261655e-02
 2.36160000e+00,        +1.414213562373e-01,        +2.108131991470e-01,        -6.458368010731e-02
 2.36180000e+00,        +1.414213562373e-01,        +2.107953598520e-01,        -6.458540322343e-02
 2.36200000e+00,        +1.414213562373e-01,        +2.107775135829e-01,        -6.458712195898e-02
 2.36220000e+00,        +1.414213562373e-01,        +2.107596603250e-01,        -6.458883630800e-02
 2.36240000e+00,        +1.414213562373e-01,        +2.107418000632e-01,        -6.459054626452e-02
 2.36260000e+00,        +1.414213562373e-01,        +2.107239327826e-01,        -6.459225182254e-02
 2.36280000e+00,        +1.414213562373e-01,        +2.107060584676e-01,        -6.459395297605e-02
 2.36300000e+00,        +1.414213562373e-01,        +2.106881771029e-01,        -6.459564971904e-02
 2.36320000e+00,        +1.414213562373e-01,        +2.106702886729e-01,        -6.459734204546e-02
 2.36340000e+00,        +1.414213562373e-01,        +2.106523931616e-01,        -6.459902994926e-02
 2.36360000e+00,        +1.414213562373e-01,        +2.106344905531e-01,        -6.460071342436e-02
 2.36380000e+00,        +1.414213562373e-01,        +2.106165808313e-01,        -6.460239246468e-02
 2.36400000e+00,        +1.414213562373e-01,        +2.105986639797e-01,        -6.460406706410e-02
 2.36420000e+00,        +1.414213562373e-01,        +2.105807399817e-01,        -6.460573721651e-02
 2.36440000e+00,        +1.414213562373e-01,        +2.105628088206e-01,        -6.460740291578e-02
 2.36460000e+00,        +1.414213562373e-01,        +2.105448704795e-01,        -6.460906415575e-02
 2.36480000e+00,        +1.414213562373e-01,        +2.105269249410e-01,        -6.461072093026e-02
 2.36500000e+00,        +1.414213562373e-01,        +2.105089721879e-01,        -6.461237323312e-02
 2.36520000e+00,        +1.414213562373e-01,        +2.104910122023e-01,        -6.461402105815e-02
 2.36540000e+00,        +1.414213562373e-01,        +2.104730449665e-01,        -6.461566439913e-02
 2.36560000e+00,        +1.414213562373e-01,        +2.104550704623e-01,        -6.461730324985e-02
 2.36580000e+00,        +1.414213562373e-01,        +2.104370886713e-01,        -6.461893760407e-02
 2.36600000e+00,        +1.414213562373e-01,        +2.104190995748e-01,        -6.462056745553e-02
 2.36620000e+00,        +1.414213562373e-01,        +2.104011031539e-01,        -6.462219279798e-02
 2.36640000e+00,        +1.414213562373e-01,        +2.103830993895e-01,        -6.462381362514e-02
 2.36660000e+00,        +1.414213562373e-01,        +2.103650882618e-01,        -6.462542993073e-02
 2.36680000e+00,        +1.414213562373e-01,        +2.103470697513e-01,        -6.462704170844e-02
 2.36700000e+00,        +1.414213562373e-01,        +2.103290438375e-01,        -6.462864895196e-02
 2.36720000e+00,        +1.414213562373e-01,        +2.103110105002e-01,        -6.463025165497e-02
 2.36740000e+00,        +1.414213562373e-01,        +2.102929697184e-01,        -6.463184981113e-02
 2.36760000e+00,        +1.414213562373e-01,        +2.102749214709e-01,        -6.463344341410e-02
 2.36780000e+00,        +1.414213562373e-01,        +2.102568657360e-01,        -6.463503245750e-02
 2.36800000e+00,        +1.414213562373e-01,        +2.102388024919e-01,        -6.463661693497e-02
 2.36820000e+00,        +1.414213562373e-01,        +2.102207317160e-01,        -6.463819684011e-02
 2.36840000e+00,        +1.414213562373e-01,        +2.102026533854e-01,        -6.463977216654e-02
 2.36860000e+00,        +1.414213562373e-01,        +2.101845674767e-01,        -6.464134290782e-02
 2.36880000e+00,        +1.414213562373e-01,        +2.101664739660e-01,        -6.464290905754e-02
 2.36900000e+00,        +1.414213562373e-01,        +2.101483728290e-01,        -6.464447060924e-02
 2.36920000e+00,        +1.414213562373e-01,        +2.101302640407e-01,        -6.464602755646e-02
 2.36940000e+00,        +1.414213562373e-01,        +2.101121475754e-01,        -6.464757989271e-02
 2.36960000e+00,        +1.414213562373e-01,        +2.100940234070e-01,        -6.464912761148e-02
 2.36980000e+00,        +1.414213562373e-01,        +2.100758915085e-01,        -6.465067070624e-02
 2.37000000e+00,        +1.414213562373e-01,        +2.100577518524e-01,        -6.465220917041e-02
 2.37020000e+00,        +1.414213562373e-01,        +2.100396044102e-01,        -6.465374299741e-02
 2.37040000e+00,        +1.414213562373e-01,        +2.100214491528e-01,        -6.465527218059e-02
 2.37060000e+00,        +1.414213562373e-01,        +2.100032860499e-01,        -6.465679671326e-02
 2.37080000e+00,        +1.414213562373e-01,        +2.099851150707e-01,        -6.465831658868e-02
 2.37100000e+00,        +1.414213562373e-01,        +2.099669361829e-01,        -6.465983180004e-02
 2.37120000e+00,        +1.414213562373e-01,        +2.099487493535e-01,        -6.466134234045e-02
 2.37140000e+00,        +1.414213562373e-01,        +2.099305545479e-01,        -6.466284820295e-02
 2.37160000e+00,        +1.414213562373e-01,        +2.099123517307e-01,        -6.466434938044e-02
 2.37180000e+00,        +1.414213562373e-01,        +2.098941408647e-01,        -6.466584586571e-02
 2.37200000e+00,        +1.414213562373e-01,        +2.098759219113e-01,        -6.466733765140e-02
 2.37220000e+00,        +1.414213562373e-01,        +2.098576948303e-01,        -6.466882472995e-02
 2.37240000e+00,        +1.414213562373e-01,        +2.098394595796e-01,        -6.467030709360e-02
 2.37260000e+00,        +1.414213562373e-01,        +2.098212161152e-01,        -6.467178473433e-02
 2.37280000e+00,        +1.414213562373e-01,        +2.098029643909e-01,        -6.467325764379e-02
 2.37300000e+00,        +1.414213562373e-01,        +2.097847043581e-01,        -6.467472581327e-02
 2.37320000e+00,        +1.414213562373e-01,        +2.097664359656e-01,        -6.467618923364e-02
 2.37340000e+00,        +1.414213562373e-01,        +2.097481591593e-01,        -6.467764789519e-02
 2.37360000e+00,        +1.414213562373e-01,        +2.097298738817e-01,        -6.467910178761e-02
 2.37380000e+00,        +1.414213562373e-01,        +2.097115800721e-01,        -6.468055089981e-02
 2.37400000e+00,        +1.414213562373e-01,        +2.096932776656e-01,        -6.468199521977e-02
 2.37420000e+00,        +1.414213562373e-01,        +2.096749665929e-01,        -6.468343473437e-02
 2.37440000e+00,        +1.414213562373e-01,        +2.096566467797e-01,        -6.468486942913e-02
 2.37460000e+00,        +1.414213562373e-01,        +2.096383181463e-01,        -6.468629928795e-02
 2.37480000e+00,        +1.414213562373e-01,        +2.096199806067e-01,        -6.468772429276e-02
 2.37500000e+00,        +1.414213562373e-01,        +2.096016340679e-01,        -6.468914442310e-02
 2.37520000e+00,        +1.414213562373e-01,        +2.095832784290e-01,        -6.469055965558e-02
 2.37540000e+00,        +1.414213562373e-01,        +2.095649135800e-01,        -6.469196996323e-02
 2.37560000e+00,        +1.414213562373e-01,        +2.095465394010e-01,        -6.469337531472e-02
 2.37580000e+00,        +1.414213562373e-01,        +2.095281557601e-01,        -6.469477567333e-02
 2.37600000e+00,        +1.414213562373e-01,        +2.095097625125e-01,        -6.469617099573e-02
 2.37620000e+00,        +1.414213562373e-01,        +2.094913594980e-01,        -6.469756123033e-02
 2.37640000e+00,        +1.414213562373e-01,        +2.094729465391e-01,        -6.469894631536e-02
 2.37660000e+00,        +1.414213562373e-01,        +2.094545234385e-01,        -6.470032617627e-02
 2.37680000e+00,        +1.414213562373e-01,        +2.094360899756e-01,        -6.470170072254e-02
 2.37700000e+00,        +1.414213562373e-01,        +2.094176459035e-01,        -6.470306984347e-02
 2.37720000e+00,        +1.414213562373e-01,        +2.093991909446e-01,        -6.470443340288e-02
 2.37740000e+00,        +1.414213562373e-01,        +2.093807247862e-01,        -6.470579123209e-02
 2.37760000e+00,        +1.414213562373e-01,        +2.093622470749e-01,        -6.470714312088e-02
 2.37780000e+00,        +1.414213562373e-01,        +2.093437574107e-01,        -6.470848880556e-02
 2.37800000e+00,        +1.414213562373e-01,        +2.093252553405e-01,        -6.470982795322e-02
 2.37820000e+00,        +1.414213562373e-01,        +2.093067403513e-01,        -6.471116014084e-02
 2.37840000e+00,        +1.414213562373e-01,        +2.092882118635e-01,        -6.471248482740e-02
 2.37860000e+00,        +1.414213562373e-01,        +2.092696692258e-01,        -6.471380131650e-02
 2.37880000e+00,        +1.414213562373e-01,        +2.092511117131e-01,        -6.471510870605e-02
 2.37900000e+00,        +1.414213562373e-01,        +2.092325385323e-01,        -6.471640582057e-02
 2.37920000e+00,        +1.414213562373e-01,        +2.092139488400e-01,        -6.471769112018e-02
 2.37940000e+00,        +1.414213562373e-01,        +2.091953417863e-01,        -6.471896257913e-02
 2.37960000e+00,        +1.414213562373e-01,        +2.091767166010e-01,        -6.472021752626e-02
 2.37980000e+00,        +1.414213562373e-01,        +2.091580727550e-01,        -6.472145244186e-02
 2.38000000e+00,        +1.414213562373e-01,        +2.091394102497e-01,        -6.472266271450e-02
 2.38020000e+00,        +1.414213562373e-01,        +2.091207301141e-01,        -6.472384238659e-02
 2.38040000e+00,        +1.414213562373e-01,        +2.091020352249e-01,        -6.472498397622e-02
 2.38060000e+00,        +1.414213562373e-01,        +2.090833315839e-01,        -6.472607858558e-02
 2.38080000e+00,        +1.414213562373e-01,        +2.090646301190e-01,        -6.472711672641e-02
 2.38100000e+00,        +1.414213562373e-01,        +2.090459487667e-01,        -6.472809059689e-02
 2.38120000e+00,        +1.414213562373e-01,        +2.090273137862e-01,        -6.472899870412e-02
 2.38140000e+00,        +1.414213562373e-01,        +2.090087578649e-01,        -6.472985300970e-02
 2.38160000e+00,        +1.414213562373e-01,        +2.089903116501e-01,        -6.473068602718e-02
 2.38180000e+00,        +1.414213562373e-01,        +2.089719880336e-01,        -6.473155090133e-02
 2.38200000e+00,        +1.414213562373e-01,        +2.089537670630e-01,        -6.473250708859e-02
 2.38220000e+00,        +1.414213562373e-01,        +2.089355961727e-01,        -6.473359527480e-02
 2.38240000e+00,        +1.414213562373e-01,        +2.089174108019e-01,        -6.473481973685e-02
 2.38260000e+00,        +1.414213562373e-01,        +2.088991602463e-01,        -6.473615229170e-02
 2.38280000e+00,        +1.414213562373e-01,        +2.088808200684e-01,        -6.473755109905e-02
 2.38300000e+00,        +1.414213562373e-01,        +2.088623885454e-01,        -6.473897786733e-02
 2.38320000e+00,        +1.414213562373e-01,        +2.088438765800e-01,        -6.474040547943e-02
 2.38340000e+00,        +1.414213562373e-01,        +2.088252991090e-01,        -6.474181803097e-02
 2.38360000e+00,        +1.414213562373e-01,        +2.088066703289e-01,        -6.474320784066e-02
 2.38380000e+00,        +1.414213562373e-01,        +2.087880018878e-01,        -6.474457230600e-02
 2.38400000e+00,        +1.414213562373e-01,        +2.087693026546e-01,        -6.474591158867e-02
 2.38420000e+00,        +1.414213562373e-01,        +2.087505791103e-01,        -6.474722716706e-02
 2.38440000e+00,        +1.414213562373e-01,        +2.087318358830e-01,        -6.474852101796e-02
 2.38460000e+00,        +1.414213562373e-01,        +2.087130762348e-01,        -6.474979519076e-02
 2.38480000e+00,        +1.414213562373e-01,        +2.086943024466e-01,        -6.475105160624e-02
 2.38500000e+00,        +1.414213562373e-01,        +2.086755161037e-01,        -6.475229197651e-02
 2.38520000e+00,        +1.414213562373e-01,        +2.086567183022e-01,        -6.475351778663e-02
 2.38540000e+00,        +1.414213562373e-01,        +2.086379097935e-01,        -6.475473030527e-02
 2.38560000e+00,        +1.414213562373e-01,        +2.086190910866e-01,        -6.475593060740e-02
 2.38580000e+00,        +1.414213562373e-01,        +2.086002625193e-01,        -6.475711960021e-02
 2.38600000e+00,        +1.414213562373e-01,        +2.085814243087e-01,        -6.475829804827e-02
 2.38620000e+00,        +1.414213562373e-01,        +2.085625765858e-01,        -6.475946659616e-02
 2.38640000e+00,        +1.414213562373e-01,        +2.085437194208e-01,        -6.476062578805e-02
 2.38660000e+00,        +1.414213562373e-01,        +2.085248528406e-01,        -6.476177608424e-02
 2.38680000e+00,        +1.414213562373e-01,        +2.085059768410e-01,        -6.476291787506e-02
 2.38700000e+00,        +1.414213562373e-01,        +2.084870913962e-01,        -6.476405149228e-02
 2.38720000e+00,        +1.414213562373e-01,        +2.084681964647e-01,        -6.476517721869e-02
 2.38740000e+00,        +1.414213562373e-01,        +2.084492919943e-01,        -6.476629529588e-02
 2.38760000e+00,        +1.414213562373e-01,        +2.084303779250e-01,        -6.476740593072e-02
 2.38780000e+00,        +1.414213562373e-01,        +2.084114541920e-01,        -6.476850930078e-02
 2.38800000e+00,        +1.414213562373e-01,        +2.083925207265e-01,        -6.476960555870e-02
 2.38820000e+00,        +1.414213562373e-01,        +2.083735774580e-01,        -6.477069483591e-02
 2.38840000e+00,        +1.414213562373e-01,        +2.083546243143e-01,        -6.477177724574e-02
 2.38860000e+00,        +1.414213562373e-01,        +2.083356612226e-01,        -6.477285288593e-02
 2.38880000e+00,        +1.414213562373e-01,        +2.083166881095e-01,        -6.477392184085e-02
 2.38900000e+00,        +1.414213562373e-01,        +2.082977049019e-01,        -6.477498418328e-02
 2.38920000e+00,        +1.414213562373e-01,        +2.082787115267e-01,        -6.477603997594e-02
 2.38940000e+00,        +1.414213562373e-01,        +2.082597079111e-01,        -6.477708927285e-02
 2.38960000e+00,        +1.414213562373e-01,        +2.082406939825e-01,        -6.477813212034e-02
 2.38980000e+00,        +1.414213562373e-01,        +2.082216696688e-01,        -6.477916855807e-02
 2.39000000e+00,        +1.414213562373e-01,        +2.082026348982e-01,        -6.478019861982e-02
 2.39020000e+00,        +1.414213562373e-01,        +2.081835895991e-01,        -6.478122233414e-02
 2.39040000e+00,        +1.414213562373e-01,        +2.081645337004e-01,        -6.478223972501e-02
 2.39060000e+00,        +1.414213562373e-01,        +2.081454671311e-01,        -6.478325081230e-02
 2.39080000e+00,        +1.414213562373e-01,        +2.081263898205e-01,        -6.478425561223e-02
 2.39100000e+00,        +1.414213562373e-01,        +2.081073016978e-01,        -6.478525413777e-02
 2.39120000e+00,        +1.414213562373e-01,        +2.080882026925e-01,        -6.478624639898e-02
 2.39140000e+00,        +1.414213562373e-01,        +2.080690927341e-01,        -6.478723240325e-02
 2.39160000e+00,        +1.414213562373e-01,        +2.080499717519e-01,        -6.478821215564e-02
 2.39180000e+00,        +1.414213562373e-01,        +2.080308396755e-01,        -6.478918565902e-02
 2.39200000e+00,        +1.414213562373e-01,        +2.080116964338e-01,        -6.479015291432e-02
 2.39220000e+00,        +1.414213562373e-01,        +2.079925419559e-01,        -6.479111392069e-02
 2.39240000e+00,        +1.414213562373e-01,        +2.079733761706e-01,        -6.479206867564e-02
 2.39260000e+00,        +1.414213562373e-01,        +2.079541990063e-01,        -6.479301717520e-02
 2.39280000e+00,        +1.414213562373e-01,        +2.079350103910e-01,        -6.479395941400e-02
 2.39300000e+00,        +1.414213562373e-01,        +2.079158102525e-01,        -6.479489538542e-02
 2.39320000e+00,        +1.414213562373e-01,        +2.078965985181e-01,        -6.479582508166e-02
 2.39340000e+00,        +1.414213562373e-01,        +2.078773751146e-01,        -6.479674849381e-02
 2.39360000e+00,        +1.414213562373e-01,        +2.078581399682e-01,        -6.479766561194e-02
 2.39380000e+00,        +1.414213562373e-01,        +2.078388930046e-01,        -6.479857642519e-02
 2.39400000e+00,        +1.414213562373e-01,        +2.078196341489e-01,        -6.479948092177e-02
 2.39420000e+00,        +1.414213562373e-01,        +2.078003633257e-01,        -6.480037908907e-02
 2.39440000e+00,        +1.414213562373e-01,        +2.077810804587e-01,        -6.480127091366e-02
 2.39460000e+00,        +1.414213562373e-01,        +2.077617854711e-01,        -6.480215638136e-02
 2.39480000e+00,        +1.414213562373e-01,        +2.077424782852e-01,        -6.480303547729e-02
 2.39500000e+00,        +1.414213562373e-01,        +2.077231588225e-01,        -6.480390818585e-02
 2.39520000e+00,        +1.414213562373e-01,        +2.077038270040e-01,        -6.480477449080e-02
 2.39540000e+00,        +1.414213562373e-01,        +2.076844827495e-01,        -6.480563437527e-02
 2.39560000e+00,        +1.414213562373e-01,        +2.076651259780e-01,        -6.480648782176e-02
 2.39580000e+00,        +1.414213562373e-01,        +2.076457566079e-01,        -6.480733481222e-02
 2.39600000e+00,        +1.414213562373e-01,        +2.076263745562e-01,        -6.480817532799e-02
 2.39620000e+00,        +1.414213562373e-01,        +2.076069797393e-01,        -6.480900934987e-02
 2.39640000e+00,        +1.414213562373e-01,        +2.075875720725e-01,        -6.480983685813e-02
 2.39660000e+00,        +1.414213562373e-01,        +2.075681514700e-01,        -6.481065783250e-02
 2.39680000e+00,        +1.414213562373e-01,        +2.075487178451e-01,        -6.481147225220e-02
 2.39700000e+00,        +1.414213562373e-01,        +2.075292711097e-01,        -6.481228009594e-02
 2.39720000e+00,        +1.414213562373e-01,        +2.075098111751e-01,        -6.481308134192e-02
 2.39740000e+00,        +1.414213562373e-01,        +2.074903379509e-01,        -6.481387596787e-02
 2.39760000e+00,        +1.414213562373e-01,        +2.074708513460e-01,        -6.481466395100e-02
 2.39780000e+00,        +1.414213562373e-01,        +2.074513512677e-01,        -6.481544526808e-02
 2.39800000e+00,        +1.414213562373e-01,        +2.074318376223e-01,        -6.481621989535e-02
 2.39820000e+00,        +1.414213562373e-01,        +2.074123103149e-01,        -6.481698780862e-02
 2.39840000e+00,        +1.414213562373e-01,        +2.073927692491e-01,        -6.481774898319e-02
 2.39860000e+00,        +1.414213562373e-01,        +2.073732143273e-01,        -6.481850339390e-02
 2.39880000e+00,        +1.414213562373e-01,        +2.073536454505e-01,        -6.481925101512e-02
 2.39900000e+00,        +1.414213562373e-01,        +2.073340625182e-01,        -6.481999182073e-02
 2.39920000e+00,        +1.414213562373e-01,        +2.073144654288e-01,        -6.482072578416e-02
 2.39940000e+00,        +1.414213562373e-01,        +2.072948540788e-01,        -6.482145287834e-02
 2.39960000e+00,        +1.414213562373e-01,        +2.072752283637e-01,        -6.482217307573e-02
 2.39980000e+00,        +1.414213562373e-01,        +2.072555881770e-01,        -6.482288634830e-02
 2.40000000e+00,        +1.414213562373e-01,        +2.072359334110e-01,        -6.482359266754e-02
 2.40020000e+00,        +1.414213562373e-01,        +2.072162639562e-01,        -6.482429200445e-02
 2.40040000e+00,        +1.414213562373e-01,        +2.071965797017e-01,        -6.482498432955e-02
 2.40060000e+00,        +1.414213562373e-01,        +2.071768805346e-01,        -6.482566961282e-02
 2.40080000e+00,        +1.414213562373e-01,        +2.071571663407e-01,        -6.482634782378e-02
 2.40100000e+00,        +1.414213562373e-01,        +2.071374370036e-01,        -6.482701893142e-02
 2.40120000e+00,        +1.414213562373e-01,        +2.071176924056e-01,        -6.482768290421e-02
 2.40140000e+00,        +1.414213562373e-01,        +2.070979324269e-01,        -6.482833971010e-02
 2.40160000e+00,        +1.414213562373e-01,        +2.070781569459e-01,        -6.482898931653e-02
 2.40180000e+00,        +1.414213562373e-01,        +2.070583658392e-01,        -6.482963169036e-02
 2.40200000e+00,        +1.414213562373e-01,        +2.070385589812e-01,        -6.483026679794e-02
 2.40220000e+00,        +1.414213562373e-01,        +2.070187362447e-01,        -6.483089460505e-02
 2.40240000e+00,        +1.414213562373e-01,        +2.069988975002e-01,        -6.483151507692e-02
 2.40260000e+00,        +1.414213562373e-01,        +2.069790426163e-01,        -6.483212817820e-02
 2.40280000e+00,        +1.414213562373e-01,        +2.069591714594e-01,        -6.483273387295e-02
 2.40300000e+00,        +1.414213562373e-01,        +2.069392838937e-01,        -6.483333212465e-02
 2.40320000e+00,        +1.414213562373e-01,        +2.069193797814e-01,        -6.483392289618e-02
 2.40340000e+00,        +1.414213562373e-01,        +2.068994589821e-01,        -6.483450614980e-02
 2.40360000e+00,        +1.414213562373e-01,        +2.068795213535e-01,        -6.483508184716e-02
 2.40380000e+00,        +1.414213562373e-01,        +2.068595667507e-01,        -6.483564994926e-02
 2.40400000e+00,        +1.414213562373e-01,        +2.068395950265e-01,        -6.483621041646e-02
 2.40420000e+00,        +1.414213562373e-01,        +2.068196060311e-01,        -6.483676320845e-02
 2.40440000e+00,        +1.414213562373e-01,        +2.067995996124e-01,        -6.483730828428e-02
 2.40460000e+00,        +1.414213562373e-01,        +2.067795756156e-01,        -6.483784560227e-02
 2.40480000e+00,        +1.414213562373e-01,        +2.067595338833e-01,        -6.483837512007e-02
 2.40500000e+00,        +1.414213562373e-01,        +2.067394742554e-01,        -6.483889679461e-02
 2.40520000e+00,        +1.414213562373e-01,        +2.067193965692e-01,        -6.483941058210e-02
 2.40540000e+00,        +1.414213562373e-01,        +2.066993006589e-01,        -6.483991643799e-02
 2.40560000e+00,        +1.414213562373e-01,        +2.066791863562e-01,        -6.484041431698e-02
 2.40580000e+00,        +1.414213562373e-01,        +2.066590534895e-01,        -6.484090417301e-02
 2.40600000e+00,        +1.414213562373e-01,        +2.066389018846e-01,        -6.484138595920e-02
 2.40620000e+00,        +1.414213562373e-01,        +2.066187313638e-01,        -6.484185962789e-02
 2.40640000e+00,        +1.414213562373e-01,        +2.065985417467e-01,        -6.484232513057e-02
 2.40660000e+00,        +1.414213562373e-01,        +2.065783328493e-01,        -6.484278241790e-02
 2.40680000e+00,        +1.414213562373e-01,        +2.065581044846e-01,        -6.484323143968e-02
 2.40700000e+00,        +1.414213562373e-01,        +2.065378564621e-01,        -6.484367214482e-02
 2.40720000e+00,        +1.414213562373e-01,        +2.065175885879e-01,        -6.484410448133e-02
 2.40740000e+00,        +1.414213562373e-01,        +2.064973006646e-01,        -6.484452839631e-02
 2.40760000e+00,        +1.414213562373e-01,        +2.064769924911e-01,        -6.484494383589e-02
 2.40780000e+00,        +1.414213562373e-01,        +2.064566638629e-01,        -6.484535074525e-02
 2.40800000e+00,        +1.414213562373e-01,        +2.064363145713e-01,        -6.484574906860e-02
 2.40820000e+00,        +1.414213562373e-01,        +2.064159444041e-01,        -6.484613874910e-02
 2.40840000e+00,        +1.414213562373e-01,        +2.063955531451e-01,        -6.484651972892e-02
 2.40860000e+00,        +1.414213562373e-01,        +2.063751405738e-01,        -6.484689194913e-02
 2.40880000e+00,        +1.414213562373e-01,        +2.063547064658e-01,        -6.484725534974e-02
 2.40900000e+00,        +1.414213562373e-01,        +2.063342505924e-01,        -6.484760986964e-02
 2.40920000e+00,        +1.414213562373e-01,        +2.063137727206e-01,        -6.484795544660e-02
 2.40940000e+00,        +1.414213562373e-01,        +2.062932726128e-01,        -6.484829201719e-02
 2.40960000e+00,        +1.414213562373e-01,        +2.062727500270e-01,        -6.484861951682e-02
 2.40980000e+00,        +1.414213562373e-01,        +2.062522047163e-01,        -6.484893787967e-02
 2.41000000e+00,        +1.414213562373e-01,        +2.062316364294e-01,        -6.484924703865e-02
 2.41020000e+00,        +1.414213562373e-01,        +2.062110449096e-01,        -6.484954692539e-02
 2.41040000e+00,        +1.414213562373e-01,        +2.061904298957e-01,        -6.484983747023e-02
 2.41060000e+00,        +1.414213562373e-01,        +2.061697911208e-01,        -6.485011860211e-02
 2.41080000e+00,        +1.414213562373e-01,        +2.061491283132e-01,        -6.485039024864e-02
 2.41100000e+00,        +1.414213562373e-01,        +2.061284411955e-01,        -6.485065233597e-02
 2.41120000e+00,        +1.414213562373e-01,        +2.061077294848e-01,        -6.485090478880e-02
 2.41140000e+00,        +1.414213562373e-01,        +2.060869928925e-01,        -6.485114753035e-02
 2.41160000e+00,        +1.414213562373e-01,        +2.060662311241e-01,        -6.485138048230e-02
 2.41180000e+00,        +1.414213562373e-01,        +2.060454438793e-01,        -6.485160356475e-02
 2.41200000e+00,        +1.414213562373e-01,        +2.060246308514e-01,        -6.485181669619e-02
 2.41220000e+00,        +1.414213562373e-01,        +2.060037917275e-01,        -6.485201979345e-02
 2.41240000e+00,        +1.414213562373e-01,        +2.059829261883e-01,        -6.485221277165e-02
 2.41260000e+00,        +1.414213562373e-01,        +2.059620339077e-01,        -6.485239554418e-02
 2.41280000e+00,        +1.414213562373e-01,        +2.059411145529e-01,        -6.485256802261e-02
 2.41300000e+00,        +1.414213562373e-01,        +2.059201677840e-01,        -6.485273011670e-02
 2.41320000e+00,        +1.414213562373e-01,        +2.058991932540e-01,        -6.485288173428e-02
 2.41340000e+00,        +1.414213562373e-01,        +2.058781906084e-01,        -6.485302278125e-02
 2.41360000e+00,        +1.414213562373e-01,        +2.058571594851e-01,        -6.485315316150e-02
 2.41380000e+00,        +1.414213562373e-01,        +2.058360995144e-01,        -6.485327277689e-02
 2.41400000e+00,        +1.414213562373e-01,        +2.058150103184e-01,        -6.485338152713e-02
 2.41420000e+00,        +1.414213562373e-01,        +2.057938915110e-01,        -6.485347930978e-02
 2.41440000e+00,        +1.414213562373e-01,        +2.057727426978e-01,        -6.485356602015e-02
 2.41460000e+00,        +1.414213562373e-01,        +2.057515634755e-01,        -6.485364155127e-02
 2.41480000e+00,        +1.414213562373e-01,        +2.057303534319e-01,        -6.485370579379e-02
 2.41500000e+00,        +1.414213562373e-01,        +2.057091121458e-01,        -6.485375863592e-02
 2.41520000e+00,        +1.414213562373e-01,        +2.056878391863e-01,        -6.485379996340e-02
 2.41540000e+00,        +1.414213562373e-01,        +2.056665341130e-01,        -6.485382965935e-02
 2.41560000e+00,        +1.414213562373e-01,        +2.056451964754e-01,        -6.485384760426e-02
 2.41580000e+00,        +1.414213562373e-01,        +2.056238258128e-01,        -6.485385367590e-02
 2.41600000e+00,        +1.414213562373e-01,        +2.056024216537e-01,        -6.485384774921e-02
 2.41620000e+00,        +1.414213562373e-01,        +2.055809835160e-01,        -6.485382969624e-02
 2.41640000e+00,        +1.414213562373e-01,        +2.055595109063e-01,        -6.485379938604e-02
 2.41660000e+00,        +1.414213562373e-01,        +2.055380033196e-01,        -6.485375668462e-02
 2.41680000e+00,        +1.414213562373e-01,        +2.055164602391e-01,        -6.485370145480e-02
 2.41700000e+00,        +1.414213562373e-01,        +2.054948811358e-01,        -6.485363355613e-02
 2.41720000e+00,        +1.414213562373e-01,        +2.054732654680e-01,        -6.485355284481e-02
 2.41740000e+00,        +1.414213562373e-01,        +2.054516126811e-01,        -6.485345917357e-02
 2.41760000e+00,        +1.414213562373e-01,        +2.054299222071e-01,        -6.485335239154e-02
 2.41780000e+00,        +1.414213562373e-01,        +2.054081934642e-01,        -6.485323234417e-02
 2.41800000e+00,        +1.414213562373e-01,        +2.053864258566e-01,        -6.485309887312e-02
 2.41820000e+00,        +1.414213562373e-01,        +2.053646187737e-01,        -6.485295181610e-02
 2.41840000e+00,        +1.414213562373e-01,        +2.053427715897e-01,        -6.485279100676e-02
 2.41860000e+00,        +1.414213562373e-01,        +2.053208836634e-01,        -6.485261627458e-02
 2.41880000e+00,        +1.414213562373e-01,        +2.052989543377e-01,        -6.485242744471e-02
 2.41900000e+00,        +1.414213562373e-01,        +2.052769829385e-01,        -6.485222433783e-02
 2.41920000e+00,        +1.414213562373e-01,        +2.052549687750e-01,        -6.485200677001e-02
 2.41940000e+00,        +1.414213562373e-01,        +2.052329111386e-01,        -6.485177455256e-02
 2.41960000e+00,        +1.414213562373e-01,        +2.052108093025e-01,        -6.485152749187e-02
 2.41980000e+00,        +1.414213562373e-01,        +2.051886625213e-01,        -6.485126538924e-02
 2.42000000e+00,        +1.414213562373e-01,        +2.051664700298e-01,        -6.485098804068e-02
 2.42020000e+00,        +1.414213562373e-01,        +2.051442310431e-01,        -6.485069523681e-02
 2.42040000e+00,        +1.414213562373e-01,        +2.051219447555e-01,        -6.485038676258e-02
 2.42060000e+00,        +1.414213562373e-01,        +2.050996103397e-01,        -6.485006239714e-02
 2.42080000e+00,        +1.414213562373e-01,        +2.050772269465e-01,        -6.484972191362e-02
 2.42100000e+00,        +1.414213562373e-01,        +2.050547937038e-01,        -6.484936507888e-02
 2.42120000e+00,        +1.414213562373e-01,        +2.050323097158e-01,        -6.484899165337e-02
 2.42140000e+00,        +1.414213562373e-01,        +2.050097740622e-01,        -6.484860139082e-02
 2.42160000e+00,        +1.414213562373e-01,        +2.049871857974e-01,        -6.484819403806e-02
 2.42180000e+00,        +1.414213562373e-01,        +2.049645439497e-01,        -6.484776933473e-02
 2.42200000e+00,        +1.414213562373e-01,        +2.049418475203e-01,        -6.484732701304e-02
 2.42220000e+00,        +1.414213562373e-01,        +2.049190954822e-01,        -6.484686679750e-02
 2.42240000e+00,        +1.414213562373e-01,        +2.048962867795e-01,        -6.484638840462e-02
 2.42260000e+00,        +1.414213562373e-01,        +2.048734203262e-01,        -6.484589154263e-02
 2.42280000e+00,        +1.414213562373e-01,        +2.048504950049e-01,        -6.484537591115e-02
 2.42300000e+00,        +1.414213562373e-01,        +2.048275096661e-01,        -6.484484120091e-02
 2.42320000e+00,        +1.414213562373e-01,        +2.048044631269e-01,        -6.484428709334e-02
 2.42340000e+00,        +1.414213562373e-01,        +2.047813541695e-01,        -6.484371326028e-02
 2.42360000e+00,        +1.414213562373e-01,        +2.047581815402e-01,        -6.484311936358e-02
 2.42380000e+00,        +1.414213562373e-01,        +2.047349439477e-01,        -6.484250505472e-02
 2.42400000e+00,        +1.414213562373e-01,        +2.047116400624e-01,        -6.484186997440e-02
 2.42420000e+00,        +1.414213562373e-01,        +2.046882685141e-01,        -6.484121375211e-02
 2.42440000e+00,        +1.414213562373e-01,        +2.046648278910e-01,        -6.484053600569e-02
 2.42460000e+00,        +1.414213562373e-01,        +2.046413167378e-01,        -6.483983634087e-02
 2.42480000e+00,        +1.414213562373e-01,        +2.046177335543e-01,        -6.483911435078e-02
 2.42500000e+00,        +1.414213562373e-01,        +2.045940767935e-01,        -6.483836961539e-02
 2.42520000e+00,        +1.414213562373e-01,        +2.045703448594e-01,        -6.483760170106e-02
 2.42540000e+00,        +1.414213562373e-01,        +2.045465361059e-01,        -6.483681015990e-02
 2.42560000e+00,        +1.414213562373e-01,        +2.045226488340e-01,        -6.483599452920e-02
 2.42580000e+00,        +1.414213562373e-01,        +2.044986812899e-01,        -6.483515433079e-02
 2.42600000e+00,        +1.414213562373e-01,        +2.044746316629e-01,        -6.483428907044e-02
 2.42620000e+00,        +1.414213562373e-01,        +2.044504980832e-01,        -6.483339823710e-02
 2.42640000e+00,        +1.414213562373e-01,        +2.044262786189e-01,        -6.483248130220e-02
 2.42660000e+00,        +1.414213562373e-01,        +2.044019712739e-01,        -6.483153771892e-02
 2.42680000e+00,        +1.414213562373e-01,        +2.043775739851e-01,        -6.483056692133e-02
 2.42700000e+00,        +1.414213562373e-01,        +2.043530846194e-01,        -6.482956832357e-02
 2.42720000e+00,        +1.414213562373e-01,        +2.043285009710e-01,        -6.482854131900e-02
 2.42740000e+00,        +1.414213562373e-01,        +2.043038207579e-01,        -6.482748527916e-02
 2.42760000e+00,        +1.414213562373e-01,        +2.042790416187e-01,        -6.482639955289e-02
 2.42780000e+00,        +1.414213562373e-01,        +2.042541611095e-01,        -6.482528346521e-02
 2.42800000e+00,        +1.414213562373e-01,        +2.042291766995e-01,        -6.482413631624e-02
 2.42820000e+00,        +1.414213562373e-01,        +2.042040857679e-01,        -6.482295738003e-02
 2.42840000e+00,        +1.414213562373e-01,        +2.041788855992e-01,        -6.482174590334e-02
 2.42860000e+00,        +1.414213562373e-01,        +2.041535733793e-01,        -6.482050110433e-02
 2.42880000e+00,        +1.414213562373e-01,        +2.041281461908e-01,        -6.481922217117e-02
 2.42900000e+00,        +1.414213562373e-01,        +2.041026010083e-01,        -6.481790826061e-02
 2.42920000e+00,        +1.414213562373e-01,        +2.040769346932e-01,        -6.481655849640e-02
 2.42940000e+00,        +1.414213562373e-01,        +2.040511439885e-01,        -6.481517196770e-02
 2.42960000e+00,        +1.414213562373e-01,        +2.040252255130e-01,        -6.481374772729e-02
 2.42980000e+00,        +1.414213562373e-01,        +2.039991757557e-01,        -6.481228478980e-02
 2.43000000e+00,        +1.414213562373e-01,        +2.039729910688e-01,        -6.481078212970e-02
 2.43020000e+00,        +1.414213562373e-01,        +2.039466676617e-01,        -6.480923867926e-02
 2.43040000e+00,        +1.414213562373e-01,        +2.039202015936e-01,        -6.480765332634e-02
 2.43060000e+00,        +1.414213562373e-01,        +2.038935887658e-01,        -6.480602491205e-02
 2.43080000e+00,        +1.414213562373e-01,        +2.038668249141e-01,        -6.480435222826e-02
 2.43100000e+00,        +1.414213562373e-01,        +2.038399056001e-01,        -6.480263401497e-02
 2.43120000e+00,        +1.414213562373e-01,        +2.038128262021e-01,        -6.480086895745e-02
 2.43140000e+00,        +1.414213562373e-01,        +2.037855819060e-01,        -6.479905568328e-02
 2.43160000e+00,        +1.414213562373e-01,        +2.037581676946e-01,        -6.479719275910e-02
 2.43180000e+00,        +1.414213562373e-01,        +2.037305783372e-01,        -6.479527868721e-02
 2.43200000e+00,        +1.414213562373e-01,        +2.037028083778e-01,        -6.479331190191e-02
 2.43220000e+00,        +1.414213562373e-01,        +2.036748521231e-01,        -6.479129076560e-02
 2.43240000e+00,        +1.414213562373e-01,        +2.036467036294e-01,        -6.478921356458e-02
 2.43260000e+00,        +1.414213562373e-01,        +2.036183566883e-01,        -6.478707850459e-02
 2.43280000e+00,        +1.414213562373e-01,        +2.035898048124e-01,        -6.478488370602e-02
 2.43300000e+00,        +1.414213562373e-01,        +2.035610412189e-01,        -6.478262719878e-02
 2.43320000e+00,        +1.414213562373e-01,        +2.035320588131e-01,        -6.478030691675e-02
 2.43340000e+00,        +1.414213562373e-01,        +2.035028501697e-01,        -6.477792069191e-02
 2.43360000e+00,        +1.414213562373e-01,        +2.034734075136e-01,        -6.477546624795e-02
 2.43380000e+00,        +1.414213562373e-01,        +2.034437226993e-01,        -6.477294119344e-02
 2.43400000e+00,        +1.414213562373e-01,        +2.034137871879e-01,        -6.477034301444e-02
 2.43420000e+00,        +1.414213562373e-01,        +2.033835920238e-01,        -6.476766906661e-02
 2.43440000e+00,        +1.414213562373e-01,        +2.033531278085e-01,        -6.476491656660e-02
 2.43460000e+00,        +1.414213562373e-01,        +2.033223846729e-01,        -6.476208258283e-02
 2.43480000e+00,        +1.414213562373e-01,        +2.032913522477e-01,        -6.475916402552e-02
 2.43500000e+00,        +1.414213562373e-01,        +2.032600196309e-01,        -6.475615763585e-02
 2.43520000e+00,        +1.414213562373e-01,        +2.032283753537e-01,        -6.475305997430e-02
 2.43540000e+00,        +1.414213562373e-01,        +2.031964073427e-01,        -6.474986740793e-02
 2.43560000e+00,        +1.414213562373e-01,        +2.031641028796e-01,        -6.474657609668e-02
 2.43580000e+00,        +1.414213562373e-01,        +2.031314485581e-01,        -6.474318197836e-02
 2.43600000e+00,        +1.414213562373e-01,        +2.030984302356e-01,        -6.473968075245e-02
 2.43620000e+00,        +1.414213562373e-01,        +2.030650329833e-01,        -6.473606786238e-02
 2.43640000e+00,        +1.414213562373e-01,        +2.030312410296e-01,        -6.473233847624e-02
 2.43660000e+00,        +1.414213562373e-01,        +2.029970377008e-01,        -6.472848746572e-02
 2.43680000e+00,        +1.414213562373e-01,        +2.029624053549e-01,        -6.472450938311e-02
 2.43700000e+00,        +1.414213562373e-01,        +2.029273253106e-01,        -6.472039843613e-02
 2.43720000e+00,        +1.414213562373e-01,        +2.028917777697e-01,        -6.471614846033e-02
 2.43740000e+00,        +1.414213562373e-01,        +2.028557417323e-01,        -6.471175288881e-02
 2.43760000e+00,        +1.414213562373e-01,        +2.028191949043e-01,        -6.470720471899e-02
 2.43780000e+00,        +1.414213562373e-01,        +2.027821135960e-01,        -6.470249647597e-02
 2.43800000e+00,        +1.414213562373e-01,        +2.027444726114e-01,        -6.469762017222e-02
 2.43820000e+00,        +1.414213562373e-01,        +2.027062451263e-01,        -6.469256726303e-02
 2.43840000e+00,        +1.414213562373e-01,        +2.026674025552e-01,        -6.468732859732e-02
 2.43860000e+00,        +1.414213562373e-01,        +2.026279144039e-01,        -6.468189436310e-02
 2.43880000e+00,        +1.414213562373e-01,        +2.025877481075e-01,        -6.467625402698e-02
 2.43900000e+00,        +1.414213562373e-01,        +2.025468688524e-01,        -6.467039626700e-02
 2.43920000e+00,        +1.414213562373e-01,        +2.025052393778e-01,        -6.466430889778e-02
 2.43940000e+00,        +1.414213562373e-01,        +2.024628197581e-01,        -6.465797878708e-02
 2.43960000e+00,        +1.414213562373e-01,        +2.024195671596e-01,        -6.465139176250e-02
 2.43980000e+00,        +1.414213562373e-01,        +2.023754355714e-01,        -6.464453250699e-02
 2.44000000e+00,        +1.414213562373e-01,        +2.023303755053e-01,        -6.463738444164e-02
 2.44020000e+00,        +1.414213562373e-01,        +2.022843336614e-01,        -6.462992959376e-02
 2.44040000e+00,        +1.414213562373e-01,        +2.022372525541e-01,        -6.462214844820e-02
 2.44060000e+00,        +1.414213562373e-01,        +2.021890700932e-01,        -6.461401977936e-02
 2.44080000e+00,        +1.414213562373e-01,        +2.021397191139e-01,        -6.460552046086e-02
 2.44100000e+00,        +1.414213562373e-01,        +2.020891268482e-01,        -6.459662524935e-02
 2.44120000e+00,        +1.414213562373e-01,        +2.020372143286e-01,        -6.458730653839e-02
 2.44140000e+00,        +1.414213562373e-01,        +2.019838957143e-01,        -6.457753407737e-02
 2.44160000e+00,        +1.414213562373e-01,        +2.019290775271e-01,        -6.456727464962e-02
 2.44180000e+00,        +1.414213562373e-01,        +2.018726577847e-01,        -6.455649170262e-02
 2.44200000e+00,        +1.414213562373e-01,        +2.018145250110e-01,        -6.454514492194e-02
 2.44220000e+00,        +1.414213562373e-01,        +2.017545571076e-01,        -6.453318973862e-02
 2.44240000e+00,        +1.414213562373e-01,        +2.016926200589e-01,        -6.452057675767e-02
 2.44260000e+00,        +1.414213562373e-01,        +2.016285664439e-01,        -6.450725109264e-02
 2.44280000e+00,        +1.414213562373e-01,        +2.015622337200e-01,        -6.449315158789e-02
 2.44300000e+00,        +1.414213562373e-01,        +2.014934422358e-01,        -6.447820990598e-02
 2.44320000e+00,        +1.414213562373e-01,        +2.014219929237e-01,        -6.446234945216e-02
 2.44340000e+00,        +1.414213562373e-01,        +2.013476646088e-01,        -6.444548410153e-02
 2.44360000e+00,        +1.414213562373e-01,        +2.012702108583e-01,        -6.442751668537e-02
 2.44380000e+00,        +1.414213562373e-01,        +2.011893562778e-01,        -6.440833718237e-02
 2.44400000e+00,        +1.414213562373e-01,        +2.011047921382e-01,        -6.438782054592e-02
 2.44420000e+00,        +1.414213562373e-01,        +2.010161711860e-01,        -6.436582407981e-02
 2.44440000e+00,        +1.414213562373e-01,        +2.009231014578e-01,        -6.434218425002e-02
 2.44460000e+00,        +1.414213562373e-01,        +2.008251388652e-01,        -6.431671278728e-02
 2.44480000e+00,        +1.414213562373e-01,        +2.007217782589e-01,        -6.428919189117e-02
 2.44500000e+00,        +1.414213562373e-01,        +2.006124425955e-01,        -6.425936828699e-02
 2.44520000e+00,        +1.414213562373e-01,        +2.004964697223e-01,        -6.422694580550e-02
 2.44540000e+00,        +1.414213562373e-01,        +2.003730961475e-01,        -6.419157604362e-02
 2.44560000e+00,        +1.414213562373e-01,        +2.002414369663e-01,        -6.415284650784e-02
 2.44580000e+00,        +1.414213562373e-01,        +2.001004608430e-01,        -6.411026542163e-02
 2.44600000e+00,        +1.414213562373e-01,        +1.999489585755e-01,        -6.406324206225e-02
 2.44620000e+00,        +1.414213562373e-01,        +1.997855032494e-01,        -6.401106103419e-02
 2.44640000e+00,        +1.414213562373e-01,        +1.996083992523e-01,        -6.395284821180e-02
 2.44660000e+00,        +1.414213562373e-01,        +1.994156163706e-01,        -6.388752507244e-02
 2.44680000e+00,        +1.414213562373e-01,        +1.992047036634e-01,        -6.381374660078e-02
 2.44700000e+00,        +1.414213562373e-01,        +1.989726755674e-01,        -6.372981554852e-02
 2.44720000e+00,        +1.414213562373e-01,        +1.987158593322e-01,        -6.363356202892e-02
 2.44740000e+00,        +1.414213562373e-01,        +1.984296877922e-01,        -6.352217123916e-02
 2.44760000e+00,        +1.414213562373e-01,        +1.981084136111e-01,        -6.339193178194e-02
 2.44780000e+00,        +1.414213562373e-01,        +1.977447087579e-01,        -6.323785933694e-02
 2.44800000e+00,        +1.414213562373e-01,        +1.973290931736e-01,        -6.305311901802e-02
 2.44820000e+00,        +1.414213562373e-01,        +1.968491044185e-01,        -6.282811203372e-02
 2.44840000e+00,        +1.414213562373e-01,        +1.962880672300e-01,        -6.254898185343e-02
 2.44860000e+00,        +1.414213562373e-01,        +1.956232350622e-01,        -6.219507398194e-02
 2.44880000e+00,        +1.414213562373e-01,        +1.948229369243e-01,        -6.173441705884e-02
 2.44900000e+00,        +1.414213562373e-01,        +1.938421652617e-01,        -6.111524900947e-02
 2.44920000e+00,        +1.414213562373e-01,        +1.926158854465e-01,        -6.024911155563e-02
 2.44940000e+00,        +1.414213562373e-01,        +1.910499639563e-01,        -5.897457734652e-02
 2.44960000e+00,        +1.414213562373e-01,        +1.890151881791e-01,        -5.697261696662e-02
 2.44980000e+00,        +1.414213562373e-01,        +1.863848042243e-01,        -5.355102775442e-02
 2.45000000e+00,        +1.414213562373e-01,        +1.833754042692e-01,        -4.706938707213e-02
 2.45020000e+00,        +1.414213562373e-01,        +1.828375852674e-01,        -3.386342071321e-02
 2.45040000e+00,        +1.414213562373e-01,        +1.993966886911e-01,        -1.493707180015e-02
 2.45060000e+00,        +1.414213562373e-01,        +2.304380096449e-01,        -2.563642600903e-02
 2.45080000e+00,        +1.414213562373e-01,        +2.328915370180e-01,        -4.818585711762e-02
 2.45100000e+00,        +1.414213562373e-01,        +2.265633000404e-01,        -5.809275073638e-02
 2.45120000e+00,        +1.414213562373e-01,        +2.214053716718e-01,        -6.202079433982e-02
 2.45140000e+00,        +1.414213562373e-01,        +2.178139819411e-01,        -6.375652950584e-02
 2.45160000e+00,        +1.414213562373e-01,        +2.152770962797e-01,        -6.460551322513e-02
 2.45180000e+00,        +1.414213562373e-01,        +2.134180478750e-01,        -6.505189794869e-02
 2.45200000e+00,        +1.414213562373e-01,        +2.120063394999e-01,        -6.529756414842e-02
 2.45220000e+00,        +1.414213562373e-01,        +2.109010029523e-01,        -6.543571100227e-02
 2.45240000e+00,        +1.414213562373e-01,        +2.100130448943e-01,        -6.551303429524e-02
 2.45260000e+00,        +1.414213562373e-01,        +2.092842000870e-01,        -6.555450739248e-02
 2.45280000e+00,        +1.414213562373e-01,        +2.086749889131e-01,        -6.557420305998e-02
 2.45300000e+00,        +1.414213562373e-01,        +2.081578267427e-01,        -6.558039301333e-02
 2.45320000e+00,        +1.414213562373e-01,        +2.077129125992e-01,        -6.557810809616e-02
 2.45340000e+00,        +1.414213562373e-01,        +2.073256923886e-01,        -6.557049368246e-02
 2.45360000e+00,        +1.414213562373e-01,        +2.069852438490e-01,        -6.555956020782e-02
 2.45380000e+00,        +1.414213562373e-01,        +2.066832185776e-01,        -6.554661499151e-02
 2.45400000e+00,        +1.414213562373e-01,        +2.064131309362e-01,        -6.553251900343e-02
 2.45420000e+00,        +1.414213562373e-01,        +2.061698689221e-01,        -6.551784395104e-02
 2.45440000e+00,        +1.414213562373e-01,        +2.059493506436e-01,        -6.550297079150e-02
 2.45460000e+00,        +1.414213562373e-01,        +2.057482784825e-01,        -6.548815285877e-02
 2.45480000e+00,        +1.414213562373e-01,        +2.055639601492e-01,        -6.547355708609e-02
 2.45500000e+00,        +1.414213562373e-01,        +2.053941764045e-01,        -6.545929137174e-02
 2.45520000e+00,        +1.414213562373e-01,        +2.052370818924e-01,        -6.544542300884e-02
 2.45540000e+00,        +1.414213562373e-01,        +2.050911298348e-01,        -6.543199125221e-02
 2.45560000e+00,        +1.414213562373e-01,        +2.049550141684e-01,        -6.541901597949e-02
 2.45580000e+00,        +1.414213562373e-01,        +2.048276245987e-01,        -6.540650371401e-02
 2.45600000e+00,        +1.414213562373e-01,        +2.047080113364e-01,        -6.539445184390e-02
 2.45620000e+00,        +1.414213562373e-01,        +2.045953571734e-01,        -6.538285159446e-02
 2.45640000e+00,        +1.414213562373e-01,        +2.044889551793e-01,        -6.537169013045e-02
 2.45660000e+00,        +1.414213562373e-01,        +2.043881907449e-01,        -6.536095204602e-02
 2.45680000e+00,        +1.414213562373e-01,        +2.042925270160e-01,        -6.535062042053e-02
 2.45700000e+00,        +1.414213562373e-01,        +2.042014929972e-01,        -6.534067756481e-02
 2.45720000e+00,        +1.414213562373e-01,        +2.041146737695e-01,        -6.533110554538e-02
 2.45740000e+00,        +1.414213562373e-01,        +2.040317023997e-01,        -6.532188654900e-02
 2.45760000e+00,        +1.414213562373e-01,        +2.039522532085e-01,        -6.531300313203e-02
 2.45780000e+00,        +1.414213562373e-01,        +2.038760361397e-01,        -6.530443838651e-02
 2.45800000e+00,        +1.414213562373e-01,        +2.038027920254e-01,        -6.529617604615e-02
 2.45820000e+00,        +1.414213562373e-01,        +2.037322885866e-01,        -6.528820054911e-02
 2.45840000e+00,        +1.414213562373e-01,        +2.036643170379e-01,        -6.528049706970e-02
 2.45860000e+00,        +1.414213562373e-01,        +2.035986891941e-01,        -6.527305152806e-02
 2.45880000e+00,        +1.414213562373e-01,        +2.035352349934e-01,        -6.526585058427e-02
 2.45900000e+00,        +1.414213562373e-01,        +2.034738003689e-01,        -6.525888162186e-02
 2.45920000e+00,        +1.414213562373e-01,        +2.034142454133e-01,        -6.525213272404e-02
 2.45940000e+00,        +1.414213562373e-01,        +2.033564427904e-01,        -6.524559264543e-02
 2.45960000e+00,        +1.414213562373e-01,        +2.033002763550e-01,        -6.523925078099e-02
 2.45980000e+00,        +1.414213562373e-01,        +2.032456399513e-01,        -6.523309713362e-02
 2.46000000e+00,        +1.414213562373e-01,        +2.031924363620e-01,        -6.522712228133e-02
 2.46020000e+00,        +1.414213562373e-01,        +2.031405763881e-01,        -6.522131734478e-02
 2.46040000e+00,        +1.414213562373e-01,        +2.030899780390e-01,        -6.521567395546e-02
 2.46060000e+00,        +1.414213562373e-01,        +2.030405658193e-01,        -6.521018422511e-02
 2.46080000e+00,        +1.414213562373e-01,        +2.029922700988e-01,        -6.520484071633e-02
 2.46100000e+00,        +1.414213562373e-01,        +2.029450265538e-01,        -6.519963641469e-02
 2.46120000e+00,        +1.414213562373e-01,        +2.028987756714e-01,        -6.519456470225e-02
 2.46140000e+00,        +1.414213562373e-01,        +2.028534623083e-01,        -6.518961933262e-02
 2.46160000e+00,        +1.414213562373e-01,        +2.028090352970e-01,        -6.518479440755e-02
 2.46180000e+00,        +1.414213562373e-01,        +2.027654470941e-01,        -6.518008435485e-02
 2.46200000e+00,        +1.414213562373e-01,        +2.027226534650e-01,        -6.517548390784e-02
 2.46220000e+00,        +1.414213562373e-01,        +2.026806132013e-01,        -6.517098808604e-02
 2.46240000e+00,        +1.414213562373e-01,        +2.026392878664e-01,        -6.516659217716e-02
 2.46260000e+00,        +1.414213562373e-01,        +2.025986415659e-01,        -6.516229172032e-02
 2.46280000e+00,        +1.414213562373e-01,        +2.025586407417e-01,        -6.515808249030e-02
 2.46300000e+00,        +1.414213562373e-01,        +2.025192539842e-01,        -6.515396048299e-02
 2.46320000e+00,        +1.414213562373e-01,        +2.024804518636e-01,        -6.514992190168e-02
 2.46340000e+00,        +1.414213562373e-01,        +2.024422067763e-01,        -6.514596314439e-02
 2.46360000e+00,        +1.414213562373e-01,        +2.024044928049e-01,        -6.514208079202e-02
 2.46380000e+00,        +1.414213562373e-01,        +2.023672855923e-01,        -6.513827159727e-02
 2.46400000e+00,        +1.414213562373e-01,        +2.023305622250e-01,        -6.513453247433e-02
 2.46420000e+00,        +1.414213562373e-01,        +2.022943011286e-01,        -6.513086048931e-02
 2.46440000e+00,        +1.414213562373e-01,        +2.022584819707e-01,        -6.512725285126e-02
 2.46460000e+00,        +1.414213562373e-01,        +2.022230855732e-01,        -6.512370690374e-02
 2.46480000e+00,        +1.414213562373e-01,        +2.021880938312e-01,        -6.512022011712e-02
 2.46500000e+00,        +1.414213562373e-01,        +2.021534896393e-01,        -6.511679008118e-02
 2.46520000e+00,        +1.414213562373e-01,        +2.021192568232e-01,        -6.511341449835e-02
 2.46540000e+00,        +1.414213562373e-01,        +2.020853800773e-01,        -6.511009117731e-02
 2.46560000e+00,        +1.414213562373e-01,        +2.020518449072e-01,        -6.510681802705e-02
 2.46580000e+00,        +1.414213562373e-01,        +2.020186375765e-01,        -6.510359305130e-02
 2.46600000e+00,        +1.414213562373e-01,        +2.019857450579e-01,        -6.510041434328e-02
 2.46620000e+00,        +1.414213562373e-01,        +2.019531549882e-01,        -6.509728008083e-02
 2.46640000e+00,        +1.414213562373e-01,        +2.019208556261e-01,        -6.509418852185e-02
 2.46660000e+00,        +1.414213562373e-01,        +2.018888358137e-01,        -6.509113799996e-02
 2.46680000e+00,        +1.414213562373e-01,        +2.018570849410e-01,        -6.508812692054e-02
 2.46700000e+00,        +1.414213562373e-01,        +2.018255929121e-01,        -6.508515375688e-02
 2.46720000e+00,        +1.414213562373e-01,        +2.017943501148e-01,        -6.508221704668e-02
 2.46740000e+00,        +1.414213562373e-01,        +2.017633473917e-01,        -6.507931538871e-02
 2.46760000e+00,        +1.414213562373e-01,        +2.017325760139e-01,        -6.507644743966e-02
 2.46780000e+00,        +1.414213562373e-01,        +2.017020276558e-01,        -6.507361191123e-02
 2.46800000e+00,        +1.414213562373e-01,        +2.016716943723e-01,        -6.507080756731e-02
 2.46820000e+00,        +1.414213562373e-01,        +2.016415685772e-01,        -6.506803322142e-02
 2.46840000e+00,        +1.414213562373e-01,        +2.016116430230e-01,        -6.506528773422e-02
 2.46860000e+00,        +1.414213562373e-01,        +2.015819107825e-01,        -6.506257001124e-02
 2.46880000e+00,        +1.414213562373e-01,        +2.015523652310e-01,        -6.505987900063e-02
 2.46900000e+00,        +1.414213562373e-01,        +2.015230000299e-01,        -6.505721369118e-02
 2.46920000e+00,        +1.414213562373e-01,        +2.014938091116e-01,        -6.505457311030e-02
 2.46940000e+00,        +1.414213562373e-01,        +2.014647866649e-01,        -6.505195632227e-02
 2.46960000e+00,        +1.414213562373e-01,        +2.014359271219e-01,        -6.504936242645e-02
 2.46980000e+00,        +1.414213562373e-01,        +2.014072251450e-01,        -6.504679055567e-02
 2.47000000e+00,        +1.414213562373e-01,        +2.013786756152e-01,        -6.504423987466e-02
 2.47020000e+00,        +1.414213562373e-01,        +2.013502736211e-01,        -6.504170957862e-02
 2.47040000e+00,        +1.414213562373e-01,        +2.013220144483e-01,        -6.503919889183e-02
 2.47060000e+00,        +1.414213562373e-01,        +2.012938935698e-01,        -6.503670706631e-02
 2.47080000e+00,        +1.414213562373e-01,        +2.012659066366e-01,        -6.503423338061e-02
 2.47100000e+00,        +1.414213562373e-01,        +2.012380494688e-01,        -6.503177713864e-02
 2.47120000e+00,        +1.414213562373e-01,        +2.012103180480e-01,        -6.502933766852e-02
 2.47140000e+00,        +1.414213562373e-01,        +2.011827085089e-01,        -6.502691432154e-02
 2.47160000e+00,        +1.414213562373e-01,        +2.011552171324e-01,        -6.502450647120e-02
 2.47180000e+00,        +1.414213562373e-01,        +2.011278403387e-01,        -6.502211351218e-02
 2.47200000e+00,        +1.414213562373e-01,        +2.011005746809e-01,        -6.501973485949e-02
 2.47220000e+00,        +1.414213562373e-01,        +2.010734168385e-01,        -6.501736994761e-02
 2.47240000e+00,        +1.414213562373e-01,        +2.010463636120e-01,        -6.501501822964e-02
 2.47260000e+00,        +1.414213562373e-01,        +2.010194119173e-01,        -6.501267917658e-02
 2.47280000e+00,        +1.414213562373e-01,        +2.009925587803e-01,        -6.501035227652e-02
 2.47300000e+00,        +1.414213562373e-01,        +2.009658013323e-01,        -6.500803703401e-02
 2.47320000e+00,        +1.414213562373e-01,        +2.009391368053e-01,        -6.500573296936e-02
 2.47340000e+00,        +1.414213562373e-01,        +2.009125625275e-01,        -6.500343961799e-02
 2.47360000e+00,        +1.414213562373e-01,        +2.008860759191e-01,        -6.500115652984e-02
 2.47380000e+00,        +1.414213562373e-01,        +2.008596744885e-01,        -6.499888326880e-02
 2.47400000e+00,        +1.414213562373e-01,        +2.008333558282e-01,        -6.499661941216e-02
 2.47420000e+00,        +1.414213562373e-01,        +2.008071176118e-01,        -6.499436455005e-02
 2.47440000e+00,        +1.414213562373e-01,        +2.007809575900e-01,        -6.499211828501e-02
 2.47460000e+00,        +1.414213562373e-01,        +2.007548735880e-01,        -6.498988023143e-02
 2.47480000e+00,        +1.414213562373e-01,        +2.007288635017e-01,        -6.498765001515e-02
 2.47500000e+00,        +1.414213562373e-01,        +2.007029252956e-01,        -6.498542727301e-02
 2.47520000e+00,        +1.414213562373e-01,        +2.006770569994e-01,        -6.498321165244e-02
 2.47540000e+00,        +1.414213562373e-01,        +2.006512567056e-01,        -6.498100281104e-02
 2.47560000e+00,        +1.414213562373e-01,        +2.006255225671e-01,        -6.497880041624e-02
 2.47580000e+00,        +1.414213562373e-01,        +2.005998527947e-01,        -6.497660414488e-02
 2.47600000e+00,        +1.414213562373e-01,        +2.005742456546e-01,        -6.497441368294e-02
 2.47620000e+00,        +1.414213562373e-01,        +2.005486994668e-01,        -6.497222872512e-02
 2.47640000e+00,        +1.414213562373e-01,        +2.005232126023e-01,        -6.497004897459e-02
 2.47660000e+00,        +1.414213562373e-01,        +2.004977834819e-01,        -6.496787414268e-02
 2.47680000e+00,        +1.414213562373e-01,        +2.004724105737e-01,        -6.496570394852e-02
 2.47700000e+00,        +1.414213562373e-01,        +2.004470923915e-01,        -6.496353811887e-02
 2.47720000e+00,        +1.414213562373e-01,        +2.004218274932e-01,        -6.496137638774e-02
 2.47740000e+00,        +1.414213562373e-01,        +2.003966144791e-01,        -6.495921849624e-02
 2.47760000e+00,        +1.414213562373e-01,        +2.003714519900e-01,        -6.495706419224e-02
 2.47780000e+00,        +1.414213562373e-01,        +2.003463387065e-01,        -6.495491323019e-02
 2.47800000e+00,        +1.414213562373e-01,        +2.003212733466e-01,        -6.495276537089e-02
 2.47820000e+00,        +1.414213562373e-01,        +2.002962546651e-01,        -6.495062038125e-02
 2.47840000e+00,        +1.414213562373e-01,        +2.002712814517e-01,        -6.494847803411e-02
 2.47860000e+00,        +1.414213562373e-01,        +2.002463525302e-01,        -6.494633810799e-02
 2.47880000e+00,        +1.414213562373e-01,        +2.002214667572e-01,        -6.494420038698e-02
 2.47900000e+00,        +1.414213562373e-01,        +2.001966230206e-01,        -6.494206466048e-02
 2.47920000e+00,        +1.414213562373e-01,        +2.001718202390e-01,        -6.493993072304e-02
 2.47940000e+00,        +1.414213562373e-01,        +2.001470573601e-01,        -6.493779837423e-02
 2.47960000e+00,        +1.414213562373e-01,        +2.001223333604e-01,        -6.493566741843e-02
 2.47980000e+00,        +1.414213562373e-01,        +2.000976472435e-01,        -6.493353766469e-02
 2.48000000e+00,        +1.414213562373e-01,        +2.000729980395e-01,        -6.493140892658e-02
 2.48020000e+00,        +1.414213562373e-01,        +2.000483848041e-01,        -6.492928102203e-02
 2.48040000e+00,        +1.414213562373e-01,        +2.000238066178e-01,        -6.492715377322e-02
 2.48060000e+00,        +1.414213562373e-01,        +1.999992625850e-01,        -6.492502700642e-02
 2.48080000e+00,        +1.414213562373e-01,        +1.999747518330e-01,        -6.492290055185e-02
 2.48100000e+00,        +1.414213562373e-01,        +1.999502735116e-01,        -6.492077424360e-02
 2.48120000e+00,        +1.414213562373e-01,        +1.999258267922e-01,        -6.491864791946e-02
 2.48140000e+00,        +1.414213562373e-01,        +1.999014108670e-01,        -6.491652142082e-02
 2.48160000e+00,        +1.414213562373e-01,        +1.998770249486e-01,        -6.491439459257e-02
 2.48180000e+00,        +1.414213562373e-01,        +1.998526682689e-01,        -6.491226728300e-02
 2.48200000e+00,        +1.414213562373e-01,        +1.998283400789e-01,        -6.491013934365e-02
 2.48220000e+00,        +1.414213562373e-01,        +1.998040396480e-01,        -6.490801062927e-02
 2.48240000e+00,        +1.414213562373e-01,        +1.997797662632e-01,        -6.490588099765e-02
 2.48260000e+00,        +1.414213562373e-01,        +1.997555192289e-01,        -6.490375030962e-02
 2.48280000e+00,        +1.414213562373e-01,        +1.997312978660e-01,        -6.490161842888e-02
 2.48300000e+00,        +1.414213562373e-01,        +1.997071015117e-01,        -6.489948522194e-02
 2.48320000e+00,        +1.414213562373e-01,        +1.996829295185e-01,        -6.489735055805e-02
 2.48340000e+00,        +1.414213562373e-01,        +1.996587812545e-01,        -6.489521430910e-02
 2.48360000e+00,        +1.414213562373e-01,        +1.996346561023e-01,        -6.489307634955e-02
 2.48380000e+00,        +1.414213562373e-01,        +1.996105534588e-01,        -6.489093655636e-02
 2.48400000e+00,        +1.414213562373e-01,        +1.995864727346e-01,        -6.488879480889e-02
 2.48420000e+00,        +1.414213562373e-01,        +1.995624133538e-01,        -6.488665098886e-02
 2.48440000e+00,        +1.414213562373e-01,        +1.995383747537e-01,        -6.488450498029e-02
 2.48460000e+00,        +1.414213562373e-01,        +1.995143563838e-01,        -6.488235666937e-02
 2.48480000e+00,        +1.414213562373e-01,        +1.994903577063e-01,        -6.488020594449e-02
 2.48500000e+00,        +1.414213562373e-01,        +1.994663781951e-01,        -6.487805269610e-02
 2.48520000e+00,        +1.414213562373e-01,        +1.994424173354e-01,        -6.487589681667e-02
 2.48540000e+00,        +1.414213562373e-01,        +1.994184746240e-01,        -6.487373820066e-02
 2.48560000e+00,        +1.414213562373e-01,        +1.993945495685e-01,        -6.487157674445e-02
 2.48580000e+00,        +1.414213562373e-01,        +1.993706416868e-01,        -6.486941234626e-02
 2.48600000e+00,        +1.414213562373e-01,        +1.993467505074e-01,        -6.486724490614e-02
 2.48620000e+00,        +1.414213562373e-01,        +1.993228755685e-01,        -6.486507432587e-02
 2.48640000e+00,        +1.414213562373e-01,        +1.992990164182e-01,        -6.486290050896e-02
 2.48660000e+00,        +1.414213562373e-01,        +1.992751726139e-01,        -6.486072336057e-02
 2.48680000e+00,        +1.414213562373e-01,        +1.992513437222e-01,        -6.485854278749e-02
 2.48700000e+00,        +1.414213562373e-01,        +1.992275293187e-01,        -6.485635869806e-02
 2.48720000e+00,        +1.414213562373e-01,        +1.992037289873e-01,        -6.485417100216e-02
 2.48740000e+00,        +1.414213562373e-01,        +1.991799423207e-01,        -6.485197961114e-02
 2.48760000e+00,        +1.414213562373e-01,        +1.991561689197e-01,        -6.484978443780e-02
 2.48780000e+00,        +1.414213562373e-01,        +1.991324083927e-01,        -6.484758539635e-02
 2.48800000e+00,        +1.414213562373e-01,        +1.991086603564e-01,        -6.484538240235e-02
 2.48820000e+00,        +1.414213562373e-01,        +1.990849244345e-01,        -6.484317537271e-02
 2.48840000e+00,        +1.414213562373e-01,        +1.990612002585e-01,        -6.484096422561e-02
 2.48860000e+00,        +1.414213562373e-01,        +1.990374874665e-01,        -6.483874888050e-02
 2.48880000e+00,        +1.414213562373e-01,        +1.990137857040e-01,        -6.483652925804e-02
 2.48900000e+00,        +1.414213562373e-01,        +1.989900946231e-01,        -6.483430528009e-02
 2.48920000e+00,        +1.414213562373e-01,        +1.989664138822e-01,        -6.483207686967e-02
 2.48940000e+00,        +1.414213562373e-01,        +1.989427431466e-01,        -6.482984395092e-02
 2.48960000e+00,        +1.414213562373e-01,        +1.989190820873e-01,        -6.482760644907e-02
 2.48980000e+00,        +1.414213562373e-01,        +1.988954303817e-01,        -6.482536429042e-02
 2.49000000e+00,        +1.414213562373e-01,        +1.988717877131e-01,        -6.482311740233e-02
 2.49020000e+00,        +1.414213562373e-01,        +1.988481537703e-01,        -6.482086571313e-02
 2.49040000e+00,        +1.414213562373e-01,        +1.988245282479e-01,        -6.481860915216e-02
 2.49060000e+00,        +1.414213562373e-01,        +1.988009108460e-01,        -6.481634764971e-02
 2.49080000e+00,        +1.414213562373e-01,        +1.987773012698e-01,        -6.481408113700e-02
 2.49100000e+00,        +1.414213562373e-01,        +1.987536992298e-01,        -6.481180954617e-02
 2.49120000e+00,        +1.414213562373e-01,        +1.987301044415e-01,        -6.480953281021e-02
 2.49140000e+00,        +1.414213562373e-01,        +1.987065166255e-01,        -6.480725086301e-02
 2.49160000e+00,        +1.414213562373e-01,        +1.986829355069e-01,        -6.480496363925e-02
 2.49180000e+00,        +1.414213562373e-01,        +1.986593608156e-01,        -6.480267107447e-02
 2.49200000e+00,        +1.414213562373e-01,        +1.986357922862e-01,        -6.480037310496e-02
 2.49220000e+00,        +1.414213562373e-01,        +1.986122296574e-01,        -6.479806966782e-02
 2.49240000e+00,        +1.414213562373e-01,        +1.985886726724e-01,        -6.479576070086e-02
 2.49260000e+00,        +1.414213562373e-01,        +1.985651210788e-01,        -6.479344614265e-02
 2.49280000e+00,        +1.414213562373e-01,        +1.985415746279e-01,        -6.479112593246e-02
 2.49300000e+00,        +1.414213562373e-01,        +1.985180330754e-01,        -6.478880001024e-02
 2.49320000e+00,        +1.414213562373e-01,        +1.984944961807e-01,        -6.478646831665e-02
 2.49340000e+00,        +1.414213562373e-01,        +1.984709637070e-01,        -6.478413079295e-02
 2.49360000e+00,        +1.414213562373e-01,        +1.984474354212e-01,        -6.478178738109e-02
 2.49380000e+00,        +1.414213562373e-01,        +1.984239110940e-01,        -6.477943802361e-02
 2.49400000e+00,        +1.414213562373e-01,        +1.984003904995e-01,        -6.477708266365e-02
 2.49420000e+00,        +1.414213562373e-01,        +1.983768734152e-01,        -6.477472124496e-02
 2.49440000e+00,        +1.414213562373e-01,        +1.983533596221e-01,        -6.477235371184e-02
 2.49460000e+00,        +1.414213562373e-01,        +1.983298489043e-01,        -6.476998000916e-02
 2.49480000e+00,        +1.414213562373e-01,        +1.983063410493e-01,        -6.476760008232e-02
 2.49500000e+00,        +1.414213562373e-01,        +1.982828358476e-01,        -6.476521387725e-02
 2.49520000e+00,        +1.414213562373e-01,        +1.982593330926e-01,        -6.476282134039e-02
 2.49540000e+00,        +1.414213562373e-01,        +1.982358325811e-01,        -6.476042241868e-02
 2.49560000e+00,        +1.414213562373e-01,        +1.982123341123e-01,        -6.475801705954e-02
 2.49580000e+00,        +1.414213562373e-01,        +1.981888374887e-01,        -6.475560521086e-02
 2.49600000e+00,        +1.414213562373e-01,        +1.981653425151e-01,        -6.475318682099e-02
 2.49620000e+00,        +1.414213562373e-01,        +1.981418489993e-01,        -6.475076183871e-02
 2.49640000e+00,        +1.414213562373e-01,        +1.981183567516e-01,        -6.474833021326e-02
 2.49660000e+00,        +1.414213562373e-01,        +1.980948655850e-01,        -6.474589189427e-02
 2.49680000e+00,        +1.414213562373e-01,        +1.980713753148e-01,        -6.474344683178e-02
 2.49700000e+00,        +1.414213562373e-01,        +1.980478857589e-01,        -6.474099497625e-02
 2.49720000e+00,        +1.414213562373e-01,        +1.980243967376e-01,        -6.473853627849e-02
 2.49740000e+00,        +1.414213562373e-01,        +1.980009080733e-01,        -6.473607068971e-02
 2.49760000e+00,        +1.414213562373e-01,        +1.979774195910e-01,        -6.473359816146e-02
 2.49780000e+00,        +1.414213562373e-01,        +1.979539311176e-01,        -6.473111864566e-02
 2.49800000e+00,        +1.414213562373e-01,        +1.979304424823e-01,        -6.472863209456e-02
 2.49820000e+00,        +1.414213562373e-01,        +1.979069535165e-01,        -6.472613846073e-02
 2.49840000e+00,        +1.414213562373e-01,        +1.978834640535e-01,        -6.472363769707e-02
 2.49860000e+00,        +1.414213562373e-01,        +1.978599739287e-01,        -6.472112975680e-02
 2.49880000e+00,        +1.414213562373e-01,        +1.978364829794e-01,        -6.471861459342e-02
 2.49900000e+00,        +1.414213562373e-01,        +1.978129910448e-01,        -6.471609216073e-02
 2.49920000e+00,        +1.414213562373e-01,        +1.977894979662e-01,        -6.471356241282e-02
 2.49940000e+00,        +1.414213562373e-01,        +1.977660035863e-01,        -6.471102530402e-02
 2.49960000e+00,        +1.414213562373e-01,        +1.977425077499e-01,        -6.470848078897e-02
 2.49980000e+00,        +1.414213562373e-01,        +1.977190103034e-01,        -6.470592882252e-02
 2.50000000e+00,        +1.414213562373e-01,        +1.976955110950e-01,        -6.470336935980e-02
 2.50020000e+00,        +1.414213562373e-01,        +1.976720099744e-01,        -6.470080235615e-02
 2.50040000e+00,        +1.414213562373e-01,        +1.976485067930e-01,        -6.469822776716e-02
 2.50060000e+00,        +1.414213562373e-01,        +1.976250014038e-01,        -6.469564554862e-02
 2.50080000e+00,        +1.414213562373e-01,        +1.976014936612e-01,        -6.469305565655e-02
 2.50100000e+00,        +1.414213562373e-01,        +1.975779834212e-01,        -6.469045804717e-02
 2.50120000e+00,        +1.414213562373e-01,        +1.975544705412e-01,        -6.468785267689e-02
 2.50140000e+00,        +1.414213562373e-01,        +1.975309548801e-01,        -6.468523950232e-02
 2.50160000e+00,        +1.414213562373e-01,        +1.975074362981e-01,        -6.468261848024e-02
 2.50180000e+00,        +1.414213562373e-01,        +1.974839146568e-01,        -6.467998956762e-02
 2.50200000e+00,        +1.414213562373e-01,        +1.974603898191e-01,        -6.467735272157e-02
 2.50220000e+00,        +1.414213562373e-01,        +1.974368616490e-01,        -6.467470789940e-02
 2.50240000e+00,        +1.414213562373e-01,        +1.974133300121e-01,        -6.467205505854e-02
 2.50260000e+00,        +1.414213562373e-01,        +1.973897947750e-01,        -6.466939415658e-02
 2.50280000e+00,        +1.414213562373e-01,        +1.973662558055e-01,        -6.466672515124e-02
 2.50300000e+00,        +1.414213562373e-01,        +1.973427129725e-01,        -6.466404800039e-02
 2.50320000e+00,        +1.414213562373e-01,        +1.973191661462e-01,        -6.466136266202e-02
 2.50340000e+00,        +1.414213562373e-01,        +1.972956151977e-01,        -6.465866909422e-02
 2.50360000e+00,        +1.414213562373e-01,        +1.972720599993e-01,        -6.465596725521e-02
 2.50380000e+00,        +1.414213562373e-01,        +1.972485004242e-01,        -6.465325710333e-02
 2.50400000e+00,        +1.414213562373e-01,        +1.972249363469e-01,        -6.465053859700e-02
 2.50420000e+00,        +1.414213562373e-01,        +1.972013676425e-01,        -6.464781169475e-02
 2.50440000e+00,        +1.414213562373e-01,        +1.971777941872e-01,        -6.464507635517e-02
 2.50460000e+00,        +1.414213562373e-01,        +1.971542158583e-01,        -6.464233253698e-02
 2.50480000e+00,        +1.414213562373e-01,        +1.971306325338e-01,        -6.463958019893e-02
 2.50500000e+00,        +1.414213562373e-01,        +1.971070440927e-01,        -6.463681929986e-02
 2.50520000e+00,        +1.414213562373e-01,        +1.970834504147e-01,        -6.463404979870e-02
 2.50540000e+00,        +1.414213562373e-01,        +1.970598513804e-01,        -6.463127165439e-02
 2.50560000e+00,        +1.414213562373e-01,        +1.970362468712e-01,        -6.462848482596e-02
 2.50580000e+00,        +1.414213562373e-01,        +1.970126367695e-01,        -6.462568927249e-02
 2.50600000e+00,        +1.414213562373e-01,        +1.969890209580e-01,        -6.462288495307e-02
 2.50620000e+00,        +1.414213562373e-01,        +1.969653993205e-01,        -6.462007182687e-02
 2.50640000e+00,        +1.414213562373e-01,        +1.969417717414e-01,        -6.461724985306e-02
 2.50660000e+00,        +1.414213562373e-01,        +1.969181381058e-01,        -6.461441899085e-02
 2.50680000e+00,        +1.414213562373e-01,        +1.968944982994e-01,        -6.461157919947e-02
 2.50700000e+00,        +1.414213562373e-01,        +1.968708522087e-01,        -6.460873043817e-02
 2.50720000e+00,        +1.414213562373e-01,        +1.968471997206e-01,        -6.460587266620e-02
 2.50740000e+00,        +1.414213562373e-01,        +1.968235407227e-01,        -6.460300584284e-02
 2.50760000e+00,        +1.414213562373e-01,        +1.967998751033e-01,        -6.460012992734e-02
 2.50780000e+00,        +1.414213562373e-01,        +1.967762027512e-01,        -6.459724487897e-02
 2.50800000e+00,        +1.414213562373e-01,        +1.967525235556e-01,        -6.459435065698e-02
 2.50820000e+00,        +1.414213562373e-01,        +1.967288374064e-01,        -6.459144722061e-02
 2.50840000e+00,        +1.414213562373e-01,        +1.967051441939e-01,        -6.458853452908e-02
 2.50860000e+00,        +1.414213562373e-01,        +1.966814438090e-01,        -6.458561254159e-02
 2.50880000e+00,        +1.414213562373e-01,        +1.966577361428e-01,        -6.458268121730e-02
 2.50900000e+00,        +1.414213562373e-01,        +1.966340210873e-01,        -6.457974051534e-02
 2.50920000e+00,        +1.414213562373e-01,        +1.966102985344e-01,        -6.457679039483e-02
 2.50940000e+00,        +1.414213562373e-01,        +1.965865683769e-01,        -6.457383081480e-02
 2.50960000e+00,        +1.414213562373e-01,        +1.965628305077e-01,        -6.457086173428e-02
 2.50980000e+00,        +1.414213562373e-01,        +1.965390848200e-01,        -6.456788311220e-02
 2.51000000e+00,        +1.414213562373e-01,        +1.965153312077e-01,        -6.456489490748e-02
 2.51020000e+00,        +1.414213562373e-01,        +1.964915695647e-01,        -6.456189707894e-02
 2.51040000e+00,        +1.414213562373e-01,        +1.964677997855e-01,        -6.455888958536e-02
 2.51060000e+00,        +1.414213562373e-01,        +1.964440217647e-01,        -6.455587238544e-02
 2.51080000e+00,        +1.414213562373e-01,        +1.964202353973e-01,        -6.455284543780e-02
 2.51100000e+00,        +1.414213562373e-01,        +1.963964405784e-01,        -6.454980870099e-02
 2.51120000e+00,        +1.414213562373e-01,        +1.963726372038e-01,        -6.454676213346e-02
 2.51140000e+00,        +1.414213562373e-01,        +1.963488251689e-01,        -6.454370569360e-02
 2.51160000e+00,        +1.414213562373e-01,        +1.963250043699e-01,        -6.454063933967e-02
 2.51180000e+00,        +1.414213562373e-01,        +1.963011747030e-01,        -6.453756302986e-02
 2.51200000e+00,        +1.414213562373e-01,        +1.962773360644e-01,        -6.453447672224e-02
 2.51220000e+00,        +1.414213562373e-01,        +1.962534883508e-01,        -6.453138037479e-02
 2.51240000e+00,        +1.414213562373e-01,        +1.962296314588e-01,        -6.452827394536e-02
 2.51260000e+00,        +1.414213562373e-01,        +1.962057652854e-01,        -6.452515739170e-02
 2.51280000e+00,        +1.414213562373e-01,        +1.961818897276e-01,        -6.452203067143e-02
 2.51300000e+00,        +1.414213562373e-01,        +1.961580046825e-01,        -6.451889374205e-02
 2.51320000e+00,        +1.414213562373e-01,        +1.961341100473e-01,        -6.451574656093e-02
 2.51340000e+00,        +1.414213562373e-01,        +1.961102057194e-01,        -6.451258908529e-02
 2.51360000e+00,        +1.414213562373e-01,        +1.960862915961e-01,        -6.450942127225e-02
 2.51380000e+00,        +1.414213562373e-01,        +1.960623675749e-01,        -6.450624307874e-02
 2.51400000e+00,        +1.414213562373e-01,        +1.960384335534e-01,        -6.450305446158e-02
 2.51420000e+00,        +1.414213562373e-01,        +1.960144894290e-01,        -6.449985537741e-02
 2.51440000e+00,        +1.414213562373e-01,        +1.959905350994e-01,        -6.449664578275e-02
 2.51460000e+00,        +1.414213562373e-01,        +1.959665704621e-01,        -6.449342563391e-02
 2.51480000e+00,        +1.414213562373e-01,        +1.959425954147e-01,        -6.449019488708e-02
 2.51500000e+00,        +1.414213562373e-01,        +1.959186098547e-01,        -6.448695349826e-02
 2.51520000e+00,        +1.414213562373e-01,        +1.958946136796e-01,        -6.448370142327e-02
 2.51540000e+00,        +1.414213562373e-01,        +1.958706067870e-01,        -6.448043861776e-02
 2.51560000e+00,        +1.414213562373e-01,        +1.958465890740e-01,        -6.447716503719e-02
 2.51580000e+00,        +1.414213562373e-01,        +1.958225604382e-01,        -6.447388063684e-02
 2.51600000e+00,        +1.414213562373e-01,        +1.957985207767e-01,        -6.447058537179e-02
 2.51620000e+00,        +1.414213562373e-01,        +1.957744699866e-01,        -6.446727919694e-02
 2.51640000e+00,        +1.414213562373e-01,        +1.957504079650e-01,        -6.446396206695e-02
 2.51660000e+00,        +1.414213562373e-01,        +1.957263346087e-01,        -6.446063393631e-02
 2.51680000e+00,        +1.414213562373e-01,        +1.957022498144e-01,        -6.445729475929e-02
 2.51700000e+00,        +1.414213562373e-01,        +1.956781534788e-01,        -6.445394448993e-02
 2.51720000e+00,        +1.414213562373e-01,        +1.956540454982e-01,        -6.445058308206e-02
 2.51740000e+00,        +1.414213562373e-01,        +1.956299257688e-01,        -6.444721048928e-02
 2.51760000e+00,        +1.414213562373e-01,        +1.956057941866e-01,        -6.444382666498e-02
 2.51780000e+00,        +1.414213562373e-01,        +1.955816506476e-01,        -6.444043156228e-02
 2.51800000e+00,        +1.414213562373e-01,        +1.955574950472e-01,        -6.443702513408e-02
 2.51820000e+00,        +1.414213562373e-01,        +1.955333272808e-01,        -6.443360733303e-02
 2.51840000e+00,        +1.414213562373e-01,        +1.955091472435e-01,        -6.443017811155e-02
 2.51860000e+00,        +1.414213562373e-01,        +1.954849548302e-01,        -6.442673742177e-02
 2.51880000e+00,        +1.414213562373e-01,        +1.954607499354e-01,        -6.442328521559e-02
 2.51900000e+00,        +1.414213562373e-01,        +1.954365324534e-01,        -6.441982144463e-02
 2.51920000e+00,        +1.414213562373e-01,        +1.954123022782e-01,        -6.441634606024e-02
 2.51940000e+00,        +1.414213562373e-01,        +1.953880593034e-01,        -6.441285901351e-02
 2.51960000e+00,        +1.414213562373e-01,        +1.953638034224e-01,        -6.440936025523e-02
 2.51980000e+00,        +1.414213562373e-01,        +1.953395345281e-01,        -6.440584973593e-02
 2.52000000e+00,        +1.414213562373e-01,        +1.953152525131e-01,        -6.440232740582e-02
 2.52020000e+00,        +1.414213562373e-01,        +1.952909572698e-01,        -6.439879321483e-02
 2.52040000e+00,        +1.414213562373e-01,        +1.952666486901e-01,        -6.439524711260e-02
 2.52060000e+00,        +1.414213562373e-01,        +1.952423266653e-01,        -6.439168904845e-02
 2.52080000e+00,        +1.414213562373e-01,        +1.952179910866e-01,        -6.438811897140e-02
 2.52100000e+00,        +1.414213562373e-01,        +1.951936418447e-01,        -6.438453683013e-02
 2.52120000e+00,        +1.414213562373e-01,        +1.951692788298e-01,        -6.438094257302e-02
 2.52140000e+00,        +1.414213562373e-01,        +1.951449019315e-01,        -6.437733614811e-02
 2.52160000e+00,        +1.414213562373e-01,        +1.951205110394e-01,        -6.437371750313e-02
 2.52180000e+00,        +1.414213562373e-01,        +1.950961060422e-01,        -6.437008658544e-02
 2.52200000e+00,        +1.414213562373e-01,        +1.950716868282e-01,        -6.436644334207e-02
 2.52220000e+00,        +1.414213562373e-01,        +1.950472532853e-01,        -6.436278771971e-02
 2.52240000e+00,        +1.414213562373e-01,        +1.950228053008e-01,        -6.435911966467e-02
 2.52260000e+00,        +1.414213562373e-01,        +1.949983427615e-01,        -6.435543912292e-02
 2.52280000e+00,        +1.414213562373e-01,        +1.949738655538e-01,        -6.435174604005e-02
 2.52300000e+00,        +1.414213562373e-01,        +1.949493735632e-01,        -6.434804036128e-02
 2.52320000e+00,        +1.414213562373e-01,        +1.949248666749e-01,        -6.434432203146e-02
 2.52340000e+00,        +1.414213562373e-01,        +1.949003447734e-01,        -6.434059099503e-02
 2.52360000e+00,        +1.414213562373e-01,        +1.948758077428e-01,        -6.433684719607e-02
 2.52380000e+00,        +1.414213562373e-01,        +1.948512554662e-01,        -6.433309057823e-02
 2.52400000e+00,        +1.414213562373e-01,        +1.948266878264e-01,        -6.432932108478e-02
 2.52420000e+00,        +1.414213562373e-01,        +1.948021047055e-01,        -6.432553865856e-02
 2.52440000e+00,        +1.414213562373e-01,        +1.947775059849e-01,        -6.432174324201e-02
 2.52460000e+00,        +1.414213562373e-01,        +1.947528915451e-01,        -6.431793477714e-02
 2.52480000e+00,        +1.414213562373e-01,        +1.947282612664e-01,        -6.431411320553e-02
 2.52500000e+00,        +1.414213562373e-01,        +1.947036150280e-01,        -6.431027846831e-02
 2.52520000e+00,        +1.414213562373e-01,        +1.946789527086e-01,        -6.430643050618e-02
 2.52540000e+00,        +1.414213562373e-01,        +1.946542741859e-01,        -6.430256925940e-02
 2.52560000e+00,        +1.414213562373e-01,        +1.946295793372e-01,        -6.429869466774e-02
 2.52580000e+00,        +1.414213562373e-01,        +1.946048680388e-01,        -6.429480667055e-02
 2.52600000e+00,        +1.414213562373e-01,        +1.945801401663e-01,        -6.429090520666e-02
 2.52620000e+00,        +1.414213562373e-01,        +1.945553955946e-01,        -6.428699021445e-02
 2.52640000e+00,        +1.414213562373e-01,        +1.945306341974e-01,        -6.428306163182e-02
 2.52660000e+00,        +1.414213562373e-01,        +1.945058558482e-01,        -6.427911939615e-02
 2.52680000e+00,        +1.414213562373e-01,        +1.944810604190e-01,        -6.427516344435e-02
 2.52700000e+00,        +1.414213562373e-01,        +1.944562477815e-01,        -6.427119371279e-02
 2.52720000e+00,        +1.414213562373e-01,        +1.944314178061e-01,        -6.426721013735e-02
 2.52740000e+00,        +1.414213562373e-01,        +1.944065703627e-01,        -6.426321265337e-02
 2.52760000e+00,        +1.414213562373e-01,        +1.943817053198e-01,        -6.425920119567e-02
 2.52780000e+00,        +1.414213562373e-01,        +1.943568225455e-01,        -6.425517569852e-02
 2.52800000e+00,        +1.414213562373e-01,        +1.943319219066e-01,        -6.425113609565e-02
 2.52820000e+00,        +1.414213562373e-01,        +1.943070032691e-01,        -6.424708232023e-02
 2.52840000e+00,        +1.414213562373e-01,        +1.942820664979e-01,        -6.424301430486e-02
 2.52860000e+00,        +1.414213562373e-01,        +1.942571114570e-01,        -6.423893198159e-02
 2.52880000e+00,        +1.414213562373e-01,        +1.942321380094e-01,        -6.423483528186e-02
 2.52900000e+00,        +1.414213562373e-01,        +1.942071460171e-01,        -6.423072413653e-02
 2.52920000e+00,        +1.414213562373e-01,        +1.941821353408e-01,        -6.422659847587e-02
 2.52940000e+00,        +1.414213562373e-01,        +1.941571058405e-01,        -6.422245822954e-02
 2.52960000e+00,        +1.414213562373e-01,        +1.941320573749e-01,        -6.421830332658e-02
 2.52980000e+00,        +1.414213562373e-01,        +1.941069898015e-01,        -6.421413369540e-02
 2.53000000e+00,        +1.414213562373e-01,        +1.940819029770e-01,        -6.420994926378e-02
 2.53020000e+00,        +1.414213562373e-01,        +1.940567967566e-01,        -6.420574995886e-02
 2.53040000e+00,        +1.414213562373e-01,        +1.940316709945e-01,        -6.420153570712e-02
 2.53060000e+00,        +1.414213562373e-01,        +1.940065255438e-01,        -6.419730643438e-02
 2.53080000e+00,        +1.414213562373e-01,        +1.939813602563e-01,        -6.419306206578e-02
 2.53100000e+00,        +1.414213562373e-01,        +1.939561749826e-01,        -6.418880252579e-02
 2.53120000e+00,        +1.414213562373e-01,        +1.939309695720e-01,        -6.418452773816e-02
 2.53140000e+00,        +1.414213562373e-01,        +1.939057438726e-01,        -6.418023762596e-02
 2.53160000e+00,        +1.414213562373e-01,        +1.938804977311e-01,        -6.417593211155e-02
 2.53180000e+00,        +1.414213562373e-01,        +1.938552309931e-01,        -6.417161111655e-02
 2.53200000e+00,        +1.414213562373e-01,        +1.938299435028e-01,        -6.416727456184e-02
 2.53220000e+00,        +1.414213562373e-01,        +1.938046351029e-01,        -6.416292236757e-02
 2.53240000e+00,        +1.414213562373e-01,        +1.937793056348e-01,        -6.415855445311e-02
 2.53260000e+00,        +1.414213562373e-01,        +1.937539549387e-01,        -6.415417073709e-02
 2.53280000e+00,        +1.414213562373e-01,        +1.937285828531e-01,        -6.414977113734e-02
 2.53300000e+00,        +1.414213562373e-01,        +1.937031892152e-01,        -6.414535557090e-02
 2.53320000e+00,        +1.414213562373e-01,        +1.936777738606e-01,        -6.414092395401e-02
 2.53340000e+00,        +1.414213562373e-01,        +1.936523366238e-01,        -6.413647620208e-02
 2.53360000e+00,        +1.414213562373e-01,        +1.936268773372e-01,        -6.413201222972e-02
 2.53380000e+00,        +1.414213562373e-01,        +1.936013958322e-01,        -6.412753195067e-02
 2.53400000e+00,        +1.414213562373e-01,        +1.935758919383e-01,        -6.412303527784e-02
 2.53420000e+00,        +1.414213562373e-01,        +1.935503654835e-01,        -6.411852212325e-02
 2.53440000e+00,        +1.414213562373e-01,        +1.935248162943e-01,        -6.411399239806e-02
 2.53460000e+00,        +1.414213562373e-01,        +1.934992441954e-01,        -6.410944601254e-02
 2.53480000e+00,        +1.414213562373e-01,        +1.934736490100e-01,        -6.410488287603e-02
 2.53500000e+00,        +1.414213562373e-01,        +1.934480305593e-01,        -6.410030289698e-02
 2.53520000e+00,        +1.414213562373e-01,        +1.934223886632e-01,        -6.409570598288e-02
 2.53540000e+00,        +1.414213562373e-01,        +1.933967231395e-01,        -6.409109204030e-02
 2.53560000e+00,        +1.414213562373e-01,        +1.933710338044e-01,        -6.408646097482e-02
 2.53580000e+00,        +1.414213562373e-01,        +1.933453204723e-01,        -6.408181269106e-02
 2.53600000e+00,        +1.414213562373e-01,        +1.933195829558e-01,        -6.407714709265e-02
 2.53620000e+00,        +1.414213562373e-01,        +1.932938210654e-01,        -6.407246408221e-02
 2.53640000e+00,        +1.414213562373e-01,        +1.932680346099e-01,        -6.406776356134e-02
 2.53660000e+00,        +1.414213562373e-01,        +1.932422233963e-01,        -6.406304543059e-02
 2.53680000e+00,        +1.414213562373e-01,        +1.932163872293e-01,        -6.405830958947e-02
 2.53700000e+00,        +1.414213562373e-01,        +1.931905259120e-01,        -6.405355593642e-02
 2.53720000e+00,        +1.414213562373e-01,        +1.931646392452e-01,        -6.404878436878e-02
 2.53740000e+00,        +1.414213562373e-01,        +1.931387270277e-01,        -6.404399478282e-02
 2.53760000e+00,        +1.414213562373e-01,        +1.931127890564e-01,        -6.403918707365e-02
 2.53780000e+00,        +1.414213562373e-01,        +1.930868251259e-01,        -6.403436113528e-02
 2.53800000e+00,        +1.414213562373e-01,        +1.930608350288e-01,        -6.402951686053e-02
 2.53820000e+00,        +1.414213562373e-01,        +1.930348185552e-01,        -6.402465414107e-02
 2.53840000e+00,        +1.414213562373e-01,        +1.930087754934e-01,        -6.401977286737e-02
 2.53860000e+00,        +1.414213562373e-01,        +1.929827056292e-01,        -6.401487292871e-02
 2.53880000e+00,        +1.414213562373e-01,        +1.929566087462e-01,        -6.400995421312e-02
 2.53900000e+00,        +1.414213562373e-01,        +1.929304846256e-01,        -6.400501660738e-02
 2.53920000e+00,        +1.414213562373e-01,        +1.929043330463e-01,        -6.400005999702e-02
 2.53940000e+00,        +1.414213562373e-01,        +1.928781537848e-01,        -6.399508426627e-02
 2.53960000e+00,        +1.414213562373e-01,        +1.928519466151e-01,        -6.399008929807e-02
 2.53980000e+00,        +1.414213562373e-01,        +1.928257113089e-01,        -6.398507497401e-02
 2.54000000e+00,        +1.414213562373e-01,        +1.927994476350e-01,        -6.398004117434e-02
 2.54020000e+00,        +1.414213562373e-01,        +1.927731553601e-01,        -6.397498777795e-02
 2.54040000e+00,        +1.414213562373e-01,        +1.927468342480e-01,        -6.396991466232e-02
 2.54060000e+00,        +1.414213562373e-01,        +1.927204840600e-01,        -6.396482170352e-02
 2.54080000e+00,        +1.414213562373e-01,        +1.926941045546e-01,        -6.395970877620e-02
 2.54100000e+00,        +1.414213562373e-01,        +1.926676954876e-01,        -6.395457575354e-02
 2.54120000e+00,        +1.414213562373e-01,        +1.926412566122e-01,        -6.394942250722e-02
 2.54140000e+00,        +1.414213562373e-01,        +1.926147876785e-01,        -6.394424890743e-02
 2.54160000e+00,        +1.414213562373e-01,        +1.925882884339e-01,        -6.393905482282e-02
 2.54180000e+00,        +1.414213562373e-01,        +1.925617586230e-01,        -6.393384012050e-02
 2.54200000e+00,        +1.414213562373e-01,        +1.925351979872e-01,        -6.392860466598e-02
 2.54220000e+00,        +1.414213562373e-01,        +1.925086062650e-01,        -6.392334832317e-02
 2.54240000e+00,        +1.414213562373e-01,        +1.924819831918e-01,        -6.391807095434e-02
 2.54260000e+00,        +1.414213562373e-01,        +1.924553285001e-01,        -6.391277242011e-02
 2.54280000e+00,        +1.414213562373e-01,        +1.924286419190e-01,        -6.390745257939e-02
 2.54300000e+00,        +1.414213562373e-01,        +1.924019231745e-01,        -6.390211128941e-02
 2.54320000e+00,        +1.414213562373e-01,        +1.923751719893e-01,        -6.389674840563e-02
 2.54340000e+00,        +1.414213562373e-01,        +1.923483880828e-01,        -6.389136378173e-02
 2.54360000e+00,        +1.414213562373e-01,        +1.923215711710e-01,        -6.388595726961e-02
 2.54380000e+00,        +1.414213562373e-01,        +1.922947209666e-01,        -6.388052871934e-02
 2.54400000e+00,        +1.414213562373e-01,        +1.922678371786e-01,        -6.387507797909e-02
 2.54420000e+00,        +1.414213562373e-01,        +1.922409195127e-01,        -6.386960489518e-02
 2.54440000e+00,        +1.414213562373e-01,        +1.922139676709e-01,        -6.386410931197e-02
 2.54460000e+00,        +1.414213562373e-01,        +1.921869813514e-01,        -6.385859107188e-02
 2.54480000e+00,        +1.414213562373e-01,        +1.921599602489e-01,        -6.385305001535e-02
 2.54500000e+00,        +1.414213562373e-01,        +1.921329040542e-01,        -6.384748598075e-02
 2.54520000e+00,        +1.414213562373e-01,        +1.921058124542e-01,        -6.384189880445e-02
 2.54540000e+00,        +1.414213562373e-01,        +1.920786851320e-01,        -6.383628832067e-02
 2.54560000e+00,        +1.414213562373e-01,        +1.920515217668e-01,        -6.383065436153e-02
 2.54580000e+00,        +1.414213562373e-01,        +1.920243220334e-01,        -6.382499675698e-02
 2.54600000e+00,        +1.414213562373e-01,        +1.919970856028e-01,        -6.381931533475e-02
 2.54620000e+00,        +1.414213562373e-01,        +1.919698121419e-01,        -6.381360992036e-02
 2.54640000e+00,        +1.414213562373e-01,        +1.919425013129e-01,        -6.380788033700e-02
 2.54660000e+00,        +1.414213562373e-01,        +1.919151527741e-01,        -6.380212640558e-02
 2.54680000e+00,        +1.414213562373e-01,        +1.918877661792e-01,        -6.379634794464e-02
 2.54700000e+00,        +1.414213562373e-01,        +1.918603411775e-01,        -6.379054477030e-02
 2.54720000e+00,        +1.414213562373e-01,        +1.918328774136e-01,        -6.378471669624e-02
 2.54740000e+00,        +1.414213562373e-01,        +1.918053745276e-01,        -6.377886353367e-02
 2.54760000e+00,        +1.414213562373e-01,        +1.917778321548e-01,        -6.377298509125e-02
 2.54780000e+00,        +1.414213562373e-01,        +1.917502499259e-01,        -6.376708117507e-02
 2.54800000e+00,        +1.414213562373e-01,        +1.917226274664e-01,        -6.376115158859e-02
 2.54820000e+00,        +1.414213562373e-01,        +1.916949643970e-01,        -6.375519613261e-02
 2.54840000e+00,        +1.414213562373e-01,        +1.916672603334e-01,        -6.374921460521e-02
 2.54860000e+00,        +1.414213562373e-01,        +1.916395148861e-01,        -6.374320680170e-02
 2.54880000e+00,        +1.414213562373e-01,        +1.916117276602e-01,        -6.373717251458e-02
 2.54900000e+00,        +1.414213562373e-01,        +1.915838982558e-01,        -6.373111153348e-02
 2.54920000e+00,        +1.414213562373e-01,        +1.915560262673e-01,        -6.372502364511e-02
 2.54940000e+00,        +1.414213562373e-01,        +1.915281112837e-01,        -6.371890863321e-02
 2.54960000e+00,        +1.414213562373e-01,        +1.915001528883e-01,        -6.371276627849e-02
 2.54980000e+00,        +1.414213562373e-01,        +1.914721506588e-01,        -6.370659635858e-02
 2.55000000e+00,        +1.414213562373e-01,        +1.914441041670e-01,        -6.370039864798e-02
 2.55020000e+00,        +1.414213562373e-01,        +1.914160129788e-01,        -6.369417291798e-02
 2.55040000e+00,        +1.414213562373e-01,        +1.913878766541e-01,        -6.368791893663e-02
 2.55060000e+00,        +1.414213562373e-01,        +1.913596947465e-01,        -6.368163646866e-02
 2.55080000e+00,        +1.414213562373e-01,        +1.913314668035e-01,        -6.367532527541e-02
 2.55100000e+00,        +1.414213562373e-01,        +1.913031923661e-01,        -6.366898511478e-02
 2.55120000e+00,        +1.414213562373e-01,        +1.912748709690e-01,        -6.366261574119e-02
 2.55140000e+00,        +1.414213562373e-01,        +1.912465021402e-01,        -6.365621690547e-02
 2.55160000e+00,        +1.414213562373e-01,        +1.912180854008e-01,        -6.364978835480e-02
 2.55180000e+00,        +1.414213562373e-01,        +1.911896202654e-01,        -6.364332983267e-02
 2.55200000e+00,        +1.414213562373e-01,        +1.911611062413e-01,        -6.363684107879e-02
 2.55220000e+00,        +1.414213562373e-01,        +1.911325428288e-01,        -6.363032182901e-02
 2.55240000e+00,        +1.414213562373e-01,        +1.911039295211e-01,        -6.362377181526e-02
 2.55260000e+00,        +1.414213562373e-01,        +1.910752658037e-01,        -6.361719076546e-02
 2.55280000e+00,        +1.414213562373e-01,        +1.910465511550e-01,        -6.361057840348e-02
 2.55300000e+00,        +1.414213562373e-01,        +1.910177850453e-01,        -6.360393444900e-02
 2.55320000e+00,        +1.414213562373e-01,        +1.909889669374e-01,        -6.359725861749e-02
 2.55340000e+00,        +1.414213562373e-01,        +1.909600962860e-01,        -6.359055062006e-02
 2.55360000e+00,        +1.414213562373e-01,        +1.909311725379e-01,        -6.358381016347e-02
 2.55380000e+00,        +1.414213562373e-01,        +1.909021951313e-01,        -6.357703694993e-02
 2.55400000e+00,        +1.414213562373e-01,        +1.908731634963e-01,        -6.357023067712e-02
 2.55420000e+00,        +1.414213562373e-01,        +1.908440770543e-01,        -6.356339103800e-02
 2.55440000e+00,        +1.414213562373e-01,        +1.908149352179e-01,        -6.355651772080e-02
 2.55460000e+00,        +1.414213562373e-01,        +1.907857373908e-01,        -6.354961040888e-02
 2.55480000e+00,        +1.414213562373e-01,        +1.907564829676e-01,        -6.354266878064e-02
 2.55500000e+00,        +1.414213562373e-01,        +1.907271713338e-01,        -6.353569250940e-02
 2.55520000e+00,        +1.414213562373e-01,        +1.906978018653e-01,        -6.352868126336e-02
 2.55540000e+00,        +1.414213562373e-01,        +1.906683739283e-01,        -6.352163470543e-02
 2.55560000e+00,        +1.414213562373e-01,        +1.906388868793e-01,        -6.351455249314e-02
 2.55580000e+00,        +1.414213562373e-01,        +1.906093400647e-01,        -6.350743427855e-02
 2.55600000e+00,        +1.414213562373e-01,        +1.905797328208e-01,        -6.350027970812e-02
 2.55620000e+00,        +1.414213562373e-01,        +1.905500644733e-01,        -6.349308842261e-02
 2.55640000e+00,        +1.414213562373e-01,        +1.905203343374e-01,        -6.348586005692e-02
 2.55660000e+00,        +1.414213562373e-01,        +1.904905417174e-01,        -6.347859424002e-02
 2.55680000e+00,        +1.414213562373e-01,        +1.904606859066e-01,        -6.347129059481e-02
 2.55700000e+00,        +1.414213562373e-01,        +1.904307661868e-01,        -6.346394873797e-02
 2.55720000e+00,        +1.414213562373e-01,        +1.904007818285e-01,        -6.345656827985e-02
 2.55740000e+00,        +1.414213562373e-01,        +1.903707320904e-01,        -6.344914882434e-02
 2.55760000e+00,        +1.414213562373e-01,        +1.903406162191e-01,        -6.344168996870e-02
 2.55780000e+00,        +1.414213562373e-01,        +1.903104334490e-01,        -6.343419130348e-02
 2.55800000e+00,        +1.414213562373e-01,        +1.902801830021e-01,        -6.342665241231e-02
 2.55820000e+00,        +1.414213562373e-01,        +1.902498640875e-01,        -6.341907287178e-02
 2.55840000e+00,        +1.414213562373e-01,        +1.902194759013e-01,        -6.341145225130e-02
 2.55860000e+00,        +1.414213562373e-01,        +1.901890176264e-01,        -6.340379011293e-02
 2.55880000e+00,        +1.414213562373e-01,        +1.901584884320e-01,        -6.339608601122e-02
 2.55900000e+00,        +1.414213562373e-01,        +1.901278874734e-01,        -6.338833949303e-02
 2.55920000e+00,        +1.414213562373e-01,        +1.900972138919e-01,        -6.338055009741e-02
 2.55940000e+00,        +1.414213562373e-01,        +1.900664668143e-01,        -6.337271735537e-02
 2.55960000e+00,        +1.414213562373e-01,        +1.900356453524e-01,        -6.336484078973e-02
 2.55980000e+00,        +1.414213562373e-01,        +1.900047486033e-01,        -6.335691991495e-02
 2.56000000e+00,        +1.414213562373e-01,        +1.899737756484e-01,        -6.334895423690e-02
 2.56020000e+00,        +1.414213562373e-01,        +1.899427255534e-01,        -6.334094325272e-02
 2.56040000e+00,        +1.414213562373e-01,        +1.899115973679e-01,        -6.333288645058e-02
 2.56060000e+00,        +1.414213562373e-01,        +1.898803901252e-01,        -6.332478330950e-02
 2.56080000e+00,        +1.414213562373e-01,        +1.898491028417e-01,        -6.331663329915e-02
 2.56100000e+00,        +1.414213562373e-01,        +1.898177345165e-01,        -6.330843587959e-02
 2.56120000e+00,        +1.414213562373e-01,        +1.897862841314e-01,        -6.330019050110e-02
 2.56140000e+00,        +1.414213562373e-01,        +1.897547506500e-01,        -6.329189660393e-02
 2.56160000e+00,        +1.414213562373e-01,        +1.897231330179e-01,        -6.328355361807e-02
 2.56180000e+00,        +1.414213562373e-01,        +1.896914301615e-01,        -6.327516096302e-02
 2.56200000e+00,        +1.414213562373e-01,        +1.896596409884e-01,        -6.326671804753e-02
 2.56220000e+00,        +1.414213562373e-01,        +1.896277643865e-01,        -6.325822426935e-02
 2.56240000e+00,        +1.414213562373e-01,        +1.895957992234e-01,        -6.324967901498e-02
 2.56260000e+00,        +1.414213562373e-01,        +1.895637443466e-01,        -6.324108165940e-02
 2.56280000e+00,        +1.414213562373e-01,        +1.895315985823e-01,        -6.323243156578e-02
 2.56300000e+00,        +1.414213562373e-01,        +1.894993607354e-01,        -6.322372808522e-02
 2.56320000e+00,        +1.414213562373e-01,        +1.894670295887e-01,        -6.321497055644e-02
 2.56340000e+00,        +1.414213562373e-01,        +1.894346039027e-01,        -6.320615830550e-02
 2.56360000e+00,        +1.414213562373e-01,        +1.894020824149e-01,        -6.319729064547e-02
 2.56380000e+00,        +1.414213562373e-01,        +1.893694638390e-01,        -6.318836687612e-02
 2.56400000e+00,        +1.414213562373e-01,        +1.893367468649e-01,        -6.317938628362e-02
 2.56420000e+00,        +1.414213562373e-01,        +1.893039301578e-01,        -6.317034814015e-02
 2.56440000e+00,        +1.414213562373e-01,        +1.892710123576e-01,        -6.316125170360e-02
 2.56460000e+00,        +1.414213562373e-01,        +1.892379920784e-01,        -6.315209621721e-02
 2.56480000e+00,        +1.414213562373e-01,        +1.892048679077e-01,        -6.314288090917e-02
 2.56500000e+00,        +1.414213562373e-01,        +1.891716384060e-01,        -6.313360499227e-02
 2.56520000e+00,        +1.414213562373e-01,        +1.891383021062e-01,        -6.312426766351e-02
 2.56540000e+00,        +1.414213562373e-01,        +1.891048575125e-01,        -6.311486810369e-02
 2.56560000e+00,        +1.414213562373e-01,        +1.890713031002e-01,        -6.310540547699e-02
 2.56580000e+00,        +1.414213562373e-01,        +1.890376373145e-01,        -6.309587893056e-02
 2.56600000e+00,        +1.414213562373e-01,        +1.890038585702e-01,        -6.308628759408e-02
 2.56620000e+00,        +1.414213562373e-01,        +1.889699652508e-01,        -6.307663057928e-02
 2.56640000e+00,        +1.414213562373e-01,        +1.889359557075e-01,        -6.306690697950e-02
 2.56660000e+00,        +1.414213562373e-01,        +1.889018282589e-01,        -6.305711586921e-02
 2.56680000e+00,        +1.414213562373e-01,        +1.888675811894e-01,        -6.304725630348e-02
 2.56700000e+00,        +1.414213562373e-01,        +1.888332127491e-01,        -6.303732731751e-02
 2.56720000e+00,        +1.414213562373e-01,        +1.887987211526e-01,        -6.302732792607e-02
 2.56740000e+00,        +1.414213562373e-01,        +1.887641045781e-01,        -6.301725712295e-02
 2.56760000e+00,        +1.414213562373e-01,        +1.887293611662e-01,        -6.300711388044e-02
 2.56780000e+00,        +1.414213562373e-01,        +1.886944890196e-01,        -6.299689714869e-02
 2.56800000e+00,        +1.414213562373e-01,        +1.886594862016e-01,        -6.298660585515e-02
 2.56820000e+00,        +1.414213562373e-01,        +1.886243507350e-01,        -6.297623890391e-02
 2.56840000e+00,        +1.414213562373e-01,        +1.885890806014e-01,        -6.296579517512e-02
 2.56860000e+00,        +1.414213562373e-01,        +1.885536737399e-01,        -6.295527352427e-02
 2.56880000e+00,        +1.414213562373e-01,        +1.885181280461e-01,        -6.294467278151e-02
 2.56900000e+00,        +1.414213562373e-01,        +1.884824413707e-01,        -6.293399175098e-02
 2.56920000e+00,        +1.414213562373e-01,        +1.884466115186e-01,        -6.292322921006e-02
 2.56940000e+00,        +1.414213562373e-01,        +1.884106362475e-01,        -6.291238390859e-02
 2.56960000e+00,        +1.414213562373e-01,        +1.883745132666e-01,        -6.290145456812e-02
 2.56980000e+00,        +1.414213562373e-01,        +1.883382402353e-01,        -6.289043988108e-02
 2.57000000e+00,        +1.414213562373e-01,        +1.883018147620e-01,        -6.287933850996e-02
 2.57020000e+00,        +1.414213562373e-01,        +1.882652344024e-01,        -6.286814908645e-02
 2.57040000e+00,        +1.414213562373e-01,        +1.882284966583e-01,        -6.285687021050e-02
 2.57060000e+00,        +1.414213562373e-01,        +1.881915989761e-01,        -6.284550044945e-02
 2.57080000e+00,        +1.414213562373e-01,        +1.881545387448e-01,        -6.283403833703e-02
 2.57100000e+00,        +1.414213562373e-01,        +1.881173132953e-01,        -6.282248237240e-02
 2.57120000e+00,        +1.414213562373e-01,        +1.880799198976e-01,        -6.281083101907e-02
 2.57140000e+00,        +1.414213562373e-01,        +1.880423557602e-01,        -6.279908270390e-02
 2.57160000e+00,        +1.414213562373e-01,        +1.880046180275e-01,        -6.278723581594e-02
 2.57180000e+00,        +1.414213562373e-01,        +1.879667037783e-01,        -6.277528870531e-02
 2.57200000e+00,        +1.414213562373e-01,        +1.879286100240e-01,        -6.276323968202e-02
 2.57220000e+00,        +1.414213562373e-01,        +1.878903337063e-01,        -6.275108701472e-02
 2.57240000e+00,        +1.414213562373e-01,        +1.878518716956e-01,        -6.273882892944e-02
 2.57260000e+00,        +1.414213562373e-01,        +1.878132207886e-01,        -6.272646360826e-02
 2.57280000e+00,        +1.414213562373e-01,        +1.877743777060e-01,        -6.271398918795e-02
 2.57300000e+00,        +1.414213562373e-01,        +1.877353390908e-01,        -6.270140375852e-02
 2.57320000e+00,        +1.414213562373e-01,        +1.876961015052e-01,        -6.268870536179e-02
 2.57340000e+00,        +1.414213562373e-01,        +1.876566614289e-01,        -6.267589198979e-02
 2.57360000e+00,        +1.414213562373e-01,        +1.876170152561e-01,        -6.266296158322e-02
 2.57380000e+00,        +1.414213562373e-01,        +1.875771592930e-01,        -6.264991202978e-02
 2.57400000e+00,        +1.414213562373e-01,        +1.875370897552e-01,        -6.263674116245e-02
 2.57420000e+00,        +1.414213562373e-01,        +1.874968027650e-01,        -6.262344675771e-02
 2.57440000e+00,        +1.414213562373e-01,        +1.874562943483e-01,        -6.261002653366e-02
 2.57460000e+00,        +1.414213562373e-01,        +1.874155604314e-01,        -6.259647814814e-02
 2.57480000e+00,        +1.414213562373e-01,        +1.873745968386e-01,        -6.258279919666e-02
 2.57500000e+00,        +1.414213562373e-01,        +1.873333992879e-01,        -6.256898721038e-02
 2.57520000e+00,        +1.414213562373e-01,        +1.872919633888e-01,        -6.255503965388e-02
 2.57540000e+00,        +1.414213562373e-01,        +1.872502846377e-01,        -6.254095392296e-02
 2.57560000e+00,        +1.414213562373e-01,        +1.872083584151e-01,        -6.252672734222e-02
 2.57580000e+00,        +1.414213562373e-01,        +1.871661799815e-01,        -6.251235716268e-02
 2.57600000e+00,        +1.414213562373e-01,        +1.871237444733e-01,        -6.249784055917e-02
 2.57620000e+00,        +1.414213562373e-01,        +1.870810468992e-01,        -6.248317462774e-02
 2.57640000e+00,        +1.414213562373e-01,        +1.870380821353e-01,        -6.246835638283e-02
 2.57660000e+00,        +1.414213562373e-01,        +1.869948449214e-01,        -6.245338275440e-02
 2.57680000e+00,        +1.414213562373e-01,        +1.869513298560e-01,        -6.243825058496e-02
 2.57700000e+00,        +1.414213562373e-01,        +1.869075313916e-01,        -6.242295662640e-02
 2.57720000e+00,        +1.414213562373e-01,        +1.868634438297e-01,        -6.240749753670e-02
 2.57740000e+00,        +1.414213562373e-01,        +1.868190613157e-01,        -6.239186987655e-02
 2.57760000e+00,        +1.414213562373e-01,        +1.867743778337e-01,        -6.237607010579e-02
 2.57780000e+00,        +1.414213562373e-01,        +1.867293872004e-01,        -6.236009457964e-02
 2.57800000e+00,        +1.414213562373e-01,        +1.866840830599e-01,        -6.234393954487e-02
 2.57820000e+00,        +1.414213562373e-01,        +1.866384588770e-01,        -6.232760113568e-02
 2.57840000e+00,        +1.414213562373e-01,        +1.865925079313e-01,        -6.231107536950e-02
 2.57860000e+00,        +1.414213562373e-01,        +1.865462233104e-01,        -6.229435814253e-02
 2.57880000e+00,        +1.414213562373e-01,        +1.864995979030e-01,        -6.227744522512e-02
 2.57900000e+00,        +1.414213562373e-01,        +1.864526243917e-01,        -6.226033225685e-02
 2.57920000e+00,        +1.414213562373e-01,        +1.864052952457e-01,        -6.224301474154e-02
 2.57940000e+00,        +1.414213562373e-01,        +1.863576027125e-01,        -6.222548804185e-02
 2.57960000e+00,        +1.414213562373e-01,        +1.863095388102e-01,        -6.220774737374e-02
 2.57980000e+00,        +1.414213562373e-01,        +1.862610953185e-01,        -6.218978780064e-02
 2.58000000e+00,        +1.414213562373e-01,        +1.862122637704e-01,        -6.217160422732e-02
 2.58020000e+00,        +1.414213562373e-01,        +1.861630354419e-01,        -6.215319139347e-02
 2.58040000e+00,        +1.414213562373e-01,        +1.861134013431e-01,        -6.213454386698e-02
 2.58060000e+00,        +1.414213562373e-01,        +1.860633522077e-01,        -6.211565603687e-02
 2.58080000e+00,        +1.414213562373e-01,        +1.860128784819e-01,        -6.209652210593e-02
 2.58100000e+00,        +1.414213562373e-01,        +1.859619703139e-01,        -6.207713608286e-02
 2.58120000e+00,        +1.414213562373e-01,        +1.859106175415e-01,        -6.205749177417e-02
 2.58140000e+00,        +1.414213562373e-01,        +1.858588096804e-01,        -6.203758277557e-02
 2.58160000e+00,        +1.414213562373e-01,        +1.858065359110e-01,        -6.201740246295e-02
 2.58180000e+00,        +1.414213562373e-01,        +1.857537850648e-01,        -6.199694398288e-02
 2.58200000e+00,        +1.414213562373e-01,        +1.857005456107e-01,        -6.197620024263e-02
 2.58220000e+00,        +1.414213562373e-01,        +1.856468056397e-01,        -6.195516389968e-02
 2.58240000e+00,        +1.414213562373e-01,        +1.855925528496e-01,        -6.193382735063e-02
 2.58260000e+00,        +1.414213562373e-01,        +1.855377745285e-01,        -6.191218271953e-02
 2.58280000e+00,        +1.414213562373e-01,        +1.854824575378e-01,        -6.189022184565e-02
 2.58300000e+00,        +1.414213562373e-01,        +1.854265882941e-01,        -6.186793627047e-02
 2.58320000e+00,        +1.414213562373e-01,        +1.853701527501e-01,        -6.184531722403e-02
 2.58340000e+00,        +1.414213562373e-01,        +1.853131363749e-01,        -6.182235561052e-02
 2.58360000e+00,        +1.414213562373e-01,        +1.852555241328e-01,        -6.179904199305e-02
 2.58380000e+00,        +1.414213562373e-01,        +1.851973004614e-01,        -6.177536657756e-02
 2.58400000e+00,        +1.414213562373e-01,        +1.851384492485e-01,        -6.175131919579e-02
 2.58420000e+00,        +1.414213562373e-01,        +1.850789538070e-01,        -6.172688928736e-02
 2.58440000e+00,        +1.414213562373e-01,        +1.850187968501e-01,        -6.170206588068e-02
 2.58460000e+00,        +1.414213562373e-01,        +1.849579604633e-01,        -6.167683757287e-02
 2.58480000e+00,        +1.414213562373e-01,        +1.848964260760e-01,        -6.165119250841e-02
 2.58500000e+00,        +1.414213562373e-01,        +1.848341744313e-01,        -6.162511835651e-02
 2.58520000e+00,        +1.414213562373e-01,        +1.847711855541e-01,        -6.159860228722e-02
 2.58540000e+00,        +1.414213562373e-01,        +1.847074387173e-01,        -6.157163094593e-02
 2.58560000e+00,        +1.414213562373e-01,        +1.846429124060e-01,        -6.154419042644e-02
 2.58580000e+00,        +1.414213562373e-01,        +1.845775842800e-01,        -6.151626624229e-02
 2.58600000e+00,        +1.414213562373e-01,        +1.845114311339e-01,        -6.148784329630e-02
 2.58620000e+00,        +1.414213562373e-01,        +1.844444288549e-01,        -6.145890584815e-02
 2.58640000e+00,        +1.414213562373e-01,        +1.843765523781e-01,        -6.142943747999e-02
 2.58660000e+00,        +1.414213562373e-01,        +1.843077756391e-01,        -6.139942105968e-02
 2.58680000e+00,        +1.414213562373e-01,        +1.842380715238e-01,        -6.136883870173e-02
 2.58700000e+00,        +1.414213562373e-01,        +1.841674118152e-01,        -6.133767172562e-02
 2.58720000e+00,        +1.414213562373e-01,        +1.840957671371e-01,        -6.130590061136e-02
 2.58740000e+00,        +1.414213562373e-01,        +1.840231068935e-01,        -6.127350495198e-02
 2.58760000e+00,        +1.414213562373e-01,        +1.839493992056e-01,        -6.124046340287e-02
 2.58780000e+00,        +1.414213562373e-01,        +1.838746108435e-01,        -6.120675362755e-02
 2.58800000e+00,        +1.414213562373e-01,        +1.837987071542e-01,        -6.117235223970e-02
 2.58820000e+00,        +1.414213562373e-01,        +1.837216519847e-01,        -6.113723474104e-02
 2.58840000e+00,        +1.414213562373e-01,        +1.836434076007e-01,        -6.110137545485e-02
 2.58860000e+00,        +1.414213562373e-01,        +1.835639345987e-01,        -6.106474745458e-02
 2.58880000e+00,        +1.414213562373e-01,        +1.834831918135e-01,        -6.102732248737e-02
 2.58900000e+00,        +1.414213562373e-01,        +1.834011362191e-01,        -6.098907089176e-02
 2.58920000e+00,        +1.414213562373e-01,        +1.833177228220e-01,        -6.094996150937e-02
 2.58940000e+00,        +1.414213562373e-01,        +1.832329045485e-01,        -6.090996158979e-02
 2.58960000e+00,        +1.414213562373e-01,        +1.831466321233e-01,        -6.086903668823e-02
 2.58980000e+00,        +1.414213562373e-01,        +1.830588539398e-01,        -6.082715055517e-02
 2.59000000e+00,        +1.414213562373e-01,        +1.829695159207e-01,        -6.078426501734e-02
 2.59020000e+00,        +1.414213562373e-01,        +1.828785613698e-01,        -6.074033984921e-02
 2.59040000e+00,        +1.414213562373e-01,        +1.827859308113e-01,        -6.069533263414e-02
 2.59060000e+00,        +1.414213562373e-01,        +1.826915618185e-01,        -6.064919861407e-02
 2.59080000e+00,        +1.414213562373e-01,        +1.825953888291e-01,        -6.060189052686e-02
 2.59100000e+00,        +1.414213562373e-01,        +1.824973429472e-01,        -6.055335842989e-02
 2.59120000e+00,        +1.414213562373e-01,        +1.823973517288e-01,        -6.050354950866e-02
 2.59140000e+00,        +1.414213562373e-01,        +1.822953389524e-01,        -6.045240786885e-02
 2.59160000e+00,        +1.414213562373e-01,        +1.821912243701e-01,        -6.039987431016e-02
 2.59180000e+00,        +1.414213562373e-01,        +1.820849234400e-01,        -6.034588608010e-02
 2.59200000e+00,        +1.414213562373e-01,        +1.819763470363e-01,        -6.029037660552e-02
 2.59220000e+00,        +1.414213562373e-01,        +1.818654011362e-01,        -6.023327519972e-02
 2.59240000e+00,        +1.414213562373e-01,        +1.817519864809e-01,        -6.017450674223e-02
 2.59260000e+00,        +1.414213562373e-01,        +1.816359982080e-01,        -6.011399132857e-02
 2.59280000e+00,        +1.414213562373e-01,        +1.815173254528e-01,        -6.005164388640e-02
 2.59300000e+00,        +1.414213562373e-01,        +1.813958509154e-01,        -5.998737375452e-02
 2.59320000e+00,        +1.414213562373e-01,        +1.812714503899e-01,        -5.992108422028e-02
 2.59340000e+00,        +1.414213562373e-01,        +1.811439922524e-01,        -5.985267201060e-02
 2.59360000e+00,        +1.414213562373e-01,        +1.810133369025e-01,        -5.978202673126e-02
 2.59380000e+00,        +1.414213562373e-01,        +1.808793361541e-01,        -5.970903024810e-02
 2.59400000e+00,        +1.414213562373e-01,        +1.807418325708e-01,        -5.963355600312e-02
 2.59420000e+00,        +1.414213562373e-01,        +1.806006587380e-01,        -5.955546825737e-02
 2.59440000e+00,        +1.414213562373e-01,        +1.804556364663e-01,        -5.947462125143e-02
 2.59460000e+00,        +1.414213562373e-01,        +1.803065759188e-01,        -5.939085827291e-02
 2.59480000e+00,        +1.414213562373e-01,        +1.801532746517e-01,        -5.930401061882e-02
 2.59500000e+00,        +1.414213562373e-01,        +1.799955165609e-01,        -5.921389643876e-02
 2.59520000e+00,        +1.414213562373e-01,        +1.798330707212e-01,        -5.912031944289e-02
 2.59540000e+00,        +1.414213562373e-01,        +1.796656901077e-01,        -5.902306745610e-02
 2.59560000e+00,        +1.414213562373e-01,        +1.794931101832e-01,        -5.892191079647e-02
 2.59580000e+00,        +1.414213562373e-01,        +1.793150473370e-01,        -5.881660045329e-02
 2.59600000e+00,        +1.414213562373e-01,        +1.791311971557e-01,        -5.870686603494e-02
 2.59620000e+00,        +1.414213562373e-01,        +1.789412325052e-01,        -5.859241345266e-02
 2.59640000e+00,        +1.414213562373e-01,        +1.787448014008e-01,        -5.847292229995e-02
 2.59660000e+00,        +1.414213562373e-01,        +1.785415246356e-01,        -5.834804288031e-02
 2.59680000e+00,        +1.414213562373e-01,        +1.783309931394e-01,        -5.821739282778e-02
 2.59700000e+00,        +1.414213562373e-01,        +1.781127650280e-01,        -5.808055325416e-02
 2.59720000e+00,        +1.414213562373e-01,        +1.778863623046e-01,        -5.793706434479e-02
 2.59740000e+00,        +1.414213562373e-01,        +1.776512671631e-01,        -5.778642030952e-02
 2.59760000e+00,        +1.414213562373e-01,        +1.774069178405e-01,        -5.762806357734e-02
 2.59780000e+00,        +1.414213562373e-01,        +1.771527039521e-01,        -5.746137810067e-02
 2.59800000e+00,        +1.414213562373e-01,        +1.768879612383e-01,        -5.728568160790e-02
 2.59820000e+00,        +1.414213562373e-01,        +1.766119656361e-01,        -5.710021660890e-02
 2.59840000e+00,        +1.414213562373e-01,        +1.763239265783e-01,        -5.690413991572e-02
 2.59860000e+00,        +1.414213562373e-01,        +1.760229794048e-01,        -5.669651038888e-02
 2.59880000e+00,        +1.414213562373e-01,        +1.757081767542e-01,        -5.647627455328e-02
 2.59900000e+00,        +1.414213562373e-01,        +1.753784787842e-01,        -5.624224964546e-02
 2.59920000e+00,        +1.414213562373e-01,        +1.750327420419e-01,        -5.599310354902e-02
 2.59940000e+00,        +1.414213562373e-01,        +1.746697067832e-01,        -5.572733094144e-02
 2.59960000e+00,        +1.414213562373e-01,        +1.742879825061e-01,        -5.544322480510e-02
 2.59980000e+00,        +1.414213562373e-01,        +1.738860314357e-01,        -5.513884223447e-02
 2.60000000e+00,        +1.414213562373e-01,        +1.734621496607e-01,        -5.481196318602e-02
 2.60020000e+00,        +1.414213562373e-01,        +1.730144455925e-01,        -5.446004044382e-02
 2.60040000e+00,        +1.414213562373e-01,        +1.725408153915e-01,        -5.408013858228e-02
 2.60060000e+00,        +1.414213562373e-01,        +1.720389149927e-01,        -5.366885905613e-02
 2.60080000e+00,        +1.414213562373e-01,        +1.715061283768e-01,        -5.322224767670e-02
 2.60100000e+00,        +1.414213562373e-01,        +1.709395318041e-01,        -5.273567956019e-02
 2.60120000e+00,        +1.414213562373e-01,        +1.703358538785e-01,        -5.220371503829e-02
 2.60140000e+00,        +1.414213562373e-01,        +1.696914316256e-01,        -5.161991783299e-02
 2.60160000e+00,        +1.414213562373e-01,        +1.690021633463e-01,        -5.097662376564e-02
 2.60180000e+00,        +1.414213562373e-01,        +1.682634600364e-01,        -5.026464402861e-02
 2.60200000e+00,        +1.414213562373e-01,        +1.674701989701e-01,        -4.947288104818e-02
 2.60220000e+00,        +1.414213562373e-01,        +1.666166861685e-01,        -4.858782638653e-02
 2.60240000e+00,        +1.414213562373e-01,        +1.656966398761e-01,        -4.759289770862e-02
 2.60260000e+00,        +1.414213562373e-01,        +1.647032165365e-01,        -4.646755362278e-02
 2.60280000e+00,        +1.414213562373e-01,        +1.636291171231e-01,        -4.518609810041e-02
 2.60300000e+00,        +1.414213562373e-01,        +1.624668405943e-01,        -4.371604517392e-02
 2.60320000e+00,        +1.414213562373e-01,        +1.612092031157e-01,        -4.201585124249e-02
 2.60340000e+00,        +1.414213562373e-01,        +1.598503366620e-01,        -4.003172141007e-02
 2.60360000e+00,        +1.414213562373e-01,        +1.583875593290e-01,        -3.769302768673e-02
 2.60380000e+00,        +1.414213562373e-01,        +1.568248601071e-01,        -3.490557020913e-02
 2.60400000e+00,        +1.414213562373e-01,        +1.551794781911e-01,        -3.154126299745e-02
 2.60420000e+00,        +1.414213562373e-01,        +1.534948429913e-01,        -2.742106365990e-02
 2.60440000e+00,        +1.414213562373e-01,        +1.518689895346e-01,        -2.228129676156e-02
 2.60460000e+00,        +1.414213562373e-01,        +1.505420463474e-01,        -1.567624849098e-02
 2.60480000e+00,        +1.414213562373e-01,        +1.506526769384e-01,        -6.482968375759e-03
 2.60500000e+00,        +1.414213562373e-01,        +1.534298651157e-01,        -3.274562001293e-03
 2.60520000e+00,        +1.414213562373e-01,        +1.522511506432e-01,        +1.057079675812e-02
 2.60540000e+00,        +1.414213562373e-01,        +1.582030126917e-01,        +2.568189736351e-02
 2.60560000e+00,        +1.414213562373e-01,        +1.710133944370e-01,        +4.141777928960e-02
 2.60580000e+00,        +1.414213562373e-01,        +1.928496079291e-01,        +5.391444849894e-02
 2.60600000e+00,        +1.414213562373e-01,        +2.222259629205e-01,        +5.625941646794e-02
 2.60620000e+00,        +1.414213562373e-01,        +2.509083890072e-01,        +4.380093018156e-02
 2.60640000e+00,        +1.414213562373e-01,        +2.692671133049e-01,        +2.070714687033e-02
 2.60660000e+00,        +1.414213562373e-01,        +2.750638079169e-01,        -3.784288406513e-03
 2.60680000e+00,        +1.414213562373e-01,        +2.724286757835e-01,        -2.379245822482e-02
 2.60700000e+00,        +1.414213562373e-01,        +2.660191222859e-01,        -3.820821075089e-02
 2.60720000e+00,        +1.414213562373e-01,        +2.586430480151e-01,        -4.806353059953e-02
 2.60740000e+00,        +1.414213562373e-01,        +2.515641002545e-01,        -5.469617077055e-02
 2.60760000e+00,        +1.414213562373e-01,        +2.452231263193e-01,        -5.916428199819e-02
 2.60780000e+00,        +1.414213562373e-01,        +2.396992906928e-01,        -6.219607137017e-02
 2.60800000e+00,        +1.414213562373e-01,        +2.349341831748e-01,        -6.427015560215e-02
 2.60820000e+00,        +1.414213562373e-01,        +2.308285387457e-01,        -6.569803124903e-02
 2.60840000e+00,        +1.414213562373e-01,        +2.272805425542e-01,        -6.668360663269e-02
 2.60860000e+00,        +1.414213562373e-01,        +2.241991728829e-01,        -6.736204710827e-02
 2.60880000e+00,        +1.414213562373e-01,        +2.215074091035e-01,        -6.782431652976e-02
 2.60900000e+00,        +1.414213562373e-01,        +2.191416181738e-01,        -6.813260001078e-02
 2.60920000e+00,        +1.414213562373e-01,        +2.170497298325e-01,        -6.833006175880e-02
 2.60940000e+00,        +1.414213562373e-01,        +2.151892328724e-01,        -6.844709499199e-02
 2.60960000e+00,        +1.414213562373e-01,        +2.135253631286e-01,        -6.850538409952e-02
 2.60980000e+00,        +1.414213562373e-01,        +2.120295834902e-01,        -6.852058588358e-02
 2.61000000e+00,        +1.414213562373e-01,        +2.106783520481e-01,        -6.850412669032e-02
 2.61020000e+00,        +1.414213562373e-01,        +2.094521398054e-01,        -6.846442495822e-02
 2.61040000e+00,        +1.414213562373e-01,        +2.083346527135e-01,        -6.840773470374e-02
 2.61060000e+00,        +1.414213562373e-01,        +2.073122165209e-01,        -6.833873525383e-02
 2.61080000e+00,        +1.414213562373e-01,        +2.063732896673e-01,        -6.826094871667e-02
 2.61100000e+00,        +1.414213562373e-01,        +2.055080763253e-01,        -6.817703894816e-02
 2.61120000e+00,        +1.414213562373e-01,        +2.047082176804e-01,        -6.808902796762e-02
 2.61140000e+00,        +1.414213562373e-01,        +2.039665444201e-01,        -6.799845418703e-02
 2.61160000e+00,        +1.414213562373e-01,        +2.032768772589e-01,        -6.790648917161e-02
 2.61180000e+00,        +1.414213562373e-01,        +2.026338653130e-01,        -6.781402453897e-02
 2.61200000e+00,        +1.414213562373e-01,        +2.020328544344e-01,        -6.772173714633e-02
 2.61220000e+00,        +1.414213562373e-01,        +2.014697793822e-01,        -6.763013834764e-02
 2.61240000e+00,        +1.414213562373e-01,        +2.009410750501e-01,        -6.753961146343e-02
 2.61260000e+00,        +1.414213562373e-01,        +2.004436030147e-01,        -6.745044045989e-02
 2.61280000e+00,        +1.414213562373e-01,        +1.999745904574e-01,        -6.736283202318e-02
 2.61300000e+00,        +1.414213562373e-01,        +1.995315791376e-01,        -6.727693263710e-02
 2.61320000e+00,        +1.414213562373e-01,        +1.991123825644e-01,        -6.719284185641e-02
 2.61340000e+00,        +1.414213562373e-01,        +1.987150498941e-01,        -6.711062266617e-02
 2.61360000e+00,        +1.414213562373e-01,        +1.983378353668e-01,        -6.703030959649e-02
 2.61380000e+00,        +1.414213562373e-01,        +1.979791723273e-01,        -6.695191509947e-02
 2.61400000e+00,        +1.414213562373e-01,        +1.976376510575e-01,        -6.687543457415e-02
 2.61420000e+00,        +1.414213562373e-01,        +1.973119997888e-01,        -6.680085033487e-02
 2.61440000e+00,        +1.414213562373e-01,        +1.970010683816e-01,        -6.672813475067e-02
 2.61460000e+00,        +1.414213562373e-01,        +1.967038142472e-01,        -6.665725273167e-02
 2.61480000e+00,        +1.414213562373e-01,        +1.964192901653e-01,        -6.658816369941e-02
 2.61500000e+00,        +1.414213562373e-01,        +1.961466337074e-01,        -6.652082314819e-02
 2.61520000e+00,        +1.414213562373e-01,        +1.958850580264e-01,        -6.645518388103e-02
 2.61540000e+00,        +1.414213562373e-01,        +1.956338438130e-01,        -6.639119698660e-02
 2.61560000e+00,        +1.414213562373e-01,        +1.953923322506e-01,        -6.632881260911e-02
 2.61580000e+00,        +1.414213562373e-01,        +1.951599188286e-01,        -6.626798055272e-02
 2.61600000e+00,        +1.414213562373e-01,        +1.949360478944e-01,        -6.620865075327e-02
 2.61620000e+00,        +1.414213562373e-01,        +1.947202078450e-01,        -6.615077364373e-02
 2.61640000e+00,        +1.414213562373e-01,        +1.945119268719e-01,        -6.609430043432e-02
 2.61660000e+00,        +1.414213562373e-01,        +1.943107691871e-01,        -6.603918332422e-02
 2.61680000e+00,        +1.414213562373e-01,        +1.941163316684e-01,        -6.598537565838e-02
 2.61700000e+00,        +1.414213562373e-01,        +1.939282408709e-01,        -6.593283204037e-02
 2.61720000e+00,        +1.414213562373e-01,        +1.937461503587e-01,        -6.588150841010e-02
 2.61740000e+00,        +1.414213562373e-01,        +1.935697383188e-01,        -6.583136209344e-02
 2.61760000e+00,        +1.414213562373e-01,        +1.933987054212e-01,        -6.578235182964e-02
 2.61780000e+00,        +1.414213562373e-01,        +1.932327728988e-01,        -6.573443778100e-02
 2.61800000e+00,        +1.414213562373e-01,        +1.930716808185e-01,        -6.568758152879e-02
 2.61820000e+00,        +1.414213562373e-01,        +1.929151865241e-01,        -6.564174605832e-02
 2.61840000e+00,        +1.414213562373e-01,        +1.927630632301e-01,        -6.559689573565e-02
 2.61860000e+00,        +1.414213562373e-01,        +1.926150987504e-01,        -6.555299627806e-02
 2.61880000e+00,        +1.414213562373e-01,        +1.924710943462e-01,        -6.551001471969e-02
 2.61900000e+00,        +1.414213562373e-01,        +1.923308636819e-01,        -6.546791937393e-02
 2.61920000e+00,        +1.414213562373e-01,        +1.921942318755e-01,        -6.542667979331e-02
 2.61940000e+00,        +1.414213562373e-01,        +1.920610346351e-01,        -6.538626672802e-02
 2.61960000e+00,        +1.414213562373e-01,        +1.919311174717e-01,        -6.534665208351e-02
 2.61980000e+00,        +1.414213562373e-01,        +1.918043349820e-01,        -6.530780887786e-02
 2.62000000e+00,        +1.414213562373e-01,        +1.916805501914e-01,        -6.526971119926e-02
 2.62020000e+00,        +1.414213562373e-01,        +1.915596339546e-01,        -6.523233416396e-02
 2.62040000e+00,        +1.414213562373e-01,        +1.914414644053e-01,        -6.519565387495e-02
 2.62060000e+00,        +1.414213562373e-01,        +1.913259264527e-01,        -6.515964738156e-02
 2.62080000e+00,        +1.414213562373e-01,        +1.912129113175e-01,        -6.512429264016e-02
 2.62100000e+00,        +1.414213562373e-01,        +1.911023161074e-01,        -6.508956847594e-02
 2.62120000e+00,        +1.414213562373e-01,        +1.909940434243e-01,        -6.505545454609e-02
 2.62140000e+00,        +1.414213562373e-01,        +1.908880010042e-01,        -6.502193130409e-02
 2.62160000e+00,        +1.414213562373e-01,        +1.907841013836e-01,        -6.498897996552e-02
 2.62180000e+00,        +1.414213562373e-01,        +1.906822615926e-01,        -6.495658247499e-02
 2.62200000e+00,        +1.414213562373e-01,        +1.905824028703e-01,        -6.492472147461e-02
 2.62220000e+00,        +1.414213562373e-01,        +1.904844504021e-01,        -6.489338027355e-02
 2.62240000e+00,        +1.414213562373e-01,        +1.903883330762e-01,        -6.486254281907e-02
 2.62260000e+00,        +1.414213562373e-01,        +1.902939832578e-01,        -6.483219366873e-02
 2.62280000e+00,        +1.414213562373e-01,        +1.902013365798e-01,        -6.480231796377e-02
 2.62300000e+00,        +1.414213562373e-01,        +1.901103317479e-01,        -6.477290140377e-02
 2.62320000e+00,        +1.414213562373e-01,        +1.900209103602e-01,        -6.474393022240e-02
 2.62340000e+00,        +1.414213562373e-01,        +1.899330167388e-01,        -6.471539116426e-02
 2.62360000e+00,        +1.414213562373e-01,        +1.898465977730e-01,        -6.468727146287e-02
 2.62380000e+00,        +1.414213562373e-01,        +1.897616027735e-01,        -6.465955881952e-02
 2.62400000e+00,        +1.414213562373e-01,        +1.896779833363e-01,        -6.463224138326e-02
 2.62420000e+00,        +1.414213562373e-01,        +1.895956932155e-01,        -6.460530773170e-02
 2.62440000e+00,        +1.414213562373e-01,        +1.895146882045e-01,        -6.457874685278e-02
 2.62460000e+00,        +1.414213562373e-01,        +1.894349260252e-01,        -6.455254812735e-02
 2.62480000e+00,        +1.414213562373e-01,        +1.893563662241e-01,        -6.452670131258e-02
 2.62500000e+00,        +1.414213562373e-01,        +1.892789700751e-01,        -6.450119652614e-02
 2.62520000e+00,        +1.414213562373e-01,        +1.892027004884e-01,        -6.447602423111e-02
 2.62540000e+00,        +1.414213562373e-01,        +1.891275219252e-01,        -6.445117522162e-02
 2.62560000e+00,        +1.414213562373e-01,        +1.890534003177e-01,        -6.442664060913e-02
 2.62580000e+00,        +1.414213562373e-01,        +1.889803029937e-01,        -6.440241180933e-02
 2.62600000e+00,        +1.414213562373e-01,        +1.889081986059e-01,        -6.437848052973e-02
 2.62620000e+00,        +1.414213562373e-01,        +1.888370570660e-01,        -6.435483875775e-02
 2.62640000e+00,        +1.414213562373e-01,        +1.887668494818e-01,        -6.433147874934e-02
 2.62660000e+00,        +1.414213562373e-01,        +1.886975480984e-01,        -6.430839301822e-02
 2.62680000e+00,        +1.414213562373e-01,        +1.886291262434e-01,        -6.428557432551e-02
 2.62700000e+00,        +1.414213562373e-01,        +1.885615582739e-01,        -6.426301566990e-02
 2.62720000e+00,        +1.414213562373e-01,        +1.884948195283e-01,        -6.424071027825e-02
 2.62740000e+00,        +1.414213562373e-01,        +1.884288862792e-01,        -6.421865159658e-02
 2.62760000e+00,        +1.414213562373e-01,        +1.883637356898e-01,        -6.419683328153e-02
 2.62780000e+00,        +1.414213562373e-01,        +1.882993457727e-01,        -6.417524919215e-02
 2.62800000e+00,        +1.414213562373e-01,        +1.882356953507e-01,        -6.415389338208e-02
 2.62820000e+00,        +1.414213562373e-01,        +1.881727640202e-01,        -6.413276009210e-02
 2.62840000e+00,        +1.414213562373e-01,        +1.881105321156e-01,        -6.411184374292e-02
 2.62860000e+00,        +1.414213562373e-01,        +1.880489806769e-01,        -6.409113892843e-02
 2.62880000e+00,        +1.414213562373e-01,        +1.879880914180e-01,        -6.407064040911e-02
 2.62900000e+00,        +1.414213562373e-01,        +1.879278466974e-01,        -6.405034310582e-02
 2.62920000e+00,        +1.414213562373e-01,        +1.878682294896e-01,        -6.403024209380e-02
 2.62940000e+00,        +1.414213562373e-01,        +1.878092233591e-01,        -6.401033259697e-02
 2.62960000e+00,        +1.414213562373e-01,        +1.877508124344e-01,        -6.399060998246e-02
 2.62980000e+00,        +1.414213562373e-01,        +1.876929813848e-01,        -6.397106975536e-02
 2.63000000e+00,        +1.414213562373e-01,        +1.876357153968e-01,        -6.395170755371e-02
 2.63020000e+00,        +1.414213562373e-01,        +1.875790001532e-01,        -6.393251914373e-02
 2.63040000e+00,        +1.414213562373e-01,        +1.875228218120e-01,        -6.391350041514e-02
 2.63060000e+00,        +1.414213562373e-01,        +1.874671669874e-01,        -6.389464737684e-02
 2.63080000e+00,        +1.414213562373e-01,        +1.874120227304e-01,        -6.387595615264e-02
 2.63100000e+00,        +1.414213562373e-01,        +1.873573765121e-01,        -6.385742297721e-02
 2.63120000e+00,        +1.414213562373e-01,        +1.873032162060e-01,        -6.383904419220e-02
 2.63140000e+00,        +1.414213562373e-01,        +1.872495300725e-01,        -6.382081624254e-02
 2.63160000e+00,        +1.414213562373e-01,        +1.871963067433e-01,        -6.380273567282e-02
 2.63180000e+00,        +1.414213562373e-01,        +1.871435352072e-01,        -6.378479912392e-02
 2.63200000e+00,        +1.414213562373e-01,        +1.870912047958e-01,        -6.376700332966e-02
 2.63220000e+00,        +1.414213562373e-01,        +1.870393051706e-01,        -6.374934511368e-02
 2.63240000e+00,        +1.414213562373e-01,        +1.869878263103e-01,        -6.373182138641e-02
 2.63260000e+00,        +1.414213562373e-01,        +1.869367584985e-01,        -6.371442914212e-02
 2.63280000e+00,        +1.414213562373e-01,        +1.868860923125e-01,        -6.369716545617e-02
 2.63300000e+00,        +1.414213562373e-01,        +1.868358186121e-01,        -6.368002748228e-02
 2.63320000e+00,        +1.414213562373e-01,        +1.867859285294e-01,        -6.366301244999e-02
 2.63340000e+00,        +1.414213562373e-01,        +1.867364134584e-01,        -6.364611766211e-02
 2.63360000e+00,        +1.414213562373e-01,        +1.866872650454e-01,        -6.362934049241e-02
 2.63380000e+00,        +1.414213562373e-01,        +1.866384751803e-01,        -6.361267838326e-02
 2.63400000e+00,        +1.414213562373e-01,        +1.865900359873e-01,        -6.359612884346e-02
 2.63420000e+00,        +1.414213562373e-01,        +1.865419398166e-01,        -6.357968944610e-02
 2.63440000e+00,        +1.414213562373e-01,        +1.864941792366e-01,        -6.356335782652e-02
 2.63460000e+00,        +1.414213562373e-01,        +1.864467470260e-01,        -6.354713168031e-02
 2.63480000e+00,        +1.414213562373e-01,        +1.863996361665e-01,        -6.353100876147e-02
 2.63500000e+00,        +1.414213562373e-01,        +1.863528398356e-01,        -6.351498688054e-02
 2.63520000e+00,        +1.414213562373e-01,        +1.863063513999e-01,        -6.349906390286e-02
 2.63540000e+00,        +1.414213562373e-01,        +1.862601644087e-01,        -6.348323774688e-02
 2.63560000e+00,        +1.414213562373e-01,        +1.862142725876e-01,        -6.346750638250e-02
 2.63580000e+00,        +1.414213562373e-01,        +1.861686698326e-01,        -6.345186782954e-02
 2.63600000e+00,        +1.414213562373e-01,        +1.861233502043e-01,        -6.343632015620e-02
 2.63620000e+00,        +1.414213562373e-01,        +1.860783079226e-01,        -6.342086147758e-02
 2.63640000e+00,        +1.414213562373e-01,        +1.860335373612e-01,        -6.340548995432e-02
 2.63660000e+00,        +1.414213562373e-01,        +1.859890330425e-01,        -6.339020379118e-02
 2.63680000e+00,        +1.414213562373e-01,        +1.859447896328e-01,        -6.337500123578e-02
 2.63700000e+00,        +1.414213562373e-01,        +1.859008019377e-01,        -6.335988057732e-02
 2.63720000e+00,        +1.414213562373e-01,        +1.858570648974e-01,        -6.334484014533e-02
 2.63740000e+00,        +1.414213562373e-01,        +1.858135735827e-01,        -6.332987830851e-02
 2.63760000e+00,        +1.414213562373e-01,        +1.857703231903e-01,        -6.331499347363e-02
 2.63780000e+00,        +1.414213562373e-01,        +1.857273090393e-01,        -6.330018408435e-02
 2.63800000e+00,        +1.414213562373e-01,        +1.856845265669e-01,        -6.328544862024e-02
 2.63820000e+00,        +1.414213562373e-01,        +1.856419713254e-01,        -6.327078559570e-02
 2.63840000e+00,        +1.414213562373e-01,        +1.855996389776e-01,        -6.325619355899e-02
 2.63860000e+00,        +1.414213562373e-01,        +1.855575252942e-01,        -6.324167109126e-02
 2.63880000e+00,        +1.414213562373e-01,        +1.855156261502e-01,        -6.322721680565e-02
 2.63900000e+00,        +1.414213562373e-01,        +1.854739375218e-01,        -6.321282934637e-02
 2.63920000e+00,        +1.414213562373e-01,        +1.854324554829e-01,        -6.319850738784e-02
 2.63940000e+00,        +1.414213562373e-01,        +1.853911762028e-01,        -6.318424963387e-02
 2.63960000e+00,        +1.414213562373e-01,        +1.853500959430e-01,        -6.317005481683e-02
 2.63980000e+00,        +1.414213562373e-01,        +1.853092110541e-01,        -6.315592169687e-02
 2.64000000e+00,        +1.414213562373e-01,        +1.852685179740e-01,        -6.314184906118e-02
 2.64020000e+00,        +1.414213562373e-01,        +1.852280132245e-01,        -6.312783572324e-02
 2.64040000e+00,        +1.414213562373e-01,        +1.851876934093e-01,        -6.311388052211e-02
 2.64060000e+00,        +1.414213562373e-01,        +1.851475552114e-01,        -6.309998232175e-02
 2.64080000e+00,        +1.414213562373e-01,        +1.851075953910e-01,        -6.308614001037e-02
 2.64100000e+00,        +1.414213562373e-01,        +1.850678107832e-01,        -6.307235249975e-02
 2.64120000e+00,        +1.414213562373e-01,        +1.850281982955e-01,        -6.305861872466e-02
 2.64140000e+00,        +1.414213562373e-01,        +1.849887549065e-01,        -6.304493764220e-02
 2.64160000e+00,        +1.414213562373e-01,        +1.849494776629e-01,        -6.303130823127e-02
 2.64180000e+00,        +1.414213562373e-01,        +1.849103636787e-01,        -6.301772949199e-02
 2.64200000e+00,        +1.414213562373e-01,        +1.848714101322e-01,        -6.300420044512e-02
 2.64220000e+00,        +1.414213562373e-01,        +1.848326142650e-01,        -6.299072013156e-02
 2.64240000e+00,        +1.414213562373e-01,        +1.847939733800e-01,        -6.297728761182e-02
 2.64260000e+00,        +1.414213562373e-01,        +1.847554848395e-01,        -6.296390196552e-02
 2.64280000e+00,        +1.414213562373e-01,        +1.847171460640e-01,        -6.295056229092e-02
 2.64300000e+00,        +1.414213562373e-01,        +1.846789545302e-01,        -6.293726770442e-02
 2.64320000e+00,        +1.414213562373e-01,        +1.846409077696e-01,        -6.292401734012e-02
 2.64340000e+00,        +1.414213562373e-01,        +1.846030033673e-01,        -6.291081034938e-02
 2.64360000e+00,        +1.414213562373e-01,        +1.845652389600e-01,        -6.289764590040e-02
 2.64380000e+00,        +1.414213562373e-01,        +1.845276122354e-01,        -6.288452317776e-02
 2.64400000e+00,        +1.414213562373e-01,        +1.844901209299e-01,        -6.287144138207e-02
 2.64420000e+00,        +1.414213562373e-01,        +1.844527628281e-01,        -6.285839972954e-02
 2.64440000e+00,        +1.414213562373e-01,        +1.844155357613e-01,        -6.284539745160e-02
 2.64460000e+00,        +1.414213562373e-01,        +1.843784376060e-01,        -6.283243379457e-02
 2.64480000e+00,        +1.414213562373e-01,        +1.843414662832e-01,        -6.281950801924e-02
 2.64500000e+00,        +1.414213562373e-01,        +1.843046197568e-01,        -6.280661940056e-02
 2.64520000e+00,        +1.414213562373e-01,        +1.842678960328e-01,        -6.279376722730e-02
 2.64540000e+00,        +1.414213562373e-01,        +1.842312931580e-01,        -6.278095080169e-02
 2.64560000e+00,        +1.414213562373e-01,        +1.841948092193e-01,        -6.276816943914e-02
 2.64580000e+00,        +1.414213562373e-01,        +1.841584423423e-01,        -6.275542246790e-02
 2.64600000e+00,        +1.414213562373e-01,        +1.841221906905e-01,        -6.274270922877e-02
 2.64620000e+00,        +1.414213562373e-01,        +1.840860524643e-01,        -6.273002907480e-02
 2.64640000e+00,        +1.414213562373e-01,        +1.840500259003e-01,        -6.271738137101e-02
 2.64660000e+00,        +1.414213562373e-01,        +1.840141092700e-01,        -6.270476549411e-02
 2.64680000e+00,        +1.414213562373e-01,        +1.839783008793e-01,        -6.269218083221e-02
 2.64700000e+00,        +1.414213562373e-01,        +1.839425990674e-01,        -6.267962678462e-02
 2.64720000e+00,        +1.414213562373e-01,        +1.839070022062e-01,        -6.266710276149e-02
 2.64740000e+00,        +1.414213562373e-01,        +1.838715086994e-01,        -6.265460818368e-02
 2.64760000e+00,        +1.414213562373e-01,        +1.838361169816e-01,        -6.264214248241e-02
 2.64780000e+00,        +1.414213562373e-01,        +1.838008255178e-01,        -6.262970509911e-02
 2.64800000e+00,        +1.414213562373e-01,        +1.837656328025e-01,        -6.261729548512e-02
 2.64820000e+00,        +1.414213562373e-01,        +1.837305373590e-01,        -6.260491310155e-02
 2.64840000e+00,        +1.414213562373e-01,        +1.836955377389e-01,        -6.259255741897e-02
 2.64860000e+00,        +1.414213562373e-01,        +1.836606325212e-01,        -6.258022791726e-02
 2.64880000e+00,        +1.414213562373e-01,        +1.836258203118e-01,        -6.256792408540e-02
 2.64900000e+00,        +1.414213562373e-01,        +1.835910997427e-01,        -6.255564542123e-02
 2.64920000e+00,        +1.414213562373e-01,        +1.835564694716e-01,        -6.254339143131e-02
 2.64940000e+00,        +1.414213562373e-01,        +1.835219281813e-01,        -6.253116163068e-02
 2.64960000e+00,        +1.414213562373e-01,        +1.834874745788e-01,        -6.251895554273e-02
 2.64980000e+00,        +1.414213562373e-01,        +1.834531073952e-01,        -6.250677269894e-02
 2.65000000e+00,        +1.414213562373e-01,        +1.834188253848e-01,        -6.249461263880e-02
